_Cell,Seq,Chan,Fun,Hxf,Save2Mix,Notes,MxAdd,Shex,MxDatS,MxDat,sAdd,sCon,dAdd,dCon,Function,FunX,ShFunction,ShFunX,Table,ShTable,SigmaKey,Sigma,DspI2c,DspSpi,DspPage,DspAdd,DspAddHex,Checked,DefStr,Type,Neutral,RampProfile,RampMode,RampUpMs,RampDownMs,RampCurve,RampScope
Aux001Mtr001,1,1,1,,false,Aux output level meter,1,i,80,,,,,,,,Chan_Mtr,,,,,,,2,1,1817,0x0719,,,,-,,Instant,0,0,Linear,Scalar
Aux002Mtr001,1,2,1,,false,Aux output level meter,2,j,80,,,,,,,,Chan_Mtr,,,,,,,2,1,1818,0x071A,,,,-,,Instant,0,0,Linear,Scalar
Aux003Mtr001,1,3,1,,false,Aux output level meter,3,k,80,,,,,,,,Chan_Mtr,,,,,,,2,1,1819,0x071B,,,,-,,Instant,0,0,Linear,Scalar
Aux004Mtr001,1,4,1,,false,Aux output level meter,4,l,80,,,,,,,,Chan_Mtr,,,,,,,2,1,1820,0x071C,,,,-,,Instant,0,0,Linear,Scalar
Aux005Mtr001,1,5,1,,false,Aux output level meter,5,m,80,,,,,,,,Chan_Mtr,,,,,,,2,1,1821,0x071D,,,,-,,Instant,0,0,Linear,Scalar
Aux006Mtr001,1,6,1,,false,Aux output level meter,6,n,80,,,,,,,,Chan_Mtr,,,,,,,2,1,1822,0x071E,,,,-,,Instant,0,0,Linear,Scalar
Aux007Mtr001,1,7,1,,false,Aux output level meter,7,o,80,,,,,,,,Chan_Mtr,,,,,,,2,1,1823,0x071F,,,,-,,Instant,0,0,Linear,Scalar
Aux008Mtr001,1,8,1,,false,Aux output level meter,8,p,80,,,,,,,,Chan_Mtr,,,,,,,2,1,1824,0x0720,,,,-,,Instant,0,0,Linear,Scalar
Chan001Mtr001,1,1,1,,false,Channel input level meter (pre/post),9,q,80,,,,,,,,Chan_Mtr,,,,,,,1,1,4608,0x1200,,,,-,,Instant,0,0,Linear,Scalar
Chan001Mtr002,1,1,2,,false,Channel input level meter (pre/post),10,r,80,,,,,,,,Chan_Mtr,,,,,,,1,1,4609,0x1201,,,,-,,Instant,0,0,Linear,Scalar
Chan002Mtr001,1,2,1,,false,Channel input level meter (pre/post),11,s,80,,,,,,,,Chan_Mtr,,,,,,,1,1,4612,0x1204,,,,-,,Instant,0,0,Linear,Scalar
Chan002Mtr002,1,2,2,,false,Channel input level meter (pre/post),12,t,80,,,,,,,,Chan_Mtr,,,,,,,1,1,4613,0x1205,,,,-,,Instant,0,0,Linear,Scalar
Chan003Mtr001,1,3,1,,false,Channel input level meter (pre/post),13,u,80,,,,,,,,Chan_Mtr,,,,,,,1,1,4616,0x1208,,,,-,,Instant,0,0,Linear,Scalar
Chan003Mtr002,1,3,2,,false,Channel input level meter (pre/post),14,v,80,,,,,,,,Chan_Mtr,,,,,,,1,1,4617,0x1209,,,,-,,Instant,0,0,Linear,Scalar
Chan004Mtr001,1,4,1,,false,Channel input level meter (pre/post),15,w,80,,,,,,,,Chan_Mtr,,,,,,,1,1,4620,0x120C,,,,-,,Instant,0,0,Linear,Scalar
Chan004Mtr002,1,4,2,,false,Channel input level meter (pre/post),16,ih,80,,,,,,,,Chan_Mtr,,,,,,,1,1,4621,0x120D,,,,-,,Instant,0,0,Linear,Scalar
Chan005Mtr001,1,5,1,,false,Channel input level meter (pre/post),17,ii,80,,,,,,,,Chan_Mtr,,,,,,,1,1,4624,0x1210,,,,-,,Instant,0,0,Linear,Scalar
Chan005Mtr002,1,5,2,,false,Channel input level meter (pre/post),18,ij,80,,,,,,,,Chan_Mtr,,,,,,,1,1,4625,0x1211,,,,-,,Instant,0,0,Linear,Scalar
Chan006Mtr001,1,6,1,,false,Channel input level meter (pre/post),19,ik,80,,,,,,,,Chan_Mtr,,,,,,,1,1,4628,0x1214,,,,-,,Instant,0,0,Linear,Scalar
Chan006Mtr002,1,6,2,,false,Channel input level meter (pre/post),20,il,80,,,,,,,,Chan_Mtr,,,,,,,1,1,4629,0x1215,,,,-,,Instant,0,0,Linear,Scalar
Chan007Mtr001,1,7,1,,false,Channel input level meter (pre/post),21,im,80,,,,,,,,Chan_Mtr,,,,,,,1,1,4632,0x1218,,,,-,,Instant,0,0,Linear,Scalar
Chan007Mtr002,1,7,2,,false,Channel input level meter (pre/post),22,in,80,,,,,,,,Chan_Mtr,,,,,,,1,1,4633,0x1219,,,,-,,Instant,0,0,Linear,Scalar
Chan008Mtr001,1,8,1,,false,Channel input level meter (pre/post),23,io,80,,,,,,,,Chan_Mtr,,,,,,,1,1,4636,0x121C,,,,-,,Instant,0,0,Linear,Scalar
Chan008Mtr002,1,8,2,,false,Channel input level meter (pre/post),24,ip,80,,,,,,,,Chan_Mtr,,,,,,,1,1,4637,0x121D,,,,-,,Instant,0,0,Linear,Scalar
Chan009Mtr001,1,9,1,,false,Channel input level meter (pre/post),25,iq,80,,,,,,,,Chan_Mtr,,,,,,,1,1,4640,0x1220,,,,-,,Instant,0,0,Linear,Scalar
Chan009Mtr002,1,9,2,,false,Channel input level meter (pre/post),26,ir,80,,,,,,,,Chan_Mtr,,,,,,,1,1,4641,0x1221,,,,-,,Instant,0,0,Linear,Scalar
Chan010Mtr001,1,10,1,,false,Channel input level meter (pre/post),27,is,80,,,,,,,,Chan_Mtr,,,,,,,1,1,4644,0x1224,,,,-,,Instant,0,0,Linear,Scalar
Chan010Mtr002,1,10,2,,false,Channel input level meter (pre/post),28,it,80,,,,,,,,Chan_Mtr,,,,,,,1,1,4645,0x1225,,,,-,,Instant,0,0,Linear,Scalar
Chan011Mtr001,1,11,1,,false,Channel input level meter (pre/post),29,iu,80,,,,,,,,Chan_Mtr,,,,,,,1,1,4648,0x1228,,,,-,,Instant,0,0,Linear,Scalar
Chan011Mtr002,1,11,2,,false,Channel input level meter (pre/post),30,iv,80,,,,,,,,Chan_Mtr,,,,,,,1,1,4649,0x1229,,,,-,,Instant,0,0,Linear,Scalar
Chan012Mtr001,1,12,1,,false,Channel input level meter (pre/post),31,iw,80,,,,,,,,Chan_Mtr,,,,,,,1,1,4652,0x122C,,,,-,,Instant,0,0,Linear,Scalar
Chan012Mtr002,1,12,2,,false,Channel input level meter (pre/post),32,jh,80,,,,,,,,Chan_Mtr,,,,,,,1,1,4653,0x122D,,,,-,,Instant,0,0,Linear,Scalar
Chan013Mtr001,1,13,1,,false,Channel input level meter (pre/post),33,ji,80,,,,,,,,Chan_Mtr,,,,,,,1,1,4656,0x1230,,,,-,,Instant,0,0,Linear,Scalar
Chan013Mtr002,1,13,2,,false,Channel input level meter (pre/post),34,jj,80,,,,,,,,Chan_Mtr,,,,,,,1,1,4657,0x1231,,,,-,,Instant,0,0,Linear,Scalar
Chan014Mtr001,1,14,1,,false,Channel input level meter (pre/post),35,jk,80,,,,,,,,Chan_Mtr,,,,,,,1,1,4660,0x1234,,,,-,,Instant,0,0,Linear,Scalar
Chan014Mtr002,1,14,2,,false,Channel input level meter (pre/post),36,jl,80,,,,,,,,Chan_Mtr,,,,,,,1,1,4661,0x1235,,,,-,,Instant,0,0,Linear,Scalar
Chan015Mtr001,1,15,1,,false,Channel input level meter (pre/post),37,jm,80,,,,,,,,Chan_Mtr,,,,,,,1,1,4664,0x1238,,,,-,,Instant,0,0,Linear,Scalar
Chan015Mtr002,1,15,2,,false,Channel input level meter (pre/post),38,jn,80,,,,,,,,Chan_Mtr,,,,,,,1,1,4665,0x1239,,,,-,,Instant,0,0,Linear,Scalar
Chan016Mtr001,1,16,1,,false,Channel input level meter (pre/post),39,jo,80,,,,,,,,Chan_Mtr,,,,,,,1,1,4668,0x123C,,,,-,,Instant,0,0,Linear,Scalar
Chan016Mtr002,1,16,2,,false,Channel input level meter (pre/post),40,jp,80,,,,,,,,Chan_Mtr,,,,,,,1,1,4669,0x123D,,,,-,,Instant,0,0,Linear,Scalar
Chan017Mtr001,1,17,1,,false,Channel input level meter (pre/post),41,jq,80,,,,,,,,Chan_Mtr,,,,,,,1,1,4672,0x1240,,,,-,,Instant,0,0,Linear,Scalar
Chan017Mtr002,1,17,2,,false,Channel input level meter (pre/post),42,jr,80,,,,,,,,Chan_Mtr,,,,,,,1,1,4673,0x1241,,,,-,,Instant,0,0,Linear,Scalar
Chan018Mtr001,1,18,1,,false,Channel input level meter (pre/post),43,js,80,,,,,,,,Chan_Mtr,,,,,,,1,1,4676,0x1244,,,,-,,Instant,0,0,Linear,Scalar
Chan018Mtr002,1,18,2,,false,Channel input level meter (pre/post),44,jt,80,,,,,,,,Chan_Mtr,,,,,,,1,1,4677,0x1245,,,,-,,Instant,0,0,Linear,Scalar
Chan019Mtr001,1,19,1,,false,Channel input level meter (pre/post),45,ju,80,,,,,,,,Chan_Mtr,,,,,,,1,1,4680,0x1248,,,,-,,Instant,0,0,Linear,Scalar
Chan019Mtr002,1,19,2,,false,Channel input level meter (pre/post),46,jv,80,,,,,,,,Chan_Mtr,,,,,,,1,1,4681,0x1249,,,,-,,Instant,0,0,Linear,Scalar
Chan020Mtr001,1,20,1,,false,Channel input level meter (pre/post),47,jw,80,,,,,,,,Chan_Mtr,,,,,,,1,1,4684,0x124C,,,,-,,Instant,0,0,Linear,Scalar
Chan020Mtr002,1,20,2,,false,Channel input level meter (pre/post),48,kh,80,,,,,,,,Chan_Mtr,,,,,,,1,1,4685,0x124D,,,,-,,Instant,0,0,Linear,Scalar
Chan021Mtr001,1,21,1,,false,Channel input level meter (pre/post),49,ki,80,,,,,,,,Chan_Mtr,,,,,,,1,1,4688,0x1250,,,,-,,Instant,0,0,Linear,Scalar
Chan021Mtr002,1,21,2,,false,Channel input level meter (pre/post),50,kj,80,,,,,,,,Chan_Mtr,,,,,,,1,1,4689,0x1251,,,,-,,Instant,0,0,Linear,Scalar
Chan022Mtr001,1,22,1,,false,Channel input level meter (pre/post),51,kk,80,,,,,,,,Chan_Mtr,,,,,,,1,1,4692,0x1254,,,,-,,Instant,0,0,Linear,Scalar
Chan022Mtr002,1,22,2,,false,Channel input level meter (pre/post),52,kl,80,,,,,,,,Chan_Mtr,,,,,,,1,1,4693,0x1255,,,,-,,Instant,0,0,Linear,Scalar
Chan023Mtr001,1,23,1,,false,Channel input level meter (pre/post),53,km,80,,,,,,,,Chan_Mtr,,,,,,,1,1,4696,0x1258,,,,-,,Instant,0,0,Linear,Scalar
Chan023Mtr002,1,23,2,,false,Channel input level meter (pre/post),54,kn,80,,,,,,,,Chan_Mtr,,,,,,,1,1,4697,0x1259,,,,-,,Instant,0,0,Linear,Scalar
Chan024Mtr001,1,24,1,,false,Channel input level meter (pre/post),55,ko,80,,,,,,,,Chan_Mtr,,,,,,,1,1,4700,0x125C,,,,-,,Instant,0,0,Linear,Scalar
Chan024Mtr002,1,24,2,,false,Channel input level meter (pre/post),56,kp,80,,,,,,,,Chan_Mtr,,,,,,,1,1,4701,0x125D,,,,-,,Instant,0,0,Linear,Scalar
Chan001CompMtr001,1,1,1,,false,Channel compressor gain-reduction meter (comp-only),57,kq,80,,,,,,,,Chan_Mtr,,,,,,,1,1,4611,0x1203,,,,-,,Instant,0,0,Linear,Scalar
Chan002CompMtr001,1,2,1,,false,Channel compressor gain-reduction meter (comp-only),58,kr,80,,,,,,,,Chan_Mtr,,,,,,,1,1,4615,0x1207,,,,-,,Instant,0,0,Linear,Scalar
Chan003CompMtr001,1,3,1,,false,Channel compressor gain-reduction meter (comp-only),59,ks,80,,,,,,,,Chan_Mtr,,,,,,,1,1,4619,0x120B,,,,-,,Instant,0,0,Linear,Scalar
Chan004CompMtr001,1,4,1,,false,Channel compressor gain-reduction meter (comp-only),60,kt,80,,,,,,,,Chan_Mtr,,,,,,,1,1,4623,0x120F,,,,-,,Instant,0,0,Linear,Scalar
Chan005CompMtr001,1,5,1,,false,Channel compressor gain-reduction meter (comp-only),61,ku,80,,,,,,,,Chan_Mtr,,,,,,,1,1,4627,0x1213,,,,-,,Instant,0,0,Linear,Scalar
Chan006CompMtr001,1,6,1,,false,Channel compressor gain-reduction meter (comp-only),62,kv,80,,,,,,,,Chan_Mtr,,,,,,,1,1,4631,0x1217,,,,-,,Instant,0,0,Linear,Scalar
Chan007CompMtr001,1,7,1,,false,Channel compressor gain-reduction meter (comp-only),63,kw,80,,,,,,,,Chan_Mtr,,,,,,,1,1,4635,0x121B,,,,-,,Instant,0,0,Linear,Scalar
Chan008CompMtr001,1,8,1,,false,Channel compressor gain-reduction meter (comp-only),64,lh,80,,,,,,,,Chan_Mtr,,,,,,,1,1,4639,0x121F,,,,-,,Instant,0,0,Linear,Scalar
Chan009CompMtr001,1,9,1,,false,Channel compressor gain-reduction meter (comp-only),65,li,80,,,,,,,,Chan_Mtr,,,,,,,1,1,4643,0x1223,,,,-,,Instant,0,0,Linear,Scalar
Chan010CompMtr001,1,10,1,,false,Channel compressor gain-reduction meter (comp-only),66,lj,80,,,,,,,,Chan_Mtr,,,,,,,1,1,4647,0x1227,,,,-,,Instant,0,0,Linear,Scalar
Chan011CompMtr001,1,11,1,,false,Channel compressor gain-reduction meter (comp-only),67,lk,80,,,,,,,,Chan_Mtr,,,,,,,1,1,4651,0x122B,,,,-,,Instant,0,0,Linear,Scalar
Chan012CompMtr001,1,12,1,,false,Channel compressor gain-reduction meter (comp-only),68,ll,80,,,,,,,,Chan_Mtr,,,,,,,1,1,4655,0x122F,,,,-,,Instant,0,0,Linear,Scalar
Chan013CompMtr001,1,13,1,,false,Channel compressor gain-reduction meter (comp-only),69,lm,80,,,,,,,,Chan_Mtr,,,,,,,1,1,4659,0x1233,,,,-,,Instant,0,0,Linear,Scalar
Chan014CompMtr001,1,14,1,,false,Channel compressor gain-reduction meter (comp-only),70,ln,80,,,,,,,,Chan_Mtr,,,,,,,1,1,4663,0x1237,,,,-,,Instant,0,0,Linear,Scalar
Chan015CompMtr001,1,15,1,,false,Channel compressor gain-reduction meter (comp-only),71,lo,80,,,,,,,,Chan_Mtr,,,,,,,1,1,4667,0x123B,,,,-,,Instant,0,0,Linear,Scalar
Chan016CompMtr001,1,16,1,,false,Channel compressor gain-reduction meter (comp-only),72,lp,80,,,,,,,,Chan_Mtr,,,,,,,1,1,4671,0x123F,,,,-,,Instant,0,0,Linear,Scalar
Chan017CompMtr001,1,17,1,,false,Channel compressor gain-reduction meter (comp-only),73,lq,80,,,,,,,,Chan_Mtr,,,,,,,1,1,4675,0x1243,,,,-,,Instant,0,0,Linear,Scalar
Chan018CompMtr001,1,18,1,,false,Channel compressor gain-reduction meter (comp-only),74,lr,80,,,,,,,,Chan_Mtr,,,,,,,1,1,4679,0x1247,,,,-,,Instant,0,0,Linear,Scalar
Chan019CompMtr001,1,19,1,,false,Channel compressor gain-reduction meter (comp-only),75,ls,80,,,,,,,,Chan_Mtr,,,,,,,1,1,4683,0x124B,,,,-,,Instant,0,0,Linear,Scalar
Chan020CompMtr001,1,20,1,,false,Channel compressor gain-reduction meter (comp-only),76,lt,80,,,,,,,,Chan_Mtr,,,,,,,1,1,4687,0x124F,,,,-,,Instant,0,0,Linear,Scalar
Chan021CompMtr001,1,21,1,,false,Channel compressor gain-reduction meter (comp-only),77,lu,80,,,,,,,,Chan_Mtr,,,,,,,1,1,4691,0x1253,,,,-,,Instant,0,0,Linear,Scalar
Chan022CompMtr001,1,22,1,,false,Channel compressor gain-reduction meter (comp-only),78,lv,80,,,,,,,,Chan_Mtr,,,,,,,1,1,4695,0x1257,,,,-,,Instant,0,0,Linear,Scalar
Chan023CompMtr001,1,23,1,,false,Channel compressor gain-reduction meter (comp-only),79,lw,80,,,,,,,,Chan_Mtr,,,,,,,1,1,4699,0x125B,,,,-,,Instant,0,0,Linear,Scalar
Chan024CompMtr001,1,24,1,,false,Channel compressor gain-reduction meter (comp-only),80,mh,80,,,,,,,,Chan_Mtr,,,,,,,1,1,4703,0x125F,,,,-,,Instant,0,0,Linear,Scalar
Chan001GateMtr001,1,1,1,,false,Channel gate gain-reduction meter (gate-only),81,mi,80,,,,,,,,Chan_Mtr,,,,,,,1,1,4610,0x1202,,,,-,,Instant,0,0,Linear,Scalar
Chan002GateMtr001,1,2,1,,false,Channel gate gain-reduction meter (gate-only),82,mj,80,,,,,,,,Chan_Mtr,,,,,,,1,1,4614,0x1206,,,,-,,Instant,0,0,Linear,Scalar
Chan003GateMtr001,1,3,1,,false,Channel gate gain-reduction meter (gate-only),83,mk,80,,,,,,,,Chan_Mtr,,,,,,,1,1,4618,0x120A,,,,-,,Instant,0,0,Linear,Scalar
Chan004GateMtr001,1,4,1,,false,Channel gate gain-reduction meter (gate-only),84,ml,80,,,,,,,,Chan_Mtr,,,,,,,1,1,4622,0x120E,,,,-,,Instant,0,0,Linear,Scalar
Chan005GateMtr001,1,5,1,,false,Channel gate gain-reduction meter (gate-only),85,mm,80,,,,,,,,Chan_Mtr,,,,,,,1,1,4626,0x1212,,,,-,,Instant,0,0,Linear,Scalar
Chan006GateMtr001,1,6,1,,false,Channel gate gain-reduction meter (gate-only),86,mn,80,,,,,,,,Chan_Mtr,,,,,,,1,1,4630,0x1216,,,,-,,Instant,0,0,Linear,Scalar
Chan007GateMtr001,1,7,1,,false,Channel gate gain-reduction meter (gate-only),87,mo,80,,,,,,,,Chan_Mtr,,,,,,,1,1,4634,0x121A,,,,-,,Instant,0,0,Linear,Scalar
Chan008GateMtr001,1,8,1,,false,Channel gate gain-reduction meter (gate-only),88,mp,80,,,,,,,,Chan_Mtr,,,,,,,1,1,4638,0x121E,,,,-,,Instant,0,0,Linear,Scalar
Chan009GateMtr001,1,9,1,,false,Channel gate gain-reduction meter (gate-only),89,mq,80,,,,,,,,Chan_Mtr,,,,,,,1,1,4642,0x1222,,,,-,,Instant,0,0,Linear,Scalar
Chan010GateMtr001,1,10,1,,false,Channel gate gain-reduction meter (gate-only),90,mr,80,,,,,,,,Chan_Mtr,,,,,,,1,1,4646,0x1226,,,,-,,Instant,0,0,Linear,Scalar
Chan011GateMtr001,1,11,1,,false,Channel gate gain-reduction meter (gate-only),91,ms,80,,,,,,,,Chan_Mtr,,,,,,,1,1,4650,0x122A,,,,-,,Instant,0,0,Linear,Scalar
Chan012GateMtr001,1,12,1,,false,Channel gate gain-reduction meter (gate-only),92,mt,80,,,,,,,,Chan_Mtr,,,,,,,1,1,4654,0x122E,,,,-,,Instant,0,0,Linear,Scalar
Chan013GateMtr001,1,13,1,,false,Channel gate gain-reduction meter (gate-only),93,mu,80,,,,,,,,Chan_Mtr,,,,,,,1,1,4658,0x1232,,,,-,,Instant,0,0,Linear,Scalar
Chan014GateMtr001,1,14,1,,false,Channel gate gain-reduction meter (gate-only),94,mv,80,,,,,,,,Chan_Mtr,,,,,,,1,1,4662,0x1236,,,,-,,Instant,0,0,Linear,Scalar
Chan015GateMtr001,1,15,1,,false,Channel gate gain-reduction meter (gate-only),95,mw,80,,,,,,,,Chan_Mtr,,,,,,,1,1,4666,0x123A,,,,-,,Instant,0,0,Linear,Scalar
Chan016GateMtr001,1,16,1,,false,Channel gate gain-reduction meter (gate-only),96,nh,80,,,,,,,,Chan_Mtr,,,,,,,1,1,4670,0x123E,,,,-,,Instant,0,0,Linear,Scalar
Chan017GateMtr001,1,17,1,,false,Channel gate gain-reduction meter (gate-only),97,ni,80,,,,,,,,Chan_Mtr,,,,,,,1,1,4674,0x1242,,,,-,,Instant,0,0,Linear,Scalar
Chan018GateMtr001,1,18,1,,false,Channel gate gain-reduction meter (gate-only),98,nj,80,,,,,,,,Chan_Mtr,,,,,,,1,1,4678,0x1246,,,,-,,Instant,0,0,Linear,Scalar
Chan019GateMtr001,1,19,1,,false,Channel gate gain-reduction meter (gate-only),99,nk,80,,,,,,,,Chan_Mtr,,,,,,,1,1,4682,0x124A,,,,-,,Instant,0,0,Linear,Scalar
Chan020GateMtr001,1,20,1,,false,Channel gate gain-reduction meter (gate-only),100,nl,80,,,,,,,,Chan_Mtr,,,,,,,1,1,4686,0x124E,,,,-,,Instant,0,0,Linear,Scalar
Chan021GateMtr001,1,21,1,,false,Channel gate gain-reduction meter (gate-only),101,nm,80,,,,,,,,Chan_Mtr,,,,,,,1,1,4690,0x1252,,,,-,,Instant,0,0,Linear,Scalar
Chan022GateMtr001,1,22,1,,false,Channel gate gain-reduction meter (gate-only),102,nn,80,,,,,,,,Chan_Mtr,,,,,,,1,1,4694,0x1256,,,,-,,Instant,0,0,Linear,Scalar
Chan023GateMtr001,1,23,1,,false,Channel gate gain-reduction meter (gate-only),103,no,80,,,,,,,,Chan_Mtr,,,,,,,1,1,4698,0x125A,,,,-,,Instant,0,0,Linear,Scalar
Chan024GateMtr001,1,24,1,,false,Channel gate gain-reduction meter (gate-only),104,np,80,,,,,,,,Chan_Mtr,,,,,,,1,1,4702,0x125E,,,,-,,Instant,0,0,Linear,Scalar
Fx001Mtr001,1,1,1,,false,FX return level meter,105,nq,80,,,,,,,,Chan_Mtr,,,,,,,2,1,1842,0x0732,,,,-,,Instant,0,0,Linear,Scalar
Fx002Mtr001,1,2,1,,false,FX return level meter,106,nr,80,,,,,,,,Chan_Mtr,,,,,,,2,1,1843,0x0733,,,,-,,Instant,0,0,Linear,Scalar
Fx003Mtr001,1,3,1,,false,FX return level meter,107,ns,80,,,,,,,,Chan_Mtr,,,,,,,2,1,1844,0x0734,,,,-,,Instant,0,0,Linear,Scalar
Fx004Mtr001,1,4,1,,false,FX return level meter,108,nt,80,,,,,,,,Chan_Mtr,,,,,,,2,1,1845,0x0735,,,,-,,Instant,0,0,Linear,Scalar
Fx005Mtr001,1,5,1,,false,FX return level meter,109,nu,80,,,,,,,,Chan_Mtr,,,,,,,2,1,1846,0x0736,,,,-,,Instant,0,0,Linear,Scalar
Fx006Mtr001,1,6,1,,false,FX return level meter,110,nv,80,,,,,,,,Chan_Mtr,,,,,,,2,1,1847,0x0737,,,,-,,Instant,0,0,Linear,Scalar
Grp001Mtr001,1,1,1,,false,Group level meter,111,nw,80,,,,,,,,Chan_Mtr,,,,,,,2,1,1837,0x072D,,,,-,,Instant,0,0,Linear,Scalar
Grp002Mtr001,1,2,1,,false,Group level meter,112,oh,80,,,,,,,,Chan_Mtr,,,,,,,2,1,1838,0x072E,,,,-,,Instant,0,0,Linear,Scalar
Grp003Mtr001,1,3,1,,false,Group level meter,113,oi,80,,,,,,,,Chan_Mtr,,,,,,,2,1,1839,0x072F,,,,-,,Instant,0,0,Linear,Scalar
Grp004Mtr001,1,4,1,,false,Group level meter,114,oj,80,,,,,,,,Chan_Mtr,,,,,,,2,1,1840,0x0730,,,,-,,Instant,0,0,Linear,Scalar
MainL001EqFreq001,1,1,1,,,Main L output 4-band parametric EQ frequency,115,ok,255,127,,,,,,,MainEq,,0=20/254=200/[Log],,,,,2,1,1440,0x05A0,,,,-,EqSafe,LinearFrames,12,12,Linear,CoeffSetAtomic
MainL001EqFreq002,1,1,2,,,Main L output 4-band parametric EQ frequency,116,ol,255,127,,,,,,,MainEq,,0=100/254=1000/[Log],,,,,2,1,1445,0x05A5,,,,-,EqSafe,LinearFrames,12,12,Linear,CoeffSetAtomic
MainL001EqFreq003,1,1,3,,,Main L output 4-band parametric EQ frequency,117,om,255,127,,,,,,,MainEq,,0=800/254=5000/[Log],,,,,2,1,1450,0x05AA,,,,-,EqSafe,LinearFrames,12,12,Linear,CoeffSetAtomic
MainL001EqFreq004,1,1,4,,,Main L output 4-band parametric EQ frequency,118,on,255,127,,,,,,,MainEq,,0=3000/254=20000/[Log],,,,,2,1,1455,0x05AF,,,,-,EqSafe,LinearFrames,12,12,Linear,CoeffSetAtomic
MainL001EqGain001,1,1,1,,,Main L output 4-band parametric EQ gain ±15dB,119,oo,121,60,,,,,,,MainEq,,0=-15/120=15/[Lin],,,,,2,1,1440,0x05A0,,,,60,EqSafe,LinearFrames,12,12,Linear,CoeffSetAtomic
MainL001EqGain002,1,1,2,,,Main L output 4-band parametric EQ gain ±15dB,120,op,121,60,,,,,,,MainEq,,0=-15/120=15/[Lin],,,,,2,1,1445,0x05A5,,,,60,EqSafe,LinearFrames,12,12,Linear,CoeffSetAtomic
MainL001EqGain003,1,1,3,,,Main L output 4-band parametric EQ gain ±15dB,121,oq,121,60,,,,,,,MainEq,,0=-15/120=15/[Lin],,,,,2,1,1450,0x05AA,,,,60,EqSafe,LinearFrames,12,12,Linear,CoeffSetAtomic
MainL001EqGain004,1,1,4,,,Main L output 4-band parametric EQ gain ±15dB,122,or,121,60,,,,,,,MainEq,,0=-15/120=15/[Lin],,,,,2,1,1455,0x05AF,,,,60,EqSafe,LinearFrames,12,12,Linear,CoeffSetAtomic
MainL001EqHpf001,1,1,1,,,Main L output high-pass filter frequency,123,os,65,32,,,,,,,MainEq,,0=20/64=1000/[Log],,,,,2,1,1440,0x05A0,,,,0,EqSafe,LinearFrames,12,12,Linear,CoeffSetAtomic
MainL001EqHpf002,1,1,2,,,Main L output high-pass filter frequency,124,ot,65,32,,,,,,,MainEq,,0=20/64=1000/[Log],,,,,2,1,1445,0x05A5,,,,0,EqSafe,LinearFrames,12,12,Linear,CoeffSetAtomic
MainL001EqHpf003,1,1,3,,,Main L output high-pass filter frequency,125,ou,65,32,,,,,,,MainEq,,0=20/64=1000/[Log],,,,,2,1,1450,0x05AA,,,,0,EqSafe,LinearFrames,12,12,Linear,CoeffSetAtomic
MainL001EqHpf004,1,1,4,,,Main L output high-pass filter frequency,126,ov,65,32,,,,,,,MainEq,,0=20/64=1000/[Log],,,,,2,1,1455,0x05AF,,,,0,EqSafe,LinearFrames,12,12,Linear,CoeffSetAtomic
MainL001EqOn001,1,1,1,,,Main L output EQ on/off,127,ow,2,,,,,,,,MainEq,,,,,,,2,1,1461,0x05B5,,,,0,InstantCtl,Instant,0,0,Linear,Scalar
MainL001EqQ001,1,1,1,,,Main L output 4-band parametric EQ Q/bandwidth,128,ph,121,60,,,,,,,MainEq,,0=0.1/120=10/[Log],,,,,2,1,1440,0x05A0,,,,-,EqSafe,LinearFrames,12,12,Linear,CoeffSetAtomic
MainL001EqQ002,1,1,2,,,Main L output 4-band parametric EQ Q/bandwidth,129,pi,121,60,,,,,,,MainEq,,0=0.1/120=10/[Log],,,,,2,1,1445,0x05A5,,,,-,EqSafe,LinearFrames,12,12,Linear,CoeffSetAtomic
MainL001EqQ003,1,1,3,,,Main L output 4-band parametric EQ Q/bandwidth,130,pj,121,60,,,,,,,MainEq,,0=0.1/120=10/[Log],,,,,2,1,1450,0x05AA,,,,-,EqSafe,LinearFrames,12,12,Linear,CoeffSetAtomic
MainL001EqQ004,1,1,4,,,Main L output 4-band parametric EQ Q/bandwidth,131,pk,121,60,,,,,,,MainEq,,0=0.1/120=10/[Log],,,,,2,1,1455,0x05AF,,,,-,EqSafe,LinearFrames,12,12,Linear,CoeffSetAtomic
MainL001EqShelf001,1,1,1,,,Main L output EQ bands 1/4 shelf mode on/off,132,pl,2,,,,,,,,MainEq,,,,,,,2,1,1440,0x05A0,,,,-,InstantCtl,Instant,0,0,Linear,Scalar
MainL001EqShelf002,1,1,2,,,Main L output EQ bands 1/4 shelf mode on/off,133,pm,2,,,,,,,,MainEq,,,,,,,2,1,1455,0x05AF,,,,-,InstantCtl,Instant,0,0,Linear,Scalar
MainL001LimiterAtt001,1,1,1,,,Main L output limiter attack,134,pn,33,,,,,,,,MainLimiter,,0=0.1/127=100/[Log],,,,,2,1,1482,0x05CA,,,,-,DynSafe,LinearFrames,6,20,Exp,Scalar
MainL001LimiterOn001,1,1,1,,,Main L output limiter on/off,135,po,2,,,,,,,,MainLimiter,,,,,,,2,1,1480,0x05C8,,,,0,InstantCtl,Instant,0,0,Linear,Scalar
MainL001LimiterRel001,1,1,1,,,Main L output limiter release,136,pp,33,,,,,,,,MainLimiter,,0=5/127=2000/[Log],,,,,2,1,1483,0x05CB,,,,-,DynSafe,LinearFrames,6,20,Exp,Scalar
MainL001LimiterRng001,1,1,1,,,Main L output limiter range/depth,137,pq,33,,,,,,,,MainLimiter,,0=0/127=60/[Lin],,,,,,,,,,,,0,,,,,,
MainL001LimiterThr001,1,1,1,,,Main L output limiter threshold,138,pr,33,,,,,,,,MainLimiter,,0=-30/127=0/[Lin],,,,,2,1,1481,0x05C9,,,,32,DynSafe,LinearFrames,6,20,Exp,Scalar
MainL001PeqGain001,1,1,1,,,Main L output 28-band graphic EQ gain,139,ps,65,32,,,,,,,,,0=-12/127=12/[Lin],,,,,,,,,,,,32,,,,,,
MainL001PeqGain002,1,1,2,,,Main L output 28-band graphic EQ gain,140,pt,65,32,,,,,,,,,0=-12/127=12/[Lin],,,,,,,,,,,,32,,,,,,
MainL001PeqGain003,1,1,3,,,Main L output 28-band graphic EQ gain,141,pu,65,32,,,,,,,,,0=-12/127=12/[Lin],,,,,,,,,,,,32,,,,,,
MainL001PeqGain004,1,1,4,,,Main L output 28-band graphic EQ gain,142,pv,65,32,,,,,,,,,0=-12/127=12/[Lin],,,,,,,,,,,,32,,,,,,
MainL001PeqGain005,1,1,5,,,Main L output 28-band graphic EQ gain,143,pw,65,32,,,,,,,,,0=-12/127=12/[Lin],,,,,,,,,,,,32,,,,,,
MainL001PeqGain006,1,1,6,,,Main L output 28-band graphic EQ gain,144,qh,65,32,,,,,,,,,0=-12/127=12/[Lin],,,,,,,,,,,,32,,,,,,
MainL001PeqGain007,1,1,7,,,Main L output 28-band graphic EQ gain,145,qi,65,32,,,,,,,,,0=-12/127=12/[Lin],,,,,,,,,,,,32,,,,,,
MainL001PeqGain008,1,1,8,,,Main L output 28-band graphic EQ gain,146,qj,65,32,,,,,,,,,0=-12/127=12/[Lin],,,,,,,,,,,,32,,,,,,
MainL001PeqGain009,1,1,9,,,Main L output 28-band graphic EQ gain,147,qk,65,32,,,,,,,,,0=-12/127=12/[Lin],,,,,,,,,,,,32,,,,,,
MainL001PeqGain010,1,1,10,,,Main L output 28-band graphic EQ gain,148,ql,65,32,,,,,,,,,0=-12/127=12/[Lin],,,,,,,,,,,,32,,,,,,
MainL001PeqGain011,1,1,11,,,Main L output 28-band graphic EQ gain,149,qm,65,32,,,,,,,,,0=-12/127=12/[Lin],,,,,,,,,,,,32,,,,,,
MainL001PeqGain012,1,1,12,,,Main L output 28-band graphic EQ gain,150,qn,65,32,,,,,,,,,0=-12/127=12/[Lin],,,,,,,,,,,,32,,,,,,
MainL001Dca001,1,1,1,,,Main L output DCA assignment (1-8 or off),151,qo,9,,,,,,,,,,,,,,,,,,,,,,0,,,,,,
MainL001DcaOn001,1,1,1,,,DCA follow on/off (assignment kept while off),152,qp,2,,,,,,,,,,,,,,,,,,,,,,0,,,,,,
MainL001Level001,1,1,1,,,Main L output master level,153,qq,255,,,,,,,,,,dB:Off:-50@31:-30@63:-10@127:10,,,,,2,1,2167,0x0877,,,,190,GainFast,Slew,3,8,Exp,Scalar
MainL001Mute001,1,1,1,,,Main L output mute on/off,154,qr,2,,,,,,,,,,,,,,,2,1,2168,0x0878,,,,0,InstantCtl,Instant,0,0,Linear,Scalar
MainL001Delay001,1,1,1,,,Main L output delay up to 250ms,155,qs,255,,,,,,,,,,,,,,,,,,,,,,0,,,,,,
MainL001Mtr001,1,1,1,,false,Main L output level meter,156,qt,80,,,,,,,,,,,,,,,2,1,1829,0x0725,,,,-,,Instant,0,0,Linear,Scalar
MainL001Name001,1,1,1,,,Main L output name,157,qu,255,,,,,,,,,,,,,,,,,,,,,,-,,,,,,
MainR001EqFreq001,1,1,1,,,Main R output 4-band parametric EQ frequency,158,qv,255,127,,,,,,,MainEq,,0=20/254=200/[Log],,,,,2,1,1485,0x05CD,,,,-,EqSafe,LinearFrames,12,12,Linear,CoeffSetAtomic
MainR001EqFreq002,1,1,2,,,Main R output 4-band parametric EQ frequency,159,qw,255,127,,,,,,,MainEq,,0=100/254=1000/[Log],,,,,2,1,1490,0x05D2,,,,-,EqSafe,LinearFrames,12,12,Linear,CoeffSetAtomic
MainR001EqFreq003,1,1,3,,,Main R output 4-band parametric EQ frequency,160,rh,255,127,,,,,,,MainEq,,0=800/254=5000/[Log],,,,,2,1,1495,0x05D7,,,,-,EqSafe,LinearFrames,12,12,Linear,CoeffSetAtomic
MainR001EqFreq004,1,1,4,,,Main R output 4-band parametric EQ frequency,161,ri,255,127,,,,,,,MainEq,,0=3000/254=20000/[Log],,,,,2,1,1500,0x05DC,,,,-,EqSafe,LinearFrames,12,12,Linear,CoeffSetAtomic
MainR001EqGain001,1,1,1,,,Main R output 4-band parametric EQ gain ±15dB,162,rj,121,60,,,,,,,MainEq,,0=-15/120=15/[Lin],,,,,2,1,1485,0x05CD,,,,60,EqSafe,LinearFrames,12,12,Linear,CoeffSetAtomic
MainR001EqGain002,1,1,2,,,Main R output 4-band parametric EQ gain ±15dB,163,rk,121,60,,,,,,,MainEq,,0=-15/120=15/[Lin],,,,,2,1,1490,0x05D2,,,,60,EqSafe,LinearFrames,12,12,Linear,CoeffSetAtomic
MainR001EqGain003,1,1,3,,,Main R output 4-band parametric EQ gain ±15dB,164,rl,121,60,,,,,,,MainEq,,0=-15/120=15/[Lin],,,,,2,1,1495,0x05D7,,,,60,EqSafe,LinearFrames,12,12,Linear,CoeffSetAtomic
MainR001EqGain004,1,1,4,,,Main R output 4-band parametric EQ gain ±15dB,165,rm,121,60,,,,,,,MainEq,,0=-15/120=15/[Lin],,,,,2,1,1500,0x05DC,,,,60,EqSafe,LinearFrames,12,12,Linear,CoeffSetAtomic
MainR001EqHpf001,1,1,1,,,Main R output high-pass filter frequency,166,rn,65,32,,,,,,,MainEq,,0=20/64=1000/[Log],,,,,2,1,1485,0x05CD,,,,0,EqSafe,LinearFrames,12,12,Linear,CoeffSetAtomic
MainR001EqHpf002,1,1,2,,,Main R output high-pass filter frequency,167,ro,65,32,,,,,,,MainEq,,0=20/64=1000/[Log],,,,,2,1,1490,0x05D2,,,,0,EqSafe,LinearFrames,12,12,Linear,CoeffSetAtomic
MainR001EqHpf003,1,1,3,,,Main R output high-pass filter frequency,168,rp,65,32,,,,,,,MainEq,,0=20/64=1000/[Log],,,,,2,1,1495,0x05D7,,,,0,EqSafe,LinearFrames,12,12,Linear,CoeffSetAtomic
MainR001EqHpf004,1,1,4,,,Main R output high-pass filter frequency,169,rq,65,32,,,,,,,MainEq,,0=20/64=1000/[Log],,,,,2,1,1500,0x05DC,,,,0,EqSafe,LinearFrames,12,12,Linear,CoeffSetAtomic
MainR001EqOn001,1,1,1,,,Main R output EQ on/off,170,rr,2,,,,,,,,MainEq,,,,,,,2,1,1506,0x05E2,,,,0,InstantCtl,Instant,0,0,Linear,Scalar
MainR001EqQ001,1,1,1,,,Main R output 4-band parametric EQ Q/bandwidth,171,rs,121,60,,,,,,,MainEq,,0=0.1/120=10/[Log],,,,,2,1,1485,0x05CD,,,,-,EqSafe,LinearFrames,12,12,Linear,CoeffSetAtomic
MainR001EqQ002,1,1,2,,,Main R output 4-band parametric EQ Q/bandwidth,172,rt,121,60,,,,,,,MainEq,,0=0.1/120=10/[Log],,,,,2,1,1490,0x05D2,,,,-,EqSafe,LinearFrames,12,12,Linear,CoeffSetAtomic
MainR001EqQ003,1,1,3,,,Main R output 4-band parametric EQ Q/bandwidth,173,ru,121,60,,,,,,,MainEq,,0=0.1/120=10/[Log],,,,,2,1,1495,0x05D7,,,,-,EqSafe,LinearFrames,12,12,Linear,CoeffSetAtomic
MainR001EqQ004,1,1,4,,,Main R output 4-band parametric EQ Q/bandwidth,174,rv,121,60,,,,,,,MainEq,,0=0.1/120=10/[Log],,,,,2,1,1500,0x05DC,,,,-,EqSafe,LinearFrames,12,12,Linear,CoeffSetAtomic
MainR001EqShelf001,1,1,1,,,Main R output EQ bands 1/4 shelf mode on/off,175,rw,2,,,,,,,,MainEq,,,,,,,2,1,1485,0x05CD,,,,-,InstantCtl,Instant,0,0,Linear,Scalar
MainR001EqShelf002,1,1,2,,,Main R output EQ bands 1/4 shelf mode on/off,176,sh,2,,,,,,,,MainEq,,,,,,,2,1,1500,0x05DC,,,,-,InstantCtl,Instant,0,0,Linear,Scalar
MainR001LimiterAtt001,1,1,1,,,Main R output limiter attack,177,si,33,,,,,,,,MainLimiter,,0=0.1/127=100/[Log],,,,,2,1,1527,0x05F7,,,,-,DynSafe,LinearFrames,6,20,Exp,Scalar
MainR001LimiterOn001,1,1,1,,,Main R output limiter on/off,178,sj,2,,,,,,,,MainLimiter,,,,,,,2,1,1525,0x05F5,,,,0,InstantCtl,Instant,0,0,Linear,Scalar
MainR001LimiterRel001,1,1,1,,,Main R output limiter release,179,sk,33,,,,,,,,MainLimiter,,0=5/127=2000/[Log],,,,,2,1,1528,0x05F8,,,,-,DynSafe,LinearFrames,6,20,Exp,Scalar
MainR001LimiterRng001,1,1,1,,,Main R output limiter range/depth,180,sl,33,,,,,,,,MainLimiter,,0=0/127=60/[Lin],,,,,,,,,,,,0,,,,,,
MainR001LimiterThr001,1,1,1,,,Main R output limiter threshold,181,sm,33,,,,,,,,MainLimiter,,0=-30/127=0/[Lin],,,,,2,1,1526,0x05F6,,,,32,DynSafe,LinearFrames,6,20,Exp,Scalar
MainR001PeqGain001,1,1,1,,,Main R output 28-band graphic EQ gain,182,sn,65,32,,,,,,,,,0=-12/127=12/[Lin],,,,,,,,,,,,32,,,,,,
MainR001PeqGain002,1,1,2,,,Main R output 28-band graphic EQ gain,183,so,65,32,,,,,,,,,0=-12/127=12/[Lin],,,,,,,,,,,,32,,,,,,
MainR001PeqGain003,1,1,3,,,Main R output 28-band graphic EQ gain,184,sp,65,32,,,,,,,,,0=-12/127=12/[Lin],,,,,,,,,,,,32,,,,,,
MainR001PeqGain004,1,1,4,,,Main R output 28-band graphic EQ gain,185,sq,65,32,,,,,,,,,0=-12/127=12/[Lin],,,,,,,,,,,,32,,,,,,
MainR001PeqGain005,1,1,5,,,Main R output 28-band graphic EQ gain,186,sr,65,32,,,,,,,,,0=-12/127=12/[Lin],,,,,,,,,,,,32,,,,,,
MainR001PeqGain006,1,1,6,,,Main R output 28-band graphic EQ gain,187,ss,65,32,,,,,,,,,0=-12/127=12/[Lin],,,,,,,,,,,,32,,,,,,
MainR001PeqGain007,1,1,7,,,Main R output 28-band graphic EQ gain,188,st,65,32,,,,,,,,,0=-12/127=12/[Lin],,,,,,,,,,,,32,,,,,,
MainR001PeqGain008,1,1,8,,,Main R output 28-band graphic EQ gain,189,su,65,32,,,,,,,,,0=-12/127=12/[Lin],,,,,,,,,,,,32,,,,,,
MainR001PeqGain009,1,1,9,,,Main R output 28-band graphic EQ gain,190,sv,65,32,,,,,,,,,0=-12/127=12/[Lin],,,,,,,,,,,,32,,,,,,
MainR001PeqGain010,1,1,10,,,Main R output 28-band graphic EQ gain,191,sw,65,32,,,,,,,,,0=-12/127=12/[Lin],,,,,,,,,,,,32,,,,,,
MainR001PeqGain011,1,1,11,,,Main R output 28-band graphic EQ gain,192,th,65,32,,,,,,,,,0=-12/127=12/[Lin],,,,,,,,,,,,32,,,,,,
MainR001PeqGain012,1,1,12,,,Main R output 28-band graphic EQ gain,193,ti,65,32,,,,,,,,,0=-12/127=12/[Lin],,,,,,,,,,,,32,,,,,,
MainR001Dca001,1,1,1,,,Main R output DCA assignment (1-8 or off),194,tj,9,,,,,,,,,,,,,,,,,,,,,,0,,,,,,
MainR001DcaOn001,1,1,1,,,DCA follow on/off (assignment kept while off),195,tk,2,,,,,,,,,,,,,,,,,,,,,,0,,,,,,
MainR001Level001,1,1,1,,,Main R output master level,196,tl,255,,,,,,,,,,dB:Off:-50@31:-30@63:-10@127:10,,,,,2,1,2169,0x0879,,,,190,GainFast,Slew,3,8,Exp,Scalar
MainR001Mute001,1,1,1,,,Main R output mute on/off,197,tm,2,,,,,,,,,,,,,,,2,1,2170,0x087A,,,,0,InstantCtl,Instant,0,0,Linear,Scalar
MainR001Delay001,1,1,1,,,Main R output delay up to 250ms,198,tn,255,,,,,,,,,,,,,,,,,,,,,,0,,,,,,
MainR001Mtr001,1,1,1,,false,Main R output level meter,199,to,80,,,,,,,,,,,,,,,2,1,1831,0x0727,,,,-,,Instant,0,0,Linear,Scalar
MainR001Name001,1,1,1,,,Main R output name,200,tp,255,,,,,,,,,,,,,,,,,,,,,,-,,,,,,
Aux001Delay001,1,1,1,,,Aux output delay up to 250ms,201,tq,255,,,,,,,,,,0=0/127=250/[Log],,,,,2,1,87,0x0057,,,,0,InstantCtl,Instant,0,0,Linear,Scalar
Aux002Delay001,1,2,1,,,Aux output delay up to 250ms,202,tr,255,,,,,,,,,,0=0/127=250/[Log],,,,,2,1,177,0x00B1,,,,0,InstantCtl,Instant,0,0,Linear,Scalar
Aux003Delay001,1,3,1,,,Aux output delay up to 250ms,203,ts,255,,,,,,,,,,0=0/127=250/[Log],,,,,2,1,267,0x010B,,,,0,InstantCtl,Instant,0,0,Linear,Scalar
Aux004Delay001,1,4,1,,,Aux output delay up to 250ms,204,tt,255,,,,,,,,,,0=0/127=250/[Log],,,,,2,1,357,0x0165,,,,0,InstantCtl,Instant,0,0,Linear,Scalar
Aux005Delay001,1,5,1,,,Aux output delay up to 250ms,205,tu,255,,,,,,,,,,0=0/127=250/[Log],,,,,2,1,447,0x01BF,,,,0,InstantCtl,Instant,0,0,Linear,Scalar
Aux006Delay001,1,6,1,,,Aux output delay up to 250ms,206,tv,255,,,,,,,,,,0=0/127=250/[Log],,,,,2,1,537,0x0219,,,,0,InstantCtl,Instant,0,0,Linear,Scalar
Aux007Delay001,1,7,1,,,Aux output delay up to 250ms,207,tw,255,,,,,,,,,,0=0/127=250/[Log],,,,,2,1,627,0x0273,,,,0,InstantCtl,Instant,0,0,Linear,Scalar
Aux008Delay001,1,8,1,,,Aux output delay up to 250ms,208,uh,255,,,,,,,,,,0=0/127=250/[Log],,,,,2,1,717,0x02CD,,,,0,InstantCtl,Instant,0,0,Linear,Scalar
Aux001EqFreq001,1,1,1,,,Aux 4-band parametric EQ frequency,209,ui,255,127,,,,,,,AuxEq,,0=20/254=200/[Log][0dp],,,,,2,1,4,0x0004,,,,-,EqSafe,LinearFrames,12,12,Linear,CoeffSetAtomic
Aux002EqFreq001,1,2,1,,,Aux 4-band parametric EQ frequency,210,uj,255,127,,,,,,,AuxEq,,0=20/254=200/[Log][0dp],,,,,2,1,94,0x005E,,,,-,EqSafe,LinearFrames,12,12,Linear,CoeffSetAtomic
Aux003EqFreq001,1,3,1,,,Aux 4-band parametric EQ frequency,211,uk,255,127,,,,,,,AuxEq,,0=20/254=200/[Log][0dp],,,,,2,1,184,0x00B8,,,,-,EqSafe,LinearFrames,12,12,Linear,CoeffSetAtomic
Aux004EqFreq001,1,4,1,,,Aux 4-band parametric EQ frequency,212,ul,255,127,,,,,,,AuxEq,,0=20/254=200/[Log][0dp],,,,,2,1,274,0x0112,,,,-,EqSafe,LinearFrames,12,12,Linear,CoeffSetAtomic
Aux005EqFreq001,1,5,1,,,Aux 4-band parametric EQ frequency,213,um,255,127,,,,,,,AuxEq,,0=20/254=200/[Log][0dp],,,,,2,1,364,0x016C,,,,-,EqSafe,LinearFrames,12,12,Linear,CoeffSetAtomic
Aux006EqFreq001,1,6,1,,,Aux 4-band parametric EQ frequency,214,un,255,127,,,,,,,AuxEq,,0=20/254=200/[Log][0dp],,,,,2,1,454,0x01C6,,,,-,EqSafe,LinearFrames,12,12,Linear,CoeffSetAtomic
Aux007EqFreq001,1,7,1,,,Aux 4-band parametric EQ frequency,215,uo,255,127,,,,,,,AuxEq,,0=20/254=200/[Log][0dp],,,,,2,1,544,0x0220,,,,-,EqSafe,LinearFrames,12,12,Linear,CoeffSetAtomic
Aux008EqFreq001,1,8,1,,,Aux 4-band parametric EQ frequency,216,up,255,127,,,,,,,AuxEq,,0=20/254=200/[Log][0dp],,,,,2,1,634,0x027A,,,,-,EqSafe,LinearFrames,12,12,Linear,CoeffSetAtomic
Aux001EqFreq002,1,1,2,,,Aux 4-band parametric EQ frequency,217,uq,255,127,,,,,,,AuxEq,,0=100/254=1000/[Log][0dp],,,,,2,1,9,0x0009,,,,-,EqSafe,LinearFrames,12,12,Linear,CoeffSetAtomic
Aux002EqFreq002,1,2,2,,,Aux 4-band parametric EQ frequency,218,ur,255,127,,,,,,,AuxEq,,0=100/254=1000/[Log][0dp],,,,,2,1,99,0x0063,,,,-,EqSafe,LinearFrames,12,12,Linear,CoeffSetAtomic
Aux003EqFreq002,1,3,2,,,Aux 4-band parametric EQ frequency,219,us,255,127,,,,,,,AuxEq,,0=100/254=1000/[Log][0dp],,,,,2,1,189,0x00BD,,,,-,EqSafe,LinearFrames,12,12,Linear,CoeffSetAtomic
Aux004EqFreq002,1,4,2,,,Aux 4-band parametric EQ frequency,220,ut,255,127,,,,,,,AuxEq,,0=100/254=1000/[Log][0dp],,,,,2,1,279,0x0117,,,,-,EqSafe,LinearFrames,12,12,Linear,CoeffSetAtomic
Aux005EqFreq002,1,5,2,,,Aux 4-band parametric EQ frequency,221,uu,255,127,,,,,,,AuxEq,,0=100/254=1000/[Log][0dp],,,,,2,1,369,0x0171,,,,-,EqSafe,LinearFrames,12,12,Linear,CoeffSetAtomic
Aux006EqFreq002,1,6,2,,,Aux 4-band parametric EQ frequency,222,uv,255,127,,,,,,,AuxEq,,0=100/254=1000/[Log][0dp],,,,,2,1,459,0x01CB,,,,-,EqSafe,LinearFrames,12,12,Linear,CoeffSetAtomic
Aux007EqFreq002,1,7,2,,,Aux 4-band parametric EQ frequency,223,uw,255,127,,,,,,,AuxEq,,0=100/254=1000/[Log][0dp],,,,,2,1,549,0x0225,,,,-,EqSafe,LinearFrames,12,12,Linear,CoeffSetAtomic
Aux008EqFreq002,1,8,2,,,Aux 4-band parametric EQ frequency,224,vh,255,127,,,,,,,AuxEq,,0=100/254=1000/[Log][0dp],,,,,2,1,639,0x027F,,,,-,EqSafe,LinearFrames,12,12,Linear,CoeffSetAtomic
Aux001EqFreq003,1,1,3,,,Aux 4-band parametric EQ frequency,225,vi,255,127,,,,,,,AuxEq,,0=800/254=5000/[Log][0dp],,,,,2,1,14,0x000E,,,,-,EqSafe,LinearFrames,12,12,Linear,CoeffSetAtomic
Aux002EqFreq003,1,2,3,,,Aux 4-band parametric EQ frequency,226,vj,255,127,,,,,,,AuxEq,,0=800/254=5000/[Log][0dp],,,,,2,1,104,0x0068,,,,-,EqSafe,LinearFrames,12,12,Linear,CoeffSetAtomic
Aux003EqFreq003,1,3,3,,,Aux 4-band parametric EQ frequency,227,vk,255,127,,,,,,,AuxEq,,0=800/254=5000/[Log][0dp],,,,,2,1,194,0x00C2,,,,-,EqSafe,LinearFrames,12,12,Linear,CoeffSetAtomic
Aux004EqFreq003,1,4,3,,,Aux 4-band parametric EQ frequency,228,vl,255,127,,,,,,,AuxEq,,0=800/254=5000/[Log][0dp],,,,,2,1,284,0x011C,,,,-,EqSafe,LinearFrames,12,12,Linear,CoeffSetAtomic
Aux005EqFreq003,1,5,3,,,Aux 4-band parametric EQ frequency,229,vm,255,127,,,,,,,AuxEq,,0=800/254=5000/[Log][0dp],,,,,2,1,374,0x0176,,,,-,EqSafe,LinearFrames,12,12,Linear,CoeffSetAtomic
Aux006EqFreq003,1,6,3,,,Aux 4-band parametric EQ frequency,230,vn,255,127,,,,,,,AuxEq,,0=800/254=5000/[Log][0dp],,,,,2,1,464,0x01D0,,,,-,EqSafe,LinearFrames,12,12,Linear,CoeffSetAtomic
Aux007EqFreq003,1,7,3,,,Aux 4-band parametric EQ frequency,231,vo,255,127,,,,,,,AuxEq,,0=800/254=5000/[Log][0dp],,,,,2,1,554,0x022A,,,,-,EqSafe,LinearFrames,12,12,Linear,CoeffSetAtomic
Aux008EqFreq003,1,8,3,,,Aux 4-band parametric EQ frequency,232,vp,255,127,,,,,,,AuxEq,,0=800/254=5000/[Log][0dp],,,,,2,1,644,0x0284,,,,-,EqSafe,LinearFrames,12,12,Linear,CoeffSetAtomic
Aux001EqFreq004,1,1,4,,,Aux 4-band parametric EQ frequency,233,vq,255,127,,,,,,,AuxEq,,0=3000/254=20000/[Log][0dp],,,,,2,1,19,0x0013,,,,-,EqSafe,LinearFrames,12,12,Linear,CoeffSetAtomic
Aux002EqFreq004,1,2,4,,,Aux 4-band parametric EQ frequency,234,vr,255,127,,,,,,,AuxEq,,0=3000/254=20000/[Log][0dp],,,,,2,1,109,0x006D,,,,-,EqSafe,LinearFrames,12,12,Linear,CoeffSetAtomic
Aux003EqFreq004,1,3,4,,,Aux 4-band parametric EQ frequency,235,vs,255,127,,,,,,,AuxEq,,0=3000/254=20000/[Log][0dp],,,,,2,1,199,0x00C7,,,,-,EqSafe,LinearFrames,12,12,Linear,CoeffSetAtomic
Aux004EqFreq004,1,4,4,,,Aux 4-band parametric EQ frequency,236,vt,255,127,,,,,,,AuxEq,,0=3000/254=20000/[Log][0dp],,,,,2,1,289,0x0121,,,,-,EqSafe,LinearFrames,12,12,Linear,CoeffSetAtomic
Aux005EqFreq004,1,5,4,,,Aux 4-band parametric EQ frequency,237,vu,255,127,,,,,,,AuxEq,,0=3000/254=20000/[Log][0dp],,,,,2,1,379,0x017B,,,,-,EqSafe,LinearFrames,12,12,Linear,CoeffSetAtomic
Aux006EqFreq004,1,6,4,,,Aux 4-band parametric EQ frequency,238,vv,255,127,,,,,,,AuxEq,,0=3000/254=20000/[Log][0dp],,,,,2,1,469,0x01D5,,,,-,EqSafe,LinearFrames,12,12,Linear,CoeffSetAtomic
Aux007EqFreq004,1,7,4,,,Aux 4-band parametric EQ frequency,239,vw,255,127,,,,,,,AuxEq,,0=3000/254=20000/[Log][0dp],,,,,2,1,559,0x022F,,,,-,EqSafe,LinearFrames,12,12,Linear,CoeffSetAtomic
Aux008EqFreq004,1,8,4,,,Aux 4-band parametric EQ frequency,240,wh,255,127,,,,,,,AuxEq,,0=3000/254=20000/[Log][0dp],,,,,2,1,649,0x0289,,,,-,EqSafe,LinearFrames,12,12,Linear,CoeffSetAtomic
Aux001EqGain001,1,1,1,,,Aux 4-band parametric EQ gain ±15dB,241,wi,121,60,,,,,,,AuxEq,,0=-15/120=15/[Lin][2dp],,,,,2,1,4,0x0004,,,,60,EqSafe,LinearFrames,12,12,Linear,CoeffSetAtomic
Aux001EqGain002,1,1,2,,,Aux 4-band parametric EQ gain ±15dB,242,wj,121,60,,,,,,,AuxEq,,0=-15/120=15/[Lin][2dp],,,,,2,1,9,0x0009,,,,60,EqSafe,LinearFrames,12,12,Linear,CoeffSetAtomic
Aux001EqGain003,1,1,3,,,Aux 4-band parametric EQ gain ±15dB,243,wk,121,60,,,,,,,AuxEq,,0=-15/120=15/[Lin][2dp],,,,,2,1,14,0x000E,,,,60,EqSafe,LinearFrames,12,12,Linear,CoeffSetAtomic
Aux001EqGain004,1,1,4,,,Aux 4-band parametric EQ gain ±15dB,244,wl,121,60,,,,,,,AuxEq,,0=-15/120=15/[Lin][2dp],,,,,2,1,19,0x0013,,,,60,EqSafe,LinearFrames,12,12,Linear,CoeffSetAtomic
Aux002EqGain001,1,2,1,,,Aux 4-band parametric EQ gain ±15dB,245,wm,121,60,,,,,,,AuxEq,,0=-15/120=15/[Lin][2dp],,,,,2,1,94,0x005E,,,,60,EqSafe,LinearFrames,12,12,Linear,CoeffSetAtomic
Aux002EqGain002,1,2,2,,,Aux 4-band parametric EQ gain ±15dB,246,wn,121,60,,,,,,,AuxEq,,0=-15/120=15/[Lin][2dp],,,,,2,1,99,0x0063,,,,60,EqSafe,LinearFrames,12,12,Linear,CoeffSetAtomic
Aux002EqGain003,1,2,3,,,Aux 4-band parametric EQ gain ±15dB,247,wo,121,60,,,,,,,AuxEq,,0=-15/120=15/[Lin][2dp],,,,,2,1,104,0x0068,,,,60,EqSafe,LinearFrames,12,12,Linear,CoeffSetAtomic
Aux002EqGain004,1,2,4,,,Aux 4-band parametric EQ gain ±15dB,248,wp,121,60,,,,,,,AuxEq,,0=-15/120=15/[Lin][2dp],,,,,2,1,109,0x006D,,,,60,EqSafe,LinearFrames,12,12,Linear,CoeffSetAtomic
Aux003EqGain001,1,3,1,,,Aux 4-band parametric EQ gain ±15dB,249,wq,121,60,,,,,,,AuxEq,,0=-15/120=15/[Lin][2dp],,,,,2,1,184,0x00B8,,,,60,EqSafe,LinearFrames,12,12,Linear,CoeffSetAtomic
Aux003EqGain002,1,3,2,,,Aux 4-band parametric EQ gain ±15dB,250,wr,121,60,,,,,,,AuxEq,,0=-15/120=15/[Lin][2dp],,,,,2,1,189,0x00BD,,,,60,EqSafe,LinearFrames,12,12,Linear,CoeffSetAtomic
Aux003EqGain003,1,3,3,,,Aux 4-band parametric EQ gain ±15dB,251,ws,121,60,,,,,,,AuxEq,,0=-15/120=15/[Lin][2dp],,,,,2,1,194,0x00C2,,,,60,EqSafe,LinearFrames,12,12,Linear,CoeffSetAtomic
Aux003EqGain004,1,3,4,,,Aux 4-band parametric EQ gain ±15dB,252,wt,121,60,,,,,,,AuxEq,,0=-15/120=15/[Lin][2dp],,,,,2,1,199,0x00C7,,,,60,EqSafe,LinearFrames,12,12,Linear,CoeffSetAtomic
Aux004EqGain001,1,4,1,,,Aux 4-band parametric EQ gain ±15dB,253,wu,121,60,,,,,,,AuxEq,,0=-15/120=15/[Lin][2dp],,,,,2,1,274,0x0112,,,,60,EqSafe,LinearFrames,12,12,Linear,CoeffSetAtomic
Aux004EqGain002,1,4,2,,,Aux 4-band parametric EQ gain ±15dB,254,wv,121,60,,,,,,,AuxEq,,0=-15/120=15/[Lin][2dp],,,,,2,1,279,0x0117,,,,60,EqSafe,LinearFrames,12,12,Linear,CoeffSetAtomic
Aux004EqGain003,1,4,3,,,Aux 4-band parametric EQ gain ±15dB,255,ww,121,60,,,,,,,AuxEq,,0=-15/120=15/[Lin][2dp],,,,,2,1,284,0x011C,,,,60,EqSafe,LinearFrames,12,12,Linear,CoeffSetAtomic
Aux004EqGain004,1,4,4,,,Aux 4-band parametric EQ gain ±15dB,256,ihh,121,60,,,,,,,AuxEq,,0=-15/120=15/[Lin][2dp],,,,,2,1,289,0x0121,,,,60,EqSafe,LinearFrames,12,12,Linear,CoeffSetAtomic
Aux005EqGain001,1,5,1,,,Aux 4-band parametric EQ gain ±15dB,257,ihi,121,60,,,,,,,AuxEq,,0=-15/120=15/[Lin][2dp],,,,,2,1,364,0x016C,,,,60,EqSafe,LinearFrames,12,12,Linear,CoeffSetAtomic
Aux005EqGain002,1,5,2,,,Aux 4-band parametric EQ gain ±15dB,258,ihj,121,60,,,,,,,AuxEq,,0=-15/120=15/[Lin][2dp],,,,,2,1,369,0x0171,,,,60,EqSafe,LinearFrames,12,12,Linear,CoeffSetAtomic
Aux005EqGain003,1,5,3,,,Aux 4-band parametric EQ gain ±15dB,259,ihk,121,60,,,,,,,AuxEq,,0=-15/120=15/[Lin][2dp],,,,,2,1,374,0x0176,,,,60,EqSafe,LinearFrames,12,12,Linear,CoeffSetAtomic
Aux005EqGain004,1,5,4,,,Aux 4-band parametric EQ gain ±15dB,260,ihl,121,60,,,,,,,AuxEq,,0=-15/120=15/[Lin][2dp],,,,,2,1,379,0x017B,,,,60,EqSafe,LinearFrames,12,12,Linear,CoeffSetAtomic
Aux006EqGain001,1,6,1,,,Aux 4-band parametric EQ gain ±15dB,261,ihm,121,60,,,,,,,AuxEq,,0=-15/120=15/[Lin][2dp],,,,,2,1,454,0x01C6,,,,60,EqSafe,LinearFrames,12,12,Linear,CoeffSetAtomic
Aux006EqGain002,1,6,2,,,Aux 4-band parametric EQ gain ±15dB,262,ihn,121,60,,,,,,,AuxEq,,0=-15/120=15/[Lin][2dp],,,,,2,1,459,0x01CB,,,,60,EqSafe,LinearFrames,12,12,Linear,CoeffSetAtomic
Aux006EqGain003,1,6,3,,,Aux 4-band parametric EQ gain ±15dB,263,iho,121,60,,,,,,,AuxEq,,0=-15/120=15/[Lin][2dp],,,,,2,1,464,0x01D0,,,,60,EqSafe,LinearFrames,12,12,Linear,CoeffSetAtomic
Aux006EqGain004,1,6,4,,,Aux 4-band parametric EQ gain ±15dB,264,ihp,121,60,,,,,,,AuxEq,,0=-15/120=15/[Lin][2dp],,,,,2,1,469,0x01D5,,,,60,EqSafe,LinearFrames,12,12,Linear,CoeffSetAtomic
Aux007EqGain001,1,7,1,,,Aux 4-band parametric EQ gain ±15dB,265,ihq,121,60,,,,,,,AuxEq,,0=-15/120=15/[Lin][2dp],,,,,2,1,544,0x0220,,,,60,EqSafe,LinearFrames,12,12,Linear,CoeffSetAtomic
Aux007EqGain002,1,7,2,,,Aux 4-band parametric EQ gain ±15dB,266,ihr,121,60,,,,,,,AuxEq,,0=-15/120=15/[Lin][2dp],,,,,2,1,549,0x0225,,,,60,EqSafe,LinearFrames,12,12,Linear,CoeffSetAtomic
Aux007EqGain003,1,7,3,,,Aux 4-band parametric EQ gain ±15dB,267,ihs,121,60,,,,,,,AuxEq,,0=-15/120=15/[Lin][2dp],,,,,2,1,554,0x022A,,,,60,EqSafe,LinearFrames,12,12,Linear,CoeffSetAtomic
Aux007EqGain004,1,7,4,,,Aux 4-band parametric EQ gain ±15dB,268,iht,121,60,,,,,,,AuxEq,,0=-15/120=15/[Lin][2dp],,,,,2,1,559,0x022F,,,,60,EqSafe,LinearFrames,12,12,Linear,CoeffSetAtomic
Aux008EqGain001,1,8,1,,,Aux 4-band parametric EQ gain ±15dB,269,ihu,121,60,,,,,,,AuxEq,,0=-15/120=15/[Lin][2dp],,,,,2,1,634,0x027A,,,,60,EqSafe,LinearFrames,12,12,Linear,CoeffSetAtomic
Aux008EqGain002,1,8,2,,,Aux 4-band parametric EQ gain ±15dB,270,ihv,121,60,,,,,,,AuxEq,,0=-15/120=15/[Lin][2dp],,,,,2,1,639,0x027F,,,,60,EqSafe,LinearFrames,12,12,Linear,CoeffSetAtomic
Aux008EqGain003,1,8,3,,,Aux 4-band parametric EQ gain ±15dB,271,ihw,121,60,,,,,,,AuxEq,,0=-15/120=15/[Lin][2dp],,,,,2,1,644,0x0284,,,,60,EqSafe,LinearFrames,12,12,Linear,CoeffSetAtomic
Aux008EqGain004,1,8,4,,,Aux 4-band parametric EQ gain ±15dB,272,iih,121,60,,,,,,,AuxEq,,0=-15/120=15/[Lin][2dp],,,,,2,1,649,0x0289,,,,60,EqSafe,LinearFrames,12,12,Linear,CoeffSetAtomic
Aux001EqHpf001,1,1,1,,,Aux high-pass filter frequency,273,iii,65,32,,,,,,,AuxEq,,0=20/64=1000/[Log][0dp],,,,,2,1,4,0x0004,,,,0,EqSafe,LinearFrames,12,12,Linear,CoeffSetAtomic
Aux002EqHpf001,1,2,1,,,Aux high-pass filter frequency,274,iij,65,32,,,,,,,AuxEq,,0=20/64=1000/[Log][0dp],,,,,2,1,94,0x005E,,,,0,EqSafe,LinearFrames,12,12,Linear,CoeffSetAtomic
Aux003EqHpf001,1,3,1,,,Aux high-pass filter frequency,275,iik,65,32,,,,,,,AuxEq,,0=20/64=1000/[Log][0dp],,,,,2,1,184,0x00B8,,,,0,EqSafe,LinearFrames,12,12,Linear,CoeffSetAtomic
Aux004EqHpf001,1,4,1,,,Aux high-pass filter frequency,276,iil,65,32,,,,,,,AuxEq,,0=20/64=1000/[Log][0dp],,,,,2,1,274,0x0112,,,,0,EqSafe,LinearFrames,12,12,Linear,CoeffSetAtomic
Aux005EqHpf001,1,5,1,,,Aux high-pass filter frequency,277,iim,65,32,,,,,,,AuxEq,,0=20/64=1000/[Log][0dp],,,,,2,1,364,0x016C,,,,0,EqSafe,LinearFrames,12,12,Linear,CoeffSetAtomic
Aux006EqHpf001,1,6,1,,,Aux high-pass filter frequency,278,iin,65,32,,,,,,,AuxEq,,0=20/64=1000/[Log][0dp],,,,,2,1,454,0x01C6,,,,0,EqSafe,LinearFrames,12,12,Linear,CoeffSetAtomic
Aux007EqHpf001,1,7,1,,,Aux high-pass filter frequency,279,iio,65,32,,,,,,,AuxEq,,0=20/64=1000/[Log][0dp],,,,,2,1,544,0x0220,,,,0,EqSafe,LinearFrames,12,12,Linear,CoeffSetAtomic
Aux008EqHpf001,1,8,1,,,Aux high-pass filter frequency,280,iip,65,32,,,,,,,AuxEq,,0=20/64=1000/[Log][0dp],,,,,2,1,634,0x027A,,,,0,EqSafe,LinearFrames,12,12,Linear,CoeffSetAtomic
Aux001EqOn001,1,1,1,,,Aux EQ on/off,281,iiq,2,,,,,,,,AuxEq,,,,,,,2,1,25,0x0019,,,,0,InstantCtl,Instant,0,0,Linear,Scalar
Aux002EqOn001,1,2,1,,,Aux EQ on/off,282,iir,2,,,,,,,,AuxEq,,,,,,,2,1,115,0x0073,,,,0,InstantCtl,Instant,0,0,Linear,Scalar
Aux003EqOn001,1,3,1,,,Aux EQ on/off,283,iis,2,,,,,,,,AuxEq,,,,,,,2,1,205,0x00CD,,,,0,InstantCtl,Instant,0,0,Linear,Scalar
Aux004EqOn001,1,4,1,,,Aux EQ on/off,284,iit,2,,,,,,,,AuxEq,,,,,,,2,1,295,0x0127,,,,0,InstantCtl,Instant,0,0,Linear,Scalar
Aux005EqOn001,1,5,1,,,Aux EQ on/off,285,iiu,2,,,,,,,,AuxEq,,,,,,,2,1,385,0x0181,,,,0,InstantCtl,Instant,0,0,Linear,Scalar
Aux006EqOn001,1,6,1,,,Aux EQ on/off,286,iiv,2,,,,,,,,AuxEq,,,,,,,2,1,475,0x01DB,,,,0,InstantCtl,Instant,0,0,Linear,Scalar
Aux007EqOn001,1,7,1,,,Aux EQ on/off,287,iiw,2,,,,,,,,AuxEq,,,,,,,2,1,565,0x0235,,,,0,InstantCtl,Instant,0,0,Linear,Scalar
Aux008EqOn001,1,8,1,,,Aux EQ on/off,288,ijh,2,,,,,,,,AuxEq,,,,,,,2,1,655,0x028F,,,,0,InstantCtl,Instant,0,0,Linear,Scalar
Aux001EqQ001,1,1,1,,,Aux 4-band parametric EQ Q/bandwidth,289,iji,121,60,,,,,,,AuxEq,,0=0.1/120=10/[Log][2dp],,,,,2,1,4,0x0004,,,,-,EqSafe,LinearFrames,12,12,Linear,CoeffSetAtomic
Aux001EqQ002,1,1,2,,,Aux 4-band parametric EQ Q/bandwidth,290,ijj,121,60,,,,,,,AuxEq,,0=0.1/120=10/[Log][2dp],,,,,2,1,9,0x0009,,,,-,EqSafe,LinearFrames,12,12,Linear,CoeffSetAtomic
Aux001EqQ003,1,1,3,,,Aux 4-band parametric EQ Q/bandwidth,291,ijk,121,60,,,,,,,AuxEq,,0=0.1/120=10/[Log][2dp],,,,,2,1,14,0x000E,,,,-,EqSafe,LinearFrames,12,12,Linear,CoeffSetAtomic
Aux001EqQ004,1,1,4,,,Aux 4-band parametric EQ Q/bandwidth,292,ijl,121,60,,,,,,,AuxEq,,0=0.1/120=10/[Log][2dp],,,,,2,1,19,0x0013,,,,-,EqSafe,LinearFrames,12,12,Linear,CoeffSetAtomic
Aux002EqQ001,1,2,1,,,Aux 4-band parametric EQ Q/bandwidth,293,ijm,121,60,,,,,,,AuxEq,,0=0.1/120=10/[Log][2dp],,,,,2,1,94,0x005E,,,,-,EqSafe,LinearFrames,12,12,Linear,CoeffSetAtomic
Aux002EqQ002,1,2,2,,,Aux 4-band parametric EQ Q/bandwidth,294,ijn,121,60,,,,,,,AuxEq,,0=0.1/120=10/[Log][2dp],,,,,2,1,99,0x0063,,,,-,EqSafe,LinearFrames,12,12,Linear,CoeffSetAtomic
Aux002EqQ003,1,2,3,,,Aux 4-band parametric EQ Q/bandwidth,295,ijo,121,60,,,,,,,AuxEq,,0=0.1/120=10/[Log][2dp],,,,,2,1,104,0x0068,,,,-,EqSafe,LinearFrames,12,12,Linear,CoeffSetAtomic
Aux002EqQ004,1,2,4,,,Aux 4-band parametric EQ Q/bandwidth,296,ijp,121,60,,,,,,,AuxEq,,0=0.1/120=10/[Log][2dp],,,,,2,1,109,0x006D,,,,-,EqSafe,LinearFrames,12,12,Linear,CoeffSetAtomic
Aux003EqQ001,1,3,1,,,Aux 4-band parametric EQ Q/bandwidth,297,ijq,121,60,,,,,,,AuxEq,,0=0.1/120=10/[Log][2dp],,,,,2,1,184,0x00B8,,,,-,EqSafe,LinearFrames,12,12,Linear,CoeffSetAtomic
Aux003EqQ002,1,3,2,,,Aux 4-band parametric EQ Q/bandwidth,298,ijr,121,60,,,,,,,AuxEq,,0=0.1/120=10/[Log][2dp],,,,,2,1,189,0x00BD,,,,-,EqSafe,LinearFrames,12,12,Linear,CoeffSetAtomic
Aux003EqQ003,1,3,3,,,Aux 4-band parametric EQ Q/bandwidth,299,ijs,121,60,,,,,,,AuxEq,,0=0.1/120=10/[Log][2dp],,,,,2,1,194,0x00C2,,,,-,EqSafe,LinearFrames,12,12,Linear,CoeffSetAtomic
Aux003EqQ004,1,3,4,,,Aux 4-band parametric EQ Q/bandwidth,300,ijt,121,60,,,,,,,AuxEq,,0=0.1/120=10/[Log][2dp],,,,,2,1,199,0x00C7,,,,-,EqSafe,LinearFrames,12,12,Linear,CoeffSetAtomic
Aux004EqQ001,1,4,1,,,Aux 4-band parametric EQ Q/bandwidth,301,iju,121,60,,,,,,,AuxEq,,0=0.1/120=10/[Log][2dp],,,,,2,1,274,0x0112,,,,-,EqSafe,LinearFrames,12,12,Linear,CoeffSetAtomic
Aux004EqQ002,1,4,2,,,Aux 4-band parametric EQ Q/bandwidth,302,ijv,121,60,,,,,,,AuxEq,,0=0.1/120=10/[Log][2dp],,,,,2,1,279,0x0117,,,,-,EqSafe,LinearFrames,12,12,Linear,CoeffSetAtomic
Aux004EqQ003,1,4,3,,,Aux 4-band parametric EQ Q/bandwidth,303,ijw,121,60,,,,,,,AuxEq,,0=0.1/120=10/[Log][2dp],,,,,2,1,284,0x011C,,,,-,EqSafe,LinearFrames,12,12,Linear,CoeffSetAtomic
Aux004EqQ004,1,4,4,,,Aux 4-band parametric EQ Q/bandwidth,304,ikh,121,60,,,,,,,AuxEq,,0=0.1/120=10/[Log][2dp],,,,,2,1,289,0x0121,,,,-,EqSafe,LinearFrames,12,12,Linear,CoeffSetAtomic
Aux005EqQ001,1,5,1,,,Aux 4-band parametric EQ Q/bandwidth,305,iki,121,60,,,,,,,AuxEq,,0=0.1/120=10/[Log][2dp],,,,,2,1,364,0x016C,,,,-,EqSafe,LinearFrames,12,12,Linear,CoeffSetAtomic
Aux005EqQ002,1,5,2,,,Aux 4-band parametric EQ Q/bandwidth,306,ikj,121,60,,,,,,,AuxEq,,0=0.1/120=10/[Log][2dp],,,,,2,1,369,0x0171,,,,-,EqSafe,LinearFrames,12,12,Linear,CoeffSetAtomic
Aux005EqQ003,1,5,3,,,Aux 4-band parametric EQ Q/bandwidth,307,ikk,121,60,,,,,,,AuxEq,,0=0.1/120=10/[Log][2dp],,,,,2,1,374,0x0176,,,,-,EqSafe,LinearFrames,12,12,Linear,CoeffSetAtomic
Aux005EqQ004,1,5,4,,,Aux 4-band parametric EQ Q/bandwidth,308,ikl,121,60,,,,,,,AuxEq,,0=0.1/120=10/[Log][2dp],,,,,2,1,379,0x017B,,,,-,EqSafe,LinearFrames,12,12,Linear,CoeffSetAtomic
Aux006EqQ001,1,6,1,,,Aux 4-band parametric EQ Q/bandwidth,309,ikm,121,60,,,,,,,AuxEq,,0=0.1/120=10/[Log][2dp],,,,,2,1,454,0x01C6,,,,-,EqSafe,LinearFrames,12,12,Linear,CoeffSetAtomic
Aux006EqQ002,1,6,2,,,Aux 4-band parametric EQ Q/bandwidth,310,ikn,121,60,,,,,,,AuxEq,,0=0.1/120=10/[Log][2dp],,,,,2,1,459,0x01CB,,,,-,EqSafe,LinearFrames,12,12,Linear,CoeffSetAtomic
Aux006EqQ003,1,6,3,,,Aux 4-band parametric EQ Q/bandwidth,311,iko,121,60,,,,,,,AuxEq,,0=0.1/120=10/[Log][2dp],,,,,2,1,464,0x01D0,,,,-,EqSafe,LinearFrames,12,12,Linear,CoeffSetAtomic
Aux006EqQ004,1,6,4,,,Aux 4-band parametric EQ Q/bandwidth,312,ikp,121,60,,,,,,,AuxEq,,0=0.1/120=10/[Log][2dp],,,,,2,1,469,0x01D5,,,,-,EqSafe,LinearFrames,12,12,Linear,CoeffSetAtomic
Aux007EqQ001,1,7,1,,,Aux 4-band parametric EQ Q/bandwidth,313,ikq,121,60,,,,,,,AuxEq,,0=0.1/120=10/[Log][2dp],,,,,2,1,544,0x0220,,,,-,EqSafe,LinearFrames,12,12,Linear,CoeffSetAtomic
Aux007EqQ002,1,7,2,,,Aux 4-band parametric EQ Q/bandwidth,314,ikr,121,60,,,,,,,AuxEq,,0=0.1/120=10/[Log][2dp],,,,,2,1,549,0x0225,,,,-,EqSafe,LinearFrames,12,12,Linear,CoeffSetAtomic
Aux007EqQ003,1,7,3,,,Aux 4-band parametric EQ Q/bandwidth,315,iks,121,60,,,,,,,AuxEq,,0=0.1/120=10/[Log][2dp],,,,,2,1,554,0x022A,,,,-,EqSafe,LinearFrames,12,12,Linear,CoeffSetAtomic
Aux007EqQ004,1,7,4,,,Aux 4-band parametric EQ Q/bandwidth,316,ikt,121,60,,,,,,,AuxEq,,0=0.1/120=10/[Log][2dp],,,,,2,1,559,0x022F,,,,-,EqSafe,LinearFrames,12,12,Linear,CoeffSetAtomic
Aux008EqQ001,1,8,1,,,Aux 4-band parametric EQ Q/bandwidth,317,iku,121,60,,,,,,,AuxEq,,0=0.1/120=10/[Log][2dp],,,,,2,1,634,0x027A,,,,-,EqSafe,LinearFrames,12,12,Linear,CoeffSetAtomic
Aux008EqQ002,1,8,2,,,Aux 4-band parametric EQ Q/bandwidth,318,ikv,121,60,,,,,,,AuxEq,,0=0.1/120=10/[Log][2dp],,,,,2,1,639,0x027F,,,,-,EqSafe,LinearFrames,12,12,Linear,CoeffSetAtomic
Aux008EqQ003,1,8,3,,,Aux 4-band parametric EQ Q/bandwidth,319,ikw,121,60,,,,,,,AuxEq,,0=0.1/120=10/[Log][2dp],,,,,2,1,644,0x0284,,,,-,EqSafe,LinearFrames,12,12,Linear,CoeffSetAtomic
Aux008EqQ004,1,8,4,,,Aux 4-band parametric EQ Q/bandwidth,320,ilh,121,60,,,,,,,AuxEq,,0=0.1/120=10/[Log][2dp],,,,,2,1,649,0x0289,,,,-,EqSafe,LinearFrames,12,12,Linear,CoeffSetAtomic
Aux001EqShelf001,1,1,1,,,Aux EQ bands 1/4 shelf mode on/off,321,ili,2,,,,,,,,AuxEq,,,,,,,2,1,4,0x0004,,,,-,InstantCtl,Instant,0,0,Linear,Scalar
Aux001EqShelf002,1,1,2,,,Aux EQ bands 1/4 shelf mode on/off,322,ilj,2,,,,,,,,AuxEq,,,,,,,2,1,19,0x0013,,,,-,InstantCtl,Instant,0,0,Linear,Scalar
Aux002EqShelf001,1,2,1,,,Aux EQ bands 1/4 shelf mode on/off,323,ilk,2,,,,,,,,AuxEq,,,,,,,2,1,94,0x005E,,,,-,InstantCtl,Instant,0,0,Linear,Scalar
Aux002EqShelf002,1,2,2,,,Aux EQ bands 1/4 shelf mode on/off,324,ill,2,,,,,,,,AuxEq,,,,,,,2,1,109,0x006D,,,,-,InstantCtl,Instant,0,0,Linear,Scalar
Aux003EqShelf001,1,3,1,,,Aux EQ bands 1/4 shelf mode on/off,325,ilm,2,,,,,,,,AuxEq,,,,,,,2,1,184,0x00B8,,,,-,InstantCtl,Instant,0,0,Linear,Scalar
Aux003EqShelf002,1,3,2,,,Aux EQ bands 1/4 shelf mode on/off,326,iln,2,,,,,,,,AuxEq,,,,,,,2,1,199,0x00C7,,,,-,InstantCtl,Instant,0,0,Linear,Scalar
Aux004EqShelf001,1,4,1,,,Aux EQ bands 1/4 shelf mode on/off,327,ilo,2,,,,,,,,AuxEq,,,,,,,2,1,274,0x0112,,,,-,InstantCtl,Instant,0,0,Linear,Scalar
Aux004EqShelf002,1,4,2,,,Aux EQ bands 1/4 shelf mode on/off,328,ilp,2,,,,,,,,AuxEq,,,,,,,2,1,289,0x0121,,,,-,InstantCtl,Instant,0,0,Linear,Scalar
Aux005EqShelf001,1,5,1,,,Aux EQ bands 1/4 shelf mode on/off,329,ilq,2,,,,,,,,AuxEq,,,,,,,2,1,364,0x016C,,,,-,InstantCtl,Instant,0,0,Linear,Scalar
Aux005EqShelf002,1,5,2,,,Aux EQ bands 1/4 shelf mode on/off,330,ilr,2,,,,,,,,AuxEq,,,,,,,2,1,379,0x017B,,,,-,InstantCtl,Instant,0,0,Linear,Scalar
Aux006EqShelf001,1,6,1,,,Aux EQ bands 1/4 shelf mode on/off,331,ils,2,,,,,,,,AuxEq,,,,,,,2,1,454,0x01C6,,,,-,InstantCtl,Instant,0,0,Linear,Scalar
Aux006EqShelf002,1,6,2,,,Aux EQ bands 1/4 shelf mode on/off,332,ilt,2,,,,,,,,AuxEq,,,,,,,2,1,469,0x01D5,,,,-,InstantCtl,Instant,0,0,Linear,Scalar
Aux007EqShelf001,1,7,1,,,Aux EQ bands 1/4 shelf mode on/off,333,ilu,2,,,,,,,,AuxEq,,,,,,,2,1,544,0x0220,,,,-,InstantCtl,Instant,0,0,Linear,Scalar
Aux007EqShelf002,1,7,2,,,Aux EQ bands 1/4 shelf mode on/off,334,ilv,2,,,,,,,,AuxEq,,,,,,,2,1,559,0x022F,,,,-,InstantCtl,Instant,0,0,Linear,Scalar
Aux008EqShelf001,1,8,1,,,Aux EQ bands 1/4 shelf mode on/off,335,ilw,2,,,,,,,,AuxEq,,,,,,,2,1,634,0x027A,,,,-,InstantCtl,Instant,0,0,Linear,Scalar
Aux008EqShelf002,1,8,2,,,Aux EQ bands 1/4 shelf mode on/off,336,imh,2,,,,,,,,AuxEq,,,,,,,2,1,649,0x0289,,,,-,InstantCtl,Instant,0,0,Linear,Scalar
Aux001Geq001,1,1,1,,,Aux 31-band 1/3-octave GEQ gain per band,337,imi,65,32,,,,,,,AuxEq,,0=-12/127=12/[Lin],,,,,2,1,28,0x001C,,,,32,EqSafe,LinearFrames,12,12,Linear,CoeffSetAtomic
Aux001Geq002,1,1,2,,,Aux 31-band 1/3-octave GEQ gain per band,338,imj,65,32,,,,,,,AuxEq,,0=-12/127=12/[Lin],,,,,2,1,29,0x001D,,,,32,EqSafe,LinearFrames,12,12,Linear,CoeffSetAtomic
Aux001Geq003,1,1,3,,,Aux 31-band 1/3-octave GEQ gain per band,339,imk,65,32,,,,,,,AuxEq,,0=-12/127=12/[Lin],,,,,2,1,30,0x001E,,,,32,EqSafe,LinearFrames,12,12,Linear,CoeffSetAtomic
Aux001Geq004,1,1,4,,,Aux 31-band 1/3-octave GEQ gain per band,340,iml,65,32,,,,,,,AuxEq,,0=-12/127=12/[Lin],,,,,2,1,31,0x001F,,,,32,EqSafe,LinearFrames,12,12,Linear,CoeffSetAtomic
Aux001Geq005,1,1,5,,,Aux 31-band 1/3-octave GEQ gain per band,341,imm,65,32,,,,,,,AuxEq,,0=-12/127=12/[Lin],,,,,2,1,32,0x0020,,,,32,EqSafe,LinearFrames,12,12,Linear,CoeffSetAtomic
Aux001Geq006,1,1,6,,,Aux 31-band 1/3-octave GEQ gain per band,342,imn,65,32,,,,,,,AuxEq,,0=-12/127=12/[Lin],,,,,2,1,33,0x0021,,,,32,EqSafe,LinearFrames,12,12,Linear,CoeffSetAtomic
Aux001Geq007,1,1,7,,,Aux 31-band 1/3-octave GEQ gain per band,343,imo,65,32,,,,,,,AuxEq,,0=-12/127=12/[Lin],,,,,2,1,34,0x0022,,,,32,EqSafe,LinearFrames,12,12,Linear,CoeffSetAtomic
Aux001Geq008,1,1,8,,,Aux 31-band 1/3-octave GEQ gain per band,344,imp,65,32,,,,,,,AuxEq,,0=-12/127=12/[Lin],,,,,2,1,35,0x0023,,,,32,EqSafe,LinearFrames,12,12,Linear,CoeffSetAtomic
Aux001Geq009,1,1,9,,,Aux 31-band 1/3-octave GEQ gain per band,345,imq,65,32,,,,,,,AuxEq,,0=-12/127=12/[Lin],,,,,2,1,36,0x0024,,,,32,EqSafe,LinearFrames,12,12,Linear,CoeffSetAtomic
Aux001Geq010,1,1,10,,,Aux 31-band 1/3-octave GEQ gain per band,346,imr,65,32,,,,,,,AuxEq,,0=-12/127=12/[Lin],,,,,2,1,37,0x0025,,,,32,EqSafe,LinearFrames,12,12,Linear,CoeffSetAtomic
Aux001Geq011,1,1,11,,,Aux 31-band 1/3-octave GEQ gain per band,347,ims,65,32,,,,,,,AuxEq,,0=-12/127=12/[Lin],,,,,2,1,38,0x0026,,,,32,EqSafe,LinearFrames,12,12,Linear,CoeffSetAtomic
Aux001Geq012,1,1,12,,,Aux 31-band 1/3-octave GEQ gain per band,348,imt,65,32,,,,,,,AuxEq,,0=-12/127=12/[Lin],,,,,2,1,39,0x0027,,,,32,EqSafe,LinearFrames,12,12,Linear,CoeffSetAtomic
Aux001Geq013,1,1,13,,,Aux 31-band 1/3-octave GEQ gain per band,349,imu,65,32,,,,,,,AuxEq,,0=-12/127=12/[Lin],,,,,2,1,40,0x0028,,,,32,EqSafe,LinearFrames,12,12,Linear,CoeffSetAtomic
Aux001Geq014,1,1,14,,,Aux 31-band 1/3-octave GEQ gain per band,350,imv,65,32,,,,,,,AuxEq,,0=-12/127=12/[Lin],,,,,2,1,41,0x0029,,,,32,EqSafe,LinearFrames,12,12,Linear,CoeffSetAtomic
Aux001Geq015,1,1,15,,,Aux 31-band 1/3-octave GEQ gain per band,351,imw,65,32,,,,,,,AuxEq,,0=-12/127=12/[Lin],,,,,2,1,42,0x002A,,,,32,EqSafe,LinearFrames,12,12,Linear,CoeffSetAtomic
Aux001Geq016,1,1,16,,,Aux 31-band 1/3-octave GEQ gain per band,352,inh,65,32,,,,,,,AuxEq,,0=-12/127=12/[Lin],,,,,2,1,43,0x002B,,,,32,EqSafe,LinearFrames,12,12,Linear,CoeffSetAtomic
Aux001Geq017,1,1,17,,,Aux 31-band 1/3-octave GEQ gain per band,353,ini,65,32,,,,,,,AuxEq,,0=-12/127=12/[Lin],,,,,2,1,44,0x002C,,,,32,EqSafe,LinearFrames,12,12,Linear,CoeffSetAtomic
Aux001Geq018,1,1,18,,,Aux 31-band 1/3-octave GEQ gain per band,354,inj,65,32,,,,,,,AuxEq,,0=-12/127=12/[Lin],,,,,2,1,45,0x002D,,,,32,EqSafe,LinearFrames,12,12,Linear,CoeffSetAtomic
Aux001Geq019,1,1,19,,,Aux 31-band 1/3-octave GEQ gain per band,355,ink,65,32,,,,,,,AuxEq,,0=-12/127=12/[Lin],,,,,2,1,46,0x002E,,,,32,EqSafe,LinearFrames,12,12,Linear,CoeffSetAtomic
Aux001Geq020,1,1,20,,,Aux 31-band 1/3-octave GEQ gain per band,356,inl,65,32,,,,,,,AuxEq,,0=-12/127=12/[Lin],,,,,2,1,47,0x002F,,,,32,EqSafe,LinearFrames,12,12,Linear,CoeffSetAtomic
Aux001Geq021,1,1,21,,,Aux 31-band 1/3-octave GEQ gain per band,357,inm,65,32,,,,,,,AuxEq,,0=-12/127=12/[Lin],,,,,2,1,48,0x0030,,,,32,EqSafe,LinearFrames,12,12,Linear,CoeffSetAtomic
Aux001Geq022,1,1,22,,,Aux 31-band 1/3-octave GEQ gain per band,358,inn,65,32,,,,,,,AuxEq,,0=-12/127=12/[Lin],,,,,2,1,49,0x0031,,,,32,EqSafe,LinearFrames,12,12,Linear,CoeffSetAtomic
Aux001Geq023,1,1,23,,,Aux 31-band 1/3-octave GEQ gain per band,359,ino,65,32,,,,,,,AuxEq,,0=-12/127=12/[Lin],,,,,2,1,50,0x0032,,,,32,EqSafe,LinearFrames,12,12,Linear,CoeffSetAtomic
Aux001Geq024,1,1,24,,,Aux 31-band 1/3-octave GEQ gain per band,360,inp,65,32,,,,,,,AuxEq,,0=-12/127=12/[Lin],,,,,2,1,51,0x0033,,,,32,EqSafe,LinearFrames,12,12,Linear,CoeffSetAtomic
Aux001Geq025,1,1,25,,,Aux 31-band 1/3-octave GEQ gain per band,361,inq,65,32,,,,,,,AuxEq,,0=-12/127=12/[Lin],,,,,2,1,52,0x0034,,,,32,EqSafe,LinearFrames,12,12,Linear,CoeffSetAtomic
Aux001Geq026,1,1,26,,,Aux 31-band 1/3-octave GEQ gain per band,362,inr,65,32,,,,,,,AuxEq,,0=-12/127=12/[Lin],,,,,2,1,53,0x0035,,,,32,EqSafe,LinearFrames,12,12,Linear,CoeffSetAtomic
Aux001Geq027,1,1,27,,,Aux 31-band 1/3-octave GEQ gain per band,363,ins,65,32,,,,,,,AuxEq,,0=-12/127=12/[Lin],,,,,2,1,54,0x0036,,,,32,EqSafe,LinearFrames,12,12,Linear,CoeffSetAtomic
Aux001Geq028,1,1,28,,,Aux 31-band 1/3-octave GEQ gain per band,364,int,65,32,,,,,,,AuxEq,,0=-12/127=12/[Lin],,,,,2,1,55,0x0037,,,,32,EqSafe,LinearFrames,12,12,Linear,CoeffSetAtomic
Aux001Geq029,1,1,29,,,Aux 31-band 1/3-octave GEQ gain per band,365,inu,65,32,,,,,,,AuxEq,,0=-12/127=12/[Lin],,,,,2,1,56,0x0038,,,,32,EqSafe,LinearFrames,12,12,Linear,CoeffSetAtomic
Aux001Geq030,1,1,30,,,Aux 31-band 1/3-octave GEQ gain per band,366,inv,65,32,,,,,,,AuxEq,,0=-12/127=12/[Lin],,,,,2,1,57,0x0039,,,,32,EqSafe,LinearFrames,12,12,Linear,CoeffSetAtomic
Aux001Geq031,1,1,31,,,Aux 31-band 1/3-octave GEQ gain per band,367,inw,65,32,,,,,,,AuxEq,,0=-12/127=12/[Lin],,,,,2,1,58,0x003A,,,,32,EqSafe,LinearFrames,12,12,Linear,CoeffSetAtomic
Aux002Geq001,1,2,1,,,Aux 31-band 1/3-octave GEQ gain per band,368,ioh,65,32,,,,,,,AuxEq,,0=-12/127=12/[Lin],,,,,2,1,118,0x0076,,,,32,EqSafe,LinearFrames,12,12,Linear,CoeffSetAtomic
Aux002Geq002,1,2,2,,,Aux 31-band 1/3-octave GEQ gain per band,369,ioi,65,32,,,,,,,AuxEq,,0=-12/127=12/[Lin],,,,,2,1,119,0x0077,,,,32,EqSafe,LinearFrames,12,12,Linear,CoeffSetAtomic
Aux002Geq003,1,2,3,,,Aux 31-band 1/3-octave GEQ gain per band,370,ioj,65,32,,,,,,,AuxEq,,0=-12/127=12/[Lin],,,,,2,1,120,0x0078,,,,32,EqSafe,LinearFrames,12,12,Linear,CoeffSetAtomic
Aux002Geq004,1,2,4,,,Aux 31-band 1/3-octave GEQ gain per band,371,iok,65,32,,,,,,,AuxEq,,0=-12/127=12/[Lin],,,,,2,1,121,0x0079,,,,32,EqSafe,LinearFrames,12,12,Linear,CoeffSetAtomic
Aux002Geq005,1,2,5,,,Aux 31-band 1/3-octave GEQ gain per band,372,iol,65,32,,,,,,,AuxEq,,0=-12/127=12/[Lin],,,,,2,1,122,0x007A,,,,32,EqSafe,LinearFrames,12,12,Linear,CoeffSetAtomic
Aux002Geq006,1,2,6,,,Aux 31-band 1/3-octave GEQ gain per band,373,iom,65,32,,,,,,,AuxEq,,0=-12/127=12/[Lin],,,,,2,1,123,0x007B,,,,32,EqSafe,LinearFrames,12,12,Linear,CoeffSetAtomic
Aux002Geq007,1,2,7,,,Aux 31-band 1/3-octave GEQ gain per band,374,ion,65,32,,,,,,,AuxEq,,0=-12/127=12/[Lin],,,,,2,1,124,0x007C,,,,32,EqSafe,LinearFrames,12,12,Linear,CoeffSetAtomic
Aux002Geq008,1,2,8,,,Aux 31-band 1/3-octave GEQ gain per band,375,ioo,65,32,,,,,,,AuxEq,,0=-12/127=12/[Lin],,,,,2,1,125,0x007D,,,,32,EqSafe,LinearFrames,12,12,Linear,CoeffSetAtomic
Aux002Geq009,1,2,9,,,Aux 31-band 1/3-octave GEQ gain per band,376,iop,65,32,,,,,,,AuxEq,,0=-12/127=12/[Lin],,,,,2,1,126,0x007E,,,,32,EqSafe,LinearFrames,12,12,Linear,CoeffSetAtomic
Aux002Geq010,1,2,10,,,Aux 31-band 1/3-octave GEQ gain per band,377,ioq,65,32,,,,,,,AuxEq,,0=-12/127=12/[Lin],,,,,2,1,127,0x007F,,,,32,EqSafe,LinearFrames,12,12,Linear,CoeffSetAtomic
Aux002Geq011,1,2,11,,,Aux 31-band 1/3-octave GEQ gain per band,378,ior,65,32,,,,,,,AuxEq,,0=-12/127=12/[Lin],,,,,2,1,128,0x0080,,,,32,EqSafe,LinearFrames,12,12,Linear,CoeffSetAtomic
Aux002Geq012,1,2,12,,,Aux 31-band 1/3-octave GEQ gain per band,379,ios,65,32,,,,,,,AuxEq,,0=-12/127=12/[Lin],,,,,2,1,129,0x0081,,,,32,EqSafe,LinearFrames,12,12,Linear,CoeffSetAtomic
Aux002Geq013,1,2,13,,,Aux 31-band 1/3-octave GEQ gain per band,380,iot,65,32,,,,,,,AuxEq,,0=-12/127=12/[Lin],,,,,2,1,130,0x0082,,,,32,EqSafe,LinearFrames,12,12,Linear,CoeffSetAtomic
Aux002Geq014,1,2,14,,,Aux 31-band 1/3-octave GEQ gain per band,381,iou,65,32,,,,,,,AuxEq,,0=-12/127=12/[Lin],,,,,2,1,131,0x0083,,,,32,EqSafe,LinearFrames,12,12,Linear,CoeffSetAtomic
Aux002Geq015,1,2,15,,,Aux 31-band 1/3-octave GEQ gain per band,382,iov,65,32,,,,,,,AuxEq,,0=-12/127=12/[Lin],,,,,2,1,132,0x0084,,,,32,EqSafe,LinearFrames,12,12,Linear,CoeffSetAtomic
Aux002Geq016,1,2,16,,,Aux 31-band 1/3-octave GEQ gain per band,383,iow,65,32,,,,,,,AuxEq,,0=-12/127=12/[Lin],,,,,2,1,133,0x0085,,,,32,EqSafe,LinearFrames,12,12,Linear,CoeffSetAtomic
Aux002Geq017,1,2,17,,,Aux 31-band 1/3-octave GEQ gain per band,384,iph,65,32,,,,,,,AuxEq,,0=-12/127=12/[Lin],,,,,2,1,134,0x0086,,,,32,EqSafe,LinearFrames,12,12,Linear,CoeffSetAtomic
Aux002Geq018,1,2,18,,,Aux 31-band 1/3-octave GEQ gain per band,385,ipi,65,32,,,,,,,AuxEq,,0=-12/127=12/[Lin],,,,,2,1,135,0x0087,,,,32,EqSafe,LinearFrames,12,12,Linear,CoeffSetAtomic
Aux002Geq019,1,2,19,,,Aux 31-band 1/3-octave GEQ gain per band,386,ipj,65,32,,,,,,,AuxEq,,0=-12/127=12/[Lin],,,,,2,1,136,0x0088,,,,32,EqSafe,LinearFrames,12,12,Linear,CoeffSetAtomic
Aux002Geq020,1,2,20,,,Aux 31-band 1/3-octave GEQ gain per band,387,ipk,65,32,,,,,,,AuxEq,,0=-12/127=12/[Lin],,,,,2,1,137,0x0089,,,,32,EqSafe,LinearFrames,12,12,Linear,CoeffSetAtomic
Aux002Geq021,1,2,21,,,Aux 31-band 1/3-octave GEQ gain per band,388,ipl,65,32,,,,,,,AuxEq,,0=-12/127=12/[Lin],,,,,2,1,138,0x008A,,,,32,EqSafe,LinearFrames,12,12,Linear,CoeffSetAtomic
Aux002Geq022,1,2,22,,,Aux 31-band 1/3-octave GEQ gain per band,389,ipm,65,32,,,,,,,AuxEq,,0=-12/127=12/[Lin],,,,,2,1,139,0x008B,,,,32,EqSafe,LinearFrames,12,12,Linear,CoeffSetAtomic
Aux002Geq023,1,2,23,,,Aux 31-band 1/3-octave GEQ gain per band,390,ipn,65,32,,,,,,,AuxEq,,0=-12/127=12/[Lin],,,,,2,1,140,0x008C,,,,32,EqSafe,LinearFrames,12,12,Linear,CoeffSetAtomic
Aux002Geq024,1,2,24,,,Aux 31-band 1/3-octave GEQ gain per band,391,ipo,65,32,,,,,,,AuxEq,,0=-12/127=12/[Lin],,,,,2,1,141,0x008D,,,,32,EqSafe,LinearFrames,12,12,Linear,CoeffSetAtomic
Aux002Geq025,1,2,25,,,Aux 31-band 1/3-octave GEQ gain per band,392,ipp,65,32,,,,,,,AuxEq,,0=-12/127=12/[Lin],,,,,2,1,142,0x008E,,,,32,EqSafe,LinearFrames,12,12,Linear,CoeffSetAtomic
Aux002Geq026,1,2,26,,,Aux 31-band 1/3-octave GEQ gain per band,393,ipq,65,32,,,,,,,AuxEq,,0=-12/127=12/[Lin],,,,,2,1,143,0x008F,,,,32,EqSafe,LinearFrames,12,12,Linear,CoeffSetAtomic
Aux002Geq027,1,2,27,,,Aux 31-band 1/3-octave GEQ gain per band,394,ipr,65,32,,,,,,,AuxEq,,0=-12/127=12/[Lin],,,,,2,1,144,0x0090,,,,32,EqSafe,LinearFrames,12,12,Linear,CoeffSetAtomic
Aux002Geq028,1,2,28,,,Aux 31-band 1/3-octave GEQ gain per band,395,ips,65,32,,,,,,,AuxEq,,0=-12/127=12/[Lin],,,,,2,1,145,0x0091,,,,32,EqSafe,LinearFrames,12,12,Linear,CoeffSetAtomic
Aux002Geq029,1,2,29,,,Aux 31-band 1/3-octave GEQ gain per band,396,ipt,65,32,,,,,,,AuxEq,,0=-12/127=12/[Lin],,,,,2,1,146,0x0092,,,,32,EqSafe,LinearFrames,12,12,Linear,CoeffSetAtomic
Aux002Geq030,1,2,30,,,Aux 31-band 1/3-octave GEQ gain per band,397,ipu,65,32,,,,,,,AuxEq,,0=-12/127=12/[Lin],,,,,2,1,147,0x0093,,,,32,EqSafe,LinearFrames,12,12,Linear,CoeffSetAtomic
Aux002Geq031,1,2,31,,,Aux 31-band 1/3-octave GEQ gain per band,398,ipv,65,32,,,,,,,AuxEq,,0=-12/127=12/[Lin],,,,,2,1,148,0x0094,,,,32,EqSafe,LinearFrames,12,12,Linear,CoeffSetAtomic
Aux003Geq001,1,3,1,,,Aux 31-band 1/3-octave GEQ gain per band,399,ipw,65,32,,,,,,,AuxEq,,0=-12/127=12/[Lin],,,,,2,1,208,0x00D0,,,,32,EqSafe,LinearFrames,12,12,Linear,CoeffSetAtomic
Aux003Geq002,1,3,2,,,Aux 31-band 1/3-octave GEQ gain per band,400,iqh,65,32,,,,,,,AuxEq,,0=-12/127=12/[Lin],,,,,2,1,209,0x00D1,,,,32,EqSafe,LinearFrames,12,12,Linear,CoeffSetAtomic
Aux003Geq003,1,3,3,,,Aux 31-band 1/3-octave GEQ gain per band,401,iqi,65,32,,,,,,,AuxEq,,0=-12/127=12/[Lin],,,,,2,1,210,0x00D2,,,,32,EqSafe,LinearFrames,12,12,Linear,CoeffSetAtomic
Aux003Geq004,1,3,4,,,Aux 31-band 1/3-octave GEQ gain per band,402,iqj,65,32,,,,,,,AuxEq,,0=-12/127=12/[Lin],,,,,2,1,211,0x00D3,,,,32,EqSafe,LinearFrames,12,12,Linear,CoeffSetAtomic
Aux003Geq005,1,3,5,,,Aux 31-band 1/3-octave GEQ gain per band,403,iqk,65,32,,,,,,,AuxEq,,0=-12/127=12/[Lin],,,,,2,1,212,0x00D4,,,,32,EqSafe,LinearFrames,12,12,Linear,CoeffSetAtomic
Aux003Geq006,1,3,6,,,Aux 31-band 1/3-octave GEQ gain per band,404,iql,65,32,,,,,,,AuxEq,,0=-12/127=12/[Lin],,,,,2,1,213,0x00D5,,,,32,EqSafe,LinearFrames,12,12,Linear,CoeffSetAtomic
Aux003Geq007,1,3,7,,,Aux 31-band 1/3-octave GEQ gain per band,405,iqm,65,32,,,,,,,AuxEq,,0=-12/127=12/[Lin],,,,,2,1,214,0x00D6,,,,32,EqSafe,LinearFrames,12,12,Linear,CoeffSetAtomic
Aux003Geq008,1,3,8,,,Aux 31-band 1/3-octave GEQ gain per band,406,iqn,65,32,,,,,,,AuxEq,,0=-12/127=12/[Lin],,,,,2,1,215,0x00D7,,,,32,EqSafe,LinearFrames,12,12,Linear,CoeffSetAtomic
Aux003Geq009,1,3,9,,,Aux 31-band 1/3-octave GEQ gain per band,407,iqo,65,32,,,,,,,AuxEq,,0=-12/127=12/[Lin],,,,,2,1,216,0x00D8,,,,32,EqSafe,LinearFrames,12,12,Linear,CoeffSetAtomic
Aux003Geq010,1,3,10,,,Aux 31-band 1/3-octave GEQ gain per band,408,iqp,65,32,,,,,,,AuxEq,,0=-12/127=12/[Lin],,,,,2,1,217,0x00D9,,,,32,EqSafe,LinearFrames,12,12,Linear,CoeffSetAtomic
Aux003Geq011,1,3,11,,,Aux 31-band 1/3-octave GEQ gain per band,409,iqq,65,32,,,,,,,AuxEq,,0=-12/127=12/[Lin],,,,,2,1,218,0x00DA,,,,32,EqSafe,LinearFrames,12,12,Linear,CoeffSetAtomic
Aux003Geq012,1,3,12,,,Aux 31-band 1/3-octave GEQ gain per band,410,iqr,65,32,,,,,,,AuxEq,,0=-12/127=12/[Lin],,,,,2,1,219,0x00DB,,,,32,EqSafe,LinearFrames,12,12,Linear,CoeffSetAtomic
Aux003Geq013,1,3,13,,,Aux 31-band 1/3-octave GEQ gain per band,411,iqs,65,32,,,,,,,AuxEq,,0=-12/127=12/[Lin],,,,,2,1,220,0x00DC,,,,32,EqSafe,LinearFrames,12,12,Linear,CoeffSetAtomic
Aux003Geq014,1,3,14,,,Aux 31-band 1/3-octave GEQ gain per band,412,iqt,65,32,,,,,,,AuxEq,,0=-12/127=12/[Lin],,,,,2,1,221,0x00DD,,,,32,EqSafe,LinearFrames,12,12,Linear,CoeffSetAtomic
Aux003Geq015,1,3,15,,,Aux 31-band 1/3-octave GEQ gain per band,413,iqu,65,32,,,,,,,AuxEq,,0=-12/127=12/[Lin],,,,,2,1,222,0x00DE,,,,32,EqSafe,LinearFrames,12,12,Linear,CoeffSetAtomic
Aux003Geq016,1,3,16,,,Aux 31-band 1/3-octave GEQ gain per band,414,iqv,65,32,,,,,,,AuxEq,,0=-12/127=12/[Lin],,,,,2,1,223,0x00DF,,,,32,EqSafe,LinearFrames,12,12,Linear,CoeffSetAtomic
Aux003Geq017,1,3,17,,,Aux 31-band 1/3-octave GEQ gain per band,415,iqw,65,32,,,,,,,AuxEq,,0=-12/127=12/[Lin],,,,,2,1,224,0x00E0,,,,32,EqSafe,LinearFrames,12,12,Linear,CoeffSetAtomic
Aux003Geq018,1,3,18,,,Aux 31-band 1/3-octave GEQ gain per band,416,irh,65,32,,,,,,,AuxEq,,0=-12/127=12/[Lin],,,,,2,1,225,0x00E1,,,,32,EqSafe,LinearFrames,12,12,Linear,CoeffSetAtomic
Aux003Geq019,1,3,19,,,Aux 31-band 1/3-octave GEQ gain per band,417,iri,65,32,,,,,,,AuxEq,,0=-12/127=12/[Lin],,,,,2,1,226,0x00E2,,,,32,EqSafe,LinearFrames,12,12,Linear,CoeffSetAtomic
Aux003Geq020,1,3,20,,,Aux 31-band 1/3-octave GEQ gain per band,418,irj,65,32,,,,,,,AuxEq,,0=-12/127=12/[Lin],,,,,2,1,227,0x00E3,,,,32,EqSafe,LinearFrames,12,12,Linear,CoeffSetAtomic
Aux003Geq021,1,3,21,,,Aux 31-band 1/3-octave GEQ gain per band,419,irk,65,32,,,,,,,AuxEq,,0=-12/127=12/[Lin],,,,,2,1,228,0x00E4,,,,32,EqSafe,LinearFrames,12,12,Linear,CoeffSetAtomic
Aux003Geq022,1,3,22,,,Aux 31-band 1/3-octave GEQ gain per band,420,irl,65,32,,,,,,,AuxEq,,0=-12/127=12/[Lin],,,,,2,1,229,0x00E5,,,,32,EqSafe,LinearFrames,12,12,Linear,CoeffSetAtomic
Aux003Geq023,1,3,23,,,Aux 31-band 1/3-octave GEQ gain per band,421,irm,65,32,,,,,,,AuxEq,,0=-12/127=12/[Lin],,,,,2,1,230,0x00E6,,,,32,EqSafe,LinearFrames,12,12,Linear,CoeffSetAtomic
Aux003Geq024,1,3,24,,,Aux 31-band 1/3-octave GEQ gain per band,422,irn,65,32,,,,,,,AuxEq,,0=-12/127=12/[Lin],,,,,2,1,231,0x00E7,,,,32,EqSafe,LinearFrames,12,12,Linear,CoeffSetAtomic
Aux003Geq025,1,3,25,,,Aux 31-band 1/3-octave GEQ gain per band,423,iro,65,32,,,,,,,AuxEq,,0=-12/127=12/[Lin],,,,,2,1,232,0x00E8,,,,32,EqSafe,LinearFrames,12,12,Linear,CoeffSetAtomic
Aux003Geq026,1,3,26,,,Aux 31-band 1/3-octave GEQ gain per band,424,irp,65,32,,,,,,,AuxEq,,0=-12/127=12/[Lin],,,,,2,1,233,0x00E9,,,,32,EqSafe,LinearFrames,12,12,Linear,CoeffSetAtomic
Aux003Geq027,1,3,27,,,Aux 31-band 1/3-octave GEQ gain per band,425,irq,65,32,,,,,,,AuxEq,,0=-12/127=12/[Lin],,,,,2,1,234,0x00EA,,,,32,EqSafe,LinearFrames,12,12,Linear,CoeffSetAtomic
Aux003Geq028,1,3,28,,,Aux 31-band 1/3-octave GEQ gain per band,426,irr,65,32,,,,,,,AuxEq,,0=-12/127=12/[Lin],,,,,2,1,235,0x00EB,,,,32,EqSafe,LinearFrames,12,12,Linear,CoeffSetAtomic
Aux003Geq029,1,3,29,,,Aux 31-band 1/3-octave GEQ gain per band,427,irs,65,32,,,,,,,AuxEq,,0=-12/127=12/[Lin],,,,,2,1,236,0x00EC,,,,32,EqSafe,LinearFrames,12,12,Linear,CoeffSetAtomic
Aux003Geq030,1,3,30,,,Aux 31-band 1/3-octave GEQ gain per band,428,irt,65,32,,,,,,,AuxEq,,0=-12/127=12/[Lin],,,,,2,1,237,0x00ED,,,,32,EqSafe,LinearFrames,12,12,Linear,CoeffSetAtomic
Aux003Geq031,1,3,31,,,Aux 31-band 1/3-octave GEQ gain per band,429,iru,65,32,,,,,,,AuxEq,,0=-12/127=12/[Lin],,,,,2,1,238,0x00EE,,,,32,EqSafe,LinearFrames,12,12,Linear,CoeffSetAtomic
Aux004Geq001,1,4,1,,,Aux 31-band 1/3-octave GEQ gain per band,430,irv,65,32,,,,,,,AuxEq,,0=-12/127=12/[Lin],,,,,2,1,298,0x012A,,,,32,EqSafe,LinearFrames,12,12,Linear,CoeffSetAtomic
Aux004Geq002,1,4,2,,,Aux 31-band 1/3-octave GEQ gain per band,431,irw,65,32,,,,,,,AuxEq,,0=-12/127=12/[Lin],,,,,2,1,299,0x012B,,,,32,EqSafe,LinearFrames,12,12,Linear,CoeffSetAtomic
Aux004Geq003,1,4,3,,,Aux 31-band 1/3-octave GEQ gain per band,432,ish,65,32,,,,,,,AuxEq,,0=-12/127=12/[Lin],,,,,2,1,300,0x012C,,,,32,EqSafe,LinearFrames,12,12,Linear,CoeffSetAtomic
Aux004Geq004,1,4,4,,,Aux 31-band 1/3-octave GEQ gain per band,433,isi,65,32,,,,,,,AuxEq,,0=-12/127=12/[Lin],,,,,2,1,301,0x012D,,,,32,EqSafe,LinearFrames,12,12,Linear,CoeffSetAtomic
Aux004Geq005,1,4,5,,,Aux 31-band 1/3-octave GEQ gain per band,434,isj,65,32,,,,,,,AuxEq,,0=-12/127=12/[Lin],,,,,2,1,302,0x012E,,,,32,EqSafe,LinearFrames,12,12,Linear,CoeffSetAtomic
Aux004Geq006,1,4,6,,,Aux 31-band 1/3-octave GEQ gain per band,435,isk,65,32,,,,,,,AuxEq,,0=-12/127=12/[Lin],,,,,2,1,303,0x012F,,,,32,EqSafe,LinearFrames,12,12,Linear,CoeffSetAtomic
Aux004Geq007,1,4,7,,,Aux 31-band 1/3-octave GEQ gain per band,436,isl,65,32,,,,,,,AuxEq,,0=-12/127=12/[Lin],,,,,2,1,304,0x0130,,,,32,EqSafe,LinearFrames,12,12,Linear,CoeffSetAtomic
Aux004Geq008,1,4,8,,,Aux 31-band 1/3-octave GEQ gain per band,437,ism,65,32,,,,,,,AuxEq,,0=-12/127=12/[Lin],,,,,2,1,305,0x0131,,,,32,EqSafe,LinearFrames,12,12,Linear,CoeffSetAtomic
Aux004Geq009,1,4,9,,,Aux 31-band 1/3-octave GEQ gain per band,438,isn,65,32,,,,,,,AuxEq,,0=-12/127=12/[Lin],,,,,2,1,306,0x0132,,,,32,EqSafe,LinearFrames,12,12,Linear,CoeffSetAtomic
Aux004Geq010,1,4,10,,,Aux 31-band 1/3-octave GEQ gain per band,439,iso,65,32,,,,,,,AuxEq,,0=-12/127=12/[Lin],,,,,2,1,307,0x0133,,,,32,EqSafe,LinearFrames,12,12,Linear,CoeffSetAtomic
Aux004Geq011,1,4,11,,,Aux 31-band 1/3-octave GEQ gain per band,440,isp,65,32,,,,,,,AuxEq,,0=-12/127=12/[Lin],,,,,2,1,308,0x0134,,,,32,EqSafe,LinearFrames,12,12,Linear,CoeffSetAtomic
Aux004Geq012,1,4,12,,,Aux 31-band 1/3-octave GEQ gain per band,441,isq,65,32,,,,,,,AuxEq,,0=-12/127=12/[Lin],,,,,2,1,309,0x0135,,,,32,EqSafe,LinearFrames,12,12,Linear,CoeffSetAtomic
Aux004Geq013,1,4,13,,,Aux 31-band 1/3-octave GEQ gain per band,442,isr,65,32,,,,,,,AuxEq,,0=-12/127=12/[Lin],,,,,2,1,310,0x0136,,,,32,EqSafe,LinearFrames,12,12,Linear,CoeffSetAtomic
Aux004Geq014,1,4,14,,,Aux 31-band 1/3-octave GEQ gain per band,443,iss,65,32,,,,,,,AuxEq,,0=-12/127=12/[Lin],,,,,2,1,311,0x0137,,,,32,EqSafe,LinearFrames,12,12,Linear,CoeffSetAtomic
Aux004Geq015,1,4,15,,,Aux 31-band 1/3-octave GEQ gain per band,444,ist,65,32,,,,,,,AuxEq,,0=-12/127=12/[Lin],,,,,2,1,312,0x0138,,,,32,EqSafe,LinearFrames,12,12,Linear,CoeffSetAtomic
Aux004Geq016,1,4,16,,,Aux 31-band 1/3-octave GEQ gain per band,445,isu,65,32,,,,,,,AuxEq,,0=-12/127=12/[Lin],,,,,2,1,313,0x0139,,,,32,EqSafe,LinearFrames,12,12,Linear,CoeffSetAtomic
Aux004Geq017,1,4,17,,,Aux 31-band 1/3-octave GEQ gain per band,446,isv,65,32,,,,,,,AuxEq,,0=-12/127=12/[Lin],,,,,2,1,314,0x013A,,,,32,EqSafe,LinearFrames,12,12,Linear,CoeffSetAtomic
Aux004Geq018,1,4,18,,,Aux 31-band 1/3-octave GEQ gain per band,447,isw,65,32,,,,,,,AuxEq,,0=-12/127=12/[Lin],,,,,2,1,315,0x013B,,,,32,EqSafe,LinearFrames,12,12,Linear,CoeffSetAtomic
Aux004Geq019,1,4,19,,,Aux 31-band 1/3-octave GEQ gain per band,448,ith,65,32,,,,,,,AuxEq,,0=-12/127=12/[Lin],,,,,2,1,316,0x013C,,,,32,EqSafe,LinearFrames,12,12,Linear,CoeffSetAtomic
Aux004Geq020,1,4,20,,,Aux 31-band 1/3-octave GEQ gain per band,449,iti,65,32,,,,,,,AuxEq,,0=-12/127=12/[Lin],,,,,2,1,317,0x013D,,,,32,EqSafe,LinearFrames,12,12,Linear,CoeffSetAtomic
Aux004Geq021,1,4,21,,,Aux 31-band 1/3-octave GEQ gain per band,450,itj,65,32,,,,,,,AuxEq,,0=-12/127=12/[Lin],,,,,2,1,318,0x013E,,,,32,EqSafe,LinearFrames,12,12,Linear,CoeffSetAtomic
Aux004Geq022,1,4,22,,,Aux 31-band 1/3-octave GEQ gain per band,451,itk,65,32,,,,,,,AuxEq,,0=-12/127=12/[Lin],,,,,2,1,319,0x013F,,,,32,EqSafe,LinearFrames,12,12,Linear,CoeffSetAtomic
Aux004Geq023,1,4,23,,,Aux 31-band 1/3-octave GEQ gain per band,452,itl,65,32,,,,,,,AuxEq,,0=-12/127=12/[Lin],,,,,2,1,320,0x0140,,,,32,EqSafe,LinearFrames,12,12,Linear,CoeffSetAtomic
Aux004Geq024,1,4,24,,,Aux 31-band 1/3-octave GEQ gain per band,453,itm,65,32,,,,,,,AuxEq,,0=-12/127=12/[Lin],,,,,2,1,321,0x0141,,,,32,EqSafe,LinearFrames,12,12,Linear,CoeffSetAtomic
Aux004Geq025,1,4,25,,,Aux 31-band 1/3-octave GEQ gain per band,454,itn,65,32,,,,,,,AuxEq,,0=-12/127=12/[Lin],,,,,2,1,322,0x0142,,,,32,EqSafe,LinearFrames,12,12,Linear,CoeffSetAtomic
Aux004Geq026,1,4,26,,,Aux 31-band 1/3-octave GEQ gain per band,455,ito,65,32,,,,,,,AuxEq,,0=-12/127=12/[Lin],,,,,2,1,323,0x0143,,,,32,EqSafe,LinearFrames,12,12,Linear,CoeffSetAtomic
Aux004Geq027,1,4,27,,,Aux 31-band 1/3-octave GEQ gain per band,456,itp,65,32,,,,,,,AuxEq,,0=-12/127=12/[Lin],,,,,2,1,324,0x0144,,,,32,EqSafe,LinearFrames,12,12,Linear,CoeffSetAtomic
Aux004Geq028,1,4,28,,,Aux 31-band 1/3-octave GEQ gain per band,457,itq,65,32,,,,,,,AuxEq,,0=-12/127=12/[Lin],,,,,2,1,325,0x0145,,,,32,EqSafe,LinearFrames,12,12,Linear,CoeffSetAtomic
Aux004Geq029,1,4,29,,,Aux 31-band 1/3-octave GEQ gain per band,458,itr,65,32,,,,,,,AuxEq,,0=-12/127=12/[Lin],,,,,2,1,326,0x0146,,,,32,EqSafe,LinearFrames,12,12,Linear,CoeffSetAtomic
Aux004Geq030,1,4,30,,,Aux 31-band 1/3-octave GEQ gain per band,459,its,65,32,,,,,,,AuxEq,,0=-12/127=12/[Lin],,,,,2,1,327,0x0147,,,,32,EqSafe,LinearFrames,12,12,Linear,CoeffSetAtomic
Aux004Geq031,1,4,31,,,Aux 31-band 1/3-octave GEQ gain per band,460,itt,65,32,,,,,,,AuxEq,,0=-12/127=12/[Lin],,,,,2,1,328,0x0148,,,,32,EqSafe,LinearFrames,12,12,Linear,CoeffSetAtomic
Aux005Geq001,1,5,1,,,Aux 31-band 1/3-octave GEQ gain per band,461,itu,65,32,,,,,,,AuxEq,,0=-12/127=12/[Lin],,,,,2,1,388,0x0184,,,,32,EqSafe,LinearFrames,12,12,Linear,CoeffSetAtomic
Aux005Geq002,1,5,2,,,Aux 31-band 1/3-octave GEQ gain per band,462,itv,65,32,,,,,,,AuxEq,,0=-12/127=12/[Lin],,,,,2,1,389,0x0185,,,,32,EqSafe,LinearFrames,12,12,Linear,CoeffSetAtomic
Aux005Geq003,1,5,3,,,Aux 31-band 1/3-octave GEQ gain per band,463,itw,65,32,,,,,,,AuxEq,,0=-12/127=12/[Lin],,,,,2,1,390,0x0186,,,,32,EqSafe,LinearFrames,12,12,Linear,CoeffSetAtomic
Aux005Geq004,1,5,4,,,Aux 31-band 1/3-octave GEQ gain per band,464,iuh,65,32,,,,,,,AuxEq,,0=-12/127=12/[Lin],,,,,2,1,391,0x0187,,,,32,EqSafe,LinearFrames,12,12,Linear,CoeffSetAtomic
Aux005Geq005,1,5,5,,,Aux 31-band 1/3-octave GEQ gain per band,465,iui,65,32,,,,,,,AuxEq,,0=-12/127=12/[Lin],,,,,2,1,392,0x0188,,,,32,EqSafe,LinearFrames,12,12,Linear,CoeffSetAtomic
Aux005Geq006,1,5,6,,,Aux 31-band 1/3-octave GEQ gain per band,466,iuj,65,32,,,,,,,AuxEq,,0=-12/127=12/[Lin],,,,,2,1,393,0x0189,,,,32,EqSafe,LinearFrames,12,12,Linear,CoeffSetAtomic
Aux005Geq007,1,5,7,,,Aux 31-band 1/3-octave GEQ gain per band,467,iuk,65,32,,,,,,,AuxEq,,0=-12/127=12/[Lin],,,,,2,1,394,0x018A,,,,32,EqSafe,LinearFrames,12,12,Linear,CoeffSetAtomic
Aux005Geq008,1,5,8,,,Aux 31-band 1/3-octave GEQ gain per band,468,iul,65,32,,,,,,,AuxEq,,0=-12/127=12/[Lin],,,,,2,1,395,0x018B,,,,32,EqSafe,LinearFrames,12,12,Linear,CoeffSetAtomic
Aux005Geq009,1,5,9,,,Aux 31-band 1/3-octave GEQ gain per band,469,ium,65,32,,,,,,,AuxEq,,0=-12/127=12/[Lin],,,,,2,1,396,0x018C,,,,32,EqSafe,LinearFrames,12,12,Linear,CoeffSetAtomic
Aux005Geq010,1,5,10,,,Aux 31-band 1/3-octave GEQ gain per band,470,iun,65,32,,,,,,,AuxEq,,0=-12/127=12/[Lin],,,,,2,1,397,0x018D,,,,32,EqSafe,LinearFrames,12,12,Linear,CoeffSetAtomic
Aux005Geq011,1,5,11,,,Aux 31-band 1/3-octave GEQ gain per band,471,iuo,65,32,,,,,,,AuxEq,,0=-12/127=12/[Lin],,,,,2,1,398,0x018E,,,,32,EqSafe,LinearFrames,12,12,Linear,CoeffSetAtomic
Aux005Geq012,1,5,12,,,Aux 31-band 1/3-octave GEQ gain per band,472,iup,65,32,,,,,,,AuxEq,,0=-12/127=12/[Lin],,,,,2,1,399,0x018F,,,,32,EqSafe,LinearFrames,12,12,Linear,CoeffSetAtomic
Aux005Geq013,1,5,13,,,Aux 31-band 1/3-octave GEQ gain per band,473,iuq,65,32,,,,,,,AuxEq,,0=-12/127=12/[Lin],,,,,2,1,400,0x0190,,,,32,EqSafe,LinearFrames,12,12,Linear,CoeffSetAtomic
Aux005Geq014,1,5,14,,,Aux 31-band 1/3-octave GEQ gain per band,474,iur,65,32,,,,,,,AuxEq,,0=-12/127=12/[Lin],,,,,2,1,401,0x0191,,,,32,EqSafe,LinearFrames,12,12,Linear,CoeffSetAtomic
Aux005Geq015,1,5,15,,,Aux 31-band 1/3-octave GEQ gain per band,475,ius,65,32,,,,,,,AuxEq,,0=-12/127=12/[Lin],,,,,2,1,402,0x0192,,,,32,EqSafe,LinearFrames,12,12,Linear,CoeffSetAtomic
Aux005Geq016,1,5,16,,,Aux 31-band 1/3-octave GEQ gain per band,476,iut,65,32,,,,,,,AuxEq,,0=-12/127=12/[Lin],,,,,2,1,403,0x0193,,,,32,EqSafe,LinearFrames,12,12,Linear,CoeffSetAtomic
Aux005Geq017,1,5,17,,,Aux 31-band 1/3-octave GEQ gain per band,477,iuu,65,32,,,,,,,AuxEq,,0=-12/127=12/[Lin],,,,,2,1,404,0x0194,,,,32,EqSafe,LinearFrames,12,12,Linear,CoeffSetAtomic
Aux005Geq018,1,5,18,,,Aux 31-band 1/3-octave GEQ gain per band,478,iuv,65,32,,,,,,,AuxEq,,0=-12/127=12/[Lin],,,,,2,1,405,0x0195,,,,32,EqSafe,LinearFrames,12,12,Linear,CoeffSetAtomic
Aux005Geq019,1,5,19,,,Aux 31-band 1/3-octave GEQ gain per band,479,iuw,65,32,,,,,,,AuxEq,,0=-12/127=12/[Lin],,,,,2,1,406,0x0196,,,,32,EqSafe,LinearFrames,12,12,Linear,CoeffSetAtomic
Aux005Geq020,1,5,20,,,Aux 31-band 1/3-octave GEQ gain per band,480,ivh,65,32,,,,,,,AuxEq,,0=-12/127=12/[Lin],,,,,2,1,407,0x0197,,,,32,EqSafe,LinearFrames,12,12,Linear,CoeffSetAtomic
Aux005Geq021,1,5,21,,,Aux 31-band 1/3-octave GEQ gain per band,481,ivi,65,32,,,,,,,AuxEq,,0=-12/127=12/[Lin],,,,,2,1,408,0x0198,,,,32,EqSafe,LinearFrames,12,12,Linear,CoeffSetAtomic
Aux005Geq022,1,5,22,,,Aux 31-band 1/3-octave GEQ gain per band,482,ivj,65,32,,,,,,,AuxEq,,0=-12/127=12/[Lin],,,,,2,1,409,0x0199,,,,32,EqSafe,LinearFrames,12,12,Linear,CoeffSetAtomic
Aux005Geq023,1,5,23,,,Aux 31-band 1/3-octave GEQ gain per band,483,ivk,65,32,,,,,,,AuxEq,,0=-12/127=12/[Lin],,,,,2,1,410,0x019A,,,,32,EqSafe,LinearFrames,12,12,Linear,CoeffSetAtomic
Aux005Geq024,1,5,24,,,Aux 31-band 1/3-octave GEQ gain per band,484,ivl,65,32,,,,,,,AuxEq,,0=-12/127=12/[Lin],,,,,2,1,411,0x019B,,,,32,EqSafe,LinearFrames,12,12,Linear,CoeffSetAtomic
Aux005Geq025,1,5,25,,,Aux 31-band 1/3-octave GEQ gain per band,485,ivm,65,32,,,,,,,AuxEq,,0=-12/127=12/[Lin],,,,,2,1,412,0x019C,,,,32,EqSafe,LinearFrames,12,12,Linear,CoeffSetAtomic
Aux005Geq026,1,5,26,,,Aux 31-band 1/3-octave GEQ gain per band,486,ivn,65,32,,,,,,,AuxEq,,0=-12/127=12/[Lin],,,,,2,1,413,0x019D,,,,32,EqSafe,LinearFrames,12,12,Linear,CoeffSetAtomic
Aux005Geq027,1,5,27,,,Aux 31-band 1/3-octave GEQ gain per band,487,ivo,65,32,,,,,,,AuxEq,,0=-12/127=12/[Lin],,,,,2,1,414,0x019E,,,,32,EqSafe,LinearFrames,12,12,Linear,CoeffSetAtomic
Aux005Geq028,1,5,28,,,Aux 31-band 1/3-octave GEQ gain per band,488,ivp,65,32,,,,,,,AuxEq,,0=-12/127=12/[Lin],,,,,2,1,415,0x019F,,,,32,EqSafe,LinearFrames,12,12,Linear,CoeffSetAtomic
Aux005Geq029,1,5,29,,,Aux 31-band 1/3-octave GEQ gain per band,489,ivq,65,32,,,,,,,AuxEq,,0=-12/127=12/[Lin],,,,,2,1,416,0x01A0,,,,32,EqSafe,LinearFrames,12,12,Linear,CoeffSetAtomic
Aux005Geq030,1,5,30,,,Aux 31-band 1/3-octave GEQ gain per band,490,ivr,65,32,,,,,,,AuxEq,,0=-12/127=12/[Lin],,,,,2,1,417,0x01A1,,,,32,EqSafe,LinearFrames,12,12,Linear,CoeffSetAtomic
Aux005Geq031,1,5,31,,,Aux 31-band 1/3-octave GEQ gain per band,491,ivs,65,32,,,,,,,AuxEq,,0=-12/127=12/[Lin],,,,,2,1,418,0x01A2,,,,32,EqSafe,LinearFrames,12,12,Linear,CoeffSetAtomic
Aux006Geq001,1,6,1,,,Aux 31-band 1/3-octave GEQ gain per band,492,ivt,65,32,,,,,,,AuxEq,,0=-12/127=12/[Lin],,,,,2,1,478,0x01DE,,,,32,EqSafe,LinearFrames,12,12,Linear,CoeffSetAtomic
Aux006Geq002,1,6,2,,,Aux 31-band 1/3-octave GEQ gain per band,493,ivu,65,32,,,,,,,AuxEq,,0=-12/127=12/[Lin],,,,,2,1,479,0x01DF,,,,32,EqSafe,LinearFrames,12,12,Linear,CoeffSetAtomic
Aux006Geq003,1,6,3,,,Aux 31-band 1/3-octave GEQ gain per band,494,ivv,65,32,,,,,,,AuxEq,,0=-12/127=12/[Lin],,,,,2,1,480,0x01E0,,,,32,EqSafe,LinearFrames,12,12,Linear,CoeffSetAtomic
Aux006Geq004,1,6,4,,,Aux 31-band 1/3-octave GEQ gain per band,495,ivw,65,32,,,,,,,AuxEq,,0=-12/127=12/[Lin],,,,,2,1,481,0x01E1,,,,32,EqSafe,LinearFrames,12,12,Linear,CoeffSetAtomic
Aux006Geq005,1,6,5,,,Aux 31-band 1/3-octave GEQ gain per band,496,iwh,65,32,,,,,,,AuxEq,,0=-12/127=12/[Lin],,,,,2,1,482,0x01E2,,,,32,EqSafe,LinearFrames,12,12,Linear,CoeffSetAtomic
Aux006Geq006,1,6,6,,,Aux 31-band 1/3-octave GEQ gain per band,497,iwi,65,32,,,,,,,AuxEq,,0=-12/127=12/[Lin],,,,,2,1,483,0x01E3,,,,32,EqSafe,LinearFrames,12,12,Linear,CoeffSetAtomic
Aux006Geq007,1,6,7,,,Aux 31-band 1/3-octave GEQ gain per band,498,iwj,65,32,,,,,,,AuxEq,,0=-12/127=12/[Lin],,,,,2,1,484,0x01E4,,,,32,EqSafe,LinearFrames,12,12,Linear,CoeffSetAtomic
Aux006Geq008,1,6,8,,,Aux 31-band 1/3-octave GEQ gain per band,499,iwk,65,32,,,,,,,AuxEq,,0=-12/127=12/[Lin],,,,,2,1,485,0x01E5,,,,32,EqSafe,LinearFrames,12,12,Linear,CoeffSetAtomic
Aux006Geq009,1,6,9,,,Aux 31-band 1/3-octave GEQ gain per band,500,iwl,65,32,,,,,,,AuxEq,,0=-12/127=12/[Lin],,,,,2,1,486,0x01E6,,,,32,EqSafe,LinearFrames,12,12,Linear,CoeffSetAtomic
Aux006Geq010,1,6,10,,,Aux 31-band 1/3-octave GEQ gain per band,501,iwm,65,32,,,,,,,AuxEq,,0=-12/127=12/[Lin],,,,,2,1,487,0x01E7,,,,32,EqSafe,LinearFrames,12,12,Linear,CoeffSetAtomic
Aux006Geq011,1,6,11,,,Aux 31-band 1/3-octave GEQ gain per band,502,iwn,65,32,,,,,,,AuxEq,,0=-12/127=12/[Lin],,,,,2,1,488,0x01E8,,,,32,EqSafe,LinearFrames,12,12,Linear,CoeffSetAtomic
Aux006Geq012,1,6,12,,,Aux 31-band 1/3-octave GEQ gain per band,503,iwo,65,32,,,,,,,AuxEq,,0=-12/127=12/[Lin],,,,,2,1,489,0x01E9,,,,32,EqSafe,LinearFrames,12,12,Linear,CoeffSetAtomic
Aux006Geq013,1,6,13,,,Aux 31-band 1/3-octave GEQ gain per band,504,iwp,65,32,,,,,,,AuxEq,,0=-12/127=12/[Lin],,,,,2,1,490,0x01EA,,,,32,EqSafe,LinearFrames,12,12,Linear,CoeffSetAtomic
Aux006Geq014,1,6,14,,,Aux 31-band 1/3-octave GEQ gain per band,505,iwq,65,32,,,,,,,AuxEq,,0=-12/127=12/[Lin],,,,,2,1,491,0x01EB,,,,32,EqSafe,LinearFrames,12,12,Linear,CoeffSetAtomic
Aux006Geq015,1,6,15,,,Aux 31-band 1/3-octave GEQ gain per band,506,iwr,65,32,,,,,,,AuxEq,,0=-12/127=12/[Lin],,,,,2,1,492,0x01EC,,,,32,EqSafe,LinearFrames,12,12,Linear,CoeffSetAtomic
Aux006Geq016,1,6,16,,,Aux 31-band 1/3-octave GEQ gain per band,507,iws,65,32,,,,,,,AuxEq,,0=-12/127=12/[Lin],,,,,2,1,493,0x01ED,,,,32,EqSafe,LinearFrames,12,12,Linear,CoeffSetAtomic
Aux006Geq017,1,6,17,,,Aux 31-band 1/3-octave GEQ gain per band,508,iwt,65,32,,,,,,,AuxEq,,0=-12/127=12/[Lin],,,,,2,1,494,0x01EE,,,,32,EqSafe,LinearFrames,12,12,Linear,CoeffSetAtomic
Aux006Geq018,1,6,18,,,Aux 31-band 1/3-octave GEQ gain per band,509,iwu,65,32,,,,,,,AuxEq,,0=-12/127=12/[Lin],,,,,2,1,495,0x01EF,,,,32,EqSafe,LinearFrames,12,12,Linear,CoeffSetAtomic
Aux006Geq019,1,6,19,,,Aux 31-band 1/3-octave GEQ gain per band,510,iwv,65,32,,,,,,,AuxEq,,0=-12/127=12/[Lin],,,,,2,1,496,0x01F0,,,,32,EqSafe,LinearFrames,12,12,Linear,CoeffSetAtomic
Aux006Geq020,1,6,20,,,Aux 31-band 1/3-octave GEQ gain per band,511,iww,65,32,,,,,,,AuxEq,,0=-12/127=12/[Lin],,,,,2,1,497,0x01F1,,,,32,EqSafe,LinearFrames,12,12,Linear,CoeffSetAtomic
Aux006Geq021,1,6,21,,,Aux 31-band 1/3-octave GEQ gain per band,512,jhh,65,32,,,,,,,AuxEq,,0=-12/127=12/[Lin],,,,,2,1,498,0x01F2,,,,32,EqSafe,LinearFrames,12,12,Linear,CoeffSetAtomic
Aux006Geq022,1,6,22,,,Aux 31-band 1/3-octave GEQ gain per band,513,jhi,65,32,,,,,,,AuxEq,,0=-12/127=12/[Lin],,,,,2,1,499,0x01F3,,,,32,EqSafe,LinearFrames,12,12,Linear,CoeffSetAtomic
Aux006Geq023,1,6,23,,,Aux 31-band 1/3-octave GEQ gain per band,514,jhj,65,32,,,,,,,AuxEq,,0=-12/127=12/[Lin],,,,,2,1,500,0x01F4,,,,32,EqSafe,LinearFrames,12,12,Linear,CoeffSetAtomic
Aux006Geq024,1,6,24,,,Aux 31-band 1/3-octave GEQ gain per band,515,jhk,65,32,,,,,,,AuxEq,,0=-12/127=12/[Lin],,,,,2,1,501,0x01F5,,,,32,EqSafe,LinearFrames,12,12,Linear,CoeffSetAtomic
Aux006Geq025,1,6,25,,,Aux 31-band 1/3-octave GEQ gain per band,516,jhl,65,32,,,,,,,AuxEq,,0=-12/127=12/[Lin],,,,,2,1,502,0x01F6,,,,32,EqSafe,LinearFrames,12,12,Linear,CoeffSetAtomic
Aux006Geq026,1,6,26,,,Aux 31-band 1/3-octave GEQ gain per band,517,jhm,65,32,,,,,,,AuxEq,,0=-12/127=12/[Lin],,,,,2,1,503,0x01F7,,,,32,EqSafe,LinearFrames,12,12,Linear,CoeffSetAtomic
Aux006Geq027,1,6,27,,,Aux 31-band 1/3-octave GEQ gain per band,518,jhn,65,32,,,,,,,AuxEq,,0=-12/127=12/[Lin],,,,,2,1,504,0x01F8,,,,32,EqSafe,LinearFrames,12,12,Linear,CoeffSetAtomic
Aux006Geq028,1,6,28,,,Aux 31-band 1/3-octave GEQ gain per band,519,jho,65,32,,,,,,,AuxEq,,0=-12/127=12/[Lin],,,,,2,1,505,0x01F9,,,,32,EqSafe,LinearFrames,12,12,Linear,CoeffSetAtomic
Aux006Geq029,1,6,29,,,Aux 31-band 1/3-octave GEQ gain per band,520,jhp,65,32,,,,,,,AuxEq,,0=-12/127=12/[Lin],,,,,2,1,506,0x01FA,,,,32,EqSafe,LinearFrames,12,12,Linear,CoeffSetAtomic
Aux006Geq030,1,6,30,,,Aux 31-band 1/3-octave GEQ gain per band,521,jhq,65,32,,,,,,,AuxEq,,0=-12/127=12/[Lin],,,,,2,1,507,0x01FB,,,,32,EqSafe,LinearFrames,12,12,Linear,CoeffSetAtomic
Aux006Geq031,1,6,31,,,Aux 31-band 1/3-octave GEQ gain per band,522,jhr,65,32,,,,,,,AuxEq,,0=-12/127=12/[Lin],,,,,2,1,508,0x01FC,,,,32,EqSafe,LinearFrames,12,12,Linear,CoeffSetAtomic
Aux007Geq001,1,7,1,,,Aux 31-band 1/3-octave GEQ gain per band,523,jhs,65,32,,,,,,,AuxEq,,0=-12/127=12/[Lin],,,,,2,1,568,0x0238,,,,32,EqSafe,LinearFrames,12,12,Linear,CoeffSetAtomic
Aux007Geq002,1,7,2,,,Aux 31-band 1/3-octave GEQ gain per band,524,jht,65,32,,,,,,,AuxEq,,0=-12/127=12/[Lin],,,,,2,1,569,0x0239,,,,32,EqSafe,LinearFrames,12,12,Linear,CoeffSetAtomic
Aux007Geq003,1,7,3,,,Aux 31-band 1/3-octave GEQ gain per band,525,jhu,65,32,,,,,,,AuxEq,,0=-12/127=12/[Lin],,,,,2,1,570,0x023A,,,,32,EqSafe,LinearFrames,12,12,Linear,CoeffSetAtomic
Aux007Geq004,1,7,4,,,Aux 31-band 1/3-octave GEQ gain per band,526,jhv,65,32,,,,,,,AuxEq,,0=-12/127=12/[Lin],,,,,2,1,571,0x023B,,,,32,EqSafe,LinearFrames,12,12,Linear,CoeffSetAtomic
Aux007Geq005,1,7,5,,,Aux 31-band 1/3-octave GEQ gain per band,527,jhw,65,32,,,,,,,AuxEq,,0=-12/127=12/[Lin],,,,,2,1,572,0x023C,,,,32,EqSafe,LinearFrames,12,12,Linear,CoeffSetAtomic
Aux007Geq006,1,7,6,,,Aux 31-band 1/3-octave GEQ gain per band,528,jih,65,32,,,,,,,AuxEq,,0=-12/127=12/[Lin],,,,,2,1,573,0x023D,,,,32,EqSafe,LinearFrames,12,12,Linear,CoeffSetAtomic
Aux007Geq007,1,7,7,,,Aux 31-band 1/3-octave GEQ gain per band,529,jii,65,32,,,,,,,AuxEq,,0=-12/127=12/[Lin],,,,,2,1,574,0x023E,,,,32,EqSafe,LinearFrames,12,12,Linear,CoeffSetAtomic
Aux007Geq008,1,7,8,,,Aux 31-band 1/3-octave GEQ gain per band,530,jij,65,32,,,,,,,AuxEq,,0=-12/127=12/[Lin],,,,,2,1,575,0x023F,,,,32,EqSafe,LinearFrames,12,12,Linear,CoeffSetAtomic
Aux007Geq009,1,7,9,,,Aux 31-band 1/3-octave GEQ gain per band,531,jik,65,32,,,,,,,AuxEq,,0=-12/127=12/[Lin],,,,,2,1,576,0x0240,,,,32,EqSafe,LinearFrames,12,12,Linear,CoeffSetAtomic
Aux007Geq010,1,7,10,,,Aux 31-band 1/3-octave GEQ gain per band,532,jil,65,32,,,,,,,AuxEq,,0=-12/127=12/[Lin],,,,,2,1,577,0x0241,,,,32,EqSafe,LinearFrames,12,12,Linear,CoeffSetAtomic
Aux007Geq011,1,7,11,,,Aux 31-band 1/3-octave GEQ gain per band,533,jim,65,32,,,,,,,AuxEq,,0=-12/127=12/[Lin],,,,,2,1,578,0x0242,,,,32,EqSafe,LinearFrames,12,12,Linear,CoeffSetAtomic
Aux007Geq012,1,7,12,,,Aux 31-band 1/3-octave GEQ gain per band,534,jin,65,32,,,,,,,AuxEq,,0=-12/127=12/[Lin],,,,,2,1,579,0x0243,,,,32,EqSafe,LinearFrames,12,12,Linear,CoeffSetAtomic
Aux007Geq013,1,7,13,,,Aux 31-band 1/3-octave GEQ gain per band,535,jio,65,32,,,,,,,AuxEq,,0=-12/127=12/[Lin],,,,,2,1,580,0x0244,,,,32,EqSafe,LinearFrames,12,12,Linear,CoeffSetAtomic
Aux007Geq014,1,7,14,,,Aux 31-band 1/3-octave GEQ gain per band,536,jip,65,32,,,,,,,AuxEq,,0=-12/127=12/[Lin],,,,,2,1,581,0x0245,,,,32,EqSafe,LinearFrames,12,12,Linear,CoeffSetAtomic
Aux007Geq015,1,7,15,,,Aux 31-band 1/3-octave GEQ gain per band,537,jiq,65,32,,,,,,,AuxEq,,0=-12/127=12/[Lin],,,,,2,1,582,0x0246,,,,32,EqSafe,LinearFrames,12,12,Linear,CoeffSetAtomic
Aux007Geq016,1,7,16,,,Aux 31-band 1/3-octave GEQ gain per band,538,jir,65,32,,,,,,,AuxEq,,0=-12/127=12/[Lin],,,,,2,1,583,0x0247,,,,32,EqSafe,LinearFrames,12,12,Linear,CoeffSetAtomic
Aux007Geq017,1,7,17,,,Aux 31-band 1/3-octave GEQ gain per band,539,jis,65,32,,,,,,,AuxEq,,0=-12/127=12/[Lin],,,,,2,1,584,0x0248,,,,32,EqSafe,LinearFrames,12,12,Linear,CoeffSetAtomic
Aux007Geq018,1,7,18,,,Aux 31-band 1/3-octave GEQ gain per band,540,jit,65,32,,,,,,,AuxEq,,0=-12/127=12/[Lin],,,,,2,1,585,0x0249,,,,32,EqSafe,LinearFrames,12,12,Linear,CoeffSetAtomic
Aux007Geq019,1,7,19,,,Aux 31-band 1/3-octave GEQ gain per band,541,jiu,65,32,,,,,,,AuxEq,,0=-12/127=12/[Lin],,,,,2,1,586,0x024A,,,,32,EqSafe,LinearFrames,12,12,Linear,CoeffSetAtomic
Aux007Geq020,1,7,20,,,Aux 31-band 1/3-octave GEQ gain per band,542,jiv,65,32,,,,,,,AuxEq,,0=-12/127=12/[Lin],,,,,2,1,587,0x024B,,,,32,EqSafe,LinearFrames,12,12,Linear,CoeffSetAtomic
Aux007Geq021,1,7,21,,,Aux 31-band 1/3-octave GEQ gain per band,543,jiw,65,32,,,,,,,AuxEq,,0=-12/127=12/[Lin],,,,,2,1,588,0x024C,,,,32,EqSafe,LinearFrames,12,12,Linear,CoeffSetAtomic
Aux007Geq022,1,7,22,,,Aux 31-band 1/3-octave GEQ gain per band,544,jjh,65,32,,,,,,,AuxEq,,0=-12/127=12/[Lin],,,,,2,1,589,0x024D,,,,32,EqSafe,LinearFrames,12,12,Linear,CoeffSetAtomic
Aux007Geq023,1,7,23,,,Aux 31-band 1/3-octave GEQ gain per band,545,jji,65,32,,,,,,,AuxEq,,0=-12/127=12/[Lin],,,,,2,1,590,0x024E,,,,32,EqSafe,LinearFrames,12,12,Linear,CoeffSetAtomic
Aux007Geq024,1,7,24,,,Aux 31-band 1/3-octave GEQ gain per band,546,jjj,65,32,,,,,,,AuxEq,,0=-12/127=12/[Lin],,,,,2,1,591,0x024F,,,,32,EqSafe,LinearFrames,12,12,Linear,CoeffSetAtomic
Aux007Geq025,1,7,25,,,Aux 31-band 1/3-octave GEQ gain per band,547,jjk,65,32,,,,,,,AuxEq,,0=-12/127=12/[Lin],,,,,2,1,592,0x0250,,,,32,EqSafe,LinearFrames,12,12,Linear,CoeffSetAtomic
Aux007Geq026,1,7,26,,,Aux 31-band 1/3-octave GEQ gain per band,548,jjl,65,32,,,,,,,AuxEq,,0=-12/127=12/[Lin],,,,,2,1,593,0x0251,,,,32,EqSafe,LinearFrames,12,12,Linear,CoeffSetAtomic
Aux007Geq027,1,7,27,,,Aux 31-band 1/3-octave GEQ gain per band,549,jjm,65,32,,,,,,,AuxEq,,0=-12/127=12/[Lin],,,,,2,1,594,0x0252,,,,32,EqSafe,LinearFrames,12,12,Linear,CoeffSetAtomic
Aux007Geq028,1,7,28,,,Aux 31-band 1/3-octave GEQ gain per band,550,jjn,65,32,,,,,,,AuxEq,,0=-12/127=12/[Lin],,,,,2,1,595,0x0253,,,,32,EqSafe,LinearFrames,12,12,Linear,CoeffSetAtomic
Aux007Geq029,1,7,29,,,Aux 31-band 1/3-octave GEQ gain per band,551,jjo,65,32,,,,,,,AuxEq,,0=-12/127=12/[Lin],,,,,2,1,596,0x0254,,,,32,EqSafe,LinearFrames,12,12,Linear,CoeffSetAtomic
Aux007Geq030,1,7,30,,,Aux 31-band 1/3-octave GEQ gain per band,552,jjp,65,32,,,,,,,AuxEq,,0=-12/127=12/[Lin],,,,,2,1,597,0x0255,,,,32,EqSafe,LinearFrames,12,12,Linear,CoeffSetAtomic
Aux007Geq031,1,7,31,,,Aux 31-band 1/3-octave GEQ gain per band,553,jjq,65,32,,,,,,,AuxEq,,0=-12/127=12/[Lin],,,,,2,1,598,0x0256,,,,32,EqSafe,LinearFrames,12,12,Linear,CoeffSetAtomic
Aux008Geq001,1,8,1,,,Aux 31-band 1/3-octave GEQ gain per band,554,jjr,65,32,,,,,,,AuxEq,,0=-12/127=12/[Lin],,,,,2,1,658,0x0292,,,,32,EqSafe,LinearFrames,12,12,Linear,CoeffSetAtomic
Aux008Geq002,1,8,2,,,Aux 31-band 1/3-octave GEQ gain per band,555,jjs,65,32,,,,,,,AuxEq,,0=-12/127=12/[Lin],,,,,2,1,659,0x0293,,,,32,EqSafe,LinearFrames,12,12,Linear,CoeffSetAtomic
Aux008Geq003,1,8,3,,,Aux 31-band 1/3-octave GEQ gain per band,556,jjt,65,32,,,,,,,AuxEq,,0=-12/127=12/[Lin],,,,,2,1,660,0x0294,,,,32,EqSafe,LinearFrames,12,12,Linear,CoeffSetAtomic
Aux008Geq004,1,8,4,,,Aux 31-band 1/3-octave GEQ gain per band,557,jju,65,32,,,,,,,AuxEq,,0=-12/127=12/[Lin],,,,,2,1,661,0x0295,,,,32,EqSafe,LinearFrames,12,12,Linear,CoeffSetAtomic
Aux008Geq005,1,8,5,,,Aux 31-band 1/3-octave GEQ gain per band,558,jjv,65,32,,,,,,,AuxEq,,0=-12/127=12/[Lin],,,,,2,1,662,0x0296,,,,32,EqSafe,LinearFrames,12,12,Linear,CoeffSetAtomic
Aux008Geq006,1,8,6,,,Aux 31-band 1/3-octave GEQ gain per band,559,jjw,65,32,,,,,,,AuxEq,,0=-12/127=12/[Lin],,,,,2,1,663,0x0297,,,,32,EqSafe,LinearFrames,12,12,Linear,CoeffSetAtomic
Aux008Geq007,1,8,7,,,Aux 31-band 1/3-octave GEQ gain per band,560,jkh,65,32,,,,,,,AuxEq,,0=-12/127=12/[Lin],,,,,2,1,664,0x0298,,,,32,EqSafe,LinearFrames,12,12,Linear,CoeffSetAtomic
Aux008Geq008,1,8,8,,,Aux 31-band 1/3-octave GEQ gain per band,561,jki,65,32,,,,,,,AuxEq,,0=-12/127=12/[Lin],,,,,2,1,665,0x0299,,,,32,EqSafe,LinearFrames,12,12,Linear,CoeffSetAtomic
Aux008Geq009,1,8,9,,,Aux 31-band 1/3-octave GEQ gain per band,562,jkj,65,32,,,,,,,AuxEq,,0=-12/127=12/[Lin],,,,,2,1,666,0x029A,,,,32,EqSafe,LinearFrames,12,12,Linear,CoeffSetAtomic
Aux008Geq010,1,8,10,,,Aux 31-band 1/3-octave GEQ gain per band,563,jkk,65,32,,,,,,,AuxEq,,0=-12/127=12/[Lin],,,,,2,1,667,0x029B,,,,32,EqSafe,LinearFrames,12,12,Linear,CoeffSetAtomic
Aux008Geq011,1,8,11,,,Aux 31-band 1/3-octave GEQ gain per band,564,jkl,65,32,,,,,,,AuxEq,,0=-12/127=12/[Lin],,,,,2,1,668,0x029C,,,,32,EqSafe,LinearFrames,12,12,Linear,CoeffSetAtomic
Aux008Geq012,1,8,12,,,Aux 31-band 1/3-octave GEQ gain per band,565,jkm,65,32,,,,,,,AuxEq,,0=-12/127=12/[Lin],,,,,2,1,669,0x029D,,,,32,EqSafe,LinearFrames,12,12,Linear,CoeffSetAtomic
Aux008Geq013,1,8,13,,,Aux 31-band 1/3-octave GEQ gain per band,566,jkn,65,32,,,,,,,AuxEq,,0=-12/127=12/[Lin],,,,,2,1,670,0x029E,,,,32,EqSafe,LinearFrames,12,12,Linear,CoeffSetAtomic
Aux008Geq014,1,8,14,,,Aux 31-band 1/3-octave GEQ gain per band,567,jko,65,32,,,,,,,AuxEq,,0=-12/127=12/[Lin],,,,,2,1,671,0x029F,,,,32,EqSafe,LinearFrames,12,12,Linear,CoeffSetAtomic
Aux008Geq015,1,8,15,,,Aux 31-band 1/3-octave GEQ gain per band,568,jkp,65,32,,,,,,,AuxEq,,0=-12/127=12/[Lin],,,,,2,1,672,0x02A0,,,,32,EqSafe,LinearFrames,12,12,Linear,CoeffSetAtomic
Aux008Geq016,1,8,16,,,Aux 31-band 1/3-octave GEQ gain per band,569,jkq,65,32,,,,,,,AuxEq,,0=-12/127=12/[Lin],,,,,2,1,673,0x02A1,,,,32,EqSafe,LinearFrames,12,12,Linear,CoeffSetAtomic
Aux008Geq017,1,8,17,,,Aux 31-band 1/3-octave GEQ gain per band,570,jkr,65,32,,,,,,,AuxEq,,0=-12/127=12/[Lin],,,,,2,1,674,0x02A2,,,,32,EqSafe,LinearFrames,12,12,Linear,CoeffSetAtomic
Aux008Geq018,1,8,18,,,Aux 31-band 1/3-octave GEQ gain per band,571,jks,65,32,,,,,,,AuxEq,,0=-12/127=12/[Lin],,,,,2,1,675,0x02A3,,,,32,EqSafe,LinearFrames,12,12,Linear,CoeffSetAtomic
Aux008Geq019,1,8,19,,,Aux 31-band 1/3-octave GEQ gain per band,572,jkt,65,32,,,,,,,AuxEq,,0=-12/127=12/[Lin],,,,,2,1,676,0x02A4,,,,32,EqSafe,LinearFrames,12,12,Linear,CoeffSetAtomic
Aux008Geq020,1,8,20,,,Aux 31-band 1/3-octave GEQ gain per band,573,jku,65,32,,,,,,,AuxEq,,0=-12/127=12/[Lin],,,,,2,1,677,0x02A5,,,,32,EqSafe,LinearFrames,12,12,Linear,CoeffSetAtomic
Aux008Geq021,1,8,21,,,Aux 31-band 1/3-octave GEQ gain per band,574,jkv,65,32,,,,,,,AuxEq,,0=-12/127=12/[Lin],,,,,2,1,678,0x02A6,,,,32,EqSafe,LinearFrames,12,12,Linear,CoeffSetAtomic
Aux008Geq022,1,8,22,,,Aux 31-band 1/3-octave GEQ gain per band,575,jkw,65,32,,,,,,,AuxEq,,0=-12/127=12/[Lin],,,,,2,1,679,0x02A7,,,,32,EqSafe,LinearFrames,12,12,Linear,CoeffSetAtomic
Aux008Geq023,1,8,23,,,Aux 31-band 1/3-octave GEQ gain per band,576,jlh,65,32,,,,,,,AuxEq,,0=-12/127=12/[Lin],,,,,2,1,680,0x02A8,,,,32,EqSafe,LinearFrames,12,12,Linear,CoeffSetAtomic
Aux008Geq024,1,8,24,,,Aux 31-band 1/3-octave GEQ gain per band,577,jli,65,32,,,,,,,AuxEq,,0=-12/127=12/[Lin],,,,,2,1,681,0x02A9,,,,32,EqSafe,LinearFrames,12,12,Linear,CoeffSetAtomic
Aux008Geq025,1,8,25,,,Aux 31-band 1/3-octave GEQ gain per band,578,jlj,65,32,,,,,,,AuxEq,,0=-12/127=12/[Lin],,,,,2,1,682,0x02AA,,,,32,EqSafe,LinearFrames,12,12,Linear,CoeffSetAtomic
Aux008Geq026,1,8,26,,,Aux 31-band 1/3-octave GEQ gain per band,579,jlk,65,32,,,,,,,AuxEq,,0=-12/127=12/[Lin],,,,,2,1,683,0x02AB,,,,32,EqSafe,LinearFrames,12,12,Linear,CoeffSetAtomic
Aux008Geq027,1,8,27,,,Aux 31-band 1/3-octave GEQ gain per band,580,jll,65,32,,,,,,,AuxEq,,0=-12/127=12/[Lin],,,,,2,1,684,0x02AC,,,,32,EqSafe,LinearFrames,12,12,Linear,CoeffSetAtomic
Aux008Geq028,1,8,28,,,Aux 31-band 1/3-octave GEQ gain per band,581,jlm,65,32,,,,,,,AuxEq,,0=-12/127=12/[Lin],,,,,2,1,685,0x02AD,,,,32,EqSafe,LinearFrames,12,12,Linear,CoeffSetAtomic
Aux008Geq029,1,8,29,,,Aux 31-band 1/3-octave GEQ gain per band,582,jln,65,32,,,,,,,AuxEq,,0=-12/127=12/[Lin],,,,,2,1,686,0x02AE,,,,32,EqSafe,LinearFrames,12,12,Linear,CoeffSetAtomic
Aux008Geq030,1,8,30,,,Aux 31-band 1/3-octave GEQ gain per band,583,jlo,65,32,,,,,,,AuxEq,,0=-12/127=12/[Lin],,,,,2,1,687,0x02AF,,,,32,EqSafe,LinearFrames,12,12,Linear,CoeffSetAtomic
Aux008Geq031,1,8,31,,,Aux 31-band 1/3-octave GEQ gain per band,584,jlp,65,32,,,,,,,AuxEq,,0=-12/127=12/[Lin],,,,,2,1,688,0x02B0,,,,32,EqSafe,LinearFrames,12,12,Linear,CoeffSetAtomic
Aux001LimiterAtt001,1,1,1,,,Aux limiter attack time,585,jlq,33,,,,,,,,AuxLimiter,,0=0.1/127=100/[Log],,,,,2,1,85,0x0055,,,,-,DynSafe,LinearFrames,6,20,Exp,Scalar
Aux002LimiterAtt001,1,2,1,,,Aux limiter attack time,586,jlr,33,,,,,,,,AuxLimiter,,0=0.1/127=100/[Log],,,,,2,1,175,0x00AF,,,,-,DynSafe,LinearFrames,6,20,Exp,Scalar
Aux003LimiterAtt001,1,3,1,,,Aux limiter attack time,587,jls,33,,,,,,,,AuxLimiter,,0=0.1/127=100/[Log],,,,,2,1,265,0x0109,,,,-,DynSafe,LinearFrames,6,20,Exp,Scalar
Aux004LimiterAtt001,1,4,1,,,Aux limiter attack time,588,jlt,33,,,,,,,,AuxLimiter,,0=0.1/127=100/[Log],,,,,2,1,355,0x0163,,,,-,DynSafe,LinearFrames,6,20,Exp,Scalar
Aux005LimiterAtt001,1,5,1,,,Aux limiter attack time,589,jlu,33,,,,,,,,AuxLimiter,,0=0.1/127=100/[Log],,,,,2,1,445,0x01BD,,,,-,DynSafe,LinearFrames,6,20,Exp,Scalar
Aux006LimiterAtt001,1,6,1,,,Aux limiter attack time,590,jlv,33,,,,,,,,AuxLimiter,,0=0.1/127=100/[Log],,,,,2,1,535,0x0217,,,,-,DynSafe,LinearFrames,6,20,Exp,Scalar
Aux007LimiterAtt001,1,7,1,,,Aux limiter attack time,591,jlw,33,,,,,,,,AuxLimiter,,0=0.1/127=100/[Log],,,,,2,1,625,0x0271,,,,-,DynSafe,LinearFrames,6,20,Exp,Scalar
Aux008LimiterAtt001,1,8,1,,,Aux limiter attack time,592,jmh,33,,,,,,,,AuxLimiter,,0=0.1/127=100/[Log],,,,,2,1,715,0x02CB,,,,-,DynSafe,LinearFrames,6,20,Exp,Scalar
Aux001LimiterOn001,1,1,1,,,Aux output limiter on/off,593,jmi,2,,,,,,,,,,,,,,,2,1,83,0x0053,,,,0,InstantCtl,Instant,0,0,Linear,Scalar
Aux002LimiterOn001,1,2,1,,,Aux output limiter on/off,594,jmj,2,,,,,,,,,,,,,,,2,1,173,0x00AD,,,,0,InstantCtl,Instant,0,0,Linear,Scalar
Aux003LimiterOn001,1,3,1,,,Aux output limiter on/off,595,jmk,2,,,,,,,,,,,,,,,2,1,263,0x0107,,,,0,InstantCtl,Instant,0,0,Linear,Scalar
Aux004LimiterOn001,1,4,1,,,Aux output limiter on/off,596,jml,2,,,,,,,,,,,,,,,2,1,353,0x0161,,,,0,InstantCtl,Instant,0,0,Linear,Scalar
Aux005LimiterOn001,1,5,1,,,Aux output limiter on/off,597,jmm,2,,,,,,,,,,,,,,,2,1,443,0x01BB,,,,0,InstantCtl,Instant,0,0,Linear,Scalar
Aux006LimiterOn001,1,6,1,,,Aux output limiter on/off,598,jmn,2,,,,,,,,,,,,,,,2,1,533,0x0215,,,,0,InstantCtl,Instant,0,0,Linear,Scalar
Aux007LimiterOn001,1,7,1,,,Aux output limiter on/off,599,jmo,2,,,,,,,,,,,,,,,2,1,623,0x026F,,,,0,InstantCtl,Instant,0,0,Linear,Scalar
Aux008LimiterOn001,1,8,1,,,Aux output limiter on/off,600,jmp,2,,,,,,,,,,,,,,,2,1,713,0x02C9,,,,0,InstantCtl,Instant,0,0,Linear,Scalar
Aux001LimiterRel001,1,1,1,,,Aux limiter release time,601,jmq,33,,,,,,,,AuxLimiter,,0=5/127=2000/[Log],,,,,2,1,86,0x0056,,,,-,DynSafe,LinearFrames,6,20,Exp,Scalar
Aux002LimiterRel001,1,2,1,,,Aux limiter release time,602,jmr,33,,,,,,,,AuxLimiter,,0=5/127=2000/[Log],,,,,2,1,176,0x00B0,,,,-,DynSafe,LinearFrames,6,20,Exp,Scalar
Aux003LimiterRel001,1,3,1,,,Aux limiter release time,603,jms,33,,,,,,,,AuxLimiter,,0=5/127=2000/[Log],,,,,2,1,266,0x010A,,,,-,DynSafe,LinearFrames,6,20,Exp,Scalar
Aux004LimiterRel001,1,4,1,,,Aux limiter release time,604,jmt,33,,,,,,,,AuxLimiter,,0=5/127=2000/[Log],,,,,2,1,356,0x0164,,,,-,DynSafe,LinearFrames,6,20,Exp,Scalar
Aux005LimiterRel001,1,5,1,,,Aux limiter release time,605,jmu,33,,,,,,,,AuxLimiter,,0=5/127=2000/[Log],,,,,2,1,446,0x01BE,,,,-,DynSafe,LinearFrames,6,20,Exp,Scalar
Aux006LimiterRel001,1,6,1,,,Aux limiter release time,606,jmv,33,,,,,,,,AuxLimiter,,0=5/127=2000/[Log],,,,,2,1,536,0x0218,,,,-,DynSafe,LinearFrames,6,20,Exp,Scalar
Aux007LimiterRel001,1,7,1,,,Aux limiter release time,607,jmw,33,,,,,,,,AuxLimiter,,0=5/127=2000/[Log],,,,,2,1,626,0x0272,,,,-,DynSafe,LinearFrames,6,20,Exp,Scalar
Aux008LimiterRel001,1,8,1,,,Aux limiter release time,608,jnh,33,,,,,,,,AuxLimiter,,0=5/127=2000/[Log],,,,,2,1,716,0x02CC,,,,-,DynSafe,LinearFrames,6,20,Exp,Scalar
Aux001LimiterThr001,1,1,1,,,Aux limiter threshold,609,jni,255,,,,,,,,AuxLimiter,,0=-30/127=0/[Lin],,,,,2,1,84,0x0054,,,,254,DynSafe,LinearFrames,6,20,Exp,Scalar
Aux002LimiterThr001,1,2,1,,,Aux limiter threshold,610,jnj,255,,,,,,,,AuxLimiter,,0=-30/127=0/[Lin],,,,,2,1,174,0x00AE,,,,254,DynSafe,LinearFrames,6,20,Exp,Scalar
Aux003LimiterThr001,1,3,1,,,Aux limiter threshold,611,jnk,255,,,,,,,,AuxLimiter,,0=-30/127=0/[Lin],,,,,2,1,264,0x0108,,,,254,DynSafe,LinearFrames,6,20,Exp,Scalar
Aux004LimiterThr001,1,4,1,,,Aux limiter threshold,612,jnl,255,,,,,,,,AuxLimiter,,0=-30/127=0/[Lin],,,,,2,1,354,0x0162,,,,254,DynSafe,LinearFrames,6,20,Exp,Scalar
Aux005LimiterThr001,1,5,1,,,Aux limiter threshold,613,jnm,255,,,,,,,,AuxLimiter,,0=-30/127=0/[Lin],,,,,2,1,444,0x01BC,,,,254,DynSafe,LinearFrames,6,20,Exp,Scalar
Aux006LimiterThr001,1,6,1,,,Aux limiter threshold,614,jnn,255,,,,,,,,AuxLimiter,,0=-30/127=0/[Lin],,,,,2,1,534,0x0216,,,,254,DynSafe,LinearFrames,6,20,Exp,Scalar
Aux007LimiterThr001,1,7,1,,,Aux limiter threshold,615,jno,255,,,,,,,,AuxLimiter,,0=-30/127=0/[Lin],,,,,2,1,624,0x0270,,,,254,DynSafe,LinearFrames,6,20,Exp,Scalar
Aux008LimiterThr001,1,8,1,,,Aux limiter threshold,616,jnp,255,,,,,,,,AuxLimiter,,0=-30/127=0/[Lin],,,,,2,1,714,0x02CA,,,,254,DynSafe,LinearFrames,6,20,Exp,Scalar
Aux001Pan001,1,1,1,,,Aux stereo pan position,617,jnq,127,,,,,,,,,,Pan:dB:0:Off,,,,,2,1,1,0x0001,,,,63,GainFast,Slew,3,8,Exp,Scalar
Aux002Pan001,1,2,1,,,Aux stereo pan position,618,jnr,127,,,,,,,,,,Pan:dB:0:Off,,,,,2,1,91,0x005B,,,,63,GainFast,Slew,3,8,Exp,Scalar
Aux003Pan001,1,3,1,,,Aux stereo pan position,619,jns,127,,,,,,,,,,Pan:dB:0:Off,,,,,2,1,181,0x00B5,,,,63,GainFast,Slew,3,8,Exp,Scalar
Aux004Pan001,1,4,1,,,Aux stereo pan position,620,jnt,127,,,,,,,,,,Pan:dB:0:Off,,,,,2,1,271,0x010F,,,,63,GainFast,Slew,3,8,Exp,Scalar
Aux005Pan001,1,5,1,,,Aux stereo pan position,621,jnu,127,,,,,,,,,,Pan:dB:0:Off,,,,,2,1,361,0x0169,,,,63,GainFast,Slew,3,8,Exp,Scalar
Aux006Pan001,1,6,1,,,Aux stereo pan position,622,jnv,127,,,,,,,,,,Pan:dB:0:Off,,,,,2,1,451,0x01C3,,,,63,GainFast,Slew,3,8,Exp,Scalar
Aux007Pan001,1,7,1,,,Aux stereo pan position,623,jnw,127,,,,,,,,,,Pan:dB:0:Off,,,,,2,1,541,0x021D,,,,63,GainFast,Slew,3,8,Exp,Scalar
Aux008Pan001,1,8,1,,,Aux stereo pan position,624,joh,127,,,,,,,,,,Pan:dB:0:Off,,,,,2,1,631,0x0277,,,,63,GainFast,Slew,3,8,Exp,Scalar
Aux001PickOff001,1,1,1,,,Aux global pickoff point (pre/post EQ/fader),625,joi,4,,,,,,,,,,,,,,,,,,,,,,-,,,,,,
Aux002PickOff001,1,2,1,,,Aux global pickoff point (pre/post EQ/fader),626,joj,4,,,,,,,,,,,,,,,,,,,,,,-,,,,,,
Aux003PickOff001,1,3,1,,,Aux global pickoff point (pre/post EQ/fader),627,jok,4,,,,,,,,,,,,,,,,,,,,,,-,,,,,,
Aux004PickOff001,1,4,1,,,Aux global pickoff point (pre/post EQ/fader),628,jol,4,,,,,,,,,,,,,,,,,,,,,,-,,,,,,
Aux005PickOff001,1,5,1,,,Aux global pickoff point (pre/post EQ/fader),629,jom,4,,,,,,,,,,,,,,,,,,,,,,-,,,,,,
Aux006PickOff001,1,6,1,,,Aux global pickoff point (pre/post EQ/fader),630,jon,4,,,,,,,,,,,,,,,,,,,,,,-,,,,,,
Aux007PickOff001,1,7,1,,,Aux global pickoff point (pre/post EQ/fader),631,joo,4,,,,,,,,,,,,,,,,,,,,,,-,,,,,,
Aux008PickOff001,1,8,1,,,Aux global pickoff point (pre/post EQ/fader),632,jop,4,,,,,,,,,,,,,,,,,,,,,,-,,,,,,
Aux001Dca001,1,1,1,,,Aux master DCA assignment (1-8 or off),633,joq,9,,,,,,,,,,,,,,,,,,,,,,0,,,,,,
Aux002Dca001,1,2,1,,,Aux master DCA assignment (1-8 or off),634,jor,9,,,,,,,,,,,,,,,,,,,,,,0,,,,,,
Aux003Dca001,1,3,1,,,Aux master DCA assignment (1-8 or off),635,jos,9,,,,,,,,,,,,,,,,,,,,,,0,,,,,,
Aux004Dca001,1,4,1,,,Aux master DCA assignment (1-8 or off),636,jot,9,,,,,,,,,,,,,,,,,,,,,,0,,,,,,
Aux005Dca001,1,5,1,,,Aux master DCA assignment (1-8 or off),637,jou,9,,,,,,,,,,,,,,,,,,,,,,0,,,,,,
Aux006Dca001,1,6,1,,,Aux master DCA assignment (1-8 or off),638,jov,9,,,,,,,,,,,,,,,,,,,,,,0,,,,,,
Aux007Dca001,1,7,1,,,Aux master DCA assignment (1-8 or off),639,jow,9,,,,,,,,,,,,,,,,,,,,,,0,,,,,,
Aux008Dca001,1,8,1,,,Aux master DCA assignment (1-8 or off),640,jph,9,,,,,,,,,,,,,,,,,,,,,,0,,,,,,
Aux001DcaOn001,1,1,1,,,DCA follow on/off (assignment kept while off),641,jpi,2,,,,,,,,,,,,,,,,,,,,,,0,,,,,,
Aux002DcaOn001,1,2,1,,,DCA follow on/off (assignment kept while off),642,jpj,2,,,,,,,,,,,,,,,,,,,,,,0,,,,,,
Aux003DcaOn001,1,3,1,,,DCA follow on/off (assignment kept while off),643,jpk,2,,,,,,,,,,,,,,,,,,,,,,0,,,,,,
Aux004DcaOn001,1,4,1,,,DCA follow on/off (assignment kept while off),644,jpl,2,,,,,,,,,,,,,,,,,,,,,,0,,,,,,
Aux005DcaOn001,1,5,1,,,DCA follow on/off (assignment kept while off),645,jpm,2,,,,,,,,,,,,,,,,,,,,,,0,,,,,,
Aux006DcaOn001,1,6,1,,,DCA follow on/off (assignment kept while off),646,jpn,2,,,,,,,,,,,,,,,,,,,,,,0,,,,,,
Aux007DcaOn001,1,7,1,,,DCA follow on/off (assignment kept while off),647,jpo,2,,,,,,,,,,,,,,,,,,,,,,0,,,,,,
Aux008DcaOn001,1,8,1,,,DCA follow on/off (assignment kept while off),648,jpp,2,,,,,,,,,,,,,,,,,,,,,,0,,,,,,
Aux001Level001,1,1,1,,,Aux master output level,649,jpq,255,,,,,,,,,,dB:Off:-50@31:-30@63:-10@127:10,,,,,2,1,0,0x0000,,,,190,GainFast,Slew,3,8,Exp,Scalar
Aux002Level001,1,2,1,,,Aux master output level,650,jpr,255,,,,,,,,,,dB:Off:-50@31:-30@63:-10@127:10,,,,,2,1,90,0x005A,,,,190,GainFast,Slew,3,8,Exp,Scalar
Aux003Level001,1,3,1,,,Aux master output level,651,jps,255,,,,,,,,,,dB:Off:-50@31:-30@63:-10@127:10,,,,,2,1,180,0x00B4,,,,190,GainFast,Slew,3,8,Exp,Scalar
Aux004Level001,1,4,1,,,Aux master output level,652,jpt,255,,,,,,,,,,dB:Off:-50@31:-30@63:-10@127:10,,,,,2,1,270,0x010E,,,,190,GainFast,Slew,3,8,Exp,Scalar
Aux005Level001,1,5,1,,,Aux master output level,653,jpu,255,,,,,,,,,,dB:Off:-50@31:-30@63:-10@127:10,,,,,2,1,360,0x0168,,,,190,GainFast,Slew,3,8,Exp,Scalar
Aux006Level001,1,6,1,,,Aux master output level,654,jpv,255,,,,,,,,,,dB:Off:-50@31:-30@63:-10@127:10,,,,,2,1,450,0x01C2,,,,190,GainFast,Slew,3,8,Exp,Scalar
Aux007Level001,1,7,1,,,Aux master output level,655,jpw,255,,,,,,,,,,dB:Off:-50@31:-30@63:-10@127:10,,,,,2,1,540,0x021C,,,,190,GainFast,Slew,3,8,Exp,Scalar
Aux008Level001,1,8,1,,,Aux master output level,656,jqh,255,,,,,,,,,,dB:Off:-50@31:-30@63:-10@127:10,,,,,2,1,630,0x0276,,,,190,GainFast,Slew,3,8,Exp,Scalar
Aux001Mute001,1,1,1,,,Aux master mute on/off,657,jqi,2,,,,,,,,,,,,,,,2,1,2,0x0002,,,,0,InstantCtl,Instant,0,0,Linear,Scalar
Aux002Mute001,1,2,1,,,Aux master mute on/off,658,jqj,2,,,,,,,,,,,,,,,2,1,92,0x005C,,,,0,InstantCtl,Instant,0,0,Linear,Scalar
Aux003Mute001,1,3,1,,,Aux master mute on/off,659,jqk,2,,,,,,,,,,,,,,,2,1,182,0x00B6,,,,0,InstantCtl,Instant,0,0,Linear,Scalar
Aux004Mute001,1,4,1,,,Aux master mute on/off,660,jql,2,,,,,,,,,,,,,,,2,1,272,0x0110,,,,0,InstantCtl,Instant,0,0,Linear,Scalar
Aux005Mute001,1,5,1,,,Aux master mute on/off,661,jqm,2,,,,,,,,,,,,,,,2,1,362,0x016A,,,,0,InstantCtl,Instant,0,0,Linear,Scalar
Aux006Mute001,1,6,1,,,Aux master mute on/off,662,jqn,2,,,,,,,,,,,,,,,2,1,452,0x01C4,,,,0,InstantCtl,Instant,0,0,Linear,Scalar
Aux007Mute001,1,7,1,,,Aux master mute on/off,663,jqo,2,,,,,,,,,,,,,,,2,1,542,0x021E,,,,0,InstantCtl,Instant,0,0,Linear,Scalar
Aux008Mute001,1,8,1,,,Aux master mute on/off,664,jqp,2,,,,,,,,,,,,,,,2,1,632,0x0278,,,,0,InstantCtl,Instant,0,0,Linear,Scalar
Bt001On001,1,1,1,,false,Bluetooth audio input on/off,665,jqq,2,,,,,,,,,,,,,,,2,1,1800,0x0708,,,,1,InstantCtl,Instant,0,0,Linear,Scalar
Bt001Level001,1,1,1,,false,Bluetooth audio input level,666,jqr,255,,,,,,,,,,0=-20/127=6/[Lin],,,,,2,1,1799,0x0707,,,,,GainFast,Slew,3,8,Exp,Scalar
Bt001Src001,1,1,1,,false,Bluetooth source select,667,jqs,4,,,,,,,,,,,,,,,,,,,,,,-,,,,,,
Chan001Instr001,1,1,1,,,Instrument input mode (hi-Z),668,jqt,33,,,,,,,,,,,,,,,,,,,,,,0,,,,,,
Chan002Instr001,1,2,1,,,Instrument input mode (hi-Z),669,jqu,33,,,,,,,,,,,,,,,,,,,,,,0,,,,,,
Chan001AntiClip001,1,1,1,,,Auto gain reduction on/off (M&W exclusive),670,jqv,2,,,,,,,,ChanInput,,0=-20/127=0/[Lin],,,,,,,,,,,,0,,,,,,
Chan002AntiClip001,1,2,1,,,Auto gain reduction on/off (M&W exclusive),671,jqw,2,,,,,,,,ChanInput,,0=-20/127=0/[Lin],,,,,,,,,,,,0,,,,,,
Chan003AntiClip001,1,3,1,,,Auto gain reduction on/off (M&W exclusive),672,jrh,2,,,,,,,,ChanInput,,0=-20/127=0/[Lin],,,,,,,,,,,,0,,,,,,
Chan004AntiClip001,1,4,1,,,Auto gain reduction on/off (M&W exclusive),673,jri,2,,,,,,,,ChanInput,,0=-20/127=0/[Lin],,,,,,,,,,,,0,,,,,,
Chan005AntiClip001,1,5,1,,,Auto gain reduction on/off (M&W exclusive),674,jrj,2,,,,,,,,ChanInput,,0=-20/127=0/[Lin],,,,,,,,,,,,0,,,,,,
Chan006AntiClip001,1,6,1,,,Auto gain reduction on/off (M&W exclusive),675,jrk,2,,,,,,,,ChanInput,,0=-20/127=0/[Lin],,,,,,,,,,,,0,,,,,,
Chan007AntiClip001,1,7,1,,,Auto gain reduction on/off (M&W exclusive),676,jrl,2,,,,,,,,ChanInput,,0=-20/127=0/[Lin],,,,,,,,,,,,0,,,,,,
Chan008AntiClip001,1,8,1,,,Auto gain reduction on/off (M&W exclusive),677,jrm,2,,,,,,,,ChanInput,,0=-20/127=0/[Lin],,,,,,,,,,,,0,,,,,,
Chan009AntiClip001,1,9,1,,,Auto gain reduction on/off (M&W exclusive),678,jrn,2,,,,,,,,ChanInput,,0=-20/127=0/[Lin],,,,,,,,,,,,0,,,,,,
Chan010AntiClip001,1,10,1,,,Auto gain reduction on/off (M&W exclusive),679,jro,2,,,,,,,,ChanInput,,0=-20/127=0/[Lin],,,,,,,,,,,,0,,,,,,
Chan011AntiClip001,1,11,1,,,Auto gain reduction on/off (M&W exclusive),680,jrp,2,,,,,,,,ChanInput,,0=-20/127=0/[Lin],,,,,,,,,,,,0,,,,,,
Chan012AntiClip001,1,12,1,,,Auto gain reduction on/off (M&W exclusive),681,jrq,2,,,,,,,,ChanInput,,0=-20/127=0/[Lin],,,,,,,,,,,,0,,,,,,
Chan013AntiClip001,1,13,1,,,Auto gain reduction on/off (M&W exclusive),682,jrr,2,,,,,,,,ChanInput,,0=-20/127=0/[Lin],,,,,,,,,,,,0,,,,,,
Chan014AntiClip001,1,14,1,,,Auto gain reduction on/off (M&W exclusive),683,jrs,2,,,,,,,,ChanInput,,0=-20/127=0/[Lin],,,,,,,,,,,,0,,,,,,
Chan015AntiClip001,1,15,1,,,Auto gain reduction on/off (M&W exclusive),684,jrt,2,,,,,,,,ChanInput,,0=-20/127=0/[Lin],,,,,,,,,,,,0,,,,,,
Chan016AntiClip001,1,16,1,,,Auto gain reduction on/off (M&W exclusive),685,jru,2,,,,,,,,ChanInput,,0=-20/127=0/[Lin],,,,,,,,,,,,0,,,,,,
Chan017AntiClip001,1,17,1,,,Auto gain reduction on/off (M&W exclusive),686,jrv,2,,,,,,,,ChanInput,,0=-20/127=0/[Lin],,,,,,,,,,,,0,,,,,,
Chan018AntiClip001,1,18,1,,,Auto gain reduction on/off (M&W exclusive),687,jrw,2,,,,,,,,ChanInput,,0=-20/127=0/[Lin],,,,,,,,,,,,0,,,,,,
Chan019AntiClip001,1,19,1,,,Auto gain reduction on/off (M&W exclusive),688,jsh,2,,,,,,,,ChanInput,,0=-20/127=0/[Lin],,,,,,,,,,,,0,,,,,,
Chan020AntiClip001,1,20,1,,,Auto gain reduction on/off (M&W exclusive),689,jsi,2,,,,,,,,ChanInput,,0=-20/127=0/[Lin],,,,,,,,,,,,0,,,,,,
Chan021AntiClip001,1,21,1,,,Auto gain reduction on/off (M&W exclusive),690,jsj,2,,,,,,,,ChanInput,,0=-20/127=0/[Lin],,,,,,,,,,,,0,,,,,,
Chan022AntiClip001,1,22,1,,,Auto gain reduction on/off (M&W exclusive),691,jsk,2,,,,,,,,ChanInput,,0=-20/127=0/[Lin],,,,,,,,,,,,0,,,,,,
Chan023AntiClip001,1,23,1,,,Auto gain reduction on/off (M&W exclusive),692,jsl,2,,,,,,,,ChanInput,,0=-20/127=0/[Lin],,,,,,,,,,,,0,,,,,,
Chan024AntiClip001,1,24,1,,,Auto gain reduction on/off (M&W exclusive),693,jsm,2,,,,,,,,ChanInput,,0=-20/127=0/[Lin],,,,,,,,,,,,0,,,,,,
Chan001Color001,1,1,1,,,Fader cap color code,694,jsn,16,,,,,,,,ChanInput,,,,,,,,,,,,,,-,,,,,,
Chan002Color001,1,2,1,,,Fader cap color code,695,jso,16,,,,,,,,ChanInput,,,,,,,,,,,,,,-,,,,,,
Chan003Color001,1,3,1,,,Fader cap color code,696,jsp,16,,,,,,,,ChanInput,,,,,,,,,,,,,,-,,,,,,
Chan004Color001,1,4,1,,,Fader cap color code,697,jsq,16,,,,,,,,ChanInput,,,,,,,,,,,,,,-,,,,,,
Chan005Color001,1,5,1,,,Fader cap color code,698,jsr,16,,,,,,,,ChanInput,,,,,,,,,,,,,,-,,,,,,
Chan006Color001,1,6,1,,,Fader cap color code,699,jss,16,,,,,,,,ChanInput,,,,,,,,,,,,,,-,,,,,,
Chan007Color001,1,7,1,,,Fader cap color code,700,jst,16,,,,,,,,ChanInput,,,,,,,,,,,,,,-,,,,,,
Chan008Color001,1,8,1,,,Fader cap color code,701,jsu,16,,,,,,,,ChanInput,,,,,,,,,,,,,,-,,,,,,
Chan009Color001,1,9,1,,,Fader cap color code,702,jsv,16,,,,,,,,ChanInput,,,,,,,,,,,,,,-,,,,,,
Chan010Color001,1,10,1,,,Fader cap color code,703,jsw,16,,,,,,,,ChanInput,,,,,,,,,,,,,,-,,,,,,
Chan011Color001,1,11,1,,,Fader cap color code,704,jth,16,,,,,,,,ChanInput,,,,,,,,,,,,,,-,,,,,,
Chan012Color001,1,12,1,,,Fader cap color code,705,jti,16,,,,,,,,ChanInput,,,,,,,,,,,,,,-,,,,,,
Chan013Color001,1,13,1,,,Fader cap color code,706,jtj,16,,,,,,,,ChanInput,,,,,,,,,,,,,,-,,,,,,
Chan014Color001,1,14,1,,,Fader cap color code,707,jtk,16,,,,,,,,ChanInput,,,,,,,,,,,,,,-,,,,,,
Chan015Color001,1,15,1,,,Fader cap color code,708,jtl,16,,,,,,,,ChanInput,,,,,,,,,,,,,,-,,,,,,
Chan016Color001,1,16,1,,,Fader cap color code,709,jtm,16,,,,,,,,ChanInput,,,,,,,,,,,,,,-,,,,,,
Chan017Color001,1,17,1,,,Fader cap color code,710,jtn,16,,,,,,,,ChanInput,,,,,,,,,,,,,,-,,,,,,
Chan018Color001,1,18,1,,,Fader cap color code,711,jto,16,,,,,,,,ChanInput,,,,,,,,,,,,,,-,,,,,,
Chan019Color001,1,19,1,,,Fader cap color code,712,jtp,16,,,,,,,,ChanInput,,,,,,,,,,,,,,-,,,,,,
Chan020Color001,1,20,1,,,Fader cap color code,713,jtq,16,,,,,,,,ChanInput,,,,,,,,,,,,,,-,,,,,,
Chan021Color001,1,21,1,,,Fader cap color code,714,jtr,16,,,,,,,,ChanInput,,,,,,,,,,,,,,-,,,,,,
Chan022Color001,1,22,1,,,Fader cap color code,715,jts,16,,,,,,,,ChanInput,,,,,,,,,,,,,,-,,,,,,
Chan023Color001,1,23,1,,,Fader cap color code,716,jtt,16,,,,,,,,ChanInput,,,,,,,,,,,,,,-,,,,,,
Chan024Color001,1,24,1,,,Fader cap color code,717,jtu,16,,,,,,,,ChanInput,,,,,,,,,,,,,,-,,,,,,
Chan001CompAtt001,1,1,1,,,Compressor attack time,718,jtv,255,,,,,,,,ChanComp,,0=0/254=250/[Log],,,,,1,1,59,0x003B,,,,-,DynSafe,LinearFrames,6,20,Exp,Scalar
Chan002CompAtt001,1,2,1,,,Compressor attack time,719,jtw,255,,,,,,,,ChanComp,,0=0/254=250/[Log],,,,,1,1,203,0x00CB,,,,-,DynSafe,LinearFrames,6,20,Exp,Scalar
Chan003CompAtt001,1,3,1,,,Compressor attack time,720,juh,255,,,,,,,,ChanComp,,0=0/254=250/[Log],,,,,1,1,347,0x015B,,,,-,DynSafe,LinearFrames,6,20,Exp,Scalar
Chan004CompAtt001,1,4,1,,,Compressor attack time,721,jui,255,,,,,,,,ChanComp,,0=0/254=250/[Log],,,,,1,1,491,0x01EB,,,,-,DynSafe,LinearFrames,6,20,Exp,Scalar
Chan005CompAtt001,1,5,1,,,Compressor attack time,722,juj,255,,,,,,,,ChanComp,,0=0/254=250/[Log],,,,,1,1,635,0x027B,,,,-,DynSafe,LinearFrames,6,20,Exp,Scalar
Chan006CompAtt001,1,6,1,,,Compressor attack time,723,juk,255,,,,,,,,ChanComp,,0=0/254=250/[Log],,,,,1,1,779,0x030B,,,,-,DynSafe,LinearFrames,6,20,Exp,Scalar
Chan007CompAtt001,1,7,1,,,Compressor attack time,724,jul,255,,,,,,,,ChanComp,,0=0/254=250/[Log],,,,,1,1,923,0x039B,,,,-,DynSafe,LinearFrames,6,20,Exp,Scalar
Chan008CompAtt001,1,8,1,,,Compressor attack time,725,jum,255,,,,,,,,ChanComp,,0=0/254=250/[Log],,,,,1,1,1067,0x042B,,,,-,DynSafe,LinearFrames,6,20,Exp,Scalar
Chan009CompAtt001,1,9,1,,,Compressor attack time,726,jun,255,,,,,,,,ChanComp,,0=0/254=250/[Log],,,,,1,1,1211,0x04BB,,,,-,DynSafe,LinearFrames,6,20,Exp,Scalar
Chan010CompAtt001,1,10,1,,,Compressor attack time,727,juo,255,,,,,,,,ChanComp,,0=0/254=250/[Log],,,,,1,1,1355,0x054B,,,,-,DynSafe,LinearFrames,6,20,Exp,Scalar
Chan011CompAtt001,1,11,1,,,Compressor attack time,728,jup,255,,,,,,,,ChanComp,,0=0/254=250/[Log],,,,,1,1,1499,0x05DB,,,,-,DynSafe,LinearFrames,6,20,Exp,Scalar
Chan012CompAtt001,1,12,1,,,Compressor attack time,729,juq,255,,,,,,,,ChanComp,,0=0/254=250/[Log],,,,,1,1,1643,0x066B,,,,-,DynSafe,LinearFrames,6,20,Exp,Scalar
Chan013CompAtt001,1,13,1,,,Compressor attack time,730,jur,255,,,,,,,,ChanComp,,0=0/254=250/[Log],,,,,1,1,1787,0x06FB,,,,-,DynSafe,LinearFrames,6,20,Exp,Scalar
Chan014CompAtt001,1,14,1,,,Compressor attack time,731,jus,255,,,,,,,,ChanComp,,0=0/254=250/[Log],,,,,1,1,1931,0x078B,,,,-,DynSafe,LinearFrames,6,20,Exp,Scalar
Chan015CompAtt001,1,15,1,,,Compressor attack time,732,jut,255,,,,,,,,ChanComp,,0=0/254=250/[Log],,,,,1,1,2075,0x081B,,,,-,DynSafe,LinearFrames,6,20,Exp,Scalar
Chan016CompAtt001,1,16,1,,,Compressor attack time,733,juu,255,,,,,,,,ChanComp,,0=0/254=250/[Log],,,,,1,1,2219,0x08AB,,,,-,DynSafe,LinearFrames,6,20,Exp,Scalar
Chan017CompAtt001,1,17,1,,,Compressor attack time,734,juv,255,,,,,,,,ChanComp,,0=0/254=250/[Log],,,,,1,1,2363,0x093B,,,,-,DynSafe,LinearFrames,6,20,Exp,Scalar
Chan018CompAtt001,1,18,1,,,Compressor attack time,735,juw,255,,,,,,,,ChanComp,,0=0/254=250/[Log],,,,,1,1,2507,0x09CB,,,,-,DynSafe,LinearFrames,6,20,Exp,Scalar
Chan019CompAtt001,1,19,1,,,Compressor attack time,736,jvh,255,,,,,,,,ChanComp,,0=0/254=250/[Log],,,,,1,1,2651,0x0A5B,,,,-,DynSafe,LinearFrames,6,20,Exp,Scalar
Chan020CompAtt001,1,20,1,,,Compressor attack time,737,jvi,255,,,,,,,,ChanComp,,0=0/254=250/[Log],,,,,1,1,2795,0x0AEB,,,,-,DynSafe,LinearFrames,6,20,Exp,Scalar
Chan021CompAtt001,1,21,1,,,Compressor attack time,738,jvj,255,,,,,,,,ChanComp,,0=0/254=250/[Log],,,,,1,1,2939,0x0B7B,,,,-,DynSafe,LinearFrames,6,20,Exp,Scalar
Chan022CompAtt001,1,22,1,,,Compressor attack time,739,jvk,255,,,,,,,,ChanComp,,0=0/254=250/[Log],,,,,1,1,3083,0x0C0B,,,,-,DynSafe,LinearFrames,6,20,Exp,Scalar
Chan023CompAtt001,1,23,1,,,Compressor attack time,740,jvl,255,,,,,,,,ChanComp,,0=0/254=250/[Log],,,,,1,1,3227,0x0C9B,,,,-,DynSafe,LinearFrames,6,20,Exp,Scalar
Chan024CompAtt001,1,24,1,,,Compressor attack time,741,jvm,255,,,,,,,,ChanComp,,0=0/254=250/[Log],,,,,1,1,3371,0x0D2B,,,,-,DynSafe,LinearFrames,6,20,Exp,Scalar
Chan001CompKnee001,1,1,1,,,Compressor soft/hard knee,742,jvn,2,,,,,,,,ChanComp,,,,,,,1,1,62,0x003E,,,,-,InstantCtl,Instant,0,0,Linear,Scalar
Chan002CompKnee001,1,2,1,,,Compressor soft/hard knee,743,jvo,2,,,,,,,,ChanComp,,,,,,,1,1,206,0x00CE,,,,-,InstantCtl,Instant,0,0,Linear,Scalar
Chan003CompKnee001,1,3,1,,,Compressor soft/hard knee,744,jvp,2,,,,,,,,ChanComp,,,,,,,1,1,350,0x015E,,,,-,InstantCtl,Instant,0,0,Linear,Scalar
Chan004CompKnee001,1,4,1,,,Compressor soft/hard knee,745,jvq,2,,,,,,,,ChanComp,,,,,,,1,1,494,0x01EE,,,,-,InstantCtl,Instant,0,0,Linear,Scalar
Chan005CompKnee001,1,5,1,,,Compressor soft/hard knee,746,jvr,2,,,,,,,,ChanComp,,,,,,,1,1,638,0x027E,,,,-,InstantCtl,Instant,0,0,Linear,Scalar
Chan006CompKnee001,1,6,1,,,Compressor soft/hard knee,747,jvs,2,,,,,,,,ChanComp,,,,,,,1,1,782,0x030E,,,,-,InstantCtl,Instant,0,0,Linear,Scalar
Chan007CompKnee001,1,7,1,,,Compressor soft/hard knee,748,jvt,2,,,,,,,,ChanComp,,,,,,,1,1,926,0x039E,,,,-,InstantCtl,Instant,0,0,Linear,Scalar
Chan008CompKnee001,1,8,1,,,Compressor soft/hard knee,749,jvu,2,,,,,,,,ChanComp,,,,,,,1,1,1070,0x042E,,,,-,InstantCtl,Instant,0,0,Linear,Scalar
Chan009CompKnee001,1,9,1,,,Compressor soft/hard knee,750,jvv,2,,,,,,,,ChanComp,,,,,,,1,1,1214,0x04BE,,,,-,InstantCtl,Instant,0,0,Linear,Scalar
Chan010CompKnee001,1,10,1,,,Compressor soft/hard knee,751,jvw,2,,,,,,,,ChanComp,,,,,,,1,1,1358,0x054E,,,,-,InstantCtl,Instant,0,0,Linear,Scalar
Chan011CompKnee001,1,11,1,,,Compressor soft/hard knee,752,jwh,2,,,,,,,,ChanComp,,,,,,,1,1,1502,0x05DE,,,,-,InstantCtl,Instant,0,0,Linear,Scalar
Chan012CompKnee001,1,12,1,,,Compressor soft/hard knee,753,jwi,2,,,,,,,,ChanComp,,,,,,,1,1,1646,0x066E,,,,-,InstantCtl,Instant,0,0,Linear,Scalar
Chan013CompKnee001,1,13,1,,,Compressor soft/hard knee,754,jwj,2,,,,,,,,ChanComp,,,,,,,1,1,1790,0x06FE,,,,-,InstantCtl,Instant,0,0,Linear,Scalar
Chan014CompKnee001,1,14,1,,,Compressor soft/hard knee,755,jwk,2,,,,,,,,ChanComp,,,,,,,1,1,1934,0x078E,,,,-,InstantCtl,Instant,0,0,Linear,Scalar
Chan015CompKnee001,1,15,1,,,Compressor soft/hard knee,756,jwl,2,,,,,,,,ChanComp,,,,,,,1,1,2078,0x081E,,,,-,InstantCtl,Instant,0,0,Linear,Scalar
Chan016CompKnee001,1,16,1,,,Compressor soft/hard knee,757,jwm,2,,,,,,,,ChanComp,,,,,,,1,1,2222,0x08AE,,,,-,InstantCtl,Instant,0,0,Linear,Scalar
Chan017CompKnee001,1,17,1,,,Compressor soft/hard knee,758,jwn,2,,,,,,,,ChanComp,,,,,,,1,1,2366,0x093E,,,,-,InstantCtl,Instant,0,0,Linear,Scalar
Chan018CompKnee001,1,18,1,,,Compressor soft/hard knee,759,jwo,2,,,,,,,,ChanComp,,,,,,,1,1,2510,0x09CE,,,,-,InstantCtl,Instant,0,0,Linear,Scalar
Chan019CompKnee001,1,19,1,,,Compressor soft/hard knee,760,jwp,2,,,,,,,,ChanComp,,,,,,,1,1,2654,0x0A5E,,,,-,InstantCtl,Instant,0,0,Linear,Scalar
Chan020CompKnee001,1,20,1,,,Compressor soft/hard knee,761,jwq,2,,,,,,,,ChanComp,,,,,,,1,1,2798,0x0AEE,,,,-,InstantCtl,Instant,0,0,Linear,Scalar
Chan021CompKnee001,1,21,1,,,Compressor soft/hard knee,762,jwr,2,,,,,,,,ChanComp,,,,,,,1,1,2942,0x0B7E,,,,-,InstantCtl,Instant,0,0,Linear,Scalar
Chan022CompKnee001,1,22,1,,,Compressor soft/hard knee,763,jws,2,,,,,,,,ChanComp,,,,,,,1,1,3086,0x0C0E,,,,-,InstantCtl,Instant,0,0,Linear,Scalar
Chan023CompKnee001,1,23,1,,,Compressor soft/hard knee,764,jwt,2,,,,,,,,ChanComp,,,,,,,1,1,3230,0x0C9E,,,,-,InstantCtl,Instant,0,0,Linear,Scalar
Chan024CompKnee001,1,24,1,,,Compressor soft/hard knee,765,jwu,2,,,,,,,,ChanComp,,,,,,,1,1,3374,0x0D2E,,,,-,InstantCtl,Instant,0,0,Linear,Scalar
Chan001CompMake001,1,1,1,,,Compressor makeup gain,766,jwv,33,,,,,,,,ChanComp,,0=0/127=20/[Lin],,,,,1,1,61,0x003D,,,,0,GainFast,Slew,3,8,Exp,Scalar
Chan002CompMake001,1,2,1,,,Compressor makeup gain,767,jww,33,,,,,,,,ChanComp,,0=0/127=20/[Lin],,,,,1,1,205,0x00CD,,,,0,GainFast,Slew,3,8,Exp,Scalar
Chan003CompMake001,1,3,1,,,Compressor makeup gain,768,khh,33,,,,,,,,ChanComp,,0=0/127=20/[Lin],,,,,1,1,349,0x015D,,,,0,GainFast,Slew,3,8,Exp,Scalar
Chan004CompMake001,1,4,1,,,Compressor makeup gain,769,khi,33,,,,,,,,ChanComp,,0=0/127=20/[Lin],,,,,1,1,493,0x01ED,,,,0,GainFast,Slew,3,8,Exp,Scalar
Chan005CompMake001,1,5,1,,,Compressor makeup gain,770,khj,33,,,,,,,,ChanComp,,0=0/127=20/[Lin],,,,,1,1,637,0x027D,,,,0,GainFast,Slew,3,8,Exp,Scalar
Chan006CompMake001,1,6,1,,,Compressor makeup gain,771,khk,33,,,,,,,,ChanComp,,0=0/127=20/[Lin],,,,,1,1,781,0x030D,,,,0,GainFast,Slew,3,8,Exp,Scalar
Chan007CompMake001,1,7,1,,,Compressor makeup gain,772,khl,33,,,,,,,,ChanComp,,0=0/127=20/[Lin],,,,,1,1,925,0x039D,,,,0,GainFast,Slew,3,8,Exp,Scalar
Chan008CompMake001,1,8,1,,,Compressor makeup gain,773,khm,33,,,,,,,,ChanComp,,0=0/127=20/[Lin],,,,,1,1,1069,0x042D,,,,0,GainFast,Slew,3,8,Exp,Scalar
Chan009CompMake001,1,9,1,,,Compressor makeup gain,774,khn,33,,,,,,,,ChanComp,,0=0/127=20/[Lin],,,,,1,1,1213,0x04BD,,,,0,GainFast,Slew,3,8,Exp,Scalar
Chan010CompMake001,1,10,1,,,Compressor makeup gain,775,kho,33,,,,,,,,ChanComp,,0=0/127=20/[Lin],,,,,1,1,1357,0x054D,,,,0,GainFast,Slew,3,8,Exp,Scalar
Chan011CompMake001,1,11,1,,,Compressor makeup gain,776,khp,33,,,,,,,,ChanComp,,0=0/127=20/[Lin],,,,,1,1,1501,0x05DD,,,,0,GainFast,Slew,3,8,Exp,Scalar
Chan012CompMake001,1,12,1,,,Compressor makeup gain,777,khq,33,,,,,,,,ChanComp,,0=0/127=20/[Lin],,,,,1,1,1645,0x066D,,,,0,GainFast,Slew,3,8,Exp,Scalar
Chan013CompMake001,1,13,1,,,Compressor makeup gain,778,khr,33,,,,,,,,ChanComp,,0=0/127=20/[Lin],,,,,1,1,1789,0x06FD,,,,0,GainFast,Slew,3,8,Exp,Scalar
Chan014CompMake001,1,14,1,,,Compressor makeup gain,779,khs,33,,,,,,,,ChanComp,,0=0/127=20/[Lin],,,,,1,1,1933,0x078D,,,,0,GainFast,Slew,3,8,Exp,Scalar
Chan015CompMake001,1,15,1,,,Compressor makeup gain,780,kht,33,,,,,,,,ChanComp,,0=0/127=20/[Lin],,,,,1,1,2077,0x081D,,,,0,GainFast,Slew,3,8,Exp,Scalar
Chan016CompMake001,1,16,1,,,Compressor makeup gain,781,khu,33,,,,,,,,ChanComp,,0=0/127=20/[Lin],,,,,1,1,2221,0x08AD,,,,0,GainFast,Slew,3,8,Exp,Scalar
Chan017CompMake001,1,17,1,,,Compressor makeup gain,782,khv,33,,,,,,,,ChanComp,,0=0/127=20/[Lin],,,,,1,1,2365,0x093D,,,,0,GainFast,Slew,3,8,Exp,Scalar
Chan018CompMake001,1,18,1,,,Compressor makeup gain,783,khw,33,,,,,,,,ChanComp,,0=0/127=20/[Lin],,,,,1,1,2509,0x09CD,,,,0,GainFast,Slew,3,8,Exp,Scalar
Chan019CompMake001,1,19,1,,,Compressor makeup gain,784,kih,33,,,,,,,,ChanComp,,0=0/127=20/[Lin],,,,,1,1,2653,0x0A5D,,,,0,GainFast,Slew,3,8,Exp,Scalar
Chan020CompMake001,1,20,1,,,Compressor makeup gain,785,kii,33,,,,,,,,ChanComp,,0=0/127=20/[Lin],,,,,1,1,2797,0x0AED,,,,0,GainFast,Slew,3,8,Exp,Scalar
Chan021CompMake001,1,21,1,,,Compressor makeup gain,786,kij,33,,,,,,,,ChanComp,,0=0/127=20/[Lin],,,,,1,1,2941,0x0B7D,,,,0,GainFast,Slew,3,8,Exp,Scalar
Chan022CompMake001,1,22,1,,,Compressor makeup gain,787,kik,33,,,,,,,,ChanComp,,0=0/127=20/[Lin],,,,,1,1,3085,0x0C0D,,,,0,GainFast,Slew,3,8,Exp,Scalar
Chan023CompMake001,1,23,1,,,Compressor makeup gain,788,kil,33,,,,,,,,ChanComp,,0=0/127=20/[Lin],,,,,1,1,3229,0x0C9D,,,,0,GainFast,Slew,3,8,Exp,Scalar
Chan024CompMake001,1,24,1,,,Compressor makeup gain,789,kim,33,,,,,,,,ChanComp,,0=0/127=20/[Lin],,,,,1,1,3373,0x0D2D,,,,0,GainFast,Slew,3,8,Exp,Scalar
Chan001CompOn001,1,1,1,,,Compressor on/off,790,kin,2,,,,,,,,ChanComp,,,,,,,1,1,56,0x0038,,,,0,InstantCtl,Instant,0,0,Linear,Scalar
Chan002CompOn001,1,2,1,,,Compressor on/off,791,kio,2,,,,,,,,ChanComp,,,,,,,1,1,200,0x00C8,,,,0,InstantCtl,Instant,0,0,Linear,Scalar
Chan003CompOn001,1,3,1,,,Compressor on/off,792,kip,2,,,,,,,,ChanComp,,,,,,,1,1,344,0x0158,,,,0,InstantCtl,Instant,0,0,Linear,Scalar
Chan004CompOn001,1,4,1,,,Compressor on/off,793,kiq,2,,,,,,,,ChanComp,,,,,,,1,1,488,0x01E8,,,,0,InstantCtl,Instant,0,0,Linear,Scalar
Chan005CompOn001,1,5,1,,,Compressor on/off,794,kir,2,,,,,,,,ChanComp,,,,,,,1,1,632,0x0278,,,,0,InstantCtl,Instant,0,0,Linear,Scalar
Chan006CompOn001,1,6,1,,,Compressor on/off,795,kis,2,,,,,,,,ChanComp,,,,,,,1,1,776,0x0308,,,,0,InstantCtl,Instant,0,0,Linear,Scalar
Chan007CompOn001,1,7,1,,,Compressor on/off,796,kit,2,,,,,,,,ChanComp,,,,,,,1,1,920,0x0398,,,,0,InstantCtl,Instant,0,0,Linear,Scalar
Chan008CompOn001,1,8,1,,,Compressor on/off,797,kiu,2,,,,,,,,ChanComp,,,,,,,1,1,1064,0x0428,,,,0,InstantCtl,Instant,0,0,Linear,Scalar
Chan009CompOn001,1,9,1,,,Compressor on/off,798,kiv,2,,,,,,,,ChanComp,,,,,,,1,1,1208,0x04B8,,,,0,InstantCtl,Instant,0,0,Linear,Scalar
Chan010CompOn001,1,10,1,,,Compressor on/off,799,kiw,2,,,,,,,,ChanComp,,,,,,,1,1,1352,0x0548,,,,0,InstantCtl,Instant,0,0,Linear,Scalar
Chan011CompOn001,1,11,1,,,Compressor on/off,800,kjh,2,,,,,,,,ChanComp,,,,,,,1,1,1496,0x05D8,,,,0,InstantCtl,Instant,0,0,Linear,Scalar
Chan012CompOn001,1,12,1,,,Compressor on/off,801,kji,2,,,,,,,,ChanComp,,,,,,,1,1,1640,0x0668,,,,0,InstantCtl,Instant,0,0,Linear,Scalar
Chan013CompOn001,1,13,1,,,Compressor on/off,802,kjj,2,,,,,,,,ChanComp,,,,,,,1,1,1784,0x06F8,,,,0,InstantCtl,Instant,0,0,Linear,Scalar
Chan014CompOn001,1,14,1,,,Compressor on/off,803,kjk,2,,,,,,,,ChanComp,,,,,,,1,1,1928,0x0788,,,,0,InstantCtl,Instant,0,0,Linear,Scalar
Chan015CompOn001,1,15,1,,,Compressor on/off,804,kjl,2,,,,,,,,ChanComp,,,,,,,1,1,2072,0x0818,,,,0,InstantCtl,Instant,0,0,Linear,Scalar
Chan016CompOn001,1,16,1,,,Compressor on/off,805,kjm,2,,,,,,,,ChanComp,,,,,,,1,1,2216,0x08A8,,,,0,InstantCtl,Instant,0,0,Linear,Scalar
Chan017CompOn001,1,17,1,,,Compressor on/off,806,kjn,2,,,,,,,,ChanComp,,,,,,,1,1,2360,0x0938,,,,0,InstantCtl,Instant,0,0,Linear,Scalar
Chan018CompOn001,1,18,1,,,Compressor on/off,807,kjo,2,,,,,,,,ChanComp,,,,,,,1,1,2504,0x09C8,,,,0,InstantCtl,Instant,0,0,Linear,Scalar
Chan019CompOn001,1,19,1,,,Compressor on/off,808,kjp,2,,,,,,,,ChanComp,,,,,,,1,1,2648,0x0A58,,,,0,InstantCtl,Instant,0,0,Linear,Scalar
Chan020CompOn001,1,20,1,,,Compressor on/off,809,kjq,2,,,,,,,,ChanComp,,,,,,,1,1,2792,0x0AE8,,,,0,InstantCtl,Instant,0,0,Linear,Scalar
Chan021CompOn001,1,21,1,,,Compressor on/off,810,kjr,2,,,,,,,,ChanComp,,,,,,,1,1,2936,0x0B78,,,,0,InstantCtl,Instant,0,0,Linear,Scalar
Chan022CompOn001,1,22,1,,,Compressor on/off,811,kjs,2,,,,,,,,ChanComp,,,,,,,1,1,3080,0x0C08,,,,0,InstantCtl,Instant,0,0,Linear,Scalar
Chan023CompOn001,1,23,1,,,Compressor on/off,812,kjt,2,,,,,,,,ChanComp,,,,,,,1,1,3224,0x0C98,,,,0,InstantCtl,Instant,0,0,Linear,Scalar
Chan024CompOn001,1,24,1,,,Compressor on/off,813,kju,2,,,,,,,,ChanComp,,,,,,,1,1,3368,0x0D28,,,,0,InstantCtl,Instant,0,0,Linear,Scalar
Chan001CompPar001,1,1,1,,,Parallel compression blend (dry/wet),814,kjv,33,,,,,,,,ChanComp,,0=0/127=100/[Lin],,,,,1,1,63,0x003F,,,,0,GainFast,Slew,3,8,Exp,Scalar
Chan002CompPar001,1,2,1,,,Parallel compression blend (dry/wet),815,kjw,33,,,,,,,,ChanComp,,0=0/127=100/[Lin],,,,,1,1,207,0x00CF,,,,0,GainFast,Slew,3,8,Exp,Scalar
Chan003CompPar001,1,3,1,,,Parallel compression blend (dry/wet),816,kkh,33,,,,,,,,ChanComp,,0=0/127=100/[Lin],,,,,1,1,351,0x015F,,,,0,GainFast,Slew,3,8,Exp,Scalar
Chan004CompPar001,1,4,1,,,Parallel compression blend (dry/wet),817,kki,33,,,,,,,,ChanComp,,0=0/127=100/[Lin],,,,,1,1,495,0x01EF,,,,0,GainFast,Slew,3,8,Exp,Scalar
Chan005CompPar001,1,5,1,,,Parallel compression blend (dry/wet),818,kkj,33,,,,,,,,ChanComp,,0=0/127=100/[Lin],,,,,1,1,639,0x027F,,,,0,GainFast,Slew,3,8,Exp,Scalar
Chan006CompPar001,1,6,1,,,Parallel compression blend (dry/wet),819,kkk,33,,,,,,,,ChanComp,,0=0/127=100/[Lin],,,,,1,1,783,0x030F,,,,0,GainFast,Slew,3,8,Exp,Scalar
Chan007CompPar001,1,7,1,,,Parallel compression blend (dry/wet),820,kkl,33,,,,,,,,ChanComp,,0=0/127=100/[Lin],,,,,1,1,927,0x039F,,,,0,GainFast,Slew,3,8,Exp,Scalar
Chan008CompPar001,1,8,1,,,Parallel compression blend (dry/wet),821,kkm,33,,,,,,,,ChanComp,,0=0/127=100/[Lin],,,,,1,1,1071,0x042F,,,,0,GainFast,Slew,3,8,Exp,Scalar
Chan009CompPar001,1,9,1,,,Parallel compression blend (dry/wet),822,kkn,33,,,,,,,,ChanComp,,0=0/127=100/[Lin],,,,,1,1,1215,0x04BF,,,,0,GainFast,Slew,3,8,Exp,Scalar
Chan010CompPar001,1,10,1,,,Parallel compression blend (dry/wet),823,kko,33,,,,,,,,ChanComp,,0=0/127=100/[Lin],,,,,1,1,1359,0x054F,,,,0,GainFast,Slew,3,8,Exp,Scalar
Chan011CompPar001,1,11,1,,,Parallel compression blend (dry/wet),824,kkp,33,,,,,,,,ChanComp,,0=0/127=100/[Lin],,,,,1,1,1503,0x05DF,,,,0,GainFast,Slew,3,8,Exp,Scalar
Chan012CompPar001,1,12,1,,,Parallel compression blend (dry/wet),825,kkq,33,,,,,,,,ChanComp,,0=0/127=100/[Lin],,,,,1,1,1647,0x066F,,,,0,GainFast,Slew,3,8,Exp,Scalar
Chan013CompPar001,1,13,1,,,Parallel compression blend (dry/wet),826,kkr,33,,,,,,,,ChanComp,,0=0/127=100/[Lin],,,,,1,1,1791,0x06FF,,,,0,GainFast,Slew,3,8,Exp,Scalar
Chan014CompPar001,1,14,1,,,Parallel compression blend (dry/wet),827,kks,33,,,,,,,,ChanComp,,0=0/127=100/[Lin],,,,,1,1,1935,0x078F,,,,0,GainFast,Slew,3,8,Exp,Scalar
Chan015CompPar001,1,15,1,,,Parallel compression blend (dry/wet),828,kkt,33,,,,,,,,ChanComp,,0=0/127=100/[Lin],,,,,1,1,2079,0x081F,,,,0,GainFast,Slew,3,8,Exp,Scalar
Chan016CompPar001,1,16,1,,,Parallel compression blend (dry/wet),829,kku,33,,,,,,,,ChanComp,,0=0/127=100/[Lin],,,,,1,1,2223,0x08AF,,,,0,GainFast,Slew,3,8,Exp,Scalar
Chan017CompPar001,1,17,1,,,Parallel compression blend (dry/wet),830,kkv,33,,,,,,,,ChanComp,,0=0/127=100/[Lin],,,,,1,1,2367,0x093F,,,,0,GainFast,Slew,3,8,Exp,Scalar
Chan018CompPar001,1,18,1,,,Parallel compression blend (dry/wet),831,kkw,33,,,,,,,,ChanComp,,0=0/127=100/[Lin],,,,,1,1,2511,0x09CF,,,,0,GainFast,Slew,3,8,Exp,Scalar
Chan019CompPar001,1,19,1,,,Parallel compression blend (dry/wet),832,klh,33,,,,,,,,ChanComp,,0=0/127=100/[Lin],,,,,1,1,2655,0x0A5F,,,,0,GainFast,Slew,3,8,Exp,Scalar
Chan020CompPar001,1,20,1,,,Parallel compression blend (dry/wet),833,kli,33,,,,,,,,ChanComp,,0=0/127=100/[Lin],,,,,1,1,2799,0x0AEF,,,,0,GainFast,Slew,3,8,Exp,Scalar
Chan021CompPar001,1,21,1,,,Parallel compression blend (dry/wet),834,klj,33,,,,,,,,ChanComp,,0=0/127=100/[Lin],,,,,1,1,2943,0x0B7F,,,,0,GainFast,Slew,3,8,Exp,Scalar
Chan022CompPar001,1,22,1,,,Parallel compression blend (dry/wet),835,klk,33,,,,,,,,ChanComp,,0=0/127=100/[Lin],,,,,1,1,3087,0x0C0F,,,,0,GainFast,Slew,3,8,Exp,Scalar
Chan023CompPar001,1,23,1,,,Parallel compression blend (dry/wet),836,kll,33,,,,,,,,ChanComp,,0=0/127=100/[Lin],,,,,1,1,3231,0x0C9F,,,,0,GainFast,Slew,3,8,Exp,Scalar
Chan024CompPar001,1,24,1,,,Parallel compression blend (dry/wet),837,klm,33,,,,,,,,ChanComp,,0=0/127=100/[Lin],,,,,1,1,3375,0x0D2F,,,,0,GainFast,Slew,3,8,Exp,Scalar
Chan001CompRat001,1,1,1,,,Compressor ratio (1:1 to 30:1),838,kln,128,,,,,,,,ChanComp,,0=1/127=30/[Log],,,,,1,1,58,0x003A,,,,0,DynSafe,LinearFrames,6,20,Exp,Scalar
Chan002CompRat001,1,2,1,,,Compressor ratio (1:1 to 30:1),839,klo,128,,,,,,,,ChanComp,,0=1/127=30/[Log],,,,,1,1,202,0x00CA,,,,0,DynSafe,LinearFrames,6,20,Exp,Scalar
Chan003CompRat001,1,3,1,,,Compressor ratio (1:1 to 30:1),840,klp,128,,,,,,,,ChanComp,,0=1/127=30/[Log],,,,,1,1,346,0x015A,,,,0,DynSafe,LinearFrames,6,20,Exp,Scalar
Chan004CompRat001,1,4,1,,,Compressor ratio (1:1 to 30:1),841,klq,128,,,,,,,,ChanComp,,0=1/127=30/[Log],,,,,1,1,490,0x01EA,,,,0,DynSafe,LinearFrames,6,20,Exp,Scalar
Chan005CompRat001,1,5,1,,,Compressor ratio (1:1 to 30:1),842,klr,128,,,,,,,,ChanComp,,0=1/127=30/[Log],,,,,1,1,634,0x027A,,,,0,DynSafe,LinearFrames,6,20,Exp,Scalar
Chan006CompRat001,1,6,1,,,Compressor ratio (1:1 to 30:1),843,kls,128,,,,,,,,ChanComp,,0=1/127=30/[Log],,,,,1,1,778,0x030A,,,,0,DynSafe,LinearFrames,6,20,Exp,Scalar
Chan007CompRat001,1,7,1,,,Compressor ratio (1:1 to 30:1),844,klt,128,,,,,,,,ChanComp,,0=1/127=30/[Log],,,,,1,1,922,0x039A,,,,0,DynSafe,LinearFrames,6,20,Exp,Scalar
Chan008CompRat001,1,8,1,,,Compressor ratio (1:1 to 30:1),845,klu,128,,,,,,,,ChanComp,,0=1/127=30/[Log],,,,,1,1,1066,0x042A,,,,0,DynSafe,LinearFrames,6,20,Exp,Scalar
Chan009CompRat001,1,9,1,,,Compressor ratio (1:1 to 30:1),846,klv,128,,,,,,,,ChanComp,,0=1/127=30/[Log],,,,,1,1,1210,0x04BA,,,,0,DynSafe,LinearFrames,6,20,Exp,Scalar
Chan010CompRat001,1,10,1,,,Compressor ratio (1:1 to 30:1),847,klw,128,,,,,,,,ChanComp,,0=1/127=30/[Log],,,,,1,1,1354,0x054A,,,,0,DynSafe,LinearFrames,6,20,Exp,Scalar
Chan011CompRat001,1,11,1,,,Compressor ratio (1:1 to 30:1),848,kmh,128,,,,,,,,ChanComp,,0=1/127=30/[Log],,,,,1,1,1498,0x05DA,,,,0,DynSafe,LinearFrames,6,20,Exp,Scalar
Chan012CompRat001,1,12,1,,,Compressor ratio (1:1 to 30:1),849,kmi,128,,,,,,,,ChanComp,,0=1/127=30/[Log],,,,,1,1,1642,0x066A,,,,0,DynSafe,LinearFrames,6,20,Exp,Scalar
Chan013CompRat001,1,13,1,,,Compressor ratio (1:1 to 30:1),850,kmj,128,,,,,,,,ChanComp,,0=1/127=30/[Log],,,,,1,1,1786,0x06FA,,,,0,DynSafe,LinearFrames,6,20,Exp,Scalar
Chan014CompRat001,1,14,1,,,Compressor ratio (1:1 to 30:1),851,kmk,128,,,,,,,,ChanComp,,0=1/127=30/[Log],,,,,1,1,1930,0x078A,,,,0,DynSafe,LinearFrames,6,20,Exp,Scalar
Chan015CompRat001,1,15,1,,,Compressor ratio (1:1 to 30:1),852,kml,128,,,,,,,,ChanComp,,0=1/127=30/[Log],,,,,1,1,2074,0x081A,,,,0,DynSafe,LinearFrames,6,20,Exp,Scalar
Chan016CompRat001,1,16,1,,,Compressor ratio (1:1 to 30:1),853,kmm,128,,,,,,,,ChanComp,,0=1/127=30/[Log],,,,,1,1,2218,0x08AA,,,,0,DynSafe,LinearFrames,6,20,Exp,Scalar
Chan017CompRat001,1,17,1,,,Compressor ratio (1:1 to 30:1),854,kmn,128,,,,,,,,ChanComp,,0=1/127=30/[Log],,,,,1,1,2362,0x093A,,,,0,DynSafe,LinearFrames,6,20,Exp,Scalar
Chan018CompRat001,1,18,1,,,Compressor ratio (1:1 to 30:1),855,kmo,128,,,,,,,,ChanComp,,0=1/127=30/[Log],,,,,1,1,2506,0x09CA,,,,0,DynSafe,LinearFrames,6,20,Exp,Scalar
Chan019CompRat001,1,19,1,,,Compressor ratio (1:1 to 30:1),856,kmp,128,,,,,,,,ChanComp,,0=1/127=30/[Log],,,,,1,1,2650,0x0A5A,,,,0,DynSafe,LinearFrames,6,20,Exp,Scalar
Chan020CompRat001,1,20,1,,,Compressor ratio (1:1 to 30:1),857,kmq,128,,,,,,,,ChanComp,,0=1/127=30/[Log],,,,,1,1,2794,0x0AEA,,,,0,DynSafe,LinearFrames,6,20,Exp,Scalar
Chan021CompRat001,1,21,1,,,Compressor ratio (1:1 to 30:1),858,kmr,128,,,,,,,,ChanComp,,0=1/127=30/[Log],,,,,1,1,2938,0x0B7A,,,,0,DynSafe,LinearFrames,6,20,Exp,Scalar
Chan022CompRat001,1,22,1,,,Compressor ratio (1:1 to 30:1),859,kms,128,,,,,,,,ChanComp,,0=1/127=30/[Log],,,,,1,1,3082,0x0C0A,,,,0,DynSafe,LinearFrames,6,20,Exp,Scalar
Chan023CompRat001,1,23,1,,,Compressor ratio (1:1 to 30:1),860,kmt,128,,,,,,,,ChanComp,,0=1/127=30/[Log],,,,,1,1,3226,0x0C9A,,,,0,DynSafe,LinearFrames,6,20,Exp,Scalar
Chan024CompRat001,1,24,1,,,Compressor ratio (1:1 to 30:1),861,kmu,128,,,,,,,,ChanComp,,0=1/127=30/[Log],,,,,1,1,3370,0x0D2A,,,,0,DynSafe,LinearFrames,6,20,Exp,Scalar
Chan001CompRel001,1,1,1,,,Compressor release time,862,kmv,255,,,,,,,,ChanComp,,0=5/254=5000/[Log],,,,,1,1,60,0x003C,,,,-,DynSafe,LinearFrames,6,20,Exp,Scalar
Chan002CompRel001,1,2,1,,,Compressor release time,863,kmw,255,,,,,,,,ChanComp,,0=5/254=5000/[Log],,,,,1,1,204,0x00CC,,,,-,DynSafe,LinearFrames,6,20,Exp,Scalar
Chan003CompRel001,1,3,1,,,Compressor release time,864,knh,255,,,,,,,,ChanComp,,0=5/254=5000/[Log],,,,,1,1,348,0x015C,,,,-,DynSafe,LinearFrames,6,20,Exp,Scalar
Chan004CompRel001,1,4,1,,,Compressor release time,865,kni,255,,,,,,,,ChanComp,,0=5/254=5000/[Log],,,,,1,1,492,0x01EC,,,,-,DynSafe,LinearFrames,6,20,Exp,Scalar
Chan005CompRel001,1,5,1,,,Compressor release time,866,knj,255,,,,,,,,ChanComp,,0=5/254=5000/[Log],,,,,1,1,636,0x027C,,,,-,DynSafe,LinearFrames,6,20,Exp,Scalar
Chan006CompRel001,1,6,1,,,Compressor release time,867,knk,255,,,,,,,,ChanComp,,0=5/254=5000/[Log],,,,,1,1,780,0x030C,,,,-,DynSafe,LinearFrames,6,20,Exp,Scalar
Chan007CompRel001,1,7,1,,,Compressor release time,868,knl,255,,,,,,,,ChanComp,,0=5/254=5000/[Log],,,,,1,1,924,0x039C,,,,-,DynSafe,LinearFrames,6,20,Exp,Scalar
Chan008CompRel001,1,8,1,,,Compressor release time,869,knm,255,,,,,,,,ChanComp,,0=5/254=5000/[Log],,,,,1,1,1068,0x042C,,,,-,DynSafe,LinearFrames,6,20,Exp,Scalar
Chan009CompRel001,1,9,1,,,Compressor release time,870,knn,255,,,,,,,,ChanComp,,0=5/254=5000/[Log],,,,,1,1,1212,0x04BC,,,,-,DynSafe,LinearFrames,6,20,Exp,Scalar
Chan010CompRel001,1,10,1,,,Compressor release time,871,kno,255,,,,,,,,ChanComp,,0=5/254=5000/[Log],,,,,1,1,1356,0x054C,,,,-,DynSafe,LinearFrames,6,20,Exp,Scalar
Chan011CompRel001,1,11,1,,,Compressor release time,872,knp,255,,,,,,,,ChanComp,,0=5/254=5000/[Log],,,,,1,1,1500,0x05DC,,,,-,DynSafe,LinearFrames,6,20,Exp,Scalar
Chan012CompRel001,1,12,1,,,Compressor release time,873,knq,255,,,,,,,,ChanComp,,0=5/254=5000/[Log],,,,,1,1,1644,0x066C,,,,-,DynSafe,LinearFrames,6,20,Exp,Scalar
Chan013CompRel001,1,13,1,,,Compressor release time,874,knr,255,,,,,,,,ChanComp,,0=5/254=5000/[Log],,,,,1,1,1788,0x06FC,,,,-,DynSafe,LinearFrames,6,20,Exp,Scalar
Chan014CompRel001,1,14,1,,,Compressor release time,875,kns,255,,,,,,,,ChanComp,,0=5/254=5000/[Log],,,,,1,1,1932,0x078C,,,,-,DynSafe,LinearFrames,6,20,Exp,Scalar
Chan015CompRel001,1,15,1,,,Compressor release time,876,knt,255,,,,,,,,ChanComp,,0=5/254=5000/[Log],,,,,1,1,2076,0x081C,,,,-,DynSafe,LinearFrames,6,20,Exp,Scalar
Chan016CompRel001,1,16,1,,,Compressor release time,877,knu,255,,,,,,,,ChanComp,,0=5/254=5000/[Log],,,,,1,1,2220,0x08AC,,,,-,DynSafe,LinearFrames,6,20,Exp,Scalar
Chan017CompRel001,1,17,1,,,Compressor release time,878,knv,255,,,,,,,,ChanComp,,0=5/254=5000/[Log],,,,,1,1,2364,0x093C,,,,-,DynSafe,LinearFrames,6,20,Exp,Scalar
Chan018CompRel001,1,18,1,,,Compressor release time,879,knw,255,,,,,,,,ChanComp,,0=5/254=5000/[Log],,,,,1,1,2508,0x09CC,,,,-,DynSafe,LinearFrames,6,20,Exp,Scalar
Chan019CompRel001,1,19,1,,,Compressor release time,880,koh,255,,,,,,,,ChanComp,,0=5/254=5000/[Log],,,,,1,1,2652,0x0A5C,,,,-,DynSafe,LinearFrames,6,20,Exp,Scalar
Chan020CompRel001,1,20,1,,,Compressor release time,881,koi,255,,,,,,,,ChanComp,,0=5/254=5000/[Log],,,,,1,1,2796,0x0AEC,,,,-,DynSafe,LinearFrames,6,20,Exp,Scalar
Chan021CompRel001,1,21,1,,,Compressor release time,882,koj,255,,,,,,,,ChanComp,,0=5/254=5000/[Log],,,,,1,1,2940,0x0B7C,,,,-,DynSafe,LinearFrames,6,20,Exp,Scalar
Chan022CompRel001,1,22,1,,,Compressor release time,883,kok,255,,,,,,,,ChanComp,,0=5/254=5000/[Log],,,,,1,1,3084,0x0C0C,,,,-,DynSafe,LinearFrames,6,20,Exp,Scalar
Chan023CompRel001,1,23,1,,,Compressor release time,884,kol,255,,,,,,,,ChanComp,,0=5/254=5000/[Log],,,,,1,1,3228,0x0C9C,,,,-,DynSafe,LinearFrames,6,20,Exp,Scalar
Chan024CompRel001,1,24,1,,,Compressor release time,885,kom,255,,,,,,,,ChanComp,,0=5/254=5000/[Log],,,,,1,1,3372,0x0D2C,,,,-,DynSafe,LinearFrames,6,20,Exp,Scalar
Chan001CompKey001,1,1,1,,,Compressor sidechain key source,886,kon,33,,,,,,,,ChanComp,,,,,,,1,1,65,0x0041,,,,-,InstantCtl,Instant,0,0,Linear,Scalar
Chan002CompKey001,1,2,1,,,Compressor sidechain key source,887,koo,33,,,,,,,,ChanComp,,,,,,,1,1,209,0x00D1,,,,-,InstantCtl,Instant,0,0,Linear,Scalar
Chan003CompKey001,1,3,1,,,Compressor sidechain key source,888,kop,33,,,,,,,,ChanComp,,,,,,,1,1,353,0x0161,,,,-,InstantCtl,Instant,0,0,Linear,Scalar
Chan004CompKey001,1,4,1,,,Compressor sidechain key source,889,koq,33,,,,,,,,ChanComp,,,,,,,1,1,497,0x01F1,,,,-,InstantCtl,Instant,0,0,Linear,Scalar
Chan005CompKey001,1,5,1,,,Compressor sidechain key source,890,kor,33,,,,,,,,ChanComp,,,,,,,1,1,641,0x0281,,,,-,InstantCtl,Instant,0,0,Linear,Scalar
Chan006CompKey001,1,6,1,,,Compressor sidechain key source,891,kos,33,,,,,,,,ChanComp,,,,,,,1,1,785,0x0311,,,,-,InstantCtl,Instant,0,0,Linear,Scalar
Chan007CompKey001,1,7,1,,,Compressor sidechain key source,892,kot,33,,,,,,,,ChanComp,,,,,,,1,1,929,0x03A1,,,,-,InstantCtl,Instant,0,0,Linear,Scalar
Chan008CompKey001,1,8,1,,,Compressor sidechain key source,893,kou,33,,,,,,,,ChanComp,,,,,,,1,1,1073,0x0431,,,,-,InstantCtl,Instant,0,0,Linear,Scalar
Chan009CompKey001,1,9,1,,,Compressor sidechain key source,894,kov,33,,,,,,,,ChanComp,,,,,,,1,1,1217,0x04C1,,,,-,InstantCtl,Instant,0,0,Linear,Scalar
Chan010CompKey001,1,10,1,,,Compressor sidechain key source,895,kow,33,,,,,,,,ChanComp,,,,,,,1,1,1361,0x0551,,,,-,InstantCtl,Instant,0,0,Linear,Scalar
Chan011CompKey001,1,11,1,,,Compressor sidechain key source,896,kph,33,,,,,,,,ChanComp,,,,,,,1,1,1505,0x05E1,,,,-,InstantCtl,Instant,0,0,Linear,Scalar
Chan012CompKey001,1,12,1,,,Compressor sidechain key source,897,kpi,33,,,,,,,,ChanComp,,,,,,,1,1,1649,0x0671,,,,-,InstantCtl,Instant,0,0,Linear,Scalar
Chan013CompKey001,1,13,1,,,Compressor sidechain key source,898,kpj,33,,,,,,,,ChanComp,,,,,,,1,1,1793,0x0701,,,,-,InstantCtl,Instant,0,0,Linear,Scalar
Chan014CompKey001,1,14,1,,,Compressor sidechain key source,899,kpk,33,,,,,,,,ChanComp,,,,,,,1,1,1937,0x0791,,,,-,InstantCtl,Instant,0,0,Linear,Scalar
Chan015CompKey001,1,15,1,,,Compressor sidechain key source,900,kpl,33,,,,,,,,ChanComp,,,,,,,1,1,2081,0x0821,,,,-,InstantCtl,Instant,0,0,Linear,Scalar
Chan016CompKey001,1,16,1,,,Compressor sidechain key source,901,kpm,33,,,,,,,,ChanComp,,,,,,,1,1,2225,0x08B1,,,,-,InstantCtl,Instant,0,0,Linear,Scalar
Chan017CompKey001,1,17,1,,,Compressor sidechain key source,902,kpn,33,,,,,,,,ChanComp,,,,,,,1,1,2369,0x0941,,,,-,InstantCtl,Instant,0,0,Linear,Scalar
Chan018CompKey001,1,18,1,,,Compressor sidechain key source,903,kpo,33,,,,,,,,ChanComp,,,,,,,1,1,2513,0x09D1,,,,-,InstantCtl,Instant,0,0,Linear,Scalar
Chan019CompKey001,1,19,1,,,Compressor sidechain key source,904,kpp,33,,,,,,,,ChanComp,,,,,,,1,1,2657,0x0A61,,,,-,InstantCtl,Instant,0,0,Linear,Scalar
Chan020CompKey001,1,20,1,,,Compressor sidechain key source,905,kpq,33,,,,,,,,ChanComp,,,,,,,1,1,2801,0x0AF1,,,,-,InstantCtl,Instant,0,0,Linear,Scalar
Chan021CompKey001,1,21,1,,,Compressor sidechain key source,906,kpr,33,,,,,,,,ChanComp,,,,,,,1,1,2945,0x0B81,,,,-,InstantCtl,Instant,0,0,Linear,Scalar
Chan022CompKey001,1,22,1,,,Compressor sidechain key source,907,kps,33,,,,,,,,ChanComp,,,,,,,1,1,3089,0x0C11,,,,-,InstantCtl,Instant,0,0,Linear,Scalar
Chan023CompKey001,1,23,1,,,Compressor sidechain key source,908,kpt,33,,,,,,,,ChanComp,,,,,,,1,1,3233,0x0CA1,,,,-,InstantCtl,Instant,0,0,Linear,Scalar
Chan024CompKey001,1,24,1,,,Compressor sidechain key source,909,kpu,33,,,,,,,,ChanComp,,,,,,,1,1,3377,0x0D31,,,,-,InstantCtl,Instant,0,0,Linear,Scalar
Chan001CompDetSrc001,1,1,1,,,Compressor self-key tap source (PreEQ/PostEQ),910,kpv,2,,,,,,,,ChanComp,,,,,,,1,1,66,0x0042,,,,-,InstantCtl,Instant,0,0,Linear,Scalar
Chan002CompDetSrc001,1,2,1,,,Compressor self-key tap source (PreEQ/PostEQ),911,kpw,2,,,,,,,,ChanComp,,,,,,,1,1,210,0x00D2,,,,-,InstantCtl,Instant,0,0,Linear,Scalar
Chan003CompDetSrc001,1,3,1,,,Compressor self-key tap source (PreEQ/PostEQ),912,kqh,2,,,,,,,,ChanComp,,,,,,,1,1,354,0x0162,,,,-,InstantCtl,Instant,0,0,Linear,Scalar
Chan004CompDetSrc001,1,4,1,,,Compressor self-key tap source (PreEQ/PostEQ),913,kqi,2,,,,,,,,ChanComp,,,,,,,1,1,498,0x01F2,,,,-,InstantCtl,Instant,0,0,Linear,Scalar
Chan005CompDetSrc001,1,5,1,,,Compressor self-key tap source (PreEQ/PostEQ),914,kqj,2,,,,,,,,ChanComp,,,,,,,1,1,642,0x0282,,,,-,InstantCtl,Instant,0,0,Linear,Scalar
Chan006CompDetSrc001,1,6,1,,,Compressor self-key tap source (PreEQ/PostEQ),915,kqk,2,,,,,,,,ChanComp,,,,,,,1,1,786,0x0312,,,,-,InstantCtl,Instant,0,0,Linear,Scalar
Chan007CompDetSrc001,1,7,1,,,Compressor self-key tap source (PreEQ/PostEQ),916,kql,2,,,,,,,,ChanComp,,,,,,,1,1,930,0x03A2,,,,-,InstantCtl,Instant,0,0,Linear,Scalar
Chan008CompDetSrc001,1,8,1,,,Compressor self-key tap source (PreEQ/PostEQ),917,kqm,2,,,,,,,,ChanComp,,,,,,,1,1,1074,0x0432,,,,-,InstantCtl,Instant,0,0,Linear,Scalar
Chan009CompDetSrc001,1,9,1,,,Compressor self-key tap source (PreEQ/PostEQ),918,kqn,2,,,,,,,,ChanComp,,,,,,,1,1,1218,0x04C2,,,,-,InstantCtl,Instant,0,0,Linear,Scalar
Chan010CompDetSrc001,1,10,1,,,Compressor self-key tap source (PreEQ/PostEQ),919,kqo,2,,,,,,,,ChanComp,,,,,,,1,1,1362,0x0552,,,,-,InstantCtl,Instant,0,0,Linear,Scalar
Chan011CompDetSrc001,1,11,1,,,Compressor self-key tap source (PreEQ/PostEQ),920,kqp,2,,,,,,,,ChanComp,,,,,,,1,1,1506,0x05E2,,,,-,InstantCtl,Instant,0,0,Linear,Scalar
Chan012CompDetSrc001,1,12,1,,,Compressor self-key tap source (PreEQ/PostEQ),921,kqq,2,,,,,,,,ChanComp,,,,,,,1,1,1650,0x0672,,,,-,InstantCtl,Instant,0,0,Linear,Scalar
Chan013CompDetSrc001,1,13,1,,,Compressor self-key tap source (PreEQ/PostEQ),922,kqr,2,,,,,,,,ChanComp,,,,,,,1,1,1794,0x0702,,,,-,InstantCtl,Instant,0,0,Linear,Scalar
Chan014CompDetSrc001,1,14,1,,,Compressor self-key tap source (PreEQ/PostEQ),923,kqs,2,,,,,,,,ChanComp,,,,,,,1,1,1938,0x0792,,,,-,InstantCtl,Instant,0,0,Linear,Scalar
Chan015CompDetSrc001,1,15,1,,,Compressor self-key tap source (PreEQ/PostEQ),924,kqt,2,,,,,,,,ChanComp,,,,,,,1,1,2082,0x0822,,,,-,InstantCtl,Instant,0,0,Linear,Scalar
Chan016CompDetSrc001,1,16,1,,,Compressor self-key tap source (PreEQ/PostEQ),925,kqu,2,,,,,,,,ChanComp,,,,,,,1,1,2226,0x08B2,,,,-,InstantCtl,Instant,0,0,Linear,Scalar
Chan017CompDetSrc001,1,17,1,,,Compressor self-key tap source (PreEQ/PostEQ),926,kqv,2,,,,,,,,ChanComp,,,,,,,1,1,2370,0x0942,,,,-,InstantCtl,Instant,0,0,Linear,Scalar
Chan018CompDetSrc001,1,18,1,,,Compressor self-key tap source (PreEQ/PostEQ),927,kqw,2,,,,,,,,ChanComp,,,,,,,1,1,2514,0x09D2,,,,-,InstantCtl,Instant,0,0,Linear,Scalar
Chan019CompDetSrc001,1,19,1,,,Compressor self-key tap source (PreEQ/PostEQ),928,krh,2,,,,,,,,ChanComp,,,,,,,1,1,2658,0x0A62,,,,-,InstantCtl,Instant,0,0,Linear,Scalar
Chan020CompDetSrc001,1,20,1,,,Compressor self-key tap source (PreEQ/PostEQ),929,kri,2,,,,,,,,ChanComp,,,,,,,1,1,2802,0x0AF2,,,,-,InstantCtl,Instant,0,0,Linear,Scalar
Chan021CompDetSrc001,1,21,1,,,Compressor self-key tap source (PreEQ/PostEQ),930,krj,2,,,,,,,,ChanComp,,,,,,,1,1,2946,0x0B82,,,,-,InstantCtl,Instant,0,0,Linear,Scalar
Chan022CompDetSrc001,1,22,1,,,Compressor self-key tap source (PreEQ/PostEQ),931,krk,2,,,,,,,,ChanComp,,,,,,,1,1,3090,0x0C12,,,,-,InstantCtl,Instant,0,0,Linear,Scalar
Chan023CompDetSrc001,1,23,1,,,Compressor self-key tap source (PreEQ/PostEQ),932,krl,2,,,,,,,,ChanComp,,,,,,,1,1,3234,0x0CA2,,,,-,InstantCtl,Instant,0,0,Linear,Scalar
Chan024CompDetSrc001,1,24,1,,,Compressor self-key tap source (PreEQ/PostEQ),933,krm,2,,,,,,,,ChanComp,,,,,,,1,1,3378,0x0D32,,,,-,InstantCtl,Instant,0,0,Linear,Scalar
Chan001CompFilterOn001,1,1,1,,,Compressor sidechain filter on/off,934,krn,2,,,,,,,,ChanComp,,,,,,,1,1,69,0x0045,,,,0,InstantCtl,Instant,0,0,Linear,Scalar
Chan002CompFilterOn001,1,2,1,,,Compressor sidechain filter on/off,935,kro,2,,,,,,,,ChanComp,,,,,,,1,1,213,0x00D5,,,,0,InstantCtl,Instant,0,0,Linear,Scalar
Chan003CompFilterOn001,1,3,1,,,Compressor sidechain filter on/off,936,krp,2,,,,,,,,ChanComp,,,,,,,1,1,357,0x0165,,,,0,InstantCtl,Instant,0,0,Linear,Scalar
Chan004CompFilterOn001,1,4,1,,,Compressor sidechain filter on/off,937,krq,2,,,,,,,,ChanComp,,,,,,,1,1,501,0x01F5,,,,0,InstantCtl,Instant,0,0,Linear,Scalar
Chan005CompFilterOn001,1,5,1,,,Compressor sidechain filter on/off,938,krr,2,,,,,,,,ChanComp,,,,,,,1,1,645,0x0285,,,,0,InstantCtl,Instant,0,0,Linear,Scalar
Chan006CompFilterOn001,1,6,1,,,Compressor sidechain filter on/off,939,krs,2,,,,,,,,ChanComp,,,,,,,1,1,789,0x0315,,,,0,InstantCtl,Instant,0,0,Linear,Scalar
Chan007CompFilterOn001,1,7,1,,,Compressor sidechain filter on/off,940,krt,2,,,,,,,,ChanComp,,,,,,,1,1,933,0x03A5,,,,0,InstantCtl,Instant,0,0,Linear,Scalar
Chan008CompFilterOn001,1,8,1,,,Compressor sidechain filter on/off,941,kru,2,,,,,,,,ChanComp,,,,,,,1,1,1077,0x0435,,,,0,InstantCtl,Instant,0,0,Linear,Scalar
Chan009CompFilterOn001,1,9,1,,,Compressor sidechain filter on/off,942,krv,2,,,,,,,,ChanComp,,,,,,,1,1,1221,0x04C5,,,,0,InstantCtl,Instant,0,0,Linear,Scalar
Chan010CompFilterOn001,1,10,1,,,Compressor sidechain filter on/off,943,krw,2,,,,,,,,ChanComp,,,,,,,1,1,1365,0x0555,,,,0,InstantCtl,Instant,0,0,Linear,Scalar
Chan011CompFilterOn001,1,11,1,,,Compressor sidechain filter on/off,944,ksh,2,,,,,,,,ChanComp,,,,,,,1,1,1509,0x05E5,,,,0,InstantCtl,Instant,0,0,Linear,Scalar
Chan012CompFilterOn001,1,12,1,,,Compressor sidechain filter on/off,945,ksi,2,,,,,,,,ChanComp,,,,,,,1,1,1653,0x0675,,,,0,InstantCtl,Instant,0,0,Linear,Scalar
Chan013CompFilterOn001,1,13,1,,,Compressor sidechain filter on/off,946,ksj,2,,,,,,,,ChanComp,,,,,,,1,1,1797,0x0705,,,,0,InstantCtl,Instant,0,0,Linear,Scalar
Chan014CompFilterOn001,1,14,1,,,Compressor sidechain filter on/off,947,ksk,2,,,,,,,,ChanComp,,,,,,,1,1,1941,0x0795,,,,0,InstantCtl,Instant,0,0,Linear,Scalar
Chan015CompFilterOn001,1,15,1,,,Compressor sidechain filter on/off,948,ksl,2,,,,,,,,ChanComp,,,,,,,1,1,2085,0x0825,,,,0,InstantCtl,Instant,0,0,Linear,Scalar
Chan016CompFilterOn001,1,16,1,,,Compressor sidechain filter on/off,949,ksm,2,,,,,,,,ChanComp,,,,,,,1,1,2229,0x08B5,,,,0,InstantCtl,Instant,0,0,Linear,Scalar
Chan017CompFilterOn001,1,17,1,,,Compressor sidechain filter on/off,950,ksn,2,,,,,,,,ChanComp,,,,,,,1,1,2373,0x0945,,,,0,InstantCtl,Instant,0,0,Linear,Scalar
Chan018CompFilterOn001,1,18,1,,,Compressor sidechain filter on/off,951,kso,2,,,,,,,,ChanComp,,,,,,,1,1,2517,0x09D5,,,,0,InstantCtl,Instant,0,0,Linear,Scalar
Chan019CompFilterOn001,1,19,1,,,Compressor sidechain filter on/off,952,ksp,2,,,,,,,,ChanComp,,,,,,,1,1,2661,0x0A65,,,,0,InstantCtl,Instant,0,0,Linear,Scalar
Chan020CompFilterOn001,1,20,1,,,Compressor sidechain filter on/off,953,ksq,2,,,,,,,,ChanComp,,,,,,,1,1,2805,0x0AF5,,,,0,InstantCtl,Instant,0,0,Linear,Scalar
Chan021CompFilterOn001,1,21,1,,,Compressor sidechain filter on/off,954,ksr,2,,,,,,,,ChanComp,,,,,,,1,1,2949,0x0B85,,,,0,InstantCtl,Instant,0,0,Linear,Scalar
Chan022CompFilterOn001,1,22,1,,,Compressor sidechain filter on/off,955,kss,2,,,,,,,,ChanComp,,,,,,,1,1,3093,0x0C15,,,,0,InstantCtl,Instant,0,0,Linear,Scalar
Chan023CompFilterOn001,1,23,1,,,Compressor sidechain filter on/off,956,kst,2,,,,,,,,ChanComp,,,,,,,1,1,3237,0x0CA5,,,,0,InstantCtl,Instant,0,0,Linear,Scalar
Chan024CompFilterOn001,1,24,1,,,Compressor sidechain filter on/off,957,ksu,2,,,,,,,,ChanComp,,,,,,,1,1,3381,0x0D35,,,,0,InstantCtl,Instant,0,0,Linear,Scalar
Chan001CompFilterHpf001,1,1,1,,,Compressor sidechain HPF frequency,958,ksv,65,32,,,,,,,ChanComp,,0=20/64=1000/[Log],,,,,1,1,70,0x0046,,,,-,InstantCtl,Instant,0,0,Linear,Scalar
Chan002CompFilterHpf001,1,2,1,,,Compressor sidechain HPF frequency,959,ksw,65,32,,,,,,,ChanComp,,0=20/64=1000/[Log],,,,,1,1,214,0x00D6,,,,-,InstantCtl,Instant,0,0,Linear,Scalar
Chan003CompFilterHpf001,1,3,1,,,Compressor sidechain HPF frequency,960,kth,65,32,,,,,,,ChanComp,,0=20/64=1000/[Log],,,,,1,1,358,0x0166,,,,-,InstantCtl,Instant,0,0,Linear,Scalar
Chan004CompFilterHpf001,1,4,1,,,Compressor sidechain HPF frequency,961,kti,65,32,,,,,,,ChanComp,,0=20/64=1000/[Log],,,,,1,1,502,0x01F6,,,,-,InstantCtl,Instant,0,0,Linear,Scalar
Chan005CompFilterHpf001,1,5,1,,,Compressor sidechain HPF frequency,962,ktj,65,32,,,,,,,ChanComp,,0=20/64=1000/[Log],,,,,1,1,646,0x0286,,,,-,InstantCtl,Instant,0,0,Linear,Scalar
Chan006CompFilterHpf001,1,6,1,,,Compressor sidechain HPF frequency,963,ktk,65,32,,,,,,,ChanComp,,0=20/64=1000/[Log],,,,,1,1,790,0x0316,,,,-,InstantCtl,Instant,0,0,Linear,Scalar
Chan007CompFilterHpf001,1,7,1,,,Compressor sidechain HPF frequency,964,ktl,65,32,,,,,,,ChanComp,,0=20/64=1000/[Log],,,,,1,1,934,0x03A6,,,,-,InstantCtl,Instant,0,0,Linear,Scalar
Chan008CompFilterHpf001,1,8,1,,,Compressor sidechain HPF frequency,965,ktm,65,32,,,,,,,ChanComp,,0=20/64=1000/[Log],,,,,1,1,1078,0x0436,,,,-,InstantCtl,Instant,0,0,Linear,Scalar
Chan009CompFilterHpf001,1,9,1,,,Compressor sidechain HPF frequency,966,ktn,65,32,,,,,,,ChanComp,,0=20/64=1000/[Log],,,,,1,1,1222,0x04C6,,,,-,InstantCtl,Instant,0,0,Linear,Scalar
Chan010CompFilterHpf001,1,10,1,,,Compressor sidechain HPF frequency,967,kto,65,32,,,,,,,ChanComp,,0=20/64=1000/[Log],,,,,1,1,1366,0x0556,,,,-,InstantCtl,Instant,0,0,Linear,Scalar
Chan011CompFilterHpf001,1,11,1,,,Compressor sidechain HPF frequency,968,ktp,65,32,,,,,,,ChanComp,,0=20/64=1000/[Log],,,,,1,1,1510,0x05E6,,,,-,InstantCtl,Instant,0,0,Linear,Scalar
Chan012CompFilterHpf001,1,12,1,,,Compressor sidechain HPF frequency,969,ktq,65,32,,,,,,,ChanComp,,0=20/64=1000/[Log],,,,,1,1,1654,0x0676,,,,-,InstantCtl,Instant,0,0,Linear,Scalar
Chan013CompFilterHpf001,1,13,1,,,Compressor sidechain HPF frequency,970,ktr,65,32,,,,,,,ChanComp,,0=20/64=1000/[Log],,,,,1,1,1798,0x0706,,,,-,InstantCtl,Instant,0,0,Linear,Scalar
Chan014CompFilterHpf001,1,14,1,,,Compressor sidechain HPF frequency,971,kts,65,32,,,,,,,ChanComp,,0=20/64=1000/[Log],,,,,1,1,1942,0x0796,,,,-,InstantCtl,Instant,0,0,Linear,Scalar
Chan015CompFilterHpf001,1,15,1,,,Compressor sidechain HPF frequency,972,ktt,65,32,,,,,,,ChanComp,,0=20/64=1000/[Log],,,,,1,1,2086,0x0826,,,,-,InstantCtl,Instant,0,0,Linear,Scalar
Chan016CompFilterHpf001,1,16,1,,,Compressor sidechain HPF frequency,973,ktu,65,32,,,,,,,ChanComp,,0=20/64=1000/[Log],,,,,1,1,2230,0x08B6,,,,-,InstantCtl,Instant,0,0,Linear,Scalar
Chan017CompFilterHpf001,1,17,1,,,Compressor sidechain HPF frequency,974,ktv,65,32,,,,,,,ChanComp,,0=20/64=1000/[Log],,,,,1,1,2374,0x0946,,,,-,InstantCtl,Instant,0,0,Linear,Scalar
Chan018CompFilterHpf001,1,18,1,,,Compressor sidechain HPF frequency,975,ktw,65,32,,,,,,,ChanComp,,0=20/64=1000/[Log],,,,,1,1,2518,0x09D6,,,,-,InstantCtl,Instant,0,0,Linear,Scalar
Chan019CompFilterHpf001,1,19,1,,,Compressor sidechain HPF frequency,976,kuh,65,32,,,,,,,ChanComp,,0=20/64=1000/[Log],,,,,1,1,2662,0x0A66,,,,-,InstantCtl,Instant,0,0,Linear,Scalar
Chan020CompFilterHpf001,1,20,1,,,Compressor sidechain HPF frequency,977,kui,65,32,,,,,,,ChanComp,,0=20/64=1000/[Log],,,,,1,1,2806,0x0AF6,,,,-,InstantCtl,Instant,0,0,Linear,Scalar
Chan021CompFilterHpf001,1,21,1,,,Compressor sidechain HPF frequency,978,kuj,65,32,,,,,,,ChanComp,,0=20/64=1000/[Log],,,,,1,1,2950,0x0B86,,,,-,InstantCtl,Instant,0,0,Linear,Scalar
Chan022CompFilterHpf001,1,22,1,,,Compressor sidechain HPF frequency,979,kuk,65,32,,,,,,,ChanComp,,0=20/64=1000/[Log],,,,,1,1,3094,0x0C16,,,,-,InstantCtl,Instant,0,0,Linear,Scalar
Chan023CompFilterHpf001,1,23,1,,,Compressor sidechain HPF frequency,980,kul,65,32,,,,,,,ChanComp,,0=20/64=1000/[Log],,,,,1,1,3238,0x0CA6,,,,-,InstantCtl,Instant,0,0,Linear,Scalar
Chan024CompFilterHpf001,1,24,1,,,Compressor sidechain HPF frequency,981,kum,65,32,,,,,,,ChanComp,,0=20/64=1000/[Log],,,,,1,1,3382,0x0D36,,,,-,InstantCtl,Instant,0,0,Linear,Scalar
Chan001CompFilterLpf001,1,1,1,,,Compressor sidechain LPF frequency,982,kun,255,127,,,,,,,ChanComp,,0=500/127=20000/[Log],,,,,1,1,70,0x0046,,,,-,InstantCtl,Instant,0,0,Linear,Scalar
Chan002CompFilterLpf001,1,2,1,,,Compressor sidechain LPF frequency,983,kuo,255,127,,,,,,,ChanComp,,0=500/127=20000/[Log],,,,,1,1,214,0x00D6,,,,-,InstantCtl,Instant,0,0,Linear,Scalar
Chan003CompFilterLpf001,1,3,1,,,Compressor sidechain LPF frequency,984,kup,255,127,,,,,,,ChanComp,,0=500/127=20000/[Log],,,,,1,1,358,0x0166,,,,-,InstantCtl,Instant,0,0,Linear,Scalar
Chan004CompFilterLpf001,1,4,1,,,Compressor sidechain LPF frequency,985,kuq,255,127,,,,,,,ChanComp,,0=500/127=20000/[Log],,,,,1,1,502,0x01F6,,,,-,InstantCtl,Instant,0,0,Linear,Scalar
Chan005CompFilterLpf001,1,5,1,,,Compressor sidechain LPF frequency,986,kur,255,127,,,,,,,ChanComp,,0=500/127=20000/[Log],,,,,1,1,646,0x0286,,,,-,InstantCtl,Instant,0,0,Linear,Scalar
Chan006CompFilterLpf001,1,6,1,,,Compressor sidechain LPF frequency,987,kus,255,127,,,,,,,ChanComp,,0=500/127=20000/[Log],,,,,1,1,790,0x0316,,,,-,InstantCtl,Instant,0,0,Linear,Scalar
Chan007CompFilterLpf001,1,7,1,,,Compressor sidechain LPF frequency,988,kut,255,127,,,,,,,ChanComp,,0=500/127=20000/[Log],,,,,1,1,934,0x03A6,,,,-,InstantCtl,Instant,0,0,Linear,Scalar
Chan008CompFilterLpf001,1,8,1,,,Compressor sidechain LPF frequency,989,kuu,255,127,,,,,,,ChanComp,,0=500/127=20000/[Log],,,,,1,1,1078,0x0436,,,,-,InstantCtl,Instant,0,0,Linear,Scalar
Chan009CompFilterLpf001,1,9,1,,,Compressor sidechain LPF frequency,990,kuv,255,127,,,,,,,ChanComp,,0=500/127=20000/[Log],,,,,1,1,1222,0x04C6,,,,-,InstantCtl,Instant,0,0,Linear,Scalar
Chan010CompFilterLpf001,1,10,1,,,Compressor sidechain LPF frequency,991,kuw,255,127,,,,,,,ChanComp,,0=500/127=20000/[Log],,,,,1,1,1366,0x0556,,,,-,InstantCtl,Instant,0,0,Linear,Scalar
Chan011CompFilterLpf001,1,11,1,,,Compressor sidechain LPF frequency,992,kvh,255,127,,,,,,,ChanComp,,0=500/127=20000/[Log],,,,,1,1,1510,0x05E6,,,,-,InstantCtl,Instant,0,0,Linear,Scalar
Chan012CompFilterLpf001,1,12,1,,,Compressor sidechain LPF frequency,993,kvi,255,127,,,,,,,ChanComp,,0=500/127=20000/[Log],,,,,1,1,1654,0x0676,,,,-,InstantCtl,Instant,0,0,Linear,Scalar
Chan013CompFilterLpf001,1,13,1,,,Compressor sidechain LPF frequency,994,kvj,255,127,,,,,,,ChanComp,,0=500/127=20000/[Log],,,,,1,1,1798,0x0706,,,,-,InstantCtl,Instant,0,0,Linear,Scalar
Chan014CompFilterLpf001,1,14,1,,,Compressor sidechain LPF frequency,995,kvk,255,127,,,,,,,ChanComp,,0=500/127=20000/[Log],,,,,1,1,1942,0x0796,,,,-,InstantCtl,Instant,0,0,Linear,Scalar
Chan015CompFilterLpf001,1,15,1,,,Compressor sidechain LPF frequency,996,kvl,255,127,,,,,,,ChanComp,,0=500/127=20000/[Log],,,,,1,1,2086,0x0826,,,,-,InstantCtl,Instant,0,0,Linear,Scalar
Chan016CompFilterLpf001,1,16,1,,,Compressor sidechain LPF frequency,997,kvm,255,127,,,,,,,ChanComp,,0=500/127=20000/[Log],,,,,1,1,2230,0x08B6,,,,-,InstantCtl,Instant,0,0,Linear,Scalar
Chan017CompFilterLpf001,1,17,1,,,Compressor sidechain LPF frequency,998,kvn,255,127,,,,,,,ChanComp,,0=500/127=20000/[Log],,,,,1,1,2374,0x0946,,,,-,InstantCtl,Instant,0,0,Linear,Scalar
Chan018CompFilterLpf001,1,18,1,,,Compressor sidechain LPF frequency,999,kvo,255,127,,,,,,,ChanComp,,0=500/127=20000/[Log],,,,,1,1,2518,0x09D6,,,,-,InstantCtl,Instant,0,0,Linear,Scalar
Chan019CompFilterLpf001,1,19,1,,,Compressor sidechain LPF frequency,1000,kvp,255,127,,,,,,,ChanComp,,0=500/127=20000/[Log],,,,,1,1,2662,0x0A66,,,,-,InstantCtl,Instant,0,0,Linear,Scalar
Chan020CompFilterLpf001,1,20,1,,,Compressor sidechain LPF frequency,1001,kvq,255,127,,,,,,,ChanComp,,0=500/127=20000/[Log],,,,,1,1,2806,0x0AF6,,,,-,InstantCtl,Instant,0,0,Linear,Scalar
Chan021CompFilterLpf001,1,21,1,,,Compressor sidechain LPF frequency,1002,kvr,255,127,,,,,,,ChanComp,,0=500/127=20000/[Log],,,,,1,1,2950,0x0B86,,,,-,InstantCtl,Instant,0,0,Linear,Scalar
Chan022CompFilterLpf001,1,22,1,,,Compressor sidechain LPF frequency,1003,kvs,255,127,,,,,,,ChanComp,,0=500/127=20000/[Log],,,,,1,1,3094,0x0C16,,,,-,InstantCtl,Instant,0,0,Linear,Scalar
Chan023CompFilterLpf001,1,23,1,,,Compressor sidechain LPF frequency,1004,kvt,255,127,,,,,,,ChanComp,,0=500/127=20000/[Log],,,,,1,1,3238,0x0CA6,,,,-,InstantCtl,Instant,0,0,Linear,Scalar
Chan024CompFilterLpf001,1,24,1,,,Compressor sidechain LPF frequency,1005,kvu,255,127,,,,,,,ChanComp,,0=500/127=20000/[Log],,,,,1,1,3382,0x0D36,,,,-,InstantCtl,Instant,0,0,Linear,Scalar
Chan001CompFilterQ001,1,1,1,,,Compressor sidechain filter Q,1006,kvv,15,7,,,,,,,ChanComp,,0=0.1/14=10/[Log],,,,,1,1,70,0x0046,,,,-,InstantCtl,Instant,0,0,Linear,Scalar
Chan002CompFilterQ001,1,2,1,,,Compressor sidechain filter Q,1007,kvw,15,7,,,,,,,ChanComp,,0=0.1/14=10/[Log],,,,,1,1,214,0x00D6,,,,-,InstantCtl,Instant,0,0,Linear,Scalar
Chan003CompFilterQ001,1,3,1,,,Compressor sidechain filter Q,1008,kwh,15,7,,,,,,,ChanComp,,0=0.1/14=10/[Log],,,,,1,1,358,0x0166,,,,-,InstantCtl,Instant,0,0,Linear,Scalar
Chan004CompFilterQ001,1,4,1,,,Compressor sidechain filter Q,1009,kwi,15,7,,,,,,,ChanComp,,0=0.1/14=10/[Log],,,,,1,1,502,0x01F6,,,,-,InstantCtl,Instant,0,0,Linear,Scalar
Chan005CompFilterQ001,1,5,1,,,Compressor sidechain filter Q,1010,kwj,15,7,,,,,,,ChanComp,,0=0.1/14=10/[Log],,,,,1,1,646,0x0286,,,,-,InstantCtl,Instant,0,0,Linear,Scalar
Chan006CompFilterQ001,1,6,1,,,Compressor sidechain filter Q,1011,kwk,15,7,,,,,,,ChanComp,,0=0.1/14=10/[Log],,,,,1,1,790,0x0316,,,,-,InstantCtl,Instant,0,0,Linear,Scalar
Chan007CompFilterQ001,1,7,1,,,Compressor sidechain filter Q,1012,kwl,15,7,,,,,,,ChanComp,,0=0.1/14=10/[Log],,,,,1,1,934,0x03A6,,,,-,InstantCtl,Instant,0,0,Linear,Scalar
Chan008CompFilterQ001,1,8,1,,,Compressor sidechain filter Q,1013,kwm,15,7,,,,,,,ChanComp,,0=0.1/14=10/[Log],,,,,1,1,1078,0x0436,,,,-,InstantCtl,Instant,0,0,Linear,Scalar
Chan009CompFilterQ001,1,9,1,,,Compressor sidechain filter Q,1014,kwn,15,7,,,,,,,ChanComp,,0=0.1/14=10/[Log],,,,,1,1,1222,0x04C6,,,,-,InstantCtl,Instant,0,0,Linear,Scalar
Chan010CompFilterQ001,1,10,1,,,Compressor sidechain filter Q,1015,kwo,15,7,,,,,,,ChanComp,,0=0.1/14=10/[Log],,,,,1,1,1366,0x0556,,,,-,InstantCtl,Instant,0,0,Linear,Scalar
Chan011CompFilterQ001,1,11,1,,,Compressor sidechain filter Q,1016,kwp,15,7,,,,,,,ChanComp,,0=0.1/14=10/[Log],,,,,1,1,1510,0x05E6,,,,-,InstantCtl,Instant,0,0,Linear,Scalar
Chan012CompFilterQ001,1,12,1,,,Compressor sidechain filter Q,1017,kwq,15,7,,,,,,,ChanComp,,0=0.1/14=10/[Log],,,,,1,1,1654,0x0676,,,,-,InstantCtl,Instant,0,0,Linear,Scalar
Chan013CompFilterQ001,1,13,1,,,Compressor sidechain filter Q,1018,kwr,15,7,,,,,,,ChanComp,,0=0.1/14=10/[Log],,,,,1,1,1798,0x0706,,,,-,InstantCtl,Instant,0,0,Linear,Scalar
Chan014CompFilterQ001,1,14,1,,,Compressor sidechain filter Q,1019,kws,15,7,,,,,,,ChanComp,,0=0.1/14=10/[Log],,,,,1,1,1942,0x0796,,,,-,InstantCtl,Instant,0,0,Linear,Scalar
Chan015CompFilterQ001,1,15,1,,,Compressor sidechain filter Q,1020,kwt,15,7,,,,,,,ChanComp,,0=0.1/14=10/[Log],,,,,1,1,2086,0x0826,,,,-,InstantCtl,Instant,0,0,Linear,Scalar
Chan016CompFilterQ001,1,16,1,,,Compressor sidechain filter Q,1021,kwu,15,7,,,,,,,ChanComp,,0=0.1/14=10/[Log],,,,,1,1,2230,0x08B6,,,,-,InstantCtl,Instant,0,0,Linear,Scalar
Chan017CompFilterQ001,1,17,1,,,Compressor sidechain filter Q,1022,kwv,15,7,,,,,,,ChanComp,,0=0.1/14=10/[Log],,,,,1,1,2374,0x0946,,,,-,InstantCtl,Instant,0,0,Linear,Scalar
Chan018CompFilterQ001,1,18,1,,,Compressor sidechain filter Q,1023,kww,15,7,,,,,,,ChanComp,,0=0.1/14=10/[Log],,,,,1,1,2518,0x09D6,,,,-,InstantCtl,Instant,0,0,Linear,Scalar
Chan019CompFilterQ001,1,19,1,,,Compressor sidechain filter Q,1024,lhh,15,7,,,,,,,ChanComp,,0=0.1/14=10/[Log],,,,,1,1,2662,0x0A66,,,,-,InstantCtl,Instant,0,0,Linear,Scalar
Chan020CompFilterQ001,1,20,1,,,Compressor sidechain filter Q,1025,lhi,15,7,,,,,,,ChanComp,,0=0.1/14=10/[Log],,,,,1,1,2806,0x0AF6,,,,-,InstantCtl,Instant,0,0,Linear,Scalar
Chan021CompFilterQ001,1,21,1,,,Compressor sidechain filter Q,1026,lhj,15,7,,,,,,,ChanComp,,0=0.1/14=10/[Log],,,,,1,1,2950,0x0B86,,,,-,InstantCtl,Instant,0,0,Linear,Scalar
Chan022CompFilterQ001,1,22,1,,,Compressor sidechain filter Q,1027,lhk,15,7,,,,,,,ChanComp,,0=0.1/14=10/[Log],,,,,1,1,3094,0x0C16,,,,-,InstantCtl,Instant,0,0,Linear,Scalar
Chan023CompFilterQ001,1,23,1,,,Compressor sidechain filter Q,1028,lhl,15,7,,,,,,,ChanComp,,0=0.1/14=10/[Log],,,,,1,1,3238,0x0CA6,,,,-,InstantCtl,Instant,0,0,Linear,Scalar
Chan024CompFilterQ001,1,24,1,,,Compressor sidechain filter Q,1029,lhm,15,7,,,,,,,ChanComp,,0=0.1/14=10/[Log],,,,,1,1,3382,0x0D36,,,,-,InstantCtl,Instant,0,0,Linear,Scalar
Chan001CompLimMode001,1,1,1,,,Compressor/Limiter mode toggle,1030,lhn,2,,,,,,,,ChanComp,,,,,,,1,1,67,0x0043,,,,-,InstantCtl,Instant,0,0,Linear,Scalar
Chan002CompLimMode001,1,2,1,,,Compressor/Limiter mode toggle,1031,lho,2,,,,,,,,ChanComp,,,,,,,1,1,211,0x00D3,,,,-,InstantCtl,Instant,0,0,Linear,Scalar
Chan003CompLimMode001,1,3,1,,,Compressor/Limiter mode toggle,1032,lhp,2,,,,,,,,ChanComp,,,,,,,1,1,355,0x0163,,,,-,InstantCtl,Instant,0,0,Linear,Scalar
Chan004CompLimMode001,1,4,1,,,Compressor/Limiter mode toggle,1033,lhq,2,,,,,,,,ChanComp,,,,,,,1,1,499,0x01F3,,,,-,InstantCtl,Instant,0,0,Linear,Scalar
Chan005CompLimMode001,1,5,1,,,Compressor/Limiter mode toggle,1034,lhr,2,,,,,,,,ChanComp,,,,,,,1,1,643,0x0283,,,,-,InstantCtl,Instant,0,0,Linear,Scalar
Chan006CompLimMode001,1,6,1,,,Compressor/Limiter mode toggle,1035,lhs,2,,,,,,,,ChanComp,,,,,,,1,1,787,0x0313,,,,-,InstantCtl,Instant,0,0,Linear,Scalar
Chan007CompLimMode001,1,7,1,,,Compressor/Limiter mode toggle,1036,lht,2,,,,,,,,ChanComp,,,,,,,1,1,931,0x03A3,,,,-,InstantCtl,Instant,0,0,Linear,Scalar
Chan008CompLimMode001,1,8,1,,,Compressor/Limiter mode toggle,1037,lhu,2,,,,,,,,ChanComp,,,,,,,1,1,1075,0x0433,,,,-,InstantCtl,Instant,0,0,Linear,Scalar
Chan009CompLimMode001,1,9,1,,,Compressor/Limiter mode toggle,1038,lhv,2,,,,,,,,ChanComp,,,,,,,1,1,1219,0x04C3,,,,-,InstantCtl,Instant,0,0,Linear,Scalar
Chan010CompLimMode001,1,10,1,,,Compressor/Limiter mode toggle,1039,lhw,2,,,,,,,,ChanComp,,,,,,,1,1,1363,0x0553,,,,-,InstantCtl,Instant,0,0,Linear,Scalar
Chan011CompLimMode001,1,11,1,,,Compressor/Limiter mode toggle,1040,lih,2,,,,,,,,ChanComp,,,,,,,1,1,1507,0x05E3,,,,-,InstantCtl,Instant,0,0,Linear,Scalar
Chan012CompLimMode001,1,12,1,,,Compressor/Limiter mode toggle,1041,lii,2,,,,,,,,ChanComp,,,,,,,1,1,1651,0x0673,,,,-,InstantCtl,Instant,0,0,Linear,Scalar
Chan013CompLimMode001,1,13,1,,,Compressor/Limiter mode toggle,1042,lij,2,,,,,,,,ChanComp,,,,,,,1,1,1795,0x0703,,,,-,InstantCtl,Instant,0,0,Linear,Scalar
Chan014CompLimMode001,1,14,1,,,Compressor/Limiter mode toggle,1043,lik,2,,,,,,,,ChanComp,,,,,,,1,1,1939,0x0793,,,,-,InstantCtl,Instant,0,0,Linear,Scalar
Chan015CompLimMode001,1,15,1,,,Compressor/Limiter mode toggle,1044,lil,2,,,,,,,,ChanComp,,,,,,,1,1,2083,0x0823,,,,-,InstantCtl,Instant,0,0,Linear,Scalar
Chan016CompLimMode001,1,16,1,,,Compressor/Limiter mode toggle,1045,lim,2,,,,,,,,ChanComp,,,,,,,1,1,2227,0x08B3,,,,-,InstantCtl,Instant,0,0,Linear,Scalar
Chan017CompLimMode001,1,17,1,,,Compressor/Limiter mode toggle,1046,lin,2,,,,,,,,ChanComp,,,,,,,1,1,2371,0x0943,,,,-,InstantCtl,Instant,0,0,Linear,Scalar
Chan018CompLimMode001,1,18,1,,,Compressor/Limiter mode toggle,1047,lio,2,,,,,,,,ChanComp,,,,,,,1,1,2515,0x09D3,,,,-,InstantCtl,Instant,0,0,Linear,Scalar
Chan019CompLimMode001,1,19,1,,,Compressor/Limiter mode toggle,1048,lip,2,,,,,,,,ChanComp,,,,,,,1,1,2659,0x0A63,,,,-,InstantCtl,Instant,0,0,Linear,Scalar
Chan020CompLimMode001,1,20,1,,,Compressor/Limiter mode toggle,1049,liq,2,,,,,,,,ChanComp,,,,,,,1,1,2803,0x0AF3,,,,-,InstantCtl,Instant,0,0,Linear,Scalar
Chan021CompLimMode001,1,21,1,,,Compressor/Limiter mode toggle,1050,lir,2,,,,,,,,ChanComp,,,,,,,1,1,2947,0x0B83,,,,-,InstantCtl,Instant,0,0,Linear,Scalar
Chan022CompLimMode001,1,22,1,,,Compressor/Limiter mode toggle,1051,lis,2,,,,,,,,ChanComp,,,,,,,1,1,3091,0x0C13,,,,-,InstantCtl,Instant,0,0,Linear,Scalar
Chan023CompLimMode001,1,23,1,,,Compressor/Limiter mode toggle,1052,lit,2,,,,,,,,ChanComp,,,,,,,1,1,3235,0x0CA3,,,,-,InstantCtl,Instant,0,0,Linear,Scalar
Chan024CompLimMode001,1,24,1,,,Compressor/Limiter mode toggle,1053,liu,2,,,,,,,,ChanComp,,,,,,,1,1,3379,0x0D33,,,,-,InstantCtl,Instant,0,0,Linear,Scalar
Chan001CompEqPos001,1,1,1,,,Compressor EQ position (Pre/Post),1054,liv,2,,,,,,,,ChanComp,,,,,,,1,1,68,0x0044,,,,-,InstantCtl,Instant,0,0,Linear,Scalar
Chan002CompEqPos001,1,2,1,,,Compressor EQ position (Pre/Post),1055,liw,2,,,,,,,,ChanComp,,,,,,,1,1,212,0x00D4,,,,-,InstantCtl,Instant,0,0,Linear,Scalar
Chan003CompEqPos001,1,3,1,,,Compressor EQ position (Pre/Post),1056,ljh,2,,,,,,,,ChanComp,,,,,,,1,1,356,0x0164,,,,-,InstantCtl,Instant,0,0,Linear,Scalar
Chan004CompEqPos001,1,4,1,,,Compressor EQ position (Pre/Post),1057,lji,2,,,,,,,,ChanComp,,,,,,,1,1,500,0x01F4,,,,-,InstantCtl,Instant,0,0,Linear,Scalar
Chan005CompEqPos001,1,5,1,,,Compressor EQ position (Pre/Post),1058,ljj,2,,,,,,,,ChanComp,,,,,,,1,1,644,0x0284,,,,-,InstantCtl,Instant,0,0,Linear,Scalar
Chan006CompEqPos001,1,6,1,,,Compressor EQ position (Pre/Post),1059,ljk,2,,,,,,,,ChanComp,,,,,,,1,1,788,0x0314,,,,-,InstantCtl,Instant,0,0,Linear,Scalar
Chan007CompEqPos001,1,7,1,,,Compressor EQ position (Pre/Post),1060,ljl,2,,,,,,,,ChanComp,,,,,,,1,1,932,0x03A4,,,,-,InstantCtl,Instant,0,0,Linear,Scalar
Chan008CompEqPos001,1,8,1,,,Compressor EQ position (Pre/Post),1061,ljm,2,,,,,,,,ChanComp,,,,,,,1,1,1076,0x0434,,,,-,InstantCtl,Instant,0,0,Linear,Scalar
Chan009CompEqPos001,1,9,1,,,Compressor EQ position (Pre/Post),1062,ljn,2,,,,,,,,ChanComp,,,,,,,1,1,1220,0x04C4,,,,-,InstantCtl,Instant,0,0,Linear,Scalar
Chan010CompEqPos001,1,10,1,,,Compressor EQ position (Pre/Post),1063,ljo,2,,,,,,,,ChanComp,,,,,,,1,1,1364,0x0554,,,,-,InstantCtl,Instant,0,0,Linear,Scalar
Chan011CompEqPos001,1,11,1,,,Compressor EQ position (Pre/Post),1064,ljp,2,,,,,,,,ChanComp,,,,,,,1,1,1508,0x05E4,,,,-,InstantCtl,Instant,0,0,Linear,Scalar
Chan012CompEqPos001,1,12,1,,,Compressor EQ position (Pre/Post),1065,ljq,2,,,,,,,,ChanComp,,,,,,,1,1,1652,0x0674,,,,-,InstantCtl,Instant,0,0,Linear,Scalar
Chan013CompEqPos001,1,13,1,,,Compressor EQ position (Pre/Post),1066,ljr,2,,,,,,,,ChanComp,,,,,,,1,1,1796,0x0704,,,,-,InstantCtl,Instant,0,0,Linear,Scalar
Chan014CompEqPos001,1,14,1,,,Compressor EQ position (Pre/Post),1067,ljs,2,,,,,,,,ChanComp,,,,,,,1,1,1940,0x0794,,,,-,InstantCtl,Instant,0,0,Linear,Scalar
Chan015CompEqPos001,1,15,1,,,Compressor EQ position (Pre/Post),1068,ljt,2,,,,,,,,ChanComp,,,,,,,1,1,2084,0x0824,,,,-,InstantCtl,Instant,0,0,Linear,Scalar
Chan016CompEqPos001,1,16,1,,,Compressor EQ position (Pre/Post),1069,lju,2,,,,,,,,ChanComp,,,,,,,1,1,2228,0x08B4,,,,-,InstantCtl,Instant,0,0,Linear,Scalar
Chan017CompEqPos001,1,17,1,,,Compressor EQ position (Pre/Post),1070,ljv,2,,,,,,,,ChanComp,,,,,,,1,1,2372,0x0944,,,,-,InstantCtl,Instant,0,0,Linear,Scalar
Chan018CompEqPos001,1,18,1,,,Compressor EQ position (Pre/Post),1071,ljw,2,,,,,,,,ChanComp,,,,,,,1,1,2516,0x09D4,,,,-,InstantCtl,Instant,0,0,Linear,Scalar
Chan019CompEqPos001,1,19,1,,,Compressor EQ position (Pre/Post),1072,lkh,2,,,,,,,,ChanComp,,,,,,,1,1,2660,0x0A64,,,,-,InstantCtl,Instant,0,0,Linear,Scalar
Chan020CompEqPos001,1,20,1,,,Compressor EQ position (Pre/Post),1073,lki,2,,,,,,,,ChanComp,,,,,,,1,1,2804,0x0AF4,,,,-,InstantCtl,Instant,0,0,Linear,Scalar
Chan021CompEqPos001,1,21,1,,,Compressor EQ position (Pre/Post),1074,lkj,2,,,,,,,,ChanComp,,,,,,,1,1,2948,0x0B84,,,,-,InstantCtl,Instant,0,0,Linear,Scalar
Chan022CompEqPos001,1,22,1,,,Compressor EQ position (Pre/Post),1075,lkk,2,,,,,,,,ChanComp,,,,,,,1,1,3092,0x0C14,,,,-,InstantCtl,Instant,0,0,Linear,Scalar
Chan023CompEqPos001,1,23,1,,,Compressor EQ position (Pre/Post),1076,lkl,2,,,,,,,,ChanComp,,,,,,,1,1,3236,0x0CA4,,,,-,InstantCtl,Instant,0,0,Linear,Scalar
Chan024CompEqPos001,1,24,1,,,Compressor EQ position (Pre/Post),1077,lkm,2,,,,,,,,ChanComp,,,,,,,1,1,3380,0x0D34,,,,-,InstantCtl,Instant,0,0,Linear,Scalar
Chan001CompThr001,1,1,1,,,Compressor threshold level,1078,lkn,141,,,,,,,,ChanComp,,0=-60/140=10/[Lin],,,,,1,1,57,0x0039,,,,140,DynSafe,LinearFrames,6,20,Exp,Scalar
Chan002CompThr001,1,2,1,,,Compressor threshold level,1079,lko,141,,,,,,,,ChanComp,,0=-60/140=10/[Lin],,,,,1,1,201,0x00C9,,,,140,DynSafe,LinearFrames,6,20,Exp,Scalar
Chan003CompThr001,1,3,1,,,Compressor threshold level,1080,lkp,141,,,,,,,,ChanComp,,0=-60/140=10/[Lin],,,,,1,1,345,0x0159,,,,140,DynSafe,LinearFrames,6,20,Exp,Scalar
Chan004CompThr001,1,4,1,,,Compressor threshold level,1081,lkq,141,,,,,,,,ChanComp,,0=-60/140=10/[Lin],,,,,1,1,489,0x01E9,,,,140,DynSafe,LinearFrames,6,20,Exp,Scalar
Chan005CompThr001,1,5,1,,,Compressor threshold level,1082,lkr,141,,,,,,,,ChanComp,,0=-60/140=10/[Lin],,,,,1,1,633,0x0279,,,,140,DynSafe,LinearFrames,6,20,Exp,Scalar
Chan006CompThr001,1,6,1,,,Compressor threshold level,1083,lks,141,,,,,,,,ChanComp,,0=-60/140=10/[Lin],,,,,1,1,777,0x0309,,,,140,DynSafe,LinearFrames,6,20,Exp,Scalar
Chan007CompThr001,1,7,1,,,Compressor threshold level,1084,lkt,141,,,,,,,,ChanComp,,0=-60/140=10/[Lin],,,,,1,1,921,0x0399,,,,140,DynSafe,LinearFrames,6,20,Exp,Scalar
Chan008CompThr001,1,8,1,,,Compressor threshold level,1085,lku,141,,,,,,,,ChanComp,,0=-60/140=10/[Lin],,,,,1,1,1065,0x0429,,,,140,DynSafe,LinearFrames,6,20,Exp,Scalar
Chan009CompThr001,1,9,1,,,Compressor threshold level,1086,lkv,141,,,,,,,,ChanComp,,0=-60/140=10/[Lin],,,,,1,1,1209,0x04B9,,,,140,DynSafe,LinearFrames,6,20,Exp,Scalar
Chan010CompThr001,1,10,1,,,Compressor threshold level,1087,lkw,141,,,,,,,,ChanComp,,0=-60/140=10/[Lin],,,,,1,1,1353,0x0549,,,,140,DynSafe,LinearFrames,6,20,Exp,Scalar
Chan011CompThr001,1,11,1,,,Compressor threshold level,1088,llh,141,,,,,,,,ChanComp,,0=-60/140=10/[Lin],,,,,1,1,1497,0x05D9,,,,140,DynSafe,LinearFrames,6,20,Exp,Scalar
Chan012CompThr001,1,12,1,,,Compressor threshold level,1089,lli,141,,,,,,,,ChanComp,,0=-60/140=10/[Lin],,,,,1,1,1641,0x0669,,,,140,DynSafe,LinearFrames,6,20,Exp,Scalar
Chan013CompThr001,1,13,1,,,Compressor threshold level,1090,llj,141,,,,,,,,ChanComp,,0=-60/140=10/[Lin],,,,,1,1,1785,0x06F9,,,,140,DynSafe,LinearFrames,6,20,Exp,Scalar
Chan014CompThr001,1,14,1,,,Compressor threshold level,1091,llk,141,,,,,,,,ChanComp,,0=-60/140=10/[Lin],,,,,1,1,1929,0x0789,,,,140,DynSafe,LinearFrames,6,20,Exp,Scalar
Chan015CompThr001,1,15,1,,,Compressor threshold level,1092,lll,141,,,,,,,,ChanComp,,0=-60/140=10/[Lin],,,,,1,1,2073,0x0819,,,,140,DynSafe,LinearFrames,6,20,Exp,Scalar
Chan016CompThr001,1,16,1,,,Compressor threshold level,1093,llm,141,,,,,,,,ChanComp,,0=-60/140=10/[Lin],,,,,1,1,2217,0x08A9,,,,140,DynSafe,LinearFrames,6,20,Exp,Scalar
Chan017CompThr001,1,17,1,,,Compressor threshold level,1094,lln,141,,,,,,,,ChanComp,,0=-60/140=10/[Lin],,,,,1,1,2361,0x0939,,,,140,DynSafe,LinearFrames,6,20,Exp,Scalar
Chan018CompThr001,1,18,1,,,Compressor threshold level,1095,llo,141,,,,,,,,ChanComp,,0=-60/140=10/[Lin],,,,,1,1,2505,0x09C9,,,,140,DynSafe,LinearFrames,6,20,Exp,Scalar
Chan019CompThr001,1,19,1,,,Compressor threshold level,1096,llp,141,,,,,,,,ChanComp,,0=-60/140=10/[Lin],,,,,1,1,2649,0x0A59,,,,140,DynSafe,LinearFrames,6,20,Exp,Scalar
Chan020CompThr001,1,20,1,,,Compressor threshold level,1097,llq,141,,,,,,,,ChanComp,,0=-60/140=10/[Lin],,,,,1,1,2793,0x0AE9,,,,140,DynSafe,LinearFrames,6,20,Exp,Scalar
Chan021CompThr001,1,21,1,,,Compressor threshold level,1098,llr,141,,,,,,,,ChanComp,,0=-60/140=10/[Lin],,,,,1,1,2937,0x0B79,,,,140,DynSafe,LinearFrames,6,20,Exp,Scalar
Chan022CompThr001,1,22,1,,,Compressor threshold level,1099,lls,141,,,,,,,,ChanComp,,0=-60/140=10/[Lin],,,,,1,1,3081,0x0C09,,,,140,DynSafe,LinearFrames,6,20,Exp,Scalar
Chan023CompThr001,1,23,1,,,Compressor threshold level,1100,llt,141,,,,,,,,ChanComp,,0=-60/140=10/[Lin],,,,,1,1,3225,0x0C99,,,,140,DynSafe,LinearFrames,6,20,Exp,Scalar
Chan024CompThr001,1,24,1,,,Compressor threshold level,1101,llu,141,,,,,,,,ChanComp,,0=-60/140=10/[Lin],,,,,1,1,3369,0x0D29,,,,140,DynSafe,LinearFrames,6,20,Exp,Scalar
Chan001CompType001,1,1,1,,,Compressor type (Tube/FET/VCA/Optical),1102,llv,4,,,,,,,,ChanComp,,,,,,,1,1,64,0x0040,,,,-,InstantCtl,Instant,0,0,Linear,Scalar
Chan002CompType001,1,2,1,,,Compressor type (Tube/FET/VCA/Optical),1103,llw,4,,,,,,,,ChanComp,,,,,,,1,1,208,0x00D0,,,,-,InstantCtl,Instant,0,0,Linear,Scalar
Chan003CompType001,1,3,1,,,Compressor type (Tube/FET/VCA/Optical),1104,lmh,4,,,,,,,,ChanComp,,,,,,,1,1,352,0x0160,,,,-,InstantCtl,Instant,0,0,Linear,Scalar
Chan004CompType001,1,4,1,,,Compressor type (Tube/FET/VCA/Optical),1105,lmi,4,,,,,,,,ChanComp,,,,,,,1,1,496,0x01F0,,,,-,InstantCtl,Instant,0,0,Linear,Scalar
Chan005CompType001,1,5,1,,,Compressor type (Tube/FET/VCA/Optical),1106,lmj,4,,,,,,,,ChanComp,,,,,,,1,1,640,0x0280,,,,-,InstantCtl,Instant,0,0,Linear,Scalar
Chan006CompType001,1,6,1,,,Compressor type (Tube/FET/VCA/Optical),1107,lmk,4,,,,,,,,ChanComp,,,,,,,1,1,784,0x0310,,,,-,InstantCtl,Instant,0,0,Linear,Scalar
Chan007CompType001,1,7,1,,,Compressor type (Tube/FET/VCA/Optical),1108,lml,4,,,,,,,,ChanComp,,,,,,,1,1,928,0x03A0,,,,-,InstantCtl,Instant,0,0,Linear,Scalar
Chan008CompType001,1,8,1,,,Compressor type (Tube/FET/VCA/Optical),1109,lmm,4,,,,,,,,ChanComp,,,,,,,1,1,1072,0x0430,,,,-,InstantCtl,Instant,0,0,Linear,Scalar
Chan009CompType001,1,9,1,,,Compressor type (Tube/FET/VCA/Optical),1110,lmn,4,,,,,,,,ChanComp,,,,,,,1,1,1216,0x04C0,,,,-,InstantCtl,Instant,0,0,Linear,Scalar
Chan010CompType001,1,10,1,,,Compressor type (Tube/FET/VCA/Optical),1111,lmo,4,,,,,,,,ChanComp,,,,,,,1,1,1360,0x0550,,,,-,InstantCtl,Instant,0,0,Linear,Scalar
Chan011CompType001,1,11,1,,,Compressor type (Tube/FET/VCA/Optical),1112,lmp,4,,,,,,,,ChanComp,,,,,,,1,1,1504,0x05E0,,,,-,InstantCtl,Instant,0,0,Linear,Scalar
Chan012CompType001,1,12,1,,,Compressor type (Tube/FET/VCA/Optical),1113,lmq,4,,,,,,,,ChanComp,,,,,,,1,1,1648,0x0670,,,,-,InstantCtl,Instant,0,0,Linear,Scalar
Chan013CompType001,1,13,1,,,Compressor type (Tube/FET/VCA/Optical),1114,lmr,4,,,,,,,,ChanComp,,,,,,,1,1,1792,0x0700,,,,-,InstantCtl,Instant,0,0,Linear,Scalar
Chan014CompType001,1,14,1,,,Compressor type (Tube/FET/VCA/Optical),1115,lms,4,,,,,,,,ChanComp,,,,,,,1,1,1936,0x0790,,,,-,InstantCtl,Instant,0,0,Linear,Scalar
Chan015CompType001,1,15,1,,,Compressor type (Tube/FET/VCA/Optical),1116,lmt,4,,,,,,,,ChanComp,,,,,,,1,1,2080,0x0820,,,,-,InstantCtl,Instant,0,0,Linear,Scalar
Chan016CompType001,1,16,1,,,Compressor type (Tube/FET/VCA/Optical),1117,lmu,4,,,,,,,,ChanComp,,,,,,,1,1,2224,0x08B0,,,,-,InstantCtl,Instant,0,0,Linear,Scalar
Chan017CompType001,1,17,1,,,Compressor type (Tube/FET/VCA/Optical),1118,lmv,4,,,,,,,,ChanComp,,,,,,,1,1,2368,0x0940,,,,-,InstantCtl,Instant,0,0,Linear,Scalar
Chan018CompType001,1,18,1,,,Compressor type (Tube/FET/VCA/Optical),1119,lmw,4,,,,,,,,ChanComp,,,,,,,1,1,2512,0x09D0,,,,-,InstantCtl,Instant,0,0,Linear,Scalar
Chan019CompType001,1,19,1,,,Compressor type (Tube/FET/VCA/Optical),1120,lnh,4,,,,,,,,ChanComp,,,,,,,1,1,2656,0x0A60,,,,-,InstantCtl,Instant,0,0,Linear,Scalar
Chan020CompType001,1,20,1,,,Compressor type (Tube/FET/VCA/Optical),1121,lni,4,,,,,,,,ChanComp,,,,,,,1,1,2800,0x0AF0,,,,-,InstantCtl,Instant,0,0,Linear,Scalar
Chan021CompType001,1,21,1,,,Compressor type (Tube/FET/VCA/Optical),1122,lnj,4,,,,,,,,ChanComp,,,,,,,1,1,2944,0x0B80,,,,-,InstantCtl,Instant,0,0,Linear,Scalar
Chan022CompType001,1,22,1,,,Compressor type (Tube/FET/VCA/Optical),1123,lnk,4,,,,,,,,ChanComp,,,,,,,1,1,3088,0x0C10,,,,-,InstantCtl,Instant,0,0,Linear,Scalar
Chan023CompType001,1,23,1,,,Compressor type (Tube/FET/VCA/Optical),1124,lnl,4,,,,,,,,ChanComp,,,,,,,1,1,3232,0x0CA0,,,,-,InstantCtl,Instant,0,0,Linear,Scalar
Chan024CompType001,1,24,1,,,Compressor type (Tube/FET/VCA/Optical),1125,lnm,4,,,,,,,,ChanComp,,,,,,,1,1,3376,0x0D30,,,,-,InstantCtl,Instant,0,0,Linear,Scalar
Chan001CueSel001,1,1,1,,false,Channel cue/solo select (PFL/AFL/SIP),1126,lnn,2,,,,,,,,Chan_Rtg,,,,,,,,,,,,,,0,,,,,,
Chan002CueSel001,1,2,1,,false,Channel cue/solo select (PFL/AFL/SIP),1127,lno,2,,,,,,,,Chan_Rtg,,,,,,,,,,,,,,0,,,,,,
Chan003CueSel001,1,3,1,,false,Channel cue/solo select (PFL/AFL/SIP),1128,lnp,2,,,,,,,,Chan_Rtg,,,,,,,,,,,,,,0,,,,,,
Chan004CueSel001,1,4,1,,false,Channel cue/solo select (PFL/AFL/SIP),1129,lnq,2,,,,,,,,Chan_Rtg,,,,,,,,,,,,,,0,,,,,,
Chan005CueSel001,1,5,1,,false,Channel cue/solo select (PFL/AFL/SIP),1130,lnr,2,,,,,,,,Chan_Rtg,,,,,,,,,,,,,,0,,,,,,
Chan006CueSel001,1,6,1,,false,Channel cue/solo select (PFL/AFL/SIP),1131,lns,2,,,,,,,,Chan_Rtg,,,,,,,,,,,,,,0,,,,,,
Chan007CueSel001,1,7,1,,false,Channel cue/solo select (PFL/AFL/SIP),1132,lnt,2,,,,,,,,Chan_Rtg,,,,,,,,,,,,,,0,,,,,,
Chan008CueSel001,1,8,1,,false,Channel cue/solo select (PFL/AFL/SIP),1133,lnu,2,,,,,,,,Chan_Rtg,,,,,,,,,,,,,,0,,,,,,
Chan009CueSel001,1,9,1,,false,Channel cue/solo select (PFL/AFL/SIP),1134,lnv,2,,,,,,,,Chan_Rtg,,,,,,,,,,,,,,0,,,,,,
Chan010CueSel001,1,10,1,,false,Channel cue/solo select (PFL/AFL/SIP),1135,lnw,2,,,,,,,,Chan_Rtg,,,,,,,,,,,,,,0,,,,,,
Chan011CueSel001,1,11,1,,false,Channel cue/solo select (PFL/AFL/SIP),1136,loh,2,,,,,,,,Chan_Rtg,,,,,,,,,,,,,,0,,,,,,
Chan012CueSel001,1,12,1,,false,Channel cue/solo select (PFL/AFL/SIP),1137,loi,2,,,,,,,,Chan_Rtg,,,,,,,,,,,,,,0,,,,,,
Chan013CueSel001,1,13,1,,false,Channel cue/solo select (PFL/AFL/SIP),1138,loj,2,,,,,,,,Chan_Rtg,,,,,,,,,,,,,,0,,,,,,
Chan014CueSel001,1,14,1,,false,Channel cue/solo select (PFL/AFL/SIP),1139,lok,2,,,,,,,,Chan_Rtg,,,,,,,,,,,,,,0,,,,,,
Chan015CueSel001,1,15,1,,false,Channel cue/solo select (PFL/AFL/SIP),1140,lol,2,,,,,,,,Chan_Rtg,,,,,,,,,,,,,,0,,,,,,
Chan016CueSel001,1,16,1,,false,Channel cue/solo select (PFL/AFL/SIP),1141,lom,2,,,,,,,,Chan_Rtg,,,,,,,,,,,,,,0,,,,,,
Chan017CueSel001,1,17,1,,false,Channel cue/solo select (PFL/AFL/SIP),1142,lon,2,,,,,,,,Chan_Rtg,,,,,,,,,,,,,,0,,,,,,
Chan018CueSel001,1,18,1,,false,Channel cue/solo select (PFL/AFL/SIP),1143,loo,2,,,,,,,,Chan_Rtg,,,,,,,,,,,,,,0,,,,,,
Chan019CueSel001,1,19,1,,false,Channel cue/solo select (PFL/AFL/SIP),1144,lop,2,,,,,,,,Chan_Rtg,,,,,,,,,,,,,,0,,,,,,
Chan020CueSel001,1,20,1,,false,Channel cue/solo select (PFL/AFL/SIP),1145,loq,2,,,,,,,,Chan_Rtg,,,,,,,,,,,,,,0,,,,,,
Chan021CueSel001,1,21,1,,false,Channel cue/solo select (PFL/AFL/SIP),1146,lor,2,,,,,,,,Chan_Rtg,,,,,,,,,,,,,,0,,,,,,
Chan022CueSel001,1,22,1,,false,Channel cue/solo select (PFL/AFL/SIP),1147,los,2,,,,,,,,Chan_Rtg,,,,,,,,,,,,,,0,,,,,,
Chan023CueSel001,1,23,1,,false,Channel cue/solo select (PFL/AFL/SIP),1148,lot,2,,,,,,,,Chan_Rtg,,,,,,,,,,,,,,0,,,,,,
Chan024CueSel001,1,24,1,,false,Channel cue/solo select (PFL/AFL/SIP),1149,lou,2,,,,,,,,Chan_Rtg,,,,,,,,,,,,,,0,,,,,,
Chan001Delay001,1,1,1,,,Channel input delay up to 250ms,1150,lov,255,,,,,,,,,,0=0/127=250/[Log],,,,,1,1,78,0x004E,,,,0,InstantCtl,Instant,0,0,Linear,Scalar
Chan002Delay001,1,2,1,,,Channel input delay up to 250ms,1151,low,255,,,,,,,,,,0=0/127=250/[Log],,,,,1,1,222,0x00DE,,,,0,InstantCtl,Instant,0,0,Linear,Scalar
Chan003Delay001,1,3,1,,,Channel input delay up to 250ms,1152,lph,255,,,,,,,,,,0=0/127=250/[Log],,,,,1,1,366,0x016E,,,,0,InstantCtl,Instant,0,0,Linear,Scalar
Chan004Delay001,1,4,1,,,Channel input delay up to 250ms,1153,lpi,255,,,,,,,,,,0=0/127=250/[Log],,,,,1,1,510,0x01FE,,,,0,InstantCtl,Instant,0,0,Linear,Scalar
Chan005Delay001,1,5,1,,,Channel input delay up to 250ms,1154,lpj,255,,,,,,,,,,0=0/127=250/[Log],,,,,1,1,654,0x028E,,,,0,InstantCtl,Instant,0,0,Linear,Scalar
Chan006Delay001,1,6,1,,,Channel input delay up to 250ms,1155,lpk,255,,,,,,,,,,0=0/127=250/[Log],,,,,1,1,798,0x031E,,,,0,InstantCtl,Instant,0,0,Linear,Scalar
Chan007Delay001,1,7,1,,,Channel input delay up to 250ms,1156,lpl,255,,,,,,,,,,0=0/127=250/[Log],,,,,1,1,942,0x03AE,,,,0,InstantCtl,Instant,0,0,Linear,Scalar
Chan008Delay001,1,8,1,,,Channel input delay up to 250ms,1157,lpm,255,,,,,,,,,,0=0/127=250/[Log],,,,,1,1,1086,0x043E,,,,0,InstantCtl,Instant,0,0,Linear,Scalar
Chan009Delay001,1,9,1,,,Channel input delay up to 250ms,1158,lpn,255,,,,,,,,,,0=0/127=250/[Log],,,,,1,1,1230,0x04CE,,,,0,InstantCtl,Instant,0,0,Linear,Scalar
Chan010Delay001,1,10,1,,,Channel input delay up to 250ms,1159,lpo,255,,,,,,,,,,0=0/127=250/[Log],,,,,1,1,1374,0x055E,,,,0,InstantCtl,Instant,0,0,Linear,Scalar
Chan011Delay001,1,11,1,,,Channel input delay up to 250ms,1160,lpp,255,,,,,,,,,,0=0/127=250/[Log],,,,,1,1,1518,0x05EE,,,,0,InstantCtl,Instant,0,0,Linear,Scalar
Chan012Delay001,1,12,1,,,Channel input delay up to 250ms,1161,lpq,255,,,,,,,,,,0=0/127=250/[Log],,,,,1,1,1662,0x067E,,,,0,InstantCtl,Instant,0,0,Linear,Scalar
Chan013Delay001,1,13,1,,,Channel input delay up to 250ms,1162,lpr,255,,,,,,,,,,0=0/127=250/[Log],,,,,1,1,1806,0x070E,,,,0,InstantCtl,Instant,0,0,Linear,Scalar
Chan014Delay001,1,14,1,,,Channel input delay up to 250ms,1163,lps,255,,,,,,,,,,0=0/127=250/[Log],,,,,1,1,1950,0x079E,,,,0,InstantCtl,Instant,0,0,Linear,Scalar
Chan015Delay001,1,15,1,,,Channel input delay up to 250ms,1164,lpt,255,,,,,,,,,,0=0/127=250/[Log],,,,,1,1,2094,0x082E,,,,0,InstantCtl,Instant,0,0,Linear,Scalar
Chan016Delay001,1,16,1,,,Channel input delay up to 250ms,1165,lpu,255,,,,,,,,,,0=0/127=250/[Log],,,,,1,1,2238,0x08BE,,,,0,InstantCtl,Instant,0,0,Linear,Scalar
Chan017Delay001,1,17,1,,,Channel input delay up to 250ms,1166,lpv,255,,,,,,,,,,0=0/127=250/[Log],,,,,1,1,2382,0x094E,,,,0,InstantCtl,Instant,0,0,Linear,Scalar
Chan018Delay001,1,18,1,,,Channel input delay up to 250ms,1167,lpw,255,,,,,,,,,,0=0/127=250/[Log],,,,,1,1,2526,0x09DE,,,,0,InstantCtl,Instant,0,0,Linear,Scalar
Chan019Delay001,1,19,1,,,Channel input delay up to 250ms,1168,lqh,255,,,,,,,,,,0=0/127=250/[Log],,,,,1,1,2670,0x0A6E,,,,0,InstantCtl,Instant,0,0,Linear,Scalar
Chan020Delay001,1,20,1,,,Channel input delay up to 250ms,1169,lqi,255,,,,,,,,,,0=0/127=250/[Log],,,,,1,1,2814,0x0AFE,,,,0,InstantCtl,Instant,0,0,Linear,Scalar
Chan021Delay001,1,21,1,,,Channel input delay up to 250ms,1170,lqj,255,,,,,,,,,,0=0/127=250/[Log],,,,,1,1,2958,0x0B8E,,,,0,InstantCtl,Instant,0,0,Linear,Scalar
Chan022Delay001,1,22,1,,,Channel input delay up to 250ms,1171,lqk,255,,,,,,,,,,0=0/127=250/[Log],,,,,1,1,3102,0x0C1E,,,,0,InstantCtl,Instant,0,0,Linear,Scalar
Chan023Delay001,1,23,1,,,Channel input delay up to 250ms,1172,lql,255,,,,,,,,,,0=0/127=250/[Log],,,,,1,1,3246,0x0CAE,,,,0,InstantCtl,Instant,0,0,Linear,Scalar
Chan024Delay001,1,24,1,,,Channel input delay up to 250ms,1173,lqm,255,,,,,,,,,,0=0/127=250/[Log],,,,,1,1,3390,0x0D3E,,,,0,InstantCtl,Instant,0,0,Linear,Scalar
Chan001EqFreq001,1,1,1,,,4-band parametric EQ frequency,1174,lqn,255,127,,,,,,,Chan_Eq,,0=20/254=200/[Log][0dp],,,,,1,1,16,0x0010,,,,-,EqSafe,LinearFrames,12,12,Linear,CoeffSetAtomic
Chan002EqFreq001,1,2,1,,,4-band parametric EQ frequency,1175,lqo,255,127,,,,,,,Chan_Eq,,0=20/254=200/[Log][0dp],,,,,1,1,160,0x00A0,,,,-,EqSafe,LinearFrames,12,12,Linear,CoeffSetAtomic
Chan003EqFreq001,1,3,1,,,4-band parametric EQ frequency,1176,lqp,255,127,,,,,,,Chan_Eq,,0=20/254=200/[Log][0dp],,,,,1,1,304,0x0130,,,,-,EqSafe,LinearFrames,12,12,Linear,CoeffSetAtomic
Chan004EqFreq001,1,4,1,,,4-band parametric EQ frequency,1177,lqq,255,127,,,,,,,Chan_Eq,,0=20/254=200/[Log][0dp],,,,,1,1,448,0x01C0,,,,-,EqSafe,LinearFrames,12,12,Linear,CoeffSetAtomic
Chan005EqFreq001,1,5,1,,,4-band parametric EQ frequency,1178,lqr,255,127,,,,,,,Chan_Eq,,0=20/254=200/[Log][0dp],,,,,1,1,592,0x0250,,,,-,EqSafe,LinearFrames,12,12,Linear,CoeffSetAtomic
Chan006EqFreq001,1,6,1,,,4-band parametric EQ frequency,1179,lqs,255,127,,,,,,,Chan_Eq,,0=20/254=200/[Log][0dp],,,,,1,1,736,0x02E0,,,,-,EqSafe,LinearFrames,12,12,Linear,CoeffSetAtomic
Chan007EqFreq001,1,7,1,,,4-band parametric EQ frequency,1180,lqt,255,127,,,,,,,Chan_Eq,,0=20/254=200/[Log][0dp],,,,,1,1,880,0x0370,,,,-,EqSafe,LinearFrames,12,12,Linear,CoeffSetAtomic
Chan008EqFreq001,1,8,1,,,4-band parametric EQ frequency,1181,lqu,255,127,,,,,,,Chan_Eq,,0=20/254=200/[Log][0dp],,,,,1,1,1024,0x0400,,,,-,EqSafe,LinearFrames,12,12,Linear,CoeffSetAtomic
Chan009EqFreq001,1,9,1,,,4-band parametric EQ frequency,1182,lqv,255,127,,,,,,,Chan_Eq,,0=20/254=200/[Log][0dp],,,,,1,1,1168,0x0490,,,,-,EqSafe,LinearFrames,12,12,Linear,CoeffSetAtomic
Chan010EqFreq001,1,10,1,,,4-band parametric EQ frequency,1183,lqw,255,127,,,,,,,Chan_Eq,,0=20/254=200/[Log][0dp],,,,,1,1,1312,0x0520,,,,-,EqSafe,LinearFrames,12,12,Linear,CoeffSetAtomic
Chan011EqFreq001,1,11,1,,,4-band parametric EQ frequency,1184,lrh,255,127,,,,,,,Chan_Eq,,0=20/254=200/[Log][0dp],,,,,1,1,1456,0x05B0,,,,-,EqSafe,LinearFrames,12,12,Linear,CoeffSetAtomic
Chan012EqFreq001,1,12,1,,,4-band parametric EQ frequency,1185,lri,255,127,,,,,,,Chan_Eq,,0=20/254=200/[Log][0dp],,,,,1,1,1600,0x0640,,,,-,EqSafe,LinearFrames,12,12,Linear,CoeffSetAtomic
Chan013EqFreq001,1,13,1,,,4-band parametric EQ frequency,1186,lrj,255,127,,,,,,,Chan_Eq,,0=20/254=200/[Log][0dp],,,,,1,1,1744,0x06D0,,,,-,EqSafe,LinearFrames,12,12,Linear,CoeffSetAtomic
Chan014EqFreq001,1,14,1,,,4-band parametric EQ frequency,1187,lrk,255,127,,,,,,,Chan_Eq,,0=20/254=200/[Log][0dp],,,,,1,1,1888,0x0760,,,,-,EqSafe,LinearFrames,12,12,Linear,CoeffSetAtomic
Chan015EqFreq001,1,15,1,,,4-band parametric EQ frequency,1188,lrl,255,127,,,,,,,Chan_Eq,,0=20/254=200/[Log][0dp],,,,,1,1,2032,0x07F0,,,,-,EqSafe,LinearFrames,12,12,Linear,CoeffSetAtomic
Chan016EqFreq001,1,16,1,,,4-band parametric EQ frequency,1189,lrm,255,127,,,,,,,Chan_Eq,,0=20/254=200/[Log][0dp],,,,,1,1,2176,0x0880,,,,-,EqSafe,LinearFrames,12,12,Linear,CoeffSetAtomic
Chan017EqFreq001,1,17,1,,,4-band parametric EQ frequency,1190,lrn,255,127,,,,,,,Chan_Eq,,0=20/254=200/[Log][0dp],,,,,1,1,2320,0x0910,,,,-,EqSafe,LinearFrames,12,12,Linear,CoeffSetAtomic
Chan018EqFreq001,1,18,1,,,4-band parametric EQ frequency,1191,lro,255,127,,,,,,,Chan_Eq,,0=20/254=200/[Log][0dp],,,,,1,1,2464,0x09A0,,,,-,EqSafe,LinearFrames,12,12,Linear,CoeffSetAtomic
Chan019EqFreq001,1,19,1,,,4-band parametric EQ frequency,1192,lrp,255,127,,,,,,,Chan_Eq,,0=20/254=200/[Log][0dp],,,,,1,1,2608,0x0A30,,,,-,EqSafe,LinearFrames,12,12,Linear,CoeffSetAtomic
Chan020EqFreq001,1,20,1,,,4-band parametric EQ frequency,1193,lrq,255,127,,,,,,,Chan_Eq,,0=20/254=200/[Log][0dp],,,,,1,1,2752,0x0AC0,,,,-,EqSafe,LinearFrames,12,12,Linear,CoeffSetAtomic
Chan021EqFreq001,1,21,1,,,4-band parametric EQ frequency,1194,lrr,255,127,,,,,,,Chan_Eq,,0=20/254=200/[Log][0dp],,,,,1,1,2896,0x0B50,,,,-,EqSafe,LinearFrames,12,12,Linear,CoeffSetAtomic
Chan022EqFreq001,1,22,1,,,4-band parametric EQ frequency,1195,lrs,255,127,,,,,,,Chan_Eq,,0=20/254=200/[Log][0dp],,,,,1,1,3040,0x0BE0,,,,-,EqSafe,LinearFrames,12,12,Linear,CoeffSetAtomic
Chan023EqFreq001,1,23,1,,,4-band parametric EQ frequency,1196,lrt,255,127,,,,,,,Chan_Eq,,0=20/254=200/[Log][0dp],,,,,1,1,3184,0x0C70,,,,-,EqSafe,LinearFrames,12,12,Linear,CoeffSetAtomic
Chan024EqFreq001,1,24,1,,,4-band parametric EQ frequency,1197,lru,255,127,,,,,,,Chan_Eq,,0=20/254=200/[Log][0dp],,,,,1,1,3328,0x0D00,,,,-,EqSafe,LinearFrames,12,12,Linear,CoeffSetAtomic
Chan001EqFreq002,1,1,2,,,4-band parametric EQ frequency,1198,lrv,255,127,,,,,,,Chan_Eq,,0=100/254=1000/[Log][0dp],,,,,1,1,21,0x0015,,,,-,EqSafe,LinearFrames,12,12,Linear,CoeffSetAtomic
Chan002EqFreq002,1,2,2,,,4-band parametric EQ frequency,1199,lrw,255,127,,,,,,,Chan_Eq,,0=100/254=1000/[Log][0dp],,,,,1,1,165,0x00A5,,,,-,EqSafe,LinearFrames,12,12,Linear,CoeffSetAtomic
Chan003EqFreq002,1,3,2,,,4-band parametric EQ frequency,1200,lsh,255,127,,,,,,,Chan_Eq,,0=100/254=1000/[Log][0dp],,,,,1,1,309,0x0135,,,,-,EqSafe,LinearFrames,12,12,Linear,CoeffSetAtomic
Chan004EqFreq002,1,4,2,,,4-band parametric EQ frequency,1201,lsi,255,127,,,,,,,Chan_Eq,,0=100/254=1000/[Log][0dp],,,,,1,1,453,0x01C5,,,,-,EqSafe,LinearFrames,12,12,Linear,CoeffSetAtomic
Chan005EqFreq002,1,5,2,,,4-band parametric EQ frequency,1202,lsj,255,127,,,,,,,Chan_Eq,,0=100/254=1000/[Log][0dp],,,,,1,1,597,0x0255,,,,-,EqSafe,LinearFrames,12,12,Linear,CoeffSetAtomic
Chan006EqFreq002,1,6,2,,,4-band parametric EQ frequency,1203,lsk,255,127,,,,,,,Chan_Eq,,0=100/254=1000/[Log][0dp],,,,,1,1,741,0x02E5,,,,-,EqSafe,LinearFrames,12,12,Linear,CoeffSetAtomic
Chan007EqFreq002,1,7,2,,,4-band parametric EQ frequency,1204,lsl,255,127,,,,,,,Chan_Eq,,0=100/254=1000/[Log][0dp],,,,,1,1,885,0x0375,,,,-,EqSafe,LinearFrames,12,12,Linear,CoeffSetAtomic
Chan008EqFreq002,1,8,2,,,4-band parametric EQ frequency,1205,lsm,255,127,,,,,,,Chan_Eq,,0=100/254=1000/[Log][0dp],,,,,1,1,1029,0x0405,,,,-,EqSafe,LinearFrames,12,12,Linear,CoeffSetAtomic
Chan009EqFreq002,1,9,2,,,4-band parametric EQ frequency,1206,lsn,255,127,,,,,,,Chan_Eq,,0=100/254=1000/[Log][0dp],,,,,1,1,1173,0x0495,,,,-,EqSafe,LinearFrames,12,12,Linear,CoeffSetAtomic
Chan010EqFreq002,1,10,2,,,4-band parametric EQ frequency,1207,lso,255,127,,,,,,,Chan_Eq,,0=100/254=1000/[Log][0dp],,,,,1,1,1317,0x0525,,,,-,EqSafe,LinearFrames,12,12,Linear,CoeffSetAtomic
Chan011EqFreq002,1,11,2,,,4-band parametric EQ frequency,1208,lsp,255,127,,,,,,,Chan_Eq,,0=100/254=1000/[Log][0dp],,,,,1,1,1461,0x05B5,,,,-,EqSafe,LinearFrames,12,12,Linear,CoeffSetAtomic
Chan012EqFreq002,1,12,2,,,4-band parametric EQ frequency,1209,lsq,255,127,,,,,,,Chan_Eq,,0=100/254=1000/[Log][0dp],,,,,1,1,1605,0x0645,,,,-,EqSafe,LinearFrames,12,12,Linear,CoeffSetAtomic
Chan013EqFreq002,1,13,2,,,4-band parametric EQ frequency,1210,lsr,255,127,,,,,,,Chan_Eq,,0=100/254=1000/[Log][0dp],,,,,1,1,1749,0x06D5,,,,-,EqSafe,LinearFrames,12,12,Linear,CoeffSetAtomic
Chan014EqFreq002,1,14,2,,,4-band parametric EQ frequency,1211,lss,255,127,,,,,,,Chan_Eq,,0=100/254=1000/[Log][0dp],,,,,1,1,1893,0x0765,,,,-,EqSafe,LinearFrames,12,12,Linear,CoeffSetAtomic
Chan015EqFreq002,1,15,2,,,4-band parametric EQ frequency,1212,lst,255,127,,,,,,,Chan_Eq,,0=100/254=1000/[Log][0dp],,,,,1,1,2037,0x07F5,,,,-,EqSafe,LinearFrames,12,12,Linear,CoeffSetAtomic
Chan016EqFreq002,1,16,2,,,4-band parametric EQ frequency,1213,lsu,255,127,,,,,,,Chan_Eq,,0=100/254=1000/[Log][0dp],,,,,1,1,2181,0x0885,,,,-,EqSafe,LinearFrames,12,12,Linear,CoeffSetAtomic
Chan017EqFreq002,1,17,2,,,4-band parametric EQ frequency,1214,lsv,255,127,,,,,,,Chan_Eq,,0=100/254=1000/[Log][0dp],,,,,1,1,2325,0x0915,,,,-,EqSafe,LinearFrames,12,12,Linear,CoeffSetAtomic
Chan018EqFreq002,1,18,2,,,4-band parametric EQ frequency,1215,lsw,255,127,,,,,,,Chan_Eq,,0=100/254=1000/[Log][0dp],,,,,1,1,2469,0x09A5,,,,-,EqSafe,LinearFrames,12,12,Linear,CoeffSetAtomic
Chan019EqFreq002,1,19,2,,,4-band parametric EQ frequency,1216,lth,255,127,,,,,,,Chan_Eq,,0=100/254=1000/[Log][0dp],,,,,1,1,2613,0x0A35,,,,-,EqSafe,LinearFrames,12,12,Linear,CoeffSetAtomic
Chan020EqFreq002,1,20,2,,,4-band parametric EQ frequency,1217,lti,255,127,,,,,,,Chan_Eq,,0=100/254=1000/[Log][0dp],,,,,1,1,2757,0x0AC5,,,,-,EqSafe,LinearFrames,12,12,Linear,CoeffSetAtomic
Chan021EqFreq002,1,21,2,,,4-band parametric EQ frequency,1218,ltj,255,127,,,,,,,Chan_Eq,,0=100/254=1000/[Log][0dp],,,,,1,1,2901,0x0B55,,,,-,EqSafe,LinearFrames,12,12,Linear,CoeffSetAtomic
Chan022EqFreq002,1,22,2,,,4-band parametric EQ frequency,1219,ltk,255,127,,,,,,,Chan_Eq,,0=100/254=1000/[Log][0dp],,,,,1,1,3045,0x0BE5,,,,-,EqSafe,LinearFrames,12,12,Linear,CoeffSetAtomic
Chan023EqFreq002,1,23,2,,,4-band parametric EQ frequency,1220,ltl,255,127,,,,,,,Chan_Eq,,0=100/254=1000/[Log][0dp],,,,,1,1,3189,0x0C75,,,,-,EqSafe,LinearFrames,12,12,Linear,CoeffSetAtomic
Chan024EqFreq002,1,24,2,,,4-band parametric EQ frequency,1221,ltm,255,127,,,,,,,Chan_Eq,,0=100/254=1000/[Log][0dp],,,,,1,1,3333,0x0D05,,,,-,EqSafe,LinearFrames,12,12,Linear,CoeffSetAtomic
Chan001EqFreq003,1,1,3,,,4-band parametric EQ frequency,1222,ltn,255,127,,,,,,,Chan_Eq,,0=800/254=5000/[Log][0dp],,,,,1,1,26,0x001A,,,,-,EqSafe,LinearFrames,12,12,Linear,CoeffSetAtomic
Chan002EqFreq003,1,2,3,,,4-band parametric EQ frequency,1223,lto,255,127,,,,,,,Chan_Eq,,0=800/254=5000/[Log][0dp],,,,,1,1,170,0x00AA,,,,-,EqSafe,LinearFrames,12,12,Linear,CoeffSetAtomic
Chan003EqFreq003,1,3,3,,,4-band parametric EQ frequency,1224,ltp,255,127,,,,,,,Chan_Eq,,0=800/254=5000/[Log][0dp],,,,,1,1,314,0x013A,,,,-,EqSafe,LinearFrames,12,12,Linear,CoeffSetAtomic
Chan004EqFreq003,1,4,3,,,4-band parametric EQ frequency,1225,ltq,255,127,,,,,,,Chan_Eq,,0=800/254=5000/[Log][0dp],,,,,1,1,458,0x01CA,,,,-,EqSafe,LinearFrames,12,12,Linear,CoeffSetAtomic
Chan005EqFreq003,1,5,3,,,4-band parametric EQ frequency,1226,ltr,255,127,,,,,,,Chan_Eq,,0=800/254=5000/[Log][0dp],,,,,1,1,602,0x025A,,,,-,EqSafe,LinearFrames,12,12,Linear,CoeffSetAtomic
Chan006EqFreq003,1,6,3,,,4-band parametric EQ frequency,1227,lts,255,127,,,,,,,Chan_Eq,,0=800/254=5000/[Log][0dp],,,,,1,1,746,0x02EA,,,,-,EqSafe,LinearFrames,12,12,Linear,CoeffSetAtomic
Chan007EqFreq003,1,7,3,,,4-band parametric EQ frequency,1228,ltt,255,127,,,,,,,Chan_Eq,,0=800/254=5000/[Log][0dp],,,,,1,1,890,0x037A,,,,-,EqSafe,LinearFrames,12,12,Linear,CoeffSetAtomic
Chan008EqFreq003,1,8,3,,,4-band parametric EQ frequency,1229,ltu,255,127,,,,,,,Chan_Eq,,0=800/254=5000/[Log][0dp],,,,,1,1,1034,0x040A,,,,-,EqSafe,LinearFrames,12,12,Linear,CoeffSetAtomic
Chan009EqFreq003,1,9,3,,,4-band parametric EQ frequency,1230,ltv,255,127,,,,,,,Chan_Eq,,0=800/254=5000/[Log][0dp],,,,,1,1,1178,0x049A,,,,-,EqSafe,LinearFrames,12,12,Linear,CoeffSetAtomic
Chan010EqFreq003,1,10,3,,,4-band parametric EQ frequency,1231,ltw,255,127,,,,,,,Chan_Eq,,0=800/254=5000/[Log][0dp],,,,,1,1,1322,0x052A,,,,-,EqSafe,LinearFrames,12,12,Linear,CoeffSetAtomic
Chan011EqFreq003,1,11,3,,,4-band parametric EQ frequency,1232,luh,255,127,,,,,,,Chan_Eq,,0=800/254=5000/[Log][0dp],,,,,1,1,1466,0x05BA,,,,-,EqSafe,LinearFrames,12,12,Linear,CoeffSetAtomic
Chan012EqFreq003,1,12,3,,,4-band parametric EQ frequency,1233,lui,255,127,,,,,,,Chan_Eq,,0=800/254=5000/[Log][0dp],,,,,1,1,1610,0x064A,,,,-,EqSafe,LinearFrames,12,12,Linear,CoeffSetAtomic
Chan013EqFreq003,1,13,3,,,4-band parametric EQ frequency,1234,luj,255,127,,,,,,,Chan_Eq,,0=800/254=5000/[Log][0dp],,,,,1,1,1754,0x06DA,,,,-,EqSafe,LinearFrames,12,12,Linear,CoeffSetAtomic
Chan014EqFreq003,1,14,3,,,4-band parametric EQ frequency,1235,luk,255,127,,,,,,,Chan_Eq,,0=800/254=5000/[Log][0dp],,,,,1,1,1898,0x076A,,,,-,EqSafe,LinearFrames,12,12,Linear,CoeffSetAtomic
Chan015EqFreq003,1,15,3,,,4-band parametric EQ frequency,1236,lul,255,127,,,,,,,Chan_Eq,,0=800/254=5000/[Log][0dp],,,,,1,1,2042,0x07FA,,,,-,EqSafe,LinearFrames,12,12,Linear,CoeffSetAtomic
Chan016EqFreq003,1,16,3,,,4-band parametric EQ frequency,1237,lum,255,127,,,,,,,Chan_Eq,,0=800/254=5000/[Log][0dp],,,,,1,1,2186,0x088A,,,,-,EqSafe,LinearFrames,12,12,Linear,CoeffSetAtomic
Chan017EqFreq003,1,17,3,,,4-band parametric EQ frequency,1238,lun,255,127,,,,,,,Chan_Eq,,0=800/254=5000/[Log][0dp],,,,,1,1,2330,0x091A,,,,-,EqSafe,LinearFrames,12,12,Linear,CoeffSetAtomic
Chan018EqFreq003,1,18,3,,,4-band parametric EQ frequency,1239,luo,255,127,,,,,,,Chan_Eq,,0=800/254=5000/[Log][0dp],,,,,1,1,2474,0x09AA,,,,-,EqSafe,LinearFrames,12,12,Linear,CoeffSetAtomic
Chan019EqFreq003,1,19,3,,,4-band parametric EQ frequency,1240,lup,255,127,,,,,,,Chan_Eq,,0=800/254=5000/[Log][0dp],,,,,1,1,2618,0x0A3A,,,,-,EqSafe,LinearFrames,12,12,Linear,CoeffSetAtomic
Chan020EqFreq003,1,20,3,,,4-band parametric EQ frequency,1241,luq,255,127,,,,,,,Chan_Eq,,0=800/254=5000/[Log][0dp],,,,,1,1,2762,0x0ACA,,,,-,EqSafe,LinearFrames,12,12,Linear,CoeffSetAtomic
Chan021EqFreq003,1,21,3,,,4-band parametric EQ frequency,1242,lur,255,127,,,,,,,Chan_Eq,,0=800/254=5000/[Log][0dp],,,,,1,1,2906,0x0B5A,,,,-,EqSafe,LinearFrames,12,12,Linear,CoeffSetAtomic
Chan022EqFreq003,1,22,3,,,4-band parametric EQ frequency,1243,lus,255,127,,,,,,,Chan_Eq,,0=800/254=5000/[Log][0dp],,,,,1,1,3050,0x0BEA,,,,-,EqSafe,LinearFrames,12,12,Linear,CoeffSetAtomic
Chan023EqFreq003,1,23,3,,,4-band parametric EQ frequency,1244,lut,255,127,,,,,,,Chan_Eq,,0=800/254=5000/[Log][0dp],,,,,1,1,3194,0x0C7A,,,,-,EqSafe,LinearFrames,12,12,Linear,CoeffSetAtomic
Chan024EqFreq003,1,24,3,,,4-band parametric EQ frequency,1245,luu,255,127,,,,,,,Chan_Eq,,0=800/254=5000/[Log][0dp],,,,,1,1,3338,0x0D0A,,,,-,EqSafe,LinearFrames,12,12,Linear,CoeffSetAtomic
Chan001EqFreq004,1,1,4,,,4-band parametric EQ frequency,1246,luv,255,127,,,,,,,Chan_Eq,,0=3000/254=20000/[Log][0dp],,,,,1,1,31,0x001F,,,,-,EqSafe,LinearFrames,12,12,Linear,CoeffSetAtomic
Chan002EqFreq004,1,2,4,,,4-band parametric EQ frequency,1247,luw,255,127,,,,,,,Chan_Eq,,0=3000/254=20000/[Log][0dp],,,,,1,1,175,0x00AF,,,,-,EqSafe,LinearFrames,12,12,Linear,CoeffSetAtomic
Chan003EqFreq004,1,3,4,,,4-band parametric EQ frequency,1248,lvh,255,127,,,,,,,Chan_Eq,,0=3000/254=20000/[Log][0dp],,,,,1,1,319,0x013F,,,,-,EqSafe,LinearFrames,12,12,Linear,CoeffSetAtomic
Chan004EqFreq004,1,4,4,,,4-band parametric EQ frequency,1249,lvi,255,127,,,,,,,Chan_Eq,,0=3000/254=20000/[Log][0dp],,,,,1,1,463,0x01CF,,,,-,EqSafe,LinearFrames,12,12,Linear,CoeffSetAtomic
Chan005EqFreq004,1,5,4,,,4-band parametric EQ frequency,1250,lvj,255,127,,,,,,,Chan_Eq,,0=3000/254=20000/[Log][0dp],,,,,1,1,607,0x025F,,,,-,EqSafe,LinearFrames,12,12,Linear,CoeffSetAtomic
Chan006EqFreq004,1,6,4,,,4-band parametric EQ frequency,1251,lvk,255,127,,,,,,,Chan_Eq,,0=3000/254=20000/[Log][0dp],,,,,1,1,751,0x02EF,,,,-,EqSafe,LinearFrames,12,12,Linear,CoeffSetAtomic
Chan007EqFreq004,1,7,4,,,4-band parametric EQ frequency,1252,lvl,255,127,,,,,,,Chan_Eq,,0=3000/254=20000/[Log][0dp],,,,,1,1,895,0x037F,,,,-,EqSafe,LinearFrames,12,12,Linear,CoeffSetAtomic
Chan008EqFreq004,1,8,4,,,4-band parametric EQ frequency,1253,lvm,255,127,,,,,,,Chan_Eq,,0=3000/254=20000/[Log][0dp],,,,,1,1,1039,0x040F,,,,-,EqSafe,LinearFrames,12,12,Linear,CoeffSetAtomic
Chan009EqFreq004,1,9,4,,,4-band parametric EQ frequency,1254,lvn,255,127,,,,,,,Chan_Eq,,0=3000/254=20000/[Log][0dp],,,,,1,1,1183,0x049F,,,,-,EqSafe,LinearFrames,12,12,Linear,CoeffSetAtomic
Chan010EqFreq004,1,10,4,,,4-band parametric EQ frequency,1255,lvo,255,127,,,,,,,Chan_Eq,,0=3000/254=20000/[Log][0dp],,,,,1,1,1327,0x052F,,,,-,EqSafe,LinearFrames,12,12,Linear,CoeffSetAtomic
Chan011EqFreq004,1,11,4,,,4-band parametric EQ frequency,1256,lvp,255,127,,,,,,,Chan_Eq,,0=3000/254=20000/[Log][0dp],,,,,1,1,1471,0x05BF,,,,-,EqSafe,LinearFrames,12,12,Linear,CoeffSetAtomic
Chan012EqFreq004,1,12,4,,,4-band parametric EQ frequency,1257,lvq,255,127,,,,,,,Chan_Eq,,0=3000/254=20000/[Log][0dp],,,,,1,1,1615,0x064F,,,,-,EqSafe,LinearFrames,12,12,Linear,CoeffSetAtomic
Chan013EqFreq004,1,13,4,,,4-band parametric EQ frequency,1258,lvr,255,127,,,,,,,Chan_Eq,,0=3000/254=20000/[Log][0dp],,,,,1,1,1759,0x06DF,,,,-,EqSafe,LinearFrames,12,12,Linear,CoeffSetAtomic
Chan014EqFreq004,1,14,4,,,4-band parametric EQ frequency,1259,lvs,255,127,,,,,,,Chan_Eq,,0=3000/254=20000/[Log][0dp],,,,,1,1,1903,0x076F,,,,-,EqSafe,LinearFrames,12,12,Linear,CoeffSetAtomic
Chan015EqFreq004,1,15,4,,,4-band parametric EQ frequency,1260,lvt,255,127,,,,,,,Chan_Eq,,0=3000/254=20000/[Log][0dp],,,,,1,1,2047,0x07FF,,,,-,EqSafe,LinearFrames,12,12,Linear,CoeffSetAtomic
Chan016EqFreq004,1,16,4,,,4-band parametric EQ frequency,1261,lvu,255,127,,,,,,,Chan_Eq,,0=3000/254=20000/[Log][0dp],,,,,1,1,2191,0x088F,,,,-,EqSafe,LinearFrames,12,12,Linear,CoeffSetAtomic
Chan017EqFreq004,1,17,4,,,4-band parametric EQ frequency,1262,lvv,255,127,,,,,,,Chan_Eq,,0=3000/254=20000/[Log][0dp],,,,,1,1,2335,0x091F,,,,-,EqSafe,LinearFrames,12,12,Linear,CoeffSetAtomic
Chan018EqFreq004,1,18,4,,,4-band parametric EQ frequency,1263,lvw,255,127,,,,,,,Chan_Eq,,0=3000/254=20000/[Log][0dp],,,,,1,1,2479,0x09AF,,,,-,EqSafe,LinearFrames,12,12,Linear,CoeffSetAtomic
Chan019EqFreq004,1,19,4,,,4-band parametric EQ frequency,1264,lwh,255,127,,,,,,,Chan_Eq,,0=3000/254=20000/[Log][0dp],,,,,1,1,2623,0x0A3F,,,,-,EqSafe,LinearFrames,12,12,Linear,CoeffSetAtomic
Chan020EqFreq004,1,20,4,,,4-band parametric EQ frequency,1265,lwi,255,127,,,,,,,Chan_Eq,,0=3000/254=20000/[Log][0dp],,,,,1,1,2767,0x0ACF,,,,-,EqSafe,LinearFrames,12,12,Linear,CoeffSetAtomic
Chan021EqFreq004,1,21,4,,,4-band parametric EQ frequency,1266,lwj,255,127,,,,,,,Chan_Eq,,0=3000/254=20000/[Log][0dp],,,,,1,1,2911,0x0B5F,,,,-,EqSafe,LinearFrames,12,12,Linear,CoeffSetAtomic
Chan022EqFreq004,1,22,4,,,4-band parametric EQ frequency,1267,lwk,255,127,,,,,,,Chan_Eq,,0=3000/254=20000/[Log][0dp],,,,,1,1,3055,0x0BEF,,,,-,EqSafe,LinearFrames,12,12,Linear,CoeffSetAtomic
Chan023EqFreq004,1,23,4,,,4-band parametric EQ frequency,1268,lwl,255,127,,,,,,,Chan_Eq,,0=3000/254=20000/[Log][0dp],,,,,1,1,3199,0x0C7F,,,,-,EqSafe,LinearFrames,12,12,Linear,CoeffSetAtomic
Chan024EqFreq004,1,24,4,,,4-band parametric EQ frequency,1269,lwm,255,127,,,,,,,Chan_Eq,,0=3000/254=20000/[Log][0dp],,,,,1,1,3343,0x0D0F,,,,-,EqSafe,LinearFrames,12,12,Linear,CoeffSetAtomic
Chan001EqGain001,1,1,1,,,4-band parametric EQ gain ±15dB,1270,lwn,121,60,,,,,,,Chan_Eq,,0=-15/120=15/[Lin][2dp],,,,,1,1,16,0x0010,,,,60,EqSafe,LinearFrames,12,12,Linear,CoeffSetAtomic
Chan001EqGain002,1,1,2,,,4-band parametric EQ gain ±15dB,1271,lwo,121,60,,,,,,,Chan_Eq,,0=-15/120=15/[Lin][2dp],,,,,1,1,21,0x0015,,,,60,EqSafe,LinearFrames,12,12,Linear,CoeffSetAtomic
Chan001EqGain003,1,1,3,,,4-band parametric EQ gain ±15dB,1272,lwp,121,60,,,,,,,Chan_Eq,,0=-15/120=15/[Lin][2dp],,,,,1,1,26,0x001A,,,,60,EqSafe,LinearFrames,12,12,Linear,CoeffSetAtomic
Chan001EqGain004,1,1,4,,,4-band parametric EQ gain ±15dB,1273,lwq,121,60,,,,,,,Chan_Eq,,0=-15/120=15/[Lin][2dp],,,,,1,1,31,0x001F,,,,60,EqSafe,LinearFrames,12,12,Linear,CoeffSetAtomic
Chan002EqGain001,1,2,1,,,4-band parametric EQ gain ±15dB,1274,lwr,121,60,,,,,,,Chan_Eq,,0=-15/120=15/[Lin][2dp],,,,,1,1,160,0x00A0,,,,60,EqSafe,LinearFrames,12,12,Linear,CoeffSetAtomic
Chan002EqGain002,1,2,2,,,4-band parametric EQ gain ±15dB,1275,lws,121,60,,,,,,,Chan_Eq,,0=-15/120=15/[Lin][2dp],,,,,1,1,165,0x00A5,,,,60,EqSafe,LinearFrames,12,12,Linear,CoeffSetAtomic
Chan002EqGain003,1,2,3,,,4-band parametric EQ gain ±15dB,1276,lwt,121,60,,,,,,,Chan_Eq,,0=-15/120=15/[Lin][2dp],,,,,1,1,170,0x00AA,,,,60,EqSafe,LinearFrames,12,12,Linear,CoeffSetAtomic
Chan002EqGain004,1,2,4,,,4-band parametric EQ gain ±15dB,1277,lwu,121,60,,,,,,,Chan_Eq,,0=-15/120=15/[Lin][2dp],,,,,1,1,175,0x00AF,,,,60,EqSafe,LinearFrames,12,12,Linear,CoeffSetAtomic
Chan003EqGain001,1,3,1,,,4-band parametric EQ gain ±15dB,1278,lwv,121,60,,,,,,,Chan_Eq,,0=-15/120=15/[Lin][2dp],,,,,1,1,304,0x0130,,,,60,EqSafe,LinearFrames,12,12,Linear,CoeffSetAtomic
Chan003EqGain002,1,3,2,,,4-band parametric EQ gain ±15dB,1279,lww,121,60,,,,,,,Chan_Eq,,0=-15/120=15/[Lin][2dp],,,,,1,1,309,0x0135,,,,60,EqSafe,LinearFrames,12,12,Linear,CoeffSetAtomic
Chan003EqGain003,1,3,3,,,4-band parametric EQ gain ±15dB,1280,mhh,121,60,,,,,,,Chan_Eq,,0=-15/120=15/[Lin][2dp],,,,,1,1,314,0x013A,,,,60,EqSafe,LinearFrames,12,12,Linear,CoeffSetAtomic
Chan003EqGain004,1,3,4,,,4-band parametric EQ gain ±15dB,1281,mhi,121,60,,,,,,,Chan_Eq,,0=-15/120=15/[Lin][2dp],,,,,1,1,319,0x013F,,,,60,EqSafe,LinearFrames,12,12,Linear,CoeffSetAtomic
Chan004EqGain001,1,4,1,,,4-band parametric EQ gain ±15dB,1282,mhj,121,60,,,,,,,Chan_Eq,,0=-15/120=15/[Lin][2dp],,,,,1,1,448,0x01C0,,,,60,EqSafe,LinearFrames,12,12,Linear,CoeffSetAtomic
Chan004EqGain002,1,4,2,,,4-band parametric EQ gain ±15dB,1283,mhk,121,60,,,,,,,Chan_Eq,,0=-15/120=15/[Lin][2dp],,,,,1,1,453,0x01C5,,,,60,EqSafe,LinearFrames,12,12,Linear,CoeffSetAtomic
Chan004EqGain003,1,4,3,,,4-band parametric EQ gain ±15dB,1284,mhl,121,60,,,,,,,Chan_Eq,,0=-15/120=15/[Lin][2dp],,,,,1,1,458,0x01CA,,,,60,EqSafe,LinearFrames,12,12,Linear,CoeffSetAtomic
Chan004EqGain004,1,4,4,,,4-band parametric EQ gain ±15dB,1285,mhm,121,60,,,,,,,Chan_Eq,,0=-15/120=15/[Lin][2dp],,,,,1,1,463,0x01CF,,,,60,EqSafe,LinearFrames,12,12,Linear,CoeffSetAtomic
Chan005EqGain001,1,5,1,,,4-band parametric EQ gain ±15dB,1286,mhn,121,60,,,,,,,Chan_Eq,,0=-15/120=15/[Lin][2dp],,,,,1,1,592,0x0250,,,,60,EqSafe,LinearFrames,12,12,Linear,CoeffSetAtomic
Chan005EqGain002,1,5,2,,,4-band parametric EQ gain ±15dB,1287,mho,121,60,,,,,,,Chan_Eq,,0=-15/120=15/[Lin][2dp],,,,,1,1,597,0x0255,,,,60,EqSafe,LinearFrames,12,12,Linear,CoeffSetAtomic
Chan005EqGain003,1,5,3,,,4-band parametric EQ gain ±15dB,1288,mhp,121,60,,,,,,,Chan_Eq,,0=-15/120=15/[Lin][2dp],,,,,1,1,602,0x025A,,,,60,EqSafe,LinearFrames,12,12,Linear,CoeffSetAtomic
Chan005EqGain004,1,5,4,,,4-band parametric EQ gain ±15dB,1289,mhq,121,60,,,,,,,Chan_Eq,,0=-15/120=15/[Lin][2dp],,,,,1,1,607,0x025F,,,,60,EqSafe,LinearFrames,12,12,Linear,CoeffSetAtomic
Chan006EqGain001,1,6,1,,,4-band parametric EQ gain ±15dB,1290,mhr,121,60,,,,,,,Chan_Eq,,0=-15/120=15/[Lin][2dp],,,,,1,1,736,0x02E0,,,,60,EqSafe,LinearFrames,12,12,Linear,CoeffSetAtomic
Chan006EqGain002,1,6,2,,,4-band parametric EQ gain ±15dB,1291,mhs,121,60,,,,,,,Chan_Eq,,0=-15/120=15/[Lin][2dp],,,,,1,1,741,0x02E5,,,,60,EqSafe,LinearFrames,12,12,Linear,CoeffSetAtomic
Chan006EqGain003,1,6,3,,,4-band parametric EQ gain ±15dB,1292,mht,121,60,,,,,,,Chan_Eq,,0=-15/120=15/[Lin][2dp],,,,,1,1,746,0x02EA,,,,60,EqSafe,LinearFrames,12,12,Linear,CoeffSetAtomic
Chan006EqGain004,1,6,4,,,4-band parametric EQ gain ±15dB,1293,mhu,121,60,,,,,,,Chan_Eq,,0=-15/120=15/[Lin][2dp],,,,,1,1,751,0x02EF,,,,60,EqSafe,LinearFrames,12,12,Linear,CoeffSetAtomic
Chan007EqGain001,1,7,1,,,4-band parametric EQ gain ±15dB,1294,mhv,121,60,,,,,,,Chan_Eq,,0=-15/120=15/[Lin][2dp],,,,,1,1,880,0x0370,,,,60,EqSafe,LinearFrames,12,12,Linear,CoeffSetAtomic
Chan007EqGain002,1,7,2,,,4-band parametric EQ gain ±15dB,1295,mhw,121,60,,,,,,,Chan_Eq,,0=-15/120=15/[Lin][2dp],,,,,1,1,885,0x0375,,,,60,EqSafe,LinearFrames,12,12,Linear,CoeffSetAtomic
Chan007EqGain003,1,7,3,,,4-band parametric EQ gain ±15dB,1296,mih,121,60,,,,,,,Chan_Eq,,0=-15/120=15/[Lin][2dp],,,,,1,1,890,0x037A,,,,60,EqSafe,LinearFrames,12,12,Linear,CoeffSetAtomic
Chan007EqGain004,1,7,4,,,4-band parametric EQ gain ±15dB,1297,mii,121,60,,,,,,,Chan_Eq,,0=-15/120=15/[Lin][2dp],,,,,1,1,895,0x037F,,,,60,EqSafe,LinearFrames,12,12,Linear,CoeffSetAtomic
Chan008EqGain001,1,8,1,,,4-band parametric EQ gain ±15dB,1298,mij,121,60,,,,,,,Chan_Eq,,0=-15/120=15/[Lin][2dp],,,,,1,1,1024,0x0400,,,,60,EqSafe,LinearFrames,12,12,Linear,CoeffSetAtomic
Chan008EqGain002,1,8,2,,,4-band parametric EQ gain ±15dB,1299,mik,121,60,,,,,,,Chan_Eq,,0=-15/120=15/[Lin][2dp],,,,,1,1,1029,0x0405,,,,60,EqSafe,LinearFrames,12,12,Linear,CoeffSetAtomic
Chan008EqGain003,1,8,3,,,4-band parametric EQ gain ±15dB,1300,mil,121,60,,,,,,,Chan_Eq,,0=-15/120=15/[Lin][2dp],,,,,1,1,1034,0x040A,,,,60,EqSafe,LinearFrames,12,12,Linear,CoeffSetAtomic
Chan008EqGain004,1,8,4,,,4-band parametric EQ gain ±15dB,1301,mim,121,60,,,,,,,Chan_Eq,,0=-15/120=15/[Lin][2dp],,,,,1,1,1039,0x040F,,,,60,EqSafe,LinearFrames,12,12,Linear,CoeffSetAtomic
Chan009EqGain001,1,9,1,,,4-band parametric EQ gain ±15dB,1302,min,121,60,,,,,,,Chan_Eq,,0=-15/120=15/[Lin][2dp],,,,,1,1,1168,0x0490,,,,60,EqSafe,LinearFrames,12,12,Linear,CoeffSetAtomic
Chan009EqGain002,1,9,2,,,4-band parametric EQ gain ±15dB,1303,mio,121,60,,,,,,,Chan_Eq,,0=-15/120=15/[Lin][2dp],,,,,1,1,1173,0x0495,,,,60,EqSafe,LinearFrames,12,12,Linear,CoeffSetAtomic
Chan009EqGain003,1,9,3,,,4-band parametric EQ gain ±15dB,1304,mip,121,60,,,,,,,Chan_Eq,,0=-15/120=15/[Lin][2dp],,,,,1,1,1178,0x049A,,,,60,EqSafe,LinearFrames,12,12,Linear,CoeffSetAtomic
Chan009EqGain004,1,9,4,,,4-band parametric EQ gain ±15dB,1305,miq,121,60,,,,,,,Chan_Eq,,0=-15/120=15/[Lin][2dp],,,,,1,1,1183,0x049F,,,,60,EqSafe,LinearFrames,12,12,Linear,CoeffSetAtomic
Chan010EqGain001,1,10,1,,,4-band parametric EQ gain ±15dB,1306,mir,121,60,,,,,,,Chan_Eq,,0=-15/120=15/[Lin][2dp],,,,,1,1,1312,0x0520,,,,60,EqSafe,LinearFrames,12,12,Linear,CoeffSetAtomic
Chan010EqGain002,1,10,2,,,4-band parametric EQ gain ±15dB,1307,mis,121,60,,,,,,,Chan_Eq,,0=-15/120=15/[Lin][2dp],,,,,1,1,1317,0x0525,,,,60,EqSafe,LinearFrames,12,12,Linear,CoeffSetAtomic
Chan010EqGain003,1,10,3,,,4-band parametric EQ gain ±15dB,1308,mit,121,60,,,,,,,Chan_Eq,,0=-15/120=15/[Lin][2dp],,,,,1,1,1322,0x052A,,,,60,EqSafe,LinearFrames,12,12,Linear,CoeffSetAtomic
Chan010EqGain004,1,10,4,,,4-band parametric EQ gain ±15dB,1309,miu,121,60,,,,,,,Chan_Eq,,0=-15/120=15/[Lin][2dp],,,,,1,1,1327,0x052F,,,,60,EqSafe,LinearFrames,12,12,Linear,CoeffSetAtomic
Chan011EqGain001,1,11,1,,,4-band parametric EQ gain ±15dB,1310,miv,121,60,,,,,,,Chan_Eq,,0=-15/120=15/[Lin][2dp],,,,,1,1,1456,0x05B0,,,,60,EqSafe,LinearFrames,12,12,Linear,CoeffSetAtomic
Chan011EqGain002,1,11,2,,,4-band parametric EQ gain ±15dB,1311,miw,121,60,,,,,,,Chan_Eq,,0=-15/120=15/[Lin][2dp],,,,,1,1,1461,0x05B5,,,,60,EqSafe,LinearFrames,12,12,Linear,CoeffSetAtomic
Chan011EqGain003,1,11,3,,,4-band parametric EQ gain ±15dB,1312,mjh,121,60,,,,,,,Chan_Eq,,0=-15/120=15/[Lin][2dp],,,,,1,1,1466,0x05BA,,,,60,EqSafe,LinearFrames,12,12,Linear,CoeffSetAtomic
Chan011EqGain004,1,11,4,,,4-band parametric EQ gain ±15dB,1313,mji,121,60,,,,,,,Chan_Eq,,0=-15/120=15/[Lin][2dp],,,,,1,1,1471,0x05BF,,,,60,EqSafe,LinearFrames,12,12,Linear,CoeffSetAtomic
Chan012EqGain001,1,12,1,,,4-band parametric EQ gain ±15dB,1314,mjj,121,60,,,,,,,Chan_Eq,,0=-15/120=15/[Lin][2dp],,,,,1,1,1600,0x0640,,,,60,EqSafe,LinearFrames,12,12,Linear,CoeffSetAtomic
Chan012EqGain002,1,12,2,,,4-band parametric EQ gain ±15dB,1315,mjk,121,60,,,,,,,Chan_Eq,,0=-15/120=15/[Lin][2dp],,,,,1,1,1605,0x0645,,,,60,EqSafe,LinearFrames,12,12,Linear,CoeffSetAtomic
Chan012EqGain003,1,12,3,,,4-band parametric EQ gain ±15dB,1316,mjl,121,60,,,,,,,Chan_Eq,,0=-15/120=15/[Lin][2dp],,,,,1,1,1610,0x064A,,,,60,EqSafe,LinearFrames,12,12,Linear,CoeffSetAtomic
Chan012EqGain004,1,12,4,,,4-band parametric EQ gain ±15dB,1317,mjm,121,60,,,,,,,Chan_Eq,,0=-15/120=15/[Lin][2dp],,,,,1,1,1615,0x064F,,,,60,EqSafe,LinearFrames,12,12,Linear,CoeffSetAtomic
Chan013EqGain001,1,13,1,,,4-band parametric EQ gain ±15dB,1318,mjn,121,60,,,,,,,Chan_Eq,,0=-15/120=15/[Lin][2dp],,,,,1,1,1744,0x06D0,,,,60,EqSafe,LinearFrames,12,12,Linear,CoeffSetAtomic
Chan013EqGain002,1,13,2,,,4-band parametric EQ gain ±15dB,1319,mjo,121,60,,,,,,,Chan_Eq,,0=-15/120=15/[Lin][2dp],,,,,1,1,1749,0x06D5,,,,60,EqSafe,LinearFrames,12,12,Linear,CoeffSetAtomic
Chan013EqGain003,1,13,3,,,4-band parametric EQ gain ±15dB,1320,mjp,121,60,,,,,,,Chan_Eq,,0=-15/120=15/[Lin][2dp],,,,,1,1,1754,0x06DA,,,,60,EqSafe,LinearFrames,12,12,Linear,CoeffSetAtomic
Chan013EqGain004,1,13,4,,,4-band parametric EQ gain ±15dB,1321,mjq,121,60,,,,,,,Chan_Eq,,0=-15/120=15/[Lin][2dp],,,,,1,1,1759,0x06DF,,,,60,EqSafe,LinearFrames,12,12,Linear,CoeffSetAtomic
Chan014EqGain001,1,14,1,,,4-band parametric EQ gain ±15dB,1322,mjr,121,60,,,,,,,Chan_Eq,,0=-15/120=15/[Lin][2dp],,,,,1,1,1888,0x0760,,,,60,EqSafe,LinearFrames,12,12,Linear,CoeffSetAtomic
Chan014EqGain002,1,14,2,,,4-band parametric EQ gain ±15dB,1323,mjs,121,60,,,,,,,Chan_Eq,,0=-15/120=15/[Lin][2dp],,,,,1,1,1893,0x0765,,,,60,EqSafe,LinearFrames,12,12,Linear,CoeffSetAtomic
Chan014EqGain003,1,14,3,,,4-band parametric EQ gain ±15dB,1324,mjt,121,60,,,,,,,Chan_Eq,,0=-15/120=15/[Lin][2dp],,,,,1,1,1898,0x076A,,,,60,EqSafe,LinearFrames,12,12,Linear,CoeffSetAtomic
Chan014EqGain004,1,14,4,,,4-band parametric EQ gain ±15dB,1325,mju,121,60,,,,,,,Chan_Eq,,0=-15/120=15/[Lin][2dp],,,,,1,1,1903,0x076F,,,,60,EqSafe,LinearFrames,12,12,Linear,CoeffSetAtomic
Chan015EqGain001,1,15,1,,,4-band parametric EQ gain ±15dB,1326,mjv,121,60,,,,,,,Chan_Eq,,0=-15/120=15/[Lin][2dp],,,,,1,1,2032,0x07F0,,,,60,EqSafe,LinearFrames,12,12,Linear,CoeffSetAtomic
Chan015EqGain002,1,15,2,,,4-band parametric EQ gain ±15dB,1327,mjw,121,60,,,,,,,Chan_Eq,,0=-15/120=15/[Lin][2dp],,,,,1,1,2037,0x07F5,,,,60,EqSafe,LinearFrames,12,12,Linear,CoeffSetAtomic
Chan015EqGain003,1,15,3,,,4-band parametric EQ gain ±15dB,1328,mkh,121,60,,,,,,,Chan_Eq,,0=-15/120=15/[Lin][2dp],,,,,1,1,2042,0x07FA,,,,60,EqSafe,LinearFrames,12,12,Linear,CoeffSetAtomic
Chan015EqGain004,1,15,4,,,4-band parametric EQ gain ±15dB,1329,mki,121,60,,,,,,,Chan_Eq,,0=-15/120=15/[Lin][2dp],,,,,1,1,2047,0x07FF,,,,60,EqSafe,LinearFrames,12,12,Linear,CoeffSetAtomic
Chan016EqGain001,1,16,1,,,4-band parametric EQ gain ±15dB,1330,mkj,121,60,,,,,,,Chan_Eq,,0=-15/120=15/[Lin][2dp],,,,,1,1,2176,0x0880,,,,60,EqSafe,LinearFrames,12,12,Linear,CoeffSetAtomic
Chan016EqGain002,1,16,2,,,4-band parametric EQ gain ±15dB,1331,mkk,121,60,,,,,,,Chan_Eq,,0=-15/120=15/[Lin][2dp],,,,,1,1,2181,0x0885,,,,60,EqSafe,LinearFrames,12,12,Linear,CoeffSetAtomic
Chan016EqGain003,1,16,3,,,4-band parametric EQ gain ±15dB,1332,mkl,121,60,,,,,,,Chan_Eq,,0=-15/120=15/[Lin][2dp],,,,,1,1,2186,0x088A,,,,60,EqSafe,LinearFrames,12,12,Linear,CoeffSetAtomic
Chan016EqGain004,1,16,4,,,4-band parametric EQ gain ±15dB,1333,mkm,121,60,,,,,,,Chan_Eq,,0=-15/120=15/[Lin][2dp],,,,,1,1,2191,0x088F,,,,60,EqSafe,LinearFrames,12,12,Linear,CoeffSetAtomic
Chan017EqGain001,1,17,1,,,4-band parametric EQ gain ±15dB,1334,mkn,121,60,,,,,,,Chan_Eq,,0=-15/120=15/[Lin][2dp],,,,,1,1,2320,0x0910,,,,60,EqSafe,LinearFrames,12,12,Linear,CoeffSetAtomic
Chan017EqGain002,1,17,2,,,4-band parametric EQ gain ±15dB,1335,mko,121,60,,,,,,,Chan_Eq,,0=-15/120=15/[Lin][2dp],,,,,1,1,2325,0x0915,,,,60,EqSafe,LinearFrames,12,12,Linear,CoeffSetAtomic
Chan017EqGain003,1,17,3,,,4-band parametric EQ gain ±15dB,1336,mkp,121,60,,,,,,,Chan_Eq,,0=-15/120=15/[Lin][2dp],,,,,1,1,2330,0x091A,,,,60,EqSafe,LinearFrames,12,12,Linear,CoeffSetAtomic
Chan017EqGain004,1,17,4,,,4-band parametric EQ gain ±15dB,1337,mkq,121,60,,,,,,,Chan_Eq,,0=-15/120=15/[Lin][2dp],,,,,1,1,2335,0x091F,,,,60,EqSafe,LinearFrames,12,12,Linear,CoeffSetAtomic
Chan018EqGain001,1,18,1,,,4-band parametric EQ gain ±15dB,1338,mkr,121,60,,,,,,,Chan_Eq,,0=-15/120=15/[Lin][2dp],,,,,1,1,2464,0x09A0,,,,60,EqSafe,LinearFrames,12,12,Linear,CoeffSetAtomic
Chan018EqGain002,1,18,2,,,4-band parametric EQ gain ±15dB,1339,mks,121,60,,,,,,,Chan_Eq,,0=-15/120=15/[Lin][2dp],,,,,1,1,2469,0x09A5,,,,60,EqSafe,LinearFrames,12,12,Linear,CoeffSetAtomic
Chan018EqGain003,1,18,3,,,4-band parametric EQ gain ±15dB,1340,mkt,121,60,,,,,,,Chan_Eq,,0=-15/120=15/[Lin][2dp],,,,,1,1,2474,0x09AA,,,,60,EqSafe,LinearFrames,12,12,Linear,CoeffSetAtomic
Chan018EqGain004,1,18,4,,,4-band parametric EQ gain ±15dB,1341,mku,121,60,,,,,,,Chan_Eq,,0=-15/120=15/[Lin][2dp],,,,,1,1,2479,0x09AF,,,,60,EqSafe,LinearFrames,12,12,Linear,CoeffSetAtomic
Chan019EqGain001,1,19,1,,,4-band parametric EQ gain ±15dB,1342,mkv,121,60,,,,,,,Chan_Eq,,0=-15/120=15/[Lin][2dp],,,,,1,1,2608,0x0A30,,,,60,EqSafe,LinearFrames,12,12,Linear,CoeffSetAtomic
Chan019EqGain002,1,19,2,,,4-band parametric EQ gain ±15dB,1343,mkw,121,60,,,,,,,Chan_Eq,,0=-15/120=15/[Lin][2dp],,,,,1,1,2613,0x0A35,,,,60,EqSafe,LinearFrames,12,12,Linear,CoeffSetAtomic
Chan019EqGain003,1,19,3,,,4-band parametric EQ gain ±15dB,1344,mlh,121,60,,,,,,,Chan_Eq,,0=-15/120=15/[Lin][2dp],,,,,1,1,2618,0x0A3A,,,,60,EqSafe,LinearFrames,12,12,Linear,CoeffSetAtomic
Chan019EqGain004,1,19,4,,,4-band parametric EQ gain ±15dB,1345,mli,121,60,,,,,,,Chan_Eq,,0=-15/120=15/[Lin][2dp],,,,,1,1,2623,0x0A3F,,,,60,EqSafe,LinearFrames,12,12,Linear,CoeffSetAtomic
Chan020EqGain001,1,20,1,,,4-band parametric EQ gain ±15dB,1346,mlj,121,60,,,,,,,Chan_Eq,,0=-15/120=15/[Lin][2dp],,,,,1,1,2752,0x0AC0,,,,60,EqSafe,LinearFrames,12,12,Linear,CoeffSetAtomic
Chan020EqGain002,1,20,2,,,4-band parametric EQ gain ±15dB,1347,mlk,121,60,,,,,,,Chan_Eq,,0=-15/120=15/[Lin][2dp],,,,,1,1,2757,0x0AC5,,,,60,EqSafe,LinearFrames,12,12,Linear,CoeffSetAtomic
Chan020EqGain003,1,20,3,,,4-band parametric EQ gain ±15dB,1348,mll,121,60,,,,,,,Chan_Eq,,0=-15/120=15/[Lin][2dp],,,,,1,1,2762,0x0ACA,,,,60,EqSafe,LinearFrames,12,12,Linear,CoeffSetAtomic
Chan020EqGain004,1,20,4,,,4-band parametric EQ gain ±15dB,1349,mlm,121,60,,,,,,,Chan_Eq,,0=-15/120=15/[Lin][2dp],,,,,1,1,2767,0x0ACF,,,,60,EqSafe,LinearFrames,12,12,Linear,CoeffSetAtomic
Chan021EqGain001,1,21,1,,,4-band parametric EQ gain ±15dB,1350,mln,121,60,,,,,,,Chan_Eq,,0=-15/120=15/[Lin][2dp],,,,,1,1,2896,0x0B50,,,,60,EqSafe,LinearFrames,12,12,Linear,CoeffSetAtomic
Chan021EqGain002,1,21,2,,,4-band parametric EQ gain ±15dB,1351,mlo,121,60,,,,,,,Chan_Eq,,0=-15/120=15/[Lin][2dp],,,,,1,1,2901,0x0B55,,,,60,EqSafe,LinearFrames,12,12,Linear,CoeffSetAtomic
Chan021EqGain003,1,21,3,,,4-band parametric EQ gain ±15dB,1352,mlp,121,60,,,,,,,Chan_Eq,,0=-15/120=15/[Lin][2dp],,,,,1,1,2906,0x0B5A,,,,60,EqSafe,LinearFrames,12,12,Linear,CoeffSetAtomic
Chan021EqGain004,1,21,4,,,4-band parametric EQ gain ±15dB,1353,mlq,121,60,,,,,,,Chan_Eq,,0=-15/120=15/[Lin][2dp],,,,,1,1,2911,0x0B5F,,,,60,EqSafe,LinearFrames,12,12,Linear,CoeffSetAtomic
Chan022EqGain001,1,22,1,,,4-band parametric EQ gain ±15dB,1354,mlr,121,60,,,,,,,Chan_Eq,,0=-15/120=15/[Lin][2dp],,,,,1,1,3040,0x0BE0,,,,60,EqSafe,LinearFrames,12,12,Linear,CoeffSetAtomic
Chan022EqGain002,1,22,2,,,4-band parametric EQ gain ±15dB,1355,mls,121,60,,,,,,,Chan_Eq,,0=-15/120=15/[Lin][2dp],,,,,1,1,3045,0x0BE5,,,,60,EqSafe,LinearFrames,12,12,Linear,CoeffSetAtomic
Chan022EqGain003,1,22,3,,,4-band parametric EQ gain ±15dB,1356,mlt,121,60,,,,,,,Chan_Eq,,0=-15/120=15/[Lin][2dp],,,,,1,1,3050,0x0BEA,,,,60,EqSafe,LinearFrames,12,12,Linear,CoeffSetAtomic
Chan022EqGain004,1,22,4,,,4-band parametric EQ gain ±15dB,1357,mlu,121,60,,,,,,,Chan_Eq,,0=-15/120=15/[Lin][2dp],,,,,1,1,3055,0x0BEF,,,,60,EqSafe,LinearFrames,12,12,Linear,CoeffSetAtomic
Chan023EqGain001,1,23,1,,,4-band parametric EQ gain ±15dB,1358,mlv,121,60,,,,,,,Chan_Eq,,0=-15/120=15/[Lin][2dp],,,,,1,1,3184,0x0C70,,,,60,EqSafe,LinearFrames,12,12,Linear,CoeffSetAtomic
Chan023EqGain002,1,23,2,,,4-band parametric EQ gain ±15dB,1359,mlw,121,60,,,,,,,Chan_Eq,,0=-15/120=15/[Lin][2dp],,,,,1,1,3189,0x0C75,,,,60,EqSafe,LinearFrames,12,12,Linear,CoeffSetAtomic
Chan023EqGain003,1,23,3,,,4-band parametric EQ gain ±15dB,1360,mmh,121,60,,,,,,,Chan_Eq,,0=-15/120=15/[Lin][2dp],,,,,1,1,3194,0x0C7A,,,,60,EqSafe,LinearFrames,12,12,Linear,CoeffSetAtomic
Chan023EqGain004,1,23,4,,,4-band parametric EQ gain ±15dB,1361,mmi,121,60,,,,,,,Chan_Eq,,0=-15/120=15/[Lin][2dp],,,,,1,1,3199,0x0C7F,,,,60,EqSafe,LinearFrames,12,12,Linear,CoeffSetAtomic
Chan024EqGain001,1,24,1,,,4-band parametric EQ gain ±15dB,1362,mmj,121,60,,,,,,,Chan_Eq,,0=-15/120=15/[Lin][2dp],,,,,1,1,3328,0x0D00,,,,60,EqSafe,LinearFrames,12,12,Linear,CoeffSetAtomic
Chan024EqGain002,1,24,2,,,4-band parametric EQ gain ±15dB,1363,mmk,121,60,,,,,,,Chan_Eq,,0=-15/120=15/[Lin][2dp],,,,,1,1,3333,0x0D05,,,,60,EqSafe,LinearFrames,12,12,Linear,CoeffSetAtomic
Chan024EqGain003,1,24,3,,,4-band parametric EQ gain ±15dB,1364,mml,121,60,,,,,,,Chan_Eq,,0=-15/120=15/[Lin][2dp],,,,,1,1,3338,0x0D0A,,,,60,EqSafe,LinearFrames,12,12,Linear,CoeffSetAtomic
Chan024EqGain004,1,24,4,,,4-band parametric EQ gain ±15dB,1365,mmm,121,60,,,,,,,Chan_Eq,,0=-15/120=15/[Lin][2dp],,,,,1,1,3343,0x0D0F,,,,60,EqSafe,LinearFrames,12,12,Linear,CoeffSetAtomic
Chan001EqHpf001,1,1,1,,,High-pass (low cut) filter frequency,1366,mmn,65,32,,,,,,,Chan_Eq,,0=20/64=1000/[Log][0dp],,,,,1,1,4,0x0004,,,,0,EqSafe,LinearFrames,12,12,Linear,CoeffSetAtomic
Chan002EqHpf001,1,2,1,,,High-pass (low cut) filter frequency,1367,mmo,65,32,,,,,,,Chan_Eq,,0=20/64=1000/[Log][0dp],,,,,1,1,148,0x0094,,,,0,EqSafe,LinearFrames,12,12,Linear,CoeffSetAtomic
Chan003EqHpf001,1,3,1,,,High-pass (low cut) filter frequency,1368,mmp,65,32,,,,,,,Chan_Eq,,0=20/64=1000/[Log][0dp],,,,,1,1,292,0x0124,,,,0,EqSafe,LinearFrames,12,12,Linear,CoeffSetAtomic
Chan004EqHpf001,1,4,1,,,High-pass (low cut) filter frequency,1369,mmq,65,32,,,,,,,Chan_Eq,,0=20/64=1000/[Log][0dp],,,,,1,1,436,0x01B4,,,,0,EqSafe,LinearFrames,12,12,Linear,CoeffSetAtomic
Chan005EqHpf001,1,5,1,,,High-pass (low cut) filter frequency,1370,mmr,65,32,,,,,,,Chan_Eq,,0=20/64=1000/[Log][0dp],,,,,1,1,580,0x0244,,,,0,EqSafe,LinearFrames,12,12,Linear,CoeffSetAtomic
Chan006EqHpf001,1,6,1,,,High-pass (low cut) filter frequency,1371,mms,65,32,,,,,,,Chan_Eq,,0=20/64=1000/[Log][0dp],,,,,1,1,724,0x02D4,,,,0,EqSafe,LinearFrames,12,12,Linear,CoeffSetAtomic
Chan007EqHpf001,1,7,1,,,High-pass (low cut) filter frequency,1372,mmt,65,32,,,,,,,Chan_Eq,,0=20/64=1000/[Log][0dp],,,,,1,1,868,0x0364,,,,0,EqSafe,LinearFrames,12,12,Linear,CoeffSetAtomic
Chan008EqHpf001,1,8,1,,,High-pass (low cut) filter frequency,1373,mmu,65,32,,,,,,,Chan_Eq,,0=20/64=1000/[Log][0dp],,,,,1,1,1012,0x03F4,,,,0,EqSafe,LinearFrames,12,12,Linear,CoeffSetAtomic
Chan009EqHpf001,1,9,1,,,High-pass (low cut) filter frequency,1374,mmv,65,32,,,,,,,Chan_Eq,,0=20/64=1000/[Log][0dp],,,,,1,1,1156,0x0484,,,,0,EqSafe,LinearFrames,12,12,Linear,CoeffSetAtomic
Chan010EqHpf001,1,10,1,,,High-pass (low cut) filter frequency,1375,mmw,65,32,,,,,,,Chan_Eq,,0=20/64=1000/[Log][0dp],,,,,1,1,1300,0x0514,,,,0,EqSafe,LinearFrames,12,12,Linear,CoeffSetAtomic
Chan011EqHpf001,1,11,1,,,High-pass (low cut) filter frequency,1376,mnh,65,32,,,,,,,Chan_Eq,,0=20/64=1000/[Log][0dp],,,,,1,1,1444,0x05A4,,,,0,EqSafe,LinearFrames,12,12,Linear,CoeffSetAtomic
Chan012EqHpf001,1,12,1,,,High-pass (low cut) filter frequency,1377,mni,65,32,,,,,,,Chan_Eq,,0=20/64=1000/[Log][0dp],,,,,1,1,1588,0x0634,,,,0,EqSafe,LinearFrames,12,12,Linear,CoeffSetAtomic
Chan013EqHpf001,1,13,1,,,High-pass (low cut) filter frequency,1378,mnj,65,32,,,,,,,Chan_Eq,,0=20/64=1000/[Log][0dp],,,,,1,1,1732,0x06C4,,,,0,EqSafe,LinearFrames,12,12,Linear,CoeffSetAtomic
Chan014EqHpf001,1,14,1,,,High-pass (low cut) filter frequency,1379,mnk,65,32,,,,,,,Chan_Eq,,0=20/64=1000/[Log][0dp],,,,,1,1,1876,0x0754,,,,0,EqSafe,LinearFrames,12,12,Linear,CoeffSetAtomic
Chan015EqHpf001,1,15,1,,,High-pass (low cut) filter frequency,1380,mnl,65,32,,,,,,,Chan_Eq,,0=20/64=1000/[Log][0dp],,,,,1,1,2020,0x07E4,,,,0,EqSafe,LinearFrames,12,12,Linear,CoeffSetAtomic
Chan016EqHpf001,1,16,1,,,High-pass (low cut) filter frequency,1381,mnm,65,32,,,,,,,Chan_Eq,,0=20/64=1000/[Log][0dp],,,,,1,1,2164,0x0874,,,,0,EqSafe,LinearFrames,12,12,Linear,CoeffSetAtomic
Chan017EqHpf001,1,17,1,,,High-pass (low cut) filter frequency,1382,mnn,65,32,,,,,,,Chan_Eq,,0=20/64=1000/[Log][0dp],,,,,1,1,2308,0x0904,,,,0,EqSafe,LinearFrames,12,12,Linear,CoeffSetAtomic
Chan018EqHpf001,1,18,1,,,High-pass (low cut) filter frequency,1383,mno,65,32,,,,,,,Chan_Eq,,0=20/64=1000/[Log][0dp],,,,,1,1,2452,0x0994,,,,0,EqSafe,LinearFrames,12,12,Linear,CoeffSetAtomic
Chan019EqHpf001,1,19,1,,,High-pass (low cut) filter frequency,1384,mnp,65,32,,,,,,,Chan_Eq,,0=20/64=1000/[Log][0dp],,,,,1,1,2596,0x0A24,,,,0,EqSafe,LinearFrames,12,12,Linear,CoeffSetAtomic
Chan020EqHpf001,1,20,1,,,High-pass (low cut) filter frequency,1385,mnq,65,32,,,,,,,Chan_Eq,,0=20/64=1000/[Log][0dp],,,,,1,1,2740,0x0AB4,,,,0,EqSafe,LinearFrames,12,12,Linear,CoeffSetAtomic
Chan021EqHpf001,1,21,1,,,High-pass (low cut) filter frequency,1386,mnr,65,32,,,,,,,Chan_Eq,,0=20/64=1000/[Log][0dp],,,,,1,1,2884,0x0B44,,,,0,EqSafe,LinearFrames,12,12,Linear,CoeffSetAtomic
Chan022EqHpf001,1,22,1,,,High-pass (low cut) filter frequency,1387,mns,65,32,,,,,,,Chan_Eq,,0=20/64=1000/[Log][0dp],,,,,1,1,3028,0x0BD4,,,,0,EqSafe,LinearFrames,12,12,Linear,CoeffSetAtomic
Chan023EqHpf001,1,23,1,,,High-pass (low cut) filter frequency,1388,mnt,65,32,,,,,,,Chan_Eq,,0=20/64=1000/[Log][0dp],,,,,1,1,3172,0x0C64,,,,0,EqSafe,LinearFrames,12,12,Linear,CoeffSetAtomic
Chan024EqHpf001,1,24,1,,,High-pass (low cut) filter frequency,1389,mnu,65,32,,,,,,,Chan_Eq,,0=20/64=1000/[Log][0dp],,,,,1,1,3316,0x0CF4,,,,0,EqSafe,LinearFrames,12,12,Linear,CoeffSetAtomic
Chan001EqHpfSlope001,1,1,1,,,HPF slope (6/12/18/24/36 dB/oct),1390,mnv,6,,,,,,,,Chan_Eq,,,,,,,1,1,4,0x0004,,,,-,InstantCtl,Instant,0,0,Linear,Scalar
Chan002EqHpfSlope001,1,2,1,,,HPF slope (6/12/18/24/36 dB/oct),1391,mnw,6,,,,,,,,Chan_Eq,,,,,,,1,1,148,0x0094,,,,-,InstantCtl,Instant,0,0,Linear,Scalar
Chan003EqHpfSlope001,1,3,1,,,HPF slope (6/12/18/24/36 dB/oct),1392,moh,6,,,,,,,,Chan_Eq,,,,,,,1,1,292,0x0124,,,,-,InstantCtl,Instant,0,0,Linear,Scalar
Chan004EqHpfSlope001,1,4,1,,,HPF slope (6/12/18/24/36 dB/oct),1393,moi,6,,,,,,,,Chan_Eq,,,,,,,1,1,436,0x01B4,,,,-,InstantCtl,Instant,0,0,Linear,Scalar
Chan005EqHpfSlope001,1,5,1,,,HPF slope (6/12/18/24/36 dB/oct),1394,moj,6,,,,,,,,Chan_Eq,,,,,,,1,1,580,0x0244,,,,-,InstantCtl,Instant,0,0,Linear,Scalar
Chan006EqHpfSlope001,1,6,1,,,HPF slope (6/12/18/24/36 dB/oct),1395,mok,6,,,,,,,,Chan_Eq,,,,,,,1,1,724,0x02D4,,,,-,InstantCtl,Instant,0,0,Linear,Scalar
Chan007EqHpfSlope001,1,7,1,,,HPF slope (6/12/18/24/36 dB/oct),1396,mol,6,,,,,,,,Chan_Eq,,,,,,,1,1,868,0x0364,,,,-,InstantCtl,Instant,0,0,Linear,Scalar
Chan008EqHpfSlope001,1,8,1,,,HPF slope (6/12/18/24/36 dB/oct),1397,mom,6,,,,,,,,Chan_Eq,,,,,,,1,1,1012,0x03F4,,,,-,InstantCtl,Instant,0,0,Linear,Scalar
Chan009EqHpfSlope001,1,9,1,,,HPF slope (6/12/18/24/36 dB/oct),1398,mon,6,,,,,,,,Chan_Eq,,,,,,,1,1,1156,0x0484,,,,-,InstantCtl,Instant,0,0,Linear,Scalar
Chan010EqHpfSlope001,1,10,1,,,HPF slope (6/12/18/24/36 dB/oct),1399,moo,6,,,,,,,,Chan_Eq,,,,,,,1,1,1300,0x0514,,,,-,InstantCtl,Instant,0,0,Linear,Scalar
Chan011EqHpfSlope001,1,11,1,,,HPF slope (6/12/18/24/36 dB/oct),1400,mop,6,,,,,,,,Chan_Eq,,,,,,,1,1,1444,0x05A4,,,,-,InstantCtl,Instant,0,0,Linear,Scalar
Chan012EqHpfSlope001,1,12,1,,,HPF slope (6/12/18/24/36 dB/oct),1401,moq,6,,,,,,,,Chan_Eq,,,,,,,1,1,1588,0x0634,,,,-,InstantCtl,Instant,0,0,Linear,Scalar
Chan013EqHpfSlope001,1,13,1,,,HPF slope (6/12/18/24/36 dB/oct),1402,mor,6,,,,,,,,Chan_Eq,,,,,,,1,1,1732,0x06C4,,,,-,InstantCtl,Instant,0,0,Linear,Scalar
Chan014EqHpfSlope001,1,14,1,,,HPF slope (6/12/18/24/36 dB/oct),1403,mos,6,,,,,,,,Chan_Eq,,,,,,,1,1,1876,0x0754,,,,-,InstantCtl,Instant,0,0,Linear,Scalar
Chan015EqHpfSlope001,1,15,1,,,HPF slope (6/12/18/24/36 dB/oct),1404,mot,6,,,,,,,,Chan_Eq,,,,,,,1,1,2020,0x07E4,,,,-,InstantCtl,Instant,0,0,Linear,Scalar
Chan016EqHpfSlope001,1,16,1,,,HPF slope (6/12/18/24/36 dB/oct),1405,mou,6,,,,,,,,Chan_Eq,,,,,,,1,1,2164,0x0874,,,,-,InstantCtl,Instant,0,0,Linear,Scalar
Chan017EqHpfSlope001,1,17,1,,,HPF slope (6/12/18/24/36 dB/oct),1406,mov,6,,,,,,,,Chan_Eq,,,,,,,1,1,2308,0x0904,,,,-,InstantCtl,Instant,0,0,Linear,Scalar
Chan018EqHpfSlope001,1,18,1,,,HPF slope (6/12/18/24/36 dB/oct),1407,mow,6,,,,,,,,Chan_Eq,,,,,,,1,1,2452,0x0994,,,,-,InstantCtl,Instant,0,0,Linear,Scalar
Chan019EqHpfSlope001,1,19,1,,,HPF slope (6/12/18/24/36 dB/oct),1408,mph,6,,,,,,,,Chan_Eq,,,,,,,1,1,2596,0x0A24,,,,-,InstantCtl,Instant,0,0,Linear,Scalar
Chan020EqHpfSlope001,1,20,1,,,HPF slope (6/12/18/24/36 dB/oct),1409,mpi,6,,,,,,,,Chan_Eq,,,,,,,1,1,2740,0x0AB4,,,,-,InstantCtl,Instant,0,0,Linear,Scalar
Chan021EqHpfSlope001,1,21,1,,,HPF slope (6/12/18/24/36 dB/oct),1410,mpj,6,,,,,,,,Chan_Eq,,,,,,,1,1,2884,0x0B44,,,,-,InstantCtl,Instant,0,0,Linear,Scalar
Chan022EqHpfSlope001,1,22,1,,,HPF slope (6/12/18/24/36 dB/oct),1411,mpk,6,,,,,,,,Chan_Eq,,,,,,,1,1,3028,0x0BD4,,,,-,InstantCtl,Instant,0,0,Linear,Scalar
Chan023EqHpfSlope001,1,23,1,,,HPF slope (6/12/18/24/36 dB/oct),1412,mpl,6,,,,,,,,Chan_Eq,,,,,,,1,1,3172,0x0C64,,,,-,InstantCtl,Instant,0,0,Linear,Scalar
Chan024EqHpfSlope001,1,24,1,,,HPF slope (6/12/18/24/36 dB/oct),1413,mpm,6,,,,,,,,Chan_Eq,,,,,,,1,1,3316,0x0CF4,,,,-,InstantCtl,Instant,0,0,Linear,Scalar
Chan001EqLpf001,1,1,1,,,Low-pass (high cut) filter frequency,1414,mpn,255,127,,,,,,,Chan_Eq,,0=1000/127=20000/[Log][0dp],,,,,1,1,10,0x000A,,,,254,EqSafe,LinearFrames,12,12,Linear,CoeffSetAtomic
Chan002EqLpf001,1,2,1,,,Low-pass (high cut) filter frequency,1415,mpo,255,127,,,,,,,Chan_Eq,,0=1000/127=20000/[Log][0dp],,,,,1,1,154,0x009A,,,,254,EqSafe,LinearFrames,12,12,Linear,CoeffSetAtomic
Chan003EqLpf001,1,3,1,,,Low-pass (high cut) filter frequency,1416,mpp,255,127,,,,,,,Chan_Eq,,0=1000/127=20000/[Log][0dp],,,,,1,1,298,0x012A,,,,254,EqSafe,LinearFrames,12,12,Linear,CoeffSetAtomic
Chan004EqLpf001,1,4,1,,,Low-pass (high cut) filter frequency,1417,mpq,255,127,,,,,,,Chan_Eq,,0=1000/127=20000/[Log][0dp],,,,,1,1,442,0x01BA,,,,254,EqSafe,LinearFrames,12,12,Linear,CoeffSetAtomic
Chan005EqLpf001,1,5,1,,,Low-pass (high cut) filter frequency,1418,mpr,255,127,,,,,,,Chan_Eq,,0=1000/127=20000/[Log][0dp],,,,,1,1,586,0x024A,,,,254,EqSafe,LinearFrames,12,12,Linear,CoeffSetAtomic
Chan006EqLpf001,1,6,1,,,Low-pass (high cut) filter frequency,1419,mps,255,127,,,,,,,Chan_Eq,,0=1000/127=20000/[Log][0dp],,,,,1,1,730,0x02DA,,,,254,EqSafe,LinearFrames,12,12,Linear,CoeffSetAtomic
Chan007EqLpf001,1,7,1,,,Low-pass (high cut) filter frequency,1420,mpt,255,127,,,,,,,Chan_Eq,,0=1000/127=20000/[Log][0dp],,,,,1,1,874,0x036A,,,,254,EqSafe,LinearFrames,12,12,Linear,CoeffSetAtomic
Chan008EqLpf001,1,8,1,,,Low-pass (high cut) filter frequency,1421,mpu,255,127,,,,,,,Chan_Eq,,0=1000/127=20000/[Log][0dp],,,,,1,1,1018,0x03FA,,,,254,EqSafe,LinearFrames,12,12,Linear,CoeffSetAtomic
Chan009EqLpf001,1,9,1,,,Low-pass (high cut) filter frequency,1422,mpv,255,127,,,,,,,Chan_Eq,,0=1000/127=20000/[Log][0dp],,,,,1,1,1162,0x048A,,,,254,EqSafe,LinearFrames,12,12,Linear,CoeffSetAtomic
Chan010EqLpf001,1,10,1,,,Low-pass (high cut) filter frequency,1423,mpw,255,127,,,,,,,Chan_Eq,,0=1000/127=20000/[Log][0dp],,,,,1,1,1306,0x051A,,,,254,EqSafe,LinearFrames,12,12,Linear,CoeffSetAtomic
Chan011EqLpf001,1,11,1,,,Low-pass (high cut) filter frequency,1424,mqh,255,127,,,,,,,Chan_Eq,,0=1000/127=20000/[Log][0dp],,,,,1,1,1450,0x05AA,,,,254,EqSafe,LinearFrames,12,12,Linear,CoeffSetAtomic
Chan012EqLpf001,1,12,1,,,Low-pass (high cut) filter frequency,1425,mqi,255,127,,,,,,,Chan_Eq,,0=1000/127=20000/[Log][0dp],,,,,1,1,1594,0x063A,,,,254,EqSafe,LinearFrames,12,12,Linear,CoeffSetAtomic
Chan013EqLpf001,1,13,1,,,Low-pass (high cut) filter frequency,1426,mqj,255,127,,,,,,,Chan_Eq,,0=1000/127=20000/[Log][0dp],,,,,1,1,1738,0x06CA,,,,254,EqSafe,LinearFrames,12,12,Linear,CoeffSetAtomic
Chan014EqLpf001,1,14,1,,,Low-pass (high cut) filter frequency,1427,mqk,255,127,,,,,,,Chan_Eq,,0=1000/127=20000/[Log][0dp],,,,,1,1,1882,0x075A,,,,254,EqSafe,LinearFrames,12,12,Linear,CoeffSetAtomic
Chan015EqLpf001,1,15,1,,,Low-pass (high cut) filter frequency,1428,mql,255,127,,,,,,,Chan_Eq,,0=1000/127=20000/[Log][0dp],,,,,1,1,2026,0x07EA,,,,254,EqSafe,LinearFrames,12,12,Linear,CoeffSetAtomic
Chan016EqLpf001,1,16,1,,,Low-pass (high cut) filter frequency,1429,mqm,255,127,,,,,,,Chan_Eq,,0=1000/127=20000/[Log][0dp],,,,,1,1,2170,0x087A,,,,254,EqSafe,LinearFrames,12,12,Linear,CoeffSetAtomic
Chan017EqLpf001,1,17,1,,,Low-pass (high cut) filter frequency,1430,mqn,255,127,,,,,,,Chan_Eq,,0=1000/127=20000/[Log][0dp],,,,,1,1,2314,0x090A,,,,254,EqSafe,LinearFrames,12,12,Linear,CoeffSetAtomic
Chan018EqLpf001,1,18,1,,,Low-pass (high cut) filter frequency,1431,mqo,255,127,,,,,,,Chan_Eq,,0=1000/127=20000/[Log][0dp],,,,,1,1,2458,0x099A,,,,254,EqSafe,LinearFrames,12,12,Linear,CoeffSetAtomic
Chan019EqLpf001,1,19,1,,,Low-pass (high cut) filter frequency,1432,mqp,255,127,,,,,,,Chan_Eq,,0=1000/127=20000/[Log][0dp],,,,,1,1,2602,0x0A2A,,,,254,EqSafe,LinearFrames,12,12,Linear,CoeffSetAtomic
Chan020EqLpf001,1,20,1,,,Low-pass (high cut) filter frequency,1433,mqq,255,127,,,,,,,Chan_Eq,,0=1000/127=20000/[Log][0dp],,,,,1,1,2746,0x0ABA,,,,254,EqSafe,LinearFrames,12,12,Linear,CoeffSetAtomic
Chan021EqLpf001,1,21,1,,,Low-pass (high cut) filter frequency,1434,mqr,255,127,,,,,,,Chan_Eq,,0=1000/127=20000/[Log][0dp],,,,,1,1,2890,0x0B4A,,,,254,EqSafe,LinearFrames,12,12,Linear,CoeffSetAtomic
Chan022EqLpf001,1,22,1,,,Low-pass (high cut) filter frequency,1435,mqs,255,127,,,,,,,Chan_Eq,,0=1000/127=20000/[Log][0dp],,,,,1,1,3034,0x0BDA,,,,254,EqSafe,LinearFrames,12,12,Linear,CoeffSetAtomic
Chan023EqLpf001,1,23,1,,,Low-pass (high cut) filter frequency,1436,mqt,255,127,,,,,,,Chan_Eq,,0=1000/127=20000/[Log][0dp],,,,,1,1,3178,0x0C6A,,,,254,EqSafe,LinearFrames,12,12,Linear,CoeffSetAtomic
Chan024EqLpf001,1,24,1,,,Low-pass (high cut) filter frequency,1437,mqu,255,127,,,,,,,Chan_Eq,,0=1000/127=20000/[Log][0dp],,,,,1,1,3322,0x0CFA,,,,254,EqSafe,LinearFrames,12,12,Linear,CoeffSetAtomic
Chan001EqOn001,1,1,1,,,Channel EQ on/off,1438,mqv,2,,,,,,,,Chan_Eq,,,,,,,1,1,37,0x0025,,,,0,InstantCtl,Instant,0,0,Linear,Scalar
Chan002EqOn001,1,2,1,,,Channel EQ on/off,1439,mqw,2,,,,,,,,Chan_Eq,,,,,,,1,1,181,0x00B5,,,,0,InstantCtl,Instant,0,0,Linear,Scalar
Chan003EqOn001,1,3,1,,,Channel EQ on/off,1440,mrh,2,,,,,,,,Chan_Eq,,,,,,,1,1,325,0x0145,,,,0,InstantCtl,Instant,0,0,Linear,Scalar
Chan004EqOn001,1,4,1,,,Channel EQ on/off,1441,mri,2,,,,,,,,Chan_Eq,,,,,,,1,1,469,0x01D5,,,,0,InstantCtl,Instant,0,0,Linear,Scalar
Chan005EqOn001,1,5,1,,,Channel EQ on/off,1442,mrj,2,,,,,,,,Chan_Eq,,,,,,,1,1,613,0x0265,,,,0,InstantCtl,Instant,0,0,Linear,Scalar
Chan006EqOn001,1,6,1,,,Channel EQ on/off,1443,mrk,2,,,,,,,,Chan_Eq,,,,,,,1,1,757,0x02F5,,,,0,InstantCtl,Instant,0,0,Linear,Scalar
Chan007EqOn001,1,7,1,,,Channel EQ on/off,1444,mrl,2,,,,,,,,Chan_Eq,,,,,,,1,1,901,0x0385,,,,0,InstantCtl,Instant,0,0,Linear,Scalar
Chan008EqOn001,1,8,1,,,Channel EQ on/off,1445,mrm,2,,,,,,,,Chan_Eq,,,,,,,1,1,1045,0x0415,,,,0,InstantCtl,Instant,0,0,Linear,Scalar
Chan009EqOn001,1,9,1,,,Channel EQ on/off,1446,mrn,2,,,,,,,,Chan_Eq,,,,,,,1,1,1189,0x04A5,,,,0,InstantCtl,Instant,0,0,Linear,Scalar
Chan010EqOn001,1,10,1,,,Channel EQ on/off,1447,mro,2,,,,,,,,Chan_Eq,,,,,,,1,1,1333,0x0535,,,,0,InstantCtl,Instant,0,0,Linear,Scalar
Chan011EqOn001,1,11,1,,,Channel EQ on/off,1448,mrp,2,,,,,,,,Chan_Eq,,,,,,,1,1,1477,0x05C5,,,,0,InstantCtl,Instant,0,0,Linear,Scalar
Chan012EqOn001,1,12,1,,,Channel EQ on/off,1449,mrq,2,,,,,,,,Chan_Eq,,,,,,,1,1,1621,0x0655,,,,0,InstantCtl,Instant,0,0,Linear,Scalar
Chan013EqOn001,1,13,1,,,Channel EQ on/off,1450,mrr,2,,,,,,,,Chan_Eq,,,,,,,1,1,1765,0x06E5,,,,0,InstantCtl,Instant,0,0,Linear,Scalar
Chan014EqOn001,1,14,1,,,Channel EQ on/off,1451,mrs,2,,,,,,,,Chan_Eq,,,,,,,1,1,1909,0x0775,,,,0,InstantCtl,Instant,0,0,Linear,Scalar
Chan015EqOn001,1,15,1,,,Channel EQ on/off,1452,mrt,2,,,,,,,,Chan_Eq,,,,,,,1,1,2053,0x0805,,,,0,InstantCtl,Instant,0,0,Linear,Scalar
Chan016EqOn001,1,16,1,,,Channel EQ on/off,1453,mru,2,,,,,,,,Chan_Eq,,,,,,,1,1,2197,0x0895,,,,0,InstantCtl,Instant,0,0,Linear,Scalar
Chan017EqOn001,1,17,1,,,Channel EQ on/off,1454,mrv,2,,,,,,,,Chan_Eq,,,,,,,1,1,2341,0x0925,,,,0,InstantCtl,Instant,0,0,Linear,Scalar
Chan018EqOn001,1,18,1,,,Channel EQ on/off,1455,mrw,2,,,,,,,,Chan_Eq,,,,,,,1,1,2485,0x09B5,,,,0,InstantCtl,Instant,0,0,Linear,Scalar
Chan019EqOn001,1,19,1,,,Channel EQ on/off,1456,msh,2,,,,,,,,Chan_Eq,,,,,,,1,1,2629,0x0A45,,,,0,InstantCtl,Instant,0,0,Linear,Scalar
Chan020EqOn001,1,20,1,,,Channel EQ on/off,1457,msi,2,,,,,,,,Chan_Eq,,,,,,,1,1,2773,0x0AD5,,,,0,InstantCtl,Instant,0,0,Linear,Scalar
Chan021EqOn001,1,21,1,,,Channel EQ on/off,1458,msj,2,,,,,,,,Chan_Eq,,,,,,,1,1,2917,0x0B65,,,,0,InstantCtl,Instant,0,0,Linear,Scalar
Chan022EqOn001,1,22,1,,,Channel EQ on/off,1459,msk,2,,,,,,,,Chan_Eq,,,,,,,1,1,3061,0x0BF5,,,,0,InstantCtl,Instant,0,0,Linear,Scalar
Chan023EqOn001,1,23,1,,,Channel EQ on/off,1460,msl,2,,,,,,,,Chan_Eq,,,,,,,1,1,3205,0x0C85,,,,0,InstantCtl,Instant,0,0,Linear,Scalar
Chan024EqOn001,1,24,1,,,Channel EQ on/off,1461,msm,2,,,,,,,,Chan_Eq,,,,,,,1,1,3349,0x0D15,,,,0,InstantCtl,Instant,0,0,Linear,Scalar
Chan001EqQ001,1,1,1,,,4-band parametric EQ Q/bandwidth,1462,msn,121,60,,,,,,,Chan_Eq,,0=0.1/120=10/[Log][2dp],,,,,1,1,16,0x0010,,,,-,EqSafe,LinearFrames,12,12,Linear,CoeffSetAtomic
Chan001EqQ002,1,1,2,,,4-band parametric EQ Q/bandwidth,1463,mso,121,60,,,,,,,Chan_Eq,,0=0.1/120=10/[Log][2dp],,,,,1,1,21,0x0015,,,,-,EqSafe,LinearFrames,12,12,Linear,CoeffSetAtomic
Chan001EqQ003,1,1,3,,,4-band parametric EQ Q/bandwidth,1464,msp,121,60,,,,,,,Chan_Eq,,0=0.1/120=10/[Log][2dp],,,,,1,1,26,0x001A,,,,-,EqSafe,LinearFrames,12,12,Linear,CoeffSetAtomic
Chan001EqQ004,1,1,4,,,4-band parametric EQ Q/bandwidth,1465,msq,121,60,,,,,,,Chan_Eq,,0=0.1/120=10/[Log][2dp],,,,,1,1,31,0x001F,,,,-,EqSafe,LinearFrames,12,12,Linear,CoeffSetAtomic
Chan002EqQ001,1,2,1,,,4-band parametric EQ Q/bandwidth,1466,msr,121,60,,,,,,,Chan_Eq,,0=0.1/120=10/[Log][2dp],,,,,1,1,160,0x00A0,,,,-,EqSafe,LinearFrames,12,12,Linear,CoeffSetAtomic
Chan002EqQ002,1,2,2,,,4-band parametric EQ Q/bandwidth,1467,mss,121,60,,,,,,,Chan_Eq,,0=0.1/120=10/[Log][2dp],,,,,1,1,165,0x00A5,,,,-,EqSafe,LinearFrames,12,12,Linear,CoeffSetAtomic
Chan002EqQ003,1,2,3,,,4-band parametric EQ Q/bandwidth,1468,mst,121,60,,,,,,,Chan_Eq,,0=0.1/120=10/[Log][2dp],,,,,1,1,170,0x00AA,,,,-,EqSafe,LinearFrames,12,12,Linear,CoeffSetAtomic
Chan002EqQ004,1,2,4,,,4-band parametric EQ Q/bandwidth,1469,msu,121,60,,,,,,,Chan_Eq,,0=0.1/120=10/[Log][2dp],,,,,1,1,175,0x00AF,,,,-,EqSafe,LinearFrames,12,12,Linear,CoeffSetAtomic
Chan003EqQ001,1,3,1,,,4-band parametric EQ Q/bandwidth,1470,msv,121,60,,,,,,,Chan_Eq,,0=0.1/120=10/[Log][2dp],,,,,1,1,304,0x0130,,,,-,EqSafe,LinearFrames,12,12,Linear,CoeffSetAtomic
Chan003EqQ002,1,3,2,,,4-band parametric EQ Q/bandwidth,1471,msw,121,60,,,,,,,Chan_Eq,,0=0.1/120=10/[Log][2dp],,,,,1,1,309,0x0135,,,,-,EqSafe,LinearFrames,12,12,Linear,CoeffSetAtomic
Chan003EqQ003,1,3,3,,,4-band parametric EQ Q/bandwidth,1472,mth,121,60,,,,,,,Chan_Eq,,0=0.1/120=10/[Log][2dp],,,,,1,1,314,0x013A,,,,-,EqSafe,LinearFrames,12,12,Linear,CoeffSetAtomic
Chan003EqQ004,1,3,4,,,4-band parametric EQ Q/bandwidth,1473,mti,121,60,,,,,,,Chan_Eq,,0=0.1/120=10/[Log][2dp],,,,,1,1,319,0x013F,,,,-,EqSafe,LinearFrames,12,12,Linear,CoeffSetAtomic
Chan004EqQ001,1,4,1,,,4-band parametric EQ Q/bandwidth,1474,mtj,121,60,,,,,,,Chan_Eq,,0=0.1/120=10/[Log][2dp],,,,,1,1,448,0x01C0,,,,-,EqSafe,LinearFrames,12,12,Linear,CoeffSetAtomic
Chan004EqQ002,1,4,2,,,4-band parametric EQ Q/bandwidth,1475,mtk,121,60,,,,,,,Chan_Eq,,0=0.1/120=10/[Log][2dp],,,,,1,1,453,0x01C5,,,,-,EqSafe,LinearFrames,12,12,Linear,CoeffSetAtomic
Chan004EqQ003,1,4,3,,,4-band parametric EQ Q/bandwidth,1476,mtl,121,60,,,,,,,Chan_Eq,,0=0.1/120=10/[Log][2dp],,,,,1,1,458,0x01CA,,,,-,EqSafe,LinearFrames,12,12,Linear,CoeffSetAtomic
Chan004EqQ004,1,4,4,,,4-band parametric EQ Q/bandwidth,1477,mtm,121,60,,,,,,,Chan_Eq,,0=0.1/120=10/[Log][2dp],,,,,1,1,463,0x01CF,,,,-,EqSafe,LinearFrames,12,12,Linear,CoeffSetAtomic
Chan005EqQ001,1,5,1,,,4-band parametric EQ Q/bandwidth,1478,mtn,121,60,,,,,,,Chan_Eq,,0=0.1/120=10/[Log][2dp],,,,,1,1,592,0x0250,,,,-,EqSafe,LinearFrames,12,12,Linear,CoeffSetAtomic
Chan005EqQ002,1,5,2,,,4-band parametric EQ Q/bandwidth,1479,mto,121,60,,,,,,,Chan_Eq,,0=0.1/120=10/[Log][2dp],,,,,1,1,597,0x0255,,,,-,EqSafe,LinearFrames,12,12,Linear,CoeffSetAtomic
Chan005EqQ003,1,5,3,,,4-band parametric EQ Q/bandwidth,1480,mtp,121,60,,,,,,,Chan_Eq,,0=0.1/120=10/[Log][2dp],,,,,1,1,602,0x025A,,,,-,EqSafe,LinearFrames,12,12,Linear,CoeffSetAtomic
Chan005EqQ004,1,5,4,,,4-band parametric EQ Q/bandwidth,1481,mtq,121,60,,,,,,,Chan_Eq,,0=0.1/120=10/[Log][2dp],,,,,1,1,607,0x025F,,,,-,EqSafe,LinearFrames,12,12,Linear,CoeffSetAtomic
Chan006EqQ001,1,6,1,,,4-band parametric EQ Q/bandwidth,1482,mtr,121,60,,,,,,,Chan_Eq,,0=0.1/120=10/[Log][2dp],,,,,1,1,736,0x02E0,,,,-,EqSafe,LinearFrames,12,12,Linear,CoeffSetAtomic
Chan006EqQ002,1,6,2,,,4-band parametric EQ Q/bandwidth,1483,mts,121,60,,,,,,,Chan_Eq,,0=0.1/120=10/[Log][2dp],,,,,1,1,741,0x02E5,,,,-,EqSafe,LinearFrames,12,12,Linear,CoeffSetAtomic
Chan006EqQ003,1,6,3,,,4-band parametric EQ Q/bandwidth,1484,mtt,121,60,,,,,,,Chan_Eq,,0=0.1/120=10/[Log][2dp],,,,,1,1,746,0x02EA,,,,-,EqSafe,LinearFrames,12,12,Linear,CoeffSetAtomic
Chan006EqQ004,1,6,4,,,4-band parametric EQ Q/bandwidth,1485,mtu,121,60,,,,,,,Chan_Eq,,0=0.1/120=10/[Log][2dp],,,,,1,1,751,0x02EF,,,,-,EqSafe,LinearFrames,12,12,Linear,CoeffSetAtomic
Chan007EqQ001,1,7,1,,,4-band parametric EQ Q/bandwidth,1486,mtv,121,60,,,,,,,Chan_Eq,,0=0.1/120=10/[Log][2dp],,,,,1,1,880,0x0370,,,,-,EqSafe,LinearFrames,12,12,Linear,CoeffSetAtomic
Chan007EqQ002,1,7,2,,,4-band parametric EQ Q/bandwidth,1487,mtw,121,60,,,,,,,Chan_Eq,,0=0.1/120=10/[Log][2dp],,,,,1,1,885,0x0375,,,,-,EqSafe,LinearFrames,12,12,Linear,CoeffSetAtomic
Chan007EqQ003,1,7,3,,,4-band parametric EQ Q/bandwidth,1488,muh,121,60,,,,,,,Chan_Eq,,0=0.1/120=10/[Log][2dp],,,,,1,1,890,0x037A,,,,-,EqSafe,LinearFrames,12,12,Linear,CoeffSetAtomic
Chan007EqQ004,1,7,4,,,4-band parametric EQ Q/bandwidth,1489,mui,121,60,,,,,,,Chan_Eq,,0=0.1/120=10/[Log][2dp],,,,,1,1,895,0x037F,,,,-,EqSafe,LinearFrames,12,12,Linear,CoeffSetAtomic
Chan008EqQ001,1,8,1,,,4-band parametric EQ Q/bandwidth,1490,muj,121,60,,,,,,,Chan_Eq,,0=0.1/120=10/[Log][2dp],,,,,1,1,1024,0x0400,,,,-,EqSafe,LinearFrames,12,12,Linear,CoeffSetAtomic
Chan008EqQ002,1,8,2,,,4-band parametric EQ Q/bandwidth,1491,muk,121,60,,,,,,,Chan_Eq,,0=0.1/120=10/[Log][2dp],,,,,1,1,1029,0x0405,,,,-,EqSafe,LinearFrames,12,12,Linear,CoeffSetAtomic
Chan008EqQ003,1,8,3,,,4-band parametric EQ Q/bandwidth,1492,mul,121,60,,,,,,,Chan_Eq,,0=0.1/120=10/[Log][2dp],,,,,1,1,1034,0x040A,,,,-,EqSafe,LinearFrames,12,12,Linear,CoeffSetAtomic
Chan008EqQ004,1,8,4,,,4-band parametric EQ Q/bandwidth,1493,mum,121,60,,,,,,,Chan_Eq,,0=0.1/120=10/[Log][2dp],,,,,1,1,1039,0x040F,,,,-,EqSafe,LinearFrames,12,12,Linear,CoeffSetAtomic
Chan009EqQ001,1,9,1,,,4-band parametric EQ Q/bandwidth,1494,mun,121,60,,,,,,,Chan_Eq,,0=0.1/120=10/[Log][2dp],,,,,1,1,1168,0x0490,,,,-,EqSafe,LinearFrames,12,12,Linear,CoeffSetAtomic
Chan009EqQ002,1,9,2,,,4-band parametric EQ Q/bandwidth,1495,muo,121,60,,,,,,,Chan_Eq,,0=0.1/120=10/[Log][2dp],,,,,1,1,1173,0x0495,,,,-,EqSafe,LinearFrames,12,12,Linear,CoeffSetAtomic
Chan009EqQ003,1,9,3,,,4-band parametric EQ Q/bandwidth,1496,mup,121,60,,,,,,,Chan_Eq,,0=0.1/120=10/[Log][2dp],,,,,1,1,1178,0x049A,,,,-,EqSafe,LinearFrames,12,12,Linear,CoeffSetAtomic
Chan009EqQ004,1,9,4,,,4-band parametric EQ Q/bandwidth,1497,muq,121,60,,,,,,,Chan_Eq,,0=0.1/120=10/[Log][2dp],,,,,1,1,1183,0x049F,,,,-,EqSafe,LinearFrames,12,12,Linear,CoeffSetAtomic
Chan010EqQ001,1,10,1,,,4-band parametric EQ Q/bandwidth,1498,mur,121,60,,,,,,,Chan_Eq,,0=0.1/120=10/[Log][2dp],,,,,1,1,1312,0x0520,,,,-,EqSafe,LinearFrames,12,12,Linear,CoeffSetAtomic
Chan010EqQ002,1,10,2,,,4-band parametric EQ Q/bandwidth,1499,mus,121,60,,,,,,,Chan_Eq,,0=0.1/120=10/[Log][2dp],,,,,1,1,1317,0x0525,,,,-,EqSafe,LinearFrames,12,12,Linear,CoeffSetAtomic
Chan010EqQ003,1,10,3,,,4-band parametric EQ Q/bandwidth,1500,mut,121,60,,,,,,,Chan_Eq,,0=0.1/120=10/[Log][2dp],,,,,1,1,1322,0x052A,,,,-,EqSafe,LinearFrames,12,12,Linear,CoeffSetAtomic
Chan010EqQ004,1,10,4,,,4-band parametric EQ Q/bandwidth,1501,muu,121,60,,,,,,,Chan_Eq,,0=0.1/120=10/[Log][2dp],,,,,1,1,1327,0x052F,,,,-,EqSafe,LinearFrames,12,12,Linear,CoeffSetAtomic
Chan011EqQ001,1,11,1,,,4-band parametric EQ Q/bandwidth,1502,muv,121,60,,,,,,,Chan_Eq,,0=0.1/120=10/[Log][2dp],,,,,1,1,1456,0x05B0,,,,-,EqSafe,LinearFrames,12,12,Linear,CoeffSetAtomic
Chan011EqQ002,1,11,2,,,4-band parametric EQ Q/bandwidth,1503,muw,121,60,,,,,,,Chan_Eq,,0=0.1/120=10/[Log][2dp],,,,,1,1,1461,0x05B5,,,,-,EqSafe,LinearFrames,12,12,Linear,CoeffSetAtomic
Chan011EqQ003,1,11,3,,,4-band parametric EQ Q/bandwidth,1504,mvh,121,60,,,,,,,Chan_Eq,,0=0.1/120=10/[Log][2dp],,,,,1,1,1466,0x05BA,,,,-,EqSafe,LinearFrames,12,12,Linear,CoeffSetAtomic
Chan011EqQ004,1,11,4,,,4-band parametric EQ Q/bandwidth,1505,mvi,121,60,,,,,,,Chan_Eq,,0=0.1/120=10/[Log][2dp],,,,,1,1,1471,0x05BF,,,,-,EqSafe,LinearFrames,12,12,Linear,CoeffSetAtomic
Chan012EqQ001,1,12,1,,,4-band parametric EQ Q/bandwidth,1506,mvj,121,60,,,,,,,Chan_Eq,,0=0.1/120=10/[Log][2dp],,,,,1,1,1600,0x0640,,,,-,EqSafe,LinearFrames,12,12,Linear,CoeffSetAtomic
Chan012EqQ002,1,12,2,,,4-band parametric EQ Q/bandwidth,1507,mvk,121,60,,,,,,,Chan_Eq,,0=0.1/120=10/[Log][2dp],,,,,1,1,1605,0x0645,,,,-,EqSafe,LinearFrames,12,12,Linear,CoeffSetAtomic
Chan012EqQ003,1,12,3,,,4-band parametric EQ Q/bandwidth,1508,mvl,121,60,,,,,,,Chan_Eq,,0=0.1/120=10/[Log][2dp],,,,,1,1,1610,0x064A,,,,-,EqSafe,LinearFrames,12,12,Linear,CoeffSetAtomic
Chan012EqQ004,1,12,4,,,4-band parametric EQ Q/bandwidth,1509,mvm,121,60,,,,,,,Chan_Eq,,0=0.1/120=10/[Log][2dp],,,,,1,1,1615,0x064F,,,,-,EqSafe,LinearFrames,12,12,Linear,CoeffSetAtomic
Chan013EqQ001,1,13,1,,,4-band parametric EQ Q/bandwidth,1510,mvn,121,60,,,,,,,Chan_Eq,,0=0.1/120=10/[Log][2dp],,,,,1,1,1744,0x06D0,,,,-,EqSafe,LinearFrames,12,12,Linear,CoeffSetAtomic
Chan013EqQ002,1,13,2,,,4-band parametric EQ Q/bandwidth,1511,mvo,121,60,,,,,,,Chan_Eq,,0=0.1/120=10/[Log][2dp],,,,,1,1,1749,0x06D5,,,,-,EqSafe,LinearFrames,12,12,Linear,CoeffSetAtomic
Chan013EqQ003,1,13,3,,,4-band parametric EQ Q/bandwidth,1512,mvp,121,60,,,,,,,Chan_Eq,,0=0.1/120=10/[Log][2dp],,,,,1,1,1754,0x06DA,,,,-,EqSafe,LinearFrames,12,12,Linear,CoeffSetAtomic
Chan013EqQ004,1,13,4,,,4-band parametric EQ Q/bandwidth,1513,mvq,121,60,,,,,,,Chan_Eq,,0=0.1/120=10/[Log][2dp],,,,,1,1,1759,0x06DF,,,,-,EqSafe,LinearFrames,12,12,Linear,CoeffSetAtomic
Chan014EqQ001,1,14,1,,,4-band parametric EQ Q/bandwidth,1514,mvr,121,60,,,,,,,Chan_Eq,,0=0.1/120=10/[Log][2dp],,,,,1,1,1888,0x0760,,,,-,EqSafe,LinearFrames,12,12,Linear,CoeffSetAtomic
Chan014EqQ002,1,14,2,,,4-band parametric EQ Q/bandwidth,1515,mvs,121,60,,,,,,,Chan_Eq,,0=0.1/120=10/[Log][2dp],,,,,1,1,1893,0x0765,,,,-,EqSafe,LinearFrames,12,12,Linear,CoeffSetAtomic
Chan014EqQ003,1,14,3,,,4-band parametric EQ Q/bandwidth,1516,mvt,121,60,,,,,,,Chan_Eq,,0=0.1/120=10/[Log][2dp],,,,,1,1,1898,0x076A,,,,-,EqSafe,LinearFrames,12,12,Linear,CoeffSetAtomic
Chan014EqQ004,1,14,4,,,4-band parametric EQ Q/bandwidth,1517,mvu,121,60,,,,,,,Chan_Eq,,0=0.1/120=10/[Log][2dp],,,,,1,1,1903,0x076F,,,,-,EqSafe,LinearFrames,12,12,Linear,CoeffSetAtomic
Chan015EqQ001,1,15,1,,,4-band parametric EQ Q/bandwidth,1518,mvv,121,60,,,,,,,Chan_Eq,,0=0.1/120=10/[Log][2dp],,,,,1,1,2032,0x07F0,,,,-,EqSafe,LinearFrames,12,12,Linear,CoeffSetAtomic
Chan015EqQ002,1,15,2,,,4-band parametric EQ Q/bandwidth,1519,mvw,121,60,,,,,,,Chan_Eq,,0=0.1/120=10/[Log][2dp],,,,,1,1,2037,0x07F5,,,,-,EqSafe,LinearFrames,12,12,Linear,CoeffSetAtomic
Chan015EqQ003,1,15,3,,,4-band parametric EQ Q/bandwidth,1520,mwh,121,60,,,,,,,Chan_Eq,,0=0.1/120=10/[Log][2dp],,,,,1,1,2042,0x07FA,,,,-,EqSafe,LinearFrames,12,12,Linear,CoeffSetAtomic
Chan015EqQ004,1,15,4,,,4-band parametric EQ Q/bandwidth,1521,mwi,121,60,,,,,,,Chan_Eq,,0=0.1/120=10/[Log][2dp],,,,,1,1,2047,0x07FF,,,,-,EqSafe,LinearFrames,12,12,Linear,CoeffSetAtomic
Chan016EqQ001,1,16,1,,,4-band parametric EQ Q/bandwidth,1522,mwj,121,60,,,,,,,Chan_Eq,,0=0.1/120=10/[Log][2dp],,,,,1,1,2176,0x0880,,,,-,EqSafe,LinearFrames,12,12,Linear,CoeffSetAtomic
Chan016EqQ002,1,16,2,,,4-band parametric EQ Q/bandwidth,1523,mwk,121,60,,,,,,,Chan_Eq,,0=0.1/120=10/[Log][2dp],,,,,1,1,2181,0x0885,,,,-,EqSafe,LinearFrames,12,12,Linear,CoeffSetAtomic
Chan016EqQ003,1,16,3,,,4-band parametric EQ Q/bandwidth,1524,mwl,121,60,,,,,,,Chan_Eq,,0=0.1/120=10/[Log][2dp],,,,,1,1,2186,0x088A,,,,-,EqSafe,LinearFrames,12,12,Linear,CoeffSetAtomic
Chan016EqQ004,1,16,4,,,4-band parametric EQ Q/bandwidth,1525,mwm,121,60,,,,,,,Chan_Eq,,0=0.1/120=10/[Log][2dp],,,,,1,1,2191,0x088F,,,,-,EqSafe,LinearFrames,12,12,Linear,CoeffSetAtomic
Chan017EqQ001,1,17,1,,,4-band parametric EQ Q/bandwidth,1526,mwn,121,60,,,,,,,Chan_Eq,,0=0.1/120=10/[Log][2dp],,,,,1,1,2320,0x0910,,,,-,EqSafe,LinearFrames,12,12,Linear,CoeffSetAtomic
Chan017EqQ002,1,17,2,,,4-band parametric EQ Q/bandwidth,1527,mwo,121,60,,,,,,,Chan_Eq,,0=0.1/120=10/[Log][2dp],,,,,1,1,2325,0x0915,,,,-,EqSafe,LinearFrames,12,12,Linear,CoeffSetAtomic
Chan017EqQ003,1,17,3,,,4-band parametric EQ Q/bandwidth,1528,mwp,121,60,,,,,,,Chan_Eq,,0=0.1/120=10/[Log][2dp],,,,,1,1,2330,0x091A,,,,-,EqSafe,LinearFrames,12,12,Linear,CoeffSetAtomic
Chan017EqQ004,1,17,4,,,4-band parametric EQ Q/bandwidth,1529,mwq,121,60,,,,,,,Chan_Eq,,0=0.1/120=10/[Log][2dp],,,,,1,1,2335,0x091F,,,,-,EqSafe,LinearFrames,12,12,Linear,CoeffSetAtomic
Chan018EqQ001,1,18,1,,,4-band parametric EQ Q/bandwidth,1530,mwr,121,60,,,,,,,Chan_Eq,,0=0.1/120=10/[Log][2dp],,,,,1,1,2464,0x09A0,,,,-,EqSafe,LinearFrames,12,12,Linear,CoeffSetAtomic
Chan018EqQ002,1,18,2,,,4-band parametric EQ Q/bandwidth,1531,mws,121,60,,,,,,,Chan_Eq,,0=0.1/120=10/[Log][2dp],,,,,1,1,2469,0x09A5,,,,-,EqSafe,LinearFrames,12,12,Linear,CoeffSetAtomic
Chan018EqQ003,1,18,3,,,4-band parametric EQ Q/bandwidth,1532,mwt,121,60,,,,,,,Chan_Eq,,0=0.1/120=10/[Log][2dp],,,,,1,1,2474,0x09AA,,,,-,EqSafe,LinearFrames,12,12,Linear,CoeffSetAtomic
Chan018EqQ004,1,18,4,,,4-band parametric EQ Q/bandwidth,1533,mwu,121,60,,,,,,,Chan_Eq,,0=0.1/120=10/[Log][2dp],,,,,1,1,2479,0x09AF,,,,-,EqSafe,LinearFrames,12,12,Linear,CoeffSetAtomic
Chan019EqQ001,1,19,1,,,4-band parametric EQ Q/bandwidth,1534,mwv,121,60,,,,,,,Chan_Eq,,0=0.1/120=10/[Log][2dp],,,,,1,1,2608,0x0A30,,,,-,EqSafe,LinearFrames,12,12,Linear,CoeffSetAtomic
Chan019EqQ002,1,19,2,,,4-band parametric EQ Q/bandwidth,1535,mww,121,60,,,,,,,Chan_Eq,,0=0.1/120=10/[Log][2dp],,,,,1,1,2613,0x0A35,,,,-,EqSafe,LinearFrames,12,12,Linear,CoeffSetAtomic
Chan019EqQ003,1,19,3,,,4-band parametric EQ Q/bandwidth,1536,nhh,121,60,,,,,,,Chan_Eq,,0=0.1/120=10/[Log][2dp],,,,,1,1,2618,0x0A3A,,,,-,EqSafe,LinearFrames,12,12,Linear,CoeffSetAtomic
Chan019EqQ004,1,19,4,,,4-band parametric EQ Q/bandwidth,1537,nhi,121,60,,,,,,,Chan_Eq,,0=0.1/120=10/[Log][2dp],,,,,1,1,2623,0x0A3F,,,,-,EqSafe,LinearFrames,12,12,Linear,CoeffSetAtomic
Chan020EqQ001,1,20,1,,,4-band parametric EQ Q/bandwidth,1538,nhj,121,60,,,,,,,Chan_Eq,,0=0.1/120=10/[Log][2dp],,,,,1,1,2752,0x0AC0,,,,-,EqSafe,LinearFrames,12,12,Linear,CoeffSetAtomic
Chan020EqQ002,1,20,2,,,4-band parametric EQ Q/bandwidth,1539,nhk,121,60,,,,,,,Chan_Eq,,0=0.1/120=10/[Log][2dp],,,,,1,1,2757,0x0AC5,,,,-,EqSafe,LinearFrames,12,12,Linear,CoeffSetAtomic
Chan020EqQ003,1,20,3,,,4-band parametric EQ Q/bandwidth,1540,nhl,121,60,,,,,,,Chan_Eq,,0=0.1/120=10/[Log][2dp],,,,,1,1,2762,0x0ACA,,,,-,EqSafe,LinearFrames,12,12,Linear,CoeffSetAtomic
Chan020EqQ004,1,20,4,,,4-band parametric EQ Q/bandwidth,1541,nhm,121,60,,,,,,,Chan_Eq,,0=0.1/120=10/[Log][2dp],,,,,1,1,2767,0x0ACF,,,,-,EqSafe,LinearFrames,12,12,Linear,CoeffSetAtomic
Chan021EqQ001,1,21,1,,,4-band parametric EQ Q/bandwidth,1542,nhn,121,60,,,,,,,Chan_Eq,,0=0.1/120=10/[Log][2dp],,,,,1,1,2896,0x0B50,,,,-,EqSafe,LinearFrames,12,12,Linear,CoeffSetAtomic
Chan021EqQ002,1,21,2,,,4-band parametric EQ Q/bandwidth,1543,nho,121,60,,,,,,,Chan_Eq,,0=0.1/120=10/[Log][2dp],,,,,1,1,2901,0x0B55,,,,-,EqSafe,LinearFrames,12,12,Linear,CoeffSetAtomic
Chan021EqQ003,1,21,3,,,4-band parametric EQ Q/bandwidth,1544,nhp,121,60,,,,,,,Chan_Eq,,0=0.1/120=10/[Log][2dp],,,,,1,1,2906,0x0B5A,,,,-,EqSafe,LinearFrames,12,12,Linear,CoeffSetAtomic
Chan021EqQ004,1,21,4,,,4-band parametric EQ Q/bandwidth,1545,nhq,121,60,,,,,,,Chan_Eq,,0=0.1/120=10/[Log][2dp],,,,,1,1,2911,0x0B5F,,,,-,EqSafe,LinearFrames,12,12,Linear,CoeffSetAtomic
Chan022EqQ001,1,22,1,,,4-band parametric EQ Q/bandwidth,1546,nhr,121,60,,,,,,,Chan_Eq,,0=0.1/120=10/[Log][2dp],,,,,1,1,3040,0x0BE0,,,,-,EqSafe,LinearFrames,12,12,Linear,CoeffSetAtomic
Chan022EqQ002,1,22,2,,,4-band parametric EQ Q/bandwidth,1547,nhs,121,60,,,,,,,Chan_Eq,,0=0.1/120=10/[Log][2dp],,,,,1,1,3045,0x0BE5,,,,-,EqSafe,LinearFrames,12,12,Linear,CoeffSetAtomic
Chan022EqQ003,1,22,3,,,4-band parametric EQ Q/bandwidth,1548,nht,121,60,,,,,,,Chan_Eq,,0=0.1/120=10/[Log][2dp],,,,,1,1,3050,0x0BEA,,,,-,EqSafe,LinearFrames,12,12,Linear,CoeffSetAtomic
Chan022EqQ004,1,22,4,,,4-band parametric EQ Q/bandwidth,1549,nhu,121,60,,,,,,,Chan_Eq,,0=0.1/120=10/[Log][2dp],,,,,1,1,3055,0x0BEF,,,,-,EqSafe,LinearFrames,12,12,Linear,CoeffSetAtomic
Chan023EqQ001,1,23,1,,,4-band parametric EQ Q/bandwidth,1550,nhv,121,60,,,,,,,Chan_Eq,,0=0.1/120=10/[Log][2dp],,,,,1,1,3184,0x0C70,,,,-,EqSafe,LinearFrames,12,12,Linear,CoeffSetAtomic
Chan023EqQ002,1,23,2,,,4-band parametric EQ Q/bandwidth,1551,nhw,121,60,,,,,,,Chan_Eq,,0=0.1/120=10/[Log][2dp],,,,,1,1,3189,0x0C75,,,,-,EqSafe,LinearFrames,12,12,Linear,CoeffSetAtomic
Chan023EqQ003,1,23,3,,,4-band parametric EQ Q/bandwidth,1552,nih,121,60,,,,,,,Chan_Eq,,0=0.1/120=10/[Log][2dp],,,,,1,1,3194,0x0C7A,,,,-,EqSafe,LinearFrames,12,12,Linear,CoeffSetAtomic
Chan023EqQ004,1,23,4,,,4-band parametric EQ Q/bandwidth,1553,nii,121,60,,,,,,,Chan_Eq,,0=0.1/120=10/[Log][2dp],,,,,1,1,3199,0x0C7F,,,,-,EqSafe,LinearFrames,12,12,Linear,CoeffSetAtomic
Chan024EqQ001,1,24,1,,,4-band parametric EQ Q/bandwidth,1554,nij,121,60,,,,,,,Chan_Eq,,0=0.1/120=10/[Log][2dp],,,,,1,1,3328,0x0D00,,,,-,EqSafe,LinearFrames,12,12,Linear,CoeffSetAtomic
Chan024EqQ002,1,24,2,,,4-band parametric EQ Q/bandwidth,1555,nik,121,60,,,,,,,Chan_Eq,,0=0.1/120=10/[Log][2dp],,,,,1,1,3333,0x0D05,,,,-,EqSafe,LinearFrames,12,12,Linear,CoeffSetAtomic
Chan024EqQ003,1,24,3,,,4-band parametric EQ Q/bandwidth,1556,nil,121,60,,,,,,,Chan_Eq,,0=0.1/120=10/[Log][2dp],,,,,1,1,3338,0x0D0A,,,,-,EqSafe,LinearFrames,12,12,Linear,CoeffSetAtomic
Chan024EqQ004,1,24,4,,,4-band parametric EQ Q/bandwidth,1557,nim,121,60,,,,,,,Chan_Eq,,0=0.1/120=10/[Log][2dp],,,,,1,1,3343,0x0D0F,,,,-,EqSafe,LinearFrames,12,12,Linear,CoeffSetAtomic
Chan001EqShelf001,1,1,1,,,Bands 1/4 shelf mode on/off,1558,nin,2,,,,,,,,Chan_Eq,,,,,,,1,1,16,0x0010,,,,-,InstantCtl,Instant,0,0,Linear,Scalar
Chan001EqShelf002,1,1,2,,,Bands 1/4 shelf mode on/off,1559,nio,2,,,,,,,,Chan_Eq,,,,,,,1,1,31,0x001F,,,,-,InstantCtl,Instant,0,0,Linear,Scalar
Chan002EqShelf001,1,2,1,,,Bands 1/4 shelf mode on/off,1560,nip,2,,,,,,,,Chan_Eq,,,,,,,1,1,160,0x00A0,,,,-,InstantCtl,Instant,0,0,Linear,Scalar
Chan002EqShelf002,1,2,2,,,Bands 1/4 shelf mode on/off,1561,niq,2,,,,,,,,Chan_Eq,,,,,,,1,1,175,0x00AF,,,,-,InstantCtl,Instant,0,0,Linear,Scalar
Chan003EqShelf001,1,3,1,,,Bands 1/4 shelf mode on/off,1562,nir,2,,,,,,,,Chan_Eq,,,,,,,1,1,304,0x0130,,,,-,InstantCtl,Instant,0,0,Linear,Scalar
Chan003EqShelf002,1,3,2,,,Bands 1/4 shelf mode on/off,1563,nis,2,,,,,,,,Chan_Eq,,,,,,,1,1,319,0x013F,,,,-,InstantCtl,Instant,0,0,Linear,Scalar
Chan004EqShelf001,1,4,1,,,Bands 1/4 shelf mode on/off,1564,nit,2,,,,,,,,Chan_Eq,,,,,,,1,1,448,0x01C0,,,,-,InstantCtl,Instant,0,0,Linear,Scalar
Chan004EqShelf002,1,4,2,,,Bands 1/4 shelf mode on/off,1565,niu,2,,,,,,,,Chan_Eq,,,,,,,1,1,463,0x01CF,,,,-,InstantCtl,Instant,0,0,Linear,Scalar
Chan005EqShelf001,1,5,1,,,Bands 1/4 shelf mode on/off,1566,niv,2,,,,,,,,Chan_Eq,,,,,,,1,1,592,0x0250,,,,-,InstantCtl,Instant,0,0,Linear,Scalar
Chan005EqShelf002,1,5,2,,,Bands 1/4 shelf mode on/off,1567,niw,2,,,,,,,,Chan_Eq,,,,,,,1,1,607,0x025F,,,,-,InstantCtl,Instant,0,0,Linear,Scalar
Chan006EqShelf001,1,6,1,,,Bands 1/4 shelf mode on/off,1568,njh,2,,,,,,,,Chan_Eq,,,,,,,1,1,736,0x02E0,,,,-,InstantCtl,Instant,0,0,Linear,Scalar
Chan006EqShelf002,1,6,2,,,Bands 1/4 shelf mode on/off,1569,nji,2,,,,,,,,Chan_Eq,,,,,,,1,1,751,0x02EF,,,,-,InstantCtl,Instant,0,0,Linear,Scalar
Chan007EqShelf001,1,7,1,,,Bands 1/4 shelf mode on/off,1570,njj,2,,,,,,,,Chan_Eq,,,,,,,1,1,880,0x0370,,,,-,InstantCtl,Instant,0,0,Linear,Scalar
Chan007EqShelf002,1,7,2,,,Bands 1/4 shelf mode on/off,1571,njk,2,,,,,,,,Chan_Eq,,,,,,,1,1,895,0x037F,,,,-,InstantCtl,Instant,0,0,Linear,Scalar
Chan008EqShelf001,1,8,1,,,Bands 1/4 shelf mode on/off,1572,njl,2,,,,,,,,Chan_Eq,,,,,,,1,1,1024,0x0400,,,,-,InstantCtl,Instant,0,0,Linear,Scalar
Chan008EqShelf002,1,8,2,,,Bands 1/4 shelf mode on/off,1573,njm,2,,,,,,,,Chan_Eq,,,,,,,1,1,1039,0x040F,,,,-,InstantCtl,Instant,0,0,Linear,Scalar
Chan009EqShelf001,1,9,1,,,Bands 1/4 shelf mode on/off,1574,njn,2,,,,,,,,Chan_Eq,,,,,,,1,1,1168,0x0490,,,,-,InstantCtl,Instant,0,0,Linear,Scalar
Chan009EqShelf002,1,9,2,,,Bands 1/4 shelf mode on/off,1575,njo,2,,,,,,,,Chan_Eq,,,,,,,1,1,1183,0x049F,,,,-,InstantCtl,Instant,0,0,Linear,Scalar
Chan010EqShelf001,1,10,1,,,Bands 1/4 shelf mode on/off,1576,njp,2,,,,,,,,Chan_Eq,,,,,,,1,1,1312,0x0520,,,,-,InstantCtl,Instant,0,0,Linear,Scalar
Chan010EqShelf002,1,10,2,,,Bands 1/4 shelf mode on/off,1577,njq,2,,,,,,,,Chan_Eq,,,,,,,1,1,1327,0x052F,,,,-,InstantCtl,Instant,0,0,Linear,Scalar
Chan011EqShelf001,1,11,1,,,Bands 1/4 shelf mode on/off,1578,njr,2,,,,,,,,Chan_Eq,,,,,,,1,1,1456,0x05B0,,,,-,InstantCtl,Instant,0,0,Linear,Scalar
Chan011EqShelf002,1,11,2,,,Bands 1/4 shelf mode on/off,1579,njs,2,,,,,,,,Chan_Eq,,,,,,,1,1,1471,0x05BF,,,,-,InstantCtl,Instant,0,0,Linear,Scalar
Chan012EqShelf001,1,12,1,,,Bands 1/4 shelf mode on/off,1580,njt,2,,,,,,,,Chan_Eq,,,,,,,1,1,1600,0x0640,,,,-,InstantCtl,Instant,0,0,Linear,Scalar
Chan012EqShelf002,1,12,2,,,Bands 1/4 shelf mode on/off,1581,nju,2,,,,,,,,Chan_Eq,,,,,,,1,1,1615,0x064F,,,,-,InstantCtl,Instant,0,0,Linear,Scalar
Chan013EqShelf001,1,13,1,,,Bands 1/4 shelf mode on/off,1582,njv,2,,,,,,,,Chan_Eq,,,,,,,1,1,1744,0x06D0,,,,-,InstantCtl,Instant,0,0,Linear,Scalar
Chan013EqShelf002,1,13,2,,,Bands 1/4 shelf mode on/off,1583,njw,2,,,,,,,,Chan_Eq,,,,,,,1,1,1759,0x06DF,,,,-,InstantCtl,Instant,0,0,Linear,Scalar
Chan014EqShelf001,1,14,1,,,Bands 1/4 shelf mode on/off,1584,nkh,2,,,,,,,,Chan_Eq,,,,,,,1,1,1888,0x0760,,,,-,InstantCtl,Instant,0,0,Linear,Scalar
Chan014EqShelf002,1,14,2,,,Bands 1/4 shelf mode on/off,1585,nki,2,,,,,,,,Chan_Eq,,,,,,,1,1,1903,0x076F,,,,-,InstantCtl,Instant,0,0,Linear,Scalar
Chan015EqShelf001,1,15,1,,,Bands 1/4 shelf mode on/off,1586,nkj,2,,,,,,,,Chan_Eq,,,,,,,1,1,2032,0x07F0,,,,-,InstantCtl,Instant,0,0,Linear,Scalar
Chan015EqShelf002,1,15,2,,,Bands 1/4 shelf mode on/off,1587,nkk,2,,,,,,,,Chan_Eq,,,,,,,1,1,2047,0x07FF,,,,-,InstantCtl,Instant,0,0,Linear,Scalar
Chan016EqShelf001,1,16,1,,,Bands 1/4 shelf mode on/off,1588,nkl,2,,,,,,,,Chan_Eq,,,,,,,1,1,2176,0x0880,,,,-,InstantCtl,Instant,0,0,Linear,Scalar
Chan016EqShelf002,1,16,2,,,Bands 1/4 shelf mode on/off,1589,nkm,2,,,,,,,,Chan_Eq,,,,,,,1,1,2191,0x088F,,,,-,InstantCtl,Instant,0,0,Linear,Scalar
Chan017EqShelf001,1,17,1,,,Bands 1/4 shelf mode on/off,1590,nkn,2,,,,,,,,Chan_Eq,,,,,,,1,1,2320,0x0910,,,,-,InstantCtl,Instant,0,0,Linear,Scalar
Chan017EqShelf002,1,17,2,,,Bands 1/4 shelf mode on/off,1591,nko,2,,,,,,,,Chan_Eq,,,,,,,1,1,2335,0x091F,,,,-,InstantCtl,Instant,0,0,Linear,Scalar
Chan018EqShelf001,1,18,1,,,Bands 1/4 shelf mode on/off,1592,nkp,2,,,,,,,,Chan_Eq,,,,,,,1,1,2464,0x09A0,,,,-,InstantCtl,Instant,0,0,Linear,Scalar
Chan018EqShelf002,1,18,2,,,Bands 1/4 shelf mode on/off,1593,nkq,2,,,,,,,,Chan_Eq,,,,,,,1,1,2479,0x09AF,,,,-,InstantCtl,Instant,0,0,Linear,Scalar
Chan019EqShelf001,1,19,1,,,Bands 1/4 shelf mode on/off,1594,nkr,2,,,,,,,,Chan_Eq,,,,,,,1,1,2608,0x0A30,,,,-,InstantCtl,Instant,0,0,Linear,Scalar
Chan019EqShelf002,1,19,2,,,Bands 1/4 shelf mode on/off,1595,nks,2,,,,,,,,Chan_Eq,,,,,,,1,1,2623,0x0A3F,,,,-,InstantCtl,Instant,0,0,Linear,Scalar
Chan020EqShelf001,1,20,1,,,Bands 1/4 shelf mode on/off,1596,nkt,2,,,,,,,,Chan_Eq,,,,,,,1,1,2752,0x0AC0,,,,-,InstantCtl,Instant,0,0,Linear,Scalar
Chan020EqShelf002,1,20,2,,,Bands 1/4 shelf mode on/off,1597,nku,2,,,,,,,,Chan_Eq,,,,,,,1,1,2767,0x0ACF,,,,-,InstantCtl,Instant,0,0,Linear,Scalar
Chan021EqShelf001,1,21,1,,,Bands 1/4 shelf mode on/off,1598,nkv,2,,,,,,,,Chan_Eq,,,,,,,1,1,2896,0x0B50,,,,-,InstantCtl,Instant,0,0,Linear,Scalar
Chan021EqShelf002,1,21,2,,,Bands 1/4 shelf mode on/off,1599,nkw,2,,,,,,,,Chan_Eq,,,,,,,1,1,2911,0x0B5F,,,,-,InstantCtl,Instant,0,0,Linear,Scalar
Chan022EqShelf001,1,22,1,,,Bands 1/4 shelf mode on/off,1600,nlh,2,,,,,,,,Chan_Eq,,,,,,,1,1,3040,0x0BE0,,,,-,InstantCtl,Instant,0,0,Linear,Scalar
Chan022EqShelf002,1,22,2,,,Bands 1/4 shelf mode on/off,1601,nli,2,,,,,,,,Chan_Eq,,,,,,,1,1,3055,0x0BEF,,,,-,InstantCtl,Instant,0,0,Linear,Scalar
Chan023EqShelf001,1,23,1,,,Bands 1/4 shelf mode on/off,1602,nlj,2,,,,,,,,Chan_Eq,,,,,,,1,1,3184,0x0C70,,,,-,InstantCtl,Instant,0,0,Linear,Scalar
Chan023EqShelf002,1,23,2,,,Bands 1/4 shelf mode on/off,1603,nlk,2,,,,,,,,Chan_Eq,,,,,,,1,1,3199,0x0C7F,,,,-,InstantCtl,Instant,0,0,Linear,Scalar
Chan024EqShelf001,1,24,1,,,Bands 1/4 shelf mode on/off,1604,nll,2,,,,,,,,Chan_Eq,,,,,,,1,1,3328,0x0D00,,,,-,InstantCtl,Instant,0,0,Linear,Scalar
Chan024EqShelf002,1,24,2,,,Bands 1/4 shelf mode on/off,1605,nlm,2,,,,,,,,Chan_Eq,,,,,,,1,1,3343,0x0D0F,,,,-,InstantCtl,Instant,0,0,Linear,Scalar
Chan001Gain001,1,1,1,,,Mic preamp gain 0-60dB; host splits via common/tables/mic-gain-law.csv into the preamp code and the GAIN node trim,1606,nln,61,,,,,,,,,,0=0/60=60/[Lin][0dp],,,,,1,1,0,0x0000,,,,0,GainFast,Slew,3,8,Exp,Scalar
Chan002Gain001,1,2,1,,,Mic preamp gain 0-60dB; host splits via common/tables/mic-gain-law.csv into the preamp code and the GAIN node trim,1607,nlo,61,,,,,,,,,,0=0/60=60/[Lin][0dp],,,,,1,1,144,0x0090,,,,0,GainFast,Slew,3,8,Exp,Scalar
Chan003Gain001,1,3,1,,,Mic preamp gain 0-60dB; host splits via common/tables/mic-gain-law.csv into the preamp code and the GAIN node trim,1608,nlp,61,,,,,,,,,,0=0/60=60/[Lin][0dp],,,,,1,1,288,0x0120,,,,0,GainFast,Slew,3,8,Exp,Scalar
Chan004Gain001,1,4,1,,,Mic preamp gain 0-60dB; host splits via common/tables/mic-gain-law.csv into the preamp code and the GAIN node trim,1609,nlq,61,,,,,,,,,,0=0/60=60/[Lin][0dp],,,,,1,1,432,0x01B0,,,,0,GainFast,Slew,3,8,Exp,Scalar
Chan005Gain001,1,5,1,,,Mic preamp gain 0-60dB; host splits via common/tables/mic-gain-law.csv into the preamp code and the GAIN node trim,1610,nlr,61,,,,,,,,,,0=0/60=60/[Lin][0dp],,,,,1,1,576,0x0240,,,,0,GainFast,Slew,3,8,Exp,Scalar
Chan006Gain001,1,6,1,,,Mic preamp gain 0-60dB; host splits via common/tables/mic-gain-law.csv into the preamp code and the GAIN node trim,1611,nls,61,,,,,,,,,,0=0/60=60/[Lin][0dp],,,,,1,1,720,0x02D0,,,,0,GainFast,Slew,3,8,Exp,Scalar
Chan007Gain001,1,7,1,,,Mic preamp gain 0-60dB; host splits via common/tables/mic-gain-law.csv into the preamp code and the GAIN node trim,1612,nlt,61,,,,,,,,,,0=0/60=60/[Lin][0dp],,,,,1,1,864,0x0360,,,,0,GainFast,Slew,3,8,Exp,Scalar
Chan008Gain001,1,8,1,,,Mic preamp gain 0-60dB; host splits via common/tables/mic-gain-law.csv into the preamp code and the GAIN node trim,1613,nlu,61,,,,,,,,,,0=0/60=60/[Lin][0dp],,,,,1,1,1008,0x03F0,,,,0,GainFast,Slew,3,8,Exp,Scalar
Chan009Gain001,1,9,1,,,Mic preamp gain 0-60dB; host splits via common/tables/mic-gain-law.csv into the preamp code and the GAIN node trim,1614,nlv,61,,,,,,,,,,0=0/60=60/[Lin][0dp],,,,,1,1,1152,0x0480,,,,0,GainFast,Slew,3,8,Exp,Scalar
Chan010Gain001,1,10,1,,,Mic preamp gain 0-60dB; host splits via common/tables/mic-gain-law.csv into the preamp code and the GAIN node trim,1615,nlw,61,,,,,,,,,,0=0/60=60/[Lin][0dp],,,,,1,1,1296,0x0510,,,,0,GainFast,Slew,3,8,Exp,Scalar
Chan011Gain001,1,11,1,,,Mic preamp gain 0-60dB; host splits via common/tables/mic-gain-law.csv into the preamp code and the GAIN node trim,1616,nmh,61,,,,,,,,,,0=0/60=60/[Lin][0dp],,,,,1,1,1440,0x05A0,,,,0,GainFast,Slew,3,8,Exp,Scalar
Chan012Gain001,1,12,1,,,Mic preamp gain 0-60dB; host splits via common/tables/mic-gain-law.csv into the preamp code and the GAIN node trim,1617,nmi,61,,,,,,,,,,0=0/60=60/[Lin][0dp],,,,,1,1,1584,0x0630,,,,0,GainFast,Slew,3,8,Exp,Scalar
Chan013Gain001,1,13,1,,,Mic preamp gain 0-60dB; host splits via common/tables/mic-gain-law.csv into the preamp code and the GAIN node trim,1618,nmj,61,,,,,,,,,,0=0/60=60/[Lin][0dp],,,,,1,1,1728,0x06C0,,,,0,GainFast,Slew,3,8,Exp,Scalar
Chan014Gain001,1,14,1,,,Mic preamp gain 0-60dB; host splits via common/tables/mic-gain-law.csv into the preamp code and the GAIN node trim,1619,nmk,61,,,,,,,,,,0=0/60=60/[Lin][0dp],,,,,1,1,1872,0x0750,,,,0,GainFast,Slew,3,8,Exp,Scalar
Chan015Gain001,1,15,1,,,Mic preamp gain 0-60dB; host splits via common/tables/mic-gain-law.csv into the preamp code and the GAIN node trim,1620,nml,61,,,,,,,,,,0=0/60=60/[Lin][0dp],,,,,1,1,2016,0x07E0,,,,0,GainFast,Slew,3,8,Exp,Scalar
Chan016Gain001,1,16,1,,,Mic preamp gain 0-60dB; host splits via common/tables/mic-gain-law.csv into the preamp code and the GAIN node trim,1621,nmm,61,,,,,,,,,,0=0/60=60/[Lin][0dp],,,,,1,1,2160,0x0870,,,,0,GainFast,Slew,3,8,Exp,Scalar
Chan017Gain001,1,17,1,,,Mic preamp gain 0-60dB; host splits via common/tables/mic-gain-law.csv into the preamp code and the GAIN node trim,1622,nmn,61,,,,,,,,,,0=0/60=60/[Lin][0dp],,,,,1,1,2304,0x0900,,,,0,GainFast,Slew,3,8,Exp,Scalar
Chan018Gain001,1,18,1,,,Mic preamp gain 0-60dB; host splits via common/tables/mic-gain-law.csv into the preamp code and the GAIN node trim,1623,nmo,61,,,,,,,,,,0=0/60=60/[Lin][0dp],,,,,1,1,2448,0x0990,,,,0,GainFast,Slew,3,8,Exp,Scalar
Chan019Gain001,1,19,1,,,Mic preamp gain 0-60dB; host splits via common/tables/mic-gain-law.csv into the preamp code and the GAIN node trim,1624,nmp,61,,,,,,,,,,0=0/60=60/[Lin][0dp],,,,,1,1,2592,0x0A20,,,,0,GainFast,Slew,3,8,Exp,Scalar
Chan020Gain001,1,20,1,,,Mic preamp gain 0-60dB; host splits via common/tables/mic-gain-law.csv into the preamp code and the GAIN node trim,1625,nmq,61,,,,,,,,,,0=0/60=60/[Lin][0dp],,,,,1,1,2736,0x0AB0,,,,0,GainFast,Slew,3,8,Exp,Scalar
Chan021Gain001,1,21,1,,,Mic preamp gain 0-60dB; host splits via common/tables/mic-gain-law.csv into the preamp code and the GAIN node trim,1626,nmr,61,,,,,,,,,,0=0/60=60/[Lin][0dp],,,,,1,1,2880,0x0B40,,,,0,GainFast,Slew,3,8,Exp,Scalar
Chan022Gain001,1,22,1,,,Mic preamp gain 0-60dB; host splits via common/tables/mic-gain-law.csv into the preamp code and the GAIN node trim,1627,nms,61,,,,,,,,,,0=0/60=60/[Lin][0dp],,,,,1,1,3024,0x0BD0,,,,0,GainFast,Slew,3,8,Exp,Scalar
Chan023Gain001,1,23,1,,,Mic preamp gain 0-60dB; host splits via common/tables/mic-gain-law.csv into the preamp code and the GAIN node trim,1628,nmt,61,,,,,,,,,,0=0/60=60/[Lin][0dp],,,,,1,1,3168,0x0C60,,,,0,GainFast,Slew,3,8,Exp,Scalar
Chan024Gain001,1,24,1,,,Mic preamp gain 0-60dB; host splits via common/tables/mic-gain-law.csv into the preamp code and the GAIN node trim,1629,nmu,61,,,,,,,,,,0=0/60=60/[Lin][0dp],,,,,1,1,3312,0x0CF0,,,,0,GainFast,Slew,3,8,Exp,Scalar
Chan001GateAtt001,1,1,1,,,Gate attack time,1630,nmv,255,,,,,,,,ChanGate,,0=0.1/254=250/[Log],,,,,1,1,42,0x002A,,,,-,DynSafe,LinearFrames,6,20,Exp,Scalar
Chan002GateAtt001,1,2,1,,,Gate attack time,1631,nmw,255,,,,,,,,ChanGate,,0=0.1/254=250/[Log],,,,,1,1,186,0x00BA,,,,-,DynSafe,LinearFrames,6,20,Exp,Scalar
Chan003GateAtt001,1,3,1,,,Gate attack time,1632,nnh,255,,,,,,,,ChanGate,,0=0.1/254=250/[Log],,,,,1,1,330,0x014A,,,,-,DynSafe,LinearFrames,6,20,Exp,Scalar
Chan004GateAtt001,1,4,1,,,Gate attack time,1633,nni,255,,,,,,,,ChanGate,,0=0.1/254=250/[Log],,,,,1,1,474,0x01DA,,,,-,DynSafe,LinearFrames,6,20,Exp,Scalar
Chan005GateAtt001,1,5,1,,,Gate attack time,1634,nnj,255,,,,,,,,ChanGate,,0=0.1/254=250/[Log],,,,,1,1,618,0x026A,,,,-,DynSafe,LinearFrames,6,20,Exp,Scalar
Chan006GateAtt001,1,6,1,,,Gate attack time,1635,nnk,255,,,,,,,,ChanGate,,0=0.1/254=250/[Log],,,,,1,1,762,0x02FA,,,,-,DynSafe,LinearFrames,6,20,Exp,Scalar
Chan007GateAtt001,1,7,1,,,Gate attack time,1636,nnl,255,,,,,,,,ChanGate,,0=0.1/254=250/[Log],,,,,1,1,906,0x038A,,,,-,DynSafe,LinearFrames,6,20,Exp,Scalar
Chan008GateAtt001,1,8,1,,,Gate attack time,1637,nnm,255,,,,,,,,ChanGate,,0=0.1/254=250/[Log],,,,,1,1,1050,0x041A,,,,-,DynSafe,LinearFrames,6,20,Exp,Scalar
Chan009GateAtt001,1,9,1,,,Gate attack time,1638,nnn,255,,,,,,,,ChanGate,,0=0.1/254=250/[Log],,,,,1,1,1194,0x04AA,,,,-,DynSafe,LinearFrames,6,20,Exp,Scalar
Chan010GateAtt001,1,10,1,,,Gate attack time,1639,nno,255,,,,,,,,ChanGate,,0=0.1/254=250/[Log],,,,,1,1,1338,0x053A,,,,-,DynSafe,LinearFrames,6,20,Exp,Scalar
Chan011GateAtt001,1,11,1,,,Gate attack time,1640,nnp,255,,,,,,,,ChanGate,,0=0.1/254=250/[Log],,,,,1,1,1482,0x05CA,,,,-,DynSafe,LinearFrames,6,20,Exp,Scalar
Chan012GateAtt001,1,12,1,,,Gate attack time,1641,nnq,255,,,,,,,,ChanGate,,0=0.1/254=250/[Log],,,,,1,1,1626,0x065A,,,,-,DynSafe,LinearFrames,6,20,Exp,Scalar
Chan013GateAtt001,1,13,1,,,Gate attack time,1642,nnr,255,,,,,,,,ChanGate,,0=0.1/254=250/[Log],,,,,1,1,1770,0x06EA,,,,-,DynSafe,LinearFrames,6,20,Exp,Scalar
Chan014GateAtt001,1,14,1,,,Gate attack time,1643,nns,255,,,,,,,,ChanGate,,0=0.1/254=250/[Log],,,,,1,1,1914,0x077A,,,,-,DynSafe,LinearFrames,6,20,Exp,Scalar
Chan015GateAtt001,1,15,1,,,Gate attack time,1644,nnt,255,,,,,,,,ChanGate,,0=0.1/254=250/[Log],,,,,1,1,2058,0x080A,,,,-,DynSafe,LinearFrames,6,20,Exp,Scalar
Chan016GateAtt001,1,16,1,,,Gate attack time,1645,nnu,255,,,,,,,,ChanGate,,0=0.1/254=250/[Log],,,,,1,1,2202,0x089A,,,,-,DynSafe,LinearFrames,6,20,Exp,Scalar
Chan017GateAtt001,1,17,1,,,Gate attack time,1646,nnv,255,,,,,,,,ChanGate,,0=0.1/254=250/[Log],,,,,1,1,2346,0x092A,,,,-,DynSafe,LinearFrames,6,20,Exp,Scalar
Chan018GateAtt001,1,18,1,,,Gate attack time,1647,nnw,255,,,,,,,,ChanGate,,0=0.1/254=250/[Log],,,,,1,1,2490,0x09BA,,,,-,DynSafe,LinearFrames,6,20,Exp,Scalar
Chan019GateAtt001,1,19,1,,,Gate attack time,1648,noh,255,,,,,,,,ChanGate,,0=0.1/254=250/[Log],,,,,1,1,2634,0x0A4A,,,,-,DynSafe,LinearFrames,6,20,Exp,Scalar
Chan020GateAtt001,1,20,1,,,Gate attack time,1649,noi,255,,,,,,,,ChanGate,,0=0.1/254=250/[Log],,,,,1,1,2778,0x0ADA,,,,-,DynSafe,LinearFrames,6,20,Exp,Scalar
Chan021GateAtt001,1,21,1,,,Gate attack time,1650,noj,255,,,,,,,,ChanGate,,0=0.1/254=250/[Log],,,,,1,1,2922,0x0B6A,,,,-,DynSafe,LinearFrames,6,20,Exp,Scalar
Chan022GateAtt001,1,22,1,,,Gate attack time,1651,nok,255,,,,,,,,ChanGate,,0=0.1/254=250/[Log],,,,,1,1,3066,0x0BFA,,,,-,DynSafe,LinearFrames,6,20,Exp,Scalar
Chan023GateAtt001,1,23,1,,,Gate attack time,1652,nol,255,,,,,,,,ChanGate,,0=0.1/254=250/[Log],,,,,1,1,3210,0x0C8A,,,,-,DynSafe,LinearFrames,6,20,Exp,Scalar
Chan024GateAtt001,1,24,1,,,Gate attack time,1653,nom,255,,,,,,,,ChanGate,,0=0.1/254=250/[Log],,,,,1,1,3354,0x0D1A,,,,-,DynSafe,LinearFrames,6,20,Exp,Scalar
Chan001GateHold001,1,1,1,,,Gate hold time before release,1654,non,255,,,,,,,,ChanGate,,0=0/254=2000/[Log],,,,,1,1,43,0x002B,,,,-,DynSafe,LinearFrames,6,20,Exp,Scalar
Chan002GateHold001,1,2,1,,,Gate hold time before release,1655,noo,255,,,,,,,,ChanGate,,0=0/254=2000/[Log],,,,,1,1,187,0x00BB,,,,-,DynSafe,LinearFrames,6,20,Exp,Scalar
Chan003GateHold001,1,3,1,,,Gate hold time before release,1656,nop,255,,,,,,,,ChanGate,,0=0/254=2000/[Log],,,,,1,1,331,0x014B,,,,-,DynSafe,LinearFrames,6,20,Exp,Scalar
Chan004GateHold001,1,4,1,,,Gate hold time before release,1657,noq,255,,,,,,,,ChanGate,,0=0/254=2000/[Log],,,,,1,1,475,0x01DB,,,,-,DynSafe,LinearFrames,6,20,Exp,Scalar
Chan005GateHold001,1,5,1,,,Gate hold time before release,1658,nor,255,,,,,,,,ChanGate,,0=0/254=2000/[Log],,,,,1,1,619,0x026B,,,,-,DynSafe,LinearFrames,6,20,Exp,Scalar
Chan006GateHold001,1,6,1,,,Gate hold time before release,1659,nos,255,,,,,,,,ChanGate,,0=0/254=2000/[Log],,,,,1,1,763,0x02FB,,,,-,DynSafe,LinearFrames,6,20,Exp,Scalar
Chan007GateHold001,1,7,1,,,Gate hold time before release,1660,not,255,,,,,,,,ChanGate,,0=0/254=2000/[Log],,,,,1,1,907,0x038B,,,,-,DynSafe,LinearFrames,6,20,Exp,Scalar
Chan008GateHold001,1,8,1,,,Gate hold time before release,1661,nou,255,,,,,,,,ChanGate,,0=0/254=2000/[Log],,,,,1,1,1051,0x041B,,,,-,DynSafe,LinearFrames,6,20,Exp,Scalar
Chan009GateHold001,1,9,1,,,Gate hold time before release,1662,nov,255,,,,,,,,ChanGate,,0=0/254=2000/[Log],,,,,1,1,1195,0x04AB,,,,-,DynSafe,LinearFrames,6,20,Exp,Scalar
Chan010GateHold001,1,10,1,,,Gate hold time before release,1663,now,255,,,,,,,,ChanGate,,0=0/254=2000/[Log],,,,,1,1,1339,0x053B,,,,-,DynSafe,LinearFrames,6,20,Exp,Scalar
Chan011GateHold001,1,11,1,,,Gate hold time before release,1664,nph,255,,,,,,,,ChanGate,,0=0/254=2000/[Log],,,,,1,1,1483,0x05CB,,,,-,DynSafe,LinearFrames,6,20,Exp,Scalar
Chan012GateHold001,1,12,1,,,Gate hold time before release,1665,npi,255,,,,,,,,ChanGate,,0=0/254=2000/[Log],,,,,1,1,1627,0x065B,,,,-,DynSafe,LinearFrames,6,20,Exp,Scalar
Chan013GateHold001,1,13,1,,,Gate hold time before release,1666,npj,255,,,,,,,,ChanGate,,0=0/254=2000/[Log],,,,,1,1,1771,0x06EB,,,,-,DynSafe,LinearFrames,6,20,Exp,Scalar
Chan014GateHold001,1,14,1,,,Gate hold time before release,1667,npk,255,,,,,,,,ChanGate,,0=0/254=2000/[Log],,,,,1,1,1915,0x077B,,,,-,DynSafe,LinearFrames,6,20,Exp,Scalar
Chan015GateHold001,1,15,1,,,Gate hold time before release,1668,npl,255,,,,,,,,ChanGate,,0=0/254=2000/[Log],,,,,1,1,2059,0x080B,,,,-,DynSafe,LinearFrames,6,20,Exp,Scalar
Chan016GateHold001,1,16,1,,,Gate hold time before release,1669,npm,255,,,,,,,,ChanGate,,0=0/254=2000/[Log],,,,,1,1,2203,0x089B,,,,-,DynSafe,LinearFrames,6,20,Exp,Scalar
Chan017GateHold001,1,17,1,,,Gate hold time before release,1670,npn,255,,,,,,,,ChanGate,,0=0/254=2000/[Log],,,,,1,1,2347,0x092B,,,,-,DynSafe,LinearFrames,6,20,Exp,Scalar
Chan018GateHold001,1,18,1,,,Gate hold time before release,1671,npo,255,,,,,,,,ChanGate,,0=0/254=2000/[Log],,,,,1,1,2491,0x09BB,,,,-,DynSafe,LinearFrames,6,20,Exp,Scalar
Chan019GateHold001,1,19,1,,,Gate hold time before release,1672,npp,255,,,,,,,,ChanGate,,0=0/254=2000/[Log],,,,,1,1,2635,0x0A4B,,,,-,DynSafe,LinearFrames,6,20,Exp,Scalar
Chan020GateHold001,1,20,1,,,Gate hold time before release,1673,npq,255,,,,,,,,ChanGate,,0=0/254=2000/[Log],,,,,1,1,2779,0x0ADB,,,,-,DynSafe,LinearFrames,6,20,Exp,Scalar
Chan021GateHold001,1,21,1,,,Gate hold time before release,1674,npr,255,,,,,,,,ChanGate,,0=0/254=2000/[Log],,,,,1,1,2923,0x0B6B,,,,-,DynSafe,LinearFrames,6,20,Exp,Scalar
Chan022GateHold001,1,22,1,,,Gate hold time before release,1675,nps,255,,,,,,,,ChanGate,,0=0/254=2000/[Log],,,,,1,1,3067,0x0BFB,,,,-,DynSafe,LinearFrames,6,20,Exp,Scalar
Chan023GateHold001,1,23,1,,,Gate hold time before release,1676,npt,255,,,,,,,,ChanGate,,0=0/254=2000/[Log],,,,,1,1,3211,0x0C8B,,,,-,DynSafe,LinearFrames,6,20,Exp,Scalar
Chan024GateHold001,1,24,1,,,Gate hold time before release,1677,npu,255,,,,,,,,ChanGate,,0=0/254=2000/[Log],,,,,1,1,3355,0x0D1B,,,,-,DynSafe,LinearFrames,6,20,Exp,Scalar
Chan001GateKey001,1,1,1,,,Gate sidechain key source,1678,npv,255,,,,,,,,ChanGate,,,,,,,1,1,46,0x002E,,,,-,InstantCtl,Instant,0,0,Linear,Scalar
Chan002GateKey001,1,2,1,,,Gate sidechain key source,1679,npw,255,,,,,,,,ChanGate,,,,,,,1,1,190,0x00BE,,,,-,InstantCtl,Instant,0,0,Linear,Scalar
Chan003GateKey001,1,3,1,,,Gate sidechain key source,1680,nqh,255,,,,,,,,ChanGate,,,,,,,1,1,334,0x014E,,,,-,InstantCtl,Instant,0,0,Linear,Scalar
Chan004GateKey001,1,4,1,,,Gate sidechain key source,1681,nqi,255,,,,,,,,ChanGate,,,,,,,1,1,478,0x01DE,,,,-,InstantCtl,Instant,0,0,Linear,Scalar
Chan005GateKey001,1,5,1,,,Gate sidechain key source,1682,nqj,255,,,,,,,,ChanGate,,,,,,,1,1,622,0x026E,,,,-,InstantCtl,Instant,0,0,Linear,Scalar
Chan006GateKey001,1,6,1,,,Gate sidechain key source,1683,nqk,255,,,,,,,,ChanGate,,,,,,,1,1,766,0x02FE,,,,-,InstantCtl,Instant,0,0,Linear,Scalar
Chan007GateKey001,1,7,1,,,Gate sidechain key source,1684,nql,255,,,,,,,,ChanGate,,,,,,,1,1,910,0x038E,,,,-,InstantCtl,Instant,0,0,Linear,Scalar
Chan008GateKey001,1,8,1,,,Gate sidechain key source,1685,nqm,255,,,,,,,,ChanGate,,,,,,,1,1,1054,0x041E,,,,-,InstantCtl,Instant,0,0,Linear,Scalar
Chan009GateKey001,1,9,1,,,Gate sidechain key source,1686,nqn,255,,,,,,,,ChanGate,,,,,,,1,1,1198,0x04AE,,,,-,InstantCtl,Instant,0,0,Linear,Scalar
Chan010GateKey001,1,10,1,,,Gate sidechain key source,1687,nqo,255,,,,,,,,ChanGate,,,,,,,1,1,1342,0x053E,,,,-,InstantCtl,Instant,0,0,Linear,Scalar
Chan011GateKey001,1,11,1,,,Gate sidechain key source,1688,nqp,255,,,,,,,,ChanGate,,,,,,,1,1,1486,0x05CE,,,,-,InstantCtl,Instant,0,0,Linear,Scalar
Chan012GateKey001,1,12,1,,,Gate sidechain key source,1689,nqq,255,,,,,,,,ChanGate,,,,,,,1,1,1630,0x065E,,,,-,InstantCtl,Instant,0,0,Linear,Scalar
Chan013GateKey001,1,13,1,,,Gate sidechain key source,1690,nqr,255,,,,,,,,ChanGate,,,,,,,1,1,1774,0x06EE,,,,-,InstantCtl,Instant,0,0,Linear,Scalar
Chan014GateKey001,1,14,1,,,Gate sidechain key source,1691,nqs,255,,,,,,,,ChanGate,,,,,,,1,1,1918,0x077E,,,,-,InstantCtl,Instant,0,0,Linear,Scalar
Chan015GateKey001,1,15,1,,,Gate sidechain key source,1692,nqt,255,,,,,,,,ChanGate,,,,,,,1,1,2062,0x080E,,,,-,InstantCtl,Instant,0,0,Linear,Scalar
Chan016GateKey001,1,16,1,,,Gate sidechain key source,1693,nqu,255,,,,,,,,ChanGate,,,,,,,1,1,2206,0x089E,,,,-,InstantCtl,Instant,0,0,Linear,Scalar
Chan017GateKey001,1,17,1,,,Gate sidechain key source,1694,nqv,255,,,,,,,,ChanGate,,,,,,,1,1,2350,0x092E,,,,-,InstantCtl,Instant,0,0,Linear,Scalar
Chan018GateKey001,1,18,1,,,Gate sidechain key source,1695,nqw,255,,,,,,,,ChanGate,,,,,,,1,1,2494,0x09BE,,,,-,InstantCtl,Instant,0,0,Linear,Scalar
Chan019GateKey001,1,19,1,,,Gate sidechain key source,1696,nrh,255,,,,,,,,ChanGate,,,,,,,1,1,2638,0x0A4E,,,,-,InstantCtl,Instant,0,0,Linear,Scalar
Chan020GateKey001,1,20,1,,,Gate sidechain key source,1697,nri,255,,,,,,,,ChanGate,,,,,,,1,1,2782,0x0ADE,,,,-,InstantCtl,Instant,0,0,Linear,Scalar
Chan021GateKey001,1,21,1,,,Gate sidechain key source,1698,nrj,255,,,,,,,,ChanGate,,,,,,,1,1,2926,0x0B6E,,,,-,InstantCtl,Instant,0,0,Linear,Scalar
Chan022GateKey001,1,22,1,,,Gate sidechain key source,1699,nrk,255,,,,,,,,ChanGate,,,,,,,1,1,3070,0x0BFE,,,,-,InstantCtl,Instant,0,0,Linear,Scalar
Chan023GateKey001,1,23,1,,,Gate sidechain key source,1700,nrl,255,,,,,,,,ChanGate,,,,,,,1,1,3214,0x0C8E,,,,-,InstantCtl,Instant,0,0,Linear,Scalar
Chan024GateKey001,1,24,1,,,Gate sidechain key source,1701,nrm,255,,,,,,,,ChanGate,,,,,,,1,1,3358,0x0D1E,,,,-,InstantCtl,Instant,0,0,Linear,Scalar
Chan001GateDetSrc001,1,1,1,,,Gate self-key tap source (PreEQ/PostEQ),1702,nrn,2,,,,,,,,ChanGate,,,,,,,1,1,47,0x002F,,,,-,InstantCtl,Instant,0,0,Linear,Scalar
Chan002GateDetSrc001,1,2,1,,,Gate self-key tap source (PreEQ/PostEQ),1703,nro,2,,,,,,,,ChanGate,,,,,,,1,1,191,0x00BF,,,,-,InstantCtl,Instant,0,0,Linear,Scalar
Chan003GateDetSrc001,1,3,1,,,Gate self-key tap source (PreEQ/PostEQ),1704,nrp,2,,,,,,,,ChanGate,,,,,,,1,1,335,0x014F,,,,-,InstantCtl,Instant,0,0,Linear,Scalar
Chan004GateDetSrc001,1,4,1,,,Gate self-key tap source (PreEQ/PostEQ),1705,nrq,2,,,,,,,,ChanGate,,,,,,,1,1,479,0x01DF,,,,-,InstantCtl,Instant,0,0,Linear,Scalar
Chan005GateDetSrc001,1,5,1,,,Gate self-key tap source (PreEQ/PostEQ),1706,nrr,2,,,,,,,,ChanGate,,,,,,,1,1,623,0x026F,,,,-,InstantCtl,Instant,0,0,Linear,Scalar
Chan006GateDetSrc001,1,6,1,,,Gate self-key tap source (PreEQ/PostEQ),1707,nrs,2,,,,,,,,ChanGate,,,,,,,1,1,767,0x02FF,,,,-,InstantCtl,Instant,0,0,Linear,Scalar
Chan007GateDetSrc001,1,7,1,,,Gate self-key tap source (PreEQ/PostEQ),1708,nrt,2,,,,,,,,ChanGate,,,,,,,1,1,911,0x038F,,,,-,InstantCtl,Instant,0,0,Linear,Scalar
Chan008GateDetSrc001,1,8,1,,,Gate self-key tap source (PreEQ/PostEQ),1709,nru,2,,,,,,,,ChanGate,,,,,,,1,1,1055,0x041F,,,,-,InstantCtl,Instant,0,0,Linear,Scalar
Chan009GateDetSrc001,1,9,1,,,Gate self-key tap source (PreEQ/PostEQ),1710,nrv,2,,,,,,,,ChanGate,,,,,,,1,1,1199,0x04AF,,,,-,InstantCtl,Instant,0,0,Linear,Scalar
Chan010GateDetSrc001,1,10,1,,,Gate self-key tap source (PreEQ/PostEQ),1711,nrw,2,,,,,,,,ChanGate,,,,,,,1,1,1343,0x053F,,,,-,InstantCtl,Instant,0,0,Linear,Scalar
Chan011GateDetSrc001,1,11,1,,,Gate self-key tap source (PreEQ/PostEQ),1712,nsh,2,,,,,,,,ChanGate,,,,,,,1,1,1487,0x05CF,,,,-,InstantCtl,Instant,0,0,Linear,Scalar
Chan012GateDetSrc001,1,12,1,,,Gate self-key tap source (PreEQ/PostEQ),1713,nsi,2,,,,,,,,ChanGate,,,,,,,1,1,1631,0x065F,,,,-,InstantCtl,Instant,0,0,Linear,Scalar
Chan013GateDetSrc001,1,13,1,,,Gate self-key tap source (PreEQ/PostEQ),1714,nsj,2,,,,,,,,ChanGate,,,,,,,1,1,1775,0x06EF,,,,-,InstantCtl,Instant,0,0,Linear,Scalar
Chan014GateDetSrc001,1,14,1,,,Gate self-key tap source (PreEQ/PostEQ),1715,nsk,2,,,,,,,,ChanGate,,,,,,,1,1,1919,0x077F,,,,-,InstantCtl,Instant,0,0,Linear,Scalar
Chan015GateDetSrc001,1,15,1,,,Gate self-key tap source (PreEQ/PostEQ),1716,nsl,2,,,,,,,,ChanGate,,,,,,,1,1,2063,0x080F,,,,-,InstantCtl,Instant,0,0,Linear,Scalar
Chan016GateDetSrc001,1,16,1,,,Gate self-key tap source (PreEQ/PostEQ),1717,nsm,2,,,,,,,,ChanGate,,,,,,,1,1,2207,0x089F,,,,-,InstantCtl,Instant,0,0,Linear,Scalar
Chan017GateDetSrc001,1,17,1,,,Gate self-key tap source (PreEQ/PostEQ),1718,nsn,2,,,,,,,,ChanGate,,,,,,,1,1,2351,0x092F,,,,-,InstantCtl,Instant,0,0,Linear,Scalar
Chan018GateDetSrc001,1,18,1,,,Gate self-key tap source (PreEQ/PostEQ),1719,nso,2,,,,,,,,ChanGate,,,,,,,1,1,2495,0x09BF,,,,-,InstantCtl,Instant,0,0,Linear,Scalar
Chan019GateDetSrc001,1,19,1,,,Gate self-key tap source (PreEQ/PostEQ),1720,nsp,2,,,,,,,,ChanGate,,,,,,,1,1,2639,0x0A4F,,,,-,InstantCtl,Instant,0,0,Linear,Scalar
Chan020GateDetSrc001,1,20,1,,,Gate self-key tap source (PreEQ/PostEQ),1721,nsq,2,,,,,,,,ChanGate,,,,,,,1,1,2783,0x0ADF,,,,-,InstantCtl,Instant,0,0,Linear,Scalar
Chan021GateDetSrc001,1,21,1,,,Gate self-key tap source (PreEQ/PostEQ),1722,nsr,2,,,,,,,,ChanGate,,,,,,,1,1,2927,0x0B6F,,,,-,InstantCtl,Instant,0,0,Linear,Scalar
Chan022GateDetSrc001,1,22,1,,,Gate self-key tap source (PreEQ/PostEQ),1723,nss,2,,,,,,,,ChanGate,,,,,,,1,1,3071,0x0BFF,,,,-,InstantCtl,Instant,0,0,Linear,Scalar
Chan023GateDetSrc001,1,23,1,,,Gate self-key tap source (PreEQ/PostEQ),1724,nst,2,,,,,,,,ChanGate,,,,,,,1,1,3215,0x0C8F,,,,-,InstantCtl,Instant,0,0,Linear,Scalar
Chan024GateDetSrc001,1,24,1,,,Gate self-key tap source (PreEQ/PostEQ),1725,nsu,2,,,,,,,,ChanGate,,,,,,,1,1,3359,0x0D1F,,,,-,InstantCtl,Instant,0,0,Linear,Scalar
Chan001GateFilterOn001,1,1,1,,,Gate sidechain filter on/off,1726,nsv,2,,,,,,,,ChanGate,,,,,,,1,1,48,0x0030,,,,0,InstantCtl,Instant,0,0,Linear,Scalar
Chan002GateFilterOn001,1,2,1,,,Gate sidechain filter on/off,1727,nsw,2,,,,,,,,ChanGate,,,,,,,1,1,192,0x00C0,,,,0,InstantCtl,Instant,0,0,Linear,Scalar
Chan003GateFilterOn001,1,3,1,,,Gate sidechain filter on/off,1728,nth,2,,,,,,,,ChanGate,,,,,,,1,1,336,0x0150,,,,0,InstantCtl,Instant,0,0,Linear,Scalar
Chan004GateFilterOn001,1,4,1,,,Gate sidechain filter on/off,1729,nti,2,,,,,,,,ChanGate,,,,,,,1,1,480,0x01E0,,,,0,InstantCtl,Instant,0,0,Linear,Scalar
Chan005GateFilterOn001,1,5,1,,,Gate sidechain filter on/off,1730,ntj,2,,,,,,,,ChanGate,,,,,,,1,1,624,0x0270,,,,0,InstantCtl,Instant,0,0,Linear,Scalar
Chan006GateFilterOn001,1,6,1,,,Gate sidechain filter on/off,1731,ntk,2,,,,,,,,ChanGate,,,,,,,1,1,768,0x0300,,,,0,InstantCtl,Instant,0,0,Linear,Scalar
Chan007GateFilterOn001,1,7,1,,,Gate sidechain filter on/off,1732,ntl,2,,,,,,,,ChanGate,,,,,,,1,1,912,0x0390,,,,0,InstantCtl,Instant,0,0,Linear,Scalar
Chan008GateFilterOn001,1,8,1,,,Gate sidechain filter on/off,1733,ntm,2,,,,,,,,ChanGate,,,,,,,1,1,1056,0x0420,,,,0,InstantCtl,Instant,0,0,Linear,Scalar
Chan009GateFilterOn001,1,9,1,,,Gate sidechain filter on/off,1734,ntn,2,,,,,,,,ChanGate,,,,,,,1,1,1200,0x04B0,,,,0,InstantCtl,Instant,0,0,Linear,Scalar
Chan010GateFilterOn001,1,10,1,,,Gate sidechain filter on/off,1735,nto,2,,,,,,,,ChanGate,,,,,,,1,1,1344,0x0540,,,,0,InstantCtl,Instant,0,0,Linear,Scalar
Chan011GateFilterOn001,1,11,1,,,Gate sidechain filter on/off,1736,ntp,2,,,,,,,,ChanGate,,,,,,,1,1,1488,0x05D0,,,,0,InstantCtl,Instant,0,0,Linear,Scalar
Chan012GateFilterOn001,1,12,1,,,Gate sidechain filter on/off,1737,ntq,2,,,,,,,,ChanGate,,,,,,,1,1,1632,0x0660,,,,0,InstantCtl,Instant,0,0,Linear,Scalar
Chan013GateFilterOn001,1,13,1,,,Gate sidechain filter on/off,1738,ntr,2,,,,,,,,ChanGate,,,,,,,1,1,1776,0x06F0,,,,0,InstantCtl,Instant,0,0,Linear,Scalar
Chan014GateFilterOn001,1,14,1,,,Gate sidechain filter on/off,1739,nts,2,,,,,,,,ChanGate,,,,,,,1,1,1920,0x0780,,,,0,InstantCtl,Instant,0,0,Linear,Scalar
Chan015GateFilterOn001,1,15,1,,,Gate sidechain filter on/off,1740,ntt,2,,,,,,,,ChanGate,,,,,,,1,1,2064,0x0810,,,,0,InstantCtl,Instant,0,0,Linear,Scalar
Chan016GateFilterOn001,1,16,1,,,Gate sidechain filter on/off,1741,ntu,2,,,,,,,,ChanGate,,,,,,,1,1,2208,0x08A0,,,,0,InstantCtl,Instant,0,0,Linear,Scalar
Chan017GateFilterOn001,1,17,1,,,Gate sidechain filter on/off,1742,ntv,2,,,,,,,,ChanGate,,,,,,,1,1,2352,0x0930,,,,0,InstantCtl,Instant,0,0,Linear,Scalar
Chan018GateFilterOn001,1,18,1,,,Gate sidechain filter on/off,1743,ntw,2,,,,,,,,ChanGate,,,,,,,1,1,2496,0x09C0,,,,0,InstantCtl,Instant,0,0,Linear,Scalar
Chan019GateFilterOn001,1,19,1,,,Gate sidechain filter on/off,1744,nuh,2,,,,,,,,ChanGate,,,,,,,1,1,2640,0x0A50,,,,0,InstantCtl,Instant,0,0,Linear,Scalar
Chan020GateFilterOn001,1,20,1,,,Gate sidechain filter on/off,1745,nui,2,,,,,,,,ChanGate,,,,,,,1,1,2784,0x0AE0,,,,0,InstantCtl,Instant,0,0,Linear,Scalar
Chan021GateFilterOn001,1,21,1,,,Gate sidechain filter on/off,1746,nuj,2,,,,,,,,ChanGate,,,,,,,1,1,2928,0x0B70,,,,0,InstantCtl,Instant,0,0,Linear,Scalar
Chan022GateFilterOn001,1,22,1,,,Gate sidechain filter on/off,1747,nuk,2,,,,,,,,ChanGate,,,,,,,1,1,3072,0x0C00,,,,0,InstantCtl,Instant,0,0,Linear,Scalar
Chan023GateFilterOn001,1,23,1,,,Gate sidechain filter on/off,1748,nul,2,,,,,,,,ChanGate,,,,,,,1,1,3216,0x0C90,,,,0,InstantCtl,Instant,0,0,Linear,Scalar
Chan024GateFilterOn001,1,24,1,,,Gate sidechain filter on/off,1749,num,2,,,,,,,,ChanGate,,,,,,,1,1,3360,0x0D20,,,,0,InstantCtl,Instant,0,0,Linear,Scalar
Chan001GateFilterHpf001,1,1,1,,,Gate sidechain HPF frequency,1750,nun,65,32,,,,,,,ChanGate,,0=20/64=1000/[Log],,,,,1,1,49,0x0031,,,,-,InstantCtl,Instant,0,0,Linear,Scalar
Chan002GateFilterHpf001,1,2,1,,,Gate sidechain HPF frequency,1751,nuo,65,32,,,,,,,ChanGate,,0=20/64=1000/[Log],,,,,1,1,193,0x00C1,,,,-,InstantCtl,Instant,0,0,Linear,Scalar
Chan003GateFilterHpf001,1,3,1,,,Gate sidechain HPF frequency,1752,nup,65,32,,,,,,,ChanGate,,0=20/64=1000/[Log],,,,,1,1,337,0x0151,,,,-,InstantCtl,Instant,0,0,Linear,Scalar
Chan004GateFilterHpf001,1,4,1,,,Gate sidechain HPF frequency,1753,nuq,65,32,,,,,,,ChanGate,,0=20/64=1000/[Log],,,,,1,1,481,0x01E1,,,,-,InstantCtl,Instant,0,0,Linear,Scalar
Chan005GateFilterHpf001,1,5,1,,,Gate sidechain HPF frequency,1754,nur,65,32,,,,,,,ChanGate,,0=20/64=1000/[Log],,,,,1,1,625,0x0271,,,,-,InstantCtl,Instant,0,0,Linear,Scalar
Chan006GateFilterHpf001,1,6,1,,,Gate sidechain HPF frequency,1755,nus,65,32,,,,,,,ChanGate,,0=20/64=1000/[Log],,,,,1,1,769,0x0301,,,,-,InstantCtl,Instant,0,0,Linear,Scalar
Chan007GateFilterHpf001,1,7,1,,,Gate sidechain HPF frequency,1756,nut,65,32,,,,,,,ChanGate,,0=20/64=1000/[Log],,,,,1,1,913,0x0391,,,,-,InstantCtl,Instant,0,0,Linear,Scalar
Chan008GateFilterHpf001,1,8,1,,,Gate sidechain HPF frequency,1757,nuu,65,32,,,,,,,ChanGate,,0=20/64=1000/[Log],,,,,1,1,1057,0x0421,,,,-,InstantCtl,Instant,0,0,Linear,Scalar
Chan009GateFilterHpf001,1,9,1,,,Gate sidechain HPF frequency,1758,nuv,65,32,,,,,,,ChanGate,,0=20/64=1000/[Log],,,,,1,1,1201,0x04B1,,,,-,InstantCtl,Instant,0,0,Linear,Scalar
Chan010GateFilterHpf001,1,10,1,,,Gate sidechain HPF frequency,1759,nuw,65,32,,,,,,,ChanGate,,0=20/64=1000/[Log],,,,,1,1,1345,0x0541,,,,-,InstantCtl,Instant,0,0,Linear,Scalar
Chan011GateFilterHpf001,1,11,1,,,Gate sidechain HPF frequency,1760,nvh,65,32,,,,,,,ChanGate,,0=20/64=1000/[Log],,,,,1,1,1489,0x05D1,,,,-,InstantCtl,Instant,0,0,Linear,Scalar
Chan012GateFilterHpf001,1,12,1,,,Gate sidechain HPF frequency,1761,nvi,65,32,,,,,,,ChanGate,,0=20/64=1000/[Log],,,,,1,1,1633,0x0661,,,,-,InstantCtl,Instant,0,0,Linear,Scalar
Chan013GateFilterHpf001,1,13,1,,,Gate sidechain HPF frequency,1762,nvj,65,32,,,,,,,ChanGate,,0=20/64=1000/[Log],,,,,1,1,1777,0x06F1,,,,-,InstantCtl,Instant,0,0,Linear,Scalar
Chan014GateFilterHpf001,1,14,1,,,Gate sidechain HPF frequency,1763,nvk,65,32,,,,,,,ChanGate,,0=20/64=1000/[Log],,,,,1,1,1921,0x0781,,,,-,InstantCtl,Instant,0,0,Linear,Scalar
Chan015GateFilterHpf001,1,15,1,,,Gate sidechain HPF frequency,1764,nvl,65,32,,,,,,,ChanGate,,0=20/64=1000/[Log],,,,,1,1,2065,0x0811,,,,-,InstantCtl,Instant,0,0,Linear,Scalar
Chan016GateFilterHpf001,1,16,1,,,Gate sidechain HPF frequency,1765,nvm,65,32,,,,,,,ChanGate,,0=20/64=1000/[Log],,,,,1,1,2209,0x08A1,,,,-,InstantCtl,Instant,0,0,Linear,Scalar
Chan017GateFilterHpf001,1,17,1,,,Gate sidechain HPF frequency,1766,nvn,65,32,,,,,,,ChanGate,,0=20/64=1000/[Log],,,,,1,1,2353,0x0931,,,,-,InstantCtl,Instant,0,0,Linear,Scalar
Chan018GateFilterHpf001,1,18,1,,,Gate sidechain HPF frequency,1767,nvo,65,32,,,,,,,ChanGate,,0=20/64=1000/[Log],,,,,1,1,2497,0x09C1,,,,-,InstantCtl,Instant,0,0,Linear,Scalar
Chan019GateFilterHpf001,1,19,1,,,Gate sidechain HPF frequency,1768,nvp,65,32,,,,,,,ChanGate,,0=20/64=1000/[Log],,,,,1,1,2641,0x0A51,,,,-,InstantCtl,Instant,0,0,Linear,Scalar
Chan020GateFilterHpf001,1,20,1,,,Gate sidechain HPF frequency,1769,nvq,65,32,,,,,,,ChanGate,,0=20/64=1000/[Log],,,,,1,1,2785,0x0AE1,,,,-,InstantCtl,Instant,0,0,Linear,Scalar
Chan021GateFilterHpf001,1,21,1,,,Gate sidechain HPF frequency,1770,nvr,65,32,,,,,,,ChanGate,,0=20/64=1000/[Log],,,,,1,1,2929,0x0B71,,,,-,InstantCtl,Instant,0,0,Linear,Scalar
Chan022GateFilterHpf001,1,22,1,,,Gate sidechain HPF frequency,1771,nvs,65,32,,,,,,,ChanGate,,0=20/64=1000/[Log],,,,,1,1,3073,0x0C01,,,,-,InstantCtl,Instant,0,0,Linear,Scalar
Chan023GateFilterHpf001,1,23,1,,,Gate sidechain HPF frequency,1772,nvt,65,32,,,,,,,ChanGate,,0=20/64=1000/[Log],,,,,1,1,3217,0x0C91,,,,-,InstantCtl,Instant,0,0,Linear,Scalar
Chan024GateFilterHpf001,1,24,1,,,Gate sidechain HPF frequency,1773,nvu,65,32,,,,,,,ChanGate,,0=20/64=1000/[Log],,,,,1,1,3361,0x0D21,,,,-,InstantCtl,Instant,0,0,Linear,Scalar
Chan001GateFilterLpf001,1,1,1,,,Gate sidechain LPF frequency,1774,nvv,255,127,,,,,,,ChanGate,,0=500/127=20000/[Log],,,,,1,1,54,0x0036,,,,-,InstantCtl,Instant,0,0,Linear,Scalar
Chan002GateFilterLpf001,1,2,1,,,Gate sidechain LPF frequency,1775,nvw,255,127,,,,,,,ChanGate,,0=500/127=20000/[Log],,,,,1,1,198,0x00C6,,,,-,InstantCtl,Instant,0,0,Linear,Scalar
Chan003GateFilterLpf001,1,3,1,,,Gate sidechain LPF frequency,1776,nwh,255,127,,,,,,,ChanGate,,0=500/127=20000/[Log],,,,,1,1,342,0x0156,,,,-,InstantCtl,Instant,0,0,Linear,Scalar
Chan004GateFilterLpf001,1,4,1,,,Gate sidechain LPF frequency,1777,nwi,255,127,,,,,,,ChanGate,,0=500/127=20000/[Log],,,,,1,1,486,0x01E6,,,,-,InstantCtl,Instant,0,0,Linear,Scalar
Chan005GateFilterLpf001,1,5,1,,,Gate sidechain LPF frequency,1778,nwj,255,127,,,,,,,ChanGate,,0=500/127=20000/[Log],,,,,1,1,630,0x0276,,,,-,InstantCtl,Instant,0,0,Linear,Scalar
Chan006GateFilterLpf001,1,6,1,,,Gate sidechain LPF frequency,1779,nwk,255,127,,,,,,,ChanGate,,0=500/127=20000/[Log],,,,,1,1,774,0x0306,,,,-,InstantCtl,Instant,0,0,Linear,Scalar
Chan007GateFilterLpf001,1,7,1,,,Gate sidechain LPF frequency,1780,nwl,255,127,,,,,,,ChanGate,,0=500/127=20000/[Log],,,,,1,1,918,0x0396,,,,-,InstantCtl,Instant,0,0,Linear,Scalar
Chan008GateFilterLpf001,1,8,1,,,Gate sidechain LPF frequency,1781,nwm,255,127,,,,,,,ChanGate,,0=500/127=20000/[Log],,,,,1,1,1062,0x0426,,,,-,InstantCtl,Instant,0,0,Linear,Scalar
Chan009GateFilterLpf001,1,9,1,,,Gate sidechain LPF frequency,1782,nwn,255,127,,,,,,,ChanGate,,0=500/127=20000/[Log],,,,,1,1,1206,0x04B6,,,,-,InstantCtl,Instant,0,0,Linear,Scalar
Chan010GateFilterLpf001,1,10,1,,,Gate sidechain LPF frequency,1783,nwo,255,127,,,,,,,ChanGate,,0=500/127=20000/[Log],,,,,1,1,1350,0x0546,,,,-,InstantCtl,Instant,0,0,Linear,Scalar
Chan011GateFilterLpf001,1,11,1,,,Gate sidechain LPF frequency,1784,nwp,255,127,,,,,,,ChanGate,,0=500/127=20000/[Log],,,,,1,1,1494,0x05D6,,,,-,InstantCtl,Instant,0,0,Linear,Scalar
Chan012GateFilterLpf001,1,12,1,,,Gate sidechain LPF frequency,1785,nwq,255,127,,,,,,,ChanGate,,0=500/127=20000/[Log],,,,,1,1,1638,0x0666,,,,-,InstantCtl,Instant,0,0,Linear,Scalar
Chan013GateFilterLpf001,1,13,1,,,Gate sidechain LPF frequency,1786,nwr,255,127,,,,,,,ChanGate,,0=500/127=20000/[Log],,,,,1,1,1782,0x06F6,,,,-,InstantCtl,Instant,0,0,Linear,Scalar
Chan014GateFilterLpf001,1,14,1,,,Gate sidechain LPF frequency,1787,nws,255,127,,,,,,,ChanGate,,0=500/127=20000/[Log],,,,,1,1,1926,0x0786,,,,-,InstantCtl,Instant,0,0,Linear,Scalar
Chan015GateFilterLpf001,1,15,1,,,Gate sidechain LPF frequency,1788,nwt,255,127,,,,,,,ChanGate,,0=500/127=20000/[Log],,,,,1,1,2070,0x0816,,,,-,InstantCtl,Instant,0,0,Linear,Scalar
Chan016GateFilterLpf001,1,16,1,,,Gate sidechain LPF frequency,1789,nwu,255,127,,,,,,,ChanGate,,0=500/127=20000/[Log],,,,,1,1,2214,0x08A6,,,,-,InstantCtl,Instant,0,0,Linear,Scalar
Chan017GateFilterLpf001,1,17,1,,,Gate sidechain LPF frequency,1790,nwv,255,127,,,,,,,ChanGate,,0=500/127=20000/[Log],,,,,1,1,2358,0x0936,,,,-,InstantCtl,Instant,0,0,Linear,Scalar
Chan018GateFilterLpf001,1,18,1,,,Gate sidechain LPF frequency,1791,nww,255,127,,,,,,,ChanGate,,0=500/127=20000/[Log],,,,,1,1,2502,0x09C6,,,,-,InstantCtl,Instant,0,0,Linear,Scalar
Chan019GateFilterLpf001,1,19,1,,,Gate sidechain LPF frequency,1792,ohh,255,127,,,,,,,ChanGate,,0=500/127=20000/[Log],,,,,1,1,2646,0x0A56,,,,-,InstantCtl,Instant,0,0,Linear,Scalar
Chan020GateFilterLpf001,1,20,1,,,Gate sidechain LPF frequency,1793,ohi,255,127,,,,,,,ChanGate,,0=500/127=20000/[Log],,,,,1,1,2790,0x0AE6,,,,-,InstantCtl,Instant,0,0,Linear,Scalar
Chan021GateFilterLpf001,1,21,1,,,Gate sidechain LPF frequency,1794,ohj,255,127,,,,,,,ChanGate,,0=500/127=20000/[Log],,,,,1,1,2934,0x0B76,,,,-,InstantCtl,Instant,0,0,Linear,Scalar
Chan022GateFilterLpf001,1,22,1,,,Gate sidechain LPF frequency,1795,ohk,255,127,,,,,,,ChanGate,,0=500/127=20000/[Log],,,,,1,1,3078,0x0C06,,,,-,InstantCtl,Instant,0,0,Linear,Scalar
Chan023GateFilterLpf001,1,23,1,,,Gate sidechain LPF frequency,1796,ohl,255,127,,,,,,,ChanGate,,0=500/127=20000/[Log],,,,,1,1,3222,0x0C96,,,,-,InstantCtl,Instant,0,0,Linear,Scalar
Chan024GateFilterLpf001,1,24,1,,,Gate sidechain LPF frequency,1797,ohm,255,127,,,,,,,ChanGate,,0=500/127=20000/[Log],,,,,1,1,3366,0x0D26,,,,-,InstantCtl,Instant,0,0,Linear,Scalar
Chan001GateFilterQ001,1,1,1,,,Gate sidechain filter Q,1798,ohn,15,7,,,,,,,ChanGate,,0=0.1/14=10/[Log],,,,,1,1,49,0x0031,,,,-,InstantCtl,Instant,0,0,Linear,Scalar
Chan002GateFilterQ001,1,2,1,,,Gate sidechain filter Q,1799,oho,15,7,,,,,,,ChanGate,,0=0.1/14=10/[Log],,,,,1,1,193,0x00C1,,,,-,InstantCtl,Instant,0,0,Linear,Scalar
Chan003GateFilterQ001,1,3,1,,,Gate sidechain filter Q,1800,ohp,15,7,,,,,,,ChanGate,,0=0.1/14=10/[Log],,,,,1,1,337,0x0151,,,,-,InstantCtl,Instant,0,0,Linear,Scalar
Chan004GateFilterQ001,1,4,1,,,Gate sidechain filter Q,1801,ohq,15,7,,,,,,,ChanGate,,0=0.1/14=10/[Log],,,,,1,1,481,0x01E1,,,,-,InstantCtl,Instant,0,0,Linear,Scalar
Chan005GateFilterQ001,1,5,1,,,Gate sidechain filter Q,1802,ohr,15,7,,,,,,,ChanGate,,0=0.1/14=10/[Log],,,,,1,1,625,0x0271,,,,-,InstantCtl,Instant,0,0,Linear,Scalar
Chan006GateFilterQ001,1,6,1,,,Gate sidechain filter Q,1803,ohs,15,7,,,,,,,ChanGate,,0=0.1/14=10/[Log],,,,,1,1,769,0x0301,,,,-,InstantCtl,Instant,0,0,Linear,Scalar
Chan007GateFilterQ001,1,7,1,,,Gate sidechain filter Q,1804,oht,15,7,,,,,,,ChanGate,,0=0.1/14=10/[Log],,,,,1,1,913,0x0391,,,,-,InstantCtl,Instant,0,0,Linear,Scalar
Chan008GateFilterQ001,1,8,1,,,Gate sidechain filter Q,1805,ohu,15,7,,,,,,,ChanGate,,0=0.1/14=10/[Log],,,,,1,1,1057,0x0421,,,,-,InstantCtl,Instant,0,0,Linear,Scalar
Chan009GateFilterQ001,1,9,1,,,Gate sidechain filter Q,1806,ohv,15,7,,,,,,,ChanGate,,0=0.1/14=10/[Log],,,,,1,1,1201,0x04B1,,,,-,InstantCtl,Instant,0,0,Linear,Scalar
Chan010GateFilterQ001,1,10,1,,,Gate sidechain filter Q,1807,ohw,15,7,,,,,,,ChanGate,,0=0.1/14=10/[Log],,,,,1,1,1345,0x0541,,,,-,InstantCtl,Instant,0,0,Linear,Scalar
Chan011GateFilterQ001,1,11,1,,,Gate sidechain filter Q,1808,oih,15,7,,,,,,,ChanGate,,0=0.1/14=10/[Log],,,,,1,1,1489,0x05D1,,,,-,InstantCtl,Instant,0,0,Linear,Scalar
Chan012GateFilterQ001,1,12,1,,,Gate sidechain filter Q,1809,oii,15,7,,,,,,,ChanGate,,0=0.1/14=10/[Log],,,,,1,1,1633,0x0661,,,,-,InstantCtl,Instant,0,0,Linear,Scalar
Chan013GateFilterQ001,1,13,1,,,Gate sidechain filter Q,1810,oij,15,7,,,,,,,ChanGate,,0=0.1/14=10/[Log],,,,,1,1,1777,0x06F1,,,,-,InstantCtl,Instant,0,0,Linear,Scalar
Chan014GateFilterQ001,1,14,1,,,Gate sidechain filter Q,1811,oik,15,7,,,,,,,ChanGate,,0=0.1/14=10/[Log],,,,,1,1,1921,0x0781,,,,-,InstantCtl,Instant,0,0,Linear,Scalar
Chan015GateFilterQ001,1,15,1,,,Gate sidechain filter Q,1812,oil,15,7,,,,,,,ChanGate,,0=0.1/14=10/[Log],,,,,1,1,2065,0x0811,,,,-,InstantCtl,Instant,0,0,Linear,Scalar
Chan016GateFilterQ001,1,16,1,,,Gate sidechain filter Q,1813,oim,15,7,,,,,,,ChanGate,,0=0.1/14=10/[Log],,,,,1,1,2209,0x08A1,,,,-,InstantCtl,Instant,0,0,Linear,Scalar
Chan017GateFilterQ001,1,17,1,,,Gate sidechain filter Q,1814,oin,15,7,,,,,,,ChanGate,,0=0.1/14=10/[Log],,,,,1,1,2353,0x0931,,,,-,InstantCtl,Instant,0,0,Linear,Scalar
Chan018GateFilterQ001,1,18,1,,,Gate sidechain filter Q,1815,oio,15,7,,,,,,,ChanGate,,0=0.1/14=10/[Log],,,,,1,1,2497,0x09C1,,,,-,InstantCtl,Instant,0,0,Linear,Scalar
Chan019GateFilterQ001,1,19,1,,,Gate sidechain filter Q,1816,oip,15,7,,,,,,,ChanGate,,0=0.1/14=10/[Log],,,,,1,1,2641,0x0A51,,,,-,InstantCtl,Instant,0,0,Linear,Scalar
Chan020GateFilterQ001,1,20,1,,,Gate sidechain filter Q,1817,oiq,15,7,,,,,,,ChanGate,,0=0.1/14=10/[Log],,,,,1,1,2785,0x0AE1,,,,-,InstantCtl,Instant,0,0,Linear,Scalar
Chan021GateFilterQ001,1,21,1,,,Gate sidechain filter Q,1818,oir,15,7,,,,,,,ChanGate,,0=0.1/14=10/[Log],,,,,1,1,2929,0x0B71,,,,-,InstantCtl,Instant,0,0,Linear,Scalar
Chan022GateFilterQ001,1,22,1,,,Gate sidechain filter Q,1819,ois,15,7,,,,,,,ChanGate,,0=0.1/14=10/[Log],,,,,1,1,3073,0x0C01,,,,-,InstantCtl,Instant,0,0,Linear,Scalar
Chan023GateFilterQ001,1,23,1,,,Gate sidechain filter Q,1820,oit,15,7,,,,,,,ChanGate,,0=0.1/14=10/[Log],,,,,1,1,3217,0x0C91,,,,-,InstantCtl,Instant,0,0,Linear,Scalar
Chan024GateFilterQ001,1,24,1,,,Gate sidechain filter Q,1821,oiu,15,7,,,,,,,ChanGate,,0=0.1/14=10/[Log],,,,,1,1,3361,0x0D21,,,,-,InstantCtl,Instant,0,0,Linear,Scalar
Chan001GateOn001,1,1,1,,,Gate on/off,1822,oiv,2,,,,,,,,ChanGate,,,,,,,1,1,40,0x0028,,,,0,InstantCtl,Instant,0,0,Linear,Scalar
Chan002GateOn001,1,2,1,,,Gate on/off,1823,oiw,2,,,,,,,,ChanGate,,,,,,,1,1,184,0x00B8,,,,0,InstantCtl,Instant,0,0,Linear,Scalar
Chan003GateOn001,1,3,1,,,Gate on/off,1824,ojh,2,,,,,,,,ChanGate,,,,,,,1,1,328,0x0148,,,,0,InstantCtl,Instant,0,0,Linear,Scalar
Chan004GateOn001,1,4,1,,,Gate on/off,1825,oji,2,,,,,,,,ChanGate,,,,,,,1,1,472,0x01D8,,,,0,InstantCtl,Instant,0,0,Linear,Scalar
Chan005GateOn001,1,5,1,,,Gate on/off,1826,ojj,2,,,,,,,,ChanGate,,,,,,,1,1,616,0x0268,,,,0,InstantCtl,Instant,0,0,Linear,Scalar
Chan006GateOn001,1,6,1,,,Gate on/off,1827,ojk,2,,,,,,,,ChanGate,,,,,,,1,1,760,0x02F8,,,,0,InstantCtl,Instant,0,0,Linear,Scalar
Chan007GateOn001,1,7,1,,,Gate on/off,1828,ojl,2,,,,,,,,ChanGate,,,,,,,1,1,904,0x0388,,,,0,InstantCtl,Instant,0,0,Linear,Scalar
Chan008GateOn001,1,8,1,,,Gate on/off,1829,ojm,2,,,,,,,,ChanGate,,,,,,,1,1,1048,0x0418,,,,0,InstantCtl,Instant,0,0,Linear,Scalar
Chan009GateOn001,1,9,1,,,Gate on/off,1830,ojn,2,,,,,,,,ChanGate,,,,,,,1,1,1192,0x04A8,,,,0,InstantCtl,Instant,0,0,Linear,Scalar
Chan010GateOn001,1,10,1,,,Gate on/off,1831,ojo,2,,,,,,,,ChanGate,,,,,,,1,1,1336,0x0538,,,,0,InstantCtl,Instant,0,0,Linear,Scalar
Chan011GateOn001,1,11,1,,,Gate on/off,1832,ojp,2,,,,,,,,ChanGate,,,,,,,1,1,1480,0x05C8,,,,0,InstantCtl,Instant,0,0,Linear,Scalar
Chan012GateOn001,1,12,1,,,Gate on/off,1833,ojq,2,,,,,,,,ChanGate,,,,,,,1,1,1624,0x0658,,,,0,InstantCtl,Instant,0,0,Linear,Scalar
Chan013GateOn001,1,13,1,,,Gate on/off,1834,ojr,2,,,,,,,,ChanGate,,,,,,,1,1,1768,0x06E8,,,,0,InstantCtl,Instant,0,0,Linear,Scalar
Chan014GateOn001,1,14,1,,,Gate on/off,1835,ojs,2,,,,,,,,ChanGate,,,,,,,1,1,1912,0x0778,,,,0,InstantCtl,Instant,0,0,Linear,Scalar
Chan015GateOn001,1,15,1,,,Gate on/off,1836,ojt,2,,,,,,,,ChanGate,,,,,,,1,1,2056,0x0808,,,,0,InstantCtl,Instant,0,0,Linear,Scalar
Chan016GateOn001,1,16,1,,,Gate on/off,1837,oju,2,,,,,,,,ChanGate,,,,,,,1,1,2200,0x0898,,,,0,InstantCtl,Instant,0,0,Linear,Scalar
Chan017GateOn001,1,17,1,,,Gate on/off,1838,ojv,2,,,,,,,,ChanGate,,,,,,,1,1,2344,0x0928,,,,0,InstantCtl,Instant,0,0,Linear,Scalar
Chan018GateOn001,1,18,1,,,Gate on/off,1839,ojw,2,,,,,,,,ChanGate,,,,,,,1,1,2488,0x09B8,,,,0,InstantCtl,Instant,0,0,Linear,Scalar
Chan019GateOn001,1,19,1,,,Gate on/off,1840,okh,2,,,,,,,,ChanGate,,,,,,,1,1,2632,0x0A48,,,,0,InstantCtl,Instant,0,0,Linear,Scalar
Chan020GateOn001,1,20,1,,,Gate on/off,1841,oki,2,,,,,,,,ChanGate,,,,,,,1,1,2776,0x0AD8,,,,0,InstantCtl,Instant,0,0,Linear,Scalar
Chan021GateOn001,1,21,1,,,Gate on/off,1842,okj,2,,,,,,,,ChanGate,,,,,,,1,1,2920,0x0B68,,,,0,InstantCtl,Instant,0,0,Linear,Scalar
Chan022GateOn001,1,22,1,,,Gate on/off,1843,okk,2,,,,,,,,ChanGate,,,,,,,1,1,3064,0x0BF8,,,,0,InstantCtl,Instant,0,0,Linear,Scalar
Chan023GateOn001,1,23,1,,,Gate on/off,1844,okl,2,,,,,,,,ChanGate,,,,,,,1,1,3208,0x0C88,,,,0,InstantCtl,Instant,0,0,Linear,Scalar
Chan024GateOn001,1,24,1,,,Gate on/off,1845,okm,2,,,,,,,,ChanGate,,,,,,,1,1,3352,0x0D18,,,,0,InstantCtl,Instant,0,0,Linear,Scalar
Chan001GateRel001,1,1,1,,,Gate release time,1846,okn,255,,,,,,,,ChanGate,,0=50/254=5000/[Log],,,,,1,1,44,0x002C,,,,-,DynSafe,LinearFrames,6,20,Exp,Scalar
Chan002GateRel001,1,2,1,,,Gate release time,1847,oko,255,,,,,,,,ChanGate,,0=50/254=5000/[Log],,,,,1,1,188,0x00BC,,,,-,DynSafe,LinearFrames,6,20,Exp,Scalar
Chan003GateRel001,1,3,1,,,Gate release time,1848,okp,255,,,,,,,,ChanGate,,0=50/254=5000/[Log],,,,,1,1,332,0x014C,,,,-,DynSafe,LinearFrames,6,20,Exp,Scalar
Chan004GateRel001,1,4,1,,,Gate release time,1849,okq,255,,,,,,,,ChanGate,,0=50/254=5000/[Log],,,,,1,1,476,0x01DC,,,,-,DynSafe,LinearFrames,6,20,Exp,Scalar
Chan005GateRel001,1,5,1,,,Gate release time,1850,okr,255,,,,,,,,ChanGate,,0=50/254=5000/[Log],,,,,1,1,620,0x026C,,,,-,DynSafe,LinearFrames,6,20,Exp,Scalar
Chan006GateRel001,1,6,1,,,Gate release time,1851,oks,255,,,,,,,,ChanGate,,0=50/254=5000/[Log],,,,,1,1,764,0x02FC,,,,-,DynSafe,LinearFrames,6,20,Exp,Scalar
Chan007GateRel001,1,7,1,,,Gate release time,1852,okt,255,,,,,,,,ChanGate,,0=50/254=5000/[Log],,,,,1,1,908,0x038C,,,,-,DynSafe,LinearFrames,6,20,Exp,Scalar
Chan008GateRel001,1,8,1,,,Gate release time,1853,oku,255,,,,,,,,ChanGate,,0=50/254=5000/[Log],,,,,1,1,1052,0x041C,,,,-,DynSafe,LinearFrames,6,20,Exp,Scalar
Chan009GateRel001,1,9,1,,,Gate release time,1854,okv,255,,,,,,,,ChanGate,,0=50/254=5000/[Log],,,,,1,1,1196,0x04AC,,,,-,DynSafe,LinearFrames,6,20,Exp,Scalar
Chan010GateRel001,1,10,1,,,Gate release time,1855,okw,255,,,,,,,,ChanGate,,0=50/254=5000/[Log],,,,,1,1,1340,0x053C,,,,-,DynSafe,LinearFrames,6,20,Exp,Scalar
Chan011GateRel001,1,11,1,,,Gate release time,1856,olh,255,,,,,,,,ChanGate,,0=50/254=5000/[Log],,,,,1,1,1484,0x05CC,,,,-,DynSafe,LinearFrames,6,20,Exp,Scalar
Chan012GateRel001,1,12,1,,,Gate release time,1857,oli,255,,,,,,,,ChanGate,,0=50/254=5000/[Log],,,,,1,1,1628,0x065C,,,,-,DynSafe,LinearFrames,6,20,Exp,Scalar
Chan013GateRel001,1,13,1,,,Gate release time,1858,olj,255,,,,,,,,ChanGate,,0=50/254=5000/[Log],,,,,1,1,1772,0x06EC,,,,-,DynSafe,LinearFrames,6,20,Exp,Scalar
Chan014GateRel001,1,14,1,,,Gate release time,1859,olk,255,,,,,,,,ChanGate,,0=50/254=5000/[Log],,,,,1,1,1916,0x077C,,,,-,DynSafe,LinearFrames,6,20,Exp,Scalar
Chan015GateRel001,1,15,1,,,Gate release time,1860,oll,255,,,,,,,,ChanGate,,0=50/254=5000/[Log],,,,,1,1,2060,0x080C,,,,-,DynSafe,LinearFrames,6,20,Exp,Scalar
Chan016GateRel001,1,16,1,,,Gate release time,1861,olm,255,,,,,,,,ChanGate,,0=50/254=5000/[Log],,,,,1,1,2204,0x089C,,,,-,DynSafe,LinearFrames,6,20,Exp,Scalar
Chan017GateRel001,1,17,1,,,Gate release time,1862,oln,255,,,,,,,,ChanGate,,0=50/254=5000/[Log],,,,,1,1,2348,0x092C,,,,-,DynSafe,LinearFrames,6,20,Exp,Scalar
Chan018GateRel001,1,18,1,,,Gate release time,1863,olo,255,,,,,,,,ChanGate,,0=50/254=5000/[Log],,,,,1,1,2492,0x09BC,,,,-,DynSafe,LinearFrames,6,20,Exp,Scalar
Chan019GateRel001,1,19,1,,,Gate release time,1864,olp,255,,,,,,,,ChanGate,,0=50/254=5000/[Log],,,,,1,1,2636,0x0A4C,,,,-,DynSafe,LinearFrames,6,20,Exp,Scalar
Chan020GateRel001,1,20,1,,,Gate release time,1865,olq,255,,,,,,,,ChanGate,,0=50/254=5000/[Log],,,,,1,1,2780,0x0ADC,,,,-,DynSafe,LinearFrames,6,20,Exp,Scalar
Chan021GateRel001,1,21,1,,,Gate release time,1866,olr,255,,,,,,,,ChanGate,,0=50/254=5000/[Log],,,,,1,1,2924,0x0B6C,,,,-,DynSafe,LinearFrames,6,20,Exp,Scalar
Chan022GateRel001,1,22,1,,,Gate release time,1867,ols,255,,,,,,,,ChanGate,,0=50/254=5000/[Log],,,,,1,1,3068,0x0BFC,,,,-,DynSafe,LinearFrames,6,20,Exp,Scalar
Chan023GateRel001,1,23,1,,,Gate release time,1868,olt,255,,,,,,,,ChanGate,,0=50/254=5000/[Log],,,,,1,1,3212,0x0C8C,,,,-,DynSafe,LinearFrames,6,20,Exp,Scalar
Chan024GateRel001,1,24,1,,,Gate release time,1869,olu,255,,,,,,,,ChanGate,,0=50/254=5000/[Log],,,,,1,1,3356,0x0D1C,,,,-,DynSafe,LinearFrames,6,20,Exp,Scalar
Chan001GateRng001,1,1,1,,,Gate depth/range 0-60dB,1870,olv,255,,,,,,,,ChanGate,,0=0/254=60/[Lin],,,,,1,1,45,0x002D,,,,0,DynSafe,LinearFrames,6,20,Exp,Scalar
Chan002GateRng001,1,2,1,,,Gate depth/range 0-60dB,1871,olw,255,,,,,,,,ChanGate,,0=0/254=60/[Lin],,,,,1,1,189,0x00BD,,,,0,DynSafe,LinearFrames,6,20,Exp,Scalar
Chan003GateRng001,1,3,1,,,Gate depth/range 0-60dB,1872,omh,255,,,,,,,,ChanGate,,0=0/254=60/[Lin],,,,,1,1,333,0x014D,,,,0,DynSafe,LinearFrames,6,20,Exp,Scalar
Chan004GateRng001,1,4,1,,,Gate depth/range 0-60dB,1873,omi,255,,,,,,,,ChanGate,,0=0/254=60/[Lin],,,,,1,1,477,0x01DD,,,,0,DynSafe,LinearFrames,6,20,Exp,Scalar
Chan005GateRng001,1,5,1,,,Gate depth/range 0-60dB,1874,omj,255,,,,,,,,ChanGate,,0=0/254=60/[Lin],,,,,1,1,621,0x026D,,,,0,DynSafe,LinearFrames,6,20,Exp,Scalar
Chan006GateRng001,1,6,1,,,Gate depth/range 0-60dB,1875,omk,255,,,,,,,,ChanGate,,0=0/254=60/[Lin],,,,,1,1,765,0x02FD,,,,0,DynSafe,LinearFrames,6,20,Exp,Scalar
Chan007GateRng001,1,7,1,,,Gate depth/range 0-60dB,1876,oml,255,,,,,,,,ChanGate,,0=0/254=60/[Lin],,,,,1,1,909,0x038D,,,,0,DynSafe,LinearFrames,6,20,Exp,Scalar
Chan008GateRng001,1,8,1,,,Gate depth/range 0-60dB,1877,omm,255,,,,,,,,ChanGate,,0=0/254=60/[Lin],,,,,1,1,1053,0x041D,,,,0,DynSafe,LinearFrames,6,20,Exp,Scalar
Chan009GateRng001,1,9,1,,,Gate depth/range 0-60dB,1878,omn,255,,,,,,,,ChanGate,,0=0/254=60/[Lin],,,,,1,1,1197,0x04AD,,,,0,DynSafe,LinearFrames,6,20,Exp,Scalar
Chan010GateRng001,1,10,1,,,Gate depth/range 0-60dB,1879,omo,255,,,,,,,,ChanGate,,0=0/254=60/[Lin],,,,,1,1,1341,0x053D,,,,0,DynSafe,LinearFrames,6,20,Exp,Scalar
Chan011GateRng001,1,11,1,,,Gate depth/range 0-60dB,1880,omp,255,,,,,,,,ChanGate,,0=0/254=60/[Lin],,,,,1,1,1485,0x05CD,,,,0,DynSafe,LinearFrames,6,20,Exp,Scalar
Chan012GateRng001,1,12,1,,,Gate depth/range 0-60dB,1881,omq,255,,,,,,,,ChanGate,,0=0/254=60/[Lin],,,,,1,1,1629,0x065D,,,,0,DynSafe,LinearFrames,6,20,Exp,Scalar
Chan013GateRng001,1,13,1,,,Gate depth/range 0-60dB,1882,omr,255,,,,,,,,ChanGate,,0=0/254=60/[Lin],,,,,1,1,1773,0x06ED,,,,0,DynSafe,LinearFrames,6,20,Exp,Scalar
Chan014GateRng001,1,14,1,,,Gate depth/range 0-60dB,1883,oms,255,,,,,,,,ChanGate,,0=0/254=60/[Lin],,,,,1,1,1917,0x077D,,,,0,DynSafe,LinearFrames,6,20,Exp,Scalar
Chan015GateRng001,1,15,1,,,Gate depth/range 0-60dB,1884,omt,255,,,,,,,,ChanGate,,0=0/254=60/[Lin],,,,,1,1,2061,0x080D,,,,0,DynSafe,LinearFrames,6,20,Exp,Scalar
Chan016GateRng001,1,16,1,,,Gate depth/range 0-60dB,1885,omu,255,,,,,,,,ChanGate,,0=0/254=60/[Lin],,,,,1,1,2205,0x089D,,,,0,DynSafe,LinearFrames,6,20,Exp,Scalar
Chan017GateRng001,1,17,1,,,Gate depth/range 0-60dB,1886,omv,255,,,,,,,,ChanGate,,0=0/254=60/[Lin],,,,,1,1,2349,0x092D,,,,0,DynSafe,LinearFrames,6,20,Exp,Scalar
Chan018GateRng001,1,18,1,,,Gate depth/range 0-60dB,1887,omw,255,,,,,,,,ChanGate,,0=0/254=60/[Lin],,,,,1,1,2493,0x09BD,,,,0,DynSafe,LinearFrames,6,20,Exp,Scalar
Chan019GateRng001,1,19,1,,,Gate depth/range 0-60dB,1888,onh,255,,,,,,,,ChanGate,,0=0/254=60/[Lin],,,,,1,1,2637,0x0A4D,,,,0,DynSafe,LinearFrames,6,20,Exp,Scalar
Chan020GateRng001,1,20,1,,,Gate depth/range 0-60dB,1889,oni,255,,,,,,,,ChanGate,,0=0/254=60/[Lin],,,,,1,1,2781,0x0ADD,,,,0,DynSafe,LinearFrames,6,20,Exp,Scalar
Chan021GateRng001,1,21,1,,,Gate depth/range 0-60dB,1890,onj,255,,,,,,,,ChanGate,,0=0/254=60/[Lin],,,,,1,1,2925,0x0B6D,,,,0,DynSafe,LinearFrames,6,20,Exp,Scalar
Chan022GateRng001,1,22,1,,,Gate depth/range 0-60dB,1891,onk,255,,,,,,,,ChanGate,,0=0/254=60/[Lin],,,,,1,1,3069,0x0BFD,,,,0,DynSafe,LinearFrames,6,20,Exp,Scalar
Chan023GateRng001,1,23,1,,,Gate depth/range 0-60dB,1892,onl,255,,,,,,,,ChanGate,,0=0/254=60/[Lin],,,,,1,1,3213,0x0C8D,,,,0,DynSafe,LinearFrames,6,20,Exp,Scalar
Chan024GateRng001,1,24,1,,,Gate depth/range 0-60dB,1893,onm,255,,,,,,,,ChanGate,,0=0/254=60/[Lin],,,,,1,1,3357,0x0D1D,,,,0,DynSafe,LinearFrames,6,20,Exp,Scalar
Chan001GateThr001,1,1,1,,,Gate threshold level,1894,onn,255,,,,,,,,ChanGate,,0=-80/254=0/[Lin],,,,,1,1,41,0x0029,,,,0,DynSafe,LinearFrames,6,20,Exp,Scalar
Chan002GateThr001,1,2,1,,,Gate threshold level,1895,ono,255,,,,,,,,ChanGate,,0=-80/254=0/[Lin],,,,,1,1,185,0x00B9,,,,0,DynSafe,LinearFrames,6,20,Exp,Scalar
Chan003GateThr001,1,3,1,,,Gate threshold level,1896,onp,255,,,,,,,,ChanGate,,0=-80/254=0/[Lin],,,,,1,1,329,0x0149,,,,0,DynSafe,LinearFrames,6,20,Exp,Scalar
Chan004GateThr001,1,4,1,,,Gate threshold level,1897,onq,255,,,,,,,,ChanGate,,0=-80/254=0/[Lin],,,,,1,1,473,0x01D9,,,,0,DynSafe,LinearFrames,6,20,Exp,Scalar
Chan005GateThr001,1,5,1,,,Gate threshold level,1898,onr,255,,,,,,,,ChanGate,,0=-80/254=0/[Lin],,,,,1,1,617,0x0269,,,,0,DynSafe,LinearFrames,6,20,Exp,Scalar
Chan006GateThr001,1,6,1,,,Gate threshold level,1899,ons,255,,,,,,,,ChanGate,,0=-80/254=0/[Lin],,,,,1,1,761,0x02F9,,,,0,DynSafe,LinearFrames,6,20,Exp,Scalar
Chan007GateThr001,1,7,1,,,Gate threshold level,1900,ont,255,,,,,,,,ChanGate,,0=-80/254=0/[Lin],,,,,1,1,905,0x0389,,,,0,DynSafe,LinearFrames,6,20,Exp,Scalar
Chan008GateThr001,1,8,1,,,Gate threshold level,1901,onu,255,,,,,,,,ChanGate,,0=-80/254=0/[Lin],,,,,1,1,1049,0x0419,,,,0,DynSafe,LinearFrames,6,20,Exp,Scalar
Chan009GateThr001,1,9,1,,,Gate threshold level,1902,onv,255,,,,,,,,ChanGate,,0=-80/254=0/[Lin],,,,,1,1,1193,0x04A9,,,,0,DynSafe,LinearFrames,6,20,Exp,Scalar
Chan010GateThr001,1,10,1,,,Gate threshold level,1903,onw,255,,,,,,,,ChanGate,,0=-80/254=0/[Lin],,,,,1,1,1337,0x0539,,,,0,DynSafe,LinearFrames,6,20,Exp,Scalar
Chan011GateThr001,1,11,1,,,Gate threshold level,1904,ooh,255,,,,,,,,ChanGate,,0=-80/254=0/[Lin],,,,,1,1,1481,0x05C9,,,,0,DynSafe,LinearFrames,6,20,Exp,Scalar
Chan012GateThr001,1,12,1,,,Gate threshold level,1905,ooi,255,,,,,,,,ChanGate,,0=-80/254=0/[Lin],,,,,1,1,1625,0x0659,,,,0,DynSafe,LinearFrames,6,20,Exp,Scalar
Chan013GateThr001,1,13,1,,,Gate threshold level,1906,ooj,255,,,,,,,,ChanGate,,0=-80/254=0/[Lin],,,,,1,1,1769,0x06E9,,,,0,DynSafe,LinearFrames,6,20,Exp,Scalar
Chan014GateThr001,1,14,1,,,Gate threshold level,1907,ook,255,,,,,,,,ChanGate,,0=-80/254=0/[Lin],,,,,1,1,1913,0x0779,,,,0,DynSafe,LinearFrames,6,20,Exp,Scalar
Chan015GateThr001,1,15,1,,,Gate threshold level,1908,ool,255,,,,,,,,ChanGate,,0=-80/254=0/[Lin],,,,,1,1,2057,0x0809,,,,0,DynSafe,LinearFrames,6,20,Exp,Scalar
Chan016GateThr001,1,16,1,,,Gate threshold level,1909,oom,255,,,,,,,,ChanGate,,0=-80/254=0/[Lin],,,,,1,1,2201,0x0899,,,,0,DynSafe,LinearFrames,6,20,Exp,Scalar
Chan017GateThr001,1,17,1,,,Gate threshold level,1910,oon,255,,,,,,,,ChanGate,,0=-80/254=0/[Lin],,,,,1,1,2345,0x0929,,,,0,DynSafe,LinearFrames,6,20,Exp,Scalar
Chan018GateThr001,1,18,1,,,Gate threshold level,1911,ooo,255,,,,,,,,ChanGate,,0=-80/254=0/[Lin],,,,,1,1,2489,0x09B9,,,,0,DynSafe,LinearFrames,6,20,Exp,Scalar
Chan019GateThr001,1,19,1,,,Gate threshold level,1912,oop,255,,,,,,,,ChanGate,,0=-80/254=0/[Lin],,,,,1,1,2633,0x0A49,,,,0,DynSafe,LinearFrames,6,20,Exp,Scalar
Chan020GateThr001,1,20,1,,,Gate threshold level,1913,ooq,255,,,,,,,,ChanGate,,0=-80/254=0/[Lin],,,,,1,1,2777,0x0AD9,,,,0,DynSafe,LinearFrames,6,20,Exp,Scalar
Chan021GateThr001,1,21,1,,,Gate threshold level,1914,oor,255,,,,,,,,ChanGate,,0=-80/254=0/[Lin],,,,,1,1,2921,0x0B69,,,,0,DynSafe,LinearFrames,6,20,Exp,Scalar
Chan022GateThr001,1,22,1,,,Gate threshold level,1915,oos,255,,,,,,,,ChanGate,,0=-80/254=0/[Lin],,,,,1,1,3065,0x0BF9,,,,0,DynSafe,LinearFrames,6,20,Exp,Scalar
Chan023GateThr001,1,23,1,,,Gate threshold level,1916,oot,255,,,,,,,,ChanGate,,0=-80/254=0/[Lin],,,,,1,1,3209,0x0C89,,,,0,DynSafe,LinearFrames,6,20,Exp,Scalar
Chan024GateThr001,1,24,1,,,Gate threshold level,1917,oou,255,,,,,,,,ChanGate,,0=-80/254=0/[Lin],,,,,1,1,3353,0x0D19,,,,0,DynSafe,LinearFrames,6,20,Exp,Scalar
Chan001InputSel001,1,1,1,,,Input source select Mic / Line / Inst / USB return: 0=Mic 1=Line 2=Inst (Hi-Z; channels 1-2 only) 3=USB return (the RT1180 USB-C return as an alternative strip input) - restated by PW rulings D1/D13 2026-09-28 (was Mic/Line/Digital/USB),1918,oov,33,,,,,,,,,,,,,,,1,1,3,0x0003,,,,0,InstantCtl,Instant,0,0,Linear,Scalar
Chan002InputSel001,1,2,1,,,Input source select Mic / Line / Inst / USB return: 0=Mic 1=Line 2=Inst (Hi-Z; channels 1-2 only) 3=USB return (the RT1180 USB-C return as an alternative strip input) - restated by PW rulings D1/D13 2026-09-28 (was Mic/Line/Digital/USB),1919,oow,33,,,,,,,,,,,,,,,1,1,147,0x0093,,,,0,InstantCtl,Instant,0,0,Linear,Scalar
Chan003InputSel001,1,3,1,,,Input source select Mic / Line / Inst / USB return: 0=Mic 1=Line 2=Inst (Hi-Z; channels 1-2 only) 3=USB return (the RT1180 USB-C return as an alternative strip input) - restated by PW rulings D1/D13 2026-09-28 (was Mic/Line/Digital/USB),1920,oph,33,,,,,,,,,,,,,,,1,1,291,0x0123,,,,0,InstantCtl,Instant,0,0,Linear,Scalar
Chan004InputSel001,1,4,1,,,Input source select Mic / Line / Inst / USB return: 0=Mic 1=Line 2=Inst (Hi-Z; channels 1-2 only) 3=USB return (the RT1180 USB-C return as an alternative strip input) - restated by PW rulings D1/D13 2026-09-28 (was Mic/Line/Digital/USB),1921,opi,33,,,,,,,,,,,,,,,1,1,435,0x01B3,,,,0,InstantCtl,Instant,0,0,Linear,Scalar
Chan005InputSel001,1,5,1,,,Input source select Mic / Line / Inst / USB return: 0=Mic 1=Line 2=Inst (Hi-Z; channels 1-2 only) 3=USB return (the RT1180 USB-C return as an alternative strip input) - restated by PW rulings D1/D13 2026-09-28 (was Mic/Line/Digital/USB),1922,opj,33,,,,,,,,,,,,,,,1,1,579,0x0243,,,,0,InstantCtl,Instant,0,0,Linear,Scalar
Chan006InputSel001,1,6,1,,,Input source select Mic / Line / Inst / USB return: 0=Mic 1=Line 2=Inst (Hi-Z; channels 1-2 only) 3=USB return (the RT1180 USB-C return as an alternative strip input) - restated by PW rulings D1/D13 2026-09-28 (was Mic/Line/Digital/USB),1923,opk,33,,,,,,,,,,,,,,,1,1,723,0x02D3,,,,0,InstantCtl,Instant,0,0,Linear,Scalar
Chan007InputSel001,1,7,1,,,Input source select Mic / Line / Inst / USB return: 0=Mic 1=Line 2=Inst (Hi-Z; channels 1-2 only) 3=USB return (the RT1180 USB-C return as an alternative strip input) - restated by PW rulings D1/D13 2026-09-28 (was Mic/Line/Digital/USB),1924,opl,33,,,,,,,,,,,,,,,1,1,867,0x0363,,,,0,InstantCtl,Instant,0,0,Linear,Scalar
Chan008InputSel001,1,8,1,,,Input source select Mic / Line / Inst / USB return: 0=Mic 1=Line 2=Inst (Hi-Z; channels 1-2 only) 3=USB return (the RT1180 USB-C return as an alternative strip input) - restated by PW rulings D1/D13 2026-09-28 (was Mic/Line/Digital/USB),1925,opm,33,,,,,,,,,,,,,,,1,1,1011,0x03F3,,,,0,InstantCtl,Instant,0,0,Linear,Scalar
Chan009InputSel001,1,9,1,,,Input source select Mic / Line / Inst / USB return: 0=Mic 1=Line 2=Inst (Hi-Z; channels 1-2 only) 3=USB return (the RT1180 USB-C return as an alternative strip input) - restated by PW rulings D1/D13 2026-09-28 (was Mic/Line/Digital/USB),1926,opn,33,,,,,,,,,,,,,,,1,1,1155,0x0483,,,,0,InstantCtl,Instant,0,0,Linear,Scalar
Chan010InputSel001,1,10,1,,,Input source select Mic / Line / Inst / USB return: 0=Mic 1=Line 2=Inst (Hi-Z; channels 1-2 only) 3=USB return (the RT1180 USB-C return as an alternative strip input) - restated by PW rulings D1/D13 2026-09-28 (was Mic/Line/Digital/USB),1927,opo,33,,,,,,,,,,,,,,,1,1,1299,0x0513,,,,0,InstantCtl,Instant,0,0,Linear,Scalar
Chan011InputSel001,1,11,1,,,Input source select Mic / Line / Inst / USB return: 0=Mic 1=Line 2=Inst (Hi-Z; channels 1-2 only) 3=USB return (the RT1180 USB-C return as an alternative strip input) - restated by PW rulings D1/D13 2026-09-28 (was Mic/Line/Digital/USB),1928,opp,33,,,,,,,,,,,,,,,1,1,1443,0x05A3,,,,0,InstantCtl,Instant,0,0,Linear,Scalar
Chan012InputSel001,1,12,1,,,Input source select Mic / Line / Inst / USB return: 0=Mic 1=Line 2=Inst (Hi-Z; channels 1-2 only) 3=USB return (the RT1180 USB-C return as an alternative strip input) - restated by PW rulings D1/D13 2026-09-28 (was Mic/Line/Digital/USB),1929,opq,33,,,,,,,,,,,,,,,1,1,1587,0x0633,,,,0,InstantCtl,Instant,0,0,Linear,Scalar
Chan013InputSel001,1,13,1,,,Input source select Mic / Line / Inst / USB return: 0=Mic 1=Line 2=Inst (Hi-Z; channels 1-2 only) 3=USB return (the RT1180 USB-C return as an alternative strip input) - restated by PW rulings D1/D13 2026-09-28 (was Mic/Line/Digital/USB),1930,opr,33,,,,,,,,,,,,,,,1,1,1731,0x06C3,,,,0,InstantCtl,Instant,0,0,Linear,Scalar
Chan014InputSel001,1,14,1,,,Input source select Mic / Line / Inst / USB return: 0=Mic 1=Line 2=Inst (Hi-Z; channels 1-2 only) 3=USB return (the RT1180 USB-C return as an alternative strip input) - restated by PW rulings D1/D13 2026-09-28 (was Mic/Line/Digital/USB),1931,ops,33,,,,,,,,,,,,,,,1,1,1875,0x0753,,,,0,InstantCtl,Instant,0,0,Linear,Scalar
Chan015InputSel001,1,15,1,,,Input source select Mic / Line / Inst / USB return: 0=Mic 1=Line 2=Inst (Hi-Z; channels 1-2 only) 3=USB return (the RT1180 USB-C return as an alternative strip input) - restated by PW rulings D1/D13 2026-09-28 (was Mic/Line/Digital/USB),1932,opt,33,,,,,,,,,,,,,,,1,1,2019,0x07E3,,,,0,InstantCtl,Instant,0,0,Linear,Scalar
Chan016InputSel001,1,16,1,,,Input source select Mic / Line / Inst / USB return: 0=Mic 1=Line 2=Inst (Hi-Z; channels 1-2 only) 3=USB return (the RT1180 USB-C return as an alternative strip input) - restated by PW rulings D1/D13 2026-09-28 (was Mic/Line/Digital/USB),1933,opu,33,,,,,,,,,,,,,,,1,1,2163,0x0873,,,,0,InstantCtl,Instant,0,0,Linear,Scalar
Chan017InputSel001,1,17,1,,,Input source select Mic / Line / Inst / USB return: 0=Mic 1=Line 2=Inst (Hi-Z; channels 1-2 only) 3=USB return (the RT1180 USB-C return as an alternative strip input) - restated by PW rulings D1/D13 2026-09-28 (was Mic/Line/Digital/USB),1934,opv,33,,,,,,,,,,,,,,,1,1,2307,0x0903,,,,0,InstantCtl,Instant,0,0,Linear,Scalar
Chan018InputSel001,1,18,1,,,Input source select Mic / Line / Inst / USB return: 0=Mic 1=Line 2=Inst (Hi-Z; channels 1-2 only) 3=USB return (the RT1180 USB-C return as an alternative strip input) - restated by PW rulings D1/D13 2026-09-28 (was Mic/Line/Digital/USB),1935,opw,33,,,,,,,,,,,,,,,1,1,2451,0x0993,,,,0,InstantCtl,Instant,0,0,Linear,Scalar
Chan019InputSel001,1,19,1,,,Input source select Mic / Line / Inst / USB return: 0=Mic 1=Line 2=Inst (Hi-Z; channels 1-2 only) 3=USB return (the RT1180 USB-C return as an alternative strip input) - restated by PW rulings D1/D13 2026-09-28 (was Mic/Line/Digital/USB),1936,oqh,33,,,,,,,,,,,,,,,1,1,2595,0x0A23,,,,0,InstantCtl,Instant,0,0,Linear,Scalar
Chan020InputSel001,1,20,1,,,Input source select Mic / Line / Inst / USB return: 0=Mic 1=Line 2=Inst (Hi-Z; channels 1-2 only) 3=USB return (the RT1180 USB-C return as an alternative strip input) - restated by PW rulings D1/D13 2026-09-28 (was Mic/Line/Digital/USB),1937,oqi,33,,,,,,,,,,,,,,,1,1,2739,0x0AB3,,,,0,InstantCtl,Instant,0,0,Linear,Scalar
Chan021InputSel001,1,21,1,,,Input source select Mic / Line / Inst / USB return: 0=Mic 1=Line 2=Inst (Hi-Z; channels 1-2 only) 3=USB return (the RT1180 USB-C return as an alternative strip input) - restated by PW rulings D1/D13 2026-09-28 (was Mic/Line/Digital/USB),1938,oqj,33,,,,,,,,,,,,,,,1,1,2883,0x0B43,,,,0,InstantCtl,Instant,0,0,Linear,Scalar
Chan022InputSel001,1,22,1,,,Input source select Mic / Line / Inst / USB return: 0=Mic 1=Line 2=Inst (Hi-Z; channels 1-2 only) 3=USB return (the RT1180 USB-C return as an alternative strip input) - restated by PW rulings D1/D13 2026-09-28 (was Mic/Line/Digital/USB),1939,oqk,33,,,,,,,,,,,,,,,1,1,3027,0x0BD3,,,,0,InstantCtl,Instant,0,0,Linear,Scalar
Chan023InputSel001,1,23,1,,,Input source select Mic / Line / Inst / USB return: 0=Mic 1=Line 2=Inst (Hi-Z; channels 1-2 only) 3=USB return (the RT1180 USB-C return as an alternative strip input) - restated by PW rulings D1/D13 2026-09-28 (was Mic/Line/Digital/USB),1940,oql,33,,,,,,,,,,,,,,,1,1,3171,0x0C63,,,,0,InstantCtl,Instant,0,0,Linear,Scalar
Chan024InputSel001,1,24,1,,,Input source select Mic / Line / Inst / USB return: 0=Mic 1=Line 2=Inst (Hi-Z; channels 1-2 only) 3=USB return (the RT1180 USB-C return as an alternative strip input) - restated by PW rulings D1/D13 2026-09-28 (was Mic/Line/Digital/USB),1941,oqm,33,,,,,,,,,,,,,,,1,1,3315,0x0CF3,,,,0,InstantCtl,Instant,0,0,Linear,Scalar
Chan001InsertOn001,1,1,1,,,External insert send/return on/off,1942,oqn,2,,,,,,,,ChanInput,,,,,,,,,,,,,,0,,,,,,
Chan002InsertOn001,1,2,1,,,External insert send/return on/off,1943,oqo,2,,,,,,,,ChanInput,,,,,,,,,,,,,,0,,,,,,
Chan003InsertOn001,1,3,1,,,External insert send/return on/off,1944,oqp,2,,,,,,,,ChanInput,,,,,,,,,,,,,,0,,,,,,
Chan004InsertOn001,1,4,1,,,External insert send/return on/off,1945,oqq,2,,,,,,,,ChanInput,,,,,,,,,,,,,,0,,,,,,
Chan005InsertOn001,1,5,1,,,External insert send/return on/off,1946,oqr,2,,,,,,,,ChanInput,,,,,,,,,,,,,,0,,,,,,
Chan006InsertOn001,1,6,1,,,External insert send/return on/off,1947,oqs,2,,,,,,,,ChanInput,,,,,,,,,,,,,,0,,,,,,
Chan007InsertOn001,1,7,1,,,External insert send/return on/off,1948,oqt,2,,,,,,,,ChanInput,,,,,,,,,,,,,,0,,,,,,
Chan008InsertOn001,1,8,1,,,External insert send/return on/off,1949,oqu,2,,,,,,,,ChanInput,,,,,,,,,,,,,,0,,,,,,
Chan009InsertOn001,1,9,1,,,External insert send/return on/off,1950,oqv,2,,,,,,,,ChanInput,,,,,,,,,,,,,,0,,,,,,
Chan010InsertOn001,1,10,1,,,External insert send/return on/off,1951,oqw,2,,,,,,,,ChanInput,,,,,,,,,,,,,,0,,,,,,
Chan011InsertOn001,1,11,1,,,External insert send/return on/off,1952,orh,2,,,,,,,,ChanInput,,,,,,,,,,,,,,0,,,,,,
Chan012InsertOn001,1,12,1,,,External insert send/return on/off,1953,ori,2,,,,,,,,ChanInput,,,,,,,,,,,,,,0,,,,,,
Chan013InsertOn001,1,13,1,,,External insert send/return on/off,1954,orj,2,,,,,,,,ChanInput,,,,,,,,,,,,,,0,,,,,,
Chan014InsertOn001,1,14,1,,,External insert send/return on/off,1955,ork,2,,,,,,,,ChanInput,,,,,,,,,,,,,,0,,,,,,
Chan015InsertOn001,1,15,1,,,External insert send/return on/off,1956,orl,2,,,,,,,,ChanInput,,,,,,,,,,,,,,0,,,,,,
Chan016InsertOn001,1,16,1,,,External insert send/return on/off,1957,orm,2,,,,,,,,ChanInput,,,,,,,,,,,,,,0,,,,,,
Chan017InsertOn001,1,17,1,,,External insert send/return on/off,1958,orn,2,,,,,,,,ChanInput,,,,,,,,,,,,,,0,,,,,,
Chan018InsertOn001,1,18,1,,,External insert send/return on/off,1959,oro,2,,,,,,,,ChanInput,,,,,,,,,,,,,,0,,,,,,
Chan019InsertOn001,1,19,1,,,External insert send/return on/off,1960,orp,2,,,,,,,,ChanInput,,,,,,,,,,,,,,0,,,,,,
Chan020InsertOn001,1,20,1,,,External insert send/return on/off,1961,orq,2,,,,,,,,ChanInput,,,,,,,,,,,,,,0,,,,,,
Chan021InsertOn001,1,21,1,,,External insert send/return on/off,1962,orr,2,,,,,,,,ChanInput,,,,,,,,,,,,,,0,,,,,,
Chan022InsertOn001,1,22,1,,,External insert send/return on/off,1963,ors,2,,,,,,,,ChanInput,,,,,,,,,,,,,,0,,,,,,
Chan023InsertOn001,1,23,1,,,External insert send/return on/off,1964,ort,2,,,,,,,,ChanInput,,,,,,,,,,,,,,0,,,,,,
Chan024InsertOn001,1,24,1,,,External insert send/return on/off,1965,oru,2,,,,,,,,ChanInput,,,,,,,,,,,,,,0,,,,,,
Chan001Link001,1,1,1,,,Stereo link with adjacent channel,1966,orv,2,,,,,,,,ChanInput,,,,,,,,,,,,,,0,,,,,,
Chan002Link001,1,2,1,,,Stereo link with adjacent channel,1967,orw,2,,,,,,,,ChanInput,,,,,,,,,,,,,,0,,,,,,
Chan003Link001,1,3,1,,,Stereo link with adjacent channel,1968,osh,2,,,,,,,,ChanInput,,,,,,,,,,,,,,0,,,,,,
Chan004Link001,1,4,1,,,Stereo link with adjacent channel,1969,osi,2,,,,,,,,ChanInput,,,,,,,,,,,,,,0,,,,,,
Chan005Link001,1,5,1,,,Stereo link with adjacent channel,1970,osj,2,,,,,,,,ChanInput,,,,,,,,,,,,,,0,,,,,,
Chan006Link001,1,6,1,,,Stereo link with adjacent channel,1971,osk,2,,,,,,,,ChanInput,,,,,,,,,,,,,,0,,,,,,
Chan007Link001,1,7,1,,,Stereo link with adjacent channel,1972,osl,2,,,,,,,,ChanInput,,,,,,,,,,,,,,0,,,,,,
Chan008Link001,1,8,1,,,Stereo link with adjacent channel,1973,osm,2,,,,,,,,ChanInput,,,,,,,,,,,,,,0,,,,,,
Chan009Link001,1,9,1,,,Stereo link with adjacent channel,1974,osn,2,,,,,,,,ChanInput,,,,,,,,,,,,,,0,,,,,,
Chan010Link001,1,10,1,,,Stereo link with adjacent channel,1975,oso,2,,,,,,,,ChanInput,,,,,,,,,,,,,,0,,,,,,
Chan011Link001,1,11,1,,,Stereo link with adjacent channel,1976,osp,2,,,,,,,,ChanInput,,,,,,,,,,,,,,0,,,,,,
Chan012Link001,1,12,1,,,Stereo link with adjacent channel,1977,osq,2,,,,,,,,ChanInput,,,,,,,,,,,,,,0,,,,,,
Chan013Link001,1,13,1,,,Stereo link with adjacent channel,1978,osr,2,,,,,,,,ChanInput,,,,,,,,,,,,,,0,,,,,,
Chan014Link001,1,14,1,,,Stereo link with adjacent channel,1979,oss,2,,,,,,,,ChanInput,,,,,,,,,,,,,,0,,,,,,
Chan015Link001,1,15,1,,,Stereo link with adjacent channel,1980,ost,2,,,,,,,,ChanInput,,,,,,,,,,,,,,0,,,,,,
Chan016Link001,1,16,1,,,Stereo link with adjacent channel,1981,osu,2,,,,,,,,ChanInput,,,,,,,,,,,,,,0,,,,,,
Chan017Link001,1,17,1,,,Stereo link with adjacent channel,1982,osv,2,,,,,,,,ChanInput,,,,,,,,,,,,,,0,,,,,,
Chan018Link001,1,18,1,,,Stereo link with adjacent channel,1983,osw,2,,,,,,,,ChanInput,,,,,,,,,,,,,,0,,,,,,
Chan019Link001,1,19,1,,,Stereo link with adjacent channel,1984,oth,2,,,,,,,,ChanInput,,,,,,,,,,,,,,0,,,,,,
Chan020Link001,1,20,1,,,Stereo link with adjacent channel,1985,oti,2,,,,,,,,ChanInput,,,,,,,,,,,,,,0,,,,,,
Chan021Link001,1,21,1,,,Stereo link with adjacent channel,1986,otj,2,,,,,,,,ChanInput,,,,,,,,,,,,,,0,,,,,,
Chan022Link001,1,22,1,,,Stereo link with adjacent channel,1987,otk,2,,,,,,,,ChanInput,,,,,,,,,,,,,,0,,,,,,
Chan023Link001,1,23,1,,,Stereo link with adjacent channel,1988,otl,2,,,,,,,,ChanInput,,,,,,,,,,,,,,0,,,,,,
Chan024Link001,1,24,1,,,Stereo link with adjacent channel,1989,otm,2,,,,,,,,ChanInput,,,,,,,,,,,,,,0,,,,,,
Chan001MuteGrp001,1,1,1,,,Mute group 1-8 assignment,1990,otn,1,,,,,,,,Chan_Rtg,,,,,,,,,,,,,,0,,,,,,
Chan001MuteGrp002,1,1,2,,,Mute group 1-8 assignment,1991,oto,1,,,,,,,,Chan_Rtg,,,,,,,,,,,,,,0,,,,,,
Chan001MuteGrp003,1,1,3,,,Mute group 1-8 assignment,1992,otp,1,,,,,,,,Chan_Rtg,,,,,,,,,,,,,,0,,,,,,
Chan001MuteGrp004,1,1,4,,,Mute group 1-8 assignment,1993,otq,1,,,,,,,,Chan_Rtg,,,,,,,,,,,,,,0,,,,,,
Chan001MuteGrp005,1,1,5,,,Mute group 1-8 assignment,1994,otr,1,,,,,,,,Chan_Rtg,,,,,,,,,,,,,,0,,,,,,
Chan001MuteGrp006,1,1,6,,,Mute group 1-8 assignment,1995,ots,1,,,,,,,,Chan_Rtg,,,,,,,,,,,,,,0,,,,,,
Chan001MuteGrp007,1,1,7,,,Mute group 1-8 assignment,1996,ott,1,,,,,,,,Chan_Rtg,,,,,,,,,,,,,,0,,,,,,
Chan001MuteGrp008,1,1,8,,,Mute group 1-8 assignment,1997,otu,1,,,,,,,,Chan_Rtg,,,,,,,,,,,,,,0,,,,,,
Chan002MuteGrp001,1,2,1,,,Mute group 1-8 assignment,1998,otv,1,,,,,,,,Chan_Rtg,,,,,,,,,,,,,,0,,,,,,
Chan002MuteGrp002,1,2,2,,,Mute group 1-8 assignment,1999,otw,1,,,,,,,,Chan_Rtg,,,,,,,,,,,,,,0,,,,,,
Chan002MuteGrp003,1,2,3,,,Mute group 1-8 assignment,2000,ouh,1,,,,,,,,Chan_Rtg,,,,,,,,,,,,,,0,,,,,,
Chan002MuteGrp004,1,2,4,,,Mute group 1-8 assignment,2001,oui,1,,,,,,,,Chan_Rtg,,,,,,,,,,,,,,0,,,,,,
Chan002MuteGrp005,1,2,5,,,Mute group 1-8 assignment,2002,ouj,1,,,,,,,,Chan_Rtg,,,,,,,,,,,,,,0,,,,,,
Chan002MuteGrp006,1,2,6,,,Mute group 1-8 assignment,2003,ouk,1,,,,,,,,Chan_Rtg,,,,,,,,,,,,,,0,,,,,,
Chan002MuteGrp007,1,2,7,,,Mute group 1-8 assignment,2004,oul,1,,,,,,,,Chan_Rtg,,,,,,,,,,,,,,0,,,,,,
Chan002MuteGrp008,1,2,8,,,Mute group 1-8 assignment,2005,oum,1,,,,,,,,Chan_Rtg,,,,,,,,,,,,,,0,,,,,,
Chan003MuteGrp001,1,3,1,,,Mute group 1-8 assignment,2006,oun,1,,,,,,,,Chan_Rtg,,,,,,,,,,,,,,0,,,,,,
Chan003MuteGrp002,1,3,2,,,Mute group 1-8 assignment,2007,ouo,1,,,,,,,,Chan_Rtg,,,,,,,,,,,,,,0,,,,,,
Chan003MuteGrp003,1,3,3,,,Mute group 1-8 assignment,2008,oup,1,,,,,,,,Chan_Rtg,,,,,,,,,,,,,,0,,,,,,
Chan003MuteGrp004,1,3,4,,,Mute group 1-8 assignment,2009,ouq,1,,,,,,,,Chan_Rtg,,,,,,,,,,,,,,0,,,,,,
Chan003MuteGrp005,1,3,5,,,Mute group 1-8 assignment,2010,our,1,,,,,,,,Chan_Rtg,,,,,,,,,,,,,,0,,,,,,
Chan003MuteGrp006,1,3,6,,,Mute group 1-8 assignment,2011,ous,1,,,,,,,,Chan_Rtg,,,,,,,,,,,,,,0,,,,,,
Chan003MuteGrp007,1,3,7,,,Mute group 1-8 assignment,2012,out,1,,,,,,,,Chan_Rtg,,,,,,,,,,,,,,0,,,,,,
Chan003MuteGrp008,1,3,8,,,Mute group 1-8 assignment,2013,ouu,1,,,,,,,,Chan_Rtg,,,,,,,,,,,,,,0,,,,,,
Chan004MuteGrp001,1,4,1,,,Mute group 1-8 assignment,2014,ouv,1,,,,,,,,Chan_Rtg,,,,,,,,,,,,,,0,,,,,,
Chan004MuteGrp002,1,4,2,,,Mute group 1-8 assignment,2015,ouw,1,,,,,,,,Chan_Rtg,,,,,,,,,,,,,,0,,,,,,
Chan004MuteGrp003,1,4,3,,,Mute group 1-8 assignment,2016,ovh,1,,,,,,,,Chan_Rtg,,,,,,,,,,,,,,0,,,,,,
Chan004MuteGrp004,1,4,4,,,Mute group 1-8 assignment,2017,ovi,1,,,,,,,,Chan_Rtg,,,,,,,,,,,,,,0,,,,,,
Chan004MuteGrp005,1,4,5,,,Mute group 1-8 assignment,2018,ovj,1,,,,,,,,Chan_Rtg,,,,,,,,,,,,,,0,,,,,,
Chan004MuteGrp006,1,4,6,,,Mute group 1-8 assignment,2019,ovk,1,,,,,,,,Chan_Rtg,,,,,,,,,,,,,,0,,,,,,
Chan004MuteGrp007,1,4,7,,,Mute group 1-8 assignment,2020,ovl,1,,,,,,,,Chan_Rtg,,,,,,,,,,,,,,0,,,,,,
Chan004MuteGrp008,1,4,8,,,Mute group 1-8 assignment,2021,ovm,1,,,,,,,,Chan_Rtg,,,,,,,,,,,,,,0,,,,,,
Chan005MuteGrp001,1,5,1,,,Mute group 1-8 assignment,2022,ovn,1,,,,,,,,Chan_Rtg,,,,,,,,,,,,,,0,,,,,,
Chan005MuteGrp002,1,5,2,,,Mute group 1-8 assignment,2023,ovo,1,,,,,,,,Chan_Rtg,,,,,,,,,,,,,,0,,,,,,
Chan005MuteGrp003,1,5,3,,,Mute group 1-8 assignment,2024,ovp,1,,,,,,,,Chan_Rtg,,,,,,,,,,,,,,0,,,,,,
Chan005MuteGrp004,1,5,4,,,Mute group 1-8 assignment,2025,ovq,1,,,,,,,,Chan_Rtg,,,,,,,,,,,,,,0,,,,,,
Chan005MuteGrp005,1,5,5,,,Mute group 1-8 assignment,2026,ovr,1,,,,,,,,Chan_Rtg,,,,,,,,,,,,,,0,,,,,,
Chan005MuteGrp006,1,5,6,,,Mute group 1-8 assignment,2027,ovs,1,,,,,,,,Chan_Rtg,,,,,,,,,,,,,,0,,,,,,
Chan005MuteGrp007,1,5,7,,,Mute group 1-8 assignment,2028,ovt,1,,,,,,,,Chan_Rtg,,,,,,,,,,,,,,0,,,,,,
Chan005MuteGrp008,1,5,8,,,Mute group 1-8 assignment,2029,ovu,1,,,,,,,,Chan_Rtg,,,,,,,,,,,,,,0,,,,,,
Chan006MuteGrp001,1,6,1,,,Mute group 1-8 assignment,2030,ovv,1,,,,,,,,Chan_Rtg,,,,,,,,,,,,,,0,,,,,,
Chan006MuteGrp002,1,6,2,,,Mute group 1-8 assignment,2031,ovw,1,,,,,,,,Chan_Rtg,,,,,,,,,,,,,,0,,,,,,
Chan006MuteGrp003,1,6,3,,,Mute group 1-8 assignment,2032,owh,1,,,,,,,,Chan_Rtg,,,,,,,,,,,,,,0,,,,,,
Chan006MuteGrp004,1,6,4,,,Mute group 1-8 assignment,2033,owi,1,,,,,,,,Chan_Rtg,,,,,,,,,,,,,,0,,,,,,
Chan006MuteGrp005,1,6,5,,,Mute group 1-8 assignment,2034,owj,1,,,,,,,,Chan_Rtg,,,,,,,,,,,,,,0,,,,,,
Chan006MuteGrp006,1,6,6,,,Mute group 1-8 assignment,2035,owk,1,,,,,,,,Chan_Rtg,,,,,,,,,,,,,,0,,,,,,
Chan006MuteGrp007,1,6,7,,,Mute group 1-8 assignment,2036,owl,1,,,,,,,,Chan_Rtg,,,,,,,,,,,,,,0,,,,,,
Chan006MuteGrp008,1,6,8,,,Mute group 1-8 assignment,2037,owm,1,,,,,,,,Chan_Rtg,,,,,,,,,,,,,,0,,,,,,
Chan007MuteGrp001,1,7,1,,,Mute group 1-8 assignment,2038,own,1,,,,,,,,Chan_Rtg,,,,,,,,,,,,,,0,,,,,,
Chan007MuteGrp002,1,7,2,,,Mute group 1-8 assignment,2039,owo,1,,,,,,,,Chan_Rtg,,,,,,,,,,,,,,0,,,,,,
Chan007MuteGrp003,1,7,3,,,Mute group 1-8 assignment,2040,owp,1,,,,,,,,Chan_Rtg,,,,,,,,,,,,,,0,,,,,,
Chan007MuteGrp004,1,7,4,,,Mute group 1-8 assignment,2041,owq,1,,,,,,,,Chan_Rtg,,,,,,,,,,,,,,0,,,,,,
Chan007MuteGrp005,1,7,5,,,Mute group 1-8 assignment,2042,owr,1,,,,,,,,Chan_Rtg,,,,,,,,,,,,,,0,,,,,,
Chan007MuteGrp006,1,7,6,,,Mute group 1-8 assignment,2043,ows,1,,,,,,,,Chan_Rtg,,,,,,,,,,,,,,0,,,,,,
Chan007MuteGrp007,1,7,7,,,Mute group 1-8 assignment,2044,owt,1,,,,,,,,Chan_Rtg,,,,,,,,,,,,,,0,,,,,,
Chan007MuteGrp008,1,7,8,,,Mute group 1-8 assignment,2045,owu,1,,,,,,,,Chan_Rtg,,,,,,,,,,,,,,0,,,,,,
Chan008MuteGrp001,1,8,1,,,Mute group 1-8 assignment,2046,owv,1,,,,,,,,Chan_Rtg,,,,,,,,,,,,,,0,,,,,,
Chan008MuteGrp002,1,8,2,,,Mute group 1-8 assignment,2047,oww,1,,,,,,,,Chan_Rtg,,,,,,,,,,,,,,0,,,,,,
Chan008MuteGrp003,1,8,3,,,Mute group 1-8 assignment,2048,phh,1,,,,,,,,Chan_Rtg,,,,,,,,,,,,,,0,,,,,,
Chan008MuteGrp004,1,8,4,,,Mute group 1-8 assignment,2049,phi,1,,,,,,,,Chan_Rtg,,,,,,,,,,,,,,0,,,,,,
Chan008MuteGrp005,1,8,5,,,Mute group 1-8 assignment,2050,phj,1,,,,,,,,Chan_Rtg,,,,,,,,,,,,,,0,,,,,,
Chan008MuteGrp006,1,8,6,,,Mute group 1-8 assignment,2051,phk,1,,,,,,,,Chan_Rtg,,,,,,,,,,,,,,0,,,,,,
Chan008MuteGrp007,1,8,7,,,Mute group 1-8 assignment,2052,phl,1,,,,,,,,Chan_Rtg,,,,,,,,,,,,,,0,,,,,,
Chan008MuteGrp008,1,8,8,,,Mute group 1-8 assignment,2053,phm,1,,,,,,,,Chan_Rtg,,,,,,,,,,,,,,0,,,,,,
Chan009MuteGrp001,1,9,1,,,Mute group 1-8 assignment,2054,phn,1,,,,,,,,Chan_Rtg,,,,,,,,,,,,,,0,,,,,,
Chan009MuteGrp002,1,9,2,,,Mute group 1-8 assignment,2055,pho,1,,,,,,,,Chan_Rtg,,,,,,,,,,,,,,0,,,,,,
Chan009MuteGrp003,1,9,3,,,Mute group 1-8 assignment,2056,php,1,,,,,,,,Chan_Rtg,,,,,,,,,,,,,,0,,,,,,
Chan009MuteGrp004,1,9,4,,,Mute group 1-8 assignment,2057,phq,1,,,,,,,,Chan_Rtg,,,,,,,,,,,,,,0,,,,,,
Chan009MuteGrp005,1,9,5,,,Mute group 1-8 assignment,2058,phr,1,,,,,,,,Chan_Rtg,,,,,,,,,,,,,,0,,,,,,
Chan009MuteGrp006,1,9,6,,,Mute group 1-8 assignment,2059,phs,1,,,,,,,,Chan_Rtg,,,,,,,,,,,,,,0,,,,,,
Chan009MuteGrp007,1,9,7,,,Mute group 1-8 assignment,2060,pht,1,,,,,,,,Chan_Rtg,,,,,,,,,,,,,,0,,,,,,
Chan009MuteGrp008,1,9,8,,,Mute group 1-8 assignment,2061,phu,1,,,,,,,,Chan_Rtg,,,,,,,,,,,,,,0,,,,,,
Chan010MuteGrp001,1,10,1,,,Mute group 1-8 assignment,2062,phv,1,,,,,,,,Chan_Rtg,,,,,,,,,,,,,,0,,,,,,
Chan010MuteGrp002,1,10,2,,,Mute group 1-8 assignment,2063,phw,1,,,,,,,,Chan_Rtg,,,,,,,,,,,,,,0,,,,,,
Chan010MuteGrp003,1,10,3,,,Mute group 1-8 assignment,2064,pih,1,,,,,,,,Chan_Rtg,,,,,,,,,,,,,,0,,,,,,
Chan010MuteGrp004,1,10,4,,,Mute group 1-8 assignment,2065,pii,1,,,,,,,,Chan_Rtg,,,,,,,,,,,,,,0,,,,,,
Chan010MuteGrp005,1,10,5,,,Mute group 1-8 assignment,2066,pij,1,,,,,,,,Chan_Rtg,,,,,,,,,,,,,,0,,,,,,
Chan010MuteGrp006,1,10,6,,,Mute group 1-8 assignment,2067,pik,1,,,,,,,,Chan_Rtg,,,,,,,,,,,,,,0,,,,,,
Chan010MuteGrp007,1,10,7,,,Mute group 1-8 assignment,2068,pil,1,,,,,,,,Chan_Rtg,,,,,,,,,,,,,,0,,,,,,
Chan010MuteGrp008,1,10,8,,,Mute group 1-8 assignment,2069,pim,1,,,,,,,,Chan_Rtg,,,,,,,,,,,,,,0,,,,,,
Chan011MuteGrp001,1,11,1,,,Mute group 1-8 assignment,2070,pin,1,,,,,,,,Chan_Rtg,,,,,,,,,,,,,,0,,,,,,
Chan011MuteGrp002,1,11,2,,,Mute group 1-8 assignment,2071,pio,1,,,,,,,,Chan_Rtg,,,,,,,,,,,,,,0,,,,,,
Chan011MuteGrp003,1,11,3,,,Mute group 1-8 assignment,2072,pip,1,,,,,,,,Chan_Rtg,,,,,,,,,,,,,,0,,,,,,
Chan011MuteGrp004,1,11,4,,,Mute group 1-8 assignment,2073,piq,1,,,,,,,,Chan_Rtg,,,,,,,,,,,,,,0,,,,,,
Chan011MuteGrp005,1,11,5,,,Mute group 1-8 assignment,2074,pir,1,,,,,,,,Chan_Rtg,,,,,,,,,,,,,,0,,,,,,
Chan011MuteGrp006,1,11,6,,,Mute group 1-8 assignment,2075,pis,1,,,,,,,,Chan_Rtg,,,,,,,,,,,,,,0,,,,,,
Chan011MuteGrp007,1,11,7,,,Mute group 1-8 assignment,2076,pit,1,,,,,,,,Chan_Rtg,,,,,,,,,,,,,,0,,,,,,
Chan011MuteGrp008,1,11,8,,,Mute group 1-8 assignment,2077,piu,1,,,,,,,,Chan_Rtg,,,,,,,,,,,,,,0,,,,,,
Chan012MuteGrp001,1,12,1,,,Mute group 1-8 assignment,2078,piv,1,,,,,,,,Chan_Rtg,,,,,,,,,,,,,,0,,,,,,
Chan012MuteGrp002,1,12,2,,,Mute group 1-8 assignment,2079,piw,1,,,,,,,,Chan_Rtg,,,,,,,,,,,,,,0,,,,,,
Chan012MuteGrp003,1,12,3,,,Mute group 1-8 assignment,2080,pjh,1,,,,,,,,Chan_Rtg,,,,,,,,,,,,,,0,,,,,,
Chan012MuteGrp004,1,12,4,,,Mute group 1-8 assignment,2081,pji,1,,,,,,,,Chan_Rtg,,,,,,,,,,,,,,0,,,,,,
Chan012MuteGrp005,1,12,5,,,Mute group 1-8 assignment,2082,pjj,1,,,,,,,,Chan_Rtg,,,,,,,,,,,,,,0,,,,,,
Chan012MuteGrp006,1,12,6,,,Mute group 1-8 assignment,2083,pjk,1,,,,,,,,Chan_Rtg,,,,,,,,,,,,,,0,,,,,,
Chan012MuteGrp007,1,12,7,,,Mute group 1-8 assignment,2084,pjl,1,,,,,,,,Chan_Rtg,,,,,,,,,,,,,,0,,,,,,
Chan012MuteGrp008,1,12,8,,,Mute group 1-8 assignment,2085,pjm,1,,,,,,,,Chan_Rtg,,,,,,,,,,,,,,0,,,,,,
Chan013MuteGrp001,1,13,1,,,Mute group 1-8 assignment,2086,pjn,1,,,,,,,,Chan_Rtg,,,,,,,,,,,,,,0,,,,,,
Chan013MuteGrp002,1,13,2,,,Mute group 1-8 assignment,2087,pjo,1,,,,,,,,Chan_Rtg,,,,,,,,,,,,,,0,,,,,,
Chan013MuteGrp003,1,13,3,,,Mute group 1-8 assignment,2088,pjp,1,,,,,,,,Chan_Rtg,,,,,,,,,,,,,,0,,,,,,
Chan013MuteGrp004,1,13,4,,,Mute group 1-8 assignment,2089,pjq,1,,,,,,,,Chan_Rtg,,,,,,,,,,,,,,0,,,,,,
Chan013MuteGrp005,1,13,5,,,Mute group 1-8 assignment,2090,pjr,1,,,,,,,,Chan_Rtg,,,,,,,,,,,,,,0,,,,,,
Chan013MuteGrp006,1,13,6,,,Mute group 1-8 assignment,2091,pjs,1,,,,,,,,Chan_Rtg,,,,,,,,,,,,,,0,,,,,,
Chan013MuteGrp007,1,13,7,,,Mute group 1-8 assignment,2092,pjt,1,,,,,,,,Chan_Rtg,,,,,,,,,,,,,,0,,,,,,
Chan013MuteGrp008,1,13,8,,,Mute group 1-8 assignment,2093,pju,1,,,,,,,,Chan_Rtg,,,,,,,,,,,,,,0,,,,,,
Chan014MuteGrp001,1,14,1,,,Mute group 1-8 assignment,2094,pjv,1,,,,,,,,Chan_Rtg,,,,,,,,,,,,,,0,,,,,,
Chan014MuteGrp002,1,14,2,,,Mute group 1-8 assignment,2095,pjw,1,,,,,,,,Chan_Rtg,,,,,,,,,,,,,,0,,,,,,
Chan014MuteGrp003,1,14,3,,,Mute group 1-8 assignment,2096,pkh,1,,,,,,,,Chan_Rtg,,,,,,,,,,,,,,0,,,,,,
Chan014MuteGrp004,1,14,4,,,Mute group 1-8 assignment,2097,pki,1,,,,,,,,Chan_Rtg,,,,,,,,,,,,,,0,,,,,,
Chan014MuteGrp005,1,14,5,,,Mute group 1-8 assignment,2098,pkj,1,,,,,,,,Chan_Rtg,,,,,,,,,,,,,,0,,,,,,
Chan014MuteGrp006,1,14,6,,,Mute group 1-8 assignment,2099,pkk,1,,,,,,,,Chan_Rtg,,,,,,,,,,,,,,0,,,,,,
Chan014MuteGrp007,1,14,7,,,Mute group 1-8 assignment,2100,pkl,1,,,,,,,,Chan_Rtg,,,,,,,,,,,,,,0,,,,,,
Chan014MuteGrp008,1,14,8,,,Mute group 1-8 assignment,2101,pkm,1,,,,,,,,Chan_Rtg,,,,,,,,,,,,,,0,,,,,,
Chan015MuteGrp001,1,15,1,,,Mute group 1-8 assignment,2102,pkn,1,,,,,,,,Chan_Rtg,,,,,,,,,,,,,,0,,,,,,
Chan015MuteGrp002,1,15,2,,,Mute group 1-8 assignment,2103,pko,1,,,,,,,,Chan_Rtg,,,,,,,,,,,,,,0,,,,,,
Chan015MuteGrp003,1,15,3,,,Mute group 1-8 assignment,2104,pkp,1,,,,,,,,Chan_Rtg,,,,,,,,,,,,,,0,,,,,,
Chan015MuteGrp004,1,15,4,,,Mute group 1-8 assignment,2105,pkq,1,,,,,,,,Chan_Rtg,,,,,,,,,,,,,,0,,,,,,
Chan015MuteGrp005,1,15,5,,,Mute group 1-8 assignment,2106,pkr,1,,,,,,,,Chan_Rtg,,,,,,,,,,,,,,0,,,,,,
Chan015MuteGrp006,1,15,6,,,Mute group 1-8 assignment,2107,pks,1,,,,,,,,Chan_Rtg,,,,,,,,,,,,,,0,,,,,,
Chan015MuteGrp007,1,15,7,,,Mute group 1-8 assignment,2108,pkt,1,,,,,,,,Chan_Rtg,,,,,,,,,,,,,,0,,,,,,
Chan015MuteGrp008,1,15,8,,,Mute group 1-8 assignment,2109,pku,1,,,,,,,,Chan_Rtg,,,,,,,,,,,,,,0,,,,,,
Chan016MuteGrp001,1,16,1,,,Mute group 1-8 assignment,2110,pkv,1,,,,,,,,Chan_Rtg,,,,,,,,,,,,,,0,,,,,,
Chan016MuteGrp002,1,16,2,,,Mute group 1-8 assignment,2111,pkw,1,,,,,,,,Chan_Rtg,,,,,,,,,,,,,,0,,,,,,
Chan016MuteGrp003,1,16,3,,,Mute group 1-8 assignment,2112,plh,1,,,,,,,,Chan_Rtg,,,,,,,,,,,,,,0,,,,,,
Chan016MuteGrp004,1,16,4,,,Mute group 1-8 assignment,2113,pli,1,,,,,,,,Chan_Rtg,,,,,,,,,,,,,,0,,,,,,
Chan016MuteGrp005,1,16,5,,,Mute group 1-8 assignment,2114,plj,1,,,,,,,,Chan_Rtg,,,,,,,,,,,,,,0,,,,,,
Chan016MuteGrp006,1,16,6,,,Mute group 1-8 assignment,2115,plk,1,,,,,,,,Chan_Rtg,,,,,,,,,,,,,,0,,,,,,
Chan016MuteGrp007,1,16,7,,,Mute group 1-8 assignment,2116,pll,1,,,,,,,,Chan_Rtg,,,,,,,,,,,,,,0,,,,,,
Chan016MuteGrp008,1,16,8,,,Mute group 1-8 assignment,2117,plm,1,,,,,,,,Chan_Rtg,,,,,,,,,,,,,,0,,,,,,
Chan017MuteGrp001,1,17,1,,,Mute group 1-8 assignment,2118,pln,1,,,,,,,,Chan_Rtg,,,,,,,,,,,,,,0,,,,,,
Chan017MuteGrp002,1,17,2,,,Mute group 1-8 assignment,2119,plo,1,,,,,,,,Chan_Rtg,,,,,,,,,,,,,,0,,,,,,
Chan017MuteGrp003,1,17,3,,,Mute group 1-8 assignment,2120,plp,1,,,,,,,,Chan_Rtg,,,,,,,,,,,,,,0,,,,,,
Chan017MuteGrp004,1,17,4,,,Mute group 1-8 assignment,2121,plq,1,,,,,,,,Chan_Rtg,,,,,,,,,,,,,,0,,,,,,
Chan017MuteGrp005,1,17,5,,,Mute group 1-8 assignment,2122,plr,1,,,,,,,,Chan_Rtg,,,,,,,,,,,,,,0,,,,,,
Chan017MuteGrp006,1,17,6,,,Mute group 1-8 assignment,2123,pls,1,,,,,,,,Chan_Rtg,,,,,,,,,,,,,,0,,,,,,
Chan017MuteGrp007,1,17,7,,,Mute group 1-8 assignment,2124,plt,1,,,,,,,,Chan_Rtg,,,,,,,,,,,,,,0,,,,,,
Chan017MuteGrp008,1,17,8,,,Mute group 1-8 assignment,2125,plu,1,,,,,,,,Chan_Rtg,,,,,,,,,,,,,,0,,,,,,
Chan018MuteGrp001,1,18,1,,,Mute group 1-8 assignment,2126,plv,1,,,,,,,,Chan_Rtg,,,,,,,,,,,,,,0,,,,,,
Chan018MuteGrp002,1,18,2,,,Mute group 1-8 assignment,2127,plw,1,,,,,,,,Chan_Rtg,,,,,,,,,,,,,,0,,,,,,
Chan018MuteGrp003,1,18,3,,,Mute group 1-8 assignment,2128,pmh,1,,,,,,,,Chan_Rtg,,,,,,,,,,,,,,0,,,,,,
Chan018MuteGrp004,1,18,4,,,Mute group 1-8 assignment,2129,pmi,1,,,,,,,,Chan_Rtg,,,,,,,,,,,,,,0,,,,,,
Chan018MuteGrp005,1,18,5,,,Mute group 1-8 assignment,2130,pmj,1,,,,,,,,Chan_Rtg,,,,,,,,,,,,,,0,,,,,,
Chan018MuteGrp006,1,18,6,,,Mute group 1-8 assignment,2131,pmk,1,,,,,,,,Chan_Rtg,,,,,,,,,,,,,,0,,,,,,
Chan018MuteGrp007,1,18,7,,,Mute group 1-8 assignment,2132,pml,1,,,,,,,,Chan_Rtg,,,,,,,,,,,,,,0,,,,,,
Chan018MuteGrp008,1,18,8,,,Mute group 1-8 assignment,2133,pmm,1,,,,,,,,Chan_Rtg,,,,,,,,,,,,,,0,,,,,,
Chan019MuteGrp001,1,19,1,,,Mute group 1-8 assignment,2134,pmn,1,,,,,,,,Chan_Rtg,,,,,,,,,,,,,,0,,,,,,
Chan019MuteGrp002,1,19,2,,,Mute group 1-8 assignment,2135,pmo,1,,,,,,,,Chan_Rtg,,,,,,,,,,,,,,0,,,,,,
Chan019MuteGrp003,1,19,3,,,Mute group 1-8 assignment,2136,pmp,1,,,,,,,,Chan_Rtg,,,,,,,,,,,,,,0,,,,,,
Chan019MuteGrp004,1,19,4,,,Mute group 1-8 assignment,2137,pmq,1,,,,,,,,Chan_Rtg,,,,,,,,,,,,,,0,,,,,,
Chan019MuteGrp005,1,19,5,,,Mute group 1-8 assignment,2138,pmr,1,,,,,,,,Chan_Rtg,,,,,,,,,,,,,,0,,,,,,
Chan019MuteGrp006,1,19,6,,,Mute group 1-8 assignment,2139,pms,1,,,,,,,,Chan_Rtg,,,,,,,,,,,,,,0,,,,,,
Chan019MuteGrp007,1,19,7,,,Mute group 1-8 assignment,2140,pmt,1,,,,,,,,Chan_Rtg,,,,,,,,,,,,,,0,,,,,,
Chan019MuteGrp008,1,19,8,,,Mute group 1-8 assignment,2141,pmu,1,,,,,,,,Chan_Rtg,,,,,,,,,,,,,,0,,,,,,
Chan020MuteGrp001,1,20,1,,,Mute group 1-8 assignment,2142,pmv,1,,,,,,,,Chan_Rtg,,,,,,,,,,,,,,0,,,,,,
Chan020MuteGrp002,1,20,2,,,Mute group 1-8 assignment,2143,pmw,1,,,,,,,,Chan_Rtg,,,,,,,,,,,,,,0,,,,,,
Chan020MuteGrp003,1,20,3,,,Mute group 1-8 assignment,2144,pnh,1,,,,,,,,Chan_Rtg,,,,,,,,,,,,,,0,,,,,,
Chan020MuteGrp004,1,20,4,,,Mute group 1-8 assignment,2145,pni,1,,,,,,,,Chan_Rtg,,,,,,,,,,,,,,0,,,,,,
Chan020MuteGrp005,1,20,5,,,Mute group 1-8 assignment,2146,pnj,1,,,,,,,,Chan_Rtg,,,,,,,,,,,,,,0,,,,,,
Chan020MuteGrp006,1,20,6,,,Mute group 1-8 assignment,2147,pnk,1,,,,,,,,Chan_Rtg,,,,,,,,,,,,,,0,,,,,,
Chan020MuteGrp007,1,20,7,,,Mute group 1-8 assignment,2148,pnl,1,,,,,,,,Chan_Rtg,,,,,,,,,,,,,,0,,,,,,
Chan020MuteGrp008,1,20,8,,,Mute group 1-8 assignment,2149,pnm,1,,,,,,,,Chan_Rtg,,,,,,,,,,,,,,0,,,,,,
Chan021MuteGrp001,1,21,1,,,Mute group 1-8 assignment,2150,pnn,1,,,,,,,,Chan_Rtg,,,,,,,,,,,,,,0,,,,,,
Chan021MuteGrp002,1,21,2,,,Mute group 1-8 assignment,2151,pno,1,,,,,,,,Chan_Rtg,,,,,,,,,,,,,,0,,,,,,
Chan021MuteGrp003,1,21,3,,,Mute group 1-8 assignment,2152,pnp,1,,,,,,,,Chan_Rtg,,,,,,,,,,,,,,0,,,,,,
Chan021MuteGrp004,1,21,4,,,Mute group 1-8 assignment,2153,pnq,1,,,,,,,,Chan_Rtg,,,,,,,,,,,,,,0,,,,,,
Chan021MuteGrp005,1,21,5,,,Mute group 1-8 assignment,2154,pnr,1,,,,,,,,Chan_Rtg,,,,,,,,,,,,,,0,,,,,,
Chan021MuteGrp006,1,21,6,,,Mute group 1-8 assignment,2155,pns,1,,,,,,,,Chan_Rtg,,,,,,,,,,,,,,0,,,,,,
Chan021MuteGrp007,1,21,7,,,Mute group 1-8 assignment,2156,pnt,1,,,,,,,,Chan_Rtg,,,,,,,,,,,,,,0,,,,,,
Chan021MuteGrp008,1,21,8,,,Mute group 1-8 assignment,2157,pnu,1,,,,,,,,Chan_Rtg,,,,,,,,,,,,,,0,,,,,,
Chan022MuteGrp001,1,22,1,,,Mute group 1-8 assignment,2158,pnv,1,,,,,,,,Chan_Rtg,,,,,,,,,,,,,,0,,,,,,
Chan022MuteGrp002,1,22,2,,,Mute group 1-8 assignment,2159,pnw,1,,,,,,,,Chan_Rtg,,,,,,,,,,,,,,0,,,,,,
Chan022MuteGrp003,1,22,3,,,Mute group 1-8 assignment,2160,poh,1,,,,,,,,Chan_Rtg,,,,,,,,,,,,,,0,,,,,,
Chan022MuteGrp004,1,22,4,,,Mute group 1-8 assignment,2161,poi,1,,,,,,,,Chan_Rtg,,,,,,,,,,,,,,0,,,,,,
Chan022MuteGrp005,1,22,5,,,Mute group 1-8 assignment,2162,poj,1,,,,,,,,Chan_Rtg,,,,,,,,,,,,,,0,,,,,,
Chan022MuteGrp006,1,22,6,,,Mute group 1-8 assignment,2163,pok,1,,,,,,,,Chan_Rtg,,,,,,,,,,,,,,0,,,,,,
Chan022MuteGrp007,1,22,7,,,Mute group 1-8 assignment,2164,pol,1,,,,,,,,Chan_Rtg,,,,,,,,,,,,,,0,,,,,,
Chan022MuteGrp008,1,22,8,,,Mute group 1-8 assignment,2165,pom,1,,,,,,,,Chan_Rtg,,,,,,,,,,,,,,0,,,,,,
Chan023MuteGrp001,1,23,1,,,Mute group 1-8 assignment,2166,pon,1,,,,,,,,Chan_Rtg,,,,,,,,,,,,,,0,,,,,,
Chan023MuteGrp002,1,23,2,,,Mute group 1-8 assignment,2167,poo,1,,,,,,,,Chan_Rtg,,,,,,,,,,,,,,0,,,,,,
Chan023MuteGrp003,1,23,3,,,Mute group 1-8 assignment,2168,pop,1,,,,,,,,Chan_Rtg,,,,,,,,,,,,,,0,,,,,,
Chan023MuteGrp004,1,23,4,,,Mute group 1-8 assignment,2169,poq,1,,,,,,,,Chan_Rtg,,,,,,,,,,,,,,0,,,,,,
Chan023MuteGrp005,1,23,5,,,Mute group 1-8 assignment,2170,por,1,,,,,,,,Chan_Rtg,,,,,,,,,,,,,,0,,,,,,
Chan023MuteGrp006,1,23,6,,,Mute group 1-8 assignment,2171,pos,1,,,,,,,,Chan_Rtg,,,,,,,,,,,,,,0,,,,,,
Chan023MuteGrp007,1,23,7,,,Mute group 1-8 assignment,2172,pot,1,,,,,,,,Chan_Rtg,,,,,,,,,,,,,,0,,,,,,
Chan023MuteGrp008,1,23,8,,,Mute group 1-8 assignment,2173,pou,1,,,,,,,,Chan_Rtg,,,,,,,,,,,,,,0,,,,,,
Chan024MuteGrp001,1,24,1,,,Mute group 1-8 assignment,2174,pov,1,,,,,,,,Chan_Rtg,,,,,,,,,,,,,,0,,,,,,
Chan024MuteGrp002,1,24,2,,,Mute group 1-8 assignment,2175,pow,1,,,,,,,,Chan_Rtg,,,,,,,,,,,,,,0,,,,,,
Chan024MuteGrp003,1,24,3,,,Mute group 1-8 assignment,2176,pph,1,,,,,,,,Chan_Rtg,,,,,,,,,,,,,,0,,,,,,
Chan024MuteGrp004,1,24,4,,,Mute group 1-8 assignment,2177,ppi,1,,,,,,,,Chan_Rtg,,,,,,,,,,,,,,0,,,,,,
Chan024MuteGrp005,1,24,5,,,Mute group 1-8 assignment,2178,ppj,1,,,,,,,,Chan_Rtg,,,,,,,,,,,,,,0,,,,,,
Chan024MuteGrp006,1,24,6,,,Mute group 1-8 assignment,2179,ppk,1,,,,,,,,Chan_Rtg,,,,,,,,,,,,,,0,,,,,,
Chan024MuteGrp007,1,24,7,,,Mute group 1-8 assignment,2180,ppl,1,,,,,,,,Chan_Rtg,,,,,,,,,,,,,,0,,,,,,
Chan024MuteGrp008,1,24,8,,,Mute group 1-8 assignment,2181,ppm,1,,,,,,,,Chan_Rtg,,,,,,,,,,,,,,0,,,,,,
Chan001Phantom001,1,1,1,,,+48V phantom power on/off,2182,ppn,2,,,,,,,,ChanInput,,,,,,,1,1,2,0x0002,,,,0,InstantCtl,Instant,0,0,Linear,Scalar
Chan002Phantom001,1,2,1,,,+48V phantom power on/off,2183,ppo,2,,,,,,,,ChanInput,,,,,,,1,1,146,0x0092,,,,0,InstantCtl,Instant,0,0,Linear,Scalar
Chan003Phantom001,1,3,1,,,+48V phantom power on/off,2184,ppp,2,,,,,,,,ChanInput,,,,,,,1,1,290,0x0122,,,,0,InstantCtl,Instant,0,0,Linear,Scalar
Chan004Phantom001,1,4,1,,,+48V phantom power on/off,2185,ppq,2,,,,,,,,ChanInput,,,,,,,1,1,434,0x01B2,,,,0,InstantCtl,Instant,0,0,Linear,Scalar
Chan005Phantom001,1,5,1,,,+48V phantom power on/off,2186,ppr,2,,,,,,,,ChanInput,,,,,,,1,1,578,0x0242,,,,0,InstantCtl,Instant,0,0,Linear,Scalar
Chan006Phantom001,1,6,1,,,+48V phantom power on/off,2187,pps,2,,,,,,,,ChanInput,,,,,,,1,1,722,0x02D2,,,,0,InstantCtl,Instant,0,0,Linear,Scalar
Chan007Phantom001,1,7,1,,,+48V phantom power on/off,2188,ppt,2,,,,,,,,ChanInput,,,,,,,1,1,866,0x0362,,,,0,InstantCtl,Instant,0,0,Linear,Scalar
Chan008Phantom001,1,8,1,,,+48V phantom power on/off,2189,ppu,2,,,,,,,,ChanInput,,,,,,,1,1,1010,0x03F2,,,,0,InstantCtl,Instant,0,0,Linear,Scalar
Chan009Phantom001,1,9,1,,,+48V phantom power on/off,2190,ppv,2,,,,,,,,ChanInput,,,,,,,1,1,1154,0x0482,,,,0,InstantCtl,Instant,0,0,Linear,Scalar
Chan010Phantom001,1,10,1,,,+48V phantom power on/off,2191,ppw,2,,,,,,,,ChanInput,,,,,,,1,1,1298,0x0512,,,,0,InstantCtl,Instant,0,0,Linear,Scalar
Chan011Phantom001,1,11,1,,,+48V phantom power on/off,2192,pqh,2,,,,,,,,ChanInput,,,,,,,1,1,1442,0x05A2,,,,0,InstantCtl,Instant,0,0,Linear,Scalar
Chan012Phantom001,1,12,1,,,+48V phantom power on/off,2193,pqi,2,,,,,,,,ChanInput,,,,,,,1,1,1586,0x0632,,,,0,InstantCtl,Instant,0,0,Linear,Scalar
Chan013Phantom001,1,13,1,,,+48V phantom power on/off,2194,pqj,2,,,,,,,,ChanInput,,,,,,,1,1,1730,0x06C2,,,,0,InstantCtl,Instant,0,0,Linear,Scalar
Chan014Phantom001,1,14,1,,,+48V phantom power on/off,2195,pqk,2,,,,,,,,ChanInput,,,,,,,1,1,1874,0x0752,,,,0,InstantCtl,Instant,0,0,Linear,Scalar
Chan015Phantom001,1,15,1,,,+48V phantom power on/off,2196,pql,2,,,,,,,,ChanInput,,,,,,,1,1,2018,0x07E2,,,,0,InstantCtl,Instant,0,0,Linear,Scalar
Chan016Phantom001,1,16,1,,,+48V phantom power on/off,2197,pqm,2,,,,,,,,ChanInput,,,,,,,1,1,2162,0x0872,,,,0,InstantCtl,Instant,0,0,Linear,Scalar
Chan017Phantom001,1,17,1,,,+48V phantom power on/off,2198,pqn,2,,,,,,,,ChanInput,,,,,,,1,1,2306,0x0902,,,,0,InstantCtl,Instant,0,0,Linear,Scalar
Chan018Phantom001,1,18,1,,,+48V phantom power on/off,2199,pqo,2,,,,,,,,ChanInput,,,,,,,1,1,2450,0x0992,,,,0,InstantCtl,Instant,0,0,Linear,Scalar
Chan019Phantom001,1,19,1,,,+48V phantom power on/off,2200,pqp,2,,,,,,,,ChanInput,,,,,,,1,1,2594,0x0A22,,,,0,InstantCtl,Instant,0,0,Linear,Scalar
Chan020Phantom001,1,20,1,,,+48V phantom power on/off,2201,pqq,2,,,,,,,,ChanInput,,,,,,,1,1,2738,0x0AB2,,,,0,InstantCtl,Instant,0,0,Linear,Scalar
Chan021Phantom001,1,21,1,,,+48V phantom power on/off,2202,pqr,2,,,,,,,,ChanInput,,,,,,,1,1,2882,0x0B42,,,,0,InstantCtl,Instant,0,0,Linear,Scalar
Chan022Phantom001,1,22,1,,,+48V phantom power on/off,2203,pqs,2,,,,,,,,ChanInput,,,,,,,1,1,3026,0x0BD2,,,,0,InstantCtl,Instant,0,0,Linear,Scalar
Chan023Phantom001,1,23,1,,,+48V phantom power on/off,2204,pqt,2,,,,,,,,ChanInput,,,,,,,1,1,3170,0x0C62,,,,0,InstantCtl,Instant,0,0,Linear,Scalar
Chan024Phantom001,1,24,1,,,+48V phantom power on/off,2205,pqu,2,,,,,,,,ChanInput,,,,,,,1,1,3314,0x0CF2,,,,0,InstantCtl,Instant,0,0,Linear,Scalar
Chan001Pol001,1,1,1,,,Polarity (phase) reverse,2206,pqv,2,,,,,,,,,,,,,,,1,1,1,0x0001,,,,0,InstantCtl,Instant,0,0,Linear,Scalar
Chan002Pol001,1,2,1,,,Polarity (phase) reverse,2207,pqw,2,,,,,,,,,,,,,,,1,1,145,0x0091,,,,0,InstantCtl,Instant,0,0,Linear,Scalar
Chan003Pol001,1,3,1,,,Polarity (phase) reverse,2208,prh,2,,,,,,,,,,,,,,,1,1,289,0x0121,,,,0,InstantCtl,Instant,0,0,Linear,Scalar
Chan004Pol001,1,4,1,,,Polarity (phase) reverse,2209,pri,2,,,,,,,,,,,,,,,1,1,433,0x01B1,,,,0,InstantCtl,Instant,0,0,Linear,Scalar
Chan005Pol001,1,5,1,,,Polarity (phase) reverse,2210,prj,2,,,,,,,,,,,,,,,1,1,577,0x0241,,,,0,InstantCtl,Instant,0,0,Linear,Scalar
Chan006Pol001,1,6,1,,,Polarity (phase) reverse,2211,prk,2,,,,,,,,,,,,,,,1,1,721,0x02D1,,,,0,InstantCtl,Instant,0,0,Linear,Scalar
Chan007Pol001,1,7,1,,,Polarity (phase) reverse,2212,prl,2,,,,,,,,,,,,,,,1,1,865,0x0361,,,,0,InstantCtl,Instant,0,0,Linear,Scalar
Chan008Pol001,1,8,1,,,Polarity (phase) reverse,2213,prm,2,,,,,,,,,,,,,,,1,1,1009,0x03F1,,,,0,InstantCtl,Instant,0,0,Linear,Scalar
Chan009Pol001,1,9,1,,,Polarity (phase) reverse,2214,prn,2,,,,,,,,,,,,,,,1,1,1153,0x0481,,,,0,InstantCtl,Instant,0,0,Linear,Scalar
Chan010Pol001,1,10,1,,,Polarity (phase) reverse,2215,pro,2,,,,,,,,,,,,,,,1,1,1297,0x0511,,,,0,InstantCtl,Instant,0,0,Linear,Scalar
Chan011Pol001,1,11,1,,,Polarity (phase) reverse,2216,prp,2,,,,,,,,,,,,,,,1,1,1441,0x05A1,,,,0,InstantCtl,Instant,0,0,Linear,Scalar
Chan012Pol001,1,12,1,,,Polarity (phase) reverse,2217,prq,2,,,,,,,,,,,,,,,1,1,1585,0x0631,,,,0,InstantCtl,Instant,0,0,Linear,Scalar
Chan013Pol001,1,13,1,,,Polarity (phase) reverse,2218,prr,2,,,,,,,,,,,,,,,1,1,1729,0x06C1,,,,0,InstantCtl,Instant,0,0,Linear,Scalar
Chan014Pol001,1,14,1,,,Polarity (phase) reverse,2219,prs,2,,,,,,,,,,,,,,,1,1,1873,0x0751,,,,0,InstantCtl,Instant,0,0,Linear,Scalar
Chan015Pol001,1,15,1,,,Polarity (phase) reverse,2220,prt,2,,,,,,,,,,,,,,,1,1,2017,0x07E1,,,,0,InstantCtl,Instant,0,0,Linear,Scalar
Chan016Pol001,1,16,1,,,Polarity (phase) reverse,2221,pru,2,,,,,,,,,,,,,,,1,1,2161,0x0871,,,,0,InstantCtl,Instant,0,0,Linear,Scalar
Chan017Pol001,1,17,1,,,Polarity (phase) reverse,2222,prv,2,,,,,,,,,,,,,,,1,1,2305,0x0901,,,,0,InstantCtl,Instant,0,0,Linear,Scalar
Chan018Pol001,1,18,1,,,Polarity (phase) reverse,2223,prw,2,,,,,,,,,,,,,,,1,1,2449,0x0991,,,,0,InstantCtl,Instant,0,0,Linear,Scalar
Chan019Pol001,1,19,1,,,Polarity (phase) reverse,2224,psh,2,,,,,,,,,,,,,,,1,1,2593,0x0A21,,,,0,InstantCtl,Instant,0,0,Linear,Scalar
Chan020Pol001,1,20,1,,,Polarity (phase) reverse,2225,psi,2,,,,,,,,,,,,,,,1,1,2737,0x0AB1,,,,0,InstantCtl,Instant,0,0,Linear,Scalar
Chan021Pol001,1,21,1,,,Polarity (phase) reverse,2226,psj,2,,,,,,,,,,,,,,,1,1,2881,0x0B41,,,,0,InstantCtl,Instant,0,0,Linear,Scalar
Chan022Pol001,1,22,1,,,Polarity (phase) reverse,2227,psk,2,,,,,,,,,,,,,,,1,1,3025,0x0BD1,,,,0,InstantCtl,Instant,0,0,Linear,Scalar
Chan023Pol001,1,23,1,,,Polarity (phase) reverse,2228,psl,2,,,,,,,,,,,,,,,1,1,3169,0x0C61,,,,0,InstantCtl,Instant,0,0,Linear,Scalar
Chan024Pol001,1,24,1,,,Polarity (phase) reverse,2229,psm,2,,,,,,,,,,,,,,,1,1,3313,0x0CF1,,,,0,InstantCtl,Instant,0,0,Linear,Scalar
Chan001AuxOn001,1,1,1,,,Channel-to-aux send on/off,2230,psn,1,,,,,,,,Chan_Rtg,,,,,,,1,1,90,0x005A,,,,1,InstantCtl,Instant,0,0,Linear,Scalar
Chan001AuxOn002,1,1,2,,,Channel-to-aux send on/off,2231,pso,1,,,,,,,,Chan_Rtg,,,,,,,1,1,91,0x005B,,,,1,InstantCtl,Instant,0,0,Linear,Scalar
Chan001AuxOn003,1,1,3,,,Channel-to-aux send on/off,2232,psp,1,,,,,,,,Chan_Rtg,,,,,,,1,1,92,0x005C,,,,1,InstantCtl,Instant,0,0,Linear,Scalar
Chan001AuxOn004,1,1,4,,,Channel-to-aux send on/off,2233,psq,1,,,,,,,,Chan_Rtg,,,,,,,1,1,93,0x005D,,,,1,InstantCtl,Instant,0,0,Linear,Scalar
Chan001AuxOn005,1,1,5,,,Channel-to-aux send on/off,2234,psr,1,,,,,,,,Chan_Rtg,,,,,,,1,1,94,0x005E,,,,1,InstantCtl,Instant,0,0,Linear,Scalar
Chan001AuxOn006,1,1,6,,,Channel-to-aux send on/off,2235,pss,1,,,,,,,,Chan_Rtg,,,,,,,1,1,95,0x005F,,,,1,InstantCtl,Instant,0,0,Linear,Scalar
Chan001AuxOn007,1,1,7,,,Channel-to-aux send on/off,2236,pst,1,,,,,,,,Chan_Rtg,,,,,,,1,1,96,0x0060,,,,1,InstantCtl,Instant,0,0,Linear,Scalar
Chan001AuxOn008,1,1,8,,,Channel-to-aux send on/off,2237,psu,1,,,,,,,,Chan_Rtg,,,,,,,1,1,97,0x0061,,,,1,InstantCtl,Instant,0,0,Linear,Scalar
Chan002AuxOn001,1,2,1,,,Channel-to-aux send on/off,2238,psv,1,,,,,,,,Chan_Rtg,,,,,,,1,1,234,0x00EA,,,,1,InstantCtl,Instant,0,0,Linear,Scalar
Chan002AuxOn002,1,2,2,,,Channel-to-aux send on/off,2239,psw,1,,,,,,,,Chan_Rtg,,,,,,,1,1,235,0x00EB,,,,1,InstantCtl,Instant,0,0,Linear,Scalar
Chan002AuxOn003,1,2,3,,,Channel-to-aux send on/off,2240,pth,1,,,,,,,,Chan_Rtg,,,,,,,1,1,236,0x00EC,,,,1,InstantCtl,Instant,0,0,Linear,Scalar
Chan002AuxOn004,1,2,4,,,Channel-to-aux send on/off,2241,pti,1,,,,,,,,Chan_Rtg,,,,,,,1,1,237,0x00ED,,,,1,InstantCtl,Instant,0,0,Linear,Scalar
Chan002AuxOn005,1,2,5,,,Channel-to-aux send on/off,2242,ptj,1,,,,,,,,Chan_Rtg,,,,,,,1,1,238,0x00EE,,,,1,InstantCtl,Instant,0,0,Linear,Scalar
Chan002AuxOn006,1,2,6,,,Channel-to-aux send on/off,2243,ptk,1,,,,,,,,Chan_Rtg,,,,,,,1,1,239,0x00EF,,,,1,InstantCtl,Instant,0,0,Linear,Scalar
Chan002AuxOn007,1,2,7,,,Channel-to-aux send on/off,2244,ptl,1,,,,,,,,Chan_Rtg,,,,,,,1,1,240,0x00F0,,,,1,InstantCtl,Instant,0,0,Linear,Scalar
Chan002AuxOn008,1,2,8,,,Channel-to-aux send on/off,2245,ptm,1,,,,,,,,Chan_Rtg,,,,,,,1,1,241,0x00F1,,,,1,InstantCtl,Instant,0,0,Linear,Scalar
Chan003AuxOn001,1,3,1,,,Channel-to-aux send on/off,2246,ptn,1,,,,,,,,Chan_Rtg,,,,,,,1,1,378,0x017A,,,,1,InstantCtl,Instant,0,0,Linear,Scalar
Chan003AuxOn002,1,3,2,,,Channel-to-aux send on/off,2247,pto,1,,,,,,,,Chan_Rtg,,,,,,,1,1,379,0x017B,,,,1,InstantCtl,Instant,0,0,Linear,Scalar
Chan003AuxOn003,1,3,3,,,Channel-to-aux send on/off,2248,ptp,1,,,,,,,,Chan_Rtg,,,,,,,1,1,380,0x017C,,,,1,InstantCtl,Instant,0,0,Linear,Scalar
Chan003AuxOn004,1,3,4,,,Channel-to-aux send on/off,2249,ptq,1,,,,,,,,Chan_Rtg,,,,,,,1,1,381,0x017D,,,,1,InstantCtl,Instant,0,0,Linear,Scalar
Chan003AuxOn005,1,3,5,,,Channel-to-aux send on/off,2250,ptr,1,,,,,,,,Chan_Rtg,,,,,,,1,1,382,0x017E,,,,1,InstantCtl,Instant,0,0,Linear,Scalar
Chan003AuxOn006,1,3,6,,,Channel-to-aux send on/off,2251,pts,1,,,,,,,,Chan_Rtg,,,,,,,1,1,383,0x017F,,,,1,InstantCtl,Instant,0,0,Linear,Scalar
Chan003AuxOn007,1,3,7,,,Channel-to-aux send on/off,2252,ptt,1,,,,,,,,Chan_Rtg,,,,,,,1,1,384,0x0180,,,,1,InstantCtl,Instant,0,0,Linear,Scalar
Chan003AuxOn008,1,3,8,,,Channel-to-aux send on/off,2253,ptu,1,,,,,,,,Chan_Rtg,,,,,,,1,1,385,0x0181,,,,1,InstantCtl,Instant,0,0,Linear,Scalar
Chan004AuxOn001,1,4,1,,,Channel-to-aux send on/off,2254,ptv,1,,,,,,,,Chan_Rtg,,,,,,,1,1,522,0x020A,,,,1,InstantCtl,Instant,0,0,Linear,Scalar
Chan004AuxOn002,1,4,2,,,Channel-to-aux send on/off,2255,ptw,1,,,,,,,,Chan_Rtg,,,,,,,1,1,523,0x020B,,,,1,InstantCtl,Instant,0,0,Linear,Scalar
Chan004AuxOn003,1,4,3,,,Channel-to-aux send on/off,2256,puh,1,,,,,,,,Chan_Rtg,,,,,,,1,1,524,0x020C,,,,1,InstantCtl,Instant,0,0,Linear,Scalar
Chan004AuxOn004,1,4,4,,,Channel-to-aux send on/off,2257,pui,1,,,,,,,,Chan_Rtg,,,,,,,1,1,525,0x020D,,,,1,InstantCtl,Instant,0,0,Linear,Scalar
Chan004AuxOn005,1,4,5,,,Channel-to-aux send on/off,2258,puj,1,,,,,,,,Chan_Rtg,,,,,,,1,1,526,0x020E,,,,1,InstantCtl,Instant,0,0,Linear,Scalar
Chan004AuxOn006,1,4,6,,,Channel-to-aux send on/off,2259,puk,1,,,,,,,,Chan_Rtg,,,,,,,1,1,527,0x020F,,,,1,InstantCtl,Instant,0,0,Linear,Scalar
Chan004AuxOn007,1,4,7,,,Channel-to-aux send on/off,2260,pul,1,,,,,,,,Chan_Rtg,,,,,,,1,1,528,0x0210,,,,1,InstantCtl,Instant,0,0,Linear,Scalar
Chan004AuxOn008,1,4,8,,,Channel-to-aux send on/off,2261,pum,1,,,,,,,,Chan_Rtg,,,,,,,1,1,529,0x0211,,,,1,InstantCtl,Instant,0,0,Linear,Scalar
Chan005AuxOn001,1,5,1,,,Channel-to-aux send on/off,2262,pun,1,,,,,,,,Chan_Rtg,,,,,,,1,1,666,0x029A,,,,1,InstantCtl,Instant,0,0,Linear,Scalar
Chan005AuxOn002,1,5,2,,,Channel-to-aux send on/off,2263,puo,1,,,,,,,,Chan_Rtg,,,,,,,1,1,667,0x029B,,,,1,InstantCtl,Instant,0,0,Linear,Scalar
Chan005AuxOn003,1,5,3,,,Channel-to-aux send on/off,2264,pup,1,,,,,,,,Chan_Rtg,,,,,,,1,1,668,0x029C,,,,1,InstantCtl,Instant,0,0,Linear,Scalar
Chan005AuxOn004,1,5,4,,,Channel-to-aux send on/off,2265,puq,1,,,,,,,,Chan_Rtg,,,,,,,1,1,669,0x029D,,,,1,InstantCtl,Instant,0,0,Linear,Scalar
Chan005AuxOn005,1,5,5,,,Channel-to-aux send on/off,2266,pur,1,,,,,,,,Chan_Rtg,,,,,,,1,1,670,0x029E,,,,1,InstantCtl,Instant,0,0,Linear,Scalar
Chan005AuxOn006,1,5,6,,,Channel-to-aux send on/off,2267,pus,1,,,,,,,,Chan_Rtg,,,,,,,1,1,671,0x029F,,,,1,InstantCtl,Instant,0,0,Linear,Scalar
Chan005AuxOn007,1,5,7,,,Channel-to-aux send on/off,2268,put,1,,,,,,,,Chan_Rtg,,,,,,,1,1,672,0x02A0,,,,1,InstantCtl,Instant,0,0,Linear,Scalar
Chan005AuxOn008,1,5,8,,,Channel-to-aux send on/off,2269,puu,1,,,,,,,,Chan_Rtg,,,,,,,1,1,673,0x02A1,,,,1,InstantCtl,Instant,0,0,Linear,Scalar
Chan006AuxOn001,1,6,1,,,Channel-to-aux send on/off,2270,puv,1,,,,,,,,Chan_Rtg,,,,,,,1,1,810,0x032A,,,,1,InstantCtl,Instant,0,0,Linear,Scalar
Chan006AuxOn002,1,6,2,,,Channel-to-aux send on/off,2271,puw,1,,,,,,,,Chan_Rtg,,,,,,,1,1,811,0x032B,,,,1,InstantCtl,Instant,0,0,Linear,Scalar
Chan006AuxOn003,1,6,3,,,Channel-to-aux send on/off,2272,pvh,1,,,,,,,,Chan_Rtg,,,,,,,1,1,812,0x032C,,,,1,InstantCtl,Instant,0,0,Linear,Scalar
Chan006AuxOn004,1,6,4,,,Channel-to-aux send on/off,2273,pvi,1,,,,,,,,Chan_Rtg,,,,,,,1,1,813,0x032D,,,,1,InstantCtl,Instant,0,0,Linear,Scalar
Chan006AuxOn005,1,6,5,,,Channel-to-aux send on/off,2274,pvj,1,,,,,,,,Chan_Rtg,,,,,,,1,1,814,0x032E,,,,1,InstantCtl,Instant,0,0,Linear,Scalar
Chan006AuxOn006,1,6,6,,,Channel-to-aux send on/off,2275,pvk,1,,,,,,,,Chan_Rtg,,,,,,,1,1,815,0x032F,,,,1,InstantCtl,Instant,0,0,Linear,Scalar
Chan006AuxOn007,1,6,7,,,Channel-to-aux send on/off,2276,pvl,1,,,,,,,,Chan_Rtg,,,,,,,1,1,816,0x0330,,,,1,InstantCtl,Instant,0,0,Linear,Scalar
Chan006AuxOn008,1,6,8,,,Channel-to-aux send on/off,2277,pvm,1,,,,,,,,Chan_Rtg,,,,,,,1,1,817,0x0331,,,,1,InstantCtl,Instant,0,0,Linear,Scalar
Chan007AuxOn001,1,7,1,,,Channel-to-aux send on/off,2278,pvn,1,,,,,,,,Chan_Rtg,,,,,,,1,1,954,0x03BA,,,,1,InstantCtl,Instant,0,0,Linear,Scalar
Chan007AuxOn002,1,7,2,,,Channel-to-aux send on/off,2279,pvo,1,,,,,,,,Chan_Rtg,,,,,,,1,1,955,0x03BB,,,,1,InstantCtl,Instant,0,0,Linear,Scalar
Chan007AuxOn003,1,7,3,,,Channel-to-aux send on/off,2280,pvp,1,,,,,,,,Chan_Rtg,,,,,,,1,1,956,0x03BC,,,,1,InstantCtl,Instant,0,0,Linear,Scalar
Chan007AuxOn004,1,7,4,,,Channel-to-aux send on/off,2281,pvq,1,,,,,,,,Chan_Rtg,,,,,,,1,1,957,0x03BD,,,,1,InstantCtl,Instant,0,0,Linear,Scalar
Chan007AuxOn005,1,7,5,,,Channel-to-aux send on/off,2282,pvr,1,,,,,,,,Chan_Rtg,,,,,,,1,1,958,0x03BE,,,,1,InstantCtl,Instant,0,0,Linear,Scalar
Chan007AuxOn006,1,7,6,,,Channel-to-aux send on/off,2283,pvs,1,,,,,,,,Chan_Rtg,,,,,,,1,1,959,0x03BF,,,,1,InstantCtl,Instant,0,0,Linear,Scalar
Chan007AuxOn007,1,7,7,,,Channel-to-aux send on/off,2284,pvt,1,,,,,,,,Chan_Rtg,,,,,,,1,1,960,0x03C0,,,,1,InstantCtl,Instant,0,0,Linear,Scalar
Chan007AuxOn008,1,7,8,,,Channel-to-aux send on/off,2285,pvu,1,,,,,,,,Chan_Rtg,,,,,,,1,1,961,0x03C1,,,,1,InstantCtl,Instant,0,0,Linear,Scalar
Chan008AuxOn001,1,8,1,,,Channel-to-aux send on/off,2286,pvv,1,,,,,,,,Chan_Rtg,,,,,,,1,1,1098,0x044A,,,,1,InstantCtl,Instant,0,0,Linear,Scalar
Chan008AuxOn002,1,8,2,,,Channel-to-aux send on/off,2287,pvw,1,,,,,,,,Chan_Rtg,,,,,,,1,1,1099,0x044B,,,,1,InstantCtl,Instant,0,0,Linear,Scalar
Chan008AuxOn003,1,8,3,,,Channel-to-aux send on/off,2288,pwh,1,,,,,,,,Chan_Rtg,,,,,,,1,1,1100,0x044C,,,,1,InstantCtl,Instant,0,0,Linear,Scalar
Chan008AuxOn004,1,8,4,,,Channel-to-aux send on/off,2289,pwi,1,,,,,,,,Chan_Rtg,,,,,,,1,1,1101,0x044D,,,,1,InstantCtl,Instant,0,0,Linear,Scalar
Chan008AuxOn005,1,8,5,,,Channel-to-aux send on/off,2290,pwj,1,,,,,,,,Chan_Rtg,,,,,,,1,1,1102,0x044E,,,,1,InstantCtl,Instant,0,0,Linear,Scalar
Chan008AuxOn006,1,8,6,,,Channel-to-aux send on/off,2291,pwk,1,,,,,,,,Chan_Rtg,,,,,,,1,1,1103,0x044F,,,,1,InstantCtl,Instant,0,0,Linear,Scalar
Chan008AuxOn007,1,8,7,,,Channel-to-aux send on/off,2292,pwl,1,,,,,,,,Chan_Rtg,,,,,,,1,1,1104,0x0450,,,,1,InstantCtl,Instant,0,0,Linear,Scalar
Chan008AuxOn008,1,8,8,,,Channel-to-aux send on/off,2293,pwm,1,,,,,,,,Chan_Rtg,,,,,,,1,1,1105,0x0451,,,,1,InstantCtl,Instant,0,0,Linear,Scalar
Chan009AuxOn001,1,9,1,,,Channel-to-aux send on/off,2294,pwn,1,,,,,,,,Chan_Rtg,,,,,,,1,1,1242,0x04DA,,,,1,InstantCtl,Instant,0,0,Linear,Scalar
Chan009AuxOn002,1,9,2,,,Channel-to-aux send on/off,2295,pwo,1,,,,,,,,Chan_Rtg,,,,,,,1,1,1243,0x04DB,,,,1,InstantCtl,Instant,0,0,Linear,Scalar
Chan009AuxOn003,1,9,3,,,Channel-to-aux send on/off,2296,pwp,1,,,,,,,,Chan_Rtg,,,,,,,1,1,1244,0x04DC,,,,1,InstantCtl,Instant,0,0,Linear,Scalar
Chan009AuxOn004,1,9,4,,,Channel-to-aux send on/off,2297,pwq,1,,,,,,,,Chan_Rtg,,,,,,,1,1,1245,0x04DD,,,,1,InstantCtl,Instant,0,0,Linear,Scalar
Chan009AuxOn005,1,9,5,,,Channel-to-aux send on/off,2298,pwr,1,,,,,,,,Chan_Rtg,,,,,,,1,1,1246,0x04DE,,,,1,InstantCtl,Instant,0,0,Linear,Scalar
Chan009AuxOn006,1,9,6,,,Channel-to-aux send on/off,2299,pws,1,,,,,,,,Chan_Rtg,,,,,,,1,1,1247,0x04DF,,,,1,InstantCtl,Instant,0,0,Linear,Scalar
Chan009AuxOn007,1,9,7,,,Channel-to-aux send on/off,2300,pwt,1,,,,,,,,Chan_Rtg,,,,,,,1,1,1248,0x04E0,,,,1,InstantCtl,Instant,0,0,Linear,Scalar
Chan009AuxOn008,1,9,8,,,Channel-to-aux send on/off,2301,pwu,1,,,,,,,,Chan_Rtg,,,,,,,1,1,1249,0x04E1,,,,1,InstantCtl,Instant,0,0,Linear,Scalar
Chan010AuxOn001,1,10,1,,,Channel-to-aux send on/off,2302,pwv,1,,,,,,,,Chan_Rtg,,,,,,,1,1,1386,0x056A,,,,1,InstantCtl,Instant,0,0,Linear,Scalar
Chan010AuxOn002,1,10,2,,,Channel-to-aux send on/off,2303,pww,1,,,,,,,,Chan_Rtg,,,,,,,1,1,1387,0x056B,,,,1,InstantCtl,Instant,0,0,Linear,Scalar
Chan010AuxOn003,1,10,3,,,Channel-to-aux send on/off,2304,qhh,1,,,,,,,,Chan_Rtg,,,,,,,1,1,1388,0x056C,,,,1,InstantCtl,Instant,0,0,Linear,Scalar
Chan010AuxOn004,1,10,4,,,Channel-to-aux send on/off,2305,qhi,1,,,,,,,,Chan_Rtg,,,,,,,1,1,1389,0x056D,,,,1,InstantCtl,Instant,0,0,Linear,Scalar
Chan010AuxOn005,1,10,5,,,Channel-to-aux send on/off,2306,qhj,1,,,,,,,,Chan_Rtg,,,,,,,1,1,1390,0x056E,,,,1,InstantCtl,Instant,0,0,Linear,Scalar
Chan010AuxOn006,1,10,6,,,Channel-to-aux send on/off,2307,qhk,1,,,,,,,,Chan_Rtg,,,,,,,1,1,1391,0x056F,,,,1,InstantCtl,Instant,0,0,Linear,Scalar
Chan010AuxOn007,1,10,7,,,Channel-to-aux send on/off,2308,qhl,1,,,,,,,,Chan_Rtg,,,,,,,1,1,1392,0x0570,,,,1,InstantCtl,Instant,0,0,Linear,Scalar
Chan010AuxOn008,1,10,8,,,Channel-to-aux send on/off,2309,qhm,1,,,,,,,,Chan_Rtg,,,,,,,1,1,1393,0x0571,,,,1,InstantCtl,Instant,0,0,Linear,Scalar
Chan011AuxOn001,1,11,1,,,Channel-to-aux send on/off,2310,qhn,1,,,,,,,,Chan_Rtg,,,,,,,1,1,1530,0x05FA,,,,1,InstantCtl,Instant,0,0,Linear,Scalar
Chan011AuxOn002,1,11,2,,,Channel-to-aux send on/off,2311,qho,1,,,,,,,,Chan_Rtg,,,,,,,1,1,1531,0x05FB,,,,1,InstantCtl,Instant,0,0,Linear,Scalar
Chan011AuxOn003,1,11,3,,,Channel-to-aux send on/off,2312,qhp,1,,,,,,,,Chan_Rtg,,,,,,,1,1,1532,0x05FC,,,,1,InstantCtl,Instant,0,0,Linear,Scalar
Chan011AuxOn004,1,11,4,,,Channel-to-aux send on/off,2313,qhq,1,,,,,,,,Chan_Rtg,,,,,,,1,1,1533,0x05FD,,,,1,InstantCtl,Instant,0,0,Linear,Scalar
Chan011AuxOn005,1,11,5,,,Channel-to-aux send on/off,2314,qhr,1,,,,,,,,Chan_Rtg,,,,,,,1,1,1534,0x05FE,,,,1,InstantCtl,Instant,0,0,Linear,Scalar
Chan011AuxOn006,1,11,6,,,Channel-to-aux send on/off,2315,qhs,1,,,,,,,,Chan_Rtg,,,,,,,1,1,1535,0x05FF,,,,1,InstantCtl,Instant,0,0,Linear,Scalar
Chan011AuxOn007,1,11,7,,,Channel-to-aux send on/off,2316,qht,1,,,,,,,,Chan_Rtg,,,,,,,1,1,1536,0x0600,,,,1,InstantCtl,Instant,0,0,Linear,Scalar
Chan011AuxOn008,1,11,8,,,Channel-to-aux send on/off,2317,qhu,1,,,,,,,,Chan_Rtg,,,,,,,1,1,1537,0x0601,,,,1,InstantCtl,Instant,0,0,Linear,Scalar
Chan012AuxOn001,1,12,1,,,Channel-to-aux send on/off,2318,qhv,1,,,,,,,,Chan_Rtg,,,,,,,1,1,1674,0x068A,,,,1,InstantCtl,Instant,0,0,Linear,Scalar
Chan012AuxOn002,1,12,2,,,Channel-to-aux send on/off,2319,qhw,1,,,,,,,,Chan_Rtg,,,,,,,1,1,1675,0x068B,,,,1,InstantCtl,Instant,0,0,Linear,Scalar
Chan012AuxOn003,1,12,3,,,Channel-to-aux send on/off,2320,qih,1,,,,,,,,Chan_Rtg,,,,,,,1,1,1676,0x068C,,,,1,InstantCtl,Instant,0,0,Linear,Scalar
Chan012AuxOn004,1,12,4,,,Channel-to-aux send on/off,2321,qii,1,,,,,,,,Chan_Rtg,,,,,,,1,1,1677,0x068D,,,,1,InstantCtl,Instant,0,0,Linear,Scalar
Chan012AuxOn005,1,12,5,,,Channel-to-aux send on/off,2322,qij,1,,,,,,,,Chan_Rtg,,,,,,,1,1,1678,0x068E,,,,1,InstantCtl,Instant,0,0,Linear,Scalar
Chan012AuxOn006,1,12,6,,,Channel-to-aux send on/off,2323,qik,1,,,,,,,,Chan_Rtg,,,,,,,1,1,1679,0x068F,,,,1,InstantCtl,Instant,0,0,Linear,Scalar
Chan012AuxOn007,1,12,7,,,Channel-to-aux send on/off,2324,qil,1,,,,,,,,Chan_Rtg,,,,,,,1,1,1680,0x0690,,,,1,InstantCtl,Instant,0,0,Linear,Scalar
Chan012AuxOn008,1,12,8,,,Channel-to-aux send on/off,2325,qim,1,,,,,,,,Chan_Rtg,,,,,,,1,1,1681,0x0691,,,,1,InstantCtl,Instant,0,0,Linear,Scalar
Chan013AuxOn001,1,13,1,,,Channel-to-aux send on/off,2326,qin,1,,,,,,,,Chan_Rtg,,,,,,,1,1,1818,0x071A,,,,1,InstantCtl,Instant,0,0,Linear,Scalar
Chan013AuxOn002,1,13,2,,,Channel-to-aux send on/off,2327,qio,1,,,,,,,,Chan_Rtg,,,,,,,1,1,1819,0x071B,,,,1,InstantCtl,Instant,0,0,Linear,Scalar
Chan013AuxOn003,1,13,3,,,Channel-to-aux send on/off,2328,qip,1,,,,,,,,Chan_Rtg,,,,,,,1,1,1820,0x071C,,,,1,InstantCtl,Instant,0,0,Linear,Scalar
Chan013AuxOn004,1,13,4,,,Channel-to-aux send on/off,2329,qiq,1,,,,,,,,Chan_Rtg,,,,,,,1,1,1821,0x071D,,,,1,InstantCtl,Instant,0,0,Linear,Scalar
Chan013AuxOn005,1,13,5,,,Channel-to-aux send on/off,2330,qir,1,,,,,,,,Chan_Rtg,,,,,,,1,1,1822,0x071E,,,,1,InstantCtl,Instant,0,0,Linear,Scalar
Chan013AuxOn006,1,13,6,,,Channel-to-aux send on/off,2331,qis,1,,,,,,,,Chan_Rtg,,,,,,,1,1,1823,0x071F,,,,1,InstantCtl,Instant,0,0,Linear,Scalar
Chan013AuxOn007,1,13,7,,,Channel-to-aux send on/off,2332,qit,1,,,,,,,,Chan_Rtg,,,,,,,1,1,1824,0x0720,,,,1,InstantCtl,Instant,0,0,Linear,Scalar
Chan013AuxOn008,1,13,8,,,Channel-to-aux send on/off,2333,qiu,1,,,,,,,,Chan_Rtg,,,,,,,1,1,1825,0x0721,,,,1,InstantCtl,Instant,0,0,Linear,Scalar
Chan014AuxOn001,1,14,1,,,Channel-to-aux send on/off,2334,qiv,1,,,,,,,,Chan_Rtg,,,,,,,1,1,1962,0x07AA,,,,1,InstantCtl,Instant,0,0,Linear,Scalar
Chan014AuxOn002,1,14,2,,,Channel-to-aux send on/off,2335,qiw,1,,,,,,,,Chan_Rtg,,,,,,,1,1,1963,0x07AB,,,,1,InstantCtl,Instant,0,0,Linear,Scalar
Chan014AuxOn003,1,14,3,,,Channel-to-aux send on/off,2336,qjh,1,,,,,,,,Chan_Rtg,,,,,,,1,1,1964,0x07AC,,,,1,InstantCtl,Instant,0,0,Linear,Scalar
Chan014AuxOn004,1,14,4,,,Channel-to-aux send on/off,2337,qji,1,,,,,,,,Chan_Rtg,,,,,,,1,1,1965,0x07AD,,,,1,InstantCtl,Instant,0,0,Linear,Scalar
Chan014AuxOn005,1,14,5,,,Channel-to-aux send on/off,2338,qjj,1,,,,,,,,Chan_Rtg,,,,,,,1,1,1966,0x07AE,,,,1,InstantCtl,Instant,0,0,Linear,Scalar
Chan014AuxOn006,1,14,6,,,Channel-to-aux send on/off,2339,qjk,1,,,,,,,,Chan_Rtg,,,,,,,1,1,1967,0x07AF,,,,1,InstantCtl,Instant,0,0,Linear,Scalar
Chan014AuxOn007,1,14,7,,,Channel-to-aux send on/off,2340,qjl,1,,,,,,,,Chan_Rtg,,,,,,,1,1,1968,0x07B0,,,,1,InstantCtl,Instant,0,0,Linear,Scalar
Chan014AuxOn008,1,14,8,,,Channel-to-aux send on/off,2341,qjm,1,,,,,,,,Chan_Rtg,,,,,,,1,1,1969,0x07B1,,,,1,InstantCtl,Instant,0,0,Linear,Scalar
Chan015AuxOn001,1,15,1,,,Channel-to-aux send on/off,2342,qjn,1,,,,,,,,Chan_Rtg,,,,,,,1,1,2106,0x083A,,,,1,InstantCtl,Instant,0,0,Linear,Scalar
Chan015AuxOn002,1,15,2,,,Channel-to-aux send on/off,2343,qjo,1,,,,,,,,Chan_Rtg,,,,,,,1,1,2107,0x083B,,,,1,InstantCtl,Instant,0,0,Linear,Scalar
Chan015AuxOn003,1,15,3,,,Channel-to-aux send on/off,2344,qjp,1,,,,,,,,Chan_Rtg,,,,,,,1,1,2108,0x083C,,,,1,InstantCtl,Instant,0,0,Linear,Scalar
Chan015AuxOn004,1,15,4,,,Channel-to-aux send on/off,2345,qjq,1,,,,,,,,Chan_Rtg,,,,,,,1,1,2109,0x083D,,,,1,InstantCtl,Instant,0,0,Linear,Scalar
Chan015AuxOn005,1,15,5,,,Channel-to-aux send on/off,2346,qjr,1,,,,,,,,Chan_Rtg,,,,,,,1,1,2110,0x083E,,,,1,InstantCtl,Instant,0,0,Linear,Scalar
Chan015AuxOn006,1,15,6,,,Channel-to-aux send on/off,2347,qjs,1,,,,,,,,Chan_Rtg,,,,,,,1,1,2111,0x083F,,,,1,InstantCtl,Instant,0,0,Linear,Scalar
Chan015AuxOn007,1,15,7,,,Channel-to-aux send on/off,2348,qjt,1,,,,,,,,Chan_Rtg,,,,,,,1,1,2112,0x0840,,,,1,InstantCtl,Instant,0,0,Linear,Scalar
Chan015AuxOn008,1,15,8,,,Channel-to-aux send on/off,2349,qju,1,,,,,,,,Chan_Rtg,,,,,,,1,1,2113,0x0841,,,,1,InstantCtl,Instant,0,0,Linear,Scalar
Chan016AuxOn001,1,16,1,,,Channel-to-aux send on/off,2350,qjv,1,,,,,,,,Chan_Rtg,,,,,,,1,1,2250,0x08CA,,,,1,InstantCtl,Instant,0,0,Linear,Scalar
Chan016AuxOn002,1,16,2,,,Channel-to-aux send on/off,2351,qjw,1,,,,,,,,Chan_Rtg,,,,,,,1,1,2251,0x08CB,,,,1,InstantCtl,Instant,0,0,Linear,Scalar
Chan016AuxOn003,1,16,3,,,Channel-to-aux send on/off,2352,qkh,1,,,,,,,,Chan_Rtg,,,,,,,1,1,2252,0x08CC,,,,1,InstantCtl,Instant,0,0,Linear,Scalar
Chan016AuxOn004,1,16,4,,,Channel-to-aux send on/off,2353,qki,1,,,,,,,,Chan_Rtg,,,,,,,1,1,2253,0x08CD,,,,1,InstantCtl,Instant,0,0,Linear,Scalar
Chan016AuxOn005,1,16,5,,,Channel-to-aux send on/off,2354,qkj,1,,,,,,,,Chan_Rtg,,,,,,,1,1,2254,0x08CE,,,,1,InstantCtl,Instant,0,0,Linear,Scalar
Chan016AuxOn006,1,16,6,,,Channel-to-aux send on/off,2355,qkk,1,,,,,,,,Chan_Rtg,,,,,,,1,1,2255,0x08CF,,,,1,InstantCtl,Instant,0,0,Linear,Scalar
Chan016AuxOn007,1,16,7,,,Channel-to-aux send on/off,2356,qkl,1,,,,,,,,Chan_Rtg,,,,,,,1,1,2256,0x08D0,,,,1,InstantCtl,Instant,0,0,Linear,Scalar
Chan016AuxOn008,1,16,8,,,Channel-to-aux send on/off,2357,qkm,1,,,,,,,,Chan_Rtg,,,,,,,1,1,2257,0x08D1,,,,1,InstantCtl,Instant,0,0,Linear,Scalar
Chan017AuxOn001,1,17,1,,,Channel-to-aux send on/off,2358,qkn,1,,,,,,,,Chan_Rtg,,,,,,,1,1,2394,0x095A,,,,1,InstantCtl,Instant,0,0,Linear,Scalar
Chan017AuxOn002,1,17,2,,,Channel-to-aux send on/off,2359,qko,1,,,,,,,,Chan_Rtg,,,,,,,1,1,2395,0x095B,,,,1,InstantCtl,Instant,0,0,Linear,Scalar
Chan017AuxOn003,1,17,3,,,Channel-to-aux send on/off,2360,qkp,1,,,,,,,,Chan_Rtg,,,,,,,1,1,2396,0x095C,,,,1,InstantCtl,Instant,0,0,Linear,Scalar
Chan017AuxOn004,1,17,4,,,Channel-to-aux send on/off,2361,qkq,1,,,,,,,,Chan_Rtg,,,,,,,1,1,2397,0x095D,,,,1,InstantCtl,Instant,0,0,Linear,Scalar
Chan017AuxOn005,1,17,5,,,Channel-to-aux send on/off,2362,qkr,1,,,,,,,,Chan_Rtg,,,,,,,1,1,2398,0x095E,,,,1,InstantCtl,Instant,0,0,Linear,Scalar
Chan017AuxOn006,1,17,6,,,Channel-to-aux send on/off,2363,qks,1,,,,,,,,Chan_Rtg,,,,,,,1,1,2399,0x095F,,,,1,InstantCtl,Instant,0,0,Linear,Scalar
Chan017AuxOn007,1,17,7,,,Channel-to-aux send on/off,2364,qkt,1,,,,,,,,Chan_Rtg,,,,,,,1,1,2400,0x0960,,,,1,InstantCtl,Instant,0,0,Linear,Scalar
Chan017AuxOn008,1,17,8,,,Channel-to-aux send on/off,2365,qku,1,,,,,,,,Chan_Rtg,,,,,,,1,1,2401,0x0961,,,,1,InstantCtl,Instant,0,0,Linear,Scalar
Chan018AuxOn001,1,18,1,,,Channel-to-aux send on/off,2366,qkv,1,,,,,,,,Chan_Rtg,,,,,,,1,1,2538,0x09EA,,,,1,InstantCtl,Instant,0,0,Linear,Scalar
Chan018AuxOn002,1,18,2,,,Channel-to-aux send on/off,2367,qkw,1,,,,,,,,Chan_Rtg,,,,,,,1,1,2539,0x09EB,,,,1,InstantCtl,Instant,0,0,Linear,Scalar
Chan018AuxOn003,1,18,3,,,Channel-to-aux send on/off,2368,qlh,1,,,,,,,,Chan_Rtg,,,,,,,1,1,2540,0x09EC,,,,1,InstantCtl,Instant,0,0,Linear,Scalar
Chan018AuxOn004,1,18,4,,,Channel-to-aux send on/off,2369,qli,1,,,,,,,,Chan_Rtg,,,,,,,1,1,2541,0x09ED,,,,1,InstantCtl,Instant,0,0,Linear,Scalar
Chan018AuxOn005,1,18,5,,,Channel-to-aux send on/off,2370,qlj,1,,,,,,,,Chan_Rtg,,,,,,,1,1,2542,0x09EE,,,,1,InstantCtl,Instant,0,0,Linear,Scalar
Chan018AuxOn006,1,18,6,,,Channel-to-aux send on/off,2371,qlk,1,,,,,,,,Chan_Rtg,,,,,,,1,1,2543,0x09EF,,,,1,InstantCtl,Instant,0,0,Linear,Scalar
Chan018AuxOn007,1,18,7,,,Channel-to-aux send on/off,2372,qll,1,,,,,,,,Chan_Rtg,,,,,,,1,1,2544,0x09F0,,,,1,InstantCtl,Instant,0,0,Linear,Scalar
Chan018AuxOn008,1,18,8,,,Channel-to-aux send on/off,2373,qlm,1,,,,,,,,Chan_Rtg,,,,,,,1,1,2545,0x09F1,,,,1,InstantCtl,Instant,0,0,Linear,Scalar
Chan019AuxOn001,1,19,1,,,Channel-to-aux send on/off,2374,qln,1,,,,,,,,Chan_Rtg,,,,,,,1,1,2682,0x0A7A,,,,1,InstantCtl,Instant,0,0,Linear,Scalar
Chan019AuxOn002,1,19,2,,,Channel-to-aux send on/off,2375,qlo,1,,,,,,,,Chan_Rtg,,,,,,,1,1,2683,0x0A7B,,,,1,InstantCtl,Instant,0,0,Linear,Scalar
Chan019AuxOn003,1,19,3,,,Channel-to-aux send on/off,2376,qlp,1,,,,,,,,Chan_Rtg,,,,,,,1,1,2684,0x0A7C,,,,1,InstantCtl,Instant,0,0,Linear,Scalar
Chan019AuxOn004,1,19,4,,,Channel-to-aux send on/off,2377,qlq,1,,,,,,,,Chan_Rtg,,,,,,,1,1,2685,0x0A7D,,,,1,InstantCtl,Instant,0,0,Linear,Scalar
Chan019AuxOn005,1,19,5,,,Channel-to-aux send on/off,2378,qlr,1,,,,,,,,Chan_Rtg,,,,,,,1,1,2686,0x0A7E,,,,1,InstantCtl,Instant,0,0,Linear,Scalar
Chan019AuxOn006,1,19,6,,,Channel-to-aux send on/off,2379,qls,1,,,,,,,,Chan_Rtg,,,,,,,1,1,2687,0x0A7F,,,,1,InstantCtl,Instant,0,0,Linear,Scalar
Chan019AuxOn007,1,19,7,,,Channel-to-aux send on/off,2380,qlt,1,,,,,,,,Chan_Rtg,,,,,,,1,1,2688,0x0A80,,,,1,InstantCtl,Instant,0,0,Linear,Scalar
Chan019AuxOn008,1,19,8,,,Channel-to-aux send on/off,2381,qlu,1,,,,,,,,Chan_Rtg,,,,,,,1,1,2689,0x0A81,,,,1,InstantCtl,Instant,0,0,Linear,Scalar
Chan020AuxOn001,1,20,1,,,Channel-to-aux send on/off,2382,qlv,1,,,,,,,,Chan_Rtg,,,,,,,1,1,2826,0x0B0A,,,,1,InstantCtl,Instant,0,0,Linear,Scalar
Chan020AuxOn002,1,20,2,,,Channel-to-aux send on/off,2383,qlw,1,,,,,,,,Chan_Rtg,,,,,,,1,1,2827,0x0B0B,,,,1,InstantCtl,Instant,0,0,Linear,Scalar
Chan020AuxOn003,1,20,3,,,Channel-to-aux send on/off,2384,qmh,1,,,,,,,,Chan_Rtg,,,,,,,1,1,2828,0x0B0C,,,,1,InstantCtl,Instant,0,0,Linear,Scalar
Chan020AuxOn004,1,20,4,,,Channel-to-aux send on/off,2385,qmi,1,,,,,,,,Chan_Rtg,,,,,,,1,1,2829,0x0B0D,,,,1,InstantCtl,Instant,0,0,Linear,Scalar
Chan020AuxOn005,1,20,5,,,Channel-to-aux send on/off,2386,qmj,1,,,,,,,,Chan_Rtg,,,,,,,1,1,2830,0x0B0E,,,,1,InstantCtl,Instant,0,0,Linear,Scalar
Chan020AuxOn006,1,20,6,,,Channel-to-aux send on/off,2387,qmk,1,,,,,,,,Chan_Rtg,,,,,,,1,1,2831,0x0B0F,,,,1,InstantCtl,Instant,0,0,Linear,Scalar
Chan020AuxOn007,1,20,7,,,Channel-to-aux send on/off,2388,qml,1,,,,,,,,Chan_Rtg,,,,,,,1,1,2832,0x0B10,,,,1,InstantCtl,Instant,0,0,Linear,Scalar
Chan020AuxOn008,1,20,8,,,Channel-to-aux send on/off,2389,qmm,1,,,,,,,,Chan_Rtg,,,,,,,1,1,2833,0x0B11,,,,1,InstantCtl,Instant,0,0,Linear,Scalar
Chan021AuxOn001,1,21,1,,,Channel-to-aux send on/off,2390,qmn,1,,,,,,,,Chan_Rtg,,,,,,,1,1,2970,0x0B9A,,,,1,InstantCtl,Instant,0,0,Linear,Scalar
Chan021AuxOn002,1,21,2,,,Channel-to-aux send on/off,2391,qmo,1,,,,,,,,Chan_Rtg,,,,,,,1,1,2971,0x0B9B,,,,1,InstantCtl,Instant,0,0,Linear,Scalar
Chan021AuxOn003,1,21,3,,,Channel-to-aux send on/off,2392,qmp,1,,,,,,,,Chan_Rtg,,,,,,,1,1,2972,0x0B9C,,,,1,InstantCtl,Instant,0,0,Linear,Scalar
Chan021AuxOn004,1,21,4,,,Channel-to-aux send on/off,2393,qmq,1,,,,,,,,Chan_Rtg,,,,,,,1,1,2973,0x0B9D,,,,1,InstantCtl,Instant,0,0,Linear,Scalar
Chan021AuxOn005,1,21,5,,,Channel-to-aux send on/off,2394,qmr,1,,,,,,,,Chan_Rtg,,,,,,,1,1,2974,0x0B9E,,,,1,InstantCtl,Instant,0,0,Linear,Scalar
Chan021AuxOn006,1,21,6,,,Channel-to-aux send on/off,2395,qms,1,,,,,,,,Chan_Rtg,,,,,,,1,1,2975,0x0B9F,,,,1,InstantCtl,Instant,0,0,Linear,Scalar
Chan021AuxOn007,1,21,7,,,Channel-to-aux send on/off,2396,qmt,1,,,,,,,,Chan_Rtg,,,,,,,1,1,2976,0x0BA0,,,,1,InstantCtl,Instant,0,0,Linear,Scalar
Chan021AuxOn008,1,21,8,,,Channel-to-aux send on/off,2397,qmu,1,,,,,,,,Chan_Rtg,,,,,,,1,1,2977,0x0BA1,,,,1,InstantCtl,Instant,0,0,Linear,Scalar
Chan022AuxOn001,1,22,1,,,Channel-to-aux send on/off,2398,qmv,1,,,,,,,,Chan_Rtg,,,,,,,1,1,3114,0x0C2A,,,,1,InstantCtl,Instant,0,0,Linear,Scalar
Chan022AuxOn002,1,22,2,,,Channel-to-aux send on/off,2399,qmw,1,,,,,,,,Chan_Rtg,,,,,,,1,1,3115,0x0C2B,,,,1,InstantCtl,Instant,0,0,Linear,Scalar
Chan022AuxOn003,1,22,3,,,Channel-to-aux send on/off,2400,qnh,1,,,,,,,,Chan_Rtg,,,,,,,1,1,3116,0x0C2C,,,,1,InstantCtl,Instant,0,0,Linear,Scalar
Chan022AuxOn004,1,22,4,,,Channel-to-aux send on/off,2401,qni,1,,,,,,,,Chan_Rtg,,,,,,,1,1,3117,0x0C2D,,,,1,InstantCtl,Instant,0,0,Linear,Scalar
Chan022AuxOn005,1,22,5,,,Channel-to-aux send on/off,2402,qnj,1,,,,,,,,Chan_Rtg,,,,,,,1,1,3118,0x0C2E,,,,1,InstantCtl,Instant,0,0,Linear,Scalar
Chan022AuxOn006,1,22,6,,,Channel-to-aux send on/off,2403,qnk,1,,,,,,,,Chan_Rtg,,,,,,,1,1,3119,0x0C2F,,,,1,InstantCtl,Instant,0,0,Linear,Scalar
Chan022AuxOn007,1,22,7,,,Channel-to-aux send on/off,2404,qnl,1,,,,,,,,Chan_Rtg,,,,,,,1,1,3120,0x0C30,,,,1,InstantCtl,Instant,0,0,Linear,Scalar
Chan022AuxOn008,1,22,8,,,Channel-to-aux send on/off,2405,qnm,1,,,,,,,,Chan_Rtg,,,,,,,1,1,3121,0x0C31,,,,1,InstantCtl,Instant,0,0,Linear,Scalar
Chan023AuxOn001,1,23,1,,,Channel-to-aux send on/off,2406,qnn,1,,,,,,,,Chan_Rtg,,,,,,,1,1,3258,0x0CBA,,,,1,InstantCtl,Instant,0,0,Linear,Scalar
Chan023AuxOn002,1,23,2,,,Channel-to-aux send on/off,2407,qno,1,,,,,,,,Chan_Rtg,,,,,,,1,1,3259,0x0CBB,,,,1,InstantCtl,Instant,0,0,Linear,Scalar
Chan023AuxOn003,1,23,3,,,Channel-to-aux send on/off,2408,qnp,1,,,,,,,,Chan_Rtg,,,,,,,1,1,3260,0x0CBC,,,,1,InstantCtl,Instant,0,0,Linear,Scalar
Chan023AuxOn004,1,23,4,,,Channel-to-aux send on/off,2409,qnq,1,,,,,,,,Chan_Rtg,,,,,,,1,1,3261,0x0CBD,,,,1,InstantCtl,Instant,0,0,Linear,Scalar
Chan023AuxOn005,1,23,5,,,Channel-to-aux send on/off,2410,qnr,1,,,,,,,,Chan_Rtg,,,,,,,1,1,3262,0x0CBE,,,,1,InstantCtl,Instant,0,0,Linear,Scalar
Chan023AuxOn006,1,23,6,,,Channel-to-aux send on/off,2411,qns,1,,,,,,,,Chan_Rtg,,,,,,,1,1,3263,0x0CBF,,,,1,InstantCtl,Instant,0,0,Linear,Scalar
Chan023AuxOn007,1,23,7,,,Channel-to-aux send on/off,2412,qnt,1,,,,,,,,Chan_Rtg,,,,,,,1,1,3264,0x0CC0,,,,1,InstantCtl,Instant,0,0,Linear,Scalar
Chan023AuxOn008,1,23,8,,,Channel-to-aux send on/off,2413,qnu,1,,,,,,,,Chan_Rtg,,,,,,,1,1,3265,0x0CC1,,,,1,InstantCtl,Instant,0,0,Linear,Scalar
Chan024AuxOn001,1,24,1,,,Channel-to-aux send on/off,2414,qnv,1,,,,,,,,Chan_Rtg,,,,,,,1,1,3402,0x0D4A,,,,1,InstantCtl,Instant,0,0,Linear,Scalar
Chan024AuxOn002,1,24,2,,,Channel-to-aux send on/off,2415,qnw,1,,,,,,,,Chan_Rtg,,,,,,,1,1,3403,0x0D4B,,,,1,InstantCtl,Instant,0,0,Linear,Scalar
Chan024AuxOn003,1,24,3,,,Channel-to-aux send on/off,2416,qoh,1,,,,,,,,Chan_Rtg,,,,,,,1,1,3404,0x0D4C,,,,1,InstantCtl,Instant,0,0,Linear,Scalar
Chan024AuxOn004,1,24,4,,,Channel-to-aux send on/off,2417,qoi,1,,,,,,,,Chan_Rtg,,,,,,,1,1,3405,0x0D4D,,,,1,InstantCtl,Instant,0,0,Linear,Scalar
Chan024AuxOn005,1,24,5,,,Channel-to-aux send on/off,2418,qoj,1,,,,,,,,Chan_Rtg,,,,,,,1,1,3406,0x0D4E,,,,1,InstantCtl,Instant,0,0,Linear,Scalar
Chan024AuxOn006,1,24,6,,,Channel-to-aux send on/off,2419,qok,1,,,,,,,,Chan_Rtg,,,,,,,1,1,3407,0x0D4F,,,,1,InstantCtl,Instant,0,0,Linear,Scalar
Chan024AuxOn007,1,24,7,,,Channel-to-aux send on/off,2420,qol,1,,,,,,,,Chan_Rtg,,,,,,,1,1,3408,0x0D50,,,,1,InstantCtl,Instant,0,0,Linear,Scalar
Chan024AuxOn008,1,24,8,,,Channel-to-aux send on/off,2421,qom,1,,,,,,,,Chan_Rtg,,,,,,,1,1,3409,0x0D51,,,,1,InstantCtl,Instant,0,0,Linear,Scalar
Chan001AuxPick001,1,1,1,,,Per-aux pickoff (PreEQ/PostEQ/PreFdr/PostFdr),2422,qon,4,,,,,,,,Chan_Rtg,,,,,,,1,1,114,0x0072,,,,-,InstantCtl,Instant,0,0,Linear,Scalar
Chan001AuxPick002,1,1,2,,,Per-aux pickoff (PreEQ/PostEQ/PreFdr/PostFdr),2423,qoo,4,,,,,,,,Chan_Rtg,,,,,,,1,1,115,0x0073,,,,-,InstantCtl,Instant,0,0,Linear,Scalar
Chan001AuxPick003,1,1,3,,,Per-aux pickoff (PreEQ/PostEQ/PreFdr/PostFdr),2424,qop,4,,,,,,,,Chan_Rtg,,,,,,,1,1,116,0x0074,,,,-,InstantCtl,Instant,0,0,Linear,Scalar
Chan001AuxPick004,1,1,4,,,Per-aux pickoff (PreEQ/PostEQ/PreFdr/PostFdr),2425,qoq,4,,,,,,,,Chan_Rtg,,,,,,,1,1,117,0x0075,,,,-,InstantCtl,Instant,0,0,Linear,Scalar
Chan001AuxPick005,1,1,5,,,Per-aux pickoff (PreEQ/PostEQ/PreFdr/PostFdr),2426,qor,4,,,,,,,,Chan_Rtg,,,,,,,1,1,118,0x0076,,,,-,InstantCtl,Instant,0,0,Linear,Scalar
Chan001AuxPick006,1,1,6,,,Per-aux pickoff (PreEQ/PostEQ/PreFdr/PostFdr),2427,qos,4,,,,,,,,Chan_Rtg,,,,,,,1,1,119,0x0077,,,,-,InstantCtl,Instant,0,0,Linear,Scalar
Chan001AuxPick007,1,1,7,,,Per-aux pickoff (PreEQ/PostEQ/PreFdr/PostFdr),2428,qot,4,,,,,,,,Chan_Rtg,,,,,,,1,1,120,0x0078,,,,-,InstantCtl,Instant,0,0,Linear,Scalar
Chan001AuxPick008,1,1,8,,,Per-aux pickoff (PreEQ/PostEQ/PreFdr/PostFdr),2429,qou,4,,,,,,,,Chan_Rtg,,,,,,,1,1,121,0x0079,,,,-,InstantCtl,Instant,0,0,Linear,Scalar
Chan002AuxPick001,1,2,1,,,Per-aux pickoff (PreEQ/PostEQ/PreFdr/PostFdr),2430,qov,4,,,,,,,,Chan_Rtg,,,,,,,1,1,258,0x0102,,,,-,InstantCtl,Instant,0,0,Linear,Scalar
Chan002AuxPick002,1,2,2,,,Per-aux pickoff (PreEQ/PostEQ/PreFdr/PostFdr),2431,qow,4,,,,,,,,Chan_Rtg,,,,,,,1,1,259,0x0103,,,,-,InstantCtl,Instant,0,0,Linear,Scalar
Chan002AuxPick003,1,2,3,,,Per-aux pickoff (PreEQ/PostEQ/PreFdr/PostFdr),2432,qph,4,,,,,,,,Chan_Rtg,,,,,,,1,1,260,0x0104,,,,-,InstantCtl,Instant,0,0,Linear,Scalar
Chan002AuxPick004,1,2,4,,,Per-aux pickoff (PreEQ/PostEQ/PreFdr/PostFdr),2433,qpi,4,,,,,,,,Chan_Rtg,,,,,,,1,1,261,0x0105,,,,-,InstantCtl,Instant,0,0,Linear,Scalar
Chan002AuxPick005,1,2,5,,,Per-aux pickoff (PreEQ/PostEQ/PreFdr/PostFdr),2434,qpj,4,,,,,,,,Chan_Rtg,,,,,,,1,1,262,0x0106,,,,-,InstantCtl,Instant,0,0,Linear,Scalar
Chan002AuxPick006,1,2,6,,,Per-aux pickoff (PreEQ/PostEQ/PreFdr/PostFdr),2435,qpk,4,,,,,,,,Chan_Rtg,,,,,,,1,1,263,0x0107,,,,-,InstantCtl,Instant,0,0,Linear,Scalar
Chan002AuxPick007,1,2,7,,,Per-aux pickoff (PreEQ/PostEQ/PreFdr/PostFdr),2436,qpl,4,,,,,,,,Chan_Rtg,,,,,,,1,1,264,0x0108,,,,-,InstantCtl,Instant,0,0,Linear,Scalar
Chan002AuxPick008,1,2,8,,,Per-aux pickoff (PreEQ/PostEQ/PreFdr/PostFdr),2437,qpm,4,,,,,,,,Chan_Rtg,,,,,,,1,1,265,0x0109,,,,-,InstantCtl,Instant,0,0,Linear,Scalar
Chan003AuxPick001,1,3,1,,,Per-aux pickoff (PreEQ/PostEQ/PreFdr/PostFdr),2438,qpn,4,,,,,,,,Chan_Rtg,,,,,,,1,1,402,0x0192,,,,-,InstantCtl,Instant,0,0,Linear,Scalar
Chan003AuxPick002,1,3,2,,,Per-aux pickoff (PreEQ/PostEQ/PreFdr/PostFdr),2439,qpo,4,,,,,,,,Chan_Rtg,,,,,,,1,1,403,0x0193,,,,-,InstantCtl,Instant,0,0,Linear,Scalar
Chan003AuxPick003,1,3,3,,,Per-aux pickoff (PreEQ/PostEQ/PreFdr/PostFdr),2440,qpp,4,,,,,,,,Chan_Rtg,,,,,,,1,1,404,0x0194,,,,-,InstantCtl,Instant,0,0,Linear,Scalar
Chan003AuxPick004,1,3,4,,,Per-aux pickoff (PreEQ/PostEQ/PreFdr/PostFdr),2441,qpq,4,,,,,,,,Chan_Rtg,,,,,,,1,1,405,0x0195,,,,-,InstantCtl,Instant,0,0,Linear,Scalar
Chan003AuxPick005,1,3,5,,,Per-aux pickoff (PreEQ/PostEQ/PreFdr/PostFdr),2442,qpr,4,,,,,,,,Chan_Rtg,,,,,,,1,1,406,0x0196,,,,-,InstantCtl,Instant,0,0,Linear,Scalar
Chan003AuxPick006,1,3,6,,,Per-aux pickoff (PreEQ/PostEQ/PreFdr/PostFdr),2443,qps,4,,,,,,,,Chan_Rtg,,,,,,,1,1,407,0x0197,,,,-,InstantCtl,Instant,0,0,Linear,Scalar
Chan003AuxPick007,1,3,7,,,Per-aux pickoff (PreEQ/PostEQ/PreFdr/PostFdr),2444,qpt,4,,,,,,,,Chan_Rtg,,,,,,,1,1,408,0x0198,,,,-,InstantCtl,Instant,0,0,Linear,Scalar
Chan003AuxPick008,1,3,8,,,Per-aux pickoff (PreEQ/PostEQ/PreFdr/PostFdr),2445,qpu,4,,,,,,,,Chan_Rtg,,,,,,,1,1,409,0x0199,,,,-,InstantCtl,Instant,0,0,Linear,Scalar
Chan004AuxPick001,1,4,1,,,Per-aux pickoff (PreEQ/PostEQ/PreFdr/PostFdr),2446,qpv,4,,,,,,,,Chan_Rtg,,,,,,,1,1,546,0x0222,,,,-,InstantCtl,Instant,0,0,Linear,Scalar
Chan004AuxPick002,1,4,2,,,Per-aux pickoff (PreEQ/PostEQ/PreFdr/PostFdr),2447,qpw,4,,,,,,,,Chan_Rtg,,,,,,,1,1,547,0x0223,,,,-,InstantCtl,Instant,0,0,Linear,Scalar
Chan004AuxPick003,1,4,3,,,Per-aux pickoff (PreEQ/PostEQ/PreFdr/PostFdr),2448,qqh,4,,,,,,,,Chan_Rtg,,,,,,,1,1,548,0x0224,,,,-,InstantCtl,Instant,0,0,Linear,Scalar
Chan004AuxPick004,1,4,4,,,Per-aux pickoff (PreEQ/PostEQ/PreFdr/PostFdr),2449,qqi,4,,,,,,,,Chan_Rtg,,,,,,,1,1,549,0x0225,,,,-,InstantCtl,Instant,0,0,Linear,Scalar
Chan004AuxPick005,1,4,5,,,Per-aux pickoff (PreEQ/PostEQ/PreFdr/PostFdr),2450,qqj,4,,,,,,,,Chan_Rtg,,,,,,,1,1,550,0x0226,,,,-,InstantCtl,Instant,0,0,Linear,Scalar
Chan004AuxPick006,1,4,6,,,Per-aux pickoff (PreEQ/PostEQ/PreFdr/PostFdr),2451,qqk,4,,,,,,,,Chan_Rtg,,,,,,,1,1,551,0x0227,,,,-,InstantCtl,Instant,0,0,Linear,Scalar
Chan004AuxPick007,1,4,7,,,Per-aux pickoff (PreEQ/PostEQ/PreFdr/PostFdr),2452,qql,4,,,,,,,,Chan_Rtg,,,,,,,1,1,552,0x0228,,,,-,InstantCtl,Instant,0,0,Linear,Scalar
Chan004AuxPick008,1,4,8,,,Per-aux pickoff (PreEQ/PostEQ/PreFdr/PostFdr),2453,qqm,4,,,,,,,,Chan_Rtg,,,,,,,1,1,553,0x0229,,,,-,InstantCtl,Instant,0,0,Linear,Scalar
Chan005AuxPick001,1,5,1,,,Per-aux pickoff (PreEQ/PostEQ/PreFdr/PostFdr),2454,qqn,4,,,,,,,,Chan_Rtg,,,,,,,1,1,690,0x02B2,,,,-,InstantCtl,Instant,0,0,Linear,Scalar
Chan005AuxPick002,1,5,2,,,Per-aux pickoff (PreEQ/PostEQ/PreFdr/PostFdr),2455,qqo,4,,,,,,,,Chan_Rtg,,,,,,,1,1,691,0x02B3,,,,-,InstantCtl,Instant,0,0,Linear,Scalar
Chan005AuxPick003,1,5,3,,,Per-aux pickoff (PreEQ/PostEQ/PreFdr/PostFdr),2456,qqp,4,,,,,,,,Chan_Rtg,,,,,,,1,1,692,0x02B4,,,,-,InstantCtl,Instant,0,0,Linear,Scalar
Chan005AuxPick004,1,5,4,,,Per-aux pickoff (PreEQ/PostEQ/PreFdr/PostFdr),2457,qqq,4,,,,,,,,Chan_Rtg,,,,,,,1,1,693,0x02B5,,,,-,InstantCtl,Instant,0,0,Linear,Scalar
Chan005AuxPick005,1,5,5,,,Per-aux pickoff (PreEQ/PostEQ/PreFdr/PostFdr),2458,qqr,4,,,,,,,,Chan_Rtg,,,,,,,1,1,694,0x02B6,,,,-,InstantCtl,Instant,0,0,Linear,Scalar
Chan005AuxPick006,1,5,6,,,Per-aux pickoff (PreEQ/PostEQ/PreFdr/PostFdr),2459,qqs,4,,,,,,,,Chan_Rtg,,,,,,,1,1,695,0x02B7,,,,-,InstantCtl,Instant,0,0,Linear,Scalar
Chan005AuxPick007,1,5,7,,,Per-aux pickoff (PreEQ/PostEQ/PreFdr/PostFdr),2460,qqt,4,,,,,,,,Chan_Rtg,,,,,,,1,1,696,0x02B8,,,,-,InstantCtl,Instant,0,0,Linear,Scalar
Chan005AuxPick008,1,5,8,,,Per-aux pickoff (PreEQ/PostEQ/PreFdr/PostFdr),2461,qqu,4,,,,,,,,Chan_Rtg,,,,,,,1,1,697,0x02B9,,,,-,InstantCtl,Instant,0,0,Linear,Scalar
Chan006AuxPick001,1,6,1,,,Per-aux pickoff (PreEQ/PostEQ/PreFdr/PostFdr),2462,qqv,4,,,,,,,,Chan_Rtg,,,,,,,1,1,834,0x0342,,,,-,InstantCtl,Instant,0,0,Linear,Scalar
Chan006AuxPick002,1,6,2,,,Per-aux pickoff (PreEQ/PostEQ/PreFdr/PostFdr),2463,qqw,4,,,,,,,,Chan_Rtg,,,,,,,1,1,835,0x0343,,,,-,InstantCtl,Instant,0,0,Linear,Scalar
Chan006AuxPick003,1,6,3,,,Per-aux pickoff (PreEQ/PostEQ/PreFdr/PostFdr),2464,qrh,4,,,,,,,,Chan_Rtg,,,,,,,1,1,836,0x0344,,,,-,InstantCtl,Instant,0,0,Linear,Scalar
Chan006AuxPick004,1,6,4,,,Per-aux pickoff (PreEQ/PostEQ/PreFdr/PostFdr),2465,qri,4,,,,,,,,Chan_Rtg,,,,,,,1,1,837,0x0345,,,,-,InstantCtl,Instant,0,0,Linear,Scalar
Chan006AuxPick005,1,6,5,,,Per-aux pickoff (PreEQ/PostEQ/PreFdr/PostFdr),2466,qrj,4,,,,,,,,Chan_Rtg,,,,,,,1,1,838,0x0346,,,,-,InstantCtl,Instant,0,0,Linear,Scalar
Chan006AuxPick006,1,6,6,,,Per-aux pickoff (PreEQ/PostEQ/PreFdr/PostFdr),2467,qrk,4,,,,,,,,Chan_Rtg,,,,,,,1,1,839,0x0347,,,,-,InstantCtl,Instant,0,0,Linear,Scalar
Chan006AuxPick007,1,6,7,,,Per-aux pickoff (PreEQ/PostEQ/PreFdr/PostFdr),2468,qrl,4,,,,,,,,Chan_Rtg,,,,,,,1,1,840,0x0348,,,,-,InstantCtl,Instant,0,0,Linear,Scalar
Chan006AuxPick008,1,6,8,,,Per-aux pickoff (PreEQ/PostEQ/PreFdr/PostFdr),2469,qrm,4,,,,,,,,Chan_Rtg,,,,,,,1,1,841,0x0349,,,,-,InstantCtl,Instant,0,0,Linear,Scalar
Chan007AuxPick001,1,7,1,,,Per-aux pickoff (PreEQ/PostEQ/PreFdr/PostFdr),2470,qrn,4,,,,,,,,Chan_Rtg,,,,,,,1,1,978,0x03D2,,,,-,InstantCtl,Instant,0,0,Linear,Scalar
Chan007AuxPick002,1,7,2,,,Per-aux pickoff (PreEQ/PostEQ/PreFdr/PostFdr),2471,qro,4,,,,,,,,Chan_Rtg,,,,,,,1,1,979,0x03D3,,,,-,InstantCtl,Instant,0,0,Linear,Scalar
Chan007AuxPick003,1,7,3,,,Per-aux pickoff (PreEQ/PostEQ/PreFdr/PostFdr),2472,qrp,4,,,,,,,,Chan_Rtg,,,,,,,1,1,980,0x03D4,,,,-,InstantCtl,Instant,0,0,Linear,Scalar
Chan007AuxPick004,1,7,4,,,Per-aux pickoff (PreEQ/PostEQ/PreFdr/PostFdr),2473,qrq,4,,,,,,,,Chan_Rtg,,,,,,,1,1,981,0x03D5,,,,-,InstantCtl,Instant,0,0,Linear,Scalar
Chan007AuxPick005,1,7,5,,,Per-aux pickoff (PreEQ/PostEQ/PreFdr/PostFdr),2474,qrr,4,,,,,,,,Chan_Rtg,,,,,,,1,1,982,0x03D6,,,,-,InstantCtl,Instant,0,0,Linear,Scalar
Chan007AuxPick006,1,7,6,,,Per-aux pickoff (PreEQ/PostEQ/PreFdr/PostFdr),2475,qrs,4,,,,,,,,Chan_Rtg,,,,,,,1,1,983,0x03D7,,,,-,InstantCtl,Instant,0,0,Linear,Scalar
Chan007AuxPick007,1,7,7,,,Per-aux pickoff (PreEQ/PostEQ/PreFdr/PostFdr),2476,qrt,4,,,,,,,,Chan_Rtg,,,,,,,1,1,984,0x03D8,,,,-,InstantCtl,Instant,0,0,Linear,Scalar
Chan007AuxPick008,1,7,8,,,Per-aux pickoff (PreEQ/PostEQ/PreFdr/PostFdr),2477,qru,4,,,,,,,,Chan_Rtg,,,,,,,1,1,985,0x03D9,,,,-,InstantCtl,Instant,0,0,Linear,Scalar
Chan008AuxPick001,1,8,1,,,Per-aux pickoff (PreEQ/PostEQ/PreFdr/PostFdr),2478,qrv,4,,,,,,,,Chan_Rtg,,,,,,,1,1,1122,0x0462,,,,-,InstantCtl,Instant,0,0,Linear,Scalar
Chan008AuxPick002,1,8,2,,,Per-aux pickoff (PreEQ/PostEQ/PreFdr/PostFdr),2479,qrw,4,,,,,,,,Chan_Rtg,,,,,,,1,1,1123,0x0463,,,,-,InstantCtl,Instant,0,0,Linear,Scalar
Chan008AuxPick003,1,8,3,,,Per-aux pickoff (PreEQ/PostEQ/PreFdr/PostFdr),2480,qsh,4,,,,,,,,Chan_Rtg,,,,,,,1,1,1124,0x0464,,,,-,InstantCtl,Instant,0,0,Linear,Scalar
Chan008AuxPick004,1,8,4,,,Per-aux pickoff (PreEQ/PostEQ/PreFdr/PostFdr),2481,qsi,4,,,,,,,,Chan_Rtg,,,,,,,1,1,1125,0x0465,,,,-,InstantCtl,Instant,0,0,Linear,Scalar
Chan008AuxPick005,1,8,5,,,Per-aux pickoff (PreEQ/PostEQ/PreFdr/PostFdr),2482,qsj,4,,,,,,,,Chan_Rtg,,,,,,,1,1,1126,0x0466,,,,-,InstantCtl,Instant,0,0,Linear,Scalar
Chan008AuxPick006,1,8,6,,,Per-aux pickoff (PreEQ/PostEQ/PreFdr/PostFdr),2483,qsk,4,,,,,,,,Chan_Rtg,,,,,,,1,1,1127,0x0467,,,,-,InstantCtl,Instant,0,0,Linear,Scalar
Chan008AuxPick007,1,8,7,,,Per-aux pickoff (PreEQ/PostEQ/PreFdr/PostFdr),2484,qsl,4,,,,,,,,Chan_Rtg,,,,,,,1,1,1128,0x0468,,,,-,InstantCtl,Instant,0,0,Linear,Scalar
Chan008AuxPick008,1,8,8,,,Per-aux pickoff (PreEQ/PostEQ/PreFdr/PostFdr),2485,qsm,4,,,,,,,,Chan_Rtg,,,,,,,1,1,1129,0x0469,,,,-,InstantCtl,Instant,0,0,Linear,Scalar
Chan009AuxPick001,1,9,1,,,Per-aux pickoff (PreEQ/PostEQ/PreFdr/PostFdr),2486,qsn,4,,,,,,,,Chan_Rtg,,,,,,,1,1,1266,0x04F2,,,,-,InstantCtl,Instant,0,0,Linear,Scalar
Chan009AuxPick002,1,9,2,,,Per-aux pickoff (PreEQ/PostEQ/PreFdr/PostFdr),2487,qso,4,,,,,,,,Chan_Rtg,,,,,,,1,1,1267,0x04F3,,,,-,InstantCtl,Instant,0,0,Linear,Scalar
Chan009AuxPick003,1,9,3,,,Per-aux pickoff (PreEQ/PostEQ/PreFdr/PostFdr),2488,qsp,4,,,,,,,,Chan_Rtg,,,,,,,1,1,1268,0x04F4,,,,-,InstantCtl,Instant,0,0,Linear,Scalar
Chan009AuxPick004,1,9,4,,,Per-aux pickoff (PreEQ/PostEQ/PreFdr/PostFdr),2489,qsq,4,,,,,,,,Chan_Rtg,,,,,,,1,1,1269,0x04F5,,,,-,InstantCtl,Instant,0,0,Linear,Scalar
Chan009AuxPick005,1,9,5,,,Per-aux pickoff (PreEQ/PostEQ/PreFdr/PostFdr),2490,qsr,4,,,,,,,,Chan_Rtg,,,,,,,1,1,1270,0x04F6,,,,-,InstantCtl,Instant,0,0,Linear,Scalar
Chan009AuxPick006,1,9,6,,,Per-aux pickoff (PreEQ/PostEQ/PreFdr/PostFdr),2491,qss,4,,,,,,,,Chan_Rtg,,,,,,,1,1,1271,0x04F7,,,,-,InstantCtl,Instant,0,0,Linear,Scalar
Chan009AuxPick007,1,9,7,,,Per-aux pickoff (PreEQ/PostEQ/PreFdr/PostFdr),2492,qst,4,,,,,,,,Chan_Rtg,,,,,,,1,1,1272,0x04F8,,,,-,InstantCtl,Instant,0,0,Linear,Scalar
Chan009AuxPick008,1,9,8,,,Per-aux pickoff (PreEQ/PostEQ/PreFdr/PostFdr),2493,qsu,4,,,,,,,,Chan_Rtg,,,,,,,1,1,1273,0x04F9,,,,-,InstantCtl,Instant,0,0,Linear,Scalar
Chan010AuxPick001,1,10,1,,,Per-aux pickoff (PreEQ/PostEQ/PreFdr/PostFdr),2494,qsv,4,,,,,,,,Chan_Rtg,,,,,,,1,1,1410,0x0582,,,,-,InstantCtl,Instant,0,0,Linear,Scalar
Chan010AuxPick002,1,10,2,,,Per-aux pickoff (PreEQ/PostEQ/PreFdr/PostFdr),2495,qsw,4,,,,,,,,Chan_Rtg,,,,,,,1,1,1411,0x0583,,,,-,InstantCtl,Instant,0,0,Linear,Scalar
Chan010AuxPick003,1,10,3,,,Per-aux pickoff (PreEQ/PostEQ/PreFdr/PostFdr),2496,qth,4,,,,,,,,Chan_Rtg,,,,,,,1,1,1412,0x0584,,,,-,InstantCtl,Instant,0,0,Linear,Scalar
Chan010AuxPick004,1,10,4,,,Per-aux pickoff (PreEQ/PostEQ/PreFdr/PostFdr),2497,qti,4,,,,,,,,Chan_Rtg,,,,,,,1,1,1413,0x0585,,,,-,InstantCtl,Instant,0,0,Linear,Scalar
Chan010AuxPick005,1,10,5,,,Per-aux pickoff (PreEQ/PostEQ/PreFdr/PostFdr),2498,qtj,4,,,,,,,,Chan_Rtg,,,,,,,1,1,1414,0x0586,,,,-,InstantCtl,Instant,0,0,Linear,Scalar
Chan010AuxPick006,1,10,6,,,Per-aux pickoff (PreEQ/PostEQ/PreFdr/PostFdr),2499,qtk,4,,,,,,,,Chan_Rtg,,,,,,,1,1,1415,0x0587,,,,-,InstantCtl,Instant,0,0,Linear,Scalar
Chan010AuxPick007,1,10,7,,,Per-aux pickoff (PreEQ/PostEQ/PreFdr/PostFdr),2500,qtl,4,,,,,,,,Chan_Rtg,,,,,,,1,1,1416,0x0588,,,,-,InstantCtl,Instant,0,0,Linear,Scalar
Chan010AuxPick008,1,10,8,,,Per-aux pickoff (PreEQ/PostEQ/PreFdr/PostFdr),2501,qtm,4,,,,,,,,Chan_Rtg,,,,,,,1,1,1417,0x0589,,,,-,InstantCtl,Instant,0,0,Linear,Scalar
Chan011AuxPick001,1,11,1,,,Per-aux pickoff (PreEQ/PostEQ/PreFdr/PostFdr),2502,qtn,4,,,,,,,,Chan_Rtg,,,,,,,1,1,1554,0x0612,,,,-,InstantCtl,Instant,0,0,Linear,Scalar
Chan011AuxPick002,1,11,2,,,Per-aux pickoff (PreEQ/PostEQ/PreFdr/PostFdr),2503,qto,4,,,,,,,,Chan_Rtg,,,,,,,1,1,1555,0x0613,,,,-,InstantCtl,Instant,0,0,Linear,Scalar
Chan011AuxPick003,1,11,3,,,Per-aux pickoff (PreEQ/PostEQ/PreFdr/PostFdr),2504,qtp,4,,,,,,,,Chan_Rtg,,,,,,,1,1,1556,0x0614,,,,-,InstantCtl,Instant,0,0,Linear,Scalar
Chan011AuxPick004,1,11,4,,,Per-aux pickoff (PreEQ/PostEQ/PreFdr/PostFdr),2505,qtq,4,,,,,,,,Chan_Rtg,,,,,,,1,1,1557,0x0615,,,,-,InstantCtl,Instant,0,0,Linear,Scalar
Chan011AuxPick005,1,11,5,,,Per-aux pickoff (PreEQ/PostEQ/PreFdr/PostFdr),2506,qtr,4,,,,,,,,Chan_Rtg,,,,,,,1,1,1558,0x0616,,,,-,InstantCtl,Instant,0,0,Linear,Scalar
Chan011AuxPick006,1,11,6,,,Per-aux pickoff (PreEQ/PostEQ/PreFdr/PostFdr),2507,qts,4,,,,,,,,Chan_Rtg,,,,,,,1,1,1559,0x0617,,,,-,InstantCtl,Instant,0,0,Linear,Scalar
Chan011AuxPick007,1,11,7,,,Per-aux pickoff (PreEQ/PostEQ/PreFdr/PostFdr),2508,qtt,4,,,,,,,,Chan_Rtg,,,,,,,1,1,1560,0x0618,,,,-,InstantCtl,Instant,0,0,Linear,Scalar
Chan011AuxPick008,1,11,8,,,Per-aux pickoff (PreEQ/PostEQ/PreFdr/PostFdr),2509,qtu,4,,,,,,,,Chan_Rtg,,,,,,,1,1,1561,0x0619,,,,-,InstantCtl,Instant,0,0,Linear,Scalar
Chan012AuxPick001,1,12,1,,,Per-aux pickoff (PreEQ/PostEQ/PreFdr/PostFdr),2510,qtv,4,,,,,,,,Chan_Rtg,,,,,,,1,1,1698,0x06A2,,,,-,InstantCtl,Instant,0,0,Linear,Scalar
Chan012AuxPick002,1,12,2,,,Per-aux pickoff (PreEQ/PostEQ/PreFdr/PostFdr),2511,qtw,4,,,,,,,,Chan_Rtg,,,,,,,1,1,1699,0x06A3,,,,-,InstantCtl,Instant,0,0,Linear,Scalar
Chan012AuxPick003,1,12,3,,,Per-aux pickoff (PreEQ/PostEQ/PreFdr/PostFdr),2512,quh,4,,,,,,,,Chan_Rtg,,,,,,,1,1,1700,0x06A4,,,,-,InstantCtl,Instant,0,0,Linear,Scalar
Chan012AuxPick004,1,12,4,,,Per-aux pickoff (PreEQ/PostEQ/PreFdr/PostFdr),2513,qui,4,,,,,,,,Chan_Rtg,,,,,,,1,1,1701,0x06A5,,,,-,InstantCtl,Instant,0,0,Linear,Scalar
Chan012AuxPick005,1,12,5,,,Per-aux pickoff (PreEQ/PostEQ/PreFdr/PostFdr),2514,quj,4,,,,,,,,Chan_Rtg,,,,,,,1,1,1702,0x06A6,,,,-,InstantCtl,Instant,0,0,Linear,Scalar
Chan012AuxPick006,1,12,6,,,Per-aux pickoff (PreEQ/PostEQ/PreFdr/PostFdr),2515,quk,4,,,,,,,,Chan_Rtg,,,,,,,1,1,1703,0x06A7,,,,-,InstantCtl,Instant,0,0,Linear,Scalar
Chan012AuxPick007,1,12,7,,,Per-aux pickoff (PreEQ/PostEQ/PreFdr/PostFdr),2516,qul,4,,,,,,,,Chan_Rtg,,,,,,,1,1,1704,0x06A8,,,,-,InstantCtl,Instant,0,0,Linear,Scalar
Chan012AuxPick008,1,12,8,,,Per-aux pickoff (PreEQ/PostEQ/PreFdr/PostFdr),2517,qum,4,,,,,,,,Chan_Rtg,,,,,,,1,1,1705,0x06A9,,,,-,InstantCtl,Instant,0,0,Linear,Scalar
Chan013AuxPick001,1,13,1,,,Per-aux pickoff (PreEQ/PostEQ/PreFdr/PostFdr),2518,qun,4,,,,,,,,Chan_Rtg,,,,,,,1,1,1842,0x0732,,,,-,InstantCtl,Instant,0,0,Linear,Scalar
Chan013AuxPick002,1,13,2,,,Per-aux pickoff (PreEQ/PostEQ/PreFdr/PostFdr),2519,quo,4,,,,,,,,Chan_Rtg,,,,,,,1,1,1843,0x0733,,,,-,InstantCtl,Instant,0,0,Linear,Scalar
Chan013AuxPick003,1,13,3,,,Per-aux pickoff (PreEQ/PostEQ/PreFdr/PostFdr),2520,qup,4,,,,,,,,Chan_Rtg,,,,,,,1,1,1844,0x0734,,,,-,InstantCtl,Instant,0,0,Linear,Scalar
Chan013AuxPick004,1,13,4,,,Per-aux pickoff (PreEQ/PostEQ/PreFdr/PostFdr),2521,quq,4,,,,,,,,Chan_Rtg,,,,,,,1,1,1845,0x0735,,,,-,InstantCtl,Instant,0,0,Linear,Scalar
Chan013AuxPick005,1,13,5,,,Per-aux pickoff (PreEQ/PostEQ/PreFdr/PostFdr),2522,qur,4,,,,,,,,Chan_Rtg,,,,,,,1,1,1846,0x0736,,,,-,InstantCtl,Instant,0,0,Linear,Scalar
Chan013AuxPick006,1,13,6,,,Per-aux pickoff (PreEQ/PostEQ/PreFdr/PostFdr),2523,qus,4,,,,,,,,Chan_Rtg,,,,,,,1,1,1847,0x0737,,,,-,InstantCtl,Instant,0,0,Linear,Scalar
Chan013AuxPick007,1,13,7,,,Per-aux pickoff (PreEQ/PostEQ/PreFdr/PostFdr),2524,qut,4,,,,,,,,Chan_Rtg,,,,,,,1,1,1848,0x0738,,,,-,InstantCtl,Instant,0,0,Linear,Scalar
Chan013AuxPick008,1,13,8,,,Per-aux pickoff (PreEQ/PostEQ/PreFdr/PostFdr),2525,quu,4,,,,,,,,Chan_Rtg,,,,,,,1,1,1849,0x0739,,,,-,InstantCtl,Instant,0,0,Linear,Scalar
Chan014AuxPick001,1,14,1,,,Per-aux pickoff (PreEQ/PostEQ/PreFdr/PostFdr),2526,quv,4,,,,,,,,Chan_Rtg,,,,,,,1,1,1986,0x07C2,,,,-,InstantCtl,Instant,0,0,Linear,Scalar
Chan014AuxPick002,1,14,2,,,Per-aux pickoff (PreEQ/PostEQ/PreFdr/PostFdr),2527,quw,4,,,,,,,,Chan_Rtg,,,,,,,1,1,1987,0x07C3,,,,-,InstantCtl,Instant,0,0,Linear,Scalar
Chan014AuxPick003,1,14,3,,,Per-aux pickoff (PreEQ/PostEQ/PreFdr/PostFdr),2528,qvh,4,,,,,,,,Chan_Rtg,,,,,,,1,1,1988,0x07C4,,,,-,InstantCtl,Instant,0,0,Linear,Scalar
Chan014AuxPick004,1,14,4,,,Per-aux pickoff (PreEQ/PostEQ/PreFdr/PostFdr),2529,qvi,4,,,,,,,,Chan_Rtg,,,,,,,1,1,1989,0x07C5,,,,-,InstantCtl,Instant,0,0,Linear,Scalar
Chan014AuxPick005,1,14,5,,,Per-aux pickoff (PreEQ/PostEQ/PreFdr/PostFdr),2530,qvj,4,,,,,,,,Chan_Rtg,,,,,,,1,1,1990,0x07C6,,,,-,InstantCtl,Instant,0,0,Linear,Scalar
Chan014AuxPick006,1,14,6,,,Per-aux pickoff (PreEQ/PostEQ/PreFdr/PostFdr),2531,qvk,4,,,,,,,,Chan_Rtg,,,,,,,1,1,1991,0x07C7,,,,-,InstantCtl,Instant,0,0,Linear,Scalar
Chan014AuxPick007,1,14,7,,,Per-aux pickoff (PreEQ/PostEQ/PreFdr/PostFdr),2532,qvl,4,,,,,,,,Chan_Rtg,,,,,,,1,1,1992,0x07C8,,,,-,InstantCtl,Instant,0,0,Linear,Scalar
Chan014AuxPick008,1,14,8,,,Per-aux pickoff (PreEQ/PostEQ/PreFdr/PostFdr),2533,qvm,4,,,,,,,,Chan_Rtg,,,,,,,1,1,1993,0x07C9,,,,-,InstantCtl,Instant,0,0,Linear,Scalar
Chan015AuxPick001,1,15,1,,,Per-aux pickoff (PreEQ/PostEQ/PreFdr/PostFdr),2534,qvn,4,,,,,,,,Chan_Rtg,,,,,,,1,1,2130,0x0852,,,,-,InstantCtl,Instant,0,0,Linear,Scalar
Chan015AuxPick002,1,15,2,,,Per-aux pickoff (PreEQ/PostEQ/PreFdr/PostFdr),2535,qvo,4,,,,,,,,Chan_Rtg,,,,,,,1,1,2131,0x0853,,,,-,InstantCtl,Instant,0,0,Linear,Scalar
Chan015AuxPick003,1,15,3,,,Per-aux pickoff (PreEQ/PostEQ/PreFdr/PostFdr),2536,qvp,4,,,,,,,,Chan_Rtg,,,,,,,1,1,2132,0x0854,,,,-,InstantCtl,Instant,0,0,Linear,Scalar
Chan015AuxPick004,1,15,4,,,Per-aux pickoff (PreEQ/PostEQ/PreFdr/PostFdr),2537,qvq,4,,,,,,,,Chan_Rtg,,,,,,,1,1,2133,0x0855,,,,-,InstantCtl,Instant,0,0,Linear,Scalar
Chan015AuxPick005,1,15,5,,,Per-aux pickoff (PreEQ/PostEQ/PreFdr/PostFdr),2538,qvr,4,,,,,,,,Chan_Rtg,,,,,,,1,1,2134,0x0856,,,,-,InstantCtl,Instant,0,0,Linear,Scalar
Chan015AuxPick006,1,15,6,,,Per-aux pickoff (PreEQ/PostEQ/PreFdr/PostFdr),2539,qvs,4,,,,,,,,Chan_Rtg,,,,,,,1,1,2135,0x0857,,,,-,InstantCtl,Instant,0,0,Linear,Scalar
Chan015AuxPick007,1,15,7,,,Per-aux pickoff (PreEQ/PostEQ/PreFdr/PostFdr),2540,qvt,4,,,,,,,,Chan_Rtg,,,,,,,1,1,2136,0x0858,,,,-,InstantCtl,Instant,0,0,Linear,Scalar
Chan015AuxPick008,1,15,8,,,Per-aux pickoff (PreEQ/PostEQ/PreFdr/PostFdr),2541,qvu,4,,,,,,,,Chan_Rtg,,,,,,,1,1,2137,0x0859,,,,-,InstantCtl,Instant,0,0,Linear,Scalar
Chan016AuxPick001,1,16,1,,,Per-aux pickoff (PreEQ/PostEQ/PreFdr/PostFdr),2542,qvv,4,,,,,,,,Chan_Rtg,,,,,,,1,1,2274,0x08E2,,,,-,InstantCtl,Instant,0,0,Linear,Scalar
Chan016AuxPick002,1,16,2,,,Per-aux pickoff (PreEQ/PostEQ/PreFdr/PostFdr),2543,qvw,4,,,,,,,,Chan_Rtg,,,,,,,1,1,2275,0x08E3,,,,-,InstantCtl,Instant,0,0,Linear,Scalar
Chan016AuxPick003,1,16,3,,,Per-aux pickoff (PreEQ/PostEQ/PreFdr/PostFdr),2544,qwh,4,,,,,,,,Chan_Rtg,,,,,,,1,1,2276,0x08E4,,,,-,InstantCtl,Instant,0,0,Linear,Scalar
Chan016AuxPick004,1,16,4,,,Per-aux pickoff (PreEQ/PostEQ/PreFdr/PostFdr),2545,qwi,4,,,,,,,,Chan_Rtg,,,,,,,1,1,2277,0x08E5,,,,-,InstantCtl,Instant,0,0,Linear,Scalar
Chan016AuxPick005,1,16,5,,,Per-aux pickoff (PreEQ/PostEQ/PreFdr/PostFdr),2546,qwj,4,,,,,,,,Chan_Rtg,,,,,,,1,1,2278,0x08E6,,,,-,InstantCtl,Instant,0,0,Linear,Scalar
Chan016AuxPick006,1,16,6,,,Per-aux pickoff (PreEQ/PostEQ/PreFdr/PostFdr),2547,qwk,4,,,,,,,,Chan_Rtg,,,,,,,1,1,2279,0x08E7,,,,-,InstantCtl,Instant,0,0,Linear,Scalar
Chan016AuxPick007,1,16,7,,,Per-aux pickoff (PreEQ/PostEQ/PreFdr/PostFdr),2548,qwl,4,,,,,,,,Chan_Rtg,,,,,,,1,1,2280,0x08E8,,,,-,InstantCtl,Instant,0,0,Linear,Scalar
Chan016AuxPick008,1,16,8,,,Per-aux pickoff (PreEQ/PostEQ/PreFdr/PostFdr),2549,qwm,4,,,,,,,,Chan_Rtg,,,,,,,1,1,2281,0x08E9,,,,-,InstantCtl,Instant,0,0,Linear,Scalar
Chan017AuxPick001,1,17,1,,,Per-aux pickoff (PreEQ/PostEQ/PreFdr/PostFdr),2550,qwn,4,,,,,,,,Chan_Rtg,,,,,,,1,1,2418,0x0972,,,,-,InstantCtl,Instant,0,0,Linear,Scalar
Chan017AuxPick002,1,17,2,,,Per-aux pickoff (PreEQ/PostEQ/PreFdr/PostFdr),2551,qwo,4,,,,,,,,Chan_Rtg,,,,,,,1,1,2419,0x0973,,,,-,InstantCtl,Instant,0,0,Linear,Scalar
Chan017AuxPick003,1,17,3,,,Per-aux pickoff (PreEQ/PostEQ/PreFdr/PostFdr),2552,qwp,4,,,,,,,,Chan_Rtg,,,,,,,1,1,2420,0x0974,,,,-,InstantCtl,Instant,0,0,Linear,Scalar
Chan017AuxPick004,1,17,4,,,Per-aux pickoff (PreEQ/PostEQ/PreFdr/PostFdr),2553,qwq,4,,,,,,,,Chan_Rtg,,,,,,,1,1,2421,0x0975,,,,-,InstantCtl,Instant,0,0,Linear,Scalar
Chan017AuxPick005,1,17,5,,,Per-aux pickoff (PreEQ/PostEQ/PreFdr/PostFdr),2554,qwr,4,,,,,,,,Chan_Rtg,,,,,,,1,1,2422,0x0976,,,,-,InstantCtl,Instant,0,0,Linear,Scalar
Chan017AuxPick006,1,17,6,,,Per-aux pickoff (PreEQ/PostEQ/PreFdr/PostFdr),2555,qws,4,,,,,,,,Chan_Rtg,,,,,,,1,1,2423,0x0977,,,,-,InstantCtl,Instant,0,0,Linear,Scalar
Chan017AuxPick007,1,17,7,,,Per-aux pickoff (PreEQ/PostEQ/PreFdr/PostFdr),2556,qwt,4,,,,,,,,Chan_Rtg,,,,,,,1,1,2424,0x0978,,,,-,InstantCtl,Instant,0,0,Linear,Scalar
Chan017AuxPick008,1,17,8,,,Per-aux pickoff (PreEQ/PostEQ/PreFdr/PostFdr),2557,qwu,4,,,,,,,,Chan_Rtg,,,,,,,1,1,2425,0x0979,,,,-,InstantCtl,Instant,0,0,Linear,Scalar
Chan018AuxPick001,1,18,1,,,Per-aux pickoff (PreEQ/PostEQ/PreFdr/PostFdr),2558,qwv,4,,,,,,,,Chan_Rtg,,,,,,,1,1,2562,0x0A02,,,,-,InstantCtl,Instant,0,0,Linear,Scalar
Chan018AuxPick002,1,18,2,,,Per-aux pickoff (PreEQ/PostEQ/PreFdr/PostFdr),2559,qww,4,,,,,,,,Chan_Rtg,,,,,,,1,1,2563,0x0A03,,,,-,InstantCtl,Instant,0,0,Linear,Scalar
Chan018AuxPick003,1,18,3,,,Per-aux pickoff (PreEQ/PostEQ/PreFdr/PostFdr),2560,rhh,4,,,,,,,,Chan_Rtg,,,,,,,1,1,2564,0x0A04,,,,-,InstantCtl,Instant,0,0,Linear,Scalar
Chan018AuxPick004,1,18,4,,,Per-aux pickoff (PreEQ/PostEQ/PreFdr/PostFdr),2561,rhi,4,,,,,,,,Chan_Rtg,,,,,,,1,1,2565,0x0A05,,,,-,InstantCtl,Instant,0,0,Linear,Scalar
Chan018AuxPick005,1,18,5,,,Per-aux pickoff (PreEQ/PostEQ/PreFdr/PostFdr),2562,rhj,4,,,,,,,,Chan_Rtg,,,,,,,1,1,2566,0x0A06,,,,-,InstantCtl,Instant,0,0,Linear,Scalar
Chan018AuxPick006,1,18,6,,,Per-aux pickoff (PreEQ/PostEQ/PreFdr/PostFdr),2563,rhk,4,,,,,,,,Chan_Rtg,,,,,,,1,1,2567,0x0A07,,,,-,InstantCtl,Instant,0,0,Linear,Scalar
Chan018AuxPick007,1,18,7,,,Per-aux pickoff (PreEQ/PostEQ/PreFdr/PostFdr),2564,rhl,4,,,,,,,,Chan_Rtg,,,,,,,1,1,2568,0x0A08,,,,-,InstantCtl,Instant,0,0,Linear,Scalar
Chan018AuxPick008,1,18,8,,,Per-aux pickoff (PreEQ/PostEQ/PreFdr/PostFdr),2565,rhm,4,,,,,,,,Chan_Rtg,,,,,,,1,1,2569,0x0A09,,,,-,InstantCtl,Instant,0,0,Linear,Scalar
Chan019AuxPick001,1,19,1,,,Per-aux pickoff (PreEQ/PostEQ/PreFdr/PostFdr),2566,rhn,4,,,,,,,,Chan_Rtg,,,,,,,1,1,2706,0x0A92,,,,-,InstantCtl,Instant,0,0,Linear,Scalar
Chan019AuxPick002,1,19,2,,,Per-aux pickoff (PreEQ/PostEQ/PreFdr/PostFdr),2567,rho,4,,,,,,,,Chan_Rtg,,,,,,,1,1,2707,0x0A93,,,,-,InstantCtl,Instant,0,0,Linear,Scalar
Chan019AuxPick003,1,19,3,,,Per-aux pickoff (PreEQ/PostEQ/PreFdr/PostFdr),2568,rhp,4,,,,,,,,Chan_Rtg,,,,,,,1,1,2708,0x0A94,,,,-,InstantCtl,Instant,0,0,Linear,Scalar
Chan019AuxPick004,1,19,4,,,Per-aux pickoff (PreEQ/PostEQ/PreFdr/PostFdr),2569,rhq,4,,,,,,,,Chan_Rtg,,,,,,,1,1,2709,0x0A95,,,,-,InstantCtl,Instant,0,0,Linear,Scalar
Chan019AuxPick005,1,19,5,,,Per-aux pickoff (PreEQ/PostEQ/PreFdr/PostFdr),2570,rhr,4,,,,,,,,Chan_Rtg,,,,,,,1,1,2710,0x0A96,,,,-,InstantCtl,Instant,0,0,Linear,Scalar
Chan019AuxPick006,1,19,6,,,Per-aux pickoff (PreEQ/PostEQ/PreFdr/PostFdr),2571,rhs,4,,,,,,,,Chan_Rtg,,,,,,,1,1,2711,0x0A97,,,,-,InstantCtl,Instant,0,0,Linear,Scalar
Chan019AuxPick007,1,19,7,,,Per-aux pickoff (PreEQ/PostEQ/PreFdr/PostFdr),2572,rht,4,,,,,,,,Chan_Rtg,,,,,,,1,1,2712,0x0A98,,,,-,InstantCtl,Instant,0,0,Linear,Scalar
Chan019AuxPick008,1,19,8,,,Per-aux pickoff (PreEQ/PostEQ/PreFdr/PostFdr),2573,rhu,4,,,,,,,,Chan_Rtg,,,,,,,1,1,2713,0x0A99,,,,-,InstantCtl,Instant,0,0,Linear,Scalar
Chan020AuxPick001,1,20,1,,,Per-aux pickoff (PreEQ/PostEQ/PreFdr/PostFdr),2574,rhv,4,,,,,,,,Chan_Rtg,,,,,,,1,1,2850,0x0B22,,,,-,InstantCtl,Instant,0,0,Linear,Scalar
Chan020AuxPick002,1,20,2,,,Per-aux pickoff (PreEQ/PostEQ/PreFdr/PostFdr),2575,rhw,4,,,,,,,,Chan_Rtg,,,,,,,1,1,2851,0x0B23,,,,-,InstantCtl,Instant,0,0,Linear,Scalar
Chan020AuxPick003,1,20,3,,,Per-aux pickoff (PreEQ/PostEQ/PreFdr/PostFdr),2576,rih,4,,,,,,,,Chan_Rtg,,,,,,,1,1,2852,0x0B24,,,,-,InstantCtl,Instant,0,0,Linear,Scalar
Chan020AuxPick004,1,20,4,,,Per-aux pickoff (PreEQ/PostEQ/PreFdr/PostFdr),2577,rii,4,,,,,,,,Chan_Rtg,,,,,,,1,1,2853,0x0B25,,,,-,InstantCtl,Instant,0,0,Linear,Scalar
Chan020AuxPick005,1,20,5,,,Per-aux pickoff (PreEQ/PostEQ/PreFdr/PostFdr),2578,rij,4,,,,,,,,Chan_Rtg,,,,,,,1,1,2854,0x0B26,,,,-,InstantCtl,Instant,0,0,Linear,Scalar
Chan020AuxPick006,1,20,6,,,Per-aux pickoff (PreEQ/PostEQ/PreFdr/PostFdr),2579,rik,4,,,,,,,,Chan_Rtg,,,,,,,1,1,2855,0x0B27,,,,-,InstantCtl,Instant,0,0,Linear,Scalar
Chan020AuxPick007,1,20,7,,,Per-aux pickoff (PreEQ/PostEQ/PreFdr/PostFdr),2580,ril,4,,,,,,,,Chan_Rtg,,,,,,,1,1,2856,0x0B28,,,,-,InstantCtl,Instant,0,0,Linear,Scalar
Chan020AuxPick008,1,20,8,,,Per-aux pickoff (PreEQ/PostEQ/PreFdr/PostFdr),2581,rim,4,,,,,,,,Chan_Rtg,,,,,,,1,1,2857,0x0B29,,,,-,InstantCtl,Instant,0,0,Linear,Scalar
Chan021AuxPick001,1,21,1,,,Per-aux pickoff (PreEQ/PostEQ/PreFdr/PostFdr),2582,rin,4,,,,,,,,Chan_Rtg,,,,,,,1,1,2994,0x0BB2,,,,-,InstantCtl,Instant,0,0,Linear,Scalar
Chan021AuxPick002,1,21,2,,,Per-aux pickoff (PreEQ/PostEQ/PreFdr/PostFdr),2583,rio,4,,,,,,,,Chan_Rtg,,,,,,,1,1,2995,0x0BB3,,,,-,InstantCtl,Instant,0,0,Linear,Scalar
Chan021AuxPick003,1,21,3,,,Per-aux pickoff (PreEQ/PostEQ/PreFdr/PostFdr),2584,rip,4,,,,,,,,Chan_Rtg,,,,,,,1,1,2996,0x0BB4,,,,-,InstantCtl,Instant,0,0,Linear,Scalar
Chan021AuxPick004,1,21,4,,,Per-aux pickoff (PreEQ/PostEQ/PreFdr/PostFdr),2585,riq,4,,,,,,,,Chan_Rtg,,,,,,,1,1,2997,0x0BB5,,,,-,InstantCtl,Instant,0,0,Linear,Scalar
Chan021AuxPick005,1,21,5,,,Per-aux pickoff (PreEQ/PostEQ/PreFdr/PostFdr),2586,rir,4,,,,,,,,Chan_Rtg,,,,,,,1,1,2998,0x0BB6,,,,-,InstantCtl,Instant,0,0,Linear,Scalar
Chan021AuxPick006,1,21,6,,,Per-aux pickoff (PreEQ/PostEQ/PreFdr/PostFdr),2587,ris,4,,,,,,,,Chan_Rtg,,,,,,,1,1,2999,0x0BB7,,,,-,InstantCtl,Instant,0,0,Linear,Scalar
Chan021AuxPick007,1,21,7,,,Per-aux pickoff (PreEQ/PostEQ/PreFdr/PostFdr),2588,rit,4,,,,,,,,Chan_Rtg,,,,,,,1,1,3000,0x0BB8,,,,-,InstantCtl,Instant,0,0,Linear,Scalar
Chan021AuxPick008,1,21,8,,,Per-aux pickoff (PreEQ/PostEQ/PreFdr/PostFdr),2589,riu,4,,,,,,,,Chan_Rtg,,,,,,,1,1,3001,0x0BB9,,,,-,InstantCtl,Instant,0,0,Linear,Scalar
Chan022AuxPick001,1,22,1,,,Per-aux pickoff (PreEQ/PostEQ/PreFdr/PostFdr),2590,riv,4,,,,,,,,Chan_Rtg,,,,,,,1,1,3138,0x0C42,,,,-,InstantCtl,Instant,0,0,Linear,Scalar
Chan022AuxPick002,1,22,2,,,Per-aux pickoff (PreEQ/PostEQ/PreFdr/PostFdr),2591,riw,4,,,,,,,,Chan_Rtg,,,,,,,1,1,3139,0x0C43,,,,-,InstantCtl,Instant,0,0,Linear,Scalar
Chan022AuxPick003,1,22,3,,,Per-aux pickoff (PreEQ/PostEQ/PreFdr/PostFdr),2592,rjh,4,,,,,,,,Chan_Rtg,,,,,,,1,1,3140,0x0C44,,,,-,InstantCtl,Instant,0,0,Linear,Scalar
Chan022AuxPick004,1,22,4,,,Per-aux pickoff (PreEQ/PostEQ/PreFdr/PostFdr),2593,rji,4,,,,,,,,Chan_Rtg,,,,,,,1,1,3141,0x0C45,,,,-,InstantCtl,Instant,0,0,Linear,Scalar
Chan022AuxPick005,1,22,5,,,Per-aux pickoff (PreEQ/PostEQ/PreFdr/PostFdr),2594,rjj,4,,,,,,,,Chan_Rtg,,,,,,,1,1,3142,0x0C46,,,,-,InstantCtl,Instant,0,0,Linear,Scalar
Chan022AuxPick006,1,22,6,,,Per-aux pickoff (PreEQ/PostEQ/PreFdr/PostFdr),2595,rjk,4,,,,,,,,Chan_Rtg,,,,,,,1,1,3143,0x0C47,,,,-,InstantCtl,Instant,0,0,Linear,Scalar
Chan022AuxPick007,1,22,7,,,Per-aux pickoff (PreEQ/PostEQ/PreFdr/PostFdr),2596,rjl,4,,,,,,,,Chan_Rtg,,,,,,,1,1,3144,0x0C48,,,,-,InstantCtl,Instant,0,0,Linear,Scalar
Chan022AuxPick008,1,22,8,,,Per-aux pickoff (PreEQ/PostEQ/PreFdr/PostFdr),2597,rjm,4,,,,,,,,Chan_Rtg,,,,,,,1,1,3145,0x0C49,,,,-,InstantCtl,Instant,0,0,Linear,Scalar
Chan023AuxPick001,1,23,1,,,Per-aux pickoff (PreEQ/PostEQ/PreFdr/PostFdr),2598,rjn,4,,,,,,,,Chan_Rtg,,,,,,,1,1,3282,0x0CD2,,,,-,InstantCtl,Instant,0,0,Linear,Scalar
Chan023AuxPick002,1,23,2,,,Per-aux pickoff (PreEQ/PostEQ/PreFdr/PostFdr),2599,rjo,4,,,,,,,,Chan_Rtg,,,,,,,1,1,3283,0x0CD3,,,,-,InstantCtl,Instant,0,0,Linear,Scalar
Chan023AuxPick003,1,23,3,,,Per-aux pickoff (PreEQ/PostEQ/PreFdr/PostFdr),2600,rjp,4,,,,,,,,Chan_Rtg,,,,,,,1,1,3284,0x0CD4,,,,-,InstantCtl,Instant,0,0,Linear,Scalar
Chan023AuxPick004,1,23,4,,,Per-aux pickoff (PreEQ/PostEQ/PreFdr/PostFdr),2601,rjq,4,,,,,,,,Chan_Rtg,,,,,,,1,1,3285,0x0CD5,,,,-,InstantCtl,Instant,0,0,Linear,Scalar
Chan023AuxPick005,1,23,5,,,Per-aux pickoff (PreEQ/PostEQ/PreFdr/PostFdr),2602,rjr,4,,,,,,,,Chan_Rtg,,,,,,,1,1,3286,0x0CD6,,,,-,InstantCtl,Instant,0,0,Linear,Scalar
Chan023AuxPick006,1,23,6,,,Per-aux pickoff (PreEQ/PostEQ/PreFdr/PostFdr),2603,rjs,4,,,,,,,,Chan_Rtg,,,,,,,1,1,3287,0x0CD7,,,,-,InstantCtl,Instant,0,0,Linear,Scalar
Chan023AuxPick007,1,23,7,,,Per-aux pickoff (PreEQ/PostEQ/PreFdr/PostFdr),2604,rjt,4,,,,,,,,Chan_Rtg,,,,,,,1,1,3288,0x0CD8,,,,-,InstantCtl,Instant,0,0,Linear,Scalar
Chan023AuxPick008,1,23,8,,,Per-aux pickoff (PreEQ/PostEQ/PreFdr/PostFdr),2605,rju,4,,,,,,,,Chan_Rtg,,,,,,,1,1,3289,0x0CD9,,,,-,InstantCtl,Instant,0,0,Linear,Scalar
Chan024AuxPick001,1,24,1,,,Per-aux pickoff (PreEQ/PostEQ/PreFdr/PostFdr),2606,rjv,4,,,,,,,,Chan_Rtg,,,,,,,1,1,3426,0x0D62,,,,-,InstantCtl,Instant,0,0,Linear,Scalar
Chan024AuxPick002,1,24,2,,,Per-aux pickoff (PreEQ/PostEQ/PreFdr/PostFdr),2607,rjw,4,,,,,,,,Chan_Rtg,,,,,,,1,1,3427,0x0D63,,,,-,InstantCtl,Instant,0,0,Linear,Scalar
Chan024AuxPick003,1,24,3,,,Per-aux pickoff (PreEQ/PostEQ/PreFdr/PostFdr),2608,rkh,4,,,,,,,,Chan_Rtg,,,,,,,1,1,3428,0x0D64,,,,-,InstantCtl,Instant,0,0,Linear,Scalar
Chan024AuxPick004,1,24,4,,,Per-aux pickoff (PreEQ/PostEQ/PreFdr/PostFdr),2609,rki,4,,,,,,,,Chan_Rtg,,,,,,,1,1,3429,0x0D65,,,,-,InstantCtl,Instant,0,0,Linear,Scalar
Chan024AuxPick005,1,24,5,,,Per-aux pickoff (PreEQ/PostEQ/PreFdr/PostFdr),2610,rkj,4,,,,,,,,Chan_Rtg,,,,,,,1,1,3430,0x0D66,,,,-,InstantCtl,Instant,0,0,Linear,Scalar
Chan024AuxPick006,1,24,6,,,Per-aux pickoff (PreEQ/PostEQ/PreFdr/PostFdr),2611,rkk,4,,,,,,,,Chan_Rtg,,,,,,,1,1,3431,0x0D67,,,,-,InstantCtl,Instant,0,0,Linear,Scalar
Chan024AuxPick007,1,24,7,,,Per-aux pickoff (PreEQ/PostEQ/PreFdr/PostFdr),2612,rkl,4,,,,,,,,Chan_Rtg,,,,,,,1,1,3432,0x0D68,,,,-,InstantCtl,Instant,0,0,Linear,Scalar
Chan024AuxPick008,1,24,8,,,Per-aux pickoff (PreEQ/PostEQ/PreFdr/PostFdr),2613,rkm,4,,,,,,,,Chan_Rtg,,,,,,,1,1,3433,0x0D69,,,,-,InstantCtl,Instant,0,0,Linear,Scalar
Chan001AuxSend001,1,1,1,,,Per-channel send level to each aux,2614,rkn,255,,,,,,,,Chan_Rtg,,dB:Off:-50@31:-30@63:-10@127:0,,,,,1,1,102,0x0066,,,,254,GainFast,Slew,3,8,Exp,Scalar
Chan001AuxSend002,1,1,2,,,Per-channel send level to each aux,2615,rko,255,,,,,,,,Chan_Rtg,,dB:Off:-50@31:-30@63:-10@127:0,,,,,1,1,103,0x0067,,,,254,GainFast,Slew,3,8,Exp,Scalar
Chan001AuxSend003,1,1,3,,,Per-channel send level to each aux,2616,rkp,255,,,,,,,,Chan_Rtg,,dB:Off:-50@31:-30@63:-10@127:0,,,,,1,1,104,0x0068,,,,254,GainFast,Slew,3,8,Exp,Scalar
Chan001AuxSend004,1,1,4,,,Per-channel send level to each aux,2617,rkq,255,,,,,,,,Chan_Rtg,,dB:Off:-50@31:-30@63:-10@127:0,,,,,1,1,105,0x0069,,,,254,GainFast,Slew,3,8,Exp,Scalar
Chan001AuxSend005,1,1,5,,,Per-channel send level to each aux,2618,rkr,255,,,,,,,,Chan_Rtg,,dB:Off:-50@31:-30@63:-10@127:0,,,,,1,1,106,0x006A,,,,254,GainFast,Slew,3,8,Exp,Scalar
Chan001AuxSend006,1,1,6,,,Per-channel send level to each aux,2619,rks,255,,,,,,,,Chan_Rtg,,dB:Off:-50@31:-30@63:-10@127:0,,,,,1,1,107,0x006B,,,,254,GainFast,Slew,3,8,Exp,Scalar
Chan001AuxSend007,1,1,7,,,Per-channel send level to each aux,2620,rkt,255,,,,,,,,Chan_Rtg,,dB:Off:-50@31:-30@63:-10@127:0,,,,,1,1,108,0x006C,,,,254,GainFast,Slew,3,8,Exp,Scalar
Chan001AuxSend008,1,1,8,,,Per-channel send level to each aux,2621,rku,255,,,,,,,,Chan_Rtg,,dB:Off:-50@31:-30@63:-10@127:0,,,,,1,1,109,0x006D,,,,254,GainFast,Slew,3,8,Exp,Scalar
Chan002AuxSend001,1,2,1,,,Per-channel send level to each aux,2622,rkv,255,,,,,,,,Chan_Rtg,,dB:Off:-50@31:-30@63:-10@127:0,,,,,1,1,246,0x00F6,,,,254,GainFast,Slew,3,8,Exp,Scalar
Chan002AuxSend002,1,2,2,,,Per-channel send level to each aux,2623,rkw,255,,,,,,,,Chan_Rtg,,dB:Off:-50@31:-30@63:-10@127:0,,,,,1,1,247,0x00F7,,,,254,GainFast,Slew,3,8,Exp,Scalar
Chan002AuxSend003,1,2,3,,,Per-channel send level to each aux,2624,rlh,255,,,,,,,,Chan_Rtg,,dB:Off:-50@31:-30@63:-10@127:0,,,,,1,1,248,0x00F8,,,,254,GainFast,Slew,3,8,Exp,Scalar
Chan002AuxSend004,1,2,4,,,Per-channel send level to each aux,2625,rli,255,,,,,,,,Chan_Rtg,,dB:Off:-50@31:-30@63:-10@127:0,,,,,1,1,249,0x00F9,,,,254,GainFast,Slew,3,8,Exp,Scalar
Chan002AuxSend005,1,2,5,,,Per-channel send level to each aux,2626,rlj,255,,,,,,,,Chan_Rtg,,dB:Off:-50@31:-30@63:-10@127:0,,,,,1,1,250,0x00FA,,,,254,GainFast,Slew,3,8,Exp,Scalar
Chan002AuxSend006,1,2,6,,,Per-channel send level to each aux,2627,rlk,255,,,,,,,,Chan_Rtg,,dB:Off:-50@31:-30@63:-10@127:0,,,,,1,1,251,0x00FB,,,,254,GainFast,Slew,3,8,Exp,Scalar
Chan002AuxSend007,1,2,7,,,Per-channel send level to each aux,2628,rll,255,,,,,,,,Chan_Rtg,,dB:Off:-50@31:-30@63:-10@127:0,,,,,1,1,252,0x00FC,,,,254,GainFast,Slew,3,8,Exp,Scalar
Chan002AuxSend008,1,2,8,,,Per-channel send level to each aux,2629,rlm,255,,,,,,,,Chan_Rtg,,dB:Off:-50@31:-30@63:-10@127:0,,,,,1,1,253,0x00FD,,,,254,GainFast,Slew,3,8,Exp,Scalar
Chan003AuxSend001,1,3,1,,,Per-channel send level to each aux,2630,rln,255,,,,,,,,Chan_Rtg,,dB:Off:-50@31:-30@63:-10@127:0,,,,,1,1,390,0x0186,,,,254,GainFast,Slew,3,8,Exp,Scalar
Chan003AuxSend002,1,3,2,,,Per-channel send level to each aux,2631,rlo,255,,,,,,,,Chan_Rtg,,dB:Off:-50@31:-30@63:-10@127:0,,,,,1,1,391,0x0187,,,,254,GainFast,Slew,3,8,Exp,Scalar
Chan003AuxSend003,1,3,3,,,Per-channel send level to each aux,2632,rlp,255,,,,,,,,Chan_Rtg,,dB:Off:-50@31:-30@63:-10@127:0,,,,,1,1,392,0x0188,,,,254,GainFast,Slew,3,8,Exp,Scalar
Chan003AuxSend004,1,3,4,,,Per-channel send level to each aux,2633,rlq,255,,,,,,,,Chan_Rtg,,dB:Off:-50@31:-30@63:-10@127:0,,,,,1,1,393,0x0189,,,,254,GainFast,Slew,3,8,Exp,Scalar
Chan003AuxSend005,1,3,5,,,Per-channel send level to each aux,2634,rlr,255,,,,,,,,Chan_Rtg,,dB:Off:-50@31:-30@63:-10@127:0,,,,,1,1,394,0x018A,,,,254,GainFast,Slew,3,8,Exp,Scalar
Chan003AuxSend006,1,3,6,,,Per-channel send level to each aux,2635,rls,255,,,,,,,,Chan_Rtg,,dB:Off:-50@31:-30@63:-10@127:0,,,,,1,1,395,0x018B,,,,254,GainFast,Slew,3,8,Exp,Scalar
Chan003AuxSend007,1,3,7,,,Per-channel send level to each aux,2636,rlt,255,,,,,,,,Chan_Rtg,,dB:Off:-50@31:-30@63:-10@127:0,,,,,1,1,396,0x018C,,,,254,GainFast,Slew,3,8,Exp,Scalar
Chan003AuxSend008,1,3,8,,,Per-channel send level to each aux,2637,rlu,255,,,,,,,,Chan_Rtg,,dB:Off:-50@31:-30@63:-10@127:0,,,,,1,1,397,0x018D,,,,254,GainFast,Slew,3,8,Exp,Scalar
Chan004AuxSend001,1,4,1,,,Per-channel send level to each aux,2638,rlv,255,,,,,,,,Chan_Rtg,,dB:Off:-50@31:-30@63:-10@127:0,,,,,1,1,534,0x0216,,,,254,GainFast,Slew,3,8,Exp,Scalar
Chan004AuxSend002,1,4,2,,,Per-channel send level to each aux,2639,rlw,255,,,,,,,,Chan_Rtg,,dB:Off:-50@31:-30@63:-10@127:0,,,,,1,1,535,0x0217,,,,254,GainFast,Slew,3,8,Exp,Scalar
Chan004AuxSend003,1,4,3,,,Per-channel send level to each aux,2640,rmh,255,,,,,,,,Chan_Rtg,,dB:Off:-50@31:-30@63:-10@127:0,,,,,1,1,536,0x0218,,,,254,GainFast,Slew,3,8,Exp,Scalar
Chan004AuxSend004,1,4,4,,,Per-channel send level to each aux,2641,rmi,255,,,,,,,,Chan_Rtg,,dB:Off:-50@31:-30@63:-10@127:0,,,,,1,1,537,0x0219,,,,254,GainFast,Slew,3,8,Exp,Scalar
Chan004AuxSend005,1,4,5,,,Per-channel send level to each aux,2642,rmj,255,,,,,,,,Chan_Rtg,,dB:Off:-50@31:-30@63:-10@127:0,,,,,1,1,538,0x021A,,,,254,GainFast,Slew,3,8,Exp,Scalar
Chan004AuxSend006,1,4,6,,,Per-channel send level to each aux,2643,rmk,255,,,,,,,,Chan_Rtg,,dB:Off:-50@31:-30@63:-10@127:0,,,,,1,1,539,0x021B,,,,254,GainFast,Slew,3,8,Exp,Scalar
Chan004AuxSend007,1,4,7,,,Per-channel send level to each aux,2644,rml,255,,,,,,,,Chan_Rtg,,dB:Off:-50@31:-30@63:-10@127:0,,,,,1,1,540,0x021C,,,,254,GainFast,Slew,3,8,Exp,Scalar
Chan004AuxSend008,1,4,8,,,Per-channel send level to each aux,2645,rmm,255,,,,,,,,Chan_Rtg,,dB:Off:-50@31:-30@63:-10@127:0,,,,,1,1,541,0x021D,,,,254,GainFast,Slew,3,8,Exp,Scalar
Chan005AuxSend001,1,5,1,,,Per-channel send level to each aux,2646,rmn,255,,,,,,,,Chan_Rtg,,dB:Off:-50@31:-30@63:-10@127:0,,,,,1,1,678,0x02A6,,,,254,GainFast,Slew,3,8,Exp,Scalar
Chan005AuxSend002,1,5,2,,,Per-channel send level to each aux,2647,rmo,255,,,,,,,,Chan_Rtg,,dB:Off:-50@31:-30@63:-10@127:0,,,,,1,1,679,0x02A7,,,,254,GainFast,Slew,3,8,Exp,Scalar
Chan005AuxSend003,1,5,3,,,Per-channel send level to each aux,2648,rmp,255,,,,,,,,Chan_Rtg,,dB:Off:-50@31:-30@63:-10@127:0,,,,,1,1,680,0x02A8,,,,254,GainFast,Slew,3,8,Exp,Scalar
Chan005AuxSend004,1,5,4,,,Per-channel send level to each aux,2649,rmq,255,,,,,,,,Chan_Rtg,,dB:Off:-50@31:-30@63:-10@127:0,,,,,1,1,681,0x02A9,,,,254,GainFast,Slew,3,8,Exp,Scalar
Chan005AuxSend005,1,5,5,,,Per-channel send level to each aux,2650,rmr,255,,,,,,,,Chan_Rtg,,dB:Off:-50@31:-30@63:-10@127:0,,,,,1,1,682,0x02AA,,,,254,GainFast,Slew,3,8,Exp,Scalar
Chan005AuxSend006,1,5,6,,,Per-channel send level to each aux,2651,rms,255,,,,,,,,Chan_Rtg,,dB:Off:-50@31:-30@63:-10@127:0,,,,,1,1,683,0x02AB,,,,254,GainFast,Slew,3,8,Exp,Scalar
Chan005AuxSend007,1,5,7,,,Per-channel send level to each aux,2652,rmt,255,,,,,,,,Chan_Rtg,,dB:Off:-50@31:-30@63:-10@127:0,,,,,1,1,684,0x02AC,,,,254,GainFast,Slew,3,8,Exp,Scalar
Chan005AuxSend008,1,5,8,,,Per-channel send level to each aux,2653,rmu,255,,,,,,,,Chan_Rtg,,dB:Off:-50@31:-30@63:-10@127:0,,,,,1,1,685,0x02AD,,,,254,GainFast,Slew,3,8,Exp,Scalar
Chan006AuxSend001,1,6,1,,,Per-channel send level to each aux,2654,rmv,255,,,,,,,,Chan_Rtg,,dB:Off:-50@31:-30@63:-10@127:0,,,,,1,1,822,0x0336,,,,254,GainFast,Slew,3,8,Exp,Scalar
Chan006AuxSend002,1,6,2,,,Per-channel send level to each aux,2655,rmw,255,,,,,,,,Chan_Rtg,,dB:Off:-50@31:-30@63:-10@127:0,,,,,1,1,823,0x0337,,,,254,GainFast,Slew,3,8,Exp,Scalar
Chan006AuxSend003,1,6,3,,,Per-channel send level to each aux,2656,rnh,255,,,,,,,,Chan_Rtg,,dB:Off:-50@31:-30@63:-10@127:0,,,,,1,1,824,0x0338,,,,254,GainFast,Slew,3,8,Exp,Scalar
Chan006AuxSend004,1,6,4,,,Per-channel send level to each aux,2657,rni,255,,,,,,,,Chan_Rtg,,dB:Off:-50@31:-30@63:-10@127:0,,,,,1,1,825,0x0339,,,,254,GainFast,Slew,3,8,Exp,Scalar
Chan006AuxSend005,1,6,5,,,Per-channel send level to each aux,2658,rnj,255,,,,,,,,Chan_Rtg,,dB:Off:-50@31:-30@63:-10@127:0,,,,,1,1,826,0x033A,,,,254,GainFast,Slew,3,8,Exp,Scalar
Chan006AuxSend006,1,6,6,,,Per-channel send level to each aux,2659,rnk,255,,,,,,,,Chan_Rtg,,dB:Off:-50@31:-30@63:-10@127:0,,,,,1,1,827,0x033B,,,,254,GainFast,Slew,3,8,Exp,Scalar
Chan006AuxSend007,1,6,7,,,Per-channel send level to each aux,2660,rnl,255,,,,,,,,Chan_Rtg,,dB:Off:-50@31:-30@63:-10@127:0,,,,,1,1,828,0x033C,,,,254,GainFast,Slew,3,8,Exp,Scalar
Chan006AuxSend008,1,6,8,,,Per-channel send level to each aux,2661,rnm,255,,,,,,,,Chan_Rtg,,dB:Off:-50@31:-30@63:-10@127:0,,,,,1,1,829,0x033D,,,,254,GainFast,Slew,3,8,Exp,Scalar
Chan007AuxSend001,1,7,1,,,Per-channel send level to each aux,2662,rnn,255,,,,,,,,Chan_Rtg,,dB:Off:-50@31:-30@63:-10@127:0,,,,,1,1,966,0x03C6,,,,254,GainFast,Slew,3,8,Exp,Scalar
Chan007AuxSend002,1,7,2,,,Per-channel send level to each aux,2663,rno,255,,,,,,,,Chan_Rtg,,dB:Off:-50@31:-30@63:-10@127:0,,,,,1,1,967,0x03C7,,,,254,GainFast,Slew,3,8,Exp,Scalar
Chan007AuxSend003,1,7,3,,,Per-channel send level to each aux,2664,rnp,255,,,,,,,,Chan_Rtg,,dB:Off:-50@31:-30@63:-10@127:0,,,,,1,1,968,0x03C8,,,,254,GainFast,Slew,3,8,Exp,Scalar
Chan007AuxSend004,1,7,4,,,Per-channel send level to each aux,2665,rnq,255,,,,,,,,Chan_Rtg,,dB:Off:-50@31:-30@63:-10@127:0,,,,,1,1,969,0x03C9,,,,254,GainFast,Slew,3,8,Exp,Scalar
Chan007AuxSend005,1,7,5,,,Per-channel send level to each aux,2666,rnr,255,,,,,,,,Chan_Rtg,,dB:Off:-50@31:-30@63:-10@127:0,,,,,1,1,970,0x03CA,,,,254,GainFast,Slew,3,8,Exp,Scalar
Chan007AuxSend006,1,7,6,,,Per-channel send level to each aux,2667,rns,255,,,,,,,,Chan_Rtg,,dB:Off:-50@31:-30@63:-10@127:0,,,,,1,1,971,0x03CB,,,,254,GainFast,Slew,3,8,Exp,Scalar
Chan007AuxSend007,1,7,7,,,Per-channel send level to each aux,2668,rnt,255,,,,,,,,Chan_Rtg,,dB:Off:-50@31:-30@63:-10@127:0,,,,,1,1,972,0x03CC,,,,254,GainFast,Slew,3,8,Exp,Scalar
Chan007AuxSend008,1,7,8,,,Per-channel send level to each aux,2669,rnu,255,,,,,,,,Chan_Rtg,,dB:Off:-50@31:-30@63:-10@127:0,,,,,1,1,973,0x03CD,,,,254,GainFast,Slew,3,8,Exp,Scalar
Chan008AuxSend001,1,8,1,,,Per-channel send level to each aux,2670,rnv,255,,,,,,,,Chan_Rtg,,dB:Off:-50@31:-30@63:-10@127:0,,,,,1,1,1110,0x0456,,,,254,GainFast,Slew,3,8,Exp,Scalar
Chan008AuxSend002,1,8,2,,,Per-channel send level to each aux,2671,rnw,255,,,,,,,,Chan_Rtg,,dB:Off:-50@31:-30@63:-10@127:0,,,,,1,1,1111,0x0457,,,,254,GainFast,Slew,3,8,Exp,Scalar
Chan008AuxSend003,1,8,3,,,Per-channel send level to each aux,2672,roh,255,,,,,,,,Chan_Rtg,,dB:Off:-50@31:-30@63:-10@127:0,,,,,1,1,1112,0x0458,,,,254,GainFast,Slew,3,8,Exp,Scalar
Chan008AuxSend004,1,8,4,,,Per-channel send level to each aux,2673,roi,255,,,,,,,,Chan_Rtg,,dB:Off:-50@31:-30@63:-10@127:0,,,,,1,1,1113,0x0459,,,,254,GainFast,Slew,3,8,Exp,Scalar
Chan008AuxSend005,1,8,5,,,Per-channel send level to each aux,2674,roj,255,,,,,,,,Chan_Rtg,,dB:Off:-50@31:-30@63:-10@127:0,,,,,1,1,1114,0x045A,,,,254,GainFast,Slew,3,8,Exp,Scalar
Chan008AuxSend006,1,8,6,,,Per-channel send level to each aux,2675,rok,255,,,,,,,,Chan_Rtg,,dB:Off:-50@31:-30@63:-10@127:0,,,,,1,1,1115,0x045B,,,,254,GainFast,Slew,3,8,Exp,Scalar
Chan008AuxSend007,1,8,7,,,Per-channel send level to each aux,2676,rol,255,,,,,,,,Chan_Rtg,,dB:Off:-50@31:-30@63:-10@127:0,,,,,1,1,1116,0x045C,,,,254,GainFast,Slew,3,8,Exp,Scalar
Chan008AuxSend008,1,8,8,,,Per-channel send level to each aux,2677,rom,255,,,,,,,,Chan_Rtg,,dB:Off:-50@31:-30@63:-10@127:0,,,,,1,1,1117,0x045D,,,,254,GainFast,Slew,3,8,Exp,Scalar
Chan009AuxSend001,1,9,1,,,Per-channel send level to each aux,2678,ron,255,,,,,,,,Chan_Rtg,,dB:Off:-50@31:-30@63:-10@127:0,,,,,1,1,1254,0x04E6,,,,254,GainFast,Slew,3,8,Exp,Scalar
Chan009AuxSend002,1,9,2,,,Per-channel send level to each aux,2679,roo,255,,,,,,,,Chan_Rtg,,dB:Off:-50@31:-30@63:-10@127:0,,,,,1,1,1255,0x04E7,,,,254,GainFast,Slew,3,8,Exp,Scalar
Chan009AuxSend003,1,9,3,,,Per-channel send level to each aux,2680,rop,255,,,,,,,,Chan_Rtg,,dB:Off:-50@31:-30@63:-10@127:0,,,,,1,1,1256,0x04E8,,,,254,GainFast,Slew,3,8,Exp,Scalar
Chan009AuxSend004,1,9,4,,,Per-channel send level to each aux,2681,roq,255,,,,,,,,Chan_Rtg,,dB:Off:-50@31:-30@63:-10@127:0,,,,,1,1,1257,0x04E9,,,,254,GainFast,Slew,3,8,Exp,Scalar
Chan009AuxSend005,1,9,5,,,Per-channel send level to each aux,2682,ror,255,,,,,,,,Chan_Rtg,,dB:Off:-50@31:-30@63:-10@127:0,,,,,1,1,1258,0x04EA,,,,254,GainFast,Slew,3,8,Exp,Scalar
Chan009AuxSend006,1,9,6,,,Per-channel send level to each aux,2683,ros,255,,,,,,,,Chan_Rtg,,dB:Off:-50@31:-30@63:-10@127:0,,,,,1,1,1259,0x04EB,,,,254,GainFast,Slew,3,8,Exp,Scalar
Chan009AuxSend007,1,9,7,,,Per-channel send level to each aux,2684,rot,255,,,,,,,,Chan_Rtg,,dB:Off:-50@31:-30@63:-10@127:0,,,,,1,1,1260,0x04EC,,,,254,GainFast,Slew,3,8,Exp,Scalar
Chan009AuxSend008,1,9,8,,,Per-channel send level to each aux,2685,rou,255,,,,,,,,Chan_Rtg,,dB:Off:-50@31:-30@63:-10@127:0,,,,,1,1,1261,0x04ED,,,,254,GainFast,Slew,3,8,Exp,Scalar
Chan010AuxSend001,1,10,1,,,Per-channel send level to each aux,2686,rov,255,,,,,,,,Chan_Rtg,,dB:Off:-50@31:-30@63:-10@127:0,,,,,1,1,1398,0x0576,,,,254,GainFast,Slew,3,8,Exp,Scalar
Chan010AuxSend002,1,10,2,,,Per-channel send level to each aux,2687,row,255,,,,,,,,Chan_Rtg,,dB:Off:-50@31:-30@63:-10@127:0,,,,,1,1,1399,0x0577,,,,254,GainFast,Slew,3,8,Exp,Scalar
Chan010AuxSend003,1,10,3,,,Per-channel send level to each aux,2688,rph,255,,,,,,,,Chan_Rtg,,dB:Off:-50@31:-30@63:-10@127:0,,,,,1,1,1400,0x0578,,,,254,GainFast,Slew,3,8,Exp,Scalar
Chan010AuxSend004,1,10,4,,,Per-channel send level to each aux,2689,rpi,255,,,,,,,,Chan_Rtg,,dB:Off:-50@31:-30@63:-10@127:0,,,,,1,1,1401,0x0579,,,,254,GainFast,Slew,3,8,Exp,Scalar
Chan010AuxSend005,1,10,5,,,Per-channel send level to each aux,2690,rpj,255,,,,,,,,Chan_Rtg,,dB:Off:-50@31:-30@63:-10@127:0,,,,,1,1,1402,0x057A,,,,254,GainFast,Slew,3,8,Exp,Scalar
Chan010AuxSend006,1,10,6,,,Per-channel send level to each aux,2691,rpk,255,,,,,,,,Chan_Rtg,,dB:Off:-50@31:-30@63:-10@127:0,,,,,1,1,1403,0x057B,,,,254,GainFast,Slew,3,8,Exp,Scalar
Chan010AuxSend007,1,10,7,,,Per-channel send level to each aux,2692,rpl,255,,,,,,,,Chan_Rtg,,dB:Off:-50@31:-30@63:-10@127:0,,,,,1,1,1404,0x057C,,,,254,GainFast,Slew,3,8,Exp,Scalar
Chan010AuxSend008,1,10,8,,,Per-channel send level to each aux,2693,rpm,255,,,,,,,,Chan_Rtg,,dB:Off:-50@31:-30@63:-10@127:0,,,,,1,1,1405,0x057D,,,,254,GainFast,Slew,3,8,Exp,Scalar
Chan011AuxSend001,1,11,1,,,Per-channel send level to each aux,2694,rpn,255,,,,,,,,Chan_Rtg,,dB:Off:-50@31:-30@63:-10@127:0,,,,,1,1,1542,0x0606,,,,254,GainFast,Slew,3,8,Exp,Scalar
Chan011AuxSend002,1,11,2,,,Per-channel send level to each aux,2695,rpo,255,,,,,,,,Chan_Rtg,,dB:Off:-50@31:-30@63:-10@127:0,,,,,1,1,1543,0x0607,,,,254,GainFast,Slew,3,8,Exp,Scalar
Chan011AuxSend003,1,11,3,,,Per-channel send level to each aux,2696,rpp,255,,,,,,,,Chan_Rtg,,dB:Off:-50@31:-30@63:-10@127:0,,,,,1,1,1544,0x0608,,,,254,GainFast,Slew,3,8,Exp,Scalar
Chan011AuxSend004,1,11,4,,,Per-channel send level to each aux,2697,rpq,255,,,,,,,,Chan_Rtg,,dB:Off:-50@31:-30@63:-10@127:0,,,,,1,1,1545,0x0609,,,,254,GainFast,Slew,3,8,Exp,Scalar
Chan011AuxSend005,1,11,5,,,Per-channel send level to each aux,2698,rpr,255,,,,,,,,Chan_Rtg,,dB:Off:-50@31:-30@63:-10@127:0,,,,,1,1,1546,0x060A,,,,254,GainFast,Slew,3,8,Exp,Scalar
Chan011AuxSend006,1,11,6,,,Per-channel send level to each aux,2699,rps,255,,,,,,,,Chan_Rtg,,dB:Off:-50@31:-30@63:-10@127:0,,,,,1,1,1547,0x060B,,,,254,GainFast,Slew,3,8,Exp,Scalar
Chan011AuxSend007,1,11,7,,,Per-channel send level to each aux,2700,rpt,255,,,,,,,,Chan_Rtg,,dB:Off:-50@31:-30@63:-10@127:0,,,,,1,1,1548,0x060C,,,,254,GainFast,Slew,3,8,Exp,Scalar
Chan011AuxSend008,1,11,8,,,Per-channel send level to each aux,2701,rpu,255,,,,,,,,Chan_Rtg,,dB:Off:-50@31:-30@63:-10@127:0,,,,,1,1,1549,0x060D,,,,254,GainFast,Slew,3,8,Exp,Scalar
Chan012AuxSend001,1,12,1,,,Per-channel send level to each aux,2702,rpv,255,,,,,,,,Chan_Rtg,,dB:Off:-50@31:-30@63:-10@127:0,,,,,1,1,1686,0x0696,,,,254,GainFast,Slew,3,8,Exp,Scalar
Chan012AuxSend002,1,12,2,,,Per-channel send level to each aux,2703,rpw,255,,,,,,,,Chan_Rtg,,dB:Off:-50@31:-30@63:-10@127:0,,,,,1,1,1687,0x0697,,,,254,GainFast,Slew,3,8,Exp,Scalar
Chan012AuxSend003,1,12,3,,,Per-channel send level to each aux,2704,rqh,255,,,,,,,,Chan_Rtg,,dB:Off:-50@31:-30@63:-10@127:0,,,,,1,1,1688,0x0698,,,,254,GainFast,Slew,3,8,Exp,Scalar
Chan012AuxSend004,1,12,4,,,Per-channel send level to each aux,2705,rqi,255,,,,,,,,Chan_Rtg,,dB:Off:-50@31:-30@63:-10@127:0,,,,,1,1,1689,0x0699,,,,254,GainFast,Slew,3,8,Exp,Scalar
Chan012AuxSend005,1,12,5,,,Per-channel send level to each aux,2706,rqj,255,,,,,,,,Chan_Rtg,,dB:Off:-50@31:-30@63:-10@127:0,,,,,1,1,1690,0x069A,,,,254,GainFast,Slew,3,8,Exp,Scalar
Chan012AuxSend006,1,12,6,,,Per-channel send level to each aux,2707,rqk,255,,,,,,,,Chan_Rtg,,dB:Off:-50@31:-30@63:-10@127:0,,,,,1,1,1691,0x069B,,,,254,GainFast,Slew,3,8,Exp,Scalar
Chan012AuxSend007,1,12,7,,,Per-channel send level to each aux,2708,rql,255,,,,,,,,Chan_Rtg,,dB:Off:-50@31:-30@63:-10@127:0,,,,,1,1,1692,0x069C,,,,254,GainFast,Slew,3,8,Exp,Scalar
Chan012AuxSend008,1,12,8,,,Per-channel send level to each aux,2709,rqm,255,,,,,,,,Chan_Rtg,,dB:Off:-50@31:-30@63:-10@127:0,,,,,1,1,1693,0x069D,,,,254,GainFast,Slew,3,8,Exp,Scalar
Chan013AuxSend001,1,13,1,,,Per-channel send level to each aux,2710,rqn,255,,,,,,,,Chan_Rtg,,dB:Off:-50@31:-30@63:-10@127:0,,,,,1,1,1830,0x0726,,,,254,GainFast,Slew,3,8,Exp,Scalar
Chan013AuxSend002,1,13,2,,,Per-channel send level to each aux,2711,rqo,255,,,,,,,,Chan_Rtg,,dB:Off:-50@31:-30@63:-10@127:0,,,,,1,1,1831,0x0727,,,,254,GainFast,Slew,3,8,Exp,Scalar
Chan013AuxSend003,1,13,3,,,Per-channel send level to each aux,2712,rqp,255,,,,,,,,Chan_Rtg,,dB:Off:-50@31:-30@63:-10@127:0,,,,,1,1,1832,0x0728,,,,254,GainFast,Slew,3,8,Exp,Scalar
Chan013AuxSend004,1,13,4,,,Per-channel send level to each aux,2713,rqq,255,,,,,,,,Chan_Rtg,,dB:Off:-50@31:-30@63:-10@127:0,,,,,1,1,1833,0x0729,,,,254,GainFast,Slew,3,8,Exp,Scalar
Chan013AuxSend005,1,13,5,,,Per-channel send level to each aux,2714,rqr,255,,,,,,,,Chan_Rtg,,dB:Off:-50@31:-30@63:-10@127:0,,,,,1,1,1834,0x072A,,,,254,GainFast,Slew,3,8,Exp,Scalar
Chan013AuxSend006,1,13,6,,,Per-channel send level to each aux,2715,rqs,255,,,,,,,,Chan_Rtg,,dB:Off:-50@31:-30@63:-10@127:0,,,,,1,1,1835,0x072B,,,,254,GainFast,Slew,3,8,Exp,Scalar
Chan013AuxSend007,1,13,7,,,Per-channel send level to each aux,2716,rqt,255,,,,,,,,Chan_Rtg,,dB:Off:-50@31:-30@63:-10@127:0,,,,,1,1,1836,0x072C,,,,254,GainFast,Slew,3,8,Exp,Scalar
Chan013AuxSend008,1,13,8,,,Per-channel send level to each aux,2717,rqu,255,,,,,,,,Chan_Rtg,,dB:Off:-50@31:-30@63:-10@127:0,,,,,1,1,1837,0x072D,,,,254,GainFast,Slew,3,8,Exp,Scalar
Chan014AuxSend001,1,14,1,,,Per-channel send level to each aux,2718,rqv,255,,,,,,,,Chan_Rtg,,dB:Off:-50@31:-30@63:-10@127:0,,,,,1,1,1974,0x07B6,,,,254,GainFast,Slew,3,8,Exp,Scalar
Chan014AuxSend002,1,14,2,,,Per-channel send level to each aux,2719,rqw,255,,,,,,,,Chan_Rtg,,dB:Off:-50@31:-30@63:-10@127:0,,,,,1,1,1975,0x07B7,,,,254,GainFast,Slew,3,8,Exp,Scalar
Chan014AuxSend003,1,14,3,,,Per-channel send level to each aux,2720,rrh,255,,,,,,,,Chan_Rtg,,dB:Off:-50@31:-30@63:-10@127:0,,,,,1,1,1976,0x07B8,,,,254,GainFast,Slew,3,8,Exp,Scalar
Chan014AuxSend004,1,14,4,,,Per-channel send level to each aux,2721,rri,255,,,,,,,,Chan_Rtg,,dB:Off:-50@31:-30@63:-10@127:0,,,,,1,1,1977,0x07B9,,,,254,GainFast,Slew,3,8,Exp,Scalar
Chan014AuxSend005,1,14,5,,,Per-channel send level to each aux,2722,rrj,255,,,,,,,,Chan_Rtg,,dB:Off:-50@31:-30@63:-10@127:0,,,,,1,1,1978,0x07BA,,,,254,GainFast,Slew,3,8,Exp,Scalar
Chan014AuxSend006,1,14,6,,,Per-channel send level to each aux,2723,rrk,255,,,,,,,,Chan_Rtg,,dB:Off:-50@31:-30@63:-10@127:0,,,,,1,1,1979,0x07BB,,,,254,GainFast,Slew,3,8,Exp,Scalar
Chan014AuxSend007,1,14,7,,,Per-channel send level to each aux,2724,rrl,255,,,,,,,,Chan_Rtg,,dB:Off:-50@31:-30@63:-10@127:0,,,,,1,1,1980,0x07BC,,,,254,GainFast,Slew,3,8,Exp,Scalar
Chan014AuxSend008,1,14,8,,,Per-channel send level to each aux,2725,rrm,255,,,,,,,,Chan_Rtg,,dB:Off:-50@31:-30@63:-10@127:0,,,,,1,1,1981,0x07BD,,,,254,GainFast,Slew,3,8,Exp,Scalar
Chan015AuxSend001,1,15,1,,,Per-channel send level to each aux,2726,rrn,255,,,,,,,,Chan_Rtg,,dB:Off:-50@31:-30@63:-10@127:0,,,,,1,1,2118,0x0846,,,,254,GainFast,Slew,3,8,Exp,Scalar
Chan015AuxSend002,1,15,2,,,Per-channel send level to each aux,2727,rro,255,,,,,,,,Chan_Rtg,,dB:Off:-50@31:-30@63:-10@127:0,,,,,1,1,2119,0x0847,,,,254,GainFast,Slew,3,8,Exp,Scalar
Chan015AuxSend003,1,15,3,,,Per-channel send level to each aux,2728,rrp,255,,,,,,,,Chan_Rtg,,dB:Off:-50@31:-30@63:-10@127:0,,,,,1,1,2120,0x0848,,,,254,GainFast,Slew,3,8,Exp,Scalar
Chan015AuxSend004,1,15,4,,,Per-channel send level to each aux,2729,rrq,255,,,,,,,,Chan_Rtg,,dB:Off:-50@31:-30@63:-10@127:0,,,,,1,1,2121,0x0849,,,,254,GainFast,Slew,3,8,Exp,Scalar
Chan015AuxSend005,1,15,5,,,Per-channel send level to each aux,2730,rrr,255,,,,,,,,Chan_Rtg,,dB:Off:-50@31:-30@63:-10@127:0,,,,,1,1,2122,0x084A,,,,254,GainFast,Slew,3,8,Exp,Scalar
Chan015AuxSend006,1,15,6,,,Per-channel send level to each aux,2731,rrs,255,,,,,,,,Chan_Rtg,,dB:Off:-50@31:-30@63:-10@127:0,,,,,1,1,2123,0x084B,,,,254,GainFast,Slew,3,8,Exp,Scalar
Chan015AuxSend007,1,15,7,,,Per-channel send level to each aux,2732,rrt,255,,,,,,,,Chan_Rtg,,dB:Off:-50@31:-30@63:-10@127:0,,,,,1,1,2124,0x084C,,,,254,GainFast,Slew,3,8,Exp,Scalar
Chan015AuxSend008,1,15,8,,,Per-channel send level to each aux,2733,rru,255,,,,,,,,Chan_Rtg,,dB:Off:-50@31:-30@63:-10@127:0,,,,,1,1,2125,0x084D,,,,254,GainFast,Slew,3,8,Exp,Scalar
Chan016AuxSend001,1,16,1,,,Per-channel send level to each aux,2734,rrv,255,,,,,,,,Chan_Rtg,,dB:Off:-50@31:-30@63:-10@127:0,,,,,1,1,2262,0x08D6,,,,254,GainFast,Slew,3,8,Exp,Scalar
Chan016AuxSend002,1,16,2,,,Per-channel send level to each aux,2735,rrw,255,,,,,,,,Chan_Rtg,,dB:Off:-50@31:-30@63:-10@127:0,,,,,1,1,2263,0x08D7,,,,254,GainFast,Slew,3,8,Exp,Scalar
Chan016AuxSend003,1,16,3,,,Per-channel send level to each aux,2736,rsh,255,,,,,,,,Chan_Rtg,,dB:Off:-50@31:-30@63:-10@127:0,,,,,1,1,2264,0x08D8,,,,254,GainFast,Slew,3,8,Exp,Scalar
Chan016AuxSend004,1,16,4,,,Per-channel send level to each aux,2737,rsi,255,,,,,,,,Chan_Rtg,,dB:Off:-50@31:-30@63:-10@127:0,,,,,1,1,2265,0x08D9,,,,254,GainFast,Slew,3,8,Exp,Scalar
Chan016AuxSend005,1,16,5,,,Per-channel send level to each aux,2738,rsj,255,,,,,,,,Chan_Rtg,,dB:Off:-50@31:-30@63:-10@127:0,,,,,1,1,2266,0x08DA,,,,254,GainFast,Slew,3,8,Exp,Scalar
Chan016AuxSend006,1,16,6,,,Per-channel send level to each aux,2739,rsk,255,,,,,,,,Chan_Rtg,,dB:Off:-50@31:-30@63:-10@127:0,,,,,1,1,2267,0x08DB,,,,254,GainFast,Slew,3,8,Exp,Scalar
Chan016AuxSend007,1,16,7,,,Per-channel send level to each aux,2740,rsl,255,,,,,,,,Chan_Rtg,,dB:Off:-50@31:-30@63:-10@127:0,,,,,1,1,2268,0x08DC,,,,254,GainFast,Slew,3,8,Exp,Scalar
Chan016AuxSend008,1,16,8,,,Per-channel send level to each aux,2741,rsm,255,,,,,,,,Chan_Rtg,,dB:Off:-50@31:-30@63:-10@127:0,,,,,1,1,2269,0x08DD,,,,254,GainFast,Slew,3,8,Exp,Scalar
Chan017AuxSend001,1,17,1,,,Per-channel send level to each aux,2742,rsn,255,,,,,,,,Chan_Rtg,,dB:Off:-50@31:-30@63:-10@127:0,,,,,1,1,2406,0x0966,,,,254,GainFast,Slew,3,8,Exp,Scalar
Chan017AuxSend002,1,17,2,,,Per-channel send level to each aux,2743,rso,255,,,,,,,,Chan_Rtg,,dB:Off:-50@31:-30@63:-10@127:0,,,,,1,1,2407,0x0967,,,,254,GainFast,Slew,3,8,Exp,Scalar
Chan017AuxSend003,1,17,3,,,Per-channel send level to each aux,2744,rsp,255,,,,,,,,Chan_Rtg,,dB:Off:-50@31:-30@63:-10@127:0,,,,,1,1,2408,0x0968,,,,254,GainFast,Slew,3,8,Exp,Scalar
Chan017AuxSend004,1,17,4,,,Per-channel send level to each aux,2745,rsq,255,,,,,,,,Chan_Rtg,,dB:Off:-50@31:-30@63:-10@127:0,,,,,1,1,2409,0x0969,,,,254,GainFast,Slew,3,8,Exp,Scalar
Chan017AuxSend005,1,17,5,,,Per-channel send level to each aux,2746,rsr,255,,,,,,,,Chan_Rtg,,dB:Off:-50@31:-30@63:-10@127:0,,,,,1,1,2410,0x096A,,,,254,GainFast,Slew,3,8,Exp,Scalar
Chan017AuxSend006,1,17,6,,,Per-channel send level to each aux,2747,rss,255,,,,,,,,Chan_Rtg,,dB:Off:-50@31:-30@63:-10@127:0,,,,,1,1,2411,0x096B,,,,254,GainFast,Slew,3,8,Exp,Scalar
Chan017AuxSend007,1,17,7,,,Per-channel send level to each aux,2748,rst,255,,,,,,,,Chan_Rtg,,dB:Off:-50@31:-30@63:-10@127:0,,,,,1,1,2412,0x096C,,,,254,GainFast,Slew,3,8,Exp,Scalar
Chan017AuxSend008,1,17,8,,,Per-channel send level to each aux,2749,rsu,255,,,,,,,,Chan_Rtg,,dB:Off:-50@31:-30@63:-10@127:0,,,,,1,1,2413,0x096D,,,,254,GainFast,Slew,3,8,Exp,Scalar
Chan018AuxSend001,1,18,1,,,Per-channel send level to each aux,2750,rsv,255,,,,,,,,Chan_Rtg,,dB:Off:-50@31:-30@63:-10@127:0,,,,,1,1,2550,0x09F6,,,,254,GainFast,Slew,3,8,Exp,Scalar
Chan018AuxSend002,1,18,2,,,Per-channel send level to each aux,2751,rsw,255,,,,,,,,Chan_Rtg,,dB:Off:-50@31:-30@63:-10@127:0,,,,,1,1,2551,0x09F7,,,,254,GainFast,Slew,3,8,Exp,Scalar
Chan018AuxSend003,1,18,3,,,Per-channel send level to each aux,2752,rth,255,,,,,,,,Chan_Rtg,,dB:Off:-50@31:-30@63:-10@127:0,,,,,1,1,2552,0x09F8,,,,254,GainFast,Slew,3,8,Exp,Scalar
Chan018AuxSend004,1,18,4,,,Per-channel send level to each aux,2753,rti,255,,,,,,,,Chan_Rtg,,dB:Off:-50@31:-30@63:-10@127:0,,,,,1,1,2553,0x09F9,,,,254,GainFast,Slew,3,8,Exp,Scalar
Chan018AuxSend005,1,18,5,,,Per-channel send level to each aux,2754,rtj,255,,,,,,,,Chan_Rtg,,dB:Off:-50@31:-30@63:-10@127:0,,,,,1,1,2554,0x09FA,,,,254,GainFast,Slew,3,8,Exp,Scalar
Chan018AuxSend006,1,18,6,,,Per-channel send level to each aux,2755,rtk,255,,,,,,,,Chan_Rtg,,dB:Off:-50@31:-30@63:-10@127:0,,,,,1,1,2555,0x09FB,,,,254,GainFast,Slew,3,8,Exp,Scalar
Chan018AuxSend007,1,18,7,,,Per-channel send level to each aux,2756,rtl,255,,,,,,,,Chan_Rtg,,dB:Off:-50@31:-30@63:-10@127:0,,,,,1,1,2556,0x09FC,,,,254,GainFast,Slew,3,8,Exp,Scalar
Chan018AuxSend008,1,18,8,,,Per-channel send level to each aux,2757,rtm,255,,,,,,,,Chan_Rtg,,dB:Off:-50@31:-30@63:-10@127:0,,,,,1,1,2557,0x09FD,,,,254,GainFast,Slew,3,8,Exp,Scalar
Chan019AuxSend001,1,19,1,,,Per-channel send level to each aux,2758,rtn,255,,,,,,,,Chan_Rtg,,dB:Off:-50@31:-30@63:-10@127:0,,,,,1,1,2694,0x0A86,,,,254,GainFast,Slew,3,8,Exp,Scalar
Chan019AuxSend002,1,19,2,,,Per-channel send level to each aux,2759,rto,255,,,,,,,,Chan_Rtg,,dB:Off:-50@31:-30@63:-10@127:0,,,,,1,1,2695,0x0A87,,,,254,GainFast,Slew,3,8,Exp,Scalar
Chan019AuxSend003,1,19,3,,,Per-channel send level to each aux,2760,rtp,255,,,,,,,,Chan_Rtg,,dB:Off:-50@31:-30@63:-10@127:0,,,,,1,1,2696,0x0A88,,,,254,GainFast,Slew,3,8,Exp,Scalar
Chan019AuxSend004,1,19,4,,,Per-channel send level to each aux,2761,rtq,255,,,,,,,,Chan_Rtg,,dB:Off:-50@31:-30@63:-10@127:0,,,,,1,1,2697,0x0A89,,,,254,GainFast,Slew,3,8,Exp,Scalar
Chan019AuxSend005,1,19,5,,,Per-channel send level to each aux,2762,rtr,255,,,,,,,,Chan_Rtg,,dB:Off:-50@31:-30@63:-10@127:0,,,,,1,1,2698,0x0A8A,,,,254,GainFast,Slew,3,8,Exp,Scalar
Chan019AuxSend006,1,19,6,,,Per-channel send level to each aux,2763,rts,255,,,,,,,,Chan_Rtg,,dB:Off:-50@31:-30@63:-10@127:0,,,,,1,1,2699,0x0A8B,,,,254,GainFast,Slew,3,8,Exp,Scalar
Chan019AuxSend007,1,19,7,,,Per-channel send level to each aux,2764,rtt,255,,,,,,,,Chan_Rtg,,dB:Off:-50@31:-30@63:-10@127:0,,,,,1,1,2700,0x0A8C,,,,254,GainFast,Slew,3,8,Exp,Scalar
Chan019AuxSend008,1,19,8,,,Per-channel send level to each aux,2765,rtu,255,,,,,,,,Chan_Rtg,,dB:Off:-50@31:-30@63:-10@127:0,,,,,1,1,2701,0x0A8D,,,,254,GainFast,Slew,3,8,Exp,Scalar
Chan020AuxSend001,1,20,1,,,Per-channel send level to each aux,2766,rtv,255,,,,,,,,Chan_Rtg,,dB:Off:-50@31:-30@63:-10@127:0,,,,,1,1,2838,0x0B16,,,,254,GainFast,Slew,3,8,Exp,Scalar
Chan020AuxSend002,1,20,2,,,Per-channel send level to each aux,2767,rtw,255,,,,,,,,Chan_Rtg,,dB:Off:-50@31:-30@63:-10@127:0,,,,,1,1,2839,0x0B17,,,,254,GainFast,Slew,3,8,Exp,Scalar
Chan020AuxSend003,1,20,3,,,Per-channel send level to each aux,2768,ruh,255,,,,,,,,Chan_Rtg,,dB:Off:-50@31:-30@63:-10@127:0,,,,,1,1,2840,0x0B18,,,,254,GainFast,Slew,3,8,Exp,Scalar
Chan020AuxSend004,1,20,4,,,Per-channel send level to each aux,2769,rui,255,,,,,,,,Chan_Rtg,,dB:Off:-50@31:-30@63:-10@127:0,,,,,1,1,2841,0x0B19,,,,254,GainFast,Slew,3,8,Exp,Scalar
Chan020AuxSend005,1,20,5,,,Per-channel send level to each aux,2770,ruj,255,,,,,,,,Chan_Rtg,,dB:Off:-50@31:-30@63:-10@127:0,,,,,1,1,2842,0x0B1A,,,,254,GainFast,Slew,3,8,Exp,Scalar
Chan020AuxSend006,1,20,6,,,Per-channel send level to each aux,2771,ruk,255,,,,,,,,Chan_Rtg,,dB:Off:-50@31:-30@63:-10@127:0,,,,,1,1,2843,0x0B1B,,,,254,GainFast,Slew,3,8,Exp,Scalar
Chan020AuxSend007,1,20,7,,,Per-channel send level to each aux,2772,rul,255,,,,,,,,Chan_Rtg,,dB:Off:-50@31:-30@63:-10@127:0,,,,,1,1,2844,0x0B1C,,,,254,GainFast,Slew,3,8,Exp,Scalar
Chan020AuxSend008,1,20,8,,,Per-channel send level to each aux,2773,rum,255,,,,,,,,Chan_Rtg,,dB:Off:-50@31:-30@63:-10@127:0,,,,,1,1,2845,0x0B1D,,,,254,GainFast,Slew,3,8,Exp,Scalar
Chan021AuxSend001,1,21,1,,,Per-channel send level to each aux,2774,run,255,,,,,,,,Chan_Rtg,,dB:Off:-50@31:-30@63:-10@127:0,,,,,1,1,2982,0x0BA6,,,,254,GainFast,Slew,3,8,Exp,Scalar
Chan021AuxSend002,1,21,2,,,Per-channel send level to each aux,2775,ruo,255,,,,,,,,Chan_Rtg,,dB:Off:-50@31:-30@63:-10@127:0,,,,,1,1,2983,0x0BA7,,,,254,GainFast,Slew,3,8,Exp,Scalar
Chan021AuxSend003,1,21,3,,,Per-channel send level to each aux,2776,rup,255,,,,,,,,Chan_Rtg,,dB:Off:-50@31:-30@63:-10@127:0,,,,,1,1,2984,0x0BA8,,,,254,GainFast,Slew,3,8,Exp,Scalar
Chan021AuxSend004,1,21,4,,,Per-channel send level to each aux,2777,ruq,255,,,,,,,,Chan_Rtg,,dB:Off:-50@31:-30@63:-10@127:0,,,,,1,1,2985,0x0BA9,,,,254,GainFast,Slew,3,8,Exp,Scalar
Chan021AuxSend005,1,21,5,,,Per-channel send level to each aux,2778,rur,255,,,,,,,,Chan_Rtg,,dB:Off:-50@31:-30@63:-10@127:0,,,,,1,1,2986,0x0BAA,,,,254,GainFast,Slew,3,8,Exp,Scalar
Chan021AuxSend006,1,21,6,,,Per-channel send level to each aux,2779,rus,255,,,,,,,,Chan_Rtg,,dB:Off:-50@31:-30@63:-10@127:0,,,,,1,1,2987,0x0BAB,,,,254,GainFast,Slew,3,8,Exp,Scalar
Chan021AuxSend007,1,21,7,,,Per-channel send level to each aux,2780,rut,255,,,,,,,,Chan_Rtg,,dB:Off:-50@31:-30@63:-10@127:0,,,,,1,1,2988,0x0BAC,,,,254,GainFast,Slew,3,8,Exp,Scalar
Chan021AuxSend008,1,21,8,,,Per-channel send level to each aux,2781,ruu,255,,,,,,,,Chan_Rtg,,dB:Off:-50@31:-30@63:-10@127:0,,,,,1,1,2989,0x0BAD,,,,254,GainFast,Slew,3,8,Exp,Scalar
Chan022AuxSend001,1,22,1,,,Per-channel send level to each aux,2782,ruv,255,,,,,,,,Chan_Rtg,,dB:Off:-50@31:-30@63:-10@127:0,,,,,1,1,3126,0x0C36,,,,254,GainFast,Slew,3,8,Exp,Scalar
Chan022AuxSend002,1,22,2,,,Per-channel send level to each aux,2783,ruw,255,,,,,,,,Chan_Rtg,,dB:Off:-50@31:-30@63:-10@127:0,,,,,1,1,3127,0x0C37,,,,254,GainFast,Slew,3,8,Exp,Scalar
Chan022AuxSend003,1,22,3,,,Per-channel send level to each aux,2784,rvh,255,,,,,,,,Chan_Rtg,,dB:Off:-50@31:-30@63:-10@127:0,,,,,1,1,3128,0x0C38,,,,254,GainFast,Slew,3,8,Exp,Scalar
Chan022AuxSend004,1,22,4,,,Per-channel send level to each aux,2785,rvi,255,,,,,,,,Chan_Rtg,,dB:Off:-50@31:-30@63:-10@127:0,,,,,1,1,3129,0x0C39,,,,254,GainFast,Slew,3,8,Exp,Scalar
Chan022AuxSend005,1,22,5,,,Per-channel send level to each aux,2786,rvj,255,,,,,,,,Chan_Rtg,,dB:Off:-50@31:-30@63:-10@127:0,,,,,1,1,3130,0x0C3A,,,,254,GainFast,Slew,3,8,Exp,Scalar
Chan022AuxSend006,1,22,6,,,Per-channel send level to each aux,2787,rvk,255,,,,,,,,Chan_Rtg,,dB:Off:-50@31:-30@63:-10@127:0,,,,,1,1,3131,0x0C3B,,,,254,GainFast,Slew,3,8,Exp,Scalar
Chan022AuxSend007,1,22,7,,,Per-channel send level to each aux,2788,rvl,255,,,,,,,,Chan_Rtg,,dB:Off:-50@31:-30@63:-10@127:0,,,,,1,1,3132,0x0C3C,,,,254,GainFast,Slew,3,8,Exp,Scalar
Chan022AuxSend008,1,22,8,,,Per-channel send level to each aux,2789,rvm,255,,,,,,,,Chan_Rtg,,dB:Off:-50@31:-30@63:-10@127:0,,,,,1,1,3133,0x0C3D,,,,254,GainFast,Slew,3,8,Exp,Scalar
Chan023AuxSend001,1,23,1,,,Per-channel send level to each aux,2790,rvn,255,,,,,,,,Chan_Rtg,,dB:Off:-50@31:-30@63:-10@127:0,,,,,1,1,3270,0x0CC6,,,,254,GainFast,Slew,3,8,Exp,Scalar
Chan023AuxSend002,1,23,2,,,Per-channel send level to each aux,2791,rvo,255,,,,,,,,Chan_Rtg,,dB:Off:-50@31:-30@63:-10@127:0,,,,,1,1,3271,0x0CC7,,,,254,GainFast,Slew,3,8,Exp,Scalar
Chan023AuxSend003,1,23,3,,,Per-channel send level to each aux,2792,rvp,255,,,,,,,,Chan_Rtg,,dB:Off:-50@31:-30@63:-10@127:0,,,,,1,1,3272,0x0CC8,,,,254,GainFast,Slew,3,8,Exp,Scalar
Chan023AuxSend004,1,23,4,,,Per-channel send level to each aux,2793,rvq,255,,,,,,,,Chan_Rtg,,dB:Off:-50@31:-30@63:-10@127:0,,,,,1,1,3273,0x0CC9,,,,254,GainFast,Slew,3,8,Exp,Scalar
Chan023AuxSend005,1,23,5,,,Per-channel send level to each aux,2794,rvr,255,,,,,,,,Chan_Rtg,,dB:Off:-50@31:-30@63:-10@127:0,,,,,1,1,3274,0x0CCA,,,,254,GainFast,Slew,3,8,Exp,Scalar
Chan023AuxSend006,1,23,6,,,Per-channel send level to each aux,2795,rvs,255,,,,,,,,Chan_Rtg,,dB:Off:-50@31:-30@63:-10@127:0,,,,,1,1,3275,0x0CCB,,,,254,GainFast,Slew,3,8,Exp,Scalar
Chan023AuxSend007,1,23,7,,,Per-channel send level to each aux,2796,rvt,255,,,,,,,,Chan_Rtg,,dB:Off:-50@31:-30@63:-10@127:0,,,,,1,1,3276,0x0CCC,,,,254,GainFast,Slew,3,8,Exp,Scalar
Chan023AuxSend008,1,23,8,,,Per-channel send level to each aux,2797,rvu,255,,,,,,,,Chan_Rtg,,dB:Off:-50@31:-30@63:-10@127:0,,,,,1,1,3277,0x0CCD,,,,254,GainFast,Slew,3,8,Exp,Scalar
Chan024AuxSend001,1,24,1,,,Per-channel send level to each aux,2798,rvv,255,,,,,,,,Chan_Rtg,,dB:Off:-50@31:-30@63:-10@127:0,,,,,1,1,3414,0x0D56,,,,254,GainFast,Slew,3,8,Exp,Scalar
Chan024AuxSend002,1,24,2,,,Per-channel send level to each aux,2799,rvw,255,,,,,,,,Chan_Rtg,,dB:Off:-50@31:-30@63:-10@127:0,,,,,1,1,3415,0x0D57,,,,254,GainFast,Slew,3,8,Exp,Scalar
Chan024AuxSend003,1,24,3,,,Per-channel send level to each aux,2800,rwh,255,,,,,,,,Chan_Rtg,,dB:Off:-50@31:-30@63:-10@127:0,,,,,1,1,3416,0x0D58,,,,254,GainFast,Slew,3,8,Exp,Scalar
Chan024AuxSend004,1,24,4,,,Per-channel send level to each aux,2801,rwi,255,,,,,,,,Chan_Rtg,,dB:Off:-50@31:-30@63:-10@127:0,,,,,1,1,3417,0x0D59,,,,254,GainFast,Slew,3,8,Exp,Scalar
Chan024AuxSend005,1,24,5,,,Per-channel send level to each aux,2802,rwj,255,,,,,,,,Chan_Rtg,,dB:Off:-50@31:-30@63:-10@127:0,,,,,1,1,3418,0x0D5A,,,,254,GainFast,Slew,3,8,Exp,Scalar
Chan024AuxSend006,1,24,6,,,Per-channel send level to each aux,2803,rwk,255,,,,,,,,Chan_Rtg,,dB:Off:-50@31:-30@63:-10@127:0,,,,,1,1,3419,0x0D5B,,,,254,GainFast,Slew,3,8,Exp,Scalar
Chan024AuxSend007,1,24,7,,,Per-channel send level to each aux,2804,rwl,255,,,,,,,,Chan_Rtg,,dB:Off:-50@31:-30@63:-10@127:0,,,,,1,1,3420,0x0D5C,,,,254,GainFast,Slew,3,8,Exp,Scalar
Chan024AuxSend008,1,24,8,,,Per-channel send level to each aux,2805,rwm,255,,,,,,,,Chan_Rtg,,dB:Off:-50@31:-30@63:-10@127:0,,,,,1,1,3421,0x0D5D,,,,254,GainFast,Slew,3,8,Exp,Scalar
Chan001CtrOn001,1,1,1,,,Center/sub output assign on/off,2806,rwn,2,,,,,,,,Chan_Rtg,,,,,,,1,1,85,0x0055,,,,1,InstantCtl,Instant,0,0,Linear,Scalar
Chan002CtrOn001,1,2,1,,,Center/sub output assign on/off,2807,rwo,2,,,,,,,,Chan_Rtg,,,,,,,1,1,229,0x00E5,,,,1,InstantCtl,Instant,0,0,Linear,Scalar
Chan003CtrOn001,1,3,1,,,Center/sub output assign on/off,2808,rwp,2,,,,,,,,Chan_Rtg,,,,,,,1,1,373,0x0175,,,,1,InstantCtl,Instant,0,0,Linear,Scalar
Chan004CtrOn001,1,4,1,,,Center/sub output assign on/off,2809,rwq,2,,,,,,,,Chan_Rtg,,,,,,,1,1,517,0x0205,,,,1,InstantCtl,Instant,0,0,Linear,Scalar
Chan005CtrOn001,1,5,1,,,Center/sub output assign on/off,2810,rwr,2,,,,,,,,Chan_Rtg,,,,,,,1,1,661,0x0295,,,,1,InstantCtl,Instant,0,0,Linear,Scalar
Chan006CtrOn001,1,6,1,,,Center/sub output assign on/off,2811,rws,2,,,,,,,,Chan_Rtg,,,,,,,1,1,805,0x0325,,,,1,InstantCtl,Instant,0,0,Linear,Scalar
Chan007CtrOn001,1,7,1,,,Center/sub output assign on/off,2812,rwt,2,,,,,,,,Chan_Rtg,,,,,,,1,1,949,0x03B5,,,,1,InstantCtl,Instant,0,0,Linear,Scalar
Chan008CtrOn001,1,8,1,,,Center/sub output assign on/off,2813,rwu,2,,,,,,,,Chan_Rtg,,,,,,,1,1,1093,0x0445,,,,1,InstantCtl,Instant,0,0,Linear,Scalar
Chan009CtrOn001,1,9,1,,,Center/sub output assign on/off,2814,rwv,2,,,,,,,,Chan_Rtg,,,,,,,1,1,1237,0x04D5,,,,1,InstantCtl,Instant,0,0,Linear,Scalar
Chan010CtrOn001,1,10,1,,,Center/sub output assign on/off,2815,rww,2,,,,,,,,Chan_Rtg,,,,,,,1,1,1381,0x0565,,,,1,InstantCtl,Instant,0,0,Linear,Scalar
Chan011CtrOn001,1,11,1,,,Center/sub output assign on/off,2816,shh,2,,,,,,,,Chan_Rtg,,,,,,,1,1,1525,0x05F5,,,,1,InstantCtl,Instant,0,0,Linear,Scalar
Chan012CtrOn001,1,12,1,,,Center/sub output assign on/off,2817,shi,2,,,,,,,,Chan_Rtg,,,,,,,1,1,1669,0x0685,,,,1,InstantCtl,Instant,0,0,Linear,Scalar
Chan013CtrOn001,1,13,1,,,Center/sub output assign on/off,2818,shj,2,,,,,,,,Chan_Rtg,,,,,,,1,1,1813,0x0715,,,,1,InstantCtl,Instant,0,0,Linear,Scalar
Chan014CtrOn001,1,14,1,,,Center/sub output assign on/off,2819,shk,2,,,,,,,,Chan_Rtg,,,,,,,1,1,1957,0x07A5,,,,1,InstantCtl,Instant,0,0,Linear,Scalar
Chan015CtrOn001,1,15,1,,,Center/sub output assign on/off,2820,shl,2,,,,,,,,Chan_Rtg,,,,,,,1,1,2101,0x0835,,,,1,InstantCtl,Instant,0,0,Linear,Scalar
Chan016CtrOn001,1,16,1,,,Center/sub output assign on/off,2821,shm,2,,,,,,,,Chan_Rtg,,,,,,,1,1,2245,0x08C5,,,,1,InstantCtl,Instant,0,0,Linear,Scalar
Chan017CtrOn001,1,17,1,,,Center/sub output assign on/off,2822,shn,2,,,,,,,,Chan_Rtg,,,,,,,1,1,2389,0x0955,,,,1,InstantCtl,Instant,0,0,Linear,Scalar
Chan018CtrOn001,1,18,1,,,Center/sub output assign on/off,2823,sho,2,,,,,,,,Chan_Rtg,,,,,,,1,1,2533,0x09E5,,,,1,InstantCtl,Instant,0,0,Linear,Scalar
Chan019CtrOn001,1,19,1,,,Center/sub output assign on/off,2824,shp,2,,,,,,,,Chan_Rtg,,,,,,,1,1,2677,0x0A75,,,,1,InstantCtl,Instant,0,0,Linear,Scalar
Chan020CtrOn001,1,20,1,,,Center/sub output assign on/off,2825,shq,2,,,,,,,,Chan_Rtg,,,,,,,1,1,2821,0x0B05,,,,1,InstantCtl,Instant,0,0,Linear,Scalar
Chan021CtrOn001,1,21,1,,,Center/sub output assign on/off,2826,shr,2,,,,,,,,Chan_Rtg,,,,,,,1,1,2965,0x0B95,,,,1,InstantCtl,Instant,0,0,Linear,Scalar
Chan022CtrOn001,1,22,1,,,Center/sub output assign on/off,2827,shs,2,,,,,,,,Chan_Rtg,,,,,,,1,1,3109,0x0C25,,,,1,InstantCtl,Instant,0,0,Linear,Scalar
Chan023CtrOn001,1,23,1,,,Center/sub output assign on/off,2828,sht,2,,,,,,,,Chan_Rtg,,,,,,,1,1,3253,0x0CB5,,,,1,InstantCtl,Instant,0,0,Linear,Scalar
Chan024CtrOn001,1,24,1,,,Center/sub output assign on/off,2829,shu,2,,,,,,,,Chan_Rtg,,,,,,,1,1,3397,0x0D45,,,,1,InstantCtl,Instant,0,0,Linear,Scalar
Chan001Dca001,1,1,1,,,DCA group assignment (1-8 or off),2830,shv,9,,,,,,,,Chan_Rtg,,,,,,,,,,,,,,0,,,,,,
Chan002Dca001,1,2,1,,,DCA group assignment (1-8 or off),2831,shw,9,,,,,,,,Chan_Rtg,,,,,,,,,,,,,,0,,,,,,
Chan003Dca001,1,3,1,,,DCA group assignment (1-8 or off),2832,sih,9,,,,,,,,Chan_Rtg,,,,,,,,,,,,,,0,,,,,,
Chan004Dca001,1,4,1,,,DCA group assignment (1-8 or off),2833,sii,9,,,,,,,,Chan_Rtg,,,,,,,,,,,,,,0,,,,,,
Chan005Dca001,1,5,1,,,DCA group assignment (1-8 or off),2834,sij,9,,,,,,,,Chan_Rtg,,,,,,,,,,,,,,0,,,,,,
Chan006Dca001,1,6,1,,,DCA group assignment (1-8 or off),2835,sik,9,,,,,,,,Chan_Rtg,,,,,,,,,,,,,,0,,,,,,
Chan007Dca001,1,7,1,,,DCA group assignment (1-8 or off),2836,sil,9,,,,,,,,Chan_Rtg,,,,,,,,,,,,,,0,,,,,,
Chan008Dca001,1,8,1,,,DCA group assignment (1-8 or off),2837,sim,9,,,,,,,,Chan_Rtg,,,,,,,,,,,,,,0,,,,,,
Chan009Dca001,1,9,1,,,DCA group assignment (1-8 or off),2838,sin,9,,,,,,,,Chan_Rtg,,,,,,,,,,,,,,0,,,,,,
Chan010Dca001,1,10,1,,,DCA group assignment (1-8 or off),2839,sio,9,,,,,,,,Chan_Rtg,,,,,,,,,,,,,,0,,,,,,
Chan011Dca001,1,11,1,,,DCA group assignment (1-8 or off),2840,sip,9,,,,,,,,Chan_Rtg,,,,,,,,,,,,,,0,,,,,,
Chan012Dca001,1,12,1,,,DCA group assignment (1-8 or off),2841,siq,9,,,,,,,,Chan_Rtg,,,,,,,,,,,,,,0,,,,,,
Chan013Dca001,1,13,1,,,DCA group assignment (1-8 or off),2842,sir,9,,,,,,,,Chan_Rtg,,,,,,,,,,,,,,0,,,,,,
Chan014Dca001,1,14,1,,,DCA group assignment (1-8 or off),2843,sis,9,,,,,,,,Chan_Rtg,,,,,,,,,,,,,,0,,,,,,
Chan015Dca001,1,15,1,,,DCA group assignment (1-8 or off),2844,sit,9,,,,,,,,Chan_Rtg,,,,,,,,,,,,,,0,,,,,,
Chan016Dca001,1,16,1,,,DCA group assignment (1-8 or off),2845,siu,9,,,,,,,,Chan_Rtg,,,,,,,,,,,,,,0,,,,,,
Chan017Dca001,1,17,1,,,DCA group assignment (1-8 or off),2846,siv,9,,,,,,,,Chan_Rtg,,,,,,,,,,,,,,0,,,,,,
Chan018Dca001,1,18,1,,,DCA group assignment (1-8 or off),2847,siw,9,,,,,,,,Chan_Rtg,,,,,,,,,,,,,,0,,,,,,
Chan019Dca001,1,19,1,,,DCA group assignment (1-8 or off),2848,sjh,9,,,,,,,,Chan_Rtg,,,,,,,,,,,,,,0,,,,,,
Chan020Dca001,1,20,1,,,DCA group assignment (1-8 or off),2849,sji,9,,,,,,,,Chan_Rtg,,,,,,,,,,,,,,0,,,,,,
Chan021Dca001,1,21,1,,,DCA group assignment (1-8 or off),2850,sjj,9,,,,,,,,Chan_Rtg,,,,,,,,,,,,,,0,,,,,,
Chan022Dca001,1,22,1,,,DCA group assignment (1-8 or off),2851,sjk,9,,,,,,,,Chan_Rtg,,,,,,,,,,,,,,0,,,,,,
Chan023Dca001,1,23,1,,,DCA group assignment (1-8 or off),2852,sjl,9,,,,,,,,Chan_Rtg,,,,,,,,,,,,,,0,,,,,,
Chan024Dca001,1,24,1,,,DCA group assignment (1-8 or off),2853,sjm,9,,,,,,,,Chan_Rtg,,,,,,,,,,,,,,0,,,,,,
Chan001DcaOn001,1,1,1,,,DCA follow on/off (assignment kept while off),2854,sjn,2,,,,,,,,Chan_Rtg,,,,,,,,,,,,,,0,,,,,,
Chan002DcaOn001,1,2,1,,,DCA follow on/off (assignment kept while off),2855,sjo,2,,,,,,,,Chan_Rtg,,,,,,,,,,,,,,0,,,,,,
Chan003DcaOn001,1,3,1,,,DCA follow on/off (assignment kept while off),2856,sjp,2,,,,,,,,Chan_Rtg,,,,,,,,,,,,,,0,,,,,,
Chan004DcaOn001,1,4,1,,,DCA follow on/off (assignment kept while off),2857,sjq,2,,,,,,,,Chan_Rtg,,,,,,,,,,,,,,0,,,,,,
Chan005DcaOn001,1,5,1,,,DCA follow on/off (assignment kept while off),2858,sjr,2,,,,,,,,Chan_Rtg,,,,,,,,,,,,,,0,,,,,,
Chan006DcaOn001,1,6,1,,,DCA follow on/off (assignment kept while off),2859,sjs,2,,,,,,,,Chan_Rtg,,,,,,,,,,,,,,0,,,,,,
Chan007DcaOn001,1,7,1,,,DCA follow on/off (assignment kept while off),2860,sjt,2,,,,,,,,Chan_Rtg,,,,,,,,,,,,,,0,,,,,,
Chan008DcaOn001,1,8,1,,,DCA follow on/off (assignment kept while off),2861,sju,2,,,,,,,,Chan_Rtg,,,,,,,,,,,,,,0,,,,,,
Chan009DcaOn001,1,9,1,,,DCA follow on/off (assignment kept while off),2862,sjv,2,,,,,,,,Chan_Rtg,,,,,,,,,,,,,,0,,,,,,
Chan010DcaOn001,1,10,1,,,DCA follow on/off (assignment kept while off),2863,sjw,2,,,,,,,,Chan_Rtg,,,,,,,,,,,,,,0,,,,,,
Chan011DcaOn001,1,11,1,,,DCA follow on/off (assignment kept while off),2864,skh,2,,,,,,,,Chan_Rtg,,,,,,,,,,,,,,0,,,,,,
Chan012DcaOn001,1,12,1,,,DCA follow on/off (assignment kept while off),2865,ski,2,,,,,,,,Chan_Rtg,,,,,,,,,,,,,,0,,,,,,
Chan013DcaOn001,1,13,1,,,DCA follow on/off (assignment kept while off),2866,skj,2,,,,,,,,Chan_Rtg,,,,,,,,,,,,,,0,,,,,,
Chan014DcaOn001,1,14,1,,,DCA follow on/off (assignment kept while off),2867,skk,2,,,,,,,,Chan_Rtg,,,,,,,,,,,,,,0,,,,,,
Chan015DcaOn001,1,15,1,,,DCA follow on/off (assignment kept while off),2868,skl,2,,,,,,,,Chan_Rtg,,,,,,,,,,,,,,0,,,,,,
Chan016DcaOn001,1,16,1,,,DCA follow on/off (assignment kept while off),2869,skm,2,,,,,,,,Chan_Rtg,,,,,,,,,,,,,,0,,,,,,
Chan017DcaOn001,1,17,1,,,DCA follow on/off (assignment kept while off),2870,skn,2,,,,,,,,Chan_Rtg,,,,,,,,,,,,,,0,,,,,,
Chan018DcaOn001,1,18,1,,,DCA follow on/off (assignment kept while off),2871,sko,2,,,,,,,,Chan_Rtg,,,,,,,,,,,,,,0,,,,,,
Chan019DcaOn001,1,19,1,,,DCA follow on/off (assignment kept while off),2872,skp,2,,,,,,,,Chan_Rtg,,,,,,,,,,,,,,0,,,,,,
Chan020DcaOn001,1,20,1,,,DCA follow on/off (assignment kept while off),2873,skq,2,,,,,,,,Chan_Rtg,,,,,,,,,,,,,,0,,,,,,
Chan021DcaOn001,1,21,1,,,DCA follow on/off (assignment kept while off),2874,skr,2,,,,,,,,Chan_Rtg,,,,,,,,,,,,,,0,,,,,,
Chan022DcaOn001,1,22,1,,,DCA follow on/off (assignment kept while off),2875,sks,2,,,,,,,,Chan_Rtg,,,,,,,,,,,,,,0,,,,,,
Chan023DcaOn001,1,23,1,,,DCA follow on/off (assignment kept while off),2876,skt,2,,,,,,,,Chan_Rtg,,,,,,,,,,,,,,0,,,,,,
Chan024DcaOn001,1,24,1,,,DCA follow on/off (assignment kept while off),2877,sku,2,,,,,,,,Chan_Rtg,,,,,,,,,,,,,,0,,,,,,
Chan001FxOn001,1,1,1,,,FX send on/off per FX bus,2878,skv,1,,,,,,,,Chan_Rtg,,,,,,,1,1,126,0x007E,,,,1,InstantCtl,Instant,0,0,Linear,Scalar
Chan001FxOn002,1,1,2,,,FX send on/off per FX bus,2879,skw,1,,,,,,,,Chan_Rtg,,,,,,,1,1,127,0x007F,,,,1,InstantCtl,Instant,0,0,Linear,Scalar
Chan001FxOn003,1,1,3,,,FX send on/off per FX bus,2880,slh,1,,,,,,,,Chan_Rtg,,,,,,,1,1,128,0x0080,,,,1,InstantCtl,Instant,0,0,Linear,Scalar
Chan001FxOn004,1,1,4,,,FX send on/off per FX bus,2881,sli,1,,,,,,,,Chan_Rtg,,,,,,,1,1,129,0x0081,,,,1,InstantCtl,Instant,0,0,Linear,Scalar
Chan001FxOn005,1,1,5,,,FX send on/off per FX bus,2882,slj,1,,,,,,,,Chan_Rtg,,,,,,,1,1,130,0x0082,,,,1,InstantCtl,Instant,0,0,Linear,Scalar
Chan001FxOn006,1,1,6,,,FX send on/off per FX bus,2883,slk,1,,,,,,,,Chan_Rtg,,,,,,,1,1,131,0x0083,,,,1,InstantCtl,Instant,0,0,Linear,Scalar
Chan002FxOn001,1,2,1,,,FX send on/off per FX bus,2884,sll,1,,,,,,,,Chan_Rtg,,,,,,,1,1,270,0x010E,,,,1,InstantCtl,Instant,0,0,Linear,Scalar
Chan002FxOn002,1,2,2,,,FX send on/off per FX bus,2885,slm,1,,,,,,,,Chan_Rtg,,,,,,,1,1,271,0x010F,,,,1,InstantCtl,Instant,0,0,Linear,Scalar
Chan002FxOn003,1,2,3,,,FX send on/off per FX bus,2886,sln,1,,,,,,,,Chan_Rtg,,,,,,,1,1,272,0x0110,,,,1,InstantCtl,Instant,0,0,Linear,Scalar
Chan002FxOn004,1,2,4,,,FX send on/off per FX bus,2887,slo,1,,,,,,,,Chan_Rtg,,,,,,,1,1,273,0x0111,,,,1,InstantCtl,Instant,0,0,Linear,Scalar
Chan002FxOn005,1,2,5,,,FX send on/off per FX bus,2888,slp,1,,,,,,,,Chan_Rtg,,,,,,,1,1,274,0x0112,,,,1,InstantCtl,Instant,0,0,Linear,Scalar
Chan002FxOn006,1,2,6,,,FX send on/off per FX bus,2889,slq,1,,,,,,,,Chan_Rtg,,,,,,,1,1,275,0x0113,,,,1,InstantCtl,Instant,0,0,Linear,Scalar
Chan003FxOn001,1,3,1,,,FX send on/off per FX bus,2890,slr,1,,,,,,,,Chan_Rtg,,,,,,,1,1,414,0x019E,,,,1,InstantCtl,Instant,0,0,Linear,Scalar
Chan003FxOn002,1,3,2,,,FX send on/off per FX bus,2891,sls,1,,,,,,,,Chan_Rtg,,,,,,,1,1,415,0x019F,,,,1,InstantCtl,Instant,0,0,Linear,Scalar
Chan003FxOn003,1,3,3,,,FX send on/off per FX bus,2892,slt,1,,,,,,,,Chan_Rtg,,,,,,,1,1,416,0x01A0,,,,1,InstantCtl,Instant,0,0,Linear,Scalar
Chan003FxOn004,1,3,4,,,FX send on/off per FX bus,2893,slu,1,,,,,,,,Chan_Rtg,,,,,,,1,1,417,0x01A1,,,,1,InstantCtl,Instant,0,0,Linear,Scalar
Chan003FxOn005,1,3,5,,,FX send on/off per FX bus,2894,slv,1,,,,,,,,Chan_Rtg,,,,,,,1,1,418,0x01A2,,,,1,InstantCtl,Instant,0,0,Linear,Scalar
Chan003FxOn006,1,3,6,,,FX send on/off per FX bus,2895,slw,1,,,,,,,,Chan_Rtg,,,,,,,1,1,419,0x01A3,,,,1,InstantCtl,Instant,0,0,Linear,Scalar
Chan004FxOn001,1,4,1,,,FX send on/off per FX bus,2896,smh,1,,,,,,,,Chan_Rtg,,,,,,,1,1,558,0x022E,,,,1,InstantCtl,Instant,0,0,Linear,Scalar
Chan004FxOn002,1,4,2,,,FX send on/off per FX bus,2897,smi,1,,,,,,,,Chan_Rtg,,,,,,,1,1,559,0x022F,,,,1,InstantCtl,Instant,0,0,Linear,Scalar
Chan004FxOn003,1,4,3,,,FX send on/off per FX bus,2898,smj,1,,,,,,,,Chan_Rtg,,,,,,,1,1,560,0x0230,,,,1,InstantCtl,Instant,0,0,Linear,Scalar
Chan004FxOn004,1,4,4,,,FX send on/off per FX bus,2899,smk,1,,,,,,,,Chan_Rtg,,,,,,,1,1,561,0x0231,,,,1,InstantCtl,Instant,0,0,Linear,Scalar
Chan004FxOn005,1,4,5,,,FX send on/off per FX bus,2900,sml,1,,,,,,,,Chan_Rtg,,,,,,,1,1,562,0x0232,,,,1,InstantCtl,Instant,0,0,Linear,Scalar
Chan004FxOn006,1,4,6,,,FX send on/off per FX bus,2901,smm,1,,,,,,,,Chan_Rtg,,,,,,,1,1,563,0x0233,,,,1,InstantCtl,Instant,0,0,Linear,Scalar
Chan005FxOn001,1,5,1,,,FX send on/off per FX bus,2902,smn,1,,,,,,,,Chan_Rtg,,,,,,,1,1,702,0x02BE,,,,1,InstantCtl,Instant,0,0,Linear,Scalar
Chan005FxOn002,1,5,2,,,FX send on/off per FX bus,2903,smo,1,,,,,,,,Chan_Rtg,,,,,,,1,1,703,0x02BF,,,,1,InstantCtl,Instant,0,0,Linear,Scalar
Chan005FxOn003,1,5,3,,,FX send on/off per FX bus,2904,smp,1,,,,,,,,Chan_Rtg,,,,,,,1,1,704,0x02C0,,,,1,InstantCtl,Instant,0,0,Linear,Scalar
Chan005FxOn004,1,5,4,,,FX send on/off per FX bus,2905,smq,1,,,,,,,,Chan_Rtg,,,,,,,1,1,705,0x02C1,,,,1,InstantCtl,Instant,0,0,Linear,Scalar
Chan005FxOn005,1,5,5,,,FX send on/off per FX bus,2906,smr,1,,,,,,,,Chan_Rtg,,,,,,,1,1,706,0x02C2,,,,1,InstantCtl,Instant,0,0,Linear,Scalar
Chan005FxOn006,1,5,6,,,FX send on/off per FX bus,2907,sms,1,,,,,,,,Chan_Rtg,,,,,,,1,1,707,0x02C3,,,,1,InstantCtl,Instant,0,0,Linear,Scalar
Chan006FxOn001,1,6,1,,,FX send on/off per FX bus,2908,smt,1,,,,,,,,Chan_Rtg,,,,,,,1,1,846,0x034E,,,,1,InstantCtl,Instant,0,0,Linear,Scalar
Chan006FxOn002,1,6,2,,,FX send on/off per FX bus,2909,smu,1,,,,,,,,Chan_Rtg,,,,,,,1,1,847,0x034F,,,,1,InstantCtl,Instant,0,0,Linear,Scalar
Chan006FxOn003,1,6,3,,,FX send on/off per FX bus,2910,smv,1,,,,,,,,Chan_Rtg,,,,,,,1,1,848,0x0350,,,,1,InstantCtl,Instant,0,0,Linear,Scalar
Chan006FxOn004,1,6,4,,,FX send on/off per FX bus,2911,smw,1,,,,,,,,Chan_Rtg,,,,,,,1,1,849,0x0351,,,,1,InstantCtl,Instant,0,0,Linear,Scalar
Chan006FxOn005,1,6,5,,,FX send on/off per FX bus,2912,snh,1,,,,,,,,Chan_Rtg,,,,,,,1,1,850,0x0352,,,,1,InstantCtl,Instant,0,0,Linear,Scalar
Chan006FxOn006,1,6,6,,,FX send on/off per FX bus,2913,sni,1,,,,,,,,Chan_Rtg,,,,,,,1,1,851,0x0353,,,,1,InstantCtl,Instant,0,0,Linear,Scalar
Chan007FxOn001,1,7,1,,,FX send on/off per FX bus,2914,snj,1,,,,,,,,Chan_Rtg,,,,,,,1,1,990,0x03DE,,,,1,InstantCtl,Instant,0,0,Linear,Scalar
Chan007FxOn002,1,7,2,,,FX send on/off per FX bus,2915,snk,1,,,,,,,,Chan_Rtg,,,,,,,1,1,991,0x03DF,,,,1,InstantCtl,Instant,0,0,Linear,Scalar
Chan007FxOn003,1,7,3,,,FX send on/off per FX bus,2916,snl,1,,,,,,,,Chan_Rtg,,,,,,,1,1,992,0x03E0,,,,1,InstantCtl,Instant,0,0,Linear,Scalar
Chan007FxOn004,1,7,4,,,FX send on/off per FX bus,2917,snm,1,,,,,,,,Chan_Rtg,,,,,,,1,1,993,0x03E1,,,,1,InstantCtl,Instant,0,0,Linear,Scalar
Chan007FxOn005,1,7,5,,,FX send on/off per FX bus,2918,snn,1,,,,,,,,Chan_Rtg,,,,,,,1,1,994,0x03E2,,,,1,InstantCtl,Instant,0,0,Linear,Scalar
Chan007FxOn006,1,7,6,,,FX send on/off per FX bus,2919,sno,1,,,,,,,,Chan_Rtg,,,,,,,1,1,995,0x03E3,,,,1,InstantCtl,Instant,0,0,Linear,Scalar
Chan008FxOn001,1,8,1,,,FX send on/off per FX bus,2920,snp,1,,,,,,,,Chan_Rtg,,,,,,,1,1,1134,0x046E,,,,1,InstantCtl,Instant,0,0,Linear,Scalar
Chan008FxOn002,1,8,2,,,FX send on/off per FX bus,2921,snq,1,,,,,,,,Chan_Rtg,,,,,,,1,1,1135,0x046F,,,,1,InstantCtl,Instant,0,0,Linear,Scalar
Chan008FxOn003,1,8,3,,,FX send on/off per FX bus,2922,snr,1,,,,,,,,Chan_Rtg,,,,,,,1,1,1136,0x0470,,,,1,InstantCtl,Instant,0,0,Linear,Scalar
Chan008FxOn004,1,8,4,,,FX send on/off per FX bus,2923,sns,1,,,,,,,,Chan_Rtg,,,,,,,1,1,1137,0x0471,,,,1,InstantCtl,Instant,0,0,Linear,Scalar
Chan008FxOn005,1,8,5,,,FX send on/off per FX bus,2924,snt,1,,,,,,,,Chan_Rtg,,,,,,,1,1,1138,0x0472,,,,1,InstantCtl,Instant,0,0,Linear,Scalar
Chan008FxOn006,1,8,6,,,FX send on/off per FX bus,2925,snu,1,,,,,,,,Chan_Rtg,,,,,,,1,1,1139,0x0473,,,,1,InstantCtl,Instant,0,0,Linear,Scalar
Chan009FxOn001,1,9,1,,,FX send on/off per FX bus,2926,snv,1,,,,,,,,Chan_Rtg,,,,,,,1,1,1278,0x04FE,,,,1,InstantCtl,Instant,0,0,Linear,Scalar
Chan009FxOn002,1,9,2,,,FX send on/off per FX bus,2927,snw,1,,,,,,,,Chan_Rtg,,,,,,,1,1,1279,0x04FF,,,,1,InstantCtl,Instant,0,0,Linear,Scalar
Chan009FxOn003,1,9,3,,,FX send on/off per FX bus,2928,soh,1,,,,,,,,Chan_Rtg,,,,,,,1,1,1280,0x0500,,,,1,InstantCtl,Instant,0,0,Linear,Scalar
Chan009FxOn004,1,9,4,,,FX send on/off per FX bus,2929,soi,1,,,,,,,,Chan_Rtg,,,,,,,1,1,1281,0x0501,,,,1,InstantCtl,Instant,0,0,Linear,Scalar
Chan009FxOn005,1,9,5,,,FX send on/off per FX bus,2930,soj,1,,,,,,,,Chan_Rtg,,,,,,,1,1,1282,0x0502,,,,1,InstantCtl,Instant,0,0,Linear,Scalar
Chan009FxOn006,1,9,6,,,FX send on/off per FX bus,2931,sok,1,,,,,,,,Chan_Rtg,,,,,,,1,1,1283,0x0503,,,,1,InstantCtl,Instant,0,0,Linear,Scalar
Chan010FxOn001,1,10,1,,,FX send on/off per FX bus,2932,sol,1,,,,,,,,Chan_Rtg,,,,,,,1,1,1422,0x058E,,,,1,InstantCtl,Instant,0,0,Linear,Scalar
Chan010FxOn002,1,10,2,,,FX send on/off per FX bus,2933,som,1,,,,,,,,Chan_Rtg,,,,,,,1,1,1423,0x058F,,,,1,InstantCtl,Instant,0,0,Linear,Scalar
Chan010FxOn003,1,10,3,,,FX send on/off per FX bus,2934,son,1,,,,,,,,Chan_Rtg,,,,,,,1,1,1424,0x0590,,,,1,InstantCtl,Instant,0,0,Linear,Scalar
Chan010FxOn004,1,10,4,,,FX send on/off per FX bus,2935,soo,1,,,,,,,,Chan_Rtg,,,,,,,1,1,1425,0x0591,,,,1,InstantCtl,Instant,0,0,Linear,Scalar
Chan010FxOn005,1,10,5,,,FX send on/off per FX bus,2936,sop,1,,,,,,,,Chan_Rtg,,,,,,,1,1,1426,0x0592,,,,1,InstantCtl,Instant,0,0,Linear,Scalar
Chan010FxOn006,1,10,6,,,FX send on/off per FX bus,2937,soq,1,,,,,,,,Chan_Rtg,,,,,,,1,1,1427,0x0593,,,,1,InstantCtl,Instant,0,0,Linear,Scalar
Chan011FxOn001,1,11,1,,,FX send on/off per FX bus,2938,sor,1,,,,,,,,Chan_Rtg,,,,,,,1,1,1566,0x061E,,,,1,InstantCtl,Instant,0,0,Linear,Scalar
Chan011FxOn002,1,11,2,,,FX send on/off per FX bus,2939,sos,1,,,,,,,,Chan_Rtg,,,,,,,1,1,1567,0x061F,,,,1,InstantCtl,Instant,0,0,Linear,Scalar
Chan011FxOn003,1,11,3,,,FX send on/off per FX bus,2940,sot,1,,,,,,,,Chan_Rtg,,,,,,,1,1,1568,0x0620,,,,1,InstantCtl,Instant,0,0,Linear,Scalar
Chan011FxOn004,1,11,4,,,FX send on/off per FX bus,2941,sou,1,,,,,,,,Chan_Rtg,,,,,,,1,1,1569,0x0621,,,,1,InstantCtl,Instant,0,0,Linear,Scalar
Chan011FxOn005,1,11,5,,,FX send on/off per FX bus,2942,sov,1,,,,,,,,Chan_Rtg,,,,,,,1,1,1570,0x0622,,,,1,InstantCtl,Instant,0,0,Linear,Scalar
Chan011FxOn006,1,11,6,,,FX send on/off per FX bus,2943,sow,1,,,,,,,,Chan_Rtg,,,,,,,1,1,1571,0x0623,,,,1,InstantCtl,Instant,0,0,Linear,Scalar
Chan012FxOn001,1,12,1,,,FX send on/off per FX bus,2944,sph,1,,,,,,,,Chan_Rtg,,,,,,,1,1,1710,0x06AE,,,,1,InstantCtl,Instant,0,0,Linear,Scalar
Chan012FxOn002,1,12,2,,,FX send on/off per FX bus,2945,spi,1,,,,,,,,Chan_Rtg,,,,,,,1,1,1711,0x06AF,,,,1,InstantCtl,Instant,0,0,Linear,Scalar
Chan012FxOn003,1,12,3,,,FX send on/off per FX bus,2946,spj,1,,,,,,,,Chan_Rtg,,,,,,,1,1,1712,0x06B0,,,,1,InstantCtl,Instant,0,0,Linear,Scalar
Chan012FxOn004,1,12,4,,,FX send on/off per FX bus,2947,spk,1,,,,,,,,Chan_Rtg,,,,,,,1,1,1713,0x06B1,,,,1,InstantCtl,Instant,0,0,Linear,Scalar
Chan012FxOn005,1,12,5,,,FX send on/off per FX bus,2948,spl,1,,,,,,,,Chan_Rtg,,,,,,,1,1,1714,0x06B2,,,,1,InstantCtl,Instant,0,0,Linear,Scalar
Chan012FxOn006,1,12,6,,,FX send on/off per FX bus,2949,spm,1,,,,,,,,Chan_Rtg,,,,,,,1,1,1715,0x06B3,,,,1,InstantCtl,Instant,0,0,Linear,Scalar
Chan013FxOn001,1,13,1,,,FX send on/off per FX bus,2950,spn,1,,,,,,,,Chan_Rtg,,,,,,,1,1,1854,0x073E,,,,1,InstantCtl,Instant,0,0,Linear,Scalar
Chan013FxOn002,1,13,2,,,FX send on/off per FX bus,2951,spo,1,,,,,,,,Chan_Rtg,,,,,,,1,1,1855,0x073F,,,,1,InstantCtl,Instant,0,0,Linear,Scalar
Chan013FxOn003,1,13,3,,,FX send on/off per FX bus,2952,spp,1,,,,,,,,Chan_Rtg,,,,,,,1,1,1856,0x0740,,,,1,InstantCtl,Instant,0,0,Linear,Scalar
Chan013FxOn004,1,13,4,,,FX send on/off per FX bus,2953,spq,1,,,,,,,,Chan_Rtg,,,,,,,1,1,1857,0x0741,,,,1,InstantCtl,Instant,0,0,Linear,Scalar
Chan013FxOn005,1,13,5,,,FX send on/off per FX bus,2954,spr,1,,,,,,,,Chan_Rtg,,,,,,,1,1,1858,0x0742,,,,1,InstantCtl,Instant,0,0,Linear,Scalar
Chan013FxOn006,1,13,6,,,FX send on/off per FX bus,2955,sps,1,,,,,,,,Chan_Rtg,,,,,,,1,1,1859,0x0743,,,,1,InstantCtl,Instant,0,0,Linear,Scalar
Chan014FxOn001,1,14,1,,,FX send on/off per FX bus,2956,spt,1,,,,,,,,Chan_Rtg,,,,,,,1,1,1998,0x07CE,,,,1,InstantCtl,Instant,0,0,Linear,Scalar
Chan014FxOn002,1,14,2,,,FX send on/off per FX bus,2957,spu,1,,,,,,,,Chan_Rtg,,,,,,,1,1,1999,0x07CF,,,,1,InstantCtl,Instant,0,0,Linear,Scalar
Chan014FxOn003,1,14,3,,,FX send on/off per FX bus,2958,spv,1,,,,,,,,Chan_Rtg,,,,,,,1,1,2000,0x07D0,,,,1,InstantCtl,Instant,0,0,Linear,Scalar
Chan014FxOn004,1,14,4,,,FX send on/off per FX bus,2959,spw,1,,,,,,,,Chan_Rtg,,,,,,,1,1,2001,0x07D1,,,,1,InstantCtl,Instant,0,0,Linear,Scalar
Chan014FxOn005,1,14,5,,,FX send on/off per FX bus,2960,sqh,1,,,,,,,,Chan_Rtg,,,,,,,1,1,2002,0x07D2,,,,1,InstantCtl,Instant,0,0,Linear,Scalar
Chan014FxOn006,1,14,6,,,FX send on/off per FX bus,2961,sqi,1,,,,,,,,Chan_Rtg,,,,,,,1,1,2003,0x07D3,,,,1,InstantCtl,Instant,0,0,Linear,Scalar
Chan015FxOn001,1,15,1,,,FX send on/off per FX bus,2962,sqj,1,,,,,,,,Chan_Rtg,,,,,,,1,1,2142,0x085E,,,,1,InstantCtl,Instant,0,0,Linear,Scalar
Chan015FxOn002,1,15,2,,,FX send on/off per FX bus,2963,sqk,1,,,,,,,,Chan_Rtg,,,,,,,1,1,2143,0x085F,,,,1,InstantCtl,Instant,0,0,Linear,Scalar
Chan015FxOn003,1,15,3,,,FX send on/off per FX bus,2964,sql,1,,,,,,,,Chan_Rtg,,,,,,,1,1,2144,0x0860,,,,1,InstantCtl,Instant,0,0,Linear,Scalar
Chan015FxOn004,1,15,4,,,FX send on/off per FX bus,2965,sqm,1,,,,,,,,Chan_Rtg,,,,,,,1,1,2145,0x0861,,,,1,InstantCtl,Instant,0,0,Linear,Scalar
Chan015FxOn005,1,15,5,,,FX send on/off per FX bus,2966,sqn,1,,,,,,,,Chan_Rtg,,,,,,,1,1,2146,0x0862,,,,1,InstantCtl,Instant,0,0,Linear,Scalar
Chan015FxOn006,1,15,6,,,FX send on/off per FX bus,2967,sqo,1,,,,,,,,Chan_Rtg,,,,,,,1,1,2147,0x0863,,,,1,InstantCtl,Instant,0,0,Linear,Scalar
Chan016FxOn001,1,16,1,,,FX send on/off per FX bus,2968,sqp,1,,,,,,,,Chan_Rtg,,,,,,,1,1,2286,0x08EE,,,,1,InstantCtl,Instant,0,0,Linear,Scalar
Chan016FxOn002,1,16,2,,,FX send on/off per FX bus,2969,sqq,1,,,,,,,,Chan_Rtg,,,,,,,1,1,2287,0x08EF,,,,1,InstantCtl,Instant,0,0,Linear,Scalar
Chan016FxOn003,1,16,3,,,FX send on/off per FX bus,2970,sqr,1,,,,,,,,Chan_Rtg,,,,,,,1,1,2288,0x08F0,,,,1,InstantCtl,Instant,0,0,Linear,Scalar
Chan016FxOn004,1,16,4,,,FX send on/off per FX bus,2971,sqs,1,,,,,,,,Chan_Rtg,,,,,,,1,1,2289,0x08F1,,,,1,InstantCtl,Instant,0,0,Linear,Scalar
Chan016FxOn005,1,16,5,,,FX send on/off per FX bus,2972,sqt,1,,,,,,,,Chan_Rtg,,,,,,,1,1,2290,0x08F2,,,,1,InstantCtl,Instant,0,0,Linear,Scalar
Chan016FxOn006,1,16,6,,,FX send on/off per FX bus,2973,squ,1,,,,,,,,Chan_Rtg,,,,,,,1,1,2291,0x08F3,,,,1,InstantCtl,Instant,0,0,Linear,Scalar
Chan017FxOn001,1,17,1,,,FX send on/off per FX bus,2974,sqv,1,,,,,,,,Chan_Rtg,,,,,,,1,1,2430,0x097E,,,,1,InstantCtl,Instant,0,0,Linear,Scalar
Chan017FxOn002,1,17,2,,,FX send on/off per FX bus,2975,sqw,1,,,,,,,,Chan_Rtg,,,,,,,1,1,2431,0x097F,,,,1,InstantCtl,Instant,0,0,Linear,Scalar
Chan017FxOn003,1,17,3,,,FX send on/off per FX bus,2976,srh,1,,,,,,,,Chan_Rtg,,,,,,,1,1,2432,0x0980,,,,1,InstantCtl,Instant,0,0,Linear,Scalar
Chan017FxOn004,1,17,4,,,FX send on/off per FX bus,2977,sri,1,,,,,,,,Chan_Rtg,,,,,,,1,1,2433,0x0981,,,,1,InstantCtl,Instant,0,0,Linear,Scalar
Chan017FxOn005,1,17,5,,,FX send on/off per FX bus,2978,srj,1,,,,,,,,Chan_Rtg,,,,,,,1,1,2434,0x0982,,,,1,InstantCtl,Instant,0,0,Linear,Scalar
Chan017FxOn006,1,17,6,,,FX send on/off per FX bus,2979,srk,1,,,,,,,,Chan_Rtg,,,,,,,1,1,2435,0x0983,,,,1,InstantCtl,Instant,0,0,Linear,Scalar
Chan018FxOn001,1,18,1,,,FX send on/off per FX bus,2980,srl,1,,,,,,,,Chan_Rtg,,,,,,,1,1,2574,0x0A0E,,,,1,InstantCtl,Instant,0,0,Linear,Scalar
Chan018FxOn002,1,18,2,,,FX send on/off per FX bus,2981,srm,1,,,,,,,,Chan_Rtg,,,,,,,1,1,2575,0x0A0F,,,,1,InstantCtl,Instant,0,0,Linear,Scalar
Chan018FxOn003,1,18,3,,,FX send on/off per FX bus,2982,srn,1,,,,,,,,Chan_Rtg,,,,,,,1,1,2576,0x0A10,,,,1,InstantCtl,Instant,0,0,Linear,Scalar
Chan018FxOn004,1,18,4,,,FX send on/off per FX bus,2983,sro,1,,,,,,,,Chan_Rtg,,,,,,,1,1,2577,0x0A11,,,,1,InstantCtl,Instant,0,0,Linear,Scalar
Chan018FxOn005,1,18,5,,,FX send on/off per FX bus,2984,srp,1,,,,,,,,Chan_Rtg,,,,,,,1,1,2578,0x0A12,,,,1,InstantCtl,Instant,0,0,Linear,Scalar
Chan018FxOn006,1,18,6,,,FX send on/off per FX bus,2985,srq,1,,,,,,,,Chan_Rtg,,,,,,,1,1,2579,0x0A13,,,,1,InstantCtl,Instant,0,0,Linear,Scalar
Chan019FxOn001,1,19,1,,,FX send on/off per FX bus,2986,srr,1,,,,,,,,Chan_Rtg,,,,,,,1,1,2718,0x0A9E,,,,1,InstantCtl,Instant,0,0,Linear,Scalar
Chan019FxOn002,1,19,2,,,FX send on/off per FX bus,2987,srs,1,,,,,,,,Chan_Rtg,,,,,,,1,1,2719,0x0A9F,,,,1,InstantCtl,Instant,0,0,Linear,Scalar
Chan019FxOn003,1,19,3,,,FX send on/off per FX bus,2988,srt,1,,,,,,,,Chan_Rtg,,,,,,,1,1,2720,0x0AA0,,,,1,InstantCtl,Instant,0,0,Linear,Scalar
Chan019FxOn004,1,19,4,,,FX send on/off per FX bus,2989,sru,1,,,,,,,,Chan_Rtg,,,,,,,1,1,2721,0x0AA1,,,,1,InstantCtl,Instant,0,0,Linear,Scalar
Chan019FxOn005,1,19,5,,,FX send on/off per FX bus,2990,srv,1,,,,,,,,Chan_Rtg,,,,,,,1,1,2722,0x0AA2,,,,1,InstantCtl,Instant,0,0,Linear,Scalar
Chan019FxOn006,1,19,6,,,FX send on/off per FX bus,2991,srw,1,,,,,,,,Chan_Rtg,,,,,,,1,1,2723,0x0AA3,,,,1,InstantCtl,Instant,0,0,Linear,Scalar
Chan020FxOn001,1,20,1,,,FX send on/off per FX bus,2992,ssh,1,,,,,,,,Chan_Rtg,,,,,,,1,1,2862,0x0B2E,,,,1,InstantCtl,Instant,0,0,Linear,Scalar
Chan020FxOn002,1,20,2,,,FX send on/off per FX bus,2993,ssi,1,,,,,,,,Chan_Rtg,,,,,,,1,1,2863,0x0B2F,,,,1,InstantCtl,Instant,0,0,Linear,Scalar
Chan020FxOn003,1,20,3,,,FX send on/off per FX bus,2994,ssj,1,,,,,,,,Chan_Rtg,,,,,,,1,1,2864,0x0B30,,,,1,InstantCtl,Instant,0,0,Linear,Scalar
Chan020FxOn004,1,20,4,,,FX send on/off per FX bus,2995,ssk,1,,,,,,,,Chan_Rtg,,,,,,,1,1,2865,0x0B31,,,,1,InstantCtl,Instant,0,0,Linear,Scalar
Chan020FxOn005,1,20,5,,,FX send on/off per FX bus,2996,ssl,1,,,,,,,,Chan_Rtg,,,,,,,1,1,2866,0x0B32,,,,1,InstantCtl,Instant,0,0,Linear,Scalar
Chan020FxOn006,1,20,6,,,FX send on/off per FX bus,2997,ssm,1,,,,,,,,Chan_Rtg,,,,,,,1,1,2867,0x0B33,,,,1,InstantCtl,Instant,0,0,Linear,Scalar
Chan021FxOn001,1,21,1,,,FX send on/off per FX bus,2998,ssn,1,,,,,,,,Chan_Rtg,,,,,,,1,1,3006,0x0BBE,,,,1,InstantCtl,Instant,0,0,Linear,Scalar
Chan021FxOn002,1,21,2,,,FX send on/off per FX bus,2999,sso,1,,,,,,,,Chan_Rtg,,,,,,,1,1,3007,0x0BBF,,,,1,InstantCtl,Instant,0,0,Linear,Scalar
Chan021FxOn003,1,21,3,,,FX send on/off per FX bus,3000,ssp,1,,,,,,,,Chan_Rtg,,,,,,,1,1,3008,0x0BC0,,,,1,InstantCtl,Instant,0,0,Linear,Scalar
Chan021FxOn004,1,21,4,,,FX send on/off per FX bus,3001,ssq,1,,,,,,,,Chan_Rtg,,,,,,,1,1,3009,0x0BC1,,,,1,InstantCtl,Instant,0,0,Linear,Scalar
Chan021FxOn005,1,21,5,,,FX send on/off per FX bus,3002,ssr,1,,,,,,,,Chan_Rtg,,,,,,,1,1,3010,0x0BC2,,,,1,InstantCtl,Instant,0,0,Linear,Scalar
Chan021FxOn006,1,21,6,,,FX send on/off per FX bus,3003,sss,1,,,,,,,,Chan_Rtg,,,,,,,1,1,3011,0x0BC3,,,,1,InstantCtl,Instant,0,0,Linear,Scalar
Chan022FxOn001,1,22,1,,,FX send on/off per FX bus,3004,sst,1,,,,,,,,Chan_Rtg,,,,,,,1,1,3150,0x0C4E,,,,1,InstantCtl,Instant,0,0,Linear,Scalar
Chan022FxOn002,1,22,2,,,FX send on/off per FX bus,3005,ssu,1,,,,,,,,Chan_Rtg,,,,,,,1,1,3151,0x0C4F,,,,1,InstantCtl,Instant,0,0,Linear,Scalar
Chan022FxOn003,1,22,3,,,FX send on/off per FX bus,3006,ssv,1,,,,,,,,Chan_Rtg,,,,,,,1,1,3152,0x0C50,,,,1,InstantCtl,Instant,0,0,Linear,Scalar
Chan022FxOn004,1,22,4,,,FX send on/off per FX bus,3007,ssw,1,,,,,,,,Chan_Rtg,,,,,,,1,1,3153,0x0C51,,,,1,InstantCtl,Instant,0,0,Linear,Scalar
Chan022FxOn005,1,22,5,,,FX send on/off per FX bus,3008,sth,1,,,,,,,,Chan_Rtg,,,,,,,1,1,3154,0x0C52,,,,1,InstantCtl,Instant,0,0,Linear,Scalar
Chan022FxOn006,1,22,6,,,FX send on/off per FX bus,3009,sti,1,,,,,,,,Chan_Rtg,,,,,,,1,1,3155,0x0C53,,,,1,InstantCtl,Instant,0,0,Linear,Scalar
Chan023FxOn001,1,23,1,,,FX send on/off per FX bus,3010,stj,1,,,,,,,,Chan_Rtg,,,,,,,1,1,3294,0x0CDE,,,,1,InstantCtl,Instant,0,0,Linear,Scalar
Chan023FxOn002,1,23,2,,,FX send on/off per FX bus,3011,stk,1,,,,,,,,Chan_Rtg,,,,,,,1,1,3295,0x0CDF,,,,1,InstantCtl,Instant,0,0,Linear,Scalar
Chan023FxOn003,1,23,3,,,FX send on/off per FX bus,3012,stl,1,,,,,,,,Chan_Rtg,,,,,,,1,1,3296,0x0CE0,,,,1,InstantCtl,Instant,0,0,Linear,Scalar
Chan023FxOn004,1,23,4,,,FX send on/off per FX bus,3013,stm,1,,,,,,,,Chan_Rtg,,,,,,,1,1,3297,0x0CE1,,,,1,InstantCtl,Instant,0,0,Linear,Scalar
Chan023FxOn005,1,23,5,,,FX send on/off per FX bus,3014,stn,1,,,,,,,,Chan_Rtg,,,,,,,1,1,3298,0x0CE2,,,,1,InstantCtl,Instant,0,0,Linear,Scalar
Chan023FxOn006,1,23,6,,,FX send on/off per FX bus,3015,sto,1,,,,,,,,Chan_Rtg,,,,,,,1,1,3299,0x0CE3,,,,1,InstantCtl,Instant,0,0,Linear,Scalar
Chan024FxOn001,1,24,1,,,FX send on/off per FX bus,3016,stp,1,,,,,,,,Chan_Rtg,,,,,,,1,1,3438,0x0D6E,,,,1,InstantCtl,Instant,0,0,Linear,Scalar
Chan024FxOn002,1,24,2,,,FX send on/off per FX bus,3017,stq,1,,,,,,,,Chan_Rtg,,,,,,,1,1,3439,0x0D6F,,,,1,InstantCtl,Instant,0,0,Linear,Scalar
Chan024FxOn003,1,24,3,,,FX send on/off per FX bus,3018,str,1,,,,,,,,Chan_Rtg,,,,,,,1,1,3440,0x0D70,,,,1,InstantCtl,Instant,0,0,Linear,Scalar
Chan024FxOn004,1,24,4,,,FX send on/off per FX bus,3019,sts,1,,,,,,,,Chan_Rtg,,,,,,,1,1,3441,0x0D71,,,,1,InstantCtl,Instant,0,0,Linear,Scalar
Chan024FxOn005,1,24,5,,,FX send on/off per FX bus,3020,stt,1,,,,,,,,Chan_Rtg,,,,,,,1,1,3442,0x0D72,,,,1,InstantCtl,Instant,0,0,Linear,Scalar
Chan024FxOn006,1,24,6,,,FX send on/off per FX bus,3021,stu,1,,,,,,,,Chan_Rtg,,,,,,,1,1,3443,0x0D73,,,,1,InstantCtl,Instant,0,0,Linear,Scalar
Chan001FxSend001,1,1,1,,,Per-channel send level to each FX bus,3022,stv,255,,,,,,,,Chan_Rtg,,dB:Off:-50@31:-30@63:-10@127:0,,,,,1,1,132,0x0084,,,,254,GainFast,Slew,3,8,Exp,Scalar
Chan001FxSend002,1,1,2,,,Per-channel send level to each FX bus,3023,stw,255,,,,,,,,Chan_Rtg,,dB:Off:-50@31:-30@63:-10@127:0,,,,,1,1,133,0x0085,,,,254,GainFast,Slew,3,8,Exp,Scalar
Chan001FxSend003,1,1,3,,,Per-channel send level to each FX bus,3024,suh,255,,,,,,,,Chan_Rtg,,dB:Off:-50@31:-30@63:-10@127:0,,,,,1,1,134,0x0086,,,,254,GainFast,Slew,3,8,Exp,Scalar
Chan001FxSend004,1,1,4,,,Per-channel send level to each FX bus,3025,sui,255,,,,,,,,Chan_Rtg,,dB:Off:-50@31:-30@63:-10@127:0,,,,,1,1,135,0x0087,,,,254,GainFast,Slew,3,8,Exp,Scalar
Chan001FxSend005,1,1,5,,,Per-channel send level to each FX bus,3026,suj,255,,,,,,,,Chan_Rtg,,dB:Off:-50@31:-30@63:-10@127:0,,,,,1,1,136,0x0088,,,,254,GainFast,Slew,3,8,Exp,Scalar
Chan001FxSend006,1,1,6,,,Per-channel send level to each FX bus,3027,suk,255,,,,,,,,Chan_Rtg,,dB:Off:-50@31:-30@63:-10@127:0,,,,,1,1,137,0x0089,,,,254,GainFast,Slew,3,8,Exp,Scalar
Chan002FxSend001,1,2,1,,,Per-channel send level to each FX bus,3028,sul,255,,,,,,,,Chan_Rtg,,dB:Off:-50@31:-30@63:-10@127:0,,,,,1,1,276,0x0114,,,,254,GainFast,Slew,3,8,Exp,Scalar
Chan002FxSend002,1,2,2,,,Per-channel send level to each FX bus,3029,sum,255,,,,,,,,Chan_Rtg,,dB:Off:-50@31:-30@63:-10@127:0,,,,,1,1,277,0x0115,,,,254,GainFast,Slew,3,8,Exp,Scalar
Chan002FxSend003,1,2,3,,,Per-channel send level to each FX bus,3030,sun,255,,,,,,,,Chan_Rtg,,dB:Off:-50@31:-30@63:-10@127:0,,,,,1,1,278,0x0116,,,,254,GainFast,Slew,3,8,Exp,Scalar
Chan002FxSend004,1,2,4,,,Per-channel send level to each FX bus,3031,suo,255,,,,,,,,Chan_Rtg,,dB:Off:-50@31:-30@63:-10@127:0,,,,,1,1,279,0x0117,,,,254,GainFast,Slew,3,8,Exp,Scalar
Chan002FxSend005,1,2,5,,,Per-channel send level to each FX bus,3032,sup,255,,,,,,,,Chan_Rtg,,dB:Off:-50@31:-30@63:-10@127:0,,,,,1,1,280,0x0118,,,,254,GainFast,Slew,3,8,Exp,Scalar
Chan002FxSend006,1,2,6,,,Per-channel send level to each FX bus,3033,suq,255,,,,,,,,Chan_Rtg,,dB:Off:-50@31:-30@63:-10@127:0,,,,,1,1,281,0x0119,,,,254,GainFast,Slew,3,8,Exp,Scalar
Chan003FxSend001,1,3,1,,,Per-channel send level to each FX bus,3034,sur,255,,,,,,,,Chan_Rtg,,dB:Off:-50@31:-30@63:-10@127:0,,,,,1,1,420,0x01A4,,,,254,GainFast,Slew,3,8,Exp,Scalar
Chan003FxSend002,1,3,2,,,Per-channel send level to each FX bus,3035,sus,255,,,,,,,,Chan_Rtg,,dB:Off:-50@31:-30@63:-10@127:0,,,,,1,1,421,0x01A5,,,,254,GainFast,Slew,3,8,Exp,Scalar
Chan003FxSend003,1,3,3,,,Per-channel send level to each FX bus,3036,sut,255,,,,,,,,Chan_Rtg,,dB:Off:-50@31:-30@63:-10@127:0,,,,,1,1,422,0x01A6,,,,254,GainFast,Slew,3,8,Exp,Scalar
Chan003FxSend004,1,3,4,,,Per-channel send level to each FX bus,3037,suu,255,,,,,,,,Chan_Rtg,,dB:Off:-50@31:-30@63:-10@127:0,,,,,1,1,423,0x01A7,,,,254,GainFast,Slew,3,8,Exp,Scalar
Chan003FxSend005,1,3,5,,,Per-channel send level to each FX bus,3038,suv,255,,,,,,,,Chan_Rtg,,dB:Off:-50@31:-30@63:-10@127:0,,,,,1,1,424,0x01A8,,,,254,GainFast,Slew,3,8,Exp,Scalar
Chan003FxSend006,1,3,6,,,Per-channel send level to each FX bus,3039,suw,255,,,,,,,,Chan_Rtg,,dB:Off:-50@31:-30@63:-10@127:0,,,,,1,1,425,0x01A9,,,,254,GainFast,Slew,3,8,Exp,Scalar
Chan004FxSend001,1,4,1,,,Per-channel send level to each FX bus,3040,svh,255,,,,,,,,Chan_Rtg,,dB:Off:-50@31:-30@63:-10@127:0,,,,,1,1,564,0x0234,,,,254,GainFast,Slew,3,8,Exp,Scalar
Chan004FxSend002,1,4,2,,,Per-channel send level to each FX bus,3041,svi,255,,,,,,,,Chan_Rtg,,dB:Off:-50@31:-30@63:-10@127:0,,,,,1,1,565,0x0235,,,,254,GainFast,Slew,3,8,Exp,Scalar
Chan004FxSend003,1,4,3,,,Per-channel send level to each FX bus,3042,svj,255,,,,,,,,Chan_Rtg,,dB:Off:-50@31:-30@63:-10@127:0,,,,,1,1,566,0x0236,,,,254,GainFast,Slew,3,8,Exp,Scalar
Chan004FxSend004,1,4,4,,,Per-channel send level to each FX bus,3043,svk,255,,,,,,,,Chan_Rtg,,dB:Off:-50@31:-30@63:-10@127:0,,,,,1,1,567,0x0237,,,,254,GainFast,Slew,3,8,Exp,Scalar
Chan004FxSend005,1,4,5,,,Per-channel send level to each FX bus,3044,svl,255,,,,,,,,Chan_Rtg,,dB:Off:-50@31:-30@63:-10@127:0,,,,,1,1,568,0x0238,,,,254,GainFast,Slew,3,8,Exp,Scalar
Chan004FxSend006,1,4,6,,,Per-channel send level to each FX bus,3045,svm,255,,,,,,,,Chan_Rtg,,dB:Off:-50@31:-30@63:-10@127:0,,,,,1,1,569,0x0239,,,,254,GainFast,Slew,3,8,Exp,Scalar
Chan005FxSend001,1,5,1,,,Per-channel send level to each FX bus,3046,svn,255,,,,,,,,Chan_Rtg,,dB:Off:-50@31:-30@63:-10@127:0,,,,,1,1,708,0x02C4,,,,254,GainFast,Slew,3,8,Exp,Scalar
Chan005FxSend002,1,5,2,,,Per-channel send level to each FX bus,3047,svo,255,,,,,,,,Chan_Rtg,,dB:Off:-50@31:-30@63:-10@127:0,,,,,1,1,709,0x02C5,,,,254,GainFast,Slew,3,8,Exp,Scalar
Chan005FxSend003,1,5,3,,,Per-channel send level to each FX bus,3048,svp,255,,,,,,,,Chan_Rtg,,dB:Off:-50@31:-30@63:-10@127:0,,,,,1,1,710,0x02C6,,,,254,GainFast,Slew,3,8,Exp,Scalar
Chan005FxSend004,1,5,4,,,Per-channel send level to each FX bus,3049,svq,255,,,,,,,,Chan_Rtg,,dB:Off:-50@31:-30@63:-10@127:0,,,,,1,1,711,0x02C7,,,,254,GainFast,Slew,3,8,Exp,Scalar
Chan005FxSend005,1,5,5,,,Per-channel send level to each FX bus,3050,svr,255,,,,,,,,Chan_Rtg,,dB:Off:-50@31:-30@63:-10@127:0,,,,,1,1,712,0x02C8,,,,254,GainFast,Slew,3,8,Exp,Scalar
Chan005FxSend006,1,5,6,,,Per-channel send level to each FX bus,3051,svs,255,,,,,,,,Chan_Rtg,,dB:Off:-50@31:-30@63:-10@127:0,,,,,1,1,713,0x02C9,,,,254,GainFast,Slew,3,8,Exp,Scalar
Chan006FxSend001,1,6,1,,,Per-channel send level to each FX bus,3052,svt,255,,,,,,,,Chan_Rtg,,dB:Off:-50@31:-30@63:-10@127:0,,,,,1,1,852,0x0354,,,,254,GainFast,Slew,3,8,Exp,Scalar
Chan006FxSend002,1,6,2,,,Per-channel send level to each FX bus,3053,svu,255,,,,,,,,Chan_Rtg,,dB:Off:-50@31:-30@63:-10@127:0,,,,,1,1,853,0x0355,,,,254,GainFast,Slew,3,8,Exp,Scalar
Chan006FxSend003,1,6,3,,,Per-channel send level to each FX bus,3054,svv,255,,,,,,,,Chan_Rtg,,dB:Off:-50@31:-30@63:-10@127:0,,,,,1,1,854,0x0356,,,,254,GainFast,Slew,3,8,Exp,Scalar
Chan006FxSend004,1,6,4,,,Per-channel send level to each FX bus,3055,svw,255,,,,,,,,Chan_Rtg,,dB:Off:-50@31:-30@63:-10@127:0,,,,,1,1,855,0x0357,,,,254,GainFast,Slew,3,8,Exp,Scalar
Chan006FxSend005,1,6,5,,,Per-channel send level to each FX bus,3056,swh,255,,,,,,,,Chan_Rtg,,dB:Off:-50@31:-30@63:-10@127:0,,,,,1,1,856,0x0358,,,,254,GainFast,Slew,3,8,Exp,Scalar
Chan006FxSend006,1,6,6,,,Per-channel send level to each FX bus,3057,swi,255,,,,,,,,Chan_Rtg,,dB:Off:-50@31:-30@63:-10@127:0,,,,,1,1,857,0x0359,,,,254,GainFast,Slew,3,8,Exp,Scalar
Chan007FxSend001,1,7,1,,,Per-channel send level to each FX bus,3058,swj,255,,,,,,,,Chan_Rtg,,dB:Off:-50@31:-30@63:-10@127:0,,,,,1,1,996,0x03E4,,,,254,GainFast,Slew,3,8,Exp,Scalar
Chan007FxSend002,1,7,2,,,Per-channel send level to each FX bus,3059,swk,255,,,,,,,,Chan_Rtg,,dB:Off:-50@31:-30@63:-10@127:0,,,,,1,1,997,0x03E5,,,,254,GainFast,Slew,3,8,Exp,Scalar
Chan007FxSend003,1,7,3,,,Per-channel send level to each FX bus,3060,swl,255,,,,,,,,Chan_Rtg,,dB:Off:-50@31:-30@63:-10@127:0,,,,,1,1,998,0x03E6,,,,254,GainFast,Slew,3,8,Exp,Scalar
Chan007FxSend004,1,7,4,,,Per-channel send level to each FX bus,3061,swm,255,,,,,,,,Chan_Rtg,,dB:Off:-50@31:-30@63:-10@127:0,,,,,1,1,999,0x03E7,,,,254,GainFast,Slew,3,8,Exp,Scalar
Chan007FxSend005,1,7,5,,,Per-channel send level to each FX bus,3062,swn,255,,,,,,,,Chan_Rtg,,dB:Off:-50@31:-30@63:-10@127:0,,,,,1,1,1000,0x03E8,,,,254,GainFast,Slew,3,8,Exp,Scalar
Chan007FxSend006,1,7,6,,,Per-channel send level to each FX bus,3063,swo,255,,,,,,,,Chan_Rtg,,dB:Off:-50@31:-30@63:-10@127:0,,,,,1,1,1001,0x03E9,,,,254,GainFast,Slew,3,8,Exp,Scalar
Chan008FxSend001,1,8,1,,,Per-channel send level to each FX bus,3064,swp,255,,,,,,,,Chan_Rtg,,dB:Off:-50@31:-30@63:-10@127:0,,,,,1,1,1140,0x0474,,,,254,GainFast,Slew,3,8,Exp,Scalar
Chan008FxSend002,1,8,2,,,Per-channel send level to each FX bus,3065,swq,255,,,,,,,,Chan_Rtg,,dB:Off:-50@31:-30@63:-10@127:0,,,,,1,1,1141,0x0475,,,,254,GainFast,Slew,3,8,Exp,Scalar
Chan008FxSend003,1,8,3,,,Per-channel send level to each FX bus,3066,swr,255,,,,,,,,Chan_Rtg,,dB:Off:-50@31:-30@63:-10@127:0,,,,,1,1,1142,0x0476,,,,254,GainFast,Slew,3,8,Exp,Scalar
Chan008FxSend004,1,8,4,,,Per-channel send level to each FX bus,3067,sws,255,,,,,,,,Chan_Rtg,,dB:Off:-50@31:-30@63:-10@127:0,,,,,1,1,1143,0x0477,,,,254,GainFast,Slew,3,8,Exp,Scalar
Chan008FxSend005,1,8,5,,,Per-channel send level to each FX bus,3068,swt,255,,,,,,,,Chan_Rtg,,dB:Off:-50@31:-30@63:-10@127:0,,,,,1,1,1144,0x0478,,,,254,GainFast,Slew,3,8,Exp,Scalar
Chan008FxSend006,1,8,6,,,Per-channel send level to each FX bus,3069,swu,255,,,,,,,,Chan_Rtg,,dB:Off:-50@31:-30@63:-10@127:0,,,,,1,1,1145,0x0479,,,,254,GainFast,Slew,3,8,Exp,Scalar
Chan009FxSend001,1,9,1,,,Per-channel send level to each FX bus,3070,swv,255,,,,,,,,Chan_Rtg,,dB:Off:-50@31:-30@63:-10@127:0,,,,,1,1,1284,0x0504,,,,254,GainFast,Slew,3,8,Exp,Scalar
Chan009FxSend002,1,9,2,,,Per-channel send level to each FX bus,3071,sww,255,,,,,,,,Chan_Rtg,,dB:Off:-50@31:-30@63:-10@127:0,,,,,1,1,1285,0x0505,,,,254,GainFast,Slew,3,8,Exp,Scalar
Chan009FxSend003,1,9,3,,,Per-channel send level to each FX bus,3072,thh,255,,,,,,,,Chan_Rtg,,dB:Off:-50@31:-30@63:-10@127:0,,,,,1,1,1286,0x0506,,,,254,GainFast,Slew,3,8,Exp,Scalar
Chan009FxSend004,1,9,4,,,Per-channel send level to each FX bus,3073,thi,255,,,,,,,,Chan_Rtg,,dB:Off:-50@31:-30@63:-10@127:0,,,,,1,1,1287,0x0507,,,,254,GainFast,Slew,3,8,Exp,Scalar
Chan009FxSend005,1,9,5,,,Per-channel send level to each FX bus,3074,thj,255,,,,,,,,Chan_Rtg,,dB:Off:-50@31:-30@63:-10@127:0,,,,,1,1,1288,0x0508,,,,254,GainFast,Slew,3,8,Exp,Scalar
Chan009FxSend006,1,9,6,,,Per-channel send level to each FX bus,3075,thk,255,,,,,,,,Chan_Rtg,,dB:Off:-50@31:-30@63:-10@127:0,,,,,1,1,1289,0x0509,,,,254,GainFast,Slew,3,8,Exp,Scalar
Chan010FxSend001,1,10,1,,,Per-channel send level to each FX bus,3076,thl,255,,,,,,,,Chan_Rtg,,dB:Off:-50@31:-30@63:-10@127:0,,,,,1,1,1428,0x0594,,,,254,GainFast,Slew,3,8,Exp,Scalar
Chan010FxSend002,1,10,2,,,Per-channel send level to each FX bus,3077,thm,255,,,,,,,,Chan_Rtg,,dB:Off:-50@31:-30@63:-10@127:0,,,,,1,1,1429,0x0595,,,,254,GainFast,Slew,3,8,Exp,Scalar
Chan010FxSend003,1,10,3,,,Per-channel send level to each FX bus,3078,thn,255,,,,,,,,Chan_Rtg,,dB:Off:-50@31:-30@63:-10@127:0,,,,,1,1,1430,0x0596,,,,254,GainFast,Slew,3,8,Exp,Scalar
Chan010FxSend004,1,10,4,,,Per-channel send level to each FX bus,3079,tho,255,,,,,,,,Chan_Rtg,,dB:Off:-50@31:-30@63:-10@127:0,,,,,1,1,1431,0x0597,,,,254,GainFast,Slew,3,8,Exp,Scalar
Chan010FxSend005,1,10,5,,,Per-channel send level to each FX bus,3080,thp,255,,,,,,,,Chan_Rtg,,dB:Off:-50@31:-30@63:-10@127:0,,,,,1,1,1432,0x0598,,,,254,GainFast,Slew,3,8,Exp,Scalar
Chan010FxSend006,1,10,6,,,Per-channel send level to each FX bus,3081,thq,255,,,,,,,,Chan_Rtg,,dB:Off:-50@31:-30@63:-10@127:0,,,,,1,1,1433,0x0599,,,,254,GainFast,Slew,3,8,Exp,Scalar
Chan011FxSend001,1,11,1,,,Per-channel send level to each FX bus,3082,thr,255,,,,,,,,Chan_Rtg,,dB:Off:-50@31:-30@63:-10@127:0,,,,,1,1,1572,0x0624,,,,254,GainFast,Slew,3,8,Exp,Scalar
Chan011FxSend002,1,11,2,,,Per-channel send level to each FX bus,3083,ths,255,,,,,,,,Chan_Rtg,,dB:Off:-50@31:-30@63:-10@127:0,,,,,1,1,1573,0x0625,,,,254,GainFast,Slew,3,8,Exp,Scalar
Chan011FxSend003,1,11,3,,,Per-channel send level to each FX bus,3084,tht,255,,,,,,,,Chan_Rtg,,dB:Off:-50@31:-30@63:-10@127:0,,,,,1,1,1574,0x0626,,,,254,GainFast,Slew,3,8,Exp,Scalar
Chan011FxSend004,1,11,4,,,Per-channel send level to each FX bus,3085,thu,255,,,,,,,,Chan_Rtg,,dB:Off:-50@31:-30@63:-10@127:0,,,,,1,1,1575,0x0627,,,,254,GainFast,Slew,3,8,Exp,Scalar
Chan011FxSend005,1,11,5,,,Per-channel send level to each FX bus,3086,thv,255,,,,,,,,Chan_Rtg,,dB:Off:-50@31:-30@63:-10@127:0,,,,,1,1,1576,0x0628,,,,254,GainFast,Slew,3,8,Exp,Scalar
Chan011FxSend006,1,11,6,,,Per-channel send level to each FX bus,3087,thw,255,,,,,,,,Chan_Rtg,,dB:Off:-50@31:-30@63:-10@127:0,,,,,1,1,1577,0x0629,,,,254,GainFast,Slew,3,8,Exp,Scalar
Chan012FxSend001,1,12,1,,,Per-channel send level to each FX bus,3088,tih,255,,,,,,,,Chan_Rtg,,dB:Off:-50@31:-30@63:-10@127:0,,,,,1,1,1716,0x06B4,,,,254,GainFast,Slew,3,8,Exp,Scalar
Chan012FxSend002,1,12,2,,,Per-channel send level to each FX bus,3089,tii,255,,,,,,,,Chan_Rtg,,dB:Off:-50@31:-30@63:-10@127:0,,,,,1,1,1717,0x06B5,,,,254,GainFast,Slew,3,8,Exp,Scalar
Chan012FxSend003,1,12,3,,,Per-channel send level to each FX bus,3090,tij,255,,,,,,,,Chan_Rtg,,dB:Off:-50@31:-30@63:-10@127:0,,,,,1,1,1718,0x06B6,,,,254,GainFast,Slew,3,8,Exp,Scalar
Chan012FxSend004,1,12,4,,,Per-channel send level to each FX bus,3091,tik,255,,,,,,,,Chan_Rtg,,dB:Off:-50@31:-30@63:-10@127:0,,,,,1,1,1719,0x06B7,,,,254,GainFast,Slew,3,8,Exp,Scalar
Chan012FxSend005,1,12,5,,,Per-channel send level to each FX bus,3092,til,255,,,,,,,,Chan_Rtg,,dB:Off:-50@31:-30@63:-10@127:0,,,,,1,1,1720,0x06B8,,,,254,GainFast,Slew,3,8,Exp,Scalar
Chan012FxSend006,1,12,6,,,Per-channel send level to each FX bus,3093,tim,255,,,,,,,,Chan_Rtg,,dB:Off:-50@31:-30@63:-10@127:0,,,,,1,1,1721,0x06B9,,,,254,GainFast,Slew,3,8,Exp,Scalar
Chan013FxSend001,1,13,1,,,Per-channel send level to each FX bus,3094,tin,255,,,,,,,,Chan_Rtg,,dB:Off:-50@31:-30@63:-10@127:0,,,,,1,1,1860,0x0744,,,,254,GainFast,Slew,3,8,Exp,Scalar
Chan013FxSend002,1,13,2,,,Per-channel send level to each FX bus,3095,tio,255,,,,,,,,Chan_Rtg,,dB:Off:-50@31:-30@63:-10@127:0,,,,,1,1,1861,0x0745,,,,254,GainFast,Slew,3,8,Exp,Scalar
Chan013FxSend003,1,13,3,,,Per-channel send level to each FX bus,3096,tip,255,,,,,,,,Chan_Rtg,,dB:Off:-50@31:-30@63:-10@127:0,,,,,1,1,1862,0x0746,,,,254,GainFast,Slew,3,8,Exp,Scalar
Chan013FxSend004,1,13,4,,,Per-channel send level to each FX bus,3097,tiq,255,,,,,,,,Chan_Rtg,,dB:Off:-50@31:-30@63:-10@127:0,,,,,1,1,1863,0x0747,,,,254,GainFast,Slew,3,8,Exp,Scalar
Chan013FxSend005,1,13,5,,,Per-channel send level to each FX bus,3098,tir,255,,,,,,,,Chan_Rtg,,dB:Off:-50@31:-30@63:-10@127:0,,,,,1,1,1864,0x0748,,,,254,GainFast,Slew,3,8,Exp,Scalar
Chan013FxSend006,1,13,6,,,Per-channel send level to each FX bus,3099,tis,255,,,,,,,,Chan_Rtg,,dB:Off:-50@31:-30@63:-10@127:0,,,,,1,1,1865,0x0749,,,,254,GainFast,Slew,3,8,Exp,Scalar
Chan014FxSend001,1,14,1,,,Per-channel send level to each FX bus,3100,tit,255,,,,,,,,Chan_Rtg,,dB:Off:-50@31:-30@63:-10@127:0,,,,,1,1,2004,0x07D4,,,,254,GainFast,Slew,3,8,Exp,Scalar
Chan014FxSend002,1,14,2,,,Per-channel send level to each FX bus,3101,tiu,255,,,,,,,,Chan_Rtg,,dB:Off:-50@31:-30@63:-10@127:0,,,,,1,1,2005,0x07D5,,,,254,GainFast,Slew,3,8,Exp,Scalar
Chan014FxSend003,1,14,3,,,Per-channel send level to each FX bus,3102,tiv,255,,,,,,,,Chan_Rtg,,dB:Off:-50@31:-30@63:-10@127:0,,,,,1,1,2006,0x07D6,,,,254,GainFast,Slew,3,8,Exp,Scalar
Chan014FxSend004,1,14,4,,,Per-channel send level to each FX bus,3103,tiw,255,,,,,,,,Chan_Rtg,,dB:Off:-50@31:-30@63:-10@127:0,,,,,1,1,2007,0x07D7,,,,254,GainFast,Slew,3,8,Exp,Scalar
Chan014FxSend005,1,14,5,,,Per-channel send level to each FX bus,3104,tjh,255,,,,,,,,Chan_Rtg,,dB:Off:-50@31:-30@63:-10@127:0,,,,,1,1,2008,0x07D8,,,,254,GainFast,Slew,3,8,Exp,Scalar
Chan014FxSend006,1,14,6,,,Per-channel send level to each FX bus,3105,tji,255,,,,,,,,Chan_Rtg,,dB:Off:-50@31:-30@63:-10@127:0,,,,,1,1,2009,0x07D9,,,,254,GainFast,Slew,3,8,Exp,Scalar
Chan015FxSend001,1,15,1,,,Per-channel send level to each FX bus,3106,tjj,255,,,,,,,,Chan_Rtg,,dB:Off:-50@31:-30@63:-10@127:0,,,,,1,1,2148,0x0864,,,,254,GainFast,Slew,3,8,Exp,Scalar
Chan015FxSend002,1,15,2,,,Per-channel send level to each FX bus,3107,tjk,255,,,,,,,,Chan_Rtg,,dB:Off:-50@31:-30@63:-10@127:0,,,,,1,1,2149,0x0865,,,,254,GainFast,Slew,3,8,Exp,Scalar
Chan015FxSend003,1,15,3,,,Per-channel send level to each FX bus,3108,tjl,255,,,,,,,,Chan_Rtg,,dB:Off:-50@31:-30@63:-10@127:0,,,,,1,1,2150,0x0866,,,,254,GainFast,Slew,3,8,Exp,Scalar
Chan015FxSend004,1,15,4,,,Per-channel send level to each FX bus,3109,tjm,255,,,,,,,,Chan_Rtg,,dB:Off:-50@31:-30@63:-10@127:0,,,,,1,1,2151,0x0867,,,,254,GainFast,Slew,3,8,Exp,Scalar
Chan015FxSend005,1,15,5,,,Per-channel send level to each FX bus,3110,tjn,255,,,,,,,,Chan_Rtg,,dB:Off:-50@31:-30@63:-10@127:0,,,,,1,1,2152,0x0868,,,,254,GainFast,Slew,3,8,Exp,Scalar
Chan015FxSend006,1,15,6,,,Per-channel send level to each FX bus,3111,tjo,255,,,,,,,,Chan_Rtg,,dB:Off:-50@31:-30@63:-10@127:0,,,,,1,1,2153,0x0869,,,,254,GainFast,Slew,3,8,Exp,Scalar
Chan016FxSend001,1,16,1,,,Per-channel send level to each FX bus,3112,tjp,255,,,,,,,,Chan_Rtg,,dB:Off:-50@31:-30@63:-10@127:0,,,,,1,1,2292,0x08F4,,,,254,GainFast,Slew,3,8,Exp,Scalar
Chan016FxSend002,1,16,2,,,Per-channel send level to each FX bus,3113,tjq,255,,,,,,,,Chan_Rtg,,dB:Off:-50@31:-30@63:-10@127:0,,,,,1,1,2293,0x08F5,,,,254,GainFast,Slew,3,8,Exp,Scalar
Chan016FxSend003,1,16,3,,,Per-channel send level to each FX bus,3114,tjr,255,,,,,,,,Chan_Rtg,,dB:Off:-50@31:-30@63:-10@127:0,,,,,1,1,2294,0x08F6,,,,254,GainFast,Slew,3,8,Exp,Scalar
Chan016FxSend004,1,16,4,,,Per-channel send level to each FX bus,3115,tjs,255,,,,,,,,Chan_Rtg,,dB:Off:-50@31:-30@63:-10@127:0,,,,,1,1,2295,0x08F7,,,,254,GainFast,Slew,3,8,Exp,Scalar
Chan016FxSend005,1,16,5,,,Per-channel send level to each FX bus,3116,tjt,255,,,,,,,,Chan_Rtg,,dB:Off:-50@31:-30@63:-10@127:0,,,,,1,1,2296,0x08F8,,,,254,GainFast,Slew,3,8,Exp,Scalar
Chan016FxSend006,1,16,6,,,Per-channel send level to each FX bus,3117,tju,255,,,,,,,,Chan_Rtg,,dB:Off:-50@31:-30@63:-10@127:0,,,,,1,1,2297,0x08F9,,,,254,GainFast,Slew,3,8,Exp,Scalar
Chan017FxSend001,1,17,1,,,Per-channel send level to each FX bus,3118,tjv,255,,,,,,,,Chan_Rtg,,dB:Off:-50@31:-30@63:-10@127:0,,,,,1,1,2436,0x0984,,,,254,GainFast,Slew,3,8,Exp,Scalar
Chan017FxSend002,1,17,2,,,Per-channel send level to each FX bus,3119,tjw,255,,,,,,,,Chan_Rtg,,dB:Off:-50@31:-30@63:-10@127:0,,,,,1,1,2437,0x0985,,,,254,GainFast,Slew,3,8,Exp,Scalar
Chan017FxSend003,1,17,3,,,Per-channel send level to each FX bus,3120,tkh,255,,,,,,,,Chan_Rtg,,dB:Off:-50@31:-30@63:-10@127:0,,,,,1,1,2438,0x0986,,,,254,GainFast,Slew,3,8,Exp,Scalar
Chan017FxSend004,1,17,4,,,Per-channel send level to each FX bus,3121,tki,255,,,,,,,,Chan_Rtg,,dB:Off:-50@31:-30@63:-10@127:0,,,,,1,1,2439,0x0987,,,,254,GainFast,Slew,3,8,Exp,Scalar
Chan017FxSend005,1,17,5,,,Per-channel send level to each FX bus,3122,tkj,255,,,,,,,,Chan_Rtg,,dB:Off:-50@31:-30@63:-10@127:0,,,,,1,1,2440,0x0988,,,,254,GainFast,Slew,3,8,Exp,Scalar
Chan017FxSend006,1,17,6,,,Per-channel send level to each FX bus,3123,tkk,255,,,,,,,,Chan_Rtg,,dB:Off:-50@31:-30@63:-10@127:0,,,,,1,1,2441,0x0989,,,,254,GainFast,Slew,3,8,Exp,Scalar
Chan018FxSend001,1,18,1,,,Per-channel send level to each FX bus,3124,tkl,255,,,,,,,,Chan_Rtg,,dB:Off:-50@31:-30@63:-10@127:0,,,,,1,1,2580,0x0A14,,,,254,GainFast,Slew,3,8,Exp,Scalar
Chan018FxSend002,1,18,2,,,Per-channel send level to each FX bus,3125,tkm,255,,,,,,,,Chan_Rtg,,dB:Off:-50@31:-30@63:-10@127:0,,,,,1,1,2581,0x0A15,,,,254,GainFast,Slew,3,8,Exp,Scalar
Chan018FxSend003,1,18,3,,,Per-channel send level to each FX bus,3126,tkn,255,,,,,,,,Chan_Rtg,,dB:Off:-50@31:-30@63:-10@127:0,,,,,1,1,2582,0x0A16,,,,254,GainFast,Slew,3,8,Exp,Scalar
Chan018FxSend004,1,18,4,,,Per-channel send level to each FX bus,3127,tko,255,,,,,,,,Chan_Rtg,,dB:Off:-50@31:-30@63:-10@127:0,,,,,1,1,2583,0x0A17,,,,254,GainFast,Slew,3,8,Exp,Scalar
Chan018FxSend005,1,18,5,,,Per-channel send level to each FX bus,3128,tkp,255,,,,,,,,Chan_Rtg,,dB:Off:-50@31:-30@63:-10@127:0,,,,,1,1,2584,0x0A18,,,,254,GainFast,Slew,3,8,Exp,Scalar
Chan018FxSend006,1,18,6,,,Per-channel send level to each FX bus,3129,tkq,255,,,,,,,,Chan_Rtg,,dB:Off:-50@31:-30@63:-10@127:0,,,,,1,1,2585,0x0A19,,,,254,GainFast,Slew,3,8,Exp,Scalar
Chan019FxSend001,1,19,1,,,Per-channel send level to each FX bus,3130,tkr,255,,,,,,,,Chan_Rtg,,dB:Off:-50@31:-30@63:-10@127:0,,,,,1,1,2724,0x0AA4,,,,254,GainFast,Slew,3,8,Exp,Scalar
Chan019FxSend002,1,19,2,,,Per-channel send level to each FX bus,3131,tks,255,,,,,,,,Chan_Rtg,,dB:Off:-50@31:-30@63:-10@127:0,,,,,1,1,2725,0x0AA5,,,,254,GainFast,Slew,3,8,Exp,Scalar
Chan019FxSend003,1,19,3,,,Per-channel send level to each FX bus,3132,tkt,255,,,,,,,,Chan_Rtg,,dB:Off:-50@31:-30@63:-10@127:0,,,,,1,1,2726,0x0AA6,,,,254,GainFast,Slew,3,8,Exp,Scalar
Chan019FxSend004,1,19,4,,,Per-channel send level to each FX bus,3133,tku,255,,,,,,,,Chan_Rtg,,dB:Off:-50@31:-30@63:-10@127:0,,,,,1,1,2727,0x0AA7,,,,254,GainFast,Slew,3,8,Exp,Scalar
Chan019FxSend005,1,19,5,,,Per-channel send level to each FX bus,3134,tkv,255,,,,,,,,Chan_Rtg,,dB:Off:-50@31:-30@63:-10@127:0,,,,,1,1,2728,0x0AA8,,,,254,GainFast,Slew,3,8,Exp,Scalar
Chan019FxSend006,1,19,6,,,Per-channel send level to each FX bus,3135,tkw,255,,,,,,,,Chan_Rtg,,dB:Off:-50@31:-30@63:-10@127:0,,,,,1,1,2729,0x0AA9,,,,254,GainFast,Slew,3,8,Exp,Scalar
Chan020FxSend001,1,20,1,,,Per-channel send level to each FX bus,3136,tlh,255,,,,,,,,Chan_Rtg,,dB:Off:-50@31:-30@63:-10@127:0,,,,,1,1,2868,0x0B34,,,,254,GainFast,Slew,3,8,Exp,Scalar
Chan020FxSend002,1,20,2,,,Per-channel send level to each FX bus,3137,tli,255,,,,,,,,Chan_Rtg,,dB:Off:-50@31:-30@63:-10@127:0,,,,,1,1,2869,0x0B35,,,,254,GainFast,Slew,3,8,Exp,Scalar
Chan020FxSend003,1,20,3,,,Per-channel send level to each FX bus,3138,tlj,255,,,,,,,,Chan_Rtg,,dB:Off:-50@31:-30@63:-10@127:0,,,,,1,1,2870,0x0B36,,,,254,GainFast,Slew,3,8,Exp,Scalar
Chan020FxSend004,1,20,4,,,Per-channel send level to each FX bus,3139,tlk,255,,,,,,,,Chan_Rtg,,dB:Off:-50@31:-30@63:-10@127:0,,,,,1,1,2871,0x0B37,,,,254,GainFast,Slew,3,8,Exp,Scalar
Chan020FxSend005,1,20,5,,,Per-channel send level to each FX bus,3140,tll,255,,,,,,,,Chan_Rtg,,dB:Off:-50@31:-30@63:-10@127:0,,,,,1,1,2872,0x0B38,,,,254,GainFast,Slew,3,8,Exp,Scalar
Chan020FxSend006,1,20,6,,,Per-channel send level to each FX bus,3141,tlm,255,,,,,,,,Chan_Rtg,,dB:Off:-50@31:-30@63:-10@127:0,,,,,1,1,2873,0x0B39,,,,254,GainFast,Slew,3,8,Exp,Scalar
Chan021FxSend001,1,21,1,,,Per-channel send level to each FX bus,3142,tln,255,,,,,,,,Chan_Rtg,,dB:Off:-50@31:-30@63:-10@127:0,,,,,1,1,3012,0x0BC4,,,,254,GainFast,Slew,3,8,Exp,Scalar
Chan021FxSend002,1,21,2,,,Per-channel send level to each FX bus,3143,tlo,255,,,,,,,,Chan_Rtg,,dB:Off:-50@31:-30@63:-10@127:0,,,,,1,1,3013,0x0BC5,,,,254,GainFast,Slew,3,8,Exp,Scalar
Chan021FxSend003,1,21,3,,,Per-channel send level to each FX bus,3144,tlp,255,,,,,,,,Chan_Rtg,,dB:Off:-50@31:-30@63:-10@127:0,,,,,1,1,3014,0x0BC6,,,,254,GainFast,Slew,3,8,Exp,Scalar
Chan021FxSend004,1,21,4,,,Per-channel send level to each FX bus,3145,tlq,255,,,,,,,,Chan_Rtg,,dB:Off:-50@31:-30@63:-10@127:0,,,,,1,1,3015,0x0BC7,,,,254,GainFast,Slew,3,8,Exp,Scalar
Chan021FxSend005,1,21,5,,,Per-channel send level to each FX bus,3146,tlr,255,,,,,,,,Chan_Rtg,,dB:Off:-50@31:-30@63:-10@127:0,,,,,1,1,3016,0x0BC8,,,,254,GainFast,Slew,3,8,Exp,Scalar
Chan021FxSend006,1,21,6,,,Per-channel send level to each FX bus,3147,tls,255,,,,,,,,Chan_Rtg,,dB:Off:-50@31:-30@63:-10@127:0,,,,,1,1,3017,0x0BC9,,,,254,GainFast,Slew,3,8,Exp,Scalar
Chan022FxSend001,1,22,1,,,Per-channel send level to each FX bus,3148,tlt,255,,,,,,,,Chan_Rtg,,dB:Off:-50@31:-30@63:-10@127:0,,,,,1,1,3156,0x0C54,,,,254,GainFast,Slew,3,8,Exp,Scalar
Chan022FxSend002,1,22,2,,,Per-channel send level to each FX bus,3149,tlu,255,,,,,,,,Chan_Rtg,,dB:Off:-50@31:-30@63:-10@127:0,,,,,1,1,3157,0x0C55,,,,254,GainFast,Slew,3,8,Exp,Scalar
Chan022FxSend003,1,22,3,,,Per-channel send level to each FX bus,3150,tlv,255,,,,,,,,Chan_Rtg,,dB:Off:-50@31:-30@63:-10@127:0,,,,,1,1,3158,0x0C56,,,,254,GainFast,Slew,3,8,Exp,Scalar
Chan022FxSend004,1,22,4,,,Per-channel send level to each FX bus,3151,tlw,255,,,,,,,,Chan_Rtg,,dB:Off:-50@31:-30@63:-10@127:0,,,,,1,1,3159,0x0C57,,,,254,GainFast,Slew,3,8,Exp,Scalar
Chan022FxSend005,1,22,5,,,Per-channel send level to each FX bus,3152,tmh,255,,,,,,,,Chan_Rtg,,dB:Off:-50@31:-30@63:-10@127:0,,,,,1,1,3160,0x0C58,,,,254,GainFast,Slew,3,8,Exp,Scalar
Chan022FxSend006,1,22,6,,,Per-channel send level to each FX bus,3153,tmi,255,,,,,,,,Chan_Rtg,,dB:Off:-50@31:-30@63:-10@127:0,,,,,1,1,3161,0x0C59,,,,254,GainFast,Slew,3,8,Exp,Scalar
Chan023FxSend001,1,23,1,,,Per-channel send level to each FX bus,3154,tmj,255,,,,,,,,Chan_Rtg,,dB:Off:-50@31:-30@63:-10@127:0,,,,,1,1,3300,0x0CE4,,,,254,GainFast,Slew,3,8,Exp,Scalar
Chan023FxSend002,1,23,2,,,Per-channel send level to each FX bus,3155,tmk,255,,,,,,,,Chan_Rtg,,dB:Off:-50@31:-30@63:-10@127:0,,,,,1,1,3301,0x0CE5,,,,254,GainFast,Slew,3,8,Exp,Scalar
Chan023FxSend003,1,23,3,,,Per-channel send level to each FX bus,3156,tml,255,,,,,,,,Chan_Rtg,,dB:Off:-50@31:-30@63:-10@127:0,,,,,1,1,3302,0x0CE6,,,,254,GainFast,Slew,3,8,Exp,Scalar
Chan023FxSend004,1,23,4,,,Per-channel send level to each FX bus,3157,tmm,255,,,,,,,,Chan_Rtg,,dB:Off:-50@31:-30@63:-10@127:0,,,,,1,1,3303,0x0CE7,,,,254,GainFast,Slew,3,8,Exp,Scalar
Chan023FxSend005,1,23,5,,,Per-channel send level to each FX bus,3158,tmn,255,,,,,,,,Chan_Rtg,,dB:Off:-50@31:-30@63:-10@127:0,,,,,1,1,3304,0x0CE8,,,,254,GainFast,Slew,3,8,Exp,Scalar
Chan023FxSend006,1,23,6,,,Per-channel send level to each FX bus,3159,tmo,255,,,,,,,,Chan_Rtg,,dB:Off:-50@31:-30@63:-10@127:0,,,,,1,1,3305,0x0CE9,,,,254,GainFast,Slew,3,8,Exp,Scalar
Chan024FxSend001,1,24,1,,,Per-channel send level to each FX bus,3160,tmp,255,,,,,,,,Chan_Rtg,,dB:Off:-50@31:-30@63:-10@127:0,,,,,1,1,3444,0x0D74,,,,254,GainFast,Slew,3,8,Exp,Scalar
Chan024FxSend002,1,24,2,,,Per-channel send level to each FX bus,3161,tmq,255,,,,,,,,Chan_Rtg,,dB:Off:-50@31:-30@63:-10@127:0,,,,,1,1,3445,0x0D75,,,,254,GainFast,Slew,3,8,Exp,Scalar
Chan024FxSend003,1,24,3,,,Per-channel send level to each FX bus,3162,tmr,255,,,,,,,,Chan_Rtg,,dB:Off:-50@31:-30@63:-10@127:0,,,,,1,1,3446,0x0D76,,,,254,GainFast,Slew,3,8,Exp,Scalar
Chan024FxSend004,1,24,4,,,Per-channel send level to each FX bus,3163,tms,255,,,,,,,,Chan_Rtg,,dB:Off:-50@31:-30@63:-10@127:0,,,,,1,1,3447,0x0D77,,,,254,GainFast,Slew,3,8,Exp,Scalar
Chan024FxSend005,1,24,5,,,Per-channel send level to each FX bus,3164,tmt,255,,,,,,,,Chan_Rtg,,dB:Off:-50@31:-30@63:-10@127:0,,,,,1,1,3448,0x0D78,,,,254,GainFast,Slew,3,8,Exp,Scalar
Chan024FxSend006,1,24,6,,,Per-channel send level to each FX bus,3165,tmu,255,,,,,,,,Chan_Rtg,,dB:Off:-50@31:-30@63:-10@127:0,,,,,1,1,3449,0x0D79,,,,254,GainFast,Slew,3,8,Exp,Scalar
Chan001GrpOn001,1,1,1,,,Channel-to-group routing on/off,3166,tmv,1,,,,,,,,Chan_Rtg,,,,,,,1,1,86,0x0056,,,,1,InstantCtl,Instant,0,0,Linear,Scalar
Chan001GrpOn002,1,1,2,,,Channel-to-group routing on/off,3167,tmw,1,,,,,,,,Chan_Rtg,,,,,,,1,1,87,0x0057,,,,1,InstantCtl,Instant,0,0,Linear,Scalar
Chan001GrpOn003,1,1,3,,,Channel-to-group routing on/off,3168,tnh,1,,,,,,,,Chan_Rtg,,,,,,,1,1,88,0x0058,,,,1,InstantCtl,Instant,0,0,Linear,Scalar
Chan001GrpOn004,1,1,4,,,Channel-to-group routing on/off,3169,tni,1,,,,,,,,Chan_Rtg,,,,,,,1,1,89,0x0059,,,,1,InstantCtl,Instant,0,0,Linear,Scalar
Chan002GrpOn001,1,2,1,,,Channel-to-group routing on/off,3170,tnj,1,,,,,,,,Chan_Rtg,,,,,,,1,1,230,0x00E6,,,,1,InstantCtl,Instant,0,0,Linear,Scalar
Chan002GrpOn002,1,2,2,,,Channel-to-group routing on/off,3171,tnk,1,,,,,,,,Chan_Rtg,,,,,,,1,1,231,0x00E7,,,,1,InstantCtl,Instant,0,0,Linear,Scalar
Chan002GrpOn003,1,2,3,,,Channel-to-group routing on/off,3172,tnl,1,,,,,,,,Chan_Rtg,,,,,,,1,1,232,0x00E8,,,,1,InstantCtl,Instant,0,0,Linear,Scalar
Chan002GrpOn004,1,2,4,,,Channel-to-group routing on/off,3173,tnm,1,,,,,,,,Chan_Rtg,,,,,,,1,1,233,0x00E9,,,,1,InstantCtl,Instant,0,0,Linear,Scalar
Chan003GrpOn001,1,3,1,,,Channel-to-group routing on/off,3174,tnn,1,,,,,,,,Chan_Rtg,,,,,,,1,1,374,0x0176,,,,1,InstantCtl,Instant,0,0,Linear,Scalar
Chan003GrpOn002,1,3,2,,,Channel-to-group routing on/off,3175,tno,1,,,,,,,,Chan_Rtg,,,,,,,1,1,375,0x0177,,,,1,InstantCtl,Instant,0,0,Linear,Scalar
Chan003GrpOn003,1,3,3,,,Channel-to-group routing on/off,3176,tnp,1,,,,,,,,Chan_Rtg,,,,,,,1,1,376,0x0178,,,,1,InstantCtl,Instant,0,0,Linear,Scalar
Chan003GrpOn004,1,3,4,,,Channel-to-group routing on/off,3177,tnq,1,,,,,,,,Chan_Rtg,,,,,,,1,1,377,0x0179,,,,1,InstantCtl,Instant,0,0,Linear,Scalar
Chan004GrpOn001,1,4,1,,,Channel-to-group routing on/off,3178,tnr,1,,,,,,,,Chan_Rtg,,,,,,,1,1,518,0x0206,,,,1,InstantCtl,Instant,0,0,Linear,Scalar
Chan004GrpOn002,1,4,2,,,Channel-to-group routing on/off,3179,tns,1,,,,,,,,Chan_Rtg,,,,,,,1,1,519,0x0207,,,,1,InstantCtl,Instant,0,0,Linear,Scalar
Chan004GrpOn003,1,4,3,,,Channel-to-group routing on/off,3180,tnt,1,,,,,,,,Chan_Rtg,,,,,,,1,1,520,0x0208,,,,1,InstantCtl,Instant,0,0,Linear,Scalar
Chan004GrpOn004,1,4,4,,,Channel-to-group routing on/off,3181,tnu,1,,,,,,,,Chan_Rtg,,,,,,,1,1,521,0x0209,,,,1,InstantCtl,Instant,0,0,Linear,Scalar
Chan005GrpOn001,1,5,1,,,Channel-to-group routing on/off,3182,tnv,1,,,,,,,,Chan_Rtg,,,,,,,1,1,662,0x0296,,,,1,InstantCtl,Instant,0,0,Linear,Scalar
Chan005GrpOn002,1,5,2,,,Channel-to-group routing on/off,3183,tnw,1,,,,,,,,Chan_Rtg,,,,,,,1,1,663,0x0297,,,,1,InstantCtl,Instant,0,0,Linear,Scalar
Chan005GrpOn003,1,5,3,,,Channel-to-group routing on/off,3184,toh,1,,,,,,,,Chan_Rtg,,,,,,,1,1,664,0x0298,,,,1,InstantCtl,Instant,0,0,Linear,Scalar
Chan005GrpOn004,1,5,4,,,Channel-to-group routing on/off,3185,toi,1,,,,,,,,Chan_Rtg,,,,,,,1,1,665,0x0299,,,,1,InstantCtl,Instant,0,0,Linear,Scalar
Chan006GrpOn001,1,6,1,,,Channel-to-group routing on/off,3186,toj,1,,,,,,,,Chan_Rtg,,,,,,,1,1,806,0x0326,,,,1,InstantCtl,Instant,0,0,Linear,Scalar
Chan006GrpOn002,1,6,2,,,Channel-to-group routing on/off,3187,tok,1,,,,,,,,Chan_Rtg,,,,,,,1,1,807,0x0327,,,,1,InstantCtl,Instant,0,0,Linear,Scalar
Chan006GrpOn003,1,6,3,,,Channel-to-group routing on/off,3188,tol,1,,,,,,,,Chan_Rtg,,,,,,,1,1,808,0x0328,,,,1,InstantCtl,Instant,0,0,Linear,Scalar
Chan006GrpOn004,1,6,4,,,Channel-to-group routing on/off,3189,tom,1,,,,,,,,Chan_Rtg,,,,,,,1,1,809,0x0329,,,,1,InstantCtl,Instant,0,0,Linear,Scalar
Chan007GrpOn001,1,7,1,,,Channel-to-group routing on/off,3190,ton,1,,,,,,,,Chan_Rtg,,,,,,,1,1,950,0x03B6,,,,1,InstantCtl,Instant,0,0,Linear,Scalar
Chan007GrpOn002,1,7,2,,,Channel-to-group routing on/off,3191,too,1,,,,,,,,Chan_Rtg,,,,,,,1,1,951,0x03B7,,,,1,InstantCtl,Instant,0,0,Linear,Scalar
Chan007GrpOn003,1,7,3,,,Channel-to-group routing on/off,3192,top,1,,,,,,,,Chan_Rtg,,,,,,,1,1,952,0x03B8,,,,1,InstantCtl,Instant,0,0,Linear,Scalar
Chan007GrpOn004,1,7,4,,,Channel-to-group routing on/off,3193,toq,1,,,,,,,,Chan_Rtg,,,,,,,1,1,953,0x03B9,,,,1,InstantCtl,Instant,0,0,Linear,Scalar
Chan008GrpOn001,1,8,1,,,Channel-to-group routing on/off,3194,tor,1,,,,,,,,Chan_Rtg,,,,,,,1,1,1094,0x0446,,,,1,InstantCtl,Instant,0,0,Linear,Scalar
Chan008GrpOn002,1,8,2,,,Channel-to-group routing on/off,3195,tos,1,,,,,,,,Chan_Rtg,,,,,,,1,1,1095,0x0447,,,,1,InstantCtl,Instant,0,0,Linear,Scalar
Chan008GrpOn003,1,8,3,,,Channel-to-group routing on/off,3196,tot,1,,,,,,,,Chan_Rtg,,,,,,,1,1,1096,0x0448,,,,1,InstantCtl,Instant,0,0,Linear,Scalar
Chan008GrpOn004,1,8,4,,,Channel-to-group routing on/off,3197,tou,1,,,,,,,,Chan_Rtg,,,,,,,1,1,1097,0x0449,,,,1,InstantCtl,Instant,0,0,Linear,Scalar
Chan009GrpOn001,1,9,1,,,Channel-to-group routing on/off,3198,tov,1,,,,,,,,Chan_Rtg,,,,,,,1,1,1238,0x04D6,,,,1,InstantCtl,Instant,0,0,Linear,Scalar
Chan009GrpOn002,1,9,2,,,Channel-to-group routing on/off,3199,tow,1,,,,,,,,Chan_Rtg,,,,,,,1,1,1239,0x04D7,,,,1,InstantCtl,Instant,0,0,Linear,Scalar
Chan009GrpOn003,1,9,3,,,Channel-to-group routing on/off,3200,tph,1,,,,,,,,Chan_Rtg,,,,,,,1,1,1240,0x04D8,,,,1,InstantCtl,Instant,0,0,Linear,Scalar
Chan009GrpOn004,1,9,4,,,Channel-to-group routing on/off,3201,tpi,1,,,,,,,,Chan_Rtg,,,,,,,1,1,1241,0x04D9,,,,1,InstantCtl,Instant,0,0,Linear,Scalar
Chan010GrpOn001,1,10,1,,,Channel-to-group routing on/off,3202,tpj,1,,,,,,,,Chan_Rtg,,,,,,,1,1,1382,0x0566,,,,1,InstantCtl,Instant,0,0,Linear,Scalar
Chan010GrpOn002,1,10,2,,,Channel-to-group routing on/off,3203,tpk,1,,,,,,,,Chan_Rtg,,,,,,,1,1,1383,0x0567,,,,1,InstantCtl,Instant,0,0,Linear,Scalar
Chan010GrpOn003,1,10,3,,,Channel-to-group routing on/off,3204,tpl,1,,,,,,,,Chan_Rtg,,,,,,,1,1,1384,0x0568,,,,1,InstantCtl,Instant,0,0,Linear,Scalar
Chan010GrpOn004,1,10,4,,,Channel-to-group routing on/off,3205,tpm,1,,,,,,,,Chan_Rtg,,,,,,,1,1,1385,0x0569,,,,1,InstantCtl,Instant,0,0,Linear,Scalar
Chan011GrpOn001,1,11,1,,,Channel-to-group routing on/off,3206,tpn,1,,,,,,,,Chan_Rtg,,,,,,,1,1,1526,0x05F6,,,,1,InstantCtl,Instant,0,0,Linear,Scalar
Chan011GrpOn002,1,11,2,,,Channel-to-group routing on/off,3207,tpo,1,,,,,,,,Chan_Rtg,,,,,,,1,1,1527,0x05F7,,,,1,InstantCtl,Instant,0,0,Linear,Scalar
Chan011GrpOn003,1,11,3,,,Channel-to-group routing on/off,3208,tpp,1,,,,,,,,Chan_Rtg,,,,,,,1,1,1528,0x05F8,,,,1,InstantCtl,Instant,0,0,Linear,Scalar
Chan011GrpOn004,1,11,4,,,Channel-to-group routing on/off,3209,tpq,1,,,,,,,,Chan_Rtg,,,,,,,1,1,1529,0x05F9,,,,1,InstantCtl,Instant,0,0,Linear,Scalar
Chan012GrpOn001,1,12,1,,,Channel-to-group routing on/off,3210,tpr,1,,,,,,,,Chan_Rtg,,,,,,,1,1,1670,0x0686,,,,1,InstantCtl,Instant,0,0,Linear,Scalar
Chan012GrpOn002,1,12,2,,,Channel-to-group routing on/off,3211,tps,1,,,,,,,,Chan_Rtg,,,,,,,1,1,1671,0x0687,,,,1,InstantCtl,Instant,0,0,Linear,Scalar
Chan012GrpOn003,1,12,3,,,Channel-to-group routing on/off,3212,tpt,1,,,,,,,,Chan_Rtg,,,,,,,1,1,1672,0x0688,,,,1,InstantCtl,Instant,0,0,Linear,Scalar
Chan012GrpOn004,1,12,4,,,Channel-to-group routing on/off,3213,tpu,1,,,,,,,,Chan_Rtg,,,,,,,1,1,1673,0x0689,,,,1,InstantCtl,Instant,0,0,Linear,Scalar
Chan013GrpOn001,1,13,1,,,Channel-to-group routing on/off,3214,tpv,1,,,,,,,,Chan_Rtg,,,,,,,1,1,1814,0x0716,,,,1,InstantCtl,Instant,0,0,Linear,Scalar
Chan013GrpOn002,1,13,2,,,Channel-to-group routing on/off,3215,tpw,1,,,,,,,,Chan_Rtg,,,,,,,1,1,1815,0x0717,,,,1,InstantCtl,Instant,0,0,Linear,Scalar
Chan013GrpOn003,1,13,3,,,Channel-to-group routing on/off,3216,tqh,1,,,,,,,,Chan_Rtg,,,,,,,1,1,1816,0x0718,,,,1,InstantCtl,Instant,0,0,Linear,Scalar
Chan013GrpOn004,1,13,4,,,Channel-to-group routing on/off,3217,tqi,1,,,,,,,,Chan_Rtg,,,,,,,1,1,1817,0x0719,,,,1,InstantCtl,Instant,0,0,Linear,Scalar
Chan014GrpOn001,1,14,1,,,Channel-to-group routing on/off,3218,tqj,1,,,,,,,,Chan_Rtg,,,,,,,1,1,1958,0x07A6,,,,1,InstantCtl,Instant,0,0,Linear,Scalar
Chan014GrpOn002,1,14,2,,,Channel-to-group routing on/off,3219,tqk,1,,,,,,,,Chan_Rtg,,,,,,,1,1,1959,0x07A7,,,,1,InstantCtl,Instant,0,0,Linear,Scalar
Chan014GrpOn003,1,14,3,,,Channel-to-group routing on/off,3220,tql,1,,,,,,,,Chan_Rtg,,,,,,,1,1,1960,0x07A8,,,,1,InstantCtl,Instant,0,0,Linear,Scalar
Chan014GrpOn004,1,14,4,,,Channel-to-group routing on/off,3221,tqm,1,,,,,,,,Chan_Rtg,,,,,,,1,1,1961,0x07A9,,,,1,InstantCtl,Instant,0,0,Linear,Scalar
Chan015GrpOn001,1,15,1,,,Channel-to-group routing on/off,3222,tqn,1,,,,,,,,Chan_Rtg,,,,,,,1,1,2102,0x0836,,,,1,InstantCtl,Instant,0,0,Linear,Scalar
Chan015GrpOn002,1,15,2,,,Channel-to-group routing on/off,3223,tqo,1,,,,,,,,Chan_Rtg,,,,,,,1,1,2103,0x0837,,,,1,InstantCtl,Instant,0,0,Linear,Scalar
Chan015GrpOn003,1,15,3,,,Channel-to-group routing on/off,3224,tqp,1,,,,,,,,Chan_Rtg,,,,,,,1,1,2104,0x0838,,,,1,InstantCtl,Instant,0,0,Linear,Scalar
Chan015GrpOn004,1,15,4,,,Channel-to-group routing on/off,3225,tqq,1,,,,,,,,Chan_Rtg,,,,,,,1,1,2105,0x0839,,,,1,InstantCtl,Instant,0,0,Linear,Scalar
Chan016GrpOn001,1,16,1,,,Channel-to-group routing on/off,3226,tqr,1,,,,,,,,Chan_Rtg,,,,,,,1,1,2246,0x08C6,,,,1,InstantCtl,Instant,0,0,Linear,Scalar
Chan016GrpOn002,1,16,2,,,Channel-to-group routing on/off,3227,tqs,1,,,,,,,,Chan_Rtg,,,,,,,1,1,2247,0x08C7,,,,1,InstantCtl,Instant,0,0,Linear,Scalar
Chan016GrpOn003,1,16,3,,,Channel-to-group routing on/off,3228,tqt,1,,,,,,,,Chan_Rtg,,,,,,,1,1,2248,0x08C8,,,,1,InstantCtl,Instant,0,0,Linear,Scalar
Chan016GrpOn004,1,16,4,,,Channel-to-group routing on/off,3229,tqu,1,,,,,,,,Chan_Rtg,,,,,,,1,1,2249,0x08C9,,,,1,InstantCtl,Instant,0,0,Linear,Scalar
Chan017GrpOn001,1,17,1,,,Channel-to-group routing on/off,3230,tqv,1,,,,,,,,Chan_Rtg,,,,,,,1,1,2390,0x0956,,,,1,InstantCtl,Instant,0,0,Linear,Scalar
Chan017GrpOn002,1,17,2,,,Channel-to-group routing on/off,3231,tqw,1,,,,,,,,Chan_Rtg,,,,,,,1,1,2391,0x0957,,,,1,InstantCtl,Instant,0,0,Linear,Scalar
Chan017GrpOn003,1,17,3,,,Channel-to-group routing on/off,3232,trh,1,,,,,,,,Chan_Rtg,,,,,,,1,1,2392,0x0958,,,,1,InstantCtl,Instant,0,0,Linear,Scalar
Chan017GrpOn004,1,17,4,,,Channel-to-group routing on/off,3233,tri,1,,,,,,,,Chan_Rtg,,,,,,,1,1,2393,0x0959,,,,1,InstantCtl,Instant,0,0,Linear,Scalar
Chan018GrpOn001,1,18,1,,,Channel-to-group routing on/off,3234,trj,1,,,,,,,,Chan_Rtg,,,,,,,1,1,2534,0x09E6,,,,1,InstantCtl,Instant,0,0,Linear,Scalar
Chan018GrpOn002,1,18,2,,,Channel-to-group routing on/off,3235,trk,1,,,,,,,,Chan_Rtg,,,,,,,1,1,2535,0x09E7,,,,1,InstantCtl,Instant,0,0,Linear,Scalar
Chan018GrpOn003,1,18,3,,,Channel-to-group routing on/off,3236,trl,1,,,,,,,,Chan_Rtg,,,,,,,1,1,2536,0x09E8,,,,1,InstantCtl,Instant,0,0,Linear,Scalar
Chan018GrpOn004,1,18,4,,,Channel-to-group routing on/off,3237,trm,1,,,,,,,,Chan_Rtg,,,,,,,1,1,2537,0x09E9,,,,1,InstantCtl,Instant,0,0,Linear,Scalar
Chan019GrpOn001,1,19,1,,,Channel-to-group routing on/off,3238,trn,1,,,,,,,,Chan_Rtg,,,,,,,1,1,2678,0x0A76,,,,1,InstantCtl,Instant,0,0,Linear,Scalar
Chan019GrpOn002,1,19,2,,,Channel-to-group routing on/off,3239,tro,1,,,,,,,,Chan_Rtg,,,,,,,1,1,2679,0x0A77,,,,1,InstantCtl,Instant,0,0,Linear,Scalar
Chan019GrpOn003,1,19,3,,,Channel-to-group routing on/off,3240,trp,1,,,,,,,,Chan_Rtg,,,,,,,1,1,2680,0x0A78,,,,1,InstantCtl,Instant,0,0,Linear,Scalar
Chan019GrpOn004,1,19,4,,,Channel-to-group routing on/off,3241,trq,1,,,,,,,,Chan_Rtg,,,,,,,1,1,2681,0x0A79,,,,1,InstantCtl,Instant,0,0,Linear,Scalar
Chan020GrpOn001,1,20,1,,,Channel-to-group routing on/off,3242,trr,1,,,,,,,,Chan_Rtg,,,,,,,1,1,2822,0x0B06,,,,1,InstantCtl,Instant,0,0,Linear,Scalar
Chan020GrpOn002,1,20,2,,,Channel-to-group routing on/off,3243,trs,1,,,,,,,,Chan_Rtg,,,,,,,1,1,2823,0x0B07,,,,1,InstantCtl,Instant,0,0,Linear,Scalar
Chan020GrpOn003,1,20,3,,,Channel-to-group routing on/off,3244,trt,1,,,,,,,,Chan_Rtg,,,,,,,1,1,2824,0x0B08,,,,1,InstantCtl,Instant,0,0,Linear,Scalar
Chan020GrpOn004,1,20,4,,,Channel-to-group routing on/off,3245,tru,1,,,,,,,,Chan_Rtg,,,,,,,1,1,2825,0x0B09,,,,1,InstantCtl,Instant,0,0,Linear,Scalar
Chan021GrpOn001,1,21,1,,,Channel-to-group routing on/off,3246,trv,1,,,,,,,,Chan_Rtg,,,,,,,1,1,2966,0x0B96,,,,1,InstantCtl,Instant,0,0,Linear,Scalar
Chan021GrpOn002,1,21,2,,,Channel-to-group routing on/off,3247,trw,1,,,,,,,,Chan_Rtg,,,,,,,1,1,2967,0x0B97,,,,1,InstantCtl,Instant,0,0,Linear,Scalar
Chan021GrpOn003,1,21,3,,,Channel-to-group routing on/off,3248,tsh,1,,,,,,,,Chan_Rtg,,,,,,,1,1,2968,0x0B98,,,,1,InstantCtl,Instant,0,0,Linear,Scalar
Chan021GrpOn004,1,21,4,,,Channel-to-group routing on/off,3249,tsi,1,,,,,,,,Chan_Rtg,,,,,,,1,1,2969,0x0B99,,,,1,InstantCtl,Instant,0,0,Linear,Scalar
Chan022GrpOn001,1,22,1,,,Channel-to-group routing on/off,3250,tsj,1,,,,,,,,Chan_Rtg,,,,,,,1,1,3110,0x0C26,,,,1,InstantCtl,Instant,0,0,Linear,Scalar
Chan022GrpOn002,1,22,2,,,Channel-to-group routing on/off,3251,tsk,1,,,,,,,,Chan_Rtg,,,,,,,1,1,3111,0x0C27,,,,1,InstantCtl,Instant,0,0,Linear,Scalar
Chan022GrpOn003,1,22,3,,,Channel-to-group routing on/off,3252,tsl,1,,,,,,,,Chan_Rtg,,,,,,,1,1,3112,0x0C28,,,,1,InstantCtl,Instant,0,0,Linear,Scalar
Chan022GrpOn004,1,22,4,,,Channel-to-group routing on/off,3253,tsm,1,,,,,,,,Chan_Rtg,,,,,,,1,1,3113,0x0C29,,,,1,InstantCtl,Instant,0,0,Linear,Scalar
Chan023GrpOn001,1,23,1,,,Channel-to-group routing on/off,3254,tsn,1,,,,,,,,Chan_Rtg,,,,,,,1,1,3254,0x0CB6,,,,1,InstantCtl,Instant,0,0,Linear,Scalar
Chan023GrpOn002,1,23,2,,,Channel-to-group routing on/off,3255,tso,1,,,,,,,,Chan_Rtg,,,,,,,1,1,3255,0x0CB7,,,,1,InstantCtl,Instant,0,0,Linear,Scalar
Chan023GrpOn003,1,23,3,,,Channel-to-group routing on/off,3256,tsp,1,,,,,,,,Chan_Rtg,,,,,,,1,1,3256,0x0CB8,,,,1,InstantCtl,Instant,0,0,Linear,Scalar
Chan023GrpOn004,1,23,4,,,Channel-to-group routing on/off,3257,tsq,1,,,,,,,,Chan_Rtg,,,,,,,1,1,3257,0x0CB9,,,,1,InstantCtl,Instant,0,0,Linear,Scalar
Chan024GrpOn001,1,24,1,,,Channel-to-group routing on/off,3258,tsr,1,,,,,,,,Chan_Rtg,,,,,,,1,1,3398,0x0D46,,,,1,InstantCtl,Instant,0,0,Linear,Scalar
Chan024GrpOn002,1,24,2,,,Channel-to-group routing on/off,3259,tss,1,,,,,,,,Chan_Rtg,,,,,,,1,1,3399,0x0D47,,,,1,InstantCtl,Instant,0,0,Linear,Scalar
Chan024GrpOn003,1,24,3,,,Channel-to-group routing on/off,3260,tst,1,,,,,,,,Chan_Rtg,,,,,,,1,1,3400,0x0D48,,,,1,InstantCtl,Instant,0,0,Linear,Scalar
Chan024GrpOn004,1,24,4,,,Channel-to-group routing on/off,3261,tsu,1,,,,,,,,Chan_Rtg,,,,,,,1,1,3401,0x0D49,,,,1,InstantCtl,Instant,0,0,Linear,Scalar
Chan001Level001,1,1,1,,,Channel fader level,3262,tsv,255,,,,,,,,Chan_Rtg,,dB:Off:-50@31:-30@63:-10@127:10,,,,,1,1,80,0x0050,,,,190,GainFast,Slew,3,8,Exp,Scalar
Chan002Level001,1,2,1,,,Channel fader level,3263,tsw,255,,,,,,,,Chan_Rtg,,dB:Off:-50@31:-30@63:-10@127:10,,,,,1,1,224,0x00E0,,,,190,GainFast,Slew,3,8,Exp,Scalar
Chan003Level001,1,3,1,,,Channel fader level,3264,tth,255,,,,,,,,Chan_Rtg,,dB:Off:-50@31:-30@63:-10@127:10,,,,,1,1,368,0x0170,,,,190,GainFast,Slew,3,8,Exp,Scalar
Chan004Level001,1,4,1,,,Channel fader level,3265,tti,255,,,,,,,,Chan_Rtg,,dB:Off:-50@31:-30@63:-10@127:10,,,,,1,1,512,0x0200,,,,190,GainFast,Slew,3,8,Exp,Scalar
Chan005Level001,1,5,1,,,Channel fader level,3266,ttj,255,,,,,,,,Chan_Rtg,,dB:Off:-50@31:-30@63:-10@127:10,,,,,1,1,656,0x0290,,,,190,GainFast,Slew,3,8,Exp,Scalar
Chan006Level001,1,6,1,,,Channel fader level,3267,ttk,255,,,,,,,,Chan_Rtg,,dB:Off:-50@31:-30@63:-10@127:10,,,,,1,1,800,0x0320,,,,190,GainFast,Slew,3,8,Exp,Scalar
Chan007Level001,1,7,1,,,Channel fader level,3268,ttl,255,,,,,,,,Chan_Rtg,,dB:Off:-50@31:-30@63:-10@127:10,,,,,1,1,944,0x03B0,,,,190,GainFast,Slew,3,8,Exp,Scalar
Chan008Level001,1,8,1,,,Channel fader level,3269,ttm,255,,,,,,,,Chan_Rtg,,dB:Off:-50@31:-30@63:-10@127:10,,,,,1,1,1088,0x0440,,,,190,GainFast,Slew,3,8,Exp,Scalar
Chan009Level001,1,9,1,,,Channel fader level,3270,ttn,255,,,,,,,,Chan_Rtg,,dB:Off:-50@31:-30@63:-10@127:10,,,,,1,1,1232,0x04D0,,,,190,GainFast,Slew,3,8,Exp,Scalar
Chan010Level001,1,10,1,,,Channel fader level,3271,tto,255,,,,,,,,Chan_Rtg,,dB:Off:-50@31:-30@63:-10@127:10,,,,,1,1,1376,0x0560,,,,190,GainFast,Slew,3,8,Exp,Scalar
Chan011Level001,1,11,1,,,Channel fader level,3272,ttp,255,,,,,,,,Chan_Rtg,,dB:Off:-50@31:-30@63:-10@127:10,,,,,1,1,1520,0x05F0,,,,190,GainFast,Slew,3,8,Exp,Scalar
Chan012Level001,1,12,1,,,Channel fader level,3273,ttq,255,,,,,,,,Chan_Rtg,,dB:Off:-50@31:-30@63:-10@127:10,,,,,1,1,1664,0x0680,,,,190,GainFast,Slew,3,8,Exp,Scalar
Chan013Level001,1,13,1,,,Channel fader level,3274,ttr,255,,,,,,,,Chan_Rtg,,dB:Off:-50@31:-30@63:-10@127:10,,,,,1,1,1808,0x0710,,,,190,GainFast,Slew,3,8,Exp,Scalar
Chan014Level001,1,14,1,,,Channel fader level,3275,tts,255,,,,,,,,Chan_Rtg,,dB:Off:-50@31:-30@63:-10@127:10,,,,,1,1,1952,0x07A0,,,,190,GainFast,Slew,3,8,Exp,Scalar
Chan015Level001,1,15,1,,,Channel fader level,3276,ttt,255,,,,,,,,Chan_Rtg,,dB:Off:-50@31:-30@63:-10@127:10,,,,,1,1,2096,0x0830,,,,190,GainFast,Slew,3,8,Exp,Scalar
Chan016Level001,1,16,1,,,Channel fader level,3277,ttu,255,,,,,,,,Chan_Rtg,,dB:Off:-50@31:-30@63:-10@127:10,,,,,1,1,2240,0x08C0,,,,190,GainFast,Slew,3,8,Exp,Scalar
Chan017Level001,1,17,1,,,Channel fader level,3278,ttv,255,,,,,,,,Chan_Rtg,,dB:Off:-50@31:-30@63:-10@127:10,,,,,1,1,2384,0x0950,,,,190,GainFast,Slew,3,8,Exp,Scalar
Chan018Level001,1,18,1,,,Channel fader level,3279,ttw,255,,,,,,,,Chan_Rtg,,dB:Off:-50@31:-30@63:-10@127:10,,,,,1,1,2528,0x09E0,,,,190,GainFast,Slew,3,8,Exp,Scalar
Chan019Level001,1,19,1,,,Channel fader level,3280,tuh,255,,,,,,,,Chan_Rtg,,dB:Off:-50@31:-30@63:-10@127:10,,,,,1,1,2672,0x0A70,,,,190,GainFast,Slew,3,8,Exp,Scalar
Chan020Level001,1,20,1,,,Channel fader level,3281,tui,255,,,,,,,,Chan_Rtg,,dB:Off:-50@31:-30@63:-10@127:10,,,,,1,1,2816,0x0B00,,,,190,GainFast,Slew,3,8,Exp,Scalar
Chan021Level001,1,21,1,,,Channel fader level,3282,tuj,255,,,,,,,,Chan_Rtg,,dB:Off:-50@31:-30@63:-10@127:10,,,,,1,1,2960,0x0B90,,,,190,GainFast,Slew,3,8,Exp,Scalar
Chan022Level001,1,22,1,,,Channel fader level,3283,tuk,255,,,,,,,,Chan_Rtg,,dB:Off:-50@31:-30@63:-10@127:10,,,,,1,1,3104,0x0C20,,,,190,GainFast,Slew,3,8,Exp,Scalar
Chan023Level001,1,23,1,,,Channel fader level,3284,tul,255,,,,,,,,Chan_Rtg,,dB:Off:-50@31:-30@63:-10@127:10,,,,,1,1,3248,0x0CB0,,,,190,GainFast,Slew,3,8,Exp,Scalar
Chan024Level001,1,24,1,,,Channel fader level,3285,tum,255,,,,,,,,Chan_Rtg,,dB:Off:-50@31:-30@63:-10@127:10,,,,,1,1,3392,0x0D40,,,,190,GainFast,Slew,3,8,Exp,Scalar
Chan001MainOn001,1,1,1,,,Channel to main L/R assign on/off,3286,tun,2,,,,,,,,Chan_Rtg,,,,,,,1,1,84,0x0054,,,,1,InstantCtl,Instant,0,0,Linear,Scalar
Chan002MainOn001,1,2,1,,,Channel to main L/R assign on/off,3287,tuo,2,,,,,,,,Chan_Rtg,,,,,,,1,1,228,0x00E4,,,,1,InstantCtl,Instant,0,0,Linear,Scalar
Chan003MainOn001,1,3,1,,,Channel to main L/R assign on/off,3288,tup,2,,,,,,,,Chan_Rtg,,,,,,,1,1,372,0x0174,,,,1,InstantCtl,Instant,0,0,Linear,Scalar
Chan004MainOn001,1,4,1,,,Channel to main L/R assign on/off,3289,tuq,2,,,,,,,,Chan_Rtg,,,,,,,1,1,516,0x0204,,,,1,InstantCtl,Instant,0,0,Linear,Scalar
Chan005MainOn001,1,5,1,,,Channel to main L/R assign on/off,3290,tur,2,,,,,,,,Chan_Rtg,,,,,,,1,1,660,0x0294,,,,1,InstantCtl,Instant,0,0,Linear,Scalar
Chan006MainOn001,1,6,1,,,Channel to main L/R assign on/off,3291,tus,2,,,,,,,,Chan_Rtg,,,,,,,1,1,804,0x0324,,,,1,InstantCtl,Instant,0,0,Linear,Scalar
Chan007MainOn001,1,7,1,,,Channel to main L/R assign on/off,3292,tut,2,,,,,,,,Chan_Rtg,,,,,,,1,1,948,0x03B4,,,,1,InstantCtl,Instant,0,0,Linear,Scalar
Chan008MainOn001,1,8,1,,,Channel to main L/R assign on/off,3293,tuu,2,,,,,,,,Chan_Rtg,,,,,,,1,1,1092,0x0444,,,,1,InstantCtl,Instant,0,0,Linear,Scalar
Chan009MainOn001,1,9,1,,,Channel to main L/R assign on/off,3294,tuv,2,,,,,,,,Chan_Rtg,,,,,,,1,1,1236,0x04D4,,,,1,InstantCtl,Instant,0,0,Linear,Scalar
Chan010MainOn001,1,10,1,,,Channel to main L/R assign on/off,3295,tuw,2,,,,,,,,Chan_Rtg,,,,,,,1,1,1380,0x0564,,,,1,InstantCtl,Instant,0,0,Linear,Scalar
Chan011MainOn001,1,11,1,,,Channel to main L/R assign on/off,3296,tvh,2,,,,,,,,Chan_Rtg,,,,,,,1,1,1524,0x05F4,,,,1,InstantCtl,Instant,0,0,Linear,Scalar
Chan012MainOn001,1,12,1,,,Channel to main L/R assign on/off,3297,tvi,2,,,,,,,,Chan_Rtg,,,,,,,1,1,1668,0x0684,,,,1,InstantCtl,Instant,0,0,Linear,Scalar
Chan013MainOn001,1,13,1,,,Channel to main L/R assign on/off,3298,tvj,2,,,,,,,,Chan_Rtg,,,,,,,1,1,1812,0x0714,,,,1,InstantCtl,Instant,0,0,Linear,Scalar
Chan014MainOn001,1,14,1,,,Channel to main L/R assign on/off,3299,tvk,2,,,,,,,,Chan_Rtg,,,,,,,1,1,1956,0x07A4,,,,1,InstantCtl,Instant,0,0,Linear,Scalar
Chan015MainOn001,1,15,1,,,Channel to main L/R assign on/off,3300,tvl,2,,,,,,,,Chan_Rtg,,,,,,,1,1,2100,0x0834,,,,1,InstantCtl,Instant,0,0,Linear,Scalar
Chan016MainOn001,1,16,1,,,Channel to main L/R assign on/off,3301,tvm,2,,,,,,,,Chan_Rtg,,,,,,,1,1,2244,0x08C4,,,,1,InstantCtl,Instant,0,0,Linear,Scalar
Chan017MainOn001,1,17,1,,,Channel to main L/R assign on/off,3302,tvn,2,,,,,,,,Chan_Rtg,,,,,,,1,1,2388,0x0954,,,,1,InstantCtl,Instant,0,0,Linear,Scalar
Chan018MainOn001,1,18,1,,,Channel to main L/R assign on/off,3303,tvo,2,,,,,,,,Chan_Rtg,,,,,,,1,1,2532,0x09E4,,,,1,InstantCtl,Instant,0,0,Linear,Scalar
Chan019MainOn001,1,19,1,,,Channel to main L/R assign on/off,3304,tvp,2,,,,,,,,Chan_Rtg,,,,,,,1,1,2676,0x0A74,,,,1,InstantCtl,Instant,0,0,Linear,Scalar
Chan020MainOn001,1,20,1,,,Channel to main L/R assign on/off,3305,tvq,2,,,,,,,,Chan_Rtg,,,,,,,1,1,2820,0x0B04,,,,1,InstantCtl,Instant,0,0,Linear,Scalar
Chan021MainOn001,1,21,1,,,Channel to main L/R assign on/off,3306,tvr,2,,,,,,,,Chan_Rtg,,,,,,,1,1,2964,0x0B94,,,,1,InstantCtl,Instant,0,0,Linear,Scalar
Chan022MainOn001,1,22,1,,,Channel to main L/R assign on/off,3307,tvs,2,,,,,,,,Chan_Rtg,,,,,,,1,1,3108,0x0C24,,,,1,InstantCtl,Instant,0,0,Linear,Scalar
Chan023MainOn001,1,23,1,,,Channel to main L/R assign on/off,3308,tvt,2,,,,,,,,Chan_Rtg,,,,,,,1,1,3252,0x0CB4,,,,1,InstantCtl,Instant,0,0,Linear,Scalar
Chan024MainOn001,1,24,1,,,Channel to main L/R assign on/off,3309,tvu,2,,,,,,,,Chan_Rtg,,,,,,,1,1,3396,0x0D44,,,,1,InstantCtl,Instant,0,0,Linear,Scalar
Chan001Mute001,1,1,1,,,Channel mute on/off,3310,tvv,8,,,,,,,,Chan_Rtg,,,,,,,1,1,82,0x0052,,,,0,InstantCtl,Instant,0,0,Linear,Scalar
Chan002Mute001,1,2,1,,,Channel mute on/off,3311,tvw,8,,,,,,,,Chan_Rtg,,,,,,,1,1,226,0x00E2,,,,0,InstantCtl,Instant,0,0,Linear,Scalar
Chan003Mute001,1,3,1,,,Channel mute on/off,3312,twh,8,,,,,,,,Chan_Rtg,,,,,,,1,1,370,0x0172,,,,0,InstantCtl,Instant,0,0,Linear,Scalar
Chan004Mute001,1,4,1,,,Channel mute on/off,3313,twi,8,,,,,,,,Chan_Rtg,,,,,,,1,1,514,0x0202,,,,0,InstantCtl,Instant,0,0,Linear,Scalar
Chan005Mute001,1,5,1,,,Channel mute on/off,3314,twj,8,,,,,,,,Chan_Rtg,,,,,,,1,1,658,0x0292,,,,0,InstantCtl,Instant,0,0,Linear,Scalar
Chan006Mute001,1,6,1,,,Channel mute on/off,3315,twk,8,,,,,,,,Chan_Rtg,,,,,,,1,1,802,0x0322,,,,0,InstantCtl,Instant,0,0,Linear,Scalar
Chan007Mute001,1,7,1,,,Channel mute on/off,3316,twl,8,,,,,,,,Chan_Rtg,,,,,,,1,1,946,0x03B2,,,,0,InstantCtl,Instant,0,0,Linear,Scalar
Chan008Mute001,1,8,1,,,Channel mute on/off,3317,twm,8,,,,,,,,Chan_Rtg,,,,,,,1,1,1090,0x0442,,,,0,InstantCtl,Instant,0,0,Linear,Scalar
Chan009Mute001,1,9,1,,,Channel mute on/off,3318,twn,8,,,,,,,,Chan_Rtg,,,,,,,1,1,1234,0x04D2,,,,0,InstantCtl,Instant,0,0,Linear,Scalar
Chan010Mute001,1,10,1,,,Channel mute on/off,3319,two,8,,,,,,,,Chan_Rtg,,,,,,,1,1,1378,0x0562,,,,0,InstantCtl,Instant,0,0,Linear,Scalar
Chan011Mute001,1,11,1,,,Channel mute on/off,3320,twp,8,,,,,,,,Chan_Rtg,,,,,,,1,1,1522,0x05F2,,,,0,InstantCtl,Instant,0,0,Linear,Scalar
Chan012Mute001,1,12,1,,,Channel mute on/off,3321,twq,8,,,,,,,,Chan_Rtg,,,,,,,1,1,1666,0x0682,,,,0,InstantCtl,Instant,0,0,Linear,Scalar
Chan013Mute001,1,13,1,,,Channel mute on/off,3322,twr,8,,,,,,,,Chan_Rtg,,,,,,,1,1,1810,0x0712,,,,0,InstantCtl,Instant,0,0,Linear,Scalar
Chan014Mute001,1,14,1,,,Channel mute on/off,3323,tws,8,,,,,,,,Chan_Rtg,,,,,,,1,1,1954,0x07A2,,,,0,InstantCtl,Instant,0,0,Linear,Scalar
Chan015Mute001,1,15,1,,,Channel mute on/off,3324,twt,8,,,,,,,,Chan_Rtg,,,,,,,1,1,2098,0x0832,,,,0,InstantCtl,Instant,0,0,Linear,Scalar
Chan016Mute001,1,16,1,,,Channel mute on/off,3325,twu,8,,,,,,,,Chan_Rtg,,,,,,,1,1,2242,0x08C2,,,,0,InstantCtl,Instant,0,0,Linear,Scalar
Chan017Mute001,1,17,1,,,Channel mute on/off,3326,twv,8,,,,,,,,Chan_Rtg,,,,,,,1,1,2386,0x0952,,,,0,InstantCtl,Instant,0,0,Linear,Scalar
Chan018Mute001,1,18,1,,,Channel mute on/off,3327,tww,8,,,,,,,,Chan_Rtg,,,,,,,1,1,2530,0x09E2,,,,0,InstantCtl,Instant,0,0,Linear,Scalar
Chan019Mute001,1,19,1,,,Channel mute on/off,3328,uhh,8,,,,,,,,Chan_Rtg,,,,,,,1,1,2674,0x0A72,,,,0,InstantCtl,Instant,0,0,Linear,Scalar
Chan020Mute001,1,20,1,,,Channel mute on/off,3329,uhi,8,,,,,,,,Chan_Rtg,,,,,,,1,1,2818,0x0B02,,,,0,InstantCtl,Instant,0,0,Linear,Scalar
Chan021Mute001,1,21,1,,,Channel mute on/off,3330,uhj,8,,,,,,,,Chan_Rtg,,,,,,,1,1,2962,0x0B92,,,,0,InstantCtl,Instant,0,0,Linear,Scalar
Chan022Mute001,1,22,1,,,Channel mute on/off,3331,uhk,8,,,,,,,,Chan_Rtg,,,,,,,1,1,3106,0x0C22,,,,0,InstantCtl,Instant,0,0,Linear,Scalar
Chan023Mute001,1,23,1,,,Channel mute on/off,3332,uhl,8,,,,,,,,Chan_Rtg,,,,,,,1,1,3250,0x0CB2,,,,0,InstantCtl,Instant,0,0,Linear,Scalar
Chan024Mute001,1,24,1,,,Channel mute on/off,3333,uhm,8,,,,,,,,Chan_Rtg,,,,,,,1,1,3394,0x0D42,,,,0,InstantCtl,Instant,0,0,Linear,Scalar
Chan001Pan001,1,1,1,,,Channel pan L/R position,3334,uhn,127,,,,,,,,Chan_Rtg,,Pan:dB:0:Off,,,,,1,1,81,0x0051,,,,63,GainFast,Slew,3,8,Exp,Scalar
Chan002Pan001,1,2,1,,,Channel pan L/R position,3335,uho,127,,,,,,,,Chan_Rtg,,Pan:dB:0:Off,,,,,1,1,225,0x00E1,,,,63,GainFast,Slew,3,8,Exp,Scalar
Chan003Pan001,1,3,1,,,Channel pan L/R position,3336,uhp,127,,,,,,,,Chan_Rtg,,Pan:dB:0:Off,,,,,1,1,369,0x0171,,,,63,GainFast,Slew,3,8,Exp,Scalar
Chan004Pan001,1,4,1,,,Channel pan L/R position,3337,uhq,127,,,,,,,,Chan_Rtg,,Pan:dB:0:Off,,,,,1,1,513,0x0201,,,,63,GainFast,Slew,3,8,Exp,Scalar
Chan005Pan001,1,5,1,,,Channel pan L/R position,3338,uhr,127,,,,,,,,Chan_Rtg,,Pan:dB:0:Off,,,,,1,1,657,0x0291,,,,63,GainFast,Slew,3,8,Exp,Scalar
Chan006Pan001,1,6,1,,,Channel pan L/R position,3339,uhs,127,,,,,,,,Chan_Rtg,,Pan:dB:0:Off,,,,,1,1,801,0x0321,,,,63,GainFast,Slew,3,8,Exp,Scalar
Chan007Pan001,1,7,1,,,Channel pan L/R position,3340,uht,127,,,,,,,,Chan_Rtg,,Pan:dB:0:Off,,,,,1,1,945,0x03B1,,,,63,GainFast,Slew,3,8,Exp,Scalar
Chan008Pan001,1,8,1,,,Channel pan L/R position,3341,uhu,127,,,,,,,,Chan_Rtg,,Pan:dB:0:Off,,,,,1,1,1089,0x0441,,,,63,GainFast,Slew,3,8,Exp,Scalar
Chan009Pan001,1,9,1,,,Channel pan L/R position,3342,uhv,127,,,,,,,,Chan_Rtg,,Pan:dB:0:Off,,,,,1,1,1233,0x04D1,,,,63,GainFast,Slew,3,8,Exp,Scalar
Chan010Pan001,1,10,1,,,Channel pan L/R position,3343,uhw,127,,,,,,,,Chan_Rtg,,Pan:dB:0:Off,,,,,1,1,1377,0x0561,,,,63,GainFast,Slew,3,8,Exp,Scalar
Chan011Pan001,1,11,1,,,Channel pan L/R position,3344,uih,127,,,,,,,,Chan_Rtg,,Pan:dB:0:Off,,,,,1,1,1521,0x05F1,,,,63,GainFast,Slew,3,8,Exp,Scalar
Chan012Pan001,1,12,1,,,Channel pan L/R position,3345,uii,127,,,,,,,,Chan_Rtg,,Pan:dB:0:Off,,,,,1,1,1665,0x0681,,,,63,GainFast,Slew,3,8,Exp,Scalar
Chan013Pan001,1,13,1,,,Channel pan L/R position,3346,uij,127,,,,,,,,Chan_Rtg,,Pan:dB:0:Off,,,,,1,1,1809,0x0711,,,,63,GainFast,Slew,3,8,Exp,Scalar
Chan014Pan001,1,14,1,,,Channel pan L/R position,3347,uik,127,,,,,,,,Chan_Rtg,,Pan:dB:0:Off,,,,,1,1,1953,0x07A1,,,,63,GainFast,Slew,3,8,Exp,Scalar
Chan015Pan001,1,15,1,,,Channel pan L/R position,3348,uil,127,,,,,,,,Chan_Rtg,,Pan:dB:0:Off,,,,,1,1,2097,0x0831,,,,63,GainFast,Slew,3,8,Exp,Scalar
Chan016Pan001,1,16,1,,,Channel pan L/R position,3349,uim,127,,,,,,,,Chan_Rtg,,Pan:dB:0:Off,,,,,1,1,2241,0x08C1,,,,63,GainFast,Slew,3,8,Exp,Scalar
Chan017Pan001,1,17,1,,,Channel pan L/R position,3350,uin,127,,,,,,,,Chan_Rtg,,Pan:dB:0:Off,,,,,1,1,2385,0x0951,,,,63,GainFast,Slew,3,8,Exp,Scalar
Chan018Pan001,1,18,1,,,Channel pan L/R position,3351,uio,127,,,,,,,,Chan_Rtg,,Pan:dB:0:Off,,,,,1,1,2529,0x09E1,,,,63,GainFast,Slew,3,8,Exp,Scalar
Chan019Pan001,1,19,1,,,Channel pan L/R position,3352,uip,127,,,,,,,,Chan_Rtg,,Pan:dB:0:Off,,,,,1,1,2673,0x0A71,,,,63,GainFast,Slew,3,8,Exp,Scalar
Chan020Pan001,1,20,1,,,Channel pan L/R position,3353,uiq,127,,,,,,,,Chan_Rtg,,Pan:dB:0:Off,,,,,1,1,2817,0x0B01,,,,63,GainFast,Slew,3,8,Exp,Scalar
Chan021Pan001,1,21,1,,,Channel pan L/R position,3354,uir,127,,,,,,,,Chan_Rtg,,Pan:dB:0:Off,,,,,1,1,2961,0x0B91,,,,63,GainFast,Slew,3,8,Exp,Scalar
Chan022Pan001,1,22,1,,,Channel pan L/R position,3355,uis,127,,,,,,,,Chan_Rtg,,Pan:dB:0:Off,,,,,1,1,3105,0x0C21,,,,63,GainFast,Slew,3,8,Exp,Scalar
Chan023Pan001,1,23,1,,,Channel pan L/R position,3356,uit,127,,,,,,,,Chan_Rtg,,Pan:dB:0:Off,,,,,1,1,3249,0x0CB1,,,,63,GainFast,Slew,3,8,Exp,Scalar
Chan024Pan001,1,24,1,,,Channel pan L/R position,3357,uiu,127,,,,,,,,Chan_Rtg,,Pan:dB:0:Off,,,,,1,1,3393,0x0D41,,,,63,GainFast,Slew,3,8,Exp,Scalar
Chan001TubeSat001,1,1,1,,,Tube saturation amount,3358,uiv,33,,,,,,,,ChanComp,,0=0/127=100/[Lin],,,,,1,1,77,0x004D,,,,0,GainFast,Slew,3,8,Exp,Scalar
Chan002TubeSat001,1,2,1,,,Tube saturation amount,3359,uiw,33,,,,,,,,ChanComp,,0=0/127=100/[Lin],,,,,1,1,221,0x00DD,,,,0,GainFast,Slew,3,8,Exp,Scalar
Chan003TubeSat001,1,3,1,,,Tube saturation amount,3360,ujh,33,,,,,,,,ChanComp,,0=0/127=100/[Lin],,,,,1,1,365,0x016D,,,,0,GainFast,Slew,3,8,Exp,Scalar
Chan004TubeSat001,1,4,1,,,Tube saturation amount,3361,uji,33,,,,,,,,ChanComp,,0=0/127=100/[Lin],,,,,1,1,509,0x01FD,,,,0,GainFast,Slew,3,8,Exp,Scalar
Chan005TubeSat001,1,5,1,,,Tube saturation amount,3362,ujj,33,,,,,,,,ChanComp,,0=0/127=100/[Lin],,,,,1,1,653,0x028D,,,,0,GainFast,Slew,3,8,Exp,Scalar
Chan006TubeSat001,1,6,1,,,Tube saturation amount,3363,ujk,33,,,,,,,,ChanComp,,0=0/127=100/[Lin],,,,,1,1,797,0x031D,,,,0,GainFast,Slew,3,8,Exp,Scalar
Chan007TubeSat001,1,7,1,,,Tube saturation amount,3364,ujl,33,,,,,,,,ChanComp,,0=0/127=100/[Lin],,,,,1,1,941,0x03AD,,,,0,GainFast,Slew,3,8,Exp,Scalar
Chan008TubeSat001,1,8,1,,,Tube saturation amount,3365,ujm,33,,,,,,,,ChanComp,,0=0/127=100/[Lin],,,,,1,1,1085,0x043D,,,,0,GainFast,Slew,3,8,Exp,Scalar
Chan009TubeSat001,1,9,1,,,Tube saturation amount,3366,ujn,33,,,,,,,,ChanComp,,0=0/127=100/[Lin],,,,,1,1,1229,0x04CD,,,,0,GainFast,Slew,3,8,Exp,Scalar
Chan010TubeSat001,1,10,1,,,Tube saturation amount,3367,ujo,33,,,,,,,,ChanComp,,0=0/127=100/[Lin],,,,,1,1,1373,0x055D,,,,0,GainFast,Slew,3,8,Exp,Scalar
Chan011TubeSat001,1,11,1,,,Tube saturation amount,3368,ujp,33,,,,,,,,ChanComp,,0=0/127=100/[Lin],,,,,1,1,1517,0x05ED,,,,0,GainFast,Slew,3,8,Exp,Scalar
Chan012TubeSat001,1,12,1,,,Tube saturation amount,3369,ujq,33,,,,,,,,ChanComp,,0=0/127=100/[Lin],,,,,1,1,1661,0x067D,,,,0,GainFast,Slew,3,8,Exp,Scalar
Chan013TubeSat001,1,13,1,,,Tube saturation amount,3370,ujr,33,,,,,,,,ChanComp,,0=0/127=100/[Lin],,,,,1,1,1805,0x070D,,,,0,GainFast,Slew,3,8,Exp,Scalar
Chan014TubeSat001,1,14,1,,,Tube saturation amount,3371,ujs,33,,,,,,,,ChanComp,,0=0/127=100/[Lin],,,,,1,1,1949,0x079D,,,,0,GainFast,Slew,3,8,Exp,Scalar
Chan015TubeSat001,1,15,1,,,Tube saturation amount,3372,ujt,33,,,,,,,,ChanComp,,0=0/127=100/[Lin],,,,,1,1,2093,0x082D,,,,0,GainFast,Slew,3,8,Exp,Scalar
Chan016TubeSat001,1,16,1,,,Tube saturation amount,3373,uju,33,,,,,,,,ChanComp,,0=0/127=100/[Lin],,,,,1,1,2237,0x08BD,,,,0,GainFast,Slew,3,8,Exp,Scalar
Chan017TubeSat001,1,17,1,,,Tube saturation amount,3374,ujv,33,,,,,,,,ChanComp,,0=0/127=100/[Lin],,,,,1,1,2381,0x094D,,,,0,GainFast,Slew,3,8,Exp,Scalar
Chan018TubeSat001,1,18,1,,,Tube saturation amount,3375,ujw,33,,,,,,,,ChanComp,,0=0/127=100/[Lin],,,,,1,1,2525,0x09DD,,,,0,GainFast,Slew,3,8,Exp,Scalar
Chan019TubeSat001,1,19,1,,,Tube saturation amount,3376,ukh,33,,,,,,,,ChanComp,,0=0/127=100/[Lin],,,,,1,1,2669,0x0A6D,,,,0,GainFast,Slew,3,8,Exp,Scalar
Chan020TubeSat001,1,20,1,,,Tube saturation amount,3377,uki,33,,,,,,,,ChanComp,,0=0/127=100/[Lin],,,,,1,1,2813,0x0AFD,,,,0,GainFast,Slew,3,8,Exp,Scalar
Chan021TubeSat001,1,21,1,,,Tube saturation amount,3378,ukj,33,,,,,,,,ChanComp,,0=0/127=100/[Lin],,,,,1,1,2957,0x0B8D,,,,0,GainFast,Slew,3,8,Exp,Scalar
Chan022TubeSat001,1,22,1,,,Tube saturation amount,3379,ukk,33,,,,,,,,ChanComp,,0=0/127=100/[Lin],,,,,1,1,3101,0x0C1D,,,,0,GainFast,Slew,3,8,Exp,Scalar
Chan023TubeSat001,1,23,1,,,Tube saturation amount,3380,ukl,33,,,,,,,,ChanComp,,0=0/127=100/[Lin],,,,,1,1,3245,0x0CAD,,,,0,GainFast,Slew,3,8,Exp,Scalar
Chan024TubeSat001,1,24,1,,,Tube saturation amount,3381,ukm,33,,,,,,,,ChanComp,,0=0/127=100/[Lin],,,,,1,1,3389,0x0D3D,,,,0,GainFast,Slew,3,8,Exp,Scalar
Chan001TubeOn001,1,1,1,,,Tube saturation on/off,3382,ukn,2,,,,,,,,ChanComp,,,,,,,1,1,76,0x004C,,,,0,InstantCtl,Instant,0,0,Linear,Scalar
Chan002TubeOn001,1,2,1,,,Tube saturation on/off,3383,uko,2,,,,,,,,ChanComp,,,,,,,1,1,220,0x00DC,,,,0,InstantCtl,Instant,0,0,Linear,Scalar
Chan003TubeOn001,1,3,1,,,Tube saturation on/off,3384,ukp,2,,,,,,,,ChanComp,,,,,,,1,1,364,0x016C,,,,0,InstantCtl,Instant,0,0,Linear,Scalar
Chan004TubeOn001,1,4,1,,,Tube saturation on/off,3385,ukq,2,,,,,,,,ChanComp,,,,,,,1,1,508,0x01FC,,,,0,InstantCtl,Instant,0,0,Linear,Scalar
Chan005TubeOn001,1,5,1,,,Tube saturation on/off,3386,ukr,2,,,,,,,,ChanComp,,,,,,,1,1,652,0x028C,,,,0,InstantCtl,Instant,0,0,Linear,Scalar
Chan006TubeOn001,1,6,1,,,Tube saturation on/off,3387,uks,2,,,,,,,,ChanComp,,,,,,,1,1,796,0x031C,,,,0,InstantCtl,Instant,0,0,Linear,Scalar
Chan007TubeOn001,1,7,1,,,Tube saturation on/off,3388,ukt,2,,,,,,,,ChanComp,,,,,,,1,1,940,0x03AC,,,,0,InstantCtl,Instant,0,0,Linear,Scalar
Chan008TubeOn001,1,8,1,,,Tube saturation on/off,3389,uku,2,,,,,,,,ChanComp,,,,,,,1,1,1084,0x043C,,,,0,InstantCtl,Instant,0,0,Linear,Scalar
Chan009TubeOn001,1,9,1,,,Tube saturation on/off,3390,ukv,2,,,,,,,,ChanComp,,,,,,,1,1,1228,0x04CC,,,,0,InstantCtl,Instant,0,0,Linear,Scalar
Chan010TubeOn001,1,10,1,,,Tube saturation on/off,3391,ukw,2,,,,,,,,ChanComp,,,,,,,1,1,1372,0x055C,,,,0,InstantCtl,Instant,0,0,Linear,Scalar
Chan011TubeOn001,1,11,1,,,Tube saturation on/off,3392,ulh,2,,,,,,,,ChanComp,,,,,,,1,1,1516,0x05EC,,,,0,InstantCtl,Instant,0,0,Linear,Scalar
Chan012TubeOn001,1,12,1,,,Tube saturation on/off,3393,uli,2,,,,,,,,ChanComp,,,,,,,1,1,1660,0x067C,,,,0,InstantCtl,Instant,0,0,Linear,Scalar
Chan013TubeOn001,1,13,1,,,Tube saturation on/off,3394,ulj,2,,,,,,,,ChanComp,,,,,,,1,1,1804,0x070C,,,,0,InstantCtl,Instant,0,0,Linear,Scalar
Chan014TubeOn001,1,14,1,,,Tube saturation on/off,3395,ulk,2,,,,,,,,ChanComp,,,,,,,1,1,1948,0x079C,,,,0,InstantCtl,Instant,0,0,Linear,Scalar
Chan015TubeOn001,1,15,1,,,Tube saturation on/off,3396,ull,2,,,,,,,,ChanComp,,,,,,,1,1,2092,0x082C,,,,0,InstantCtl,Instant,0,0,Linear,Scalar
Chan016TubeOn001,1,16,1,,,Tube saturation on/off,3397,ulm,2,,,,,,,,ChanComp,,,,,,,1,1,2236,0x08BC,,,,0,InstantCtl,Instant,0,0,Linear,Scalar
Chan017TubeOn001,1,17,1,,,Tube saturation on/off,3398,uln,2,,,,,,,,ChanComp,,,,,,,1,1,2380,0x094C,,,,0,InstantCtl,Instant,0,0,Linear,Scalar
Chan018TubeOn001,1,18,1,,,Tube saturation on/off,3399,ulo,2,,,,,,,,ChanComp,,,,,,,1,1,2524,0x09DC,,,,0,InstantCtl,Instant,0,0,Linear,Scalar
Chan019TubeOn001,1,19,1,,,Tube saturation on/off,3400,ulp,2,,,,,,,,ChanComp,,,,,,,1,1,2668,0x0A6C,,,,0,InstantCtl,Instant,0,0,Linear,Scalar
Chan020TubeOn001,1,20,1,,,Tube saturation on/off,3401,ulq,2,,,,,,,,ChanComp,,,,,,,1,1,2812,0x0AFC,,,,0,InstantCtl,Instant,0,0,Linear,Scalar
Chan021TubeOn001,1,21,1,,,Tube saturation on/off,3402,ulr,2,,,,,,,,ChanComp,,,,,,,1,1,2956,0x0B8C,,,,0,InstantCtl,Instant,0,0,Linear,Scalar
Chan022TubeOn001,1,22,1,,,Tube saturation on/off,3403,uls,2,,,,,,,,ChanComp,,,,,,,1,1,3100,0x0C1C,,,,0,InstantCtl,Instant,0,0,Linear,Scalar
Chan023TubeOn001,1,23,1,,,Tube saturation on/off,3404,ult,2,,,,,,,,ChanComp,,,,,,,1,1,3244,0x0CAC,,,,0,InstantCtl,Instant,0,0,Linear,Scalar
Chan024TubeOn001,1,24,1,,,Tube saturation on/off,3405,ulu,2,,,,,,,,ChanComp,,,,,,,1,1,3388,0x0D3C,,,,0,InstantCtl,Instant,0,0,Linear,Scalar
CodecAux001On001,1,1,1,,false,Codec aux input on/off,3406,ulv,2,,,,,,,,,,,,,,,2,1,1858,0x0742,,,,1,InstantCtl,Instant,0,0,Linear,Scalar
CodecAux001Level001,1,1,1,,false,Codec aux input level,3407,ulw,255,,,,,,,,,,0=-20/127=6/[Lin],,,,,2,1,1857,0x0741,,,,,GainFast,Slew,3,8,Exp,Scalar
Dca001Level001,1,1,1,,,DCA group master fader level,3408,umh,255,,,,,,,,DcaCtrl,,dB:Off:-50@31:-30@63:-10@127:10,,,,,2,1,1801,0x0709,,,,190,GainFast,Slew,3,8,Exp,Scalar
Dca002Level001,1,2,1,,,DCA group master fader level,3409,umi,255,,,,,,,,DcaCtrl,,dB:Off:-50@31:-30@63:-10@127:10,,,,,2,1,1803,0x070B,,,,190,GainFast,Slew,3,8,Exp,Scalar
Dca003Level001,1,3,1,,,DCA group master fader level,3410,umj,255,,,,,,,,DcaCtrl,,dB:Off:-50@31:-30@63:-10@127:10,,,,,2,1,1805,0x070D,,,,190,GainFast,Slew,3,8,Exp,Scalar
Dca004Level001,1,4,1,,,DCA group master fader level,3411,umk,255,,,,,,,,DcaCtrl,,dB:Off:-50@31:-30@63:-10@127:10,,,,,2,1,1807,0x070F,,,,190,GainFast,Slew,3,8,Exp,Scalar
Dca005Level001,1,5,1,,,DCA group master fader level,3412,uml,255,,,,,,,,DcaCtrl,,dB:Off:-50@31:-30@63:-10@127:10,,,,,2,1,1809,0x0711,,,,190,GainFast,Slew,3,8,Exp,Scalar
Dca006Level001,1,6,1,,,DCA group master fader level,3413,umm,255,,,,,,,,DcaCtrl,,dB:Off:-50@31:-30@63:-10@127:10,,,,,2,1,1811,0x0713,,,,190,GainFast,Slew,3,8,Exp,Scalar
Dca007Level001,1,7,1,,,DCA group master fader level,3414,umn,255,,,,,,,,DcaCtrl,,dB:Off:-50@31:-30@63:-10@127:10,,,,,2,1,1813,0x0715,,,,190,GainFast,Slew,3,8,Exp,Scalar
Dca008Level001,1,8,1,,,DCA group master fader level,3415,umo,255,,,,,,,,DcaCtrl,,dB:Off:-50@31:-30@63:-10@127:10,,,,,2,1,1815,0x0717,,,,190,GainFast,Slew,3,8,Exp,Scalar
Dca001Mute001,1,1,1,,,DCA group mute on/off,3416,ump,2,,,,,,,,DcaCtrl,,,,,,,2,1,1802,0x070A,,,,0,InstantCtl,Instant,0,0,Linear,Scalar
Dca002Mute001,1,2,1,,,DCA group mute on/off,3417,umq,2,,,,,,,,DcaCtrl,,,,,,,2,1,1804,0x070C,,,,0,InstantCtl,Instant,0,0,Linear,Scalar
Dca003Mute001,1,3,1,,,DCA group mute on/off,3418,umr,2,,,,,,,,DcaCtrl,,,,,,,2,1,1806,0x070E,,,,0,InstantCtl,Instant,0,0,Linear,Scalar
Dca004Mute001,1,4,1,,,DCA group mute on/off,3419,ums,2,,,,,,,,DcaCtrl,,,,,,,2,1,1808,0x0710,,,,0,InstantCtl,Instant,0,0,Linear,Scalar
Dca005Mute001,1,5,1,,,DCA group mute on/off,3420,umt,2,,,,,,,,DcaCtrl,,,,,,,2,1,1810,0x0712,,,,0,InstantCtl,Instant,0,0,Linear,Scalar
Dca006Mute001,1,6,1,,,DCA group mute on/off,3421,umu,2,,,,,,,,DcaCtrl,,,,,,,2,1,1812,0x0714,,,,0,InstantCtl,Instant,0,0,Linear,Scalar
Dca007Mute001,1,7,1,,,DCA group mute on/off,3422,umv,2,,,,,,,,DcaCtrl,,,,,,,2,1,1814,0x0716,,,,0,InstantCtl,Instant,0,0,Linear,Scalar
Dca008Mute001,1,8,1,,,DCA group mute on/off,3423,umw,2,,,,,,,,DcaCtrl,,,,,,,2,1,1816,0x0718,,,,0,InstantCtl,Instant,0,0,Linear,Scalar
Fdr001Grp001,1,1,1,,false,Fader group membership (ch assign),3424,unh,1,,,,,,,,,,,,,,,,,,,,,,0,,,,,,
Fdr001Grp002,1,1,2,,false,Fader group membership (ch assign),3425,uni,1,,,,,,,,,,,,,,,,,,,,,,0,,,,,,
Fdr001Grp003,1,1,3,,false,Fader group membership (ch assign),3426,unj,1,,,,,,,,,,,,,,,,,,,,,,0,,,,,,
Fdr001Grp004,1,1,4,,false,Fader group membership (ch assign),3427,unk,1,,,,,,,,,,,,,,,,,,,,,,0,,,,,,
Fdr001Grp005,1,1,5,,false,Fader group membership (ch assign),3428,unl,1,,,,,,,,,,,,,,,,,,,,,,0,,,,,,
Fdr001Grp006,1,1,6,,false,Fader group membership (ch assign),3429,unm,1,,,,,,,,,,,,,,,,,,,,,,0,,,,,,
Fdr001Grp007,1,1,7,,false,Fader group membership (ch assign),3430,unn,1,,,,,,,,,,,,,,,,,,,,,,0,,,,,,
Fdr001Grp008,1,1,8,,false,Fader group membership (ch assign),3431,uno,1,,,,,,,,,,,,,,,,,,,,,,0,,,,,,
Fdr001Grp009,1,1,9,,false,Fader group membership (ch assign),3432,unp,1,,,,,,,,,,,,,,,,,,,,,,0,,,,,,
Fdr001Grp010,1,1,10,,false,Fader group membership (ch assign),3433,unq,1,,,,,,,,,,,,,,,,,,,,,,0,,,,,,
Fdr001Grp011,1,1,11,,false,Fader group membership (ch assign),3434,unr,1,,,,,,,,,,,,,,,,,,,,,,0,,,,,,
Fdr001Grp012,1,1,12,,false,Fader group membership (ch assign),3435,uns,1,,,,,,,,,,,,,,,,,,,,,,0,,,,,,
Fdr001Grp013,1,1,13,,false,Fader group membership (ch assign),3436,unt,1,,,,,,,,,,,,,,,,,,,,,,0,,,,,,
Fdr001Grp014,1,1,14,,false,Fader group membership (ch assign),3437,unu,1,,,,,,,,,,,,,,,,,,,,,,0,,,,,,
Fdr001Grp015,1,1,15,,false,Fader group membership (ch assign),3438,unv,1,,,,,,,,,,,,,,,,,,,,,,0,,,,,,
Fdr001Grp016,1,1,16,,false,Fader group membership (ch assign),3439,unw,1,,,,,,,,,,,,,,,,,,,,,,0,,,,,,
Fdr001Grp017,1,1,17,,false,Fader group membership (ch assign),3440,uoh,1,,,,,,,,,,,,,,,,,,,,,,0,,,,,,
Fdr001Grp018,1,1,18,,false,Fader group membership (ch assign),3441,uoi,1,,,,,,,,,,,,,,,,,,,,,,0,,,,,,
Fdr001Grp019,1,1,19,,false,Fader group membership (ch assign),3442,uoj,1,,,,,,,,,,,,,,,,,,,,,,0,,,,,,
Fdr001Grp020,1,1,20,,false,Fader group membership (ch assign),3443,uok,1,,,,,,,,,,,,,,,,,,,,,,0,,,,,,
Fdr001Grp021,1,1,21,,false,Fader group membership (ch assign),3444,uol,1,,,,,,,,,,,,,,,,,,,,,,0,,,,,,
Fdr001Grp022,1,1,22,,false,Fader group membership (ch assign),3445,uom,1,,,,,,,,,,,,,,,,,,,,,,0,,,,,,
Fdr001Grp023,1,1,23,,false,Fader group membership (ch assign),3446,uon,1,,,,,,,,,,,,,,,,,,,,,,0,,,,,,
Fdr001Grp024,1,1,24,,false,Fader group membership (ch assign),3447,uoo,1,,,,,,,,,,,,,,,,,,,,,,0,,,,,,
Fdr002Grp001,1,2,1,,false,Fader group membership (ch assign),3448,uop,1,,,,,,,,,,,,,,,,,,,,,,0,,,,,,
Fdr002Grp002,1,2,2,,false,Fader group membership (ch assign),3449,uoq,1,,,,,,,,,,,,,,,,,,,,,,0,,,,,,
Fdr002Grp003,1,2,3,,false,Fader group membership (ch assign),3450,uor,1,,,,,,,,,,,,,,,,,,,,,,0,,,,,,
Fdr002Grp004,1,2,4,,false,Fader group membership (ch assign),3451,uos,1,,,,,,,,,,,,,,,,,,,,,,0,,,,,,
Fdr002Grp005,1,2,5,,false,Fader group membership (ch assign),3452,uot,1,,,,,,,,,,,,,,,,,,,,,,0,,,,,,
Fdr002Grp006,1,2,6,,false,Fader group membership (ch assign),3453,uou,1,,,,,,,,,,,,,,,,,,,,,,0,,,,,,
Fdr002Grp007,1,2,7,,false,Fader group membership (ch assign),3454,uov,1,,,,,,,,,,,,,,,,,,,,,,0,,,,,,
Fdr002Grp008,1,2,8,,false,Fader group membership (ch assign),3455,uow,1,,,,,,,,,,,,,,,,,,,,,,0,,,,,,
Fdr002Grp009,1,2,9,,false,Fader group membership (ch assign),3456,uph,1,,,,,,,,,,,,,,,,,,,,,,0,,,,,,
Fdr002Grp010,1,2,10,,false,Fader group membership (ch assign),3457,upi,1,,,,,,,,,,,,,,,,,,,,,,0,,,,,,
Fdr002Grp011,1,2,11,,false,Fader group membership (ch assign),3458,upj,1,,,,,,,,,,,,,,,,,,,,,,0,,,,,,
Fdr002Grp012,1,2,12,,false,Fader group membership (ch assign),3459,upk,1,,,,,,,,,,,,,,,,,,,,,,0,,,,,,
Fdr002Grp013,1,2,13,,false,Fader group membership (ch assign),3460,upl,1,,,,,,,,,,,,,,,,,,,,,,0,,,,,,
Fdr002Grp014,1,2,14,,false,Fader group membership (ch assign),3461,upm,1,,,,,,,,,,,,,,,,,,,,,,0,,,,,,
Fdr002Grp015,1,2,15,,false,Fader group membership (ch assign),3462,upn,1,,,,,,,,,,,,,,,,,,,,,,0,,,,,,
Fdr002Grp016,1,2,16,,false,Fader group membership (ch assign),3463,upo,1,,,,,,,,,,,,,,,,,,,,,,0,,,,,,
Fdr002Grp017,1,2,17,,false,Fader group membership (ch assign),3464,upp,1,,,,,,,,,,,,,,,,,,,,,,0,,,,,,
Fdr002Grp018,1,2,18,,false,Fader group membership (ch assign),3465,upq,1,,,,,,,,,,,,,,,,,,,,,,0,,,,,,
Fdr002Grp019,1,2,19,,false,Fader group membership (ch assign),3466,upr,1,,,,,,,,,,,,,,,,,,,,,,0,,,,,,
Fdr002Grp020,1,2,20,,false,Fader group membership (ch assign),3467,ups,1,,,,,,,,,,,,,,,,,,,,,,0,,,,,,
Fdr002Grp021,1,2,21,,false,Fader group membership (ch assign),3468,upt,1,,,,,,,,,,,,,,,,,,,,,,0,,,,,,
Fdr002Grp022,1,2,22,,false,Fader group membership (ch assign),3469,upu,1,,,,,,,,,,,,,,,,,,,,,,0,,,,,,
Fdr002Grp023,1,2,23,,false,Fader group membership (ch assign),3470,upv,1,,,,,,,,,,,,,,,,,,,,,,0,,,,,,
Fdr002Grp024,1,2,24,,false,Fader group membership (ch assign),3471,upw,1,,,,,,,,,,,,,,,,,,,,,,0,,,,,,
Fdr003Grp001,1,3,1,,false,Fader group membership (ch assign),3472,uqh,1,,,,,,,,,,,,,,,,,,,,,,0,,,,,,
Fdr003Grp002,1,3,2,,false,Fader group membership (ch assign),3473,uqi,1,,,,,,,,,,,,,,,,,,,,,,0,,,,,,
Fdr003Grp003,1,3,3,,false,Fader group membership (ch assign),3474,uqj,1,,,,,,,,,,,,,,,,,,,,,,0,,,,,,
Fdr003Grp004,1,3,4,,false,Fader group membership (ch assign),3475,uqk,1,,,,,,,,,,,,,,,,,,,,,,0,,,,,,
Fdr003Grp005,1,3,5,,false,Fader group membership (ch assign),3476,uql,1,,,,,,,,,,,,,,,,,,,,,,0,,,,,,
Fdr003Grp006,1,3,6,,false,Fader group membership (ch assign),3477,uqm,1,,,,,,,,,,,,,,,,,,,,,,0,,,,,,
Fdr003Grp007,1,3,7,,false,Fader group membership (ch assign),3478,uqn,1,,,,,,,,,,,,,,,,,,,,,,0,,,,,,
Fdr003Grp008,1,3,8,,false,Fader group membership (ch assign),3479,uqo,1,,,,,,,,,,,,,,,,,,,,,,0,,,,,,
Fdr003Grp009,1,3,9,,false,Fader group membership (ch assign),3480,uqp,1,,,,,,,,,,,,,,,,,,,,,,0,,,,,,
Fdr003Grp010,1,3,10,,false,Fader group membership (ch assign),3481,uqq,1,,,,,,,,,,,,,,,,,,,,,,0,,,,,,
Fdr003Grp011,1,3,11,,false,Fader group membership (ch assign),3482,uqr,1,,,,,,,,,,,,,,,,,,,,,,0,,,,,,
Fdr003Grp012,1,3,12,,false,Fader group membership (ch assign),3483,uqs,1,,,,,,,,,,,,,,,,,,,,,,0,,,,,,
Fdr003Grp013,1,3,13,,false,Fader group membership (ch assign),3484,uqt,1,,,,,,,,,,,,,,,,,,,,,,0,,,,,,
Fdr003Grp014,1,3,14,,false,Fader group membership (ch assign),3485,uqu,1,,,,,,,,,,,,,,,,,,,,,,0,,,,,,
Fdr003Grp015,1,3,15,,false,Fader group membership (ch assign),3486,uqv,1,,,,,,,,,,,,,,,,,,,,,,0,,,,,,
Fdr003Grp016,1,3,16,,false,Fader group membership (ch assign),3487,uqw,1,,,,,,,,,,,,,,,,,,,,,,0,,,,,,
Fdr003Grp017,1,3,17,,false,Fader group membership (ch assign),3488,urh,1,,,,,,,,,,,,,,,,,,,,,,0,,,,,,
Fdr003Grp018,1,3,18,,false,Fader group membership (ch assign),3489,uri,1,,,,,,,,,,,,,,,,,,,,,,0,,,,,,
Fdr003Grp019,1,3,19,,false,Fader group membership (ch assign),3490,urj,1,,,,,,,,,,,,,,,,,,,,,,0,,,,,,
Fdr003Grp020,1,3,20,,false,Fader group membership (ch assign),3491,urk,1,,,,,,,,,,,,,,,,,,,,,,0,,,,,,
Fdr003Grp021,1,3,21,,false,Fader group membership (ch assign),3492,url,1,,,,,,,,,,,,,,,,,,,,,,0,,,,,,
Fdr003Grp022,1,3,22,,false,Fader group membership (ch assign),3493,urm,1,,,,,,,,,,,,,,,,,,,,,,0,,,,,,
Fdr003Grp023,1,3,23,,false,Fader group membership (ch assign),3494,urn,1,,,,,,,,,,,,,,,,,,,,,,0,,,,,,
Fdr003Grp024,1,3,24,,false,Fader group membership (ch assign),3495,uro,1,,,,,,,,,,,,,,,,,,,,,,0,,,,,,
Fdr004Grp001,1,4,1,,false,Fader group membership (ch assign),3496,urp,1,,,,,,,,,,,,,,,,,,,,,,0,,,,,,
Fdr004Grp002,1,4,2,,false,Fader group membership (ch assign),3497,urq,1,,,,,,,,,,,,,,,,,,,,,,0,,,,,,
Fdr004Grp003,1,4,3,,false,Fader group membership (ch assign),3498,urr,1,,,,,,,,,,,,,,,,,,,,,,0,,,,,,
Fdr004Grp004,1,4,4,,false,Fader group membership (ch assign),3499,urs,1,,,,,,,,,,,,,,,,,,,,,,0,,,,,,
Fdr004Grp005,1,4,5,,false,Fader group membership (ch assign),3500,urt,1,,,,,,,,,,,,,,,,,,,,,,0,,,,,,
Fdr004Grp006,1,4,6,,false,Fader group membership (ch assign),3501,uru,1,,,,,,,,,,,,,,,,,,,,,,0,,,,,,
Fdr004Grp007,1,4,7,,false,Fader group membership (ch assign),3502,urv,1,,,,,,,,,,,,,,,,,,,,,,0,,,,,,
Fdr004Grp008,1,4,8,,false,Fader group membership (ch assign),3503,urw,1,,,,,,,,,,,,,,,,,,,,,,0,,,,,,
Fdr004Grp009,1,4,9,,false,Fader group membership (ch assign),3504,ush,1,,,,,,,,,,,,,,,,,,,,,,0,,,,,,
Fdr004Grp010,1,4,10,,false,Fader group membership (ch assign),3505,usi,1,,,,,,,,,,,,,,,,,,,,,,0,,,,,,
Fdr004Grp011,1,4,11,,false,Fader group membership (ch assign),3506,usj,1,,,,,,,,,,,,,,,,,,,,,,0,,,,,,
Fdr004Grp012,1,4,12,,false,Fader group membership (ch assign),3507,usk,1,,,,,,,,,,,,,,,,,,,,,,0,,,,,,
Fdr004Grp013,1,4,13,,false,Fader group membership (ch assign),3508,usl,1,,,,,,,,,,,,,,,,,,,,,,0,,,,,,
Fdr004Grp014,1,4,14,,false,Fader group membership (ch assign),3509,usm,1,,,,,,,,,,,,,,,,,,,,,,0,,,,,,
Fdr004Grp015,1,4,15,,false,Fader group membership (ch assign),3510,usn,1,,,,,,,,,,,,,,,,,,,,,,0,,,,,,
Fdr004Grp016,1,4,16,,false,Fader group membership (ch assign),3511,uso,1,,,,,,,,,,,,,,,,,,,,,,0,,,,,,
Fdr004Grp017,1,4,17,,false,Fader group membership (ch assign),3512,usp,1,,,,,,,,,,,,,,,,,,,,,,0,,,,,,
Fdr004Grp018,1,4,18,,false,Fader group membership (ch assign),3513,usq,1,,,,,,,,,,,,,,,,,,,,,,0,,,,,,
Fdr004Grp019,1,4,19,,false,Fader group membership (ch assign),3514,usr,1,,,,,,,,,,,,,,,,,,,,,,0,,,,,,
Fdr004Grp020,1,4,20,,false,Fader group membership (ch assign),3515,uss,1,,,,,,,,,,,,,,,,,,,,,,0,,,,,,
Fdr004Grp021,1,4,21,,false,Fader group membership (ch assign),3516,ust,1,,,,,,,,,,,,,,,,,,,,,,0,,,,,,
Fdr004Grp022,1,4,22,,false,Fader group membership (ch assign),3517,usu,1,,,,,,,,,,,,,,,,,,,,,,0,,,,,,
Fdr004Grp023,1,4,23,,false,Fader group membership (ch assign),3518,usv,1,,,,,,,,,,,,,,,,,,,,,,0,,,,,,
Fdr004Grp024,1,4,24,,false,Fader group membership (ch assign),3519,usw,1,,,,,,,,,,,,,,,,,,,,,,0,,,,,,
Fdr005Grp001,1,5,1,,false,Fader group membership (ch assign),3520,uth,1,,,,,,,,,,,,,,,,,,,,,,0,,,,,,
Fdr005Grp002,1,5,2,,false,Fader group membership (ch assign),3521,uti,1,,,,,,,,,,,,,,,,,,,,,,0,,,,,,
Fdr005Grp003,1,5,3,,false,Fader group membership (ch assign),3522,utj,1,,,,,,,,,,,,,,,,,,,,,,0,,,,,,
Fdr005Grp004,1,5,4,,false,Fader group membership (ch assign),3523,utk,1,,,,,,,,,,,,,,,,,,,,,,0,,,,,,
Fdr005Grp005,1,5,5,,false,Fader group membership (ch assign),3524,utl,1,,,,,,,,,,,,,,,,,,,,,,0,,,,,,
Fdr005Grp006,1,5,6,,false,Fader group membership (ch assign),3525,utm,1,,,,,,,,,,,,,,,,,,,,,,0,,,,,,
Fdr005Grp007,1,5,7,,false,Fader group membership (ch assign),3526,utn,1,,,,,,,,,,,,,,,,,,,,,,0,,,,,,
Fdr005Grp008,1,5,8,,false,Fader group membership (ch assign),3527,uto,1,,,,,,,,,,,,,,,,,,,,,,0,,,,,,
Fdr005Grp009,1,5,9,,false,Fader group membership (ch assign),3528,utp,1,,,,,,,,,,,,,,,,,,,,,,0,,,,,,
Fdr005Grp010,1,5,10,,false,Fader group membership (ch assign),3529,utq,1,,,,,,,,,,,,,,,,,,,,,,0,,,,,,
Fdr005Grp011,1,5,11,,false,Fader group membership (ch assign),3530,utr,1,,,,,,,,,,,,,,,,,,,,,,0,,,,,,
Fdr005Grp012,1,5,12,,false,Fader group membership (ch assign),3531,uts,1,,,,,,,,,,,,,,,,,,,,,,0,,,,,,
Fdr005Grp013,1,5,13,,false,Fader group membership (ch assign),3532,utt,1,,,,,,,,,,,,,,,,,,,,,,0,,,,,,
Fdr005Grp014,1,5,14,,false,Fader group membership (ch assign),3533,utu,1,,,,,,,,,,,,,,,,,,,,,,0,,,,,,
Fdr005Grp015,1,5,15,,false,Fader group membership (ch assign),3534,utv,1,,,,,,,,,,,,,,,,,,,,,,0,,,,,,
Fdr005Grp016,1,5,16,,false,Fader group membership (ch assign),3535,utw,1,,,,,,,,,,,,,,,,,,,,,,0,,,,,,
Fdr005Grp017,1,5,17,,false,Fader group membership (ch assign),3536,uuh,1,,,,,,,,,,,,,,,,,,,,,,0,,,,,,
Fdr005Grp018,1,5,18,,false,Fader group membership (ch assign),3537,uui,1,,,,,,,,,,,,,,,,,,,,,,0,,,,,,
Fdr005Grp019,1,5,19,,false,Fader group membership (ch assign),3538,uuj,1,,,,,,,,,,,,,,,,,,,,,,0,,,,,,
Fdr005Grp020,1,5,20,,false,Fader group membership (ch assign),3539,uuk,1,,,,,,,,,,,,,,,,,,,,,,0,,,,,,
Fdr005Grp021,1,5,21,,false,Fader group membership (ch assign),3540,uul,1,,,,,,,,,,,,,,,,,,,,,,0,,,,,,
Fdr005Grp022,1,5,22,,false,Fader group membership (ch assign),3541,uum,1,,,,,,,,,,,,,,,,,,,,,,0,,,,,,
Fdr005Grp023,1,5,23,,false,Fader group membership (ch assign),3542,uun,1,,,,,,,,,,,,,,,,,,,,,,0,,,,,,
Fdr005Grp024,1,5,24,,false,Fader group membership (ch assign),3543,uuo,1,,,,,,,,,,,,,,,,,,,,,,0,,,,,,
Fx001Damp001,1,1,1,,,FX HF damping amount,3544,uup,33,,,,,,,,FxCtrl,,0=0/127=100/[Lin],,,,,2,1,1627,0x065B,,,,-,GainSafe,Slew,10,30,Exp,Scalar
Fx002Damp001,1,2,1,,,FX HF damping amount,3545,uuq,33,,,,,,,,FxCtrl,,0=0/127=100/[Lin],,,,,2,1,1655,0x0677,,,,-,GainSafe,Slew,10,30,Exp,Scalar
Fx003Damp001,1,3,1,,,FX HF damping amount,3546,uur,33,,,,,,,,FxCtrl,,0=0/127=100/[Lin],,,,,2,1,1683,0x0693,,,,-,GainSafe,Slew,10,30,Exp,Scalar
Fx004Damp001,1,4,1,,,FX HF damping amount,3547,uus,33,,,,,,,,FxCtrl,,0=0/127=100/[Lin],,,,,2,1,1711,0x06AF,,,,-,GainSafe,Slew,10,30,Exp,Scalar
Fx005Damp001,1,5,1,,,FX HF damping amount,3548,uut,33,,,,,,,,FxCtrl,,0=0/127=100/[Lin],,,,,2,1,1739,0x06CB,,,,-,GainSafe,Slew,10,30,Exp,Scalar
Fx006Damp001,1,6,1,,,FX HF damping amount,3549,uuu,33,,,,,,,,FxCtrl,,0=0/127=100/[Lin],,,,,2,1,1767,0x06E7,,,,-,GainSafe,Slew,10,30,Exp,Scalar
Fx001Decay001,1,1,1,,,FX reverb decay time,3550,uuv,255,,,,,,,,FxCtrl,,0=0.1/127=10/[Log],,,,,2,1,1622,0x0656,,,,-,GainSafe,Slew,10,30,Exp,Scalar
Fx002Decay001,1,2,1,,,FX reverb decay time,3551,uuw,255,,,,,,,,FxCtrl,,0=0.1/127=10/[Log],,,,,2,1,1650,0x0672,,,,-,GainSafe,Slew,10,30,Exp,Scalar
Fx003Decay001,1,3,1,,,FX reverb decay time,3552,uvh,255,,,,,,,,FxCtrl,,0=0.1/127=10/[Log],,,,,2,1,1678,0x068E,,,,-,GainSafe,Slew,10,30,Exp,Scalar
Fx004Decay001,1,4,1,,,FX reverb decay time,3553,uvi,255,,,,,,,,FxCtrl,,0=0.1/127=10/[Log],,,,,2,1,1706,0x06AA,,,,-,GainSafe,Slew,10,30,Exp,Scalar
Fx005Decay001,1,5,1,,,FX reverb decay time,3554,uvj,255,,,,,,,,FxCtrl,,0=0.1/127=10/[Log],,,,,2,1,1734,0x06C6,,,,-,GainSafe,Slew,10,30,Exp,Scalar
Fx006Decay001,1,6,1,,,FX reverb decay time,3555,uvk,255,,,,,,,,FxCtrl,,0=0.1/127=10/[Log],,,,,2,1,1762,0x06E2,,,,-,GainSafe,Slew,10,30,Exp,Scalar
Fx001DelayTime001,1,1,1,,,FX delay/tempo time,3556,uvl,255,,,,,,,,FxCtrl,,0=1/127=1000/[Log],,,,,2,1,1624,0x0658,,,,-,InstantCtl,Instant,0,0,Linear,Scalar
Fx002DelayTime001,1,2,1,,,FX delay/tempo time,3557,uvm,255,,,,,,,,FxCtrl,,0=1/127=1000/[Log],,,,,2,1,1652,0x0674,,,,-,InstantCtl,Instant,0,0,Linear,Scalar
Fx003DelayTime001,1,3,1,,,FX delay/tempo time,3558,uvn,255,,,,,,,,FxCtrl,,0=1/127=1000/[Log],,,,,2,1,1680,0x0690,,,,-,InstantCtl,Instant,0,0,Linear,Scalar
Fx004DelayTime001,1,4,1,,,FX delay/tempo time,3559,uvo,255,,,,,,,,FxCtrl,,0=1/127=1000/[Log],,,,,2,1,1708,0x06AC,,,,-,InstantCtl,Instant,0,0,Linear,Scalar
Fx005DelayTime001,1,5,1,,,FX delay/tempo time,3560,uvp,255,,,,,,,,FxCtrl,,0=1/127=1000/[Log],,,,,2,1,1736,0x06C8,,,,-,InstantCtl,Instant,0,0,Linear,Scalar
Fx006DelayTime001,1,6,1,,,FX delay/tempo time,3561,uvq,255,,,,,,,,FxCtrl,,0=1/127=1000/[Log],,,,,2,1,1764,0x06E4,,,,-,InstantCtl,Instant,0,0,Linear,Scalar
Fx001DuckOn001,1,1,1,,,FX ducker on/off,3562,uvr,2,,,,,,,,FxCtrl,,,,,,,2,1,1641,0x0669,,,,0,InstantCtl,Instant,0,0,Linear,Scalar
Fx002DuckOn001,1,2,1,,,FX ducker on/off,3563,uvs,2,,,,,,,,FxCtrl,,,,,,,2,1,1669,0x0685,,,,0,InstantCtl,Instant,0,0,Linear,Scalar
Fx003DuckOn001,1,3,1,,,FX ducker on/off,3564,uvt,2,,,,,,,,FxCtrl,,,,,,,2,1,1697,0x06A1,,,,0,InstantCtl,Instant,0,0,Linear,Scalar
Fx004DuckOn001,1,4,1,,,FX ducker on/off,3565,uvu,2,,,,,,,,FxCtrl,,,,,,,2,1,1725,0x06BD,,,,0,InstantCtl,Instant,0,0,Linear,Scalar
Fx005DuckOn001,1,5,1,,,FX ducker on/off,3566,uvv,2,,,,,,,,FxCtrl,,,,,,,2,1,1753,0x06D9,,,,0,InstantCtl,Instant,0,0,Linear,Scalar
Fx006DuckOn001,1,6,1,,,FX ducker on/off,3567,uvw,2,,,,,,,,FxCtrl,,,,,,,2,1,1781,0x06F5,,,,0,InstantCtl,Instant,0,0,Linear,Scalar
Fx001DuckThr001,1,1,1,,,FX ducker threshold (legacy alias of DuckSens),3568,uwh,255,,,,,,,,FxCtrl,,0=-30/127=0/[Lin],,,,,,,,,,,,-,,,,,,
Fx002DuckThr001,1,2,1,,,FX ducker threshold (legacy alias of DuckSens),3569,uwi,255,,,,,,,,FxCtrl,,0=-30/127=0/[Lin],,,,,,,,,,,,-,,,,,,
Fx003DuckThr001,1,3,1,,,FX ducker threshold (legacy alias of DuckSens),3570,uwj,255,,,,,,,,FxCtrl,,0=-30/127=0/[Lin],,,,,,,,,,,,-,,,,,,
Fx004DuckThr001,1,4,1,,,FX ducker threshold (legacy alias of DuckSens),3571,uwk,255,,,,,,,,FxCtrl,,0=-30/127=0/[Lin],,,,,,,,,,,,-,,,,,,
Fx005DuckThr001,1,5,1,,,FX ducker threshold (legacy alias of DuckSens),3572,uwl,255,,,,,,,,FxCtrl,,0=-30/127=0/[Lin],,,,,,,,,,,,-,,,,,,
Fx006DuckThr001,1,6,1,,,FX ducker threshold (legacy alias of DuckSens),3573,uwm,255,,,,,,,,FxCtrl,,0=-30/127=0/[Lin],,,,,,,,,,,,-,,,,,,
Fx001DuckSens001,1,1,1,,,FX ducker sensitivity (alias of threshold),3574,uwn,255,,,,,,,,FxCtrl,,0=-30/127=0/[Lin],,,,,2,1,1642,0x066A,,,,-,DynSafe,LinearFrames,6,20,Exp,Scalar
Fx002DuckSens001,1,2,1,,,FX ducker sensitivity (alias of threshold),3575,uwo,255,,,,,,,,FxCtrl,,0=-30/127=0/[Lin],,,,,2,1,1670,0x0686,,,,-,DynSafe,LinearFrames,6,20,Exp,Scalar
Fx003DuckSens001,1,3,1,,,FX ducker sensitivity (alias of threshold),3576,uwp,255,,,,,,,,FxCtrl,,0=-30/127=0/[Lin],,,,,2,1,1698,0x06A2,,,,-,DynSafe,LinearFrames,6,20,Exp,Scalar
Fx004DuckSens001,1,4,1,,,FX ducker sensitivity (alias of threshold),3577,uwq,255,,,,,,,,FxCtrl,,0=-30/127=0/[Lin],,,,,2,1,1726,0x06BE,,,,-,DynSafe,LinearFrames,6,20,Exp,Scalar
Fx005DuckSens001,1,5,1,,,FX ducker sensitivity (alias of threshold),3578,uwr,255,,,,,,,,FxCtrl,,0=-30/127=0/[Lin],,,,,2,1,1754,0x06DA,,,,-,DynSafe,LinearFrames,6,20,Exp,Scalar
Fx006DuckSens001,1,6,1,,,FX ducker sensitivity (alias of threshold),3579,uws,255,,,,,,,,FxCtrl,,0=-30/127=0/[Lin],,,,,2,1,1782,0x06F6,,,,-,DynSafe,LinearFrames,6,20,Exp,Scalar
Fx001Balance001,1,1,1,,,FX delay/reverb balance,3580,uwt,128,,,,,,,,FxCtrl,,0=0/127=100/[Lin],,,,,2,1,1626,0x065A,,,,-,GainSafe,Slew,10,30,Exp,Scalar
Fx002Balance001,1,2,1,,,FX delay/reverb balance,3581,uwu,128,,,,,,,,FxCtrl,,0=0/127=100/[Lin],,,,,2,1,1654,0x0676,,,,-,GainSafe,Slew,10,30,Exp,Scalar
Fx003Balance001,1,3,1,,,FX delay/reverb balance,3582,uwv,128,,,,,,,,FxCtrl,,0=0/127=100/[Lin],,,,,2,1,1682,0x0692,,,,-,GainSafe,Slew,10,30,Exp,Scalar
Fx004Balance001,1,4,1,,,FX delay/reverb balance,3583,uww,128,,,,,,,,FxCtrl,,0=0/127=100/[Lin],,,,,2,1,1710,0x06AE,,,,-,GainSafe,Slew,10,30,Exp,Scalar
Fx005Balance001,1,5,1,,,FX delay/reverb balance,3584,vhh,128,,,,,,,,FxCtrl,,0=0/127=100/[Lin],,,,,2,1,1738,0x06CA,,,,-,GainSafe,Slew,10,30,Exp,Scalar
Fx006Balance001,1,6,1,,,FX delay/reverb balance,3585,vhi,128,,,,,,,,FxCtrl,,0=0/127=100/[Lin],,,,,2,1,1766,0x06E6,,,,-,GainSafe,Slew,10,30,Exp,Scalar
Fx001EqPresence001,1,1,1,,,FX high-shelf presence EQ (~5kHz +/-6dB),3586,vhj,65,32,,,,,,,FxCtrl,,0=-6/127=6/[Lin],,,,,2,1,1630,0x065E,,,,32,EqSafe,LinearFrames,12,12,Linear,CoeffSetAtomic
Fx002EqPresence001,1,2,1,,,FX high-shelf presence EQ (~5kHz +/-6dB),3587,vhk,65,32,,,,,,,FxCtrl,,0=-6/127=6/[Lin],,,,,2,1,1658,0x067A,,,,32,EqSafe,LinearFrames,12,12,Linear,CoeffSetAtomic
Fx003EqPresence001,1,3,1,,,FX high-shelf presence EQ (~5kHz +/-6dB),3588,vhl,65,32,,,,,,,FxCtrl,,0=-6/127=6/[Lin],,,,,2,1,1686,0x0696,,,,32,EqSafe,LinearFrames,12,12,Linear,CoeffSetAtomic
Fx004EqPresence001,1,4,1,,,FX high-shelf presence EQ (~5kHz +/-6dB),3589,vhm,65,32,,,,,,,FxCtrl,,0=-6/127=6/[Lin],,,,,2,1,1714,0x06B2,,,,32,EqSafe,LinearFrames,12,12,Linear,CoeffSetAtomic
Fx005EqPresence001,1,5,1,,,FX high-shelf presence EQ (~5kHz +/-6dB),3590,vhn,65,32,,,,,,,FxCtrl,,0=-6/127=6/[Lin],,,,,2,1,1742,0x06CE,,,,32,EqSafe,LinearFrames,12,12,Linear,CoeffSetAtomic
Fx006EqPresence001,1,6,1,,,FX high-shelf presence EQ (~5kHz +/-6dB),3591,vho,65,32,,,,,,,FxCtrl,,0=-6/127=6/[Lin],,,,,2,1,1770,0x06EA,,,,32,EqSafe,LinearFrames,12,12,Linear,CoeffSetAtomic
Fx001EqLo001,1,1,1,,,FX low EQ,3592,vhp,65,32,,,,,,,FxCtrl,,0=-6/127=6/[Lin],,,,,2,1,1628,0x065C,,,,32,EqSafe,LinearFrames,12,12,Linear,CoeffSetAtomic
Fx002EqLo001,1,2,1,,,FX low EQ,3593,vhq,65,32,,,,,,,FxCtrl,,0=-6/127=6/[Lin],,,,,2,1,1656,0x0678,,,,32,EqSafe,LinearFrames,12,12,Linear,CoeffSetAtomic
Fx003EqLo001,1,3,1,,,FX low EQ,3594,vhr,65,32,,,,,,,FxCtrl,,0=-6/127=6/[Lin],,,,,2,1,1684,0x0694,,,,32,EqSafe,LinearFrames,12,12,Linear,CoeffSetAtomic
Fx004EqLo001,1,4,1,,,FX low EQ,3595,vhs,65,32,,,,,,,FxCtrl,,0=-6/127=6/[Lin],,,,,2,1,1712,0x06B0,,,,32,EqSafe,LinearFrames,12,12,Linear,CoeffSetAtomic
Fx005EqLo001,1,5,1,,,FX low EQ,3596,vht,65,32,,,,,,,FxCtrl,,0=-6/127=6/[Lin],,,,,2,1,1740,0x06CC,,,,32,EqSafe,LinearFrames,12,12,Linear,CoeffSetAtomic
Fx006EqLo001,1,6,1,,,FX low EQ,3597,vhu,65,32,,,,,,,FxCtrl,,0=-6/127=6/[Lin],,,,,2,1,1768,0x06E8,,,,32,EqSafe,LinearFrames,12,12,Linear,CoeffSetAtomic
Fx001EqMid001,1,1,1,,,FX mid EQ,3598,vhv,65,32,,,,,,,FxCtrl,,0=-6/127=6/[Lin],,,,,2,1,1629,0x065D,,,,32,EqSafe,LinearFrames,12,12,Linear,CoeffSetAtomic
Fx002EqMid001,1,2,1,,,FX mid EQ,3599,vhw,65,32,,,,,,,FxCtrl,,0=-6/127=6/[Lin],,,,,2,1,1657,0x0679,,,,32,EqSafe,LinearFrames,12,12,Linear,CoeffSetAtomic
Fx003EqMid001,1,3,1,,,FX mid EQ,3600,vih,65,32,,,,,,,FxCtrl,,0=-6/127=6/[Lin],,,,,2,1,1685,0x0695,,,,32,EqSafe,LinearFrames,12,12,Linear,CoeffSetAtomic
Fx004EqMid001,1,4,1,,,FX mid EQ,3601,vii,65,32,,,,,,,FxCtrl,,0=-6/127=6/[Lin],,,,,2,1,1713,0x06B1,,,,32,EqSafe,LinearFrames,12,12,Linear,CoeffSetAtomic
Fx005EqMid001,1,5,1,,,FX mid EQ,3602,vij,65,32,,,,,,,FxCtrl,,0=-6/127=6/[Lin],,,,,2,1,1741,0x06CD,,,,32,EqSafe,LinearFrames,12,12,Linear,CoeffSetAtomic
Fx006EqMid001,1,6,1,,,FX mid EQ,3603,vik,65,32,,,,,,,FxCtrl,,0=-6/127=6/[Lin],,,,,2,1,1769,0x06E9,,,,32,EqSafe,LinearFrames,12,12,Linear,CoeffSetAtomic
Fx001EqHpf001,1,1,1,,,FX low cut / HPF frequency,3604,vil,255,127,,,,,,,FxCtrl,,0=80/127=300/[Log],,,,,2,1,1631,0x065F,,,,-,EqSafe,LinearFrames,12,12,Linear,CoeffSetAtomic
Fx002EqHpf001,1,2,1,,,FX low cut / HPF frequency,3605,vim,255,127,,,,,,,FxCtrl,,0=80/127=300/[Log],,,,,2,1,1659,0x067B,,,,-,EqSafe,LinearFrames,12,12,Linear,CoeffSetAtomic
Fx003EqHpf001,1,3,1,,,FX low cut / HPF frequency,3606,vin,255,127,,,,,,,FxCtrl,,0=80/127=300/[Log],,,,,2,1,1687,0x0697,,,,-,EqSafe,LinearFrames,12,12,Linear,CoeffSetAtomic
Fx004EqHpf001,1,4,1,,,FX low cut / HPF frequency,3607,vio,255,127,,,,,,,FxCtrl,,0=80/127=300/[Log],,,,,2,1,1715,0x06B3,,,,-,EqSafe,LinearFrames,12,12,Linear,CoeffSetAtomic
Fx005EqHpf001,1,5,1,,,FX low cut / HPF frequency,3608,vip,255,127,,,,,,,FxCtrl,,0=80/127=300/[Log],,,,,2,1,1743,0x06CF,,,,-,EqSafe,LinearFrames,12,12,Linear,CoeffSetAtomic
Fx006EqHpf001,1,6,1,,,FX low cut / HPF frequency,3609,viq,255,127,,,,,,,FxCtrl,,0=80/127=300/[Log],,,,,2,1,1771,0x06EB,,,,-,EqSafe,LinearFrames,12,12,Linear,CoeffSetAtomic
Fx001Feedback001,1,1,1,,,FX delay repeats/feedback,3610,vir,255,,,,,,,,FxCtrl,,0=0/127=100/[Lin],,,,,2,1,1625,0x0659,,,,-,GainSafe,Slew,10,30,Exp,Scalar
Fx002Feedback001,1,2,1,,,FX delay repeats/feedback,3611,vis,255,,,,,,,,FxCtrl,,0=0/127=100/[Lin],,,,,2,1,1653,0x0675,,,,-,GainSafe,Slew,10,30,Exp,Scalar
Fx003Feedback001,1,3,1,,,FX delay repeats/feedback,3612,vit,255,,,,,,,,FxCtrl,,0=0/127=100/[Lin],,,,,2,1,1681,0x0691,,,,-,GainSafe,Slew,10,30,Exp,Scalar
Fx004Feedback001,1,4,1,,,FX delay repeats/feedback,3613,viu,255,,,,,,,,FxCtrl,,0=0/127=100/[Lin],,,,,2,1,1709,0x06AD,,,,-,GainSafe,Slew,10,30,Exp,Scalar
Fx005Feedback001,1,5,1,,,FX delay repeats/feedback,3614,viv,255,,,,,,,,FxCtrl,,0=0/127=100/[Lin],,,,,2,1,1737,0x06C9,,,,-,GainSafe,Slew,10,30,Exp,Scalar
Fx006Feedback001,1,6,1,,,FX delay repeats/feedback,3615,viw,255,,,,,,,,FxCtrl,,0=0/127=100/[Lin],,,,,2,1,1765,0x06E5,,,,-,GainSafe,Slew,10,30,Exp,Scalar
Fx001ModRate001,1,1,1,,,FX LFO modulation rate,3616,vjh,255,127,,,,,,,FxCtrl,,0=0.1/127=10/[Log],,,,,2,1,1636,0x0664,,,,-,InstantCtl,Instant,0,0,Linear,Scalar
Fx002ModRate001,1,2,1,,,FX LFO modulation rate,3617,vji,255,127,,,,,,,FxCtrl,,0=0.1/127=10/[Log],,,,,2,1,1664,0x0680,,,,-,InstantCtl,Instant,0,0,Linear,Scalar
Fx003ModRate001,1,3,1,,,FX LFO modulation rate,3618,vjj,255,127,,,,,,,FxCtrl,,0=0.1/127=10/[Log],,,,,2,1,1692,0x069C,,,,-,InstantCtl,Instant,0,0,Linear,Scalar
Fx004ModRate001,1,4,1,,,FX LFO modulation rate,3619,vjk,255,127,,,,,,,FxCtrl,,0=0.1/127=10/[Log],,,,,2,1,1720,0x06B8,,,,-,InstantCtl,Instant,0,0,Linear,Scalar
Fx005ModRate001,1,5,1,,,FX LFO modulation rate,3620,vjl,255,127,,,,,,,FxCtrl,,0=0.1/127=10/[Log],,,,,2,1,1748,0x06D4,,,,-,InstantCtl,Instant,0,0,Linear,Scalar
Fx006ModRate001,1,6,1,,,FX LFO modulation rate,3621,vjm,255,127,,,,,,,FxCtrl,,0=0.1/127=10/[Log],,,,,2,1,1776,0x06F0,,,,-,InstantCtl,Instant,0,0,Linear,Scalar
Fx001ModLevel001,1,1,1,,,FX LFO modulation depth,3622,vjn,128,,,,,,,,FxCtrl,,0=0/127=100/[Lin],,,,,2,1,1637,0x0665,,,,-,GainSafe,Slew,10,30,Exp,Scalar
Fx002ModLevel001,1,2,1,,,FX LFO modulation depth,3623,vjo,128,,,,,,,,FxCtrl,,0=0/127=100/[Lin],,,,,2,1,1665,0x0681,,,,-,GainSafe,Slew,10,30,Exp,Scalar
Fx003ModLevel001,1,3,1,,,FX LFO modulation depth,3624,vjp,128,,,,,,,,FxCtrl,,0=0/127=100/[Lin],,,,,2,1,1693,0x069D,,,,-,GainSafe,Slew,10,30,Exp,Scalar
Fx004ModLevel001,1,4,1,,,FX LFO modulation depth,3625,vjq,128,,,,,,,,FxCtrl,,0=0/127=100/[Lin],,,,,2,1,1721,0x06B9,,,,-,GainSafe,Slew,10,30,Exp,Scalar
Fx005ModLevel001,1,5,1,,,FX LFO modulation depth,3626,vjr,128,,,,,,,,FxCtrl,,0=0/127=100/[Lin],,,,,2,1,1749,0x06D5,,,,-,GainSafe,Slew,10,30,Exp,Scalar
Fx006ModLevel001,1,6,1,,,FX LFO modulation depth,3627,vjs,128,,,,,,,,FxCtrl,,0=0/127=100/[Lin],,,,,2,1,1777,0x06F1,,,,-,GainSafe,Slew,10,30,Exp,Scalar
Fx001LfoShape001,1,1,1,,,FX LFO shape (sine/triangle),3628,vjt,2,,,,,,,,FxCtrl,,,,,,,2,1,1638,0x0666,,,,-,InstantCtl,Instant,0,0,Linear,Scalar
Fx002LfoShape001,1,2,1,,,FX LFO shape (sine/triangle),3629,vju,2,,,,,,,,FxCtrl,,,,,,,2,1,1666,0x0682,,,,-,InstantCtl,Instant,0,0,Linear,Scalar
Fx003LfoShape001,1,3,1,,,FX LFO shape (sine/triangle),3630,vjv,2,,,,,,,,FxCtrl,,,,,,,2,1,1694,0x069E,,,,-,InstantCtl,Instant,0,0,Linear,Scalar
Fx004LfoShape001,1,4,1,,,FX LFO shape (sine/triangle),3631,vjw,2,,,,,,,,FxCtrl,,,,,,,2,1,1722,0x06BA,,,,-,InstantCtl,Instant,0,0,Linear,Scalar
Fx005LfoShape001,1,5,1,,,FX LFO shape (sine/triangle),3632,vkh,2,,,,,,,,FxCtrl,,,,,,,2,1,1750,0x06D6,,,,-,InstantCtl,Instant,0,0,Linear,Scalar
Fx006LfoShape001,1,6,1,,,FX LFO shape (sine/triangle),3633,vki,2,,,,,,,,FxCtrl,,,,,,,2,1,1778,0x06F2,,,,-,InstantCtl,Instant,0,0,Linear,Scalar
Fx001StereoWidth001,1,1,1,,,FX stereo width control,3634,vkj,128,,,,,,,,FxCtrl,,0=0/127=100/[Lin],,,,,2,1,1639,0x0667,,,,-,GainSafe,Slew,10,30,Exp,Scalar
Fx002StereoWidth001,1,2,1,,,FX stereo width control,3635,vkk,128,,,,,,,,FxCtrl,,0=0/127=100/[Lin],,,,,2,1,1667,0x0683,,,,-,GainSafe,Slew,10,30,Exp,Scalar
Fx003StereoWidth001,1,3,1,,,FX stereo width control,3636,vkl,128,,,,,,,,FxCtrl,,0=0/127=100/[Lin],,,,,2,1,1695,0x069F,,,,-,GainSafe,Slew,10,30,Exp,Scalar
Fx004StereoWidth001,1,4,1,,,FX stereo width control,3637,vkm,128,,,,,,,,FxCtrl,,0=0/127=100/[Lin],,,,,2,1,1723,0x06BB,,,,-,GainSafe,Slew,10,30,Exp,Scalar
Fx005StereoWidth001,1,5,1,,,FX stereo width control,3638,vkn,128,,,,,,,,FxCtrl,,0=0/127=100/[Lin],,,,,2,1,1751,0x06D7,,,,-,GainSafe,Slew,10,30,Exp,Scalar
Fx006StereoWidth001,1,6,1,,,FX stereo width control,3639,vko,128,,,,,,,,FxCtrl,,0=0/127=100/[Lin],,,,,2,1,1779,0x06F3,,,,-,GainSafe,Slew,10,30,Exp,Scalar
Fx001PingPongStart001,1,1,1,,,FX ping-pong start side (L/R),3640,vkp,2,,,,,,,,FxCtrl,,,,,,,,,,,,,,-,,,,,,
Fx002PingPongStart001,1,2,1,,,FX ping-pong start side (L/R),3641,vkq,2,,,,,,,,FxCtrl,,,,,,,,,,,,,,-,,,,,,
Fx003PingPongStart001,1,3,1,,,FX ping-pong start side (L/R),3642,vkr,2,,,,,,,,FxCtrl,,,,,,,,,,,,,,-,,,,,,
Fx004PingPongStart001,1,4,1,,,FX ping-pong start side (L/R),3643,vks,2,,,,,,,,FxCtrl,,,,,,,,,,,,,,-,,,,,,
Fx005PingPongStart001,1,5,1,,,FX ping-pong start side (L/R),3644,vkt,2,,,,,,,,FxCtrl,,,,,,,,,,,,,,-,,,,,,
Fx006PingPongStart001,1,6,1,,,FX ping-pong start side (L/R),3645,vku,2,,,,,,,,FxCtrl,,,,,,,,,,,,,,-,,,,,,
Fx001Mix001,1,1,1,,,FX dry/wet mix,3646,vkv,128,,,,,,,,FxCtrl,,0=0/127=100/[Lin],,,,,2,1,1640,0x0668,,,,-,GainSafe,Slew,10,30,Exp,Scalar
Fx002Mix001,1,2,1,,,FX dry/wet mix,3647,vkw,128,,,,,,,,FxCtrl,,0=0/127=100/[Lin],,,,,2,1,1668,0x0684,,,,-,GainSafe,Slew,10,30,Exp,Scalar
Fx003Mix001,1,3,1,,,FX dry/wet mix,3648,vlh,128,,,,,,,,FxCtrl,,0=0/127=100/[Lin],,,,,2,1,1696,0x06A0,,,,-,GainSafe,Slew,10,30,Exp,Scalar
Fx004Mix001,1,4,1,,,FX dry/wet mix,3649,vli,128,,,,,,,,FxCtrl,,0=0/127=100/[Lin],,,,,2,1,1724,0x06BC,,,,-,GainSafe,Slew,10,30,Exp,Scalar
Fx005Mix001,1,5,1,,,FX dry/wet mix,3650,vlj,128,,,,,,,,FxCtrl,,0=0/127=100/[Lin],,,,,2,1,1752,0x06D8,,,,-,GainSafe,Slew,10,30,Exp,Scalar
Fx006Mix001,1,6,1,,,FX dry/wet mix,3651,vlk,128,,,,,,,,FxCtrl,,0=0/127=100/[Lin],,,,,2,1,1780,0x06F4,,,,-,GainSafe,Slew,10,30,Exp,Scalar
Fx001ReturnWetLock001,1,1,1,,,FX return wet lock on/off,3652,vll,2,,,,,,,,FxCtrl,,,,,,,,,,,,,,0,,,,,,
Fx002ReturnWetLock001,1,2,1,,,FX return wet lock on/off,3653,vlm,2,,,,,,,,FxCtrl,,,,,,,,,,,,,,0,,,,,,
Fx003ReturnWetLock001,1,3,1,,,FX return wet lock on/off,3654,vln,2,,,,,,,,FxCtrl,,,,,,,,,,,,,,0,,,,,,
Fx004ReturnWetLock001,1,4,1,,,FX return wet lock on/off,3655,vlo,2,,,,,,,,FxCtrl,,,,,,,,,,,,,,0,,,,,,
Fx005ReturnWetLock001,1,5,1,,,FX return wet lock on/off,3656,vlp,2,,,,,,,,FxCtrl,,,,,,,,,,,,,,0,,,,,,
Fx006ReturnWetLock001,1,6,1,,,FX return wet lock on/off,3657,vlq,2,,,,,,,,FxCtrl,,,,,,,,,,,,,,0,,,,,,
Fx001On001,1,1,1,,,FX system on/off,3658,vlr,2,,,,,,,,FxCtrl,,,,,,,2,1,1620,0x0654,,,,1,InstantCtl,Instant,0,0,Linear,Scalar
Fx002On001,1,2,1,,,FX system on/off,3659,vls,2,,,,,,,,FxCtrl,,,,,,,2,1,1648,0x0670,,,,1,InstantCtl,Instant,0,0,Linear,Scalar
Fx003On001,1,3,1,,,FX system on/off,3660,vlt,2,,,,,,,,FxCtrl,,,,,,,2,1,1676,0x068C,,,,1,InstantCtl,Instant,0,0,Linear,Scalar
Fx004On001,1,4,1,,,FX system on/off,3661,vlu,2,,,,,,,,FxCtrl,,,,,,,2,1,1704,0x06A8,,,,1,InstantCtl,Instant,0,0,Linear,Scalar
Fx005On001,1,5,1,,,FX system on/off,3662,vlv,2,,,,,,,,FxCtrl,,,,,,,2,1,1732,0x06C4,,,,1,InstantCtl,Instant,0,0,Linear,Scalar
Fx006On001,1,6,1,,,FX system on/off,3663,vlw,2,,,,,,,,FxCtrl,,,,,,,2,1,1760,0x06E0,,,,1,InstantCtl,Instant,0,0,Linear,Scalar
Fx001PedAssign001,1,1,1,,,FX footswitch pedal assignment,3664,vmh,5,,,,,,,,FxCtrl,,,,,,,,,,,,,,-,,,,,,
Fx001PedAssign002,1,1,2,,,FX footswitch pedal assignment,3665,vmi,5,,,,,,,,FxCtrl,,,,,,,,,,,,,,-,,,,,,
Fx001PedAssign003,1,1,3,,,FX footswitch pedal assignment,3666,vmj,5,,,,,,,,FxCtrl,,,,,,,,,,,,,,-,,,,,,
Fx001PedAssign004,1,1,4,,,FX footswitch pedal assignment,3667,vmk,5,,,,,,,,FxCtrl,,,,,,,,,,,,,,-,,,,,,
Fx002PedAssign001,1,2,1,,,FX footswitch pedal assignment,3668,vml,5,,,,,,,,FxCtrl,,,,,,,,,,,,,,-,,,,,,
Fx002PedAssign002,1,2,2,,,FX footswitch pedal assignment,3669,vmm,5,,,,,,,,FxCtrl,,,,,,,,,,,,,,-,,,,,,
Fx002PedAssign003,1,2,3,,,FX footswitch pedal assignment,3670,vmn,5,,,,,,,,FxCtrl,,,,,,,,,,,,,,-,,,,,,
Fx002PedAssign004,1,2,4,,,FX footswitch pedal assignment,3671,vmo,5,,,,,,,,FxCtrl,,,,,,,,,,,,,,-,,,,,,
Fx003PedAssign001,1,3,1,,,FX footswitch pedal assignment,3672,vmp,5,,,,,,,,FxCtrl,,,,,,,,,,,,,,-,,,,,,
Fx003PedAssign002,1,3,2,,,FX footswitch pedal assignment,3673,vmq,5,,,,,,,,FxCtrl,,,,,,,,,,,,,,-,,,,,,
Fx003PedAssign003,1,3,3,,,FX footswitch pedal assignment,3674,vmr,5,,,,,,,,FxCtrl,,,,,,,,,,,,,,-,,,,,,
Fx003PedAssign004,1,3,4,,,FX footswitch pedal assignment,3675,vms,5,,,,,,,,FxCtrl,,,,,,,,,,,,,,-,,,,,,
Fx004PedAssign001,1,4,1,,,FX footswitch pedal assignment,3676,vmt,5,,,,,,,,FxCtrl,,,,,,,,,,,,,,-,,,,,,
Fx004PedAssign002,1,4,2,,,FX footswitch pedal assignment,3677,vmu,5,,,,,,,,FxCtrl,,,,,,,,,,,,,,-,,,,,,
Fx004PedAssign003,1,4,3,,,FX footswitch pedal assignment,3678,vmv,5,,,,,,,,FxCtrl,,,,,,,,,,,,,,-,,,,,,
Fx004PedAssign004,1,4,4,,,FX footswitch pedal assignment,3679,vmw,5,,,,,,,,FxCtrl,,,,,,,,,,,,,,-,,,,,,
Fx005PedAssign001,1,5,1,,,FX footswitch pedal assignment,3680,vnh,5,,,,,,,,FxCtrl,,,,,,,,,,,,,,-,,,,,,
Fx005PedAssign002,1,5,2,,,FX footswitch pedal assignment,3681,vni,5,,,,,,,,FxCtrl,,,,,,,,,,,,,,-,,,,,,
Fx005PedAssign003,1,5,3,,,FX footswitch pedal assignment,3682,vnj,5,,,,,,,,FxCtrl,,,,,,,,,,,,,,-,,,,,,
Fx005PedAssign004,1,5,4,,,FX footswitch pedal assignment,3683,vnk,5,,,,,,,,FxCtrl,,,,,,,,,,,,,,-,,,,,,
Fx006PedAssign001,1,6,1,,,FX footswitch pedal assignment,3684,vnl,5,,,,,,,,FxCtrl,,,,,,,,,,,,,,-,,,,,,
Fx006PedAssign002,1,6,2,,,FX footswitch pedal assignment,3685,vnm,5,,,,,,,,FxCtrl,,,,,,,,,,,,,,-,,,,,,
Fx006PedAssign003,1,6,3,,,FX footswitch pedal assignment,3686,vnn,5,,,,,,,,FxCtrl,,,,,,,,,,,,,,-,,,,,,
Fx006PedAssign004,1,6,4,,,FX footswitch pedal assignment,3687,vno,5,,,,,,,,FxCtrl,,,,,,,,,,,,,,-,,,,,,
Fx001MuteGrp001,1,1,1,,,FX return mute group assignment,3688,vnp,9,,,,,,,,FxCtrl,,,,,,,,,,,,,,0,,,,,,
Fx001MuteGrp002,1,1,2,,,FX return mute group assignment,3689,vnq,9,,,,,,,,FxCtrl,,,,,,,,,,,,,,0,,,,,,
Fx001MuteGrp003,1,1,3,,,FX return mute group assignment,3690,vnr,9,,,,,,,,FxCtrl,,,,,,,,,,,,,,0,,,,,,
Fx001MuteGrp004,1,1,4,,,FX return mute group assignment,3691,vns,9,,,,,,,,FxCtrl,,,,,,,,,,,,,,0,,,,,,
Fx001MuteGrp005,1,1,5,,,FX return mute group assignment,3692,vnt,9,,,,,,,,FxCtrl,,,,,,,,,,,,,,0,,,,,,
Fx001MuteGrp006,1,1,6,,,FX return mute group assignment,3693,vnu,9,,,,,,,,FxCtrl,,,,,,,,,,,,,,0,,,,,,
Fx001MuteGrp007,1,1,7,,,FX return mute group assignment,3694,vnv,9,,,,,,,,FxCtrl,,,,,,,,,,,,,,0,,,,,,
Fx001MuteGrp008,1,1,8,,,FX return mute group assignment,3695,vnw,9,,,,,,,,FxCtrl,,,,,,,,,,,,,,0,,,,,,
Fx002MuteGrp001,1,2,1,,,FX return mute group assignment,3696,voh,9,,,,,,,,FxCtrl,,,,,,,,,,,,,,0,,,,,,
Fx002MuteGrp002,1,2,2,,,FX return mute group assignment,3697,voi,9,,,,,,,,FxCtrl,,,,,,,,,,,,,,0,,,,,,
Fx002MuteGrp003,1,2,3,,,FX return mute group assignment,3698,voj,9,,,,,,,,FxCtrl,,,,,,,,,,,,,,0,,,,,,
Fx002MuteGrp004,1,2,4,,,FX return mute group assignment,3699,vok,9,,,,,,,,FxCtrl,,,,,,,,,,,,,,0,,,,,,
Fx002MuteGrp005,1,2,5,,,FX return mute group assignment,3700,vol,9,,,,,,,,FxCtrl,,,,,,,,,,,,,,0,,,,,,
Fx002MuteGrp006,1,2,6,,,FX return mute group assignment,3701,vom,9,,,,,,,,FxCtrl,,,,,,,,,,,,,,0,,,,,,
Fx002MuteGrp007,1,2,7,,,FX return mute group assignment,3702,von,9,,,,,,,,FxCtrl,,,,,,,,,,,,,,0,,,,,,
Fx002MuteGrp008,1,2,8,,,FX return mute group assignment,3703,voo,9,,,,,,,,FxCtrl,,,,,,,,,,,,,,0,,,,,,
Fx003MuteGrp001,1,3,1,,,FX return mute group assignment,3704,vop,9,,,,,,,,FxCtrl,,,,,,,,,,,,,,0,,,,,,
Fx003MuteGrp002,1,3,2,,,FX return mute group assignment,3705,voq,9,,,,,,,,FxCtrl,,,,,,,,,,,,,,0,,,,,,
Fx003MuteGrp003,1,3,3,,,FX return mute group assignment,3706,vor,9,,,,,,,,FxCtrl,,,,,,,,,,,,,,0,,,,,,
Fx003MuteGrp004,1,3,4,,,FX return mute group assignment,3707,vos,9,,,,,,,,FxCtrl,,,,,,,,,,,,,,0,,,,,,
Fx003MuteGrp005,1,3,5,,,FX return mute group assignment,3708,vot,9,,,,,,,,FxCtrl,,,,,,,,,,,,,,0,,,,,,
Fx003MuteGrp006,1,3,6,,,FX return mute group assignment,3709,vou,9,,,,,,,,FxCtrl,,,,,,,,,,,,,,0,,,,,,
Fx003MuteGrp007,1,3,7,,,FX return mute group assignment,3710,vov,9,,,,,,,,FxCtrl,,,,,,,,,,,,,,0,,,,,,
Fx003MuteGrp008,1,3,8,,,FX return mute group assignment,3711,vow,9,,,,,,,,FxCtrl,,,,,,,,,,,,,,0,,,,,,
Fx004MuteGrp001,1,4,1,,,FX return mute group assignment,3712,vph,9,,,,,,,,FxCtrl,,,,,,,,,,,,,,0,,,,,,
Fx004MuteGrp002,1,4,2,,,FX return mute group assignment,3713,vpi,9,,,,,,,,FxCtrl,,,,,,,,,,,,,,0,,,,,,
Fx004MuteGrp003,1,4,3,,,FX return mute group assignment,3714,vpj,9,,,,,,,,FxCtrl,,,,,,,,,,,,,,0,,,,,,
Fx004MuteGrp004,1,4,4,,,FX return mute group assignment,3715,vpk,9,,,,,,,,FxCtrl,,,,,,,,,,,,,,0,,,,,,
Fx004MuteGrp005,1,4,5,,,FX return mute group assignment,3716,vpl,9,,,,,,,,FxCtrl,,,,,,,,,,,,,,0,,,,,,
Fx004MuteGrp006,1,4,6,,,FX return mute group assignment,3717,vpm,9,,,,,,,,FxCtrl,,,,,,,,,,,,,,0,,,,,,
Fx004MuteGrp007,1,4,7,,,FX return mute group assignment,3718,vpn,9,,,,,,,,FxCtrl,,,,,,,,,,,,,,0,,,,,,
Fx004MuteGrp008,1,4,8,,,FX return mute group assignment,3719,vpo,9,,,,,,,,FxCtrl,,,,,,,,,,,,,,0,,,,,,
Fx005MuteGrp001,1,5,1,,,FX return mute group assignment,3720,vpp,9,,,,,,,,FxCtrl,,,,,,,,,,,,,,0,,,,,,
Fx005MuteGrp002,1,5,2,,,FX return mute group assignment,3721,vpq,9,,,,,,,,FxCtrl,,,,,,,,,,,,,,0,,,,,,
Fx005MuteGrp003,1,5,3,,,FX return mute group assignment,3722,vpr,9,,,,,,,,FxCtrl,,,,,,,,,,,,,,0,,,,,,
Fx005MuteGrp004,1,5,4,,,FX return mute group assignment,3723,vps,9,,,,,,,,FxCtrl,,,,,,,,,,,,,,0,,,,,,
Fx005MuteGrp005,1,5,5,,,FX return mute group assignment,3724,vpt,9,,,,,,,,FxCtrl,,,,,,,,,,,,,,0,,,,,,
Fx005MuteGrp006,1,5,6,,,FX return mute group assignment,3725,vpu,9,,,,,,,,FxCtrl,,,,,,,,,,,,,,0,,,,,,
Fx005MuteGrp007,1,5,7,,,FX return mute group assignment,3726,vpv,9,,,,,,,,FxCtrl,,,,,,,,,,,,,,0,,,,,,
Fx005MuteGrp008,1,5,8,,,FX return mute group assignment,3727,vpw,9,,,,,,,,FxCtrl,,,,,,,,,,,,,,0,,,,,,
Fx006MuteGrp001,1,6,1,,,FX return mute group assignment,3728,vqh,9,,,,,,,,FxCtrl,,,,,,,,,,,,,,0,,,,,,
Fx006MuteGrp002,1,6,2,,,FX return mute group assignment,3729,vqi,9,,,,,,,,FxCtrl,,,,,,,,,,,,,,0,,,,,,
Fx006MuteGrp003,1,6,3,,,FX return mute group assignment,3730,vqj,9,,,,,,,,FxCtrl,,,,,,,,,,,,,,0,,,,,,
Fx006MuteGrp004,1,6,4,,,FX return mute group assignment,3731,vqk,9,,,,,,,,FxCtrl,,,,,,,,,,,,,,0,,,,,,
Fx006MuteGrp005,1,6,5,,,FX return mute group assignment,3732,vql,9,,,,,,,,FxCtrl,,,,,,,,,,,,,,0,,,,,,
Fx006MuteGrp006,1,6,6,,,FX return mute group assignment,3733,vqm,9,,,,,,,,FxCtrl,,,,,,,,,,,,,,0,,,,,,
Fx006MuteGrp007,1,6,7,,,FX return mute group assignment,3734,vqn,9,,,,,,,,FxCtrl,,,,,,,,,,,,,,0,,,,,,
Fx006MuteGrp008,1,6,8,,,FX return mute group assignment,3735,vqo,9,,,,,,,,FxCtrl,,,,,,,,,,,,,,0,,,,,,
Fx001PreDelay001,1,1,1,,,FX pre-delay time,3736,vqp,255,,,,,,,,FxCtrl,,0=0/127=100/[Lin],,,,,2,1,1623,0x0657,,,,0,InstantCtl,Instant,0,0,Linear,Scalar
Fx002PreDelay001,1,2,1,,,FX pre-delay time,3737,vqq,255,,,,,,,,FxCtrl,,0=0/127=100/[Lin],,,,,2,1,1651,0x0673,,,,0,InstantCtl,Instant,0,0,Linear,Scalar
Fx003PreDelay001,1,3,1,,,FX pre-delay time,3738,vqr,255,,,,,,,,FxCtrl,,0=0/127=100/[Lin],,,,,2,1,1679,0x068F,,,,0,InstantCtl,Instant,0,0,Linear,Scalar
Fx004PreDelay001,1,4,1,,,FX pre-delay time,3739,vqs,255,,,,,,,,FxCtrl,,0=0/127=100/[Lin],,,,,2,1,1707,0x06AB,,,,0,InstantCtl,Instant,0,0,Linear,Scalar
Fx005PreDelay001,1,5,1,,,FX pre-delay time,3740,vqt,255,,,,,,,,FxCtrl,,0=0/127=100/[Lin],,,,,2,1,1735,0x06C7,,,,0,InstantCtl,Instant,0,0,Linear,Scalar
Fx006PreDelay001,1,6,1,,,FX pre-delay time,3741,vqu,255,,,,,,,,FxCtrl,,0=0/127=100/[Lin],,,,,2,1,1763,0x06E3,,,,0,InstantCtl,Instant,0,0,Linear,Scalar
Fx001AuxOn001,1,1,1,,,FX return to aux send on/off,3742,vqv,1,,,,,,,,FxCtrl,,,,,,,2,1,2023,0x07E7,,,,1,InstantCtl,Instant,0,0,Linear,Scalar
Fx001AuxOn002,1,1,2,,,FX return to aux send on/off,3743,vqw,1,,,,,,,,FxCtrl,,,,,,,2,1,2035,0x07F3,,,,1,InstantCtl,Instant,0,0,Linear,Scalar
Fx001AuxOn003,1,1,3,,,FX return to aux send on/off,3744,vrh,1,,,,,,,,FxCtrl,,,,,,,2,1,2047,0x07FF,,,,1,InstantCtl,Instant,0,0,Linear,Scalar
Fx001AuxOn004,1,1,4,,,FX return to aux send on/off,3745,vri,1,,,,,,,,FxCtrl,,,,,,,2,1,2059,0x080B,,,,1,InstantCtl,Instant,0,0,Linear,Scalar
Fx001AuxOn005,1,1,5,,,FX return to aux send on/off,3746,vrj,1,,,,,,,,FxCtrl,,,,,,,2,1,2071,0x0817,,,,1,InstantCtl,Instant,0,0,Linear,Scalar
Fx001AuxOn006,1,1,6,,,FX return to aux send on/off,3747,vrk,1,,,,,,,,FxCtrl,,,,,,,2,1,2083,0x0823,,,,1,InstantCtl,Instant,0,0,Linear,Scalar
Fx001AuxOn007,1,1,7,,,FX return to aux send on/off,3748,vrl,1,,,,,,,,FxCtrl,,,,,,,2,1,2095,0x082F,,,,1,InstantCtl,Instant,0,0,Linear,Scalar
Fx001AuxOn008,1,1,8,,,FX return to aux send on/off,3749,vrm,1,,,,,,,,FxCtrl,,,,,,,2,1,2107,0x083B,,,,1,InstantCtl,Instant,0,0,Linear,Scalar
Fx002AuxOn001,1,2,1,,,FX return to aux send on/off,3750,vrn,1,,,,,,,,FxCtrl,,,,,,,2,1,2024,0x07E8,,,,1,InstantCtl,Instant,0,0,Linear,Scalar
Fx002AuxOn002,1,2,2,,,FX return to aux send on/off,3751,vro,1,,,,,,,,FxCtrl,,,,,,,2,1,2036,0x07F4,,,,1,InstantCtl,Instant,0,0,Linear,Scalar
Fx002AuxOn003,1,2,3,,,FX return to aux send on/off,3752,vrp,1,,,,,,,,FxCtrl,,,,,,,2,1,2048,0x0800,,,,1,InstantCtl,Instant,0,0,Linear,Scalar
Fx002AuxOn004,1,2,4,,,FX return to aux send on/off,3753,vrq,1,,,,,,,,FxCtrl,,,,,,,2,1,2060,0x080C,,,,1,InstantCtl,Instant,0,0,Linear,Scalar
Fx002AuxOn005,1,2,5,,,FX return to aux send on/off,3754,vrr,1,,,,,,,,FxCtrl,,,,,,,2,1,2072,0x0818,,,,1,InstantCtl,Instant,0,0,Linear,Scalar
Fx002AuxOn006,1,2,6,,,FX return to aux send on/off,3755,vrs,1,,,,,,,,FxCtrl,,,,,,,2,1,2084,0x0824,,,,1,InstantCtl,Instant,0,0,Linear,Scalar
Fx002AuxOn007,1,2,7,,,FX return to aux send on/off,3756,vrt,1,,,,,,,,FxCtrl,,,,,,,2,1,2096,0x0830,,,,1,InstantCtl,Instant,0,0,Linear,Scalar
Fx002AuxOn008,1,2,8,,,FX return to aux send on/off,3757,vru,1,,,,,,,,FxCtrl,,,,,,,2,1,2108,0x083C,,,,1,InstantCtl,Instant,0,0,Linear,Scalar
Fx003AuxOn001,1,3,1,,,FX return to aux send on/off,3758,vrv,1,,,,,,,,FxCtrl,,,,,,,2,1,2025,0x07E9,,,,1,InstantCtl,Instant,0,0,Linear,Scalar
Fx003AuxOn002,1,3,2,,,FX return to aux send on/off,3759,vrw,1,,,,,,,,FxCtrl,,,,,,,2,1,2037,0x07F5,,,,1,InstantCtl,Instant,0,0,Linear,Scalar
Fx003AuxOn003,1,3,3,,,FX return to aux send on/off,3760,vsh,1,,,,,,,,FxCtrl,,,,,,,2,1,2049,0x0801,,,,1,InstantCtl,Instant,0,0,Linear,Scalar
Fx003AuxOn004,1,3,4,,,FX return to aux send on/off,3761,vsi,1,,,,,,,,FxCtrl,,,,,,,2,1,2061,0x080D,,,,1,InstantCtl,Instant,0,0,Linear,Scalar
Fx003AuxOn005,1,3,5,,,FX return to aux send on/off,3762,vsj,1,,,,,,,,FxCtrl,,,,,,,2,1,2073,0x0819,,,,1,InstantCtl,Instant,0,0,Linear,Scalar
Fx003AuxOn006,1,3,6,,,FX return to aux send on/off,3763,vsk,1,,,,,,,,FxCtrl,,,,,,,2,1,2085,0x0825,,,,1,InstantCtl,Instant,0,0,Linear,Scalar
Fx003AuxOn007,1,3,7,,,FX return to aux send on/off,3764,vsl,1,,,,,,,,FxCtrl,,,,,,,2,1,2097,0x0831,,,,1,InstantCtl,Instant,0,0,Linear,Scalar
Fx003AuxOn008,1,3,8,,,FX return to aux send on/off,3765,vsm,1,,,,,,,,FxCtrl,,,,,,,2,1,2109,0x083D,,,,1,InstantCtl,Instant,0,0,Linear,Scalar
Fx004AuxOn001,1,4,1,,,FX return to aux send on/off,3766,vsn,1,,,,,,,,FxCtrl,,,,,,,2,1,2026,0x07EA,,,,1,InstantCtl,Instant,0,0,Linear,Scalar
Fx004AuxOn002,1,4,2,,,FX return to aux send on/off,3767,vso,1,,,,,,,,FxCtrl,,,,,,,2,1,2038,0x07F6,,,,1,InstantCtl,Instant,0,0,Linear,Scalar
Fx004AuxOn003,1,4,3,,,FX return to aux send on/off,3768,vsp,1,,,,,,,,FxCtrl,,,,,,,2,1,2050,0x0802,,,,1,InstantCtl,Instant,0,0,Linear,Scalar
Fx004AuxOn004,1,4,4,,,FX return to aux send on/off,3769,vsq,1,,,,,,,,FxCtrl,,,,,,,2,1,2062,0x080E,,,,1,InstantCtl,Instant,0,0,Linear,Scalar
Fx004AuxOn005,1,4,5,,,FX return to aux send on/off,3770,vsr,1,,,,,,,,FxCtrl,,,,,,,2,1,2074,0x081A,,,,1,InstantCtl,Instant,0,0,Linear,Scalar
Fx004AuxOn006,1,4,6,,,FX return to aux send on/off,3771,vss,1,,,,,,,,FxCtrl,,,,,,,2,1,2086,0x0826,,,,1,InstantCtl,Instant,0,0,Linear,Scalar
Fx004AuxOn007,1,4,7,,,FX return to aux send on/off,3772,vst,1,,,,,,,,FxCtrl,,,,,,,2,1,2098,0x0832,,,,1,InstantCtl,Instant,0,0,Linear,Scalar
Fx004AuxOn008,1,4,8,,,FX return to aux send on/off,3773,vsu,1,,,,,,,,FxCtrl,,,,,,,2,1,2110,0x083E,,,,1,InstantCtl,Instant,0,0,Linear,Scalar
Fx005AuxOn001,1,5,1,,,FX return to aux send on/off,3774,vsv,1,,,,,,,,FxCtrl,,,,,,,2,1,2027,0x07EB,,,,1,InstantCtl,Instant,0,0,Linear,Scalar
Fx005AuxOn002,1,5,2,,,FX return to aux send on/off,3775,vsw,1,,,,,,,,FxCtrl,,,,,,,2,1,2039,0x07F7,,,,1,InstantCtl,Instant,0,0,Linear,Scalar
Fx005AuxOn003,1,5,3,,,FX return to aux send on/off,3776,vth,1,,,,,,,,FxCtrl,,,,,,,2,1,2051,0x0803,,,,1,InstantCtl,Instant,0,0,Linear,Scalar
Fx005AuxOn004,1,5,4,,,FX return to aux send on/off,3777,vti,1,,,,,,,,FxCtrl,,,,,,,2,1,2063,0x080F,,,,1,InstantCtl,Instant,0,0,Linear,Scalar
Fx005AuxOn005,1,5,5,,,FX return to aux send on/off,3778,vtj,1,,,,,,,,FxCtrl,,,,,,,2,1,2075,0x081B,,,,1,InstantCtl,Instant,0,0,Linear,Scalar
Fx005AuxOn006,1,5,6,,,FX return to aux send on/off,3779,vtk,1,,,,,,,,FxCtrl,,,,,,,2,1,2087,0x0827,,,,1,InstantCtl,Instant,0,0,Linear,Scalar
Fx005AuxOn007,1,5,7,,,FX return to aux send on/off,3780,vtl,1,,,,,,,,FxCtrl,,,,,,,2,1,2099,0x0833,,,,1,InstantCtl,Instant,0,0,Linear,Scalar
Fx005AuxOn008,1,5,8,,,FX return to aux send on/off,3781,vtm,1,,,,,,,,FxCtrl,,,,,,,2,1,2111,0x083F,,,,1,InstantCtl,Instant,0,0,Linear,Scalar
Fx006AuxOn001,1,6,1,,,FX return to aux send on/off,3782,vtn,1,,,,,,,,FxCtrl,,,,,,,2,1,2028,0x07EC,,,,1,InstantCtl,Instant,0,0,Linear,Scalar
Fx006AuxOn002,1,6,2,,,FX return to aux send on/off,3783,vto,1,,,,,,,,FxCtrl,,,,,,,2,1,2040,0x07F8,,,,1,InstantCtl,Instant,0,0,Linear,Scalar
Fx006AuxOn003,1,6,3,,,FX return to aux send on/off,3784,vtp,1,,,,,,,,FxCtrl,,,,,,,2,1,2052,0x0804,,,,1,InstantCtl,Instant,0,0,Linear,Scalar
Fx006AuxOn004,1,6,4,,,FX return to aux send on/off,3785,vtq,1,,,,,,,,FxCtrl,,,,,,,2,1,2064,0x0810,,,,1,InstantCtl,Instant,0,0,Linear,Scalar
Fx006AuxOn005,1,6,5,,,FX return to aux send on/off,3786,vtr,1,,,,,,,,FxCtrl,,,,,,,2,1,2076,0x081C,,,,1,InstantCtl,Instant,0,0,Linear,Scalar
Fx006AuxOn006,1,6,6,,,FX return to aux send on/off,3787,vts,1,,,,,,,,FxCtrl,,,,,,,2,1,2088,0x0828,,,,1,InstantCtl,Instant,0,0,Linear,Scalar
Fx006AuxOn007,1,6,7,,,FX return to aux send on/off,3788,vtt,1,,,,,,,,FxCtrl,,,,,,,2,1,2100,0x0834,,,,1,InstantCtl,Instant,0,0,Linear,Scalar
Fx006AuxOn008,1,6,8,,,FX return to aux send on/off,3789,vtu,1,,,,,,,,FxCtrl,,,,,,,2,1,2112,0x0840,,,,1,InstantCtl,Instant,0,0,Linear,Scalar
Fx001AuxSend001,1,1,1,,,FX return to aux send level,3790,vtv,255,,,,,,,,FxCtrl,,dB:Off:-50@31:-30@63:-10@127:0,,,,,2,1,2029,0x07ED,,,,254,GainFast,Slew,3,8,Exp,Scalar
Fx001AuxSend002,1,1,2,,,FX return to aux send level,3791,vtw,255,,,,,,,,FxCtrl,,dB:Off:-50@31:-30@63:-10@127:0,,,,,2,1,2041,0x07F9,,,,254,GainFast,Slew,3,8,Exp,Scalar
Fx001AuxSend003,1,1,3,,,FX return to aux send level,3792,vuh,255,,,,,,,,FxCtrl,,dB:Off:-50@31:-30@63:-10@127:0,,,,,2,1,2053,0x0805,,,,254,GainFast,Slew,3,8,Exp,Scalar
Fx001AuxSend004,1,1,4,,,FX return to aux send level,3793,vui,255,,,,,,,,FxCtrl,,dB:Off:-50@31:-30@63:-10@127:0,,,,,2,1,2065,0x0811,,,,254,GainFast,Slew,3,8,Exp,Scalar
Fx001AuxSend005,1,1,5,,,FX return to aux send level,3794,vuj,255,,,,,,,,FxCtrl,,dB:Off:-50@31:-30@63:-10@127:0,,,,,2,1,2077,0x081D,,,,254,GainFast,Slew,3,8,Exp,Scalar
Fx001AuxSend006,1,1,6,,,FX return to aux send level,3795,vuk,255,,,,,,,,FxCtrl,,dB:Off:-50@31:-30@63:-10@127:0,,,,,2,1,2089,0x0829,,,,254,GainFast,Slew,3,8,Exp,Scalar
Fx001AuxSend007,1,1,7,,,FX return to aux send level,3796,vul,255,,,,,,,,FxCtrl,,dB:Off:-50@31:-30@63:-10@127:0,,,,,2,1,2101,0x0835,,,,254,GainFast,Slew,3,8,Exp,Scalar
Fx001AuxSend008,1,1,8,,,FX return to aux send level,3797,vum,255,,,,,,,,FxCtrl,,dB:Off:-50@31:-30@63:-10@127:0,,,,,2,1,2113,0x0841,,,,254,GainFast,Slew,3,8,Exp,Scalar
Fx002AuxSend001,1,2,1,,,FX return to aux send level,3798,vun,255,,,,,,,,FxCtrl,,dB:Off:-50@31:-30@63:-10@127:0,,,,,2,1,2030,0x07EE,,,,254,GainFast,Slew,3,8,Exp,Scalar
Fx002AuxSend002,1,2,2,,,FX return to aux send level,3799,vuo,255,,,,,,,,FxCtrl,,dB:Off:-50@31:-30@63:-10@127:0,,,,,2,1,2042,0x07FA,,,,254,GainFast,Slew,3,8,Exp,Scalar
Fx002AuxSend003,1,2,3,,,FX return to aux send level,3800,vup,255,,,,,,,,FxCtrl,,dB:Off:-50@31:-30@63:-10@127:0,,,,,2,1,2054,0x0806,,,,254,GainFast,Slew,3,8,Exp,Scalar
Fx002AuxSend004,1,2,4,,,FX return to aux send level,3801,vuq,255,,,,,,,,FxCtrl,,dB:Off:-50@31:-30@63:-10@127:0,,,,,2,1,2066,0x0812,,,,254,GainFast,Slew,3,8,Exp,Scalar
Fx002AuxSend005,1,2,5,,,FX return to aux send level,3802,vur,255,,,,,,,,FxCtrl,,dB:Off:-50@31:-30@63:-10@127:0,,,,,2,1,2078,0x081E,,,,254,GainFast,Slew,3,8,Exp,Scalar
Fx002AuxSend006,1,2,6,,,FX return to aux send level,3803,vus,255,,,,,,,,FxCtrl,,dB:Off:-50@31:-30@63:-10@127:0,,,,,2,1,2090,0x082A,,,,254,GainFast,Slew,3,8,Exp,Scalar
Fx002AuxSend007,1,2,7,,,FX return to aux send level,3804,vut,255,,,,,,,,FxCtrl,,dB:Off:-50@31:-30@63:-10@127:0,,,,,2,1,2102,0x0836,,,,254,GainFast,Slew,3,8,Exp,Scalar
Fx002AuxSend008,1,2,8,,,FX return to aux send level,3805,vuu,255,,,,,,,,FxCtrl,,dB:Off:-50@31:-30@63:-10@127:0,,,,,2,1,2114,0x0842,,,,254,GainFast,Slew,3,8,Exp,Scalar
Fx003AuxSend001,1,3,1,,,FX return to aux send level,3806,vuv,255,,,,,,,,FxCtrl,,dB:Off:-50@31:-30@63:-10@127:0,,,,,2,1,2031,0x07EF,,,,254,GainFast,Slew,3,8,Exp,Scalar
Fx003AuxSend002,1,3,2,,,FX return to aux send level,3807,vuw,255,,,,,,,,FxCtrl,,dB:Off:-50@31:-30@63:-10@127:0,,,,,2,1,2043,0x07FB,,,,254,GainFast,Slew,3,8,Exp,Scalar
Fx003AuxSend003,1,3,3,,,FX return to aux send level,3808,vvh,255,,,,,,,,FxCtrl,,dB:Off:-50@31:-30@63:-10@127:0,,,,,2,1,2055,0x0807,,,,254,GainFast,Slew,3,8,Exp,Scalar
Fx003AuxSend004,1,3,4,,,FX return to aux send level,3809,vvi,255,,,,,,,,FxCtrl,,dB:Off:-50@31:-30@63:-10@127:0,,,,,2,1,2067,0x0813,,,,254,GainFast,Slew,3,8,Exp,Scalar
Fx003AuxSend005,1,3,5,,,FX return to aux send level,3810,vvj,255,,,,,,,,FxCtrl,,dB:Off:-50@31:-30@63:-10@127:0,,,,,2,1,2079,0x081F,,,,254,GainFast,Slew,3,8,Exp,Scalar
Fx003AuxSend006,1,3,6,,,FX return to aux send level,3811,vvk,255,,,,,,,,FxCtrl,,dB:Off:-50@31:-30@63:-10@127:0,,,,,2,1,2091,0x082B,,,,254,GainFast,Slew,3,8,Exp,Scalar
Fx003AuxSend007,1,3,7,,,FX return to aux send level,3812,vvl,255,,,,,,,,FxCtrl,,dB:Off:-50@31:-30@63:-10@127:0,,,,,2,1,2103,0x0837,,,,254,GainFast,Slew,3,8,Exp,Scalar
Fx003AuxSend008,1,3,8,,,FX return to aux send level,3813,vvm,255,,,,,,,,FxCtrl,,dB:Off:-50@31:-30@63:-10@127:0,,,,,2,1,2115,0x0843,,,,254,GainFast,Slew,3,8,Exp,Scalar
Fx004AuxSend001,1,4,1,,,FX return to aux send level,3814,vvn,255,,,,,,,,FxCtrl,,dB:Off:-50@31:-30@63:-10@127:0,,,,,2,1,2032,0x07F0,,,,254,GainFast,Slew,3,8,Exp,Scalar
Fx004AuxSend002,1,4,2,,,FX return to aux send level,3815,vvo,255,,,,,,,,FxCtrl,,dB:Off:-50@31:-30@63:-10@127:0,,,,,2,1,2044,0x07FC,,,,254,GainFast,Slew,3,8,Exp,Scalar
Fx004AuxSend003,1,4,3,,,FX return to aux send level,3816,vvp,255,,,,,,,,FxCtrl,,dB:Off:-50@31:-30@63:-10@127:0,,,,,2,1,2056,0x0808,,,,254,GainFast,Slew,3,8,Exp,Scalar
Fx004AuxSend004,1,4,4,,,FX return to aux send level,3817,vvq,255,,,,,,,,FxCtrl,,dB:Off:-50@31:-30@63:-10@127:0,,,,,2,1,2068,0x0814,,,,254,GainFast,Slew,3,8,Exp,Scalar
Fx004AuxSend005,1,4,5,,,FX return to aux send level,3818,vvr,255,,,,,,,,FxCtrl,,dB:Off:-50@31:-30@63:-10@127:0,,,,,2,1,2080,0x0820,,,,254,GainFast,Slew,3,8,Exp,Scalar
Fx004AuxSend006,1,4,6,,,FX return to aux send level,3819,vvs,255,,,,,,,,FxCtrl,,dB:Off:-50@31:-30@63:-10@127:0,,,,,2,1,2092,0x082C,,,,254,GainFast,Slew,3,8,Exp,Scalar
Fx004AuxSend007,1,4,7,,,FX return to aux send level,3820,vvt,255,,,,,,,,FxCtrl,,dB:Off:-50@31:-30@63:-10@127:0,,,,,2,1,2104,0x0838,,,,254,GainFast,Slew,3,8,Exp,Scalar
Fx004AuxSend008,1,4,8,,,FX return to aux send level,3821,vvu,255,,,,,,,,FxCtrl,,dB:Off:-50@31:-30@63:-10@127:0,,,,,2,1,2116,0x0844,,,,254,GainFast,Slew,3,8,Exp,Scalar
Fx005AuxSend001,1,5,1,,,FX return to aux send level,3822,vvv,255,,,,,,,,FxCtrl,,dB:Off:-50@31:-30@63:-10@127:0,,,,,2,1,2033,0x07F1,,,,254,GainFast,Slew,3,8,Exp,Scalar
Fx005AuxSend002,1,5,2,,,FX return to aux send level,3823,vvw,255,,,,,,,,FxCtrl,,dB:Off:-50@31:-30@63:-10@127:0,,,,,2,1,2045,0x07FD,,,,254,GainFast,Slew,3,8,Exp,Scalar
Fx005AuxSend003,1,5,3,,,FX return to aux send level,3824,vwh,255,,,,,,,,FxCtrl,,dB:Off:-50@31:-30@63:-10@127:0,,,,,2,1,2057,0x0809,,,,254,GainFast,Slew,3,8,Exp,Scalar
Fx005AuxSend004,1,5,4,,,FX return to aux send level,3825,vwi,255,,,,,,,,FxCtrl,,dB:Off:-50@31:-30@63:-10@127:0,,,,,2,1,2069,0x0815,,,,254,GainFast,Slew,3,8,Exp,Scalar
Fx005AuxSend005,1,5,5,,,FX return to aux send level,3826,vwj,255,,,,,,,,FxCtrl,,dB:Off:-50@31:-30@63:-10@127:0,,,,,2,1,2081,0x0821,,,,254,GainFast,Slew,3,8,Exp,Scalar
Fx005AuxSend006,1,5,6,,,FX return to aux send level,3827,vwk,255,,,,,,,,FxCtrl,,dB:Off:-50@31:-30@63:-10@127:0,,,,,2,1,2093,0x082D,,,,254,GainFast,Slew,3,8,Exp,Scalar
Fx005AuxSend007,1,5,7,,,FX return to aux send level,3828,vwl,255,,,,,,,,FxCtrl,,dB:Off:-50@31:-30@63:-10@127:0,,,,,2,1,2105,0x0839,,,,254,GainFast,Slew,3,8,Exp,Scalar
Fx005AuxSend008,1,5,8,,,FX return to aux send level,3829,vwm,255,,,,,,,,FxCtrl,,dB:Off:-50@31:-30@63:-10@127:0,,,,,2,1,2117,0x0845,,,,254,GainFast,Slew,3,8,Exp,Scalar
Fx006AuxSend001,1,6,1,,,FX return to aux send level,3830,vwn,255,,,,,,,,FxCtrl,,dB:Off:-50@31:-30@63:-10@127:0,,,,,2,1,2034,0x07F2,,,,254,GainFast,Slew,3,8,Exp,Scalar
Fx006AuxSend002,1,6,2,,,FX return to aux send level,3831,vwo,255,,,,,,,,FxCtrl,,dB:Off:-50@31:-30@63:-10@127:0,,,,,2,1,2046,0x07FE,,,,254,GainFast,Slew,3,8,Exp,Scalar
Fx006AuxSend003,1,6,3,,,FX return to aux send level,3832,vwp,255,,,,,,,,FxCtrl,,dB:Off:-50@31:-30@63:-10@127:0,,,,,2,1,2058,0x080A,,,,254,GainFast,Slew,3,8,Exp,Scalar
Fx006AuxSend004,1,6,4,,,FX return to aux send level,3833,vwq,255,,,,,,,,FxCtrl,,dB:Off:-50@31:-30@63:-10@127:0,,,,,2,1,2070,0x0816,,,,254,GainFast,Slew,3,8,Exp,Scalar
Fx006AuxSend005,1,6,5,,,FX return to aux send level,3834,vwr,255,,,,,,,,FxCtrl,,dB:Off:-50@31:-30@63:-10@127:0,,,,,2,1,2082,0x0822,,,,254,GainFast,Slew,3,8,Exp,Scalar
Fx006AuxSend006,1,6,6,,,FX return to aux send level,3835,vws,255,,,,,,,,FxCtrl,,dB:Off:-50@31:-30@63:-10@127:0,,,,,2,1,2094,0x082E,,,,254,GainFast,Slew,3,8,Exp,Scalar
Fx006AuxSend007,1,6,7,,,FX return to aux send level,3836,vwt,255,,,,,,,,FxCtrl,,dB:Off:-50@31:-30@63:-10@127:0,,,,,2,1,2106,0x083A,,,,254,GainFast,Slew,3,8,Exp,Scalar
Fx006AuxSend008,1,6,8,,,FX return to aux send level,3837,vwu,255,,,,,,,,FxCtrl,,dB:Off:-50@31:-30@63:-10@127:0,,,,,2,1,2118,0x0846,,,,254,GainFast,Slew,3,8,Exp,Scalar
Fx001Dca001,1,1,1,,,FX return DCA assignment (1-8 or off),3838,vwv,9,,,,,,,,FxCtrl,,,,,,,,,,,,,,0,,,,,,
Fx002Dca001,1,2,1,,,FX return DCA assignment (1-8 or off),3839,vww,9,,,,,,,,FxCtrl,,,,,,,,,,,,,,0,,,,,,
Fx003Dca001,1,3,1,,,FX return DCA assignment (1-8 or off),3840,whh,9,,,,,,,,FxCtrl,,,,,,,,,,,,,,0,,,,,,
Fx004Dca001,1,4,1,,,FX return DCA assignment (1-8 or off),3841,whi,9,,,,,,,,FxCtrl,,,,,,,,,,,,,,0,,,,,,
Fx005Dca001,1,5,1,,,FX return DCA assignment (1-8 or off),3842,whj,9,,,,,,,,FxCtrl,,,,,,,,,,,,,,0,,,,,,
Fx006Dca001,1,6,1,,,FX return DCA assignment (1-8 or off),3843,whk,9,,,,,,,,FxCtrl,,,,,,,,,,,,,,0,,,,,,
Fx001DcaOn001,1,1,1,,,DCA follow on/off (assignment kept while off),3844,whl,2,,,,,,,,FxCtrl,,,,,,,,,,,,,,0,,,,,,
Fx002DcaOn001,1,2,1,,,DCA follow on/off (assignment kept while off),3845,whm,2,,,,,,,,FxCtrl,,,,,,,,,,,,,,0,,,,,,
Fx003DcaOn001,1,3,1,,,DCA follow on/off (assignment kept while off),3846,whn,2,,,,,,,,FxCtrl,,,,,,,,,,,,,,0,,,,,,
Fx004DcaOn001,1,4,1,,,DCA follow on/off (assignment kept while off),3847,who,2,,,,,,,,FxCtrl,,,,,,,,,,,,,,0,,,,,,
Fx005DcaOn001,1,5,1,,,DCA follow on/off (assignment kept while off),3848,whp,2,,,,,,,,FxCtrl,,,,,,,,,,,,,,0,,,,,,
Fx006DcaOn001,1,6,1,,,DCA follow on/off (assignment kept while off),3849,whq,2,,,,,,,,FxCtrl,,,,,,,,,,,,,,0,,,,,,
Fx001Level001,1,1,1,,,FX return master level,3850,whr,255,,,,,,,,FxCtrl,,dB:Off:-50@31:-30@63:-10@127:10,,,,,2,1,1644,0x066C,,,,,GainFast,Slew,3,8,Exp,Scalar
Fx002Level001,1,2,1,,,FX return master level,3851,whs,255,,,,,,,,FxCtrl,,dB:Off:-50@31:-30@63:-10@127:10,,,,,2,1,1672,0x0688,,,,,GainFast,Slew,3,8,Exp,Scalar
Fx003Level001,1,3,1,,,FX return master level,3852,wht,255,,,,,,,,FxCtrl,,dB:Off:-50@31:-30@63:-10@127:10,,,,,2,1,1700,0x06A4,,,,,GainFast,Slew,3,8,Exp,Scalar
Fx004Level001,1,4,1,,,FX return master level,3853,whu,255,,,,,,,,FxCtrl,,dB:Off:-50@31:-30@63:-10@127:10,,,,,2,1,1728,0x06C0,,,,,GainFast,Slew,3,8,Exp,Scalar
Fx005Level001,1,5,1,,,FX return master level,3854,whv,255,,,,,,,,FxCtrl,,dB:Off:-50@31:-30@63:-10@127:10,,,,,2,1,1756,0x06DC,,,,,GainFast,Slew,3,8,Exp,Scalar
Fx006Level001,1,6,1,,,FX return master level,3855,whw,255,,,,,,,,FxCtrl,,dB:Off:-50@31:-30@63:-10@127:10,,,,,2,1,1784,0x06F8,,,,,GainFast,Slew,3,8,Exp,Scalar
Fx001Mute001,1,1,1,,,FX return mute on/off,3856,wih,2,,,,,,,,FxCtrl,,,,,,,2,1,1646,0x066E,,,,0,InstantCtl,Instant,0,0,Linear,Scalar
Fx002Mute001,1,2,1,,,FX return mute on/off,3857,wii,2,,,,,,,,FxCtrl,,,,,,,2,1,1674,0x068A,,,,0,InstantCtl,Instant,0,0,Linear,Scalar
Fx003Mute001,1,3,1,,,FX return mute on/off,3858,wij,2,,,,,,,,FxCtrl,,,,,,,2,1,1702,0x06A6,,,,0,InstantCtl,Instant,0,0,Linear,Scalar
Fx004Mute001,1,4,1,,,FX return mute on/off,3859,wik,2,,,,,,,,FxCtrl,,,,,,,2,1,1730,0x06C2,,,,0,InstantCtl,Instant,0,0,Linear,Scalar
Fx005Mute001,1,5,1,,,FX return mute on/off,3860,wil,2,,,,,,,,FxCtrl,,,,,,,2,1,1758,0x06DE,,,,0,InstantCtl,Instant,0,0,Linear,Scalar
Fx006Mute001,1,6,1,,,FX return mute on/off,3861,wim,2,,,,,,,,FxCtrl,,,,,,,2,1,1786,0x06FA,,,,0,InstantCtl,Instant,0,0,Linear,Scalar
Fx001Tap001,1,1,1,,false,FX tap tempo trigger,3862,win,2,,,,,,,,FxCtrl,,,,,,,,,,,,,,-,,,,,,
Fx002Tap001,1,2,1,,false,FX tap tempo trigger,3863,wio,2,,,,,,,,FxCtrl,,,,,,,,,,,,,,-,,,,,,
Fx003Tap001,1,3,1,,false,FX tap tempo trigger,3864,wip,2,,,,,,,,FxCtrl,,,,,,,,,,,,,,-,,,,,,
Fx004Tap001,1,4,1,,false,FX tap tempo trigger,3865,wiq,2,,,,,,,,FxCtrl,,,,,,,,,,,,,,-,,,,,,
Fx005Tap001,1,5,1,,false,FX tap tempo trigger,3866,wir,2,,,,,,,,FxCtrl,,,,,,,,,,,,,,-,,,,,,
Fx006Tap001,1,6,1,,false,FX tap tempo trigger,3867,wis,2,,,,,,,,FxCtrl,,,,,,,,,,,,,,-,,,,,,
Fx001MuteAll001,1,1,1,,,Global FX mute on/off,3868,wit,2,,,,,,,,FxCtrl,,,,,,,,,,,,,,0,,,,,,
Fx001Type001,1,1,1,,,FX type (Echo/PingPong/Doubling/Reverb/Chorus/Flanger/Phaser),3869,wiu,7,,,,,,,,FxCtrl,,,,,,,2,1,1621,0x0655,,,,-,InstantCtl,Instant,0,0,Linear,Scalar
Fx002Type001,1,2,1,,,FX type (Echo/PingPong/Doubling/Reverb/Chorus/Flanger/Phaser),3870,wiv,7,,,,,,,,FxCtrl,,,,,,,2,1,1649,0x0671,,,,-,InstantCtl,Instant,0,0,Linear,Scalar
Fx003Type001,1,3,1,,,FX type (Echo/PingPong/Doubling/Reverb/Chorus/Flanger/Phaser),3871,wiw,7,,,,,,,,FxCtrl,,,,,,,2,1,1677,0x068D,,,,-,InstantCtl,Instant,0,0,Linear,Scalar
Fx004Type001,1,4,1,,,FX type (Echo/PingPong/Doubling/Reverb/Chorus/Flanger/Phaser),3872,wjh,7,,,,,,,,FxCtrl,,,,,,,2,1,1705,0x06A9,,,,-,InstantCtl,Instant,0,0,Linear,Scalar
Fx005Type001,1,5,1,,,FX type (Echo/PingPong/Doubling/Reverb/Chorus/Flanger/Phaser),3873,wji,7,,,,,,,,FxCtrl,,,,,,,2,1,1733,0x06C5,,,,-,InstantCtl,Instant,0,0,Linear,Scalar
Fx006Type001,1,6,1,,,FX type (Echo/PingPong/Doubling/Reverb/Chorus/Flanger/Phaser),3874,wjj,7,,,,,,,,FxCtrl,,,,,,,2,1,1761,0x06E1,,,,-,InstantCtl,Instant,0,0,Linear,Scalar
Main001CueSel001,1,1,1,,false,Main output cue/solo select,3875,wjk,2,,,,,,,,,,,,,,,,,,,,,,0,,,,,,
Main001Delay001,1,1,1,,,Main L/R output delay up to 250ms,3876,wjl,255,,,,,,,,,,0=0/127=250/[Log],,,,,2,1,1434,0x059A,,,,0,InstantCtl,Instant,0,0,Linear,Scalar
Main001Mute001,1,1,1,,,Main L/R control-surface master mute (performer state),3877,wjm,2,,,,,,,,,,,,,,,2,1,1381,0x0565,,,,0,InstantCtl,Instant,0,0,Linear,Scalar
Main001Dca001,1,1,1,,,Main L/R DCA assignment (1-8 or off),3878,wjn,9,,,,,,,,,,,,,,,,,,,,,,0,,,,,,
Main001DcaOn001,1,1,1,,,DCA follow on/off (assignment kept while off),3879,wjo,2,,,,,,,,,,,,,,,,,,,,,,0,,,,,,
Main001Level001,1,1,1,,,Main L/R master fader level,3880,wjp,255,,,,,,,,,,dB:Off:-50@31:-30@63:-10@127:10,,,,,2,1,1379,0x0563,,,,,GainFast,Slew,3,8,Exp,Scalar
Main001Geq001,1,1,1,,,Main 31-band stereo GEQ gain per band,3881,wjq,65,32,,,,,,,MainEq,,0=-12/127=12/[Lin],,,,,2,1,1383,0x0567,,,,32,EqSafe,LinearFrames,12,12,Linear,CoeffSetAtomic
Main001Geq002,1,1,2,,,Main 31-band stereo GEQ gain per band,3882,wjr,65,32,,,,,,,MainEq,,0=-12/127=12/[Lin],,,,,2,1,1384,0x0568,,,,32,EqSafe,LinearFrames,12,12,Linear,CoeffSetAtomic
Main001Geq003,1,1,3,,,Main 31-band stereo GEQ gain per band,3883,wjs,65,32,,,,,,,MainEq,,0=-12/127=12/[Lin],,,,,2,1,1385,0x0569,,,,32,EqSafe,LinearFrames,12,12,Linear,CoeffSetAtomic
Main001Geq004,1,1,4,,,Main 31-band stereo GEQ gain per band,3884,wjt,65,32,,,,,,,MainEq,,0=-12/127=12/[Lin],,,,,2,1,1386,0x056A,,,,32,EqSafe,LinearFrames,12,12,Linear,CoeffSetAtomic
Main001Geq005,1,1,5,,,Main 31-band stereo GEQ gain per band,3885,wju,65,32,,,,,,,MainEq,,0=-12/127=12/[Lin],,,,,2,1,1387,0x056B,,,,32,EqSafe,LinearFrames,12,12,Linear,CoeffSetAtomic
Main001Geq006,1,1,6,,,Main 31-band stereo GEQ gain per band,3886,wjv,65,32,,,,,,,MainEq,,0=-12/127=12/[Lin],,,,,2,1,1388,0x056C,,,,32,EqSafe,LinearFrames,12,12,Linear,CoeffSetAtomic
Main001Geq007,1,1,7,,,Main 31-band stereo GEQ gain per band,3887,wjw,65,32,,,,,,,MainEq,,0=-12/127=12/[Lin],,,,,2,1,1389,0x056D,,,,32,EqSafe,LinearFrames,12,12,Linear,CoeffSetAtomic
Main001Geq008,1,1,8,,,Main 31-band stereo GEQ gain per band,3888,wkh,65,32,,,,,,,MainEq,,0=-12/127=12/[Lin],,,,,2,1,1390,0x056E,,,,32,EqSafe,LinearFrames,12,12,Linear,CoeffSetAtomic
Main001Geq009,1,1,9,,,Main 31-band stereo GEQ gain per band,3889,wki,65,32,,,,,,,MainEq,,0=-12/127=12/[Lin],,,,,2,1,1391,0x056F,,,,32,EqSafe,LinearFrames,12,12,Linear,CoeffSetAtomic
Main001Geq010,1,1,10,,,Main 31-band stereo GEQ gain per band,3890,wkj,65,32,,,,,,,MainEq,,0=-12/127=12/[Lin],,,,,2,1,1392,0x0570,,,,32,EqSafe,LinearFrames,12,12,Linear,CoeffSetAtomic
Main001Geq011,1,1,11,,,Main 31-band stereo GEQ gain per band,3891,wkk,65,32,,,,,,,MainEq,,0=-12/127=12/[Lin],,,,,2,1,1393,0x0571,,,,32,EqSafe,LinearFrames,12,12,Linear,CoeffSetAtomic
Main001Geq012,1,1,12,,,Main 31-band stereo GEQ gain per band,3892,wkl,65,32,,,,,,,MainEq,,0=-12/127=12/[Lin],,,,,2,1,1394,0x0572,,,,32,EqSafe,LinearFrames,12,12,Linear,CoeffSetAtomic
Main001Geq013,1,1,13,,,Main 31-band stereo GEQ gain per band,3893,wkm,65,32,,,,,,,MainEq,,0=-12/127=12/[Lin],,,,,2,1,1395,0x0573,,,,32,EqSafe,LinearFrames,12,12,Linear,CoeffSetAtomic
Main001Geq014,1,1,14,,,Main 31-band stereo GEQ gain per band,3894,wkn,65,32,,,,,,,MainEq,,0=-12/127=12/[Lin],,,,,2,1,1396,0x0574,,,,32,EqSafe,LinearFrames,12,12,Linear,CoeffSetAtomic
Main001Geq015,1,1,15,,,Main 31-band stereo GEQ gain per band,3895,wko,65,32,,,,,,,MainEq,,0=-12/127=12/[Lin],,,,,2,1,1397,0x0575,,,,32,EqSafe,LinearFrames,12,12,Linear,CoeffSetAtomic
Main001Geq016,1,1,16,,,Main 31-band stereo GEQ gain per band,3896,wkp,65,32,,,,,,,MainEq,,0=-12/127=12/[Lin],,,,,2,1,1398,0x0576,,,,32,EqSafe,LinearFrames,12,12,Linear,CoeffSetAtomic
Main001Geq017,1,1,17,,,Main 31-band stereo GEQ gain per band,3897,wkq,65,32,,,,,,,MainEq,,0=-12/127=12/[Lin],,,,,2,1,1399,0x0577,,,,32,EqSafe,LinearFrames,12,12,Linear,CoeffSetAtomic
Main001Geq018,1,1,18,,,Main 31-band stereo GEQ gain per band,3898,wkr,65,32,,,,,,,MainEq,,0=-12/127=12/[Lin],,,,,2,1,1400,0x0578,,,,32,EqSafe,LinearFrames,12,12,Linear,CoeffSetAtomic
Main001Geq019,1,1,19,,,Main 31-band stereo GEQ gain per band,3899,wks,65,32,,,,,,,MainEq,,0=-12/127=12/[Lin],,,,,2,1,1401,0x0579,,,,32,EqSafe,LinearFrames,12,12,Linear,CoeffSetAtomic
Main001Geq020,1,1,20,,,Main 31-band stereo GEQ gain per band,3900,wkt,65,32,,,,,,,MainEq,,0=-12/127=12/[Lin],,,,,2,1,1402,0x057A,,,,32,EqSafe,LinearFrames,12,12,Linear,CoeffSetAtomic
Main001Geq021,1,1,21,,,Main 31-band stereo GEQ gain per band,3901,wku,65,32,,,,,,,MainEq,,0=-12/127=12/[Lin],,,,,2,1,1403,0x057B,,,,32,EqSafe,LinearFrames,12,12,Linear,CoeffSetAtomic
Main001Geq022,1,1,22,,,Main 31-band stereo GEQ gain per band,3902,wkv,65,32,,,,,,,MainEq,,0=-12/127=12/[Lin],,,,,2,1,1404,0x057C,,,,32,EqSafe,LinearFrames,12,12,Linear,CoeffSetAtomic
Main001Geq023,1,1,23,,,Main 31-band stereo GEQ gain per band,3903,wkw,65,32,,,,,,,MainEq,,0=-12/127=12/[Lin],,,,,2,1,1405,0x057D,,,,32,EqSafe,LinearFrames,12,12,Linear,CoeffSetAtomic
Main001Geq024,1,1,24,,,Main 31-band stereo GEQ gain per band,3904,wlh,65,32,,,,,,,MainEq,,0=-12/127=12/[Lin],,,,,2,1,1406,0x057E,,,,32,EqSafe,LinearFrames,12,12,Linear,CoeffSetAtomic
Main001Geq025,1,1,25,,,Main 31-band stereo GEQ gain per band,3905,wli,65,32,,,,,,,MainEq,,0=-12/127=12/[Lin],,,,,2,1,1407,0x057F,,,,32,EqSafe,LinearFrames,12,12,Linear,CoeffSetAtomic
Main001Geq026,1,1,26,,,Main 31-band stereo GEQ gain per band,3906,wlj,65,32,,,,,,,MainEq,,0=-12/127=12/[Lin],,,,,2,1,1408,0x0580,,,,32,EqSafe,LinearFrames,12,12,Linear,CoeffSetAtomic
Main001Geq027,1,1,27,,,Main 31-band stereo GEQ gain per band,3907,wlk,65,32,,,,,,,MainEq,,0=-12/127=12/[Lin],,,,,2,1,1409,0x0581,,,,32,EqSafe,LinearFrames,12,12,Linear,CoeffSetAtomic
Main001Geq028,1,1,28,,,Main 31-band stereo GEQ gain per band,3908,wll,65,32,,,,,,,MainEq,,0=-12/127=12/[Lin],,,,,2,1,1410,0x0582,,,,32,EqSafe,LinearFrames,12,12,Linear,CoeffSetAtomic
Main001Geq029,1,1,29,,,Main 31-band stereo GEQ gain per band,3909,wlm,65,32,,,,,,,MainEq,,0=-12/127=12/[Lin],,,,,2,1,1411,0x0583,,,,32,EqSafe,LinearFrames,12,12,Linear,CoeffSetAtomic
Main001Geq030,1,1,30,,,Main 31-band stereo GEQ gain per band,3910,wln,65,32,,,,,,,MainEq,,0=-12/127=12/[Lin],,,,,2,1,1412,0x0584,,,,32,EqSafe,LinearFrames,12,12,Linear,CoeffSetAtomic
Main001Geq031,1,1,31,,,Main 31-band stereo GEQ gain per band,3911,wlo,65,32,,,,,,,MainEq,,0=-12/127=12/[Lin],,,,,2,1,1413,0x0585,,,,32,EqSafe,LinearFrames,12,12,Linear,CoeffSetAtomic
Mon001Delay001,1,1,1,,,Monitor output delay up to 250ms,3912,wlp,255,,,,,,,,,,0=0/127=250/[Log],,,,,2,1,1794,0x0702,,,,-,InstantCtl,Instant,0,0,Linear,Scalar
Mon001InputSel001,1,1,1,,,Monitor source word: 0 = the Main L-R source at the Mon PickOff tap / 1 = the cue bus; the host writes it from Mon CueOn and the cue state (restated by PW ruling D8 2026-09-28; was L/R or aux),3913,wlq,2,,,,,,,,,,,,,,,2,1,1788,0x06FC,,,,-,InstantCtl,Instant,0,0,Linear,Scalar
Mon001Level001,1,1,1,,,Monitor output level (L/R),3914,wlr,255,,,,,,,,,,dB:Off:-50@31:-30@63:-10@127:10,,,,,2,1,1789,0x06FD,,,,-,GainFast,Slew,3,8,Exp,Scalar
Mon001Level002,1,1,2,,,Monitor output level (L/R),3915,wls,255,,,,,,,,,,dB:Off:-50@31:-30@63:-10@127:10,,,,,2,1,1790,0x06FE,,,,-,GainFast,Slew,3,8,Exp,Scalar
Mute001On001,1,1,1,,false,Mute group 1-8 master on/off,3916,wlt,2,,,,,,,,,,,,,,,,,,,,,,0,,,,,,
Mute002On001,1,2,1,,false,Mute group 1-8 master on/off,3917,wlu,2,,,,,,,,,,,,,,,,,,,,,,0,,,,,,
Mute003On001,1,3,1,,false,Mute group 1-8 master on/off,3918,wlv,2,,,,,,,,,,,,,,,,,,,,,,0,,,,,,
Mute004On001,1,4,1,,false,Mute group 1-8 master on/off,3919,wlw,2,,,,,,,,,,,,,,,,,,,,,,0,,,,,,
Mute005On001,1,5,1,,false,Mute group 1-8 master on/off,3920,wmh,2,,,,,,,,,,,,,,,,,,,,,,0,,,,,,
Mute006On001,1,6,1,,false,Mute group 1-8 master on/off,3921,wmi,2,,,,,,,,,,,,,,,,,,,,,,0,,,,,,
Mute007On001,1,7,1,,false,Mute group 1-8 master on/off,3922,wmj,2,,,,,,,,,,,,,,,,,,,,,,0,,,,,,
Mute008On001,1,8,1,,false,Mute group 1-8 master on/off,3923,wmk,2,,,,,,,,,,,,,,,,,,,,,,0,,,,,,
Noise001Hpf001,1,1,1,,,Noise gen HPF 80Hz on/off,3924,wml,2,,,,,,,,,,,,,,,1,1,4746,0x128A,,,,0,InstantCtl,Instant,0,0,Linear,Scalar
Noise001Level001,1,1,1,,,Noise/tone generator output level,3925,wmm,255,,,,,,,,,,0=-40/127=0/[Lin],,,,,1,1,4745,0x1289,,,,-,GainFast,Slew,3,8,Exp,Scalar
Noise001On001,1,1,1,,,Noise/tone generator on/off,3926,wmn,2,,,,,,,,,,,,,,,1,1,4744,0x1288,,,,0,InstantCtl,Instant,0,0,Linear,Scalar
Noise001Dest001,1,1,1,,,Noise routing to aux/main outputs,3927,wmo,11,,,,,,,,,,,,,,,,,,,,,,0,,,,,,
Noise001Dest002,1,1,2,,,Noise routing to aux/main outputs,3928,wmp,11,,,,,,,,,,,,,,,,,,,,,,0,,,,,,
Noise001Dest003,1,1,3,,,Noise routing to aux/main outputs,3929,wmq,11,,,,,,,,,,,,,,,,,,,,,,0,,,,,,
Noise001Dest004,1,1,4,,,Noise routing to aux/main outputs,3930,wmr,11,,,,,,,,,,,,,,,,,,,,,,0,,,,,,
Noise001Dest005,1,1,5,,,Noise routing to aux/main outputs,3931,wms,11,,,,,,,,,,,,,,,,,,,,,,0,,,,,,
Noise001Dest006,1,1,6,,,Noise routing to aux/main outputs,3932,wmt,11,,,,,,,,,,,,,,,,,,,,,,0,,,,,,
Noise001Dest007,1,1,7,,,Noise routing to aux/main outputs,3933,wmu,11,,,,,,,,,,,,,,,,,,,,,,0,,,,,,
Noise001Dest008,1,1,8,,,Noise routing to aux/main outputs,3934,wmv,11,,,,,,,,,,,,,,,,,,,,,,0,,,,,,
Noise001Dest009,1,1,9,,,Noise routing to aux/main outputs,3935,wmw,11,,,,,,,,,,,,,,,,,,,,,,0,,,,,,
Noise001Dest010,1,1,10,,,Noise routing to aux/main outputs,3936,wnh,11,,,,,,,,,,,,,,,,,,,,,,0,,,,,,
Pi001On001,1,1,1,,false,Pi playback input on/off,3937,wni,2,,,,,,,,,,,,,,,2,1,1860,0x0744,,,,1,InstantCtl,Instant,0,0,Linear,Scalar
Pi001Level001,1,1,1,,false,Pi playback input level,3938,wnj,255,,,,,,,,,,0=-20/127=6/[Lin],,,,,2,1,1859,0x0743,,,,,GainFast,Slew,3,8,Exp,Scalar
Rec001Level001,1,1,1,,false,USB 2-track record level,3939,wnk,255,,,,,,,,,,0=-20/127=6/[Lin],,,,,,,,,,,,-,,,,,,
Rec001Play001,1,1,1,,false,USB 2-track playback toggle,3940,wnl,2,,,,,,,,,,,,,,,,,,,,,,-,,,,,,
Rec001Rec001,1,1,1,,false,USB 2-track record toggle,3941,wnm,2,,,,,,,,,,,,,,,,,,,,,,-,,,,,,
Rec001Src001,1,1,1,,false,USB 2-track source: codes 0-3 as before (L/R or A1-4); 4 = Aux 5-6 / 5 = Aux 7-8 (block P14-R14; add-only - PW ruling D13 2026-09-28),3942,wnn,6,,,,,,,,,,,,,,,,,,,,,,-,,,,,,
Rta001On001,1,1,1,,false,1/3-octave real-time analyser on/off,3943,wno,2,,,,,,,,,,,,,,,,,,,,,,-,,,,,,
Grp001CompAtt001,1,1,1,,,Group compressor attack,3944,wnp,255,,,,,,,,GrpComp,,0=0/254=250/[Log],,,,,2,1,1127,0x0467,,,,-,DynSafe,LinearFrames,6,20,Exp,Scalar
Grp002CompAtt001,1,2,1,,,Group compressor attack,3945,wnq,255,,,,,,,,GrpComp,,0=0/254=250/[Log],,,,,2,1,1187,0x04A3,,,,-,DynSafe,LinearFrames,6,20,Exp,Scalar
Grp003CompAtt001,1,3,1,,,Group compressor attack,3946,wnr,255,,,,,,,,GrpComp,,0=0/254=250/[Log],,,,,2,1,1247,0x04DF,,,,-,DynSafe,LinearFrames,6,20,Exp,Scalar
Grp004CompAtt001,1,4,1,,,Group compressor attack,3947,wns,255,,,,,,,,GrpComp,,0=0/254=250/[Log],,,,,2,1,1307,0x051B,,,,-,DynSafe,LinearFrames,6,20,Exp,Scalar
Grp001CompKnee001,1,1,1,,,Group compressor soft/hard knee,3948,wnt,2,,,,,,,,GrpComp,,,,,,,2,1,1130,0x046A,,,,-,InstantCtl,Instant,0,0,Linear,Scalar
Grp002CompKnee001,1,2,1,,,Group compressor soft/hard knee,3949,wnu,2,,,,,,,,GrpComp,,,,,,,2,1,1190,0x04A6,,,,-,InstantCtl,Instant,0,0,Linear,Scalar
Grp003CompKnee001,1,3,1,,,Group compressor soft/hard knee,3950,wnv,2,,,,,,,,GrpComp,,,,,,,2,1,1250,0x04E2,,,,-,InstantCtl,Instant,0,0,Linear,Scalar
Grp004CompKnee001,1,4,1,,,Group compressor soft/hard knee,3951,wnw,2,,,,,,,,GrpComp,,,,,,,2,1,1310,0x051E,,,,-,InstantCtl,Instant,0,0,Linear,Scalar
Grp001CompMake001,1,1,1,,,Group compressor makeup gain,3952,woh,33,,,,,,,,GrpComp,,0=0/127=20/[Lin],,,,,2,1,1129,0x0469,,,,0,GainFast,Slew,3,8,Exp,Scalar
Grp002CompMake001,1,2,1,,,Group compressor makeup gain,3953,woi,33,,,,,,,,GrpComp,,0=0/127=20/[Lin],,,,,2,1,1189,0x04A5,,,,0,GainFast,Slew,3,8,Exp,Scalar
Grp003CompMake001,1,3,1,,,Group compressor makeup gain,3954,woj,33,,,,,,,,GrpComp,,0=0/127=20/[Lin],,,,,2,1,1249,0x04E1,,,,0,GainFast,Slew,3,8,Exp,Scalar
Grp004CompMake001,1,4,1,,,Group compressor makeup gain,3955,wok,33,,,,,,,,GrpComp,,0=0/127=20/[Lin],,,,,2,1,1309,0x051D,,,,0,GainFast,Slew,3,8,Exp,Scalar
Grp001CompOn001,1,1,1,,,Group compressor on/off,3956,wol,2,,,,,,,,GrpComp,,,,,,,2,1,1124,0x0464,,,,0,InstantCtl,Instant,0,0,Linear,Scalar
Grp002CompOn001,1,2,1,,,Group compressor on/off,3957,wom,2,,,,,,,,GrpComp,,,,,,,2,1,1184,0x04A0,,,,0,InstantCtl,Instant,0,0,Linear,Scalar
Grp003CompOn001,1,3,1,,,Group compressor on/off,3958,won,2,,,,,,,,GrpComp,,,,,,,2,1,1244,0x04DC,,,,0,InstantCtl,Instant,0,0,Linear,Scalar
Grp004CompOn001,1,4,1,,,Group compressor on/off,3959,woo,2,,,,,,,,GrpComp,,,,,,,2,1,1304,0x0518,,,,0,InstantCtl,Instant,0,0,Linear,Scalar
Grp001CompPar001,1,1,1,,,Group parallel compression blend,3960,wop,33,,,,,,,,GrpComp,,0=0/127=100/[Lin],,,,,2,1,1131,0x046B,,,,0,GainFast,Slew,3,8,Exp,Scalar
Grp002CompPar001,1,2,1,,,Group parallel compression blend,3961,woq,33,,,,,,,,GrpComp,,0=0/127=100/[Lin],,,,,2,1,1191,0x04A7,,,,0,GainFast,Slew,3,8,Exp,Scalar
Grp003CompPar001,1,3,1,,,Group parallel compression blend,3962,wor,33,,,,,,,,GrpComp,,0=0/127=100/[Lin],,,,,2,1,1251,0x04E3,,,,0,GainFast,Slew,3,8,Exp,Scalar
Grp004CompPar001,1,4,1,,,Group parallel compression blend,3963,wos,33,,,,,,,,GrpComp,,0=0/127=100/[Lin],,,,,2,1,1311,0x051F,,,,0,GainFast,Slew,3,8,Exp,Scalar
Grp001CompRat001,1,1,1,,,Group compressor ratio,3964,wot,128,,,,,,,,GrpComp,,0=1/127=30/[Log],,,,,2,1,1126,0x0466,,,,0,DynSafe,LinearFrames,6,20,Exp,Scalar
Grp002CompRat001,1,2,1,,,Group compressor ratio,3965,wou,128,,,,,,,,GrpComp,,0=1/127=30/[Log],,,,,2,1,1186,0x04A2,,,,0,DynSafe,LinearFrames,6,20,Exp,Scalar
Grp003CompRat001,1,3,1,,,Group compressor ratio,3966,wov,128,,,,,,,,GrpComp,,0=1/127=30/[Log],,,,,2,1,1246,0x04DE,,,,0,DynSafe,LinearFrames,6,20,Exp,Scalar
Grp004CompRat001,1,4,1,,,Group compressor ratio,3967,wow,128,,,,,,,,GrpComp,,0=1/127=30/[Log],,,,,2,1,1306,0x051A,,,,0,DynSafe,LinearFrames,6,20,Exp,Scalar
Grp001CompRel001,1,1,1,,,Group compressor release,3968,wph,255,,,,,,,,GrpComp,,0=5/254=5000/[Log],,,,,2,1,1128,0x0468,,,,-,DynSafe,LinearFrames,6,20,Exp,Scalar
Grp002CompRel001,1,2,1,,,Group compressor release,3969,wpi,255,,,,,,,,GrpComp,,0=5/254=5000/[Log],,,,,2,1,1188,0x04A4,,,,-,DynSafe,LinearFrames,6,20,Exp,Scalar
Grp003CompRel001,1,3,1,,,Group compressor release,3970,wpj,255,,,,,,,,GrpComp,,0=5/254=5000/[Log],,,,,2,1,1248,0x04E0,,,,-,DynSafe,LinearFrames,6,20,Exp,Scalar
Grp004CompRel001,1,4,1,,,Group compressor release,3971,wpk,255,,,,,,,,GrpComp,,0=5/254=5000/[Log],,,,,2,1,1308,0x051C,,,,-,DynSafe,LinearFrames,6,20,Exp,Scalar
Grp001CompDetSrc001,1,1,1,,,Group compressor self-key tap source (PreEQ/PostEQ),3972,wpl,2,,,,,,,,GrpComp,,,,,,,2,1,1134,0x046E,,,,-,InstantCtl,Instant,0,0,Linear,Scalar
Grp002CompDetSrc001,1,2,1,,,Group compressor self-key tap source (PreEQ/PostEQ),3973,wpm,2,,,,,,,,GrpComp,,,,,,,2,1,1194,0x04AA,,,,-,InstantCtl,Instant,0,0,Linear,Scalar
Grp003CompDetSrc001,1,3,1,,,Group compressor self-key tap source (PreEQ/PostEQ),3974,wpn,2,,,,,,,,GrpComp,,,,,,,2,1,1254,0x04E6,,,,-,InstantCtl,Instant,0,0,Linear,Scalar
Grp004CompDetSrc001,1,4,1,,,Group compressor self-key tap source (PreEQ/PostEQ),3975,wpo,2,,,,,,,,GrpComp,,,,,,,2,1,1314,0x0522,,,,-,InstantCtl,Instant,0,0,Linear,Scalar
Grp001CompEqPos001,1,1,1,,,Group compressor EQ position (Pre/Post),3976,wpp,2,,,,,,,,GrpComp,,,,,,,2,1,1136,0x0470,,,,-,InstantCtl,Instant,0,0,Linear,Scalar
Grp002CompEqPos001,1,2,1,,,Group compressor EQ position (Pre/Post),3977,wpq,2,,,,,,,,GrpComp,,,,,,,2,1,1196,0x04AC,,,,-,InstantCtl,Instant,0,0,Linear,Scalar
Grp003CompEqPos001,1,3,1,,,Group compressor EQ position (Pre/Post),3978,wpr,2,,,,,,,,GrpComp,,,,,,,2,1,1256,0x04E8,,,,-,InstantCtl,Instant,0,0,Linear,Scalar
Grp004CompEqPos001,1,4,1,,,Group compressor EQ position (Pre/Post),3979,wps,2,,,,,,,,GrpComp,,,,,,,2,1,1316,0x0524,,,,-,InstantCtl,Instant,0,0,Linear,Scalar
Grp001CompFilterHpf001,1,1,1,,,Group compressor sidechain HPF frequency,3980,wpt,65,32,,,,,,,GrpComp,,0=20/64=1000/[Log],,,,,2,1,1138,0x0472,,,,-,InstantCtl,Instant,0,0,Linear,Scalar
Grp002CompFilterHpf001,1,2,1,,,Group compressor sidechain HPF frequency,3981,wpu,65,32,,,,,,,GrpComp,,0=20/64=1000/[Log],,,,,2,1,1198,0x04AE,,,,-,InstantCtl,Instant,0,0,Linear,Scalar
Grp003CompFilterHpf001,1,3,1,,,Group compressor sidechain HPF frequency,3982,wpv,65,32,,,,,,,GrpComp,,0=20/64=1000/[Log],,,,,2,1,1258,0x04EA,,,,-,InstantCtl,Instant,0,0,Linear,Scalar
Grp004CompFilterHpf001,1,4,1,,,Group compressor sidechain HPF frequency,3983,wpw,65,32,,,,,,,GrpComp,,0=20/64=1000/[Log],,,,,2,1,1318,0x0526,,,,-,InstantCtl,Instant,0,0,Linear,Scalar
Grp001CompFilterLpf001,1,1,1,,,Group compressor sidechain LPF frequency,3984,wqh,255,127,,,,,,,GrpComp,,0=500/127=20000/[Log],,,,,2,1,1138,0x0472,,,,-,InstantCtl,Instant,0,0,Linear,Scalar
Grp002CompFilterLpf001,1,2,1,,,Group compressor sidechain LPF frequency,3985,wqi,255,127,,,,,,,GrpComp,,0=500/127=20000/[Log],,,,,2,1,1198,0x04AE,,,,-,InstantCtl,Instant,0,0,Linear,Scalar
Grp003CompFilterLpf001,1,3,1,,,Group compressor sidechain LPF frequency,3986,wqj,255,127,,,,,,,GrpComp,,0=500/127=20000/[Log],,,,,2,1,1258,0x04EA,,,,-,InstantCtl,Instant,0,0,Linear,Scalar
Grp004CompFilterLpf001,1,4,1,,,Group compressor sidechain LPF frequency,3987,wqk,255,127,,,,,,,GrpComp,,0=500/127=20000/[Log],,,,,2,1,1318,0x0526,,,,-,InstantCtl,Instant,0,0,Linear,Scalar
Grp001CompFilterOn001,1,1,1,,,Group compressor sidechain filter on/off,3988,wql,2,,,,,,,,GrpComp,,,,,,,2,1,1137,0x0471,,,,0,InstantCtl,Instant,0,0,Linear,Scalar
Grp002CompFilterOn001,1,2,1,,,Group compressor sidechain filter on/off,3989,wqm,2,,,,,,,,GrpComp,,,,,,,2,1,1197,0x04AD,,,,0,InstantCtl,Instant,0,0,Linear,Scalar
Grp003CompFilterOn001,1,3,1,,,Group compressor sidechain filter on/off,3990,wqn,2,,,,,,,,GrpComp,,,,,,,2,1,1257,0x04E9,,,,0,InstantCtl,Instant,0,0,Linear,Scalar
Grp004CompFilterOn001,1,4,1,,,Group compressor sidechain filter on/off,3991,wqo,2,,,,,,,,GrpComp,,,,,,,2,1,1317,0x0525,,,,0,InstantCtl,Instant,0,0,Linear,Scalar
Grp001CompFilterQ001,1,1,1,,,Group compressor sidechain filter Q,3992,wqp,15,7,,,,,,,GrpComp,,0=0.1/14=10/[Log],,,,,2,1,1138,0x0472,,,,-,InstantCtl,Instant,0,0,Linear,Scalar
Grp002CompFilterQ001,1,2,1,,,Group compressor sidechain filter Q,3993,wqq,15,7,,,,,,,GrpComp,,0=0.1/14=10/[Log],,,,,2,1,1198,0x04AE,,,,-,InstantCtl,Instant,0,0,Linear,Scalar
Grp003CompFilterQ001,1,3,1,,,Group compressor sidechain filter Q,3994,wqr,15,7,,,,,,,GrpComp,,0=0.1/14=10/[Log],,,,,2,1,1258,0x04EA,,,,-,InstantCtl,Instant,0,0,Linear,Scalar
Grp004CompFilterQ001,1,4,1,,,Group compressor sidechain filter Q,3995,wqs,15,7,,,,,,,GrpComp,,0=0.1/14=10/[Log],,,,,2,1,1318,0x0526,,,,-,InstantCtl,Instant,0,0,Linear,Scalar
Grp001CompKey001,1,1,1,,,Group compressor sidechain key source,3996,wqt,33,,,,,,,,GrpComp,,,,,,,2,1,1133,0x046D,,,,-,InstantCtl,Instant,0,0,Linear,Scalar
Grp002CompKey001,1,2,1,,,Group compressor sidechain key source,3997,wqu,33,,,,,,,,GrpComp,,,,,,,2,1,1193,0x04A9,,,,-,InstantCtl,Instant,0,0,Linear,Scalar
Grp003CompKey001,1,3,1,,,Group compressor sidechain key source,3998,wqv,33,,,,,,,,GrpComp,,,,,,,2,1,1253,0x04E5,,,,-,InstantCtl,Instant,0,0,Linear,Scalar
Grp004CompKey001,1,4,1,,,Group compressor sidechain key source,3999,wqw,33,,,,,,,,GrpComp,,,,,,,2,1,1313,0x0521,,,,-,InstantCtl,Instant,0,0,Linear,Scalar
Grp001CompLimMode001,1,1,1,,,Group compressor/limiter mode toggle,4000,wrh,2,,,,,,,,GrpComp,,,,,,,2,1,1135,0x046F,,,,-,InstantCtl,Instant,0,0,Linear,Scalar
Grp002CompLimMode001,1,2,1,,,Group compressor/limiter mode toggle,4001,wri,2,,,,,,,,GrpComp,,,,,,,2,1,1195,0x04AB,,,,-,InstantCtl,Instant,0,0,Linear,Scalar
Grp003CompLimMode001,1,3,1,,,Group compressor/limiter mode toggle,4002,wrj,2,,,,,,,,GrpComp,,,,,,,2,1,1255,0x04E7,,,,-,InstantCtl,Instant,0,0,Linear,Scalar
Grp004CompLimMode001,1,4,1,,,Group compressor/limiter mode toggle,4003,wrk,2,,,,,,,,GrpComp,,,,,,,2,1,1315,0x0523,,,,-,InstantCtl,Instant,0,0,Linear,Scalar
Grp001CompThr001,1,1,1,,,Group compressor threshold,4004,wrl,141,,,,,,,,GrpComp,,0=-60/140=10/[Lin],,,,,2,1,1125,0x0465,,,,140,DynSafe,LinearFrames,6,20,Exp,Scalar
Grp002CompThr001,1,2,1,,,Group compressor threshold,4005,wrm,141,,,,,,,,GrpComp,,0=-60/140=10/[Lin],,,,,2,1,1185,0x04A1,,,,140,DynSafe,LinearFrames,6,20,Exp,Scalar
Grp003CompThr001,1,3,1,,,Group compressor threshold,4006,wrn,141,,,,,,,,GrpComp,,0=-60/140=10/[Lin],,,,,2,1,1245,0x04DD,,,,140,DynSafe,LinearFrames,6,20,Exp,Scalar
Grp004CompThr001,1,4,1,,,Group compressor threshold,4007,wro,141,,,,,,,,GrpComp,,0=-60/140=10/[Lin],,,,,2,1,1305,0x0519,,,,140,DynSafe,LinearFrames,6,20,Exp,Scalar
Grp001CompType001,1,1,1,,,Group compressor type (Tube/FET/VCA/Optical),4008,wrp,4,,,,,,,,GrpComp,,,,,,,2,1,1132,0x046C,,,,-,InstantCtl,Instant,0,0,Linear,Scalar
Grp002CompType001,1,2,1,,,Group compressor type (Tube/FET/VCA/Optical),4009,wrq,4,,,,,,,,GrpComp,,,,,,,2,1,1192,0x04A8,,,,-,InstantCtl,Instant,0,0,Linear,Scalar
Grp003CompType001,1,3,1,,,Group compressor type (Tube/FET/VCA/Optical),4010,wrr,4,,,,,,,,GrpComp,,,,,,,2,1,1252,0x04E4,,,,-,InstantCtl,Instant,0,0,Linear,Scalar
Grp004CompType001,1,4,1,,,Group compressor type (Tube/FET/VCA/Optical),4011,wrs,4,,,,,,,,GrpComp,,,,,,,2,1,1312,0x0520,,,,-,InstantCtl,Instant,0,0,Linear,Scalar
Grp001EqFreq001,1,1,1,,,Group 4-band parametric EQ freq,4012,wrt,255,127,,,,,,,GrpEq,,0=20/254=200/[Log],,,,,2,1,1084,0x043C,,,,-,EqSafe,LinearFrames,12,12,Linear,CoeffSetAtomic
Grp002EqFreq001,1,2,1,,,Group 4-band parametric EQ freq,4013,wru,255,127,,,,,,,GrpEq,,0=20/254=200/[Log],,,,,2,1,1144,0x0478,,,,-,EqSafe,LinearFrames,12,12,Linear,CoeffSetAtomic
Grp003EqFreq001,1,3,1,,,Group 4-band parametric EQ freq,4014,wrv,255,127,,,,,,,GrpEq,,0=20/254=200/[Log],,,,,2,1,1204,0x04B4,,,,-,EqSafe,LinearFrames,12,12,Linear,CoeffSetAtomic
Grp004EqFreq001,1,4,1,,,Group 4-band parametric EQ freq,4015,wrw,255,127,,,,,,,GrpEq,,0=20/254=200/[Log],,,,,2,1,1264,0x04F0,,,,-,EqSafe,LinearFrames,12,12,Linear,CoeffSetAtomic
Grp001EqFreq002,1,1,2,,,Group 4-band parametric EQ freq,4016,wsh,255,127,,,,,,,GrpEq,,0=100/254=1000/[Log],,,,,2,1,1089,0x0441,,,,-,EqSafe,LinearFrames,12,12,Linear,CoeffSetAtomic
Grp002EqFreq002,1,2,2,,,Group 4-band parametric EQ freq,4017,wsi,255,127,,,,,,,GrpEq,,0=100/254=1000/[Log],,,,,2,1,1149,0x047D,,,,-,EqSafe,LinearFrames,12,12,Linear,CoeffSetAtomic
Grp003EqFreq002,1,3,2,,,Group 4-band parametric EQ freq,4018,wsj,255,127,,,,,,,GrpEq,,0=100/254=1000/[Log],,,,,2,1,1209,0x04B9,,,,-,EqSafe,LinearFrames,12,12,Linear,CoeffSetAtomic
Grp004EqFreq002,1,4,2,,,Group 4-band parametric EQ freq,4019,wsk,255,127,,,,,,,GrpEq,,0=100/254=1000/[Log],,,,,2,1,1269,0x04F5,,,,-,EqSafe,LinearFrames,12,12,Linear,CoeffSetAtomic
Grp001EqFreq003,1,1,3,,,Group 4-band parametric EQ freq,4020,wsl,255,127,,,,,,,GrpEq,,0=800/254=5000/[Log],,,,,2,1,1094,0x0446,,,,-,EqSafe,LinearFrames,12,12,Linear,CoeffSetAtomic
Grp002EqFreq003,1,2,3,,,Group 4-band parametric EQ freq,4021,wsm,255,127,,,,,,,GrpEq,,0=800/254=5000/[Log],,,,,2,1,1154,0x0482,,,,-,EqSafe,LinearFrames,12,12,Linear,CoeffSetAtomic
Grp003EqFreq003,1,3,3,,,Group 4-band parametric EQ freq,4022,wsn,255,127,,,,,,,GrpEq,,0=800/254=5000/[Log],,,,,2,1,1214,0x04BE,,,,-,EqSafe,LinearFrames,12,12,Linear,CoeffSetAtomic
Grp004EqFreq003,1,4,3,,,Group 4-band parametric EQ freq,4023,wso,255,127,,,,,,,GrpEq,,0=800/254=5000/[Log],,,,,2,1,1274,0x04FA,,,,-,EqSafe,LinearFrames,12,12,Linear,CoeffSetAtomic
Grp001EqFreq004,1,1,4,,,Group 4-band parametric EQ freq,4024,wsp,255,127,,,,,,,GrpEq,,0=3000/254=20000/[Log],,,,,2,1,1099,0x044B,,,,-,EqSafe,LinearFrames,12,12,Linear,CoeffSetAtomic
Grp002EqFreq004,1,2,4,,,Group 4-band parametric EQ freq,4025,wsq,255,127,,,,,,,GrpEq,,0=3000/254=20000/[Log],,,,,2,1,1159,0x0487,,,,-,EqSafe,LinearFrames,12,12,Linear,CoeffSetAtomic
Grp003EqFreq004,1,3,4,,,Group 4-band parametric EQ freq,4026,wsr,255,127,,,,,,,GrpEq,,0=3000/254=20000/[Log],,,,,2,1,1219,0x04C3,,,,-,EqSafe,LinearFrames,12,12,Linear,CoeffSetAtomic
Grp004EqFreq004,1,4,4,,,Group 4-band parametric EQ freq,4027,wss,255,127,,,,,,,GrpEq,,0=3000/254=20000/[Log],,,,,2,1,1279,0x04FF,,,,-,EqSafe,LinearFrames,12,12,Linear,CoeffSetAtomic
Grp001EqGain001,1,1,1,,,Group 4-band parametric EQ gain,4028,wst,121,60,,,,,,,GrpEq,,0=-15/120=15/[Lin],,,,,2,1,1084,0x043C,,,,60,EqSafe,LinearFrames,12,12,Linear,CoeffSetAtomic
Grp001EqGain002,1,1,2,,,Group 4-band parametric EQ gain,4029,wsu,121,60,,,,,,,GrpEq,,0=-15/120=15/[Lin],,,,,2,1,1089,0x0441,,,,60,EqSafe,LinearFrames,12,12,Linear,CoeffSetAtomic
Grp001EqGain003,1,1,3,,,Group 4-band parametric EQ gain,4030,wsv,121,60,,,,,,,GrpEq,,0=-15/120=15/[Lin],,,,,2,1,1094,0x0446,,,,60,EqSafe,LinearFrames,12,12,Linear,CoeffSetAtomic
Grp001EqGain004,1,1,4,,,Group 4-band parametric EQ gain,4031,wsw,121,60,,,,,,,GrpEq,,0=-15/120=15/[Lin],,,,,2,1,1099,0x044B,,,,60,EqSafe,LinearFrames,12,12,Linear,CoeffSetAtomic
Grp002EqGain001,1,2,1,,,Group 4-band parametric EQ gain,4032,wth,121,60,,,,,,,GrpEq,,0=-15/120=15/[Lin],,,,,2,1,1144,0x0478,,,,60,EqSafe,LinearFrames,12,12,Linear,CoeffSetAtomic
Grp002EqGain002,1,2,2,,,Group 4-band parametric EQ gain,4033,wti,121,60,,,,,,,GrpEq,,0=-15/120=15/[Lin],,,,,2,1,1149,0x047D,,,,60,EqSafe,LinearFrames,12,12,Linear,CoeffSetAtomic
Grp002EqGain003,1,2,3,,,Group 4-band parametric EQ gain,4034,wtj,121,60,,,,,,,GrpEq,,0=-15/120=15/[Lin],,,,,2,1,1154,0x0482,,,,60,EqSafe,LinearFrames,12,12,Linear,CoeffSetAtomic
Grp002EqGain004,1,2,4,,,Group 4-band parametric EQ gain,4035,wtk,121,60,,,,,,,GrpEq,,0=-15/120=15/[Lin],,,,,2,1,1159,0x0487,,,,60,EqSafe,LinearFrames,12,12,Linear,CoeffSetAtomic
Grp003EqGain001,1,3,1,,,Group 4-band parametric EQ gain,4036,wtl,121,60,,,,,,,GrpEq,,0=-15/120=15/[Lin],,,,,2,1,1204,0x04B4,,,,60,EqSafe,LinearFrames,12,12,Linear,CoeffSetAtomic
Grp003EqGain002,1,3,2,,,Group 4-band parametric EQ gain,4037,wtm,121,60,,,,,,,GrpEq,,0=-15/120=15/[Lin],,,,,2,1,1209,0x04B9,,,,60,EqSafe,LinearFrames,12,12,Linear,CoeffSetAtomic
Grp003EqGain003,1,3,3,,,Group 4-band parametric EQ gain,4038,wtn,121,60,,,,,,,GrpEq,,0=-15/120=15/[Lin],,,,,2,1,1214,0x04BE,,,,60,EqSafe,LinearFrames,12,12,Linear,CoeffSetAtomic
Grp003EqGain004,1,3,4,,,Group 4-band parametric EQ gain,4039,wto,121,60,,,,,,,GrpEq,,0=-15/120=15/[Lin],,,,,2,1,1219,0x04C3,,,,60,EqSafe,LinearFrames,12,12,Linear,CoeffSetAtomic
Grp004EqGain001,1,4,1,,,Group 4-band parametric EQ gain,4040,wtp,121,60,,,,,,,GrpEq,,0=-15/120=15/[Lin],,,,,2,1,1264,0x04F0,,,,60,EqSafe,LinearFrames,12,12,Linear,CoeffSetAtomic
Grp004EqGain002,1,4,2,,,Group 4-band parametric EQ gain,4041,wtq,121,60,,,,,,,GrpEq,,0=-15/120=15/[Lin],,,,,2,1,1269,0x04F5,,,,60,EqSafe,LinearFrames,12,12,Linear,CoeffSetAtomic
Grp004EqGain003,1,4,3,,,Group 4-band parametric EQ gain,4042,wtr,121,60,,,,,,,GrpEq,,0=-15/120=15/[Lin],,,,,2,1,1274,0x04FA,,,,60,EqSafe,LinearFrames,12,12,Linear,CoeffSetAtomic
Grp004EqGain004,1,4,4,,,Group 4-band parametric EQ gain,4043,wts,121,60,,,,,,,GrpEq,,0=-15/120=15/[Lin],,,,,2,1,1279,0x04FF,,,,60,EqSafe,LinearFrames,12,12,Linear,CoeffSetAtomic
Grp001EqHpf001,1,1,1,,,Group high-pass filter frequency,4044,wtt,65,32,,,,,,,GrpEq,,0=20/64=1000/[Log],,,,,2,1,1084,0x043C,,,,0,EqSafe,LinearFrames,12,12,Linear,CoeffSetAtomic
Grp002EqHpf001,1,2,1,,,Group high-pass filter frequency,4045,wtu,65,32,,,,,,,GrpEq,,0=20/64=1000/[Log],,,,,2,1,1144,0x0478,,,,0,EqSafe,LinearFrames,12,12,Linear,CoeffSetAtomic
Grp003EqHpf001,1,3,1,,,Group high-pass filter frequency,4046,wtv,65,32,,,,,,,GrpEq,,0=20/64=1000/[Log],,,,,2,1,1204,0x04B4,,,,0,EqSafe,LinearFrames,12,12,Linear,CoeffSetAtomic
Grp004EqHpf001,1,4,1,,,Group high-pass filter frequency,4047,wtw,65,32,,,,,,,GrpEq,,0=20/64=1000/[Log],,,,,2,1,1264,0x04F0,,,,0,EqSafe,LinearFrames,12,12,Linear,CoeffSetAtomic
Grp001EqOn001,1,1,1,,,Group EQ on/off,4048,wuh,2,,,,,,,,GrpEq,,,,,,,2,1,1105,0x0451,,,,0,InstantCtl,Instant,0,0,Linear,Scalar
Grp002EqOn001,1,2,1,,,Group EQ on/off,4049,wui,2,,,,,,,,GrpEq,,,,,,,2,1,1165,0x048D,,,,0,InstantCtl,Instant,0,0,Linear,Scalar
Grp003EqOn001,1,3,1,,,Group EQ on/off,4050,wuj,2,,,,,,,,GrpEq,,,,,,,2,1,1225,0x04C9,,,,0,InstantCtl,Instant,0,0,Linear,Scalar
Grp004EqOn001,1,4,1,,,Group EQ on/off,4051,wuk,2,,,,,,,,GrpEq,,,,,,,2,1,1285,0x0505,,,,0,InstantCtl,Instant,0,0,Linear,Scalar
Grp001EqQ001,1,1,1,,,Group 4-band parametric EQ Q,4052,wul,121,60,,,,,,,GrpEq,,0=0.1/120=10/[Log],,,,,2,1,1084,0x043C,,,,-,EqSafe,LinearFrames,12,12,Linear,CoeffSetAtomic
Grp001EqQ002,1,1,2,,,Group 4-band parametric EQ Q,4053,wum,121,60,,,,,,,GrpEq,,0=0.1/120=10/[Log],,,,,2,1,1089,0x0441,,,,-,EqSafe,LinearFrames,12,12,Linear,CoeffSetAtomic
Grp001EqQ003,1,1,3,,,Group 4-band parametric EQ Q,4054,wun,121,60,,,,,,,GrpEq,,0=0.1/120=10/[Log],,,,,2,1,1094,0x0446,,,,-,EqSafe,LinearFrames,12,12,Linear,CoeffSetAtomic
Grp001EqQ004,1,1,4,,,Group 4-band parametric EQ Q,4055,wuo,121,60,,,,,,,GrpEq,,0=0.1/120=10/[Log],,,,,2,1,1099,0x044B,,,,-,EqSafe,LinearFrames,12,12,Linear,CoeffSetAtomic
Grp002EqQ001,1,2,1,,,Group 4-band parametric EQ Q,4056,wup,121,60,,,,,,,GrpEq,,0=0.1/120=10/[Log],,,,,2,1,1144,0x0478,,,,-,EqSafe,LinearFrames,12,12,Linear,CoeffSetAtomic
Grp002EqQ002,1,2,2,,,Group 4-band parametric EQ Q,4057,wuq,121,60,,,,,,,GrpEq,,0=0.1/120=10/[Log],,,,,2,1,1149,0x047D,,,,-,EqSafe,LinearFrames,12,12,Linear,CoeffSetAtomic
Grp002EqQ003,1,2,3,,,Group 4-band parametric EQ Q,4058,wur,121,60,,,,,,,GrpEq,,0=0.1/120=10/[Log],,,,,2,1,1154,0x0482,,,,-,EqSafe,LinearFrames,12,12,Linear,CoeffSetAtomic
Grp002EqQ004,1,2,4,,,Group 4-band parametric EQ Q,4059,wus,121,60,,,,,,,GrpEq,,0=0.1/120=10/[Log],,,,,2,1,1159,0x0487,,,,-,EqSafe,LinearFrames,12,12,Linear,CoeffSetAtomic
Grp003EqQ001,1,3,1,,,Group 4-band parametric EQ Q,4060,wut,121,60,,,,,,,GrpEq,,0=0.1/120=10/[Log],,,,,2,1,1204,0x04B4,,,,-,EqSafe,LinearFrames,12,12,Linear,CoeffSetAtomic
Grp003EqQ002,1,3,2,,,Group 4-band parametric EQ Q,4061,wuu,121,60,,,,,,,GrpEq,,0=0.1/120=10/[Log],,,,,2,1,1209,0x04B9,,,,-,EqSafe,LinearFrames,12,12,Linear,CoeffSetAtomic
Grp003EqQ003,1,3,3,,,Group 4-band parametric EQ Q,4062,wuv,121,60,,,,,,,GrpEq,,0=0.1/120=10/[Log],,,,,2,1,1214,0x04BE,,,,-,EqSafe,LinearFrames,12,12,Linear,CoeffSetAtomic
Grp003EqQ004,1,3,4,,,Group 4-band parametric EQ Q,4063,wuw,121,60,,,,,,,GrpEq,,0=0.1/120=10/[Log],,,,,2,1,1219,0x04C3,,,,-,EqSafe,LinearFrames,12,12,Linear,CoeffSetAtomic
Grp004EqQ001,1,4,1,,,Group 4-band parametric EQ Q,4064,wvh,121,60,,,,,,,GrpEq,,0=0.1/120=10/[Log],,,,,2,1,1264,0x04F0,,,,-,EqSafe,LinearFrames,12,12,Linear,CoeffSetAtomic
Grp004EqQ002,1,4,2,,,Group 4-band parametric EQ Q,4065,wvi,121,60,,,,,,,GrpEq,,0=0.1/120=10/[Log],,,,,2,1,1269,0x04F5,,,,-,EqSafe,LinearFrames,12,12,Linear,CoeffSetAtomic
Grp004EqQ003,1,4,3,,,Group 4-band parametric EQ Q,4066,wvj,121,60,,,,,,,GrpEq,,0=0.1/120=10/[Log],,,,,2,1,1274,0x04FA,,,,-,EqSafe,LinearFrames,12,12,Linear,CoeffSetAtomic
Grp004EqQ004,1,4,4,,,Group 4-band parametric EQ Q,4067,wvk,121,60,,,,,,,GrpEq,,0=0.1/120=10/[Log],,,,,2,1,1279,0x04FF,,,,-,EqSafe,LinearFrames,12,12,Linear,CoeffSetAtomic
Grp001EqShelf001,1,1,1,,,Group EQ bands 1/4 shelf mode on/off,4068,wvl,2,,,,,,,,GrpEq,,,,,,,2,1,1084,0x043C,,,,-,InstantCtl,Instant,0,0,Linear,Scalar
Grp001EqShelf002,1,1,2,,,Group EQ bands 1/4 shelf mode on/off,4069,wvm,2,,,,,,,,GrpEq,,,,,,,2,1,1099,0x044B,,,,-,InstantCtl,Instant,0,0,Linear,Scalar
Grp002EqShelf001,1,2,1,,,Group EQ bands 1/4 shelf mode on/off,4070,wvn,2,,,,,,,,GrpEq,,,,,,,2,1,1144,0x0478,,,,-,InstantCtl,Instant,0,0,Linear,Scalar
Grp002EqShelf002,1,2,2,,,Group EQ bands 1/4 shelf mode on/off,4071,wvo,2,,,,,,,,GrpEq,,,,,,,2,1,1159,0x0487,,,,-,InstantCtl,Instant,0,0,Linear,Scalar
Grp003EqShelf001,1,3,1,,,Group EQ bands 1/4 shelf mode on/off,4072,wvp,2,,,,,,,,GrpEq,,,,,,,2,1,1204,0x04B4,,,,-,InstantCtl,Instant,0,0,Linear,Scalar
Grp003EqShelf002,1,3,2,,,Group EQ bands 1/4 shelf mode on/off,4073,wvq,2,,,,,,,,GrpEq,,,,,,,2,1,1219,0x04C3,,,,-,InstantCtl,Instant,0,0,Linear,Scalar
Grp004EqShelf001,1,4,1,,,Group EQ bands 1/4 shelf mode on/off,4074,wvr,2,,,,,,,,GrpEq,,,,,,,2,1,1264,0x04F0,,,,-,InstantCtl,Instant,0,0,Linear,Scalar
Grp004EqShelf002,1,4,2,,,Group EQ bands 1/4 shelf mode on/off,4075,wvs,2,,,,,,,,GrpEq,,,,,,,2,1,1279,0x04FF,,,,-,InstantCtl,Instant,0,0,Linear,Scalar
Grp001Dca001,1,1,1,,,Group DCA assignment (1-8 or off),4076,wvt,9,,,,,,,,,,,,,,,,,,,,,,0,,,,,,
Grp002Dca001,1,2,1,,,Group DCA assignment (1-8 or off),4077,wvu,9,,,,,,,,,,,,,,,,,,,,,,0,,,,,,
Grp003Dca001,1,3,1,,,Group DCA assignment (1-8 or off),4078,wvv,9,,,,,,,,,,,,,,,,,,,,,,0,,,,,,
Grp004Dca001,1,4,1,,,Group DCA assignment (1-8 or off),4079,wvw,9,,,,,,,,,,,,,,,,,,,,,,0,,,,,,
Grp001DcaOn001,1,1,1,,,DCA follow on/off (assignment kept while off),4080,wwh,2,,,,,,,,,,,,,,,,,,,,,,0,,,,,,
Grp002DcaOn001,1,2,1,,,DCA follow on/off (assignment kept while off),4081,wwi,2,,,,,,,,,,,,,,,,,,,,,,0,,,,,,
Grp003DcaOn001,1,3,1,,,DCA follow on/off (assignment kept while off),4082,wwj,2,,,,,,,,,,,,,,,,,,,,,,0,,,,,,
Grp004DcaOn001,1,4,1,,,DCA follow on/off (assignment kept while off),4083,wwk,2,,,,,,,,,,,,,,,,,,,,,,0,,,,,,
Grp001Level001,1,1,1,,,Group master fader level,4084,wwl,255,,,,,,,,,,dB:Off:-50@31:-30@63:-10@127:10,,,,,2,1,1080,0x0438,,,,190,GainFast,Slew,3,8,Exp,Scalar
Grp002Level001,1,2,1,,,Group master fader level,4085,wwm,255,,,,,,,,,,dB:Off:-50@31:-30@63:-10@127:10,,,,,2,1,1140,0x0474,,,,190,GainFast,Slew,3,8,Exp,Scalar
Grp003Level001,1,3,1,,,Group master fader level,4086,wwn,255,,,,,,,,,,dB:Off:-50@31:-30@63:-10@127:10,,,,,2,1,1200,0x04B0,,,,190,GainFast,Slew,3,8,Exp,Scalar
Grp004Level001,1,4,1,,,Group master fader level,4087,wwo,255,,,,,,,,,,dB:Off:-50@31:-30@63:-10@127:10,,,,,2,1,1260,0x04EC,,,,190,GainFast,Slew,3,8,Exp,Scalar
Grp001Mute001,1,1,1,,,Group master mute on/off,4088,wwp,2,,,,,,,,,,,,,,,2,1,1082,0x043A,,,,0,InstantCtl,Instant,0,0,Linear,Scalar
Grp002Mute001,1,2,1,,,Group master mute on/off,4089,wwq,2,,,,,,,,,,,,,,,2,1,1142,0x0476,,,,0,InstantCtl,Instant,0,0,Linear,Scalar
Grp003Mute001,1,3,1,,,Group master mute on/off,4090,wwr,2,,,,,,,,,,,,,,,2,1,1202,0x04B2,,,,0,InstantCtl,Instant,0,0,Linear,Scalar
Grp004Mute001,1,4,1,,,Group master mute on/off,4091,wws,2,,,,,,,,,,,,,,,2,1,1262,0x04EE,,,,0,InstantCtl,Instant,0,0,Linear,Scalar
MainSub001EqFreq001,1,1,1,,,Subwoofer 4-band parametric EQ frequency,4092,wwt,255,127,,,,,,,SubEq,,0=20/254=200/[Log],,,,,2,1,2372,0x0944,,,,-,EqSafe,LinearFrames,12,12,Linear,CoeffSetAtomic
MainSub001EqFreq002,1,1,2,,,Subwoofer 4-band parametric EQ frequency,4093,wwu,255,127,,,,,,,SubEq,,0=100/254=1000/[Log],,,,,2,1,2377,0x0949,,,,-,EqSafe,LinearFrames,12,12,Linear,CoeffSetAtomic
MainSub001EqGain001,1,1,1,,,Subwoofer 4-band parametric EQ gain ±15dB,4094,wwv,121,60,,,,,,,SubEq,,0=-15/120=15/[Lin],,,,,2,1,2372,0x0944,,,,60,EqSafe,LinearFrames,12,12,Linear,CoeffSetAtomic
MainSub001EqGain002,1,1,2,,,Subwoofer 4-band parametric EQ gain ±15dB,4095,www,121,60,,,,,,,SubEq,,0=-15/120=15/[Lin],,,,,2,1,2377,0x0949,,,,60,EqSafe,LinearFrames,12,12,Linear,CoeffSetAtomic
MainSub001EqHpf001,1,1,1,,,Subwoofer high-pass filter frequency,4096,ihhh,65,32,,,,,,,SubEq,,0=20/64=1000/[Log],,,,,2,1,2372,0x0944,,,,0,EqSafe,LinearFrames,12,12,Linear,CoeffSetAtomic
MainSub001EqOn001,1,1,1,,,Subwoofer EQ on/off,4097,ihhi,2,,,,,,,,SubEq,,,,,,,2,1,2393,0x0959,,,,0,InstantCtl,Instant,0,0,Linear,Scalar
MainSub001EqQ001,1,1,1,,,Subwoofer 4-band parametric EQ Q/bandwidth,4098,ihhj,121,60,,,,,,,SubEq,,0=0.1/120=10/[Log],,,,,2,1,2372,0x0944,,,,-,EqSafe,LinearFrames,12,12,Linear,CoeffSetAtomic
MainSub001EqQ002,1,1,2,,,Subwoofer 4-band parametric EQ Q/bandwidth,4099,ihhk,121,60,,,,,,,SubEq,,0=0.1/120=10/[Log],,,,,2,1,2377,0x0949,,,,-,EqSafe,LinearFrames,12,12,Linear,CoeffSetAtomic
MainSub001EqShelf001,1,1,1,,,Subwoofer EQ shelf mode on/off for bands 1/4,4100,ihhl,2,,,,,,,,SubEq,,,,,,,2,1,2372,0x0944,,,,-,InstantCtl,Instant,0,0,Linear,Scalar
MainSub001LimiterAtt001,1,1,1,,,Subwoofer limiter attack,4101,ihhm,33,,,,,,,,SubLimiter,,0=0.1/127=100/[Log],,,,,2,1,2398,0x095E,,,,-,DynSafe,LinearFrames,6,20,Exp,Scalar
MainSub001LimiterOn001,1,1,1,,,Subwoofer limiter on/off,4102,ihhn,2,,,,,,,,SubLimiter,,,,,,,2,1,2396,0x095C,,,,0,InstantCtl,Instant,0,0,Linear,Scalar
MainSub001LimiterRel001,1,1,1,,,Subwoofer limiter release,4103,ihho,33,,,,,,,,SubLimiter,,0=5/127=2000/[Log],,,,,2,1,2399,0x095F,,,,-,DynSafe,LinearFrames,6,20,Exp,Scalar
MainSub001LimiterThr001,1,1,1,,,Subwoofer limiter threshold,4104,ihhp,255,,,,,,,,SubLimiter,,0=-30/127=0/[Lin],,,,,2,1,2397,0x095D,,,,254,DynSafe,LinearFrames,6,20,Exp,Scalar
MainSub001Dca001,1,1,1,,,Subwoofer DCA assignment (1-8 or off),4105,ihhq,9,,,,,,,,,,,,,,,,,,,,,,0,,,,,,
MainSub001DcaOn001,1,1,1,,,DCA follow on/off (assignment kept while off),4106,ihhr,2,,,,,,,,,,,,,,,,,,,,,,0,,,,,,
MainSub001Level001,1,1,1,,,Subwoofer master output level,4107,ihhs,255,,,,,,,,,,dB:Off:-50@31:-30@63:-10@127:10,,,,,2,1,2368,0x0940,,,,190,GainFast,Slew,3,8,Exp,Scalar
Sys001AuxOnFdr001,1,1,1,,false,Aux-on-faders mode toggle,4108,ihht,2,,,,,,,,,,,,,,,,,,,,,,-,,,,,,
Sys001BtnBright001,1,1,1,,false,Physical button LED brightness,4109,ihhu,32,,,,,,,,,,,,,,,,,,,,,,-,,,,,,
Sys001Cue001,1,1,1,,false,Cue/solo state per channel,4110,ihhv,2,,,,,,,,,,,,,,,,,,,,,,-,,,,,,
Sys001Cue002,1,1,2,,false,Cue/solo state per channel,4111,ihhw,2,,,,,,,,,,,,,,,,,,,,,,-,,,,,,
Sys001Cue003,1,1,3,,false,Cue/solo state per channel,4112,ihih,2,,,,,,,,,,,,,,,,,,,,,,-,,,,,,
Sys001Cue004,1,1,4,,false,Cue/solo state per channel,4113,ihii,2,,,,,,,,,,,,,,,,,,,,,,-,,,,,,
Sys001Cue005,1,1,5,,false,Cue/solo state per channel,4114,ihij,2,,,,,,,,,,,,,,,,,,,,,,-,,,,,,
Sys001Cue006,1,1,6,,false,Cue/solo state per channel,4115,ihik,2,,,,,,,,,,,,,,,,,,,,,,-,,,,,,
Sys001Cue007,1,1,7,,false,Cue/solo state per channel,4116,ihil,2,,,,,,,,,,,,,,,,,,,,,,-,,,,,,
Sys001Cue008,1,1,8,,false,Cue/solo state per channel,4117,ihim,2,,,,,,,,,,,,,,,,,,,,,,-,,,,,,
Sys001Cue009,1,1,9,,false,Cue/solo state per channel,4118,ihin,2,,,,,,,,,,,,,,,,,,,,,,-,,,,,,
Sys001Cue010,1,1,10,,false,Cue/solo state per channel,4119,ihio,2,,,,,,,,,,,,,,,,,,,,,,-,,,,,,
Sys001Cue011,1,1,11,,false,Cue/solo state per channel,4120,ihip,2,,,,,,,,,,,,,,,,,,,,,,-,,,,,,
Sys001Cue012,1,1,12,,false,Cue/solo state per channel,4121,ihiq,2,,,,,,,,,,,,,,,,,,,,,,-,,,,,,
Sys001Cue013,1,1,13,,false,Cue/solo state per channel,4122,ihir,2,,,,,,,,,,,,,,,,,,,,,,-,,,,,,
Sys001Cue014,1,1,14,,false,Cue/solo state per channel,4123,ihis,2,,,,,,,,,,,,,,,,,,,,,,-,,,,,,
Sys001Cue015,1,1,15,,false,Cue/solo state per channel,4124,ihit,2,,,,,,,,,,,,,,,,,,,,,,-,,,,,,
Sys001Cue016,1,1,16,,false,Cue/solo state per channel,4125,ihiu,2,,,,,,,,,,,,,,,,,,,,,,-,,,,,,
Sys001Cue017,1,1,17,,false,Cue/solo state per channel,4126,ihiv,2,,,,,,,,,,,,,,,,,,,,,,-,,,,,,
Sys001Cue018,1,1,18,,false,Cue/solo state per channel,4127,ihiw,2,,,,,,,,,,,,,,,,,,,,,,-,,,,,,
Sys001Cue019,1,1,19,,false,Cue/solo state per channel,4128,ihjh,2,,,,,,,,,,,,,,,,,,,,,,-,,,,,,
Sys001Cue020,1,1,20,,false,Cue/solo state per channel,4129,ihji,2,,,,,,,,,,,,,,,,,,,,,,-,,,,,,
Sys001Cue021,1,1,21,,false,Cue/solo state per channel,4130,ihjj,2,,,,,,,,,,,,,,,,,,,,,,-,,,,,,
Sys001Cue022,1,1,22,,false,Cue/solo state per channel,4131,ihjk,2,,,,,,,,,,,,,,,,,,,,,,-,,,,,,
Sys001Cue023,1,1,23,,false,Cue/solo state per channel,4132,ihjl,2,,,,,,,,,,,,,,,,,,,,,,-,,,,,,
Sys001Cue024,1,1,24,,false,Cue/solo state per channel,4133,ihjm,2,,,,,,,,,,,,,,,,,,,,,,-,,,,,,
Sys001Cue025,1,1,25,,false,Cue/solo state per channel,4134,ihjn,2,,,,,,,,,,,,,,,,,,,,,,-,,,,,,
Sys001Cue026,1,1,26,,false,Cue/solo state per channel,4135,ihjo,2,,,,,,,,,,,,,,,,,,,,,,-,,,,,,
Sys001Cue027,1,1,27,,false,Cue/solo state per channel,4136,ihjp,2,,,,,,,,,,,,,,,,,,,,,,-,,,,,,
Sys001Cue028,1,1,28,,false,Cue/solo state per channel,4137,ihjq,2,,,,,,,,,,,,,,,,,,,,,,-,,,,,,
Sys001Cue029,1,1,29,,false,Cue/solo state per channel,4138,ihjr,2,,,,,,,,,,,,,,,,,,,,,,-,,,,,,
Sys001Cue030,1,1,30,,false,Cue/solo state per channel,4139,ihjs,2,,,,,,,,,,,,,,,,,,,,,,-,,,,,,
Sys001Cue031,1,1,31,,false,Cue/solo state per channel,4140,ihjt,2,,,,,,,,,,,,,,,,,,,,,,-,,,,,,
Sys001Cue032,1,1,32,,false,Cue/solo state per channel,4141,ihju,2,,,,,,,,,,,,,,,,,,,,,,-,,,,,,
Sys001Cue033,1,1,33,,false,Cue/solo state per channel,4142,ihjv,2,,,,,,,,,,,,,,,,,,,,,,-,,,,,,
Sys001Cue034,1,1,34,,false,Cue/solo state per channel,4143,ihjw,2,,,,,,,,,,,,,,,,,,,,,,-,,,,,,
Sys001Cue035,1,1,35,,false,Cue/solo state per channel,4144,ihkh,2,,,,,,,,,,,,,,,,,,,,,,-,,,,,,
Sys001Cue036,1,1,36,,false,Cue/solo state per channel,4145,ihki,2,,,,,,,,,,,,,,,,,,,,,,-,,,,,,
Sys001Cue037,1,1,37,,false,Cue/solo state per channel,4146,ihkj,2,,,,,,,,,,,,,,,,,,,,,,-,,,,,,
Sys001Cue038,1,1,38,,false,Cue/solo state per channel,4147,ihkk,2,,,,,,,,,,,,,,,,,,,,,,-,,,,,,
Sys001Cue039,1,1,39,,false,Cue/solo state per channel,4148,ihkl,2,,,,,,,,,,,,,,,,,,,,,,-,,,,,,
Sys001Cue040,1,1,40,,false,Cue/solo state per channel,4149,ihkm,2,,,,,,,,,,,,,,,,,,,,,,-,,,,,,
Sys001Cue041,1,1,41,,false,Cue/solo state per channel,4150,ihkn,2,,,,,,,,,,,,,,,,,,,,,,-,,,,,,
Sys001Cue042,1,1,42,,false,Cue/solo state per channel,4151,ihko,2,,,,,,,,,,,,,,,,,,,,,,-,,,,,,
Sys001Cue043,1,1,43,,false,Cue/solo state per channel,4152,ihkp,2,,,,,,,,,,,,,,,,,,,,,,-,,,,,,
Sys001Cue044,1,1,44,,false,Cue/solo state per channel,4153,ihkq,2,,,,,,,,,,,,,,,,,,,,,,-,,,,,,
Sys001Cue045,1,1,45,,false,Cue/solo state per channel,4154,ihkr,2,,,,,,,,,,,,,,,,,,,,,,-,,,,,,
Sys001Cue046,1,1,46,,false,Cue/solo state per channel,4155,ihks,2,,,,,,,,,,,,,,,,,,,,,,-,,,,,,
Sys001Cue047,1,1,47,,false,Cue/solo state per channel,4156,ihkt,2,,,,,,,,,,,,,,,,,,,,,,-,,,,,,
Sys001Cue048,1,1,48,,false,Cue/solo state per channel,4157,ihku,2,,,,,,,,,,,,,,,,,,,,,,-,,,,,,
Sys001Cue049,1,1,49,,false,Cue/solo state per channel,4158,ihkv,2,,,,,,,,,,,,,,,,,,,,,,-,,,,,,
Sys001Cue050,1,1,50,,false,Cue/solo state per channel,4159,ihkw,2,,,,,,,,,,,,,,,,,,,,,,-,,,,,,
Sys001Cue051,1,1,51,,false,Cue/solo state per channel,4160,ihlh,2,,,,,,,,,,,,,,,,,,,,,,-,,,,,,
Sys001Cue052,1,1,52,,false,Cue/solo state per channel,4161,ihli,2,,,,,,,,,,,,,,,,,,,,,,-,,,,,,
Sys001Cue053,1,1,53,,false,Cue/solo state per channel,4162,ihlj,2,,,,,,,,,,,,,,,,,,,,,,-,,,,,,
Sys001Cue054,1,1,54,,false,Cue/solo state per channel,4163,ihlk,2,,,,,,,,,,,,,,,,,,,,,,-,,,,,,
Sys001Cue055,1,1,55,,false,Cue/solo state per channel,4164,ihll,2,,,,,,,,,,,,,,,,,,,,,,-,,,,,,
Sys001Cue056,1,1,56,,false,Cue/solo state per channel,4165,ihlm,2,,,,,,,,,,,,,,,,,,,,,,-,,,,,,
Sys001Cue057,1,1,57,,false,Cue/solo state per channel,4166,ihln,2,,,,,,,,,,,,,,,,,,,,,,-,,,,,,
Sys001Cue058,1,1,58,,false,Cue/solo state per channel,4167,ihlo,2,,,,,,,,,,,,,,,,,,,,,,-,,,,,,
Sys001Cue059,1,1,59,,false,Cue/solo state per channel,4168,ihlp,2,,,,,,,,,,,,,,,,,,,,,,-,,,,,,
Sys001Cue060,1,1,60,,false,Cue/solo state per channel,4169,ihlq,2,,,,,,,,,,,,,,,,,,,,,,-,,,,,,
Sys001Cue061,1,1,61,,false,Cue/solo state per channel,4170,ihlr,2,,,,,,,,,,,,,,,,,,,,,,-,,,,,,
Sys001Cue062,1,1,62,,false,Cue/solo state per channel,4171,ihls,2,,,,,,,,,,,,,,,,,,,,,,-,,,,,,
Sys001Cue063,1,1,63,,false,Cue/solo state per channel,4172,ihlt,2,,,,,,,,,,,,,,,,,,,,,,-,,,,,,
Sys001Cue064,1,1,64,,false,Cue/solo state per channel,4173,ihlu,2,,,,,,,,,,,,,,,,,,,,,,-,,,,,,
Sys001CueMode001,1,1,1,,false,Cue mode (PFL/AFL/SIP),4174,ihlv,3,,,,,,,,,,,,,,,,,,,,,,-,,,,,,
Sys001Def001,1,1,1,,false,System default recall value,4175,ihlw,255,,,,,,,,,,,,,,,,,,,,,,-,,,,,,
Sys001Enc001,1,1,1,true,false,Rotary encoder sensitivity,4176,ihmh,21,,,,,,,,Sys_Enc,,50|3|20|100|1|10,,,,,,,,,,,,-,,,,,,
Aux001AntiFbCtrlOn001,1,1,1,,,Anti-feedback control on/off per aux path,4177,ihmi,2,,,,,,,,,,,,,,,2,1,60,0x003C,,,,0,InstantCtl,Instant,0,0,Linear,Scalar
Aux002AntiFbCtrlOn001,1,2,1,,,Anti-feedback control on/off per aux path,4178,ihmj,2,,,,,,,,,,,,,,,2,1,150,0x0096,,,,0,InstantCtl,Instant,0,0,Linear,Scalar
Aux003AntiFbCtrlOn001,1,3,1,,,Anti-feedback control on/off per aux path,4179,ihmk,2,,,,,,,,,,,,,,,2,1,240,0x00F0,,,,0,InstantCtl,Instant,0,0,Linear,Scalar
Aux004AntiFbCtrlOn001,1,4,1,,,Anti-feedback control on/off per aux path,4180,ihml,2,,,,,,,,,,,,,,,2,1,330,0x014A,,,,0,InstantCtl,Instant,0,0,Linear,Scalar
Aux005AntiFbCtrlOn001,1,5,1,,,Anti-feedback control on/off per aux path,4181,ihmm,2,,,,,,,,,,,,,,,2,1,420,0x01A4,,,,0,InstantCtl,Instant,0,0,Linear,Scalar
Aux006AntiFbCtrlOn001,1,6,1,,,Anti-feedback control on/off per aux path,4182,ihmn,2,,,,,,,,,,,,,,,2,1,510,0x01FE,,,,0,InstantCtl,Instant,0,0,Linear,Scalar
Aux007AntiFbCtrlOn001,1,7,1,,,Anti-feedback control on/off per aux path,4183,ihmo,2,,,,,,,,,,,,,,,2,1,600,0x0258,,,,0,InstantCtl,Instant,0,0,Linear,Scalar
Aux008AntiFbCtrlOn001,1,8,1,,,Anti-feedback control on/off per aux path,4184,ihmp,2,,,,,,,,,,,,,,,2,1,690,0x02B2,,,,0,InstantCtl,Instant,0,0,Linear,Scalar
Sys001FdrDown001,1,1,1,,false,Faders down (all faders to zero),4185,ihmq,2,,,,,,,,,,,,,,,,,,,,,,-,,,,,,
Sys001FootMode001,1,1,1,,false,P1 foot pedal mode (FX/Scenes/MuteGrp),4186,ihmr,3,,,,,,,,,,,,,,,,,,,,,,-,,,,,,
Sys001Keys001,1,1,1,true,false,Ascii keys,4187,ihms,255,,,,,,,,,,,,,,,,,,,,,,-,,,,,,
Sys001Keys002,1,1,2,true,false,Ascii keys,4188,ihmt,255,,,,,,,,,,,,,,,,,,,,,,-,,,,,,
Sys001Keys003,1,1,3,true,false,Ascii keys,4189,ihmu,255,,,,,,,,,,,,,,,,,,,,,,-,,,,,,
Sys001Keys004,1,1,4,true,false,Ascii keys,4190,ihmv,255,,,,,,,,,,,,,,,,,,,,,,-,,,,,,
Sys001Keys005,1,1,5,true,false,Ascii keys,4191,ihmw,255,,,,,,,,,,,,,,,,,,,,,,-,,,,,,
Sys001Keys006,1,1,6,true,false,Ascii keys,4192,ihnh,255,,,,,,,,,,,,,,,,,,,,,,-,,,,,,
Sys001Keys007,1,1,7,true,false,Ascii keys,4193,ihni,255,,,,,,,,,,,,,,,,,,,,,,-,,,,,,
Sys001Keys008,1,1,8,true,false,Ascii keys,4194,ihnj,255,,,,,,,,,,,,,,,,,,,,,,-,,,,,,
Sys001Keys009,1,1,9,true,false,Ascii keys,4195,ihnk,255,,,,,,,,,,,,,,,,,,,,,,-,,,,,,
Sys001Keys010,1,1,10,true,false,Ascii keys,4196,ihnl,255,,,,,,,,,,,,,,,,,,,,,,-,,,,,,
Sys001Keys011,1,1,11,true,false,Ascii keys,4197,ihnm,255,,,,,,,,,,,,,,,,,,,,,,-,,,,,,
Sys001Keys012,1,1,12,true,false,Ascii keys,4198,ihnn,255,,,,,,,,,,,,,,,,,,,,,,-,,,,,,
Sys001Keys013,1,1,13,true,false,Ascii keys,4199,ihno,255,,,,,,,,,,,,,,,,,,,,,,-,,,,,,
Sys001Keys014,1,1,14,true,false,Ascii keys,4200,ihnp,255,,,,,,,,,,,,,,,,,,,,,,-,,,,,,
Sys001Keys015,1,1,15,true,false,Ascii keys,4201,ihnq,255,,,,,,,,,,,,,,,,,,,,,,-,,,,,,
Sys001Keys016,1,1,16,true,false,Ascii keys,4202,ihnr,255,,,,,,,,,,,,,,,,,,,,,,-,,,,,,
Sys001Keys017,1,1,17,true,false,Ascii keys,4203,ihns,255,,,,,,,,,,,,,,,,,,,,,,-,,,,,,
Sys001Keys018,1,1,18,true,false,Ascii keys,4204,ihnt,255,,,,,,,,,,,,,,,,,,,,,,-,,,,,,
Sys001Keys019,1,1,19,true,false,Ascii keys,4205,ihnu,255,,,,,,,,,,,,,,,,,,,,,,-,,,,,,
Sys001Keys020,1,1,20,true,false,Ascii keys,4206,ihnv,255,,,,,,,,,,,,,,,,,,,,,,-,,,,,,
Sys001Keys021,1,1,21,true,false,Ascii keys,4207,ihnw,255,,,,,,,,,,,,,,,,,,,,,,-,,,,,,
Sys001Keys022,1,1,22,true,false,Ascii keys,4208,ihoh,255,,,,,,,,,,,,,,,,,,,,,,-,,,,,,
Sys001Keys023,1,1,23,true,false,Ascii keys,4209,ihoi,255,,,,,,,,,,,,,,,,,,,,,,-,,,,,,
Sys001Keys024,1,1,24,true,false,Ascii keys,4210,ihoj,255,,,,,,,,,,,,,,,,,,,,,,-,,,,,,
Sys001Keys025,1,1,25,true,false,Ascii keys,4211,ihok,255,,,,,,,,,,,,,,,,,,,,,,-,,,,,,
Sys001Keys026,1,1,26,true,false,Ascii keys,4212,ihol,255,,,,,,,,,,,,,,,,,,,,,,-,,,,,,
Sys001Keys027,1,1,27,true,false,Ascii keys,4213,ihom,255,,,,,,,,,,,,,,,,,,,,,,-,,,,,,
Sys001Keys028,1,1,28,true,false,Ascii keys,4214,ihon,255,,,,,,,,,,,,,,,,,,,,,,-,,,,,,
Sys001Keys029,1,1,29,true,false,Ascii keys,4215,ihoo,255,,,,,,,,,,,,,,,,,,,,,,-,,,,,,
Sys001Keys030,1,1,30,true,false,Ascii keys,4216,ihop,255,,,,,,,,,,,,,,,,,,,,,,-,,,,,,
Sys001Keys031,1,1,31,true,false,Ascii keys,4217,ihoq,255,,,,,,,,,,,,,,,,,,,,,,-,,,,,,
Sys001Keys032,1,1,32,true,false,Ascii keys,4218,ihor,255,,,,,,,,,,,,,,,,,,,,,,-,,,,,,
Sys001Keys033,1,1,33,true,false,Ascii keys,4219,ihos,255,,,,,,,,,,,,,,,,,,,,,,-,,,,,,
Sys001Keys034,1,1,34,true,false,Ascii keys,4220,ihot,255,,,,,,,,,,,,,,,,,,,,,,-,,,,,,
Sys001Keys035,1,1,35,true,false,Ascii keys,4221,ihou,255,,,,,,,,,,,,,,,,,,,,,,-,,,,,,
Sys001Keys036,1,1,36,true,false,Ascii keys,4222,ihov,255,,,,,,,,,,,,,,,,,,,,,,-,,,,,,
Sys001Keys037,1,1,37,true,false,Ascii keys,4223,ihow,255,,,,,,,,,,,,,,,,,,,,,,-,,,,,,
Sys001Keys038,1,1,38,true,false,Ascii keys,4224,ihph,255,,,,,,,,,,,,,,,,,,,,,,-,,,,,,
Sys001Keys039,1,1,39,true,false,Ascii keys,4225,ihpi,255,,,,,,,,,,,,,,,,,,,,,,-,,,,,,
Sys001Keys040,1,1,40,true,false,Ascii keys,4226,ihpj,255,,,,,,,,,,,,,,,,,,,,,,-,,,,,,
Sys001Keys041,1,1,41,true,false,Ascii keys,4227,ihpk,255,,,,,,,,,,,,,,,,,,,,,,-,,,,,,
Sys001Keys042,1,1,42,true,false,Ascii keys,4228,ihpl,255,,,,,,,,,,,,,,,,,,,,,,-,,,,,,
Sys001Keys043,1,1,43,true,false,Ascii keys,4229,ihpm,255,,,,,,,,,,,,,,,,,,,,,,-,,,,,,
Sys001Keys044,1,1,44,true,false,Ascii keys,4230,ihpn,255,,,,,,,,,,,,,,,,,,,,,,-,,,,,,
Sys001Keys045,1,1,45,true,false,Ascii keys,4231,ihpo,255,,,,,,,,,,,,,,,,,,,,,,-,,,,,,
Sys001Keys046,1,1,46,true,false,Ascii keys,4232,ihpp,255,,,,,,,,,,,,,,,,,,,,,,-,,,,,,
Sys001Keys047,1,1,47,true,false,Ascii keys,4233,ihpq,255,,,,,,,,,,,,,,,,,,,,,,-,,,,,,
Sys001Keys048,1,1,48,true,false,Ascii keys,4234,ihpr,255,,,,,,,,,,,,,,,,,,,,,,-,,,,,,
Sys001Keys049,1,1,49,true,false,Ascii keys,4235,ihps,255,,,,,,,,,,,,,,,,,,,,,,-,,,,,,
Sys001Keys050,1,1,50,true,false,Ascii keys,4236,ihpt,255,,,,,,,,,,,,,,,,,,,,,,-,,,,,,
Sys001Keys051,1,1,51,true,false,Ascii keys,4237,ihpu,255,,,,,,,,,,,,,,,,,,,,,,-,,,,,,
Sys001Keys052,1,1,52,true,false,Ascii keys,4238,ihpv,255,,,,,,,,,,,,,,,,,,,,,,-,,,,,,
Sys001Keys053,1,1,53,true,false,Ascii keys,4239,ihpw,255,,,,,,,,,,,,,,,,,,,,,,-,,,,,,
Sys001Keys054,1,1,54,true,false,Ascii keys,4240,ihqh,255,,,,,,,,,,,,,,,,,,,,,,-,,,,,,
Sys001Keys055,1,1,55,true,false,Ascii keys,4241,ihqi,255,,,,,,,,,,,,,,,,,,,,,,-,,,,,,
Sys001Keys056,1,1,56,true,false,Ascii keys,4242,ihqj,255,,,,,,,,,,,,,,,,,,,,,,-,,,,,,
Sys001Keys057,1,1,57,true,false,Ascii keys,4243,ihqk,255,,,,,,,,,,,,,,,,,,,,,,-,,,,,,
Sys001Keys058,1,1,58,true,false,Ascii keys,4244,ihql,255,,,,,,,,,,,,,,,,,,,,,,-,,,,,,
Sys001Keys059,1,1,59,true,false,Ascii keys,4245,ihqm,255,,,,,,,,,,,,,,,,,,,,,,-,,,,,,
Sys001Keys060,1,1,60,true,false,Ascii keys,4246,ihqn,255,,,,,,,,,,,,,,,,,,,,,,-,,,,,,
Sys001Keys061,1,1,61,true,false,Ascii keys,4247,ihqo,255,,,,,,,,,,,,,,,,,,,,,,-,,,,,,
Sys001Keys062,1,1,62,true,false,Ascii keys,4248,ihqp,255,,,,,,,,,,,,,,,,,,,,,,-,,,,,,
Sys001Keys063,1,1,63,true,false,Ascii keys,4249,ihqq,255,,,,,,,,,,,,,,,,,,,,,,-,,,,,,
Sys001Keys064,1,1,64,true,false,Ascii keys,4250,ihqr,255,,,,,,,,,,,,,,,,,,,,,,-,,,,,,
Sys001Keys065,1,1,65,true,false,Ascii keys,4251,ihqs,255,,,,,,,,,,,,,,,,,,,,,,-,,,,,,
Sys001Keys066,1,1,66,true,false,Ascii keys,4252,ihqt,255,,,,,,,,,,,,,,,,,,,,,,-,,,,,,
Sys001Keys067,1,1,67,true,false,Ascii keys,4253,ihqu,255,,,,,,,,,,,,,,,,,,,,,,-,,,,,,
Sys001Keys068,1,1,68,true,false,Ascii keys,4254,ihqv,255,,,,,,,,,,,,,,,,,,,,,,-,,,,,,
Sys001Keys069,1,1,69,true,false,Ascii keys,4255,ihqw,255,,,,,,,,,,,,,,,,,,,,,,-,,,,,,
Sys001Keys070,1,1,70,true,false,Ascii keys,4256,ihrh,255,,,,,,,,,,,,,,,,,,,,,,-,,,,,,
Sys001Keys071,1,1,71,true,false,Ascii keys,4257,ihri,255,,,,,,,,,,,,,,,,,,,,,,-,,,,,,
Sys001Keys072,1,1,72,true,false,Ascii keys,4258,ihrj,255,,,,,,,,,,,,,,,,,,,,,,-,,,,,,
Sys001Keys073,1,1,73,true,false,Ascii keys,4259,ihrk,255,,,,,,,,,,,,,,,,,,,,,,-,,,,,,
Sys001Keys074,1,1,74,true,false,Ascii keys,4260,ihrl,255,,,,,,,,,,,,,,,,,,,,,,-,,,,,,
Sys001Keys075,1,1,75,true,false,Ascii keys,4261,ihrm,255,,,,,,,,,,,,,,,,,,,,,,-,,,,,,
Sys001Keys076,1,1,76,true,false,Ascii keys,4262,ihrn,255,,,,,,,,,,,,,,,,,,,,,,-,,,,,,
Sys001Keys077,1,1,77,true,false,Ascii keys,4263,ihro,255,,,,,,,,,,,,,,,,,,,,,,-,,,,,,
Sys001Keys078,1,1,78,true,false,Ascii keys,4264,ihrp,255,,,,,,,,,,,,,,,,,,,,,,-,,,,,,
Sys001Keys079,1,1,79,true,false,Ascii keys,4265,ihrq,255,,,,,,,,,,,,,,,,,,,,,,-,,,,,,
Sys001Keys080,1,1,80,true,false,Ascii keys,4266,ihrr,255,,,,,,,,,,,,,,,,,,,,,,-,,,,,,
Sys001Keys081,1,1,81,true,false,Ascii keys,4267,ihrs,255,,,,,,,,,,,,,,,,,,,,,,-,,,,,,
Sys001Keys082,1,1,82,true,false,Ascii keys,4268,ihrt,255,,,,,,,,,,,,,,,,,,,,,,-,,,,,,
Sys001Keys083,1,1,83,true,false,Ascii keys,4269,ihru,255,,,,,,,,,,,,,,,,,,,,,,-,,,,,,
Sys001Keys084,1,1,84,true,false,Ascii keys,4270,ihrv,255,,,,,,,,,,,,,,,,,,,,,,-,,,,,,
Sys001Keys085,1,1,85,true,false,Ascii keys,4271,ihrw,255,,,,,,,,,,,,,,,,,,,,,,-,,,,,,
Sys001Keys086,1,1,86,true,false,Ascii keys,4272,ihsh,255,,,,,,,,,,,,,,,,,,,,,,-,,,,,,
Sys001Keys087,1,1,87,true,false,Ascii keys,4273,ihsi,255,,,,,,,,,,,,,,,,,,,,,,-,,,,,,
Sys001Keys088,1,1,88,true,false,Ascii keys,4274,ihsj,255,,,,,,,,,,,,,,,,,,,,,,-,,,,,,
Sys001Keys089,1,1,89,true,false,Ascii keys,4275,ihsk,255,,,,,,,,,,,,,,,,,,,,,,-,,,,,,
Sys001Keys090,1,1,90,true,false,Ascii keys,4276,ihsl,255,,,,,,,,,,,,,,,,,,,,,,-,,,,,,
Sys001Keys091,1,1,91,true,false,Ascii keys,4277,ihsm,255,,,,,,,,,,,,,,,,,,,,,,-,,,,,,
Sys001Keys092,1,1,92,true,false,Ascii keys,4278,ihsn,255,,,,,,,,,,,,,,,,,,,,,,-,,,,,,
Sys001Keys093,1,1,93,true,false,Ascii keys,4279,ihso,255,,,,,,,,,,,,,,,,,,,,,,-,,,,,,
Sys001Keys094,1,1,94,true,false,Ascii keys,4280,ihsp,255,,,,,,,,,,,,,,,,,,,,,,-,,,,,,
Sys001Keys095,1,1,95,true,false,Ascii keys,4281,ihsq,255,,,,,,,,,,,,,,,,,,,,,,-,,,,,,
Sys001Keys096,1,1,96,true,false,Ascii keys,4282,ihsr,255,,,,,,,,,,,,,,,,,,,,,,-,,,,,,
Sys001Keys097,1,1,97,true,false,Ascii keys,4283,ihss,255,,,,,,,,,,,,,,,,,,,,,,-,,,,,,
Sys001Keys098,1,1,98,true,false,Ascii keys,4284,ihst,255,,,,,,,,,,,,,,,,,,,,,,-,,,,,,
Sys001Keys099,1,1,99,true,false,Ascii keys,4285,ihsu,255,,,,,,,,,,,,,,,,,,,,,,-,,,,,,
Sys001Keys100,1,1,100,true,false,Ascii keys,4286,ihsv,255,,,,,,,,,,,,,,,,,,,,,,-,,,,,,
Sys001Keys101,1,1,101,true,false,Ascii keys,4287,ihsw,255,,,,,,,,,,,,,,,,,,,,,,-,,,,,,
Sys001Keys102,1,1,102,true,false,Ascii keys,4288,ihth,255,,,,,,,,,,,,,,,,,,,,,,-,,,,,,
Sys001Keys103,1,1,103,true,false,Ascii keys,4289,ihti,255,,,,,,,,,,,,,,,,,,,,,,-,,,,,,
Sys001Keys104,1,1,104,true,false,Ascii keys,4290,ihtj,255,,,,,,,,,,,,,,,,,,,,,,-,,,,,,
Sys001Keys105,1,1,105,true,false,Ascii keys,4291,ihtk,255,,,,,,,,,,,,,,,,,,,,,,-,,,,,,
Sys001Keys106,1,1,106,true,false,Ascii keys,4292,ihtl,255,,,,,,,,,,,,,,,,,,,,,,-,,,,,,
Sys001Keys107,1,1,107,true,false,Ascii keys,4293,ihtm,255,,,,,,,,,,,,,,,,,,,,,,-,,,,,,
Sys001Keys108,1,1,108,true,false,Ascii keys,4294,ihtn,255,,,,,,,,,,,,,,,,,,,,,,-,,,,,,
Sys001Keys109,1,1,109,true,false,Ascii keys,4295,ihto,255,,,,,,,,,,,,,,,,,,,,,,-,,,,,,
Sys001Keys110,1,1,110,true,false,Ascii keys,4296,ihtp,255,,,,,,,,,,,,,,,,,,,,,,-,,,,,,
Sys001Keys111,1,1,111,true,false,Ascii keys,4297,ihtq,255,,,,,,,,,,,,,,,,,,,,,,-,,,,,,
Sys001Keys112,1,1,112,true,false,Ascii keys,4298,ihtr,255,,,,,,,,,,,,,,,,,,,,,,-,,,,,,
Sys001Keys113,1,1,113,true,false,Ascii keys,4299,ihts,255,,,,,,,,,,,,,,,,,,,,,,-,,,,,,
Sys001Keys114,1,1,114,true,false,Ascii keys,4300,ihtt,255,,,,,,,,,,,,,,,,,,,,,,-,,,,,,
Sys001Keys115,1,1,115,true,false,Ascii keys,4301,ihtu,255,,,,,,,,,,,,,,,,,,,,,,-,,,,,,
Sys001Keys116,1,1,116,true,false,Ascii keys,4302,ihtv,255,,,,,,,,,,,,,,,,,,,,,,-,,,,,,
Sys001Keys117,1,1,117,true,false,Ascii keys,4303,ihtw,255,,,,,,,,,,,,,,,,,,,,,,-,,,,,,
Sys001Keys118,1,1,118,true,false,Ascii keys,4304,ihuh,255,,,,,,,,,,,,,,,,,,,,,,-,,,,,,
Sys001Keys119,1,1,119,true,false,Ascii keys,4305,ihui,255,,,,,,,,,,,,,,,,,,,,,,-,,,,,,
Sys001Keys120,1,1,120,true,false,Ascii keys,4306,ihuj,255,,,,,,,,,,,,,,,,,,,,,,-,,,,,,
Sys001Keys121,1,1,121,true,false,Ascii keys,4307,ihuk,255,,,,,,,,,,,,,,,,,,,,,,-,,,,,,
Sys001Keys122,1,1,122,true,false,Ascii keys,4308,ihul,255,,,,,,,,,,,,,,,,,,,,,,-,,,,,,
Sys001Keys123,1,1,123,true,false,Ascii keys,4309,ihum,255,,,,,,,,,,,,,,,,,,,,,,-,,,,,,
Sys001Keys124,1,1,124,true,false,Ascii keys,4310,ihun,255,,,,,,,,,,,,,,,,,,,,,,-,,,,,,
Sys001Keys125,1,1,125,true,false,Ascii keys,4311,ihuo,255,,,,,,,,,,,,,,,,,,,,,,-,,,,,,
Sys001Keys126,1,1,126,true,false,Ascii keys,4312,ihup,255,,,,,,,,,,,,,,,,,,,,,,-,,,,,,
Sys001Keys127,1,1,127,true,false,Ascii keys,4313,ihuq,255,,,,,,,,,,,,,,,,,,,,,,-,,,,,,
Sys001LCR001,1,1,1,true,false,L/C/R encoder-context buttons,4314,ihur,3,,,,,,,,Sys_LCR,,,,,,,,,,,,,,-,,,,,,
Sys001Lock001,1,1,1,,false,Lock mixer (faders only mode),4315,ihus,2,,,,,,,,,,,,,,,,,,,,,,-,,,,,,
Sys001Man001,1,1,1,,false,User manual open/close SW button,4316,ihut,2,,,,,,,,,,,,,,,,,,,,,,-,,,,,,
Sys001MtrSrc001,1,1,1,,false,Meter source (pre/post fader),4317,ihuu,2,,,,,,,,,,,,,,,,,,,,,,-,,,,,,
Sys001DynPlotMode001,1,1,1,,false,Dynamics plot overlay mode (0 fill / 1 dot / 2 fill+dot),4318,ihuv,3,0,,,,,,,,,,,,,,,,,,,,,-,,,,,,
Sys001MxMode001,1,1,1,,false,Mixer mode (Standard/Simple),4319,ihuw,2,,,,,,,,,,,,,,,,,,,,,,-,,,,,,
Sys001OptMix001,1,1,1,,false,Optional mix select (1/2/3),4320,ihvh,3,,,,,,,,,,,,,,,,,,,,,,-,,,,,,
Sys001Reg001,1,1,1,true,false,Registration steps,4321,ihvi,2,,,,,,,,,,,,,,,,,,,,,,-,,,,,,
Sys001Reg002,1,1,2,true,false,Registration steps,4322,ihvj,2,,,,,,,,,,,,,,,,,,,,,,-,,,,,,
Sys001Reg003,1,1,3,true,false,Registration steps,4323,ihvk,2,,,,,,,,,,,,,,,,,,,,,,-,,,,,,
Sys001Reg004,1,1,4,true,false,Registration steps,4324,ihvl,2,,,,,,,,,,,,,,,,,,,,,,-,,,,,,
Sys001Reg005,1,1,5,true,false,Registration steps,4325,ihvm,2,,,,,,,,,,,,,,,,,,,,,,-,,,,,,
Sys001Reg006,1,1,6,true,false,Registration steps,4326,ihvn,2,,,,,,,,,,,,,,,,,,,,,,-,,,,,,
Sys001Reg007,1,1,7,true,false,Registration steps,4327,ihvo,2,,,,,,,,,,,,,,,,,,,,,,-,,,,,,
Sys001Reg008,1,1,8,true,false,Registration steps,4328,ihvp,2,,,,,,,,,,,,,,,,,,,,,,-,,,,,,
Sys001Reg009,1,1,9,true,false,Registration steps,4329,ihvq,2,,,,,,,,,,,,,,,,,,,,,,-,,,,,,
Sys001Reg010,1,1,10,true,false,Registration steps,4330,ihvr,2,,,,,,,,,,,,,,,,,,,,,,-,,,,,,
Sys001Reset001,1,1,1,,false,Mixer reset trigger (full/names-keep/audio-only),4331,ihvs,3,,,,,,,,,,,,,,,,,,,,,,-,,,,,,
Sys001Scene001,2,1,1,,false,Current scene recall index,4332,ihvt,255,,,,,,,,,,,,,,,,,,,,,,-,,,,,,
Sys001SelectedAux001,1,1,1,,false,Selected aux for rebindable skins,4333,ihvu,12,,,,,,,,,,,,,,,,,,,,,,-,,,,,,
Sys001SelectedChan001,1,1,1,,false,Selected channel for rebindable skins,4334,ihvv,32,,,,,,,,,,,,,,,,,,,,,,-,,,,,,
Sys001SceneSafe001,1,1,1,,false,Per-channel scene safe on/off,4335,ihvw,2,,,,,,,,,,,,,,,,,,,,,,-,,,,,,
Sys001SceneSafe002,1,1,2,,false,Per-channel scene safe on/off,4336,ihwh,2,,,,,,,,,,,,,,,,,,,,,,-,,,,,,
Sys001SceneSafe003,1,1,3,,false,Per-channel scene safe on/off,4337,ihwi,2,,,,,,,,,,,,,,,,,,,,,,-,,,,,,
Sys001SceneSafe004,1,1,4,,false,Per-channel scene safe on/off,4338,ihwj,2,,,,,,,,,,,,,,,,,,,,,,-,,,,,,
Sys001SceneSafe005,1,1,5,,false,Per-channel scene safe on/off,4339,ihwk,2,,,,,,,,,,,,,,,,,,,,,,-,,,,,,
Sys001SceneSafe006,1,1,6,,false,Per-channel scene safe on/off,4340,ihwl,2,,,,,,,,,,,,,,,,,,,,,,-,,,,,,
Sys001SceneSafe007,1,1,7,,false,Per-channel scene safe on/off,4341,ihwm,2,,,,,,,,,,,,,,,,,,,,,,-,,,,,,
Sys001SceneSafe008,1,1,8,,false,Per-channel scene safe on/off,4342,ihwn,2,,,,,,,,,,,,,,,,,,,,,,-,,,,,,
Sys001SceneSafe009,1,1,9,,false,Per-channel scene safe on/off,4343,ihwo,2,,,,,,,,,,,,,,,,,,,,,,-,,,,,,
Sys001SceneSafe010,1,1,10,,false,Per-channel scene safe on/off,4344,ihwp,2,,,,,,,,,,,,,,,,,,,,,,-,,,,,,
Sys001SceneSafe011,1,1,11,,false,Per-channel scene safe on/off,4345,ihwq,2,,,,,,,,,,,,,,,,,,,,,,-,,,,,,
Sys001SceneSafe012,1,1,12,,false,Per-channel scene safe on/off,4346,ihwr,2,,,,,,,,,,,,,,,,,,,,,,-,,,,,,
Sys001SceneSafe013,1,1,13,,false,Per-channel scene safe on/off,4347,ihws,2,,,,,,,,,,,,,,,,,,,,,,-,,,,,,
Sys001SceneSafe014,1,1,14,,false,Per-channel scene safe on/off,4348,ihwt,2,,,,,,,,,,,,,,,,,,,,,,-,,,,,,
Sys001SceneSafe015,1,1,15,,false,Per-channel scene safe on/off,4349,ihwu,2,,,,,,,,,,,,,,,,,,,,,,-,,,,,,
Sys001SceneSafe016,1,1,16,,false,Per-channel scene safe on/off,4350,ihwv,2,,,,,,,,,,,,,,,,,,,,,,-,,,,,,
Sys001SceneSafe017,1,1,17,,false,Per-channel scene safe on/off,4351,ihww,2,,,,,,,,,,,,,,,,,,,,,,-,,,,,,
Sys001SceneSafe018,1,1,18,,false,Per-channel scene safe on/off,4352,iihh,2,,,,,,,,,,,,,,,,,,,,,,-,,,,,,
Sys001SceneSafe019,1,1,19,,false,Per-channel scene safe on/off,4353,iihi,2,,,,,,,,,,,,,,,,,,,,,,-,,,,,,
Sys001SceneSafe020,1,1,20,,false,Per-channel scene safe on/off,4354,iihj,2,,,,,,,,,,,,,,,,,,,,,,-,,,,,,
Sys001SceneSafe021,1,1,21,,false,Per-channel scene safe on/off,4355,iihk,2,,,,,,,,,,,,,,,,,,,,,,-,,,,,,
Sys001SceneSafe022,1,1,22,,false,Per-channel scene safe on/off,4356,iihl,2,,,,,,,,,,,,,,,,,,,,,,-,,,,,,
Sys001SceneSafe023,1,1,23,,false,Per-channel scene safe on/off,4357,iihm,2,,,,,,,,,,,,,,,,,,,,,,-,,,,,,
Sys001SceneSafe024,1,1,24,,false,Per-channel scene safe on/off,4358,iihn,2,,,,,,,,,,,,,,,,,,,,,,-,,,,,,
Sys001ScrBright001,1,1,1,,false,Touchscreen brightness,4359,iiho,100,75,,,,,,,Sys_ScrBright,,,,,,,,,,,,,,-,,,,,,
Sys001Skin001,1,1,1,,false,Current skin/theme selection,4360,iihp,255,,,,,,,,,,,,,,,,,,,,,,-,,,,,,
Sys001Test001,1,1,1,,,System test signal output,4361,iihq,255,,,,,,,,,,,,,,,,,,,,,,-,,,,,,
Sys001Test002,1,1,2,,,System test signal output,4362,iihr,255,,,,,,,,,,,,,,,,,,,,,,-,,,,,,
Aux001AntiFbNotchFreq001,2,1,1,,,Anti-feedback notch filter centre frequency,4363,iihs,255,,,,,,,,,,0=40/127=12000/[Log],,,,,2,1,61,0x003D,,,,-,InstantCtl,Instant,0,0,Linear,Scalar
Aux001AntiFbNotchFreq002,2,1,2,,,Anti-feedback notch filter centre frequency,4364,iiht,255,,,,,,,,,,0=40/127=12000/[Log],,,,,2,1,62,0x003E,,,,-,InstantCtl,Instant,0,0,Linear,Scalar
Aux001AntiFbNotchFreq003,2,1,3,,,Anti-feedback notch filter centre frequency,4365,iihu,255,,,,,,,,,,0=40/127=12000/[Log],,,,,2,1,63,0x003F,,,,-,InstantCtl,Instant,0,0,Linear,Scalar
Aux001AntiFbNotchFreq004,2,1,4,,,Anti-feedback notch filter centre frequency,4366,iihv,255,,,,,,,,,,0=40/127=12000/[Log],,,,,2,1,64,0x0040,,,,-,InstantCtl,Instant,0,0,Linear,Scalar
Aux001AntiFbNotchFreq005,2,1,5,,,Anti-feedback notch filter centre frequency,4367,iihw,255,,,,,,,,,,0=40/127=12000/[Log],,,,,2,1,65,0x0041,,,,-,InstantCtl,Instant,0,0,Linear,Scalar
Aux001AntiFbNotchFreq006,2,1,6,,,Anti-feedback notch filter centre frequency,4368,iiih,255,,,,,,,,,,0=40/127=12000/[Log],,,,,2,1,66,0x0042,,,,-,InstantCtl,Instant,0,0,Linear,Scalar
Aux002AntiFbNotchFreq001,2,2,1,,,Anti-feedback notch filter centre frequency,4369,iiii,255,,,,,,,,,,0=40/127=12000/[Log],,,,,2,1,151,0x0097,,,,-,InstantCtl,Instant,0,0,Linear,Scalar
Aux002AntiFbNotchFreq002,2,2,2,,,Anti-feedback notch filter centre frequency,4370,iiij,255,,,,,,,,,,0=40/127=12000/[Log],,,,,2,1,152,0x0098,,,,-,InstantCtl,Instant,0,0,Linear,Scalar
Aux002AntiFbNotchFreq003,2,2,3,,,Anti-feedback notch filter centre frequency,4371,iiik,255,,,,,,,,,,0=40/127=12000/[Log],,,,,2,1,153,0x0099,,,,-,InstantCtl,Instant,0,0,Linear,Scalar
Aux002AntiFbNotchFreq004,2,2,4,,,Anti-feedback notch filter centre frequency,4372,iiil,255,,,,,,,,,,0=40/127=12000/[Log],,,,,2,1,154,0x009A,,,,-,InstantCtl,Instant,0,0,Linear,Scalar
Aux002AntiFbNotchFreq005,2,2,5,,,Anti-feedback notch filter centre frequency,4373,iiim,255,,,,,,,,,,0=40/127=12000/[Log],,,,,2,1,155,0x009B,,,,-,InstantCtl,Instant,0,0,Linear,Scalar
Aux002AntiFbNotchFreq006,2,2,6,,,Anti-feedback notch filter centre frequency,4374,iiin,255,,,,,,,,,,0=40/127=12000/[Log],,,,,2,1,156,0x009C,,,,-,InstantCtl,Instant,0,0,Linear,Scalar
Aux003AntiFbNotchFreq001,2,3,1,,,Anti-feedback notch filter centre frequency,4375,iiio,255,,,,,,,,,,0=40/127=12000/[Log],,,,,2,1,241,0x00F1,,,,-,InstantCtl,Instant,0,0,Linear,Scalar
Aux003AntiFbNotchFreq002,2,3,2,,,Anti-feedback notch filter centre frequency,4376,iiip,255,,,,,,,,,,0=40/127=12000/[Log],,,,,2,1,242,0x00F2,,,,-,InstantCtl,Instant,0,0,Linear,Scalar
Aux003AntiFbNotchFreq003,2,3,3,,,Anti-feedback notch filter centre frequency,4377,iiiq,255,,,,,,,,,,0=40/127=12000/[Log],,,,,2,1,243,0x00F3,,,,-,InstantCtl,Instant,0,0,Linear,Scalar
Aux003AntiFbNotchFreq004,2,3,4,,,Anti-feedback notch filter centre frequency,4378,iiir,255,,,,,,,,,,0=40/127=12000/[Log],,,,,2,1,244,0x00F4,,,,-,InstantCtl,Instant,0,0,Linear,Scalar
Aux003AntiFbNotchFreq005,2,3,5,,,Anti-feedback notch filter centre frequency,4379,iiis,255,,,,,,,,,,0=40/127=12000/[Log],,,,,2,1,245,0x00F5,,,,-,InstantCtl,Instant,0,0,Linear,Scalar
Aux003AntiFbNotchFreq006,2,3,6,,,Anti-feedback notch filter centre frequency,4380,iiit,255,,,,,,,,,,0=40/127=12000/[Log],,,,,2,1,246,0x00F6,,,,-,InstantCtl,Instant,0,0,Linear,Scalar
Aux004AntiFbNotchFreq001,2,4,1,,,Anti-feedback notch filter centre frequency,4381,iiiu,255,,,,,,,,,,0=40/127=12000/[Log],,,,,2,1,331,0x014B,,,,-,InstantCtl,Instant,0,0,Linear,Scalar
Aux004AntiFbNotchFreq002,2,4,2,,,Anti-feedback notch filter centre frequency,4382,iiiv,255,,,,,,,,,,0=40/127=12000/[Log],,,,,2,1,332,0x014C,,,,-,InstantCtl,Instant,0,0,Linear,Scalar
Aux004AntiFbNotchFreq003,2,4,3,,,Anti-feedback notch filter centre frequency,4383,iiiw,255,,,,,,,,,,0=40/127=12000/[Log],,,,,2,1,333,0x014D,,,,-,InstantCtl,Instant,0,0,Linear,Scalar
Aux004AntiFbNotchFreq004,2,4,4,,,Anti-feedback notch filter centre frequency,4384,iijh,255,,,,,,,,,,0=40/127=12000/[Log],,,,,2,1,334,0x014E,,,,-,InstantCtl,Instant,0,0,Linear,Scalar
Aux004AntiFbNotchFreq005,2,4,5,,,Anti-feedback notch filter centre frequency,4385,iiji,255,,,,,,,,,,0=40/127=12000/[Log],,,,,2,1,335,0x014F,,,,-,InstantCtl,Instant,0,0,Linear,Scalar
Aux004AntiFbNotchFreq006,2,4,6,,,Anti-feedback notch filter centre frequency,4386,iijj,255,,,,,,,,,,0=40/127=12000/[Log],,,,,2,1,336,0x0150,,,,-,InstantCtl,Instant,0,0,Linear,Scalar
Aux005AntiFbNotchFreq001,2,5,1,,,Anti-feedback notch filter centre frequency,4387,iijk,255,,,,,,,,,,0=40/127=12000/[Log],,,,,2,1,421,0x01A5,,,,-,InstantCtl,Instant,0,0,Linear,Scalar
Aux005AntiFbNotchFreq002,2,5,2,,,Anti-feedback notch filter centre frequency,4388,iijl,255,,,,,,,,,,0=40/127=12000/[Log],,,,,2,1,422,0x01A6,,,,-,InstantCtl,Instant,0,0,Linear,Scalar
Aux005AntiFbNotchFreq003,2,5,3,,,Anti-feedback notch filter centre frequency,4389,iijm,255,,,,,,,,,,0=40/127=12000/[Log],,,,,2,1,423,0x01A7,,,,-,InstantCtl,Instant,0,0,Linear,Scalar
Aux005AntiFbNotchFreq004,2,5,4,,,Anti-feedback notch filter centre frequency,4390,iijn,255,,,,,,,,,,0=40/127=12000/[Log],,,,,2,1,424,0x01A8,,,,-,InstantCtl,Instant,0,0,Linear,Scalar
Aux005AntiFbNotchFreq005,2,5,5,,,Anti-feedback notch filter centre frequency,4391,iijo,255,,,,,,,,,,0=40/127=12000/[Log],,,,,2,1,425,0x01A9,,,,-,InstantCtl,Instant,0,0,Linear,Scalar
Aux005AntiFbNotchFreq006,2,5,6,,,Anti-feedback notch filter centre frequency,4392,iijp,255,,,,,,,,,,0=40/127=12000/[Log],,,,,2,1,426,0x01AA,,,,-,InstantCtl,Instant,0,0,Linear,Scalar
Aux006AntiFbNotchFreq001,2,6,1,,,Anti-feedback notch filter centre frequency,4393,iijq,255,,,,,,,,,,0=40/127=12000/[Log],,,,,2,1,511,0x01FF,,,,-,InstantCtl,Instant,0,0,Linear,Scalar
Aux006AntiFbNotchFreq002,2,6,2,,,Anti-feedback notch filter centre frequency,4394,iijr,255,,,,,,,,,,0=40/127=12000/[Log],,,,,2,1,512,0x0200,,,,-,InstantCtl,Instant,0,0,Linear,Scalar
Aux006AntiFbNotchFreq003,2,6,3,,,Anti-feedback notch filter centre frequency,4395,iijs,255,,,,,,,,,,0=40/127=12000/[Log],,,,,2,1,513,0x0201,,,,-,InstantCtl,Instant,0,0,Linear,Scalar
Aux006AntiFbNotchFreq004,2,6,4,,,Anti-feedback notch filter centre frequency,4396,iijt,255,,,,,,,,,,0=40/127=12000/[Log],,,,,2,1,514,0x0202,,,,-,InstantCtl,Instant,0,0,Linear,Scalar
Aux006AntiFbNotchFreq005,2,6,5,,,Anti-feedback notch filter centre frequency,4397,iiju,255,,,,,,,,,,0=40/127=12000/[Log],,,,,2,1,515,0x0203,,,,-,InstantCtl,Instant,0,0,Linear,Scalar
Aux006AntiFbNotchFreq006,2,6,6,,,Anti-feedback notch filter centre frequency,4398,iijv,255,,,,,,,,,,0=40/127=12000/[Log],,,,,2,1,516,0x0204,,,,-,InstantCtl,Instant,0,0,Linear,Scalar
Aux007AntiFbNotchFreq001,2,7,1,,,Anti-feedback notch filter centre frequency,4399,iijw,255,,,,,,,,,,0=40/127=12000/[Log],,,,,2,1,601,0x0259,,,,-,InstantCtl,Instant,0,0,Linear,Scalar
Aux007AntiFbNotchFreq002,2,7,2,,,Anti-feedback notch filter centre frequency,4400,iikh,255,,,,,,,,,,0=40/127=12000/[Log],,,,,2,1,602,0x025A,,,,-,InstantCtl,Instant,0,0,Linear,Scalar
Aux007AntiFbNotchFreq003,2,7,3,,,Anti-feedback notch filter centre frequency,4401,iiki,255,,,,,,,,,,0=40/127=12000/[Log],,,,,2,1,603,0x025B,,,,-,InstantCtl,Instant,0,0,Linear,Scalar
Aux007AntiFbNotchFreq004,2,7,4,,,Anti-feedback notch filter centre frequency,4402,iikj,255,,,,,,,,,,0=40/127=12000/[Log],,,,,2,1,604,0x025C,,,,-,InstantCtl,Instant,0,0,Linear,Scalar
Aux007AntiFbNotchFreq005,2,7,5,,,Anti-feedback notch filter centre frequency,4403,iikk,255,,,,,,,,,,0=40/127=12000/[Log],,,,,2,1,605,0x025D,,,,-,InstantCtl,Instant,0,0,Linear,Scalar
Aux007AntiFbNotchFreq006,2,7,6,,,Anti-feedback notch filter centre frequency,4404,iikl,255,,,,,,,,,,0=40/127=12000/[Log],,,,,2,1,606,0x025E,,,,-,InstantCtl,Instant,0,0,Linear,Scalar
Aux008AntiFbNotchFreq001,2,8,1,,,Anti-feedback notch filter centre frequency,4405,iikm,255,,,,,,,,,,0=40/127=12000/[Log],,,,,2,1,691,0x02B3,,,,-,InstantCtl,Instant,0,0,Linear,Scalar
Aux008AntiFbNotchFreq002,2,8,2,,,Anti-feedback notch filter centre frequency,4406,iikn,255,,,,,,,,,,0=40/127=12000/[Log],,,,,2,1,692,0x02B4,,,,-,InstantCtl,Instant,0,0,Linear,Scalar
Aux008AntiFbNotchFreq003,2,8,3,,,Anti-feedback notch filter centre frequency,4407,iiko,255,,,,,,,,,,0=40/127=12000/[Log],,,,,2,1,693,0x02B5,,,,-,InstantCtl,Instant,0,0,Linear,Scalar
Aux008AntiFbNotchFreq004,2,8,4,,,Anti-feedback notch filter centre frequency,4408,iikp,255,,,,,,,,,,0=40/127=12000/[Log],,,,,2,1,694,0x02B6,,,,-,InstantCtl,Instant,0,0,Linear,Scalar
Aux008AntiFbNotchFreq005,2,8,5,,,Anti-feedback notch filter centre frequency,4409,iikq,255,,,,,,,,,,0=40/127=12000/[Log],,,,,2,1,695,0x02B7,,,,-,InstantCtl,Instant,0,0,Linear,Scalar
Aux008AntiFbNotchFreq006,2,8,6,,,Anti-feedback notch filter centre frequency,4410,iikr,255,,,,,,,,,,0=40/127=12000/[Log],,,,,2,1,696,0x02B8,,,,-,InstantCtl,Instant,0,0,Linear,Scalar
Aux001AntiFbNotchGain001,1,1,1,,,Anti-feedback notch filter depth (cut amount),4411,iiks,21,,,,,,,,,,0=-18/127=0/[Lin],,,,,2,1,67,0x0043,,,,20,InstantCtl,Instant,0,0,Linear,Scalar
Aux001AntiFbNotchGain002,1,1,2,,,Anti-feedback notch filter depth (cut amount),4412,iikt,21,,,,,,,,,,0=-18/127=0/[Lin],,,,,2,1,68,0x0044,,,,20,InstantCtl,Instant,0,0,Linear,Scalar
Aux001AntiFbNotchGain003,1,1,3,,,Anti-feedback notch filter depth (cut amount),4413,iiku,21,,,,,,,,,,0=-18/127=0/[Lin],,,,,2,1,69,0x0045,,,,20,InstantCtl,Instant,0,0,Linear,Scalar
Aux001AntiFbNotchGain004,1,1,4,,,Anti-feedback notch filter depth (cut amount),4414,iikv,21,,,,,,,,,,0=-18/127=0/[Lin],,,,,2,1,70,0x0046,,,,20,InstantCtl,Instant,0,0,Linear,Scalar
Aux001AntiFbNotchGain005,1,1,5,,,Anti-feedback notch filter depth (cut amount),4415,iikw,21,,,,,,,,,,0=-18/127=0/[Lin],,,,,2,1,71,0x0047,,,,20,InstantCtl,Instant,0,0,Linear,Scalar
Aux001AntiFbNotchGain006,1,1,6,,,Anti-feedback notch filter depth (cut amount),4416,iilh,21,,,,,,,,,,0=-18/127=0/[Lin],,,,,2,1,72,0x0048,,,,20,InstantCtl,Instant,0,0,Linear,Scalar
Aux002AntiFbNotchGain001,1,2,1,,,Anti-feedback notch filter depth (cut amount),4417,iili,21,,,,,,,,,,0=-18/127=0/[Lin],,,,,2,1,157,0x009D,,,,20,InstantCtl,Instant,0,0,Linear,Scalar
Aux002AntiFbNotchGain002,1,2,2,,,Anti-feedback notch filter depth (cut amount),4418,iilj,21,,,,,,,,,,0=-18/127=0/[Lin],,,,,2,1,158,0x009E,,,,20,InstantCtl,Instant,0,0,Linear,Scalar
Aux002AntiFbNotchGain003,1,2,3,,,Anti-feedback notch filter depth (cut amount),4419,iilk,21,,,,,,,,,,0=-18/127=0/[Lin],,,,,2,1,159,0x009F,,,,20,InstantCtl,Instant,0,0,Linear,Scalar
Aux002AntiFbNotchGain004,1,2,4,,,Anti-feedback notch filter depth (cut amount),4420,iill,21,,,,,,,,,,0=-18/127=0/[Lin],,,,,2,1,160,0x00A0,,,,20,InstantCtl,Instant,0,0,Linear,Scalar
Aux002AntiFbNotchGain005,1,2,5,,,Anti-feedback notch filter depth (cut amount),4421,iilm,21,,,,,,,,,,0=-18/127=0/[Lin],,,,,2,1,161,0x00A1,,,,20,InstantCtl,Instant,0,0,Linear,Scalar
Aux002AntiFbNotchGain006,1,2,6,,,Anti-feedback notch filter depth (cut amount),4422,iiln,21,,,,,,,,,,0=-18/127=0/[Lin],,,,,2,1,162,0x00A2,,,,20,InstantCtl,Instant,0,0,Linear,Scalar
Aux003AntiFbNotchGain001,1,3,1,,,Anti-feedback notch filter depth (cut amount),4423,iilo,21,,,,,,,,,,0=-18/127=0/[Lin],,,,,2,1,247,0x00F7,,,,20,InstantCtl,Instant,0,0,Linear,Scalar
Aux003AntiFbNotchGain002,1,3,2,,,Anti-feedback notch filter depth (cut amount),4424,iilp,21,,,,,,,,,,0=-18/127=0/[Lin],,,,,2,1,248,0x00F8,,,,20,InstantCtl,Instant,0,0,Linear,Scalar
Aux003AntiFbNotchGain003,1,3,3,,,Anti-feedback notch filter depth (cut amount),4425,iilq,21,,,,,,,,,,0=-18/127=0/[Lin],,,,,2,1,249,0x00F9,,,,20,InstantCtl,Instant,0,0,Linear,Scalar
Aux003AntiFbNotchGain004,1,3,4,,,Anti-feedback notch filter depth (cut amount),4426,iilr,21,,,,,,,,,,0=-18/127=0/[Lin],,,,,2,1,250,0x00FA,,,,20,InstantCtl,Instant,0,0,Linear,Scalar
Aux003AntiFbNotchGain005,1,3,5,,,Anti-feedback notch filter depth (cut amount),4427,iils,21,,,,,,,,,,0=-18/127=0/[Lin],,,,,2,1,251,0x00FB,,,,20,InstantCtl,Instant,0,0,Linear,Scalar
Aux003AntiFbNotchGain006,1,3,6,,,Anti-feedback notch filter depth (cut amount),4428,iilt,21,,,,,,,,,,0=-18/127=0/[Lin],,,,,2,1,252,0x00FC,,,,20,InstantCtl,Instant,0,0,Linear,Scalar
Aux004AntiFbNotchGain001,1,4,1,,,Anti-feedback notch filter depth (cut amount),4429,iilu,21,,,,,,,,,,0=-18/127=0/[Lin],,,,,2,1,337,0x0151,,,,20,InstantCtl,Instant,0,0,Linear,Scalar
Aux004AntiFbNotchGain002,1,4,2,,,Anti-feedback notch filter depth (cut amount),4430,iilv,21,,,,,,,,,,0=-18/127=0/[Lin],,,,,2,1,338,0x0152,,,,20,InstantCtl,Instant,0,0,Linear,Scalar
Aux004AntiFbNotchGain003,1,4,3,,,Anti-feedback notch filter depth (cut amount),4431,iilw,21,,,,,,,,,,0=-18/127=0/[Lin],,,,,2,1,339,0x0153,,,,20,InstantCtl,Instant,0,0,Linear,Scalar
Aux004AntiFbNotchGain004,1,4,4,,,Anti-feedback notch filter depth (cut amount),4432,iimh,21,,,,,,,,,,0=-18/127=0/[Lin],,,,,2,1,340,0x0154,,,,20,InstantCtl,Instant,0,0,Linear,Scalar
Aux004AntiFbNotchGain005,1,4,5,,,Anti-feedback notch filter depth (cut amount),4433,iimi,21,,,,,,,,,,0=-18/127=0/[Lin],,,,,2,1,341,0x0155,,,,20,InstantCtl,Instant,0,0,Linear,Scalar
Aux004AntiFbNotchGain006,1,4,6,,,Anti-feedback notch filter depth (cut amount),4434,iimj,21,,,,,,,,,,0=-18/127=0/[Lin],,,,,2,1,342,0x0156,,,,20,InstantCtl,Instant,0,0,Linear,Scalar
Aux005AntiFbNotchGain001,1,5,1,,,Anti-feedback notch filter depth (cut amount),4435,iimk,21,,,,,,,,,,0=-18/127=0/[Lin],,,,,2,1,427,0x01AB,,,,20,InstantCtl,Instant,0,0,Linear,Scalar
Aux005AntiFbNotchGain002,1,5,2,,,Anti-feedback notch filter depth (cut amount),4436,iiml,21,,,,,,,,,,0=-18/127=0/[Lin],,,,,2,1,428,0x01AC,,,,20,InstantCtl,Instant,0,0,Linear,Scalar
Aux005AntiFbNotchGain003,1,5,3,,,Anti-feedback notch filter depth (cut amount),4437,iimm,21,,,,,,,,,,0=-18/127=0/[Lin],,,,,2,1,429,0x01AD,,,,20,InstantCtl,Instant,0,0,Linear,Scalar
Aux005AntiFbNotchGain004,1,5,4,,,Anti-feedback notch filter depth (cut amount),4438,iimn,21,,,,,,,,,,0=-18/127=0/[Lin],,,,,2,1,430,0x01AE,,,,20,InstantCtl,Instant,0,0,Linear,Scalar
Aux005AntiFbNotchGain005,1,5,5,,,Anti-feedback notch filter depth (cut amount),4439,iimo,21,,,,,,,,,,0=-18/127=0/[Lin],,,,,2,1,431,0x01AF,,,,20,InstantCtl,Instant,0,0,Linear,Scalar
Aux005AntiFbNotchGain006,1,5,6,,,Anti-feedback notch filter depth (cut amount),4440,iimp,21,,,,,,,,,,0=-18/127=0/[Lin],,,,,2,1,432,0x01B0,,,,20,InstantCtl,Instant,0,0,Linear,Scalar
Aux006AntiFbNotchGain001,1,6,1,,,Anti-feedback notch filter depth (cut amount),4441,iimq,21,,,,,,,,,,0=-18/127=0/[Lin],,,,,2,1,517,0x0205,,,,20,InstantCtl,Instant,0,0,Linear,Scalar
Aux006AntiFbNotchGain002,1,6,2,,,Anti-feedback notch filter depth (cut amount),4442,iimr,21,,,,,,,,,,0=-18/127=0/[Lin],,,,,2,1,518,0x0206,,,,20,InstantCtl,Instant,0,0,Linear,Scalar
Aux006AntiFbNotchGain003,1,6,3,,,Anti-feedback notch filter depth (cut amount),4443,iims,21,,,,,,,,,,0=-18/127=0/[Lin],,,,,2,1,519,0x0207,,,,20,InstantCtl,Instant,0,0,Linear,Scalar
Aux006AntiFbNotchGain004,1,6,4,,,Anti-feedback notch filter depth (cut amount),4444,iimt,21,,,,,,,,,,0=-18/127=0/[Lin],,,,,2,1,520,0x0208,,,,20,InstantCtl,Instant,0,0,Linear,Scalar
Aux006AntiFbNotchGain005,1,6,5,,,Anti-feedback notch filter depth (cut amount),4445,iimu,21,,,,,,,,,,0=-18/127=0/[Lin],,,,,2,1,521,0x0209,,,,20,InstantCtl,Instant,0,0,Linear,Scalar
Aux006AntiFbNotchGain006,1,6,6,,,Anti-feedback notch filter depth (cut amount),4446,iimv,21,,,,,,,,,,0=-18/127=0/[Lin],,,,,2,1,522,0x020A,,,,20,InstantCtl,Instant,0,0,Linear,Scalar
Aux007AntiFbNotchGain001,1,7,1,,,Anti-feedback notch filter depth (cut amount),4447,iimw,21,,,,,,,,,,0=-18/127=0/[Lin],,,,,2,1,607,0x025F,,,,20,InstantCtl,Instant,0,0,Linear,Scalar
Aux007AntiFbNotchGain002,1,7,2,,,Anti-feedback notch filter depth (cut amount),4448,iinh,21,,,,,,,,,,0=-18/127=0/[Lin],,,,,2,1,608,0x0260,,,,20,InstantCtl,Instant,0,0,Linear,Scalar
Aux007AntiFbNotchGain003,1,7,3,,,Anti-feedback notch filter depth (cut amount),4449,iini,21,,,,,,,,,,0=-18/127=0/[Lin],,,,,2,1,609,0x0261,,,,20,InstantCtl,Instant,0,0,Linear,Scalar
Aux007AntiFbNotchGain004,1,7,4,,,Anti-feedback notch filter depth (cut amount),4450,iinj,21,,,,,,,,,,0=-18/127=0/[Lin],,,,,2,1,610,0x0262,,,,20,InstantCtl,Instant,0,0,Linear,Scalar
Aux007AntiFbNotchGain005,1,7,5,,,Anti-feedback notch filter depth (cut amount),4451,iink,21,,,,,,,,,,0=-18/127=0/[Lin],,,,,2,1,611,0x0263,,,,20,InstantCtl,Instant,0,0,Linear,Scalar
Aux007AntiFbNotchGain006,1,7,6,,,Anti-feedback notch filter depth (cut amount),4452,iinl,21,,,,,,,,,,0=-18/127=0/[Lin],,,,,2,1,612,0x0264,,,,20,InstantCtl,Instant,0,0,Linear,Scalar
Aux008AntiFbNotchGain001,1,8,1,,,Anti-feedback notch filter depth (cut amount),4453,iinm,21,,,,,,,,,,0=-18/127=0/[Lin],,,,,2,1,697,0x02B9,,,,20,InstantCtl,Instant,0,0,Linear,Scalar
Aux008AntiFbNotchGain002,1,8,2,,,Anti-feedback notch filter depth (cut amount),4454,iinn,21,,,,,,,,,,0=-18/127=0/[Lin],,,,,2,1,698,0x02BA,,,,20,InstantCtl,Instant,0,0,Linear,Scalar
Aux008AntiFbNotchGain003,1,8,3,,,Anti-feedback notch filter depth (cut amount),4455,iino,21,,,,,,,,,,0=-18/127=0/[Lin],,,,,2,1,699,0x02BB,,,,20,InstantCtl,Instant,0,0,Linear,Scalar
Aux008AntiFbNotchGain004,1,8,4,,,Anti-feedback notch filter depth (cut amount),4456,iinp,21,,,,,,,,,,0=-18/127=0/[Lin],,,,,2,1,700,0x02BC,,,,20,InstantCtl,Instant,0,0,Linear,Scalar
Aux008AntiFbNotchGain005,1,8,5,,,Anti-feedback notch filter depth (cut amount),4457,iinq,21,,,,,,,,,,0=-18/127=0/[Lin],,,,,2,1,701,0x02BD,,,,20,InstantCtl,Instant,0,0,Linear,Scalar
Aux008AntiFbNotchGain006,1,8,6,,,Anti-feedback notch filter depth (cut amount),4458,iinr,21,,,,,,,,,,0=-18/127=0/[Lin],,,,,2,1,702,0x02BE,,,,20,InstantCtl,Instant,0,0,Linear,Scalar
Aux001AntiFbNotchQ001,1,1,1,,,Anti-feedback notch filter Q (bandwidth),4459,iins,33,,,,,,,,,,0=1/127=20/[Log],,,,,2,1,73,0x0049,,,,-,InstantCtl,Instant,0,0,Linear,Scalar
Aux001AntiFbNotchQ002,1,1,2,,,Anti-feedback notch filter Q (bandwidth),4460,iint,33,,,,,,,,,,0=1/127=20/[Log],,,,,2,1,74,0x004A,,,,-,InstantCtl,Instant,0,0,Linear,Scalar
Aux001AntiFbNotchQ003,1,1,3,,,Anti-feedback notch filter Q (bandwidth),4461,iinu,33,,,,,,,,,,0=1/127=20/[Log],,,,,2,1,75,0x004B,,,,-,InstantCtl,Instant,0,0,Linear,Scalar
Aux001AntiFbNotchQ004,1,1,4,,,Anti-feedback notch filter Q (bandwidth),4462,iinv,33,,,,,,,,,,0=1/127=20/[Log],,,,,2,1,76,0x004C,,,,-,InstantCtl,Instant,0,0,Linear,Scalar
Aux001AntiFbNotchQ005,1,1,5,,,Anti-feedback notch filter Q (bandwidth),4463,iinw,33,,,,,,,,,,0=1/127=20/[Log],,,,,2,1,77,0x004D,,,,-,InstantCtl,Instant,0,0,Linear,Scalar
Aux001AntiFbNotchQ006,1,1,6,,,Anti-feedback notch filter Q (bandwidth),4464,iioh,33,,,,,,,,,,0=1/127=20/[Log],,,,,2,1,78,0x004E,,,,-,InstantCtl,Instant,0,0,Linear,Scalar
Aux002AntiFbNotchQ001,1,2,1,,,Anti-feedback notch filter Q (bandwidth),4465,iioi,33,,,,,,,,,,0=1/127=20/[Log],,,,,2,1,163,0x00A3,,,,-,InstantCtl,Instant,0,0,Linear,Scalar
Aux002AntiFbNotchQ002,1,2,2,,,Anti-feedback notch filter Q (bandwidth),4466,iioj,33,,,,,,,,,,0=1/127=20/[Log],,,,,2,1,164,0x00A4,,,,-,InstantCtl,Instant,0,0,Linear,Scalar
Aux002AntiFbNotchQ003,1,2,3,,,Anti-feedback notch filter Q (bandwidth),4467,iiok,33,,,,,,,,,,0=1/127=20/[Log],,,,,2,1,165,0x00A5,,,,-,InstantCtl,Instant,0,0,Linear,Scalar
Aux002AntiFbNotchQ004,1,2,4,,,Anti-feedback notch filter Q (bandwidth),4468,iiol,33,,,,,,,,,,0=1/127=20/[Log],,,,,2,1,166,0x00A6,,,,-,InstantCtl,Instant,0,0,Linear,Scalar
Aux002AntiFbNotchQ005,1,2,5,,,Anti-feedback notch filter Q (bandwidth),4469,iiom,33,,,,,,,,,,0=1/127=20/[Log],,,,,2,1,167,0x00A7,,,,-,InstantCtl,Instant,0,0,Linear,Scalar
Aux002AntiFbNotchQ006,1,2,6,,,Anti-feedback notch filter Q (bandwidth),4470,iion,33,,,,,,,,,,0=1/127=20/[Log],,,,,2,1,168,0x00A8,,,,-,InstantCtl,Instant,0,0,Linear,Scalar
Aux003AntiFbNotchQ001,1,3,1,,,Anti-feedback notch filter Q (bandwidth),4471,iioo,33,,,,,,,,,,0=1/127=20/[Log],,,,,2,1,253,0x00FD,,,,-,InstantCtl,Instant,0,0,Linear,Scalar
Aux003AntiFbNotchQ002,1,3,2,,,Anti-feedback notch filter Q (bandwidth),4472,iiop,33,,,,,,,,,,0=1/127=20/[Log],,,,,2,1,254,0x00FE,,,,-,InstantCtl,Instant,0,0,Linear,Scalar
Aux003AntiFbNotchQ003,1,3,3,,,Anti-feedback notch filter Q (bandwidth),4473,iioq,33,,,,,,,,,,0=1/127=20/[Log],,,,,2,1,255,0x00FF,,,,-,InstantCtl,Instant,0,0,Linear,Scalar
Aux003AntiFbNotchQ004,1,3,4,,,Anti-feedback notch filter Q (bandwidth),4474,iior,33,,,,,,,,,,0=1/127=20/[Log],,,,,2,1,256,0x0100,,,,-,InstantCtl,Instant,0,0,Linear,Scalar
Aux003AntiFbNotchQ005,1,3,5,,,Anti-feedback notch filter Q (bandwidth),4475,iios,33,,,,,,,,,,0=1/127=20/[Log],,,,,2,1,257,0x0101,,,,-,InstantCtl,Instant,0,0,Linear,Scalar
Aux003AntiFbNotchQ006,1,3,6,,,Anti-feedback notch filter Q (bandwidth),4476,iiot,33,,,,,,,,,,0=1/127=20/[Log],,,,,2,1,258,0x0102,,,,-,InstantCtl,Instant,0,0,Linear,Scalar
Aux004AntiFbNotchQ001,1,4,1,,,Anti-feedback notch filter Q (bandwidth),4477,iiou,33,,,,,,,,,,0=1/127=20/[Log],,,,,2,1,343,0x0157,,,,-,InstantCtl,Instant,0,0,Linear,Scalar
Aux004AntiFbNotchQ002,1,4,2,,,Anti-feedback notch filter Q (bandwidth),4478,iiov,33,,,,,,,,,,0=1/127=20/[Log],,,,,2,1,344,0x0158,,,,-,InstantCtl,Instant,0,0,Linear,Scalar
Aux004AntiFbNotchQ003,1,4,3,,,Anti-feedback notch filter Q (bandwidth),4479,iiow,33,,,,,,,,,,0=1/127=20/[Log],,,,,2,1,345,0x0159,,,,-,InstantCtl,Instant,0,0,Linear,Scalar
Aux004AntiFbNotchQ004,1,4,4,,,Anti-feedback notch filter Q (bandwidth),4480,iiph,33,,,,,,,,,,0=1/127=20/[Log],,,,,2,1,346,0x015A,,,,-,InstantCtl,Instant,0,0,Linear,Scalar
Aux004AntiFbNotchQ005,1,4,5,,,Anti-feedback notch filter Q (bandwidth),4481,iipi,33,,,,,,,,,,0=1/127=20/[Log],,,,,2,1,347,0x015B,,,,-,InstantCtl,Instant,0,0,Linear,Scalar
Aux004AntiFbNotchQ006,1,4,6,,,Anti-feedback notch filter Q (bandwidth),4482,iipj,33,,,,,,,,,,0=1/127=20/[Log],,,,,2,1,348,0x015C,,,,-,InstantCtl,Instant,0,0,Linear,Scalar
Aux005AntiFbNotchQ001,1,5,1,,,Anti-feedback notch filter Q (bandwidth),4483,iipk,33,,,,,,,,,,0=1/127=20/[Log],,,,,2,1,433,0x01B1,,,,-,InstantCtl,Instant,0,0,Linear,Scalar
Aux005AntiFbNotchQ002,1,5,2,,,Anti-feedback notch filter Q (bandwidth),4484,iipl,33,,,,,,,,,,0=1/127=20/[Log],,,,,2,1,434,0x01B2,,,,-,InstantCtl,Instant,0,0,Linear,Scalar
Aux005AntiFbNotchQ003,1,5,3,,,Anti-feedback notch filter Q (bandwidth),4485,iipm,33,,,,,,,,,,0=1/127=20/[Log],,,,,2,1,435,0x01B3,,,,-,InstantCtl,Instant,0,0,Linear,Scalar
Aux005AntiFbNotchQ004,1,5,4,,,Anti-feedback notch filter Q (bandwidth),4486,iipn,33,,,,,,,,,,0=1/127=20/[Log],,,,,2,1,436,0x01B4,,,,-,InstantCtl,Instant,0,0,Linear,Scalar
Aux005AntiFbNotchQ005,1,5,5,,,Anti-feedback notch filter Q (bandwidth),4487,iipo,33,,,,,,,,,,0=1/127=20/[Log],,,,,2,1,437,0x01B5,,,,-,InstantCtl,Instant,0,0,Linear,Scalar
Aux005AntiFbNotchQ006,1,5,6,,,Anti-feedback notch filter Q (bandwidth),4488,iipp,33,,,,,,,,,,0=1/127=20/[Log],,,,,2,1,438,0x01B6,,,,-,InstantCtl,Instant,0,0,Linear,Scalar
Aux006AntiFbNotchQ001,1,6,1,,,Anti-feedback notch filter Q (bandwidth),4489,iipq,33,,,,,,,,,,0=1/127=20/[Log],,,,,2,1,523,0x020B,,,,-,InstantCtl,Instant,0,0,Linear,Scalar
Aux006AntiFbNotchQ002,1,6,2,,,Anti-feedback notch filter Q (bandwidth),4490,iipr,33,,,,,,,,,,0=1/127=20/[Log],,,,,2,1,524,0x020C,,,,-,InstantCtl,Instant,0,0,Linear,Scalar
Aux006AntiFbNotchQ003,1,6,3,,,Anti-feedback notch filter Q (bandwidth),4491,iips,33,,,,,,,,,,0=1/127=20/[Log],,,,,2,1,525,0x020D,,,,-,InstantCtl,Instant,0,0,Linear,Scalar
Aux006AntiFbNotchQ004,1,6,4,,,Anti-feedback notch filter Q (bandwidth),4492,iipt,33,,,,,,,,,,0=1/127=20/[Log],,,,,2,1,526,0x020E,,,,-,InstantCtl,Instant,0,0,Linear,Scalar
Aux006AntiFbNotchQ005,1,6,5,,,Anti-feedback notch filter Q (bandwidth),4493,iipu,33,,,,,,,,,,0=1/127=20/[Log],,,,,2,1,527,0x020F,,,,-,InstantCtl,Instant,0,0,Linear,Scalar
Aux006AntiFbNotchQ006,1,6,6,,,Anti-feedback notch filter Q (bandwidth),4494,iipv,33,,,,,,,,,,0=1/127=20/[Log],,,,,2,1,528,0x0210,,,,-,InstantCtl,Instant,0,0,Linear,Scalar
Aux007AntiFbNotchQ001,1,7,1,,,Anti-feedback notch filter Q (bandwidth),4495,iipw,33,,,,,,,,,,0=1/127=20/[Log],,,,,2,1,613,0x0265,,,,-,InstantCtl,Instant,0,0,Linear,Scalar
Aux007AntiFbNotchQ002,1,7,2,,,Anti-feedback notch filter Q (bandwidth),4496,iiqh,33,,,,,,,,,,0=1/127=20/[Log],,,,,2,1,614,0x0266,,,,-,InstantCtl,Instant,0,0,Linear,Scalar
Aux007AntiFbNotchQ003,1,7,3,,,Anti-feedback notch filter Q (bandwidth),4497,iiqi,33,,,,,,,,,,0=1/127=20/[Log],,,,,2,1,615,0x0267,,,,-,InstantCtl,Instant,0,0,Linear,Scalar
Aux007AntiFbNotchQ004,1,7,4,,,Anti-feedback notch filter Q (bandwidth),4498,iiqj,33,,,,,,,,,,0=1/127=20/[Log],,,,,2,1,616,0x0268,,,,-,InstantCtl,Instant,0,0,Linear,Scalar
Aux007AntiFbNotchQ005,1,7,5,,,Anti-feedback notch filter Q (bandwidth),4499,iiqk,33,,,,,,,,,,0=1/127=20/[Log],,,,,2,1,617,0x0269,,,,-,InstantCtl,Instant,0,0,Linear,Scalar
Aux007AntiFbNotchQ006,1,7,6,,,Anti-feedback notch filter Q (bandwidth),4500,iiql,33,,,,,,,,,,0=1/127=20/[Log],,,,,2,1,618,0x026A,,,,-,InstantCtl,Instant,0,0,Linear,Scalar
Aux008AntiFbNotchQ001,1,8,1,,,Anti-feedback notch filter Q (bandwidth),4501,iiqm,33,,,,,,,,,,0=1/127=20/[Log],,,,,2,1,703,0x02BF,,,,-,InstantCtl,Instant,0,0,Linear,Scalar
Aux008AntiFbNotchQ002,1,8,2,,,Anti-feedback notch filter Q (bandwidth),4502,iiqn,33,,,,,,,,,,0=1/127=20/[Log],,,,,2,1,704,0x02C0,,,,-,InstantCtl,Instant,0,0,Linear,Scalar
Aux008AntiFbNotchQ003,1,8,3,,,Anti-feedback notch filter Q (bandwidth),4503,iiqo,33,,,,,,,,,,0=1/127=20/[Log],,,,,2,1,705,0x02C1,,,,-,InstantCtl,Instant,0,0,Linear,Scalar
Aux008AntiFbNotchQ004,1,8,4,,,Anti-feedback notch filter Q (bandwidth),4504,iiqp,33,,,,,,,,,,0=1/127=20/[Log],,,,,2,1,706,0x02C2,,,,-,InstantCtl,Instant,0,0,Linear,Scalar
Aux008AntiFbNotchQ005,1,8,5,,,Anti-feedback notch filter Q (bandwidth),4505,iiqq,33,,,,,,,,,,0=1/127=20/[Log],,,,,2,1,707,0x02C3,,,,-,InstantCtl,Instant,0,0,Linear,Scalar
Aux008AntiFbNotchQ006,1,8,6,,,Anti-feedback notch filter Q (bandwidth),4506,iiqr,33,,,,,,,,,,0=1/127=20/[Log],,,,,2,1,708,0x02C4,,,,-,InstantCtl,Instant,0,0,Linear,Scalar
Aux001AntiFbOn001,1,1,1,,,Anti-feedback system on/off per aux path,4507,iiqs,2,,,,,,,,,,,,,,,2,1,59,0x003B,,,,0,InstantCtl,Instant,0,0,Linear,Scalar
Aux002AntiFbOn001,1,2,1,,,Anti-feedback system on/off per aux path,4508,iiqt,2,,,,,,,,,,,,,,,2,1,149,0x0095,,,,0,InstantCtl,Instant,0,0,Linear,Scalar
Aux003AntiFbOn001,1,3,1,,,Anti-feedback system on/off per aux path,4509,iiqu,2,,,,,,,,,,,,,,,2,1,239,0x00EF,,,,0,InstantCtl,Instant,0,0,Linear,Scalar
Aux004AntiFbOn001,1,4,1,,,Anti-feedback system on/off per aux path,4510,iiqv,2,,,,,,,,,,,,,,,2,1,329,0x0149,,,,0,InstantCtl,Instant,0,0,Linear,Scalar
Aux005AntiFbOn001,1,5,1,,,Anti-feedback system on/off per aux path,4511,iiqw,2,,,,,,,,,,,,,,,2,1,419,0x01A3,,,,0,InstantCtl,Instant,0,0,Linear,Scalar
Aux006AntiFbOn001,1,6,1,,,Anti-feedback system on/off per aux path,4512,iirh,2,,,,,,,,,,,,,,,2,1,509,0x01FD,,,,0,InstantCtl,Instant,0,0,Linear,Scalar
Aux007AntiFbOn001,1,7,1,,,Anti-feedback system on/off per aux path,4513,iiri,2,,,,,,,,,,,,,,,2,1,599,0x0257,,,,0,InstantCtl,Instant,0,0,Linear,Scalar
Aux008AntiFbOn001,1,8,1,,,Anti-feedback system on/off per aux path,4514,iirj,2,,,,,,,,,,,,,,,2,1,689,0x02B1,,,,0,InstantCtl,Instant,0,0,Linear,Scalar
Talk001Hpf001,1,1,1,,,Talkback mic high-pass filter on/off at a fixed 100 Hz (restated by PW ruling D13 2026-09-28),4515,iirk,2,,,,,,,,,,,,,,,1,1,4738,0x1282,,,,0,InstantCtl,Instant,0,0,Linear,Scalar
Talk001On001,1,1,1,,,Talkback mic on/off,4516,iirl,2,,,,,,,,,,,,,,,1,1,4736,0x1280,,,,0,InstantCtl,Instant,0,0,Linear,Scalar
Talk001Dest001,1,1,1,,,Talkback routing to aux/main,4517,iirm,1,,,,,,,,,,,,,,,1,1,4739,0x1283,,,,0,InstantCtl,Instant,0,0,Linear,Scalar
Talk001Dest002,1,1,2,,,Talkback routing to aux/main,4518,iirn,1,,,,,,,,,,,,,,,,,,,,,,0,,,,,,
Talk001Dest003,1,1,3,,,Talkback routing to aux/main,4519,iiro,1,,,,,,,,,,,,,,,,,,,,,,0,,,,,,
Talk001Gain001,1,1,1,,,Talkback mic input gain,4520,iirp,65,,,,,,,,,,0=0/127=40/[Lin],,,,,1,1,4737,0x1281,,,,,GainFast,Slew,3,8,Exp,Scalar
Talk002Gain001,1,2,1,,,Talkback mic input gain,4521,iirq,65,,,,,,,,,,0=0/127=40/[Lin],,,,,1,1,4741,0x1285,,,,,GainFast,Slew,3,8,Exp,Scalar
Talk002Hpf001,1,2,1,,false,Talkback mic 2 high-pass filter on/off at a fixed 100 Hz (restated by PW ruling D13 2026-09-28),4522,iirr,2,,,,,,,,,,,,,,,1,1,4742,0x1286,,,,0,InstantCtl,Instant,0,0,Linear,Scalar
Talk002On001,1,2,1,,false,Talkback mic 2 on/off,4523,iirs,2,,,,,,,,,,,,,,,1,1,4740,0x1284,,,,0,InstantCtl,Instant,0,0,Linear,Scalar
Talk002Dest001,1,2,1,,false,Talkback mic 2 routing to aux/main,4524,iirt,1,,,,,,,,,,,,,,,1,1,4743,0x1287,,,,0,InstantCtl,Instant,0,0,Linear,Scalar
Talk002Dest002,1,2,2,,false,Talkback mic 2 routing to aux/main,4525,iiru,1,,,,,,,,,,,,,,,,,,,,,,0,,,,,,
Talk002Dest003,1,2,3,,false,Talkback mic 2 routing to aux/main,4526,iirv,1,,,,,,,,,,,,,,,,,,,,,,0,,,,,,
Test001CaptureArm001,1,1,1,true,false,Capture MeasChan post-fader samples (count),4527,iirw,255,,,,,,,,,,,,,,,1,1,4981,0x1375,,,,-,InstantCtl,Instant,0,0,Linear,Scalar
Test001CaptureReady001,1,1,1,true,false,Read-back: samples captured,4528,iish,255,,,,,,,,,,,,,,,1,1,4982,0x1376,,,,-,,Instant,0,0,Linear,Scalar
Test001MeasChan001,1,1,1,true,false,Select channel for RMS/THD measurement,4529,iisi,33,,,,,,,,,,,,,,,1,1,4967,0x1367,,,,-,InstantCtl,Instant,0,0,Linear,Scalar
Test001NoiseResult001,1,1,1,true,false,Read-back: noise floor,4530,iisj,255,,,,,,,,,,,,,,,1,1,4970,0x136A,,,,-,,Instant,0,0,Linear,Scalar
Test001OscChan001,1,1,1,true,false,Oscillator target channel (0=all),4531,iisk,33,,,,,,,,,,,,,,,1,1,4978,0x1372,,,,-,InstantCtl,Instant,0,0,Linear,Scalar
Test001OscFreq001,1,1,1,true,false,Oscillator frequency 20Hz-20kHz,4532,iisl,255,,,,,,,,,,0=20/127=20000/[Log],,,,,1,1,4976,0x1370,,,,-,InstantCtl,Instant,0,0,Linear,Scalar
Test001OscLevel001,1,1,1,true,false,Oscillator output level dBFS,4533,iism,61,,,,,,,,,,0=-60/127=0/[Lin],,,,,1,1,4977,0x1371,,,,-,InstantCtl,Instant,0,0,Linear,Scalar
Test001OscOn001,1,1,1,true,false,Precision sine oscillator enable,4534,iisn,2,,,,,,,,,,,,,,,1,1,4975,0x136F,,,,-,InstantCtl,Instant,0,0,Linear,Scalar
Test001RmsResult001,1,1,1,true,false,Read-back: RMS level,4535,iiso,255,,,,,,,,,,,,,,,1,1,4968,0x1368,,,,-,,Instant,0,0,Linear,Scalar
Test001SweepOn001,1,1,1,true,false,"Periodic log sine sweep (chirp) 20Hz-20kHz on OscChan at OscLevel; needs OscOn; 0 = tone, 1 = chirp",4536,iisp,2,,,,,,,,,,,,,,,1,1,4979,0x1373,,,,-,InstantCtl,Instant,0,0,Linear,Scalar
Test001SweepStep001,1,1,1,true,false,Chirp period in units of 1024 samples; 0 = 16 (16384 samples = one capture),4537,iisq,255,,,,,,,,,,,,,,,1,1,4980,0x1374,,,,-,InstantCtl,Instant,0,0,Linear,Scalar
Test001ThdResult001,1,1,1,true,false,Read-back: THD+N ratio,4538,iisr,255,,,,,,,,,,,,,,,1,1,4969,0x1369,,,,-,,Instant,0,0,Linear,Scalar
Test001XtalkDst001,1,1,1,true,false,Crosstalk destination channel,4539,iiss,33,,,,,,,,,,,,,,,1,1,4972,0x136C,,,,-,InstantCtl,Instant,0,0,Linear,Scalar
Test001XtalkResult001,1,1,1,true,false,Read-back: crosstalk level dB,4540,iist,255,,,,,,,,,,,,,,,1,1,4973,0x136D,,,,-,,Instant,0,0,Linear,Scalar
Test001XtalkSrc001,1,1,1,true,false,Crosstalk source channel,4541,iisu,33,,,,,,,,,,,,,,,1,1,4971,0x136B,,,,-,InstantCtl,Instant,0,0,Linear,Scalar
Usb001On001,1,1,1,,false,USB audio input on/off,4542,iisv,2,,,,,,,,,,,,,,,2,1,1798,0x0706,,,,1,InstantCtl,Instant,0,0,Linear,Scalar
Usb001Level001,1,1,1,,false,USB audio input level,4543,iisw,255,,,,,,,,,,0=-20/127=6/[Lin],,,,,2,1,1797,0x0705,,,,,GainFast,Slew,3,8,Exp,Scalar
Aux001Name001,16,1,1,,,Aux output channel name,4544,iith,1,,,,,,,,,,,,,,,,,,,,,,-,,,,,,
Aux002Name001,16,2,1,,,Aux output channel name,4545,iiti,1,,,,,,,,,,,,,,,,,,,,,,-,,,,,,
Aux003Name001,16,3,1,,,Aux output channel name,4546,iitj,1,,,,,,,,,,,,,,,,,,,,,,-,,,,,,
Aux004Name001,16,4,1,,,Aux output channel name,4547,iitk,1,,,,,,,,,,,,,,,,,,,,,,-,,,,,,
Aux005Name001,16,5,1,,,Aux output channel name,4548,iitl,1,,,,,,,,,,,,,,,,,,,,,,-,,,,,,
Aux006Name001,16,6,1,,,Aux output channel name,4549,iitm,1,,,,,,,,,,,,,,,,,,,,,,-,,,,,,
Aux007Name001,16,7,1,,,Aux output channel name,4550,iitn,1,,,,,,,,,,,,,,,,,,,,,,-,,,,,,
Aux008Name001,16,8,1,,,Aux output channel name,4551,iito,1,,,,,,,,,,,,,,,,,,,,,,-,,,,,,
Chan001Name001,16,1,1,,,Input channel name/label,4552,iitp,1,,,,,,,,,,,,,,,,,,,,Kick,,-,,,,,,
Chan002Name001,16,2,1,,,Input channel name/label,4553,iitq,1,,,,,,,,,,,,,,,,,,,,Snare Top,,-,,,,,,
Chan003Name001,16,3,1,,,Input channel name/label,4554,iitr,1,,,,,,,,,,,,,,,,,,,,Snare Bot,,-,,,,,,
Chan004Name001,16,4,1,,,Input channel name/label,4555,iits,1,,,,,,,,,,,,,,,,,,,,Hihat,,-,,,,,,
Chan005Name001,16,5,1,,,Input channel name/label,4556,iitt,1,,,,,,,,,,,,,,,,,,,,Ride,,-,,,,,,
Chan006Name001,16,6,1,,,Input channel name/label,4557,iitu,1,,,,,,,,,,,,,,,,,,,,Floor Tom,,-,,,,,,
Chan007Name001,16,7,1,,,Input channel name/label,4558,iitv,1,,,,,,,,,,,,,,,,,,,,Mid Toms,,-,,,,,,
Chan008Name001,16,8,1,,,Input channel name/label,4559,iitw,1,,,,,,,,,,,,,,,,,,,,OH Left,,-,,,,,,
Chan009Name001,16,9,1,,,Input channel name/label,4560,iiuh,1,,,,,,,,,,,,,,,,,,,,OH Right,,-,,,,,,
Chan010Name001,16,10,1,,,Input channel name/label,4561,iiui,1,,,,,,,,,,,,,,,,,,,,Bass,,-,,,,,,
Chan011Name001,16,11,1,,,Input channel name/label,4562,iiuj,1,,,,,,,,,,,,,,,,,,,,E Gtr 1,,-,,,,,,
Chan012Name001,16,12,1,,,Input channel name/label,4563,iiuk,1,,,,,,,,,,,,,,,,,,,,E Gtr 2,,-,,,,,,
Chan013Name001,16,13,1,,,Input channel name/label,4564,iiul,1,,,,,,,,,,,,,,,,,,,,Ac Gtr,,-,,,,,,
Chan014Name001,16,14,1,,,Input channel name/label,4565,iium,1,,,,,,,,,,,,,,,,,,,,Mando 1,,-,,,,,,
Chan015Name001,16,15,1,,,Input channel name/label,4566,iiun,1,,,,,,,,,,,,,,,,,,,,Mando 2,,-,,,,,,
Chan016Name001,16,16,1,,,Input channel name/label,4567,iiuo,1,,,,,,,,,,,,,,,,,,,,Mando 3,,-,,,,,,
Chan017Name001,16,17,1,,,Input channel name/label,4568,iiup,1,,,,,,,,,,,,,,,,,,,,Mando 4,,-,,,,,,
Chan018Name001,16,18,1,,,Input channel name/label,4569,iiuq,1,,,,,,,,,,,,,,,,,,,,Mando 5,,-,,,,,,
Chan019Name001,16,19,1,,,Input channel name/label,4570,iiur,1,,,,,,,,,,,,,,,,,,,,Mando 6,,-,,,,,,
Chan020Name001,16,20,1,,,Input channel name/label,4571,iius,1,,,,,,,,,,,,,,,,,,,,Mando 7,,-,,,,,,
Chan021Name001,16,21,1,,,Input channel name/label,4572,iiut,1,,,,,,,,,,,,,,,,,,,,Main Vox,,-,,,,,,
Chan022Name001,16,22,1,,,Input channel name/label,4573,iiuu,1,,,,,,,,,,,,,,,,,,,,Back Vox,,-,,,,,,
Chan023Name001,16,23,1,,,Input channel name/label,4574,iiuv,1,,,,,,,,,,,,,,,,,,,,Strings V,,-,,,,,,
Chan024Name001,16,24,1,,,Input channel name/label,4575,iiuw,1,,,,,,,,,,,,,,,,,,,,Strings C,,-,,,,,,
Dca001Name001,16,1,1,,,DCA group name,4576,iivh,1,,,,,,,,,,,,,,,,,,,,,,-,,,,,,
Dca002Name001,16,2,1,,,DCA group name,4577,iivi,1,,,,,,,,,,,,,,,,,,,,,,-,,,,,,
Dca003Name001,16,3,1,,,DCA group name,4578,iivj,1,,,,,,,,,,,,,,,,,,,,,,-,,,,,,
Dca004Name001,16,4,1,,,DCA group name,4579,iivk,1,,,,,,,,,,,,,,,,,,,,,,-,,,,,,
Dca005Name001,16,5,1,,,DCA group name,4580,iivl,1,,,,,,,,,,,,,,,,,,,,,,-,,,,,,
Dca006Name001,16,6,1,,,DCA group name,4581,iivm,1,,,,,,,,,,,,,,,,,,,,,,-,,,,,,
Dca007Name001,16,7,1,,,DCA group name,4582,iivn,1,,,,,,,,,,,,,,,,,,,,,,-,,,,,,
Dca008Name001,16,8,1,,,DCA group name,4583,iivo,1,,,,,,,,,,,,,,,,,,,,,,-,,,,,,
Fx001Name001,16,1,1,,,FX channel name,4584,iivp,1,,,,,,,,,,,,,,,,,,,,,,-,,,,,,
Fx002Name001,16,2,1,,,FX channel name,4585,iivq,1,,,,,,,,,,,,,,,,,,,,,,-,,,,,,
Fx003Name001,16,3,1,,,FX channel name,4586,iivr,1,,,,,,,,,,,,,,,,,,,,,,-,,,,,,
Fx004Name001,16,4,1,,,FX channel name,4587,iivs,1,,,,,,,,,,,,,,,,,,,,,,-,,,,,,
Fx005Name001,16,5,1,,,FX channel name,4588,iivt,1,,,,,,,,,,,,,,,,,,,,,,-,,,,,,
Fx006Name001,16,6,1,,,FX channel name,4589,iivu,1,,,,,,,,,,,,,,,,,,,,,,-,,,,,,
Grp001Name001,16,1,1,,,Group name,4590,iivv,1,,,,,,,,,,,,,,,,,,,,,,-,,,,,,
Grp002Name001,16,2,1,,,Group name,4591,iivw,1,,,,,,,,,,,,,,,,,,,,,,-,,,,,,
Grp003Name001,16,3,1,,,Group name,4592,iiwh,1,,,,,,,,,,,,,,,,,,,,,,-,,,,,,
Grp004Name001,16,4,1,,,Group name,4593,iiwi,1,,,,,,,,,,,,,,,,,,,,,,-,,,,,,
MainSub001Name001,16,1,1,,,Subwoofer name,4594,iiwj,1,,,,,,,,,,,,,,,,,,,,,,-,,,,,,
MainSub001CrossoverFreq001,1,1,1,,,Woof LPF crossover frequency: applies when Main CrossoverLink = 0 (UNLINK); linked it follows Main CrossoverFreq (PW ruling D5 2026-09-28),4595,iiwk,255,,,,,,,,MainCrossover,,0=50/127=500/[Log],,,,,2,1,2364,0x093C,,,,-,EqSafe,LinearFrames,12,12,Linear,CoeffSetAtomic
MainSub001CrossoverSlope001,1,1,1,,,Woof LPF crossover slope 6/12/18/24 dB/oct (codes 0-3): applies when Main CrossoverLink = 0 (UNLINK); linked it follows Main CrossoverSlope (PW ruling D5 2026-09-28; the old HPF 36/48 dB/oct note never matched the table),4596,iiwl,4,,,,,,,,MainCrossover,,0=6/3=24/[Lin],,,,,2,1,2365,0x093D,,,,-,InstantCtl,Instant,0,0,Linear,Scalar
MainSub001LimiterRng001,1,1,1,,,Subwoofer output limiter range/depth,4597,iiwm,33,,,,,,,,MainLimiter,,0=0/127=60/[Lin],,,,,,,,,,,,0,,,,,,
Main001Name001,16,1,1,,,Main L/R master name,4598,iiwn,1,,,,,,,,,,,,,,,,,,,,Master,,-,,,,,,
Main001Out3Mode001,1,1,1,,,Physical main output 3 carries MainCtr or MainSub (0=center 1=subwoofer),4599,iiwo,2,,,,,,,,,,,,,,,2,1,2400,0x0960,,,,-,InstantCtl,Instant,0,0,Linear,Scalar
MainCtr001EqFreq001,1,1,1,,,Center output 4-band parametric EQ frequency,4600,iiwp,255,127,,,,,,,MainEq,,0=20/254=200/[Log],,,,,2,1,1324,0x052C,,,,-,EqSafe,LinearFrames,12,12,Linear,CoeffSetAtomic
MainCtr001EqFreq002,1,1,2,,,Center output 4-band parametric EQ frequency,4601,iiwq,255,127,,,,,,,MainEq,,0=100/254=1000/[Log],,,,,2,1,1329,0x0531,,,,-,EqSafe,LinearFrames,12,12,Linear,CoeffSetAtomic
MainCtr001EqFreq003,1,1,3,,,Center output 4-band parametric EQ frequency,4602,iiwr,255,127,,,,,,,MainEq,,0=800/254=5000/[Log],,,,,2,1,1334,0x0536,,,,-,EqSafe,LinearFrames,12,12,Linear,CoeffSetAtomic
MainCtr001EqFreq004,1,1,4,,,Center output 4-band parametric EQ frequency,4603,iiws,255,127,,,,,,,MainEq,,0=3000/254=20000/[Log],,,,,2,1,1339,0x053B,,,,-,EqSafe,LinearFrames,12,12,Linear,CoeffSetAtomic
MainCtr001EqGain001,1,1,1,,,Center output 4-band parametric EQ gain ±15dB,4604,iiwt,121,60,,,,,,,MainEq,,0=-15/120=15/[Lin],,,,,2,1,1324,0x052C,,,,60,EqSafe,LinearFrames,12,12,Linear,CoeffSetAtomic
MainCtr001EqGain002,1,1,2,,,Center output 4-band parametric EQ gain ±15dB,4605,iiwu,121,60,,,,,,,MainEq,,0=-15/120=15/[Lin],,,,,2,1,1329,0x0531,,,,60,EqSafe,LinearFrames,12,12,Linear,CoeffSetAtomic
MainCtr001EqGain003,1,1,3,,,Center output 4-band parametric EQ gain ±15dB,4606,iiwv,121,60,,,,,,,MainEq,,0=-15/120=15/[Lin],,,,,2,1,1334,0x0536,,,,60,EqSafe,LinearFrames,12,12,Linear,CoeffSetAtomic
MainCtr001EqGain004,1,1,4,,,Center output 4-band parametric EQ gain ±15dB,4607,iiww,121,60,,,,,,,MainEq,,0=-15/120=15/[Lin],,,,,2,1,1339,0x053B,,,,60,EqSafe,LinearFrames,12,12,Linear,CoeffSetAtomic
MainCtr001EqHpf001,1,1,1,,,Center output high-pass filter frequency,4608,ijhh,65,32,,,,,,,MainEq,,0=20/64=1000/[Log],,,,,2,1,1324,0x052C,,,,0,EqSafe,LinearFrames,12,12,Linear,CoeffSetAtomic
MainCtr001EqHpf002,1,1,2,,,Center output high-pass filter frequency,4609,ijhi,65,32,,,,,,,MainEq,,0=20/64=1000/[Log],,,,,2,1,1329,0x0531,,,,0,EqSafe,LinearFrames,12,12,Linear,CoeffSetAtomic
MainCtr001EqHpf003,1,1,3,,,Center output high-pass filter frequency,4610,ijhj,65,32,,,,,,,MainEq,,0=20/64=1000/[Log],,,,,2,1,1334,0x0536,,,,0,EqSafe,LinearFrames,12,12,Linear,CoeffSetAtomic
MainCtr001EqHpf004,1,1,4,,,Center output high-pass filter frequency,4611,ijhk,65,32,,,,,,,MainEq,,0=20/64=1000/[Log],,,,,2,1,1339,0x053B,,,,0,EqSafe,LinearFrames,12,12,Linear,CoeffSetAtomic
MainCtr001EqOn001,1,1,1,,,Center output EQ on/off,4612,ijhl,2,,,,,,,,MainEq,,,,,,,2,1,1345,0x0541,,,,0,InstantCtl,Instant,0,0,Linear,Scalar
MainCtr001EqQ001,1,1,1,,,Center output 4-band parametric EQ Q/bandwidth,4613,ijhm,121,60,,,,,,,MainEq,,0=0.1/120=10/[Log],,,,,2,1,1324,0x052C,,,,-,EqSafe,LinearFrames,12,12,Linear,CoeffSetAtomic
MainCtr001EqQ002,1,1,2,,,Center output 4-band parametric EQ Q/bandwidth,4614,ijhn,121,60,,,,,,,MainEq,,0=0.1/120=10/[Log],,,,,2,1,1329,0x0531,,,,-,EqSafe,LinearFrames,12,12,Linear,CoeffSetAtomic
MainCtr001EqQ003,1,1,3,,,Center output 4-band parametric EQ Q/bandwidth,4615,ijho,121,60,,,,,,,MainEq,,0=0.1/120=10/[Log],,,,,2,1,1334,0x0536,,,,-,EqSafe,LinearFrames,12,12,Linear,CoeffSetAtomic
MainCtr001EqQ004,1,1,4,,,Center output 4-band parametric EQ Q/bandwidth,4616,ijhp,121,60,,,,,,,MainEq,,0=0.1/120=10/[Log],,,,,2,1,1339,0x053B,,,,-,EqSafe,LinearFrames,12,12,Linear,CoeffSetAtomic
MainCtr001EqShelf001,1,1,1,,,Center output EQ bands 1/4 shelf mode on/off,4617,ijhq,2,,,,,,,,MainEq,,,,,,,2,1,1324,0x052C,,,,-,InstantCtl,Instant,0,0,Linear,Scalar
MainCtr001EqShelf002,1,1,2,,,Center output EQ bands 1/4 shelf mode on/off,4618,ijhr,2,,,,,,,,MainEq,,,,,,,2,1,1339,0x053B,,,,-,InstantCtl,Instant,0,0,Linear,Scalar
MainCtr001LimiterAtt001,1,1,1,,,Center output limiter attack,4619,ijhs,33,,,,,,,,MainLimiter,,0=0.1/127=100/[Log],,,,,2,1,1366,0x0556,,,,-,DynSafe,LinearFrames,6,20,Exp,Scalar
MainCtr001LimiterOn001,1,1,1,,,Center output limiter on/off,4620,ijht,2,,,,,,,,MainLimiter,,,,,,,2,1,1364,0x0554,,,,0,InstantCtl,Instant,0,0,Linear,Scalar
MainCtr001LimiterRel001,1,1,1,,,Center output limiter release,4621,ijhu,33,,,,,,,,MainLimiter,,0=5/127=2000/[Log],,,,,2,1,1367,0x0557,,,,-,DynSafe,LinearFrames,6,20,Exp,Scalar
MainCtr001LimiterRng001,1,1,1,,,Center output limiter range/depth,4622,ijhv,33,,,,,,,,MainLimiter,,0=0/127=60/[Lin],,,,,,,,,,,,0,,,,,,
MainCtr001LimiterThr001,1,1,1,,,Center output limiter threshold,4623,ijhw,33,,,,,,,,MainLimiter,,0=-30/127=0/[Lin],,,,,2,1,1365,0x0555,,,,32,DynSafe,LinearFrames,6,20,Exp,Scalar
MainCtr001PeqGain001,1,1,1,,,Center output 28-band graphic EQ gain,4624,ijih,65,32,,,,,,,,,0=-12/127=12/[Lin],,,,,,,,,,,,32,,,,,,
MainCtr001PeqGain002,1,1,2,,,Center output 28-band graphic EQ gain,4625,ijii,65,32,,,,,,,,,0=-12/127=12/[Lin],,,,,,,,,,,,32,,,,,,
MainCtr001PeqGain003,1,1,3,,,Center output 28-band graphic EQ gain,4626,ijij,65,32,,,,,,,,,0=-12/127=12/[Lin],,,,,,,,,,,,32,,,,,,
MainCtr001PeqGain004,1,1,4,,,Center output 28-band graphic EQ gain,4627,ijik,65,32,,,,,,,,,0=-12/127=12/[Lin],,,,,,,,,,,,32,,,,,,
MainCtr001PeqGain005,1,1,5,,,Center output 28-band graphic EQ gain,4628,ijil,65,32,,,,,,,,,0=-12/127=12/[Lin],,,,,,,,,,,,32,,,,,,
MainCtr001PeqGain006,1,1,6,,,Center output 28-band graphic EQ gain,4629,ijim,65,32,,,,,,,,,0=-12/127=12/[Lin],,,,,,,,,,,,32,,,,,,
MainCtr001PeqGain007,1,1,7,,,Center output 28-band graphic EQ gain,4630,ijin,65,32,,,,,,,,,0=-12/127=12/[Lin],,,,,,,,,,,,32,,,,,,
MainCtr001PeqGain008,1,1,8,,,Center output 28-band graphic EQ gain,4631,ijio,65,32,,,,,,,,,0=-12/127=12/[Lin],,,,,,,,,,,,32,,,,,,
MainCtr001PeqGain009,1,1,9,,,Center output 28-band graphic EQ gain,4632,ijip,65,32,,,,,,,,,0=-12/127=12/[Lin],,,,,,,,,,,,32,,,,,,
MainCtr001PeqGain010,1,1,10,,,Center output 28-band graphic EQ gain,4633,ijiq,65,32,,,,,,,,,0=-12/127=12/[Lin],,,,,,,,,,,,32,,,,,,
MainCtr001PeqGain011,1,1,11,,,Center output 28-band graphic EQ gain,4634,ijir,65,32,,,,,,,,,0=-12/127=12/[Lin],,,,,,,,,,,,32,,,,,,
MainCtr001PeqGain012,1,1,12,,,Center output 28-band graphic EQ gain,4635,ijis,65,32,,,,,,,,,0=-12/127=12/[Lin],,,,,,,,,,,,32,,,,,,
MainCtr001Dca001,1,1,1,,,Center output DCA assignment (1-8 or off),4636,ijit,9,,,,,,,,,,,,,,,,,,,,,,0,,,,,,
MainCtr001DcaOn001,1,1,1,,,DCA follow on/off (assignment kept while off),4637,ijiu,2,,,,,,,,,,,,,,,,,,,,,,0,,,,,,
MainCtr001Level001,1,1,1,,,Center output master level,4638,ijiv,255,,,,,,,,,,dB:Off:-50@31:-30@63:-10@127:10,,,,,2,1,1320,0x0528,,,,190,GainFast,Slew,3,8,Exp,Scalar
MainCtr001Name001,1,1,1,,,Center output name,4639,ijiw,255,,,,,,,,,,,,,,,,,,,,,,-,,,,,,
Sys001SwUpd001,1,1,1,,false,Software updater open/close SW button,4640,ijjh,2,,,,,,,,,,,,,,,,,,,,,,-,,,,,,
Usb001HostSync001,1,1,1,true,false,Read-back: computer follows this card clock (0=unknown 1=yes 2=no - recording refused),4641,ijji,3,,,,,,,,,,,,,,,,,,,,,,-,,,,,,
Usb001HostSyncWhy001,1,1,1,true,false,Read-back: why sync refused (0=none 1=nopoll 2=slope-retired 3=fill 4=bench 5=drift),4642,ijjj,6,,,,,,,,,,,,,,,,,,,,,,-,,,,,,
Sys001SwLeft001,1,1,1,,false,LEFT switch panel radio group. WRITE lights the one indicator whose radio index equals the value and extinguishes the others; READ carries the pressed button's index. The counterpart of Sys001Skin001 which the panel firmware uses for the RIGHT panel: before this cell existed both boards decoded Sys001Skin001 and the left board's indices 1-6 aliased the right board's HOME..FX MUTE so a press on either arrived identically and no test could tell them apart (S120-1 / PW ruling (a) 2026-09-27),4643,ijjk,255,,,,,,,,,,,,,,,,,,,,,,-,,,,,,
Sys001SwTalk001,1,1,1,,false,Console talkback button and its two indicators on the RIGHT switch panel (TB_SW / TB_LED0 / TB_LED1 through H1S3; before this cell they passed through the panel processor with no matrix cell bound at all so the host could neither read the switch nor light the indicators - catalog row 92 NOT TESTED). WRITE is the two-indicator mask: bit0 = TB_LED0 bit1 = TB_LED1 so 0 = both dark 3 = both lit. READ is the switch: 1 while it is held 0 when it is released and both edges are reported. The write and the read carry different meanings on one cell exactly as Sys001Skin001 does (PW ruling / S129 addendum 7 2026-09-27),4644,ijjl,4,,,,,,,,,,,,,,,,,,,,,,-,,,,,,
Sys001SelectedFx001,1,1,1,,false,Selected FX for rebindable skins (UI state: which FX slot the FX-prefix rebindable controls follow; value = FX number; PW ruling 2026-09-28),4645,ijjm,8,,,,,,,,,,,,,,,,,,,,,,-,,,,,,
Chan001DynMtr001,1,1,1,,false,Channel combined dynamics meter = gate + comp gain reduction (sum of Chan GateMtr001 + CompMtr001 bytes clamped to 80) for skins that show one dynamics meter. HOST-DERIVED: the app computes it from the two meters it already receives; never sent to or from the DSP and not on any wire (PW ruling 2026-09-28),4646,ijjn,80,,,,,,,,,,,,,,,,,,,,,,-,,,,,,
Chan002DynMtr001,1,2,1,,false,Channel combined dynamics meter = gate + comp gain reduction (sum of Chan GateMtr001 + CompMtr001 bytes clamped to 80) for skins that show one dynamics meter. HOST-DERIVED: the app computes it from the two meters it already receives; never sent to or from the DSP and not on any wire (PW ruling 2026-09-28),4647,ijjo,80,,,,,,,,,,,,,,,,,,,,,,-,,,,,,
Chan003DynMtr001,1,3,1,,false,Channel combined dynamics meter = gate + comp gain reduction (sum of Chan GateMtr001 + CompMtr001 bytes clamped to 80) for skins that show one dynamics meter. HOST-DERIVED: the app computes it from the two meters it already receives; never sent to or from the DSP and not on any wire (PW ruling 2026-09-28),4648,ijjp,80,,,,,,,,,,,,,,,,,,,,,,-,,,,,,
Chan004DynMtr001,1,4,1,,false,Channel combined dynamics meter = gate + comp gain reduction (sum of Chan GateMtr001 + CompMtr001 bytes clamped to 80) for skins that show one dynamics meter. HOST-DERIVED: the app computes it from the two meters it already receives; never sent to or from the DSP and not on any wire (PW ruling 2026-09-28),4649,ijjq,80,,,,,,,,,,,,,,,,,,,,,,-,,,,,,
Chan005DynMtr001,1,5,1,,false,Channel combined dynamics meter = gate + comp gain reduction (sum of Chan GateMtr001 + CompMtr001 bytes clamped to 80) for skins that show one dynamics meter. HOST-DERIVED: the app computes it from the two meters it already receives; never sent to or from the DSP and not on any wire (PW ruling 2026-09-28),4650,ijjr,80,,,,,,,,,,,,,,,,,,,,,,-,,,,,,
Chan006DynMtr001,1,6,1,,false,Channel combined dynamics meter = gate + comp gain reduction (sum of Chan GateMtr001 + CompMtr001 bytes clamped to 80) for skins that show one dynamics meter. HOST-DERIVED: the app computes it from the two meters it already receives; never sent to or from the DSP and not on any wire (PW ruling 2026-09-28),4651,ijjs,80,,,,,,,,,,,,,,,,,,,,,,-,,,,,,
Chan007DynMtr001,1,7,1,,false,Channel combined dynamics meter = gate + comp gain reduction (sum of Chan GateMtr001 + CompMtr001 bytes clamped to 80) for skins that show one dynamics meter. HOST-DERIVED: the app computes it from the two meters it already receives; never sent to or from the DSP and not on any wire (PW ruling 2026-09-28),4652,ijjt,80,,,,,,,,,,,,,,,,,,,,,,-,,,,,,
Chan008DynMtr001,1,8,1,,false,Channel combined dynamics meter = gate + comp gain reduction (sum of Chan GateMtr001 + CompMtr001 bytes clamped to 80) for skins that show one dynamics meter. HOST-DERIVED: the app computes it from the two meters it already receives; never sent to or from the DSP and not on any wire (PW ruling 2026-09-28),4653,ijju,80,,,,,,,,,,,,,,,,,,,,,,-,,,,,,
Chan009DynMtr001,1,9,1,,false,Channel combined dynamics meter = gate + comp gain reduction (sum of Chan GateMtr001 + CompMtr001 bytes clamped to 80) for skins that show one dynamics meter. HOST-DERIVED: the app computes it from the two meters it already receives; never sent to or from the DSP and not on any wire (PW ruling 2026-09-28),4654,ijjv,80,,,,,,,,,,,,,,,,,,,,,,-,,,,,,
Chan010DynMtr001,1,10,1,,false,Channel combined dynamics meter = gate + comp gain reduction (sum of Chan GateMtr001 + CompMtr001 bytes clamped to 80) for skins that show one dynamics meter. HOST-DERIVED: the app computes it from the two meters it already receives; never sent to or from the DSP and not on any wire (PW ruling 2026-09-28),4655,ijjw,80,,,,,,,,,,,,,,,,,,,,,,-,,,,,,
Chan011DynMtr001,1,11,1,,false,Channel combined dynamics meter = gate + comp gain reduction (sum of Chan GateMtr001 + CompMtr001 bytes clamped to 80) for skins that show one dynamics meter. HOST-DERIVED: the app computes it from the two meters it already receives; never sent to or from the DSP and not on any wire (PW ruling 2026-09-28),4656,ijkh,80,,,,,,,,,,,,,,,,,,,,,,-,,,,,,
Chan012DynMtr001,1,12,1,,false,Channel combined dynamics meter = gate + comp gain reduction (sum of Chan GateMtr001 + CompMtr001 bytes clamped to 80) for skins that show one dynamics meter. HOST-DERIVED: the app computes it from the two meters it already receives; never sent to or from the DSP and not on any wire (PW ruling 2026-09-28),4657,ijki,80,,,,,,,,,,,,,,,,,,,,,,-,,,,,,
Chan013DynMtr001,1,13,1,,false,Channel combined dynamics meter = gate + comp gain reduction (sum of Chan GateMtr001 + CompMtr001 bytes clamped to 80) for skins that show one dynamics meter. HOST-DERIVED: the app computes it from the two meters it already receives; never sent to or from the DSP and not on any wire (PW ruling 2026-09-28),4658,ijkj,80,,,,,,,,,,,,,,,,,,,,,,-,,,,,,
Chan014DynMtr001,1,14,1,,false,Channel combined dynamics meter = gate + comp gain reduction (sum of Chan GateMtr001 + CompMtr001 bytes clamped to 80) for skins that show one dynamics meter. HOST-DERIVED: the app computes it from the two meters it already receives; never sent to or from the DSP and not on any wire (PW ruling 2026-09-28),4659,ijkk,80,,,,,,,,,,,,,,,,,,,,,,-,,,,,,
Chan015DynMtr001,1,15,1,,false,Channel combined dynamics meter = gate + comp gain reduction (sum of Chan GateMtr001 + CompMtr001 bytes clamped to 80) for skins that show one dynamics meter. HOST-DERIVED: the app computes it from the two meters it already receives; never sent to or from the DSP and not on any wire (PW ruling 2026-09-28),4660,ijkl,80,,,,,,,,,,,,,,,,,,,,,,-,,,,,,
Chan016DynMtr001,1,16,1,,false,Channel combined dynamics meter = gate + comp gain reduction (sum of Chan GateMtr001 + CompMtr001 bytes clamped to 80) for skins that show one dynamics meter. HOST-DERIVED: the app computes it from the two meters it already receives; never sent to or from the DSP and not on any wire (PW ruling 2026-09-28),4661,ijkm,80,,,,,,,,,,,,,,,,,,,,,,-,,,,,,
Chan017DynMtr001,1,17,1,,false,Channel combined dynamics meter = gate + comp gain reduction (sum of Chan GateMtr001 + CompMtr001 bytes clamped to 80) for skins that show one dynamics meter. HOST-DERIVED: the app computes it from the two meters it already receives; never sent to or from the DSP and not on any wire (PW ruling 2026-09-28),4662,ijkn,80,,,,,,,,,,,,,,,,,,,,,,-,,,,,,
Chan018DynMtr001,1,18,1,,false,Channel combined dynamics meter = gate + comp gain reduction (sum of Chan GateMtr001 + CompMtr001 bytes clamped to 80) for skins that show one dynamics meter. HOST-DERIVED: the app computes it from the two meters it already receives; never sent to or from the DSP and not on any wire (PW ruling 2026-09-28),4663,ijko,80,,,,,,,,,,,,,,,,,,,,,,-,,,,,,
Chan019DynMtr001,1,19,1,,false,Channel combined dynamics meter = gate + comp gain reduction (sum of Chan GateMtr001 + CompMtr001 bytes clamped to 80) for skins that show one dynamics meter. HOST-DERIVED: the app computes it from the two meters it already receives; never sent to or from the DSP and not on any wire (PW ruling 2026-09-28),4664,ijkp,80,,,,,,,,,,,,,,,,,,,,,,-,,,,,,
Chan020DynMtr001,1,20,1,,false,Channel combined dynamics meter = gate + comp gain reduction (sum of Chan GateMtr001 + CompMtr001 bytes clamped to 80) for skins that show one dynamics meter. HOST-DERIVED: the app computes it from the two meters it already receives; never sent to or from the DSP and not on any wire (PW ruling 2026-09-28),4665,ijkq,80,,,,,,,,,,,,,,,,,,,,,,-,,,,,,
Chan021DynMtr001,1,21,1,,false,Channel combined dynamics meter = gate + comp gain reduction (sum of Chan GateMtr001 + CompMtr001 bytes clamped to 80) for skins that show one dynamics meter. HOST-DERIVED: the app computes it from the two meters it already receives; never sent to or from the DSP and not on any wire (PW ruling 2026-09-28),4666,ijkr,80,,,,,,,,,,,,,,,,,,,,,,-,,,,,,
Chan022DynMtr001,1,22,1,,false,Channel combined dynamics meter = gate + comp gain reduction (sum of Chan GateMtr001 + CompMtr001 bytes clamped to 80) for skins that show one dynamics meter. HOST-DERIVED: the app computes it from the two meters it already receives; never sent to or from the DSP and not on any wire (PW ruling 2026-09-28),4667,ijks,80,,,,,,,,,,,,,,,,,,,,,,-,,,,,,
Chan023DynMtr001,1,23,1,,false,Channel combined dynamics meter = gate + comp gain reduction (sum of Chan GateMtr001 + CompMtr001 bytes clamped to 80) for skins that show one dynamics meter. HOST-DERIVED: the app computes it from the two meters it already receives; never sent to or from the DSP and not on any wire (PW ruling 2026-09-28),4668,ijkt,80,,,,,,,,,,,,,,,,,,,,,,-,,,,,,
Chan024DynMtr001,1,24,1,,false,Channel combined dynamics meter = gate + comp gain reduction (sum of Chan GateMtr001 + CompMtr001 bytes clamped to 80) for skins that show one dynamics meter. HOST-DERIVED: the app computes it from the two meters it already receives; never sent to or from the DSP and not on any wire (PW ruling 2026-09-28),4669,ijku,80,,,,,,,,,,,,,,,,,,,,,,-,,,,,,
Mtk001Rec001,1,1,1,,false,Multitrack recorder track record arm on/off (internal SSD or external DAW per the multitrack mode). HOST-MANAGED: the RT1180 card recorder owns it; no DSP address (PW ruling D2 2026-09-28),4670,ijkv,2,,,,,,,,,,,,,,,,,,,,,,-,,,,,,
Mtk002Rec001,1,2,1,,false,Multitrack recorder track record arm on/off (internal SSD or external DAW per the multitrack mode). HOST-MANAGED: the RT1180 card recorder owns it; no DSP address (PW ruling D2 2026-09-28),4671,ijkw,2,,,,,,,,,,,,,,,,,,,,,,-,,,,,,
Mtk003Rec001,1,3,1,,false,Multitrack recorder track record arm on/off (internal SSD or external DAW per the multitrack mode). HOST-MANAGED: the RT1180 card recorder owns it; no DSP address (PW ruling D2 2026-09-28),4672,ijlh,2,,,,,,,,,,,,,,,,,,,,,,-,,,,,,
Mtk004Rec001,1,4,1,,false,Multitrack recorder track record arm on/off (internal SSD or external DAW per the multitrack mode). HOST-MANAGED: the RT1180 card recorder owns it; no DSP address (PW ruling D2 2026-09-28),4673,ijli,2,,,,,,,,,,,,,,,,,,,,,,-,,,,,,
Mtk005Rec001,1,5,1,,false,Multitrack recorder track record arm on/off (internal SSD or external DAW per the multitrack mode). HOST-MANAGED: the RT1180 card recorder owns it; no DSP address (PW ruling D2 2026-09-28),4674,ijlj,2,,,,,,,,,,,,,,,,,,,,,,-,,,,,,
Mtk006Rec001,1,6,1,,false,Multitrack recorder track record arm on/off (internal SSD or external DAW per the multitrack mode). HOST-MANAGED: the RT1180 card recorder owns it; no DSP address (PW ruling D2 2026-09-28),4675,ijlk,2,,,,,,,,,,,,,,,,,,,,,,-,,,,,,
Mtk007Rec001,1,7,1,,false,Multitrack recorder track record arm on/off (internal SSD or external DAW per the multitrack mode). HOST-MANAGED: the RT1180 card recorder owns it; no DSP address (PW ruling D2 2026-09-28),4676,ijll,2,,,,,,,,,,,,,,,,,,,,,,-,,,,,,
Mtk008Rec001,1,8,1,,false,Multitrack recorder track record arm on/off (internal SSD or external DAW per the multitrack mode). HOST-MANAGED: the RT1180 card recorder owns it; no DSP address (PW ruling D2 2026-09-28),4677,ijlm,2,,,,,,,,,,,,,,,,,,,,,,-,,,,,,
Mtk009Rec001,1,9,1,,false,Multitrack recorder track record arm on/off (internal SSD or external DAW per the multitrack mode). HOST-MANAGED: the RT1180 card recorder owns it; no DSP address (PW ruling D2 2026-09-28),4678,ijln,2,,,,,,,,,,,,,,,,,,,,,,-,,,,,,
Mtk010Rec001,1,10,1,,false,Multitrack recorder track record arm on/off (internal SSD or external DAW per the multitrack mode). HOST-MANAGED: the RT1180 card recorder owns it; no DSP address (PW ruling D2 2026-09-28),4679,ijlo,2,,,,,,,,,,,,,,,,,,,,,,-,,,,,,
Mtk011Rec001,1,11,1,,false,Multitrack recorder track record arm on/off (internal SSD or external DAW per the multitrack mode). HOST-MANAGED: the RT1180 card recorder owns it; no DSP address (PW ruling D2 2026-09-28),4680,ijlp,2,,,,,,,,,,,,,,,,,,,,,,-,,,,,,
Mtk012Rec001,1,12,1,,false,Multitrack recorder track record arm on/off (internal SSD or external DAW per the multitrack mode). HOST-MANAGED: the RT1180 card recorder owns it; no DSP address (PW ruling D2 2026-09-28),4681,ijlq,2,,,,,,,,,,,,,,,,,,,,,,-,,,,,,
Mtk013Rec001,1,13,1,,false,Multitrack recorder track record arm on/off (internal SSD or external DAW per the multitrack mode). HOST-MANAGED: the RT1180 card recorder owns it; no DSP address (PW ruling D2 2026-09-28),4682,ijlr,2,,,,,,,,,,,,,,,,,,,,,,-,,,,,,
Mtk014Rec001,1,14,1,,false,Multitrack recorder track record arm on/off (internal SSD or external DAW per the multitrack mode). HOST-MANAGED: the RT1180 card recorder owns it; no DSP address (PW ruling D2 2026-09-28),4683,ijls,2,,,,,,,,,,,,,,,,,,,,,,-,,,,,,
Mtk015Rec001,1,15,1,,false,Multitrack recorder track record arm on/off (internal SSD or external DAW per the multitrack mode). HOST-MANAGED: the RT1180 card recorder owns it; no DSP address (PW ruling D2 2026-09-28),4684,ijlt,2,,,,,,,,,,,,,,,,,,,,,,-,,,,,,
Mtk016Rec001,1,16,1,,false,Multitrack recorder track record arm on/off (internal SSD or external DAW per the multitrack mode). HOST-MANAGED: the RT1180 card recorder owns it; no DSP address (PW ruling D2 2026-09-28),4685,ijlu,2,,,,,,,,,,,,,,,,,,,,,,-,,,,,,
Mtk017Rec001,1,17,1,,false,Multitrack recorder track record arm on/off (internal SSD or external DAW per the multitrack mode). HOST-MANAGED: the RT1180 card recorder owns it; no DSP address (PW ruling D2 2026-09-28),4686,ijlv,2,,,,,,,,,,,,,,,,,,,,,,-,,,,,,
Mtk018Rec001,1,18,1,,false,Multitrack recorder track record arm on/off (internal SSD or external DAW per the multitrack mode). HOST-MANAGED: the RT1180 card recorder owns it; no DSP address (PW ruling D2 2026-09-28),4687,ijlw,2,,,,,,,,,,,,,,,,,,,,,,-,,,,,,
Mtk019Rec001,1,19,1,,false,Multitrack recorder track record arm on/off (internal SSD or external DAW per the multitrack mode). HOST-MANAGED: the RT1180 card recorder owns it; no DSP address (PW ruling D2 2026-09-28),4688,ijmh,2,,,,,,,,,,,,,,,,,,,,,,-,,,,,,
Mtk020Rec001,1,20,1,,false,Multitrack recorder track record arm on/off (internal SSD or external DAW per the multitrack mode). HOST-MANAGED: the RT1180 card recorder owns it; no DSP address (PW ruling D2 2026-09-28),4689,ijmi,2,,,,,,,,,,,,,,,,,,,,,,-,,,,,,
Mtk021Rec001,1,21,1,,false,Multitrack recorder track record arm on/off (internal SSD or external DAW per the multitrack mode). HOST-MANAGED: the RT1180 card recorder owns it; no DSP address (PW ruling D2 2026-09-28),4690,ijmj,2,,,,,,,,,,,,,,,,,,,,,,-,,,,,,
Mtk022Rec001,1,22,1,,false,Multitrack recorder track record arm on/off (internal SSD or external DAW per the multitrack mode). HOST-MANAGED: the RT1180 card recorder owns it; no DSP address (PW ruling D2 2026-09-28),4691,ijmk,2,,,,,,,,,,,,,,,,,,,,,,-,,,,,,
Mtk023Rec001,1,23,1,,false,Multitrack recorder track record arm on/off (internal SSD or external DAW per the multitrack mode). HOST-MANAGED: the RT1180 card recorder owns it; no DSP address (PW ruling D2 2026-09-28),4692,ijml,2,,,,,,,,,,,,,,,,,,,,,,-,,,,,,
Mtk024Rec001,1,24,1,,false,Multitrack recorder track record arm on/off (internal SSD or external DAW per the multitrack mode). HOST-MANAGED: the RT1180 card recorder owns it; no DSP address (PW ruling D2 2026-09-28),4693,ijmm,2,,,,,,,,,,,,,,,,,,,,,,-,,,,,,
Mtk001Play001,1,1,1,,false,Multitrack recorder track playback on/off. HOST-MANAGED: the RT1180 card recorder owns it; no DSP address (PW ruling D2 2026-09-28),4694,ijmn,2,,,,,,,,,,,,,,,,,,,,,,-,,,,,,
Mtk002Play001,1,2,1,,false,Multitrack recorder track playback on/off. HOST-MANAGED: the RT1180 card recorder owns it; no DSP address (PW ruling D2 2026-09-28),4695,ijmo,2,,,,,,,,,,,,,,,,,,,,,,-,,,,,,
Mtk003Play001,1,3,1,,false,Multitrack recorder track playback on/off. HOST-MANAGED: the RT1180 card recorder owns it; no DSP address (PW ruling D2 2026-09-28),4696,ijmp,2,,,,,,,,,,,,,,,,,,,,,,-,,,,,,
Mtk004Play001,1,4,1,,false,Multitrack recorder track playback on/off. HOST-MANAGED: the RT1180 card recorder owns it; no DSP address (PW ruling D2 2026-09-28),4697,ijmq,2,,,,,,,,,,,,,,,,,,,,,,-,,,,,,
Mtk005Play001,1,5,1,,false,Multitrack recorder track playback on/off. HOST-MANAGED: the RT1180 card recorder owns it; no DSP address (PW ruling D2 2026-09-28),4698,ijmr,2,,,,,,,,,,,,,,,,,,,,,,-,,,,,,
Mtk006Play001,1,6,1,,false,Multitrack recorder track playback on/off. HOST-MANAGED: the RT1180 card recorder owns it; no DSP address (PW ruling D2 2026-09-28),4699,ijms,2,,,,,,,,,,,,,,,,,,,,,,-,,,,,,
Mtk007Play001,1,7,1,,false,Multitrack recorder track playback on/off. HOST-MANAGED: the RT1180 card recorder owns it; no DSP address (PW ruling D2 2026-09-28),4700,ijmt,2,,,,,,,,,,,,,,,,,,,,,,-,,,,,,
Mtk008Play001,1,8,1,,false,Multitrack recorder track playback on/off. HOST-MANAGED: the RT1180 card recorder owns it; no DSP address (PW ruling D2 2026-09-28),4701,ijmu,2,,,,,,,,,,,,,,,,,,,,,,-,,,,,,
Mtk009Play001,1,9,1,,false,Multitrack recorder track playback on/off. HOST-MANAGED: the RT1180 card recorder owns it; no DSP address (PW ruling D2 2026-09-28),4702,ijmv,2,,,,,,,,,,,,,,,,,,,,,,-,,,,,,
Mtk010Play001,1,10,1,,false,Multitrack recorder track playback on/off. HOST-MANAGED: the RT1180 card recorder owns it; no DSP address (PW ruling D2 2026-09-28),4703,ijmw,2,,,,,,,,,,,,,,,,,,,,,,-,,,,,,
Mtk011Play001,1,11,1,,false,Multitrack recorder track playback on/off. HOST-MANAGED: the RT1180 card recorder owns it; no DSP address (PW ruling D2 2026-09-28),4704,ijnh,2,,,,,,,,,,,,,,,,,,,,,,-,,,,,,
Mtk012Play001,1,12,1,,false,Multitrack recorder track playback on/off. HOST-MANAGED: the RT1180 card recorder owns it; no DSP address (PW ruling D2 2026-09-28),4705,ijni,2,,,,,,,,,,,,,,,,,,,,,,-,,,,,,
Mtk013Play001,1,13,1,,false,Multitrack recorder track playback on/off. HOST-MANAGED: the RT1180 card recorder owns it; no DSP address (PW ruling D2 2026-09-28),4706,ijnj,2,,,,,,,,,,,,,,,,,,,,,,-,,,,,,
Mtk014Play001,1,14,1,,false,Multitrack recorder track playback on/off. HOST-MANAGED: the RT1180 card recorder owns it; no DSP address (PW ruling D2 2026-09-28),4707,ijnk,2,,,,,,,,,,,,,,,,,,,,,,-,,,,,,
Mtk015Play001,1,15,1,,false,Multitrack recorder track playback on/off. HOST-MANAGED: the RT1180 card recorder owns it; no DSP address (PW ruling D2 2026-09-28),4708,ijnl,2,,,,,,,,,,,,,,,,,,,,,,-,,,,,,
Mtk016Play001,1,16,1,,false,Multitrack recorder track playback on/off. HOST-MANAGED: the RT1180 card recorder owns it; no DSP address (PW ruling D2 2026-09-28),4709,ijnm,2,,,,,,,,,,,,,,,,,,,,,,-,,,,,,
Mtk017Play001,1,17,1,,false,Multitrack recorder track playback on/off. HOST-MANAGED: the RT1180 card recorder owns it; no DSP address (PW ruling D2 2026-09-28),4710,ijnn,2,,,,,,,,,,,,,,,,,,,,,,-,,,,,,
Mtk018Play001,1,18,1,,false,Multitrack recorder track playback on/off. HOST-MANAGED: the RT1180 card recorder owns it; no DSP address (PW ruling D2 2026-09-28),4711,ijno,2,,,,,,,,,,,,,,,,,,,,,,-,,,,,,
Mtk019Play001,1,19,1,,false,Multitrack recorder track playback on/off. HOST-MANAGED: the RT1180 card recorder owns it; no DSP address (PW ruling D2 2026-09-28),4712,ijnp,2,,,,,,,,,,,,,,,,,,,,,,-,,,,,,
Mtk020Play001,1,20,1,,false,Multitrack recorder track playback on/off. HOST-MANAGED: the RT1180 card recorder owns it; no DSP address (PW ruling D2 2026-09-28),4713,ijnq,2,,,,,,,,,,,,,,,,,,,,,,-,,,,,,
Mtk021Play001,1,21,1,,false,Multitrack recorder track playback on/off. HOST-MANAGED: the RT1180 card recorder owns it; no DSP address (PW ruling D2 2026-09-28),4714,ijnr,2,,,,,,,,,,,,,,,,,,,,,,-,,,,,,
Mtk022Play001,1,22,1,,false,Multitrack recorder track playback on/off. HOST-MANAGED: the RT1180 card recorder owns it; no DSP address (PW ruling D2 2026-09-28),4715,ijns,2,,,,,,,,,,,,,,,,,,,,,,-,,,,,,
Mtk023Play001,1,23,1,,false,Multitrack recorder track playback on/off. HOST-MANAGED: the RT1180 card recorder owns it; no DSP address (PW ruling D2 2026-09-28),4716,ijnt,2,,,,,,,,,,,,,,,,,,,,,,-,,,,,,
Mtk024Play001,1,24,1,,false,Multitrack recorder track playback on/off. HOST-MANAGED: the RT1180 card recorder owns it; no DSP address (PW ruling D2 2026-09-28),4717,ijnu,2,,,,,,,,,,,,,,,,,,,,,,-,,,,,,
Mtk001Mute001,1,1,1,,false,Multitrack recorder track playback mute on/off. HOST-MANAGED: the RT1180 card recorder owns it; no DSP address (PW ruling D2 2026-09-28),4718,ijnv,2,,,,,,,,,,,,,,,,,,,,,,0,,,,,,
Mtk002Mute001,1,2,1,,false,Multitrack recorder track playback mute on/off. HOST-MANAGED: the RT1180 card recorder owns it; no DSP address (PW ruling D2 2026-09-28),4719,ijnw,2,,,,,,,,,,,,,,,,,,,,,,0,,,,,,
Mtk003Mute001,1,3,1,,false,Multitrack recorder track playback mute on/off. HOST-MANAGED: the RT1180 card recorder owns it; no DSP address (PW ruling D2 2026-09-28),4720,ijoh,2,,,,,,,,,,,,,,,,,,,,,,0,,,,,,
Mtk004Mute001,1,4,1,,false,Multitrack recorder track playback mute on/off. HOST-MANAGED: the RT1180 card recorder owns it; no DSP address (PW ruling D2 2026-09-28),4721,ijoi,2,,,,,,,,,,,,,,,,,,,,,,0,,,,,,
Mtk005Mute001,1,5,1,,false,Multitrack recorder track playback mute on/off. HOST-MANAGED: the RT1180 card recorder owns it; no DSP address (PW ruling D2 2026-09-28),4722,ijoj,2,,,,,,,,,,,,,,,,,,,,,,0,,,,,,
Mtk006Mute001,1,6,1,,false,Multitrack recorder track playback mute on/off. HOST-MANAGED: the RT1180 card recorder owns it; no DSP address (PW ruling D2 2026-09-28),4723,ijok,2,,,,,,,,,,,,,,,,,,,,,,0,,,,,,
Mtk007Mute001,1,7,1,,false,Multitrack recorder track playback mute on/off. HOST-MANAGED: the RT1180 card recorder owns it; no DSP address (PW ruling D2 2026-09-28),4724,ijol,2,,,,,,,,,,,,,,,,,,,,,,0,,,,,,
Mtk008Mute001,1,8,1,,false,Multitrack recorder track playback mute on/off. HOST-MANAGED: the RT1180 card recorder owns it; no DSP address (PW ruling D2 2026-09-28),4725,ijom,2,,,,,,,,,,,,,,,,,,,,,,0,,,,,,
Mtk009Mute001,1,9,1,,false,Multitrack recorder track playback mute on/off. HOST-MANAGED: the RT1180 card recorder owns it; no DSP address (PW ruling D2 2026-09-28),4726,ijon,2,,,,,,,,,,,,,,,,,,,,,,0,,,,,,
Mtk010Mute001,1,10,1,,false,Multitrack recorder track playback mute on/off. HOST-MANAGED: the RT1180 card recorder owns it; no DSP address (PW ruling D2 2026-09-28),4727,ijoo,2,,,,,,,,,,,,,,,,,,,,,,0,,,,,,
Mtk011Mute001,1,11,1,,false,Multitrack recorder track playback mute on/off. HOST-MANAGED: the RT1180 card recorder owns it; no DSP address (PW ruling D2 2026-09-28),4728,ijop,2,,,,,,,,,,,,,,,,,,,,,,0,,,,,,
Mtk012Mute001,1,12,1,,false,Multitrack recorder track playback mute on/off. HOST-MANAGED: the RT1180 card recorder owns it; no DSP address (PW ruling D2 2026-09-28),4729,ijoq,2,,,,,,,,,,,,,,,,,,,,,,0,,,,,,
Mtk013Mute001,1,13,1,,false,Multitrack recorder track playback mute on/off. HOST-MANAGED: the RT1180 card recorder owns it; no DSP address (PW ruling D2 2026-09-28),4730,ijor,2,,,,,,,,,,,,,,,,,,,,,,0,,,,,,
Mtk014Mute001,1,14,1,,false,Multitrack recorder track playback mute on/off. HOST-MANAGED: the RT1180 card recorder owns it; no DSP address (PW ruling D2 2026-09-28),4731,ijos,2,,,,,,,,,,,,,,,,,,,,,,0,,,,,,
Mtk015Mute001,1,15,1,,false,Multitrack recorder track playback mute on/off. HOST-MANAGED: the RT1180 card recorder owns it; no DSP address (PW ruling D2 2026-09-28),4732,ijot,2,,,,,,,,,,,,,,,,,,,,,,0,,,,,,
Mtk016Mute001,1,16,1,,false,Multitrack recorder track playback mute on/off. HOST-MANAGED: the RT1180 card recorder owns it; no DSP address (PW ruling D2 2026-09-28),4733,ijou,2,,,,,,,,,,,,,,,,,,,,,,0,,,,,,
Mtk017Mute001,1,17,1,,false,Multitrack recorder track playback mute on/off. HOST-MANAGED: the RT1180 card recorder owns it; no DSP address (PW ruling D2 2026-09-28),4734,ijov,2,,,,,,,,,,,,,,,,,,,,,,0,,,,,,
Mtk018Mute001,1,18,1,,false,Multitrack recorder track playback mute on/off. HOST-MANAGED: the RT1180 card recorder owns it; no DSP address (PW ruling D2 2026-09-28),4735,ijow,2,,,,,,,,,,,,,,,,,,,,,,0,,,,,,
Mtk019Mute001,1,19,1,,false,Multitrack recorder track playback mute on/off. HOST-MANAGED: the RT1180 card recorder owns it; no DSP address (PW ruling D2 2026-09-28),4736,ijph,2,,,,,,,,,,,,,,,,,,,,,,0,,,,,,
Mtk020Mute001,1,20,1,,false,Multitrack recorder track playback mute on/off. HOST-MANAGED: the RT1180 card recorder owns it; no DSP address (PW ruling D2 2026-09-28),4737,ijpi,2,,,,,,,,,,,,,,,,,,,,,,0,,,,,,
Mtk021Mute001,1,21,1,,false,Multitrack recorder track playback mute on/off. HOST-MANAGED: the RT1180 card recorder owns it; no DSP address (PW ruling D2 2026-09-28),4738,ijpj,2,,,,,,,,,,,,,,,,,,,,,,0,,,,,,
Mtk022Mute001,1,22,1,,false,Multitrack recorder track playback mute on/off. HOST-MANAGED: the RT1180 card recorder owns it; no DSP address (PW ruling D2 2026-09-28),4739,ijpk,2,,,,,,,,,,,,,,,,,,,,,,0,,,,,,
Mtk023Mute001,1,23,1,,false,Multitrack recorder track playback mute on/off. HOST-MANAGED: the RT1180 card recorder owns it; no DSP address (PW ruling D2 2026-09-28),4740,ijpl,2,,,,,,,,,,,,,,,,,,,,,,0,,,,,,
Mtk024Mute001,1,24,1,,false,Multitrack recorder track playback mute on/off. HOST-MANAGED: the RT1180 card recorder owns it; no DSP address (PW ruling D2 2026-09-28),4741,ijpm,2,,,,,,,,,,,,,,,,,,,,,,0,,,,,,
Mtk001Transport001,1,1,1,,false,Multitrack recorder transport: 0=stop 1=play 2=record 3=pause 4=rewind 5=fast forward (enumeration provisional until the RP skin audit). HOST-MANAGED: the RT1180 card recorder owns it; no DSP address (PW ruling D2 2026-09-28),4742,ijpn,6,,,,,,,,,,,,,,,,,,,,,,-,,,,,,
Mtk001Src001,1,1,1,,false,Multitrack record source select (RP sheet Rec.Source; enumeration provisional until the RP skin audit). HOST-MANAGED: the RT1180 card recorder owns it; no DSP address (PW ruling D2 2026-09-28),4743,ijpo,4,,,,,,,,,,,,,,,,,,,,,,-,,,,,,
MainL001AuxSend001,1,1,1,,,Main L output mixed into aux N (aux mix matrix: every matrix output is an aux out - PW ruling D3 2026-09-28),4744,ijpp,255,,,,,,,,,,dB:Off:-50@31:-30@63:-10@127:0,,,,,,,,,,,,254,,,,,,
MainL001AuxSend002,1,1,2,,,Main L output mixed into aux N (aux mix matrix: every matrix output is an aux out - PW ruling D3 2026-09-28),4745,ijpq,255,,,,,,,,,,dB:Off:-50@31:-30@63:-10@127:0,,,,,,,,,,,,254,,,,,,
MainL001AuxSend003,1,1,3,,,Main L output mixed into aux N (aux mix matrix: every matrix output is an aux out - PW ruling D3 2026-09-28),4746,ijpr,255,,,,,,,,,,dB:Off:-50@31:-30@63:-10@127:0,,,,,,,,,,,,254,,,,,,
MainL001AuxSend004,1,1,4,,,Main L output mixed into aux N (aux mix matrix: every matrix output is an aux out - PW ruling D3 2026-09-28),4747,ijps,255,,,,,,,,,,dB:Off:-50@31:-30@63:-10@127:0,,,,,,,,,,,,254,,,,,,
MainL001AuxSend005,1,1,5,,,Main L output mixed into aux N (aux mix matrix: every matrix output is an aux out - PW ruling D3 2026-09-28),4748,ijpt,255,,,,,,,,,,dB:Off:-50@31:-30@63:-10@127:0,,,,,,,,,,,,254,,,,,,
MainL001AuxSend006,1,1,6,,,Main L output mixed into aux N (aux mix matrix: every matrix output is an aux out - PW ruling D3 2026-09-28),4749,ijpu,255,,,,,,,,,,dB:Off:-50@31:-30@63:-10@127:0,,,,,,,,,,,,254,,,,,,
MainL001AuxSend007,1,1,7,,,Main L output mixed into aux N (aux mix matrix: every matrix output is an aux out - PW ruling D3 2026-09-28),4750,ijpv,255,,,,,,,,,,dB:Off:-50@31:-30@63:-10@127:0,,,,,,,,,,,,254,,,,,,
MainL001AuxSend008,1,1,8,,,Main L output mixed into aux N (aux mix matrix: every matrix output is an aux out - PW ruling D3 2026-09-28),4751,ijpw,255,,,,,,,,,,dB:Off:-50@31:-30@63:-10@127:0,,,,,,,,,,,,254,,,,,,
MainL001AuxOn001,1,1,1,,,Main L output into aux N on/off (aux mix matrix - PW ruling D3 2026-09-28),4752,ijqh,1,,,,,,,,,,,,,,,,,,,,,,1,,,,,,
MainL001AuxOn002,1,1,2,,,Main L output into aux N on/off (aux mix matrix - PW ruling D3 2026-09-28),4753,ijqi,1,,,,,,,,,,,,,,,,,,,,,,1,,,,,,
MainL001AuxOn003,1,1,3,,,Main L output into aux N on/off (aux mix matrix - PW ruling D3 2026-09-28),4754,ijqj,1,,,,,,,,,,,,,,,,,,,,,,1,,,,,,
MainL001AuxOn004,1,1,4,,,Main L output into aux N on/off (aux mix matrix - PW ruling D3 2026-09-28),4755,ijqk,1,,,,,,,,,,,,,,,,,,,,,,1,,,,,,
MainL001AuxOn005,1,1,5,,,Main L output into aux N on/off (aux mix matrix - PW ruling D3 2026-09-28),4756,ijql,1,,,,,,,,,,,,,,,,,,,,,,1,,,,,,
MainL001AuxOn006,1,1,6,,,Main L output into aux N on/off (aux mix matrix - PW ruling D3 2026-09-28),4757,ijqm,1,,,,,,,,,,,,,,,,,,,,,,1,,,,,,
MainL001AuxOn007,1,1,7,,,Main L output into aux N on/off (aux mix matrix - PW ruling D3 2026-09-28),4758,ijqn,1,,,,,,,,,,,,,,,,,,,,,,1,,,,,,
MainL001AuxOn008,1,1,8,,,Main L output into aux N on/off (aux mix matrix - PW ruling D3 2026-09-28),4759,ijqo,1,,,,,,,,,,,,,,,,,,,,,,1,,,,,,
MainR001AuxSend001,1,1,1,,,Main R output mixed into aux N (aux mix matrix: every matrix output is an aux out - PW ruling D3 2026-09-28),4760,ijqp,255,,,,,,,,,,dB:Off:-50@31:-30@63:-10@127:0,,,,,,,,,,,,254,,,,,,
MainR001AuxSend002,1,1,2,,,Main R output mixed into aux N (aux mix matrix: every matrix output is an aux out - PW ruling D3 2026-09-28),4761,ijqq,255,,,,,,,,,,dB:Off:-50@31:-30@63:-10@127:0,,,,,,,,,,,,254,,,,,,
MainR001AuxSend003,1,1,3,,,Main R output mixed into aux N (aux mix matrix: every matrix output is an aux out - PW ruling D3 2026-09-28),4762,ijqr,255,,,,,,,,,,dB:Off:-50@31:-30@63:-10@127:0,,,,,,,,,,,,254,,,,,,
MainR001AuxSend004,1,1,4,,,Main R output mixed into aux N (aux mix matrix: every matrix output is an aux out - PW ruling D3 2026-09-28),4763,ijqs,255,,,,,,,,,,dB:Off:-50@31:-30@63:-10@127:0,,,,,,,,,,,,254,,,,,,
MainR001AuxSend005,1,1,5,,,Main R output mixed into aux N (aux mix matrix: every matrix output is an aux out - PW ruling D3 2026-09-28),4764,ijqt,255,,,,,,,,,,dB:Off:-50@31:-30@63:-10@127:0,,,,,,,,,,,,254,,,,,,
MainR001AuxSend006,1,1,6,,,Main R output mixed into aux N (aux mix matrix: every matrix output is an aux out - PW ruling D3 2026-09-28),4765,ijqu,255,,,,,,,,,,dB:Off:-50@31:-30@63:-10@127:0,,,,,,,,,,,,254,,,,,,
MainR001AuxSend007,1,1,7,,,Main R output mixed into aux N (aux mix matrix: every matrix output is an aux out - PW ruling D3 2026-09-28),4766,ijqv,255,,,,,,,,,,dB:Off:-50@31:-30@63:-10@127:0,,,,,,,,,,,,254,,,,,,
MainR001AuxSend008,1,1,8,,,Main R output mixed into aux N (aux mix matrix: every matrix output is an aux out - PW ruling D3 2026-09-28),4767,ijqw,255,,,,,,,,,,dB:Off:-50@31:-30@63:-10@127:0,,,,,,,,,,,,254,,,,,,
MainR001AuxOn001,1,1,1,,,Main R output into aux N on/off (aux mix matrix - PW ruling D3 2026-09-28),4768,ijrh,1,,,,,,,,,,,,,,,,,,,,,,1,,,,,,
MainR001AuxOn002,1,1,2,,,Main R output into aux N on/off (aux mix matrix - PW ruling D3 2026-09-28),4769,ijri,1,,,,,,,,,,,,,,,,,,,,,,1,,,,,,
MainR001AuxOn003,1,1,3,,,Main R output into aux N on/off (aux mix matrix - PW ruling D3 2026-09-28),4770,ijrj,1,,,,,,,,,,,,,,,,,,,,,,1,,,,,,
MainR001AuxOn004,1,1,4,,,Main R output into aux N on/off (aux mix matrix - PW ruling D3 2026-09-28),4771,ijrk,1,,,,,,,,,,,,,,,,,,,,,,1,,,,,,
MainR001AuxOn005,1,1,5,,,Main R output into aux N on/off (aux mix matrix - PW ruling D3 2026-09-28),4772,ijrl,1,,,,,,,,,,,,,,,,,,,,,,1,,,,,,
MainR001AuxOn006,1,1,6,,,Main R output into aux N on/off (aux mix matrix - PW ruling D3 2026-09-28),4773,ijrm,1,,,,,,,,,,,,,,,,,,,,,,1,,,,,,
MainR001AuxOn007,1,1,7,,,Main R output into aux N on/off (aux mix matrix - PW ruling D3 2026-09-28),4774,ijrn,1,,,,,,,,,,,,,,,,,,,,,,1,,,,,,
MainR001AuxOn008,1,1,8,,,Main R output into aux N on/off (aux mix matrix - PW ruling D3 2026-09-28),4775,ijro,1,,,,,,,,,,,,,,,,,,,,,,1,,,,,,
MainCtr001AuxSend001,1,1,1,,,Centre output mixed into aux N (aux mix matrix: every matrix output is an aux out - PW ruling D3 2026-09-28),4776,ijrp,255,,,,,,,,,,dB:Off:-50@31:-30@63:-10@127:0,,,,,,,,,,,,254,,,,,,
MainCtr001AuxSend002,1,1,2,,,Centre output mixed into aux N (aux mix matrix: every matrix output is an aux out - PW ruling D3 2026-09-28),4777,ijrq,255,,,,,,,,,,dB:Off:-50@31:-30@63:-10@127:0,,,,,,,,,,,,254,,,,,,
MainCtr001AuxSend003,1,1,3,,,Centre output mixed into aux N (aux mix matrix: every matrix output is an aux out - PW ruling D3 2026-09-28),4778,ijrr,255,,,,,,,,,,dB:Off:-50@31:-30@63:-10@127:0,,,,,,,,,,,,254,,,,,,
MainCtr001AuxSend004,1,1,4,,,Centre output mixed into aux N (aux mix matrix: every matrix output is an aux out - PW ruling D3 2026-09-28),4779,ijrs,255,,,,,,,,,,dB:Off:-50@31:-30@63:-10@127:0,,,,,,,,,,,,254,,,,,,
MainCtr001AuxSend005,1,1,5,,,Centre output mixed into aux N (aux mix matrix: every matrix output is an aux out - PW ruling D3 2026-09-28),4780,ijrt,255,,,,,,,,,,dB:Off:-50@31:-30@63:-10@127:0,,,,,,,,,,,,254,,,,,,
MainCtr001AuxSend006,1,1,6,,,Centre output mixed into aux N (aux mix matrix: every matrix output is an aux out - PW ruling D3 2026-09-28),4781,ijru,255,,,,,,,,,,dB:Off:-50@31:-30@63:-10@127:0,,,,,,,,,,,,254,,,,,,
MainCtr001AuxSend007,1,1,7,,,Centre output mixed into aux N (aux mix matrix: every matrix output is an aux out - PW ruling D3 2026-09-28),4782,ijrv,255,,,,,,,,,,dB:Off:-50@31:-30@63:-10@127:0,,,,,,,,,,,,254,,,,,,
MainCtr001AuxSend008,1,1,8,,,Centre output mixed into aux N (aux mix matrix: every matrix output is an aux out - PW ruling D3 2026-09-28),4783,ijrw,255,,,,,,,,,,dB:Off:-50@31:-30@63:-10@127:0,,,,,,,,,,,,254,,,,,,
MainCtr001AuxOn001,1,1,1,,,Centre output into aux N on/off (aux mix matrix - PW ruling D3 2026-09-28),4784,ijsh,1,,,,,,,,,,,,,,,,,,,,,,1,,,,,,
MainCtr001AuxOn002,1,1,2,,,Centre output into aux N on/off (aux mix matrix - PW ruling D3 2026-09-28),4785,ijsi,1,,,,,,,,,,,,,,,,,,,,,,1,,,,,,
MainCtr001AuxOn003,1,1,3,,,Centre output into aux N on/off (aux mix matrix - PW ruling D3 2026-09-28),4786,ijsj,1,,,,,,,,,,,,,,,,,,,,,,1,,,,,,
MainCtr001AuxOn004,1,1,4,,,Centre output into aux N on/off (aux mix matrix - PW ruling D3 2026-09-28),4787,ijsk,1,,,,,,,,,,,,,,,,,,,,,,1,,,,,,
MainCtr001AuxOn005,1,1,5,,,Centre output into aux N on/off (aux mix matrix - PW ruling D3 2026-09-28),4788,ijsl,1,,,,,,,,,,,,,,,,,,,,,,1,,,,,,
MainCtr001AuxOn006,1,1,6,,,Centre output into aux N on/off (aux mix matrix - PW ruling D3 2026-09-28),4789,ijsm,1,,,,,,,,,,,,,,,,,,,,,,1,,,,,,
MainCtr001AuxOn007,1,1,7,,,Centre output into aux N on/off (aux mix matrix - PW ruling D3 2026-09-28),4790,ijsn,1,,,,,,,,,,,,,,,,,,,,,,1,,,,,,
MainCtr001AuxOn008,1,1,8,,,Centre output into aux N on/off (aux mix matrix - PW ruling D3 2026-09-28),4791,ijso,1,,,,,,,,,,,,,,,,,,,,,,1,,,,,,
Aux001AuxSend001,1,1,1,,,Aux output mixed into aux N (aux mix matrix: x = source aux / y = destination aux; loop-free order - a self-feed or a feed that would close a loop is inert - PW ruling D3 2026-09-28),4792,ijsp,255,,,,,,,,,,dB:Off:-50@31:-30@63:-10@127:0,,,,,,,,,,,,254,,,,,,
Aux001AuxSend002,1,1,2,,,Aux output mixed into aux N (aux mix matrix: x = source aux / y = destination aux; loop-free order - a self-feed or a feed that would close a loop is inert - PW ruling D3 2026-09-28),4793,ijsq,255,,,,,,,,,,dB:Off:-50@31:-30@63:-10@127:0,,,,,,,,,,,,254,,,,,,
Aux001AuxSend003,1,1,3,,,Aux output mixed into aux N (aux mix matrix: x = source aux / y = destination aux; loop-free order - a self-feed or a feed that would close a loop is inert - PW ruling D3 2026-09-28),4794,ijsr,255,,,,,,,,,,dB:Off:-50@31:-30@63:-10@127:0,,,,,,,,,,,,254,,,,,,
Aux001AuxSend004,1,1,4,,,Aux output mixed into aux N (aux mix matrix: x = source aux / y = destination aux; loop-free order - a self-feed or a feed that would close a loop is inert - PW ruling D3 2026-09-28),4795,ijss,255,,,,,,,,,,dB:Off:-50@31:-30@63:-10@127:0,,,,,,,,,,,,254,,,,,,
Aux001AuxSend005,1,1,5,,,Aux output mixed into aux N (aux mix matrix: x = source aux / y = destination aux; loop-free order - a self-feed or a feed that would close a loop is inert - PW ruling D3 2026-09-28),4796,ijst,255,,,,,,,,,,dB:Off:-50@31:-30@63:-10@127:0,,,,,,,,,,,,254,,,,,,
Aux001AuxSend006,1,1,6,,,Aux output mixed into aux N (aux mix matrix: x = source aux / y = destination aux; loop-free order - a self-feed or a feed that would close a loop is inert - PW ruling D3 2026-09-28),4797,ijsu,255,,,,,,,,,,dB:Off:-50@31:-30@63:-10@127:0,,,,,,,,,,,,254,,,,,,
Aux001AuxSend007,1,1,7,,,Aux output mixed into aux N (aux mix matrix: x = source aux / y = destination aux; loop-free order - a self-feed or a feed that would close a loop is inert - PW ruling D3 2026-09-28),4798,ijsv,255,,,,,,,,,,dB:Off:-50@31:-30@63:-10@127:0,,,,,,,,,,,,254,,,,,,
Aux001AuxSend008,1,1,8,,,Aux output mixed into aux N (aux mix matrix: x = source aux / y = destination aux; loop-free order - a self-feed or a feed that would close a loop is inert - PW ruling D3 2026-09-28),4799,ijsw,255,,,,,,,,,,dB:Off:-50@31:-30@63:-10@127:0,,,,,,,,,,,,254,,,,,,
Aux002AuxSend001,1,2,1,,,Aux output mixed into aux N (aux mix matrix: x = source aux / y = destination aux; loop-free order - a self-feed or a feed that would close a loop is inert - PW ruling D3 2026-09-28),4800,ijth,255,,,,,,,,,,dB:Off:-50@31:-30@63:-10@127:0,,,,,,,,,,,,254,,,,,,
Aux002AuxSend002,1,2,2,,,Aux output mixed into aux N (aux mix matrix: x = source aux / y = destination aux; loop-free order - a self-feed or a feed that would close a loop is inert - PW ruling D3 2026-09-28),4801,ijti,255,,,,,,,,,,dB:Off:-50@31:-30@63:-10@127:0,,,,,,,,,,,,254,,,,,,
Aux002AuxSend003,1,2,3,,,Aux output mixed into aux N (aux mix matrix: x = source aux / y = destination aux; loop-free order - a self-feed or a feed that would close a loop is inert - PW ruling D3 2026-09-28),4802,ijtj,255,,,,,,,,,,dB:Off:-50@31:-30@63:-10@127:0,,,,,,,,,,,,254,,,,,,
Aux002AuxSend004,1,2,4,,,Aux output mixed into aux N (aux mix matrix: x = source aux / y = destination aux; loop-free order - a self-feed or a feed that would close a loop is inert - PW ruling D3 2026-09-28),4803,ijtk,255,,,,,,,,,,dB:Off:-50@31:-30@63:-10@127:0,,,,,,,,,,,,254,,,,,,
Aux002AuxSend005,1,2,5,,,Aux output mixed into aux N (aux mix matrix: x = source aux / y = destination aux; loop-free order - a self-feed or a feed that would close a loop is inert - PW ruling D3 2026-09-28),4804,ijtl,255,,,,,,,,,,dB:Off:-50@31:-30@63:-10@127:0,,,,,,,,,,,,254,,,,,,
Aux002AuxSend006,1,2,6,,,Aux output mixed into aux N (aux mix matrix: x = source aux / y = destination aux; loop-free order - a self-feed or a feed that would close a loop is inert - PW ruling D3 2026-09-28),4805,ijtm,255,,,,,,,,,,dB:Off:-50@31:-30@63:-10@127:0,,,,,,,,,,,,254,,,,,,
Aux002AuxSend007,1,2,7,,,Aux output mixed into aux N (aux mix matrix: x = source aux / y = destination aux; loop-free order - a self-feed or a feed that would close a loop is inert - PW ruling D3 2026-09-28),4806,ijtn,255,,,,,,,,,,dB:Off:-50@31:-30@63:-10@127:0,,,,,,,,,,,,254,,,,,,
Aux002AuxSend008,1,2,8,,,Aux output mixed into aux N (aux mix matrix: x = source aux / y = destination aux; loop-free order - a self-feed or a feed that would close a loop is inert - PW ruling D3 2026-09-28),4807,ijto,255,,,,,,,,,,dB:Off:-50@31:-30@63:-10@127:0,,,,,,,,,,,,254,,,,,,
Aux003AuxSend001,1,3,1,,,Aux output mixed into aux N (aux mix matrix: x = source aux / y = destination aux; loop-free order - a self-feed or a feed that would close a loop is inert - PW ruling D3 2026-09-28),4808,ijtp,255,,,,,,,,,,dB:Off:-50@31:-30@63:-10@127:0,,,,,,,,,,,,254,,,,,,
Aux003AuxSend002,1,3,2,,,Aux output mixed into aux N (aux mix matrix: x = source aux / y = destination aux; loop-free order - a self-feed or a feed that would close a loop is inert - PW ruling D3 2026-09-28),4809,ijtq,255,,,,,,,,,,dB:Off:-50@31:-30@63:-10@127:0,,,,,,,,,,,,254,,,,,,
Aux003AuxSend003,1,3,3,,,Aux output mixed into aux N (aux mix matrix: x = source aux / y = destination aux; loop-free order - a self-feed or a feed that would close a loop is inert - PW ruling D3 2026-09-28),4810,ijtr,255,,,,,,,,,,dB:Off:-50@31:-30@63:-10@127:0,,,,,,,,,,,,254,,,,,,
Aux003AuxSend004,1,3,4,,,Aux output mixed into aux N (aux mix matrix: x = source aux / y = destination aux; loop-free order - a self-feed or a feed that would close a loop is inert - PW ruling D3 2026-09-28),4811,ijts,255,,,,,,,,,,dB:Off:-50@31:-30@63:-10@127:0,,,,,,,,,,,,254,,,,,,
Aux003AuxSend005,1,3,5,,,Aux output mixed into aux N (aux mix matrix: x = source aux / y = destination aux; loop-free order - a self-feed or a feed that would close a loop is inert - PW ruling D3 2026-09-28),4812,ijtt,255,,,,,,,,,,dB:Off:-50@31:-30@63:-10@127:0,,,,,,,,,,,,254,,,,,,
Aux003AuxSend006,1,3,6,,,Aux output mixed into aux N (aux mix matrix: x = source aux / y = destination aux; loop-free order - a self-feed or a feed that would close a loop is inert - PW ruling D3 2026-09-28),4813,ijtu,255,,,,,,,,,,dB:Off:-50@31:-30@63:-10@127:0,,,,,,,,,,,,254,,,,,,
Aux003AuxSend007,1,3,7,,,Aux output mixed into aux N (aux mix matrix: x = source aux / y = destination aux; loop-free order - a self-feed or a feed that would close a loop is inert - PW ruling D3 2026-09-28),4814,ijtv,255,,,,,,,,,,dB:Off:-50@31:-30@63:-10@127:0,,,,,,,,,,,,254,,,,,,
Aux003AuxSend008,1,3,8,,,Aux output mixed into aux N (aux mix matrix: x = source aux / y = destination aux; loop-free order - a self-feed or a feed that would close a loop is inert - PW ruling D3 2026-09-28),4815,ijtw,255,,,,,,,,,,dB:Off:-50@31:-30@63:-10@127:0,,,,,,,,,,,,254,,,,,,
Aux004AuxSend001,1,4,1,,,Aux output mixed into aux N (aux mix matrix: x = source aux / y = destination aux; loop-free order - a self-feed or a feed that would close a loop is inert - PW ruling D3 2026-09-28),4816,ijuh,255,,,,,,,,,,dB:Off:-50@31:-30@63:-10@127:0,,,,,,,,,,,,254,,,,,,
Aux004AuxSend002,1,4,2,,,Aux output mixed into aux N (aux mix matrix: x = source aux / y = destination aux; loop-free order - a self-feed or a feed that would close a loop is inert - PW ruling D3 2026-09-28),4817,ijui,255,,,,,,,,,,dB:Off:-50@31:-30@63:-10@127:0,,,,,,,,,,,,254,,,,,,
Aux004AuxSend003,1,4,3,,,Aux output mixed into aux N (aux mix matrix: x = source aux / y = destination aux; loop-free order - a self-feed or a feed that would close a loop is inert - PW ruling D3 2026-09-28),4818,ijuj,255,,,,,,,,,,dB:Off:-50@31:-30@63:-10@127:0,,,,,,,,,,,,254,,,,,,
Aux004AuxSend004,1,4,4,,,Aux output mixed into aux N (aux mix matrix: x = source aux / y = destination aux; loop-free order - a self-feed or a feed that would close a loop is inert - PW ruling D3 2026-09-28),4819,ijuk,255,,,,,,,,,,dB:Off:-50@31:-30@63:-10@127:0,,,,,,,,,,,,254,,,,,,
Aux004AuxSend005,1,4,5,,,Aux output mixed into aux N (aux mix matrix: x = source aux / y = destination aux; loop-free order - a self-feed or a feed that would close a loop is inert - PW ruling D3 2026-09-28),4820,ijul,255,,,,,,,,,,dB:Off:-50@31:-30@63:-10@127:0,,,,,,,,,,,,254,,,,,,
Aux004AuxSend006,1,4,6,,,Aux output mixed into aux N (aux mix matrix: x = source aux / y = destination aux; loop-free order - a self-feed or a feed that would close a loop is inert - PW ruling D3 2026-09-28),4821,ijum,255,,,,,,,,,,dB:Off:-50@31:-30@63:-10@127:0,,,,,,,,,,,,254,,,,,,
Aux004AuxSend007,1,4,7,,,Aux output mixed into aux N (aux mix matrix: x = source aux / y = destination aux; loop-free order - a self-feed or a feed that would close a loop is inert - PW ruling D3 2026-09-28),4822,ijun,255,,,,,,,,,,dB:Off:-50@31:-30@63:-10@127:0,,,,,,,,,,,,254,,,,,,
Aux004AuxSend008,1,4,8,,,Aux output mixed into aux N (aux mix matrix: x = source aux / y = destination aux; loop-free order - a self-feed or a feed that would close a loop is inert - PW ruling D3 2026-09-28),4823,ijuo,255,,,,,,,,,,dB:Off:-50@31:-30@63:-10@127:0,,,,,,,,,,,,254,,,,,,
Aux005AuxSend001,1,5,1,,,Aux output mixed into aux N (aux mix matrix: x = source aux / y = destination aux; loop-free order - a self-feed or a feed that would close a loop is inert - PW ruling D3 2026-09-28),4824,ijup,255,,,,,,,,,,dB:Off:-50@31:-30@63:-10@127:0,,,,,,,,,,,,254,,,,,,
Aux005AuxSend002,1,5,2,,,Aux output mixed into aux N (aux mix matrix: x = source aux / y = destination aux; loop-free order - a self-feed or a feed that would close a loop is inert - PW ruling D3 2026-09-28),4825,ijuq,255,,,,,,,,,,dB:Off:-50@31:-30@63:-10@127:0,,,,,,,,,,,,254,,,,,,
Aux005AuxSend003,1,5,3,,,Aux output mixed into aux N (aux mix matrix: x = source aux / y = destination aux; loop-free order - a self-feed or a feed that would close a loop is inert - PW ruling D3 2026-09-28),4826,ijur,255,,,,,,,,,,dB:Off:-50@31:-30@63:-10@127:0,,,,,,,,,,,,254,,,,,,
Aux005AuxSend004,1,5,4,,,Aux output mixed into aux N (aux mix matrix: x = source aux / y = destination aux; loop-free order - a self-feed or a feed that would close a loop is inert - PW ruling D3 2026-09-28),4827,ijus,255,,,,,,,,,,dB:Off:-50@31:-30@63:-10@127:0,,,,,,,,,,,,254,,,,,,
Aux005AuxSend005,1,5,5,,,Aux output mixed into aux N (aux mix matrix: x = source aux / y = destination aux; loop-free order - a self-feed or a feed that would close a loop is inert - PW ruling D3 2026-09-28),4828,ijut,255,,,,,,,,,,dB:Off:-50@31:-30@63:-10@127:0,,,,,,,,,,,,254,,,,,,
Aux005AuxSend006,1,5,6,,,Aux output mixed into aux N (aux mix matrix: x = source aux / y = destination aux; loop-free order - a self-feed or a feed that would close a loop is inert - PW ruling D3 2026-09-28),4829,ijuu,255,,,,,,,,,,dB:Off:-50@31:-30@63:-10@127:0,,,,,,,,,,,,254,,,,,,
Aux005AuxSend007,1,5,7,,,Aux output mixed into aux N (aux mix matrix: x = source aux / y = destination aux; loop-free order - a self-feed or a feed that would close a loop is inert - PW ruling D3 2026-09-28),4830,ijuv,255,,,,,,,,,,dB:Off:-50@31:-30@63:-10@127:0,,,,,,,,,,,,254,,,,,,
Aux005AuxSend008,1,5,8,,,Aux output mixed into aux N (aux mix matrix: x = source aux / y = destination aux; loop-free order - a self-feed or a feed that would close a loop is inert - PW ruling D3 2026-09-28),4831,ijuw,255,,,,,,,,,,dB:Off:-50@31:-30@63:-10@127:0,,,,,,,,,,,,254,,,,,,
Aux006AuxSend001,1,6,1,,,Aux output mixed into aux N (aux mix matrix: x = source aux / y = destination aux; loop-free order - a self-feed or a feed that would close a loop is inert - PW ruling D3 2026-09-28),4832,ijvh,255,,,,,,,,,,dB:Off:-50@31:-30@63:-10@127:0,,,,,,,,,,,,254,,,,,,
Aux006AuxSend002,1,6,2,,,Aux output mixed into aux N (aux mix matrix: x = source aux / y = destination aux; loop-free order - a self-feed or a feed that would close a loop is inert - PW ruling D3 2026-09-28),4833,ijvi,255,,,,,,,,,,dB:Off:-50@31:-30@63:-10@127:0,,,,,,,,,,,,254,,,,,,
Aux006AuxSend003,1,6,3,,,Aux output mixed into aux N (aux mix matrix: x = source aux / y = destination aux; loop-free order - a self-feed or a feed that would close a loop is inert - PW ruling D3 2026-09-28),4834,ijvj,255,,,,,,,,,,dB:Off:-50@31:-30@63:-10@127:0,,,,,,,,,,,,254,,,,,,
Aux006AuxSend004,1,6,4,,,Aux output mixed into aux N (aux mix matrix: x = source aux / y = destination aux; loop-free order - a self-feed or a feed that would close a loop is inert - PW ruling D3 2026-09-28),4835,ijvk,255,,,,,,,,,,dB:Off:-50@31:-30@63:-10@127:0,,,,,,,,,,,,254,,,,,,
Aux006AuxSend005,1,6,5,,,Aux output mixed into aux N (aux mix matrix: x = source aux / y = destination aux; loop-free order - a self-feed or a feed that would close a loop is inert - PW ruling D3 2026-09-28),4836,ijvl,255,,,,,,,,,,dB:Off:-50@31:-30@63:-10@127:0,,,,,,,,,,,,254,,,,,,
Aux006AuxSend006,1,6,6,,,Aux output mixed into aux N (aux mix matrix: x = source aux / y = destination aux; loop-free order - a self-feed or a feed that would close a loop is inert - PW ruling D3 2026-09-28),4837,ijvm,255,,,,,,,,,,dB:Off:-50@31:-30@63:-10@127:0,,,,,,,,,,,,254,,,,,,
Aux006AuxSend007,1,6,7,,,Aux output mixed into aux N (aux mix matrix: x = source aux / y = destination aux; loop-free order - a self-feed or a feed that would close a loop is inert - PW ruling D3 2026-09-28),4838,ijvn,255,,,,,,,,,,dB:Off:-50@31:-30@63:-10@127:0,,,,,,,,,,,,254,,,,,,
Aux006AuxSend008,1,6,8,,,Aux output mixed into aux N (aux mix matrix: x = source aux / y = destination aux; loop-free order - a self-feed or a feed that would close a loop is inert - PW ruling D3 2026-09-28),4839,ijvo,255,,,,,,,,,,dB:Off:-50@31:-30@63:-10@127:0,,,,,,,,,,,,254,,,,,,
Aux007AuxSend001,1,7,1,,,Aux output mixed into aux N (aux mix matrix: x = source aux / y = destination aux; loop-free order - a self-feed or a feed that would close a loop is inert - PW ruling D3 2026-09-28),4840,ijvp,255,,,,,,,,,,dB:Off:-50@31:-30@63:-10@127:0,,,,,,,,,,,,254,,,,,,
Aux007AuxSend002,1,7,2,,,Aux output mixed into aux N (aux mix matrix: x = source aux / y = destination aux; loop-free order - a self-feed or a feed that would close a loop is inert - PW ruling D3 2026-09-28),4841,ijvq,255,,,,,,,,,,dB:Off:-50@31:-30@63:-10@127:0,,,,,,,,,,,,254,,,,,,
Aux007AuxSend003,1,7,3,,,Aux output mixed into aux N (aux mix matrix: x = source aux / y = destination aux; loop-free order - a self-feed or a feed that would close a loop is inert - PW ruling D3 2026-09-28),4842,ijvr,255,,,,,,,,,,dB:Off:-50@31:-30@63:-10@127:0,,,,,,,,,,,,254,,,,,,
Aux007AuxSend004,1,7,4,,,Aux output mixed into aux N (aux mix matrix: x = source aux / y = destination aux; loop-free order - a self-feed or a feed that would close a loop is inert - PW ruling D3 2026-09-28),4843,ijvs,255,,,,,,,,,,dB:Off:-50@31:-30@63:-10@127:0,,,,,,,,,,,,254,,,,,,
Aux007AuxSend005,1,7,5,,,Aux output mixed into aux N (aux mix matrix: x = source aux / y = destination aux; loop-free order - a self-feed or a feed that would close a loop is inert - PW ruling D3 2026-09-28),4844,ijvt,255,,,,,,,,,,dB:Off:-50@31:-30@63:-10@127:0,,,,,,,,,,,,254,,,,,,
Aux007AuxSend006,1,7,6,,,Aux output mixed into aux N (aux mix matrix: x = source aux / y = destination aux; loop-free order - a self-feed or a feed that would close a loop is inert - PW ruling D3 2026-09-28),4845,ijvu,255,,,,,,,,,,dB:Off:-50@31:-30@63:-10@127:0,,,,,,,,,,,,254,,,,,,
Aux007AuxSend007,1,7,7,,,Aux output mixed into aux N (aux mix matrix: x = source aux / y = destination aux; loop-free order - a self-feed or a feed that would close a loop is inert - PW ruling D3 2026-09-28),4846,ijvv,255,,,,,,,,,,dB:Off:-50@31:-30@63:-10@127:0,,,,,,,,,,,,254,,,,,,
Aux007AuxSend008,1,7,8,,,Aux output mixed into aux N (aux mix matrix: x = source aux / y = destination aux; loop-free order - a self-feed or a feed that would close a loop is inert - PW ruling D3 2026-09-28),4847,ijvw,255,,,,,,,,,,dB:Off:-50@31:-30@63:-10@127:0,,,,,,,,,,,,254,,,,,,
Aux008AuxSend001,1,8,1,,,Aux output mixed into aux N (aux mix matrix: x = source aux / y = destination aux; loop-free order - a self-feed or a feed that would close a loop is inert - PW ruling D3 2026-09-28),4848,ijwh,255,,,,,,,,,,dB:Off:-50@31:-30@63:-10@127:0,,,,,,,,,,,,254,,,,,,
Aux008AuxSend002,1,8,2,,,Aux output mixed into aux N (aux mix matrix: x = source aux / y = destination aux; loop-free order - a self-feed or a feed that would close a loop is inert - PW ruling D3 2026-09-28),4849,ijwi,255,,,,,,,,,,dB:Off:-50@31:-30@63:-10@127:0,,,,,,,,,,,,254,,,,,,
Aux008AuxSend003,1,8,3,,,Aux output mixed into aux N (aux mix matrix: x = source aux / y = destination aux; loop-free order - a self-feed or a feed that would close a loop is inert - PW ruling D3 2026-09-28),4850,ijwj,255,,,,,,,,,,dB:Off:-50@31:-30@63:-10@127:0,,,,,,,,,,,,254,,,,,,
Aux008AuxSend004,1,8,4,,,Aux output mixed into aux N (aux mix matrix: x = source aux / y = destination aux; loop-free order - a self-feed or a feed that would close a loop is inert - PW ruling D3 2026-09-28),4851,ijwk,255,,,,,,,,,,dB:Off:-50@31:-30@63:-10@127:0,,,,,,,,,,,,254,,,,,,
Aux008AuxSend005,1,8,5,,,Aux output mixed into aux N (aux mix matrix: x = source aux / y = destination aux; loop-free order - a self-feed or a feed that would close a loop is inert - PW ruling D3 2026-09-28),4852,ijwl,255,,,,,,,,,,dB:Off:-50@31:-30@63:-10@127:0,,,,,,,,,,,,254,,,,,,
Aux008AuxSend006,1,8,6,,,Aux output mixed into aux N (aux mix matrix: x = source aux / y = destination aux; loop-free order - a self-feed or a feed that would close a loop is inert - PW ruling D3 2026-09-28),4853,ijwm,255,,,,,,,,,,dB:Off:-50@31:-30@63:-10@127:0,,,,,,,,,,,,254,,,,,,
Aux008AuxSend007,1,8,7,,,Aux output mixed into aux N (aux mix matrix: x = source aux / y = destination aux; loop-free order - a self-feed or a feed that would close a loop is inert - PW ruling D3 2026-09-28),4854,ijwn,255,,,,,,,,,,dB:Off:-50@31:-30@63:-10@127:0,,,,,,,,,,,,254,,,,,,
Aux008AuxSend008,1,8,8,,,Aux output mixed into aux N (aux mix matrix: x = source aux / y = destination aux; loop-free order - a self-feed or a feed that would close a loop is inert - PW ruling D3 2026-09-28),4855,ijwo,255,,,,,,,,,,dB:Off:-50@31:-30@63:-10@127:0,,,,,,,,,,,,254,,,,,,
Aux001AuxOn001,1,1,1,,,Aux output into aux N on/off (aux mix matrix - PW ruling D3 2026-09-28),4856,ijwp,1,,,,,,,,,,,,,,,,,,,,,,1,,,,,,
Aux001AuxOn002,1,1,2,,,Aux output into aux N on/off (aux mix matrix - PW ruling D3 2026-09-28),4857,ijwq,1,,,,,,,,,,,,,,,,,,,,,,1,,,,,,
Aux001AuxOn003,1,1,3,,,Aux output into aux N on/off (aux mix matrix - PW ruling D3 2026-09-28),4858,ijwr,1,,,,,,,,,,,,,,,,,,,,,,1,,,,,,
Aux001AuxOn004,1,1,4,,,Aux output into aux N on/off (aux mix matrix - PW ruling D3 2026-09-28),4859,ijws,1,,,,,,,,,,,,,,,,,,,,,,1,,,,,,
Aux001AuxOn005,1,1,5,,,Aux output into aux N on/off (aux mix matrix - PW ruling D3 2026-09-28),4860,ijwt,1,,,,,,,,,,,,,,,,,,,,,,1,,,,,,
Aux001AuxOn006,1,1,6,,,Aux output into aux N on/off (aux mix matrix - PW ruling D3 2026-09-28),4861,ijwu,1,,,,,,,,,,,,,,,,,,,,,,1,,,,,,
Aux001AuxOn007,1,1,7,,,Aux output into aux N on/off (aux mix matrix - PW ruling D3 2026-09-28),4862,ijwv,1,,,,,,,,,,,,,,,,,,,,,,1,,,,,,
Aux001AuxOn008,1,1,8,,,Aux output into aux N on/off (aux mix matrix - PW ruling D3 2026-09-28),4863,ijww,1,,,,,,,,,,,,,,,,,,,,,,1,,,,,,
Aux002AuxOn001,1,2,1,,,Aux output into aux N on/off (aux mix matrix - PW ruling D3 2026-09-28),4864,ikhh,1,,,,,,,,,,,,,,,,,,,,,,1,,,,,,
Aux002AuxOn002,1,2,2,,,Aux output into aux N on/off (aux mix matrix - PW ruling D3 2026-09-28),4865,ikhi,1,,,,,,,,,,,,,,,,,,,,,,1,,,,,,
Aux002AuxOn003,1,2,3,,,Aux output into aux N on/off (aux mix matrix - PW ruling D3 2026-09-28),4866,ikhj,1,,,,,,,,,,,,,,,,,,,,,,1,,,,,,
Aux002AuxOn004,1,2,4,,,Aux output into aux N on/off (aux mix matrix - PW ruling D3 2026-09-28),4867,ikhk,1,,,,,,,,,,,,,,,,,,,,,,1,,,,,,
Aux002AuxOn005,1,2,5,,,Aux output into aux N on/off (aux mix matrix - PW ruling D3 2026-09-28),4868,ikhl,1,,,,,,,,,,,,,,,,,,,,,,1,,,,,,
Aux002AuxOn006,1,2,6,,,Aux output into aux N on/off (aux mix matrix - PW ruling D3 2026-09-28),4869,ikhm,1,,,,,,,,,,,,,,,,,,,,,,1,,,,,,
Aux002AuxOn007,1,2,7,,,Aux output into aux N on/off (aux mix matrix - PW ruling D3 2026-09-28),4870,ikhn,1,,,,,,,,,,,,,,,,,,,,,,1,,,,,,
Aux002AuxOn008,1,2,8,,,Aux output into aux N on/off (aux mix matrix - PW ruling D3 2026-09-28),4871,ikho,1,,,,,,,,,,,,,,,,,,,,,,1,,,,,,
Aux003AuxOn001,1,3,1,,,Aux output into aux N on/off (aux mix matrix - PW ruling D3 2026-09-28),4872,ikhp,1,,,,,,,,,,,,,,,,,,,,,,1,,,,,,
Aux003AuxOn002,1,3,2,,,Aux output into aux N on/off (aux mix matrix - PW ruling D3 2026-09-28),4873,ikhq,1,,,,,,,,,,,,,,,,,,,,,,1,,,,,,
Aux003AuxOn003,1,3,3,,,Aux output into aux N on/off (aux mix matrix - PW ruling D3 2026-09-28),4874,ikhr,1,,,,,,,,,,,,,,,,,,,,,,1,,,,,,
Aux003AuxOn004,1,3,4,,,Aux output into aux N on/off (aux mix matrix - PW ruling D3 2026-09-28),4875,ikhs,1,,,,,,,,,,,,,,,,,,,,,,1,,,,,,
Aux003AuxOn005,1,3,5,,,Aux output into aux N on/off (aux mix matrix - PW ruling D3 2026-09-28),4876,ikht,1,,,,,,,,,,,,,,,,,,,,,,1,,,,,,
Aux003AuxOn006,1,3,6,,,Aux output into aux N on/off (aux mix matrix - PW ruling D3 2026-09-28),4877,ikhu,1,,,,,,,,,,,,,,,,,,,,,,1,,,,,,
Aux003AuxOn007,1,3,7,,,Aux output into aux N on/off (aux mix matrix - PW ruling D3 2026-09-28),4878,ikhv,1,,,,,,,,,,,,,,,,,,,,,,1,,,,,,
Aux003AuxOn008,1,3,8,,,Aux output into aux N on/off (aux mix matrix - PW ruling D3 2026-09-28),4879,ikhw,1,,,,,,,,,,,,,,,,,,,,,,1,,,,,,
Aux004AuxOn001,1,4,1,,,Aux output into aux N on/off (aux mix matrix - PW ruling D3 2026-09-28),4880,ikih,1,,,,,,,,,,,,,,,,,,,,,,1,,,,,,
Aux004AuxOn002,1,4,2,,,Aux output into aux N on/off (aux mix matrix - PW ruling D3 2026-09-28),4881,ikii,1,,,,,,,,,,,,,,,,,,,,,,1,,,,,,
Aux004AuxOn003,1,4,3,,,Aux output into aux N on/off (aux mix matrix - PW ruling D3 2026-09-28),4882,ikij,1,,,,,,,,,,,,,,,,,,,,,,1,,,,,,
Aux004AuxOn004,1,4,4,,,Aux output into aux N on/off (aux mix matrix - PW ruling D3 2026-09-28),4883,ikik,1,,,,,,,,,,,,,,,,,,,,,,1,,,,,,
Aux004AuxOn005,1,4,5,,,Aux output into aux N on/off (aux mix matrix - PW ruling D3 2026-09-28),4884,ikil,1,,,,,,,,,,,,,,,,,,,,,,1,,,,,,
Aux004AuxOn006,1,4,6,,,Aux output into aux N on/off (aux mix matrix - PW ruling D3 2026-09-28),4885,ikim,1,,,,,,,,,,,,,,,,,,,,,,1,,,,,,
Aux004AuxOn007,1,4,7,,,Aux output into aux N on/off (aux mix matrix - PW ruling D3 2026-09-28),4886,ikin,1,,,,,,,,,,,,,,,,,,,,,,1,,,,,,
Aux004AuxOn008,1,4,8,,,Aux output into aux N on/off (aux mix matrix - PW ruling D3 2026-09-28),4887,ikio,1,,,,,,,,,,,,,,,,,,,,,,1,,,,,,
Aux005AuxOn001,1,5,1,,,Aux output into aux N on/off (aux mix matrix - PW ruling D3 2026-09-28),4888,ikip,1,,,,,,,,,,,,,,,,,,,,,,1,,,,,,
Aux005AuxOn002,1,5,2,,,Aux output into aux N on/off (aux mix matrix - PW ruling D3 2026-09-28),4889,ikiq,1,,,,,,,,,,,,,,,,,,,,,,1,,,,,,
Aux005AuxOn003,1,5,3,,,Aux output into aux N on/off (aux mix matrix - PW ruling D3 2026-09-28),4890,ikir,1,,,,,,,,,,,,,,,,,,,,,,1,,,,,,
Aux005AuxOn004,1,5,4,,,Aux output into aux N on/off (aux mix matrix - PW ruling D3 2026-09-28),4891,ikis,1,,,,,,,,,,,,,,,,,,,,,,1,,,,,,
Aux005AuxOn005,1,5,5,,,Aux output into aux N on/off (aux mix matrix - PW ruling D3 2026-09-28),4892,ikit,1,,,,,,,,,,,,,,,,,,,,,,1,,,,,,
Aux005AuxOn006,1,5,6,,,Aux output into aux N on/off (aux mix matrix - PW ruling D3 2026-09-28),4893,ikiu,1,,,,,,,,,,,,,,,,,,,,,,1,,,,,,
Aux005AuxOn007,1,5,7,,,Aux output into aux N on/off (aux mix matrix - PW ruling D3 2026-09-28),4894,ikiv,1,,,,,,,,,,,,,,,,,,,,,,1,,,,,,
Aux005AuxOn008,1,5,8,,,Aux output into aux N on/off (aux mix matrix - PW ruling D3 2026-09-28),4895,ikiw,1,,,,,,,,,,,,,,,,,,,,,,1,,,,,,
Aux006AuxOn001,1,6,1,,,Aux output into aux N on/off (aux mix matrix - PW ruling D3 2026-09-28),4896,ikjh,1,,,,,,,,,,,,,,,,,,,,,,1,,,,,,
Aux006AuxOn002,1,6,2,,,Aux output into aux N on/off (aux mix matrix - PW ruling D3 2026-09-28),4897,ikji,1,,,,,,,,,,,,,,,,,,,,,,1,,,,,,
Aux006AuxOn003,1,6,3,,,Aux output into aux N on/off (aux mix matrix - PW ruling D3 2026-09-28),4898,ikjj,1,,,,,,,,,,,,,,,,,,,,,,1,,,,,,
Aux006AuxOn004,1,6,4,,,Aux output into aux N on/off (aux mix matrix - PW ruling D3 2026-09-28),4899,ikjk,1,,,,,,,,,,,,,,,,,,,,,,1,,,,,,
Aux006AuxOn005,1,6,5,,,Aux output into aux N on/off (aux mix matrix - PW ruling D3 2026-09-28),4900,ikjl,1,,,,,,,,,,,,,,,,,,,,,,1,,,,,,
Aux006AuxOn006,1,6,6,,,Aux output into aux N on/off (aux mix matrix - PW ruling D3 2026-09-28),4901,ikjm,1,,,,,,,,,,,,,,,,,,,,,,1,,,,,,
Aux006AuxOn007,1,6,7,,,Aux output into aux N on/off (aux mix matrix - PW ruling D3 2026-09-28),4902,ikjn,1,,,,,,,,,,,,,,,,,,,,,,1,,,,,,
Aux006AuxOn008,1,6,8,,,Aux output into aux N on/off (aux mix matrix - PW ruling D3 2026-09-28),4903,ikjo,1,,,,,,,,,,,,,,,,,,,,,,1,,,,,,
Aux007AuxOn001,1,7,1,,,Aux output into aux N on/off (aux mix matrix - PW ruling D3 2026-09-28),4904,ikjp,1,,,,,,,,,,,,,,,,,,,,,,1,,,,,,
Aux007AuxOn002,1,7,2,,,Aux output into aux N on/off (aux mix matrix - PW ruling D3 2026-09-28),4905,ikjq,1,,,,,,,,,,,,,,,,,,,,,,1,,,,,,
Aux007AuxOn003,1,7,3,,,Aux output into aux N on/off (aux mix matrix - PW ruling D3 2026-09-28),4906,ikjr,1,,,,,,,,,,,,,,,,,,,,,,1,,,,,,
Aux007AuxOn004,1,7,4,,,Aux output into aux N on/off (aux mix matrix - PW ruling D3 2026-09-28),4907,ikjs,1,,,,,,,,,,,,,,,,,,,,,,1,,,,,,
Aux007AuxOn005,1,7,5,,,Aux output into aux N on/off (aux mix matrix - PW ruling D3 2026-09-28),4908,ikjt,1,,,,,,,,,,,,,,,,,,,,,,1,,,,,,
Aux007AuxOn006,1,7,6,,,Aux output into aux N on/off (aux mix matrix - PW ruling D3 2026-09-28),4909,ikju,1,,,,,,,,,,,,,,,,,,,,,,1,,,,,,
Aux007AuxOn007,1,7,7,,,Aux output into aux N on/off (aux mix matrix - PW ruling D3 2026-09-28),4910,ikjv,1,,,,,,,,,,,,,,,,,,,,,,1,,,,,,
Aux007AuxOn008,1,7,8,,,Aux output into aux N on/off (aux mix matrix - PW ruling D3 2026-09-28),4911,ikjw,1,,,,,,,,,,,,,,,,,,,,,,1,,,,,,
Aux008AuxOn001,1,8,1,,,Aux output into aux N on/off (aux mix matrix - PW ruling D3 2026-09-28),4912,ikkh,1,,,,,,,,,,,,,,,,,,,,,,1,,,,,,
Aux008AuxOn002,1,8,2,,,Aux output into aux N on/off (aux mix matrix - PW ruling D3 2026-09-28),4913,ikki,1,,,,,,,,,,,,,,,,,,,,,,1,,,,,,
Aux008AuxOn003,1,8,3,,,Aux output into aux N on/off (aux mix matrix - PW ruling D3 2026-09-28),4914,ikkj,1,,,,,,,,,,,,,,,,,,,,,,1,,,,,,
Aux008AuxOn004,1,8,4,,,Aux output into aux N on/off (aux mix matrix - PW ruling D3 2026-09-28),4915,ikkk,1,,,,,,,,,,,,,,,,,,,,,,1,,,,,,
Aux008AuxOn005,1,8,5,,,Aux output into aux N on/off (aux mix matrix - PW ruling D3 2026-09-28),4916,ikkl,1,,,,,,,,,,,,,,,,,,,,,,1,,,,,,
Aux008AuxOn006,1,8,6,,,Aux output into aux N on/off (aux mix matrix - PW ruling D3 2026-09-28),4917,ikkm,1,,,,,,,,,,,,,,,,,,,,,,1,,,,,,
Aux008AuxOn007,1,8,7,,,Aux output into aux N on/off (aux mix matrix - PW ruling D3 2026-09-28),4918,ikkn,1,,,,,,,,,,,,,,,,,,,,,,1,,,,,,
Aux008AuxOn008,1,8,8,,,Aux output into aux N on/off (aux mix matrix - PW ruling D3 2026-09-28),4919,ikko,1,,,,,,,,,,,,,,,,,,,,,,1,,,,,,
MainL001LimiterDetSrc001,1,1,1,,,Main L output limiter detector source (enumeration provisional) (block B20/L23 - PW ruling D4 2026-09-28),4920,ikkp,2,,,,,,,,MainLimiter,,,,,,,,,,,,,,-,,,,,,
MainL001LimiterFilterOn001,1,1,1,,,Main L output limiter sidechain filter on/off (block B20/L23 - PW ruling D4 2026-09-28),4921,ikkq,2,,,,,,,,MainLimiter,,,,,,,,,,,,,,0,,,,,,
MainL001LimiterFilterHpf001,1,1,1,,,Main L output limiter sidechain HPF frequency (block B20/L23 - PW ruling D4 2026-09-28),4922,ikkr,65,32,,,,,,,MainLimiter,,0=20/64=1000/[Log],,,,,,,,,,,,-,,,,,,
MainL001LimiterFilterLpf001,1,1,1,,,Main L output limiter sidechain LPF frequency (block B20/L23 - PW ruling D4 2026-09-28),4923,ikks,255,127,,,,,,,MainLimiter,,0=500/127=20000/[Log],,,,,,,,,,,,-,,,,,,
MainL001LimiterFilterQ001,1,1,1,,,Main L output limiter sidechain filter Q (block B20/L23 - PW ruling D4 2026-09-28),4924,ikkt,15,7,,,,,,,MainLimiter,,0=0.1/14=10/[Log],,,,,,,,,,,,-,,,,,,
MainR001LimiterDetSrc001,1,1,1,,,Main R output limiter detector source (enumeration provisional) (block B20/L23 - PW ruling D4 2026-09-28),4925,ikku,2,,,,,,,,MainLimiter,,,,,,,,,,,,,,-,,,,,,
MainR001LimiterFilterOn001,1,1,1,,,Main R output limiter sidechain filter on/off (block B20/L23 - PW ruling D4 2026-09-28),4926,ikkv,2,,,,,,,,MainLimiter,,,,,,,,,,,,,,0,,,,,,
MainR001LimiterFilterHpf001,1,1,1,,,Main R output limiter sidechain HPF frequency (block B20/L23 - PW ruling D4 2026-09-28),4927,ikkw,65,32,,,,,,,MainLimiter,,0=20/64=1000/[Log],,,,,,,,,,,,-,,,,,,
MainR001LimiterFilterLpf001,1,1,1,,,Main R output limiter sidechain LPF frequency (block B20/L23 - PW ruling D4 2026-09-28),4928,iklh,255,127,,,,,,,MainLimiter,,0=500/127=20000/[Log],,,,,,,,,,,,-,,,,,,
MainR001LimiterFilterQ001,1,1,1,,,Main R output limiter sidechain filter Q (block B20/L23 - PW ruling D4 2026-09-28),4929,ikli,15,7,,,,,,,MainLimiter,,0=0.1/14=10/[Log],,,,,,,,,,,,-,,,,,,
MainCtr001LimiterDetSrc001,1,1,1,,,Center output limiter detector source (enumeration provisional) (block B20/L23 - PW ruling D4 2026-09-28),4930,iklj,2,,,,,,,,MainLimiter,,,,,,,,,,,,,,-,,,,,,
MainCtr001LimiterFilterOn001,1,1,1,,,Center output limiter sidechain filter on/off (block B20/L23 - PW ruling D4 2026-09-28),4931,iklk,2,,,,,,,,MainLimiter,,,,,,,,,,,,,,0,,,,,,
MainCtr001LimiterFilterHpf001,1,1,1,,,Center output limiter sidechain HPF frequency (block B20/L23 - PW ruling D4 2026-09-28),4932,ikll,65,32,,,,,,,MainLimiter,,0=20/64=1000/[Log],,,,,,,,,,,,-,,,,,,
MainCtr001LimiterFilterLpf001,1,1,1,,,Center output limiter sidechain LPF frequency (block B20/L23 - PW ruling D4 2026-09-28),4933,iklm,255,127,,,,,,,MainLimiter,,0=500/127=20000/[Log],,,,,,,,,,,,-,,,,,,
MainCtr001LimiterFilterQ001,1,1,1,,,Center output limiter sidechain filter Q (block B20/L23 - PW ruling D4 2026-09-28),4934,ikln,15,7,,,,,,,MainLimiter,,0=0.1/14=10/[Log],,,,,,,,,,,,-,,,,,,
MainSub001LimiterDetSrc001,1,1,1,,,Subwoofer limiter detector source (enumeration provisional) (block B20/L23 - PW ruling D4 2026-09-28),4935,iklo,2,,,,,,,,SubLimiter,,,,,,,,,,,,,,-,,,,,,
MainSub001LimiterFilterOn001,1,1,1,,,Subwoofer limiter sidechain filter on/off (block B20/L23 - PW ruling D4 2026-09-28),4936,iklp,2,,,,,,,,SubLimiter,,,,,,,,,,,,,,0,,,,,,
MainSub001LimiterFilterHpf001,1,1,1,,,Subwoofer limiter sidechain HPF frequency (block B20/L23 - PW ruling D4 2026-09-28),4937,iklq,65,32,,,,,,,SubLimiter,,0=20/64=1000/[Log],,,,,,,,,,,,-,,,,,,
MainSub001LimiterFilterLpf001,1,1,1,,,Subwoofer limiter sidechain LPF frequency (block B20/L23 - PW ruling D4 2026-09-28),4938,iklr,255,127,,,,,,,SubLimiter,,0=500/127=20000/[Log],,,,,,,,,,,,-,,,,,,
MainSub001LimiterFilterQ001,1,1,1,,,Subwoofer limiter sidechain filter Q (block B20/L23 - PW ruling D4 2026-09-28),4939,ikls,15,7,,,,,,,SubLimiter,,0=0.1/14=10/[Log],,,,,,,,,,,,-,,,,,,
Aux001LimiterDetSrc001,1,1,1,,,Aux limiter detector source (enumeration provisional) (block B20/L23 - PW ruling D4 2026-09-28),4940,iklt,2,,,,,,,,AuxLimiter,,,,,,,,,,,,,,-,,,,,,
Aux002LimiterDetSrc001,1,2,1,,,Aux limiter detector source (enumeration provisional) (block B20/L23 - PW ruling D4 2026-09-28),4941,iklu,2,,,,,,,,AuxLimiter,,,,,,,,,,,,,,-,,,,,,
Aux003LimiterDetSrc001,1,3,1,,,Aux limiter detector source (enumeration provisional) (block B20/L23 - PW ruling D4 2026-09-28),4942,iklv,2,,,,,,,,AuxLimiter,,,,,,,,,,,,,,-,,,,,,
Aux004LimiterDetSrc001,1,4,1,,,Aux limiter detector source (enumeration provisional) (block B20/L23 - PW ruling D4 2026-09-28),4943,iklw,2,,,,,,,,AuxLimiter,,,,,,,,,,,,,,-,,,,,,
Aux005LimiterDetSrc001,1,5,1,,,Aux limiter detector source (enumeration provisional) (block B20/L23 - PW ruling D4 2026-09-28),4944,ikmh,2,,,,,,,,AuxLimiter,,,,,,,,,,,,,,-,,,,,,
Aux006LimiterDetSrc001,1,6,1,,,Aux limiter detector source (enumeration provisional) (block B20/L23 - PW ruling D4 2026-09-28),4945,ikmi,2,,,,,,,,AuxLimiter,,,,,,,,,,,,,,-,,,,,,
Aux007LimiterDetSrc001,1,7,1,,,Aux limiter detector source (enumeration provisional) (block B20/L23 - PW ruling D4 2026-09-28),4946,ikmj,2,,,,,,,,AuxLimiter,,,,,,,,,,,,,,-,,,,,,
Aux008LimiterDetSrc001,1,8,1,,,Aux limiter detector source (enumeration provisional) (block B20/L23 - PW ruling D4 2026-09-28),4947,ikmk,2,,,,,,,,AuxLimiter,,,,,,,,,,,,,,-,,,,,,
Aux001LimiterFilterOn001,1,1,1,,,Aux limiter sidechain filter on/off (block B20/L23 - PW ruling D4 2026-09-28),4948,ikml,2,,,,,,,,AuxLimiter,,,,,,,,,,,,,,0,,,,,,
Aux002LimiterFilterOn001,1,2,1,,,Aux limiter sidechain filter on/off (block B20/L23 - PW ruling D4 2026-09-28),4949,ikmm,2,,,,,,,,AuxLimiter,,,,,,,,,,,,,,0,,,,,,
Aux003LimiterFilterOn001,1,3,1,,,Aux limiter sidechain filter on/off (block B20/L23 - PW ruling D4 2026-09-28),4950,ikmn,2,,,,,,,,AuxLimiter,,,,,,,,,,,,,,0,,,,,,
Aux004LimiterFilterOn001,1,4,1,,,Aux limiter sidechain filter on/off (block B20/L23 - PW ruling D4 2026-09-28),4951,ikmo,2,,,,,,,,AuxLimiter,,,,,,,,,,,,,,0,,,,,,
Aux005LimiterFilterOn001,1,5,1,,,Aux limiter sidechain filter on/off (block B20/L23 - PW ruling D4 2026-09-28),4952,ikmp,2,,,,,,,,AuxLimiter,,,,,,,,,,,,,,0,,,,,,
Aux006LimiterFilterOn001,1,6,1,,,Aux limiter sidechain filter on/off (block B20/L23 - PW ruling D4 2026-09-28),4953,ikmq,2,,,,,,,,AuxLimiter,,,,,,,,,,,,,,0,,,,,,
Aux007LimiterFilterOn001,1,7,1,,,Aux limiter sidechain filter on/off (block B20/L23 - PW ruling D4 2026-09-28),4954,ikmr,2,,,,,,,,AuxLimiter,,,,,,,,,,,,,,0,,,,,,
Aux008LimiterFilterOn001,1,8,1,,,Aux limiter sidechain filter on/off (block B20/L23 - PW ruling D4 2026-09-28),4955,ikms,2,,,,,,,,AuxLimiter,,,,,,,,,,,,,,0,,,,,,
Aux001LimiterFilterHpf001,1,1,1,,,Aux limiter sidechain HPF frequency (block B20/L23 - PW ruling D4 2026-09-28),4956,ikmt,65,32,,,,,,,AuxLimiter,,0=20/64=1000/[Log],,,,,,,,,,,,-,,,,,,
Aux002LimiterFilterHpf001,1,2,1,,,Aux limiter sidechain HPF frequency (block B20/L23 - PW ruling D4 2026-09-28),4957,ikmu,65,32,,,,,,,AuxLimiter,,0=20/64=1000/[Log],,,,,,,,,,,,-,,,,,,
Aux003LimiterFilterHpf001,1,3,1,,,Aux limiter sidechain HPF frequency (block B20/L23 - PW ruling D4 2026-09-28),4958,ikmv,65,32,,,,,,,AuxLimiter,,0=20/64=1000/[Log],,,,,,,,,,,,-,,,,,,
Aux004LimiterFilterHpf001,1,4,1,,,Aux limiter sidechain HPF frequency (block B20/L23 - PW ruling D4 2026-09-28),4959,ikmw,65,32,,,,,,,AuxLimiter,,0=20/64=1000/[Log],,,,,,,,,,,,-,,,,,,
Aux005LimiterFilterHpf001,1,5,1,,,Aux limiter sidechain HPF frequency (block B20/L23 - PW ruling D4 2026-09-28),4960,iknh,65,32,,,,,,,AuxLimiter,,0=20/64=1000/[Log],,,,,,,,,,,,-,,,,,,
Aux006LimiterFilterHpf001,1,6,1,,,Aux limiter sidechain HPF frequency (block B20/L23 - PW ruling D4 2026-09-28),4961,ikni,65,32,,,,,,,AuxLimiter,,0=20/64=1000/[Log],,,,,,,,,,,,-,,,,,,
Aux007LimiterFilterHpf001,1,7,1,,,Aux limiter sidechain HPF frequency (block B20/L23 - PW ruling D4 2026-09-28),4962,iknj,65,32,,,,,,,AuxLimiter,,0=20/64=1000/[Log],,,,,,,,,,,,-,,,,,,
Aux008LimiterFilterHpf001,1,8,1,,,Aux limiter sidechain HPF frequency (block B20/L23 - PW ruling D4 2026-09-28),4963,iknk,65,32,,,,,,,AuxLimiter,,0=20/64=1000/[Log],,,,,,,,,,,,-,,,,,,
Aux001LimiterFilterLpf001,1,1,1,,,Aux limiter sidechain LPF frequency (block B20/L23 - PW ruling D4 2026-09-28),4964,iknl,255,127,,,,,,,AuxLimiter,,0=500/127=20000/[Log],,,,,,,,,,,,-,,,,,,
Aux002LimiterFilterLpf001,1,2,1,,,Aux limiter sidechain LPF frequency (block B20/L23 - PW ruling D4 2026-09-28),4965,iknm,255,127,,,,,,,AuxLimiter,,0=500/127=20000/[Log],,,,,,,,,,,,-,,,,,,
Aux003LimiterFilterLpf001,1,3,1,,,Aux limiter sidechain LPF frequency (block B20/L23 - PW ruling D4 2026-09-28),4966,iknn,255,127,,,,,,,AuxLimiter,,0=500/127=20000/[Log],,,,,,,,,,,,-,,,,,,
Aux004LimiterFilterLpf001,1,4,1,,,Aux limiter sidechain LPF frequency (block B20/L23 - PW ruling D4 2026-09-28),4967,ikno,255,127,,,,,,,AuxLimiter,,0=500/127=20000/[Log],,,,,,,,,,,,-,,,,,,
Aux005LimiterFilterLpf001,1,5,1,,,Aux limiter sidechain LPF frequency (block B20/L23 - PW ruling D4 2026-09-28),4968,iknp,255,127,,,,,,,AuxLimiter,,0=500/127=20000/[Log],,,,,,,,,,,,-,,,,,,
Aux006LimiterFilterLpf001,1,6,1,,,Aux limiter sidechain LPF frequency (block B20/L23 - PW ruling D4 2026-09-28),4969,iknq,255,127,,,,,,,AuxLimiter,,0=500/127=20000/[Log],,,,,,,,,,,,-,,,,,,
Aux007LimiterFilterLpf001,1,7,1,,,Aux limiter sidechain LPF frequency (block B20/L23 - PW ruling D4 2026-09-28),4970,iknr,255,127,,,,,,,AuxLimiter,,0=500/127=20000/[Log],,,,,,,,,,,,-,,,,,,
Aux008LimiterFilterLpf001,1,8,1,,,Aux limiter sidechain LPF frequency (block B20/L23 - PW ruling D4 2026-09-28),4971,ikns,255,127,,,,,,,AuxLimiter,,0=500/127=20000/[Log],,,,,,,,,,,,-,,,,,,
Aux001LimiterFilterQ001,1,1,1,,,Aux limiter sidechain filter Q (block B20/L23 - PW ruling D4 2026-09-28),4972,iknt,15,7,,,,,,,AuxLimiter,,0=0.1/14=10/[Log],,,,,,,,,,,,-,,,,,,
Aux002LimiterFilterQ001,1,2,1,,,Aux limiter sidechain filter Q (block B20/L23 - PW ruling D4 2026-09-28),4973,iknu,15,7,,,,,,,AuxLimiter,,0=0.1/14=10/[Log],,,,,,,,,,,,-,,,,,,
Aux003LimiterFilterQ001,1,3,1,,,Aux limiter sidechain filter Q (block B20/L23 - PW ruling D4 2026-09-28),4974,iknv,15,7,,,,,,,AuxLimiter,,0=0.1/14=10/[Log],,,,,,,,,,,,-,,,,,,
Aux004LimiterFilterQ001,1,4,1,,,Aux limiter sidechain filter Q (block B20/L23 - PW ruling D4 2026-09-28),4975,iknw,15,7,,,,,,,AuxLimiter,,0=0.1/14=10/[Log],,,,,,,,,,,,-,,,,,,
Aux005LimiterFilterQ001,1,5,1,,,Aux limiter sidechain filter Q (block B20/L23 - PW ruling D4 2026-09-28),4976,ikoh,15,7,,,,,,,AuxLimiter,,0=0.1/14=10/[Log],,,,,,,,,,,,-,,,,,,
Aux006LimiterFilterQ001,1,6,1,,,Aux limiter sidechain filter Q (block B20/L23 - PW ruling D4 2026-09-28),4977,ikoi,15,7,,,,,,,AuxLimiter,,0=0.1/14=10/[Log],,,,,,,,,,,,-,,,,,,
Aux007LimiterFilterQ001,1,7,1,,,Aux limiter sidechain filter Q (block B20/L23 - PW ruling D4 2026-09-28),4978,ikoj,15,7,,,,,,,AuxLimiter,,0=0.1/14=10/[Log],,,,,,,,,,,,-,,,,,,
Aux008LimiterFilterQ001,1,8,1,,,Aux limiter sidechain filter Q (block B20/L23 - PW ruling D4 2026-09-28),4979,ikok,15,7,,,,,,,AuxLimiter,,0=0.1/14=10/[Log],,,,,,,,,,,,-,,,,,,
Main001CrossoverFreq001,1,1,1,,,Main L/R HPF crossover frequency: ONE parameter set driving the two DSP crossover instances (Main L and Main R); LF summed to the mono Sub (PW ruling D5 2026-09-28),4980,ikol,255,,,,,,,,MainCrossover,,0=50/127=500/[Log],,,,,2,1,1436,0x059C,,,,-,EqSafe,LinearFrames,12,12,Linear,CoeffSetAtomic
Main001CrossoverSlope001,1,1,1,,,Main L/R crossover slope 6/12/18/24 dB/oct (codes 0-3): ONE parameter set driving the two DSP crossover instances (Main L and Main R); LF summed to the mono Sub (PW ruling D5 2026-09-28),4981,ikom,4,,,,,,,,MainCrossover,,0=6/3=24/[Lin],,,,,2,1,1437,0x059D,,,,-,InstantCtl,Instant,0,0,Linear,Scalar
Main001CrossoverOn001,1,1,1,,,Main L/R crossover IN on/off (block B24 IN): ONE parameter set driving the two DSP crossover instances (Main L and Main R); LF summed to the mono Sub (PW ruling D5 2026-09-28),4982,ikon,2,,,,,,,,MainCrossover,,,,,,,2,1,1438,0x059E,,,,0,InstantCtl,Instant,0,0,Linear,Scalar
Main001CrossoverLink001,1,1,1,,,Woof LPF crossover follows the Main HPF frequency and slope: 1 = linked / 0 = UNLINK (MainSub CrossoverFreq and CrossoverSlope then apply) (block D24 - PW ruling D5 2026-09-28),4983,ikoo,2,,,,,,,,MainCrossover,,,,,,,2,1,1439,0x059F,,,,0,InstantCtl,Instant,0,0,Linear,Scalar
MainSub001Src001,1,1,1,,,Woof (sub) source select: 0 = Main L/R sum / 1-16 = Aux N (D24: aux 1-8); when a mic/line channel is the LF source its aux sends auto-set post fader (block E19 - PW ruling D6 2026-09-28),4984,ikop,17,,,,,,,,,,,,,,,2,1,2360,0x0938,,,,-,InstantCtl,Instant,0,0,Linear,Scalar
Main001Out3Link001,1,1,1,,,L.R. Fader Link: the output-3 master fader (Centre or Woof per Out3Mode) follows the Main L/R fader (block C23 - PW ruling D6 2026-09-28),4985,ikoq,2,,,,,,,,,,,,,,,2,1,2401,0x0961,,,,0,InstantCtl,Instant,0,0,Linear,Scalar
MainCtr001Geq001,1,1,1,,,Centre output 31-band 1/3-octave GEQ gain per band (block D19 - PW ruling D6 2026-09-28),4986,ikor,65,32,,,,,,,MainEq,,0=-12/127=12/[Lin],,,,,2,1,2281,0x08E9,,,,32,EqSafe,LinearFrames,12,12,Linear,CoeffSetAtomic
MainCtr001Geq002,1,1,2,,,Centre output 31-band 1/3-octave GEQ gain per band (block D19 - PW ruling D6 2026-09-28),4987,ikos,65,32,,,,,,,MainEq,,0=-12/127=12/[Lin],,,,,2,1,2282,0x08EA,,,,32,EqSafe,LinearFrames,12,12,Linear,CoeffSetAtomic
MainCtr001Geq003,1,1,3,,,Centre output 31-band 1/3-octave GEQ gain per band (block D19 - PW ruling D6 2026-09-28),4988,ikot,65,32,,,,,,,MainEq,,0=-12/127=12/[Lin],,,,,2,1,2283,0x08EB,,,,32,EqSafe,LinearFrames,12,12,Linear,CoeffSetAtomic
MainCtr001Geq004,1,1,4,,,Centre output 31-band 1/3-octave GEQ gain per band (block D19 - PW ruling D6 2026-09-28),4989,ikou,65,32,,,,,,,MainEq,,0=-12/127=12/[Lin],,,,,2,1,2284,0x08EC,,,,32,EqSafe,LinearFrames,12,12,Linear,CoeffSetAtomic
MainCtr001Geq005,1,1,5,,,Centre output 31-band 1/3-octave GEQ gain per band (block D19 - PW ruling D6 2026-09-28),4990,ikov,65,32,,,,,,,MainEq,,0=-12/127=12/[Lin],,,,,2,1,2285,0x08ED,,,,32,EqSafe,LinearFrames,12,12,Linear,CoeffSetAtomic
MainCtr001Geq006,1,1,6,,,Centre output 31-band 1/3-octave GEQ gain per band (block D19 - PW ruling D6 2026-09-28),4991,ikow,65,32,,,,,,,MainEq,,0=-12/127=12/[Lin],,,,,2,1,2286,0x08EE,,,,32,EqSafe,LinearFrames,12,12,Linear,CoeffSetAtomic
MainCtr001Geq007,1,1,7,,,Centre output 31-band 1/3-octave GEQ gain per band (block D19 - PW ruling D6 2026-09-28),4992,ikph,65,32,,,,,,,MainEq,,0=-12/127=12/[Lin],,,,,2,1,2287,0x08EF,,,,32,EqSafe,LinearFrames,12,12,Linear,CoeffSetAtomic
MainCtr001Geq008,1,1,8,,,Centre output 31-band 1/3-octave GEQ gain per band (block D19 - PW ruling D6 2026-09-28),4993,ikpi,65,32,,,,,,,MainEq,,0=-12/127=12/[Lin],,,,,2,1,2288,0x08F0,,,,32,EqSafe,LinearFrames,12,12,Linear,CoeffSetAtomic
MainCtr001Geq009,1,1,9,,,Centre output 31-band 1/3-octave GEQ gain per band (block D19 - PW ruling D6 2026-09-28),4994,ikpj,65,32,,,,,,,MainEq,,0=-12/127=12/[Lin],,,,,2,1,2289,0x08F1,,,,32,EqSafe,LinearFrames,12,12,Linear,CoeffSetAtomic
MainCtr001Geq010,1,1,10,,,Centre output 31-band 1/3-octave GEQ gain per band (block D19 - PW ruling D6 2026-09-28),4995,ikpk,65,32,,,,,,,MainEq,,0=-12/127=12/[Lin],,,,,2,1,2290,0x08F2,,,,32,EqSafe,LinearFrames,12,12,Linear,CoeffSetAtomic
MainCtr001Geq011,1,1,11,,,Centre output 31-band 1/3-octave GEQ gain per band (block D19 - PW ruling D6 2026-09-28),4996,ikpl,65,32,,,,,,,MainEq,,0=-12/127=12/[Lin],,,,,2,1,2291,0x08F3,,,,32,EqSafe,LinearFrames,12,12,Linear,CoeffSetAtomic
MainCtr001Geq012,1,1,12,,,Centre output 31-band 1/3-octave GEQ gain per band (block D19 - PW ruling D6 2026-09-28),4997,ikpm,65,32,,,,,,,MainEq,,0=-12/127=12/[Lin],,,,,2,1,2292,0x08F4,,,,32,EqSafe,LinearFrames,12,12,Linear,CoeffSetAtomic
MainCtr001Geq013,1,1,13,,,Centre output 31-band 1/3-octave GEQ gain per band (block D19 - PW ruling D6 2026-09-28),4998,ikpn,65,32,,,,,,,MainEq,,0=-12/127=12/[Lin],,,,,2,1,2293,0x08F5,,,,32,EqSafe,LinearFrames,12,12,Linear,CoeffSetAtomic
MainCtr001Geq014,1,1,14,,,Centre output 31-band 1/3-octave GEQ gain per band (block D19 - PW ruling D6 2026-09-28),4999,ikpo,65,32,,,,,,,MainEq,,0=-12/127=12/[Lin],,,,,2,1,2294,0x08F6,,,,32,EqSafe,LinearFrames,12,12,Linear,CoeffSetAtomic
MainCtr001Geq015,1,1,15,,,Centre output 31-band 1/3-octave GEQ gain per band (block D19 - PW ruling D6 2026-09-28),5000,ikpp,65,32,,,,,,,MainEq,,0=-12/127=12/[Lin],,,,,2,1,2295,0x08F7,,,,32,EqSafe,LinearFrames,12,12,Linear,CoeffSetAtomic
MainCtr001Geq016,1,1,16,,,Centre output 31-band 1/3-octave GEQ gain per band (block D19 - PW ruling D6 2026-09-28),5001,ikpq,65,32,,,,,,,MainEq,,0=-12/127=12/[Lin],,,,,2,1,2296,0x08F8,,,,32,EqSafe,LinearFrames,12,12,Linear,CoeffSetAtomic
MainCtr001Geq017,1,1,17,,,Centre output 31-band 1/3-octave GEQ gain per band (block D19 - PW ruling D6 2026-09-28),5002,ikpr,65,32,,,,,,,MainEq,,0=-12/127=12/[Lin],,,,,2,1,2297,0x08F9,,,,32,EqSafe,LinearFrames,12,12,Linear,CoeffSetAtomic
MainCtr001Geq018,1,1,18,,,Centre output 31-band 1/3-octave GEQ gain per band (block D19 - PW ruling D6 2026-09-28),5003,ikps,65,32,,,,,,,MainEq,,0=-12/127=12/[Lin],,,,,2,1,2298,0x08FA,,,,32,EqSafe,LinearFrames,12,12,Linear,CoeffSetAtomic
MainCtr001Geq019,1,1,19,,,Centre output 31-band 1/3-octave GEQ gain per band (block D19 - PW ruling D6 2026-09-28),5004,ikpt,65,32,,,,,,,MainEq,,0=-12/127=12/[Lin],,,,,2,1,2299,0x08FB,,,,32,EqSafe,LinearFrames,12,12,Linear,CoeffSetAtomic
MainCtr001Geq020,1,1,20,,,Centre output 31-band 1/3-octave GEQ gain per band (block D19 - PW ruling D6 2026-09-28),5005,ikpu,65,32,,,,,,,MainEq,,0=-12/127=12/[Lin],,,,,2,1,2300,0x08FC,,,,32,EqSafe,LinearFrames,12,12,Linear,CoeffSetAtomic
MainCtr001Geq021,1,1,21,,,Centre output 31-band 1/3-octave GEQ gain per band (block D19 - PW ruling D6 2026-09-28),5006,ikpv,65,32,,,,,,,MainEq,,0=-12/127=12/[Lin],,,,,2,1,2301,0x08FD,,,,32,EqSafe,LinearFrames,12,12,Linear,CoeffSetAtomic
MainCtr001Geq022,1,1,22,,,Centre output 31-band 1/3-octave GEQ gain per band (block D19 - PW ruling D6 2026-09-28),5007,ikpw,65,32,,,,,,,MainEq,,0=-12/127=12/[Lin],,,,,2,1,2302,0x08FE,,,,32,EqSafe,LinearFrames,12,12,Linear,CoeffSetAtomic
MainCtr001Geq023,1,1,23,,,Centre output 31-band 1/3-octave GEQ gain per band (block D19 - PW ruling D6 2026-09-28),5008,ikqh,65,32,,,,,,,MainEq,,0=-12/127=12/[Lin],,,,,2,1,2303,0x08FF,,,,32,EqSafe,LinearFrames,12,12,Linear,CoeffSetAtomic
MainCtr001Geq024,1,1,24,,,Centre output 31-band 1/3-octave GEQ gain per band (block D19 - PW ruling D6 2026-09-28),5009,ikqi,65,32,,,,,,,MainEq,,0=-12/127=12/[Lin],,,,,2,1,2304,0x0900,,,,32,EqSafe,LinearFrames,12,12,Linear,CoeffSetAtomic
MainCtr001Geq025,1,1,25,,,Centre output 31-band 1/3-octave GEQ gain per band (block D19 - PW ruling D6 2026-09-28),5010,ikqj,65,32,,,,,,,MainEq,,0=-12/127=12/[Lin],,,,,2,1,2305,0x0901,,,,32,EqSafe,LinearFrames,12,12,Linear,CoeffSetAtomic
MainCtr001Geq026,1,1,26,,,Centre output 31-band 1/3-octave GEQ gain per band (block D19 - PW ruling D6 2026-09-28),5011,ikqk,65,32,,,,,,,MainEq,,0=-12/127=12/[Lin],,,,,2,1,2306,0x0902,,,,32,EqSafe,LinearFrames,12,12,Linear,CoeffSetAtomic
MainCtr001Geq027,1,1,27,,,Centre output 31-band 1/3-octave GEQ gain per band (block D19 - PW ruling D6 2026-09-28),5012,ikql,65,32,,,,,,,MainEq,,0=-12/127=12/[Lin],,,,,2,1,2307,0x0903,,,,32,EqSafe,LinearFrames,12,12,Linear,CoeffSetAtomic
MainCtr001Geq028,1,1,28,,,Centre output 31-band 1/3-octave GEQ gain per band (block D19 - PW ruling D6 2026-09-28),5013,ikqm,65,32,,,,,,,MainEq,,0=-12/127=12/[Lin],,,,,2,1,2308,0x0904,,,,32,EqSafe,LinearFrames,12,12,Linear,CoeffSetAtomic
MainCtr001Geq029,1,1,29,,,Centre output 31-band 1/3-octave GEQ gain per band (block D19 - PW ruling D6 2026-09-28),5014,ikqn,65,32,,,,,,,MainEq,,0=-12/127=12/[Lin],,,,,2,1,2309,0x0905,,,,32,EqSafe,LinearFrames,12,12,Linear,CoeffSetAtomic
MainCtr001Geq030,1,1,30,,,Centre output 31-band 1/3-octave GEQ gain per band (block D19 - PW ruling D6 2026-09-28),5015,ikqo,65,32,,,,,,,MainEq,,0=-12/127=12/[Lin],,,,,2,1,2310,0x0906,,,,32,EqSafe,LinearFrames,12,12,Linear,CoeffSetAtomic
MainCtr001Geq031,1,1,31,,,Centre output 31-band 1/3-octave GEQ gain per band (block D19 - PW ruling D6 2026-09-28),5016,ikqp,65,32,,,,,,,MainEq,,0=-12/127=12/[Lin],,,,,2,1,2311,0x0907,,,,32,EqSafe,LinearFrames,12,12,Linear,CoeffSetAtomic
Main001Out3Delay001,1,1,1,,,Output 3 (Centre/LF XLR) delay up to 250ms: ONE set after the Centre/Sub source switch shared by whichever strip Out3Mode selects (block D27 - PW ruling D6 2026-09-28),5017,ikqq,255,,,,,,,,,,0=0/127=250/[Log],,,,,2,1,1368,0x0558,,,,0,InstantCtl,Instant,0,0,Linear,Scalar
Main001Out3Mute001,1,1,1,,,Output 3 (Centre/LF XLR) mute on/off: ONE set after the Centre/Sub source switch shared by whichever strip Out3Mode selects (block D27 - PW ruling D6 2026-09-28),5018,ikqr,2,,,,,,,,,,,,,,,2,1,2417,0x0971,,,,0,InstantCtl,Instant,0,0,Linear,Scalar
Main001Out3Mtr001,1,1,1,,false,Output 3 (Centre/LF XLR) level meter: ONE set after the Centre/Sub source switch shared by whichever strip Out3Mode selects (block D27 - PW ruling D6 2026-09-28),5019,ikqs,80,,,,,,,,Chan_Mtr,,,,,,,2,1,1841,0x0731,,,,-,,Instant,0,0,Linear,Scalar
Mon001PhonesLevel001,1,1,1,,,Phones output level: its own DAC pair (DAC 09/10) off the same Cue / Main L-R source select as the monitor output; separate from Mon Level (block G17 - PW ruling D7 2026-09-28),5020,ikqt,255,,,,,,,,,,dB:Off:-50@31:-30@63:-10@127:10,,,,,2,1,2409,0x0969,,,,-,GainFast,Slew,3,8,Exp,Scalar
Mon001PhonesDelay001,1,1,1,,,Phones output delay up to 250ms: separate from Mon Delay (block G16 - PW ruling D7 2026-09-28),5021,ikqu,255,,,,,,,,,,0=0/127=250/[Log],,,,,2,1,2414,0x096E,,,,-,InstantCtl,Instant,0,0,Linear,Scalar
Mon001PickOff001,1,1,1,,,Monitor Main L-R source pick-off point for Main L / R / C: 0=pre-processing 1=post-processing 2=post-fader (block F19-G23 - PW ruling D8 2026-09-28),5022,ikqv,3,,,,,,,,,,,,,,,2,1,2404,0x0964,,,,-,InstantCtl,Instant,0,0,Linear,Scalar
Mon001CueOn001,1,1,1,,,Monitor CUE switch: 1 = the cue bus replaces the Main L-R source on the monitor and phones outputs (block F16 - PW ruling D8 2026-09-28),5023,ikqw,2,,,,,,,,,,,,,,,,,,,,,,-,,,,,,
Main001AntiFbOn001,1,1,1,,,Main L/R anti-feedback system on/off (block B25/C25 - PW ruling D9 2026-09-28),5024,ikrh,2,,,,,,,,,,,,,,,2,1,2336,0x0920,,,,0,InstantCtl,Instant,0,0,Linear,Scalar
Main001AntiFbCtrlOn001,1,1,1,,,Main L/R anti-feedback automatic control on/off (block B25/C25 - PW ruling D9 2026-09-28),5025,ikri,2,,,,,,,,,,,,,,,2,1,2337,0x0921,,,,0,InstantCtl,Instant,0,0,Linear,Scalar
Main001AntiFbNotchFreq001,1,1,1,,,Main L/R anti-feedback notch filter centre frequency (block B25/C25 - PW ruling D9 2026-09-28),5026,ikrj,255,,,,,,,,,,0=40/127=12000/[Log],,,,,2,1,2338,0x0922,,,,-,InstantCtl,Instant,0,0,Linear,Scalar
Main001AntiFbNotchFreq002,1,1,2,,,Main L/R anti-feedback notch filter centre frequency (block B25/C25 - PW ruling D9 2026-09-28),5027,ikrk,255,,,,,,,,,,0=40/127=12000/[Log],,,,,2,1,2339,0x0923,,,,-,InstantCtl,Instant,0,0,Linear,Scalar
Main001AntiFbNotchFreq003,1,1,3,,,Main L/R anti-feedback notch filter centre frequency (block B25/C25 - PW ruling D9 2026-09-28),5028,ikrl,255,,,,,,,,,,0=40/127=12000/[Log],,,,,2,1,2340,0x0924,,,,-,InstantCtl,Instant,0,0,Linear,Scalar
Main001AntiFbNotchFreq004,1,1,4,,,Main L/R anti-feedback notch filter centre frequency (block B25/C25 - PW ruling D9 2026-09-28),5029,ikrm,255,,,,,,,,,,0=40/127=12000/[Log],,,,,2,1,2341,0x0925,,,,-,InstantCtl,Instant,0,0,Linear,Scalar
Main001AntiFbNotchFreq005,1,1,5,,,Main L/R anti-feedback notch filter centre frequency (block B25/C25 - PW ruling D9 2026-09-28),5030,ikrn,255,,,,,,,,,,0=40/127=12000/[Log],,,,,2,1,2342,0x0926,,,,-,InstantCtl,Instant,0,0,Linear,Scalar
Main001AntiFbNotchFreq006,1,1,6,,,Main L/R anti-feedback notch filter centre frequency (block B25/C25 - PW ruling D9 2026-09-28),5031,ikro,255,,,,,,,,,,0=40/127=12000/[Log],,,,,2,1,2343,0x0927,,,,-,InstantCtl,Instant,0,0,Linear,Scalar
Main001AntiFbNotchGain001,1,1,1,,,Main L/R anti-feedback notch filter depth (cut amount) (block B25/C25 - PW ruling D9 2026-09-28),5032,ikrp,21,,,,,,,,,,0=-18/127=0/[Lin],,,,,2,1,2344,0x0928,,,,20,InstantCtl,Instant,0,0,Linear,Scalar
Main001AntiFbNotchGain002,1,1,2,,,Main L/R anti-feedback notch filter depth (cut amount) (block B25/C25 - PW ruling D9 2026-09-28),5033,ikrq,21,,,,,,,,,,0=-18/127=0/[Lin],,,,,2,1,2345,0x0929,,,,20,InstantCtl,Instant,0,0,Linear,Scalar
Main001AntiFbNotchGain003,1,1,3,,,Main L/R anti-feedback notch filter depth (cut amount) (block B25/C25 - PW ruling D9 2026-09-28),5034,ikrr,21,,,,,,,,,,0=-18/127=0/[Lin],,,,,2,1,2346,0x092A,,,,20,InstantCtl,Instant,0,0,Linear,Scalar
Main001AntiFbNotchGain004,1,1,4,,,Main L/R anti-feedback notch filter depth (cut amount) (block B25/C25 - PW ruling D9 2026-09-28),5035,ikrs,21,,,,,,,,,,0=-18/127=0/[Lin],,,,,2,1,2347,0x092B,,,,20,InstantCtl,Instant,0,0,Linear,Scalar
Main001AntiFbNotchGain005,1,1,5,,,Main L/R anti-feedback notch filter depth (cut amount) (block B25/C25 - PW ruling D9 2026-09-28),5036,ikrt,21,,,,,,,,,,0=-18/127=0/[Lin],,,,,2,1,2348,0x092C,,,,20,InstantCtl,Instant,0,0,Linear,Scalar
Main001AntiFbNotchGain006,1,1,6,,,Main L/R anti-feedback notch filter depth (cut amount) (block B25/C25 - PW ruling D9 2026-09-28),5037,ikru,21,,,,,,,,,,0=-18/127=0/[Lin],,,,,2,1,2349,0x092D,,,,20,InstantCtl,Instant,0,0,Linear,Scalar
Main001AntiFbNotchQ001,1,1,1,,,Main L/R anti-feedback notch filter Q (bandwidth) (block B25/C25 - PW ruling D9 2026-09-28),5038,ikrv,33,,,,,,,,,,0=1/127=20/[Log],,,,,2,1,2350,0x092E,,,,-,InstantCtl,Instant,0,0,Linear,Scalar
Main001AntiFbNotchQ002,1,1,2,,,Main L/R anti-feedback notch filter Q (bandwidth) (block B25/C25 - PW ruling D9 2026-09-28),5039,ikrw,33,,,,,,,,,,0=1/127=20/[Log],,,,,2,1,2351,0x092F,,,,-,InstantCtl,Instant,0,0,Linear,Scalar
Main001AntiFbNotchQ003,1,1,3,,,Main L/R anti-feedback notch filter Q (bandwidth) (block B25/C25 - PW ruling D9 2026-09-28),5040,iksh,33,,,,,,,,,,0=1/127=20/[Log],,,,,2,1,2352,0x0930,,,,-,InstantCtl,Instant,0,0,Linear,Scalar
Main001AntiFbNotchQ004,1,1,4,,,Main L/R anti-feedback notch filter Q (bandwidth) (block B25/C25 - PW ruling D9 2026-09-28),5041,iksi,33,,,,,,,,,,0=1/127=20/[Log],,,,,2,1,2353,0x0931,,,,-,InstantCtl,Instant,0,0,Linear,Scalar
Main001AntiFbNotchQ005,1,1,5,,,Main L/R anti-feedback notch filter Q (bandwidth) (block B25/C25 - PW ruling D9 2026-09-28),5042,iksj,33,,,,,,,,,,0=1/127=20/[Log],,,,,2,1,2354,0x0932,,,,-,InstantCtl,Instant,0,0,Linear,Scalar
Main001AntiFbNotchQ006,1,1,6,,,Main L/R anti-feedback notch filter Q (bandwidth) (block B25/C25 - PW ruling D9 2026-09-28),5043,iksk,33,,,,,,,,,,0=1/127=20/[Log],,,,,2,1,2355,0x0933,,,,-,InstantCtl,Instant,0,0,Linear,Scalar
MainCtr001AntiFbOn001,1,1,1,,,Centre output anti-feedback system on/off (block B25/C25 - PW ruling D9 2026-09-28),5044,iksl,2,,,,,,,,,,,,,,,2,1,2312,0x0908,,,,0,InstantCtl,Instant,0,0,Linear,Scalar
MainCtr001AntiFbCtrlOn001,1,1,1,,,Centre output anti-feedback automatic control on/off (block B25/C25 - PW ruling D9 2026-09-28),5045,iksm,2,,,,,,,,,,,,,,,2,1,2313,0x0909,,,,0,InstantCtl,Instant,0,0,Linear,Scalar
MainCtr001AntiFbNotchFreq001,1,1,1,,,Centre output anti-feedback notch filter centre frequency (block B25/C25 - PW ruling D9 2026-09-28),5046,iksn,255,,,,,,,,,,0=40/127=12000/[Log],,,,,2,1,2314,0x090A,,,,-,InstantCtl,Instant,0,0,Linear,Scalar
MainCtr001AntiFbNotchFreq002,1,1,2,,,Centre output anti-feedback notch filter centre frequency (block B25/C25 - PW ruling D9 2026-09-28),5047,ikso,255,,,,,,,,,,0=40/127=12000/[Log],,,,,2,1,2315,0x090B,,,,-,InstantCtl,Instant,0,0,Linear,Scalar
MainCtr001AntiFbNotchFreq003,1,1,3,,,Centre output anti-feedback notch filter centre frequency (block B25/C25 - PW ruling D9 2026-09-28),5048,iksp,255,,,,,,,,,,0=40/127=12000/[Log],,,,,2,1,2316,0x090C,,,,-,InstantCtl,Instant,0,0,Linear,Scalar
MainCtr001AntiFbNotchFreq004,1,1,4,,,Centre output anti-feedback notch filter centre frequency (block B25/C25 - PW ruling D9 2026-09-28),5049,iksq,255,,,,,,,,,,0=40/127=12000/[Log],,,,,2,1,2317,0x090D,,,,-,InstantCtl,Instant,0,0,Linear,Scalar
MainCtr001AntiFbNotchFreq005,1,1,5,,,Centre output anti-feedback notch filter centre frequency (block B25/C25 - PW ruling D9 2026-09-28),5050,iksr,255,,,,,,,,,,0=40/127=12000/[Log],,,,,2,1,2318,0x090E,,,,-,InstantCtl,Instant,0,0,Linear,Scalar
MainCtr001AntiFbNotchFreq006,1,1,6,,,Centre output anti-feedback notch filter centre frequency (block B25/C25 - PW ruling D9 2026-09-28),5051,ikss,255,,,,,,,,,,0=40/127=12000/[Log],,,,,2,1,2319,0x090F,,,,-,InstantCtl,Instant,0,0,Linear,Scalar
MainCtr001AntiFbNotchGain001,1,1,1,,,Centre output anti-feedback notch filter depth (cut amount) (block B25/C25 - PW ruling D9 2026-09-28),5052,ikst,21,,,,,,,,,,0=-18/127=0/[Lin],,,,,2,1,2320,0x0910,,,,20,InstantCtl,Instant,0,0,Linear,Scalar
MainCtr001AntiFbNotchGain002,1,1,2,,,Centre output anti-feedback notch filter depth (cut amount) (block B25/C25 - PW ruling D9 2026-09-28),5053,iksu,21,,,,,,,,,,0=-18/127=0/[Lin],,,,,2,1,2321,0x0911,,,,20,InstantCtl,Instant,0,0,Linear,Scalar
MainCtr001AntiFbNotchGain003,1,1,3,,,Centre output anti-feedback notch filter depth (cut amount) (block B25/C25 - PW ruling D9 2026-09-28),5054,iksv,21,,,,,,,,,,0=-18/127=0/[Lin],,,,,2,1,2322,0x0912,,,,20,InstantCtl,Instant,0,0,Linear,Scalar
MainCtr001AntiFbNotchGain004,1,1,4,,,Centre output anti-feedback notch filter depth (cut amount) (block B25/C25 - PW ruling D9 2026-09-28),5055,iksw,21,,,,,,,,,,0=-18/127=0/[Lin],,,,,2,1,2323,0x0913,,,,20,InstantCtl,Instant,0,0,Linear,Scalar
MainCtr001AntiFbNotchGain005,1,1,5,,,Centre output anti-feedback notch filter depth (cut amount) (block B25/C25 - PW ruling D9 2026-09-28),5056,ikth,21,,,,,,,,,,0=-18/127=0/[Lin],,,,,2,1,2324,0x0914,,,,20,InstantCtl,Instant,0,0,Linear,Scalar
MainCtr001AntiFbNotchGain006,1,1,6,,,Centre output anti-feedback notch filter depth (cut amount) (block B25/C25 - PW ruling D9 2026-09-28),5057,ikti,21,,,,,,,,,,0=-18/127=0/[Lin],,,,,2,1,2325,0x0915,,,,20,InstantCtl,Instant,0,0,Linear,Scalar
MainCtr001AntiFbNotchQ001,1,1,1,,,Centre output anti-feedback notch filter Q (bandwidth) (block B25/C25 - PW ruling D9 2026-09-28),5058,iktj,33,,,,,,,,,,0=1/127=20/[Log],,,,,2,1,2326,0x0916,,,,-,InstantCtl,Instant,0,0,Linear,Scalar
MainCtr001AntiFbNotchQ002,1,1,2,,,Centre output anti-feedback notch filter Q (bandwidth) (block B25/C25 - PW ruling D9 2026-09-28),5059,iktk,33,,,,,,,,,,0=1/127=20/[Log],,,,,2,1,2327,0x0917,,,,-,InstantCtl,Instant,0,0,Linear,Scalar
MainCtr001AntiFbNotchQ003,1,1,3,,,Centre output anti-feedback notch filter Q (bandwidth) (block B25/C25 - PW ruling D9 2026-09-28),5060,iktl,33,,,,,,,,,,0=1/127=20/[Log],,,,,2,1,2328,0x0918,,,,-,InstantCtl,Instant,0,0,Linear,Scalar
MainCtr001AntiFbNotchQ004,1,1,4,,,Centre output anti-feedback notch filter Q (bandwidth) (block B25/C25 - PW ruling D9 2026-09-28),5061,iktm,33,,,,,,,,,,0=1/127=20/[Log],,,,,2,1,2329,0x0919,,,,-,InstantCtl,Instant,0,0,Linear,Scalar
MainCtr001AntiFbNotchQ005,1,1,5,,,Centre output anti-feedback notch filter Q (bandwidth) (block B25/C25 - PW ruling D9 2026-09-28),5062,iktn,33,,,,,,,,,,0=1/127=20/[Log],,,,,2,1,2330,0x091A,,,,-,InstantCtl,Instant,0,0,Linear,Scalar
MainCtr001AntiFbNotchQ006,1,1,6,,,Centre output anti-feedback notch filter Q (bandwidth) (block B25/C25 - PW ruling D9 2026-09-28),5063,ikto,33,,,,,,,,,,0=1/127=20/[Log],,,,,2,1,2331,0x091B,,,,-,InstantCtl,Instant,0,0,Linear,Scalar
Aux001AntiFbGain001,1,1,1,,,Aux anti-feedback feedback GAIN: the gain the auto ring-out adds to provoke feedback (auto/manual; range provisional) (block B25 - PW ruling D9 2026-09-28),5064,iktp,21,,,,,,,,,,0=0/20=20/[Lin],,,,,2,1,79,0x004F,,,,-,GainFast,Slew,3,8,Exp,Scalar
Aux002AntiFbGain001,1,2,1,,,Aux anti-feedback feedback GAIN: the gain the auto ring-out adds to provoke feedback (auto/manual; range provisional) (block B25 - PW ruling D9 2026-09-28),5065,iktq,21,,,,,,,,,,0=0/20=20/[Lin],,,,,2,1,169,0x00A9,,,,-,GainFast,Slew,3,8,Exp,Scalar
Aux003AntiFbGain001,1,3,1,,,Aux anti-feedback feedback GAIN: the gain the auto ring-out adds to provoke feedback (auto/manual; range provisional) (block B25 - PW ruling D9 2026-09-28),5066,iktr,21,,,,,,,,,,0=0/20=20/[Lin],,,,,2,1,259,0x0103,,,,-,GainFast,Slew,3,8,Exp,Scalar
Aux004AntiFbGain001,1,4,1,,,Aux anti-feedback feedback GAIN: the gain the auto ring-out adds to provoke feedback (auto/manual; range provisional) (block B25 - PW ruling D9 2026-09-28),5067,ikts,21,,,,,,,,,,0=0/20=20/[Lin],,,,,2,1,349,0x015D,,,,-,GainFast,Slew,3,8,Exp,Scalar
Aux005AntiFbGain001,1,5,1,,,Aux anti-feedback feedback GAIN: the gain the auto ring-out adds to provoke feedback (auto/manual; range provisional) (block B25 - PW ruling D9 2026-09-28),5068,iktt,21,,,,,,,,,,0=0/20=20/[Lin],,,,,2,1,439,0x01B7,,,,-,GainFast,Slew,3,8,Exp,Scalar
Aux006AntiFbGain001,1,6,1,,,Aux anti-feedback feedback GAIN: the gain the auto ring-out adds to provoke feedback (auto/manual; range provisional) (block B25 - PW ruling D9 2026-09-28),5069,iktu,21,,,,,,,,,,0=0/20=20/[Lin],,,,,2,1,529,0x0211,,,,-,GainFast,Slew,3,8,Exp,Scalar
Aux007AntiFbGain001,1,7,1,,,Aux anti-feedback feedback GAIN: the gain the auto ring-out adds to provoke feedback (auto/manual; range provisional) (block B25 - PW ruling D9 2026-09-28),5070,iktv,21,,,,,,,,,,0=0/20=20/[Lin],,,,,2,1,619,0x026B,,,,-,GainFast,Slew,3,8,Exp,Scalar
Aux008AntiFbGain001,1,8,1,,,Aux anti-feedback feedback GAIN: the gain the auto ring-out adds to provoke feedback (auto/manual; range provisional) (block B25 - PW ruling D9 2026-09-28),5071,iktw,21,,,,,,,,,,0=0/20=20/[Lin],,,,,2,1,709,0x02C5,,,,-,GainFast,Slew,3,8,Exp,Scalar
Aux001AntiFbLimOn001,1,1,1,,,Aux anti-feedback feedback LIMITER on/off (manual/auto feedback limiter) (block B25 - PW ruling D9 2026-09-28),5072,ikuh,2,,,,,,,,,,,,,,,2,1,80,0x0050,,,,0,InstantCtl,Instant,0,0,Linear,Scalar
Aux002AntiFbLimOn001,1,2,1,,,Aux anti-feedback feedback LIMITER on/off (manual/auto feedback limiter) (block B25 - PW ruling D9 2026-09-28),5073,ikui,2,,,,,,,,,,,,,,,2,1,170,0x00AA,,,,0,InstantCtl,Instant,0,0,Linear,Scalar
Aux003AntiFbLimOn001,1,3,1,,,Aux anti-feedback feedback LIMITER on/off (manual/auto feedback limiter) (block B25 - PW ruling D9 2026-09-28),5074,ikuj,2,,,,,,,,,,,,,,,2,1,260,0x0104,,,,0,InstantCtl,Instant,0,0,Linear,Scalar
Aux004AntiFbLimOn001,1,4,1,,,Aux anti-feedback feedback LIMITER on/off (manual/auto feedback limiter) (block B25 - PW ruling D9 2026-09-28),5075,ikuk,2,,,,,,,,,,,,,,,2,1,350,0x015E,,,,0,InstantCtl,Instant,0,0,Linear,Scalar
Aux005AntiFbLimOn001,1,5,1,,,Aux anti-feedback feedback LIMITER on/off (manual/auto feedback limiter) (block B25 - PW ruling D9 2026-09-28),5076,ikul,2,,,,,,,,,,,,,,,2,1,440,0x01B8,,,,0,InstantCtl,Instant,0,0,Linear,Scalar
Aux006AntiFbLimOn001,1,6,1,,,Aux anti-feedback feedback LIMITER on/off (manual/auto feedback limiter) (block B25 - PW ruling D9 2026-09-28),5077,ikum,2,,,,,,,,,,,,,,,2,1,530,0x0212,,,,0,InstantCtl,Instant,0,0,Linear,Scalar
Aux007AntiFbLimOn001,1,7,1,,,Aux anti-feedback feedback LIMITER on/off (manual/auto feedback limiter) (block B25 - PW ruling D9 2026-09-28),5078,ikun,2,,,,,,,,,,,,,,,2,1,620,0x026C,,,,0,InstantCtl,Instant,0,0,Linear,Scalar
Aux008AntiFbLimOn001,1,8,1,,,Aux anti-feedback feedback LIMITER on/off (manual/auto feedback limiter) (block B25 - PW ruling D9 2026-09-28),5079,ikuo,2,,,,,,,,,,,,,,,2,1,710,0x02C6,,,,0,InstantCtl,Instant,0,0,Linear,Scalar
Main001AntiFbGain001,1,1,1,,,Main L/R anti-feedback feedback GAIN: the gain the auto ring-out adds to provoke feedback (auto/manual; range provisional) (block B25 - PW ruling D9 2026-09-28),5080,ikup,21,,,,,,,,,,0=0/20=20/[Lin],,,,,2,1,2356,0x0934,,,,-,GainFast,Slew,3,8,Exp,Scalar
Main001AntiFbLimOn001,1,1,1,,,Main L/R anti-feedback feedback LIMITER on/off (manual/auto feedback limiter) (block B25 - PW ruling D9 2026-09-28),5081,ikuq,2,,,,,,,,,,,,,,,2,1,2357,0x0935,,,,0,InstantCtl,Instant,0,0,Linear,Scalar
MainCtr001AntiFbGain001,1,1,1,,,Centre output anti-feedback feedback GAIN: the gain the auto ring-out adds to provoke feedback (auto/manual; range provisional) (block B25 - PW ruling D9 2026-09-28),5082,ikur,21,,,,,,,,,,0=0/20=20/[Lin],,,,,2,1,2332,0x091C,,,,-,GainFast,Slew,3,8,Exp,Scalar
MainCtr001AntiFbLimOn001,1,1,1,,,Centre output anti-feedback feedback LIMITER on/off (manual/auto feedback limiter) (block B25 - PW ruling D9 2026-09-28),5083,ikus,2,,,,,,,,,,,,,,,2,1,2333,0x091D,,,,0,InstantCtl,Instant,0,0,Linear,Scalar
Grp001Trim001,1,1,1,,,Group fader trim ±20dB ahead of the group master fader (block C5-F9 - PW ruling D10 2026-09-28),5084,ikut,81,,,,,,,,,,0=-20/80=20/[Lin],,,,,,,,,,,,40,,,,,,
Grp002Trim001,1,2,1,,,Group fader trim ±20dB ahead of the group master fader (block C5-F9 - PW ruling D10 2026-09-28),5085,ikuu,81,,,,,,,,,,0=-20/80=20/[Lin],,,,,,,,,,,,40,,,,,,
Grp003Trim001,1,3,1,,,Group fader trim ±20dB ahead of the group master fader (block C5-F9 - PW ruling D10 2026-09-28),5086,ikuv,81,,,,,,,,,,0=-20/80=20/[Lin],,,,,,,,,,,,40,,,,,,
Grp004Trim001,1,4,1,,,Group fader trim ±20dB ahead of the group master fader (block C5-F9 - PW ruling D10 2026-09-28),5087,ikuw,81,,,,,,,,,,0=-20/80=20/[Lin],,,,,,,,,,,,40,,,,,,
Grp001InsertOn001,1,1,1,,,Group insert on/off (block C5-F9 - PW ruling D10 2026-09-28),5088,ikvh,2,,,,,,,,,,,,,,,,,,,,,,0,,,,,,
Grp002InsertOn001,1,2,1,,,Group insert on/off (block C5-F9 - PW ruling D10 2026-09-28),5089,ikvi,2,,,,,,,,,,,,,,,,,,,,,,0,,,,,,
Grp003InsertOn001,1,3,1,,,Group insert on/off (block C5-F9 - PW ruling D10 2026-09-28),5090,ikvj,2,,,,,,,,,,,,,,,,,,,,,,0,,,,,,
Grp004InsertOn001,1,4,1,,,Group insert on/off (block C5-F9 - PW ruling D10 2026-09-28),5091,ikvk,2,,,,,,,,,,,,,,,,,,,,,,0,,,,,,
Grp001CueSel001,1,1,1,,,Group cue select (PFL/AFL) (block C5-F9 - PW ruling D10 2026-09-28),5092,ikvl,2,,,,,,,,,,,,,,,,,,,,,,0,,,,,,
Grp002CueSel001,1,2,1,,,Group cue select (PFL/AFL) (block C5-F9 - PW ruling D10 2026-09-28),5093,ikvm,2,,,,,,,,,,,,,,,,,,,,,,0,,,,,,
Grp003CueSel001,1,3,1,,,Group cue select (PFL/AFL) (block C5-F9 - PW ruling D10 2026-09-28),5094,ikvn,2,,,,,,,,,,,,,,,,,,,,,,0,,,,,,
Grp004CueSel001,1,4,1,,,Group cue select (PFL/AFL) (block C5-F9 - PW ruling D10 2026-09-28),5095,ikvo,2,,,,,,,,,,,,,,,,,,,,,,0,,,,,,
Grp001MainOn001,1,1,1,,,Group to main L/R assign on/off (block C5-F9 - PW ruling D10 2026-09-28),5096,ikvp,2,,,,,,,,,,,,,,,,,,,,,,1,,,,,,
Grp002MainOn001,1,2,1,,,Group to main L/R assign on/off (block C5-F9 - PW ruling D10 2026-09-28),5097,ikvq,2,,,,,,,,,,,,,,,,,,,,,,1,,,,,,
Grp003MainOn001,1,3,1,,,Group to main L/R assign on/off (block C5-F9 - PW ruling D10 2026-09-28),5098,ikvr,2,,,,,,,,,,,,,,,,,,,,,,1,,,,,,
Grp004MainOn001,1,4,1,,,Group to main L/R assign on/off (block C5-F9 - PW ruling D10 2026-09-28),5099,ikvs,2,,,,,,,,,,,,,,,,,,,,,,1,,,,,,
Grp001FxSend001,1,1,1,,,Group send level to each FX bus (block C5-F9 - PW ruling D10 2026-09-28),5100,ikvt,255,,,,,,,,,,dB:Off:-50@31:-30@63:-10@127:0,,,,,,,,,,,,254,,,,,,
Grp001FxSend002,1,1,2,,,Group send level to each FX bus (block C5-F9 - PW ruling D10 2026-09-28),5101,ikvu,255,,,,,,,,,,dB:Off:-50@31:-30@63:-10@127:0,,,,,,,,,,,,254,,,,,,
Grp001FxSend003,1,1,3,,,Group send level to each FX bus (block C5-F9 - PW ruling D10 2026-09-28),5102,ikvv,255,,,,,,,,,,dB:Off:-50@31:-30@63:-10@127:0,,,,,,,,,,,,254,,,,,,
Grp001FxSend004,1,1,4,,,Group send level to each FX bus (block C5-F9 - PW ruling D10 2026-09-28),5103,ikvw,255,,,,,,,,,,dB:Off:-50@31:-30@63:-10@127:0,,,,,,,,,,,,254,,,,,,
Grp001FxSend005,1,1,5,,,Group send level to each FX bus (block C5-F9 - PW ruling D10 2026-09-28),5104,ikwh,255,,,,,,,,,,dB:Off:-50@31:-30@63:-10@127:0,,,,,,,,,,,,254,,,,,,
Grp001FxSend006,1,1,6,,,Group send level to each FX bus (block C5-F9 - PW ruling D10 2026-09-28),5105,ikwi,255,,,,,,,,,,dB:Off:-50@31:-30@63:-10@127:0,,,,,,,,,,,,254,,,,,,
Grp002FxSend001,1,2,1,,,Group send level to each FX bus (block C5-F9 - PW ruling D10 2026-09-28),5106,ikwj,255,,,,,,,,,,dB:Off:-50@31:-30@63:-10@127:0,,,,,,,,,,,,254,,,,,,
Grp002FxSend002,1,2,2,,,Group send level to each FX bus (block C5-F9 - PW ruling D10 2026-09-28),5107,ikwk,255,,,,,,,,,,dB:Off:-50@31:-30@63:-10@127:0,,,,,,,,,,,,254,,,,,,
Grp002FxSend003,1,2,3,,,Group send level to each FX bus (block C5-F9 - PW ruling D10 2026-09-28),5108,ikwl,255,,,,,,,,,,dB:Off:-50@31:-30@63:-10@127:0,,,,,,,,,,,,254,,,,,,
Grp002FxSend004,1,2,4,,,Group send level to each FX bus (block C5-F9 - PW ruling D10 2026-09-28),5109,ikwm,255,,,,,,,,,,dB:Off:-50@31:-30@63:-10@127:0,,,,,,,,,,,,254,,,,,,
Grp002FxSend005,1,2,5,,,Group send level to each FX bus (block C5-F9 - PW ruling D10 2026-09-28),5110,ikwn,255,,,,,,,,,,dB:Off:-50@31:-30@63:-10@127:0,,,,,,,,,,,,254,,,,,,
Grp002FxSend006,1,2,6,,,Group send level to each FX bus (block C5-F9 - PW ruling D10 2026-09-28),5111,ikwo,255,,,,,,,,,,dB:Off:-50@31:-30@63:-10@127:0,,,,,,,,,,,,254,,,,,,
Grp003FxSend001,1,3,1,,,Group send level to each FX bus (block C5-F9 - PW ruling D10 2026-09-28),5112,ikwp,255,,,,,,,,,,dB:Off:-50@31:-30@63:-10@127:0,,,,,,,,,,,,254,,,,,,
Grp003FxSend002,1,3,2,,,Group send level to each FX bus (block C5-F9 - PW ruling D10 2026-09-28),5113,ikwq,255,,,,,,,,,,dB:Off:-50@31:-30@63:-10@127:0,,,,,,,,,,,,254,,,,,,
Grp003FxSend003,1,3,3,,,Group send level to each FX bus (block C5-F9 - PW ruling D10 2026-09-28),5114,ikwr,255,,,,,,,,,,dB:Off:-50@31:-30@63:-10@127:0,,,,,,,,,,,,254,,,,,,
Grp003FxSend004,1,3,4,,,Group send level to each FX bus (block C5-F9 - PW ruling D10 2026-09-28),5115,ikws,255,,,,,,,,,,dB:Off:-50@31:-30@63:-10@127:0,,,,,,,,,,,,254,,,,,,
Grp003FxSend005,1,3,5,,,Group send level to each FX bus (block C5-F9 - PW ruling D10 2026-09-28),5116,ikwt,255,,,,,,,,,,dB:Off:-50@31:-30@63:-10@127:0,,,,,,,,,,,,254,,,,,,
Grp003FxSend006,1,3,6,,,Group send level to each FX bus (block C5-F9 - PW ruling D10 2026-09-28),5117,ikwu,255,,,,,,,,,,dB:Off:-50@31:-30@63:-10@127:0,,,,,,,,,,,,254,,,,,,
Grp004FxSend001,1,4,1,,,Group send level to each FX bus (block C5-F9 - PW ruling D10 2026-09-28),5118,ikwv,255,,,,,,,,,,dB:Off:-50@31:-30@63:-10@127:0,,,,,,,,,,,,254,,,,,,
Grp004FxSend002,1,4,2,,,Group send level to each FX bus (block C5-F9 - PW ruling D10 2026-09-28),5119,ikww,255,,,,,,,,,,dB:Off:-50@31:-30@63:-10@127:0,,,,,,,,,,,,254,,,,,,
Grp004FxSend003,1,4,3,,,Group send level to each FX bus (block C5-F9 - PW ruling D10 2026-09-28),5120,ilhh,255,,,,,,,,,,dB:Off:-50@31:-30@63:-10@127:0,,,,,,,,,,,,254,,,,,,
Grp004FxSend004,1,4,4,,,Group send level to each FX bus (block C5-F9 - PW ruling D10 2026-09-28),5121,ilhi,255,,,,,,,,,,dB:Off:-50@31:-30@63:-10@127:0,,,,,,,,,,,,254,,,,,,
Grp004FxSend005,1,4,5,,,Group send level to each FX bus (block C5-F9 - PW ruling D10 2026-09-28),5122,ilhj,255,,,,,,,,,,dB:Off:-50@31:-30@63:-10@127:0,,,,,,,,,,,,254,,,,,,
Grp004FxSend006,1,4,6,,,Group send level to each FX bus (block C5-F9 - PW ruling D10 2026-09-28),5123,ilhk,255,,,,,,,,,,dB:Off:-50@31:-30@63:-10@127:0,,,,,,,,,,,,254,,,,,,
Grp001FxOn001,1,1,1,,,Group FX send on/off per FX bus (block C5-F9 - PW ruling D10 2026-09-28),5124,ilhl,1,,,,,,,,,,,,,,,,,,,,,,1,,,,,,
Grp001FxOn002,1,1,2,,,Group FX send on/off per FX bus (block C5-F9 - PW ruling D10 2026-09-28),5125,ilhm,1,,,,,,,,,,,,,,,,,,,,,,1,,,,,,
Grp001FxOn003,1,1,3,,,Group FX send on/off per FX bus (block C5-F9 - PW ruling D10 2026-09-28),5126,ilhn,1,,,,,,,,,,,,,,,,,,,,,,1,,,,,,
Grp001FxOn004,1,1,4,,,Group FX send on/off per FX bus (block C5-F9 - PW ruling D10 2026-09-28),5127,ilho,1,,,,,,,,,,,,,,,,,,,,,,1,,,,,,
Grp001FxOn005,1,1,5,,,Group FX send on/off per FX bus (block C5-F9 - PW ruling D10 2026-09-28),5128,ilhp,1,,,,,,,,,,,,,,,,,,,,,,1,,,,,,
Grp001FxOn006,1,1,6,,,Group FX send on/off per FX bus (block C5-F9 - PW ruling D10 2026-09-28),5129,ilhq,1,,,,,,,,,,,,,,,,,,,,,,1,,,,,,
Grp002FxOn001,1,2,1,,,Group FX send on/off per FX bus (block C5-F9 - PW ruling D10 2026-09-28),5130,ilhr,1,,,,,,,,,,,,,,,,,,,,,,1,,,,,,
Grp002FxOn002,1,2,2,,,Group FX send on/off per FX bus (block C5-F9 - PW ruling D10 2026-09-28),5131,ilhs,1,,,,,,,,,,,,,,,,,,,,,,1,,,,,,
Grp002FxOn003,1,2,3,,,Group FX send on/off per FX bus (block C5-F9 - PW ruling D10 2026-09-28),5132,ilht,1,,,,,,,,,,,,,,,,,,,,,,1,,,,,,
Grp002FxOn004,1,2,4,,,Group FX send on/off per FX bus (block C5-F9 - PW ruling D10 2026-09-28),5133,ilhu,1,,,,,,,,,,,,,,,,,,,,,,1,,,,,,
Grp002FxOn005,1,2,5,,,Group FX send on/off per FX bus (block C5-F9 - PW ruling D10 2026-09-28),5134,ilhv,1,,,,,,,,,,,,,,,,,,,,,,1,,,,,,
Grp002FxOn006,1,2,6,,,Group FX send on/off per FX bus (block C5-F9 - PW ruling D10 2026-09-28),5135,ilhw,1,,,,,,,,,,,,,,,,,,,,,,1,,,,,,
Grp003FxOn001,1,3,1,,,Group FX send on/off per FX bus (block C5-F9 - PW ruling D10 2026-09-28),5136,ilih,1,,,,,,,,,,,,,,,,,,,,,,1,,,,,,
Grp003FxOn002,1,3,2,,,Group FX send on/off per FX bus (block C5-F9 - PW ruling D10 2026-09-28),5137,ilii,1,,,,,,,,,,,,,,,,,,,,,,1,,,,,,
Grp003FxOn003,1,3,3,,,Group FX send on/off per FX bus (block C5-F9 - PW ruling D10 2026-09-28),5138,ilij,1,,,,,,,,,,,,,,,,,,,,,,1,,,,,,
Grp003FxOn004,1,3,4,,,Group FX send on/off per FX bus (block C5-F9 - PW ruling D10 2026-09-28),5139,ilik,1,,,,,,,,,,,,,,,,,,,,,,1,,,,,,
Grp003FxOn005,1,3,5,,,Group FX send on/off per FX bus (block C5-F9 - PW ruling D10 2026-09-28),5140,ilil,1,,,,,,,,,,,,,,,,,,,,,,1,,,,,,
Grp003FxOn006,1,3,6,,,Group FX send on/off per FX bus (block C5-F9 - PW ruling D10 2026-09-28),5141,ilim,1,,,,,,,,,,,,,,,,,,,,,,1,,,,,,
Grp004FxOn001,1,4,1,,,Group FX send on/off per FX bus (block C5-F9 - PW ruling D10 2026-09-28),5142,ilin,1,,,,,,,,,,,,,,,,,,,,,,1,,,,,,
Grp004FxOn002,1,4,2,,,Group FX send on/off per FX bus (block C5-F9 - PW ruling D10 2026-09-28),5143,ilio,1,,,,,,,,,,,,,,,,,,,,,,1,,,,,,
Grp004FxOn003,1,4,3,,,Group FX send on/off per FX bus (block C5-F9 - PW ruling D10 2026-09-28),5144,ilip,1,,,,,,,,,,,,,,,,,,,,,,1,,,,,,
Grp004FxOn004,1,4,4,,,Group FX send on/off per FX bus (block C5-F9 - PW ruling D10 2026-09-28),5145,iliq,1,,,,,,,,,,,,,,,,,,,,,,1,,,,,,
Grp004FxOn005,1,4,5,,,Group FX send on/off per FX bus (block C5-F9 - PW ruling D10 2026-09-28),5146,ilir,1,,,,,,,,,,,,,,,,,,,,,,1,,,,,,
Grp004FxOn006,1,4,6,,,Group FX send on/off per FX bus (block C5-F9 - PW ruling D10 2026-09-28),5147,ilis,1,,,,,,,,,,,,,,,,,,,,,,1,,,,,,
Grp001AuxSend001,1,1,1,,,Group send level to each aux (stereo or dual mono per Aux Link) (block C5-F9 - PW ruling D10 2026-09-28),5148,ilit,255,,,,,,,,,,dB:Off:-50@31:-30@63:-10@127:0,,,,,2,1,2189,0x088D,,,,254,GainFast,Slew,3,8,Exp,Scalar
Grp001AuxSend002,1,1,2,,,Group send level to each aux (stereo or dual mono per Aux Link) (block C5-F9 - PW ruling D10 2026-09-28),5149,iliu,255,,,,,,,,,,dB:Off:-50@31:-30@63:-10@127:0,,,,,2,1,2197,0x0895,,,,254,GainFast,Slew,3,8,Exp,Scalar
Grp001AuxSend003,1,1,3,,,Group send level to each aux (stereo or dual mono per Aux Link) (block C5-F9 - PW ruling D10 2026-09-28),5150,iliv,255,,,,,,,,,,dB:Off:-50@31:-30@63:-10@127:0,,,,,2,1,2205,0x089D,,,,254,GainFast,Slew,3,8,Exp,Scalar
Grp001AuxSend004,1,1,4,,,Group send level to each aux (stereo or dual mono per Aux Link) (block C5-F9 - PW ruling D10 2026-09-28),5151,iliw,255,,,,,,,,,,dB:Off:-50@31:-30@63:-10@127:0,,,,,2,1,2213,0x08A5,,,,254,GainFast,Slew,3,8,Exp,Scalar
Grp001AuxSend005,1,1,5,,,Group send level to each aux (stereo or dual mono per Aux Link) (block C5-F9 - PW ruling D10 2026-09-28),5152,iljh,255,,,,,,,,,,dB:Off:-50@31:-30@63:-10@127:0,,,,,2,1,2221,0x08AD,,,,254,GainFast,Slew,3,8,Exp,Scalar
Grp001AuxSend006,1,1,6,,,Group send level to each aux (stereo or dual mono per Aux Link) (block C5-F9 - PW ruling D10 2026-09-28),5153,ilji,255,,,,,,,,,,dB:Off:-50@31:-30@63:-10@127:0,,,,,2,1,2229,0x08B5,,,,254,GainFast,Slew,3,8,Exp,Scalar
Grp001AuxSend007,1,1,7,,,Group send level to each aux (stereo or dual mono per Aux Link) (block C5-F9 - PW ruling D10 2026-09-28),5154,iljj,255,,,,,,,,,,dB:Off:-50@31:-30@63:-10@127:0,,,,,2,1,2237,0x08BD,,,,254,GainFast,Slew,3,8,Exp,Scalar
Grp001AuxSend008,1,1,8,,,Group send level to each aux (stereo or dual mono per Aux Link) (block C5-F9 - PW ruling D10 2026-09-28),5155,iljk,255,,,,,,,,,,dB:Off:-50@31:-30@63:-10@127:0,,,,,2,1,2245,0x08C5,,,,254,GainFast,Slew,3,8,Exp,Scalar
Grp002AuxSend001,1,2,1,,,Group send level to each aux (stereo or dual mono per Aux Link) (block C5-F9 - PW ruling D10 2026-09-28),5156,iljl,255,,,,,,,,,,dB:Off:-50@31:-30@63:-10@127:0,,,,,2,1,2190,0x088E,,,,254,GainFast,Slew,3,8,Exp,Scalar
Grp002AuxSend002,1,2,2,,,Group send level to each aux (stereo or dual mono per Aux Link) (block C5-F9 - PW ruling D10 2026-09-28),5157,iljm,255,,,,,,,,,,dB:Off:-50@31:-30@63:-10@127:0,,,,,2,1,2198,0x0896,,,,254,GainFast,Slew,3,8,Exp,Scalar
Grp002AuxSend003,1,2,3,,,Group send level to each aux (stereo or dual mono per Aux Link) (block C5-F9 - PW ruling D10 2026-09-28),5158,iljn,255,,,,,,,,,,dB:Off:-50@31:-30@63:-10@127:0,,,,,2,1,2206,0x089E,,,,254,GainFast,Slew,3,8,Exp,Scalar
Grp002AuxSend004,1,2,4,,,Group send level to each aux (stereo or dual mono per Aux Link) (block C5-F9 - PW ruling D10 2026-09-28),5159,iljo,255,,,,,,,,,,dB:Off:-50@31:-30@63:-10@127:0,,,,,2,1,2214,0x08A6,,,,254,GainFast,Slew,3,8,Exp,Scalar
Grp002AuxSend005,1,2,5,,,Group send level to each aux (stereo or dual mono per Aux Link) (block C5-F9 - PW ruling D10 2026-09-28),5160,iljp,255,,,,,,,,,,dB:Off:-50@31:-30@63:-10@127:0,,,,,2,1,2222,0x08AE,,,,254,GainFast,Slew,3,8,Exp,Scalar
Grp002AuxSend006,1,2,6,,,Group send level to each aux (stereo or dual mono per Aux Link) (block C5-F9 - PW ruling D10 2026-09-28),5161,iljq,255,,,,,,,,,,dB:Off:-50@31:-30@63:-10@127:0,,,,,2,1,2230,0x08B6,,,,254,GainFast,Slew,3,8,Exp,Scalar
Grp002AuxSend007,1,2,7,,,Group send level to each aux (stereo or dual mono per Aux Link) (block C5-F9 - PW ruling D10 2026-09-28),5162,iljr,255,,,,,,,,,,dB:Off:-50@31:-30@63:-10@127:0,,,,,2,1,2238,0x08BE,,,,254,GainFast,Slew,3,8,Exp,Scalar
Grp002AuxSend008,1,2,8,,,Group send level to each aux (stereo or dual mono per Aux Link) (block C5-F9 - PW ruling D10 2026-09-28),5163,iljs,255,,,,,,,,,,dB:Off:-50@31:-30@63:-10@127:0,,,,,2,1,2246,0x08C6,,,,254,GainFast,Slew,3,8,Exp,Scalar
Grp003AuxSend001,1,3,1,,,Group send level to each aux (stereo or dual mono per Aux Link) (block C5-F9 - PW ruling D10 2026-09-28),5164,iljt,255,,,,,,,,,,dB:Off:-50@31:-30@63:-10@127:0,,,,,2,1,2191,0x088F,,,,254,GainFast,Slew,3,8,Exp,Scalar
Grp003AuxSend002,1,3,2,,,Group send level to each aux (stereo or dual mono per Aux Link) (block C5-F9 - PW ruling D10 2026-09-28),5165,ilju,255,,,,,,,,,,dB:Off:-50@31:-30@63:-10@127:0,,,,,2,1,2199,0x0897,,,,254,GainFast,Slew,3,8,Exp,Scalar
Grp003AuxSend003,1,3,3,,,Group send level to each aux (stereo or dual mono per Aux Link) (block C5-F9 - PW ruling D10 2026-09-28),5166,iljv,255,,,,,,,,,,dB:Off:-50@31:-30@63:-10@127:0,,,,,2,1,2207,0x089F,,,,254,GainFast,Slew,3,8,Exp,Scalar
Grp003AuxSend004,1,3,4,,,Group send level to each aux (stereo or dual mono per Aux Link) (block C5-F9 - PW ruling D10 2026-09-28),5167,iljw,255,,,,,,,,,,dB:Off:-50@31:-30@63:-10@127:0,,,,,2,1,2215,0x08A7,,,,254,GainFast,Slew,3,8,Exp,Scalar
Grp003AuxSend005,1,3,5,,,Group send level to each aux (stereo or dual mono per Aux Link) (block C5-F9 - PW ruling D10 2026-09-28),5168,ilkh,255,,,,,,,,,,dB:Off:-50@31:-30@63:-10@127:0,,,,,2,1,2223,0x08AF,,,,254,GainFast,Slew,3,8,Exp,Scalar
Grp003AuxSend006,1,3,6,,,Group send level to each aux (stereo or dual mono per Aux Link) (block C5-F9 - PW ruling D10 2026-09-28),5169,ilki,255,,,,,,,,,,dB:Off:-50@31:-30@63:-10@127:0,,,,,2,1,2231,0x08B7,,,,254,GainFast,Slew,3,8,Exp,Scalar
Grp003AuxSend007,1,3,7,,,Group send level to each aux (stereo or dual mono per Aux Link) (block C5-F9 - PW ruling D10 2026-09-28),5170,ilkj,255,,,,,,,,,,dB:Off:-50@31:-30@63:-10@127:0,,,,,2,1,2239,0x08BF,,,,254,GainFast,Slew,3,8,Exp,Scalar
Grp003AuxSend008,1,3,8,,,Group send level to each aux (stereo or dual mono per Aux Link) (block C5-F9 - PW ruling D10 2026-09-28),5171,ilkk,255,,,,,,,,,,dB:Off:-50@31:-30@63:-10@127:0,,,,,2,1,2247,0x08C7,,,,254,GainFast,Slew,3,8,Exp,Scalar
Grp004AuxSend001,1,4,1,,,Group send level to each aux (stereo or dual mono per Aux Link) (block C5-F9 - PW ruling D10 2026-09-28),5172,ilkl,255,,,,,,,,,,dB:Off:-50@31:-30@63:-10@127:0,,,,,2,1,2192,0x0890,,,,254,GainFast,Slew,3,8,Exp,Scalar
Grp004AuxSend002,1,4,2,,,Group send level to each aux (stereo or dual mono per Aux Link) (block C5-F9 - PW ruling D10 2026-09-28),5173,ilkm,255,,,,,,,,,,dB:Off:-50@31:-30@63:-10@127:0,,,,,2,1,2200,0x0898,,,,254,GainFast,Slew,3,8,Exp,Scalar
Grp004AuxSend003,1,4,3,,,Group send level to each aux (stereo or dual mono per Aux Link) (block C5-F9 - PW ruling D10 2026-09-28),5174,ilkn,255,,,,,,,,,,dB:Off:-50@31:-30@63:-10@127:0,,,,,2,1,2208,0x08A0,,,,254,GainFast,Slew,3,8,Exp,Scalar
Grp004AuxSend004,1,4,4,,,Group send level to each aux (stereo or dual mono per Aux Link) (block C5-F9 - PW ruling D10 2026-09-28),5175,ilko,255,,,,,,,,,,dB:Off:-50@31:-30@63:-10@127:0,,,,,2,1,2216,0x08A8,,,,254,GainFast,Slew,3,8,Exp,Scalar
Grp004AuxSend005,1,4,5,,,Group send level to each aux (stereo or dual mono per Aux Link) (block C5-F9 - PW ruling D10 2026-09-28),5176,ilkp,255,,,,,,,,,,dB:Off:-50@31:-30@63:-10@127:0,,,,,2,1,2224,0x08B0,,,,254,GainFast,Slew,3,8,Exp,Scalar
Grp004AuxSend006,1,4,6,,,Group send level to each aux (stereo or dual mono per Aux Link) (block C5-F9 - PW ruling D10 2026-09-28),5177,ilkq,255,,,,,,,,,,dB:Off:-50@31:-30@63:-10@127:0,,,,,2,1,2232,0x08B8,,,,254,GainFast,Slew,3,8,Exp,Scalar
Grp004AuxSend007,1,4,7,,,Group send level to each aux (stereo or dual mono per Aux Link) (block C5-F9 - PW ruling D10 2026-09-28),5178,ilkr,255,,,,,,,,,,dB:Off:-50@31:-30@63:-10@127:0,,,,,2,1,2240,0x08C0,,,,254,GainFast,Slew,3,8,Exp,Scalar
Grp004AuxSend008,1,4,8,,,Group send level to each aux (stereo or dual mono per Aux Link) (block C5-F9 - PW ruling D10 2026-09-28),5179,ilks,255,,,,,,,,,,dB:Off:-50@31:-30@63:-10@127:0,,,,,2,1,2248,0x08C8,,,,254,GainFast,Slew,3,8,Exp,Scalar
Grp001AuxOn001,1,1,1,,,Group-to-aux send on/off (block C5-F9 - PW ruling D10 2026-09-28),5180,ilkt,1,,,,,,,,,,,,,,,2,1,2185,0x0889,,,,1,InstantCtl,Instant,0,0,Linear,Scalar
Grp001AuxOn002,1,1,2,,,Group-to-aux send on/off (block C5-F9 - PW ruling D10 2026-09-28),5181,ilku,1,,,,,,,,,,,,,,,2,1,2193,0x0891,,,,1,InstantCtl,Instant,0,0,Linear,Scalar
Grp001AuxOn003,1,1,3,,,Group-to-aux send on/off (block C5-F9 - PW ruling D10 2026-09-28),5182,ilkv,1,,,,,,,,,,,,,,,2,1,2201,0x0899,,,,1,InstantCtl,Instant,0,0,Linear,Scalar
Grp001AuxOn004,1,1,4,,,Group-to-aux send on/off (block C5-F9 - PW ruling D10 2026-09-28),5183,ilkw,1,,,,,,,,,,,,,,,2,1,2209,0x08A1,,,,1,InstantCtl,Instant,0,0,Linear,Scalar
Grp001AuxOn005,1,1,5,,,Group-to-aux send on/off (block C5-F9 - PW ruling D10 2026-09-28),5184,illh,1,,,,,,,,,,,,,,,2,1,2217,0x08A9,,,,1,InstantCtl,Instant,0,0,Linear,Scalar
Grp001AuxOn006,1,1,6,,,Group-to-aux send on/off (block C5-F9 - PW ruling D10 2026-09-28),5185,illi,1,,,,,,,,,,,,,,,2,1,2225,0x08B1,,,,1,InstantCtl,Instant,0,0,Linear,Scalar
Grp001AuxOn007,1,1,7,,,Group-to-aux send on/off (block C5-F9 - PW ruling D10 2026-09-28),5186,illj,1,,,,,,,,,,,,,,,2,1,2233,0x08B9,,,,1,InstantCtl,Instant,0,0,Linear,Scalar
Grp001AuxOn008,1,1,8,,,Group-to-aux send on/off (block C5-F9 - PW ruling D10 2026-09-28),5187,illk,1,,,,,,,,,,,,,,,2,1,2241,0x08C1,,,,1,InstantCtl,Instant,0,0,Linear,Scalar
Grp002AuxOn001,1,2,1,,,Group-to-aux send on/off (block C5-F9 - PW ruling D10 2026-09-28),5188,illl,1,,,,,,,,,,,,,,,2,1,2186,0x088A,,,,1,InstantCtl,Instant,0,0,Linear,Scalar
Grp002AuxOn002,1,2,2,,,Group-to-aux send on/off (block C5-F9 - PW ruling D10 2026-09-28),5189,illm,1,,,,,,,,,,,,,,,2,1,2194,0x0892,,,,1,InstantCtl,Instant,0,0,Linear,Scalar
Grp002AuxOn003,1,2,3,,,Group-to-aux send on/off (block C5-F9 - PW ruling D10 2026-09-28),5190,illn,1,,,,,,,,,,,,,,,2,1,2202,0x089A,,,,1,InstantCtl,Instant,0,0,Linear,Scalar
Grp002AuxOn004,1,2,4,,,Group-to-aux send on/off (block C5-F9 - PW ruling D10 2026-09-28),5191,illo,1,,,,,,,,,,,,,,,2,1,2210,0x08A2,,,,1,InstantCtl,Instant,0,0,Linear,Scalar
Grp002AuxOn005,1,2,5,,,Group-to-aux send on/off (block C5-F9 - PW ruling D10 2026-09-28),5192,illp,1,,,,,,,,,,,,,,,2,1,2218,0x08AA,,,,1,InstantCtl,Instant,0,0,Linear,Scalar
Grp002AuxOn006,1,2,6,,,Group-to-aux send on/off (block C5-F9 - PW ruling D10 2026-09-28),5193,illq,1,,,,,,,,,,,,,,,2,1,2226,0x08B2,,,,1,InstantCtl,Instant,0,0,Linear,Scalar
Grp002AuxOn007,1,2,7,,,Group-to-aux send on/off (block C5-F9 - PW ruling D10 2026-09-28),5194,illr,1,,,,,,,,,,,,,,,2,1,2234,0x08BA,,,,1,InstantCtl,Instant,0,0,Linear,Scalar
Grp002AuxOn008,1,2,8,,,Group-to-aux send on/off (block C5-F9 - PW ruling D10 2026-09-28),5195,ills,1,,,,,,,,,,,,,,,2,1,2242,0x08C2,,,,1,InstantCtl,Instant,0,0,Linear,Scalar
Grp003AuxOn001,1,3,1,,,Group-to-aux send on/off (block C5-F9 - PW ruling D10 2026-09-28),5196,illt,1,,,,,,,,,,,,,,,2,1,2187,0x088B,,,,1,InstantCtl,Instant,0,0,Linear,Scalar
Grp003AuxOn002,1,3,2,,,Group-to-aux send on/off (block C5-F9 - PW ruling D10 2026-09-28),5197,illu,1,,,,,,,,,,,,,,,2,1,2195,0x0893,,,,1,InstantCtl,Instant,0,0,Linear,Scalar
Grp003AuxOn003,1,3,3,,,Group-to-aux send on/off (block C5-F9 - PW ruling D10 2026-09-28),5198,illv,1,,,,,,,,,,,,,,,2,1,2203,0x089B,,,,1,InstantCtl,Instant,0,0,Linear,Scalar
Grp003AuxOn004,1,3,4,,,Group-to-aux send on/off (block C5-F9 - PW ruling D10 2026-09-28),5199,illw,1,,,,,,,,,,,,,,,2,1,2211,0x08A3,,,,1,InstantCtl,Instant,0,0,Linear,Scalar
Grp003AuxOn005,1,3,5,,,Group-to-aux send on/off (block C5-F9 - PW ruling D10 2026-09-28),5200,ilmh,1,,,,,,,,,,,,,,,2,1,2219,0x08AB,,,,1,InstantCtl,Instant,0,0,Linear,Scalar
Grp003AuxOn006,1,3,6,,,Group-to-aux send on/off (block C5-F9 - PW ruling D10 2026-09-28),5201,ilmi,1,,,,,,,,,,,,,,,2,1,2227,0x08B3,,,,1,InstantCtl,Instant,0,0,Linear,Scalar
Grp003AuxOn007,1,3,7,,,Group-to-aux send on/off (block C5-F9 - PW ruling D10 2026-09-28),5202,ilmj,1,,,,,,,,,,,,,,,2,1,2235,0x08BB,,,,1,InstantCtl,Instant,0,0,Linear,Scalar
Grp003AuxOn008,1,3,8,,,Group-to-aux send on/off (block C5-F9 - PW ruling D10 2026-09-28),5203,ilmk,1,,,,,,,,,,,,,,,2,1,2243,0x08C3,,,,1,InstantCtl,Instant,0,0,Linear,Scalar
Grp004AuxOn001,1,4,1,,,Group-to-aux send on/off (block C5-F9 - PW ruling D10 2026-09-28),5204,ilml,1,,,,,,,,,,,,,,,2,1,2188,0x088C,,,,1,InstantCtl,Instant,0,0,Linear,Scalar
Grp004AuxOn002,1,4,2,,,Group-to-aux send on/off (block C5-F9 - PW ruling D10 2026-09-28),5205,ilmm,1,,,,,,,,,,,,,,,2,1,2196,0x0894,,,,1,InstantCtl,Instant,0,0,Linear,Scalar
Grp004AuxOn003,1,4,3,,,Group-to-aux send on/off (block C5-F9 - PW ruling D10 2026-09-28),5206,ilmn,1,,,,,,,,,,,,,,,2,1,2204,0x089C,,,,1,InstantCtl,Instant,0,0,Linear,Scalar
Grp004AuxOn004,1,4,4,,,Group-to-aux send on/off (block C5-F9 - PW ruling D10 2026-09-28),5207,ilmo,1,,,,,,,,,,,,,,,2,1,2212,0x08A4,,,,1,InstantCtl,Instant,0,0,Linear,Scalar
Grp004AuxOn005,1,4,5,,,Group-to-aux send on/off (block C5-F9 - PW ruling D10 2026-09-28),5208,ilmp,1,,,,,,,,,,,,,,,2,1,2220,0x08AC,,,,1,InstantCtl,Instant,0,0,Linear,Scalar
Grp004AuxOn006,1,4,6,,,Group-to-aux send on/off (block C5-F9 - PW ruling D10 2026-09-28),5209,ilmq,1,,,,,,,,,,,,,,,2,1,2228,0x08B4,,,,1,InstantCtl,Instant,0,0,Linear,Scalar
Grp004AuxOn007,1,4,7,,,Group-to-aux send on/off (block C5-F9 - PW ruling D10 2026-09-28),5210,ilmr,1,,,,,,,,,,,,,,,2,1,2236,0x08BC,,,,1,InstantCtl,Instant,0,0,Linear,Scalar
Grp004AuxOn008,1,4,8,,,Group-to-aux send on/off (block C5-F9 - PW ruling D10 2026-09-28),5211,ilms,1,,,,,,,,,,,,,,,2,1,2244,0x08C4,,,,1,InstantCtl,Instant,0,0,Linear,Scalar
Grp001AuxPick001,1,1,1,,,Group per-aux pickoff (PreEQ/PostEQ/PreFdr/PostFdr) (block C5-F9 - PW ruling D10 2026-09-28),5212,ilmt,4,,,,,,,,,,,,,,,,,,,,,,-,,,,,,
Grp001AuxPick002,1,1,2,,,Group per-aux pickoff (PreEQ/PostEQ/PreFdr/PostFdr) (block C5-F9 - PW ruling D10 2026-09-28),5213,ilmu,4,,,,,,,,,,,,,,,,,,,,,,-,,,,,,
Grp001AuxPick003,1,1,3,,,Group per-aux pickoff (PreEQ/PostEQ/PreFdr/PostFdr) (block C5-F9 - PW ruling D10 2026-09-28),5214,ilmv,4,,,,,,,,,,,,,,,,,,,,,,-,,,,,,
Grp001AuxPick004,1,1,4,,,Group per-aux pickoff (PreEQ/PostEQ/PreFdr/PostFdr) (block C5-F9 - PW ruling D10 2026-09-28),5215,ilmw,4,,,,,,,,,,,,,,,,,,,,,,-,,,,,,
Grp001AuxPick005,1,1,5,,,Group per-aux pickoff (PreEQ/PostEQ/PreFdr/PostFdr) (block C5-F9 - PW ruling D10 2026-09-28),5216,ilnh,4,,,,,,,,,,,,,,,,,,,,,,-,,,,,,
Grp001AuxPick006,1,1,6,,,Group per-aux pickoff (PreEQ/PostEQ/PreFdr/PostFdr) (block C5-F9 - PW ruling D10 2026-09-28),5217,ilni,4,,,,,,,,,,,,,,,,,,,,,,-,,,,,,
Grp001AuxPick007,1,1,7,,,Group per-aux pickoff (PreEQ/PostEQ/PreFdr/PostFdr) (block C5-F9 - PW ruling D10 2026-09-28),5218,ilnj,4,,,,,,,,,,,,,,,,,,,,,,-,,,,,,
Grp001AuxPick008,1,1,8,,,Group per-aux pickoff (PreEQ/PostEQ/PreFdr/PostFdr) (block C5-F9 - PW ruling D10 2026-09-28),5219,ilnk,4,,,,,,,,,,,,,,,,,,,,,,-,,,,,,
Grp002AuxPick001,1,2,1,,,Group per-aux pickoff (PreEQ/PostEQ/PreFdr/PostFdr) (block C5-F9 - PW ruling D10 2026-09-28),5220,ilnl,4,,,,,,,,,,,,,,,,,,,,,,-,,,,,,
Grp002AuxPick002,1,2,2,,,Group per-aux pickoff (PreEQ/PostEQ/PreFdr/PostFdr) (block C5-F9 - PW ruling D10 2026-09-28),5221,ilnm,4,,,,,,,,,,,,,,,,,,,,,,-,,,,,,
Grp002AuxPick003,1,2,3,,,Group per-aux pickoff (PreEQ/PostEQ/PreFdr/PostFdr) (block C5-F9 - PW ruling D10 2026-09-28),5222,ilnn,4,,,,,,,,,,,,,,,,,,,,,,-,,,,,,
Grp002AuxPick004,1,2,4,,,Group per-aux pickoff (PreEQ/PostEQ/PreFdr/PostFdr) (block C5-F9 - PW ruling D10 2026-09-28),5223,ilno,4,,,,,,,,,,,,,,,,,,,,,,-,,,,,,
Grp002AuxPick005,1,2,5,,,Group per-aux pickoff (PreEQ/PostEQ/PreFdr/PostFdr) (block C5-F9 - PW ruling D10 2026-09-28),5224,ilnp,4,,,,,,,,,,,,,,,,,,,,,,-,,,,,,
Grp002AuxPick006,1,2,6,,,Group per-aux pickoff (PreEQ/PostEQ/PreFdr/PostFdr) (block C5-F9 - PW ruling D10 2026-09-28),5225,ilnq,4,,,,,,,,,,,,,,,,,,,,,,-,,,,,,
Grp002AuxPick007,1,2,7,,,Group per-aux pickoff (PreEQ/PostEQ/PreFdr/PostFdr) (block C5-F9 - PW ruling D10 2026-09-28),5226,ilnr,4,,,,,,,,,,,,,,,,,,,,,,-,,,,,,
Grp002AuxPick008,1,2,8,,,Group per-aux pickoff (PreEQ/PostEQ/PreFdr/PostFdr) (block C5-F9 - PW ruling D10 2026-09-28),5227,ilns,4,,,,,,,,,,,,,,,,,,,,,,-,,,,,,
Grp003AuxPick001,1,3,1,,,Group per-aux pickoff (PreEQ/PostEQ/PreFdr/PostFdr) (block C5-F9 - PW ruling D10 2026-09-28),5228,ilnt,4,,,,,,,,,,,,,,,,,,,,,,-,,,,,,
Grp003AuxPick002,1,3,2,,,Group per-aux pickoff (PreEQ/PostEQ/PreFdr/PostFdr) (block C5-F9 - PW ruling D10 2026-09-28),5229,ilnu,4,,,,,,,,,,,,,,,,,,,,,,-,,,,,,
Grp003AuxPick003,1,3,3,,,Group per-aux pickoff (PreEQ/PostEQ/PreFdr/PostFdr) (block C5-F9 - PW ruling D10 2026-09-28),5230,ilnv,4,,,,,,,,,,,,,,,,,,,,,,-,,,,,,
Grp003AuxPick004,1,3,4,,,Group per-aux pickoff (PreEQ/PostEQ/PreFdr/PostFdr) (block C5-F9 - PW ruling D10 2026-09-28),5231,ilnw,4,,,,,,,,,,,,,,,,,,,,,,-,,,,,,
Grp003AuxPick005,1,3,5,,,Group per-aux pickoff (PreEQ/PostEQ/PreFdr/PostFdr) (block C5-F9 - PW ruling D10 2026-09-28),5232,iloh,4,,,,,,,,,,,,,,,,,,,,,,-,,,,,,
Grp003AuxPick006,1,3,6,,,Group per-aux pickoff (PreEQ/PostEQ/PreFdr/PostFdr) (block C5-F9 - PW ruling D10 2026-09-28),5233,iloi,4,,,,,,,,,,,,,,,,,,,,,,-,,,,,,
Grp003AuxPick007,1,3,7,,,Group per-aux pickoff (PreEQ/PostEQ/PreFdr/PostFdr) (block C5-F9 - PW ruling D10 2026-09-28),5234,iloj,4,,,,,,,,,,,,,,,,,,,,,,-,,,,,,
Grp003AuxPick008,1,3,8,,,Group per-aux pickoff (PreEQ/PostEQ/PreFdr/PostFdr) (block C5-F9 - PW ruling D10 2026-09-28),5235,ilok,4,,,,,,,,,,,,,,,,,,,,,,-,,,,,,
Grp004AuxPick001,1,4,1,,,Group per-aux pickoff (PreEQ/PostEQ/PreFdr/PostFdr) (block C5-F9 - PW ruling D10 2026-09-28),5236,ilol,4,,,,,,,,,,,,,,,,,,,,,,-,,,,,,
Grp004AuxPick002,1,4,2,,,Group per-aux pickoff (PreEQ/PostEQ/PreFdr/PostFdr) (block C5-F9 - PW ruling D10 2026-09-28),5237,ilom,4,,,,,,,,,,,,,,,,,,,,,,-,,,,,,
Grp004AuxPick003,1,4,3,,,Group per-aux pickoff (PreEQ/PostEQ/PreFdr/PostFdr) (block C5-F9 - PW ruling D10 2026-09-28),5238,ilon,4,,,,,,,,,,,,,,,,,,,,,,-,,,,,,
Grp004AuxPick004,1,4,4,,,Group per-aux pickoff (PreEQ/PostEQ/PreFdr/PostFdr) (block C5-F9 - PW ruling D10 2026-09-28),5239,iloo,4,,,,,,,,,,,,,,,,,,,,,,-,,,,,,
Grp004AuxPick005,1,4,5,,,Group per-aux pickoff (PreEQ/PostEQ/PreFdr/PostFdr) (block C5-F9 - PW ruling D10 2026-09-28),5240,ilop,4,,,,,,,,,,,,,,,,,,,,,,-,,,,,,
Grp004AuxPick006,1,4,6,,,Group per-aux pickoff (PreEQ/PostEQ/PreFdr/PostFdr) (block C5-F9 - PW ruling D10 2026-09-28),5241,iloq,4,,,,,,,,,,,,,,,,,,,,,,-,,,,,,
Grp004AuxPick007,1,4,7,,,Group per-aux pickoff (PreEQ/PostEQ/PreFdr/PostFdr) (block C5-F9 - PW ruling D10 2026-09-28),5242,ilor,4,,,,,,,,,,,,,,,,,,,,,,-,,,,,,
Grp004AuxPick008,1,4,8,,,Group per-aux pickoff (PreEQ/PostEQ/PreFdr/PostFdr) (block C5-F9 - PW ruling D10 2026-09-28),5243,ilos,4,,,,,,,,,,,,,,,,,,,,,,-,,,,,,
Chan001Trim001,1,1,1,,,Channel digital gain trim ±20dB after the ADC - separate from the analog 0-60dB Chan Gain (block B2 Dig Gain - PW ruling D11 2026-09-28),5244,ilot,81,,,,,,,,,,0=-20/80=20/[Lin],,,,,,,,,,,,40,,,,,,
Chan002Trim001,1,2,1,,,Channel digital gain trim ±20dB after the ADC - separate from the analog 0-60dB Chan Gain (block B2 Dig Gain - PW ruling D11 2026-09-28),5245,ilou,81,,,,,,,,,,0=-20/80=20/[Lin],,,,,,,,,,,,40,,,,,,
Chan003Trim001,1,3,1,,,Channel digital gain trim ±20dB after the ADC - separate from the analog 0-60dB Chan Gain (block B2 Dig Gain - PW ruling D11 2026-09-28),5246,ilov,81,,,,,,,,,,0=-20/80=20/[Lin],,,,,,,,,,,,40,,,,,,
Chan004Trim001,1,4,1,,,Channel digital gain trim ±20dB after the ADC - separate from the analog 0-60dB Chan Gain (block B2 Dig Gain - PW ruling D11 2026-09-28),5247,ilow,81,,,,,,,,,,0=-20/80=20/[Lin],,,,,,,,,,,,40,,,,,,
Chan005Trim001,1,5,1,,,Channel digital gain trim ±20dB after the ADC - separate from the analog 0-60dB Chan Gain (block B2 Dig Gain - PW ruling D11 2026-09-28),5248,ilph,81,,,,,,,,,,0=-20/80=20/[Lin],,,,,,,,,,,,40,,,,,,
Chan006Trim001,1,6,1,,,Channel digital gain trim ±20dB after the ADC - separate from the analog 0-60dB Chan Gain (block B2 Dig Gain - PW ruling D11 2026-09-28),5249,ilpi,81,,,,,,,,,,0=-20/80=20/[Lin],,,,,,,,,,,,40,,,,,,
Chan007Trim001,1,7,1,,,Channel digital gain trim ±20dB after the ADC - separate from the analog 0-60dB Chan Gain (block B2 Dig Gain - PW ruling D11 2026-09-28),5250,ilpj,81,,,,,,,,,,0=-20/80=20/[Lin],,,,,,,,,,,,40,,,,,,
Chan008Trim001,1,8,1,,,Channel digital gain trim ±20dB after the ADC - separate from the analog 0-60dB Chan Gain (block B2 Dig Gain - PW ruling D11 2026-09-28),5251,ilpk,81,,,,,,,,,,0=-20/80=20/[Lin],,,,,,,,,,,,40,,,,,,
Chan009Trim001,1,9,1,,,Channel digital gain trim ±20dB after the ADC - separate from the analog 0-60dB Chan Gain (block B2 Dig Gain - PW ruling D11 2026-09-28),5252,ilpl,81,,,,,,,,,,0=-20/80=20/[Lin],,,,,,,,,,,,40,,,,,,
Chan010Trim001,1,10,1,,,Channel digital gain trim ±20dB after the ADC - separate from the analog 0-60dB Chan Gain (block B2 Dig Gain - PW ruling D11 2026-09-28),5253,ilpm,81,,,,,,,,,,0=-20/80=20/[Lin],,,,,,,,,,,,40,,,,,,
Chan011Trim001,1,11,1,,,Channel digital gain trim ±20dB after the ADC - separate from the analog 0-60dB Chan Gain (block B2 Dig Gain - PW ruling D11 2026-09-28),5254,ilpn,81,,,,,,,,,,0=-20/80=20/[Lin],,,,,,,,,,,,40,,,,,,
Chan012Trim001,1,12,1,,,Channel digital gain trim ±20dB after the ADC - separate from the analog 0-60dB Chan Gain (block B2 Dig Gain - PW ruling D11 2026-09-28),5255,ilpo,81,,,,,,,,,,0=-20/80=20/[Lin],,,,,,,,,,,,40,,,,,,
Chan013Trim001,1,13,1,,,Channel digital gain trim ±20dB after the ADC - separate from the analog 0-60dB Chan Gain (block B2 Dig Gain - PW ruling D11 2026-09-28),5256,ilpp,81,,,,,,,,,,0=-20/80=20/[Lin],,,,,,,,,,,,40,,,,,,
Chan014Trim001,1,14,1,,,Channel digital gain trim ±20dB after the ADC - separate from the analog 0-60dB Chan Gain (block B2 Dig Gain - PW ruling D11 2026-09-28),5257,ilpq,81,,,,,,,,,,0=-20/80=20/[Lin],,,,,,,,,,,,40,,,,,,
Chan015Trim001,1,15,1,,,Channel digital gain trim ±20dB after the ADC - separate from the analog 0-60dB Chan Gain (block B2 Dig Gain - PW ruling D11 2026-09-28),5258,ilpr,81,,,,,,,,,,0=-20/80=20/[Lin],,,,,,,,,,,,40,,,,,,
Chan016Trim001,1,16,1,,,Channel digital gain trim ±20dB after the ADC - separate from the analog 0-60dB Chan Gain (block B2 Dig Gain - PW ruling D11 2026-09-28),5259,ilps,81,,,,,,,,,,0=-20/80=20/[Lin],,,,,,,,,,,,40,,,,,,
Chan017Trim001,1,17,1,,,Channel digital gain trim ±20dB after the ADC - separate from the analog 0-60dB Chan Gain (block B2 Dig Gain - PW ruling D11 2026-09-28),5260,ilpt,81,,,,,,,,,,0=-20/80=20/[Lin],,,,,,,,,,,,40,,,,,,
Chan018Trim001,1,18,1,,,Channel digital gain trim ±20dB after the ADC - separate from the analog 0-60dB Chan Gain (block B2 Dig Gain - PW ruling D11 2026-09-28),5261,ilpu,81,,,,,,,,,,0=-20/80=20/[Lin],,,,,,,,,,,,40,,,,,,
Chan019Trim001,1,19,1,,,Channel digital gain trim ±20dB after the ADC - separate from the analog 0-60dB Chan Gain (block B2 Dig Gain - PW ruling D11 2026-09-28),5262,ilpv,81,,,,,,,,,,0=-20/80=20/[Lin],,,,,,,,,,,,40,,,,,,
Chan020Trim001,1,20,1,,,Channel digital gain trim ±20dB after the ADC - separate from the analog 0-60dB Chan Gain (block B2 Dig Gain - PW ruling D11 2026-09-28),5263,ilpw,81,,,,,,,,,,0=-20/80=20/[Lin],,,,,,,,,,,,40,,,,,,
Chan021Trim001,1,21,1,,,Channel digital gain trim ±20dB after the ADC - separate from the analog 0-60dB Chan Gain (block B2 Dig Gain - PW ruling D11 2026-09-28),5264,ilqh,81,,,,,,,,,,0=-20/80=20/[Lin],,,,,,,,,,,,40,,,,,,
Chan022Trim001,1,22,1,,,Channel digital gain trim ±20dB after the ADC - separate from the analog 0-60dB Chan Gain (block B2 Dig Gain - PW ruling D11 2026-09-28),5265,ilqi,81,,,,,,,,,,0=-20/80=20/[Lin],,,,,,,,,,,,40,,,,,,
Chan023Trim001,1,23,1,,,Channel digital gain trim ±20dB after the ADC - separate from the analog 0-60dB Chan Gain (block B2 Dig Gain - PW ruling D11 2026-09-28),5266,ilqj,81,,,,,,,,,,0=-20/80=20/[Lin],,,,,,,,,,,,40,,,,,,
Chan024Trim001,1,24,1,,,Channel digital gain trim ±20dB after the ADC - separate from the analog 0-60dB Chan Gain (block B2 Dig Gain - PW ruling D11 2026-09-28),5267,ilqk,81,,,,,,,,,,0=-20/80=20/[Lin],,,,,,,,,,,,40,,,,,,
Chan001AuxPan001,1,1,1,,,Channel send pan into a STEREO aux pair: indexed by aux number and carried on the odd aux of the pair (Aux Link precedent); inert while the pair is dual mono (block G5 - PW rulings D11/D12 2026-09-28),5268,ilql,127,,,,,,,,Chan_Rtg,,Pan:dB:0:Off,,,,,,,,,,,,63,,,,,,
Chan001AuxPan002,1,1,2,,,Channel send pan into a STEREO aux pair: indexed by aux number and carried on the odd aux of the pair (Aux Link precedent); inert while the pair is dual mono (block G5 - PW rulings D11/D12 2026-09-28),5269,ilqm,127,,,,,,,,Chan_Rtg,,Pan:dB:0:Off,,,,,,,,,,,,63,,,,,,
Chan001AuxPan003,1,1,3,,,Channel send pan into a STEREO aux pair: indexed by aux number and carried on the odd aux of the pair (Aux Link precedent); inert while the pair is dual mono (block G5 - PW rulings D11/D12 2026-09-28),5270,ilqn,127,,,,,,,,Chan_Rtg,,Pan:dB:0:Off,,,,,,,,,,,,63,,,,,,
Chan001AuxPan004,1,1,4,,,Channel send pan into a STEREO aux pair: indexed by aux number and carried on the odd aux of the pair (Aux Link precedent); inert while the pair is dual mono (block G5 - PW rulings D11/D12 2026-09-28),5271,ilqo,127,,,,,,,,Chan_Rtg,,Pan:dB:0:Off,,,,,,,,,,,,63,,,,,,
Chan001AuxPan005,1,1,5,,,Channel send pan into a STEREO aux pair: indexed by aux number and carried on the odd aux of the pair (Aux Link precedent); inert while the pair is dual mono (block G5 - PW rulings D11/D12 2026-09-28),5272,ilqp,127,,,,,,,,Chan_Rtg,,Pan:dB:0:Off,,,,,,,,,,,,63,,,,,,
Chan001AuxPan006,1,1,6,,,Channel send pan into a STEREO aux pair: indexed by aux number and carried on the odd aux of the pair (Aux Link precedent); inert while the pair is dual mono (block G5 - PW rulings D11/D12 2026-09-28),5273,ilqq,127,,,,,,,,Chan_Rtg,,Pan:dB:0:Off,,,,,,,,,,,,63,,,,,,
Chan001AuxPan007,1,1,7,,,Channel send pan into a STEREO aux pair: indexed by aux number and carried on the odd aux of the pair (Aux Link precedent); inert while the pair is dual mono (block G5 - PW rulings D11/D12 2026-09-28),5274,ilqr,127,,,,,,,,Chan_Rtg,,Pan:dB:0:Off,,,,,,,,,,,,63,,,,,,
Chan001AuxPan008,1,1,8,,,Channel send pan into a STEREO aux pair: indexed by aux number and carried on the odd aux of the pair (Aux Link precedent); inert while the pair is dual mono (block G5 - PW rulings D11/D12 2026-09-28),5275,ilqs,127,,,,,,,,Chan_Rtg,,Pan:dB:0:Off,,,,,,,,,,,,63,,,,,,
Chan002AuxPan001,1,2,1,,,Channel send pan into a STEREO aux pair: indexed by aux number and carried on the odd aux of the pair (Aux Link precedent); inert while the pair is dual mono (block G5 - PW rulings D11/D12 2026-09-28),5276,ilqt,127,,,,,,,,Chan_Rtg,,Pan:dB:0:Off,,,,,,,,,,,,63,,,,,,
Chan002AuxPan002,1,2,2,,,Channel send pan into a STEREO aux pair: indexed by aux number and carried on the odd aux of the pair (Aux Link precedent); inert while the pair is dual mono (block G5 - PW rulings D11/D12 2026-09-28),5277,ilqu,127,,,,,,,,Chan_Rtg,,Pan:dB:0:Off,,,,,,,,,,,,63,,,,,,
Chan002AuxPan003,1,2,3,,,Channel send pan into a STEREO aux pair: indexed by aux number and carried on the odd aux of the pair (Aux Link precedent); inert while the pair is dual mono (block G5 - PW rulings D11/D12 2026-09-28),5278,ilqv,127,,,,,,,,Chan_Rtg,,Pan:dB:0:Off,,,,,,,,,,,,63,,,,,,
Chan002AuxPan004,1,2,4,,,Channel send pan into a STEREO aux pair: indexed by aux number and carried on the odd aux of the pair (Aux Link precedent); inert while the pair is dual mono (block G5 - PW rulings D11/D12 2026-09-28),5279,ilqw,127,,,,,,,,Chan_Rtg,,Pan:dB:0:Off,,,,,,,,,,,,63,,,,,,
Chan002AuxPan005,1,2,5,,,Channel send pan into a STEREO aux pair: indexed by aux number and carried on the odd aux of the pair (Aux Link precedent); inert while the pair is dual mono (block G5 - PW rulings D11/D12 2026-09-28),5280,ilrh,127,,,,,,,,Chan_Rtg,,Pan:dB:0:Off,,,,,,,,,,,,63,,,,,,
Chan002AuxPan006,1,2,6,,,Channel send pan into a STEREO aux pair: indexed by aux number and carried on the odd aux of the pair (Aux Link precedent); inert while the pair is dual mono (block G5 - PW rulings D11/D12 2026-09-28),5281,ilri,127,,,,,,,,Chan_Rtg,,Pan:dB:0:Off,,,,,,,,,,,,63,,,,,,
Chan002AuxPan007,1,2,7,,,Channel send pan into a STEREO aux pair: indexed by aux number and carried on the odd aux of the pair (Aux Link precedent); inert while the pair is dual mono (block G5 - PW rulings D11/D12 2026-09-28),5282,ilrj,127,,,,,,,,Chan_Rtg,,Pan:dB:0:Off,,,,,,,,,,,,63,,,,,,
Chan002AuxPan008,1,2,8,,,Channel send pan into a STEREO aux pair: indexed by aux number and carried on the odd aux of the pair (Aux Link precedent); inert while the pair is dual mono (block G5 - PW rulings D11/D12 2026-09-28),5283,ilrk,127,,,,,,,,Chan_Rtg,,Pan:dB:0:Off,,,,,,,,,,,,63,,,,,,
Chan003AuxPan001,1,3,1,,,Channel send pan into a STEREO aux pair: indexed by aux number and carried on the odd aux of the pair (Aux Link precedent); inert while the pair is dual mono (block G5 - PW rulings D11/D12 2026-09-28),5284,ilrl,127,,,,,,,,Chan_Rtg,,Pan:dB:0:Off,,,,,,,,,,,,63,,,,,,
Chan003AuxPan002,1,3,2,,,Channel send pan into a STEREO aux pair: indexed by aux number and carried on the odd aux of the pair (Aux Link precedent); inert while the pair is dual mono (block G5 - PW rulings D11/D12 2026-09-28),5285,ilrm,127,,,,,,,,Chan_Rtg,,Pan:dB:0:Off,,,,,,,,,,,,63,,,,,,
Chan003AuxPan003,1,3,3,,,Channel send pan into a STEREO aux pair: indexed by aux number and carried on the odd aux of the pair (Aux Link precedent); inert while the pair is dual mono (block G5 - PW rulings D11/D12 2026-09-28),5286,ilrn,127,,,,,,,,Chan_Rtg,,Pan:dB:0:Off,,,,,,,,,,,,63,,,,,,
Chan003AuxPan004,1,3,4,,,Channel send pan into a STEREO aux pair: indexed by aux number and carried on the odd aux of the pair (Aux Link precedent); inert while the pair is dual mono (block G5 - PW rulings D11/D12 2026-09-28),5287,ilro,127,,,,,,,,Chan_Rtg,,Pan:dB:0:Off,,,,,,,,,,,,63,,,,,,
Chan003AuxPan005,1,3,5,,,Channel send pan into a STEREO aux pair: indexed by aux number and carried on the odd aux of the pair (Aux Link precedent); inert while the pair is dual mono (block G5 - PW rulings D11/D12 2026-09-28),5288,ilrp,127,,,,,,,,Chan_Rtg,,Pan:dB:0:Off,,,,,,,,,,,,63,,,,,,
Chan003AuxPan006,1,3,6,,,Channel send pan into a STEREO aux pair: indexed by aux number and carried on the odd aux of the pair (Aux Link precedent); inert while the pair is dual mono (block G5 - PW rulings D11/D12 2026-09-28),5289,ilrq,127,,,,,,,,Chan_Rtg,,Pan:dB:0:Off,,,,,,,,,,,,63,,,,,,
Chan003AuxPan007,1,3,7,,,Channel send pan into a STEREO aux pair: indexed by aux number and carried on the odd aux of the pair (Aux Link precedent); inert while the pair is dual mono (block G5 - PW rulings D11/D12 2026-09-28),5290,ilrr,127,,,,,,,,Chan_Rtg,,Pan:dB:0:Off,,,,,,,,,,,,63,,,,,,
Chan003AuxPan008,1,3,8,,,Channel send pan into a STEREO aux pair: indexed by aux number and carried on the odd aux of the pair (Aux Link precedent); inert while the pair is dual mono (block G5 - PW rulings D11/D12 2026-09-28),5291,ilrs,127,,,,,,,,Chan_Rtg,,Pan:dB:0:Off,,,,,,,,,,,,63,,,,,,
Chan004AuxPan001,1,4,1,,,Channel send pan into a STEREO aux pair: indexed by aux number and carried on the odd aux of the pair (Aux Link precedent); inert while the pair is dual mono (block G5 - PW rulings D11/D12 2026-09-28),5292,ilrt,127,,,,,,,,Chan_Rtg,,Pan:dB:0:Off,,,,,,,,,,,,63,,,,,,
Chan004AuxPan002,1,4,2,,,Channel send pan into a STEREO aux pair: indexed by aux number and carried on the odd aux of the pair (Aux Link precedent); inert while the pair is dual mono (block G5 - PW rulings D11/D12 2026-09-28),5293,ilru,127,,,,,,,,Chan_Rtg,,Pan:dB:0:Off,,,,,,,,,,,,63,,,,,,
Chan004AuxPan003,1,4,3,,,Channel send pan into a STEREO aux pair: indexed by aux number and carried on the odd aux of the pair (Aux Link precedent); inert while the pair is dual mono (block G5 - PW rulings D11/D12 2026-09-28),5294,ilrv,127,,,,,,,,Chan_Rtg,,Pan:dB:0:Off,,,,,,,,,,,,63,,,,,,
Chan004AuxPan004,1,4,4,,,Channel send pan into a STEREO aux pair: indexed by aux number and carried on the odd aux of the pair (Aux Link precedent); inert while the pair is dual mono (block G5 - PW rulings D11/D12 2026-09-28),5295,ilrw,127,,,,,,,,Chan_Rtg,,Pan:dB:0:Off,,,,,,,,,,,,63,,,,,,
Chan004AuxPan005,1,4,5,,,Channel send pan into a STEREO aux pair: indexed by aux number and carried on the odd aux of the pair (Aux Link precedent); inert while the pair is dual mono (block G5 - PW rulings D11/D12 2026-09-28),5296,ilsh,127,,,,,,,,Chan_Rtg,,Pan:dB:0:Off,,,,,,,,,,,,63,,,,,,
Chan004AuxPan006,1,4,6,,,Channel send pan into a STEREO aux pair: indexed by aux number and carried on the odd aux of the pair (Aux Link precedent); inert while the pair is dual mono (block G5 - PW rulings D11/D12 2026-09-28),5297,ilsi,127,,,,,,,,Chan_Rtg,,Pan:dB:0:Off,,,,,,,,,,,,63,,,,,,
Chan004AuxPan007,1,4,7,,,Channel send pan into a STEREO aux pair: indexed by aux number and carried on the odd aux of the pair (Aux Link precedent); inert while the pair is dual mono (block G5 - PW rulings D11/D12 2026-09-28),5298,ilsj,127,,,,,,,,Chan_Rtg,,Pan:dB:0:Off,,,,,,,,,,,,63,,,,,,
Chan004AuxPan008,1,4,8,,,Channel send pan into a STEREO aux pair: indexed by aux number and carried on the odd aux of the pair (Aux Link precedent); inert while the pair is dual mono (block G5 - PW rulings D11/D12 2026-09-28),5299,ilsk,127,,,,,,,,Chan_Rtg,,Pan:dB:0:Off,,,,,,,,,,,,63,,,,,,
Chan005AuxPan001,1,5,1,,,Channel send pan into a STEREO aux pair: indexed by aux number and carried on the odd aux of the pair (Aux Link precedent); inert while the pair is dual mono (block G5 - PW rulings D11/D12 2026-09-28),5300,ilsl,127,,,,,,,,Chan_Rtg,,Pan:dB:0:Off,,,,,,,,,,,,63,,,,,,
Chan005AuxPan002,1,5,2,,,Channel send pan into a STEREO aux pair: indexed by aux number and carried on the odd aux of the pair (Aux Link precedent); inert while the pair is dual mono (block G5 - PW rulings D11/D12 2026-09-28),5301,ilsm,127,,,,,,,,Chan_Rtg,,Pan:dB:0:Off,,,,,,,,,,,,63,,,,,,
Chan005AuxPan003,1,5,3,,,Channel send pan into a STEREO aux pair: indexed by aux number and carried on the odd aux of the pair (Aux Link precedent); inert while the pair is dual mono (block G5 - PW rulings D11/D12 2026-09-28),5302,ilsn,127,,,,,,,,Chan_Rtg,,Pan:dB:0:Off,,,,,,,,,,,,63,,,,,,
Chan005AuxPan004,1,5,4,,,Channel send pan into a STEREO aux pair: indexed by aux number and carried on the odd aux of the pair (Aux Link precedent); inert while the pair is dual mono (block G5 - PW rulings D11/D12 2026-09-28),5303,ilso,127,,,,,,,,Chan_Rtg,,Pan:dB:0:Off,,,,,,,,,,,,63,,,,,,
Chan005AuxPan005,1,5,5,,,Channel send pan into a STEREO aux pair: indexed by aux number and carried on the odd aux of the pair (Aux Link precedent); inert while the pair is dual mono (block G5 - PW rulings D11/D12 2026-09-28),5304,ilsp,127,,,,,,,,Chan_Rtg,,Pan:dB:0:Off,,,,,,,,,,,,63,,,,,,
Chan005AuxPan006,1,5,6,,,Channel send pan into a STEREO aux pair: indexed by aux number and carried on the odd aux of the pair (Aux Link precedent); inert while the pair is dual mono (block G5 - PW rulings D11/D12 2026-09-28),5305,ilsq,127,,,,,,,,Chan_Rtg,,Pan:dB:0:Off,,,,,,,,,,,,63,,,,,,
Chan005AuxPan007,1,5,7,,,Channel send pan into a STEREO aux pair: indexed by aux number and carried on the odd aux of the pair (Aux Link precedent); inert while the pair is dual mono (block G5 - PW rulings D11/D12 2026-09-28),5306,ilsr,127,,,,,,,,Chan_Rtg,,Pan:dB:0:Off,,,,,,,,,,,,63,,,,,,
Chan005AuxPan008,1,5,8,,,Channel send pan into a STEREO aux pair: indexed by aux number and carried on the odd aux of the pair (Aux Link precedent); inert while the pair is dual mono (block G5 - PW rulings D11/D12 2026-09-28),5307,ilss,127,,,,,,,,Chan_Rtg,,Pan:dB:0:Off,,,,,,,,,,,,63,,,,,,
Chan006AuxPan001,1,6,1,,,Channel send pan into a STEREO aux pair: indexed by aux number and carried on the odd aux of the pair (Aux Link precedent); inert while the pair is dual mono (block G5 - PW rulings D11/D12 2026-09-28),5308,ilst,127,,,,,,,,Chan_Rtg,,Pan:dB:0:Off,,,,,,,,,,,,63,,,,,,
Chan006AuxPan002,1,6,2,,,Channel send pan into a STEREO aux pair: indexed by aux number and carried on the odd aux of the pair (Aux Link precedent); inert while the pair is dual mono (block G5 - PW rulings D11/D12 2026-09-28),5309,ilsu,127,,,,,,,,Chan_Rtg,,Pan:dB:0:Off,,,,,,,,,,,,63,,,,,,
Chan006AuxPan003,1,6,3,,,Channel send pan into a STEREO aux pair: indexed by aux number and carried on the odd aux of the pair (Aux Link precedent); inert while the pair is dual mono (block G5 - PW rulings D11/D12 2026-09-28),5310,ilsv,127,,,,,,,,Chan_Rtg,,Pan:dB:0:Off,,,,,,,,,,,,63,,,,,,
Chan006AuxPan004,1,6,4,,,Channel send pan into a STEREO aux pair: indexed by aux number and carried on the odd aux of the pair (Aux Link precedent); inert while the pair is dual mono (block G5 - PW rulings D11/D12 2026-09-28),5311,ilsw,127,,,,,,,,Chan_Rtg,,Pan:dB:0:Off,,,,,,,,,,,,63,,,,,,
Chan006AuxPan005,1,6,5,,,Channel send pan into a STEREO aux pair: indexed by aux number and carried on the odd aux of the pair (Aux Link precedent); inert while the pair is dual mono (block G5 - PW rulings D11/D12 2026-09-28),5312,ilth,127,,,,,,,,Chan_Rtg,,Pan:dB:0:Off,,,,,,,,,,,,63,,,,,,
Chan006AuxPan006,1,6,6,,,Channel send pan into a STEREO aux pair: indexed by aux number and carried on the odd aux of the pair (Aux Link precedent); inert while the pair is dual mono (block G5 - PW rulings D11/D12 2026-09-28),5313,ilti,127,,,,,,,,Chan_Rtg,,Pan:dB:0:Off,,,,,,,,,,,,63,,,,,,
Chan006AuxPan007,1,6,7,,,Channel send pan into a STEREO aux pair: indexed by aux number and carried on the odd aux of the pair (Aux Link precedent); inert while the pair is dual mono (block G5 - PW rulings D11/D12 2026-09-28),5314,iltj,127,,,,,,,,Chan_Rtg,,Pan:dB:0:Off,,,,,,,,,,,,63,,,,,,
Chan006AuxPan008,1,6,8,,,Channel send pan into a STEREO aux pair: indexed by aux number and carried on the odd aux of the pair (Aux Link precedent); inert while the pair is dual mono (block G5 - PW rulings D11/D12 2026-09-28),5315,iltk,127,,,,,,,,Chan_Rtg,,Pan:dB:0:Off,,,,,,,,,,,,63,,,,,,
Chan007AuxPan001,1,7,1,,,Channel send pan into a STEREO aux pair: indexed by aux number and carried on the odd aux of the pair (Aux Link precedent); inert while the pair is dual mono (block G5 - PW rulings D11/D12 2026-09-28),5316,iltl,127,,,,,,,,Chan_Rtg,,Pan:dB:0:Off,,,,,,,,,,,,63,,,,,,
Chan007AuxPan002,1,7,2,,,Channel send pan into a STEREO aux pair: indexed by aux number and carried on the odd aux of the pair (Aux Link precedent); inert while the pair is dual mono (block G5 - PW rulings D11/D12 2026-09-28),5317,iltm,127,,,,,,,,Chan_Rtg,,Pan:dB:0:Off,,,,,,,,,,,,63,,,,,,
Chan007AuxPan003,1,7,3,,,Channel send pan into a STEREO aux pair: indexed by aux number and carried on the odd aux of the pair (Aux Link precedent); inert while the pair is dual mono (block G5 - PW rulings D11/D12 2026-09-28),5318,iltn,127,,,,,,,,Chan_Rtg,,Pan:dB:0:Off,,,,,,,,,,,,63,,,,,,
Chan007AuxPan004,1,7,4,,,Channel send pan into a STEREO aux pair: indexed by aux number and carried on the odd aux of the pair (Aux Link precedent); inert while the pair is dual mono (block G5 - PW rulings D11/D12 2026-09-28),5319,ilto,127,,,,,,,,Chan_Rtg,,Pan:dB:0:Off,,,,,,,,,,,,63,,,,,,
Chan007AuxPan005,1,7,5,,,Channel send pan into a STEREO aux pair: indexed by aux number and carried on the odd aux of the pair (Aux Link precedent); inert while the pair is dual mono (block G5 - PW rulings D11/D12 2026-09-28),5320,iltp,127,,,,,,,,Chan_Rtg,,Pan:dB:0:Off,,,,,,,,,,,,63,,,,,,
Chan007AuxPan006,1,7,6,,,Channel send pan into a STEREO aux pair: indexed by aux number and carried on the odd aux of the pair (Aux Link precedent); inert while the pair is dual mono (block G5 - PW rulings D11/D12 2026-09-28),5321,iltq,127,,,,,,,,Chan_Rtg,,Pan:dB:0:Off,,,,,,,,,,,,63,,,,,,
Chan007AuxPan007,1,7,7,,,Channel send pan into a STEREO aux pair: indexed by aux number and carried on the odd aux of the pair (Aux Link precedent); inert while the pair is dual mono (block G5 - PW rulings D11/D12 2026-09-28),5322,iltr,127,,,,,,,,Chan_Rtg,,Pan:dB:0:Off,,,,,,,,,,,,63,,,,,,
Chan007AuxPan008,1,7,8,,,Channel send pan into a STEREO aux pair: indexed by aux number and carried on the odd aux of the pair (Aux Link precedent); inert while the pair is dual mono (block G5 - PW rulings D11/D12 2026-09-28),5323,ilts,127,,,,,,,,Chan_Rtg,,Pan:dB:0:Off,,,,,,,,,,,,63,,,,,,
Chan008AuxPan001,1,8,1,,,Channel send pan into a STEREO aux pair: indexed by aux number and carried on the odd aux of the pair (Aux Link precedent); inert while the pair is dual mono (block G5 - PW rulings D11/D12 2026-09-28),5324,iltt,127,,,,,,,,Chan_Rtg,,Pan:dB:0:Off,,,,,,,,,,,,63,,,,,,
Chan008AuxPan002,1,8,2,,,Channel send pan into a STEREO aux pair: indexed by aux number and carried on the odd aux of the pair (Aux Link precedent); inert while the pair is dual mono (block G5 - PW rulings D11/D12 2026-09-28),5325,iltu,127,,,,,,,,Chan_Rtg,,Pan:dB:0:Off,,,,,,,,,,,,63,,,,,,
Chan008AuxPan003,1,8,3,,,Channel send pan into a STEREO aux pair: indexed by aux number and carried on the odd aux of the pair (Aux Link precedent); inert while the pair is dual mono (block G5 - PW rulings D11/D12 2026-09-28),5326,iltv,127,,,,,,,,Chan_Rtg,,Pan:dB:0:Off,,,,,,,,,,,,63,,,,,,
Chan008AuxPan004,1,8,4,,,Channel send pan into a STEREO aux pair: indexed by aux number and carried on the odd aux of the pair (Aux Link precedent); inert while the pair is dual mono (block G5 - PW rulings D11/D12 2026-09-28),5327,iltw,127,,,,,,,,Chan_Rtg,,Pan:dB:0:Off,,,,,,,,,,,,63,,,,,,
Chan008AuxPan005,1,8,5,,,Channel send pan into a STEREO aux pair: indexed by aux number and carried on the odd aux of the pair (Aux Link precedent); inert while the pair is dual mono (block G5 - PW rulings D11/D12 2026-09-28),5328,iluh,127,,,,,,,,Chan_Rtg,,Pan:dB:0:Off,,,,,,,,,,,,63,,,,,,
Chan008AuxPan006,1,8,6,,,Channel send pan into a STEREO aux pair: indexed by aux number and carried on the odd aux of the pair (Aux Link precedent); inert while the pair is dual mono (block G5 - PW rulings D11/D12 2026-09-28),5329,ilui,127,,,,,,,,Chan_Rtg,,Pan:dB:0:Off,,,,,,,,,,,,63,,,,,,
Chan008AuxPan007,1,8,7,,,Channel send pan into a STEREO aux pair: indexed by aux number and carried on the odd aux of the pair (Aux Link precedent); inert while the pair is dual mono (block G5 - PW rulings D11/D12 2026-09-28),5330,iluj,127,,,,,,,,Chan_Rtg,,Pan:dB:0:Off,,,,,,,,,,,,63,,,,,,
Chan008AuxPan008,1,8,8,,,Channel send pan into a STEREO aux pair: indexed by aux number and carried on the odd aux of the pair (Aux Link precedent); inert while the pair is dual mono (block G5 - PW rulings D11/D12 2026-09-28),5331,iluk,127,,,,,,,,Chan_Rtg,,Pan:dB:0:Off,,,,,,,,,,,,63,,,,,,
Chan009AuxPan001,1,9,1,,,Channel send pan into a STEREO aux pair: indexed by aux number and carried on the odd aux of the pair (Aux Link precedent); inert while the pair is dual mono (block G5 - PW rulings D11/D12 2026-09-28),5332,ilul,127,,,,,,,,Chan_Rtg,,Pan:dB:0:Off,,,,,,,,,,,,63,,,,,,
Chan009AuxPan002,1,9,2,,,Channel send pan into a STEREO aux pair: indexed by aux number and carried on the odd aux of the pair (Aux Link precedent); inert while the pair is dual mono (block G5 - PW rulings D11/D12 2026-09-28),5333,ilum,127,,,,,,,,Chan_Rtg,,Pan:dB:0:Off,,,,,,,,,,,,63,,,,,,
Chan009AuxPan003,1,9,3,,,Channel send pan into a STEREO aux pair: indexed by aux number and carried on the odd aux of the pair (Aux Link precedent); inert while the pair is dual mono (block G5 - PW rulings D11/D12 2026-09-28),5334,ilun,127,,,,,,,,Chan_Rtg,,Pan:dB:0:Off,,,,,,,,,,,,63,,,,,,
Chan009AuxPan004,1,9,4,,,Channel send pan into a STEREO aux pair: indexed by aux number and carried on the odd aux of the pair (Aux Link precedent); inert while the pair is dual mono (block G5 - PW rulings D11/D12 2026-09-28),5335,iluo,127,,,,,,,,Chan_Rtg,,Pan:dB:0:Off,,,,,,,,,,,,63,,,,,,
Chan009AuxPan005,1,9,5,,,Channel send pan into a STEREO aux pair: indexed by aux number and carried on the odd aux of the pair (Aux Link precedent); inert while the pair is dual mono (block G5 - PW rulings D11/D12 2026-09-28),5336,ilup,127,,,,,,,,Chan_Rtg,,Pan:dB:0:Off,,,,,,,,,,,,63,,,,,,
Chan009AuxPan006,1,9,6,,,Channel send pan into a STEREO aux pair: indexed by aux number and carried on the odd aux of the pair (Aux Link precedent); inert while the pair is dual mono (block G5 - PW rulings D11/D12 2026-09-28),5337,iluq,127,,,,,,,,Chan_Rtg,,Pan:dB:0:Off,,,,,,,,,,,,63,,,,,,
Chan009AuxPan007,1,9,7,,,Channel send pan into a STEREO aux pair: indexed by aux number and carried on the odd aux of the pair (Aux Link precedent); inert while the pair is dual mono (block G5 - PW rulings D11/D12 2026-09-28),5338,ilur,127,,,,,,,,Chan_Rtg,,Pan:dB:0:Off,,,,,,,,,,,,63,,,,,,
Chan009AuxPan008,1,9,8,,,Channel send pan into a STEREO aux pair: indexed by aux number and carried on the odd aux of the pair (Aux Link precedent); inert while the pair is dual mono (block G5 - PW rulings D11/D12 2026-09-28),5339,ilus,127,,,,,,,,Chan_Rtg,,Pan:dB:0:Off,,,,,,,,,,,,63,,,,,,
Chan010AuxPan001,1,10,1,,,Channel send pan into a STEREO aux pair: indexed by aux number and carried on the odd aux of the pair (Aux Link precedent); inert while the pair is dual mono (block G5 - PW rulings D11/D12 2026-09-28),5340,ilut,127,,,,,,,,Chan_Rtg,,Pan:dB:0:Off,,,,,,,,,,,,63,,,,,,
Chan010AuxPan002,1,10,2,,,Channel send pan into a STEREO aux pair: indexed by aux number and carried on the odd aux of the pair (Aux Link precedent); inert while the pair is dual mono (block G5 - PW rulings D11/D12 2026-09-28),5341,iluu,127,,,,,,,,Chan_Rtg,,Pan:dB:0:Off,,,,,,,,,,,,63,,,,,,
Chan010AuxPan003,1,10,3,,,Channel send pan into a STEREO aux pair: indexed by aux number and carried on the odd aux of the pair (Aux Link precedent); inert while the pair is dual mono (block G5 - PW rulings D11/D12 2026-09-28),5342,iluv,127,,,,,,,,Chan_Rtg,,Pan:dB:0:Off,,,,,,,,,,,,63,,,,,,
Chan010AuxPan004,1,10,4,,,Channel send pan into a STEREO aux pair: indexed by aux number and carried on the odd aux of the pair (Aux Link precedent); inert while the pair is dual mono (block G5 - PW rulings D11/D12 2026-09-28),5343,iluw,127,,,,,,,,Chan_Rtg,,Pan:dB:0:Off,,,,,,,,,,,,63,,,,,,
Chan010AuxPan005,1,10,5,,,Channel send pan into a STEREO aux pair: indexed by aux number and carried on the odd aux of the pair (Aux Link precedent); inert while the pair is dual mono (block G5 - PW rulings D11/D12 2026-09-28),5344,ilvh,127,,,,,,,,Chan_Rtg,,Pan:dB:0:Off,,,,,,,,,,,,63,,,,,,
Chan010AuxPan006,1,10,6,,,Channel send pan into a STEREO aux pair: indexed by aux number and carried on the odd aux of the pair (Aux Link precedent); inert while the pair is dual mono (block G5 - PW rulings D11/D12 2026-09-28),5345,ilvi,127,,,,,,,,Chan_Rtg,,Pan:dB:0:Off,,,,,,,,,,,,63,,,,,,
Chan010AuxPan007,1,10,7,,,Channel send pan into a STEREO aux pair: indexed by aux number and carried on the odd aux of the pair (Aux Link precedent); inert while the pair is dual mono (block G5 - PW rulings D11/D12 2026-09-28),5346,ilvj,127,,,,,,,,Chan_Rtg,,Pan:dB:0:Off,,,,,,,,,,,,63,,,,,,
Chan010AuxPan008,1,10,8,,,Channel send pan into a STEREO aux pair: indexed by aux number and carried on the odd aux of the pair (Aux Link precedent); inert while the pair is dual mono (block G5 - PW rulings D11/D12 2026-09-28),5347,ilvk,127,,,,,,,,Chan_Rtg,,Pan:dB:0:Off,,,,,,,,,,,,63,,,,,,
Chan011AuxPan001,1,11,1,,,Channel send pan into a STEREO aux pair: indexed by aux number and carried on the odd aux of the pair (Aux Link precedent); inert while the pair is dual mono (block G5 - PW rulings D11/D12 2026-09-28),5348,ilvl,127,,,,,,,,Chan_Rtg,,Pan:dB:0:Off,,,,,,,,,,,,63,,,,,,
Chan011AuxPan002,1,11,2,,,Channel send pan into a STEREO aux pair: indexed by aux number and carried on the odd aux of the pair (Aux Link precedent); inert while the pair is dual mono (block G5 - PW rulings D11/D12 2026-09-28),5349,ilvm,127,,,,,,,,Chan_Rtg,,Pan:dB:0:Off,,,,,,,,,,,,63,,,,,,
Chan011AuxPan003,1,11,3,,,Channel send pan into a STEREO aux pair: indexed by aux number and carried on the odd aux of the pair (Aux Link precedent); inert while the pair is dual mono (block G5 - PW rulings D11/D12 2026-09-28),5350,ilvn,127,,,,,,,,Chan_Rtg,,Pan:dB:0:Off,,,,,,,,,,,,63,,,,,,
Chan011AuxPan004,1,11,4,,,Channel send pan into a STEREO aux pair: indexed by aux number and carried on the odd aux of the pair (Aux Link precedent); inert while the pair is dual mono (block G5 - PW rulings D11/D12 2026-09-28),5351,ilvo,127,,,,,,,,Chan_Rtg,,Pan:dB:0:Off,,,,,,,,,,,,63,,,,,,
Chan011AuxPan005,1,11,5,,,Channel send pan into a STEREO aux pair: indexed by aux number and carried on the odd aux of the pair (Aux Link precedent); inert while the pair is dual mono (block G5 - PW rulings D11/D12 2026-09-28),5352,ilvp,127,,,,,,,,Chan_Rtg,,Pan:dB:0:Off,,,,,,,,,,,,63,,,,,,
Chan011AuxPan006,1,11,6,,,Channel send pan into a STEREO aux pair: indexed by aux number and carried on the odd aux of the pair (Aux Link precedent); inert while the pair is dual mono (block G5 - PW rulings D11/D12 2026-09-28),5353,ilvq,127,,,,,,,,Chan_Rtg,,Pan:dB:0:Off,,,,,,,,,,,,63,,,,,,
Chan011AuxPan007,1,11,7,,,Channel send pan into a STEREO aux pair: indexed by aux number and carried on the odd aux of the pair (Aux Link precedent); inert while the pair is dual mono (block G5 - PW rulings D11/D12 2026-09-28),5354,ilvr,127,,,,,,,,Chan_Rtg,,Pan:dB:0:Off,,,,,,,,,,,,63,,,,,,
Chan011AuxPan008,1,11,8,,,Channel send pan into a STEREO aux pair: indexed by aux number and carried on the odd aux of the pair (Aux Link precedent); inert while the pair is dual mono (block G5 - PW rulings D11/D12 2026-09-28),5355,ilvs,127,,,,,,,,Chan_Rtg,,Pan:dB:0:Off,,,,,,,,,,,,63,,,,,,
Chan012AuxPan001,1,12,1,,,Channel send pan into a STEREO aux pair: indexed by aux number and carried on the odd aux of the pair (Aux Link precedent); inert while the pair is dual mono (block G5 - PW rulings D11/D12 2026-09-28),5356,ilvt,127,,,,,,,,Chan_Rtg,,Pan:dB:0:Off,,,,,,,,,,,,63,,,,,,
Chan012AuxPan002,1,12,2,,,Channel send pan into a STEREO aux pair: indexed by aux number and carried on the odd aux of the pair (Aux Link precedent); inert while the pair is dual mono (block G5 - PW rulings D11/D12 2026-09-28),5357,ilvu,127,,,,,,,,Chan_Rtg,,Pan:dB:0:Off,,,,,,,,,,,,63,,,,,,
Chan012AuxPan003,1,12,3,,,Channel send pan into a STEREO aux pair: indexed by aux number and carried on the odd aux of the pair (Aux Link precedent); inert while the pair is dual mono (block G5 - PW rulings D11/D12 2026-09-28),5358,ilvv,127,,,,,,,,Chan_Rtg,,Pan:dB:0:Off,,,,,,,,,,,,63,,,,,,
Chan012AuxPan004,1,12,4,,,Channel send pan into a STEREO aux pair: indexed by aux number and carried on the odd aux of the pair (Aux Link precedent); inert while the pair is dual mono (block G5 - PW rulings D11/D12 2026-09-28),5359,ilvw,127,,,,,,,,Chan_Rtg,,Pan:dB:0:Off,,,,,,,,,,,,63,,,,,,
Chan012AuxPan005,1,12,5,,,Channel send pan into a STEREO aux pair: indexed by aux number and carried on the odd aux of the pair (Aux Link precedent); inert while the pair is dual mono (block G5 - PW rulings D11/D12 2026-09-28),5360,ilwh,127,,,,,,,,Chan_Rtg,,Pan:dB:0:Off,,,,,,,,,,,,63,,,,,,
Chan012AuxPan006,1,12,6,,,Channel send pan into a STEREO aux pair: indexed by aux number and carried on the odd aux of the pair (Aux Link precedent); inert while the pair is dual mono (block G5 - PW rulings D11/D12 2026-09-28),5361,ilwi,127,,,,,,,,Chan_Rtg,,Pan:dB:0:Off,,,,,,,,,,,,63,,,,,,
Chan012AuxPan007,1,12,7,,,Channel send pan into a STEREO aux pair: indexed by aux number and carried on the odd aux of the pair (Aux Link precedent); inert while the pair is dual mono (block G5 - PW rulings D11/D12 2026-09-28),5362,ilwj,127,,,,,,,,Chan_Rtg,,Pan:dB:0:Off,,,,,,,,,,,,63,,,,,,
Chan012AuxPan008,1,12,8,,,Channel send pan into a STEREO aux pair: indexed by aux number and carried on the odd aux of the pair (Aux Link precedent); inert while the pair is dual mono (block G5 - PW rulings D11/D12 2026-09-28),5363,ilwk,127,,,,,,,,Chan_Rtg,,Pan:dB:0:Off,,,,,,,,,,,,63,,,,,,
Chan013AuxPan001,1,13,1,,,Channel send pan into a STEREO aux pair: indexed by aux number and carried on the odd aux of the pair (Aux Link precedent); inert while the pair is dual mono (block G5 - PW rulings D11/D12 2026-09-28),5364,ilwl,127,,,,,,,,Chan_Rtg,,Pan:dB:0:Off,,,,,,,,,,,,63,,,,,,
Chan013AuxPan002,1,13,2,,,Channel send pan into a STEREO aux pair: indexed by aux number and carried on the odd aux of the pair (Aux Link precedent); inert while the pair is dual mono (block G5 - PW rulings D11/D12 2026-09-28),5365,ilwm,127,,,,,,,,Chan_Rtg,,Pan:dB:0:Off,,,,,,,,,,,,63,,,,,,
Chan013AuxPan003,1,13,3,,,Channel send pan into a STEREO aux pair: indexed by aux number and carried on the odd aux of the pair (Aux Link precedent); inert while the pair is dual mono (block G5 - PW rulings D11/D12 2026-09-28),5366,ilwn,127,,,,,,,,Chan_Rtg,,Pan:dB:0:Off,,,,,,,,,,,,63,,,,,,
Chan013AuxPan004,1,13,4,,,Channel send pan into a STEREO aux pair: indexed by aux number and carried on the odd aux of the pair (Aux Link precedent); inert while the pair is dual mono (block G5 - PW rulings D11/D12 2026-09-28),5367,ilwo,127,,,,,,,,Chan_Rtg,,Pan:dB:0:Off,,,,,,,,,,,,63,,,,,,
Chan013AuxPan005,1,13,5,,,Channel send pan into a STEREO aux pair: indexed by aux number and carried on the odd aux of the pair (Aux Link precedent); inert while the pair is dual mono (block G5 - PW rulings D11/D12 2026-09-28),5368,ilwp,127,,,,,,,,Chan_Rtg,,Pan:dB:0:Off,,,,,,,,,,,,63,,,,,,
Chan013AuxPan006,1,13,6,,,Channel send pan into a STEREO aux pair: indexed by aux number and carried on the odd aux of the pair (Aux Link precedent); inert while the pair is dual mono (block G5 - PW rulings D11/D12 2026-09-28),5369,ilwq,127,,,,,,,,Chan_Rtg,,Pan:dB:0:Off,,,,,,,,,,,,63,,,,,,
Chan013AuxPan007,1,13,7,,,Channel send pan into a STEREO aux pair: indexed by aux number and carried on the odd aux of the pair (Aux Link precedent); inert while the pair is dual mono (block G5 - PW rulings D11/D12 2026-09-28),5370,ilwr,127,,,,,,,,Chan_Rtg,,Pan:dB:0:Off,,,,,,,,,,,,63,,,,,,
Chan013AuxPan008,1,13,8,,,Channel send pan into a STEREO aux pair: indexed by aux number and carried on the odd aux of the pair (Aux Link precedent); inert while the pair is dual mono (block G5 - PW rulings D11/D12 2026-09-28),5371,ilws,127,,,,,,,,Chan_Rtg,,Pan:dB:0:Off,,,,,,,,,,,,63,,,,,,
Chan014AuxPan001,1,14,1,,,Channel send pan into a STEREO aux pair: indexed by aux number and carried on the odd aux of the pair (Aux Link precedent); inert while the pair is dual mono (block G5 - PW rulings D11/D12 2026-09-28),5372,ilwt,127,,,,,,,,Chan_Rtg,,Pan:dB:0:Off,,,,,,,,,,,,63,,,,,,
Chan014AuxPan002,1,14,2,,,Channel send pan into a STEREO aux pair: indexed by aux number and carried on the odd aux of the pair (Aux Link precedent); inert while the pair is dual mono (block G5 - PW rulings D11/D12 2026-09-28),5373,ilwu,127,,,,,,,,Chan_Rtg,,Pan:dB:0:Off,,,,,,,,,,,,63,,,,,,
Chan014AuxPan003,1,14,3,,,Channel send pan into a STEREO aux pair: indexed by aux number and carried on the odd aux of the pair (Aux Link precedent); inert while the pair is dual mono (block G5 - PW rulings D11/D12 2026-09-28),5374,ilwv,127,,,,,,,,Chan_Rtg,,Pan:dB:0:Off,,,,,,,,,,,,63,,,,,,
Chan014AuxPan004,1,14,4,,,Channel send pan into a STEREO aux pair: indexed by aux number and carried on the odd aux of the pair (Aux Link precedent); inert while the pair is dual mono (block G5 - PW rulings D11/D12 2026-09-28),5375,ilww,127,,,,,,,,Chan_Rtg,,Pan:dB:0:Off,,,,,,,,,,,,63,,,,,,
Chan014AuxPan005,1,14,5,,,Channel send pan into a STEREO aux pair: indexed by aux number and carried on the odd aux of the pair (Aux Link precedent); inert while the pair is dual mono (block G5 - PW rulings D11/D12 2026-09-28),5376,imhh,127,,,,,,,,Chan_Rtg,,Pan:dB:0:Off,,,,,,,,,,,,63,,,,,,
Chan014AuxPan006,1,14,6,,,Channel send pan into a STEREO aux pair: indexed by aux number and carried on the odd aux of the pair (Aux Link precedent); inert while the pair is dual mono (block G5 - PW rulings D11/D12 2026-09-28),5377,imhi,127,,,,,,,,Chan_Rtg,,Pan:dB:0:Off,,,,,,,,,,,,63,,,,,,
Chan014AuxPan007,1,14,7,,,Channel send pan into a STEREO aux pair: indexed by aux number and carried on the odd aux of the pair (Aux Link precedent); inert while the pair is dual mono (block G5 - PW rulings D11/D12 2026-09-28),5378,imhj,127,,,,,,,,Chan_Rtg,,Pan:dB:0:Off,,,,,,,,,,,,63,,,,,,
Chan014AuxPan008,1,14,8,,,Channel send pan into a STEREO aux pair: indexed by aux number and carried on the odd aux of the pair (Aux Link precedent); inert while the pair is dual mono (block G5 - PW rulings D11/D12 2026-09-28),5379,imhk,127,,,,,,,,Chan_Rtg,,Pan:dB:0:Off,,,,,,,,,,,,63,,,,,,
Chan015AuxPan001,1,15,1,,,Channel send pan into a STEREO aux pair: indexed by aux number and carried on the odd aux of the pair (Aux Link precedent); inert while the pair is dual mono (block G5 - PW rulings D11/D12 2026-09-28),5380,imhl,127,,,,,,,,Chan_Rtg,,Pan:dB:0:Off,,,,,,,,,,,,63,,,,,,
Chan015AuxPan002,1,15,2,,,Channel send pan into a STEREO aux pair: indexed by aux number and carried on the odd aux of the pair (Aux Link precedent); inert while the pair is dual mono (block G5 - PW rulings D11/D12 2026-09-28),5381,imhm,127,,,,,,,,Chan_Rtg,,Pan:dB:0:Off,,,,,,,,,,,,63,,,,,,
Chan015AuxPan003,1,15,3,,,Channel send pan into a STEREO aux pair: indexed by aux number and carried on the odd aux of the pair (Aux Link precedent); inert while the pair is dual mono (block G5 - PW rulings D11/D12 2026-09-28),5382,imhn,127,,,,,,,,Chan_Rtg,,Pan:dB:0:Off,,,,,,,,,,,,63,,,,,,
Chan015AuxPan004,1,15,4,,,Channel send pan into a STEREO aux pair: indexed by aux number and carried on the odd aux of the pair (Aux Link precedent); inert while the pair is dual mono (block G5 - PW rulings D11/D12 2026-09-28),5383,imho,127,,,,,,,,Chan_Rtg,,Pan:dB:0:Off,,,,,,,,,,,,63,,,,,,
Chan015AuxPan005,1,15,5,,,Channel send pan into a STEREO aux pair: indexed by aux number and carried on the odd aux of the pair (Aux Link precedent); inert while the pair is dual mono (block G5 - PW rulings D11/D12 2026-09-28),5384,imhp,127,,,,,,,,Chan_Rtg,,Pan:dB:0:Off,,,,,,,,,,,,63,,,,,,
Chan015AuxPan006,1,15,6,,,Channel send pan into a STEREO aux pair: indexed by aux number and carried on the odd aux of the pair (Aux Link precedent); inert while the pair is dual mono (block G5 - PW rulings D11/D12 2026-09-28),5385,imhq,127,,,,,,,,Chan_Rtg,,Pan:dB:0:Off,,,,,,,,,,,,63,,,,,,
Chan015AuxPan007,1,15,7,,,Channel send pan into a STEREO aux pair: indexed by aux number and carried on the odd aux of the pair (Aux Link precedent); inert while the pair is dual mono (block G5 - PW rulings D11/D12 2026-09-28),5386,imhr,127,,,,,,,,Chan_Rtg,,Pan:dB:0:Off,,,,,,,,,,,,63,,,,,,
Chan015AuxPan008,1,15,8,,,Channel send pan into a STEREO aux pair: indexed by aux number and carried on the odd aux of the pair (Aux Link precedent); inert while the pair is dual mono (block G5 - PW rulings D11/D12 2026-09-28),5387,imhs,127,,,,,,,,Chan_Rtg,,Pan:dB:0:Off,,,,,,,,,,,,63,,,,,,
Chan016AuxPan001,1,16,1,,,Channel send pan into a STEREO aux pair: indexed by aux number and carried on the odd aux of the pair (Aux Link precedent); inert while the pair is dual mono (block G5 - PW rulings D11/D12 2026-09-28),5388,imht,127,,,,,,,,Chan_Rtg,,Pan:dB:0:Off,,,,,,,,,,,,63,,,,,,
Chan016AuxPan002,1,16,2,,,Channel send pan into a STEREO aux pair: indexed by aux number and carried on the odd aux of the pair (Aux Link precedent); inert while the pair is dual mono (block G5 - PW rulings D11/D12 2026-09-28),5389,imhu,127,,,,,,,,Chan_Rtg,,Pan:dB:0:Off,,,,,,,,,,,,63,,,,,,
Chan016AuxPan003,1,16,3,,,Channel send pan into a STEREO aux pair: indexed by aux number and carried on the odd aux of the pair (Aux Link precedent); inert while the pair is dual mono (block G5 - PW rulings D11/D12 2026-09-28),5390,imhv,127,,,,,,,,Chan_Rtg,,Pan:dB:0:Off,,,,,,,,,,,,63,,,,,,
Chan016AuxPan004,1,16,4,,,Channel send pan into a STEREO aux pair: indexed by aux number and carried on the odd aux of the pair (Aux Link precedent); inert while the pair is dual mono (block G5 - PW rulings D11/D12 2026-09-28),5391,imhw,127,,,,,,,,Chan_Rtg,,Pan:dB:0:Off,,,,,,,,,,,,63,,,,,,
Chan016AuxPan005,1,16,5,,,Channel send pan into a STEREO aux pair: indexed by aux number and carried on the odd aux of the pair (Aux Link precedent); inert while the pair is dual mono (block G5 - PW rulings D11/D12 2026-09-28),5392,imih,127,,,,,,,,Chan_Rtg,,Pan:dB:0:Off,,,,,,,,,,,,63,,,,,,
Chan016AuxPan006,1,16,6,,,Channel send pan into a STEREO aux pair: indexed by aux number and carried on the odd aux of the pair (Aux Link precedent); inert while the pair is dual mono (block G5 - PW rulings D11/D12 2026-09-28),5393,imii,127,,,,,,,,Chan_Rtg,,Pan:dB:0:Off,,,,,,,,,,,,63,,,,,,
Chan016AuxPan007,1,16,7,,,Channel send pan into a STEREO aux pair: indexed by aux number and carried on the odd aux of the pair (Aux Link precedent); inert while the pair is dual mono (block G5 - PW rulings D11/D12 2026-09-28),5394,imij,127,,,,,,,,Chan_Rtg,,Pan:dB:0:Off,,,,,,,,,,,,63,,,,,,
Chan016AuxPan008,1,16,8,,,Channel send pan into a STEREO aux pair: indexed by aux number and carried on the odd aux of the pair (Aux Link precedent); inert while the pair is dual mono (block G5 - PW rulings D11/D12 2026-09-28),5395,imik,127,,,,,,,,Chan_Rtg,,Pan:dB:0:Off,,,,,,,,,,,,63,,,,,,
Chan017AuxPan001,1,17,1,,,Channel send pan into a STEREO aux pair: indexed by aux number and carried on the odd aux of the pair (Aux Link precedent); inert while the pair is dual mono (block G5 - PW rulings D11/D12 2026-09-28),5396,imil,127,,,,,,,,Chan_Rtg,,Pan:dB:0:Off,,,,,,,,,,,,63,,,,,,
Chan017AuxPan002,1,17,2,,,Channel send pan into a STEREO aux pair: indexed by aux number and carried on the odd aux of the pair (Aux Link precedent); inert while the pair is dual mono (block G5 - PW rulings D11/D12 2026-09-28),5397,imim,127,,,,,,,,Chan_Rtg,,Pan:dB:0:Off,,,,,,,,,,,,63,,,,,,
Chan017AuxPan003,1,17,3,,,Channel send pan into a STEREO aux pair: indexed by aux number and carried on the odd aux of the pair (Aux Link precedent); inert while the pair is dual mono (block G5 - PW rulings D11/D12 2026-09-28),5398,imin,127,,,,,,,,Chan_Rtg,,Pan:dB:0:Off,,,,,,,,,,,,63,,,,,,
Chan017AuxPan004,1,17,4,,,Channel send pan into a STEREO aux pair: indexed by aux number and carried on the odd aux of the pair (Aux Link precedent); inert while the pair is dual mono (block G5 - PW rulings D11/D12 2026-09-28),5399,imio,127,,,,,,,,Chan_Rtg,,Pan:dB:0:Off,,,,,,,,,,,,63,,,,,,
Chan017AuxPan005,1,17,5,,,Channel send pan into a STEREO aux pair: indexed by aux number and carried on the odd aux of the pair (Aux Link precedent); inert while the pair is dual mono (block G5 - PW rulings D11/D12 2026-09-28),5400,imip,127,,,,,,,,Chan_Rtg,,Pan:dB:0:Off,,,,,,,,,,,,63,,,,,,
Chan017AuxPan006,1,17,6,,,Channel send pan into a STEREO aux pair: indexed by aux number and carried on the odd aux of the pair (Aux Link precedent); inert while the pair is dual mono (block G5 - PW rulings D11/D12 2026-09-28),5401,imiq,127,,,,,,,,Chan_Rtg,,Pan:dB:0:Off,,,,,,,,,,,,63,,,,,,
Chan017AuxPan007,1,17,7,,,Channel send pan into a STEREO aux pair: indexed by aux number and carried on the odd aux of the pair (Aux Link precedent); inert while the pair is dual mono (block G5 - PW rulings D11/D12 2026-09-28),5402,imir,127,,,,,,,,Chan_Rtg,,Pan:dB:0:Off,,,,,,,,,,,,63,,,,,,
Chan017AuxPan008,1,17,8,,,Channel send pan into a STEREO aux pair: indexed by aux number and carried on the odd aux of the pair (Aux Link precedent); inert while the pair is dual mono (block G5 - PW rulings D11/D12 2026-09-28),5403,imis,127,,,,,,,,Chan_Rtg,,Pan:dB:0:Off,,,,,,,,,,,,63,,,,,,
Chan018AuxPan001,1,18,1,,,Channel send pan into a STEREO aux pair: indexed by aux number and carried on the odd aux of the pair (Aux Link precedent); inert while the pair is dual mono (block G5 - PW rulings D11/D12 2026-09-28),5404,imit,127,,,,,,,,Chan_Rtg,,Pan:dB:0:Off,,,,,,,,,,,,63,,,,,,
Chan018AuxPan002,1,18,2,,,Channel send pan into a STEREO aux pair: indexed by aux number and carried on the odd aux of the pair (Aux Link precedent); inert while the pair is dual mono (block G5 - PW rulings D11/D12 2026-09-28),5405,imiu,127,,,,,,,,Chan_Rtg,,Pan:dB:0:Off,,,,,,,,,,,,63,,,,,,
Chan018AuxPan003,1,18,3,,,Channel send pan into a STEREO aux pair: indexed by aux number and carried on the odd aux of the pair (Aux Link precedent); inert while the pair is dual mono (block G5 - PW rulings D11/D12 2026-09-28),5406,imiv,127,,,,,,,,Chan_Rtg,,Pan:dB:0:Off,,,,,,,,,,,,63,,,,,,
Chan018AuxPan004,1,18,4,,,Channel send pan into a STEREO aux pair: indexed by aux number and carried on the odd aux of the pair (Aux Link precedent); inert while the pair is dual mono (block G5 - PW rulings D11/D12 2026-09-28),5407,imiw,127,,,,,,,,Chan_Rtg,,Pan:dB:0:Off,,,,,,,,,,,,63,,,,,,
Chan018AuxPan005,1,18,5,,,Channel send pan into a STEREO aux pair: indexed by aux number and carried on the odd aux of the pair (Aux Link precedent); inert while the pair is dual mono (block G5 - PW rulings D11/D12 2026-09-28),5408,imjh,127,,,,,,,,Chan_Rtg,,Pan:dB:0:Off,,,,,,,,,,,,63,,,,,,
Chan018AuxPan006,1,18,6,,,Channel send pan into a STEREO aux pair: indexed by aux number and carried on the odd aux of the pair (Aux Link precedent); inert while the pair is dual mono (block G5 - PW rulings D11/D12 2026-09-28),5409,imji,127,,,,,,,,Chan_Rtg,,Pan:dB:0:Off,,,,,,,,,,,,63,,,,,,
Chan018AuxPan007,1,18,7,,,Channel send pan into a STEREO aux pair: indexed by aux number and carried on the odd aux of the pair (Aux Link precedent); inert while the pair is dual mono (block G5 - PW rulings D11/D12 2026-09-28),5410,imjj,127,,,,,,,,Chan_Rtg,,Pan:dB:0:Off,,,,,,,,,,,,63,,,,,,
Chan018AuxPan008,1,18,8,,,Channel send pan into a STEREO aux pair: indexed by aux number and carried on the odd aux of the pair (Aux Link precedent); inert while the pair is dual mono (block G5 - PW rulings D11/D12 2026-09-28),5411,imjk,127,,,,,,,,Chan_Rtg,,Pan:dB:0:Off,,,,,,,,,,,,63,,,,,,
Chan019AuxPan001,1,19,1,,,Channel send pan into a STEREO aux pair: indexed by aux number and carried on the odd aux of the pair (Aux Link precedent); inert while the pair is dual mono (block G5 - PW rulings D11/D12 2026-09-28),5412,imjl,127,,,,,,,,Chan_Rtg,,Pan:dB:0:Off,,,,,,,,,,,,63,,,,,,
Chan019AuxPan002,1,19,2,,,Channel send pan into a STEREO aux pair: indexed by aux number and carried on the odd aux of the pair (Aux Link precedent); inert while the pair is dual mono (block G5 - PW rulings D11/D12 2026-09-28),5413,imjm,127,,,,,,,,Chan_Rtg,,Pan:dB:0:Off,,,,,,,,,,,,63,,,,,,
Chan019AuxPan003,1,19,3,,,Channel send pan into a STEREO aux pair: indexed by aux number and carried on the odd aux of the pair (Aux Link precedent); inert while the pair is dual mono (block G5 - PW rulings D11/D12 2026-09-28),5414,imjn,127,,,,,,,,Chan_Rtg,,Pan:dB:0:Off,,,,,,,,,,,,63,,,,,,
Chan019AuxPan004,1,19,4,,,Channel send pan into a STEREO aux pair: indexed by aux number and carried on the odd aux of the pair (Aux Link precedent); inert while the pair is dual mono (block G5 - PW rulings D11/D12 2026-09-28),5415,imjo,127,,,,,,,,Chan_Rtg,,Pan:dB:0:Off,,,,,,,,,,,,63,,,,,,
Chan019AuxPan005,1,19,5,,,Channel send pan into a STEREO aux pair: indexed by aux number and carried on the odd aux of the pair (Aux Link precedent); inert while the pair is dual mono (block G5 - PW rulings D11/D12 2026-09-28),5416,imjp,127,,,,,,,,Chan_Rtg,,Pan:dB:0:Off,,,,,,,,,,,,63,,,,,,
Chan019AuxPan006,1,19,6,,,Channel send pan into a STEREO aux pair: indexed by aux number and carried on the odd aux of the pair (Aux Link precedent); inert while the pair is dual mono (block G5 - PW rulings D11/D12 2026-09-28),5417,imjq,127,,,,,,,,Chan_Rtg,,Pan:dB:0:Off,,,,,,,,,,,,63,,,,,,
Chan019AuxPan007,1,19,7,,,Channel send pan into a STEREO aux pair: indexed by aux number and carried on the odd aux of the pair (Aux Link precedent); inert while the pair is dual mono (block G5 - PW rulings D11/D12 2026-09-28),5418,imjr,127,,,,,,,,Chan_Rtg,,Pan:dB:0:Off,,,,,,,,,,,,63,,,,,,
Chan019AuxPan008,1,19,8,,,Channel send pan into a STEREO aux pair: indexed by aux number and carried on the odd aux of the pair (Aux Link precedent); inert while the pair is dual mono (block G5 - PW rulings D11/D12 2026-09-28),5419,imjs,127,,,,,,,,Chan_Rtg,,Pan:dB:0:Off,,,,,,,,,,,,63,,,,,,
Chan020AuxPan001,1,20,1,,,Channel send pan into a STEREO aux pair: indexed by aux number and carried on the odd aux of the pair (Aux Link precedent); inert while the pair is dual mono (block G5 - PW rulings D11/D12 2026-09-28),5420,imjt,127,,,,,,,,Chan_Rtg,,Pan:dB:0:Off,,,,,,,,,,,,63,,,,,,
Chan020AuxPan002,1,20,2,,,Channel send pan into a STEREO aux pair: indexed by aux number and carried on the odd aux of the pair (Aux Link precedent); inert while the pair is dual mono (block G5 - PW rulings D11/D12 2026-09-28),5421,imju,127,,,,,,,,Chan_Rtg,,Pan:dB:0:Off,,,,,,,,,,,,63,,,,,,
Chan020AuxPan003,1,20,3,,,Channel send pan into a STEREO aux pair: indexed by aux number and carried on the odd aux of the pair (Aux Link precedent); inert while the pair is dual mono (block G5 - PW rulings D11/D12 2026-09-28),5422,imjv,127,,,,,,,,Chan_Rtg,,Pan:dB:0:Off,,,,,,,,,,,,63,,,,,,
Chan020AuxPan004,1,20,4,,,Channel send pan into a STEREO aux pair: indexed by aux number and carried on the odd aux of the pair (Aux Link precedent); inert while the pair is dual mono (block G5 - PW rulings D11/D12 2026-09-28),5423,imjw,127,,,,,,,,Chan_Rtg,,Pan:dB:0:Off,,,,,,,,,,,,63,,,,,,
Chan020AuxPan005,1,20,5,,,Channel send pan into a STEREO aux pair: indexed by aux number and carried on the odd aux of the pair (Aux Link precedent); inert while the pair is dual mono (block G5 - PW rulings D11/D12 2026-09-28),5424,imkh,127,,,,,,,,Chan_Rtg,,Pan:dB:0:Off,,,,,,,,,,,,63,,,,,,
Chan020AuxPan006,1,20,6,,,Channel send pan into a STEREO aux pair: indexed by aux number and carried on the odd aux of the pair (Aux Link precedent); inert while the pair is dual mono (block G5 - PW rulings D11/D12 2026-09-28),5425,imki,127,,,,,,,,Chan_Rtg,,Pan:dB:0:Off,,,,,,,,,,,,63,,,,,,
Chan020AuxPan007,1,20,7,,,Channel send pan into a STEREO aux pair: indexed by aux number and carried on the odd aux of the pair (Aux Link precedent); inert while the pair is dual mono (block G5 - PW rulings D11/D12 2026-09-28),5426,imkj,127,,,,,,,,Chan_Rtg,,Pan:dB:0:Off,,,,,,,,,,,,63,,,,,,
Chan020AuxPan008,1,20,8,,,Channel send pan into a STEREO aux pair: indexed by aux number and carried on the odd aux of the pair (Aux Link precedent); inert while the pair is dual mono (block G5 - PW rulings D11/D12 2026-09-28),5427,imkk,127,,,,,,,,Chan_Rtg,,Pan:dB:0:Off,,,,,,,,,,,,63,,,,,,
Chan021AuxPan001,1,21,1,,,Channel send pan into a STEREO aux pair: indexed by aux number and carried on the odd aux of the pair (Aux Link precedent); inert while the pair is dual mono (block G5 - PW rulings D11/D12 2026-09-28),5428,imkl,127,,,,,,,,Chan_Rtg,,Pan:dB:0:Off,,,,,,,,,,,,63,,,,,,
Chan021AuxPan002,1,21,2,,,Channel send pan into a STEREO aux pair: indexed by aux number and carried on the odd aux of the pair (Aux Link precedent); inert while the pair is dual mono (block G5 - PW rulings D11/D12 2026-09-28),5429,imkm,127,,,,,,,,Chan_Rtg,,Pan:dB:0:Off,,,,,,,,,,,,63,,,,,,
Chan021AuxPan003,1,21,3,,,Channel send pan into a STEREO aux pair: indexed by aux number and carried on the odd aux of the pair (Aux Link precedent); inert while the pair is dual mono (block G5 - PW rulings D11/D12 2026-09-28),5430,imkn,127,,,,,,,,Chan_Rtg,,Pan:dB:0:Off,,,,,,,,,,,,63,,,,,,
Chan021AuxPan004,1,21,4,,,Channel send pan into a STEREO aux pair: indexed by aux number and carried on the odd aux of the pair (Aux Link precedent); inert while the pair is dual mono (block G5 - PW rulings D11/D12 2026-09-28),5431,imko,127,,,,,,,,Chan_Rtg,,Pan:dB:0:Off,,,,,,,,,,,,63,,,,,,
Chan021AuxPan005,1,21,5,,,Channel send pan into a STEREO aux pair: indexed by aux number and carried on the odd aux of the pair (Aux Link precedent); inert while the pair is dual mono (block G5 - PW rulings D11/D12 2026-09-28),5432,imkp,127,,,,,,,,Chan_Rtg,,Pan:dB:0:Off,,,,,,,,,,,,63,,,,,,
Chan021AuxPan006,1,21,6,,,Channel send pan into a STEREO aux pair: indexed by aux number and carried on the odd aux of the pair (Aux Link precedent); inert while the pair is dual mono (block G5 - PW rulings D11/D12 2026-09-28),5433,imkq,127,,,,,,,,Chan_Rtg,,Pan:dB:0:Off,,,,,,,,,,,,63,,,,,,
Chan021AuxPan007,1,21,7,,,Channel send pan into a STEREO aux pair: indexed by aux number and carried on the odd aux of the pair (Aux Link precedent); inert while the pair is dual mono (block G5 - PW rulings D11/D12 2026-09-28),5434,imkr,127,,,,,,,,Chan_Rtg,,Pan:dB:0:Off,,,,,,,,,,,,63,,,,,,
Chan021AuxPan008,1,21,8,,,Channel send pan into a STEREO aux pair: indexed by aux number and carried on the odd aux of the pair (Aux Link precedent); inert while the pair is dual mono (block G5 - PW rulings D11/D12 2026-09-28),5435,imks,127,,,,,,,,Chan_Rtg,,Pan:dB:0:Off,,,,,,,,,,,,63,,,,,,
Chan022AuxPan001,1,22,1,,,Channel send pan into a STEREO aux pair: indexed by aux number and carried on the odd aux of the pair (Aux Link precedent); inert while the pair is dual mono (block G5 - PW rulings D11/D12 2026-09-28),5436,imkt,127,,,,,,,,Chan_Rtg,,Pan:dB:0:Off,,,,,,,,,,,,63,,,,,,
Chan022AuxPan002,1,22,2,,,Channel send pan into a STEREO aux pair: indexed by aux number and carried on the odd aux of the pair (Aux Link precedent); inert while the pair is dual mono (block G5 - PW rulings D11/D12 2026-09-28),5437,imku,127,,,,,,,,Chan_Rtg,,Pan:dB:0:Off,,,,,,,,,,,,63,,,,,,
Chan022AuxPan003,1,22,3,,,Channel send pan into a STEREO aux pair: indexed by aux number and carried on the odd aux of the pair (Aux Link precedent); inert while the pair is dual mono (block G5 - PW rulings D11/D12 2026-09-28),5438,imkv,127,,,,,,,,Chan_Rtg,,Pan:dB:0:Off,,,,,,,,,,,,63,,,,,,
Chan022AuxPan004,1,22,4,,,Channel send pan into a STEREO aux pair: indexed by aux number and carried on the odd aux of the pair (Aux Link precedent); inert while the pair is dual mono (block G5 - PW rulings D11/D12 2026-09-28),5439,imkw,127,,,,,,,,Chan_Rtg,,Pan:dB:0:Off,,,,,,,,,,,,63,,,,,,
Chan022AuxPan005,1,22,5,,,Channel send pan into a STEREO aux pair: indexed by aux number and carried on the odd aux of the pair (Aux Link precedent); inert while the pair is dual mono (block G5 - PW rulings D11/D12 2026-09-28),5440,imlh,127,,,,,,,,Chan_Rtg,,Pan:dB:0:Off,,,,,,,,,,,,63,,,,,,
Chan022AuxPan006,1,22,6,,,Channel send pan into a STEREO aux pair: indexed by aux number and carried on the odd aux of the pair (Aux Link precedent); inert while the pair is dual mono (block G5 - PW rulings D11/D12 2026-09-28),5441,imli,127,,,,,,,,Chan_Rtg,,Pan:dB:0:Off,,,,,,,,,,,,63,,,,,,
Chan022AuxPan007,1,22,7,,,Channel send pan into a STEREO aux pair: indexed by aux number and carried on the odd aux of the pair (Aux Link precedent); inert while the pair is dual mono (block G5 - PW rulings D11/D12 2026-09-28),5442,imlj,127,,,,,,,,Chan_Rtg,,Pan:dB:0:Off,,,,,,,,,,,,63,,,,,,
Chan022AuxPan008,1,22,8,,,Channel send pan into a STEREO aux pair: indexed by aux number and carried on the odd aux of the pair (Aux Link precedent); inert while the pair is dual mono (block G5 - PW rulings D11/D12 2026-09-28),5443,imlk,127,,,,,,,,Chan_Rtg,,Pan:dB:0:Off,,,,,,,,,,,,63,,,,,,
Chan023AuxPan001,1,23,1,,,Channel send pan into a STEREO aux pair: indexed by aux number and carried on the odd aux of the pair (Aux Link precedent); inert while the pair is dual mono (block G5 - PW rulings D11/D12 2026-09-28),5444,imll,127,,,,,,,,Chan_Rtg,,Pan:dB:0:Off,,,,,,,,,,,,63,,,,,,
Chan023AuxPan002,1,23,2,,,Channel send pan into a STEREO aux pair: indexed by aux number and carried on the odd aux of the pair (Aux Link precedent); inert while the pair is dual mono (block G5 - PW rulings D11/D12 2026-09-28),5445,imlm,127,,,,,,,,Chan_Rtg,,Pan:dB:0:Off,,,,,,,,,,,,63,,,,,,
Chan023AuxPan003,1,23,3,,,Channel send pan into a STEREO aux pair: indexed by aux number and carried on the odd aux of the pair (Aux Link precedent); inert while the pair is dual mono (block G5 - PW rulings D11/D12 2026-09-28),5446,imln,127,,,,,,,,Chan_Rtg,,Pan:dB:0:Off,,,,,,,,,,,,63,,,,,,
Chan023AuxPan004,1,23,4,,,Channel send pan into a STEREO aux pair: indexed by aux number and carried on the odd aux of the pair (Aux Link precedent); inert while the pair is dual mono (block G5 - PW rulings D11/D12 2026-09-28),5447,imlo,127,,,,,,,,Chan_Rtg,,Pan:dB:0:Off,,,,,,,,,,,,63,,,,,,
Chan023AuxPan005,1,23,5,,,Channel send pan into a STEREO aux pair: indexed by aux number and carried on the odd aux of the pair (Aux Link precedent); inert while the pair is dual mono (block G5 - PW rulings D11/D12 2026-09-28),5448,imlp,127,,,,,,,,Chan_Rtg,,Pan:dB:0:Off,,,,,,,,,,,,63,,,,,,
Chan023AuxPan006,1,23,6,,,Channel send pan into a STEREO aux pair: indexed by aux number and carried on the odd aux of the pair (Aux Link precedent); inert while the pair is dual mono (block G5 - PW rulings D11/D12 2026-09-28),5449,imlq,127,,,,,,,,Chan_Rtg,,Pan:dB:0:Off,,,,,,,,,,,,63,,,,,,
Chan023AuxPan007,1,23,7,,,Channel send pan into a STEREO aux pair: indexed by aux number and carried on the odd aux of the pair (Aux Link precedent); inert while the pair is dual mono (block G5 - PW rulings D11/D12 2026-09-28),5450,imlr,127,,,,,,,,Chan_Rtg,,Pan:dB:0:Off,,,,,,,,,,,,63,,,,,,
Chan023AuxPan008,1,23,8,,,Channel send pan into a STEREO aux pair: indexed by aux number and carried on the odd aux of the pair (Aux Link precedent); inert while the pair is dual mono (block G5 - PW rulings D11/D12 2026-09-28),5451,imls,127,,,,,,,,Chan_Rtg,,Pan:dB:0:Off,,,,,,,,,,,,63,,,,,,
Chan024AuxPan001,1,24,1,,,Channel send pan into a STEREO aux pair: indexed by aux number and carried on the odd aux of the pair (Aux Link precedent); inert while the pair is dual mono (block G5 - PW rulings D11/D12 2026-09-28),5452,imlt,127,,,,,,,,Chan_Rtg,,Pan:dB:0:Off,,,,,,,,,,,,63,,,,,,
Chan024AuxPan002,1,24,2,,,Channel send pan into a STEREO aux pair: indexed by aux number and carried on the odd aux of the pair (Aux Link precedent); inert while the pair is dual mono (block G5 - PW rulings D11/D12 2026-09-28),5453,imlu,127,,,,,,,,Chan_Rtg,,Pan:dB:0:Off,,,,,,,,,,,,63,,,,,,
Chan024AuxPan003,1,24,3,,,Channel send pan into a STEREO aux pair: indexed by aux number and carried on the odd aux of the pair (Aux Link precedent); inert while the pair is dual mono (block G5 - PW rulings D11/D12 2026-09-28),5454,imlv,127,,,,,,,,Chan_Rtg,,Pan:dB:0:Off,,,,,,,,,,,,63,,,,,,
Chan024AuxPan004,1,24,4,,,Channel send pan into a STEREO aux pair: indexed by aux number and carried on the odd aux of the pair (Aux Link precedent); inert while the pair is dual mono (block G5 - PW rulings D11/D12 2026-09-28),5455,imlw,127,,,,,,,,Chan_Rtg,,Pan:dB:0:Off,,,,,,,,,,,,63,,,,,,
Chan024AuxPan005,1,24,5,,,Channel send pan into a STEREO aux pair: indexed by aux number and carried on the odd aux of the pair (Aux Link precedent); inert while the pair is dual mono (block G5 - PW rulings D11/D12 2026-09-28),5456,immh,127,,,,,,,,Chan_Rtg,,Pan:dB:0:Off,,,,,,,,,,,,63,,,,,,
Chan024AuxPan006,1,24,6,,,Channel send pan into a STEREO aux pair: indexed by aux number and carried on the odd aux of the pair (Aux Link precedent); inert while the pair is dual mono (block G5 - PW rulings D11/D12 2026-09-28),5457,immi,127,,,,,,,,Chan_Rtg,,Pan:dB:0:Off,,,,,,,,,,,,63,,,,,,
Chan024AuxPan007,1,24,7,,,Channel send pan into a STEREO aux pair: indexed by aux number and carried on the odd aux of the pair (Aux Link precedent); inert while the pair is dual mono (block G5 - PW rulings D11/D12 2026-09-28),5458,immj,127,,,,,,,,Chan_Rtg,,Pan:dB:0:Off,,,,,,,,,,,,63,,,,,,
Chan024AuxPan008,1,24,8,,,Channel send pan into a STEREO aux pair: indexed by aux number and carried on the odd aux of the pair (Aux Link precedent); inert while the pair is dual mono (block G5 - PW rulings D11/D12 2026-09-28),5459,immk,127,,,,,,,,Chan_Rtg,,Pan:dB:0:Off,,,,,,,,,,,,63,,,,,,
Chan001AuxPanMode001,1,1,1,,,Channel aux-pair send pan mode select (block G5 Aux send pan mode select; enumeration provisional until the skin audit); carried on the odd aux of the pair; active when the pair is stereo (PW rulings D11/D12 2026-09-28),5460,imml,2,,,,,,,,Chan_Rtg,,,,,,,,,,,,,,-,,,,,,
Chan001AuxPanMode002,1,1,2,,,Channel aux-pair send pan mode select (block G5 Aux send pan mode select; enumeration provisional until the skin audit); carried on the odd aux of the pair; active when the pair is stereo (PW rulings D11/D12 2026-09-28),5461,immm,2,,,,,,,,Chan_Rtg,,,,,,,,,,,,,,-,,,,,,
Chan001AuxPanMode003,1,1,3,,,Channel aux-pair send pan mode select (block G5 Aux send pan mode select; enumeration provisional until the skin audit); carried on the odd aux of the pair; active when the pair is stereo (PW rulings D11/D12 2026-09-28),5462,immn,2,,,,,,,,Chan_Rtg,,,,,,,,,,,,,,-,,,,,,
Chan001AuxPanMode004,1,1,4,,,Channel aux-pair send pan mode select (block G5 Aux send pan mode select; enumeration provisional until the skin audit); carried on the odd aux of the pair; active when the pair is stereo (PW rulings D11/D12 2026-09-28),5463,immo,2,,,,,,,,Chan_Rtg,,,,,,,,,,,,,,-,,,,,,
Chan001AuxPanMode005,1,1,5,,,Channel aux-pair send pan mode select (block G5 Aux send pan mode select; enumeration provisional until the skin audit); carried on the odd aux of the pair; active when the pair is stereo (PW rulings D11/D12 2026-09-28),5464,immp,2,,,,,,,,Chan_Rtg,,,,,,,,,,,,,,-,,,,,,
Chan001AuxPanMode006,1,1,6,,,Channel aux-pair send pan mode select (block G5 Aux send pan mode select; enumeration provisional until the skin audit); carried on the odd aux of the pair; active when the pair is stereo (PW rulings D11/D12 2026-09-28),5465,immq,2,,,,,,,,Chan_Rtg,,,,,,,,,,,,,,-,,,,,,
Chan001AuxPanMode007,1,1,7,,,Channel aux-pair send pan mode select (block G5 Aux send pan mode select; enumeration provisional until the skin audit); carried on the odd aux of the pair; active when the pair is stereo (PW rulings D11/D12 2026-09-28),5466,immr,2,,,,,,,,Chan_Rtg,,,,,,,,,,,,,,-,,,,,,
Chan001AuxPanMode008,1,1,8,,,Channel aux-pair send pan mode select (block G5 Aux send pan mode select; enumeration provisional until the skin audit); carried on the odd aux of the pair; active when the pair is stereo (PW rulings D11/D12 2026-09-28),5467,imms,2,,,,,,,,Chan_Rtg,,,,,,,,,,,,,,-,,,,,,
Chan002AuxPanMode001,1,2,1,,,Channel aux-pair send pan mode select (block G5 Aux send pan mode select; enumeration provisional until the skin audit); carried on the odd aux of the pair; active when the pair is stereo (PW rulings D11/D12 2026-09-28),5468,immt,2,,,,,,,,Chan_Rtg,,,,,,,,,,,,,,-,,,,,,
Chan002AuxPanMode002,1,2,2,,,Channel aux-pair send pan mode select (block G5 Aux send pan mode select; enumeration provisional until the skin audit); carried on the odd aux of the pair; active when the pair is stereo (PW rulings D11/D12 2026-09-28),5469,immu,2,,,,,,,,Chan_Rtg,,,,,,,,,,,,,,-,,,,,,
Chan002AuxPanMode003,1,2,3,,,Channel aux-pair send pan mode select (block G5 Aux send pan mode select; enumeration provisional until the skin audit); carried on the odd aux of the pair; active when the pair is stereo (PW rulings D11/D12 2026-09-28),5470,immv,2,,,,,,,,Chan_Rtg,,,,,,,,,,,,,,-,,,,,,
Chan002AuxPanMode004,1,2,4,,,Channel aux-pair send pan mode select (block G5 Aux send pan mode select; enumeration provisional until the skin audit); carried on the odd aux of the pair; active when the pair is stereo (PW rulings D11/D12 2026-09-28),5471,immw,2,,,,,,,,Chan_Rtg,,,,,,,,,,,,,,-,,,,,,
Chan002AuxPanMode005,1,2,5,,,Channel aux-pair send pan mode select (block G5 Aux send pan mode select; enumeration provisional until the skin audit); carried on the odd aux of the pair; active when the pair is stereo (PW rulings D11/D12 2026-09-28),5472,imnh,2,,,,,,,,Chan_Rtg,,,,,,,,,,,,,,-,,,,,,
Chan002AuxPanMode006,1,2,6,,,Channel aux-pair send pan mode select (block G5 Aux send pan mode select; enumeration provisional until the skin audit); carried on the odd aux of the pair; active when the pair is stereo (PW rulings D11/D12 2026-09-28),5473,imni,2,,,,,,,,Chan_Rtg,,,,,,,,,,,,,,-,,,,,,
Chan002AuxPanMode007,1,2,7,,,Channel aux-pair send pan mode select (block G5 Aux send pan mode select; enumeration provisional until the skin audit); carried on the odd aux of the pair; active when the pair is stereo (PW rulings D11/D12 2026-09-28),5474,imnj,2,,,,,,,,Chan_Rtg,,,,,,,,,,,,,,-,,,,,,
Chan002AuxPanMode008,1,2,8,,,Channel aux-pair send pan mode select (block G5 Aux send pan mode select; enumeration provisional until the skin audit); carried on the odd aux of the pair; active when the pair is stereo (PW rulings D11/D12 2026-09-28),5475,imnk,2,,,,,,,,Chan_Rtg,,,,,,,,,,,,,,-,,,,,,
Chan003AuxPanMode001,1,3,1,,,Channel aux-pair send pan mode select (block G5 Aux send pan mode select; enumeration provisional until the skin audit); carried on the odd aux of the pair; active when the pair is stereo (PW rulings D11/D12 2026-09-28),5476,imnl,2,,,,,,,,Chan_Rtg,,,,,,,,,,,,,,-,,,,,,
Chan003AuxPanMode002,1,3,2,,,Channel aux-pair send pan mode select (block G5 Aux send pan mode select; enumeration provisional until the skin audit); carried on the odd aux of the pair; active when the pair is stereo (PW rulings D11/D12 2026-09-28),5477,imnm,2,,,,,,,,Chan_Rtg,,,,,,,,,,,,,,-,,,,,,
Chan003AuxPanMode003,1,3,3,,,Channel aux-pair send pan mode select (block G5 Aux send pan mode select; enumeration provisional until the skin audit); carried on the odd aux of the pair; active when the pair is stereo (PW rulings D11/D12 2026-09-28),5478,imnn,2,,,,,,,,Chan_Rtg,,,,,,,,,,,,,,-,,,,,,
Chan003AuxPanMode004,1,3,4,,,Channel aux-pair send pan mode select (block G5 Aux send pan mode select; enumeration provisional until the skin audit); carried on the odd aux of the pair; active when the pair is stereo (PW rulings D11/D12 2026-09-28),5479,imno,2,,,,,,,,Chan_Rtg,,,,,,,,,,,,,,-,,,,,,
Chan003AuxPanMode005,1,3,5,,,Channel aux-pair send pan mode select (block G5 Aux send pan mode select; enumeration provisional until the skin audit); carried on the odd aux of the pair; active when the pair is stereo (PW rulings D11/D12 2026-09-28),5480,imnp,2,,,,,,,,Chan_Rtg,,,,,,,,,,,,,,-,,,,,,
Chan003AuxPanMode006,1,3,6,,,Channel aux-pair send pan mode select (block G5 Aux send pan mode select; enumeration provisional until the skin audit); carried on the odd aux of the pair; active when the pair is stereo (PW rulings D11/D12 2026-09-28),5481,imnq,2,,,,,,,,Chan_Rtg,,,,,,,,,,,,,,-,,,,,,
Chan003AuxPanMode007,1,3,7,,,Channel aux-pair send pan mode select (block G5 Aux send pan mode select; enumeration provisional until the skin audit); carried on the odd aux of the pair; active when the pair is stereo (PW rulings D11/D12 2026-09-28),5482,imnr,2,,,,,,,,Chan_Rtg,,,,,,,,,,,,,,-,,,,,,
Chan003AuxPanMode008,1,3,8,,,Channel aux-pair send pan mode select (block G5 Aux send pan mode select; enumeration provisional until the skin audit); carried on the odd aux of the pair; active when the pair is stereo (PW rulings D11/D12 2026-09-28),5483,imns,2,,,,,,,,Chan_Rtg,,,,,,,,,,,,,,-,,,,,,
Chan004AuxPanMode001,1,4,1,,,Channel aux-pair send pan mode select (block G5 Aux send pan mode select; enumeration provisional until the skin audit); carried on the odd aux of the pair; active when the pair is stereo (PW rulings D11/D12 2026-09-28),5484,imnt,2,,,,,,,,Chan_Rtg,,,,,,,,,,,,,,-,,,,,,
Chan004AuxPanMode002,1,4,2,,,Channel aux-pair send pan mode select (block G5 Aux send pan mode select; enumeration provisional until the skin audit); carried on the odd aux of the pair; active when the pair is stereo (PW rulings D11/D12 2026-09-28),5485,imnu,2,,,,,,,,Chan_Rtg,,,,,,,,,,,,,,-,,,,,,
Chan004AuxPanMode003,1,4,3,,,Channel aux-pair send pan mode select (block G5 Aux send pan mode select; enumeration provisional until the skin audit); carried on the odd aux of the pair; active when the pair is stereo (PW rulings D11/D12 2026-09-28),5486,imnv,2,,,,,,,,Chan_Rtg,,,,,,,,,,,,,,-,,,,,,
Chan004AuxPanMode004,1,4,4,,,Channel aux-pair send pan mode select (block G5 Aux send pan mode select; enumeration provisional until the skin audit); carried on the odd aux of the pair; active when the pair is stereo (PW rulings D11/D12 2026-09-28),5487,imnw,2,,,,,,,,Chan_Rtg,,,,,,,,,,,,,,-,,,,,,
Chan004AuxPanMode005,1,4,5,,,Channel aux-pair send pan mode select (block G5 Aux send pan mode select; enumeration provisional until the skin audit); carried on the odd aux of the pair; active when the pair is stereo (PW rulings D11/D12 2026-09-28),5488,imoh,2,,,,,,,,Chan_Rtg,,,,,,,,,,,,,,-,,,,,,
Chan004AuxPanMode006,1,4,6,,,Channel aux-pair send pan mode select (block G5 Aux send pan mode select; enumeration provisional until the skin audit); carried on the odd aux of the pair; active when the pair is stereo (PW rulings D11/D12 2026-09-28),5489,imoi,2,,,,,,,,Chan_Rtg,,,,,,,,,,,,,,-,,,,,,
Chan004AuxPanMode007,1,4,7,,,Channel aux-pair send pan mode select (block G5 Aux send pan mode select; enumeration provisional until the skin audit); carried on the odd aux of the pair; active when the pair is stereo (PW rulings D11/D12 2026-09-28),5490,imoj,2,,,,,,,,Chan_Rtg,,,,,,,,,,,,,,-,,,,,,
Chan004AuxPanMode008,1,4,8,,,Channel aux-pair send pan mode select (block G5 Aux send pan mode select; enumeration provisional until the skin audit); carried on the odd aux of the pair; active when the pair is stereo (PW rulings D11/D12 2026-09-28),5491,imok,2,,,,,,,,Chan_Rtg,,,,,,,,,,,,,,-,,,,,,
Chan005AuxPanMode001,1,5,1,,,Channel aux-pair send pan mode select (block G5 Aux send pan mode select; enumeration provisional until the skin audit); carried on the odd aux of the pair; active when the pair is stereo (PW rulings D11/D12 2026-09-28),5492,imol,2,,,,,,,,Chan_Rtg,,,,,,,,,,,,,,-,,,,,,
Chan005AuxPanMode002,1,5,2,,,Channel aux-pair send pan mode select (block G5 Aux send pan mode select; enumeration provisional until the skin audit); carried on the odd aux of the pair; active when the pair is stereo (PW rulings D11/D12 2026-09-28),5493,imom,2,,,,,,,,Chan_Rtg,,,,,,,,,,,,,,-,,,,,,
Chan005AuxPanMode003,1,5,3,,,Channel aux-pair send pan mode select (block G5 Aux send pan mode select; enumeration provisional until the skin audit); carried on the odd aux of the pair; active when the pair is stereo (PW rulings D11/D12 2026-09-28),5494,imon,2,,,,,,,,Chan_Rtg,,,,,,,,,,,,,,-,,,,,,
Chan005AuxPanMode004,1,5,4,,,Channel aux-pair send pan mode select (block G5 Aux send pan mode select; enumeration provisional until the skin audit); carried on the odd aux of the pair; active when the pair is stereo (PW rulings D11/D12 2026-09-28),5495,imoo,2,,,,,,,,Chan_Rtg,,,,,,,,,,,,,,-,,,,,,
Chan005AuxPanMode005,1,5,5,,,Channel aux-pair send pan mode select (block G5 Aux send pan mode select; enumeration provisional until the skin audit); carried on the odd aux of the pair; active when the pair is stereo (PW rulings D11/D12 2026-09-28),5496,imop,2,,,,,,,,Chan_Rtg,,,,,,,,,,,,,,-,,,,,,
Chan005AuxPanMode006,1,5,6,,,Channel aux-pair send pan mode select (block G5 Aux send pan mode select; enumeration provisional until the skin audit); carried on the odd aux of the pair; active when the pair is stereo (PW rulings D11/D12 2026-09-28),5497,imoq,2,,,,,,,,Chan_Rtg,,,,,,,,,,,,,,-,,,,,,
Chan005AuxPanMode007,1,5,7,,,Channel aux-pair send pan mode select (block G5 Aux send pan mode select; enumeration provisional until the skin audit); carried on the odd aux of the pair; active when the pair is stereo (PW rulings D11/D12 2026-09-28),5498,imor,2,,,,,,,,Chan_Rtg,,,,,,,,,,,,,,-,,,,,,
Chan005AuxPanMode008,1,5,8,,,Channel aux-pair send pan mode select (block G5 Aux send pan mode select; enumeration provisional until the skin audit); carried on the odd aux of the pair; active when the pair is stereo (PW rulings D11/D12 2026-09-28),5499,imos,2,,,,,,,,Chan_Rtg,,,,,,,,,,,,,,-,,,,,,
Chan006AuxPanMode001,1,6,1,,,Channel aux-pair send pan mode select (block G5 Aux send pan mode select; enumeration provisional until the skin audit); carried on the odd aux of the pair; active when the pair is stereo (PW rulings D11/D12 2026-09-28),5500,imot,2,,,,,,,,Chan_Rtg,,,,,,,,,,,,,,-,,,,,,
Chan006AuxPanMode002,1,6,2,,,Channel aux-pair send pan mode select (block G5 Aux send pan mode select; enumeration provisional until the skin audit); carried on the odd aux of the pair; active when the pair is stereo (PW rulings D11/D12 2026-09-28),5501,imou,2,,,,,,,,Chan_Rtg,,,,,,,,,,,,,,-,,,,,,
Chan006AuxPanMode003,1,6,3,,,Channel aux-pair send pan mode select (block G5 Aux send pan mode select; enumeration provisional until the skin audit); carried on the odd aux of the pair; active when the pair is stereo (PW rulings D11/D12 2026-09-28),5502,imov,2,,,,,,,,Chan_Rtg,,,,,,,,,,,,,,-,,,,,,
Chan006AuxPanMode004,1,6,4,,,Channel aux-pair send pan mode select (block G5 Aux send pan mode select; enumeration provisional until the skin audit); carried on the odd aux of the pair; active when the pair is stereo (PW rulings D11/D12 2026-09-28),5503,imow,2,,,,,,,,Chan_Rtg,,,,,,,,,,,,,,-,,,,,,
Chan006AuxPanMode005,1,6,5,,,Channel aux-pair send pan mode select (block G5 Aux send pan mode select; enumeration provisional until the skin audit); carried on the odd aux of the pair; active when the pair is stereo (PW rulings D11/D12 2026-09-28),5504,imph,2,,,,,,,,Chan_Rtg,,,,,,,,,,,,,,-,,,,,,
Chan006AuxPanMode006,1,6,6,,,Channel aux-pair send pan mode select (block G5 Aux send pan mode select; enumeration provisional until the skin audit); carried on the odd aux of the pair; active when the pair is stereo (PW rulings D11/D12 2026-09-28),5505,impi,2,,,,,,,,Chan_Rtg,,,,,,,,,,,,,,-,,,,,,
Chan006AuxPanMode007,1,6,7,,,Channel aux-pair send pan mode select (block G5 Aux send pan mode select; enumeration provisional until the skin audit); carried on the odd aux of the pair; active when the pair is stereo (PW rulings D11/D12 2026-09-28),5506,impj,2,,,,,,,,Chan_Rtg,,,,,,,,,,,,,,-,,,,,,
Chan006AuxPanMode008,1,6,8,,,Channel aux-pair send pan mode select (block G5 Aux send pan mode select; enumeration provisional until the skin audit); carried on the odd aux of the pair; active when the pair is stereo (PW rulings D11/D12 2026-09-28),5507,impk,2,,,,,,,,Chan_Rtg,,,,,,,,,,,,,,-,,,,,,
Chan007AuxPanMode001,1,7,1,,,Channel aux-pair send pan mode select (block G5 Aux send pan mode select; enumeration provisional until the skin audit); carried on the odd aux of the pair; active when the pair is stereo (PW rulings D11/D12 2026-09-28),5508,impl,2,,,,,,,,Chan_Rtg,,,,,,,,,,,,,,-,,,,,,
Chan007AuxPanMode002,1,7,2,,,Channel aux-pair send pan mode select (block G5 Aux send pan mode select; enumeration provisional until the skin audit); carried on the odd aux of the pair; active when the pair is stereo (PW rulings D11/D12 2026-09-28),5509,impm,2,,,,,,,,Chan_Rtg,,,,,,,,,,,,,,-,,,,,,
Chan007AuxPanMode003,1,7,3,,,Channel aux-pair send pan mode select (block G5 Aux send pan mode select; enumeration provisional until the skin audit); carried on the odd aux of the pair; active when the pair is stereo (PW rulings D11/D12 2026-09-28),5510,impn,2,,,,,,,,Chan_Rtg,,,,,,,,,,,,,,-,,,,,,
Chan007AuxPanMode004,1,7,4,,,Channel aux-pair send pan mode select (block G5 Aux send pan mode select; enumeration provisional until the skin audit); carried on the odd aux of the pair; active when the pair is stereo (PW rulings D11/D12 2026-09-28),5511,impo,2,,,,,,,,Chan_Rtg,,,,,,,,,,,,,,-,,,,,,
Chan007AuxPanMode005,1,7,5,,,Channel aux-pair send pan mode select (block G5 Aux send pan mode select; enumeration provisional until the skin audit); carried on the odd aux of the pair; active when the pair is stereo (PW rulings D11/D12 2026-09-28),5512,impp,2,,,,,,,,Chan_Rtg,,,,,,,,,,,,,,-,,,,,,
Chan007AuxPanMode006,1,7,6,,,Channel aux-pair send pan mode select (block G5 Aux send pan mode select; enumeration provisional until the skin audit); carried on the odd aux of the pair; active when the pair is stereo (PW rulings D11/D12 2026-09-28),5513,impq,2,,,,,,,,Chan_Rtg,,,,,,,,,,,,,,-,,,,,,
Chan007AuxPanMode007,1,7,7,,,Channel aux-pair send pan mode select (block G5 Aux send pan mode select; enumeration provisional until the skin audit); carried on the odd aux of the pair; active when the pair is stereo (PW rulings D11/D12 2026-09-28),5514,impr,2,,,,,,,,Chan_Rtg,,,,,,,,,,,,,,-,,,,,,
Chan007AuxPanMode008,1,7,8,,,Channel aux-pair send pan mode select (block G5 Aux send pan mode select; enumeration provisional until the skin audit); carried on the odd aux of the pair; active when the pair is stereo (PW rulings D11/D12 2026-09-28),5515,imps,2,,,,,,,,Chan_Rtg,,,,,,,,,,,,,,-,,,,,,
Chan008AuxPanMode001,1,8,1,,,Channel aux-pair send pan mode select (block G5 Aux send pan mode select; enumeration provisional until the skin audit); carried on the odd aux of the pair; active when the pair is stereo (PW rulings D11/D12 2026-09-28),5516,impt,2,,,,,,,,Chan_Rtg,,,,,,,,,,,,,,-,,,,,,
Chan008AuxPanMode002,1,8,2,,,Channel aux-pair send pan mode select (block G5 Aux send pan mode select; enumeration provisional until the skin audit); carried on the odd aux of the pair; active when the pair is stereo (PW rulings D11/D12 2026-09-28),5517,impu,2,,,,,,,,Chan_Rtg,,,,,,,,,,,,,,-,,,,,,
Chan008AuxPanMode003,1,8,3,,,Channel aux-pair send pan mode select (block G5 Aux send pan mode select; enumeration provisional until the skin audit); carried on the odd aux of the pair; active when the pair is stereo (PW rulings D11/D12 2026-09-28),5518,impv,2,,,,,,,,Chan_Rtg,,,,,,,,,,,,,,-,,,,,,
Chan008AuxPanMode004,1,8,4,,,Channel aux-pair send pan mode select (block G5 Aux send pan mode select; enumeration provisional until the skin audit); carried on the odd aux of the pair; active when the pair is stereo (PW rulings D11/D12 2026-09-28),5519,impw,2,,,,,,,,Chan_Rtg,,,,,,,,,,,,,,-,,,,,,
Chan008AuxPanMode005,1,8,5,,,Channel aux-pair send pan mode select (block G5 Aux send pan mode select; enumeration provisional until the skin audit); carried on the odd aux of the pair; active when the pair is stereo (PW rulings D11/D12 2026-09-28),5520,imqh,2,,,,,,,,Chan_Rtg,,,,,,,,,,,,,,-,,,,,,
Chan008AuxPanMode006,1,8,6,,,Channel aux-pair send pan mode select (block G5 Aux send pan mode select; enumeration provisional until the skin audit); carried on the odd aux of the pair; active when the pair is stereo (PW rulings D11/D12 2026-09-28),5521,imqi,2,,,,,,,,Chan_Rtg,,,,,,,,,,,,,,-,,,,,,
Chan008AuxPanMode007,1,8,7,,,Channel aux-pair send pan mode select (block G5 Aux send pan mode select; enumeration provisional until the skin audit); carried on the odd aux of the pair; active when the pair is stereo (PW rulings D11/D12 2026-09-28),5522,imqj,2,,,,,,,,Chan_Rtg,,,,,,,,,,,,,,-,,,,,,
Chan008AuxPanMode008,1,8,8,,,Channel aux-pair send pan mode select (block G5 Aux send pan mode select; enumeration provisional until the skin audit); carried on the odd aux of the pair; active when the pair is stereo (PW rulings D11/D12 2026-09-28),5523,imqk,2,,,,,,,,Chan_Rtg,,,,,,,,,,,,,,-,,,,,,
Chan009AuxPanMode001,1,9,1,,,Channel aux-pair send pan mode select (block G5 Aux send pan mode select; enumeration provisional until the skin audit); carried on the odd aux of the pair; active when the pair is stereo (PW rulings D11/D12 2026-09-28),5524,imql,2,,,,,,,,Chan_Rtg,,,,,,,,,,,,,,-,,,,,,
Chan009AuxPanMode002,1,9,2,,,Channel aux-pair send pan mode select (block G5 Aux send pan mode select; enumeration provisional until the skin audit); carried on the odd aux of the pair; active when the pair is stereo (PW rulings D11/D12 2026-09-28),5525,imqm,2,,,,,,,,Chan_Rtg,,,,,,,,,,,,,,-,,,,,,
Chan009AuxPanMode003,1,9,3,,,Channel aux-pair send pan mode select (block G5 Aux send pan mode select; enumeration provisional until the skin audit); carried on the odd aux of the pair; active when the pair is stereo (PW rulings D11/D12 2026-09-28),5526,imqn,2,,,,,,,,Chan_Rtg,,,,,,,,,,,,,,-,,,,,,
Chan009AuxPanMode004,1,9,4,,,Channel aux-pair send pan mode select (block G5 Aux send pan mode select; enumeration provisional until the skin audit); carried on the odd aux of the pair; active when the pair is stereo (PW rulings D11/D12 2026-09-28),5527,imqo,2,,,,,,,,Chan_Rtg,,,,,,,,,,,,,,-,,,,,,
Chan009AuxPanMode005,1,9,5,,,Channel aux-pair send pan mode select (block G5 Aux send pan mode select; enumeration provisional until the skin audit); carried on the odd aux of the pair; active when the pair is stereo (PW rulings D11/D12 2026-09-28),5528,imqp,2,,,,,,,,Chan_Rtg,,,,,,,,,,,,,,-,,,,,,
Chan009AuxPanMode006,1,9,6,,,Channel aux-pair send pan mode select (block G5 Aux send pan mode select; enumeration provisional until the skin audit); carried on the odd aux of the pair; active when the pair is stereo (PW rulings D11/D12 2026-09-28),5529,imqq,2,,,,,,,,Chan_Rtg,,,,,,,,,,,,,,-,,,,,,
Chan009AuxPanMode007,1,9,7,,,Channel aux-pair send pan mode select (block G5 Aux send pan mode select; enumeration provisional until the skin audit); carried on the odd aux of the pair; active when the pair is stereo (PW rulings D11/D12 2026-09-28),5530,imqr,2,,,,,,,,Chan_Rtg,,,,,,,,,,,,,,-,,,,,,
Chan009AuxPanMode008,1,9,8,,,Channel aux-pair send pan mode select (block G5 Aux send pan mode select; enumeration provisional until the skin audit); carried on the odd aux of the pair; active when the pair is stereo (PW rulings D11/D12 2026-09-28),5531,imqs,2,,,,,,,,Chan_Rtg,,,,,,,,,,,,,,-,,,,,,
Chan010AuxPanMode001,1,10,1,,,Channel aux-pair send pan mode select (block G5 Aux send pan mode select; enumeration provisional until the skin audit); carried on the odd aux of the pair; active when the pair is stereo (PW rulings D11/D12 2026-09-28),5532,imqt,2,,,,,,,,Chan_Rtg,,,,,,,,,,,,,,-,,,,,,
Chan010AuxPanMode002,1,10,2,,,Channel aux-pair send pan mode select (block G5 Aux send pan mode select; enumeration provisional until the skin audit); carried on the odd aux of the pair; active when the pair is stereo (PW rulings D11/D12 2026-09-28),5533,imqu,2,,,,,,,,Chan_Rtg,,,,,,,,,,,,,,-,,,,,,
Chan010AuxPanMode003,1,10,3,,,Channel aux-pair send pan mode select (block G5 Aux send pan mode select; enumeration provisional until the skin audit); carried on the odd aux of the pair; active when the pair is stereo (PW rulings D11/D12 2026-09-28),5534,imqv,2,,,,,,,,Chan_Rtg,,,,,,,,,,,,,,-,,,,,,
Chan010AuxPanMode004,1,10,4,,,Channel aux-pair send pan mode select (block G5 Aux send pan mode select; enumeration provisional until the skin audit); carried on the odd aux of the pair; active when the pair is stereo (PW rulings D11/D12 2026-09-28),5535,imqw,2,,,,,,,,Chan_Rtg,,,,,,,,,,,,,,-,,,,,,
Chan010AuxPanMode005,1,10,5,,,Channel aux-pair send pan mode select (block G5 Aux send pan mode select; enumeration provisional until the skin audit); carried on the odd aux of the pair; active when the pair is stereo (PW rulings D11/D12 2026-09-28),5536,imrh,2,,,,,,,,Chan_Rtg,,,,,,,,,,,,,,-,,,,,,
Chan010AuxPanMode006,1,10,6,,,Channel aux-pair send pan mode select (block G5 Aux send pan mode select; enumeration provisional until the skin audit); carried on the odd aux of the pair; active when the pair is stereo (PW rulings D11/D12 2026-09-28),5537,imri,2,,,,,,,,Chan_Rtg,,,,,,,,,,,,,,-,,,,,,
Chan010AuxPanMode007,1,10,7,,,Channel aux-pair send pan mode select (block G5 Aux send pan mode select; enumeration provisional until the skin audit); carried on the odd aux of the pair; active when the pair is stereo (PW rulings D11/D12 2026-09-28),5538,imrj,2,,,,,,,,Chan_Rtg,,,,,,,,,,,,,,-,,,,,,
Chan010AuxPanMode008,1,10,8,,,Channel aux-pair send pan mode select (block G5 Aux send pan mode select; enumeration provisional until the skin audit); carried on the odd aux of the pair; active when the pair is stereo (PW rulings D11/D12 2026-09-28),5539,imrk,2,,,,,,,,Chan_Rtg,,,,,,,,,,,,,,-,,,,,,
Chan011AuxPanMode001,1,11,1,,,Channel aux-pair send pan mode select (block G5 Aux send pan mode select; enumeration provisional until the skin audit); carried on the odd aux of the pair; active when the pair is stereo (PW rulings D11/D12 2026-09-28),5540,imrl,2,,,,,,,,Chan_Rtg,,,,,,,,,,,,,,-,,,,,,
Chan011AuxPanMode002,1,11,2,,,Channel aux-pair send pan mode select (block G5 Aux send pan mode select; enumeration provisional until the skin audit); carried on the odd aux of the pair; active when the pair is stereo (PW rulings D11/D12 2026-09-28),5541,imrm,2,,,,,,,,Chan_Rtg,,,,,,,,,,,,,,-,,,,,,
Chan011AuxPanMode003,1,11,3,,,Channel aux-pair send pan mode select (block G5 Aux send pan mode select; enumeration provisional until the skin audit); carried on the odd aux of the pair; active when the pair is stereo (PW rulings D11/D12 2026-09-28),5542,imrn,2,,,,,,,,Chan_Rtg,,,,,,,,,,,,,,-,,,,,,
Chan011AuxPanMode004,1,11,4,,,Channel aux-pair send pan mode select (block G5 Aux send pan mode select; enumeration provisional until the skin audit); carried on the odd aux of the pair; active when the pair is stereo (PW rulings D11/D12 2026-09-28),5543,imro,2,,,,,,,,Chan_Rtg,,,,,,,,,,,,,,-,,,,,,
Chan011AuxPanMode005,1,11,5,,,Channel aux-pair send pan mode select (block G5 Aux send pan mode select; enumeration provisional until the skin audit); carried on the odd aux of the pair; active when the pair is stereo (PW rulings D11/D12 2026-09-28),5544,imrp,2,,,,,,,,Chan_Rtg,,,,,,,,,,,,,,-,,,,,,
Chan011AuxPanMode006,1,11,6,,,Channel aux-pair send pan mode select (block G5 Aux send pan mode select; enumeration provisional until the skin audit); carried on the odd aux of the pair; active when the pair is stereo (PW rulings D11/D12 2026-09-28),5545,imrq,2,,,,,,,,Chan_Rtg,,,,,,,,,,,,,,-,,,,,,
Chan011AuxPanMode007,1,11,7,,,Channel aux-pair send pan mode select (block G5 Aux send pan mode select; enumeration provisional until the skin audit); carried on the odd aux of the pair; active when the pair is stereo (PW rulings D11/D12 2026-09-28),5546,imrr,2,,,,,,,,Chan_Rtg,,,,,,,,,,,,,,-,,,,,,
Chan011AuxPanMode008,1,11,8,,,Channel aux-pair send pan mode select (block G5 Aux send pan mode select; enumeration provisional until the skin audit); carried on the odd aux of the pair; active when the pair is stereo (PW rulings D11/D12 2026-09-28),5547,imrs,2,,,,,,,,Chan_Rtg,,,,,,,,,,,,,,-,,,,,,
Chan012AuxPanMode001,1,12,1,,,Channel aux-pair send pan mode select (block G5 Aux send pan mode select; enumeration provisional until the skin audit); carried on the odd aux of the pair; active when the pair is stereo (PW rulings D11/D12 2026-09-28),5548,imrt,2,,,,,,,,Chan_Rtg,,,,,,,,,,,,,,-,,,,,,
Chan012AuxPanMode002,1,12,2,,,Channel aux-pair send pan mode select (block G5 Aux send pan mode select; enumeration provisional until the skin audit); carried on the odd aux of the pair; active when the pair is stereo (PW rulings D11/D12 2026-09-28),5549,imru,2,,,,,,,,Chan_Rtg,,,,,,,,,,,,,,-,,,,,,
Chan012AuxPanMode003,1,12,3,,,Channel aux-pair send pan mode select (block G5 Aux send pan mode select; enumeration provisional until the skin audit); carried on the odd aux of the pair; active when the pair is stereo (PW rulings D11/D12 2026-09-28),5550,imrv,2,,,,,,,,Chan_Rtg,,,,,,,,,,,,,,-,,,,,,
Chan012AuxPanMode004,1,12,4,,,Channel aux-pair send pan mode select (block G5 Aux send pan mode select; enumeration provisional until the skin audit); carried on the odd aux of the pair; active when the pair is stereo (PW rulings D11/D12 2026-09-28),5551,imrw,2,,,,,,,,Chan_Rtg,,,,,,,,,,,,,,-,,,,,,
Chan012AuxPanMode005,1,12,5,,,Channel aux-pair send pan mode select (block G5 Aux send pan mode select; enumeration provisional until the skin audit); carried on the odd aux of the pair; active when the pair is stereo (PW rulings D11/D12 2026-09-28),5552,imsh,2,,,,,,,,Chan_Rtg,,,,,,,,,,,,,,-,,,,,,
Chan012AuxPanMode006,1,12,6,,,Channel aux-pair send pan mode select (block G5 Aux send pan mode select; enumeration provisional until the skin audit); carried on the odd aux of the pair; active when the pair is stereo (PW rulings D11/D12 2026-09-28),5553,imsi,2,,,,,,,,Chan_Rtg,,,,,,,,,,,,,,-,,,,,,
Chan012AuxPanMode007,1,12,7,,,Channel aux-pair send pan mode select (block G5 Aux send pan mode select; enumeration provisional until the skin audit); carried on the odd aux of the pair; active when the pair is stereo (PW rulings D11/D12 2026-09-28),5554,imsj,2,,,,,,,,Chan_Rtg,,,,,,,,,,,,,,-,,,,,,
Chan012AuxPanMode008,1,12,8,,,Channel aux-pair send pan mode select (block G5 Aux send pan mode select; enumeration provisional until the skin audit); carried on the odd aux of the pair; active when the pair is stereo (PW rulings D11/D12 2026-09-28),5555,imsk,2,,,,,,,,Chan_Rtg,,,,,,,,,,,,,,-,,,,,,
Chan013AuxPanMode001,1,13,1,,,Channel aux-pair send pan mode select (block G5 Aux send pan mode select; enumeration provisional until the skin audit); carried on the odd aux of the pair; active when the pair is stereo (PW rulings D11/D12 2026-09-28),5556,imsl,2,,,,,,,,Chan_Rtg,,,,,,,,,,,,,,-,,,,,,
Chan013AuxPanMode002,1,13,2,,,Channel aux-pair send pan mode select (block G5 Aux send pan mode select; enumeration provisional until the skin audit); carried on the odd aux of the pair; active when the pair is stereo (PW rulings D11/D12 2026-09-28),5557,imsm,2,,,,,,,,Chan_Rtg,,,,,,,,,,,,,,-,,,,,,
Chan013AuxPanMode003,1,13,3,,,Channel aux-pair send pan mode select (block G5 Aux send pan mode select; enumeration provisional until the skin audit); carried on the odd aux of the pair; active when the pair is stereo (PW rulings D11/D12 2026-09-28),5558,imsn,2,,,,,,,,Chan_Rtg,,,,,,,,,,,,,,-,,,,,,
Chan013AuxPanMode004,1,13,4,,,Channel aux-pair send pan mode select (block G5 Aux send pan mode select; enumeration provisional until the skin audit); carried on the odd aux of the pair; active when the pair is stereo (PW rulings D11/D12 2026-09-28),5559,imso,2,,,,,,,,Chan_Rtg,,,,,,,,,,,,,,-,,,,,,
Chan013AuxPanMode005,1,13,5,,,Channel aux-pair send pan mode select (block G5 Aux send pan mode select; enumeration provisional until the skin audit); carried on the odd aux of the pair; active when the pair is stereo (PW rulings D11/D12 2026-09-28),5560,imsp,2,,,,,,,,Chan_Rtg,,,,,,,,,,,,,,-,,,,,,
Chan013AuxPanMode006,1,13,6,,,Channel aux-pair send pan mode select (block G5 Aux send pan mode select; enumeration provisional until the skin audit); carried on the odd aux of the pair; active when the pair is stereo (PW rulings D11/D12 2026-09-28),5561,imsq,2,,,,,,,,Chan_Rtg,,,,,,,,,,,,,,-,,,,,,
Chan013AuxPanMode007,1,13,7,,,Channel aux-pair send pan mode select (block G5 Aux send pan mode select; enumeration provisional until the skin audit); carried on the odd aux of the pair; active when the pair is stereo (PW rulings D11/D12 2026-09-28),5562,imsr,2,,,,,,,,Chan_Rtg,,,,,,,,,,,,,,-,,,,,,
Chan013AuxPanMode008,1,13,8,,,Channel aux-pair send pan mode select (block G5 Aux send pan mode select; enumeration provisional until the skin audit); carried on the odd aux of the pair; active when the pair is stereo (PW rulings D11/D12 2026-09-28),5563,imss,2,,,,,,,,Chan_Rtg,,,,,,,,,,,,,,-,,,,,,
Chan014AuxPanMode001,1,14,1,,,Channel aux-pair send pan mode select (block G5 Aux send pan mode select; enumeration provisional until the skin audit); carried on the odd aux of the pair; active when the pair is stereo (PW rulings D11/D12 2026-09-28),5564,imst,2,,,,,,,,Chan_Rtg,,,,,,,,,,,,,,-,,,,,,
Chan014AuxPanMode002,1,14,2,,,Channel aux-pair send pan mode select (block G5 Aux send pan mode select; enumeration provisional until the skin audit); carried on the odd aux of the pair; active when the pair is stereo (PW rulings D11/D12 2026-09-28),5565,imsu,2,,,,,,,,Chan_Rtg,,,,,,,,,,,,,,-,,,,,,
Chan014AuxPanMode003,1,14,3,,,Channel aux-pair send pan mode select (block G5 Aux send pan mode select; enumeration provisional until the skin audit); carried on the odd aux of the pair; active when the pair is stereo (PW rulings D11/D12 2026-09-28),5566,imsv,2,,,,,,,,Chan_Rtg,,,,,,,,,,,,,,-,,,,,,
Chan014AuxPanMode004,1,14,4,,,Channel aux-pair send pan mode select (block G5 Aux send pan mode select; enumeration provisional until the skin audit); carried on the odd aux of the pair; active when the pair is stereo (PW rulings D11/D12 2026-09-28),5567,imsw,2,,,,,,,,Chan_Rtg,,,,,,,,,,,,,,-,,,,,,
Chan014AuxPanMode005,1,14,5,,,Channel aux-pair send pan mode select (block G5 Aux send pan mode select; enumeration provisional until the skin audit); carried on the odd aux of the pair; active when the pair is stereo (PW rulings D11/D12 2026-09-28),5568,imth,2,,,,,,,,Chan_Rtg,,,,,,,,,,,,,,-,,,,,,
Chan014AuxPanMode006,1,14,6,,,Channel aux-pair send pan mode select (block G5 Aux send pan mode select; enumeration provisional until the skin audit); carried on the odd aux of the pair; active when the pair is stereo (PW rulings D11/D12 2026-09-28),5569,imti,2,,,,,,,,Chan_Rtg,,,,,,,,,,,,,,-,,,,,,
Chan014AuxPanMode007,1,14,7,,,Channel aux-pair send pan mode select (block G5 Aux send pan mode select; enumeration provisional until the skin audit); carried on the odd aux of the pair; active when the pair is stereo (PW rulings D11/D12 2026-09-28),5570,imtj,2,,,,,,,,Chan_Rtg,,,,,,,,,,,,,,-,,,,,,
Chan014AuxPanMode008,1,14,8,,,Channel aux-pair send pan mode select (block G5 Aux send pan mode select; enumeration provisional until the skin audit); carried on the odd aux of the pair; active when the pair is stereo (PW rulings D11/D12 2026-09-28),5571,imtk,2,,,,,,,,Chan_Rtg,,,,,,,,,,,,,,-,,,,,,
Chan015AuxPanMode001,1,15,1,,,Channel aux-pair send pan mode select (block G5 Aux send pan mode select; enumeration provisional until the skin audit); carried on the odd aux of the pair; active when the pair is stereo (PW rulings D11/D12 2026-09-28),5572,imtl,2,,,,,,,,Chan_Rtg,,,,,,,,,,,,,,-,,,,,,
Chan015AuxPanMode002,1,15,2,,,Channel aux-pair send pan mode select (block G5 Aux send pan mode select; enumeration provisional until the skin audit); carried on the odd aux of the pair; active when the pair is stereo (PW rulings D11/D12 2026-09-28),5573,imtm,2,,,,,,,,Chan_Rtg,,,,,,,,,,,,,,-,,,,,,
Chan015AuxPanMode003,1,15,3,,,Channel aux-pair send pan mode select (block G5 Aux send pan mode select; enumeration provisional until the skin audit); carried on the odd aux of the pair; active when the pair is stereo (PW rulings D11/D12 2026-09-28),5574,imtn,2,,,,,,,,Chan_Rtg,,,,,,,,,,,,,,-,,,,,,
Chan015AuxPanMode004,1,15,4,,,Channel aux-pair send pan mode select (block G5 Aux send pan mode select; enumeration provisional until the skin audit); carried on the odd aux of the pair; active when the pair is stereo (PW rulings D11/D12 2026-09-28),5575,imto,2,,,,,,,,Chan_Rtg,,,,,,,,,,,,,,-,,,,,,
Chan015AuxPanMode005,1,15,5,,,Channel aux-pair send pan mode select (block G5 Aux send pan mode select; enumeration provisional until the skin audit); carried on the odd aux of the pair; active when the pair is stereo (PW rulings D11/D12 2026-09-28),5576,imtp,2,,,,,,,,Chan_Rtg,,,,,,,,,,,,,,-,,,,,,
Chan015AuxPanMode006,1,15,6,,,Channel aux-pair send pan mode select (block G5 Aux send pan mode select; enumeration provisional until the skin audit); carried on the odd aux of the pair; active when the pair is stereo (PW rulings D11/D12 2026-09-28),5577,imtq,2,,,,,,,,Chan_Rtg,,,,,,,,,,,,,,-,,,,,,
Chan015AuxPanMode007,1,15,7,,,Channel aux-pair send pan mode select (block G5 Aux send pan mode select; enumeration provisional until the skin audit); carried on the odd aux of the pair; active when the pair is stereo (PW rulings D11/D12 2026-09-28),5578,imtr,2,,,,,,,,Chan_Rtg,,,,,,,,,,,,,,-,,,,,,
Chan015AuxPanMode008,1,15,8,,,Channel aux-pair send pan mode select (block G5 Aux send pan mode select; enumeration provisional until the skin audit); carried on the odd aux of the pair; active when the pair is stereo (PW rulings D11/D12 2026-09-28),5579,imts,2,,,,,,,,Chan_Rtg,,,,,,,,,,,,,,-,,,,,,
Chan016AuxPanMode001,1,16,1,,,Channel aux-pair send pan mode select (block G5 Aux send pan mode select; enumeration provisional until the skin audit); carried on the odd aux of the pair; active when the pair is stereo (PW rulings D11/D12 2026-09-28),5580,imtt,2,,,,,,,,Chan_Rtg,,,,,,,,,,,,,,-,,,,,,
Chan016AuxPanMode002,1,16,2,,,Channel aux-pair send pan mode select (block G5 Aux send pan mode select; enumeration provisional until the skin audit); carried on the odd aux of the pair; active when the pair is stereo (PW rulings D11/D12 2026-09-28),5581,imtu,2,,,,,,,,Chan_Rtg,,,,,,,,,,,,,,-,,,,,,
Chan016AuxPanMode003,1,16,3,,,Channel aux-pair send pan mode select (block G5 Aux send pan mode select; enumeration provisional until the skin audit); carried on the odd aux of the pair; active when the pair is stereo (PW rulings D11/D12 2026-09-28),5582,imtv,2,,,,,,,,Chan_Rtg,,,,,,,,,,,,,,-,,,,,,
Chan016AuxPanMode004,1,16,4,,,Channel aux-pair send pan mode select (block G5 Aux send pan mode select; enumeration provisional until the skin audit); carried on the odd aux of the pair; active when the pair is stereo (PW rulings D11/D12 2026-09-28),5583,imtw,2,,,,,,,,Chan_Rtg,,,,,,,,,,,,,,-,,,,,,
Chan016AuxPanMode005,1,16,5,,,Channel aux-pair send pan mode select (block G5 Aux send pan mode select; enumeration provisional until the skin audit); carried on the odd aux of the pair; active when the pair is stereo (PW rulings D11/D12 2026-09-28),5584,imuh,2,,,,,,,,Chan_Rtg,,,,,,,,,,,,,,-,,,,,,
Chan016AuxPanMode006,1,16,6,,,Channel aux-pair send pan mode select (block G5 Aux send pan mode select; enumeration provisional until the skin audit); carried on the odd aux of the pair; active when the pair is stereo (PW rulings D11/D12 2026-09-28),5585,imui,2,,,,,,,,Chan_Rtg,,,,,,,,,,,,,,-,,,,,,
Chan016AuxPanMode007,1,16,7,,,Channel aux-pair send pan mode select (block G5 Aux send pan mode select; enumeration provisional until the skin audit); carried on the odd aux of the pair; active when the pair is stereo (PW rulings D11/D12 2026-09-28),5586,imuj,2,,,,,,,,Chan_Rtg,,,,,,,,,,,,,,-,,,,,,
Chan016AuxPanMode008,1,16,8,,,Channel aux-pair send pan mode select (block G5 Aux send pan mode select; enumeration provisional until the skin audit); carried on the odd aux of the pair; active when the pair is stereo (PW rulings D11/D12 2026-09-28),5587,imuk,2,,,,,,,,Chan_Rtg,,,,,,,,,,,,,,-,,,,,,
Chan017AuxPanMode001,1,17,1,,,Channel aux-pair send pan mode select (block G5 Aux send pan mode select; enumeration provisional until the skin audit); carried on the odd aux of the pair; active when the pair is stereo (PW rulings D11/D12 2026-09-28),5588,imul,2,,,,,,,,Chan_Rtg,,,,,,,,,,,,,,-,,,,,,
Chan017AuxPanMode002,1,17,2,,,Channel aux-pair send pan mode select (block G5 Aux send pan mode select; enumeration provisional until the skin audit); carried on the odd aux of the pair; active when the pair is stereo (PW rulings D11/D12 2026-09-28),5589,imum,2,,,,,,,,Chan_Rtg,,,,,,,,,,,,,,-,,,,,,
Chan017AuxPanMode003,1,17,3,,,Channel aux-pair send pan mode select (block G5 Aux send pan mode select; enumeration provisional until the skin audit); carried on the odd aux of the pair; active when the pair is stereo (PW rulings D11/D12 2026-09-28),5590,imun,2,,,,,,,,Chan_Rtg,,,,,,,,,,,,,,-,,,,,,
Chan017AuxPanMode004,1,17,4,,,Channel aux-pair send pan mode select (block G5 Aux send pan mode select; enumeration provisional until the skin audit); carried on the odd aux of the pair; active when the pair is stereo (PW rulings D11/D12 2026-09-28),5591,imuo,2,,,,,,,,Chan_Rtg,,,,,,,,,,,,,,-,,,,,,
Chan017AuxPanMode005,1,17,5,,,Channel aux-pair send pan mode select (block G5 Aux send pan mode select; enumeration provisional until the skin audit); carried on the odd aux of the pair; active when the pair is stereo (PW rulings D11/D12 2026-09-28),5592,imup,2,,,,,,,,Chan_Rtg,,,,,,,,,,,,,,-,,,,,,
Chan017AuxPanMode006,1,17,6,,,Channel aux-pair send pan mode select (block G5 Aux send pan mode select; enumeration provisional until the skin audit); carried on the odd aux of the pair; active when the pair is stereo (PW rulings D11/D12 2026-09-28),5593,imuq,2,,,,,,,,Chan_Rtg,,,,,,,,,,,,,,-,,,,,,
Chan017AuxPanMode007,1,17,7,,,Channel aux-pair send pan mode select (block G5 Aux send pan mode select; enumeration provisional until the skin audit); carried on the odd aux of the pair; active when the pair is stereo (PW rulings D11/D12 2026-09-28),5594,imur,2,,,,,,,,Chan_Rtg,,,,,,,,,,,,,,-,,,,,,
Chan017AuxPanMode008,1,17,8,,,Channel aux-pair send pan mode select (block G5 Aux send pan mode select; enumeration provisional until the skin audit); carried on the odd aux of the pair; active when the pair is stereo (PW rulings D11/D12 2026-09-28),5595,imus,2,,,,,,,,Chan_Rtg,,,,,,,,,,,,,,-,,,,,,
Chan018AuxPanMode001,1,18,1,,,Channel aux-pair send pan mode select (block G5 Aux send pan mode select; enumeration provisional until the skin audit); carried on the odd aux of the pair; active when the pair is stereo (PW rulings D11/D12 2026-09-28),5596,imut,2,,,,,,,,Chan_Rtg,,,,,,,,,,,,,,-,,,,,,
Chan018AuxPanMode002,1,18,2,,,Channel aux-pair send pan mode select (block G5 Aux send pan mode select; enumeration provisional until the skin audit); carried on the odd aux of the pair; active when the pair is stereo (PW rulings D11/D12 2026-09-28),5597,imuu,2,,,,,,,,Chan_Rtg,,,,,,,,,,,,,,-,,,,,,
Chan018AuxPanMode003,1,18,3,,,Channel aux-pair send pan mode select (block G5 Aux send pan mode select; enumeration provisional until the skin audit); carried on the odd aux of the pair; active when the pair is stereo (PW rulings D11/D12 2026-09-28),5598,imuv,2,,,,,,,,Chan_Rtg,,,,,,,,,,,,,,-,,,,,,
Chan018AuxPanMode004,1,18,4,,,Channel aux-pair send pan mode select (block G5 Aux send pan mode select; enumeration provisional until the skin audit); carried on the odd aux of the pair; active when the pair is stereo (PW rulings D11/D12 2026-09-28),5599,imuw,2,,,,,,,,Chan_Rtg,,,,,,,,,,,,,,-,,,,,,
Chan018AuxPanMode005,1,18,5,,,Channel aux-pair send pan mode select (block G5 Aux send pan mode select; enumeration provisional until the skin audit); carried on the odd aux of the pair; active when the pair is stereo (PW rulings D11/D12 2026-09-28),5600,imvh,2,,,,,,,,Chan_Rtg,,,,,,,,,,,,,,-,,,,,,
Chan018AuxPanMode006,1,18,6,,,Channel aux-pair send pan mode select (block G5 Aux send pan mode select; enumeration provisional until the skin audit); carried on the odd aux of the pair; active when the pair is stereo (PW rulings D11/D12 2026-09-28),5601,imvi,2,,,,,,,,Chan_Rtg,,,,,,,,,,,,,,-,,,,,,
Chan018AuxPanMode007,1,18,7,,,Channel aux-pair send pan mode select (block G5 Aux send pan mode select; enumeration provisional until the skin audit); carried on the odd aux of the pair; active when the pair is stereo (PW rulings D11/D12 2026-09-28),5602,imvj,2,,,,,,,,Chan_Rtg,,,,,,,,,,,,,,-,,,,,,
Chan018AuxPanMode008,1,18,8,,,Channel aux-pair send pan mode select (block G5 Aux send pan mode select; enumeration provisional until the skin audit); carried on the odd aux of the pair; active when the pair is stereo (PW rulings D11/D12 2026-09-28),5603,imvk,2,,,,,,,,Chan_Rtg,,,,,,,,,,,,,,-,,,,,,
Chan019AuxPanMode001,1,19,1,,,Channel aux-pair send pan mode select (block G5 Aux send pan mode select; enumeration provisional until the skin audit); carried on the odd aux of the pair; active when the pair is stereo (PW rulings D11/D12 2026-09-28),5604,imvl,2,,,,,,,,Chan_Rtg,,,,,,,,,,,,,,-,,,,,,
Chan019AuxPanMode002,1,19,2,,,Channel aux-pair send pan mode select (block G5 Aux send pan mode select; enumeration provisional until the skin audit); carried on the odd aux of the pair; active when the pair is stereo (PW rulings D11/D12 2026-09-28),5605,imvm,2,,,,,,,,Chan_Rtg,,,,,,,,,,,,,,-,,,,,,
Chan019AuxPanMode003,1,19,3,,,Channel aux-pair send pan mode select (block G5 Aux send pan mode select; enumeration provisional until the skin audit); carried on the odd aux of the pair; active when the pair is stereo (PW rulings D11/D12 2026-09-28),5606,imvn,2,,,,,,,,Chan_Rtg,,,,,,,,,,,,,,-,,,,,,
Chan019AuxPanMode004,1,19,4,,,Channel aux-pair send pan mode select (block G5 Aux send pan mode select; enumeration provisional until the skin audit); carried on the odd aux of the pair; active when the pair is stereo (PW rulings D11/D12 2026-09-28),5607,imvo,2,,,,,,,,Chan_Rtg,,,,,,,,,,,,,,-,,,,,,
Chan019AuxPanMode005,1,19,5,,,Channel aux-pair send pan mode select (block G5 Aux send pan mode select; enumeration provisional until the skin audit); carried on the odd aux of the pair; active when the pair is stereo (PW rulings D11/D12 2026-09-28),5608,imvp,2,,,,,,,,Chan_Rtg,,,,,,,,,,,,,,-,,,,,,
Chan019AuxPanMode006,1,19,6,,,Channel aux-pair send pan mode select (block G5 Aux send pan mode select; enumeration provisional until the skin audit); carried on the odd aux of the pair; active when the pair is stereo (PW rulings D11/D12 2026-09-28),5609,imvq,2,,,,,,,,Chan_Rtg,,,,,,,,,,,,,,-,,,,,,
Chan019AuxPanMode007,1,19,7,,,Channel aux-pair send pan mode select (block G5 Aux send pan mode select; enumeration provisional until the skin audit); carried on the odd aux of the pair; active when the pair is stereo (PW rulings D11/D12 2026-09-28),5610,imvr,2,,,,,,,,Chan_Rtg,,,,,,,,,,,,,,-,,,,,,
Chan019AuxPanMode008,1,19,8,,,Channel aux-pair send pan mode select (block G5 Aux send pan mode select; enumeration provisional until the skin audit); carried on the odd aux of the pair; active when the pair is stereo (PW rulings D11/D12 2026-09-28),5611,imvs,2,,,,,,,,Chan_Rtg,,,,,,,,,,,,,,-,,,,,,
Chan020AuxPanMode001,1,20,1,,,Channel aux-pair send pan mode select (block G5 Aux send pan mode select; enumeration provisional until the skin audit); carried on the odd aux of the pair; active when the pair is stereo (PW rulings D11/D12 2026-09-28),5612,imvt,2,,,,,,,,Chan_Rtg,,,,,,,,,,,,,,-,,,,,,
Chan020AuxPanMode002,1,20,2,,,Channel aux-pair send pan mode select (block G5 Aux send pan mode select; enumeration provisional until the skin audit); carried on the odd aux of the pair; active when the pair is stereo (PW rulings D11/D12 2026-09-28),5613,imvu,2,,,,,,,,Chan_Rtg,,,,,,,,,,,,,,-,,,,,,
Chan020AuxPanMode003,1,20,3,,,Channel aux-pair send pan mode select (block G5 Aux send pan mode select; enumeration provisional until the skin audit); carried on the odd aux of the pair; active when the pair is stereo (PW rulings D11/D12 2026-09-28),5614,imvv,2,,,,,,,,Chan_Rtg,,,,,,,,,,,,,,-,,,,,,
Chan020AuxPanMode004,1,20,4,,,Channel aux-pair send pan mode select (block G5 Aux send pan mode select; enumeration provisional until the skin audit); carried on the odd aux of the pair; active when the pair is stereo (PW rulings D11/D12 2026-09-28),5615,imvw,2,,,,,,,,Chan_Rtg,,,,,,,,,,,,,,-,,,,,,
Chan020AuxPanMode005,1,20,5,,,Channel aux-pair send pan mode select (block G5 Aux send pan mode select; enumeration provisional until the skin audit); carried on the odd aux of the pair; active when the pair is stereo (PW rulings D11/D12 2026-09-28),5616,imwh,2,,,,,,,,Chan_Rtg,,,,,,,,,,,,,,-,,,,,,
Chan020AuxPanMode006,1,20,6,,,Channel aux-pair send pan mode select (block G5 Aux send pan mode select; enumeration provisional until the skin audit); carried on the odd aux of the pair; active when the pair is stereo (PW rulings D11/D12 2026-09-28),5617,imwi,2,,,,,,,,Chan_Rtg,,,,,,,,,,,,,,-,,,,,,
Chan020AuxPanMode007,1,20,7,,,Channel aux-pair send pan mode select (block G5 Aux send pan mode select; enumeration provisional until the skin audit); carried on the odd aux of the pair; active when the pair is stereo (PW rulings D11/D12 2026-09-28),5618,imwj,2,,,,,,,,Chan_Rtg,,,,,,,,,,,,,,-,,,,,,
Chan020AuxPanMode008,1,20,8,,,Channel aux-pair send pan mode select (block G5 Aux send pan mode select; enumeration provisional until the skin audit); carried on the odd aux of the pair; active when the pair is stereo (PW rulings D11/D12 2026-09-28),5619,imwk,2,,,,,,,,Chan_Rtg,,,,,,,,,,,,,,-,,,,,,
Chan021AuxPanMode001,1,21,1,,,Channel aux-pair send pan mode select (block G5 Aux send pan mode select; enumeration provisional until the skin audit); carried on the odd aux of the pair; active when the pair is stereo (PW rulings D11/D12 2026-09-28),5620,imwl,2,,,,,,,,Chan_Rtg,,,,,,,,,,,,,,-,,,,,,
Chan021AuxPanMode002,1,21,2,,,Channel aux-pair send pan mode select (block G5 Aux send pan mode select; enumeration provisional until the skin audit); carried on the odd aux of the pair; active when the pair is stereo (PW rulings D11/D12 2026-09-28),5621,imwm,2,,,,,,,,Chan_Rtg,,,,,,,,,,,,,,-,,,,,,
Chan021AuxPanMode003,1,21,3,,,Channel aux-pair send pan mode select (block G5 Aux send pan mode select; enumeration provisional until the skin audit); carried on the odd aux of the pair; active when the pair is stereo (PW rulings D11/D12 2026-09-28),5622,imwn,2,,,,,,,,Chan_Rtg,,,,,,,,,,,,,,-,,,,,,
Chan021AuxPanMode004,1,21,4,,,Channel aux-pair send pan mode select (block G5 Aux send pan mode select; enumeration provisional until the skin audit); carried on the odd aux of the pair; active when the pair is stereo (PW rulings D11/D12 2026-09-28),5623,imwo,2,,,,,,,,Chan_Rtg,,,,,,,,,,,,,,-,,,,,,
Chan021AuxPanMode005,1,21,5,,,Channel aux-pair send pan mode select (block G5 Aux send pan mode select; enumeration provisional until the skin audit); carried on the odd aux of the pair; active when the pair is stereo (PW rulings D11/D12 2026-09-28),5624,imwp,2,,,,,,,,Chan_Rtg,,,,,,,,,,,,,,-,,,,,,
Chan021AuxPanMode006,1,21,6,,,Channel aux-pair send pan mode select (block G5 Aux send pan mode select; enumeration provisional until the skin audit); carried on the odd aux of the pair; active when the pair is stereo (PW rulings D11/D12 2026-09-28),5625,imwq,2,,,,,,,,Chan_Rtg,,,,,,,,,,,,,,-,,,,,,
Chan021AuxPanMode007,1,21,7,,,Channel aux-pair send pan mode select (block G5 Aux send pan mode select; enumeration provisional until the skin audit); carried on the odd aux of the pair; active when the pair is stereo (PW rulings D11/D12 2026-09-28),5626,imwr,2,,,,,,,,Chan_Rtg,,,,,,,,,,,,,,-,,,,,,
Chan021AuxPanMode008,1,21,8,,,Channel aux-pair send pan mode select (block G5 Aux send pan mode select; enumeration provisional until the skin audit); carried on the odd aux of the pair; active when the pair is stereo (PW rulings D11/D12 2026-09-28),5627,imws,2,,,,,,,,Chan_Rtg,,,,,,,,,,,,,,-,,,,,,
Chan022AuxPanMode001,1,22,1,,,Channel aux-pair send pan mode select (block G5 Aux send pan mode select; enumeration provisional until the skin audit); carried on the odd aux of the pair; active when the pair is stereo (PW rulings D11/D12 2026-09-28),5628,imwt,2,,,,,,,,Chan_Rtg,,,,,,,,,,,,,,-,,,,,,
Chan022AuxPanMode002,1,22,2,,,Channel aux-pair send pan mode select (block G5 Aux send pan mode select; enumeration provisional until the skin audit); carried on the odd aux of the pair; active when the pair is stereo (PW rulings D11/D12 2026-09-28),5629,imwu,2,,,,,,,,Chan_Rtg,,,,,,,,,,,,,,-,,,,,,
Chan022AuxPanMode003,1,22,3,,,Channel aux-pair send pan mode select (block G5 Aux send pan mode select; enumeration provisional until the skin audit); carried on the odd aux of the pair; active when the pair is stereo (PW rulings D11/D12 2026-09-28),5630,imwv,2,,,,,,,,Chan_Rtg,,,,,,,,,,,,,,-,,,,,,
Chan022AuxPanMode004,1,22,4,,,Channel aux-pair send pan mode select (block G5 Aux send pan mode select; enumeration provisional until the skin audit); carried on the odd aux of the pair; active when the pair is stereo (PW rulings D11/D12 2026-09-28),5631,imww,2,,,,,,,,Chan_Rtg,,,,,,,,,,,,,,-,,,,,,
Chan022AuxPanMode005,1,22,5,,,Channel aux-pair send pan mode select (block G5 Aux send pan mode select; enumeration provisional until the skin audit); carried on the odd aux of the pair; active when the pair is stereo (PW rulings D11/D12 2026-09-28),5632,inhh,2,,,,,,,,Chan_Rtg,,,,,,,,,,,,,,-,,,,,,
Chan022AuxPanMode006,1,22,6,,,Channel aux-pair send pan mode select (block G5 Aux send pan mode select; enumeration provisional until the skin audit); carried on the odd aux of the pair; active when the pair is stereo (PW rulings D11/D12 2026-09-28),5633,inhi,2,,,,,,,,Chan_Rtg,,,,,,,,,,,,,,-,,,,,,
Chan022AuxPanMode007,1,22,7,,,Channel aux-pair send pan mode select (block G5 Aux send pan mode select; enumeration provisional until the skin audit); carried on the odd aux of the pair; active when the pair is stereo (PW rulings D11/D12 2026-09-28),5634,inhj,2,,,,,,,,Chan_Rtg,,,,,,,,,,,,,,-,,,,,,
Chan022AuxPanMode008,1,22,8,,,Channel aux-pair send pan mode select (block G5 Aux send pan mode select; enumeration provisional until the skin audit); carried on the odd aux of the pair; active when the pair is stereo (PW rulings D11/D12 2026-09-28),5635,inhk,2,,,,,,,,Chan_Rtg,,,,,,,,,,,,,,-,,,,,,
Chan023AuxPanMode001,1,23,1,,,Channel aux-pair send pan mode select (block G5 Aux send pan mode select; enumeration provisional until the skin audit); carried on the odd aux of the pair; active when the pair is stereo (PW rulings D11/D12 2026-09-28),5636,inhl,2,,,,,,,,Chan_Rtg,,,,,,,,,,,,,,-,,,,,,
Chan023AuxPanMode002,1,23,2,,,Channel aux-pair send pan mode select (block G5 Aux send pan mode select; enumeration provisional until the skin audit); carried on the odd aux of the pair; active when the pair is stereo (PW rulings D11/D12 2026-09-28),5637,inhm,2,,,,,,,,Chan_Rtg,,,,,,,,,,,,,,-,,,,,,
Chan023AuxPanMode003,1,23,3,,,Channel aux-pair send pan mode select (block G5 Aux send pan mode select; enumeration provisional until the skin audit); carried on the odd aux of the pair; active when the pair is stereo (PW rulings D11/D12 2026-09-28),5638,inhn,2,,,,,,,,Chan_Rtg,,,,,,,,,,,,,,-,,,,,,
Chan023AuxPanMode004,1,23,4,,,Channel aux-pair send pan mode select (block G5 Aux send pan mode select; enumeration provisional until the skin audit); carried on the odd aux of the pair; active when the pair is stereo (PW rulings D11/D12 2026-09-28),5639,inho,2,,,,,,,,Chan_Rtg,,,,,,,,,,,,,,-,,,,,,
Chan023AuxPanMode005,1,23,5,,,Channel aux-pair send pan mode select (block G5 Aux send pan mode select; enumeration provisional until the skin audit); carried on the odd aux of the pair; active when the pair is stereo (PW rulings D11/D12 2026-09-28),5640,inhp,2,,,,,,,,Chan_Rtg,,,,,,,,,,,,,,-,,,,,,
Chan023AuxPanMode006,1,23,6,,,Channel aux-pair send pan mode select (block G5 Aux send pan mode select; enumeration provisional until the skin audit); carried on the odd aux of the pair; active when the pair is stereo (PW rulings D11/D12 2026-09-28),5641,inhq,2,,,,,,,,Chan_Rtg,,,,,,,,,,,,,,-,,,,,,
Chan023AuxPanMode007,1,23,7,,,Channel aux-pair send pan mode select (block G5 Aux send pan mode select; enumeration provisional until the skin audit); carried on the odd aux of the pair; active when the pair is stereo (PW rulings D11/D12 2026-09-28),5642,inhr,2,,,,,,,,Chan_Rtg,,,,,,,,,,,,,,-,,,,,,
Chan023AuxPanMode008,1,23,8,,,Channel aux-pair send pan mode select (block G5 Aux send pan mode select; enumeration provisional until the skin audit); carried on the odd aux of the pair; active when the pair is stereo (PW rulings D11/D12 2026-09-28),5643,inhs,2,,,,,,,,Chan_Rtg,,,,,,,,,,,,,,-,,,,,,
Chan024AuxPanMode001,1,24,1,,,Channel aux-pair send pan mode select (block G5 Aux send pan mode select; enumeration provisional until the skin audit); carried on the odd aux of the pair; active when the pair is stereo (PW rulings D11/D12 2026-09-28),5644,inht,2,,,,,,,,Chan_Rtg,,,,,,,,,,,,,,-,,,,,,
Chan024AuxPanMode002,1,24,2,,,Channel aux-pair send pan mode select (block G5 Aux send pan mode select; enumeration provisional until the skin audit); carried on the odd aux of the pair; active when the pair is stereo (PW rulings D11/D12 2026-09-28),5645,inhu,2,,,,,,,,Chan_Rtg,,,,,,,,,,,,,,-,,,,,,
Chan024AuxPanMode003,1,24,3,,,Channel aux-pair send pan mode select (block G5 Aux send pan mode select; enumeration provisional until the skin audit); carried on the odd aux of the pair; active when the pair is stereo (PW rulings D11/D12 2026-09-28),5646,inhv,2,,,,,,,,Chan_Rtg,,,,,,,,,,,,,,-,,,,,,
Chan024AuxPanMode004,1,24,4,,,Channel aux-pair send pan mode select (block G5 Aux send pan mode select; enumeration provisional until the skin audit); carried on the odd aux of the pair; active when the pair is stereo (PW rulings D11/D12 2026-09-28),5647,inhw,2,,,,,,,,Chan_Rtg,,,,,,,,,,,,,,-,,,,,,
Chan024AuxPanMode005,1,24,5,,,Channel aux-pair send pan mode select (block G5 Aux send pan mode select; enumeration provisional until the skin audit); carried on the odd aux of the pair; active when the pair is stereo (PW rulings D11/D12 2026-09-28),5648,inih,2,,,,,,,,Chan_Rtg,,,,,,,,,,,,,,-,,,,,,
Chan024AuxPanMode006,1,24,6,,,Channel aux-pair send pan mode select (block G5 Aux send pan mode select; enumeration provisional until the skin audit); carried on the odd aux of the pair; active when the pair is stereo (PW rulings D11/D12 2026-09-28),5649,inii,2,,,,,,,,Chan_Rtg,,,,,,,,,,,,,,-,,,,,,
Chan024AuxPanMode007,1,24,7,,,Channel aux-pair send pan mode select (block G5 Aux send pan mode select; enumeration provisional until the skin audit); carried on the odd aux of the pair; active when the pair is stereo (PW rulings D11/D12 2026-09-28),5650,inij,2,,,,,,,,Chan_Rtg,,,,,,,,,,,,,,-,,,,,,
Chan024AuxPanMode008,1,24,8,,,Channel aux-pair send pan mode select (block G5 Aux send pan mode select; enumeration provisional until the skin audit); carried on the odd aux of the pair; active when the pair is stereo (PW rulings D11/D12 2026-09-28),5651,inik,2,,,,,,,,Chan_Rtg,,,,,,,,,,,,,,-,,,,,,
Chan001Mtr003,1,1,3,,false,Channel preamp level meter (post-ADC and pre-processing; block B2) - the third tap after Mtr[1-2] pre/post (PW ruling D11 2026-09-28),5652,inil,80,,,,,,,,Chan_Mtr,,,,,,,,,,,,,,-,,,,,,
Chan002Mtr003,1,2,3,,false,Channel preamp level meter (post-ADC and pre-processing; block B2) - the third tap after Mtr[1-2] pre/post (PW ruling D11 2026-09-28),5653,inim,80,,,,,,,,Chan_Mtr,,,,,,,,,,,,,,-,,,,,,
Chan003Mtr003,1,3,3,,false,Channel preamp level meter (post-ADC and pre-processing; block B2) - the third tap after Mtr[1-2] pre/post (PW ruling D11 2026-09-28),5654,inin,80,,,,,,,,Chan_Mtr,,,,,,,,,,,,,,-,,,,,,
Chan004Mtr003,1,4,3,,false,Channel preamp level meter (post-ADC and pre-processing; block B2) - the third tap after Mtr[1-2] pre/post (PW ruling D11 2026-09-28),5655,inio,80,,,,,,,,Chan_Mtr,,,,,,,,,,,,,,-,,,,,,
Chan005Mtr003,1,5,3,,false,Channel preamp level meter (post-ADC and pre-processing; block B2) - the third tap after Mtr[1-2] pre/post (PW ruling D11 2026-09-28),5656,inip,80,,,,,,,,Chan_Mtr,,,,,,,,,,,,,,-,,,,,,
Chan006Mtr003,1,6,3,,false,Channel preamp level meter (post-ADC and pre-processing; block B2) - the third tap after Mtr[1-2] pre/post (PW ruling D11 2026-09-28),5657,iniq,80,,,,,,,,Chan_Mtr,,,,,,,,,,,,,,-,,,,,,
Chan007Mtr003,1,7,3,,false,Channel preamp level meter (post-ADC and pre-processing; block B2) - the third tap after Mtr[1-2] pre/post (PW ruling D11 2026-09-28),5658,inir,80,,,,,,,,Chan_Mtr,,,,,,,,,,,,,,-,,,,,,
Chan008Mtr003,1,8,3,,false,Channel preamp level meter (post-ADC and pre-processing; block B2) - the third tap after Mtr[1-2] pre/post (PW ruling D11 2026-09-28),5659,inis,80,,,,,,,,Chan_Mtr,,,,,,,,,,,,,,-,,,,,,
Chan009Mtr003,1,9,3,,false,Channel preamp level meter (post-ADC and pre-processing; block B2) - the third tap after Mtr[1-2] pre/post (PW ruling D11 2026-09-28),5660,init,80,,,,,,,,Chan_Mtr,,,,,,,,,,,,,,-,,,,,,
Chan010Mtr003,1,10,3,,false,Channel preamp level meter (post-ADC and pre-processing; block B2) - the third tap after Mtr[1-2] pre/post (PW ruling D11 2026-09-28),5661,iniu,80,,,,,,,,Chan_Mtr,,,,,,,,,,,,,,-,,,,,,
Chan011Mtr003,1,11,3,,false,Channel preamp level meter (post-ADC and pre-processing; block B2) - the third tap after Mtr[1-2] pre/post (PW ruling D11 2026-09-28),5662,iniv,80,,,,,,,,Chan_Mtr,,,,,,,,,,,,,,-,,,,,,
Chan012Mtr003,1,12,3,,false,Channel preamp level meter (post-ADC and pre-processing; block B2) - the third tap after Mtr[1-2] pre/post (PW ruling D11 2026-09-28),5663,iniw,80,,,,,,,,Chan_Mtr,,,,,,,,,,,,,,-,,,,,,
Chan013Mtr003,1,13,3,,false,Channel preamp level meter (post-ADC and pre-processing; block B2) - the third tap after Mtr[1-2] pre/post (PW ruling D11 2026-09-28),5664,injh,80,,,,,,,,Chan_Mtr,,,,,,,,,,,,,,-,,,,,,
Chan014Mtr003,1,14,3,,false,Channel preamp level meter (post-ADC and pre-processing; block B2) - the third tap after Mtr[1-2] pre/post (PW ruling D11 2026-09-28),5665,inji,80,,,,,,,,Chan_Mtr,,,,,,,,,,,,,,-,,,,,,
Chan015Mtr003,1,15,3,,false,Channel preamp level meter (post-ADC and pre-processing; block B2) - the third tap after Mtr[1-2] pre/post (PW ruling D11 2026-09-28),5666,injj,80,,,,,,,,Chan_Mtr,,,,,,,,,,,,,,-,,,,,,
Chan016Mtr003,1,16,3,,false,Channel preamp level meter (post-ADC and pre-processing; block B2) - the third tap after Mtr[1-2] pre/post (PW ruling D11 2026-09-28),5667,injk,80,,,,,,,,Chan_Mtr,,,,,,,,,,,,,,-,,,,,,
Chan017Mtr003,1,17,3,,false,Channel preamp level meter (post-ADC and pre-processing; block B2) - the third tap after Mtr[1-2] pre/post (PW ruling D11 2026-09-28),5668,injl,80,,,,,,,,Chan_Mtr,,,,,,,,,,,,,,-,,,,,,
Chan018Mtr003,1,18,3,,false,Channel preamp level meter (post-ADC and pre-processing; block B2) - the third tap after Mtr[1-2] pre/post (PW ruling D11 2026-09-28),5669,injm,80,,,,,,,,Chan_Mtr,,,,,,,,,,,,,,-,,,,,,
Chan019Mtr003,1,19,3,,false,Channel preamp level meter (post-ADC and pre-processing; block B2) - the third tap after Mtr[1-2] pre/post (PW ruling D11 2026-09-28),5670,injn,80,,,,,,,,Chan_Mtr,,,,,,,,,,,,,,-,,,,,,
Chan020Mtr003,1,20,3,,false,Channel preamp level meter (post-ADC and pre-processing; block B2) - the third tap after Mtr[1-2] pre/post (PW ruling D11 2026-09-28),5671,injo,80,,,,,,,,Chan_Mtr,,,,,,,,,,,,,,-,,,,,,
Chan021Mtr003,1,21,3,,false,Channel preamp level meter (post-ADC and pre-processing; block B2) - the third tap after Mtr[1-2] pre/post (PW ruling D11 2026-09-28),5672,injp,80,,,,,,,,Chan_Mtr,,,,,,,,,,,,,,-,,,,,,
Chan022Mtr003,1,22,3,,false,Channel preamp level meter (post-ADC and pre-processing; block B2) - the third tap after Mtr[1-2] pre/post (PW ruling D11 2026-09-28),5673,injq,80,,,,,,,,Chan_Mtr,,,,,,,,,,,,,,-,,,,,,
Chan023Mtr003,1,23,3,,false,Channel preamp level meter (post-ADC and pre-processing; block B2) - the third tap after Mtr[1-2] pre/post (PW ruling D11 2026-09-28),5674,injr,80,,,,,,,,Chan_Mtr,,,,,,,,,,,,,,-,,,,,,
Chan024Mtr003,1,24,3,,false,Channel preamp level meter (post-ADC and pre-processing; block B2) - the third tap after Mtr[1-2] pre/post (PW ruling D11 2026-09-28),5675,injs,80,,,,,,,,Chan_Mtr,,,,,,,,,,,,,,-,,,,,,
Chan001InsertPos001,1,1,1,,,Channel insert position: ONE insert with a selectable tap 0=pre-EQ 1=post-EQ 2=post-dynamics 3=pre-fader (taps per the block; not a second insert - PW ruling D11 2026-09-28),5676,injt,4,,,,,,,,ChanInput,,,,,,,,,,,,,,-,,,,,,
Chan002InsertPos001,1,2,1,,,Channel insert position: ONE insert with a selectable tap 0=pre-EQ 1=post-EQ 2=post-dynamics 3=pre-fader (taps per the block; not a second insert - PW ruling D11 2026-09-28),5677,inju,4,,,,,,,,ChanInput,,,,,,,,,,,,,,-,,,,,,
Chan003InsertPos001,1,3,1,,,Channel insert position: ONE insert with a selectable tap 0=pre-EQ 1=post-EQ 2=post-dynamics 3=pre-fader (taps per the block; not a second insert - PW ruling D11 2026-09-28),5678,injv,4,,,,,,,,ChanInput,,,,,,,,,,,,,,-,,,,,,
Chan004InsertPos001,1,4,1,,,Channel insert position: ONE insert with a selectable tap 0=pre-EQ 1=post-EQ 2=post-dynamics 3=pre-fader (taps per the block; not a second insert - PW ruling D11 2026-09-28),5679,injw,4,,,,,,,,ChanInput,,,,,,,,,,,,,,-,,,,,,
Chan005InsertPos001,1,5,1,,,Channel insert position: ONE insert with a selectable tap 0=pre-EQ 1=post-EQ 2=post-dynamics 3=pre-fader (taps per the block; not a second insert - PW ruling D11 2026-09-28),5680,inkh,4,,,,,,,,ChanInput,,,,,,,,,,,,,,-,,,,,,
Chan006InsertPos001,1,6,1,,,Channel insert position: ONE insert with a selectable tap 0=pre-EQ 1=post-EQ 2=post-dynamics 3=pre-fader (taps per the block; not a second insert - PW ruling D11 2026-09-28),5681,inki,4,,,,,,,,ChanInput,,,,,,,,,,,,,,-,,,,,,
Chan007InsertPos001,1,7,1,,,Channel insert position: ONE insert with a selectable tap 0=pre-EQ 1=post-EQ 2=post-dynamics 3=pre-fader (taps per the block; not a second insert - PW ruling D11 2026-09-28),5682,inkj,4,,,,,,,,ChanInput,,,,,,,,,,,,,,-,,,,,,
Chan008InsertPos001,1,8,1,,,Channel insert position: ONE insert with a selectable tap 0=pre-EQ 1=post-EQ 2=post-dynamics 3=pre-fader (taps per the block; not a second insert - PW ruling D11 2026-09-28),5683,inkk,4,,,,,,,,ChanInput,,,,,,,,,,,,,,-,,,,,,
Chan009InsertPos001,1,9,1,,,Channel insert position: ONE insert with a selectable tap 0=pre-EQ 1=post-EQ 2=post-dynamics 3=pre-fader (taps per the block; not a second insert - PW ruling D11 2026-09-28),5684,inkl,4,,,,,,,,ChanInput,,,,,,,,,,,,,,-,,,,,,
Chan010InsertPos001,1,10,1,,,Channel insert position: ONE insert with a selectable tap 0=pre-EQ 1=post-EQ 2=post-dynamics 3=pre-fader (taps per the block; not a second insert - PW ruling D11 2026-09-28),5685,inkm,4,,,,,,,,ChanInput,,,,,,,,,,,,,,-,,,,,,
Chan011InsertPos001,1,11,1,,,Channel insert position: ONE insert with a selectable tap 0=pre-EQ 1=post-EQ 2=post-dynamics 3=pre-fader (taps per the block; not a second insert - PW ruling D11 2026-09-28),5686,inkn,4,,,,,,,,ChanInput,,,,,,,,,,,,,,-,,,,,,
Chan012InsertPos001,1,12,1,,,Channel insert position: ONE insert with a selectable tap 0=pre-EQ 1=post-EQ 2=post-dynamics 3=pre-fader (taps per the block; not a second insert - PW ruling D11 2026-09-28),5687,inko,4,,,,,,,,ChanInput,,,,,,,,,,,,,,-,,,,,,
Chan013InsertPos001,1,13,1,,,Channel insert position: ONE insert with a selectable tap 0=pre-EQ 1=post-EQ 2=post-dynamics 3=pre-fader (taps per the block; not a second insert - PW ruling D11 2026-09-28),5688,inkp,4,,,,,,,,ChanInput,,,,,,,,,,,,,,-,,,,,,
Chan014InsertPos001,1,14,1,,,Channel insert position: ONE insert with a selectable tap 0=pre-EQ 1=post-EQ 2=post-dynamics 3=pre-fader (taps per the block; not a second insert - PW ruling D11 2026-09-28),5689,inkq,4,,,,,,,,ChanInput,,,,,,,,,,,,,,-,,,,,,
Chan015InsertPos001,1,15,1,,,Channel insert position: ONE insert with a selectable tap 0=pre-EQ 1=post-EQ 2=post-dynamics 3=pre-fader (taps per the block; not a second insert - PW ruling D11 2026-09-28),5690,inkr,4,,,,,,,,ChanInput,,,,,,,,,,,,,,-,,,,,,
Chan016InsertPos001,1,16,1,,,Channel insert position: ONE insert with a selectable tap 0=pre-EQ 1=post-EQ 2=post-dynamics 3=pre-fader (taps per the block; not a second insert - PW ruling D11 2026-09-28),5691,inks,4,,,,,,,,ChanInput,,,,,,,,,,,,,,-,,,,,,
Chan017InsertPos001,1,17,1,,,Channel insert position: ONE insert with a selectable tap 0=pre-EQ 1=post-EQ 2=post-dynamics 3=pre-fader (taps per the block; not a second insert - PW ruling D11 2026-09-28),5692,inkt,4,,,,,,,,ChanInput,,,,,,,,,,,,,,-,,,,,,
Chan018InsertPos001,1,18,1,,,Channel insert position: ONE insert with a selectable tap 0=pre-EQ 1=post-EQ 2=post-dynamics 3=pre-fader (taps per the block; not a second insert - PW ruling D11 2026-09-28),5693,inku,4,,,,,,,,ChanInput,,,,,,,,,,,,,,-,,,,,,
Chan019InsertPos001,1,19,1,,,Channel insert position: ONE insert with a selectable tap 0=pre-EQ 1=post-EQ 2=post-dynamics 3=pre-fader (taps per the block; not a second insert - PW ruling D11 2026-09-28),5694,inkv,4,,,,,,,,ChanInput,,,,,,,,,,,,,,-,,,,,,
Chan020InsertPos001,1,20,1,,,Channel insert position: ONE insert with a selectable tap 0=pre-EQ 1=post-EQ 2=post-dynamics 3=pre-fader (taps per the block; not a second insert - PW ruling D11 2026-09-28),5695,inkw,4,,,,,,,,ChanInput,,,,,,,,,,,,,,-,,,,,,
Chan021InsertPos001,1,21,1,,,Channel insert position: ONE insert with a selectable tap 0=pre-EQ 1=post-EQ 2=post-dynamics 3=pre-fader (taps per the block; not a second insert - PW ruling D11 2026-09-28),5696,inlh,4,,,,,,,,ChanInput,,,,,,,,,,,,,,-,,,,,,
Chan022InsertPos001,1,22,1,,,Channel insert position: ONE insert with a selectable tap 0=pre-EQ 1=post-EQ 2=post-dynamics 3=pre-fader (taps per the block; not a second insert - PW ruling D11 2026-09-28),5697,inli,4,,,,,,,,ChanInput,,,,,,,,,,,,,,-,,,,,,
Chan023InsertPos001,1,23,1,,,Channel insert position: ONE insert with a selectable tap 0=pre-EQ 1=post-EQ 2=post-dynamics 3=pre-fader (taps per the block; not a second insert - PW ruling D11 2026-09-28),5698,inlj,4,,,,,,,,ChanInput,,,,,,,,,,,,,,-,,,,,,
Chan024InsertPos001,1,24,1,,,Channel insert position: ONE insert with a selectable tap 0=pre-EQ 1=post-EQ 2=post-dynamics 3=pre-fader (taps per the block; not a second insert - PW ruling D11 2026-09-28),5699,inlk,4,,,,,,,,ChanInput,,,,,,,,,,,,,,-,,,,,,
Sys001LcrMode001,1,1,1,,false,Center Mode (global): 0 = L/R pan with the centre assign / 1 = LCR panning with the special LCR taper (block B5 - PW ruling D12 2026-09-28); not Sys LCR (the encoder-context buttons),5700,inll,2,,,,,,,,,,,,,,,,,,,,,,-,,,,,,
Sys001SendMuteFollow001,1,1,1,,false,Aux (stage monitor) sends follow the channel mute: 0 = no / 1 = yes (mixer preference; block J6/S3 - PW ruling D12 2026-09-28),5701,inlm,2,,,,,,,,,,,,,,,,,,,,,,-,,,,,,
Sys001FxMuteFollow001,1,1,1,,false,Pre-fader FX sends follow the channel mute: 0 = no / 1 = yes (mixer preference; block C9/S3 - PW ruling D12 2026-09-28),5702,inln,2,,,,,,,,,,,,,,,,,,,,,,-,,,,,,
Sys001StudioMode001,1,1,1,,false,Studio mode: the monitor output drives Speaker B (fw SW Studio; block G17 - PW ruling D12 2026-09-28),5703,inlo,2,,,,,,,,,,,,,,,,,,,,,,-,,,,,,
Aux001Link001,1,1,1,,,Aux pair link: 0 = dual mono / 1 = stereo; carried on the odd aux of the pair; switchable per pair in realtime and host-read so skins redraw the pairing (PW ruling 2026-09-28: all aux pairs switchable),5704,inlp,2,,,,,,,,,,,,,,,,,,,,,,0,,,,,,
Aux002Link001,1,2,1,,,Aux pair link: 0 = dual mono / 1 = stereo; carried on the odd aux of the pair; switchable per pair in realtime and host-read so skins redraw the pairing (PW ruling 2026-09-28: all aux pairs switchable),5705,inlq,2,,,,,,,,,,,,,,,,,,,,,,0,,,,,,
Aux003Link001,1,3,1,,,Aux pair link: 0 = dual mono / 1 = stereo; carried on the odd aux of the pair; switchable per pair in realtime and host-read so skins redraw the pairing (PW ruling 2026-09-28: all aux pairs switchable),5706,inlr,2,,,,,,,,,,,,,,,,,,,,,,0,,,,,,
Aux004Link001,1,4,1,,,Aux pair link: 0 = dual mono / 1 = stereo; carried on the odd aux of the pair; switchable per pair in realtime and host-read so skins redraw the pairing (PW ruling 2026-09-28: all aux pairs switchable),5707,inls,2,,,,,,,,,,,,,,,,,,,,,,0,,,,,,
Aux005Link001,1,5,1,,,Aux pair link: 0 = dual mono / 1 = stereo; carried on the odd aux of the pair; switchable per pair in realtime and host-read so skins redraw the pairing (PW ruling 2026-09-28: all aux pairs switchable),5708,inlt,2,,,,,,,,,,,,,,,,,,,,,,0,,,,,,
Aux006Link001,1,6,1,,,Aux pair link: 0 = dual mono / 1 = stereo; carried on the odd aux of the pair; switchable per pair in realtime and host-read so skins redraw the pairing (PW ruling 2026-09-28: all aux pairs switchable),5709,inlu,2,,,,,,,,,,,,,,,,,,,,,,0,,,,,,
Aux007Link001,1,7,1,,,Aux pair link: 0 = dual mono / 1 = stereo; carried on the odd aux of the pair; switchable per pair in realtime and host-read so skins redraw the pairing (PW ruling 2026-09-28: all aux pairs switchable),5710,inlv,2,,,,,,,,,,,,,,,,,,,,,,0,,,,,,
Aux008Link001,1,8,1,,,Aux pair link: 0 = dual mono / 1 = stereo; carried on the odd aux of the pair; switchable per pair in realtime and host-read so skins redraw the pairing (PW ruling 2026-09-28: all aux pairs switchable),5711,inlw,2,,,,,,,,,,,,,,,,,,,,,,0,,,,,,
Noise001Dest011,1,1,11,,,Noise routing destination 11: LF (sub woof) (block V5; add-only - PW ruling D13 2026-09-28),5712,inmh,11,,,,,,,,,,,,,,,,,,,,,,0,,,,,,
Talk001Dest004,1,1,4,,,Talkback routing destinations 4-10 (on/off each; add-only after Dest[1-3]): together the block's ten - Main L/R + Aux 1-8 + phones (block T5/S6; y order provisional until the skin audit - PW ruling D13 2026-09-28),5713,inmi,1,,,,,,,,,,,,,,,,,,,,,,0,,,,,,
Talk001Dest005,1,1,5,,,Talkback routing destinations 4-10 (on/off each; add-only after Dest[1-3]): together the block's ten - Main L/R + Aux 1-8 + phones (block T5/S6; y order provisional until the skin audit - PW ruling D13 2026-09-28),5714,inmj,1,,,,,,,,,,,,,,,,,,,,,,0,,,,,,
Talk001Dest006,1,1,6,,,Talkback routing destinations 4-10 (on/off each; add-only after Dest[1-3]): together the block's ten - Main L/R + Aux 1-8 + phones (block T5/S6; y order provisional until the skin audit - PW ruling D13 2026-09-28),5715,inmk,1,,,,,,,,,,,,,,,,,,,,,,0,,,,,,
Talk001Dest007,1,1,7,,,Talkback routing destinations 4-10 (on/off each; add-only after Dest[1-3]): together the block's ten - Main L/R + Aux 1-8 + phones (block T5/S6; y order provisional until the skin audit - PW ruling D13 2026-09-28),5716,inml,1,,,,,,,,,,,,,,,,,,,,,,0,,,,,,
Talk001Dest008,1,1,8,,,Talkback routing destinations 4-10 (on/off each; add-only after Dest[1-3]): together the block's ten - Main L/R + Aux 1-8 + phones (block T5/S6; y order provisional until the skin audit - PW ruling D13 2026-09-28),5717,inmm,1,,,,,,,,,,,,,,,,,,,,,,0,,,,,,
Talk001Dest009,1,1,9,,,Talkback routing destinations 4-10 (on/off each; add-only after Dest[1-3]): together the block's ten - Main L/R + Aux 1-8 + phones (block T5/S6; y order provisional until the skin audit - PW ruling D13 2026-09-28),5718,inmn,1,,,,,,,,,,,,,,,,,,,,,,0,,,,,,
Talk001Dest010,1,1,10,,,Talkback routing destinations 4-10 (on/off each; add-only after Dest[1-3]): together the block's ten - Main L/R + Aux 1-8 + phones (block T5/S6; y order provisional until the skin audit - PW ruling D13 2026-09-28),5719,inmo,1,,,,,,,,,,,,,,,,,,,,,,0,,,,,,
Talk002Dest004,1,2,4,,,Talkback routing destinations 4-10 (on/off each; add-only after Dest[1-3]): together the block's ten - Main L/R + Aux 1-8 + phones (block T5/S6; y order provisional until the skin audit - PW ruling D13 2026-09-28),5720,inmp,1,,,,,,,,,,,,,,,,,,,,,,0,,,,,,
Talk002Dest005,1,2,5,,,Talkback routing destinations 4-10 (on/off each; add-only after Dest[1-3]): together the block's ten - Main L/R + Aux 1-8 + phones (block T5/S6; y order provisional until the skin audit - PW ruling D13 2026-09-28),5721,inmq,1,,,,,,,,,,,,,,,,,,,,,,0,,,,,,
Talk002Dest006,1,2,6,,,Talkback routing destinations 4-10 (on/off each; add-only after Dest[1-3]): together the block's ten - Main L/R + Aux 1-8 + phones (block T5/S6; y order provisional until the skin audit - PW ruling D13 2026-09-28),5722,inmr,1,,,,,,,,,,,,,,,,,,,,,,0,,,,,,
Talk002Dest007,1,2,7,,,Talkback routing destinations 4-10 (on/off each; add-only after Dest[1-3]): together the block's ten - Main L/R + Aux 1-8 + phones (block T5/S6; y order provisional until the skin audit - PW ruling D13 2026-09-28),5723,inms,1,,,,,,,,,,,,,,,,,,,,,,0,,,,,,
Talk002Dest008,1,2,8,,,Talkback routing destinations 4-10 (on/off each; add-only after Dest[1-3]): together the block's ten - Main L/R + Aux 1-8 + phones (block T5/S6; y order provisional until the skin audit - PW ruling D13 2026-09-28),5724,inmt,1,,,,,,,,,,,,,,,,,,,,,,0,,,,,,
Talk002Dest009,1,2,9,,,Talkback routing destinations 4-10 (on/off each; add-only after Dest[1-3]): together the block's ten - Main L/R + Aux 1-8 + phones (block T5/S6; y order provisional until the skin audit - PW ruling D13 2026-09-28),5725,inmu,1,,,,,,,,,,,,,,,,,,,,,,0,,,,,,
Talk002Dest010,1,2,10,,,Talkback routing destinations 4-10 (on/off each; add-only after Dest[1-3]): together the block's ten - Main L/R + Aux 1-8 + phones (block T5/S6; y order provisional until the skin audit - PW ruling D13 2026-09-28),5726,inmv,1,,,,,,,,,,,,,,,,,,,,,,0,,,,,,
Rec001Mtr001,1,1,1,,false,USB 2-track recorder record meter L/R (block P15 - PW ruling D13 2026-09-28),5727,inmw,80,,,,,,,,Chan_Mtr,,,,,,,,,,,,,,-,,,,,,
Rec001Mtr002,1,1,2,,false,USB 2-track recorder record meter L/R (block P15 - PW ruling D13 2026-09-28),5728,innh,80,,,,,,,,Chan_Mtr,,,,,,,,,,,,,,-,,,,,,
Rec001CueSel001,1,1,1,,false,USB 2-track recorder cue (AFL) select (block P15 - PW ruling D13 2026-09-28),5729,inni,2,,,,,,,,,,,,,,,,,,,,,,0,,,,,,
Fx001Trim001,1,1,1,,,FX return input trim ±10dB (block R3) (PW ruling D15 2026-09-28),5730,innj,41,,,,,,,,FxCtrl,,0=-10/40=10/[Lin],,,,,,,,,,,,20,,,,,,
Fx002Trim001,1,2,1,,,FX return input trim ±10dB (block R3) (PW ruling D15 2026-09-28),5731,innk,41,,,,,,,,FxCtrl,,0=-10/40=10/[Lin],,,,,,,,,,,,20,,,,,,
Fx003Trim001,1,3,1,,,FX return input trim ±10dB (block R3) (PW ruling D15 2026-09-28),5732,innl,41,,,,,,,,FxCtrl,,0=-10/40=10/[Lin],,,,,,,,,,,,20,,,,,,
Fx004Trim001,1,4,1,,,FX return input trim ±10dB (block R3) (PW ruling D15 2026-09-28),5733,innm,41,,,,,,,,FxCtrl,,0=-10/40=10/[Lin],,,,,,,,,,,,20,,,,,,
Fx005Trim001,1,5,1,,,FX return input trim ±10dB (block R3) (PW ruling D15 2026-09-28),5734,innn,41,,,,,,,,FxCtrl,,0=-10/40=10/[Lin],,,,,,,,,,,,20,,,,,,
Fx006Trim001,1,6,1,,,FX return input trim ±10dB (block R3) (PW ruling D15 2026-09-28),5735,inno,41,,,,,,,,FxCtrl,,0=-10/40=10/[Lin],,,,,,,,,,,,20,,,,,,
Fx001Pan001,1,1,1,,,FX master return pan (block R6) (PW ruling D15 2026-09-28),5736,innp,127,,,,,,,,FxCtrl,,Pan:dB:0:Off,,,,,,,,,,,,63,,,,,,
Fx002Pan001,1,2,1,,,FX master return pan (block R6) (PW ruling D15 2026-09-28),5737,innq,127,,,,,,,,FxCtrl,,Pan:dB:0:Off,,,,,,,,,,,,63,,,,,,
Fx003Pan001,1,3,1,,,FX master return pan (block R6) (PW ruling D15 2026-09-28),5738,innr,127,,,,,,,,FxCtrl,,Pan:dB:0:Off,,,,,,,,,,,,63,,,,,,
Fx004Pan001,1,4,1,,,FX master return pan (block R6) (PW ruling D15 2026-09-28),5739,inns,127,,,,,,,,FxCtrl,,Pan:dB:0:Off,,,,,,,,,,,,63,,,,,,
Fx005Pan001,1,5,1,,,FX master return pan (block R6) (PW ruling D15 2026-09-28),5740,innt,127,,,,,,,,FxCtrl,,Pan:dB:0:Off,,,,,,,,,,,,63,,,,,,
Fx006Pan001,1,6,1,,,FX master return pan (block R6) (PW ruling D15 2026-09-28),5741,innu,127,,,,,,,,FxCtrl,,Pan:dB:0:Off,,,,,,,,,,,,63,,,,,,
Fx001MainOn001,1,1,1,,,FX return to main L/R assign on/off (block R6) (PW ruling D15 2026-09-28),5742,innv,2,,,,,,,,FxCtrl,,,,,,,,,,,,,,1,,,,,,
Fx002MainOn001,1,2,1,,,FX return to main L/R assign on/off (block R6) (PW ruling D15 2026-09-28),5743,innw,2,,,,,,,,FxCtrl,,,,,,,,,,,,,,1,,,,,,
Fx003MainOn001,1,3,1,,,FX return to main L/R assign on/off (block R6) (PW ruling D15 2026-09-28),5744,inoh,2,,,,,,,,FxCtrl,,,,,,,,,,,,,,1,,,,,,
Fx004MainOn001,1,4,1,,,FX return to main L/R assign on/off (block R6) (PW ruling D15 2026-09-28),5745,inoi,2,,,,,,,,FxCtrl,,,,,,,,,,,,,,1,,,,,,
Fx005MainOn001,1,5,1,,,FX return to main L/R assign on/off (block R6) (PW ruling D15 2026-09-28),5746,inoj,2,,,,,,,,FxCtrl,,,,,,,,,,,,,,1,,,,,,
Fx006MainOn001,1,6,1,,,FX return to main L/R assign on/off (block R6) (PW ruling D15 2026-09-28),5747,inok,2,,,,,,,,FxCtrl,,,,,,,,,,,,,,1,,,,,,
Fx001CueSel001,1,1,1,,,FX return cue (PFL) to the cue bus (block Q5) (PW ruling D15 2026-09-28),5748,inol,2,,,,,,,,FxCtrl,,,,,,,,,,,,,,0,,,,,,
Fx002CueSel001,1,2,1,,,FX return cue (PFL) to the cue bus (block Q5) (PW ruling D15 2026-09-28),5749,inom,2,,,,,,,,FxCtrl,,,,,,,,,,,,,,0,,,,,,
Fx003CueSel001,1,3,1,,,FX return cue (PFL) to the cue bus (block Q5) (PW ruling D15 2026-09-28),5750,inon,2,,,,,,,,FxCtrl,,,,,,,,,,,,,,0,,,,,,
Fx004CueSel001,1,4,1,,,FX return cue (PFL) to the cue bus (block Q5) (PW ruling D15 2026-09-28),5751,inoo,2,,,,,,,,FxCtrl,,,,,,,,,,,,,,0,,,,,,
Fx005CueSel001,1,5,1,,,FX return cue (PFL) to the cue bus (block Q5) (PW ruling D15 2026-09-28),5752,inop,2,,,,,,,,FxCtrl,,,,,,,,,,,,,,0,,,,,,
Fx006CueSel001,1,6,1,,,FX return cue (PFL) to the cue bus (block Q5) (PW ruling D15 2026-09-28),5753,inoq,2,,,,,,,,FxCtrl,,,,,,,,,,,,,,0,,,,,,
Fx001Mtr002,1,1,2,,false,FX input meter (pre/post select per the block R4/Q5) - the second tap after the Mtr[1-1] return meter (PW ruling D15 2026-09-28),5754,inor,80,,,,,,,,Chan_Mtr,,,,,,,,,,,,,,-,,,,,,
Fx002Mtr002,1,2,2,,false,FX input meter (pre/post select per the block R4/Q5) - the second tap after the Mtr[1-1] return meter (PW ruling D15 2026-09-28),5755,inos,80,,,,,,,,Chan_Mtr,,,,,,,,,,,,,,-,,,,,,
Fx003Mtr002,1,3,2,,false,FX input meter (pre/post select per the block R4/Q5) - the second tap after the Mtr[1-1] return meter (PW ruling D15 2026-09-28),5756,inot,80,,,,,,,,Chan_Mtr,,,,,,,,,,,,,,-,,,,,,
Fx004Mtr002,1,4,2,,false,FX input meter (pre/post select per the block R4/Q5) - the second tap after the Mtr[1-1] return meter (PW ruling D15 2026-09-28),5757,inou,80,,,,,,,,Chan_Mtr,,,,,,,,,,,,,,-,,,,,,
Fx005Mtr002,1,5,2,,false,FX input meter (pre/post select per the block R4/Q5) - the second tap after the Mtr[1-1] return meter (PW ruling D15 2026-09-28),5758,inov,80,,,,,,,,Chan_Mtr,,,,,,,,,,,,,,-,,,,,,
Fx006Mtr002,1,6,2,,false,FX input meter (pre/post select per the block R4/Q5) - the second tap after the Mtr[1-1] return meter (PW ruling D15 2026-09-28),5759,inow,80,,,,,,,,Chan_Mtr,,,,,,,,,,,,,,-,,,,,,
Fx001SamplePlay001,1,1,1,,false,Sample sounds inject (play) at the FX input (block R4). HOST-MANAGED: the host plays the sample; no DSP address (PW ruling D15 2026-09-28),5760,inph,2,,,,,,,,,,,,,,,,,,,,,,-,,,,,,
Fx002SamplePlay001,1,2,1,,false,Sample sounds inject (play) at the FX input (block R4). HOST-MANAGED: the host plays the sample; no DSP address (PW ruling D15 2026-09-28),5761,inpi,2,,,,,,,,,,,,,,,,,,,,,,-,,,,,,
Fx003SamplePlay001,1,3,1,,false,Sample sounds inject (play) at the FX input (block R4). HOST-MANAGED: the host plays the sample; no DSP address (PW ruling D15 2026-09-28),5762,inpj,2,,,,,,,,,,,,,,,,,,,,,,-,,,,,,
Fx004SamplePlay001,1,4,1,,false,Sample sounds inject (play) at the FX input (block R4). HOST-MANAGED: the host plays the sample; no DSP address (PW ruling D15 2026-09-28),5763,inpk,2,,,,,,,,,,,,,,,,,,,,,,-,,,,,,
Fx005SamplePlay001,1,5,1,,false,Sample sounds inject (play) at the FX input (block R4). HOST-MANAGED: the host plays the sample; no DSP address (PW ruling D15 2026-09-28),5764,inpl,2,,,,,,,,,,,,,,,,,,,,,,-,,,,,,
Fx006SamplePlay001,1,6,1,,false,Sample sounds inject (play) at the FX input (block R4). HOST-MANAGED: the host plays the sample; no DSP address (PW ruling D15 2026-09-28),5765,inpm,2,,,,,,,,,,,,,,,,,,,,,,-,,,,,,
Sys001SwMiniJack001,1,1,1,,false,Mini-jack (stereo aux input) insertion sense on the RIGHT switch panel: net MJ_SW read through H1S3 (the jack NC contacts ground it when empty). READ: 1 = a plug is inserted / 0 = none; both edges are reported; a write is ignored (gaps doc 2.2 - PW 2026-09-28),5766,inpn,2,,,,,,,,,,,,,,,,,,,,,,-,,,,,,
Sys001SwTempFan001,1,1,1,,false,TEMP / BLOWER / FAN pass-through on the RIGHT switch panel via H1S3. READ = the TEMP raw count (H1S3 PA1; the host scales it). WRITE = the drive mask bit0 = BLOWER bit1 = FAN. The write and the read carry different meanings on one cell exactly as Sys001SwTalk001 does (gaps doc 2.3 - PW 2026-09-28),5767,inpo,255,,,,,,,,,,,,,,,,,,,,,,-,,,,,,
