!Copyright (C) 2022  Intel Corporation. All rights reserved.
!Your use of Intel Corporation's design tools, logic functions 
!and other software and tools, and any partner logic 
!functions, and any output files from any of the foregoing 
!(including device programming or simulation files), and any 
!associated documentation or information are expressly subject 
!to the terms and conditions of the Intel Program License 
!Subscription Agreement, the Intel Quartus Prime License Agreement,
!the Intel FPGA IP License Agreement, or other applicable license
!agreement, including, without limitation, that your use is for
!the sole purpose of programming logic devices manufactured by
!Intel and sold by Intel or its authorized distributors.  Please
!refer to the applicable agreement for further details, at
!https://fpgasoftware.intel.com/eula.
!
!Quartus Prime SVF converter 21.1
!
!Device #1: 5M1270Z - output_files/dsp4_logic.pof Sun Aug 23 14:35:19 2026
!
!NOTE "USERCODE" "005DCDE7";
!
!NOTE "CHECKSUM" "005DCDFD";
!
!
!
FREQUENCY 1.00E+07 HZ;
!
!
!
TRST ABSENT;
ENDDR IDLE;
ENDIR IRPAUSE;
STATE IDLE;
SIR 10 TDI (005);
RUNTEST IDLE 53 TCK ENDSTATE IDLE;
SDR 636 TDI (FFFFFFFFFFFFFFFFFFFFFFFFFFFFFFFFFFFFFFFFFFFFFFFFFFFFFFFFFFFFFFFFFFFFFFFFFFFFFFFFFFFFFFFFFFFFFFFFFFFFFFFFFFFFFFFFFFFFFFFFFFFFFFFFFFFFFFFFFFFFFFFFFFFFFFFFFFFFFFF);
SIR 10 TDI (3FF);
RUNTEST 10003 TCK;
SIR 10 TDI (2CC);
RUNTEST 10003 TCK;
!
!
!
!CHECKING SILICON ID
!
!
!
SIR 10 TDI (203);
RUNTEST 53 TCK;
SDR 15 TDI (0221);
SIR 10 TDI (205);
RUNTEST 53 TCK;
SDR 16 TDI (FFFF) TDO (8232) MASK (FFFF);
SDR 16 TDI (FFFF) TDO (2AA2);
SDR 16 TDI (FFFF) TDO (4A82);
SDR 16 TDI (FFFF) TDO (8C0C);
SDR 16 TDI (FFFF) TDO (00A0);
!
!
!
!BULK ERASE
!
!
!
SIR 10 TDI (203);
RUNTEST 53 TCK;
SDR 15 TDI (0041);
SIR 10 TDI (2F2);
RUNTEST 5000003 TCK;
SIR 10 TDI (203);
RUNTEST 53 TCK;
SDR 15 TDI (0001);
SIR 10 TDI (2F2);
RUNTEST 5000003 TCK;
SIR 10 TDI (203);
RUNTEST 53 TCK;
SDR 15 TDI (0000);
SIR 10 TDI (2F2);
RUNTEST 5000003 TCK;
!
!
!
!PROGRAM
!
!
!
SIR 10 TDI (203);
RUNTEST 53 TCK;
SDR 15 TDI (0000);
SIR 10 TDI (2F4);
RUNTEST 53 TCK;
SDR 16 TDI (7FFF);
RUNTEST 1000 TCK;
SDR 16 TDI (FFFF);
RUNTEST 1000 TCK;
SDR 16 TDI (FFFF);
RUNTEST 1000 TCK;
SDR 16 TDI (FFFF);
RUNTEST 1000 TCK;
SDR 16 TDI (BFFC);
RUNTEST 1000 TCK;
SDR 16 TDI (F9E7);
RUNTEST 1000 TCK;
SDR 16 TDI (CF9F);
RUNTEST 1000 TCK;
SDR 16 TDI (FCFF);
RUNTEST 1000 TCK;
SDR 16 TDI (7CFF);
RUNTEST 1000 TCK;
SDR 16 TDI (FFCF);
RUNTEST 1000 TCK;
SDR 16 TDI (3E79);
RUNTEST 1000 TCK;
SDR 16 TDI (F3CF);
RUNTEST 1000 TCK;
SDR 16 TDI (B3E7);
RUNTEST 1000 TCK;
SDR 16 TDI (9F3C);
RUNTEST 1000 TCK;
SDR 16 TDI (F9E7);
RUNTEST 1000 TCK;
SDR 16 TDI (CF9E);
RUNTEST 1000 TCK;
SDR 16 TDI (6F9E);
RUNTEST 1000 TCK;
SDR 16 TDI (7CF3);
RUNTEST 1000 TCK;
SDR 16 TDI (E7CF);
RUNTEST 1000 TCK;
SDR 16 TDI (3E7C);
RUNTEST 1000 TCK;
SDR 16 TDI (BF3C);
RUNTEST 1000 TCK;
SDR 16 TDI (F9F3);
RUNTEST 1000 TCK;
SDR 16 TDI (CF9E);
RUNTEST 1000 TCK;
SDR 16 TDI (7CF3);
RUNTEST 1000 TCK;
SDR 16 TDI (7CF9);
RUNTEST 1000 TCK;
SDR 16 TDI (E7CF);
RUNTEST 1000 TCK;
SDR 16 TDI (FFFF);
RUNTEST 1000 TCK;
SDR 16 TDI (FFFF);
RUNTEST 1000 TCK;
SDR 16 TDI (BFF7);
RUNTEST 1000 TCK;
SDR 16 TDI (FFFF);
RUNTEST 1000 TCK;
SDR 16 TDI (FFFF);
RUNTEST 1000 TCK;
SDR 16 TDI (FFFF);
RUNTEST 1000 TCK;
SDR 16 TDI (7FFF);
RUNTEST 1000 TCK;
SDR 16 TDI (FFFF);
RUNTEST 1000 TCK;
SDR 16 TDI (FFFF);
RUNTEST 1000 TCK;
SDR 16 TDI (FFFF);
RUNTEST 1000 TCK;
SDR 16 TDI (BFFF);
RUNTEST 1000 TCK;
SDR 16 TDI (FFFF);
RUNTEST 1000 TCK;
SDR 16 TDI (FFFF);
RUNTEST 1000 TCK;
SDR 16 TDI (FFFF);
RUNTEST 1000 TCK;
SDR 16 TDI (7FFF);
RUNTEST 1000 TCK;
SDR 16 TDI (FFFF);
RUNTEST 1000 TCK;
SDR 16 TDI (FFFF);
RUNTEST 1000 TCK;
SDR 16 TDI (FFFF);
RUNTEST 1000 TCK;
SDR 16 TDI (BFFF);
RUNTEST 1000 TCK;
SDR 16 TDI (FFFF);
RUNTEST 1000 TCK;
SDR 16 TDI (FFFF);
RUNTEST 1000 TCK;
SDR 16 TDI (FFFF);
RUNTEST 1000 TCK;
SDR 16 TDI (7FFF);
RUNTEST 1000 TCK;
SDR 16 TDI (FFFF);
RUNTEST 1000 TCK;
SDR 16 TDI (FFFF);
RUNTEST 1000 TCK;
SDR 16 TDI (FFFF);
RUNTEST 1000 TCK;
SDR 16 TDI (BFFF);
RUNTEST 1000 TCK;
SDR 16 TDI (FEED);
RUNTEST 1000 TCK;
SDR 16 TDI (FFFD);
RUNTEST 1000 TCK;
SDR 16 TDI (9DFF);
RUNTEST 1000 TCK;
SDR 16 TDI (7F37);
RUNTEST 1000 TCK;
SDR 16 TDI (3FCE);
RUNTEST 1000 TCK;
SDR 16 TDI (EEFF);
RUNTEST 1000 TCK;
SDR 16 TDI (FFBD);
RUNTEST 1000 TCK;
SDR 16 TDI (BFF7);
RUNTEST 1000 TCK;
SDR 16 TDI (777F);
RUNTEST 1000 TCK;
SDR 16 TDI (FDFF);
RUNTEST 1000 TCK;
SDR 16 TDI (FFFF);
RUNTEST 1000 TCK;
SDR 16 TDI (7FDF);
RUNTEST 1000 TCK;
SDR 16 TDI (FFFF);
RUNTEST 1000 TCK;
SDR 16 TDI (FFFE);
RUNTEST 1000 TCK;
SDR 16 TDI (F6FF);
RUNTEST 1000 TCK;
SDR 16 TDI (BFDF);
RUNTEST 1000 TCK;
SDR 16 TDI (FFFB);
RUNTEST 1000 TCK;
SDR 16 TDI (BBFF);
RUNTEST 1000 TCK;
SDR 16 TDI (FF77);
RUNTEST 1000 TCK;
SDR 16 TDI (7FFD);
RUNTEST 1000 TCK;
SDR 16 TDI (DEDF);
RUNTEST 1000 TCK;
SDR 16 TDI (FFFF);
RUNTEST 1000 TCK;
SDR 16 TDI (FFFF);
RUNTEST 1000 TCK;
SDR 16 TDI (BFFF);
RUNTEST 1000 TCK;
SDR 16 TDI (FFFF);
RUNTEST 1000 TCK;
SDR 16 TDI (FFEF);
RUNTEST 1000 TCK;
SDR 16 TDI (FFFF);
RUNTEST 1000 TCK;
SDR 16 TDI (7FFF);
RUNTEST 1000 TCK;
SDR 16 TDI (FFFF);
RUNTEST 1000 TCK;
SDR 16 TDI (FFFF);
RUNTEST 1000 TCK;
SDR 16 TDI (FDFF);
RUNTEST 1000 TCK;
SDR 16 TDI (BFFF);
RUNTEST 1000 TCK;
SDR 16 TDI (FFFF);
RUNTEST 1000 TCK;
SDR 16 TDI (FFEE);
RUNTEST 1000 TCK;
SDR 16 TDI (FFED);
RUNTEST 1000 TCK;
SDR 16 TDI (7DFF);
RUNTEST 1000 TCK;
SDR 16 TDI (FF6F);
RUNTEST 1000 TCK;
SDR 16 TDI (7FEF);
RUNTEST 1000 TCK;
SDR 16 TDI (FFFF);
RUNTEST 1000 TCK;
SDR 16 TDI (BFFD);
RUNTEST 1000 TCK;
SDR 16 TDI (BFFF);
RUNTEST 1000 TCK;
SDR 16 TDI (FFBF);
RUNTEST 1000 TCK;
SDR 16 TDI (FFFE);
RUNTEST 1000 TCK;
SDR 16 TDI (7FFF);
RUNTEST 1000 TCK;
SDR 16 TDI (FFFF);
RUNTEST 1000 TCK;
SDR 16 TDI (FFFF);
RUNTEST 1000 TCK;
SDR 16 TDI (FFFF);
RUNTEST 1000 TCK;
SDR 16 TDI (BFFF);
RUNTEST 1000 TCK;
SDR 16 TDI (FFFE);
RUNTEST 1000 TCK;
SDR 16 TDI (FFFF);
RUNTEST 1000 TCK;
SDR 16 TDI (FFFF);
RUNTEST 1000 TCK;
SDR 16 TDI (7FFF);
RUNTEST 1000 TCK;
SDR 16 TDI (FFFF);
RUNTEST 1000 TCK;
SDR 16 TDI (FFFF);
RUNTEST 1000 TCK;
SDR 16 TDI (FFFF);
RUNTEST 1000 TCK;
SDR 16 TDI (BFFF);
RUNTEST 1000 TCK;
SDR 16 TDI (FFFF);
RUNTEST 1000 TCK;
SDR 16 TDI (FEFF);
RUNTEST 1000 TCK;
SDR 16 TDI (FFFF);
RUNTEST 1000 TCK;
SDR 16 TDI (7FBF);
RUNTEST 1000 TCK;
SDR 16 TDI (FFF7);
RUNTEST 1000 TCK;
SDR 16 TDI (FFFF);
RUNTEST 1000 TCK;
SDR 16 TDI (FFFF);
RUNTEST 1000 TCK;
SDR 16 TDI (BFFF);
RUNTEST 1000 TCK;
SDR 16 TDI (DFFF);
RUNTEST 1000 TCK;
SDR 16 TDI (FFFF);
RUNTEST 1000 TCK;
SDR 16 TDI (FFFF);
RUNTEST 1000 TCK;
SDR 16 TDI (7FFF);
RUNTEST 1000 TCK;
SDR 16 TDI (FFFF);
RUNTEST 1000 TCK;
SDR 16 TDI (FFFF);
RUNTEST 1000 TCK;
SDR 16 TDI (FFFF);
RUNTEST 1000 TCK;
SDR 16 TDI (BFFF);
RUNTEST 1000 TCK;
SDR 16 TDI (FFFF);
RUNTEST 1000 TCK;
SDR 16 TDI (FFFF);
RUNTEST 1000 TCK;
SDR 16 TDI (FFFF);
RUNTEST 1000 TCK;
SDR 16 TDI (7FFF);
RUNTEST 1000 TCK;
SDR 16 TDI (FFFF);
RUNTEST 1000 TCK;
SDR 16 TDI (FFFF);
RUNTEST 1000 TCK;
SDR 16 TDI (FFFF);
RUNTEST 1000 TCK;
SDR 16 TDI (BFFF);
RUNTEST 1000 TCK;
SDR 16 TDI (FFFF);
RUNTEST 1000 TCK;
SDR 16 TDI (FFFF);
RUNTEST 1000 TCK;
SDR 16 TDI (FFFF);
RUNTEST 1000 TCK;
SDR 16 TDI (7FFF);
RUNTEST 1000 TCK;
SDR 16 TDI (FF7F);
RUNTEST 1000 TCK;
SDR 16 TDI (7FFF);
RUNTEST 1000 TCK;
SDR 16 TDI (FFFB);
RUNTEST 1000 TCK;
SDR 16 TDI (BFFB);
RUNTEST 1000 TCK;
SDR 16 TDI (FFFF);
RUNTEST 1000 TCK;
SDR 16 TDI (FFFF);
RUNTEST 1000 TCK;
SDR 16 TDI (FFFF);
RUNTEST 1000 TCK;
SDR 16 TDI (7FFF);
RUNTEST 1000 TCK;
SDR 16 TDI (FFFF);
RUNTEST 1000 TCK;
SDR 16 TDI (FFFF);
RUNTEST 1000 TCK;
SDR 16 TDI (FFFF);
RUNTEST 1000 TCK;
SDR 16 TDI (BFFF);
RUNTEST 1000 TCK;
SDR 16 TDI (FFFF);
RUNTEST 1000 TCK;
SDR 16 TDI (FFDF);
RUNTEST 1000 TCK;
SDR 16 TDI (FFFF);
RUNTEST 1000 TCK;
SDR 16 TDI (7FFF);
RUNTEST 1000 TCK;
SDR 16 TDI (FFFF);
RUNTEST 1000 TCK;
SDR 16 TDI (FFFF);
RUNTEST 1000 TCK;
SDR 16 TDI (FBBF);
RUNTEST 1000 TCK;
SDR 16 TDI (BFFF);
RUNTEST 1000 TCK;
SDR 16 TDI (FFFF);
RUNTEST 1000 TCK;
SDR 16 TDI (FFEE);
RUNTEST 1000 TCK;
SDR 16 TDI (FFDD);
RUNTEST 1000 TCK;
SDR 16 TDI (7BFF);
RUNTEST 1000 TCK;
SDR 16 TDI (FFFF);
RUNTEST 1000 TCK;
SDR 16 TDI (FFEF);
RUNTEST 1000 TCK;
SDR 16 TDI (F7FB);
RUNTEST 1000 TCK;
SDR 16 TDI (BFFF);
RUNTEST 1000 TCK;
SDR 16 TDI (FFFF);
RUNTEST 1000 TCK;
SDR 16 TDI (FFBF);
RUNTEST 1000 TCK;
SDR 16 TDI (FFFF);
RUNTEST 1000 TCK;
SDR 16 TDI (6FFF);
RUNTEST 1000 TCK;
SDR 16 TDI (FEFF);
RUNTEST 1000 TCK;
SDR 16 TDI (FFFF);
RUNTEST 1000 TCK;
SDR 16 TDI (FFFF);
RUNTEST 1000 TCK;
SDR 16 TDI (BFFF);
RUNTEST 1000 TCK;
SDR 16 TDI (FFFF);
RUNTEST 1000 TCK;
SDR 16 TDI (FFF7);
RUNTEST 1000 TCK;
SDR 16 TDI (FFFF);
RUNTEST 1000 TCK;
SDR 16 TDI (7FFF);
RUNTEST 1000 TCK;
SDR 16 TDI (FFFF);
RUNTEST 1000 TCK;
SDR 16 TDI (FFFF);
RUNTEST 1000 TCK;
SDR 16 TDI (FFFF);
RUNTEST 1000 TCK;
SDR 16 TDI (BFFF);
RUNTEST 1000 TCK;
SDR 16 TDI (FFFF);
RUNTEST 1000 TCK;
SDR 16 TDI (FFBF);
RUNTEST 1000 TCK;
SDR 16 TDI (FF7F);
RUNTEST 1000 TCK;
SDR 16 TDI (7FFF);
RUNTEST 1000 TCK;
SDR 16 TDI (FF7F);
RUNTEST 1000 TCK;
SDR 16 TDI (FFDF);
RUNTEST 1000 TCK;
SDR 16 TDI (DBFB);
RUNTEST 1000 TCK;
SDR 16 TDI (BFDF);
RUNTEST 1000 TCK;
SDR 16 TDI (F7F7);
RUNTEST 1000 TCK;
SDR 16 TDI (FFFF);
RUNTEST 1000 TCK;
SDR 16 TDI (FFFF);
RUNTEST 1000 TCK;
SDR 16 TDI (7FFF);
RUNTEST 1000 TCK;
SDR 16 TDI (7FFF);
RUNTEST 1000 TCK;
SDR 16 TDI (FFFF);
RUNTEST 1000 TCK;
SDR 16 TDI (FFFF);
RUNTEST 1000 TCK;
SDR 16 TDI (BFFF);
RUNTEST 1000 TCK;
SDR 16 TDI (FF7F);
RUNTEST 1000 TCK;
SDR 16 TDI (FFFF);
RUNTEST 1000 TCK;
SDR 16 TDI (FFFF);
RUNTEST 1000 TCK;
SDR 16 TDI (7FFF);
RUNTEST 1000 TCK;
SDR 16 TDI (FFFF);
RUNTEST 1000 TCK;
SDR 16 TDI (FFFF);
RUNTEST 1000 TCK;
SDR 16 TDI (FFFF);
RUNTEST 1000 TCK;
SDR 16 TDI (BFFF);
RUNTEST 1000 TCK;
SDR 16 TDI (AFFF);
RUNTEST 1000 TCK;
SDR 16 TDI (FFFF);
RUNTEST 1000 TCK;
SDR 16 TDI (FFFB);
RUNTEST 1000 TCK;
SDR 16 TDI (7FFF);
RUNTEST 1000 TCK;
SDR 16 TDI (FFFF);
RUNTEST 1000 TCK;
SDR 16 TDI (FFFF);
RUNTEST 1000 TCK;
SDR 16 TDI (FFFB);
RUNTEST 1000 TCK;
SDR 16 TDI (BFFF);
RUNTEST 1000 TCK;
SDR 16 TDI (FFFF);
RUNTEST 1000 TCK;
SDR 16 TDI (FFFF);
RUNTEST 1000 TCK;
SDR 16 TDI (FFFF);
RUNTEST 1000 TCK;
SDR 16 TDI (7FFF);
RUNTEST 1000 TCK;
SDR 16 TDI (FBFF);
RUNTEST 1000 TCK;
SDR 16 TDI (FFFF);
RUNTEST 1000 TCK;
SDR 16 TDI (FFFF);
RUNTEST 1000 TCK;
SDR 16 TDI (BFFF);
RUNTEST 1000 TCK;
SDR 16 TDI (FF7F);
RUNTEST 1000 TCK;
SDR 16 TDI (FFF7);
RUNTEST 1000 TCK;
SDR 16 TDI (FFFF);
RUNTEST 1000 TCK;
SDR 16 TDI (7FFF);
RUNTEST 1000 TCK;
SDR 16 TDI (FFFF);
RUNTEST 1000 TCK;
SDR 16 TDI (FFFF);
RUNTEST 1000 TCK;
SDR 16 TDI (FFFF);
RUNTEST 1000 TCK;
SDR 16 TDI (BFFF);
RUNTEST 1000 TCK;
SDR 16 TDI (BFFF);
RUNTEST 1000 TCK;
SDR 16 TDI (FF7F);
RUNTEST 1000 TCK;
SDR 16 TDI (FFFF);
RUNTEST 1000 TCK;
SDR 16 TDI (7FFF);
RUNTEST 1000 TCK;
SDR 16 TDI (FFFF);
RUNTEST 1000 TCK;
SDR 16 TDI (FFFF);
RUNTEST 1000 TCK;
SDR 16 TDI (FFFF);
RUNTEST 1000 TCK;
SDR 16 TDI (BFFF);
RUNTEST 1000 TCK;
SDR 16 TDI (EFEF);
RUNTEST 1000 TCK;
SDR 16 TDI (FFFF);
RUNTEST 1000 TCK;
SDR 16 TDI (FFFF);
RUNTEST 1000 TCK;
SDR 16 TDI (7FFF);
RUNTEST 1000 TCK;
SDR 16 TDI (77FF);
RUNTEST 1000 TCK;
SDR 16 TDI (FFFF);
RUNTEST 1000 TCK;
SDR 16 TDI (FFFF);
RUNTEST 1000 TCK;
SDR 16 TDI (BFFF);
RUNTEST 1000 TCK;
SDR 16 TDI (FFFF);
RUNTEST 1000 TCK;
SDR 16 TDI (FFFF);
RUNTEST 1000 TCK;
SDR 16 TDI (FFFF);
RUNTEST 1000 TCK;
SDR 16 TDI (7FFF);
RUNTEST 1000 TCK;
SDR 16 TDI (FFFF);
RUNTEST 1000 TCK;
SDR 16 TDI (FFFF);
RUNTEST 1000 TCK;
SDR 16 TDI (FFFF);
RUNTEST 1000 TCK;
SDR 16 TDI (BFFF);
RUNTEST 1000 TCK;
SDR 16 TDI (DFFF);
RUNTEST 1000 TCK;
SDR 16 TDI (FFFF);
RUNTEST 1000 TCK;
SDR 16 TDI (FF7B);
RUNTEST 1000 TCK;
SDR 16 TDI (7FFF);
RUNTEST 1000 TCK;
SDR 16 TDI (FEFF);
RUNTEST 1000 TCK;
SDR 16 TDI (FFDF);
RUNTEST 1000 TCK;
SDR 16 TDI (BBFF);
RUNTEST 1000 TCK;
SDR 16 TDI (BFBF);
RUNTEST 1000 TCK;
SDR 16 TDI (FFFF);
RUNTEST 1000 TCK;
SDR 16 TDI (FFFF);
RUNTEST 1000 TCK;
SDR 16 TDI (FFFF);
RUNTEST 1000 TCK;
SDR 16 TDI (7FFF);
RUNTEST 1000 TCK;
SDR 16 TDI (FFFF);
RUNTEST 1000 TCK;
SDR 16 TDI (FFFF);
RUNTEST 1000 TCK;
SDR 16 TDI (FFFF);
RUNTEST 1000 TCK;
SDR 16 TDI (BFFF);
RUNTEST 1000 TCK;
SDR 16 TDI (FFFF);
RUNTEST 1000 TCK;
SDR 16 TDI (FFFF);
RUNTEST 1000 TCK;
SDR 16 TDI (FFFF);
RUNTEST 1000 TCK;
SDR 16 TDI (7FFF);
RUNTEST 1000 TCK;
SDR 16 TDI (FFFF);
RUNTEST 1000 TCK;
SDR 16 TDI (FFFF);
RUNTEST 1000 TCK;
SDR 16 TDI (FFFF);
RUNTEST 1000 TCK;
SDR 16 TDI (BFFF);
RUNTEST 1000 TCK;
SDR 16 TDI (FFFF);
RUNTEST 1000 TCK;
SDR 16 TDI (FFFE);
RUNTEST 1000 TCK;
SDR 16 TDI (FFFF);
RUNTEST 1000 TCK;
SDR 16 TDI (7FFF);
RUNTEST 1000 TCK;
SDR 16 TDI (FFBF);
RUNTEST 1000 TCK;
SDR 16 TDI (FFFE);
RUNTEST 1000 TCK;
SDR 16 TDI (FFFF);
RUNTEST 1000 TCK;
SDR 16 TDI (BFFF);
RUNTEST 1000 TCK;
SDR 16 TDI (FFFF);
RUNTEST 1000 TCK;
SDR 16 TDI (AFFF);
RUNTEST 1000 TCK;
SDR 16 TDI (FFFF);
RUNTEST 1000 TCK;
SDR 16 TDI (7FFF);
RUNTEST 1000 TCK;
SDR 16 TDI (FFFF);
RUNTEST 1000 TCK;
SDR 16 TDI (FFFF);
RUNTEST 1000 TCK;
SDR 16 TDI (FFFF);
RUNTEST 1000 TCK;
SDR 16 TDI (BFFF);
RUNTEST 1000 TCK;
SDR 16 TDI (FFFF);
RUNTEST 1000 TCK;
SDR 16 TDI (FFFF);
RUNTEST 1000 TCK;
SDR 16 TDI (FFFF);
RUNTEST 1000 TCK;
SDR 16 TDI (7FFF);
RUNTEST 1000 TCK;
SDR 16 TDI (FFFF);
RUNTEST 1000 TCK;
SDR 16 TDI (FFFF);
RUNTEST 1000 TCK;
SDR 16 TDI (FFFF);
RUNTEST 1000 TCK;
SDR 16 TDI (BFFF);
RUNTEST 1000 TCK;
SDR 16 TDI (FFFF);
RUNTEST 1000 TCK;
SDR 16 TDI (FFFF);
RUNTEST 1000 TCK;
SDR 16 TDI (FFFF);
RUNTEST 1000 TCK;
SDR 16 TDI (7FFF);
RUNTEST 1000 TCK;
SDR 16 TDI (FFFF);
RUNTEST 1000 TCK;
SDR 16 TDI (FFFF);
RUNTEST 1000 TCK;
SDR 16 TDI (FFFB);
RUNTEST 1000 TCK;
SDR 16 TDI (BFFF);
RUNTEST 1000 TCK;
SDR 16 TDI (FFFF);
RUNTEST 1000 TCK;
SDR 16 TDI (FFFF);
RUNTEST 1000 TCK;
SDR 16 TDI (FFFF);
RUNTEST 1000 TCK;
SDR 16 TDI (7FFF);
RUNTEST 1000 TCK;
SDR 16 TDI (FFFF);
RUNTEST 1000 TCK;
SDR 16 TDI (FFFF);
RUNTEST 1000 TCK;
SDR 16 TDI (FFFF);
RUNTEST 1000 TCK;
SDR 16 TDI (BFFF);
RUNTEST 1000 TCK;
SDR 16 TDI (FFFF);
RUNTEST 1000 TCK;
SDR 16 TDI (FFFF);
RUNTEST 1000 TCK;
SDR 16 TDI (FFFF);
RUNTEST 1000 TCK;
SDR 16 TDI (7FFF);
RUNTEST 1000 TCK;
SDR 16 TDI (FFFF);
RUNTEST 1000 TCK;
SDR 16 TDI (FFFF);
RUNTEST 1000 TCK;
SDR 16 TDI (FFFF);
RUNTEST 1000 TCK;
SDR 16 TDI (BFFF);
RUNTEST 1000 TCK;
SDR 16 TDI (FFFF);
RUNTEST 1000 TCK;
SDR 16 TDI (FFFD);
RUNTEST 1000 TCK;
SDR 16 TDI (FFFF);
RUNTEST 1000 TCK;
SDR 16 TDI (7FFF);
RUNTEST 1000 TCK;
SDR 16 TDI (FFFF);
RUNTEST 1000 TCK;
SDR 16 TDI (FFFF);
RUNTEST 1000 TCK;
SDR 16 TDI (FFFB);
RUNTEST 1000 TCK;
SDR 16 TDI (BFFF);
RUNTEST 1000 TCK;
SDR 16 TDI (FFFF);
RUNTEST 1000 TCK;
SDR 16 TDI (FFFF);
RUNTEST 1000 TCK;
SDR 16 TDI (FFFF);
RUNTEST 1000 TCK;
SDR 16 TDI (7FFF);
RUNTEST 1000 TCK;
SDR 16 TDI (FFFF);
RUNTEST 1000 TCK;
SDR 16 TDI (FFFF);
RUNTEST 1000 TCK;
SDR 16 TDI (FFFF);
RUNTEST 1000 TCK;
SDR 16 TDI (BFFF);
RUNTEST 1000 TCK;
SDR 16 TDI (FFFF);
RUNTEST 1000 TCK;
SDR 16 TDI (FFFF);
RUNTEST 1000 TCK;
SDR 16 TDI (FFFF);
RUNTEST 1000 TCK;
SDR 16 TDI (7FFF);
RUNTEST 1000 TCK;
SDR 16 TDI (FFFF);
RUNTEST 1000 TCK;
SDR 16 TDI (FFFF);
RUNTEST 1000 TCK;
SDR 16 TDI (FFFF);
RUNTEST 1000 TCK;
SDR 16 TDI (BFFF);
RUNTEST 1000 TCK;
SDR 16 TDI (FFFF);
RUNTEST 1000 TCK;
SDR 16 TDI (FFFF);
RUNTEST 1000 TCK;
SDR 16 TDI (FFFF);
RUNTEST 1000 TCK;
SDR 16 TDI (7FFF);
RUNTEST 1000 TCK;
SDR 16 TDI (FFBF);
RUNTEST 1000 TCK;
SDR 16 TDI (FFFF);
RUNTEST 1000 TCK;
SDR 16 TDI (7FFF);
RUNTEST 1000 TCK;
SDR 16 TDI (BFFF);
RUNTEST 1000 TCK;
SDR 16 TDI (FFFF);
RUNTEST 1000 TCK;
SDR 16 TDI (D7FF);
RUNTEST 1000 TCK;
SDR 16 TDI (FFFF);
RUNTEST 1000 TCK;
SDR 16 TDI (7FFF);
RUNTEST 1000 TCK;
SDR 16 TDI (FFFF);
RUNTEST 1000 TCK;
SDR 16 TDI (FFFF);
RUNTEST 1000 TCK;
SDR 16 TDI (FFFF);
RUNTEST 1000 TCK;
SDR 16 TDI (BFDF);
RUNTEST 1000 TCK;
SDR 16 TDI (FFFF);
RUNTEST 1000 TCK;
SDR 16 TDI (FFFF);
RUNTEST 1000 TCK;
SDR 16 TDI (FFFF);
RUNTEST 1000 TCK;
SDR 16 TDI (7FFF);
RUNTEST 1000 TCK;
SDR 16 TDI (FFFF);
RUNTEST 1000 TCK;
SDR 16 TDI (FFFF);
RUNTEST 1000 TCK;
SDR 16 TDI (FFFF);
RUNTEST 1000 TCK;
SDR 16 TDI (BFFF);
RUNTEST 1000 TCK;
SDR 16 TDI (FFFF);
RUNTEST 1000 TCK;
SDR 16 TDI (FFFF);
RUNTEST 1000 TCK;
SDR 16 TDI (FFFF);
RUNTEST 1000 TCK;
SDR 16 TDI (7FFF);
RUNTEST 1000 TCK;
SDR 16 TDI (FFFF);
RUNTEST 1000 TCK;
SDR 16 TDI (FFFF);
RUNTEST 1000 TCK;
SDR 16 TDI (FFFB);
RUNTEST 1000 TCK;
SDR 16 TDI (BFFF);
RUNTEST 1000 TCK;
SDR 16 TDI (FFFF);
RUNTEST 1000 TCK;
SDR 16 TDI (FFFF);
RUNTEST 1000 TCK;
SDR 16 TDI (FFFF);
RUNTEST 1000 TCK;
SDR 16 TDI (7FFF);
RUNTEST 1000 TCK;
SDR 16 TDI (FFFF);
RUNTEST 1000 TCK;
SDR 16 TDI (FFFF);
RUNTEST 1000 TCK;
SDR 16 TDI (FFFF);
RUNTEST 1000 TCK;
SDR 16 TDI (BFFF);
RUNTEST 1000 TCK;
SDR 16 TDI (FFFF);
RUNTEST 1000 TCK;
SDR 16 TDI (FFFF);
RUNTEST 1000 TCK;
SDR 16 TDI (FFFF);
RUNTEST 1000 TCK;
SDR 16 TDI (7FFF);
RUNTEST 1000 TCK;
SDR 16 TDI (FFFF);
RUNTEST 1000 TCK;
SDR 16 TDI (FFFF);
RUNTEST 1000 TCK;
SDR 16 TDI (FFFF);
RUNTEST 1000 TCK;
SDR 16 TDI (BFFF);
RUNTEST 1000 TCK;
SDR 16 TDI (FFFF);
RUNTEST 1000 TCK;
SDR 16 TDI (FFFF);
RUNTEST 1000 TCK;
SDR 16 TDI (FFFF);
RUNTEST 1000 TCK;
SDR 16 TDI (7FFF);
RUNTEST 1000 TCK;
SDR 16 TDI (FFFF);
RUNTEST 1000 TCK;
SDR 16 TDI (FFFF);
RUNTEST 1000 TCK;
SDR 16 TDI (FFFB);
RUNTEST 1000 TCK;
SDR 16 TDI (BFFF);
RUNTEST 1000 TCK;
SDR 16 TDI (FFFF);
RUNTEST 1000 TCK;
SDR 16 TDI (FFFF);
RUNTEST 1000 TCK;
SDR 16 TDI (FFFF);
RUNTEST 1000 TCK;
SDR 16 TDI (7FFF);
RUNTEST 1000 TCK;
SDR 16 TDI (FFFF);
RUNTEST 1000 TCK;
SDR 16 TDI (FFFF);
RUNTEST 1000 TCK;
SDR 16 TDI (FFFF);
RUNTEST 1000 TCK;
SDR 16 TDI (BFDF);
RUNTEST 1000 TCK;
SDR 16 TDI (FFFF);
RUNTEST 1000 TCK;
SDR 16 TDI (FFFF);
RUNTEST 1000 TCK;
SDR 16 TDI (FFFF);
RUNTEST 1000 TCK;
SDR 16 TDI (7FFF);
RUNTEST 1000 TCK;
SDR 16 TDI (FFFF);
RUNTEST 1000 TCK;
SDR 16 TDI (FFFF);
RUNTEST 1000 TCK;
SDR 16 TDI (FFFF);
RUNTEST 1000 TCK;
SDR 16 TDI (BFFF);
RUNTEST 1000 TCK;
SDR 16 TDI (FFFF);
RUNTEST 1000 TCK;
SDR 16 TDI (FFFF);
RUNTEST 1000 TCK;
SDR 16 TDI (FFFF);
RUNTEST 1000 TCK;
SDR 16 TDI (7FFF);
RUNTEST 1000 TCK;
SDR 16 TDI (FFFF);
RUNTEST 1000 TCK;
SDR 16 TDI (FFFF);
RUNTEST 1000 TCK;
SDR 16 TDI (FFFF);
RUNTEST 1000 TCK;
SDR 16 TDI (BFFF);
RUNTEST 1000 TCK;
SDR 16 TDI (FFFF);
RUNTEST 1000 TCK;
SDR 16 TDI (FFFF);
RUNTEST 1000 TCK;
SDR 16 TDI (FFFF);
RUNTEST 1000 TCK;
SDR 16 TDI (7FFF);
RUNTEST 1000 TCK;
SDR 16 TDI (FFFF);
RUNTEST 1000 TCK;
SDR 16 TDI (FFFF);
RUNTEST 1000 TCK;
SDR 16 TDI (FFFF);
RUNTEST 1000 TCK;
SDR 16 TDI (BFFF);
RUNTEST 1000 TCK;
SDR 16 TDI (FFFF);
RUNTEST 1000 TCK;
SDR 16 TDI (FFFF);
RUNTEST 1000 TCK;
SDR 16 TDI (FFFF);
RUNTEST 1000 TCK;
SDR 16 TDI (7FFF);
RUNTEST 1000 TCK;
SDR 16 TDI (FFFF);
RUNTEST 1000 TCK;
SDR 16 TDI (FFFF);
RUNTEST 1000 TCK;
SDR 16 TDI (FFFF);
RUNTEST 1000 TCK;
SDR 16 TDI (BFFF);
RUNTEST 1000 TCK;
SDR 16 TDI (FFFF);
RUNTEST 1000 TCK;
SDR 16 TDI (FFFF);
RUNTEST 1000 TCK;
SDR 16 TDI (FFFF);
RUNTEST 1000 TCK;
SDR 16 TDI (7FFF);
RUNTEST 1000 TCK;
SDR 16 TDI (FFFF);
RUNTEST 1000 TCK;
SDR 16 TDI (FFFF);
RUNTEST 1000 TCK;
SDR 16 TDI (FFFF);
RUNTEST 1000 TCK;
SDR 16 TDI (BFFF);
RUNTEST 1000 TCK;
SDR 16 TDI (FFFF);
RUNTEST 1000 TCK;
SDR 16 TDI (FFFF);
RUNTEST 1000 TCK;
SDR 16 TDI (FFFF);
RUNTEST 1000 TCK;
SDR 16 TDI (7FFF);
RUNTEST 1000 TCK;
SDR 16 TDI (FFFF);
RUNTEST 1000 TCK;
SDR 16 TDI (FFFF);
RUNTEST 1000 TCK;
SDR 16 TDI (FFFF);
RUNTEST 1000 TCK;
SDR 16 TDI (BB7F);
RUNTEST 1000 TCK;
SDR 16 TDI (FFFF);
RUNTEST 1000 TCK;
SDR 16 TDI (FFFF);
RUNTEST 1000 TCK;
SDR 16 TDI (FFFF);
RUNTEST 1000 TCK;
SDR 16 TDI (7FFF);
RUNTEST 1000 TCK;
SDR 16 TDI (FFFF);
RUNTEST 1000 TCK;
SDR 16 TDI (FFFF);
RUNTEST 1000 TCK;
SDR 16 TDI (FFFF);
RUNTEST 1000 TCK;
SDR 16 TDI (BFFF);
RUNTEST 1000 TCK;
SDR 16 TDI (FFFF);
RUNTEST 1000 TCK;
SDR 16 TDI (FFFF);
RUNTEST 1000 TCK;
SDR 16 TDI (FFFF);
RUNTEST 1000 TCK;
SDR 16 TDI (7FFF);
RUNTEST 1000 TCK;
SDR 16 TDI (FFFF);
RUNTEST 1000 TCK;
SDR 16 TDI (FFFF);
RUNTEST 1000 TCK;
SDR 16 TDI (FFFF);
RUNTEST 1000 TCK;
SDR 16 TDI (BFFF);
RUNTEST 1000 TCK;
SDR 16 TDI (FFFF);
RUNTEST 1000 TCK;
SDR 16 TDI (FFFF);
RUNTEST 1000 TCK;
SDR 16 TDI (FFFF);
RUNTEST 1000 TCK;
SDR 16 TDI (7FFF);
RUNTEST 1000 TCK;
SDR 16 TDI (FFFF);
RUNTEST 1000 TCK;
SDR 16 TDI (EA9F);
RUNTEST 1000 TCK;
SDR 16 TDI (FFFF);
RUNTEST 1000 TCK;
SDR 16 TDI (BFFF);
RUNTEST 1000 TCK;
SDR 16 TDI (FFFF);
RUNTEST 1000 TCK;
SDR 16 TDI (FFFF);
RUNTEST 1000 TCK;
SDR 16 TDI (FFFF);
RUNTEST 1000 TCK;
SDR 16 TDI (7FFF);
RUNTEST 1000 TCK;
SDR 16 TDI (FFFF);
RUNTEST 1000 TCK;
SDR 16 TDI (FFFF);
RUNTEST 1000 TCK;
SDR 16 TDI (FFFF);
RUNTEST 1000 TCK;
SDR 16 TDI (BFFF);
RUNTEST 1000 TCK;
SDR 16 TDI (FFFF);
RUNTEST 1000 TCK;
SDR 16 TDI (FFFF);
RUNTEST 1000 TCK;
SDR 16 TDI (FFFF);
RUNTEST 1000 TCK;
SDR 16 TDI (7FFF);
RUNTEST 1000 TCK;
SDR 16 TDI (FFFF);
RUNTEST 1000 TCK;
SDR 16 TDI (FFFF);
RUNTEST 1000 TCK;
SDR 16 TDI (FFFF);
RUNTEST 1000 TCK;
SDR 16 TDI (BFFF);
RUNTEST 1000 TCK;
SDR 16 TDI (FFFF);
RUNTEST 1000 TCK;
SDR 16 TDI (FFFF);
RUNTEST 1000 TCK;
SDR 16 TDI (FFFF);
RUNTEST 1000 TCK;
SDR 16 TDI (7FFF);
RUNTEST 1000 TCK;
SDR 16 TDI (FFFF);
RUNTEST 1000 TCK;
SDR 16 TDI (FFDF);
RUNTEST 1000 TCK;
SDR 16 TDI (FFFF);
RUNTEST 1000 TCK;
SDR 16 TDI (AF7F);
RUNTEST 1000 TCK;
SDR 16 TDI (FFFF);
RUNTEST 1000 TCK;
SDR 16 TDI (FFFF);
RUNTEST 1000 TCK;
SDR 16 TDI (FFFF);
RUNTEST 1000 TCK;
SDR 16 TDI (7FFF);
RUNTEST 1000 TCK;
SDR 16 TDI (FFFF);
RUNTEST 1000 TCK;
SDR 16 TDI (FFFF);
RUNTEST 1000 TCK;
SDR 16 TDI (FFFF);
RUNTEST 1000 TCK;
SDR 16 TDI (BFFF);
RUNTEST 1000 TCK;
SDR 16 TDI (FFFF);
RUNTEST 1000 TCK;
SDR 16 TDI (FFFF);
RUNTEST 1000 TCK;
SDR 16 TDI (FFFF);
RUNTEST 1000 TCK;
SDR 16 TDI (7FFF);
RUNTEST 1000 TCK;
SDR 16 TDI (FFFF);
RUNTEST 1000 TCK;
SDR 16 TDI (FFFF);
RUNTEST 1000 TCK;
SDR 16 TDI (FFFF);
RUNTEST 1000 TCK;
SDR 16 TDI (BFFF);
RUNTEST 1000 TCK;
SDR 16 TDI (FFFF);
RUNTEST 1000 TCK;
SDR 16 TDI (FFFF);
RUNTEST 1000 TCK;
SDR 16 TDI (FFFF);
RUNTEST 1000 TCK;
SDR 16 TDI (7FFF);
RUNTEST 1000 TCK;
SDR 16 TDI (FFFF);
RUNTEST 1000 TCK;
SDR 16 TDI (EA9F);
RUNTEST 1000 TCK;
SDR 16 TDI (FFFF);
RUNTEST 1000 TCK;
SDR 16 TDI (A7FF);
RUNTEST 1000 TCK;
SDR 16 TDI (FFFF);
RUNTEST 1000 TCK;
SDR 16 TDI (FFFF);
RUNTEST 1000 TCK;
SDR 16 TDI (FFFF);
RUNTEST 1000 TCK;
SDR 16 TDI (7FFF);
RUNTEST 1000 TCK;
SDR 16 TDI (FFFF);
RUNTEST 1000 TCK;
SDR 16 TDI (FFFF);
RUNTEST 1000 TCK;
SDR 16 TDI (FFFF);
RUNTEST 1000 TCK;
SDR 16 TDI (BFFF);
RUNTEST 1000 TCK;
SDR 16 TDI (FFFF);
RUNTEST 1000 TCK;
SDR 16 TDI (FFFF);
RUNTEST 1000 TCK;
SDR 16 TDI (FFFF);
RUNTEST 1000 TCK;
SDR 16 TDI (7FFF);
RUNTEST 1000 TCK;
SDR 16 TDI (FFFF);
RUNTEST 1000 TCK;
SDR 16 TDI (FFFF);
RUNTEST 1000 TCK;
SDR 16 TDI (FFFF);
RUNTEST 1000 TCK;
SDR 16 TDI (BFFF);
RUNTEST 1000 TCK;
SDR 16 TDI (FFFF);
RUNTEST 1000 TCK;
SDR 16 TDI (FFFF);
RUNTEST 1000 TCK;
SDR 16 TDI (FFFF);
RUNTEST 1000 TCK;
SDR 16 TDI (7FFF);
RUNTEST 1000 TCK;
SDR 16 TDI (FFFF);
RUNTEST 1000 TCK;
SDR 16 TDI (FD5F);
RUNTEST 1000 TCK;
SDR 16 TDI (FFFF);
RUNTEST 1000 TCK;
SDR 16 TDI (BFFF);
RUNTEST 1000 TCK;
SDR 16 TDI (FFFF);
RUNTEST 1000 TCK;
SDR 16 TDI (FFFF);
RUNTEST 1000 TCK;
SDR 16 TDI (FFFF);
RUNTEST 1000 TCK;
SDR 16 TDI (7FFF);
RUNTEST 1000 TCK;
SDR 16 TDI (FFFF);
RUNTEST 1000 TCK;
SDR 16 TDI (FFFF);
RUNTEST 1000 TCK;
SDR 16 TDI (FFFF);
RUNTEST 1000 TCK;
SDR 16 TDI (BFFF);
RUNTEST 1000 TCK;
SDR 16 TDI (FFFF);
RUNTEST 1000 TCK;
SDR 16 TDI (FFFF);
RUNTEST 1000 TCK;
SDR 16 TDI (FFFF);
RUNTEST 1000 TCK;
SDR 16 TDI (7FFF);
RUNTEST 1000 TCK;
SDR 16 TDI (FFFF);
RUNTEST 1000 TCK;
SDR 16 TDI (FFFF);
RUNTEST 1000 TCK;
SDR 16 TDI (FFFF);
RUNTEST 1000 TCK;
SDR 16 TDI (BFFF);
RUNTEST 1000 TCK;
SDR 16 TDI (FFFF);
RUNTEST 1000 TCK;
SDR 16 TDI (FFFF);
RUNTEST 1000 TCK;
SDR 16 TDI (FFFF);
RUNTEST 1000 TCK;
SDR 16 TDI (7FFF);
RUNTEST 1000 TCK;
SDR 16 TDI (FFFF);
RUNTEST 1000 TCK;
SDR 16 TDI (FFFF);
RUNTEST 1000 TCK;
SDR 16 TDI (FFFF);
RUNTEST 1000 TCK;
SDR 16 TDI (BFFF);
RUNTEST 1000 TCK;
SDR 16 TDI (FFFF);
RUNTEST 1000 TCK;
SDR 16 TDI (FFFF);
RUNTEST 1000 TCK;
SDR 16 TDI (FFFF);
RUNTEST 1000 TCK;
SDR 16 TDI (7FFF);
RUNTEST 1000 TCK;
SDR 16 TDI (FFFF);
RUNTEST 1000 TCK;
SDR 16 TDI (FFFF);
RUNTEST 1000 TCK;
SDR 16 TDI (FFFF);
RUNTEST 1000 TCK;
SDR 16 TDI (BFFF);
RUNTEST 1000 TCK;
SDR 16 TDI (FFFF);
RUNTEST 1000 TCK;
SDR 16 TDI (FFFF);
RUNTEST 1000 TCK;
SDR 16 TDI (FFFF);
RUNTEST 1000 TCK;
SDR 16 TDI (7FFF);
RUNTEST 1000 TCK;
SDR 16 TDI (FFFF);
RUNTEST 1000 TCK;
SDR 16 TDI (FFFF);
RUNTEST 1000 TCK;
SDR 16 TDI (FFFF);
RUNTEST 1000 TCK;
SDR 16 TDI (BFFF);
RUNTEST 1000 TCK;
SDR 16 TDI (FFFF);
RUNTEST 1000 TCK;
SDR 16 TDI (FFFF);
RUNTEST 1000 TCK;
SDR 16 TDI (FFFF);
RUNTEST 1000 TCK;
SDR 16 TDI (7FFF);
RUNTEST 1000 TCK;
SDR 16 TDI (FFFF);
RUNTEST 1000 TCK;
SDR 16 TDI (FFFF);
RUNTEST 1000 TCK;
SDR 16 TDI (FFFF);
RUNTEST 1000 TCK;
SDR 16 TDI (BFFF);
RUNTEST 1000 TCK;
SDR 16 TDI (FFFF);
RUNTEST 1000 TCK;
SDR 16 TDI (FFFF);
RUNTEST 1000 TCK;
SDR 16 TDI (FFFF);
RUNTEST 1000 TCK;
SDR 16 TDI (7FFF);
RUNTEST 1000 TCK;
SDR 16 TDI (FFFF);
RUNTEST 1000 TCK;
SDR 16 TDI (FFFF);
RUNTEST 1000 TCK;
SDR 16 TDI (FFFF);
RUNTEST 1000 TCK;
SDR 16 TDI (BFFF);
RUNTEST 1000 TCK;
SDR 16 TDI (FFFF);
RUNTEST 1000 TCK;
SDR 16 TDI (FFFF);
RUNTEST 1000 TCK;
SDR 16 TDI (FFFF);
RUNTEST 1000 TCK;
SDR 16 TDI (7FFF);
RUNTEST 1000 TCK;
SDR 16 TDI (FFFF);
RUNTEST 1000 TCK;
SDR 16 TDI (FFFF);
RUNTEST 1000 TCK;
SDR 16 TDI (FFFF);
RUNTEST 1000 TCK;
SDR 16 TDI (BFFF);
RUNTEST 1000 TCK;
SDR 16 TDI (FFFF);
RUNTEST 1000 TCK;
SDR 16 TDI (FFFF);
RUNTEST 1000 TCK;
SDR 16 TDI (FFFF);
RUNTEST 1000 TCK;
SDR 16 TDI (7FFF);
RUNTEST 1000 TCK;
SDR 16 TDI (FFFF);
RUNTEST 1000 TCK;
SDR 16 TDI (FFFF);
RUNTEST 1000 TCK;
SDR 16 TDI (FFFF);
RUNTEST 1000 TCK;
SDR 16 TDI (BAFF);
RUNTEST 1000 TCK;
SDR 16 TDI (FFFF);
RUNTEST 1000 TCK;
SDR 16 TDI (FFFF);
RUNTEST 1000 TCK;
SDR 16 TDI (FFFF);
RUNTEST 1000 TCK;
SDR 16 TDI (7FFF);
RUNTEST 1000 TCK;
SDR 16 TDI (FFFF);
RUNTEST 1000 TCK;
SDR 16 TDI (FFFF);
RUNTEST 1000 TCK;
SDR 16 TDI (FFFF);
RUNTEST 1000 TCK;
SDR 16 TDI (BFFF);
RUNTEST 1000 TCK;
SDR 16 TDI (FFFF);
RUNTEST 1000 TCK;
SDR 16 TDI (FFFF);
RUNTEST 1000 TCK;
SDR 16 TDI (FFFF);
RUNTEST 1000 TCK;
SDR 16 TDI (7FFF);
RUNTEST 1000 TCK;
SDR 16 TDI (FFFF);
RUNTEST 1000 TCK;
SDR 16 TDI (FFFF);
RUNTEST 1000 TCK;
SDR 16 TDI (FFFF);
RUNTEST 1000 TCK;
SDR 16 TDI (BFFF);
RUNTEST 1000 TCK;
SDR 16 TDI (FFFF);
RUNTEST 1000 TCK;
SDR 16 TDI (FFFF);
RUNTEST 1000 TCK;
SDR 16 TDI (FFFF);
RUNTEST 1000 TCK;
SDR 16 TDI (7FFF);
RUNTEST 1000 TCK;
SDR 16 TDI (FFFF);
RUNTEST 1000 TCK;
SDR 16 TDI (FDFF);
RUNTEST 1000 TCK;
SDR 16 TDI (FFFF);
RUNTEST 1000 TCK;
SDR 16 TDI (BFFF);
RUNTEST 1000 TCK;
SDR 16 TDI (FFFF);
RUNTEST 1000 TCK;
SDR 16 TDI (FFFF);
RUNTEST 1000 TCK;
SDR 16 TDI (FFFF);
RUNTEST 1000 TCK;
SDR 16 TDI (7FFF);
RUNTEST 1000 TCK;
SDR 16 TDI (FFFF);
RUNTEST 1000 TCK;
SDR 16 TDI (FFFF);
RUNTEST 1000 TCK;
SDR 16 TDI (FFFF);
RUNTEST 1000 TCK;
SDR 16 TDI (BFFF);
RUNTEST 1000 TCK;
SDR 16 TDI (FFFF);
RUNTEST 1000 TCK;
SDR 16 TDI (FFFF);
RUNTEST 1000 TCK;
SDR 16 TDI (FFFF);
RUNTEST 1000 TCK;
SDR 16 TDI (7FFF);
RUNTEST 1000 TCK;
SDR 16 TDI (FFFF);
RUNTEST 1000 TCK;
SDR 16 TDI (FFFF);
RUNTEST 1000 TCK;
SDR 16 TDI (FFFF);
RUNTEST 1000 TCK;
SDR 16 TDI (BFFF);
RUNTEST 1000 TCK;
SDR 16 TDI (FFFF);
RUNTEST 1000 TCK;
SDR 16 TDI (FFFF);
RUNTEST 1000 TCK;
SDR 16 TDI (FFFF);
RUNTEST 1000 TCK;
SDR 16 TDI (7FFF);
RUNTEST 1000 TCK;
SDR 16 TDI (FFFF);
RUNTEST 1000 TCK;
SDR 16 TDI (FFFF);
RUNTEST 1000 TCK;
SDR 16 TDI (FFFF);
RUNTEST 1000 TCK;
SDR 16 TDI (A55F);
RUNTEST 1000 TCK;
SDR 16 TDI (FFFF);
RUNTEST 1000 TCK;
SDR 16 TDI (FEFF);
RUNTEST 1000 TCK;
SDR 16 TDI (FFFF);
RUNTEST 1000 TCK;
SDR 16 TDI (7FFF);
RUNTEST 1000 TCK;
SDR 16 TDI (FF7F);
RUNTEST 1000 TCK;
SDR 16 TDI (FFFF);
RUNTEST 1000 TCK;
SDR 16 TDI (FFFF);
RUNTEST 1000 TCK;
SDR 16 TDI (BFBF);
RUNTEST 1000 TCK;
SDR 16 TDI (FFFF);
RUNTEST 1000 TCK;
SDR 16 TDI (FFFF);
RUNTEST 1000 TCK;
SDR 16 TDI (FEFF);
RUNTEST 1000 TCK;
SDR 16 TDI (7FFF);
RUNTEST 1000 TCK;
SDR 16 TDI (FFFF);
RUNTEST 1000 TCK;
SDR 16 TDI (FF7F);
RUNTEST 1000 TCK;
SDR 16 TDI (FFFF);
RUNTEST 1000 TCK;
SDR 16 TDI (BFFF);
RUNTEST 1000 TCK;
SDR 16 TDI (FFDF);
RUNTEST 1000 TCK;
SDR 16 TDI (FFFF);
RUNTEST 1000 TCK;
SDR 16 TDI (FFFF);
RUNTEST 1000 TCK;
SDR 16 TDI (7FEF);
RUNTEST 1000 TCK;
SDR 16 TDI (FFFF);
RUNTEST 1000 TCK;
SDR 16 TDI (EA5F);
RUNTEST 1000 TCK;
SDR 16 TDI (FFFF);
RUNTEST 1000 TCK;
SDR 16 TDI (AFFF);
RUNTEST 1000 TCK;
SDR 16 TDI (FFFF);
RUNTEST 1000 TCK;
SDR 16 TDI (FDFF);
RUNTEST 1000 TCK;
SDR 16 TDI (FFFF);
RUNTEST 1000 TCK;
SDR 16 TDI (7FFF);
RUNTEST 1000 TCK;
SDR 16 TDI (FEFF);
RUNTEST 1000 TCK;
SDR 16 TDI (FFFF);
RUNTEST 1000 TCK;
SDR 16 TDI (FFFF);
RUNTEST 1000 TCK;
SDR 16 TDI (BF7F);
RUNTEST 1000 TCK;
SDR 16 TDI (FFFF);
RUNTEST 1000 TCK;
SDR 16 TDI (FFFF);
RUNTEST 1000 TCK;
SDR 16 TDI (FDFF);
RUNTEST 1000 TCK;
SDR 16 TDI (7FFF);
RUNTEST 1000 TCK;
SDR 16 TDI (FFFF);
RUNTEST 1000 TCK;
SDR 16 TDI (FEFF);
RUNTEST 1000 TCK;
SDR 16 TDI (FFFF);
RUNTEST 1000 TCK;
SDR 16 TDI (BFFF);
RUNTEST 1000 TCK;
SDR 16 TDI (FFBF);
RUNTEST 1000 TCK;
SDR 16 TDI (FFFF);
RUNTEST 1000 TCK;
SDR 16 TDI (FFFF);
RUNTEST 1000 TCK;
SDR 16 TDI (7FDF);
RUNTEST 1000 TCK;
SDR 16 TDI (FFFF);
RUNTEST 1000 TCK;
SDR 16 TDI (FF5F);
RUNTEST 1000 TCK;
SDR 16 TDI (FFFF);
RUNTEST 1000 TCK;
SDR 16 TDI (B55F);
RUNTEST 1000 TCK;
SDR 16 TDI (FFFF);
RUNTEST 1000 TCK;
SDR 16 TDI (FFFF);
RUNTEST 1000 TCK;
SDR 16 TDI (FFFF);
RUNTEST 1000 TCK;
SDR 16 TDI (7FFF);
RUNTEST 1000 TCK;
SDR 16 TDI (FFFF);
RUNTEST 1000 TCK;
SDR 16 TDI (FFFF);
RUNTEST 1000 TCK;
SDR 16 TDI (FFFF);
RUNTEST 1000 TCK;
SDR 16 TDI (BFFF);
RUNTEST 1000 TCK;
SDR 16 TDI (FFFF);
RUNTEST 1000 TCK;
SDR 16 TDI (FFFF);
RUNTEST 1000 TCK;
SDR 16 TDI (FFFF);
RUNTEST 1000 TCK;
SDR 16 TDI (7FFF);
RUNTEST 1000 TCK;
SDR 16 TDI (FFFF);
RUNTEST 1000 TCK;
SDR 16 TDI (FFFF);
RUNTEST 1000 TCK;
SDR 16 TDI (FFFF);
RUNTEST 1000 TCK;
SDR 16 TDI (BFFF);
RUNTEST 1000 TCK;
SDR 16 TDI (FFFF);
RUNTEST 1000 TCK;
SDR 16 TDI (FFFF);
RUNTEST 1000 TCK;
SDR 16 TDI (FFFF);
RUNTEST 1000 TCK;
SDR 16 TDI (7FFF);
RUNTEST 1000 TCK;
SDR 16 TDI (FFFF);
RUNTEST 1000 TCK;
SDR 16 TDI (EAFF);
RUNTEST 1000 TCK;
SDR 16 TDI (FFFF);
RUNTEST 1000 TCK;
SDR 16 TDI (BFFF);
RUNTEST 1000 TCK;
SDR 16 TDI (FFFF);
RUNTEST 1000 TCK;
SDR 16 TDI (FFFF);
RUNTEST 1000 TCK;
SDR 16 TDI (FFFF);
RUNTEST 1000 TCK;
SDR 16 TDI (7FFF);
RUNTEST 1000 TCK;
SDR 16 TDI (FFFF);
RUNTEST 1000 TCK;
SDR 16 TDI (FFFF);
RUNTEST 1000 TCK;
SDR 16 TDI (FFFF);
RUNTEST 1000 TCK;
SDR 16 TDI (BFFF);
RUNTEST 1000 TCK;
SDR 16 TDI (FFFF);
RUNTEST 1000 TCK;
SDR 16 TDI (FFFF);
RUNTEST 1000 TCK;
SDR 16 TDI (FFFF);
RUNTEST 1000 TCK;
SDR 16 TDI (7FFF);
RUNTEST 1000 TCK;
SDR 16 TDI (FFFF);
RUNTEST 1000 TCK;
SDR 16 TDI (FFFF);
RUNTEST 1000 TCK;
SDR 16 TDI (FFFF);
RUNTEST 1000 TCK;
SDR 16 TDI (BFFF);
RUNTEST 1000 TCK;
SDR 16 TDI (FFFF);
RUNTEST 1000 TCK;
SDR 16 TDI (FFFF);
RUNTEST 1000 TCK;
SDR 16 TDI (FFFF);
RUNTEST 1000 TCK;
SDR 16 TDI (7FFF);
RUNTEST 1000 TCK;
SDR 16 TDI (FFFF);
RUNTEST 1000 TCK;
SDR 16 TDI (FFFF);
RUNTEST 1000 TCK;
SDR 16 TDI (FFFF);
RUNTEST 1000 TCK;
SDR 16 TDI (BFFF);
RUNTEST 1000 TCK;
SDR 16 TDI (3333);
RUNTEST 1000 TCK;
SDR 16 TDI (1F33);
RUNTEST 1000 TCK;
SDR 16 TDI (333C);
RUNTEST 1000 TCK;
SDR 16 TDI (7999);
RUNTEST 1000 TCK;
SDR 16 TDI (8F99);
RUNTEST 1000 TCK;
SDR 16 TDI (999E);
RUNTEST 1000 TCK;
SDR 16 TDI (6666);
RUNTEST 1000 TCK;
SDR 16 TDI (A7CC);
RUNTEST 1000 TCK;
SDR 16 TDI (CCCF);
RUNTEST 1000 TCK;
SDR 16 TDI (3333);
RUNTEST 1000 TCK;
SDR 16 TDI (1F33);
RUNTEST 1000 TCK;
SDR 16 TDI (6667);
RUNTEST 1000 TCK;
SDR 16 TDI (9999);
RUNTEST 1000 TCK;
SDR 16 TDI (8F99);
RUNTEST 1000 TCK;
SDR 16 TDI (999F);
RUNTEST 1000 TCK;
SDR 16 TDI (A666);
RUNTEST 1000 TCK;
SDR 16 TDI (63E6);
RUNTEST 1000 TCK;
SDR 16 TDI (6667);
RUNTEST 1000 TCK;
SDR 16 TDI (9999);
RUNTEST 1000 TCK;
SDR 16 TDI (71F3);
RUNTEST 1000 TCK;
SDR 16 TDI (3333);
RUNTEST 1000 TCK;
SDR 16 TDI (BFFF);
RUNTEST 1000 TCK;
SDR 16 TDI (FFFF);
RUNTEST 1000 TCK;
SDR 16 TDI (BFFF);
RUNTEST 1000 TCK;
SDR 16 TDI (7777);
RUNTEST 1000 TCK;
SDR 16 TDI (4ABB);
RUNTEST 1000 TCK;
SDR 16 TDI (BBBD);
RUNTEST 1000 TCK;
SDR 16 TDI (7BBB);
RUNTEST 1000 TCK;
SDR 16 TDI (A55D);
RUNTEST 1000 TCK;
SDR 16 TDI (DDDE);
RUNTEST 1000 TCK;
SDR 16 TDI (EEEE);
RUNTEST 1000 TCK;
SDR 16 TDI (B2AE);
RUNTEST 1000 TCK;
SDR 16 TDI (EEEF);
RUNTEST 1000 TCK;
SDR 16 TDI (7777);
RUNTEST 1000 TCK;
SDR 16 TDI (4ABB);
RUNTEST 1000 TCK;
SDR 16 TDI (7777);
RUNTEST 1000 TCK;
SDR 16 TDI (BBBB);
RUNTEST 1000 TCK;
SDR 16 TDI (A55D);
RUNTEST 1000 TCK;
SDR 16 TDI (DDDF);
RUNTEST 1000 TCK;
SDR 16 TDI (AEEE);
RUNTEST 1000 TCK;
SDR 16 TDI (E957);
RUNTEST 1000 TCK;
SDR 16 TDI (7777);
RUNTEST 1000 TCK;
SDR 16 TDI (BBBB);
RUNTEST 1000 TCK;
SDR 16 TDI (74AB);
RUNTEST 1000 TCK;
SDR 16 TDI (BBBB);
RUNTEST 1000 TCK;
SDR 16 TDI (BFFF);
RUNTEST 1000 TCK;
SDR 16 TDI (FFFF);
RUNTEST 1000 TCK;
SDR 16 TDI (BFFF);
RUNTEST 1000 TCK;
SDR 16 TDI (FFFF);
RUNTEST 1000 TCK;
SDR 16 TDI (FEFF);
RUNTEST 1000 TCK;
SDR 16 TDI (FFFF);
RUNTEST 1000 TCK;
SDR 16 TDI (7FFF);
RUNTEST 1000 TCK;
SDR 16 TDI (FF7F);
RUNTEST 1000 TCK;
SDR 16 TDI (FFFF);
RUNTEST 1000 TCK;
SDR 16 TDI (FFFF);
RUNTEST 1000 TCK;
SDR 16 TDI (BFBF);
RUNTEST 1000 TCK;
SDR 16 TDI (FFFF);
RUNTEST 1000 TCK;
SDR 16 TDI (FFFF);
RUNTEST 1000 TCK;
SDR 16 TDI (FEFF);
RUNTEST 1000 TCK;
SDR 16 TDI (7FFF);
RUNTEST 1000 TCK;
SDR 16 TDI (FFFF);
RUNTEST 1000 TCK;
SDR 16 TDI (FF7F);
RUNTEST 1000 TCK;
SDR 16 TDI (FFFF);
RUNTEST 1000 TCK;
SDR 16 TDI (BFFF);
RUNTEST 1000 TCK;
SDR 16 TDI (FFDF);
RUNTEST 1000 TCK;
SDR 16 TDI (FFFF);
RUNTEST 1000 TCK;
SDR 16 TDI (FFFF);
RUNTEST 1000 TCK;
SDR 16 TDI (7FEF);
RUNTEST 1000 TCK;
SDR 16 TDI (FFFF);
RUNTEST 1000 TCK;
SDR 16 TDI (FFFF);
RUNTEST 1000 TCK;
SDR 16 TDI (FFFF);
RUNTEST 1000 TCK;
SDR 16 TDI (BFFF);
RUNTEST 1000 TCK;
SDR 16 TDI (FFFF);
RUNTEST 1000 TCK;
SDR 16 TDI (FFFF);
RUNTEST 1000 TCK;
SDR 16 TDI (FFFF);
RUNTEST 1000 TCK;
SDR 16 TDI (7FFF);
RUNTEST 1000 TCK;
SDR 16 TDI (FFFF);
RUNTEST 1000 TCK;
SDR 16 TDI (FFFF);
RUNTEST 1000 TCK;
SDR 16 TDI (FFFF);
RUNTEST 1000 TCK;
SDR 16 TDI (BFFF);
RUNTEST 1000 TCK;
SDR 16 TDI (FFFF);
RUNTEST 1000 TCK;
SDR 16 TDI (FFFF);
RUNTEST 1000 TCK;
SDR 16 TDI (FFFF);
RUNTEST 1000 TCK;
SDR 16 TDI (7FFF);
RUNTEST 1000 TCK;
SDR 16 TDI (FFFF);
RUNTEST 1000 TCK;
SDR 16 TDI (FFFF);
RUNTEST 1000 TCK;
SDR 16 TDI (FFFF);
RUNTEST 1000 TCK;
SDR 16 TDI (BFFF);
RUNTEST 1000 TCK;
SDR 16 TDI (FFFF);
RUNTEST 1000 TCK;
SDR 16 TDI (FFFF);
RUNTEST 1000 TCK;
SDR 16 TDI (FFFF);
RUNTEST 1000 TCK;
SDR 16 TDI (7FFF);
RUNTEST 1000 TCK;
SDR 16 TDI (FEFF);
RUNTEST 1000 TCK;
SDR 16 TDI (FFFF);
RUNTEST 1000 TCK;
SDR 16 TDI (FFFF);
RUNTEST 1000 TCK;
SDR 16 TDI (BFFF);
RUNTEST 1000 TCK;
SDR 16 TDI (FFFF);
RUNTEST 1000 TCK;
SDR 16 TDI (FFFF);
RUNTEST 1000 TCK;
SDR 16 TDI (FFFF);
RUNTEST 1000 TCK;
SDR 16 TDI (7FFF);
RUNTEST 1000 TCK;
SDR 16 TDI (FFFF);
RUNTEST 1000 TCK;
SDR 16 TDI (FFFF);
RUNTEST 1000 TCK;
SDR 16 TDI (FFFF);
RUNTEST 1000 TCK;
SDR 16 TDI (BFFF);
RUNTEST 1000 TCK;
SDR 16 TDI (FFFF);
RUNTEST 1000 TCK;
SDR 16 TDI (FFFF);
RUNTEST 1000 TCK;
SDR 16 TDI (FFFF);
RUNTEST 1000 TCK;
SDR 16 TDI (7FFF);
RUNTEST 1000 TCK;
SDR 16 TDI (FFFF);
RUNTEST 1000 TCK;
SDR 16 TDI (FFFF);
RUNTEST 1000 TCK;
SDR 16 TDI (FFFF);
RUNTEST 1000 TCK;
SDR 16 TDI (BFFF);
RUNTEST 1000 TCK;
SDR 16 TDI (FFFF);
RUNTEST 1000 TCK;
SDR 16 TDI (FFFF);
RUNTEST 1000 TCK;
SDR 16 TDI (FFFF);
RUNTEST 1000 TCK;
SDR 16 TDI (7FFF);
RUNTEST 1000 TCK;
SDR 16 TDI (FFFF);
RUNTEST 1000 TCK;
SDR 16 TDI (FFFF);
RUNTEST 1000 TCK;
SDR 16 TDI (FFFF);
RUNTEST 1000 TCK;
SDR 16 TDI (AFFF);
RUNTEST 1000 TCK;
SDR 16 TDI (FFFF);
RUNTEST 1000 TCK;
SDR 16 TDI (FFFF);
RUNTEST 1000 TCK;
SDR 16 TDI (FFFF);
RUNTEST 1000 TCK;
SDR 16 TDI (7FFF);
RUNTEST 1000 TCK;
SDR 16 TDI (FFFF);
RUNTEST 1000 TCK;
SDR 16 TDI (FFFF);
RUNTEST 1000 TCK;
SDR 16 TDI (FFFF);
RUNTEST 1000 TCK;
SDR 16 TDI (BFFF);
RUNTEST 1000 TCK;
SDR 16 TDI (FFFF);
RUNTEST 1000 TCK;
SDR 16 TDI (FFFF);
RUNTEST 1000 TCK;
SDR 16 TDI (FFFF);
RUNTEST 1000 TCK;
SDR 16 TDI (7FFF);
RUNTEST 1000 TCK;
SDR 16 TDI (FFFF);
RUNTEST 1000 TCK;
SDR 16 TDI (FFFF);
RUNTEST 1000 TCK;
SDR 16 TDI (FFFF);
RUNTEST 1000 TCK;
SDR 16 TDI (BFFF);
RUNTEST 1000 TCK;
SDR 16 TDI (FFFF);
RUNTEST 1000 TCK;
SDR 16 TDI (FFFF);
RUNTEST 1000 TCK;
SDR 16 TDI (FFFF);
RUNTEST 1000 TCK;
SDR 16 TDI (7FFF);
RUNTEST 1000 TCK;
SDR 16 TDI (FFFF);
RUNTEST 1000 TCK;
SDR 16 TDI (FFDF);
RUNTEST 1000 TCK;
SDR 16 TDI (FFFF);
RUNTEST 1000 TCK;
SDR 16 TDI (AFFF);
RUNTEST 1000 TCK;
SDR 16 TDI (FFFF);
RUNTEST 1000 TCK;
SDR 16 TDI (FFFF);
RUNTEST 1000 TCK;
SDR 16 TDI (FFFF);
RUNTEST 1000 TCK;
SDR 16 TDI (7FFF);
RUNTEST 1000 TCK;
SDR 16 TDI (FFFF);
RUNTEST 1000 TCK;
SDR 16 TDI (FFFF);
RUNTEST 1000 TCK;
SDR 16 TDI (FFFF);
RUNTEST 1000 TCK;
SDR 16 TDI (BFFF);
RUNTEST 1000 TCK;
SDR 16 TDI (FFFF);
RUNTEST 1000 TCK;
SDR 16 TDI (FFFF);
RUNTEST 1000 TCK;
SDR 16 TDI (FFFF);
RUNTEST 1000 TCK;
SDR 16 TDI (7FFF);
RUNTEST 1000 TCK;
SDR 16 TDI (FFFF);
RUNTEST 1000 TCK;
SDR 16 TDI (FFFF);
RUNTEST 1000 TCK;
SDR 16 TDI (FFFF);
RUNTEST 1000 TCK;
SDR 16 TDI (BFFF);
RUNTEST 1000 TCK;
SDR 16 TDI (FFFF);
RUNTEST 1000 TCK;
SDR 16 TDI (FFFF);
RUNTEST 1000 TCK;
SDR 16 TDI (FFFF);
RUNTEST 1000 TCK;
SDR 16 TDI (7FFF);
RUNTEST 1000 TCK;
SDR 16 TDI (FEFF);
RUNTEST 1000 TCK;
SDR 16 TDI (FFDF);
RUNTEST 1000 TCK;
SDR 16 TDI (FFFF);
RUNTEST 1000 TCK;
SDR 16 TDI (BFFF);
RUNTEST 1000 TCK;
SDR 16 TDI (FFFF);
RUNTEST 1000 TCK;
SDR 16 TDI (FFFF);
RUNTEST 1000 TCK;
SDR 16 TDI (FFFF);
RUNTEST 1000 TCK;
SDR 16 TDI (7FFF);
RUNTEST 1000 TCK;
SDR 16 TDI (FFFF);
RUNTEST 1000 TCK;
SDR 16 TDI (FFFF);
RUNTEST 1000 TCK;
SDR 16 TDI (FFFF);
RUNTEST 1000 TCK;
SDR 16 TDI (BFFF);
RUNTEST 1000 TCK;
SDR 16 TDI (FFFF);
RUNTEST 1000 TCK;
SDR 16 TDI (FFFF);
RUNTEST 1000 TCK;
SDR 16 TDI (FFFF);
RUNTEST 1000 TCK;
SDR 16 TDI (7FFF);
RUNTEST 1000 TCK;
SDR 16 TDI (FFFF);
RUNTEST 1000 TCK;
SDR 16 TDI (FFFF);
RUNTEST 1000 TCK;
SDR 16 TDI (FFFF);
RUNTEST 1000 TCK;
SDR 16 TDI (BFFF);
RUNTEST 1000 TCK;
SDR 16 TDI (FFFF);
RUNTEST 1000 TCK;
SDR 16 TDI (F7FF);
RUNTEST 1000 TCK;
SDR 16 TDI (FFFF);
RUNTEST 1000 TCK;
SDR 16 TDI (7FFF);
RUNTEST 1000 TCK;
SDR 16 TDI (FFFF);
RUNTEST 1000 TCK;
SDR 16 TDI (FFFF);
RUNTEST 1000 TCK;
SDR 16 TDI (FFFF);
RUNTEST 1000 TCK;
SDR 16 TDI (BFFF);
RUNTEST 1000 TCK;
SDR 16 TDI (FFFF);
RUNTEST 1000 TCK;
SDR 16 TDI (FFFF);
RUNTEST 1000 TCK;
SDR 16 TDI (FFFF);
RUNTEST 1000 TCK;
SDR 16 TDI (7FFF);
RUNTEST 1000 TCK;
SDR 16 TDI (FFFF);
RUNTEST 1000 TCK;
SDR 16 TDI (FFFF);
RUNTEST 1000 TCK;
SDR 16 TDI (FFFF);
RUNTEST 1000 TCK;
SDR 16 TDI (BFFF);
RUNTEST 1000 TCK;
SDR 16 TDI (FFFF);
RUNTEST 1000 TCK;
SDR 16 TDI (FF7F);
RUNTEST 1000 TCK;
SDR 16 TDI (FFFF);
RUNTEST 1000 TCK;
SDR 16 TDI (7FFF);
RUNTEST 1000 TCK;
SDR 16 TDI (FFFF);
RUNTEST 1000 TCK;
SDR 16 TDI (FFFF);
RUNTEST 1000 TCK;
SDR 16 TDI (FFFB);
RUNTEST 1000 TCK;
SDR 16 TDI (BFFF);
RUNTEST 1000 TCK;
SDR 16 TDI (FFFF);
RUNTEST 1000 TCK;
SDR 16 TDI (FFFF);
RUNTEST 1000 TCK;
SDR 16 TDI (FFFF);
RUNTEST 1000 TCK;
SDR 16 TDI (7FFF);
RUNTEST 1000 TCK;
SDR 16 TDI (FFFF);
RUNTEST 1000 TCK;
SDR 16 TDI (FFFF);
RUNTEST 1000 TCK;
SDR 16 TDI (FFFF);
RUNTEST 1000 TCK;
SDR 16 TDI (BFFF);
RUNTEST 1000 TCK;
SDR 16 TDI (FFFF);
RUNTEST 1000 TCK;
SDR 16 TDI (FFFF);
RUNTEST 1000 TCK;
SDR 16 TDI (FFFF);
RUNTEST 1000 TCK;
SDR 16 TDI (7FFF);
RUNTEST 1000 TCK;
SDR 16 TDI (FFFF);
RUNTEST 1000 TCK;
SDR 16 TDI (FFFF);
RUNTEST 1000 TCK;
SDR 16 TDI (FFFF);
RUNTEST 1000 TCK;
SDR 16 TDI (BFFF);
RUNTEST 1000 TCK;
SDR 16 TDI (FFFF);
RUNTEST 1000 TCK;
SDR 16 TDI (FFFF);
RUNTEST 1000 TCK;
SDR 16 TDI (FFFF);
RUNTEST 1000 TCK;
SDR 16 TDI (7FFF);
RUNTEST 1000 TCK;
SDR 16 TDI (FFFF);
RUNTEST 1000 TCK;
SDR 16 TDI (FFFF);
RUNTEST 1000 TCK;
SDR 16 TDI (FFFB);
RUNTEST 1000 TCK;
SDR 16 TDI (BFFF);
RUNTEST 1000 TCK;
SDR 16 TDI (FFFF);
RUNTEST 1000 TCK;
SDR 16 TDI (FFFF);
RUNTEST 1000 TCK;
SDR 16 TDI (FFFF);
RUNTEST 1000 TCK;
SDR 16 TDI (7FFF);
RUNTEST 1000 TCK;
SDR 16 TDI (FFFF);
RUNTEST 1000 TCK;
SDR 16 TDI (FFFF);
RUNTEST 1000 TCK;
SDR 16 TDI (FFFF);
RUNTEST 1000 TCK;
SDR 16 TDI (BFFF);
RUNTEST 1000 TCK;
SDR 16 TDI (FFFF);
RUNTEST 1000 TCK;
SDR 16 TDI (FFFF);
RUNTEST 1000 TCK;
SDR 16 TDI (FFFF);
RUNTEST 1000 TCK;
SDR 16 TDI (7FFF);
RUNTEST 1000 TCK;
SDR 16 TDI (FFFF);
RUNTEST 1000 TCK;
SDR 16 TDI (FFFF);
RUNTEST 1000 TCK;
SDR 16 TDI (FFFF);
RUNTEST 1000 TCK;
SDR 16 TDI (BFFF);
RUNTEST 1000 TCK;
SDR 16 TDI (FFFF);
RUNTEST 1000 TCK;
SDR 16 TDI (FF7F);
RUNTEST 1000 TCK;
SDR 16 TDI (FFFF);
RUNTEST 1000 TCK;
SDR 16 TDI (7FFF);
RUNTEST 1000 TCK;
SDR 16 TDI (FFFF);
RUNTEST 1000 TCK;
SDR 16 TDI (FFFF);
RUNTEST 1000 TCK;
SDR 16 TDI (FFFF);
RUNTEST 1000 TCK;
SDR 16 TDI (BFFF);
RUNTEST 1000 TCK;
SDR 16 TDI (FFFF);
RUNTEST 1000 TCK;
SDR 16 TDI (F7FF);
RUNTEST 1000 TCK;
SDR 16 TDI (FFFF);
RUNTEST 1000 TCK;
SDR 16 TDI (7FFF);
RUNTEST 1000 TCK;
SDR 16 TDI (FFFF);
RUNTEST 1000 TCK;
SDR 16 TDI (FFFF);
RUNTEST 1000 TCK;
SDR 16 TDI (FFFF);
RUNTEST 1000 TCK;
SDR 16 TDI (BFFF);
RUNTEST 1000 TCK;
SDR 16 TDI (FFFF);
RUNTEST 1000 TCK;
SDR 16 TDI (FFFF);
RUNTEST 1000 TCK;
SDR 16 TDI (FFFF);
RUNTEST 1000 TCK;
SDR 16 TDI (7FFF);
RUNTEST 1000 TCK;
SDR 16 TDI (FFFF);
RUNTEST 1000 TCK;
SDR 16 TDI (FFFF);
RUNTEST 1000 TCK;
SDR 16 TDI (FFFF);
RUNTEST 1000 TCK;
SDR 16 TDI (BFFF);
RUNTEST 1000 TCK;
SDR 16 TDI (FFFF);
RUNTEST 1000 TCK;
SDR 16 TDI (FFFF);
RUNTEST 1000 TCK;
SDR 16 TDI (FFFF);
RUNTEST 1000 TCK;
SDR 16 TDI (7FFF);
RUNTEST 1000 TCK;
SDR 16 TDI (FFFF);
RUNTEST 1000 TCK;
SDR 16 TDI (FFFF);
RUNTEST 1000 TCK;
SDR 16 TDI (FFFB);
RUNTEST 1000 TCK;
SDR 16 TDI (BFFF);
RUNTEST 1000 TCK;
SDR 16 TDI (FFFF);
RUNTEST 1000 TCK;
SDR 16 TDI (FFFF);
RUNTEST 1000 TCK;
SDR 16 TDI (FFFF);
RUNTEST 1000 TCK;
SDR 16 TDI (7FFF);
RUNTEST 1000 TCK;
SDR 16 TDI (FFFF);
RUNTEST 1000 TCK;
SDR 16 TDI (FFFF);
RUNTEST 1000 TCK;
SDR 16 TDI (FFFF);
RUNTEST 1000 TCK;
SDR 16 TDI (BF7F);
RUNTEST 1000 TCK;
SDR 16 TDI (FFFF);
RUNTEST 1000 TCK;
SDR 16 TDI (FFFF);
RUNTEST 1000 TCK;
SDR 16 TDI (FFFF);
RUNTEST 1000 TCK;
SDR 16 TDI (7FFF);
RUNTEST 1000 TCK;
SDR 16 TDI (FFFF);
RUNTEST 1000 TCK;
SDR 16 TDI (FFFF);
RUNTEST 1000 TCK;
SDR 16 TDI (FFFF);
RUNTEST 1000 TCK;
SDR 16 TDI (BFFF);
RUNTEST 1000 TCK;
SDR 16 TDI (FFFF);
RUNTEST 1000 TCK;
SDR 16 TDI (FFFF);
RUNTEST 1000 TCK;
SDR 16 TDI (FFFF);
RUNTEST 1000 TCK;
SDR 16 TDI (7FFF);
RUNTEST 1000 TCK;
SDR 16 TDI (FFFF);
RUNTEST 1000 TCK;
SDR 16 TDI (FFFF);
RUNTEST 1000 TCK;
SDR 16 TDI (FFFB);
RUNTEST 1000 TCK;
SDR 16 TDI (BFFF);
RUNTEST 1000 TCK;
SDR 16 TDI (FFFF);
RUNTEST 1000 TCK;
SDR 16 TDI (FFFF);
RUNTEST 1000 TCK;
SDR 16 TDI (FFFF);
RUNTEST 1000 TCK;
SDR 16 TDI (7FFF);
RUNTEST 1000 TCK;
SDR 16 TDI (FFFF);
RUNTEST 1000 TCK;
SDR 16 TDI (FFFF);
RUNTEST 1000 TCK;
SDR 16 TDI (FFFF);
RUNTEST 1000 TCK;
SDR 16 TDI (BFFF);
RUNTEST 1000 TCK;
SDR 16 TDI (FFFF);
RUNTEST 1000 TCK;
SDR 16 TDI (FFFF);
RUNTEST 1000 TCK;
SDR 16 TDI (FFFF);
RUNTEST 1000 TCK;
SDR 16 TDI (7FFF);
RUNTEST 1000 TCK;
SDR 16 TDI (FFFF);
RUNTEST 1000 TCK;
SDR 16 TDI (FFFF);
RUNTEST 1000 TCK;
SDR 16 TDI (FFFF);
RUNTEST 1000 TCK;
SDR 16 TDI (BFFF);
RUNTEST 1000 TCK;
SDR 16 TDI (FFFF);
RUNTEST 1000 TCK;
SDR 16 TDI (FFFF);
RUNTEST 1000 TCK;
SDR 16 TDI (FFFF);
RUNTEST 1000 TCK;
SDR 16 TDI (7FFF);
RUNTEST 1000 TCK;
SDR 16 TDI (FFFF);
RUNTEST 1000 TCK;
SDR 16 TDI (FFFF);
RUNTEST 1000 TCK;
SDR 16 TDI (FFFF);
RUNTEST 1000 TCK;
SDR 16 TDI (BFFF);
RUNTEST 1000 TCK;
SDR 16 TDI (FFFF);
RUNTEST 1000 TCK;
SDR 16 TDI (FFFF);
RUNTEST 1000 TCK;
SDR 16 TDI (FFFF);
RUNTEST 1000 TCK;
SDR 16 TDI (7FFF);
RUNTEST 1000 TCK;
SDR 16 TDI (FFFF);
RUNTEST 1000 TCK;
SDR 16 TDI (FFFF);
RUNTEST 1000 TCK;
SDR 16 TDI (FFFF);
RUNTEST 1000 TCK;
SDR 16 TDI (BFBF);
RUNTEST 1000 TCK;
SDR 16 TDI (FFFF);
RUNTEST 1000 TCK;
SDR 16 TDI (FFFF);
RUNTEST 1000 TCK;
SDR 16 TDI (FFFF);
RUNTEST 1000 TCK;
SDR 16 TDI (7FFF);
RUNTEST 1000 TCK;
SDR 16 TDI (FFFF);
RUNTEST 1000 TCK;
SDR 16 TDI (FFFF);
RUNTEST 1000 TCK;
SDR 16 TDI (FFFF);
RUNTEST 1000 TCK;
SDR 16 TDI (BFFF);
RUNTEST 1000 TCK;
SDR 16 TDI (FFFF);
RUNTEST 1000 TCK;
SDR 16 TDI (FFFF);
RUNTEST 1000 TCK;
SDR 16 TDI (FFFF);
RUNTEST 1000 TCK;
SDR 16 TDI (7FFF);
RUNTEST 1000 TCK;
SDR 16 TDI (FFFF);
RUNTEST 1000 TCK;
SDR 16 TDI (FFFF);
RUNTEST 1000 TCK;
SDR 16 TDI (FFFF);
RUNTEST 1000 TCK;
SDR 16 TDI (BFFF);
RUNTEST 1000 TCK;
SDR 16 TDI (FFFF);
RUNTEST 1000 TCK;
SDR 16 TDI (FFFF);
RUNTEST 1000 TCK;
SDR 16 TDI (FFFF);
RUNTEST 1000 TCK;
SDR 16 TDI (7FFF);
RUNTEST 1000 TCK;
SDR 16 TDI (FFFF);
RUNTEST 1000 TCK;
SDR 16 TDI (FFFF);
RUNTEST 1000 TCK;
SDR 16 TDI (FFFF);
RUNTEST 1000 TCK;
SDR 16 TDI (A65F);
RUNTEST 1000 TCK;
SDR 16 TDI (FFFF);
RUNTEST 1000 TCK;
SDR 16 TDI (FFFF);
RUNTEST 1000 TCK;
SDR 16 TDI (FFFF);
RUNTEST 1000 TCK;
SDR 16 TDI (7FFF);
RUNTEST 1000 TCK;
SDR 16 TDI (FFFF);
RUNTEST 1000 TCK;
SDR 16 TDI (FFFF);
RUNTEST 1000 TCK;
SDR 16 TDI (FFFF);
RUNTEST 1000 TCK;
SDR 16 TDI (BFFF);
RUNTEST 1000 TCK;
SDR 16 TDI (FFFF);
RUNTEST 1000 TCK;
SDR 16 TDI (FFFF);
RUNTEST 1000 TCK;
SDR 16 TDI (FFFF);
RUNTEST 1000 TCK;
SDR 16 TDI (7FFF);
RUNTEST 1000 TCK;
SDR 16 TDI (FFFF);
RUNTEST 1000 TCK;
SDR 16 TDI (FFFF);
RUNTEST 1000 TCK;
SDR 16 TDI (FFFF);
RUNTEST 1000 TCK;
SDR 16 TDI (BFFF);
RUNTEST 1000 TCK;
SDR 16 TDI (FFFF);
RUNTEST 1000 TCK;
SDR 16 TDI (FFFF);
RUNTEST 1000 TCK;
SDR 16 TDI (FFFF);
RUNTEST 1000 TCK;
SDR 16 TDI (7FFF);
RUNTEST 1000 TCK;
SDR 16 TDI (FFFF);
RUNTEST 1000 TCK;
SDR 16 TDI (EB9F);
RUNTEST 1000 TCK;
SDR 16 TDI (FFFF);
RUNTEST 1000 TCK;
SDR 16 TDI (AFFF);
RUNTEST 1000 TCK;
SDR 16 TDI (FFFF);
RUNTEST 1000 TCK;
SDR 16 TDI (FFFF);
RUNTEST 1000 TCK;
SDR 16 TDI (FFFF);
RUNTEST 1000 TCK;
SDR 16 TDI (7FFF);
RUNTEST 1000 TCK;
SDR 16 TDI (FFFF);
RUNTEST 1000 TCK;
SDR 16 TDI (FFFF);
RUNTEST 1000 TCK;
SDR 16 TDI (FFFF);
RUNTEST 1000 TCK;
SDR 16 TDI (BFFF);
RUNTEST 1000 TCK;
SDR 16 TDI (FFFF);
RUNTEST 1000 TCK;
SDR 16 TDI (FFFF);
RUNTEST 1000 TCK;
SDR 16 TDI (FFFF);
RUNTEST 1000 TCK;
SDR 16 TDI (7FFF);
RUNTEST 1000 TCK;
SDR 16 TDI (FFFF);
RUNTEST 1000 TCK;
SDR 16 TDI (FFFF);
RUNTEST 1000 TCK;
SDR 16 TDI (FFFF);
RUNTEST 1000 TCK;
SDR 16 TDI (BFFF);
RUNTEST 1000 TCK;
SDR 16 TDI (FFFF);
RUNTEST 1000 TCK;
SDR 16 TDI (FFFF);
RUNTEST 1000 TCK;
SDR 16 TDI (FFFF);
RUNTEST 1000 TCK;
SDR 16 TDI (7FFF);
RUNTEST 1000 TCK;
SDR 16 TDI (FFFF);
RUNTEST 1000 TCK;
SDR 16 TDI (FDDF);
RUNTEST 1000 TCK;
SDR 16 TDI (FFFF);
RUNTEST 1000 TCK;
SDR 16 TDI (A55F);
RUNTEST 1000 TCK;
SDR 16 TDI (FFFF);
RUNTEST 1000 TCK;
SDR 16 TDI (FFFF);
RUNTEST 1000 TCK;
SDR 16 TDI (FFFF);
RUNTEST 1000 TCK;
SDR 16 TDI (7FFF);
RUNTEST 1000 TCK;
SDR 16 TDI (FFFF);
RUNTEST 1000 TCK;
SDR 16 TDI (FFFF);
RUNTEST 1000 TCK;
SDR 16 TDI (FFFF);
RUNTEST 1000 TCK;
SDR 16 TDI (BFFF);
RUNTEST 1000 TCK;
SDR 16 TDI (FFFF);
RUNTEST 1000 TCK;
SDR 16 TDI (FFFF);
RUNTEST 1000 TCK;
SDR 16 TDI (FFFF);
RUNTEST 1000 TCK;
SDR 16 TDI (7FFF);
RUNTEST 1000 TCK;
SDR 16 TDI (FFFF);
RUNTEST 1000 TCK;
SDR 16 TDI (FFFF);
RUNTEST 1000 TCK;
SDR 16 TDI (FFFF);
RUNTEST 1000 TCK;
SDR 16 TDI (BFFF);
RUNTEST 1000 TCK;
SDR 16 TDI (FFFF);
RUNTEST 1000 TCK;
SDR 16 TDI (FFFF);
RUNTEST 1000 TCK;
SDR 16 TDI (FFFF);
RUNTEST 1000 TCK;
SDR 16 TDI (7FFF);
RUNTEST 1000 TCK;
SDR 16 TDI (FFFF);
RUNTEST 1000 TCK;
SDR 16 TDI (EB9F);
RUNTEST 1000 TCK;
SDR 16 TDI (FFFF);
RUNTEST 1000 TCK;
SDR 16 TDI (ABFF);
RUNTEST 1000 TCK;
SDR 16 TDI (FFFF);
RUNTEST 1000 TCK;
SDR 16 TDI (FFFF);
RUNTEST 1000 TCK;
SDR 16 TDI (FFFF);
RUNTEST 1000 TCK;
SDR 16 TDI (7FFF);
RUNTEST 1000 TCK;
SDR 16 TDI (FFFF);
RUNTEST 1000 TCK;
SDR 16 TDI (FFFF);
RUNTEST 1000 TCK;
SDR 16 TDI (FFFF);
RUNTEST 1000 TCK;
SDR 16 TDI (BFFF);
RUNTEST 1000 TCK;
SDR 16 TDI (FFFF);
RUNTEST 1000 TCK;
SDR 16 TDI (FFFF);
RUNTEST 1000 TCK;
SDR 16 TDI (FFFF);
RUNTEST 1000 TCK;
SDR 16 TDI (7FFF);
RUNTEST 1000 TCK;
SDR 16 TDI (FFFF);
RUNTEST 1000 TCK;
SDR 16 TDI (FFFF);
RUNTEST 1000 TCK;
SDR 16 TDI (FFFF);
RUNTEST 1000 TCK;
SDR 16 TDI (BFFF);
RUNTEST 1000 TCK;
SDR 16 TDI (FFFF);
RUNTEST 1000 TCK;
SDR 16 TDI (FFFF);
RUNTEST 1000 TCK;
SDR 16 TDI (FFFF);
RUNTEST 1000 TCK;
SDR 16 TDI (7FFF);
RUNTEST 1000 TCK;
SDR 16 TDI (FFFF);
RUNTEST 1000 TCK;
SDR 16 TDI (FE5F);
RUNTEST 1000 TCK;
SDR 16 TDI (FFFF);
RUNTEST 1000 TCK;
SDR 16 TDI (BFFF);
RUNTEST 1000 TCK;
SDR 16 TDI (FFFF);
RUNTEST 1000 TCK;
SDR 16 TDI (FFFF);
RUNTEST 1000 TCK;
SDR 16 TDI (FFFF);
RUNTEST 1000 TCK;
SDR 16 TDI (7FFF);
RUNTEST 1000 TCK;
SDR 16 TDI (FFFF);
RUNTEST 1000 TCK;
SDR 16 TDI (FFFF);
RUNTEST 1000 TCK;
SDR 16 TDI (FFFF);
RUNTEST 1000 TCK;
SDR 16 TDI (BFFF);
RUNTEST 1000 TCK;
SDR 16 TDI (FFFF);
RUNTEST 1000 TCK;
SDR 16 TDI (FFFF);
RUNTEST 1000 TCK;
SDR 16 TDI (FFFF);
RUNTEST 1000 TCK;
SDR 16 TDI (7FFF);
RUNTEST 1000 TCK;
SDR 16 TDI (FFFF);
RUNTEST 1000 TCK;
SDR 16 TDI (FFFF);
RUNTEST 1000 TCK;
SDR 16 TDI (FFFF);
RUNTEST 1000 TCK;
SDR 16 TDI (BFFF);
RUNTEST 1000 TCK;
SDR 16 TDI (FFFF);
RUNTEST 1000 TCK;
SDR 16 TDI (FFFF);
RUNTEST 1000 TCK;
SDR 16 TDI (FFFF);
RUNTEST 1000 TCK;
SDR 16 TDI (7FFF);
RUNTEST 1000 TCK;
SDR 16 TDI (FFFF);
RUNTEST 1000 TCK;
SDR 16 TDI (FFFF);
RUNTEST 1000 TCK;
SDR 16 TDI (FFFF);
RUNTEST 1000 TCK;
SDR 16 TDI (BFFF);
RUNTEST 1000 TCK;
SDR 16 TDI (FFFF);
RUNTEST 1000 TCK;
SDR 16 TDI (FFFF);
RUNTEST 1000 TCK;
SDR 16 TDI (FFFF);
RUNTEST 1000 TCK;
SDR 16 TDI (7FFF);
RUNTEST 1000 TCK;
SDR 16 TDI (FFFF);
RUNTEST 1000 TCK;
SDR 16 TDI (FFFF);
RUNTEST 1000 TCK;
SDR 16 TDI (FFFF);
RUNTEST 1000 TCK;
SDR 16 TDI (BFFF);
RUNTEST 1000 TCK;
SDR 16 TDI (FFFF);
RUNTEST 1000 TCK;
SDR 16 TDI (FFFF);
RUNTEST 1000 TCK;
SDR 16 TDI (FFFF);
RUNTEST 1000 TCK;
SDR 16 TDI (7FFF);
RUNTEST 1000 TCK;
SDR 16 TDI (FFFF);
RUNTEST 1000 TCK;
SDR 16 TDI (FFFF);
RUNTEST 1000 TCK;
SDR 16 TDI (FFFF);
RUNTEST 1000 TCK;
SDR 16 TDI (BFFF);
RUNTEST 1000 TCK;
SDR 16 TDI (FFFF);
RUNTEST 1000 TCK;
SDR 16 TDI (FFFF);
RUNTEST 1000 TCK;
SDR 16 TDI (FFFF);
RUNTEST 1000 TCK;
SDR 16 TDI (7FFF);
RUNTEST 1000 TCK;
SDR 16 TDI (FFFF);
RUNTEST 1000 TCK;
SDR 16 TDI (FFFF);
RUNTEST 1000 TCK;
SDR 16 TDI (FFFF);
RUNTEST 1000 TCK;
SDR 16 TDI (BFFF);
RUNTEST 1000 TCK;
SDR 16 TDI (FFFF);
RUNTEST 1000 TCK;
SDR 16 TDI (FFFF);
RUNTEST 1000 TCK;
SDR 16 TDI (FFFF);
RUNTEST 1000 TCK;
SDR 16 TDI (7FFF);
RUNTEST 1000 TCK;
SDR 16 TDI (FFFF);
RUNTEST 1000 TCK;
SDR 16 TDI (FFFF);
RUNTEST 1000 TCK;
SDR 16 TDI (FFFF);
RUNTEST 1000 TCK;
SDR 16 TDI (BFFF);
RUNTEST 1000 TCK;
SDR 16 TDI (FFFF);
RUNTEST 1000 TCK;
SDR 16 TDI (FFFF);
RUNTEST 1000 TCK;
SDR 16 TDI (FFFF);
RUNTEST 1000 TCK;
SDR 16 TDI (7FFF);
RUNTEST 1000 TCK;
SDR 16 TDI (FFFF);
RUNTEST 1000 TCK;
SDR 16 TDI (FFFF);
RUNTEST 1000 TCK;
SDR 16 TDI (FFFF);
RUNTEST 1000 TCK;
SDR 16 TDI (BFFF);
RUNTEST 1000 TCK;
SDR 16 TDI (FFFF);
RUNTEST 1000 TCK;
SDR 16 TDI (FFFF);
RUNTEST 1000 TCK;
SDR 16 TDI (FFFF);
RUNTEST 1000 TCK;
SDR 16 TDI (7FFF);
RUNTEST 1000 TCK;
SDR 16 TDI (FFFF);
RUNTEST 1000 TCK;
SDR 16 TDI (FFFF);
RUNTEST 1000 TCK;
SDR 16 TDI (FFFF);
RUNTEST 1000 TCK;
SDR 16 TDI (BAFF);
RUNTEST 1000 TCK;
SDR 16 TDI (FFFF);
RUNTEST 1000 TCK;
SDR 16 TDI (FFFF);
RUNTEST 1000 TCK;
SDR 16 TDI (FFFF);
RUNTEST 1000 TCK;
SDR 16 TDI (7FFF);
RUNTEST 1000 TCK;
SDR 16 TDI (FFFF);
RUNTEST 1000 TCK;
SDR 16 TDI (FFFF);
RUNTEST 1000 TCK;
SDR 16 TDI (FFFF);
RUNTEST 1000 TCK;
SDR 16 TDI (BFFF);
RUNTEST 1000 TCK;
SDR 16 TDI (FFFF);
RUNTEST 1000 TCK;
SDR 16 TDI (FFFF);
RUNTEST 1000 TCK;
SDR 16 TDI (FFFF);
RUNTEST 1000 TCK;
SDR 16 TDI (7FFF);
RUNTEST 1000 TCK;
SDR 16 TDI (FFFF);
RUNTEST 1000 TCK;
SDR 16 TDI (FFFF);
RUNTEST 1000 TCK;
SDR 16 TDI (FFFF);
RUNTEST 1000 TCK;
SDR 16 TDI (BFFF);
RUNTEST 1000 TCK;
SDR 16 TDI (FFFF);
RUNTEST 1000 TCK;
SDR 16 TDI (FFFF);
RUNTEST 1000 TCK;
SDR 16 TDI (FFFF);
RUNTEST 1000 TCK;
SDR 16 TDI (7FFF);
RUNTEST 1000 TCK;
SDR 16 TDI (FFFF);
RUNTEST 1000 TCK;
SDR 16 TDI (FDFF);
RUNTEST 1000 TCK;
SDR 16 TDI (FFFF);
RUNTEST 1000 TCK;
SDR 16 TDI (BFFF);
RUNTEST 1000 TCK;
SDR 16 TDI (FFFF);
RUNTEST 1000 TCK;
SDR 16 TDI (FFFF);
RUNTEST 1000 TCK;
SDR 16 TDI (FFFF);
RUNTEST 1000 TCK;
SDR 16 TDI (7FFF);
RUNTEST 1000 TCK;
SDR 16 TDI (FFFF);
RUNTEST 1000 TCK;
SDR 16 TDI (FFFF);
RUNTEST 1000 TCK;
SDR 16 TDI (FFFF);
RUNTEST 1000 TCK;
SDR 16 TDI (BFFF);
RUNTEST 1000 TCK;
SDR 16 TDI (FFFF);
RUNTEST 1000 TCK;
SDR 16 TDI (FFFF);
RUNTEST 1000 TCK;
SDR 16 TDI (FFFF);
RUNTEST 1000 TCK;
SDR 16 TDI (7FFF);
RUNTEST 1000 TCK;
SDR 16 TDI (FFFF);
RUNTEST 1000 TCK;
SDR 16 TDI (FFFF);
RUNTEST 1000 TCK;
SDR 16 TDI (FFFF);
RUNTEST 1000 TCK;
SDR 16 TDI (BFFF);
RUNTEST 1000 TCK;
SDR 16 TDI (FFFF);
RUNTEST 1000 TCK;
SDR 16 TDI (FFFF);
RUNTEST 1000 TCK;
SDR 16 TDI (FFFF);
RUNTEST 1000 TCK;
SDR 16 TDI (7FFF);
RUNTEST 1000 TCK;
SDR 16 TDI (FFFF);
RUNTEST 1000 TCK;
SDR 16 TDI (FFFF);
RUNTEST 1000 TCK;
SDR 16 TDI (FFFF);
RUNTEST 1000 TCK;
SDR 16 TDI (A55F);
RUNTEST 1000 TCK;
SDR 16 TDI (FFFF);
RUNTEST 1000 TCK;
SDR 16 TDI (FEFF);
RUNTEST 1000 TCK;
SDR 16 TDI (FFFF);
RUNTEST 1000 TCK;
SDR 16 TDI (7FFF);
RUNTEST 1000 TCK;
SDR 16 TDI (FF7F);
RUNTEST 1000 TCK;
SDR 16 TDI (FFFF);
RUNTEST 1000 TCK;
SDR 16 TDI (FFFF);
RUNTEST 1000 TCK;
SDR 16 TDI (BFBF);
RUNTEST 1000 TCK;
SDR 16 TDI (FFFF);
RUNTEST 1000 TCK;
SDR 16 TDI (FFFF);
RUNTEST 1000 TCK;
SDR 16 TDI (FEFF);
RUNTEST 1000 TCK;
SDR 16 TDI (7FFF);
RUNTEST 1000 TCK;
SDR 16 TDI (FFFF);
RUNTEST 1000 TCK;
SDR 16 TDI (FF7F);
RUNTEST 1000 TCK;
SDR 16 TDI (FFFF);
RUNTEST 1000 TCK;
SDR 16 TDI (BFFF);
RUNTEST 1000 TCK;
SDR 16 TDI (FFDF);
RUNTEST 1000 TCK;
SDR 16 TDI (FFFF);
RUNTEST 1000 TCK;
SDR 16 TDI (FFFF);
RUNTEST 1000 TCK;
SDR 16 TDI (7FEF);
RUNTEST 1000 TCK;
SDR 16 TDI (FFFF);
RUNTEST 1000 TCK;
SDR 16 TDI (EA9F);
RUNTEST 1000 TCK;
SDR 16 TDI (FFFF);
RUNTEST 1000 TCK;
SDR 16 TDI (AFFF);
RUNTEST 1000 TCK;
SDR 16 TDI (FFFF);
RUNTEST 1000 TCK;
SDR 16 TDI (FDFF);
RUNTEST 1000 TCK;
SDR 16 TDI (FFFF);
RUNTEST 1000 TCK;
SDR 16 TDI (7FFF);
RUNTEST 1000 TCK;
SDR 16 TDI (FEFF);
RUNTEST 1000 TCK;
SDR 16 TDI (FFFF);
RUNTEST 1000 TCK;
SDR 16 TDI (FFFF);
RUNTEST 1000 TCK;
SDR 16 TDI (BF7F);
RUNTEST 1000 TCK;
SDR 16 TDI (FFFF);
RUNTEST 1000 TCK;
SDR 16 TDI (FFFF);
RUNTEST 1000 TCK;
SDR 16 TDI (FDFF);
RUNTEST 1000 TCK;
SDR 16 TDI (7FFF);
RUNTEST 1000 TCK;
SDR 16 TDI (FFFF);
RUNTEST 1000 TCK;
SDR 16 TDI (FEFF);
RUNTEST 1000 TCK;
SDR 16 TDI (FFFF);
RUNTEST 1000 TCK;
SDR 16 TDI (BFFF);
RUNTEST 1000 TCK;
SDR 16 TDI (FFBF);
RUNTEST 1000 TCK;
SDR 16 TDI (FFFF);
RUNTEST 1000 TCK;
SDR 16 TDI (FFFF);
RUNTEST 1000 TCK;
SDR 16 TDI (7FDF);
RUNTEST 1000 TCK;
SDR 16 TDI (FFFF);
RUNTEST 1000 TCK;
SDR 16 TDI (FF5F);
RUNTEST 1000 TCK;
SDR 16 TDI (FFFF);
RUNTEST 1000 TCK;
SDR 16 TDI (B55F);
RUNTEST 1000 TCK;
SDR 16 TDI (FFFF);
RUNTEST 1000 TCK;
SDR 16 TDI (FFFF);
RUNTEST 1000 TCK;
SDR 16 TDI (FFFF);
RUNTEST 1000 TCK;
SDR 16 TDI (7FFF);
RUNTEST 1000 TCK;
SDR 16 TDI (FFFF);
RUNTEST 1000 TCK;
SDR 16 TDI (FFFF);
RUNTEST 1000 TCK;
SDR 16 TDI (FFFF);
RUNTEST 1000 TCK;
SDR 16 TDI (BFFF);
RUNTEST 1000 TCK;
SDR 16 TDI (FFFF);
RUNTEST 1000 TCK;
SDR 16 TDI (FFFF);
RUNTEST 1000 TCK;
SDR 16 TDI (FFFF);
RUNTEST 1000 TCK;
SDR 16 TDI (7FFF);
RUNTEST 1000 TCK;
SDR 16 TDI (FFFF);
RUNTEST 1000 TCK;
SDR 16 TDI (FFFF);
RUNTEST 1000 TCK;
SDR 16 TDI (FFFF);
RUNTEST 1000 TCK;
SDR 16 TDI (BFFF);
RUNTEST 1000 TCK;
SDR 16 TDI (FFFF);
RUNTEST 1000 TCK;
SDR 16 TDI (FFFF);
RUNTEST 1000 TCK;
SDR 16 TDI (FFFF);
RUNTEST 1000 TCK;
SDR 16 TDI (7FFF);
RUNTEST 1000 TCK;
SDR 16 TDI (FFFF);
RUNTEST 1000 TCK;
SDR 16 TDI (EAFF);
RUNTEST 1000 TCK;
SDR 16 TDI (FFFF);
RUNTEST 1000 TCK;
SDR 16 TDI (BFFF);
RUNTEST 1000 TCK;
SDR 16 TDI (FFFF);
RUNTEST 1000 TCK;
SDR 16 TDI (FFFF);
RUNTEST 1000 TCK;
SDR 16 TDI (FFFF);
RUNTEST 1000 TCK;
SDR 16 TDI (7FFF);
RUNTEST 1000 TCK;
SDR 16 TDI (FFFF);
RUNTEST 1000 TCK;
SDR 16 TDI (FFFF);
RUNTEST 1000 TCK;
SDR 16 TDI (FFFF);
RUNTEST 1000 TCK;
SDR 16 TDI (BFFF);
RUNTEST 1000 TCK;
SDR 16 TDI (FFFF);
RUNTEST 1000 TCK;
SDR 16 TDI (FFFF);
RUNTEST 1000 TCK;
SDR 16 TDI (FFFF);
RUNTEST 1000 TCK;
SDR 16 TDI (7FFF);
RUNTEST 1000 TCK;
SDR 16 TDI (FFFF);
RUNTEST 1000 TCK;
SDR 16 TDI (FFFF);
RUNTEST 1000 TCK;
SDR 16 TDI (FFFF);
RUNTEST 1000 TCK;
SDR 16 TDI (BFFF);
RUNTEST 1000 TCK;
SDR 16 TDI (FFFF);
RUNTEST 1000 TCK;
SDR 16 TDI (FFFF);
RUNTEST 1000 TCK;
SDR 16 TDI (FFFF);
RUNTEST 1000 TCK;
SDR 16 TDI (7FFF);
RUNTEST 1000 TCK;
SDR 16 TDI (FFFF);
RUNTEST 1000 TCK;
SDR 16 TDI (EBFF);
RUNTEST 1000 TCK;
SDR 16 TDI (FFFF);
RUNTEST 1000 TCK;
SDR 16 TDI (BFFF);
RUNTEST 1000 TCK;
SDR 16 TDI (3333);
RUNTEST 1000 TCK;
SDR 16 TDI (1F33);
RUNTEST 1000 TCK;
SDR 16 TDI (333C);
RUNTEST 1000 TCK;
SDR 16 TDI (7999);
RUNTEST 1000 TCK;
SDR 16 TDI (8F99);
RUNTEST 1000 TCK;
SDR 16 TDI (999E);
RUNTEST 1000 TCK;
SDR 16 TDI (6666);
RUNTEST 1000 TCK;
SDR 16 TDI (A7CC);
RUNTEST 1000 TCK;
SDR 16 TDI (CCCF);
RUNTEST 1000 TCK;
SDR 16 TDI (3333);
RUNTEST 1000 TCK;
SDR 16 TDI (1F33);
RUNTEST 1000 TCK;
SDR 16 TDI (6667);
RUNTEST 1000 TCK;
SDR 16 TDI (9999);
RUNTEST 1000 TCK;
SDR 16 TDI (8F99);
RUNTEST 1000 TCK;
SDR 16 TDI (999F);
RUNTEST 1000 TCK;
SDR 16 TDI (A666);
RUNTEST 1000 TCK;
SDR 16 TDI (63E6);
RUNTEST 1000 TCK;
SDR 16 TDI (6667);
RUNTEST 1000 TCK;
SDR 16 TDI (9999);
RUNTEST 1000 TCK;
SDR 16 TDI (71F3);
RUNTEST 1000 TCK;
SDR 16 TDI (3333);
RUNTEST 1000 TCK;
SDR 16 TDI (FFFF);
RUNTEST 1000 TCK;
SDR 16 TDI (FFFF);
RUNTEST 1000 TCK;
SDR 16 TDI (BFFF);
RUNTEST 1000 TCK;
SDR 16 TDI (7777);
RUNTEST 1000 TCK;
SDR 16 TDI (4ABB);
RUNTEST 1000 TCK;
SDR 16 TDI (BBBD);
RUNTEST 1000 TCK;
SDR 16 TDI (7BBB);
RUNTEST 1000 TCK;
SDR 16 TDI (A55D);
RUNTEST 1000 TCK;
SDR 16 TDI (DDDE);
RUNTEST 1000 TCK;
SDR 16 TDI (EEEE);
RUNTEST 1000 TCK;
SDR 16 TDI (B2AE);
RUNTEST 1000 TCK;
SDR 16 TDI (EEEF);
RUNTEST 1000 TCK;
SDR 16 TDI (7777);
RUNTEST 1000 TCK;
SDR 16 TDI (4ABB);
RUNTEST 1000 TCK;
SDR 16 TDI (7777);
RUNTEST 1000 TCK;
SDR 16 TDI (BBBB);
RUNTEST 1000 TCK;
SDR 16 TDI (A55D);
RUNTEST 1000 TCK;
SDR 16 TDI (DDDF);
RUNTEST 1000 TCK;
SDR 16 TDI (AEEE);
RUNTEST 1000 TCK;
SDR 16 TDI (E957);
RUNTEST 1000 TCK;
SDR 16 TDI (7777);
RUNTEST 1000 TCK;
SDR 16 TDI (BBBB);
RUNTEST 1000 TCK;
SDR 16 TDI (74AB);
RUNTEST 1000 TCK;
SDR 16 TDI (BBBB);
RUNTEST 1000 TCK;
SDR 16 TDI (F7FF);
RUNTEST 1000 TCK;
SDR 16 TDI (FFFF);
RUNTEST 1000 TCK;
SDR 16 TDI (BFFF);
RUNTEST 1000 TCK;
SDR 16 TDI (FFFF);
RUNTEST 1000 TCK;
SDR 16 TDI (FEFF);
RUNTEST 1000 TCK;
SDR 16 TDI (FFFF);
RUNTEST 1000 TCK;
SDR 16 TDI (7FFF);
RUNTEST 1000 TCK;
SDR 16 TDI (FF7F);
RUNTEST 1000 TCK;
SDR 16 TDI (FFFF);
RUNTEST 1000 TCK;
SDR 16 TDI (FFFF);
RUNTEST 1000 TCK;
SDR 16 TDI (BFBF);
RUNTEST 1000 TCK;
SDR 16 TDI (FFFF);
RUNTEST 1000 TCK;
SDR 16 TDI (FFFF);
RUNTEST 1000 TCK;
SDR 16 TDI (FEFF);
RUNTEST 1000 TCK;
SDR 16 TDI (7FFF);
RUNTEST 1000 TCK;
SDR 16 TDI (FFFF);
RUNTEST 1000 TCK;
SDR 16 TDI (FF7F);
RUNTEST 1000 TCK;
SDR 16 TDI (FFFF);
RUNTEST 1000 TCK;
SDR 16 TDI (BFFF);
RUNTEST 1000 TCK;
SDR 16 TDI (FFDF);
RUNTEST 1000 TCK;
SDR 16 TDI (FFFF);
RUNTEST 1000 TCK;
SDR 16 TDI (FFFF);
RUNTEST 1000 TCK;
SDR 16 TDI (7FEF);
RUNTEST 1000 TCK;
SDR 16 TDI (FFFF);
RUNTEST 1000 TCK;
SDR 16 TDI (DFFF);
RUNTEST 1000 TCK;
SDR 16 TDI (FFFF);
RUNTEST 1000 TCK;
SDR 16 TDI (BFFF);
RUNTEST 1000 TCK;
SDR 16 TDI (FFFF);
RUNTEST 1000 TCK;
SDR 16 TDI (FFFF);
RUNTEST 1000 TCK;
SDR 16 TDI (FFFF);
RUNTEST 1000 TCK;
SDR 16 TDI (7FFF);
RUNTEST 1000 TCK;
SDR 16 TDI (FFFF);
RUNTEST 1000 TCK;
SDR 16 TDI (FFFF);
RUNTEST 1000 TCK;
SDR 16 TDI (FFFF);
RUNTEST 1000 TCK;
SDR 16 TDI (BFFF);
RUNTEST 1000 TCK;
SDR 16 TDI (FFFF);
RUNTEST 1000 TCK;
SDR 16 TDI (FFFF);
RUNTEST 1000 TCK;
SDR 16 TDI (FFFF);
RUNTEST 1000 TCK;
SDR 16 TDI (7FFF);
RUNTEST 1000 TCK;
SDR 16 TDI (FFFF);
RUNTEST 1000 TCK;
SDR 16 TDI (FFEF);
RUNTEST 1000 TCK;
SDR 16 TDI (EFFF);
RUNTEST 1000 TCK;
SDR 16 TDI (BFDF);
RUNTEST 1000 TCK;
SDR 16 TDI (FFFB);
RUNTEST 1000 TCK;
SDR 16 TDI (FFFF);
RUNTEST 1000 TCK;
SDR 16 TDI (FFFF);
RUNTEST 1000 TCK;
SDR 16 TDI (7FFF);
RUNTEST 1000 TCK;
SDR 16 TDI (FFFF);
RUNTEST 1000 TCK;
SDR 16 TDI (FFFF);
RUNTEST 1000 TCK;
SDR 16 TDI (FFFF);
RUNTEST 1000 TCK;
SDR 16 TDI (BFFF);
RUNTEST 1000 TCK;
SDR 16 TDI (FFFF);
RUNTEST 1000 TCK;
SDR 16 TDI (FFFF);
RUNTEST 1000 TCK;
SDR 16 TDI (FFFF);
RUNTEST 1000 TCK;
SDR 16 TDI (7FFF);
RUNTEST 1000 TCK;
SDR 16 TDI (FFFF);
RUNTEST 1000 TCK;
SDR 16 TDI (FFFF);
RUNTEST 1000 TCK;
SDR 16 TDI (FFFF);
RUNTEST 1000 TCK;
SDR 16 TDI (BFFF);
RUNTEST 1000 TCK;
SDR 16 TDI (FFFF);
RUNTEST 1000 TCK;
SDR 16 TDI (FFFF);
RUNTEST 1000 TCK;
SDR 16 TDI (FFFF);
RUNTEST 1000 TCK;
SDR 16 TDI (7FFF);
RUNTEST 1000 TCK;
SDR 16 TDI (FFFF);
RUNTEST 1000 TCK;
SDR 16 TDI (FFFF);
RUNTEST 1000 TCK;
SDR 16 TDI (7FFF);
RUNTEST 1000 TCK;
SDR 16 TDI (BFFF);
RUNTEST 1000 TCK;
SDR 16 TDI (FFFF);
RUNTEST 1000 TCK;
SDR 16 TDI (FFFF);
RUNTEST 1000 TCK;
SDR 16 TDI (FFFF);
RUNTEST 1000 TCK;
SDR 16 TDI (7FFF);
RUNTEST 1000 TCK;
SDR 16 TDI (FFFF);
RUNTEST 1000 TCK;
SDR 16 TDI (FFFF);
RUNTEST 1000 TCK;
SDR 16 TDI (FFFF);
RUNTEST 1000 TCK;
SDR 16 TDI (AFFF);
RUNTEST 1000 TCK;
SDR 16 TDI (FFFF);
RUNTEST 1000 TCK;
SDR 16 TDI (FFFF);
RUNTEST 1000 TCK;
SDR 16 TDI (FFFF);
RUNTEST 1000 TCK;
SDR 16 TDI (7FFF);
RUNTEST 1000 TCK;
SDR 16 TDI (FFFF);
RUNTEST 1000 TCK;
SDR 16 TDI (FFFF);
RUNTEST 1000 TCK;
SDR 16 TDI (FFFF);
RUNTEST 1000 TCK;
SDR 16 TDI (BFFF);
RUNTEST 1000 TCK;
SDR 16 TDI (FFFF);
RUNTEST 1000 TCK;
SDR 16 TDI (FFFF);
RUNTEST 1000 TCK;
SDR 16 TDI (FFFF);
RUNTEST 1000 TCK;
SDR 16 TDI (7FFF);
RUNTEST 1000 TCK;
SDR 16 TDI (FFFF);
RUNTEST 1000 TCK;
SDR 16 TDI (FFEE);
RUNTEST 1000 TCK;
SDR 16 TDI (EFFF);
RUNTEST 1000 TCK;
SDR 16 TDI (BFFF);
RUNTEST 1000 TCK;
SDR 16 TDI (FFFB);
RUNTEST 1000 TCK;
SDR 16 TDI (FFFF);
RUNTEST 1000 TCK;
SDR 16 TDI (FFFF);
RUNTEST 1000 TCK;
SDR 16 TDI (7FFF);
RUNTEST 1000 TCK;
SDR 16 TDI (FFFF);
RUNTEST 1000 TCK;
SDR 16 TDI (FFDF);
RUNTEST 1000 TCK;
SDR 16 TDI (FFFF);
RUNTEST 1000 TCK;
SDR 16 TDI (AFFF);
RUNTEST 1000 TCK;
SDR 16 TDI (FFFF);
RUNTEST 1000 TCK;
SDR 16 TDI (FFFF);
RUNTEST 1000 TCK;
SDR 16 TDI (FFFF);
RUNTEST 1000 TCK;
SDR 16 TDI (7FFF);
RUNTEST 1000 TCK;
SDR 16 TDI (FFFF);
RUNTEST 1000 TCK;
SDR 16 TDI (FFFF);
RUNTEST 1000 TCK;
SDR 16 TDI (FFFF);
RUNTEST 1000 TCK;
SDR 16 TDI (BFFF);
RUNTEST 1000 TCK;
SDR 16 TDI (FFFF);
RUNTEST 1000 TCK;
SDR 16 TDI (FFFF);
RUNTEST 1000 TCK;
SDR 16 TDI (FFFF);
RUNTEST 1000 TCK;
SDR 16 TDI (7FFF);
RUNTEST 1000 TCK;
SDR 16 TDI (FFFF);
RUNTEST 1000 TCK;
SDR 16 TDI (FFFF);
RUNTEST 1000 TCK;
SDR 16 TDI (FFFF);
RUNTEST 1000 TCK;
SDR 16 TDI (BFDF);
RUNTEST 1000 TCK;
SDR 16 TDI (FFFF);
RUNTEST 1000 TCK;
SDR 16 TDI (FFFF);
RUNTEST 1000 TCK;
SDR 16 TDI (FFFF);
RUNTEST 1000 TCK;
SDR 16 TDI (7FFF);
RUNTEST 1000 TCK;
SDR 16 TDI (FFFF);
RUNTEST 1000 TCK;
SDR 16 TDI (FFDF);
RUNTEST 1000 TCK;
SDR 16 TDI (FFFF);
RUNTEST 1000 TCK;
SDR 16 TDI (BFFF);
RUNTEST 1000 TCK;
SDR 16 TDI (FFFF);
RUNTEST 1000 TCK;
SDR 16 TDI (FFFF);
RUNTEST 1000 TCK;
SDR 16 TDI (FFFF);
RUNTEST 1000 TCK;
SDR 16 TDI (7FFF);
RUNTEST 1000 TCK;
SDR 16 TDI (FFFF);
RUNTEST 1000 TCK;
SDR 16 TDI (FFFF);
RUNTEST 1000 TCK;
SDR 16 TDI (FFFF);
RUNTEST 1000 TCK;
SDR 16 TDI (BFFF);
RUNTEST 1000 TCK;
SDR 16 TDI (FFFF);
RUNTEST 1000 TCK;
SDR 16 TDI (FFFF);
RUNTEST 1000 TCK;
SDR 16 TDI (FFFF);
RUNTEST 1000 TCK;
SDR 16 TDI (7FFF);
RUNTEST 1000 TCK;
SDR 16 TDI (FFFF);
RUNTEST 1000 TCK;
SDR 16 TDI (FFFF);
RUNTEST 1000 TCK;
SDR 16 TDI (FFFF);
RUNTEST 1000 TCK;
SDR 16 TDI (BEFF);
RUNTEST 1000 TCK;
SDR 16 TDI (FFFF);
RUNTEST 1000 TCK;
SDR 16 TDI (FFFF);
RUNTEST 1000 TCK;
SDR 16 TDI (FFFF);
RUNTEST 1000 TCK;
SDR 16 TDI (7FFF);
RUNTEST 1000 TCK;
SDR 16 TDI (FFFF);
RUNTEST 1000 TCK;
SDR 16 TDI (FFFF);
RUNTEST 1000 TCK;
SDR 16 TDI (FFFF);
RUNTEST 1000 TCK;
SDR 16 TDI (BFFF);
RUNTEST 1000 TCK;
SDR 16 TDI (FFFF);
RUNTEST 1000 TCK;
SDR 16 TDI (FFFF);
RUNTEST 1000 TCK;
SDR 16 TDI (FFFF);
RUNTEST 1000 TCK;
SDR 16 TDI (7FFF);
RUNTEST 1000 TCK;
SDR 16 TDI (FFFF);
RUNTEST 1000 TCK;
SDR 16 TDI (FFFF);
RUNTEST 1000 TCK;
SDR 16 TDI (FFFF);
RUNTEST 1000 TCK;
SDR 16 TDI (BFFF);
RUNTEST 1000 TCK;
SDR 16 TDI (FFFF);
RUNTEST 1000 TCK;
SDR 16 TDI (FFFF);
RUNTEST 1000 TCK;
SDR 16 TDI (FFFF);
RUNTEST 1000 TCK;
SDR 16 TDI (7FFF);
RUNTEST 1000 TCK;
SDR 16 TDI (DEFF);
RUNTEST 1000 TCK;
SDR 16 TDI (FFFF);
RUNTEST 1000 TCK;
SDR 16 TDI (FFFB);
RUNTEST 1000 TCK;
SDR 16 TDI (BFFF);
RUNTEST 1000 TCK;
SDR 16 TDI (FFFB);
RUNTEST 1000 TCK;
SDR 16 TDI (FFFF);
RUNTEST 1000 TCK;
SDR 16 TDI (FFFF);
RUNTEST 1000 TCK;
SDR 16 TDI (7FFF);
RUNTEST 1000 TCK;
SDR 16 TDI (FFFF);
RUNTEST 1000 TCK;
SDR 16 TDI (FFFF);
RUNTEST 1000 TCK;
SDR 16 TDI (FFFF);
RUNTEST 1000 TCK;
SDR 16 TDI (BFFF);
RUNTEST 1000 TCK;
SDR 16 TDI (FFFF);
RUNTEST 1000 TCK;
SDR 16 TDI (FFFF);
RUNTEST 1000 TCK;
SDR 16 TDI (FFFF);
RUNTEST 1000 TCK;
SDR 16 TDI (7FFF);
RUNTEST 1000 TCK;
SDR 16 TDI (FFFF);
RUNTEST 1000 TCK;
SDR 16 TDI (FFFF);
RUNTEST 1000 TCK;
SDR 16 TDI (FFFF);
RUNTEST 1000 TCK;
SDR 16 TDI (BFFF);
RUNTEST 1000 TCK;
SDR 16 TDI (FFFF);
RUNTEST 1000 TCK;
SDR 16 TDI (FFFF);
RUNTEST 1000 TCK;
SDR 16 TDI (FFFF);
RUNTEST 1000 TCK;
SDR 16 TDI (7FFF);
RUNTEST 1000 TCK;
SDR 16 TDI (FEFF);
RUNTEST 1000 TCK;
SDR 16 TDI (FFFF);
RUNTEST 1000 TCK;
SDR 16 TDI (FFFB);
RUNTEST 1000 TCK;
SDR 16 TDI (BFFF);
RUNTEST 1000 TCK;
SDR 16 TDI (FFFD);
RUNTEST 1000 TCK;
SDR 16 TDI (FFFF);
RUNTEST 1000 TCK;
SDR 16 TDI (FFFF);
RUNTEST 1000 TCK;
SDR 16 TDI (7FFF);
RUNTEST 1000 TCK;
SDR 16 TDI (FFFF);
RUNTEST 1000 TCK;
SDR 16 TDI (FFFF);
RUNTEST 1000 TCK;
SDR 16 TDI (FFFF);
RUNTEST 1000 TCK;
SDR 16 TDI (BFFF);
RUNTEST 1000 TCK;
SDR 16 TDI (FFFF);
RUNTEST 1000 TCK;
SDR 16 TDI (FFFF);
RUNTEST 1000 TCK;
SDR 16 TDI (FFFF);
RUNTEST 1000 TCK;
SDR 16 TDI (7FFF);
RUNTEST 1000 TCK;
SDR 16 TDI (FFFF);
RUNTEST 1000 TCK;
SDR 16 TDI (FFFF);
RUNTEST 1000 TCK;
SDR 16 TDI (FFFF);
RUNTEST 1000 TCK;
SDR 16 TDI (BFFF);
RUNTEST 1000 TCK;
SDR 16 TDI (FFFF);
RUNTEST 1000 TCK;
SDR 16 TDI (FFFF);
RUNTEST 1000 TCK;
SDR 16 TDI (FFFF);
RUNTEST 1000 TCK;
SDR 16 TDI (7FFF);
RUNTEST 1000 TCK;
SDR 16 TDI (BFFF);
RUNTEST 1000 TCK;
SDR 16 TDI (FFFF);
RUNTEST 1000 TCK;
SDR 16 TDI (FFFF);
RUNTEST 1000 TCK;
SDR 16 TDI (BEFF);
RUNTEST 1000 TCK;
SDR 16 TDI (FFFF);
RUNTEST 1000 TCK;
SDR 16 TDI (FFFF);
RUNTEST 1000 TCK;
SDR 16 TDI (FFFF);
RUNTEST 1000 TCK;
SDR 16 TDI (7FFF);
RUNTEST 1000 TCK;
SDR 16 TDI (FFFF);
RUNTEST 1000 TCK;
SDR 16 TDI (FFFF);
RUNTEST 1000 TCK;
SDR 16 TDI (FFFF);
RUNTEST 1000 TCK;
SDR 16 TDI (BFFF);
RUNTEST 1000 TCK;
SDR 16 TDI (FFFF);
RUNTEST 1000 TCK;
SDR 16 TDI (FFFF);
RUNTEST 1000 TCK;
SDR 16 TDI (FFFF);
RUNTEST 1000 TCK;
SDR 16 TDI (7FFF);
RUNTEST 1000 TCK;
SDR 16 TDI (FFFF);
RUNTEST 1000 TCK;
SDR 16 TDI (FFFF);
RUNTEST 1000 TCK;
SDR 16 TDI (FFFF);
RUNTEST 1000 TCK;
SDR 16 TDI (BFFF);
RUNTEST 1000 TCK;
SDR 16 TDI (FFFF);
RUNTEST 1000 TCK;
SDR 16 TDI (FFFF);
RUNTEST 1000 TCK;
SDR 16 TDI (FFFF);
RUNTEST 1000 TCK;
SDR 16 TDI (7FFF);
RUNTEST 1000 TCK;
SDR 16 TDI (FFFF);
RUNTEST 1000 TCK;
SDR 16 TDI (FFFF);
RUNTEST 1000 TCK;
SDR 16 TDI (FFFB);
RUNTEST 1000 TCK;
SDR 16 TDI (BFFF);
RUNTEST 1000 TCK;
SDR 16 TDI (FFFF);
RUNTEST 1000 TCK;
SDR 16 TDI (FFFF);
RUNTEST 1000 TCK;
SDR 16 TDI (FFFF);
RUNTEST 1000 TCK;
SDR 16 TDI (7FFF);
RUNTEST 1000 TCK;
SDR 16 TDI (FFFF);
RUNTEST 1000 TCK;
SDR 16 TDI (DFFF);
RUNTEST 1000 TCK;
SDR 16 TDI (FFFF);
RUNTEST 1000 TCK;
SDR 16 TDI (BFFF);
RUNTEST 1000 TCK;
SDR 16 TDI (FFFF);
RUNTEST 1000 TCK;
SDR 16 TDI (FFFF);
RUNTEST 1000 TCK;
SDR 16 TDI (FFFF);
RUNTEST 1000 TCK;
SDR 16 TDI (7FFF);
RUNTEST 1000 TCK;
SDR 16 TDI (FFFF);
RUNTEST 1000 TCK;
SDR 16 TDI (FFFF);
RUNTEST 1000 TCK;
SDR 16 TDI (FFFF);
RUNTEST 1000 TCK;
SDR 16 TDI (BFFF);
RUNTEST 1000 TCK;
SDR 16 TDI (FFFF);
RUNTEST 1000 TCK;
SDR 16 TDI (FFFF);
RUNTEST 1000 TCK;
SDR 16 TDI (FFFF);
RUNTEST 1000 TCK;
SDR 16 TDI (7FFF);
RUNTEST 1000 TCK;
SDR 16 TDI (FFFF);
RUNTEST 1000 TCK;
SDR 16 TDI (FFFF);
RUNTEST 1000 TCK;
SDR 16 TDI (FFFB);
RUNTEST 1000 TCK;
SDR 16 TDI (BFFF);
RUNTEST 1000 TCK;
SDR 16 TDI (FFFF);
RUNTEST 1000 TCK;
SDR 16 TDI (FFFF);
RUNTEST 1000 TCK;
SDR 16 TDI (FFFF);
RUNTEST 1000 TCK;
SDR 16 TDI (7FFF);
RUNTEST 1000 TCK;
SDR 16 TDI (FFFF);
RUNTEST 1000 TCK;
SDR 16 TDI (F7FF);
RUNTEST 1000 TCK;
SDR 16 TDI (FFFF);
RUNTEST 1000 TCK;
SDR 16 TDI (BFFF);
RUNTEST 1000 TCK;
SDR 16 TDI (FFFF);
RUNTEST 1000 TCK;
SDR 16 TDI (FFFF);
RUNTEST 1000 TCK;
SDR 16 TDI (FFFF);
RUNTEST 1000 TCK;
SDR 16 TDI (7FFF);
RUNTEST 1000 TCK;
SDR 16 TDI (FFFF);
RUNTEST 1000 TCK;
SDR 16 TDI (FFFF);
RUNTEST 1000 TCK;
SDR 16 TDI (FFFF);
RUNTEST 1000 TCK;
SDR 16 TDI (BFFF);
RUNTEST 1000 TCK;
SDR 16 TDI (FFFF);
RUNTEST 1000 TCK;
SDR 16 TDI (FFFF);
RUNTEST 1000 TCK;
SDR 16 TDI (FFFF);
RUNTEST 1000 TCK;
SDR 16 TDI (7FFF);
RUNTEST 1000 TCK;
SDR 16 TDI (FFFF);
RUNTEST 1000 TCK;
SDR 16 TDI (FFFF);
RUNTEST 1000 TCK;
SDR 16 TDI (FFFF);
RUNTEST 1000 TCK;
SDR 16 TDI (BFFF);
RUNTEST 1000 TCK;
SDR 16 TDI (FFFF);
RUNTEST 1000 TCK;
SDR 16 TDI (FFFF);
RUNTEST 1000 TCK;
SDR 16 TDI (FFFF);
RUNTEST 1000 TCK;
SDR 16 TDI (7FFF);
RUNTEST 1000 TCK;
SDR 16 TDI (FFFF);
RUNTEST 1000 TCK;
SDR 16 TDI (FFFF);
RUNTEST 1000 TCK;
SDR 16 TDI (FFFF);
RUNTEST 1000 TCK;
SDR 16 TDI (BFFF);
RUNTEST 1000 TCK;
SDR 16 TDI (FFFF);
RUNTEST 1000 TCK;
SDR 16 TDI (FFFF);
RUNTEST 1000 TCK;
SDR 16 TDI (FFFF);
RUNTEST 1000 TCK;
SDR 16 TDI (7FFF);
RUNTEST 1000 TCK;
SDR 16 TDI (FFFF);
RUNTEST 1000 TCK;
SDR 16 TDI (FFFF);
RUNTEST 1000 TCK;
SDR 16 TDI (FFFF);
RUNTEST 1000 TCK;
SDR 16 TDI (BFFF);
RUNTEST 1000 TCK;
SDR 16 TDI (FFFF);
RUNTEST 1000 TCK;
SDR 16 TDI (FFFF);
RUNTEST 1000 TCK;
SDR 16 TDI (FFFF);
RUNTEST 1000 TCK;
SDR 16 TDI (7FFF);
RUNTEST 1000 TCK;
SDR 16 TDI (FFFF);
RUNTEST 1000 TCK;
SDR 16 TDI (FFFF);
RUNTEST 1000 TCK;
SDR 16 TDI (FFFF);
RUNTEST 1000 TCK;
SDR 16 TDI (BFFF);
RUNTEST 1000 TCK;
SDR 16 TDI (FFFF);
RUNTEST 1000 TCK;
SDR 16 TDI (FFFF);
RUNTEST 1000 TCK;
SDR 16 TDI (FFFF);
RUNTEST 1000 TCK;
SDR 16 TDI (7FFF);
RUNTEST 1000 TCK;
SDR 16 TDI (FFFF);
RUNTEST 1000 TCK;
SDR 16 TDI (EBFF);
RUNTEST 1000 TCK;
SDR 16 TDI (FFFF);
RUNTEST 1000 TCK;
SDR 16 TDI (B77F);
RUNTEST 1000 TCK;
SDR 16 TDI (FFFF);
RUNTEST 1000 TCK;
SDR 16 TDI (FFFF);
RUNTEST 1000 TCK;
SDR 16 TDI (FFFF);
RUNTEST 1000 TCK;
SDR 16 TDI (7FFF);
RUNTEST 1000 TCK;
SDR 16 TDI (FFFF);
RUNTEST 1000 TCK;
SDR 16 TDI (FFFF);
RUNTEST 1000 TCK;
SDR 16 TDI (FFFF);
RUNTEST 1000 TCK;
SDR 16 TDI (BFFF);
RUNTEST 1000 TCK;
SDR 16 TDI (FFFF);
RUNTEST 1000 TCK;
SDR 16 TDI (FFFF);
RUNTEST 1000 TCK;
SDR 16 TDI (FFFF);
RUNTEST 1000 TCK;
SDR 16 TDI (7FFF);
RUNTEST 1000 TCK;
SDR 16 TDI (FFFF);
RUNTEST 1000 TCK;
SDR 16 TDI (FFFF);
RUNTEST 1000 TCK;
SDR 16 TDI (FFFF);
RUNTEST 1000 TCK;
SDR 16 TDI (BFFF);
RUNTEST 1000 TCK;
SDR 16 TDI (FFFF);
RUNTEST 1000 TCK;
SDR 16 TDI (FFFF);
RUNTEST 1000 TCK;
SDR 16 TDI (FFFF);
RUNTEST 1000 TCK;
SDR 16 TDI (7FFF);
RUNTEST 1000 TCK;
SDR 16 TDI (FFFF);
RUNTEST 1000 TCK;
SDR 16 TDI (FBBF);
RUNTEST 1000 TCK;
SDR 16 TDI (FFFF);
RUNTEST 1000 TCK;
SDR 16 TDI (BFFF);
RUNTEST 1000 TCK;
SDR 16 TDI (FFFF);
RUNTEST 1000 TCK;
SDR 16 TDI (FFFF);
RUNTEST 1000 TCK;
SDR 16 TDI (FFFF);
RUNTEST 1000 TCK;
SDR 16 TDI (7FFF);
RUNTEST 1000 TCK;
SDR 16 TDI (FFFF);
RUNTEST 1000 TCK;
SDR 16 TDI (FFFF);
RUNTEST 1000 TCK;
SDR 16 TDI (FFFF);
RUNTEST 1000 TCK;
SDR 16 TDI (BFFF);
RUNTEST 1000 TCK;
SDR 16 TDI (FFFF);
RUNTEST 1000 TCK;
SDR 16 TDI (FFFF);
RUNTEST 1000 TCK;
SDR 16 TDI (FFFF);
RUNTEST 1000 TCK;
SDR 16 TDI (7FFF);
RUNTEST 1000 TCK;
SDR 16 TDI (FFFF);
RUNTEST 1000 TCK;
SDR 16 TDI (FFFF);
RUNTEST 1000 TCK;
SDR 16 TDI (FFFF);
RUNTEST 1000 TCK;
SDR 16 TDI (BFFF);
RUNTEST 1000 TCK;
SDR 16 TDI (FFFF);
RUNTEST 1000 TCK;
SDR 16 TDI (FFFF);
RUNTEST 1000 TCK;
SDR 16 TDI (FFFF);
RUNTEST 1000 TCK;
SDR 16 TDI (7FFF);
RUNTEST 1000 TCK;
SDR 16 TDI (FFFF);
RUNTEST 1000 TCK;
SDR 16 TDI (FFFF);
RUNTEST 1000 TCK;
SDR 16 TDI (FFFF);
RUNTEST 1000 TCK;
SDR 16 TDI (B77F);
RUNTEST 1000 TCK;
SDR 16 TDI (FFFF);
RUNTEST 1000 TCK;
SDR 16 TDI (FFFF);
RUNTEST 1000 TCK;
SDR 16 TDI (FFFF);
RUNTEST 1000 TCK;
SDR 16 TDI (7FFF);
RUNTEST 1000 TCK;
SDR 16 TDI (FFFF);
RUNTEST 1000 TCK;
SDR 16 TDI (FFFF);
RUNTEST 1000 TCK;
SDR 16 TDI (FFFF);
RUNTEST 1000 TCK;
SDR 16 TDI (BFFF);
RUNTEST 1000 TCK;
SDR 16 TDI (FFFF);
RUNTEST 1000 TCK;
SDR 16 TDI (FFFF);
RUNTEST 1000 TCK;
SDR 16 TDI (FFFF);
RUNTEST 1000 TCK;
SDR 16 TDI (7FFF);
RUNTEST 1000 TCK;
SDR 16 TDI (FFFF);
RUNTEST 1000 TCK;
SDR 16 TDI (FFFF);
RUNTEST 1000 TCK;
SDR 16 TDI (FFFF);
RUNTEST 1000 TCK;
SDR 16 TDI (BFFF);
RUNTEST 1000 TCK;
SDR 16 TDI (FFFF);
RUNTEST 1000 TCK;
SDR 16 TDI (FFFF);
RUNTEST 1000 TCK;
SDR 16 TDI (FFFF);
RUNTEST 1000 TCK;
SDR 16 TDI (7FFF);
RUNTEST 1000 TCK;
SDR 16 TDI (FFFF);
RUNTEST 1000 TCK;
SDR 16 TDI (FB9F);
RUNTEST 1000 TCK;
SDR 16 TDI (FFFF);
RUNTEST 1000 TCK;
SDR 16 TDI (BBBF);
RUNTEST 1000 TCK;
SDR 16 TDI (FFFF);
RUNTEST 1000 TCK;
SDR 16 TDI (FFFF);
RUNTEST 1000 TCK;
SDR 16 TDI (FFFF);
RUNTEST 1000 TCK;
SDR 16 TDI (7FFF);
RUNTEST 1000 TCK;
SDR 16 TDI (FFFF);
RUNTEST 1000 TCK;
SDR 16 TDI (FFFF);
RUNTEST 1000 TCK;
SDR 16 TDI (FFFF);
RUNTEST 1000 TCK;
SDR 16 TDI (BFFF);
RUNTEST 1000 TCK;
SDR 16 TDI (FFFF);
RUNTEST 1000 TCK;
SDR 16 TDI (FFFF);
RUNTEST 1000 TCK;
SDR 16 TDI (FFFF);
RUNTEST 1000 TCK;
SDR 16 TDI (7FFF);
RUNTEST 1000 TCK;
SDR 16 TDI (FFFF);
RUNTEST 1000 TCK;
SDR 16 TDI (FFFF);
RUNTEST 1000 TCK;
SDR 16 TDI (FFFF);
RUNTEST 1000 TCK;
SDR 16 TDI (BFFF);
RUNTEST 1000 TCK;
SDR 16 TDI (FFFF);
RUNTEST 1000 TCK;
SDR 16 TDI (FFFF);
RUNTEST 1000 TCK;
SDR 16 TDI (FFFF);
RUNTEST 1000 TCK;
SDR 16 TDI (7FFF);
RUNTEST 1000 TCK;
SDR 16 TDI (FFFF);
RUNTEST 1000 TCK;
SDR 16 TDI (FF5F);
RUNTEST 1000 TCK;
SDR 16 TDI (FFFF);
RUNTEST 1000 TCK;
SDR 16 TDI (BFFF);
RUNTEST 1000 TCK;
SDR 16 TDI (FFFF);
RUNTEST 1000 TCK;
SDR 16 TDI (FFFF);
RUNTEST 1000 TCK;
SDR 16 TDI (FFFF);
RUNTEST 1000 TCK;
SDR 16 TDI (7FFF);
RUNTEST 1000 TCK;
SDR 16 TDI (FFFF);
RUNTEST 1000 TCK;
SDR 16 TDI (FFFF);
RUNTEST 1000 TCK;
SDR 16 TDI (FFFF);
RUNTEST 1000 TCK;
SDR 16 TDI (BFFF);
RUNTEST 1000 TCK;
SDR 16 TDI (FFFF);
RUNTEST 1000 TCK;
SDR 16 TDI (FFFF);
RUNTEST 1000 TCK;
SDR 16 TDI (FFFF);
RUNTEST 1000 TCK;
SDR 16 TDI (7FFF);
RUNTEST 1000 TCK;
SDR 16 TDI (FFFF);
RUNTEST 1000 TCK;
SDR 16 TDI (FFFF);
RUNTEST 1000 TCK;
SDR 16 TDI (FFFF);
RUNTEST 1000 TCK;
SDR 16 TDI (BFFF);
RUNTEST 1000 TCK;
SDR 16 TDI (FFFF);
RUNTEST 1000 TCK;
SDR 16 TDI (FFFF);
RUNTEST 1000 TCK;
SDR 16 TDI (FFFF);
RUNTEST 1000 TCK;
SDR 16 TDI (7FFF);
RUNTEST 1000 TCK;
SDR 16 TDI (FFFF);
RUNTEST 1000 TCK;
SDR 16 TDI (FFFF);
RUNTEST 1000 TCK;
SDR 16 TDI (FFFF);
RUNTEST 1000 TCK;
SDR 16 TDI (BFFF);
RUNTEST 1000 TCK;
SDR 16 TDI (FFFF);
RUNTEST 1000 TCK;
SDR 16 TDI (FFFF);
RUNTEST 1000 TCK;
SDR 16 TDI (FFFF);
RUNTEST 1000 TCK;
SDR 16 TDI (7FFF);
RUNTEST 1000 TCK;
SDR 16 TDI (FFFF);
RUNTEST 1000 TCK;
SDR 16 TDI (FFFF);
RUNTEST 1000 TCK;
SDR 16 TDI (FFFF);
RUNTEST 1000 TCK;
SDR 16 TDI (BFFF);
RUNTEST 1000 TCK;
SDR 16 TDI (FFFF);
RUNTEST 1000 TCK;
SDR 16 TDI (FFFF);
RUNTEST 1000 TCK;
SDR 16 TDI (FFFF);
RUNTEST 1000 TCK;
SDR 16 TDI (7FFF);
RUNTEST 1000 TCK;
SDR 16 TDI (FFFF);
RUNTEST 1000 TCK;
SDR 16 TDI (FFFF);
RUNTEST 1000 TCK;
SDR 16 TDI (FFFF);
RUNTEST 1000 TCK;
SDR 16 TDI (BFFF);
RUNTEST 1000 TCK;
SDR 16 TDI (FFFF);
RUNTEST 1000 TCK;
SDR 16 TDI (FFFF);
RUNTEST 1000 TCK;
SDR 16 TDI (FFFF);
RUNTEST 1000 TCK;
SDR 16 TDI (7FFF);
RUNTEST 1000 TCK;
SDR 16 TDI (FFFF);
RUNTEST 1000 TCK;
SDR 16 TDI (FFFF);
RUNTEST 1000 TCK;
SDR 16 TDI (FFFF);
RUNTEST 1000 TCK;
SDR 16 TDI (BFFF);
RUNTEST 1000 TCK;
SDR 16 TDI (FFFF);
RUNTEST 1000 TCK;
SDR 16 TDI (FFFF);
RUNTEST 1000 TCK;
SDR 16 TDI (FFFF);
RUNTEST 1000 TCK;
SDR 16 TDI (7FFF);
RUNTEST 1000 TCK;
SDR 16 TDI (FFFF);
RUNTEST 1000 TCK;
SDR 16 TDI (FFFF);
RUNTEST 1000 TCK;
SDR 16 TDI (FFFF);
RUNTEST 1000 TCK;
SDR 16 TDI (BFFF);
RUNTEST 1000 TCK;
SDR 16 TDI (FFFF);
RUNTEST 1000 TCK;
SDR 16 TDI (FFFF);
RUNTEST 1000 TCK;
SDR 16 TDI (FFFF);
RUNTEST 1000 TCK;
SDR 16 TDI (7FFF);
RUNTEST 1000 TCK;
SDR 16 TDI (FFFF);
RUNTEST 1000 TCK;
SDR 16 TDI (FFFF);
RUNTEST 1000 TCK;
SDR 16 TDI (FFFF);
RUNTEST 1000 TCK;
SDR 16 TDI (BFFF);
RUNTEST 1000 TCK;
SDR 16 TDI (FFFF);
RUNTEST 1000 TCK;
SDR 16 TDI (FFFF);
RUNTEST 1000 TCK;
SDR 16 TDI (FFFF);
RUNTEST 1000 TCK;
SDR 16 TDI (7FFF);
RUNTEST 1000 TCK;
SDR 16 TDI (FFFF);
RUNTEST 1000 TCK;
SDR 16 TDI (FFFF);
RUNTEST 1000 TCK;
SDR 16 TDI (FFFF);
RUNTEST 1000 TCK;
SDR 16 TDI (BAFF);
RUNTEST 1000 TCK;
SDR 16 TDI (FFFF);
RUNTEST 1000 TCK;
SDR 16 TDI (FFFF);
RUNTEST 1000 TCK;
SDR 16 TDI (FFFF);
RUNTEST 1000 TCK;
SDR 16 TDI (7FFF);
RUNTEST 1000 TCK;
SDR 16 TDI (FFFF);
RUNTEST 1000 TCK;
SDR 16 TDI (FFFF);
RUNTEST 1000 TCK;
SDR 16 TDI (FFFF);
RUNTEST 1000 TCK;
SDR 16 TDI (BFFF);
RUNTEST 1000 TCK;
SDR 16 TDI (FFFF);
RUNTEST 1000 TCK;
SDR 16 TDI (FFFF);
RUNTEST 1000 TCK;
SDR 16 TDI (FFFF);
RUNTEST 1000 TCK;
SDR 16 TDI (7FFF);
RUNTEST 1000 TCK;
SDR 16 TDI (FFFF);
RUNTEST 1000 TCK;
SDR 16 TDI (FFFF);
RUNTEST 1000 TCK;
SDR 16 TDI (FFFF);
RUNTEST 1000 TCK;
SDR 16 TDI (BFFF);
RUNTEST 1000 TCK;
SDR 16 TDI (FFFF);
RUNTEST 1000 TCK;
SDR 16 TDI (FFFF);
RUNTEST 1000 TCK;
SDR 16 TDI (FFFF);
RUNTEST 1000 TCK;
SDR 16 TDI (7FFF);
RUNTEST 1000 TCK;
SDR 16 TDI (FFFF);
RUNTEST 1000 TCK;
SDR 16 TDI (FEFF);
RUNTEST 1000 TCK;
SDR 16 TDI (FFFF);
RUNTEST 1000 TCK;
SDR 16 TDI (BFFF);
RUNTEST 1000 TCK;
SDR 16 TDI (FFFF);
RUNTEST 1000 TCK;
SDR 16 TDI (FFFF);
RUNTEST 1000 TCK;
SDR 16 TDI (FFFF);
RUNTEST 1000 TCK;
SDR 16 TDI (7FFF);
RUNTEST 1000 TCK;
SDR 16 TDI (FFFF);
RUNTEST 1000 TCK;
SDR 16 TDI (FFFF);
RUNTEST 1000 TCK;
SDR 16 TDI (FFFF);
RUNTEST 1000 TCK;
SDR 16 TDI (BFFF);
RUNTEST 1000 TCK;
SDR 16 TDI (FFFF);
RUNTEST 1000 TCK;
SDR 16 TDI (FFFF);
RUNTEST 1000 TCK;
SDR 16 TDI (FFFF);
RUNTEST 1000 TCK;
SDR 16 TDI (7FFF);
RUNTEST 1000 TCK;
SDR 16 TDI (FFFF);
RUNTEST 1000 TCK;
SDR 16 TDI (FFFF);
RUNTEST 1000 TCK;
SDR 16 TDI (FFFF);
RUNTEST 1000 TCK;
SDR 16 TDI (BFFF);
RUNTEST 1000 TCK;
SDR 16 TDI (FFFF);
RUNTEST 1000 TCK;
SDR 16 TDI (FFFF);
RUNTEST 1000 TCK;
SDR 16 TDI (FFFF);
RUNTEST 1000 TCK;
SDR 16 TDI (7FFF);
RUNTEST 1000 TCK;
SDR 16 TDI (FFFF);
RUNTEST 1000 TCK;
SDR 16 TDI (FFFF);
RUNTEST 1000 TCK;
SDR 16 TDI (FFFF);
RUNTEST 1000 TCK;
SDR 16 TDI (A55F);
RUNTEST 1000 TCK;
SDR 16 TDI (FFFF);
RUNTEST 1000 TCK;
SDR 16 TDI (FEFF);
RUNTEST 1000 TCK;
SDR 16 TDI (FFFF);
RUNTEST 1000 TCK;
SDR 16 TDI (7FFF);
RUNTEST 1000 TCK;
SDR 16 TDI (FF7F);
RUNTEST 1000 TCK;
SDR 16 TDI (FFFF);
RUNTEST 1000 TCK;
SDR 16 TDI (FFFF);
RUNTEST 1000 TCK;
SDR 16 TDI (BFBF);
RUNTEST 1000 TCK;
SDR 16 TDI (FFFF);
RUNTEST 1000 TCK;
SDR 16 TDI (FFFF);
RUNTEST 1000 TCK;
SDR 16 TDI (FEFF);
RUNTEST 1000 TCK;
SDR 16 TDI (7FFF);
RUNTEST 1000 TCK;
SDR 16 TDI (FFFF);
RUNTEST 1000 TCK;
SDR 16 TDI (FF7F);
RUNTEST 1000 TCK;
SDR 16 TDI (FFFF);
RUNTEST 1000 TCK;
SDR 16 TDI (BFFF);
RUNTEST 1000 TCK;
SDR 16 TDI (FFDF);
RUNTEST 1000 TCK;
SDR 16 TDI (FFFF);
RUNTEST 1000 TCK;
SDR 16 TDI (FFFF);
RUNTEST 1000 TCK;
SDR 16 TDI (7FEF);
RUNTEST 1000 TCK;
SDR 16 TDI (FFFF);
RUNTEST 1000 TCK;
SDR 16 TDI (EB9F);
RUNTEST 1000 TCK;
SDR 16 TDI (FFFF);
RUNTEST 1000 TCK;
SDR 16 TDI (AFFF);
RUNTEST 1000 TCK;
SDR 16 TDI (FFFF);
RUNTEST 1000 TCK;
SDR 16 TDI (FDFF);
RUNTEST 1000 TCK;
SDR 16 TDI (FFFF);
RUNTEST 1000 TCK;
SDR 16 TDI (7FFF);
RUNTEST 1000 TCK;
SDR 16 TDI (FEFF);
RUNTEST 1000 TCK;
SDR 16 TDI (FFFF);
RUNTEST 1000 TCK;
SDR 16 TDI (FFFF);
RUNTEST 1000 TCK;
SDR 16 TDI (BF7F);
RUNTEST 1000 TCK;
SDR 16 TDI (FFFF);
RUNTEST 1000 TCK;
SDR 16 TDI (FFFF);
RUNTEST 1000 TCK;
SDR 16 TDI (FDFF);
RUNTEST 1000 TCK;
SDR 16 TDI (7FFF);
RUNTEST 1000 TCK;
SDR 16 TDI (FFFF);
RUNTEST 1000 TCK;
SDR 16 TDI (FEFF);
RUNTEST 1000 TCK;
SDR 16 TDI (FFFF);
RUNTEST 1000 TCK;
SDR 16 TDI (BFFF);
RUNTEST 1000 TCK;
SDR 16 TDI (FFBF);
RUNTEST 1000 TCK;
SDR 16 TDI (FFFF);
RUNTEST 1000 TCK;
SDR 16 TDI (FFFF);
RUNTEST 1000 TCK;
SDR 16 TDI (7FDF);
RUNTEST 1000 TCK;
SDR 16 TDI (FFFF);
RUNTEST 1000 TCK;
SDR 16 TDI (FFDF);
RUNTEST 1000 TCK;
SDR 16 TDI (FFFF);
RUNTEST 1000 TCK;
SDR 16 TDI (B55F);
RUNTEST 1000 TCK;
SDR 16 TDI (FFFF);
RUNTEST 1000 TCK;
SDR 16 TDI (FFFF);
RUNTEST 1000 TCK;
SDR 16 TDI (FFFF);
RUNTEST 1000 TCK;
SDR 16 TDI (7FFF);
RUNTEST 1000 TCK;
SDR 16 TDI (FFFF);
RUNTEST 1000 TCK;
SDR 16 TDI (FFFF);
RUNTEST 1000 TCK;
SDR 16 TDI (FFFF);
RUNTEST 1000 TCK;
SDR 16 TDI (BFFF);
RUNTEST 1000 TCK;
SDR 16 TDI (FFFF);
RUNTEST 1000 TCK;
SDR 16 TDI (FFFF);
RUNTEST 1000 TCK;
SDR 16 TDI (FFFF);
RUNTEST 1000 TCK;
SDR 16 TDI (7FFF);
RUNTEST 1000 TCK;
SDR 16 TDI (FFFF);
RUNTEST 1000 TCK;
SDR 16 TDI (FFFF);
RUNTEST 1000 TCK;
SDR 16 TDI (FFFF);
RUNTEST 1000 TCK;
SDR 16 TDI (BFFF);
RUNTEST 1000 TCK;
SDR 16 TDI (FFFF);
RUNTEST 1000 TCK;
SDR 16 TDI (FFFF);
RUNTEST 1000 TCK;
SDR 16 TDI (FFFF);
RUNTEST 1000 TCK;
SDR 16 TDI (7FFF);
RUNTEST 1000 TCK;
SDR 16 TDI (FFFF);
RUNTEST 1000 TCK;
SDR 16 TDI (E97F);
RUNTEST 1000 TCK;
SDR 16 TDI (FFFF);
RUNTEST 1000 TCK;
SDR 16 TDI (BFFF);
RUNTEST 1000 TCK;
SDR 16 TDI (FFFF);
RUNTEST 1000 TCK;
SDR 16 TDI (FFFF);
RUNTEST 1000 TCK;
SDR 16 TDI (FFFF);
RUNTEST 1000 TCK;
SDR 16 TDI (7FFF);
RUNTEST 1000 TCK;
SDR 16 TDI (FFFF);
RUNTEST 1000 TCK;
SDR 16 TDI (FFFF);
RUNTEST 1000 TCK;
SDR 16 TDI (FFFF);
RUNTEST 1000 TCK;
SDR 16 TDI (BFFF);
RUNTEST 1000 TCK;
SDR 16 TDI (FFFF);
RUNTEST 1000 TCK;
SDR 16 TDI (FFFF);
RUNTEST 1000 TCK;
SDR 16 TDI (FFFF);
RUNTEST 1000 TCK;
SDR 16 TDI (7FFF);
RUNTEST 1000 TCK;
SDR 16 TDI (FFFF);
RUNTEST 1000 TCK;
SDR 16 TDI (FFFF);
RUNTEST 1000 TCK;
SDR 16 TDI (FFFF);
RUNTEST 1000 TCK;
SDR 16 TDI (BFFF);
RUNTEST 1000 TCK;
SDR 16 TDI (FFFF);
RUNTEST 1000 TCK;
SDR 16 TDI (FFFF);
RUNTEST 1000 TCK;
SDR 16 TDI (FFFF);
RUNTEST 1000 TCK;
SDR 16 TDI (7FFF);
RUNTEST 1000 TCK;
SDR 16 TDI (FFFF);
RUNTEST 1000 TCK;
SDR 16 TDI (FFFF);
RUNTEST 1000 TCK;
SDR 16 TDI (FFFF);
RUNTEST 1000 TCK;
SDR 16 TDI (BFFF);
RUNTEST 1000 TCK;
SDR 16 TDI (3333);
RUNTEST 1000 TCK;
SDR 16 TDI (1F33);
RUNTEST 1000 TCK;
SDR 16 TDI (333C);
RUNTEST 1000 TCK;
SDR 16 TDI (7999);
RUNTEST 1000 TCK;
SDR 16 TDI (8F99);
RUNTEST 1000 TCK;
SDR 16 TDI (999E);
RUNTEST 1000 TCK;
SDR 16 TDI (6666);
RUNTEST 1000 TCK;
SDR 16 TDI (A7CC);
RUNTEST 1000 TCK;
SDR 16 TDI (CCCF);
RUNTEST 1000 TCK;
SDR 16 TDI (3333);
RUNTEST 1000 TCK;
SDR 16 TDI (1F33);
RUNTEST 1000 TCK;
SDR 16 TDI (6667);
RUNTEST 1000 TCK;
SDR 16 TDI (9999);
RUNTEST 1000 TCK;
SDR 16 TDI (8F99);
RUNTEST 1000 TCK;
SDR 16 TDI (999F);
RUNTEST 1000 TCK;
SDR 16 TDI (A666);
RUNTEST 1000 TCK;
SDR 16 TDI (63E6);
RUNTEST 1000 TCK;
SDR 16 TDI (6667);
RUNTEST 1000 TCK;
SDR 16 TDI (9999);
RUNTEST 1000 TCK;
SDR 16 TDI (71F3);
RUNTEST 1000 TCK;
SDR 16 TDI (3333);
RUNTEST 1000 TCK;
SDR 16 TDI (FFFF);
RUNTEST 1000 TCK;
SDR 16 TDI (FFFF);
RUNTEST 1000 TCK;
SDR 16 TDI (BFFF);
RUNTEST 1000 TCK;
SDR 16 TDI (7777);
RUNTEST 1000 TCK;
SDR 16 TDI (4ABB);
RUNTEST 1000 TCK;
SDR 16 TDI (BBBD);
RUNTEST 1000 TCK;
SDR 16 TDI (7BBB);
RUNTEST 1000 TCK;
SDR 16 TDI (A55D);
RUNTEST 1000 TCK;
SDR 16 TDI (DDDE);
RUNTEST 1000 TCK;
SDR 16 TDI (EEEE);
RUNTEST 1000 TCK;
SDR 16 TDI (B2AE);
RUNTEST 1000 TCK;
SDR 16 TDI (EEEF);
RUNTEST 1000 TCK;
SDR 16 TDI (7777);
RUNTEST 1000 TCK;
SDR 16 TDI (4ABB);
RUNTEST 1000 TCK;
SDR 16 TDI (7777);
RUNTEST 1000 TCK;
SDR 16 TDI (BBBB);
RUNTEST 1000 TCK;
SDR 16 TDI (A55D);
RUNTEST 1000 TCK;
SDR 16 TDI (DDDF);
RUNTEST 1000 TCK;
SDR 16 TDI (AEEE);
RUNTEST 1000 TCK;
SDR 16 TDI (E957);
RUNTEST 1000 TCK;
SDR 16 TDI (7777);
RUNTEST 1000 TCK;
SDR 16 TDI (BBBB);
RUNTEST 1000 TCK;
SDR 16 TDI (74AB);
RUNTEST 1000 TCK;
SDR 16 TDI (BBBB);
RUNTEST 1000 TCK;
SDR 16 TDI (FFFF);
RUNTEST 1000 TCK;
SDR 16 TDI (FFFF);
RUNTEST 1000 TCK;
SDR 16 TDI (BFFF);
RUNTEST 1000 TCK;
SDR 16 TDI (FFFF);
RUNTEST 1000 TCK;
SDR 16 TDI (FEFF);
RUNTEST 1000 TCK;
SDR 16 TDI (FFFF);
RUNTEST 1000 TCK;
SDR 16 TDI (7FFF);
RUNTEST 1000 TCK;
SDR 16 TDI (FF7F);
RUNTEST 1000 TCK;
SDR 16 TDI (FFFF);
RUNTEST 1000 TCK;
SDR 16 TDI (FFFF);
RUNTEST 1000 TCK;
SDR 16 TDI (BFBF);
RUNTEST 1000 TCK;
SDR 16 TDI (FFFF);
RUNTEST 1000 TCK;
SDR 16 TDI (FFFF);
RUNTEST 1000 TCK;
SDR 16 TDI (FEFF);
RUNTEST 1000 TCK;
SDR 16 TDI (7FFF);
RUNTEST 1000 TCK;
SDR 16 TDI (FFFF);
RUNTEST 1000 TCK;
SDR 16 TDI (FF7F);
RUNTEST 1000 TCK;
SDR 16 TDI (FFFF);
RUNTEST 1000 TCK;
SDR 16 TDI (BFFF);
RUNTEST 1000 TCK;
SDR 16 TDI (FFDF);
RUNTEST 1000 TCK;
SDR 16 TDI (FFFF);
RUNTEST 1000 TCK;
SDR 16 TDI (FFFF);
RUNTEST 1000 TCK;
SDR 16 TDI (7FEF);
RUNTEST 1000 TCK;
SDR 16 TDI (FFFF);
RUNTEST 1000 TCK;
SDR 16 TDI (FFFF);
RUNTEST 1000 TCK;
SDR 16 TDI (FFFF);
RUNTEST 1000 TCK;
SDR 16 TDI (BFFF);
RUNTEST 1000 TCK;
SDR 16 TDI (FFFF);
RUNTEST 1000 TCK;
SDR 16 TDI (FFDF);
RUNTEST 1000 TCK;
SDR 16 TDI (FFFF);
RUNTEST 1000 TCK;
SDR 16 TDI (7FFF);
RUNTEST 1000 TCK;
SDR 16 TDI (FFFF);
RUNTEST 1000 TCK;
SDR 16 TDI (FFFF);
RUNTEST 1000 TCK;
SDR 16 TDI (FFFF);
RUNTEST 1000 TCK;
SDR 16 TDI (BFFF);
RUNTEST 1000 TCK;
SDR 16 TDI (FFFF);
RUNTEST 1000 TCK;
SDR 16 TDI (DEFF);
RUNTEST 1000 TCK;
SDR 16 TDI (FFEF);
RUNTEST 1000 TCK;
SDR 16 TDI (7FFE);
RUNTEST 1000 TCK;
SDR 16 TDI (F7FF);
RUNTEST 1000 TCK;
SDR 16 TDI (FFFF);
RUNTEST 1000 TCK;
SDR 16 TDI (FFFF);
RUNTEST 1000 TCK;
SDR 16 TDI (BBFF);
RUNTEST 1000 TCK;
SDR 16 TDI (FFFF);
RUNTEST 1000 TCK;
SDR 16 TDI (FFFF);
RUNTEST 1000 TCK;
SDR 16 TDI (FFFF);
RUNTEST 1000 TCK;
SDR 16 TDI (7FFF);
RUNTEST 1000 TCK;
SDR 16 TDI (FFFF);
RUNTEST 1000 TCK;
SDR 16 TDI (FFFF);
RUNTEST 1000 TCK;
SDR 16 TDI (FFFF);
RUNTEST 1000 TCK;
SDR 16 TDI (BFFF);
RUNTEST 1000 TCK;
SDR 16 TDI (FFFF);
RUNTEST 1000 TCK;
SDR 16 TDI (FFFF);
RUNTEST 1000 TCK;
SDR 16 TDI (FFFF);
RUNTEST 1000 TCK;
SDR 16 TDI (7FFF);
RUNTEST 1000 TCK;
SDR 16 TDI (FFFF);
RUNTEST 1000 TCK;
SDR 16 TDI (FFFF);
RUNTEST 1000 TCK;
SDR 16 TDI (FFFF);
RUNTEST 1000 TCK;
SDR 16 TDI (BFFF);
RUNTEST 1000 TCK;
SDR 16 TDI (FFFF);
RUNTEST 1000 TCK;
SDR 16 TDI (FFFF);
RUNTEST 1000 TCK;
SDR 16 TDI (FFFF);
RUNTEST 1000 TCK;
SDR 16 TDI (7FFF);
RUNTEST 1000 TCK;
SDR 16 TDI (FFFF);
RUNTEST 1000 TCK;
SDR 16 TDI (FFFF);
RUNTEST 1000 TCK;
SDR 16 TDI (FFFF);
RUNTEST 1000 TCK;
SDR 16 TDI (BFFF);
RUNTEST 1000 TCK;
SDR 16 TDI (FFFF);
RUNTEST 1000 TCK;
SDR 16 TDI (FFFF);
RUNTEST 1000 TCK;
SDR 16 TDI (FFFF);
RUNTEST 1000 TCK;
SDR 16 TDI (7FFF);
RUNTEST 1000 TCK;
SDR 16 TDI (FFFF);
RUNTEST 1000 TCK;
SDR 16 TDI (FFFF);
RUNTEST 1000 TCK;
SDR 16 TDI (FFFF);
RUNTEST 1000 TCK;
SDR 16 TDI (AFFF);
RUNTEST 1000 TCK;
SDR 16 TDI (FFFF);
RUNTEST 1000 TCK;
SDR 16 TDI (FFDF);
RUNTEST 1000 TCK;
SDR 16 TDI (FFFF);
RUNTEST 1000 TCK;
SDR 16 TDI (7FFF);
RUNTEST 1000 TCK;
SDR 16 TDI (FFFF);
RUNTEST 1000 TCK;
SDR 16 TDI (FFFF);
RUNTEST 1000 TCK;
SDR 16 TDI (FFFF);
RUNTEST 1000 TCK;
SDR 16 TDI (BFFF);
RUNTEST 1000 TCK;
SDR 16 TDI (FFFF);
RUNTEST 1000 TCK;
SDR 16 TDI (EFFF);
RUNTEST 1000 TCK;
SDR 16 TDI (FFEF);
RUNTEST 1000 TCK;
SDR 16 TDI (7FFE);
RUNTEST 1000 TCK;
SDR 16 TDI (FFFF);
RUNTEST 1000 TCK;
SDR 16 TDI (FFFF);
RUNTEST 1000 TCK;
SDR 16 TDI (FFFF);
RUNTEST 1000 TCK;
SDR 16 TDI (BFFF);
RUNTEST 1000 TCK;
SDR 16 TDI (FFFF);
RUNTEST 1000 TCK;
SDR 16 TDI (FFFF);
RUNTEST 1000 TCK;
SDR 16 TDI (FFFF);
RUNTEST 1000 TCK;
SDR 16 TDI (7FFF);
RUNTEST 1000 TCK;
SDR 16 TDI (FFFF);
RUNTEST 1000 TCK;
SDR 16 TDI (FFDF);
RUNTEST 1000 TCK;
SDR 16 TDI (FFFF);
RUNTEST 1000 TCK;
SDR 16 TDI (AFFF);
RUNTEST 1000 TCK;
SDR 16 TDI (FFFF);
RUNTEST 1000 TCK;
SDR 16 TDI (FFFF);
RUNTEST 1000 TCK;
SDR 16 TDI (FFFF);
RUNTEST 1000 TCK;
SDR 16 TDI (7FFF);
RUNTEST 1000 TCK;
SDR 16 TDI (FFFF);
RUNTEST 1000 TCK;
SDR 16 TDI (FFFF);
RUNTEST 1000 TCK;
SDR 16 TDI (FFFF);
RUNTEST 1000 TCK;
SDR 16 TDI (BFFF);
RUNTEST 1000 TCK;
SDR 16 TDI (FFFF);
RUNTEST 1000 TCK;
SDR 16 TDI (FEFF);
RUNTEST 1000 TCK;
SDR 16 TDI (FFFF);
RUNTEST 1000 TCK;
SDR 16 TDI (7FFF);
RUNTEST 1000 TCK;
SDR 16 TDI (F7FF);
RUNTEST 1000 TCK;
SDR 16 TDI (FFFF);
RUNTEST 1000 TCK;
SDR 16 TDI (FFFF);
RUNTEST 1000 TCK;
SDR 16 TDI (BDFF);
RUNTEST 1000 TCK;
SDR 16 TDI (FFFF);
RUNTEST 1000 TCK;
SDR 16 TDI (FFFF);
RUNTEST 1000 TCK;
SDR 16 TDI (FFFF);
RUNTEST 1000 TCK;
SDR 16 TDI (7FFF);
RUNTEST 1000 TCK;
SDR 16 TDI (FFFF);
RUNTEST 1000 TCK;
SDR 16 TDI (FFDF);
RUNTEST 1000 TCK;
SDR 16 TDI (FFFF);
RUNTEST 1000 TCK;
SDR 16 TDI (BFFF);
RUNTEST 1000 TCK;
SDR 16 TDI (FFFF);
RUNTEST 1000 TCK;
SDR 16 TDI (FFFF);
RUNTEST 1000 TCK;
SDR 16 TDI (FFFF);
RUNTEST 1000 TCK;
SDR 16 TDI (7FFF);
RUNTEST 1000 TCK;
SDR 16 TDI (FFFF);
RUNTEST 1000 TCK;
SDR 16 TDI (FFFF);
RUNTEST 1000 TCK;
SDR 16 TDI (FFFF);
RUNTEST 1000 TCK;
SDR 16 TDI (BFFF);
RUNTEST 1000 TCK;
SDR 16 TDI (FFFF);
RUNTEST 1000 TCK;
SDR 16 TDI (FFFF);
RUNTEST 1000 TCK;
SDR 16 TDI (FFFF);
RUNTEST 1000 TCK;
SDR 16 TDI (7FFF);
RUNTEST 1000 TCK;
SDR 16 TDI (FFFB);
RUNTEST 1000 TCK;
SDR 16 TDI (FFFF);
RUNTEST 1000 TCK;
SDR 16 TDI (FFFF);
RUNTEST 1000 TCK;
SDR 16 TDI (BFFF);
RUNTEST 1000 TCK;
SDR 16 TDI (F7FF);
RUNTEST 1000 TCK;
SDR 16 TDI (BFFF);
RUNTEST 1000 TCK;
SDR 16 TDI (FFFF);
RUNTEST 1000 TCK;
SDR 16 TDI (7FFF);
RUNTEST 1000 TCK;
SDR 16 TDI (FFFF);
RUNTEST 1000 TCK;
SDR 16 TDI (FFFF);
RUNTEST 1000 TCK;
SDR 16 TDI (FFFF);
RUNTEST 1000 TCK;
SDR 16 TDI (BFFF);
RUNTEST 1000 TCK;
SDR 16 TDI (FFFF);
RUNTEST 1000 TCK;
SDR 16 TDI (FFFF);
RUNTEST 1000 TCK;
SDR 16 TDI (FFFF);
RUNTEST 1000 TCK;
SDR 16 TDI (7FFF);
RUNTEST 1000 TCK;
SDR 16 TDI (FFFF);
RUNTEST 1000 TCK;
SDR 16 TDI (FFFE);
RUNTEST 1000 TCK;
SDR 16 TDI (FFFF);
RUNTEST 1000 TCK;
SDR 16 TDI (BFFF);
RUNTEST 1000 TCK;
SDR 16 TDI (FFFF);
RUNTEST 1000 TCK;
SDR 16 TDI (FFFF);
RUNTEST 1000 TCK;
SDR 16 TDI (FFFF);
RUNTEST 1000 TCK;
SDR 16 TDI (7FFF);
RUNTEST 1000 TCK;
SDR 16 TDI (FFFF);
RUNTEST 1000 TCK;
SDR 16 TDI (FFFF);
RUNTEST 1000 TCK;
SDR 16 TDI (FFFB);
RUNTEST 1000 TCK;
SDR 16 TDI (BEFF);
RUNTEST 1000 TCK;
SDR 16 TDI (FFFF);
RUNTEST 1000 TCK;
SDR 16 TDI (FFFF);
RUNTEST 1000 TCK;
SDR 16 TDI (FFFF);
RUNTEST 1000 TCK;
SDR 16 TDI (7BFF);
RUNTEST 1000 TCK;
SDR 16 TDI (FFFF);
RUNTEST 1000 TCK;
SDR 16 TDI (FFFF);
RUNTEST 1000 TCK;
SDR 16 TDI (FFFF);
RUNTEST 1000 TCK;
SDR 16 TDI (BFFF);
RUNTEST 1000 TCK;
SDR 16 TDI (FFFF);
RUNTEST 1000 TCK;
SDR 16 TDI (FFFF);
RUNTEST 1000 TCK;
SDR 16 TDI (FFFF);
RUNTEST 1000 TCK;
SDR 16 TDI (7FFF);
RUNTEST 1000 TCK;
SDR 16 TDI (FFFF);
RUNTEST 1000 TCK;
SDR 16 TDI (FFFE);
RUNTEST 1000 TCK;
SDR 16 TDI (FDFF);
RUNTEST 1000 TCK;
SDR 16 TDI (BFFF);
RUNTEST 1000 TCK;
SDR 16 TDI (FFFF);
RUNTEST 1000 TCK;
SDR 16 TDI (FFFF);
RUNTEST 1000 TCK;
SDR 16 TDI (FFFF);
RUNTEST 1000 TCK;
SDR 16 TDI (7FFF);
RUNTEST 1000 TCK;
SDR 16 TDI (FFFF);
RUNTEST 1000 TCK;
SDR 16 TDI (FFFF);
RUNTEST 1000 TCK;
SDR 16 TDI (FFFB);
RUNTEST 1000 TCK;
SDR 16 TDI (BEFF);
RUNTEST 1000 TCK;
SDR 16 TDI (FFFF);
RUNTEST 1000 TCK;
SDR 16 TDI (FFFF);
RUNTEST 1000 TCK;
SDR 16 TDI (FFFF);
RUNTEST 1000 TCK;
SDR 16 TDI (7FFF);
RUNTEST 1000 TCK;
SDR 16 TDI (FFFF);
RUNTEST 1000 TCK;
SDR 16 TDI (FFFF);
RUNTEST 1000 TCK;
SDR 16 TDI (FFFF);
RUNTEST 1000 TCK;
SDR 16 TDI (BFFF);
RUNTEST 1000 TCK;
SDR 16 TDI (FFFF);
RUNTEST 1000 TCK;
SDR 16 TDI (FFFF);
RUNTEST 1000 TCK;
SDR 16 TDI (FFFF);
RUNTEST 1000 TCK;
SDR 16 TDI (7FFF);
RUNTEST 1000 TCK;
SDR 16 TDI (FFFF);
RUNTEST 1000 TCK;
SDR 16 TDI (FFFF);
RUNTEST 1000 TCK;
SDR 16 TDI (FFFF);
RUNTEST 1000 TCK;
SDR 16 TDI (BFFF);
RUNTEST 1000 TCK;
SDR 16 TDI (FFFF);
RUNTEST 1000 TCK;
SDR 16 TDI (FFFF);
RUNTEST 1000 TCK;
SDR 16 TDI (FFFF);
RUNTEST 1000 TCK;
SDR 16 TDI (7FFF);
RUNTEST 1000 TCK;
SDR 16 TDI (FFFD);
RUNTEST 1000 TCK;
SDR 16 TDI (FFFF);
RUNTEST 1000 TCK;
SDR 16 TDI (FFFF);
RUNTEST 1000 TCK;
SDR 16 TDI (BFFF);
RUNTEST 1000 TCK;
SDR 16 TDI (EFFF);
RUNTEST 1000 TCK;
SDR 16 TDI (DFFF);
RUNTEST 1000 TCK;
SDR 16 TDI (FFFF);
RUNTEST 1000 TCK;
SDR 16 TDI (77FF);
RUNTEST 1000 TCK;
SDR 16 TDI (FFFF);
RUNTEST 1000 TCK;
SDR 16 TDI (FFFF);
RUNTEST 1000 TCK;
SDR 16 TDI (FFFF);
RUNTEST 1000 TCK;
SDR 16 TDI (BFFF);
RUNTEST 1000 TCK;
SDR 16 TDI (FFFF);
RUNTEST 1000 TCK;
SDR 16 TDI (FFFF);
RUNTEST 1000 TCK;
SDR 16 TDI (FFFF);
RUNTEST 1000 TCK;
SDR 16 TDI (7FFF);
RUNTEST 1000 TCK;
SDR 16 TDI (FFFF);
RUNTEST 1000 TCK;
SDR 16 TDI (FFFD);
RUNTEST 1000 TCK;
SDR 16 TDI (FFBF);
RUNTEST 1000 TCK;
SDR 16 TDI (BFFF);
RUNTEST 1000 TCK;
SDR 16 TDI (BFFF);
RUNTEST 1000 TCK;
SDR 16 TDI (FFFF);
RUNTEST 1000 TCK;
SDR 16 TDI (FFFF);
RUNTEST 1000 TCK;
SDR 16 TDI (7FFF);
RUNTEST 1000 TCK;
SDR 16 TDI (FFFF);
RUNTEST 1000 TCK;
SDR 16 TDI (FFFF);
RUNTEST 1000 TCK;
SDR 16 TDI (FFFB);
RUNTEST 1000 TCK;
SDR 16 TDI (BFFF);
RUNTEST 1000 TCK;
SDR 16 TDI (FFFF);
RUNTEST 1000 TCK;
SDR 16 TDI (FFFF);
RUNTEST 1000 TCK;
SDR 16 TDI (FFFF);
RUNTEST 1000 TCK;
SDR 16 TDI (7FFF);
RUNTEST 1000 TCK;
SDR 16 TDI (FFFF);
RUNTEST 1000 TCK;
SDR 16 TDI (FFFF);
RUNTEST 1000 TCK;
SDR 16 TDI (FFFF);
RUNTEST 1000 TCK;
SDR 16 TDI (BFFF);
RUNTEST 1000 TCK;
SDR 16 TDI (FFFF);
RUNTEST 1000 TCK;
SDR 16 TDI (FF7F);
RUNTEST 1000 TCK;
SDR 16 TDI (FFFF);
RUNTEST 1000 TCK;
SDR 16 TDI (7FFF);
RUNTEST 1000 TCK;
SDR 16 TDI (FFFF);
RUNTEST 1000 TCK;
SDR 16 TDI (FFFF);
RUNTEST 1000 TCK;
SDR 16 TDI (FEEF);
RUNTEST 1000 TCK;
SDR 16 TDI (BFDF);
RUNTEST 1000 TCK;
SDR 16 TDI (FFFF);
RUNTEST 1000 TCK;
SDR 16 TDI (FFFF);
RUNTEST 1000 TCK;
SDR 16 TDI (FFFF);
RUNTEST 1000 TCK;
SDR 16 TDI (7FFF);
RUNTEST 1000 TCK;
SDR 16 TDI (FFFF);
RUNTEST 1000 TCK;
SDR 16 TDI (FFFF);
RUNTEST 1000 TCK;
SDR 16 TDI (FFFF);
RUNTEST 1000 TCK;
SDR 16 TDI (BFFF);
RUNTEST 1000 TCK;
SDR 16 TDI (FFFF);
RUNTEST 1000 TCK;
SDR 16 TDI (FFFF);
RUNTEST 1000 TCK;
SDR 16 TDI (FFFF);
RUNTEST 1000 TCK;
SDR 16 TDI (7FFF);
RUNTEST 1000 TCK;
SDR 16 TDI (FFFF);
RUNTEST 1000 TCK;
SDR 16 TDI (FFFF);
RUNTEST 1000 TCK;
SDR 16 TDI (FFFF);
RUNTEST 1000 TCK;
SDR 16 TDI (BFFF);
RUNTEST 1000 TCK;
SDR 16 TDI (FFFF);
RUNTEST 1000 TCK;
SDR 16 TDI (FFFF);
RUNTEST 1000 TCK;
SDR 16 TDI (FFFF);
RUNTEST 1000 TCK;
SDR 16 TDI (7FFF);
RUNTEST 1000 TCK;
SDR 16 TDI (FFFF);
RUNTEST 1000 TCK;
SDR 16 TDI (FFFB);
RUNTEST 1000 TCK;
SDR 16 TDI (FEBF);
RUNTEST 1000 TCK;
SDR 16 TDI (BFFF);
RUNTEST 1000 TCK;
SDR 16 TDI (FFFF);
RUNTEST 1000 TCK;
SDR 16 TDI (FFFF);
RUNTEST 1000 TCK;
SDR 16 TDI (FFFF);
RUNTEST 1000 TCK;
SDR 16 TDI (7FFF);
RUNTEST 1000 TCK;
SDR 16 TDI (FFFF);
RUNTEST 1000 TCK;
SDR 16 TDI (FFFF);
RUNTEST 1000 TCK;
SDR 16 TDI (FFFF);
RUNTEST 1000 TCK;
SDR 16 TDI (BFFF);
RUNTEST 1000 TCK;
SDR 16 TDI (FFFF);
RUNTEST 1000 TCK;
SDR 16 TDI (FFFF);
RUNTEST 1000 TCK;
SDR 16 TDI (FFFF);
RUNTEST 1000 TCK;
SDR 16 TDI (7FFF);
RUNTEST 1000 TCK;
SDR 16 TDI (FFFF);
RUNTEST 1000 TCK;
SDR 16 TDI (FFFF);
RUNTEST 1000 TCK;
SDR 16 TDI (FFFF);
RUNTEST 1000 TCK;
SDR 16 TDI (BFFF);
RUNTEST 1000 TCK;
SDR 16 TDI (FFFF);
RUNTEST 1000 TCK;
SDR 16 TDI (FFFF);
RUNTEST 1000 TCK;
SDR 16 TDI (FFFF);
RUNTEST 1000 TCK;
SDR 16 TDI (7FFF);
RUNTEST 1000 TCK;
SDR 16 TDI (FFFF);
RUNTEST 1000 TCK;
SDR 16 TDI (FFFF);
RUNTEST 1000 TCK;
SDR 16 TDI (FFEF);
RUNTEST 1000 TCK;
SDR 16 TDI (BFFF);
RUNTEST 1000 TCK;
SDR 16 TDI (BFFF);
RUNTEST 1000 TCK;
SDR 16 TDI (FFFF);
RUNTEST 1000 TCK;
SDR 16 TDI (FFFF);
RUNTEST 1000 TCK;
SDR 16 TDI (7FFF);
RUNTEST 1000 TCK;
SDR 16 TDI (FFFF);
RUNTEST 1000 TCK;
SDR 16 TDI (FFFF);
RUNTEST 1000 TCK;
SDR 16 TDI (FFFF);
RUNTEST 1000 TCK;
SDR 16 TDI (BFFF);
RUNTEST 1000 TCK;
SDR 16 TDI (FFFF);
RUNTEST 1000 TCK;
SDR 16 TDI (FFFF);
RUNTEST 1000 TCK;
SDR 16 TDI (FFFF);
RUNTEST 1000 TCK;
SDR 16 TDI (7FFF);
RUNTEST 1000 TCK;
SDR 16 TDI (FFFF);
RUNTEST 1000 TCK;
SDR 16 TDI (FFFF);
RUNTEST 1000 TCK;
SDR 16 TDI (FFFF);
RUNTEST 1000 TCK;
SDR 16 TDI (B77F);
RUNTEST 1000 TCK;
SDR 16 TDI (FFFF);
RUNTEST 1000 TCK;
SDR 16 TDI (FFFF);
RUNTEST 1000 TCK;
SDR 16 TDI (FFFF);
RUNTEST 1000 TCK;
SDR 16 TDI (7FFF);
RUNTEST 1000 TCK;
SDR 16 TDI (FFFF);
RUNTEST 1000 TCK;
SDR 16 TDI (FFFF);
RUNTEST 1000 TCK;
SDR 16 TDI (FF7F);
RUNTEST 1000 TCK;
SDR 16 TDI (BFFF);
RUNTEST 1000 TCK;
SDR 16 TDI (F7FF);
RUNTEST 1000 TCK;
SDR 16 TDI (FFFF);
RUNTEST 1000 TCK;
SDR 16 TDI (FFFF);
RUNTEST 1000 TCK;
SDR 16 TDI (7FFF);
RUNTEST 1000 TCK;
SDR 16 TDI (FFFF);
RUNTEST 1000 TCK;
SDR 16 TDI (FFFF);
RUNTEST 1000 TCK;
SDR 16 TDI (FFFF);
RUNTEST 1000 TCK;
SDR 16 TDI (BFFF);
RUNTEST 1000 TCK;
SDR 16 TDI (FFFF);
RUNTEST 1000 TCK;
SDR 16 TDI (FFFF);
RUNTEST 1000 TCK;
SDR 16 TDI (FFFF);
RUNTEST 1000 TCK;
SDR 16 TDI (7FFF);
RUNTEST 1000 TCK;
SDR 16 TDI (FFFF);
RUNTEST 1000 TCK;
SDR 16 TDI (EA9F);
RUNTEST 1000 TCK;
SDR 16 TDI (FFFF);
RUNTEST 1000 TCK;
SDR 16 TDI (BFFF);
RUNTEST 1000 TCK;
SDR 16 TDI (FFFF);
RUNTEST 1000 TCK;
SDR 16 TDI (FFFF);
RUNTEST 1000 TCK;
SDR 16 TDI (FFFF);
RUNTEST 1000 TCK;
SDR 16 TDI (7FFF);
RUNTEST 1000 TCK;
SDR 16 TDI (FFFF);
RUNTEST 1000 TCK;
SDR 16 TDI (FFFF);
RUNTEST 1000 TCK;
SDR 16 TDI (FFFF);
RUNTEST 1000 TCK;
SDR 16 TDI (BFFF);
RUNTEST 1000 TCK;
SDR 16 TDI (FFFF);
RUNTEST 1000 TCK;
SDR 16 TDI (FFFF);
RUNTEST 1000 TCK;
SDR 16 TDI (FFFF);
RUNTEST 1000 TCK;
SDR 16 TDI (7FFF);
RUNTEST 1000 TCK;
SDR 16 TDI (FFFF);
RUNTEST 1000 TCK;
SDR 16 TDI (FFFF);
RUNTEST 1000 TCK;
SDR 16 TDI (FFFF);
RUNTEST 1000 TCK;
SDR 16 TDI (BFFF);
RUNTEST 1000 TCK;
SDR 16 TDI (FFFF);
RUNTEST 1000 TCK;
SDR 16 TDI (FFFF);
RUNTEST 1000 TCK;
SDR 16 TDI (FFFF);
RUNTEST 1000 TCK;
SDR 16 TDI (7FFF);
RUNTEST 1000 TCK;
SDR 16 TDI (FFFF);
RUNTEST 1000 TCK;
SDR 16 TDI (FFDF);
RUNTEST 1000 TCK;
SDR 16 TDI (FFFF);
RUNTEST 1000 TCK;
SDR 16 TDI (B77F);
RUNTEST 1000 TCK;
SDR 16 TDI (FFFF);
RUNTEST 1000 TCK;
SDR 16 TDI (FFFF);
RUNTEST 1000 TCK;
SDR 16 TDI (FFFF);
RUNTEST 1000 TCK;
SDR 16 TDI (7FFF);
RUNTEST 1000 TCK;
SDR 16 TDI (FFFF);
RUNTEST 1000 TCK;
SDR 16 TDI (FFFF);
RUNTEST 1000 TCK;
SDR 16 TDI (FFFF);
RUNTEST 1000 TCK;
SDR 16 TDI (BFFF);
RUNTEST 1000 TCK;
SDR 16 TDI (FFFF);
RUNTEST 1000 TCK;
SDR 16 TDI (FFFF);
RUNTEST 1000 TCK;
SDR 16 TDI (FFFF);
RUNTEST 1000 TCK;
SDR 16 TDI (7FFF);
RUNTEST 1000 TCK;
SDR 16 TDI (FFFF);
RUNTEST 1000 TCK;
SDR 16 TDI (FFFF);
RUNTEST 1000 TCK;
SDR 16 TDI (FFFF);
RUNTEST 1000 TCK;
SDR 16 TDI (BFFF);
RUNTEST 1000 TCK;
SDR 16 TDI (FFFF);
RUNTEST 1000 TCK;
SDR 16 TDI (FFFF);
RUNTEST 1000 TCK;
SDR 16 TDI (FFFF);
RUNTEST 1000 TCK;
SDR 16 TDI (7FFF);
RUNTEST 1000 TCK;
SDR 16 TDI (FFFF);
RUNTEST 1000 TCK;
SDR 16 TDI (EA9F);
RUNTEST 1000 TCK;
SDR 16 TDI (FFFF);
RUNTEST 1000 TCK;
SDR 16 TDI (BBBF);
RUNTEST 1000 TCK;
SDR 16 TDI (FFFF);
RUNTEST 1000 TCK;
SDR 16 TDI (FFFF);
RUNTEST 1000 TCK;
SDR 16 TDI (FFFF);
RUNTEST 1000 TCK;
SDR 16 TDI (7FFF);
RUNTEST 1000 TCK;
SDR 16 TDI (FFFF);
RUNTEST 1000 TCK;
SDR 16 TDI (FFFF);
RUNTEST 1000 TCK;
SDR 16 TDI (F4DB);
RUNTEST 1000 TCK;
SDR 16 TDI (BFFF);
RUNTEST 1000 TCK;
SDR 16 TDI (7FBB);
RUNTEST 1000 TCK;
SDR 16 TDI (FFFF);
RUNTEST 1000 TCK;
SDR 16 TDI (FFFF);
RUNTEST 1000 TCK;
SDR 16 TDI (7FFF);
RUNTEST 1000 TCK;
SDR 16 TDI (FFFF);
RUNTEST 1000 TCK;
SDR 16 TDI (FFFF);
RUNTEST 1000 TCK;
SDR 16 TDI (FFFF);
RUNTEST 1000 TCK;
SDR 16 TDI (BFFF);
RUNTEST 1000 TCK;
SDR 16 TDI (FFFF);
RUNTEST 1000 TCK;
SDR 16 TDI (FFFF);
RUNTEST 1000 TCK;
SDR 16 TDI (FFFF);
RUNTEST 1000 TCK;
SDR 16 TDI (7FFF);
RUNTEST 1000 TCK;
SDR 16 TDI (FFFF);
RUNTEST 1000 TCK;
SDR 16 TDI (FD5F);
RUNTEST 1000 TCK;
SDR 16 TDI (FFFF);
RUNTEST 1000 TCK;
SDR 16 TDI (BFFF);
RUNTEST 1000 TCK;
SDR 16 TDI (FFBF);
RUNTEST 1000 TCK;
SDR 16 TDI (FFFF);
RUNTEST 1000 TCK;
SDR 16 TDI (FFFF);
RUNTEST 1000 TCK;
SDR 16 TDI (7FFF);
RUNTEST 1000 TCK;
SDR 16 TDI (FFFF);
RUNTEST 1000 TCK;
SDR 16 TDI (FFFF);
RUNTEST 1000 TCK;
SDR 16 TDI (FFFF);
RUNTEST 1000 TCK;
SDR 16 TDI (BFFB);
RUNTEST 1000 TCK;
SDR 16 TDI (FFFF);
RUNTEST 1000 TCK;
SDR 16 TDI (FFFF);
RUNTEST 1000 TCK;
SDR 16 TDI (FFFF);
RUNTEST 1000 TCK;
SDR 16 TDI (7FFF);
RUNTEST 1000 TCK;
SDR 16 TDI (FFFF);
RUNTEST 1000 TCK;
SDR 16 TDI (FFFF);
RUNTEST 1000 TCK;
SDR 16 TDI (FFFF);
RUNTEST 1000 TCK;
SDR 16 TDI (BFFF);
RUNTEST 1000 TCK;
SDR 16 TDI (FFFF);
RUNTEST 1000 TCK;
SDR 16 TDI (FFFF);
RUNTEST 1000 TCK;
SDR 16 TDI (FFFF);
RUNTEST 1000 TCK;
SDR 16 TDI (7FFF);
RUNTEST 1000 TCK;
SDR 16 TDI (FFFF);
RUNTEST 1000 TCK;
SDR 16 TDI (FFFF);
RUNTEST 1000 TCK;
SDR 16 TDI (FFFF);
RUNTEST 1000 TCK;
SDR 16 TDI (BFFF);
RUNTEST 1000 TCK;
SDR 16 TDI (FFFF);
RUNTEST 1000 TCK;
SDR 16 TDI (FFFF);
RUNTEST 1000 TCK;
SDR 16 TDI (FFFF);
RUNTEST 1000 TCK;
SDR 16 TDI (7FFF);
RUNTEST 1000 TCK;
SDR 16 TDI (FFFF);
RUNTEST 1000 TCK;
SDR 16 TDI (FFFF);
RUNTEST 1000 TCK;
SDR 16 TDI (FFBF);
RUNTEST 1000 TCK;
SDR 16 TDI (BFFF);
RUNTEST 1000 TCK;
SDR 16 TDI (FFFF);
RUNTEST 1000 TCK;
SDR 16 TDI (FFFF);
RUNTEST 1000 TCK;
SDR 16 TDI (FFFF);
RUNTEST 1000 TCK;
SDR 16 TDI (7FFF);
RUNTEST 1000 TCK;
SDR 16 TDI (FFFF);
RUNTEST 1000 TCK;
SDR 16 TDI (FFFF);
RUNTEST 1000 TCK;
SDR 16 TDI (FFFF);
RUNTEST 1000 TCK;
SDR 16 TDI (BFFF);
RUNTEST 1000 TCK;
SDR 16 TDI (FFFF);
RUNTEST 1000 TCK;
SDR 16 TDI (FFFF);
RUNTEST 1000 TCK;
SDR 16 TDI (FFFF);
RUNTEST 1000 TCK;
SDR 16 TDI (7FFF);
RUNTEST 1000 TCK;
SDR 16 TDI (FFFF);
RUNTEST 1000 TCK;
SDR 16 TDI (FFFF);
RUNTEST 1000 TCK;
SDR 16 TDI (FFFF);
RUNTEST 1000 TCK;
SDR 16 TDI (BEFF);
RUNTEST 1000 TCK;
SDR 16 TDI (FFFF);
RUNTEST 1000 TCK;
SDR 16 TDI (FFFF);
RUNTEST 1000 TCK;
SDR 16 TDI (FFFF);
RUNTEST 1000 TCK;
SDR 16 TDI (7FFF);
RUNTEST 1000 TCK;
SDR 16 TDI (FFFF);
RUNTEST 1000 TCK;
SDR 16 TDI (FFFF);
RUNTEST 1000 TCK;
SDR 16 TDI (FF7F);
RUNTEST 1000 TCK;
SDR 16 TDI (BFF7);
RUNTEST 1000 TCK;
SDR 16 TDI (FF7F);
RUNTEST 1000 TCK;
SDR 16 TDI (FFFF);
RUNTEST 1000 TCK;
SDR 16 TDI (FFFF);
RUNTEST 1000 TCK;
SDR 16 TDI (7FFF);
RUNTEST 1000 TCK;
SDR 16 TDI (FFFF);
RUNTEST 1000 TCK;
SDR 16 TDI (FFFF);
RUNTEST 1000 TCK;
SDR 16 TDI (FFFF);
RUNTEST 1000 TCK;
SDR 16 TDI (BFFF);
RUNTEST 1000 TCK;
SDR 16 TDI (FFFF);
RUNTEST 1000 TCK;
SDR 16 TDI (FFFF);
RUNTEST 1000 TCK;
SDR 16 TDI (FFFF);
RUNTEST 1000 TCK;
SDR 16 TDI (7FFF);
RUNTEST 1000 TCK;
SDR 16 TDI (FFFF);
RUNTEST 1000 TCK;
SDR 16 TDI (FFFF);
RUNTEST 1000 TCK;
SDR 16 TDI (FFFF);
RUNTEST 1000 TCK;
SDR 16 TDI (BBFF);
RUNTEST 1000 TCK;
SDR 16 TDI (FFBF);
RUNTEST 1000 TCK;
SDR 16 TDI (FFFF);
RUNTEST 1000 TCK;
SDR 16 TDI (FFFF);
RUNTEST 1000 TCK;
SDR 16 TDI (7FFF);
RUNTEST 1000 TCK;
SDR 16 TDI (FFFF);
RUNTEST 1000 TCK;
SDR 16 TDI (FFFF);
RUNTEST 1000 TCK;
SDR 16 TDI (FCFD);
RUNTEST 1000 TCK;
SDR 16 TDI (BFFF);
RUNTEST 1000 TCK;
SDR 16 TDI (7BFF);
RUNTEST 1000 TCK;
SDR 16 TDI (FFFF);
RUNTEST 1000 TCK;
SDR 16 TDI (FFFF);
RUNTEST 1000 TCK;
SDR 16 TDI (7FFF);
RUNTEST 1000 TCK;
SDR 16 TDI (FFFF);
RUNTEST 1000 TCK;
SDR 16 TDI (FFFF);
RUNTEST 1000 TCK;
SDR 16 TDI (FFFF);
RUNTEST 1000 TCK;
SDR 16 TDI (BFFF);
RUNTEST 1000 TCK;
SDR 16 TDI (FFFF);
RUNTEST 1000 TCK;
SDR 16 TDI (FFFF);
RUNTEST 1000 TCK;
SDR 16 TDI (FFFF);
RUNTEST 1000 TCK;
SDR 16 TDI (7FFF);
RUNTEST 1000 TCK;
SDR 16 TDI (FFFF);
RUNTEST 1000 TCK;
SDR 16 TDI (FDFF);
RUNTEST 1000 TCK;
SDR 16 TDI (FFFF);
RUNTEST 1000 TCK;
SDR 16 TDI (BFFF);
RUNTEST 1000 TCK;
SDR 16 TDI (FFFF);
RUNTEST 1000 TCK;
SDR 16 TDI (FFFF);
RUNTEST 1000 TCK;
SDR 16 TDI (FFFF);
RUNTEST 1000 TCK;
SDR 16 TDI (7FFF);
RUNTEST 1000 TCK;
SDR 16 TDI (FFFF);
RUNTEST 1000 TCK;
SDR 16 TDI (FFFF);
RUNTEST 1000 TCK;
SDR 16 TDI (F79F);
RUNTEST 1000 TCK;
SDR 16 TDI (BFFF);
RUNTEST 1000 TCK;
SDR 16 TDI (FFF7);
RUNTEST 1000 TCK;
SDR 16 TDI (FFFF);
RUNTEST 1000 TCK;
SDR 16 TDI (FFFF);
RUNTEST 1000 TCK;
SDR 16 TDI (7FFF);
RUNTEST 1000 TCK;
SDR 16 TDI (FFFF);
RUNTEST 1000 TCK;
SDR 16 TDI (FFFF);
RUNTEST 1000 TCK;
SDR 16 TDI (FFFF);
RUNTEST 1000 TCK;
SDR 16 TDI (BFFF);
RUNTEST 1000 TCK;
SDR 16 TDI (FFFF);
RUNTEST 1000 TCK;
SDR 16 TDI (FFFF);
RUNTEST 1000 TCK;
SDR 16 TDI (FFFF);
RUNTEST 1000 TCK;
SDR 16 TDI (7FFF);
RUNTEST 1000 TCK;
SDR 16 TDI (FFFF);
RUNTEST 1000 TCK;
SDR 16 TDI (FFFF);
RUNTEST 1000 TCK;
SDR 16 TDI (FFFF);
RUNTEST 1000 TCK;
SDR 16 TDI (A55F);
RUNTEST 1000 TCK;
SDR 16 TDI (FCFF);
RUNTEST 1000 TCK;
SDR 16 TDI (FEFF);
RUNTEST 1000 TCK;
SDR 16 TDI (FFFF);
RUNTEST 1000 TCK;
SDR 16 TDI (7FFF);
RUNTEST 1000 TCK;
SDR 16 TDI (FF7F);
RUNTEST 1000 TCK;
SDR 16 TDI (FFFF);
RUNTEST 1000 TCK;
SDR 16 TDI (9888);
RUNTEST 1000 TCK;
SDR 16 TDI (BF81);
RUNTEST 1000 TCK;
SDR 16 TDI (3133);
RUNTEST 1000 TCK;
SDR 16 TDI (FFFF);
RUNTEST 1000 TCK;
SDR 16 TDI (FEFF);
RUNTEST 1000 TCK;
SDR 16 TDI (7FFF);
RUNTEST 1000 TCK;
SDR 16 TDI (FFFF);
RUNTEST 1000 TCK;
SDR 16 TDI (FF7F);
RUNTEST 1000 TCK;
SDR 16 TDI (FFFF);
RUNTEST 1000 TCK;
SDR 16 TDI (BFFF);
RUNTEST 1000 TCK;
SDR 16 TDI (FFDF);
RUNTEST 1000 TCK;
SDR 16 TDI (FFFF);
RUNTEST 1000 TCK;
SDR 16 TDI (FFFF);
RUNTEST 1000 TCK;
SDR 16 TDI (7FEF);
RUNTEST 1000 TCK;
SDR 16 TDI (FFFF);
RUNTEST 1000 TCK;
SDR 16 TDI (EA5F);
RUNTEST 1000 TCK;
SDR 16 TDI (FFFF);
RUNTEST 1000 TCK;
SDR 16 TDI (AFFF);
RUNTEST 1000 TCK;
SDR 16 TDI (FCFF);
RUNTEST 1000 TCK;
SDR 16 TDI (FDFF);
RUNTEST 1000 TCK;
SDR 16 TDI (FFFF);
RUNTEST 1000 TCK;
SDR 16 TDI (7FFF);
RUNTEST 1000 TCK;
SDR 16 TDI (FEFF);
RUNTEST 1000 TCK;
SDR 16 TDI (FFFF);
RUNTEST 1000 TCK;
SDR 16 TDI (9898);
RUNTEST 1000 TCK;
SDR 16 TDI (BF41);
RUNTEST 1000 TCK;
SDR 16 TDI (3133);
RUNTEST 1000 TCK;
SDR 16 TDI (FFFF);
RUNTEST 1000 TCK;
SDR 16 TDI (FDFF);
RUNTEST 1000 TCK;
SDR 16 TDI (7FFF);
RUNTEST 1000 TCK;
SDR 16 TDI (FFFF);
RUNTEST 1000 TCK;
SDR 16 TDI (FEFF);
RUNTEST 1000 TCK;
SDR 16 TDI (FFFF);
RUNTEST 1000 TCK;
SDR 16 TDI (BFFF);
RUNTEST 1000 TCK;
SDR 16 TDI (FFBF);
RUNTEST 1000 TCK;
SDR 16 TDI (FFFF);
RUNTEST 1000 TCK;
SDR 16 TDI (FFFF);
RUNTEST 1000 TCK;
SDR 16 TDI (7FDF);
RUNTEST 1000 TCK;
SDR 16 TDI (FFFF);
RUNTEST 1000 TCK;
SDR 16 TDI (FF5F);
RUNTEST 1000 TCK;
SDR 16 TDI (FFFF);
RUNTEST 1000 TCK;
SDR 16 TDI (B55F);
RUNTEST 1000 TCK;
SDR 16 TDI (FCFF);
RUNTEST 1000 TCK;
SDR 16 TDI (FFFF);
RUNTEST 1000 TCK;
SDR 16 TDI (FFFF);
RUNTEST 1000 TCK;
SDR 16 TDI (7FFF);
RUNTEST 1000 TCK;
SDR 16 TDI (FFFF);
RUNTEST 1000 TCK;
SDR 16 TDI (FFFF);
RUNTEST 1000 TCK;
SDR 16 TDI (9811);
RUNTEST 1000 TCK;
SDR 16 TDI (BFE0);
RUNTEST 1000 TCK;
SDR 16 TDI (0013);
RUNTEST 1000 TCK;
SDR 16 TDI (FFFF);
RUNTEST 1000 TCK;
SDR 16 TDI (FFFF);
RUNTEST 1000 TCK;
SDR 16 TDI (7FFF);
RUNTEST 1000 TCK;
SDR 16 TDI (FFFF);
RUNTEST 1000 TCK;
SDR 16 TDI (FFFF);
RUNTEST 1000 TCK;
SDR 16 TDI (FFFF);
RUNTEST 1000 TCK;
SDR 16 TDI (BFFF);
RUNTEST 1000 TCK;
SDR 16 TDI (FFFF);
RUNTEST 1000 TCK;
SDR 16 TDI (FFFF);
RUNTEST 1000 TCK;
SDR 16 TDI (FFFF);
RUNTEST 1000 TCK;
SDR 16 TDI (7FFF);
RUNTEST 1000 TCK;
SDR 16 TDI (FFFF);
RUNTEST 1000 TCK;
SDR 16 TDI (EAFF);
RUNTEST 1000 TCK;
SDR 16 TDI (FFFF);
RUNTEST 1000 TCK;
SDR 16 TDI (BFFF);
RUNTEST 1000 TCK;
SDR 16 TDI (FCFF);
RUNTEST 1000 TCK;
SDR 16 TDI (FFFF);
RUNTEST 1000 TCK;
SDR 16 TDI (FFFF);
RUNTEST 1000 TCK;
SDR 16 TDI (7FFF);
RUNTEST 1000 TCK;
SDR 16 TDI (FFFF);
RUNTEST 1000 TCK;
SDR 16 TDI (FFFF);
RUNTEST 1000 TCK;
SDR 16 TDI (9819);
RUNTEST 1000 TCK;
SDR 16 TDI (BFE0);
RUNTEST 1000 TCK;
SDR 16 TDI (3013);
RUNTEST 1000 TCK;
SDR 16 TDI (FFFF);
RUNTEST 1000 TCK;
SDR 16 TDI (FFFF);
RUNTEST 1000 TCK;
SDR 16 TDI (7FFF);
RUNTEST 1000 TCK;
SDR 16 TDI (FFFF);
RUNTEST 1000 TCK;
SDR 16 TDI (FFFF);
RUNTEST 1000 TCK;
SDR 16 TDI (FFFF);
RUNTEST 1000 TCK;
SDR 16 TDI (BFFF);
RUNTEST 1000 TCK;
SDR 16 TDI (FFFF);
RUNTEST 1000 TCK;
SDR 16 TDI (FFFF);
RUNTEST 1000 TCK;
SDR 16 TDI (FFFF);
RUNTEST 1000 TCK;
SDR 16 TDI (7FFF);
RUNTEST 1000 TCK;
SDR 16 TDI (FFFF);
RUNTEST 1000 TCK;
SDR 16 TDI (FFFF);
RUNTEST 1000 TCK;
SDR 16 TDI (FFFF);
RUNTEST 1000 TCK;
SDR 16 TDI (BFFF);
RUNTEST 1000 TCK;
SDR 16 TDI (33B3);
RUNTEST 1000 TCK;
SDR 16 TDI (1F33);
RUNTEST 1000 TCK;
SDR 16 TDI (333C);
RUNTEST 1000 TCK;
SDR 16 TDI (7999);
RUNTEST 1000 TCK;
SDR 16 TDI (8F99);
RUNTEST 1000 TCK;
SDR 16 TDI (999E);
RUNTEST 1000 TCK;
SDR 16 TDI (7666);
RUNTEST 1000 TCK;
SDR 16 TDI (A7CC);
RUNTEST 1000 TCK;
SDR 16 TDI (CCCF);
RUNTEST 1000 TCK;
SDR 16 TDI (3333);
RUNTEST 1000 TCK;
SDR 16 TDI (1F33);
RUNTEST 1000 TCK;
SDR 16 TDI (6667);
RUNTEST 1000 TCK;
SDR 16 TDI (9999);
RUNTEST 1000 TCK;
SDR 16 TDI (8F99);
RUNTEST 1000 TCK;
SDR 16 TDI (999F);
RUNTEST 1000 TCK;
SDR 16 TDI (A666);
RUNTEST 1000 TCK;
SDR 16 TDI (63E6);
RUNTEST 1000 TCK;
SDR 16 TDI (6667);
RUNTEST 1000 TCK;
SDR 16 TDI (9999);
RUNTEST 1000 TCK;
SDR 16 TDI (71F3);
RUNTEST 1000 TCK;
SDR 16 TDI (3333);
RUNTEST 1000 TCK;
SDR 16 TDI (BFFF);
RUNTEST 1000 TCK;
SDR 16 TDI (FFFF);
RUNTEST 1000 TCK;
SDR 16 TDI (BFFF);
RUNTEST 1000 TCK;
SDR 16 TDI (7737);
RUNTEST 1000 TCK;
SDR 16 TDI (4ABB);
RUNTEST 1000 TCK;
SDR 16 TDI (BBBD);
RUNTEST 1000 TCK;
SDR 16 TDI (7BBB);
RUNTEST 1000 TCK;
SDR 16 TDI (A55D);
RUNTEST 1000 TCK;
SDR 16 TDI (DDDE);
RUNTEST 1000 TCK;
SDR 16 TDI (E4EA);
RUNTEST 1000 TCK;
SDR 16 TDI (B2AA);
RUNTEST 1000 TCK;
SDR 16 TDI (AAAB);
RUNTEST 1000 TCK;
SDR 16 TDI (7777);
RUNTEST 1000 TCK;
SDR 16 TDI (4ABB);
RUNTEST 1000 TCK;
SDR 16 TDI (7777);
RUNTEST 1000 TCK;
SDR 16 TDI (BBBB);
RUNTEST 1000 TCK;
SDR 16 TDI (A55D);
RUNTEST 1000 TCK;
SDR 16 TDI (DDDF);
RUNTEST 1000 TCK;
SDR 16 TDI (AEEE);
RUNTEST 1000 TCK;
SDR 16 TDI (E957);
RUNTEST 1000 TCK;
SDR 16 TDI (7777);
RUNTEST 1000 TCK;
SDR 16 TDI (BBBB);
RUNTEST 1000 TCK;
SDR 16 TDI (74AB);
RUNTEST 1000 TCK;
SDR 16 TDI (BBBB);
RUNTEST 1000 TCK;
SDR 16 TDI (FFFF);
RUNTEST 1000 TCK;
SDR 16 TDI (FFFF);
RUNTEST 1000 TCK;
SDR 16 TDI (BFFF);
RUNTEST 1000 TCK;
SDR 16 TDI (FFFF);
RUNTEST 1000 TCK;
SDR 16 TDI (FEFF);
RUNTEST 1000 TCK;
SDR 16 TDI (FFFF);
RUNTEST 1000 TCK;
SDR 16 TDI (7FFF);
RUNTEST 1000 TCK;
SDR 16 TDI (FF7F);
RUNTEST 1000 TCK;
SDR 16 TDI (FFFF);
RUNTEST 1000 TCK;
SDR 16 TDI (FFFF);
RUNTEST 1000 TCK;
SDR 16 TDI (BFBF);
RUNTEST 1000 TCK;
SDR 16 TDI (FFFF);
RUNTEST 1000 TCK;
SDR 16 TDI (FFFF);
RUNTEST 1000 TCK;
SDR 16 TDI (FEFF);
RUNTEST 1000 TCK;
SDR 16 TDI (7FFF);
RUNTEST 1000 TCK;
SDR 16 TDI (FFFF);
RUNTEST 1000 TCK;
SDR 16 TDI (FF7F);
RUNTEST 1000 TCK;
SDR 16 TDI (FFFF);
RUNTEST 1000 TCK;
SDR 16 TDI (BFFF);
RUNTEST 1000 TCK;
SDR 16 TDI (FFDF);
RUNTEST 1000 TCK;
SDR 16 TDI (FFFF);
RUNTEST 1000 TCK;
SDR 16 TDI (FFFF);
RUNTEST 1000 TCK;
SDR 16 TDI (7FEF);
RUNTEST 1000 TCK;
SDR 16 TDI (FFFF);
RUNTEST 1000 TCK;
SDR 16 TDI (BFFF);
RUNTEST 1000 TCK;
SDR 16 TDI (FFFF);
RUNTEST 1000 TCK;
SDR 16 TDI (BFFF);
RUNTEST 1000 TCK;
SDR 16 TDI (FFFF);
RUNTEST 1000 TCK;
SDR 16 TDI (FFFF);
RUNTEST 1000 TCK;
SDR 16 TDI (FFFF);
RUNTEST 1000 TCK;
SDR 16 TDI (7FFF);
RUNTEST 1000 TCK;
SDR 16 TDI (FFFF);
RUNTEST 1000 TCK;
SDR 16 TDI (FFFF);
RUNTEST 1000 TCK;
SDR 16 TDI (FFFE);
RUNTEST 1000 TCK;
SDR 16 TDI (BFFF);
RUNTEST 1000 TCK;
SDR 16 TDI (FFEF);
RUNTEST 1000 TCK;
SDR 16 TDI (FFFF);
RUNTEST 1000 TCK;
SDR 16 TDI (FFFF);
RUNTEST 1000 TCK;
SDR 16 TDI (7FFD);
RUNTEST 1000 TCK;
SDR 16 TDI (EEFF);
RUNTEST 1000 TCK;
SDR 16 TDI (FFFE);
RUNTEST 1000 TCK;
SDR 16 TDI (FFFF);
RUNTEST 1000 TCK;
SDR 16 TDI (BFFF);
RUNTEST 1000 TCK;
SDR 16 TDI (FFFF);
RUNTEST 1000 TCK;
SDR 16 TDI (FFFF);
RUNTEST 1000 TCK;
SDR 16 TDI (FFFF);
RUNTEST 1000 TCK;
SDR 16 TDI (7FFF);
RUNTEST 1000 TCK;
SDR 16 TDI (FFFF);
RUNTEST 1000 TCK;
SDR 16 TDI (FFFF);
RUNTEST 1000 TCK;
SDR 16 TDI (FFFF);
RUNTEST 1000 TCK;
SDR 16 TDI (BFFF);
RUNTEST 1000 TCK;
SDR 16 TDI (FFFF);
RUNTEST 1000 TCK;
SDR 16 TDI (FFFF);
RUNTEST 1000 TCK;
SDR 16 TDI (FFFF);
RUNTEST 1000 TCK;
SDR 16 TDI (7FFF);
RUNTEST 1000 TCK;
SDR 16 TDI (FFFF);
RUNTEST 1000 TCK;
SDR 16 TDI (FFFF);
RUNTEST 1000 TCK;
SDR 16 TDI (FFFF);
RUNTEST 1000 TCK;
SDR 16 TDI (BFFF);
RUNTEST 1000 TCK;
SDR 16 TDI (EFFF);
RUNTEST 1000 TCK;
SDR 16 TDI (FFFF);
RUNTEST 1000 TCK;
SDR 16 TDI (FFFF);
RUNTEST 1000 TCK;
SDR 16 TDI (7FFF);
RUNTEST 1000 TCK;
SDR 16 TDI (FFFF);
RUNTEST 1000 TCK;
SDR 16 TDI (FFFF);
RUNTEST 1000 TCK;
SDR 16 TDI (FFFE);
RUNTEST 1000 TCK;
SDR 16 TDI (BFFF);
RUNTEST 1000 TCK;
SDR 16 TDI (FFFF);
RUNTEST 1000 TCK;
SDR 16 TDI (FFFF);
RUNTEST 1000 TCK;
SDR 16 TDI (FFFF);
RUNTEST 1000 TCK;
SDR 16 TDI (7FFF);
RUNTEST 1000 TCK;
SDR 16 TDI (FFFF);
RUNTEST 1000 TCK;
SDR 16 TDI (FFFF);
RUNTEST 1000 TCK;
SDR 16 TDI (FFFF);
RUNTEST 1000 TCK;
SDR 16 TDI (AFFF);
RUNTEST 1000 TCK;
SDR 16 TDI (FFFF);
RUNTEST 1000 TCK;
SDR 16 TDI (FFFF);
RUNTEST 1000 TCK;
SDR 16 TDI (FFFF);
RUNTEST 1000 TCK;
SDR 16 TDI (7FFF);
RUNTEST 1000 TCK;
SDR 16 TDI (FFFF);
RUNTEST 1000 TCK;
SDR 16 TDI (FFFF);
RUNTEST 1000 TCK;
SDR 16 TDI (FFFE);
RUNTEST 1000 TCK;
SDR 16 TDI (BFFF);
RUNTEST 1000 TCK;
SDR 16 TDI (DFFF);
RUNTEST 1000 TCK;
SDR 16 TDI (FFFF);
RUNTEST 1000 TCK;
SDR 16 TDI (FFFF);
RUNTEST 1000 TCK;
SDR 16 TDI (7FFB);
RUNTEST 1000 TCK;
SDR 16 TDI (FEFF);
RUNTEST 1000 TCK;
SDR 16 TDI (FFFF);
RUNTEST 1000 TCK;
SDR 16 TDI (FFFF);
RUNTEST 1000 TCK;
SDR 16 TDI (BFFF);
RUNTEST 1000 TCK;
SDR 16 TDI (FFFF);
RUNTEST 1000 TCK;
SDR 16 TDI (FFFF);
RUNTEST 1000 TCK;
SDR 16 TDI (FFFF);
RUNTEST 1000 TCK;
SDR 16 TDI (7FFF);
RUNTEST 1000 TCK;
SDR 16 TDI (FFFF);
RUNTEST 1000 TCK;
SDR 16 TDI (FFDF);
RUNTEST 1000 TCK;
SDR 16 TDI (FFFF);
RUNTEST 1000 TCK;
SDR 16 TDI (AFFF);
RUNTEST 1000 TCK;
SDR 16 TDI (FFFF);
RUNTEST 1000 TCK;
SDR 16 TDI (FFFF);
RUNTEST 1000 TCK;
SDR 16 TDI (FFFF);
RUNTEST 1000 TCK;
SDR 16 TDI (7FFF);
RUNTEST 1000 TCK;
SDR 16 TDI (FFFF);
RUNTEST 1000 TCK;
SDR 16 TDI (FFFF);
RUNTEST 1000 TCK;
SDR 16 TDI (FFFF);
RUNTEST 1000 TCK;
SDR 16 TDI (BFFF);
RUNTEST 1000 TCK;
SDR 16 TDI (FFEF);
RUNTEST 1000 TCK;
SDR 16 TDI (FFFF);
RUNTEST 1000 TCK;
SDR 16 TDI (FFFF);
RUNTEST 1000 TCK;
SDR 16 TDI (7FFF);
RUNTEST 1000 TCK;
SDR 16 TDI (F7FF);
RUNTEST 1000 TCK;
SDR 16 TDI (FFFF);
RUNTEST 1000 TCK;
SDR 16 TDI (7FFF);
RUNTEST 1000 TCK;
SDR 16 TDI (BFFF);
RUNTEST 1000 TCK;
SDR 16 TDI (FFFF);
RUNTEST 1000 TCK;
SDR 16 TDI (FFFF);
RUNTEST 1000 TCK;
SDR 16 TDI (FFFF);
RUNTEST 1000 TCK;
SDR 16 TDI (7FFF);
RUNTEST 1000 TCK;
SDR 16 TDI (FFFF);
RUNTEST 1000 TCK;
SDR 16 TDI (FFDF);
RUNTEST 1000 TCK;
SDR 16 TDI (FFFF);
RUNTEST 1000 TCK;
SDR 16 TDI (BFFF);
RUNTEST 1000 TCK;
SDR 16 TDI (FFFF);
RUNTEST 1000 TCK;
SDR 16 TDI (FFFF);
RUNTEST 1000 TCK;
SDR 16 TDI (FFFF);
RUNTEST 1000 TCK;
SDR 16 TDI (7FFF);
RUNTEST 1000 TCK;
SDR 16 TDI (FFFF);
RUNTEST 1000 TCK;
SDR 16 TDI (FFF7);
RUNTEST 1000 TCK;
SDR 16 TDI (FFFF);
RUNTEST 1000 TCK;
SDR 16 TDI (BFFD);
RUNTEST 1000 TCK;
SDR 16 TDI (FFFF);
RUNTEST 1000 TCK;
SDR 16 TDI (F7FF);
RUNTEST 1000 TCK;
SDR 16 TDI (BFFF);
RUNTEST 1000 TCK;
SDR 16 TDI (7F3D);
RUNTEST 1000 TCK;
SDR 16 TDI (FFFB);
RUNTEST 1000 TCK;
SDR 16 TDI (DFFF);
RUNTEST 1000 TCK;
SDR 16 TDI (FDEF);
RUNTEST 1000 TCK;
SDR 16 TDI (BFED);
RUNTEST 1000 TCK;
SDR 16 TDI (FFFF);
RUNTEST 1000 TCK;
SDR 16 TDI (FFFF);
RUNTEST 1000 TCK;
SDR 16 TDI (EFFF);
RUNTEST 1000 TCK;
SDR 16 TDI (7FFF);
RUNTEST 1000 TCK;
SDR 16 TDI (FFFF);
RUNTEST 1000 TCK;
SDR 16 TDI (FFFF);
RUNTEST 1000 TCK;
SDR 16 TDI (FFFF);
RUNTEST 1000 TCK;
SDR 16 TDI (BFFF);
RUNTEST 1000 TCK;
SDR 16 TDI (FFFF);
RUNTEST 1000 TCK;
SDR 16 TDI (FFFF);
RUNTEST 1000 TCK;
SDR 16 TDI (FFFF);
RUNTEST 1000 TCK;
SDR 16 TDI (7FFF);
RUNTEST 1000 TCK;
SDR 16 TDI (FFFF);
RUNTEST 1000 TCK;
SDR 16 TDI (FFFF);
RUNTEST 1000 TCK;
SDR 16 TDI (FBFF);
RUNTEST 1000 TCK;
SDR 16 TDI (BFFF);
RUNTEST 1000 TCK;
SDR 16 TDI (FFF7);
RUNTEST 1000 TCK;
SDR 16 TDI (FFFF);
RUNTEST 1000 TCK;
SDR 16 TDI (FFFF);
RUNTEST 1000 TCK;
SDR 16 TDI (7FFF);
RUNTEST 1000 TCK;
SDR 16 TDI (FFFF);
RUNTEST 1000 TCK;
SDR 16 TDI (FFFF);
RUNTEST 1000 TCK;
SDR 16 TDI (FFDB);
RUNTEST 1000 TCK;
SDR 16 TDI (BFFF);
RUNTEST 1000 TCK;
SDR 16 TDI (F7FF);
RUNTEST 1000 TCK;
SDR 16 TDI (DFFF);
RUNTEST 1000 TCK;
SDR 16 TDI (FFFD);
RUNTEST 1000 TCK;
SDR 16 TDI (7FFD);
RUNTEST 1000 TCK;
SDR 16 TDI (FFFF);
RUNTEST 1000 TCK;
SDR 16 TDI (FFFF);
RUNTEST 1000 TCK;
SDR 16 TDI (FFFF);
RUNTEST 1000 TCK;
SDR 16 TDI (BFFF);
RUNTEST 1000 TCK;
SDR 16 TDI (FFFF);
RUNTEST 1000 TCK;
SDR 16 TDI (FFFF);
RUNTEST 1000 TCK;
SDR 16 TDI (FFFF);
RUNTEST 1000 TCK;
SDR 16 TDI (7FFF);
RUNTEST 1000 TCK;
SDR 16 TDI (FFFF);
RUNTEST 1000 TCK;
SDR 16 TDI (FFFF);
RUNTEST 1000 TCK;
SDR 16 TDI (FBFF);
RUNTEST 1000 TCK;
SDR 16 TDI (BFFF);
RUNTEST 1000 TCK;
SDR 16 TDI (FFFF);
RUNTEST 1000 TCK;
SDR 16 TDI (FFFF);
RUNTEST 1000 TCK;
SDR 16 TDI (FFFF);
RUNTEST 1000 TCK;
SDR 16 TDI (7F7D);
RUNTEST 1000 TCK;
SDR 16 TDI (FFFF);
RUNTEST 1000 TCK;
SDR 16 TDI (FFFF);
RUNTEST 1000 TCK;
SDR 16 TDI (FFDB);
RUNTEST 1000 TCK;
SDR 16 TDI (BFFB);
RUNTEST 1000 TCK;
SDR 16 TDI (FFFF);
RUNTEST 1000 TCK;
SDR 16 TDI (FFFF);
RUNTEST 1000 TCK;
SDR 16 TDI (EFFF);
RUNTEST 1000 TCK;
SDR 16 TDI (7FFE);
RUNTEST 1000 TCK;
SDR 16 TDI (FDFF);
RUNTEST 1000 TCK;
SDR 16 TDI (FFFF);
RUNTEST 1000 TCK;
SDR 16 TDI (FFFF);
RUNTEST 1000 TCK;
SDR 16 TDI (BFFF);
RUNTEST 1000 TCK;
SDR 16 TDI (FFFF);
RUNTEST 1000 TCK;
SDR 16 TDI (FFFF);
RUNTEST 1000 TCK;
SDR 16 TDI (FFFF);
RUNTEST 1000 TCK;
SDR 16 TDI (7FFF);
RUNTEST 1000 TCK;
SDR 16 TDI (FFFF);
RUNTEST 1000 TCK;
SDR 16 TDI (FFF7);
RUNTEST 1000 TCK;
SDR 16 TDI (FFFF);
RUNTEST 1000 TCK;
SDR 16 TDI (BFFE);
RUNTEST 1000 TCK;
SDR 16 TDI (FFFB);
RUNTEST 1000 TCK;
SDR 16 TDI (F7FF);
RUNTEST 1000 TCK;
SDR 16 TDI (BFFF);
RUNTEST 1000 TCK;
SDR 16 TDI (7FDF);
RUNTEST 1000 TCK;
SDR 16 TDI (FFFB);
RUNTEST 1000 TCK;
SDR 16 TDI (BFFF);
RUNTEST 1000 TCK;
SDR 16 TDI (FBEF);
RUNTEST 1000 TCK;
SDR 16 TDI (BFF7);
RUNTEST 1000 TCK;
SDR 16 TDI (EFFF);
RUNTEST 1000 TCK;
SDR 16 TDI (BFFF);
RUNTEST 1000 TCK;
SDR 16 TDI (FFFB);
RUNTEST 1000 TCK;
SDR 16 TDI (7FFF);
RUNTEST 1000 TCK;
SDR 16 TDI (FFFF);
RUNTEST 1000 TCK;
SDR 16 TDI (FFFF);
RUNTEST 1000 TCK;
SDR 16 TDI (FFFF);
RUNTEST 1000 TCK;
SDR 16 TDI (BFFF);
RUNTEST 1000 TCK;
SDR 16 TDI (FFFF);
RUNTEST 1000 TCK;
SDR 16 TDI (FFFF);
RUNTEST 1000 TCK;
SDR 16 TDI (FFFF);
RUNTEST 1000 TCK;
SDR 16 TDI (7FFF);
RUNTEST 1000 TCK;
SDR 16 TDI (FFFF);
RUNTEST 1000 TCK;
SDR 16 TDI (FFFF);
RUNTEST 1000 TCK;
SDR 16 TDI (FFFF);
RUNTEST 1000 TCK;
SDR 16 TDI (BFFF);
RUNTEST 1000 TCK;
SDR 16 TDI (FFFF);
RUNTEST 1000 TCK;
SDR 16 TDI (FFDF);
RUNTEST 1000 TCK;
SDR 16 TDI (FFFF);
RUNTEST 1000 TCK;
SDR 16 TDI (7FEF);
RUNTEST 1000 TCK;
SDR 16 TDI (6D7B);
RUNTEST 1000 TCK;
SDR 16 TDI (FFFF);
RUNTEST 1000 TCK;
SDR 16 TDI (EF7B);
RUNTEST 1000 TCK;
SDR 16 TDI (BFFF);
RUNTEST 1000 TCK;
SDR 16 TDI (FFFF);
RUNTEST 1000 TCK;
SDR 16 TDI (FFFF);
RUNTEST 1000 TCK;
SDR 16 TDI (FFFF);
RUNTEST 1000 TCK;
SDR 16 TDI (7FFF);
RUNTEST 1000 TCK;
SDR 16 TDI (FFFF);
RUNTEST 1000 TCK;
SDR 16 TDI (FFFF);
RUNTEST 1000 TCK;
SDR 16 TDI (FFFF);
RUNTEST 1000 TCK;
SDR 16 TDI (BFFF);
RUNTEST 1000 TCK;
SDR 16 TDI (FFFF);
RUNTEST 1000 TCK;
SDR 16 TDI (FFFF);
RUNTEST 1000 TCK;
SDR 16 TDI (FFFF);
RUNTEST 1000 TCK;
SDR 16 TDI (7FFF);
RUNTEST 1000 TCK;
SDR 16 TDI (FFFF);
RUNTEST 1000 TCK;
SDR 16 TDI (FFFF);
RUNTEST 1000 TCK;
SDR 16 TDI (FFFF);
RUNTEST 1000 TCK;
SDR 16 TDI (BFDF);
RUNTEST 1000 TCK;
SDR 16 TDI (FFFB);
RUNTEST 1000 TCK;
SDR 16 TDI (FFFF);
RUNTEST 1000 TCK;
SDR 16 TDI (FF7F);
RUNTEST 1000 TCK;
SDR 16 TDI (7FFF);
RUNTEST 1000 TCK;
SDR 16 TDI (BFCF);
RUNTEST 1000 TCK;
SDR 16 TDI (FFBF);
RUNTEST 1000 TCK;
SDR 16 TDI (FFEF);
RUNTEST 1000 TCK;
SDR 16 TDI (BFFF);
RUNTEST 1000 TCK;
SDR 16 TDI (FFEF);
RUNTEST 1000 TCK;
SDR 16 TDI (FFFF);
RUNTEST 1000 TCK;
SDR 16 TDI (FFFF);
RUNTEST 1000 TCK;
SDR 16 TDI (7FF7);
RUNTEST 1000 TCK;
SDR 16 TDI (FFFF);
RUNTEST 1000 TCK;
SDR 16 TDI (7FFF);
RUNTEST 1000 TCK;
SDR 16 TDI (FFFF);
RUNTEST 1000 TCK;
SDR 16 TDI (BFFF);
RUNTEST 1000 TCK;
SDR 16 TDI (FFFF);
RUNTEST 1000 TCK;
SDR 16 TDI (FFFF);
RUNTEST 1000 TCK;
SDR 16 TDI (FFFF);
RUNTEST 1000 TCK;
SDR 16 TDI (7FFF);
RUNTEST 1000 TCK;
SDR 16 TDI (FFFF);
RUNTEST 1000 TCK;
SDR 16 TDI (FFFF);
RUNTEST 1000 TCK;
SDR 16 TDI (FFFF);
RUNTEST 1000 TCK;
SDR 16 TDI (BFFF);
RUNTEST 1000 TCK;
SDR 16 TDI (FFFB);
RUNTEST 1000 TCK;
SDR 16 TDI (FFDF);
RUNTEST 1000 TCK;
SDR 16 TDI (FF7F);
RUNTEST 1000 TCK;
SDR 16 TDI (7FFF);
RUNTEST 1000 TCK;
SDR 16 TDI (FFFF);
RUNTEST 1000 TCK;
SDR 16 TDI (FFBF);
RUNTEST 1000 TCK;
SDR 16 TDI (FFF7);
RUNTEST 1000 TCK;
SDR 16 TDI (BFFF);
RUNTEST 1000 TCK;
SDR 16 TDI (FFEF);
RUNTEST 1000 TCK;
SDR 16 TDI (FFFF);
RUNTEST 1000 TCK;
SDR 16 TDI (FFFF);
RUNTEST 1000 TCK;
SDR 16 TDI (7FFF);
RUNTEST 1000 TCK;
SDR 16 TDI (FFFF);
RUNTEST 1000 TCK;
SDR 16 TDI (FFFF);
RUNTEST 1000 TCK;
SDR 16 TDI (FFFF);
RUNTEST 1000 TCK;
SDR 16 TDI (BFFF);
RUNTEST 1000 TCK;
SDR 16 TDI (FFFF);
RUNTEST 1000 TCK;
SDR 16 TDI (FFFF);
RUNTEST 1000 TCK;
SDR 16 TDI (FFFF);
RUNTEST 1000 TCK;
SDR 16 TDI (7FFF);
RUNTEST 1000 TCK;
SDR 16 TDI (FFFF);
RUNTEST 1000 TCK;
SDR 16 TDI (FFFF);
RUNTEST 1000 TCK;
SDR 16 TDI (FFFF);
RUNTEST 1000 TCK;
SDR 16 TDI (BFFF);
RUNTEST 1000 TCK;
SDR 16 TDI (FFFF);
RUNTEST 1000 TCK;
SDR 16 TDI (FFFF);
RUNTEST 1000 TCK;
SDR 16 TDI (FFFF);
RUNTEST 1000 TCK;
SDR 16 TDI (7FEF);
RUNTEST 1000 TCK;
SDR 16 TDI (54AD);
RUNTEST 1000 TCK;
SDR 16 TDI (FFFF);
RUNTEST 1000 TCK;
SDR 16 TDI (F77F);
RUNTEST 1000 TCK;
SDR 16 TDI (BFFF);
RUNTEST 1000 TCK;
SDR 16 TDI (FFFF);
RUNTEST 1000 TCK;
SDR 16 TDI (FFFF);
RUNTEST 1000 TCK;
SDR 16 TDI (FFFF);
RUNTEST 1000 TCK;
SDR 16 TDI (7FFF);
RUNTEST 1000 TCK;
SDR 16 TDI (FFFF);
RUNTEST 1000 TCK;
SDR 16 TDI (7FFF);
RUNTEST 1000 TCK;
SDR 16 TDI (FFFF);
RUNTEST 1000 TCK;
SDR 16 TDI (B77F);
RUNTEST 1000 TCK;
SDR 16 TDI (FFFF);
RUNTEST 1000 TCK;
SDR 16 TDI (FFFF);
RUNTEST 1000 TCK;
SDR 16 TDI (FFFF);
RUNTEST 1000 TCK;
SDR 16 TDI (7FFF);
RUNTEST 1000 TCK;
SDR 16 TDI (FFFF);
RUNTEST 1000 TCK;
SDR 16 TDI (FFFF);
RUNTEST 1000 TCK;
SDR 16 TDI (FFFF);
RUNTEST 1000 TCK;
SDR 16 TDI (BFFF);
RUNTEST 1000 TCK;
SDR 16 TDI (FFFF);
RUNTEST 1000 TCK;
SDR 16 TDI (FFBF);
RUNTEST 1000 TCK;
SDR 16 TDI (FFFF);
RUNTEST 1000 TCK;
SDR 16 TDI (7FEB);
RUNTEST 1000 TCK;
SDR 16 TDI (DFBB);
RUNTEST 1000 TCK;
SDR 16 TDI (DFDF);
RUNTEST 1000 TCK;
SDR 16 TDI (DFCF);
RUNTEST 1000 TCK;
SDR 16 TDI (AFEF);
RUNTEST 1000 TCK;
SDR 16 TDI (FFFF);
RUNTEST 1000 TCK;
SDR 16 TDI (FFFF);
RUNTEST 1000 TCK;
SDR 16 TDI (FFFF);
RUNTEST 1000 TCK;
SDR 16 TDI (7FFF);
RUNTEST 1000 TCK;
SDR 16 TDI (FFFF);
RUNTEST 1000 TCK;
SDR 16 TDI (EB5F);
RUNTEST 1000 TCK;
SDR 16 TDI (FFFF);
RUNTEST 1000 TCK;
SDR 16 TDI (BFFF);
RUNTEST 1000 TCK;
SDR 16 TDI (FFFF);
RUNTEST 1000 TCK;
SDR 16 TDI (FFFF);
RUNTEST 1000 TCK;
SDR 16 TDI (FFFF);
RUNTEST 1000 TCK;
SDR 16 TDI (7FFF);
RUNTEST 1000 TCK;
SDR 16 TDI (FFFF);
RUNTEST 1000 TCK;
SDR 16 TDI (FFFF);
RUNTEST 1000 TCK;
SDR 16 TDI (BFFD);
RUNTEST 1000 TCK;
SDR 16 TDI (BFFF);
RUNTEST 1000 TCK;
SDR 16 TDI (FF77);
RUNTEST 1000 TCK;
SDR 16 TDI (FFFF);
RUNTEST 1000 TCK;
SDR 16 TDI (FFFF);
RUNTEST 1000 TCK;
SDR 16 TDI (7FFF);
RUNTEST 1000 TCK;
SDR 16 TDI (EBF7);
RUNTEST 1000 TCK;
SDR 16 TDI (FFFD);
RUNTEST 1000 TCK;
SDR 16 TDI (F2FF);
RUNTEST 1000 TCK;
SDR 16 TDI (BFFF);
RUNTEST 1000 TCK;
SDR 16 TDI (FFFF);
RUNTEST 1000 TCK;
SDR 16 TDI (FFFF);
RUNTEST 1000 TCK;
SDR 16 TDI (FFFF);
RUNTEST 1000 TCK;
SDR 16 TDI (7FFF);
RUNTEST 1000 TCK;
SDR 16 TDI (FFFF);
RUNTEST 1000 TCK;
SDR 16 TDI (FDDF);
RUNTEST 1000 TCK;
SDR 16 TDI (FFFF);
RUNTEST 1000 TCK;
SDR 16 TDI (A77F);
RUNTEST 1000 TCK;
SDR 16 TDI (FFFF);
RUNTEST 1000 TCK;
SDR 16 TDI (FFFF);
RUNTEST 1000 TCK;
SDR 16 TDI (FFFF);
RUNTEST 1000 TCK;
SDR 16 TDI (7FFF);
RUNTEST 1000 TCK;
SDR 16 TDI (FFFF);
RUNTEST 1000 TCK;
SDR 16 TDI (FFFF);
RUNTEST 1000 TCK;
SDR 16 TDI (FFFF);
RUNTEST 1000 TCK;
SDR 16 TDI (BFFF);
RUNTEST 1000 TCK;
SDR 16 TDI (F7FF);
RUNTEST 1000 TCK;
SDR 16 TDI (FFFF);
RUNTEST 1000 TCK;
SDR 16 TDI (D7FF);
RUNTEST 1000 TCK;
SDR 16 TDI (7FFF);
RUNTEST 1000 TCK;
SDR 16 TDI (FFF7);
RUNTEST 1000 TCK;
SDR 16 TDI (FBEF);
RUNTEST 1000 TCK;
SDR 16 TDI (F6FF);
RUNTEST 1000 TCK;
SDR 16 TDI (BFFF);
RUNTEST 1000 TCK;
SDR 16 TDI (FEFF);
RUNTEST 1000 TCK;
SDR 16 TDI (FFFF);
RUNTEST 1000 TCK;
SDR 16 TDI (FFFF);
RUNTEST 1000 TCK;
SDR 16 TDI (7FFF);
RUNTEST 1000 TCK;
SDR 16 TDI (FBFF);
RUNTEST 1000 TCK;
SDR 16 TDI (EA5F);
RUNTEST 1000 TCK;
SDR 16 TDI (FFFF);
RUNTEST 1000 TCK;
SDR 16 TDI (ABFF);
RUNTEST 1000 TCK;
SDR 16 TDI (FFFF);
RUNTEST 1000 TCK;
SDR 16 TDI (FFFF);
RUNTEST 1000 TCK;
SDR 16 TDI (FFFF);
RUNTEST 1000 TCK;
SDR 16 TDI (7FFF);
RUNTEST 1000 TCK;
SDR 16 TDI (FFFF);
RUNTEST 1000 TCK;
SDR 16 TDI (FFFF);
RUNTEST 1000 TCK;
SDR 16 TDI (FFFF);
RUNTEST 1000 TCK;
SDR 16 TDI (BFFF);
RUNTEST 1000 TCK;
SDR 16 TDI (FFFF);
RUNTEST 1000 TCK;
SDR 16 TDI (FFFF);
RUNTEST 1000 TCK;
SDR 16 TDI (FFFF);
RUNTEST 1000 TCK;
SDR 16 TDI (7FFF);
RUNTEST 1000 TCK;
SDR 16 TDI (F7BF);
RUNTEST 1000 TCK;
SDR 16 TDI (DFDB);
RUNTEST 1000 TCK;
SDR 16 TDI (FBF7);
RUNTEST 1000 TCK;
SDR 16 TDI (BFFF);
RUNTEST 1000 TCK;
SDR 16 TDI (FDFF);
RUNTEST 1000 TCK;
SDR 16 TDI (FFFF);
RUNTEST 1000 TCK;
SDR 16 TDI (FFFF);
RUNTEST 1000 TCK;
SDR 16 TDI (7FBF);
RUNTEST 1000 TCK;
SDR 16 TDI (FFFF);
RUNTEST 1000 TCK;
SDR 16 TDI (FFDF);
RUNTEST 1000 TCK;
SDR 16 TDI (FFFF);
RUNTEST 1000 TCK;
SDR 16 TDI (BFFF);
RUNTEST 1000 TCK;
SDR 16 TDI (FFFF);
RUNTEST 1000 TCK;
SDR 16 TDI (FFFF);
RUNTEST 1000 TCK;
SDR 16 TDI (FFFF);
RUNTEST 1000 TCK;
SDR 16 TDI (7FFF);
RUNTEST 1000 TCK;
SDR 16 TDI (FFFF);
RUNTEST 1000 TCK;
SDR 16 TDI (FFFF);
RUNTEST 1000 TCK;
SDR 16 TDI (FDFF);
RUNTEST 1000 TCK;
SDR 16 TDI (BFF7);
RUNTEST 1000 TCK;
SDR 16 TDI (FFFF);
RUNTEST 1000 TCK;
SDR 16 TDI (FFFF);
RUNTEST 1000 TCK;
SDR 16 TDI (FFFF);
RUNTEST 1000 TCK;
SDR 16 TDI (7FFA);
RUNTEST 1000 TCK;
SDR 16 TDI (FF7F);
RUNTEST 1000 TCK;
SDR 16 TDI (7FFE);
RUNTEST 1000 TCK;
SDR 16 TDI (FFFF);
RUNTEST 1000 TCK;
SDR 16 TDI (BFFF);
RUNTEST 1000 TCK;
SDR 16 TDI (FFFF);
RUNTEST 1000 TCK;
SDR 16 TDI (FFFF);
RUNTEST 1000 TCK;
SDR 16 TDI (FFFF);
RUNTEST 1000 TCK;
SDR 16 TDI (7FFF);
RUNTEST 1000 TCK;
SDR 16 TDI (FFFF);
RUNTEST 1000 TCK;
SDR 16 TDI (FFFF);
RUNTEST 1000 TCK;
SDR 16 TDI (FFFF);
RUNTEST 1000 TCK;
SDR 16 TDI (BFFF);
RUNTEST 1000 TCK;
SDR 16 TDI (FFFF);
RUNTEST 1000 TCK;
SDR 16 TDI (FFFF);
RUNTEST 1000 TCK;
SDR 16 TDI (FFFF);
RUNTEST 1000 TCK;
SDR 16 TDI (7FFF);
RUNTEST 1000 TCK;
SDR 16 TDI (FFFF);
RUNTEST 1000 TCK;
SDR 16 TDI (FFFB);
RUNTEST 1000 TCK;
SDR 16 TDI (FFDF);
RUNTEST 1000 TCK;
SDR 16 TDI (BFFF);
RUNTEST 1000 TCK;
SDR 16 TDI (7FFF);
RUNTEST 1000 TCK;
SDR 16 TDI (FFFF);
RUNTEST 1000 TCK;
SDR 16 TDI (FFFF);
RUNTEST 1000 TCK;
SDR 16 TDI (7FEE);
RUNTEST 1000 TCK;
SDR 16 TDI (BB7F);
RUNTEST 1000 TCK;
SDR 16 TDI (6FF7);
RUNTEST 1000 TCK;
SDR 16 TDI (5FDF);
RUNTEST 1000 TCK;
SDR 16 TDI (BFFF);
RUNTEST 1000 TCK;
SDR 16 TDI (FFFF);
RUNTEST 1000 TCK;
SDR 16 TDI (FFFF);
RUNTEST 1000 TCK;
SDR 16 TDI (FFFF);
RUNTEST 1000 TCK;
SDR 16 TDI (7FFF);
RUNTEST 1000 TCK;
SDR 16 TDI (FFFF);
RUNTEST 1000 TCK;
SDR 16 TDI (FFFF);
RUNTEST 1000 TCK;
SDR 16 TDI (FFFF);
RUNTEST 1000 TCK;
SDR 16 TDI (BFFF);
RUNTEST 1000 TCK;
SDR 16 TDI (FFFF);
RUNTEST 1000 TCK;
SDR 16 TDI (FFFF);
RUNTEST 1000 TCK;
SDR 16 TDI (FFFF);
RUNTEST 1000 TCK;
SDR 16 TDI (7FFF);
RUNTEST 1000 TCK;
SDR 16 TDI (FFFF);
RUNTEST 1000 TCK;
SDR 16 TDI (FFFF);
RUNTEST 1000 TCK;
SDR 16 TDI (BFFB);
RUNTEST 1000 TCK;
SDR 16 TDI (BFF7);
RUNTEST 1000 TCK;
SDR 16 TDI (F7FF);
RUNTEST 1000 TCK;
SDR 16 TDI (FFFF);
RUNTEST 1000 TCK;
SDR 16 TDI (DFFF);
RUNTEST 1000 TCK;
SDR 16 TDI (7FFF);
RUNTEST 1000 TCK;
SDR 16 TDI (F97F);
RUNTEST 1000 TCK;
SDR 16 TDI (3BC9);
RUNTEST 1000 TCK;
SDR 16 TDI (9DAF);
RUNTEST 1000 TCK;
SDR 16 TDI (AFEF);
RUNTEST 1000 TCK;
SDR 16 TDI (FFFF);
RUNTEST 1000 TCK;
SDR 16 TDI (FFFF);
RUNTEST 1000 TCK;
SDR 16 TDI (FFFF);
RUNTEST 1000 TCK;
SDR 16 TDI (7FFF);
RUNTEST 1000 TCK;
SDR 16 TDI (FBFF);
RUNTEST 1000 TCK;
SDR 16 TDI (FFFF);
RUNTEST 1000 TCK;
SDR 16 TDI (FFFF);
RUNTEST 1000 TCK;
SDR 16 TDI (BAAF);
RUNTEST 1000 TCK;
SDR 16 TDI (FFFF);
RUNTEST 1000 TCK;
SDR 16 TDI (FFFF);
RUNTEST 1000 TCK;
SDR 16 TDI (FFFF);
RUNTEST 1000 TCK;
SDR 16 TDI (7FFF);
RUNTEST 1000 TCK;
SDR 16 TDI (FFFF);
RUNTEST 1000 TCK;
SDR 16 TDI (FFFF);
RUNTEST 1000 TCK;
SDR 16 TDI (FDBF);
RUNTEST 1000 TCK;
SDR 16 TDI (BFFF);
RUNTEST 1000 TCK;
SDR 16 TDI (FFFB);
RUNTEST 1000 TCK;
SDR 16 TDI (FF7F);
RUNTEST 1000 TCK;
SDR 16 TDI (FFFF);
RUNTEST 1000 TCK;
SDR 16 TDI (7FF3);
RUNTEST 1000 TCK;
SDR 16 TDI (8FE7);
RUNTEST 1000 TCK;
SDR 16 TDI (DFBF);
RUNTEST 1000 TCK;
SDR 16 TDI (E25F);
RUNTEST 1000 TCK;
SDR 16 TDI (BFFF);
RUNTEST 1000 TCK;
SDR 16 TDI (FDFF);
RUNTEST 1000 TCK;
SDR 16 TDI (FFFF);
RUNTEST 1000 TCK;
SDR 16 TDI (FFFF);
RUNTEST 1000 TCK;
SDR 16 TDI (7FBF);
RUNTEST 1000 TCK;
SDR 16 TDI (FFFF);
RUNTEST 1000 TCK;
SDR 16 TDI (FD7F);
RUNTEST 1000 TCK;
SDR 16 TDI (FFFF);
RUNTEST 1000 TCK;
SDR 16 TDI (BFFF);
RUNTEST 1000 TCK;
SDR 16 TDI (FFFF);
RUNTEST 1000 TCK;
SDR 16 TDI (FFFF);
RUNTEST 1000 TCK;
SDR 16 TDI (FFFF);
RUNTEST 1000 TCK;
SDR 16 TDI (7FFF);
RUNTEST 1000 TCK;
SDR 16 TDI (FFFF);
RUNTEST 1000 TCK;
SDR 16 TDI (FFFB);
RUNTEST 1000 TCK;
SDR 16 TDI (FFFF);
RUNTEST 1000 TCK;
SDR 16 TDI (BFFF);
RUNTEST 1000 TCK;
SDR 16 TDI (BFBF);
RUNTEST 1000 TCK;
SDR 16 TDI (FFFF);
RUNTEST 1000 TCK;
SDR 16 TDI (F7FF);
RUNTEST 1000 TCK;
SDR 16 TDI (7FEC);
RUNTEST 1000 TCK;
SDR 16 TDI (769A);
RUNTEST 1000 TCK;
SDR 16 TDI (F7F6);
RUNTEST 1000 TCK;
SDR 16 TDI (7FF7);
RUNTEST 1000 TCK;
SDR 16 TDI (BFFF);
RUNTEST 1000 TCK;
SDR 16 TDI (FEFF);
RUNTEST 1000 TCK;
SDR 16 TDI (FFFF);
RUNTEST 1000 TCK;
SDR 16 TDI (FFFF);
RUNTEST 1000 TCK;
SDR 16 TDI (7FFF);
RUNTEST 1000 TCK;
SDR 16 TDI (FFFF);
RUNTEST 1000 TCK;
SDR 16 TDI (FFFF);
RUNTEST 1000 TCK;
SDR 16 TDI (FFFF);
RUNTEST 1000 TCK;
SDR 16 TDI (B55F);
RUNTEST 1000 TCK;
SDR 16 TDI (FFFF);
RUNTEST 1000 TCK;
SDR 16 TDI (FEFF);
RUNTEST 1000 TCK;
SDR 16 TDI (FFFF);
RUNTEST 1000 TCK;
SDR 16 TDI (7FFF);
RUNTEST 1000 TCK;
SDR 16 TDI (FF7F);
RUNTEST 1000 TCK;
SDR 16 TDI (FFF9);
RUNTEST 1000 TCK;
SDR 16 TDI (9D1E);
RUNTEST 1000 TCK;
SDR 16 TDI (AF8B);
RUNTEST 1000 TCK;
SDR 16 TDI (FBF3);
RUNTEST 1000 TCK;
SDR 16 TDI (FC3F);
RUNTEST 1000 TCK;
SDR 16 TDI (FEFF);
RUNTEST 1000 TCK;
SDR 16 TDI (7FE7);
RUNTEST 1000 TCK;
SDR 16 TDI (BF66);
RUNTEST 1000 TCK;
SDR 16 TDI (7F5D);
RUNTEST 1000 TCK;
SDR 16 TDI (F8BC);
RUNTEST 1000 TCK;
SDR 16 TDI (A787);
RUNTEST 1000 TCK;
SDR 16 TDI (FFDF);
RUNTEST 1000 TCK;
SDR 16 TDI (FFFF);
RUNTEST 1000 TCK;
SDR 16 TDI (FFFF);
RUNTEST 1000 TCK;
SDR 16 TDI (7FEF);
RUNTEST 1000 TCK;
SDR 16 TDI (F0FF);
RUNTEST 1000 TCK;
SDR 16 TDI (EA9F);
RUNTEST 1000 TCK;
SDR 16 TDI (FFFF);
RUNTEST 1000 TCK;
SDR 16 TDI (BFFF);
RUNTEST 1000 TCK;
SDR 16 TDI (FFFF);
RUNTEST 1000 TCK;
SDR 16 TDI (FDFF);
RUNTEST 1000 TCK;
SDR 16 TDI (FFFF);
RUNTEST 1000 TCK;
SDR 16 TDI (7FFF);
RUNTEST 1000 TCK;
SDR 16 TDI (FEFF);
RUNTEST 1000 TCK;
SDR 16 TDI (FFF8);
RUNTEST 1000 TCK;
SDR 16 TDI (1D79);
RUNTEST 1000 TCK;
SDR 16 TDI (BF48);
RUNTEST 1000 TCK;
SDR 16 TDI (383F);
RUNTEST 1000 TCK;
SDR 16 TDI (FC3F);
RUNTEST 1000 TCK;
SDR 16 TDI (FFFF);
RUNTEST 1000 TCK;
SDR 16 TDI (7FEF);
RUNTEST 1000 TCK;
SDR 16 TDI (4506);
RUNTEST 1000 TCK;
SDR 16 TDI (1FAA);
RUNTEST 1000 TCK;
SDR 16 TDI (A0B4);
RUNTEST 1000 TCK;
SDR 16 TDI (A787);
RUNTEST 1000 TCK;
SDR 16 TDI (FFFF);
RUNTEST 1000 TCK;
SDR 16 TDI (FFFF);
RUNTEST 1000 TCK;
SDR 16 TDI (FFFF);
RUNTEST 1000 TCK;
SDR 16 TDI (7F7F);
RUNTEST 1000 TCK;
SDR 16 TDI (F0FF);
RUNTEST 1000 TCK;
SDR 16 TDI (FFDF);
RUNTEST 1000 TCK;
SDR 16 TDI (FFFF);
RUNTEST 1000 TCK;
SDR 16 TDI (B55F);
RUNTEST 1000 TCK;
SDR 16 TDI (FFFF);
RUNTEST 1000 TCK;
SDR 16 TDI (FFFF);
RUNTEST 1000 TCK;
SDR 16 TDI (FFFF);
RUNTEST 1000 TCK;
SDR 16 TDI (7FFF);
RUNTEST 1000 TCK;
SDR 16 TDI (FFFF);
RUNTEST 1000 TCK;
SDR 16 TDI (FFF8);
RUNTEST 1000 TCK;
SDR 16 TDI (0261);
RUNTEST 1000 TCK;
SDR 16 TDI (BFE4);
RUNTEST 1000 TCK;
SDR 16 TDI (140F);
RUNTEST 1000 TCK;
SDR 16 TDI (FC3F);
RUNTEST 1000 TCK;
SDR 16 TDI (DFFF);
RUNTEST 1000 TCK;
SDR 16 TDI (7FE7);
RUNTEST 1000 TCK;
SDR 16 TDI (1997);
RUNTEST 1000 TCK;
SDR 16 TDI (BF88);
RUNTEST 1000 TCK;
SDR 16 TDI (9FCC);
RUNTEST 1000 TCK;
SDR 16 TDI (A787);
RUNTEST 1000 TCK;
SDR 16 TDI (FFFF);
RUNTEST 1000 TCK;
SDR 16 TDI (FFFF);
RUNTEST 1000 TCK;
SDR 16 TDI (FFFF);
RUNTEST 1000 TCK;
SDR 16 TDI (7FFF);
RUNTEST 1000 TCK;
SDR 16 TDI (F0FF);
RUNTEST 1000 TCK;
SDR 16 TDI (EABF);
RUNTEST 1000 TCK;
SDR 16 TDI (FFFF);
RUNTEST 1000 TCK;
SDR 16 TDI (BFFF);
RUNTEST 1000 TCK;
SDR 16 TDI (FFFF);
RUNTEST 1000 TCK;
SDR 16 TDI (FFFF);
RUNTEST 1000 TCK;
SDR 16 TDI (FFFF);
RUNTEST 1000 TCK;
SDR 16 TDI (7FFF);
RUNTEST 1000 TCK;
SDR 16 TDI (FFFF);
RUNTEST 1000 TCK;
SDR 16 TDI (FFF8);
RUNTEST 1000 TCK;
SDR 16 TDI (1A1F);
RUNTEST 1000 TCK;
SDR 16 TDI (BFE4);
RUNTEST 1000 TCK;
SDR 16 TDI (D4F3);
RUNTEST 1000 TCK;
SDR 16 TDI (FC3F);
RUNTEST 1000 TCK;
SDR 16 TDI (FFFF);
RUNTEST 1000 TCK;
SDR 16 TDI (7FF1);
RUNTEST 1000 TCK;
SDR 16 TDI (2391);
RUNTEST 1000 TCK;
SDR 16 TDI (BFCC);
RUNTEST 1000 TCK;
SDR 16 TDI (C644);
RUNTEST 1000 TCK;
SDR 16 TDI (A787);
RUNTEST 1000 TCK;
SDR 16 TDI (FFFF);
RUNTEST 1000 TCK;
SDR 16 TDI (FFFF);
RUNTEST 1000 TCK;
SDR 16 TDI (FFFF);
RUNTEST 1000 TCK;
SDR 16 TDI (7FFF);
RUNTEST 1000 TCK;
SDR 16 TDI (F0FF);
RUNTEST 1000 TCK;
SDR 16 TDI (FBFF);
RUNTEST 1000 TCK;
SDR 16 TDI (FFFF);
RUNTEST 1000 TCK;
SDR 16 TDI (BFFF);
RUNTEST 1000 TCK;
SDR 16 TDI (3333);
RUNTEST 1000 TCK;
SDR 16 TDI (1F33);
RUNTEST 1000 TCK;
SDR 16 TDI (333C);
RUNTEST 1000 TCK;
SDR 16 TDI (7999);
RUNTEST 1000 TCK;
SDR 16 TDI (8F99);
RUNTEST 1000 TCK;
SDR 16 TDI (999E);
RUNTEST 1000 TCK;
SDR 16 TDI (6777);
RUNTEST 1000 TCK;
SDR 16 TDI (A7DD);
RUNTEST 1000 TCK;
SDR 16 TDI (DDDF);
RUNTEST 1000 TCK;
SDR 16 TDI (33B3);
RUNTEST 1000 TCK;
SDR 16 TDI (3F33);
RUNTEST 1000 TCK;
SDR 16 TDI (6660);
RUNTEST 1000 TCK;
SDR 16 TDI (C99B);
RUNTEST 1000 TCK;
SDR 16 TDI (9FB3);
RUNTEST 1000 TCK;
SDR 16 TDI (11B7);
RUNTEST 1000 TCK;
SDR 16 TDI (B666);
RUNTEST 1000 TCK;
SDR 16 TDI (67E6);
RUNTEST 1000 TCK;
SDR 16 TDI (6667);
RUNTEST 1000 TCK;
SDR 16 TDI (9999);
RUNTEST 1000 TCK;
SDR 16 TDI (71F3);
RUNTEST 1000 TCK;
SDR 16 TDI (3733);
RUNTEST 1000 TCK;
SDR 16 TDI (FFFF);
RUNTEST 1000 TCK;
SDR 16 TDI (FFFF);
RUNTEST 1000 TCK;
SDR 16 TDI (BFFF);
RUNTEST 1000 TCK;
SDR 16 TDI (7777);
RUNTEST 1000 TCK;
SDR 16 TDI (4ABB);
RUNTEST 1000 TCK;
SDR 16 TDI (BBBD);
RUNTEST 1000 TCK;
SDR 16 TDI (7BBB);
RUNTEST 1000 TCK;
SDR 16 TDI (A55D);
RUNTEST 1000 TCK;
SDR 16 TDI (DDDA);
RUNTEST 1000 TCK;
SDR 16 TDI (AA22);
RUNTEST 1000 TCK;
SDR 16 TDI (A288);
RUNTEST 1000 TCK;
SDR 16 TDI (888B);
RUNTEST 1000 TCK;
SDR 16 TDI (7737);
RUNTEST 1000 TCK;
SDR 16 TDI (6ABB);
RUNTEST 1000 TCK;
SDR 16 TDI (7767);
RUNTEST 1000 TCK;
SDR 16 TDI (99B3);
RUNTEST 1000 TCK;
SDR 16 TDI (B519);
RUNTEST 1000 TCK;
SDR 16 TDI (9C9F);
RUNTEST 1000 TCK;
SDR 16 TDI (A6E6);
RUNTEST 1000 TCK;
SDR 16 TDI (ED57);
RUNTEST 1000 TCK;
SDR 16 TDI (7777);
RUNTEST 1000 TCK;
SDR 16 TDI (BBBB);
RUNTEST 1000 TCK;
SDR 16 TDI (76AB);
RUNTEST 1000 TCK;
SDR 16 TDI (B3BB);
RUNTEST 1000 TCK;
SDR 16 TDI (F7FF);
RUNTEST 1000 TCK;
SDR 16 TDI (FFFF);
RUNTEST 1000 TCK;
SDR 16 TDI (BFFF);
RUNTEST 1000 TCK;
SDR 16 TDI (FFFF);
RUNTEST 1000 TCK;
SDR 16 TDI (FEFF);
RUNTEST 1000 TCK;
SDR 16 TDI (FFFF);
RUNTEST 1000 TCK;
SDR 16 TDI (7FFF);
RUNTEST 1000 TCK;
SDR 16 TDI (FF7F);
RUNTEST 1000 TCK;
SDR 16 TDI (FFFF);
RUNTEST 1000 TCK;
SDR 16 TDI (FFFF);
RUNTEST 1000 TCK;
SDR 16 TDI (BFBF);
RUNTEST 1000 TCK;
SDR 16 TDI (FFFF);
RUNTEST 1000 TCK;
SDR 16 TDI (FDFF);
RUNTEST 1000 TCK;
SDR 16 TDI (FEFF);
RUNTEST 1000 TCK;
SDR 16 TDI (7FFC);
RUNTEST 1000 TCK;
SDR 16 TDI (CDFF);
RUNTEST 1000 TCK;
SDR 16 TDI (DF33);
RUNTEST 1000 TCK;
SDR 16 TDI (37B5);
RUNTEST 1000 TCK;
SDR 16 TDI (BFBF);
RUNTEST 1000 TCK;
SDR 16 TDI (FFDF);
RUNTEST 1000 TCK;
SDR 16 TDI (FFFF);
RUNTEST 1000 TCK;
SDR 16 TDI (FFFF);
RUNTEST 1000 TCK;
SDR 16 TDI (7FEF);
RUNTEST 1000 TCK;
SDR 16 TDI (FEFF);
RUNTEST 1000 TCK;
SDR 16 TDI (FFFF);
RUNTEST 1000 TCK;
SDR 16 TDI (FFFF);
RUNTEST 1000 TCK;
SDR 16 TDI (BFFF);
RUNTEST 1000 TCK;
SDR 16 TDI (FFFF);
RUNTEST 1000 TCK;
SDR 16 TDI (FFFF);
RUNTEST 1000 TCK;
SDR 16 TDI (FFFF);
RUNTEST 1000 TCK;
SDR 16 TDI (7FFF);
RUNTEST 1000 TCK;
SDR 16 TDI (FFFF);
RUNTEST 1000 TCK;
SDR 16 TDI (FFFF);
RUNTEST 1000 TCK;
SDR 16 TDI (FFFF);
RUNTEST 1000 TCK;
SDR 16 TDI (BFFF);
RUNTEST 1000 TCK;
SDR 16 TDI (EFFB);
RUNTEST 1000 TCK;
SDR 16 TDI (FFEF);
RUNTEST 1000 TCK;
SDR 16 TDI (FF7F);
RUNTEST 1000 TCK;
SDR 16 TDI (7EDB);
RUNTEST 1000 TCK;
SDR 16 TDI (FF3F);
RUNTEST 1000 TCK;
SDR 16 TDI (BFFF);
RUNTEST 1000 TCK;
SDR 16 TDI (FFFF);
RUNTEST 1000 TCK;
SDR 16 TDI (BFFF);
RUNTEST 1000 TCK;
SDR 16 TDI (FFF7);
RUNTEST 1000 TCK;
SDR 16 TDI (FFF7);
RUNTEST 1000 TCK;
SDR 16 TDI (FFBF);
RUNTEST 1000 TCK;
SDR 16 TDI (7FFF);
RUNTEST 1000 TCK;
SDR 16 TDI (FFFB);
RUNTEST 1000 TCK;
SDR 16 TDI (FFFF);
RUNTEST 1000 TCK;
SDR 16 TDI (FFFF);
RUNTEST 1000 TCK;
SDR 16 TDI (BFFF);
RUNTEST 1000 TCK;
SDR 16 TDI (FFFF);
RUNTEST 1000 TCK;
SDR 16 TDI (FFFF);
RUNTEST 1000 TCK;
SDR 16 TDI (FFFF);
RUNTEST 1000 TCK;
SDR 16 TDI (7FFF);
RUNTEST 1000 TCK;
SDR 16 TDI (FFFF);
RUNTEST 1000 TCK;
SDR 16 TDI (FFFF);
RUNTEST 1000 TCK;
SDR 16 TDI (FFFB);
RUNTEST 1000 TCK;
SDR 16 TDI (BFFF);
RUNTEST 1000 TCK;
SDR 16 TDI (FFFF);
RUNTEST 1000 TCK;
SDR 16 TDI (FF7F);
RUNTEST 1000 TCK;
SDR 16 TDI (FFFF);
RUNTEST 1000 TCK;
SDR 16 TDI (7FFF);
RUNTEST 1000 TCK;
SDR 16 TDI (B3FB);
RUNTEST 1000 TCK;
SDR 16 TDI (7FFD);
RUNTEST 1000 TCK;
SDR 16 TDI (BDBE);
RUNTEST 1000 TCK;
SDR 16 TDI (AFFF);
RUNTEST 1000 TCK;
SDR 16 TDI (FFFB);
RUNTEST 1000 TCK;
SDR 16 TDI (FBFF);
RUNTEST 1000 TCK;
SDR 16 TDI (FEFF);
RUNTEST 1000 TCK;
SDR 16 TDI (7FFF);
RUNTEST 1000 TCK;
SDR 16 TDI (FFFF);
RUNTEST 1000 TCK;
SDR 16 TDI (FFFF);
RUNTEST 1000 TCK;
SDR 16 TDI (FFFF);
RUNTEST 1000 TCK;
SDR 16 TDI (BFFF);
RUNTEST 1000 TCK;
SDR 16 TDI (FFFF);
RUNTEST 1000 TCK;
SDR 16 TDI (FFFF);
RUNTEST 1000 TCK;
SDR 16 TDI (FFFF);
RUNTEST 1000 TCK;
SDR 16 TDI (7FFF);
RUNTEST 1000 TCK;
SDR 16 TDI (FFFF);
RUNTEST 1000 TCK;
SDR 16 TDI (FFFF);
RUNTEST 1000 TCK;
SDR 16 TDI (FFFD);
RUNTEST 1000 TCK;
SDR 16 TDI (BFFF);
RUNTEST 1000 TCK;
SDR 16 TDI (DFF7);
RUNTEST 1000 TCK;
SDR 16 TDI (FF7F);
RUNTEST 1000 TCK;
SDR 16 TDI (FFFF);
RUNTEST 1000 TCK;
SDR 16 TDI (7FDF);
RUNTEST 1000 TCK;
SDR 16 TDI (BFFD);
RUNTEST 1000 TCK;
SDR 16 TDI (BFFF);
RUNTEST 1000 TCK;
SDR 16 TDI (FFFF);
RUNTEST 1000 TCK;
SDR 16 TDI (BFFF);
RUNTEST 1000 TCK;
SDR 16 TDI (FFFF);
RUNTEST 1000 TCK;
SDR 16 TDI (FFF7);
RUNTEST 1000 TCK;
SDR 16 TDI (FFFF);
RUNTEST 1000 TCK;
SDR 16 TDI (7FFF);
RUNTEST 1000 TCK;
SDR 16 TDI (FFFB);
RUNTEST 1000 TCK;
SDR 16 TDI (FFDF);
RUNTEST 1000 TCK;
SDR 16 TDI (FFFF);
RUNTEST 1000 TCK;
SDR 16 TDI (BFFF);
RUNTEST 1000 TCK;
SDR 16 TDI (FFFF);
RUNTEST 1000 TCK;
SDR 16 TDI (FFFF);
RUNTEST 1000 TCK;
SDR 16 TDI (FFFF);
RUNTEST 1000 TCK;
SDR 16 TDI (7FFF);
RUNTEST 1000 TCK;
SDR 16 TDI (FFFF);
RUNTEST 1000 TCK;
SDR 16 TDI (FFFF);
RUNTEST 1000 TCK;
SDR 16 TDI (FFFF);
RUNTEST 1000 TCK;
SDR 16 TDI (BFFF);
RUNTEST 1000 TCK;
SDR 16 TDI (FFFF);
RUNTEST 1000 TCK;
SDR 16 TDI (FFDF);
RUNTEST 1000 TCK;
SDR 16 TDI (FFBF);
RUNTEST 1000 TCK;
SDR 16 TDI (7EFD);
RUNTEST 1000 TCK;
SDR 16 TDI (FB5F);
RUNTEST 1000 TCK;
SDR 16 TDI (FFFD);
RUNTEST 1000 TCK;
SDR 16 TDI (FDFF);
RUNTEST 1000 TCK;
SDR 16 TDI (AFFF);
RUNTEST 1000 TCK;
SDR 16 TDI (FFEF);
RUNTEST 1000 TCK;
SDR 16 TDI (FFFF);
RUNTEST 1000 TCK;
SDR 16 TDI (FF5F);
RUNTEST 1000 TCK;
SDR 16 TDI (7FFF);
RUNTEST 1000 TCK;
SDR 16 TDI (FFFF);
RUNTEST 1000 TCK;
SDR 16 TDI (FFDF);
RUNTEST 1000 TCK;
SDR 16 TDI (FFFF);
RUNTEST 1000 TCK;
SDR 16 TDI (BFFF);
RUNTEST 1000 TCK;
SDR 16 TDI (FFFF);
RUNTEST 1000 TCK;
SDR 16 TDI (FFFF);
RUNTEST 1000 TCK;
SDR 16 TDI (FFFB);
RUNTEST 1000 TCK;
SDR 16 TDI (7FFF);
RUNTEST 1000 TCK;
SDR 16 TDI (FFFF);
RUNTEST 1000 TCK;
SDR 16 TDI (FDFF);
RUNTEST 1000 TCK;
SDR 16 TDI (FBFF);
RUNTEST 1000 TCK;
SDR 16 TDI (BFFF);
RUNTEST 1000 TCK;
SDR 16 TDI (F7F7);
RUNTEST 1000 TCK;
SDR 16 TDI (FFFF);
RUNTEST 1000 TCK;
SDR 16 TDI (FFFF);
RUNTEST 1000 TCK;
SDR 16 TDI (7F7F);
RUNTEST 1000 TCK;
SDR 16 TDI (FEFF);
RUNTEST 1000 TCK;
SDR 16 TDI (FFDE);
RUNTEST 1000 TCK;
SDR 16 TDI (FFFF);
RUNTEST 1000 TCK;
SDR 16 TDI (AF7F);
RUNTEST 1000 TCK;
SDR 16 TDI (6FFE);
RUNTEST 1000 TCK;
SDR 16 TDI (FFFD);
RUNTEST 1000 TCK;
SDR 16 TDI (FFFF);
RUNTEST 1000 TCK;
SDR 16 TDI (7FFF);
RUNTEST 1000 TCK;
SDR 16 TDI (BFFF);
RUNTEST 1000 TCK;
SDR 16 TDI (FFFF);
RUNTEST 1000 TCK;
SDR 16 TDI (FFFF);
RUNTEST 1000 TCK;
SDR 16 TDI (BFFF);
RUNTEST 1000 TCK;
SDR 16 TDI (FFFF);
RUNTEST 1000 TCK;
SDR 16 TDI (7FF7);
RUNTEST 1000 TCK;
SDR 16 TDI (F7FF);
RUNTEST 1000 TCK;
SDR 16 TDI (7FF7);
RUNTEST 1000 TCK;
SDR 16 TDI (FFFF);
RUNTEST 1000 TCK;
SDR 16 TDI (FFFF);
RUNTEST 1000 TCK;
SDR 16 TDI (F7DE);
RUNTEST 1000 TCK;
SDR 16 TDI (BFD7);
RUNTEST 1000 TCK;
SDR 16 TDI (FDFF);
RUNTEST 1000 TCK;
SDR 16 TDI (FFFF);
RUNTEST 1000 TCK;
SDR 16 TDI (FFFF);
RUNTEST 1000 TCK;
SDR 16 TDI (77FF);
RUNTEST 1000 TCK;
SDR 16 TDI (5FFF);
RUNTEST 1000 TCK;
SDR 16 TDI (BFFD);
RUNTEST 1000 TCK;
SDR 16 TDI (DDF9);
RUNTEST 1000 TCK;
SDR 16 TDI (BDFF);
RUNTEST 1000 TCK;
SDR 16 TDI (FFFF);
RUNTEST 1000 TCK;
SDR 16 TDI (FEFE);
RUNTEST 1000 TCK;
SDR 16 TDI (FBFF);
RUNTEST 1000 TCK;
SDR 16 TDI (7FFF);
RUNTEST 1000 TCK;
SDR 16 TDI (FFFF);
RUNTEST 1000 TCK;
SDR 16 TDI (FFFF);
RUNTEST 1000 TCK;
SDR 16 TDI (FFFF);
RUNTEST 1000 TCK;
SDR 16 TDI (BFFF);
RUNTEST 1000 TCK;
SDR 16 TDI (FFFF);
RUNTEST 1000 TCK;
SDR 16 TDI (7FFF);
RUNTEST 1000 TCK;
SDR 16 TDI (FBF7);
RUNTEST 1000 TCK;
SDR 16 TDI (7FFF);
RUNTEST 1000 TCK;
SDR 16 TDI (FFFF);
RUNTEST 1000 TCK;
SDR 16 TDI (FDFF);
RUNTEST 1000 TCK;
SDR 16 TDI (EFFE);
RUNTEST 1000 TCK;
SDR 16 TDI (BFFF);
RUNTEST 1000 TCK;
SDR 16 TDI (FA7F);
RUNTEST 1000 TCK;
SDR 16 TDI (FEFF);
RUNTEST 1000 TCK;
SDR 16 TDI (FFDF);
RUNTEST 1000 TCK;
SDR 16 TDI (7F7B);
RUNTEST 1000 TCK;
SDR 16 TDI (BEF7);
RUNTEST 1000 TCK;
SDR 16 TDI (7FFF);
RUNTEST 1000 TCK;
SDR 16 TDI (EDEB);
RUNTEST 1000 TCK;
SDR 16 TDI (BFFF);
RUNTEST 1000 TCK;
SDR 16 TDI (FFFF);
RUNTEST 1000 TCK;
SDR 16 TDI (FBFF);
RUNTEST 1000 TCK;
SDR 16 TDI (F7FF);
RUNTEST 1000 TCK;
SDR 16 TDI (6FFF);
RUNTEST 1000 TCK;
SDR 16 TDI (FDFF);
RUNTEST 1000 TCK;
SDR 16 TDI (FFFF);
RUNTEST 1000 TCK;
SDR 16 TDI (FFFF);
RUNTEST 1000 TCK;
SDR 16 TDI (BFFF);
RUNTEST 1000 TCK;
SDR 16 TDI (FFFF);
RUNTEST 1000 TCK;
SDR 16 TDI (FFFB);
RUNTEST 1000 TCK;
SDR 16 TDI (FFFF);
RUNTEST 1000 TCK;
SDR 16 TDI (7FEF);
RUNTEST 1000 TCK;
SDR 16 TDI (FFFF);
RUNTEST 1000 TCK;
SDR 16 TDI (FFFF);
RUNTEST 1000 TCK;
SDR 16 TDI (FDBF);
RUNTEST 1000 TCK;
SDR 16 TDI (BFEB);
RUNTEST 1000 TCK;
SDR 16 TDI (FFFB);
RUNTEST 1000 TCK;
SDR 16 TDI (FFFF);
RUNTEST 1000 TCK;
SDR 16 TDI (FFFF);
RUNTEST 1000 TCK;
SDR 16 TDI (6FFE);
RUNTEST 1000 TCK;
SDR 16 TDI (FFFF);
RUNTEST 1000 TCK;
SDR 16 TDI (BFDC);
RUNTEST 1000 TCK;
SDR 16 TDI (BFFE);
RUNTEST 1000 TCK;
SDR 16 TDI (B4FE);
RUNTEST 1000 TCK;
SDR 16 TDI (F7FF);
RUNTEST 1000 TCK;
SDR 16 TDI (7EFB);
RUNTEST 1000 TCK;
SDR 16 TDI (7DFF);
RUNTEST 1000 TCK;
SDR 16 TDI (7FFF);
RUNTEST 1000 TCK;
SDR 16 TDI (7FFF);
RUNTEST 1000 TCK;
SDR 16 TDI (FFFF);
RUNTEST 1000 TCK;
SDR 16 TDI (FFFF);
RUNTEST 1000 TCK;
SDR 16 TDI (BFFF);
RUNTEST 1000 TCK;
SDR 16 TDI (FFFF);
RUNTEST 1000 TCK;
SDR 16 TDI (FFFF);
RUNTEST 1000 TCK;
SDR 16 TDI (FFFF);
RUNTEST 1000 TCK;
SDR 16 TDI (7FFF);
RUNTEST 1000 TCK;
SDR 16 TDI (FFFF);
RUNTEST 1000 TCK;
SDR 16 TDI (FFFF);
RUNTEST 1000 TCK;
SDR 16 TDI (FFFF);
RUNTEST 1000 TCK;
SDR 16 TDI (BFFF);
RUNTEST 1000 TCK;
SDR 16 TDI (FFFD);
RUNTEST 1000 TCK;
SDR 16 TDI (FFBF);
RUNTEST 1000 TCK;
SDR 16 TDI (FFFF);
RUNTEST 1000 TCK;
SDR 16 TDI (7DFF);
RUNTEST 1000 TCK;
SDR 16 TDI (FFFF);
RUNTEST 1000 TCK;
SDR 16 TDI (FFFF);
RUNTEST 1000 TCK;
SDR 16 TDI (EBFB);
RUNTEST 1000 TCK;
SDR 16 TDI (BFF7);
RUNTEST 1000 TCK;
SDR 16 TDI (FFFF);
RUNTEST 1000 TCK;
SDR 16 TDI (FFFF);
RUNTEST 1000 TCK;
SDR 16 TDI (FFFF);
RUNTEST 1000 TCK;
SDR 16 TDI (7FFF);
RUNTEST 1000 TCK;
SDR 16 TDI (FFFF);
RUNTEST 1000 TCK;
SDR 16 TDI (FFFF);
RUNTEST 1000 TCK;
SDR 16 TDI (FFFF);
RUNTEST 1000 TCK;
SDR 16 TDI (BFFF);
RUNTEST 1000 TCK;
SDR 16 TDI (FFFF);
RUNTEST 1000 TCK;
SDR 16 TDI (FFFF);
RUNTEST 1000 TCK;
SDR 16 TDI (FFFF);
RUNTEST 1000 TCK;
SDR 16 TDI (7FFF);
RUNTEST 1000 TCK;
SDR 16 TDI (FFFF);
RUNTEST 1000 TCK;
SDR 16 TDI (FFFF);
RUNTEST 1000 TCK;
SDR 16 TDI (FFFF);
RUNTEST 1000 TCK;
SDR 16 TDI (BFDF);
RUNTEST 1000 TCK;
SDR 16 TDI (FFFF);
RUNTEST 1000 TCK;
SDR 16 TDI (FEFF);
RUNTEST 1000 TCK;
SDR 16 TDI (FF7F);
RUNTEST 1000 TCK;
SDR 16 TDI (7FFD);
RUNTEST 1000 TCK;
SDR 16 TDI (FFFF);
RUNTEST 1000 TCK;
SDR 16 TDI (FFBF);
RUNTEST 1000 TCK;
SDR 16 TDI (FFFF);
RUNTEST 1000 TCK;
SDR 16 TDI (B7FB);
RUNTEST 1000 TCK;
SDR 16 TDI (FFEE);
RUNTEST 1000 TCK;
SDR 16 TDI (FFFF);
RUNTEST 1000 TCK;
SDR 16 TDI (BFFF);
RUNTEST 1000 TCK;
SDR 16 TDI (7FF7);
RUNTEST 1000 TCK;
SDR 16 TDI (FFFF);
RUNTEST 1000 TCK;
SDR 16 TDI (FFFF);
RUNTEST 1000 TCK;
SDR 16 TDI (FFFF);
RUNTEST 1000 TCK;
SDR 16 TDI (BFFF);
RUNTEST 1000 TCK;
SDR 16 TDI (FFFF);
RUNTEST 1000 TCK;
SDR 16 TDI (FFFF);
RUNTEST 1000 TCK;
SDR 16 TDI (FFFF);
RUNTEST 1000 TCK;
SDR 16 TDI (7FFF);
RUNTEST 1000 TCK;
SDR 16 TDI (FFFF);
RUNTEST 1000 TCK;
SDR 16 TDI (FFFF);
RUNTEST 1000 TCK;
SDR 16 TDI (FFFF);
RUNTEST 1000 TCK;
SDR 16 TDI (BFFF);
RUNTEST 1000 TCK;
SDR 16 TDI (FFFF);
RUNTEST 1000 TCK;
SDR 16 TDI (FF7F);
RUNTEST 1000 TCK;
SDR 16 TDI (FF7F);
RUNTEST 1000 TCK;
SDR 16 TDI (7FFF);
RUNTEST 1000 TCK;
SDR 16 TDI (FFFF);
RUNTEST 1000 TCK;
SDR 16 TDI (FFBF);
RUNTEST 1000 TCK;
SDR 16 TDI (F7FF);
RUNTEST 1000 TCK;
SDR 16 TDI (BFEB);
RUNTEST 1000 TCK;
SDR 16 TDI (FFEF);
RUNTEST 1000 TCK;
SDR 16 TDI (FBFF);
RUNTEST 1000 TCK;
SDR 16 TDI (FFFF);
RUNTEST 1000 TCK;
SDR 16 TDI (7FFF);
RUNTEST 1000 TCK;
SDR 16 TDI (FFFF);
RUNTEST 1000 TCK;
SDR 16 TDI (FFFF);
RUNTEST 1000 TCK;
SDR 16 TDI (FFFF);
RUNTEST 1000 TCK;
SDR 16 TDI (BFFF);
RUNTEST 1000 TCK;
SDR 16 TDI (FFFF);
RUNTEST 1000 TCK;
SDR 16 TDI (FFFF);
RUNTEST 1000 TCK;
SDR 16 TDI (FFFF);
RUNTEST 1000 TCK;
SDR 16 TDI (7FFF);
RUNTEST 1000 TCK;
SDR 16 TDI (FFFF);
RUNTEST 1000 TCK;
SDR 16 TDI (FFFF);
RUNTEST 1000 TCK;
SDR 16 TDI (FFFF);
RUNTEST 1000 TCK;
SDR 16 TDI (BFFF);
RUNTEST 1000 TCK;
SDR 16 TDI (FFFD);
RUNTEST 1000 TCK;
SDR 16 TDI (FDFF);
RUNTEST 1000 TCK;
SDR 16 TDI (FFFF);
RUNTEST 1000 TCK;
SDR 16 TDI (7DFD);
RUNTEST 1000 TCK;
SDR 16 TDI (FFFF);
RUNTEST 1000 TCK;
SDR 16 TDI (FFFF);
RUNTEST 1000 TCK;
SDR 16 TDI (FDFF);
RUNTEST 1000 TCK;
SDR 16 TDI (AFFF);
RUNTEST 1000 TCK;
SDR 16 TDI (FFFE);
RUNTEST 1000 TCK;
SDR 16 TDI (FFFF);
RUNTEST 1000 TCK;
SDR 16 TDI (BFFF);
RUNTEST 1000 TCK;
SDR 16 TDI (7FFF);
RUNTEST 1000 TCK;
SDR 16 TDI (FFFF);
RUNTEST 1000 TCK;
SDR 16 TDI (FFFF);
RUNTEST 1000 TCK;
SDR 16 TDI (FFFF);
RUNTEST 1000 TCK;
SDR 16 TDI (B55F);
RUNTEST 1000 TCK;
SDR 16 TDI (FFFF);
RUNTEST 1000 TCK;
SDR 16 TDI (FFFF);
RUNTEST 1000 TCK;
SDR 16 TDI (FFFF);
RUNTEST 1000 TCK;
SDR 16 TDI (7FFF);
RUNTEST 1000 TCK;
SDR 16 TDI (FFFF);
RUNTEST 1000 TCK;
SDR 16 TDI (FFFF);
RUNTEST 1000 TCK;
SDR 16 TDI (FFFF);
RUNTEST 1000 TCK;
SDR 16 TDI (BFFF);
RUNTEST 1000 TCK;
SDR 16 TDI (FFFF);
RUNTEST 1000 TCK;
SDR 16 TDI (FFFF);
RUNTEST 1000 TCK;
SDR 16 TDI (FFFF);
RUNTEST 1000 TCK;
SDR 16 TDI (6FFF);
RUNTEST 1000 TCK;
SDR 16 TDI (FFFF);
RUNTEST 1000 TCK;
SDR 16 TDI (FBFF);
RUNTEST 1000 TCK;
SDR 16 TDI (FFFF);
RUNTEST 1000 TCK;
SDR 16 TDI (AEFE);
RUNTEST 1000 TCK;
SDR 16 TDI (EFFF);
RUNTEST 1000 TCK;
SDR 16 TDI (FEBF);
RUNTEST 1000 TCK;
SDR 16 TDI (FFFF);
RUNTEST 1000 TCK;
SDR 16 TDI (7FFF);
RUNTEST 1000 TCK;
SDR 16 TDI (FFFF);
RUNTEST 1000 TCK;
SDR 16 TDI (FBBF);
RUNTEST 1000 TCK;
SDR 16 TDI (FFFF);
RUNTEST 1000 TCK;
SDR 16 TDI (BFFF);
RUNTEST 1000 TCK;
SDR 16 TDI (FFFF);
RUNTEST 1000 TCK;
SDR 16 TDI (FFFF);
RUNTEST 1000 TCK;
SDR 16 TDI (FFFF);
RUNTEST 1000 TCK;
SDR 16 TDI (7FFF);
RUNTEST 1000 TCK;
SDR 16 TDI (FFFF);
RUNTEST 1000 TCK;
SDR 16 TDI (FFFF);
RUNTEST 1000 TCK;
SDR 16 TDI (FFFD);
RUNTEST 1000 TCK;
SDR 16 TDI (BFFF);
RUNTEST 1000 TCK;
SDR 16 TDI (FF77);
RUNTEST 1000 TCK;
SDR 16 TDI (FFBF);
RUNTEST 1000 TCK;
SDR 16 TDI (F7BF);
RUNTEST 1000 TCK;
SDR 16 TDI (7EFE);
RUNTEST 1000 TCK;
SDR 16 TDI (FFFF);
RUNTEST 1000 TCK;
SDR 16 TDI (7FFF);
RUNTEST 1000 TCK;
SDR 16 TDI (FEEF);
RUNTEST 1000 TCK;
SDR 16 TDI (BFBF);
RUNTEST 1000 TCK;
SDR 16 TDI (FF6E);
RUNTEST 1000 TCK;
SDR 16 TDI (DFFF);
RUNTEST 1000 TCK;
SDR 16 TDI (FDDF);
RUNTEST 1000 TCK;
SDR 16 TDI (7BFF);
RUNTEST 1000 TCK;
SDR 16 TDI (FFFF);
RUNTEST 1000 TCK;
SDR 16 TDI (FFFF);
RUNTEST 1000 TCK;
SDR 16 TDI (FFFF);
RUNTEST 1000 TCK;
SDR 16 TDI (A55F);
RUNTEST 1000 TCK;
SDR 16 TDI (FFFF);
RUNTEST 1000 TCK;
SDR 16 TDI (FFFF);
RUNTEST 1000 TCK;
SDR 16 TDI (FFFF);
RUNTEST 1000 TCK;
SDR 16 TDI (7FFF);
RUNTEST 1000 TCK;
SDR 16 TDI (FFFF);
RUNTEST 1000 TCK;
SDR 16 TDI (FFFD);
RUNTEST 1000 TCK;
SDR 16 TDI (FFFF);
RUNTEST 1000 TCK;
SDR 16 TDI (BFFF);
RUNTEST 1000 TCK;
SDR 16 TDI (FFFF);
RUNTEST 1000 TCK;
SDR 16 TDI (FFFF);
RUNTEST 1000 TCK;
SDR 16 TDI (FFFF);
RUNTEST 1000 TCK;
SDR 16 TDI (7FFF);
RUNTEST 1000 TCK;
SDR 16 TDI (7FFF);
RUNTEST 1000 TCK;
SDR 16 TDI (FFAF);
RUNTEST 1000 TCK;
SDR 16 TDI (EFFE);
RUNTEST 1000 TCK;
SDR 16 TDI (BFEF);
RUNTEST 1000 TCK;
SDR 16 TDI (DFFF);
RUNTEST 1000 TCK;
SDR 16 TDI (EFF3);
RUNTEST 1000 TCK;
SDR 16 TDI (FFFD);
RUNTEST 1000 TCK;
SDR 16 TDI (7FFF);
RUNTEST 1000 TCK;
SDR 16 TDI (FFFF);
RUNTEST 1000 TCK;
SDR 16 TDI (FB9F);
RUNTEST 1000 TCK;
SDR 16 TDI (FFFF);
RUNTEST 1000 TCK;
SDR 16 TDI (AAEF);
RUNTEST 1000 TCK;
SDR 16 TDI (FFFF);
RUNTEST 1000 TCK;
SDR 16 TDI (FFFF);
RUNTEST 1000 TCK;
SDR 16 TDI (FFFF);
RUNTEST 1000 TCK;
SDR 16 TDI (7FFF);
RUNTEST 1000 TCK;
SDR 16 TDI (FFFF);
RUNTEST 1000 TCK;
SDR 16 TDI (FFFF);
RUNTEST 1000 TCK;
SDR 16 TDI (FFFF);
RUNTEST 1000 TCK;
SDR 16 TDI (BFFF);
RUNTEST 1000 TCK;
SDR 16 TDI (FFFF);
RUNTEST 1000 TCK;
SDR 16 TDI (FFFF);
RUNTEST 1000 TCK;
SDR 16 TDI (DFF7);
RUNTEST 1000 TCK;
SDR 16 TDI (7FF7);
RUNTEST 1000 TCK;
SDR 16 TDI (FFFF);
RUNTEST 1000 TCK;
SDR 16 TDI (FFFF);
RUNTEST 1000 TCK;
SDR 16 TDI (FFFF);
RUNTEST 1000 TCK;
SDR 16 TDI (BFB7);
RUNTEST 1000 TCK;
SDR 16 TDI (FFFF);
RUNTEST 1000 TCK;
SDR 16 TDI (FFF7);
RUNTEST 1000 TCK;
SDR 16 TDI (FFFF);
RUNTEST 1000 TCK;
SDR 16 TDI (7FFF);
RUNTEST 1000 TCK;
SDR 16 TDI (FFBF);
RUNTEST 1000 TCK;
SDR 16 TDI (FF5F);
RUNTEST 1000 TCK;
SDR 16 TDI (FFFF);
RUNTEST 1000 TCK;
SDR 16 TDI (BFFF);
RUNTEST 1000 TCK;
SDR 16 TDI (FFFF);
RUNTEST 1000 TCK;
SDR 16 TDI (FFFF);
RUNTEST 1000 TCK;
SDR 16 TDI (FFFF);
RUNTEST 1000 TCK;
SDR 16 TDI (7FFF);
RUNTEST 1000 TCK;
SDR 16 TDI (FFFF);
RUNTEST 1000 TCK;
SDR 16 TDI (FFFF);
RUNTEST 1000 TCK;
SDR 16 TDI (DDFF);
RUNTEST 1000 TCK;
SDR 16 TDI (BFFF);
RUNTEST 1000 TCK;
SDR 16 TDI (FFFF);
RUNTEST 1000 TCK;
SDR 16 TDI (FFFF);
RUNTEST 1000 TCK;
SDR 16 TDI (FFFF);
RUNTEST 1000 TCK;
SDR 16 TDI (7FFF);
RUNTEST 1000 TCK;
SDR 16 TDI (F77F);
RUNTEST 1000 TCK;
SDR 16 TDI (FFFF);
RUNTEST 1000 TCK;
SDR 16 TDI (FFFF);
RUNTEST 1000 TCK;
SDR 16 TDI (BFFF);
RUNTEST 1000 TCK;
SDR 16 TDI (FFFF);
RUNTEST 1000 TCK;
SDR 16 TDI (BFBF);
RUNTEST 1000 TCK;
SDR 16 TDI (DFFF);
RUNTEST 1000 TCK;
SDR 16 TDI (7FFF);
RUNTEST 1000 TCK;
SDR 16 TDI (F7F7);
RUNTEST 1000 TCK;
SDR 16 TDI (FFFF);
RUNTEST 1000 TCK;
SDR 16 TDI (FFFF);
RUNTEST 1000 TCK;
SDR 16 TDI (BFFF);
RUNTEST 1000 TCK;
SDR 16 TDI (FFFF);
RUNTEST 1000 TCK;
SDR 16 TDI (FFFF);
RUNTEST 1000 TCK;
SDR 16 TDI (FFFF);
RUNTEST 1000 TCK;
SDR 16 TDI (7FFF);
RUNTEST 1000 TCK;
SDR 16 TDI (FFFF);
RUNTEST 1000 TCK;
SDR 16 TDI (FFFF);
RUNTEST 1000 TCK;
SDR 16 TDI (FFDF);
RUNTEST 1000 TCK;
SDR 16 TDI (BFFF);
RUNTEST 1000 TCK;
SDR 16 TDI (FFFF);
RUNTEST 1000 TCK;
SDR 16 TDI (FFFF);
RUNTEST 1000 TCK;
SDR 16 TDI (7FFF);
RUNTEST 1000 TCK;
SDR 16 TDI (7FFF);
RUNTEST 1000 TCK;
SDR 16 TDI (FFF7);
RUNTEST 1000 TCK;
SDR 16 TDI (FFCB);
RUNTEST 1000 TCK;
SDR 16 TDI (FFFF);
RUNTEST 1000 TCK;
SDR 16 TDI (BBFF);
RUNTEST 1000 TCK;
SDR 16 TDI (FFF6);
RUNTEST 1000 TCK;
SDR 16 TDI (FF7D);
RUNTEST 1000 TCK;
SDR 16 TDI (FFFF);
RUNTEST 1000 TCK;
SDR 16 TDI (7F77);
RUNTEST 1000 TCK;
SDR 16 TDI (FFFF);
RUNTEST 1000 TCK;
SDR 16 TDI (FFFF);
RUNTEST 1000 TCK;
SDR 16 TDI (FFFF);
RUNTEST 1000 TCK;
SDR 16 TDI (BFFF);
RUNTEST 1000 TCK;
SDR 16 TDI (FFFF);
RUNTEST 1000 TCK;
SDR 16 TDI (FFFF);
RUNTEST 1000 TCK;
SDR 16 TDI (FFFF);
RUNTEST 1000 TCK;
SDR 16 TDI (7FFF);
RUNTEST 1000 TCK;
SDR 16 TDI (FFFF);
RUNTEST 1000 TCK;
SDR 16 TDI (FFFF);
RUNTEST 1000 TCK;
SDR 16 TDI (FFFB);
RUNTEST 1000 TCK;
SDR 16 TDI (BFFF);
RUNTEST 1000 TCK;
SDR 16 TDI (FFFF);
RUNTEST 1000 TCK;
SDR 16 TDI (FF7F);
RUNTEST 1000 TCK;
SDR 16 TDI (B7F7);
RUNTEST 1000 TCK;
SDR 16 TDI (77EF);
RUNTEST 1000 TCK;
SDR 16 TDI (FFFE);
RUNTEST 1000 TCK;
SDR 16 TDI (FB8B);
RUNTEST 1000 TCK;
SDR 16 TDI (EFFE);
RUNTEST 1000 TCK;
SDR 16 TDI (AAC6);
RUNTEST 1000 TCK;
SDR 16 TDI (CEFE);
RUNTEST 1000 TCK;
SDR 16 TDI (FFF5);
RUNTEST 1000 TCK;
SDR 16 TDI (FFBF);
RUNTEST 1000 TCK;
SDR 16 TDI (7FFF);
RUNTEST 1000 TCK;
SDR 16 TDI (FFF7);
RUNTEST 1000 TCK;
SDR 16 TDI (FFFF);
RUNTEST 1000 TCK;
SDR 16 TDI (FFFF);
RUNTEST 1000 TCK;
SDR 16 TDI (BAFF);
RUNTEST 1000 TCK;
SDR 16 TDI (FFFF);
RUNTEST 1000 TCK;
SDR 16 TDI (FFFF);
RUNTEST 1000 TCK;
SDR 16 TDI (FFFF);
RUNTEST 1000 TCK;
SDR 16 TDI (7FFF);
RUNTEST 1000 TCK;
SDR 16 TDI (FFFF);
RUNTEST 1000 TCK;
SDR 16 TDI (FFFD);
RUNTEST 1000 TCK;
SDR 16 TDI (FDBF);
RUNTEST 1000 TCK;
SDR 16 TDI (BFFF);
RUNTEST 1000 TCK;
SDR 16 TDI (FFFB);
RUNTEST 1000 TCK;
SDR 16 TDI (FFFF);
RUNTEST 1000 TCK;
SDR 16 TDI (EFBF);
RUNTEST 1000 TCK;
SDR 16 TDI (7F7E);
RUNTEST 1000 TCK;
SDR 16 TDI (7F6F);
RUNTEST 1000 TCK;
SDR 16 TDI (FFFF);
RUNTEST 1000 TCK;
SDR 16 TDI (FFF7);
RUNTEST 1000 TCK;
SDR 16 TDI (BFFF);
RUNTEST 1000 TCK;
SDR 16 TDI (FFFF);
RUNTEST 1000 TCK;
SDR 16 TDI (DE3B);
RUNTEST 1000 TCK;
SDR 16 TDI (FBFF);
RUNTEST 1000 TCK;
SDR 16 TDI (7FB7);
RUNTEST 1000 TCK;
SDR 16 TDI (F7FF);
RUNTEST 1000 TCK;
SDR 16 TDI (FDFF);
RUNTEST 1000 TCK;
SDR 16 TDI (FFFF);
RUNTEST 1000 TCK;
SDR 16 TDI (BFFF);
RUNTEST 1000 TCK;
SDR 16 TDI (FFFF);
RUNTEST 1000 TCK;
SDR 16 TDI (FFFF);
RUNTEST 1000 TCK;
SDR 16 TDI (FFFF);
RUNTEST 1000 TCK;
SDR 16 TDI (7FFF);
RUNTEST 1000 TCK;
SDR 16 TDI (FFFF);
RUNTEST 1000 TCK;
SDR 16 TDI (FFFF);
RUNTEST 1000 TCK;
SDR 16 TDI (DFFF);
RUNTEST 1000 TCK;
SDR 16 TDI (BFFF);
RUNTEST 1000 TCK;
SDR 16 TDI (FFBF);
RUNTEST 1000 TCK;
SDR 16 TDI (FFFF);
RUNTEST 1000 TCK;
SDR 16 TDI (FFFF);
RUNTEST 1000 TCK;
SDR 16 TDI (7FFF);
RUNTEST 1000 TCK;
SDR 16 TDI (F7FF);
RUNTEST 1000 TCK;
SDR 16 TDI (FFF7);
RUNTEST 1000 TCK;
SDR 16 TDI (FF7F);
RUNTEST 1000 TCK;
SDR 16 TDI (BFBF);
RUNTEST 1000 TCK;
SDR 16 TDI (FFE7);
RUNTEST 1000 TCK;
SDR 16 TDI (37CF);
RUNTEST 1000 TCK;
SDR 16 TDI (DFFB);
RUNTEST 1000 TCK;
SDR 16 TDI (77FF);
RUNTEST 1000 TCK;
SDR 16 TDI (FF7F);
RUNTEST 1000 TCK;
SDR 16 TDI (FFFF);
RUNTEST 1000 TCK;
SDR 16 TDI (FFFF);
RUNTEST 1000 TCK;
SDR 16 TDI (A55F);
RUNTEST 1000 TCK;
SDR 16 TDI (FFFF);
RUNTEST 1000 TCK;
SDR 16 TDI (FEFF);
RUNTEST 1000 TCK;
SDR 16 TDI (FFFF);
RUNTEST 1000 TCK;
SDR 16 TDI (7FFF);
RUNTEST 1000 TCK;
SDR 16 TDI (FF7F);
RUNTEST 1000 TCK;
SDR 16 TDI (FFFD);
RUNTEST 1000 TCK;
SDR 16 TDI (3D1E);
RUNTEST 1000 TCK;
SDR 16 TDI (AFBF);
RUNTEST 1000 TCK;
SDR 16 TDI (FFF3);
RUNTEST 1000 TCK;
SDR 16 TDI (FC3F);
RUNTEST 1000 TCK;
SDR 16 TDI (3E03);
RUNTEST 1000 TCK;
SDR 16 TDI (6006);
RUNTEST 1000 TCK;
SDR 16 TDI (B4FE);
RUNTEST 1000 TCK;
SDR 16 TDI (1F2E);
RUNTEST 1000 TCK;
SDR 16 TDI (2E7D);
RUNTEST 1000 TCK;
SDR 16 TDI (AF87);
RUNTEST 1000 TCK;
SDR 16 TDI (87C0);
RUNTEST 1000 TCK;
SDR 16 TDI (1E03);
RUNTEST 1000 TCK;
SDR 16 TDI (8000);
RUNTEST 1000 TCK;
SDR 16 TDI (63E3);
RUNTEST 1000 TCK;
SDR 16 TDI (F333);
RUNTEST 1000 TCK;
SDR 16 TDI (EA5F);
RUNTEST 1000 TCK;
SDR 16 TDI (FFFF);
RUNTEST 1000 TCK;
SDR 16 TDI (AFFF);
RUNTEST 1000 TCK;
SDR 16 TDI (FFFF);
RUNTEST 1000 TCK;
SDR 16 TDI (FDFF);
RUNTEST 1000 TCK;
SDR 16 TDI (FFFF);
RUNTEST 1000 TCK;
SDR 16 TDI (7FFF);
RUNTEST 1000 TCK;
SDR 16 TDI (FEFF);
RUNTEST 1000 TCK;
SDR 16 TDI (FFFD);
RUNTEST 1000 TCK;
SDR 16 TDI (3D79);
RUNTEST 1000 TCK;
SDR 16 TDI (BF7F);
RUNTEST 1000 TCK;
SDR 16 TDI (FC3F);
RUNTEST 1000 TCK;
SDR 16 TDI (FC3F);
RUNTEST 1000 TCK;
SDR 16 TDI (3F03);
RUNTEST 1000 TCK;
SDR 16 TDI (6007);
RUNTEST 1000 TCK;
SDR 16 TDI (74E1);
RUNTEST 1000 TCK;
SDR 16 TDI (9FBE);
RUNTEST 1000 TCK;
SDR 16 TDI (2F85);
RUNTEST 1000 TCK;
SDR 16 TDI (A807);
RUNTEST 1000 TCK;
SDR 16 TDI (87E0);
RUNTEST 1000 TCK;
SDR 16 TDI (7E01);
RUNTEST 1000 TCK;
SDR 16 TDI (8000);
RUNTEST 1000 TCK;
SDR 16 TDI (6373);
RUNTEST 1000 TCK;
SDR 16 TDI (F333);
RUNTEST 1000 TCK;
SDR 16 TDI (FF9F);
RUNTEST 1000 TCK;
SDR 16 TDI (FFFF);
RUNTEST 1000 TCK;
SDR 16 TDI (B55F);
RUNTEST 1000 TCK;
SDR 16 TDI (FFFF);
RUNTEST 1000 TCK;
SDR 16 TDI (FFFF);
RUNTEST 1000 TCK;
SDR 16 TDI (FFFF);
RUNTEST 1000 TCK;
SDR 16 TDI (7FFF);
RUNTEST 1000 TCK;
SDR 16 TDI (FFFF);
RUNTEST 1000 TCK;
SDR 16 TDI (FFFA);
RUNTEST 1000 TCK;
SDR 16 TDI (5261);
RUNTEST 1000 TCK;
SDR 16 TDI (BFFF);
RUNTEST 1000 TCK;
SDR 16 TDI (FC0F);
RUNTEST 1000 TCK;
SDR 16 TDI (FC3F);
RUNTEST 1000 TCK;
SDR 16 TDI (3F03);
RUNTEST 1000 TCK;
SDR 16 TDI (6006);
RUNTEST 1000 TCK;
SDR 16 TDI (C941);
RUNTEST 1000 TCK;
SDR 16 TDI (FFC9);
RUNTEST 1000 TCK;
SDR 16 TDI (9184);
RUNTEST 1000 TCK;
SDR 16 TDI (A040);
RUNTEST 1000 TCK;
SDR 16 TDI (37F9);
RUNTEST 1000 TCK;
SDR 16 TDI (2021);
RUNTEST 1000 TCK;
SDR 16 TDI (8000);
RUNTEST 1000 TCK;
SDR 16 TDI (63F3);
RUNTEST 1000 TCK;
SDR 16 TDI (F333);
RUNTEST 1000 TCK;
SDR 16 TDI (EAFF);
RUNTEST 1000 TCK;
SDR 16 TDI (FFFF);
RUNTEST 1000 TCK;
SDR 16 TDI (BFFF);
RUNTEST 1000 TCK;
SDR 16 TDI (FFFF);
RUNTEST 1000 TCK;
SDR 16 TDI (FFFF);
RUNTEST 1000 TCK;
SDR 16 TDI (FFFF);
RUNTEST 1000 TCK;
SDR 16 TDI (7FFF);
RUNTEST 1000 TCK;
SDR 16 TDI (FFFF);
RUNTEST 1000 TCK;
SDR 16 TDI (FFFA);
RUNTEST 1000 TCK;
SDR 16 TDI (521F);
RUNTEST 1000 TCK;
SDR 16 TDI (BFFF);
RUNTEST 1000 TCK;
SDR 16 TDI (FFF3);
RUNTEST 1000 TCK;
SDR 16 TDI (FC3F);
RUNTEST 1000 TCK;
SDR 16 TDI (3F03);
RUNTEST 1000 TCK;
SDR 16 TDI (6007);
RUNTEST 1000 TCK;
SDR 16 TDI (6958);
RUNTEST 1000 TCK;
SDR 16 TDI (1F91);
RUNTEST 1000 TCK;
SDR 16 TDI (961C);
RUNTEST 1000 TCK;
SDR 16 TDI (A000);
RUNTEST 1000 TCK;
SDR 16 TDI (37F8);
RUNTEST 1000 TCK;
SDR 16 TDI (6001);
RUNTEST 1000 TCK;
SDR 16 TDI (8000);
RUNTEST 1000 TCK;
SDR 16 TDI (63F3);
RUNTEST 1000 TCK;
SDR 16 TDI (F333);
RUNTEST 1000 TCK;
SDR 16 TDI (FEFF);
RUNTEST 1000 TCK;
SDR 16 TDI (FFFF);
RUNTEST 1000 TCK;
SDR 16 TDI (BFFF);
RUNTEST 1000 TCK;
SDR 16 TDI (3333);
RUNTEST 1000 TCK;
SDR 16 TDI (1F33);
RUNTEST 1000 TCK;
SDR 16 TDI (333C);
RUNTEST 1000 TCK;
SDR 16 TDI (7999);
RUNTEST 1000 TCK;
SDR 16 TDI (8F99);
RUNTEST 1000 TCK;
SDR 16 TDI (999F);
RUNTEST 1000 TCK;
SDR 16 TDI (7777);
RUNTEST 1000 TCK;
SDR 16 TDI (A7CC);
RUNTEST 1000 TCK;
SDR 16 TDI (CDDF);
RUNTEST 1000 TCK;
SDR 16 TDI (33B3);
RUNTEST 1000 TCK;
SDR 16 TDI (3F77);
RUNTEST 1000 TCK;
SDR 16 TDI (6EE7);
RUNTEST 1000 TCK;
SDR 16 TDI (9999);
RUNTEST 1000 TCK;
SDR 16 TDI (8FB1);
RUNTEST 1000 TCK;
SDR 16 TDI (999F);
RUNTEST 1000 TCK;
SDR 16 TDI (A666);
RUNTEST 1000 TCK;
SDR 16 TDI (43EE);
RUNTEST 1000 TCK;
SDR 16 TDI (6663);
RUNTEST 1000 TCK;
SDR 16 TDI (DDDD);
RUNTEST 1000 TCK;
SDR 16 TDI (79F7);
RUNTEST 1000 TCK;
SDR 16 TDI (3777);
RUNTEST 1000 TCK;
SDR 16 TDI (FFFF);
RUNTEST 1000 TCK;
SDR 16 TDI (FFFF);
RUNTEST 1000 TCK;
SDR 16 TDI (BFFF);
RUNTEST 1000 TCK;
SDR 16 TDI (7777);
RUNTEST 1000 TCK;
SDR 16 TDI (4ABB);
RUNTEST 1000 TCK;
SDR 16 TDI (BBBD);
RUNTEST 1000 TCK;
SDR 16 TDI (7BBB);
RUNTEST 1000 TCK;
SDR 16 TDI (A55D);
RUNTEST 1000 TCK;
SDR 16 TDI (DDDA);
RUNTEST 1000 TCK;
SDR 16 TDI (2222);
RUNTEST 1000 TCK;
SDR 16 TDI (A2AE);
RUNTEST 1000 TCK;
SDR 16 TDI (EC8B);
RUNTEST 1000 TCK;
SDR 16 TDI (7737);
RUNTEST 1000 TCK;
SDR 16 TDI (2A33);
RUNTEST 1000 TCK;
SDR 16 TDI (6667);
RUNTEST 1000 TCK;
SDR 16 TDI (8888);
RUNTEST 1000 TCK;
SDR 16 TDI (9509);
RUNTEST 1000 TCK;
SDR 16 TDI (1116);
RUNTEST 1000 TCK;
SDR 16 TDI (AEEE);
RUNTEST 1000 TCK;
SDR 16 TDI (6946);
RUNTEST 1000 TCK;
SDR 16 TDI (6773);
RUNTEST 1000 TCK;
SDR 16 TDI (9999);
RUNTEST 1000 TCK;
SDR 16 TDI (72A3);
RUNTEST 1000 TCK;
SDR 16 TDI (B333);
RUNTEST 1000 TCK;
SDR 16 TDI (FFFF);
RUNTEST 1000 TCK;
SDR 16 TDI (FFFF);
RUNTEST 1000 TCK;
SDR 16 TDI (BFFF);
RUNTEST 1000 TCK;
SDR 16 TDI (FFFF);
RUNTEST 1000 TCK;
SDR 16 TDI (FEFF);
RUNTEST 1000 TCK;
SDR 16 TDI (FFFF);
RUNTEST 1000 TCK;
SDR 16 TDI (7FFF);
RUNTEST 1000 TCK;
SDR 16 TDI (FF7F);
RUNTEST 1000 TCK;
SDR 16 TDI (FFFF);
RUNTEST 1000 TCK;
SDR 16 TDI (FFFF);
RUNTEST 1000 TCK;
SDR 16 TDI (BFBF);
RUNTEST 1000 TCK;
SDR 16 TDI (FFFF);
RUNTEST 1000 TCK;
SDR 16 TDI (FDFF);
RUNTEST 1000 TCK;
SDR 16 TDI (FEEF);
RUNTEST 1000 TCK;
SDR 16 TDI (7DDF);
RUNTEST 1000 TCK;
SDR 16 TDI (FFFF);
RUNTEST 1000 TCK;
SDR 16 TDI (FF77);
RUNTEST 1000 TCK;
SDR 16 TDI (FFFF);
RUNTEST 1000 TCK;
SDR 16 TDI (B777);
RUNTEST 1000 TCK;
SDR 16 TDI (F7DF);
RUNTEST 1000 TCK;
SDR 16 TDI (FEFF);
RUNTEST 1000 TCK;
SDR 16 TDI (EEEE);
RUNTEST 1000 TCK;
SDR 16 TDI (7FEF);
RUNTEST 1000 TCK;
SDR 16 TDI (FFFF);
RUNTEST 1000 TCK;
SDR 16 TDI (FDFF);
RUNTEST 1000 TCK;
SDR 16 TDI (FFFF);
RUNTEST 1000 TCK;
SDR 16 TDI (BFFF);
RUNTEST 1000 TCK;
SDR 16 TDI (FFFF);
RUNTEST 1000 TCK;
SDR 16 TDI (FFFF);
RUNTEST 1000 TCK;
SDR 16 TDI (FFFF);
RUNTEST 1000 TCK;
SDR 16 TDI (7FFF);
RUNTEST 1000 TCK;
SDR 16 TDI (FFFF);
RUNTEST 1000 TCK;
SDR 16 TDI (FFF7);
RUNTEST 1000 TCK;
SDR 16 TDI (FFBF);
RUNTEST 1000 TCK;
SDR 16 TDI (BFFF);
RUNTEST 1000 TCK;
SDR 16 TDI (FB7D);
RUNTEST 1000 TCK;
SDR 16 TDI (FFFD);
RUNTEST 1000 TCK;
SDR 16 TDI (FFFB);
RUNTEST 1000 TCK;
SDR 16 TDI (7FFF);
RUNTEST 1000 TCK;
SDR 16 TDI (F6EF);
RUNTEST 1000 TCK;
SDR 16 TDI (FFEF);
RUNTEST 1000 TCK;
SDR 16 TDI (5FFF);
RUNTEST 1000 TCK;
SDR 16 TDI (AF6D);
RUNTEST 1000 TCK;
SDR 16 TDI (FFFF);
RUNTEST 1000 TCK;
SDR 16 TDI (FFFF);
RUNTEST 1000 TCK;
SDR 16 TDI (FFFF);
RUNTEST 1000 TCK;
SDR 16 TDI (77FF);
RUNTEST 1000 TCK;
SDR 16 TDI (FFFF);
RUNTEST 1000 TCK;
SDR 16 TDI (FFFF);
RUNTEST 1000 TCK;
SDR 16 TDI (FFFF);
RUNTEST 1000 TCK;
SDR 16 TDI (BFFF);
RUNTEST 1000 TCK;
SDR 16 TDI (FFFF);
RUNTEST 1000 TCK;
SDR 16 TDI (FFFF);
RUNTEST 1000 TCK;
SDR 16 TDI (FFFF);
RUNTEST 1000 TCK;
SDR 16 TDI (7FFF);
RUNTEST 1000 TCK;
SDR 16 TDI (FFFF);
RUNTEST 1000 TCK;
SDR 16 TDI (FFFF);
RUNTEST 1000 TCK;
SDR 16 TDI (FBFB);
RUNTEST 1000 TCK;
SDR 16 TDI (BFFF);
RUNTEST 1000 TCK;
SDR 16 TDI (7FFF);
RUNTEST 1000 TCK;
SDR 16 TDI (FFFF);
RUNTEST 1000 TCK;
SDR 16 TDI (FFFF);
RUNTEST 1000 TCK;
SDR 16 TDI (77FF);
RUNTEST 1000 TCK;
SDR 16 TDI (BFFF);
RUNTEST 1000 TCK;
SDR 16 TDI (FFFF);
RUNTEST 1000 TCK;
SDR 16 TDI (F7FF);
RUNTEST 1000 TCK;
SDR 16 TDI (BFFF);
RUNTEST 1000 TCK;
SDR 16 TDI (AFFF);
RUNTEST 1000 TCK;
SDR 16 TDI (5F7F);
RUNTEST 1000 TCK;
SDR 16 TDI (FEFF);
RUNTEST 1000 TCK;
SDR 16 TDI (7FFF);
RUNTEST 1000 TCK;
SDR 16 TDI (FFFF);
RUNTEST 1000 TCK;
SDR 16 TDI (FFFF);
RUNTEST 1000 TCK;
SDR 16 TDI (FFFF);
RUNTEST 1000 TCK;
SDR 16 TDI (AFFF);
RUNTEST 1000 TCK;
SDR 16 TDI (FFFF);
RUNTEST 1000 TCK;
SDR 16 TDI (FFFF);
RUNTEST 1000 TCK;
SDR 16 TDI (FFFF);
RUNTEST 1000 TCK;
SDR 16 TDI (7FFF);
RUNTEST 1000 TCK;
SDR 16 TDI (FFFF);
RUNTEST 1000 TCK;
SDR 16 TDI (FFF7);
RUNTEST 1000 TCK;
SDR 16 TDI (FBBD);
RUNTEST 1000 TCK;
SDR 16 TDI (BFFF);
RUNTEST 1000 TCK;
SDR 16 TDI (F77F);
RUNTEST 1000 TCK;
SDR 16 TDI (FFFF);
RUNTEST 1000 TCK;
SDR 16 TDI (FFFF);
RUNTEST 1000 TCK;
SDR 16 TDI (7FFF);
RUNTEST 1000 TCK;
SDR 16 TDI (BFFF);
RUNTEST 1000 TCK;
SDR 16 TDI (FFFE);
RUNTEST 1000 TCK;
SDR 16 TDI (CFFF);
RUNTEST 1000 TCK;
SDR 16 TDI (B77F);
RUNTEST 1000 TCK;
SDR 16 TDI (D7FF);
RUNTEST 1000 TCK;
SDR 16 TDI (FF7F);
RUNTEST 1000 TCK;
SDR 16 TDI (FFFF);
RUNTEST 1000 TCK;
SDR 16 TDI (7FFF);
RUNTEST 1000 TCK;
SDR 16 TDI (FFFF);
RUNTEST 1000 TCK;
SDR 16 TDI (FFDF);
RUNTEST 1000 TCK;
SDR 16 TDI (FFFF);
RUNTEST 1000 TCK;
SDR 16 TDI (AFFF);
RUNTEST 1000 TCK;
SDR 16 TDI (FFFF);
RUNTEST 1000 TCK;
SDR 16 TDI (FFFF);
RUNTEST 1000 TCK;
SDR 16 TDI (FFFF);
RUNTEST 1000 TCK;
SDR 16 TDI (7FFF);
RUNTEST 1000 TCK;
SDR 16 TDI (FFFF);
RUNTEST 1000 TCK;
SDR 16 TDI (FFFF);
RUNTEST 1000 TCK;
SDR 16 TDI (FFFF);
RUNTEST 1000 TCK;
SDR 16 TDI (BFFF);
RUNTEST 1000 TCK;
SDR 16 TDI (FFFE);
RUNTEST 1000 TCK;
SDR 16 TDI (FFFE);
RUNTEST 1000 TCK;
SDR 16 TDI (FFFB);
RUNTEST 1000 TCK;
SDR 16 TDI (77FF);
RUNTEST 1000 TCK;
SDR 16 TDI (F777);
RUNTEST 1000 TCK;
SDR 16 TDI (FFF7);
RUNTEST 1000 TCK;
SDR 16 TDI (FFFF);
RUNTEST 1000 TCK;
SDR 16 TDI (BFF3);
RUNTEST 1000 TCK;
SDR 16 TDI (FFFF);
RUNTEST 1000 TCK;
SDR 16 TDI (5FFF);
RUNTEST 1000 TCK;
SDR 16 TDI (FEFF);
RUNTEST 1000 TCK;
SDR 16 TDI (77FF);
RUNTEST 1000 TCK;
SDR 16 TDI (FFFF);
RUNTEST 1000 TCK;
SDR 16 TDI (FFDF);
RUNTEST 1000 TCK;
SDR 16 TDI (FFFF);
RUNTEST 1000 TCK;
SDR 16 TDI (BFFF);
RUNTEST 1000 TCK;
SDR 16 TDI (FFFF);
RUNTEST 1000 TCK;
SDR 16 TDI (FFFF);
RUNTEST 1000 TCK;
SDR 16 TDI (FFFF);
RUNTEST 1000 TCK;
SDR 16 TDI (7BF7);
RUNTEST 1000 TCK;
SDR 16 TDI (BFBF);
RUNTEST 1000 TCK;
SDR 16 TDI (FFF6);
RUNTEST 1000 TCK;
SDR 16 TDI (EFFF);
RUNTEST 1000 TCK;
SDR 16 TDI (BFFF);
RUNTEST 1000 TCK;
SDR 16 TDI (6FFB);
RUNTEST 1000 TCK;
SDR 16 TDI (F6FF);
RUNTEST 1000 TCK;
SDR 16 TDI (FF7F);
RUNTEST 1000 TCK;
SDR 16 TDI (77FD);
RUNTEST 1000 TCK;
SDR 16 TDI (EDFF);
RUNTEST 1000 TCK;
SDR 16 TDI (7FBE);
RUNTEST 1000 TCK;
SDR 16 TDI (F77F);
RUNTEST 1000 TCK;
SDR 16 TDI (BF7F);
RUNTEST 1000 TCK;
SDR 16 TDI (FFFF);
RUNTEST 1000 TCK;
SDR 16 TDI (FFFD);
RUNTEST 1000 TCK;
SDR 16 TDI (EDFF);
RUNTEST 1000 TCK;
SDR 16 TDI (77FF);
RUNTEST 1000 TCK;
SDR 16 TDI (FEFF);
RUNTEST 1000 TCK;
SDR 16 TDI (D77F);
RUNTEST 1000 TCK;
SDR 16 TDI (FFFF);
RUNTEST 1000 TCK;
SDR 16 TDI (BFFF);
RUNTEST 1000 TCK;
SDR 16 TDI (FFFF);
RUNTEST 1000 TCK;
SDR 16 TDI (FFFF);
RUNTEST 1000 TCK;
SDR 16 TDI (FFFF);
RUNTEST 1000 TCK;
SDR 16 TDI (7FFB);
RUNTEST 1000 TCK;
SDR 16 TDI (FFEF);
RUNTEST 1000 TCK;
SDR 16 TDI (FFFF);
RUNTEST 1000 TCK;
SDR 16 TDI (FFFE);
RUNTEST 1000 TCK;
SDR 16 TDI (BFDF);
RUNTEST 1000 TCK;
SDR 16 TDI (FDFF);
RUNTEST 1000 TCK;
SDR 16 TDI (FFEF);
RUNTEST 1000 TCK;
SDR 16 TDI (FFFD);
RUNTEST 1000 TCK;
SDR 16 TDI (7FFE);
RUNTEST 1000 TCK;
SDR 16 TDI (FEFF);
RUNTEST 1000 TCK;
SDR 16 TDI (FFEF);
RUNTEST 1000 TCK;
SDR 16 TDI (DFE9);
RUNTEST 1000 TCK;
SDR 16 TDI (AFFF);
RUNTEST 1000 TCK;
SDR 16 TDI (FFF6);
RUNTEST 1000 TCK;
SDR 16 TDI (FF7E);
RUNTEST 1000 TCK;
SDR 16 TDI (FFFF);
RUNTEST 1000 TCK;
SDR 16 TDI (7FFF);
RUNTEST 1000 TCK;
SDR 16 TDI (FFFF);
RUNTEST 1000 TCK;
SDR 16 TDI (FFFF);
RUNTEST 1000 TCK;
SDR 16 TDI (FFFF);
RUNTEST 1000 TCK;
SDR 16 TDI (BFFF);
RUNTEST 1000 TCK;
SDR 16 TDI (FFFF);
RUNTEST 1000 TCK;
SDR 16 TDI (FFFF);
RUNTEST 1000 TCK;
SDR 16 TDI (FFFF);
RUNTEST 1000 TCK;
SDR 16 TDI (7FEF);
RUNTEST 1000 TCK;
SDR 16 TDI (BFDF);
RUNTEST 1000 TCK;
SDR 16 TDI (FFFF);
RUNTEST 1000 TCK;
SDR 16 TDI (CDFF);
RUNTEST 1000 TCK;
SDR 16 TDI (BFF7);
RUNTEST 1000 TCK;
SDR 16 TDI (FEFF);
RUNTEST 1000 TCK;
SDR 16 TDI (FDFF);
RUNTEST 1000 TCK;
SDR 16 TDI (BFB7);
RUNTEST 1000 TCK;
SDR 16 TDI (7EFF);
RUNTEST 1000 TCK;
SDR 16 TDI (DBDD);
RUNTEST 1000 TCK;
SDR 16 TDI (FFDB);
RUNTEST 1000 TCK;
SDR 16 TDI (FBBB);
RUNTEST 1000 TCK;
SDR 16 TDI (BEFF);
RUNTEST 1000 TCK;
SDR 16 TDI (77FF);
RUNTEST 1000 TCK;
SDR 16 TDI (3BEC);
RUNTEST 1000 TCK;
SDR 16 TDI (FBFD);
RUNTEST 1000 TCK;
SDR 16 TDI (7FF7);
RUNTEST 1000 TCK;
SDR 16 TDI (FF77);
RUNTEST 1000 TCK;
SDR 16 TDI (FFFF);
RUNTEST 1000 TCK;
SDR 16 TDI (FFFF);
RUNTEST 1000 TCK;
SDR 16 TDI (BFFF);
RUNTEST 1000 TCK;
SDR 16 TDI (FFFF);
RUNTEST 1000 TCK;
SDR 16 TDI (FFFF);
RUNTEST 1000 TCK;
SDR 16 TDI (FFFF);
RUNTEST 1000 TCK;
SDR 16 TDI (7DFB);
RUNTEST 1000 TCK;
SDR 16 TDI (FFF7);
RUNTEST 1000 TCK;
SDR 16 TDI (FFEF);
RUNTEST 1000 TCK;
SDR 16 TDI (7FFE);
RUNTEST 1000 TCK;
SDR 16 TDI (BFEF);
RUNTEST 1000 TCK;
SDR 16 TDI (5FFB);
RUNTEST 1000 TCK;
SDR 16 TDI (F7DF);
RUNTEST 1000 TCK;
SDR 16 TDI (FFFE);
RUNTEST 1000 TCK;
SDR 16 TDI (77FD);
RUNTEST 1000 TCK;
SDR 16 TDI (6EFF);
RUNTEST 1000 TCK;
SDR 16 TDI (7FEF);
RUNTEST 1000 TCK;
SDR 16 TDI (36F6);
RUNTEST 1000 TCK;
SDR 16 TDI (AFFF);
RUNTEST 1000 TCK;
SDR 16 TDI (FFEF);
RUNTEST 1000 TCK;
SDR 16 TDI (FEFF);
RUNTEST 1000 TCK;
SDR 16 TDI (F7FF);
RUNTEST 1000 TCK;
SDR 16 TDI (7BFF);
RUNTEST 1000 TCK;
SDR 16 TDI (FEFF);
RUNTEST 1000 TCK;
SDR 16 TDI (FFFF);
RUNTEST 1000 TCK;
SDR 16 TDI (FFFF);
RUNTEST 1000 TCK;
SDR 16 TDI (BFFF);
RUNTEST 1000 TCK;
SDR 16 TDI (FFFF);
RUNTEST 1000 TCK;
SDR 16 TDI (FFFF);
RUNTEST 1000 TCK;
SDR 16 TDI (FFFB);
RUNTEST 1000 TCK;
SDR 16 TDI (7FFF);
RUNTEST 1000 TCK;
SDR 16 TDI (FFFF);
RUNTEST 1000 TCK;
SDR 16 TDI (FFFF);
RUNTEST 1000 TCK;
SDR 16 TDI (FEFF);
RUNTEST 1000 TCK;
SDR 16 TDI (BFFF);
RUNTEST 1000 TCK;
SDR 16 TDI (EFDB);
RUNTEST 1000 TCK;
SDR 16 TDI (EFBF);
RUNTEST 1000 TCK;
SDR 16 TDI (FFFF);
RUNTEST 1000 TCK;
SDR 16 TDI (7EFF);
RUNTEST 1000 TCK;
SDR 16 TDI (FCDF);
RUNTEST 1000 TCK;
SDR 16 TDI (FFFD);
RUNTEST 1000 TCK;
SDR 16 TDI (FFFB);
RUNTEST 1000 TCK;
SDR 16 TDI (BFFF);
RUNTEST 1000 TCK;
SDR 16 TDI (FFFF);
RUNTEST 1000 TCK;
SDR 16 TDI (FFFF);
RUNTEST 1000 TCK;
SDR 16 TDI (DFFF);
RUNTEST 1000 TCK;
SDR 16 TDI (7FFF);
RUNTEST 1000 TCK;
SDR 16 TDI (FDFF);
RUNTEST 1000 TCK;
SDR 16 TDI (FFFF);
RUNTEST 1000 TCK;
SDR 16 TDI (FFFF);
RUNTEST 1000 TCK;
SDR 16 TDI (BBFF);
RUNTEST 1000 TCK;
SDR 16 TDI (FFFF);
RUNTEST 1000 TCK;
SDR 16 TDI (FFFF);
RUNTEST 1000 TCK;
SDR 16 TDI (FFFF);
RUNTEST 1000 TCK;
SDR 16 TDI (7FFF);
RUNTEST 1000 TCK;
SDR 16 TDI (FFBB);
RUNTEST 1000 TCK;
SDR 16 TDI (FFFD);
RUNTEST 1000 TCK;
SDR 16 TDI (FFF7);
RUNTEST 1000 TCK;
SDR 16 TDI (BFDF);
RUNTEST 1000 TCK;
SDR 16 TDI (FFFF);
RUNTEST 1000 TCK;
SDR 16 TDI (FFDF);
RUNTEST 1000 TCK;
SDR 16 TDI (FF7A);
RUNTEST 1000 TCK;
SDR 16 TDI (7FD7);
RUNTEST 1000 TCK;
SDR 16 TDI (F7F7);
RUNTEST 1000 TCK;
SDR 16 TDI (FFBE);
RUNTEST 1000 TCK;
SDR 16 TDI (F7EF);
RUNTEST 1000 TCK;
SDR 16 TDI (BFFF);
RUNTEST 1000 TCK;
SDR 16 TDI (FFEF);
RUNTEST 1000 TCK;
SDR 16 TDI (FBFE);
RUNTEST 1000 TCK;
SDR 16 TDI (FFFB);
RUNTEST 1000 TCK;
SDR 16 TDI (7FF7);
RUNTEST 1000 TCK;
SDR 16 TDI (FFFB);
RUNTEST 1000 TCK;
SDR 16 TDI (FFFF);
RUNTEST 1000 TCK;
SDR 16 TDI (FFFF);
RUNTEST 1000 TCK;
SDR 16 TDI (B7FF);
RUNTEST 1000 TCK;
SDR 16 TDI (FFFF);
RUNTEST 1000 TCK;
SDR 16 TDI (FFFF);
RUNTEST 1000 TCK;
SDR 16 TDI (FFF7);
RUNTEST 1000 TCK;
SDR 16 TDI (7FFF);
RUNTEST 1000 TCK;
SDR 16 TDI (FFBF);
RUNTEST 1000 TCK;
SDR 16 TDI (FFFB);
RUNTEST 1000 TCK;
SDR 16 TDI (FFEF);
RUNTEST 1000 TCK;
SDR 16 TDI (BFDF);
RUNTEST 1000 TCK;
SDR 16 TDI (FFFF);
RUNTEST 1000 TCK;
SDR 16 TDI (DFFF);
RUNTEST 1000 TCK;
SDR 16 TDI (FF7F);
RUNTEST 1000 TCK;
SDR 16 TDI (7FFF);
RUNTEST 1000 TCK;
SDR 16 TDI (EBFF);
RUNTEST 1000 TCK;
SDR 16 TDI (FFBD);
RUNTEST 1000 TCK;
SDR 16 TDI (B7BF);
RUNTEST 1000 TCK;
SDR 16 TDI (BFFF);
RUNTEST 1000 TCK;
SDR 16 TDI (FFEF);
RUNTEST 1000 TCK;
SDR 16 TDI (FFFF);
RUNTEST 1000 TCK;
SDR 16 TDI (BFFB);
RUNTEST 1000 TCK;
SDR 16 TDI (7FFF);
RUNTEST 1000 TCK;
SDR 16 TDI (FFFB);
RUNTEST 1000 TCK;
SDR 16 TDI (FFFF);
RUNTEST 1000 TCK;
SDR 16 TDI (FFFF);
RUNTEST 1000 TCK;
SDR 16 TDI (BFFF);
RUNTEST 1000 TCK;
SDR 16 TDI (FFFF);
RUNTEST 1000 TCK;
SDR 16 TDI (FFFF);
RUNTEST 1000 TCK;
SDR 16 TDI (FFFF);
RUNTEST 1000 TCK;
SDR 16 TDI (7FFF);
RUNTEST 1000 TCK;
SDR 16 TDI (FFFD);
RUNTEST 1000 TCK;
SDR 16 TDI (FFFF);
RUNTEST 1000 TCK;
SDR 16 TDI (FF7F);
RUNTEST 1000 TCK;
SDR 16 TDI (BFFF);
RUNTEST 1000 TCK;
SDR 16 TDI (DFD7);
RUNTEST 1000 TCK;
SDR 16 TDI (FF5F);
RUNTEST 1000 TCK;
SDR 16 TDI (FFF5);
RUNTEST 1000 TCK;
SDR 16 TDI (7EAF);
RUNTEST 1000 TCK;
SDR 16 TDI (FF2F);
RUNTEST 1000 TCK;
SDR 16 TDI (FFFF);
RUNTEST 1000 TCK;
SDR 16 TDI (7FEF);
RUNTEST 1000 TCK;
SDR 16 TDI (BFFF);
RUNTEST 1000 TCK;
SDR 16 TDI (FFFF);
RUNTEST 1000 TCK;
SDR 16 TDI (FBFF);
RUNTEST 1000 TCK;
SDR 16 TDI (7FFF);
RUNTEST 1000 TCK;
SDR 16 TDI (7FFF);
RUNTEST 1000 TCK;
SDR 16 TDI (FDFF);
RUNTEST 1000 TCK;
SDR 16 TDI (FFFF);
RUNTEST 1000 TCK;
SDR 16 TDI (FFFF);
RUNTEST 1000 TCK;
SDR 16 TDI (B77F);
RUNTEST 1000 TCK;
SDR 16 TDI (FFFF);
RUNTEST 1000 TCK;
SDR 16 TDI (FFFF);
RUNTEST 1000 TCK;
SDR 16 TDI (FFFF);
RUNTEST 1000 TCK;
SDR 16 TDI (7FBF);
RUNTEST 1000 TCK;
SDR 16 TDI (FFFF);
RUNTEST 1000 TCK;
SDR 16 TDI (FFDF);
RUNTEST 1000 TCK;
SDR 16 TDI (FFFF);
RUNTEST 1000 TCK;
SDR 16 TDI (BFFF);
RUNTEST 1000 TCK;
SDR 16 TDI (FFFF);
RUNTEST 1000 TCK;
SDR 16 TDI (FFFF);
RUNTEST 1000 TCK;
SDR 16 TDI (FFFF);
RUNTEST 1000 TCK;
SDR 16 TDI (7F3F);
RUNTEST 1000 TCK;
SDR 16 TDI (DFAF);
RUNTEST 1000 TCK;
SDR 16 TDI (DFBD);
RUNTEST 1000 TCK;
SDR 16 TDI (DEDF);
RUNTEST 1000 TCK;
SDR 16 TDI (BFFF);
RUNTEST 1000 TCK;
SDR 16 TDI (FFFF);
RUNTEST 1000 TCK;
SDR 16 TDI (77FF);
RUNTEST 1000 TCK;
SDR 16 TDI (DFFE);
RUNTEST 1000 TCK;
SDR 16 TDI (7F7F);
RUNTEST 1000 TCK;
SDR 16 TDI (FFFF);
RUNTEST 1000 TCK;
SDR 16 TDI (EABF);
RUNTEST 1000 TCK;
SDR 16 TDI (FFFF);
RUNTEST 1000 TCK;
SDR 16 TDI (BFFF);
RUNTEST 1000 TCK;
SDR 16 TDI (FFFF);
RUNTEST 1000 TCK;
SDR 16 TDI (FFFF);
RUNTEST 1000 TCK;
SDR 16 TDI (FFFF);
RUNTEST 1000 TCK;
SDR 16 TDI (7FFF);
RUNTEST 1000 TCK;
SDR 16 TDI (EFFF);
RUNTEST 1000 TCK;
SDR 16 TDI (FFFF);
RUNTEST 1000 TCK;
SDR 16 TDI (FFFF);
RUNTEST 1000 TCK;
SDR 16 TDI (BFEE);
RUNTEST 1000 TCK;
SDR 16 TDI (FFFF);
RUNTEST 1000 TCK;
SDR 16 TDI (FFFF);
RUNTEST 1000 TCK;
SDR 16 TDI (FF9F);
RUNTEST 1000 TCK;
SDR 16 TDI (73FF);
RUNTEST 1000 TCK;
SDR 16 TDI (6AFA);
RUNTEST 1000 TCK;
SDR 16 TDI (FFFF);
RUNTEST 1000 TCK;
SDR 16 TDI (7FF7);
RUNTEST 1000 TCK;
SDR 16 TDI (BFFF);
RUNTEST 1000 TCK;
SDR 16 TDI (FFFF);
RUNTEST 1000 TCK;
SDR 16 TDI (FF77);
RUNTEST 1000 TCK;
SDR 16 TDI (FFFF);
RUNTEST 1000 TCK;
SDR 16 TDI (7FFF);
RUNTEST 1000 TCK;
SDR 16 TDI (6F7F);
RUNTEST 1000 TCK;
SDR 16 TDI (FFFF);
RUNTEST 1000 TCK;
SDR 16 TDI (FFFF);
RUNTEST 1000 TCK;
SDR 16 TDI (B77F);
RUNTEST 1000 TCK;
SDR 16 TDI (FFFF);
RUNTEST 1000 TCK;
SDR 16 TDI (FFFF);
RUNTEST 1000 TCK;
SDR 16 TDI (FFFF);
RUNTEST 1000 TCK;
SDR 16 TDI (7FFF);
RUNTEST 1000 TCK;
SDR 16 TDI (BFFF);
RUNTEST 1000 TCK;
SDR 16 TDI (FFFF);
RUNTEST 1000 TCK;
SDR 16 TDI (FBFF);
RUNTEST 1000 TCK;
SDR 16 TDI (BDFF);
RUNTEST 1000 TCK;
SDR 16 TDI (FFFF);
RUNTEST 1000 TCK;
SDR 16 TDI (FFBF);
RUNTEST 1000 TCK;
SDR 16 TDI (9FFF);
RUNTEST 1000 TCK;
SDR 16 TDI (7FB7);
RUNTEST 1000 TCK;
SDR 16 TDI (FFFF);
RUNTEST 1000 TCK;
SDR 16 TDI (EBEF);
RUNTEST 1000 TCK;
SDR 16 TDI (FCFF);
RUNTEST 1000 TCK;
SDR 16 TDI (BFFF);
RUNTEST 1000 TCK;
SDR 16 TDI (FAFF);
RUNTEST 1000 TCK;
SDR 16 TDI (FFFF);
RUNTEST 1000 TCK;
SDR 16 TDI (FFFF);
RUNTEST 1000 TCK;
SDR 16 TDI (77FF);
RUNTEST 1000 TCK;
SDR 16 TDI (FFEB);
RUNTEST 1000 TCK;
SDR 16 TDI (EABF);
RUNTEST 1000 TCK;
SDR 16 TDI (FFFF);
RUNTEST 1000 TCK;
SDR 16 TDI (BBBF);
RUNTEST 1000 TCK;
SDR 16 TDI (FFFF);
RUNTEST 1000 TCK;
SDR 16 TDI (FFFF);
RUNTEST 1000 TCK;
SDR 16 TDI (FFFF);
RUNTEST 1000 TCK;
SDR 16 TDI (7FFF);
RUNTEST 1000 TCK;
SDR 16 TDI (FBFF);
RUNTEST 1000 TCK;
SDR 16 TDI (FFFB);
RUNTEST 1000 TCK;
SDR 16 TDI (DFFF);
RUNTEST 1000 TCK;
SDR 16 TDI (B7FF);
RUNTEST 1000 TCK;
SDR 16 TDI (FFDF);
RUNTEST 1000 TCK;
SDR 16 TDI (FFFF);
RUNTEST 1000 TCK;
SDR 16 TDI (FBB7);
RUNTEST 1000 TCK;
SDR 16 TDI (7FF7);
RUNTEST 1000 TCK;
SDR 16 TDI (BDFF);
RUNTEST 1000 TCK;
SDR 16 TDI (DFFF);
RUNTEST 1000 TCK;
SDR 16 TDI (DFFF);
RUNTEST 1000 TCK;
SDR 16 TDI (BFFF);
RUNTEST 1000 TCK;
SDR 16 TDI (FFFF);
RUNTEST 1000 TCK;
SDR 16 TDI (FFFF);
RUNTEST 1000 TCK;
SDR 16 TDI (FFFE);
RUNTEST 1000 TCK;
SDR 16 TDI (7BF7);
RUNTEST 1000 TCK;
SDR 16 TDI (EFF6);
RUNTEST 1000 TCK;
SDR 16 TDI (D57F);
RUNTEST 1000 TCK;
SDR 16 TDI (FFFF);
RUNTEST 1000 TCK;
SDR 16 TDI (BFFF);
RUNTEST 1000 TCK;
SDR 16 TDI (FFFF);
RUNTEST 1000 TCK;
SDR 16 TDI (FFFF);
RUNTEST 1000 TCK;
SDR 16 TDI (FFFF);
RUNTEST 1000 TCK;
SDR 16 TDI (7FFF);
RUNTEST 1000 TCK;
SDR 16 TDI (FFFF);
RUNTEST 1000 TCK;
SDR 16 TDI (FFFF);
RUNTEST 1000 TCK;
SDR 16 TDI (FFFE);
RUNTEST 1000 TCK;
SDR 16 TDI (BFFF);
RUNTEST 1000 TCK;
SDR 16 TDI (FFFF);
RUNTEST 1000 TCK;
SDR 16 TDI (FFFF);
RUNTEST 1000 TCK;
SDR 16 TDI (BFFF);
RUNTEST 1000 TCK;
SDR 16 TDI (777A);
RUNTEST 1000 TCK;
SDR 16 TDI (EEEC);
RUNTEST 1000 TCK;
SDR 16 TDI (FFFD);
RUNTEST 1000 TCK;
SDR 16 TDI (6FF7);
RUNTEST 1000 TCK;
SDR 16 TDI (BFFF);
RUNTEST 1000 TCK;
SDR 16 TDI (FFFF);
RUNTEST 1000 TCK;
SDR 16 TDI (FFFF);
RUNTEST 1000 TCK;
SDR 16 TDI (FFFF);
RUNTEST 1000 TCK;
SDR 16 TDI (7FFF);
RUNTEST 1000 TCK;
SDR 16 TDI (FFFF);
RUNTEST 1000 TCK;
SDR 16 TDI (FFFF);
RUNTEST 1000 TCK;
SDR 16 TDI (FFFF);
RUNTEST 1000 TCK;
SDR 16 TDI (BFFF);
RUNTEST 1000 TCK;
SDR 16 TDI (FFFF);
RUNTEST 1000 TCK;
SDR 16 TDI (FFFF);
RUNTEST 1000 TCK;
SDR 16 TDI (FFFF);
RUNTEST 1000 TCK;
SDR 16 TDI (7FFF);
RUNTEST 1000 TCK;
SDR 16 TDI (FFFF);
RUNTEST 1000 TCK;
SDR 16 TDI (FFFF);
RUNTEST 1000 TCK;
SDR 16 TDI (FFDF);
RUNTEST 1000 TCK;
SDR 16 TDI (BFFF);
RUNTEST 1000 TCK;
SDR 16 TDI (FFFF);
RUNTEST 1000 TCK;
SDR 16 TDI (FFFE);
RUNTEST 1000 TCK;
SDR 16 TDI (FFFF);
RUNTEST 1000 TCK;
SDR 16 TDI (7FFD);
RUNTEST 1000 TCK;
SDR 16 TDI (FFBF);
RUNTEST 1000 TCK;
SDR 16 TDI (FFAF);
RUNTEST 1000 TCK;
SDR 16 TDI (F7BF);
RUNTEST 1000 TCK;
SDR 16 TDI (BFEF);
RUNTEST 1000 TCK;
SDR 16 TDI (FFFF);
RUNTEST 1000 TCK;
SDR 16 TDI (FFFF);
RUNTEST 1000 TCK;
SDR 16 TDI (FFFF);
RUNTEST 1000 TCK;
SDR 16 TDI (7FFF);
RUNTEST 1000 TCK;
SDR 16 TDI (BFAD);
RUNTEST 1000 TCK;
SDR 16 TDI (FFFF);
RUNTEST 1000 TCK;
SDR 16 TDI (FFFF);
RUNTEST 1000 TCK;
SDR 16 TDI (BFFF);
RUNTEST 1000 TCK;
SDR 16 TDI (FFFF);
RUNTEST 1000 TCK;
SDR 16 TDI (FFFF);
RUNTEST 1000 TCK;
SDR 16 TDI (FFFF);
RUNTEST 1000 TCK;
SDR 16 TDI (7FBF);
RUNTEST 1000 TCK;
SDR 16 TDI (FFFF);
RUNTEST 1000 TCK;
SDR 16 TDI (FFDD);
RUNTEST 1000 TCK;
SDR 16 TDI (FFBF);
RUNTEST 1000 TCK;
SDR 16 TDI (BFEE);
RUNTEST 1000 TCK;
SDR 16 TDI (FFFF);
RUNTEST 1000 TCK;
SDR 16 TDI (FF7D);
RUNTEST 1000 TCK;
SDR 16 TDI (7B6F);
RUNTEST 1000 TCK;
SDR 16 TDI (6DB0);
RUNTEST 1000 TCK;
SDR 16 TDI (DBEB);
RUNTEST 1000 TCK;
SDR 16 TDI (DBD3);
RUNTEST 1000 TCK;
SDR 16 TDI (FE3F);
RUNTEST 1000 TCK;
SDR 16 TDI (BFF7);
RUNTEST 1000 TCK;
SDR 16 TDI (FEFF);
RUNTEST 1000 TCK;
SDR 16 TDI (FFFF);
RUNTEST 1000 TCK;
SDR 16 TDI (FFFE);
RUNTEST 1000 TCK;
SDR 16 TDI (77FF);
RUNTEST 1000 TCK;
SDR 16 TDI (7FA2);
RUNTEST 1000 TCK;
SDR 16 TDI (FFFF);
RUNTEST 1000 TCK;
SDR 16 TDI (FFFF);
RUNTEST 1000 TCK;
SDR 16 TDI (B6EF);
RUNTEST 1000 TCK;
SDR 16 TDI (FFFF);
RUNTEST 1000 TCK;
SDR 16 TDI (FFFF);
RUNTEST 1000 TCK;
SDR 16 TDI (FFFF);
RUNTEST 1000 TCK;
SDR 16 TDI (7FFF);
RUNTEST 1000 TCK;
SDR 16 TDI (FDFF);
RUNTEST 1000 TCK;
SDR 16 TDI (FFFF);
RUNTEST 1000 TCK;
SDR 16 TDI (FFFF);
RUNTEST 1000 TCK;
SDR 16 TDI (ABFF);
RUNTEST 1000 TCK;
SDR 16 TDI (FFDF);
RUNTEST 1000 TCK;
SDR 16 TDI (FFFF);
RUNTEST 1000 TCK;
SDR 16 TDI (9FF7);
RUNTEST 1000 TCK;
SDR 16 TDI (7F5F);
RUNTEST 1000 TCK;
SDR 16 TDI (3577);
RUNTEST 1000 TCK;
SDR 16 TDI (2FAC);
RUNTEST 1000 TCK;
SDR 16 TDI (EFC7);
RUNTEST 1000 TCK;
SDR 16 TDI (BFFF);
RUNTEST 1000 TCK;
SDR 16 TDI (FFFF);
RUNTEST 1000 TCK;
SDR 16 TDI (7777);
RUNTEST 1000 TCK;
SDR 16 TDI (FFFF);
RUNTEST 1000 TCK;
SDR 16 TDI (6B7F);
RUNTEST 1000 TCK;
SDR 16 TDI (8F7D);
RUNTEST 1000 TCK;
SDR 16 TDI (D57F);
RUNTEST 1000 TCK;
SDR 16 TDI (FFFF);
RUNTEST 1000 TCK;
SDR 16 TDI (BFFF);
RUNTEST 1000 TCK;
SDR 16 TDI (FFFF);
RUNTEST 1000 TCK;
SDR 16 TDI (FFFF);
RUNTEST 1000 TCK;
SDR 16 TDI (FFFF);
RUNTEST 1000 TCK;
SDR 16 TDI (7FFF);
RUNTEST 1000 TCK;
SDR 16 TDI (AFFF);
RUNTEST 1000 TCK;
SDR 16 TDI (FFFF);
RUNTEST 1000 TCK;
SDR 16 TDI (DDFF);
RUNTEST 1000 TCK;
SDR 16 TDI (BDFF);
RUNTEST 1000 TCK;
SDR 16 TDI (FFFF);
RUNTEST 1000 TCK;
SDR 16 TDI (FFFF);
RUNTEST 1000 TCK;
SDR 16 TDI (FFBF);
RUNTEST 1000 TCK;
SDR 16 TDI (76EF);
RUNTEST 1000 TCK;
SDR 16 TDI (EE9C);
RUNTEST 1000 TCK;
SDR 16 TDI (FFFF);
RUNTEST 1000 TCK;
SDR 16 TDI (15FF);
RUNTEST 1000 TCK;
SDR 16 TDI (BFFF);
RUNTEST 1000 TCK;
SDR 16 TDI (FBFF);
RUNTEST 1000 TCK;
SDR 16 TDI (FFFF);
RUNTEST 1000 TCK;
SDR 16 TDI (BFFF);
RUNTEST 1000 TCK;
SDR 16 TDI (7FF7);
RUNTEST 1000 TCK;
SDR 16 TDI (FFDF);
RUNTEST 1000 TCK;
SDR 16 TDI (FFFF);
RUNTEST 1000 TCK;
SDR 16 TDI (FFFF);
RUNTEST 1000 TCK;
SDR 16 TDI (BD5F);
RUNTEST 1000 TCK;
SDR 16 TDI (FFFF);
RUNTEST 1000 TCK;
SDR 16 TDI (FEFF);
RUNTEST 1000 TCK;
SDR 16 TDI (FFFF);
RUNTEST 1000 TCK;
SDR 16 TDI (7E1E);
RUNTEST 1000 TCK;
SDR 16 TDI (1F7F);
RUNTEST 1000 TCK;
SDR 16 TDI (FF82);
RUNTEST 1000 TCK;
SDR 16 TDI (BC9E);
RUNTEST 1000 TCK;
SDR 16 TDI (AF80);
RUNTEST 1000 TCK;
SDR 16 TDI (3FCF);
RUNTEST 1000 TCK;
SDR 16 TDI (FC3F);
RUNTEST 1000 TCK;
SDR 16 TDI (FEF3);
RUNTEST 1000 TCK;
SDR 16 TDI (6667);
RUNTEST 1000 TCK;
SDR 16 TDI (BFFD);
RUNTEST 1000 TCK;
SDR 16 TDI (FF2F);
RUNTEST 1000 TCK;
SDR 16 TDI (DE3F);
RUNTEST 1000 TCK;
SDR 16 TDI (BFE7);
RUNTEST 1000 TCK;
SDR 16 TDI (FFDE);
RUNTEST 1000 TCK;
SDR 16 TDI (0000);
RUNTEST 1000 TCK;
SDR 16 TDI (1FFF);
RUNTEST 1000 TCK;
SDR 16 TDI (7BE3);
RUNTEST 1000 TCK;
SDR 16 TDI (5F52);
RUNTEST 1000 TCK;
SDR 16 TDI (EABF);
RUNTEST 1000 TCK;
SDR 16 TDI (FFFF);
RUNTEST 1000 TCK;
SDR 16 TDI (BFFF);
RUNTEST 1000 TCK;
SDR 16 TDI (FFFF);
RUNTEST 1000 TCK;
SDR 16 TDI (FDFF);
RUNTEST 1000 TCK;
SDR 16 TDI (FFFF);
RUNTEST 1000 TCK;
SDR 16 TDI (7E1E);
RUNTEST 1000 TCK;
SDR 16 TDI (1BFF);
RUNTEST 1000 TCK;
SDR 16 TDI (FF82);
RUNTEST 1000 TCK;
SDR 16 TDI (BCFE);
RUNTEST 1000 TCK;
SDR 16 TDI (AFC0);
RUNTEST 1000 TCK;
SDR 16 TDI (3FCF);
RUNTEST 1000 TCK;
SDR 16 TDI (FC3F);
RUNTEST 1000 TCK;
SDR 16 TDI (3703);
RUNTEST 1000 TCK;
SDR 16 TDI (6687);
RUNTEST 1000 TCK;
SDR 16 TDI (488C);
RUNTEST 1000 TCK;
SDR 16 TDI (9F99);
RUNTEST 1000 TCK;
SDR 16 TDI (2837);
RUNTEST 1000 TCK;
SDR 16 TDI (BFE7);
RUNTEST 1000 TCK;
SDR 16 TDI (FFFE);
RUNTEST 1000 TCK;
SDR 16 TDI (0000);
RUNTEST 1000 TCK;
SDR 16 TDI (1FFE);
RUNTEST 1000 TCK;
SDR 16 TDI (73F3);
RUNTEST 1000 TCK;
SDR 16 TDI (0F02);
RUNTEST 1000 TCK;
SDR 16 TDI (FFFF);
RUNTEST 1000 TCK;
SDR 16 TDI (FFFF);
RUNTEST 1000 TCK;
SDR 16 TDI (B55F);
RUNTEST 1000 TCK;
SDR 16 TDI (FFFF);
RUNTEST 1000 TCK;
SDR 16 TDI (FFFF);
RUNTEST 1000 TCK;
SDR 16 TDI (FFFF);
RUNTEST 1000 TCK;
SDR 16 TDI (7E1E);
RUNTEST 1000 TCK;
SDR 16 TDI (0FFF);
RUNTEST 1000 TCK;
SDR 16 TDI (FF83);
RUNTEST 1000 TCK;
SDR 16 TDI (4A79);
RUNTEST 1000 TCK;
SDR 16 TDI (BFC0);
RUNTEST 1000 TCK;
SDR 16 TDI (3FCF);
RUNTEST 1000 TCK;
SDR 16 TDI (FC3C);
RUNTEST 1000 TCK;
SDR 16 TDI (1F33);
RUNTEST 1000 TCK;
SDR 16 TDI (7E7B);
RUNTEST 1000 TCK;
SDR 16 TDI (D339);
RUNTEST 1000 TCK;
SDR 16 TDI (2FFC);
RUNTEST 1000 TCK;
SDR 16 TDI (8C9F);
RUNTEST 1000 TCK;
SDR 16 TDI (BFE7);
RUNTEST 1000 TCK;
SDR 16 TDI (FBFE);
RUNTEST 1000 TCK;
SDR 16 TDI (0000);
RUNTEST 1000 TCK;
SDR 16 TDI (1FFF);
RUNTEST 1000 TCK;
SDR 16 TDI (67F3);
RUNTEST 1000 TCK;
SDR 16 TDI (7F7F);
RUNTEST 1000 TCK;
SDR 16 TDI (EABF);
RUNTEST 1000 TCK;
SDR 16 TDI (FFFF);
RUNTEST 1000 TCK;
SDR 16 TDI (BFFF);
RUNTEST 1000 TCK;
SDR 16 TDI (FFFF);
RUNTEST 1000 TCK;
SDR 16 TDI (FFFF);
RUNTEST 1000 TCK;
SDR 16 TDI (FFFF);
RUNTEST 1000 TCK;
SDR 16 TDI (7E1E);
RUNTEST 1000 TCK;
SDR 16 TDI (1FFF);
RUNTEST 1000 TCK;
SDR 16 TDI (FF83);
RUNTEST 1000 TCK;
SDR 16 TDI (4A01);
RUNTEST 1000 TCK;
SDR 16 TDI (BFC0);
RUNTEST 1000 TCK;
SDR 16 TDI (3FCF);
RUNTEST 1000 TCK;
SDR 16 TDI (FC3F);
RUNTEST 1000 TCK;
SDR 16 TDI (3F33);
RUNTEST 1000 TCK;
SDR 16 TDI (6162);
RUNTEST 1000 TCK;
SDR 16 TDI (0888);
RUNTEST 1000 TCK;
SDR 16 TDI (9F81);
RUNTEST 1000 TCK;
SDR 16 TDI (4F97);
RUNTEST 1000 TCK;
SDR 16 TDI (BFE7);
RUNTEST 1000 TCK;
SDR 16 TDI (FFFE);
RUNTEST 1000 TCK;
SDR 16 TDI (0000);
RUNTEST 1000 TCK;
SDR 16 TDI (1FFF);
RUNTEST 1000 TCK;
SDR 16 TDI (67F3);
RUNTEST 1000 TCK;
SDR 16 TDI (7F79);
RUNTEST 1000 TCK;
SDR 16 TDI (FFFF);
RUNTEST 1000 TCK;
SDR 16 TDI (FFFF);
RUNTEST 1000 TCK;
SDR 16 TDI (BFFF);
RUNTEST 1000 TCK;
SDR 16 TDI (3333);
RUNTEST 1000 TCK;
SDR 16 TDI (1F33);
RUNTEST 1000 TCK;
SDR 16 TDI (333C);
RUNTEST 1000 TCK;
SDR 16 TDI (7999);
RUNTEST 1000 TCK;
SDR 16 TDI (DF99);
RUNTEST 1000 TCK;
SDR 16 TDI (99BE);
RUNTEST 1000 TCK;
SDR 16 TDI (4646);
RUNTEST 1000 TCK;
SDR 16 TDI (AFCD);
RUNTEST 1000 TCK;
SDR 16 TDI (CCCF);
RUNTEST 1000 TCK;
SDR 16 TDI (3331);
RUNTEST 1000 TCK;
SDR 16 TDI (BF37);
RUNTEST 1000 TCK;
SDR 16 TDI (6626);
RUNTEST 1000 TCK;
SDR 16 TDI (0CC0);
RUNTEST 1000 TCK;
SDR 16 TDI (DF8B);
RUNTEST 1000 TCK;
SDR 16 TDI (1497);
RUNTEST 1000 TCK;
SDR 16 TDI (A676);
RUNTEST 1000 TCK;
SDR 16 TDI (67E6);
RUNTEST 1000 TCK;
SDR 16 TDI (E66F);
RUNTEST 1000 TCK;
SDR 16 TDI (D999);
RUNTEST 1000 TCK;
SDR 16 TDI (71F7);
RUNTEST 1000 TCK;
SDR 16 TDI (1313);
RUNTEST 1000 TCK;
SDR 16 TDI (D57F);
RUNTEST 1000 TCK;
SDR 16 TDI (FFFF);
RUNTEST 1000 TCK;
SDR 16 TDI (BFFF);
RUNTEST 1000 TCK;
SDR 16 TDI (7777);
RUNTEST 1000 TCK;
SDR 16 TDI (4ABB);
RUNTEST 1000 TCK;
SDR 16 TDI (BBBD);
RUNTEST 1000 TCK;
SDR 16 TDI (7B9B);
RUNTEST 1000 TCK;
SDR 16 TDI (955D);
RUNTEST 1000 TCK;
SDR 16 TDI (DD9C);
RUNTEST 1000 TCK;
SDR 16 TDI (88A8);
RUNTEST 1000 TCK;
SDR 16 TDI (BA8C);
RUNTEST 1000 TCK;
SDR 16 TDI (EECF);
RUNTEST 1000 TCK;
SDR 16 TDI (7737);
RUNTEST 1000 TCK;
SDR 16 TDI (2AB3);
RUNTEST 1000 TCK;
SDR 16 TDI (7773);
RUNTEST 1000 TCK;
SDR 16 TDI (9999);
RUNTEST 1000 TCK;
SDR 16 TDI (9559);
RUNTEST 1000 TCK;
SDR 16 TDI (8D8F);
RUNTEST 1000 TCK;
SDR 16 TDI (AEE6);
RUNTEST 1000 TCK;
SDR 16 TDI (ED56);
RUNTEST 1000 TCK;
SDR 16 TDI (6667);
RUNTEST 1000 TCK;
SDR 16 TDI (9BBB);
RUNTEST 1000 TCK;
SDR 16 TDI (76A3);
RUNTEST 1000 TCK;
SDR 16 TDI (BBBB);
RUNTEST 1000 TCK;
SDR 16 TDI (FFFF);
RUNTEST 1000 TCK;
SDR 16 TDI (FFFF);
RUNTEST 1000 TCK;
SDR 16 TDI (BFFF);
RUNTEST 1000 TCK;
SDR 16 TDI (FFFF);
RUNTEST 1000 TCK;
SDR 16 TDI (FEFF);
RUNTEST 1000 TCK;
SDR 16 TDI (FFFF);
RUNTEST 1000 TCK;
SDR 16 TDI (7EFE);
RUNTEST 1000 TCK;
SDR 16 TDI (FF7F);
RUNTEST 1000 TCK;
SDR 16 TDI (FFF7);
RUNTEST 1000 TCK;
SDR 16 TDI (FFFF);
RUNTEST 1000 TCK;
SDR 16 TDI (BFBB);
RUNTEST 1000 TCK;
SDR 16 TDI (BFFF);
RUNTEST 1000 TCK;
SDR 16 TDI (FDFD);
RUNTEST 1000 TCK;
SDR 16 TDI (BE7F);
RUNTEST 1000 TCK;
SDR 16 TDI (6FFE);
RUNTEST 1000 TCK;
SDR 16 TDI (CCCC);
RUNTEST 1000 TCK;
SDR 16 TDI (DF7B);
RUNTEST 1000 TCK;
SDR 16 TDI (37F7);
RUNTEST 1000 TCK;
SDR 16 TDI (BFFF);
RUNTEST 1000 TCK;
SDR 16 TDI (FFDF);
RUNTEST 1000 TCK;
SDR 16 TDI (DDDC);
RUNTEST 1000 TCK;
SDR 16 TDI (FFFF);
RUNTEST 1000 TCK;
SDR 16 TDI (7BEF);
RUNTEST 1000 TCK;
SDR 16 TDI (FFF7);
RUNTEST 1000 TCK;
SDR 16 TDI (FFFF);
RUNTEST 1000 TCK;
SDR 16 TDI (FFFF);
RUNTEST 1000 TCK;
SDR 16 TDI (BFFF);
RUNTEST 1000 TCK;
SDR 16 TDI (FFFF);
RUNTEST 1000 TCK;
SDR 16 TDI (FFFE);
RUNTEST 1000 TCK;
SDR 16 TDI (FFFF);
RUNTEST 1000 TCK;
SDR 16 TDI (7FFF);
RUNTEST 1000 TCK;
SDR 16 TDI (7FBF);
RUNTEST 1000 TCK;
SDR 16 TDI (FFF7);
RUNTEST 1000 TCK;
SDR 16 TDI (FF5D);
RUNTEST 1000 TCK;
SDR 16 TDI (BFE7);
RUNTEST 1000 TCK;
SDR 16 TDI (FFEB);
RUNTEST 1000 TCK;
SDR 16 TDI (FE9E);
RUNTEST 1000 TCK;
SDR 16 TDI (FFFF);
RUNTEST 1000 TCK;
SDR 16 TDI (7FEB);
RUNTEST 1000 TCK;
SDR 16 TDI (BBFB);
RUNTEST 1000 TCK;
SDR 16 TDI (DFDF);
RUNTEST 1000 TCK;
SDR 16 TDI (DEFF);
RUNTEST 1000 TCK;
SDR 16 TDI (BDCF);
RUNTEST 1000 TCK;
SDR 16 TDI (FFF7);
RUNTEST 1000 TCK;
SDR 16 TDI (EDFD);
RUNTEST 1000 TCK;
SDR 16 TDI (DDBF);
RUNTEST 1000 TCK;
SDR 16 TDI (7FFF);
RUNTEST 1000 TCK;
SDR 16 TDI (9F7B);
RUNTEST 1000 TCK;
SDR 16 TDI (FFFF);
RUNTEST 1000 TCK;
SDR 16 TDI (FFFF);
RUNTEST 1000 TCK;
SDR 16 TDI (BFFF);
RUNTEST 1000 TCK;
SDR 16 TDI (FFFF);
RUNTEST 1000 TCK;
SDR 16 TDI (FFFF);
RUNTEST 1000 TCK;
SDR 16 TDI (FFDD);
RUNTEST 1000 TCK;
SDR 16 TDI (7FFF);
RUNTEST 1000 TCK;
SDR 16 TDI (FFFF);
RUNTEST 1000 TCK;
SDR 16 TDI (FFFF);
RUNTEST 1000 TCK;
SDR 16 TDI (FFFF);
RUNTEST 1000 TCK;
SDR 16 TDI (BFFF);
RUNTEST 1000 TCK;
SDR 16 TDI (FFFF);
RUNTEST 1000 TCK;
SDR 16 TDI (F7F7);
RUNTEST 1000 TCK;
SDR 16 TDI (BFFB);
RUNTEST 1000 TCK;
SDR 16 TDI (7FFF);
RUNTEST 1000 TCK;
SDR 16 TDI (77BF);
RUNTEST 1000 TCK;
SDR 16 TDI (FFFD);
RUNTEST 1000 TCK;
SDR 16 TDI (FFD7);
RUNTEST 1000 TCK;
SDR 16 TDI (BFFE);
RUNTEST 1000 TCK;
SDR 16 TDI (FFFF);
RUNTEST 1000 TCK;
SDR 16 TDI (FFFE);
RUNTEST 1000 TCK;
SDR 16 TDI (FFFD);
RUNTEST 1000 TCK;
SDR 16 TDI (7FFF);
RUNTEST 1000 TCK;
SDR 16 TDI (FBFF);
RUNTEST 1000 TCK;
SDR 16 TDI (FFBF);
RUNTEST 1000 TCK;
SDR 16 TDI (FFFF);
RUNTEST 1000 TCK;
SDR 16 TDI (AFFF);
RUNTEST 1000 TCK;
SDR 16 TDI (FFFF);
RUNTEST 1000 TCK;
SDR 16 TDI (FFFD);
RUNTEST 1000 TCK;
SDR 16 TDI (FFFF);
RUNTEST 1000 TCK;
SDR 16 TDI (7FFF);
RUNTEST 1000 TCK;
SDR 16 TDI (FFFF);
RUNTEST 1000 TCK;
SDR 16 TDI (FFEF);
RUNTEST 1000 TCK;
SDR 16 TDI (FEFB);
RUNTEST 1000 TCK;
SDR 16 TDI (BFFF);
RUNTEST 1000 TCK;
SDR 16 TDI (FFFF);
RUNTEST 1000 TCK;
SDR 16 TDI (FE77);
RUNTEST 1000 TCK;
SDR 16 TDI (FFFF);
RUNTEST 1000 TCK;
SDR 16 TDI (7FEF);
RUNTEST 1000 TCK;
SDR 16 TDI (BDFB);
RUNTEST 1000 TCK;
SDR 16 TDI (DFBF);
RUNTEST 1000 TCK;
SDR 16 TDI (FF7F);
RUNTEST 1000 TCK;
SDR 16 TDI (BFBE);
RUNTEST 1000 TCK;
SDR 16 TDI (FFFF);
RUNTEST 1000 TCK;
SDR 16 TDI (EFFF);
RUNTEST 1000 TCK;
SDR 16 TDI (FDFF);
RUNTEST 1000 TCK;
SDR 16 TDI (7FFF);
RUNTEST 1000 TCK;
SDR 16 TDI (FF7B);
RUNTEST 1000 TCK;
SDR 16 TDI (FFFF);
RUNTEST 1000 TCK;
SDR 16 TDI (FFFF);
RUNTEST 1000 TCK;
SDR 16 TDI (AFFF);
RUNTEST 1000 TCK;
SDR 16 TDI (FFFF);
RUNTEST 1000 TCK;
SDR 16 TDI (FFFF);
RUNTEST 1000 TCK;
SDR 16 TDI (FFFD);
RUNTEST 1000 TCK;
SDR 16 TDI (7FFF);
RUNTEST 1000 TCK;
SDR 16 TDI (7FBF);
RUNTEST 1000 TCK;
SDR 16 TDI (FFFF);
RUNTEST 1000 TCK;
SDR 16 TDI (FFBF);
RUNTEST 1000 TCK;
SDR 16 TDI (BFE7);
RUNTEST 1000 TCK;
SDR 16 TDI (FFD7);
RUNTEST 1000 TCK;
SDR 16 TDI (FBED);
RUNTEST 1000 TCK;
SDR 16 TDI (FFFB);
RUNTEST 1000 TCK;
SDR 16 TDI (7FFB);
RUNTEST 1000 TCK;
SDR 16 TDI (FFDF);
RUNTEST 1000 TCK;
SDR 16 TDI (FFFB);
RUNTEST 1000 TCK;
SDR 16 TDI (BFD7);
RUNTEST 1000 TCK;
SDR 16 TDI (BDEF);
RUNTEST 1000 TCK;
SDR 16 TDI (FFEF);
RUNTEST 1000 TCK;
SDR 16 TDI (FDFA);
RUNTEST 1000 TCK;
SDR 16 TDI (DFDF);
RUNTEST 1000 TCK;
SDR 16 TDI (7FFF);
RUNTEST 1000 TCK;
SDR 16 TDI (67FF);
RUNTEST 1000 TCK;
SDR 16 TDI (F7FF);
RUNTEST 1000 TCK;
SDR 16 TDI (FFFF);
RUNTEST 1000 TCK;
SDR 16 TDI (BFFF);
RUNTEST 1000 TCK;
SDR 16 TDI (FFFF);
RUNTEST 1000 TCK;
SDR 16 TDI (FFFF);
RUNTEST 1000 TCK;
SDR 16 TDI (FFFD);
RUNTEST 1000 TCK;
SDR 16 TDI (7FF7);
RUNTEST 1000 TCK;
SDR 16 TDI (DFFF);
RUNTEST 1000 TCK;
SDR 16 TDI (DDFE);
RUNTEST 1000 TCK;
SDR 16 TDI (DFFF);
RUNTEST 1000 TCK;
SDR 16 TDI (AFDF);
RUNTEST 1000 TCK;
SDR 16 TDI (EDFE);
RUNTEST 1000 TCK;
SDR 16 TDI (FFBF);
RUNTEST 1000 TCK;
SDR 16 TDI (FFFF);
RUNTEST 1000 TCK;
SDR 16 TDI (6FEE);
RUNTEST 1000 TCK;
SDR 16 TDI (FD7F);
RUNTEST 1000 TCK;
SDR 16 TDI (5FAD);
RUNTEST 1000 TCK;
SDR 16 TDI (FF7F);
RUNTEST 1000 TCK;
SDR 16 TDI (BFFB);
RUNTEST 1000 TCK;
SDR 16 TDI (7FFF);
RUNTEST 1000 TCK;
SDR 16 TDI (7FF7);
RUNTEST 1000 TCK;
SDR 16 TDI (FFBD);
RUNTEST 1000 TCK;
SDR 16 TDI (7FFF);
RUNTEST 1000 TCK;
SDR 16 TDI (FFFF);
RUNTEST 1000 TCK;
SDR 16 TDI (DF7F);
RUNTEST 1000 TCK;
SDR 16 TDI (FFFF);
RUNTEST 1000 TCK;
SDR 16 TDI (BFFF);
RUNTEST 1000 TCK;
SDR 16 TDI (7FDF);
RUNTEST 1000 TCK;
SDR 16 TDI (FFFF);
RUNTEST 1000 TCK;
SDR 16 TDI (BFFF);
RUNTEST 1000 TCK;
SDR 16 TDI (7FFF);
RUNTEST 1000 TCK;
SDR 16 TDI (FFFF);
RUNTEST 1000 TCK;
SDR 16 TDI (FF6F);
RUNTEST 1000 TCK;
SDR 16 TDI (FB5F);
RUNTEST 1000 TCK;
SDR 16 TDI (BFF6);
RUNTEST 1000 TCK;
SDR 16 TDI (FFBB);
RUNTEST 1000 TCK;
SDR 16 TDI (7BFF);
RUNTEST 1000 TCK;
SDR 16 TDI (FFBD);
RUNTEST 1000 TCK;
SDR 16 TDI (7FFD);
RUNTEST 1000 TCK;
SDR 16 TDI (FFFF);
RUNTEST 1000 TCK;
SDR 16 TDI (FFFF);
RUNTEST 1000 TCK;
SDR 16 TDI (CDF1);
RUNTEST 1000 TCK;
SDR 16 TDI (BEDF);
RUNTEST 1000 TCK;
SDR 16 TDI (F7F7);
RUNTEST 1000 TCK;
SDR 16 TDI (EF5C);
RUNTEST 1000 TCK;
SDR 16 TDI (FBFF);
RUNTEST 1000 TCK;
SDR 16 TDI (6BFF);
RUNTEST 1000 TCK;
SDR 16 TDI (FFFF);
RUNTEST 1000 TCK;
SDR 16 TDI (FFFF);
RUNTEST 1000 TCK;
SDR 16 TDI (FFFF);
RUNTEST 1000 TCK;
SDR 16 TDI (BFFF);
RUNTEST 1000 TCK;
SDR 16 TDI (FFDF);
RUNTEST 1000 TCK;
SDR 16 TDI (FFDF);
RUNTEST 1000 TCK;
SDR 16 TDI (FDFF);
RUNTEST 1000 TCK;
SDR 16 TDI (7F4F);
RUNTEST 1000 TCK;
SDR 16 TDI (FFFF);
RUNTEST 1000 TCK;
SDR 16 TDI (FD3E);
RUNTEST 1000 TCK;
SDR 16 TDI (FFF7);
RUNTEST 1000 TCK;
SDR 16 TDI (BFFB);
RUNTEST 1000 TCK;
SDR 16 TDI (FFFD);
RUNTEST 1000 TCK;
SDR 16 TDI (F77F);
RUNTEST 1000 TCK;
SDR 16 TDI (FF97);
RUNTEST 1000 TCK;
SDR 16 TDI (76FF);
RUNTEST 1000 TCK;
SDR 16 TDI (DBF7);
RUNTEST 1000 TCK;
SDR 16 TDI (BFFD);
RUNTEST 1000 TCK;
SDR 16 TDI (FDFB);
RUNTEST 1000 TCK;
SDR 16 TDI (BFB7);
RUNTEST 1000 TCK;
SDR 16 TDI (EFFF);
RUNTEST 1000 TCK;
SDR 16 TDI (FFDF);
RUNTEST 1000 TCK;
SDR 16 TDI (FFBF);
RUNTEST 1000 TCK;
SDR 16 TDI (77F7);
RUNTEST 1000 TCK;
SDR 16 TDI (7F7D);
RUNTEST 1000 TCK;
SDR 16 TDI (FFFF);
RUNTEST 1000 TCK;
SDR 16 TDI (FFFF);
RUNTEST 1000 TCK;
SDR 16 TDI (BFFF);
RUNTEST 1000 TCK;
SDR 16 TDI (BFFF);
RUNTEST 1000 TCK;
SDR 16 TDI (FFFF);
RUNTEST 1000 TCK;
SDR 16 TDI (7FFD);
RUNTEST 1000 TCK;
SDR 16 TDI (7FFF);
RUNTEST 1000 TCK;
SDR 16 TDI (BFFF);
RUNTEST 1000 TCK;
SDR 16 TDI (DFF7);
RUNTEST 1000 TCK;
SDR 16 TDI (BABF);
RUNTEST 1000 TCK;
SDR 16 TDI (AFEE);
RUNTEST 1000 TCK;
SDR 16 TDI (EEB7);
RUNTEST 1000 TCK;
SDR 16 TDI (BFFF);
RUNTEST 1000 TCK;
SDR 16 TDI (FFFE);
RUNTEST 1000 TCK;
SDR 16 TDI (7FF5);
RUNTEST 1000 TCK;
SDR 16 TDI (7F7F);
RUNTEST 1000 TCK;
SDR 16 TDI (7FCF);
RUNTEST 1000 TCK;
SDR 16 TDI (B6F6);
RUNTEST 1000 TCK;
SDR 16 TDI (BEFD);
RUNTEST 1000 TCK;
SDR 16 TDI (7FEE);
RUNTEST 1000 TCK;
SDR 16 TDI (EEEB);
RUNTEST 1000 TCK;
SDR 16 TDI (7BFD);
RUNTEST 1000 TCK;
SDR 16 TDI (6FFF);
RUNTEST 1000 TCK;
SDR 16 TDI (FFFF);
RUNTEST 1000 TCK;
SDR 16 TDI (FFFF);
RUNTEST 1000 TCK;
SDR 16 TDI (FFFF);
RUNTEST 1000 TCK;
SDR 16 TDI (BFFF);
RUNTEST 1000 TCK;
SDR 16 TDI (EFB7);
RUNTEST 1000 TCK;
SDR 16 TDI (FFFF);
RUNTEST 1000 TCK;
SDR 16 TDI (DEFF);
RUNTEST 1000 TCK;
SDR 16 TDI (7FFB);
RUNTEST 1000 TCK;
SDR 16 TDI (FFFF);
RUNTEST 1000 TCK;
SDR 16 TDI (FFFF);
RUNTEST 1000 TCK;
SDR 16 TDI (FFFF);
RUNTEST 1000 TCK;
SDR 16 TDI (BFFF);
RUNTEST 1000 TCK;
SDR 16 TDI (FAFF);
RUNTEST 1000 TCK;
SDR 16 TDI (FAF7);
RUNTEST 1000 TCK;
SDR 16 TDI (FFFD);
RUNTEST 1000 TCK;
SDR 16 TDI (7F7E);
RUNTEST 1000 TCK;
SDR 16 TDI (FFFF);
RUNTEST 1000 TCK;
SDR 16 TDI (FFFF);
RUNTEST 1000 TCK;
SDR 16 TDI (FFFB);
RUNTEST 1000 TCK;
SDR 16 TDI (B4BF);
RUNTEST 1000 TCK;
SDR 16 TDI (FFFF);
RUNTEST 1000 TCK;
SDR 16 TDI (F5BF);
RUNTEST 1000 TCK;
SDR 16 TDI (FFF7);
RUNTEST 1000 TCK;
SDR 16 TDI (7FFF);
RUNTEST 1000 TCK;
SDR 16 TDI (DDFB);
RUNTEST 1000 TCK;
SDR 16 TDI (FFFF);
RUNTEST 1000 TCK;
SDR 16 TDI (FFFF);
RUNTEST 1000 TCK;
SDR 16 TDI (BF7F);
RUNTEST 1000 TCK;
SDR 16 TDI (FEEF);
RUNTEST 1000 TCK;
SDR 16 TDI (FF7B);
RUNTEST 1000 TCK;
SDR 16 TDI (FF7F);
RUNTEST 1000 TCK;
SDR 16 TDI (7FF7);
RUNTEST 1000 TCK;
SDR 16 TDI (FFBD);
RUNTEST 1000 TCK;
SDR 16 TDI (FFBF);
RUNTEST 1000 TCK;
SDR 16 TDI (FFFF);
RUNTEST 1000 TCK;
SDR 16 TDI (BFDF);
RUNTEST 1000 TCK;
SDR 16 TDI (BFFD);
RUNTEST 1000 TCK;
SDR 16 TDI (BF9F);
RUNTEST 1000 TCK;
SDR 16 TDI (FF7F);
RUNTEST 1000 TCK;
SDR 16 TDI (77B5);
RUNTEST 1000 TCK;
SDR 16 TDI (FFFF);
RUNTEST 1000 TCK;
SDR 16 TDI (FFBB);
RUNTEST 1000 TCK;
SDR 16 TDI (FFFE);
RUNTEST 1000 TCK;
SDR 16 TDI (BFFB);
RUNTEST 1000 TCK;
SDR 16 TDI (7FEF);
RUNTEST 1000 TCK;
SDR 16 TDI (BFFB);
RUNTEST 1000 TCK;
SDR 16 TDI (BFFF);
RUNTEST 1000 TCK;
SDR 16 TDI (7FF7);
RUNTEST 1000 TCK;
SDR 16 TDI (FFFD);
RUNTEST 1000 TCK;
SDR 16 TDI (FFFF);
RUNTEST 1000 TCK;
SDR 16 TDI (FFFF);
RUNTEST 1000 TCK;
SDR 16 TDI (BFFF);
RUNTEST 1000 TCK;
SDR 16 TDI (DFDF);
RUNTEST 1000 TCK;
SDR 16 TDI (FF7F);
RUNTEST 1000 TCK;
SDR 16 TDI (FFFF);
RUNTEST 1000 TCK;
SDR 16 TDI (7FEF);
RUNTEST 1000 TCK;
SDR 16 TDI (FFBF);
RUNTEST 1000 TCK;
SDR 16 TDI (FFFF);
RUNTEST 1000 TCK;
SDR 16 TDI (FFFF);
RUNTEST 1000 TCK;
SDR 16 TDI (BFDF);
RUNTEST 1000 TCK;
SDR 16 TDI (FFFF);
RUNTEST 1000 TCK;
SDR 16 TDI (E5F7);
RUNTEST 1000 TCK;
SDR 16 TDI (FF7E);
RUNTEST 1000 TCK;
SDR 16 TDI (77D6);
RUNTEST 1000 TCK;
SDR 16 TDI (FFFF);
RUNTEST 1000 TCK;
SDR 16 TDI (FFBF);
RUNTEST 1000 TCK;
SDR 16 TDI (FFFD);
RUNTEST 1000 TCK;
SDR 16 TDI (AFBF);
RUNTEST 1000 TCK;
SDR 16 TDI (FFEF);
RUNTEST 1000 TCK;
SDR 16 TDI (DCCD);
RUNTEST 1000 TCK;
SDR 16 TDI (BFFF);
RUNTEST 1000 TCK;
SDR 16 TDI (7FF7);
RUNTEST 1000 TCK;
SDR 16 TDI (EFDE);
RUNTEST 1000 TCK;
SDR 16 TDI (FFFF);
RUNTEST 1000 TCK;
SDR 16 TDI (FFFF);
RUNTEST 1000 TCK;
SDR 16 TDI (BFBF);
RUNTEST 1000 TCK;
SDR 16 TDI (FEBB);
RUNTEST 1000 TCK;
SDR 16 TDI (FFF7);
RUNTEST 1000 TCK;
SDR 16 TDI (ED7F);
RUNTEST 1000 TCK;
SDR 16 TDI (7FFB);
RUNTEST 1000 TCK;
SDR 16 TDI (FFFB);
RUNTEST 1000 TCK;
SDR 16 TDI (FFBF);
RUNTEST 1000 TCK;
SDR 16 TDI (FFFF);
RUNTEST 1000 TCK;
SDR 16 TDI (BFFF);
RUNTEST 1000 TCK;
SDR 16 TDI (79FE);
RUNTEST 1000 TCK;
SDR 16 TDI (BF6F);
RUNTEST 1000 TCK;
SDR 16 TDI (FFFF);
RUNTEST 1000 TCK;
SDR 16 TDI (7EFD);
RUNTEST 1000 TCK;
SDR 16 TDI (FFFF);
RUNTEST 1000 TCK;
SDR 16 TDI (FFFB);
RUNTEST 1000 TCK;
SDR 16 TDI (FFFF);
RUNTEST 1000 TCK;
SDR 16 TDI (BCFD);
RUNTEST 1000 TCK;
SDR 16 TDI (7FFF);
RUNTEST 1000 TCK;
SDR 16 TDI (F7FF);
RUNTEST 1000 TCK;
SDR 16 TDI (FFEF);
RUNTEST 1000 TCK;
SDR 16 TDI (7FFF);
RUNTEST 1000 TCK;
SDR 16 TDI (FDF7);
RUNTEST 1000 TCK;
SDR 16 TDI (FFFF);
RUNTEST 1000 TCK;
SDR 16 TDI (FFFF);
RUNTEST 1000 TCK;
SDR 16 TDI (B77F);
RUNTEST 1000 TCK;
SDR 16 TDI (FFFB);
RUNTEST 1000 TCK;
SDR 16 TDI (FBEF);
RUNTEST 1000 TCK;
SDR 16 TDI (7BDF);
RUNTEST 1000 TCK;
SDR 16 TDI (7FFF);
RUNTEST 1000 TCK;
SDR 16 TDI (FDFF);
RUNTEST 1000 TCK;
SDR 16 TDI (FFFF);
RUNTEST 1000 TCK;
SDR 16 TDI (F7EE);
RUNTEST 1000 TCK;
SDR 16 TDI (BFFF);
RUNTEST 1000 TCK;
SDR 16 TDI (FFFF);
RUNTEST 1000 TCK;
SDR 16 TDI (FBE7);
RUNTEST 1000 TCK;
SDR 16 TDI (7FB7);
RUNTEST 1000 TCK;
SDR 16 TDI (777F);
RUNTEST 1000 TCK;
SDR 16 TDI (FFFF);
RUNTEST 1000 TCK;
SDR 16 TDI (FFFF);
RUNTEST 1000 TCK;
SDR 16 TDI (FFFF);
RUNTEST 1000 TCK;
SDR 16 TDI (BF6F);
RUNTEST 1000 TCK;
SDR 16 TDI (FF6F);
RUNTEST 1000 TCK;
SDR 16 TDI (FEFF);
RUNTEST 1000 TCK;
SDR 16 TDI (FDDD);
RUNTEST 1000 TCK;
SDR 16 TDI (7BFF);
RUNTEST 1000 TCK;
SDR 16 TDI (FFFF);
RUNTEST 1000 TCK;
SDR 16 TDI (EABF);
RUNTEST 1000 TCK;
SDR 16 TDI (FFFF);
RUNTEST 1000 TCK;
SDR 16 TDI (BFFF);
RUNTEST 1000 TCK;
SDR 16 TDI (FF7F);
RUNTEST 1000 TCK;
SDR 16 TDI (FFFF);
RUNTEST 1000 TCK;
SDR 16 TDI (EFFF);
RUNTEST 1000 TCK;
SDR 16 TDI (7BBF);
RUNTEST 1000 TCK;
SDR 16 TDI (FFFF);
RUNTEST 1000 TCK;
SDR 16 TDI (FFFF);
RUNTEST 1000 TCK;
SDR 16 TDI (FFFF);
RUNTEST 1000 TCK;
SDR 16 TDI (BDFF);
RUNTEST 1000 TCK;
SDR 16 TDI (FFFD);
RUNTEST 1000 TCK;
SDR 16 TDI (BFFD);
RUNTEST 1000 TCK;
SDR 16 TDI (FFFF);
RUNTEST 1000 TCK;
SDR 16 TDI (7FDF);
RUNTEST 1000 TCK;
SDR 16 TDI (FDFD);
RUNTEST 1000 TCK;
SDR 16 TDI (FFBD);
RUNTEST 1000 TCK;
SDR 16 TDI (FFFE);
RUNTEST 1000 TCK;
SDR 16 TDI (BBBB);
RUNTEST 1000 TCK;
SDR 16 TDI (BFFD);
RUNTEST 1000 TCK;
SDR 16 TDI (F5BB);
RUNTEST 1000 TCK;
SDR 16 TDI (FFFF);
RUNTEST 1000 TCK;
SDR 16 TDI (7EFB);
RUNTEST 1000 TCK;
SDR 16 TDI (FBFB);
RUNTEST 1000 TCK;
SDR 16 TDI (FFFF);
RUNTEST 1000 TCK;
SDR 16 TDI (FFFF);
RUNTEST 1000 TCK;
SDR 16 TDI (A77F);
RUNTEST 1000 TCK;
SDR 16 TDI (FFFF);
RUNTEST 1000 TCK;
SDR 16 TDI (7FBB);
RUNTEST 1000 TCK;
SDR 16 TDI (FFBF);
RUNTEST 1000 TCK;
SDR 16 TDI (7FFF);
RUNTEST 1000 TCK;
SDR 16 TDI (EFFF);
RUNTEST 1000 TCK;
SDR 16 TDI (FFFF);
RUNTEST 1000 TCK;
SDR 16 TDI (FFFF);
RUNTEST 1000 TCK;
SDR 16 TDI (BBFF);
RUNTEST 1000 TCK;
SDR 16 TDI (FEFF);
RUNTEST 1000 TCK;
SDR 16 TDI (FFBE);
RUNTEST 1000 TCK;
SDR 16 TDI (F7FF);
RUNTEST 1000 TCK;
SDR 16 TDI (7DF3);
RUNTEST 1000 TCK;
SDR 16 TDI (FFDF);
RUNTEST 1000 TCK;
SDR 16 TDI (BBFF);
RUNTEST 1000 TCK;
SDR 16 TDI (FFFF);
RUNTEST 1000 TCK;
SDR 16 TDI (AFBE);
RUNTEST 1000 TCK;
SDR 16 TDI (CFFE);
RUNTEST 1000 TCK;
SDR 16 TDI (BFEF);
RUNTEST 1000 TCK;
SDR 16 TDI (FFFF);
RUNTEST 1000 TCK;
SDR 16 TDI (7FFF);
RUNTEST 1000 TCK;
SDR 16 TDI (BFFF);
RUNTEST 1000 TCK;
SDR 16 TDI (EABF);
RUNTEST 1000 TCK;
SDR 16 TDI (FFFF);
RUNTEST 1000 TCK;
SDR 16 TDI (ABFF);
RUNTEST 1000 TCK;
SDR 16 TDI (FEAE);
RUNTEST 1000 TCK;
SDR 16 TDI (EFD9);
RUNTEST 1000 TCK;
SDR 16 TDI (D9DF);
RUNTEST 1000 TCK;
SDR 16 TDI (777F);
RUNTEST 1000 TCK;
SDR 16 TDI (FFFF);
RUNTEST 1000 TCK;
SDR 16 TDI (FFFE);
RUNTEST 1000 TCK;
SDR 16 TDI (FFFF);
RUNTEST 1000 TCK;
SDR 16 TDI (BFEF);
RUNTEST 1000 TCK;
SDR 16 TDI (FFFF);
RUNTEST 1000 TCK;
SDR 16 TDI (DFEF);
RUNTEST 1000 TCK;
SDR 16 TDI (FFEB);
RUNTEST 1000 TCK;
SDR 16 TDI (6FAF);
RUNTEST 1000 TCK;
SDR 16 TDI (FFFF);
RUNTEST 1000 TCK;
SDR 16 TDI (EFFF);
RUNTEST 1000 TCK;
SDR 16 TDI (FFFD);
RUNTEST 1000 TCK;
SDR 16 TDI (BF77);
RUNTEST 1000 TCK;
SDR 16 TDI (FFF7);
RUNTEST 1000 TCK;
SDR 16 TDI (FFFF);
RUNTEST 1000 TCK;
SDR 16 TDI (FF77);
RUNTEST 1000 TCK;
SDR 16 TDI (6FFF);
RUNTEST 1000 TCK;
SDR 16 TDI (5DFD);
RUNTEST 1000 TCK;
SDR 16 TDI (D57F);
RUNTEST 1000 TCK;
SDR 16 TDI (FFFF);
RUNTEST 1000 TCK;
SDR 16 TDI (BFFF);
RUNTEST 1000 TCK;
SDR 16 TDI (FFFF);
RUNTEST 1000 TCK;
SDR 16 TDI (7FFF);
RUNTEST 1000 TCK;
SDR 16 TDI (FFFF);
RUNTEST 1000 TCK;
SDR 16 TDI (7FFF);
RUNTEST 1000 TCK;
SDR 16 TDI (FFFF);
RUNTEST 1000 TCK;
SDR 16 TDI (FFFF);
RUNTEST 1000 TCK;
SDR 16 TDI (FFFF);
RUNTEST 1000 TCK;
SDR 16 TDI (BFFE);
RUNTEST 1000 TCK;
SDR 16 TDI (FFEE);
RUNTEST 1000 TCK;
SDR 16 TDI (BD7F);
RUNTEST 1000 TCK;
SDR 16 TDI (BFFE);
RUNTEST 1000 TCK;
SDR 16 TDI (7FFF);
RUNTEST 1000 TCK;
SDR 16 TDI (DFFF);
RUNTEST 1000 TCK;
SDR 16 TDI (FFFF);
RUNTEST 1000 TCK;
SDR 16 TDI (BBBF);
RUNTEST 1000 TCK;
SDR 16 TDI (B5FB);
RUNTEST 1000 TCK;
SDR 16 TDI (FFFC);
RUNTEST 1000 TCK;
SDR 16 TDI (FCCD);
RUNTEST 1000 TCK;
SDR 16 TDI (FFDF);
RUNTEST 1000 TCK;
SDR 16 TDI (7FFF);
RUNTEST 1000 TCK;
SDR 16 TDI (FBB7);
RUNTEST 1000 TCK;
SDR 16 TDI (FFFF);
RUNTEST 1000 TCK;
SDR 16 TDI (FFFF);
RUNTEST 1000 TCK;
SDR 16 TDI (BFFF);
RUNTEST 1000 TCK;
SDR 16 TDI (FEE6);
RUNTEST 1000 TCK;
SDR 16 TDI (FFFD);
RUNTEST 1000 TCK;
SDR 16 TDI (7DFF);
RUNTEST 1000 TCK;
SDR 16 TDI (6CFF);
RUNTEST 1000 TCK;
SDR 16 TDI (FFFF);
RUNTEST 1000 TCK;
SDR 16 TDI (FFFF);
RUNTEST 1000 TCK;
SDR 16 TDI (FFFF);
RUNTEST 1000 TCK;
SDR 16 TDI (BFFF);
RUNTEST 1000 TCK;
SDR 16 TDI (EFFF);
RUNTEST 1000 TCK;
SDR 16 TDI (D5FF);
RUNTEST 1000 TCK;
SDR 16 TDI (DF6E);
RUNTEST 1000 TCK;
SDR 16 TDI (7CFB);
RUNTEST 1000 TCK;
SDR 16 TDI (FFFF);
RUNTEST 1000 TCK;
SDR 16 TDI (FFFF);
RUNTEST 1000 TCK;
SDR 16 TDI (FFFF);
RUNTEST 1000 TCK;
SDR 16 TDI (BFFF);
RUNTEST 1000 TCK;
SDR 16 TDI (7BFF);
RUNTEST 1000 TCK;
SDR 16 TDI (D7FF);
RUNTEST 1000 TCK;
SDR 16 TDI (FF6C);
RUNTEST 1000 TCK;
SDR 16 TDI (7BBF);
RUNTEST 1000 TCK;
SDR 16 TDI (DDFD);
RUNTEST 1000 TCK;
SDR 16 TDI (FFFF);
RUNTEST 1000 TCK;
SDR 16 TDI (FFFF);
RUNTEST 1000 TCK;
SDR 16 TDI (BFFF);
RUNTEST 1000 TCK;
SDR 16 TDI (FCC8);
RUNTEST 1000 TCK;
SDR 16 TDI (F7CC);
RUNTEST 1000 TCK;
SDR 16 TDI (D4DF);
RUNTEST 1000 TCK;
SDR 16 TDI (7FFF);
RUNTEST 1000 TCK;
SDR 16 TDI (EFFF);
RUNTEST 1000 TCK;
SDR 16 TDI (FFFF);
RUNTEST 1000 TCK;
SDR 16 TDI (FFEE);
RUNTEST 1000 TCK;
SDR 16 TDI (B7FD);
RUNTEST 1000 TCK;
SDR 16 TDI (DFDC);
RUNTEST 1000 TCK;
SDR 16 TDI (FF1C);
RUNTEST 1000 TCK;
SDR 16 TDI (F7B7);
RUNTEST 1000 TCK;
SDR 16 TDI (62DB);
RUNTEST 1000 TCK;
SDR 16 TDI (FBFF);
RUNTEST 1000 TCK;
SDR 16 TDI (BFFF);
RUNTEST 1000 TCK;
SDR 16 TDI (FBFD);
RUNTEST 1000 TCK;
SDR 16 TDI (B93B);
RUNTEST 1000 TCK;
SDR 16 TDI (BFFD);
RUNTEST 1000 TCK;
SDR 16 TDI (E95F);
RUNTEST 1000 TCK;
SDR 16 TDI (FEFF);
RUNTEST 1000 TCK;
SDR 16 TDI (7DFB);
RUNTEST 1000 TCK;
SDR 16 TDI (2E72);
RUNTEST 1000 TCK;
SDR 16 TDI (FFFF);
RUNTEST 1000 TCK;
SDR 16 TDI (FFFF);
RUNTEST 1000 TCK;
SDR 16 TDI (BEFF);
RUNTEST 1000 TCK;
SDR 16 TDI (FFBF);
RUNTEST 1000 TCK;
SDR 16 TDI (7FFF);
RUNTEST 1000 TCK;
SDR 16 TDI (6BAF);
RUNTEST 1000 TCK;
SDR 16 TDI (7F7F);
RUNTEST 1000 TCK;
SDR 16 TDI (FBFF);
RUNTEST 1000 TCK;
SDR 16 TDI (FFFF);
RUNTEST 1000 TCK;
SDR 16 TDI (FFFF);
RUNTEST 1000 TCK;
SDR 16 TDI (BDFF);
RUNTEST 1000 TCK;
SDR 16 TDI (FFFF);
RUNTEST 1000 TCK;
SDR 16 TDI (B6F7);
RUNTEST 1000 TCK;
SDR 16 TDI (EFDB);
RUNTEST 1000 TCK;
SDR 16 TDI (7FB5);
RUNTEST 1000 TCK;
SDR 16 TDI (FFFB);
RUNTEST 1000 TCK;
SDR 16 TDI (F7DF);
RUNTEST 1000 TCK;
SDR 16 TDI (FFBF);
RUNTEST 1000 TCK;
SDR 16 TDI (AFFD);
RUNTEST 1000 TCK;
SDR 16 TDI (FEEA);
RUNTEST 1000 TCK;
SDR 16 TDI (96FF);
RUNTEST 1000 TCK;
SDR 16 TDI (FB26);
RUNTEST 1000 TCK;
SDR 16 TDI (6FBF);
RUNTEST 1000 TCK;
SDR 16 TDI (D9FD);
RUNTEST 1000 TCK;
SDR 16 TDI (D57F);
RUNTEST 1000 TCK;
SDR 16 TDI (FFFF);
RUNTEST 1000 TCK;
SDR 16 TDI (BFFF);
RUNTEST 1000 TCK;
SDR 16 TDI (FF77);
RUNTEST 1000 TCK;
SDR 16 TDI (AFB3);
RUNTEST 1000 TCK;
SDR 16 TDI (BFFF);
RUNTEST 1000 TCK;
SDR 16 TDI (60BF);
RUNTEST 1000 TCK;
SDR 16 TDI (FFFF);
RUNTEST 1000 TCK;
SDR 16 TDI (FFFF);
RUNTEST 1000 TCK;
SDR 16 TDI (6FFF);
RUNTEST 1000 TCK;
SDR 16 TDI (BFDF);
RUNTEST 1000 TCK;
SDR 16 TDI (FEFF);
RUNTEST 1000 TCK;
SDR 16 TDI (49EF);
RUNTEST 1000 TCK;
SDR 16 TDI (3F6C);
RUNTEST 1000 TCK;
SDR 16 TDI (7D6F);
RUNTEST 1000 TCK;
SDR 16 TDI (DFBF);
RUNTEST 1000 TCK;
SDR 16 TDI (FBFD);
RUNTEST 1000 TCK;
SDR 16 TDI (BFFE);
RUNTEST 1000 TCK;
SDR 16 TDI (B6C6);
RUNTEST 1000 TCK;
SDR 16 TDI (4DF7);
RUNTEST 1000 TCK;
SDR 16 TDI (7FA1);
RUNTEST 1000 TCK;
SDR 16 TDI (FFD9);
RUNTEST 1000 TCK;
SDR 16 TDI (73FF);
RUNTEST 1000 TCK;
SDR 16 TDI (F7FF);
RUNTEST 1000 TCK;
SDR 16 TDI (FFFF);
RUNTEST 1000 TCK;
SDR 16 TDI (FFFF);
RUNTEST 1000 TCK;
SDR 16 TDI (A55F);
RUNTEST 1000 TCK;
SDR 16 TDI (FFFF);
RUNTEST 1000 TCK;
SDR 16 TDI (FEDF);
RUNTEST 1000 TCK;
SDR 16 TDI (7FDF);
RUNTEST 1000 TCK;
SDR 16 TDI (79DF);
RUNTEST 1000 TCK;
SDR 16 TDI (FF7F);
RUNTEST 1000 TCK;
SDR 16 TDI (FFFE);
RUNTEST 1000 TCK;
SDR 16 TDI (0780);
RUNTEST 1000 TCK;
SDR 16 TDI (AF8C);
RUNTEST 1000 TCK;
SDR 16 TDI (CC0E);
RUNTEST 1000 TCK;
SDR 16 TDI (AEC6);
RUNTEST 1000 TCK;
SDR 16 TDI (BEDB);
RUNTEST 1000 TCK;
SDR 16 TDI (7A1B);
RUNTEST 1000 TCK;
SDR 16 TDI (8000);
RUNTEST 1000 TCK;
SDR 16 TDI (1F00);
RUNTEST 1000 TCK;
SDR 16 TDI (199F);
RUNTEST 1000 TCK;
SDR 16 TDI (AEED);
RUNTEST 1000 TCK;
SDR 16 TDI (77CA);
RUNTEST 1000 TCK;
SDR 16 TDI (5B55);
RUNTEST 1000 TCK;
SDR 16 TDI (E140);
RUNTEST 1000 TCK;
SDR 16 TDI (63E0);
RUNTEST 1000 TCK;
SDR 16 TDI (5535);
RUNTEST 1000 TCK;
SDR 16 TDI (EABF);
RUNTEST 1000 TCK;
SDR 16 TDI (FFFF);
RUNTEST 1000 TCK;
SDR 16 TDI (AFFF);
RUNTEST 1000 TCK;
SDR 16 TDI (FD11);
RUNTEST 1000 TCK;
SDR 16 TDI (3F92);
RUNTEST 1000 TCK;
SDR 16 TDI (629F);
RUNTEST 1000 TCK;
SDR 16 TDI (7C7F);
RUNTEST 1000 TCK;
SDR 16 TDI (FFFF);
RUNTEST 1000 TCK;
SDR 16 TDI (FFFE);
RUNTEST 1000 TCK;
SDR 16 TDI (0780);
RUNTEST 1000 TCK;
SDR 16 TDI (AFCC);
RUNTEST 1000 TCK;
SDR 16 TDI (CC0C);
RUNTEST 1000 TCK;
SDR 16 TDI (3307);
RUNTEST 1000 TCK;
SDR 16 TDI (3F35);
RUNTEST 1000 TCK;
SDR 16 TDI (6661);
RUNTEST 1000 TCK;
SDR 16 TDI (8000);
RUNTEST 1000 TCK;
SDR 16 TDI (1F80);
RUNTEST 1000 TCK;
SDR 16 TDI (199E);
RUNTEST 1000 TCK;
SDR 16 TDI (A557);
RUNTEST 1000 TCK;
SDR 16 TDI (1FEE);
RUNTEST 1000 TCK;
SDR 16 TDI (A603);
RUNTEST 1000 TCK;
SDR 16 TDI (E1C0);
RUNTEST 1000 TCK;
SDR 16 TDI (6370);
RUNTEST 1000 TCK;
SDR 16 TDI (7737);
RUNTEST 1000 TCK;
SDR 16 TDI (FFFF);
RUNTEST 1000 TCK;
SDR 16 TDI (FFFF);
RUNTEST 1000 TCK;
SDR 16 TDI (B95F);
RUNTEST 1000 TCK;
SDR 16 TDI (FE66);
RUNTEST 1000 TCK;
SDR 16 TDI (7FC9);
RUNTEST 1000 TCK;
SDR 16 TDI (39CF);
RUNTEST 1000 TCK;
SDR 16 TDI (783F);
RUNTEST 1000 TCK;
SDR 16 TDI (EFFF);
RUNTEST 1000 TCK;
SDR 16 TDI (FFFE);
RUNTEST 1000 TCK;
SDR 16 TDI (0780);
RUNTEST 1000 TCK;
SDR 16 TDI (A7CC);
RUNTEST 1000 TCK;
SDR 16 TDI (CC0F);
RUNTEST 1000 TCK;
SDR 16 TDI (223F);
RUNTEST 1000 TCK;
SDR 16 TDI (FF11);
RUNTEST 1000 TCK;
SDR 16 TDI (63FB);
RUNTEST 1000 TCK;
SDR 16 TDI (8000);
RUNTEST 1000 TCK;
SDR 16 TDI (1F80);
RUNTEST 1000 TCK;
SDR 16 TDI (199E);
RUNTEST 1000 TCK;
SDR 16 TDI (AC44);
RUNTEST 1000 TCK;
SDR 16 TDI (8FF3);
RUNTEST 1000 TCK;
SDR 16 TDI (637F);
RUNTEST 1000 TCK;
SDR 16 TDI (E124);
RUNTEST 1000 TCK;
SDR 16 TDI (65F0);
RUNTEST 1000 TCK;
SDR 16 TDI (9939);
RUNTEST 1000 TCK;
SDR 16 TDI (EABF);
RUNTEST 1000 TCK;
SDR 16 TDI (FFFF);
RUNTEST 1000 TCK;
SDR 16 TDI (BFFF);
RUNTEST 1000 TCK;
SDR 16 TDI (FD11);
RUNTEST 1000 TCK;
SDR 16 TDI (3F42);
RUNTEST 1000 TCK;
SDR 16 TDI (224F);
RUNTEST 1000 TCK;
SDR 16 TDI (627F);
RUNTEST 1000 TCK;
SDR 16 TDI (FFFF);
RUNTEST 1000 TCK;
SDR 16 TDI (FFFE);
RUNTEST 1000 TCK;
SDR 16 TDI (0780);
RUNTEST 1000 TCK;
SDR 16 TDI (AFCC);
RUNTEST 1000 TCK;
SDR 16 TDI (CC0F);
RUNTEST 1000 TCK;
SDR 16 TDI (F324);
RUNTEST 1000 TCK;
SDR 16 TDI (3F39);
RUNTEST 1000 TCK;
SDR 16 TDI (6727);
RUNTEST 1000 TCK;
SDR 16 TDI (8000);
RUNTEST 1000 TCK;
SDR 16 TDI (1F80);
RUNTEST 1000 TCK;
SDR 16 TDI (199E);
RUNTEST 1000 TCK;
SDR 16 TDI (ACCA);
RUNTEST 1000 TCK;
SDR 16 TDI (1FE5);
RUNTEST 1000 TCK;
SDR 16 TDI (2763);
RUNTEST 1000 TCK;
SDR 16 TDI (E080);
RUNTEST 1000 TCK;
SDR 16 TDI (63F0);
RUNTEST 1000 TCK;
SDR 16 TDI (2232);
RUNTEST 1000 TCK;
SDR 16 TDI (FFFF);
RUNTEST 1000 TCK;
SDR 16 TDI (FFFF);
RUNTEST 1000 TCK;
SDR 16 TDI (BFFF);
RUNTEST 1000 TCK;
SDR 16 TDI (3099);
RUNTEST 1000 TCK;
SDR 16 TDI (BFA6);
RUNTEST 1000 TCK;
SDR 16 TDI (26AC);
RUNTEST 1000 TCK;
SDR 16 TDI (6CB9);
RUNTEST 1000 TCK;
SDR 16 TDI (9F99);
RUNTEST 1000 TCK;
SDR 16 TDI (999F);
RUNTEST 1000 TCK;
SDR 16 TDI (6667);
RUNTEST 1000 TCK;
SDR 16 TDI (AFCD);
RUNTEST 1000 TCK;
SDR 16 TDI (CCCE);
RUNTEST 1000 TCK;
SDR 16 TDI (1137);
RUNTEST 1000 TCK;
SDR 16 TDI (3F64);
RUNTEST 1000 TCK;
SDR 16 TDI (6463);
RUNTEST 1000 TCK;
SDR 16 TDI (D99D);
RUNTEST 1000 TCK;
SDR 16 TDI (9F9B);
RUNTEST 1000 TCK;
SDR 16 TDI (999F);
RUNTEST 1000 TCK;
SDR 16 TDI (A332);
RUNTEST 1000 TCK;
SDR 16 TDI (3FE4);
RUNTEST 1000 TCK;
SDR 16 TDI (2C67);
RUNTEST 1000 TCK;
SDR 16 TDI (9C11);
RUNTEST 1000 TCK;
SDR 16 TDI (63F7);
RUNTEST 1000 TCK;
SDR 16 TDI (0072);
RUNTEST 1000 TCK;
SDR 16 TDI (D57F);
RUNTEST 1000 TCK;
SDR 16 TDI (FFFF);
RUNTEST 1000 TCK;
SDR 16 TDI (BFFF);
RUNTEST 1000 TCK;
SDR 16 TDI (7733);
RUNTEST 1000 TCK;
SDR 16 TDI (2A13);
RUNTEST 1000 TCK;
SDR 16 TDI (111D);
RUNTEST 1000 TCK;
SDR 16 TDI (791B);
RUNTEST 1000 TCK;
SDR 16 TDI (B55D);
RUNTEST 1000 TCK;
SDR 16 TDI (DDDE);
RUNTEST 1000 TCK;
SDR 16 TDI (66E6);
RUNTEST 1000 TCK;
SDR 16 TDI (AA8C);
RUNTEST 1000 TCK;
SDR 16 TDI (CCCF);
RUNTEST 1000 TCK;
SDR 16 TDI (6336);
RUNTEST 1000 TCK;
SDR 16 TDI (6A13);
RUNTEST 1000 TCK;
SDR 16 TDI (6777);
RUNTEST 1000 TCK;
SDR 16 TDI (9999);
RUNTEST 1000 TCK;
SDR 16 TDI (9519);
RUNTEST 1000 TCK;
SDR 16 TDI (999F);
RUNTEST 1000 TCK;
SDR 16 TDI (AE66);
RUNTEST 1000 TCK;
SDR 16 TDI (6547);
RUNTEST 1000 TCK;
SDR 16 TDI (6773);
RUNTEST 1000 TCK;
SDR 16 TDI (B993);
RUNTEST 1000 TCK;
SDR 16 TDI (76A3);
RUNTEST 1000 TCK;
SDR 16 TDI (3331);
RUNTEST 1000 TCK;
SDR 16 TDI (FFFF);
RUNTEST 1000 TCK;
SDR 16 TDI (FFFF);
RUNTEST 1000 TCK;
SDR 16 TDI (BFFF);
RUNTEST 1000 TCK;
SDR 16 TDI (FDD9);
RUNTEST 1000 TCK;
SDR 16 TDI (FEEE);
RUNTEST 1000 TCK;
SDR 16 TDI (EEEF);
RUNTEST 1000 TCK;
SDR 16 TDI (6EFF);
RUNTEST 1000 TCK;
SDR 16 TDI (FF7F);
RUNTEST 1000 TCK;
SDR 16 TDI (FFFF);
RUNTEST 1000 TCK;
SDR 16 TDI (BFBB);
RUNTEST 1000 TCK;
SDR 16 TDI (BFBF);
RUNTEST 1000 TCK;
SDR 16 TDI (FFBF);
RUNTEST 1000 TCK;
SDR 16 TDI (D9BB);
RUNTEST 1000 TCK;
SDR 16 TDI (FE66);
RUNTEST 1000 TCK;
SDR 16 TDI (6CFF);
RUNTEST 1000 TCK;
SDR 16 TDI (EEEE);
RUNTEST 1000 TCK;
SDR 16 TDI (FF77);
RUNTEST 1000 TCK;
SDR 16 TDI (7FFF);
RUNTEST 1000 TCK;
SDR 16 TDI (B333);
RUNTEST 1000 TCK;
SDR 16 TDI (B7CD);
RUNTEST 1000 TCK;
SDR 16 TDI (ECFF);
RUNTEST 1000 TCK;
SDR 16 TDI (EEFD);
RUNTEST 1000 TCK;
SDR 16 TDI (7BEE);
RUNTEST 1000 TCK;
SDR 16 TDI (EEFE);
RUNTEST 1000 TCK;
SDR 16 TDI (FFFF);
RUNTEST 1000 TCK;
SDR 16 TDI (FFFF);
RUNTEST 1000 TCK;
SDR 16 TDI (BFFF);
RUNTEST 1000 TCK;
SDR 16 TDI (FFFF);
RUNTEST 1000 TCK;
SDR 16 TDI (7FE7);
RUNTEST 1000 TCK;
SDR 16 TDI (FFBF);
RUNTEST 1000 TCK;
SDR 16 TDI (7FBF);
RUNTEST 1000 TCK;
SDR 16 TDI (FFFF);
RUNTEST 1000 TCK;
SDR 16 TDI (BFDE);
RUNTEST 1000 TCK;
SDR 16 TDI (FFFE);
RUNTEST 1000 TCK;
SDR 16 TDI (BFDF);
RUNTEST 1000 TCK;
SDR 16 TDI (EDFF);
RUNTEST 1000 TCK;
SDR 16 TDI (FB6D);
RUNTEST 1000 TCK;
SDR 16 TDI (7FFD);
RUNTEST 1000 TCK;
SDR 16 TDI (7FCF);
RUNTEST 1000 TCK;
SDR 16 TDI (FF4F);
RUNTEST 1000 TCK;
SDR 16 TDI (FFDF);
RUNTEST 1000 TCK;
SDR 16 TDI (F7FF);
RUNTEST 1000 TCK;
SDR 16 TDI (BFCB);
RUNTEST 1000 TCK;
SDR 16 TDI (FFEF);
RUNTEST 1000 TCK;
SDR 16 TDI (FFFE);
RUNTEST 1000 TCK;
SDR 16 TDI (FFFE);
RUNTEST 1000 TCK;
SDR 16 TDI (7FFF);
RUNTEST 1000 TCK;
SDR 16 TDI (BF57);
RUNTEST 1000 TCK;
SDR 16 TDI (FFFF);
RUNTEST 1000 TCK;
SDR 16 TDI (FFFF);
RUNTEST 1000 TCK;
SDR 16 TDI (BFFF);
RUNTEST 1000 TCK;
SDR 16 TDI (7FF7);
RUNTEST 1000 TCK;
SDR 16 TDI (FFBF);
RUNTEST 1000 TCK;
SDR 16 TDI (BBFF);
RUNTEST 1000 TCK;
SDR 16 TDI (7FFF);
RUNTEST 1000 TCK;
SDR 16 TDI (FFFF);
RUNTEST 1000 TCK;
SDR 16 TDI (FFFF);
RUNTEST 1000 TCK;
SDR 16 TDI (FFFF);
RUNTEST 1000 TCK;
SDR 16 TDI (BFFF);
RUNTEST 1000 TCK;
SDR 16 TDI (FFFB);
RUNTEST 1000 TCK;
SDR 16 TDI (7FF7);
RUNTEST 1000 TCK;
SDR 16 TDI (FFBB);
RUNTEST 1000 TCK;
SDR 16 TDI (77FD);
RUNTEST 1000 TCK;
SDR 16 TDI (EFFE);
RUNTEST 1000 TCK;
SDR 16 TDI (FFFF);
RUNTEST 1000 TCK;
SDR 16 TDI (FFFF);
RUNTEST 1000 TCK;
SDR 16 TDI (BEFF);
RUNTEST 1000 TCK;
SDR 16 TDI (CFFD);
RUNTEST 1000 TCK;
SDR 16 TDI (777F);
RUNTEST 1000 TCK;
SDR 16 TDI (FEBF);
RUNTEST 1000 TCK;
SDR 16 TDI (7FFF);
RUNTEST 1000 TCK;
SDR 16 TDI (FFFF);
RUNTEST 1000 TCK;
SDR 16 TDI (FAFF);
RUNTEST 1000 TCK;
SDR 16 TDI (FFFF);
RUNTEST 1000 TCK;
SDR 16 TDI (AFFF);
RUNTEST 1000 TCK;
SDR 16 TDI (7FFB);
RUNTEST 1000 TCK;
SDR 16 TDI (FFEF);
RUNTEST 1000 TCK;
SDR 16 TDI (FFFF);
RUNTEST 1000 TCK;
SDR 16 TDI (7FFF);
RUNTEST 1000 TCK;
SDR 16 TDI (FFFF);
RUNTEST 1000 TCK;
SDR 16 TDI (FFFF);
RUNTEST 1000 TCK;
SDR 16 TDI (7FFF);
RUNTEST 1000 TCK;
SDR 16 TDI (BFFF);
RUNTEST 1000 TCK;
SDR 16 TDI (EFF7);
RUNTEST 1000 TCK;
SDR 16 TDI (FF7F);
RUNTEST 1000 TCK;
SDR 16 TDI (FFBF);
RUNTEST 1000 TCK;
SDR 16 TDI (7FBD);
RUNTEST 1000 TCK;
SDR 16 TDI (FF3F);
RUNTEST 1000 TCK;
SDR 16 TDI (7FDF);
RUNTEST 1000 TCK;
SDR 16 TDI (F7FF);
RUNTEST 1000 TCK;
SDR 16 TDI (BFBF);
RUNTEST 1000 TCK;
SDR 16 TDI (EFFB);
RUNTEST 1000 TCK;
SDR 16 TDI (FF7E);
RUNTEST 1000 TCK;
SDR 16 TDI (FFBF);
RUNTEST 1000 TCK;
SDR 16 TDI (7FFF);
RUNTEST 1000 TCK;
SDR 16 TDI (FFBB);
RUNTEST 1000 TCK;
SDR 16 TDI (FFFF);
RUNTEST 1000 TCK;
SDR 16 TDI (FFFF);
RUNTEST 1000 TCK;
SDR 16 TDI (AFFF);
RUNTEST 1000 TCK;
SDR 16 TDI (FFFF);
RUNTEST 1000 TCK;
SDR 16 TDI (7FB7);
RUNTEST 1000 TCK;
SDR 16 TDI (B77F);
RUNTEST 1000 TCK;
SDR 16 TDI (7FBF);
RUNTEST 1000 TCK;
SDR 16 TDI (FFFF);
RUNTEST 1000 TCK;
SDR 16 TDI (DFBF);
RUNTEST 1000 TCK;
SDR 16 TDI (FFFE);
RUNTEST 1000 TCK;
SDR 16 TDI (BFEF);
RUNTEST 1000 TCK;
SDR 16 TDI (FDFF);
RUNTEST 1000 TCK;
SDR 16 TDI (7BE5);
RUNTEST 1000 TCK;
SDR 16 TDI (7FFA);
RUNTEST 1000 TCK;
SDR 16 TDI (77F7);
RUNTEST 1000 TCK;
SDR 16 TDI (F7F7);
RUNTEST 1000 TCK;
SDR 16 TDI (FFFF);
RUNTEST 1000 TCK;
SDR 16 TDI (FFFF);
RUNTEST 1000 TCK;
SDR 16 TDI (BF6D);
RUNTEST 1000 TCK;
SDR 16 TDI (FFEF);
RUNTEST 1000 TCK;
SDR 16 TDI (77FF);
RUNTEST 1000 TCK;
SDR 16 TDI (FF7F);
RUNTEST 1000 TCK;
SDR 16 TDI (6FFF);
RUNTEST 1000 TCK;
SDR 16 TDI (7FEF);
RUNTEST 1000 TCK;
SDR 16 TDI (FFFF);
RUNTEST 1000 TCK;
SDR 16 TDI (FFFF);
RUNTEST 1000 TCK;
SDR 16 TDI (BFFF);
RUNTEST 1000 TCK;
SDR 16 TDI (FFF7);
RUNTEST 1000 TCK;
SDR 16 TDI (FFFF);
RUNTEST 1000 TCK;
SDR 16 TDI (FFFF);
RUNTEST 1000 TCK;
SDR 16 TDI (7FF7);
RUNTEST 1000 TCK;
SDR 16 TDI (FFDF);
RUNTEST 1000 TCK;
SDR 16 TDI (DFDF);
RUNTEST 1000 TCK;
SDR 16 TDI (FEFE);
RUNTEST 1000 TCK;
SDR 16 TDI (BFFF);
RUNTEST 1000 TCK;
SDR 16 TDI (9F7F);
RUNTEST 1000 TCK;
SDR 16 TDI (FEFF);
RUNTEST 1000 TCK;
SDR 16 TDI (FFFF);
RUNTEST 1000 TCK;
SDR 16 TDI (7FB7);
RUNTEST 1000 TCK;
SDR 16 TDI (FFF7);
RUNTEST 1000 TCK;
SDR 16 TDI (FFFB);
RUNTEST 1000 TCK;
SDR 16 TDI (3F7F);
RUNTEST 1000 TCK;
SDR 16 TDI (BFED);
RUNTEST 1000 TCK;
SDR 16 TDI (FFEF);
RUNTEST 1000 TCK;
SDR 16 TDI (FFFE);
RUNTEST 1000 TCK;
SDR 16 TDI (FFFF);
RUNTEST 1000 TCK;
SDR 16 TDI (7FFF);
RUNTEST 1000 TCK;
SDR 16 TDI (EFFF);
RUNTEST 1000 TCK;
SDR 16 TDI (FFFF);
RUNTEST 1000 TCK;
SDR 16 TDI (FFFF);
RUNTEST 1000 TCK;
SDR 16 TDI (BFFF);
RUNTEST 1000 TCK;
SDR 16 TDI (FFDF);
RUNTEST 1000 TCK;
SDR 16 TDI (FFFF);
RUNTEST 1000 TCK;
SDR 16 TDI (FFFE);
RUNTEST 1000 TCK;
SDR 16 TDI (7FFF);
RUNTEST 1000 TCK;
SDR 16 TDI (FFEF);
RUNTEST 1000 TCK;
SDR 16 TDI (FFFF);
RUNTEST 1000 TCK;
SDR 16 TDI (B5DF);
RUNTEST 1000 TCK;
SDR 16 TDI (BFF7);
RUNTEST 1000 TCK;
SDR 16 TDI (F7FF);
RUNTEST 1000 TCK;
SDR 16 TDI (FF77);
RUNTEST 1000 TCK;
SDR 16 TDI (FF5F);
RUNTEST 1000 TCK;
SDR 16 TDI (72FE);
RUNTEST 1000 TCK;
SDR 16 TDI (EF7B);
RUNTEST 1000 TCK;
SDR 16 TDI (FFEF);
RUNTEST 1000 TCK;
SDR 16 TDI (FFF1);
RUNTEST 1000 TCK;
SDR 16 TDI (BF7E);
RUNTEST 1000 TCK;
SDR 16 TDI (FFFF);
RUNTEST 1000 TCK;
SDR 16 TDI (FB6B);
RUNTEST 1000 TCK;
SDR 16 TDI (FFFF);
RUNTEST 1000 TCK;
SDR 16 TDI (7FFF);
RUNTEST 1000 TCK;
SDR 16 TDI (FEFA);
RUNTEST 1000 TCK;
SDR 16 TDI (FFFF);
RUNTEST 1000 TCK;
SDR 16 TDI (FFFF);
RUNTEST 1000 TCK;
SDR 16 TDI (BFFF);
RUNTEST 1000 TCK;
SDR 16 TDI (FFF7);
RUNTEST 1000 TCK;
SDR 16 TDI (FFFF);
RUNTEST 1000 TCK;
SDR 16 TDI (FFFD);
RUNTEST 1000 TCK;
SDR 16 TDI (7F6F);
RUNTEST 1000 TCK;
SDR 16 TDI (FFF6);
RUNTEST 1000 TCK;
SDR 16 TDI (FFDF);
RUNTEST 1000 TCK;
SDR 16 TDI (6FF7);
RUNTEST 1000 TCK;
SDR 16 TDI (BFDF);
RUNTEST 1000 TCK;
SDR 16 TDI (F9DF);
RUNTEST 1000 TCK;
SDR 16 TDI (BFF6);
RUNTEST 1000 TCK;
SDR 16 TDI (FFB7);
RUNTEST 1000 TCK;
SDR 16 TDI (7777);
RUNTEST 1000 TCK;
SDR 16 TDI (FDDF);
RUNTEST 1000 TCK;
SDR 16 TDI (DFBD);
RUNTEST 1000 TCK;
SDR 16 TDI (7BF3);
RUNTEST 1000 TCK;
SDR 16 TDI (BFFA);
RUNTEST 1000 TCK;
SDR 16 TDI (FFFF);
RUNTEST 1000 TCK;
SDR 16 TDI (FFFF);
RUNTEST 1000 TCK;
SDR 16 TDI (FFDD);
RUNTEST 1000 TCK;
SDR 16 TDI (6BFF);
RUNTEST 1000 TCK;
SDR 16 TDI (7FFF);
RUNTEST 1000 TCK;
SDR 16 TDI (FFFF);
RUNTEST 1000 TCK;
SDR 16 TDI (FFFF);
RUNTEST 1000 TCK;
SDR 16 TDI (BFFF);
RUNTEST 1000 TCK;
SDR 16 TDI (FFEF);
RUNTEST 1000 TCK;
SDR 16 TDI (FFFF);
RUNTEST 1000 TCK;
SDR 16 TDI (FFFF);
RUNTEST 1000 TCK;
SDR 16 TDI (7FFF);
RUNTEST 1000 TCK;
SDR 16 TDI (FFDF);
RUNTEST 1000 TCK;
SDR 16 TDI (DFFF);
RUNTEST 1000 TCK;
SDR 16 TDI (DCBF);
RUNTEST 1000 TCK;
SDR 16 TDI (AFFB);
RUNTEST 1000 TCK;
SDR 16 TDI (6FBF);
RUNTEST 1000 TCK;
SDR 16 TDI (FD7F);
RUNTEST 1000 TCK;
SDR 16 TDI (FFEF);
RUNTEST 1000 TCK;
SDR 16 TDI (7DBF);
RUNTEST 1000 TCK;
SDR 16 TDI (76EB);
RUNTEST 1000 TCK;
SDR 16 TDI (FFEF);
RUNTEST 1000 TCK;
SDR 16 TDI (DEFE);
RUNTEST 1000 TCK;
SDR 16 TDI (BEEF);
RUNTEST 1000 TCK;
SDR 16 TDI (FFEF);
RUNTEST 1000 TCK;
SDR 16 TDI (FD6B);
RUNTEST 1000 TCK;
SDR 16 TDI (7FFF);
RUNTEST 1000 TCK;
SDR 16 TDI (7FFF);
RUNTEST 1000 TCK;
SDR 16 TDI (DDF6);
RUNTEST 1000 TCK;
SDR 16 TDI (FFFF);
RUNTEST 1000 TCK;
SDR 16 TDI (FFFF);
RUNTEST 1000 TCK;
SDR 16 TDI (BFFF);
RUNTEST 1000 TCK;
SDR 16 TDI (FFFF);
RUNTEST 1000 TCK;
SDR 16 TDI (FFFF);
RUNTEST 1000 TCK;
SDR 16 TDI (FFFF);
RUNTEST 1000 TCK;
SDR 16 TDI (7FFF);
RUNTEST 1000 TCK;
SDR 16 TDI (FFFF);
RUNTEST 1000 TCK;
SDR 16 TDI (FFFC);
RUNTEST 1000 TCK;
SDR 16 TDI (EFBF);
RUNTEST 1000 TCK;
SDR 16 TDI (BFFF);
RUNTEST 1000 TCK;
SDR 16 TDI (FFFB);
RUNTEST 1000 TCK;
SDR 16 TDI (FFFF);
RUNTEST 1000 TCK;
SDR 16 TDI (FFFF);
RUNTEST 1000 TCK;
SDR 16 TDI (7D5F);
RUNTEST 1000 TCK;
SDR 16 TDI (FF3D);
RUNTEST 1000 TCK;
SDR 16 TDI (FFFB);
RUNTEST 1000 TCK;
SDR 16 TDI (BFF2);
RUNTEST 1000 TCK;
SDR 16 TDI (BDFE);
RUNTEST 1000 TCK;
SDR 16 TDI (FFFF);
RUNTEST 1000 TCK;
SDR 16 TDI (2EEF);
RUNTEST 1000 TCK;
SDR 16 TDI (FFF7);
RUNTEST 1000 TCK;
SDR 16 TDI (7FFF);
RUNTEST 1000 TCK;
SDR 16 TDI (FFF7);
RUNTEST 1000 TCK;
SDR 16 TDI (FFFF);
RUNTEST 1000 TCK;
SDR 16 TDI (FFFF);
RUNTEST 1000 TCK;
SDR 16 TDI (BF7F);
RUNTEST 1000 TCK;
SDR 16 TDI (FFFF);
RUNTEST 1000 TCK;
SDR 16 TDI (FFFF);
RUNTEST 1000 TCK;
SDR 16 TDI (FFFF);
RUNTEST 1000 TCK;
SDR 16 TDI (7FFF);
RUNTEST 1000 TCK;
SDR 16 TDI (FFBD);
RUNTEST 1000 TCK;
SDR 16 TDI (FFFF);
RUNTEST 1000 TCK;
SDR 16 TDI (BCFF);
RUNTEST 1000 TCK;
SDR 16 TDI (BFDE);
RUNTEST 1000 TCK;
SDR 16 TDI (775F);
RUNTEST 1000 TCK;
SDR 16 TDI (FEFF);
RUNTEST 1000 TCK;
SDR 16 TDI (FF7F);
RUNTEST 1000 TCK;
SDR 16 TDI (7FEF);
RUNTEST 1000 TCK;
SDR 16 TDI (DFF7);
RUNTEST 1000 TCK;
SDR 16 TDI (FFBF);
RUNTEST 1000 TCK;
SDR 16 TDI (F53F);
RUNTEST 1000 TCK;
SDR 16 TDI (B6AB);
RUNTEST 1000 TCK;
SDR 16 TDI (FFEF);
RUNTEST 1000 TCK;
SDR 16 TDI (FBBB);
RUNTEST 1000 TCK;
SDR 16 TDI (FEFF);
RUNTEST 1000 TCK;
SDR 16 TDI (7FF7);
RUNTEST 1000 TCK;
SDR 16 TDI (FFFF);
RUNTEST 1000 TCK;
SDR 16 TDI (FFFF);
RUNTEST 1000 TCK;
SDR 16 TDI (FFFF);
RUNTEST 1000 TCK;
SDR 16 TDI (BFFF);
RUNTEST 1000 TCK;
SDR 16 TDI (FFFF);
RUNTEST 1000 TCK;
SDR 16 TDI (FFFF);
RUNTEST 1000 TCK;
SDR 16 TDI (FFFF);
RUNTEST 1000 TCK;
SDR 16 TDI (7FFF);
RUNTEST 1000 TCK;
SDR 16 TDI (FFBF);
RUNTEST 1000 TCK;
SDR 16 TDI (FFFE);
RUNTEST 1000 TCK;
SDR 16 TDI (EFF7);
RUNTEST 1000 TCK;
SDR 16 TDI (BFDF);
RUNTEST 1000 TCK;
SDR 16 TDI (BFEF);
RUNTEST 1000 TCK;
SDR 16 TDI (FFFF);
RUNTEST 1000 TCK;
SDR 16 TDI (FF7F);
RUNTEST 1000 TCK;
SDR 16 TDI (7D7F);
RUNTEST 1000 TCK;
SDR 16 TDI (FFFF);
RUNTEST 1000 TCK;
SDR 16 TDI (FFBD);
RUNTEST 1000 TCK;
SDR 16 TDI (FFF5);
RUNTEST 1000 TCK;
SDR 16 TDI (BFFA);
RUNTEST 1000 TCK;
SDR 16 TDI (FFFF);
RUNTEST 1000 TCK;
SDR 16 TDI (5FFF);
RUNTEST 1000 TCK;
SDR 16 TDI (FFFD);
RUNTEST 1000 TCK;
SDR 16 TDI (7FF7);
RUNTEST 1000 TCK;
SDR 16 TDI (FFFF);
RUNTEST 1000 TCK;
SDR 16 TDI (FFFF);
RUNTEST 1000 TCK;
SDR 16 TDI (FFFF);
RUNTEST 1000 TCK;
SDR 16 TDI (BFBF);
RUNTEST 1000 TCK;
SDR 16 TDI (FFFF);
RUNTEST 1000 TCK;
SDR 16 TDI (FFFF);
RUNTEST 1000 TCK;
SDR 16 TDI (FFFF);
RUNTEST 1000 TCK;
SDR 16 TDI (7FFF);
RUNTEST 1000 TCK;
SDR 16 TDI (FFFB);
RUNTEST 1000 TCK;
SDR 16 TDI (FFFD);
RUNTEST 1000 TCK;
SDR 16 TDI (DCBF);
RUNTEST 1000 TCK;
SDR 16 TDI (BFFE);
RUNTEST 1000 TCK;
SDR 16 TDI (F7B7);
RUNTEST 1000 TCK;
SDR 16 TDI (FEFF);
RUNTEST 1000 TCK;
SDR 16 TDI (FFFF);
RUNTEST 1000 TCK;
SDR 16 TDI (7FCF);
RUNTEST 1000 TCK;
SDR 16 TDI (DEAB);
RUNTEST 1000 TCK;
SDR 16 TDI (FFFF);
RUNTEST 1000 TCK;
SDR 16 TDI (B2BF);
RUNTEST 1000 TCK;
SDR 16 TDI (B2D7);
RUNTEST 1000 TCK;
SDR 16 TDI (FFFF);
RUNTEST 1000 TCK;
SDR 16 TDI (ECAB);
RUNTEST 1000 TCK;
SDR 16 TDI (FF6F);
RUNTEST 1000 TCK;
SDR 16 TDI (7FFF);
RUNTEST 1000 TCK;
SDR 16 TDI (FFFB);
RUNTEST 1000 TCK;
SDR 16 TDI (FFFF);
RUNTEST 1000 TCK;
SDR 16 TDI (FFFF);
RUNTEST 1000 TCK;
SDR 16 TDI (A55F);
RUNTEST 1000 TCK;
SDR 16 TDI (FFFF);
RUNTEST 1000 TCK;
SDR 16 TDI (FFFF);
RUNTEST 1000 TCK;
SDR 16 TDI (FFFF);
RUNTEST 1000 TCK;
SDR 16 TDI (7FFF);
RUNTEST 1000 TCK;
SDR 16 TDI (EFFF);
RUNTEST 1000 TCK;
SDR 16 TDI (FFFF);
RUNTEST 1000 TCK;
SDR 16 TDI (FFFF);
RUNTEST 1000 TCK;
SDR 16 TDI (B6F9);
RUNTEST 1000 TCK;
SDR 16 TDI (FF7F);
RUNTEST 1000 TCK;
SDR 16 TDI (FFFF);
RUNTEST 1000 TCK;
SDR 16 TDI (AFFF);
RUNTEST 1000 TCK;
SDR 16 TDI (7EFF);
RUNTEST 1000 TCK;
SDR 16 TDI (FFFB);
RUNTEST 1000 TCK;
SDR 16 TDI (FFDA);
RUNTEST 1000 TCK;
SDR 16 TDI (BF6F);
RUNTEST 1000 TCK;
SDR 16 TDI (BDEB);
RUNTEST 1000 TCK;
SDR 16 TDI (FFFA);
RUNTEST 1000 TCK;
SDR 16 TDI (FFFF);
RUNTEST 1000 TCK;
SDR 16 TDI (FFFF);
RUNTEST 1000 TCK;
SDR 16 TDI (7BFF);
RUNTEST 1000 TCK;
SDR 16 TDI (FFFD);
RUNTEST 1000 TCK;
SDR 16 TDI (FBBF);
RUNTEST 1000 TCK;
SDR 16 TDI (FFFF);
RUNTEST 1000 TCK;
SDR 16 TDI (AFFF);
RUNTEST 1000 TCK;
SDR 16 TDI (FFFF);
RUNTEST 1000 TCK;
SDR 16 TDI (FFFF);
RUNTEST 1000 TCK;
SDR 16 TDI (FFFF);
RUNTEST 1000 TCK;
SDR 16 TDI (7FBF);
RUNTEST 1000 TCK;
SDR 16 TDI (FFFD);
RUNTEST 1000 TCK;
SDR 16 TDI (FFFE);
RUNTEST 1000 TCK;
SDR 16 TDI (DFDF);
RUNTEST 1000 TCK;
SDR 16 TDI (BFEF);
RUNTEST 1000 TCK;
SDR 16 TDI (AEFF);
RUNTEST 1000 TCK;
SDR 16 TDI (FFFF);
RUNTEST 1000 TCK;
SDR 16 TDI (FFFF);
RUNTEST 1000 TCK;
SDR 16 TDI (77FE);
RUNTEST 1000 TCK;
SDR 16 TDI (AEBE);
RUNTEST 1000 TCK;
SDR 16 TDI (BFF7);
RUNTEST 1000 TCK;
SDR 16 TDI (FDFD);
RUNTEST 1000 TCK;
SDR 16 TDI (B7FF);
RUNTEST 1000 TCK;
SDR 16 TDI (EFF7);
RUNTEST 1000 TCK;
SDR 16 TDI (FFFF);
RUNTEST 1000 TCK;
SDR 16 TDI (FFFF);
RUNTEST 1000 TCK;
SDR 16 TDI (7FFF);
RUNTEST 1000 TCK;
SDR 16 TDI (FFFF);
RUNTEST 1000 TCK;
SDR 16 TDI (FFFF);
RUNTEST 1000 TCK;
SDR 16 TDI (FFFF);
RUNTEST 1000 TCK;
SDR 16 TDI (A55F);
RUNTEST 1000 TCK;
SDR 16 TDI (FFFF);
RUNTEST 1000 TCK;
SDR 16 TDI (FFFF);
RUNTEST 1000 TCK;
SDR 16 TDI (FFFF);
RUNTEST 1000 TCK;
SDR 16 TDI (7FFF);
RUNTEST 1000 TCK;
SDR 16 TDI (FFDF);
RUNTEST 1000 TCK;
SDR 16 TDI (FDFF);
RUNTEST 1000 TCK;
SDR 16 TDI (F776);
RUNTEST 1000 TCK;
SDR 16 TDI (BFFF);
RUNTEST 1000 TCK;
SDR 16 TDI (FFDF);
RUNTEST 1000 TCK;
SDR 16 TDI (BFFF);
RUNTEST 1000 TCK;
SDR 16 TDI (FFFF);
RUNTEST 1000 TCK;
SDR 16 TDI (7FFE);
RUNTEST 1000 TCK;
SDR 16 TDI (ECFF);
RUNTEST 1000 TCK;
SDR 16 TDI (7FF7);
RUNTEST 1000 TCK;
SDR 16 TDI (7FBD);
RUNTEST 1000 TCK;
SDR 16 TDI (BEFD);
RUNTEST 1000 TCK;
SDR 16 TDI (5FFF);
RUNTEST 1000 TCK;
SDR 16 TDI (D6F7);
RUNTEST 1000 TCK;
SDR 16 TDI (FFBF);
RUNTEST 1000 TCK;
SDR 16 TDI (7FFF);
RUNTEST 1000 TCK;
SDR 16 TDI (FFFB);
RUNTEST 1000 TCK;
SDR 16 TDI (FB9F);
RUNTEST 1000 TCK;
SDR 16 TDI (FFFF);
RUNTEST 1000 TCK;
SDR 16 TDI (AAAF);
RUNTEST 1000 TCK;
SDR 16 TDI (FFFF);
RUNTEST 1000 TCK;
SDR 16 TDI (FFFF);
RUNTEST 1000 TCK;
SDR 16 TDI (FFFF);
RUNTEST 1000 TCK;
SDR 16 TDI (7FFF);
RUNTEST 1000 TCK;
SDR 16 TDI (BFFF);
RUNTEST 1000 TCK;
SDR 16 TDI (FFDF);
RUNTEST 1000 TCK;
SDR 16 TDI (6FAD);
RUNTEST 1000 TCK;
SDR 16 TDI (AFF7);
RUNTEST 1000 TCK;
SDR 16 TDI (777B);
RUNTEST 1000 TCK;
SDR 16 TDI (FFBF);
RUNTEST 1000 TCK;
SDR 16 TDI (FFF7);
RUNTEST 1000 TCK;
SDR 16 TDI (7FFF);
RUNTEST 1000 TCK;
SDR 16 TDI (FFFF);
RUNTEST 1000 TCK;
SDR 16 TDI (F3BF);
RUNTEST 1000 TCK;
SDR 16 TDI (EFFF);
RUNTEST 1000 TCK;
SDR 16 TDI (BAFF);
RUNTEST 1000 TCK;
SDR 16 TDI (F77F);
RUNTEST 1000 TCK;
SDR 16 TDI (FDED);
RUNTEST 1000 TCK;
SDR 16 TDI (FFFF);
RUNTEST 1000 TCK;
SDR 16 TDI (7EBF);
RUNTEST 1000 TCK;
SDR 16 TDI (FFFF);
RUNTEST 1000 TCK;
SDR 16 TDI (F75F);
RUNTEST 1000 TCK;
SDR 16 TDI (FFFF);
RUNTEST 1000 TCK;
SDR 16 TDI (BFFF);
RUNTEST 1000 TCK;
SDR 16 TDI (FFFF);
RUNTEST 1000 TCK;
SDR 16 TDI (FFFF);
RUNTEST 1000 TCK;
SDR 16 TDI (FFFF);
RUNTEST 1000 TCK;
SDR 16 TDI (7FFF);
RUNTEST 1000 TCK;
SDR 16 TDI (FFFF);
RUNTEST 1000 TCK;
SDR 16 TDI (FFFD);
RUNTEST 1000 TCK;
SDR 16 TDI (BBFF);
RUNTEST 1000 TCK;
SDR 16 TDI (BFEF);
RUNTEST 1000 TCK;
SDR 16 TDI (FEFF);
RUNTEST 1000 TCK;
SDR 16 TDI (FFFF);
RUNTEST 1000 TCK;
SDR 16 TDI (F7FF);
RUNTEST 1000 TCK;
SDR 16 TDI (7FFF);
RUNTEST 1000 TCK;
SDR 16 TDI (FFB7);
RUNTEST 1000 TCK;
SDR 16 TDI (BFFF);
RUNTEST 1000 TCK;
SDR 16 TDI (FEEF);
RUNTEST 1000 TCK;
SDR 16 TDI (AFDF);
RUNTEST 1000 TCK;
SDR 16 TDI (FFED);
RUNTEST 1000 TCK;
SDR 16 TDI (F7FF);
RUNTEST 1000 TCK;
SDR 16 TDI (FFFF);
RUNTEST 1000 TCK;
SDR 16 TDI (7FFF);
RUNTEST 1000 TCK;
SDR 16 TDI (FFFD);
RUNTEST 1000 TCK;
SDR 16 TDI (FFFF);
RUNTEST 1000 TCK;
SDR 16 TDI (FFFF);
RUNTEST 1000 TCK;
SDR 16 TDI (BFFF);
RUNTEST 1000 TCK;
SDR 16 TDI (FFFF);
RUNTEST 1000 TCK;
SDR 16 TDI (FFFF);
RUNTEST 1000 TCK;
SDR 16 TDI (FFFF);
RUNTEST 1000 TCK;
SDR 16 TDI (7FFF);
RUNTEST 1000 TCK;
SDR 16 TDI (FBFF);
RUNTEST 1000 TCK;
SDR 16 TDI (FFFB);
RUNTEST 1000 TCK;
SDR 16 TDI (FDFD);
RUNTEST 1000 TCK;
SDR 16 TDI (BFFE);
RUNTEST 1000 TCK;
SDR 16 TDI (FBD7);
RUNTEST 1000 TCK;
SDR 16 TDI (FFFF);
RUNTEST 1000 TCK;
SDR 16 TDI (FFFF);
RUNTEST 1000 TCK;
SDR 16 TDI (7FEF);
RUNTEST 1000 TCK;
SDR 16 TDI (BBED);
RUNTEST 1000 TCK;
SDR 16 TDI (FFFB);
RUNTEST 1000 TCK;
SDR 16 TDI (ABBF);
RUNTEST 1000 TCK;
SDR 16 TDI (BFB7);
RUNTEST 1000 TCK;
SDR 16 TDI (DFFF);
RUNTEST 1000 TCK;
SDR 16 TDI (DBFD);
RUNTEST 1000 TCK;
SDR 16 TDI (FFFF);
RUNTEST 1000 TCK;
SDR 16 TDI (7FFF);
RUNTEST 1000 TCK;
SDR 16 TDI (FFF7);
RUNTEST 1000 TCK;
SDR 16 TDI (FFFF);
RUNTEST 1000 TCK;
SDR 16 TDI (FFFF);
RUNTEST 1000 TCK;
SDR 16 TDI (BFFF);
RUNTEST 1000 TCK;
SDR 16 TDI (FFFF);
RUNTEST 1000 TCK;
SDR 16 TDI (FFFF);
RUNTEST 1000 TCK;
SDR 16 TDI (FFFF);
RUNTEST 1000 TCK;
SDR 16 TDI (7FFF);
RUNTEST 1000 TCK;
SDR 16 TDI (EDFF);
RUNTEST 1000 TCK;
SDR 16 TDI (FFFD);
RUNTEST 1000 TCK;
SDR 16 TDI (37B9);
RUNTEST 1000 TCK;
SDR 16 TDI (BFD6);
RUNTEST 1000 TCK;
SDR 16 TDI (317F);
RUNTEST 1000 TCK;
SDR 16 TDI (7FBF);
RUNTEST 1000 TCK;
SDR 16 TDI (7FFF);
RUNTEST 1000 TCK;
SDR 16 TDI (7F7F);
RUNTEST 1000 TCK;
SDR 16 TDI (1377);
RUNTEST 1000 TCK;
SDR 16 TDI (BDEE);
RUNTEST 1000 TCK;
SDR 16 TDI (6F5F);
RUNTEST 1000 TCK;
SDR 16 TDI (B5D2);
RUNTEST 1000 TCK;
SDR 16 TDI (F7F5);
RUNTEST 1000 TCK;
SDR 16 TDI (9D7B);
RUNTEST 1000 TCK;
SDR 16 TDI (FFFF);
RUNTEST 1000 TCK;
SDR 16 TDI (77FF);
RUNTEST 1000 TCK;
SDR 16 TDI (FFFF);
RUNTEST 1000 TCK;
SDR 16 TDI (FFFF);
RUNTEST 1000 TCK;
SDR 16 TDI (FFFF);
RUNTEST 1000 TCK;
SDR 16 TDI (BBBF);
RUNTEST 1000 TCK;
SDR 16 TDI (FFFF);
RUNTEST 1000 TCK;
SDR 16 TDI (FFFF);
RUNTEST 1000 TCK;
SDR 16 TDI (FFFF);
RUNTEST 1000 TCK;
SDR 16 TDI (7FFF);
RUNTEST 1000 TCK;
SDR 16 TDI (FFFF);
RUNTEST 1000 TCK;
SDR 16 TDI (FFFF);
RUNTEST 1000 TCK;
SDR 16 TDI (FEDE);
RUNTEST 1000 TCK;
SDR 16 TDI (B5FD);
RUNTEST 1000 TCK;
SDR 16 TDI (EEC7);
RUNTEST 1000 TCK;
SDR 16 TDI (FFFF);
RUNTEST 1000 TCK;
SDR 16 TDI (FFF7);
RUNTEST 1000 TCK;
SDR 16 TDI (77FF);
RUNTEST 1000 TCK;
SDR 16 TDI (FFAB);
RUNTEST 1000 TCK;
SDR 16 TDI (5F9D);
RUNTEST 1000 TCK;
SDR 16 TDI (DCFE);
RUNTEST 1000 TCK;
SDR 16 TDI (AE3D);
RUNTEST 1000 TCK;
SDR 16 TDI (AFFF);
RUNTEST 1000 TCK;
SDR 16 TDI (67E7);
RUNTEST 1000 TCK;
SDR 16 TDI (FFFF);
RUNTEST 1000 TCK;
SDR 16 TDI (7FBF);
RUNTEST 1000 TCK;
SDR 16 TDI (FFFC);
RUNTEST 1000 TCK;
SDR 16 TDI (F67F);
RUNTEST 1000 TCK;
SDR 16 TDI (FFFF);
RUNTEST 1000 TCK;
SDR 16 TDI (BFFF);
RUNTEST 1000 TCK;
SDR 16 TDI (FFFF);
RUNTEST 1000 TCK;
SDR 16 TDI (FFFF);
RUNTEST 1000 TCK;
SDR 16 TDI (FFFF);
RUNTEST 1000 TCK;
SDR 16 TDI (7FBF);
RUNTEST 1000 TCK;
SDR 16 TDI (DFDD);
RUNTEST 1000 TCK;
SDR 16 TDI (FDBA);
RUNTEST 1000 TCK;
SDR 16 TDI (C9E7);
RUNTEST 1000 TCK;
SDR 16 TDI (AFEB);
RUNTEST 1000 TCK;
SDR 16 TDI (FFBB);
RUNTEST 1000 TCK;
SDR 16 TDI (FFFF);
RUNTEST 1000 TCK;
SDR 16 TDI (DBFF);
RUNTEST 1000 TCK;
SDR 16 TDI (7FEE);
RUNTEST 1000 TCK;
SDR 16 TDI (ECDC);
RUNTEST 1000 TCK;
SDR 16 TDI (F7F3);
RUNTEST 1000 TCK;
SDR 16 TDI (B3A5);
RUNTEST 1000 TCK;
SDR 16 TDI (BBEF);
RUNTEST 1000 TCK;
SDR 16 TDI (DF6B);
RUNTEST 1000 TCK;
SDR 16 TDI (FBFD);
RUNTEST 1000 TCK;
SDR 16 TDI (FFBF);
RUNTEST 1000 TCK;
SDR 16 TDI (7EFF);
RUNTEST 1000 TCK;
SDR 16 TDI (FFF3);
RUNTEST 1000 TCK;
SDR 16 TDI (FFFF);
RUNTEST 1000 TCK;
SDR 16 TDI (FFFF);
RUNTEST 1000 TCK;
SDR 16 TDI (A55F);
RUNTEST 1000 TCK;
SDR 16 TDI (FFFF);
RUNTEST 1000 TCK;
SDR 16 TDI (FEFF);
RUNTEST 1000 TCK;
SDR 16 TDI (FFFF);
RUNTEST 1000 TCK;
SDR 16 TDI (7E1F);
RUNTEST 1000 TCK;
SDR 16 TDI (9F00);
RUNTEST 1000 TCK;
SDR 16 TDI (781F);
RUNTEST 1000 TCK;
SDR 16 TDI (4CCE);
RUNTEST 1000 TCK;
SDR 16 TDI (BFAD);
RUNTEST 1000 TCK;
SDR 16 TDI (F6D8);
RUNTEST 1000 TCK;
SDR 16 TDI (3F3C);
RUNTEST 1000 TCK;
SDR 16 TDI (3EF3);
RUNTEST 1000 TCK;
SDR 16 TDI (6007);
RUNTEST 1000 TCK;
SDR 16 TDI (555D);
RUNTEST 1000 TCK;
SDR 16 TDI (BF2E);
RUNTEST 1000 TCK;
SDR 16 TDI (EBBE);
RUNTEST 1000 TCK;
SDR 16 TDI (B2E1);
RUNTEST 1000 TCK;
SDR 16 TDI (EFC8);
RUNTEST 1000 TCK;
SDR 16 TDI (060F);
RUNTEST 1000 TCK;
SDR 16 TDI (FE1E);
RUNTEST 1000 TCK;
SDR 16 TDI (63EF);
RUNTEST 1000 TCK;
SDR 16 TDI (FFFD);
RUNTEST 1000 TCK;
SDR 16 TDI (EB9F);
RUNTEST 1000 TCK;
SDR 16 TDI (FFFF);
RUNTEST 1000 TCK;
SDR 16 TDI (AFFF);
RUNTEST 1000 TCK;
SDR 16 TDI (FFFF);
RUNTEST 1000 TCK;
SDR 16 TDI (FDFF);
RUNTEST 1000 TCK;
SDR 16 TDI (FFFF);
RUNTEST 1000 TCK;
SDR 16 TDI (7E1F);
RUNTEST 1000 TCK;
SDR 16 TDI (9B80);
RUNTEST 1000 TCK;
SDR 16 TDI (781B);
RUNTEST 1000 TCK;
SDR 16 TDI (40C5);
RUNTEST 1000 TCK;
SDR 16 TDI (AFCD);
RUNTEST 1000 TCK;
SDR 16 TDI (A4C8);
RUNTEST 1000 TCK;
SDR 16 TDI (3F3C);
RUNTEST 1000 TCK;
SDR 16 TDI (37F3);
RUNTEST 1000 TCK;
SDR 16 TDI (6007);
RUNTEST 1000 TCK;
SDR 16 TDI (DDCD);
RUNTEST 1000 TCK;
SDR 16 TDI (5BBA);
RUNTEST 1000 TCK;
SDR 16 TDI (9B34);
RUNTEST 1000 TCK;
SDR 16 TDI (A065);
RUNTEST 1000 TCK;
SDR 16 TDI (06E6);
RUNTEST 1000 TCK;
SDR 16 TDI (A605);
RUNTEST 1000 TCK;
SDR 16 TDI (FE1E);
RUNTEST 1000 TCK;
SDR 16 TDI (637F);
RUNTEST 1000 TCK;
SDR 16 TDI (FFF3);
RUNTEST 1000 TCK;
SDR 16 TDI (FDDF);
RUNTEST 1000 TCK;
SDR 16 TDI (FFFF);
RUNTEST 1000 TCK;
SDR 16 TDI (B65F);
RUNTEST 1000 TCK;
SDR 16 TDI (FFFF);
RUNTEST 1000 TCK;
SDR 16 TDI (FFFF);
RUNTEST 1000 TCK;
SDR 16 TDI (FFFF);
RUNTEST 1000 TCK;
SDR 16 TDI (7E1F);
RUNTEST 1000 TCK;
SDR 16 TDI (8F80);
RUNTEST 1000 TCK;
SDR 16 TDI (781C);
RUNTEST 1000 TCK;
SDR 16 TDI (F5F7);
RUNTEST 1000 TCK;
SDR 16 TDI (A7D4);
RUNTEST 1000 TCK;
SDR 16 TDI (F16C);
RUNTEST 1000 TCK;
SDR 16 TDI (3F3C);
RUNTEST 1000 TCK;
SDR 16 TDI (1FF3);
RUNTEST 1000 TCK;
SDR 16 TDI (6007);
RUNTEST 1000 TCK;
SDR 16 TDI (3333);
RUNTEST 1000 TCK;
SDR 16 TDI (1FCA);
RUNTEST 1000 TCK;
SDR 16 TDI (ECCF);
RUNTEST 1000 TCK;
SDR 16 TDI (B6EF);
RUNTEST 1000 TCK;
SDR 16 TDI (F7F7);
RUNTEST 1000 TCK;
SDR 16 TDI (F613);
RUNTEST 1000 TCK;
SDR 16 TDI (FE1E);
RUNTEST 1000 TCK;
SDR 16 TDI (63FF);
RUNTEST 1000 TCK;
SDR 16 TDI (FFFD);
RUNTEST 1000 TCK;
SDR 16 TDI (EBBF);
RUNTEST 1000 TCK;
SDR 16 TDI (FFFF);
RUNTEST 1000 TCK;
SDR 16 TDI (BFFF);
RUNTEST 1000 TCK;
SDR 16 TDI (FFFF);
RUNTEST 1000 TCK;
SDR 16 TDI (FFFF);
RUNTEST 1000 TCK;
SDR 16 TDI (FFFF);
RUNTEST 1000 TCK;
SDR 16 TDI (7E1F);
RUNTEST 1000 TCK;
SDR 16 TDI (9F80);
RUNTEST 1000 TCK;
SDR 16 TDI (7818);
RUNTEST 1000 TCK;
SDR 16 TDI (E1E0);
RUNTEST 1000 TCK;
SDR 16 TDI (AFC4);
RUNTEST 1000 TCK;
SDR 16 TDI (904C);
RUNTEST 1000 TCK;
SDR 16 TDI (3F3C);
RUNTEST 1000 TCK;
SDR 16 TDI (3FF3);
RUNTEST 1000 TCK;
SDR 16 TDI (6006);
RUNTEST 1000 TCK;
SDR 16 TDI (8883);
RUNTEST 1000 TCK;
SDR 16 TDI (3F90);
RUNTEST 1000 TCK;
SDR 16 TDI (8447);
RUNTEST 1000 TCK;
SDR 16 TDI (B688);
RUNTEST 1000 TCK;
SDR 16 TDI (4FE7);
RUNTEST 1000 TCK;
SDR 16 TDI (9013);
RUNTEST 1000 TCK;
SDR 16 TDI (FE1E);
RUNTEST 1000 TCK;
SDR 16 TDI (63FF);
RUNTEST 1000 TCK;
SDR 16 TDI (FFF0);
RUNTEST 1000 TCK;
SDR 16 TDI (EFFF);
RUNTEST 1000 TCK;
SDR 16 TDI (FFFF);
RUNTEST 1000 TCK;
SDR 16 TDI (BFFF);
RUNTEST 1000 TCK;
SDR 16 TDI (3333);
RUNTEST 1000 TCK;
SDR 16 TDI (1F33);
RUNTEST 1000 TCK;
SDR 16 TDI (333C);
RUNTEST 1000 TCK;
SDR 16 TDI (79D9);
RUNTEST 1000 TCK;
SDR 16 TDI (9FB9);
RUNTEST 1000 TCK;
SDR 16 TDI (99BB);
RUNTEST 1000 TCK;
SDR 16 TDI (64E3);
RUNTEST 1000 TCK;
SDR 16 TDI (AFC9);
RUNTEST 1000 TCK;
SDR 16 TDI (B887);
RUNTEST 1000 TCK;
SDR 16 TDI (33B3);
RUNTEST 1000 TCK;
SDR 16 TDI (3F37);
RUNTEST 1000 TCK;
SDR 16 TDI (6EEE);
RUNTEST 1000 TCK;
SDR 16 TDI (CCC0);
RUNTEST 1000 TCK;
SDR 16 TDI (9FB3);
RUNTEST 1000 TCK;
SDR 16 TDI (0017);
RUNTEST 1000 TCK;
SDR 16 TDI (A666);
RUNTEST 1000 TCK;
SDR 16 TDI (F3E7);
RUNTEST 1000 TCK;
SDR 16 TDI (66E7);
RUNTEST 1000 TCK;
SDR 16 TDI (99D9);
RUNTEST 1000 TCK;
SDR 16 TDI (7BF3);
RUNTEST 1000 TCK;
SDR 16 TDI (3332);
RUNTEST 1000 TCK;
SDR 16 TDI (FFFF);
RUNTEST 1000 TCK;
SDR 16 TDI (FFFF);
RUNTEST 1000 TCK;
SDR 16 TDI (BFFF);
RUNTEST 1000 TCK;
SDR 16 TDI (7777);
RUNTEST 1000 TCK;
SDR 16 TDI (4ABB);
RUNTEST 1000 TCK;
SDR 16 TDI (BBBD);
RUNTEST 1000 TCK;
SDR 16 TDI (7B9B);
RUNTEST 1000 TCK;
SDR 16 TDI (9519);
RUNTEST 1000 TCK;
SDR 16 TDI (D99E);
RUNTEST 1000 TCK;
SDR 16 TDI (6EEE);
RUNTEST 1000 TCK;
SDR 16 TDI (AA8C);
RUNTEST 1000 TCK;
SDR 16 TDI (CCEF);
RUNTEST 1000 TCK;
SDR 16 TDI (3737);
RUNTEST 1000 TCK;
SDR 16 TDI (2AB3);
RUNTEST 1000 TCK;
SDR 16 TDI (6667);
RUNTEST 1000 TCK;
SDR 16 TDI (9999);
RUNTEST 1000 TCK;
SDR 16 TDI (1519);
RUNTEST 1000 TCK;
SDR 16 TDI (998F);
RUNTEST 1000 TCK;
SDR 16 TDI (AEEE);
RUNTEST 1000 TCK;
SDR 16 TDI (E557);
RUNTEST 1000 TCK;
SDR 16 TDI (7677);
RUNTEST 1000 TCK;
SDR 16 TDI (BB9B);
RUNTEST 1000 TCK;
SDR 16 TDI (72AB);
RUNTEST 1000 TCK;
SDR 16 TDI (BBB1);
RUNTEST 1000 TCK;
SDR 16 TDI (FFFF);
RUNTEST 1000 TCK;
SDR 16 TDI (FFFF);
RUNTEST 1000 TCK;
SDR 16 TDI (BFFF);
RUNTEST 1000 TCK;
SDR 16 TDI (FFFF);
RUNTEST 1000 TCK;
SDR 16 TDI (FEFF);
RUNTEST 1000 TCK;
SDR 16 TDI (FFFF);
RUNTEST 1000 TCK;
SDR 16 TDI (7EFF);
RUNTEST 1000 TCK;
SDR 16 TDI (FF77);
RUNTEST 1000 TCK;
SDR 16 TDI (7F7B);
RUNTEST 1000 TCK;
SDR 16 TDI (7FF3);
RUNTEST 1000 TCK;
SDR 16 TDI (AF99);
RUNTEST 1000 TCK;
SDR 16 TDI (9BBD);
RUNTEST 1000 TCK;
SDR 16 TDI (FFFD);
RUNTEST 1000 TCK;
SDR 16 TDI (FEFF);
RUNTEST 1000 TCK;
SDR 16 TDI (7DDE);
RUNTEST 1000 TCK;
SDR 16 TDI (CCCE);
RUNTEST 1000 TCK;
SDR 16 TDI (FF33);
RUNTEST 1000 TCK;
SDR 16 TDI (7777);
RUNTEST 1000 TCK;
SDR 16 TDI (B77F);
RUNTEST 1000 TCK;
SDR 16 TDI (7FCE);
RUNTEST 1000 TCK;
SDR 16 TDI (FFCF);
RUNTEST 1000 TCK;
SDR 16 TDI (FEFE);
RUNTEST 1000 TCK;
SDR 16 TDI (7FEF);
RUNTEST 1000 TCK;
SDR 16 TDI (FFFE);
RUNTEST 1000 TCK;
SDR 16 TDI (DFFF);
RUNTEST 1000 TCK;
SDR 16 TDI (FFFF);
RUNTEST 1000 TCK;
SDR 16 TDI (BFFF);
RUNTEST 1000 TCK;
SDR 16 TDI (FFFF);
RUNTEST 1000 TCK;
SDR 16 TDI (FFDF);
RUNTEST 1000 TCK;
SDR 16 TDI (FFFF);
RUNTEST 1000 TCK;
SDR 16 TDI (7FFF);
RUNTEST 1000 TCK;
SDR 16 TDI (BFBF);
RUNTEST 1000 TCK;
SDR 16 TDI (FFFF);
RUNTEST 1000 TCK;
SDR 16 TDI (FFBF);
RUNTEST 1000 TCK;
SDR 16 TDI (BFFD);
RUNTEST 1000 TCK;
SDR 16 TDI (DD7F);
RUNTEST 1000 TCK;
SDR 16 TDI (DFFF);
RUNTEST 1000 TCK;
SDR 16 TDI (FFFE);
RUNTEST 1000 TCK;
SDR 16 TDI (7FEF);
RUNTEST 1000 TCK;
SDR 16 TDI (CFFF);
RUNTEST 1000 TCK;
SDR 16 TDI (7FFF);
RUNTEST 1000 TCK;
SDR 16 TDI (DFCD);
RUNTEST 1000 TCK;
SDR 16 TDI (B6BF);
RUNTEST 1000 TCK;
SDR 16 TDI (FFFF);
RUNTEST 1000 TCK;
SDR 16 TDI (FB7F);
RUNTEST 1000 TCK;
SDR 16 TDI (FFFF);
RUNTEST 1000 TCK;
SDR 16 TDI (7FF7);
RUNTEST 1000 TCK;
SDR 16 TDI (FFFF);
RUNTEST 1000 TCK;
SDR 16 TDI (FFFF);
RUNTEST 1000 TCK;
SDR 16 TDI (FFFF);
RUNTEST 1000 TCK;
SDR 16 TDI (BFFF);
RUNTEST 1000 TCK;
SDR 16 TDI (FFFF);
RUNTEST 1000 TCK;
SDR 16 TDI (FFFF);
RUNTEST 1000 TCK;
SDR 16 TDI (FFED);
RUNTEST 1000 TCK;
SDR 16 TDI (7FFF);
RUNTEST 1000 TCK;
SDR 16 TDI (FFFF);
RUNTEST 1000 TCK;
SDR 16 TDI (DFF7);
RUNTEST 1000 TCK;
SDR 16 TDI (EDF4);
RUNTEST 1000 TCK;
SDR 16 TDI (BFF7);
RUNTEST 1000 TCK;
SDR 16 TDI (7BFA);
RUNTEST 1000 TCK;
SDR 16 TDI (FEFE);
RUNTEST 1000 TCK;
SDR 16 TDI (FFFB);
RUNTEST 1000 TCK;
SDR 16 TDI (7F7D);
RUNTEST 1000 TCK;
SDR 16 TDI (FBFB);
RUNTEST 1000 TCK;
SDR 16 TDI (FFD5);
RUNTEST 1000 TCK;
SDR 16 TDI (F5FF);
RUNTEST 1000 TCK;
SDR 16 TDI (BFFF);
RUNTEST 1000 TCK;
SDR 16 TDI (EFF5);
RUNTEST 1000 TCK;
SDR 16 TDI (6FD2);
RUNTEST 1000 TCK;
SDR 16 TDI (FFFF);
RUNTEST 1000 TCK;
SDR 16 TDI (7FFF);
RUNTEST 1000 TCK;
SDR 16 TDI (FFFB);
RUNTEST 1000 TCK;
SDR 16 TDI (FFFF);
RUNTEST 1000 TCK;
SDR 16 TDI (FFFF);
RUNTEST 1000 TCK;
SDR 16 TDI (BFFF);
RUNTEST 1000 TCK;
SDR 16 TDI (FFFF);
RUNTEST 1000 TCK;
SDR 16 TDI (FFDF);
RUNTEST 1000 TCK;
SDR 16 TDI (FFDD);
RUNTEST 1000 TCK;
SDR 16 TDI (7FFF);
RUNTEST 1000 TCK;
SDR 16 TDI (FFFF);
RUNTEST 1000 TCK;
SDR 16 TDI (FFF7);
RUNTEST 1000 TCK;
SDR 16 TDI (EFDF);
RUNTEST 1000 TCK;
SDR 16 TDI (BFFF);
RUNTEST 1000 TCK;
SDR 16 TDI (F7FB);
RUNTEST 1000 TCK;
SDR 16 TDI (EFFF);
RUNTEST 1000 TCK;
SDR 16 TDI (FFF9);
RUNTEST 1000 TCK;
SDR 16 TDI (7F6F);
RUNTEST 1000 TCK;
SDR 16 TDI (B5FB);
RUNTEST 1000 TCK;
SDR 16 TDI (7FD7);
RUNTEST 1000 TCK;
SDR 16 TDI (BFDE);
RUNTEST 1000 TCK;
SDR 16 TDI (B73F);
RUNTEST 1000 TCK;
SDR 16 TDI (FFFD);
RUNTEST 1000 TCK;
SDR 16 TDI (FDFE);
RUNTEST 1000 TCK;
SDR 16 TDI (FFFF);
RUNTEST 1000 TCK;
SDR 16 TDI (7FFB);
RUNTEST 1000 TCK;
SDR 16 TDI (FFFF);
RUNTEST 1000 TCK;
SDR 16 TDI (FFDF);
RUNTEST 1000 TCK;
SDR 16 TDI (FFFF);
RUNTEST 1000 TCK;
SDR 16 TDI (BFFF);
RUNTEST 1000 TCK;
SDR 16 TDI (FFFF);
RUNTEST 1000 TCK;
SDR 16 TDI (FFFF);
RUNTEST 1000 TCK;
SDR 16 TDI (FFFF);
RUNTEST 1000 TCK;
SDR 16 TDI (7FFF);
RUNTEST 1000 TCK;
SDR 16 TDI (BFDF);
RUNTEST 1000 TCK;
SDR 16 TDI (DFFF);
RUNTEST 1000 TCK;
SDR 16 TDI (FFFF);
RUNTEST 1000 TCK;
SDR 16 TDI (AFFE);
RUNTEST 1000 TCK;
SDR 16 TDI (DDBF);
RUNTEST 1000 TCK;
SDR 16 TDI (FFFF);
RUNTEST 1000 TCK;
SDR 16 TDI (FFFF);
RUNTEST 1000 TCK;
SDR 16 TDI (7FFD);
RUNTEST 1000 TCK;
SDR 16 TDI (FFFF);
RUNTEST 1000 TCK;
SDR 16 TDI (FFFD);
RUNTEST 1000 TCK;
SDR 16 TDI (F5F7);
RUNTEST 1000 TCK;
SDR 16 TDI (BFFF);
RUNTEST 1000 TCK;
SDR 16 TDI (F7F7);
RUNTEST 1000 TCK;
SDR 16 TDI (7ECF);
RUNTEST 1000 TCK;
SDR 16 TDI (FFFF);
RUNTEST 1000 TCK;
SDR 16 TDI (7FFF);
RUNTEST 1000 TCK;
SDR 16 TDI (FFF7);
RUNTEST 1000 TCK;
SDR 16 TDI (FFDF);
RUNTEST 1000 TCK;
SDR 16 TDI (FFFF);
RUNTEST 1000 TCK;
SDR 16 TDI (BFFF);
RUNTEST 1000 TCK;
SDR 16 TDI (FFFF);
RUNTEST 1000 TCK;
SDR 16 TDI (FFFF);
RUNTEST 1000 TCK;
SDR 16 TDI (FFDF);
RUNTEST 1000 TCK;
SDR 16 TDI (7F7F);
RUNTEST 1000 TCK;
SDR 16 TDI (FFFF);
RUNTEST 1000 TCK;
SDR 16 TDI (FFFF);
RUNTEST 1000 TCK;
SDR 16 TDI (FEFF);
RUNTEST 1000 TCK;
SDR 16 TDI (BFDD);
RUNTEST 1000 TCK;
SDR 16 TDI (FDFF);
RUNTEST 1000 TCK;
SDR 16 TDI (FFFF);
RUNTEST 1000 TCK;
SDR 16 TDI (FFFE);
RUNTEST 1000 TCK;
SDR 16 TDI (7EF7);
RUNTEST 1000 TCK;
SDR 16 TDI (BF7F);
RUNTEST 1000 TCK;
SDR 16 TDI (DFDF);
RUNTEST 1000 TCK;
SDR 16 TDI (FFAF);
RUNTEST 1000 TCK;
SDR 16 TDI (B7FF);
RUNTEST 1000 TCK;
SDR 16 TDI (EFF3);
RUNTEST 1000 TCK;
SDR 16 TDI (FBCF);
RUNTEST 1000 TCK;
SDR 16 TDI (F3FF);
RUNTEST 1000 TCK;
SDR 16 TDI (7FFF);
RUNTEST 1000 TCK;
SDR 16 TDI (BFFD);
RUNTEST 1000 TCK;
SDR 16 TDI (FFFF);
RUNTEST 1000 TCK;
SDR 16 TDI (FFFF);
RUNTEST 1000 TCK;
SDR 16 TDI (BFFF);
RUNTEST 1000 TCK;
SDR 16 TDI (FEFB);
RUNTEST 1000 TCK;
SDR 16 TDI (FFDF);
RUNTEST 1000 TCK;
SDR 16 TDI (FFF9);
RUNTEST 1000 TCK;
SDR 16 TDI (7FF7);
RUNTEST 1000 TCK;
SDR 16 TDI (FFFF);
RUNTEST 1000 TCK;
SDR 16 TDI (FFFE);
RUNTEST 1000 TCK;
SDR 16 TDI (F5AF);
RUNTEST 1000 TCK;
SDR 16 TDI (BFF7);
RUNTEST 1000 TCK;
SDR 16 TDI (EFFD);
RUNTEST 1000 TCK;
SDR 16 TDI (EBFF);
RUNTEST 1000 TCK;
SDR 16 TDI (FFFF);
RUNTEST 1000 TCK;
SDR 16 TDI (7DBE);
RUNTEST 1000 TCK;
SDR 16 TDI (FBFF);
RUNTEST 1000 TCK;
SDR 16 TDI (FFFF);
RUNTEST 1000 TCK;
SDR 16 TDI (FFF9);
RUNTEST 1000 TCK;
SDR 16 TDI (BEDF);
RUNTEST 1000 TCK;
SDR 16 TDI (BFFF);
RUNTEST 1000 TCK;
SDR 16 TDI (FFFF);
RUNTEST 1000 TCK;
SDR 16 TDI (FFDE);
RUNTEST 1000 TCK;
SDR 16 TDI (7FFF);
RUNTEST 1000 TCK;
SDR 16 TDI (EEBB);
RUNTEST 1000 TCK;
SDR 16 TDI (FFFF);
RUNTEST 1000 TCK;
SDR 16 TDI (FFFF);
RUNTEST 1000 TCK;
SDR 16 TDI (BFFF);
RUNTEST 1000 TCK;
SDR 16 TDI (FFF7);
RUNTEST 1000 TCK;
SDR 16 TDI (FFFF);
RUNTEST 1000 TCK;
SDR 16 TDI (FFE7);
RUNTEST 1000 TCK;
SDR 16 TDI (7EFF);
RUNTEST 1000 TCK;
SDR 16 TDI (FFFF);
RUNTEST 1000 TCK;
SDR 16 TDI (FEFE);
RUNTEST 1000 TCK;
SDR 16 TDI (FFFF);
RUNTEST 1000 TCK;
SDR 16 TDI (BFFE);
RUNTEST 1000 TCK;
SDR 16 TDI (7F7F);
RUNTEST 1000 TCK;
SDR 16 TDI (BFAF);
RUNTEST 1000 TCK;
SDR 16 TDI (FFDE);
RUNTEST 1000 TCK;
SDR 16 TDI (6DF7);
RUNTEST 1000 TCK;
SDR 16 TDI (BBF5);
RUNTEST 1000 TCK;
SDR 16 TDI (BFEF);
RUNTEST 1000 TCK;
SDR 16 TDI (BAD3);
RUNTEST 1000 TCK;
SDR 16 TDI (BFFF);
RUNTEST 1000 TCK;
SDR 16 TDI (BFFD);
RUNTEST 1000 TCK;
SDR 16 TDI (FEDF);
RUNTEST 1000 TCK;
SDR 16 TDI (FFFF);
RUNTEST 1000 TCK;
SDR 16 TDI (7FFF);
RUNTEST 1000 TCK;
SDR 16 TDI (EFFF);
RUNTEST 1000 TCK;
SDR 16 TDI (FFFF);
RUNTEST 1000 TCK;
SDR 16 TDI (FFFF);
RUNTEST 1000 TCK;
SDR 16 TDI (BFFF);
RUNTEST 1000 TCK;
SDR 16 TDI (FEFF);
RUNTEST 1000 TCK;
SDR 16 TDI (FFEF);
RUNTEST 1000 TCK;
SDR 16 TDI (FFFE);
RUNTEST 1000 TCK;
SDR 16 TDI (7FEF);
RUNTEST 1000 TCK;
SDR 16 TDI (FFFF);
RUNTEST 1000 TCK;
SDR 16 TDI (FFFF);
RUNTEST 1000 TCK;
SDR 16 TDI (F34F);
RUNTEST 1000 TCK;
SDR 16 TDI (BFDB);
RUNTEST 1000 TCK;
SDR 16 TDI (DDFE);
RUNTEST 1000 TCK;
SDR 16 TDI (D7FF);
RUNTEST 1000 TCK;
SDR 16 TDI (FFFF);
RUNTEST 1000 TCK;
SDR 16 TDI (7EDF);
RUNTEST 1000 TCK;
SDR 16 TDI (7EFF);
RUNTEST 1000 TCK;
SDR 16 TDI (FFBF);
RUNTEST 1000 TCK;
SDR 16 TDI (FFFE);
RUNTEST 1000 TCK;
SDR 16 TDI (B6BF);
RUNTEST 1000 TCK;
SDR 16 TDI (F7EF);
RUNTEST 1000 TCK;
SDR 16 TDI (FDEF);
RUNTEST 1000 TCK;
SDR 16 TDI (EBDF);
RUNTEST 1000 TCK;
SDR 16 TDI (6FFF);
RUNTEST 1000 TCK;
SDR 16 TDI (7D79);
RUNTEST 1000 TCK;
SDR 16 TDI (FFFF);
RUNTEST 1000 TCK;
SDR 16 TDI (FFFF);
RUNTEST 1000 TCK;
SDR 16 TDI (BFFF);
RUNTEST 1000 TCK;
SDR 16 TDI (FFFF);
RUNTEST 1000 TCK;
SDR 16 TDI (FFFF);
RUNTEST 1000 TCK;
SDR 16 TDI (FFFB);
RUNTEST 1000 TCK;
SDR 16 TDI (7D6F);
RUNTEST 1000 TCK;
SDR 16 TDI (FFFF);
RUNTEST 1000 TCK;
SDR 16 TDI (7FBE);
RUNTEST 1000 TCK;
SDR 16 TDI (BFFF);
RUNTEST 1000 TCK;
SDR 16 TDI (BFFD);
RUNTEST 1000 TCK;
SDR 16 TDI (EEFF);
RUNTEST 1000 TCK;
SDR 16 TDI (7EFF);
RUNTEST 1000 TCK;
SDR 16 TDI (FFFF);
RUNTEST 1000 TCK;
SDR 16 TDI (7BBF);
RUNTEST 1000 TCK;
SDR 16 TDI (FFDF);
RUNTEST 1000 TCK;
SDR 16 TDI (FFFF);
RUNTEST 1000 TCK;
SDR 16 TDI (FFDB);
RUNTEST 1000 TCK;
SDR 16 TDI (BEB7);
RUNTEST 1000 TCK;
SDR 16 TDI (7FFF);
RUNTEST 1000 TCK;
SDR 16 TDI (F6CB);
RUNTEST 1000 TCK;
SDR 16 TDI (D7B3);
RUNTEST 1000 TCK;
SDR 16 TDI (7FFF);
RUNTEST 1000 TCK;
SDR 16 TDI (FEED);
RUNTEST 1000 TCK;
SDR 16 TDI (FFFF);
RUNTEST 1000 TCK;
SDR 16 TDI (FFFF);
RUNTEST 1000 TCK;
SDR 16 TDI (BFFF);
RUNTEST 1000 TCK;
SDR 16 TDI (FFFF);
RUNTEST 1000 TCK;
SDR 16 TDI (FFFF);
RUNTEST 1000 TCK;
SDR 16 TDI (FFFF);
RUNTEST 1000 TCK;
SDR 16 TDI (7FDF);
RUNTEST 1000 TCK;
SDR 16 TDI (FFBB);
RUNTEST 1000 TCK;
SDR 16 TDI (AD77);
RUNTEST 1000 TCK;
SDR 16 TDI (FFFF);
RUNTEST 1000 TCK;
SDR 16 TDI (BFDF);
RUNTEST 1000 TCK;
SDR 16 TDI (FFDF);
RUNTEST 1000 TCK;
SDR 16 TDI (FFEF);
RUNTEST 1000 TCK;
SDR 16 TDI (FF7F);
RUNTEST 1000 TCK;
SDR 16 TDI (7FFD);
RUNTEST 1000 TCK;
SDR 16 TDI (FDFF);
RUNTEST 1000 TCK;
SDR 16 TDI (FFBB);
RUNTEST 1000 TCK;
SDR 16 TDI (7DFE);
RUNTEST 1000 TCK;
SDR 16 TDI (BDFD);
RUNTEST 1000 TCK;
SDR 16 TDI (FFEF);
RUNTEST 1000 TCK;
SDR 16 TDI (7DFF);
RUNTEST 1000 TCK;
SDR 16 TDI (7AFF);
RUNTEST 1000 TCK;
SDR 16 TDI (7FF7);
RUNTEST 1000 TCK;
SDR 16 TDI (7FBB);
RUNTEST 1000 TCK;
SDR 16 TDI (FFFF);
RUNTEST 1000 TCK;
SDR 16 TDI (FFFF);
RUNTEST 1000 TCK;
SDR 16 TDI (BFFF);
RUNTEST 1000 TCK;
SDR 16 TDI (FFFF);
RUNTEST 1000 TCK;
SDR 16 TDI (FFFF);
RUNTEST 1000 TCK;
SDR 16 TDI (FFF7);
RUNTEST 1000 TCK;
SDR 16 TDI (7BBD);
RUNTEST 1000 TCK;
SDR 16 TDI (FFBD);
RUNTEST 1000 TCK;
SDR 16 TDI (5FF6);
RUNTEST 1000 TCK;
SDR 16 TDI (FDFF);
RUNTEST 1000 TCK;
SDR 16 TDI (BFDE);
RUNTEST 1000 TCK;
SDR 16 TDI (FEFF);
RUNTEST 1000 TCK;
SDR 16 TDI (FFFF);
RUNTEST 1000 TCK;
SDR 16 TDI (FF7F);
RUNTEST 1000 TCK;
SDR 16 TDI (7FDF);
RUNTEST 1000 TCK;
SDR 16 TDI (FFBF);
RUNTEST 1000 TCK;
SDR 16 TDI (FFBD);
RUNTEST 1000 TCK;
SDR 16 TDI (FFFF);
RUNTEST 1000 TCK;
SDR 16 TDI (BFFF);
RUNTEST 1000 TCK;
SDR 16 TDI (FFEF);
RUNTEST 1000 TCK;
SDR 16 TDI (77F7);
RUNTEST 1000 TCK;
SDR 16 TDI (BFEF);
RUNTEST 1000 TCK;
SDR 16 TDI (7FFF);
RUNTEST 1000 TCK;
SDR 16 TDI (BFEE);
RUNTEST 1000 TCK;
SDR 16 TDI (FFFF);
RUNTEST 1000 TCK;
SDR 16 TDI (FFFF);
RUNTEST 1000 TCK;
SDR 16 TDI (BFFF);
RUNTEST 1000 TCK;
SDR 16 TDI (FFFF);
RUNTEST 1000 TCK;
SDR 16 TDI (FFFF);
RUNTEST 1000 TCK;
SDR 16 TDI (FFFF);
RUNTEST 1000 TCK;
SDR 16 TDI (7EEF);
RUNTEST 1000 TCK;
SDR 16 TDI (FFFF);
RUNTEST 1000 TCK;
SDR 16 TDI (ECBF);
RUNTEST 1000 TCK;
SDR 16 TDI (DFFF);
RUNTEST 1000 TCK;
SDR 16 TDI (BFFF);
RUNTEST 1000 TCK;
SDR 16 TDI (DFDF);
RUNTEST 1000 TCK;
SDR 16 TDI (BDEF);
RUNTEST 1000 TCK;
SDR 16 TDI (FFFF);
RUNTEST 1000 TCK;
SDR 16 TDI (7DFB);
RUNTEST 1000 TCK;
SDR 16 TDI (FDFF);
RUNTEST 1000 TCK;
SDR 16 TDI (FFFF);
RUNTEST 1000 TCK;
SDR 16 TDI (7BDE);
RUNTEST 1000 TCK;
SDR 16 TDI (BB2C);
RUNTEST 1000 TCK;
SDR 16 TDI (FFFF);
RUNTEST 1000 TCK;
SDR 16 TDI (FABD);
RUNTEST 1000 TCK;
SDR 16 TDI (6B3D);
RUNTEST 1000 TCK;
SDR 16 TDI (7FFF);
RUNTEST 1000 TCK;
SDR 16 TDI (FE7B);
RUNTEST 1000 TCK;
SDR 16 TDI (FFFF);
RUNTEST 1000 TCK;
SDR 16 TDI (FFFF);
RUNTEST 1000 TCK;
SDR 16 TDI (B77F);
RUNTEST 1000 TCK;
SDR 16 TDI (FFFF);
RUNTEST 1000 TCK;
SDR 16 TDI (FFFF);
RUNTEST 1000 TCK;
SDR 16 TDI (FFFD);
RUNTEST 1000 TCK;
SDR 16 TDI (7FF7);
RUNTEST 1000 TCK;
SDR 16 TDI (BBBF);
RUNTEST 1000 TCK;
SDR 16 TDI (FBCE);
RUNTEST 1000 TCK;
SDR 16 TDI (FFFF);
RUNTEST 1000 TCK;
SDR 16 TDI (BBFF);
RUNTEST 1000 TCK;
SDR 16 TDI (EFFF);
RUNTEST 1000 TCK;
SDR 16 TDI (FFBF);
RUNTEST 1000 TCK;
SDR 16 TDI (BFBF);
RUNTEST 1000 TCK;
SDR 16 TDI (7EFF);
RUNTEST 1000 TCK;
SDR 16 TDI (BFFF);
RUNTEST 1000 TCK;
SDR 16 TDI (FFCF);
RUNTEST 1000 TCK;
SDR 16 TDI (DFFF);
RUNTEST 1000 TCK;
SDR 16 TDI (AF77);
RUNTEST 1000 TCK;
SDR 16 TDI (CFFB);
RUNTEST 1000 TCK;
SDR 16 TDI (F7D7);
RUNTEST 1000 TCK;
SDR 16 TDI (D7FB);
RUNTEST 1000 TCK;
SDR 16 TDI (7FF7);
RUNTEST 1000 TCK;
SDR 16 TDI (FFFE);
RUNTEST 1000 TCK;
SDR 16 TDI (EA9F);
RUNTEST 1000 TCK;
SDR 16 TDI (FFFF);
RUNTEST 1000 TCK;
SDR 16 TDI (BFFF);
RUNTEST 1000 TCK;
SDR 16 TDI (FFFF);
RUNTEST 1000 TCK;
SDR 16 TDI (FFFF);
RUNTEST 1000 TCK;
SDR 16 TDI (FFFB);
RUNTEST 1000 TCK;
SDR 16 TDI (6ABC);
RUNTEST 1000 TCK;
SDR 16 TDI (FFF7);
RUNTEST 1000 TCK;
SDR 16 TDI (7FFF);
RUNTEST 1000 TCK;
SDR 16 TDI (FEEE);
RUNTEST 1000 TCK;
SDR 16 TDI (BFFE);
RUNTEST 1000 TCK;
SDR 16 TDI (FAEF);
RUNTEST 1000 TCK;
SDR 16 TDI (7FF7);
RUNTEST 1000 TCK;
SDR 16 TDI (FFFF);
RUNTEST 1000 TCK;
SDR 16 TDI (7FFF);
RUNTEST 1000 TCK;
SDR 16 TDI (FFFF);
RUNTEST 1000 TCK;
SDR 16 TDI (FFFD);
RUNTEST 1000 TCK;
SDR 16 TDI (FFFE);
RUNTEST 1000 TCK;
SDR 16 TDI (BBFE);
RUNTEST 1000 TCK;
SDR 16 TDI (FFF7);
RUNTEST 1000 TCK;
SDR 16 TDI (7FFF);
RUNTEST 1000 TCK;
SDR 16 TDI (FEB7);
RUNTEST 1000 TCK;
SDR 16 TDI (77FF);
RUNTEST 1000 TCK;
SDR 16 TDI (FF7F);
RUNTEST 1000 TCK;
SDR 16 TDI (FFDF);
RUNTEST 1000 TCK;
SDR 16 TDI (FFFF);
RUNTEST 1000 TCK;
SDR 16 TDI (A77F);
RUNTEST 1000 TCK;
SDR 16 TDI (FFFF);
RUNTEST 1000 TCK;
SDR 16 TDI (FFFF);
RUNTEST 1000 TCK;
SDR 16 TDI (FFFB);
RUNTEST 1000 TCK;
SDR 16 TDI (7FFF);
RUNTEST 1000 TCK;
SDR 16 TDI (FFFD);
RUNTEST 1000 TCK;
SDR 16 TDI (AFFF);
RUNTEST 1000 TCK;
SDR 16 TDI (F7FF);
RUNTEST 1000 TCK;
SDR 16 TDI (BDDF);
RUNTEST 1000 TCK;
SDR 16 TDI (FFFF);
RUNTEST 1000 TCK;
SDR 16 TDI (FFFF);
RUNTEST 1000 TCK;
SDR 16 TDI (FFFF);
RUNTEST 1000 TCK;
SDR 16 TDI (77FF);
RUNTEST 1000 TCK;
SDR 16 TDI (FFBF);
RUNTEST 1000 TCK;
SDR 16 TDI (F7FF);
RUNTEST 1000 TCK;
SDR 16 TDI (FFFE);
RUNTEST 1000 TCK;
SDR 16 TDI (BBDD);
RUNTEST 1000 TCK;
SDR 16 TDI (FFFF);
RUNTEST 1000 TCK;
SDR 16 TDI (FEDE);
RUNTEST 1000 TCK;
SDR 16 TDI (FBFE);
RUNTEST 1000 TCK;
SDR 16 TDI (7F7D);
RUNTEST 1000 TCK;
SDR 16 TDI (B9F9);
RUNTEST 1000 TCK;
SDR 16 TDI (EA9F);
RUNTEST 1000 TCK;
SDR 16 TDI (FFFF);
RUNTEST 1000 TCK;
SDR 16 TDI (ABBF);
RUNTEST 1000 TCK;
SDR 16 TDI (FFFF);
RUNTEST 1000 TCK;
SDR 16 TDI (FFFF);
RUNTEST 1000 TCK;
SDR 16 TDI (FFFF);
RUNTEST 1000 TCK;
SDR 16 TDI (7EFB);
RUNTEST 1000 TCK;
SDR 16 TDI (CFEF);
RUNTEST 1000 TCK;
SDR 16 TDI (FFFF);
RUNTEST 1000 TCK;
SDR 16 TDI (FDDD);
RUNTEST 1000 TCK;
SDR 16 TDI (BFFF);
RUNTEST 1000 TCK;
SDR 16 TDI (7F77);
RUNTEST 1000 TCK;
SDR 16 TDI (FFFF);
RUNTEST 1000 TCK;
SDR 16 TDI (FFFF);
RUNTEST 1000 TCK;
SDR 16 TDI (7FF7);
RUNTEST 1000 TCK;
SDR 16 TDI (FFFF);
RUNTEST 1000 TCK;
SDR 16 TDI (FDF5);
RUNTEST 1000 TCK;
SDR 16 TDI (7FFF);
RUNTEST 1000 TCK;
SDR 16 TDI (BFFF);
RUNTEST 1000 TCK;
SDR 16 TDI (7AFE);
RUNTEST 1000 TCK;
SDR 16 TDI (FFFD);
RUNTEST 1000 TCK;
SDR 16 TDI (AEEF);
RUNTEST 1000 TCK;
SDR 16 TDI (7FF7);
RUNTEST 1000 TCK;
SDR 16 TDI (6BE7);
RUNTEST 1000 TCK;
SDR 16 TDI (D55F);
RUNTEST 1000 TCK;
SDR 16 TDI (FFFF);
RUNTEST 1000 TCK;
SDR 16 TDI (BFFF);
RUNTEST 1000 TCK;
SDR 16 TDI (FFFF);
RUNTEST 1000 TCK;
SDR 16 TDI (FFFF);
RUNTEST 1000 TCK;
SDR 16 TDI (FFFE);
RUNTEST 1000 TCK;
SDR 16 TDI (6FF6);
RUNTEST 1000 TCK;
SDR 16 TDI (FFFD);
RUNTEST 1000 TCK;
SDR 16 TDI (3EF7);
RUNTEST 1000 TCK;
SDR 16 TDI (B6EE);
RUNTEST 1000 TCK;
SDR 16 TDI (BFDA);
RUNTEST 1000 TCK;
SDR 16 TDI (FAEF);
RUNTEST 1000 TCK;
SDR 16 TDI (FFFF);
RUNTEST 1000 TCK;
SDR 16 TDI (DFFF);
RUNTEST 1000 TCK;
SDR 16 TDI (7FFF);
RUNTEST 1000 TCK;
SDR 16 TDI (FFFF);
RUNTEST 1000 TCK;
SDR 16 TDI (FFFF);
RUNTEST 1000 TCK;
SDR 16 TDI (FDDF);
RUNTEST 1000 TCK;
SDR 16 TDI (BFFF);
RUNTEST 1000 TCK;
SDR 16 TDI (BFFD);
RUNTEST 1000 TCK;
SDR 16 TDI (DAEF);
RUNTEST 1000 TCK;
SDR 16 TDI (FBFF);
RUNTEST 1000 TCK;
SDR 16 TDI (7BFF);
RUNTEST 1000 TCK;
SDR 16 TDI (FF7F);
RUNTEST 1000 TCK;
SDR 16 TDI (FFFF);
RUNTEST 1000 TCK;
SDR 16 TDI (FFFF);
RUNTEST 1000 TCK;
SDR 16 TDI (BFFF);
RUNTEST 1000 TCK;
SDR 16 TDI (FFFF);
RUNTEST 1000 TCK;
SDR 16 TDI (FFFF);
RUNTEST 1000 TCK;
SDR 16 TDI (FFFF);
RUNTEST 1000 TCK;
SDR 16 TDI (7BFF);
RUNTEST 1000 TCK;
SDR 16 TDI (FFBF);
RUNTEST 1000 TCK;
SDR 16 TDI (EAFF);
RUNTEST 1000 TCK;
SDR 16 TDI (FDDD);
RUNTEST 1000 TCK;
SDR 16 TDI (BFFF);
RUNTEST 1000 TCK;
SDR 16 TDI (6F77);
RUNTEST 1000 TCK;
SDR 16 TDI (FFFF);
RUNTEST 1000 TCK;
SDR 16 TDI (F7FF);
RUNTEST 1000 TCK;
SDR 16 TDI (7FFF);
RUNTEST 1000 TCK;
SDR 16 TDI (FFFD);
RUNTEST 1000 TCK;
SDR 16 TDI (FFFF);
RUNTEST 1000 TCK;
SDR 16 TDI (7FFF);
RUNTEST 1000 TCK;
SDR 16 TDI (AF3D);
RUNTEST 1000 TCK;
SDR 16 TDI (F7EF);
RUNTEST 1000 TCK;
SDR 16 TDI (BBFA);
RUNTEST 1000 TCK;
SDR 16 TDI (FFFA);
RUNTEST 1000 TCK;
SDR 16 TDI (7FFE);
RUNTEST 1000 TCK;
SDR 16 TDI (DDDF);
RUNTEST 1000 TCK;
SDR 16 TDI (FFFF);
RUNTEST 1000 TCK;
SDR 16 TDI (FFFF);
RUNTEST 1000 TCK;
SDR 16 TDI (BFFF);
RUNTEST 1000 TCK;
SDR 16 TDI (FFFF);
RUNTEST 1000 TCK;
SDR 16 TDI (FFFF);
RUNTEST 1000 TCK;
SDR 16 TDI (FFFF);
RUNTEST 1000 TCK;
SDR 16 TDI (73B7);
RUNTEST 1000 TCK;
SDR 16 TDI (73DF);
RUNTEST 1000 TCK;
SDR 16 TDI (9FEF);
RUNTEST 1000 TCK;
SDR 16 TDI (E199);
RUNTEST 1000 TCK;
SDR 16 TDI (B7EF);
RUNTEST 1000 TCK;
SDR 16 TDI (3F33);
RUNTEST 1000 TCK;
SDR 16 TDI (FFF7);
RUNTEST 1000 TCK;
SDR 16 TDI (FFFF);
RUNTEST 1000 TCK;
SDR 16 TDI (777F);
RUNTEST 1000 TCK;
SDR 16 TDI (FFBF);
RUNTEST 1000 TCK;
SDR 16 TDI (EDFB);
RUNTEST 1000 TCK;
SDR 16 TDI (7BBD);
RUNTEST 1000 TCK;
SDR 16 TDI (B6AE);
RUNTEST 1000 TCK;
SDR 16 TDI (FF7E);
RUNTEST 1000 TCK;
SDR 16 TDI (5EE6);
RUNTEST 1000 TCK;
SDR 16 TDI (EFA5);
RUNTEST 1000 TCK;
SDR 16 TDI (6B7D);
RUNTEST 1000 TCK;
SDR 16 TDI (EFD7);
RUNTEST 1000 TCK;
SDR 16 TDI (FDFF);
RUNTEST 1000 TCK;
SDR 16 TDI (FFFF);
RUNTEST 1000 TCK;
SDR 16 TDI (BAAF);
RUNTEST 1000 TCK;
SDR 16 TDI (FFFF);
RUNTEST 1000 TCK;
SDR 16 TDI (FFFF);
RUNTEST 1000 TCK;
SDR 16 TDI (FFF4);
RUNTEST 1000 TCK;
SDR 16 TDI (6E6A);
RUNTEST 1000 TCK;
SDR 16 TDI (FFE3);
RUNTEST 1000 TCK;
SDR 16 TDI (E8FE);
RUNTEST 1000 TCK;
SDR 16 TDI (DF77);
RUNTEST 1000 TCK;
SDR 16 TDI (ADF5);
RUNTEST 1000 TCK;
SDR 16 TDI (C5DF);
RUNTEST 1000 TCK;
SDR 16 TDI (7F7F);
RUNTEST 1000 TCK;
SDR 16 TDI (7BBF);
RUNTEST 1000 TCK;
SDR 16 TDI (7FFF);
RUNTEST 1000 TCK;
SDR 16 TDI (BFFF);
RUNTEST 1000 TCK;
SDR 16 TDI (FFFF);
RUNTEST 1000 TCK;
SDR 16 TDI (DFFF);
RUNTEST 1000 TCK;
SDR 16 TDI (BFFF);
RUNTEST 1000 TCK;
SDR 16 TDI (DFF5);
RUNTEST 1000 TCK;
SDR 16 TDI (B119);
RUNTEST 1000 TCK;
SDR 16 TDI (7AFA);
RUNTEST 1000 TCK;
SDR 16 TDI (7FFA);
RUNTEST 1000 TCK;
SDR 16 TDI (3329);
RUNTEST 1000 TCK;
SDR 16 TDI (FF7F);
RUNTEST 1000 TCK;
SDR 16 TDI (FFFF);
RUNTEST 1000 TCK;
SDR 16 TDI (BFFF);
RUNTEST 1000 TCK;
SDR 16 TDI (FFFF);
RUNTEST 1000 TCK;
SDR 16 TDI (FFFF);
RUNTEST 1000 TCK;
SDR 16 TDI (FFFB);
RUNTEST 1000 TCK;
SDR 16 TDI (7DFD);
RUNTEST 1000 TCK;
SDR 16 TDI (9FBC);
RUNTEST 1000 TCK;
SDR 16 TDI (7757);
RUNTEST 1000 TCK;
SDR 16 TDI (FEEE);
RUNTEST 1000 TCK;
SDR 16 TDI (BFDE);
RUNTEST 1000 TCK;
SDR 16 TDI (FAEF);
RUNTEST 1000 TCK;
SDR 16 TDI (FFFF);
RUNTEST 1000 TCK;
SDR 16 TDI (EFFF);
RUNTEST 1000 TCK;
SDR 16 TDI (7FEF);
RUNTEST 1000 TCK;
SDR 16 TDI (FFFD);
RUNTEST 1000 TCK;
SDR 16 TDI (FFC4);
RUNTEST 1000 TCK;
SDR 16 TDI (FFFE);
RUNTEST 1000 TCK;
SDR 16 TDI (A959);
RUNTEST 1000 TCK;
SDR 16 TDI (25EB);
RUNTEST 1000 TCK;
SDR 16 TDI (FFFF);
RUNTEST 1000 TCK;
SDR 16 TDI (957F);
RUNTEST 1000 TCK;
SDR 16 TDI (77F7);
RUNTEST 1000 TCK;
SDR 16 TDI (DCFE);
RUNTEST 1000 TCK;
SDR 16 TDI (FFFF);
RUNTEST 1000 TCK;
SDR 16 TDI (FFFF);
RUNTEST 1000 TCK;
SDR 16 TDI (A55F);
RUNTEST 1000 TCK;
SDR 16 TDI (FFFF);
RUNTEST 1000 TCK;
SDR 16 TDI (FEFF);
RUNTEST 1000 TCK;
SDR 16 TDI (FFF5);
RUNTEST 1000 TCK;
SDR 16 TDI (75D9);
RUNTEST 1000 TCK;
SDR 16 TDI (FF5D);
RUNTEST 1000 TCK;
SDR 16 TDI (A9E8);
RUNTEST 1000 TCK;
SDR 16 TDI (7402);
RUNTEST 1000 TCK;
SDR 16 TDI (AF9C);
RUNTEST 1000 TCK;
SDR 16 TDI (1420);
RUNTEST 1000 TCK;
SDR 16 TDI (3C00);
RUNTEST 1000 TCK;
SDR 16 TDI (3E0F);
RUNTEST 1000 TCK;
SDR 16 TDI (6006);
RUNTEST 1000 TCK;
SDR 16 TDI (1E19);
RUNTEST 1000 TCK;
SDR 16 TDI (FF4B);
RUNTEST 1000 TCK;
SDR 16 TDI (819F);
RUNTEST 1000 TCK;
SDR 16 TDI (AFDE);
RUNTEST 1000 TCK;
SDR 16 TDI (DFCE);
RUNTEST 1000 TCK;
SDR 16 TDI (B8A5);
RUNTEST 1000 TCK;
SDR 16 TDI (892A);
RUNTEST 1000 TCK;
SDR 16 TDI (6BE0);
RUNTEST 1000 TCK;
SDR 16 TDI (BFA5);
RUNTEST 1000 TCK;
SDR 16 TDI (EA9F);
RUNTEST 1000 TCK;
SDR 16 TDI (FFFF);
RUNTEST 1000 TCK;
SDR 16 TDI (AFFF);
RUNTEST 1000 TCK;
SDR 16 TDI (FFFF);
RUNTEST 1000 TCK;
SDR 16 TDI (FDFF);
RUNTEST 1000 TCK;
SDR 16 TDI (FFF0);
RUNTEST 1000 TCK;
SDR 16 TDI (7C70);
RUNTEST 1000 TCK;
SDR 16 TDI (9FAA);
RUNTEST 1000 TCK;
SDR 16 TDI (A9C8);
RUNTEST 1000 TCK;
SDR 16 TDI (7000);
RUNTEST 1000 TCK;
SDR 16 TDI (AFDC);
RUNTEST 1000 TCK;
SDR 16 TDI (1C00);
RUNTEST 1000 TCK;
SDR 16 TDI (3C00);
RUNTEST 1000 TCK;
SDR 16 TDI (370F);
RUNTEST 1000 TCK;
SDR 16 TDI (6006);
RUNTEST 1000 TCK;
SDR 16 TDI (1E19);
RUNTEST 1000 TCK;
SDR 16 TDI (FBC0);
RUNTEST 1000 TCK;
SDR 16 TDI (019E);
RUNTEST 1000 TCK;
SDR 16 TDI (B14D);
RUNTEST 1000 TCK;
SDR 16 TDI (56EC);
RUNTEST 1000 TCK;
SDR 16 TDI (F845);
RUNTEST 1000 TCK;
SDR 16 TDI (0821);
RUNTEST 1000 TCK;
SDR 16 TDI (73F3);
RUNTEST 1000 TCK;
SDR 16 TDI (1015);
RUNTEST 1000 TCK;
SDR 16 TDI (FFDF);
RUNTEST 1000 TCK;
SDR 16 TDI (FFFF);
RUNTEST 1000 TCK;
SDR 16 TDI (B55F);
RUNTEST 1000 TCK;
SDR 16 TDI (FFFF);
RUNTEST 1000 TCK;
SDR 16 TDI (FFFF);
RUNTEST 1000 TCK;
SDR 16 TDI (FFFD);
RUNTEST 1000 TCK;
SDR 16 TDI (7239);
RUNTEST 1000 TCK;
SDR 16 TDI (3F8B);
RUNTEST 1000 TCK;
SDR 16 TDI (DDE0);
RUNTEST 1000 TCK;
SDR 16 TDI (2020);
RUNTEST 1000 TCK;
SDR 16 TDI (A7C9);
RUNTEST 1000 TCK;
SDR 16 TDI (2440);
RUNTEST 1000 TCK;
SDR 16 TDI (3C00);
RUNTEST 1000 TCK;
SDR 16 TDI (3F0F);
RUNTEST 1000 TCK;
SDR 16 TDI (6006);
RUNTEST 1000 TCK;
SDR 16 TDI (1E19);
RUNTEST 1000 TCK;
SDR 16 TDI (EFED);
RUNTEST 1000 TCK;
SDR 16 TDI (819F);
RUNTEST 1000 TCK;
SDR 16 TDI (B61F);
RUNTEST 1000 TCK;
SDR 16 TDI (57F3);
RUNTEST 1000 TCK;
SDR 16 TDI (373F);
RUNTEST 1000 TCK;
SDR 16 TDI (DF7B);
RUNTEST 1000 TCK;
SDR 16 TDI (77FF);
RUNTEST 1000 TCK;
SDR 16 TDI (99FB);
RUNTEST 1000 TCK;
SDR 16 TDI (EABF);
RUNTEST 1000 TCK;
SDR 16 TDI (FFFF);
RUNTEST 1000 TCK;
SDR 16 TDI (BFFF);
RUNTEST 1000 TCK;
SDR 16 TDI (FFFF);
RUNTEST 1000 TCK;
SDR 16 TDI (FFFF);
RUNTEST 1000 TCK;
SDR 16 TDI (FFFD);
RUNTEST 1000 TCK;
SDR 16 TDI (6876);
RUNTEST 1000 TCK;
SDR 16 TDI (9FC8);
RUNTEST 1000 TCK;
SDR 16 TDI (1420);
RUNTEST 1000 TCK;
SDR 16 TDI (2000);
RUNTEST 1000 TCK;
SDR 16 TDI (AFC8);
RUNTEST 1000 TCK;
SDR 16 TDI (0800);
RUNTEST 1000 TCK;
SDR 16 TDI (3C00);
RUNTEST 1000 TCK;
SDR 16 TDI (3F0F);
RUNTEST 1000 TCK;
SDR 16 TDI (6006);
RUNTEST 1000 TCK;
SDR 16 TDI (1E19);
RUNTEST 1000 TCK;
SDR 16 TDI (FFE3);
RUNTEST 1000 TCK;
SDR 16 TDI (019C);
RUNTEST 1000 TCK;
SDR 16 TDI (A090);
RUNTEST 1000 TCK;
SDR 16 TDI (47F0);
RUNTEST 1000 TCK;
SDR 16 TDI (5173);
RUNTEST 1000 TCK;
SDR 16 TDI (527B);
RUNTEST 1000 TCK;
SDR 16 TDI (73F9);
RUNTEST 1000 TCK;
SDR 16 TDI (9312);
RUNTEST 1000 TCK;
SDR 16 TDI (FFFF);
RUNTEST 1000 TCK;
SDR 16 TDI (FFFF);
RUNTEST 1000 TCK;
SDR 16 TDI (BFFF);
RUNTEST 1000 TCK;
SDR 16 TDI (3333);
RUNTEST 1000 TCK;
SDR 16 TDI (1F33);
RUNTEST 1000 TCK;
SDR 16 TDI (333C);
RUNTEST 1000 TCK;
SDR 16 TDI (6CB8);
RUNTEST 1000 TCK;
SDR 16 TDI (9F91);
RUNTEST 1000 TCK;
SDR 16 TDI (09F7);
RUNTEST 1000 TCK;
SDR 16 TDI (3446);
RUNTEST 1000 TCK;
SDR 16 TDI (AFC8);
RUNTEST 1000 TCK;
SDR 16 TDI (484F);
RUNTEST 1000 TCK;
SDR 16 TDI (33B3);
RUNTEST 1000 TCK;
SDR 16 TDI (3F73);
RUNTEST 1000 TCK;
SDR 16 TDI (6667);
RUNTEST 1000 TCK;
SDR 16 TDI (D999);
RUNTEST 1000 TCK;
SDR 16 TDI (9FD9);
RUNTEST 1000 TCK;
SDR 16 TDI (99BC);
RUNTEST 1000 TCK;
SDR 16 TDI (A30A);
RUNTEST 1000 TCK;
SDR 16 TDI (37E4);
RUNTEST 1000 TCK;
SDR 16 TDI (D667);
RUNTEST 1000 TCK;
SDR 16 TDI (99B9);
RUNTEST 1000 TCK;
SDR 16 TDI (71F3);
RUNTEST 1000 TCK;
SDR 16 TDI (3373);
RUNTEST 1000 TCK;
SDR 16 TDI (FFFF);
RUNTEST 1000 TCK;
SDR 16 TDI (FFFF);
RUNTEST 1000 TCK;
SDR 16 TDI (BFFF);
RUNTEST 1000 TCK;
SDR 16 TDI (7777);
RUNTEST 1000 TCK;
SDR 16 TDI (4ABB);
RUNTEST 1000 TCK;
SDR 16 TDI (BBBD);
RUNTEST 1000 TCK;
SDR 16 TDI (799B);
RUNTEST 1000 TCK;
SDR 16 TDI (9519);
RUNTEST 1000 TCK;
SDR 16 TDI (DC9E);
RUNTEST 1000 TCK;
SDR 16 TDI (44CC);
RUNTEST 1000 TCK;
SDR 16 TDI (BA86);
RUNTEST 1000 TCK;
SDR 16 TDI (4667);
RUNTEST 1000 TCK;
SDR 16 TDI (3733);
RUNTEST 1000 TCK;
SDR 16 TDI (2A3B);
RUNTEST 1000 TCK;
SDR 16 TDI (6667);
RUNTEST 1000 TCK;
SDR 16 TDI (9B99);
RUNTEST 1000 TCK;
SDR 16 TDI (B54D);
RUNTEST 1000 TCK;
SDR 16 TDI (999F);
RUNTEST 1000 TCK;
SDR 16 TDI (A666);
RUNTEST 1000 TCK;
SDR 16 TDI (6546);
RUNTEST 1000 TCK;
SDR 16 TDI (7373);
RUNTEST 1000 TCK;
SDR 16 TDI (BBBB);
RUNTEST 1000 TCK;
SDR 16 TDI (74AB);
RUNTEST 1000 TCK;
SDR 16 TDI (BB3B);
RUNTEST 1000 TCK;
SDR 16 TDI (FFFF);
RUNTEST 1000 TCK;
SDR 16 TDI (FFFF);
RUNTEST 1000 TCK;
SDR 16 TDI (BFFF);
RUNTEST 1000 TCK;
SDR 16 TDI (FFFF);
RUNTEST 1000 TCK;
SDR 16 TDI (FEFF);
RUNTEST 1000 TCK;
SDR 16 TDI (FFFE);
RUNTEST 1000 TCK;
SDR 16 TDI (6EDC);
RUNTEST 1000 TCK;
SDR 16 TDI (FF33);
RUNTEST 1000 TCK;
SDR 16 TDI (7FB3);
RUNTEST 1000 TCK;
SDR 16 TDI (BFFF);
RUNTEST 1000 TCK;
SDR 16 TDI (BFBB);
RUNTEST 1000 TCK;
SDR 16 TDI (FBFD);
RUNTEST 1000 TCK;
SDR 16 TDI (FDDD);
RUNTEST 1000 TCK;
SDR 16 TDI (FEEF);
RUNTEST 1000 TCK;
SDR 16 TDI (7DDE);
RUNTEST 1000 TCK;
SDR 16 TDI (FEFF);
RUNTEST 1000 TCK;
SDR 16 TDI (FF7F);
RUNTEST 1000 TCK;
SDR 16 TDI (F7FD);
RUNTEST 1000 TCK;
SDR 16 TDI (B3B3);
RUNTEST 1000 TCK;
SDR 16 TDI (37CC);
RUNTEST 1000 TCK;
SDR 16 TDI (DFFF);
RUNTEST 1000 TCK;
SDR 16 TDI (DFDD);
RUNTEST 1000 TCK;
SDR 16 TDI (7BE7);
RUNTEST 1000 TCK;
SDR 16 TDI (77F7);
RUNTEST 1000 TCK;
SDR 16 TDI (FFFF);
RUNTEST 1000 TCK;
SDR 16 TDI (FFFF);
RUNTEST 1000 TCK;
SDR 16 TDI (BFFF);
RUNTEST 1000 TCK;
SDR 16 TDI (FFDF);
RUNTEST 1000 TCK;
SDR 16 TDI (FFFF);
RUNTEST 1000 TCK;
SDR 16 TDI (FFFF);
RUNTEST 1000 TCK;
SDR 16 TDI (7DFF);
RUNTEST 1000 TCK;
SDR 16 TDI (DFDF);
RUNTEST 1000 TCK;
SDR 16 TDI (FBDD);
RUNTEST 1000 TCK;
SDR 16 TDI (BFEF);
RUNTEST 1000 TCK;
SDR 16 TDI (BFFF);
RUNTEST 1000 TCK;
SDR 16 TDI (FBFF);
RUNTEST 1000 TCK;
SDR 16 TDI (EFB7);
RUNTEST 1000 TCK;
SDR 16 TDI (FFFF);
RUNTEST 1000 TCK;
SDR 16 TDI (7FFF);
RUNTEST 1000 TCK;
SDR 16 TDI (EF2B);
RUNTEST 1000 TCK;
SDR 16 TDI (DFFD);
RUNTEST 1000 TCK;
SDR 16 TDI (EBFF);
RUNTEST 1000 TCK;
SDR 16 TDI (BAFF);
RUNTEST 1000 TCK;
SDR 16 TDI (FFFA);
RUNTEST 1000 TCK;
SDR 16 TDI (F6BC);
RUNTEST 1000 TCK;
SDR 16 TDI (F5DC);
RUNTEST 1000 TCK;
SDR 16 TDI (7FFF);
RUNTEST 1000 TCK;
SDR 16 TDI (FFEF);
RUNTEST 1000 TCK;
SDR 16 TDI (FFFF);
RUNTEST 1000 TCK;
SDR 16 TDI (FFFF);
RUNTEST 1000 TCK;
SDR 16 TDI (BFFF);
RUNTEST 1000 TCK;
SDR 16 TDI (FDFE);
RUNTEST 1000 TCK;
SDR 16 TDI (FFFF);
RUNTEST 1000 TCK;
SDR 16 TDI (FFFD);
RUNTEST 1000 TCK;
SDR 16 TDI (6FFB);
RUNTEST 1000 TCK;
SDR 16 TDI (7FFF);
RUNTEST 1000 TCK;
SDR 16 TDI (F7EF);
RUNTEST 1000 TCK;
SDR 16 TDI (FBBF);
RUNTEST 1000 TCK;
SDR 16 TDI (BFFE);
RUNTEST 1000 TCK;
SDR 16 TDI (7FF7);
RUNTEST 1000 TCK;
SDR 16 TDI (FFFF);
RUNTEST 1000 TCK;
SDR 16 TDI (7FFF);
RUNTEST 1000 TCK;
SDR 16 TDI (7BFF);
RUNTEST 1000 TCK;
SDR 16 TDI (FBFE);
RUNTEST 1000 TCK;
SDR 16 TDI (FFEF);
RUNTEST 1000 TCK;
SDR 16 TDI (FFF7);
RUNTEST 1000 TCK;
SDR 16 TDI (AFEE);
RUNTEST 1000 TCK;
SDR 16 TDI (EFFF);
RUNTEST 1000 TCK;
SDR 16 TDI (FFFF);
RUNTEST 1000 TCK;
SDR 16 TDI (FEFF);
RUNTEST 1000 TCK;
SDR 16 TDI (77FA);
RUNTEST 1000 TCK;
SDR 16 TDI (77BB);
RUNTEST 1000 TCK;
SDR 16 TDI (FFFF);
RUNTEST 1000 TCK;
SDR 16 TDI (FFFF);
RUNTEST 1000 TCK;
SDR 16 TDI (AFFF);
RUNTEST 1000 TCK;
SDR 16 TDI (FDEF);
RUNTEST 1000 TCK;
SDR 16 TDI (FFFF);
RUNTEST 1000 TCK;
SDR 16 TDI (FFFF);
RUNTEST 1000 TCK;
SDR 16 TDI (6DFF);
RUNTEST 1000 TCK;
SDR 16 TDI (FFFF);
RUNTEST 1000 TCK;
SDR 16 TDI (EFFF);
RUNTEST 1000 TCK;
SDR 16 TDI (FFAF);
RUNTEST 1000 TCK;
SDR 16 TDI (BFFE);
RUNTEST 1000 TCK;
SDR 16 TDI (FBFF);
RUNTEST 1000 TCK;
SDR 16 TDI (FFBB);
RUNTEST 1000 TCK;
SDR 16 TDI (BFFF);
RUNTEST 1000 TCK;
SDR 16 TDI (7FFF);
RUNTEST 1000 TCK;
SDR 16 TDI (FEFB);
RUNTEST 1000 TCK;
SDR 16 TDI (3FFF);
RUNTEST 1000 TCK;
SDR 16 TDI (F3EF);
RUNTEST 1000 TCK;
SDR 16 TDI (BD7F);
RUNTEST 1000 TCK;
SDR 16 TDI (EFFB);
RUNTEST 1000 TCK;
SDR 16 TDI (F7DF);
RUNTEST 1000 TCK;
SDR 16 TDI (75DA);
RUNTEST 1000 TCK;
SDR 16 TDI (77F7);
RUNTEST 1000 TCK;
SDR 16 TDI (FF9F);
RUNTEST 1000 TCK;
SDR 16 TDI (FFDF);
RUNTEST 1000 TCK;
SDR 16 TDI (FFFF);
RUNTEST 1000 TCK;
SDR 16 TDI (AFFF);
RUNTEST 1000 TCK;
SDR 16 TDI (FFFF);
RUNTEST 1000 TCK;
SDR 16 TDI (FFFF);
RUNTEST 1000 TCK;
SDR 16 TDI (FFFD);
RUNTEST 1000 TCK;
SDR 16 TDI (7FFB);
RUNTEST 1000 TCK;
SDR 16 TDI (BFDF);
RUNTEST 1000 TCK;
SDR 16 TDI (FBDD);
RUNTEST 1000 TCK;
SDR 16 TDI (BBFF);
RUNTEST 1000 TCK;
SDR 16 TDI (BFFF);
RUNTEST 1000 TCK;
SDR 16 TDI (FFFF);
RUNTEST 1000 TCK;
SDR 16 TDI (DFFF);
RUNTEST 1000 TCK;
SDR 16 TDI (FFFF);
RUNTEST 1000 TCK;
SDR 16 TDI (7FFF);
RUNTEST 1000 TCK;
SDR 16 TDI (EBB7);
RUNTEST 1000 TCK;
SDR 16 TDI (FFFD);
RUNTEST 1000 TCK;
SDR 16 TDI (FFFF);
RUNTEST 1000 TCK;
SDR 16 TDI (AFF6);
RUNTEST 1000 TCK;
SDR 16 TDI (FFFF);
RUNTEST 1000 TCK;
SDR 16 TDI (7EFD);
RUNTEST 1000 TCK;
SDR 16 TDI (FF7F);
RUNTEST 1000 TCK;
SDR 16 TDI (7FFD);
RUNTEST 1000 TCK;
SDR 16 TDI (FFF7);
RUNTEST 1000 TCK;
SDR 16 TDI (FFDF);
RUNTEST 1000 TCK;
SDR 16 TDI (FFFF);
RUNTEST 1000 TCK;
SDR 16 TDI (BFFF);
RUNTEST 1000 TCK;
SDR 16 TDI (7FFF);
RUNTEST 1000 TCK;
SDR 16 TDI (FFFF);
RUNTEST 1000 TCK;
SDR 16 TDI (FFFF);
RUNTEST 1000 TCK;
SDR 16 TDI (7EFF);
RUNTEST 1000 TCK;
SDR 16 TDI (FFFF);
RUNTEST 1000 TCK;
SDR 16 TDI (FEED);
RUNTEST 1000 TCK;
SDR 16 TDI (BFFF);
RUNTEST 1000 TCK;
SDR 16 TDI (BFFF);
RUNTEST 1000 TCK;
SDR 16 TDI (FFFF);
RUNTEST 1000 TCK;
SDR 16 TDI (5BFF);
RUNTEST 1000 TCK;
SDR 16 TDI (BFBF);
RUNTEST 1000 TCK;
SDR 16 TDI (7FFF);
RUNTEST 1000 TCK;
SDR 16 TDI (FFBF);
RUNTEST 1000 TCK;
SDR 16 TDI (BFF7);
RUNTEST 1000 TCK;
SDR 16 TDI (FFFF);
RUNTEST 1000 TCK;
SDR 16 TDI (BFFF);
RUNTEST 1000 TCK;
SDR 16 TDI (FFFF);
RUNTEST 1000 TCK;
SDR 16 TDI (FFFD);
RUNTEST 1000 TCK;
SDR 16 TDI (F7FF);
RUNTEST 1000 TCK;
SDR 16 TDI (7FFF);
RUNTEST 1000 TCK;
SDR 16 TDI (7D7F);
RUNTEST 1000 TCK;
SDR 16 TDI (FFFF);
RUNTEST 1000 TCK;
SDR 16 TDI (FFFF);
RUNTEST 1000 TCK;
SDR 16 TDI (BFFF);
RUNTEST 1000 TCK;
SDR 16 TDI (FFFF);
RUNTEST 1000 TCK;
SDR 16 TDI (FFFF);
RUNTEST 1000 TCK;
SDR 16 TDI (FFFE);
RUNTEST 1000 TCK;
SDR 16 TDI (7FFF);
RUNTEST 1000 TCK;
SDR 16 TDI (FFFF);
RUNTEST 1000 TCK;
SDR 16 TDI (FFFE);
RUNTEST 1000 TCK;
SDR 16 TDI (FBFE);
RUNTEST 1000 TCK;
SDR 16 TDI (BFD7);
RUNTEST 1000 TCK;
SDR 16 TDI (F7FF);
RUNTEST 1000 TCK;
SDR 16 TDI (FFFF);
RUNTEST 1000 TCK;
SDR 16 TDI (FFFB);
RUNTEST 1000 TCK;
SDR 16 TDI (7FFF);
RUNTEST 1000 TCK;
SDR 16 TDI (DFEF);
RUNTEST 1000 TCK;
SDR 16 TDI (7FBF);
RUNTEST 1000 TCK;
SDR 16 TDI (F7F9);
RUNTEST 1000 TCK;
SDR 16 TDI (BDF3);
RUNTEST 1000 TCK;
SDR 16 TDI (AFFF);
RUNTEST 1000 TCK;
SDR 16 TDI (EF7F);
RUNTEST 1000 TCK;
SDR 16 TDI (FDFE);
RUNTEST 1000 TCK;
SDR 16 TDI (7FFF);
RUNTEST 1000 TCK;
SDR 16 TDI (FFFB);
RUNTEST 1000 TCK;
SDR 16 TDI (FFFF);
RUNTEST 1000 TCK;
SDR 16 TDI (FFFF);
RUNTEST 1000 TCK;
SDR 16 TDI (BFFF);
RUNTEST 1000 TCK;
SDR 16 TDI (FEFF);
RUNTEST 1000 TCK;
SDR 16 TDI (FFFF);
RUNTEST 1000 TCK;
SDR 16 TDI (FFFF);
RUNTEST 1000 TCK;
SDR 16 TDI (7EF7);
RUNTEST 1000 TCK;
SDR 16 TDI (FFFF);
RUNTEST 1000 TCK;
SDR 16 TDI (BFFE);
RUNTEST 1000 TCK;
SDR 16 TDI (FBD7);
RUNTEST 1000 TCK;
SDR 16 TDI (BFED);
RUNTEST 1000 TCK;
SDR 16 TDI (FD7F);
RUNTEST 1000 TCK;
SDR 16 TDI (F6EE);
RUNTEST 1000 TCK;
SDR 16 TDI (7FFF);
RUNTEST 1000 TCK;
SDR 16 TDI (6FBF);
RUNTEST 1000 TCK;
SDR 16 TDI (FFEF);
RUNTEST 1000 TCK;
SDR 16 TDI (FFD7);
RUNTEST 1000 TCK;
SDR 16 TDI (BFF9);
RUNTEST 1000 TCK;
SDR 16 TDI (B3DF);
RUNTEST 1000 TCK;
SDR 16 TDI (BFFF);
RUNTEST 1000 TCK;
SDR 16 TDI (F73F);
RUNTEST 1000 TCK;
SDR 16 TDI (FFFE);
RUNTEST 1000 TCK;
SDR 16 TDI (7FFF);
RUNTEST 1000 TCK;
SDR 16 TDI (BFFF);
RUNTEST 1000 TCK;
SDR 16 TDI (FFFF);
RUNTEST 1000 TCK;
SDR 16 TDI (FFFF);
RUNTEST 1000 TCK;
SDR 16 TDI (BFFF);
RUNTEST 1000 TCK;
SDR 16 TDI (7FFF);
RUNTEST 1000 TCK;
SDR 16 TDI (FFFF);
RUNTEST 1000 TCK;
SDR 16 TDI (FFFE);
RUNTEST 1000 TCK;
SDR 16 TDI (7FFF);
RUNTEST 1000 TCK;
SDR 16 TDI (FFFF);
RUNTEST 1000 TCK;
SDR 16 TDI (FF73);
RUNTEST 1000 TCK;
SDR 16 TDI (DFFF);
RUNTEST 1000 TCK;
SDR 16 TDI (AFF7);
RUNTEST 1000 TCK;
SDR 16 TDI (FBFF);
RUNTEST 1000 TCK;
SDR 16 TDI (6FFF);
RUNTEST 1000 TCK;
SDR 16 TDI (FF7B);
RUNTEST 1000 TCK;
SDR 16 TDI (7FFF);
RUNTEST 1000 TCK;
SDR 16 TDI (DFBF);
RUNTEST 1000 TCK;
SDR 16 TDI (5FFF);
RUNTEST 1000 TCK;
SDR 16 TDI (EFFF);
RUNTEST 1000 TCK;
SDR 16 TDI (BFED);
RUNTEST 1000 TCK;
SDR 16 TDI (F7FF);
RUNTEST 1000 TCK;
SDR 16 TDI (FFFB);
RUNTEST 1000 TCK;
SDR 16 TDI (EDFF);
RUNTEST 1000 TCK;
SDR 16 TDI (7FFF);
RUNTEST 1000 TCK;
SDR 16 TDI (FE7B);
RUNTEST 1000 TCK;
SDR 16 TDI (FFFF);
RUNTEST 1000 TCK;
SDR 16 TDI (FFFF);
RUNTEST 1000 TCK;
SDR 16 TDI (BFFF);
RUNTEST 1000 TCK;
SDR 16 TDI (FFFF);
RUNTEST 1000 TCK;
SDR 16 TDI (FFFF);
RUNTEST 1000 TCK;
SDR 16 TDI (FFFB);
RUNTEST 1000 TCK;
SDR 16 TDI (7FF7);
RUNTEST 1000 TCK;
SDR 16 TDI (FFFF);
RUNTEST 1000 TCK;
SDR 16 TDI (FFFB);
RUNTEST 1000 TCK;
SDR 16 TDI (EEEF);
RUNTEST 1000 TCK;
SDR 16 TDI (BFFE);
RUNTEST 1000 TCK;
SDR 16 TDI (FDFF);
RUNTEST 1000 TCK;
SDR 16 TDI (FFFF);
RUNTEST 1000 TCK;
SDR 16 TDI (FFF7);
RUNTEST 1000 TCK;
SDR 16 TDI (7FFE);
RUNTEST 1000 TCK;
SDR 16 TDI (FB7F);
RUNTEST 1000 TCK;
SDR 16 TDI (FFFE);
RUNTEST 1000 TCK;
SDR 16 TDI (FFE9);
RUNTEST 1000 TCK;
SDR 16 TDI (BFFD);
RUNTEST 1000 TCK;
SDR 16 TDI (7FFF);
RUNTEST 1000 TCK;
SDR 16 TDI (7FFE);
RUNTEST 1000 TCK;
SDR 16 TDI (DF7F);
RUNTEST 1000 TCK;
SDR 16 TDI (7FFF);
RUNTEST 1000 TCK;
SDR 16 TDI (DFBF);
RUNTEST 1000 TCK;
SDR 16 TDI (FFFF);
RUNTEST 1000 TCK;
SDR 16 TDI (FFFF);
RUNTEST 1000 TCK;
SDR 16 TDI (BFFF);
RUNTEST 1000 TCK;
SDR 16 TDI (FFFF);
RUNTEST 1000 TCK;
SDR 16 TDI (FF7F);
RUNTEST 1000 TCK;
SDR 16 TDI (FFFF);
RUNTEST 1000 TCK;
SDR 16 TDI (7FFF);
RUNTEST 1000 TCK;
SDR 16 TDI (FFBF);
RUNTEST 1000 TCK;
SDR 16 TDI (FFEF);
RUNTEST 1000 TCK;
SDR 16 TDI (BBFF);
RUNTEST 1000 TCK;
SDR 16 TDI (BFDF);
RUNTEST 1000 TCK;
SDR 16 TDI (BBBE);
RUNTEST 1000 TCK;
SDR 16 TDI (F7DB);
RUNTEST 1000 TCK;
SDR 16 TDI (FF7F);
RUNTEST 1000 TCK;
SDR 16 TDI (7F7B);
RUNTEST 1000 TCK;
SDR 16 TDI (D7F7);
RUNTEST 1000 TCK;
SDR 16 TDI (FFBF);
RUNTEST 1000 TCK;
SDR 16 TDI (F7FF);
RUNTEST 1000 TCK;
SDR 16 TDI (B2CF);
RUNTEST 1000 TCK;
SDR 16 TDI (FFEF);
RUNTEST 1000 TCK;
SDR 16 TDI (BFB7);
RUNTEST 1000 TCK;
SDR 16 TDI (F5B5);
RUNTEST 1000 TCK;
SDR 16 TDI (7FF7);
RUNTEST 1000 TCK;
SDR 16 TDI (FFDD);
RUNTEST 1000 TCK;
SDR 16 TDI (7FFF);
RUNTEST 1000 TCK;
SDR 16 TDI (FFFF);
RUNTEST 1000 TCK;
SDR 16 TDI (BFFF);
RUNTEST 1000 TCK;
SDR 16 TDI (FFFF);
RUNTEST 1000 TCK;
SDR 16 TDI (FF7F);
RUNTEST 1000 TCK;
SDR 16 TDI (FFF7);
RUNTEST 1000 TCK;
SDR 16 TDI (7FEF);
RUNTEST 1000 TCK;
SDR 16 TDI (FFBF);
RUNTEST 1000 TCK;
SDR 16 TDI (FFFB);
RUNTEST 1000 TCK;
SDR 16 TDI (BBEF);
RUNTEST 1000 TCK;
SDR 16 TDI (BFDF);
RUNTEST 1000 TCK;
SDR 16 TDI (FBFD);
RUNTEST 1000 TCK;
SDR 16 TDI (F7DF);
RUNTEST 1000 TCK;
SDR 16 TDI (FF7B);
RUNTEST 1000 TCK;
SDR 16 TDI (7FFD);
RUNTEST 1000 TCK;
SDR 16 TDI (AFCF);
RUNTEST 1000 TCK;
SDR 16 TDI (FFBF);
RUNTEST 1000 TCK;
SDR 16 TDI (7FFD);
RUNTEST 1000 TCK;
SDR 16 TDI (BEAF);
RUNTEST 1000 TCK;
SDR 16 TDI (FFEF);
RUNTEST 1000 TCK;
SDR 16 TDI (DFFE);
RUNTEST 1000 TCK;
SDR 16 TDI (FFFF);
RUNTEST 1000 TCK;
SDR 16 TDI (7FF7);
RUNTEST 1000 TCK;
SDR 16 TDI (EFBE);
RUNTEST 1000 TCK;
SDR 16 TDI (FFFF);
RUNTEST 1000 TCK;
SDR 16 TDI (FFFF);
RUNTEST 1000 TCK;
SDR 16 TDI (BFFF);
RUNTEST 1000 TCK;
SDR 16 TDI (FFFF);
RUNTEST 1000 TCK;
SDR 16 TDI (FFFF);
RUNTEST 1000 TCK;
SDR 16 TDI (FFFF);
RUNTEST 1000 TCK;
SDR 16 TDI (7FFF);
RUNTEST 1000 TCK;
SDR 16 TDI (FFFF);
RUNTEST 1000 TCK;
SDR 16 TDI (FFF7);
RUNTEST 1000 TCK;
SDR 16 TDI (EF7F);
RUNTEST 1000 TCK;
SDR 16 TDI (BFFD);
RUNTEST 1000 TCK;
SDR 16 TDI (BD7F);
RUNTEST 1000 TCK;
SDR 16 TDI (FFFB);
RUNTEST 1000 TCK;
SDR 16 TDI (FFFF);
RUNTEST 1000 TCK;
SDR 16 TDI (7EFF);
RUNTEST 1000 TCK;
SDR 16 TDI (7B7F);
RUNTEST 1000 TCK;
SDR 16 TDI (FFFF);
RUNTEST 1000 TCK;
SDR 16 TDI (EFEF);
RUNTEST 1000 TCK;
SDR 16 TDI (ADFA);
RUNTEST 1000 TCK;
SDR 16 TDI (FFFE);
RUNTEST 1000 TCK;
SDR 16 TDI (FFB7);
RUNTEST 1000 TCK;
SDR 16 TDI (AB33);
RUNTEST 1000 TCK;
SDR 16 TDI (7FFF);
RUNTEST 1000 TCK;
SDR 16 TDI (FFEF);
RUNTEST 1000 TCK;
SDR 16 TDI (7FFF);
RUNTEST 1000 TCK;
SDR 16 TDI (FFFF);
RUNTEST 1000 TCK;
SDR 16 TDI (A55F);
RUNTEST 1000 TCK;
SDR 16 TDI (FFFF);
RUNTEST 1000 TCK;
SDR 16 TDI (DFFF);
RUNTEST 1000 TCK;
SDR 16 TDI (FFFF);
RUNTEST 1000 TCK;
SDR 16 TDI (7FFD);
RUNTEST 1000 TCK;
SDR 16 TDI (FFFF);
RUNTEST 1000 TCK;
SDR 16 TDI (FFFF);
RUNTEST 1000 TCK;
SDR 16 TDI (EF76);
RUNTEST 1000 TCK;
SDR 16 TDI (BBEE);
RUNTEST 1000 TCK;
SDR 16 TDI (FFEF);
RUNTEST 1000 TCK;
SDR 16 TDI (FFF7);
RUNTEST 1000 TCK;
SDR 16 TDI (FFFB);
RUNTEST 1000 TCK;
SDR 16 TDI (7EF7);
RUNTEST 1000 TCK;
SDR 16 TDI (BD3D);
RUNTEST 1000 TCK;
SDR 16 TDI (FFFD);
RUNTEST 1000 TCK;
SDR 16 TDI (DF3D);
RUNTEST 1000 TCK;
SDR 16 TDI (AEBC);
RUNTEST 1000 TCK;
SDR 16 TDI (F7FF);
RUNTEST 1000 TCK;
SDR 16 TDI (EF77);
RUNTEST 1000 TCK;
SDR 16 TDI (FFF7);
RUNTEST 1000 TCK;
SDR 16 TDI (7D77);
RUNTEST 1000 TCK;
SDR 16 TDI (FF9F);
RUNTEST 1000 TCK;
SDR 16 TDI (7FFF);
RUNTEST 1000 TCK;
SDR 16 TDI (FFFF);
RUNTEST 1000 TCK;
SDR 16 TDI (AFFF);
RUNTEST 1000 TCK;
SDR 16 TDI (FFFF);
RUNTEST 1000 TCK;
SDR 16 TDI (FFFF);
RUNTEST 1000 TCK;
SDR 16 TDI (FFFF);
RUNTEST 1000 TCK;
SDR 16 TDI (7FFF);
RUNTEST 1000 TCK;
SDR 16 TDI (BFFF);
RUNTEST 1000 TCK;
SDR 16 TDI (FFFF);
RUNTEST 1000 TCK;
SDR 16 TDI (FFFB);
RUNTEST 1000 TCK;
SDR 16 TDI (BFFF);
RUNTEST 1000 TCK;
SDR 16 TDI (6EFF);
RUNTEST 1000 TCK;
SDR 16 TDI (FDFF);
RUNTEST 1000 TCK;
SDR 16 TDI (7FBF);
RUNTEST 1000 TCK;
SDR 16 TDI (7FFF);
RUNTEST 1000 TCK;
SDR 16 TDI (EFF7);
RUNTEST 1000 TCK;
SDR 16 TDI (EFBF);
RUNTEST 1000 TCK;
SDR 16 TDI (EFFF);
RUNTEST 1000 TCK;
SDR 16 TDI (BFFF);
RUNTEST 1000 TCK;
SDR 16 TDI (FFF7);
RUNTEST 1000 TCK;
SDR 16 TDI (7FBB);
RUNTEST 1000 TCK;
SDR 16 TDI (7FFF);
RUNTEST 1000 TCK;
SDR 16 TDI (7FFF);
RUNTEST 1000 TCK;
SDR 16 TDI (67FF);
RUNTEST 1000 TCK;
SDR 16 TDI (7FFF);
RUNTEST 1000 TCK;
SDR 16 TDI (FFFF);
RUNTEST 1000 TCK;
SDR 16 TDI (A55F);
RUNTEST 1000 TCK;
SDR 16 TDI (FFFF);
RUNTEST 1000 TCK;
SDR 16 TDI (FFFF);
RUNTEST 1000 TCK;
SDR 16 TDI (FFFF);
RUNTEST 1000 TCK;
SDR 16 TDI (7FFF);
RUNTEST 1000 TCK;
SDR 16 TDI (FFFF);
RUNTEST 1000 TCK;
SDR 16 TDI (FFFF);
RUNTEST 1000 TCK;
SDR 16 TDI (BBFF);
RUNTEST 1000 TCK;
SDR 16 TDI (BFFB);
RUNTEST 1000 TCK;
SDR 16 TDI (7B7F);
RUNTEST 1000 TCK;
SDR 16 TDI (FF7F);
RUNTEST 1000 TCK;
SDR 16 TDI (FFFF);
RUNTEST 1000 TCK;
SDR 16 TDI (6FFE);
RUNTEST 1000 TCK;
SDR 16 TDI (EFEE);
RUNTEST 1000 TCK;
SDR 16 TDI (DFFF);
RUNTEST 1000 TCK;
SDR 16 TDI (FBFF);
RUNTEST 1000 TCK;
SDR 16 TDI (BFF3);
RUNTEST 1000 TCK;
SDR 16 TDI (FBFF);
RUNTEST 1000 TCK;
SDR 16 TDI (FDBC);
RUNTEST 1000 TCK;
SDR 16 TDI (DFEB);
RUNTEST 1000 TCK;
SDR 16 TDI (7BFE);
RUNTEST 1000 TCK;
SDR 16 TDI (FFF9);
RUNTEST 1000 TCK;
SDR 16 TDI (FFFF);
RUNTEST 1000 TCK;
SDR 16 TDI (FFFF);
RUNTEST 1000 TCK;
SDR 16 TDI (AAAF);
RUNTEST 1000 TCK;
SDR 16 TDI (FFBF);
RUNTEST 1000 TCK;
SDR 16 TDI (BBFF);
RUNTEST 1000 TCK;
SDR 16 TDI (FFFF);
RUNTEST 1000 TCK;
SDR 16 TDI (7FFF);
RUNTEST 1000 TCK;
SDR 16 TDI (FBFF);
RUNTEST 1000 TCK;
SDR 16 TDI (FFFF);
RUNTEST 1000 TCK;
SDR 16 TDI (FF7F);
RUNTEST 1000 TCK;
SDR 16 TDI (BEDF);
RUNTEST 1000 TCK;
SDR 16 TDI (EEFB);
RUNTEST 1000 TCK;
SDR 16 TDI (FDBF);
RUNTEST 1000 TCK;
SDR 16 TDI (E7FF);
RUNTEST 1000 TCK;
SDR 16 TDI (7FFF);
RUNTEST 1000 TCK;
SDR 16 TDI (FBDF);
RUNTEST 1000 TCK;
SDR 16 TDI (FBFF);
RUNTEST 1000 TCK;
SDR 16 TDI (FF7E);
RUNTEST 1000 TCK;
SDR 16 TDI (ABFF);
RUNTEST 1000 TCK;
SDR 16 TDI (5EFF);
RUNTEST 1000 TCK;
SDR 16 TDI (FF7F);
RUNTEST 1000 TCK;
SDR 16 TDI (DFFF);
RUNTEST 1000 TCK;
SDR 16 TDI (7FFF);
RUNTEST 1000 TCK;
SDR 16 TDI (9BEB);
RUNTEST 1000 TCK;
SDR 16 TDI (7FFF);
RUNTEST 1000 TCK;
SDR 16 TDI (FFFF);
RUNTEST 1000 TCK;
SDR 16 TDI (BFFF);
RUNTEST 1000 TCK;
SDR 16 TDI (FFFF);
RUNTEST 1000 TCK;
SDR 16 TDI (FFFF);
RUNTEST 1000 TCK;
SDR 16 TDI (FFFF);
RUNTEST 1000 TCK;
SDR 16 TDI (7FFF);
RUNTEST 1000 TCK;
SDR 16 TDI (FFFF);
RUNTEST 1000 TCK;
SDR 16 TDI (FFFF);
RUNTEST 1000 TCK;
SDR 16 TDI (F7BB);
RUNTEST 1000 TCK;
SDR 16 TDI (BFFF);
RUNTEST 1000 TCK;
SDR 16 TDI (FFFF);
RUNTEST 1000 TCK;
SDR 16 TDI (FFFF);
RUNTEST 1000 TCK;
SDR 16 TDI (FFFF);
RUNTEST 1000 TCK;
SDR 16 TDI (7FFF);
RUNTEST 1000 TCK;
SDR 16 TDI (FEFF);
RUNTEST 1000 TCK;
SDR 16 TDI (FFAF);
RUNTEST 1000 TCK;
SDR 16 TDI (EBFF);
RUNTEST 1000 TCK;
SDR 16 TDI (BFDF);
RUNTEST 1000 TCK;
SDR 16 TDI (FFFF);
RUNTEST 1000 TCK;
SDR 16 TDI (37FF);
RUNTEST 1000 TCK;
SDR 16 TDI (FFFF);
RUNTEST 1000 TCK;
SDR 16 TDI (7FFB);
RUNTEST 1000 TCK;
SDR 16 TDI (FDBF);
RUNTEST 1000 TCK;
SDR 16 TDI (7FFF);
RUNTEST 1000 TCK;
SDR 16 TDI (FFFF);
RUNTEST 1000 TCK;
SDR 16 TDI (BFFF);
RUNTEST 1000 TCK;
SDR 16 TDI (FFFF);
RUNTEST 1000 TCK;
SDR 16 TDI (FFFF);
RUNTEST 1000 TCK;
SDR 16 TDI (FFFF);
RUNTEST 1000 TCK;
SDR 16 TDI (7FFF);
RUNTEST 1000 TCK;
SDR 16 TDI (EFFF);
RUNTEST 1000 TCK;
SDR 16 TDI (FFDF);
RUNTEST 1000 TCK;
SDR 16 TDI (BBBE);
RUNTEST 1000 TCK;
SDR 16 TDI (BFF9);
RUNTEST 1000 TCK;
SDR 16 TDI (FBBB);
RUNTEST 1000 TCK;
SDR 16 TDI (FFFF);
RUNTEST 1000 TCK;
SDR 16 TDI (FFFF);
RUNTEST 1000 TCK;
SDR 16 TDI (7FFF);
RUNTEST 1000 TCK;
SDR 16 TDI (3FFA);
RUNTEST 1000 TCK;
SDR 16 TDI (FFF7);
RUNTEST 1000 TCK;
SDR 16 TDI (BFFF);
RUNTEST 1000 TCK;
SDR 16 TDI (BAF7);
RUNTEST 1000 TCK;
SDR 16 TDI (CFFF);
RUNTEST 1000 TCK;
SDR 16 TDI (BBEF);
RUNTEST 1000 TCK;
SDR 16 TDI (FFFB);
RUNTEST 1000 TCK;
SDR 16 TDI (7FFE);
RUNTEST 1000 TCK;
SDR 16 TDI (FEFD);
RUNTEST 1000 TCK;
SDR 16 TDI (7FFF);
RUNTEST 1000 TCK;
SDR 16 TDI (FFFF);
RUNTEST 1000 TCK;
SDR 16 TDI (BFFF);
RUNTEST 1000 TCK;
SDR 16 TDI (FFFF);
RUNTEST 1000 TCK;
SDR 16 TDI (DBFF);
RUNTEST 1000 TCK;
SDR 16 TDI (FFFF);
RUNTEST 1000 TCK;
SDR 16 TDI (7FFF);
RUNTEST 1000 TCK;
SDR 16 TDI (B7FF);
RUNTEST 1000 TCK;
SDR 16 TDI (FFFF);
RUNTEST 1000 TCK;
SDR 16 TDI (F55E);
RUNTEST 1000 TCK;
SDR 16 TDI (A7F7);
RUNTEST 1000 TCK;
SDR 16 TDI (F56F);
RUNTEST 1000 TCK;
SDR 16 TDI (FDFF);
RUNTEST 1000 TCK;
SDR 16 TDI (EFFB);
RUNTEST 1000 TCK;
SDR 16 TDI (77F7);
RUNTEST 1000 TCK;
SDR 16 TDI (6511);
RUNTEST 1000 TCK;
SDR 16 TDI (FFDF);
RUNTEST 1000 TCK;
SDR 16 TDI (FFDD);
RUNTEST 1000 TCK;
SDR 16 TDI (BEB7);
RUNTEST 1000 TCK;
SDR 16 TDI (3B7E);
RUNTEST 1000 TCK;
SDR 16 TDI (914C);
RUNTEST 1000 TCK;
SDR 16 TDI (3FF3);
RUNTEST 1000 TCK;
SDR 16 TDI (7773);
RUNTEST 1000 TCK;
SDR 16 TDI (45F7);
RUNTEST 1000 TCK;
SDR 16 TDI (FFFF);
RUNTEST 1000 TCK;
SDR 16 TDI (FFFF);
RUNTEST 1000 TCK;
SDR 16 TDI (BAEF);
RUNTEST 1000 TCK;
SDR 16 TDI (FFBF);
RUNTEST 1000 TCK;
SDR 16 TDI (BFFF);
RUNTEST 1000 TCK;
SDR 16 TDI (FFFF);
RUNTEST 1000 TCK;
SDR 16 TDI (7FFB);
RUNTEST 1000 TCK;
SDR 16 TDI (FDFF);
RUNTEST 1000 TCK;
SDR 16 TDI (FFFF);
RUNTEST 1000 TCK;
SDR 16 TDI (DFFF);
RUNTEST 1000 TCK;
SDR 16 TDI (BFDC);
RUNTEST 1000 TCK;
SDR 16 TDI (CEFF);
RUNTEST 1000 TCK;
SDR 16 TDI (FFFF);
RUNTEST 1000 TCK;
SDR 16 TDI (FBFF);
RUNTEST 1000 TCK;
SDR 16 TDI (7F7F);
RUNTEST 1000 TCK;
SDR 16 TDI (FBEE);
RUNTEST 1000 TCK;
SDR 16 TDI (2FB7);
RUNTEST 1000 TCK;
SDR 16 TDI (987F);
RUNTEST 1000 TCK;
SDR 16 TDI (B578);
RUNTEST 1000 TCK;
SDR 16 TDI (DFFF);
RUNTEST 1000 TCK;
SDR 16 TDI (FFB3);
RUNTEST 1000 TCK;
SDR 16 TDI (FFFF);
RUNTEST 1000 TCK;
SDR 16 TDI (7FFC);
RUNTEST 1000 TCK;
SDR 16 TDI (BF88);
RUNTEST 1000 TCK;
SDR 16 TDI (FFFF);
RUNTEST 1000 TCK;
SDR 16 TDI (FFFF);
RUNTEST 1000 TCK;
SDR 16 TDI (BFFF);
RUNTEST 1000 TCK;
SDR 16 TDI (FFFF);
RUNTEST 1000 TCK;
SDR 16 TDI (FFFF);
RUNTEST 1000 TCK;
SDR 16 TDI (FFFF);
RUNTEST 1000 TCK;
SDR 16 TDI (7FFF);
RUNTEST 1000 TCK;
SDR 16 TDI (FFFF);
RUNTEST 1000 TCK;
SDR 16 TDI (FFBF);
RUNTEST 1000 TCK;
SDR 16 TDI (AAA9);
RUNTEST 1000 TCK;
SDR 16 TDI (BEEB);
RUNTEST 1000 TCK;
SDR 16 TDI (3BB3);
RUNTEST 1000 TCK;
SDR 16 TDI (FE37);
RUNTEST 1000 TCK;
SDR 16 TDI (7FBF);
RUNTEST 1000 TCK;
SDR 16 TDI (7FFE);
RUNTEST 1000 TCK;
SDR 16 TDI (9EFF);
RUNTEST 1000 TCK;
SDR 16 TDI (FDED);
RUNTEST 1000 TCK;
SDR 16 TDI (E7FE);
RUNTEST 1000 TCK;
SDR 16 TDI (ABCF);
RUNTEST 1000 TCK;
SDR 16 TDI (E7F7);
RUNTEST 1000 TCK;
SDR 16 TDI (6EFF);
RUNTEST 1000 TCK;
SDR 16 TDI (DFED);
RUNTEST 1000 TCK;
SDR 16 TDI (7DFF);
RUNTEST 1000 TCK;
SDR 16 TDI (FA7F);
RUNTEST 1000 TCK;
SDR 16 TDI (3FFF);
RUNTEST 1000 TCK;
SDR 16 TDI (FFFF);
RUNTEST 1000 TCK;
SDR 16 TDI (A55F);
RUNTEST 1000 TCK;
SDR 16 TDI (FF3F);
RUNTEST 1000 TCK;
SDR 16 TDI (3EFF);
RUNTEST 1000 TCK;
SDR 16 TDI (FFFF);
RUNTEST 1000 TCK;
SDR 16 TDI (7FE0);
RUNTEST 1000 TCK;
SDR 16 TDI (1F7F);
RUNTEST 1000 TCK;
SDR 16 TDI (FF9F);
RUNTEST 1000 TCK;
SDR 16 TDI (DD77);
RUNTEST 1000 TCK;
SDR 16 TDI (BF94);
RUNTEST 1000 TCK;
SDR 16 TDI (96DF);
RUNTEST 1000 TCK;
SDR 16 TDI (FE00);
RUNTEST 1000 TCK;
SDR 16 TDI (3E00);
RUNTEST 1000 TCK;
SDR 16 TDI (6001);
RUNTEST 1000 TCK;
SDR 16 TDI (DB7D);
RUNTEST 1000 TCK;
SDR 16 TDI (5F18);
RUNTEST 1000 TCK;
SDR 16 TDI (7A87);
RUNTEST 1000 TCK;
SDR 16 TDI (A722);
RUNTEST 1000 TCK;
SDR 16 TDI (DFC1);
RUNTEST 1000 TCK;
SDR 16 TDI (B6B7);
RUNTEST 1000 TCK;
SDR 16 TDI (DFFC);
RUNTEST 1000 TCK;
SDR 16 TDI (63E7);
RUNTEST 1000 TCK;
SDR 16 TDI (153C);
RUNTEST 1000 TCK;
SDR 16 TDI (7FFF);
RUNTEST 1000 TCK;
SDR 16 TDI (FFFF);
RUNTEST 1000 TCK;
SDR 16 TDI (AFFF);
RUNTEST 1000 TCK;
SDR 16 TDI (FF3F);
RUNTEST 1000 TCK;
SDR 16 TDI (37FF);
RUNTEST 1000 TCK;
SDR 16 TDI (FFFF);
RUNTEST 1000 TCK;
SDR 16 TDI (7FE0);
RUNTEST 1000 TCK;
SDR 16 TDI (1BFF);
RUNTEST 1000 TCK;
SDR 16 TDI (FF9F);
RUNTEST 1000 TCK;
SDR 16 TDI (E719);
RUNTEST 1000 TCK;
SDR 16 TDI (ADDC);
RUNTEST 1000 TCK;
SDR 16 TDI (9D73);
RUNTEST 1000 TCK;
SDR 16 TDI (FE00);
RUNTEST 1000 TCK;
SDR 16 TDI (3700);
RUNTEST 1000 TCK;
SDR 16 TDI (6000);
RUNTEST 1000 TCK;
SDR 16 TDI (D58C);
RUNTEST 1000 TCK;
SDR 16 TDI (5B80);
RUNTEST 1000 TCK;
SDR 16 TDI (0086);
RUNTEST 1000 TCK;
SDR 16 TDI (A250);
RUNTEST 1000 TCK;
SDR 16 TDI (66E0);
RUNTEST 1000 TCK;
SDR 16 TDI (6AA2);
RUNTEST 1000 TCK;
SDR 16 TDI (DFEC);
RUNTEST 1000 TCK;
SDR 16 TDI (63F2);
RUNTEST 1000 TCK;
SDR 16 TDI (1430);
RUNTEST 1000 TCK;
SDR 16 TDI (FFFF);
RUNTEST 1000 TCK;
SDR 16 TDI (FFFF);
RUNTEST 1000 TCK;
SDR 16 TDI (B55F);
RUNTEST 1000 TCK;
SDR 16 TDI (FF3F);
RUNTEST 1000 TCK;
SDR 16 TDI (1FFF);
RUNTEST 1000 TCK;
SDR 16 TDI (FFFF);
RUNTEST 1000 TCK;
SDR 16 TDI (7FE0);
RUNTEST 1000 TCK;
SDR 16 TDI (1FFF);
RUNTEST 1000 TCK;
SDR 16 TDI (FF9F);
RUNTEST 1000 TCK;
SDR 16 TDI (C48E);
RUNTEST 1000 TCK;
SDR 16 TDI (A7E7);
RUNTEST 1000 TCK;
SDR 16 TDI (E463);
RUNTEST 1000 TCK;
SDR 16 TDI (FFC0);
RUNTEST 1000 TCK;
SDR 16 TDI (3F00);
RUNTEST 1000 TCK;
SDR 16 TDI (6001);
RUNTEST 1000 TCK;
SDR 16 TDI (9D19);
RUNTEST 1000 TCK;
SDR 16 TDI (2FC8);
RUNTEST 1000 TCK;
SDR 16 TDI (4C87);
RUNTEST 1000 TCK;
SDR 16 TDI (A4EE);
RUNTEST 1000 TCK;
SDR 16 TDI (C3E0);
RUNTEST 1000 TCK;
SDR 16 TDI (22F3);
RUNTEST 1000 TCK;
SDR 16 TDI (9FF8);
RUNTEST 1000 TCK;
SDR 16 TDI (61F9);
RUNTEST 1000 TCK;
SDR 16 TDI (FBBB);
RUNTEST 1000 TCK;
SDR 16 TDI (3FFF);
RUNTEST 1000 TCK;
SDR 16 TDI (FFFF);
RUNTEST 1000 TCK;
SDR 16 TDI (BFFF);
RUNTEST 1000 TCK;
SDR 16 TDI (FF3F);
RUNTEST 1000 TCK;
SDR 16 TDI (3FFF);
RUNTEST 1000 TCK;
SDR 16 TDI (FFFF);
RUNTEST 1000 TCK;
SDR 16 TDI (5FE0);
RUNTEST 1000 TCK;
SDR 16 TDI (1FFF);
RUNTEST 1000 TCK;
SDR 16 TDI (FF9F);
RUNTEST 1000 TCK;
SDR 16 TDI (E218);
RUNTEST 1000 TCK;
SDR 16 TDI (BFCA);
RUNTEST 1000 TCK;
SDR 16 TDI (4A73);
RUNTEST 1000 TCK;
SDR 16 TDI (FD80);
RUNTEST 1000 TCK;
SDR 16 TDI (3F00);
RUNTEST 1000 TCK;
SDR 16 TDI (6000);
RUNTEST 1000 TCK;
SDR 16 TDI (8188);
RUNTEST 1000 TCK;
SDR 16 TDI (FFF8);
RUNTEST 1000 TCK;
SDR 16 TDI (1B86);
RUNTEST 1000 TCK;
SDR 16 TDI (BCCE);
RUNTEST 1000 TCK;
SDR 16 TDI (E7E0);
RUNTEST 1000 TCK;
SDR 16 TDI (7232);
RUNTEST 1000 TCK;
SDR 16 TDI (9FE8);
RUNTEST 1000 TCK;
SDR 16 TDI (63F9);
RUNTEST 1000 TCK;
SDR 16 TDI (CA8B);
RUNTEST 1000 TCK;
SDR 16 TDI (3FFF);
RUNTEST 1000 TCK;
SDR 16 TDI (FFFF);
RUNTEST 1000 TCK;
SDR 16 TDI (BFFF);
RUNTEST 1000 TCK;
SDR 16 TDI (3333);
RUNTEST 1000 TCK;
SDR 16 TDI (BF33);
RUNTEST 1000 TCK;
SDR 16 TDI (333C);
RUNTEST 1000 TCK;
SDR 16 TDI (799D);
RUNTEST 1000 TCK;
SDR 16 TDI (9F99);
RUNTEST 1000 TCK;
SDR 16 TDI (99BE);
RUNTEST 1000 TCK;
SDR 16 TDI (232B);
RUNTEST 1000 TCK;
SDR 16 TDI (AFD8);
RUNTEST 1000 TCK;
SDR 16 TDI (D8AB);
RUNTEST 1000 TCK;
SDR 16 TDI (333B);
RUNTEST 1000 TCK;
SDR 16 TDI (BF33);
RUNTEST 1000 TCK;
SDR 16 TDI (6EEE);
RUNTEST 1000 TCK;
SDR 16 TDI (CCCD);
RUNTEST 1000 TCK;
SDR 16 TDI (BF99);
RUNTEST 1000 TCK;
SDR 16 TDI (899F);
RUNTEST 1000 TCK;
SDR 16 TDI (A664);
RUNTEST 1000 TCK;
SDR 16 TDI (27EE);
RUNTEST 1000 TCK;
SDR 16 TDI (4462);
RUNTEST 1000 TCK;
SDR 16 TDI (9981);
RUNTEST 1000 TCK;
SDR 16 TDI (7BF3);
RUNTEST 1000 TCK;
SDR 16 TDI (3333);
RUNTEST 1000 TCK;
SDR 16 TDI (3FFF);
RUNTEST 1000 TCK;
SDR 16 TDI (FFFF);
RUNTEST 1000 TCK;
SDR 16 TDI (BFFF);
RUNTEST 1000 TCK;
SDR 16 TDI (7737);
RUNTEST 1000 TCK;
SDR 16 TDI (0ABB);
RUNTEST 1000 TCK;
SDR 16 TDI (BBBD);
RUNTEST 1000 TCK;
SDR 16 TDI (7BB9);
RUNTEST 1000 TCK;
SDR 16 TDI (955D);
RUNTEST 1000 TCK;
SDR 16 TDI (DD9E);
RUNTEST 1000 TCK;
SDR 16 TDI (C646);
RUNTEST 1000 TCK;
SDR 16 TDI (AA8E);
RUNTEST 1000 TCK;
SDR 16 TDI (4C47);
RUNTEST 1000 TCK;
SDR 16 TDI (7673);
RUNTEST 1000 TCK;
SDR 16 TDI (2A33);
RUNTEST 1000 TCK;
SDR 16 TDI (6667);
RUNTEST 1000 TCK;
SDR 16 TDI (9999);
RUNTEST 1000 TCK;
SDR 16 TDI (B549);
RUNTEST 1000 TCK;
SDR 16 TDI (DD9F);
RUNTEST 1000 TCK;
SDR 16 TDI (AECE);
RUNTEST 1000 TCK;
SDR 16 TDI (E546);
RUNTEST 1000 TCK;
SDR 16 TDI (6337);
RUNTEST 1000 TCK;
SDR 16 TDI (1BB9);
RUNTEST 1000 TCK;
SDR 16 TDI (72AB);
RUNTEST 1000 TCK;
SDR 16 TDI (99BB);
RUNTEST 1000 TCK;
SDR 16 TDI (777D);
RUNTEST 1000 TCK;
SDR 16 TDI (FFFF);
RUNTEST 1000 TCK;
SDR 16 TDI (B777);
RUNTEST 1000 TCK;
SDR 16 TDI (7BBB);
RUNTEST 1000 TCK;
SDR 16 TDI (BFFD);
RUNTEST 1000 TCK;
SDR 16 TDI (DDFF);
RUNTEST 1000 TCK;
SDR 16 TDI (5FFF);
RUNTEST 1000 TCK;
SDR 16 TDI (FFFF);
RUNTEST 1000 TCK;
SDR 16 TDI (FFFF);
RUNTEST 1000 TCK;
SDR 16 TDI (FFFF);
RUNTEST 1000 TCK;
SDR 16 TDI (BFFF);
RUNTEST 1000 TCK;
SDR 16 TDI (FFFF);
RUNTEST 1000 TCK;
SDR 16 TDI (FEFF);
RUNTEST 1000 TCK;
SDR 16 TDI (FFFF);
RUNTEST 1000 TCK;
SDR 16 TDI (7FEE);
RUNTEST 1000 TCK;
SDR 16 TDI (FF7F);
RUNTEST 1000 TCK;
SDR 16 TDI (FFFF);
RUNTEST 1000 TCK;
SDR 16 TDI (BBB3);
RUNTEST 1000 TCK;
SDR 16 TDI (BF9B);
RUNTEST 1000 TCK;
SDR 16 TDI (D9BB);
RUNTEST 1000 TCK;
SDR 16 TDI (FFDD);
RUNTEST 1000 TCK;
SDR 16 TDI (FEEE);
RUNTEST 1000 TCK;
SDR 16 TDI (7DDC);
RUNTEST 1000 TCK;
SDR 16 TDI (CCCD);
RUNTEST 1000 TCK;
SDR 16 TDI (DF7F);
RUNTEST 1000 TCK;
SDR 16 TDI (7BF7);
RUNTEST 1000 TCK;
SDR 16 TDI (B77F);
RUNTEST 1000 TCK;
SDR 16 TDI (B7DC);
RUNTEST 1000 TCK;
SDR 16 TDI (CDFE);
RUNTEST 1000 TCK;
SDR 16 TDI (DFEC);
RUNTEST 1000 TCK;
SDR 16 TDI (7FE7);
RUNTEST 1000 TCK;
SDR 16 TDI (FF77);
RUNTEST 1000 TCK;
SDR 16 TDI (EEE7);
RUNTEST 1000 TCK;
SDR 16 TDI (FFFD);
RUNTEST 1000 TCK;
SDR 16 TDI (BBBB);
RUNTEST 1000 TCK;
SDR 16 TDI (FF77);
RUNTEST 1000 TCK;
SDR 16 TDI (77EE);
RUNTEST 1000 TCK;
SDR 16 TDI (EFFF);
RUNTEST 1000 TCK;
SDR 16 TDI (7FFF);
RUNTEST 1000 TCK;
SDR 16 TDI (FFFF);
RUNTEST 1000 TCK;
SDR 16 TDI (FFFF);
RUNTEST 1000 TCK;
SDR 16 TDI (FFFF);
RUNTEST 1000 TCK;
SDR 16 TDI (BFFF);
RUNTEST 1000 TCK;
SDR 16 TDI (7DFF);
RUNTEST 1000 TCK;
SDR 16 TDI (FFFB);
RUNTEST 1000 TCK;
SDR 16 TDI (FF7F);
RUNTEST 1000 TCK;
SDR 16 TDI (7FFF);
RUNTEST 1000 TCK;
SDR 16 TDI (FFFF);
RUNTEST 1000 TCK;
SDR 16 TDI (FFFC);
RUNTEST 1000 TCK;
SDR 16 TDI (FFEB);
RUNTEST 1000 TCK;
SDR 16 TDI (BFFF);
RUNTEST 1000 TCK;
SDR 16 TDI (5FEE);
RUNTEST 1000 TCK;
SDR 16 TDI (FFFF);
RUNTEST 1000 TCK;
SDR 16 TDI (BFEF);
RUNTEST 1000 TCK;
SDR 16 TDI (7FDF);
RUNTEST 1000 TCK;
SDR 16 TDI (BDFC);
RUNTEST 1000 TCK;
SDR 16 TDI (FFFF);
RUNTEST 1000 TCK;
SDR 16 TDI (DDFB);
RUNTEST 1000 TCK;
SDR 16 TDI (BDED);
RUNTEST 1000 TCK;
SDR 16 TDI (6FF5);
RUNTEST 1000 TCK;
SDR 16 TDI (FAFB);
RUNTEST 1000 TCK;
SDR 16 TDI (75F7);
RUNTEST 1000 TCK;
SDR 16 TDI (7FFB);
RUNTEST 1000 TCK;
SDR 16 TDI (BBFF);
RUNTEST 1000 TCK;
SDR 16 TDI (FFDF);
RUNTEST 1000 TCK;
SDR 16 TDI (FFFF);
RUNTEST 1000 TCK;
SDR 16 TDI (BFFF);
RUNTEST 1000 TCK;
SDR 16 TDI (FFFF);
RUNTEST 1000 TCK;
SDR 16 TDI (FFFF);
RUNTEST 1000 TCK;
SDR 16 TDI (FFFF);
RUNTEST 1000 TCK;
SDR 16 TDI (7FFF);
RUNTEST 1000 TCK;
SDR 16 TDI (FFFF);
RUNTEST 1000 TCK;
SDR 16 TDI (FFFF);
RUNTEST 1000 TCK;
SDR 16 TDI (FFFF);
RUNTEST 1000 TCK;
SDR 16 TDI (BFFF);
RUNTEST 1000 TCK;
SDR 16 TDI (FFFD);
RUNTEST 1000 TCK;
SDR 16 TDI (FFFF);
RUNTEST 1000 TCK;
SDR 16 TDI (FFFF);
RUNTEST 1000 TCK;
SDR 16 TDI (5577);
RUNTEST 1000 TCK;
SDR 16 TDI (FFFE);
RUNTEST 1000 TCK;
SDR 16 TDI (D6F7);
RUNTEST 1000 TCK;
SDR 16 TDI (FFFE);
RUNTEST 1000 TCK;
SDR 16 TDI (BFE6);
RUNTEST 1000 TCK;
SDR 16 TDI (FEFB);
RUNTEST 1000 TCK;
SDR 16 TDI (7FFD);
RUNTEST 1000 TCK;
SDR 16 TDI (FFBB);
RUNTEST 1000 TCK;
SDR 16 TDI (7FFF);
RUNTEST 1000 TCK;
SDR 16 TDI (FFFF);
RUNTEST 1000 TCK;
SDR 16 TDI (BFDD);
RUNTEST 1000 TCK;
SDR 16 TDI (FEF7);
RUNTEST 1000 TCK;
SDR 16 TDI (AF7F);
RUNTEST 1000 TCK;
SDR 16 TDI (FFFF);
RUNTEST 1000 TCK;
SDR 16 TDI (77EF);
RUNTEST 1000 TCK;
SDR 16 TDI (BFBB);
RUNTEST 1000 TCK;
SDR 16 TDI (7FFF);
RUNTEST 1000 TCK;
SDR 16 TDI (FFBF);
RUNTEST 1000 TCK;
SDR 16 TDI (FFFF);
RUNTEST 1000 TCK;
SDR 16 TDI (FFFF);
RUNTEST 1000 TCK;
SDR 16 TDI (BFFF);
RUNTEST 1000 TCK;
SDR 16 TDI (FFFF);
RUNTEST 1000 TCK;
SDR 16 TDI (FFFF);
RUNTEST 1000 TCK;
SDR 16 TDI (FFFF);
RUNTEST 1000 TCK;
SDR 16 TDI (7FFF);
RUNTEST 1000 TCK;
SDR 16 TDI (FFFF);
RUNTEST 1000 TCK;
SDR 16 TDI (FFFF);
RUNTEST 1000 TCK;
SDR 16 TDI (FFFF);
RUNTEST 1000 TCK;
SDR 16 TDI (AFFF);
RUNTEST 1000 TCK;
SDR 16 TDI (FDFD);
RUNTEST 1000 TCK;
SDR 16 TDI (FFFB);
RUNTEST 1000 TCK;
SDR 16 TDI (FFFF);
RUNTEST 1000 TCK;
SDR 16 TDI (7FFF);
RUNTEST 1000 TCK;
SDR 16 TDI (FFFF);
RUNTEST 1000 TCK;
SDR 16 TDI (EFFF);
RUNTEST 1000 TCK;
SDR 16 TDI (7FFF);
RUNTEST 1000 TCK;
SDR 16 TDI (AFEF);
RUNTEST 1000 TCK;
SDR 16 TDI (FFF6);
RUNTEST 1000 TCK;
SDR 16 TDI (FFFE);
RUNTEST 1000 TCK;
SDR 16 TDI (7F9F);
RUNTEST 1000 TCK;
SDR 16 TDI (7FFF);
RUNTEST 1000 TCK;
SDR 16 TDI (BDFA);
RUNTEST 1000 TCK;
SDR 16 TDI (BFDF);
RUNTEST 1000 TCK;
SDR 16 TDI (DFEF);
RUNTEST 1000 TCK;
SDR 16 TDI (BFFA);
RUNTEST 1000 TCK;
SDR 16 TDI (EFF7);
RUNTEST 1000 TCK;
SDR 16 TDI (FFFD);
RUNTEST 1000 TCK;
SDR 16 TDI (F5FF);
RUNTEST 1000 TCK;
SDR 16 TDI (7FFB);
RUNTEST 1000 TCK;
SDR 16 TDI (FFFF);
RUNTEST 1000 TCK;
SDR 16 TDI (FFDF);
RUNTEST 1000 TCK;
SDR 16 TDI (FFFF);
RUNTEST 1000 TCK;
SDR 16 TDI (BFFF);
RUNTEST 1000 TCK;
SDR 16 TDI (FFFF);
RUNTEST 1000 TCK;
SDR 16 TDI (FFFF);
RUNTEST 1000 TCK;
SDR 16 TDI (FFFF);
RUNTEST 1000 TCK;
SDR 16 TDI (7FFF);
RUNTEST 1000 TCK;
SDR 16 TDI (FFFF);
RUNTEST 1000 TCK;
SDR 16 TDI (FFFF);
RUNTEST 1000 TCK;
SDR 16 TDI (FFFF);
RUNTEST 1000 TCK;
SDR 16 TDI (AFFF);
RUNTEST 1000 TCK;
SDR 16 TDI (7FFF);
RUNTEST 1000 TCK;
SDR 16 TDI (FFFF);
RUNTEST 1000 TCK;
SDR 16 TDI (FF7F);
RUNTEST 1000 TCK;
SDR 16 TDI (7FFF);
RUNTEST 1000 TCK;
SDR 16 TDI (FFFF);
RUNTEST 1000 TCK;
SDR 16 TDI (DFF5);
RUNTEST 1000 TCK;
SDR 16 TDI (FFEB);
RUNTEST 1000 TCK;
SDR 16 TDI (BFFE);
RUNTEST 1000 TCK;
SDR 16 TDI (AEDF);
RUNTEST 1000 TCK;
SDR 16 TDI (BFFF);
RUNTEST 1000 TCK;
SDR 16 TDI (FFFB);
RUNTEST 1000 TCK;
SDR 16 TDI (7FBF);
RUNTEST 1000 TCK;
SDR 16 TDI (FFFF);
RUNTEST 1000 TCK;
SDR 16 TDI (FFFD);
RUNTEST 1000 TCK;
SDR 16 TDI (FDFB);
RUNTEST 1000 TCK;
SDR 16 TDI (B5EF);
RUNTEST 1000 TCK;
SDR 16 TDI (FFFD);
RUNTEST 1000 TCK;
SDR 16 TDI (72FE);
RUNTEST 1000 TCK;
SDR 16 TDI (DFCB);
RUNTEST 1000 TCK;
SDR 16 TDI (7FFF);
RUNTEST 1000 TCK;
SDR 16 TDI (BBBF);
RUNTEST 1000 TCK;
SDR 16 TDI (FFFF);
RUNTEST 1000 TCK;
SDR 16 TDI (FFFF);
RUNTEST 1000 TCK;
SDR 16 TDI (BFFF);
RUNTEST 1000 TCK;
SDR 16 TDI (FFFF);
RUNTEST 1000 TCK;
SDR 16 TDI (FFFF);
RUNTEST 1000 TCK;
SDR 16 TDI (FFFF);
RUNTEST 1000 TCK;
SDR 16 TDI (7FFF);
RUNTEST 1000 TCK;
SDR 16 TDI (FFFF);
RUNTEST 1000 TCK;
SDR 16 TDI (FFFF);
RUNTEST 1000 TCK;
SDR 16 TDI (FFFF);
RUNTEST 1000 TCK;
SDR 16 TDI (BFFF);
RUNTEST 1000 TCK;
SDR 16 TDI (BFFF);
RUNTEST 1000 TCK;
SDR 16 TDI (FFFF);
RUNTEST 1000 TCK;
SDR 16 TDI (FFFF);
RUNTEST 1000 TCK;
SDR 16 TDI (5BBF);
RUNTEST 1000 TCK;
SDR 16 TDI (FFFF);
RUNTEST 1000 TCK;
SDR 16 TDI (FF7F);
RUNTEST 1000 TCK;
SDR 16 TDI (FFFF);
RUNTEST 1000 TCK;
SDR 16 TDI (BFF5);
RUNTEST 1000 TCK;
SDR 16 TDI (7FFF);
RUNTEST 1000 TCK;
SDR 16 TDI (7FFF);
RUNTEST 1000 TCK;
SDR 16 TDI (FFFE);
RUNTEST 1000 TCK;
SDR 16 TDI (7FFF);
RUNTEST 1000 TCK;
SDR 16 TDI (FFF5);
RUNTEST 1000 TCK;
SDR 16 TDI (DFEF);
RUNTEST 1000 TCK;
SDR 16 TDI (6FBF);
RUNTEST 1000 TCK;
SDR 16 TDI (BFFD);
RUNTEST 1000 TCK;
SDR 16 TDI (EFEF);
RUNTEST 1000 TCK;
SDR 16 TDI (FFFF);
RUNTEST 1000 TCK;
SDR 16 TDI (FFFF);
RUNTEST 1000 TCK;
SDR 16 TDI (6FFB);
RUNTEST 1000 TCK;
SDR 16 TDI (5EFD);
RUNTEST 1000 TCK;
SDR 16 TDI (FFFF);
RUNTEST 1000 TCK;
SDR 16 TDI (FFFF);
RUNTEST 1000 TCK;
SDR 16 TDI (BFFF);
RUNTEST 1000 TCK;
SDR 16 TDI (FFFF);
RUNTEST 1000 TCK;
SDR 16 TDI (FFFF);
RUNTEST 1000 TCK;
SDR 16 TDI (FFFF);
RUNTEST 1000 TCK;
SDR 16 TDI (5FFF);
RUNTEST 1000 TCK;
SDR 16 TDI (FFFF);
RUNTEST 1000 TCK;
SDR 16 TDI (FFFF);
RUNTEST 1000 TCK;
SDR 16 TDI (FFFF);
RUNTEST 1000 TCK;
SDR 16 TDI (BFFF);
RUNTEST 1000 TCK;
SDR 16 TDI (FFEF);
RUNTEST 1000 TCK;
SDR 16 TDI (FFFF);
RUNTEST 1000 TCK;
SDR 16 TDI (FFFD);
RUNTEST 1000 TCK;
SDR 16 TDI (7FFF);
RUNTEST 1000 TCK;
SDR 16 TDI (FFFD);
RUNTEST 1000 TCK;
SDR 16 TDI (DFFB);
RUNTEST 1000 TCK;
SDR 16 TDI (7FAF);
RUNTEST 1000 TCK;
SDR 16 TDI (BFFF);
RUNTEST 1000 TCK;
SDR 16 TDI (EFFE);
RUNTEST 1000 TCK;
SDR 16 TDI (FFEF);
RUNTEST 1000 TCK;
SDR 16 TDI (FFFF);
RUNTEST 1000 TCK;
SDR 16 TDI (77DF);
RUNTEST 1000 TCK;
SDR 16 TDI (FFFF);
RUNTEST 1000 TCK;
SDR 16 TDI (7FBF);
RUNTEST 1000 TCK;
SDR 16 TDI (FCF9);
RUNTEST 1000 TCK;
SDR 16 TDI (BFFF);
RUNTEST 1000 TCK;
SDR 16 TDI (FFFF);
RUNTEST 1000 TCK;
SDR 16 TDI (F77D);
RUNTEST 1000 TCK;
SDR 16 TDI (FFDD);
RUNTEST 1000 TCK;
SDR 16 TDI (7FFF);
RUNTEST 1000 TCK;
SDR 16 TDI (FFFF);
RUNTEST 1000 TCK;
SDR 16 TDI (FFFF);
RUNTEST 1000 TCK;
SDR 16 TDI (FFFF);
RUNTEST 1000 TCK;
SDR 16 TDI (BFFF);
RUNTEST 1000 TCK;
SDR 16 TDI (FFFF);
RUNTEST 1000 TCK;
SDR 16 TDI (FFFF);
RUNTEST 1000 TCK;
SDR 16 TDI (FFFF);
RUNTEST 1000 TCK;
SDR 16 TDI (7FFF);
RUNTEST 1000 TCK;
SDR 16 TDI (FFFF);
RUNTEST 1000 TCK;
SDR 16 TDI (FFFF);
RUNTEST 1000 TCK;
SDR 16 TDI (FFFF);
RUNTEST 1000 TCK;
SDR 16 TDI (BFFF);
RUNTEST 1000 TCK;
SDR 16 TDI (FFDF);
RUNTEST 1000 TCK;
SDR 16 TDI (FFFF);
RUNTEST 1000 TCK;
SDR 16 TDI (FFFD);
RUNTEST 1000 TCK;
SDR 16 TDI (7BFF);
RUNTEST 1000 TCK;
SDR 16 TDI (7FEF);
RUNTEST 1000 TCK;
SDR 16 TDI (DF7B);
RUNTEST 1000 TCK;
SDR 16 TDI (FDAF);
RUNTEST 1000 TCK;
SDR 16 TDI (BFFA);
RUNTEST 1000 TCK;
SDR 16 TDI (BFFD);
RUNTEST 1000 TCK;
SDR 16 TDI (FEFF);
RUNTEST 1000 TCK;
SDR 16 TDI (FFDE);
RUNTEST 1000 TCK;
SDR 16 TDI (7FCF);
RUNTEST 1000 TCK;
SDR 16 TDI (FFEE);
RUNTEST 1000 TCK;
SDR 16 TDI (BFDF);
RUNTEST 1000 TCK;
SDR 16 TDI (3FFB);
RUNTEST 1000 TCK;
SDR 16 TDI (BFDB);
RUNTEST 1000 TCK;
SDR 16 TDI (5FF7);
RUNTEST 1000 TCK;
SDR 16 TDI (FFFD);
RUNTEST 1000 TCK;
SDR 16 TDI (FFFB);
RUNTEST 1000 TCK;
SDR 16 TDI (7FFB);
RUNTEST 1000 TCK;
SDR 16 TDI (EEFF);
RUNTEST 1000 TCK;
SDR 16 TDI (FFFF);
RUNTEST 1000 TCK;
SDR 16 TDI (FFFF);
RUNTEST 1000 TCK;
SDR 16 TDI (BFFF);
RUNTEST 1000 TCK;
SDR 16 TDI (FFFF);
RUNTEST 1000 TCK;
SDR 16 TDI (FFFF);
RUNTEST 1000 TCK;
SDR 16 TDI (FFFF);
RUNTEST 1000 TCK;
SDR 16 TDI (7FFF);
RUNTEST 1000 TCK;
SDR 16 TDI (FFFF);
RUNTEST 1000 TCK;
SDR 16 TDI (FFFF);
RUNTEST 1000 TCK;
SDR 16 TDI (FFFF);
RUNTEST 1000 TCK;
SDR 16 TDI (BFFF);
RUNTEST 1000 TCK;
SDR 16 TDI (BFFF);
RUNTEST 1000 TCK;
SDR 16 TDI (FFFF);
RUNTEST 1000 TCK;
SDR 16 TDI (FFFF);
RUNTEST 1000 TCK;
SDR 16 TDI (5FDF);
RUNTEST 1000 TCK;
SDR 16 TDI (FFFD);
RUNTEST 1000 TCK;
SDR 16 TDI (FFFF);
RUNTEST 1000 TCK;
SDR 16 TDI (7FFF);
RUNTEST 1000 TCK;
SDR 16 TDI (BFFF);
RUNTEST 1000 TCK;
SDR 16 TDI (DFFF);
RUNTEST 1000 TCK;
SDR 16 TDI (7FEF);
RUNTEST 1000 TCK;
SDR 16 TDI (FFFF);
RUNTEST 1000 TCK;
SDR 16 TDI (6FFF);
RUNTEST 1000 TCK;
SDR 16 TDI (FFFB);
RUNTEST 1000 TCK;
SDR 16 TDI (FFEF);
RUNTEST 1000 TCK;
SDR 16 TDI (F359);
RUNTEST 1000 TCK;
SDR 16 TDI (BFFF);
RUNTEST 1000 TCK;
SDR 16 TDI (F7FF);
RUNTEST 1000 TCK;
SDR 16 TDI (EEFF);
RUNTEST 1000 TCK;
SDR 16 TDI (FFDF);
RUNTEST 1000 TCK;
SDR 16 TDI (6FFF);
RUNTEST 1000 TCK;
SDR 16 TDI (7FFD);
RUNTEST 1000 TCK;
SDR 16 TDI (FFFF);
RUNTEST 1000 TCK;
SDR 16 TDI (FFFF);
RUNTEST 1000 TCK;
SDR 16 TDI (BFFF);
RUNTEST 1000 TCK;
SDR 16 TDI (FFFF);
RUNTEST 1000 TCK;
SDR 16 TDI (FFFF);
RUNTEST 1000 TCK;
SDR 16 TDI (FFFF);
RUNTEST 1000 TCK;
SDR 16 TDI (7FFF);
RUNTEST 1000 TCK;
SDR 16 TDI (FFFF);
RUNTEST 1000 TCK;
SDR 16 TDI (FFFF);
RUNTEST 1000 TCK;
SDR 16 TDI (FFFF);
RUNTEST 1000 TCK;
SDR 16 TDI (BFFF);
RUNTEST 1000 TCK;
SDR 16 TDI (FFFF);
RUNTEST 1000 TCK;
SDR 16 TDI (FFFF);
RUNTEST 1000 TCK;
SDR 16 TDI (FFFF);
RUNTEST 1000 TCK;
SDR 16 TDI (7FFF);
RUNTEST 1000 TCK;
SDR 16 TDI (FFFF);
RUNTEST 1000 TCK;
SDR 16 TDI (FFFE);
RUNTEST 1000 TCK;
SDR 16 TDI (FFFF);
RUNTEST 1000 TCK;
SDR 16 TDI (BFFD);
RUNTEST 1000 TCK;
SDR 16 TDI (977F);
RUNTEST 1000 TCK;
SDR 16 TDI (DBFF);
RUNTEST 1000 TCK;
SDR 16 TDI (FFFF);
RUNTEST 1000 TCK;
SDR 16 TDI (7FFF);
RUNTEST 1000 TCK;
SDR 16 TDI (FECF);
RUNTEST 1000 TCK;
SDR 16 TDI (FFFF);
RUNTEST 1000 TCK;
SDR 16 TDI (2BDB);
RUNTEST 1000 TCK;
SDR 16 TDI (BFFF);
RUNTEST 1000 TCK;
SDR 16 TDI (FFFF);
RUNTEST 1000 TCK;
SDR 16 TDI (F7FF);
RUNTEST 1000 TCK;
SDR 16 TDI (FFFF);
RUNTEST 1000 TCK;
SDR 16 TDI (5FFF);
RUNTEST 1000 TCK;
SDR 16 TDI (FFFF);
RUNTEST 1000 TCK;
SDR 16 TDI (FFFF);
RUNTEST 1000 TCK;
SDR 16 TDI (FFFF);
RUNTEST 1000 TCK;
SDR 16 TDI (BFFF);
RUNTEST 1000 TCK;
SDR 16 TDI (FFFF);
RUNTEST 1000 TCK;
SDR 16 TDI (FFFF);
RUNTEST 1000 TCK;
SDR 16 TDI (FFFF);
RUNTEST 1000 TCK;
SDR 16 TDI (7FFF);
RUNTEST 1000 TCK;
SDR 16 TDI (FFFF);
RUNTEST 1000 TCK;
SDR 16 TDI (FFFF);
RUNTEST 1000 TCK;
SDR 16 TDI (FFFF);
RUNTEST 1000 TCK;
SDR 16 TDI (BFFF);
RUNTEST 1000 TCK;
SDR 16 TDI (FFFF);
RUNTEST 1000 TCK;
SDR 16 TDI (FFFF);
RUNTEST 1000 TCK;
SDR 16 TDI (FFFB);
RUNTEST 1000 TCK;
SDR 16 TDI (7DFF);
RUNTEST 1000 TCK;
SDR 16 TDI (FFBF);
RUNTEST 1000 TCK;
SDR 16 TDI (FFFD);
RUNTEST 1000 TCK;
SDR 16 TDI (FFFF);
RUNTEST 1000 TCK;
SDR 16 TDI (BFDF);
RUNTEST 1000 TCK;
SDR 16 TDI (FDDF);
RUNTEST 1000 TCK;
SDR 16 TDI (FD7F);
RUNTEST 1000 TCK;
SDR 16 TDI (FF7D);
RUNTEST 1000 TCK;
SDR 16 TDI (5FFE);
RUNTEST 1000 TCK;
SDR 16 TDI (FFFD);
RUNTEST 1000 TCK;
SDR 16 TDI (FFBD);
RUNTEST 1000 TCK;
SDR 16 TDI (FF77);
RUNTEST 1000 TCK;
SDR 16 TDI (BBFB);
RUNTEST 1000 TCK;
SDR 16 TDI (FFEF);
RUNTEST 1000 TCK;
SDR 16 TDI (FD7D);
RUNTEST 1000 TCK;
SDR 16 TDI (FFF7);
RUNTEST 1000 TCK;
SDR 16 TDI (7FF7);
RUNTEST 1000 TCK;
SDR 16 TDI (7FFD);
RUNTEST 1000 TCK;
SDR 16 TDI (FFFF);
RUNTEST 1000 TCK;
SDR 16 TDI (FFDF);
RUNTEST 1000 TCK;
SDR 16 TDI (BFFF);
RUNTEST 1000 TCK;
SDR 16 TDI (FFFF);
RUNTEST 1000 TCK;
SDR 16 TDI (FFFF);
RUNTEST 1000 TCK;
SDR 16 TDI (FFFF);
RUNTEST 1000 TCK;
SDR 16 TDI (7FFF);
RUNTEST 1000 TCK;
SDR 16 TDI (FFFF);
RUNTEST 1000 TCK;
SDR 16 TDI (FFFF);
RUNTEST 1000 TCK;
SDR 16 TDI (FFFF);
RUNTEST 1000 TCK;
SDR 16 TDI (BFFF);
RUNTEST 1000 TCK;
SDR 16 TDI (FFFF);
RUNTEST 1000 TCK;
SDR 16 TDI (FFFF);
RUNTEST 1000 TCK;
SDR 16 TDI (FFF7);
RUNTEST 1000 TCK;
SDR 16 TDI (57FF);
RUNTEST 1000 TCK;
SDR 16 TDI (FFBF);
RUNTEST 1000 TCK;
SDR 16 TDI (FFFF);
RUNTEST 1000 TCK;
SDR 16 TDI (FFFF);
RUNTEST 1000 TCK;
SDR 16 TDI (BFDF);
RUNTEST 1000 TCK;
SDR 16 TDI (BFFF);
RUNTEST 1000 TCK;
SDR 16 TDI (FD7F);
RUNTEST 1000 TCK;
SDR 16 TDI (FF7F);
RUNTEST 1000 TCK;
SDR 16 TDI (7FFE);
RUNTEST 1000 TCK;
SDR 16 TDI (FEBF);
RUNTEST 1000 TCK;
SDR 16 TDI (FFBF);
RUNTEST 1000 TCK;
SDR 16 TDI (7FDF);
RUNTEST 1000 TCK;
SDR 16 TDI (BFFF);
RUNTEST 1000 TCK;
SDR 16 TDI (FFEF);
RUNTEST 1000 TCK;
SDR 16 TDI (F5FF);
RUNTEST 1000 TCK;
SDR 16 TDI (FFFF);
RUNTEST 1000 TCK;
SDR 16 TDI (7FFF);
RUNTEST 1000 TCK;
SDR 16 TDI (BFFE);
RUNTEST 1000 TCK;
SDR 16 TDI (FFFF);
RUNTEST 1000 TCK;
SDR 16 TDI (FFFF);
RUNTEST 1000 TCK;
SDR 16 TDI (BFFF);
RUNTEST 1000 TCK;
SDR 16 TDI (FFFF);
RUNTEST 1000 TCK;
SDR 16 TDI (FFFF);
RUNTEST 1000 TCK;
SDR 16 TDI (FFFF);
RUNTEST 1000 TCK;
SDR 16 TDI (5FFF);
RUNTEST 1000 TCK;
SDR 16 TDI (FFFF);
RUNTEST 1000 TCK;
SDR 16 TDI (FFFF);
RUNTEST 1000 TCK;
SDR 16 TDI (FFFF);
RUNTEST 1000 TCK;
SDR 16 TDI (BFFF);
RUNTEST 1000 TCK;
SDR 16 TDI (FFFF);
RUNTEST 1000 TCK;
SDR 16 TDI (FFFF);
RUNTEST 1000 TCK;
SDR 16 TDI (FFFF);
RUNTEST 1000 TCK;
SDR 16 TDI (7DFF);
RUNTEST 1000 TCK;
SDR 16 TDI (FFFF);
RUNTEST 1000 TCK;
SDR 16 TDI (FFFD);
RUNTEST 1000 TCK;
SDR 16 TDI (7FFF);
RUNTEST 1000 TCK;
SDR 16 TDI (BFFD);
RUNTEST 1000 TCK;
SDR 16 TDI (D55F);
RUNTEST 1000 TCK;
SDR 16 TDI (E7FF);
RUNTEST 1000 TCK;
SDR 16 TDI (FFFE);
RUNTEST 1000 TCK;
SDR 16 TDI (7FFF);
RUNTEST 1000 TCK;
SDR 16 TDI (FFED);
RUNTEST 1000 TCK;
SDR 16 TDI (FFFD);
RUNTEST 1000 TCK;
SDR 16 TDI (B373);
RUNTEST 1000 TCK;
SDR 16 TDI (BDFD);
RUNTEST 1000 TCK;
SDR 16 TDI (FFFF);
RUNTEST 1000 TCK;
SDR 16 TDI (FF7D);
RUNTEST 1000 TCK;
SDR 16 TDI (FFF7);
RUNTEST 1000 TCK;
SDR 16 TDI (5FFF);
RUNTEST 1000 TCK;
SDR 16 TDI (FFFF);
RUNTEST 1000 TCK;
SDR 16 TDI (FFFF);
RUNTEST 1000 TCK;
SDR 16 TDI (FFFF);
RUNTEST 1000 TCK;
SDR 16 TDI (BFFF);
RUNTEST 1000 TCK;
SDR 16 TDI (FFFF);
RUNTEST 1000 TCK;
SDR 16 TDI (FFFF);
RUNTEST 1000 TCK;
SDR 16 TDI (FFFF);
RUNTEST 1000 TCK;
SDR 16 TDI (7FFF);
RUNTEST 1000 TCK;
SDR 16 TDI (FFFF);
RUNTEST 1000 TCK;
SDR 16 TDI (FFFF);
RUNTEST 1000 TCK;
SDR 16 TDI (FFFF);
RUNTEST 1000 TCK;
SDR 16 TDI (B77F);
RUNTEST 1000 TCK;
SDR 16 TDI (FFFF);
RUNTEST 1000 TCK;
SDR 16 TDI (FFFF);
RUNTEST 1000 TCK;
SDR 16 TDI (FFFF);
RUNTEST 1000 TCK;
SDR 16 TDI (7FFF);
RUNTEST 1000 TCK;
SDR 16 TDI (EFFF);
RUNTEST 1000 TCK;
SDR 16 TDI (FFFF);
RUNTEST 1000 TCK;
SDR 16 TDI (FFFF);
RUNTEST 1000 TCK;
SDR 16 TDI (BFFF);
RUNTEST 1000 TCK;
SDR 16 TDI (FEFF);
RUNTEST 1000 TCK;
SDR 16 TDI (FF77);
RUNTEST 1000 TCK;
SDR 16 TDI (FF7B);
RUNTEST 1000 TCK;
SDR 16 TDI (5FF7);
RUNTEST 1000 TCK;
SDR 16 TDI (FFFF);
RUNTEST 1000 TCK;
SDR 16 TDI (7BBB);
RUNTEST 1000 TCK;
SDR 16 TDI (EFFF);
RUNTEST 1000 TCK;
SDR 16 TDI (BDCF);
RUNTEST 1000 TCK;
SDR 16 TDI (EF7B);
RUNTEST 1000 TCK;
SDR 16 TDI (77FF);
RUNTEST 1000 TCK;
SDR 16 TDI (FFFF);
RUNTEST 1000 TCK;
SDR 16 TDI (7FFF);
RUNTEST 1000 TCK;
SDR 16 TDI (FFF7);
RUNTEST 1000 TCK;
SDR 16 TDI (FFFF);
RUNTEST 1000 TCK;
SDR 16 TDI (FDFF);
RUNTEST 1000 TCK;
SDR 16 TDI (BFFF);
RUNTEST 1000 TCK;
SDR 16 TDI (FFFF);
RUNTEST 1000 TCK;
SDR 16 TDI (FFFF);
RUNTEST 1000 TCK;
SDR 16 TDI (FFFF);
RUNTEST 1000 TCK;
SDR 16 TDI (7FFF);
RUNTEST 1000 TCK;
SDR 16 TDI (FFFF);
RUNTEST 1000 TCK;
SDR 16 TDI (FFFF);
RUNTEST 1000 TCK;
SDR 16 TDI (FBBF);
RUNTEST 1000 TCK;
SDR 16 TDI (BFFF);
RUNTEST 1000 TCK;
SDR 16 TDI (FFFF);
RUNTEST 1000 TCK;
SDR 16 TDI (FFFF);
RUNTEST 1000 TCK;
SDR 16 TDI (FFFF);
RUNTEST 1000 TCK;
SDR 16 TDI (5DFF);
RUNTEST 1000 TCK;
SDR 16 TDI (FFFB);
RUNTEST 1000 TCK;
SDR 16 TDI (FFFF);
RUNTEST 1000 TCK;
SDR 16 TDI (FCFF);
RUNTEST 1000 TCK;
SDR 16 TDI (BFEE);
RUNTEST 1000 TCK;
SDR 16 TDI (FF7F);
RUNTEST 1000 TCK;
SDR 16 TDI (FFFF);
RUNTEST 1000 TCK;
SDR 16 TDI (FFDF);
RUNTEST 1000 TCK;
SDR 16 TDI (7BFF);
RUNTEST 1000 TCK;
SDR 16 TDI (FBBF);
RUNTEST 1000 TCK;
SDR 16 TDI (BFEF);
RUNTEST 1000 TCK;
SDR 16 TDI (7EEF);
RUNTEST 1000 TCK;
SDR 16 TDI (BEFF);
RUNTEST 1000 TCK;
SDR 16 TDI (FFF7);
RUNTEST 1000 TCK;
SDR 16 TDI (FFF7);
RUNTEST 1000 TCK;
SDR 16 TDI (FFBF);
RUNTEST 1000 TCK;
SDR 16 TDI (7F7F);
RUNTEST 1000 TCK;
SDR 16 TDI (FFFF);
RUNTEST 1000 TCK;
SDR 16 TDI (FFFF);
RUNTEST 1000 TCK;
SDR 16 TDI (FFFF);
RUNTEST 1000 TCK;
SDR 16 TDI (BFFF);
RUNTEST 1000 TCK;
SDR 16 TDI (FFFF);
RUNTEST 1000 TCK;
SDR 16 TDI (FFFF);
RUNTEST 1000 TCK;
SDR 16 TDI (FFFF);
RUNTEST 1000 TCK;
SDR 16 TDI (5FFF);
RUNTEST 1000 TCK;
SDR 16 TDI (FFFF);
RUNTEST 1000 TCK;
SDR 16 TDI (FFFF);
RUNTEST 1000 TCK;
SDR 16 TDI (FFFF);
RUNTEST 1000 TCK;
SDR 16 TDI (A77F);
RUNTEST 1000 TCK;
SDR 16 TDI (FFFF);
RUNTEST 1000 TCK;
SDR 16 TDI (FFFF);
RUNTEST 1000 TCK;
SDR 16 TDI (FFFF);
RUNTEST 1000 TCK;
SDR 16 TDI (7FFD);
RUNTEST 1000 TCK;
SDR 16 TDI (FFFF);
RUNTEST 1000 TCK;
SDR 16 TDI (BFDF);
RUNTEST 1000 TCK;
SDR 16 TDI (FFF7);
RUNTEST 1000 TCK;
SDR 16 TDI (BFFF);
RUNTEST 1000 TCK;
SDR 16 TDI (DFFF);
RUNTEST 1000 TCK;
SDR 16 TDI (FFFF);
RUNTEST 1000 TCK;
SDR 16 TDI (F7FF);
RUNTEST 1000 TCK;
SDR 16 TDI (777F);
RUNTEST 1000 TCK;
SDR 16 TDI (BFFB);
RUNTEST 1000 TCK;
SDR 16 TDI (FFFF);
RUNTEST 1000 TCK;
SDR 16 TDI (BBBF);
RUNTEST 1000 TCK;
SDR 16 TDI (BFFF);
RUNTEST 1000 TCK;
SDR 16 TDI (FBFF);
RUNTEST 1000 TCK;
SDR 16 TDI (FEFF);
RUNTEST 1000 TCK;
SDR 16 TDI (FFFF);
RUNTEST 1000 TCK;
SDR 16 TDI (5FFF);
RUNTEST 1000 TCK;
SDR 16 TDI (FFFF);
RUNTEST 1000 TCK;
SDR 16 TDI (FFFF);
RUNTEST 1000 TCK;
SDR 16 TDI (FFFF);
RUNTEST 1000 TCK;
SDR 16 TDI (BDFF);
RUNTEST 1000 TCK;
SDR 16 TDI (FFFF);
RUNTEST 1000 TCK;
SDR 16 TDI (FFFF);
RUNTEST 1000 TCK;
SDR 16 TDI (FFFF);
RUNTEST 1000 TCK;
SDR 16 TDI (7FFF);
RUNTEST 1000 TCK;
SDR 16 TDI (FFFF);
RUNTEST 1000 TCK;
SDR 16 TDI (FFFF);
RUNTEST 1000 TCK;
SDR 16 TDI (FB9F);
RUNTEST 1000 TCK;
SDR 16 TDI (ABFF);
RUNTEST 1000 TCK;
SDR 16 TDI (FFFF);
RUNTEST 1000 TCK;
SDR 16 TDI (FFFF);
RUNTEST 1000 TCK;
SDR 16 TDI (FFFF);
RUNTEST 1000 TCK;
SDR 16 TDI (7FDF);
RUNTEST 1000 TCK;
SDR 16 TDI (FBFF);
RUNTEST 1000 TCK;
SDR 16 TDI (FFFF);
RUNTEST 1000 TCK;
SDR 16 TDI (FFFF);
RUNTEST 1000 TCK;
SDR 16 TDI (BFFF);
RUNTEST 1000 TCK;
SDR 16 TDI (FFEF);
RUNTEST 1000 TCK;
SDR 16 TDI (FFBF);
RUNTEST 1000 TCK;
SDR 16 TDI (5F7F);
RUNTEST 1000 TCK;
SDR 16 TDI (4FEF);
RUNTEST 1000 TCK;
SDR 16 TDI (DBFF);
RUNTEST 1000 TCK;
SDR 16 TDI (D7F7);
RUNTEST 1000 TCK;
SDR 16 TDI (FF77);
RUNTEST 1000 TCK;
SDR 16 TDI (BEF7);
RUNTEST 1000 TCK;
SDR 16 TDI (FFFF);
RUNTEST 1000 TCK;
SDR 16 TDI (FFFF);
RUNTEST 1000 TCK;
SDR 16 TDI (FFFF);
RUNTEST 1000 TCK;
SDR 16 TDI (7FFF);
RUNTEST 1000 TCK;
SDR 16 TDI (FFFF);
RUNTEST 1000 TCK;
SDR 16 TDI (FFFF);
RUNTEST 1000 TCK;
SDR 16 TDI (FFFF);
RUNTEST 1000 TCK;
SDR 16 TDI (BFFF);
RUNTEST 1000 TCK;
SDR 16 TDI (FFFF);
RUNTEST 1000 TCK;
SDR 16 TDI (FFFF);
RUNTEST 1000 TCK;
SDR 16 TDI (FFFF);
RUNTEST 1000 TCK;
SDR 16 TDI (7FFF);
RUNTEST 1000 TCK;
SDR 16 TDI (FFFF);
RUNTEST 1000 TCK;
SDR 16 TDI (FFFF);
RUNTEST 1000 TCK;
SDR 16 TDI (FF5F);
RUNTEST 1000 TCK;
SDR 16 TDI (BFFF);
RUNTEST 1000 TCK;
SDR 16 TDI (FFFF);
RUNTEST 1000 TCK;
SDR 16 TDI (FFFF);
RUNTEST 1000 TCK;
SDR 16 TDI (FFFF);
RUNTEST 1000 TCK;
SDR 16 TDI (5FFF);
RUNTEST 1000 TCK;
SDR 16 TDI (DFFF);
RUNTEST 1000 TCK;
SDR 16 TDI (FBFF);
RUNTEST 1000 TCK;
SDR 16 TDI (FAFE);
RUNTEST 1000 TCK;
SDR 16 TDI (BFEB);
RUNTEST 1000 TCK;
SDR 16 TDI (EABF);
RUNTEST 1000 TCK;
SDR 16 TDI (FDFF);
RUNTEST 1000 TCK;
SDR 16 TDI (FFEF);
RUNTEST 1000 TCK;
SDR 16 TDI (7DFC);
RUNTEST 1000 TCK;
SDR 16 TDI (EEEA);
RUNTEST 1000 TCK;
SDR 16 TDI (FFFD);
RUNTEST 1000 TCK;
SDR 16 TDI (2BFF);
RUNTEST 1000 TCK;
SDR 16 TDI (BBBF);
RUNTEST 1000 TCK;
SDR 16 TDI (BFFD);
RUNTEST 1000 TCK;
SDR 16 TDI (FFFF);
RUNTEST 1000 TCK;
SDR 16 TDI (FFFF);
RUNTEST 1000 TCK;
SDR 16 TDI (7FFF);
RUNTEST 1000 TCK;
SDR 16 TDI (FFFF);
RUNTEST 1000 TCK;
SDR 16 TDI (FFFF);
RUNTEST 1000 TCK;
SDR 16 TDI (FFFF);
RUNTEST 1000 TCK;
SDR 16 TDI (BFFF);
RUNTEST 1000 TCK;
SDR 16 TDI (FFFF);
RUNTEST 1000 TCK;
SDR 16 TDI (FFFF);
RUNTEST 1000 TCK;
SDR 16 TDI (FFFF);
RUNTEST 1000 TCK;
SDR 16 TDI (7FFF);
RUNTEST 1000 TCK;
SDR 16 TDI (FFFF);
RUNTEST 1000 TCK;
SDR 16 TDI (FFFF);
RUNTEST 1000 TCK;
SDR 16 TDI (FFFF);
RUNTEST 1000 TCK;
SDR 16 TDI (BFFF);
RUNTEST 1000 TCK;
SDR 16 TDI (FFFF);
RUNTEST 1000 TCK;
SDR 16 TDI (FFFF);
RUNTEST 1000 TCK;
SDR 16 TDI (FFFE);
RUNTEST 1000 TCK;
SDR 16 TDI (7FFF);
RUNTEST 1000 TCK;
SDR 16 TDI (FFBF);
RUNTEST 1000 TCK;
SDR 16 TDI (FFFF);
RUNTEST 1000 TCK;
SDR 16 TDI (FFFF);
RUNTEST 1000 TCK;
SDR 16 TDI (B6F7);
RUNTEST 1000 TCK;
SDR 16 TDI (F7FF);
RUNTEST 1000 TCK;
SDR 16 TDI (FEFF);
RUNTEST 1000 TCK;
SDR 16 TDI (FFFF);
RUNTEST 1000 TCK;
SDR 16 TDI (7FFB);
RUNTEST 1000 TCK;
SDR 16 TDI (76F7);
RUNTEST 1000 TCK;
SDR 16 TDI (FFBF);
RUNTEST 1000 TCK;
SDR 16 TDI (FFBF);
RUNTEST 1000 TCK;
SDR 16 TDI (BFFF);
RUNTEST 1000 TCK;
SDR 16 TDI (CFF7);
RUNTEST 1000 TCK;
SDR 16 TDI (FFFF);
RUNTEST 1000 TCK;
SDR 16 TDI (FFFF);
RUNTEST 1000 TCK;
SDR 16 TDI (7FFF);
RUNTEST 1000 TCK;
SDR 16 TDI (FFFF);
RUNTEST 1000 TCK;
SDR 16 TDI (FFFF);
RUNTEST 1000 TCK;
SDR 16 TDI (FFFF);
RUNTEST 1000 TCK;
SDR 16 TDI (BFFF);
RUNTEST 1000 TCK;
SDR 16 TDI (FFFF);
RUNTEST 1000 TCK;
SDR 16 TDI (FFFF);
RUNTEST 1000 TCK;
SDR 16 TDI (FFFF);
RUNTEST 1000 TCK;
SDR 16 TDI (7FFF);
RUNTEST 1000 TCK;
SDR 16 TDI (FFFF);
RUNTEST 1000 TCK;
SDR 16 TDI (FFFF);
RUNTEST 1000 TCK;
SDR 16 TDI (FFFF);
RUNTEST 1000 TCK;
SDR 16 TDI (BFFF);
RUNTEST 1000 TCK;
SDR 16 TDI (FFFF);
RUNTEST 1000 TCK;
SDR 16 TDI (FFFF);
RUNTEST 1000 TCK;
SDR 16 TDI (FFFE);
RUNTEST 1000 TCK;
SDR 16 TDI (7FFF);
RUNTEST 1000 TCK;
SDR 16 TDI (FFBF);
RUNTEST 1000 TCK;
SDR 16 TDI (FFFF);
RUNTEST 1000 TCK;
SDR 16 TDI (F9EF);
RUNTEST 1000 TCK;
SDR 16 TDI (BFF7);
RUNTEST 1000 TCK;
SDR 16 TDI (E67F);
RUNTEST 1000 TCK;
SDR 16 TDI (FEB7);
RUNTEST 1000 TCK;
SDR 16 TDI (BF0F);
RUNTEST 1000 TCK;
SDR 16 TDI (6363);
RUNTEST 1000 TCK;
SDR 16 TDI (6766);
RUNTEST 1000 TCK;
SDR 16 TDI (5BB6);
RUNTEST 1000 TCK;
SDR 16 TDI (6E87);
RUNTEST 1000 TCK;
SDR 16 TDI (BFEF);
RUNTEST 1000 TCK;
SDR 16 TDI (F7F7);
RUNTEST 1000 TCK;
SDR 16 TDI (F77F);
RUNTEST 1000 TCK;
SDR 16 TDI (FFBF);
RUNTEST 1000 TCK;
SDR 16 TDI (7FFF);
RUNTEST 1000 TCK;
SDR 16 TDI (FFFF);
RUNTEST 1000 TCK;
SDR 16 TDI (FFFF);
RUNTEST 1000 TCK;
SDR 16 TDI (FDFF);
RUNTEST 1000 TCK;
SDR 16 TDI (BDFF);
RUNTEST 1000 TCK;
SDR 16 TDI (FFFF);
RUNTEST 1000 TCK;
SDR 16 TDI (FFFF);
RUNTEST 1000 TCK;
SDR 16 TDI (FFFF);
RUNTEST 1000 TCK;
SDR 16 TDI (7FFF);
RUNTEST 1000 TCK;
SDR 16 TDI (FFFF);
RUNTEST 1000 TCK;
SDR 16 TDI (FFFF);
RUNTEST 1000 TCK;
SDR 16 TDI (FFFF);
RUNTEST 1000 TCK;
SDR 16 TDI (BAEF);
RUNTEST 1000 TCK;
SDR 16 TDI (FFFF);
RUNTEST 1000 TCK;
SDR 16 TDI (FFFF);
RUNTEST 1000 TCK;
SDR 16 TDI (FFFF);
RUNTEST 1000 TCK;
SDR 16 TDI (7FDF);
RUNTEST 1000 TCK;
SDR 16 TDI (DDFD);
RUNTEST 1000 TCK;
SDR 16 TDI (DBDF);
RUNTEST 1000 TCK;
SDR 16 TDI (FEFF);
RUNTEST 1000 TCK;
SDR 16 TDI (ABFF);
RUNTEST 1000 TCK;
SDR 16 TDI (FB9F);
RUNTEST 1000 TCK;
SDR 16 TDI (FFFF);
RUNTEST 1000 TCK;
SDR 16 TDI (F7FF);
RUNTEST 1000 TCK;
SDR 16 TDI (7FFC);
RUNTEST 1000 TCK;
SDR 16 TDI (DBBF);
RUNTEST 1000 TCK;
SDR 16 TDI (FFCB);
RUNTEST 1000 TCK;
SDR 16 TDI (917F);
RUNTEST 1000 TCK;
SDR 16 TDI (BCD7);
RUNTEST 1000 TCK;
SDR 16 TDI (CAFB);
RUNTEST 1000 TCK;
SDR 16 TDI (7FF7);
RUNTEST 1000 TCK;
SDR 16 TDI (FFFF);
RUNTEST 1000 TCK;
SDR 16 TDI (7FFF);
RUNTEST 1000 TCK;
SDR 16 TDI (FFFB);
RUNTEST 1000 TCK;
SDR 16 TDI (FFFF);
RUNTEST 1000 TCK;
SDR 16 TDI (FFFF);
RUNTEST 1000 TCK;
SDR 16 TDI (BFFF);
RUNTEST 1000 TCK;
SDR 16 TDI (FFFF);
RUNTEST 1000 TCK;
SDR 16 TDI (FFFF);
RUNTEST 1000 TCK;
SDR 16 TDI (FFFF);
RUNTEST 1000 TCK;
SDR 16 TDI (7FFF);
RUNTEST 1000 TCK;
SDR 16 TDI (FFFF);
RUNTEST 1000 TCK;
SDR 16 TDI (FFFF);
RUNTEST 1000 TCK;
SDR 16 TDI (D57F);
RUNTEST 1000 TCK;
SDR 16 TDI (BFFF);
RUNTEST 1000 TCK;
SDR 16 TDI (FFFF);
RUNTEST 1000 TCK;
SDR 16 TDI (FFFF);
RUNTEST 1000 TCK;
SDR 16 TDI (FFFF);
RUNTEST 1000 TCK;
SDR 16 TDI (7BFB);
RUNTEST 1000 TCK;
SDR 16 TDI (EFFF);
RUNTEST 1000 TCK;
SDR 16 TDI (FFFF);
RUNTEST 1000 TCK;
SDR 16 TDI (FF7F);
RUNTEST 1000 TCK;
SDR 16 TDI (BECA);
RUNTEST 1000 TCK;
SDR 16 TDI (DDFF);
RUNTEST 1000 TCK;
SDR 16 TDI (FD7F);
RUNTEST 1000 TCK;
SDR 16 TDI (EFFB);
RUNTEST 1000 TCK;
SDR 16 TDI (7DFF);
RUNTEST 1000 TCK;
SDR 16 TDI (BCF9);
RUNTEST 1000 TCK;
SDR 16 TDI (B7FD);
RUNTEST 1000 TCK;
SDR 16 TDI (FFFF);
RUNTEST 1000 TCK;
SDR 16 TDI (BB3F);
RUNTEST 1000 TCK;
SDR 16 TDI (BFED);
RUNTEST 1000 TCK;
SDR 16 TDI (FFFF);
RUNTEST 1000 TCK;
SDR 16 TDI (FFFF);
RUNTEST 1000 TCK;
SDR 16 TDI (5F7F);
RUNTEST 1000 TCK;
SDR 16 TDI (FFFF);
RUNTEST 1000 TCK;
SDR 16 TDI (FFFF);
RUNTEST 1000 TCK;
SDR 16 TDI (FFFF);
RUNTEST 1000 TCK;
SDR 16 TDI (BFFF);
RUNTEST 1000 TCK;
SDR 16 TDI (FFFF);
RUNTEST 1000 TCK;
SDR 16 TDI (FFFF);
RUNTEST 1000 TCK;
SDR 16 TDI (FFFF);
RUNTEST 1000 TCK;
SDR 16 TDI (7FFF);
RUNTEST 1000 TCK;
SDR 16 TDI (FFFF);
RUNTEST 1000 TCK;
SDR 16 TDI (FFFF);
RUNTEST 1000 TCK;
SDR 16 TDI (FFFF);
RUNTEST 1000 TCK;
SDR 16 TDI (A55F);
RUNTEST 1000 TCK;
SDR 16 TDI (FFFF);
RUNTEST 1000 TCK;
SDR 16 TDI (FEFF);
RUNTEST 1000 TCK;
SDR 16 TDI (FFFC);
RUNTEST 1000 TCK;
SDR 16 TDI (6181);
RUNTEST 1000 TCK;
SDR 16 TDI (9F18);
RUNTEST 1000 TCK;
SDR 16 TDI (0187);
RUNTEST 1000 TCK;
SDR 16 TDI (FE86);
RUNTEST 1000 TCK;
SDR 16 TDI (AFAC);
RUNTEST 1000 TCK;
SDR 16 TDI (2ECF);
RUNTEST 1000 TCK;
SDR 16 TDI (FEC3);
RUNTEST 1000 TCK;
SDR 16 TDI (3ED0);
RUNTEST 1000 TCK;
SDR 16 TDI (5A1B);
RUNTEST 1000 TCK;
SDR 16 TDI (BF7F);
RUNTEST 1000 TCK;
SDR 16 TDI (BF5B);
RUNTEST 1000 TCK;
SDR 16 TDI (9557);
RUNTEST 1000 TCK;
SDR 16 TDI (BD57);
RUNTEST 1000 TCK;
SDR 16 TDI (F7CA);
RUNTEST 1000 TCK;
SDR 16 TDI (0001);
RUNTEST 1000 TCK;
SDR 16 TDI (FE1F);
RUNTEST 1000 TCK;
SDR 16 TDI (7FEF);
RUNTEST 1000 TCK;
SDR 16 TDI (FFF0);
RUNTEST 1000 TCK;
SDR 16 TDI (FFFF);
RUNTEST 1000 TCK;
SDR 16 TDI (FFBF);
RUNTEST 1000 TCK;
SDR 16 TDI (B87F);
RUNTEST 1000 TCK;
SDR 16 TDI (FFFF);
RUNTEST 1000 TCK;
SDR 16 TDI (FFDF);
RUNTEST 1000 TCK;
SDR 16 TDI (FFFF);
RUNTEST 1000 TCK;
SDR 16 TDI (7FFF);
RUNTEST 1000 TCK;
SDR 16 TDI (FFEF);
RUNTEST 1000 TCK;
SDR 16 TDI (FFFF);
RUNTEST 1000 TCK;
SDR 16 TDI (EA9F);
RUNTEST 1000 TCK;
SDR 16 TDI (AFFF);
RUNTEST 1000 TCK;
SDR 16 TDI (FFFF);
RUNTEST 1000 TCK;
SDR 16 TDI (FDFF);
RUNTEST 1000 TCK;
SDR 16 TDI (FFFC);
RUNTEST 1000 TCK;
SDR 16 TDI (6181);
RUNTEST 1000 TCK;
SDR 16 TDI (9B98);
RUNTEST 1000 TCK;
SDR 16 TDI (0187);
RUNTEST 1000 TCK;
SDR 16 TDI (FE06);
RUNTEST 1000 TCK;
SDR 16 TDI (ADCC);
RUNTEST 1000 TCK;
SDR 16 TDI (0CCF);
RUNTEST 1000 TCK;
SDR 16 TDI (FE83);
RUNTEST 1000 TCK;
SDR 16 TDI (3F50);
RUNTEST 1000 TCK;
SDR 16 TDI (6A0B);
RUNTEST 1000 TCK;
SDR 16 TDI (4929);
RUNTEST 1000 TCK;
SDR 16 TDI (5F8B);
RUNTEST 1000 TCK;
SDR 16 TDI (2887);
RUNTEST 1000 TCK;
SDR 16 TDI (BF77);
RUNTEST 1000 TCK;
SDR 16 TDI (B7EE);
RUNTEST 1000 TCK;
SDR 16 TDI (0001);
RUNTEST 1000 TCK;
SDR 16 TDI (FE1F);
RUNTEST 1000 TCK;
SDR 16 TDI (7FFF);
RUNTEST 1000 TCK;
SDR 16 TDI (FFF0);
RUNTEST 1000 TCK;
SDR 16 TDI (FFFF);
RUNTEST 1000 TCK;
SDR 16 TDI (FFFF);
RUNTEST 1000 TCK;
SDR 16 TDI (B87F);
RUNTEST 1000 TCK;
SDR 16 TDI (FFFF);
RUNTEST 1000 TCK;
SDR 16 TDI (FFBF);
RUNTEST 1000 TCK;
SDR 16 TDI (FFFF);
RUNTEST 1000 TCK;
SDR 16 TDI (7FFF);
RUNTEST 1000 TCK;
SDR 16 TDI (FFDF);
RUNTEST 1000 TCK;
SDR 16 TDI (FFFF);
RUNTEST 1000 TCK;
SDR 16 TDI (FFDF);
RUNTEST 1000 TCK;
SDR 16 TDI (B55F);
RUNTEST 1000 TCK;
SDR 16 TDI (FFFF);
RUNTEST 1000 TCK;
SDR 16 TDI (FFFF);
RUNTEST 1000 TCK;
SDR 16 TDI (FFFC);
RUNTEST 1000 TCK;
SDR 16 TDI (6181);
RUNTEST 1000 TCK;
SDR 16 TDI (8F98);
RUNTEST 1000 TCK;
SDR 16 TDI (0187);
RUNTEST 1000 TCK;
SDR 16 TDI (FD06);
RUNTEST 1000 TCK;
SDR 16 TDI (AFD4);
RUNTEST 1000 TCK;
SDR 16 TDI (154F);
RUNTEST 1000 TCK;
SDR 16 TDI (FE83);
RUNTEST 1000 TCK;
SDR 16 TDI (3F50);
RUNTEST 1000 TCK;
SDR 16 TDI (6A0B);
RUNTEST 1000 TCK;
SDR 16 TDI (D273);
RUNTEST 1000 TCK;
SDR 16 TDI (DFC9);
RUNTEST 1000 TCK;
SDR 16 TDI (DFDF);
RUNTEST 1000 TCK;
SDR 16 TDI (BCCF);
RUNTEST 1000 TCK;
SDR 16 TDI (E3F2);
RUNTEST 1000 TCK;
SDR 16 TDI (0001);
RUNTEST 1000 TCK;
SDR 16 TDI (FE1F);
RUNTEST 1000 TCK;
SDR 16 TDI (7FFF);
RUNTEST 1000 TCK;
SDR 16 TDI (FFF0);
RUNTEST 1000 TCK;
SDR 16 TDI (FFFF);
RUNTEST 1000 TCK;
SDR 16 TDI (FFFF);
RUNTEST 1000 TCK;
SDR 16 TDI (B87F);
RUNTEST 1000 TCK;
SDR 16 TDI (FFFF);
RUNTEST 1000 TCK;
SDR 16 TDI (FFFF);
RUNTEST 1000 TCK;
SDR 16 TDI (FFFF);
RUNTEST 1000 TCK;
SDR 16 TDI (7FFF);
RUNTEST 1000 TCK;
SDR 16 TDI (FFFF);
RUNTEST 1000 TCK;
SDR 16 TDI (FFFF);
RUNTEST 1000 TCK;
SDR 16 TDI (EABF);
RUNTEST 1000 TCK;
SDR 16 TDI (BFFF);
RUNTEST 1000 TCK;
SDR 16 TDI (FFFF);
RUNTEST 1000 TCK;
SDR 16 TDI (FFFF);
RUNTEST 1000 TCK;
SDR 16 TDI (FFFC);
RUNTEST 1000 TCK;
SDR 16 TDI (6181);
RUNTEST 1000 TCK;
SDR 16 TDI (9F98);
RUNTEST 1000 TCK;
SDR 16 TDI (0187);
RUNTEST 1000 TCK;
SDR 16 TDI (FC06);
RUNTEST 1000 TCK;
SDR 16 TDI (AFC4);
RUNTEST 1000 TCK;
SDR 16 TDI (044F);
RUNTEST 1000 TCK;
SDR 16 TDI (FE03);
RUNTEST 1000 TCK;
SDR 16 TDI (3F10);
RUNTEST 1000 TCK;
SDR 16 TDI (4202);
RUNTEST 1000 TCK;
SDR 16 TDI (0848);
RUNTEST 1000 TCK;
SDR 16 TDI (1FC9);
RUNTEST 1000 TCK;
SDR 16 TDI (48DF);
RUNTEST 1000 TCK;
SDR 16 TDI (BA27);
RUNTEST 1000 TCK;
SDR 16 TDI (A7E4);
RUNTEST 1000 TCK;
SDR 16 TDI (0001);
RUNTEST 1000 TCK;
SDR 16 TDI (FE1F);
RUNTEST 1000 TCK;
SDR 16 TDI (7FFF);
RUNTEST 1000 TCK;
SDR 16 TDI (FFF0);
RUNTEST 1000 TCK;
SDR 16 TDI (FFFF);
RUNTEST 1000 TCK;
SDR 16 TDI (FFFF);
RUNTEST 1000 TCK;
SDR 16 TDI (B87F);
RUNTEST 1000 TCK;
SDR 16 TDI (FFFF);
RUNTEST 1000 TCK;
SDR 16 TDI (FFFF);
RUNTEST 1000 TCK;
SDR 16 TDI (FFFF);
RUNTEST 1000 TCK;
SDR 16 TDI (7FFF);
RUNTEST 1000 TCK;
SDR 16 TDI (FFFF);
RUNTEST 1000 TCK;
SDR 16 TDI (FFFF);
RUNTEST 1000 TCK;
SDR 16 TDI (FFFF);
RUNTEST 1000 TCK;
SDR 16 TDI (BFFF);
RUNTEST 1000 TCK;
SDR 16 TDI (3333);
RUNTEST 1000 TCK;
SDR 16 TDI (1F33);
RUNTEST 1000 TCK;
SDR 16 TDI (333C);
RUNTEST 1000 TCK;
SDR 16 TDI (5999);
RUNTEST 1000 TCK;
SDR 16 TDI (DFB9);
RUNTEST 1000 TCK;
SDR 16 TDI (999E);
RUNTEST 1000 TCK;
SDR 16 TDI (6277);
RUNTEST 1000 TCK;
SDR 16 TDI (AFC9);
RUNTEST 1000 TCK;
SDR 16 TDI (C81F);
RUNTEST 1000 TCK;
SDR 16 TDI (313B);
RUNTEST 1000 TCK;
SDR 16 TDI (BF27);
RUNTEST 1000 TCK;
SDR 16 TDI (64E0);
RUNTEST 1000 TCK;
SDR 16 TDI (8CAC);
RUNTEST 1000 TCK;
SDR 16 TDI (9F99);
RUNTEST 1000 TCK;
SDR 16 TDI (099F);
RUNTEST 1000 TCK;
SDR 16 TDI (A336);
RUNTEST 1000 TCK;
SDR 16 TDI (37E8);
RUNTEST 1000 TCK;
SDR 16 TDI (6667);
RUNTEST 1000 TCK;
SDR 16 TDI (99D9);
RUNTEST 1000 TCK;
SDR 16 TDI (71F3);
RUNTEST 1000 TCK;
SDR 16 TDI (3337);
RUNTEST 1000 TCK;
SDR 16 TDI (CCCC);
RUNTEST 1000 TCK;
SDR 16 TDI (C7CC);
RUNTEST 1000 TCK;
SDR 16 TDI (BB99);
RUNTEST 1000 TCK;
SDR 16 TDI (E666);
RUNTEST 1000 TCK;
SDR 16 TDI (63E6);
RUNTEST 1000 TCK;
SDR 16 TDI (6667);
RUNTEST 1000 TCK;
SDR 16 TDI (7333);
RUNTEST 1000 TCK;
SDR 16 TDI (31F3);
RUNTEST 1000 TCK;
SDR 16 TDI (3333);
RUNTEST 1000 TCK;
SDR 16 TDI (FFFF);
RUNTEST 1000 TCK;
SDR 16 TDI (BFFF);
RUNTEST 1000 TCK;
SDR 16 TDI (7777);
RUNTEST 1000 TCK;
SDR 16 TDI (4ABB);
RUNTEST 1000 TCK;
SDR 16 TDI (BBBC);
RUNTEST 1000 TCK;
SDR 16 TDI (7999);
RUNTEST 1000 TCK;
SDR 16 TDI (9519);
RUNTEST 1000 TCK;
SDR 16 TDI (999E);
RUNTEST 1000 TCK;
SDR 16 TDI (EC66);
RUNTEST 1000 TCK;
SDR 16 TDI (AA84);
RUNTEST 1000 TCK;
SDR 16 TDI (C4CF);
RUNTEST 1000 TCK;
SDR 16 TDI (7633);
RUNTEST 1000 TCK;
SDR 16 TDI (2A13);
RUNTEST 1000 TCK;
SDR 16 TDI (6267);
RUNTEST 1000 TCK;
SDR 16 TDI (9999);
RUNTEST 1000 TCK;
SDR 16 TDI (9559);
RUNTEST 1000 TCK;
SDR 16 TDI (DCDF);
RUNTEST 1000 TCK;
SDR 16 TDI (AC46);
RUNTEST 1000 TCK;
SDR 16 TDI (C546);
RUNTEST 1000 TCK;
SDR 16 TDI (6667);
RUNTEST 1000 TCK;
SDR 16 TDI (BB9B);
RUNTEST 1000 TCK;
SDR 16 TDI (56AB);
RUNTEST 1000 TCK;
SDR 16 TDI (BBB3);
RUNTEST 1000 TCK;
SDR 16 TDI (DDDD);
RUNTEST 1000 TCK;
SDR 16 TDI (DAAE);
RUNTEST 1000 TCK;
SDR 16 TDI (B9DD);
RUNTEST 1000 TCK;
SDR 16 TDI (EEEE);
RUNTEST 1000 TCK;
SDR 16 TDI (E957);
RUNTEST 1000 TCK;
SDR 16 TDI (7777);
RUNTEST 1000 TCK;
SDR 16 TDI (7777);
RUNTEST 1000 TCK;
SDR 16 TDI (74AB);
RUNTEST 1000 TCK;
SDR 16 TDI (BBBB);
RUNTEST 1000 TCK;
SDR 16 TDI (FFFF);
RUNTEST 1000 TCK;
SDR 16 TDI (BFFF);
RUNTEST 1000 TCK;
SDR 16 TDI (FFFF);
RUNTEST 1000 TCK;
SDR 16 TDI (FEFF);
RUNTEST 1000 TCK;
SDR 16 TDI (FFFF);
RUNTEST 1000 TCK;
SDR 16 TDI (6FEF);
RUNTEST 1000 TCK;
SDR 16 TDI (FF7F);
RUNTEST 1000 TCK;
SDR 16 TDI (77F7);
RUNTEST 1000 TCK;
SDR 16 TDI (FBBF);
RUNTEST 1000 TCK;
SDR 16 TDI (BFBB);
RUNTEST 1000 TCK;
SDR 16 TDI (BBBF);
RUNTEST 1000 TCK;
SDR 16 TDI (FDDF);
RUNTEST 1000 TCK;
SDR 16 TDI (FEEE);
RUNTEST 1000 TCK;
SDR 16 TDI (7DDC);
RUNTEST 1000 TCK;
SDR 16 TDI (CECC);
RUNTEST 1000 TCK;
SDR 16 TDI (DF3B);
RUNTEST 1000 TCK;
SDR 16 TDI (7FBF);
RUNTEST 1000 TCK;
SDR 16 TDI (BBBF);
RUNTEST 1000 TCK;
SDR 16 TDI (BFDD);
RUNTEST 1000 TCK;
SDR 16 TDI (DDDD);
RUNTEST 1000 TCK;
SDR 16 TDI (FEFF);
RUNTEST 1000 TCK;
SDR 16 TDI (7FEF);
RUNTEST 1000 TCK;
SDR 16 TDI (FFFE);
RUNTEST 1000 TCK;
SDR 16 TDI (FFFF);
RUNTEST 1000 TCK;
SDR 16 TDI (FFBF);
RUNTEST 1000 TCK;
SDR 16 TDI (BF7F);
RUNTEST 1000 TCK;
SDR 16 TDI (FFFF);
RUNTEST 1000 TCK;
SDR 16 TDI (FFDF);
RUNTEST 1000 TCK;
SDR 16 TDI (FFFF);
RUNTEST 1000 TCK;
SDR 16 TDI (7FFF);
RUNTEST 1000 TCK;
SDR 16 TDI (FFEF);
RUNTEST 1000 TCK;
SDR 16 TDI (FFFF);
RUNTEST 1000 TCK;
SDR 16 TDI (FFFF);
RUNTEST 1000 TCK;
SDR 16 TDI (BFFF);
RUNTEST 1000 TCK;
SDR 16 TDI (FFFF);
RUNTEST 1000 TCK;
SDR 16 TDI (FFFF);
RUNTEST 1000 TCK;
SDR 16 TDI (FFFF);
RUNTEST 1000 TCK;
SDR 16 TDI (5FFF);
RUNTEST 1000 TCK;
SDR 16 TDI (FFFF);
RUNTEST 1000 TCK;
SDR 16 TDI (F6BF);
RUNTEST 1000 TCK;
SDR 16 TDI (7FFD);
RUNTEST 1000 TCK;
SDR 16 TDI (BFFF);
RUNTEST 1000 TCK;
SDR 16 TDI (FFFE);
RUNTEST 1000 TCK;
SDR 16 TDI (AFAE);
RUNTEST 1000 TCK;
SDR 16 TDI (7FFE);
RUNTEST 1000 TCK;
SDR 16 TDI (7FFF);
RUNTEST 1000 TCK;
SDR 16 TDI (DEFF);
RUNTEST 1000 TCK;
SDR 16 TDI (BFBF);
RUNTEST 1000 TCK;
SDR 16 TDI (BDDF);
RUNTEST 1000 TCK;
SDR 16 TDI (B7DF);
RUNTEST 1000 TCK;
SDR 16 TDI (6FFF);
RUNTEST 1000 TCK;
SDR 16 TDI (FBF7);
RUNTEST 1000 TCK;
SDR 16 TDI (F7FF);
RUNTEST 1000 TCK;
SDR 16 TDI (7FFF);
RUNTEST 1000 TCK;
SDR 16 TDI (EFDF);
RUNTEST 1000 TCK;
SDR 16 TDI (6FDF);
RUNTEST 1000 TCK;
SDR 16 TDI (FFFF);
RUNTEST 1000 TCK;
SDR 16 TDI (BFFF);
RUNTEST 1000 TCK;
SDR 16 TDI (FFFF);
RUNTEST 1000 TCK;
SDR 16 TDI (FFFF);
RUNTEST 1000 TCK;
SDR 16 TDI (FFFF);
RUNTEST 1000 TCK;
SDR 16 TDI (7FFF);
RUNTEST 1000 TCK;
SDR 16 TDI (FFFF);
RUNTEST 1000 TCK;
SDR 16 TDI (FFFF);
RUNTEST 1000 TCK;
SDR 16 TDI (FFFF);
RUNTEST 1000 TCK;
SDR 16 TDI (BFFF);
RUNTEST 1000 TCK;
SDR 16 TDI (FFFF);
RUNTEST 1000 TCK;
SDR 16 TDI (FFFF);
RUNTEST 1000 TCK;
SDR 16 TDI (FFFF);
RUNTEST 1000 TCK;
SDR 16 TDI (7FF7);
RUNTEST 1000 TCK;
SDR 16 TDI (7FFE);
RUNTEST 1000 TCK;
SDR 16 TDI (FFEF);
RUNTEST 1000 TCK;
SDR 16 TDI (DFFF);
RUNTEST 1000 TCK;
SDR 16 TDI (BFFB);
RUNTEST 1000 TCK;
SDR 16 TDI (7FBF);
RUNTEST 1000 TCK;
SDR 16 TDI (FFFF);
RUNTEST 1000 TCK;
SDR 16 TDI (FFFB);
RUNTEST 1000 TCK;
SDR 16 TDI (7BDF);
RUNTEST 1000 TCK;
SDR 16 TDI (FFFF);
RUNTEST 1000 TCK;
SDR 16 TDI (FFFB);
RUNTEST 1000 TCK;
SDR 16 TDI (FF77);
RUNTEST 1000 TCK;
SDR 16 TDI (BEFF);
RUNTEST 1000 TCK;
SDR 16 TDI (BFFF);
RUNTEST 1000 TCK;
SDR 16 TDI (F73E);
RUNTEST 1000 TCK;
SDR 16 TDI (FFFF);
RUNTEST 1000 TCK;
SDR 16 TDI (4FFF);
RUNTEST 1000 TCK;
SDR 16 TDI (FFFF);
RUNTEST 1000 TCK;
SDR 16 TDI (FFFF);
RUNTEST 1000 TCK;
SDR 16 TDI (FFFF);
RUNTEST 1000 TCK;
SDR 16 TDI (BFFF);
RUNTEST 1000 TCK;
SDR 16 TDI (FFFF);
RUNTEST 1000 TCK;
SDR 16 TDI (FFFF);
RUNTEST 1000 TCK;
SDR 16 TDI (FFFF);
RUNTEST 1000 TCK;
SDR 16 TDI (7FFF);
RUNTEST 1000 TCK;
SDR 16 TDI (FFFF);
RUNTEST 1000 TCK;
SDR 16 TDI (FFFF);
RUNTEST 1000 TCK;
SDR 16 TDI (FFFF);
RUNTEST 1000 TCK;
SDR 16 TDI (AFFF);
RUNTEST 1000 TCK;
SDR 16 TDI (FFFF);
RUNTEST 1000 TCK;
SDR 16 TDI (FFFF);
RUNTEST 1000 TCK;
SDR 16 TDI (FFFF);
RUNTEST 1000 TCK;
SDR 16 TDI (7FFF);
RUNTEST 1000 TCK;
SDR 16 TDI (FFFF);
RUNTEST 1000 TCK;
SDR 16 TDI (F6FE);
RUNTEST 1000 TCK;
SDR 16 TDI (FFFF);
RUNTEST 1000 TCK;
SDR 16 TDI (BFFF);
RUNTEST 1000 TCK;
SDR 16 TDI (FFBF);
RUNTEST 1000 TCK;
SDR 16 TDI (FFDF);
RUNTEST 1000 TCK;
SDR 16 TDI (BFFB);
RUNTEST 1000 TCK;
SDR 16 TDI (5FFF);
RUNTEST 1000 TCK;
SDR 16 TDI (FFFF);
RUNTEST 1000 TCK;
SDR 16 TDI (FFDF);
RUNTEST 1000 TCK;
SDR 16 TDI (FACF);
RUNTEST 1000 TCK;
SDR 16 TDI (B6FE);
RUNTEST 1000 TCK;
SDR 16 TDI (AFFF);
RUNTEST 1000 TCK;
SDR 16 TDI (FF7F);
RUNTEST 1000 TCK;
SDR 16 TDI (F7FF);
RUNTEST 1000 TCK;
SDR 16 TDI (7FFF);
RUNTEST 1000 TCK;
SDR 16 TDI (FFDF);
RUNTEST 1000 TCK;
SDR 16 TDI (EFFF);
RUNTEST 1000 TCK;
SDR 16 TDI (FFFF);
RUNTEST 1000 TCK;
SDR 16 TDI (BFFF);
RUNTEST 1000 TCK;
SDR 16 TDI (FFFF);
RUNTEST 1000 TCK;
SDR 16 TDI (FFFF);
RUNTEST 1000 TCK;
SDR 16 TDI (FFFF);
RUNTEST 1000 TCK;
SDR 16 TDI (7FFF);
RUNTEST 1000 TCK;
SDR 16 TDI (FFFF);
RUNTEST 1000 TCK;
SDR 16 TDI (FFFF);
RUNTEST 1000 TCK;
SDR 16 TDI (FFDF);
RUNTEST 1000 TCK;
SDR 16 TDI (AFFF);
RUNTEST 1000 TCK;
SDR 16 TDI (FFFF);
RUNTEST 1000 TCK;
SDR 16 TDI (FFFF);
RUNTEST 1000 TCK;
SDR 16 TDI (FFFF);
RUNTEST 1000 TCK;
SDR 16 TDI (7FFF);
RUNTEST 1000 TCK;
SDR 16 TDI (FFFF);
RUNTEST 1000 TCK;
SDR 16 TDI (FFBF);
RUNTEST 1000 TCK;
SDR 16 TDI (FFFB);
RUNTEST 1000 TCK;
SDR 16 TDI (BFFB);
RUNTEST 1000 TCK;
SDR 16 TDI (FFFD);
RUNTEST 1000 TCK;
SDR 16 TDI (AFBD);
RUNTEST 1000 TCK;
SDR 16 TDI (FFFE);
RUNTEST 1000 TCK;
SDR 16 TDI (7FDF);
RUNTEST 1000 TCK;
SDR 16 TDI (DF7F);
RUNTEST 1000 TCK;
SDR 16 TDI (BFFF);
RUNTEST 1000 TCK;
SDR 16 TDI (BFFF);
RUNTEST 1000 TCK;
SDR 16 TDI (BFDF);
RUNTEST 1000 TCK;
SDR 16 TDI (FFFF);
RUNTEST 1000 TCK;
SDR 16 TDI (EBEF);
RUNTEST 1000 TCK;
SDR 16 TDI (7FFF);
RUNTEST 1000 TCK;
SDR 16 TDI (7FFF);
RUNTEST 1000 TCK;
SDR 16 TDI (EFFF);
RUNTEST 1000 TCK;
SDR 16 TDI (7FEF);
RUNTEST 1000 TCK;
SDR 16 TDI (FFFF);
RUNTEST 1000 TCK;
SDR 16 TDI (BFFF);
RUNTEST 1000 TCK;
SDR 16 TDI (FFFF);
RUNTEST 1000 TCK;
SDR 16 TDI (FFFF);
RUNTEST 1000 TCK;
SDR 16 TDI (FFFF);
RUNTEST 1000 TCK;
SDR 16 TDI (7FFF);
RUNTEST 1000 TCK;
SDR 16 TDI (FFFF);
RUNTEST 1000 TCK;
SDR 16 TDI (FFFF);
RUNTEST 1000 TCK;
SDR 16 TDI (FFDF);
RUNTEST 1000 TCK;
SDR 16 TDI (BFFF);
RUNTEST 1000 TCK;
SDR 16 TDI (FFFF);
RUNTEST 1000 TCK;
SDR 16 TDI (FFFF);
RUNTEST 1000 TCK;
SDR 16 TDI (FFFF);
RUNTEST 1000 TCK;
SDR 16 TDI (7FFF);
RUNTEST 1000 TCK;
SDR 16 TDI (FFFF);
RUNTEST 1000 TCK;
SDR 16 TDI (FFFE);
RUNTEST 1000 TCK;
SDR 16 TDI (FFFF);
RUNTEST 1000 TCK;
SDR 16 TDI (BFFF);
RUNTEST 1000 TCK;
SDR 16 TDI (FFFF);
RUNTEST 1000 TCK;
SDR 16 TDI (BFFF);
RUNTEST 1000 TCK;
SDR 16 TDI (FFFE);
RUNTEST 1000 TCK;
SDR 16 TDI (7FFF);
RUNTEST 1000 TCK;
SDR 16 TDI (EFFF);
RUNTEST 1000 TCK;
SDR 16 TDI (FFFF);
RUNTEST 1000 TCK;
SDR 16 TDI (FFFF);
RUNTEST 1000 TCK;
SDR 16 TDI (BFBF);
RUNTEST 1000 TCK;
SDR 16 TDI (FFFF);
RUNTEST 1000 TCK;
SDR 16 TDI (FFEF);
RUNTEST 1000 TCK;
SDR 16 TDI (FFFF);
RUNTEST 1000 TCK;
SDR 16 TDI (5FFF);
RUNTEST 1000 TCK;
SDR 16 TDI (7FFF);
RUNTEST 1000 TCK;
SDR 16 TDI (FDEF);
RUNTEST 1000 TCK;
SDR 16 TDI (FFFF);
RUNTEST 1000 TCK;
SDR 16 TDI (B7FF);
RUNTEST 1000 TCK;
SDR 16 TDI (FFFF);
RUNTEST 1000 TCK;
SDR 16 TDI (FFFF);
RUNTEST 1000 TCK;
SDR 16 TDI (FFF7);
RUNTEST 1000 TCK;
SDR 16 TDI (7FFF);
RUNTEST 1000 TCK;
SDR 16 TDI (FFFF);
RUNTEST 1000 TCK;
SDR 16 TDI (FFFF);
RUNTEST 1000 TCK;
SDR 16 TDI (FFFF);
RUNTEST 1000 TCK;
SDR 16 TDI (BFFF);
RUNTEST 1000 TCK;
SDR 16 TDI (FFFF);
RUNTEST 1000 TCK;
SDR 16 TDI (FFEF);
RUNTEST 1000 TCK;
SDR 16 TDI (FFFF);
RUNTEST 1000 TCK;
SDR 16 TDI (7EFF);
RUNTEST 1000 TCK;
SDR 16 TDI (FFFF);
RUNTEST 1000 TCK;
SDR 16 TDI (FF7F);
RUNTEST 1000 TCK;
SDR 16 TDI (FFEF);
RUNTEST 1000 TCK;
SDR 16 TDI (BFFF);
RUNTEST 1000 TCK;
SDR 16 TDI (EFFF);
RUNTEST 1000 TCK;
SDR 16 TDI (FFEF);
RUNTEST 1000 TCK;
SDR 16 TDI (FFFF);
RUNTEST 1000 TCK;
SDR 16 TDI (7FFF);
RUNTEST 1000 TCK;
SDR 16 TDI (FDFF);
RUNTEST 1000 TCK;
SDR 16 TDI (FFFF);
RUNTEST 1000 TCK;
SDR 16 TDI (FAFA);
RUNTEST 1000 TCK;
SDR 16 TDI (BFFF);
RUNTEST 1000 TCK;
SDR 16 TDI (EFFF);
RUNTEST 1000 TCK;
SDR 16 TDI (FFFF);
RUNTEST 1000 TCK;
SDR 16 TDI (FFF7);
RUNTEST 1000 TCK;
SDR 16 TDI (6FFF);
RUNTEST 1000 TCK;
SDR 16 TDI (EFFF);
RUNTEST 1000 TCK;
SDR 16 TDI (FFFF);
RUNTEST 1000 TCK;
SDR 16 TDI (FFFF);
RUNTEST 1000 TCK;
SDR 16 TDI (BFFF);
RUNTEST 1000 TCK;
SDR 16 TDI (FFFF);
RUNTEST 1000 TCK;
SDR 16 TDI (FFFF);
RUNTEST 1000 TCK;
SDR 16 TDI (FFFF);
RUNTEST 1000 TCK;
SDR 16 TDI (7FFF);
RUNTEST 1000 TCK;
SDR 16 TDI (FFFF);
RUNTEST 1000 TCK;
SDR 16 TDI (FFFF);
RUNTEST 1000 TCK;
SDR 16 TDI (FFFF);
RUNTEST 1000 TCK;
SDR 16 TDI (BFFF);
RUNTEST 1000 TCK;
SDR 16 TDI (FFFF);
RUNTEST 1000 TCK;
SDR 16 TDI (FFFF);
RUNTEST 1000 TCK;
SDR 16 TDI (FFFE);
RUNTEST 1000 TCK;
SDR 16 TDI (7EFF);
RUNTEST 1000 TCK;
SDR 16 TDI (FFEF);
RUNTEST 1000 TCK;
SDR 16 TDI (BFFF);
RUNTEST 1000 TCK;
SDR 16 TDI (FDCF);
RUNTEST 1000 TCK;
SDR 16 TDI (BFFF);
RUNTEST 1000 TCK;
SDR 16 TDI (FFFF);
RUNTEST 1000 TCK;
SDR 16 TDI (FFDF);
RUNTEST 1000 TCK;
SDR 16 TDI (FFFE);
RUNTEST 1000 TCK;
SDR 16 TDI (7FEF);
RUNTEST 1000 TCK;
SDR 16 TDI (EFF7);
RUNTEST 1000 TCK;
SDR 16 TDI (FFFF);
RUNTEST 1000 TCK;
SDR 16 TDI (BFF9);
RUNTEST 1000 TCK;
SDR 16 TDI (BFFF);
RUNTEST 1000 TCK;
SDR 16 TDI (FFEF);
RUNTEST 1000 TCK;
SDR 16 TDI (FFFF);
RUNTEST 1000 TCK;
SDR 16 TDI (FFCE);
RUNTEST 1000 TCK;
SDR 16 TDI (7FFF);
RUNTEST 1000 TCK;
SDR 16 TDI (FDF7);
RUNTEST 1000 TCK;
SDR 16 TDI (FDFF);
RUNTEST 1000 TCK;
SDR 16 TDI (BFFF);
RUNTEST 1000 TCK;
SDR 16 TDI (BFFF);
RUNTEST 1000 TCK;
SDR 16 TDI (FFFF);
RUNTEST 1000 TCK;
SDR 16 TDI (FFFF);
RUNTEST 1000 TCK;
SDR 16 TDI (FFFF);
RUNTEST 1000 TCK;
SDR 16 TDI (5FFF);
RUNTEST 1000 TCK;
SDR 16 TDI (FFFF);
RUNTEST 1000 TCK;
SDR 16 TDI (FFFF);
RUNTEST 1000 TCK;
SDR 16 TDI (FFFF);
RUNTEST 1000 TCK;
SDR 16 TDI (BFFF);
RUNTEST 1000 TCK;
SDR 16 TDI (FFFF);
RUNTEST 1000 TCK;
SDR 16 TDI (FFDF);
RUNTEST 1000 TCK;
SDR 16 TDI (FFFF);
RUNTEST 1000 TCK;
SDR 16 TDI (7FFF);
RUNTEST 1000 TCK;
SDR 16 TDI (FFFF);
RUNTEST 1000 TCK;
SDR 16 TDI (FF7E);
RUNTEST 1000 TCK;
SDR 16 TDI (FFFF);
RUNTEST 1000 TCK;
SDR 16 TDI (BFFF);
RUNTEST 1000 TCK;
SDR 16 TDI (DFFF);
RUNTEST 1000 TCK;
SDR 16 TDI (BFFF);
RUNTEST 1000 TCK;
SDR 16 TDI (FFFF);
RUNTEST 1000 TCK;
SDR 16 TDI (7FFF);
RUNTEST 1000 TCK;
SDR 16 TDI (FDFF);
RUNTEST 1000 TCK;
SDR 16 TDI (FFFF);
RUNTEST 1000 TCK;
SDR 16 TDI (FD7F);
RUNTEST 1000 TCK;
SDR 16 TDI (BFDF);
RUNTEST 1000 TCK;
SDR 16 TDI (F7FF);
RUNTEST 1000 TCK;
SDR 16 TDI (FFEF);
RUNTEST 1000 TCK;
SDR 16 TDI (FFFF);
RUNTEST 1000 TCK;
SDR 16 TDI (7FFF);
RUNTEST 1000 TCK;
SDR 16 TDI (5FFF);
RUNTEST 1000 TCK;
SDR 16 TDI (FFDF);
RUNTEST 1000 TCK;
SDR 16 TDI (FFFF);
RUNTEST 1000 TCK;
SDR 16 TDI (AFFF);
RUNTEST 1000 TCK;
SDR 16 TDI (FFFF);
RUNTEST 1000 TCK;
SDR 16 TDI (FFFF);
RUNTEST 1000 TCK;
SDR 16 TDI (FFEF);
RUNTEST 1000 TCK;
SDR 16 TDI (7FFF);
RUNTEST 1000 TCK;
SDR 16 TDI (FFFF);
RUNTEST 1000 TCK;
SDR 16 TDI (FFFF);
RUNTEST 1000 TCK;
SDR 16 TDI (FFFF);
RUNTEST 1000 TCK;
SDR 16 TDI (BFFF);
RUNTEST 1000 TCK;
SDR 16 TDI (FFFF);
RUNTEST 1000 TCK;
SDR 16 TDI (FFFF);
RUNTEST 1000 TCK;
SDR 16 TDI (FFFF);
RUNTEST 1000 TCK;
SDR 16 TDI (6FFF);
RUNTEST 1000 TCK;
SDR 16 TDI (FFFF);
RUNTEST 1000 TCK;
SDR 16 TDI (FFFF);
RUNTEST 1000 TCK;
SDR 16 TDI (7BFF);
RUNTEST 1000 TCK;
SDR 16 TDI (BFFF);
RUNTEST 1000 TCK;
SDR 16 TDI (FFFF);
RUNTEST 1000 TCK;
SDR 16 TDI (7FFF);
RUNTEST 1000 TCK;
SDR 16 TDI (FFFF);
RUNTEST 1000 TCK;
SDR 16 TDI (7FFF);
RUNTEST 1000 TCK;
SDR 16 TDI (FFFF);
RUNTEST 1000 TCK;
SDR 16 TDI (FFFF);
RUNTEST 1000 TCK;
SDR 16 TDI (FFFA);
RUNTEST 1000 TCK;
SDR 16 TDI (AB5B);
RUNTEST 1000 TCK;
SDR 16 TDI (FFFF);
RUNTEST 1000 TCK;
SDR 16 TDI (B7EF);
RUNTEST 1000 TCK;
SDR 16 TDI (F77F);
RUNTEST 1000 TCK;
SDR 16 TDI (7FFF);
RUNTEST 1000 TCK;
SDR 16 TDI (7FFD);
RUNTEST 1000 TCK;
SDR 16 TDI (FFFF);
RUNTEST 1000 TCK;
SDR 16 TDI (FFFF);
RUNTEST 1000 TCK;
SDR 16 TDI (BFFF);
RUNTEST 1000 TCK;
SDR 16 TDI (FFFF);
RUNTEST 1000 TCK;
SDR 16 TDI (FFFF);
RUNTEST 1000 TCK;
SDR 16 TDI (FFFF);
RUNTEST 1000 TCK;
SDR 16 TDI (7FFF);
RUNTEST 1000 TCK;
SDR 16 TDI (FFFF);
RUNTEST 1000 TCK;
SDR 16 TDI (FFFF);
RUNTEST 1000 TCK;
SDR 16 TDI (FFFF);
RUNTEST 1000 TCK;
SDR 16 TDI (BFFF);
RUNTEST 1000 TCK;
SDR 16 TDI (FFFF);
RUNTEST 1000 TCK;
SDR 16 TDI (FFFF);
RUNTEST 1000 TCK;
SDR 16 TDI (FFFF);
RUNTEST 1000 TCK;
SDR 16 TDI (7DFF);
RUNTEST 1000 TCK;
SDR 16 TDI (FFBF);
RUNTEST 1000 TCK;
SDR 16 TDI (FFFF);
RUNTEST 1000 TCK;
SDR 16 TDI (CFFF);
RUNTEST 1000 TCK;
SDR 16 TDI (BFDD);
RUNTEST 1000 TCK;
SDR 16 TDI (6FFF);
RUNTEST 1000 TCK;
SDR 16 TDI (FFFF);
RUNTEST 1000 TCK;
SDR 16 TDI (FF7F);
RUNTEST 1000 TCK;
SDR 16 TDI (7FFF);
RUNTEST 1000 TCK;
SDR 16 TDI (FFFF);
RUNTEST 1000 TCK;
SDR 16 TDI (FFBF);
RUNTEST 1000 TCK;
SDR 16 TDI (FFFF);
RUNTEST 1000 TCK;
SDR 16 TDI (BFFF);
RUNTEST 1000 TCK;
SDR 16 TDI (7FEE);
RUNTEST 1000 TCK;
SDR 16 TDI (FDFF);
RUNTEST 1000 TCK;
SDR 16 TDI (FFF7);
RUNTEST 1000 TCK;
SDR 16 TDI (7FF7);
RUNTEST 1000 TCK;
SDR 16 TDI (EFEF);
RUNTEST 1000 TCK;
SDR 16 TDI (FFFE);
RUNTEST 1000 TCK;
SDR 16 TDI (FFFF);
RUNTEST 1000 TCK;
SDR 16 TDI (BFFF);
RUNTEST 1000 TCK;
SDR 16 TDI (FFFF);
RUNTEST 1000 TCK;
SDR 16 TDI (FFFF);
RUNTEST 1000 TCK;
SDR 16 TDI (FFFF);
RUNTEST 1000 TCK;
SDR 16 TDI (5FFF);
RUNTEST 1000 TCK;
SDR 16 TDI (FFFF);
RUNTEST 1000 TCK;
SDR 16 TDI (FFFF);
RUNTEST 1000 TCK;
SDR 16 TDI (FFFF);
RUNTEST 1000 TCK;
SDR 16 TDI (BFFF);
RUNTEST 1000 TCK;
SDR 16 TDI (FFFF);
RUNTEST 1000 TCK;
SDR 16 TDI (FFFF);
RUNTEST 1000 TCK;
SDR 16 TDI (FFFF);
RUNTEST 1000 TCK;
SDR 16 TDI (7FFF);
RUNTEST 1000 TCK;
SDR 16 TDI (FFBF);
RUNTEST 1000 TCK;
SDR 16 TDI (FFFF);
RUNTEST 1000 TCK;
SDR 16 TDI (BBFF);
RUNTEST 1000 TCK;
SDR 16 TDI (BFDE);
RUNTEST 1000 TCK;
SDR 16 TDI (EFFF);
RUNTEST 1000 TCK;
SDR 16 TDI (FFFF);
RUNTEST 1000 TCK;
SDR 16 TDI (FFFF);
RUNTEST 1000 TCK;
SDR 16 TDI (7FFF);
RUNTEST 1000 TCK;
SDR 16 TDI (FFFF);
RUNTEST 1000 TCK;
SDR 16 TDI (FFBF);
RUNTEST 1000 TCK;
SDR 16 TDI (FFFF);
RUNTEST 1000 TCK;
SDR 16 TDI (BAFF);
RUNTEST 1000 TCK;
SDR 16 TDI (FFEF);
RUNTEST 1000 TCK;
SDR 16 TDI (F6B7);
RUNTEST 1000 TCK;
SDR 16 TDI (FFFF);
RUNTEST 1000 TCK;
SDR 16 TDI (7FF7);
RUNTEST 1000 TCK;
SDR 16 TDI (BFFF);
RUNTEST 1000 TCK;
SDR 16 TDI (FFFF);
RUNTEST 1000 TCK;
SDR 16 TDI (FFFF);
RUNTEST 1000 TCK;
SDR 16 TDI (BFFF);
RUNTEST 1000 TCK;
SDR 16 TDI (FFFF);
RUNTEST 1000 TCK;
SDR 16 TDI (FFFF);
RUNTEST 1000 TCK;
SDR 16 TDI (FFFF);
RUNTEST 1000 TCK;
SDR 16 TDI (7FFF);
RUNTEST 1000 TCK;
SDR 16 TDI (FFFF);
RUNTEST 1000 TCK;
SDR 16 TDI (FFFF);
RUNTEST 1000 TCK;
SDR 16 TDI (FFFF);
RUNTEST 1000 TCK;
SDR 16 TDI (BFFF);
RUNTEST 1000 TCK;
SDR 16 TDI (FFFF);
RUNTEST 1000 TCK;
SDR 16 TDI (FFFF);
RUNTEST 1000 TCK;
SDR 16 TDI (FFFF);
RUNTEST 1000 TCK;
SDR 16 TDI (75FF);
RUNTEST 1000 TCK;
SDR 16 TDI (FFFF);
RUNTEST 1000 TCK;
SDR 16 TDI (FFFE);
RUNTEST 1000 TCK;
SDR 16 TDI (F7FF);
RUNTEST 1000 TCK;
SDR 16 TDI (BFFF);
RUNTEST 1000 TCK;
SDR 16 TDI (BFFF);
RUNTEST 1000 TCK;
SDR 16 TDI (7FFF);
RUNTEST 1000 TCK;
SDR 16 TDI (FFFF);
RUNTEST 1000 TCK;
SDR 16 TDI (7FFF);
RUNTEST 1000 TCK;
SDR 16 TDI (FFFF);
RUNTEST 1000 TCK;
SDR 16 TDI (FFFF);
RUNTEST 1000 TCK;
SDR 16 TDI (FFFE);
RUNTEST 1000 TCK;
SDR 16 TDI (AFBB);
RUNTEST 1000 TCK;
SDR 16 TDI (7FFF);
RUNTEST 1000 TCK;
SDR 16 TDI (3DFF);
RUNTEST 1000 TCK;
SDR 16 TDI (EF77);
RUNTEST 1000 TCK;
SDR 16 TDI (7FFF);
RUNTEST 1000 TCK;
SDR 16 TDI (EFDD);
RUNTEST 1000 TCK;
SDR 16 TDI (FFFE);
RUNTEST 1000 TCK;
SDR 16 TDI (FFFF);
RUNTEST 1000 TCK;
SDR 16 TDI (BFFF);
RUNTEST 1000 TCK;
SDR 16 TDI (FFFF);
RUNTEST 1000 TCK;
SDR 16 TDI (FFFF);
RUNTEST 1000 TCK;
SDR 16 TDI (FFFF);
RUNTEST 1000 TCK;
SDR 16 TDI (7FFF);
RUNTEST 1000 TCK;
SDR 16 TDI (FFFF);
RUNTEST 1000 TCK;
SDR 16 TDI (FFFF);
RUNTEST 1000 TCK;
SDR 16 TDI (FFFF);
RUNTEST 1000 TCK;
SDR 16 TDI (B77F);
RUNTEST 1000 TCK;
SDR 16 TDI (FFFF);
RUNTEST 1000 TCK;
SDR 16 TDI (FFFF);
RUNTEST 1000 TCK;
SDR 16 TDI (FFFF);
RUNTEST 1000 TCK;
SDR 16 TDI (5FFF);
RUNTEST 1000 TCK;
SDR 16 TDI (EFFF);
RUNTEST 1000 TCK;
SDR 16 TDI (FFFF);
RUNTEST 1000 TCK;
SDR 16 TDI (EEF7);
RUNTEST 1000 TCK;
SDR 16 TDI (AFEF);
RUNTEST 1000 TCK;
SDR 16 TDI (EEFF);
RUNTEST 1000 TCK;
SDR 16 TDI (FFFF);
RUNTEST 1000 TCK;
SDR 16 TDI (FFFF);
RUNTEST 1000 TCK;
SDR 16 TDI (7FFF);
RUNTEST 1000 TCK;
SDR 16 TDI (FFFF);
RUNTEST 1000 TCK;
SDR 16 TDI (EFFF);
RUNTEST 1000 TCK;
SDR 16 TDI (FFFD);
RUNTEST 1000 TCK;
SDR 16 TDI (B6FF);
RUNTEST 1000 TCK;
SDR 16 TDI (BBFE);
RUNTEST 1000 TCK;
SDR 16 TDI (EF7F);
RUNTEST 1000 TCK;
SDR 16 TDI (FFFF);
RUNTEST 1000 TCK;
SDR 16 TDI (79FF);
RUNTEST 1000 TCK;
SDR 16 TDI (7F77);
RUNTEST 1000 TCK;
SDR 16 TDI (FFFF);
RUNTEST 1000 TCK;
SDR 16 TDI (FFFF);
RUNTEST 1000 TCK;
SDR 16 TDI (BFFF);
RUNTEST 1000 TCK;
SDR 16 TDI (FFFF);
RUNTEST 1000 TCK;
SDR 16 TDI (FFFF);
RUNTEST 1000 TCK;
SDR 16 TDI (FFFF);
RUNTEST 1000 TCK;
SDR 16 TDI (5FFF);
RUNTEST 1000 TCK;
SDR 16 TDI (FFFF);
RUNTEST 1000 TCK;
SDR 16 TDI (FFFF);
RUNTEST 1000 TCK;
SDR 16 TDI (EA9F);
RUNTEST 1000 TCK;
SDR 16 TDI (BFFF);
RUNTEST 1000 TCK;
SDR 16 TDI (FFFF);
RUNTEST 1000 TCK;
SDR 16 TDI (FFFF);
RUNTEST 1000 TCK;
SDR 16 TDI (FFFF);
RUNTEST 1000 TCK;
SDR 16 TDI (7FFF);
RUNTEST 1000 TCK;
SDR 16 TDI (FFFF);
RUNTEST 1000 TCK;
SDR 16 TDI (BBFF);
RUNTEST 1000 TCK;
SDR 16 TDI (BBDF);
RUNTEST 1000 TCK;
SDR 16 TDI (BFFF);
RUNTEST 1000 TCK;
SDR 16 TDI (77FF);
RUNTEST 1000 TCK;
SDR 16 TDI (FFFF);
RUNTEST 1000 TCK;
SDR 16 TDI (FFFF);
RUNTEST 1000 TCK;
SDR 16 TDI (7FFF);
RUNTEST 1000 TCK;
SDR 16 TDI (FFFF);
RUNTEST 1000 TCK;
SDR 16 TDI (FFFF);
RUNTEST 1000 TCK;
SDR 16 TDI (FFFF);
RUNTEST 1000 TCK;
SDR 16 TDI (BBBB);
RUNTEST 1000 TCK;
SDR 16 TDI (FFF5);
RUNTEST 1000 TCK;
SDR 16 TDI (DDD5);
RUNTEST 1000 TCK;
SDR 16 TDI (FEFE);
RUNTEST 1000 TCK;
SDR 16 TDI (7FFF);
RUNTEST 1000 TCK;
SDR 16 TDI (FAEF);
RUNTEST 1000 TCK;
SDR 16 TDI (FFFF);
RUNTEST 1000 TCK;
SDR 16 TDI (FFFF);
RUNTEST 1000 TCK;
SDR 16 TDI (BFFF);
RUNTEST 1000 TCK;
SDR 16 TDI (FFFF);
RUNTEST 1000 TCK;
SDR 16 TDI (FFFF);
RUNTEST 1000 TCK;
SDR 16 TDI (FFFF);
RUNTEST 1000 TCK;
SDR 16 TDI (7FFF);
RUNTEST 1000 TCK;
SDR 16 TDI (FFFF);
RUNTEST 1000 TCK;
SDR 16 TDI (FFFF);
RUNTEST 1000 TCK;
SDR 16 TDI (FFDF);
RUNTEST 1000 TCK;
SDR 16 TDI (A77F);
RUNTEST 1000 TCK;
SDR 16 TDI (FFFF);
RUNTEST 1000 TCK;
SDR 16 TDI (FFFF);
RUNTEST 1000 TCK;
SDR 16 TDI (FFFF);
RUNTEST 1000 TCK;
SDR 16 TDI (7FDF);
RUNTEST 1000 TCK;
SDR 16 TDI (FBFD);
RUNTEST 1000 TCK;
SDR 16 TDI (FFBF);
RUNTEST 1000 TCK;
SDR 16 TDI (FFFF);
RUNTEST 1000 TCK;
SDR 16 TDI (B7FE);
RUNTEST 1000 TCK;
SDR 16 TDI (FFEF);
RUNTEST 1000 TCK;
SDR 16 TDI (FFFF);
RUNTEST 1000 TCK;
SDR 16 TDI (FFFF);
RUNTEST 1000 TCK;
SDR 16 TDI (73FF);
RUNTEST 1000 TCK;
SDR 16 TDI (FFFB);
RUNTEST 1000 TCK;
SDR 16 TDI (FFFD);
RUNTEST 1000 TCK;
SDR 16 TDI (DFFF);
RUNTEST 1000 TCK;
SDR 16 TDI (BFEE);
RUNTEST 1000 TCK;
SDR 16 TDI (D6FF);
RUNTEST 1000 TCK;
SDR 16 TDI (FFFB);
RUNTEST 1000 TCK;
SDR 16 TDI (FFBB);
RUNTEST 1000 TCK;
SDR 16 TDI (7FFF);
RUNTEST 1000 TCK;
SDR 16 TDI (FFFF);
RUNTEST 1000 TCK;
SDR 16 TDI (FFFF);
RUNTEST 1000 TCK;
SDR 16 TDI (FFFF);
RUNTEST 1000 TCK;
SDR 16 TDI (BFFF);
RUNTEST 1000 TCK;
SDR 16 TDI (FFFF);
RUNTEST 1000 TCK;
SDR 16 TDI (FFFF);
RUNTEST 1000 TCK;
SDR 16 TDI (FFFF);
RUNTEST 1000 TCK;
SDR 16 TDI (7FFF);
RUNTEST 1000 TCK;
SDR 16 TDI (FFFF);
RUNTEST 1000 TCK;
SDR 16 TDI (FFFF);
RUNTEST 1000 TCK;
SDR 16 TDI (EA9F);
RUNTEST 1000 TCK;
SDR 16 TDI (ABFF);
RUNTEST 1000 TCK;
SDR 16 TDI (FFFF);
RUNTEST 1000 TCK;
SDR 16 TDI (FFFF);
RUNTEST 1000 TCK;
SDR 16 TDI (FFFF);
RUNTEST 1000 TCK;
SDR 16 TDI (5FFF);
RUNTEST 1000 TCK;
SDR 16 TDI (FFFF);
RUNTEST 1000 TCK;
SDR 16 TDI (FFFF);
RUNTEST 1000 TCK;
SDR 16 TDI (FFDF);
RUNTEST 1000 TCK;
SDR 16 TDI (BFFF);
RUNTEST 1000 TCK;
SDR 16 TDI (77FF);
RUNTEST 1000 TCK;
SDR 16 TDI (FFFF);
RUNTEST 1000 TCK;
SDR 16 TDI (FFFF);
RUNTEST 1000 TCK;
SDR 16 TDI (7FFF);
RUNTEST 1000 TCK;
SDR 16 TDI (FFFF);
RUNTEST 1000 TCK;
SDR 16 TDI (FDFF);
RUNTEST 1000 TCK;
SDR 16 TDI (FFFF);
RUNTEST 1000 TCK;
SDR 16 TDI (BF5F);
RUNTEST 1000 TCK;
SDR 16 TDI (FFF7);
RUNTEST 1000 TCK;
SDR 16 TDI (FFFF);
RUNTEST 1000 TCK;
SDR 16 TDI (FD7F);
RUNTEST 1000 TCK;
SDR 16 TDI (6FFF);
RUNTEST 1000 TCK;
SDR 16 TDI (FDDF);
RUNTEST 1000 TCK;
SDR 16 TDI (FFBF);
RUNTEST 1000 TCK;
SDR 16 TDI (BFFF);
RUNTEST 1000 TCK;
SDR 16 TDI (BFFF);
RUNTEST 1000 TCK;
SDR 16 TDI (FFFF);
RUNTEST 1000 TCK;
SDR 16 TDI (FFFF);
RUNTEST 1000 TCK;
SDR 16 TDI (FFFF);
RUNTEST 1000 TCK;
SDR 16 TDI (5FFF);
RUNTEST 1000 TCK;
SDR 16 TDI (FFFF);
RUNTEST 1000 TCK;
SDR 16 TDI (FFFF);
RUNTEST 1000 TCK;
SDR 16 TDI (FD5F);
RUNTEST 1000 TCK;
SDR 16 TDI (BFFF);
RUNTEST 1000 TCK;
SDR 16 TDI (FFFF);
RUNTEST 1000 TCK;
SDR 16 TDI (FFFF);
RUNTEST 1000 TCK;
SDR 16 TDI (FFFF);
RUNTEST 1000 TCK;
SDR 16 TDI (7FFD);
RUNTEST 1000 TCK;
SDR 16 TDI (FFFF);
RUNTEST 1000 TCK;
SDR 16 TDI (FFFF);
RUNTEST 1000 TCK;
SDR 16 TDI (ACEF);
RUNTEST 1000 TCK;
SDR 16 TDI (BFFE);
RUNTEST 1000 TCK;
SDR 16 TDI (EFFF);
RUNTEST 1000 TCK;
SDR 16 TDI (FFFF);
RUNTEST 1000 TCK;
SDR 16 TDI (FFFF);
RUNTEST 1000 TCK;
SDR 16 TDI (7FFF);
RUNTEST 1000 TCK;
SDR 16 TDI (FFFF);
RUNTEST 1000 TCK;
SDR 16 TDI (FFFF);
RUNTEST 1000 TCK;
SDR 16 TDI (FFFD);
RUNTEST 1000 TCK;
SDR 16 TDI (B3FB);
RUNTEST 1000 TCK;
SDR 16 TDI (FFFD);
RUNTEST 1000 TCK;
SDR 16 TDI (DDAF);
RUNTEST 1000 TCK;
SDR 16 TDI (FFFF);
RUNTEST 1000 TCK;
SDR 16 TDI (5B7B);
RUNTEST 1000 TCK;
SDR 16 TDI (F7FF);
RUNTEST 1000 TCK;
SDR 16 TDI (FFFF);
RUNTEST 1000 TCK;
SDR 16 TDI (FFFF);
RUNTEST 1000 TCK;
SDR 16 TDI (BFFF);
RUNTEST 1000 TCK;
SDR 16 TDI (FFFF);
RUNTEST 1000 TCK;
SDR 16 TDI (FFFF);
RUNTEST 1000 TCK;
SDR 16 TDI (FFFF);
RUNTEST 1000 TCK;
SDR 16 TDI (7FFF);
RUNTEST 1000 TCK;
SDR 16 TDI (FFFF);
RUNTEST 1000 TCK;
SDR 16 TDI (FFFF);
RUNTEST 1000 TCK;
SDR 16 TDI (FFFF);
RUNTEST 1000 TCK;
SDR 16 TDI (BFFF);
RUNTEST 1000 TCK;
SDR 16 TDI (FFFF);
RUNTEST 1000 TCK;
SDR 16 TDI (FFFF);
RUNTEST 1000 TCK;
SDR 16 TDI (FFFF);
RUNTEST 1000 TCK;
SDR 16 TDI (7FFF);
RUNTEST 1000 TCK;
SDR 16 TDI (DFBF);
RUNTEST 1000 TCK;
SDR 16 TDI (FFFF);
RUNTEST 1000 TCK;
SDR 16 TDI (FFFF);
RUNTEST 1000 TCK;
SDR 16 TDI (BDFF);
RUNTEST 1000 TCK;
SDR 16 TDI (FFFF);
RUNTEST 1000 TCK;
SDR 16 TDI (FFFF);
RUNTEST 1000 TCK;
SDR 16 TDI (FFFF);
RUNTEST 1000 TCK;
SDR 16 TDI (77FF);
RUNTEST 1000 TCK;
SDR 16 TDI (FFFF);
RUNTEST 1000 TCK;
SDR 16 TDI (FFFF);
RUNTEST 1000 TCK;
SDR 16 TDI (FFFF);
RUNTEST 1000 TCK;
SDR 16 TDI (BFF6);
RUNTEST 1000 TCK;
SDR 16 TDI (F7FF);
RUNTEST 1000 TCK;
SDR 16 TDI (6F7F);
RUNTEST 1000 TCK;
SDR 16 TDI (FFDF);
RUNTEST 1000 TCK;
SDR 16 TDI (7FFF);
RUNTEST 1000 TCK;
SDR 16 TDI (FF7F);
RUNTEST 1000 TCK;
SDR 16 TDI (FFDF);
RUNTEST 1000 TCK;
SDR 16 TDI (DFFF);
RUNTEST 1000 TCK;
SDR 16 TDI (BFFF);
RUNTEST 1000 TCK;
SDR 16 TDI (FFFF);
RUNTEST 1000 TCK;
SDR 16 TDI (FFFF);
RUNTEST 1000 TCK;
SDR 16 TDI (FFFF);
RUNTEST 1000 TCK;
SDR 16 TDI (7FFF);
RUNTEST 1000 TCK;
SDR 16 TDI (FFFF);
RUNTEST 1000 TCK;
SDR 16 TDI (FFFF);
RUNTEST 1000 TCK;
SDR 16 TDI (FFFF);
RUNTEST 1000 TCK;
SDR 16 TDI (BFFF);
RUNTEST 1000 TCK;
SDR 16 TDI (FFFF);
RUNTEST 1000 TCK;
SDR 16 TDI (FFFF);
RUNTEST 1000 TCK;
SDR 16 TDI (FFFF);
RUNTEST 1000 TCK;
SDR 16 TDI (7FFF);
RUNTEST 1000 TCK;
SDR 16 TDI (DFBD);
RUNTEST 1000 TCK;
SDR 16 TDI (DDFF);
RUNTEST 1000 TCK;
SDR 16 TDI (DC8E);
RUNTEST 1000 TCK;
SDR 16 TDI (BFEF);
RUNTEST 1000 TCK;
SDR 16 TDI (77FF);
RUNTEST 1000 TCK;
SDR 16 TDI (FFFF);
RUNTEST 1000 TCK;
SDR 16 TDI (FFFF);
RUNTEST 1000 TCK;
SDR 16 TDI (73FF);
RUNTEST 1000 TCK;
SDR 16 TDI (FFFB);
RUNTEST 1000 TCK;
SDR 16 TDI (EDFF);
RUNTEST 1000 TCK;
SDR 16 TDI (DFFF);
RUNTEST 1000 TCK;
SDR 16 TDI (BFDF);
RUNTEST 1000 TCK;
SDR 16 TDI (FAFF);
RUNTEST 1000 TCK;
SDR 16 TDI (62EF);
RUNTEST 1000 TCK;
SDR 16 TDI (FF7F);
RUNTEST 1000 TCK;
SDR 16 TDI (6FBF);
RUNTEST 1000 TCK;
SDR 16 TDI (F15B);
RUNTEST 1000 TCK;
SDR 16 TDI (FFFF);
RUNTEST 1000 TCK;
SDR 16 TDI (FFFF);
RUNTEST 1000 TCK;
SDR 16 TDI (BFFF);
RUNTEST 1000 TCK;
SDR 16 TDI (FFFF);
RUNTEST 1000 TCK;
SDR 16 TDI (FFFF);
RUNTEST 1000 TCK;
SDR 16 TDI (FFFF);
RUNTEST 1000 TCK;
SDR 16 TDI (7FFF);
RUNTEST 1000 TCK;
SDR 16 TDI (FFFF);
RUNTEST 1000 TCK;
SDR 16 TDI (FFFF);
RUNTEST 1000 TCK;
SDR 16 TDI (FFFF);
RUNTEST 1000 TCK;
SDR 16 TDI (BAEF);
RUNTEST 1000 TCK;
SDR 16 TDI (FFFF);
RUNTEST 1000 TCK;
SDR 16 TDI (FFFF);
RUNTEST 1000 TCK;
SDR 16 TDI (FFFF);
RUNTEST 1000 TCK;
SDR 16 TDI (7FFD);
RUNTEST 1000 TCK;
SDR 16 TDI (FBFF);
RUNTEST 1000 TCK;
SDR 16 TDI (FFFF);
RUNTEST 1000 TCK;
SDR 16 TDI (F777);
RUNTEST 1000 TCK;
SDR 16 TDI (BEFC);
RUNTEST 1000 TCK;
SDR 16 TDI (8EEF);
RUNTEST 1000 TCK;
SDR 16 TDI (FFFF);
RUNTEST 1000 TCK;
SDR 16 TDI (FFFF);
RUNTEST 1000 TCK;
SDR 16 TDI (6FFF);
RUNTEST 1000 TCK;
SDR 16 TDI (FFFF);
RUNTEST 1000 TCK;
SDR 16 TDI (FFFF);
RUNTEST 1000 TCK;
SDR 16 TDI (FFFF);
RUNTEST 1000 TCK;
SDR 16 TDI (A4E4);
RUNTEST 1000 TCK;
SDR 16 TDI (DFE2);
RUNTEST 1000 TCK;
SDR 16 TDI (BF77);
RUNTEST 1000 TCK;
SDR 16 TDI (FD9B);
RUNTEST 1000 TCK;
SDR 16 TDI (5DFF);
RUNTEST 1000 TCK;
SDR 16 TDI (BFBF);
RUNTEST 1000 TCK;
SDR 16 TDI (FFFF);
RUNTEST 1000 TCK;
SDR 16 TDI (FFFF);
RUNTEST 1000 TCK;
SDR 16 TDI (BFFF);
RUNTEST 1000 TCK;
SDR 16 TDI (FFFF);
RUNTEST 1000 TCK;
SDR 16 TDI (FFFF);
RUNTEST 1000 TCK;
SDR 16 TDI (FFFF);
RUNTEST 1000 TCK;
SDR 16 TDI (7FFF);
RUNTEST 1000 TCK;
SDR 16 TDI (FFFF);
RUNTEST 1000 TCK;
SDR 16 TDI (FFFF);
RUNTEST 1000 TCK;
SDR 16 TDI (DD7F);
RUNTEST 1000 TCK;
SDR 16 TDI (BFFF);
RUNTEST 1000 TCK;
SDR 16 TDI (FFFF);
RUNTEST 1000 TCK;
SDR 16 TDI (FFFF);
RUNTEST 1000 TCK;
SDR 16 TDI (FFFF);
RUNTEST 1000 TCK;
SDR 16 TDI (7FBF);
RUNTEST 1000 TCK;
SDR 16 TDI (EFFF);
RUNTEST 1000 TCK;
SDR 16 TDI (FFDF);
RUNTEST 1000 TCK;
SDR 16 TDI (ABFF);
RUNTEST 1000 TCK;
SDR 16 TDI (B7FF);
RUNTEST 1000 TCK;
SDR 16 TDI (FBFF);
RUNTEST 1000 TCK;
SDR 16 TDI (FFFF);
RUNTEST 1000 TCK;
SDR 16 TDI (FFFF);
RUNTEST 1000 TCK;
SDR 16 TDI (5FFF);
RUNTEST 1000 TCK;
SDR 16 TDI (FFFF);
RUNTEST 1000 TCK;
SDR 16 TDI (FFFD);
RUNTEST 1000 TCK;
SDR 16 TDI (FFFC);
RUNTEST 1000 TCK;
SDR 16 TDI (BB3B);
RUNTEST 1000 TCK;
SDR 16 TDI (27FD);
RUNTEST 1000 TCK;
SDR 16 TDI (DD99);
RUNTEST 1000 TCK;
SDR 16 TDI (FEFE);
RUNTEST 1000 TCK;
SDR 16 TDI (73F7);
RUNTEST 1000 TCK;
SDR 16 TDI (FEEF);
RUNTEST 1000 TCK;
SDR 16 TDI (FFAF);
RUNTEST 1000 TCK;
SDR 16 TDI (AFFF);
RUNTEST 1000 TCK;
SDR 16 TDI (BFFF);
RUNTEST 1000 TCK;
SDR 16 TDI (FFFF);
RUNTEST 1000 TCK;
SDR 16 TDI (FFFF);
RUNTEST 1000 TCK;
SDR 16 TDI (FFFF);
RUNTEST 1000 TCK;
SDR 16 TDI (7FFF);
RUNTEST 1000 TCK;
SDR 16 TDI (FFFF);
RUNTEST 1000 TCK;
SDR 16 TDI (FFFF);
RUNTEST 1000 TCK;
SDR 16 TDI (FFFF);
RUNTEST 1000 TCK;
SDR 16 TDI (A55F);
RUNTEST 1000 TCK;
SDR 16 TDI (FFFF);
RUNTEST 1000 TCK;
SDR 16 TDI (FEFF);
RUNTEST 1000 TCK;
SDR 16 TDI (FFFF);
RUNTEST 1000 TCK;
SDR 16 TDI (5E19);
RUNTEST 1000 TCK;
SDR 16 TDI (9F18);
RUNTEST 1000 TCK;
SDR 16 TDI (0007);
RUNTEST 1000 TCK;
SDR 16 TDI (E668);
RUNTEST 1000 TCK;
SDR 16 TDI (AF82);
RUNTEST 1000 TCK;
SDR 16 TDI (EC03);
RUNTEST 1000 TCK;
SDR 16 TDI (FFFF);
RUNTEST 1000 TCK;
SDR 16 TDI (FEFF);
RUNTEST 1000 TCK;
SDR 16 TDI (69FF);
RUNTEST 1000 TCK;
SDR 16 TDI (FFE1);
RUNTEST 1000 TCK;
SDR 16 TDI (FF78);
RUNTEST 1000 TCK;
SDR 16 TDI (07FC);
RUNTEST 1000 TCK;
SDR 16 TDI (A55D);
RUNTEST 1000 TCK;
SDR 16 TDI (27CA);
RUNTEST 1000 TCK;
SDR 16 TDI (BB7B);
RUNTEST 1000 TCK;
SDR 16 TDI (F941);
RUNTEST 1000 TCK;
SDR 16 TDI (6BE3);
RUNTEST 1000 TCK;
SDR 16 TDI (0550);
RUNTEST 1000 TCK;
SDR 16 TDI (FF8F);
RUNTEST 1000 TCK;
SDR 16 TDI (2FBF);
RUNTEST 1000 TCK;
SDR 16 TDI (BFFF);
RUNTEST 1000 TCK;
SDR 16 TDI (FFFF);
RUNTEST 1000 TCK;
SDR 16 TDI (FFDF);
RUNTEST 1000 TCK;
SDR 16 TDI (FFFF);
RUNTEST 1000 TCK;
SDR 16 TDI (5FFF);
RUNTEST 1000 TCK;
SDR 16 TDI (FFEF);
RUNTEST 1000 TCK;
SDR 16 TDI (FFFF);
RUNTEST 1000 TCK;
SDR 16 TDI (EA9F);
RUNTEST 1000 TCK;
SDR 16 TDI (AFFF);
RUNTEST 1000 TCK;
SDR 16 TDI (FFFF);
RUNTEST 1000 TCK;
SDR 16 TDI (FDFF);
RUNTEST 1000 TCK;
SDR 16 TDI (FFFF);
RUNTEST 1000 TCK;
SDR 16 TDI (7E19);
RUNTEST 1000 TCK;
SDR 16 TDI (9F98);
RUNTEST 1000 TCK;
SDR 16 TDI (0007);
RUNTEST 1000 TCK;
SDR 16 TDI (F760);
RUNTEST 1000 TCK;
SDR 16 TDI (ADC0);
RUNTEST 1000 TCK;
SDR 16 TDI (CC03);
RUNTEST 1000 TCK;
SDR 16 TDI (FFFF);
RUNTEST 1000 TCK;
SDR 16 TDI (FDFF);
RUNTEST 1000 TCK;
SDR 16 TDI (69FF);
RUNTEST 1000 TCK;
SDR 16 TDI (FFE1);
RUNTEST 1000 TCK;
SDR 16 TDI (FBF8);
RUNTEST 1000 TCK;
SDR 16 TDI (07FF);
RUNTEST 1000 TCK;
SDR 16 TDI (A767);
RUNTEST 1000 TCK;
SDR 16 TDI (57EE);
RUNTEST 1000 TCK;
SDR 16 TDI (E6A7);
RUNTEST 1000 TCK;
SDR 16 TDI (F9C1);
RUNTEST 1000 TCK;
SDR 16 TDI (5B73);
RUNTEST 1000 TCK;
SDR 16 TDI (0770);
RUNTEST 1000 TCK;
SDR 16 TDI (FF8F);
RUNTEST 1000 TCK;
SDR 16 TDI (2F7F);
RUNTEST 1000 TCK;
SDR 16 TDI (BFFF);
RUNTEST 1000 TCK;
SDR 16 TDI (FFFF);
RUNTEST 1000 TCK;
SDR 16 TDI (FFBF);
RUNTEST 1000 TCK;
SDR 16 TDI (FFFF);
RUNTEST 1000 TCK;
SDR 16 TDI (7FFF);
RUNTEST 1000 TCK;
SDR 16 TDI (FFDF);
RUNTEST 1000 TCK;
SDR 16 TDI (FFFF);
RUNTEST 1000 TCK;
SDR 16 TDI (FFDF);
RUNTEST 1000 TCK;
SDR 16 TDI (B55F);
RUNTEST 1000 TCK;
SDR 16 TDI (FFFF);
RUNTEST 1000 TCK;
SDR 16 TDI (FFFF);
RUNTEST 1000 TCK;
SDR 16 TDI (FFFF);
RUNTEST 1000 TCK;
SDR 16 TDI (7E19);
RUNTEST 1000 TCK;
SDR 16 TDI (8F98);
RUNTEST 1000 TCK;
SDR 16 TDI (0007);
RUNTEST 1000 TCK;
SDR 16 TDI (E650);
RUNTEST 1000 TCK;
SDR 16 TDI (A7C1);
RUNTEST 1000 TCK;
SDR 16 TDI (5403);
RUNTEST 1000 TCK;
SDR 16 TDI (FFFF);
RUNTEST 1000 TCK;
SDR 16 TDI (FFFF);
RUNTEST 1000 TCK;
SDR 16 TDI (57FF);
RUNTEST 1000 TCK;
SDR 16 TDI (FFE1);
RUNTEST 1000 TCK;
SDR 16 TDI (EFF8);
RUNTEST 1000 TCK;
SDR 16 TDI (07FF);
RUNTEST 1000 TCK;
SDR 16 TDI (BCC4);
RUNTEST 1000 TCK;
SDR 16 TDI (EBF3);
RUNTEST 1000 TCK;
SDR 16 TDI (2223);
RUNTEST 1000 TCK;
SDR 16 TDI (F921);
RUNTEST 1000 TCK;
SDR 16 TDI (65F3);
RUNTEST 1000 TCK;
SDR 16 TDI (0990);
RUNTEST 1000 TCK;
SDR 16 TDI (FF8F);
RUNTEST 1000 TCK;
SDR 16 TDI (1FFF);
RUNTEST 1000 TCK;
SDR 16 TDI (BFFF);
RUNTEST 1000 TCK;
SDR 16 TDI (FFFF);
RUNTEST 1000 TCK;
SDR 16 TDI (FFFF);
RUNTEST 1000 TCK;
SDR 16 TDI (FFFF);
RUNTEST 1000 TCK;
SDR 16 TDI (7FFF);
RUNTEST 1000 TCK;
SDR 16 TDI (FFFF);
RUNTEST 1000 TCK;
SDR 16 TDI (FFFF);
RUNTEST 1000 TCK;
SDR 16 TDI (EABF);
RUNTEST 1000 TCK;
SDR 16 TDI (BFFF);
RUNTEST 1000 TCK;
SDR 16 TDI (FFFF);
RUNTEST 1000 TCK;
SDR 16 TDI (FFFF);
RUNTEST 1000 TCK;
SDR 16 TDI (FFFF);
RUNTEST 1000 TCK;
SDR 16 TDI (7E19);
RUNTEST 1000 TCK;
SDR 16 TDI (9F98);
RUNTEST 1000 TCK;
SDR 16 TDI (0007);
RUNTEST 1000 TCK;
SDR 16 TDI (88C0);
RUNTEST 1000 TCK;
SDR 16 TDI (8FC0);
RUNTEST 1000 TCK;
SDR 16 TDI (4403);
RUNTEST 1000 TCK;
SDR 16 TDI (FFFF);
RUNTEST 1000 TCK;
SDR 16 TDI (FFFF);
RUNTEST 1000 TCK;
SDR 16 TDI (77FF);
RUNTEST 1000 TCK;
SDR 16 TDI (FFE1);
RUNTEST 1000 TCK;
SDR 16 TDI (FFF8);
RUNTEST 1000 TCK;
SDR 16 TDI (07FE);
RUNTEST 1000 TCK;
SDR 16 TDI (AA62);
RUNTEST 1000 TCK;
SDR 16 TDI (4FE4);
RUNTEST 1000 TCK;
SDR 16 TDI (4727);
RUNTEST 1000 TCK;
SDR 16 TDI (F880);
RUNTEST 1000 TCK;
SDR 16 TDI (73F3);
RUNTEST 1000 TCK;
SDR 16 TDI (0220);
RUNTEST 1000 TCK;
SDR 16 TDI (FF8F);
RUNTEST 1000 TCK;
SDR 16 TDI (1FFF);
RUNTEST 1000 TCK;
SDR 16 TDI (BFFF);
RUNTEST 1000 TCK;
SDR 16 TDI (FFFF);
RUNTEST 1000 TCK;
SDR 16 TDI (FFFF);
RUNTEST 1000 TCK;
SDR 16 TDI (FFFF);
RUNTEST 1000 TCK;
SDR 16 TDI (7FFF);
RUNTEST 1000 TCK;
SDR 16 TDI (FFFF);
RUNTEST 1000 TCK;
SDR 16 TDI (FFFF);
RUNTEST 1000 TCK;
SDR 16 TDI (FFFF);
RUNTEST 1000 TCK;
SDR 16 TDI (9FFF);
RUNTEST 1000 TCK;
SDR 16 TDI (3333);
RUNTEST 1000 TCK;
SDR 16 TDI (1F33);
RUNTEST 1000 TCK;
SDR 16 TDI (333C);
RUNTEST 1000 TCK;
SDR 16 TDI (7999);
RUNTEST 1000 TCK;
SDR 16 TDI (9FB9);
RUNTEST 1000 TCK;
SDR 16 TDI (9BBE);
RUNTEST 1000 TCK;
SDR 16 TDI (3336);
RUNTEST 1000 TCK;
SDR 16 TDI (AFCD);
RUNTEST 1000 TCK;
SDR 16 TDI (98CF);
RUNTEST 1000 TCK;
SDR 16 TDI (3333);
RUNTEST 1000 TCK;
SDR 16 TDI (1F33);
RUNTEST 1000 TCK;
SDR 16 TDI (6E67);
RUNTEST 1000 TCK;
SDR 16 TDI (999D);
RUNTEST 1000 TCK;
SDR 16 TDI (9F99);
RUNTEST 1000 TCK;
SDR 16 TDI (999F);
RUNTEST 1000 TCK;
SDR 16 TDI (A303);
RUNTEST 1000 TCK;
SDR 16 TDI (47EC);
RUNTEST 1000 TCK;
SDR 16 TDI (C041);
RUNTEST 1000 TCK;
SDR 16 TDI (9C1C);
RUNTEST 1000 TCK;
SDR 16 TDI (53F7);
RUNTEST 1000 TCK;
SDR 16 TDI (7207);
RUNTEST 1000 TCK;
SDR 16 TDI (CCCC);
RUNTEST 1000 TCK;
SDR 16 TDI (C7CC);
RUNTEST 1000 TCK;
SDR 16 TDI (B999);
RUNTEST 1000 TCK;
SDR 16 TDI (E666);
RUNTEST 1000 TCK;
SDR 16 TDI (63E6);
RUNTEST 1000 TCK;
SDR 16 TDI (6667);
RUNTEST 1000 TCK;
SDR 16 TDI (7333);
RUNTEST 1000 TCK;
SDR 16 TDI (31F3);
RUNTEST 1000 TCK;
SDR 16 TDI (3333);
RUNTEST 1000 TCK;
SDR 16 TDI (FFFF);
RUNTEST 1000 TCK;
SDR 16 TDI (BFFF);
RUNTEST 1000 TCK;
SDR 16 TDI (7777);
RUNTEST 1000 TCK;
SDR 16 TDI (4ABB);
RUNTEST 1000 TCK;
SDR 16 TDI (BBBD);
RUNTEST 1000 TCK;
SDR 16 TDI (7B99);
RUNTEST 1000 TCK;
SDR 16 TDI (9519);
RUNTEST 1000 TCK;
SDR 16 TDI (999E);
RUNTEST 1000 TCK;
SDR 16 TDI (C446);
RUNTEST 1000 TCK;
SDR 16 TDI (AA8C);
RUNTEST 1000 TCK;
SDR 16 TDI (44CF);
RUNTEST 1000 TCK;
SDR 16 TDI (7777);
RUNTEST 1000 TCK;
SDR 16 TDI (4ABB);
RUNTEST 1000 TCK;
SDR 16 TDI (4777);
RUNTEST 1000 TCK;
SDR 16 TDI (BBB9);
RUNTEST 1000 TCK;
SDR 16 TDI (B559);
RUNTEST 1000 TCK;
SDR 16 TDI (9DDF);
RUNTEST 1000 TCK;
SDR 16 TDI (AE66);
RUNTEST 1000 TCK;
SDR 16 TDI (6D46);
RUNTEST 1000 TCK;
SDR 16 TDI (6627);
RUNTEST 1000 TCK;
SDR 16 TDI (B999);
RUNTEST 1000 TCK;
SDR 16 TDI (62A3);
RUNTEST 1000 TCK;
SDR 16 TDI (3133);
RUNTEST 1000 TCK;
SDR 16 TDI (DD9D);
RUNTEST 1000 TCK;
SDR 16 TDI (92AE);
RUNTEST 1000 TCK;
SDR 16 TDI (BDDD);
RUNTEST 1000 TCK;
SDR 16 TDI (EEEE);
RUNTEST 1000 TCK;
SDR 16 TDI (E957);
RUNTEST 1000 TCK;
SDR 16 TDI (7777);
RUNTEST 1000 TCK;
SDR 16 TDI (7777);
RUNTEST 1000 TCK;
SDR 16 TDI (74AB);
RUNTEST 1000 TCK;
SDR 16 TDI (BBBB);
RUNTEST 1000 TCK;
SDR 16 TDI (FFFF);
RUNTEST 1000 TCK;
SDR 16 TDI (BFFF);
RUNTEST 1000 TCK;
SDR 16 TDI (FFFF);
RUNTEST 1000 TCK;
SDR 16 TDI (FEFF);
RUNTEST 1000 TCK;
SDR 16 TDI (FFFF);
RUNTEST 1000 TCK;
SDR 16 TDI (7EFF);
RUNTEST 1000 TCK;
SDR 16 TDI (FF7F);
RUNTEST 1000 TCK;
SDR 16 TDI (7777);
RUNTEST 1000 TCK;
SDR 16 TDI (BBBB);
RUNTEST 1000 TCK;
SDR 16 TDI (9FBB);
RUNTEST 1000 TCK;
SDR 16 TDI (BBBB);
RUNTEST 1000 TCK;
SDR 16 TDI (FFFF);
RUNTEST 1000 TCK;
SDR 16 TDI (FEFF);
RUNTEST 1000 TCK;
SDR 16 TDI (7FFF);
RUNTEST 1000 TCK;
SDR 16 TDI (FFEF);
RUNTEST 1000 TCK;
SDR 16 TDI (FF7F);
RUNTEST 1000 TCK;
SDR 16 TDI (77FF);
RUNTEST 1000 TCK;
SDR 16 TDI (B333);
RUNTEST 1000 TCK;
SDR 16 TDI (7FCC);
RUNTEST 1000 TCK;
SDR 16 TDI (CDDD);
RUNTEST 1000 TCK;
SDR 16 TDI (FEEE);
RUNTEST 1000 TCK;
SDR 16 TDI (7FEF);
RUNTEST 1000 TCK;
SDR 16 TDI (EEEE);
RUNTEST 1000 TCK;
SDR 16 TDI (FFFF);
RUNTEST 1000 TCK;
SDR 16 TDI (FFBF);
RUNTEST 1000 TCK;
SDR 16 TDI (BFFF);
RUNTEST 1000 TCK;
SDR 16 TDI (FFFF);
RUNTEST 1000 TCK;
SDR 16 TDI (FFDF);
RUNTEST 1000 TCK;
SDR 16 TDI (FFFF);
RUNTEST 1000 TCK;
SDR 16 TDI (7FFF);
RUNTEST 1000 TCK;
SDR 16 TDI (FFEF);
RUNTEST 1000 TCK;
SDR 16 TDI (FFFF);
RUNTEST 1000 TCK;
SDR 16 TDI (FFFF);
RUNTEST 1000 TCK;
SDR 16 TDI (9FFF);
RUNTEST 1000 TCK;
SDR 16 TDI (FFFF);
RUNTEST 1000 TCK;
SDR 16 TDI (FFFD);
RUNTEST 1000 TCK;
SDR 16 TDI (FFFF);
RUNTEST 1000 TCK;
SDR 16 TDI (7FDF);
RUNTEST 1000 TCK;
SDR 16 TDI (FFFF);
RUNTEST 1000 TCK;
SDR 16 TDI (FFEF);
RUNTEST 1000 TCK;
SDR 16 TDI (FFFF);
RUNTEST 1000 TCK;
SDR 16 TDI (BFFD);
RUNTEST 1000 TCK;
SDR 16 TDI (FBFF);
RUNTEST 1000 TCK;
SDR 16 TDI (FF7D);
RUNTEST 1000 TCK;
SDR 16 TDI (FFFF);
RUNTEST 1000 TCK;
SDR 16 TDI (7FFF);
RUNTEST 1000 TCK;
SDR 16 TDI (BFEF);
RUNTEST 1000 TCK;
SDR 16 TDI (FFDD);
RUNTEST 1000 TCK;
SDR 16 TDI (FFFF);
RUNTEST 1000 TCK;
SDR 16 TDI (BBFF);
RUNTEST 1000 TCK;
SDR 16 TDI (7FFF);
RUNTEST 1000 TCK;
SDR 16 TDI (73DE);
RUNTEST 1000 TCK;
SDR 16 TDI (EFFC);
RUNTEST 1000 TCK;
SDR 16 TDI (7FFF);
RUNTEST 1000 TCK;
SDR 16 TDI (BF7F);
RUNTEST 1000 TCK;
SDR 16 TDI (FEFF);
RUNTEST 1000 TCK;
SDR 16 TDI (FFFF);
RUNTEST 1000 TCK;
SDR 16 TDI (9FFF);
RUNTEST 1000 TCK;
SDR 16 TDI (FFFF);
RUNTEST 1000 TCK;
SDR 16 TDI (FFFF);
RUNTEST 1000 TCK;
SDR 16 TDI (FFFF);
RUNTEST 1000 TCK;
SDR 16 TDI (7FFF);
RUNTEST 1000 TCK;
SDR 16 TDI (FFFF);
RUNTEST 1000 TCK;
SDR 16 TDI (FFFF);
RUNTEST 1000 TCK;
SDR 16 TDI (FFFF);
RUNTEST 1000 TCK;
SDR 16 TDI (BFFF);
RUNTEST 1000 TCK;
SDR 16 TDI (FFFF);
RUNTEST 1000 TCK;
SDR 16 TDI (FFFF);
RUNTEST 1000 TCK;
SDR 16 TDI (FFEF);
RUNTEST 1000 TCK;
SDR 16 TDI (7FFF);
RUNTEST 1000 TCK;
SDR 16 TDI (FFFF);
RUNTEST 1000 TCK;
SDR 16 TDI (FFFE);
RUNTEST 1000 TCK;
SDR 16 TDI (FFEB);
RUNTEST 1000 TCK;
SDR 16 TDI (BFEF);
RUNTEST 1000 TCK;
SDR 16 TDI (FFFF);
RUNTEST 1000 TCK;
SDR 16 TDI (FFFF);
RUNTEST 1000 TCK;
SDR 16 TDI (FFFF);
RUNTEST 1000 TCK;
SDR 16 TDI (7FFF);
RUNTEST 1000 TCK;
SDR 16 TDI (FF3F);
RUNTEST 1000 TCK;
SDR 16 TDI (FFFF);
RUNTEST 1000 TCK;
SDR 16 TDI (FFFF);
RUNTEST 1000 TCK;
SDR 16 TDI (8EAF);
RUNTEST 1000 TCK;
SDR 16 TDI (FFFD);
RUNTEST 1000 TCK;
SDR 16 TDI (FFFF);
RUNTEST 1000 TCK;
SDR 16 TDI (FFFF);
RUNTEST 1000 TCK;
SDR 16 TDI (7FFD);
RUNTEST 1000 TCK;
SDR 16 TDI (EFFB);
RUNTEST 1000 TCK;
SDR 16 TDI (FFFF);
RUNTEST 1000 TCK;
SDR 16 TDI (FFFF);
RUNTEST 1000 TCK;
SDR 16 TDI (BFFF);
RUNTEST 1000 TCK;
SDR 16 TDI (FFFF);
RUNTEST 1000 TCK;
SDR 16 TDI (FFFF);
RUNTEST 1000 TCK;
SDR 16 TDI (FFFF);
RUNTEST 1000 TCK;
SDR 16 TDI (7FFF);
RUNTEST 1000 TCK;
SDR 16 TDI (FFFF);
RUNTEST 1000 TCK;
SDR 16 TDI (FFFF);
RUNTEST 1000 TCK;
SDR 16 TDI (FFFF);
RUNTEST 1000 TCK;
SDR 16 TDI (AFFF);
RUNTEST 1000 TCK;
SDR 16 TDI (FFFF);
RUNTEST 1000 TCK;
SDR 16 TDI (FFFF);
RUNTEST 1000 TCK;
SDR 16 TDI (FFDF);
RUNTEST 1000 TCK;
SDR 16 TDI (7FFF);
RUNTEST 1000 TCK;
SDR 16 TDI (FFFF);
RUNTEST 1000 TCK;
SDR 16 TDI (FFF7);
RUNTEST 1000 TCK;
SDR 16 TDI (FFFF);
RUNTEST 1000 TCK;
SDR 16 TDI (9FFF);
RUNTEST 1000 TCK;
SDR 16 TDI (FFFF);
RUNTEST 1000 TCK;
SDR 16 TDI (FF7F);
RUNTEST 1000 TCK;
SDR 16 TDI (FFFF);
RUNTEST 1000 TCK;
SDR 16 TDI (7FFF);
RUNTEST 1000 TCK;
SDR 16 TDI (DFFF);
RUNTEST 1000 TCK;
SDR 16 TDI (FFFD);
RUNTEST 1000 TCK;
SDR 16 TDI (FFFF);
RUNTEST 1000 TCK;
SDR 16 TDI (BD7F);
RUNTEST 1000 TCK;
SDR 16 TDI (7FFF);
RUNTEST 1000 TCK;
SDR 16 TDI (77FF);
RUNTEST 1000 TCK;
SDR 16 TDI (77FC);
RUNTEST 1000 TCK;
SDR 16 TDI (7FFF);
RUNTEST 1000 TCK;
SDR 16 TDI (EF7F);
RUNTEST 1000 TCK;
SDR 16 TDI (FFFF);
RUNTEST 1000 TCK;
SDR 16 TDI (FFFF);
RUNTEST 1000 TCK;
SDR 16 TDI (BFFF);
RUNTEST 1000 TCK;
SDR 16 TDI (FFFF);
RUNTEST 1000 TCK;
SDR 16 TDI (FFFF);
RUNTEST 1000 TCK;
SDR 16 TDI (FFFF);
RUNTEST 1000 TCK;
SDR 16 TDI (7FFF);
RUNTEST 1000 TCK;
SDR 16 TDI (FFFF);
RUNTEST 1000 TCK;
SDR 16 TDI (FFFF);
RUNTEST 1000 TCK;
SDR 16 TDI (FFDF);
RUNTEST 1000 TCK;
SDR 16 TDI (8FFF);
RUNTEST 1000 TCK;
SDR 16 TDI (FFFF);
RUNTEST 1000 TCK;
SDR 16 TDI (FFFE);
RUNTEST 1000 TCK;
SDR 16 TDI (FFFF);
RUNTEST 1000 TCK;
SDR 16 TDI (7FDF);
RUNTEST 1000 TCK;
SDR 16 TDI (FFFF);
RUNTEST 1000 TCK;
SDR 16 TDI (FFFE);
RUNTEST 1000 TCK;
SDR 16 TDI (FFED);
RUNTEST 1000 TCK;
SDR 16 TDI (BFEE);
RUNTEST 1000 TCK;
SDR 16 TDI (FBFF);
RUNTEST 1000 TCK;
SDR 16 TDI (FFFD);
RUNTEST 1000 TCK;
SDR 16 TDI (FFFF);
RUNTEST 1000 TCK;
SDR 16 TDI (7FFF);
RUNTEST 1000 TCK;
SDR 16 TDI (FFD7);
RUNTEST 1000 TCK;
SDR 16 TDI (FFBF);
RUNTEST 1000 TCK;
SDR 16 TDI (FFFF);
RUNTEST 1000 TCK;
SDR 16 TDI (B7B7);
RUNTEST 1000 TCK;
SDR 16 TDI (FFFD);
RUNTEST 1000 TCK;
SDR 16 TDI (FBDF);
RUNTEST 1000 TCK;
SDR 16 TDI (FFFF);
RUNTEST 1000 TCK;
SDR 16 TDI (7FFF);
RUNTEST 1000 TCK;
SDR 16 TDI (BFFB);
RUNTEST 1000 TCK;
SDR 16 TDI (FEFF);
RUNTEST 1000 TCK;
SDR 16 TDI (FFFF);
RUNTEST 1000 TCK;
SDR 16 TDI (BFFF);
RUNTEST 1000 TCK;
SDR 16 TDI (FFFF);
RUNTEST 1000 TCK;
SDR 16 TDI (FFFF);
RUNTEST 1000 TCK;
SDR 16 TDI (FFFF);
RUNTEST 1000 TCK;
SDR 16 TDI (7FFF);
RUNTEST 1000 TCK;
SDR 16 TDI (FFFF);
RUNTEST 1000 TCK;
SDR 16 TDI (FFFF);
RUNTEST 1000 TCK;
SDR 16 TDI (FFDF);
RUNTEST 1000 TCK;
SDR 16 TDI (BFFF);
RUNTEST 1000 TCK;
SDR 16 TDI (FFFF);
RUNTEST 1000 TCK;
SDR 16 TDI (FFFF);
RUNTEST 1000 TCK;
SDR 16 TDI (FFFF);
RUNTEST 1000 TCK;
SDR 16 TDI (7FFF);
RUNTEST 1000 TCK;
SDR 16 TDI (FFF7);
RUNTEST 1000 TCK;
SDR 16 TDI (7F7F);
RUNTEST 1000 TCK;
SDR 16 TDI (7FFF);
RUNTEST 1000 TCK;
SDR 16 TDI (BFFF);
RUNTEST 1000 TCK;
SDR 16 TDI (FFFF);
RUNTEST 1000 TCK;
SDR 16 TDI (FFFF);
RUNTEST 1000 TCK;
SDR 16 TDI (FFFF);
RUNTEST 1000 TCK;
SDR 16 TDI (7FFF);
RUNTEST 1000 TCK;
SDR 16 TDI (FFFF);
RUNTEST 1000 TCK;
SDR 16 TDI (FFEF);
RUNTEST 1000 TCK;
SDR 16 TDI (FFFE);
RUNTEST 1000 TCK;
SDR 16 TDI (AFFF);
RUNTEST 1000 TCK;
SDR 16 TDI (FFF7);
RUNTEST 1000 TCK;
SDR 16 TDI (FFFF);
RUNTEST 1000 TCK;
SDR 16 TDI (FFFF);
RUNTEST 1000 TCK;
SDR 16 TDI (7FFF);
RUNTEST 1000 TCK;
SDR 16 TDI (EEFF);
RUNTEST 1000 TCK;
SDR 16 TDI (FFFF);
RUNTEST 1000 TCK;
SDR 16 TDI (FFFF);
RUNTEST 1000 TCK;
SDR 16 TDI (BFFF);
RUNTEST 1000 TCK;
SDR 16 TDI (FFFF);
RUNTEST 1000 TCK;
SDR 16 TDI (FFFF);
RUNTEST 1000 TCK;
SDR 16 TDI (FFFF);
RUNTEST 1000 TCK;
SDR 16 TDI (7FFF);
RUNTEST 1000 TCK;
SDR 16 TDI (FFFF);
RUNTEST 1000 TCK;
SDR 16 TDI (FFFF);
RUNTEST 1000 TCK;
SDR 16 TDI (FFFF);
RUNTEST 1000 TCK;
SDR 16 TDI (BFFF);
RUNTEST 1000 TCK;
SDR 16 TDI (FFFF);
RUNTEST 1000 TCK;
SDR 16 TDI (FFFF);
RUNTEST 1000 TCK;
SDR 16 TDI (FFFF);
RUNTEST 1000 TCK;
SDR 16 TDI (7FEF);
RUNTEST 1000 TCK;
SDR 16 TDI (FFFF);
RUNTEST 1000 TCK;
SDR 16 TDI (FFFF);
RUNTEST 1000 TCK;
SDR 16 TDI (FFDF);
RUNTEST 1000 TCK;
SDR 16 TDI (9FFF);
RUNTEST 1000 TCK;
SDR 16 TDI (FFFE);
RUNTEST 1000 TCK;
SDR 16 TDI (9FFF);
RUNTEST 1000 TCK;
SDR 16 TDI (FFFF);
RUNTEST 1000 TCK;
SDR 16 TDI (7FFF);
RUNTEST 1000 TCK;
SDR 16 TDI (DFEF);
RUNTEST 1000 TCK;
SDR 16 TDI (FFFF);
RUNTEST 1000 TCK;
SDR 16 TDI (FEFB);
RUNTEST 1000 TCK;
SDR 16 TDI (BFEF);
RUNTEST 1000 TCK;
SDR 16 TDI (FFFF);
RUNTEST 1000 TCK;
SDR 16 TDI (FFFB);
RUNTEST 1000 TCK;
SDR 16 TDI (FFFF);
RUNTEST 1000 TCK;
SDR 16 TDI (7FFF);
RUNTEST 1000 TCK;
SDR 16 TDI (FFFB);
RUNTEST 1000 TCK;
SDR 16 TDI (FFFF);
RUNTEST 1000 TCK;
SDR 16 TDI (FFFF);
RUNTEST 1000 TCK;
SDR 16 TDI (BFFF);
RUNTEST 1000 TCK;
SDR 16 TDI (FFFF);
RUNTEST 1000 TCK;
SDR 16 TDI (FFFF);
RUNTEST 1000 TCK;
SDR 16 TDI (FFFF);
RUNTEST 1000 TCK;
SDR 16 TDI (7FFF);
RUNTEST 1000 TCK;
SDR 16 TDI (FFFF);
RUNTEST 1000 TCK;
SDR 16 TDI (FFFF);
RUNTEST 1000 TCK;
SDR 16 TDI (FFFF);
RUNTEST 1000 TCK;
SDR 16 TDI (BFFF);
RUNTEST 1000 TCK;
SDR 16 TDI (FFFF);
RUNTEST 1000 TCK;
SDR 16 TDI (FFFF);
RUNTEST 1000 TCK;
SDR 16 TDI (FFFF);
RUNTEST 1000 TCK;
SDR 16 TDI (7FFF);
RUNTEST 1000 TCK;
SDR 16 TDI (FFFF);
RUNTEST 1000 TCK;
SDR 16 TDI (BFFF);
RUNTEST 1000 TCK;
SDR 16 TDI (FDBF);
RUNTEST 1000 TCK;
SDR 16 TDI (BFFF);
RUNTEST 1000 TCK;
SDR 16 TDI (FFFD);
RUNTEST 1000 TCK;
SDR 16 TDI (DFEF);
RUNTEST 1000 TCK;
SDR 16 TDI (FFFF);
RUNTEST 1000 TCK;
SDR 16 TDI (7FFF);
RUNTEST 1000 TCK;
SDR 16 TDI (FFEF);
RUNTEST 1000 TCK;
SDR 16 TDI (FFF7);
RUNTEST 1000 TCK;
SDR 16 TDI (BFFB);
RUNTEST 1000 TCK;
SDR 16 TDI (BFFF);
RUNTEST 1000 TCK;
SDR 16 TDI (FFFF);
RUNTEST 1000 TCK;
SDR 16 TDI (FFFD);
RUNTEST 1000 TCK;
SDR 16 TDI (FFDF);
RUNTEST 1000 TCK;
SDR 16 TDI (7FFF);
RUNTEST 1000 TCK;
SDR 16 TDI (EFFF);
RUNTEST 1000 TCK;
SDR 16 TDI (FFFF);
RUNTEST 1000 TCK;
SDR 16 TDI (FFFF);
RUNTEST 1000 TCK;
SDR 16 TDI (AFFF);
RUNTEST 1000 TCK;
SDR 16 TDI (FFFF);
RUNTEST 1000 TCK;
SDR 16 TDI (FFFF);
RUNTEST 1000 TCK;
SDR 16 TDI (FFFF);
RUNTEST 1000 TCK;
SDR 16 TDI (7FFF);
RUNTEST 1000 TCK;
SDR 16 TDI (FFFF);
RUNTEST 1000 TCK;
SDR 16 TDI (FFFF);
RUNTEST 1000 TCK;
SDR 16 TDI (FFFF);
RUNTEST 1000 TCK;
SDR 16 TDI (BFFF);
RUNTEST 1000 TCK;
SDR 16 TDI (FFFF);
RUNTEST 1000 TCK;
SDR 16 TDI (FFFF);
RUNTEST 1000 TCK;
SDR 16 TDI (FFFF);
RUNTEST 1000 TCK;
SDR 16 TDI (7FF7);
RUNTEST 1000 TCK;
SDR 16 TDI (FFEE);
RUNTEST 1000 TCK;
SDR 16 TDI (FEFF);
RUNTEST 1000 TCK;
SDR 16 TDI (7FFF);
RUNTEST 1000 TCK;
SDR 16 TDI (BFFF);
RUNTEST 1000 TCK;
SDR 16 TDI (FFFF);
RUNTEST 1000 TCK;
SDR 16 TDI (BFFF);
RUNTEST 1000 TCK;
SDR 16 TDI (FFFF);
RUNTEST 1000 TCK;
SDR 16 TDI (7FFF);
RUNTEST 1000 TCK;
SDR 16 TDI (DFFF);
RUNTEST 1000 TCK;
SDR 16 TDI (FFFF);
RUNTEST 1000 TCK;
SDR 16 TDI (FF7D);
RUNTEST 1000 TCK;
SDR 16 TDI (97F7);
RUNTEST 1000 TCK;
SDR 16 TDI (FFEF);
RUNTEST 1000 TCK;
SDR 16 TDI (FFFF);
RUNTEST 1000 TCK;
SDR 16 TDI (FFFF);
RUNTEST 1000 TCK;
SDR 16 TDI (7FFF);
RUNTEST 1000 TCK;
SDR 16 TDI (FEFB);
RUNTEST 1000 TCK;
SDR 16 TDI (FFFF);
RUNTEST 1000 TCK;
SDR 16 TDI (FFFF);
RUNTEST 1000 TCK;
SDR 16 TDI (BFFF);
RUNTEST 1000 TCK;
SDR 16 TDI (FFFF);
RUNTEST 1000 TCK;
SDR 16 TDI (FFFF);
RUNTEST 1000 TCK;
SDR 16 TDI (FFFF);
RUNTEST 1000 TCK;
SDR 16 TDI (7FFF);
RUNTEST 1000 TCK;
SDR 16 TDI (FFFF);
RUNTEST 1000 TCK;
SDR 16 TDI (FFFF);
RUNTEST 1000 TCK;
SDR 16 TDI (FFFF);
RUNTEST 1000 TCK;
SDR 16 TDI (BFFF);
RUNTEST 1000 TCK;
SDR 16 TDI (FFFF);
RUNTEST 1000 TCK;
SDR 16 TDI (FFFF);
RUNTEST 1000 TCK;
SDR 16 TDI (FFFF);
RUNTEST 1000 TCK;
SDR 16 TDI (7FFF);
RUNTEST 1000 TCK;
SDR 16 TDI (FFFF);
RUNTEST 1000 TCK;
SDR 16 TDI (FFFF);
RUNTEST 1000 TCK;
SDR 16 TDI (FFFF);
RUNTEST 1000 TCK;
SDR 16 TDI (BFFF);
RUNTEST 1000 TCK;
SDR 16 TDI (FFFF);
RUNTEST 1000 TCK;
SDR 16 TDI (6FFF);
RUNTEST 1000 TCK;
SDR 16 TDI (FFFF);
RUNTEST 1000 TCK;
SDR 16 TDI (7FFB);
RUNTEST 1000 TCK;
SDR 16 TDI (FFFF);
RUNTEST 1000 TCK;
SDR 16 TDI (FFFF);
RUNTEST 1000 TCK;
SDR 16 TDI (FFFA);
RUNTEST 1000 TCK;
SDR 16 TDI (AFB5);
RUNTEST 1000 TCK;
SDR 16 TDI (FFFF);
RUNTEST 1000 TCK;
SDR 16 TDI (FF7B);
RUNTEST 1000 TCK;
SDR 16 TDI (FFFF);
RUNTEST 1000 TCK;
SDR 16 TDI (7FFF);
RUNTEST 1000 TCK;
SDR 16 TDI (FFFF);
RUNTEST 1000 TCK;
SDR 16 TDI (FFFF);
RUNTEST 1000 TCK;
SDR 16 TDI (FFFF);
RUNTEST 1000 TCK;
SDR 16 TDI (BFFF);
RUNTEST 1000 TCK;
SDR 16 TDI (FFFF);
RUNTEST 1000 TCK;
SDR 16 TDI (FFFF);
RUNTEST 1000 TCK;
SDR 16 TDI (FFFF);
RUNTEST 1000 TCK;
SDR 16 TDI (7FFF);
RUNTEST 1000 TCK;
SDR 16 TDI (FFFF);
RUNTEST 1000 TCK;
SDR 16 TDI (FFFF);
RUNTEST 1000 TCK;
SDR 16 TDI (FFFF);
RUNTEST 1000 TCK;
SDR 16 TDI (BFFF);
RUNTEST 1000 TCK;
SDR 16 TDI (FFFF);
RUNTEST 1000 TCK;
SDR 16 TDI (FFFF);
RUNTEST 1000 TCK;
SDR 16 TDI (FFFF);
RUNTEST 1000 TCK;
SDR 16 TDI (7FFF);
RUNTEST 1000 TCK;
SDR 16 TDI (FFFF);
RUNTEST 1000 TCK;
SDR 16 TDI (FFFF);
RUNTEST 1000 TCK;
SDR 16 TDI (FFFF);
RUNTEST 1000 TCK;
SDR 16 TDI (BFDF);
RUNTEST 1000 TCK;
SDR 16 TDI (FFFD);
RUNTEST 1000 TCK;
SDR 16 TDI (FDBF);
RUNTEST 1000 TCK;
SDR 16 TDI (FF7F);
RUNTEST 1000 TCK;
SDR 16 TDI (7FFF);
RUNTEST 1000 TCK;
SDR 16 TDI (FFFF);
RUNTEST 1000 TCK;
SDR 16 TDI (FFBB);
RUNTEST 1000 TCK;
SDR 16 TDI (EFFF);
RUNTEST 1000 TCK;
SDR 16 TDI (BAFF);
RUNTEST 1000 TCK;
SDR 16 TDI (FFEE);
RUNTEST 1000 TCK;
SDR 16 TDI (FDFF);
RUNTEST 1000 TCK;
SDR 16 TDI (FFFF);
RUNTEST 1000 TCK;
SDR 16 TDI (7FF7);
RUNTEST 1000 TCK;
SDR 16 TDI (BEFF);
RUNTEST 1000 TCK;
SDR 16 TDI (F7FF);
RUNTEST 1000 TCK;
SDR 16 TDI (FFDF);
RUNTEST 1000 TCK;
SDR 16 TDI (9FFF);
RUNTEST 1000 TCK;
SDR 16 TDI (FFFF);
RUNTEST 1000 TCK;
SDR 16 TDI (FFFF);
RUNTEST 1000 TCK;
SDR 16 TDI (FFFF);
RUNTEST 1000 TCK;
SDR 16 TDI (7FFF);
RUNTEST 1000 TCK;
SDR 16 TDI (FFFF);
RUNTEST 1000 TCK;
SDR 16 TDI (FFFF);
RUNTEST 1000 TCK;
SDR 16 TDI (FFFF);
RUNTEST 1000 TCK;
SDR 16 TDI (BFFF);
RUNTEST 1000 TCK;
SDR 16 TDI (FFFF);
RUNTEST 1000 TCK;
SDR 16 TDI (FFFF);
RUNTEST 1000 TCK;
SDR 16 TDI (FFFF);
RUNTEST 1000 TCK;
SDR 16 TDI (7FFF);
RUNTEST 1000 TCK;
SDR 16 TDI (FFFF);
RUNTEST 1000 TCK;
SDR 16 TDI (FFFF);
RUNTEST 1000 TCK;
SDR 16 TDI (FFFF);
RUNTEST 1000 TCK;
SDR 16 TDI (BFFF);
RUNTEST 1000 TCK;
SDR 16 TDI (FFFD);
RUNTEST 1000 TCK;
SDR 16 TDI (FF7F);
RUNTEST 1000 TCK;
SDR 16 TDI (FF7F);
RUNTEST 1000 TCK;
SDR 16 TDI (7FFD);
RUNTEST 1000 TCK;
SDR 16 TDI (FFFF);
RUNTEST 1000 TCK;
SDR 16 TDI (FFFF);
RUNTEST 1000 TCK;
SDR 16 TDI (F7FF);
RUNTEST 1000 TCK;
SDR 16 TDI (BFEF);
RUNTEST 1000 TCK;
SDR 16 TDI (7FEF);
RUNTEST 1000 TCK;
SDR 16 TDI (6FEF);
RUNTEST 1000 TCK;
SDR 16 TDI (FFFF);
RUNTEST 1000 TCK;
SDR 16 TDI (7FFF);
RUNTEST 1000 TCK;
SDR 16 TDI (BFFF);
RUNTEST 1000 TCK;
SDR 16 TDI (FFFF);
RUNTEST 1000 TCK;
SDR 16 TDI (FFFF);
RUNTEST 1000 TCK;
SDR 16 TDI (BFFF);
RUNTEST 1000 TCK;
SDR 16 TDI (FFFF);
RUNTEST 1000 TCK;
SDR 16 TDI (FFFF);
RUNTEST 1000 TCK;
SDR 16 TDI (FFFF);
RUNTEST 1000 TCK;
SDR 16 TDI (7FFF);
RUNTEST 1000 TCK;
SDR 16 TDI (FFFF);
RUNTEST 1000 TCK;
SDR 16 TDI (FFFF);
RUNTEST 1000 TCK;
SDR 16 TDI (FFFF);
RUNTEST 1000 TCK;
SDR 16 TDI (BFFF);
RUNTEST 1000 TCK;
SDR 16 TDI (FFFF);
RUNTEST 1000 TCK;
SDR 16 TDI (FFFF);
RUNTEST 1000 TCK;
SDR 16 TDI (FFFF);
RUNTEST 1000 TCK;
SDR 16 TDI (7FFF);
RUNTEST 1000 TCK;
SDR 16 TDI (FFFF);
RUNTEST 1000 TCK;
SDR 16 TDI (FFFF);
RUNTEST 1000 TCK;
SDR 16 TDI (FFFF);
RUNTEST 1000 TCK;
SDR 16 TDI (BFFF);
RUNTEST 1000 TCK;
SDR 16 TDI (FFFF);
RUNTEST 1000 TCK;
SDR 16 TDI (5DFF);
RUNTEST 1000 TCK;
SDR 16 TDI (FFFF);
RUNTEST 1000 TCK;
SDR 16 TDI (7FFF);
RUNTEST 1000 TCK;
SDR 16 TDI (FFFF);
RUNTEST 1000 TCK;
SDR 16 TDI (FFFD);
RUNTEST 1000 TCK;
SDR 16 TDI (FFFD);
RUNTEST 1000 TCK;
SDR 16 TDI (B53B);
RUNTEST 1000 TCK;
SDR 16 TDI (FFFF);
RUNTEST 1000 TCK;
SDR 16 TDI (FCFB);
RUNTEST 1000 TCK;
SDR 16 TDI (FFFF);
RUNTEST 1000 TCK;
SDR 16 TDI (7FFF);
RUNTEST 1000 TCK;
SDR 16 TDI (FEFF);
RUNTEST 1000 TCK;
SDR 16 TDI (FBFF);
RUNTEST 1000 TCK;
SDR 16 TDI (FFFF);
RUNTEST 1000 TCK;
SDR 16 TDI (BFFF);
RUNTEST 1000 TCK;
SDR 16 TDI (FFFF);
RUNTEST 1000 TCK;
SDR 16 TDI (FFFF);
RUNTEST 1000 TCK;
SDR 16 TDI (FFFF);
RUNTEST 1000 TCK;
SDR 16 TDI (7FFF);
RUNTEST 1000 TCK;
SDR 16 TDI (FFFF);
RUNTEST 1000 TCK;
SDR 16 TDI (FFFF);
RUNTEST 1000 TCK;
SDR 16 TDI (FFFF);
RUNTEST 1000 TCK;
SDR 16 TDI (B77F);
RUNTEST 1000 TCK;
SDR 16 TDI (FFFF);
RUNTEST 1000 TCK;
SDR 16 TDI (FFFF);
RUNTEST 1000 TCK;
SDR 16 TDI (FFFF);
RUNTEST 1000 TCK;
SDR 16 TDI (7FFF);
RUNTEST 1000 TCK;
SDR 16 TDI (FFFF);
RUNTEST 1000 TCK;
SDR 16 TDI (FFFF);
RUNTEST 1000 TCK;
SDR 16 TDI (FEFF);
RUNTEST 1000 TCK;
SDR 16 TDI (BFFF);
RUNTEST 1000 TCK;
SDR 16 TDI (FFFF);
RUNTEST 1000 TCK;
SDR 16 TDI (FFFB);
RUNTEST 1000 TCK;
SDR 16 TDI (FFFF);
RUNTEST 1000 TCK;
SDR 16 TDI (7FFF);
RUNTEST 1000 TCK;
SDR 16 TDI (FFFF);
RUNTEST 1000 TCK;
SDR 16 TDI (FFFF);
RUNTEST 1000 TCK;
SDR 16 TDI (FFFF);
RUNTEST 1000 TCK;
SDR 16 TDI (BEFF);
RUNTEST 1000 TCK;
SDR 16 TDI (BAEC);
RUNTEST 1000 TCK;
SDR 16 TDI (EEEF);
RUNTEST 1000 TCK;
SDR 16 TDI (FFFF);
RUNTEST 1000 TCK;
SDR 16 TDI (7FFF);
RUNTEST 1000 TCK;
SDR 16 TDI (FFFF);
RUNTEST 1000 TCK;
SDR 16 TDI (FFFF);
RUNTEST 1000 TCK;
SDR 16 TDI (FFFF);
RUNTEST 1000 TCK;
SDR 16 TDI (BFFF);
RUNTEST 1000 TCK;
SDR 16 TDI (FFFF);
RUNTEST 1000 TCK;
SDR 16 TDI (FFFF);
RUNTEST 1000 TCK;
SDR 16 TDI (FFFF);
RUNTEST 1000 TCK;
SDR 16 TDI (7FFF);
RUNTEST 1000 TCK;
SDR 16 TDI (FFFF);
RUNTEST 1000 TCK;
SDR 16 TDI (FFFF);
RUNTEST 1000 TCK;
SDR 16 TDI (EA9F);
RUNTEST 1000 TCK;
SDR 16 TDI (BFFF);
RUNTEST 1000 TCK;
SDR 16 TDI (FFFF);
RUNTEST 1000 TCK;
SDR 16 TDI (FFFF);
RUNTEST 1000 TCK;
SDR 16 TDI (FFFF);
RUNTEST 1000 TCK;
SDR 16 TDI (7FFF);
RUNTEST 1000 TCK;
SDR 16 TDI (FFFF);
RUNTEST 1000 TCK;
SDR 16 TDI (FFFF);
RUNTEST 1000 TCK;
SDR 16 TDI (FFFF);
RUNTEST 1000 TCK;
SDR 16 TDI (BFFF);
RUNTEST 1000 TCK;
SDR 16 TDI (FFFF);
RUNTEST 1000 TCK;
SDR 16 TDI (FFDF);
RUNTEST 1000 TCK;
SDR 16 TDI (FFFF);
RUNTEST 1000 TCK;
SDR 16 TDI (5FFF);
RUNTEST 1000 TCK;
SDR 16 TDI (FFBF);
RUNTEST 1000 TCK;
SDR 16 TDI (FBFF);
RUNTEST 1000 TCK;
SDR 16 TDI (FFFF);
RUNTEST 1000 TCK;
SDR 16 TDI (BFEF);
RUNTEST 1000 TCK;
SDR 16 TDI (EFFF);
RUNTEST 1000 TCK;
SDR 16 TDI (FFBD);
RUNTEST 1000 TCK;
SDR 16 TDI (FFBF);
RUNTEST 1000 TCK;
SDR 16 TDI (7FFB);
RUNTEST 1000 TCK;
SDR 16 TDI (FFFF);
RUNTEST 1000 TCK;
SDR 16 TDI (FFFF);
RUNTEST 1000 TCK;
SDR 16 TDI (FFFF);
RUNTEST 1000 TCK;
SDR 16 TDI (BFFF);
RUNTEST 1000 TCK;
SDR 16 TDI (FFFF);
RUNTEST 1000 TCK;
SDR 16 TDI (FFFF);
RUNTEST 1000 TCK;
SDR 16 TDI (FFFF);
RUNTEST 1000 TCK;
SDR 16 TDI (7FFF);
RUNTEST 1000 TCK;
SDR 16 TDI (FFFF);
RUNTEST 1000 TCK;
SDR 16 TDI (FFFF);
RUNTEST 1000 TCK;
SDR 16 TDI (FFDF);
RUNTEST 1000 TCK;
SDR 16 TDI (A77F);
RUNTEST 1000 TCK;
SDR 16 TDI (FFFF);
RUNTEST 1000 TCK;
SDR 16 TDI (FFFF);
RUNTEST 1000 TCK;
SDR 16 TDI (FFFF);
RUNTEST 1000 TCK;
SDR 16 TDI (5FFF);
RUNTEST 1000 TCK;
SDR 16 TDI (FFFF);
RUNTEST 1000 TCK;
SDR 16 TDI (FFFF);
RUNTEST 1000 TCK;
SDR 16 TDI (FFFF);
RUNTEST 1000 TCK;
SDR 16 TDI (BDFF);
RUNTEST 1000 TCK;
SDR 16 TDI (FFFF);
RUNTEST 1000 TCK;
SDR 16 TDI (FFFF);
RUNTEST 1000 TCK;
SDR 16 TDI (F7FF);
RUNTEST 1000 TCK;
SDR 16 TDI (7FFF);
RUNTEST 1000 TCK;
SDR 16 TDI (FFFF);
RUNTEST 1000 TCK;
SDR 16 TDI (FFFF);
RUNTEST 1000 TCK;
SDR 16 TDI (FFFF);
RUNTEST 1000 TCK;
SDR 16 TDI (ABFB);
RUNTEST 1000 TCK;
SDR 16 TDI (7FFB);
RUNTEST 1000 TCK;
SDR 16 TDI (FBFF);
RUNTEST 1000 TCK;
SDR 16 TDI (FFFF);
RUNTEST 1000 TCK;
SDR 16 TDI (7FFF);
RUNTEST 1000 TCK;
SDR 16 TDI (FFFF);
RUNTEST 1000 TCK;
SDR 16 TDI (FFFF);
RUNTEST 1000 TCK;
SDR 16 TDI (FDFE);
RUNTEST 1000 TCK;
SDR 16 TDI (BFFF);
RUNTEST 1000 TCK;
SDR 16 TDI (FFFF);
RUNTEST 1000 TCK;
SDR 16 TDI (FFFF);
RUNTEST 1000 TCK;
SDR 16 TDI (FFFF);
RUNTEST 1000 TCK;
SDR 16 TDI (5FFF);
RUNTEST 1000 TCK;
SDR 16 TDI (FFFF);
RUNTEST 1000 TCK;
SDR 16 TDI (FFFF);
RUNTEST 1000 TCK;
SDR 16 TDI (EA9F);
RUNTEST 1000 TCK;
SDR 16 TDI (ABFF);
RUNTEST 1000 TCK;
SDR 16 TDI (FFFF);
RUNTEST 1000 TCK;
SDR 16 TDI (FFFF);
RUNTEST 1000 TCK;
SDR 16 TDI (FFFF);
RUNTEST 1000 TCK;
SDR 16 TDI (7FFF);
RUNTEST 1000 TCK;
SDR 16 TDI (FFFF);
RUNTEST 1000 TCK;
SDR 16 TDI (FFFF);
RUNTEST 1000 TCK;
SDR 16 TDI (FFFF);
RUNTEST 1000 TCK;
SDR 16 TDI (BFFF);
RUNTEST 1000 TCK;
SDR 16 TDI (FFFF);
RUNTEST 1000 TCK;
SDR 16 TDI (FFDF);
RUNTEST 1000 TCK;
SDR 16 TDI (DFFF);
RUNTEST 1000 TCK;
SDR 16 TDI (7FFF);
RUNTEST 1000 TCK;
SDR 16 TDI (FFFF);
RUNTEST 1000 TCK;
SDR 16 TDI (FFFF);
RUNTEST 1000 TCK;
SDR 16 TDI (FFFF);
RUNTEST 1000 TCK;
SDR 16 TDI (AFAE);
RUNTEST 1000 TCK;
SDR 16 TDI (DFFF);
RUNTEST 1000 TCK;
SDR 16 TDI (EFBF);
RUNTEST 1000 TCK;
SDR 16 TDI (FFFF);
RUNTEST 1000 TCK;
SDR 16 TDI (7FBF);
RUNTEST 1000 TCK;
SDR 16 TDI (FFFF);
RUNTEST 1000 TCK;
SDR 16 TDI (FFFF);
RUNTEST 1000 TCK;
SDR 16 TDI (FFFF);
RUNTEST 1000 TCK;
SDR 16 TDI (BFFF);
RUNTEST 1000 TCK;
SDR 16 TDI (FFFF);
RUNTEST 1000 TCK;
SDR 16 TDI (FFFF);
RUNTEST 1000 TCK;
SDR 16 TDI (FFFF);
RUNTEST 1000 TCK;
SDR 16 TDI (7FFF);
RUNTEST 1000 TCK;
SDR 16 TDI (FFFF);
RUNTEST 1000 TCK;
SDR 16 TDI (FFFF);
RUNTEST 1000 TCK;
SDR 16 TDI (F55F);
RUNTEST 1000 TCK;
SDR 16 TDI (BFFF);
RUNTEST 1000 TCK;
SDR 16 TDI (FFFF);
RUNTEST 1000 TCK;
SDR 16 TDI (FFFF);
RUNTEST 1000 TCK;
SDR 16 TDI (FFFF);
RUNTEST 1000 TCK;
SDR 16 TDI (7FFF);
RUNTEST 1000 TCK;
SDR 16 TDI (FFFF);
RUNTEST 1000 TCK;
SDR 16 TDI (FFFF);
RUNTEST 1000 TCK;
SDR 16 TDI (FFFF);
RUNTEST 1000 TCK;
SDR 16 TDI (BFFF);
RUNTEST 1000 TCK;
SDR 16 TDI (FFFF);
RUNTEST 1000 TCK;
SDR 16 TDI (FFFB);
RUNTEST 1000 TCK;
SDR 16 TDI (FFFF);
RUNTEST 1000 TCK;
SDR 16 TDI (7FFF);
RUNTEST 1000 TCK;
SDR 16 TDI (FFFF);
RUNTEST 1000 TCK;
SDR 16 TDI (FFFF);
RUNTEST 1000 TCK;
SDR 16 TDI (FFFD);
RUNTEST 1000 TCK;
SDR 16 TDI (BFFF);
RUNTEST 1000 TCK;
SDR 16 TDI (FFEF);
RUNTEST 1000 TCK;
SDR 16 TDI (FEFB);
RUNTEST 1000 TCK;
SDR 16 TDI (FFFF);
RUNTEST 1000 TCK;
SDR 16 TDI (7FFF);
RUNTEST 1000 TCK;
SDR 16 TDI (FFFF);
RUNTEST 1000 TCK;
SDR 16 TDI (FFFF);
RUNTEST 1000 TCK;
SDR 16 TDI (FFFF);
RUNTEST 1000 TCK;
SDR 16 TDI (BFFF);
RUNTEST 1000 TCK;
SDR 16 TDI (FFFF);
RUNTEST 1000 TCK;
SDR 16 TDI (FFFF);
RUNTEST 1000 TCK;
SDR 16 TDI (FFFF);
RUNTEST 1000 TCK;
SDR 16 TDI (7FFF);
RUNTEST 1000 TCK;
SDR 16 TDI (FFFF);
RUNTEST 1000 TCK;
SDR 16 TDI (FFFF);
RUNTEST 1000 TCK;
SDR 16 TDI (FFFF);
RUNTEST 1000 TCK;
SDR 16 TDI (BFFF);
RUNTEST 1000 TCK;
SDR 16 TDI (FFFF);
RUNTEST 1000 TCK;
SDR 16 TDI (FFFF);
RUNTEST 1000 TCK;
SDR 16 TDI (FFFF);
RUNTEST 1000 TCK;
SDR 16 TDI (7FFF);
RUNTEST 1000 TCK;
SDR 16 TDI (FFFF);
RUNTEST 1000 TCK;
SDR 16 TDI (FFFF);
RUNTEST 1000 TCK;
SDR 16 TDI (FFFF);
RUNTEST 1000 TCK;
SDR 16 TDI (BFFF);
RUNTEST 1000 TCK;
SDR 16 TDI (FFFF);
RUNTEST 1000 TCK;
SDR 16 TDI (FF7F);
RUNTEST 1000 TCK;
SDR 16 TDI (FFFF);
RUNTEST 1000 TCK;
SDR 16 TDI (7FFF);
RUNTEST 1000 TCK;
SDR 16 TDI (FFFF);
RUNTEST 1000 TCK;
SDR 16 TDI (FFFF);
RUNTEST 1000 TCK;
SDR 16 TDI (FFFE);
RUNTEST 1000 TCK;
SDR 16 TDI (BABD);
RUNTEST 1000 TCK;
SDR 16 TDI (F7FF);
RUNTEST 1000 TCK;
SDR 16 TDI (FBFF);
RUNTEST 1000 TCK;
SDR 16 TDI (FFFF);
RUNTEST 1000 TCK;
SDR 16 TDI (7FFF);
RUNTEST 1000 TCK;
SDR 16 TDI (FFFF);
RUNTEST 1000 TCK;
SDR 16 TDI (FFFF);
RUNTEST 1000 TCK;
SDR 16 TDI (FFFF);
RUNTEST 1000 TCK;
SDR 16 TDI (BFFF);
RUNTEST 1000 TCK;
SDR 16 TDI (FFFF);
RUNTEST 1000 TCK;
SDR 16 TDI (FFFF);
RUNTEST 1000 TCK;
SDR 16 TDI (FFFF);
RUNTEST 1000 TCK;
SDR 16 TDI (7FFF);
RUNTEST 1000 TCK;
SDR 16 TDI (FFFF);
RUNTEST 1000 TCK;
SDR 16 TDI (FFFF);
RUNTEST 1000 TCK;
SDR 16 TDI (FFFF);
RUNTEST 1000 TCK;
SDR 16 TDI (BFFF);
RUNTEST 1000 TCK;
SDR 16 TDI (FFFF);
RUNTEST 1000 TCK;
SDR 16 TDI (FFFF);
RUNTEST 1000 TCK;
SDR 16 TDI (FFFF);
RUNTEST 1000 TCK;
SDR 16 TDI (7FFF);
RUNTEST 1000 TCK;
SDR 16 TDI (FFFF);
RUNTEST 1000 TCK;
SDR 16 TDI (FFFF);
RUNTEST 1000 TCK;
SDR 16 TDI (FFFF);
RUNTEST 1000 TCK;
SDR 16 TDI (BFFF);
RUNTEST 1000 TCK;
SDR 16 TDI (FFFF);
RUNTEST 1000 TCK;
SDR 16 TDI (FFC7);
RUNTEST 1000 TCK;
SDR 16 TDI (FFFF);
RUNTEST 1000 TCK;
SDR 16 TDI (7FFF);
RUNTEST 1000 TCK;
SDR 16 TDI (FFFF);
RUNTEST 1000 TCK;
SDR 16 TDI (FFFF);
RUNTEST 1000 TCK;
SDR 16 TDI (FFFF);
RUNTEST 1000 TCK;
SDR 16 TDI (A3A3);
RUNTEST 1000 TCK;
SDR 16 TDI (FBF3);
RUNTEST 1000 TCK;
SDR 16 TDI (EFFB);
RUNTEST 1000 TCK;
SDR 16 TDI (FFFF);
RUNTEST 1000 TCK;
SDR 16 TDI (7FBF);
RUNTEST 1000 TCK;
SDR 16 TDI (FFFF);
RUNTEST 1000 TCK;
SDR 16 TDI (FFFF);
RUNTEST 1000 TCK;
SDR 16 TDI (FFFE);
RUNTEST 1000 TCK;
SDR 16 TDI (BFFF);
RUNTEST 1000 TCK;
SDR 16 TDI (FFFF);
RUNTEST 1000 TCK;
SDR 16 TDI (FFFF);
RUNTEST 1000 TCK;
SDR 16 TDI (FFFF);
RUNTEST 1000 TCK;
SDR 16 TDI (7FFF);
RUNTEST 1000 TCK;
SDR 16 TDI (FFFF);
RUNTEST 1000 TCK;
SDR 16 TDI (FFFF);
RUNTEST 1000 TCK;
SDR 16 TDI (FFFF);
RUNTEST 1000 TCK;
SDR 16 TDI (BAEF);
RUNTEST 1000 TCK;
SDR 16 TDI (FFFF);
RUNTEST 1000 TCK;
SDR 16 TDI (FFFF);
RUNTEST 1000 TCK;
SDR 16 TDI (FFFF);
RUNTEST 1000 TCK;
SDR 16 TDI (7FFF);
RUNTEST 1000 TCK;
SDR 16 TDI (FFFF);
RUNTEST 1000 TCK;
SDR 16 TDI (FFFF);
RUNTEST 1000 TCK;
SDR 16 TDI (FEFF);
RUNTEST 1000 TCK;
SDR 16 TDI (BFFF);
RUNTEST 1000 TCK;
SDR 16 TDI (FFFF);
RUNTEST 1000 TCK;
SDR 16 TDI (FFBB);
RUNTEST 1000 TCK;
SDR 16 TDI (E7FF);
RUNTEST 1000 TCK;
SDR 16 TDI (7FFF);
RUNTEST 1000 TCK;
SDR 16 TDI (FFBF);
RUNTEST 1000 TCK;
SDR 16 TDI (FFFF);
RUNTEST 1000 TCK;
SDR 16 TDI (FFFC);
RUNTEST 1000 TCK;
SDR 16 TDI (BC7F);
RUNTEST 1000 TCK;
SDR 16 TDI (0FFD);
RUNTEST 1000 TCK;
SDR 16 TDI (FE57);
RUNTEST 1000 TCK;
SDR 16 TDI (FFFF);
RUNTEST 1000 TCK;
SDR 16 TDI (7FFB);
RUNTEST 1000 TCK;
SDR 16 TDI (FFFF);
RUNTEST 1000 TCK;
SDR 16 TDI (FFFF);
RUNTEST 1000 TCK;
SDR 16 TDI (FDFF);
RUNTEST 1000 TCK;
SDR 16 TDI (BFFF);
RUNTEST 1000 TCK;
SDR 16 TDI (FFFF);
RUNTEST 1000 TCK;
SDR 16 TDI (FFFF);
RUNTEST 1000 TCK;
SDR 16 TDI (FFFF);
RUNTEST 1000 TCK;
SDR 16 TDI (5FFF);
RUNTEST 1000 TCK;
SDR 16 TDI (FFFF);
RUNTEST 1000 TCK;
SDR 16 TDI (FFFF);
RUNTEST 1000 TCK;
SDR 16 TDI (FD7F);
RUNTEST 1000 TCK;
SDR 16 TDI (BFFF);
RUNTEST 1000 TCK;
SDR 16 TDI (FFFF);
RUNTEST 1000 TCK;
SDR 16 TDI (FFFF);
RUNTEST 1000 TCK;
SDR 16 TDI (FFFF);
RUNTEST 1000 TCK;
SDR 16 TDI (7FFF);
RUNTEST 1000 TCK;
SDR 16 TDI (FFFF);
RUNTEST 1000 TCK;
SDR 16 TDI (FFFF);
RUNTEST 1000 TCK;
SDR 16 TDI (FFFF);
RUNTEST 1000 TCK;
SDR 16 TDI (BDFF);
RUNTEST 1000 TCK;
SDR 16 TDI (FFFF);
RUNTEST 1000 TCK;
SDR 16 TDI (FFFF);
RUNTEST 1000 TCK;
SDR 16 TDI (FFFF);
RUNTEST 1000 TCK;
SDR 16 TDI (7FFF);
RUNTEST 1000 TCK;
SDR 16 TDI (FFFF);
RUNTEST 1000 TCK;
SDR 16 TDI (FBFF);
RUNTEST 1000 TCK;
SDR 16 TDI (FFFF);
RUNTEST 1000 TCK;
SDR 16 TDI (BFDC);
RUNTEST 1000 TCK;
SDR 16 TDI (F6EF);
RUNTEST 1000 TCK;
SDR 16 TDI (71BD);
RUNTEST 1000 TCK;
SDR 16 TDI (FFBF);
RUNTEST 1000 TCK;
SDR 16 TDI (7FFF);
RUNTEST 1000 TCK;
SDR 16 TDI (FFFF);
RUNTEST 1000 TCK;
SDR 16 TDI (FFFF);
RUNTEST 1000 TCK;
SDR 16 TDI (FFFF);
RUNTEST 1000 TCK;
SDR 16 TDI (BFFF);
RUNTEST 1000 TCK;
SDR 16 TDI (FFFF);
RUNTEST 1000 TCK;
SDR 16 TDI (FFFF);
RUNTEST 1000 TCK;
SDR 16 TDI (FFFF);
RUNTEST 1000 TCK;
SDR 16 TDI (7FFF);
RUNTEST 1000 TCK;
SDR 16 TDI (FFFF);
RUNTEST 1000 TCK;
SDR 16 TDI (FFFF);
RUNTEST 1000 TCK;
SDR 16 TDI (FFFF);
RUNTEST 1000 TCK;
SDR 16 TDI (A55F);
RUNTEST 1000 TCK;
SDR 16 TDI (FFFF);
RUNTEST 1000 TCK;
SDR 16 TDI (FEFF);
RUNTEST 1000 TCK;
SDR 16 TDI (FFFF);
RUNTEST 1000 TCK;
SDR 16 TDI (7FFF);
RUNTEST 1000 TCK;
SDR 16 TDI (FF7F);
RUNTEST 1000 TCK;
SDR 16 TDI (FFFF);
RUNTEST 1000 TCK;
SDR 16 TDI (F87F);
RUNTEST 1000 TCK;
SDR 16 TDI (BFBF);
RUNTEST 1000 TCK;
SDR 16 TDI (FFFF);
RUNTEST 1000 TCK;
SDR 16 TDI (FF37);
RUNTEST 1000 TCK;
SDR 16 TDI (FEFF);
RUNTEST 1000 TCK;
SDR 16 TDI (7FFF);
RUNTEST 1000 TCK;
SDR 16 TDI (FE1F);
RUNTEST 1000 TCK;
SDR 16 TDI (FF7F);
RUNTEST 1000 TCK;
SDR 16 TDI (FFFF);
RUNTEST 1000 TCK;
SDR 16 TDI (BE46);
RUNTEST 1000 TCK;
SDR 16 TDI (47C2);
RUNTEST 1000 TCK;
SDR 16 TDI (0FF9);
RUNTEST 1000 TCK;
SDR 16 TDI (FE1F);
RUNTEST 1000 TCK;
SDR 16 TDI (5FE0);
RUNTEST 1000 TCK;
SDR 16 TDI (FFFF);
RUNTEST 1000 TCK;
SDR 16 TDI (FFFF);
RUNTEST 1000 TCK;
SDR 16 TDI (FFBC);
RUNTEST 1000 TCK;
SDR 16 TDI (A7FF);
RUNTEST 1000 TCK;
SDR 16 TDI (FFFF);
RUNTEST 1000 TCK;
SDR 16 TDI (FFDF);
RUNTEST 1000 TCK;
SDR 16 TDI (FFFF);
RUNTEST 1000 TCK;
SDR 16 TDI (7FFF);
RUNTEST 1000 TCK;
SDR 16 TDI (FFEF);
RUNTEST 1000 TCK;
SDR 16 TDI (FFFF);
RUNTEST 1000 TCK;
SDR 16 TDI (EA9F);
RUNTEST 1000 TCK;
SDR 16 TDI (AFFF);
RUNTEST 1000 TCK;
SDR 16 TDI (FFFF);
RUNTEST 1000 TCK;
SDR 16 TDI (FDFF);
RUNTEST 1000 TCK;
SDR 16 TDI (FFFF);
RUNTEST 1000 TCK;
SDR 16 TDI (7FFF);
RUNTEST 1000 TCK;
SDR 16 TDI (FEFF);
RUNTEST 1000 TCK;
SDR 16 TDI (FFFF);
RUNTEST 1000 TCK;
SDR 16 TDI (F87F);
RUNTEST 1000 TCK;
SDR 16 TDI (BFFF);
RUNTEST 1000 TCK;
SDR 16 TDI (FFFF);
RUNTEST 1000 TCK;
SDR 16 TDI (FF2B);
RUNTEST 1000 TCK;
SDR 16 TDI (FFFF);
RUNTEST 1000 TCK;
SDR 16 TDI (7FFF);
RUNTEST 1000 TCK;
SDR 16 TDI (FE1F);
RUNTEST 1000 TCK;
SDR 16 TDI (FFFF);
RUNTEST 1000 TCK;
SDR 16 TDI (FFFC);
RUNTEST 1000 TCK;
SDR 16 TDI (A554);
RUNTEST 1000 TCK;
SDR 16 TDI (57E6);
RUNTEST 1000 TCK;
SDR 16 TDI (0C0B);
RUNTEST 1000 TCK;
SDR 16 TDI (FE1F);
RUNTEST 1000 TCK;
SDR 16 TDI (7F70);
RUNTEST 1000 TCK;
SDR 16 TDI (FFFF);
RUNTEST 1000 TCK;
SDR 16 TDI (FFFF);
RUNTEST 1000 TCK;
SDR 16 TDI (FFFC);
RUNTEST 1000 TCK;
SDR 16 TDI (A7FF);
RUNTEST 1000 TCK;
SDR 16 TDI (FFFF);
RUNTEST 1000 TCK;
SDR 16 TDI (FFBF);
RUNTEST 1000 TCK;
SDR 16 TDI (FFFF);
RUNTEST 1000 TCK;
SDR 16 TDI (7FFF);
RUNTEST 1000 TCK;
SDR 16 TDI (FFDF);
RUNTEST 1000 TCK;
SDR 16 TDI (FFFF);
RUNTEST 1000 TCK;
SDR 16 TDI (FFDF);
RUNTEST 1000 TCK;
SDR 16 TDI (B55F);
RUNTEST 1000 TCK;
SDR 16 TDI (FFFF);
RUNTEST 1000 TCK;
SDR 16 TDI (FFFF);
RUNTEST 1000 TCK;
SDR 16 TDI (FFFF);
RUNTEST 1000 TCK;
SDR 16 TDI (7FFF);
RUNTEST 1000 TCK;
SDR 16 TDI (FFFF);
RUNTEST 1000 TCK;
SDR 16 TDI (FFFF);
RUNTEST 1000 TCK;
SDR 16 TDI (F87F);
RUNTEST 1000 TCK;
SDR 16 TDI (BFFF);
RUNTEST 1000 TCK;
SDR 16 TDI (FFFF);
RUNTEST 1000 TCK;
SDR 16 TDI (FF23);
RUNTEST 1000 TCK;
SDR 16 TDI (FFFF);
RUNTEST 1000 TCK;
SDR 16 TDI (5FFF);
RUNTEST 1000 TCK;
SDR 16 TDI (FE1F);
RUNTEST 1000 TCK;
SDR 16 TDI (FFFF);
RUNTEST 1000 TCK;
SDR 16 TDI (FFFE);
RUNTEST 1000 TCK;
SDR 16 TDI (AFF7);
RUNTEST 1000 TCK;
SDR 16 TDI (73FA);
RUNTEST 1000 TCK;
SDR 16 TDI (133F);
RUNTEST 1000 TCK;
SDR 16 TDI (FE1F);
RUNTEST 1000 TCK;
SDR 16 TDI (7FF0);
RUNTEST 1000 TCK;
SDR 16 TDI (FFFF);
RUNTEST 1000 TCK;
SDR 16 TDI (FFFF);
RUNTEST 1000 TCK;
SDR 16 TDI (FFFC);
RUNTEST 1000 TCK;
SDR 16 TDI (A7FF);
RUNTEST 1000 TCK;
SDR 16 TDI (FFFF);
RUNTEST 1000 TCK;
SDR 16 TDI (FFFF);
RUNTEST 1000 TCK;
SDR 16 TDI (FFFF);
RUNTEST 1000 TCK;
SDR 16 TDI (7FFF);
RUNTEST 1000 TCK;
SDR 16 TDI (FFFF);
RUNTEST 1000 TCK;
SDR 16 TDI (FFFF);
RUNTEST 1000 TCK;
SDR 16 TDI (EABF);
RUNTEST 1000 TCK;
SDR 16 TDI (BFFF);
RUNTEST 1000 TCK;
SDR 16 TDI (FFFF);
RUNTEST 1000 TCK;
SDR 16 TDI (FFFF);
RUNTEST 1000 TCK;
SDR 16 TDI (FFFF);
RUNTEST 1000 TCK;
SDR 16 TDI (7FFF);
RUNTEST 1000 TCK;
SDR 16 TDI (FFFF);
RUNTEST 1000 TCK;
SDR 16 TDI (FFFF);
RUNTEST 1000 TCK;
SDR 16 TDI (F87F);
RUNTEST 1000 TCK;
SDR 16 TDI (BFFF);
RUNTEST 1000 TCK;
SDR 16 TDI (FFFF);
RUNTEST 1000 TCK;
SDR 16 TDI (FF27);
RUNTEST 1000 TCK;
SDR 16 TDI (FFFF);
RUNTEST 1000 TCK;
SDR 16 TDI (7FFF);
RUNTEST 1000 TCK;
SDR 16 TDI (FE1F);
RUNTEST 1000 TCK;
SDR 16 TDI (FFFF);
RUNTEST 1000 TCK;
SDR 16 TDI (FFFF);
RUNTEST 1000 TCK;
SDR 16 TDI (A04D);
RUNTEST 1000 TCK;
SDR 16 TDI (4FE6);
RUNTEST 1000 TCK;
SDR 16 TDI (1061);
RUNTEST 1000 TCK;
SDR 16 TDI (FE1F);
RUNTEST 1000 TCK;
SDR 16 TDI (7FF0);
RUNTEST 1000 TCK;
SDR 16 TDI (FFFF);
RUNTEST 1000 TCK;
SDR 16 TDI (FFFF);
RUNTEST 1000 TCK;
SDR 16 TDI (FFFC);
RUNTEST 1000 TCK;
SDR 16 TDI (A7FF);
RUNTEST 1000 TCK;
SDR 16 TDI (FFFF);
RUNTEST 1000 TCK;
SDR 16 TDI (FFFF);
RUNTEST 1000 TCK;
SDR 16 TDI (FFFF);
RUNTEST 1000 TCK;
SDR 16 TDI (7FFF);
RUNTEST 1000 TCK;
SDR 16 TDI (FFFF);
RUNTEST 1000 TCK;
SDR 16 TDI (FFFF);
RUNTEST 1000 TCK;
SDR 16 TDI (FFFF);
RUNTEST 1000 TCK;
SDR 16 TDI (BFFF);
RUNTEST 1000 TCK;
SDR 16 TDI (3333);
RUNTEST 1000 TCK;
SDR 16 TDI (1F33);
RUNTEST 1000 TCK;
SDR 16 TDI (333C);
RUNTEST 1000 TCK;
SDR 16 TDI (5999);
RUNTEST 1000 TCK;
SDR 16 TDI (8F99);
RUNTEST 1000 TCK;
SDR 16 TDI (999E);
RUNTEST 1000 TCK;
SDR 16 TDI (6766);
RUNTEST 1000 TCK;
SDR 16 TDI (A7CC);
RUNTEST 1000 TCK;
SDR 16 TDI (CCCF);
RUNTEST 1000 TCK;
SDR 16 TDI (3393);
RUNTEST 1000 TCK;
SDR 16 TDI (3F33);
RUNTEST 1000 TCK;
SDR 16 TDI (6667);
RUNTEST 1000 TCK;
SDR 16 TDI (99D9);
RUNTEST 1000 TCK;
SDR 16 TDI (8F99);
RUNTEST 1000 TCK;
SDR 16 TDI (999F);
RUNTEST 1000 TCK;
SDR 16 TDI (A666);
RUNTEST 1000 TCK;
SDR 16 TDI (67E6);
RUNTEST 1000 TCK;
SDR 16 TDI (E437);
RUNTEST 1000 TCK;
SDR 16 TDI (99D9);
RUNTEST 1000 TCK;
SDR 16 TDI (71F7);
RUNTEST 1000 TCK;
SDR 16 TDI (3333);
RUNTEST 1000 TCK;
SDR 16 TDI (CCCC);
RUNTEST 1000 TCK;
SDR 16 TDI (C7CD);
RUNTEST 1000 TCK;
SDR 16 TDI (B999);
RUNTEST 1000 TCK;
SDR 16 TDI (E666);
RUNTEST 1000 TCK;
SDR 16 TDI (63E6);
RUNTEST 1000 TCK;
SDR 16 TDI (6667);
RUNTEST 1000 TCK;
SDR 16 TDI (7333);
RUNTEST 1000 TCK;
SDR 16 TDI (31F3);
RUNTEST 1000 TCK;
SDR 16 TDI (3333);
RUNTEST 1000 TCK;
SDR 16 TDI (FFFF);
RUNTEST 1000 TCK;
SDR 16 TDI (9FFF);
RUNTEST 1000 TCK;
SDR 16 TDI (7777);
RUNTEST 1000 TCK;
SDR 16 TDI (4ABB);
RUNTEST 1000 TCK;
SDR 16 TDI (BBBD);
RUNTEST 1000 TCK;
SDR 16 TDI (7BBB);
RUNTEST 1000 TCK;
SDR 16 TDI (A55D);
RUNTEST 1000 TCK;
SDR 16 TDI (DDDE);
RUNTEST 1000 TCK;
SDR 16 TDI (EE6E);
RUNTEST 1000 TCK;
SDR 16 TDI (BAAE);
RUNTEST 1000 TCK;
SDR 16 TDI (EEEF);
RUNTEST 1000 TCK;
SDR 16 TDI (7723);
RUNTEST 1000 TCK;
SDR 16 TDI (6ABB);
RUNTEST 1000 TCK;
SDR 16 TDI (7777);
RUNTEST 1000 TCK;
SDR 16 TDI (BB9B);
RUNTEST 1000 TCK;
SDR 16 TDI (B55D);
RUNTEST 1000 TCK;
SDR 16 TDI (DDDE);
RUNTEST 1000 TCK;
SDR 16 TDI (AEEE);
RUNTEST 1000 TCK;
SDR 16 TDI (ED56);
RUNTEST 1000 TCK;
SDR 16 TDI (6777);
RUNTEST 1000 TCK;
SDR 16 TDI (BB9B);
RUNTEST 1000 TCK;
SDR 16 TDI (76A3);
RUNTEST 1000 TCK;
SDR 16 TDI (BBBB);
RUNTEST 1000 TCK;
SDR 16 TDI (DDDD);
RUNTEST 1000 TCK;
SDR 16 TDI (DAAC);
RUNTEST 1000 TCK;
SDR 16 TDI (BDDD);
RUNTEST 1000 TCK;
SDR 16 TDI (EEEE);
RUNTEST 1000 TCK;
SDR 16 TDI (E957);
RUNTEST 1000 TCK;
SDR 16 TDI (7777);
RUNTEST 1000 TCK;
SDR 16 TDI (7777);
RUNTEST 1000 TCK;
SDR 16 TDI (74AB);
RUNTEST 1000 TCK;
SDR 16 TDI (BBBB);
RUNTEST 1000 TCK;
SDR 16 TDI (FFFF);
RUNTEST 1000 TCK;
SDR 16 TDI (BFFF);
RUNTEST 1000 TCK;
SDR 16 TDI (FFFF);
RUNTEST 1000 TCK;
SDR 16 TDI (FEFF);
RUNTEST 1000 TCK;
SDR 16 TDI (FFFF);
RUNTEST 1000 TCK;
SDR 16 TDI (7FFF);
RUNTEST 1000 TCK;
SDR 16 TDI (FF7F);
RUNTEST 1000 TCK;
SDR 16 TDI (FFFF);
RUNTEST 1000 TCK;
SDR 16 TDI (FBFF);
RUNTEST 1000 TCK;
SDR 16 TDI (BFBF);
RUNTEST 1000 TCK;
SDR 16 TDI (FFFF);
RUNTEST 1000 TCK;
SDR 16 TDI (FFDF);
RUNTEST 1000 TCK;
SDR 16 TDI (FEFF);
RUNTEST 1000 TCK;
SDR 16 TDI (7FFF);
RUNTEST 1000 TCK;
SDR 16 TDI (FEFF);
RUNTEST 1000 TCK;
SDR 16 TDI (FF7F);
RUNTEST 1000 TCK;
SDR 16 TDI (FFFF);
RUNTEST 1000 TCK;
SDR 16 TDI (BF77);
RUNTEST 1000 TCK;
SDR 16 TDI (7FCF);
RUNTEST 1000 TCK;
SDR 16 TDI (CDEF);
RUNTEST 1000 TCK;
SDR 16 TDI (FEFF);
RUNTEST 1000 TCK;
SDR 16 TDI (7FEE);
RUNTEST 1000 TCK;
SDR 16 TDI (FFFF);
RUNTEST 1000 TCK;
SDR 16 TDI (FFFF);
RUNTEST 1000 TCK;
SDR 16 TDI (FFBF);
RUNTEST 1000 TCK;
SDR 16 TDI (B7FF);
RUNTEST 1000 TCK;
SDR 16 TDI (FFFF);
RUNTEST 1000 TCK;
SDR 16 TDI (FFDF);
RUNTEST 1000 TCK;
SDR 16 TDI (FFFF);
RUNTEST 1000 TCK;
SDR 16 TDI (7FFF);
RUNTEST 1000 TCK;
SDR 16 TDI (FFEF);
RUNTEST 1000 TCK;
SDR 16 TDI (FFFF);
RUNTEST 1000 TCK;
SDR 16 TDI (FFFF);
RUNTEST 1000 TCK;
SDR 16 TDI (BFFF);
RUNTEST 1000 TCK;
SDR 16 TDI (FFFF);
RUNTEST 1000 TCK;
SDR 16 TDI (FFFF);
RUNTEST 1000 TCK;
SDR 16 TDI (FFFF);
RUNTEST 1000 TCK;
SDR 16 TDI (7FFF);
RUNTEST 1000 TCK;
SDR 16 TDI (FFFF);
RUNTEST 1000 TCK;
SDR 16 TDI (FFFF);
RUNTEST 1000 TCK;
SDR 16 TDI (FFEF);
RUNTEST 1000 TCK;
SDR 16 TDI (BFFF);
RUNTEST 1000 TCK;
SDR 16 TDI (FFFF);
RUNTEST 1000 TCK;
SDR 16 TDI (EFFF);
RUNTEST 1000 TCK;
SDR 16 TDI (FFFF);
RUNTEST 1000 TCK;
SDR 16 TDI (7FFF);
RUNTEST 1000 TCK;
SDR 16 TDI (FFFF);
RUNTEST 1000 TCK;
SDR 16 TDI (FFF7);
RUNTEST 1000 TCK;
SDR 16 TDI (FFFF);
RUNTEST 1000 TCK;
SDR 16 TDI (BEBD);
RUNTEST 1000 TCK;
SDR 16 TDI (7FFF);
RUNTEST 1000 TCK;
SDR 16 TDI (FD6F);
RUNTEST 1000 TCK;
SDR 16 TDI (7FF7);
RUNTEST 1000 TCK;
SDR 16 TDI (7FFE);
RUNTEST 1000 TCK;
SDR 16 TDI (BFFF);
RUNTEST 1000 TCK;
SDR 16 TDI (FFFF);
RUNTEST 1000 TCK;
SDR 16 TDI (FFFF);
RUNTEST 1000 TCK;
SDR 16 TDI (BFFF);
RUNTEST 1000 TCK;
SDR 16 TDI (FFFF);
RUNTEST 1000 TCK;
SDR 16 TDI (FFFF);
RUNTEST 1000 TCK;
SDR 16 TDI (FFFF);
RUNTEST 1000 TCK;
SDR 16 TDI (7FFF);
RUNTEST 1000 TCK;
SDR 16 TDI (FFFF);
RUNTEST 1000 TCK;
SDR 16 TDI (FFFF);
RUNTEST 1000 TCK;
SDR 16 TDI (FFFF);
RUNTEST 1000 TCK;
SDR 16 TDI (BFFF);
RUNTEST 1000 TCK;
SDR 16 TDI (FFFF);
RUNTEST 1000 TCK;
SDR 16 TDI (FFFF);
RUNTEST 1000 TCK;
SDR 16 TDI (FFFF);
RUNTEST 1000 TCK;
SDR 16 TDI (7FFF);
RUNTEST 1000 TCK;
SDR 16 TDI (FFFF);
RUNTEST 1000 TCK;
SDR 16 TDI (FFFF);
RUNTEST 1000 TCK;
SDR 16 TDI (FFFF);
RUNTEST 1000 TCK;
SDR 16 TDI (BFEF);
RUNTEST 1000 TCK;
SDR 16 TDI (FFFF);
RUNTEST 1000 TCK;
SDR 16 TDI (FFFD);
RUNTEST 1000 TCK;
SDR 16 TDI (FFFF);
RUNTEST 1000 TCK;
SDR 16 TDI (7FFF);
RUNTEST 1000 TCK;
SDR 16 TDI (FFFF);
RUNTEST 1000 TCK;
SDR 16 TDI (7FFF);
RUNTEST 1000 TCK;
SDR 16 TDI (FFFF);
RUNTEST 1000 TCK;
SDR 16 TDI (8FEF);
RUNTEST 1000 TCK;
SDR 16 TDI (EFFF);
RUNTEST 1000 TCK;
SDR 16 TDI (7FFF);
RUNTEST 1000 TCK;
SDR 16 TDI (FFFF);
RUNTEST 1000 TCK;
SDR 16 TDI (7FFF);
RUNTEST 1000 TCK;
SDR 16 TDI (FFEF);
RUNTEST 1000 TCK;
SDR 16 TDI (FFDF);
RUNTEST 1000 TCK;
SDR 16 TDI (FFFF);
RUNTEST 1000 TCK;
SDR 16 TDI (BFFF);
RUNTEST 1000 TCK;
SDR 16 TDI (FFFF);
RUNTEST 1000 TCK;
SDR 16 TDI (FFFF);
RUNTEST 1000 TCK;
SDR 16 TDI (FFFF);
RUNTEST 1000 TCK;
SDR 16 TDI (7FFF);
RUNTEST 1000 TCK;
SDR 16 TDI (FFFF);
RUNTEST 1000 TCK;
SDR 16 TDI (FFFF);
RUNTEST 1000 TCK;
SDR 16 TDI (FFFF);
RUNTEST 1000 TCK;
SDR 16 TDI (AFFF);
RUNTEST 1000 TCK;
SDR 16 TDI (FFFF);
RUNTEST 1000 TCK;
SDR 16 TDI (FFFF);
RUNTEST 1000 TCK;
SDR 16 TDI (FFFF);
RUNTEST 1000 TCK;
SDR 16 TDI (7FFF);
RUNTEST 1000 TCK;
SDR 16 TDI (FFFF);
RUNTEST 1000 TCK;
SDR 16 TDI (FFFF);
RUNTEST 1000 TCK;
SDR 16 TDI (FFEF);
RUNTEST 1000 TCK;
SDR 16 TDI (BFDF);
RUNTEST 1000 TCK;
SDR 16 TDI (FFFF);
RUNTEST 1000 TCK;
SDR 16 TDI (FFFD);
RUNTEST 1000 TCK;
SDR 16 TDI (FFFF);
RUNTEST 1000 TCK;
SDR 16 TDI (5FFF);
RUNTEST 1000 TCK;
SDR 16 TDI (FFFF);
RUNTEST 1000 TCK;
SDR 16 TDI (FFF7);
RUNTEST 1000 TCK;
SDR 16 TDI (FFFF);
RUNTEST 1000 TCK;
SDR 16 TDI (BFBA);
RUNTEST 1000 TCK;
SDR 16 TDI (EFFF);
RUNTEST 1000 TCK;
SDR 16 TDI (FDF7);
RUNTEST 1000 TCK;
SDR 16 TDI (FFF7);
RUNTEST 1000 TCK;
SDR 16 TDI (7FFF);
RUNTEST 1000 TCK;
SDR 16 TDI (7FFF);
RUNTEST 1000 TCK;
SDR 16 TDI (FFFF);
RUNTEST 1000 TCK;
SDR 16 TDI (FFFF);
RUNTEST 1000 TCK;
SDR 16 TDI (BFFF);
RUNTEST 1000 TCK;
SDR 16 TDI (FFFF);
RUNTEST 1000 TCK;
SDR 16 TDI (FFFF);
RUNTEST 1000 TCK;
SDR 16 TDI (FFFF);
RUNTEST 1000 TCK;
SDR 16 TDI (7FFF);
RUNTEST 1000 TCK;
SDR 16 TDI (FFFF);
RUNTEST 1000 TCK;
SDR 16 TDI (FFFF);
RUNTEST 1000 TCK;
SDR 16 TDI (FFDF);
RUNTEST 1000 TCK;
SDR 16 TDI (AFFF);
RUNTEST 1000 TCK;
SDR 16 TDI (FFFF);
RUNTEST 1000 TCK;
SDR 16 TDI (FFFF);
RUNTEST 1000 TCK;
SDR 16 TDI (FFFF);
RUNTEST 1000 TCK;
SDR 16 TDI (7FFF);
RUNTEST 1000 TCK;
SDR 16 TDI (FFFF);
RUNTEST 1000 TCK;
SDR 16 TDI (FFFF);
RUNTEST 1000 TCK;
SDR 16 TDI (FFFF);
RUNTEST 1000 TCK;
SDR 16 TDI (BFFF);
RUNTEST 1000 TCK;
SDR 16 TDI (FFFF);
RUNTEST 1000 TCK;
SDR 16 TDI (DFFF);
RUNTEST 1000 TCK;
SDR 16 TDI (FFFF);
RUNTEST 1000 TCK;
SDR 16 TDI (7FFF);
RUNTEST 1000 TCK;
SDR 16 TDI (FFFF);
RUNTEST 1000 TCK;
SDR 16 TDI (FFFF);
RUNTEST 1000 TCK;
SDR 16 TDI (FFFF);
RUNTEST 1000 TCK;
SDR 16 TDI (B777);
RUNTEST 1000 TCK;
SDR 16 TDI (FFFF);
RUNTEST 1000 TCK;
SDR 16 TDI (7F7E);
RUNTEST 1000 TCK;
SDR 16 TDI (FFFF);
RUNTEST 1000 TCK;
SDR 16 TDI (7FFE);
RUNTEST 1000 TCK;
SDR 16 TDI (FFEF);
RUNTEST 1000 TCK;
SDR 16 TDI (FFEF);
RUNTEST 1000 TCK;
SDR 16 TDI (FFFF);
RUNTEST 1000 TCK;
SDR 16 TDI (BFFF);
RUNTEST 1000 TCK;
SDR 16 TDI (FFFF);
RUNTEST 1000 TCK;
SDR 16 TDI (FFFF);
RUNTEST 1000 TCK;
SDR 16 TDI (FFFF);
RUNTEST 1000 TCK;
SDR 16 TDI (7FFF);
RUNTEST 1000 TCK;
SDR 16 TDI (FFFF);
RUNTEST 1000 TCK;
SDR 16 TDI (FFFF);
RUNTEST 1000 TCK;
SDR 16 TDI (FFDF);
RUNTEST 1000 TCK;
SDR 16 TDI (BFFF);
RUNTEST 1000 TCK;
SDR 16 TDI (FFFF);
RUNTEST 1000 TCK;
SDR 16 TDI (FFFF);
RUNTEST 1000 TCK;
SDR 16 TDI (FFFF);
RUNTEST 1000 TCK;
SDR 16 TDI (7FFF);
RUNTEST 1000 TCK;
SDR 16 TDI (FFFF);
RUNTEST 1000 TCK;
SDR 16 TDI (FFFF);
RUNTEST 1000 TCK;
SDR 16 TDI (FFFF);
RUNTEST 1000 TCK;
SDR 16 TDI (BFEF);
RUNTEST 1000 TCK;
SDR 16 TDI (FFFF);
RUNTEST 1000 TCK;
SDR 16 TDI (FFFF);
RUNTEST 1000 TCK;
SDR 16 TDI (FFFF);
RUNTEST 1000 TCK;
SDR 16 TDI (7FFF);
RUNTEST 1000 TCK;
SDR 16 TDI (FFFF);
RUNTEST 1000 TCK;
SDR 16 TDI (FFEF);
RUNTEST 1000 TCK;
SDR 16 TDI (FF7F);
RUNTEST 1000 TCK;
SDR 16 TDI (BFFF);
RUNTEST 1000 TCK;
SDR 16 TDI (FFFF);
RUNTEST 1000 TCK;
SDR 16 TDI (FFFF);
RUNTEST 1000 TCK;
SDR 16 TDI (FFFF);
RUNTEST 1000 TCK;
SDR 16 TDI (7FFF);
RUNTEST 1000 TCK;
SDR 16 TDI (DFFF);
RUNTEST 1000 TCK;
SDR 16 TDI (FFFF);
RUNTEST 1000 TCK;
SDR 16 TDI (FFFF);
RUNTEST 1000 TCK;
SDR 16 TDI (BFFF);
RUNTEST 1000 TCK;
SDR 16 TDI (FFFF);
RUNTEST 1000 TCK;
SDR 16 TDI (FFFF);
RUNTEST 1000 TCK;
SDR 16 TDI (FFFF);
RUNTEST 1000 TCK;
SDR 16 TDI (7FFF);
RUNTEST 1000 TCK;
SDR 16 TDI (FFFF);
RUNTEST 1000 TCK;
SDR 16 TDI (FFFF);
RUNTEST 1000 TCK;
SDR 16 TDI (FFFF);
RUNTEST 1000 TCK;
SDR 16 TDI (BFFF);
RUNTEST 1000 TCK;
SDR 16 TDI (FFFF);
RUNTEST 1000 TCK;
SDR 16 TDI (FFFF);
RUNTEST 1000 TCK;
SDR 16 TDI (FFFF);
RUNTEST 1000 TCK;
SDR 16 TDI (7FFF);
RUNTEST 1000 TCK;
SDR 16 TDI (FFFF);
RUNTEST 1000 TCK;
SDR 16 TDI (FFFF);
RUNTEST 1000 TCK;
SDR 16 TDI (7FBF);
RUNTEST 1000 TCK;
SDR 16 TDI (BFFF);
RUNTEST 1000 TCK;
SDR 16 TDI (FFFF);
RUNTEST 1000 TCK;
SDR 16 TDI (DFFF);
RUNTEST 1000 TCK;
SDR 16 TDI (FFFF);
RUNTEST 1000 TCK;
SDR 16 TDI (7FFF);
RUNTEST 1000 TCK;
SDR 16 TDI (FFF7);
RUNTEST 1000 TCK;
SDR 16 TDI (7FFF);
RUNTEST 1000 TCK;
SDR 16 TDI (FFFB);
RUNTEST 1000 TCK;
SDR 16 TDI (BFFF);
RUNTEST 1000 TCK;
SDR 16 TDI (FFFF);
RUNTEST 1000 TCK;
SDR 16 TDI (FFFF);
RUNTEST 1000 TCK;
SDR 16 TDI (FFFF);
RUNTEST 1000 TCK;
SDR 16 TDI (7FFF);
RUNTEST 1000 TCK;
SDR 16 TDI (FFFF);
RUNTEST 1000 TCK;
SDR 16 TDI (FFFF);
RUNTEST 1000 TCK;
SDR 16 TDI (FFFF);
RUNTEST 1000 TCK;
SDR 16 TDI (BFFF);
RUNTEST 1000 TCK;
SDR 16 TDI (FFFF);
RUNTEST 1000 TCK;
SDR 16 TDI (FFFF);
RUNTEST 1000 TCK;
SDR 16 TDI (FFFF);
RUNTEST 1000 TCK;
SDR 16 TDI (5FFF);
RUNTEST 1000 TCK;
SDR 16 TDI (FFFF);
RUNTEST 1000 TCK;
SDR 16 TDI (FFFF);
RUNTEST 1000 TCK;
SDR 16 TDI (FFFF);
RUNTEST 1000 TCK;
SDR 16 TDI (BFFF);
RUNTEST 1000 TCK;
SDR 16 TDI (FFFF);
RUNTEST 1000 TCK;
SDR 16 TDI (FFFF);
RUNTEST 1000 TCK;
SDR 16 TDI (FFFF);
RUNTEST 1000 TCK;
SDR 16 TDI (7FFF);
RUNTEST 1000 TCK;
SDR 16 TDI (FFFF);
RUNTEST 1000 TCK;
SDR 16 TDI (FFFF);
RUNTEST 1000 TCK;
SDR 16 TDI (FFBF);
RUNTEST 1000 TCK;
SDR 16 TDI (BFFF);
RUNTEST 1000 TCK;
SDR 16 TDI (FFFF);
RUNTEST 1000 TCK;
SDR 16 TDI (DFFF);
RUNTEST 1000 TCK;
SDR 16 TDI (FFFF);
RUNTEST 1000 TCK;
SDR 16 TDI (7FFF);
RUNTEST 1000 TCK;
SDR 16 TDI (FFEF);
RUNTEST 1000 TCK;
SDR 16 TDI (FFFF);
RUNTEST 1000 TCK;
SDR 16 TDI (FF7B);
RUNTEST 1000 TCK;
SDR 16 TDI (BFFF);
RUNTEST 1000 TCK;
SDR 16 TDI (FFFF);
RUNTEST 1000 TCK;
SDR 16 TDI (FFFF);
RUNTEST 1000 TCK;
SDR 16 TDI (FFDF);
RUNTEST 1000 TCK;
SDR 16 TDI (7FFF);
RUNTEST 1000 TCK;
SDR 16 TDI (EFFF);
RUNTEST 1000 TCK;
SDR 16 TDI (FFFF);
RUNTEST 1000 TCK;
SDR 16 TDI (FFFF);
RUNTEST 1000 TCK;
SDR 16 TDI (9FFF);
RUNTEST 1000 TCK;
SDR 16 TDI (FFFF);
RUNTEST 1000 TCK;
SDR 16 TDI (FFFF);
RUNTEST 1000 TCK;
SDR 16 TDI (FFFF);
RUNTEST 1000 TCK;
SDR 16 TDI (7FFF);
RUNTEST 1000 TCK;
SDR 16 TDI (FFFF);
RUNTEST 1000 TCK;
SDR 16 TDI (FFFF);
RUNTEST 1000 TCK;
SDR 16 TDI (FFFF);
RUNTEST 1000 TCK;
SDR 16 TDI (BFFF);
RUNTEST 1000 TCK;
SDR 16 TDI (FFFF);
RUNTEST 1000 TCK;
SDR 16 TDI (FFFF);
RUNTEST 1000 TCK;
SDR 16 TDI (FFFF);
RUNTEST 1000 TCK;
SDR 16 TDI (7FFF);
RUNTEST 1000 TCK;
SDR 16 TDI (FFFF);
RUNTEST 1000 TCK;
SDR 16 TDI (FFFF);
RUNTEST 1000 TCK;
SDR 16 TDI (7FFF);
RUNTEST 1000 TCK;
SDR 16 TDI (BFDF);
RUNTEST 1000 TCK;
SDR 16 TDI (FFFF);
RUNTEST 1000 TCK;
SDR 16 TDI (FFFF);
RUNTEST 1000 TCK;
SDR 16 TDI (FFFF);
RUNTEST 1000 TCK;
SDR 16 TDI (7FFF);
RUNTEST 1000 TCK;
SDR 16 TDI (FFFF);
RUNTEST 1000 TCK;
SDR 16 TDI (7FEF);
RUNTEST 1000 TCK;
SDR 16 TDI (FFFF);
RUNTEST 1000 TCK;
SDR 16 TDI (BFFF);
RUNTEST 1000 TCK;
SDR 16 TDI (FFFF);
RUNTEST 1000 TCK;
SDR 16 TDI (FFFF);
RUNTEST 1000 TCK;
SDR 16 TDI (FFFF);
RUNTEST 1000 TCK;
SDR 16 TDI (5FFF);
RUNTEST 1000 TCK;
SDR 16 TDI (FFFF);
RUNTEST 1000 TCK;
SDR 16 TDI (FFFF);
RUNTEST 1000 TCK;
SDR 16 TDI (FFFF);
RUNTEST 1000 TCK;
SDR 16 TDI (BFFF);
RUNTEST 1000 TCK;
SDR 16 TDI (FFFF);
RUNTEST 1000 TCK;
SDR 16 TDI (FFFF);
RUNTEST 1000 TCK;
SDR 16 TDI (FFFF);
RUNTEST 1000 TCK;
SDR 16 TDI (7FFF);
RUNTEST 1000 TCK;
SDR 16 TDI (FFFF);
RUNTEST 1000 TCK;
SDR 16 TDI (FFFF);
RUNTEST 1000 TCK;
SDR 16 TDI (FFFF);
RUNTEST 1000 TCK;
SDR 16 TDI (BFFF);
RUNTEST 1000 TCK;
SDR 16 TDI (FFFF);
RUNTEST 1000 TCK;
SDR 16 TDI (FFFF);
RUNTEST 1000 TCK;
SDR 16 TDI (FFFF);
RUNTEST 1000 TCK;
SDR 16 TDI (7FFF);
RUNTEST 1000 TCK;
SDR 16 TDI (FFFF);
RUNTEST 1000 TCK;
SDR 16 TDI (FFFF);
RUNTEST 1000 TCK;
SDR 16 TDI (FFFF);
RUNTEST 1000 TCK;
SDR 16 TDI (BFFF);
RUNTEST 1000 TCK;
SDR 16 TDI (FFFF);
RUNTEST 1000 TCK;
SDR 16 TDI (FFFF);
RUNTEST 1000 TCK;
SDR 16 TDI (FFFF);
RUNTEST 1000 TCK;
SDR 16 TDI (7FFF);
RUNTEST 1000 TCK;
SDR 16 TDI (EFFF);
RUNTEST 1000 TCK;
SDR 16 TDI (FFFB);
RUNTEST 1000 TCK;
SDR 16 TDI (FFFB);
RUNTEST 1000 TCK;
SDR 16 TDI (9FFF);
RUNTEST 1000 TCK;
SDR 16 TDI (FFFF);
RUNTEST 1000 TCK;
SDR 16 TDI (FFFF);
RUNTEST 1000 TCK;
SDR 16 TDI (FFFF);
RUNTEST 1000 TCK;
SDR 16 TDI (7FFF);
RUNTEST 1000 TCK;
SDR 16 TDI (FFFF);
RUNTEST 1000 TCK;
SDR 16 TDI (FFFF);
RUNTEST 1000 TCK;
SDR 16 TDI (FFFF);
RUNTEST 1000 TCK;
SDR 16 TDI (BFFF);
RUNTEST 1000 TCK;
SDR 16 TDI (FFFF);
RUNTEST 1000 TCK;
SDR 16 TDI (FFFF);
RUNTEST 1000 TCK;
SDR 16 TDI (FFFF);
RUNTEST 1000 TCK;
SDR 16 TDI (7FFF);
RUNTEST 1000 TCK;
SDR 16 TDI (FFFF);
RUNTEST 1000 TCK;
SDR 16 TDI (FFFF);
RUNTEST 1000 TCK;
SDR 16 TDI (FFFF);
RUNTEST 1000 TCK;
SDR 16 TDI (B7FF);
RUNTEST 1000 TCK;
SDR 16 TDI (FFFF);
RUNTEST 1000 TCK;
SDR 16 TDI (FFFF);
RUNTEST 1000 TCK;
SDR 16 TDI (FFFF);
RUNTEST 1000 TCK;
SDR 16 TDI (7FFF);
RUNTEST 1000 TCK;
SDR 16 TDI (FFFF);
RUNTEST 1000 TCK;
SDR 16 TDI (FFFF);
RUNTEST 1000 TCK;
SDR 16 TDI (FFFF);
RUNTEST 1000 TCK;
SDR 16 TDI (BFFF);
RUNTEST 1000 TCK;
SDR 16 TDI (FFFF);
RUNTEST 1000 TCK;
SDR 16 TDI (FFFF);
RUNTEST 1000 TCK;
SDR 16 TDI (FFFF);
RUNTEST 1000 TCK;
SDR 16 TDI (5FFF);
RUNTEST 1000 TCK;
SDR 16 TDI (FFFF);
RUNTEST 1000 TCK;
SDR 16 TDI (FFBF);
RUNTEST 1000 TCK;
SDR 16 TDI (FFFF);
RUNTEST 1000 TCK;
SDR 16 TDI (BFFF);
RUNTEST 1000 TCK;
SDR 16 TDI (FFFF);
RUNTEST 1000 TCK;
SDR 16 TDI (FFFF);
RUNTEST 1000 TCK;
SDR 16 TDI (FFFF);
RUNTEST 1000 TCK;
SDR 16 TDI (7FFF);
RUNTEST 1000 TCK;
SDR 16 TDI (FFFF);
RUNTEST 1000 TCK;
SDR 16 TDI (FFFF);
RUNTEST 1000 TCK;
SDR 16 TDI (FFFF);
RUNTEST 1000 TCK;
SDR 16 TDI (BFFF);
RUNTEST 1000 TCK;
SDR 16 TDI (FFFF);
RUNTEST 1000 TCK;
SDR 16 TDI (FFFF);
RUNTEST 1000 TCK;
SDR 16 TDI (FFFF);
RUNTEST 1000 TCK;
SDR 16 TDI (7FFF);
RUNTEST 1000 TCK;
SDR 16 TDI (FFFF);
RUNTEST 1000 TCK;
SDR 16 TDI (FFFF);
RUNTEST 1000 TCK;
SDR 16 TDI (FFFF);
RUNTEST 1000 TCK;
SDR 16 TDI (BFFF);
RUNTEST 1000 TCK;
SDR 16 TDI (FFFF);
RUNTEST 1000 TCK;
SDR 16 TDI (FFFF);
RUNTEST 1000 TCK;
SDR 16 TDI (FFFF);
RUNTEST 1000 TCK;
SDR 16 TDI (7FFF);
RUNTEST 1000 TCK;
SDR 16 TDI (FFFF);
RUNTEST 1000 TCK;
SDR 16 TDI (FFFF);
RUNTEST 1000 TCK;
SDR 16 TDI (FFFF);
RUNTEST 1000 TCK;
SDR 16 TDI (9FFF);
RUNTEST 1000 TCK;
SDR 16 TDI (FFFF);
RUNTEST 1000 TCK;
SDR 16 TDI (FFFF);
RUNTEST 1000 TCK;
SDR 16 TDI (FFFF);
RUNTEST 1000 TCK;
SDR 16 TDI (7FFF);
RUNTEST 1000 TCK;
SDR 16 TDI (FFFF);
RUNTEST 1000 TCK;
SDR 16 TDI (FFFF);
RUNTEST 1000 TCK;
SDR 16 TDI (FFFF);
RUNTEST 1000 TCK;
SDR 16 TDI (BFFF);
RUNTEST 1000 TCK;
SDR 16 TDI (FFFF);
RUNTEST 1000 TCK;
SDR 16 TDI (FFFF);
RUNTEST 1000 TCK;
SDR 16 TDI (FFFF);
RUNTEST 1000 TCK;
SDR 16 TDI (7FFF);
RUNTEST 1000 TCK;
SDR 16 TDI (FFFF);
RUNTEST 1000 TCK;
SDR 16 TDI (FFFF);
RUNTEST 1000 TCK;
SDR 16 TDI (FFFF);
RUNTEST 1000 TCK;
SDR 16 TDI (BFFF);
RUNTEST 1000 TCK;
SDR 16 TDI (FFFF);
RUNTEST 1000 TCK;
SDR 16 TDI (FFFF);
RUNTEST 1000 TCK;
SDR 16 TDI (FFFF);
RUNTEST 1000 TCK;
SDR 16 TDI (7FFF);
RUNTEST 1000 TCK;
SDR 16 TDI (FFFF);
RUNTEST 1000 TCK;
SDR 16 TDI (FFFF);
RUNTEST 1000 TCK;
SDR 16 TDI (FFFF);
RUNTEST 1000 TCK;
SDR 16 TDI (B7FF);
RUNTEST 1000 TCK;
SDR 16 TDI (FFFF);
RUNTEST 1000 TCK;
SDR 16 TDI (FFFF);
RUNTEST 1000 TCK;
SDR 16 TDI (FFFF);
RUNTEST 1000 TCK;
SDR 16 TDI (5FFF);
RUNTEST 1000 TCK;
SDR 16 TDI (FFFF);
RUNTEST 1000 TCK;
SDR 16 TDI (FFFF);
RUNTEST 1000 TCK;
SDR 16 TDI (FFFF);
RUNTEST 1000 TCK;
SDR 16 TDI (BFFF);
RUNTEST 1000 TCK;
SDR 16 TDI (FFFF);
RUNTEST 1000 TCK;
SDR 16 TDI (FFFF);
RUNTEST 1000 TCK;
SDR 16 TDI (FFFF);
RUNTEST 1000 TCK;
SDR 16 TDI (7FFF);
RUNTEST 1000 TCK;
SDR 16 TDI (F7FF);
RUNTEST 1000 TCK;
SDR 16 TDI (FFFB);
RUNTEST 1000 TCK;
SDR 16 TDI (FFFF);
RUNTEST 1000 TCK;
SDR 16 TDI (BFFF);
RUNTEST 1000 TCK;
SDR 16 TDI (FFFF);
RUNTEST 1000 TCK;
SDR 16 TDI (FFFF);
RUNTEST 1000 TCK;
SDR 16 TDI (FFFF);
RUNTEST 1000 TCK;
SDR 16 TDI (7FFF);
RUNTEST 1000 TCK;
SDR 16 TDI (FFFF);
RUNTEST 1000 TCK;
SDR 16 TDI (FFFF);
RUNTEST 1000 TCK;
SDR 16 TDI (FFFF);
RUNTEST 1000 TCK;
SDR 16 TDI (BFFF);
RUNTEST 1000 TCK;
SDR 16 TDI (FFFF);
RUNTEST 1000 TCK;
SDR 16 TDI (FFFF);
RUNTEST 1000 TCK;
SDR 16 TDI (FFFF);
RUNTEST 1000 TCK;
SDR 16 TDI (7FFF);
RUNTEST 1000 TCK;
SDR 16 TDI (FFFF);
RUNTEST 1000 TCK;
SDR 16 TDI (FFFF);
RUNTEST 1000 TCK;
SDR 16 TDI (FFFF);
RUNTEST 1000 TCK;
SDR 16 TDI (855F);
RUNTEST 1000 TCK;
SDR 16 TDI (FFFF);
RUNTEST 1000 TCK;
SDR 16 TDI (FFFF);
RUNTEST 1000 TCK;
SDR 16 TDI (FFFF);
RUNTEST 1000 TCK;
SDR 16 TDI (7FFF);
RUNTEST 1000 TCK;
SDR 16 TDI (FFFF);
RUNTEST 1000 TCK;
SDR 16 TDI (FFFF);
RUNTEST 1000 TCK;
SDR 16 TDI (FFFF);
RUNTEST 1000 TCK;
SDR 16 TDI (BFFF);
RUNTEST 1000 TCK;
SDR 16 TDI (FFFF);
RUNTEST 1000 TCK;
SDR 16 TDI (FFFF);
RUNTEST 1000 TCK;
SDR 16 TDI (FFFF);
RUNTEST 1000 TCK;
SDR 16 TDI (7FFF);
RUNTEST 1000 TCK;
SDR 16 TDI (FFFF);
RUNTEST 1000 TCK;
SDR 16 TDI (FFFF);
RUNTEST 1000 TCK;
SDR 16 TDI (FFFF);
RUNTEST 1000 TCK;
SDR 16 TDI (BFFF);
RUNTEST 1000 TCK;
SDR 16 TDI (FFFF);
RUNTEST 1000 TCK;
SDR 16 TDI (FFFF);
RUNTEST 1000 TCK;
SDR 16 TDI (FFFF);
RUNTEST 1000 TCK;
SDR 16 TDI (7FFF);
RUNTEST 1000 TCK;
SDR 16 TDI (FFFF);
RUNTEST 1000 TCK;
SDR 16 TDI (FFFF);
RUNTEST 1000 TCK;
SDR 16 TDI (FFFF);
RUNTEST 1000 TCK;
SDR 16 TDI (BFFF);
RUNTEST 1000 TCK;
SDR 16 TDI (FFFF);
RUNTEST 1000 TCK;
SDR 16 TDI (FFFF);
RUNTEST 1000 TCK;
SDR 16 TDI (FFFF);
RUNTEST 1000 TCK;
SDR 16 TDI (5FFF);
RUNTEST 1000 TCK;
SDR 16 TDI (FFFF);
RUNTEST 1000 TCK;
SDR 16 TDI (FFFF);
RUNTEST 1000 TCK;
SDR 16 TDI (FBBF);
RUNTEST 1000 TCK;
SDR 16 TDI (AFFF);
RUNTEST 1000 TCK;
SDR 16 TDI (FFFF);
RUNTEST 1000 TCK;
SDR 16 TDI (FFFF);
RUNTEST 1000 TCK;
SDR 16 TDI (FFFF);
RUNTEST 1000 TCK;
SDR 16 TDI (7FFF);
RUNTEST 1000 TCK;
SDR 16 TDI (FFFF);
RUNTEST 1000 TCK;
SDR 16 TDI (FFFF);
RUNTEST 1000 TCK;
SDR 16 TDI (FFFF);
RUNTEST 1000 TCK;
SDR 16 TDI (BFFF);
RUNTEST 1000 TCK;
SDR 16 TDI (FFFF);
RUNTEST 1000 TCK;
SDR 16 TDI (FFFF);
RUNTEST 1000 TCK;
SDR 16 TDI (FFFF);
RUNTEST 1000 TCK;
SDR 16 TDI (7FFF);
RUNTEST 1000 TCK;
SDR 16 TDI (FFFF);
RUNTEST 1000 TCK;
SDR 16 TDI (BFFF);
RUNTEST 1000 TCK;
SDR 16 TDI (FFFF);
RUNTEST 1000 TCK;
SDR 16 TDI (BFFF);
RUNTEST 1000 TCK;
SDR 16 TDI (FFFF);
RUNTEST 1000 TCK;
SDR 16 TDI (FFFF);
RUNTEST 1000 TCK;
SDR 16 TDI (FFFF);
RUNTEST 1000 TCK;
SDR 16 TDI (7FFF);
RUNTEST 1000 TCK;
SDR 16 TDI (FFFF);
RUNTEST 1000 TCK;
SDR 16 TDI (FFFF);
RUNTEST 1000 TCK;
SDR 16 TDI (FFFF);
RUNTEST 1000 TCK;
SDR 16 TDI (BFFF);
RUNTEST 1000 TCK;
SDR 16 TDI (FFFF);
RUNTEST 1000 TCK;
SDR 16 TDI (FFFF);
RUNTEST 1000 TCK;
SDR 16 TDI (FFFF);
RUNTEST 1000 TCK;
SDR 16 TDI (5FFF);
RUNTEST 1000 TCK;
SDR 16 TDI (FFFF);
RUNTEST 1000 TCK;
SDR 16 TDI (FFFF);
RUNTEST 1000 TCK;
SDR 16 TDI (FFFF);
RUNTEST 1000 TCK;
SDR 16 TDI (A55F);
RUNTEST 1000 TCK;
SDR 16 TDI (FFFF);
RUNTEST 1000 TCK;
SDR 16 TDI (FFFF);
RUNTEST 1000 TCK;
SDR 16 TDI (FFFF);
RUNTEST 1000 TCK;
SDR 16 TDI (7FFF);
RUNTEST 1000 TCK;
SDR 16 TDI (FFFF);
RUNTEST 1000 TCK;
SDR 16 TDI (FFFF);
RUNTEST 1000 TCK;
SDR 16 TDI (FFFF);
RUNTEST 1000 TCK;
SDR 16 TDI (BFFF);
RUNTEST 1000 TCK;
SDR 16 TDI (FFFF);
RUNTEST 1000 TCK;
SDR 16 TDI (FFFF);
RUNTEST 1000 TCK;
SDR 16 TDI (FFFF);
RUNTEST 1000 TCK;
SDR 16 TDI (7FFF);
RUNTEST 1000 TCK;
SDR 16 TDI (FFBF);
RUNTEST 1000 TCK;
SDR 16 TDI (FFFF);
RUNTEST 1000 TCK;
SDR 16 TDI (FFFF);
RUNTEST 1000 TCK;
SDR 16 TDI (BFFF);
RUNTEST 1000 TCK;
SDR 16 TDI (FFFF);
RUNTEST 1000 TCK;
SDR 16 TDI (FFFF);
RUNTEST 1000 TCK;
SDR 16 TDI (FFFF);
RUNTEST 1000 TCK;
SDR 16 TDI (7FFF);
RUNTEST 1000 TCK;
SDR 16 TDI (FFFF);
RUNTEST 1000 TCK;
SDR 16 TDI (FFFF);
RUNTEST 1000 TCK;
SDR 16 TDI (FFFF);
RUNTEST 1000 TCK;
SDR 16 TDI (9FFF);
RUNTEST 1000 TCK;
SDR 16 TDI (FFFF);
RUNTEST 1000 TCK;
SDR 16 TDI (FFFF);
RUNTEST 1000 TCK;
SDR 16 TDI (FFFF);
RUNTEST 1000 TCK;
SDR 16 TDI (7FFF);
RUNTEST 1000 TCK;
SDR 16 TDI (FFFF);
RUNTEST 1000 TCK;
SDR 16 TDI (FFFF);
RUNTEST 1000 TCK;
SDR 16 TDI (FBBF);
RUNTEST 1000 TCK;
SDR 16 TDI (AAFF);
RUNTEST 1000 TCK;
SDR 16 TDI (FFFF);
RUNTEST 1000 TCK;
SDR 16 TDI (FFFF);
RUNTEST 1000 TCK;
SDR 16 TDI (FFFF);
RUNTEST 1000 TCK;
SDR 16 TDI (7FFF);
RUNTEST 1000 TCK;
SDR 16 TDI (FFFF);
RUNTEST 1000 TCK;
SDR 16 TDI (FFFF);
RUNTEST 1000 TCK;
SDR 16 TDI (FFFF);
RUNTEST 1000 TCK;
SDR 16 TDI (BFFF);
RUNTEST 1000 TCK;
SDR 16 TDI (FFFF);
RUNTEST 1000 TCK;
SDR 16 TDI (FFFF);
RUNTEST 1000 TCK;
SDR 16 TDI (FFFF);
RUNTEST 1000 TCK;
SDR 16 TDI (7FFF);
RUNTEST 1000 TCK;
SDR 16 TDI (FFFF);
RUNTEST 1000 TCK;
SDR 16 TDI (FDFF);
RUNTEST 1000 TCK;
SDR 16 TDI (FFFF);
RUNTEST 1000 TCK;
SDR 16 TDI (BFFF);
RUNTEST 1000 TCK;
SDR 16 TDI (FFFF);
RUNTEST 1000 TCK;
SDR 16 TDI (FFFF);
RUNTEST 1000 TCK;
SDR 16 TDI (FFFF);
RUNTEST 1000 TCK;
SDR 16 TDI (5FFF);
RUNTEST 1000 TCK;
SDR 16 TDI (FFFF);
RUNTEST 1000 TCK;
SDR 16 TDI (FFFF);
RUNTEST 1000 TCK;
SDR 16 TDI (FFFF);
RUNTEST 1000 TCK;
SDR 16 TDI (BFFF);
RUNTEST 1000 TCK;
SDR 16 TDI (FFFF);
RUNTEST 1000 TCK;
SDR 16 TDI (FFFF);
RUNTEST 1000 TCK;
SDR 16 TDI (FFFF);
RUNTEST 1000 TCK;
SDR 16 TDI (7FFF);
RUNTEST 1000 TCK;
SDR 16 TDI (FFFF);
RUNTEST 1000 TCK;
SDR 16 TDI (FFFF);
RUNTEST 1000 TCK;
SDR 16 TDI (F77F);
RUNTEST 1000 TCK;
SDR 16 TDI (BFFF);
RUNTEST 1000 TCK;
SDR 16 TDI (FFFF);
RUNTEST 1000 TCK;
SDR 16 TDI (FFFF);
RUNTEST 1000 TCK;
SDR 16 TDI (FFFF);
RUNTEST 1000 TCK;
SDR 16 TDI (7FFF);
RUNTEST 1000 TCK;
SDR 16 TDI (FFFF);
RUNTEST 1000 TCK;
SDR 16 TDI (FFFF);
RUNTEST 1000 TCK;
SDR 16 TDI (FFFF);
RUNTEST 1000 TCK;
SDR 16 TDI (BFFF);
RUNTEST 1000 TCK;
SDR 16 TDI (FFFF);
RUNTEST 1000 TCK;
SDR 16 TDI (FFFF);
RUNTEST 1000 TCK;
SDR 16 TDI (FFFF);
RUNTEST 1000 TCK;
SDR 16 TDI (7FFF);
RUNTEST 1000 TCK;
SDR 16 TDI (FFFF);
RUNTEST 1000 TCK;
SDR 16 TDI (FFFF);
RUNTEST 1000 TCK;
SDR 16 TDI (FFFF);
RUNTEST 1000 TCK;
SDR 16 TDI (9FFF);
RUNTEST 1000 TCK;
SDR 16 TDI (FFFF);
RUNTEST 1000 TCK;
SDR 16 TDI (FFFF);
RUNTEST 1000 TCK;
SDR 16 TDI (FFFF);
RUNTEST 1000 TCK;
SDR 16 TDI (7FFF);
RUNTEST 1000 TCK;
SDR 16 TDI (FFFF);
RUNTEST 1000 TCK;
SDR 16 TDI (FFFF);
RUNTEST 1000 TCK;
SDR 16 TDI (FFFF);
RUNTEST 1000 TCK;
SDR 16 TDI (BFFF);
RUNTEST 1000 TCK;
SDR 16 TDI (FFFF);
RUNTEST 1000 TCK;
SDR 16 TDI (FFFF);
RUNTEST 1000 TCK;
SDR 16 TDI (FFFF);
RUNTEST 1000 TCK;
SDR 16 TDI (7FFF);
RUNTEST 1000 TCK;
SDR 16 TDI (FFFF);
RUNTEST 1000 TCK;
SDR 16 TDI (FFFF);
RUNTEST 1000 TCK;
SDR 16 TDI (FFFF);
RUNTEST 1000 TCK;
SDR 16 TDI (BFFF);
RUNTEST 1000 TCK;
SDR 16 TDI (FFFF);
RUNTEST 1000 TCK;
SDR 16 TDI (FFFF);
RUNTEST 1000 TCK;
SDR 16 TDI (FFFF);
RUNTEST 1000 TCK;
SDR 16 TDI (7FFF);
RUNTEST 1000 TCK;
SDR 16 TDI (FFFF);
RUNTEST 1000 TCK;
SDR 16 TDI (FFFF);
RUNTEST 1000 TCK;
SDR 16 TDI (FFFF);
RUNTEST 1000 TCK;
SDR 16 TDI (9FFF);
RUNTEST 1000 TCK;
SDR 16 TDI (FFFF);
RUNTEST 1000 TCK;
SDR 16 TDI (FFFF);
RUNTEST 1000 TCK;
SDR 16 TDI (FFFF);
RUNTEST 1000 TCK;
SDR 16 TDI (7FFF);
RUNTEST 1000 TCK;
SDR 16 TDI (FFFF);
RUNTEST 1000 TCK;
SDR 16 TDI (FFFF);
RUNTEST 1000 TCK;
SDR 16 TDI (FFFF);
RUNTEST 1000 TCK;
SDR 16 TDI (BFFF);
RUNTEST 1000 TCK;
SDR 16 TDI (FFFF);
RUNTEST 1000 TCK;
SDR 16 TDI (FFFF);
RUNTEST 1000 TCK;
SDR 16 TDI (FFFF);
RUNTEST 1000 TCK;
SDR 16 TDI (7FFF);
RUNTEST 1000 TCK;
SDR 16 TDI (FFFF);
RUNTEST 1000 TCK;
SDR 16 TDI (FFFF);
RUNTEST 1000 TCK;
SDR 16 TDI (FFFF);
RUNTEST 1000 TCK;
SDR 16 TDI (BFFF);
RUNTEST 1000 TCK;
SDR 16 TDI (FFFF);
RUNTEST 1000 TCK;
SDR 16 TDI (FFFF);
RUNTEST 1000 TCK;
SDR 16 TDI (FFFF);
RUNTEST 1000 TCK;
SDR 16 TDI (7FFF);
RUNTEST 1000 TCK;
SDR 16 TDI (FFFF);
RUNTEST 1000 TCK;
SDR 16 TDI (FFFF);
RUNTEST 1000 TCK;
SDR 16 TDI (FFFF);
RUNTEST 1000 TCK;
SDR 16 TDI (BFFF);
RUNTEST 1000 TCK;
SDR 16 TDI (FFFF);
RUNTEST 1000 TCK;
SDR 16 TDI (FFFF);
RUNTEST 1000 TCK;
SDR 16 TDI (FFFF);
RUNTEST 1000 TCK;
SDR 16 TDI (7FFF);
RUNTEST 1000 TCK;
SDR 16 TDI (FFFF);
RUNTEST 1000 TCK;
SDR 16 TDI (FFFF);
RUNTEST 1000 TCK;
SDR 16 TDI (FFFF);
RUNTEST 1000 TCK;
SDR 16 TDI (BFFF);
RUNTEST 1000 TCK;
SDR 16 TDI (FFFF);
RUNTEST 1000 TCK;
SDR 16 TDI (FFFF);
RUNTEST 1000 TCK;
SDR 16 TDI (FFFF);
RUNTEST 1000 TCK;
SDR 16 TDI (7FFF);
RUNTEST 1000 TCK;
SDR 16 TDI (FFFF);
RUNTEST 1000 TCK;
SDR 16 TDI (FFFF);
RUNTEST 1000 TCK;
SDR 16 TDI (FFFF);
RUNTEST 1000 TCK;
SDR 16 TDI (BFFF);
RUNTEST 1000 TCK;
SDR 16 TDI (FFFF);
RUNTEST 1000 TCK;
SDR 16 TDI (FFFF);
RUNTEST 1000 TCK;
SDR 16 TDI (FFFF);
RUNTEST 1000 TCK;
SDR 16 TDI (7FFF);
RUNTEST 1000 TCK;
SDR 16 TDI (FFFF);
RUNTEST 1000 TCK;
SDR 16 TDI (FFFF);
RUNTEST 1000 TCK;
SDR 16 TDI (FFFF);
RUNTEST 1000 TCK;
SDR 16 TDI (BFFF);
RUNTEST 1000 TCK;
SDR 16 TDI (FFFF);
RUNTEST 1000 TCK;
SDR 16 TDI (FFFF);
RUNTEST 1000 TCK;
SDR 16 TDI (FFFF);
RUNTEST 1000 TCK;
SDR 16 TDI (7FFF);
RUNTEST 1000 TCK;
SDR 16 TDI (FFFF);
RUNTEST 1000 TCK;
SDR 16 TDI (FFFF);
RUNTEST 1000 TCK;
SDR 16 TDI (FFFF);
RUNTEST 1000 TCK;
SDR 16 TDI (B6FF);
RUNTEST 1000 TCK;
SDR 16 TDI (FFFF);
RUNTEST 1000 TCK;
SDR 16 TDI (FFFF);
RUNTEST 1000 TCK;
SDR 16 TDI (FFFF);
RUNTEST 1000 TCK;
SDR 16 TDI (5FFF);
RUNTEST 1000 TCK;
SDR 16 TDI (FFFF);
RUNTEST 1000 TCK;
SDR 16 TDI (FFFF);
RUNTEST 1000 TCK;
SDR 16 TDI (FFFF);
RUNTEST 1000 TCK;
SDR 16 TDI (BFFF);
RUNTEST 1000 TCK;
SDR 16 TDI (FFFF);
RUNTEST 1000 TCK;
SDR 16 TDI (FFFF);
RUNTEST 1000 TCK;
SDR 16 TDI (FFFF);
RUNTEST 1000 TCK;
SDR 16 TDI (7FFF);
RUNTEST 1000 TCK;
SDR 16 TDI (FFBF);
RUNTEST 1000 TCK;
SDR 16 TDI (FDFF);
RUNTEST 1000 TCK;
SDR 16 TDI (FFFF);
RUNTEST 1000 TCK;
SDR 16 TDI (BFFF);
RUNTEST 1000 TCK;
SDR 16 TDI (FFFF);
RUNTEST 1000 TCK;
SDR 16 TDI (FFFF);
RUNTEST 1000 TCK;
SDR 16 TDI (FFFF);
RUNTEST 1000 TCK;
SDR 16 TDI (7FFF);
RUNTEST 1000 TCK;
SDR 16 TDI (FFFF);
RUNTEST 1000 TCK;
SDR 16 TDI (FFFF);
RUNTEST 1000 TCK;
SDR 16 TDI (FFFF);
RUNTEST 1000 TCK;
SDR 16 TDI (BFFF);
RUNTEST 1000 TCK;
SDR 16 TDI (FFFF);
RUNTEST 1000 TCK;
SDR 16 TDI (FFFF);
RUNTEST 1000 TCK;
SDR 16 TDI (FFFF);
RUNTEST 1000 TCK;
SDR 16 TDI (7FFF);
RUNTEST 1000 TCK;
SDR 16 TDI (FFFF);
RUNTEST 1000 TCK;
SDR 16 TDI (FFFF);
RUNTEST 1000 TCK;
SDR 16 TDI (FD7F);
RUNTEST 1000 TCK;
SDR 16 TDI (BFFF);
RUNTEST 1000 TCK;
SDR 16 TDI (FFFF);
RUNTEST 1000 TCK;
SDR 16 TDI (FFFF);
RUNTEST 1000 TCK;
SDR 16 TDI (FFFF);
RUNTEST 1000 TCK;
SDR 16 TDI (7FFF);
RUNTEST 1000 TCK;
SDR 16 TDI (FFFF);
RUNTEST 1000 TCK;
SDR 16 TDI (FFFF);
RUNTEST 1000 TCK;
SDR 16 TDI (FFFF);
RUNTEST 1000 TCK;
SDR 16 TDI (BFFF);
RUNTEST 1000 TCK;
SDR 16 TDI (FFFF);
RUNTEST 1000 TCK;
SDR 16 TDI (FFFF);
RUNTEST 1000 TCK;
SDR 16 TDI (FFFF);
RUNTEST 1000 TCK;
SDR 16 TDI (7FFF);
RUNTEST 1000 TCK;
SDR 16 TDI (FFFF);
RUNTEST 1000 TCK;
SDR 16 TDI (BFFF);
RUNTEST 1000 TCK;
SDR 16 TDI (FFFF);
RUNTEST 1000 TCK;
SDR 16 TDI (BFFF);
RUNTEST 1000 TCK;
SDR 16 TDI (FFFF);
RUNTEST 1000 TCK;
SDR 16 TDI (FFFF);
RUNTEST 1000 TCK;
SDR 16 TDI (FFFF);
RUNTEST 1000 TCK;
SDR 16 TDI (7FFF);
RUNTEST 1000 TCK;
SDR 16 TDI (FFFF);
RUNTEST 1000 TCK;
SDR 16 TDI (FFFF);
RUNTEST 1000 TCK;
SDR 16 TDI (FFFF);
RUNTEST 1000 TCK;
SDR 16 TDI (BFFF);
RUNTEST 1000 TCK;
SDR 16 TDI (FFFF);
RUNTEST 1000 TCK;
SDR 16 TDI (FFFF);
RUNTEST 1000 TCK;
SDR 16 TDI (FFFF);
RUNTEST 1000 TCK;
SDR 16 TDI (7FFF);
RUNTEST 1000 TCK;
SDR 16 TDI (FFFF);
RUNTEST 1000 TCK;
SDR 16 TDI (FFFF);
RUNTEST 1000 TCK;
SDR 16 TDI (FFFF);
RUNTEST 1000 TCK;
SDR 16 TDI (AD5F);
RUNTEST 1000 TCK;
SDR 16 TDI (FFFF);
RUNTEST 1000 TCK;
SDR 16 TDI (FEFF);
RUNTEST 1000 TCK;
SDR 16 TDI (FFFF);
RUNTEST 1000 TCK;
SDR 16 TDI (7FFF);
RUNTEST 1000 TCK;
SDR 16 TDI (FF7F);
RUNTEST 1000 TCK;
SDR 16 TDI (FFFF);
RUNTEST 1000 TCK;
SDR 16 TDI (FFFF);
RUNTEST 1000 TCK;
SDR 16 TDI (BFBF);
RUNTEST 1000 TCK;
SDR 16 TDI (FFFF);
RUNTEST 1000 TCK;
SDR 16 TDI (FFFF);
RUNTEST 1000 TCK;
SDR 16 TDI (FEFF);
RUNTEST 1000 TCK;
SDR 16 TDI (7FFF);
RUNTEST 1000 TCK;
SDR 16 TDI (FE1E);
RUNTEST 1000 TCK;
SDR 16 TDI (1F7F);
RUNTEST 1000 TCK;
SDR 16 TDI (FFFF);
RUNTEST 1000 TCK;
SDR 16 TDI (BFFF);
RUNTEST 1000 TCK;
SDR 16 TDI (FFDF);
RUNTEST 1000 TCK;
SDR 16 TDI (FFFF);
RUNTEST 1000 TCK;
SDR 16 TDI (FFFF);
RUNTEST 1000 TCK;
SDR 16 TDI (7FEF);
RUNTEST 1000 TCK;
SDR 16 TDI (FFFF);
RUNTEST 1000 TCK;
SDR 16 TDI (FFFF);
RUNTEST 1000 TCK;
SDR 16 TDI (FFBF);
RUNTEST 1000 TCK;
SDR 16 TDI (9FFF);
RUNTEST 1000 TCK;
SDR 16 TDI (FFFF);
RUNTEST 1000 TCK;
SDR 16 TDI (FFDF);
RUNTEST 1000 TCK;
SDR 16 TDI (FFFF);
RUNTEST 1000 TCK;
SDR 16 TDI (7FFF);
RUNTEST 1000 TCK;
SDR 16 TDI (FFEF);
RUNTEST 1000 TCK;
SDR 16 TDI (FFFF);
RUNTEST 1000 TCK;
SDR 16 TDI (EA9F);
RUNTEST 1000 TCK;
SDR 16 TDI (AFFF);
RUNTEST 1000 TCK;
SDR 16 TDI (FFFF);
RUNTEST 1000 TCK;
SDR 16 TDI (FDFF);
RUNTEST 1000 TCK;
SDR 16 TDI (FFFF);
RUNTEST 1000 TCK;
SDR 16 TDI (7FFF);
RUNTEST 1000 TCK;
SDR 16 TDI (FEFF);
RUNTEST 1000 TCK;
SDR 16 TDI (FFFF);
RUNTEST 1000 TCK;
SDR 16 TDI (FFFF);
RUNTEST 1000 TCK;
SDR 16 TDI (BF7F);
RUNTEST 1000 TCK;
SDR 16 TDI (FFFF);
RUNTEST 1000 TCK;
SDR 16 TDI (FFFF);
RUNTEST 1000 TCK;
SDR 16 TDI (FDFF);
RUNTEST 1000 TCK;
SDR 16 TDI (7FFF);
RUNTEST 1000 TCK;
SDR 16 TDI (FE1E);
RUNTEST 1000 TCK;
SDR 16 TDI (1BFF);
RUNTEST 1000 TCK;
SDR 16 TDI (FFFF);
RUNTEST 1000 TCK;
SDR 16 TDI (BFFF);
RUNTEST 1000 TCK;
SDR 16 TDI (FFBF);
RUNTEST 1000 TCK;
SDR 16 TDI (FFFF);
RUNTEST 1000 TCK;
SDR 16 TDI (FFFF);
RUNTEST 1000 TCK;
SDR 16 TDI (5FDF);
RUNTEST 1000 TCK;
SDR 16 TDI (FFFF);
RUNTEST 1000 TCK;
SDR 16 TDI (FFFF);
RUNTEST 1000 TCK;
SDR 16 TDI (FF7F);
RUNTEST 1000 TCK;
SDR 16 TDI (BFFF);
RUNTEST 1000 TCK;
SDR 16 TDI (FFFF);
RUNTEST 1000 TCK;
SDR 16 TDI (FFBF);
RUNTEST 1000 TCK;
SDR 16 TDI (FFFF);
RUNTEST 1000 TCK;
SDR 16 TDI (7FFF);
RUNTEST 1000 TCK;
SDR 16 TDI (FFDF);
RUNTEST 1000 TCK;
SDR 16 TDI (FFFF);
RUNTEST 1000 TCK;
SDR 16 TDI (FFDF);
RUNTEST 1000 TCK;
SDR 16 TDI (B55F);
RUNTEST 1000 TCK;
SDR 16 TDI (FFFF);
RUNTEST 1000 TCK;
SDR 16 TDI (FFFF);
RUNTEST 1000 TCK;
SDR 16 TDI (FFFF);
RUNTEST 1000 TCK;
SDR 16 TDI (7FFF);
RUNTEST 1000 TCK;
SDR 16 TDI (FFFF);
RUNTEST 1000 TCK;
SDR 16 TDI (FFFF);
RUNTEST 1000 TCK;
SDR 16 TDI (FFFF);
RUNTEST 1000 TCK;
SDR 16 TDI (BFFF);
RUNTEST 1000 TCK;
SDR 16 TDI (FFFF);
RUNTEST 1000 TCK;
SDR 16 TDI (FFFF);
RUNTEST 1000 TCK;
SDR 16 TDI (FFFF);
RUNTEST 1000 TCK;
SDR 16 TDI (7FFF);
RUNTEST 1000 TCK;
SDR 16 TDI (FE1E);
RUNTEST 1000 TCK;
SDR 16 TDI (1FFF);
RUNTEST 1000 TCK;
SDR 16 TDI (FFFF);
RUNTEST 1000 TCK;
SDR 16 TDI (BFFF);
RUNTEST 1000 TCK;
SDR 16 TDI (FFFF);
RUNTEST 1000 TCK;
SDR 16 TDI (FFFF);
RUNTEST 1000 TCK;
SDR 16 TDI (FFFF);
RUNTEST 1000 TCK;
SDR 16 TDI (7FFF);
RUNTEST 1000 TCK;
SDR 16 TDI (FFFF);
RUNTEST 1000 TCK;
SDR 16 TDI (FFFF);
RUNTEST 1000 TCK;
SDR 16 TDI (FFFF);
RUNTEST 1000 TCK;
SDR 16 TDI (BFFF);
RUNTEST 1000 TCK;
SDR 16 TDI (FFFF);
RUNTEST 1000 TCK;
SDR 16 TDI (FFFF);
RUNTEST 1000 TCK;
SDR 16 TDI (FFFF);
RUNTEST 1000 TCK;
SDR 16 TDI (7FFF);
RUNTEST 1000 TCK;
SDR 16 TDI (FFFF);
RUNTEST 1000 TCK;
SDR 16 TDI (FFFF);
RUNTEST 1000 TCK;
SDR 16 TDI (EABF);
RUNTEST 1000 TCK;
SDR 16 TDI (BFFF);
RUNTEST 1000 TCK;
SDR 16 TDI (FFFF);
RUNTEST 1000 TCK;
SDR 16 TDI (FFFF);
RUNTEST 1000 TCK;
SDR 16 TDI (FFFF);
RUNTEST 1000 TCK;
SDR 16 TDI (7FFF);
RUNTEST 1000 TCK;
SDR 16 TDI (FFFF);
RUNTEST 1000 TCK;
SDR 16 TDI (FFFF);
RUNTEST 1000 TCK;
SDR 16 TDI (FFFF);
RUNTEST 1000 TCK;
SDR 16 TDI (BFFF);
RUNTEST 1000 TCK;
SDR 16 TDI (FFFF);
RUNTEST 1000 TCK;
SDR 16 TDI (FFFF);
RUNTEST 1000 TCK;
SDR 16 TDI (FFFF);
RUNTEST 1000 TCK;
SDR 16 TDI (7FFF);
RUNTEST 1000 TCK;
SDR 16 TDI (FE1E);
RUNTEST 1000 TCK;
SDR 16 TDI (1FFF);
RUNTEST 1000 TCK;
SDR 16 TDI (FFFF);
RUNTEST 1000 TCK;
SDR 16 TDI (BFFF);
RUNTEST 1000 TCK;
SDR 16 TDI (FFFF);
RUNTEST 1000 TCK;
SDR 16 TDI (FFFF);
RUNTEST 1000 TCK;
SDR 16 TDI (FFFF);
RUNTEST 1000 TCK;
SDR 16 TDI (7FFF);
RUNTEST 1000 TCK;
SDR 16 TDI (FFFF);
RUNTEST 1000 TCK;
SDR 16 TDI (FFFF);
RUNTEST 1000 TCK;
SDR 16 TDI (FFFF);
RUNTEST 1000 TCK;
SDR 16 TDI (BFFF);
RUNTEST 1000 TCK;
SDR 16 TDI (FFFF);
RUNTEST 1000 TCK;
SDR 16 TDI (FFFF);
RUNTEST 1000 TCK;
SDR 16 TDI (FFFF);
RUNTEST 1000 TCK;
SDR 16 TDI (7FFF);
RUNTEST 1000 TCK;
SDR 16 TDI (FFFF);
RUNTEST 1000 TCK;
SDR 16 TDI (FFFF);
RUNTEST 1000 TCK;
SDR 16 TDI (FFFF);
RUNTEST 1000 TCK;
SDR 16 TDI (BFFF);
RUNTEST 1000 TCK;
SDR 16 TDI (3333);
RUNTEST 1000 TCK;
SDR 16 TDI (1F33);
RUNTEST 1000 TCK;
SDR 16 TDI (333C);
RUNTEST 1000 TCK;
SDR 16 TDI (7999);
RUNTEST 1000 TCK;
SDR 16 TDI (8F99);
RUNTEST 1000 TCK;
SDR 16 TDI (999E);
RUNTEST 1000 TCK;
SDR 16 TDI (6666);
RUNTEST 1000 TCK;
SDR 16 TDI (A7CC);
RUNTEST 1000 TCK;
SDR 16 TDI (CCCF);
RUNTEST 1000 TCK;
SDR 16 TDI (3333);
RUNTEST 1000 TCK;
SDR 16 TDI (1F33);
RUNTEST 1000 TCK;
SDR 16 TDI (6667);
RUNTEST 1000 TCK;
SDR 16 TDI (99D9);
RUNTEST 1000 TCK;
SDR 16 TDI (CF99);
RUNTEST 1000 TCK;
SDR 16 TDI (999F);
RUNTEST 1000 TCK;
SDR 16 TDI (A666);
RUNTEST 1000 TCK;
SDR 16 TDI (63E6);
RUNTEST 1000 TCK;
SDR 16 TDI (6667);
RUNTEST 1000 TCK;
SDR 16 TDI (9999);
RUNTEST 1000 TCK;
SDR 16 TDI (71F3);
RUNTEST 1000 TCK;
SDR 16 TDI (3333);
RUNTEST 1000 TCK;
SDR 16 TDI (CCCC);
RUNTEST 1000 TCK;
SDR 16 TDI (C7CC);
RUNTEST 1000 TCK;
SDR 16 TDI (B999);
RUNTEST 1000 TCK;
SDR 16 TDI (E666);
RUNTEST 1000 TCK;
SDR 16 TDI (63E6);
RUNTEST 1000 TCK;
SDR 16 TDI (6667);
RUNTEST 1000 TCK;
SDR 16 TDI (7333);
RUNTEST 1000 TCK;
SDR 16 TDI (31F3);
RUNTEST 1000 TCK;
SDR 16 TDI (3333);
RUNTEST 1000 TCK;
SDR 16 TDI (F7FF);
RUNTEST 1000 TCK;
SDR 16 TDI (BFFF);
RUNTEST 1000 TCK;
SDR 16 TDI (7777);
RUNTEST 1000 TCK;
SDR 16 TDI (4ABB);
RUNTEST 1000 TCK;
SDR 16 TDI (BBBD);
RUNTEST 1000 TCK;
SDR 16 TDI (7BBB);
RUNTEST 1000 TCK;
SDR 16 TDI (A55D);
RUNTEST 1000 TCK;
SDR 16 TDI (DDDE);
RUNTEST 1000 TCK;
SDR 16 TDI (EEEE);
RUNTEST 1000 TCK;
SDR 16 TDI (B2AE);
RUNTEST 1000 TCK;
SDR 16 TDI (EEEF);
RUNTEST 1000 TCK;
SDR 16 TDI (7777);
RUNTEST 1000 TCK;
SDR 16 TDI (4ABB);
RUNTEST 1000 TCK;
SDR 16 TDI (7777);
RUNTEST 1000 TCK;
SDR 16 TDI (BB9B);
RUNTEST 1000 TCK;
SDR 16 TDI (955D);
RUNTEST 1000 TCK;
SDR 16 TDI (DDDF);
RUNTEST 1000 TCK;
SDR 16 TDI (AEEE);
RUNTEST 1000 TCK;
SDR 16 TDI (E957);
RUNTEST 1000 TCK;
SDR 16 TDI (7777);
RUNTEST 1000 TCK;
SDR 16 TDI (BBBB);
RUNTEST 1000 TCK;
SDR 16 TDI (74AB);
RUNTEST 1000 TCK;
SDR 16 TDI (BBBB);
RUNTEST 1000 TCK;
SDR 16 TDI (DDDD);
RUNTEST 1000 TCK;
SDR 16 TDI (D2AE);
RUNTEST 1000 TCK;
SDR 16 TDI (BDDD);
RUNTEST 1000 TCK;
SDR 16 TDI (EEEE);
RUNTEST 1000 TCK;
SDR 16 TDI (E957);
RUNTEST 1000 TCK;
SDR 16 TDI (7777);
RUNTEST 1000 TCK;
SDR 16 TDI (5777);
RUNTEST 1000 TCK;
SDR 16 TDI (74AB);
RUNTEST 1000 TCK;
SDR 16 TDI (BBBB);
RUNTEST 1000 TCK;
SDR 16 TDI (FFFF);
RUNTEST 1000 TCK;
SDR 16 TDI (BFFF);
RUNTEST 1000 TCK;
SDR 16 TDI (FFFF);
RUNTEST 1000 TCK;
SDR 16 TDI (FEFF);
RUNTEST 1000 TCK;
SDR 16 TDI (FFFF);
RUNTEST 1000 TCK;
SDR 16 TDI (7FFF);
RUNTEST 1000 TCK;
SDR 16 TDI (FF7F);
RUNTEST 1000 TCK;
SDR 16 TDI (FFFF);
RUNTEST 1000 TCK;
SDR 16 TDI (FFFF);
RUNTEST 1000 TCK;
SDR 16 TDI (BFBF);
RUNTEST 1000 TCK;
SDR 16 TDI (FFFF);
RUNTEST 1000 TCK;
SDR 16 TDI (FFFF);
RUNTEST 1000 TCK;
SDR 16 TDI (FEFF);
RUNTEST 1000 TCK;
SDR 16 TDI (7FFF);
RUNTEST 1000 TCK;
SDR 16 TDI (FEFE);
RUNTEST 1000 TCK;
SDR 16 TDI (FF7F);
RUNTEST 1000 TCK;
SDR 16 TDI (FFFF);
RUNTEST 1000 TCK;
SDR 16 TDI (BFFF);
RUNTEST 1000 TCK;
SDR 16 TDI (FFDF);
RUNTEST 1000 TCK;
SDR 16 TDI (FFFF);
RUNTEST 1000 TCK;
SDR 16 TDI (FFFF);
RUNTEST 1000 TCK;
SDR 16 TDI (7FEF);
RUNTEST 1000 TCK;
SDR 16 TDI (FFFF);
RUNTEST 1000 TCK;
SDR 16 TDI (FFFF);
RUNTEST 1000 TCK;
SDR 16 TDI (FFBF);
RUNTEST 1000 TCK;
SDR 16 TDI (BFFF);
RUNTEST 1000 TCK;
SDR 16 TDI (FFFF);
RUNTEST 1000 TCK;
SDR 16 TDI (FFDF);
RUNTEST 1000 TCK;
SDR 16 TDI (FFFF);
RUNTEST 1000 TCK;
SDR 16 TDI (7FFF);
RUNTEST 1000 TCK;
SDR 16 TDI (FFEF);
RUNTEST 1000 TCK;
SDR 16 TDI (FFFF);
RUNTEST 1000 TCK;
SDR 16 TDI (FFFF);
RUNTEST 1000 TCK;
SDR 16 TDI (BFFF);
RUNTEST 1000 TCK;
SDR 16 TDI (FFFF);
RUNTEST 1000 TCK;
SDR 16 TDI (FFFF);
RUNTEST 1000 TCK;
SDR 16 TDI (FFFF);
RUNTEST 1000 TCK;
SDR 16 TDI (7FFF);
RUNTEST 1000 TCK;
SDR 16 TDI (FFFF);
RUNTEST 1000 TCK;
SDR 16 TDI (FFFF);
RUNTEST 1000 TCK;
SDR 16 TDI (FFFF);
RUNTEST 1000 TCK;
SDR 16 TDI (BFFF);
RUNTEST 1000 TCK;
SDR 16 TDI (FFFF);
RUNTEST 1000 TCK;
SDR 16 TDI (FFFF);
RUNTEST 1000 TCK;
SDR 16 TDI (FFFF);
RUNTEST 1000 TCK;
SDR 16 TDI (7FFF);
RUNTEST 1000 TCK;
SDR 16 TDI (FFEF);
RUNTEST 1000 TCK;
SDR 16 TDI (FFFF);
RUNTEST 1000 TCK;
SDR 16 TDI (FFFF);
RUNTEST 1000 TCK;
SDR 16 TDI (BFDF);
RUNTEST 1000 TCK;
SDR 16 TDI (FFFF);
RUNTEST 1000 TCK;
SDR 16 TDI (FFFF);
RUNTEST 1000 TCK;
SDR 16 TDI (FFFF);
RUNTEST 1000 TCK;
SDR 16 TDI (7FFF);
RUNTEST 1000 TCK;
SDR 16 TDI (FFFF);
RUNTEST 1000 TCK;
SDR 16 TDI (FFFF);
RUNTEST 1000 TCK;
SDR 16 TDI (FFFF);
RUNTEST 1000 TCK;
SDR 16 TDI (BFFF);
RUNTEST 1000 TCK;
SDR 16 TDI (FFFF);
RUNTEST 1000 TCK;
SDR 16 TDI (FFFF);
RUNTEST 1000 TCK;
SDR 16 TDI (FFFF);
RUNTEST 1000 TCK;
SDR 16 TDI (7FFF);
RUNTEST 1000 TCK;
SDR 16 TDI (FFFF);
RUNTEST 1000 TCK;
SDR 16 TDI (FFFF);
RUNTEST 1000 TCK;
SDR 16 TDI (FFFF);
RUNTEST 1000 TCK;
SDR 16 TDI (BFFF);
RUNTEST 1000 TCK;
SDR 16 TDI (FFFF);
RUNTEST 1000 TCK;
SDR 16 TDI (FFFF);
RUNTEST 1000 TCK;
SDR 16 TDI (FFFF);
RUNTEST 1000 TCK;
SDR 16 TDI (7FFE);
RUNTEST 1000 TCK;
SDR 16 TDI (FFFF);
RUNTEST 1000 TCK;
SDR 16 TDI (FFFF);
RUNTEST 1000 TCK;
SDR 16 TDI (FFFF);
RUNTEST 1000 TCK;
SDR 16 TDI (BFFF);
RUNTEST 1000 TCK;
SDR 16 TDI (FFFF);
RUNTEST 1000 TCK;
SDR 16 TDI (FFFF);
RUNTEST 1000 TCK;
SDR 16 TDI (FFFF);
RUNTEST 1000 TCK;
SDR 16 TDI (7FFF);
RUNTEST 1000 TCK;
SDR 16 TDI (FFFF);
RUNTEST 1000 TCK;
SDR 16 TDI (FFF7);
RUNTEST 1000 TCK;
SDR 16 TDI (FFDF);
RUNTEST 1000 TCK;
SDR 16 TDI (9FFF);
RUNTEST 1000 TCK;
SDR 16 TDI (FFFF);
RUNTEST 1000 TCK;
SDR 16 TDI (FFFF);
RUNTEST 1000 TCK;
SDR 16 TDI (FFFF);
RUNTEST 1000 TCK;
SDR 16 TDI (7FFF);
RUNTEST 1000 TCK;
SDR 16 TDI (FFFF);
RUNTEST 1000 TCK;
SDR 16 TDI (F7FF);
RUNTEST 1000 TCK;
SDR 16 TDI (FFFF);
RUNTEST 1000 TCK;
SDR 16 TDI (BFFF);
RUNTEST 1000 TCK;
SDR 16 TDI (FFFF);
RUNTEST 1000 TCK;
SDR 16 TDI (FFFF);
RUNTEST 1000 TCK;
SDR 16 TDI (FFFF);
RUNTEST 1000 TCK;
SDR 16 TDI (7FFF);
RUNTEST 1000 TCK;
SDR 16 TDI (FFFF);
RUNTEST 1000 TCK;
SDR 16 TDI (FFFF);
RUNTEST 1000 TCK;
SDR 16 TDI (FEFF);
RUNTEST 1000 TCK;
SDR 16 TDI (AFFF);
RUNTEST 1000 TCK;
SDR 16 TDI (FFFF);
RUNTEST 1000 TCK;
SDR 16 TDI (FFFF);
RUNTEST 1000 TCK;
SDR 16 TDI (FFFF);
RUNTEST 1000 TCK;
SDR 16 TDI (7FFF);
RUNTEST 1000 TCK;
SDR 16 TDI (FFFF);
RUNTEST 1000 TCK;
SDR 16 TDI (FFFF);
RUNTEST 1000 TCK;
SDR 16 TDI (FFFF);
RUNTEST 1000 TCK;
SDR 16 TDI (BFFF);
RUNTEST 1000 TCK;
SDR 16 TDI (FFFF);
RUNTEST 1000 TCK;
SDR 16 TDI (FFFF);
RUNTEST 1000 TCK;
SDR 16 TDI (FFFF);
RUNTEST 1000 TCK;
SDR 16 TDI (7FFF);
RUNTEST 1000 TCK;
SDR 16 TDI (FFFF);
RUNTEST 1000 TCK;
SDR 16 TDI (FFF7);
RUNTEST 1000 TCK;
SDR 16 TDI (FFFF);
RUNTEST 1000 TCK;
SDR 16 TDI (BFFF);
RUNTEST 1000 TCK;
SDR 16 TDI (FFFF);
RUNTEST 1000 TCK;
SDR 16 TDI (FFFF);
RUNTEST 1000 TCK;
SDR 16 TDI (FFFF);
RUNTEST 1000 TCK;
SDR 16 TDI (7FFF);
RUNTEST 1000 TCK;
SDR 16 TDI (FFFF);
RUNTEST 1000 TCK;
SDR 16 TDI (FFFF);
RUNTEST 1000 TCK;
SDR 16 TDI (FFFF);
RUNTEST 1000 TCK;
SDR 16 TDI (BFFF);
RUNTEST 1000 TCK;
SDR 16 TDI (FFFF);
RUNTEST 1000 TCK;
SDR 16 TDI (FFFF);
RUNTEST 1000 TCK;
SDR 16 TDI (FFFF);
RUNTEST 1000 TCK;
SDR 16 TDI (7FFF);
RUNTEST 1000 TCK;
SDR 16 TDI (FFFF);
RUNTEST 1000 TCK;
SDR 16 TDI (FFFF);
RUNTEST 1000 TCK;
SDR 16 TDI (FFDF);
RUNTEST 1000 TCK;
SDR 16 TDI (AFFF);
RUNTEST 1000 TCK;
SDR 16 TDI (FFFF);
RUNTEST 1000 TCK;
SDR 16 TDI (FFFF);
RUNTEST 1000 TCK;
SDR 16 TDI (FFFF);
RUNTEST 1000 TCK;
SDR 16 TDI (7FFE);
RUNTEST 1000 TCK;
SDR 16 TDI (FFFF);
RUNTEST 1000 TCK;
SDR 16 TDI (FFFF);
RUNTEST 1000 TCK;
SDR 16 TDI (FFFF);
RUNTEST 1000 TCK;
SDR 16 TDI (9FFF);
RUNTEST 1000 TCK;
SDR 16 TDI (FFFF);
RUNTEST 1000 TCK;
SDR 16 TDI (FFFF);
RUNTEST 1000 TCK;
SDR 16 TDI (FFFF);
RUNTEST 1000 TCK;
SDR 16 TDI (7FFF);
RUNTEST 1000 TCK;
SDR 16 TDI (FFEF);
RUNTEST 1000 TCK;
SDR 16 TDI (FFFF);
RUNTEST 1000 TCK;
SDR 16 TDI (FFDF);
RUNTEST 1000 TCK;
SDR 16 TDI (BFDF);
RUNTEST 1000 TCK;
SDR 16 TDI (FFFF);
RUNTEST 1000 TCK;
SDR 16 TDI (FFFF);
RUNTEST 1000 TCK;
SDR 16 TDI (FFFF);
RUNTEST 1000 TCK;
SDR 16 TDI (7FFF);
RUNTEST 1000 TCK;
SDR 16 TDI (FFFF);
RUNTEST 1000 TCK;
SDR 16 TDI (FBFF);
RUNTEST 1000 TCK;
SDR 16 TDI (FFFF);
RUNTEST 1000 TCK;
SDR 16 TDI (BFFF);
RUNTEST 1000 TCK;
SDR 16 TDI (FFFF);
RUNTEST 1000 TCK;
SDR 16 TDI (FFFF);
RUNTEST 1000 TCK;
SDR 16 TDI (FFFF);
RUNTEST 1000 TCK;
SDR 16 TDI (7FFF);
RUNTEST 1000 TCK;
SDR 16 TDI (FFFF);
RUNTEST 1000 TCK;
SDR 16 TDI (FFFF);
RUNTEST 1000 TCK;
SDR 16 TDI (FFDF);
RUNTEST 1000 TCK;
SDR 16 TDI (BFFF);
RUNTEST 1000 TCK;
SDR 16 TDI (FFFF);
RUNTEST 1000 TCK;
SDR 16 TDI (FFFF);
RUNTEST 1000 TCK;
SDR 16 TDI (FFFF);
RUNTEST 1000 TCK;
SDR 16 TDI (5FFF);
RUNTEST 1000 TCK;
SDR 16 TDI (FFFF);
RUNTEST 1000 TCK;
SDR 16 TDI (FFFF);
RUNTEST 1000 TCK;
SDR 16 TDI (FFFF);
RUNTEST 1000 TCK;
SDR 16 TDI (BFFF);
RUNTEST 1000 TCK;
SDR 16 TDI (FFFF);
RUNTEST 1000 TCK;
SDR 16 TDI (FFFF);
RUNTEST 1000 TCK;
SDR 16 TDI (FFFF);
RUNTEST 1000 TCK;
SDR 16 TDI (7FFF);
RUNTEST 1000 TCK;
SDR 16 TDI (FFFF);
RUNTEST 1000 TCK;
SDR 16 TDI (FFFF);
RUNTEST 1000 TCK;
SDR 16 TDI (FFFF);
RUNTEST 1000 TCK;
SDR 16 TDI (BFFF);
RUNTEST 1000 TCK;
SDR 16 TDI (FFFF);
RUNTEST 1000 TCK;
SDR 16 TDI (FFFF);
RUNTEST 1000 TCK;
SDR 16 TDI (FFFF);
RUNTEST 1000 TCK;
SDR 16 TDI (7FFF);
RUNTEST 1000 TCK;
SDR 16 TDI (FFFF);
RUNTEST 1000 TCK;
SDR 16 TDI (FFFF);
RUNTEST 1000 TCK;
SDR 16 TDI (FFFF);
RUNTEST 1000 TCK;
SDR 16 TDI (BFFF);
RUNTEST 1000 TCK;
SDR 16 TDI (FFFF);
RUNTEST 1000 TCK;
SDR 16 TDI (FFFF);
RUNTEST 1000 TCK;
SDR 16 TDI (FFFF);
RUNTEST 1000 TCK;
SDR 16 TDI (7FFF);
RUNTEST 1000 TCK;
SDR 16 TDI (FFFF);
RUNTEST 1000 TCK;
SDR 16 TDI (FFFF);
RUNTEST 1000 TCK;
SDR 16 TDI (FFFF);
RUNTEST 1000 TCK;
SDR 16 TDI (9FFF);
RUNTEST 1000 TCK;
SDR 16 TDI (FFFF);
RUNTEST 1000 TCK;
SDR 16 TDI (FFFF);
RUNTEST 1000 TCK;
SDR 16 TDI (FFFF);
RUNTEST 1000 TCK;
SDR 16 TDI (7FFF);
RUNTEST 1000 TCK;
SDR 16 TDI (FFFF);
RUNTEST 1000 TCK;
SDR 16 TDI (FFFF);
RUNTEST 1000 TCK;
SDR 16 TDI (FFFF);
RUNTEST 1000 TCK;
SDR 16 TDI (BFFF);
RUNTEST 1000 TCK;
SDR 16 TDI (FFBF);
RUNTEST 1000 TCK;
SDR 16 TDI (FFFF);
RUNTEST 1000 TCK;
SDR 16 TDI (FFFF);
RUNTEST 1000 TCK;
SDR 16 TDI (7FFF);
RUNTEST 1000 TCK;
SDR 16 TDI (FFFF);
RUNTEST 1000 TCK;
SDR 16 TDI (FFFF);
RUNTEST 1000 TCK;
SDR 16 TDI (FFFB);
RUNTEST 1000 TCK;
SDR 16 TDI (BFFF);
RUNTEST 1000 TCK;
SDR 16 TDI (FFFF);
RUNTEST 1000 TCK;
SDR 16 TDI (FFFF);
RUNTEST 1000 TCK;
SDR 16 TDI (FFFF);
RUNTEST 1000 TCK;
SDR 16 TDI (7FFF);
RUNTEST 1000 TCK;
SDR 16 TDI (FFFF);
RUNTEST 1000 TCK;
SDR 16 TDI (FFFF);
RUNTEST 1000 TCK;
SDR 16 TDI (FFFF);
RUNTEST 1000 TCK;
SDR 16 TDI (BFFF);
RUNTEST 1000 TCK;
SDR 16 TDI (FFFF);
RUNTEST 1000 TCK;
SDR 16 TDI (FFFF);
RUNTEST 1000 TCK;
SDR 16 TDI (FFFF);
RUNTEST 1000 TCK;
SDR 16 TDI (7FFF);
RUNTEST 1000 TCK;
SDR 16 TDI (FFFF);
RUNTEST 1000 TCK;
SDR 16 TDI (FFFF);
RUNTEST 1000 TCK;
SDR 16 TDI (FFFF);
RUNTEST 1000 TCK;
SDR 16 TDI (BFFF);
RUNTEST 1000 TCK;
SDR 16 TDI (FFFF);
RUNTEST 1000 TCK;
SDR 16 TDI (FFFF);
RUNTEST 1000 TCK;
SDR 16 TDI (FFFF);
RUNTEST 1000 TCK;
SDR 16 TDI (7FFF);
RUNTEST 1000 TCK;
SDR 16 TDI (FFFF);
RUNTEST 1000 TCK;
SDR 16 TDI (FFFF);
RUNTEST 1000 TCK;
SDR 16 TDI (FFFF);
RUNTEST 1000 TCK;
SDR 16 TDI (BFFF);
RUNTEST 1000 TCK;
SDR 16 TDI (FFBF);
RUNTEST 1000 TCK;
SDR 16 TDI (FFFF);
RUNTEST 1000 TCK;
SDR 16 TDI (FFFF);
RUNTEST 1000 TCK;
SDR 16 TDI (7FFF);
RUNTEST 1000 TCK;
SDR 16 TDI (FFFF);
RUNTEST 1000 TCK;
SDR 16 TDI (FFFF);
RUNTEST 1000 TCK;
SDR 16 TDI (FFFB);
RUNTEST 1000 TCK;
SDR 16 TDI (BFFF);
RUNTEST 1000 TCK;
SDR 16 TDI (FFFF);
RUNTEST 1000 TCK;
SDR 16 TDI (FFFF);
RUNTEST 1000 TCK;
SDR 16 TDI (FFFF);
RUNTEST 1000 TCK;
SDR 16 TDI (7FFF);
RUNTEST 1000 TCK;
SDR 16 TDI (FFFF);
RUNTEST 1000 TCK;
SDR 16 TDI (FFFF);
RUNTEST 1000 TCK;
SDR 16 TDI (FFFF);
RUNTEST 1000 TCK;
SDR 16 TDI (BFFF);
RUNTEST 1000 TCK;
SDR 16 TDI (FFFF);
RUNTEST 1000 TCK;
SDR 16 TDI (FFFF);
RUNTEST 1000 TCK;
SDR 16 TDI (FFFF);
RUNTEST 1000 TCK;
SDR 16 TDI (7FFF);
RUNTEST 1000 TCK;
SDR 16 TDI (FFFF);
RUNTEST 1000 TCK;
SDR 16 TDI (FFFF);
RUNTEST 1000 TCK;
SDR 16 TDI (FFFF);
RUNTEST 1000 TCK;
SDR 16 TDI (BFFF);
RUNTEST 1000 TCK;
SDR 16 TDI (FFFF);
RUNTEST 1000 TCK;
SDR 16 TDI (FFFF);
RUNTEST 1000 TCK;
SDR 16 TDI (FFFF);
RUNTEST 1000 TCK;
SDR 16 TDI (7FFF);
RUNTEST 1000 TCK;
SDR 16 TDI (FFFF);
RUNTEST 1000 TCK;
SDR 16 TDI (FFFF);
RUNTEST 1000 TCK;
SDR 16 TDI (FFFF);
RUNTEST 1000 TCK;
SDR 16 TDI (BFFF);
RUNTEST 1000 TCK;
SDR 16 TDI (FFFF);
RUNTEST 1000 TCK;
SDR 16 TDI (FFFF);
RUNTEST 1000 TCK;
SDR 16 TDI (FFFF);
RUNTEST 1000 TCK;
SDR 16 TDI (7FFF);
RUNTEST 1000 TCK;
SDR 16 TDI (FFFF);
RUNTEST 1000 TCK;
SDR 16 TDI (FFFF);
RUNTEST 1000 TCK;
SDR 16 TDI (FFFF);
RUNTEST 1000 TCK;
SDR 16 TDI (BFFF);
RUNTEST 1000 TCK;
SDR 16 TDI (FFFF);
RUNTEST 1000 TCK;
SDR 16 TDI (FFFF);
RUNTEST 1000 TCK;
SDR 16 TDI (FFFF);
RUNTEST 1000 TCK;
SDR 16 TDI (7FFF);
RUNTEST 1000 TCK;
SDR 16 TDI (FFFF);
RUNTEST 1000 TCK;
SDR 16 TDI (FFFF);
RUNTEST 1000 TCK;
SDR 16 TDI (FFFF);
RUNTEST 1000 TCK;
SDR 16 TDI (BFFF);
RUNTEST 1000 TCK;
SDR 16 TDI (FFFF);
RUNTEST 1000 TCK;
SDR 16 TDI (FFFF);
RUNTEST 1000 TCK;
SDR 16 TDI (FFFF);
RUNTEST 1000 TCK;
SDR 16 TDI (7FFF);
RUNTEST 1000 TCK;
SDR 16 TDI (FFFF);
RUNTEST 1000 TCK;
SDR 16 TDI (FFFF);
RUNTEST 1000 TCK;
SDR 16 TDI (FFFF);
RUNTEST 1000 TCK;
SDR 16 TDI (BFFF);
RUNTEST 1000 TCK;
SDR 16 TDI (FFFF);
RUNTEST 1000 TCK;
SDR 16 TDI (FFFF);
RUNTEST 1000 TCK;
SDR 16 TDI (FFFF);
RUNTEST 1000 TCK;
SDR 16 TDI (7FFF);
RUNTEST 1000 TCK;
SDR 16 TDI (FFFF);
RUNTEST 1000 TCK;
SDR 16 TDI (FFFF);
RUNTEST 1000 TCK;
SDR 16 TDI (FFFF);
RUNTEST 1000 TCK;
SDR 16 TDI (BFFF);
RUNTEST 1000 TCK;
SDR 16 TDI (FFFF);
RUNTEST 1000 TCK;
SDR 16 TDI (FFFF);
RUNTEST 1000 TCK;
SDR 16 TDI (FFFF);
RUNTEST 1000 TCK;
SDR 16 TDI (7FFF);
RUNTEST 1000 TCK;
SDR 16 TDI (FFFF);
RUNTEST 1000 TCK;
SDR 16 TDI (FFFF);
RUNTEST 1000 TCK;
SDR 16 TDI (FFFB);
RUNTEST 1000 TCK;
SDR 16 TDI (9FFF);
RUNTEST 1000 TCK;
SDR 16 TDI (FFFF);
RUNTEST 1000 TCK;
SDR 16 TDI (FFFF);
RUNTEST 1000 TCK;
SDR 16 TDI (FFFF);
RUNTEST 1000 TCK;
SDR 16 TDI (7FFF);
RUNTEST 1000 TCK;
SDR 16 TDI (FFFF);
RUNTEST 1000 TCK;
SDR 16 TDI (FFFF);
RUNTEST 1000 TCK;
SDR 16 TDI (FFFF);
RUNTEST 1000 TCK;
SDR 16 TDI (BFFF);
RUNTEST 1000 TCK;
SDR 16 TDI (FFFF);
RUNTEST 1000 TCK;
SDR 16 TDI (FFFF);
RUNTEST 1000 TCK;
SDR 16 TDI (FFFF);
RUNTEST 1000 TCK;
SDR 16 TDI (7FFF);
RUNTEST 1000 TCK;
SDR 16 TDI (FFFF);
RUNTEST 1000 TCK;
SDR 16 TDI (FFFF);
RUNTEST 1000 TCK;
SDR 16 TDI (FFFF);
RUNTEST 1000 TCK;
SDR 16 TDI (BFFF);
RUNTEST 1000 TCK;
SDR 16 TDI (FFFF);
RUNTEST 1000 TCK;
SDR 16 TDI (FFFF);
RUNTEST 1000 TCK;
SDR 16 TDI (FFFF);
RUNTEST 1000 TCK;
SDR 16 TDI (7FFF);
RUNTEST 1000 TCK;
SDR 16 TDI (FFFF);
RUNTEST 1000 TCK;
SDR 16 TDI (FFFF);
RUNTEST 1000 TCK;
SDR 16 TDI (FFFF);
RUNTEST 1000 TCK;
SDR 16 TDI (BFFF);
RUNTEST 1000 TCK;
SDR 16 TDI (FFFF);
RUNTEST 1000 TCK;
SDR 16 TDI (FFFF);
RUNTEST 1000 TCK;
SDR 16 TDI (FFFF);
RUNTEST 1000 TCK;
SDR 16 TDI (7FFF);
RUNTEST 1000 TCK;
SDR 16 TDI (FFFF);
RUNTEST 1000 TCK;
SDR 16 TDI (FFFF);
RUNTEST 1000 TCK;
SDR 16 TDI (FFFB);
RUNTEST 1000 TCK;
SDR 16 TDI (BFFF);
RUNTEST 1000 TCK;
SDR 16 TDI (FFFF);
RUNTEST 1000 TCK;
SDR 16 TDI (FFFF);
RUNTEST 1000 TCK;
SDR 16 TDI (FFFF);
RUNTEST 1000 TCK;
SDR 16 TDI (7FFF);
RUNTEST 1000 TCK;
SDR 16 TDI (FFFF);
RUNTEST 1000 TCK;
SDR 16 TDI (FFFF);
RUNTEST 1000 TCK;
SDR 16 TDI (FFFF);
RUNTEST 1000 TCK;
SDR 16 TDI (BFFF);
RUNTEST 1000 TCK;
SDR 16 TDI (FFFF);
RUNTEST 1000 TCK;
SDR 16 TDI (FFFF);
RUNTEST 1000 TCK;
SDR 16 TDI (FFFF);
RUNTEST 1000 TCK;
SDR 16 TDI (7FFF);
RUNTEST 1000 TCK;
SDR 16 TDI (FFFF);
RUNTEST 1000 TCK;
SDR 16 TDI (FFFF);
RUNTEST 1000 TCK;
SDR 16 TDI (FFFF);
RUNTEST 1000 TCK;
SDR 16 TDI (BFFF);
RUNTEST 1000 TCK;
SDR 16 TDI (FFFF);
RUNTEST 1000 TCK;
SDR 16 TDI (FFFF);
RUNTEST 1000 TCK;
SDR 16 TDI (FFFF);
RUNTEST 1000 TCK;
SDR 16 TDI (7FFF);
RUNTEST 1000 TCK;
SDR 16 TDI (FFFF);
RUNTEST 1000 TCK;
SDR 16 TDI (FFFF);
RUNTEST 1000 TCK;
SDR 16 TDI (FFFF);
RUNTEST 1000 TCK;
SDR 16 TDI (BFFF);
RUNTEST 1000 TCK;
SDR 16 TDI (FFFF);
RUNTEST 1000 TCK;
SDR 16 TDI (FFFF);
RUNTEST 1000 TCK;
SDR 16 TDI (FFFF);
RUNTEST 1000 TCK;
SDR 16 TDI (7FFF);
RUNTEST 1000 TCK;
SDR 16 TDI (FFFF);
RUNTEST 1000 TCK;
SDR 16 TDI (FFFF);
RUNTEST 1000 TCK;
SDR 16 TDI (FFFF);
RUNTEST 1000 TCK;
SDR 16 TDI (BFFF);
RUNTEST 1000 TCK;
SDR 16 TDI (FFFF);
RUNTEST 1000 TCK;
SDR 16 TDI (FFFF);
RUNTEST 1000 TCK;
SDR 16 TDI (FFFF);
RUNTEST 1000 TCK;
SDR 16 TDI (7FFF);
RUNTEST 1000 TCK;
SDR 16 TDI (FFFF);
RUNTEST 1000 TCK;
SDR 16 TDI (FFFF);
RUNTEST 1000 TCK;
SDR 16 TDI (FFFF);
RUNTEST 1000 TCK;
SDR 16 TDI (9FFF);
RUNTEST 1000 TCK;
SDR 16 TDI (FFFF);
RUNTEST 1000 TCK;
SDR 16 TDI (FFFF);
RUNTEST 1000 TCK;
SDR 16 TDI (FFFF);
RUNTEST 1000 TCK;
SDR 16 TDI (7FFF);
RUNTEST 1000 TCK;
SDR 16 TDI (FFFF);
RUNTEST 1000 TCK;
SDR 16 TDI (FFFF);
RUNTEST 1000 TCK;
SDR 16 TDI (FFFF);
RUNTEST 1000 TCK;
SDR 16 TDI (BFFF);
RUNTEST 1000 TCK;
SDR 16 TDI (FFFF);
RUNTEST 1000 TCK;
SDR 16 TDI (FFFF);
RUNTEST 1000 TCK;
SDR 16 TDI (FFFF);
RUNTEST 1000 TCK;
SDR 16 TDI (7FFF);
RUNTEST 1000 TCK;
SDR 16 TDI (FFFF);
RUNTEST 1000 TCK;
SDR 16 TDI (FFFF);
RUNTEST 1000 TCK;
SDR 16 TDI (FFFF);
RUNTEST 1000 TCK;
SDR 16 TDI (BFFF);
RUNTEST 1000 TCK;
SDR 16 TDI (FFFF);
RUNTEST 1000 TCK;
SDR 16 TDI (FFFF);
RUNTEST 1000 TCK;
SDR 16 TDI (FFFF);
RUNTEST 1000 TCK;
SDR 16 TDI (7FFF);
RUNTEST 1000 TCK;
SDR 16 TDI (FFFF);
RUNTEST 1000 TCK;
SDR 16 TDI (FFFF);
RUNTEST 1000 TCK;
SDR 16 TDI (FFFF);
RUNTEST 1000 TCK;
SDR 16 TDI (BFFF);
RUNTEST 1000 TCK;
SDR 16 TDI (FFFF);
RUNTEST 1000 TCK;
SDR 16 TDI (FFFF);
RUNTEST 1000 TCK;
SDR 16 TDI (FFFF);
RUNTEST 1000 TCK;
SDR 16 TDI (7FFF);
RUNTEST 1000 TCK;
SDR 16 TDI (FFFF);
RUNTEST 1000 TCK;
SDR 16 TDI (FFFF);
RUNTEST 1000 TCK;
SDR 16 TDI (FFFF);
RUNTEST 1000 TCK;
SDR 16 TDI (BFFF);
RUNTEST 1000 TCK;
SDR 16 TDI (FFFF);
RUNTEST 1000 TCK;
SDR 16 TDI (FFFF);
RUNTEST 1000 TCK;
SDR 16 TDI (FFFF);
RUNTEST 1000 TCK;
SDR 16 TDI (7FFF);
RUNTEST 1000 TCK;
SDR 16 TDI (FFFF);
RUNTEST 1000 TCK;
SDR 16 TDI (FFFF);
RUNTEST 1000 TCK;
SDR 16 TDI (FFFF);
RUNTEST 1000 TCK;
SDR 16 TDI (BF7F);
RUNTEST 1000 TCK;
SDR 16 TDI (FFFF);
RUNTEST 1000 TCK;
SDR 16 TDI (FFFF);
RUNTEST 1000 TCK;
SDR 16 TDI (FFFF);
RUNTEST 1000 TCK;
SDR 16 TDI (7FFF);
RUNTEST 1000 TCK;
SDR 16 TDI (FFFF);
RUNTEST 1000 TCK;
SDR 16 TDI (FFFF);
RUNTEST 1000 TCK;
SDR 16 TDI (FFFF);
RUNTEST 1000 TCK;
SDR 16 TDI (BFFF);
RUNTEST 1000 TCK;
SDR 16 TDI (FFFF);
RUNTEST 1000 TCK;
SDR 16 TDI (FFFF);
RUNTEST 1000 TCK;
SDR 16 TDI (FFFF);
RUNTEST 1000 TCK;
SDR 16 TDI (7FFF);
RUNTEST 1000 TCK;
SDR 16 TDI (FFFF);
RUNTEST 1000 TCK;
SDR 16 TDI (FFFF);
RUNTEST 1000 TCK;
SDR 16 TDI (FFFF);
RUNTEST 1000 TCK;
SDR 16 TDI (BFFF);
RUNTEST 1000 TCK;
SDR 16 TDI (FFFF);
RUNTEST 1000 TCK;
SDR 16 TDI (FFFF);
RUNTEST 1000 TCK;
SDR 16 TDI (FFFF);
RUNTEST 1000 TCK;
SDR 16 TDI (7FFF);
RUNTEST 1000 TCK;
SDR 16 TDI (FFFF);
RUNTEST 1000 TCK;
SDR 16 TDI (FFFF);
RUNTEST 1000 TCK;
SDR 16 TDI (FFFF);
RUNTEST 1000 TCK;
SDR 16 TDI (BFFF);
RUNTEST 1000 TCK;
SDR 16 TDI (FFFF);
RUNTEST 1000 TCK;
SDR 16 TDI (FFFF);
RUNTEST 1000 TCK;
SDR 16 TDI (FFFF);
RUNTEST 1000 TCK;
SDR 16 TDI (7FFF);
RUNTEST 1000 TCK;
SDR 16 TDI (FFFF);
RUNTEST 1000 TCK;
SDR 16 TDI (FFFF);
RUNTEST 1000 TCK;
SDR 16 TDI (EA9F);
RUNTEST 1000 TCK;
SDR 16 TDI (BBFF);
RUNTEST 1000 TCK;
SDR 16 TDI (FFFF);
RUNTEST 1000 TCK;
SDR 16 TDI (FFFF);
RUNTEST 1000 TCK;
SDR 16 TDI (FFFF);
RUNTEST 1000 TCK;
SDR 16 TDI (5FFF);
RUNTEST 1000 TCK;
SDR 16 TDI (FFFF);
RUNTEST 1000 TCK;
SDR 16 TDI (FFFF);
RUNTEST 1000 TCK;
SDR 16 TDI (FFFF);
RUNTEST 1000 TCK;
SDR 16 TDI (BFFF);
RUNTEST 1000 TCK;
SDR 16 TDI (FFFF);
RUNTEST 1000 TCK;
SDR 16 TDI (FFFF);
RUNTEST 1000 TCK;
SDR 16 TDI (FFFF);
RUNTEST 1000 TCK;
SDR 16 TDI (7FFF);
RUNTEST 1000 TCK;
SDR 16 TDI (FFFF);
RUNTEST 1000 TCK;
SDR 16 TDI (FFFF);
RUNTEST 1000 TCK;
SDR 16 TDI (FFFF);
RUNTEST 1000 TCK;
SDR 16 TDI (BFFF);
RUNTEST 1000 TCK;
SDR 16 TDI (FFFF);
RUNTEST 1000 TCK;
SDR 16 TDI (FFFF);
RUNTEST 1000 TCK;
SDR 16 TDI (FFFF);
RUNTEST 1000 TCK;
SDR 16 TDI (7FFF);
RUNTEST 1000 TCK;
SDR 16 TDI (FFFF);
RUNTEST 1000 TCK;
SDR 16 TDI (FFFF);
RUNTEST 1000 TCK;
SDR 16 TDI (FFFF);
RUNTEST 1000 TCK;
SDR 16 TDI (BFFF);
RUNTEST 1000 TCK;
SDR 16 TDI (FFFF);
RUNTEST 1000 TCK;
SDR 16 TDI (FFFF);
RUNTEST 1000 TCK;
SDR 16 TDI (FFFF);
RUNTEST 1000 TCK;
SDR 16 TDI (7FFF);
RUNTEST 1000 TCK;
SDR 16 TDI (FFFF);
RUNTEST 1000 TCK;
SDR 16 TDI (FFFF);
RUNTEST 1000 TCK;
SDR 16 TDI (FFDF);
RUNTEST 1000 TCK;
SDR 16 TDI (AF7F);
RUNTEST 1000 TCK;
SDR 16 TDI (FFFF);
RUNTEST 1000 TCK;
SDR 16 TDI (FFFF);
RUNTEST 1000 TCK;
SDR 16 TDI (FFFF);
RUNTEST 1000 TCK;
SDR 16 TDI (7FFF);
RUNTEST 1000 TCK;
SDR 16 TDI (FFFF);
RUNTEST 1000 TCK;
SDR 16 TDI (FFFF);
RUNTEST 1000 TCK;
SDR 16 TDI (FFFF);
RUNTEST 1000 TCK;
SDR 16 TDI (BFFF);
RUNTEST 1000 TCK;
SDR 16 TDI (FFFF);
RUNTEST 1000 TCK;
SDR 16 TDI (FFFF);
RUNTEST 1000 TCK;
SDR 16 TDI (FFFF);
RUNTEST 1000 TCK;
SDR 16 TDI (7FFF);
RUNTEST 1000 TCK;
SDR 16 TDI (FFFF);
RUNTEST 1000 TCK;
SDR 16 TDI (FFFF);
RUNTEST 1000 TCK;
SDR 16 TDI (FFFF);
RUNTEST 1000 TCK;
SDR 16 TDI (BFFF);
RUNTEST 1000 TCK;
SDR 16 TDI (FFFF);
RUNTEST 1000 TCK;
SDR 16 TDI (FFFF);
RUNTEST 1000 TCK;
SDR 16 TDI (FFFF);
RUNTEST 1000 TCK;
SDR 16 TDI (7FFF);
RUNTEST 1000 TCK;
SDR 16 TDI (FFFF);
RUNTEST 1000 TCK;
SDR 16 TDI (FFFF);
RUNTEST 1000 TCK;
SDR 16 TDI (FFFF);
RUNTEST 1000 TCK;
SDR 16 TDI (BFFF);
RUNTEST 1000 TCK;
SDR 16 TDI (FFFF);
RUNTEST 1000 TCK;
SDR 16 TDI (FFFF);
RUNTEST 1000 TCK;
SDR 16 TDI (FFFF);
RUNTEST 1000 TCK;
SDR 16 TDI (7FFF);
RUNTEST 1000 TCK;
SDR 16 TDI (FFFF);
RUNTEST 1000 TCK;
SDR 16 TDI (FFFF);
RUNTEST 1000 TCK;
SDR 16 TDI (EA9F);
RUNTEST 1000 TCK;
SDR 16 TDI (A7FF);
RUNTEST 1000 TCK;
SDR 16 TDI (FFFF);
RUNTEST 1000 TCK;
SDR 16 TDI (FFFF);
RUNTEST 1000 TCK;
SDR 16 TDI (FFFF);
RUNTEST 1000 TCK;
SDR 16 TDI (7FFF);
RUNTEST 1000 TCK;
SDR 16 TDI (FFFF);
RUNTEST 1000 TCK;
SDR 16 TDI (FFFF);
RUNTEST 1000 TCK;
SDR 16 TDI (FFFF);
RUNTEST 1000 TCK;
SDR 16 TDI (9FFF);
RUNTEST 1000 TCK;
SDR 16 TDI (FFFF);
RUNTEST 1000 TCK;
SDR 16 TDI (FFFF);
RUNTEST 1000 TCK;
SDR 16 TDI (FFFF);
RUNTEST 1000 TCK;
SDR 16 TDI (7FFF);
RUNTEST 1000 TCK;
SDR 16 TDI (FFFF);
RUNTEST 1000 TCK;
SDR 16 TDI (FFFF);
RUNTEST 1000 TCK;
SDR 16 TDI (FFFF);
RUNTEST 1000 TCK;
SDR 16 TDI (BFFF);
RUNTEST 1000 TCK;
SDR 16 TDI (FFFF);
RUNTEST 1000 TCK;
SDR 16 TDI (FFFF);
RUNTEST 1000 TCK;
SDR 16 TDI (FFFF);
RUNTEST 1000 TCK;
SDR 16 TDI (7FFF);
RUNTEST 1000 TCK;
SDR 16 TDI (FFFF);
RUNTEST 1000 TCK;
SDR 16 TDI (FFFF);
RUNTEST 1000 TCK;
SDR 16 TDI (FFFF);
RUNTEST 1000 TCK;
SDR 16 TDI (BFFF);
RUNTEST 1000 TCK;
SDR 16 TDI (FFFF);
RUNTEST 1000 TCK;
SDR 16 TDI (FFFF);
RUNTEST 1000 TCK;
SDR 16 TDI (FFFF);
RUNTEST 1000 TCK;
SDR 16 TDI (7FFF);
RUNTEST 1000 TCK;
SDR 16 TDI (FFFF);
RUNTEST 1000 TCK;
SDR 16 TDI (FFFF);
RUNTEST 1000 TCK;
SDR 16 TDI (DD5F);
RUNTEST 1000 TCK;
SDR 16 TDI (BFFF);
RUNTEST 1000 TCK;
SDR 16 TDI (FFFF);
RUNTEST 1000 TCK;
SDR 16 TDI (FFFF);
RUNTEST 1000 TCK;
SDR 16 TDI (FFFF);
RUNTEST 1000 TCK;
SDR 16 TDI (7FFF);
RUNTEST 1000 TCK;
SDR 16 TDI (FFFF);
RUNTEST 1000 TCK;
SDR 16 TDI (FFFF);
RUNTEST 1000 TCK;
SDR 16 TDI (FFFF);
RUNTEST 1000 TCK;
SDR 16 TDI (BFFF);
RUNTEST 1000 TCK;
SDR 16 TDI (FFFF);
RUNTEST 1000 TCK;
SDR 16 TDI (FFFF);
RUNTEST 1000 TCK;
SDR 16 TDI (FFFF);
RUNTEST 1000 TCK;
SDR 16 TDI (7FFF);
RUNTEST 1000 TCK;
SDR 16 TDI (FFFF);
RUNTEST 1000 TCK;
SDR 16 TDI (FFFF);
RUNTEST 1000 TCK;
SDR 16 TDI (FFFF);
RUNTEST 1000 TCK;
SDR 16 TDI (BFFF);
RUNTEST 1000 TCK;
SDR 16 TDI (FFFF);
RUNTEST 1000 TCK;
SDR 16 TDI (FFFF);
RUNTEST 1000 TCK;
SDR 16 TDI (FFFF);
RUNTEST 1000 TCK;
SDR 16 TDI (7FFF);
RUNTEST 1000 TCK;
SDR 16 TDI (FFFF);
RUNTEST 1000 TCK;
SDR 16 TDI (FFFF);
RUNTEST 1000 TCK;
SDR 16 TDI (FFFF);
RUNTEST 1000 TCK;
SDR 16 TDI (BFFF);
RUNTEST 1000 TCK;
SDR 16 TDI (FFFF);
RUNTEST 1000 TCK;
SDR 16 TDI (FFFF);
RUNTEST 1000 TCK;
SDR 16 TDI (FFFF);
RUNTEST 1000 TCK;
SDR 16 TDI (7FFF);
RUNTEST 1000 TCK;
SDR 16 TDI (FFFF);
RUNTEST 1000 TCK;
SDR 16 TDI (FFFF);
RUNTEST 1000 TCK;
SDR 16 TDI (FFFF);
RUNTEST 1000 TCK;
SDR 16 TDI (BFFF);
RUNTEST 1000 TCK;
SDR 16 TDI (FFFF);
RUNTEST 1000 TCK;
SDR 16 TDI (FFFF);
RUNTEST 1000 TCK;
SDR 16 TDI (FFFF);
RUNTEST 1000 TCK;
SDR 16 TDI (7FFF);
RUNTEST 1000 TCK;
SDR 16 TDI (FFFF);
RUNTEST 1000 TCK;
SDR 16 TDI (FFFF);
RUNTEST 1000 TCK;
SDR 16 TDI (FFFF);
RUNTEST 1000 TCK;
SDR 16 TDI (BFFF);
RUNTEST 1000 TCK;
SDR 16 TDI (FFFF);
RUNTEST 1000 TCK;
SDR 16 TDI (FFFF);
RUNTEST 1000 TCK;
SDR 16 TDI (FFFF);
RUNTEST 1000 TCK;
SDR 16 TDI (7FFF);
RUNTEST 1000 TCK;
SDR 16 TDI (FFFF);
RUNTEST 1000 TCK;
SDR 16 TDI (FFFF);
RUNTEST 1000 TCK;
SDR 16 TDI (FFFF);
RUNTEST 1000 TCK;
SDR 16 TDI (9FFF);
RUNTEST 1000 TCK;
SDR 16 TDI (FFFF);
RUNTEST 1000 TCK;
SDR 16 TDI (FFFF);
RUNTEST 1000 TCK;
SDR 16 TDI (FFFF);
RUNTEST 1000 TCK;
SDR 16 TDI (7FFF);
RUNTEST 1000 TCK;
SDR 16 TDI (FFFF);
RUNTEST 1000 TCK;
SDR 16 TDI (FFFF);
RUNTEST 1000 TCK;
SDR 16 TDI (FFFF);
RUNTEST 1000 TCK;
SDR 16 TDI (BFFF);
RUNTEST 1000 TCK;
SDR 16 TDI (FFFF);
RUNTEST 1000 TCK;
SDR 16 TDI (FFFF);
RUNTEST 1000 TCK;
SDR 16 TDI (FFFF);
RUNTEST 1000 TCK;
SDR 16 TDI (7FFF);
RUNTEST 1000 TCK;
SDR 16 TDI (FFFF);
RUNTEST 1000 TCK;
SDR 16 TDI (FFFF);
RUNTEST 1000 TCK;
SDR 16 TDI (FFFF);
RUNTEST 1000 TCK;
SDR 16 TDI (BFFF);
RUNTEST 1000 TCK;
SDR 16 TDI (FFFF);
RUNTEST 1000 TCK;
SDR 16 TDI (FFFF);
RUNTEST 1000 TCK;
SDR 16 TDI (FFFF);
RUNTEST 1000 TCK;
SDR 16 TDI (7FFF);
RUNTEST 1000 TCK;
SDR 16 TDI (FFFF);
RUNTEST 1000 TCK;
SDR 16 TDI (FFFF);
RUNTEST 1000 TCK;
SDR 16 TDI (FFFF);
RUNTEST 1000 TCK;
SDR 16 TDI (BFFF);
RUNTEST 1000 TCK;
SDR 16 TDI (FFFF);
RUNTEST 1000 TCK;
SDR 16 TDI (FFFF);
RUNTEST 1000 TCK;
SDR 16 TDI (FFFF);
RUNTEST 1000 TCK;
SDR 16 TDI (7FFF);
RUNTEST 1000 TCK;
SDR 16 TDI (FFFF);
RUNTEST 1000 TCK;
SDR 16 TDI (FFFF);
RUNTEST 1000 TCK;
SDR 16 TDI (FFFF);
RUNTEST 1000 TCK;
SDR 16 TDI (BFFF);
RUNTEST 1000 TCK;
SDR 16 TDI (FFFF);
RUNTEST 1000 TCK;
SDR 16 TDI (FFFF);
RUNTEST 1000 TCK;
SDR 16 TDI (FFFF);
RUNTEST 1000 TCK;
SDR 16 TDI (7FFF);
RUNTEST 1000 TCK;
SDR 16 TDI (FFFF);
RUNTEST 1000 TCK;
SDR 16 TDI (FFFF);
RUNTEST 1000 TCK;
SDR 16 TDI (FFFF);
RUNTEST 1000 TCK;
SDR 16 TDI (BFFF);
RUNTEST 1000 TCK;
SDR 16 TDI (FFFF);
RUNTEST 1000 TCK;
SDR 16 TDI (FFFF);
RUNTEST 1000 TCK;
SDR 16 TDI (FFFF);
RUNTEST 1000 TCK;
SDR 16 TDI (7FFF);
RUNTEST 1000 TCK;
SDR 16 TDI (FFFF);
RUNTEST 1000 TCK;
SDR 16 TDI (FFFF);
RUNTEST 1000 TCK;
SDR 16 TDI (FFFF);
RUNTEST 1000 TCK;
SDR 16 TDI (BAEF);
RUNTEST 1000 TCK;
SDR 16 TDI (FFFF);
RUNTEST 1000 TCK;
SDR 16 TDI (FFFF);
RUNTEST 1000 TCK;
SDR 16 TDI (FFFF);
RUNTEST 1000 TCK;
SDR 16 TDI (7FFF);
RUNTEST 1000 TCK;
SDR 16 TDI (FFFF);
RUNTEST 1000 TCK;
SDR 16 TDI (FFFF);
RUNTEST 1000 TCK;
SDR 16 TDI (FFFF);
RUNTEST 1000 TCK;
SDR 16 TDI (BFFF);
RUNTEST 1000 TCK;
SDR 16 TDI (FFFF);
RUNTEST 1000 TCK;
SDR 16 TDI (FFFF);
RUNTEST 1000 TCK;
SDR 16 TDI (FFFF);
RUNTEST 1000 TCK;
SDR 16 TDI (7FFF);
RUNTEST 1000 TCK;
SDR 16 TDI (FFFF);
RUNTEST 1000 TCK;
SDR 16 TDI (FFFF);
RUNTEST 1000 TCK;
SDR 16 TDI (FFFF);
RUNTEST 1000 TCK;
SDR 16 TDI (BFFF);
RUNTEST 1000 TCK;
SDR 16 TDI (FFFF);
RUNTEST 1000 TCK;
SDR 16 TDI (FFFF);
RUNTEST 1000 TCK;
SDR 16 TDI (FFFF);
RUNTEST 1000 TCK;
SDR 16 TDI (7FFF);
RUNTEST 1000 TCK;
SDR 16 TDI (FFFF);
RUNTEST 1000 TCK;
SDR 16 TDI (FFFF);
RUNTEST 1000 TCK;
SDR 16 TDI (FFFF);
RUNTEST 1000 TCK;
SDR 16 TDI (9FFF);
RUNTEST 1000 TCK;
SDR 16 TDI (FFFF);
RUNTEST 1000 TCK;
SDR 16 TDI (FFFF);
RUNTEST 1000 TCK;
SDR 16 TDI (FFFF);
RUNTEST 1000 TCK;
SDR 16 TDI (7FFF);
RUNTEST 1000 TCK;
SDR 16 TDI (FFFF);
RUNTEST 1000 TCK;
SDR 16 TDI (FFFF);
RUNTEST 1000 TCK;
SDR 16 TDI (F57F);
RUNTEST 1000 TCK;
SDR 16 TDI (BFFF);
RUNTEST 1000 TCK;
SDR 16 TDI (FFFF);
RUNTEST 1000 TCK;
SDR 16 TDI (FFFF);
RUNTEST 1000 TCK;
SDR 16 TDI (FFFF);
RUNTEST 1000 TCK;
SDR 16 TDI (7FFF);
RUNTEST 1000 TCK;
SDR 16 TDI (FFFF);
RUNTEST 1000 TCK;
SDR 16 TDI (FFFF);
RUNTEST 1000 TCK;
SDR 16 TDI (FFFF);
RUNTEST 1000 TCK;
SDR 16 TDI (BFFF);
RUNTEST 1000 TCK;
SDR 16 TDI (FFFF);
RUNTEST 1000 TCK;
SDR 16 TDI (FFFF);
RUNTEST 1000 TCK;
SDR 16 TDI (FFFF);
RUNTEST 1000 TCK;
SDR 16 TDI (7FFF);
RUNTEST 1000 TCK;
SDR 16 TDI (FFFF);
RUNTEST 1000 TCK;
SDR 16 TDI (FFFF);
RUNTEST 1000 TCK;
SDR 16 TDI (FFFF);
RUNTEST 1000 TCK;
SDR 16 TDI (9FFF);
RUNTEST 1000 TCK;
SDR 16 TDI (FFFF);
RUNTEST 1000 TCK;
SDR 16 TDI (FFFF);
RUNTEST 1000 TCK;
SDR 16 TDI (FFFF);
RUNTEST 1000 TCK;
SDR 16 TDI (7FFF);
RUNTEST 1000 TCK;
SDR 16 TDI (FFFF);
RUNTEST 1000 TCK;
SDR 16 TDI (FFFF);
RUNTEST 1000 TCK;
SDR 16 TDI (FFFF);
RUNTEST 1000 TCK;
SDR 16 TDI (BFFF);
RUNTEST 1000 TCK;
SDR 16 TDI (FFFF);
RUNTEST 1000 TCK;
SDR 16 TDI (FFFF);
RUNTEST 1000 TCK;
SDR 16 TDI (FFFF);
RUNTEST 1000 TCK;
SDR 16 TDI (7FFF);
RUNTEST 1000 TCK;
SDR 16 TDI (FFFF);
RUNTEST 1000 TCK;
SDR 16 TDI (FFFF);
RUNTEST 1000 TCK;
SDR 16 TDI (FFFF);
RUNTEST 1000 TCK;
SDR 16 TDI (B55F);
RUNTEST 1000 TCK;
SDR 16 TDI (FFFF);
RUNTEST 1000 TCK;
SDR 16 TDI (FEFF);
RUNTEST 1000 TCK;
SDR 16 TDI (FFFF);
RUNTEST 1000 TCK;
SDR 16 TDI (7FFF);
RUNTEST 1000 TCK;
SDR 16 TDI (FF7F);
RUNTEST 1000 TCK;
SDR 16 TDI (FFFF);
RUNTEST 1000 TCK;
SDR 16 TDI (FFFF);
RUNTEST 1000 TCK;
SDR 16 TDI (BFBF);
RUNTEST 1000 TCK;
SDR 16 TDI (FFFF);
RUNTEST 1000 TCK;
SDR 16 TDI (FFFF);
RUNTEST 1000 TCK;
SDR 16 TDI (FEFF);
RUNTEST 1000 TCK;
SDR 16 TDI (7FFF);
RUNTEST 1000 TCK;
SDR 16 TDI (FFFF);
RUNTEST 1000 TCK;
SDR 16 TDI (FF7F);
RUNTEST 1000 TCK;
SDR 16 TDI (FFFF);
RUNTEST 1000 TCK;
SDR 16 TDI (BFFF);
RUNTEST 1000 TCK;
SDR 16 TDI (FFDF);
RUNTEST 1000 TCK;
SDR 16 TDI (FFFF);
RUNTEST 1000 TCK;
SDR 16 TDI (FFFF);
RUNTEST 1000 TCK;
SDR 16 TDI (7FEF);
RUNTEST 1000 TCK;
SDR 16 TDI (FFFF);
RUNTEST 1000 TCK;
SDR 16 TDI (FFFF);
RUNTEST 1000 TCK;
SDR 16 TDI (FFBF);
RUNTEST 1000 TCK;
SDR 16 TDI (BFFF);
RUNTEST 1000 TCK;
SDR 16 TDI (FFFF);
RUNTEST 1000 TCK;
SDR 16 TDI (FFDF);
RUNTEST 1000 TCK;
SDR 16 TDI (FFFF);
RUNTEST 1000 TCK;
SDR 16 TDI (7FFF);
RUNTEST 1000 TCK;
SDR 16 TDI (FFEF);
RUNTEST 1000 TCK;
SDR 16 TDI (FFFF);
RUNTEST 1000 TCK;
SDR 16 TDI (EA9F);
RUNTEST 1000 TCK;
SDR 16 TDI (BFFF);
RUNTEST 1000 TCK;
SDR 16 TDI (FFFF);
RUNTEST 1000 TCK;
SDR 16 TDI (FDFF);
RUNTEST 1000 TCK;
SDR 16 TDI (FFFF);
RUNTEST 1000 TCK;
SDR 16 TDI (7FFF);
RUNTEST 1000 TCK;
SDR 16 TDI (FEFF);
RUNTEST 1000 TCK;
SDR 16 TDI (FFFF);
RUNTEST 1000 TCK;
SDR 16 TDI (FFFF);
RUNTEST 1000 TCK;
SDR 16 TDI (BF7F);
RUNTEST 1000 TCK;
SDR 16 TDI (FFFF);
RUNTEST 1000 TCK;
SDR 16 TDI (FFFF);
RUNTEST 1000 TCK;
SDR 16 TDI (FDFF);
RUNTEST 1000 TCK;
SDR 16 TDI (7FFF);
RUNTEST 1000 TCK;
SDR 16 TDI (FFFF);
RUNTEST 1000 TCK;
SDR 16 TDI (FEFF);
RUNTEST 1000 TCK;
SDR 16 TDI (FFFF);
RUNTEST 1000 TCK;
SDR 16 TDI (BFFF);
RUNTEST 1000 TCK;
SDR 16 TDI (FFBF);
RUNTEST 1000 TCK;
SDR 16 TDI (FFFF);
RUNTEST 1000 TCK;
SDR 16 TDI (FFFF);
RUNTEST 1000 TCK;
SDR 16 TDI (7FDF);
RUNTEST 1000 TCK;
SDR 16 TDI (FFFF);
RUNTEST 1000 TCK;
SDR 16 TDI (FFFF);
RUNTEST 1000 TCK;
SDR 16 TDI (FF7F);
RUNTEST 1000 TCK;
SDR 16 TDI (BFFF);
RUNTEST 1000 TCK;
SDR 16 TDI (FFFF);
RUNTEST 1000 TCK;
SDR 16 TDI (FFBF);
RUNTEST 1000 TCK;
SDR 16 TDI (FFFF);
RUNTEST 1000 TCK;
SDR 16 TDI (5FFF);
RUNTEST 1000 TCK;
SDR 16 TDI (FFDF);
RUNTEST 1000 TCK;
SDR 16 TDI (FFFF);
RUNTEST 1000 TCK;
SDR 16 TDI (FFDF);
RUNTEST 1000 TCK;
SDR 16 TDI (B55F);
RUNTEST 1000 TCK;
SDR 16 TDI (FFFF);
RUNTEST 1000 TCK;
SDR 16 TDI (FFFF);
RUNTEST 1000 TCK;
SDR 16 TDI (FFFF);
RUNTEST 1000 TCK;
SDR 16 TDI (7FFF);
RUNTEST 1000 TCK;
SDR 16 TDI (FFFF);
RUNTEST 1000 TCK;
SDR 16 TDI (FFFF);
RUNTEST 1000 TCK;
SDR 16 TDI (FFFF);
RUNTEST 1000 TCK;
SDR 16 TDI (BFFF);
RUNTEST 1000 TCK;
SDR 16 TDI (FFFF);
RUNTEST 1000 TCK;
SDR 16 TDI (FFFF);
RUNTEST 1000 TCK;
SDR 16 TDI (FFFF);
RUNTEST 1000 TCK;
SDR 16 TDI (7FFF);
RUNTEST 1000 TCK;
SDR 16 TDI (FFFF);
RUNTEST 1000 TCK;
SDR 16 TDI (FFFF);
RUNTEST 1000 TCK;
SDR 16 TDI (FFFF);
RUNTEST 1000 TCK;
SDR 16 TDI (9FFF);
RUNTEST 1000 TCK;
SDR 16 TDI (FFFF);
RUNTEST 1000 TCK;
SDR 16 TDI (FFFF);
RUNTEST 1000 TCK;
SDR 16 TDI (FFFF);
RUNTEST 1000 TCK;
SDR 16 TDI (7FFF);
RUNTEST 1000 TCK;
SDR 16 TDI (FFFF);
RUNTEST 1000 TCK;
SDR 16 TDI (FFFF);
RUNTEST 1000 TCK;
SDR 16 TDI (FFFF);
RUNTEST 1000 TCK;
SDR 16 TDI (BFFF);
RUNTEST 1000 TCK;
SDR 16 TDI (FFFF);
RUNTEST 1000 TCK;
SDR 16 TDI (FFFF);
RUNTEST 1000 TCK;
SDR 16 TDI (FFFF);
RUNTEST 1000 TCK;
SDR 16 TDI (7FFF);
RUNTEST 1000 TCK;
SDR 16 TDI (FFFF);
RUNTEST 1000 TCK;
SDR 16 TDI (FFFF);
RUNTEST 1000 TCK;
SDR 16 TDI (EABF);
RUNTEST 1000 TCK;
SDR 16 TDI (BFFF);
RUNTEST 1000 TCK;
SDR 16 TDI (FFFF);
RUNTEST 1000 TCK;
SDR 16 TDI (FFFF);
RUNTEST 1000 TCK;
SDR 16 TDI (FFFF);
RUNTEST 1000 TCK;
SDR 16 TDI (7FFF);
RUNTEST 1000 TCK;
SDR 16 TDI (FFFF);
RUNTEST 1000 TCK;
SDR 16 TDI (FFFF);
RUNTEST 1000 TCK;
SDR 16 TDI (FFFF);
RUNTEST 1000 TCK;
SDR 16 TDI (9FFF);
RUNTEST 1000 TCK;
SDR 16 TDI (FFFF);
RUNTEST 1000 TCK;
SDR 16 TDI (FFFF);
RUNTEST 1000 TCK;
SDR 16 TDI (FFFF);
RUNTEST 1000 TCK;
SDR 16 TDI (7FFF);
RUNTEST 1000 TCK;
SDR 16 TDI (FFFF);
RUNTEST 1000 TCK;
SDR 16 TDI (FFFF);
RUNTEST 1000 TCK;
SDR 16 TDI (FFFF);
RUNTEST 1000 TCK;
SDR 16 TDI (BFFF);
RUNTEST 1000 TCK;
SDR 16 TDI (FFFF);
RUNTEST 1000 TCK;
SDR 16 TDI (FFFF);
RUNTEST 1000 TCK;
SDR 16 TDI (FFFF);
RUNTEST 1000 TCK;
SDR 16 TDI (7FFF);
RUNTEST 1000 TCK;
SDR 16 TDI (FFFF);
RUNTEST 1000 TCK;
SDR 16 TDI (FFFF);
RUNTEST 1000 TCK;
SDR 16 TDI (FFFF);
RUNTEST 1000 TCK;
SDR 16 TDI (BFFF);
RUNTEST 1000 TCK;
SDR 16 TDI (FFFF);
RUNTEST 1000 TCK;
SDR 16 TDI (FFFF);
RUNTEST 1000 TCK;
SDR 16 TDI (FFFF);
RUNTEST 1000 TCK;
SDR 16 TDI (7FFF);
RUNTEST 1000 TCK;
SDR 16 TDI (FFFF);
RUNTEST 1000 TCK;
SDR 16 TDI (FFFF);
RUNTEST 1000 TCK;
SDR 16 TDI (FFFF);
RUNTEST 1000 TCK;
SDR 16 TDI (9FDF);
RUNTEST 1000 TCK;
SDR 16 TDI (3333);
RUNTEST 1000 TCK;
SDR 16 TDI (1F33);
RUNTEST 1000 TCK;
SDR 16 TDI (333C);
RUNTEST 1000 TCK;
SDR 16 TDI (7999);
RUNTEST 1000 TCK;
SDR 16 TDI (8F99);
RUNTEST 1000 TCK;
SDR 16 TDI (999E);
RUNTEST 1000 TCK;
SDR 16 TDI (6666);
RUNTEST 1000 TCK;
SDR 16 TDI (A7CC);
RUNTEST 1000 TCK;
SDR 16 TDI (CCCF);
RUNTEST 1000 TCK;
SDR 16 TDI (3333);
RUNTEST 1000 TCK;
SDR 16 TDI (1F33);
RUNTEST 1000 TCK;
SDR 16 TDI (6667);
RUNTEST 1000 TCK;
SDR 16 TDI (9999);
RUNTEST 1000 TCK;
SDR 16 TDI (8F99);
RUNTEST 1000 TCK;
SDR 16 TDI (999F);
RUNTEST 1000 TCK;
SDR 16 TDI (A666);
RUNTEST 1000 TCK;
SDR 16 TDI (63E6);
RUNTEST 1000 TCK;
SDR 16 TDI (6667);
RUNTEST 1000 TCK;
SDR 16 TDI (9999);
RUNTEST 1000 TCK;
SDR 16 TDI (71F3);
RUNTEST 1000 TCK;
SDR 16 TDI (3333);
RUNTEST 1000 TCK;
SDR 16 TDI (CCCC);
RUNTEST 1000 TCK;
SDR 16 TDI (C7CC);
RUNTEST 1000 TCK;
SDR 16 TDI (B999);
RUNTEST 1000 TCK;
SDR 16 TDI (E666);
RUNTEST 1000 TCK;
SDR 16 TDI (63E6);
RUNTEST 1000 TCK;
SDR 16 TDI (6667);
RUNTEST 1000 TCK;
SDR 16 TDI (5333);
RUNTEST 1000 TCK;
SDR 16 TDI (31F3);
RUNTEST 1000 TCK;
SDR 16 TDI (3333);
RUNTEST 1000 TCK;
SDR 16 TDI (FFFF);
RUNTEST 1000 TCK;
SDR 16 TDI (BFFF);
RUNTEST 1000 TCK;
SDR 16 TDI (7777);
RUNTEST 1000 TCK;
SDR 16 TDI (4ABB);
RUNTEST 1000 TCK;
SDR 16 TDI (BBBD);
RUNTEST 1000 TCK;
SDR 16 TDI (7BBB);
RUNTEST 1000 TCK;
SDR 16 TDI (A55D);
RUNTEST 1000 TCK;
SDR 16 TDI (DDDE);
RUNTEST 1000 TCK;
SDR 16 TDI (EEEE);
RUNTEST 1000 TCK;
SDR 16 TDI (B2AE);
RUNTEST 1000 TCK;
SDR 16 TDI (EEEF);
RUNTEST 1000 TCK;
SDR 16 TDI (7777);
RUNTEST 1000 TCK;
SDR 16 TDI (4ABB);
RUNTEST 1000 TCK;
SDR 16 TDI (7777);
RUNTEST 1000 TCK;
SDR 16 TDI (BBBB);
RUNTEST 1000 TCK;
SDR 16 TDI (A55D);
RUNTEST 1000 TCK;
SDR 16 TDI (DDDF);
RUNTEST 1000 TCK;
SDR 16 TDI (8EEE);
RUNTEST 1000 TCK;
SDR 16 TDI (E957);
RUNTEST 1000 TCK;
SDR 16 TDI (7777);
RUNTEST 1000 TCK;
SDR 16 TDI (BBBB);
RUNTEST 1000 TCK;
SDR 16 TDI (74AB);
RUNTEST 1000 TCK;
SDR 16 TDI (BBBB);
RUNTEST 1000 TCK;
SDR 16 TDI (DDDD);
RUNTEST 1000 TCK;
SDR 16 TDI (D2AE);
RUNTEST 1000 TCK;
SDR 16 TDI (BDDD);
RUNTEST 1000 TCK;
SDR 16 TDI (EEEE);
RUNTEST 1000 TCK;
SDR 16 TDI (E957);
RUNTEST 1000 TCK;
SDR 16 TDI (7777);
RUNTEST 1000 TCK;
SDR 16 TDI (7777);
RUNTEST 1000 TCK;
SDR 16 TDI (74AB);
RUNTEST 1000 TCK;
SDR 16 TDI (BBBB);
RUNTEST 1000 TCK;
SDR 16 TDI (FFFF);
RUNTEST 1000 TCK;
SDR 16 TDI (BFDF);
RUNTEST 1000 TCK;
SDR 16 TDI (FFFF);
RUNTEST 1000 TCK;
SDR 16 TDI (FEFF);
RUNTEST 1000 TCK;
SDR 16 TDI (FFFF);
RUNTEST 1000 TCK;
SDR 16 TDI (7FFF);
RUNTEST 1000 TCK;
SDR 16 TDI (FF7F);
RUNTEST 1000 TCK;
SDR 16 TDI (FFFF);
RUNTEST 1000 TCK;
SDR 16 TDI (FFFF);
RUNTEST 1000 TCK;
SDR 16 TDI (BFBF);
RUNTEST 1000 TCK;
SDR 16 TDI (FFFF);
RUNTEST 1000 TCK;
SDR 16 TDI (FFFF);
RUNTEST 1000 TCK;
SDR 16 TDI (FEFF);
RUNTEST 1000 TCK;
SDR 16 TDI (5FFF);
RUNTEST 1000 TCK;
SDR 16 TDI (FFFF);
RUNTEST 1000 TCK;
SDR 16 TDI (FF7F);
RUNTEST 1000 TCK;
SDR 16 TDI (FFFF);
RUNTEST 1000 TCK;
SDR 16 TDI (BFFF);
RUNTEST 1000 TCK;
SDR 16 TDI (FFDF);
RUNTEST 1000 TCK;
SDR 16 TDI (FFFF);
RUNTEST 1000 TCK;
SDR 16 TDI (FFFF);
RUNTEST 1000 TCK;
SDR 16 TDI (7FEF);
RUNTEST 1000 TCK;
SDR 16 TDI (FFFF);
RUNTEST 1000 TCK;
SDR 16 TDI (FFFF);
RUNTEST 1000 TCK;
SDR 16 TDI (FFBF);
RUNTEST 1000 TCK;
SDR 16 TDI (BFFF);
RUNTEST 1000 TCK;
SDR 16 TDI (FFFF);
RUNTEST 1000 TCK;
SDR 16 TDI (FFDF);
RUNTEST 1000 TCK;
SDR 16 TDI (FFFF);
RUNTEST 1000 TCK;
SDR 16 TDI (7FFF);
RUNTEST 1000 TCK;
SDR 16 TDI (FFEF);
RUNTEST 1000 TCK;
SDR 16 TDI (FFFF);
RUNTEST 1000 TCK;
SDR 16 TDI (FFFF);
RUNTEST 1000 TCK;
SDR 16 TDI (BFFF);
RUNTEST 1000 TCK;
SDR 16 TDI (FFFF);
RUNTEST 1000 TCK;
SDR 16 TDI (FFFF);
RUNTEST 1000 TCK;
SDR 16 TDI (FFFF);
RUNTEST 1000 TCK;
SDR 16 TDI (5FFF);
RUNTEST 1000 TCK;
SDR 16 TDI (FFFF);
RUNTEST 1000 TCK;
SDR 16 TDI (FFFF);
RUNTEST 1000 TCK;
SDR 16 TDI (FFFF);
RUNTEST 1000 TCK;
SDR 16 TDI (BFFF);
RUNTEST 1000 TCK;
SDR 16 TDI (FFFF);
RUNTEST 1000 TCK;
SDR 16 TDI (FFFF);
RUNTEST 1000 TCK;
SDR 16 TDI (FFFF);
RUNTEST 1000 TCK;
SDR 16 TDI (7FFF);
RUNTEST 1000 TCK;
SDR 16 TDI (FFFF);
RUNTEST 1000 TCK;
SDR 16 TDI (FFFF);
RUNTEST 1000 TCK;
SDR 16 TDI (FFFF);
RUNTEST 1000 TCK;
SDR 16 TDI (BFFF);
RUNTEST 1000 TCK;
SDR 16 TDI (FFFF);
RUNTEST 1000 TCK;
SDR 16 TDI (FFFF);
RUNTEST 1000 TCK;
SDR 16 TDI (FFFF);
RUNTEST 1000 TCK;
SDR 16 TDI (7FFF);
RUNTEST 1000 TCK;
SDR 16 TDI (FFFF);
RUNTEST 1000 TCK;
SDR 16 TDI (FFFF);
RUNTEST 1000 TCK;
SDR 16 TDI (FFFF);
RUNTEST 1000 TCK;
SDR 16 TDI (BFFF);
RUNTEST 1000 TCK;
SDR 16 TDI (FFFF);
RUNTEST 1000 TCK;
SDR 16 TDI (FFFF);
RUNTEST 1000 TCK;
SDR 16 TDI (FFFF);
RUNTEST 1000 TCK;
SDR 16 TDI (5FFF);
RUNTEST 1000 TCK;
SDR 16 TDI (FFFF);
RUNTEST 1000 TCK;
SDR 16 TDI (FFFF);
RUNTEST 1000 TCK;
SDR 16 TDI (FFFF);
RUNTEST 1000 TCK;
SDR 16 TDI (BFFF);
RUNTEST 1000 TCK;
SDR 16 TDI (FFFF);
RUNTEST 1000 TCK;
SDR 16 TDI (FFFF);
RUNTEST 1000 TCK;
SDR 16 TDI (FFFF);
RUNTEST 1000 TCK;
SDR 16 TDI (7FFF);
RUNTEST 1000 TCK;
SDR 16 TDI (FFFF);
RUNTEST 1000 TCK;
SDR 16 TDI (FFFF);
RUNTEST 1000 TCK;
SDR 16 TDI (FFFF);
RUNTEST 1000 TCK;
SDR 16 TDI (BFFF);
RUNTEST 1000 TCK;
SDR 16 TDI (FFFF);
RUNTEST 1000 TCK;
SDR 16 TDI (FFFF);
RUNTEST 1000 TCK;
SDR 16 TDI (FFFF);
RUNTEST 1000 TCK;
SDR 16 TDI (7FFF);
RUNTEST 1000 TCK;
SDR 16 TDI (FFFF);
RUNTEST 1000 TCK;
SDR 16 TDI (FFFF);
RUNTEST 1000 TCK;
SDR 16 TDI (FFFF);
RUNTEST 1000 TCK;
SDR 16 TDI (BFFF);
RUNTEST 1000 TCK;
SDR 16 TDI (DFFF);
RUNTEST 1000 TCK;
SDR 16 TDI (FFFF);
RUNTEST 1000 TCK;
SDR 16 TDI (FFFF);
RUNTEST 1000 TCK;
SDR 16 TDI (5FFF);
RUNTEST 1000 TCK;
SDR 16 TDI (FFFF);
RUNTEST 1000 TCK;
SDR 16 TDI (FFFF);
RUNTEST 1000 TCK;
SDR 16 TDI (FFFF);
RUNTEST 1000 TCK;
SDR 16 TDI (BFFF);
RUNTEST 1000 TCK;
SDR 16 TDI (FFFF);
RUNTEST 1000 TCK;
SDR 16 TDI (FFFF);
RUNTEST 1000 TCK;
SDR 16 TDI (FFFF);
RUNTEST 1000 TCK;
SDR 16 TDI (7FFF);
RUNTEST 1000 TCK;
SDR 16 TDI (FFFF);
RUNTEST 1000 TCK;
SDR 16 TDI (FFFF);
RUNTEST 1000 TCK;
SDR 16 TDI (FFFF);
RUNTEST 1000 TCK;
SDR 16 TDI (AFFF);
RUNTEST 1000 TCK;
SDR 16 TDI (FFFF);
RUNTEST 1000 TCK;
SDR 16 TDI (FFFF);
RUNTEST 1000 TCK;
SDR 16 TDI (FFFF);
RUNTEST 1000 TCK;
SDR 16 TDI (7FFF);
RUNTEST 1000 TCK;
SDR 16 TDI (FFFF);
RUNTEST 1000 TCK;
SDR 16 TDI (FFFF);
RUNTEST 1000 TCK;
SDR 16 TDI (FFFF);
RUNTEST 1000 TCK;
SDR 16 TDI (BFFF);
RUNTEST 1000 TCK;
SDR 16 TDI (FFFF);
RUNTEST 1000 TCK;
SDR 16 TDI (FFFF);
RUNTEST 1000 TCK;
SDR 16 TDI (FFFF);
RUNTEST 1000 TCK;
SDR 16 TDI (5FFF);
RUNTEST 1000 TCK;
SDR 16 TDI (FFFF);
RUNTEST 1000 TCK;
SDR 16 TDI (FFFF);
RUNTEST 1000 TCK;
SDR 16 TDI (FFFF);
RUNTEST 1000 TCK;
SDR 16 TDI (BFFF);
RUNTEST 1000 TCK;
SDR 16 TDI (FFFF);
RUNTEST 1000 TCK;
SDR 16 TDI (FFFF);
RUNTEST 1000 TCK;
SDR 16 TDI (FFFF);
RUNTEST 1000 TCK;
SDR 16 TDI (7FFF);
RUNTEST 1000 TCK;
SDR 16 TDI (FFFF);
RUNTEST 1000 TCK;
SDR 16 TDI (FFFF);
RUNTEST 1000 TCK;
SDR 16 TDI (FFFF);
RUNTEST 1000 TCK;
SDR 16 TDI (BFFF);
RUNTEST 1000 TCK;
SDR 16 TDI (FFFF);
RUNTEST 1000 TCK;
SDR 16 TDI (FFFF);
RUNTEST 1000 TCK;
SDR 16 TDI (FFFF);
RUNTEST 1000 TCK;
SDR 16 TDI (7FFF);
RUNTEST 1000 TCK;
SDR 16 TDI (FFFF);
RUNTEST 1000 TCK;
SDR 16 TDI (FFFF);
RUNTEST 1000 TCK;
SDR 16 TDI (FFDF);
RUNTEST 1000 TCK;
SDR 16 TDI (AFFF);
RUNTEST 1000 TCK;
SDR 16 TDI (FFFF);
RUNTEST 1000 TCK;
SDR 16 TDI (FFFF);
RUNTEST 1000 TCK;
SDR 16 TDI (FFFF);
RUNTEST 1000 TCK;
SDR 16 TDI (5FFF);
RUNTEST 1000 TCK;
SDR 16 TDI (FFFF);
RUNTEST 1000 TCK;
SDR 16 TDI (FFFF);
RUNTEST 1000 TCK;
SDR 16 TDI (FFFF);
RUNTEST 1000 TCK;
SDR 16 TDI (BFFF);
RUNTEST 1000 TCK;
SDR 16 TDI (FFFF);
RUNTEST 1000 TCK;
SDR 16 TDI (FFFF);
RUNTEST 1000 TCK;
SDR 16 TDI (FFFF);
RUNTEST 1000 TCK;
SDR 16 TDI (7FFF);
RUNTEST 1000 TCK;
SDR 16 TDI (FFFF);
RUNTEST 1000 TCK;
SDR 16 TDI (FFFF);
RUNTEST 1000 TCK;
SDR 16 TDI (FFFF);
RUNTEST 1000 TCK;
SDR 16 TDI (BFFF);
RUNTEST 1000 TCK;
SDR 16 TDI (FFFF);
RUNTEST 1000 TCK;
SDR 16 TDI (FFFF);
RUNTEST 1000 TCK;
SDR 16 TDI (FFFF);
RUNTEST 1000 TCK;
SDR 16 TDI (7FFF);
RUNTEST 1000 TCK;
SDR 16 TDI (FFFF);
RUNTEST 1000 TCK;
SDR 16 TDI (FFFF);
RUNTEST 1000 TCK;
SDR 16 TDI (FFFF);
RUNTEST 1000 TCK;
SDR 16 TDI (BFFF);
RUNTEST 1000 TCK;
SDR 16 TDI (FFFF);
RUNTEST 1000 TCK;
SDR 16 TDI (FFFF);
RUNTEST 1000 TCK;
SDR 16 TDI (FFFF);
RUNTEST 1000 TCK;
SDR 16 TDI (5FFF);
RUNTEST 1000 TCK;
SDR 16 TDI (FFFF);
RUNTEST 1000 TCK;
SDR 16 TDI (FFFF);
RUNTEST 1000 TCK;
SDR 16 TDI (FFDF);
RUNTEST 1000 TCK;
SDR 16 TDI (BFFF);
RUNTEST 1000 TCK;
SDR 16 TDI (FFFF);
RUNTEST 1000 TCK;
SDR 16 TDI (FFFF);
RUNTEST 1000 TCK;
SDR 16 TDI (FFFF);
RUNTEST 1000 TCK;
SDR 16 TDI (7FFF);
RUNTEST 1000 TCK;
SDR 16 TDI (FFFF);
RUNTEST 1000 TCK;
SDR 16 TDI (FFFF);
RUNTEST 1000 TCK;
SDR 16 TDI (FFFF);
RUNTEST 1000 TCK;
SDR 16 TDI (BFFF);
RUNTEST 1000 TCK;
SDR 16 TDI (FFFF);
RUNTEST 1000 TCK;
SDR 16 TDI (FFFE);
RUNTEST 1000 TCK;
SDR 16 TDI (FFFF);
RUNTEST 1000 TCK;
SDR 16 TDI (7FFF);
RUNTEST 1000 TCK;
SDR 16 TDI (FFFF);
RUNTEST 1000 TCK;
SDR 16 TDI (FFFF);
RUNTEST 1000 TCK;
SDR 16 TDI (FFFF);
RUNTEST 1000 TCK;
SDR 16 TDI (BFBF);
RUNTEST 1000 TCK;
SDR 16 TDI (FFFB);
RUNTEST 1000 TCK;
SDR 16 TDI (FFFF);
RUNTEST 1000 TCK;
SDR 16 TDI (FFFF);
RUNTEST 1000 TCK;
SDR 16 TDI (5FFF);
RUNTEST 1000 TCK;
SDR 16 TDI (FFFF);
RUNTEST 1000 TCK;
SDR 16 TDI (FFFF);
RUNTEST 1000 TCK;
SDR 16 TDI (FFFF);
RUNTEST 1000 TCK;
SDR 16 TDI (BFFF);
RUNTEST 1000 TCK;
SDR 16 TDI (FFFF);
RUNTEST 1000 TCK;
SDR 16 TDI (FFFF);
RUNTEST 1000 TCK;
SDR 16 TDI (FFFF);
RUNTEST 1000 TCK;
SDR 16 TDI (7FFF);
RUNTEST 1000 TCK;
SDR 16 TDI (FFFF);
RUNTEST 1000 TCK;
SDR 16 TDI (FFFF);
RUNTEST 1000 TCK;
SDR 16 TDI (FFFF);
RUNTEST 1000 TCK;
SDR 16 TDI (BFFF);
RUNTEST 1000 TCK;
SDR 16 TDI (FFFF);
RUNTEST 1000 TCK;
SDR 16 TDI (FFFF);
RUNTEST 1000 TCK;
SDR 16 TDI (FFFF);
RUNTEST 1000 TCK;
SDR 16 TDI (7FFF);
RUNTEST 1000 TCK;
SDR 16 TDI (FFFF);
RUNTEST 1000 TCK;
SDR 16 TDI (FFFF);
RUNTEST 1000 TCK;
SDR 16 TDI (FFFF);
RUNTEST 1000 TCK;
SDR 16 TDI (BFFF);
RUNTEST 1000 TCK;
SDR 16 TDI (FFFF);
RUNTEST 1000 TCK;
SDR 16 TDI (FFFF);
RUNTEST 1000 TCK;
SDR 16 TDI (FFFF);
RUNTEST 1000 TCK;
SDR 16 TDI (5FFF);
RUNTEST 1000 TCK;
SDR 16 TDI (FFFF);
RUNTEST 1000 TCK;
SDR 16 TDI (FFFF);
RUNTEST 1000 TCK;
SDR 16 TDI (FFFB);
RUNTEST 1000 TCK;
SDR 16 TDI (BEFF);
RUNTEST 1000 TCK;
SDR 16 TDI (FFFF);
RUNTEST 1000 TCK;
SDR 16 TDI (FFFF);
RUNTEST 1000 TCK;
SDR 16 TDI (FFFF);
RUNTEST 1000 TCK;
SDR 16 TDI (7FFF);
RUNTEST 1000 TCK;
SDR 16 TDI (FFFF);
RUNTEST 1000 TCK;
SDR 16 TDI (FFFF);
RUNTEST 1000 TCK;
SDR 16 TDI (7FFF);
RUNTEST 1000 TCK;
SDR 16 TDI (BFFF);
RUNTEST 1000 TCK;
SDR 16 TDI (FFFF);
RUNTEST 1000 TCK;
SDR 16 TDI (FFFF);
RUNTEST 1000 TCK;
SDR 16 TDI (FFFF);
RUNTEST 1000 TCK;
SDR 16 TDI (7FFF);
RUNTEST 1000 TCK;
SDR 16 TDI (FFFF);
RUNTEST 1000 TCK;
SDR 16 TDI (FFFF);
RUNTEST 1000 TCK;
SDR 16 TDI (FFFF);
RUNTEST 1000 TCK;
SDR 16 TDI (BFFF);
RUNTEST 1000 TCK;
SDR 16 TDI (FFFF);
RUNTEST 1000 TCK;
SDR 16 TDI (FFFF);
RUNTEST 1000 TCK;
SDR 16 TDI (FFFF);
RUNTEST 1000 TCK;
SDR 16 TDI (7FFF);
RUNTEST 1000 TCK;
SDR 16 TDI (FFFF);
RUNTEST 1000 TCK;
SDR 16 TDI (FFFF);
RUNTEST 1000 TCK;
SDR 16 TDI (FFFF);
RUNTEST 1000 TCK;
SDR 16 TDI (BFFF);
RUNTEST 1000 TCK;
SDR 16 TDI (FFFF);
RUNTEST 1000 TCK;
SDR 16 TDI (FFFD);
RUNTEST 1000 TCK;
SDR 16 TDI (FFFF);
RUNTEST 1000 TCK;
SDR 16 TDI (7FFF);
RUNTEST 1000 TCK;
SDR 16 TDI (FFFF);
RUNTEST 1000 TCK;
SDR 16 TDI (FFFF);
RUNTEST 1000 TCK;
SDR 16 TDI (FFFB);
RUNTEST 1000 TCK;
SDR 16 TDI (BFBF);
RUNTEST 1000 TCK;
SDR 16 TDI (FFFB);
RUNTEST 1000 TCK;
SDR 16 TDI (FFFF);
RUNTEST 1000 TCK;
SDR 16 TDI (FFFF);
RUNTEST 1000 TCK;
SDR 16 TDI (7FFF);
RUNTEST 1000 TCK;
SDR 16 TDI (FFFF);
RUNTEST 1000 TCK;
SDR 16 TDI (FFFF);
RUNTEST 1000 TCK;
SDR 16 TDI (FFFF);
RUNTEST 1000 TCK;
SDR 16 TDI (BFFF);
RUNTEST 1000 TCK;
SDR 16 TDI (FFFF);
RUNTEST 1000 TCK;
SDR 16 TDI (FFFF);
RUNTEST 1000 TCK;
SDR 16 TDI (FFFF);
RUNTEST 1000 TCK;
SDR 16 TDI (7FFF);
RUNTEST 1000 TCK;
SDR 16 TDI (FFFF);
RUNTEST 1000 TCK;
SDR 16 TDI (FFFF);
RUNTEST 1000 TCK;
SDR 16 TDI (FFFF);
RUNTEST 1000 TCK;
SDR 16 TDI (BFFF);
RUNTEST 1000 TCK;
SDR 16 TDI (FFFF);
RUNTEST 1000 TCK;
SDR 16 TDI (FFFF);
RUNTEST 1000 TCK;
SDR 16 TDI (FFFF);
RUNTEST 1000 TCK;
SDR 16 TDI (7FFF);
RUNTEST 1000 TCK;
SDR 16 TDI (FFFF);
RUNTEST 1000 TCK;
SDR 16 TDI (FFFF);
RUNTEST 1000 TCK;
SDR 16 TDI (FFFF);
RUNTEST 1000 TCK;
SDR 16 TDI (BFFF);
RUNTEST 1000 TCK;
SDR 16 TDI (FFFF);
RUNTEST 1000 TCK;
SDR 16 TDI (FFFF);
RUNTEST 1000 TCK;
SDR 16 TDI (FFFF);
RUNTEST 1000 TCK;
SDR 16 TDI (7FFF);
RUNTEST 1000 TCK;
SDR 16 TDI (FFFF);
RUNTEST 1000 TCK;
SDR 16 TDI (FFFF);
RUNTEST 1000 TCK;
SDR 16 TDI (FFFF);
RUNTEST 1000 TCK;
SDR 16 TDI (BEFF);
RUNTEST 1000 TCK;
SDR 16 TDI (FFFF);
RUNTEST 1000 TCK;
SDR 16 TDI (FFFF);
RUNTEST 1000 TCK;
SDR 16 TDI (FFFF);
RUNTEST 1000 TCK;
SDR 16 TDI (7FFF);
RUNTEST 1000 TCK;
SDR 16 TDI (FFFF);
RUNTEST 1000 TCK;
SDR 16 TDI (FFFF);
RUNTEST 1000 TCK;
SDR 16 TDI (BFFF);
RUNTEST 1000 TCK;
SDR 16 TDI (BFFF);
RUNTEST 1000 TCK;
SDR 16 TDI (FFFF);
RUNTEST 1000 TCK;
SDR 16 TDI (FFFF);
RUNTEST 1000 TCK;
SDR 16 TDI (FFFF);
RUNTEST 1000 TCK;
SDR 16 TDI (7FFF);
RUNTEST 1000 TCK;
SDR 16 TDI (FFFF);
RUNTEST 1000 TCK;
SDR 16 TDI (FFFF);
RUNTEST 1000 TCK;
SDR 16 TDI (FFFF);
RUNTEST 1000 TCK;
SDR 16 TDI (BFFF);
RUNTEST 1000 TCK;
SDR 16 TDI (FFFF);
RUNTEST 1000 TCK;
SDR 16 TDI (FFFF);
RUNTEST 1000 TCK;
SDR 16 TDI (FFFF);
RUNTEST 1000 TCK;
SDR 16 TDI (7FFF);
RUNTEST 1000 TCK;
SDR 16 TDI (FFFF);
RUNTEST 1000 TCK;
SDR 16 TDI (FFFF);
RUNTEST 1000 TCK;
SDR 16 TDI (FFFF);
RUNTEST 1000 TCK;
SDR 16 TDI (BFFF);
RUNTEST 1000 TCK;
SDR 16 TDI (FFFF);
RUNTEST 1000 TCK;
SDR 16 TDI (FFFF);
RUNTEST 1000 TCK;
SDR 16 TDI (FFFF);
RUNTEST 1000 TCK;
SDR 16 TDI (7FFF);
RUNTEST 1000 TCK;
SDR 16 TDI (FFFF);
RUNTEST 1000 TCK;
SDR 16 TDI (FFFF);
RUNTEST 1000 TCK;
SDR 16 TDI (FFFB);
RUNTEST 1000 TCK;
SDR 16 TDI (BFFF);
RUNTEST 1000 TCK;
SDR 16 TDI (FFFF);
RUNTEST 1000 TCK;
SDR 16 TDI (FFFF);
RUNTEST 1000 TCK;
SDR 16 TDI (FFFF);
RUNTEST 1000 TCK;
SDR 16 TDI (7FFF);
RUNTEST 1000 TCK;
SDR 16 TDI (FFFF);
RUNTEST 1000 TCK;
SDR 16 TDI (FF7F);
RUNTEST 1000 TCK;
SDR 16 TDI (FFFF);
RUNTEST 1000 TCK;
SDR 16 TDI (BFFF);
RUNTEST 1000 TCK;
SDR 16 TDI (FFFF);
RUNTEST 1000 TCK;
SDR 16 TDI (FFFF);
RUNTEST 1000 TCK;
SDR 16 TDI (FFFF);
RUNTEST 1000 TCK;
SDR 16 TDI (7FFF);
RUNTEST 1000 TCK;
SDR 16 TDI (FFFF);
RUNTEST 1000 TCK;
SDR 16 TDI (FFFF);
RUNTEST 1000 TCK;
SDR 16 TDI (FFFF);
RUNTEST 1000 TCK;
SDR 16 TDI (BFFF);
RUNTEST 1000 TCK;
SDR 16 TDI (FFFF);
RUNTEST 1000 TCK;
SDR 16 TDI (FFFF);
RUNTEST 1000 TCK;
SDR 16 TDI (FFFF);
RUNTEST 1000 TCK;
SDR 16 TDI (5FFF);
RUNTEST 1000 TCK;
SDR 16 TDI (FFFF);
RUNTEST 1000 TCK;
SDR 16 TDI (FFFF);
RUNTEST 1000 TCK;
SDR 16 TDI (FFFF);
RUNTEST 1000 TCK;
SDR 16 TDI (BFFF);
RUNTEST 1000 TCK;
SDR 16 TDI (FFFF);
RUNTEST 1000 TCK;
SDR 16 TDI (FFFF);
RUNTEST 1000 TCK;
SDR 16 TDI (FFFF);
RUNTEST 1000 TCK;
SDR 16 TDI (7FFF);
RUNTEST 1000 TCK;
SDR 16 TDI (FFFF);
RUNTEST 1000 TCK;
SDR 16 TDI (FFFF);
RUNTEST 1000 TCK;
SDR 16 TDI (FFFB);
RUNTEST 1000 TCK;
SDR 16 TDI (BFFF);
RUNTEST 1000 TCK;
SDR 16 TDI (FFFF);
RUNTEST 1000 TCK;
SDR 16 TDI (FFFF);
RUNTEST 1000 TCK;
SDR 16 TDI (FFFF);
RUNTEST 1000 TCK;
SDR 16 TDI (7FFF);
RUNTEST 1000 TCK;
SDR 16 TDI (FFFF);
RUNTEST 1000 TCK;
SDR 16 TDI (FFFF);
RUNTEST 1000 TCK;
SDR 16 TDI (FFEF);
RUNTEST 1000 TCK;
SDR 16 TDI (BFFF);
RUNTEST 1000 TCK;
SDR 16 TDI (FFFF);
RUNTEST 1000 TCK;
SDR 16 TDI (FFFF);
RUNTEST 1000 TCK;
SDR 16 TDI (FFFF);
RUNTEST 1000 TCK;
SDR 16 TDI (5FFF);
RUNTEST 1000 TCK;
SDR 16 TDI (FFFF);
RUNTEST 1000 TCK;
SDR 16 TDI (FFFF);
RUNTEST 1000 TCK;
SDR 16 TDI (FFFF);
RUNTEST 1000 TCK;
SDR 16 TDI (BFFF);
RUNTEST 1000 TCK;
SDR 16 TDI (FFFF);
RUNTEST 1000 TCK;
SDR 16 TDI (FFFF);
RUNTEST 1000 TCK;
SDR 16 TDI (FFFF);
RUNTEST 1000 TCK;
SDR 16 TDI (7FFF);
RUNTEST 1000 TCK;
SDR 16 TDI (FFFF);
RUNTEST 1000 TCK;
SDR 16 TDI (FFFF);
RUNTEST 1000 TCK;
SDR 16 TDI (FFFF);
RUNTEST 1000 TCK;
SDR 16 TDI (BFFF);
RUNTEST 1000 TCK;
SDR 16 TDI (FFFF);
RUNTEST 1000 TCK;
SDR 16 TDI (FFFF);
RUNTEST 1000 TCK;
SDR 16 TDI (FFFF);
RUNTEST 1000 TCK;
SDR 16 TDI (7FFF);
RUNTEST 1000 TCK;
SDR 16 TDI (FFFF);
RUNTEST 1000 TCK;
SDR 16 TDI (FFFF);
RUNTEST 1000 TCK;
SDR 16 TDI (FFFF);
RUNTEST 1000 TCK;
SDR 16 TDI (BFFF);
RUNTEST 1000 TCK;
SDR 16 TDI (FFFF);
RUNTEST 1000 TCK;
SDR 16 TDI (FFFF);
RUNTEST 1000 TCK;
SDR 16 TDI (FFFF);
RUNTEST 1000 TCK;
SDR 16 TDI (5FFF);
RUNTEST 1000 TCK;
SDR 16 TDI (FFFF);
RUNTEST 1000 TCK;
SDR 16 TDI (FFFF);
RUNTEST 1000 TCK;
SDR 16 TDI (FFFF);
RUNTEST 1000 TCK;
SDR 16 TDI (BFFF);
RUNTEST 1000 TCK;
SDR 16 TDI (FFFF);
RUNTEST 1000 TCK;
SDR 16 TDI (FFFF);
RUNTEST 1000 TCK;
SDR 16 TDI (FFFF);
RUNTEST 1000 TCK;
SDR 16 TDI (7FFF);
RUNTEST 1000 TCK;
SDR 16 TDI (FFFF);
RUNTEST 1000 TCK;
SDR 16 TDI (FFFF);
RUNTEST 1000 TCK;
SDR 16 TDI (FFFF);
RUNTEST 1000 TCK;
SDR 16 TDI (BFFF);
RUNTEST 1000 TCK;
SDR 16 TDI (FFFF);
RUNTEST 1000 TCK;
SDR 16 TDI (FFFF);
RUNTEST 1000 TCK;
SDR 16 TDI (FFFF);
RUNTEST 1000 TCK;
SDR 16 TDI (7FFF);
RUNTEST 1000 TCK;
SDR 16 TDI (FFFF);
RUNTEST 1000 TCK;
SDR 16 TDI (FFFF);
RUNTEST 1000 TCK;
SDR 16 TDI (FFFF);
RUNTEST 1000 TCK;
SDR 16 TDI (BFFF);
RUNTEST 1000 TCK;
SDR 16 TDI (FFFF);
RUNTEST 1000 TCK;
SDR 16 TDI (FFFF);
RUNTEST 1000 TCK;
SDR 16 TDI (FFFF);
RUNTEST 1000 TCK;
SDR 16 TDI (7FFF);
RUNTEST 1000 TCK;
SDR 16 TDI (FFFF);
RUNTEST 1000 TCK;
SDR 16 TDI (FFFF);
RUNTEST 1000 TCK;
SDR 16 TDI (FFFF);
RUNTEST 1000 TCK;
SDR 16 TDI (BFFF);
RUNTEST 1000 TCK;
SDR 16 TDI (FFFF);
RUNTEST 1000 TCK;
SDR 16 TDI (FFFF);
RUNTEST 1000 TCK;
SDR 16 TDI (FFFF);
RUNTEST 1000 TCK;
SDR 16 TDI (7FFF);
RUNTEST 1000 TCK;
SDR 16 TDI (FFFF);
RUNTEST 1000 TCK;
SDR 16 TDI (FFBF);
RUNTEST 1000 TCK;
SDR 16 TDI (FFEF);
RUNTEST 1000 TCK;
SDR 16 TDI (BFFF);
RUNTEST 1000 TCK;
SDR 16 TDI (FFFF);
RUNTEST 1000 TCK;
SDR 16 TDI (FFFF);
RUNTEST 1000 TCK;
SDR 16 TDI (FFFF);
RUNTEST 1000 TCK;
SDR 16 TDI (7FFF);
RUNTEST 1000 TCK;
SDR 16 TDI (FFFF);
RUNTEST 1000 TCK;
SDR 16 TDI (FFFF);
RUNTEST 1000 TCK;
SDR 16 TDI (FFFF);
RUNTEST 1000 TCK;
SDR 16 TDI (BFFF);
RUNTEST 1000 TCK;
SDR 16 TDI (FFFF);
RUNTEST 1000 TCK;
SDR 16 TDI (FFFF);
RUNTEST 1000 TCK;
SDR 16 TDI (FFFF);
RUNTEST 1000 TCK;
SDR 16 TDI (7FFF);
RUNTEST 1000 TCK;
SDR 16 TDI (FFFF);
RUNTEST 1000 TCK;
SDR 16 TDI (FFFF);
RUNTEST 1000 TCK;
SDR 16 TDI (FFFF);
RUNTEST 1000 TCK;
SDR 16 TDI (BFFF);
RUNTEST 1000 TCK;
SDR 16 TDI (FFFF);
RUNTEST 1000 TCK;
SDR 16 TDI (FFFF);
RUNTEST 1000 TCK;
SDR 16 TDI (FFFF);
RUNTEST 1000 TCK;
SDR 16 TDI (7FFF);
RUNTEST 1000 TCK;
SDR 16 TDI (FFFF);
RUNTEST 1000 TCK;
SDR 16 TDI (FFFF);
RUNTEST 1000 TCK;
SDR 16 TDI (FFFF);
RUNTEST 1000 TCK;
SDR 16 TDI (BFFF);
RUNTEST 1000 TCK;
SDR 16 TDI (FFFF);
RUNTEST 1000 TCK;
SDR 16 TDI (FFFF);
RUNTEST 1000 TCK;
SDR 16 TDI (FFFF);
RUNTEST 1000 TCK;
SDR 16 TDI (7FFF);
RUNTEST 1000 TCK;
SDR 16 TDI (FFFF);
RUNTEST 1000 TCK;
SDR 16 TDI (FFFB);
RUNTEST 1000 TCK;
SDR 16 TDI (FFFF);
RUNTEST 1000 TCK;
SDR 16 TDI (BFFF);
RUNTEST 1000 TCK;
SDR 16 TDI (FFFF);
RUNTEST 1000 TCK;
SDR 16 TDI (FFFF);
RUNTEST 1000 TCK;
SDR 16 TDI (FFFF);
RUNTEST 1000 TCK;
SDR 16 TDI (7FFF);
RUNTEST 1000 TCK;
SDR 16 TDI (FFFF);
RUNTEST 1000 TCK;
SDR 16 TDI (FFFF);
RUNTEST 1000 TCK;
SDR 16 TDI (FFFF);
RUNTEST 1000 TCK;
SDR 16 TDI (BFFF);
RUNTEST 1000 TCK;
SDR 16 TDI (FFFF);
RUNTEST 1000 TCK;
SDR 16 TDI (FFFF);
RUNTEST 1000 TCK;
SDR 16 TDI (FFFF);
RUNTEST 1000 TCK;
SDR 16 TDI (7FFF);
RUNTEST 1000 TCK;
SDR 16 TDI (FFFF);
RUNTEST 1000 TCK;
SDR 16 TDI (FFFF);
RUNTEST 1000 TCK;
SDR 16 TDI (FFFF);
RUNTEST 1000 TCK;
SDR 16 TDI (BFFF);
RUNTEST 1000 TCK;
SDR 16 TDI (FFFF);
RUNTEST 1000 TCK;
SDR 16 TDI (FFFF);
RUNTEST 1000 TCK;
SDR 16 TDI (FFFF);
RUNTEST 1000 TCK;
SDR 16 TDI (7FFF);
RUNTEST 1000 TCK;
SDR 16 TDI (FFFF);
RUNTEST 1000 TCK;
SDR 16 TDI (FFFF);
RUNTEST 1000 TCK;
SDR 16 TDI (FFFF);
RUNTEST 1000 TCK;
SDR 16 TDI (BFFF);
RUNTEST 1000 TCK;
SDR 16 TDI (FFFF);
RUNTEST 1000 TCK;
SDR 16 TDI (FFFF);
RUNTEST 1000 TCK;
SDR 16 TDI (FFFF);
RUNTEST 1000 TCK;
SDR 16 TDI (5FFF);
RUNTEST 1000 TCK;
SDR 16 TDI (FFFF);
RUNTEST 1000 TCK;
SDR 16 TDI (FFFF);
RUNTEST 1000 TCK;
SDR 16 TDI (FFFF);
RUNTEST 1000 TCK;
SDR 16 TDI (BFFF);
RUNTEST 1000 TCK;
SDR 16 TDI (FFFF);
RUNTEST 1000 TCK;
SDR 16 TDI (FFFF);
RUNTEST 1000 TCK;
SDR 16 TDI (FFFF);
RUNTEST 1000 TCK;
SDR 16 TDI (7FFF);
RUNTEST 1000 TCK;
SDR 16 TDI (FFFF);
RUNTEST 1000 TCK;
SDR 16 TDI (FFFF);
RUNTEST 1000 TCK;
SDR 16 TDI (FFFF);
RUNTEST 1000 TCK;
SDR 16 TDI (BFFF);
RUNTEST 1000 TCK;
SDR 16 TDI (FFFF);
RUNTEST 1000 TCK;
SDR 16 TDI (FFFF);
RUNTEST 1000 TCK;
SDR 16 TDI (FFFF);
RUNTEST 1000 TCK;
SDR 16 TDI (7FFF);
RUNTEST 1000 TCK;
SDR 16 TDI (FFFF);
RUNTEST 1000 TCK;
SDR 16 TDI (FFFF);
RUNTEST 1000 TCK;
SDR 16 TDI (FFFF);
RUNTEST 1000 TCK;
SDR 16 TDI (BFFF);
RUNTEST 1000 TCK;
SDR 16 TDI (FFFF);
RUNTEST 1000 TCK;
SDR 16 TDI (FFFF);
RUNTEST 1000 TCK;
SDR 16 TDI (FFFF);
RUNTEST 1000 TCK;
SDR 16 TDI (5FFF);
RUNTEST 1000 TCK;
SDR 16 TDI (FFFF);
RUNTEST 1000 TCK;
SDR 16 TDI (FFFF);
RUNTEST 1000 TCK;
SDR 16 TDI (FFFF);
RUNTEST 1000 TCK;
SDR 16 TDI (BFFF);
RUNTEST 1000 TCK;
SDR 16 TDI (FFFF);
RUNTEST 1000 TCK;
SDR 16 TDI (FFFF);
RUNTEST 1000 TCK;
SDR 16 TDI (FFFF);
RUNTEST 1000 TCK;
SDR 16 TDI (7FFF);
RUNTEST 1000 TCK;
SDR 16 TDI (FFFF);
RUNTEST 1000 TCK;
SDR 16 TDI (FFBF);
RUNTEST 1000 TCK;
SDR 16 TDI (FFFF);
RUNTEST 1000 TCK;
SDR 16 TDI (BFFF);
RUNTEST 1000 TCK;
SDR 16 TDI (FFFF);
RUNTEST 1000 TCK;
SDR 16 TDI (FFFF);
RUNTEST 1000 TCK;
SDR 16 TDI (FFFF);
RUNTEST 1000 TCK;
SDR 16 TDI (7FFF);
RUNTEST 1000 TCK;
SDR 16 TDI (FFFF);
RUNTEST 1000 TCK;
SDR 16 TDI (FFFF);
RUNTEST 1000 TCK;
SDR 16 TDI (FFFF);
RUNTEST 1000 TCK;
SDR 16 TDI (BFFF);
RUNTEST 1000 TCK;
SDR 16 TDI (FFFF);
RUNTEST 1000 TCK;
SDR 16 TDI (FFFF);
RUNTEST 1000 TCK;
SDR 16 TDI (FFFF);
RUNTEST 1000 TCK;
SDR 16 TDI (7FFF);
RUNTEST 1000 TCK;
SDR 16 TDI (FFFF);
RUNTEST 1000 TCK;
SDR 16 TDI (FFFF);
RUNTEST 1000 TCK;
SDR 16 TDI (FFFF);
RUNTEST 1000 TCK;
SDR 16 TDI (BFFF);
RUNTEST 1000 TCK;
SDR 16 TDI (FFFF);
RUNTEST 1000 TCK;
SDR 16 TDI (FFFF);
RUNTEST 1000 TCK;
SDR 16 TDI (FFFF);
RUNTEST 1000 TCK;
SDR 16 TDI (7FFF);
RUNTEST 1000 TCK;
SDR 16 TDI (FFFF);
RUNTEST 1000 TCK;
SDR 16 TDI (FFFF);
RUNTEST 1000 TCK;
SDR 16 TDI (FFFF);
RUNTEST 1000 TCK;
SDR 16 TDI (BFFF);
RUNTEST 1000 TCK;
SDR 16 TDI (FFFF);
RUNTEST 1000 TCK;
SDR 16 TDI (FFFF);
RUNTEST 1000 TCK;
SDR 16 TDI (FFFF);
RUNTEST 1000 TCK;
SDR 16 TDI (7FFF);
RUNTEST 1000 TCK;
SDR 16 TDI (FFFF);
RUNTEST 1000 TCK;
SDR 16 TDI (FF7B);
RUNTEST 1000 TCK;
SDR 16 TDI (FFFF);
RUNTEST 1000 TCK;
SDR 16 TDI (BFFF);
RUNTEST 1000 TCK;
SDR 16 TDI (FFFF);
RUNTEST 1000 TCK;
SDR 16 TDI (FFFF);
RUNTEST 1000 TCK;
SDR 16 TDI (FFFF);
RUNTEST 1000 TCK;
SDR 16 TDI (5FFF);
RUNTEST 1000 TCK;
SDR 16 TDI (FFFF);
RUNTEST 1000 TCK;
SDR 16 TDI (FFFF);
RUNTEST 1000 TCK;
SDR 16 TDI (FFFF);
RUNTEST 1000 TCK;
SDR 16 TDI (BFFF);
RUNTEST 1000 TCK;
SDR 16 TDI (FEEE);
RUNTEST 1000 TCK;
SDR 16 TDI (FFD9);
RUNTEST 1000 TCK;
SDR 16 TDI (FFFF);
RUNTEST 1000 TCK;
SDR 16 TDI (7F73);
RUNTEST 1000 TCK;
SDR 16 TDI (7FCE);
RUNTEST 1000 TCK;
SDR 16 TDI (FFFF);
RUNTEST 1000 TCK;
SDR 16 TDI (FCCD);
RUNTEST 1000 TCK;
SDR 16 TDI (BFF7);
RUNTEST 1000 TCK;
SDR 16 TDI (67FF);
RUNTEST 1000 TCK;
SDR 16 TDI (FE6E);
RUNTEST 1000 TCK;
SDR 16 TDI (FFD9);
RUNTEST 1000 TCK;
SDR 16 TDI (7FFF);
RUNTEST 1000 TCK;
SDR 16 TDI (FF33);
RUNTEST 1000 TCK;
SDR 16 TDI (3FCC);
RUNTEST 1000 TCK;
SDR 16 TDI (CFFF);
RUNTEST 1000 TCK;
SDR 16 TDI (BFCC);
RUNTEST 1000 TCK;
SDR 16 TDI (CDF3);
RUNTEST 1000 TCK;
SDR 16 TDI (33FF);
RUNTEST 1000 TCK;
SDR 16 TDI (FF37);
RUNTEST 1000 TCK;
SDR 16 TDI (67FD);
RUNTEST 1000 TCK;
SDR 16 TDI (DFFF);
RUNTEST 1000 TCK;
SDR 16 TDI (FFFF);
RUNTEST 1000 TCK;
SDR 16 TDI (BFF7);
RUNTEST 1000 TCK;
SDR 16 TDI (AEFF);
RUNTEST 1000 TCK;
SDR 16 TDI (FFCD);
RUNTEST 1000 TCK;
SDR 16 TDI (DFF3);
RUNTEST 1000 TCK;
SDR 16 TDI (BFFF);
RUNTEST 1000 TCK;
SDR 16 TDI (7FE6);
RUNTEST 1000 TCK;
SDR 16 TDI (67FD);
RUNTEST 1000 TCK;
SDR 16 TDI (DDFF);
RUNTEST 1000 TCK;
SDR 16 TDI (FFFF);
RUNTEST 1000 TCK;
SDR 16 TDI (BFFF);
RUNTEST 1000 TCK;
SDR 16 TDI (FFFF);
RUNTEST 1000 TCK;
SDR 16 TDI (FFFF);
RUNTEST 1000 TCK;
SDR 16 TDI (FFFF);
RUNTEST 1000 TCK;
SDR 16 TDI (7FFF);
RUNTEST 1000 TCK;
SDR 16 TDI (FFFF);
RUNTEST 1000 TCK;
SDR 16 TDI (FFFF);
RUNTEST 1000 TCK;
SDR 16 TDI (FFFF);
RUNTEST 1000 TCK;
SDR 16 TDI (BFFF);
RUNTEST 1000 TCK;
SDR 16 TDI (FFFF);
RUNTEST 1000 TCK;
SDR 16 TDI (FFFF);
RUNTEST 1000 TCK;
SDR 16 TDI (FFFF);
RUNTEST 1000 TCK;
SDR 16 TDI (7FFF);
RUNTEST 1000 TCK;
SDR 16 TDI (FFFF);
RUNTEST 1000 TCK;
SDR 16 TDI (FFFF);
RUNTEST 1000 TCK;
SDR 16 TDI (FFFF);
RUNTEST 1000 TCK;
SDR 16 TDI (BFFF);
RUNTEST 1000 TCK;
SDR 16 TDI (FFFF);
RUNTEST 1000 TCK;
SDR 16 TDI (FFFF);
RUNTEST 1000 TCK;
SDR 16 TDI (FFFF);
RUNTEST 1000 TCK;
SDR 16 TDI (7FFF);
RUNTEST 1000 TCK;
SDR 16 TDI (FFFF);
RUNTEST 1000 TCK;
SDR 16 TDI (FFFF);
RUNTEST 1000 TCK;
SDR 16 TDI (FFFF);
RUNTEST 1000 TCK;
SDR 16 TDI (BFFF);
RUNTEST 1000 TCK;
SDR 16 TDI (FFFF);
RUNTEST 1000 TCK;
SDR 16 TDI (FFFF);
RUNTEST 1000 TCK;
SDR 16 TDI (FFFF);
RUNTEST 1000 TCK;
SDR 16 TDI (7FFF);
RUNTEST 1000 TCK;
SDR 16 TDI (FFFF);
RUNTEST 1000 TCK;
SDR 16 TDI (FFFF);
RUNTEST 1000 TCK;
SDR 16 TDI (FFFF);
RUNTEST 1000 TCK;
SDR 16 TDI (BFFC);
RUNTEST 1000 TCK;
SDR 16 TDI (F9E7);
RUNTEST 1000 TCK;
SDR 16 TDI (CF9F);
RUNTEST 1000 TCK;
SDR 16 TDI (FFF3);
RUNTEST 1000 TCK;
SDR 16 TDI (5CF3);
RUNTEST 1000 TCK;
SDR 16 TDI (E7CF);
RUNTEST 1000 TCK;
SDR 16 TDI (FFF9);
RUNTEST 1000 TCK;
SDR 16 TDI (F3CF);
RUNTEST 1000 TCK;
SDR 16 TDI (B3E7);
RUNTEST 1000 TCK;
SDR 16 TDI (9FFC);
RUNTEST 1000 TCK;
SDR 16 TDI (F9E7);
RUNTEST 1000 TCK;
SDR 16 TDI (CF9F);
RUNTEST 1000 TCK;
SDR 16 TDI (7FFE);
RUNTEST 1000 TCK;
SDR 16 TDI (7CF3);
RUNTEST 1000 TCK;
SDR 16 TDI (E7CF);
RUNTEST 1000 TCK;
SDR 16 TDI (3FFC);
RUNTEST 1000 TCK;
SDR 16 TDI (BF3F);
RUNTEST 1000 TCK;
SDR 16 TDI (FFFF);
RUNTEST 1000 TCK;
SDR 16 TDI (FFFE);
RUNTEST 1000 TCK;
SDR 16 TDI (7CFF);
RUNTEST 1000 TCK;
SDR 16 TDI (7CF9);
RUNTEST 1000 TCK;
SDR 16 TDI (FFFF);
RUNTEST 1000 TCK;
SDR 16 TDI (3E79);
RUNTEST 1000 TCK;
SDR 16 TDI (F3E7);
RUNTEST 1000 TCK;
SDR 16 TDI (B3FF);
RUNTEST 1000 TCK;
SDR 16 TDI (9F3C);
RUNTEST 1000 TCK;
SDR 16 TDI (F9F3);
RUNTEST 1000 TCK;
SDR 16 TDI (FFFE);
RUNTEST 1000 TCK;
SDR 16 TDI (4F9E);
RUNTEST 1000 TCK;
SDR 16 TDI (7CF9);
RUNTEST 1000 TCK;
SDR 16 TDI (E7FF);
RUNTEST 1000 TCK;
SDR 16 TDI (FFFF);
RUNTEST 1000 TCK;
SDR 16 TDI (BFFF);
RUNTEST 1000 TCK;
SDR 16 TDI (FFFF);
RUNTEST 1000 TCK;
SDR 16 TDI (FFFF);
RUNTEST 1000 TCK;
SDR 16 TDI (FFFF);
RUNTEST 1000 TCK;
SDR 16 TDI (7FFF);
RUNTEST 1000 TCK;
SDR 16 TDI (FFFF);
RUNTEST 1000 TCK;
SDR 16 TDI (FFFF);
RUNTEST 1000 TCK;
SDR 16 TDI (FFFF);
RUNTEST 1000 TCK;
SDR 16 TDI (BFFF);
RUNTEST 1000 TCK;
SDR 16 TDI (FFFF);
RUNTEST 1000 TCK;
SDR 16 TDI (FFFF);
RUNTEST 1000 TCK;
SDR 16 TDI (FFFF);
RUNTEST 1000 TCK;
SDR 16 TDI (7FFF);
RUNTEST 1000 TCK;
SDR 16 TDI (FFFF);
RUNTEST 1000 TCK;
SDR 16 TDI (FFFF);
RUNTEST 1000 TCK;
SDR 16 TDI (FFFF);
RUNTEST 1000 TCK;
SDR 16 TDI (BFFF);
RUNTEST 1000 TCK;
SDR 16 TDI (FFFF);
RUNTEST 1000 TCK;
SDR 16 TDI (FFFF);
RUNTEST 1000 TCK;
SDR 16 TDI (FFFF);
RUNTEST 1000 TCK;
SDR 16 TDI (7FFF);
RUNTEST 1000 TCK;
SDR 16 TDI (FFFF);
RUNTEST 1000 TCK;
SDR 16 TDI (FFFF);
RUNTEST 1000 TCK;
SDR 16 TDI (FFFF);
RUNTEST 1000 TCK;
SDR 16 TDI (BFFF);
RUNTEST 1000 TCK;
SDR 16 TDI (FFFF);
RUNTEST 1000 TCK;
SDR 16 TDI (FFFF);
RUNTEST 1000 TCK;
SDR 16 TDI (FFFF);
RUNTEST 1000 TCK;
SDR 16 TDI (7FFF);
RUNTEST 1000 TCK;
SDR 16 TDI (FFFF);
RUNTEST 1000 TCK;
SDR 16 TDI (FFFF);
RUNTEST 1000 TCK;
SDR 16 TDI (FFFF);
RUNTEST 1000 TCK;
SDR 16 TDI (BFFF);
RUNTEST 1000 TCK;
SDR 16 TDI (FFFF);
RUNTEST 1000 TCK;
SDR 16 TDI (FFFF);
RUNTEST 1000 TCK;
SDR 16 TDI (FFFF);
RUNTEST 1000 TCK;
SDR 16 TDI (7FFF);
RUNTEST 1000 TCK;
SDR 16 TDI (FFFF);
RUNTEST 1000 TCK;
SDR 16 TDI (FFFF);
RUNTEST 1000 TCK;
SDR 16 TDI (FFFF);
RUNTEST 1000 TCK;
SDR 16 TDI (BFFF);
RUNTEST 1000 TCK;
SDR 16 TDI (FFFF);
RUNTEST 1000 TCK;
SDR 16 TDI (FFFF);
RUNTEST 1000 TCK;
SDR 16 TDI (FFFF);
RUNTEST 1000 TCK;
SDR 16 TDI (7FFF);
RUNTEST 1000 TCK;
SDR 16 TDI (FFFF);
RUNTEST 1000 TCK;
SDR 16 TDI (FFFF);
RUNTEST 1000 TCK;
SDR 16 TDI (FFFF);
RUNTEST 1000 TCK;
SDR 16 TDI (BFFF);
RUNTEST 1000 TCK;
SDR 16 TDI (FFFF);
RUNTEST 1000 TCK;
SDR 16 TDI (FFFF);
RUNTEST 1000 TCK;
SDR 16 TDI (FFFF);
RUNTEST 1000 TCK;
SDR 16 TDI (7FFF);
RUNTEST 1000 TCK;
SDR 16 TDI (FFFF);
RUNTEST 1000 TCK;
SDR 16 TDI (FFFF);
RUNTEST 1000 TCK;
SDR 16 TDI (FFFF);
RUNTEST 1000 TCK;
SDR 16 TDI (BFFF);
RUNTEST 1000 TCK;
SDR 16 TDI (FFFF);
RUNTEST 1000 TCK;
SDR 16 TDI (FFFF);
RUNTEST 1000 TCK;
SDR 16 TDI (FFFF);
RUNTEST 1000 TCK;
SDR 16 TDI (7FFF);
RUNTEST 1000 TCK;
SDR 16 TDI (FFFF);
RUNTEST 1000 TCK;
SDR 16 TDI (FFFF);
RUNTEST 1000 TCK;
SDR 16 TDI (FFFF);
RUNTEST 1000 TCK;
SDR 16 TDI (BFFF);
RUNTEST 1000 TCK;
SDR 16 TDI (FFFF);
RUNTEST 1000 TCK;
SDR 16 TDI (FFFF);
RUNTEST 1000 TCK;
SDR 16 TDI (FFFF);
RUNTEST 1000 TCK;
SDR 16 TDI (7FFF);
RUNTEST 1000 TCK;
SDR 16 TDI (FFFF);
RUNTEST 1000 TCK;
SDR 16 TDI (FFFF);
RUNTEST 1000 TCK;
SDR 16 TDI (FFFF);
RUNTEST 1000 TCK;
SDR 16 TDI (BFFF);
RUNTEST 1000 TCK;
SDR 16 TDI (FFFF);
RUNTEST 1000 TCK;
SDR 16 TDI (FFFF);
RUNTEST 1000 TCK;
SDR 16 TDI (FFFF);
RUNTEST 1000 TCK;
SDR 16 TDI (7FFF);
RUNTEST 1000 TCK;
SDR 16 TDI (FFFF);
RUNTEST 1000 TCK;
SDR 16 TDI (FFFF);
RUNTEST 1000 TCK;
SDR 16 TDI (FFFF);
RUNTEST 1000 TCK;
SDR 16 TDI (BFFF);
RUNTEST 1000 TCK;
SDR 16 TDI (FFFF);
RUNTEST 1000 TCK;
SDR 16 TDI (FFFF);
RUNTEST 1000 TCK;
SDR 16 TDI (FFFF);
RUNTEST 1000 TCK;
SDR 16 TDI (7FFF);
RUNTEST 1000 TCK;
SDR 16 TDI (FFFF);
RUNTEST 1000 TCK;
SDR 16 TDI (FFFF);
RUNTEST 1000 TCK;
SDR 16 TDI (FFFF);
RUNTEST 1000 TCK;
SDR 16 TDI (BFFF);
RUNTEST 1000 TCK;
SDR 16 TDI (FFFF);
RUNTEST 1000 TCK;
SDR 16 TDI (FFFF);
RUNTEST 1000 TCK;
SDR 16 TDI (FFFF);
RUNTEST 1000 TCK;
SDR 16 TDI (7FFF);
RUNTEST 1000 TCK;
SDR 16 TDI (FFFF);
RUNTEST 1000 TCK;
SDR 16 TDI (FFFF);
RUNTEST 1000 TCK;
SDR 16 TDI (FFFF);
RUNTEST 1000 TCK;
SDR 16 TDI (BFFF);
RUNTEST 1000 TCK;
SDR 16 TDI (FFFF);
RUNTEST 1000 TCK;
SDR 16 TDI (FFFF);
RUNTEST 1000 TCK;
SDR 16 TDI (FFFF);
RUNTEST 1000 TCK;
SDR 16 TDI (7FFF);
RUNTEST 1000 TCK;
SDR 16 TDI (FFFF);
RUNTEST 1000 TCK;
SDR 16 TDI (FFFF);
RUNTEST 1000 TCK;
SDR 16 TDI (FFFF);
RUNTEST 1000 TCK;
SDR 16 TDI (BFFF);
RUNTEST 1000 TCK;
SDR 16 TDI (FFFF);
RUNTEST 1000 TCK;
SDR 16 TDI (FFFF);
RUNTEST 1000 TCK;
SDR 16 TDI (FFFF);
RUNTEST 1000 TCK;
SDR 16 TDI (7FFF);
RUNTEST 1000 TCK;
SDR 16 TDI (FFFF);
RUNTEST 1000 TCK;
SDR 16 TDI (FFFF);
RUNTEST 1000 TCK;
SDR 16 TDI (FFFF);
RUNTEST 1000 TCK;
SDR 16 TDI (BFFF);
RUNTEST 1000 TCK;
SDR 16 TDI (FFFF);
RUNTEST 1000 TCK;
SDR 16 TDI (FFFF);
RUNTEST 1000 TCK;
SDR 16 TDI (FFFF);
RUNTEST 1000 TCK;
SDR 16 TDI (7FFF);
RUNTEST 1000 TCK;
SDR 16 TDI (FFFF);
RUNTEST 1000 TCK;
SDR 16 TDI (FFFF);
RUNTEST 1000 TCK;
SDR 16 TDI (FFFF);
RUNTEST 1000 TCK;
SDR 16 TDI (BFFF);
RUNTEST 1000 TCK;
SDR 16 TDI (FFFF);
RUNTEST 1000 TCK;
SDR 16 TDI (FFFF);
RUNTEST 1000 TCK;
SDR 16 TDI (FFFF);
RUNTEST 1000 TCK;
SDR 16 TDI (7FFF);
RUNTEST 1000 TCK;
SDR 16 TDI (FFFF);
RUNTEST 1000 TCK;
SDR 16 TDI (FFFF);
RUNTEST 1000 TCK;
SDR 16 TDI (FFFF);
RUNTEST 1000 TCK;
SDR 16 TDI (BFFF);
RUNTEST 1000 TCK;
SDR 16 TDI (FFFF);
RUNTEST 1000 TCK;
SDR 16 TDI (FFFF);
RUNTEST 1000 TCK;
SDR 16 TDI (FFFF);
RUNTEST 1000 TCK;
SDR 16 TDI (7FFF);
RUNTEST 1000 TCK;
SDR 16 TDI (FFFF);
RUNTEST 1000 TCK;
SDR 16 TDI (FFFF);
RUNTEST 1000 TCK;
SDR 16 TDI (FFFF);
RUNTEST 1000 TCK;
SDR 16 TDI (BFFF);
RUNTEST 1000 TCK;
SDR 16 TDI (FFFF);
RUNTEST 1000 TCK;
SDR 16 TDI (FFFF);
RUNTEST 1000 TCK;
SDR 16 TDI (FFFF);
RUNTEST 1000 TCK;
SDR 16 TDI (7FFF);
RUNTEST 1000 TCK;
SDR 16 TDI (FFFF);
RUNTEST 1000 TCK;
SDR 16 TDI (FFFF);
RUNTEST 1000 TCK;
SDR 16 TDI (FFFF);
RUNTEST 1000 TCK;
SDR 16 TDI (BFFF);
RUNTEST 1000 TCK;
SDR 16 TDI (FFFF);
RUNTEST 1000 TCK;
SDR 16 TDI (FFFF);
RUNTEST 1000 TCK;
SDR 16 TDI (FFFF);
RUNTEST 1000 TCK;
SDR 16 TDI (7FFF);
RUNTEST 1000 TCK;
SDR 16 TDI (FFFF);
RUNTEST 1000 TCK;
SDR 16 TDI (FFFF);
RUNTEST 1000 TCK;
SDR 16 TDI (FFFF);
RUNTEST 1000 TCK;
SDR 16 TDI (BFFF);
RUNTEST 1000 TCK;
SDR 16 TDI (FFFF);
RUNTEST 1000 TCK;
SDR 16 TDI (FFFF);
RUNTEST 1000 TCK;
SDR 16 TDI (FFFF);
RUNTEST 1000 TCK;
SDR 16 TDI (7FFF);
RUNTEST 1000 TCK;
SDR 16 TDI (FFFF);
RUNTEST 1000 TCK;
SDR 16 TDI (FFFF);
RUNTEST 1000 TCK;
SDR 16 TDI (FFFF);
RUNTEST 1000 TCK;
SDR 16 TDI (BFFF);
RUNTEST 1000 TCK;
SDR 16 TDI (FFFF);
RUNTEST 1000 TCK;
SDR 16 TDI (FFFF);
RUNTEST 1000 TCK;
SDR 16 TDI (FFFF);
RUNTEST 1000 TCK;
SDR 16 TDI (7FFF);
RUNTEST 1000 TCK;
SDR 16 TDI (FFFF);
RUNTEST 1000 TCK;
SDR 16 TDI (FFFF);
RUNTEST 1000 TCK;
SDR 16 TDI (FFFF);
RUNTEST 1000 TCK;
SDR 16 TDI (BFFF);
RUNTEST 1000 TCK;
SDR 16 TDI (FFFF);
RUNTEST 1000 TCK;
SDR 16 TDI (FFFF);
RUNTEST 1000 TCK;
SDR 16 TDI (FFFF);
RUNTEST 1000 TCK;
SDR 16 TDI (7FFF);
RUNTEST 1000 TCK;
SDR 16 TDI (FFFF);
RUNTEST 1000 TCK;
SDR 16 TDI (FFFF);
RUNTEST 1000 TCK;
SDR 16 TDI (FFFF);
RUNTEST 1000 TCK;
SDR 16 TDI (BFFF);
RUNTEST 1000 TCK;
SDR 16 TDI (FFFF);
RUNTEST 1000 TCK;
SDR 16 TDI (FFFF);
RUNTEST 1000 TCK;
SDR 16 TDI (FFFF);
RUNTEST 1000 TCK;
SDR 16 TDI (7FFF);
RUNTEST 1000 TCK;
SDR 16 TDI (FFFF);
RUNTEST 1000 TCK;
SDR 16 TDI (FFFF);
RUNTEST 1000 TCK;
SDR 16 TDI (FFFF);
RUNTEST 1000 TCK;
SDR 16 TDI (BFFF);
RUNTEST 1000 TCK;
SDR 16 TDI (FFFF);
RUNTEST 1000 TCK;
SDR 16 TDI (FFFF);
RUNTEST 1000 TCK;
SDR 16 TDI (FFFF);
RUNTEST 1000 TCK;
SDR 16 TDI (7FFF);
RUNTEST 1000 TCK;
SDR 16 TDI (FFFF);
RUNTEST 1000 TCK;
SDR 16 TDI (FFFF);
RUNTEST 1000 TCK;
SDR 16 TDI (FFFF);
RUNTEST 1000 TCK;
SDR 16 TDI (BFFF);
RUNTEST 1000 TCK;
SDR 16 TDI (FFFF);
RUNTEST 1000 TCK;
SDR 16 TDI (FFFF);
RUNTEST 1000 TCK;
SDR 16 TDI (FFFF);
RUNTEST 1000 TCK;
SDR 16 TDI (7FFF);
RUNTEST 1000 TCK;
SDR 16 TDI (FFFF);
RUNTEST 1000 TCK;
SDR 16 TDI (FFFF);
RUNTEST 1000 TCK;
SDR 16 TDI (FFFF);
RUNTEST 1000 TCK;
SDR 16 TDI (BFFF);
RUNTEST 1000 TCK;
SDR 16 TDI (FFFF);
RUNTEST 1000 TCK;
SDR 16 TDI (FFFF);
RUNTEST 1000 TCK;
SDR 16 TDI (FFFF);
RUNTEST 1000 TCK;
SDR 16 TDI (7FFF);
RUNTEST 1000 TCK;
SDR 16 TDI (FFFF);
RUNTEST 1000 TCK;
SDR 16 TDI (FFFF);
RUNTEST 1000 TCK;
SDR 16 TDI (FFFF);
RUNTEST 1000 TCK;
SDR 16 TDI (BFFF);
RUNTEST 1000 TCK;
SDR 16 TDI (FFFF);
RUNTEST 1000 TCK;
SDR 16 TDI (FFFF);
RUNTEST 1000 TCK;
SDR 16 TDI (FFFF);
RUNTEST 1000 TCK;
SDR 16 TDI (7FFF);
RUNTEST 1000 TCK;
SDR 16 TDI (FFFF);
RUNTEST 1000 TCK;
SDR 16 TDI (FFFF);
RUNTEST 1000 TCK;
SDR 16 TDI (FFFF);
RUNTEST 1000 TCK;
SDR 16 TDI (BFFF);
RUNTEST 1000 TCK;
SDR 16 TDI (FFFF);
RUNTEST 1000 TCK;
SDR 16 TDI (FFFF);
RUNTEST 1000 TCK;
SDR 16 TDI (FFFF);
RUNTEST 1000 TCK;
SDR 16 TDI (7FFF);
RUNTEST 1000 TCK;
SDR 16 TDI (FFFF);
RUNTEST 1000 TCK;
SDR 16 TDI (FFFF);
RUNTEST 1000 TCK;
SDR 16 TDI (FFFF);
RUNTEST 1000 TCK;
SDR 16 TDI (BFFF);
RUNTEST 1000 TCK;
SDR 16 TDI (FFFF);
RUNTEST 1000 TCK;
SDR 16 TDI (FFFF);
RUNTEST 1000 TCK;
SDR 16 TDI (FFFF);
RUNTEST 1000 TCK;
SDR 16 TDI (7FFF);
RUNTEST 1000 TCK;
SDR 16 TDI (FFFF);
RUNTEST 1000 TCK;
SDR 16 TDI (FFFF);
RUNTEST 1000 TCK;
SDR 16 TDI (FFFF);
RUNTEST 1000 TCK;
SDR 16 TDI (BFFF);
RUNTEST 1000 TCK;
SDR 16 TDI (FFFF);
RUNTEST 1000 TCK;
SDR 16 TDI (FFFF);
RUNTEST 1000 TCK;
SDR 16 TDI (FFFF);
RUNTEST 1000 TCK;
SDR 16 TDI (7FFF);
RUNTEST 1000 TCK;
SDR 16 TDI (FFFF);
RUNTEST 1000 TCK;
SDR 16 TDI (FFFF);
RUNTEST 1000 TCK;
SDR 16 TDI (FFFF);
RUNTEST 1000 TCK;
SDR 16 TDI (BFFF);
RUNTEST 1000 TCK;
SDR 16 TDI (FFFF);
RUNTEST 1000 TCK;
SDR 16 TDI (FFFF);
RUNTEST 1000 TCK;
SDR 16 TDI (FFFF);
RUNTEST 1000 TCK;
SDR 16 TDI (7FFF);
RUNTEST 1000 TCK;
SDR 16 TDI (FFFF);
RUNTEST 1000 TCK;
SDR 16 TDI (FFFF);
RUNTEST 1000 TCK;
SDR 16 TDI (FFFF);
RUNTEST 1000 TCK;
SDR 16 TDI (BFFF);
RUNTEST 1000 TCK;
SDR 16 TDI (FFFF);
RUNTEST 1000 TCK;
SDR 16 TDI (FFFF);
RUNTEST 1000 TCK;
SDR 16 TDI (FFFF);
RUNTEST 1000 TCK;
SDR 16 TDI (7FFF);
RUNTEST 1000 TCK;
SDR 16 TDI (FFFF);
RUNTEST 1000 TCK;
SDR 16 TDI (FFFF);
RUNTEST 1000 TCK;
SDR 16 TDI (FFFF);
RUNTEST 1000 TCK;
SDR 16 TDI (BFFF);
RUNTEST 1000 TCK;
SDR 16 TDI (FFFF);
RUNTEST 1000 TCK;
SDR 16 TDI (FFFF);
RUNTEST 1000 TCK;
SDR 16 TDI (FFFF);
RUNTEST 1000 TCK;
SDR 16 TDI (7FFF);
RUNTEST 1000 TCK;
SDR 16 TDI (FFFF);
RUNTEST 1000 TCK;
SDR 16 TDI (FFFF);
RUNTEST 1000 TCK;
SDR 16 TDI (FFFF);
RUNTEST 1000 TCK;
SDR 16 TDI (BFFF);
RUNTEST 1000 TCK;
SDR 16 TDI (FFFF);
RUNTEST 1000 TCK;
SDR 16 TDI (FFFF);
RUNTEST 1000 TCK;
SDR 16 TDI (FFFF);
RUNTEST 1000 TCK;
SDR 16 TDI (7FFF);
RUNTEST 1000 TCK;
SDR 16 TDI (FFFF);
RUNTEST 1000 TCK;
SDR 16 TDI (FFFF);
RUNTEST 1000 TCK;
SDR 16 TDI (FFFF);
RUNTEST 1000 TCK;
SDR 16 TDI (BFFF);
RUNTEST 1000 TCK;
SDR 16 TDI (FFFF);
RUNTEST 1000 TCK;
SDR 16 TDI (FFFF);
RUNTEST 1000 TCK;
SDR 16 TDI (FFFF);
RUNTEST 1000 TCK;
SDR 16 TDI (7FFF);
RUNTEST 1000 TCK;
SDR 16 TDI (FFFF);
RUNTEST 1000 TCK;
SDR 16 TDI (FFFF);
RUNTEST 1000 TCK;
SDR 16 TDI (FFFF);
RUNTEST 1000 TCK;
SDR 16 TDI (BFFF);
RUNTEST 1000 TCK;
SDR 16 TDI (FFFF);
RUNTEST 1000 TCK;
SDR 16 TDI (FFFF);
RUNTEST 1000 TCK;
SDR 16 TDI (FFFF);
RUNTEST 1000 TCK;
SDR 16 TDI (7FFF);
RUNTEST 1000 TCK;
SDR 16 TDI (FFFF);
RUNTEST 1000 TCK;
SDR 16 TDI (FFFF);
RUNTEST 1000 TCK;
SDR 16 TDI (FFFF);
RUNTEST 1000 TCK;
SDR 16 TDI (BFFF);
RUNTEST 1000 TCK;
SDR 16 TDI (FFFF);
RUNTEST 1000 TCK;
SDR 16 TDI (FFFF);
RUNTEST 1000 TCK;
SDR 16 TDI (FFFF);
RUNTEST 1000 TCK;
SDR 16 TDI (7FFF);
RUNTEST 1000 TCK;
SDR 16 TDI (FFFF);
RUNTEST 1000 TCK;
SDR 16 TDI (FFFF);
RUNTEST 1000 TCK;
SDR 16 TDI (FFFF);
RUNTEST 1000 TCK;
SDR 16 TDI (BFFF);
RUNTEST 1000 TCK;
SDR 16 TDI (FFFF);
RUNTEST 1000 TCK;
SDR 16 TDI (FFFF);
RUNTEST 1000 TCK;
SDR 16 TDI (FFFF);
RUNTEST 1000 TCK;
SDR 16 TDI (7FFF);
RUNTEST 1000 TCK;
SDR 16 TDI (FFFF);
RUNTEST 1000 TCK;
SDR 16 TDI (FFFF);
RUNTEST 1000 TCK;
SDR 16 TDI (FFFF);
RUNTEST 1000 TCK;
SDR 16 TDI (BFFF);
RUNTEST 1000 TCK;
SDR 16 TDI (FFFF);
RUNTEST 1000 TCK;
SDR 16 TDI (FFFF);
RUNTEST 1000 TCK;
SDR 16 TDI (FFFF);
RUNTEST 1000 TCK;
SDR 16 TDI (7FFF);
RUNTEST 1000 TCK;
SDR 16 TDI (FFFF);
RUNTEST 1000 TCK;
SDR 16 TDI (FFFF);
RUNTEST 1000 TCK;
SDR 16 TDI (FFFF);
RUNTEST 1000 TCK;
SDR 16 TDI (BFFF);
RUNTEST 1000 TCK;
SDR 16 TDI (FFFF);
RUNTEST 1000 TCK;
SDR 16 TDI (FFFF);
RUNTEST 1000 TCK;
SDR 16 TDI (FFFF);
RUNTEST 1000 TCK;
SDR 16 TDI (7FFF);
RUNTEST 1000 TCK;
SDR 16 TDI (FFFF);
RUNTEST 1000 TCK;
SDR 16 TDI (FFFF);
RUNTEST 1000 TCK;
SDR 16 TDI (FFFF);
RUNTEST 1000 TCK;
SDR 16 TDI (BFFF);
RUNTEST 1000 TCK;
SDR 16 TDI (FFFF);
RUNTEST 1000 TCK;
SDR 16 TDI (FFFF);
RUNTEST 1000 TCK;
SDR 16 TDI (FFFF);
RUNTEST 1000 TCK;
SDR 16 TDI (7FFF);
RUNTEST 1000 TCK;
SDR 16 TDI (FFFF);
RUNTEST 1000 TCK;
SDR 16 TDI (FFFF);
RUNTEST 1000 TCK;
SDR 16 TDI (FFFF);
RUNTEST 1000 TCK;
SDR 16 TDI (BFFF);
RUNTEST 1000 TCK;
SDR 16 TDI (FFFF);
RUNTEST 1000 TCK;
SDR 16 TDI (FFFF);
RUNTEST 1000 TCK;
SDR 16 TDI (FFFF);
RUNTEST 1000 TCK;
SDR 16 TDI (7FFF);
RUNTEST 1000 TCK;
SDR 16 TDI (FFFF);
RUNTEST 1000 TCK;
SDR 16 TDI (FFFF);
RUNTEST 1000 TCK;
SDR 16 TDI (FFFF);
RUNTEST 1000 TCK;
SDR 16 TDI (BFFF);
RUNTEST 1000 TCK;
SDR 16 TDI (FFFF);
RUNTEST 1000 TCK;
SDR 16 TDI (FFFF);
RUNTEST 1000 TCK;
SDR 16 TDI (FFFF);
RUNTEST 1000 TCK;
SDR 16 TDI (7FFF);
RUNTEST 1000 TCK;
SDR 16 TDI (FFFF);
RUNTEST 1000 TCK;
SDR 16 TDI (FFFF);
RUNTEST 1000 TCK;
SDR 16 TDI (FFFF);
RUNTEST 1000 TCK;
SDR 16 TDI (BFFF);
RUNTEST 1000 TCK;
SDR 16 TDI (FFFF);
RUNTEST 1000 TCK;
SDR 16 TDI (FFFF);
RUNTEST 1000 TCK;
SDR 16 TDI (FFFF);
RUNTEST 1000 TCK;
SDR 16 TDI (7FFF);
RUNTEST 1000 TCK;
SDR 16 TDI (FFFF);
RUNTEST 1000 TCK;
SDR 16 TDI (FFFF);
RUNTEST 1000 TCK;
SDR 16 TDI (FFFF);
RUNTEST 1000 TCK;
SDR 16 TDI (BFFF);
RUNTEST 1000 TCK;
SDR 16 TDI (FFFF);
RUNTEST 1000 TCK;
SDR 16 TDI (FFFF);
RUNTEST 1000 TCK;
SDR 16 TDI (FFFF);
RUNTEST 1000 TCK;
SDR 16 TDI (7FFF);
RUNTEST 1000 TCK;
SDR 16 TDI (FFFF);
RUNTEST 1000 TCK;
SDR 16 TDI (FFFF);
RUNTEST 1000 TCK;
SDR 16 TDI (FFFF);
RUNTEST 1000 TCK;
SDR 16 TDI (BFFF);
RUNTEST 1000 TCK;
SDR 16 TDI (FFFF);
RUNTEST 1000 TCK;
SDR 16 TDI (FFFF);
RUNTEST 1000 TCK;
SDR 16 TDI (FFFF);
RUNTEST 1000 TCK;
SDR 16 TDI (7FFF);
RUNTEST 1000 TCK;
SDR 16 TDI (FFFF);
RUNTEST 1000 TCK;
SDR 16 TDI (FFFF);
RUNTEST 1000 TCK;
SDR 16 TDI (FFFF);
RUNTEST 1000 TCK;
SDR 16 TDI (BFFF);
RUNTEST 1000 TCK;
SDR 16 TDI (FFFF);
RUNTEST 1000 TCK;
SDR 16 TDI (FFFF);
RUNTEST 1000 TCK;
SDR 16 TDI (FFFF);
RUNTEST 1000 TCK;
SDR 16 TDI (7FFF);
RUNTEST 1000 TCK;
SDR 16 TDI (FFFF);
RUNTEST 1000 TCK;
SDR 16 TDI (FFFF);
RUNTEST 1000 TCK;
SDR 16 TDI (FFFF);
RUNTEST 1000 TCK;
SDR 16 TDI (BFFF);
RUNTEST 1000 TCK;
SDR 16 TDI (FFFF);
RUNTEST 1000 TCK;
SDR 16 TDI (FFFF);
RUNTEST 1000 TCK;
SDR 16 TDI (FFFF);
RUNTEST 1000 TCK;
SDR 16 TDI (7FFF);
RUNTEST 1000 TCK;
SDR 16 TDI (FFFF);
RUNTEST 1000 TCK;
SDR 16 TDI (FFFF);
RUNTEST 1000 TCK;
SDR 16 TDI (FFFF);
RUNTEST 1000 TCK;
SDR 16 TDI (BFFF);
RUNTEST 1000 TCK;
SDR 16 TDI (FFFF);
RUNTEST 1000 TCK;
SDR 16 TDI (FFFF);
RUNTEST 1000 TCK;
SDR 16 TDI (FFFF);
RUNTEST 1000 TCK;
SIR 10 TDI (203);
RUNTEST 53 TCK;
SDR 15 TDI (0001);
SIR 10 TDI (2F4);
RUNTEST 53 TCK;
SDR 16 TDI (FFFF);
RUNTEST 1000 TCK;
SDR 16 TDI (FFFF);
RUNTEST 1000 TCK;
SDR 16 TDI (FFFF);
RUNTEST 1000 TCK;
SDR 16 TDI (FFFF);
RUNTEST 1000 TCK;
SDR 16 TDI (FFFF);
RUNTEST 1000 TCK;
SDR 16 TDI (FFFF);
RUNTEST 1000 TCK;
SDR 16 TDI (FFFF);
RUNTEST 1000 TCK;
SDR 16 TDI (FFFF);
RUNTEST 1000 TCK;
SDR 16 TDI (FFFF);
RUNTEST 1000 TCK;
SDR 16 TDI (FFFF);
RUNTEST 1000 TCK;
SDR 16 TDI (FFFF);
RUNTEST 1000 TCK;
SDR 16 TDI (FFFF);
RUNTEST 1000 TCK;
SDR 16 TDI (FFFF);
RUNTEST 1000 TCK;
SDR 16 TDI (FFFF);
RUNTEST 1000 TCK;
SDR 16 TDI (FFFF);
RUNTEST 1000 TCK;
SDR 16 TDI (FFFF);
RUNTEST 1000 TCK;
SDR 16 TDI (FFFF);
RUNTEST 1000 TCK;
SDR 16 TDI (FFFF);
RUNTEST 1000 TCK;
SDR 16 TDI (FFFF);
RUNTEST 1000 TCK;
SDR 16 TDI (FFFF);
RUNTEST 1000 TCK;
SDR 16 TDI (FFFF);
RUNTEST 1000 TCK;
SDR 16 TDI (FFFF);
RUNTEST 1000 TCK;
SDR 16 TDI (FFFF);
RUNTEST 1000 TCK;
SDR 16 TDI (FFFF);
RUNTEST 1000 TCK;
SDR 16 TDI (FFFF);
RUNTEST 1000 TCK;
SDR 16 TDI (FFFF);
RUNTEST 1000 TCK;
SDR 16 TDI (FFFF);
RUNTEST 1000 TCK;
SDR 16 TDI (FFFF);
RUNTEST 1000 TCK;
SDR 16 TDI (FFFF);
RUNTEST 1000 TCK;
SDR 16 TDI (FFFF);
RUNTEST 1000 TCK;
SDR 16 TDI (FFFF);
RUNTEST 1000 TCK;
SDR 16 TDI (FFFF);
RUNTEST 1000 TCK;
SDR 16 TDI (FFFF);
RUNTEST 1000 TCK;
SDR 16 TDI (FFFF);
RUNTEST 1000 TCK;
SDR 16 TDI (FFFF);
RUNTEST 1000 TCK;
SDR 16 TDI (FFFF);
RUNTEST 1000 TCK;
SDR 16 TDI (FFFF);
RUNTEST 1000 TCK;
SDR 16 TDI (FFFF);
RUNTEST 1000 TCK;
SDR 16 TDI (FFFF);
RUNTEST 1000 TCK;
SDR 16 TDI (FFFF);
RUNTEST 1000 TCK;
SDR 16 TDI (FFFF);
RUNTEST 1000 TCK;
SDR 16 TDI (FFFF);
RUNTEST 1000 TCK;
SDR 16 TDI (FFFF);
RUNTEST 1000 TCK;
SDR 16 TDI (FFFF);
RUNTEST 1000 TCK;
SDR 16 TDI (FFFF);
RUNTEST 1000 TCK;
SDR 16 TDI (FFFF);
RUNTEST 1000 TCK;
SDR 16 TDI (FFFF);
RUNTEST 1000 TCK;
SDR 16 TDI (FFFF);
RUNTEST 1000 TCK;
SDR 16 TDI (FFFF);
RUNTEST 1000 TCK;
SDR 16 TDI (FFFF);
RUNTEST 1000 TCK;
SDR 16 TDI (FFFF);
RUNTEST 1000 TCK;
SDR 16 TDI (FFFF);
RUNTEST 1000 TCK;
SDR 16 TDI (FFFF);
RUNTEST 1000 TCK;
SDR 16 TDI (FFFF);
RUNTEST 1000 TCK;
SDR 16 TDI (FFFF);
RUNTEST 1000 TCK;
SDR 16 TDI (FFFF);
RUNTEST 1000 TCK;
SDR 16 TDI (FFFF);
RUNTEST 1000 TCK;
SDR 16 TDI (FFFF);
RUNTEST 1000 TCK;
SDR 16 TDI (FFFF);
RUNTEST 1000 TCK;
SDR 16 TDI (FFFF);
RUNTEST 1000 TCK;
SDR 16 TDI (FFFF);
RUNTEST 1000 TCK;
SDR 16 TDI (FFFF);
RUNTEST 1000 TCK;
SDR 16 TDI (FFFF);
RUNTEST 1000 TCK;
SDR 16 TDI (FFFF);
RUNTEST 1000 TCK;
SDR 16 TDI (FFFF);
RUNTEST 1000 TCK;
SDR 16 TDI (FFFF);
RUNTEST 1000 TCK;
SDR 16 TDI (FFFF);
RUNTEST 1000 TCK;
SDR 16 TDI (FFFF);
RUNTEST 1000 TCK;
SDR 16 TDI (FFFF);
RUNTEST 1000 TCK;
SDR 16 TDI (FFFF);
RUNTEST 1000 TCK;
SDR 16 TDI (FFFF);
RUNTEST 1000 TCK;
SDR 16 TDI (FFFF);
RUNTEST 1000 TCK;
SDR 16 TDI (FFFF);
RUNTEST 1000 TCK;
SDR 16 TDI (FFFF);
RUNTEST 1000 TCK;
SDR 16 TDI (FFFF);
RUNTEST 1000 TCK;
SDR 16 TDI (FFFF);
RUNTEST 1000 TCK;
SDR 16 TDI (FFFF);
RUNTEST 1000 TCK;
SDR 16 TDI (FFFF);
RUNTEST 1000 TCK;
SDR 16 TDI (FFFF);
RUNTEST 1000 TCK;
SDR 16 TDI (FFFF);
RUNTEST 1000 TCK;
SDR 16 TDI (FFFF);
RUNTEST 1000 TCK;
SDR 16 TDI (FFFF);
RUNTEST 1000 TCK;
SDR 16 TDI (FFFF);
RUNTEST 1000 TCK;
SDR 16 TDI (FFFF);
RUNTEST 1000 TCK;
SDR 16 TDI (FFFF);
RUNTEST 1000 TCK;
SDR 16 TDI (FFFF);
RUNTEST 1000 TCK;
SDR 16 TDI (FFFF);
RUNTEST 1000 TCK;
SDR 16 TDI (FFFF);
RUNTEST 1000 TCK;
SDR 16 TDI (FFFF);
RUNTEST 1000 TCK;
SDR 16 TDI (FFFF);
RUNTEST 1000 TCK;
SDR 16 TDI (FFFF);
RUNTEST 1000 TCK;
SDR 16 TDI (FFFF);
RUNTEST 1000 TCK;
SDR 16 TDI (FFFF);
RUNTEST 1000 TCK;
SDR 16 TDI (FFFF);
RUNTEST 1000 TCK;
SDR 16 TDI (FFFF);
RUNTEST 1000 TCK;
SDR 16 TDI (FFFF);
RUNTEST 1000 TCK;
SDR 16 TDI (FFFF);
RUNTEST 1000 TCK;
SDR 16 TDI (FFFF);
RUNTEST 1000 TCK;
SDR 16 TDI (FFFF);
RUNTEST 1000 TCK;
SDR 16 TDI (FFFF);
RUNTEST 1000 TCK;
SDR 16 TDI (FFFF);
RUNTEST 1000 TCK;
SDR 16 TDI (FFFF);
RUNTEST 1000 TCK;
SDR 16 TDI (FFFF);
RUNTEST 1000 TCK;
SDR 16 TDI (FFFF);
RUNTEST 1000 TCK;
SDR 16 TDI (FFFF);
RUNTEST 1000 TCK;
SDR 16 TDI (FFFF);
RUNTEST 1000 TCK;
SDR 16 TDI (FFFF);
RUNTEST 1000 TCK;
SDR 16 TDI (FFFF);
RUNTEST 1000 TCK;
SDR 16 TDI (FFFF);
RUNTEST 1000 TCK;
SDR 16 TDI (FFFF);
RUNTEST 1000 TCK;
SDR 16 TDI (FFFF);
RUNTEST 1000 TCK;
SDR 16 TDI (FFFF);
RUNTEST 1000 TCK;
SDR 16 TDI (FFFF);
RUNTEST 1000 TCK;
SDR 16 TDI (FFFF);
RUNTEST 1000 TCK;
SDR 16 TDI (FFFF);
RUNTEST 1000 TCK;
SDR 16 TDI (FFFF);
RUNTEST 1000 TCK;
SDR 16 TDI (FFFF);
RUNTEST 1000 TCK;
SDR 16 TDI (FFFF);
RUNTEST 1000 TCK;
SDR 16 TDI (FFFF);
RUNTEST 1000 TCK;
SDR 16 TDI (FFFF);
RUNTEST 1000 TCK;
SDR 16 TDI (FFFF);
RUNTEST 1000 TCK;
SDR 16 TDI (FFFF);
RUNTEST 1000 TCK;
SDR 16 TDI (FFFF);
RUNTEST 1000 TCK;
SDR 16 TDI (FFFF);
RUNTEST 1000 TCK;
SDR 16 TDI (FFFF);
RUNTEST 1000 TCK;
SDR 16 TDI (FFFF);
RUNTEST 1000 TCK;
SDR 16 TDI (FFFF);
RUNTEST 1000 TCK;
SDR 16 TDI (FFFF);
RUNTEST 1000 TCK;
SDR 16 TDI (FFFF);
RUNTEST 1000 TCK;
SDR 16 TDI (FFFF);
RUNTEST 1000 TCK;
SDR 16 TDI (FFFF);
RUNTEST 1000 TCK;
SDR 16 TDI (FFFF);
RUNTEST 1000 TCK;
SDR 16 TDI (FFFF);
RUNTEST 1000 TCK;
SDR 16 TDI (FFFF);
RUNTEST 1000 TCK;
SDR 16 TDI (FFFF);
RUNTEST 1000 TCK;
SDR 16 TDI (FFFF);
RUNTEST 1000 TCK;
SDR 16 TDI (FFFF);
RUNTEST 1000 TCK;
SDR 16 TDI (FFFF);
RUNTEST 1000 TCK;
SDR 16 TDI (FFFF);
RUNTEST 1000 TCK;
SDR 16 TDI (FFFF);
RUNTEST 1000 TCK;
SDR 16 TDI (FFFF);
RUNTEST 1000 TCK;
SDR 16 TDI (FFFF);
RUNTEST 1000 TCK;
SDR 16 TDI (FFFF);
RUNTEST 1000 TCK;
SDR 16 TDI (FFFF);
RUNTEST 1000 TCK;
SDR 16 TDI (FFFF);
RUNTEST 1000 TCK;
SDR 16 TDI (FFFF);
RUNTEST 1000 TCK;
SDR 16 TDI (FFFF);
RUNTEST 1000 TCK;
SDR 16 TDI (FFFF);
RUNTEST 1000 TCK;
SDR 16 TDI (FFFF);
RUNTEST 1000 TCK;
SDR 16 TDI (FFFF);
RUNTEST 1000 TCK;
SDR 16 TDI (FFFF);
RUNTEST 1000 TCK;
SDR 16 TDI (FFFF);
RUNTEST 1000 TCK;
SDR 16 TDI (FFFF);
RUNTEST 1000 TCK;
SDR 16 TDI (FFFF);
RUNTEST 1000 TCK;
SDR 16 TDI (FFFF);
RUNTEST 1000 TCK;
SDR 16 TDI (FFFF);
RUNTEST 1000 TCK;
SDR 16 TDI (FFFF);
RUNTEST 1000 TCK;
SDR 16 TDI (FFFF);
RUNTEST 1000 TCK;
SDR 16 TDI (FFFF);
RUNTEST 1000 TCK;
SDR 16 TDI (FFFF);
RUNTEST 1000 TCK;
SDR 16 TDI (FFFF);
RUNTEST 1000 TCK;
SDR 16 TDI (FFFF);
RUNTEST 1000 TCK;
SDR 16 TDI (FFFF);
RUNTEST 1000 TCK;
SDR 16 TDI (FFFF);
RUNTEST 1000 TCK;
SDR 16 TDI (FFFF);
RUNTEST 1000 TCK;
SDR 16 TDI (FFFF);
RUNTEST 1000 TCK;
SDR 16 TDI (FFFF);
RUNTEST 1000 TCK;
SDR 16 TDI (FFFF);
RUNTEST 1000 TCK;
SDR 16 TDI (FFFF);
RUNTEST 1000 TCK;
SDR 16 TDI (FFFF);
RUNTEST 1000 TCK;
SDR 16 TDI (FFFF);
RUNTEST 1000 TCK;
SDR 16 TDI (FFFF);
RUNTEST 1000 TCK;
SDR 16 TDI (FFFF);
RUNTEST 1000 TCK;
SDR 16 TDI (FFFF);
RUNTEST 1000 TCK;
SDR 16 TDI (FFFF);
RUNTEST 1000 TCK;
SDR 16 TDI (FFFF);
RUNTEST 1000 TCK;
SDR 16 TDI (FFFF);
RUNTEST 1000 TCK;
SDR 16 TDI (FFFF);
RUNTEST 1000 TCK;
SDR 16 TDI (FFFF);
RUNTEST 1000 TCK;
SDR 16 TDI (FFFF);
RUNTEST 1000 TCK;
SDR 16 TDI (FFFF);
RUNTEST 1000 TCK;
SDR 16 TDI (FFFF);
RUNTEST 1000 TCK;
SDR 16 TDI (FFFF);
RUNTEST 1000 TCK;
SDR 16 TDI (FFFF);
RUNTEST 1000 TCK;
SDR 16 TDI (FFFF);
RUNTEST 1000 TCK;
SDR 16 TDI (FFFF);
RUNTEST 1000 TCK;
SDR 16 TDI (FFFF);
RUNTEST 1000 TCK;
SDR 16 TDI (FFFF);
RUNTEST 1000 TCK;
SDR 16 TDI (FFFF);
RUNTEST 1000 TCK;
SDR 16 TDI (FFFF);
RUNTEST 1000 TCK;
SDR 16 TDI (FFFF);
RUNTEST 1000 TCK;
SDR 16 TDI (FFFF);
RUNTEST 1000 TCK;
SDR 16 TDI (FFFF);
RUNTEST 1000 TCK;
SDR 16 TDI (FFFF);
RUNTEST 1000 TCK;
SDR 16 TDI (FFFF);
RUNTEST 1000 TCK;
SDR 16 TDI (FFFF);
RUNTEST 1000 TCK;
SDR 16 TDI (FFFF);
RUNTEST 1000 TCK;
SDR 16 TDI (FFFF);
RUNTEST 1000 TCK;
SDR 16 TDI (FFFF);
RUNTEST 1000 TCK;
SDR 16 TDI (FFFF);
RUNTEST 1000 TCK;
SDR 16 TDI (FFFF);
RUNTEST 1000 TCK;
SDR 16 TDI (FFFF);
RUNTEST 1000 TCK;
SDR 16 TDI (FFFF);
RUNTEST 1000 TCK;
SDR 16 TDI (FFFF);
RUNTEST 1000 TCK;
SDR 16 TDI (FFFF);
RUNTEST 1000 TCK;
SDR 16 TDI (FFFF);
RUNTEST 1000 TCK;
SDR 16 TDI (FFFF);
RUNTEST 1000 TCK;
SDR 16 TDI (FFFF);
RUNTEST 1000 TCK;
SDR 16 TDI (FFFF);
RUNTEST 1000 TCK;
SDR 16 TDI (FFFF);
RUNTEST 1000 TCK;
SDR 16 TDI (FFFF);
RUNTEST 1000 TCK;
SDR 16 TDI (FFFF);
RUNTEST 1000 TCK;
SDR 16 TDI (FFFF);
RUNTEST 1000 TCK;
SDR 16 TDI (FFFF);
RUNTEST 1000 TCK;
SDR 16 TDI (FFFF);
RUNTEST 1000 TCK;
SDR 16 TDI (FFFF);
RUNTEST 1000 TCK;
SDR 16 TDI (FFFF);
RUNTEST 1000 TCK;
SDR 16 TDI (FFFF);
RUNTEST 1000 TCK;
SDR 16 TDI (FFFF);
RUNTEST 1000 TCK;
SDR 16 TDI (FFFF);
RUNTEST 1000 TCK;
SDR 16 TDI (FFFF);
RUNTEST 1000 TCK;
SDR 16 TDI (FFFF);
RUNTEST 1000 TCK;
SDR 16 TDI (FFFF);
RUNTEST 1000 TCK;
SDR 16 TDI (FFFF);
RUNTEST 1000 TCK;
SDR 16 TDI (FFFF);
RUNTEST 1000 TCK;
SDR 16 TDI (FFFF);
RUNTEST 1000 TCK;
SDR 16 TDI (FFFF);
RUNTEST 1000 TCK;
SDR 16 TDI (FFFF);
RUNTEST 1000 TCK;
SDR 16 TDI (FFFF);
RUNTEST 1000 TCK;
SDR 16 TDI (FFFF);
RUNTEST 1000 TCK;
SDR 16 TDI (FFFF);
RUNTEST 1000 TCK;
SDR 16 TDI (FFFF);
RUNTEST 1000 TCK;
SDR 16 TDI (FFFF);
RUNTEST 1000 TCK;
SDR 16 TDI (FFFF);
RUNTEST 1000 TCK;
SDR 16 TDI (FFFF);
RUNTEST 1000 TCK;
SDR 16 TDI (FFFF);
RUNTEST 1000 TCK;
SDR 16 TDI (FFFF);
RUNTEST 1000 TCK;
SDR 16 TDI (FFFF);
RUNTEST 1000 TCK;
SDR 16 TDI (FFFF);
RUNTEST 1000 TCK;
SDR 16 TDI (FFFF);
RUNTEST 1000 TCK;
SDR 16 TDI (FFFF);
RUNTEST 1000 TCK;
SDR 16 TDI (FFFF);
RUNTEST 1000 TCK;
SDR 16 TDI (FFFF);
RUNTEST 1000 TCK;
SDR 16 TDI (FFFF);
RUNTEST 1000 TCK;
SDR 16 TDI (FFFF);
RUNTEST 1000 TCK;
SDR 16 TDI (FFFF);
RUNTEST 1000 TCK;
SDR 16 TDI (FFFF);
RUNTEST 1000 TCK;
SDR 16 TDI (FFFF);
RUNTEST 1000 TCK;
SDR 16 TDI (FFFF);
RUNTEST 1000 TCK;
SDR 16 TDI (FFFF);
RUNTEST 1000 TCK;
SDR 16 TDI (FFFF);
RUNTEST 1000 TCK;
SDR 16 TDI (FFFF);
RUNTEST 1000 TCK;
SDR 16 TDI (FFFF);
RUNTEST 1000 TCK;
SDR 16 TDI (FFFF);
RUNTEST 1000 TCK;
SDR 16 TDI (FFFF);
RUNTEST 1000 TCK;
SDR 16 TDI (FFFF);
RUNTEST 1000 TCK;
SDR 16 TDI (FFFF);
RUNTEST 1000 TCK;
SDR 16 TDI (FFFF);
RUNTEST 1000 TCK;
SDR 16 TDI (FFFF);
RUNTEST 1000 TCK;
SDR 16 TDI (FFFF);
RUNTEST 1000 TCK;
SDR 16 TDI (FFFF);
RUNTEST 1000 TCK;
SDR 16 TDI (FFFF);
RUNTEST 1000 TCK;
SDR 16 TDI (FFFF);
RUNTEST 1000 TCK;
SDR 16 TDI (FFFF);
RUNTEST 1000 TCK;
SDR 16 TDI (FFFF);
RUNTEST 1000 TCK;
SDR 16 TDI (FFFF);
RUNTEST 1000 TCK;
SDR 16 TDI (FFFF);
RUNTEST 1000 TCK;
SDR 16 TDI (FFFF);
RUNTEST 1000 TCK;
SDR 16 TDI (FFFF);
RUNTEST 1000 TCK;
SDR 16 TDI (FFFF);
RUNTEST 1000 TCK;
SDR 16 TDI (FFFF);
RUNTEST 1000 TCK;
SDR 16 TDI (FFFF);
RUNTEST 1000 TCK;
SDR 16 TDI (FFFF);
RUNTEST 1000 TCK;
SDR 16 TDI (FFFF);
RUNTEST 1000 TCK;
SDR 16 TDI (FFFF);
RUNTEST 1000 TCK;
SDR 16 TDI (FFFF);
RUNTEST 1000 TCK;
SDR 16 TDI (FFFF);
RUNTEST 1000 TCK;
SDR 16 TDI (FFFF);
RUNTEST 1000 TCK;
SDR 16 TDI (FFFF);
RUNTEST 1000 TCK;
SDR 16 TDI (FFFF);
RUNTEST 1000 TCK;
SDR 16 TDI (FFFF);
RUNTEST 1000 TCK;
SDR 16 TDI (FFFF);
RUNTEST 1000 TCK;
SDR 16 TDI (FFFF);
RUNTEST 1000 TCK;
SDR 16 TDI (FFFF);
RUNTEST 1000 TCK;
SDR 16 TDI (FFFF);
RUNTEST 1000 TCK;
SDR 16 TDI (FFFF);
RUNTEST 1000 TCK;
SDR 16 TDI (FFFF);
RUNTEST 1000 TCK;
SDR 16 TDI (FFFF);
RUNTEST 1000 TCK;
SDR 16 TDI (FFFF);
RUNTEST 1000 TCK;
SDR 16 TDI (FFFF);
RUNTEST 1000 TCK;
SDR 16 TDI (FFFF);
RUNTEST 1000 TCK;
SDR 16 TDI (FFFF);
RUNTEST 1000 TCK;
SDR 16 TDI (FFFF);
RUNTEST 1000 TCK;
SDR 16 TDI (FFFF);
RUNTEST 1000 TCK;
SDR 16 TDI (FFFF);
RUNTEST 1000 TCK;
SDR 16 TDI (FFFF);
RUNTEST 1000 TCK;
SDR 16 TDI (FFFF);
RUNTEST 1000 TCK;
SDR 16 TDI (FFFF);
RUNTEST 1000 TCK;
SDR 16 TDI (FFFF);
RUNTEST 1000 TCK;
SDR 16 TDI (FFFF);
RUNTEST 1000 TCK;
SDR 16 TDI (FFFF);
RUNTEST 1000 TCK;
SDR 16 TDI (FFFF);
RUNTEST 1000 TCK;
SDR 16 TDI (FFFF);
RUNTEST 1000 TCK;
SDR 16 TDI (FFFF);
RUNTEST 1000 TCK;
SDR 16 TDI (FFFF);
RUNTEST 1000 TCK;
SDR 16 TDI (FFFF);
RUNTEST 1000 TCK;
SDR 16 TDI (FFFF);
RUNTEST 1000 TCK;
SDR 16 TDI (FFFF);
RUNTEST 1000 TCK;
SDR 16 TDI (FFFF);
RUNTEST 1000 TCK;
SDR 16 TDI (FFFF);
RUNTEST 1000 TCK;
SDR 16 TDI (FFFF);
RUNTEST 1000 TCK;
SDR 16 TDI (FFFF);
RUNTEST 1000 TCK;
SDR 16 TDI (FFFF);
RUNTEST 1000 TCK;
SDR 16 TDI (FFFF);
RUNTEST 1000 TCK;
SDR 16 TDI (FFFF);
RUNTEST 1000 TCK;
SDR 16 TDI (FFFF);
RUNTEST 1000 TCK;
SDR 16 TDI (FFFF);
RUNTEST 1000 TCK;
SDR 16 TDI (FFFF);
RUNTEST 1000 TCK;
SDR 16 TDI (FFFF);
RUNTEST 1000 TCK;
SDR 16 TDI (FFFF);
RUNTEST 1000 TCK;
SDR 16 TDI (FFFF);
RUNTEST 1000 TCK;
SDR 16 TDI (FFFF);
RUNTEST 1000 TCK;
SDR 16 TDI (FFFF);
RUNTEST 1000 TCK;
SDR 16 TDI (FFFF);
RUNTEST 1000 TCK;
SDR 16 TDI (FFFF);
RUNTEST 1000 TCK;
SDR 16 TDI (FFFF);
RUNTEST 1000 TCK;
SDR 16 TDI (FFFF);
RUNTEST 1000 TCK;
SDR 16 TDI (FFFF);
RUNTEST 1000 TCK;
SDR 16 TDI (FFFF);
RUNTEST 1000 TCK;
SDR 16 TDI (FFFF);
RUNTEST 1000 TCK;
SDR 16 TDI (FFFF);
RUNTEST 1000 TCK;
SDR 16 TDI (FFFF);
RUNTEST 1000 TCK;
SDR 16 TDI (FFFF);
RUNTEST 1000 TCK;
SDR 16 TDI (FFFF);
RUNTEST 1000 TCK;
SDR 16 TDI (FFFF);
RUNTEST 1000 TCK;
SDR 16 TDI (FFFF);
RUNTEST 1000 TCK;
SDR 16 TDI (FFFF);
RUNTEST 1000 TCK;
SDR 16 TDI (FFFF);
RUNTEST 1000 TCK;
SDR 16 TDI (FFFF);
RUNTEST 1000 TCK;
SDR 16 TDI (FFFF);
RUNTEST 1000 TCK;
SDR 16 TDI (FFFF);
RUNTEST 1000 TCK;
SDR 16 TDI (FFFF);
RUNTEST 1000 TCK;
SDR 16 TDI (FFFF);
RUNTEST 1000 TCK;
SDR 16 TDI (FFFF);
RUNTEST 1000 TCK;
SDR 16 TDI (FFFF);
RUNTEST 1000 TCK;
SDR 16 TDI (FFFF);
RUNTEST 1000 TCK;
SDR 16 TDI (FFFF);
RUNTEST 1000 TCK;
SDR 16 TDI (FFFF);
RUNTEST 1000 TCK;
SDR 16 TDI (FFFF);
RUNTEST 1000 TCK;
SDR 16 TDI (FFFF);
RUNTEST 1000 TCK;
SDR 16 TDI (FFFF);
RUNTEST 1000 TCK;
SDR 16 TDI (FFFF);
RUNTEST 1000 TCK;
SDR 16 TDI (FFFF);
RUNTEST 1000 TCK;
SDR 16 TDI (FFFF);
RUNTEST 1000 TCK;
SDR 16 TDI (FFFF);
RUNTEST 1000 TCK;
SDR 16 TDI (FFFF);
RUNTEST 1000 TCK;
SDR 16 TDI (FFFF);
RUNTEST 1000 TCK;
SDR 16 TDI (FFFF);
RUNTEST 1000 TCK;
SDR 16 TDI (FFFF);
RUNTEST 1000 TCK;
SDR 16 TDI (FFFF);
RUNTEST 1000 TCK;
SDR 16 TDI (FFFF);
RUNTEST 1000 TCK;
SDR 16 TDI (FFFF);
RUNTEST 1000 TCK;
SDR 16 TDI (FFFF);
RUNTEST 1000 TCK;
SDR 16 TDI (FFFF);
RUNTEST 1000 TCK;
SDR 16 TDI (FFFF);
RUNTEST 1000 TCK;
SDR 16 TDI (FFFF);
RUNTEST 1000 TCK;
SDR 16 TDI (FFFF);
RUNTEST 1000 TCK;
SDR 16 TDI (FFFF);
RUNTEST 1000 TCK;
SDR 16 TDI (FFFF);
RUNTEST 1000 TCK;
SDR 16 TDI (FFFF);
RUNTEST 1000 TCK;
SDR 16 TDI (FFFF);
RUNTEST 1000 TCK;
SDR 16 TDI (FFFF);
RUNTEST 1000 TCK;
SDR 16 TDI (FFFF);
RUNTEST 1000 TCK;
SDR 16 TDI (FFFF);
RUNTEST 1000 TCK;
SDR 16 TDI (FFFF);
RUNTEST 1000 TCK;
SDR 16 TDI (FFFF);
RUNTEST 1000 TCK;
SDR 16 TDI (FFFF);
RUNTEST 1000 TCK;
SDR 16 TDI (FFFF);
RUNTEST 1000 TCK;
SDR 16 TDI (FFFF);
RUNTEST 1000 TCK;
SDR 16 TDI (FFFF);
RUNTEST 1000 TCK;
SDR 16 TDI (FFFF);
RUNTEST 1000 TCK;
SDR 16 TDI (FFFF);
RUNTEST 1000 TCK;
SDR 16 TDI (FFFF);
RUNTEST 1000 TCK;
SDR 16 TDI (FFFF);
RUNTEST 1000 TCK;
SDR 16 TDI (FFFF);
RUNTEST 1000 TCK;
SDR 16 TDI (FFFF);
RUNTEST 1000 TCK;
SDR 16 TDI (FFFF);
RUNTEST 1000 TCK;
SDR 16 TDI (FFFF);
RUNTEST 1000 TCK;
SDR 16 TDI (FFFF);
RUNTEST 1000 TCK;
SDR 16 TDI (FFFF);
RUNTEST 1000 TCK;
SDR 16 TDI (FFFF);
RUNTEST 1000 TCK;
SDR 16 TDI (FFFF);
RUNTEST 1000 TCK;
SDR 16 TDI (FFFF);
RUNTEST 1000 TCK;
SDR 16 TDI (FFFF);
RUNTEST 1000 TCK;
SDR 16 TDI (FFFF);
RUNTEST 1000 TCK;
SDR 16 TDI (FFFF);
RUNTEST 1000 TCK;
SDR 16 TDI (FFFF);
RUNTEST 1000 TCK;
SDR 16 TDI (FFFF);
RUNTEST 1000 TCK;
SDR 16 TDI (FFFF);
RUNTEST 1000 TCK;
SDR 16 TDI (FFFF);
RUNTEST 1000 TCK;
SDR 16 TDI (FFFF);
RUNTEST 1000 TCK;
SDR 16 TDI (FFFF);
RUNTEST 1000 TCK;
SDR 16 TDI (FFFF);
RUNTEST 1000 TCK;
SDR 16 TDI (FFFF);
RUNTEST 1000 TCK;
SDR 16 TDI (FFFF);
RUNTEST 1000 TCK;
SDR 16 TDI (FFFF);
RUNTEST 1000 TCK;
SDR 16 TDI (FFFF);
RUNTEST 1000 TCK;
SDR 16 TDI (FFFF);
RUNTEST 1000 TCK;
SDR 16 TDI (FFFF);
RUNTEST 1000 TCK;
SDR 16 TDI (FFFF);
RUNTEST 1000 TCK;
SDR 16 TDI (FFFF);
RUNTEST 1000 TCK;
SDR 16 TDI (FFFF);
RUNTEST 1000 TCK;
SDR 16 TDI (FFFF);
RUNTEST 1000 TCK;
SDR 16 TDI (FFFF);
RUNTEST 1000 TCK;
SDR 16 TDI (FFFF);
RUNTEST 1000 TCK;
SDR 16 TDI (FFFF);
RUNTEST 1000 TCK;
SDR 16 TDI (FFFF);
RUNTEST 1000 TCK;
SDR 16 TDI (FFFF);
RUNTEST 1000 TCK;
SDR 16 TDI (FFFF);
RUNTEST 1000 TCK;
SDR 16 TDI (FFFF);
RUNTEST 1000 TCK;
SDR 16 TDI (FFFF);
RUNTEST 1000 TCK;
SDR 16 TDI (FFFF);
RUNTEST 1000 TCK;
SDR 16 TDI (FFFF);
RUNTEST 1000 TCK;
SDR 16 TDI (FFFF);
RUNTEST 1000 TCK;
SDR 16 TDI (FFFF);
RUNTEST 1000 TCK;
SDR 16 TDI (FFFF);
RUNTEST 1000 TCK;
SDR 16 TDI (FFFF);
RUNTEST 1000 TCK;
SDR 16 TDI (FFFF);
RUNTEST 1000 TCK;
SDR 16 TDI (FFFF);
RUNTEST 1000 TCK;
SDR 16 TDI (FFFF);
RUNTEST 1000 TCK;
SDR 16 TDI (FFFF);
RUNTEST 1000 TCK;
SDR 16 TDI (FFFF);
RUNTEST 1000 TCK;
SDR 16 TDI (FFFF);
RUNTEST 1000 TCK;
SDR 16 TDI (FFFF);
RUNTEST 1000 TCK;
SDR 16 TDI (FFFF);
RUNTEST 1000 TCK;
SDR 16 TDI (FFFF);
RUNTEST 1000 TCK;
SDR 16 TDI (FFFF);
RUNTEST 1000 TCK;
SDR 16 TDI (FFFF);
RUNTEST 1000 TCK;
SDR 16 TDI (FFFF);
RUNTEST 1000 TCK;
SDR 16 TDI (FFFF);
RUNTEST 1000 TCK;
SDR 16 TDI (FFFF);
RUNTEST 1000 TCK;
SDR 16 TDI (FFFF);
RUNTEST 1000 TCK;
SDR 16 TDI (FFFF);
RUNTEST 1000 TCK;
SDR 16 TDI (FFFF);
RUNTEST 1000 TCK;
SDR 16 TDI (FFFF);
RUNTEST 1000 TCK;
SDR 16 TDI (FFFF);
RUNTEST 1000 TCK;
SDR 16 TDI (FFFF);
RUNTEST 1000 TCK;
SDR 16 TDI (FFFF);
RUNTEST 1000 TCK;
SDR 16 TDI (FFFF);
RUNTEST 1000 TCK;
SDR 16 TDI (FFFF);
RUNTEST 1000 TCK;
SDR 16 TDI (FFFF);
RUNTEST 1000 TCK;
SDR 16 TDI (FFFF);
RUNTEST 1000 TCK;
SDR 16 TDI (FFFF);
RUNTEST 1000 TCK;
SDR 16 TDI (FFFF);
RUNTEST 1000 TCK;
SDR 16 TDI (FFFF);
RUNTEST 1000 TCK;
SDR 16 TDI (FFFF);
RUNTEST 1000 TCK;
SDR 16 TDI (FFFF);
RUNTEST 1000 TCK;
SDR 16 TDI (FFFF);
RUNTEST 1000 TCK;
SDR 16 TDI (FFFF);
RUNTEST 1000 TCK;
SDR 16 TDI (FFFF);
RUNTEST 1000 TCK;
SDR 16 TDI (FFFF);
RUNTEST 1000 TCK;
SDR 16 TDI (FFFF);
RUNTEST 1000 TCK;
SDR 16 TDI (FFFF);
RUNTEST 1000 TCK;
SDR 16 TDI (FFFF);
RUNTEST 1000 TCK;
SDR 16 TDI (FFFF);
RUNTEST 1000 TCK;
SDR 16 TDI (FFFF);
RUNTEST 1000 TCK;
SDR 16 TDI (FFFF);
RUNTEST 1000 TCK;
SDR 16 TDI (FFFF);
RUNTEST 1000 TCK;
SDR 16 TDI (FFFF);
RUNTEST 1000 TCK;
SDR 16 TDI (FFFF);
RUNTEST 1000 TCK;
SDR 16 TDI (FFFF);
RUNTEST 1000 TCK;
SDR 16 TDI (FFFF);
RUNTEST 1000 TCK;
SDR 16 TDI (FFFF);
RUNTEST 1000 TCK;
SDR 16 TDI (FFFF);
RUNTEST 1000 TCK;
SDR 16 TDI (FFFF);
RUNTEST 1000 TCK;
SDR 16 TDI (FFFF);
RUNTEST 1000 TCK;
SDR 16 TDI (FFFF);
RUNTEST 1000 TCK;
SDR 16 TDI (FFFF);
RUNTEST 1000 TCK;
SDR 16 TDI (FFFF);
RUNTEST 1000 TCK;
SDR 16 TDI (FFFF);
RUNTEST 1000 TCK;
SDR 16 TDI (FFFF);
RUNTEST 1000 TCK;
SDR 16 TDI (FFFF);
RUNTEST 1000 TCK;
SDR 16 TDI (FFFF);
RUNTEST 1000 TCK;
SDR 16 TDI (FFFF);
RUNTEST 1000 TCK;
SDR 16 TDI (FFFF);
RUNTEST 1000 TCK;
SDR 16 TDI (FFFF);
RUNTEST 1000 TCK;
SDR 16 TDI (FFFF);
RUNTEST 1000 TCK;
SDR 16 TDI (FFFF);
RUNTEST 1000 TCK;
SDR 16 TDI (FFFF);
RUNTEST 1000 TCK;
SDR 16 TDI (FFFF);
RUNTEST 1000 TCK;
SDR 16 TDI (FFFF);
RUNTEST 1000 TCK;
SDR 16 TDI (FFFF);
RUNTEST 1000 TCK;
SDR 16 TDI (FFFF);
RUNTEST 1000 TCK;
SDR 16 TDI (FFFF);
RUNTEST 1000 TCK;
SDR 16 TDI (FFFF);
RUNTEST 1000 TCK;
SDR 16 TDI (FFFF);
RUNTEST 1000 TCK;
SDR 16 TDI (FFFF);
RUNTEST 1000 TCK;
SDR 16 TDI (FFFF);
RUNTEST 1000 TCK;
SDR 16 TDI (FFFF);
RUNTEST 1000 TCK;
SDR 16 TDI (FFFF);
RUNTEST 1000 TCK;
SDR 16 TDI (FFFF);
RUNTEST 1000 TCK;
SDR 16 TDI (FFFF);
RUNTEST 1000 TCK;
SDR 16 TDI (FFFF);
RUNTEST 1000 TCK;
SDR 16 TDI (FFFF);
RUNTEST 1000 TCK;
SDR 16 TDI (FFFF);
RUNTEST 1000 TCK;
SDR 16 TDI (FFFF);
RUNTEST 1000 TCK;
SDR 16 TDI (FFFF);
RUNTEST 1000 TCK;
SDR 16 TDI (FFFF);
RUNTEST 1000 TCK;
SDR 16 TDI (FFFF);
RUNTEST 1000 TCK;
SDR 16 TDI (FFFF);
RUNTEST 1000 TCK;
SDR 16 TDI (FFFF);
RUNTEST 1000 TCK;
SDR 16 TDI (FFFF);
RUNTEST 1000 TCK;
!
!
!
!VERIFY
!
!
!
SIR 10 TDI (203);
RUNTEST 53 TCK;
SDR 15 TDI (0000);
SIR 10 TDI (205);
RUNTEST 53 TCK;
SDR 16 TDI (FFFF) TDO (7FFF) MASK (FFFF);
SDR 16 TDI (FFFF) TDO (FFFF);
SDR 16 TDI (FFFF) TDO (FFFF);
SDR 16 TDI (FFFF) TDO (FFFF);
SDR 16 TDI (FFFF) TDO (BFFC);
SDR 16 TDI (FFFF) TDO (F9E7);
SDR 16 TDI (FFFF) TDO (CF9F);
SDR 16 TDI (FFFF) TDO (FCFF);
SDR 16 TDI (FFFF) TDO (7CFF);
SDR 16 TDI (FFFF) TDO (FFCF);
SDR 16 TDI (FFFF) TDO (3E79);
SDR 16 TDI (FFFF) TDO (F3CF);
SDR 16 TDI (FFFF) TDO (B3E7);
SDR 16 TDI (FFFF) TDO (9F3C);
SDR 16 TDI (FFFF) TDO (F9E7);
SDR 16 TDI (FFFF) TDO (CF9E);
SDR 16 TDI (FFFF) TDO (6F9E);
SDR 16 TDI (FFFF) TDO (7CF3);
SDR 16 TDI (FFFF) TDO (E7CF);
SDR 16 TDI (FFFF) TDO (3E7C);
SDR 16 TDI (FFFF) TDO (BF3C);
SDR 16 TDI (FFFF) TDO (F9F3);
SDR 16 TDI (FFFF) TDO (CF9E);
SDR 16 TDI (FFFF) TDO (7CF3);
SDR 16 TDI (FFFF) TDO (7CF9);
SDR 16 TDI (FFFF) TDO (E7CF);
SDR 16 TDI (FFFF) TDO (FFFF);
SDR 16 TDI (FFFF) TDO (FFFF);
SDR 16 TDI (FFFF) TDO (BFF7);
SDR 16 TDI (FFFF) TDO (FFFF);
SDR 16 TDI (FFFF) TDO (FFFF);
SDR 16 TDI (FFFF) TDO (FFFF);
SDR 16 TDI (FFFF) TDO (7FFF);
SDR 16 TDI (FFFF) TDO (FFFF);
SDR 16 TDI (FFFF) TDO (FFFF);
SDR 16 TDI (FFFF) TDO (FFFF);
SDR 16 TDI (FFFF) TDO (BFFF);
SDR 16 TDI (FFFF) TDO (FFFF);
SDR 16 TDI (FFFF) TDO (FFFF);
SDR 16 TDI (FFFF) TDO (FFFF);
SDR 16 TDI (FFFF) TDO (7FFF);
SDR 16 TDI (FFFF) TDO (FFFF);
SDR 16 TDI (FFFF) TDO (FFFF);
SDR 16 TDI (FFFF) TDO (FFFF);
SDR 16 TDI (FFFF) TDO (BFFF);
SDR 16 TDI (FFFF) TDO (FFFF);
SDR 16 TDI (FFFF) TDO (FFFF);
SDR 16 TDI (FFFF) TDO (FFFF);
SDR 16 TDI (FFFF) TDO (7FFF);
SDR 16 TDI (FFFF) TDO (FFFF);
SDR 16 TDI (FFFF) TDO (FFFF);
SDR 16 TDI (FFFF) TDO (FFFF);
SDR 16 TDI (FFFF) TDO (BFFF);
SDR 16 TDI (FFFF) TDO (FEED);
SDR 16 TDI (FFFF) TDO (FFFD);
SDR 16 TDI (FFFF) TDO (9DFF);
SDR 16 TDI (FFFF) TDO (7F37);
SDR 16 TDI (FFFF) TDO (3FCE);
SDR 16 TDI (FFFF) TDO (EEFF);
SDR 16 TDI (FFFF) TDO (FFBD);
SDR 16 TDI (FFFF) TDO (BFF7);
SDR 16 TDI (FFFF) TDO (777F);
SDR 16 TDI (FFFF) TDO (FDFF);
SDR 16 TDI (FFFF) TDO (FFFF);
SDR 16 TDI (FFFF) TDO (7FDF);
SDR 16 TDI (FFFF) TDO (FFFF);
SDR 16 TDI (FFFF) TDO (FFFE);
SDR 16 TDI (FFFF) TDO (F6FF);
SDR 16 TDI (FFFF) TDO (BFDF);
SDR 16 TDI (FFFF) TDO (FFFB);
SDR 16 TDI (FFFF) TDO (BBFF);
SDR 16 TDI (FFFF) TDO (FF77);
SDR 16 TDI (FFFF) TDO (7FFD);
SDR 16 TDI (FFFF) TDO (DEDF);
SDR 16 TDI (FFFF) TDO (FFFF);
SDR 16 TDI (FFFF) TDO (FFFF);
SDR 16 TDI (FFFF) TDO (BFFF);
SDR 16 TDI (FFFF) TDO (FFFF);
SDR 16 TDI (FFFF) TDO (FFEF);
SDR 16 TDI (FFFF) TDO (FFFF);
SDR 16 TDI (FFFF) TDO (7FFF);
SDR 16 TDI (FFFF) TDO (FFFF);
SDR 16 TDI (FFFF) TDO (FFFF);
SDR 16 TDI (FFFF) TDO (FDFF);
SDR 16 TDI (FFFF) TDO (BFFF);
SDR 16 TDI (FFFF) TDO (FFFF);
SDR 16 TDI (FFFF) TDO (FFEE);
SDR 16 TDI (FFFF) TDO (FFED);
SDR 16 TDI (FFFF) TDO (7DFF);
SDR 16 TDI (FFFF) TDO (FF6F);
SDR 16 TDI (FFFF) TDO (7FEF);
SDR 16 TDI (FFFF) TDO (FFFF);
SDR 16 TDI (FFFF) TDO (BFFD);
SDR 16 TDI (FFFF) TDO (BFFF);
SDR 16 TDI (FFFF) TDO (FFBF);
SDR 16 TDI (FFFF) TDO (FFFE);
SDR 16 TDI (FFFF) TDO (7FFF);
SDR 16 TDI (FFFF) TDO (FFFF);
SDR 16 TDI (FFFF) TDO (FFFF);
SDR 16 TDI (FFFF) TDO (FFFF);
SDR 16 TDI (FFFF) TDO (BFFF);
SDR 16 TDI (FFFF) TDO (FFFE);
SDR 16 TDI (FFFF) TDO (FFFF);
SDR 16 TDI (FFFF) TDO (FFFF);
SDR 16 TDI (FFFF) TDO (7FFF);
SDR 16 TDI (FFFF) TDO (FFFF);
SDR 16 TDI (FFFF) TDO (FFFF);
SDR 16 TDI (FFFF) TDO (FFFF);
SDR 16 TDI (FFFF) TDO (BFFF);
SDR 16 TDI (FFFF) TDO (FFFF);
SDR 16 TDI (FFFF) TDO (FEFF);
SDR 16 TDI (FFFF) TDO (FFFF);
SDR 16 TDI (FFFF) TDO (7FBF);
SDR 16 TDI (FFFF) TDO (FFF7);
SDR 16 TDI (FFFF) TDO (FFFF);
SDR 16 TDI (FFFF) TDO (FFFF);
SDR 16 TDI (FFFF) TDO (BFFF);
SDR 16 TDI (FFFF) TDO (DFFF);
SDR 16 TDI (FFFF) TDO (FFFF);
SDR 16 TDI (FFFF) TDO (FFFF);
SDR 16 TDI (FFFF) TDO (7FFF);
SDR 16 TDI (FFFF) TDO (FFFF);
SDR 16 TDI (FFFF) TDO (FFFF);
SDR 16 TDI (FFFF) TDO (FFFF);
SDR 16 TDI (FFFF) TDO (BFFF);
SDR 16 TDI (FFFF) TDO (FFFF);
SDR 16 TDI (FFFF) TDO (FFFF);
SDR 16 TDI (FFFF) TDO (FFFF);
SDR 16 TDI (FFFF) TDO (7FFF);
SDR 16 TDI (FFFF) TDO (FFFF);
SDR 16 TDI (FFFF) TDO (FFFF);
SDR 16 TDI (FFFF) TDO (FFFF);
SDR 16 TDI (FFFF) TDO (BFFF);
SDR 16 TDI (FFFF) TDO (FFFF);
SDR 16 TDI (FFFF) TDO (FFFF);
SDR 16 TDI (FFFF) TDO (FFFF);
SDR 16 TDI (FFFF) TDO (7FFF);
SDR 16 TDI (FFFF) TDO (FF7F);
SDR 16 TDI (FFFF) TDO (7FFF);
SDR 16 TDI (FFFF) TDO (FFFB);
SDR 16 TDI (FFFF) TDO (BFFB);
SDR 16 TDI (FFFF) TDO (FFFF);
SDR 16 TDI (FFFF) TDO (FFFF);
SDR 16 TDI (FFFF) TDO (FFFF);
SDR 16 TDI (FFFF) TDO (7FFF);
SDR 16 TDI (FFFF) TDO (FFFF);
SDR 16 TDI (FFFF) TDO (FFFF);
SDR 16 TDI (FFFF) TDO (FFFF);
SDR 16 TDI (FFFF) TDO (BFFF);
SDR 16 TDI (FFFF) TDO (FFFF);
SDR 16 TDI (FFFF) TDO (FFDF);
SDR 16 TDI (FFFF) TDO (FFFF);
SDR 16 TDI (FFFF) TDO (7FFF);
SDR 16 TDI (FFFF) TDO (FFFF);
SDR 16 TDI (FFFF) TDO (FFFF);
SDR 16 TDI (FFFF) TDO (FBBF);
SDR 16 TDI (FFFF) TDO (BFFF);
SDR 16 TDI (FFFF) TDO (FFFF);
SDR 16 TDI (FFFF) TDO (FFEE);
SDR 16 TDI (FFFF) TDO (FFDD);
SDR 16 TDI (FFFF) TDO (7BFF);
SDR 16 TDI (FFFF) TDO (FFFF);
SDR 16 TDI (FFFF) TDO (FFEF);
SDR 16 TDI (FFFF) TDO (F7FB);
SDR 16 TDI (FFFF) TDO (BFFF);
SDR 16 TDI (FFFF) TDO (FFFF);
SDR 16 TDI (FFFF) TDO (FFBF);
SDR 16 TDI (FFFF) TDO (FFFF);
SDR 16 TDI (FFFF) TDO (6FFF);
SDR 16 TDI (FFFF) TDO (FEFF);
SDR 16 TDI (FFFF) TDO (FFFF);
SDR 16 TDI (FFFF) TDO (FFFF);
SDR 16 TDI (FFFF) TDO (BFFF);
SDR 16 TDI (FFFF) TDO (FFFF);
SDR 16 TDI (FFFF) TDO (FFF7);
SDR 16 TDI (FFFF) TDO (FFFF);
SDR 16 TDI (FFFF) TDO (7FFF);
SDR 16 TDI (FFFF) TDO (FFFF);
SDR 16 TDI (FFFF) TDO (FFFF);
SDR 16 TDI (FFFF) TDO (FFFF);
SDR 16 TDI (FFFF) TDO (BFFF);
SDR 16 TDI (FFFF) TDO (FFFF);
SDR 16 TDI (FFFF) TDO (FFBF);
SDR 16 TDI (FFFF) TDO (FF7F);
SDR 16 TDI (FFFF) TDO (7FFF);
SDR 16 TDI (FFFF) TDO (FF7F);
SDR 16 TDI (FFFF) TDO (FFDF);
SDR 16 TDI (FFFF) TDO (DBFB);
SDR 16 TDI (FFFF) TDO (BFDF);
SDR 16 TDI (FFFF) TDO (F7F7);
SDR 16 TDI (FFFF) TDO (FFFF);
SDR 16 TDI (FFFF) TDO (FFFF);
SDR 16 TDI (FFFF) TDO (7FFF);
SDR 16 TDI (FFFF) TDO (7FFF);
SDR 16 TDI (FFFF) TDO (FFFF);
SDR 16 TDI (FFFF) TDO (FFFF);
SDR 16 TDI (FFFF) TDO (BFFF);
SDR 16 TDI (FFFF) TDO (FF7F);
SDR 16 TDI (FFFF) TDO (FFFF);
SDR 16 TDI (FFFF) TDO (FFFF);
SDR 16 TDI (FFFF) TDO (7FFF);
SDR 16 TDI (FFFF) TDO (FFFF);
SDR 16 TDI (FFFF) TDO (FFFF);
SDR 16 TDI (FFFF) TDO (FFFF);
SDR 16 TDI (FFFF) TDO (BFFF);
SDR 16 TDI (FFFF) TDO (AFFF);
SDR 16 TDI (FFFF) TDO (FFFF);
SDR 16 TDI (FFFF) TDO (FFFB);
SDR 16 TDI (FFFF) TDO (7FFF);
SDR 16 TDI (FFFF) TDO (FFFF);
SDR 16 TDI (FFFF) TDO (FFFF);
SDR 16 TDI (FFFF) TDO (FFFB);
SDR 16 TDI (FFFF) TDO (BFFF);
SDR 16 TDI (FFFF) TDO (FFFF);
SDR 16 TDI (FFFF) TDO (FFFF);
SDR 16 TDI (FFFF) TDO (FFFF);
SDR 16 TDI (FFFF) TDO (7FFF);
SDR 16 TDI (FFFF) TDO (FBFF);
SDR 16 TDI (FFFF) TDO (FFFF);
SDR 16 TDI (FFFF) TDO (FFFF);
SDR 16 TDI (FFFF) TDO (BFFF);
SDR 16 TDI (FFFF) TDO (FF7F);
SDR 16 TDI (FFFF) TDO (FFF7);
SDR 16 TDI (FFFF) TDO (FFFF);
SDR 16 TDI (FFFF) TDO (7FFF);
SDR 16 TDI (FFFF) TDO (FFFF);
SDR 16 TDI (FFFF) TDO (FFFF);
SDR 16 TDI (FFFF) TDO (FFFF);
SDR 16 TDI (FFFF) TDO (BFFF);
SDR 16 TDI (FFFF) TDO (BFFF);
SDR 16 TDI (FFFF) TDO (FF7F);
SDR 16 TDI (FFFF) TDO (FFFF);
SDR 16 TDI (FFFF) TDO (7FFF);
SDR 16 TDI (FFFF) TDO (FFFF);
SDR 16 TDI (FFFF) TDO (FFFF);
SDR 16 TDI (FFFF) TDO (FFFF);
SDR 16 TDI (FFFF) TDO (BFFF);
SDR 16 TDI (FFFF) TDO (EFEF);
SDR 16 TDI (FFFF) TDO (FFFF);
SDR 16 TDI (FFFF) TDO (FFFF);
SDR 16 TDI (FFFF) TDO (7FFF);
SDR 16 TDI (FFFF) TDO (77FF);
SDR 16 TDI (FFFF) TDO (FFFF);
SDR 16 TDI (FFFF) TDO (FFFF);
SDR 16 TDI (FFFF) TDO (BFFF);
SDR 16 TDI (FFFF) TDO (FFFF);
SDR 16 TDI (FFFF) TDO (FFFF);
SDR 16 TDI (FFFF) TDO (FFFF);
SDR 16 TDI (FFFF) TDO (7FFF);
SDR 16 TDI (FFFF) TDO (FFFF);
SDR 16 TDI (FFFF) TDO (FFFF);
SDR 16 TDI (FFFF) TDO (FFFF);
SDR 16 TDI (FFFF) TDO (BFFF);
SDR 16 TDI (FFFF) TDO (DFFF);
SDR 16 TDI (FFFF) TDO (FFFF);
SDR 16 TDI (FFFF) TDO (FF7B);
SDR 16 TDI (FFFF) TDO (7FFF);
SDR 16 TDI (FFFF) TDO (FEFF);
SDR 16 TDI (FFFF) TDO (FFDF);
SDR 16 TDI (FFFF) TDO (BBFF);
SDR 16 TDI (FFFF) TDO (BFBF);
SDR 16 TDI (FFFF) TDO (FFFF);
SDR 16 TDI (FFFF) TDO (FFFF);
SDR 16 TDI (FFFF) TDO (FFFF);
SDR 16 TDI (FFFF) TDO (7FFF);
SDR 16 TDI (FFFF) TDO (FFFF);
SDR 16 TDI (FFFF) TDO (FFFF);
SDR 16 TDI (FFFF) TDO (FFFF);
SDR 16 TDI (FFFF) TDO (BFFF);
SDR 16 TDI (FFFF) TDO (FFFF);
SDR 16 TDI (FFFF) TDO (FFFF);
SDR 16 TDI (FFFF) TDO (FFFF);
SDR 16 TDI (FFFF) TDO (7FFF);
SDR 16 TDI (FFFF) TDO (FFFF);
SDR 16 TDI (FFFF) TDO (FFFF);
SDR 16 TDI (FFFF) TDO (FFFF);
SDR 16 TDI (FFFF) TDO (BFFF);
SDR 16 TDI (FFFF) TDO (FFFF);
SDR 16 TDI (FFFF) TDO (FFFE);
SDR 16 TDI (FFFF) TDO (FFFF);
SDR 16 TDI (FFFF) TDO (7FFF);
SDR 16 TDI (FFFF) TDO (FFBF);
SDR 16 TDI (FFFF) TDO (FFFE);
SDR 16 TDI (FFFF) TDO (FFFF);
SDR 16 TDI (FFFF) TDO (BFFF);
SDR 16 TDI (FFFF) TDO (FFFF);
SDR 16 TDI (FFFF) TDO (AFFF);
SDR 16 TDI (FFFF) TDO (FFFF);
SDR 16 TDI (FFFF) TDO (7FFF);
SDR 16 TDI (FFFF) TDO (FFFF);
SDR 16 TDI (FFFF) TDO (FFFF);
SDR 16 TDI (FFFF) TDO (FFFF);
SDR 16 TDI (FFFF) TDO (BFFF);
SDR 16 TDI (FFFF) TDO (FFFF);
SDR 16 TDI (FFFF) TDO (FFFF);
SDR 16 TDI (FFFF) TDO (FFFF);
SDR 16 TDI (FFFF) TDO (7FFF);
SDR 16 TDI (FFFF) TDO (FFFF);
SDR 16 TDI (FFFF) TDO (FFFF);
SDR 16 TDI (FFFF) TDO (FFFF);
SDR 16 TDI (FFFF) TDO (BFFF);
SDR 16 TDI (FFFF) TDO (FFFF);
SDR 16 TDI (FFFF) TDO (FFFF);
SDR 16 TDI (FFFF) TDO (FFFF);
SDR 16 TDI (FFFF) TDO (7FFF);
SDR 16 TDI (FFFF) TDO (FFFF);
SDR 16 TDI (FFFF) TDO (FFFF);
SDR 16 TDI (FFFF) TDO (FFFB);
SDR 16 TDI (FFFF) TDO (BFFF);
SDR 16 TDI (FFFF) TDO (FFFF);
SDR 16 TDI (FFFF) TDO (FFFF);
SDR 16 TDI (FFFF) TDO (FFFF);
SDR 16 TDI (FFFF) TDO (7FFF);
SDR 16 TDI (FFFF) TDO (FFFF);
SDR 16 TDI (FFFF) TDO (FFFF);
SDR 16 TDI (FFFF) TDO (FFFF);
SDR 16 TDI (FFFF) TDO (BFFF);
SDR 16 TDI (FFFF) TDO (FFFF);
SDR 16 TDI (FFFF) TDO (FFFF);
SDR 16 TDI (FFFF) TDO (FFFF);
SDR 16 TDI (FFFF) TDO (7FFF);
SDR 16 TDI (FFFF) TDO (FFFF);
SDR 16 TDI (FFFF) TDO (FFFF);
SDR 16 TDI (FFFF) TDO (FFFF);
SDR 16 TDI (FFFF) TDO (BFFF);
SDR 16 TDI (FFFF) TDO (FFFF);
SDR 16 TDI (FFFF) TDO (FFFD);
SDR 16 TDI (FFFF) TDO (FFFF);
SDR 16 TDI (FFFF) TDO (7FFF);
SDR 16 TDI (FFFF) TDO (FFFF);
SDR 16 TDI (FFFF) TDO (FFFF);
SDR 16 TDI (FFFF) TDO (FFFB);
SDR 16 TDI (FFFF) TDO (BFFF);
SDR 16 TDI (FFFF) TDO (FFFF);
SDR 16 TDI (FFFF) TDO (FFFF);
SDR 16 TDI (FFFF) TDO (FFFF);
SDR 16 TDI (FFFF) TDO (7FFF);
SDR 16 TDI (FFFF) TDO (FFFF);
SDR 16 TDI (FFFF) TDO (FFFF);
SDR 16 TDI (FFFF) TDO (FFFF);
SDR 16 TDI (FFFF) TDO (BFFF);
SDR 16 TDI (FFFF) TDO (FFFF);
SDR 16 TDI (FFFF) TDO (FFFF);
SDR 16 TDI (FFFF) TDO (FFFF);
SDR 16 TDI (FFFF) TDO (7FFF);
SDR 16 TDI (FFFF) TDO (FFFF);
SDR 16 TDI (FFFF) TDO (FFFF);
SDR 16 TDI (FFFF) TDO (FFFF);
SDR 16 TDI (FFFF) TDO (BFFF);
SDR 16 TDI (FFFF) TDO (FFFF);
SDR 16 TDI (FFFF) TDO (FFFF);
SDR 16 TDI (FFFF) TDO (FFFF);
SDR 16 TDI (FFFF) TDO (7FFF);
SDR 16 TDI (FFFF) TDO (FFBF);
SDR 16 TDI (FFFF) TDO (FFFF);
SDR 16 TDI (FFFF) TDO (7FFF);
SDR 16 TDI (FFFF) TDO (BFFF);
SDR 16 TDI (FFFF) TDO (FFFF);
SDR 16 TDI (FFFF) TDO (D7FF);
SDR 16 TDI (FFFF) TDO (FFFF);
SDR 16 TDI (FFFF) TDO (7FFF);
SDR 16 TDI (FFFF) TDO (FFFF);
SDR 16 TDI (FFFF) TDO (FFFF);
SDR 16 TDI (FFFF) TDO (FFFF);
SDR 16 TDI (FFFF) TDO (BFDF);
SDR 16 TDI (FFFF) TDO (FFFF);
SDR 16 TDI (FFFF) TDO (FFFF);
SDR 16 TDI (FFFF) TDO (FFFF);
SDR 16 TDI (FFFF) TDO (7FFF);
SDR 16 TDI (FFFF) TDO (FFFF);
SDR 16 TDI (FFFF) TDO (FFFF);
SDR 16 TDI (FFFF) TDO (FFFF);
SDR 16 TDI (FFFF) TDO (BFFF);
SDR 16 TDI (FFFF) TDO (FFFF);
SDR 16 TDI (FFFF) TDO (FFFF);
SDR 16 TDI (FFFF) TDO (FFFF);
SDR 16 TDI (FFFF) TDO (7FFF);
SDR 16 TDI (FFFF) TDO (FFFF);
SDR 16 TDI (FFFF) TDO (FFFF);
SDR 16 TDI (FFFF) TDO (FFFB);
SDR 16 TDI (FFFF) TDO (BFFF);
SDR 16 TDI (FFFF) TDO (FFFF);
SDR 16 TDI (FFFF) TDO (FFFF);
SDR 16 TDI (FFFF) TDO (FFFF);
SDR 16 TDI (FFFF) TDO (7FFF);
SDR 16 TDI (FFFF) TDO (FFFF);
SDR 16 TDI (FFFF) TDO (FFFF);
SDR 16 TDI (FFFF) TDO (FFFF);
SDR 16 TDI (FFFF) TDO (BFFF);
SDR 16 TDI (FFFF) TDO (FFFF);
SDR 16 TDI (FFFF) TDO (FFFF);
SDR 16 TDI (FFFF) TDO (FFFF);
SDR 16 TDI (FFFF) TDO (7FFF);
SDR 16 TDI (FFFF) TDO (FFFF);
SDR 16 TDI (FFFF) TDO (FFFF);
SDR 16 TDI (FFFF) TDO (FFFF);
SDR 16 TDI (FFFF) TDO (BFFF);
SDR 16 TDI (FFFF) TDO (FFFF);
SDR 16 TDI (FFFF) TDO (FFFF);
SDR 16 TDI (FFFF) TDO (FFFF);
SDR 16 TDI (FFFF) TDO (7FFF);
SDR 16 TDI (FFFF) TDO (FFFF);
SDR 16 TDI (FFFF) TDO (FFFF);
SDR 16 TDI (FFFF) TDO (FFFB);
SDR 16 TDI (FFFF) TDO (BFFF);
SDR 16 TDI (FFFF) TDO (FFFF);
SDR 16 TDI (FFFF) TDO (FFFF);
SDR 16 TDI (FFFF) TDO (FFFF);
SDR 16 TDI (FFFF) TDO (7FFF);
SDR 16 TDI (FFFF) TDO (FFFF);
SDR 16 TDI (FFFF) TDO (FFFF);
SDR 16 TDI (FFFF) TDO (FFFF);
SDR 16 TDI (FFFF) TDO (BFDF);
SDR 16 TDI (FFFF) TDO (FFFF);
SDR 16 TDI (FFFF) TDO (FFFF);
SDR 16 TDI (FFFF) TDO (FFFF);
SDR 16 TDI (FFFF) TDO (7FFF);
SDR 16 TDI (FFFF) TDO (FFFF);
SDR 16 TDI (FFFF) TDO (FFFF);
SDR 16 TDI (FFFF) TDO (FFFF);
SDR 16 TDI (FFFF) TDO (BFFF);
SDR 16 TDI (FFFF) TDO (FFFF);
SDR 16 TDI (FFFF) TDO (FFFF);
SDR 16 TDI (FFFF) TDO (FFFF);
SDR 16 TDI (FFFF) TDO (7FFF);
SDR 16 TDI (FFFF) TDO (FFFF);
SDR 16 TDI (FFFF) TDO (FFFF);
SDR 16 TDI (FFFF) TDO (FFFF);
SDR 16 TDI (FFFF) TDO (BFFF);
SDR 16 TDI (FFFF) TDO (FFFF);
SDR 16 TDI (FFFF) TDO (FFFF);
SDR 16 TDI (FFFF) TDO (FFFF);
SDR 16 TDI (FFFF) TDO (7FFF);
SDR 16 TDI (FFFF) TDO (FFFF);
SDR 16 TDI (FFFF) TDO (FFFF);
SDR 16 TDI (FFFF) TDO (FFFF);
SDR 16 TDI (FFFF) TDO (BFFF);
SDR 16 TDI (FFFF) TDO (FFFF);
SDR 16 TDI (FFFF) TDO (FFFF);
SDR 16 TDI (FFFF) TDO (FFFF);
SDR 16 TDI (FFFF) TDO (7FFF);
SDR 16 TDI (FFFF) TDO (FFFF);
SDR 16 TDI (FFFF) TDO (FFFF);
SDR 16 TDI (FFFF) TDO (FFFF);
SDR 16 TDI (FFFF) TDO (BFFF);
SDR 16 TDI (FFFF) TDO (FFFF);
SDR 16 TDI (FFFF) TDO (FFFF);
SDR 16 TDI (FFFF) TDO (FFFF);
SDR 16 TDI (FFFF) TDO (7FFF);
SDR 16 TDI (FFFF) TDO (FFFF);
SDR 16 TDI (FFFF) TDO (FFFF);
SDR 16 TDI (FFFF) TDO (FFFF);
SDR 16 TDI (FFFF) TDO (BFFF);
SDR 16 TDI (FFFF) TDO (FFFF);
SDR 16 TDI (FFFF) TDO (FFFF);
SDR 16 TDI (FFFF) TDO (FFFF);
SDR 16 TDI (FFFF) TDO (7FFF);
SDR 16 TDI (FFFF) TDO (FFFF);
SDR 16 TDI (FFFF) TDO (FFFF);
SDR 16 TDI (FFFF) TDO (FFFF);
SDR 16 TDI (FFFF) TDO (BB7F);
SDR 16 TDI (FFFF) TDO (FFFF);
SDR 16 TDI (FFFF) TDO (FFFF);
SDR 16 TDI (FFFF) TDO (FFFF);
SDR 16 TDI (FFFF) TDO (7FFF);
SDR 16 TDI (FFFF) TDO (FFFF);
SDR 16 TDI (FFFF) TDO (FFFF);
SDR 16 TDI (FFFF) TDO (FFFF);
SDR 16 TDI (FFFF) TDO (BFFF);
SDR 16 TDI (FFFF) TDO (FFFF);
SDR 16 TDI (FFFF) TDO (FFFF);
SDR 16 TDI (FFFF) TDO (FFFF);
SDR 16 TDI (FFFF) TDO (7FFF);
SDR 16 TDI (FFFF) TDO (FFFF);
SDR 16 TDI (FFFF) TDO (FFFF);
SDR 16 TDI (FFFF) TDO (FFFF);
SDR 16 TDI (FFFF) TDO (BFFF);
SDR 16 TDI (FFFF) TDO (FFFF);
SDR 16 TDI (FFFF) TDO (FFFF);
SDR 16 TDI (FFFF) TDO (FFFF);
SDR 16 TDI (FFFF) TDO (7FFF);
SDR 16 TDI (FFFF) TDO (FFFF);
SDR 16 TDI (FFFF) TDO (EA9F);
SDR 16 TDI (FFFF) TDO (FFFF);
SDR 16 TDI (FFFF) TDO (BFFF);
SDR 16 TDI (FFFF) TDO (FFFF);
SDR 16 TDI (FFFF) TDO (FFFF);
SDR 16 TDI (FFFF) TDO (FFFF);
SDR 16 TDI (FFFF) TDO (7FFF);
SDR 16 TDI (FFFF) TDO (FFFF);
SDR 16 TDI (FFFF) TDO (FFFF);
SDR 16 TDI (FFFF) TDO (FFFF);
SDR 16 TDI (FFFF) TDO (BFFF);
SDR 16 TDI (FFFF) TDO (FFFF);
SDR 16 TDI (FFFF) TDO (FFFF);
SDR 16 TDI (FFFF) TDO (FFFF);
SDR 16 TDI (FFFF) TDO (7FFF);
SDR 16 TDI (FFFF) TDO (FFFF);
SDR 16 TDI (FFFF) TDO (FFFF);
SDR 16 TDI (FFFF) TDO (FFFF);
SDR 16 TDI (FFFF) TDO (BFFF);
SDR 16 TDI (FFFF) TDO (FFFF);
SDR 16 TDI (FFFF) TDO (FFFF);
SDR 16 TDI (FFFF) TDO (FFFF);
SDR 16 TDI (FFFF) TDO (7FFF);
SDR 16 TDI (FFFF) TDO (FFFF);
SDR 16 TDI (FFFF) TDO (FFDF);
SDR 16 TDI (FFFF) TDO (FFFF);
SDR 16 TDI (FFFF) TDO (AF7F);
SDR 16 TDI (FFFF) TDO (FFFF);
SDR 16 TDI (FFFF) TDO (FFFF);
SDR 16 TDI (FFFF) TDO (FFFF);
SDR 16 TDI (FFFF) TDO (7FFF);
SDR 16 TDI (FFFF) TDO (FFFF);
SDR 16 TDI (FFFF) TDO (FFFF);
SDR 16 TDI (FFFF) TDO (FFFF);
SDR 16 TDI (FFFF) TDO (BFFF);
SDR 16 TDI (FFFF) TDO (FFFF);
SDR 16 TDI (FFFF) TDO (FFFF);
SDR 16 TDI (FFFF) TDO (FFFF);
SDR 16 TDI (FFFF) TDO (7FFF);
SDR 16 TDI (FFFF) TDO (FFFF);
SDR 16 TDI (FFFF) TDO (FFFF);
SDR 16 TDI (FFFF) TDO (FFFF);
SDR 16 TDI (FFFF) TDO (BFFF);
SDR 16 TDI (FFFF) TDO (FFFF);
SDR 16 TDI (FFFF) TDO (FFFF);
SDR 16 TDI (FFFF) TDO (FFFF);
SDR 16 TDI (FFFF) TDO (7FFF);
SDR 16 TDI (FFFF) TDO (FFFF);
SDR 16 TDI (FFFF) TDO (EA9F);
SDR 16 TDI (FFFF) TDO (FFFF);
SDR 16 TDI (FFFF) TDO (A7FF);
SDR 16 TDI (FFFF) TDO (FFFF);
SDR 16 TDI (FFFF) TDO (FFFF);
SDR 16 TDI (FFFF) TDO (FFFF);
SDR 16 TDI (FFFF) TDO (7FFF);
SDR 16 TDI (FFFF) TDO (FFFF);
SDR 16 TDI (FFFF) TDO (FFFF);
SDR 16 TDI (FFFF) TDO (FFFF);
SDR 16 TDI (FFFF) TDO (BFFF);
SDR 16 TDI (FFFF) TDO (FFFF);
SDR 16 TDI (FFFF) TDO (FFFF);
SDR 16 TDI (FFFF) TDO (FFFF);
SDR 16 TDI (FFFF) TDO (7FFF);
SDR 16 TDI (FFFF) TDO (FFFF);
SDR 16 TDI (FFFF) TDO (FFFF);
SDR 16 TDI (FFFF) TDO (FFFF);
SDR 16 TDI (FFFF) TDO (BFFF);
SDR 16 TDI (FFFF) TDO (FFFF);
SDR 16 TDI (FFFF) TDO (FFFF);
SDR 16 TDI (FFFF) TDO (FFFF);
SDR 16 TDI (FFFF) TDO (7FFF);
SDR 16 TDI (FFFF) TDO (FFFF);
SDR 16 TDI (FFFF) TDO (FD5F);
SDR 16 TDI (FFFF) TDO (FFFF);
SDR 16 TDI (FFFF) TDO (BFFF);
SDR 16 TDI (FFFF) TDO (FFFF);
SDR 16 TDI (FFFF) TDO (FFFF);
SDR 16 TDI (FFFF) TDO (FFFF);
SDR 16 TDI (FFFF) TDO (7FFF);
SDR 16 TDI (FFFF) TDO (FFFF);
SDR 16 TDI (FFFF) TDO (FFFF);
SDR 16 TDI (FFFF) TDO (FFFF);
SDR 16 TDI (FFFF) TDO (BFFF);
SDR 16 TDI (FFFF) TDO (FFFF);
SDR 16 TDI (FFFF) TDO (FFFF);
SDR 16 TDI (FFFF) TDO (FFFF);
SDR 16 TDI (FFFF) TDO (7FFF);
SDR 16 TDI (FFFF) TDO (FFFF);
SDR 16 TDI (FFFF) TDO (FFFF);
SDR 16 TDI (FFFF) TDO (FFFF);
SDR 16 TDI (FFFF) TDO (BFFF);
SDR 16 TDI (FFFF) TDO (FFFF);
SDR 16 TDI (FFFF) TDO (FFFF);
SDR 16 TDI (FFFF) TDO (FFFF);
SDR 16 TDI (FFFF) TDO (7FFF);
SDR 16 TDI (FFFF) TDO (FFFF);
SDR 16 TDI (FFFF) TDO (FFFF);
SDR 16 TDI (FFFF) TDO (FFFF);
SDR 16 TDI (FFFF) TDO (BFFF);
SDR 16 TDI (FFFF) TDO (FFFF);
SDR 16 TDI (FFFF) TDO (FFFF);
SDR 16 TDI (FFFF) TDO (FFFF);
SDR 16 TDI (FFFF) TDO (7FFF);
SDR 16 TDI (FFFF) TDO (FFFF);
SDR 16 TDI (FFFF) TDO (FFFF);
SDR 16 TDI (FFFF) TDO (FFFF);
SDR 16 TDI (FFFF) TDO (BFFF);
SDR 16 TDI (FFFF) TDO (FFFF);
SDR 16 TDI (FFFF) TDO (FFFF);
SDR 16 TDI (FFFF) TDO (FFFF);
SDR 16 TDI (FFFF) TDO (7FFF);
SDR 16 TDI (FFFF) TDO (FFFF);
SDR 16 TDI (FFFF) TDO (FFFF);
SDR 16 TDI (FFFF) TDO (FFFF);
SDR 16 TDI (FFFF) TDO (BFFF);
SDR 16 TDI (FFFF) TDO (FFFF);
SDR 16 TDI (FFFF) TDO (FFFF);
SDR 16 TDI (FFFF) TDO (FFFF);
SDR 16 TDI (FFFF) TDO (7FFF);
SDR 16 TDI (FFFF) TDO (FFFF);
SDR 16 TDI (FFFF) TDO (FFFF);
SDR 16 TDI (FFFF) TDO (FFFF);
SDR 16 TDI (FFFF) TDO (BFFF);
SDR 16 TDI (FFFF) TDO (FFFF);
SDR 16 TDI (FFFF) TDO (FFFF);
SDR 16 TDI (FFFF) TDO (FFFF);
SDR 16 TDI (FFFF) TDO (7FFF);
SDR 16 TDI (FFFF) TDO (FFFF);
SDR 16 TDI (FFFF) TDO (FFFF);
SDR 16 TDI (FFFF) TDO (FFFF);
SDR 16 TDI (FFFF) TDO (BFFF);
SDR 16 TDI (FFFF) TDO (FFFF);
SDR 16 TDI (FFFF) TDO (FFFF);
SDR 16 TDI (FFFF) TDO (FFFF);
SDR 16 TDI (FFFF) TDO (7FFF);
SDR 16 TDI (FFFF) TDO (FFFF);
SDR 16 TDI (FFFF) TDO (FFFF);
SDR 16 TDI (FFFF) TDO (FFFF);
SDR 16 TDI (FFFF) TDO (BFFF);
SDR 16 TDI (FFFF) TDO (FFFF);
SDR 16 TDI (FFFF) TDO (FFFF);
SDR 16 TDI (FFFF) TDO (FFFF);
SDR 16 TDI (FFFF) TDO (7FFF);
SDR 16 TDI (FFFF) TDO (FFFF);
SDR 16 TDI (FFFF) TDO (FFFF);
SDR 16 TDI (FFFF) TDO (FFFF);
SDR 16 TDI (FFFF) TDO (BAFF);
SDR 16 TDI (FFFF) TDO (FFFF);
SDR 16 TDI (FFFF) TDO (FFFF);
SDR 16 TDI (FFFF) TDO (FFFF);
SDR 16 TDI (FFFF) TDO (7FFF);
SDR 16 TDI (FFFF) TDO (FFFF);
SDR 16 TDI (FFFF) TDO (FFFF);
SDR 16 TDI (FFFF) TDO (FFFF);
SDR 16 TDI (FFFF) TDO (BFFF);
SDR 16 TDI (FFFF) TDO (FFFF);
SDR 16 TDI (FFFF) TDO (FFFF);
SDR 16 TDI (FFFF) TDO (FFFF);
SDR 16 TDI (FFFF) TDO (7FFF);
SDR 16 TDI (FFFF) TDO (FFFF);
SDR 16 TDI (FFFF) TDO (FFFF);
SDR 16 TDI (FFFF) TDO (FFFF);
SDR 16 TDI (FFFF) TDO (BFFF);
SDR 16 TDI (FFFF) TDO (FFFF);
SDR 16 TDI (FFFF) TDO (FFFF);
SDR 16 TDI (FFFF) TDO (FFFF);
SDR 16 TDI (FFFF) TDO (7FFF);
SDR 16 TDI (FFFF) TDO (FFFF);
SDR 16 TDI (FFFF) TDO (FDFF);
SDR 16 TDI (FFFF) TDO (FFFF);
SDR 16 TDI (FFFF) TDO (BFFF);
SDR 16 TDI (FFFF) TDO (FFFF);
SDR 16 TDI (FFFF) TDO (FFFF);
SDR 16 TDI (FFFF) TDO (FFFF);
SDR 16 TDI (FFFF) TDO (7FFF);
SDR 16 TDI (FFFF) TDO (FFFF);
SDR 16 TDI (FFFF) TDO (FFFF);
SDR 16 TDI (FFFF) TDO (FFFF);
SDR 16 TDI (FFFF) TDO (BFFF);
SDR 16 TDI (FFFF) TDO (FFFF);
SDR 16 TDI (FFFF) TDO (FFFF);
SDR 16 TDI (FFFF) TDO (FFFF);
SDR 16 TDI (FFFF) TDO (7FFF);
SDR 16 TDI (FFFF) TDO (FFFF);
SDR 16 TDI (FFFF) TDO (FFFF);
SDR 16 TDI (FFFF) TDO (FFFF);
SDR 16 TDI (FFFF) TDO (BFFF);
SDR 16 TDI (FFFF) TDO (FFFF);
SDR 16 TDI (FFFF) TDO (FFFF);
SDR 16 TDI (FFFF) TDO (FFFF);
SDR 16 TDI (FFFF) TDO (7FFF);
SDR 16 TDI (FFFF) TDO (FFFF);
SDR 16 TDI (FFFF) TDO (FFFF);
SDR 16 TDI (FFFF) TDO (FFFF);
SDR 16 TDI (FFFF) TDO (A55F);
SDR 16 TDI (FFFF) TDO (FFFF);
SDR 16 TDI (FFFF) TDO (FEFF);
SDR 16 TDI (FFFF) TDO (FFFF);
SDR 16 TDI (FFFF) TDO (7FFF);
SDR 16 TDI (FFFF) TDO (FF7F);
SDR 16 TDI (FFFF) TDO (FFFF);
SDR 16 TDI (FFFF) TDO (FFFF);
SDR 16 TDI (FFFF) TDO (BFBF);
SDR 16 TDI (FFFF) TDO (FFFF);
SDR 16 TDI (FFFF) TDO (FFFF);
SDR 16 TDI (FFFF) TDO (FEFF);
SDR 16 TDI (FFFF) TDO (7FFF);
SDR 16 TDI (FFFF) TDO (FFFF);
SDR 16 TDI (FFFF) TDO (FF7F);
SDR 16 TDI (FFFF) TDO (FFFF);
SDR 16 TDI (FFFF) TDO (BFFF);
SDR 16 TDI (FFFF) TDO (FFDF);
SDR 16 TDI (FFFF) TDO (FFFF);
SDR 16 TDI (FFFF) TDO (FFFF);
SDR 16 TDI (FFFF) TDO (7FEF);
SDR 16 TDI (FFFF) TDO (FFFF);
SDR 16 TDI (FFFF) TDO (EA5F);
SDR 16 TDI (FFFF) TDO (FFFF);
SDR 16 TDI (FFFF) TDO (AFFF);
SDR 16 TDI (FFFF) TDO (FFFF);
SDR 16 TDI (FFFF) TDO (FDFF);
SDR 16 TDI (FFFF) TDO (FFFF);
SDR 16 TDI (FFFF) TDO (7FFF);
SDR 16 TDI (FFFF) TDO (FEFF);
SDR 16 TDI (FFFF) TDO (FFFF);
SDR 16 TDI (FFFF) TDO (FFFF);
SDR 16 TDI (FFFF) TDO (BF7F);
SDR 16 TDI (FFFF) TDO (FFFF);
SDR 16 TDI (FFFF) TDO (FFFF);
SDR 16 TDI (FFFF) TDO (FDFF);
SDR 16 TDI (FFFF) TDO (7FFF);
SDR 16 TDI (FFFF) TDO (FFFF);
SDR 16 TDI (FFFF) TDO (FEFF);
SDR 16 TDI (FFFF) TDO (FFFF);
SDR 16 TDI (FFFF) TDO (BFFF);
SDR 16 TDI (FFFF) TDO (FFBF);
SDR 16 TDI (FFFF) TDO (FFFF);
SDR 16 TDI (FFFF) TDO (FFFF);
SDR 16 TDI (FFFF) TDO (7FDF);
SDR 16 TDI (FFFF) TDO (FFFF);
SDR 16 TDI (FFFF) TDO (FF5F);
SDR 16 TDI (FFFF) TDO (FFFF);
SDR 16 TDI (FFFF) TDO (B55F);
SDR 16 TDI (FFFF) TDO (FFFF);
SDR 16 TDI (FFFF) TDO (FFFF);
SDR 16 TDI (FFFF) TDO (FFFF);
SDR 16 TDI (FFFF) TDO (7FFF);
SDR 16 TDI (FFFF) TDO (FFFF);
SDR 16 TDI (FFFF) TDO (FFFF);
SDR 16 TDI (FFFF) TDO (FFFF);
SDR 16 TDI (FFFF) TDO (BFFF);
SDR 16 TDI (FFFF) TDO (FFFF);
SDR 16 TDI (FFFF) TDO (FFFF);
SDR 16 TDI (FFFF) TDO (FFFF);
SDR 16 TDI (FFFF) TDO (7FFF);
SDR 16 TDI (FFFF) TDO (FFFF);
SDR 16 TDI (FFFF) TDO (FFFF);
SDR 16 TDI (FFFF) TDO (FFFF);
SDR 16 TDI (FFFF) TDO (BFFF);
SDR 16 TDI (FFFF) TDO (FFFF);
SDR 16 TDI (FFFF) TDO (FFFF);
SDR 16 TDI (FFFF) TDO (FFFF);
SDR 16 TDI (FFFF) TDO (7FFF);
SDR 16 TDI (FFFF) TDO (FFFF);
SDR 16 TDI (FFFF) TDO (EAFF);
SDR 16 TDI (FFFF) TDO (FFFF);
SDR 16 TDI (FFFF) TDO (BFFF);
SDR 16 TDI (FFFF) TDO (FFFF);
SDR 16 TDI (FFFF) TDO (FFFF);
SDR 16 TDI (FFFF) TDO (FFFF);
SDR 16 TDI (FFFF) TDO (7FFF);
SDR 16 TDI (FFFF) TDO (FFFF);
SDR 16 TDI (FFFF) TDO (FFFF);
SDR 16 TDI (FFFF) TDO (FFFF);
SDR 16 TDI (FFFF) TDO (BFFF);
SDR 16 TDI (FFFF) TDO (FFFF);
SDR 16 TDI (FFFF) TDO (FFFF);
SDR 16 TDI (FFFF) TDO (FFFF);
SDR 16 TDI (FFFF) TDO (7FFF);
SDR 16 TDI (FFFF) TDO (FFFF);
SDR 16 TDI (FFFF) TDO (FFFF);
SDR 16 TDI (FFFF) TDO (FFFF);
SDR 16 TDI (FFFF) TDO (BFFF);
SDR 16 TDI (FFFF) TDO (FFFF);
SDR 16 TDI (FFFF) TDO (FFFF);
SDR 16 TDI (FFFF) TDO (FFFF);
SDR 16 TDI (FFFF) TDO (7FFF);
SDR 16 TDI (FFFF) TDO (FFFF);
SDR 16 TDI (FFFF) TDO (FFFF);
SDR 16 TDI (FFFF) TDO (FFFF);
SDR 16 TDI (FFFF) TDO (BFFF);
SDR 16 TDI (FFFF) TDO (3333);
SDR 16 TDI (FFFF) TDO (1F33);
SDR 16 TDI (FFFF) TDO (333C);
SDR 16 TDI (FFFF) TDO (7999);
SDR 16 TDI (FFFF) TDO (8F99);
SDR 16 TDI (FFFF) TDO (999E);
SDR 16 TDI (FFFF) TDO (6666);
SDR 16 TDI (FFFF) TDO (A7CC);
SDR 16 TDI (FFFF) TDO (CCCF);
SDR 16 TDI (FFFF) TDO (3333);
SDR 16 TDI (FFFF) TDO (1F33);
SDR 16 TDI (FFFF) TDO (6667);
SDR 16 TDI (FFFF) TDO (9999);
SDR 16 TDI (FFFF) TDO (8F99);
SDR 16 TDI (FFFF) TDO (999F);
SDR 16 TDI (FFFF) TDO (A666);
SDR 16 TDI (FFFF) TDO (63E6);
SDR 16 TDI (FFFF) TDO (6667);
SDR 16 TDI (FFFF) TDO (9999);
SDR 16 TDI (FFFF) TDO (71F3);
SDR 16 TDI (FFFF) TDO (3333);
SDR 16 TDI (FFFF) TDO (BFFF);
SDR 16 TDI (FFFF) TDO (FFFF);
SDR 16 TDI (FFFF) TDO (BFFF);
SDR 16 TDI (FFFF) TDO (7777);
SDR 16 TDI (FFFF) TDO (4ABB);
SDR 16 TDI (FFFF) TDO (BBBD);
SDR 16 TDI (FFFF) TDO (7BBB);
SDR 16 TDI (FFFF) TDO (A55D);
SDR 16 TDI (FFFF) TDO (DDDE);
SDR 16 TDI (FFFF) TDO (EEEE);
SDR 16 TDI (FFFF) TDO (B2AE);
SDR 16 TDI (FFFF) TDO (EEEF);
SDR 16 TDI (FFFF) TDO (7777);
SDR 16 TDI (FFFF) TDO (4ABB);
SDR 16 TDI (FFFF) TDO (7777);
SDR 16 TDI (FFFF) TDO (BBBB);
SDR 16 TDI (FFFF) TDO (A55D);
SDR 16 TDI (FFFF) TDO (DDDF);
SDR 16 TDI (FFFF) TDO (AEEE);
SDR 16 TDI (FFFF) TDO (E957);
SDR 16 TDI (FFFF) TDO (7777);
SDR 16 TDI (FFFF) TDO (BBBB);
SDR 16 TDI (FFFF) TDO (74AB);
SDR 16 TDI (FFFF) TDO (BBBB);
SDR 16 TDI (FFFF) TDO (BFFF);
SDR 16 TDI (FFFF) TDO (FFFF);
SDR 16 TDI (FFFF) TDO (BFFF);
SDR 16 TDI (FFFF) TDO (FFFF);
SDR 16 TDI (FFFF) TDO (FEFF);
SDR 16 TDI (FFFF) TDO (FFFF);
SDR 16 TDI (FFFF) TDO (7FFF);
SDR 16 TDI (FFFF) TDO (FF7F);
SDR 16 TDI (FFFF) TDO (FFFF);
SDR 16 TDI (FFFF) TDO (FFFF);
SDR 16 TDI (FFFF) TDO (BFBF);
SDR 16 TDI (FFFF) TDO (FFFF);
SDR 16 TDI (FFFF) TDO (FFFF);
SDR 16 TDI (FFFF) TDO (FEFF);
SDR 16 TDI (FFFF) TDO (7FFF);
SDR 16 TDI (FFFF) TDO (FFFF);
SDR 16 TDI (FFFF) TDO (FF7F);
SDR 16 TDI (FFFF) TDO (FFFF);
SDR 16 TDI (FFFF) TDO (BFFF);
SDR 16 TDI (FFFF) TDO (FFDF);
SDR 16 TDI (FFFF) TDO (FFFF);
SDR 16 TDI (FFFF) TDO (FFFF);
SDR 16 TDI (FFFF) TDO (7FEF);
SDR 16 TDI (FFFF) TDO (FFFF);
SDR 16 TDI (FFFF) TDO (FFFF);
SDR 16 TDI (FFFF) TDO (FFFF);
SDR 16 TDI (FFFF) TDO (BFFF);
SDR 16 TDI (FFFF) TDO (FFFF);
SDR 16 TDI (FFFF) TDO (FFFF);
SDR 16 TDI (FFFF) TDO (FFFF);
SDR 16 TDI (FFFF) TDO (7FFF);
SDR 16 TDI (FFFF) TDO (FFFF);
SDR 16 TDI (FFFF) TDO (FFFF);
SDR 16 TDI (FFFF) TDO (FFFF);
SDR 16 TDI (FFFF) TDO (BFFF);
SDR 16 TDI (FFFF) TDO (FFFF);
SDR 16 TDI (FFFF) TDO (FFFF);
SDR 16 TDI (FFFF) TDO (FFFF);
SDR 16 TDI (FFFF) TDO (7FFF);
SDR 16 TDI (FFFF) TDO (FFFF);
SDR 16 TDI (FFFF) TDO (FFFF);
SDR 16 TDI (FFFF) TDO (FFFF);
SDR 16 TDI (FFFF) TDO (BFFF);
SDR 16 TDI (FFFF) TDO (FFFF);
SDR 16 TDI (FFFF) TDO (FFFF);
SDR 16 TDI (FFFF) TDO (FFFF);
SDR 16 TDI (FFFF) TDO (7FFF);
SDR 16 TDI (FFFF) TDO (FEFF);
SDR 16 TDI (FFFF) TDO (FFFF);
SDR 16 TDI (FFFF) TDO (FFFF);
SDR 16 TDI (FFFF) TDO (BFFF);
SDR 16 TDI (FFFF) TDO (FFFF);
SDR 16 TDI (FFFF) TDO (FFFF);
SDR 16 TDI (FFFF) TDO (FFFF);
SDR 16 TDI (FFFF) TDO (7FFF);
SDR 16 TDI (FFFF) TDO (FFFF);
SDR 16 TDI (FFFF) TDO (FFFF);
SDR 16 TDI (FFFF) TDO (FFFF);
SDR 16 TDI (FFFF) TDO (BFFF);
SDR 16 TDI (FFFF) TDO (FFFF);
SDR 16 TDI (FFFF) TDO (FFFF);
SDR 16 TDI (FFFF) TDO (FFFF);
SDR 16 TDI (FFFF) TDO (7FFF);
SDR 16 TDI (FFFF) TDO (FFFF);
SDR 16 TDI (FFFF) TDO (FFFF);
SDR 16 TDI (FFFF) TDO (FFFF);
SDR 16 TDI (FFFF) TDO (BFFF);
SDR 16 TDI (FFFF) TDO (FFFF);
SDR 16 TDI (FFFF) TDO (FFFF);
SDR 16 TDI (FFFF) TDO (FFFF);
SDR 16 TDI (FFFF) TDO (7FFF);
SDR 16 TDI (FFFF) TDO (FFFF);
SDR 16 TDI (FFFF) TDO (FFFF);
SDR 16 TDI (FFFF) TDO (FFFF);
SDR 16 TDI (FFFF) TDO (AFFF);
SDR 16 TDI (FFFF) TDO (FFFF);
SDR 16 TDI (FFFF) TDO (FFFF);
SDR 16 TDI (FFFF) TDO (FFFF);
SDR 16 TDI (FFFF) TDO (7FFF);
SDR 16 TDI (FFFF) TDO (FFFF);
SDR 16 TDI (FFFF) TDO (FFFF);
SDR 16 TDI (FFFF) TDO (FFFF);
SDR 16 TDI (FFFF) TDO (BFFF);
SDR 16 TDI (FFFF) TDO (FFFF);
SDR 16 TDI (FFFF) TDO (FFFF);
SDR 16 TDI (FFFF) TDO (FFFF);
SDR 16 TDI (FFFF) TDO (7FFF);
SDR 16 TDI (FFFF) TDO (FFFF);
SDR 16 TDI (FFFF) TDO (FFFF);
SDR 16 TDI (FFFF) TDO (FFFF);
SDR 16 TDI (FFFF) TDO (BFFF);
SDR 16 TDI (FFFF) TDO (FFFF);
SDR 16 TDI (FFFF) TDO (FFFF);
SDR 16 TDI (FFFF) TDO (FFFF);
SDR 16 TDI (FFFF) TDO (7FFF);
SDR 16 TDI (FFFF) TDO (FFFF);
SDR 16 TDI (FFFF) TDO (FFDF);
SDR 16 TDI (FFFF) TDO (FFFF);
SDR 16 TDI (FFFF) TDO (AFFF);
SDR 16 TDI (FFFF) TDO (FFFF);
SDR 16 TDI (FFFF) TDO (FFFF);
SDR 16 TDI (FFFF) TDO (FFFF);
SDR 16 TDI (FFFF) TDO (7FFF);
SDR 16 TDI (FFFF) TDO (FFFF);
SDR 16 TDI (FFFF) TDO (FFFF);
SDR 16 TDI (FFFF) TDO (FFFF);
SDR 16 TDI (FFFF) TDO (BFFF);
SDR 16 TDI (FFFF) TDO (FFFF);
SDR 16 TDI (FFFF) TDO (FFFF);
SDR 16 TDI (FFFF) TDO (FFFF);
SDR 16 TDI (FFFF) TDO (7FFF);
SDR 16 TDI (FFFF) TDO (FFFF);
SDR 16 TDI (FFFF) TDO (FFFF);
SDR 16 TDI (FFFF) TDO (FFFF);
SDR 16 TDI (FFFF) TDO (BFFF);
SDR 16 TDI (FFFF) TDO (FFFF);
SDR 16 TDI (FFFF) TDO (FFFF);
SDR 16 TDI (FFFF) TDO (FFFF);
SDR 16 TDI (FFFF) TDO (7FFF);
SDR 16 TDI (FFFF) TDO (FEFF);
SDR 16 TDI (FFFF) TDO (FFDF);
SDR 16 TDI (FFFF) TDO (FFFF);
SDR 16 TDI (FFFF) TDO (BFFF);
SDR 16 TDI (FFFF) TDO (FFFF);
SDR 16 TDI (FFFF) TDO (FFFF);
SDR 16 TDI (FFFF) TDO (FFFF);
SDR 16 TDI (FFFF) TDO (7FFF);
SDR 16 TDI (FFFF) TDO (FFFF);
SDR 16 TDI (FFFF) TDO (FFFF);
SDR 16 TDI (FFFF) TDO (FFFF);
SDR 16 TDI (FFFF) TDO (BFFF);
SDR 16 TDI (FFFF) TDO (FFFF);
SDR 16 TDI (FFFF) TDO (FFFF);
SDR 16 TDI (FFFF) TDO (FFFF);
SDR 16 TDI (FFFF) TDO (7FFF);
SDR 16 TDI (FFFF) TDO (FFFF);
SDR 16 TDI (FFFF) TDO (FFFF);
SDR 16 TDI (FFFF) TDO (FFFF);
SDR 16 TDI (FFFF) TDO (BFFF);
SDR 16 TDI (FFFF) TDO (FFFF);
SDR 16 TDI (FFFF) TDO (F7FF);
SDR 16 TDI (FFFF) TDO (FFFF);
SDR 16 TDI (FFFF) TDO (7FFF);
SDR 16 TDI (FFFF) TDO (FFFF);
SDR 16 TDI (FFFF) TDO (FFFF);
SDR 16 TDI (FFFF) TDO (FFFF);
SDR 16 TDI (FFFF) TDO (BFFF);
SDR 16 TDI (FFFF) TDO (FFFF);
SDR 16 TDI (FFFF) TDO (FFFF);
SDR 16 TDI (FFFF) TDO (FFFF);
SDR 16 TDI (FFFF) TDO (7FFF);
SDR 16 TDI (FFFF) TDO (FFFF);
SDR 16 TDI (FFFF) TDO (FFFF);
SDR 16 TDI (FFFF) TDO (FFFF);
SDR 16 TDI (FFFF) TDO (BFFF);
SDR 16 TDI (FFFF) TDO (FFFF);
SDR 16 TDI (FFFF) TDO (FF7F);
SDR 16 TDI (FFFF) TDO (FFFF);
SDR 16 TDI (FFFF) TDO (7FFF);
SDR 16 TDI (FFFF) TDO (FFFF);
SDR 16 TDI (FFFF) TDO (FFFF);
SDR 16 TDI (FFFF) TDO (FFFB);
SDR 16 TDI (FFFF) TDO (BFFF);
SDR 16 TDI (FFFF) TDO (FFFF);
SDR 16 TDI (FFFF) TDO (FFFF);
SDR 16 TDI (FFFF) TDO (FFFF);
SDR 16 TDI (FFFF) TDO (7FFF);
SDR 16 TDI (FFFF) TDO (FFFF);
SDR 16 TDI (FFFF) TDO (FFFF);
SDR 16 TDI (FFFF) TDO (FFFF);
SDR 16 TDI (FFFF) TDO (BFFF);
SDR 16 TDI (FFFF) TDO (FFFF);
SDR 16 TDI (FFFF) TDO (FFFF);
SDR 16 TDI (FFFF) TDO (FFFF);
SDR 16 TDI (FFFF) TDO (7FFF);
SDR 16 TDI (FFFF) TDO (FFFF);
SDR 16 TDI (FFFF) TDO (FFFF);
SDR 16 TDI (FFFF) TDO (FFFF);
SDR 16 TDI (FFFF) TDO (BFFF);
SDR 16 TDI (FFFF) TDO (FFFF);
SDR 16 TDI (FFFF) TDO (FFFF);
SDR 16 TDI (FFFF) TDO (FFFF);
SDR 16 TDI (FFFF) TDO (7FFF);
SDR 16 TDI (FFFF) TDO (FFFF);
SDR 16 TDI (FFFF) TDO (FFFF);
SDR 16 TDI (FFFF) TDO (FFFB);
SDR 16 TDI (FFFF) TDO (BFFF);
SDR 16 TDI (FFFF) TDO (FFFF);
SDR 16 TDI (FFFF) TDO (FFFF);
SDR 16 TDI (FFFF) TDO (FFFF);
SDR 16 TDI (FFFF) TDO (7FFF);
SDR 16 TDI (FFFF) TDO (FFFF);
SDR 16 TDI (FFFF) TDO (FFFF);
SDR 16 TDI (FFFF) TDO (FFFF);
SDR 16 TDI (FFFF) TDO (BFFF);
SDR 16 TDI (FFFF) TDO (FFFF);
SDR 16 TDI (FFFF) TDO (FFFF);
SDR 16 TDI (FFFF) TDO (FFFF);
SDR 16 TDI (FFFF) TDO (7FFF);
SDR 16 TDI (FFFF) TDO (FFFF);
SDR 16 TDI (FFFF) TDO (FFFF);
SDR 16 TDI (FFFF) TDO (FFFF);
SDR 16 TDI (FFFF) TDO (BFFF);
SDR 16 TDI (FFFF) TDO (FFFF);
SDR 16 TDI (FFFF) TDO (FF7F);
SDR 16 TDI (FFFF) TDO (FFFF);
SDR 16 TDI (FFFF) TDO (7FFF);
SDR 16 TDI (FFFF) TDO (FFFF);
SDR 16 TDI (FFFF) TDO (FFFF);
SDR 16 TDI (FFFF) TDO (FFFF);
SDR 16 TDI (FFFF) TDO (BFFF);
SDR 16 TDI (FFFF) TDO (FFFF);
SDR 16 TDI (FFFF) TDO (F7FF);
SDR 16 TDI (FFFF) TDO (FFFF);
SDR 16 TDI (FFFF) TDO (7FFF);
SDR 16 TDI (FFFF) TDO (FFFF);
SDR 16 TDI (FFFF) TDO (FFFF);
SDR 16 TDI (FFFF) TDO (FFFF);
SDR 16 TDI (FFFF) TDO (BFFF);
SDR 16 TDI (FFFF) TDO (FFFF);
SDR 16 TDI (FFFF) TDO (FFFF);
SDR 16 TDI (FFFF) TDO (FFFF);
SDR 16 TDI (FFFF) TDO (7FFF);
SDR 16 TDI (FFFF) TDO (FFFF);
SDR 16 TDI (FFFF) TDO (FFFF);
SDR 16 TDI (FFFF) TDO (FFFF);
SDR 16 TDI (FFFF) TDO (BFFF);
SDR 16 TDI (FFFF) TDO (FFFF);
SDR 16 TDI (FFFF) TDO (FFFF);
SDR 16 TDI (FFFF) TDO (FFFF);
SDR 16 TDI (FFFF) TDO (7FFF);
SDR 16 TDI (FFFF) TDO (FFFF);
SDR 16 TDI (FFFF) TDO (FFFF);
SDR 16 TDI (FFFF) TDO (FFFB);
SDR 16 TDI (FFFF) TDO (BFFF);
SDR 16 TDI (FFFF) TDO (FFFF);
SDR 16 TDI (FFFF) TDO (FFFF);
SDR 16 TDI (FFFF) TDO (FFFF);
SDR 16 TDI (FFFF) TDO (7FFF);
SDR 16 TDI (FFFF) TDO (FFFF);
SDR 16 TDI (FFFF) TDO (FFFF);
SDR 16 TDI (FFFF) TDO (FFFF);
SDR 16 TDI (FFFF) TDO (BF7F);
SDR 16 TDI (FFFF) TDO (FFFF);
SDR 16 TDI (FFFF) TDO (FFFF);
SDR 16 TDI (FFFF) TDO (FFFF);
SDR 16 TDI (FFFF) TDO (7FFF);
SDR 16 TDI (FFFF) TDO (FFFF);
SDR 16 TDI (FFFF) TDO (FFFF);
SDR 16 TDI (FFFF) TDO (FFFF);
SDR 16 TDI (FFFF) TDO (BFFF);
SDR 16 TDI (FFFF) TDO (FFFF);
SDR 16 TDI (FFFF) TDO (FFFF);
SDR 16 TDI (FFFF) TDO (FFFF);
SDR 16 TDI (FFFF) TDO (7FFF);
SDR 16 TDI (FFFF) TDO (FFFF);
SDR 16 TDI (FFFF) TDO (FFFF);
SDR 16 TDI (FFFF) TDO (FFFB);
SDR 16 TDI (FFFF) TDO (BFFF);
SDR 16 TDI (FFFF) TDO (FFFF);
SDR 16 TDI (FFFF) TDO (FFFF);
SDR 16 TDI (FFFF) TDO (FFFF);
SDR 16 TDI (FFFF) TDO (7FFF);
SDR 16 TDI (FFFF) TDO (FFFF);
SDR 16 TDI (FFFF) TDO (FFFF);
SDR 16 TDI (FFFF) TDO (FFFF);
SDR 16 TDI (FFFF) TDO (BFFF);
SDR 16 TDI (FFFF) TDO (FFFF);
SDR 16 TDI (FFFF) TDO (FFFF);
SDR 16 TDI (FFFF) TDO (FFFF);
SDR 16 TDI (FFFF) TDO (7FFF);
SDR 16 TDI (FFFF) TDO (FFFF);
SDR 16 TDI (FFFF) TDO (FFFF);
SDR 16 TDI (FFFF) TDO (FFFF);
SDR 16 TDI (FFFF) TDO (BFFF);
SDR 16 TDI (FFFF) TDO (FFFF);
SDR 16 TDI (FFFF) TDO (FFFF);
SDR 16 TDI (FFFF) TDO (FFFF);
SDR 16 TDI (FFFF) TDO (7FFF);
SDR 16 TDI (FFFF) TDO (FFFF);
SDR 16 TDI (FFFF) TDO (FFFF);
SDR 16 TDI (FFFF) TDO (FFFF);
SDR 16 TDI (FFFF) TDO (BFFF);
SDR 16 TDI (FFFF) TDO (FFFF);
SDR 16 TDI (FFFF) TDO (FFFF);
SDR 16 TDI (FFFF) TDO (FFFF);
SDR 16 TDI (FFFF) TDO (7FFF);
SDR 16 TDI (FFFF) TDO (FFFF);
SDR 16 TDI (FFFF) TDO (FFFF);
SDR 16 TDI (FFFF) TDO (FFFF);
SDR 16 TDI (FFFF) TDO (BFBF);
SDR 16 TDI (FFFF) TDO (FFFF);
SDR 16 TDI (FFFF) TDO (FFFF);
SDR 16 TDI (FFFF) TDO (FFFF);
SDR 16 TDI (FFFF) TDO (7FFF);
SDR 16 TDI (FFFF) TDO (FFFF);
SDR 16 TDI (FFFF) TDO (FFFF);
SDR 16 TDI (FFFF) TDO (FFFF);
SDR 16 TDI (FFFF) TDO (BFFF);
SDR 16 TDI (FFFF) TDO (FFFF);
SDR 16 TDI (FFFF) TDO (FFFF);
SDR 16 TDI (FFFF) TDO (FFFF);
SDR 16 TDI (FFFF) TDO (7FFF);
SDR 16 TDI (FFFF) TDO (FFFF);
SDR 16 TDI (FFFF) TDO (FFFF);
SDR 16 TDI (FFFF) TDO (FFFF);
SDR 16 TDI (FFFF) TDO (BFFF);
SDR 16 TDI (FFFF) TDO (FFFF);
SDR 16 TDI (FFFF) TDO (FFFF);
SDR 16 TDI (FFFF) TDO (FFFF);
SDR 16 TDI (FFFF) TDO (7FFF);
SDR 16 TDI (FFFF) TDO (FFFF);
SDR 16 TDI (FFFF) TDO (FFFF);
SDR 16 TDI (FFFF) TDO (FFFF);
SDR 16 TDI (FFFF) TDO (A65F);
SDR 16 TDI (FFFF) TDO (FFFF);
SDR 16 TDI (FFFF) TDO (FFFF);
SDR 16 TDI (FFFF) TDO (FFFF);
SDR 16 TDI (FFFF) TDO (7FFF);
SDR 16 TDI (FFFF) TDO (FFFF);
SDR 16 TDI (FFFF) TDO (FFFF);
SDR 16 TDI (FFFF) TDO (FFFF);
SDR 16 TDI (FFFF) TDO (BFFF);
SDR 16 TDI (FFFF) TDO (FFFF);
SDR 16 TDI (FFFF) TDO (FFFF);
SDR 16 TDI (FFFF) TDO (FFFF);
SDR 16 TDI (FFFF) TDO (7FFF);
SDR 16 TDI (FFFF) TDO (FFFF);
SDR 16 TDI (FFFF) TDO (FFFF);
SDR 16 TDI (FFFF) TDO (FFFF);
SDR 16 TDI (FFFF) TDO (BFFF);
SDR 16 TDI (FFFF) TDO (FFFF);
SDR 16 TDI (FFFF) TDO (FFFF);
SDR 16 TDI (FFFF) TDO (FFFF);
SDR 16 TDI (FFFF) TDO (7FFF);
SDR 16 TDI (FFFF) TDO (FFFF);
SDR 16 TDI (FFFF) TDO (EB9F);
SDR 16 TDI (FFFF) TDO (FFFF);
SDR 16 TDI (FFFF) TDO (AFFF);
SDR 16 TDI (FFFF) TDO (FFFF);
SDR 16 TDI (FFFF) TDO (FFFF);
SDR 16 TDI (FFFF) TDO (FFFF);
SDR 16 TDI (FFFF) TDO (7FFF);
SDR 16 TDI (FFFF) TDO (FFFF);
SDR 16 TDI (FFFF) TDO (FFFF);
SDR 16 TDI (FFFF) TDO (FFFF);
SDR 16 TDI (FFFF) TDO (BFFF);
SDR 16 TDI (FFFF) TDO (FFFF);
SDR 16 TDI (FFFF) TDO (FFFF);
SDR 16 TDI (FFFF) TDO (FFFF);
SDR 16 TDI (FFFF) TDO (7FFF);
SDR 16 TDI (FFFF) TDO (FFFF);
SDR 16 TDI (FFFF) TDO (FFFF);
SDR 16 TDI (FFFF) TDO (FFFF);
SDR 16 TDI (FFFF) TDO (BFFF);
SDR 16 TDI (FFFF) TDO (FFFF);
SDR 16 TDI (FFFF) TDO (FFFF);
SDR 16 TDI (FFFF) TDO (FFFF);
SDR 16 TDI (FFFF) TDO (7FFF);
SDR 16 TDI (FFFF) TDO (FFFF);
SDR 16 TDI (FFFF) TDO (FDDF);
SDR 16 TDI (FFFF) TDO (FFFF);
SDR 16 TDI (FFFF) TDO (A55F);
SDR 16 TDI (FFFF) TDO (FFFF);
SDR 16 TDI (FFFF) TDO (FFFF);
SDR 16 TDI (FFFF) TDO (FFFF);
SDR 16 TDI (FFFF) TDO (7FFF);
SDR 16 TDI (FFFF) TDO (FFFF);
SDR 16 TDI (FFFF) TDO (FFFF);
SDR 16 TDI (FFFF) TDO (FFFF);
SDR 16 TDI (FFFF) TDO (BFFF);
SDR 16 TDI (FFFF) TDO (FFFF);
SDR 16 TDI (FFFF) TDO (FFFF);
SDR 16 TDI (FFFF) TDO (FFFF);
SDR 16 TDI (FFFF) TDO (7FFF);
SDR 16 TDI (FFFF) TDO (FFFF);
SDR 16 TDI (FFFF) TDO (FFFF);
SDR 16 TDI (FFFF) TDO (FFFF);
SDR 16 TDI (FFFF) TDO (BFFF);
SDR 16 TDI (FFFF) TDO (FFFF);
SDR 16 TDI (FFFF) TDO (FFFF);
SDR 16 TDI (FFFF) TDO (FFFF);
SDR 16 TDI (FFFF) TDO (7FFF);
SDR 16 TDI (FFFF) TDO (FFFF);
SDR 16 TDI (FFFF) TDO (EB9F);
SDR 16 TDI (FFFF) TDO (FFFF);
SDR 16 TDI (FFFF) TDO (ABFF);
SDR 16 TDI (FFFF) TDO (FFFF);
SDR 16 TDI (FFFF) TDO (FFFF);
SDR 16 TDI (FFFF) TDO (FFFF);
SDR 16 TDI (FFFF) TDO (7FFF);
SDR 16 TDI (FFFF) TDO (FFFF);
SDR 16 TDI (FFFF) TDO (FFFF);
SDR 16 TDI (FFFF) TDO (FFFF);
SDR 16 TDI (FFFF) TDO (BFFF);
SDR 16 TDI (FFFF) TDO (FFFF);
SDR 16 TDI (FFFF) TDO (FFFF);
SDR 16 TDI (FFFF) TDO (FFFF);
SDR 16 TDI (FFFF) TDO (7FFF);
SDR 16 TDI (FFFF) TDO (FFFF);
SDR 16 TDI (FFFF) TDO (FFFF);
SDR 16 TDI (FFFF) TDO (FFFF);
SDR 16 TDI (FFFF) TDO (BFFF);
SDR 16 TDI (FFFF) TDO (FFFF);
SDR 16 TDI (FFFF) TDO (FFFF);
SDR 16 TDI (FFFF) TDO (FFFF);
SDR 16 TDI (FFFF) TDO (7FFF);
SDR 16 TDI (FFFF) TDO (FFFF);
SDR 16 TDI (FFFF) TDO (FE5F);
SDR 16 TDI (FFFF) TDO (FFFF);
SDR 16 TDI (FFFF) TDO (BFFF);
SDR 16 TDI (FFFF) TDO (FFFF);
SDR 16 TDI (FFFF) TDO (FFFF);
SDR 16 TDI (FFFF) TDO (FFFF);
SDR 16 TDI (FFFF) TDO (7FFF);
SDR 16 TDI (FFFF) TDO (FFFF);
SDR 16 TDI (FFFF) TDO (FFFF);
SDR 16 TDI (FFFF) TDO (FFFF);
SDR 16 TDI (FFFF) TDO (BFFF);
SDR 16 TDI (FFFF) TDO (FFFF);
SDR 16 TDI (FFFF) TDO (FFFF);
SDR 16 TDI (FFFF) TDO (FFFF);
SDR 16 TDI (FFFF) TDO (7FFF);
SDR 16 TDI (FFFF) TDO (FFFF);
SDR 16 TDI (FFFF) TDO (FFFF);
SDR 16 TDI (FFFF) TDO (FFFF);
SDR 16 TDI (FFFF) TDO (BFFF);
SDR 16 TDI (FFFF) TDO (FFFF);
SDR 16 TDI (FFFF) TDO (FFFF);
SDR 16 TDI (FFFF) TDO (FFFF);
SDR 16 TDI (FFFF) TDO (7FFF);
SDR 16 TDI (FFFF) TDO (FFFF);
SDR 16 TDI (FFFF) TDO (FFFF);
SDR 16 TDI (FFFF) TDO (FFFF);
SDR 16 TDI (FFFF) TDO (BFFF);
SDR 16 TDI (FFFF) TDO (FFFF);
SDR 16 TDI (FFFF) TDO (FFFF);
SDR 16 TDI (FFFF) TDO (FFFF);
SDR 16 TDI (FFFF) TDO (7FFF);
SDR 16 TDI (FFFF) TDO (FFFF);
SDR 16 TDI (FFFF) TDO (FFFF);
SDR 16 TDI (FFFF) TDO (FFFF);
SDR 16 TDI (FFFF) TDO (BFFF);
SDR 16 TDI (FFFF) TDO (FFFF);
SDR 16 TDI (FFFF) TDO (FFFF);
SDR 16 TDI (FFFF) TDO (FFFF);
SDR 16 TDI (FFFF) TDO (7FFF);
SDR 16 TDI (FFFF) TDO (FFFF);
SDR 16 TDI (FFFF) TDO (FFFF);
SDR 16 TDI (FFFF) TDO (FFFF);
SDR 16 TDI (FFFF) TDO (BFFF);
SDR 16 TDI (FFFF) TDO (FFFF);
SDR 16 TDI (FFFF) TDO (FFFF);
SDR 16 TDI (FFFF) TDO (FFFF);
SDR 16 TDI (FFFF) TDO (7FFF);
SDR 16 TDI (FFFF) TDO (FFFF);
SDR 16 TDI (FFFF) TDO (FFFF);
SDR 16 TDI (FFFF) TDO (FFFF);
SDR 16 TDI (FFFF) TDO (BFFF);
SDR 16 TDI (FFFF) TDO (FFFF);
SDR 16 TDI (FFFF) TDO (FFFF);
SDR 16 TDI (FFFF) TDO (FFFF);
SDR 16 TDI (FFFF) TDO (7FFF);
SDR 16 TDI (FFFF) TDO (FFFF);
SDR 16 TDI (FFFF) TDO (FFFF);
SDR 16 TDI (FFFF) TDO (FFFF);
SDR 16 TDI (FFFF) TDO (BFFF);
SDR 16 TDI (FFFF) TDO (FFFF);
SDR 16 TDI (FFFF) TDO (FFFF);
SDR 16 TDI (FFFF) TDO (FFFF);
SDR 16 TDI (FFFF) TDO (7FFF);
SDR 16 TDI (FFFF) TDO (FFFF);
SDR 16 TDI (FFFF) TDO (FFFF);
SDR 16 TDI (FFFF) TDO (FFFF);
SDR 16 TDI (FFFF) TDO (BFFF);
SDR 16 TDI (FFFF) TDO (FFFF);
SDR 16 TDI (FFFF) TDO (FFFF);
SDR 16 TDI (FFFF) TDO (FFFF);
SDR 16 TDI (FFFF) TDO (7FFF);
SDR 16 TDI (FFFF) TDO (FFFF);
SDR 16 TDI (FFFF) TDO (FFFF);
SDR 16 TDI (FFFF) TDO (FFFF);
SDR 16 TDI (FFFF) TDO (BAFF);
SDR 16 TDI (FFFF) TDO (FFFF);
SDR 16 TDI (FFFF) TDO (FFFF);
SDR 16 TDI (FFFF) TDO (FFFF);
SDR 16 TDI (FFFF) TDO (7FFF);
SDR 16 TDI (FFFF) TDO (FFFF);
SDR 16 TDI (FFFF) TDO (FFFF);
SDR 16 TDI (FFFF) TDO (FFFF);
SDR 16 TDI (FFFF) TDO (BFFF);
SDR 16 TDI (FFFF) TDO (FFFF);
SDR 16 TDI (FFFF) TDO (FFFF);
SDR 16 TDI (FFFF) TDO (FFFF);
SDR 16 TDI (FFFF) TDO (7FFF);
SDR 16 TDI (FFFF) TDO (FFFF);
SDR 16 TDI (FFFF) TDO (FFFF);
SDR 16 TDI (FFFF) TDO (FFFF);
SDR 16 TDI (FFFF) TDO (BFFF);
SDR 16 TDI (FFFF) TDO (FFFF);
SDR 16 TDI (FFFF) TDO (FFFF);
SDR 16 TDI (FFFF) TDO (FFFF);
SDR 16 TDI (FFFF) TDO (7FFF);
SDR 16 TDI (FFFF) TDO (FFFF);
SDR 16 TDI (FFFF) TDO (FDFF);
SDR 16 TDI (FFFF) TDO (FFFF);
SDR 16 TDI (FFFF) TDO (BFFF);
SDR 16 TDI (FFFF) TDO (FFFF);
SDR 16 TDI (FFFF) TDO (FFFF);
SDR 16 TDI (FFFF) TDO (FFFF);
SDR 16 TDI (FFFF) TDO (7FFF);
SDR 16 TDI (FFFF) TDO (FFFF);
SDR 16 TDI (FFFF) TDO (FFFF);
SDR 16 TDI (FFFF) TDO (FFFF);
SDR 16 TDI (FFFF) TDO (BFFF);
SDR 16 TDI (FFFF) TDO (FFFF);
SDR 16 TDI (FFFF) TDO (FFFF);
SDR 16 TDI (FFFF) TDO (FFFF);
SDR 16 TDI (FFFF) TDO (7FFF);
SDR 16 TDI (FFFF) TDO (FFFF);
SDR 16 TDI (FFFF) TDO (FFFF);
SDR 16 TDI (FFFF) TDO (FFFF);
SDR 16 TDI (FFFF) TDO (BFFF);
SDR 16 TDI (FFFF) TDO (FFFF);
SDR 16 TDI (FFFF) TDO (FFFF);
SDR 16 TDI (FFFF) TDO (FFFF);
SDR 16 TDI (FFFF) TDO (7FFF);
SDR 16 TDI (FFFF) TDO (FFFF);
SDR 16 TDI (FFFF) TDO (FFFF);
SDR 16 TDI (FFFF) TDO (FFFF);
SDR 16 TDI (FFFF) TDO (A55F);
SDR 16 TDI (FFFF) TDO (FFFF);
SDR 16 TDI (FFFF) TDO (FEFF);
SDR 16 TDI (FFFF) TDO (FFFF);
SDR 16 TDI (FFFF) TDO (7FFF);
SDR 16 TDI (FFFF) TDO (FF7F);
SDR 16 TDI (FFFF) TDO (FFFF);
SDR 16 TDI (FFFF) TDO (FFFF);
SDR 16 TDI (FFFF) TDO (BFBF);
SDR 16 TDI (FFFF) TDO (FFFF);
SDR 16 TDI (FFFF) TDO (FFFF);
SDR 16 TDI (FFFF) TDO (FEFF);
SDR 16 TDI (FFFF) TDO (7FFF);
SDR 16 TDI (FFFF) TDO (FFFF);
SDR 16 TDI (FFFF) TDO (FF7F);
SDR 16 TDI (FFFF) TDO (FFFF);
SDR 16 TDI (FFFF) TDO (BFFF);
SDR 16 TDI (FFFF) TDO (FFDF);
SDR 16 TDI (FFFF) TDO (FFFF);
SDR 16 TDI (FFFF) TDO (FFFF);
SDR 16 TDI (FFFF) TDO (7FEF);
SDR 16 TDI (FFFF) TDO (FFFF);
SDR 16 TDI (FFFF) TDO (EA9F);
SDR 16 TDI (FFFF) TDO (FFFF);
SDR 16 TDI (FFFF) TDO (AFFF);
SDR 16 TDI (FFFF) TDO (FFFF);
SDR 16 TDI (FFFF) TDO (FDFF);
SDR 16 TDI (FFFF) TDO (FFFF);
SDR 16 TDI (FFFF) TDO (7FFF);
SDR 16 TDI (FFFF) TDO (FEFF);
SDR 16 TDI (FFFF) TDO (FFFF);
SDR 16 TDI (FFFF) TDO (FFFF);
SDR 16 TDI (FFFF) TDO (BF7F);
SDR 16 TDI (FFFF) TDO (FFFF);
SDR 16 TDI (FFFF) TDO (FFFF);
SDR 16 TDI (FFFF) TDO (FDFF);
SDR 16 TDI (FFFF) TDO (7FFF);
SDR 16 TDI (FFFF) TDO (FFFF);
SDR 16 TDI (FFFF) TDO (FEFF);
SDR 16 TDI (FFFF) TDO (FFFF);
SDR 16 TDI (FFFF) TDO (BFFF);
SDR 16 TDI (FFFF) TDO (FFBF);
SDR 16 TDI (FFFF) TDO (FFFF);
SDR 16 TDI (FFFF) TDO (FFFF);
SDR 16 TDI (FFFF) TDO (7FDF);
SDR 16 TDI (FFFF) TDO (FFFF);
SDR 16 TDI (FFFF) TDO (FF5F);
SDR 16 TDI (FFFF) TDO (FFFF);
SDR 16 TDI (FFFF) TDO (B55F);
SDR 16 TDI (FFFF) TDO (FFFF);
SDR 16 TDI (FFFF) TDO (FFFF);
SDR 16 TDI (FFFF) TDO (FFFF);
SDR 16 TDI (FFFF) TDO (7FFF);
SDR 16 TDI (FFFF) TDO (FFFF);
SDR 16 TDI (FFFF) TDO (FFFF);
SDR 16 TDI (FFFF) TDO (FFFF);
SDR 16 TDI (FFFF) TDO (BFFF);
SDR 16 TDI (FFFF) TDO (FFFF);
SDR 16 TDI (FFFF) TDO (FFFF);
SDR 16 TDI (FFFF) TDO (FFFF);
SDR 16 TDI (FFFF) TDO (7FFF);
SDR 16 TDI (FFFF) TDO (FFFF);
SDR 16 TDI (FFFF) TDO (FFFF);
SDR 16 TDI (FFFF) TDO (FFFF);
SDR 16 TDI (FFFF) TDO (BFFF);
SDR 16 TDI (FFFF) TDO (FFFF);
SDR 16 TDI (FFFF) TDO (FFFF);
SDR 16 TDI (FFFF) TDO (FFFF);
SDR 16 TDI (FFFF) TDO (7FFF);
SDR 16 TDI (FFFF) TDO (FFFF);
SDR 16 TDI (FFFF) TDO (EAFF);
SDR 16 TDI (FFFF) TDO (FFFF);
SDR 16 TDI (FFFF) TDO (BFFF);
SDR 16 TDI (FFFF) TDO (FFFF);
SDR 16 TDI (FFFF) TDO (FFFF);
SDR 16 TDI (FFFF) TDO (FFFF);
SDR 16 TDI (FFFF) TDO (7FFF);
SDR 16 TDI (FFFF) TDO (FFFF);
SDR 16 TDI (FFFF) TDO (FFFF);
SDR 16 TDI (FFFF) TDO (FFFF);
SDR 16 TDI (FFFF) TDO (BFFF);
SDR 16 TDI (FFFF) TDO (FFFF);
SDR 16 TDI (FFFF) TDO (FFFF);
SDR 16 TDI (FFFF) TDO (FFFF);
SDR 16 TDI (FFFF) TDO (7FFF);
SDR 16 TDI (FFFF) TDO (FFFF);
SDR 16 TDI (FFFF) TDO (FFFF);
SDR 16 TDI (FFFF) TDO (FFFF);
SDR 16 TDI (FFFF) TDO (BFFF);
SDR 16 TDI (FFFF) TDO (FFFF);
SDR 16 TDI (FFFF) TDO (FFFF);
SDR 16 TDI (FFFF) TDO (FFFF);
SDR 16 TDI (FFFF) TDO (7FFF);
SDR 16 TDI (FFFF) TDO (FFFF);
SDR 16 TDI (FFFF) TDO (EBFF);
SDR 16 TDI (FFFF) TDO (FFFF);
SDR 16 TDI (FFFF) TDO (BFFF);
SDR 16 TDI (FFFF) TDO (3333);
SDR 16 TDI (FFFF) TDO (1F33);
SDR 16 TDI (FFFF) TDO (333C);
SDR 16 TDI (FFFF) TDO (7999);
SDR 16 TDI (FFFF) TDO (8F99);
SDR 16 TDI (FFFF) TDO (999E);
SDR 16 TDI (FFFF) TDO (6666);
SDR 16 TDI (FFFF) TDO (A7CC);
SDR 16 TDI (FFFF) TDO (CCCF);
SDR 16 TDI (FFFF) TDO (3333);
SDR 16 TDI (FFFF) TDO (1F33);
SDR 16 TDI (FFFF) TDO (6667);
SDR 16 TDI (FFFF) TDO (9999);
SDR 16 TDI (FFFF) TDO (8F99);
SDR 16 TDI (FFFF) TDO (999F);
SDR 16 TDI (FFFF) TDO (A666);
SDR 16 TDI (FFFF) TDO (63E6);
SDR 16 TDI (FFFF) TDO (6667);
SDR 16 TDI (FFFF) TDO (9999);
SDR 16 TDI (FFFF) TDO (71F3);
SDR 16 TDI (FFFF) TDO (3333);
SDR 16 TDI (FFFF) TDO (FFFF);
SDR 16 TDI (FFFF) TDO (FFFF);
SDR 16 TDI (FFFF) TDO (BFFF);
SDR 16 TDI (FFFF) TDO (7777);
SDR 16 TDI (FFFF) TDO (4ABB);
SDR 16 TDI (FFFF) TDO (BBBD);
SDR 16 TDI (FFFF) TDO (7BBB);
SDR 16 TDI (FFFF) TDO (A55D);
SDR 16 TDI (FFFF) TDO (DDDE);
SDR 16 TDI (FFFF) TDO (EEEE);
SDR 16 TDI (FFFF) TDO (B2AE);
SDR 16 TDI (FFFF) TDO (EEEF);
SDR 16 TDI (FFFF) TDO (7777);
SDR 16 TDI (FFFF) TDO (4ABB);
SDR 16 TDI (FFFF) TDO (7777);
SDR 16 TDI (FFFF) TDO (BBBB);
SDR 16 TDI (FFFF) TDO (A55D);
SDR 16 TDI (FFFF) TDO (DDDF);
SDR 16 TDI (FFFF) TDO (AEEE);
SDR 16 TDI (FFFF) TDO (E957);
SDR 16 TDI (FFFF) TDO (7777);
SDR 16 TDI (FFFF) TDO (BBBB);
SDR 16 TDI (FFFF) TDO (74AB);
SDR 16 TDI (FFFF) TDO (BBBB);
SDR 16 TDI (FFFF) TDO (F7FF);
SDR 16 TDI (FFFF) TDO (FFFF);
SDR 16 TDI (FFFF) TDO (BFFF);
SDR 16 TDI (FFFF) TDO (FFFF);
SDR 16 TDI (FFFF) TDO (FEFF);
SDR 16 TDI (FFFF) TDO (FFFF);
SDR 16 TDI (FFFF) TDO (7FFF);
SDR 16 TDI (FFFF) TDO (FF7F);
SDR 16 TDI (FFFF) TDO (FFFF);
SDR 16 TDI (FFFF) TDO (FFFF);
SDR 16 TDI (FFFF) TDO (BFBF);
SDR 16 TDI (FFFF) TDO (FFFF);
SDR 16 TDI (FFFF) TDO (FFFF);
SDR 16 TDI (FFFF) TDO (FEFF);
SDR 16 TDI (FFFF) TDO (7FFF);
SDR 16 TDI (FFFF) TDO (FFFF);
SDR 16 TDI (FFFF) TDO (FF7F);
SDR 16 TDI (FFFF) TDO (FFFF);
SDR 16 TDI (FFFF) TDO (BFFF);
SDR 16 TDI (FFFF) TDO (FFDF);
SDR 16 TDI (FFFF) TDO (FFFF);
SDR 16 TDI (FFFF) TDO (FFFF);
SDR 16 TDI (FFFF) TDO (7FEF);
SDR 16 TDI (FFFF) TDO (FFFF);
SDR 16 TDI (FFFF) TDO (DFFF);
SDR 16 TDI (FFFF) TDO (FFFF);
SDR 16 TDI (FFFF) TDO (BFFF);
SDR 16 TDI (FFFF) TDO (FFFF);
SDR 16 TDI (FFFF) TDO (FFFF);
SDR 16 TDI (FFFF) TDO (FFFF);
SDR 16 TDI (FFFF) TDO (7FFF);
SDR 16 TDI (FFFF) TDO (FFFF);
SDR 16 TDI (FFFF) TDO (FFFF);
SDR 16 TDI (FFFF) TDO (FFFF);
SDR 16 TDI (FFFF) TDO (BFFF);
SDR 16 TDI (FFFF) TDO (FFFF);
SDR 16 TDI (FFFF) TDO (FFFF);
SDR 16 TDI (FFFF) TDO (FFFF);
SDR 16 TDI (FFFF) TDO (7FFF);
SDR 16 TDI (FFFF) TDO (FFFF);
SDR 16 TDI (FFFF) TDO (FFEF);
SDR 16 TDI (FFFF) TDO (EFFF);
SDR 16 TDI (FFFF) TDO (BFDF);
SDR 16 TDI (FFFF) TDO (FFFB);
SDR 16 TDI (FFFF) TDO (FFFF);
SDR 16 TDI (FFFF) TDO (FFFF);
SDR 16 TDI (FFFF) TDO (7FFF);
SDR 16 TDI (FFFF) TDO (FFFF);
SDR 16 TDI (FFFF) TDO (FFFF);
SDR 16 TDI (FFFF) TDO (FFFF);
SDR 16 TDI (FFFF) TDO (BFFF);
SDR 16 TDI (FFFF) TDO (FFFF);
SDR 16 TDI (FFFF) TDO (FFFF);
SDR 16 TDI (FFFF) TDO (FFFF);
SDR 16 TDI (FFFF) TDO (7FFF);
SDR 16 TDI (FFFF) TDO (FFFF);
SDR 16 TDI (FFFF) TDO (FFFF);
SDR 16 TDI (FFFF) TDO (FFFF);
SDR 16 TDI (FFFF) TDO (BFFF);
SDR 16 TDI (FFFF) TDO (FFFF);
SDR 16 TDI (FFFF) TDO (FFFF);
SDR 16 TDI (FFFF) TDO (FFFF);
SDR 16 TDI (FFFF) TDO (7FFF);
SDR 16 TDI (FFFF) TDO (FFFF);
SDR 16 TDI (FFFF) TDO (FFFF);
SDR 16 TDI (FFFF) TDO (7FFF);
SDR 16 TDI (FFFF) TDO (BFFF);
SDR 16 TDI (FFFF) TDO (FFFF);
SDR 16 TDI (FFFF) TDO (FFFF);
SDR 16 TDI (FFFF) TDO (FFFF);
SDR 16 TDI (FFFF) TDO (7FFF);
SDR 16 TDI (FFFF) TDO (FFFF);
SDR 16 TDI (FFFF) TDO (FFFF);
SDR 16 TDI (FFFF) TDO (FFFF);
SDR 16 TDI (FFFF) TDO (AFFF);
SDR 16 TDI (FFFF) TDO (FFFF);
SDR 16 TDI (FFFF) TDO (FFFF);
SDR 16 TDI (FFFF) TDO (FFFF);
SDR 16 TDI (FFFF) TDO (7FFF);
SDR 16 TDI (FFFF) TDO (FFFF);
SDR 16 TDI (FFFF) TDO (FFFF);
SDR 16 TDI (FFFF) TDO (FFFF);
SDR 16 TDI (FFFF) TDO (BFFF);
SDR 16 TDI (FFFF) TDO (FFFF);
SDR 16 TDI (FFFF) TDO (FFFF);
SDR 16 TDI (FFFF) TDO (FFFF);
SDR 16 TDI (FFFF) TDO (7FFF);
SDR 16 TDI (FFFF) TDO (FFFF);
SDR 16 TDI (FFFF) TDO (FFEE);
SDR 16 TDI (FFFF) TDO (EFFF);
SDR 16 TDI (FFFF) TDO (BFFF);
SDR 16 TDI (FFFF) TDO (FFFB);
SDR 16 TDI (FFFF) TDO (FFFF);
SDR 16 TDI (FFFF) TDO (FFFF);
SDR 16 TDI (FFFF) TDO (7FFF);
SDR 16 TDI (FFFF) TDO (FFFF);
SDR 16 TDI (FFFF) TDO (FFDF);
SDR 16 TDI (FFFF) TDO (FFFF);
SDR 16 TDI (FFFF) TDO (AFFF);
SDR 16 TDI (FFFF) TDO (FFFF);
SDR 16 TDI (FFFF) TDO (FFFF);
SDR 16 TDI (FFFF) TDO (FFFF);
SDR 16 TDI (FFFF) TDO (7FFF);
SDR 16 TDI (FFFF) TDO (FFFF);
SDR 16 TDI (FFFF) TDO (FFFF);
SDR 16 TDI (FFFF) TDO (FFFF);
SDR 16 TDI (FFFF) TDO (BFFF);
SDR 16 TDI (FFFF) TDO (FFFF);
SDR 16 TDI (FFFF) TDO (FFFF);
SDR 16 TDI (FFFF) TDO (FFFF);
SDR 16 TDI (FFFF) TDO (7FFF);
SDR 16 TDI (FFFF) TDO (FFFF);
SDR 16 TDI (FFFF) TDO (FFFF);
SDR 16 TDI (FFFF) TDO (FFFF);
SDR 16 TDI (FFFF) TDO (BFDF);
SDR 16 TDI (FFFF) TDO (FFFF);
SDR 16 TDI (FFFF) TDO (FFFF);
SDR 16 TDI (FFFF) TDO (FFFF);
SDR 16 TDI (FFFF) TDO (7FFF);
SDR 16 TDI (FFFF) TDO (FFFF);
SDR 16 TDI (FFFF) TDO (FFDF);
SDR 16 TDI (FFFF) TDO (FFFF);
SDR 16 TDI (FFFF) TDO (BFFF);
SDR 16 TDI (FFFF) TDO (FFFF);
SDR 16 TDI (FFFF) TDO (FFFF);
SDR 16 TDI (FFFF) TDO (FFFF);
SDR 16 TDI (FFFF) TDO (7FFF);
SDR 16 TDI (FFFF) TDO (FFFF);
SDR 16 TDI (FFFF) TDO (FFFF);
SDR 16 TDI (FFFF) TDO (FFFF);
SDR 16 TDI (FFFF) TDO (BFFF);
SDR 16 TDI (FFFF) TDO (FFFF);
SDR 16 TDI (FFFF) TDO (FFFF);
SDR 16 TDI (FFFF) TDO (FFFF);
SDR 16 TDI (FFFF) TDO (7FFF);
SDR 16 TDI (FFFF) TDO (FFFF);
SDR 16 TDI (FFFF) TDO (FFFF);
SDR 16 TDI (FFFF) TDO (FFFF);
SDR 16 TDI (FFFF) TDO (BEFF);
SDR 16 TDI (FFFF) TDO (FFFF);
SDR 16 TDI (FFFF) TDO (FFFF);
SDR 16 TDI (FFFF) TDO (FFFF);
SDR 16 TDI (FFFF) TDO (7FFF);
SDR 16 TDI (FFFF) TDO (FFFF);
SDR 16 TDI (FFFF) TDO (FFFF);
SDR 16 TDI (FFFF) TDO (FFFF);
SDR 16 TDI (FFFF) TDO (BFFF);
SDR 16 TDI (FFFF) TDO (FFFF);
SDR 16 TDI (FFFF) TDO (FFFF);
SDR 16 TDI (FFFF) TDO (FFFF);
SDR 16 TDI (FFFF) TDO (7FFF);
SDR 16 TDI (FFFF) TDO (FFFF);
SDR 16 TDI (FFFF) TDO (FFFF);
SDR 16 TDI (FFFF) TDO (FFFF);
SDR 16 TDI (FFFF) TDO (BFFF);
SDR 16 TDI (FFFF) TDO (FFFF);
SDR 16 TDI (FFFF) TDO (FFFF);
SDR 16 TDI (FFFF) TDO (FFFF);
SDR 16 TDI (FFFF) TDO (7FFF);
SDR 16 TDI (FFFF) TDO (DEFF);
SDR 16 TDI (FFFF) TDO (FFFF);
SDR 16 TDI (FFFF) TDO (FFFB);
SDR 16 TDI (FFFF) TDO (BFFF);
SDR 16 TDI (FFFF) TDO (FFFB);
SDR 16 TDI (FFFF) TDO (FFFF);
SDR 16 TDI (FFFF) TDO (FFFF);
SDR 16 TDI (FFFF) TDO (7FFF);
SDR 16 TDI (FFFF) TDO (FFFF);
SDR 16 TDI (FFFF) TDO (FFFF);
SDR 16 TDI (FFFF) TDO (FFFF);
SDR 16 TDI (FFFF) TDO (BFFF);
SDR 16 TDI (FFFF) TDO (FFFF);
SDR 16 TDI (FFFF) TDO (FFFF);
SDR 16 TDI (FFFF) TDO (FFFF);
SDR 16 TDI (FFFF) TDO (7FFF);
SDR 16 TDI (FFFF) TDO (FFFF);
SDR 16 TDI (FFFF) TDO (FFFF);
SDR 16 TDI (FFFF) TDO (FFFF);
SDR 16 TDI (FFFF) TDO (BFFF);
SDR 16 TDI (FFFF) TDO (FFFF);
SDR 16 TDI (FFFF) TDO (FFFF);
SDR 16 TDI (FFFF) TDO (FFFF);
SDR 16 TDI (FFFF) TDO (7FFF);
SDR 16 TDI (FFFF) TDO (FEFF);
SDR 16 TDI (FFFF) TDO (FFFF);
SDR 16 TDI (FFFF) TDO (FFFB);
SDR 16 TDI (FFFF) TDO (BFFF);
SDR 16 TDI (FFFF) TDO (FFFD);
SDR 16 TDI (FFFF) TDO (FFFF);
SDR 16 TDI (FFFF) TDO (FFFF);
SDR 16 TDI (FFFF) TDO (7FFF);
SDR 16 TDI (FFFF) TDO (FFFF);
SDR 16 TDI (FFFF) TDO (FFFF);
SDR 16 TDI (FFFF) TDO (FFFF);
SDR 16 TDI (FFFF) TDO (BFFF);
SDR 16 TDI (FFFF) TDO (FFFF);
SDR 16 TDI (FFFF) TDO (FFFF);
SDR 16 TDI (FFFF) TDO (FFFF);
SDR 16 TDI (FFFF) TDO (7FFF);
SDR 16 TDI (FFFF) TDO (FFFF);
SDR 16 TDI (FFFF) TDO (FFFF);
SDR 16 TDI (FFFF) TDO (FFFF);
SDR 16 TDI (FFFF) TDO (BFFF);
SDR 16 TDI (FFFF) TDO (FFFF);
SDR 16 TDI (FFFF) TDO (FFFF);
SDR 16 TDI (FFFF) TDO (FFFF);
SDR 16 TDI (FFFF) TDO (7FFF);
SDR 16 TDI (FFFF) TDO (BFFF);
SDR 16 TDI (FFFF) TDO (FFFF);
SDR 16 TDI (FFFF) TDO (FFFF);
SDR 16 TDI (FFFF) TDO (BEFF);
SDR 16 TDI (FFFF) TDO (FFFF);
SDR 16 TDI (FFFF) TDO (FFFF);
SDR 16 TDI (FFFF) TDO (FFFF);
SDR 16 TDI (FFFF) TDO (7FFF);
SDR 16 TDI (FFFF) TDO (FFFF);
SDR 16 TDI (FFFF) TDO (FFFF);
SDR 16 TDI (FFFF) TDO (FFFF);
SDR 16 TDI (FFFF) TDO (BFFF);
SDR 16 TDI (FFFF) TDO (FFFF);
SDR 16 TDI (FFFF) TDO (FFFF);
SDR 16 TDI (FFFF) TDO (FFFF);
SDR 16 TDI (FFFF) TDO (7FFF);
SDR 16 TDI (FFFF) TDO (FFFF);
SDR 16 TDI (FFFF) TDO (FFFF);
SDR 16 TDI (FFFF) TDO (FFFF);
SDR 16 TDI (FFFF) TDO (BFFF);
SDR 16 TDI (FFFF) TDO (FFFF);
SDR 16 TDI (FFFF) TDO (FFFF);
SDR 16 TDI (FFFF) TDO (FFFF);
SDR 16 TDI (FFFF) TDO (7FFF);
SDR 16 TDI (FFFF) TDO (FFFF);
SDR 16 TDI (FFFF) TDO (FFFF);
SDR 16 TDI (FFFF) TDO (FFFB);
SDR 16 TDI (FFFF) TDO (BFFF);
SDR 16 TDI (FFFF) TDO (FFFF);
SDR 16 TDI (FFFF) TDO (FFFF);
SDR 16 TDI (FFFF) TDO (FFFF);
SDR 16 TDI (FFFF) TDO (7FFF);
SDR 16 TDI (FFFF) TDO (FFFF);
SDR 16 TDI (FFFF) TDO (DFFF);
SDR 16 TDI (FFFF) TDO (FFFF);
SDR 16 TDI (FFFF) TDO (BFFF);
SDR 16 TDI (FFFF) TDO (FFFF);
SDR 16 TDI (FFFF) TDO (FFFF);
SDR 16 TDI (FFFF) TDO (FFFF);
SDR 16 TDI (FFFF) TDO (7FFF);
SDR 16 TDI (FFFF) TDO (FFFF);
SDR 16 TDI (FFFF) TDO (FFFF);
SDR 16 TDI (FFFF) TDO (FFFF);
SDR 16 TDI (FFFF) TDO (BFFF);
SDR 16 TDI (FFFF) TDO (FFFF);
SDR 16 TDI (FFFF) TDO (FFFF);
SDR 16 TDI (FFFF) TDO (FFFF);
SDR 16 TDI (FFFF) TDO (7FFF);
SDR 16 TDI (FFFF) TDO (FFFF);
SDR 16 TDI (FFFF) TDO (FFFF);
SDR 16 TDI (FFFF) TDO (FFFB);
SDR 16 TDI (FFFF) TDO (BFFF);
SDR 16 TDI (FFFF) TDO (FFFF);
SDR 16 TDI (FFFF) TDO (FFFF);
SDR 16 TDI (FFFF) TDO (FFFF);
SDR 16 TDI (FFFF) TDO (7FFF);
SDR 16 TDI (FFFF) TDO (FFFF);
SDR 16 TDI (FFFF) TDO (F7FF);
SDR 16 TDI (FFFF) TDO (FFFF);
SDR 16 TDI (FFFF) TDO (BFFF);
SDR 16 TDI (FFFF) TDO (FFFF);
SDR 16 TDI (FFFF) TDO (FFFF);
SDR 16 TDI (FFFF) TDO (FFFF);
SDR 16 TDI (FFFF) TDO (7FFF);
SDR 16 TDI (FFFF) TDO (FFFF);
SDR 16 TDI (FFFF) TDO (FFFF);
SDR 16 TDI (FFFF) TDO (FFFF);
SDR 16 TDI (FFFF) TDO (BFFF);
SDR 16 TDI (FFFF) TDO (FFFF);
SDR 16 TDI (FFFF) TDO (FFFF);
SDR 16 TDI (FFFF) TDO (FFFF);
SDR 16 TDI (FFFF) TDO (7FFF);
SDR 16 TDI (FFFF) TDO (FFFF);
SDR 16 TDI (FFFF) TDO (FFFF);
SDR 16 TDI (FFFF) TDO (FFFF);
SDR 16 TDI (FFFF) TDO (BFFF);
SDR 16 TDI (FFFF) TDO (FFFF);
SDR 16 TDI (FFFF) TDO (FFFF);
SDR 16 TDI (FFFF) TDO (FFFF);
SDR 16 TDI (FFFF) TDO (7FFF);
SDR 16 TDI (FFFF) TDO (FFFF);
SDR 16 TDI (FFFF) TDO (FFFF);
SDR 16 TDI (FFFF) TDO (FFFF);
SDR 16 TDI (FFFF) TDO (BFFF);
SDR 16 TDI (FFFF) TDO (FFFF);
SDR 16 TDI (FFFF) TDO (FFFF);
SDR 16 TDI (FFFF) TDO (FFFF);
SDR 16 TDI (FFFF) TDO (7FFF);
SDR 16 TDI (FFFF) TDO (FFFF);
SDR 16 TDI (FFFF) TDO (FFFF);
SDR 16 TDI (FFFF) TDO (FFFF);
SDR 16 TDI (FFFF) TDO (BFFF);
SDR 16 TDI (FFFF) TDO (FFFF);
SDR 16 TDI (FFFF) TDO (FFFF);
SDR 16 TDI (FFFF) TDO (FFFF);
SDR 16 TDI (FFFF) TDO (7FFF);
SDR 16 TDI (FFFF) TDO (FFFF);
SDR 16 TDI (FFFF) TDO (FFFF);
SDR 16 TDI (FFFF) TDO (FFFF);
SDR 16 TDI (FFFF) TDO (BFFF);
SDR 16 TDI (FFFF) TDO (FFFF);
SDR 16 TDI (FFFF) TDO (FFFF);
SDR 16 TDI (FFFF) TDO (FFFF);
SDR 16 TDI (FFFF) TDO (7FFF);
SDR 16 TDI (FFFF) TDO (FFFF);
SDR 16 TDI (FFFF) TDO (EBFF);
SDR 16 TDI (FFFF) TDO (FFFF);
SDR 16 TDI (FFFF) TDO (B77F);
SDR 16 TDI (FFFF) TDO (FFFF);
SDR 16 TDI (FFFF) TDO (FFFF);
SDR 16 TDI (FFFF) TDO (FFFF);
SDR 16 TDI (FFFF) TDO (7FFF);
SDR 16 TDI (FFFF) TDO (FFFF);
SDR 16 TDI (FFFF) TDO (FFFF);
SDR 16 TDI (FFFF) TDO (FFFF);
SDR 16 TDI (FFFF) TDO (BFFF);
SDR 16 TDI (FFFF) TDO (FFFF);
SDR 16 TDI (FFFF) TDO (FFFF);
SDR 16 TDI (FFFF) TDO (FFFF);
SDR 16 TDI (FFFF) TDO (7FFF);
SDR 16 TDI (FFFF) TDO (FFFF);
SDR 16 TDI (FFFF) TDO (FFFF);
SDR 16 TDI (FFFF) TDO (FFFF);
SDR 16 TDI (FFFF) TDO (BFFF);
SDR 16 TDI (FFFF) TDO (FFFF);
SDR 16 TDI (FFFF) TDO (FFFF);
SDR 16 TDI (FFFF) TDO (FFFF);
SDR 16 TDI (FFFF) TDO (7FFF);
SDR 16 TDI (FFFF) TDO (FFFF);
SDR 16 TDI (FFFF) TDO (FBBF);
SDR 16 TDI (FFFF) TDO (FFFF);
SDR 16 TDI (FFFF) TDO (BFFF);
SDR 16 TDI (FFFF) TDO (FFFF);
SDR 16 TDI (FFFF) TDO (FFFF);
SDR 16 TDI (FFFF) TDO (FFFF);
SDR 16 TDI (FFFF) TDO (7FFF);
SDR 16 TDI (FFFF) TDO (FFFF);
SDR 16 TDI (FFFF) TDO (FFFF);
SDR 16 TDI (FFFF) TDO (FFFF);
SDR 16 TDI (FFFF) TDO (BFFF);
SDR 16 TDI (FFFF) TDO (FFFF);
SDR 16 TDI (FFFF) TDO (FFFF);
SDR 16 TDI (FFFF) TDO (FFFF);
SDR 16 TDI (FFFF) TDO (7FFF);
SDR 16 TDI (FFFF) TDO (FFFF);
SDR 16 TDI (FFFF) TDO (FFFF);
SDR 16 TDI (FFFF) TDO (FFFF);
SDR 16 TDI (FFFF) TDO (BFFF);
SDR 16 TDI (FFFF) TDO (FFFF);
SDR 16 TDI (FFFF) TDO (FFFF);
SDR 16 TDI (FFFF) TDO (FFFF);
SDR 16 TDI (FFFF) TDO (7FFF);
SDR 16 TDI (FFFF) TDO (FFFF);
SDR 16 TDI (FFFF) TDO (FFFF);
SDR 16 TDI (FFFF) TDO (FFFF);
SDR 16 TDI (FFFF) TDO (B77F);
SDR 16 TDI (FFFF) TDO (FFFF);
SDR 16 TDI (FFFF) TDO (FFFF);
SDR 16 TDI (FFFF) TDO (FFFF);
SDR 16 TDI (FFFF) TDO (7FFF);
SDR 16 TDI (FFFF) TDO (FFFF);
SDR 16 TDI (FFFF) TDO (FFFF);
SDR 16 TDI (FFFF) TDO (FFFF);
SDR 16 TDI (FFFF) TDO (BFFF);
SDR 16 TDI (FFFF) TDO (FFFF);
SDR 16 TDI (FFFF) TDO (FFFF);
SDR 16 TDI (FFFF) TDO (FFFF);
SDR 16 TDI (FFFF) TDO (7FFF);
SDR 16 TDI (FFFF) TDO (FFFF);
SDR 16 TDI (FFFF) TDO (FFFF);
SDR 16 TDI (FFFF) TDO (FFFF);
SDR 16 TDI (FFFF) TDO (BFFF);
SDR 16 TDI (FFFF) TDO (FFFF);
SDR 16 TDI (FFFF) TDO (FFFF);
SDR 16 TDI (FFFF) TDO (FFFF);
SDR 16 TDI (FFFF) TDO (7FFF);
SDR 16 TDI (FFFF) TDO (FFFF);
SDR 16 TDI (FFFF) TDO (FB9F);
SDR 16 TDI (FFFF) TDO (FFFF);
SDR 16 TDI (FFFF) TDO (BBBF);
SDR 16 TDI (FFFF) TDO (FFFF);
SDR 16 TDI (FFFF) TDO (FFFF);
SDR 16 TDI (FFFF) TDO (FFFF);
SDR 16 TDI (FFFF) TDO (7FFF);
SDR 16 TDI (FFFF) TDO (FFFF);
SDR 16 TDI (FFFF) TDO (FFFF);
SDR 16 TDI (FFFF) TDO (FFFF);
SDR 16 TDI (FFFF) TDO (BFFF);
SDR 16 TDI (FFFF) TDO (FFFF);
SDR 16 TDI (FFFF) TDO (FFFF);
SDR 16 TDI (FFFF) TDO (FFFF);
SDR 16 TDI (FFFF) TDO (7FFF);
SDR 16 TDI (FFFF) TDO (FFFF);
SDR 16 TDI (FFFF) TDO (FFFF);
SDR 16 TDI (FFFF) TDO (FFFF);
SDR 16 TDI (FFFF) TDO (BFFF);
SDR 16 TDI (FFFF) TDO (FFFF);
SDR 16 TDI (FFFF) TDO (FFFF);
SDR 16 TDI (FFFF) TDO (FFFF);
SDR 16 TDI (FFFF) TDO (7FFF);
SDR 16 TDI (FFFF) TDO (FFFF);
SDR 16 TDI (FFFF) TDO (FF5F);
SDR 16 TDI (FFFF) TDO (FFFF);
SDR 16 TDI (FFFF) TDO (BFFF);
SDR 16 TDI (FFFF) TDO (FFFF);
SDR 16 TDI (FFFF) TDO (FFFF);
SDR 16 TDI (FFFF) TDO (FFFF);
SDR 16 TDI (FFFF) TDO (7FFF);
SDR 16 TDI (FFFF) TDO (FFFF);
SDR 16 TDI (FFFF) TDO (FFFF);
SDR 16 TDI (FFFF) TDO (FFFF);
SDR 16 TDI (FFFF) TDO (BFFF);
SDR 16 TDI (FFFF) TDO (FFFF);
SDR 16 TDI (FFFF) TDO (FFFF);
SDR 16 TDI (FFFF) TDO (FFFF);
SDR 16 TDI (FFFF) TDO (7FFF);
SDR 16 TDI (FFFF) TDO (FFFF);
SDR 16 TDI (FFFF) TDO (FFFF);
SDR 16 TDI (FFFF) TDO (FFFF);
SDR 16 TDI (FFFF) TDO (BFFF);
SDR 16 TDI (FFFF) TDO (FFFF);
SDR 16 TDI (FFFF) TDO (FFFF);
SDR 16 TDI (FFFF) TDO (FFFF);
SDR 16 TDI (FFFF) TDO (7FFF);
SDR 16 TDI (FFFF) TDO (FFFF);
SDR 16 TDI (FFFF) TDO (FFFF);
SDR 16 TDI (FFFF) TDO (FFFF);
SDR 16 TDI (FFFF) TDO (BFFF);
SDR 16 TDI (FFFF) TDO (FFFF);
SDR 16 TDI (FFFF) TDO (FFFF);
SDR 16 TDI (FFFF) TDO (FFFF);
SDR 16 TDI (FFFF) TDO (7FFF);
SDR 16 TDI (FFFF) TDO (FFFF);
SDR 16 TDI (FFFF) TDO (FFFF);
SDR 16 TDI (FFFF) TDO (FFFF);
SDR 16 TDI (FFFF) TDO (BFFF);
SDR 16 TDI (FFFF) TDO (FFFF);
SDR 16 TDI (FFFF) TDO (FFFF);
SDR 16 TDI (FFFF) TDO (FFFF);
SDR 16 TDI (FFFF) TDO (7FFF);
SDR 16 TDI (FFFF) TDO (FFFF);
SDR 16 TDI (FFFF) TDO (FFFF);
SDR 16 TDI (FFFF) TDO (FFFF);
SDR 16 TDI (FFFF) TDO (BFFF);
SDR 16 TDI (FFFF) TDO (FFFF);
SDR 16 TDI (FFFF) TDO (FFFF);
SDR 16 TDI (FFFF) TDO (FFFF);
SDR 16 TDI (FFFF) TDO (7FFF);
SDR 16 TDI (FFFF) TDO (FFFF);
SDR 16 TDI (FFFF) TDO (FFFF);
SDR 16 TDI (FFFF) TDO (FFFF);
SDR 16 TDI (FFFF) TDO (BFFF);
SDR 16 TDI (FFFF) TDO (FFFF);
SDR 16 TDI (FFFF) TDO (FFFF);
SDR 16 TDI (FFFF) TDO (FFFF);
SDR 16 TDI (FFFF) TDO (7FFF);
SDR 16 TDI (FFFF) TDO (FFFF);
SDR 16 TDI (FFFF) TDO (FFFF);
SDR 16 TDI (FFFF) TDO (FFFF);
SDR 16 TDI (FFFF) TDO (BFFF);
SDR 16 TDI (FFFF) TDO (FFFF);
SDR 16 TDI (FFFF) TDO (FFFF);
SDR 16 TDI (FFFF) TDO (FFFF);
SDR 16 TDI (FFFF) TDO (7FFF);
SDR 16 TDI (FFFF) TDO (FFFF);
SDR 16 TDI (FFFF) TDO (FFFF);
SDR 16 TDI (FFFF) TDO (FFFF);
SDR 16 TDI (FFFF) TDO (BFFF);
SDR 16 TDI (FFFF) TDO (FFFF);
SDR 16 TDI (FFFF) TDO (FFFF);
SDR 16 TDI (FFFF) TDO (FFFF);
SDR 16 TDI (FFFF) TDO (7FFF);
SDR 16 TDI (FFFF) TDO (FFFF);
SDR 16 TDI (FFFF) TDO (FFFF);
SDR 16 TDI (FFFF) TDO (FFFF);
SDR 16 TDI (FFFF) TDO (BAFF);
SDR 16 TDI (FFFF) TDO (FFFF);
SDR 16 TDI (FFFF) TDO (FFFF);
SDR 16 TDI (FFFF) TDO (FFFF);
SDR 16 TDI (FFFF) TDO (7FFF);
SDR 16 TDI (FFFF) TDO (FFFF);
SDR 16 TDI (FFFF) TDO (FFFF);
SDR 16 TDI (FFFF) TDO (FFFF);
SDR 16 TDI (FFFF) TDO (BFFF);
SDR 16 TDI (FFFF) TDO (FFFF);
SDR 16 TDI (FFFF) TDO (FFFF);
SDR 16 TDI (FFFF) TDO (FFFF);
SDR 16 TDI (FFFF) TDO (7FFF);
SDR 16 TDI (FFFF) TDO (FFFF);
SDR 16 TDI (FFFF) TDO (FFFF);
SDR 16 TDI (FFFF) TDO (FFFF);
SDR 16 TDI (FFFF) TDO (BFFF);
SDR 16 TDI (FFFF) TDO (FFFF);
SDR 16 TDI (FFFF) TDO (FFFF);
SDR 16 TDI (FFFF) TDO (FFFF);
SDR 16 TDI (FFFF) TDO (7FFF);
SDR 16 TDI (FFFF) TDO (FFFF);
SDR 16 TDI (FFFF) TDO (FEFF);
SDR 16 TDI (FFFF) TDO (FFFF);
SDR 16 TDI (FFFF) TDO (BFFF);
SDR 16 TDI (FFFF) TDO (FFFF);
SDR 16 TDI (FFFF) TDO (FFFF);
SDR 16 TDI (FFFF) TDO (FFFF);
SDR 16 TDI (FFFF) TDO (7FFF);
SDR 16 TDI (FFFF) TDO (FFFF);
SDR 16 TDI (FFFF) TDO (FFFF);
SDR 16 TDI (FFFF) TDO (FFFF);
SDR 16 TDI (FFFF) TDO (BFFF);
SDR 16 TDI (FFFF) TDO (FFFF);
SDR 16 TDI (FFFF) TDO (FFFF);
SDR 16 TDI (FFFF) TDO (FFFF);
SDR 16 TDI (FFFF) TDO (7FFF);
SDR 16 TDI (FFFF) TDO (FFFF);
SDR 16 TDI (FFFF) TDO (FFFF);
SDR 16 TDI (FFFF) TDO (FFFF);
SDR 16 TDI (FFFF) TDO (BFFF);
SDR 16 TDI (FFFF) TDO (FFFF);
SDR 16 TDI (FFFF) TDO (FFFF);
SDR 16 TDI (FFFF) TDO (FFFF);
SDR 16 TDI (FFFF) TDO (7FFF);
SDR 16 TDI (FFFF) TDO (FFFF);
SDR 16 TDI (FFFF) TDO (FFFF);
SDR 16 TDI (FFFF) TDO (FFFF);
SDR 16 TDI (FFFF) TDO (A55F);
SDR 16 TDI (FFFF) TDO (FFFF);
SDR 16 TDI (FFFF) TDO (FEFF);
SDR 16 TDI (FFFF) TDO (FFFF);
SDR 16 TDI (FFFF) TDO (7FFF);
SDR 16 TDI (FFFF) TDO (FF7F);
SDR 16 TDI (FFFF) TDO (FFFF);
SDR 16 TDI (FFFF) TDO (FFFF);
SDR 16 TDI (FFFF) TDO (BFBF);
SDR 16 TDI (FFFF) TDO (FFFF);
SDR 16 TDI (FFFF) TDO (FFFF);
SDR 16 TDI (FFFF) TDO (FEFF);
SDR 16 TDI (FFFF) TDO (7FFF);
SDR 16 TDI (FFFF) TDO (FFFF);
SDR 16 TDI (FFFF) TDO (FF7F);
SDR 16 TDI (FFFF) TDO (FFFF);
SDR 16 TDI (FFFF) TDO (BFFF);
SDR 16 TDI (FFFF) TDO (FFDF);
SDR 16 TDI (FFFF) TDO (FFFF);
SDR 16 TDI (FFFF) TDO (FFFF);
SDR 16 TDI (FFFF) TDO (7FEF);
SDR 16 TDI (FFFF) TDO (FFFF);
SDR 16 TDI (FFFF) TDO (EB9F);
SDR 16 TDI (FFFF) TDO (FFFF);
SDR 16 TDI (FFFF) TDO (AFFF);
SDR 16 TDI (FFFF) TDO (FFFF);
SDR 16 TDI (FFFF) TDO (FDFF);
SDR 16 TDI (FFFF) TDO (FFFF);
SDR 16 TDI (FFFF) TDO (7FFF);
SDR 16 TDI (FFFF) TDO (FEFF);
SDR 16 TDI (FFFF) TDO (FFFF);
SDR 16 TDI (FFFF) TDO (FFFF);
SDR 16 TDI (FFFF) TDO (BF7F);
SDR 16 TDI (FFFF) TDO (FFFF);
SDR 16 TDI (FFFF) TDO (FFFF);
SDR 16 TDI (FFFF) TDO (FDFF);
SDR 16 TDI (FFFF) TDO (7FFF);
SDR 16 TDI (FFFF) TDO (FFFF);
SDR 16 TDI (FFFF) TDO (FEFF);
SDR 16 TDI (FFFF) TDO (FFFF);
SDR 16 TDI (FFFF) TDO (BFFF);
SDR 16 TDI (FFFF) TDO (FFBF);
SDR 16 TDI (FFFF) TDO (FFFF);
SDR 16 TDI (FFFF) TDO (FFFF);
SDR 16 TDI (FFFF) TDO (7FDF);
SDR 16 TDI (FFFF) TDO (FFFF);
SDR 16 TDI (FFFF) TDO (FFDF);
SDR 16 TDI (FFFF) TDO (FFFF);
SDR 16 TDI (FFFF) TDO (B55F);
SDR 16 TDI (FFFF) TDO (FFFF);
SDR 16 TDI (FFFF) TDO (FFFF);
SDR 16 TDI (FFFF) TDO (FFFF);
SDR 16 TDI (FFFF) TDO (7FFF);
SDR 16 TDI (FFFF) TDO (FFFF);
SDR 16 TDI (FFFF) TDO (FFFF);
SDR 16 TDI (FFFF) TDO (FFFF);
SDR 16 TDI (FFFF) TDO (BFFF);
SDR 16 TDI (FFFF) TDO (FFFF);
SDR 16 TDI (FFFF) TDO (FFFF);
SDR 16 TDI (FFFF) TDO (FFFF);
SDR 16 TDI (FFFF) TDO (7FFF);
SDR 16 TDI (FFFF) TDO (FFFF);
SDR 16 TDI (FFFF) TDO (FFFF);
SDR 16 TDI (FFFF) TDO (FFFF);
SDR 16 TDI (FFFF) TDO (BFFF);
SDR 16 TDI (FFFF) TDO (FFFF);
SDR 16 TDI (FFFF) TDO (FFFF);
SDR 16 TDI (FFFF) TDO (FFFF);
SDR 16 TDI (FFFF) TDO (7FFF);
SDR 16 TDI (FFFF) TDO (FFFF);
SDR 16 TDI (FFFF) TDO (E97F);
SDR 16 TDI (FFFF) TDO (FFFF);
SDR 16 TDI (FFFF) TDO (BFFF);
SDR 16 TDI (FFFF) TDO (FFFF);
SDR 16 TDI (FFFF) TDO (FFFF);
SDR 16 TDI (FFFF) TDO (FFFF);
SDR 16 TDI (FFFF) TDO (7FFF);
SDR 16 TDI (FFFF) TDO (FFFF);
SDR 16 TDI (FFFF) TDO (FFFF);
SDR 16 TDI (FFFF) TDO (FFFF);
SDR 16 TDI (FFFF) TDO (BFFF);
SDR 16 TDI (FFFF) TDO (FFFF);
SDR 16 TDI (FFFF) TDO (FFFF);
SDR 16 TDI (FFFF) TDO (FFFF);
SDR 16 TDI (FFFF) TDO (7FFF);
SDR 16 TDI (FFFF) TDO (FFFF);
SDR 16 TDI (FFFF) TDO (FFFF);
SDR 16 TDI (FFFF) TDO (FFFF);
SDR 16 TDI (FFFF) TDO (BFFF);
SDR 16 TDI (FFFF) TDO (FFFF);
SDR 16 TDI (FFFF) TDO (FFFF);
SDR 16 TDI (FFFF) TDO (FFFF);
SDR 16 TDI (FFFF) TDO (7FFF);
SDR 16 TDI (FFFF) TDO (FFFF);
SDR 16 TDI (FFFF) TDO (FFFF);
SDR 16 TDI (FFFF) TDO (FFFF);
SDR 16 TDI (FFFF) TDO (BFFF);
SDR 16 TDI (FFFF) TDO (3333);
SDR 16 TDI (FFFF) TDO (1F33);
SDR 16 TDI (FFFF) TDO (333C);
SDR 16 TDI (FFFF) TDO (7999);
SDR 16 TDI (FFFF) TDO (8F99);
SDR 16 TDI (FFFF) TDO (999E);
SDR 16 TDI (FFFF) TDO (6666);
SDR 16 TDI (FFFF) TDO (A7CC);
SDR 16 TDI (FFFF) TDO (CCCF);
SDR 16 TDI (FFFF) TDO (3333);
SDR 16 TDI (FFFF) TDO (1F33);
SDR 16 TDI (FFFF) TDO (6667);
SDR 16 TDI (FFFF) TDO (9999);
SDR 16 TDI (FFFF) TDO (8F99);
SDR 16 TDI (FFFF) TDO (999F);
SDR 16 TDI (FFFF) TDO (A666);
SDR 16 TDI (FFFF) TDO (63E6);
SDR 16 TDI (FFFF) TDO (6667);
SDR 16 TDI (FFFF) TDO (9999);
SDR 16 TDI (FFFF) TDO (71F3);
SDR 16 TDI (FFFF) TDO (3333);
SDR 16 TDI (FFFF) TDO (FFFF);
SDR 16 TDI (FFFF) TDO (FFFF);
SDR 16 TDI (FFFF) TDO (BFFF);
SDR 16 TDI (FFFF) TDO (7777);
SDR 16 TDI (FFFF) TDO (4ABB);
SDR 16 TDI (FFFF) TDO (BBBD);
SDR 16 TDI (FFFF) TDO (7BBB);
SDR 16 TDI (FFFF) TDO (A55D);
SDR 16 TDI (FFFF) TDO (DDDE);
SDR 16 TDI (FFFF) TDO (EEEE);
SDR 16 TDI (FFFF) TDO (B2AE);
SDR 16 TDI (FFFF) TDO (EEEF);
SDR 16 TDI (FFFF) TDO (7777);
SDR 16 TDI (FFFF) TDO (4ABB);
SDR 16 TDI (FFFF) TDO (7777);
SDR 16 TDI (FFFF) TDO (BBBB);
SDR 16 TDI (FFFF) TDO (A55D);
SDR 16 TDI (FFFF) TDO (DDDF);
SDR 16 TDI (FFFF) TDO (AEEE);
SDR 16 TDI (FFFF) TDO (E957);
SDR 16 TDI (FFFF) TDO (7777);
SDR 16 TDI (FFFF) TDO (BBBB);
SDR 16 TDI (FFFF) TDO (74AB);
SDR 16 TDI (FFFF) TDO (BBBB);
SDR 16 TDI (FFFF) TDO (FFFF);
SDR 16 TDI (FFFF) TDO (FFFF);
SDR 16 TDI (FFFF) TDO (BFFF);
SDR 16 TDI (FFFF) TDO (FFFF);
SDR 16 TDI (FFFF) TDO (FEFF);
SDR 16 TDI (FFFF) TDO (FFFF);
SDR 16 TDI (FFFF) TDO (7FFF);
SDR 16 TDI (FFFF) TDO (FF7F);
SDR 16 TDI (FFFF) TDO (FFFF);
SDR 16 TDI (FFFF) TDO (FFFF);
SDR 16 TDI (FFFF) TDO (BFBF);
SDR 16 TDI (FFFF) TDO (FFFF);
SDR 16 TDI (FFFF) TDO (FFFF);
SDR 16 TDI (FFFF) TDO (FEFF);
SDR 16 TDI (FFFF) TDO (7FFF);
SDR 16 TDI (FFFF) TDO (FFFF);
SDR 16 TDI (FFFF) TDO (FF7F);
SDR 16 TDI (FFFF) TDO (FFFF);
SDR 16 TDI (FFFF) TDO (BFFF);
SDR 16 TDI (FFFF) TDO (FFDF);
SDR 16 TDI (FFFF) TDO (FFFF);
SDR 16 TDI (FFFF) TDO (FFFF);
SDR 16 TDI (FFFF) TDO (7FEF);
SDR 16 TDI (FFFF) TDO (FFFF);
SDR 16 TDI (FFFF) TDO (FFFF);
SDR 16 TDI (FFFF) TDO (FFFF);
SDR 16 TDI (FFFF) TDO (BFFF);
SDR 16 TDI (FFFF) TDO (FFFF);
SDR 16 TDI (FFFF) TDO (FFDF);
SDR 16 TDI (FFFF) TDO (FFFF);
SDR 16 TDI (FFFF) TDO (7FFF);
SDR 16 TDI (FFFF) TDO (FFFF);
SDR 16 TDI (FFFF) TDO (FFFF);
SDR 16 TDI (FFFF) TDO (FFFF);
SDR 16 TDI (FFFF) TDO (BFFF);
SDR 16 TDI (FFFF) TDO (FFFF);
SDR 16 TDI (FFFF) TDO (DEFF);
SDR 16 TDI (FFFF) TDO (FFEF);
SDR 16 TDI (FFFF) TDO (7FFE);
SDR 16 TDI (FFFF) TDO (F7FF);
SDR 16 TDI (FFFF) TDO (FFFF);
SDR 16 TDI (FFFF) TDO (FFFF);
SDR 16 TDI (FFFF) TDO (BBFF);
SDR 16 TDI (FFFF) TDO (FFFF);
SDR 16 TDI (FFFF) TDO (FFFF);
SDR 16 TDI (FFFF) TDO (FFFF);
SDR 16 TDI (FFFF) TDO (7FFF);
SDR 16 TDI (FFFF) TDO (FFFF);
SDR 16 TDI (FFFF) TDO (FFFF);
SDR 16 TDI (FFFF) TDO (FFFF);
SDR 16 TDI (FFFF) TDO (BFFF);
SDR 16 TDI (FFFF) TDO (FFFF);
SDR 16 TDI (FFFF) TDO (FFFF);
SDR 16 TDI (FFFF) TDO (FFFF);
SDR 16 TDI (FFFF) TDO (7FFF);
SDR 16 TDI (FFFF) TDO (FFFF);
SDR 16 TDI (FFFF) TDO (FFFF);
SDR 16 TDI (FFFF) TDO (FFFF);
SDR 16 TDI (FFFF) TDO (BFFF);
SDR 16 TDI (FFFF) TDO (FFFF);
SDR 16 TDI (FFFF) TDO (FFFF);
SDR 16 TDI (FFFF) TDO (FFFF);
SDR 16 TDI (FFFF) TDO (7FFF);
SDR 16 TDI (FFFF) TDO (FFFF);
SDR 16 TDI (FFFF) TDO (FFFF);
SDR 16 TDI (FFFF) TDO (FFFF);
SDR 16 TDI (FFFF) TDO (BFFF);
SDR 16 TDI (FFFF) TDO (FFFF);
SDR 16 TDI (FFFF) TDO (FFFF);
SDR 16 TDI (FFFF) TDO (FFFF);
SDR 16 TDI (FFFF) TDO (7FFF);
SDR 16 TDI (FFFF) TDO (FFFF);
SDR 16 TDI (FFFF) TDO (FFFF);
SDR 16 TDI (FFFF) TDO (FFFF);
SDR 16 TDI (FFFF) TDO (AFFF);
SDR 16 TDI (FFFF) TDO (FFFF);
SDR 16 TDI (FFFF) TDO (FFDF);
SDR 16 TDI (FFFF) TDO (FFFF);
SDR 16 TDI (FFFF) TDO (7FFF);
SDR 16 TDI (FFFF) TDO (FFFF);
SDR 16 TDI (FFFF) TDO (FFFF);
SDR 16 TDI (FFFF) TDO (FFFF);
SDR 16 TDI (FFFF) TDO (BFFF);
SDR 16 TDI (FFFF) TDO (FFFF);
SDR 16 TDI (FFFF) TDO (EFFF);
SDR 16 TDI (FFFF) TDO (FFEF);
SDR 16 TDI (FFFF) TDO (7FFE);
SDR 16 TDI (FFFF) TDO (FFFF);
SDR 16 TDI (FFFF) TDO (FFFF);
SDR 16 TDI (FFFF) TDO (FFFF);
SDR 16 TDI (FFFF) TDO (BFFF);
SDR 16 TDI (FFFF) TDO (FFFF);
SDR 16 TDI (FFFF) TDO (FFFF);
SDR 16 TDI (FFFF) TDO (FFFF);
SDR 16 TDI (FFFF) TDO (7FFF);
SDR 16 TDI (FFFF) TDO (FFFF);
SDR 16 TDI (FFFF) TDO (FFDF);
SDR 16 TDI (FFFF) TDO (FFFF);
SDR 16 TDI (FFFF) TDO (AFFF);
SDR 16 TDI (FFFF) TDO (FFFF);
SDR 16 TDI (FFFF) TDO (FFFF);
SDR 16 TDI (FFFF) TDO (FFFF);
SDR 16 TDI (FFFF) TDO (7FFF);
SDR 16 TDI (FFFF) TDO (FFFF);
SDR 16 TDI (FFFF) TDO (FFFF);
SDR 16 TDI (FFFF) TDO (FFFF);
SDR 16 TDI (FFFF) TDO (BFFF);
SDR 16 TDI (FFFF) TDO (FFFF);
SDR 16 TDI (FFFF) TDO (FEFF);
SDR 16 TDI (FFFF) TDO (FFFF);
SDR 16 TDI (FFFF) TDO (7FFF);
SDR 16 TDI (FFFF) TDO (F7FF);
SDR 16 TDI (FFFF) TDO (FFFF);
SDR 16 TDI (FFFF) TDO (FFFF);
SDR 16 TDI (FFFF) TDO (BDFF);
SDR 16 TDI (FFFF) TDO (FFFF);
SDR 16 TDI (FFFF) TDO (FFFF);
SDR 16 TDI (FFFF) TDO (FFFF);
SDR 16 TDI (FFFF) TDO (7FFF);
SDR 16 TDI (FFFF) TDO (FFFF);
SDR 16 TDI (FFFF) TDO (FFDF);
SDR 16 TDI (FFFF) TDO (FFFF);
SDR 16 TDI (FFFF) TDO (BFFF);
SDR 16 TDI (FFFF) TDO (FFFF);
SDR 16 TDI (FFFF) TDO (FFFF);
SDR 16 TDI (FFFF) TDO (FFFF);
SDR 16 TDI (FFFF) TDO (7FFF);
SDR 16 TDI (FFFF) TDO (FFFF);
SDR 16 TDI (FFFF) TDO (FFFF);
SDR 16 TDI (FFFF) TDO (FFFF);
SDR 16 TDI (FFFF) TDO (BFFF);
SDR 16 TDI (FFFF) TDO (FFFF);
SDR 16 TDI (FFFF) TDO (FFFF);
SDR 16 TDI (FFFF) TDO (FFFF);
SDR 16 TDI (FFFF) TDO (7FFF);
SDR 16 TDI (FFFF) TDO (FFFB);
SDR 16 TDI (FFFF) TDO (FFFF);
SDR 16 TDI (FFFF) TDO (FFFF);
SDR 16 TDI (FFFF) TDO (BFFF);
SDR 16 TDI (FFFF) TDO (F7FF);
SDR 16 TDI (FFFF) TDO (BFFF);
SDR 16 TDI (FFFF) TDO (FFFF);
SDR 16 TDI (FFFF) TDO (7FFF);
SDR 16 TDI (FFFF) TDO (FFFF);
SDR 16 TDI (FFFF) TDO (FFFF);
SDR 16 TDI (FFFF) TDO (FFFF);
SDR 16 TDI (FFFF) TDO (BFFF);
SDR 16 TDI (FFFF) TDO (FFFF);
SDR 16 TDI (FFFF) TDO (FFFF);
SDR 16 TDI (FFFF) TDO (FFFF);
SDR 16 TDI (FFFF) TDO (7FFF);
SDR 16 TDI (FFFF) TDO (FFFF);
SDR 16 TDI (FFFF) TDO (FFFE);
SDR 16 TDI (FFFF) TDO (FFFF);
SDR 16 TDI (FFFF) TDO (BFFF);
SDR 16 TDI (FFFF) TDO (FFFF);
SDR 16 TDI (FFFF) TDO (FFFF);
SDR 16 TDI (FFFF) TDO (FFFF);
SDR 16 TDI (FFFF) TDO (7FFF);
SDR 16 TDI (FFFF) TDO (FFFF);
SDR 16 TDI (FFFF) TDO (FFFF);
SDR 16 TDI (FFFF) TDO (FFFB);
SDR 16 TDI (FFFF) TDO (BEFF);
SDR 16 TDI (FFFF) TDO (FFFF);
SDR 16 TDI (FFFF) TDO (FFFF);
SDR 16 TDI (FFFF) TDO (FFFF);
SDR 16 TDI (FFFF) TDO (7BFF);
SDR 16 TDI (FFFF) TDO (FFFF);
SDR 16 TDI (FFFF) TDO (FFFF);
SDR 16 TDI (FFFF) TDO (FFFF);
SDR 16 TDI (FFFF) TDO (BFFF);
SDR 16 TDI (FFFF) TDO (FFFF);
SDR 16 TDI (FFFF) TDO (FFFF);
SDR 16 TDI (FFFF) TDO (FFFF);
SDR 16 TDI (FFFF) TDO (7FFF);
SDR 16 TDI (FFFF) TDO (FFFF);
SDR 16 TDI (FFFF) TDO (FFFE);
SDR 16 TDI (FFFF) TDO (FDFF);
SDR 16 TDI (FFFF) TDO (BFFF);
SDR 16 TDI (FFFF) TDO (FFFF);
SDR 16 TDI (FFFF) TDO (FFFF);
SDR 16 TDI (FFFF) TDO (FFFF);
SDR 16 TDI (FFFF) TDO (7FFF);
SDR 16 TDI (FFFF) TDO (FFFF);
SDR 16 TDI (FFFF) TDO (FFFF);
SDR 16 TDI (FFFF) TDO (FFFB);
SDR 16 TDI (FFFF) TDO (BEFF);
SDR 16 TDI (FFFF) TDO (FFFF);
SDR 16 TDI (FFFF) TDO (FFFF);
SDR 16 TDI (FFFF) TDO (FFFF);
SDR 16 TDI (FFFF) TDO (7FFF);
SDR 16 TDI (FFFF) TDO (FFFF);
SDR 16 TDI (FFFF) TDO (FFFF);
SDR 16 TDI (FFFF) TDO (FFFF);
SDR 16 TDI (FFFF) TDO (BFFF);
SDR 16 TDI (FFFF) TDO (FFFF);
SDR 16 TDI (FFFF) TDO (FFFF);
SDR 16 TDI (FFFF) TDO (FFFF);
SDR 16 TDI (FFFF) TDO (7FFF);
SDR 16 TDI (FFFF) TDO (FFFF);
SDR 16 TDI (FFFF) TDO (FFFF);
SDR 16 TDI (FFFF) TDO (FFFF);
SDR 16 TDI (FFFF) TDO (BFFF);
SDR 16 TDI (FFFF) TDO (FFFF);
SDR 16 TDI (FFFF) TDO (FFFF);
SDR 16 TDI (FFFF) TDO (FFFF);
SDR 16 TDI (FFFF) TDO (7FFF);
SDR 16 TDI (FFFF) TDO (FFFD);
SDR 16 TDI (FFFF) TDO (FFFF);
SDR 16 TDI (FFFF) TDO (FFFF);
SDR 16 TDI (FFFF) TDO (BFFF);
SDR 16 TDI (FFFF) TDO (EFFF);
SDR 16 TDI (FFFF) TDO (DFFF);
SDR 16 TDI (FFFF) TDO (FFFF);
SDR 16 TDI (FFFF) TDO (77FF);
SDR 16 TDI (FFFF) TDO (FFFF);
SDR 16 TDI (FFFF) TDO (FFFF);
SDR 16 TDI (FFFF) TDO (FFFF);
SDR 16 TDI (FFFF) TDO (BFFF);
SDR 16 TDI (FFFF) TDO (FFFF);
SDR 16 TDI (FFFF) TDO (FFFF);
SDR 16 TDI (FFFF) TDO (FFFF);
SDR 16 TDI (FFFF) TDO (7FFF);
SDR 16 TDI (FFFF) TDO (FFFF);
SDR 16 TDI (FFFF) TDO (FFFD);
SDR 16 TDI (FFFF) TDO (FFBF);
SDR 16 TDI (FFFF) TDO (BFFF);
SDR 16 TDI (FFFF) TDO (BFFF);
SDR 16 TDI (FFFF) TDO (FFFF);
SDR 16 TDI (FFFF) TDO (FFFF);
SDR 16 TDI (FFFF) TDO (7FFF);
SDR 16 TDI (FFFF) TDO (FFFF);
SDR 16 TDI (FFFF) TDO (FFFF);
SDR 16 TDI (FFFF) TDO (FFFB);
SDR 16 TDI (FFFF) TDO (BFFF);
SDR 16 TDI (FFFF) TDO (FFFF);
SDR 16 TDI (FFFF) TDO (FFFF);
SDR 16 TDI (FFFF) TDO (FFFF);
SDR 16 TDI (FFFF) TDO (7FFF);
SDR 16 TDI (FFFF) TDO (FFFF);
SDR 16 TDI (FFFF) TDO (FFFF);
SDR 16 TDI (FFFF) TDO (FFFF);
SDR 16 TDI (FFFF) TDO (BFFF);
SDR 16 TDI (FFFF) TDO (FFFF);
SDR 16 TDI (FFFF) TDO (FF7F);
SDR 16 TDI (FFFF) TDO (FFFF);
SDR 16 TDI (FFFF) TDO (7FFF);
SDR 16 TDI (FFFF) TDO (FFFF);
SDR 16 TDI (FFFF) TDO (FFFF);
SDR 16 TDI (FFFF) TDO (FEEF);
SDR 16 TDI (FFFF) TDO (BFDF);
SDR 16 TDI (FFFF) TDO (FFFF);
SDR 16 TDI (FFFF) TDO (FFFF);
SDR 16 TDI (FFFF) TDO (FFFF);
SDR 16 TDI (FFFF) TDO (7FFF);
SDR 16 TDI (FFFF) TDO (FFFF);
SDR 16 TDI (FFFF) TDO (FFFF);
SDR 16 TDI (FFFF) TDO (FFFF);
SDR 16 TDI (FFFF) TDO (BFFF);
SDR 16 TDI (FFFF) TDO (FFFF);
SDR 16 TDI (FFFF) TDO (FFFF);
SDR 16 TDI (FFFF) TDO (FFFF);
SDR 16 TDI (FFFF) TDO (7FFF);
SDR 16 TDI (FFFF) TDO (FFFF);
SDR 16 TDI (FFFF) TDO (FFFF);
SDR 16 TDI (FFFF) TDO (FFFF);
SDR 16 TDI (FFFF) TDO (BFFF);
SDR 16 TDI (FFFF) TDO (FFFF);
SDR 16 TDI (FFFF) TDO (FFFF);
SDR 16 TDI (FFFF) TDO (FFFF);
SDR 16 TDI (FFFF) TDO (7FFF);
SDR 16 TDI (FFFF) TDO (FFFF);
SDR 16 TDI (FFFF) TDO (FFFB);
SDR 16 TDI (FFFF) TDO (FEBF);
SDR 16 TDI (FFFF) TDO (BFFF);
SDR 16 TDI (FFFF) TDO (FFFF);
SDR 16 TDI (FFFF) TDO (FFFF);
SDR 16 TDI (FFFF) TDO (FFFF);
SDR 16 TDI (FFFF) TDO (7FFF);
SDR 16 TDI (FFFF) TDO (FFFF);
SDR 16 TDI (FFFF) TDO (FFFF);
SDR 16 TDI (FFFF) TDO (FFFF);
SDR 16 TDI (FFFF) TDO (BFFF);
SDR 16 TDI (FFFF) TDO (FFFF);
SDR 16 TDI (FFFF) TDO (FFFF);
SDR 16 TDI (FFFF) TDO (FFFF);
SDR 16 TDI (FFFF) TDO (7FFF);
SDR 16 TDI (FFFF) TDO (FFFF);
SDR 16 TDI (FFFF) TDO (FFFF);
SDR 16 TDI (FFFF) TDO (FFFF);
SDR 16 TDI (FFFF) TDO (BFFF);
SDR 16 TDI (FFFF) TDO (FFFF);
SDR 16 TDI (FFFF) TDO (FFFF);
SDR 16 TDI (FFFF) TDO (FFFF);
SDR 16 TDI (FFFF) TDO (7FFF);
SDR 16 TDI (FFFF) TDO (FFFF);
SDR 16 TDI (FFFF) TDO (FFFF);
SDR 16 TDI (FFFF) TDO (FFEF);
SDR 16 TDI (FFFF) TDO (BFFF);
SDR 16 TDI (FFFF) TDO (BFFF);
SDR 16 TDI (FFFF) TDO (FFFF);
SDR 16 TDI (FFFF) TDO (FFFF);
SDR 16 TDI (FFFF) TDO (7FFF);
SDR 16 TDI (FFFF) TDO (FFFF);
SDR 16 TDI (FFFF) TDO (FFFF);
SDR 16 TDI (FFFF) TDO (FFFF);
SDR 16 TDI (FFFF) TDO (BFFF);
SDR 16 TDI (FFFF) TDO (FFFF);
SDR 16 TDI (FFFF) TDO (FFFF);
SDR 16 TDI (FFFF) TDO (FFFF);
SDR 16 TDI (FFFF) TDO (7FFF);
SDR 16 TDI (FFFF) TDO (FFFF);
SDR 16 TDI (FFFF) TDO (FFFF);
SDR 16 TDI (FFFF) TDO (FFFF);
SDR 16 TDI (FFFF) TDO (B77F);
SDR 16 TDI (FFFF) TDO (FFFF);
SDR 16 TDI (FFFF) TDO (FFFF);
SDR 16 TDI (FFFF) TDO (FFFF);
SDR 16 TDI (FFFF) TDO (7FFF);
SDR 16 TDI (FFFF) TDO (FFFF);
SDR 16 TDI (FFFF) TDO (FFFF);
SDR 16 TDI (FFFF) TDO (FF7F);
SDR 16 TDI (FFFF) TDO (BFFF);
SDR 16 TDI (FFFF) TDO (F7FF);
SDR 16 TDI (FFFF) TDO (FFFF);
SDR 16 TDI (FFFF) TDO (FFFF);
SDR 16 TDI (FFFF) TDO (7FFF);
SDR 16 TDI (FFFF) TDO (FFFF);
SDR 16 TDI (FFFF) TDO (FFFF);
SDR 16 TDI (FFFF) TDO (FFFF);
SDR 16 TDI (FFFF) TDO (BFFF);
SDR 16 TDI (FFFF) TDO (FFFF);
SDR 16 TDI (FFFF) TDO (FFFF);
SDR 16 TDI (FFFF) TDO (FFFF);
SDR 16 TDI (FFFF) TDO (7FFF);
SDR 16 TDI (FFFF) TDO (FFFF);
SDR 16 TDI (FFFF) TDO (EA9F);
SDR 16 TDI (FFFF) TDO (FFFF);
SDR 16 TDI (FFFF) TDO (BFFF);
SDR 16 TDI (FFFF) TDO (FFFF);
SDR 16 TDI (FFFF) TDO (FFFF);
SDR 16 TDI (FFFF) TDO (FFFF);
SDR 16 TDI (FFFF) TDO (7FFF);
SDR 16 TDI (FFFF) TDO (FFFF);
SDR 16 TDI (FFFF) TDO (FFFF);
SDR 16 TDI (FFFF) TDO (FFFF);
SDR 16 TDI (FFFF) TDO (BFFF);
SDR 16 TDI (FFFF) TDO (FFFF);
SDR 16 TDI (FFFF) TDO (FFFF);
SDR 16 TDI (FFFF) TDO (FFFF);
SDR 16 TDI (FFFF) TDO (7FFF);
SDR 16 TDI (FFFF) TDO (FFFF);
SDR 16 TDI (FFFF) TDO (FFFF);
SDR 16 TDI (FFFF) TDO (FFFF);
SDR 16 TDI (FFFF) TDO (BFFF);
SDR 16 TDI (FFFF) TDO (FFFF);
SDR 16 TDI (FFFF) TDO (FFFF);
SDR 16 TDI (FFFF) TDO (FFFF);
SDR 16 TDI (FFFF) TDO (7FFF);
SDR 16 TDI (FFFF) TDO (FFFF);
SDR 16 TDI (FFFF) TDO (FFDF);
SDR 16 TDI (FFFF) TDO (FFFF);
SDR 16 TDI (FFFF) TDO (B77F);
SDR 16 TDI (FFFF) TDO (FFFF);
SDR 16 TDI (FFFF) TDO (FFFF);
SDR 16 TDI (FFFF) TDO (FFFF);
SDR 16 TDI (FFFF) TDO (7FFF);
SDR 16 TDI (FFFF) TDO (FFFF);
SDR 16 TDI (FFFF) TDO (FFFF);
SDR 16 TDI (FFFF) TDO (FFFF);
SDR 16 TDI (FFFF) TDO (BFFF);
SDR 16 TDI (FFFF) TDO (FFFF);
SDR 16 TDI (FFFF) TDO (FFFF);
SDR 16 TDI (FFFF) TDO (FFFF);
SDR 16 TDI (FFFF) TDO (7FFF);
SDR 16 TDI (FFFF) TDO (FFFF);
SDR 16 TDI (FFFF) TDO (FFFF);
SDR 16 TDI (FFFF) TDO (FFFF);
SDR 16 TDI (FFFF) TDO (BFFF);
SDR 16 TDI (FFFF) TDO (FFFF);
SDR 16 TDI (FFFF) TDO (FFFF);
SDR 16 TDI (FFFF) TDO (FFFF);
SDR 16 TDI (FFFF) TDO (7FFF);
SDR 16 TDI (FFFF) TDO (FFFF);
SDR 16 TDI (FFFF) TDO (EA9F);
SDR 16 TDI (FFFF) TDO (FFFF);
SDR 16 TDI (FFFF) TDO (BBBF);
SDR 16 TDI (FFFF) TDO (FFFF);
SDR 16 TDI (FFFF) TDO (FFFF);
SDR 16 TDI (FFFF) TDO (FFFF);
SDR 16 TDI (FFFF) TDO (7FFF);
SDR 16 TDI (FFFF) TDO (FFFF);
SDR 16 TDI (FFFF) TDO (FFFF);
SDR 16 TDI (FFFF) TDO (F4DB);
SDR 16 TDI (FFFF) TDO (BFFF);
SDR 16 TDI (FFFF) TDO (7FBB);
SDR 16 TDI (FFFF) TDO (FFFF);
SDR 16 TDI (FFFF) TDO (FFFF);
SDR 16 TDI (FFFF) TDO (7FFF);
SDR 16 TDI (FFFF) TDO (FFFF);
SDR 16 TDI (FFFF) TDO (FFFF);
SDR 16 TDI (FFFF) TDO (FFFF);
SDR 16 TDI (FFFF) TDO (BFFF);
SDR 16 TDI (FFFF) TDO (FFFF);
SDR 16 TDI (FFFF) TDO (FFFF);
SDR 16 TDI (FFFF) TDO (FFFF);
SDR 16 TDI (FFFF) TDO (7FFF);
SDR 16 TDI (FFFF) TDO (FFFF);
SDR 16 TDI (FFFF) TDO (FD5F);
SDR 16 TDI (FFFF) TDO (FFFF);
SDR 16 TDI (FFFF) TDO (BFFF);
SDR 16 TDI (FFFF) TDO (FFBF);
SDR 16 TDI (FFFF) TDO (FFFF);
SDR 16 TDI (FFFF) TDO (FFFF);
SDR 16 TDI (FFFF) TDO (7FFF);
SDR 16 TDI (FFFF) TDO (FFFF);
SDR 16 TDI (FFFF) TDO (FFFF);
SDR 16 TDI (FFFF) TDO (FFFF);
SDR 16 TDI (FFFF) TDO (BFFB);
SDR 16 TDI (FFFF) TDO (FFFF);
SDR 16 TDI (FFFF) TDO (FFFF);
SDR 16 TDI (FFFF) TDO (FFFF);
SDR 16 TDI (FFFF) TDO (7FFF);
SDR 16 TDI (FFFF) TDO (FFFF);
SDR 16 TDI (FFFF) TDO (FFFF);
SDR 16 TDI (FFFF) TDO (FFFF);
SDR 16 TDI (FFFF) TDO (BFFF);
SDR 16 TDI (FFFF) TDO (FFFF);
SDR 16 TDI (FFFF) TDO (FFFF);
SDR 16 TDI (FFFF) TDO (FFFF);
SDR 16 TDI (FFFF) TDO (7FFF);
SDR 16 TDI (FFFF) TDO (FFFF);
SDR 16 TDI (FFFF) TDO (FFFF);
SDR 16 TDI (FFFF) TDO (FFFF);
SDR 16 TDI (FFFF) TDO (BFFF);
SDR 16 TDI (FFFF) TDO (FFFF);
SDR 16 TDI (FFFF) TDO (FFFF);
SDR 16 TDI (FFFF) TDO (FFFF);
SDR 16 TDI (FFFF) TDO (7FFF);
SDR 16 TDI (FFFF) TDO (FFFF);
SDR 16 TDI (FFFF) TDO (FFFF);
SDR 16 TDI (FFFF) TDO (FFBF);
SDR 16 TDI (FFFF) TDO (BFFF);
SDR 16 TDI (FFFF) TDO (FFFF);
SDR 16 TDI (FFFF) TDO (FFFF);
SDR 16 TDI (FFFF) TDO (FFFF);
SDR 16 TDI (FFFF) TDO (7FFF);
SDR 16 TDI (FFFF) TDO (FFFF);
SDR 16 TDI (FFFF) TDO (FFFF);
SDR 16 TDI (FFFF) TDO (FFFF);
SDR 16 TDI (FFFF) TDO (BFFF);
SDR 16 TDI (FFFF) TDO (FFFF);
SDR 16 TDI (FFFF) TDO (FFFF);
SDR 16 TDI (FFFF) TDO (FFFF);
SDR 16 TDI (FFFF) TDO (7FFF);
SDR 16 TDI (FFFF) TDO (FFFF);
SDR 16 TDI (FFFF) TDO (FFFF);
SDR 16 TDI (FFFF) TDO (FFFF);
SDR 16 TDI (FFFF) TDO (BEFF);
SDR 16 TDI (FFFF) TDO (FFFF);
SDR 16 TDI (FFFF) TDO (FFFF);
SDR 16 TDI (FFFF) TDO (FFFF);
SDR 16 TDI (FFFF) TDO (7FFF);
SDR 16 TDI (FFFF) TDO (FFFF);
SDR 16 TDI (FFFF) TDO (FFFF);
SDR 16 TDI (FFFF) TDO (FF7F);
SDR 16 TDI (FFFF) TDO (BFF7);
SDR 16 TDI (FFFF) TDO (FF7F);
SDR 16 TDI (FFFF) TDO (FFFF);
SDR 16 TDI (FFFF) TDO (FFFF);
SDR 16 TDI (FFFF) TDO (7FFF);
SDR 16 TDI (FFFF) TDO (FFFF);
SDR 16 TDI (FFFF) TDO (FFFF);
SDR 16 TDI (FFFF) TDO (FFFF);
SDR 16 TDI (FFFF) TDO (BFFF);
SDR 16 TDI (FFFF) TDO (FFFF);
SDR 16 TDI (FFFF) TDO (FFFF);
SDR 16 TDI (FFFF) TDO (FFFF);
SDR 16 TDI (FFFF) TDO (7FFF);
SDR 16 TDI (FFFF) TDO (FFFF);
SDR 16 TDI (FFFF) TDO (FFFF);
SDR 16 TDI (FFFF) TDO (FFFF);
SDR 16 TDI (FFFF) TDO (BBFF);
SDR 16 TDI (FFFF) TDO (FFBF);
SDR 16 TDI (FFFF) TDO (FFFF);
SDR 16 TDI (FFFF) TDO (FFFF);
SDR 16 TDI (FFFF) TDO (7FFF);
SDR 16 TDI (FFFF) TDO (FFFF);
SDR 16 TDI (FFFF) TDO (FFFF);
SDR 16 TDI (FFFF) TDO (FCFD);
SDR 16 TDI (FFFF) TDO (BFFF);
SDR 16 TDI (FFFF) TDO (7BFF);
SDR 16 TDI (FFFF) TDO (FFFF);
SDR 16 TDI (FFFF) TDO (FFFF);
SDR 16 TDI (FFFF) TDO (7FFF);
SDR 16 TDI (FFFF) TDO (FFFF);
SDR 16 TDI (FFFF) TDO (FFFF);
SDR 16 TDI (FFFF) TDO (FFFF);
SDR 16 TDI (FFFF) TDO (BFFF);
SDR 16 TDI (FFFF) TDO (FFFF);
SDR 16 TDI (FFFF) TDO (FFFF);
SDR 16 TDI (FFFF) TDO (FFFF);
SDR 16 TDI (FFFF) TDO (7FFF);
SDR 16 TDI (FFFF) TDO (FFFF);
SDR 16 TDI (FFFF) TDO (FDFF);
SDR 16 TDI (FFFF) TDO (FFFF);
SDR 16 TDI (FFFF) TDO (BFFF);
SDR 16 TDI (FFFF) TDO (FFFF);
SDR 16 TDI (FFFF) TDO (FFFF);
SDR 16 TDI (FFFF) TDO (FFFF);
SDR 16 TDI (FFFF) TDO (7FFF);
SDR 16 TDI (FFFF) TDO (FFFF);
SDR 16 TDI (FFFF) TDO (FFFF);
SDR 16 TDI (FFFF) TDO (F79F);
SDR 16 TDI (FFFF) TDO (BFFF);
SDR 16 TDI (FFFF) TDO (FFF7);
SDR 16 TDI (FFFF) TDO (FFFF);
SDR 16 TDI (FFFF) TDO (FFFF);
SDR 16 TDI (FFFF) TDO (7FFF);
SDR 16 TDI (FFFF) TDO (FFFF);
SDR 16 TDI (FFFF) TDO (FFFF);
SDR 16 TDI (FFFF) TDO (FFFF);
SDR 16 TDI (FFFF) TDO (BFFF);
SDR 16 TDI (FFFF) TDO (FFFF);
SDR 16 TDI (FFFF) TDO (FFFF);
SDR 16 TDI (FFFF) TDO (FFFF);
SDR 16 TDI (FFFF) TDO (7FFF);
SDR 16 TDI (FFFF) TDO (FFFF);
SDR 16 TDI (FFFF) TDO (FFFF);
SDR 16 TDI (FFFF) TDO (FFFF);
SDR 16 TDI (FFFF) TDO (A55F);
SDR 16 TDI (FFFF) TDO (FCFF);
SDR 16 TDI (FFFF) TDO (FEFF);
SDR 16 TDI (FFFF) TDO (FFFF);
SDR 16 TDI (FFFF) TDO (7FFF);
SDR 16 TDI (FFFF) TDO (FF7F);
SDR 16 TDI (FFFF) TDO (FFFF);
SDR 16 TDI (FFFF) TDO (9888);
SDR 16 TDI (FFFF) TDO (BF81);
SDR 16 TDI (FFFF) TDO (3133);
SDR 16 TDI (FFFF) TDO (FFFF);
SDR 16 TDI (FFFF) TDO (FEFF);
SDR 16 TDI (FFFF) TDO (7FFF);
SDR 16 TDI (FFFF) TDO (FFFF);
SDR 16 TDI (FFFF) TDO (FF7F);
SDR 16 TDI (FFFF) TDO (FFFF);
SDR 16 TDI (FFFF) TDO (BFFF);
SDR 16 TDI (FFFF) TDO (FFDF);
SDR 16 TDI (FFFF) TDO (FFFF);
SDR 16 TDI (FFFF) TDO (FFFF);
SDR 16 TDI (FFFF) TDO (7FEF);
SDR 16 TDI (FFFF) TDO (FFFF);
SDR 16 TDI (FFFF) TDO (EA5F);
SDR 16 TDI (FFFF) TDO (FFFF);
SDR 16 TDI (FFFF) TDO (AFFF);
SDR 16 TDI (FFFF) TDO (FCFF);
SDR 16 TDI (FFFF) TDO (FDFF);
SDR 16 TDI (FFFF) TDO (FFFF);
SDR 16 TDI (FFFF) TDO (7FFF);
SDR 16 TDI (FFFF) TDO (FEFF);
SDR 16 TDI (FFFF) TDO (FFFF);
SDR 16 TDI (FFFF) TDO (9898);
SDR 16 TDI (FFFF) TDO (BF41);
SDR 16 TDI (FFFF) TDO (3133);
SDR 16 TDI (FFFF) TDO (FFFF);
SDR 16 TDI (FFFF) TDO (FDFF);
SDR 16 TDI (FFFF) TDO (7FFF);
SDR 16 TDI (FFFF) TDO (FFFF);
SDR 16 TDI (FFFF) TDO (FEFF);
SDR 16 TDI (FFFF) TDO (FFFF);
SDR 16 TDI (FFFF) TDO (BFFF);
SDR 16 TDI (FFFF) TDO (FFBF);
SDR 16 TDI (FFFF) TDO (FFFF);
SDR 16 TDI (FFFF) TDO (FFFF);
SDR 16 TDI (FFFF) TDO (7FDF);
SDR 16 TDI (FFFF) TDO (FFFF);
SDR 16 TDI (FFFF) TDO (FF5F);
SDR 16 TDI (FFFF) TDO (FFFF);
SDR 16 TDI (FFFF) TDO (B55F);
SDR 16 TDI (FFFF) TDO (FCFF);
SDR 16 TDI (FFFF) TDO (FFFF);
SDR 16 TDI (FFFF) TDO (FFFF);
SDR 16 TDI (FFFF) TDO (7FFF);
SDR 16 TDI (FFFF) TDO (FFFF);
SDR 16 TDI (FFFF) TDO (FFFF);
SDR 16 TDI (FFFF) TDO (9811);
SDR 16 TDI (FFFF) TDO (BFE0);
SDR 16 TDI (FFFF) TDO (0013);
SDR 16 TDI (FFFF) TDO (FFFF);
SDR 16 TDI (FFFF) TDO (FFFF);
SDR 16 TDI (FFFF) TDO (7FFF);
SDR 16 TDI (FFFF) TDO (FFFF);
SDR 16 TDI (FFFF) TDO (FFFF);
SDR 16 TDI (FFFF) TDO (FFFF);
SDR 16 TDI (FFFF) TDO (BFFF);
SDR 16 TDI (FFFF) TDO (FFFF);
SDR 16 TDI (FFFF) TDO (FFFF);
SDR 16 TDI (FFFF) TDO (FFFF);
SDR 16 TDI (FFFF) TDO (7FFF);
SDR 16 TDI (FFFF) TDO (FFFF);
SDR 16 TDI (FFFF) TDO (EAFF);
SDR 16 TDI (FFFF) TDO (FFFF);
SDR 16 TDI (FFFF) TDO (BFFF);
SDR 16 TDI (FFFF) TDO (FCFF);
SDR 16 TDI (FFFF) TDO (FFFF);
SDR 16 TDI (FFFF) TDO (FFFF);
SDR 16 TDI (FFFF) TDO (7FFF);
SDR 16 TDI (FFFF) TDO (FFFF);
SDR 16 TDI (FFFF) TDO (FFFF);
SDR 16 TDI (FFFF) TDO (9819);
SDR 16 TDI (FFFF) TDO (BFE0);
SDR 16 TDI (FFFF) TDO (3013);
SDR 16 TDI (FFFF) TDO (FFFF);
SDR 16 TDI (FFFF) TDO (FFFF);
SDR 16 TDI (FFFF) TDO (7FFF);
SDR 16 TDI (FFFF) TDO (FFFF);
SDR 16 TDI (FFFF) TDO (FFFF);
SDR 16 TDI (FFFF) TDO (FFFF);
SDR 16 TDI (FFFF) TDO (BFFF);
SDR 16 TDI (FFFF) TDO (FFFF);
SDR 16 TDI (FFFF) TDO (FFFF);
SDR 16 TDI (FFFF) TDO (FFFF);
SDR 16 TDI (FFFF) TDO (7FFF);
SDR 16 TDI (FFFF) TDO (FFFF);
SDR 16 TDI (FFFF) TDO (FFFF);
SDR 16 TDI (FFFF) TDO (FFFF);
SDR 16 TDI (FFFF) TDO (BFFF);
SDR 16 TDI (FFFF) TDO (33B3);
SDR 16 TDI (FFFF) TDO (1F33);
SDR 16 TDI (FFFF) TDO (333C);
SDR 16 TDI (FFFF) TDO (7999);
SDR 16 TDI (FFFF) TDO (8F99);
SDR 16 TDI (FFFF) TDO (999E);
SDR 16 TDI (FFFF) TDO (7666);
SDR 16 TDI (FFFF) TDO (A7CC);
SDR 16 TDI (FFFF) TDO (CCCF);
SDR 16 TDI (FFFF) TDO (3333);
SDR 16 TDI (FFFF) TDO (1F33);
SDR 16 TDI (FFFF) TDO (6667);
SDR 16 TDI (FFFF) TDO (9999);
SDR 16 TDI (FFFF) TDO (8F99);
SDR 16 TDI (FFFF) TDO (999F);
SDR 16 TDI (FFFF) TDO (A666);
SDR 16 TDI (FFFF) TDO (63E6);
SDR 16 TDI (FFFF) TDO (6667);
SDR 16 TDI (FFFF) TDO (9999);
SDR 16 TDI (FFFF) TDO (71F3);
SDR 16 TDI (FFFF) TDO (3333);
SDR 16 TDI (FFFF) TDO (BFFF);
SDR 16 TDI (FFFF) TDO (FFFF);
SDR 16 TDI (FFFF) TDO (BFFF);
SDR 16 TDI (FFFF) TDO (7737);
SDR 16 TDI (FFFF) TDO (4ABB);
SDR 16 TDI (FFFF) TDO (BBBD);
SDR 16 TDI (FFFF) TDO (7BBB);
SDR 16 TDI (FFFF) TDO (A55D);
SDR 16 TDI (FFFF) TDO (DDDE);
SDR 16 TDI (FFFF) TDO (E4EA);
SDR 16 TDI (FFFF) TDO (B2AA);
SDR 16 TDI (FFFF) TDO (AAAB);
SDR 16 TDI (FFFF) TDO (7777);
SDR 16 TDI (FFFF) TDO (4ABB);
SDR 16 TDI (FFFF) TDO (7777);
SDR 16 TDI (FFFF) TDO (BBBB);
SDR 16 TDI (FFFF) TDO (A55D);
SDR 16 TDI (FFFF) TDO (DDDF);
SDR 16 TDI (FFFF) TDO (AEEE);
SDR 16 TDI (FFFF) TDO (E957);
SDR 16 TDI (FFFF) TDO (7777);
SDR 16 TDI (FFFF) TDO (BBBB);
SDR 16 TDI (FFFF) TDO (74AB);
SDR 16 TDI (FFFF) TDO (BBBB);
SDR 16 TDI (FFFF) TDO (FFFF);
SDR 16 TDI (FFFF) TDO (FFFF);
SDR 16 TDI (FFFF) TDO (BFFF);
SDR 16 TDI (FFFF) TDO (FFFF);
SDR 16 TDI (FFFF) TDO (FEFF);
SDR 16 TDI (FFFF) TDO (FFFF);
SDR 16 TDI (FFFF) TDO (7FFF);
SDR 16 TDI (FFFF) TDO (FF7F);
SDR 16 TDI (FFFF) TDO (FFFF);
SDR 16 TDI (FFFF) TDO (FFFF);
SDR 16 TDI (FFFF) TDO (BFBF);
SDR 16 TDI (FFFF) TDO (FFFF);
SDR 16 TDI (FFFF) TDO (FFFF);
SDR 16 TDI (FFFF) TDO (FEFF);
SDR 16 TDI (FFFF) TDO (7FFF);
SDR 16 TDI (FFFF) TDO (FFFF);
SDR 16 TDI (FFFF) TDO (FF7F);
SDR 16 TDI (FFFF) TDO (FFFF);
SDR 16 TDI (FFFF) TDO (BFFF);
SDR 16 TDI (FFFF) TDO (FFDF);
SDR 16 TDI (FFFF) TDO (FFFF);
SDR 16 TDI (FFFF) TDO (FFFF);
SDR 16 TDI (FFFF) TDO (7FEF);
SDR 16 TDI (FFFF) TDO (FFFF);
SDR 16 TDI (FFFF) TDO (BFFF);
SDR 16 TDI (FFFF) TDO (FFFF);
SDR 16 TDI (FFFF) TDO (BFFF);
SDR 16 TDI (FFFF) TDO (FFFF);
SDR 16 TDI (FFFF) TDO (FFFF);
SDR 16 TDI (FFFF) TDO (FFFF);
SDR 16 TDI (FFFF) TDO (7FFF);
SDR 16 TDI (FFFF) TDO (FFFF);
SDR 16 TDI (FFFF) TDO (FFFF);
SDR 16 TDI (FFFF) TDO (FFFE);
SDR 16 TDI (FFFF) TDO (BFFF);
SDR 16 TDI (FFFF) TDO (FFEF);
SDR 16 TDI (FFFF) TDO (FFFF);
SDR 16 TDI (FFFF) TDO (FFFF);
SDR 16 TDI (FFFF) TDO (7FFD);
SDR 16 TDI (FFFF) TDO (EEFF);
SDR 16 TDI (FFFF) TDO (FFFE);
SDR 16 TDI (FFFF) TDO (FFFF);
SDR 16 TDI (FFFF) TDO (BFFF);
SDR 16 TDI (FFFF) TDO (FFFF);
SDR 16 TDI (FFFF) TDO (FFFF);
SDR 16 TDI (FFFF) TDO (FFFF);
SDR 16 TDI (FFFF) TDO (7FFF);
SDR 16 TDI (FFFF) TDO (FFFF);
SDR 16 TDI (FFFF) TDO (FFFF);
SDR 16 TDI (FFFF) TDO (FFFF);
SDR 16 TDI (FFFF) TDO (BFFF);
SDR 16 TDI (FFFF) TDO (FFFF);
SDR 16 TDI (FFFF) TDO (FFFF);
SDR 16 TDI (FFFF) TDO (FFFF);
SDR 16 TDI (FFFF) TDO (7FFF);
SDR 16 TDI (FFFF) TDO (FFFF);
SDR 16 TDI (FFFF) TDO (FFFF);
SDR 16 TDI (FFFF) TDO (FFFF);
SDR 16 TDI (FFFF) TDO (BFFF);
SDR 16 TDI (FFFF) TDO (EFFF);
SDR 16 TDI (FFFF) TDO (FFFF);
SDR 16 TDI (FFFF) TDO (FFFF);
SDR 16 TDI (FFFF) TDO (7FFF);
SDR 16 TDI (FFFF) TDO (FFFF);
SDR 16 TDI (FFFF) TDO (FFFF);
SDR 16 TDI (FFFF) TDO (FFFE);
SDR 16 TDI (FFFF) TDO (BFFF);
SDR 16 TDI (FFFF) TDO (FFFF);
SDR 16 TDI (FFFF) TDO (FFFF);
SDR 16 TDI (FFFF) TDO (FFFF);
SDR 16 TDI (FFFF) TDO (7FFF);
SDR 16 TDI (FFFF) TDO (FFFF);
SDR 16 TDI (FFFF) TDO (FFFF);
SDR 16 TDI (FFFF) TDO (FFFF);
SDR 16 TDI (FFFF) TDO (AFFF);
SDR 16 TDI (FFFF) TDO (FFFF);
SDR 16 TDI (FFFF) TDO (FFFF);
SDR 16 TDI (FFFF) TDO (FFFF);
SDR 16 TDI (FFFF) TDO (7FFF);
SDR 16 TDI (FFFF) TDO (FFFF);
SDR 16 TDI (FFFF) TDO (FFFF);
SDR 16 TDI (FFFF) TDO (FFFE);
SDR 16 TDI (FFFF) TDO (BFFF);
SDR 16 TDI (FFFF) TDO (DFFF);
SDR 16 TDI (FFFF) TDO (FFFF);
SDR 16 TDI (FFFF) TDO (FFFF);
SDR 16 TDI (FFFF) TDO (7FFB);
SDR 16 TDI (FFFF) TDO (FEFF);
SDR 16 TDI (FFFF) TDO (FFFF);
SDR 16 TDI (FFFF) TDO (FFFF);
SDR 16 TDI (FFFF) TDO (BFFF);
SDR 16 TDI (FFFF) TDO (FFFF);
SDR 16 TDI (FFFF) TDO (FFFF);
SDR 16 TDI (FFFF) TDO (FFFF);
SDR 16 TDI (FFFF) TDO (7FFF);
SDR 16 TDI (FFFF) TDO (FFFF);
SDR 16 TDI (FFFF) TDO (FFDF);
SDR 16 TDI (FFFF) TDO (FFFF);
SDR 16 TDI (FFFF) TDO (AFFF);
SDR 16 TDI (FFFF) TDO (FFFF);
SDR 16 TDI (FFFF) TDO (FFFF);
SDR 16 TDI (FFFF) TDO (FFFF);
SDR 16 TDI (FFFF) TDO (7FFF);
SDR 16 TDI (FFFF) TDO (FFFF);
SDR 16 TDI (FFFF) TDO (FFFF);
SDR 16 TDI (FFFF) TDO (FFFF);
SDR 16 TDI (FFFF) TDO (BFFF);
SDR 16 TDI (FFFF) TDO (FFEF);
SDR 16 TDI (FFFF) TDO (FFFF);
SDR 16 TDI (FFFF) TDO (FFFF);
SDR 16 TDI (FFFF) TDO (7FFF);
SDR 16 TDI (FFFF) TDO (F7FF);
SDR 16 TDI (FFFF) TDO (FFFF);
SDR 16 TDI (FFFF) TDO (7FFF);
SDR 16 TDI (FFFF) TDO (BFFF);
SDR 16 TDI (FFFF) TDO (FFFF);
SDR 16 TDI (FFFF) TDO (FFFF);
SDR 16 TDI (FFFF) TDO (FFFF);
SDR 16 TDI (FFFF) TDO (7FFF);
SDR 16 TDI (FFFF) TDO (FFFF);
SDR 16 TDI (FFFF) TDO (FFDF);
SDR 16 TDI (FFFF) TDO (FFFF);
SDR 16 TDI (FFFF) TDO (BFFF);
SDR 16 TDI (FFFF) TDO (FFFF);
SDR 16 TDI (FFFF) TDO (FFFF);
SDR 16 TDI (FFFF) TDO (FFFF);
SDR 16 TDI (FFFF) TDO (7FFF);
SDR 16 TDI (FFFF) TDO (FFFF);
SDR 16 TDI (FFFF) TDO (FFF7);
SDR 16 TDI (FFFF) TDO (FFFF);
SDR 16 TDI (FFFF) TDO (BFFD);
SDR 16 TDI (FFFF) TDO (FFFF);
SDR 16 TDI (FFFF) TDO (F7FF);
SDR 16 TDI (FFFF) TDO (BFFF);
SDR 16 TDI (FFFF) TDO (7F3D);
SDR 16 TDI (FFFF) TDO (FFFB);
SDR 16 TDI (FFFF) TDO (DFFF);
SDR 16 TDI (FFFF) TDO (FDEF);
SDR 16 TDI (FFFF) TDO (BFED);
SDR 16 TDI (FFFF) TDO (FFFF);
SDR 16 TDI (FFFF) TDO (FFFF);
SDR 16 TDI (FFFF) TDO (EFFF);
SDR 16 TDI (FFFF) TDO (7FFF);
SDR 16 TDI (FFFF) TDO (FFFF);
SDR 16 TDI (FFFF) TDO (FFFF);
SDR 16 TDI (FFFF) TDO (FFFF);
SDR 16 TDI (FFFF) TDO (BFFF);
SDR 16 TDI (FFFF) TDO (FFFF);
SDR 16 TDI (FFFF) TDO (FFFF);
SDR 16 TDI (FFFF) TDO (FFFF);
SDR 16 TDI (FFFF) TDO (7FFF);
SDR 16 TDI (FFFF) TDO (FFFF);
SDR 16 TDI (FFFF) TDO (FFFF);
SDR 16 TDI (FFFF) TDO (FBFF);
SDR 16 TDI (FFFF) TDO (BFFF);
SDR 16 TDI (FFFF) TDO (FFF7);
SDR 16 TDI (FFFF) TDO (FFFF);
SDR 16 TDI (FFFF) TDO (FFFF);
SDR 16 TDI (FFFF) TDO (7FFF);
SDR 16 TDI (FFFF) TDO (FFFF);
SDR 16 TDI (FFFF) TDO (FFFF);
SDR 16 TDI (FFFF) TDO (FFDB);
SDR 16 TDI (FFFF) TDO (BFFF);
SDR 16 TDI (FFFF) TDO (F7FF);
SDR 16 TDI (FFFF) TDO (DFFF);
SDR 16 TDI (FFFF) TDO (FFFD);
SDR 16 TDI (FFFF) TDO (7FFD);
SDR 16 TDI (FFFF) TDO (FFFF);
SDR 16 TDI (FFFF) TDO (FFFF);
SDR 16 TDI (FFFF) TDO (FFFF);
SDR 16 TDI (FFFF) TDO (BFFF);
SDR 16 TDI (FFFF) TDO (FFFF);
SDR 16 TDI (FFFF) TDO (FFFF);
SDR 16 TDI (FFFF) TDO (FFFF);
SDR 16 TDI (FFFF) TDO (7FFF);
SDR 16 TDI (FFFF) TDO (FFFF);
SDR 16 TDI (FFFF) TDO (FFFF);
SDR 16 TDI (FFFF) TDO (FBFF);
SDR 16 TDI (FFFF) TDO (BFFF);
SDR 16 TDI (FFFF) TDO (FFFF);
SDR 16 TDI (FFFF) TDO (FFFF);
SDR 16 TDI (FFFF) TDO (FFFF);
SDR 16 TDI (FFFF) TDO (7F7D);
SDR 16 TDI (FFFF) TDO (FFFF);
SDR 16 TDI (FFFF) TDO (FFFF);
SDR 16 TDI (FFFF) TDO (FFDB);
SDR 16 TDI (FFFF) TDO (BFFB);
SDR 16 TDI (FFFF) TDO (FFFF);
SDR 16 TDI (FFFF) TDO (FFFF);
SDR 16 TDI (FFFF) TDO (EFFF);
SDR 16 TDI (FFFF) TDO (7FFE);
SDR 16 TDI (FFFF) TDO (FDFF);
SDR 16 TDI (FFFF) TDO (FFFF);
SDR 16 TDI (FFFF) TDO (FFFF);
SDR 16 TDI (FFFF) TDO (BFFF);
SDR 16 TDI (FFFF) TDO (FFFF);
SDR 16 TDI (FFFF) TDO (FFFF);
SDR 16 TDI (FFFF) TDO (FFFF);
SDR 16 TDI (FFFF) TDO (7FFF);
SDR 16 TDI (FFFF) TDO (FFFF);
SDR 16 TDI (FFFF) TDO (FFF7);
SDR 16 TDI (FFFF) TDO (FFFF);
SDR 16 TDI (FFFF) TDO (BFFE);
SDR 16 TDI (FFFF) TDO (FFFB);
SDR 16 TDI (FFFF) TDO (F7FF);
SDR 16 TDI (FFFF) TDO (BFFF);
SDR 16 TDI (FFFF) TDO (7FDF);
SDR 16 TDI (FFFF) TDO (FFFB);
SDR 16 TDI (FFFF) TDO (BFFF);
SDR 16 TDI (FFFF) TDO (FBEF);
SDR 16 TDI (FFFF) TDO (BFF7);
SDR 16 TDI (FFFF) TDO (EFFF);
SDR 16 TDI (FFFF) TDO (BFFF);
SDR 16 TDI (FFFF) TDO (FFFB);
SDR 16 TDI (FFFF) TDO (7FFF);
SDR 16 TDI (FFFF) TDO (FFFF);
SDR 16 TDI (FFFF) TDO (FFFF);
SDR 16 TDI (FFFF) TDO (FFFF);
SDR 16 TDI (FFFF) TDO (BFFF);
SDR 16 TDI (FFFF) TDO (FFFF);
SDR 16 TDI (FFFF) TDO (FFFF);
SDR 16 TDI (FFFF) TDO (FFFF);
SDR 16 TDI (FFFF) TDO (7FFF);
SDR 16 TDI (FFFF) TDO (FFFF);
SDR 16 TDI (FFFF) TDO (FFFF);
SDR 16 TDI (FFFF) TDO (FFFF);
SDR 16 TDI (FFFF) TDO (BFFF);
SDR 16 TDI (FFFF) TDO (FFFF);
SDR 16 TDI (FFFF) TDO (FFDF);
SDR 16 TDI (FFFF) TDO (FFFF);
SDR 16 TDI (FFFF) TDO (7FEF);
SDR 16 TDI (FFFF) TDO (6D7B);
SDR 16 TDI (FFFF) TDO (FFFF);
SDR 16 TDI (FFFF) TDO (EF7B);
SDR 16 TDI (FFFF) TDO (BFFF);
SDR 16 TDI (FFFF) TDO (FFFF);
SDR 16 TDI (FFFF) TDO (FFFF);
SDR 16 TDI (FFFF) TDO (FFFF);
SDR 16 TDI (FFFF) TDO (7FFF);
SDR 16 TDI (FFFF) TDO (FFFF);
SDR 16 TDI (FFFF) TDO (FFFF);
SDR 16 TDI (FFFF) TDO (FFFF);
SDR 16 TDI (FFFF) TDO (BFFF);
SDR 16 TDI (FFFF) TDO (FFFF);
SDR 16 TDI (FFFF) TDO (FFFF);
SDR 16 TDI (FFFF) TDO (FFFF);
SDR 16 TDI (FFFF) TDO (7FFF);
SDR 16 TDI (FFFF) TDO (FFFF);
SDR 16 TDI (FFFF) TDO (FFFF);
SDR 16 TDI (FFFF) TDO (FFFF);
SDR 16 TDI (FFFF) TDO (BFDF);
SDR 16 TDI (FFFF) TDO (FFFB);
SDR 16 TDI (FFFF) TDO (FFFF);
SDR 16 TDI (FFFF) TDO (FF7F);
SDR 16 TDI (FFFF) TDO (7FFF);
SDR 16 TDI (FFFF) TDO (BFCF);
SDR 16 TDI (FFFF) TDO (FFBF);
SDR 16 TDI (FFFF) TDO (FFEF);
SDR 16 TDI (FFFF) TDO (BFFF);
SDR 16 TDI (FFFF) TDO (FFEF);
SDR 16 TDI (FFFF) TDO (FFFF);
SDR 16 TDI (FFFF) TDO (FFFF);
SDR 16 TDI (FFFF) TDO (7FF7);
SDR 16 TDI (FFFF) TDO (FFFF);
SDR 16 TDI (FFFF) TDO (7FFF);
SDR 16 TDI (FFFF) TDO (FFFF);
SDR 16 TDI (FFFF) TDO (BFFF);
SDR 16 TDI (FFFF) TDO (FFFF);
SDR 16 TDI (FFFF) TDO (FFFF);
SDR 16 TDI (FFFF) TDO (FFFF);
SDR 16 TDI (FFFF) TDO (7FFF);
SDR 16 TDI (FFFF) TDO (FFFF);
SDR 16 TDI (FFFF) TDO (FFFF);
SDR 16 TDI (FFFF) TDO (FFFF);
SDR 16 TDI (FFFF) TDO (BFFF);
SDR 16 TDI (FFFF) TDO (FFFB);
SDR 16 TDI (FFFF) TDO (FFDF);
SDR 16 TDI (FFFF) TDO (FF7F);
SDR 16 TDI (FFFF) TDO (7FFF);
SDR 16 TDI (FFFF) TDO (FFFF);
SDR 16 TDI (FFFF) TDO (FFBF);
SDR 16 TDI (FFFF) TDO (FFF7);
SDR 16 TDI (FFFF) TDO (BFFF);
SDR 16 TDI (FFFF) TDO (FFEF);
SDR 16 TDI (FFFF) TDO (FFFF);
SDR 16 TDI (FFFF) TDO (FFFF);
SDR 16 TDI (FFFF) TDO (7FFF);
SDR 16 TDI (FFFF) TDO (FFFF);
SDR 16 TDI (FFFF) TDO (FFFF);
SDR 16 TDI (FFFF) TDO (FFFF);
SDR 16 TDI (FFFF) TDO (BFFF);
SDR 16 TDI (FFFF) TDO (FFFF);
SDR 16 TDI (FFFF) TDO (FFFF);
SDR 16 TDI (FFFF) TDO (FFFF);
SDR 16 TDI (FFFF) TDO (7FFF);
SDR 16 TDI (FFFF) TDO (FFFF);
SDR 16 TDI (FFFF) TDO (FFFF);
SDR 16 TDI (FFFF) TDO (FFFF);
SDR 16 TDI (FFFF) TDO (BFFF);
SDR 16 TDI (FFFF) TDO (FFFF);
SDR 16 TDI (FFFF) TDO (FFFF);
SDR 16 TDI (FFFF) TDO (FFFF);
SDR 16 TDI (FFFF) TDO (7FEF);
SDR 16 TDI (FFFF) TDO (54AD);
SDR 16 TDI (FFFF) TDO (FFFF);
SDR 16 TDI (FFFF) TDO (F77F);
SDR 16 TDI (FFFF) TDO (BFFF);
SDR 16 TDI (FFFF) TDO (FFFF);
SDR 16 TDI (FFFF) TDO (FFFF);
SDR 16 TDI (FFFF) TDO (FFFF);
SDR 16 TDI (FFFF) TDO (7FFF);
SDR 16 TDI (FFFF) TDO (FFFF);
SDR 16 TDI (FFFF) TDO (7FFF);
SDR 16 TDI (FFFF) TDO (FFFF);
SDR 16 TDI (FFFF) TDO (B77F);
SDR 16 TDI (FFFF) TDO (FFFF);
SDR 16 TDI (FFFF) TDO (FFFF);
SDR 16 TDI (FFFF) TDO (FFFF);
SDR 16 TDI (FFFF) TDO (7FFF);
SDR 16 TDI (FFFF) TDO (FFFF);
SDR 16 TDI (FFFF) TDO (FFFF);
SDR 16 TDI (FFFF) TDO (FFFF);
SDR 16 TDI (FFFF) TDO (BFFF);
SDR 16 TDI (FFFF) TDO (FFFF);
SDR 16 TDI (FFFF) TDO (FFBF);
SDR 16 TDI (FFFF) TDO (FFFF);
SDR 16 TDI (FFFF) TDO (7FEB);
SDR 16 TDI (FFFF) TDO (DFBB);
SDR 16 TDI (FFFF) TDO (DFDF);
SDR 16 TDI (FFFF) TDO (DFCF);
SDR 16 TDI (FFFF) TDO (AFEF);
SDR 16 TDI (FFFF) TDO (FFFF);
SDR 16 TDI (FFFF) TDO (FFFF);
SDR 16 TDI (FFFF) TDO (FFFF);
SDR 16 TDI (FFFF) TDO (7FFF);
SDR 16 TDI (FFFF) TDO (FFFF);
SDR 16 TDI (FFFF) TDO (EB5F);
SDR 16 TDI (FFFF) TDO (FFFF);
SDR 16 TDI (FFFF) TDO (BFFF);
SDR 16 TDI (FFFF) TDO (FFFF);
SDR 16 TDI (FFFF) TDO (FFFF);
SDR 16 TDI (FFFF) TDO (FFFF);
SDR 16 TDI (FFFF) TDO (7FFF);
SDR 16 TDI (FFFF) TDO (FFFF);
SDR 16 TDI (FFFF) TDO (FFFF);
SDR 16 TDI (FFFF) TDO (BFFD);
SDR 16 TDI (FFFF) TDO (BFFF);
SDR 16 TDI (FFFF) TDO (FF77);
SDR 16 TDI (FFFF) TDO (FFFF);
SDR 16 TDI (FFFF) TDO (FFFF);
SDR 16 TDI (FFFF) TDO (7FFF);
SDR 16 TDI (FFFF) TDO (EBF7);
SDR 16 TDI (FFFF) TDO (FFFD);
SDR 16 TDI (FFFF) TDO (F2FF);
SDR 16 TDI (FFFF) TDO (BFFF);
SDR 16 TDI (FFFF) TDO (FFFF);
SDR 16 TDI (FFFF) TDO (FFFF);
SDR 16 TDI (FFFF) TDO (FFFF);
SDR 16 TDI (FFFF) TDO (7FFF);
SDR 16 TDI (FFFF) TDO (FFFF);
SDR 16 TDI (FFFF) TDO (FDDF);
SDR 16 TDI (FFFF) TDO (FFFF);
SDR 16 TDI (FFFF) TDO (A77F);
SDR 16 TDI (FFFF) TDO (FFFF);
SDR 16 TDI (FFFF) TDO (FFFF);
SDR 16 TDI (FFFF) TDO (FFFF);
SDR 16 TDI (FFFF) TDO (7FFF);
SDR 16 TDI (FFFF) TDO (FFFF);
SDR 16 TDI (FFFF) TDO (FFFF);
SDR 16 TDI (FFFF) TDO (FFFF);
SDR 16 TDI (FFFF) TDO (BFFF);
SDR 16 TDI (FFFF) TDO (F7FF);
SDR 16 TDI (FFFF) TDO (FFFF);
SDR 16 TDI (FFFF) TDO (D7FF);
SDR 16 TDI (FFFF) TDO (7FFF);
SDR 16 TDI (FFFF) TDO (FFF7);
SDR 16 TDI (FFFF) TDO (FBEF);
SDR 16 TDI (FFFF) TDO (F6FF);
SDR 16 TDI (FFFF) TDO (BFFF);
SDR 16 TDI (FFFF) TDO (FEFF);
SDR 16 TDI (FFFF) TDO (FFFF);
SDR 16 TDI (FFFF) TDO (FFFF);
SDR 16 TDI (FFFF) TDO (7FFF);
SDR 16 TDI (FFFF) TDO (FBFF);
SDR 16 TDI (FFFF) TDO (EA5F);
SDR 16 TDI (FFFF) TDO (FFFF);
SDR 16 TDI (FFFF) TDO (ABFF);
SDR 16 TDI (FFFF) TDO (FFFF);
SDR 16 TDI (FFFF) TDO (FFFF);
SDR 16 TDI (FFFF) TDO (FFFF);
SDR 16 TDI (FFFF) TDO (7FFF);
SDR 16 TDI (FFFF) TDO (FFFF);
SDR 16 TDI (FFFF) TDO (FFFF);
SDR 16 TDI (FFFF) TDO (FFFF);
SDR 16 TDI (FFFF) TDO (BFFF);
SDR 16 TDI (FFFF) TDO (FFFF);
SDR 16 TDI (FFFF) TDO (FFFF);
SDR 16 TDI (FFFF) TDO (FFFF);
SDR 16 TDI (FFFF) TDO (7FFF);
SDR 16 TDI (FFFF) TDO (F7BF);
SDR 16 TDI (FFFF) TDO (DFDB);
SDR 16 TDI (FFFF) TDO (FBF7);
SDR 16 TDI (FFFF) TDO (BFFF);
SDR 16 TDI (FFFF) TDO (FDFF);
SDR 16 TDI (FFFF) TDO (FFFF);
SDR 16 TDI (FFFF) TDO (FFFF);
SDR 16 TDI (FFFF) TDO (7FBF);
SDR 16 TDI (FFFF) TDO (FFFF);
SDR 16 TDI (FFFF) TDO (FFDF);
SDR 16 TDI (FFFF) TDO (FFFF);
SDR 16 TDI (FFFF) TDO (BFFF);
SDR 16 TDI (FFFF) TDO (FFFF);
SDR 16 TDI (FFFF) TDO (FFFF);
SDR 16 TDI (FFFF) TDO (FFFF);
SDR 16 TDI (FFFF) TDO (7FFF);
SDR 16 TDI (FFFF) TDO (FFFF);
SDR 16 TDI (FFFF) TDO (FFFF);
SDR 16 TDI (FFFF) TDO (FDFF);
SDR 16 TDI (FFFF) TDO (BFF7);
SDR 16 TDI (FFFF) TDO (FFFF);
SDR 16 TDI (FFFF) TDO (FFFF);
SDR 16 TDI (FFFF) TDO (FFFF);
SDR 16 TDI (FFFF) TDO (7FFA);
SDR 16 TDI (FFFF) TDO (FF7F);
SDR 16 TDI (FFFF) TDO (7FFE);
SDR 16 TDI (FFFF) TDO (FFFF);
SDR 16 TDI (FFFF) TDO (BFFF);
SDR 16 TDI (FFFF) TDO (FFFF);
SDR 16 TDI (FFFF) TDO (FFFF);
SDR 16 TDI (FFFF) TDO (FFFF);
SDR 16 TDI (FFFF) TDO (7FFF);
SDR 16 TDI (FFFF) TDO (FFFF);
SDR 16 TDI (FFFF) TDO (FFFF);
SDR 16 TDI (FFFF) TDO (FFFF);
SDR 16 TDI (FFFF) TDO (BFFF);
SDR 16 TDI (FFFF) TDO (FFFF);
SDR 16 TDI (FFFF) TDO (FFFF);
SDR 16 TDI (FFFF) TDO (FFFF);
SDR 16 TDI (FFFF) TDO (7FFF);
SDR 16 TDI (FFFF) TDO (FFFF);
SDR 16 TDI (FFFF) TDO (FFFB);
SDR 16 TDI (FFFF) TDO (FFDF);
SDR 16 TDI (FFFF) TDO (BFFF);
SDR 16 TDI (FFFF) TDO (7FFF);
SDR 16 TDI (FFFF) TDO (FFFF);
SDR 16 TDI (FFFF) TDO (FFFF);
SDR 16 TDI (FFFF) TDO (7FEE);
SDR 16 TDI (FFFF) TDO (BB7F);
SDR 16 TDI (FFFF) TDO (6FF7);
SDR 16 TDI (FFFF) TDO (5FDF);
SDR 16 TDI (FFFF) TDO (BFFF);
SDR 16 TDI (FFFF) TDO (FFFF);
SDR 16 TDI (FFFF) TDO (FFFF);
SDR 16 TDI (FFFF) TDO (FFFF);
SDR 16 TDI (FFFF) TDO (7FFF);
SDR 16 TDI (FFFF) TDO (FFFF);
SDR 16 TDI (FFFF) TDO (FFFF);
SDR 16 TDI (FFFF) TDO (FFFF);
SDR 16 TDI (FFFF) TDO (BFFF);
SDR 16 TDI (FFFF) TDO (FFFF);
SDR 16 TDI (FFFF) TDO (FFFF);
SDR 16 TDI (FFFF) TDO (FFFF);
SDR 16 TDI (FFFF) TDO (7FFF);
SDR 16 TDI (FFFF) TDO (FFFF);
SDR 16 TDI (FFFF) TDO (FFFF);
SDR 16 TDI (FFFF) TDO (BFFB);
SDR 16 TDI (FFFF) TDO (BFF7);
SDR 16 TDI (FFFF) TDO (F7FF);
SDR 16 TDI (FFFF) TDO (FFFF);
SDR 16 TDI (FFFF) TDO (DFFF);
SDR 16 TDI (FFFF) TDO (7FFF);
SDR 16 TDI (FFFF) TDO (F97F);
SDR 16 TDI (FFFF) TDO (3BC9);
SDR 16 TDI (FFFF) TDO (9DAF);
SDR 16 TDI (FFFF) TDO (AFEF);
SDR 16 TDI (FFFF) TDO (FFFF);
SDR 16 TDI (FFFF) TDO (FFFF);
SDR 16 TDI (FFFF) TDO (FFFF);
SDR 16 TDI (FFFF) TDO (7FFF);
SDR 16 TDI (FFFF) TDO (FBFF);
SDR 16 TDI (FFFF) TDO (FFFF);
SDR 16 TDI (FFFF) TDO (FFFF);
SDR 16 TDI (FFFF) TDO (BAAF);
SDR 16 TDI (FFFF) TDO (FFFF);
SDR 16 TDI (FFFF) TDO (FFFF);
SDR 16 TDI (FFFF) TDO (FFFF);
SDR 16 TDI (FFFF) TDO (7FFF);
SDR 16 TDI (FFFF) TDO (FFFF);
SDR 16 TDI (FFFF) TDO (FFFF);
SDR 16 TDI (FFFF) TDO (FDBF);
SDR 16 TDI (FFFF) TDO (BFFF);
SDR 16 TDI (FFFF) TDO (FFFB);
SDR 16 TDI (FFFF) TDO (FF7F);
SDR 16 TDI (FFFF) TDO (FFFF);
SDR 16 TDI (FFFF) TDO (7FF3);
SDR 16 TDI (FFFF) TDO (8FE7);
SDR 16 TDI (FFFF) TDO (DFBF);
SDR 16 TDI (FFFF) TDO (E25F);
SDR 16 TDI (FFFF) TDO (BFFF);
SDR 16 TDI (FFFF) TDO (FDFF);
SDR 16 TDI (FFFF) TDO (FFFF);
SDR 16 TDI (FFFF) TDO (FFFF);
SDR 16 TDI (FFFF) TDO (7FBF);
SDR 16 TDI (FFFF) TDO (FFFF);
SDR 16 TDI (FFFF) TDO (FD7F);
SDR 16 TDI (FFFF) TDO (FFFF);
SDR 16 TDI (FFFF) TDO (BFFF);
SDR 16 TDI (FFFF) TDO (FFFF);
SDR 16 TDI (FFFF) TDO (FFFF);
SDR 16 TDI (FFFF) TDO (FFFF);
SDR 16 TDI (FFFF) TDO (7FFF);
SDR 16 TDI (FFFF) TDO (FFFF);
SDR 16 TDI (FFFF) TDO (FFFB);
SDR 16 TDI (FFFF) TDO (FFFF);
SDR 16 TDI (FFFF) TDO (BFFF);
SDR 16 TDI (FFFF) TDO (BFBF);
SDR 16 TDI (FFFF) TDO (FFFF);
SDR 16 TDI (FFFF) TDO (F7FF);
SDR 16 TDI (FFFF) TDO (7FEC);
SDR 16 TDI (FFFF) TDO (769A);
SDR 16 TDI (FFFF) TDO (F7F6);
SDR 16 TDI (FFFF) TDO (7FF7);
SDR 16 TDI (FFFF) TDO (BFFF);
SDR 16 TDI (FFFF) TDO (FEFF);
SDR 16 TDI (FFFF) TDO (FFFF);
SDR 16 TDI (FFFF) TDO (FFFF);
SDR 16 TDI (FFFF) TDO (7FFF);
SDR 16 TDI (FFFF) TDO (FFFF);
SDR 16 TDI (FFFF) TDO (FFFF);
SDR 16 TDI (FFFF) TDO (FFFF);
SDR 16 TDI (FFFF) TDO (B55F);
SDR 16 TDI (FFFF) TDO (FFFF);
SDR 16 TDI (FFFF) TDO (FEFF);
SDR 16 TDI (FFFF) TDO (FFFF);
SDR 16 TDI (FFFF) TDO (7FFF);
SDR 16 TDI (FFFF) TDO (FF7F);
SDR 16 TDI (FFFF) TDO (FFF9);
SDR 16 TDI (FFFF) TDO (9D1E);
SDR 16 TDI (FFFF) TDO (AF8B);
SDR 16 TDI (FFFF) TDO (FBF3);
SDR 16 TDI (FFFF) TDO (FC3F);
SDR 16 TDI (FFFF) TDO (FEFF);
SDR 16 TDI (FFFF) TDO (7FE7);
SDR 16 TDI (FFFF) TDO (BF66);
SDR 16 TDI (FFFF) TDO (7F5D);
SDR 16 TDI (FFFF) TDO (F8BC);
SDR 16 TDI (FFFF) TDO (A787);
SDR 16 TDI (FFFF) TDO (FFDF);
SDR 16 TDI (FFFF) TDO (FFFF);
SDR 16 TDI (FFFF) TDO (FFFF);
SDR 16 TDI (FFFF) TDO (7FEF);
SDR 16 TDI (FFFF) TDO (F0FF);
SDR 16 TDI (FFFF) TDO (EA9F);
SDR 16 TDI (FFFF) TDO (FFFF);
SDR 16 TDI (FFFF) TDO (BFFF);
SDR 16 TDI (FFFF) TDO (FFFF);
SDR 16 TDI (FFFF) TDO (FDFF);
SDR 16 TDI (FFFF) TDO (FFFF);
SDR 16 TDI (FFFF) TDO (7FFF);
SDR 16 TDI (FFFF) TDO (FEFF);
SDR 16 TDI (FFFF) TDO (FFF8);
SDR 16 TDI (FFFF) TDO (1D79);
SDR 16 TDI (FFFF) TDO (BF48);
SDR 16 TDI (FFFF) TDO (383F);
SDR 16 TDI (FFFF) TDO (FC3F);
SDR 16 TDI (FFFF) TDO (FFFF);
SDR 16 TDI (FFFF) TDO (7FEF);
SDR 16 TDI (FFFF) TDO (4506);
SDR 16 TDI (FFFF) TDO (1FAA);
SDR 16 TDI (FFFF) TDO (A0B4);
SDR 16 TDI (FFFF) TDO (A787);
SDR 16 TDI (FFFF) TDO (FFFF);
SDR 16 TDI (FFFF) TDO (FFFF);
SDR 16 TDI (FFFF) TDO (FFFF);
SDR 16 TDI (FFFF) TDO (7F7F);
SDR 16 TDI (FFFF) TDO (F0FF);
SDR 16 TDI (FFFF) TDO (FFDF);
SDR 16 TDI (FFFF) TDO (FFFF);
SDR 16 TDI (FFFF) TDO (B55F);
SDR 16 TDI (FFFF) TDO (FFFF);
SDR 16 TDI (FFFF) TDO (FFFF);
SDR 16 TDI (FFFF) TDO (FFFF);
SDR 16 TDI (FFFF) TDO (7FFF);
SDR 16 TDI (FFFF) TDO (FFFF);
SDR 16 TDI (FFFF) TDO (FFF8);
SDR 16 TDI (FFFF) TDO (0261);
SDR 16 TDI (FFFF) TDO (BFE4);
SDR 16 TDI (FFFF) TDO (140F);
SDR 16 TDI (FFFF) TDO (FC3F);
SDR 16 TDI (FFFF) TDO (DFFF);
SDR 16 TDI (FFFF) TDO (7FE7);
SDR 16 TDI (FFFF) TDO (1997);
SDR 16 TDI (FFFF) TDO (BF88);
SDR 16 TDI (FFFF) TDO (9FCC);
SDR 16 TDI (FFFF) TDO (A787);
SDR 16 TDI (FFFF) TDO (FFFF);
SDR 16 TDI (FFFF) TDO (FFFF);
SDR 16 TDI (FFFF) TDO (FFFF);
SDR 16 TDI (FFFF) TDO (7FFF);
SDR 16 TDI (FFFF) TDO (F0FF);
SDR 16 TDI (FFFF) TDO (EABF);
SDR 16 TDI (FFFF) TDO (FFFF);
SDR 16 TDI (FFFF) TDO (BFFF);
SDR 16 TDI (FFFF) TDO (FFFF);
SDR 16 TDI (FFFF) TDO (FFFF);
SDR 16 TDI (FFFF) TDO (FFFF);
SDR 16 TDI (FFFF) TDO (7FFF);
SDR 16 TDI (FFFF) TDO (FFFF);
SDR 16 TDI (FFFF) TDO (FFF8);
SDR 16 TDI (FFFF) TDO (1A1F);
SDR 16 TDI (FFFF) TDO (BFE4);
SDR 16 TDI (FFFF) TDO (D4F3);
SDR 16 TDI (FFFF) TDO (FC3F);
SDR 16 TDI (FFFF) TDO (FFFF);
SDR 16 TDI (FFFF) TDO (7FF1);
SDR 16 TDI (FFFF) TDO (2391);
SDR 16 TDI (FFFF) TDO (BFCC);
SDR 16 TDI (FFFF) TDO (C644);
SDR 16 TDI (FFFF) TDO (A787);
SDR 16 TDI (FFFF) TDO (FFFF);
SDR 16 TDI (FFFF) TDO (FFFF);
SDR 16 TDI (FFFF) TDO (FFFF);
SDR 16 TDI (FFFF) TDO (7FFF);
SDR 16 TDI (FFFF) TDO (F0FF);
SDR 16 TDI (FFFF) TDO (FBFF);
SDR 16 TDI (FFFF) TDO (FFFF);
SDR 16 TDI (FFFF) TDO (BFFF);
SDR 16 TDI (FFFF) TDO (3333);
SDR 16 TDI (FFFF) TDO (1F33);
SDR 16 TDI (FFFF) TDO (333C);
SDR 16 TDI (FFFF) TDO (7999);
SDR 16 TDI (FFFF) TDO (8F99);
SDR 16 TDI (FFFF) TDO (999E);
SDR 16 TDI (FFFF) TDO (6777);
SDR 16 TDI (FFFF) TDO (A7DD);
SDR 16 TDI (FFFF) TDO (DDDF);
SDR 16 TDI (FFFF) TDO (33B3);
SDR 16 TDI (FFFF) TDO (3F33);
SDR 16 TDI (FFFF) TDO (6660);
SDR 16 TDI (FFFF) TDO (C99B);
SDR 16 TDI (FFFF) TDO (9FB3);
SDR 16 TDI (FFFF) TDO (11B7);
SDR 16 TDI (FFFF) TDO (B666);
SDR 16 TDI (FFFF) TDO (67E6);
SDR 16 TDI (FFFF) TDO (6667);
SDR 16 TDI (FFFF) TDO (9999);
SDR 16 TDI (FFFF) TDO (71F3);
SDR 16 TDI (FFFF) TDO (3733);
SDR 16 TDI (FFFF) TDO (FFFF);
SDR 16 TDI (FFFF) TDO (FFFF);
SDR 16 TDI (FFFF) TDO (BFFF);
SDR 16 TDI (FFFF) TDO (7777);
SDR 16 TDI (FFFF) TDO (4ABB);
SDR 16 TDI (FFFF) TDO (BBBD);
SDR 16 TDI (FFFF) TDO (7BBB);
SDR 16 TDI (FFFF) TDO (A55D);
SDR 16 TDI (FFFF) TDO (DDDA);
SDR 16 TDI (FFFF) TDO (AA22);
SDR 16 TDI (FFFF) TDO (A288);
SDR 16 TDI (FFFF) TDO (888B);
SDR 16 TDI (FFFF) TDO (7737);
SDR 16 TDI (FFFF) TDO (6ABB);
SDR 16 TDI (FFFF) TDO (7767);
SDR 16 TDI (FFFF) TDO (99B3);
SDR 16 TDI (FFFF) TDO (B519);
SDR 16 TDI (FFFF) TDO (9C9F);
SDR 16 TDI (FFFF) TDO (A6E6);
SDR 16 TDI (FFFF) TDO (ED57);
SDR 16 TDI (FFFF) TDO (7777);
SDR 16 TDI (FFFF) TDO (BBBB);
SDR 16 TDI (FFFF) TDO (76AB);
SDR 16 TDI (FFFF) TDO (B3BB);
SDR 16 TDI (FFFF) TDO (F7FF);
SDR 16 TDI (FFFF) TDO (FFFF);
SDR 16 TDI (FFFF) TDO (BFFF);
SDR 16 TDI (FFFF) TDO (FFFF);
SDR 16 TDI (FFFF) TDO (FEFF);
SDR 16 TDI (FFFF) TDO (FFFF);
SDR 16 TDI (FFFF) TDO (7FFF);
SDR 16 TDI (FFFF) TDO (FF7F);
SDR 16 TDI (FFFF) TDO (FFFF);
SDR 16 TDI (FFFF) TDO (FFFF);
SDR 16 TDI (FFFF) TDO (BFBF);
SDR 16 TDI (FFFF) TDO (FFFF);
SDR 16 TDI (FFFF) TDO (FDFF);
SDR 16 TDI (FFFF) TDO (FEFF);
SDR 16 TDI (FFFF) TDO (7FFC);
SDR 16 TDI (FFFF) TDO (CDFF);
SDR 16 TDI (FFFF) TDO (DF33);
SDR 16 TDI (FFFF) TDO (37B5);
SDR 16 TDI (FFFF) TDO (BFBF);
SDR 16 TDI (FFFF) TDO (FFDF);
SDR 16 TDI (FFFF) TDO (FFFF);
SDR 16 TDI (FFFF) TDO (FFFF);
SDR 16 TDI (FFFF) TDO (7FEF);
SDR 16 TDI (FFFF) TDO (FEFF);
SDR 16 TDI (FFFF) TDO (FFFF);
SDR 16 TDI (FFFF) TDO (FFFF);
SDR 16 TDI (FFFF) TDO (BFFF);
SDR 16 TDI (FFFF) TDO (FFFF);
SDR 16 TDI (FFFF) TDO (FFFF);
SDR 16 TDI (FFFF) TDO (FFFF);
SDR 16 TDI (FFFF) TDO (7FFF);
SDR 16 TDI (FFFF) TDO (FFFF);
SDR 16 TDI (FFFF) TDO (FFFF);
SDR 16 TDI (FFFF) TDO (FFFF);
SDR 16 TDI (FFFF) TDO (BFFF);
SDR 16 TDI (FFFF) TDO (EFFB);
SDR 16 TDI (FFFF) TDO (FFEF);
SDR 16 TDI (FFFF) TDO (FF7F);
SDR 16 TDI (FFFF) TDO (7EDB);
SDR 16 TDI (FFFF) TDO (FF3F);
SDR 16 TDI (FFFF) TDO (BFFF);
SDR 16 TDI (FFFF) TDO (FFFF);
SDR 16 TDI (FFFF) TDO (BFFF);
SDR 16 TDI (FFFF) TDO (FFF7);
SDR 16 TDI (FFFF) TDO (FFF7);
SDR 16 TDI (FFFF) TDO (FFBF);
SDR 16 TDI (FFFF) TDO (7FFF);
SDR 16 TDI (FFFF) TDO (FFFB);
SDR 16 TDI (FFFF) TDO (FFFF);
SDR 16 TDI (FFFF) TDO (FFFF);
SDR 16 TDI (FFFF) TDO (BFFF);
SDR 16 TDI (FFFF) TDO (FFFF);
SDR 16 TDI (FFFF) TDO (FFFF);
SDR 16 TDI (FFFF) TDO (FFFF);
SDR 16 TDI (FFFF) TDO (7FFF);
SDR 16 TDI (FFFF) TDO (FFFF);
SDR 16 TDI (FFFF) TDO (FFFF);
SDR 16 TDI (FFFF) TDO (FFFB);
SDR 16 TDI (FFFF) TDO (BFFF);
SDR 16 TDI (FFFF) TDO (FFFF);
SDR 16 TDI (FFFF) TDO (FF7F);
SDR 16 TDI (FFFF) TDO (FFFF);
SDR 16 TDI (FFFF) TDO (7FFF);
SDR 16 TDI (FFFF) TDO (B3FB);
SDR 16 TDI (FFFF) TDO (7FFD);
SDR 16 TDI (FFFF) TDO (BDBE);
SDR 16 TDI (FFFF) TDO (AFFF);
SDR 16 TDI (FFFF) TDO (FFFB);
SDR 16 TDI (FFFF) TDO (FBFF);
SDR 16 TDI (FFFF) TDO (FEFF);
SDR 16 TDI (FFFF) TDO (7FFF);
SDR 16 TDI (FFFF) TDO (FFFF);
SDR 16 TDI (FFFF) TDO (FFFF);
SDR 16 TDI (FFFF) TDO (FFFF);
SDR 16 TDI (FFFF) TDO (BFFF);
SDR 16 TDI (FFFF) TDO (FFFF);
SDR 16 TDI (FFFF) TDO (FFFF);
SDR 16 TDI (FFFF) TDO (FFFF);
SDR 16 TDI (FFFF) TDO (7FFF);
SDR 16 TDI (FFFF) TDO (FFFF);
SDR 16 TDI (FFFF) TDO (FFFF);
SDR 16 TDI (FFFF) TDO (FFFD);
SDR 16 TDI (FFFF) TDO (BFFF);
SDR 16 TDI (FFFF) TDO (DFF7);
SDR 16 TDI (FFFF) TDO (FF7F);
SDR 16 TDI (FFFF) TDO (FFFF);
SDR 16 TDI (FFFF) TDO (7FDF);
SDR 16 TDI (FFFF) TDO (BFFD);
SDR 16 TDI (FFFF) TDO (BFFF);
SDR 16 TDI (FFFF) TDO (FFFF);
SDR 16 TDI (FFFF) TDO (BFFF);
SDR 16 TDI (FFFF) TDO (FFFF);
SDR 16 TDI (FFFF) TDO (FFF7);
SDR 16 TDI (FFFF) TDO (FFFF);
SDR 16 TDI (FFFF) TDO (7FFF);
SDR 16 TDI (FFFF) TDO (FFFB);
SDR 16 TDI (FFFF) TDO (FFDF);
SDR 16 TDI (FFFF) TDO (FFFF);
SDR 16 TDI (FFFF) TDO (BFFF);
SDR 16 TDI (FFFF) TDO (FFFF);
SDR 16 TDI (FFFF) TDO (FFFF);
SDR 16 TDI (FFFF) TDO (FFFF);
SDR 16 TDI (FFFF) TDO (7FFF);
SDR 16 TDI (FFFF) TDO (FFFF);
SDR 16 TDI (FFFF) TDO (FFFF);
SDR 16 TDI (FFFF) TDO (FFFF);
SDR 16 TDI (FFFF) TDO (BFFF);
SDR 16 TDI (FFFF) TDO (FFFF);
SDR 16 TDI (FFFF) TDO (FFDF);
SDR 16 TDI (FFFF) TDO (FFBF);
SDR 16 TDI (FFFF) TDO (7EFD);
SDR 16 TDI (FFFF) TDO (FB5F);
SDR 16 TDI (FFFF) TDO (FFFD);
SDR 16 TDI (FFFF) TDO (FDFF);
SDR 16 TDI (FFFF) TDO (AFFF);
SDR 16 TDI (FFFF) TDO (FFEF);
SDR 16 TDI (FFFF) TDO (FFFF);
SDR 16 TDI (FFFF) TDO (FF5F);
SDR 16 TDI (FFFF) TDO (7FFF);
SDR 16 TDI (FFFF) TDO (FFFF);
SDR 16 TDI (FFFF) TDO (FFDF);
SDR 16 TDI (FFFF) TDO (FFFF);
SDR 16 TDI (FFFF) TDO (BFFF);
SDR 16 TDI (FFFF) TDO (FFFF);
SDR 16 TDI (FFFF) TDO (FFFF);
SDR 16 TDI (FFFF) TDO (FFFB);
SDR 16 TDI (FFFF) TDO (7FFF);
SDR 16 TDI (FFFF) TDO (FFFF);
SDR 16 TDI (FFFF) TDO (FDFF);
SDR 16 TDI (FFFF) TDO (FBFF);
SDR 16 TDI (FFFF) TDO (BFFF);
SDR 16 TDI (FFFF) TDO (F7F7);
SDR 16 TDI (FFFF) TDO (FFFF);
SDR 16 TDI (FFFF) TDO (FFFF);
SDR 16 TDI (FFFF) TDO (7F7F);
SDR 16 TDI (FFFF) TDO (FEFF);
SDR 16 TDI (FFFF) TDO (FFDE);
SDR 16 TDI (FFFF) TDO (FFFF);
SDR 16 TDI (FFFF) TDO (AF7F);
SDR 16 TDI (FFFF) TDO (6FFE);
SDR 16 TDI (FFFF) TDO (FFFD);
SDR 16 TDI (FFFF) TDO (FFFF);
SDR 16 TDI (FFFF) TDO (7FFF);
SDR 16 TDI (FFFF) TDO (BFFF);
SDR 16 TDI (FFFF) TDO (FFFF);
SDR 16 TDI (FFFF) TDO (FFFF);
SDR 16 TDI (FFFF) TDO (BFFF);
SDR 16 TDI (FFFF) TDO (FFFF);
SDR 16 TDI (FFFF) TDO (7FF7);
SDR 16 TDI (FFFF) TDO (F7FF);
SDR 16 TDI (FFFF) TDO (7FF7);
SDR 16 TDI (FFFF) TDO (FFFF);
SDR 16 TDI (FFFF) TDO (FFFF);
SDR 16 TDI (FFFF) TDO (F7DE);
SDR 16 TDI (FFFF) TDO (BFD7);
SDR 16 TDI (FFFF) TDO (FDFF);
SDR 16 TDI (FFFF) TDO (FFFF);
SDR 16 TDI (FFFF) TDO (FFFF);
SDR 16 TDI (FFFF) TDO (77FF);
SDR 16 TDI (FFFF) TDO (5FFF);
SDR 16 TDI (FFFF) TDO (BFFD);
SDR 16 TDI (FFFF) TDO (DDF9);
SDR 16 TDI (FFFF) TDO (BDFF);
SDR 16 TDI (FFFF) TDO (FFFF);
SDR 16 TDI (FFFF) TDO (FEFE);
SDR 16 TDI (FFFF) TDO (FBFF);
SDR 16 TDI (FFFF) TDO (7FFF);
SDR 16 TDI (FFFF) TDO (FFFF);
SDR 16 TDI (FFFF) TDO (FFFF);
SDR 16 TDI (FFFF) TDO (FFFF);
SDR 16 TDI (FFFF) TDO (BFFF);
SDR 16 TDI (FFFF) TDO (FFFF);
SDR 16 TDI (FFFF) TDO (7FFF);
SDR 16 TDI (FFFF) TDO (FBF7);
SDR 16 TDI (FFFF) TDO (7FFF);
SDR 16 TDI (FFFF) TDO (FFFF);
SDR 16 TDI (FFFF) TDO (FDFF);
SDR 16 TDI (FFFF) TDO (EFFE);
SDR 16 TDI (FFFF) TDO (BFFF);
SDR 16 TDI (FFFF) TDO (FA7F);
SDR 16 TDI (FFFF) TDO (FEFF);
SDR 16 TDI (FFFF) TDO (FFDF);
SDR 16 TDI (FFFF) TDO (7F7B);
SDR 16 TDI (FFFF) TDO (BEF7);
SDR 16 TDI (FFFF) TDO (7FFF);
SDR 16 TDI (FFFF) TDO (EDEB);
SDR 16 TDI (FFFF) TDO (BFFF);
SDR 16 TDI (FFFF) TDO (FFFF);
SDR 16 TDI (FFFF) TDO (FBFF);
SDR 16 TDI (FFFF) TDO (F7FF);
SDR 16 TDI (FFFF) TDO (6FFF);
SDR 16 TDI (FFFF) TDO (FDFF);
SDR 16 TDI (FFFF) TDO (FFFF);
SDR 16 TDI (FFFF) TDO (FFFF);
SDR 16 TDI (FFFF) TDO (BFFF);
SDR 16 TDI (FFFF) TDO (FFFF);
SDR 16 TDI (FFFF) TDO (FFFB);
SDR 16 TDI (FFFF) TDO (FFFF);
SDR 16 TDI (FFFF) TDO (7FEF);
SDR 16 TDI (FFFF) TDO (FFFF);
SDR 16 TDI (FFFF) TDO (FFFF);
SDR 16 TDI (FFFF) TDO (FDBF);
SDR 16 TDI (FFFF) TDO (BFEB);
SDR 16 TDI (FFFF) TDO (FFFB);
SDR 16 TDI (FFFF) TDO (FFFF);
SDR 16 TDI (FFFF) TDO (FFFF);
SDR 16 TDI (FFFF) TDO (6FFE);
SDR 16 TDI (FFFF) TDO (FFFF);
SDR 16 TDI (FFFF) TDO (BFDC);
SDR 16 TDI (FFFF) TDO (BFFE);
SDR 16 TDI (FFFF) TDO (B4FE);
SDR 16 TDI (FFFF) TDO (F7FF);
SDR 16 TDI (FFFF) TDO (7EFB);
SDR 16 TDI (FFFF) TDO (7DFF);
SDR 16 TDI (FFFF) TDO (7FFF);
SDR 16 TDI (FFFF) TDO (7FFF);
SDR 16 TDI (FFFF) TDO (FFFF);
SDR 16 TDI (FFFF) TDO (FFFF);
SDR 16 TDI (FFFF) TDO (BFFF);
SDR 16 TDI (FFFF) TDO (FFFF);
SDR 16 TDI (FFFF) TDO (FFFF);
SDR 16 TDI (FFFF) TDO (FFFF);
SDR 16 TDI (FFFF) TDO (7FFF);
SDR 16 TDI (FFFF) TDO (FFFF);
SDR 16 TDI (FFFF) TDO (FFFF);
SDR 16 TDI (FFFF) TDO (FFFF);
SDR 16 TDI (FFFF) TDO (BFFF);
SDR 16 TDI (FFFF) TDO (FFFD);
SDR 16 TDI (FFFF) TDO (FFBF);
SDR 16 TDI (FFFF) TDO (FFFF);
SDR 16 TDI (FFFF) TDO (7DFF);
SDR 16 TDI (FFFF) TDO (FFFF);
SDR 16 TDI (FFFF) TDO (FFFF);
SDR 16 TDI (FFFF) TDO (EBFB);
SDR 16 TDI (FFFF) TDO (BFF7);
SDR 16 TDI (FFFF) TDO (FFFF);
SDR 16 TDI (FFFF) TDO (FFFF);
SDR 16 TDI (FFFF) TDO (FFFF);
SDR 16 TDI (FFFF) TDO (7FFF);
SDR 16 TDI (FFFF) TDO (FFFF);
SDR 16 TDI (FFFF) TDO (FFFF);
SDR 16 TDI (FFFF) TDO (FFFF);
SDR 16 TDI (FFFF) TDO (BFFF);
SDR 16 TDI (FFFF) TDO (FFFF);
SDR 16 TDI (FFFF) TDO (FFFF);
SDR 16 TDI (FFFF) TDO (FFFF);
SDR 16 TDI (FFFF) TDO (7FFF);
SDR 16 TDI (FFFF) TDO (FFFF);
SDR 16 TDI (FFFF) TDO (FFFF);
SDR 16 TDI (FFFF) TDO (FFFF);
SDR 16 TDI (FFFF) TDO (BFDF);
SDR 16 TDI (FFFF) TDO (FFFF);
SDR 16 TDI (FFFF) TDO (FEFF);
SDR 16 TDI (FFFF) TDO (FF7F);
SDR 16 TDI (FFFF) TDO (7FFD);
SDR 16 TDI (FFFF) TDO (FFFF);
SDR 16 TDI (FFFF) TDO (FFBF);
SDR 16 TDI (FFFF) TDO (FFFF);
SDR 16 TDI (FFFF) TDO (B7FB);
SDR 16 TDI (FFFF) TDO (FFEE);
SDR 16 TDI (FFFF) TDO (FFFF);
SDR 16 TDI (FFFF) TDO (BFFF);
SDR 16 TDI (FFFF) TDO (7FF7);
SDR 16 TDI (FFFF) TDO (FFFF);
SDR 16 TDI (FFFF) TDO (FFFF);
SDR 16 TDI (FFFF) TDO (FFFF);
SDR 16 TDI (FFFF) TDO (BFFF);
SDR 16 TDI (FFFF) TDO (FFFF);
SDR 16 TDI (FFFF) TDO (FFFF);
SDR 16 TDI (FFFF) TDO (FFFF);
SDR 16 TDI (FFFF) TDO (7FFF);
SDR 16 TDI (FFFF) TDO (FFFF);
SDR 16 TDI (FFFF) TDO (FFFF);
SDR 16 TDI (FFFF) TDO (FFFF);
SDR 16 TDI (FFFF) TDO (BFFF);
SDR 16 TDI (FFFF) TDO (FFFF);
SDR 16 TDI (FFFF) TDO (FF7F);
SDR 16 TDI (FFFF) TDO (FF7F);
SDR 16 TDI (FFFF) TDO (7FFF);
SDR 16 TDI (FFFF) TDO (FFFF);
SDR 16 TDI (FFFF) TDO (FFBF);
SDR 16 TDI (FFFF) TDO (F7FF);
SDR 16 TDI (FFFF) TDO (BFEB);
SDR 16 TDI (FFFF) TDO (FFEF);
SDR 16 TDI (FFFF) TDO (FBFF);
SDR 16 TDI (FFFF) TDO (FFFF);
SDR 16 TDI (FFFF) TDO (7FFF);
SDR 16 TDI (FFFF) TDO (FFFF);
SDR 16 TDI (FFFF) TDO (FFFF);
SDR 16 TDI (FFFF) TDO (FFFF);
SDR 16 TDI (FFFF) TDO (BFFF);
SDR 16 TDI (FFFF) TDO (FFFF);
SDR 16 TDI (FFFF) TDO (FFFF);
SDR 16 TDI (FFFF) TDO (FFFF);
SDR 16 TDI (FFFF) TDO (7FFF);
SDR 16 TDI (FFFF) TDO (FFFF);
SDR 16 TDI (FFFF) TDO (FFFF);
SDR 16 TDI (FFFF) TDO (FFFF);
SDR 16 TDI (FFFF) TDO (BFFF);
SDR 16 TDI (FFFF) TDO (FFFD);
SDR 16 TDI (FFFF) TDO (FDFF);
SDR 16 TDI (FFFF) TDO (FFFF);
SDR 16 TDI (FFFF) TDO (7DFD);
SDR 16 TDI (FFFF) TDO (FFFF);
SDR 16 TDI (FFFF) TDO (FFFF);
SDR 16 TDI (FFFF) TDO (FDFF);
SDR 16 TDI (FFFF) TDO (AFFF);
SDR 16 TDI (FFFF) TDO (FFFE);
SDR 16 TDI (FFFF) TDO (FFFF);
SDR 16 TDI (FFFF) TDO (BFFF);
SDR 16 TDI (FFFF) TDO (7FFF);
SDR 16 TDI (FFFF) TDO (FFFF);
SDR 16 TDI (FFFF) TDO (FFFF);
SDR 16 TDI (FFFF) TDO (FFFF);
SDR 16 TDI (FFFF) TDO (B55F);
SDR 16 TDI (FFFF) TDO (FFFF);
SDR 16 TDI (FFFF) TDO (FFFF);
SDR 16 TDI (FFFF) TDO (FFFF);
SDR 16 TDI (FFFF) TDO (7FFF);
SDR 16 TDI (FFFF) TDO (FFFF);
SDR 16 TDI (FFFF) TDO (FFFF);
SDR 16 TDI (FFFF) TDO (FFFF);
SDR 16 TDI (FFFF) TDO (BFFF);
SDR 16 TDI (FFFF) TDO (FFFF);
SDR 16 TDI (FFFF) TDO (FFFF);
SDR 16 TDI (FFFF) TDO (FFFF);
SDR 16 TDI (FFFF) TDO (6FFF);
SDR 16 TDI (FFFF) TDO (FFFF);
SDR 16 TDI (FFFF) TDO (FBFF);
SDR 16 TDI (FFFF) TDO (FFFF);
SDR 16 TDI (FFFF) TDO (AEFE);
SDR 16 TDI (FFFF) TDO (EFFF);
SDR 16 TDI (FFFF) TDO (FEBF);
SDR 16 TDI (FFFF) TDO (FFFF);
SDR 16 TDI (FFFF) TDO (7FFF);
SDR 16 TDI (FFFF) TDO (FFFF);
SDR 16 TDI (FFFF) TDO (FBBF);
SDR 16 TDI (FFFF) TDO (FFFF);
SDR 16 TDI (FFFF) TDO (BFFF);
SDR 16 TDI (FFFF) TDO (FFFF);
SDR 16 TDI (FFFF) TDO (FFFF);
SDR 16 TDI (FFFF) TDO (FFFF);
SDR 16 TDI (FFFF) TDO (7FFF);
SDR 16 TDI (FFFF) TDO (FFFF);
SDR 16 TDI (FFFF) TDO (FFFF);
SDR 16 TDI (FFFF) TDO (FFFD);
SDR 16 TDI (FFFF) TDO (BFFF);
SDR 16 TDI (FFFF) TDO (FF77);
SDR 16 TDI (FFFF) TDO (FFBF);
SDR 16 TDI (FFFF) TDO (F7BF);
SDR 16 TDI (FFFF) TDO (7EFE);
SDR 16 TDI (FFFF) TDO (FFFF);
SDR 16 TDI (FFFF) TDO (7FFF);
SDR 16 TDI (FFFF) TDO (FEEF);
SDR 16 TDI (FFFF) TDO (BFBF);
SDR 16 TDI (FFFF) TDO (FF6E);
SDR 16 TDI (FFFF) TDO (DFFF);
SDR 16 TDI (FFFF) TDO (FDDF);
SDR 16 TDI (FFFF) TDO (7BFF);
SDR 16 TDI (FFFF) TDO (FFFF);
SDR 16 TDI (FFFF) TDO (FFFF);
SDR 16 TDI (FFFF) TDO (FFFF);
SDR 16 TDI (FFFF) TDO (A55F);
SDR 16 TDI (FFFF) TDO (FFFF);
SDR 16 TDI (FFFF) TDO (FFFF);
SDR 16 TDI (FFFF) TDO (FFFF);
SDR 16 TDI (FFFF) TDO (7FFF);
SDR 16 TDI (FFFF) TDO (FFFF);
SDR 16 TDI (FFFF) TDO (FFFD);
SDR 16 TDI (FFFF) TDO (FFFF);
SDR 16 TDI (FFFF) TDO (BFFF);
SDR 16 TDI (FFFF) TDO (FFFF);
SDR 16 TDI (FFFF) TDO (FFFF);
SDR 16 TDI (FFFF) TDO (FFFF);
SDR 16 TDI (FFFF) TDO (7FFF);
SDR 16 TDI (FFFF) TDO (7FFF);
SDR 16 TDI (FFFF) TDO (FFAF);
SDR 16 TDI (FFFF) TDO (EFFE);
SDR 16 TDI (FFFF) TDO (BFEF);
SDR 16 TDI (FFFF) TDO (DFFF);
SDR 16 TDI (FFFF) TDO (EFF3);
SDR 16 TDI (FFFF) TDO (FFFD);
SDR 16 TDI (FFFF) TDO (7FFF);
SDR 16 TDI (FFFF) TDO (FFFF);
SDR 16 TDI (FFFF) TDO (FB9F);
SDR 16 TDI (FFFF) TDO (FFFF);
SDR 16 TDI (FFFF) TDO (AAEF);
SDR 16 TDI (FFFF) TDO (FFFF);
SDR 16 TDI (FFFF) TDO (FFFF);
SDR 16 TDI (FFFF) TDO (FFFF);
SDR 16 TDI (FFFF) TDO (7FFF);
SDR 16 TDI (FFFF) TDO (FFFF);
SDR 16 TDI (FFFF) TDO (FFFF);
SDR 16 TDI (FFFF) TDO (FFFF);
SDR 16 TDI (FFFF) TDO (BFFF);
SDR 16 TDI (FFFF) TDO (FFFF);
SDR 16 TDI (FFFF) TDO (FFFF);
SDR 16 TDI (FFFF) TDO (DFF7);
SDR 16 TDI (FFFF) TDO (7FF7);
SDR 16 TDI (FFFF) TDO (FFFF);
SDR 16 TDI (FFFF) TDO (FFFF);
SDR 16 TDI (FFFF) TDO (FFFF);
SDR 16 TDI (FFFF) TDO (BFB7);
SDR 16 TDI (FFFF) TDO (FFFF);
SDR 16 TDI (FFFF) TDO (FFF7);
SDR 16 TDI (FFFF) TDO (FFFF);
SDR 16 TDI (FFFF) TDO (7FFF);
SDR 16 TDI (FFFF) TDO (FFBF);
SDR 16 TDI (FFFF) TDO (FF5F);
SDR 16 TDI (FFFF) TDO (FFFF);
SDR 16 TDI (FFFF) TDO (BFFF);
SDR 16 TDI (FFFF) TDO (FFFF);
SDR 16 TDI (FFFF) TDO (FFFF);
SDR 16 TDI (FFFF) TDO (FFFF);
SDR 16 TDI (FFFF) TDO (7FFF);
SDR 16 TDI (FFFF) TDO (FFFF);
SDR 16 TDI (FFFF) TDO (FFFF);
SDR 16 TDI (FFFF) TDO (DDFF);
SDR 16 TDI (FFFF) TDO (BFFF);
SDR 16 TDI (FFFF) TDO (FFFF);
SDR 16 TDI (FFFF) TDO (FFFF);
SDR 16 TDI (FFFF) TDO (FFFF);
SDR 16 TDI (FFFF) TDO (7FFF);
SDR 16 TDI (FFFF) TDO (F77F);
SDR 16 TDI (FFFF) TDO (FFFF);
SDR 16 TDI (FFFF) TDO (FFFF);
SDR 16 TDI (FFFF) TDO (BFFF);
SDR 16 TDI (FFFF) TDO (FFFF);
SDR 16 TDI (FFFF) TDO (BFBF);
SDR 16 TDI (FFFF) TDO (DFFF);
SDR 16 TDI (FFFF) TDO (7FFF);
SDR 16 TDI (FFFF) TDO (F7F7);
SDR 16 TDI (FFFF) TDO (FFFF);
SDR 16 TDI (FFFF) TDO (FFFF);
SDR 16 TDI (FFFF) TDO (BFFF);
SDR 16 TDI (FFFF) TDO (FFFF);
SDR 16 TDI (FFFF) TDO (FFFF);
SDR 16 TDI (FFFF) TDO (FFFF);
SDR 16 TDI (FFFF) TDO (7FFF);
SDR 16 TDI (FFFF) TDO (FFFF);
SDR 16 TDI (FFFF) TDO (FFFF);
SDR 16 TDI (FFFF) TDO (FFDF);
SDR 16 TDI (FFFF) TDO (BFFF);
SDR 16 TDI (FFFF) TDO (FFFF);
SDR 16 TDI (FFFF) TDO (FFFF);
SDR 16 TDI (FFFF) TDO (7FFF);
SDR 16 TDI (FFFF) TDO (7FFF);
SDR 16 TDI (FFFF) TDO (FFF7);
SDR 16 TDI (FFFF) TDO (FFCB);
SDR 16 TDI (FFFF) TDO (FFFF);
SDR 16 TDI (FFFF) TDO (BBFF);
SDR 16 TDI (FFFF) TDO (FFF6);
SDR 16 TDI (FFFF) TDO (FF7D);
SDR 16 TDI (FFFF) TDO (FFFF);
SDR 16 TDI (FFFF) TDO (7F77);
SDR 16 TDI (FFFF) TDO (FFFF);
SDR 16 TDI (FFFF) TDO (FFFF);
SDR 16 TDI (FFFF) TDO (FFFF);
SDR 16 TDI (FFFF) TDO (BFFF);
SDR 16 TDI (FFFF) TDO (FFFF);
SDR 16 TDI (FFFF) TDO (FFFF);
SDR 16 TDI (FFFF) TDO (FFFF);
SDR 16 TDI (FFFF) TDO (7FFF);
SDR 16 TDI (FFFF) TDO (FFFF);
SDR 16 TDI (FFFF) TDO (FFFF);
SDR 16 TDI (FFFF) TDO (FFFB);
SDR 16 TDI (FFFF) TDO (BFFF);
SDR 16 TDI (FFFF) TDO (FFFF);
SDR 16 TDI (FFFF) TDO (FF7F);
SDR 16 TDI (FFFF) TDO (B7F7);
SDR 16 TDI (FFFF) TDO (77EF);
SDR 16 TDI (FFFF) TDO (FFFE);
SDR 16 TDI (FFFF) TDO (FB8B);
SDR 16 TDI (FFFF) TDO (EFFE);
SDR 16 TDI (FFFF) TDO (AAC6);
SDR 16 TDI (FFFF) TDO (CEFE);
SDR 16 TDI (FFFF) TDO (FFF5);
SDR 16 TDI (FFFF) TDO (FFBF);
SDR 16 TDI (FFFF) TDO (7FFF);
SDR 16 TDI (FFFF) TDO (FFF7);
SDR 16 TDI (FFFF) TDO (FFFF);
SDR 16 TDI (FFFF) TDO (FFFF);
SDR 16 TDI (FFFF) TDO (BAFF);
SDR 16 TDI (FFFF) TDO (FFFF);
SDR 16 TDI (FFFF) TDO (FFFF);
SDR 16 TDI (FFFF) TDO (FFFF);
SDR 16 TDI (FFFF) TDO (7FFF);
SDR 16 TDI (FFFF) TDO (FFFF);
SDR 16 TDI (FFFF) TDO (FFFD);
SDR 16 TDI (FFFF) TDO (FDBF);
SDR 16 TDI (FFFF) TDO (BFFF);
SDR 16 TDI (FFFF) TDO (FFFB);
SDR 16 TDI (FFFF) TDO (FFFF);
SDR 16 TDI (FFFF) TDO (EFBF);
SDR 16 TDI (FFFF) TDO (7F7E);
SDR 16 TDI (FFFF) TDO (7F6F);
SDR 16 TDI (FFFF) TDO (FFFF);
SDR 16 TDI (FFFF) TDO (FFF7);
SDR 16 TDI (FFFF) TDO (BFFF);
SDR 16 TDI (FFFF) TDO (FFFF);
SDR 16 TDI (FFFF) TDO (DE3B);
SDR 16 TDI (FFFF) TDO (FBFF);
SDR 16 TDI (FFFF) TDO (7FB7);
SDR 16 TDI (FFFF) TDO (F7FF);
SDR 16 TDI (FFFF) TDO (FDFF);
SDR 16 TDI (FFFF) TDO (FFFF);
SDR 16 TDI (FFFF) TDO (BFFF);
SDR 16 TDI (FFFF) TDO (FFFF);
SDR 16 TDI (FFFF) TDO (FFFF);
SDR 16 TDI (FFFF) TDO (FFFF);
SDR 16 TDI (FFFF) TDO (7FFF);
SDR 16 TDI (FFFF) TDO (FFFF);
SDR 16 TDI (FFFF) TDO (FFFF);
SDR 16 TDI (FFFF) TDO (DFFF);
SDR 16 TDI (FFFF) TDO (BFFF);
SDR 16 TDI (FFFF) TDO (FFBF);
SDR 16 TDI (FFFF) TDO (FFFF);
SDR 16 TDI (FFFF) TDO (FFFF);
SDR 16 TDI (FFFF) TDO (7FFF);
SDR 16 TDI (FFFF) TDO (F7FF);
SDR 16 TDI (FFFF) TDO (FFF7);
SDR 16 TDI (FFFF) TDO (FF7F);
SDR 16 TDI (FFFF) TDO (BFBF);
SDR 16 TDI (FFFF) TDO (FFE7);
SDR 16 TDI (FFFF) TDO (37CF);
SDR 16 TDI (FFFF) TDO (DFFB);
SDR 16 TDI (FFFF) TDO (77FF);
SDR 16 TDI (FFFF) TDO (FF7F);
SDR 16 TDI (FFFF) TDO (FFFF);
SDR 16 TDI (FFFF) TDO (FFFF);
SDR 16 TDI (FFFF) TDO (A55F);
SDR 16 TDI (FFFF) TDO (FFFF);
SDR 16 TDI (FFFF) TDO (FEFF);
SDR 16 TDI (FFFF) TDO (FFFF);
SDR 16 TDI (FFFF) TDO (7FFF);
SDR 16 TDI (FFFF) TDO (FF7F);
SDR 16 TDI (FFFF) TDO (FFFD);
SDR 16 TDI (FFFF) TDO (3D1E);
SDR 16 TDI (FFFF) TDO (AFBF);
SDR 16 TDI (FFFF) TDO (FFF3);
SDR 16 TDI (FFFF) TDO (FC3F);
SDR 16 TDI (FFFF) TDO (3E03);
SDR 16 TDI (FFFF) TDO (6006);
SDR 16 TDI (FFFF) TDO (B4FE);
SDR 16 TDI (FFFF) TDO (1F2E);
SDR 16 TDI (FFFF) TDO (2E7D);
SDR 16 TDI (FFFF) TDO (AF87);
SDR 16 TDI (FFFF) TDO (87C0);
SDR 16 TDI (FFFF) TDO (1E03);
SDR 16 TDI (FFFF) TDO (8000);
SDR 16 TDI (FFFF) TDO (63E3);
SDR 16 TDI (FFFF) TDO (F333);
SDR 16 TDI (FFFF) TDO (EA5F);
SDR 16 TDI (FFFF) TDO (FFFF);
SDR 16 TDI (FFFF) TDO (AFFF);
SDR 16 TDI (FFFF) TDO (FFFF);
SDR 16 TDI (FFFF) TDO (FDFF);
SDR 16 TDI (FFFF) TDO (FFFF);
SDR 16 TDI (FFFF) TDO (7FFF);
SDR 16 TDI (FFFF) TDO (FEFF);
SDR 16 TDI (FFFF) TDO (FFFD);
SDR 16 TDI (FFFF) TDO (3D79);
SDR 16 TDI (FFFF) TDO (BF7F);
SDR 16 TDI (FFFF) TDO (FC3F);
SDR 16 TDI (FFFF) TDO (FC3F);
SDR 16 TDI (FFFF) TDO (3F03);
SDR 16 TDI (FFFF) TDO (6007);
SDR 16 TDI (FFFF) TDO (74E1);
SDR 16 TDI (FFFF) TDO (9FBE);
SDR 16 TDI (FFFF) TDO (2F85);
SDR 16 TDI (FFFF) TDO (A807);
SDR 16 TDI (FFFF) TDO (87E0);
SDR 16 TDI (FFFF) TDO (7E01);
SDR 16 TDI (FFFF) TDO (8000);
SDR 16 TDI (FFFF) TDO (6373);
SDR 16 TDI (FFFF) TDO (F333);
SDR 16 TDI (FFFF) TDO (FF9F);
SDR 16 TDI (FFFF) TDO (FFFF);
SDR 16 TDI (FFFF) TDO (B55F);
SDR 16 TDI (FFFF) TDO (FFFF);
SDR 16 TDI (FFFF) TDO (FFFF);
SDR 16 TDI (FFFF) TDO (FFFF);
SDR 16 TDI (FFFF) TDO (7FFF);
SDR 16 TDI (FFFF) TDO (FFFF);
SDR 16 TDI (FFFF) TDO (FFFA);
SDR 16 TDI (FFFF) TDO (5261);
SDR 16 TDI (FFFF) TDO (BFFF);
SDR 16 TDI (FFFF) TDO (FC0F);
SDR 16 TDI (FFFF) TDO (FC3F);
SDR 16 TDI (FFFF) TDO (3F03);
SDR 16 TDI (FFFF) TDO (6006);
SDR 16 TDI (FFFF) TDO (C941);
SDR 16 TDI (FFFF) TDO (FFC9);
SDR 16 TDI (FFFF) TDO (9184);
SDR 16 TDI (FFFF) TDO (A040);
SDR 16 TDI (FFFF) TDO (37F9);
SDR 16 TDI (FFFF) TDO (2021);
SDR 16 TDI (FFFF) TDO (8000);
SDR 16 TDI (FFFF) TDO (63F3);
SDR 16 TDI (FFFF) TDO (F333);
SDR 16 TDI (FFFF) TDO (EAFF);
SDR 16 TDI (FFFF) TDO (FFFF);
SDR 16 TDI (FFFF) TDO (BFFF);
SDR 16 TDI (FFFF) TDO (FFFF);
SDR 16 TDI (FFFF) TDO (FFFF);
SDR 16 TDI (FFFF) TDO (FFFF);
SDR 16 TDI (FFFF) TDO (7FFF);
SDR 16 TDI (FFFF) TDO (FFFF);
SDR 16 TDI (FFFF) TDO (FFFA);
SDR 16 TDI (FFFF) TDO (521F);
SDR 16 TDI (FFFF) TDO (BFFF);
SDR 16 TDI (FFFF) TDO (FFF3);
SDR 16 TDI (FFFF) TDO (FC3F);
SDR 16 TDI (FFFF) TDO (3F03);
SDR 16 TDI (FFFF) TDO (6007);
SDR 16 TDI (FFFF) TDO (6958);
SDR 16 TDI (FFFF) TDO (1F91);
SDR 16 TDI (FFFF) TDO (961C);
SDR 16 TDI (FFFF) TDO (A000);
SDR 16 TDI (FFFF) TDO (37F8);
SDR 16 TDI (FFFF) TDO (6001);
SDR 16 TDI (FFFF) TDO (8000);
SDR 16 TDI (FFFF) TDO (63F3);
SDR 16 TDI (FFFF) TDO (F333);
SDR 16 TDI (FFFF) TDO (FEFF);
SDR 16 TDI (FFFF) TDO (FFFF);
SDR 16 TDI (FFFF) TDO (BFFF);
SDR 16 TDI (FFFF) TDO (3333);
SDR 16 TDI (FFFF) TDO (1F33);
SDR 16 TDI (FFFF) TDO (333C);
SDR 16 TDI (FFFF) TDO (7999);
SDR 16 TDI (FFFF) TDO (8F99);
SDR 16 TDI (FFFF) TDO (999F);
SDR 16 TDI (FFFF) TDO (7777);
SDR 16 TDI (FFFF) TDO (A7CC);
SDR 16 TDI (FFFF) TDO (CDDF);
SDR 16 TDI (FFFF) TDO (33B3);
SDR 16 TDI (FFFF) TDO (3F77);
SDR 16 TDI (FFFF) TDO (6EE7);
SDR 16 TDI (FFFF) TDO (9999);
SDR 16 TDI (FFFF) TDO (8FB1);
SDR 16 TDI (FFFF) TDO (999F);
SDR 16 TDI (FFFF) TDO (A666);
SDR 16 TDI (FFFF) TDO (43EE);
SDR 16 TDI (FFFF) TDO (6663);
SDR 16 TDI (FFFF) TDO (DDDD);
SDR 16 TDI (FFFF) TDO (79F7);
SDR 16 TDI (FFFF) TDO (3777);
SDR 16 TDI (FFFF) TDO (FFFF);
SDR 16 TDI (FFFF) TDO (FFFF);
SDR 16 TDI (FFFF) TDO (BFFF);
SDR 16 TDI (FFFF) TDO (7777);
SDR 16 TDI (FFFF) TDO (4ABB);
SDR 16 TDI (FFFF) TDO (BBBD);
SDR 16 TDI (FFFF) TDO (7BBB);
SDR 16 TDI (FFFF) TDO (A55D);
SDR 16 TDI (FFFF) TDO (DDDA);
SDR 16 TDI (FFFF) TDO (2222);
SDR 16 TDI (FFFF) TDO (A2AE);
SDR 16 TDI (FFFF) TDO (EC8B);
SDR 16 TDI (FFFF) TDO (7737);
SDR 16 TDI (FFFF) TDO (2A33);
SDR 16 TDI (FFFF) TDO (6667);
SDR 16 TDI (FFFF) TDO (8888);
SDR 16 TDI (FFFF) TDO (9509);
SDR 16 TDI (FFFF) TDO (1116);
SDR 16 TDI (FFFF) TDO (AEEE);
SDR 16 TDI (FFFF) TDO (6946);
SDR 16 TDI (FFFF) TDO (6773);
SDR 16 TDI (FFFF) TDO (9999);
SDR 16 TDI (FFFF) TDO (72A3);
SDR 16 TDI (FFFF) TDO (B333);
SDR 16 TDI (FFFF) TDO (FFFF);
SDR 16 TDI (FFFF) TDO (FFFF);
SDR 16 TDI (FFFF) TDO (BFFF);
SDR 16 TDI (FFFF) TDO (FFFF);
SDR 16 TDI (FFFF) TDO (FEFF);
SDR 16 TDI (FFFF) TDO (FFFF);
SDR 16 TDI (FFFF) TDO (7FFF);
SDR 16 TDI (FFFF) TDO (FF7F);
SDR 16 TDI (FFFF) TDO (FFFF);
SDR 16 TDI (FFFF) TDO (FFFF);
SDR 16 TDI (FFFF) TDO (BFBF);
SDR 16 TDI (FFFF) TDO (FFFF);
SDR 16 TDI (FFFF) TDO (FDFF);
SDR 16 TDI (FFFF) TDO (FEEF);
SDR 16 TDI (FFFF) TDO (7DDF);
SDR 16 TDI (FFFF) TDO (FFFF);
SDR 16 TDI (FFFF) TDO (FF77);
SDR 16 TDI (FFFF) TDO (FFFF);
SDR 16 TDI (FFFF) TDO (B777);
SDR 16 TDI (FFFF) TDO (F7DF);
SDR 16 TDI (FFFF) TDO (FEFF);
SDR 16 TDI (FFFF) TDO (EEEE);
SDR 16 TDI (FFFF) TDO (7FEF);
SDR 16 TDI (FFFF) TDO (FFFF);
SDR 16 TDI (FFFF) TDO (FDFF);
SDR 16 TDI (FFFF) TDO (FFFF);
SDR 16 TDI (FFFF) TDO (BFFF);
SDR 16 TDI (FFFF) TDO (FFFF);
SDR 16 TDI (FFFF) TDO (FFFF);
SDR 16 TDI (FFFF) TDO (FFFF);
SDR 16 TDI (FFFF) TDO (7FFF);
SDR 16 TDI (FFFF) TDO (FFFF);
SDR 16 TDI (FFFF) TDO (FFF7);
SDR 16 TDI (FFFF) TDO (FFBF);
SDR 16 TDI (FFFF) TDO (BFFF);
SDR 16 TDI (FFFF) TDO (FB7D);
SDR 16 TDI (FFFF) TDO (FFFD);
SDR 16 TDI (FFFF) TDO (FFFB);
SDR 16 TDI (FFFF) TDO (7FFF);
SDR 16 TDI (FFFF) TDO (F6EF);
SDR 16 TDI (FFFF) TDO (FFEF);
SDR 16 TDI (FFFF) TDO (5FFF);
SDR 16 TDI (FFFF) TDO (AF6D);
SDR 16 TDI (FFFF) TDO (FFFF);
SDR 16 TDI (FFFF) TDO (FFFF);
SDR 16 TDI (FFFF) TDO (FFFF);
SDR 16 TDI (FFFF) TDO (77FF);
SDR 16 TDI (FFFF) TDO (FFFF);
SDR 16 TDI (FFFF) TDO (FFFF);
SDR 16 TDI (FFFF) TDO (FFFF);
SDR 16 TDI (FFFF) TDO (BFFF);
SDR 16 TDI (FFFF) TDO (FFFF);
SDR 16 TDI (FFFF) TDO (FFFF);
SDR 16 TDI (FFFF) TDO (FFFF);
SDR 16 TDI (FFFF) TDO (7FFF);
SDR 16 TDI (FFFF) TDO (FFFF);
SDR 16 TDI (FFFF) TDO (FFFF);
SDR 16 TDI (FFFF) TDO (FBFB);
SDR 16 TDI (FFFF) TDO (BFFF);
SDR 16 TDI (FFFF) TDO (7FFF);
SDR 16 TDI (FFFF) TDO (FFFF);
SDR 16 TDI (FFFF) TDO (FFFF);
SDR 16 TDI (FFFF) TDO (77FF);
SDR 16 TDI (FFFF) TDO (BFFF);
SDR 16 TDI (FFFF) TDO (FFFF);
SDR 16 TDI (FFFF) TDO (F7FF);
SDR 16 TDI (FFFF) TDO (BFFF);
SDR 16 TDI (FFFF) TDO (AFFF);
SDR 16 TDI (FFFF) TDO (5F7F);
SDR 16 TDI (FFFF) TDO (FEFF);
SDR 16 TDI (FFFF) TDO (7FFF);
SDR 16 TDI (FFFF) TDO (FFFF);
SDR 16 TDI (FFFF) TDO (FFFF);
SDR 16 TDI (FFFF) TDO (FFFF);
SDR 16 TDI (FFFF) TDO (AFFF);
SDR 16 TDI (FFFF) TDO (FFFF);
SDR 16 TDI (FFFF) TDO (FFFF);
SDR 16 TDI (FFFF) TDO (FFFF);
SDR 16 TDI (FFFF) TDO (7FFF);
SDR 16 TDI (FFFF) TDO (FFFF);
SDR 16 TDI (FFFF) TDO (FFF7);
SDR 16 TDI (FFFF) TDO (FBBD);
SDR 16 TDI (FFFF) TDO (BFFF);
SDR 16 TDI (FFFF) TDO (F77F);
SDR 16 TDI (FFFF) TDO (FFFF);
SDR 16 TDI (FFFF) TDO (FFFF);
SDR 16 TDI (FFFF) TDO (7FFF);
SDR 16 TDI (FFFF) TDO (BFFF);
SDR 16 TDI (FFFF) TDO (FFFE);
SDR 16 TDI (FFFF) TDO (CFFF);
SDR 16 TDI (FFFF) TDO (B77F);
SDR 16 TDI (FFFF) TDO (D7FF);
SDR 16 TDI (FFFF) TDO (FF7F);
SDR 16 TDI (FFFF) TDO (FFFF);
SDR 16 TDI (FFFF) TDO (7FFF);
SDR 16 TDI (FFFF) TDO (FFFF);
SDR 16 TDI (FFFF) TDO (FFDF);
SDR 16 TDI (FFFF) TDO (FFFF);
SDR 16 TDI (FFFF) TDO (AFFF);
SDR 16 TDI (FFFF) TDO (FFFF);
SDR 16 TDI (FFFF) TDO (FFFF);
SDR 16 TDI (FFFF) TDO (FFFF);
SDR 16 TDI (FFFF) TDO (7FFF);
SDR 16 TDI (FFFF) TDO (FFFF);
SDR 16 TDI (FFFF) TDO (FFFF);
SDR 16 TDI (FFFF) TDO (FFFF);
SDR 16 TDI (FFFF) TDO (BFFF);
SDR 16 TDI (FFFF) TDO (FFFE);
SDR 16 TDI (FFFF) TDO (FFFE);
SDR 16 TDI (FFFF) TDO (FFFB);
SDR 16 TDI (FFFF) TDO (77FF);
SDR 16 TDI (FFFF) TDO (F777);
SDR 16 TDI (FFFF) TDO (FFF7);
SDR 16 TDI (FFFF) TDO (FFFF);
SDR 16 TDI (FFFF) TDO (BFF3);
SDR 16 TDI (FFFF) TDO (FFFF);
SDR 16 TDI (FFFF) TDO (5FFF);
SDR 16 TDI (FFFF) TDO (FEFF);
SDR 16 TDI (FFFF) TDO (77FF);
SDR 16 TDI (FFFF) TDO (FFFF);
SDR 16 TDI (FFFF) TDO (FFDF);
SDR 16 TDI (FFFF) TDO (FFFF);
SDR 16 TDI (FFFF) TDO (BFFF);
SDR 16 TDI (FFFF) TDO (FFFF);
SDR 16 TDI (FFFF) TDO (FFFF);
SDR 16 TDI (FFFF) TDO (FFFF);
SDR 16 TDI (FFFF) TDO (7BF7);
SDR 16 TDI (FFFF) TDO (BFBF);
SDR 16 TDI (FFFF) TDO (FFF6);
SDR 16 TDI (FFFF) TDO (EFFF);
SDR 16 TDI (FFFF) TDO (BFFF);
SDR 16 TDI (FFFF) TDO (6FFB);
SDR 16 TDI (FFFF) TDO (F6FF);
SDR 16 TDI (FFFF) TDO (FF7F);
SDR 16 TDI (FFFF) TDO (77FD);
SDR 16 TDI (FFFF) TDO (EDFF);
SDR 16 TDI (FFFF) TDO (7FBE);
SDR 16 TDI (FFFF) TDO (F77F);
SDR 16 TDI (FFFF) TDO (BF7F);
SDR 16 TDI (FFFF) TDO (FFFF);
SDR 16 TDI (FFFF) TDO (FFFD);
SDR 16 TDI (FFFF) TDO (EDFF);
SDR 16 TDI (FFFF) TDO (77FF);
SDR 16 TDI (FFFF) TDO (FEFF);
SDR 16 TDI (FFFF) TDO (D77F);
SDR 16 TDI (FFFF) TDO (FFFF);
SDR 16 TDI (FFFF) TDO (BFFF);
SDR 16 TDI (FFFF) TDO (FFFF);
SDR 16 TDI (FFFF) TDO (FFFF);
SDR 16 TDI (FFFF) TDO (FFFF);
SDR 16 TDI (FFFF) TDO (7FFB);
SDR 16 TDI (FFFF) TDO (FFEF);
SDR 16 TDI (FFFF) TDO (FFFF);
SDR 16 TDI (FFFF) TDO (FFFE);
SDR 16 TDI (FFFF) TDO (BFDF);
SDR 16 TDI (FFFF) TDO (FDFF);
SDR 16 TDI (FFFF) TDO (FFEF);
SDR 16 TDI (FFFF) TDO (FFFD);
SDR 16 TDI (FFFF) TDO (7FFE);
SDR 16 TDI (FFFF) TDO (FEFF);
SDR 16 TDI (FFFF) TDO (FFEF);
SDR 16 TDI (FFFF) TDO (DFE9);
SDR 16 TDI (FFFF) TDO (AFFF);
SDR 16 TDI (FFFF) TDO (FFF6);
SDR 16 TDI (FFFF) TDO (FF7E);
SDR 16 TDI (FFFF) TDO (FFFF);
SDR 16 TDI (FFFF) TDO (7FFF);
SDR 16 TDI (FFFF) TDO (FFFF);
SDR 16 TDI (FFFF) TDO (FFFF);
SDR 16 TDI (FFFF) TDO (FFFF);
SDR 16 TDI (FFFF) TDO (BFFF);
SDR 16 TDI (FFFF) TDO (FFFF);
SDR 16 TDI (FFFF) TDO (FFFF);
SDR 16 TDI (FFFF) TDO (FFFF);
SDR 16 TDI (FFFF) TDO (7FEF);
SDR 16 TDI (FFFF) TDO (BFDF);
SDR 16 TDI (FFFF) TDO (FFFF);
SDR 16 TDI (FFFF) TDO (CDFF);
SDR 16 TDI (FFFF) TDO (BFF7);
SDR 16 TDI (FFFF) TDO (FEFF);
SDR 16 TDI (FFFF) TDO (FDFF);
SDR 16 TDI (FFFF) TDO (BFB7);
SDR 16 TDI (FFFF) TDO (7EFF);
SDR 16 TDI (FFFF) TDO (DBDD);
SDR 16 TDI (FFFF) TDO (FFDB);
SDR 16 TDI (FFFF) TDO (FBBB);
SDR 16 TDI (FFFF) TDO (BEFF);
SDR 16 TDI (FFFF) TDO (77FF);
SDR 16 TDI (FFFF) TDO (3BEC);
SDR 16 TDI (FFFF) TDO (FBFD);
SDR 16 TDI (FFFF) TDO (7FF7);
SDR 16 TDI (FFFF) TDO (FF77);
SDR 16 TDI (FFFF) TDO (FFFF);
SDR 16 TDI (FFFF) TDO (FFFF);
SDR 16 TDI (FFFF) TDO (BFFF);
SDR 16 TDI (FFFF) TDO (FFFF);
SDR 16 TDI (FFFF) TDO (FFFF);
SDR 16 TDI (FFFF) TDO (FFFF);
SDR 16 TDI (FFFF) TDO (7DFB);
SDR 16 TDI (FFFF) TDO (FFF7);
SDR 16 TDI (FFFF) TDO (FFEF);
SDR 16 TDI (FFFF) TDO (7FFE);
SDR 16 TDI (FFFF) TDO (BFEF);
SDR 16 TDI (FFFF) TDO (5FFB);
SDR 16 TDI (FFFF) TDO (F7DF);
SDR 16 TDI (FFFF) TDO (FFFE);
SDR 16 TDI (FFFF) TDO (77FD);
SDR 16 TDI (FFFF) TDO (6EFF);
SDR 16 TDI (FFFF) TDO (7FEF);
SDR 16 TDI (FFFF) TDO (36F6);
SDR 16 TDI (FFFF) TDO (AFFF);
SDR 16 TDI (FFFF) TDO (FFEF);
SDR 16 TDI (FFFF) TDO (FEFF);
SDR 16 TDI (FFFF) TDO (F7FF);
SDR 16 TDI (FFFF) TDO (7BFF);
SDR 16 TDI (FFFF) TDO (FEFF);
SDR 16 TDI (FFFF) TDO (FFFF);
SDR 16 TDI (FFFF) TDO (FFFF);
SDR 16 TDI (FFFF) TDO (BFFF);
SDR 16 TDI (FFFF) TDO (FFFF);
SDR 16 TDI (FFFF) TDO (FFFF);
SDR 16 TDI (FFFF) TDO (FFFB);
SDR 16 TDI (FFFF) TDO (7FFF);
SDR 16 TDI (FFFF) TDO (FFFF);
SDR 16 TDI (FFFF) TDO (FFFF);
SDR 16 TDI (FFFF) TDO (FEFF);
SDR 16 TDI (FFFF) TDO (BFFF);
SDR 16 TDI (FFFF) TDO (EFDB);
SDR 16 TDI (FFFF) TDO (EFBF);
SDR 16 TDI (FFFF) TDO (FFFF);
SDR 16 TDI (FFFF) TDO (7EFF);
SDR 16 TDI (FFFF) TDO (FCDF);
SDR 16 TDI (FFFF) TDO (FFFD);
SDR 16 TDI (FFFF) TDO (FFFB);
SDR 16 TDI (FFFF) TDO (BFFF);
SDR 16 TDI (FFFF) TDO (FFFF);
SDR 16 TDI (FFFF) TDO (FFFF);
SDR 16 TDI (FFFF) TDO (DFFF);
SDR 16 TDI (FFFF) TDO (7FFF);
SDR 16 TDI (FFFF) TDO (FDFF);
SDR 16 TDI (FFFF) TDO (FFFF);
SDR 16 TDI (FFFF) TDO (FFFF);
SDR 16 TDI (FFFF) TDO (BBFF);
SDR 16 TDI (FFFF) TDO (FFFF);
SDR 16 TDI (FFFF) TDO (FFFF);
SDR 16 TDI (FFFF) TDO (FFFF);
SDR 16 TDI (FFFF) TDO (7FFF);
SDR 16 TDI (FFFF) TDO (FFBB);
SDR 16 TDI (FFFF) TDO (FFFD);
SDR 16 TDI (FFFF) TDO (FFF7);
SDR 16 TDI (FFFF) TDO (BFDF);
SDR 16 TDI (FFFF) TDO (FFFF);
SDR 16 TDI (FFFF) TDO (FFDF);
SDR 16 TDI (FFFF) TDO (FF7A);
SDR 16 TDI (FFFF) TDO (7FD7);
SDR 16 TDI (FFFF) TDO (F7F7);
SDR 16 TDI (FFFF) TDO (FFBE);
SDR 16 TDI (FFFF) TDO (F7EF);
SDR 16 TDI (FFFF) TDO (BFFF);
SDR 16 TDI (FFFF) TDO (FFEF);
SDR 16 TDI (FFFF) TDO (FBFE);
SDR 16 TDI (FFFF) TDO (FFFB);
SDR 16 TDI (FFFF) TDO (7FF7);
SDR 16 TDI (FFFF) TDO (FFFB);
SDR 16 TDI (FFFF) TDO (FFFF);
SDR 16 TDI (FFFF) TDO (FFFF);
SDR 16 TDI (FFFF) TDO (B7FF);
SDR 16 TDI (FFFF) TDO (FFFF);
SDR 16 TDI (FFFF) TDO (FFFF);
SDR 16 TDI (FFFF) TDO (FFF7);
SDR 16 TDI (FFFF) TDO (7FFF);
SDR 16 TDI (FFFF) TDO (FFBF);
SDR 16 TDI (FFFF) TDO (FFFB);
SDR 16 TDI (FFFF) TDO (FFEF);
SDR 16 TDI (FFFF) TDO (BFDF);
SDR 16 TDI (FFFF) TDO (FFFF);
SDR 16 TDI (FFFF) TDO (DFFF);
SDR 16 TDI (FFFF) TDO (FF7F);
SDR 16 TDI (FFFF) TDO (7FFF);
SDR 16 TDI (FFFF) TDO (EBFF);
SDR 16 TDI (FFFF) TDO (FFBD);
SDR 16 TDI (FFFF) TDO (B7BF);
SDR 16 TDI (FFFF) TDO (BFFF);
SDR 16 TDI (FFFF) TDO (FFEF);
SDR 16 TDI (FFFF) TDO (FFFF);
SDR 16 TDI (FFFF) TDO (BFFB);
SDR 16 TDI (FFFF) TDO (7FFF);
SDR 16 TDI (FFFF) TDO (FFFB);
SDR 16 TDI (FFFF) TDO (FFFF);
SDR 16 TDI (FFFF) TDO (FFFF);
SDR 16 TDI (FFFF) TDO (BFFF);
SDR 16 TDI (FFFF) TDO (FFFF);
SDR 16 TDI (FFFF) TDO (FFFF);
SDR 16 TDI (FFFF) TDO (FFFF);
SDR 16 TDI (FFFF) TDO (7FFF);
SDR 16 TDI (FFFF) TDO (FFFD);
SDR 16 TDI (FFFF) TDO (FFFF);
SDR 16 TDI (FFFF) TDO (FF7F);
SDR 16 TDI (FFFF) TDO (BFFF);
SDR 16 TDI (FFFF) TDO (DFD7);
SDR 16 TDI (FFFF) TDO (FF5F);
SDR 16 TDI (FFFF) TDO (FFF5);
SDR 16 TDI (FFFF) TDO (7EAF);
SDR 16 TDI (FFFF) TDO (FF2F);
SDR 16 TDI (FFFF) TDO (FFFF);
SDR 16 TDI (FFFF) TDO (7FEF);
SDR 16 TDI (FFFF) TDO (BFFF);
SDR 16 TDI (FFFF) TDO (FFFF);
SDR 16 TDI (FFFF) TDO (FBFF);
SDR 16 TDI (FFFF) TDO (7FFF);
SDR 16 TDI (FFFF) TDO (7FFF);
SDR 16 TDI (FFFF) TDO (FDFF);
SDR 16 TDI (FFFF) TDO (FFFF);
SDR 16 TDI (FFFF) TDO (FFFF);
SDR 16 TDI (FFFF) TDO (B77F);
SDR 16 TDI (FFFF) TDO (FFFF);
SDR 16 TDI (FFFF) TDO (FFFF);
SDR 16 TDI (FFFF) TDO (FFFF);
SDR 16 TDI (FFFF) TDO (7FBF);
SDR 16 TDI (FFFF) TDO (FFFF);
SDR 16 TDI (FFFF) TDO (FFDF);
SDR 16 TDI (FFFF) TDO (FFFF);
SDR 16 TDI (FFFF) TDO (BFFF);
SDR 16 TDI (FFFF) TDO (FFFF);
SDR 16 TDI (FFFF) TDO (FFFF);
SDR 16 TDI (FFFF) TDO (FFFF);
SDR 16 TDI (FFFF) TDO (7F3F);
SDR 16 TDI (FFFF) TDO (DFAF);
SDR 16 TDI (FFFF) TDO (DFBD);
SDR 16 TDI (FFFF) TDO (DEDF);
SDR 16 TDI (FFFF) TDO (BFFF);
SDR 16 TDI (FFFF) TDO (FFFF);
SDR 16 TDI (FFFF) TDO (77FF);
SDR 16 TDI (FFFF) TDO (DFFE);
SDR 16 TDI (FFFF) TDO (7F7F);
SDR 16 TDI (FFFF) TDO (FFFF);
SDR 16 TDI (FFFF) TDO (EABF);
SDR 16 TDI (FFFF) TDO (FFFF);
SDR 16 TDI (FFFF) TDO (BFFF);
SDR 16 TDI (FFFF) TDO (FFFF);
SDR 16 TDI (FFFF) TDO (FFFF);
SDR 16 TDI (FFFF) TDO (FFFF);
SDR 16 TDI (FFFF) TDO (7FFF);
SDR 16 TDI (FFFF) TDO (EFFF);
SDR 16 TDI (FFFF) TDO (FFFF);
SDR 16 TDI (FFFF) TDO (FFFF);
SDR 16 TDI (FFFF) TDO (BFEE);
SDR 16 TDI (FFFF) TDO (FFFF);
SDR 16 TDI (FFFF) TDO (FFFF);
SDR 16 TDI (FFFF) TDO (FF9F);
SDR 16 TDI (FFFF) TDO (73FF);
SDR 16 TDI (FFFF) TDO (6AFA);
SDR 16 TDI (FFFF) TDO (FFFF);
SDR 16 TDI (FFFF) TDO (7FF7);
SDR 16 TDI (FFFF) TDO (BFFF);
SDR 16 TDI (FFFF) TDO (FFFF);
SDR 16 TDI (FFFF) TDO (FF77);
SDR 16 TDI (FFFF) TDO (FFFF);
SDR 16 TDI (FFFF) TDO (7FFF);
SDR 16 TDI (FFFF) TDO (6F7F);
SDR 16 TDI (FFFF) TDO (FFFF);
SDR 16 TDI (FFFF) TDO (FFFF);
SDR 16 TDI (FFFF) TDO (B77F);
SDR 16 TDI (FFFF) TDO (FFFF);
SDR 16 TDI (FFFF) TDO (FFFF);
SDR 16 TDI (FFFF) TDO (FFFF);
SDR 16 TDI (FFFF) TDO (7FFF);
SDR 16 TDI (FFFF) TDO (BFFF);
SDR 16 TDI (FFFF) TDO (FFFF);
SDR 16 TDI (FFFF) TDO (FBFF);
SDR 16 TDI (FFFF) TDO (BDFF);
SDR 16 TDI (FFFF) TDO (FFFF);
SDR 16 TDI (FFFF) TDO (FFBF);
SDR 16 TDI (FFFF) TDO (9FFF);
SDR 16 TDI (FFFF) TDO (7FB7);
SDR 16 TDI (FFFF) TDO (FFFF);
SDR 16 TDI (FFFF) TDO (EBEF);
SDR 16 TDI (FFFF) TDO (FCFF);
SDR 16 TDI (FFFF) TDO (BFFF);
SDR 16 TDI (FFFF) TDO (FAFF);
SDR 16 TDI (FFFF) TDO (FFFF);
SDR 16 TDI (FFFF) TDO (FFFF);
SDR 16 TDI (FFFF) TDO (77FF);
SDR 16 TDI (FFFF) TDO (FFEB);
SDR 16 TDI (FFFF) TDO (EABF);
SDR 16 TDI (FFFF) TDO (FFFF);
SDR 16 TDI (FFFF) TDO (BBBF);
SDR 16 TDI (FFFF) TDO (FFFF);
SDR 16 TDI (FFFF) TDO (FFFF);
SDR 16 TDI (FFFF) TDO (FFFF);
SDR 16 TDI (FFFF) TDO (7FFF);
SDR 16 TDI (FFFF) TDO (FBFF);
SDR 16 TDI (FFFF) TDO (FFFB);
SDR 16 TDI (FFFF) TDO (DFFF);
SDR 16 TDI (FFFF) TDO (B7FF);
SDR 16 TDI (FFFF) TDO (FFDF);
SDR 16 TDI (FFFF) TDO (FFFF);
SDR 16 TDI (FFFF) TDO (FBB7);
SDR 16 TDI (FFFF) TDO (7FF7);
SDR 16 TDI (FFFF) TDO (BDFF);
SDR 16 TDI (FFFF) TDO (DFFF);
SDR 16 TDI (FFFF) TDO (DFFF);
SDR 16 TDI (FFFF) TDO (BFFF);
SDR 16 TDI (FFFF) TDO (FFFF);
SDR 16 TDI (FFFF) TDO (FFFF);
SDR 16 TDI (FFFF) TDO (FFFE);
SDR 16 TDI (FFFF) TDO (7BF7);
SDR 16 TDI (FFFF) TDO (EFF6);
SDR 16 TDI (FFFF) TDO (D57F);
SDR 16 TDI (FFFF) TDO (FFFF);
SDR 16 TDI (FFFF) TDO (BFFF);
SDR 16 TDI (FFFF) TDO (FFFF);
SDR 16 TDI (FFFF) TDO (FFFF);
SDR 16 TDI (FFFF) TDO (FFFF);
SDR 16 TDI (FFFF) TDO (7FFF);
SDR 16 TDI (FFFF) TDO (FFFF);
SDR 16 TDI (FFFF) TDO (FFFF);
SDR 16 TDI (FFFF) TDO (FFFE);
SDR 16 TDI (FFFF) TDO (BFFF);
SDR 16 TDI (FFFF) TDO (FFFF);
SDR 16 TDI (FFFF) TDO (FFFF);
SDR 16 TDI (FFFF) TDO (BFFF);
SDR 16 TDI (FFFF) TDO (777A);
SDR 16 TDI (FFFF) TDO (EEEC);
SDR 16 TDI (FFFF) TDO (FFFD);
SDR 16 TDI (FFFF) TDO (6FF7);
SDR 16 TDI (FFFF) TDO (BFFF);
SDR 16 TDI (FFFF) TDO (FFFF);
SDR 16 TDI (FFFF) TDO (FFFF);
SDR 16 TDI (FFFF) TDO (FFFF);
SDR 16 TDI (FFFF) TDO (7FFF);
SDR 16 TDI (FFFF) TDO (FFFF);
SDR 16 TDI (FFFF) TDO (FFFF);
SDR 16 TDI (FFFF) TDO (FFFF);
SDR 16 TDI (FFFF) TDO (BFFF);
SDR 16 TDI (FFFF) TDO (FFFF);
SDR 16 TDI (FFFF) TDO (FFFF);
SDR 16 TDI (FFFF) TDO (FFFF);
SDR 16 TDI (FFFF) TDO (7FFF);
SDR 16 TDI (FFFF) TDO (FFFF);
SDR 16 TDI (FFFF) TDO (FFFF);
SDR 16 TDI (FFFF) TDO (FFDF);
SDR 16 TDI (FFFF) TDO (BFFF);
SDR 16 TDI (FFFF) TDO (FFFF);
SDR 16 TDI (FFFF) TDO (FFFE);
SDR 16 TDI (FFFF) TDO (FFFF);
SDR 16 TDI (FFFF) TDO (7FFD);
SDR 16 TDI (FFFF) TDO (FFBF);
SDR 16 TDI (FFFF) TDO (FFAF);
SDR 16 TDI (FFFF) TDO (F7BF);
SDR 16 TDI (FFFF) TDO (BFEF);
SDR 16 TDI (FFFF) TDO (FFFF);
SDR 16 TDI (FFFF) TDO (FFFF);
SDR 16 TDI (FFFF) TDO (FFFF);
SDR 16 TDI (FFFF) TDO (7FFF);
SDR 16 TDI (FFFF) TDO (BFAD);
SDR 16 TDI (FFFF) TDO (FFFF);
SDR 16 TDI (FFFF) TDO (FFFF);
SDR 16 TDI (FFFF) TDO (BFFF);
SDR 16 TDI (FFFF) TDO (FFFF);
SDR 16 TDI (FFFF) TDO (FFFF);
SDR 16 TDI (FFFF) TDO (FFFF);
SDR 16 TDI (FFFF) TDO (7FBF);
SDR 16 TDI (FFFF) TDO (FFFF);
SDR 16 TDI (FFFF) TDO (FFDD);
SDR 16 TDI (FFFF) TDO (FFBF);
SDR 16 TDI (FFFF) TDO (BFEE);
SDR 16 TDI (FFFF) TDO (FFFF);
SDR 16 TDI (FFFF) TDO (FF7D);
SDR 16 TDI (FFFF) TDO (7B6F);
SDR 16 TDI (FFFF) TDO (6DB0);
SDR 16 TDI (FFFF) TDO (DBEB);
SDR 16 TDI (FFFF) TDO (DBD3);
SDR 16 TDI (FFFF) TDO (FE3F);
SDR 16 TDI (FFFF) TDO (BFF7);
SDR 16 TDI (FFFF) TDO (FEFF);
SDR 16 TDI (FFFF) TDO (FFFF);
SDR 16 TDI (FFFF) TDO (FFFE);
SDR 16 TDI (FFFF) TDO (77FF);
SDR 16 TDI (FFFF) TDO (7FA2);
SDR 16 TDI (FFFF) TDO (FFFF);
SDR 16 TDI (FFFF) TDO (FFFF);
SDR 16 TDI (FFFF) TDO (B6EF);
SDR 16 TDI (FFFF) TDO (FFFF);
SDR 16 TDI (FFFF) TDO (FFFF);
SDR 16 TDI (FFFF) TDO (FFFF);
SDR 16 TDI (FFFF) TDO (7FFF);
SDR 16 TDI (FFFF) TDO (FDFF);
SDR 16 TDI (FFFF) TDO (FFFF);
SDR 16 TDI (FFFF) TDO (FFFF);
SDR 16 TDI (FFFF) TDO (ABFF);
SDR 16 TDI (FFFF) TDO (FFDF);
SDR 16 TDI (FFFF) TDO (FFFF);
SDR 16 TDI (FFFF) TDO (9FF7);
SDR 16 TDI (FFFF) TDO (7F5F);
SDR 16 TDI (FFFF) TDO (3577);
SDR 16 TDI (FFFF) TDO (2FAC);
SDR 16 TDI (FFFF) TDO (EFC7);
SDR 16 TDI (FFFF) TDO (BFFF);
SDR 16 TDI (FFFF) TDO (FFFF);
SDR 16 TDI (FFFF) TDO (7777);
SDR 16 TDI (FFFF) TDO (FFFF);
SDR 16 TDI (FFFF) TDO (6B7F);
SDR 16 TDI (FFFF) TDO (8F7D);
SDR 16 TDI (FFFF) TDO (D57F);
SDR 16 TDI (FFFF) TDO (FFFF);
SDR 16 TDI (FFFF) TDO (BFFF);
SDR 16 TDI (FFFF) TDO (FFFF);
SDR 16 TDI (FFFF) TDO (FFFF);
SDR 16 TDI (FFFF) TDO (FFFF);
SDR 16 TDI (FFFF) TDO (7FFF);
SDR 16 TDI (FFFF) TDO (AFFF);
SDR 16 TDI (FFFF) TDO (FFFF);
SDR 16 TDI (FFFF) TDO (DDFF);
SDR 16 TDI (FFFF) TDO (BDFF);
SDR 16 TDI (FFFF) TDO (FFFF);
SDR 16 TDI (FFFF) TDO (FFFF);
SDR 16 TDI (FFFF) TDO (FFBF);
SDR 16 TDI (FFFF) TDO (76EF);
SDR 16 TDI (FFFF) TDO (EE9C);
SDR 16 TDI (FFFF) TDO (FFFF);
SDR 16 TDI (FFFF) TDO (15FF);
SDR 16 TDI (FFFF) TDO (BFFF);
SDR 16 TDI (FFFF) TDO (FBFF);
SDR 16 TDI (FFFF) TDO (FFFF);
SDR 16 TDI (FFFF) TDO (BFFF);
SDR 16 TDI (FFFF) TDO (7FF7);
SDR 16 TDI (FFFF) TDO (FFDF);
SDR 16 TDI (FFFF) TDO (FFFF);
SDR 16 TDI (FFFF) TDO (FFFF);
SDR 16 TDI (FFFF) TDO (BD5F);
SDR 16 TDI (FFFF) TDO (FFFF);
SDR 16 TDI (FFFF) TDO (FEFF);
SDR 16 TDI (FFFF) TDO (FFFF);
SDR 16 TDI (FFFF) TDO (7E1E);
SDR 16 TDI (FFFF) TDO (1F7F);
SDR 16 TDI (FFFF) TDO (FF82);
SDR 16 TDI (FFFF) TDO (BC9E);
SDR 16 TDI (FFFF) TDO (AF80);
SDR 16 TDI (FFFF) TDO (3FCF);
SDR 16 TDI (FFFF) TDO (FC3F);
SDR 16 TDI (FFFF) TDO (FEF3);
SDR 16 TDI (FFFF) TDO (6667);
SDR 16 TDI (FFFF) TDO (BFFD);
SDR 16 TDI (FFFF) TDO (FF2F);
SDR 16 TDI (FFFF) TDO (DE3F);
SDR 16 TDI (FFFF) TDO (BFE7);
SDR 16 TDI (FFFF) TDO (FFDE);
SDR 16 TDI (FFFF) TDO (0000);
SDR 16 TDI (FFFF) TDO (1FFF);
SDR 16 TDI (FFFF) TDO (7BE3);
SDR 16 TDI (FFFF) TDO (5F52);
SDR 16 TDI (FFFF) TDO (EABF);
SDR 16 TDI (FFFF) TDO (FFFF);
SDR 16 TDI (FFFF) TDO (BFFF);
SDR 16 TDI (FFFF) TDO (FFFF);
SDR 16 TDI (FFFF) TDO (FDFF);
SDR 16 TDI (FFFF) TDO (FFFF);
SDR 16 TDI (FFFF) TDO (7E1E);
SDR 16 TDI (FFFF) TDO (1BFF);
SDR 16 TDI (FFFF) TDO (FF82);
SDR 16 TDI (FFFF) TDO (BCFE);
SDR 16 TDI (FFFF) TDO (AFC0);
SDR 16 TDI (FFFF) TDO (3FCF);
SDR 16 TDI (FFFF) TDO (FC3F);
SDR 16 TDI (FFFF) TDO (3703);
SDR 16 TDI (FFFF) TDO (6687);
SDR 16 TDI (FFFF) TDO (488C);
SDR 16 TDI (FFFF) TDO (9F99);
SDR 16 TDI (FFFF) TDO (2837);
SDR 16 TDI (FFFF) TDO (BFE7);
SDR 16 TDI (FFFF) TDO (FFFE);
SDR 16 TDI (FFFF) TDO (0000);
SDR 16 TDI (FFFF) TDO (1FFE);
SDR 16 TDI (FFFF) TDO (73F3);
SDR 16 TDI (FFFF) TDO (0F02);
SDR 16 TDI (FFFF) TDO (FFFF);
SDR 16 TDI (FFFF) TDO (FFFF);
SDR 16 TDI (FFFF) TDO (B55F);
SDR 16 TDI (FFFF) TDO (FFFF);
SDR 16 TDI (FFFF) TDO (FFFF);
SDR 16 TDI (FFFF) TDO (FFFF);
SDR 16 TDI (FFFF) TDO (7E1E);
SDR 16 TDI (FFFF) TDO (0FFF);
SDR 16 TDI (FFFF) TDO (FF83);
SDR 16 TDI (FFFF) TDO (4A79);
SDR 16 TDI (FFFF) TDO (BFC0);
SDR 16 TDI (FFFF) TDO (3FCF);
SDR 16 TDI (FFFF) TDO (FC3C);
SDR 16 TDI (FFFF) TDO (1F33);
SDR 16 TDI (FFFF) TDO (7E7B);
SDR 16 TDI (FFFF) TDO (D339);
SDR 16 TDI (FFFF) TDO (2FFC);
SDR 16 TDI (FFFF) TDO (8C9F);
SDR 16 TDI (FFFF) TDO (BFE7);
SDR 16 TDI (FFFF) TDO (FBFE);
SDR 16 TDI (FFFF) TDO (0000);
SDR 16 TDI (FFFF) TDO (1FFF);
SDR 16 TDI (FFFF) TDO (67F3);
SDR 16 TDI (FFFF) TDO (7F7F);
SDR 16 TDI (FFFF) TDO (EABF);
SDR 16 TDI (FFFF) TDO (FFFF);
SDR 16 TDI (FFFF) TDO (BFFF);
SDR 16 TDI (FFFF) TDO (FFFF);
SDR 16 TDI (FFFF) TDO (FFFF);
SDR 16 TDI (FFFF) TDO (FFFF);
SDR 16 TDI (FFFF) TDO (7E1E);
SDR 16 TDI (FFFF) TDO (1FFF);
SDR 16 TDI (FFFF) TDO (FF83);
SDR 16 TDI (FFFF) TDO (4A01);
SDR 16 TDI (FFFF) TDO (BFC0);
SDR 16 TDI (FFFF) TDO (3FCF);
SDR 16 TDI (FFFF) TDO (FC3F);
SDR 16 TDI (FFFF) TDO (3F33);
SDR 16 TDI (FFFF) TDO (6162);
SDR 16 TDI (FFFF) TDO (0888);
SDR 16 TDI (FFFF) TDO (9F81);
SDR 16 TDI (FFFF) TDO (4F97);
SDR 16 TDI (FFFF) TDO (BFE7);
SDR 16 TDI (FFFF) TDO (FFFE);
SDR 16 TDI (FFFF) TDO (0000);
SDR 16 TDI (FFFF) TDO (1FFF);
SDR 16 TDI (FFFF) TDO (67F3);
SDR 16 TDI (FFFF) TDO (7F79);
SDR 16 TDI (FFFF) TDO (FFFF);
SDR 16 TDI (FFFF) TDO (FFFF);
SDR 16 TDI (FFFF) TDO (BFFF);
SDR 16 TDI (FFFF) TDO (3333);
SDR 16 TDI (FFFF) TDO (1F33);
SDR 16 TDI (FFFF) TDO (333C);
SDR 16 TDI (FFFF) TDO (7999);
SDR 16 TDI (FFFF) TDO (DF99);
SDR 16 TDI (FFFF) TDO (99BE);
SDR 16 TDI (FFFF) TDO (4646);
SDR 16 TDI (FFFF) TDO (AFCD);
SDR 16 TDI (FFFF) TDO (CCCF);
SDR 16 TDI (FFFF) TDO (3331);
SDR 16 TDI (FFFF) TDO (BF37);
SDR 16 TDI (FFFF) TDO (6626);
SDR 16 TDI (FFFF) TDO (0CC0);
SDR 16 TDI (FFFF) TDO (DF8B);
SDR 16 TDI (FFFF) TDO (1497);
SDR 16 TDI (FFFF) TDO (A676);
SDR 16 TDI (FFFF) TDO (67E6);
SDR 16 TDI (FFFF) TDO (E66F);
SDR 16 TDI (FFFF) TDO (D999);
SDR 16 TDI (FFFF) TDO (71F7);
SDR 16 TDI (FFFF) TDO (1313);
SDR 16 TDI (FFFF) TDO (D57F);
SDR 16 TDI (FFFF) TDO (FFFF);
SDR 16 TDI (FFFF) TDO (BFFF);
SDR 16 TDI (FFFF) TDO (7777);
SDR 16 TDI (FFFF) TDO (4ABB);
SDR 16 TDI (FFFF) TDO (BBBD);
SDR 16 TDI (FFFF) TDO (7B9B);
SDR 16 TDI (FFFF) TDO (955D);
SDR 16 TDI (FFFF) TDO (DD9C);
SDR 16 TDI (FFFF) TDO (88A8);
SDR 16 TDI (FFFF) TDO (BA8C);
SDR 16 TDI (FFFF) TDO (EECF);
SDR 16 TDI (FFFF) TDO (7737);
SDR 16 TDI (FFFF) TDO (2AB3);
SDR 16 TDI (FFFF) TDO (7773);
SDR 16 TDI (FFFF) TDO (9999);
SDR 16 TDI (FFFF) TDO (9559);
SDR 16 TDI (FFFF) TDO (8D8F);
SDR 16 TDI (FFFF) TDO (AEE6);
SDR 16 TDI (FFFF) TDO (ED56);
SDR 16 TDI (FFFF) TDO (6667);
SDR 16 TDI (FFFF) TDO (9BBB);
SDR 16 TDI (FFFF) TDO (76A3);
SDR 16 TDI (FFFF) TDO (BBBB);
SDR 16 TDI (FFFF) TDO (FFFF);
SDR 16 TDI (FFFF) TDO (FFFF);
SDR 16 TDI (FFFF) TDO (BFFF);
SDR 16 TDI (FFFF) TDO (FFFF);
SDR 16 TDI (FFFF) TDO (FEFF);
SDR 16 TDI (FFFF) TDO (FFFF);
SDR 16 TDI (FFFF) TDO (7EFE);
SDR 16 TDI (FFFF) TDO (FF7F);
SDR 16 TDI (FFFF) TDO (FFF7);
SDR 16 TDI (FFFF) TDO (FFFF);
SDR 16 TDI (FFFF) TDO (BFBB);
SDR 16 TDI (FFFF) TDO (BFFF);
SDR 16 TDI (FFFF) TDO (FDFD);
SDR 16 TDI (FFFF) TDO (BE7F);
SDR 16 TDI (FFFF) TDO (6FFE);
SDR 16 TDI (FFFF) TDO (CCCC);
SDR 16 TDI (FFFF) TDO (DF7B);
SDR 16 TDI (FFFF) TDO (37F7);
SDR 16 TDI (FFFF) TDO (BFFF);
SDR 16 TDI (FFFF) TDO (FFDF);
SDR 16 TDI (FFFF) TDO (DDDC);
SDR 16 TDI (FFFF) TDO (FFFF);
SDR 16 TDI (FFFF) TDO (7BEF);
SDR 16 TDI (FFFF) TDO (FFF7);
SDR 16 TDI (FFFF) TDO (FFFF);
SDR 16 TDI (FFFF) TDO (FFFF);
SDR 16 TDI (FFFF) TDO (BFFF);
SDR 16 TDI (FFFF) TDO (FFFF);
SDR 16 TDI (FFFF) TDO (FFFE);
SDR 16 TDI (FFFF) TDO (FFFF);
SDR 16 TDI (FFFF) TDO (7FFF);
SDR 16 TDI (FFFF) TDO (7FBF);
SDR 16 TDI (FFFF) TDO (FFF7);
SDR 16 TDI (FFFF) TDO (FF5D);
SDR 16 TDI (FFFF) TDO (BFE7);
SDR 16 TDI (FFFF) TDO (FFEB);
SDR 16 TDI (FFFF) TDO (FE9E);
SDR 16 TDI (FFFF) TDO (FFFF);
SDR 16 TDI (FFFF) TDO (7FEB);
SDR 16 TDI (FFFF) TDO (BBFB);
SDR 16 TDI (FFFF) TDO (DFDF);
SDR 16 TDI (FFFF) TDO (DEFF);
SDR 16 TDI (FFFF) TDO (BDCF);
SDR 16 TDI (FFFF) TDO (FFF7);
SDR 16 TDI (FFFF) TDO (EDFD);
SDR 16 TDI (FFFF) TDO (DDBF);
SDR 16 TDI (FFFF) TDO (7FFF);
SDR 16 TDI (FFFF) TDO (9F7B);
SDR 16 TDI (FFFF) TDO (FFFF);
SDR 16 TDI (FFFF) TDO (FFFF);
SDR 16 TDI (FFFF) TDO (BFFF);
SDR 16 TDI (FFFF) TDO (FFFF);
SDR 16 TDI (FFFF) TDO (FFFF);
SDR 16 TDI (FFFF) TDO (FFDD);
SDR 16 TDI (FFFF) TDO (7FFF);
SDR 16 TDI (FFFF) TDO (FFFF);
SDR 16 TDI (FFFF) TDO (FFFF);
SDR 16 TDI (FFFF) TDO (FFFF);
SDR 16 TDI (FFFF) TDO (BFFF);
SDR 16 TDI (FFFF) TDO (FFFF);
SDR 16 TDI (FFFF) TDO (F7F7);
SDR 16 TDI (FFFF) TDO (BFFB);
SDR 16 TDI (FFFF) TDO (7FFF);
SDR 16 TDI (FFFF) TDO (77BF);
SDR 16 TDI (FFFF) TDO (FFFD);
SDR 16 TDI (FFFF) TDO (FFD7);
SDR 16 TDI (FFFF) TDO (BFFE);
SDR 16 TDI (FFFF) TDO (FFFF);
SDR 16 TDI (FFFF) TDO (FFFE);
SDR 16 TDI (FFFF) TDO (FFFD);
SDR 16 TDI (FFFF) TDO (7FFF);
SDR 16 TDI (FFFF) TDO (FBFF);
SDR 16 TDI (FFFF) TDO (FFBF);
SDR 16 TDI (FFFF) TDO (FFFF);
SDR 16 TDI (FFFF) TDO (AFFF);
SDR 16 TDI (FFFF) TDO (FFFF);
SDR 16 TDI (FFFF) TDO (FFFD);
SDR 16 TDI (FFFF) TDO (FFFF);
SDR 16 TDI (FFFF) TDO (7FFF);
SDR 16 TDI (FFFF) TDO (FFFF);
SDR 16 TDI (FFFF) TDO (FFEF);
SDR 16 TDI (FFFF) TDO (FEFB);
SDR 16 TDI (FFFF) TDO (BFFF);
SDR 16 TDI (FFFF) TDO (FFFF);
SDR 16 TDI (FFFF) TDO (FE77);
SDR 16 TDI (FFFF) TDO (FFFF);
SDR 16 TDI (FFFF) TDO (7FEF);
SDR 16 TDI (FFFF) TDO (BDFB);
SDR 16 TDI (FFFF) TDO (DFBF);
SDR 16 TDI (FFFF) TDO (FF7F);
SDR 16 TDI (FFFF) TDO (BFBE);
SDR 16 TDI (FFFF) TDO (FFFF);
SDR 16 TDI (FFFF) TDO (EFFF);
SDR 16 TDI (FFFF) TDO (FDFF);
SDR 16 TDI (FFFF) TDO (7FFF);
SDR 16 TDI (FFFF) TDO (FF7B);
SDR 16 TDI (FFFF) TDO (FFFF);
SDR 16 TDI (FFFF) TDO (FFFF);
SDR 16 TDI (FFFF) TDO (AFFF);
SDR 16 TDI (FFFF) TDO (FFFF);
SDR 16 TDI (FFFF) TDO (FFFF);
SDR 16 TDI (FFFF) TDO (FFFD);
SDR 16 TDI (FFFF) TDO (7FFF);
SDR 16 TDI (FFFF) TDO (7FBF);
SDR 16 TDI (FFFF) TDO (FFFF);
SDR 16 TDI (FFFF) TDO (FFBF);
SDR 16 TDI (FFFF) TDO (BFE7);
SDR 16 TDI (FFFF) TDO (FFD7);
SDR 16 TDI (FFFF) TDO (FBED);
SDR 16 TDI (FFFF) TDO (FFFB);
SDR 16 TDI (FFFF) TDO (7FFB);
SDR 16 TDI (FFFF) TDO (FFDF);
SDR 16 TDI (FFFF) TDO (FFFB);
SDR 16 TDI (FFFF) TDO (BFD7);
SDR 16 TDI (FFFF) TDO (BDEF);
SDR 16 TDI (FFFF) TDO (FFEF);
SDR 16 TDI (FFFF) TDO (FDFA);
SDR 16 TDI (FFFF) TDO (DFDF);
SDR 16 TDI (FFFF) TDO (7FFF);
SDR 16 TDI (FFFF) TDO (67FF);
SDR 16 TDI (FFFF) TDO (F7FF);
SDR 16 TDI (FFFF) TDO (FFFF);
SDR 16 TDI (FFFF) TDO (BFFF);
SDR 16 TDI (FFFF) TDO (FFFF);
SDR 16 TDI (FFFF) TDO (FFFF);
SDR 16 TDI (FFFF) TDO (FFFD);
SDR 16 TDI (FFFF) TDO (7FF7);
SDR 16 TDI (FFFF) TDO (DFFF);
SDR 16 TDI (FFFF) TDO (DDFE);
SDR 16 TDI (FFFF) TDO (DFFF);
SDR 16 TDI (FFFF) TDO (AFDF);
SDR 16 TDI (FFFF) TDO (EDFE);
SDR 16 TDI (FFFF) TDO (FFBF);
SDR 16 TDI (FFFF) TDO (FFFF);
SDR 16 TDI (FFFF) TDO (6FEE);
SDR 16 TDI (FFFF) TDO (FD7F);
SDR 16 TDI (FFFF) TDO (5FAD);
SDR 16 TDI (FFFF) TDO (FF7F);
SDR 16 TDI (FFFF) TDO (BFFB);
SDR 16 TDI (FFFF) TDO (7FFF);
SDR 16 TDI (FFFF) TDO (7FF7);
SDR 16 TDI (FFFF) TDO (FFBD);
SDR 16 TDI (FFFF) TDO (7FFF);
SDR 16 TDI (FFFF) TDO (FFFF);
SDR 16 TDI (FFFF) TDO (DF7F);
SDR 16 TDI (FFFF) TDO (FFFF);
SDR 16 TDI (FFFF) TDO (BFFF);
SDR 16 TDI (FFFF) TDO (7FDF);
SDR 16 TDI (FFFF) TDO (FFFF);
SDR 16 TDI (FFFF) TDO (BFFF);
SDR 16 TDI (FFFF) TDO (7FFF);
SDR 16 TDI (FFFF) TDO (FFFF);
SDR 16 TDI (FFFF) TDO (FF6F);
SDR 16 TDI (FFFF) TDO (FB5F);
SDR 16 TDI (FFFF) TDO (BFF6);
SDR 16 TDI (FFFF) TDO (FFBB);
SDR 16 TDI (FFFF) TDO (7BFF);
SDR 16 TDI (FFFF) TDO (FFBD);
SDR 16 TDI (FFFF) TDO (7FFD);
SDR 16 TDI (FFFF) TDO (FFFF);
SDR 16 TDI (FFFF) TDO (FFFF);
SDR 16 TDI (FFFF) TDO (CDF1);
SDR 16 TDI (FFFF) TDO (BEDF);
SDR 16 TDI (FFFF) TDO (F7F7);
SDR 16 TDI (FFFF) TDO (EF5C);
SDR 16 TDI (FFFF) TDO (FBFF);
SDR 16 TDI (FFFF) TDO (6BFF);
SDR 16 TDI (FFFF) TDO (FFFF);
SDR 16 TDI (FFFF) TDO (FFFF);
SDR 16 TDI (FFFF) TDO (FFFF);
SDR 16 TDI (FFFF) TDO (BFFF);
SDR 16 TDI (FFFF) TDO (FFDF);
SDR 16 TDI (FFFF) TDO (FFDF);
SDR 16 TDI (FFFF) TDO (FDFF);
SDR 16 TDI (FFFF) TDO (7F4F);
SDR 16 TDI (FFFF) TDO (FFFF);
SDR 16 TDI (FFFF) TDO (FD3E);
SDR 16 TDI (FFFF) TDO (FFF7);
SDR 16 TDI (FFFF) TDO (BFFB);
SDR 16 TDI (FFFF) TDO (FFFD);
SDR 16 TDI (FFFF) TDO (F77F);
SDR 16 TDI (FFFF) TDO (FF97);
SDR 16 TDI (FFFF) TDO (76FF);
SDR 16 TDI (FFFF) TDO (DBF7);
SDR 16 TDI (FFFF) TDO (BFFD);
SDR 16 TDI (FFFF) TDO (FDFB);
SDR 16 TDI (FFFF) TDO (BFB7);
SDR 16 TDI (FFFF) TDO (EFFF);
SDR 16 TDI (FFFF) TDO (FFDF);
SDR 16 TDI (FFFF) TDO (FFBF);
SDR 16 TDI (FFFF) TDO (77F7);
SDR 16 TDI (FFFF) TDO (7F7D);
SDR 16 TDI (FFFF) TDO (FFFF);
SDR 16 TDI (FFFF) TDO (FFFF);
SDR 16 TDI (FFFF) TDO (BFFF);
SDR 16 TDI (FFFF) TDO (BFFF);
SDR 16 TDI (FFFF) TDO (FFFF);
SDR 16 TDI (FFFF) TDO (7FFD);
SDR 16 TDI (FFFF) TDO (7FFF);
SDR 16 TDI (FFFF) TDO (BFFF);
SDR 16 TDI (FFFF) TDO (DFF7);
SDR 16 TDI (FFFF) TDO (BABF);
SDR 16 TDI (FFFF) TDO (AFEE);
SDR 16 TDI (FFFF) TDO (EEB7);
SDR 16 TDI (FFFF) TDO (BFFF);
SDR 16 TDI (FFFF) TDO (FFFE);
SDR 16 TDI (FFFF) TDO (7FF5);
SDR 16 TDI (FFFF) TDO (7F7F);
SDR 16 TDI (FFFF) TDO (7FCF);
SDR 16 TDI (FFFF) TDO (B6F6);
SDR 16 TDI (FFFF) TDO (BEFD);
SDR 16 TDI (FFFF) TDO (7FEE);
SDR 16 TDI (FFFF) TDO (EEEB);
SDR 16 TDI (FFFF) TDO (7BFD);
SDR 16 TDI (FFFF) TDO (6FFF);
SDR 16 TDI (FFFF) TDO (FFFF);
SDR 16 TDI (FFFF) TDO (FFFF);
SDR 16 TDI (FFFF) TDO (FFFF);
SDR 16 TDI (FFFF) TDO (BFFF);
SDR 16 TDI (FFFF) TDO (EFB7);
SDR 16 TDI (FFFF) TDO (FFFF);
SDR 16 TDI (FFFF) TDO (DEFF);
SDR 16 TDI (FFFF) TDO (7FFB);
SDR 16 TDI (FFFF) TDO (FFFF);
SDR 16 TDI (FFFF) TDO (FFFF);
SDR 16 TDI (FFFF) TDO (FFFF);
SDR 16 TDI (FFFF) TDO (BFFF);
SDR 16 TDI (FFFF) TDO (FAFF);
SDR 16 TDI (FFFF) TDO (FAF7);
SDR 16 TDI (FFFF) TDO (FFFD);
SDR 16 TDI (FFFF) TDO (7F7E);
SDR 16 TDI (FFFF) TDO (FFFF);
SDR 16 TDI (FFFF) TDO (FFFF);
SDR 16 TDI (FFFF) TDO (FFFB);
SDR 16 TDI (FFFF) TDO (B4BF);
SDR 16 TDI (FFFF) TDO (FFFF);
SDR 16 TDI (FFFF) TDO (F5BF);
SDR 16 TDI (FFFF) TDO (FFF7);
SDR 16 TDI (FFFF) TDO (7FFF);
SDR 16 TDI (FFFF) TDO (DDFB);
SDR 16 TDI (FFFF) TDO (FFFF);
SDR 16 TDI (FFFF) TDO (FFFF);
SDR 16 TDI (FFFF) TDO (BF7F);
SDR 16 TDI (FFFF) TDO (FEEF);
SDR 16 TDI (FFFF) TDO (FF7B);
SDR 16 TDI (FFFF) TDO (FF7F);
SDR 16 TDI (FFFF) TDO (7FF7);
SDR 16 TDI (FFFF) TDO (FFBD);
SDR 16 TDI (FFFF) TDO (FFBF);
SDR 16 TDI (FFFF) TDO (FFFF);
SDR 16 TDI (FFFF) TDO (BFDF);
SDR 16 TDI (FFFF) TDO (BFFD);
SDR 16 TDI (FFFF) TDO (BF9F);
SDR 16 TDI (FFFF) TDO (FF7F);
SDR 16 TDI (FFFF) TDO (77B5);
SDR 16 TDI (FFFF) TDO (FFFF);
SDR 16 TDI (FFFF) TDO (FFBB);
SDR 16 TDI (FFFF) TDO (FFFE);
SDR 16 TDI (FFFF) TDO (BFFB);
SDR 16 TDI (FFFF) TDO (7FEF);
SDR 16 TDI (FFFF) TDO (BFFB);
SDR 16 TDI (FFFF) TDO (BFFF);
SDR 16 TDI (FFFF) TDO (7FF7);
SDR 16 TDI (FFFF) TDO (FFFD);
SDR 16 TDI (FFFF) TDO (FFFF);
SDR 16 TDI (FFFF) TDO (FFFF);
SDR 16 TDI (FFFF) TDO (BFFF);
SDR 16 TDI (FFFF) TDO (DFDF);
SDR 16 TDI (FFFF) TDO (FF7F);
SDR 16 TDI (FFFF) TDO (FFFF);
SDR 16 TDI (FFFF) TDO (7FEF);
SDR 16 TDI (FFFF) TDO (FFBF);
SDR 16 TDI (FFFF) TDO (FFFF);
SDR 16 TDI (FFFF) TDO (FFFF);
SDR 16 TDI (FFFF) TDO (BFDF);
SDR 16 TDI (FFFF) TDO (FFFF);
SDR 16 TDI (FFFF) TDO (E5F7);
SDR 16 TDI (FFFF) TDO (FF7E);
SDR 16 TDI (FFFF) TDO (77D6);
SDR 16 TDI (FFFF) TDO (FFFF);
SDR 16 TDI (FFFF) TDO (FFBF);
SDR 16 TDI (FFFF) TDO (FFFD);
SDR 16 TDI (FFFF) TDO (AFBF);
SDR 16 TDI (FFFF) TDO (FFEF);
SDR 16 TDI (FFFF) TDO (DCCD);
SDR 16 TDI (FFFF) TDO (BFFF);
SDR 16 TDI (FFFF) TDO (7FF7);
SDR 16 TDI (FFFF) TDO (EFDE);
SDR 16 TDI (FFFF) TDO (FFFF);
SDR 16 TDI (FFFF) TDO (FFFF);
SDR 16 TDI (FFFF) TDO (BFBF);
SDR 16 TDI (FFFF) TDO (FEBB);
SDR 16 TDI (FFFF) TDO (FFF7);
SDR 16 TDI (FFFF) TDO (ED7F);
SDR 16 TDI (FFFF) TDO (7FFB);
SDR 16 TDI (FFFF) TDO (FFFB);
SDR 16 TDI (FFFF) TDO (FFBF);
SDR 16 TDI (FFFF) TDO (FFFF);
SDR 16 TDI (FFFF) TDO (BFFF);
SDR 16 TDI (FFFF) TDO (79FE);
SDR 16 TDI (FFFF) TDO (BF6F);
SDR 16 TDI (FFFF) TDO (FFFF);
SDR 16 TDI (FFFF) TDO (7EFD);
SDR 16 TDI (FFFF) TDO (FFFF);
SDR 16 TDI (FFFF) TDO (FFFB);
SDR 16 TDI (FFFF) TDO (FFFF);
SDR 16 TDI (FFFF) TDO (BCFD);
SDR 16 TDI (FFFF) TDO (7FFF);
SDR 16 TDI (FFFF) TDO (F7FF);
SDR 16 TDI (FFFF) TDO (FFEF);
SDR 16 TDI (FFFF) TDO (7FFF);
SDR 16 TDI (FFFF) TDO (FDF7);
SDR 16 TDI (FFFF) TDO (FFFF);
SDR 16 TDI (FFFF) TDO (FFFF);
SDR 16 TDI (FFFF) TDO (B77F);
SDR 16 TDI (FFFF) TDO (FFFB);
SDR 16 TDI (FFFF) TDO (FBEF);
SDR 16 TDI (FFFF) TDO (7BDF);
SDR 16 TDI (FFFF) TDO (7FFF);
SDR 16 TDI (FFFF) TDO (FDFF);
SDR 16 TDI (FFFF) TDO (FFFF);
SDR 16 TDI (FFFF) TDO (F7EE);
SDR 16 TDI (FFFF) TDO (BFFF);
SDR 16 TDI (FFFF) TDO (FFFF);
SDR 16 TDI (FFFF) TDO (FBE7);
SDR 16 TDI (FFFF) TDO (7FB7);
SDR 16 TDI (FFFF) TDO (777F);
SDR 16 TDI (FFFF) TDO (FFFF);
SDR 16 TDI (FFFF) TDO (FFFF);
SDR 16 TDI (FFFF) TDO (FFFF);
SDR 16 TDI (FFFF) TDO (BF6F);
SDR 16 TDI (FFFF) TDO (FF6F);
SDR 16 TDI (FFFF) TDO (FEFF);
SDR 16 TDI (FFFF) TDO (FDDD);
SDR 16 TDI (FFFF) TDO (7BFF);
SDR 16 TDI (FFFF) TDO (FFFF);
SDR 16 TDI (FFFF) TDO (EABF);
SDR 16 TDI (FFFF) TDO (FFFF);
SDR 16 TDI (FFFF) TDO (BFFF);
SDR 16 TDI (FFFF) TDO (FF7F);
SDR 16 TDI (FFFF) TDO (FFFF);
SDR 16 TDI (FFFF) TDO (EFFF);
SDR 16 TDI (FFFF) TDO (7BBF);
SDR 16 TDI (FFFF) TDO (FFFF);
SDR 16 TDI (FFFF) TDO (FFFF);
SDR 16 TDI (FFFF) TDO (FFFF);
SDR 16 TDI (FFFF) TDO (BDFF);
SDR 16 TDI (FFFF) TDO (FFFD);
SDR 16 TDI (FFFF) TDO (BFFD);
SDR 16 TDI (FFFF) TDO (FFFF);
SDR 16 TDI (FFFF) TDO (7FDF);
SDR 16 TDI (FFFF) TDO (FDFD);
SDR 16 TDI (FFFF) TDO (FFBD);
SDR 16 TDI (FFFF) TDO (FFFE);
SDR 16 TDI (FFFF) TDO (BBBB);
SDR 16 TDI (FFFF) TDO (BFFD);
SDR 16 TDI (FFFF) TDO (F5BB);
SDR 16 TDI (FFFF) TDO (FFFF);
SDR 16 TDI (FFFF) TDO (7EFB);
SDR 16 TDI (FFFF) TDO (FBFB);
SDR 16 TDI (FFFF) TDO (FFFF);
SDR 16 TDI (FFFF) TDO (FFFF);
SDR 16 TDI (FFFF) TDO (A77F);
SDR 16 TDI (FFFF) TDO (FFFF);
SDR 16 TDI (FFFF) TDO (7FBB);
SDR 16 TDI (FFFF) TDO (FFBF);
SDR 16 TDI (FFFF) TDO (7FFF);
SDR 16 TDI (FFFF) TDO (EFFF);
SDR 16 TDI (FFFF) TDO (FFFF);
SDR 16 TDI (FFFF) TDO (FFFF);
SDR 16 TDI (FFFF) TDO (BBFF);
SDR 16 TDI (FFFF) TDO (FEFF);
SDR 16 TDI (FFFF) TDO (FFBE);
SDR 16 TDI (FFFF) TDO (F7FF);
SDR 16 TDI (FFFF) TDO (7DF3);
SDR 16 TDI (FFFF) TDO (FFDF);
SDR 16 TDI (FFFF) TDO (BBFF);
SDR 16 TDI (FFFF) TDO (FFFF);
SDR 16 TDI (FFFF) TDO (AFBE);
SDR 16 TDI (FFFF) TDO (CFFE);
SDR 16 TDI (FFFF) TDO (BFEF);
SDR 16 TDI (FFFF) TDO (FFFF);
SDR 16 TDI (FFFF) TDO (7FFF);
SDR 16 TDI (FFFF) TDO (BFFF);
SDR 16 TDI (FFFF) TDO (EABF);
SDR 16 TDI (FFFF) TDO (FFFF);
SDR 16 TDI (FFFF) TDO (ABFF);
SDR 16 TDI (FFFF) TDO (FEAE);
SDR 16 TDI (FFFF) TDO (EFD9);
SDR 16 TDI (FFFF) TDO (D9DF);
SDR 16 TDI (FFFF) TDO (777F);
SDR 16 TDI (FFFF) TDO (FFFF);
SDR 16 TDI (FFFF) TDO (FFFE);
SDR 16 TDI (FFFF) TDO (FFFF);
SDR 16 TDI (FFFF) TDO (BFEF);
SDR 16 TDI (FFFF) TDO (FFFF);
SDR 16 TDI (FFFF) TDO (DFEF);
SDR 16 TDI (FFFF) TDO (FFEB);
SDR 16 TDI (FFFF) TDO (6FAF);
SDR 16 TDI (FFFF) TDO (FFFF);
SDR 16 TDI (FFFF) TDO (EFFF);
SDR 16 TDI (FFFF) TDO (FFFD);
SDR 16 TDI (FFFF) TDO (BF77);
SDR 16 TDI (FFFF) TDO (FFF7);
SDR 16 TDI (FFFF) TDO (FFFF);
SDR 16 TDI (FFFF) TDO (FF77);
SDR 16 TDI (FFFF) TDO (6FFF);
SDR 16 TDI (FFFF) TDO (5DFD);
SDR 16 TDI (FFFF) TDO (D57F);
SDR 16 TDI (FFFF) TDO (FFFF);
SDR 16 TDI (FFFF) TDO (BFFF);
SDR 16 TDI (FFFF) TDO (FFFF);
SDR 16 TDI (FFFF) TDO (7FFF);
SDR 16 TDI (FFFF) TDO (FFFF);
SDR 16 TDI (FFFF) TDO (7FFF);
SDR 16 TDI (FFFF) TDO (FFFF);
SDR 16 TDI (FFFF) TDO (FFFF);
SDR 16 TDI (FFFF) TDO (FFFF);
SDR 16 TDI (FFFF) TDO (BFFE);
SDR 16 TDI (FFFF) TDO (FFEE);
SDR 16 TDI (FFFF) TDO (BD7F);
SDR 16 TDI (FFFF) TDO (BFFE);
SDR 16 TDI (FFFF) TDO (7FFF);
SDR 16 TDI (FFFF) TDO (DFFF);
SDR 16 TDI (FFFF) TDO (FFFF);
SDR 16 TDI (FFFF) TDO (BBBF);
SDR 16 TDI (FFFF) TDO (B5FB);
SDR 16 TDI (FFFF) TDO (FFFC);
SDR 16 TDI (FFFF) TDO (FCCD);
SDR 16 TDI (FFFF) TDO (FFDF);
SDR 16 TDI (FFFF) TDO (7FFF);
SDR 16 TDI (FFFF) TDO (FBB7);
SDR 16 TDI (FFFF) TDO (FFFF);
SDR 16 TDI (FFFF) TDO (FFFF);
SDR 16 TDI (FFFF) TDO (BFFF);
SDR 16 TDI (FFFF) TDO (FEE6);
SDR 16 TDI (FFFF) TDO (FFFD);
SDR 16 TDI (FFFF) TDO (7DFF);
SDR 16 TDI (FFFF) TDO (6CFF);
SDR 16 TDI (FFFF) TDO (FFFF);
SDR 16 TDI (FFFF) TDO (FFFF);
SDR 16 TDI (FFFF) TDO (FFFF);
SDR 16 TDI (FFFF) TDO (BFFF);
SDR 16 TDI (FFFF) TDO (EFFF);
SDR 16 TDI (FFFF) TDO (D5FF);
SDR 16 TDI (FFFF) TDO (DF6E);
SDR 16 TDI (FFFF) TDO (7CFB);
SDR 16 TDI (FFFF) TDO (FFFF);
SDR 16 TDI (FFFF) TDO (FFFF);
SDR 16 TDI (FFFF) TDO (FFFF);
SDR 16 TDI (FFFF) TDO (BFFF);
SDR 16 TDI (FFFF) TDO (7BFF);
SDR 16 TDI (FFFF) TDO (D7FF);
SDR 16 TDI (FFFF) TDO (FF6C);
SDR 16 TDI (FFFF) TDO (7BBF);
SDR 16 TDI (FFFF) TDO (DDFD);
SDR 16 TDI (FFFF) TDO (FFFF);
SDR 16 TDI (FFFF) TDO (FFFF);
SDR 16 TDI (FFFF) TDO (BFFF);
SDR 16 TDI (FFFF) TDO (FCC8);
SDR 16 TDI (FFFF) TDO (F7CC);
SDR 16 TDI (FFFF) TDO (D4DF);
SDR 16 TDI (FFFF) TDO (7FFF);
SDR 16 TDI (FFFF) TDO (EFFF);
SDR 16 TDI (FFFF) TDO (FFFF);
SDR 16 TDI (FFFF) TDO (FFEE);
SDR 16 TDI (FFFF) TDO (B7FD);
SDR 16 TDI (FFFF) TDO (DFDC);
SDR 16 TDI (FFFF) TDO (FF1C);
SDR 16 TDI (FFFF) TDO (F7B7);
SDR 16 TDI (FFFF) TDO (62DB);
SDR 16 TDI (FFFF) TDO (FBFF);
SDR 16 TDI (FFFF) TDO (BFFF);
SDR 16 TDI (FFFF) TDO (FBFD);
SDR 16 TDI (FFFF) TDO (B93B);
SDR 16 TDI (FFFF) TDO (BFFD);
SDR 16 TDI (FFFF) TDO (E95F);
SDR 16 TDI (FFFF) TDO (FEFF);
SDR 16 TDI (FFFF) TDO (7DFB);
SDR 16 TDI (FFFF) TDO (2E72);
SDR 16 TDI (FFFF) TDO (FFFF);
SDR 16 TDI (FFFF) TDO (FFFF);
SDR 16 TDI (FFFF) TDO (BEFF);
SDR 16 TDI (FFFF) TDO (FFBF);
SDR 16 TDI (FFFF) TDO (7FFF);
SDR 16 TDI (FFFF) TDO (6BAF);
SDR 16 TDI (FFFF) TDO (7F7F);
SDR 16 TDI (FFFF) TDO (FBFF);
SDR 16 TDI (FFFF) TDO (FFFF);
SDR 16 TDI (FFFF) TDO (FFFF);
SDR 16 TDI (FFFF) TDO (BDFF);
SDR 16 TDI (FFFF) TDO (FFFF);
SDR 16 TDI (FFFF) TDO (B6F7);
SDR 16 TDI (FFFF) TDO (EFDB);
SDR 16 TDI (FFFF) TDO (7FB5);
SDR 16 TDI (FFFF) TDO (FFFB);
SDR 16 TDI (FFFF) TDO (F7DF);
SDR 16 TDI (FFFF) TDO (FFBF);
SDR 16 TDI (FFFF) TDO (AFFD);
SDR 16 TDI (FFFF) TDO (FEEA);
SDR 16 TDI (FFFF) TDO (96FF);
SDR 16 TDI (FFFF) TDO (FB26);
SDR 16 TDI (FFFF) TDO (6FBF);
SDR 16 TDI (FFFF) TDO (D9FD);
SDR 16 TDI (FFFF) TDO (D57F);
SDR 16 TDI (FFFF) TDO (FFFF);
SDR 16 TDI (FFFF) TDO (BFFF);
SDR 16 TDI (FFFF) TDO (FF77);
SDR 16 TDI (FFFF) TDO (AFB3);
SDR 16 TDI (FFFF) TDO (BFFF);
SDR 16 TDI (FFFF) TDO (60BF);
SDR 16 TDI (FFFF) TDO (FFFF);
SDR 16 TDI (FFFF) TDO (FFFF);
SDR 16 TDI (FFFF) TDO (6FFF);
SDR 16 TDI (FFFF) TDO (BFDF);
SDR 16 TDI (FFFF) TDO (FEFF);
SDR 16 TDI (FFFF) TDO (49EF);
SDR 16 TDI (FFFF) TDO (3F6C);
SDR 16 TDI (FFFF) TDO (7D6F);
SDR 16 TDI (FFFF) TDO (DFBF);
SDR 16 TDI (FFFF) TDO (FBFD);
SDR 16 TDI (FFFF) TDO (BFFE);
SDR 16 TDI (FFFF) TDO (B6C6);
SDR 16 TDI (FFFF) TDO (4DF7);
SDR 16 TDI (FFFF) TDO (7FA1);
SDR 16 TDI (FFFF) TDO (FFD9);
SDR 16 TDI (FFFF) TDO (73FF);
SDR 16 TDI (FFFF) TDO (F7FF);
SDR 16 TDI (FFFF) TDO (FFFF);
SDR 16 TDI (FFFF) TDO (FFFF);
SDR 16 TDI (FFFF) TDO (A55F);
SDR 16 TDI (FFFF) TDO (FFFF);
SDR 16 TDI (FFFF) TDO (FEDF);
SDR 16 TDI (FFFF) TDO (7FDF);
SDR 16 TDI (FFFF) TDO (79DF);
SDR 16 TDI (FFFF) TDO (FF7F);
SDR 16 TDI (FFFF) TDO (FFFE);
SDR 16 TDI (FFFF) TDO (0780);
SDR 16 TDI (FFFF) TDO (AF8C);
SDR 16 TDI (FFFF) TDO (CC0E);
SDR 16 TDI (FFFF) TDO (AEC6);
SDR 16 TDI (FFFF) TDO (BEDB);
SDR 16 TDI (FFFF) TDO (7A1B);
SDR 16 TDI (FFFF) TDO (8000);
SDR 16 TDI (FFFF) TDO (1F00);
SDR 16 TDI (FFFF) TDO (199F);
SDR 16 TDI (FFFF) TDO (AEED);
SDR 16 TDI (FFFF) TDO (77CA);
SDR 16 TDI (FFFF) TDO (5B55);
SDR 16 TDI (FFFF) TDO (E140);
SDR 16 TDI (FFFF) TDO (63E0);
SDR 16 TDI (FFFF) TDO (5535);
SDR 16 TDI (FFFF) TDO (EABF);
SDR 16 TDI (FFFF) TDO (FFFF);
SDR 16 TDI (FFFF) TDO (AFFF);
SDR 16 TDI (FFFF) TDO (FD11);
SDR 16 TDI (FFFF) TDO (3F92);
SDR 16 TDI (FFFF) TDO (629F);
SDR 16 TDI (FFFF) TDO (7C7F);
SDR 16 TDI (FFFF) TDO (FFFF);
SDR 16 TDI (FFFF) TDO (FFFE);
SDR 16 TDI (FFFF) TDO (0780);
SDR 16 TDI (FFFF) TDO (AFCC);
SDR 16 TDI (FFFF) TDO (CC0C);
SDR 16 TDI (FFFF) TDO (3307);
SDR 16 TDI (FFFF) TDO (3F35);
SDR 16 TDI (FFFF) TDO (6661);
SDR 16 TDI (FFFF) TDO (8000);
SDR 16 TDI (FFFF) TDO (1F80);
SDR 16 TDI (FFFF) TDO (199E);
SDR 16 TDI (FFFF) TDO (A557);
SDR 16 TDI (FFFF) TDO (1FEE);
SDR 16 TDI (FFFF) TDO (A603);
SDR 16 TDI (FFFF) TDO (E1C0);
SDR 16 TDI (FFFF) TDO (6370);
SDR 16 TDI (FFFF) TDO (7737);
SDR 16 TDI (FFFF) TDO (FFFF);
SDR 16 TDI (FFFF) TDO (FFFF);
SDR 16 TDI (FFFF) TDO (B95F);
SDR 16 TDI (FFFF) TDO (FE66);
SDR 16 TDI (FFFF) TDO (7FC9);
SDR 16 TDI (FFFF) TDO (39CF);
SDR 16 TDI (FFFF) TDO (783F);
SDR 16 TDI (FFFF) TDO (EFFF);
SDR 16 TDI (FFFF) TDO (FFFE);
SDR 16 TDI (FFFF) TDO (0780);
SDR 16 TDI (FFFF) TDO (A7CC);
SDR 16 TDI (FFFF) TDO (CC0F);
SDR 16 TDI (FFFF) TDO (223F);
SDR 16 TDI (FFFF) TDO (FF11);
SDR 16 TDI (FFFF) TDO (63FB);
SDR 16 TDI (FFFF) TDO (8000);
SDR 16 TDI (FFFF) TDO (1F80);
SDR 16 TDI (FFFF) TDO (199E);
SDR 16 TDI (FFFF) TDO (AC44);
SDR 16 TDI (FFFF) TDO (8FF3);
SDR 16 TDI (FFFF) TDO (637F);
SDR 16 TDI (FFFF) TDO (E124);
SDR 16 TDI (FFFF) TDO (65F0);
SDR 16 TDI (FFFF) TDO (9939);
SDR 16 TDI (FFFF) TDO (EABF);
SDR 16 TDI (FFFF) TDO (FFFF);
SDR 16 TDI (FFFF) TDO (BFFF);
SDR 16 TDI (FFFF) TDO (FD11);
SDR 16 TDI (FFFF) TDO (3F42);
SDR 16 TDI (FFFF) TDO (224F);
SDR 16 TDI (FFFF) TDO (627F);
SDR 16 TDI (FFFF) TDO (FFFF);
SDR 16 TDI (FFFF) TDO (FFFE);
SDR 16 TDI (FFFF) TDO (0780);
SDR 16 TDI (FFFF) TDO (AFCC);
SDR 16 TDI (FFFF) TDO (CC0F);
SDR 16 TDI (FFFF) TDO (F324);
SDR 16 TDI (FFFF) TDO (3F39);
SDR 16 TDI (FFFF) TDO (6727);
SDR 16 TDI (FFFF) TDO (8000);
SDR 16 TDI (FFFF) TDO (1F80);
SDR 16 TDI (FFFF) TDO (199E);
SDR 16 TDI (FFFF) TDO (ACCA);
SDR 16 TDI (FFFF) TDO (1FE5);
SDR 16 TDI (FFFF) TDO (2763);
SDR 16 TDI (FFFF) TDO (E080);
SDR 16 TDI (FFFF) TDO (63F0);
SDR 16 TDI (FFFF) TDO (2232);
SDR 16 TDI (FFFF) TDO (FFFF);
SDR 16 TDI (FFFF) TDO (FFFF);
SDR 16 TDI (FFFF) TDO (BFFF);
SDR 16 TDI (FFFF) TDO (3099);
SDR 16 TDI (FFFF) TDO (BFA6);
SDR 16 TDI (FFFF) TDO (26AC);
SDR 16 TDI (FFFF) TDO (6CB9);
SDR 16 TDI (FFFF) TDO (9F99);
SDR 16 TDI (FFFF) TDO (999F);
SDR 16 TDI (FFFF) TDO (6667);
SDR 16 TDI (FFFF) TDO (AFCD);
SDR 16 TDI (FFFF) TDO (CCCE);
SDR 16 TDI (FFFF) TDO (1137);
SDR 16 TDI (FFFF) TDO (3F64);
SDR 16 TDI (FFFF) TDO (6463);
SDR 16 TDI (FFFF) TDO (D99D);
SDR 16 TDI (FFFF) TDO (9F9B);
SDR 16 TDI (FFFF) TDO (999F);
SDR 16 TDI (FFFF) TDO (A332);
SDR 16 TDI (FFFF) TDO (3FE4);
SDR 16 TDI (FFFF) TDO (2C67);
SDR 16 TDI (FFFF) TDO (9C11);
SDR 16 TDI (FFFF) TDO (63F7);
SDR 16 TDI (FFFF) TDO (0072);
SDR 16 TDI (FFFF) TDO (D57F);
SDR 16 TDI (FFFF) TDO (FFFF);
SDR 16 TDI (FFFF) TDO (BFFF);
SDR 16 TDI (FFFF) TDO (7733);
SDR 16 TDI (FFFF) TDO (2A13);
SDR 16 TDI (FFFF) TDO (111D);
SDR 16 TDI (FFFF) TDO (791B);
SDR 16 TDI (FFFF) TDO (B55D);
SDR 16 TDI (FFFF) TDO (DDDE);
SDR 16 TDI (FFFF) TDO (66E6);
SDR 16 TDI (FFFF) TDO (AA8C);
SDR 16 TDI (FFFF) TDO (CCCF);
SDR 16 TDI (FFFF) TDO (6336);
SDR 16 TDI (FFFF) TDO (6A13);
SDR 16 TDI (FFFF) TDO (6777);
SDR 16 TDI (FFFF) TDO (9999);
SDR 16 TDI (FFFF) TDO (9519);
SDR 16 TDI (FFFF) TDO (999F);
SDR 16 TDI (FFFF) TDO (AE66);
SDR 16 TDI (FFFF) TDO (6547);
SDR 16 TDI (FFFF) TDO (6773);
SDR 16 TDI (FFFF) TDO (B993);
SDR 16 TDI (FFFF) TDO (76A3);
SDR 16 TDI (FFFF) TDO (3331);
SDR 16 TDI (FFFF) TDO (FFFF);
SDR 16 TDI (FFFF) TDO (FFFF);
SDR 16 TDI (FFFF) TDO (BFFF);
SDR 16 TDI (FFFF) TDO (FDD9);
SDR 16 TDI (FFFF) TDO (FEEE);
SDR 16 TDI (FFFF) TDO (EEEF);
SDR 16 TDI (FFFF) TDO (6EFF);
SDR 16 TDI (FFFF) TDO (FF7F);
SDR 16 TDI (FFFF) TDO (FFFF);
SDR 16 TDI (FFFF) TDO (BFBB);
SDR 16 TDI (FFFF) TDO (BFBF);
SDR 16 TDI (FFFF) TDO (FFBF);
SDR 16 TDI (FFFF) TDO (D9BB);
SDR 16 TDI (FFFF) TDO (FE66);
SDR 16 TDI (FFFF) TDO (6CFF);
SDR 16 TDI (FFFF) TDO (EEEE);
SDR 16 TDI (FFFF) TDO (FF77);
SDR 16 TDI (FFFF) TDO (7FFF);
SDR 16 TDI (FFFF) TDO (B333);
SDR 16 TDI (FFFF) TDO (B7CD);
SDR 16 TDI (FFFF) TDO (ECFF);
SDR 16 TDI (FFFF) TDO (EEFD);
SDR 16 TDI (FFFF) TDO (7BEE);
SDR 16 TDI (FFFF) TDO (EEFE);
SDR 16 TDI (FFFF) TDO (FFFF);
SDR 16 TDI (FFFF) TDO (FFFF);
SDR 16 TDI (FFFF) TDO (BFFF);
SDR 16 TDI (FFFF) TDO (FFFF);
SDR 16 TDI (FFFF) TDO (7FE7);
SDR 16 TDI (FFFF) TDO (FFBF);
SDR 16 TDI (FFFF) TDO (7FBF);
SDR 16 TDI (FFFF) TDO (FFFF);
SDR 16 TDI (FFFF) TDO (BFDE);
SDR 16 TDI (FFFF) TDO (FFFE);
SDR 16 TDI (FFFF) TDO (BFDF);
SDR 16 TDI (FFFF) TDO (EDFF);
SDR 16 TDI (FFFF) TDO (FB6D);
SDR 16 TDI (FFFF) TDO (7FFD);
SDR 16 TDI (FFFF) TDO (7FCF);
SDR 16 TDI (FFFF) TDO (FF4F);
SDR 16 TDI (FFFF) TDO (FFDF);
SDR 16 TDI (FFFF) TDO (F7FF);
SDR 16 TDI (FFFF) TDO (BFCB);
SDR 16 TDI (FFFF) TDO (FFEF);
SDR 16 TDI (FFFF) TDO (FFFE);
SDR 16 TDI (FFFF) TDO (FFFE);
SDR 16 TDI (FFFF) TDO (7FFF);
SDR 16 TDI (FFFF) TDO (BF57);
SDR 16 TDI (FFFF) TDO (FFFF);
SDR 16 TDI (FFFF) TDO (FFFF);
SDR 16 TDI (FFFF) TDO (BFFF);
SDR 16 TDI (FFFF) TDO (7FF7);
SDR 16 TDI (FFFF) TDO (FFBF);
SDR 16 TDI (FFFF) TDO (BBFF);
SDR 16 TDI (FFFF) TDO (7FFF);
SDR 16 TDI (FFFF) TDO (FFFF);
SDR 16 TDI (FFFF) TDO (FFFF);
SDR 16 TDI (FFFF) TDO (FFFF);
SDR 16 TDI (FFFF) TDO (BFFF);
SDR 16 TDI (FFFF) TDO (FFFB);
SDR 16 TDI (FFFF) TDO (7FF7);
SDR 16 TDI (FFFF) TDO (FFBB);
SDR 16 TDI (FFFF) TDO (77FD);
SDR 16 TDI (FFFF) TDO (EFFE);
SDR 16 TDI (FFFF) TDO (FFFF);
SDR 16 TDI (FFFF) TDO (FFFF);
SDR 16 TDI (FFFF) TDO (BEFF);
SDR 16 TDI (FFFF) TDO (CFFD);
SDR 16 TDI (FFFF) TDO (777F);
SDR 16 TDI (FFFF) TDO (FEBF);
SDR 16 TDI (FFFF) TDO (7FFF);
SDR 16 TDI (FFFF) TDO (FFFF);
SDR 16 TDI (FFFF) TDO (FAFF);
SDR 16 TDI (FFFF) TDO (FFFF);
SDR 16 TDI (FFFF) TDO (AFFF);
SDR 16 TDI (FFFF) TDO (7FFB);
SDR 16 TDI (FFFF) TDO (FFEF);
SDR 16 TDI (FFFF) TDO (FFFF);
SDR 16 TDI (FFFF) TDO (7FFF);
SDR 16 TDI (FFFF) TDO (FFFF);
SDR 16 TDI (FFFF) TDO (FFFF);
SDR 16 TDI (FFFF) TDO (7FFF);
SDR 16 TDI (FFFF) TDO (BFFF);
SDR 16 TDI (FFFF) TDO (EFF7);
SDR 16 TDI (FFFF) TDO (FF7F);
SDR 16 TDI (FFFF) TDO (FFBF);
SDR 16 TDI (FFFF) TDO (7FBD);
SDR 16 TDI (FFFF) TDO (FF3F);
SDR 16 TDI (FFFF) TDO (7FDF);
SDR 16 TDI (FFFF) TDO (F7FF);
SDR 16 TDI (FFFF) TDO (BFBF);
SDR 16 TDI (FFFF) TDO (EFFB);
SDR 16 TDI (FFFF) TDO (FF7E);
SDR 16 TDI (FFFF) TDO (FFBF);
SDR 16 TDI (FFFF) TDO (7FFF);
SDR 16 TDI (FFFF) TDO (FFBB);
SDR 16 TDI (FFFF) TDO (FFFF);
SDR 16 TDI (FFFF) TDO (FFFF);
SDR 16 TDI (FFFF) TDO (AFFF);
SDR 16 TDI (FFFF) TDO (FFFF);
SDR 16 TDI (FFFF) TDO (7FB7);
SDR 16 TDI (FFFF) TDO (B77F);
SDR 16 TDI (FFFF) TDO (7FBF);
SDR 16 TDI (FFFF) TDO (FFFF);
SDR 16 TDI (FFFF) TDO (DFBF);
SDR 16 TDI (FFFF) TDO (FFFE);
SDR 16 TDI (FFFF) TDO (BFEF);
SDR 16 TDI (FFFF) TDO (FDFF);
SDR 16 TDI (FFFF) TDO (7BE5);
SDR 16 TDI (FFFF) TDO (7FFA);
SDR 16 TDI (FFFF) TDO (77F7);
SDR 16 TDI (FFFF) TDO (F7F7);
SDR 16 TDI (FFFF) TDO (FFFF);
SDR 16 TDI (FFFF) TDO (FFFF);
SDR 16 TDI (FFFF) TDO (BF6D);
SDR 16 TDI (FFFF) TDO (FFEF);
SDR 16 TDI (FFFF) TDO (77FF);
SDR 16 TDI (FFFF) TDO (FF7F);
SDR 16 TDI (FFFF) TDO (6FFF);
SDR 16 TDI (FFFF) TDO (7FEF);
SDR 16 TDI (FFFF) TDO (FFFF);
SDR 16 TDI (FFFF) TDO (FFFF);
SDR 16 TDI (FFFF) TDO (BFFF);
SDR 16 TDI (FFFF) TDO (FFF7);
SDR 16 TDI (FFFF) TDO (FFFF);
SDR 16 TDI (FFFF) TDO (FFFF);
SDR 16 TDI (FFFF) TDO (7FF7);
SDR 16 TDI (FFFF) TDO (FFDF);
SDR 16 TDI (FFFF) TDO (DFDF);
SDR 16 TDI (FFFF) TDO (FEFE);
SDR 16 TDI (FFFF) TDO (BFFF);
SDR 16 TDI (FFFF) TDO (9F7F);
SDR 16 TDI (FFFF) TDO (FEFF);
SDR 16 TDI (FFFF) TDO (FFFF);
SDR 16 TDI (FFFF) TDO (7FB7);
SDR 16 TDI (FFFF) TDO (FFF7);
SDR 16 TDI (FFFF) TDO (FFFB);
SDR 16 TDI (FFFF) TDO (3F7F);
SDR 16 TDI (FFFF) TDO (BFED);
SDR 16 TDI (FFFF) TDO (FFEF);
SDR 16 TDI (FFFF) TDO (FFFE);
SDR 16 TDI (FFFF) TDO (FFFF);
SDR 16 TDI (FFFF) TDO (7FFF);
SDR 16 TDI (FFFF) TDO (EFFF);
SDR 16 TDI (FFFF) TDO (FFFF);
SDR 16 TDI (FFFF) TDO (FFFF);
SDR 16 TDI (FFFF) TDO (BFFF);
SDR 16 TDI (FFFF) TDO (FFDF);
SDR 16 TDI (FFFF) TDO (FFFF);
SDR 16 TDI (FFFF) TDO (FFFE);
SDR 16 TDI (FFFF) TDO (7FFF);
SDR 16 TDI (FFFF) TDO (FFEF);
SDR 16 TDI (FFFF) TDO (FFFF);
SDR 16 TDI (FFFF) TDO (B5DF);
SDR 16 TDI (FFFF) TDO (BFF7);
SDR 16 TDI (FFFF) TDO (F7FF);
SDR 16 TDI (FFFF) TDO (FF77);
SDR 16 TDI (FFFF) TDO (FF5F);
SDR 16 TDI (FFFF) TDO (72FE);
SDR 16 TDI (FFFF) TDO (EF7B);
SDR 16 TDI (FFFF) TDO (FFEF);
SDR 16 TDI (FFFF) TDO (FFF1);
SDR 16 TDI (FFFF) TDO (BF7E);
SDR 16 TDI (FFFF) TDO (FFFF);
SDR 16 TDI (FFFF) TDO (FB6B);
SDR 16 TDI (FFFF) TDO (FFFF);
SDR 16 TDI (FFFF) TDO (7FFF);
SDR 16 TDI (FFFF) TDO (FEFA);
SDR 16 TDI (FFFF) TDO (FFFF);
SDR 16 TDI (FFFF) TDO (FFFF);
SDR 16 TDI (FFFF) TDO (BFFF);
SDR 16 TDI (FFFF) TDO (FFF7);
SDR 16 TDI (FFFF) TDO (FFFF);
SDR 16 TDI (FFFF) TDO (FFFD);
SDR 16 TDI (FFFF) TDO (7F6F);
SDR 16 TDI (FFFF) TDO (FFF6);
SDR 16 TDI (FFFF) TDO (FFDF);
SDR 16 TDI (FFFF) TDO (6FF7);
SDR 16 TDI (FFFF) TDO (BFDF);
SDR 16 TDI (FFFF) TDO (F9DF);
SDR 16 TDI (FFFF) TDO (BFF6);
SDR 16 TDI (FFFF) TDO (FFB7);
SDR 16 TDI (FFFF) TDO (7777);
SDR 16 TDI (FFFF) TDO (FDDF);
SDR 16 TDI (FFFF) TDO (DFBD);
SDR 16 TDI (FFFF) TDO (7BF3);
SDR 16 TDI (FFFF) TDO (BFFA);
SDR 16 TDI (FFFF) TDO (FFFF);
SDR 16 TDI (FFFF) TDO (FFFF);
SDR 16 TDI (FFFF) TDO (FFDD);
SDR 16 TDI (FFFF) TDO (6BFF);
SDR 16 TDI (FFFF) TDO (7FFF);
SDR 16 TDI (FFFF) TDO (FFFF);
SDR 16 TDI (FFFF) TDO (FFFF);
SDR 16 TDI (FFFF) TDO (BFFF);
SDR 16 TDI (FFFF) TDO (FFEF);
SDR 16 TDI (FFFF) TDO (FFFF);
SDR 16 TDI (FFFF) TDO (FFFF);
SDR 16 TDI (FFFF) TDO (7FFF);
SDR 16 TDI (FFFF) TDO (FFDF);
SDR 16 TDI (FFFF) TDO (DFFF);
SDR 16 TDI (FFFF) TDO (DCBF);
SDR 16 TDI (FFFF) TDO (AFFB);
SDR 16 TDI (FFFF) TDO (6FBF);
SDR 16 TDI (FFFF) TDO (FD7F);
SDR 16 TDI (FFFF) TDO (FFEF);
SDR 16 TDI (FFFF) TDO (7DBF);
SDR 16 TDI (FFFF) TDO (76EB);
SDR 16 TDI (FFFF) TDO (FFEF);
SDR 16 TDI (FFFF) TDO (DEFE);
SDR 16 TDI (FFFF) TDO (BEEF);
SDR 16 TDI (FFFF) TDO (FFEF);
SDR 16 TDI (FFFF) TDO (FD6B);
SDR 16 TDI (FFFF) TDO (7FFF);
SDR 16 TDI (FFFF) TDO (7FFF);
SDR 16 TDI (FFFF) TDO (DDF6);
SDR 16 TDI (FFFF) TDO (FFFF);
SDR 16 TDI (FFFF) TDO (FFFF);
SDR 16 TDI (FFFF) TDO (BFFF);
SDR 16 TDI (FFFF) TDO (FFFF);
SDR 16 TDI (FFFF) TDO (FFFF);
SDR 16 TDI (FFFF) TDO (FFFF);
SDR 16 TDI (FFFF) TDO (7FFF);
SDR 16 TDI (FFFF) TDO (FFFF);
SDR 16 TDI (FFFF) TDO (FFFC);
SDR 16 TDI (FFFF) TDO (EFBF);
SDR 16 TDI (FFFF) TDO (BFFF);
SDR 16 TDI (FFFF) TDO (FFFB);
SDR 16 TDI (FFFF) TDO (FFFF);
SDR 16 TDI (FFFF) TDO (FFFF);
SDR 16 TDI (FFFF) TDO (7D5F);
SDR 16 TDI (FFFF) TDO (FF3D);
SDR 16 TDI (FFFF) TDO (FFFB);
SDR 16 TDI (FFFF) TDO (BFF2);
SDR 16 TDI (FFFF) TDO (BDFE);
SDR 16 TDI (FFFF) TDO (FFFF);
SDR 16 TDI (FFFF) TDO (2EEF);
SDR 16 TDI (FFFF) TDO (FFF7);
SDR 16 TDI (FFFF) TDO (7FFF);
SDR 16 TDI (FFFF) TDO (FFF7);
SDR 16 TDI (FFFF) TDO (FFFF);
SDR 16 TDI (FFFF) TDO (FFFF);
SDR 16 TDI (FFFF) TDO (BF7F);
SDR 16 TDI (FFFF) TDO (FFFF);
SDR 16 TDI (FFFF) TDO (FFFF);
SDR 16 TDI (FFFF) TDO (FFFF);
SDR 16 TDI (FFFF) TDO (7FFF);
SDR 16 TDI (FFFF) TDO (FFBD);
SDR 16 TDI (FFFF) TDO (FFFF);
SDR 16 TDI (FFFF) TDO (BCFF);
SDR 16 TDI (FFFF) TDO (BFDE);
SDR 16 TDI (FFFF) TDO (775F);
SDR 16 TDI (FFFF) TDO (FEFF);
SDR 16 TDI (FFFF) TDO (FF7F);
SDR 16 TDI (FFFF) TDO (7FEF);
SDR 16 TDI (FFFF) TDO (DFF7);
SDR 16 TDI (FFFF) TDO (FFBF);
SDR 16 TDI (FFFF) TDO (F53F);
SDR 16 TDI (FFFF) TDO (B6AB);
SDR 16 TDI (FFFF) TDO (FFEF);
SDR 16 TDI (FFFF) TDO (FBBB);
SDR 16 TDI (FFFF) TDO (FEFF);
SDR 16 TDI (FFFF) TDO (7FF7);
SDR 16 TDI (FFFF) TDO (FFFF);
SDR 16 TDI (FFFF) TDO (FFFF);
SDR 16 TDI (FFFF) TDO (FFFF);
SDR 16 TDI (FFFF) TDO (BFFF);
SDR 16 TDI (FFFF) TDO (FFFF);
SDR 16 TDI (FFFF) TDO (FFFF);
SDR 16 TDI (FFFF) TDO (FFFF);
SDR 16 TDI (FFFF) TDO (7FFF);
SDR 16 TDI (FFFF) TDO (FFBF);
SDR 16 TDI (FFFF) TDO (FFFE);
SDR 16 TDI (FFFF) TDO (EFF7);
SDR 16 TDI (FFFF) TDO (BFDF);
SDR 16 TDI (FFFF) TDO (BFEF);
SDR 16 TDI (FFFF) TDO (FFFF);
SDR 16 TDI (FFFF) TDO (FF7F);
SDR 16 TDI (FFFF) TDO (7D7F);
SDR 16 TDI (FFFF) TDO (FFFF);
SDR 16 TDI (FFFF) TDO (FFBD);
SDR 16 TDI (FFFF) TDO (FFF5);
SDR 16 TDI (FFFF) TDO (BFFA);
SDR 16 TDI (FFFF) TDO (FFFF);
SDR 16 TDI (FFFF) TDO (5FFF);
SDR 16 TDI (FFFF) TDO (FFFD);
SDR 16 TDI (FFFF) TDO (7FF7);
SDR 16 TDI (FFFF) TDO (FFFF);
SDR 16 TDI (FFFF) TDO (FFFF);
SDR 16 TDI (FFFF) TDO (FFFF);
SDR 16 TDI (FFFF) TDO (BFBF);
SDR 16 TDI (FFFF) TDO (FFFF);
SDR 16 TDI (FFFF) TDO (FFFF);
SDR 16 TDI (FFFF) TDO (FFFF);
SDR 16 TDI (FFFF) TDO (7FFF);
SDR 16 TDI (FFFF) TDO (FFFB);
SDR 16 TDI (FFFF) TDO (FFFD);
SDR 16 TDI (FFFF) TDO (DCBF);
SDR 16 TDI (FFFF) TDO (BFFE);
SDR 16 TDI (FFFF) TDO (F7B7);
SDR 16 TDI (FFFF) TDO (FEFF);
SDR 16 TDI (FFFF) TDO (FFFF);
SDR 16 TDI (FFFF) TDO (7FCF);
SDR 16 TDI (FFFF) TDO (DEAB);
SDR 16 TDI (FFFF) TDO (FFFF);
SDR 16 TDI (FFFF) TDO (B2BF);
SDR 16 TDI (FFFF) TDO (B2D7);
SDR 16 TDI (FFFF) TDO (FFFF);
SDR 16 TDI (FFFF) TDO (ECAB);
SDR 16 TDI (FFFF) TDO (FF6F);
SDR 16 TDI (FFFF) TDO (7FFF);
SDR 16 TDI (FFFF) TDO (FFFB);
SDR 16 TDI (FFFF) TDO (FFFF);
SDR 16 TDI (FFFF) TDO (FFFF);
SDR 16 TDI (FFFF) TDO (A55F);
SDR 16 TDI (FFFF) TDO (FFFF);
SDR 16 TDI (FFFF) TDO (FFFF);
SDR 16 TDI (FFFF) TDO (FFFF);
SDR 16 TDI (FFFF) TDO (7FFF);
SDR 16 TDI (FFFF) TDO (EFFF);
SDR 16 TDI (FFFF) TDO (FFFF);
SDR 16 TDI (FFFF) TDO (FFFF);
SDR 16 TDI (FFFF) TDO (B6F9);
SDR 16 TDI (FFFF) TDO (FF7F);
SDR 16 TDI (FFFF) TDO (FFFF);
SDR 16 TDI (FFFF) TDO (AFFF);
SDR 16 TDI (FFFF) TDO (7EFF);
SDR 16 TDI (FFFF) TDO (FFFB);
SDR 16 TDI (FFFF) TDO (FFDA);
SDR 16 TDI (FFFF) TDO (BF6F);
SDR 16 TDI (FFFF) TDO (BDEB);
SDR 16 TDI (FFFF) TDO (FFFA);
SDR 16 TDI (FFFF) TDO (FFFF);
SDR 16 TDI (FFFF) TDO (FFFF);
SDR 16 TDI (FFFF) TDO (7BFF);
SDR 16 TDI (FFFF) TDO (FFFD);
SDR 16 TDI (FFFF) TDO (FBBF);
SDR 16 TDI (FFFF) TDO (FFFF);
SDR 16 TDI (FFFF) TDO (AFFF);
SDR 16 TDI (FFFF) TDO (FFFF);
SDR 16 TDI (FFFF) TDO (FFFF);
SDR 16 TDI (FFFF) TDO (FFFF);
SDR 16 TDI (FFFF) TDO (7FBF);
SDR 16 TDI (FFFF) TDO (FFFD);
SDR 16 TDI (FFFF) TDO (FFFE);
SDR 16 TDI (FFFF) TDO (DFDF);
SDR 16 TDI (FFFF) TDO (BFEF);
SDR 16 TDI (FFFF) TDO (AEFF);
SDR 16 TDI (FFFF) TDO (FFFF);
SDR 16 TDI (FFFF) TDO (FFFF);
SDR 16 TDI (FFFF) TDO (77FE);
SDR 16 TDI (FFFF) TDO (AEBE);
SDR 16 TDI (FFFF) TDO (BFF7);
SDR 16 TDI (FFFF) TDO (FDFD);
SDR 16 TDI (FFFF) TDO (B7FF);
SDR 16 TDI (FFFF) TDO (EFF7);
SDR 16 TDI (FFFF) TDO (FFFF);
SDR 16 TDI (FFFF) TDO (FFFF);
SDR 16 TDI (FFFF) TDO (7FFF);
SDR 16 TDI (FFFF) TDO (FFFF);
SDR 16 TDI (FFFF) TDO (FFFF);
SDR 16 TDI (FFFF) TDO (FFFF);
SDR 16 TDI (FFFF) TDO (A55F);
SDR 16 TDI (FFFF) TDO (FFFF);
SDR 16 TDI (FFFF) TDO (FFFF);
SDR 16 TDI (FFFF) TDO (FFFF);
SDR 16 TDI (FFFF) TDO (7FFF);
SDR 16 TDI (FFFF) TDO (FFDF);
SDR 16 TDI (FFFF) TDO (FDFF);
SDR 16 TDI (FFFF) TDO (F776);
SDR 16 TDI (FFFF) TDO (BFFF);
SDR 16 TDI (FFFF) TDO (FFDF);
SDR 16 TDI (FFFF) TDO (BFFF);
SDR 16 TDI (FFFF) TDO (FFFF);
SDR 16 TDI (FFFF) TDO (7FFE);
SDR 16 TDI (FFFF) TDO (ECFF);
SDR 16 TDI (FFFF) TDO (7FF7);
SDR 16 TDI (FFFF) TDO (7FBD);
SDR 16 TDI (FFFF) TDO (BEFD);
SDR 16 TDI (FFFF) TDO (5FFF);
SDR 16 TDI (FFFF) TDO (D6F7);
SDR 16 TDI (FFFF) TDO (FFBF);
SDR 16 TDI (FFFF) TDO (7FFF);
SDR 16 TDI (FFFF) TDO (FFFB);
SDR 16 TDI (FFFF) TDO (FB9F);
SDR 16 TDI (FFFF) TDO (FFFF);
SDR 16 TDI (FFFF) TDO (AAAF);
SDR 16 TDI (FFFF) TDO (FFFF);
SDR 16 TDI (FFFF) TDO (FFFF);
SDR 16 TDI (FFFF) TDO (FFFF);
SDR 16 TDI (FFFF) TDO (7FFF);
SDR 16 TDI (FFFF) TDO (BFFF);
SDR 16 TDI (FFFF) TDO (FFDF);
SDR 16 TDI (FFFF) TDO (6FAD);
SDR 16 TDI (FFFF) TDO (AFF7);
SDR 16 TDI (FFFF) TDO (777B);
SDR 16 TDI (FFFF) TDO (FFBF);
SDR 16 TDI (FFFF) TDO (FFF7);
SDR 16 TDI (FFFF) TDO (7FFF);
SDR 16 TDI (FFFF) TDO (FFFF);
SDR 16 TDI (FFFF) TDO (F3BF);
SDR 16 TDI (FFFF) TDO (EFFF);
SDR 16 TDI (FFFF) TDO (BAFF);
SDR 16 TDI (FFFF) TDO (F77F);
SDR 16 TDI (FFFF) TDO (FDED);
SDR 16 TDI (FFFF) TDO (FFFF);
SDR 16 TDI (FFFF) TDO (7EBF);
SDR 16 TDI (FFFF) TDO (FFFF);
SDR 16 TDI (FFFF) TDO (F75F);
SDR 16 TDI (FFFF) TDO (FFFF);
SDR 16 TDI (FFFF) TDO (BFFF);
SDR 16 TDI (FFFF) TDO (FFFF);
SDR 16 TDI (FFFF) TDO (FFFF);
SDR 16 TDI (FFFF) TDO (FFFF);
SDR 16 TDI (FFFF) TDO (7FFF);
SDR 16 TDI (FFFF) TDO (FFFF);
SDR 16 TDI (FFFF) TDO (FFFD);
SDR 16 TDI (FFFF) TDO (BBFF);
SDR 16 TDI (FFFF) TDO (BFEF);
SDR 16 TDI (FFFF) TDO (FEFF);
SDR 16 TDI (FFFF) TDO (FFFF);
SDR 16 TDI (FFFF) TDO (F7FF);
SDR 16 TDI (FFFF) TDO (7FFF);
SDR 16 TDI (FFFF) TDO (FFB7);
SDR 16 TDI (FFFF) TDO (BFFF);
SDR 16 TDI (FFFF) TDO (FEEF);
SDR 16 TDI (FFFF) TDO (AFDF);
SDR 16 TDI (FFFF) TDO (FFED);
SDR 16 TDI (FFFF) TDO (F7FF);
SDR 16 TDI (FFFF) TDO (FFFF);
SDR 16 TDI (FFFF) TDO (7FFF);
SDR 16 TDI (FFFF) TDO (FFFD);
SDR 16 TDI (FFFF) TDO (FFFF);
SDR 16 TDI (FFFF) TDO (FFFF);
SDR 16 TDI (FFFF) TDO (BFFF);
SDR 16 TDI (FFFF) TDO (FFFF);
SDR 16 TDI (FFFF) TDO (FFFF);
SDR 16 TDI (FFFF) TDO (FFFF);
SDR 16 TDI (FFFF) TDO (7FFF);
SDR 16 TDI (FFFF) TDO (FBFF);
SDR 16 TDI (FFFF) TDO (FFFB);
SDR 16 TDI (FFFF) TDO (FDFD);
SDR 16 TDI (FFFF) TDO (BFFE);
SDR 16 TDI (FFFF) TDO (FBD7);
SDR 16 TDI (FFFF) TDO (FFFF);
SDR 16 TDI (FFFF) TDO (FFFF);
SDR 16 TDI (FFFF) TDO (7FEF);
SDR 16 TDI (FFFF) TDO (BBED);
SDR 16 TDI (FFFF) TDO (FFFB);
SDR 16 TDI (FFFF) TDO (ABBF);
SDR 16 TDI (FFFF) TDO (BFB7);
SDR 16 TDI (FFFF) TDO (DFFF);
SDR 16 TDI (FFFF) TDO (DBFD);
SDR 16 TDI (FFFF) TDO (FFFF);
SDR 16 TDI (FFFF) TDO (7FFF);
SDR 16 TDI (FFFF) TDO (FFF7);
SDR 16 TDI (FFFF) TDO (FFFF);
SDR 16 TDI (FFFF) TDO (FFFF);
SDR 16 TDI (FFFF) TDO (BFFF);
SDR 16 TDI (FFFF) TDO (FFFF);
SDR 16 TDI (FFFF) TDO (FFFF);
SDR 16 TDI (FFFF) TDO (FFFF);
SDR 16 TDI (FFFF) TDO (7FFF);
SDR 16 TDI (FFFF) TDO (EDFF);
SDR 16 TDI (FFFF) TDO (FFFD);
SDR 16 TDI (FFFF) TDO (37B9);
SDR 16 TDI (FFFF) TDO (BFD6);
SDR 16 TDI (FFFF) TDO (317F);
SDR 16 TDI (FFFF) TDO (7FBF);
SDR 16 TDI (FFFF) TDO (7FFF);
SDR 16 TDI (FFFF) TDO (7F7F);
SDR 16 TDI (FFFF) TDO (1377);
SDR 16 TDI (FFFF) TDO (BDEE);
SDR 16 TDI (FFFF) TDO (6F5F);
SDR 16 TDI (FFFF) TDO (B5D2);
SDR 16 TDI (FFFF) TDO (F7F5);
SDR 16 TDI (FFFF) TDO (9D7B);
SDR 16 TDI (FFFF) TDO (FFFF);
SDR 16 TDI (FFFF) TDO (77FF);
SDR 16 TDI (FFFF) TDO (FFFF);
SDR 16 TDI (FFFF) TDO (FFFF);
SDR 16 TDI (FFFF) TDO (FFFF);
SDR 16 TDI (FFFF) TDO (BBBF);
SDR 16 TDI (FFFF) TDO (FFFF);
SDR 16 TDI (FFFF) TDO (FFFF);
SDR 16 TDI (FFFF) TDO (FFFF);
SDR 16 TDI (FFFF) TDO (7FFF);
SDR 16 TDI (FFFF) TDO (FFFF);
SDR 16 TDI (FFFF) TDO (FFFF);
SDR 16 TDI (FFFF) TDO (FEDE);
SDR 16 TDI (FFFF) TDO (B5FD);
SDR 16 TDI (FFFF) TDO (EEC7);
SDR 16 TDI (FFFF) TDO (FFFF);
SDR 16 TDI (FFFF) TDO (FFF7);
SDR 16 TDI (FFFF) TDO (77FF);
SDR 16 TDI (FFFF) TDO (FFAB);
SDR 16 TDI (FFFF) TDO (5F9D);
SDR 16 TDI (FFFF) TDO (DCFE);
SDR 16 TDI (FFFF) TDO (AE3D);
SDR 16 TDI (FFFF) TDO (AFFF);
SDR 16 TDI (FFFF) TDO (67E7);
SDR 16 TDI (FFFF) TDO (FFFF);
SDR 16 TDI (FFFF) TDO (7FBF);
SDR 16 TDI (FFFF) TDO (FFFC);
SDR 16 TDI (FFFF) TDO (F67F);
SDR 16 TDI (FFFF) TDO (FFFF);
SDR 16 TDI (FFFF) TDO (BFFF);
SDR 16 TDI (FFFF) TDO (FFFF);
SDR 16 TDI (FFFF) TDO (FFFF);
SDR 16 TDI (FFFF) TDO (FFFF);
SDR 16 TDI (FFFF) TDO (7FBF);
SDR 16 TDI (FFFF) TDO (DFDD);
SDR 16 TDI (FFFF) TDO (FDBA);
SDR 16 TDI (FFFF) TDO (C9E7);
SDR 16 TDI (FFFF) TDO (AFEB);
SDR 16 TDI (FFFF) TDO (FFBB);
SDR 16 TDI (FFFF) TDO (FFFF);
SDR 16 TDI (FFFF) TDO (DBFF);
SDR 16 TDI (FFFF) TDO (7FEE);
SDR 16 TDI (FFFF) TDO (ECDC);
SDR 16 TDI (FFFF) TDO (F7F3);
SDR 16 TDI (FFFF) TDO (B3A5);
SDR 16 TDI (FFFF) TDO (BBEF);
SDR 16 TDI (FFFF) TDO (DF6B);
SDR 16 TDI (FFFF) TDO (FBFD);
SDR 16 TDI (FFFF) TDO (FFBF);
SDR 16 TDI (FFFF) TDO (7EFF);
SDR 16 TDI (FFFF) TDO (FFF3);
SDR 16 TDI (FFFF) TDO (FFFF);
SDR 16 TDI (FFFF) TDO (FFFF);
SDR 16 TDI (FFFF) TDO (A55F);
SDR 16 TDI (FFFF) TDO (FFFF);
SDR 16 TDI (FFFF) TDO (FEFF);
SDR 16 TDI (FFFF) TDO (FFFF);
SDR 16 TDI (FFFF) TDO (7E1F);
SDR 16 TDI (FFFF) TDO (9F00);
SDR 16 TDI (FFFF) TDO (781F);
SDR 16 TDI (FFFF) TDO (4CCE);
SDR 16 TDI (FFFF) TDO (BFAD);
SDR 16 TDI (FFFF) TDO (F6D8);
SDR 16 TDI (FFFF) TDO (3F3C);
SDR 16 TDI (FFFF) TDO (3EF3);
SDR 16 TDI (FFFF) TDO (6007);
SDR 16 TDI (FFFF) TDO (555D);
SDR 16 TDI (FFFF) TDO (BF2E);
SDR 16 TDI (FFFF) TDO (EBBE);
SDR 16 TDI (FFFF) TDO (B2E1);
SDR 16 TDI (FFFF) TDO (EFC8);
SDR 16 TDI (FFFF) TDO (060F);
SDR 16 TDI (FFFF) TDO (FE1E);
SDR 16 TDI (FFFF) TDO (63EF);
SDR 16 TDI (FFFF) TDO (FFFD);
SDR 16 TDI (FFFF) TDO (EB9F);
SDR 16 TDI (FFFF) TDO (FFFF);
SDR 16 TDI (FFFF) TDO (AFFF);
SDR 16 TDI (FFFF) TDO (FFFF);
SDR 16 TDI (FFFF) TDO (FDFF);
SDR 16 TDI (FFFF) TDO (FFFF);
SDR 16 TDI (FFFF) TDO (7E1F);
SDR 16 TDI (FFFF) TDO (9B80);
SDR 16 TDI (FFFF) TDO (781B);
SDR 16 TDI (FFFF) TDO (40C5);
SDR 16 TDI (FFFF) TDO (AFCD);
SDR 16 TDI (FFFF) TDO (A4C8);
SDR 16 TDI (FFFF) TDO (3F3C);
SDR 16 TDI (FFFF) TDO (37F3);
SDR 16 TDI (FFFF) TDO (6007);
SDR 16 TDI (FFFF) TDO (DDCD);
SDR 16 TDI (FFFF) TDO (5BBA);
SDR 16 TDI (FFFF) TDO (9B34);
SDR 16 TDI (FFFF) TDO (A065);
SDR 16 TDI (FFFF) TDO (06E6);
SDR 16 TDI (FFFF) TDO (A605);
SDR 16 TDI (FFFF) TDO (FE1E);
SDR 16 TDI (FFFF) TDO (637F);
SDR 16 TDI (FFFF) TDO (FFF3);
SDR 16 TDI (FFFF) TDO (FDDF);
SDR 16 TDI (FFFF) TDO (FFFF);
SDR 16 TDI (FFFF) TDO (B65F);
SDR 16 TDI (FFFF) TDO (FFFF);
SDR 16 TDI (FFFF) TDO (FFFF);
SDR 16 TDI (FFFF) TDO (FFFF);
SDR 16 TDI (FFFF) TDO (7E1F);
SDR 16 TDI (FFFF) TDO (8F80);
SDR 16 TDI (FFFF) TDO (781C);
SDR 16 TDI (FFFF) TDO (F5F7);
SDR 16 TDI (FFFF) TDO (A7D4);
SDR 16 TDI (FFFF) TDO (F16C);
SDR 16 TDI (FFFF) TDO (3F3C);
SDR 16 TDI (FFFF) TDO (1FF3);
SDR 16 TDI (FFFF) TDO (6007);
SDR 16 TDI (FFFF) TDO (3333);
SDR 16 TDI (FFFF) TDO (1FCA);
SDR 16 TDI (FFFF) TDO (ECCF);
SDR 16 TDI (FFFF) TDO (B6EF);
SDR 16 TDI (FFFF) TDO (F7F7);
SDR 16 TDI (FFFF) TDO (F613);
SDR 16 TDI (FFFF) TDO (FE1E);
SDR 16 TDI (FFFF) TDO (63FF);
SDR 16 TDI (FFFF) TDO (FFFD);
SDR 16 TDI (FFFF) TDO (EBBF);
SDR 16 TDI (FFFF) TDO (FFFF);
SDR 16 TDI (FFFF) TDO (BFFF);
SDR 16 TDI (FFFF) TDO (FFFF);
SDR 16 TDI (FFFF) TDO (FFFF);
SDR 16 TDI (FFFF) TDO (FFFF);
SDR 16 TDI (FFFF) TDO (7E1F);
SDR 16 TDI (FFFF) TDO (9F80);
SDR 16 TDI (FFFF) TDO (7818);
SDR 16 TDI (FFFF) TDO (E1E0);
SDR 16 TDI (FFFF) TDO (AFC4);
SDR 16 TDI (FFFF) TDO (904C);
SDR 16 TDI (FFFF) TDO (3F3C);
SDR 16 TDI (FFFF) TDO (3FF3);
SDR 16 TDI (FFFF) TDO (6006);
SDR 16 TDI (FFFF) TDO (8883);
SDR 16 TDI (FFFF) TDO (3F90);
SDR 16 TDI (FFFF) TDO (8447);
SDR 16 TDI (FFFF) TDO (B688);
SDR 16 TDI (FFFF) TDO (4FE7);
SDR 16 TDI (FFFF) TDO (9013);
SDR 16 TDI (FFFF) TDO (FE1E);
SDR 16 TDI (FFFF) TDO (63FF);
SDR 16 TDI (FFFF) TDO (FFF0);
SDR 16 TDI (FFFF) TDO (EFFF);
SDR 16 TDI (FFFF) TDO (FFFF);
SDR 16 TDI (FFFF) TDO (BFFF);
SDR 16 TDI (FFFF) TDO (3333);
SDR 16 TDI (FFFF) TDO (1F33);
SDR 16 TDI (FFFF) TDO (333C);
SDR 16 TDI (FFFF) TDO (79D9);
SDR 16 TDI (FFFF) TDO (9FB9);
SDR 16 TDI (FFFF) TDO (99BB);
SDR 16 TDI (FFFF) TDO (64E3);
SDR 16 TDI (FFFF) TDO (AFC9);
SDR 16 TDI (FFFF) TDO (B887);
SDR 16 TDI (FFFF) TDO (33B3);
SDR 16 TDI (FFFF) TDO (3F37);
SDR 16 TDI (FFFF) TDO (6EEE);
SDR 16 TDI (FFFF) TDO (CCC0);
SDR 16 TDI (FFFF) TDO (9FB3);
SDR 16 TDI (FFFF) TDO (0017);
SDR 16 TDI (FFFF) TDO (A666);
SDR 16 TDI (FFFF) TDO (F3E7);
SDR 16 TDI (FFFF) TDO (66E7);
SDR 16 TDI (FFFF) TDO (99D9);
SDR 16 TDI (FFFF) TDO (7BF3);
SDR 16 TDI (FFFF) TDO (3332);
SDR 16 TDI (FFFF) TDO (FFFF);
SDR 16 TDI (FFFF) TDO (FFFF);
SDR 16 TDI (FFFF) TDO (BFFF);
SDR 16 TDI (FFFF) TDO (7777);
SDR 16 TDI (FFFF) TDO (4ABB);
SDR 16 TDI (FFFF) TDO (BBBD);
SDR 16 TDI (FFFF) TDO (7B9B);
SDR 16 TDI (FFFF) TDO (9519);
SDR 16 TDI (FFFF) TDO (D99E);
SDR 16 TDI (FFFF) TDO (6EEE);
SDR 16 TDI (FFFF) TDO (AA8C);
SDR 16 TDI (FFFF) TDO (CCEF);
SDR 16 TDI (FFFF) TDO (3737);
SDR 16 TDI (FFFF) TDO (2AB3);
SDR 16 TDI (FFFF) TDO (6667);
SDR 16 TDI (FFFF) TDO (9999);
SDR 16 TDI (FFFF) TDO (1519);
SDR 16 TDI (FFFF) TDO (998F);
SDR 16 TDI (FFFF) TDO (AEEE);
SDR 16 TDI (FFFF) TDO (E557);
SDR 16 TDI (FFFF) TDO (7677);
SDR 16 TDI (FFFF) TDO (BB9B);
SDR 16 TDI (FFFF) TDO (72AB);
SDR 16 TDI (FFFF) TDO (BBB1);
SDR 16 TDI (FFFF) TDO (FFFF);
SDR 16 TDI (FFFF) TDO (FFFF);
SDR 16 TDI (FFFF) TDO (BFFF);
SDR 16 TDI (FFFF) TDO (FFFF);
SDR 16 TDI (FFFF) TDO (FEFF);
SDR 16 TDI (FFFF) TDO (FFFF);
SDR 16 TDI (FFFF) TDO (7EFF);
SDR 16 TDI (FFFF) TDO (FF77);
SDR 16 TDI (FFFF) TDO (7F7B);
SDR 16 TDI (FFFF) TDO (7FF3);
SDR 16 TDI (FFFF) TDO (AF99);
SDR 16 TDI (FFFF) TDO (9BBD);
SDR 16 TDI (FFFF) TDO (FFFD);
SDR 16 TDI (FFFF) TDO (FEFF);
SDR 16 TDI (FFFF) TDO (7DDE);
SDR 16 TDI (FFFF) TDO (CCCE);
SDR 16 TDI (FFFF) TDO (FF33);
SDR 16 TDI (FFFF) TDO (7777);
SDR 16 TDI (FFFF) TDO (B77F);
SDR 16 TDI (FFFF) TDO (7FCE);
SDR 16 TDI (FFFF) TDO (FFCF);
SDR 16 TDI (FFFF) TDO (FEFE);
SDR 16 TDI (FFFF) TDO (7FEF);
SDR 16 TDI (FFFF) TDO (FFFE);
SDR 16 TDI (FFFF) TDO (DFFF);
SDR 16 TDI (FFFF) TDO (FFFF);
SDR 16 TDI (FFFF) TDO (BFFF);
SDR 16 TDI (FFFF) TDO (FFFF);
SDR 16 TDI (FFFF) TDO (FFDF);
SDR 16 TDI (FFFF) TDO (FFFF);
SDR 16 TDI (FFFF) TDO (7FFF);
SDR 16 TDI (FFFF) TDO (BFBF);
SDR 16 TDI (FFFF) TDO (FFFF);
SDR 16 TDI (FFFF) TDO (FFBF);
SDR 16 TDI (FFFF) TDO (BFFD);
SDR 16 TDI (FFFF) TDO (DD7F);
SDR 16 TDI (FFFF) TDO (DFFF);
SDR 16 TDI (FFFF) TDO (FFFE);
SDR 16 TDI (FFFF) TDO (7FEF);
SDR 16 TDI (FFFF) TDO (CFFF);
SDR 16 TDI (FFFF) TDO (7FFF);
SDR 16 TDI (FFFF) TDO (DFCD);
SDR 16 TDI (FFFF) TDO (B6BF);
SDR 16 TDI (FFFF) TDO (FFFF);
SDR 16 TDI (FFFF) TDO (FB7F);
SDR 16 TDI (FFFF) TDO (FFFF);
SDR 16 TDI (FFFF) TDO (7FF7);
SDR 16 TDI (FFFF) TDO (FFFF);
SDR 16 TDI (FFFF) TDO (FFFF);
SDR 16 TDI (FFFF) TDO (FFFF);
SDR 16 TDI (FFFF) TDO (BFFF);
SDR 16 TDI (FFFF) TDO (FFFF);
SDR 16 TDI (FFFF) TDO (FFFF);
SDR 16 TDI (FFFF) TDO (FFED);
SDR 16 TDI (FFFF) TDO (7FFF);
SDR 16 TDI (FFFF) TDO (FFFF);
SDR 16 TDI (FFFF) TDO (DFF7);
SDR 16 TDI (FFFF) TDO (EDF4);
SDR 16 TDI (FFFF) TDO (BFF7);
SDR 16 TDI (FFFF) TDO (7BFA);
SDR 16 TDI (FFFF) TDO (FEFE);
SDR 16 TDI (FFFF) TDO (FFFB);
SDR 16 TDI (FFFF) TDO (7F7D);
SDR 16 TDI (FFFF) TDO (FBFB);
SDR 16 TDI (FFFF) TDO (FFD5);
SDR 16 TDI (FFFF) TDO (F5FF);
SDR 16 TDI (FFFF) TDO (BFFF);
SDR 16 TDI (FFFF) TDO (EFF5);
SDR 16 TDI (FFFF) TDO (6FD2);
SDR 16 TDI (FFFF) TDO (FFFF);
SDR 16 TDI (FFFF) TDO (7FFF);
SDR 16 TDI (FFFF) TDO (FFFB);
SDR 16 TDI (FFFF) TDO (FFFF);
SDR 16 TDI (FFFF) TDO (FFFF);
SDR 16 TDI (FFFF) TDO (BFFF);
SDR 16 TDI (FFFF) TDO (FFFF);
SDR 16 TDI (FFFF) TDO (FFDF);
SDR 16 TDI (FFFF) TDO (FFDD);
SDR 16 TDI (FFFF) TDO (7FFF);
SDR 16 TDI (FFFF) TDO (FFFF);
SDR 16 TDI (FFFF) TDO (FFF7);
SDR 16 TDI (FFFF) TDO (EFDF);
SDR 16 TDI (FFFF) TDO (BFFF);
SDR 16 TDI (FFFF) TDO (F7FB);
SDR 16 TDI (FFFF) TDO (EFFF);
SDR 16 TDI (FFFF) TDO (FFF9);
SDR 16 TDI (FFFF) TDO (7F6F);
SDR 16 TDI (FFFF) TDO (B5FB);
SDR 16 TDI (FFFF) TDO (7FD7);
SDR 16 TDI (FFFF) TDO (BFDE);
SDR 16 TDI (FFFF) TDO (B73F);
SDR 16 TDI (FFFF) TDO (FFFD);
SDR 16 TDI (FFFF) TDO (FDFE);
SDR 16 TDI (FFFF) TDO (FFFF);
SDR 16 TDI (FFFF) TDO (7FFB);
SDR 16 TDI (FFFF) TDO (FFFF);
SDR 16 TDI (FFFF) TDO (FFDF);
SDR 16 TDI (FFFF) TDO (FFFF);
SDR 16 TDI (FFFF) TDO (BFFF);
SDR 16 TDI (FFFF) TDO (FFFF);
SDR 16 TDI (FFFF) TDO (FFFF);
SDR 16 TDI (FFFF) TDO (FFFF);
SDR 16 TDI (FFFF) TDO (7FFF);
SDR 16 TDI (FFFF) TDO (BFDF);
SDR 16 TDI (FFFF) TDO (DFFF);
SDR 16 TDI (FFFF) TDO (FFFF);
SDR 16 TDI (FFFF) TDO (AFFE);
SDR 16 TDI (FFFF) TDO (DDBF);
SDR 16 TDI (FFFF) TDO (FFFF);
SDR 16 TDI (FFFF) TDO (FFFF);
SDR 16 TDI (FFFF) TDO (7FFD);
SDR 16 TDI (FFFF) TDO (FFFF);
SDR 16 TDI (FFFF) TDO (FFFD);
SDR 16 TDI (FFFF) TDO (F5F7);
SDR 16 TDI (FFFF) TDO (BFFF);
SDR 16 TDI (FFFF) TDO (F7F7);
SDR 16 TDI (FFFF) TDO (7ECF);
SDR 16 TDI (FFFF) TDO (FFFF);
SDR 16 TDI (FFFF) TDO (7FFF);
SDR 16 TDI (FFFF) TDO (FFF7);
SDR 16 TDI (FFFF) TDO (FFDF);
SDR 16 TDI (FFFF) TDO (FFFF);
SDR 16 TDI (FFFF) TDO (BFFF);
SDR 16 TDI (FFFF) TDO (FFFF);
SDR 16 TDI (FFFF) TDO (FFFF);
SDR 16 TDI (FFFF) TDO (FFDF);
SDR 16 TDI (FFFF) TDO (7F7F);
SDR 16 TDI (FFFF) TDO (FFFF);
SDR 16 TDI (FFFF) TDO (FFFF);
SDR 16 TDI (FFFF) TDO (FEFF);
SDR 16 TDI (FFFF) TDO (BFDD);
SDR 16 TDI (FFFF) TDO (FDFF);
SDR 16 TDI (FFFF) TDO (FFFF);
SDR 16 TDI (FFFF) TDO (FFFE);
SDR 16 TDI (FFFF) TDO (7EF7);
SDR 16 TDI (FFFF) TDO (BF7F);
SDR 16 TDI (FFFF) TDO (DFDF);
SDR 16 TDI (FFFF) TDO (FFAF);
SDR 16 TDI (FFFF) TDO (B7FF);
SDR 16 TDI (FFFF) TDO (EFF3);
SDR 16 TDI (FFFF) TDO (FBCF);
SDR 16 TDI (FFFF) TDO (F3FF);
SDR 16 TDI (FFFF) TDO (7FFF);
SDR 16 TDI (FFFF) TDO (BFFD);
SDR 16 TDI (FFFF) TDO (FFFF);
SDR 16 TDI (FFFF) TDO (FFFF);
SDR 16 TDI (FFFF) TDO (BFFF);
SDR 16 TDI (FFFF) TDO (FEFB);
SDR 16 TDI (FFFF) TDO (FFDF);
SDR 16 TDI (FFFF) TDO (FFF9);
SDR 16 TDI (FFFF) TDO (7FF7);
SDR 16 TDI (FFFF) TDO (FFFF);
SDR 16 TDI (FFFF) TDO (FFFE);
SDR 16 TDI (FFFF) TDO (F5AF);
SDR 16 TDI (FFFF) TDO (BFF7);
SDR 16 TDI (FFFF) TDO (EFFD);
SDR 16 TDI (FFFF) TDO (EBFF);
SDR 16 TDI (FFFF) TDO (FFFF);
SDR 16 TDI (FFFF) TDO (7DBE);
SDR 16 TDI (FFFF) TDO (FBFF);
SDR 16 TDI (FFFF) TDO (FFFF);
SDR 16 TDI (FFFF) TDO (FFF9);
SDR 16 TDI (FFFF) TDO (BEDF);
SDR 16 TDI (FFFF) TDO (BFFF);
SDR 16 TDI (FFFF) TDO (FFFF);
SDR 16 TDI (FFFF) TDO (FFDE);
SDR 16 TDI (FFFF) TDO (7FFF);
SDR 16 TDI (FFFF) TDO (EEBB);
SDR 16 TDI (FFFF) TDO (FFFF);
SDR 16 TDI (FFFF) TDO (FFFF);
SDR 16 TDI (FFFF) TDO (BFFF);
SDR 16 TDI (FFFF) TDO (FFF7);
SDR 16 TDI (FFFF) TDO (FFFF);
SDR 16 TDI (FFFF) TDO (FFE7);
SDR 16 TDI (FFFF) TDO (7EFF);
SDR 16 TDI (FFFF) TDO (FFFF);
SDR 16 TDI (FFFF) TDO (FEFE);
SDR 16 TDI (FFFF) TDO (FFFF);
SDR 16 TDI (FFFF) TDO (BFFE);
SDR 16 TDI (FFFF) TDO (7F7F);
SDR 16 TDI (FFFF) TDO (BFAF);
SDR 16 TDI (FFFF) TDO (FFDE);
SDR 16 TDI (FFFF) TDO (6DF7);
SDR 16 TDI (FFFF) TDO (BBF5);
SDR 16 TDI (FFFF) TDO (BFEF);
SDR 16 TDI (FFFF) TDO (BAD3);
SDR 16 TDI (FFFF) TDO (BFFF);
SDR 16 TDI (FFFF) TDO (BFFD);
SDR 16 TDI (FFFF) TDO (FEDF);
SDR 16 TDI (FFFF) TDO (FFFF);
SDR 16 TDI (FFFF) TDO (7FFF);
SDR 16 TDI (FFFF) TDO (EFFF);
SDR 16 TDI (FFFF) TDO (FFFF);
SDR 16 TDI (FFFF) TDO (FFFF);
SDR 16 TDI (FFFF) TDO (BFFF);
SDR 16 TDI (FFFF) TDO (FEFF);
SDR 16 TDI (FFFF) TDO (FFEF);
SDR 16 TDI (FFFF) TDO (FFFE);
SDR 16 TDI (FFFF) TDO (7FEF);
SDR 16 TDI (FFFF) TDO (FFFF);
SDR 16 TDI (FFFF) TDO (FFFF);
SDR 16 TDI (FFFF) TDO (F34F);
SDR 16 TDI (FFFF) TDO (BFDB);
SDR 16 TDI (FFFF) TDO (DDFE);
SDR 16 TDI (FFFF) TDO (D7FF);
SDR 16 TDI (FFFF) TDO (FFFF);
SDR 16 TDI (FFFF) TDO (7EDF);
SDR 16 TDI (FFFF) TDO (7EFF);
SDR 16 TDI (FFFF) TDO (FFBF);
SDR 16 TDI (FFFF) TDO (FFFE);
SDR 16 TDI (FFFF) TDO (B6BF);
SDR 16 TDI (FFFF) TDO (F7EF);
SDR 16 TDI (FFFF) TDO (FDEF);
SDR 16 TDI (FFFF) TDO (EBDF);
SDR 16 TDI (FFFF) TDO (6FFF);
SDR 16 TDI (FFFF) TDO (7D79);
SDR 16 TDI (FFFF) TDO (FFFF);
SDR 16 TDI (FFFF) TDO (FFFF);
SDR 16 TDI (FFFF) TDO (BFFF);
SDR 16 TDI (FFFF) TDO (FFFF);
SDR 16 TDI (FFFF) TDO (FFFF);
SDR 16 TDI (FFFF) TDO (FFFB);
SDR 16 TDI (FFFF) TDO (7D6F);
SDR 16 TDI (FFFF) TDO (FFFF);
SDR 16 TDI (FFFF) TDO (7FBE);
SDR 16 TDI (FFFF) TDO (BFFF);
SDR 16 TDI (FFFF) TDO (BFFD);
SDR 16 TDI (FFFF) TDO (EEFF);
SDR 16 TDI (FFFF) TDO (7EFF);
SDR 16 TDI (FFFF) TDO (FFFF);
SDR 16 TDI (FFFF) TDO (7BBF);
SDR 16 TDI (FFFF) TDO (FFDF);
SDR 16 TDI (FFFF) TDO (FFFF);
SDR 16 TDI (FFFF) TDO (FFDB);
SDR 16 TDI (FFFF) TDO (BEB7);
SDR 16 TDI (FFFF) TDO (7FFF);
SDR 16 TDI (FFFF) TDO (F6CB);
SDR 16 TDI (FFFF) TDO (D7B3);
SDR 16 TDI (FFFF) TDO (7FFF);
SDR 16 TDI (FFFF) TDO (FEED);
SDR 16 TDI (FFFF) TDO (FFFF);
SDR 16 TDI (FFFF) TDO (FFFF);
SDR 16 TDI (FFFF) TDO (BFFF);
SDR 16 TDI (FFFF) TDO (FFFF);
SDR 16 TDI (FFFF) TDO (FFFF);
SDR 16 TDI (FFFF) TDO (FFFF);
SDR 16 TDI (FFFF) TDO (7FDF);
SDR 16 TDI (FFFF) TDO (FFBB);
SDR 16 TDI (FFFF) TDO (AD77);
SDR 16 TDI (FFFF) TDO (FFFF);
SDR 16 TDI (FFFF) TDO (BFDF);
SDR 16 TDI (FFFF) TDO (FFDF);
SDR 16 TDI (FFFF) TDO (FFEF);
SDR 16 TDI (FFFF) TDO (FF7F);
SDR 16 TDI (FFFF) TDO (7FFD);
SDR 16 TDI (FFFF) TDO (FDFF);
SDR 16 TDI (FFFF) TDO (FFBB);
SDR 16 TDI (FFFF) TDO (7DFE);
SDR 16 TDI (FFFF) TDO (BDFD);
SDR 16 TDI (FFFF) TDO (FFEF);
SDR 16 TDI (FFFF) TDO (7DFF);
SDR 16 TDI (FFFF) TDO (7AFF);
SDR 16 TDI (FFFF) TDO (7FF7);
SDR 16 TDI (FFFF) TDO (7FBB);
SDR 16 TDI (FFFF) TDO (FFFF);
SDR 16 TDI (FFFF) TDO (FFFF);
SDR 16 TDI (FFFF) TDO (BFFF);
SDR 16 TDI (FFFF) TDO (FFFF);
SDR 16 TDI (FFFF) TDO (FFFF);
SDR 16 TDI (FFFF) TDO (FFF7);
SDR 16 TDI (FFFF) TDO (7BBD);
SDR 16 TDI (FFFF) TDO (FFBD);
SDR 16 TDI (FFFF) TDO (5FF6);
SDR 16 TDI (FFFF) TDO (FDFF);
SDR 16 TDI (FFFF) TDO (BFDE);
SDR 16 TDI (FFFF) TDO (FEFF);
SDR 16 TDI (FFFF) TDO (FFFF);
SDR 16 TDI (FFFF) TDO (FF7F);
SDR 16 TDI (FFFF) TDO (7FDF);
SDR 16 TDI (FFFF) TDO (FFBF);
SDR 16 TDI (FFFF) TDO (FFBD);
SDR 16 TDI (FFFF) TDO (FFFF);
SDR 16 TDI (FFFF) TDO (BFFF);
SDR 16 TDI (FFFF) TDO (FFEF);
SDR 16 TDI (FFFF) TDO (77F7);
SDR 16 TDI (FFFF) TDO (BFEF);
SDR 16 TDI (FFFF) TDO (7FFF);
SDR 16 TDI (FFFF) TDO (BFEE);
SDR 16 TDI (FFFF) TDO (FFFF);
SDR 16 TDI (FFFF) TDO (FFFF);
SDR 16 TDI (FFFF) TDO (BFFF);
SDR 16 TDI (FFFF) TDO (FFFF);
SDR 16 TDI (FFFF) TDO (FFFF);
SDR 16 TDI (FFFF) TDO (FFFF);
SDR 16 TDI (FFFF) TDO (7EEF);
SDR 16 TDI (FFFF) TDO (FFFF);
SDR 16 TDI (FFFF) TDO (ECBF);
SDR 16 TDI (FFFF) TDO (DFFF);
SDR 16 TDI (FFFF) TDO (BFFF);
SDR 16 TDI (FFFF) TDO (DFDF);
SDR 16 TDI (FFFF) TDO (BDEF);
SDR 16 TDI (FFFF) TDO (FFFF);
SDR 16 TDI (FFFF) TDO (7DFB);
SDR 16 TDI (FFFF) TDO (FDFF);
SDR 16 TDI (FFFF) TDO (FFFF);
SDR 16 TDI (FFFF) TDO (7BDE);
SDR 16 TDI (FFFF) TDO (BB2C);
SDR 16 TDI (FFFF) TDO (FFFF);
SDR 16 TDI (FFFF) TDO (FABD);
SDR 16 TDI (FFFF) TDO (6B3D);
SDR 16 TDI (FFFF) TDO (7FFF);
SDR 16 TDI (FFFF) TDO (FE7B);
SDR 16 TDI (FFFF) TDO (FFFF);
SDR 16 TDI (FFFF) TDO (FFFF);
SDR 16 TDI (FFFF) TDO (B77F);
SDR 16 TDI (FFFF) TDO (FFFF);
SDR 16 TDI (FFFF) TDO (FFFF);
SDR 16 TDI (FFFF) TDO (FFFD);
SDR 16 TDI (FFFF) TDO (7FF7);
SDR 16 TDI (FFFF) TDO (BBBF);
SDR 16 TDI (FFFF) TDO (FBCE);
SDR 16 TDI (FFFF) TDO (FFFF);
SDR 16 TDI (FFFF) TDO (BBFF);
SDR 16 TDI (FFFF) TDO (EFFF);
SDR 16 TDI (FFFF) TDO (FFBF);
SDR 16 TDI (FFFF) TDO (BFBF);
SDR 16 TDI (FFFF) TDO (7EFF);
SDR 16 TDI (FFFF) TDO (BFFF);
SDR 16 TDI (FFFF) TDO (FFCF);
SDR 16 TDI (FFFF) TDO (DFFF);
SDR 16 TDI (FFFF) TDO (AF77);
SDR 16 TDI (FFFF) TDO (CFFB);
SDR 16 TDI (FFFF) TDO (F7D7);
SDR 16 TDI (FFFF) TDO (D7FB);
SDR 16 TDI (FFFF) TDO (7FF7);
SDR 16 TDI (FFFF) TDO (FFFE);
SDR 16 TDI (FFFF) TDO (EA9F);
SDR 16 TDI (FFFF) TDO (FFFF);
SDR 16 TDI (FFFF) TDO (BFFF);
SDR 16 TDI (FFFF) TDO (FFFF);
SDR 16 TDI (FFFF) TDO (FFFF);
SDR 16 TDI (FFFF) TDO (FFFB);
SDR 16 TDI (FFFF) TDO (6ABC);
SDR 16 TDI (FFFF) TDO (FFF7);
SDR 16 TDI (FFFF) TDO (7FFF);
SDR 16 TDI (FFFF) TDO (FEEE);
SDR 16 TDI (FFFF) TDO (BFFE);
SDR 16 TDI (FFFF) TDO (FAEF);
SDR 16 TDI (FFFF) TDO (7FF7);
SDR 16 TDI (FFFF) TDO (FFFF);
SDR 16 TDI (FFFF) TDO (7FFF);
SDR 16 TDI (FFFF) TDO (FFFF);
SDR 16 TDI (FFFF) TDO (FFFD);
SDR 16 TDI (FFFF) TDO (FFFE);
SDR 16 TDI (FFFF) TDO (BBFE);
SDR 16 TDI (FFFF) TDO (FFF7);
SDR 16 TDI (FFFF) TDO (7FFF);
SDR 16 TDI (FFFF) TDO (FEB7);
SDR 16 TDI (FFFF) TDO (77FF);
SDR 16 TDI (FFFF) TDO (FF7F);
SDR 16 TDI (FFFF) TDO (FFDF);
SDR 16 TDI (FFFF) TDO (FFFF);
SDR 16 TDI (FFFF) TDO (A77F);
SDR 16 TDI (FFFF) TDO (FFFF);
SDR 16 TDI (FFFF) TDO (FFFF);
SDR 16 TDI (FFFF) TDO (FFFB);
SDR 16 TDI (FFFF) TDO (7FFF);
SDR 16 TDI (FFFF) TDO (FFFD);
SDR 16 TDI (FFFF) TDO (AFFF);
SDR 16 TDI (FFFF) TDO (F7FF);
SDR 16 TDI (FFFF) TDO (BDDF);
SDR 16 TDI (FFFF) TDO (FFFF);
SDR 16 TDI (FFFF) TDO (FFFF);
SDR 16 TDI (FFFF) TDO (FFFF);
SDR 16 TDI (FFFF) TDO (77FF);
SDR 16 TDI (FFFF) TDO (FFBF);
SDR 16 TDI (FFFF) TDO (F7FF);
SDR 16 TDI (FFFF) TDO (FFFE);
SDR 16 TDI (FFFF) TDO (BBDD);
SDR 16 TDI (FFFF) TDO (FFFF);
SDR 16 TDI (FFFF) TDO (FEDE);
SDR 16 TDI (FFFF) TDO (FBFE);
SDR 16 TDI (FFFF) TDO (7F7D);
SDR 16 TDI (FFFF) TDO (B9F9);
SDR 16 TDI (FFFF) TDO (EA9F);
SDR 16 TDI (FFFF) TDO (FFFF);
SDR 16 TDI (FFFF) TDO (ABBF);
SDR 16 TDI (FFFF) TDO (FFFF);
SDR 16 TDI (FFFF) TDO (FFFF);
SDR 16 TDI (FFFF) TDO (FFFF);
SDR 16 TDI (FFFF) TDO (7EFB);
SDR 16 TDI (FFFF) TDO (CFEF);
SDR 16 TDI (FFFF) TDO (FFFF);
SDR 16 TDI (FFFF) TDO (FDDD);
SDR 16 TDI (FFFF) TDO (BFFF);
SDR 16 TDI (FFFF) TDO (7F77);
SDR 16 TDI (FFFF) TDO (FFFF);
SDR 16 TDI (FFFF) TDO (FFFF);
SDR 16 TDI (FFFF) TDO (7FF7);
SDR 16 TDI (FFFF) TDO (FFFF);
SDR 16 TDI (FFFF) TDO (FDF5);
SDR 16 TDI (FFFF) TDO (7FFF);
SDR 16 TDI (FFFF) TDO (BFFF);
SDR 16 TDI (FFFF) TDO (7AFE);
SDR 16 TDI (FFFF) TDO (FFFD);
SDR 16 TDI (FFFF) TDO (AEEF);
SDR 16 TDI (FFFF) TDO (7FF7);
SDR 16 TDI (FFFF) TDO (6BE7);
SDR 16 TDI (FFFF) TDO (D55F);
SDR 16 TDI (FFFF) TDO (FFFF);
SDR 16 TDI (FFFF) TDO (BFFF);
SDR 16 TDI (FFFF) TDO (FFFF);
SDR 16 TDI (FFFF) TDO (FFFF);
SDR 16 TDI (FFFF) TDO (FFFE);
SDR 16 TDI (FFFF) TDO (6FF6);
SDR 16 TDI (FFFF) TDO (FFFD);
SDR 16 TDI (FFFF) TDO (3EF7);
SDR 16 TDI (FFFF) TDO (B6EE);
SDR 16 TDI (FFFF) TDO (BFDA);
SDR 16 TDI (FFFF) TDO (FAEF);
SDR 16 TDI (FFFF) TDO (FFFF);
SDR 16 TDI (FFFF) TDO (DFFF);
SDR 16 TDI (FFFF) TDO (7FFF);
SDR 16 TDI (FFFF) TDO (FFFF);
SDR 16 TDI (FFFF) TDO (FFFF);
SDR 16 TDI (FFFF) TDO (FDDF);
SDR 16 TDI (FFFF) TDO (BFFF);
SDR 16 TDI (FFFF) TDO (BFFD);
SDR 16 TDI (FFFF) TDO (DAEF);
SDR 16 TDI (FFFF) TDO (FBFF);
SDR 16 TDI (FFFF) TDO (7BFF);
SDR 16 TDI (FFFF) TDO (FF7F);
SDR 16 TDI (FFFF) TDO (FFFF);
SDR 16 TDI (FFFF) TDO (FFFF);
SDR 16 TDI (FFFF) TDO (BFFF);
SDR 16 TDI (FFFF) TDO (FFFF);
SDR 16 TDI (FFFF) TDO (FFFF);
SDR 16 TDI (FFFF) TDO (FFFF);
SDR 16 TDI (FFFF) TDO (7BFF);
SDR 16 TDI (FFFF) TDO (FFBF);
SDR 16 TDI (FFFF) TDO (EAFF);
SDR 16 TDI (FFFF) TDO (FDDD);
SDR 16 TDI (FFFF) TDO (BFFF);
SDR 16 TDI (FFFF) TDO (6F77);
SDR 16 TDI (FFFF) TDO (FFFF);
SDR 16 TDI (FFFF) TDO (F7FF);
SDR 16 TDI (FFFF) TDO (7FFF);
SDR 16 TDI (FFFF) TDO (FFFD);
SDR 16 TDI (FFFF) TDO (FFFF);
SDR 16 TDI (FFFF) TDO (7FFF);
SDR 16 TDI (FFFF) TDO (AF3D);
SDR 16 TDI (FFFF) TDO (F7EF);
SDR 16 TDI (FFFF) TDO (BBFA);
SDR 16 TDI (FFFF) TDO (FFFA);
SDR 16 TDI (FFFF) TDO (7FFE);
SDR 16 TDI (FFFF) TDO (DDDF);
SDR 16 TDI (FFFF) TDO (FFFF);
SDR 16 TDI (FFFF) TDO (FFFF);
SDR 16 TDI (FFFF) TDO (BFFF);
SDR 16 TDI (FFFF) TDO (FFFF);
SDR 16 TDI (FFFF) TDO (FFFF);
SDR 16 TDI (FFFF) TDO (FFFF);
SDR 16 TDI (FFFF) TDO (73B7);
SDR 16 TDI (FFFF) TDO (73DF);
SDR 16 TDI (FFFF) TDO (9FEF);
SDR 16 TDI (FFFF) TDO (E199);
SDR 16 TDI (FFFF) TDO (B7EF);
SDR 16 TDI (FFFF) TDO (3F33);
SDR 16 TDI (FFFF) TDO (FFF7);
SDR 16 TDI (FFFF) TDO (FFFF);
SDR 16 TDI (FFFF) TDO (777F);
SDR 16 TDI (FFFF) TDO (FFBF);
SDR 16 TDI (FFFF) TDO (EDFB);
SDR 16 TDI (FFFF) TDO (7BBD);
SDR 16 TDI (FFFF) TDO (B6AE);
SDR 16 TDI (FFFF) TDO (FF7E);
SDR 16 TDI (FFFF) TDO (5EE6);
SDR 16 TDI (FFFF) TDO (EFA5);
SDR 16 TDI (FFFF) TDO (6B7D);
SDR 16 TDI (FFFF) TDO (EFD7);
SDR 16 TDI (FFFF) TDO (FDFF);
SDR 16 TDI (FFFF) TDO (FFFF);
SDR 16 TDI (FFFF) TDO (BAAF);
SDR 16 TDI (FFFF) TDO (FFFF);
SDR 16 TDI (FFFF) TDO (FFFF);
SDR 16 TDI (FFFF) TDO (FFF4);
SDR 16 TDI (FFFF) TDO (6E6A);
SDR 16 TDI (FFFF) TDO (FFE3);
SDR 16 TDI (FFFF) TDO (E8FE);
SDR 16 TDI (FFFF) TDO (DF77);
SDR 16 TDI (FFFF) TDO (ADF5);
SDR 16 TDI (FFFF) TDO (C5DF);
SDR 16 TDI (FFFF) TDO (7F7F);
SDR 16 TDI (FFFF) TDO (7BBF);
SDR 16 TDI (FFFF) TDO (7FFF);
SDR 16 TDI (FFFF) TDO (BFFF);
SDR 16 TDI (FFFF) TDO (FFFF);
SDR 16 TDI (FFFF) TDO (DFFF);
SDR 16 TDI (FFFF) TDO (BFFF);
SDR 16 TDI (FFFF) TDO (DFF5);
SDR 16 TDI (FFFF) TDO (B119);
SDR 16 TDI (FFFF) TDO (7AFA);
SDR 16 TDI (FFFF) TDO (7FFA);
SDR 16 TDI (FFFF) TDO (3329);
SDR 16 TDI (FFFF) TDO (FF7F);
SDR 16 TDI (FFFF) TDO (FFFF);
SDR 16 TDI (FFFF) TDO (BFFF);
SDR 16 TDI (FFFF) TDO (FFFF);
SDR 16 TDI (FFFF) TDO (FFFF);
SDR 16 TDI (FFFF) TDO (FFFB);
SDR 16 TDI (FFFF) TDO (7DFD);
SDR 16 TDI (FFFF) TDO (9FBC);
SDR 16 TDI (FFFF) TDO (7757);
SDR 16 TDI (FFFF) TDO (FEEE);
SDR 16 TDI (FFFF) TDO (BFDE);
SDR 16 TDI (FFFF) TDO (FAEF);
SDR 16 TDI (FFFF) TDO (FFFF);
SDR 16 TDI (FFFF) TDO (EFFF);
SDR 16 TDI (FFFF) TDO (7FEF);
SDR 16 TDI (FFFF) TDO (FFFD);
SDR 16 TDI (FFFF) TDO (FFC4);
SDR 16 TDI (FFFF) TDO (FFFE);
SDR 16 TDI (FFFF) TDO (A959);
SDR 16 TDI (FFFF) TDO (25EB);
SDR 16 TDI (FFFF) TDO (FFFF);
SDR 16 TDI (FFFF) TDO (957F);
SDR 16 TDI (FFFF) TDO (77F7);
SDR 16 TDI (FFFF) TDO (DCFE);
SDR 16 TDI (FFFF) TDO (FFFF);
SDR 16 TDI (FFFF) TDO (FFFF);
SDR 16 TDI (FFFF) TDO (A55F);
SDR 16 TDI (FFFF) TDO (FFFF);
SDR 16 TDI (FFFF) TDO (FEFF);
SDR 16 TDI (FFFF) TDO (FFF5);
SDR 16 TDI (FFFF) TDO (75D9);
SDR 16 TDI (FFFF) TDO (FF5D);
SDR 16 TDI (FFFF) TDO (A9E8);
SDR 16 TDI (FFFF) TDO (7402);
SDR 16 TDI (FFFF) TDO (AF9C);
SDR 16 TDI (FFFF) TDO (1420);
SDR 16 TDI (FFFF) TDO (3C00);
SDR 16 TDI (FFFF) TDO (3E0F);
SDR 16 TDI (FFFF) TDO (6006);
SDR 16 TDI (FFFF) TDO (1E19);
SDR 16 TDI (FFFF) TDO (FF4B);
SDR 16 TDI (FFFF) TDO (819F);
SDR 16 TDI (FFFF) TDO (AFDE);
SDR 16 TDI (FFFF) TDO (DFCE);
SDR 16 TDI (FFFF) TDO (B8A5);
SDR 16 TDI (FFFF) TDO (892A);
SDR 16 TDI (FFFF) TDO (6BE0);
SDR 16 TDI (FFFF) TDO (BFA5);
SDR 16 TDI (FFFF) TDO (EA9F);
SDR 16 TDI (FFFF) TDO (FFFF);
SDR 16 TDI (FFFF) TDO (AFFF);
SDR 16 TDI (FFFF) TDO (FFFF);
SDR 16 TDI (FFFF) TDO (FDFF);
SDR 16 TDI (FFFF) TDO (FFF0);
SDR 16 TDI (FFFF) TDO (7C70);
SDR 16 TDI (FFFF) TDO (9FAA);
SDR 16 TDI (FFFF) TDO (A9C8);
SDR 16 TDI (FFFF) TDO (7000);
SDR 16 TDI (FFFF) TDO (AFDC);
SDR 16 TDI (FFFF) TDO (1C00);
SDR 16 TDI (FFFF) TDO (3C00);
SDR 16 TDI (FFFF) TDO (370F);
SDR 16 TDI (FFFF) TDO (6006);
SDR 16 TDI (FFFF) TDO (1E19);
SDR 16 TDI (FFFF) TDO (FBC0);
SDR 16 TDI (FFFF) TDO (019E);
SDR 16 TDI (FFFF) TDO (B14D);
SDR 16 TDI (FFFF) TDO (56EC);
SDR 16 TDI (FFFF) TDO (F845);
SDR 16 TDI (FFFF) TDO (0821);
SDR 16 TDI (FFFF) TDO (73F3);
SDR 16 TDI (FFFF) TDO (1015);
SDR 16 TDI (FFFF) TDO (FFDF);
SDR 16 TDI (FFFF) TDO (FFFF);
SDR 16 TDI (FFFF) TDO (B55F);
SDR 16 TDI (FFFF) TDO (FFFF);
SDR 16 TDI (FFFF) TDO (FFFF);
SDR 16 TDI (FFFF) TDO (FFFD);
SDR 16 TDI (FFFF) TDO (7239);
SDR 16 TDI (FFFF) TDO (3F8B);
SDR 16 TDI (FFFF) TDO (DDE0);
SDR 16 TDI (FFFF) TDO (2020);
SDR 16 TDI (FFFF) TDO (A7C9);
SDR 16 TDI (FFFF) TDO (2440);
SDR 16 TDI (FFFF) TDO (3C00);
SDR 16 TDI (FFFF) TDO (3F0F);
SDR 16 TDI (FFFF) TDO (6006);
SDR 16 TDI (FFFF) TDO (1E19);
SDR 16 TDI (FFFF) TDO (EFED);
SDR 16 TDI (FFFF) TDO (819F);
SDR 16 TDI (FFFF) TDO (B61F);
SDR 16 TDI (FFFF) TDO (57F3);
SDR 16 TDI (FFFF) TDO (373F);
SDR 16 TDI (FFFF) TDO (DF7B);
SDR 16 TDI (FFFF) TDO (77FF);
SDR 16 TDI (FFFF) TDO (99FB);
SDR 16 TDI (FFFF) TDO (EABF);
SDR 16 TDI (FFFF) TDO (FFFF);
SDR 16 TDI (FFFF) TDO (BFFF);
SDR 16 TDI (FFFF) TDO (FFFF);
SDR 16 TDI (FFFF) TDO (FFFF);
SDR 16 TDI (FFFF) TDO (FFFD);
SDR 16 TDI (FFFF) TDO (6876);
SDR 16 TDI (FFFF) TDO (9FC8);
SDR 16 TDI (FFFF) TDO (1420);
SDR 16 TDI (FFFF) TDO (2000);
SDR 16 TDI (FFFF) TDO (AFC8);
SDR 16 TDI (FFFF) TDO (0800);
SDR 16 TDI (FFFF) TDO (3C00);
SDR 16 TDI (FFFF) TDO (3F0F);
SDR 16 TDI (FFFF) TDO (6006);
SDR 16 TDI (FFFF) TDO (1E19);
SDR 16 TDI (FFFF) TDO (FFE3);
SDR 16 TDI (FFFF) TDO (019C);
SDR 16 TDI (FFFF) TDO (A090);
SDR 16 TDI (FFFF) TDO (47F0);
SDR 16 TDI (FFFF) TDO (5173);
SDR 16 TDI (FFFF) TDO (527B);
SDR 16 TDI (FFFF) TDO (73F9);
SDR 16 TDI (FFFF) TDO (9312);
SDR 16 TDI (FFFF) TDO (FFFF);
SDR 16 TDI (FFFF) TDO (FFFF);
SDR 16 TDI (FFFF) TDO (BFFF);
SDR 16 TDI (FFFF) TDO (3333);
SDR 16 TDI (FFFF) TDO (1F33);
SDR 16 TDI (FFFF) TDO (333C);
SDR 16 TDI (FFFF) TDO (6CB8);
SDR 16 TDI (FFFF) TDO (9F91);
SDR 16 TDI (FFFF) TDO (09F7);
SDR 16 TDI (FFFF) TDO (3446);
SDR 16 TDI (FFFF) TDO (AFC8);
SDR 16 TDI (FFFF) TDO (484F);
SDR 16 TDI (FFFF) TDO (33B3);
SDR 16 TDI (FFFF) TDO (3F73);
SDR 16 TDI (FFFF) TDO (6667);
SDR 16 TDI (FFFF) TDO (D999);
SDR 16 TDI (FFFF) TDO (9FD9);
SDR 16 TDI (FFFF) TDO (99BC);
SDR 16 TDI (FFFF) TDO (A30A);
SDR 16 TDI (FFFF) TDO (37E4);
SDR 16 TDI (FFFF) TDO (D667);
SDR 16 TDI (FFFF) TDO (99B9);
SDR 16 TDI (FFFF) TDO (71F3);
SDR 16 TDI (FFFF) TDO (3373);
SDR 16 TDI (FFFF) TDO (FFFF);
SDR 16 TDI (FFFF) TDO (FFFF);
SDR 16 TDI (FFFF) TDO (BFFF);
SDR 16 TDI (FFFF) TDO (7777);
SDR 16 TDI (FFFF) TDO (4ABB);
SDR 16 TDI (FFFF) TDO (BBBD);
SDR 16 TDI (FFFF) TDO (799B);
SDR 16 TDI (FFFF) TDO (9519);
SDR 16 TDI (FFFF) TDO (DC9E);
SDR 16 TDI (FFFF) TDO (44CC);
SDR 16 TDI (FFFF) TDO (BA86);
SDR 16 TDI (FFFF) TDO (4667);
SDR 16 TDI (FFFF) TDO (3733);
SDR 16 TDI (FFFF) TDO (2A3B);
SDR 16 TDI (FFFF) TDO (6667);
SDR 16 TDI (FFFF) TDO (9B99);
SDR 16 TDI (FFFF) TDO (B54D);
SDR 16 TDI (FFFF) TDO (999F);
SDR 16 TDI (FFFF) TDO (A666);
SDR 16 TDI (FFFF) TDO (6546);
SDR 16 TDI (FFFF) TDO (7373);
SDR 16 TDI (FFFF) TDO (BBBB);
SDR 16 TDI (FFFF) TDO (74AB);
SDR 16 TDI (FFFF) TDO (BB3B);
SDR 16 TDI (FFFF) TDO (FFFF);
SDR 16 TDI (FFFF) TDO (FFFF);
SDR 16 TDI (FFFF) TDO (BFFF);
SDR 16 TDI (FFFF) TDO (FFFF);
SDR 16 TDI (FFFF) TDO (FEFF);
SDR 16 TDI (FFFF) TDO (FFFE);
SDR 16 TDI (FFFF) TDO (6EDC);
SDR 16 TDI (FFFF) TDO (FF33);
SDR 16 TDI (FFFF) TDO (7FB3);
SDR 16 TDI (FFFF) TDO (BFFF);
SDR 16 TDI (FFFF) TDO (BFBB);
SDR 16 TDI (FFFF) TDO (FBFD);
SDR 16 TDI (FFFF) TDO (FDDD);
SDR 16 TDI (FFFF) TDO (FEEF);
SDR 16 TDI (FFFF) TDO (7DDE);
SDR 16 TDI (FFFF) TDO (FEFF);
SDR 16 TDI (FFFF) TDO (FF7F);
SDR 16 TDI (FFFF) TDO (F7FD);
SDR 16 TDI (FFFF) TDO (B3B3);
SDR 16 TDI (FFFF) TDO (37CC);
SDR 16 TDI (FFFF) TDO (DFFF);
SDR 16 TDI (FFFF) TDO (DFDD);
SDR 16 TDI (FFFF) TDO (7BE7);
SDR 16 TDI (FFFF) TDO (77F7);
SDR 16 TDI (FFFF) TDO (FFFF);
SDR 16 TDI (FFFF) TDO (FFFF);
SDR 16 TDI (FFFF) TDO (BFFF);
SDR 16 TDI (FFFF) TDO (FFDF);
SDR 16 TDI (FFFF) TDO (FFFF);
SDR 16 TDI (FFFF) TDO (FFFF);
SDR 16 TDI (FFFF) TDO (7DFF);
SDR 16 TDI (FFFF) TDO (DFDF);
SDR 16 TDI (FFFF) TDO (FBDD);
SDR 16 TDI (FFFF) TDO (BFEF);
SDR 16 TDI (FFFF) TDO (BFFF);
SDR 16 TDI (FFFF) TDO (FBFF);
SDR 16 TDI (FFFF) TDO (EFB7);
SDR 16 TDI (FFFF) TDO (FFFF);
SDR 16 TDI (FFFF) TDO (7FFF);
SDR 16 TDI (FFFF) TDO (EF2B);
SDR 16 TDI (FFFF) TDO (DFFD);
SDR 16 TDI (FFFF) TDO (EBFF);
SDR 16 TDI (FFFF) TDO (BAFF);
SDR 16 TDI (FFFF) TDO (FFFA);
SDR 16 TDI (FFFF) TDO (F6BC);
SDR 16 TDI (FFFF) TDO (F5DC);
SDR 16 TDI (FFFF) TDO (7FFF);
SDR 16 TDI (FFFF) TDO (FFEF);
SDR 16 TDI (FFFF) TDO (FFFF);
SDR 16 TDI (FFFF) TDO (FFFF);
SDR 16 TDI (FFFF) TDO (BFFF);
SDR 16 TDI (FFFF) TDO (FDFE);
SDR 16 TDI (FFFF) TDO (FFFF);
SDR 16 TDI (FFFF) TDO (FFFD);
SDR 16 TDI (FFFF) TDO (6FFB);
SDR 16 TDI (FFFF) TDO (7FFF);
SDR 16 TDI (FFFF) TDO (F7EF);
SDR 16 TDI (FFFF) TDO (FBBF);
SDR 16 TDI (FFFF) TDO (BFFE);
SDR 16 TDI (FFFF) TDO (7FF7);
SDR 16 TDI (FFFF) TDO (FFFF);
SDR 16 TDI (FFFF) TDO (7FFF);
SDR 16 TDI (FFFF) TDO (7BFF);
SDR 16 TDI (FFFF) TDO (FBFE);
SDR 16 TDI (FFFF) TDO (FFEF);
SDR 16 TDI (FFFF) TDO (FFF7);
SDR 16 TDI (FFFF) TDO (AFEE);
SDR 16 TDI (FFFF) TDO (EFFF);
SDR 16 TDI (FFFF) TDO (FFFF);
SDR 16 TDI (FFFF) TDO (FEFF);
SDR 16 TDI (FFFF) TDO (77FA);
SDR 16 TDI (FFFF) TDO (77BB);
SDR 16 TDI (FFFF) TDO (FFFF);
SDR 16 TDI (FFFF) TDO (FFFF);
SDR 16 TDI (FFFF) TDO (AFFF);
SDR 16 TDI (FFFF) TDO (FDEF);
SDR 16 TDI (FFFF) TDO (FFFF);
SDR 16 TDI (FFFF) TDO (FFFF);
SDR 16 TDI (FFFF) TDO (6DFF);
SDR 16 TDI (FFFF) TDO (FFFF);
SDR 16 TDI (FFFF) TDO (EFFF);
SDR 16 TDI (FFFF) TDO (FFAF);
SDR 16 TDI (FFFF) TDO (BFFE);
SDR 16 TDI (FFFF) TDO (FBFF);
SDR 16 TDI (FFFF) TDO (FFBB);
SDR 16 TDI (FFFF) TDO (BFFF);
SDR 16 TDI (FFFF) TDO (7FFF);
SDR 16 TDI (FFFF) TDO (FEFB);
SDR 16 TDI (FFFF) TDO (3FFF);
SDR 16 TDI (FFFF) TDO (F3EF);
SDR 16 TDI (FFFF) TDO (BD7F);
SDR 16 TDI (FFFF) TDO (EFFB);
SDR 16 TDI (FFFF) TDO (F7DF);
SDR 16 TDI (FFFF) TDO (75DA);
SDR 16 TDI (FFFF) TDO (77F7);
SDR 16 TDI (FFFF) TDO (FF9F);
SDR 16 TDI (FFFF) TDO (FFDF);
SDR 16 TDI (FFFF) TDO (FFFF);
SDR 16 TDI (FFFF) TDO (AFFF);
SDR 16 TDI (FFFF) TDO (FFFF);
SDR 16 TDI (FFFF) TDO (FFFF);
SDR 16 TDI (FFFF) TDO (FFFD);
SDR 16 TDI (FFFF) TDO (7FFB);
SDR 16 TDI (FFFF) TDO (BFDF);
SDR 16 TDI (FFFF) TDO (FBDD);
SDR 16 TDI (FFFF) TDO (BBFF);
SDR 16 TDI (FFFF) TDO (BFFF);
SDR 16 TDI (FFFF) TDO (FFFF);
SDR 16 TDI (FFFF) TDO (DFFF);
SDR 16 TDI (FFFF) TDO (FFFF);
SDR 16 TDI (FFFF) TDO (7FFF);
SDR 16 TDI (FFFF) TDO (EBB7);
SDR 16 TDI (FFFF) TDO (FFFD);
SDR 16 TDI (FFFF) TDO (FFFF);
SDR 16 TDI (FFFF) TDO (AFF6);
SDR 16 TDI (FFFF) TDO (FFFF);
SDR 16 TDI (FFFF) TDO (7EFD);
SDR 16 TDI (FFFF) TDO (FF7F);
SDR 16 TDI (FFFF) TDO (7FFD);
SDR 16 TDI (FFFF) TDO (FFF7);
SDR 16 TDI (FFFF) TDO (FFDF);
SDR 16 TDI (FFFF) TDO (FFFF);
SDR 16 TDI (FFFF) TDO (BFFF);
SDR 16 TDI (FFFF) TDO (7FFF);
SDR 16 TDI (FFFF) TDO (FFFF);
SDR 16 TDI (FFFF) TDO (FFFF);
SDR 16 TDI (FFFF) TDO (7EFF);
SDR 16 TDI (FFFF) TDO (FFFF);
SDR 16 TDI (FFFF) TDO (FEED);
SDR 16 TDI (FFFF) TDO (BFFF);
SDR 16 TDI (FFFF) TDO (BFFF);
SDR 16 TDI (FFFF) TDO (FFFF);
SDR 16 TDI (FFFF) TDO (5BFF);
SDR 16 TDI (FFFF) TDO (BFBF);
SDR 16 TDI (FFFF) TDO (7FFF);
SDR 16 TDI (FFFF) TDO (FFBF);
SDR 16 TDI (FFFF) TDO (BFF7);
SDR 16 TDI (FFFF) TDO (FFFF);
SDR 16 TDI (FFFF) TDO (BFFF);
SDR 16 TDI (FFFF) TDO (FFFF);
SDR 16 TDI (FFFF) TDO (FFFD);
SDR 16 TDI (FFFF) TDO (F7FF);
SDR 16 TDI (FFFF) TDO (7FFF);
SDR 16 TDI (FFFF) TDO (7D7F);
SDR 16 TDI (FFFF) TDO (FFFF);
SDR 16 TDI (FFFF) TDO (FFFF);
SDR 16 TDI (FFFF) TDO (BFFF);
SDR 16 TDI (FFFF) TDO (FFFF);
SDR 16 TDI (FFFF) TDO (FFFF);
SDR 16 TDI (FFFF) TDO (FFFE);
SDR 16 TDI (FFFF) TDO (7FFF);
SDR 16 TDI (FFFF) TDO (FFFF);
SDR 16 TDI (FFFF) TDO (FFFE);
SDR 16 TDI (FFFF) TDO (FBFE);
SDR 16 TDI (FFFF) TDO (BFD7);
SDR 16 TDI (FFFF) TDO (F7FF);
SDR 16 TDI (FFFF) TDO (FFFF);
SDR 16 TDI (FFFF) TDO (FFFB);
SDR 16 TDI (FFFF) TDO (7FFF);
SDR 16 TDI (FFFF) TDO (DFEF);
SDR 16 TDI (FFFF) TDO (7FBF);
SDR 16 TDI (FFFF) TDO (F7F9);
SDR 16 TDI (FFFF) TDO (BDF3);
SDR 16 TDI (FFFF) TDO (AFFF);
SDR 16 TDI (FFFF) TDO (EF7F);
SDR 16 TDI (FFFF) TDO (FDFE);
SDR 16 TDI (FFFF) TDO (7FFF);
SDR 16 TDI (FFFF) TDO (FFFB);
SDR 16 TDI (FFFF) TDO (FFFF);
SDR 16 TDI (FFFF) TDO (FFFF);
SDR 16 TDI (FFFF) TDO (BFFF);
SDR 16 TDI (FFFF) TDO (FEFF);
SDR 16 TDI (FFFF) TDO (FFFF);
SDR 16 TDI (FFFF) TDO (FFFF);
SDR 16 TDI (FFFF) TDO (7EF7);
SDR 16 TDI (FFFF) TDO (FFFF);
SDR 16 TDI (FFFF) TDO (BFFE);
SDR 16 TDI (FFFF) TDO (FBD7);
SDR 16 TDI (FFFF) TDO (BFED);
SDR 16 TDI (FFFF) TDO (FD7F);
SDR 16 TDI (FFFF) TDO (F6EE);
SDR 16 TDI (FFFF) TDO (7FFF);
SDR 16 TDI (FFFF) TDO (6FBF);
SDR 16 TDI (FFFF) TDO (FFEF);
SDR 16 TDI (FFFF) TDO (FFD7);
SDR 16 TDI (FFFF) TDO (BFF9);
SDR 16 TDI (FFFF) TDO (B3DF);
SDR 16 TDI (FFFF) TDO (BFFF);
SDR 16 TDI (FFFF) TDO (F73F);
SDR 16 TDI (FFFF) TDO (FFFE);
SDR 16 TDI (FFFF) TDO (7FFF);
SDR 16 TDI (FFFF) TDO (BFFF);
SDR 16 TDI (FFFF) TDO (FFFF);
SDR 16 TDI (FFFF) TDO (FFFF);
SDR 16 TDI (FFFF) TDO (BFFF);
SDR 16 TDI (FFFF) TDO (7FFF);
SDR 16 TDI (FFFF) TDO (FFFF);
SDR 16 TDI (FFFF) TDO (FFFE);
SDR 16 TDI (FFFF) TDO (7FFF);
SDR 16 TDI (FFFF) TDO (FFFF);
SDR 16 TDI (FFFF) TDO (FF73);
SDR 16 TDI (FFFF) TDO (DFFF);
SDR 16 TDI (FFFF) TDO (AFF7);
SDR 16 TDI (FFFF) TDO (FBFF);
SDR 16 TDI (FFFF) TDO (6FFF);
SDR 16 TDI (FFFF) TDO (FF7B);
SDR 16 TDI (FFFF) TDO (7FFF);
SDR 16 TDI (FFFF) TDO (DFBF);
SDR 16 TDI (FFFF) TDO (5FFF);
SDR 16 TDI (FFFF) TDO (EFFF);
SDR 16 TDI (FFFF) TDO (BFED);
SDR 16 TDI (FFFF) TDO (F7FF);
SDR 16 TDI (FFFF) TDO (FFFB);
SDR 16 TDI (FFFF) TDO (EDFF);
SDR 16 TDI (FFFF) TDO (7FFF);
SDR 16 TDI (FFFF) TDO (FE7B);
SDR 16 TDI (FFFF) TDO (FFFF);
SDR 16 TDI (FFFF) TDO (FFFF);
SDR 16 TDI (FFFF) TDO (BFFF);
SDR 16 TDI (FFFF) TDO (FFFF);
SDR 16 TDI (FFFF) TDO (FFFF);
SDR 16 TDI (FFFF) TDO (FFFB);
SDR 16 TDI (FFFF) TDO (7FF7);
SDR 16 TDI (FFFF) TDO (FFFF);
SDR 16 TDI (FFFF) TDO (FFFB);
SDR 16 TDI (FFFF) TDO (EEEF);
SDR 16 TDI (FFFF) TDO (BFFE);
SDR 16 TDI (FFFF) TDO (FDFF);
SDR 16 TDI (FFFF) TDO (FFFF);
SDR 16 TDI (FFFF) TDO (FFF7);
SDR 16 TDI (FFFF) TDO (7FFE);
SDR 16 TDI (FFFF) TDO (FB7F);
SDR 16 TDI (FFFF) TDO (FFFE);
SDR 16 TDI (FFFF) TDO (FFE9);
SDR 16 TDI (FFFF) TDO (BFFD);
SDR 16 TDI (FFFF) TDO (7FFF);
SDR 16 TDI (FFFF) TDO (7FFE);
SDR 16 TDI (FFFF) TDO (DF7F);
SDR 16 TDI (FFFF) TDO (7FFF);
SDR 16 TDI (FFFF) TDO (DFBF);
SDR 16 TDI (FFFF) TDO (FFFF);
SDR 16 TDI (FFFF) TDO (FFFF);
SDR 16 TDI (FFFF) TDO (BFFF);
SDR 16 TDI (FFFF) TDO (FFFF);
SDR 16 TDI (FFFF) TDO (FF7F);
SDR 16 TDI (FFFF) TDO (FFFF);
SDR 16 TDI (FFFF) TDO (7FFF);
SDR 16 TDI (FFFF) TDO (FFBF);
SDR 16 TDI (FFFF) TDO (FFEF);
SDR 16 TDI (FFFF) TDO (BBFF);
SDR 16 TDI (FFFF) TDO (BFDF);
SDR 16 TDI (FFFF) TDO (BBBE);
SDR 16 TDI (FFFF) TDO (F7DB);
SDR 16 TDI (FFFF) TDO (FF7F);
SDR 16 TDI (FFFF) TDO (7F7B);
SDR 16 TDI (FFFF) TDO (D7F7);
SDR 16 TDI (FFFF) TDO (FFBF);
SDR 16 TDI (FFFF) TDO (F7FF);
SDR 16 TDI (FFFF) TDO (B2CF);
SDR 16 TDI (FFFF) TDO (FFEF);
SDR 16 TDI (FFFF) TDO (BFB7);
SDR 16 TDI (FFFF) TDO (F5B5);
SDR 16 TDI (FFFF) TDO (7FF7);
SDR 16 TDI (FFFF) TDO (FFDD);
SDR 16 TDI (FFFF) TDO (7FFF);
SDR 16 TDI (FFFF) TDO (FFFF);
SDR 16 TDI (FFFF) TDO (BFFF);
SDR 16 TDI (FFFF) TDO (FFFF);
SDR 16 TDI (FFFF) TDO (FF7F);
SDR 16 TDI (FFFF) TDO (FFF7);
SDR 16 TDI (FFFF) TDO (7FEF);
SDR 16 TDI (FFFF) TDO (FFBF);
SDR 16 TDI (FFFF) TDO (FFFB);
SDR 16 TDI (FFFF) TDO (BBEF);
SDR 16 TDI (FFFF) TDO (BFDF);
SDR 16 TDI (FFFF) TDO (FBFD);
SDR 16 TDI (FFFF) TDO (F7DF);
SDR 16 TDI (FFFF) TDO (FF7B);
SDR 16 TDI (FFFF) TDO (7FFD);
SDR 16 TDI (FFFF) TDO (AFCF);
SDR 16 TDI (FFFF) TDO (FFBF);
SDR 16 TDI (FFFF) TDO (7FFD);
SDR 16 TDI (FFFF) TDO (BEAF);
SDR 16 TDI (FFFF) TDO (FFEF);
SDR 16 TDI (FFFF) TDO (DFFE);
SDR 16 TDI (FFFF) TDO (FFFF);
SDR 16 TDI (FFFF) TDO (7FF7);
SDR 16 TDI (FFFF) TDO (EFBE);
SDR 16 TDI (FFFF) TDO (FFFF);
SDR 16 TDI (FFFF) TDO (FFFF);
SDR 16 TDI (FFFF) TDO (BFFF);
SDR 16 TDI (FFFF) TDO (FFFF);
SDR 16 TDI (FFFF) TDO (FFFF);
SDR 16 TDI (FFFF) TDO (FFFF);
SDR 16 TDI (FFFF) TDO (7FFF);
SDR 16 TDI (FFFF) TDO (FFFF);
SDR 16 TDI (FFFF) TDO (FFF7);
SDR 16 TDI (FFFF) TDO (EF7F);
SDR 16 TDI (FFFF) TDO (BFFD);
SDR 16 TDI (FFFF) TDO (BD7F);
SDR 16 TDI (FFFF) TDO (FFFB);
SDR 16 TDI (FFFF) TDO (FFFF);
SDR 16 TDI (FFFF) TDO (7EFF);
SDR 16 TDI (FFFF) TDO (7B7F);
SDR 16 TDI (FFFF) TDO (FFFF);
SDR 16 TDI (FFFF) TDO (EFEF);
SDR 16 TDI (FFFF) TDO (ADFA);
SDR 16 TDI (FFFF) TDO (FFFE);
SDR 16 TDI (FFFF) TDO (FFB7);
SDR 16 TDI (FFFF) TDO (AB33);
SDR 16 TDI (FFFF) TDO (7FFF);
SDR 16 TDI (FFFF) TDO (FFEF);
SDR 16 TDI (FFFF) TDO (7FFF);
SDR 16 TDI (FFFF) TDO (FFFF);
SDR 16 TDI (FFFF) TDO (A55F);
SDR 16 TDI (FFFF) TDO (FFFF);
SDR 16 TDI (FFFF) TDO (DFFF);
SDR 16 TDI (FFFF) TDO (FFFF);
SDR 16 TDI (FFFF) TDO (7FFD);
SDR 16 TDI (FFFF) TDO (FFFF);
SDR 16 TDI (FFFF) TDO (FFFF);
SDR 16 TDI (FFFF) TDO (EF76);
SDR 16 TDI (FFFF) TDO (BBEE);
SDR 16 TDI (FFFF) TDO (FFEF);
SDR 16 TDI (FFFF) TDO (FFF7);
SDR 16 TDI (FFFF) TDO (FFFB);
SDR 16 TDI (FFFF) TDO (7EF7);
SDR 16 TDI (FFFF) TDO (BD3D);
SDR 16 TDI (FFFF) TDO (FFFD);
SDR 16 TDI (FFFF) TDO (DF3D);
SDR 16 TDI (FFFF) TDO (AEBC);
SDR 16 TDI (FFFF) TDO (F7FF);
SDR 16 TDI (FFFF) TDO (EF77);
SDR 16 TDI (FFFF) TDO (FFF7);
SDR 16 TDI (FFFF) TDO (7D77);
SDR 16 TDI (FFFF) TDO (FF9F);
SDR 16 TDI (FFFF) TDO (7FFF);
SDR 16 TDI (FFFF) TDO (FFFF);
SDR 16 TDI (FFFF) TDO (AFFF);
SDR 16 TDI (FFFF) TDO (FFFF);
SDR 16 TDI (FFFF) TDO (FFFF);
SDR 16 TDI (FFFF) TDO (FFFF);
SDR 16 TDI (FFFF) TDO (7FFF);
SDR 16 TDI (FFFF) TDO (BFFF);
SDR 16 TDI (FFFF) TDO (FFFF);
SDR 16 TDI (FFFF) TDO (FFFB);
SDR 16 TDI (FFFF) TDO (BFFF);
SDR 16 TDI (FFFF) TDO (6EFF);
SDR 16 TDI (FFFF) TDO (FDFF);
SDR 16 TDI (FFFF) TDO (7FBF);
SDR 16 TDI (FFFF) TDO (7FFF);
SDR 16 TDI (FFFF) TDO (EFF7);
SDR 16 TDI (FFFF) TDO (EFBF);
SDR 16 TDI (FFFF) TDO (EFFF);
SDR 16 TDI (FFFF) TDO (BFFF);
SDR 16 TDI (FFFF) TDO (FFF7);
SDR 16 TDI (FFFF) TDO (7FBB);
SDR 16 TDI (FFFF) TDO (7FFF);
SDR 16 TDI (FFFF) TDO (7FFF);
SDR 16 TDI (FFFF) TDO (67FF);
SDR 16 TDI (FFFF) TDO (7FFF);
SDR 16 TDI (FFFF) TDO (FFFF);
SDR 16 TDI (FFFF) TDO (A55F);
SDR 16 TDI (FFFF) TDO (FFFF);
SDR 16 TDI (FFFF) TDO (FFFF);
SDR 16 TDI (FFFF) TDO (FFFF);
SDR 16 TDI (FFFF) TDO (7FFF);
SDR 16 TDI (FFFF) TDO (FFFF);
SDR 16 TDI (FFFF) TDO (FFFF);
SDR 16 TDI (FFFF) TDO (BBFF);
SDR 16 TDI (FFFF) TDO (BFFB);
SDR 16 TDI (FFFF) TDO (7B7F);
SDR 16 TDI (FFFF) TDO (FF7F);
SDR 16 TDI (FFFF) TDO (FFFF);
SDR 16 TDI (FFFF) TDO (6FFE);
SDR 16 TDI (FFFF) TDO (EFEE);
SDR 16 TDI (FFFF) TDO (DFFF);
SDR 16 TDI (FFFF) TDO (FBFF);
SDR 16 TDI (FFFF) TDO (BFF3);
SDR 16 TDI (FFFF) TDO (FBFF);
SDR 16 TDI (FFFF) TDO (FDBC);
SDR 16 TDI (FFFF) TDO (DFEB);
SDR 16 TDI (FFFF) TDO (7BFE);
SDR 16 TDI (FFFF) TDO (FFF9);
SDR 16 TDI (FFFF) TDO (FFFF);
SDR 16 TDI (FFFF) TDO (FFFF);
SDR 16 TDI (FFFF) TDO (AAAF);
SDR 16 TDI (FFFF) TDO (FFBF);
SDR 16 TDI (FFFF) TDO (BBFF);
SDR 16 TDI (FFFF) TDO (FFFF);
SDR 16 TDI (FFFF) TDO (7FFF);
SDR 16 TDI (FFFF) TDO (FBFF);
SDR 16 TDI (FFFF) TDO (FFFF);
SDR 16 TDI (FFFF) TDO (FF7F);
SDR 16 TDI (FFFF) TDO (BEDF);
SDR 16 TDI (FFFF) TDO (EEFB);
SDR 16 TDI (FFFF) TDO (FDBF);
SDR 16 TDI (FFFF) TDO (E7FF);
SDR 16 TDI (FFFF) TDO (7FFF);
SDR 16 TDI (FFFF) TDO (FBDF);
SDR 16 TDI (FFFF) TDO (FBFF);
SDR 16 TDI (FFFF) TDO (FF7E);
SDR 16 TDI (FFFF) TDO (ABFF);
SDR 16 TDI (FFFF) TDO (5EFF);
SDR 16 TDI (FFFF) TDO (FF7F);
SDR 16 TDI (FFFF) TDO (DFFF);
SDR 16 TDI (FFFF) TDO (7FFF);
SDR 16 TDI (FFFF) TDO (9BEB);
SDR 16 TDI (FFFF) TDO (7FFF);
SDR 16 TDI (FFFF) TDO (FFFF);
SDR 16 TDI (FFFF) TDO (BFFF);
SDR 16 TDI (FFFF) TDO (FFFF);
SDR 16 TDI (FFFF) TDO (FFFF);
SDR 16 TDI (FFFF) TDO (FFFF);
SDR 16 TDI (FFFF) TDO (7FFF);
SDR 16 TDI (FFFF) TDO (FFFF);
SDR 16 TDI (FFFF) TDO (FFFF);
SDR 16 TDI (FFFF) TDO (F7BB);
SDR 16 TDI (FFFF) TDO (BFFF);
SDR 16 TDI (FFFF) TDO (FFFF);
SDR 16 TDI (FFFF) TDO (FFFF);
SDR 16 TDI (FFFF) TDO (FFFF);
SDR 16 TDI (FFFF) TDO (7FFF);
SDR 16 TDI (FFFF) TDO (FEFF);
SDR 16 TDI (FFFF) TDO (FFAF);
SDR 16 TDI (FFFF) TDO (EBFF);
SDR 16 TDI (FFFF) TDO (BFDF);
SDR 16 TDI (FFFF) TDO (FFFF);
SDR 16 TDI (FFFF) TDO (37FF);
SDR 16 TDI (FFFF) TDO (FFFF);
SDR 16 TDI (FFFF) TDO (7FFB);
SDR 16 TDI (FFFF) TDO (FDBF);
SDR 16 TDI (FFFF) TDO (7FFF);
SDR 16 TDI (FFFF) TDO (FFFF);
SDR 16 TDI (FFFF) TDO (BFFF);
SDR 16 TDI (FFFF) TDO (FFFF);
SDR 16 TDI (FFFF) TDO (FFFF);
SDR 16 TDI (FFFF) TDO (FFFF);
SDR 16 TDI (FFFF) TDO (7FFF);
SDR 16 TDI (FFFF) TDO (EFFF);
SDR 16 TDI (FFFF) TDO (FFDF);
SDR 16 TDI (FFFF) TDO (BBBE);
SDR 16 TDI (FFFF) TDO (BFF9);
SDR 16 TDI (FFFF) TDO (FBBB);
SDR 16 TDI (FFFF) TDO (FFFF);
SDR 16 TDI (FFFF) TDO (FFFF);
SDR 16 TDI (FFFF) TDO (7FFF);
SDR 16 TDI (FFFF) TDO (3FFA);
SDR 16 TDI (FFFF) TDO (FFF7);
SDR 16 TDI (FFFF) TDO (BFFF);
SDR 16 TDI (FFFF) TDO (BAF7);
SDR 16 TDI (FFFF) TDO (CFFF);
SDR 16 TDI (FFFF) TDO (BBEF);
SDR 16 TDI (FFFF) TDO (FFFB);
SDR 16 TDI (FFFF) TDO (7FFE);
SDR 16 TDI (FFFF) TDO (FEFD);
SDR 16 TDI (FFFF) TDO (7FFF);
SDR 16 TDI (FFFF) TDO (FFFF);
SDR 16 TDI (FFFF) TDO (BFFF);
SDR 16 TDI (FFFF) TDO (FFFF);
SDR 16 TDI (FFFF) TDO (DBFF);
SDR 16 TDI (FFFF) TDO (FFFF);
SDR 16 TDI (FFFF) TDO (7FFF);
SDR 16 TDI (FFFF) TDO (B7FF);
SDR 16 TDI (FFFF) TDO (FFFF);
SDR 16 TDI (FFFF) TDO (F55E);
SDR 16 TDI (FFFF) TDO (A7F7);
SDR 16 TDI (FFFF) TDO (F56F);
SDR 16 TDI (FFFF) TDO (FDFF);
SDR 16 TDI (FFFF) TDO (EFFB);
SDR 16 TDI (FFFF) TDO (77F7);
SDR 16 TDI (FFFF) TDO (6511);
SDR 16 TDI (FFFF) TDO (FFDF);
SDR 16 TDI (FFFF) TDO (FFDD);
SDR 16 TDI (FFFF) TDO (BEB7);
SDR 16 TDI (FFFF) TDO (3B7E);
SDR 16 TDI (FFFF) TDO (914C);
SDR 16 TDI (FFFF) TDO (3FF3);
SDR 16 TDI (FFFF) TDO (7773);
SDR 16 TDI (FFFF) TDO (45F7);
SDR 16 TDI (FFFF) TDO (FFFF);
SDR 16 TDI (FFFF) TDO (FFFF);
SDR 16 TDI (FFFF) TDO (BAEF);
SDR 16 TDI (FFFF) TDO (FFBF);
SDR 16 TDI (FFFF) TDO (BFFF);
SDR 16 TDI (FFFF) TDO (FFFF);
SDR 16 TDI (FFFF) TDO (7FFB);
SDR 16 TDI (FFFF) TDO (FDFF);
SDR 16 TDI (FFFF) TDO (FFFF);
SDR 16 TDI (FFFF) TDO (DFFF);
SDR 16 TDI (FFFF) TDO (BFDC);
SDR 16 TDI (FFFF) TDO (CEFF);
SDR 16 TDI (FFFF) TDO (FFFF);
SDR 16 TDI (FFFF) TDO (FBFF);
SDR 16 TDI (FFFF) TDO (7F7F);
SDR 16 TDI (FFFF) TDO (FBEE);
SDR 16 TDI (FFFF) TDO (2FB7);
SDR 16 TDI (FFFF) TDO (987F);
SDR 16 TDI (FFFF) TDO (B578);
SDR 16 TDI (FFFF) TDO (DFFF);
SDR 16 TDI (FFFF) TDO (FFB3);
SDR 16 TDI (FFFF) TDO (FFFF);
SDR 16 TDI (FFFF) TDO (7FFC);
SDR 16 TDI (FFFF) TDO (BF88);
SDR 16 TDI (FFFF) TDO (FFFF);
SDR 16 TDI (FFFF) TDO (FFFF);
SDR 16 TDI (FFFF) TDO (BFFF);
SDR 16 TDI (FFFF) TDO (FFFF);
SDR 16 TDI (FFFF) TDO (FFFF);
SDR 16 TDI (FFFF) TDO (FFFF);
SDR 16 TDI (FFFF) TDO (7FFF);
SDR 16 TDI (FFFF) TDO (FFFF);
SDR 16 TDI (FFFF) TDO (FFBF);
SDR 16 TDI (FFFF) TDO (AAA9);
SDR 16 TDI (FFFF) TDO (BEEB);
SDR 16 TDI (FFFF) TDO (3BB3);
SDR 16 TDI (FFFF) TDO (FE37);
SDR 16 TDI (FFFF) TDO (7FBF);
SDR 16 TDI (FFFF) TDO (7FFE);
SDR 16 TDI (FFFF) TDO (9EFF);
SDR 16 TDI (FFFF) TDO (FDED);
SDR 16 TDI (FFFF) TDO (E7FE);
SDR 16 TDI (FFFF) TDO (ABCF);
SDR 16 TDI (FFFF) TDO (E7F7);
SDR 16 TDI (FFFF) TDO (6EFF);
SDR 16 TDI (FFFF) TDO (DFED);
SDR 16 TDI (FFFF) TDO (7DFF);
SDR 16 TDI (FFFF) TDO (FA7F);
SDR 16 TDI (FFFF) TDO (3FFF);
SDR 16 TDI (FFFF) TDO (FFFF);
SDR 16 TDI (FFFF) TDO (A55F);
SDR 16 TDI (FFFF) TDO (FF3F);
SDR 16 TDI (FFFF) TDO (3EFF);
SDR 16 TDI (FFFF) TDO (FFFF);
SDR 16 TDI (FFFF) TDO (7FE0);
SDR 16 TDI (FFFF) TDO (1F7F);
SDR 16 TDI (FFFF) TDO (FF9F);
SDR 16 TDI (FFFF) TDO (DD77);
SDR 16 TDI (FFFF) TDO (BF94);
SDR 16 TDI (FFFF) TDO (96DF);
SDR 16 TDI (FFFF) TDO (FE00);
SDR 16 TDI (FFFF) TDO (3E00);
SDR 16 TDI (FFFF) TDO (6001);
SDR 16 TDI (FFFF) TDO (DB7D);
SDR 16 TDI (FFFF) TDO (5F18);
SDR 16 TDI (FFFF) TDO (7A87);
SDR 16 TDI (FFFF) TDO (A722);
SDR 16 TDI (FFFF) TDO (DFC1);
SDR 16 TDI (FFFF) TDO (B6B7);
SDR 16 TDI (FFFF) TDO (DFFC);
SDR 16 TDI (FFFF) TDO (63E7);
SDR 16 TDI (FFFF) TDO (153C);
SDR 16 TDI (FFFF) TDO (7FFF);
SDR 16 TDI (FFFF) TDO (FFFF);
SDR 16 TDI (FFFF) TDO (AFFF);
SDR 16 TDI (FFFF) TDO (FF3F);
SDR 16 TDI (FFFF) TDO (37FF);
SDR 16 TDI (FFFF) TDO (FFFF);
SDR 16 TDI (FFFF) TDO (7FE0);
SDR 16 TDI (FFFF) TDO (1BFF);
SDR 16 TDI (FFFF) TDO (FF9F);
SDR 16 TDI (FFFF) TDO (E719);
SDR 16 TDI (FFFF) TDO (ADDC);
SDR 16 TDI (FFFF) TDO (9D73);
SDR 16 TDI (FFFF) TDO (FE00);
SDR 16 TDI (FFFF) TDO (3700);
SDR 16 TDI (FFFF) TDO (6000);
SDR 16 TDI (FFFF) TDO (D58C);
SDR 16 TDI (FFFF) TDO (5B80);
SDR 16 TDI (FFFF) TDO (0086);
SDR 16 TDI (FFFF) TDO (A250);
SDR 16 TDI (FFFF) TDO (66E0);
SDR 16 TDI (FFFF) TDO (6AA2);
SDR 16 TDI (FFFF) TDO (DFEC);
SDR 16 TDI (FFFF) TDO (63F2);
SDR 16 TDI (FFFF) TDO (1430);
SDR 16 TDI (FFFF) TDO (FFFF);
SDR 16 TDI (FFFF) TDO (FFFF);
SDR 16 TDI (FFFF) TDO (B55F);
SDR 16 TDI (FFFF) TDO (FF3F);
SDR 16 TDI (FFFF) TDO (1FFF);
SDR 16 TDI (FFFF) TDO (FFFF);
SDR 16 TDI (FFFF) TDO (7FE0);
SDR 16 TDI (FFFF) TDO (1FFF);
SDR 16 TDI (FFFF) TDO (FF9F);
SDR 16 TDI (FFFF) TDO (C48E);
SDR 16 TDI (FFFF) TDO (A7E7);
SDR 16 TDI (FFFF) TDO (E463);
SDR 16 TDI (FFFF) TDO (FFC0);
SDR 16 TDI (FFFF) TDO (3F00);
SDR 16 TDI (FFFF) TDO (6001);
SDR 16 TDI (FFFF) TDO (9D19);
SDR 16 TDI (FFFF) TDO (2FC8);
SDR 16 TDI (FFFF) TDO (4C87);
SDR 16 TDI (FFFF) TDO (A4EE);
SDR 16 TDI (FFFF) TDO (C3E0);
SDR 16 TDI (FFFF) TDO (22F3);
SDR 16 TDI (FFFF) TDO (9FF8);
SDR 16 TDI (FFFF) TDO (61F9);
SDR 16 TDI (FFFF) TDO (FBBB);
SDR 16 TDI (FFFF) TDO (3FFF);
SDR 16 TDI (FFFF) TDO (FFFF);
SDR 16 TDI (FFFF) TDO (BFFF);
SDR 16 TDI (FFFF) TDO (FF3F);
SDR 16 TDI (FFFF) TDO (3FFF);
SDR 16 TDI (FFFF) TDO (FFFF);
SDR 16 TDI (FFFF) TDO (5FE0);
SDR 16 TDI (FFFF) TDO (1FFF);
SDR 16 TDI (FFFF) TDO (FF9F);
SDR 16 TDI (FFFF) TDO (E218);
SDR 16 TDI (FFFF) TDO (BFCA);
SDR 16 TDI (FFFF) TDO (4A73);
SDR 16 TDI (FFFF) TDO (FD80);
SDR 16 TDI (FFFF) TDO (3F00);
SDR 16 TDI (FFFF) TDO (6000);
SDR 16 TDI (FFFF) TDO (8188);
SDR 16 TDI (FFFF) TDO (FFF8);
SDR 16 TDI (FFFF) TDO (1B86);
SDR 16 TDI (FFFF) TDO (BCCE);
SDR 16 TDI (FFFF) TDO (E7E0);
SDR 16 TDI (FFFF) TDO (7232);
SDR 16 TDI (FFFF) TDO (9FE8);
SDR 16 TDI (FFFF) TDO (63F9);
SDR 16 TDI (FFFF) TDO (CA8B);
SDR 16 TDI (FFFF) TDO (3FFF);
SDR 16 TDI (FFFF) TDO (FFFF);
SDR 16 TDI (FFFF) TDO (BFFF);
SDR 16 TDI (FFFF) TDO (3333);
SDR 16 TDI (FFFF) TDO (BF33);
SDR 16 TDI (FFFF) TDO (333C);
SDR 16 TDI (FFFF) TDO (799D);
SDR 16 TDI (FFFF) TDO (9F99);
SDR 16 TDI (FFFF) TDO (99BE);
SDR 16 TDI (FFFF) TDO (232B);
SDR 16 TDI (FFFF) TDO (AFD8);
SDR 16 TDI (FFFF) TDO (D8AB);
SDR 16 TDI (FFFF) TDO (333B);
SDR 16 TDI (FFFF) TDO (BF33);
SDR 16 TDI (FFFF) TDO (6EEE);
SDR 16 TDI (FFFF) TDO (CCCD);
SDR 16 TDI (FFFF) TDO (BF99);
SDR 16 TDI (FFFF) TDO (899F);
SDR 16 TDI (FFFF) TDO (A664);
SDR 16 TDI (FFFF) TDO (27EE);
SDR 16 TDI (FFFF) TDO (4462);
SDR 16 TDI (FFFF) TDO (9981);
SDR 16 TDI (FFFF) TDO (7BF3);
SDR 16 TDI (FFFF) TDO (3333);
SDR 16 TDI (FFFF) TDO (3FFF);
SDR 16 TDI (FFFF) TDO (FFFF);
SDR 16 TDI (FFFF) TDO (BFFF);
SDR 16 TDI (FFFF) TDO (7737);
SDR 16 TDI (FFFF) TDO (0ABB);
SDR 16 TDI (FFFF) TDO (BBBD);
SDR 16 TDI (FFFF) TDO (7BB9);
SDR 16 TDI (FFFF) TDO (955D);
SDR 16 TDI (FFFF) TDO (DD9E);
SDR 16 TDI (FFFF) TDO (C646);
SDR 16 TDI (FFFF) TDO (AA8E);
SDR 16 TDI (FFFF) TDO (4C47);
SDR 16 TDI (FFFF) TDO (7673);
SDR 16 TDI (FFFF) TDO (2A33);
SDR 16 TDI (FFFF) TDO (6667);
SDR 16 TDI (FFFF) TDO (9999);
SDR 16 TDI (FFFF) TDO (B549);
SDR 16 TDI (FFFF) TDO (DD9F);
SDR 16 TDI (FFFF) TDO (AECE);
SDR 16 TDI (FFFF) TDO (E546);
SDR 16 TDI (FFFF) TDO (6337);
SDR 16 TDI (FFFF) TDO (1BB9);
SDR 16 TDI (FFFF) TDO (72AB);
SDR 16 TDI (FFFF) TDO (99BB);
SDR 16 TDI (FFFF) TDO (777D);
SDR 16 TDI (FFFF) TDO (FFFF);
SDR 16 TDI (FFFF) TDO (B777);
SDR 16 TDI (FFFF) TDO (7BBB);
SDR 16 TDI (FFFF) TDO (BFFD);
SDR 16 TDI (FFFF) TDO (DDFF);
SDR 16 TDI (FFFF) TDO (5FFF);
SDR 16 TDI (FFFF) TDO (FFFF);
SDR 16 TDI (FFFF) TDO (FFFF);
SDR 16 TDI (FFFF) TDO (FFFF);
SDR 16 TDI (FFFF) TDO (BFFF);
SDR 16 TDI (FFFF) TDO (FFFF);
SDR 16 TDI (FFFF) TDO (FEFF);
SDR 16 TDI (FFFF) TDO (FFFF);
SDR 16 TDI (FFFF) TDO (7FEE);
SDR 16 TDI (FFFF) TDO (FF7F);
SDR 16 TDI (FFFF) TDO (FFFF);
SDR 16 TDI (FFFF) TDO (BBB3);
SDR 16 TDI (FFFF) TDO (BF9B);
SDR 16 TDI (FFFF) TDO (D9BB);
SDR 16 TDI (FFFF) TDO (FFDD);
SDR 16 TDI (FFFF) TDO (FEEE);
SDR 16 TDI (FFFF) TDO (7DDC);
SDR 16 TDI (FFFF) TDO (CCCD);
SDR 16 TDI (FFFF) TDO (DF7F);
SDR 16 TDI (FFFF) TDO (7BF7);
SDR 16 TDI (FFFF) TDO (B77F);
SDR 16 TDI (FFFF) TDO (B7DC);
SDR 16 TDI (FFFF) TDO (CDFE);
SDR 16 TDI (FFFF) TDO (DFEC);
SDR 16 TDI (FFFF) TDO (7FE7);
SDR 16 TDI (FFFF) TDO (FF77);
SDR 16 TDI (FFFF) TDO (EEE7);
SDR 16 TDI (FFFF) TDO (FFFD);
SDR 16 TDI (FFFF) TDO (BBBB);
SDR 16 TDI (FFFF) TDO (FF77);
SDR 16 TDI (FFFF) TDO (77EE);
SDR 16 TDI (FFFF) TDO (EFFF);
SDR 16 TDI (FFFF) TDO (7FFF);
SDR 16 TDI (FFFF) TDO (FFFF);
SDR 16 TDI (FFFF) TDO (FFFF);
SDR 16 TDI (FFFF) TDO (FFFF);
SDR 16 TDI (FFFF) TDO (BFFF);
SDR 16 TDI (FFFF) TDO (7DFF);
SDR 16 TDI (FFFF) TDO (FFFB);
SDR 16 TDI (FFFF) TDO (FF7F);
SDR 16 TDI (FFFF) TDO (7FFF);
SDR 16 TDI (FFFF) TDO (FFFF);
SDR 16 TDI (FFFF) TDO (FFFC);
SDR 16 TDI (FFFF) TDO (FFEB);
SDR 16 TDI (FFFF) TDO (BFFF);
SDR 16 TDI (FFFF) TDO (5FEE);
SDR 16 TDI (FFFF) TDO (FFFF);
SDR 16 TDI (FFFF) TDO (BFEF);
SDR 16 TDI (FFFF) TDO (7FDF);
SDR 16 TDI (FFFF) TDO (BDFC);
SDR 16 TDI (FFFF) TDO (FFFF);
SDR 16 TDI (FFFF) TDO (DDFB);
SDR 16 TDI (FFFF) TDO (BDED);
SDR 16 TDI (FFFF) TDO (6FF5);
SDR 16 TDI (FFFF) TDO (FAFB);
SDR 16 TDI (FFFF) TDO (75F7);
SDR 16 TDI (FFFF) TDO (7FFB);
SDR 16 TDI (FFFF) TDO (BBFF);
SDR 16 TDI (FFFF) TDO (FFDF);
SDR 16 TDI (FFFF) TDO (FFFF);
SDR 16 TDI (FFFF) TDO (BFFF);
SDR 16 TDI (FFFF) TDO (FFFF);
SDR 16 TDI (FFFF) TDO (FFFF);
SDR 16 TDI (FFFF) TDO (FFFF);
SDR 16 TDI (FFFF) TDO (7FFF);
SDR 16 TDI (FFFF) TDO (FFFF);
SDR 16 TDI (FFFF) TDO (FFFF);
SDR 16 TDI (FFFF) TDO (FFFF);
SDR 16 TDI (FFFF) TDO (BFFF);
SDR 16 TDI (FFFF) TDO (FFFD);
SDR 16 TDI (FFFF) TDO (FFFF);
SDR 16 TDI (FFFF) TDO (FFFF);
SDR 16 TDI (FFFF) TDO (5577);
SDR 16 TDI (FFFF) TDO (FFFE);
SDR 16 TDI (FFFF) TDO (D6F7);
SDR 16 TDI (FFFF) TDO (FFFE);
SDR 16 TDI (FFFF) TDO (BFE6);
SDR 16 TDI (FFFF) TDO (FEFB);
SDR 16 TDI (FFFF) TDO (7FFD);
SDR 16 TDI (FFFF) TDO (FFBB);
SDR 16 TDI (FFFF) TDO (7FFF);
SDR 16 TDI (FFFF) TDO (FFFF);
SDR 16 TDI (FFFF) TDO (BFDD);
SDR 16 TDI (FFFF) TDO (FEF7);
SDR 16 TDI (FFFF) TDO (AF7F);
SDR 16 TDI (FFFF) TDO (FFFF);
SDR 16 TDI (FFFF) TDO (77EF);
SDR 16 TDI (FFFF) TDO (BFBB);
SDR 16 TDI (FFFF) TDO (7FFF);
SDR 16 TDI (FFFF) TDO (FFBF);
SDR 16 TDI (FFFF) TDO (FFFF);
SDR 16 TDI (FFFF) TDO (FFFF);
SDR 16 TDI (FFFF) TDO (BFFF);
SDR 16 TDI (FFFF) TDO (FFFF);
SDR 16 TDI (FFFF) TDO (FFFF);
SDR 16 TDI (FFFF) TDO (FFFF);
SDR 16 TDI (FFFF) TDO (7FFF);
SDR 16 TDI (FFFF) TDO (FFFF);
SDR 16 TDI (FFFF) TDO (FFFF);
SDR 16 TDI (FFFF) TDO (FFFF);
SDR 16 TDI (FFFF) TDO (AFFF);
SDR 16 TDI (FFFF) TDO (FDFD);
SDR 16 TDI (FFFF) TDO (FFFB);
SDR 16 TDI (FFFF) TDO (FFFF);
SDR 16 TDI (FFFF) TDO (7FFF);
SDR 16 TDI (FFFF) TDO (FFFF);
SDR 16 TDI (FFFF) TDO (EFFF);
SDR 16 TDI (FFFF) TDO (7FFF);
SDR 16 TDI (FFFF) TDO (AFEF);
SDR 16 TDI (FFFF) TDO (FFF6);
SDR 16 TDI (FFFF) TDO (FFFE);
SDR 16 TDI (FFFF) TDO (7F9F);
SDR 16 TDI (FFFF) TDO (7FFF);
SDR 16 TDI (FFFF) TDO (BDFA);
SDR 16 TDI (FFFF) TDO (BFDF);
SDR 16 TDI (FFFF) TDO (DFEF);
SDR 16 TDI (FFFF) TDO (BFFA);
SDR 16 TDI (FFFF) TDO (EFF7);
SDR 16 TDI (FFFF) TDO (FFFD);
SDR 16 TDI (FFFF) TDO (F5FF);
SDR 16 TDI (FFFF) TDO (7FFB);
SDR 16 TDI (FFFF) TDO (FFFF);
SDR 16 TDI (FFFF) TDO (FFDF);
SDR 16 TDI (FFFF) TDO (FFFF);
SDR 16 TDI (FFFF) TDO (BFFF);
SDR 16 TDI (FFFF) TDO (FFFF);
SDR 16 TDI (FFFF) TDO (FFFF);
SDR 16 TDI (FFFF) TDO (FFFF);
SDR 16 TDI (FFFF) TDO (7FFF);
SDR 16 TDI (FFFF) TDO (FFFF);
SDR 16 TDI (FFFF) TDO (FFFF);
SDR 16 TDI (FFFF) TDO (FFFF);
SDR 16 TDI (FFFF) TDO (AFFF);
SDR 16 TDI (FFFF) TDO (7FFF);
SDR 16 TDI (FFFF) TDO (FFFF);
SDR 16 TDI (FFFF) TDO (FF7F);
SDR 16 TDI (FFFF) TDO (7FFF);
SDR 16 TDI (FFFF) TDO (FFFF);
SDR 16 TDI (FFFF) TDO (DFF5);
SDR 16 TDI (FFFF) TDO (FFEB);
SDR 16 TDI (FFFF) TDO (BFFE);
SDR 16 TDI (FFFF) TDO (AEDF);
SDR 16 TDI (FFFF) TDO (BFFF);
SDR 16 TDI (FFFF) TDO (FFFB);
SDR 16 TDI (FFFF) TDO (7FBF);
SDR 16 TDI (FFFF) TDO (FFFF);
SDR 16 TDI (FFFF) TDO (FFFD);
SDR 16 TDI (FFFF) TDO (FDFB);
SDR 16 TDI (FFFF) TDO (B5EF);
SDR 16 TDI (FFFF) TDO (FFFD);
SDR 16 TDI (FFFF) TDO (72FE);
SDR 16 TDI (FFFF) TDO (DFCB);
SDR 16 TDI (FFFF) TDO (7FFF);
SDR 16 TDI (FFFF) TDO (BBBF);
SDR 16 TDI (FFFF) TDO (FFFF);
SDR 16 TDI (FFFF) TDO (FFFF);
SDR 16 TDI (FFFF) TDO (BFFF);
SDR 16 TDI (FFFF) TDO (FFFF);
SDR 16 TDI (FFFF) TDO (FFFF);
SDR 16 TDI (FFFF) TDO (FFFF);
SDR 16 TDI (FFFF) TDO (7FFF);
SDR 16 TDI (FFFF) TDO (FFFF);
SDR 16 TDI (FFFF) TDO (FFFF);
SDR 16 TDI (FFFF) TDO (FFFF);
SDR 16 TDI (FFFF) TDO (BFFF);
SDR 16 TDI (FFFF) TDO (BFFF);
SDR 16 TDI (FFFF) TDO (FFFF);
SDR 16 TDI (FFFF) TDO (FFFF);
SDR 16 TDI (FFFF) TDO (5BBF);
SDR 16 TDI (FFFF) TDO (FFFF);
SDR 16 TDI (FFFF) TDO (FF7F);
SDR 16 TDI (FFFF) TDO (FFFF);
SDR 16 TDI (FFFF) TDO (BFF5);
SDR 16 TDI (FFFF) TDO (7FFF);
SDR 16 TDI (FFFF) TDO (7FFF);
SDR 16 TDI (FFFF) TDO (FFFE);
SDR 16 TDI (FFFF) TDO (7FFF);
SDR 16 TDI (FFFF) TDO (FFF5);
SDR 16 TDI (FFFF) TDO (DFEF);
SDR 16 TDI (FFFF) TDO (6FBF);
SDR 16 TDI (FFFF) TDO (BFFD);
SDR 16 TDI (FFFF) TDO (EFEF);
SDR 16 TDI (FFFF) TDO (FFFF);
SDR 16 TDI (FFFF) TDO (FFFF);
SDR 16 TDI (FFFF) TDO (6FFB);
SDR 16 TDI (FFFF) TDO (5EFD);
SDR 16 TDI (FFFF) TDO (FFFF);
SDR 16 TDI (FFFF) TDO (FFFF);
SDR 16 TDI (FFFF) TDO (BFFF);
SDR 16 TDI (FFFF) TDO (FFFF);
SDR 16 TDI (FFFF) TDO (FFFF);
SDR 16 TDI (FFFF) TDO (FFFF);
SDR 16 TDI (FFFF) TDO (5FFF);
SDR 16 TDI (FFFF) TDO (FFFF);
SDR 16 TDI (FFFF) TDO (FFFF);
SDR 16 TDI (FFFF) TDO (FFFF);
SDR 16 TDI (FFFF) TDO (BFFF);
SDR 16 TDI (FFFF) TDO (FFEF);
SDR 16 TDI (FFFF) TDO (FFFF);
SDR 16 TDI (FFFF) TDO (FFFD);
SDR 16 TDI (FFFF) TDO (7FFF);
SDR 16 TDI (FFFF) TDO (FFFD);
SDR 16 TDI (FFFF) TDO (DFFB);
SDR 16 TDI (FFFF) TDO (7FAF);
SDR 16 TDI (FFFF) TDO (BFFF);
SDR 16 TDI (FFFF) TDO (EFFE);
SDR 16 TDI (FFFF) TDO (FFEF);
SDR 16 TDI (FFFF) TDO (FFFF);
SDR 16 TDI (FFFF) TDO (77DF);
SDR 16 TDI (FFFF) TDO (FFFF);
SDR 16 TDI (FFFF) TDO (7FBF);
SDR 16 TDI (FFFF) TDO (FCF9);
SDR 16 TDI (FFFF) TDO (BFFF);
SDR 16 TDI (FFFF) TDO (FFFF);
SDR 16 TDI (FFFF) TDO (F77D);
SDR 16 TDI (FFFF) TDO (FFDD);
SDR 16 TDI (FFFF) TDO (7FFF);
SDR 16 TDI (FFFF) TDO (FFFF);
SDR 16 TDI (FFFF) TDO (FFFF);
SDR 16 TDI (FFFF) TDO (FFFF);
SDR 16 TDI (FFFF) TDO (BFFF);
SDR 16 TDI (FFFF) TDO (FFFF);
SDR 16 TDI (FFFF) TDO (FFFF);
SDR 16 TDI (FFFF) TDO (FFFF);
SDR 16 TDI (FFFF) TDO (7FFF);
SDR 16 TDI (FFFF) TDO (FFFF);
SDR 16 TDI (FFFF) TDO (FFFF);
SDR 16 TDI (FFFF) TDO (FFFF);
SDR 16 TDI (FFFF) TDO (BFFF);
SDR 16 TDI (FFFF) TDO (FFDF);
SDR 16 TDI (FFFF) TDO (FFFF);
SDR 16 TDI (FFFF) TDO (FFFD);
SDR 16 TDI (FFFF) TDO (7BFF);
SDR 16 TDI (FFFF) TDO (7FEF);
SDR 16 TDI (FFFF) TDO (DF7B);
SDR 16 TDI (FFFF) TDO (FDAF);
SDR 16 TDI (FFFF) TDO (BFFA);
SDR 16 TDI (FFFF) TDO (BFFD);
SDR 16 TDI (FFFF) TDO (FEFF);
SDR 16 TDI (FFFF) TDO (FFDE);
SDR 16 TDI (FFFF) TDO (7FCF);
SDR 16 TDI (FFFF) TDO (FFEE);
SDR 16 TDI (FFFF) TDO (BFDF);
SDR 16 TDI (FFFF) TDO (3FFB);
SDR 16 TDI (FFFF) TDO (BFDB);
SDR 16 TDI (FFFF) TDO (5FF7);
SDR 16 TDI (FFFF) TDO (FFFD);
SDR 16 TDI (FFFF) TDO (FFFB);
SDR 16 TDI (FFFF) TDO (7FFB);
SDR 16 TDI (FFFF) TDO (EEFF);
SDR 16 TDI (FFFF) TDO (FFFF);
SDR 16 TDI (FFFF) TDO (FFFF);
SDR 16 TDI (FFFF) TDO (BFFF);
SDR 16 TDI (FFFF) TDO (FFFF);
SDR 16 TDI (FFFF) TDO (FFFF);
SDR 16 TDI (FFFF) TDO (FFFF);
SDR 16 TDI (FFFF) TDO (7FFF);
SDR 16 TDI (FFFF) TDO (FFFF);
SDR 16 TDI (FFFF) TDO (FFFF);
SDR 16 TDI (FFFF) TDO (FFFF);
SDR 16 TDI (FFFF) TDO (BFFF);
SDR 16 TDI (FFFF) TDO (BFFF);
SDR 16 TDI (FFFF) TDO (FFFF);
SDR 16 TDI (FFFF) TDO (FFFF);
SDR 16 TDI (FFFF) TDO (5FDF);
SDR 16 TDI (FFFF) TDO (FFFD);
SDR 16 TDI (FFFF) TDO (FFFF);
SDR 16 TDI (FFFF) TDO (7FFF);
SDR 16 TDI (FFFF) TDO (BFFF);
SDR 16 TDI (FFFF) TDO (DFFF);
SDR 16 TDI (FFFF) TDO (7FEF);
SDR 16 TDI (FFFF) TDO (FFFF);
SDR 16 TDI (FFFF) TDO (6FFF);
SDR 16 TDI (FFFF) TDO (FFFB);
SDR 16 TDI (FFFF) TDO (FFEF);
SDR 16 TDI (FFFF) TDO (F359);
SDR 16 TDI (FFFF) TDO (BFFF);
SDR 16 TDI (FFFF) TDO (F7FF);
SDR 16 TDI (FFFF) TDO (EEFF);
SDR 16 TDI (FFFF) TDO (FFDF);
SDR 16 TDI (FFFF) TDO (6FFF);
SDR 16 TDI (FFFF) TDO (7FFD);
SDR 16 TDI (FFFF) TDO (FFFF);
SDR 16 TDI (FFFF) TDO (FFFF);
SDR 16 TDI (FFFF) TDO (BFFF);
SDR 16 TDI (FFFF) TDO (FFFF);
SDR 16 TDI (FFFF) TDO (FFFF);
SDR 16 TDI (FFFF) TDO (FFFF);
SDR 16 TDI (FFFF) TDO (7FFF);
SDR 16 TDI (FFFF) TDO (FFFF);
SDR 16 TDI (FFFF) TDO (FFFF);
SDR 16 TDI (FFFF) TDO (FFFF);
SDR 16 TDI (FFFF) TDO (BFFF);
SDR 16 TDI (FFFF) TDO (FFFF);
SDR 16 TDI (FFFF) TDO (FFFF);
SDR 16 TDI (FFFF) TDO (FFFF);
SDR 16 TDI (FFFF) TDO (7FFF);
SDR 16 TDI (FFFF) TDO (FFFF);
SDR 16 TDI (FFFF) TDO (FFFE);
SDR 16 TDI (FFFF) TDO (FFFF);
SDR 16 TDI (FFFF) TDO (BFFD);
SDR 16 TDI (FFFF) TDO (977F);
SDR 16 TDI (FFFF) TDO (DBFF);
SDR 16 TDI (FFFF) TDO (FFFF);
SDR 16 TDI (FFFF) TDO (7FFF);
SDR 16 TDI (FFFF) TDO (FECF);
SDR 16 TDI (FFFF) TDO (FFFF);
SDR 16 TDI (FFFF) TDO (2BDB);
SDR 16 TDI (FFFF) TDO (BFFF);
SDR 16 TDI (FFFF) TDO (FFFF);
SDR 16 TDI (FFFF) TDO (F7FF);
SDR 16 TDI (FFFF) TDO (FFFF);
SDR 16 TDI (FFFF) TDO (5FFF);
SDR 16 TDI (FFFF) TDO (FFFF);
SDR 16 TDI (FFFF) TDO (FFFF);
SDR 16 TDI (FFFF) TDO (FFFF);
SDR 16 TDI (FFFF) TDO (BFFF);
SDR 16 TDI (FFFF) TDO (FFFF);
SDR 16 TDI (FFFF) TDO (FFFF);
SDR 16 TDI (FFFF) TDO (FFFF);
SDR 16 TDI (FFFF) TDO (7FFF);
SDR 16 TDI (FFFF) TDO (FFFF);
SDR 16 TDI (FFFF) TDO (FFFF);
SDR 16 TDI (FFFF) TDO (FFFF);
SDR 16 TDI (FFFF) TDO (BFFF);
SDR 16 TDI (FFFF) TDO (FFFF);
SDR 16 TDI (FFFF) TDO (FFFF);
SDR 16 TDI (FFFF) TDO (FFFB);
SDR 16 TDI (FFFF) TDO (7DFF);
SDR 16 TDI (FFFF) TDO (FFBF);
SDR 16 TDI (FFFF) TDO (FFFD);
SDR 16 TDI (FFFF) TDO (FFFF);
SDR 16 TDI (FFFF) TDO (BFDF);
SDR 16 TDI (FFFF) TDO (FDDF);
SDR 16 TDI (FFFF) TDO (FD7F);
SDR 16 TDI (FFFF) TDO (FF7D);
SDR 16 TDI (FFFF) TDO (5FFE);
SDR 16 TDI (FFFF) TDO (FFFD);
SDR 16 TDI (FFFF) TDO (FFBD);
SDR 16 TDI (FFFF) TDO (FF77);
SDR 16 TDI (FFFF) TDO (BBFB);
SDR 16 TDI (FFFF) TDO (FFEF);
SDR 16 TDI (FFFF) TDO (FD7D);
SDR 16 TDI (FFFF) TDO (FFF7);
SDR 16 TDI (FFFF) TDO (7FF7);
SDR 16 TDI (FFFF) TDO (7FFD);
SDR 16 TDI (FFFF) TDO (FFFF);
SDR 16 TDI (FFFF) TDO (FFDF);
SDR 16 TDI (FFFF) TDO (BFFF);
SDR 16 TDI (FFFF) TDO (FFFF);
SDR 16 TDI (FFFF) TDO (FFFF);
SDR 16 TDI (FFFF) TDO (FFFF);
SDR 16 TDI (FFFF) TDO (7FFF);
SDR 16 TDI (FFFF) TDO (FFFF);
SDR 16 TDI (FFFF) TDO (FFFF);
SDR 16 TDI (FFFF) TDO (FFFF);
SDR 16 TDI (FFFF) TDO (BFFF);
SDR 16 TDI (FFFF) TDO (FFFF);
SDR 16 TDI (FFFF) TDO (FFFF);
SDR 16 TDI (FFFF) TDO (FFF7);
SDR 16 TDI (FFFF) TDO (57FF);
SDR 16 TDI (FFFF) TDO (FFBF);
SDR 16 TDI (FFFF) TDO (FFFF);
SDR 16 TDI (FFFF) TDO (FFFF);
SDR 16 TDI (FFFF) TDO (BFDF);
SDR 16 TDI (FFFF) TDO (BFFF);
SDR 16 TDI (FFFF) TDO (FD7F);
SDR 16 TDI (FFFF) TDO (FF7F);
SDR 16 TDI (FFFF) TDO (7FFE);
SDR 16 TDI (FFFF) TDO (FEBF);
SDR 16 TDI (FFFF) TDO (FFBF);
SDR 16 TDI (FFFF) TDO (7FDF);
SDR 16 TDI (FFFF) TDO (BFFF);
SDR 16 TDI (FFFF) TDO (FFEF);
SDR 16 TDI (FFFF) TDO (F5FF);
SDR 16 TDI (FFFF) TDO (FFFF);
SDR 16 TDI (FFFF) TDO (7FFF);
SDR 16 TDI (FFFF) TDO (BFFE);
SDR 16 TDI (FFFF) TDO (FFFF);
SDR 16 TDI (FFFF) TDO (FFFF);
SDR 16 TDI (FFFF) TDO (BFFF);
SDR 16 TDI (FFFF) TDO (FFFF);
SDR 16 TDI (FFFF) TDO (FFFF);
SDR 16 TDI (FFFF) TDO (FFFF);
SDR 16 TDI (FFFF) TDO (5FFF);
SDR 16 TDI (FFFF) TDO (FFFF);
SDR 16 TDI (FFFF) TDO (FFFF);
SDR 16 TDI (FFFF) TDO (FFFF);
SDR 16 TDI (FFFF) TDO (BFFF);
SDR 16 TDI (FFFF) TDO (FFFF);
SDR 16 TDI (FFFF) TDO (FFFF);
SDR 16 TDI (FFFF) TDO (FFFF);
SDR 16 TDI (FFFF) TDO (7DFF);
SDR 16 TDI (FFFF) TDO (FFFF);
SDR 16 TDI (FFFF) TDO (FFFD);
SDR 16 TDI (FFFF) TDO (7FFF);
SDR 16 TDI (FFFF) TDO (BFFD);
SDR 16 TDI (FFFF) TDO (D55F);
SDR 16 TDI (FFFF) TDO (E7FF);
SDR 16 TDI (FFFF) TDO (FFFE);
SDR 16 TDI (FFFF) TDO (7FFF);
SDR 16 TDI (FFFF) TDO (FFED);
SDR 16 TDI (FFFF) TDO (FFFD);
SDR 16 TDI (FFFF) TDO (B373);
SDR 16 TDI (FFFF) TDO (BDFD);
SDR 16 TDI (FFFF) TDO (FFFF);
SDR 16 TDI (FFFF) TDO (FF7D);
SDR 16 TDI (FFFF) TDO (FFF7);
SDR 16 TDI (FFFF) TDO (5FFF);
SDR 16 TDI (FFFF) TDO (FFFF);
SDR 16 TDI (FFFF) TDO (FFFF);
SDR 16 TDI (FFFF) TDO (FFFF);
SDR 16 TDI (FFFF) TDO (BFFF);
SDR 16 TDI (FFFF) TDO (FFFF);
SDR 16 TDI (FFFF) TDO (FFFF);
SDR 16 TDI (FFFF) TDO (FFFF);
SDR 16 TDI (FFFF) TDO (7FFF);
SDR 16 TDI (FFFF) TDO (FFFF);
SDR 16 TDI (FFFF) TDO (FFFF);
SDR 16 TDI (FFFF) TDO (FFFF);
SDR 16 TDI (FFFF) TDO (B77F);
SDR 16 TDI (FFFF) TDO (FFFF);
SDR 16 TDI (FFFF) TDO (FFFF);
SDR 16 TDI (FFFF) TDO (FFFF);
SDR 16 TDI (FFFF) TDO (7FFF);
SDR 16 TDI (FFFF) TDO (EFFF);
SDR 16 TDI (FFFF) TDO (FFFF);
SDR 16 TDI (FFFF) TDO (FFFF);
SDR 16 TDI (FFFF) TDO (BFFF);
SDR 16 TDI (FFFF) TDO (FEFF);
SDR 16 TDI (FFFF) TDO (FF77);
SDR 16 TDI (FFFF) TDO (FF7B);
SDR 16 TDI (FFFF) TDO (5FF7);
SDR 16 TDI (FFFF) TDO (FFFF);
SDR 16 TDI (FFFF) TDO (7BBB);
SDR 16 TDI (FFFF) TDO (EFFF);
SDR 16 TDI (FFFF) TDO (BDCF);
SDR 16 TDI (FFFF) TDO (EF7B);
SDR 16 TDI (FFFF) TDO (77FF);
SDR 16 TDI (FFFF) TDO (FFFF);
SDR 16 TDI (FFFF) TDO (7FFF);
SDR 16 TDI (FFFF) TDO (FFF7);
SDR 16 TDI (FFFF) TDO (FFFF);
SDR 16 TDI (FFFF) TDO (FDFF);
SDR 16 TDI (FFFF) TDO (BFFF);
SDR 16 TDI (FFFF) TDO (FFFF);
SDR 16 TDI (FFFF) TDO (FFFF);
SDR 16 TDI (FFFF) TDO (FFFF);
SDR 16 TDI (FFFF) TDO (7FFF);
SDR 16 TDI (FFFF) TDO (FFFF);
SDR 16 TDI (FFFF) TDO (FFFF);
SDR 16 TDI (FFFF) TDO (FBBF);
SDR 16 TDI (FFFF) TDO (BFFF);
SDR 16 TDI (FFFF) TDO (FFFF);
SDR 16 TDI (FFFF) TDO (FFFF);
SDR 16 TDI (FFFF) TDO (FFFF);
SDR 16 TDI (FFFF) TDO (5DFF);
SDR 16 TDI (FFFF) TDO (FFFB);
SDR 16 TDI (FFFF) TDO (FFFF);
SDR 16 TDI (FFFF) TDO (FCFF);
SDR 16 TDI (FFFF) TDO (BFEE);
SDR 16 TDI (FFFF) TDO (FF7F);
SDR 16 TDI (FFFF) TDO (FFFF);
SDR 16 TDI (FFFF) TDO (FFDF);
SDR 16 TDI (FFFF) TDO (7BFF);
SDR 16 TDI (FFFF) TDO (FBBF);
SDR 16 TDI (FFFF) TDO (BFEF);
SDR 16 TDI (FFFF) TDO (7EEF);
SDR 16 TDI (FFFF) TDO (BEFF);
SDR 16 TDI (FFFF) TDO (FFF7);
SDR 16 TDI (FFFF) TDO (FFF7);
SDR 16 TDI (FFFF) TDO (FFBF);
SDR 16 TDI (FFFF) TDO (7F7F);
SDR 16 TDI (FFFF) TDO (FFFF);
SDR 16 TDI (FFFF) TDO (FFFF);
SDR 16 TDI (FFFF) TDO (FFFF);
SDR 16 TDI (FFFF) TDO (BFFF);
SDR 16 TDI (FFFF) TDO (FFFF);
SDR 16 TDI (FFFF) TDO (FFFF);
SDR 16 TDI (FFFF) TDO (FFFF);
SDR 16 TDI (FFFF) TDO (5FFF);
SDR 16 TDI (FFFF) TDO (FFFF);
SDR 16 TDI (FFFF) TDO (FFFF);
SDR 16 TDI (FFFF) TDO (FFFF);
SDR 16 TDI (FFFF) TDO (A77F);
SDR 16 TDI (FFFF) TDO (FFFF);
SDR 16 TDI (FFFF) TDO (FFFF);
SDR 16 TDI (FFFF) TDO (FFFF);
SDR 16 TDI (FFFF) TDO (7FFD);
SDR 16 TDI (FFFF) TDO (FFFF);
SDR 16 TDI (FFFF) TDO (BFDF);
SDR 16 TDI (FFFF) TDO (FFF7);
SDR 16 TDI (FFFF) TDO (BFFF);
SDR 16 TDI (FFFF) TDO (DFFF);
SDR 16 TDI (FFFF) TDO (FFFF);
SDR 16 TDI (FFFF) TDO (F7FF);
SDR 16 TDI (FFFF) TDO (777F);
SDR 16 TDI (FFFF) TDO (BFFB);
SDR 16 TDI (FFFF) TDO (FFFF);
SDR 16 TDI (FFFF) TDO (BBBF);
SDR 16 TDI (FFFF) TDO (BFFF);
SDR 16 TDI (FFFF) TDO (FBFF);
SDR 16 TDI (FFFF) TDO (FEFF);
SDR 16 TDI (FFFF) TDO (FFFF);
SDR 16 TDI (FFFF) TDO (5FFF);
SDR 16 TDI (FFFF) TDO (FFFF);
SDR 16 TDI (FFFF) TDO (FFFF);
SDR 16 TDI (FFFF) TDO (FFFF);
SDR 16 TDI (FFFF) TDO (BDFF);
SDR 16 TDI (FFFF) TDO (FFFF);
SDR 16 TDI (FFFF) TDO (FFFF);
SDR 16 TDI (FFFF) TDO (FFFF);
SDR 16 TDI (FFFF) TDO (7FFF);
SDR 16 TDI (FFFF) TDO (FFFF);
SDR 16 TDI (FFFF) TDO (FFFF);
SDR 16 TDI (FFFF) TDO (FB9F);
SDR 16 TDI (FFFF) TDO (ABFF);
SDR 16 TDI (FFFF) TDO (FFFF);
SDR 16 TDI (FFFF) TDO (FFFF);
SDR 16 TDI (FFFF) TDO (FFFF);
SDR 16 TDI (FFFF) TDO (7FDF);
SDR 16 TDI (FFFF) TDO (FBFF);
SDR 16 TDI (FFFF) TDO (FFFF);
SDR 16 TDI (FFFF) TDO (FFFF);
SDR 16 TDI (FFFF) TDO (BFFF);
SDR 16 TDI (FFFF) TDO (FFEF);
SDR 16 TDI (FFFF) TDO (FFBF);
SDR 16 TDI (FFFF) TDO (5F7F);
SDR 16 TDI (FFFF) TDO (4FEF);
SDR 16 TDI (FFFF) TDO (DBFF);
SDR 16 TDI (FFFF) TDO (D7F7);
SDR 16 TDI (FFFF) TDO (FF77);
SDR 16 TDI (FFFF) TDO (BEF7);
SDR 16 TDI (FFFF) TDO (FFFF);
SDR 16 TDI (FFFF) TDO (FFFF);
SDR 16 TDI (FFFF) TDO (FFFF);
SDR 16 TDI (FFFF) TDO (7FFF);
SDR 16 TDI (FFFF) TDO (FFFF);
SDR 16 TDI (FFFF) TDO (FFFF);
SDR 16 TDI (FFFF) TDO (FFFF);
SDR 16 TDI (FFFF) TDO (BFFF);
SDR 16 TDI (FFFF) TDO (FFFF);
SDR 16 TDI (FFFF) TDO (FFFF);
SDR 16 TDI (FFFF) TDO (FFFF);
SDR 16 TDI (FFFF) TDO (7FFF);
SDR 16 TDI (FFFF) TDO (FFFF);
SDR 16 TDI (FFFF) TDO (FFFF);
SDR 16 TDI (FFFF) TDO (FF5F);
SDR 16 TDI (FFFF) TDO (BFFF);
SDR 16 TDI (FFFF) TDO (FFFF);
SDR 16 TDI (FFFF) TDO (FFFF);
SDR 16 TDI (FFFF) TDO (FFFF);
SDR 16 TDI (FFFF) TDO (5FFF);
SDR 16 TDI (FFFF) TDO (DFFF);
SDR 16 TDI (FFFF) TDO (FBFF);
SDR 16 TDI (FFFF) TDO (FAFE);
SDR 16 TDI (FFFF) TDO (BFEB);
SDR 16 TDI (FFFF) TDO (EABF);
SDR 16 TDI (FFFF) TDO (FDFF);
SDR 16 TDI (FFFF) TDO (FFEF);
SDR 16 TDI (FFFF) TDO (7DFC);
SDR 16 TDI (FFFF) TDO (EEEA);
SDR 16 TDI (FFFF) TDO (FFFD);
SDR 16 TDI (FFFF) TDO (2BFF);
SDR 16 TDI (FFFF) TDO (BBBF);
SDR 16 TDI (FFFF) TDO (BFFD);
SDR 16 TDI (FFFF) TDO (FFFF);
SDR 16 TDI (FFFF) TDO (FFFF);
SDR 16 TDI (FFFF) TDO (7FFF);
SDR 16 TDI (FFFF) TDO (FFFF);
SDR 16 TDI (FFFF) TDO (FFFF);
SDR 16 TDI (FFFF) TDO (FFFF);
SDR 16 TDI (FFFF) TDO (BFFF);
SDR 16 TDI (FFFF) TDO (FFFF);
SDR 16 TDI (FFFF) TDO (FFFF);
SDR 16 TDI (FFFF) TDO (FFFF);
SDR 16 TDI (FFFF) TDO (7FFF);
SDR 16 TDI (FFFF) TDO (FFFF);
SDR 16 TDI (FFFF) TDO (FFFF);
SDR 16 TDI (FFFF) TDO (FFFF);
SDR 16 TDI (FFFF) TDO (BFFF);
SDR 16 TDI (FFFF) TDO (FFFF);
SDR 16 TDI (FFFF) TDO (FFFF);
SDR 16 TDI (FFFF) TDO (FFFE);
SDR 16 TDI (FFFF) TDO (7FFF);
SDR 16 TDI (FFFF) TDO (FFBF);
SDR 16 TDI (FFFF) TDO (FFFF);
SDR 16 TDI (FFFF) TDO (FFFF);
SDR 16 TDI (FFFF) TDO (B6F7);
SDR 16 TDI (FFFF) TDO (F7FF);
SDR 16 TDI (FFFF) TDO (FEFF);
SDR 16 TDI (FFFF) TDO (FFFF);
SDR 16 TDI (FFFF) TDO (7FFB);
SDR 16 TDI (FFFF) TDO (76F7);
SDR 16 TDI (FFFF) TDO (FFBF);
SDR 16 TDI (FFFF) TDO (FFBF);
SDR 16 TDI (FFFF) TDO (BFFF);
SDR 16 TDI (FFFF) TDO (CFF7);
SDR 16 TDI (FFFF) TDO (FFFF);
SDR 16 TDI (FFFF) TDO (FFFF);
SDR 16 TDI (FFFF) TDO (7FFF);
SDR 16 TDI (FFFF) TDO (FFFF);
SDR 16 TDI (FFFF) TDO (FFFF);
SDR 16 TDI (FFFF) TDO (FFFF);
SDR 16 TDI (FFFF) TDO (BFFF);
SDR 16 TDI (FFFF) TDO (FFFF);
SDR 16 TDI (FFFF) TDO (FFFF);
SDR 16 TDI (FFFF) TDO (FFFF);
SDR 16 TDI (FFFF) TDO (7FFF);
SDR 16 TDI (FFFF) TDO (FFFF);
SDR 16 TDI (FFFF) TDO (FFFF);
SDR 16 TDI (FFFF) TDO (FFFF);
SDR 16 TDI (FFFF) TDO (BFFF);
SDR 16 TDI (FFFF) TDO (FFFF);
SDR 16 TDI (FFFF) TDO (FFFF);
SDR 16 TDI (FFFF) TDO (FFFE);
SDR 16 TDI (FFFF) TDO (7FFF);
SDR 16 TDI (FFFF) TDO (FFBF);
SDR 16 TDI (FFFF) TDO (FFFF);
SDR 16 TDI (FFFF) TDO (F9EF);
SDR 16 TDI (FFFF) TDO (BFF7);
SDR 16 TDI (FFFF) TDO (E67F);
SDR 16 TDI (FFFF) TDO (FEB7);
SDR 16 TDI (FFFF) TDO (BF0F);
SDR 16 TDI (FFFF) TDO (6363);
SDR 16 TDI (FFFF) TDO (6766);
SDR 16 TDI (FFFF) TDO (5BB6);
SDR 16 TDI (FFFF) TDO (6E87);
SDR 16 TDI (FFFF) TDO (BFEF);
SDR 16 TDI (FFFF) TDO (F7F7);
SDR 16 TDI (FFFF) TDO (F77F);
SDR 16 TDI (FFFF) TDO (FFBF);
SDR 16 TDI (FFFF) TDO (7FFF);
SDR 16 TDI (FFFF) TDO (FFFF);
SDR 16 TDI (FFFF) TDO (FFFF);
SDR 16 TDI (FFFF) TDO (FDFF);
SDR 16 TDI (FFFF) TDO (BDFF);
SDR 16 TDI (FFFF) TDO (FFFF);
SDR 16 TDI (FFFF) TDO (FFFF);
SDR 16 TDI (FFFF) TDO (FFFF);
SDR 16 TDI (FFFF) TDO (7FFF);
SDR 16 TDI (FFFF) TDO (FFFF);
SDR 16 TDI (FFFF) TDO (FFFF);
SDR 16 TDI (FFFF) TDO (FFFF);
SDR 16 TDI (FFFF) TDO (BAEF);
SDR 16 TDI (FFFF) TDO (FFFF);
SDR 16 TDI (FFFF) TDO (FFFF);
SDR 16 TDI (FFFF) TDO (FFFF);
SDR 16 TDI (FFFF) TDO (7FDF);
SDR 16 TDI (FFFF) TDO (DDFD);
SDR 16 TDI (FFFF) TDO (DBDF);
SDR 16 TDI (FFFF) TDO (FEFF);
SDR 16 TDI (FFFF) TDO (ABFF);
SDR 16 TDI (FFFF) TDO (FB9F);
SDR 16 TDI (FFFF) TDO (FFFF);
SDR 16 TDI (FFFF) TDO (F7FF);
SDR 16 TDI (FFFF) TDO (7FFC);
SDR 16 TDI (FFFF) TDO (DBBF);
SDR 16 TDI (FFFF) TDO (FFCB);
SDR 16 TDI (FFFF) TDO (917F);
SDR 16 TDI (FFFF) TDO (BCD7);
SDR 16 TDI (FFFF) TDO (CAFB);
SDR 16 TDI (FFFF) TDO (7FF7);
SDR 16 TDI (FFFF) TDO (FFFF);
SDR 16 TDI (FFFF) TDO (7FFF);
SDR 16 TDI (FFFF) TDO (FFFB);
SDR 16 TDI (FFFF) TDO (FFFF);
SDR 16 TDI (FFFF) TDO (FFFF);
SDR 16 TDI (FFFF) TDO (BFFF);
SDR 16 TDI (FFFF) TDO (FFFF);
SDR 16 TDI (FFFF) TDO (FFFF);
SDR 16 TDI (FFFF) TDO (FFFF);
SDR 16 TDI (FFFF) TDO (7FFF);
SDR 16 TDI (FFFF) TDO (FFFF);
SDR 16 TDI (FFFF) TDO (FFFF);
SDR 16 TDI (FFFF) TDO (D57F);
SDR 16 TDI (FFFF) TDO (BFFF);
SDR 16 TDI (FFFF) TDO (FFFF);
SDR 16 TDI (FFFF) TDO (FFFF);
SDR 16 TDI (FFFF) TDO (FFFF);
SDR 16 TDI (FFFF) TDO (7BFB);
SDR 16 TDI (FFFF) TDO (EFFF);
SDR 16 TDI (FFFF) TDO (FFFF);
SDR 16 TDI (FFFF) TDO (FF7F);
SDR 16 TDI (FFFF) TDO (BECA);
SDR 16 TDI (FFFF) TDO (DDFF);
SDR 16 TDI (FFFF) TDO (FD7F);
SDR 16 TDI (FFFF) TDO (EFFB);
SDR 16 TDI (FFFF) TDO (7DFF);
SDR 16 TDI (FFFF) TDO (BCF9);
SDR 16 TDI (FFFF) TDO (B7FD);
SDR 16 TDI (FFFF) TDO (FFFF);
SDR 16 TDI (FFFF) TDO (BB3F);
SDR 16 TDI (FFFF) TDO (BFED);
SDR 16 TDI (FFFF) TDO (FFFF);
SDR 16 TDI (FFFF) TDO (FFFF);
SDR 16 TDI (FFFF) TDO (5F7F);
SDR 16 TDI (FFFF) TDO (FFFF);
SDR 16 TDI (FFFF) TDO (FFFF);
SDR 16 TDI (FFFF) TDO (FFFF);
SDR 16 TDI (FFFF) TDO (BFFF);
SDR 16 TDI (FFFF) TDO (FFFF);
SDR 16 TDI (FFFF) TDO (FFFF);
SDR 16 TDI (FFFF) TDO (FFFF);
SDR 16 TDI (FFFF) TDO (7FFF);
SDR 16 TDI (FFFF) TDO (FFFF);
SDR 16 TDI (FFFF) TDO (FFFF);
SDR 16 TDI (FFFF) TDO (FFFF);
SDR 16 TDI (FFFF) TDO (A55F);
SDR 16 TDI (FFFF) TDO (FFFF);
SDR 16 TDI (FFFF) TDO (FEFF);
SDR 16 TDI (FFFF) TDO (FFFC);
SDR 16 TDI (FFFF) TDO (6181);
SDR 16 TDI (FFFF) TDO (9F18);
SDR 16 TDI (FFFF) TDO (0187);
SDR 16 TDI (FFFF) TDO (FE86);
SDR 16 TDI (FFFF) TDO (AFAC);
SDR 16 TDI (FFFF) TDO (2ECF);
SDR 16 TDI (FFFF) TDO (FEC3);
SDR 16 TDI (FFFF) TDO (3ED0);
SDR 16 TDI (FFFF) TDO (5A1B);
SDR 16 TDI (FFFF) TDO (BF7F);
SDR 16 TDI (FFFF) TDO (BF5B);
SDR 16 TDI (FFFF) TDO (9557);
SDR 16 TDI (FFFF) TDO (BD57);
SDR 16 TDI (FFFF) TDO (F7CA);
SDR 16 TDI (FFFF) TDO (0001);
SDR 16 TDI (FFFF) TDO (FE1F);
SDR 16 TDI (FFFF) TDO (7FEF);
SDR 16 TDI (FFFF) TDO (FFF0);
SDR 16 TDI (FFFF) TDO (FFFF);
SDR 16 TDI (FFFF) TDO (FFBF);
SDR 16 TDI (FFFF) TDO (B87F);
SDR 16 TDI (FFFF) TDO (FFFF);
SDR 16 TDI (FFFF) TDO (FFDF);
SDR 16 TDI (FFFF) TDO (FFFF);
SDR 16 TDI (FFFF) TDO (7FFF);
SDR 16 TDI (FFFF) TDO (FFEF);
SDR 16 TDI (FFFF) TDO (FFFF);
SDR 16 TDI (FFFF) TDO (EA9F);
SDR 16 TDI (FFFF) TDO (AFFF);
SDR 16 TDI (FFFF) TDO (FFFF);
SDR 16 TDI (FFFF) TDO (FDFF);
SDR 16 TDI (FFFF) TDO (FFFC);
SDR 16 TDI (FFFF) TDO (6181);
SDR 16 TDI (FFFF) TDO (9B98);
SDR 16 TDI (FFFF) TDO (0187);
SDR 16 TDI (FFFF) TDO (FE06);
SDR 16 TDI (FFFF) TDO (ADCC);
SDR 16 TDI (FFFF) TDO (0CCF);
SDR 16 TDI (FFFF) TDO (FE83);
SDR 16 TDI (FFFF) TDO (3F50);
SDR 16 TDI (FFFF) TDO (6A0B);
SDR 16 TDI (FFFF) TDO (4929);
SDR 16 TDI (FFFF) TDO (5F8B);
SDR 16 TDI (FFFF) TDO (2887);
SDR 16 TDI (FFFF) TDO (BF77);
SDR 16 TDI (FFFF) TDO (B7EE);
SDR 16 TDI (FFFF) TDO (0001);
SDR 16 TDI (FFFF) TDO (FE1F);
SDR 16 TDI (FFFF) TDO (7FFF);
SDR 16 TDI (FFFF) TDO (FFF0);
SDR 16 TDI (FFFF) TDO (FFFF);
SDR 16 TDI (FFFF) TDO (FFFF);
SDR 16 TDI (FFFF) TDO (B87F);
SDR 16 TDI (FFFF) TDO (FFFF);
SDR 16 TDI (FFFF) TDO (FFBF);
SDR 16 TDI (FFFF) TDO (FFFF);
SDR 16 TDI (FFFF) TDO (7FFF);
SDR 16 TDI (FFFF) TDO (FFDF);
SDR 16 TDI (FFFF) TDO (FFFF);
SDR 16 TDI (FFFF) TDO (FFDF);
SDR 16 TDI (FFFF) TDO (B55F);
SDR 16 TDI (FFFF) TDO (FFFF);
SDR 16 TDI (FFFF) TDO (FFFF);
SDR 16 TDI (FFFF) TDO (FFFC);
SDR 16 TDI (FFFF) TDO (6181);
SDR 16 TDI (FFFF) TDO (8F98);
SDR 16 TDI (FFFF) TDO (0187);
SDR 16 TDI (FFFF) TDO (FD06);
SDR 16 TDI (FFFF) TDO (AFD4);
SDR 16 TDI (FFFF) TDO (154F);
SDR 16 TDI (FFFF) TDO (FE83);
SDR 16 TDI (FFFF) TDO (3F50);
SDR 16 TDI (FFFF) TDO (6A0B);
SDR 16 TDI (FFFF) TDO (D273);
SDR 16 TDI (FFFF) TDO (DFC9);
SDR 16 TDI (FFFF) TDO (DFDF);
SDR 16 TDI (FFFF) TDO (BCCF);
SDR 16 TDI (FFFF) TDO (E3F2);
SDR 16 TDI (FFFF) TDO (0001);
SDR 16 TDI (FFFF) TDO (FE1F);
SDR 16 TDI (FFFF) TDO (7FFF);
SDR 16 TDI (FFFF) TDO (FFF0);
SDR 16 TDI (FFFF) TDO (FFFF);
SDR 16 TDI (FFFF) TDO (FFFF);
SDR 16 TDI (FFFF) TDO (B87F);
SDR 16 TDI (FFFF) TDO (FFFF);
SDR 16 TDI (FFFF) TDO (FFFF);
SDR 16 TDI (FFFF) TDO (FFFF);
SDR 16 TDI (FFFF) TDO (7FFF);
SDR 16 TDI (FFFF) TDO (FFFF);
SDR 16 TDI (FFFF) TDO (FFFF);
SDR 16 TDI (FFFF) TDO (EABF);
SDR 16 TDI (FFFF) TDO (BFFF);
SDR 16 TDI (FFFF) TDO (FFFF);
SDR 16 TDI (FFFF) TDO (FFFF);
SDR 16 TDI (FFFF) TDO (FFFC);
SDR 16 TDI (FFFF) TDO (6181);
SDR 16 TDI (FFFF) TDO (9F98);
SDR 16 TDI (FFFF) TDO (0187);
SDR 16 TDI (FFFF) TDO (FC06);
SDR 16 TDI (FFFF) TDO (AFC4);
SDR 16 TDI (FFFF) TDO (044F);
SDR 16 TDI (FFFF) TDO (FE03);
SDR 16 TDI (FFFF) TDO (3F10);
SDR 16 TDI (FFFF) TDO (4202);
SDR 16 TDI (FFFF) TDO (0848);
SDR 16 TDI (FFFF) TDO (1FC9);
SDR 16 TDI (FFFF) TDO (48DF);
SDR 16 TDI (FFFF) TDO (BA27);
SDR 16 TDI (FFFF) TDO (A7E4);
SDR 16 TDI (FFFF) TDO (0001);
SDR 16 TDI (FFFF) TDO (FE1F);
SDR 16 TDI (FFFF) TDO (7FFF);
SDR 16 TDI (FFFF) TDO (FFF0);
SDR 16 TDI (FFFF) TDO (FFFF);
SDR 16 TDI (FFFF) TDO (FFFF);
SDR 16 TDI (FFFF) TDO (B87F);
SDR 16 TDI (FFFF) TDO (FFFF);
SDR 16 TDI (FFFF) TDO (FFFF);
SDR 16 TDI (FFFF) TDO (FFFF);
SDR 16 TDI (FFFF) TDO (7FFF);
SDR 16 TDI (FFFF) TDO (FFFF);
SDR 16 TDI (FFFF) TDO (FFFF);
SDR 16 TDI (FFFF) TDO (FFFF);
SDR 16 TDI (FFFF) TDO (BFFF);
SDR 16 TDI (FFFF) TDO (3333);
SDR 16 TDI (FFFF) TDO (1F33);
SDR 16 TDI (FFFF) TDO (333C);
SDR 16 TDI (FFFF) TDO (5999);
SDR 16 TDI (FFFF) TDO (DFB9);
SDR 16 TDI (FFFF) TDO (999E);
SDR 16 TDI (FFFF) TDO (6277);
SDR 16 TDI (FFFF) TDO (AFC9);
SDR 16 TDI (FFFF) TDO (C81F);
SDR 16 TDI (FFFF) TDO (313B);
SDR 16 TDI (FFFF) TDO (BF27);
SDR 16 TDI (FFFF) TDO (64E0);
SDR 16 TDI (FFFF) TDO (8CAC);
SDR 16 TDI (FFFF) TDO (9F99);
SDR 16 TDI (FFFF) TDO (099F);
SDR 16 TDI (FFFF) TDO (A336);
SDR 16 TDI (FFFF) TDO (37E8);
SDR 16 TDI (FFFF) TDO (6667);
SDR 16 TDI (FFFF) TDO (99D9);
SDR 16 TDI (FFFF) TDO (71F3);
SDR 16 TDI (FFFF) TDO (3337);
SDR 16 TDI (FFFF) TDO (CCCC);
SDR 16 TDI (FFFF) TDO (C7CC);
SDR 16 TDI (FFFF) TDO (BB99);
SDR 16 TDI (FFFF) TDO (E666);
SDR 16 TDI (FFFF) TDO (63E6);
SDR 16 TDI (FFFF) TDO (6667);
SDR 16 TDI (FFFF) TDO (7333);
SDR 16 TDI (FFFF) TDO (31F3);
SDR 16 TDI (FFFF) TDO (3333);
SDR 16 TDI (FFFF) TDO (FFFF);
SDR 16 TDI (FFFF) TDO (BFFF);
SDR 16 TDI (FFFF) TDO (7777);
SDR 16 TDI (FFFF) TDO (4ABB);
SDR 16 TDI (FFFF) TDO (BBBC);
SDR 16 TDI (FFFF) TDO (7999);
SDR 16 TDI (FFFF) TDO (9519);
SDR 16 TDI (FFFF) TDO (999E);
SDR 16 TDI (FFFF) TDO (EC66);
SDR 16 TDI (FFFF) TDO (AA84);
SDR 16 TDI (FFFF) TDO (C4CF);
SDR 16 TDI (FFFF) TDO (7633);
SDR 16 TDI (FFFF) TDO (2A13);
SDR 16 TDI (FFFF) TDO (6267);
SDR 16 TDI (FFFF) TDO (9999);
SDR 16 TDI (FFFF) TDO (9559);
SDR 16 TDI (FFFF) TDO (DCDF);
SDR 16 TDI (FFFF) TDO (AC46);
SDR 16 TDI (FFFF) TDO (C546);
SDR 16 TDI (FFFF) TDO (6667);
SDR 16 TDI (FFFF) TDO (BB9B);
SDR 16 TDI (FFFF) TDO (56AB);
SDR 16 TDI (FFFF) TDO (BBB3);
SDR 16 TDI (FFFF) TDO (DDDD);
SDR 16 TDI (FFFF) TDO (DAAE);
SDR 16 TDI (FFFF) TDO (B9DD);
SDR 16 TDI (FFFF) TDO (EEEE);
SDR 16 TDI (FFFF) TDO (E957);
SDR 16 TDI (FFFF) TDO (7777);
SDR 16 TDI (FFFF) TDO (7777);
SDR 16 TDI (FFFF) TDO (74AB);
SDR 16 TDI (FFFF) TDO (BBBB);
SDR 16 TDI (FFFF) TDO (FFFF);
SDR 16 TDI (FFFF) TDO (BFFF);
SDR 16 TDI (FFFF) TDO (FFFF);
SDR 16 TDI (FFFF) TDO (FEFF);
SDR 16 TDI (FFFF) TDO (FFFF);
SDR 16 TDI (FFFF) TDO (6FEF);
SDR 16 TDI (FFFF) TDO (FF7F);
SDR 16 TDI (FFFF) TDO (77F7);
SDR 16 TDI (FFFF) TDO (FBBF);
SDR 16 TDI (FFFF) TDO (BFBB);
SDR 16 TDI (FFFF) TDO (BBBF);
SDR 16 TDI (FFFF) TDO (FDDF);
SDR 16 TDI (FFFF) TDO (FEEE);
SDR 16 TDI (FFFF) TDO (7DDC);
SDR 16 TDI (FFFF) TDO (CECC);
SDR 16 TDI (FFFF) TDO (DF3B);
SDR 16 TDI (FFFF) TDO (7FBF);
SDR 16 TDI (FFFF) TDO (BBBF);
SDR 16 TDI (FFFF) TDO (BFDD);
SDR 16 TDI (FFFF) TDO (DDDD);
SDR 16 TDI (FFFF) TDO (FEFF);
SDR 16 TDI (FFFF) TDO (7FEF);
SDR 16 TDI (FFFF) TDO (FFFE);
SDR 16 TDI (FFFF) TDO (FFFF);
SDR 16 TDI (FFFF) TDO (FFBF);
SDR 16 TDI (FFFF) TDO (BF7F);
SDR 16 TDI (FFFF) TDO (FFFF);
SDR 16 TDI (FFFF) TDO (FFDF);
SDR 16 TDI (FFFF) TDO (FFFF);
SDR 16 TDI (FFFF) TDO (7FFF);
SDR 16 TDI (FFFF) TDO (FFEF);
SDR 16 TDI (FFFF) TDO (FFFF);
SDR 16 TDI (FFFF) TDO (FFFF);
SDR 16 TDI (FFFF) TDO (BFFF);
SDR 16 TDI (FFFF) TDO (FFFF);
SDR 16 TDI (FFFF) TDO (FFFF);
SDR 16 TDI (FFFF) TDO (FFFF);
SDR 16 TDI (FFFF) TDO (5FFF);
SDR 16 TDI (FFFF) TDO (FFFF);
SDR 16 TDI (FFFF) TDO (F6BF);
SDR 16 TDI (FFFF) TDO (7FFD);
SDR 16 TDI (FFFF) TDO (BFFF);
SDR 16 TDI (FFFF) TDO (FFFE);
SDR 16 TDI (FFFF) TDO (AFAE);
SDR 16 TDI (FFFF) TDO (7FFE);
SDR 16 TDI (FFFF) TDO (7FFF);
SDR 16 TDI (FFFF) TDO (DEFF);
SDR 16 TDI (FFFF) TDO (BFBF);
SDR 16 TDI (FFFF) TDO (BDDF);
SDR 16 TDI (FFFF) TDO (B7DF);
SDR 16 TDI (FFFF) TDO (6FFF);
SDR 16 TDI (FFFF) TDO (FBF7);
SDR 16 TDI (FFFF) TDO (F7FF);
SDR 16 TDI (FFFF) TDO (7FFF);
SDR 16 TDI (FFFF) TDO (EFDF);
SDR 16 TDI (FFFF) TDO (6FDF);
SDR 16 TDI (FFFF) TDO (FFFF);
SDR 16 TDI (FFFF) TDO (BFFF);
SDR 16 TDI (FFFF) TDO (FFFF);
SDR 16 TDI (FFFF) TDO (FFFF);
SDR 16 TDI (FFFF) TDO (FFFF);
SDR 16 TDI (FFFF) TDO (7FFF);
SDR 16 TDI (FFFF) TDO (FFFF);
SDR 16 TDI (FFFF) TDO (FFFF);
SDR 16 TDI (FFFF) TDO (FFFF);
SDR 16 TDI (FFFF) TDO (BFFF);
SDR 16 TDI (FFFF) TDO (FFFF);
SDR 16 TDI (FFFF) TDO (FFFF);
SDR 16 TDI (FFFF) TDO (FFFF);
SDR 16 TDI (FFFF) TDO (7FF7);
SDR 16 TDI (FFFF) TDO (7FFE);
SDR 16 TDI (FFFF) TDO (FFEF);
SDR 16 TDI (FFFF) TDO (DFFF);
SDR 16 TDI (FFFF) TDO (BFFB);
SDR 16 TDI (FFFF) TDO (7FBF);
SDR 16 TDI (FFFF) TDO (FFFF);
SDR 16 TDI (FFFF) TDO (FFFB);
SDR 16 TDI (FFFF) TDO (7BDF);
SDR 16 TDI (FFFF) TDO (FFFF);
SDR 16 TDI (FFFF) TDO (FFFB);
SDR 16 TDI (FFFF) TDO (FF77);
SDR 16 TDI (FFFF) TDO (BEFF);
SDR 16 TDI (FFFF) TDO (BFFF);
SDR 16 TDI (FFFF) TDO (F73E);
SDR 16 TDI (FFFF) TDO (FFFF);
SDR 16 TDI (FFFF) TDO (4FFF);
SDR 16 TDI (FFFF) TDO (FFFF);
SDR 16 TDI (FFFF) TDO (FFFF);
SDR 16 TDI (FFFF) TDO (FFFF);
SDR 16 TDI (FFFF) TDO (BFFF);
SDR 16 TDI (FFFF) TDO (FFFF);
SDR 16 TDI (FFFF) TDO (FFFF);
SDR 16 TDI (FFFF) TDO (FFFF);
SDR 16 TDI (FFFF) TDO (7FFF);
SDR 16 TDI (FFFF) TDO (FFFF);
SDR 16 TDI (FFFF) TDO (FFFF);
SDR 16 TDI (FFFF) TDO (FFFF);
SDR 16 TDI (FFFF) TDO (AFFF);
SDR 16 TDI (FFFF) TDO (FFFF);
SDR 16 TDI (FFFF) TDO (FFFF);
SDR 16 TDI (FFFF) TDO (FFFF);
SDR 16 TDI (FFFF) TDO (7FFF);
SDR 16 TDI (FFFF) TDO (FFFF);
SDR 16 TDI (FFFF) TDO (F6FE);
SDR 16 TDI (FFFF) TDO (FFFF);
SDR 16 TDI (FFFF) TDO (BFFF);
SDR 16 TDI (FFFF) TDO (FFBF);
SDR 16 TDI (FFFF) TDO (FFDF);
SDR 16 TDI (FFFF) TDO (BFFB);
SDR 16 TDI (FFFF) TDO (5FFF);
SDR 16 TDI (FFFF) TDO (FFFF);
SDR 16 TDI (FFFF) TDO (FFDF);
SDR 16 TDI (FFFF) TDO (FACF);
SDR 16 TDI (FFFF) TDO (B6FE);
SDR 16 TDI (FFFF) TDO (AFFF);
SDR 16 TDI (FFFF) TDO (FF7F);
SDR 16 TDI (FFFF) TDO (F7FF);
SDR 16 TDI (FFFF) TDO (7FFF);
SDR 16 TDI (FFFF) TDO (FFDF);
SDR 16 TDI (FFFF) TDO (EFFF);
SDR 16 TDI (FFFF) TDO (FFFF);
SDR 16 TDI (FFFF) TDO (BFFF);
SDR 16 TDI (FFFF) TDO (FFFF);
SDR 16 TDI (FFFF) TDO (FFFF);
SDR 16 TDI (FFFF) TDO (FFFF);
SDR 16 TDI (FFFF) TDO (7FFF);
SDR 16 TDI (FFFF) TDO (FFFF);
SDR 16 TDI (FFFF) TDO (FFFF);
SDR 16 TDI (FFFF) TDO (FFDF);
SDR 16 TDI (FFFF) TDO (AFFF);
SDR 16 TDI (FFFF) TDO (FFFF);
SDR 16 TDI (FFFF) TDO (FFFF);
SDR 16 TDI (FFFF) TDO (FFFF);
SDR 16 TDI (FFFF) TDO (7FFF);
SDR 16 TDI (FFFF) TDO (FFFF);
SDR 16 TDI (FFFF) TDO (FFBF);
SDR 16 TDI (FFFF) TDO (FFFB);
SDR 16 TDI (FFFF) TDO (BFFB);
SDR 16 TDI (FFFF) TDO (FFFD);
SDR 16 TDI (FFFF) TDO (AFBD);
SDR 16 TDI (FFFF) TDO (FFFE);
SDR 16 TDI (FFFF) TDO (7FDF);
SDR 16 TDI (FFFF) TDO (DF7F);
SDR 16 TDI (FFFF) TDO (BFFF);
SDR 16 TDI (FFFF) TDO (BFFF);
SDR 16 TDI (FFFF) TDO (BFDF);
SDR 16 TDI (FFFF) TDO (FFFF);
SDR 16 TDI (FFFF) TDO (EBEF);
SDR 16 TDI (FFFF) TDO (7FFF);
SDR 16 TDI (FFFF) TDO (7FFF);
SDR 16 TDI (FFFF) TDO (EFFF);
SDR 16 TDI (FFFF) TDO (7FEF);
SDR 16 TDI (FFFF) TDO (FFFF);
SDR 16 TDI (FFFF) TDO (BFFF);
SDR 16 TDI (FFFF) TDO (FFFF);
SDR 16 TDI (FFFF) TDO (FFFF);
SDR 16 TDI (FFFF) TDO (FFFF);
SDR 16 TDI (FFFF) TDO (7FFF);
SDR 16 TDI (FFFF) TDO (FFFF);
SDR 16 TDI (FFFF) TDO (FFFF);
SDR 16 TDI (FFFF) TDO (FFDF);
SDR 16 TDI (FFFF) TDO (BFFF);
SDR 16 TDI (FFFF) TDO (FFFF);
SDR 16 TDI (FFFF) TDO (FFFF);
SDR 16 TDI (FFFF) TDO (FFFF);
SDR 16 TDI (FFFF) TDO (7FFF);
SDR 16 TDI (FFFF) TDO (FFFF);
SDR 16 TDI (FFFF) TDO (FFFE);
SDR 16 TDI (FFFF) TDO (FFFF);
SDR 16 TDI (FFFF) TDO (BFFF);
SDR 16 TDI (FFFF) TDO (FFFF);
SDR 16 TDI (FFFF) TDO (BFFF);
SDR 16 TDI (FFFF) TDO (FFFE);
SDR 16 TDI (FFFF) TDO (7FFF);
SDR 16 TDI (FFFF) TDO (EFFF);
SDR 16 TDI (FFFF) TDO (FFFF);
SDR 16 TDI (FFFF) TDO (FFFF);
SDR 16 TDI (FFFF) TDO (BFBF);
SDR 16 TDI (FFFF) TDO (FFFF);
SDR 16 TDI (FFFF) TDO (FFEF);
SDR 16 TDI (FFFF) TDO (FFFF);
SDR 16 TDI (FFFF) TDO (5FFF);
SDR 16 TDI (FFFF) TDO (7FFF);
SDR 16 TDI (FFFF) TDO (FDEF);
SDR 16 TDI (FFFF) TDO (FFFF);
SDR 16 TDI (FFFF) TDO (B7FF);
SDR 16 TDI (FFFF) TDO (FFFF);
SDR 16 TDI (FFFF) TDO (FFFF);
SDR 16 TDI (FFFF) TDO (FFF7);
SDR 16 TDI (FFFF) TDO (7FFF);
SDR 16 TDI (FFFF) TDO (FFFF);
SDR 16 TDI (FFFF) TDO (FFFF);
SDR 16 TDI (FFFF) TDO (FFFF);
SDR 16 TDI (FFFF) TDO (BFFF);
SDR 16 TDI (FFFF) TDO (FFFF);
SDR 16 TDI (FFFF) TDO (FFEF);
SDR 16 TDI (FFFF) TDO (FFFF);
SDR 16 TDI (FFFF) TDO (7EFF);
SDR 16 TDI (FFFF) TDO (FFFF);
SDR 16 TDI (FFFF) TDO (FF7F);
SDR 16 TDI (FFFF) TDO (FFEF);
SDR 16 TDI (FFFF) TDO (BFFF);
SDR 16 TDI (FFFF) TDO (EFFF);
SDR 16 TDI (FFFF) TDO (FFEF);
SDR 16 TDI (FFFF) TDO (FFFF);
SDR 16 TDI (FFFF) TDO (7FFF);
SDR 16 TDI (FFFF) TDO (FDFF);
SDR 16 TDI (FFFF) TDO (FFFF);
SDR 16 TDI (FFFF) TDO (FAFA);
SDR 16 TDI (FFFF) TDO (BFFF);
SDR 16 TDI (FFFF) TDO (EFFF);
SDR 16 TDI (FFFF) TDO (FFFF);
SDR 16 TDI (FFFF) TDO (FFF7);
SDR 16 TDI (FFFF) TDO (6FFF);
SDR 16 TDI (FFFF) TDO (EFFF);
SDR 16 TDI (FFFF) TDO (FFFF);
SDR 16 TDI (FFFF) TDO (FFFF);
SDR 16 TDI (FFFF) TDO (BFFF);
SDR 16 TDI (FFFF) TDO (FFFF);
SDR 16 TDI (FFFF) TDO (FFFF);
SDR 16 TDI (FFFF) TDO (FFFF);
SDR 16 TDI (FFFF) TDO (7FFF);
SDR 16 TDI (FFFF) TDO (FFFF);
SDR 16 TDI (FFFF) TDO (FFFF);
SDR 16 TDI (FFFF) TDO (FFFF);
SDR 16 TDI (FFFF) TDO (BFFF);
SDR 16 TDI (FFFF) TDO (FFFF);
SDR 16 TDI (FFFF) TDO (FFFF);
SDR 16 TDI (FFFF) TDO (FFFE);
SDR 16 TDI (FFFF) TDO (7EFF);
SDR 16 TDI (FFFF) TDO (FFEF);
SDR 16 TDI (FFFF) TDO (BFFF);
SDR 16 TDI (FFFF) TDO (FDCF);
SDR 16 TDI (FFFF) TDO (BFFF);
SDR 16 TDI (FFFF) TDO (FFFF);
SDR 16 TDI (FFFF) TDO (FFDF);
SDR 16 TDI (FFFF) TDO (FFFE);
SDR 16 TDI (FFFF) TDO (7FEF);
SDR 16 TDI (FFFF) TDO (EFF7);
SDR 16 TDI (FFFF) TDO (FFFF);
SDR 16 TDI (FFFF) TDO (BFF9);
SDR 16 TDI (FFFF) TDO (BFFF);
SDR 16 TDI (FFFF) TDO (FFEF);
SDR 16 TDI (FFFF) TDO (FFFF);
SDR 16 TDI (FFFF) TDO (FFCE);
SDR 16 TDI (FFFF) TDO (7FFF);
SDR 16 TDI (FFFF) TDO (FDF7);
SDR 16 TDI (FFFF) TDO (FDFF);
SDR 16 TDI (FFFF) TDO (BFFF);
SDR 16 TDI (FFFF) TDO (BFFF);
SDR 16 TDI (FFFF) TDO (FFFF);
SDR 16 TDI (FFFF) TDO (FFFF);
SDR 16 TDI (FFFF) TDO (FFFF);
SDR 16 TDI (FFFF) TDO (5FFF);
SDR 16 TDI (FFFF) TDO (FFFF);
SDR 16 TDI (FFFF) TDO (FFFF);
SDR 16 TDI (FFFF) TDO (FFFF);
SDR 16 TDI (FFFF) TDO (BFFF);
SDR 16 TDI (FFFF) TDO (FFFF);
SDR 16 TDI (FFFF) TDO (FFDF);
SDR 16 TDI (FFFF) TDO (FFFF);
SDR 16 TDI (FFFF) TDO (7FFF);
SDR 16 TDI (FFFF) TDO (FFFF);
SDR 16 TDI (FFFF) TDO (FF7E);
SDR 16 TDI (FFFF) TDO (FFFF);
SDR 16 TDI (FFFF) TDO (BFFF);
SDR 16 TDI (FFFF) TDO (DFFF);
SDR 16 TDI (FFFF) TDO (BFFF);
SDR 16 TDI (FFFF) TDO (FFFF);
SDR 16 TDI (FFFF) TDO (7FFF);
SDR 16 TDI (FFFF) TDO (FDFF);
SDR 16 TDI (FFFF) TDO (FFFF);
SDR 16 TDI (FFFF) TDO (FD7F);
SDR 16 TDI (FFFF) TDO (BFDF);
SDR 16 TDI (FFFF) TDO (F7FF);
SDR 16 TDI (FFFF) TDO (FFEF);
SDR 16 TDI (FFFF) TDO (FFFF);
SDR 16 TDI (FFFF) TDO (7FFF);
SDR 16 TDI (FFFF) TDO (5FFF);
SDR 16 TDI (FFFF) TDO (FFDF);
SDR 16 TDI (FFFF) TDO (FFFF);
SDR 16 TDI (FFFF) TDO (AFFF);
SDR 16 TDI (FFFF) TDO (FFFF);
SDR 16 TDI (FFFF) TDO (FFFF);
SDR 16 TDI (FFFF) TDO (FFEF);
SDR 16 TDI (FFFF) TDO (7FFF);
SDR 16 TDI (FFFF) TDO (FFFF);
SDR 16 TDI (FFFF) TDO (FFFF);
SDR 16 TDI (FFFF) TDO (FFFF);
SDR 16 TDI (FFFF) TDO (BFFF);
SDR 16 TDI (FFFF) TDO (FFFF);
SDR 16 TDI (FFFF) TDO (FFFF);
SDR 16 TDI (FFFF) TDO (FFFF);
SDR 16 TDI (FFFF) TDO (6FFF);
SDR 16 TDI (FFFF) TDO (FFFF);
SDR 16 TDI (FFFF) TDO (FFFF);
SDR 16 TDI (FFFF) TDO (7BFF);
SDR 16 TDI (FFFF) TDO (BFFF);
SDR 16 TDI (FFFF) TDO (FFFF);
SDR 16 TDI (FFFF) TDO (7FFF);
SDR 16 TDI (FFFF) TDO (FFFF);
SDR 16 TDI (FFFF) TDO (7FFF);
SDR 16 TDI (FFFF) TDO (FFFF);
SDR 16 TDI (FFFF) TDO (FFFF);
SDR 16 TDI (FFFF) TDO (FFFA);
SDR 16 TDI (FFFF) TDO (AB5B);
SDR 16 TDI (FFFF) TDO (FFFF);
SDR 16 TDI (FFFF) TDO (B7EF);
SDR 16 TDI (FFFF) TDO (F77F);
SDR 16 TDI (FFFF) TDO (7FFF);
SDR 16 TDI (FFFF) TDO (7FFD);
SDR 16 TDI (FFFF) TDO (FFFF);
SDR 16 TDI (FFFF) TDO (FFFF);
SDR 16 TDI (FFFF) TDO (BFFF);
SDR 16 TDI (FFFF) TDO (FFFF);
SDR 16 TDI (FFFF) TDO (FFFF);
SDR 16 TDI (FFFF) TDO (FFFF);
SDR 16 TDI (FFFF) TDO (7FFF);
SDR 16 TDI (FFFF) TDO (FFFF);
SDR 16 TDI (FFFF) TDO (FFFF);
SDR 16 TDI (FFFF) TDO (FFFF);
SDR 16 TDI (FFFF) TDO (BFFF);
SDR 16 TDI (FFFF) TDO (FFFF);
SDR 16 TDI (FFFF) TDO (FFFF);
SDR 16 TDI (FFFF) TDO (FFFF);
SDR 16 TDI (FFFF) TDO (7DFF);
SDR 16 TDI (FFFF) TDO (FFBF);
SDR 16 TDI (FFFF) TDO (FFFF);
SDR 16 TDI (FFFF) TDO (CFFF);
SDR 16 TDI (FFFF) TDO (BFDD);
SDR 16 TDI (FFFF) TDO (6FFF);
SDR 16 TDI (FFFF) TDO (FFFF);
SDR 16 TDI (FFFF) TDO (FF7F);
SDR 16 TDI (FFFF) TDO (7FFF);
SDR 16 TDI (FFFF) TDO (FFFF);
SDR 16 TDI (FFFF) TDO (FFBF);
SDR 16 TDI (FFFF) TDO (FFFF);
SDR 16 TDI (FFFF) TDO (BFFF);
SDR 16 TDI (FFFF) TDO (7FEE);
SDR 16 TDI (FFFF) TDO (FDFF);
SDR 16 TDI (FFFF) TDO (FFF7);
SDR 16 TDI (FFFF) TDO (7FF7);
SDR 16 TDI (FFFF) TDO (EFEF);
SDR 16 TDI (FFFF) TDO (FFFE);
SDR 16 TDI (FFFF) TDO (FFFF);
SDR 16 TDI (FFFF) TDO (BFFF);
SDR 16 TDI (FFFF) TDO (FFFF);
SDR 16 TDI (FFFF) TDO (FFFF);
SDR 16 TDI (FFFF) TDO (FFFF);
SDR 16 TDI (FFFF) TDO (5FFF);
SDR 16 TDI (FFFF) TDO (FFFF);
SDR 16 TDI (FFFF) TDO (FFFF);
SDR 16 TDI (FFFF) TDO (FFFF);
SDR 16 TDI (FFFF) TDO (BFFF);
SDR 16 TDI (FFFF) TDO (FFFF);
SDR 16 TDI (FFFF) TDO (FFFF);
SDR 16 TDI (FFFF) TDO (FFFF);
SDR 16 TDI (FFFF) TDO (7FFF);
SDR 16 TDI (FFFF) TDO (FFBF);
SDR 16 TDI (FFFF) TDO (FFFF);
SDR 16 TDI (FFFF) TDO (BBFF);
SDR 16 TDI (FFFF) TDO (BFDE);
SDR 16 TDI (FFFF) TDO (EFFF);
SDR 16 TDI (FFFF) TDO (FFFF);
SDR 16 TDI (FFFF) TDO (FFFF);
SDR 16 TDI (FFFF) TDO (7FFF);
SDR 16 TDI (FFFF) TDO (FFFF);
SDR 16 TDI (FFFF) TDO (FFBF);
SDR 16 TDI (FFFF) TDO (FFFF);
SDR 16 TDI (FFFF) TDO (BAFF);
SDR 16 TDI (FFFF) TDO (FFEF);
SDR 16 TDI (FFFF) TDO (F6B7);
SDR 16 TDI (FFFF) TDO (FFFF);
SDR 16 TDI (FFFF) TDO (7FF7);
SDR 16 TDI (FFFF) TDO (BFFF);
SDR 16 TDI (FFFF) TDO (FFFF);
SDR 16 TDI (FFFF) TDO (FFFF);
SDR 16 TDI (FFFF) TDO (BFFF);
SDR 16 TDI (FFFF) TDO (FFFF);
SDR 16 TDI (FFFF) TDO (FFFF);
SDR 16 TDI (FFFF) TDO (FFFF);
SDR 16 TDI (FFFF) TDO (7FFF);
SDR 16 TDI (FFFF) TDO (FFFF);
SDR 16 TDI (FFFF) TDO (FFFF);
SDR 16 TDI (FFFF) TDO (FFFF);
SDR 16 TDI (FFFF) TDO (BFFF);
SDR 16 TDI (FFFF) TDO (FFFF);
SDR 16 TDI (FFFF) TDO (FFFF);
SDR 16 TDI (FFFF) TDO (FFFF);
SDR 16 TDI (FFFF) TDO (75FF);
SDR 16 TDI (FFFF) TDO (FFFF);
SDR 16 TDI (FFFF) TDO (FFFE);
SDR 16 TDI (FFFF) TDO (F7FF);
SDR 16 TDI (FFFF) TDO (BFFF);
SDR 16 TDI (FFFF) TDO (BFFF);
SDR 16 TDI (FFFF) TDO (7FFF);
SDR 16 TDI (FFFF) TDO (FFFF);
SDR 16 TDI (FFFF) TDO (7FFF);
SDR 16 TDI (FFFF) TDO (FFFF);
SDR 16 TDI (FFFF) TDO (FFFF);
SDR 16 TDI (FFFF) TDO (FFFE);
SDR 16 TDI (FFFF) TDO (AFBB);
SDR 16 TDI (FFFF) TDO (7FFF);
SDR 16 TDI (FFFF) TDO (3DFF);
SDR 16 TDI (FFFF) TDO (EF77);
SDR 16 TDI (FFFF) TDO (7FFF);
SDR 16 TDI (FFFF) TDO (EFDD);
SDR 16 TDI (FFFF) TDO (FFFE);
SDR 16 TDI (FFFF) TDO (FFFF);
SDR 16 TDI (FFFF) TDO (BFFF);
SDR 16 TDI (FFFF) TDO (FFFF);
SDR 16 TDI (FFFF) TDO (FFFF);
SDR 16 TDI (FFFF) TDO (FFFF);
SDR 16 TDI (FFFF) TDO (7FFF);
SDR 16 TDI (FFFF) TDO (FFFF);
SDR 16 TDI (FFFF) TDO (FFFF);
SDR 16 TDI (FFFF) TDO (FFFF);
SDR 16 TDI (FFFF) TDO (B77F);
SDR 16 TDI (FFFF) TDO (FFFF);
SDR 16 TDI (FFFF) TDO (FFFF);
SDR 16 TDI (FFFF) TDO (FFFF);
SDR 16 TDI (FFFF) TDO (5FFF);
SDR 16 TDI (FFFF) TDO (EFFF);
SDR 16 TDI (FFFF) TDO (FFFF);
SDR 16 TDI (FFFF) TDO (EEF7);
SDR 16 TDI (FFFF) TDO (AFEF);
SDR 16 TDI (FFFF) TDO (EEFF);
SDR 16 TDI (FFFF) TDO (FFFF);
SDR 16 TDI (FFFF) TDO (FFFF);
SDR 16 TDI (FFFF) TDO (7FFF);
SDR 16 TDI (FFFF) TDO (FFFF);
SDR 16 TDI (FFFF) TDO (EFFF);
SDR 16 TDI (FFFF) TDO (FFFD);
SDR 16 TDI (FFFF) TDO (B6FF);
SDR 16 TDI (FFFF) TDO (BBFE);
SDR 16 TDI (FFFF) TDO (EF7F);
SDR 16 TDI (FFFF) TDO (FFFF);
SDR 16 TDI (FFFF) TDO (79FF);
SDR 16 TDI (FFFF) TDO (7F77);
SDR 16 TDI (FFFF) TDO (FFFF);
SDR 16 TDI (FFFF) TDO (FFFF);
SDR 16 TDI (FFFF) TDO (BFFF);
SDR 16 TDI (FFFF) TDO (FFFF);
SDR 16 TDI (FFFF) TDO (FFFF);
SDR 16 TDI (FFFF) TDO (FFFF);
SDR 16 TDI (FFFF) TDO (5FFF);
SDR 16 TDI (FFFF) TDO (FFFF);
SDR 16 TDI (FFFF) TDO (FFFF);
SDR 16 TDI (FFFF) TDO (EA9F);
SDR 16 TDI (FFFF) TDO (BFFF);
SDR 16 TDI (FFFF) TDO (FFFF);
SDR 16 TDI (FFFF) TDO (FFFF);
SDR 16 TDI (FFFF) TDO (FFFF);
SDR 16 TDI (FFFF) TDO (7FFF);
SDR 16 TDI (FFFF) TDO (FFFF);
SDR 16 TDI (FFFF) TDO (BBFF);
SDR 16 TDI (FFFF) TDO (BBDF);
SDR 16 TDI (FFFF) TDO (BFFF);
SDR 16 TDI (FFFF) TDO (77FF);
SDR 16 TDI (FFFF) TDO (FFFF);
SDR 16 TDI (FFFF) TDO (FFFF);
SDR 16 TDI (FFFF) TDO (7FFF);
SDR 16 TDI (FFFF) TDO (FFFF);
SDR 16 TDI (FFFF) TDO (FFFF);
SDR 16 TDI (FFFF) TDO (FFFF);
SDR 16 TDI (FFFF) TDO (BBBB);
SDR 16 TDI (FFFF) TDO (FFF5);
SDR 16 TDI (FFFF) TDO (DDD5);
SDR 16 TDI (FFFF) TDO (FEFE);
SDR 16 TDI (FFFF) TDO (7FFF);
SDR 16 TDI (FFFF) TDO (FAEF);
SDR 16 TDI (FFFF) TDO (FFFF);
SDR 16 TDI (FFFF) TDO (FFFF);
SDR 16 TDI (FFFF) TDO (BFFF);
SDR 16 TDI (FFFF) TDO (FFFF);
SDR 16 TDI (FFFF) TDO (FFFF);
SDR 16 TDI (FFFF) TDO (FFFF);
SDR 16 TDI (FFFF) TDO (7FFF);
SDR 16 TDI (FFFF) TDO (FFFF);
SDR 16 TDI (FFFF) TDO (FFFF);
SDR 16 TDI (FFFF) TDO (FFDF);
SDR 16 TDI (FFFF) TDO (A77F);
SDR 16 TDI (FFFF) TDO (FFFF);
SDR 16 TDI (FFFF) TDO (FFFF);
SDR 16 TDI (FFFF) TDO (FFFF);
SDR 16 TDI (FFFF) TDO (7FDF);
SDR 16 TDI (FFFF) TDO (FBFD);
SDR 16 TDI (FFFF) TDO (FFBF);
SDR 16 TDI (FFFF) TDO (FFFF);
SDR 16 TDI (FFFF) TDO (B7FE);
SDR 16 TDI (FFFF) TDO (FFEF);
SDR 16 TDI (FFFF) TDO (FFFF);
SDR 16 TDI (FFFF) TDO (FFFF);
SDR 16 TDI (FFFF) TDO (73FF);
SDR 16 TDI (FFFF) TDO (FFFB);
SDR 16 TDI (FFFF) TDO (FFFD);
SDR 16 TDI (FFFF) TDO (DFFF);
SDR 16 TDI (FFFF) TDO (BFEE);
SDR 16 TDI (FFFF) TDO (D6FF);
SDR 16 TDI (FFFF) TDO (FFFB);
SDR 16 TDI (FFFF) TDO (FFBB);
SDR 16 TDI (FFFF) TDO (7FFF);
SDR 16 TDI (FFFF) TDO (FFFF);
SDR 16 TDI (FFFF) TDO (FFFF);
SDR 16 TDI (FFFF) TDO (FFFF);
SDR 16 TDI (FFFF) TDO (BFFF);
SDR 16 TDI (FFFF) TDO (FFFF);
SDR 16 TDI (FFFF) TDO (FFFF);
SDR 16 TDI (FFFF) TDO (FFFF);
SDR 16 TDI (FFFF) TDO (7FFF);
SDR 16 TDI (FFFF) TDO (FFFF);
SDR 16 TDI (FFFF) TDO (FFFF);
SDR 16 TDI (FFFF) TDO (EA9F);
SDR 16 TDI (FFFF) TDO (ABFF);
SDR 16 TDI (FFFF) TDO (FFFF);
SDR 16 TDI (FFFF) TDO (FFFF);
SDR 16 TDI (FFFF) TDO (FFFF);
SDR 16 TDI (FFFF) TDO (5FFF);
SDR 16 TDI (FFFF) TDO (FFFF);
SDR 16 TDI (FFFF) TDO (FFFF);
SDR 16 TDI (FFFF) TDO (FFDF);
SDR 16 TDI (FFFF) TDO (BFFF);
SDR 16 TDI (FFFF) TDO (77FF);
SDR 16 TDI (FFFF) TDO (FFFF);
SDR 16 TDI (FFFF) TDO (FFFF);
SDR 16 TDI (FFFF) TDO (7FFF);
SDR 16 TDI (FFFF) TDO (FFFF);
SDR 16 TDI (FFFF) TDO (FDFF);
SDR 16 TDI (FFFF) TDO (FFFF);
SDR 16 TDI (FFFF) TDO (BF5F);
SDR 16 TDI (FFFF) TDO (FFF7);
SDR 16 TDI (FFFF) TDO (FFFF);
SDR 16 TDI (FFFF) TDO (FD7F);
SDR 16 TDI (FFFF) TDO (6FFF);
SDR 16 TDI (FFFF) TDO (FDDF);
SDR 16 TDI (FFFF) TDO (FFBF);
SDR 16 TDI (FFFF) TDO (BFFF);
SDR 16 TDI (FFFF) TDO (BFFF);
SDR 16 TDI (FFFF) TDO (FFFF);
SDR 16 TDI (FFFF) TDO (FFFF);
SDR 16 TDI (FFFF) TDO (FFFF);
SDR 16 TDI (FFFF) TDO (5FFF);
SDR 16 TDI (FFFF) TDO (FFFF);
SDR 16 TDI (FFFF) TDO (FFFF);
SDR 16 TDI (FFFF) TDO (FD5F);
SDR 16 TDI (FFFF) TDO (BFFF);
SDR 16 TDI (FFFF) TDO (FFFF);
SDR 16 TDI (FFFF) TDO (FFFF);
SDR 16 TDI (FFFF) TDO (FFFF);
SDR 16 TDI (FFFF) TDO (7FFD);
SDR 16 TDI (FFFF) TDO (FFFF);
SDR 16 TDI (FFFF) TDO (FFFF);
SDR 16 TDI (FFFF) TDO (ACEF);
SDR 16 TDI (FFFF) TDO (BFFE);
SDR 16 TDI (FFFF) TDO (EFFF);
SDR 16 TDI (FFFF) TDO (FFFF);
SDR 16 TDI (FFFF) TDO (FFFF);
SDR 16 TDI (FFFF) TDO (7FFF);
SDR 16 TDI (FFFF) TDO (FFFF);
SDR 16 TDI (FFFF) TDO (FFFF);
SDR 16 TDI (FFFF) TDO (FFFD);
SDR 16 TDI (FFFF) TDO (B3FB);
SDR 16 TDI (FFFF) TDO (FFFD);
SDR 16 TDI (FFFF) TDO (DDAF);
SDR 16 TDI (FFFF) TDO (FFFF);
SDR 16 TDI (FFFF) TDO (5B7B);
SDR 16 TDI (FFFF) TDO (F7FF);
SDR 16 TDI (FFFF) TDO (FFFF);
SDR 16 TDI (FFFF) TDO (FFFF);
SDR 16 TDI (FFFF) TDO (BFFF);
SDR 16 TDI (FFFF) TDO (FFFF);
SDR 16 TDI (FFFF) TDO (FFFF);
SDR 16 TDI (FFFF) TDO (FFFF);
SDR 16 TDI (FFFF) TDO (7FFF);
SDR 16 TDI (FFFF) TDO (FFFF);
SDR 16 TDI (FFFF) TDO (FFFF);
SDR 16 TDI (FFFF) TDO (FFFF);
SDR 16 TDI (FFFF) TDO (BFFF);
SDR 16 TDI (FFFF) TDO (FFFF);
SDR 16 TDI (FFFF) TDO (FFFF);
SDR 16 TDI (FFFF) TDO (FFFF);
SDR 16 TDI (FFFF) TDO (7FFF);
SDR 16 TDI (FFFF) TDO (DFBF);
SDR 16 TDI (FFFF) TDO (FFFF);
SDR 16 TDI (FFFF) TDO (FFFF);
SDR 16 TDI (FFFF) TDO (BDFF);
SDR 16 TDI (FFFF) TDO (FFFF);
SDR 16 TDI (FFFF) TDO (FFFF);
SDR 16 TDI (FFFF) TDO (FFFF);
SDR 16 TDI (FFFF) TDO (77FF);
SDR 16 TDI (FFFF) TDO (FFFF);
SDR 16 TDI (FFFF) TDO (FFFF);
SDR 16 TDI (FFFF) TDO (FFFF);
SDR 16 TDI (FFFF) TDO (BFF6);
SDR 16 TDI (FFFF) TDO (F7FF);
SDR 16 TDI (FFFF) TDO (6F7F);
SDR 16 TDI (FFFF) TDO (FFDF);
SDR 16 TDI (FFFF) TDO (7FFF);
SDR 16 TDI (FFFF) TDO (FF7F);
SDR 16 TDI (FFFF) TDO (FFDF);
SDR 16 TDI (FFFF) TDO (DFFF);
SDR 16 TDI (FFFF) TDO (BFFF);
SDR 16 TDI (FFFF) TDO (FFFF);
SDR 16 TDI (FFFF) TDO (FFFF);
SDR 16 TDI (FFFF) TDO (FFFF);
SDR 16 TDI (FFFF) TDO (7FFF);
SDR 16 TDI (FFFF) TDO (FFFF);
SDR 16 TDI (FFFF) TDO (FFFF);
SDR 16 TDI (FFFF) TDO (FFFF);
SDR 16 TDI (FFFF) TDO (BFFF);
SDR 16 TDI (FFFF) TDO (FFFF);
SDR 16 TDI (FFFF) TDO (FFFF);
SDR 16 TDI (FFFF) TDO (FFFF);
SDR 16 TDI (FFFF) TDO (7FFF);
SDR 16 TDI (FFFF) TDO (DFBD);
SDR 16 TDI (FFFF) TDO (DDFF);
SDR 16 TDI (FFFF) TDO (DC8E);
SDR 16 TDI (FFFF) TDO (BFEF);
SDR 16 TDI (FFFF) TDO (77FF);
SDR 16 TDI (FFFF) TDO (FFFF);
SDR 16 TDI (FFFF) TDO (FFFF);
SDR 16 TDI (FFFF) TDO (73FF);
SDR 16 TDI (FFFF) TDO (FFFB);
SDR 16 TDI (FFFF) TDO (EDFF);
SDR 16 TDI (FFFF) TDO (DFFF);
SDR 16 TDI (FFFF) TDO (BFDF);
SDR 16 TDI (FFFF) TDO (FAFF);
SDR 16 TDI (FFFF) TDO (62EF);
SDR 16 TDI (FFFF) TDO (FF7F);
SDR 16 TDI (FFFF) TDO (6FBF);
SDR 16 TDI (FFFF) TDO (F15B);
SDR 16 TDI (FFFF) TDO (FFFF);
SDR 16 TDI (FFFF) TDO (FFFF);
SDR 16 TDI (FFFF) TDO (BFFF);
SDR 16 TDI (FFFF) TDO (FFFF);
SDR 16 TDI (FFFF) TDO (FFFF);
SDR 16 TDI (FFFF) TDO (FFFF);
SDR 16 TDI (FFFF) TDO (7FFF);
SDR 16 TDI (FFFF) TDO (FFFF);
SDR 16 TDI (FFFF) TDO (FFFF);
SDR 16 TDI (FFFF) TDO (FFFF);
SDR 16 TDI (FFFF) TDO (BAEF);
SDR 16 TDI (FFFF) TDO (FFFF);
SDR 16 TDI (FFFF) TDO (FFFF);
SDR 16 TDI (FFFF) TDO (FFFF);
SDR 16 TDI (FFFF) TDO (7FFD);
SDR 16 TDI (FFFF) TDO (FBFF);
SDR 16 TDI (FFFF) TDO (FFFF);
SDR 16 TDI (FFFF) TDO (F777);
SDR 16 TDI (FFFF) TDO (BEFC);
SDR 16 TDI (FFFF) TDO (8EEF);
SDR 16 TDI (FFFF) TDO (FFFF);
SDR 16 TDI (FFFF) TDO (FFFF);
SDR 16 TDI (FFFF) TDO (6FFF);
SDR 16 TDI (FFFF) TDO (FFFF);
SDR 16 TDI (FFFF) TDO (FFFF);
SDR 16 TDI (FFFF) TDO (FFFF);
SDR 16 TDI (FFFF) TDO (A4E4);
SDR 16 TDI (FFFF) TDO (DFE2);
SDR 16 TDI (FFFF) TDO (BF77);
SDR 16 TDI (FFFF) TDO (FD9B);
SDR 16 TDI (FFFF) TDO (5DFF);
SDR 16 TDI (FFFF) TDO (BFBF);
SDR 16 TDI (FFFF) TDO (FFFF);
SDR 16 TDI (FFFF) TDO (FFFF);
SDR 16 TDI (FFFF) TDO (BFFF);
SDR 16 TDI (FFFF) TDO (FFFF);
SDR 16 TDI (FFFF) TDO (FFFF);
SDR 16 TDI (FFFF) TDO (FFFF);
SDR 16 TDI (FFFF) TDO (7FFF);
SDR 16 TDI (FFFF) TDO (FFFF);
SDR 16 TDI (FFFF) TDO (FFFF);
SDR 16 TDI (FFFF) TDO (DD7F);
SDR 16 TDI (FFFF) TDO (BFFF);
SDR 16 TDI (FFFF) TDO (FFFF);
SDR 16 TDI (FFFF) TDO (FFFF);
SDR 16 TDI (FFFF) TDO (FFFF);
SDR 16 TDI (FFFF) TDO (7FBF);
SDR 16 TDI (FFFF) TDO (EFFF);
SDR 16 TDI (FFFF) TDO (FFDF);
SDR 16 TDI (FFFF) TDO (ABFF);
SDR 16 TDI (FFFF) TDO (B7FF);
SDR 16 TDI (FFFF) TDO (FBFF);
SDR 16 TDI (FFFF) TDO (FFFF);
SDR 16 TDI (FFFF) TDO (FFFF);
SDR 16 TDI (FFFF) TDO (5FFF);
SDR 16 TDI (FFFF) TDO (FFFF);
SDR 16 TDI (FFFF) TDO (FFFD);
SDR 16 TDI (FFFF) TDO (FFFC);
SDR 16 TDI (FFFF) TDO (BB3B);
SDR 16 TDI (FFFF) TDO (27FD);
SDR 16 TDI (FFFF) TDO (DD99);
SDR 16 TDI (FFFF) TDO (FEFE);
SDR 16 TDI (FFFF) TDO (73F7);
SDR 16 TDI (FFFF) TDO (FEEF);
SDR 16 TDI (FFFF) TDO (FFAF);
SDR 16 TDI (FFFF) TDO (AFFF);
SDR 16 TDI (FFFF) TDO (BFFF);
SDR 16 TDI (FFFF) TDO (FFFF);
SDR 16 TDI (FFFF) TDO (FFFF);
SDR 16 TDI (FFFF) TDO (FFFF);
SDR 16 TDI (FFFF) TDO (7FFF);
SDR 16 TDI (FFFF) TDO (FFFF);
SDR 16 TDI (FFFF) TDO (FFFF);
SDR 16 TDI (FFFF) TDO (FFFF);
SDR 16 TDI (FFFF) TDO (A55F);
SDR 16 TDI (FFFF) TDO (FFFF);
SDR 16 TDI (FFFF) TDO (FEFF);
SDR 16 TDI (FFFF) TDO (FFFF);
SDR 16 TDI (FFFF) TDO (5E19);
SDR 16 TDI (FFFF) TDO (9F18);
SDR 16 TDI (FFFF) TDO (0007);
SDR 16 TDI (FFFF) TDO (E668);
SDR 16 TDI (FFFF) TDO (AF82);
SDR 16 TDI (FFFF) TDO (EC03);
SDR 16 TDI (FFFF) TDO (FFFF);
SDR 16 TDI (FFFF) TDO (FEFF);
SDR 16 TDI (FFFF) TDO (69FF);
SDR 16 TDI (FFFF) TDO (FFE1);
SDR 16 TDI (FFFF) TDO (FF78);
SDR 16 TDI (FFFF) TDO (07FC);
SDR 16 TDI (FFFF) TDO (A55D);
SDR 16 TDI (FFFF) TDO (27CA);
SDR 16 TDI (FFFF) TDO (BB7B);
SDR 16 TDI (FFFF) TDO (F941);
SDR 16 TDI (FFFF) TDO (6BE3);
SDR 16 TDI (FFFF) TDO (0550);
SDR 16 TDI (FFFF) TDO (FF8F);
SDR 16 TDI (FFFF) TDO (2FBF);
SDR 16 TDI (FFFF) TDO (BFFF);
SDR 16 TDI (FFFF) TDO (FFFF);
SDR 16 TDI (FFFF) TDO (FFDF);
SDR 16 TDI (FFFF) TDO (FFFF);
SDR 16 TDI (FFFF) TDO (5FFF);
SDR 16 TDI (FFFF) TDO (FFEF);
SDR 16 TDI (FFFF) TDO (FFFF);
SDR 16 TDI (FFFF) TDO (EA9F);
SDR 16 TDI (FFFF) TDO (AFFF);
SDR 16 TDI (FFFF) TDO (FFFF);
SDR 16 TDI (FFFF) TDO (FDFF);
SDR 16 TDI (FFFF) TDO (FFFF);
SDR 16 TDI (FFFF) TDO (7E19);
SDR 16 TDI (FFFF) TDO (9F98);
SDR 16 TDI (FFFF) TDO (0007);
SDR 16 TDI (FFFF) TDO (F760);
SDR 16 TDI (FFFF) TDO (ADC0);
SDR 16 TDI (FFFF) TDO (CC03);
SDR 16 TDI (FFFF) TDO (FFFF);
SDR 16 TDI (FFFF) TDO (FDFF);
SDR 16 TDI (FFFF) TDO (69FF);
SDR 16 TDI (FFFF) TDO (FFE1);
SDR 16 TDI (FFFF) TDO (FBF8);
SDR 16 TDI (FFFF) TDO (07FF);
SDR 16 TDI (FFFF) TDO (A767);
SDR 16 TDI (FFFF) TDO (57EE);
SDR 16 TDI (FFFF) TDO (E6A7);
SDR 16 TDI (FFFF) TDO (F9C1);
SDR 16 TDI (FFFF) TDO (5B73);
SDR 16 TDI (FFFF) TDO (0770);
SDR 16 TDI (FFFF) TDO (FF8F);
SDR 16 TDI (FFFF) TDO (2F7F);
SDR 16 TDI (FFFF) TDO (BFFF);
SDR 16 TDI (FFFF) TDO (FFFF);
SDR 16 TDI (FFFF) TDO (FFBF);
SDR 16 TDI (FFFF) TDO (FFFF);
SDR 16 TDI (FFFF) TDO (7FFF);
SDR 16 TDI (FFFF) TDO (FFDF);
SDR 16 TDI (FFFF) TDO (FFFF);
SDR 16 TDI (FFFF) TDO (FFDF);
SDR 16 TDI (FFFF) TDO (B55F);
SDR 16 TDI (FFFF) TDO (FFFF);
SDR 16 TDI (FFFF) TDO (FFFF);
SDR 16 TDI (FFFF) TDO (FFFF);
SDR 16 TDI (FFFF) TDO (7E19);
SDR 16 TDI (FFFF) TDO (8F98);
SDR 16 TDI (FFFF) TDO (0007);
SDR 16 TDI (FFFF) TDO (E650);
SDR 16 TDI (FFFF) TDO (A7C1);
SDR 16 TDI (FFFF) TDO (5403);
SDR 16 TDI (FFFF) TDO (FFFF);
SDR 16 TDI (FFFF) TDO (FFFF);
SDR 16 TDI (FFFF) TDO (57FF);
SDR 16 TDI (FFFF) TDO (FFE1);
SDR 16 TDI (FFFF) TDO (EFF8);
SDR 16 TDI (FFFF) TDO (07FF);
SDR 16 TDI (FFFF) TDO (BCC4);
SDR 16 TDI (FFFF) TDO (EBF3);
SDR 16 TDI (FFFF) TDO (2223);
SDR 16 TDI (FFFF) TDO (F921);
SDR 16 TDI (FFFF) TDO (65F3);
SDR 16 TDI (FFFF) TDO (0990);
SDR 16 TDI (FFFF) TDO (FF8F);
SDR 16 TDI (FFFF) TDO (1FFF);
SDR 16 TDI (FFFF) TDO (BFFF);
SDR 16 TDI (FFFF) TDO (FFFF);
SDR 16 TDI (FFFF) TDO (FFFF);
SDR 16 TDI (FFFF) TDO (FFFF);
SDR 16 TDI (FFFF) TDO (7FFF);
SDR 16 TDI (FFFF) TDO (FFFF);
SDR 16 TDI (FFFF) TDO (FFFF);
SDR 16 TDI (FFFF) TDO (EABF);
SDR 16 TDI (FFFF) TDO (BFFF);
SDR 16 TDI (FFFF) TDO (FFFF);
SDR 16 TDI (FFFF) TDO (FFFF);
SDR 16 TDI (FFFF) TDO (FFFF);
SDR 16 TDI (FFFF) TDO (7E19);
SDR 16 TDI (FFFF) TDO (9F98);
SDR 16 TDI (FFFF) TDO (0007);
SDR 16 TDI (FFFF) TDO (88C0);
SDR 16 TDI (FFFF) TDO (8FC0);
SDR 16 TDI (FFFF) TDO (4403);
SDR 16 TDI (FFFF) TDO (FFFF);
SDR 16 TDI (FFFF) TDO (FFFF);
SDR 16 TDI (FFFF) TDO (77FF);
SDR 16 TDI (FFFF) TDO (FFE1);
SDR 16 TDI (FFFF) TDO (FFF8);
SDR 16 TDI (FFFF) TDO (07FE);
SDR 16 TDI (FFFF) TDO (AA62);
SDR 16 TDI (FFFF) TDO (4FE4);
SDR 16 TDI (FFFF) TDO (4727);
SDR 16 TDI (FFFF) TDO (F880);
SDR 16 TDI (FFFF) TDO (73F3);
SDR 16 TDI (FFFF) TDO (0220);
SDR 16 TDI (FFFF) TDO (FF8F);
SDR 16 TDI (FFFF) TDO (1FFF);
SDR 16 TDI (FFFF) TDO (BFFF);
SDR 16 TDI (FFFF) TDO (FFFF);
SDR 16 TDI (FFFF) TDO (FFFF);
SDR 16 TDI (FFFF) TDO (FFFF);
SDR 16 TDI (FFFF) TDO (7FFF);
SDR 16 TDI (FFFF) TDO (FFFF);
SDR 16 TDI (FFFF) TDO (FFFF);
SDR 16 TDI (FFFF) TDO (FFFF);
SDR 16 TDI (FFFF) TDO (9FFF);
SDR 16 TDI (FFFF) TDO (3333);
SDR 16 TDI (FFFF) TDO (1F33);
SDR 16 TDI (FFFF) TDO (333C);
SDR 16 TDI (FFFF) TDO (7999);
SDR 16 TDI (FFFF) TDO (9FB9);
SDR 16 TDI (FFFF) TDO (9BBE);
SDR 16 TDI (FFFF) TDO (3336);
SDR 16 TDI (FFFF) TDO (AFCD);
SDR 16 TDI (FFFF) TDO (98CF);
SDR 16 TDI (FFFF) TDO (3333);
SDR 16 TDI (FFFF) TDO (1F33);
SDR 16 TDI (FFFF) TDO (6E67);
SDR 16 TDI (FFFF) TDO (999D);
SDR 16 TDI (FFFF) TDO (9F99);
SDR 16 TDI (FFFF) TDO (999F);
SDR 16 TDI (FFFF) TDO (A303);
SDR 16 TDI (FFFF) TDO (47EC);
SDR 16 TDI (FFFF) TDO (C041);
SDR 16 TDI (FFFF) TDO (9C1C);
SDR 16 TDI (FFFF) TDO (53F7);
SDR 16 TDI (FFFF) TDO (7207);
SDR 16 TDI (FFFF) TDO (CCCC);
SDR 16 TDI (FFFF) TDO (C7CC);
SDR 16 TDI (FFFF) TDO (B999);
SDR 16 TDI (FFFF) TDO (E666);
SDR 16 TDI (FFFF) TDO (63E6);
SDR 16 TDI (FFFF) TDO (6667);
SDR 16 TDI (FFFF) TDO (7333);
SDR 16 TDI (FFFF) TDO (31F3);
SDR 16 TDI (FFFF) TDO (3333);
SDR 16 TDI (FFFF) TDO (FFFF);
SDR 16 TDI (FFFF) TDO (BFFF);
SDR 16 TDI (FFFF) TDO (7777);
SDR 16 TDI (FFFF) TDO (4ABB);
SDR 16 TDI (FFFF) TDO (BBBD);
SDR 16 TDI (FFFF) TDO (7B99);
SDR 16 TDI (FFFF) TDO (9519);
SDR 16 TDI (FFFF) TDO (999E);
SDR 16 TDI (FFFF) TDO (C446);
SDR 16 TDI (FFFF) TDO (AA8C);
SDR 16 TDI (FFFF) TDO (44CF);
SDR 16 TDI (FFFF) TDO (7777);
SDR 16 TDI (FFFF) TDO (4ABB);
SDR 16 TDI (FFFF) TDO (4777);
SDR 16 TDI (FFFF) TDO (BBB9);
SDR 16 TDI (FFFF) TDO (B559);
SDR 16 TDI (FFFF) TDO (9DDF);
SDR 16 TDI (FFFF) TDO (AE66);
SDR 16 TDI (FFFF) TDO (6D46);
SDR 16 TDI (FFFF) TDO (6627);
SDR 16 TDI (FFFF) TDO (B999);
SDR 16 TDI (FFFF) TDO (62A3);
SDR 16 TDI (FFFF) TDO (3133);
SDR 16 TDI (FFFF) TDO (DD9D);
SDR 16 TDI (FFFF) TDO (92AE);
SDR 16 TDI (FFFF) TDO (BDDD);
SDR 16 TDI (FFFF) TDO (EEEE);
SDR 16 TDI (FFFF) TDO (E957);
SDR 16 TDI (FFFF) TDO (7777);
SDR 16 TDI (FFFF) TDO (7777);
SDR 16 TDI (FFFF) TDO (74AB);
SDR 16 TDI (FFFF) TDO (BBBB);
SDR 16 TDI (FFFF) TDO (FFFF);
SDR 16 TDI (FFFF) TDO (BFFF);
SDR 16 TDI (FFFF) TDO (FFFF);
SDR 16 TDI (FFFF) TDO (FEFF);
SDR 16 TDI (FFFF) TDO (FFFF);
SDR 16 TDI (FFFF) TDO (7EFF);
SDR 16 TDI (FFFF) TDO (FF7F);
SDR 16 TDI (FFFF) TDO (7777);
SDR 16 TDI (FFFF) TDO (BBBB);
SDR 16 TDI (FFFF) TDO (9FBB);
SDR 16 TDI (FFFF) TDO (BBBB);
SDR 16 TDI (FFFF) TDO (FFFF);
SDR 16 TDI (FFFF) TDO (FEFF);
SDR 16 TDI (FFFF) TDO (7FFF);
SDR 16 TDI (FFFF) TDO (FFEF);
SDR 16 TDI (FFFF) TDO (FF7F);
SDR 16 TDI (FFFF) TDO (77FF);
SDR 16 TDI (FFFF) TDO (B333);
SDR 16 TDI (FFFF) TDO (7FCC);
SDR 16 TDI (FFFF) TDO (CDDD);
SDR 16 TDI (FFFF) TDO (FEEE);
SDR 16 TDI (FFFF) TDO (7FEF);
SDR 16 TDI (FFFF) TDO (EEEE);
SDR 16 TDI (FFFF) TDO (FFFF);
SDR 16 TDI (FFFF) TDO (FFBF);
SDR 16 TDI (FFFF) TDO (BFFF);
SDR 16 TDI (FFFF) TDO (FFFF);
SDR 16 TDI (FFFF) TDO (FFDF);
SDR 16 TDI (FFFF) TDO (FFFF);
SDR 16 TDI (FFFF) TDO (7FFF);
SDR 16 TDI (FFFF) TDO (FFEF);
SDR 16 TDI (FFFF) TDO (FFFF);
SDR 16 TDI (FFFF) TDO (FFFF);
SDR 16 TDI (FFFF) TDO (9FFF);
SDR 16 TDI (FFFF) TDO (FFFF);
SDR 16 TDI (FFFF) TDO (FFFD);
SDR 16 TDI (FFFF) TDO (FFFF);
SDR 16 TDI (FFFF) TDO (7FDF);
SDR 16 TDI (FFFF) TDO (FFFF);
SDR 16 TDI (FFFF) TDO (FFEF);
SDR 16 TDI (FFFF) TDO (FFFF);
SDR 16 TDI (FFFF) TDO (BFFD);
SDR 16 TDI (FFFF) TDO (FBFF);
SDR 16 TDI (FFFF) TDO (FF7D);
SDR 16 TDI (FFFF) TDO (FFFF);
SDR 16 TDI (FFFF) TDO (7FFF);
SDR 16 TDI (FFFF) TDO (BFEF);
SDR 16 TDI (FFFF) TDO (FFDD);
SDR 16 TDI (FFFF) TDO (FFFF);
SDR 16 TDI (FFFF) TDO (BBFF);
SDR 16 TDI (FFFF) TDO (7FFF);
SDR 16 TDI (FFFF) TDO (73DE);
SDR 16 TDI (FFFF) TDO (EFFC);
SDR 16 TDI (FFFF) TDO (7FFF);
SDR 16 TDI (FFFF) TDO (BF7F);
SDR 16 TDI (FFFF) TDO (FEFF);
SDR 16 TDI (FFFF) TDO (FFFF);
SDR 16 TDI (FFFF) TDO (9FFF);
SDR 16 TDI (FFFF) TDO (FFFF);
SDR 16 TDI (FFFF) TDO (FFFF);
SDR 16 TDI (FFFF) TDO (FFFF);
SDR 16 TDI (FFFF) TDO (7FFF);
SDR 16 TDI (FFFF) TDO (FFFF);
SDR 16 TDI (FFFF) TDO (FFFF);
SDR 16 TDI (FFFF) TDO (FFFF);
SDR 16 TDI (FFFF) TDO (BFFF);
SDR 16 TDI (FFFF) TDO (FFFF);
SDR 16 TDI (FFFF) TDO (FFFF);
SDR 16 TDI (FFFF) TDO (FFEF);
SDR 16 TDI (FFFF) TDO (7FFF);
SDR 16 TDI (FFFF) TDO (FFFF);
SDR 16 TDI (FFFF) TDO (FFFE);
SDR 16 TDI (FFFF) TDO (FFEB);
SDR 16 TDI (FFFF) TDO (BFEF);
SDR 16 TDI (FFFF) TDO (FFFF);
SDR 16 TDI (FFFF) TDO (FFFF);
SDR 16 TDI (FFFF) TDO (FFFF);
SDR 16 TDI (FFFF) TDO (7FFF);
SDR 16 TDI (FFFF) TDO (FF3F);
SDR 16 TDI (FFFF) TDO (FFFF);
SDR 16 TDI (FFFF) TDO (FFFF);
SDR 16 TDI (FFFF) TDO (8EAF);
SDR 16 TDI (FFFF) TDO (FFFD);
SDR 16 TDI (FFFF) TDO (FFFF);
SDR 16 TDI (FFFF) TDO (FFFF);
SDR 16 TDI (FFFF) TDO (7FFD);
SDR 16 TDI (FFFF) TDO (EFFB);
SDR 16 TDI (FFFF) TDO (FFFF);
SDR 16 TDI (FFFF) TDO (FFFF);
SDR 16 TDI (FFFF) TDO (BFFF);
SDR 16 TDI (FFFF) TDO (FFFF);
SDR 16 TDI (FFFF) TDO (FFFF);
SDR 16 TDI (FFFF) TDO (FFFF);
SDR 16 TDI (FFFF) TDO (7FFF);
SDR 16 TDI (FFFF) TDO (FFFF);
SDR 16 TDI (FFFF) TDO (FFFF);
SDR 16 TDI (FFFF) TDO (FFFF);
SDR 16 TDI (FFFF) TDO (AFFF);
SDR 16 TDI (FFFF) TDO (FFFF);
SDR 16 TDI (FFFF) TDO (FFFF);
SDR 16 TDI (FFFF) TDO (FFDF);
SDR 16 TDI (FFFF) TDO (7FFF);
SDR 16 TDI (FFFF) TDO (FFFF);
SDR 16 TDI (FFFF) TDO (FFF7);
SDR 16 TDI (FFFF) TDO (FFFF);
SDR 16 TDI (FFFF) TDO (9FFF);
SDR 16 TDI (FFFF) TDO (FFFF);
SDR 16 TDI (FFFF) TDO (FF7F);
SDR 16 TDI (FFFF) TDO (FFFF);
SDR 16 TDI (FFFF) TDO (7FFF);
SDR 16 TDI (FFFF) TDO (DFFF);
SDR 16 TDI (FFFF) TDO (FFFD);
SDR 16 TDI (FFFF) TDO (FFFF);
SDR 16 TDI (FFFF) TDO (BD7F);
SDR 16 TDI (FFFF) TDO (7FFF);
SDR 16 TDI (FFFF) TDO (77FF);
SDR 16 TDI (FFFF) TDO (77FC);
SDR 16 TDI (FFFF) TDO (7FFF);
SDR 16 TDI (FFFF) TDO (EF7F);
SDR 16 TDI (FFFF) TDO (FFFF);
SDR 16 TDI (FFFF) TDO (FFFF);
SDR 16 TDI (FFFF) TDO (BFFF);
SDR 16 TDI (FFFF) TDO (FFFF);
SDR 16 TDI (FFFF) TDO (FFFF);
SDR 16 TDI (FFFF) TDO (FFFF);
SDR 16 TDI (FFFF) TDO (7FFF);
SDR 16 TDI (FFFF) TDO (FFFF);
SDR 16 TDI (FFFF) TDO (FFFF);
SDR 16 TDI (FFFF) TDO (FFDF);
SDR 16 TDI (FFFF) TDO (8FFF);
SDR 16 TDI (FFFF) TDO (FFFF);
SDR 16 TDI (FFFF) TDO (FFFE);
SDR 16 TDI (FFFF) TDO (FFFF);
SDR 16 TDI (FFFF) TDO (7FDF);
SDR 16 TDI (FFFF) TDO (FFFF);
SDR 16 TDI (FFFF) TDO (FFFE);
SDR 16 TDI (FFFF) TDO (FFED);
SDR 16 TDI (FFFF) TDO (BFEE);
SDR 16 TDI (FFFF) TDO (FBFF);
SDR 16 TDI (FFFF) TDO (FFFD);
SDR 16 TDI (FFFF) TDO (FFFF);
SDR 16 TDI (FFFF) TDO (7FFF);
SDR 16 TDI (FFFF) TDO (FFD7);
SDR 16 TDI (FFFF) TDO (FFBF);
SDR 16 TDI (FFFF) TDO (FFFF);
SDR 16 TDI (FFFF) TDO (B7B7);
SDR 16 TDI (FFFF) TDO (FFFD);
SDR 16 TDI (FFFF) TDO (FBDF);
SDR 16 TDI (FFFF) TDO (FFFF);
SDR 16 TDI (FFFF) TDO (7FFF);
SDR 16 TDI (FFFF) TDO (BFFB);
SDR 16 TDI (FFFF) TDO (FEFF);
SDR 16 TDI (FFFF) TDO (FFFF);
SDR 16 TDI (FFFF) TDO (BFFF);
SDR 16 TDI (FFFF) TDO (FFFF);
SDR 16 TDI (FFFF) TDO (FFFF);
SDR 16 TDI (FFFF) TDO (FFFF);
SDR 16 TDI (FFFF) TDO (7FFF);
SDR 16 TDI (FFFF) TDO (FFFF);
SDR 16 TDI (FFFF) TDO (FFFF);
SDR 16 TDI (FFFF) TDO (FFDF);
SDR 16 TDI (FFFF) TDO (BFFF);
SDR 16 TDI (FFFF) TDO (FFFF);
SDR 16 TDI (FFFF) TDO (FFFF);
SDR 16 TDI (FFFF) TDO (FFFF);
SDR 16 TDI (FFFF) TDO (7FFF);
SDR 16 TDI (FFFF) TDO (FFF7);
SDR 16 TDI (FFFF) TDO (7F7F);
SDR 16 TDI (FFFF) TDO (7FFF);
SDR 16 TDI (FFFF) TDO (BFFF);
SDR 16 TDI (FFFF) TDO (FFFF);
SDR 16 TDI (FFFF) TDO (FFFF);
SDR 16 TDI (FFFF) TDO (FFFF);
SDR 16 TDI (FFFF) TDO (7FFF);
SDR 16 TDI (FFFF) TDO (FFFF);
SDR 16 TDI (FFFF) TDO (FFEF);
SDR 16 TDI (FFFF) TDO (FFFE);
SDR 16 TDI (FFFF) TDO (AFFF);
SDR 16 TDI (FFFF) TDO (FFF7);
SDR 16 TDI (FFFF) TDO (FFFF);
SDR 16 TDI (FFFF) TDO (FFFF);
SDR 16 TDI (FFFF) TDO (7FFF);
SDR 16 TDI (FFFF) TDO (EEFF);
SDR 16 TDI (FFFF) TDO (FFFF);
SDR 16 TDI (FFFF) TDO (FFFF);
SDR 16 TDI (FFFF) TDO (BFFF);
SDR 16 TDI (FFFF) TDO (FFFF);
SDR 16 TDI (FFFF) TDO (FFFF);
SDR 16 TDI (FFFF) TDO (FFFF);
SDR 16 TDI (FFFF) TDO (7FFF);
SDR 16 TDI (FFFF) TDO (FFFF);
SDR 16 TDI (FFFF) TDO (FFFF);
SDR 16 TDI (FFFF) TDO (FFFF);
SDR 16 TDI (FFFF) TDO (BFFF);
SDR 16 TDI (FFFF) TDO (FFFF);
SDR 16 TDI (FFFF) TDO (FFFF);
SDR 16 TDI (FFFF) TDO (FFFF);
SDR 16 TDI (FFFF) TDO (7FEF);
SDR 16 TDI (FFFF) TDO (FFFF);
SDR 16 TDI (FFFF) TDO (FFFF);
SDR 16 TDI (FFFF) TDO (FFDF);
SDR 16 TDI (FFFF) TDO (9FFF);
SDR 16 TDI (FFFF) TDO (FFFE);
SDR 16 TDI (FFFF) TDO (9FFF);
SDR 16 TDI (FFFF) TDO (FFFF);
SDR 16 TDI (FFFF) TDO (7FFF);
SDR 16 TDI (FFFF) TDO (DFEF);
SDR 16 TDI (FFFF) TDO (FFFF);
SDR 16 TDI (FFFF) TDO (FEFB);
SDR 16 TDI (FFFF) TDO (BFEF);
SDR 16 TDI (FFFF) TDO (FFFF);
SDR 16 TDI (FFFF) TDO (FFFB);
SDR 16 TDI (FFFF) TDO (FFFF);
SDR 16 TDI (FFFF) TDO (7FFF);
SDR 16 TDI (FFFF) TDO (FFFB);
SDR 16 TDI (FFFF) TDO (FFFF);
SDR 16 TDI (FFFF) TDO (FFFF);
SDR 16 TDI (FFFF) TDO (BFFF);
SDR 16 TDI (FFFF) TDO (FFFF);
SDR 16 TDI (FFFF) TDO (FFFF);
SDR 16 TDI (FFFF) TDO (FFFF);
SDR 16 TDI (FFFF) TDO (7FFF);
SDR 16 TDI (FFFF) TDO (FFFF);
SDR 16 TDI (FFFF) TDO (FFFF);
SDR 16 TDI (FFFF) TDO (FFFF);
SDR 16 TDI (FFFF) TDO (BFFF);
SDR 16 TDI (FFFF) TDO (FFFF);
SDR 16 TDI (FFFF) TDO (FFFF);
SDR 16 TDI (FFFF) TDO (FFFF);
SDR 16 TDI (FFFF) TDO (7FFF);
SDR 16 TDI (FFFF) TDO (FFFF);
SDR 16 TDI (FFFF) TDO (BFFF);
SDR 16 TDI (FFFF) TDO (FDBF);
SDR 16 TDI (FFFF) TDO (BFFF);
SDR 16 TDI (FFFF) TDO (FFFD);
SDR 16 TDI (FFFF) TDO (DFEF);
SDR 16 TDI (FFFF) TDO (FFFF);
SDR 16 TDI (FFFF) TDO (7FFF);
SDR 16 TDI (FFFF) TDO (FFEF);
SDR 16 TDI (FFFF) TDO (FFF7);
SDR 16 TDI (FFFF) TDO (BFFB);
SDR 16 TDI (FFFF) TDO (BFFF);
SDR 16 TDI (FFFF) TDO (FFFF);
SDR 16 TDI (FFFF) TDO (FFFD);
SDR 16 TDI (FFFF) TDO (FFDF);
SDR 16 TDI (FFFF) TDO (7FFF);
SDR 16 TDI (FFFF) TDO (EFFF);
SDR 16 TDI (FFFF) TDO (FFFF);
SDR 16 TDI (FFFF) TDO (FFFF);
SDR 16 TDI (FFFF) TDO (AFFF);
SDR 16 TDI (FFFF) TDO (FFFF);
SDR 16 TDI (FFFF) TDO (FFFF);
SDR 16 TDI (FFFF) TDO (FFFF);
SDR 16 TDI (FFFF) TDO (7FFF);
SDR 16 TDI (FFFF) TDO (FFFF);
SDR 16 TDI (FFFF) TDO (FFFF);
SDR 16 TDI (FFFF) TDO (FFFF);
SDR 16 TDI (FFFF) TDO (BFFF);
SDR 16 TDI (FFFF) TDO (FFFF);
SDR 16 TDI (FFFF) TDO (FFFF);
SDR 16 TDI (FFFF) TDO (FFFF);
SDR 16 TDI (FFFF) TDO (7FF7);
SDR 16 TDI (FFFF) TDO (FFEE);
SDR 16 TDI (FFFF) TDO (FEFF);
SDR 16 TDI (FFFF) TDO (7FFF);
SDR 16 TDI (FFFF) TDO (BFFF);
SDR 16 TDI (FFFF) TDO (FFFF);
SDR 16 TDI (FFFF) TDO (BFFF);
SDR 16 TDI (FFFF) TDO (FFFF);
SDR 16 TDI (FFFF) TDO (7FFF);
SDR 16 TDI (FFFF) TDO (DFFF);
SDR 16 TDI (FFFF) TDO (FFFF);
SDR 16 TDI (FFFF) TDO (FF7D);
SDR 16 TDI (FFFF) TDO (97F7);
SDR 16 TDI (FFFF) TDO (FFEF);
SDR 16 TDI (FFFF) TDO (FFFF);
SDR 16 TDI (FFFF) TDO (FFFF);
SDR 16 TDI (FFFF) TDO (7FFF);
SDR 16 TDI (FFFF) TDO (FEFB);
SDR 16 TDI (FFFF) TDO (FFFF);
SDR 16 TDI (FFFF) TDO (FFFF);
SDR 16 TDI (FFFF) TDO (BFFF);
SDR 16 TDI (FFFF) TDO (FFFF);
SDR 16 TDI (FFFF) TDO (FFFF);
SDR 16 TDI (FFFF) TDO (FFFF);
SDR 16 TDI (FFFF) TDO (7FFF);
SDR 16 TDI (FFFF) TDO (FFFF);
SDR 16 TDI (FFFF) TDO (FFFF);
SDR 16 TDI (FFFF) TDO (FFFF);
SDR 16 TDI (FFFF) TDO (BFFF);
SDR 16 TDI (FFFF) TDO (FFFF);
SDR 16 TDI (FFFF) TDO (FFFF);
SDR 16 TDI (FFFF) TDO (FFFF);
SDR 16 TDI (FFFF) TDO (7FFF);
SDR 16 TDI (FFFF) TDO (FFFF);
SDR 16 TDI (FFFF) TDO (FFFF);
SDR 16 TDI (FFFF) TDO (FFFF);
SDR 16 TDI (FFFF) TDO (BFFF);
SDR 16 TDI (FFFF) TDO (FFFF);
SDR 16 TDI (FFFF) TDO (6FFF);
SDR 16 TDI (FFFF) TDO (FFFF);
SDR 16 TDI (FFFF) TDO (7FFB);
SDR 16 TDI (FFFF) TDO (FFFF);
SDR 16 TDI (FFFF) TDO (FFFF);
SDR 16 TDI (FFFF) TDO (FFFA);
SDR 16 TDI (FFFF) TDO (AFB5);
SDR 16 TDI (FFFF) TDO (FFFF);
SDR 16 TDI (FFFF) TDO (FF7B);
SDR 16 TDI (FFFF) TDO (FFFF);
SDR 16 TDI (FFFF) TDO (7FFF);
SDR 16 TDI (FFFF) TDO (FFFF);
SDR 16 TDI (FFFF) TDO (FFFF);
SDR 16 TDI (FFFF) TDO (FFFF);
SDR 16 TDI (FFFF) TDO (BFFF);
SDR 16 TDI (FFFF) TDO (FFFF);
SDR 16 TDI (FFFF) TDO (FFFF);
SDR 16 TDI (FFFF) TDO (FFFF);
SDR 16 TDI (FFFF) TDO (7FFF);
SDR 16 TDI (FFFF) TDO (FFFF);
SDR 16 TDI (FFFF) TDO (FFFF);
SDR 16 TDI (FFFF) TDO (FFFF);
SDR 16 TDI (FFFF) TDO (BFFF);
SDR 16 TDI (FFFF) TDO (FFFF);
SDR 16 TDI (FFFF) TDO (FFFF);
SDR 16 TDI (FFFF) TDO (FFFF);
SDR 16 TDI (FFFF) TDO (7FFF);
SDR 16 TDI (FFFF) TDO (FFFF);
SDR 16 TDI (FFFF) TDO (FFFF);
SDR 16 TDI (FFFF) TDO (FFFF);
SDR 16 TDI (FFFF) TDO (BFDF);
SDR 16 TDI (FFFF) TDO (FFFD);
SDR 16 TDI (FFFF) TDO (FDBF);
SDR 16 TDI (FFFF) TDO (FF7F);
SDR 16 TDI (FFFF) TDO (7FFF);
SDR 16 TDI (FFFF) TDO (FFFF);
SDR 16 TDI (FFFF) TDO (FFBB);
SDR 16 TDI (FFFF) TDO (EFFF);
SDR 16 TDI (FFFF) TDO (BAFF);
SDR 16 TDI (FFFF) TDO (FFEE);
SDR 16 TDI (FFFF) TDO (FDFF);
SDR 16 TDI (FFFF) TDO (FFFF);
SDR 16 TDI (FFFF) TDO (7FF7);
SDR 16 TDI (FFFF) TDO (BEFF);
SDR 16 TDI (FFFF) TDO (F7FF);
SDR 16 TDI (FFFF) TDO (FFDF);
SDR 16 TDI (FFFF) TDO (9FFF);
SDR 16 TDI (FFFF) TDO (FFFF);
SDR 16 TDI (FFFF) TDO (FFFF);
SDR 16 TDI (FFFF) TDO (FFFF);
SDR 16 TDI (FFFF) TDO (7FFF);
SDR 16 TDI (FFFF) TDO (FFFF);
SDR 16 TDI (FFFF) TDO (FFFF);
SDR 16 TDI (FFFF) TDO (FFFF);
SDR 16 TDI (FFFF) TDO (BFFF);
SDR 16 TDI (FFFF) TDO (FFFF);
SDR 16 TDI (FFFF) TDO (FFFF);
SDR 16 TDI (FFFF) TDO (FFFF);
SDR 16 TDI (FFFF) TDO (7FFF);
SDR 16 TDI (FFFF) TDO (FFFF);
SDR 16 TDI (FFFF) TDO (FFFF);
SDR 16 TDI (FFFF) TDO (FFFF);
SDR 16 TDI (FFFF) TDO (BFFF);
SDR 16 TDI (FFFF) TDO (FFFD);
SDR 16 TDI (FFFF) TDO (FF7F);
SDR 16 TDI (FFFF) TDO (FF7F);
SDR 16 TDI (FFFF) TDO (7FFD);
SDR 16 TDI (FFFF) TDO (FFFF);
SDR 16 TDI (FFFF) TDO (FFFF);
SDR 16 TDI (FFFF) TDO (F7FF);
SDR 16 TDI (FFFF) TDO (BFEF);
SDR 16 TDI (FFFF) TDO (7FEF);
SDR 16 TDI (FFFF) TDO (6FEF);
SDR 16 TDI (FFFF) TDO (FFFF);
SDR 16 TDI (FFFF) TDO (7FFF);
SDR 16 TDI (FFFF) TDO (BFFF);
SDR 16 TDI (FFFF) TDO (FFFF);
SDR 16 TDI (FFFF) TDO (FFFF);
SDR 16 TDI (FFFF) TDO (BFFF);
SDR 16 TDI (FFFF) TDO (FFFF);
SDR 16 TDI (FFFF) TDO (FFFF);
SDR 16 TDI (FFFF) TDO (FFFF);
SDR 16 TDI (FFFF) TDO (7FFF);
SDR 16 TDI (FFFF) TDO (FFFF);
SDR 16 TDI (FFFF) TDO (FFFF);
SDR 16 TDI (FFFF) TDO (FFFF);
SDR 16 TDI (FFFF) TDO (BFFF);
SDR 16 TDI (FFFF) TDO (FFFF);
SDR 16 TDI (FFFF) TDO (FFFF);
SDR 16 TDI (FFFF) TDO (FFFF);
SDR 16 TDI (FFFF) TDO (7FFF);
SDR 16 TDI (FFFF) TDO (FFFF);
SDR 16 TDI (FFFF) TDO (FFFF);
SDR 16 TDI (FFFF) TDO (FFFF);
SDR 16 TDI (FFFF) TDO (BFFF);
SDR 16 TDI (FFFF) TDO (FFFF);
SDR 16 TDI (FFFF) TDO (5DFF);
SDR 16 TDI (FFFF) TDO (FFFF);
SDR 16 TDI (FFFF) TDO (7FFF);
SDR 16 TDI (FFFF) TDO (FFFF);
SDR 16 TDI (FFFF) TDO (FFFD);
SDR 16 TDI (FFFF) TDO (FFFD);
SDR 16 TDI (FFFF) TDO (B53B);
SDR 16 TDI (FFFF) TDO (FFFF);
SDR 16 TDI (FFFF) TDO (FCFB);
SDR 16 TDI (FFFF) TDO (FFFF);
SDR 16 TDI (FFFF) TDO (7FFF);
SDR 16 TDI (FFFF) TDO (FEFF);
SDR 16 TDI (FFFF) TDO (FBFF);
SDR 16 TDI (FFFF) TDO (FFFF);
SDR 16 TDI (FFFF) TDO (BFFF);
SDR 16 TDI (FFFF) TDO (FFFF);
SDR 16 TDI (FFFF) TDO (FFFF);
SDR 16 TDI (FFFF) TDO (FFFF);
SDR 16 TDI (FFFF) TDO (7FFF);
SDR 16 TDI (FFFF) TDO (FFFF);
SDR 16 TDI (FFFF) TDO (FFFF);
SDR 16 TDI (FFFF) TDO (FFFF);
SDR 16 TDI (FFFF) TDO (B77F);
SDR 16 TDI (FFFF) TDO (FFFF);
SDR 16 TDI (FFFF) TDO (FFFF);
SDR 16 TDI (FFFF) TDO (FFFF);
SDR 16 TDI (FFFF) TDO (7FFF);
SDR 16 TDI (FFFF) TDO (FFFF);
SDR 16 TDI (FFFF) TDO (FFFF);
SDR 16 TDI (FFFF) TDO (FEFF);
SDR 16 TDI (FFFF) TDO (BFFF);
SDR 16 TDI (FFFF) TDO (FFFF);
SDR 16 TDI (FFFF) TDO (FFFB);
SDR 16 TDI (FFFF) TDO (FFFF);
SDR 16 TDI (FFFF) TDO (7FFF);
SDR 16 TDI (FFFF) TDO (FFFF);
SDR 16 TDI (FFFF) TDO (FFFF);
SDR 16 TDI (FFFF) TDO (FFFF);
SDR 16 TDI (FFFF) TDO (BEFF);
SDR 16 TDI (FFFF) TDO (BAEC);
SDR 16 TDI (FFFF) TDO (EEEF);
SDR 16 TDI (FFFF) TDO (FFFF);
SDR 16 TDI (FFFF) TDO (7FFF);
SDR 16 TDI (FFFF) TDO (FFFF);
SDR 16 TDI (FFFF) TDO (FFFF);
SDR 16 TDI (FFFF) TDO (FFFF);
SDR 16 TDI (FFFF) TDO (BFFF);
SDR 16 TDI (FFFF) TDO (FFFF);
SDR 16 TDI (FFFF) TDO (FFFF);
SDR 16 TDI (FFFF) TDO (FFFF);
SDR 16 TDI (FFFF) TDO (7FFF);
SDR 16 TDI (FFFF) TDO (FFFF);
SDR 16 TDI (FFFF) TDO (FFFF);
SDR 16 TDI (FFFF) TDO (EA9F);
SDR 16 TDI (FFFF) TDO (BFFF);
SDR 16 TDI (FFFF) TDO (FFFF);
SDR 16 TDI (FFFF) TDO (FFFF);
SDR 16 TDI (FFFF) TDO (FFFF);
SDR 16 TDI (FFFF) TDO (7FFF);
SDR 16 TDI (FFFF) TDO (FFFF);
SDR 16 TDI (FFFF) TDO (FFFF);
SDR 16 TDI (FFFF) TDO (FFFF);
SDR 16 TDI (FFFF) TDO (BFFF);
SDR 16 TDI (FFFF) TDO (FFFF);
SDR 16 TDI (FFFF) TDO (FFDF);
SDR 16 TDI (FFFF) TDO (FFFF);
SDR 16 TDI (FFFF) TDO (5FFF);
SDR 16 TDI (FFFF) TDO (FFBF);
SDR 16 TDI (FFFF) TDO (FBFF);
SDR 16 TDI (FFFF) TDO (FFFF);
SDR 16 TDI (FFFF) TDO (BFEF);
SDR 16 TDI (FFFF) TDO (EFFF);
SDR 16 TDI (FFFF) TDO (FFBD);
SDR 16 TDI (FFFF) TDO (FFBF);
SDR 16 TDI (FFFF) TDO (7FFB);
SDR 16 TDI (FFFF) TDO (FFFF);
SDR 16 TDI (FFFF) TDO (FFFF);
SDR 16 TDI (FFFF) TDO (FFFF);
SDR 16 TDI (FFFF) TDO (BFFF);
SDR 16 TDI (FFFF) TDO (FFFF);
SDR 16 TDI (FFFF) TDO (FFFF);
SDR 16 TDI (FFFF) TDO (FFFF);
SDR 16 TDI (FFFF) TDO (7FFF);
SDR 16 TDI (FFFF) TDO (FFFF);
SDR 16 TDI (FFFF) TDO (FFFF);
SDR 16 TDI (FFFF) TDO (FFDF);
SDR 16 TDI (FFFF) TDO (A77F);
SDR 16 TDI (FFFF) TDO (FFFF);
SDR 16 TDI (FFFF) TDO (FFFF);
SDR 16 TDI (FFFF) TDO (FFFF);
SDR 16 TDI (FFFF) TDO (5FFF);
SDR 16 TDI (FFFF) TDO (FFFF);
SDR 16 TDI (FFFF) TDO (FFFF);
SDR 16 TDI (FFFF) TDO (FFFF);
SDR 16 TDI (FFFF) TDO (BDFF);
SDR 16 TDI (FFFF) TDO (FFFF);
SDR 16 TDI (FFFF) TDO (FFFF);
SDR 16 TDI (FFFF) TDO (F7FF);
SDR 16 TDI (FFFF) TDO (7FFF);
SDR 16 TDI (FFFF) TDO (FFFF);
SDR 16 TDI (FFFF) TDO (FFFF);
SDR 16 TDI (FFFF) TDO (FFFF);
SDR 16 TDI (FFFF) TDO (ABFB);
SDR 16 TDI (FFFF) TDO (7FFB);
SDR 16 TDI (FFFF) TDO (FBFF);
SDR 16 TDI (FFFF) TDO (FFFF);
SDR 16 TDI (FFFF) TDO (7FFF);
SDR 16 TDI (FFFF) TDO (FFFF);
SDR 16 TDI (FFFF) TDO (FFFF);
SDR 16 TDI (FFFF) TDO (FDFE);
SDR 16 TDI (FFFF) TDO (BFFF);
SDR 16 TDI (FFFF) TDO (FFFF);
SDR 16 TDI (FFFF) TDO (FFFF);
SDR 16 TDI (FFFF) TDO (FFFF);
SDR 16 TDI (FFFF) TDO (5FFF);
SDR 16 TDI (FFFF) TDO (FFFF);
SDR 16 TDI (FFFF) TDO (FFFF);
SDR 16 TDI (FFFF) TDO (EA9F);
SDR 16 TDI (FFFF) TDO (ABFF);
SDR 16 TDI (FFFF) TDO (FFFF);
SDR 16 TDI (FFFF) TDO (FFFF);
SDR 16 TDI (FFFF) TDO (FFFF);
SDR 16 TDI (FFFF) TDO (7FFF);
SDR 16 TDI (FFFF) TDO (FFFF);
SDR 16 TDI (FFFF) TDO (FFFF);
SDR 16 TDI (FFFF) TDO (FFFF);
SDR 16 TDI (FFFF) TDO (BFFF);
SDR 16 TDI (FFFF) TDO (FFFF);
SDR 16 TDI (FFFF) TDO (FFDF);
SDR 16 TDI (FFFF) TDO (DFFF);
SDR 16 TDI (FFFF) TDO (7FFF);
SDR 16 TDI (FFFF) TDO (FFFF);
SDR 16 TDI (FFFF) TDO (FFFF);
SDR 16 TDI (FFFF) TDO (FFFF);
SDR 16 TDI (FFFF) TDO (AFAE);
SDR 16 TDI (FFFF) TDO (DFFF);
SDR 16 TDI (FFFF) TDO (EFBF);
SDR 16 TDI (FFFF) TDO (FFFF);
SDR 16 TDI (FFFF) TDO (7FBF);
SDR 16 TDI (FFFF) TDO (FFFF);
SDR 16 TDI (FFFF) TDO (FFFF);
SDR 16 TDI (FFFF) TDO (FFFF);
SDR 16 TDI (FFFF) TDO (BFFF);
SDR 16 TDI (FFFF) TDO (FFFF);
SDR 16 TDI (FFFF) TDO (FFFF);
SDR 16 TDI (FFFF) TDO (FFFF);
SDR 16 TDI (FFFF) TDO (7FFF);
SDR 16 TDI (FFFF) TDO (FFFF);
SDR 16 TDI (FFFF) TDO (FFFF);
SDR 16 TDI (FFFF) TDO (F55F);
SDR 16 TDI (FFFF) TDO (BFFF);
SDR 16 TDI (FFFF) TDO (FFFF);
SDR 16 TDI (FFFF) TDO (FFFF);
SDR 16 TDI (FFFF) TDO (FFFF);
SDR 16 TDI (FFFF) TDO (7FFF);
SDR 16 TDI (FFFF) TDO (FFFF);
SDR 16 TDI (FFFF) TDO (FFFF);
SDR 16 TDI (FFFF) TDO (FFFF);
SDR 16 TDI (FFFF) TDO (BFFF);
SDR 16 TDI (FFFF) TDO (FFFF);
SDR 16 TDI (FFFF) TDO (FFFB);
SDR 16 TDI (FFFF) TDO (FFFF);
SDR 16 TDI (FFFF) TDO (7FFF);
SDR 16 TDI (FFFF) TDO (FFFF);
SDR 16 TDI (FFFF) TDO (FFFF);
SDR 16 TDI (FFFF) TDO (FFFD);
SDR 16 TDI (FFFF) TDO (BFFF);
SDR 16 TDI (FFFF) TDO (FFEF);
SDR 16 TDI (FFFF) TDO (FEFB);
SDR 16 TDI (FFFF) TDO (FFFF);
SDR 16 TDI (FFFF) TDO (7FFF);
SDR 16 TDI (FFFF) TDO (FFFF);
SDR 16 TDI (FFFF) TDO (FFFF);
SDR 16 TDI (FFFF) TDO (FFFF);
SDR 16 TDI (FFFF) TDO (BFFF);
SDR 16 TDI (FFFF) TDO (FFFF);
SDR 16 TDI (FFFF) TDO (FFFF);
SDR 16 TDI (FFFF) TDO (FFFF);
SDR 16 TDI (FFFF) TDO (7FFF);
SDR 16 TDI (FFFF) TDO (FFFF);
SDR 16 TDI (FFFF) TDO (FFFF);
SDR 16 TDI (FFFF) TDO (FFFF);
SDR 16 TDI (FFFF) TDO (BFFF);
SDR 16 TDI (FFFF) TDO (FFFF);
SDR 16 TDI (FFFF) TDO (FFFF);
SDR 16 TDI (FFFF) TDO (FFFF);
SDR 16 TDI (FFFF) TDO (7FFF);
SDR 16 TDI (FFFF) TDO (FFFF);
SDR 16 TDI (FFFF) TDO (FFFF);
SDR 16 TDI (FFFF) TDO (FFFF);
SDR 16 TDI (FFFF) TDO (BFFF);
SDR 16 TDI (FFFF) TDO (FFFF);
SDR 16 TDI (FFFF) TDO (FF7F);
SDR 16 TDI (FFFF) TDO (FFFF);
SDR 16 TDI (FFFF) TDO (7FFF);
SDR 16 TDI (FFFF) TDO (FFFF);
SDR 16 TDI (FFFF) TDO (FFFF);
SDR 16 TDI (FFFF) TDO (FFFE);
SDR 16 TDI (FFFF) TDO (BABD);
SDR 16 TDI (FFFF) TDO (F7FF);
SDR 16 TDI (FFFF) TDO (FBFF);
SDR 16 TDI (FFFF) TDO (FFFF);
SDR 16 TDI (FFFF) TDO (7FFF);
SDR 16 TDI (FFFF) TDO (FFFF);
SDR 16 TDI (FFFF) TDO (FFFF);
SDR 16 TDI (FFFF) TDO (FFFF);
SDR 16 TDI (FFFF) TDO (BFFF);
SDR 16 TDI (FFFF) TDO (FFFF);
SDR 16 TDI (FFFF) TDO (FFFF);
SDR 16 TDI (FFFF) TDO (FFFF);
SDR 16 TDI (FFFF) TDO (7FFF);
SDR 16 TDI (FFFF) TDO (FFFF);
SDR 16 TDI (FFFF) TDO (FFFF);
SDR 16 TDI (FFFF) TDO (FFFF);
SDR 16 TDI (FFFF) TDO (BFFF);
SDR 16 TDI (FFFF) TDO (FFFF);
SDR 16 TDI (FFFF) TDO (FFFF);
SDR 16 TDI (FFFF) TDO (FFFF);
SDR 16 TDI (FFFF) TDO (7FFF);
SDR 16 TDI (FFFF) TDO (FFFF);
SDR 16 TDI (FFFF) TDO (FFFF);
SDR 16 TDI (FFFF) TDO (FFFF);
SDR 16 TDI (FFFF) TDO (BFFF);
SDR 16 TDI (FFFF) TDO (FFFF);
SDR 16 TDI (FFFF) TDO (FFC7);
SDR 16 TDI (FFFF) TDO (FFFF);
SDR 16 TDI (FFFF) TDO (7FFF);
SDR 16 TDI (FFFF) TDO (FFFF);
SDR 16 TDI (FFFF) TDO (FFFF);
SDR 16 TDI (FFFF) TDO (FFFF);
SDR 16 TDI (FFFF) TDO (A3A3);
SDR 16 TDI (FFFF) TDO (FBF3);
SDR 16 TDI (FFFF) TDO (EFFB);
SDR 16 TDI (FFFF) TDO (FFFF);
SDR 16 TDI (FFFF) TDO (7FBF);
SDR 16 TDI (FFFF) TDO (FFFF);
SDR 16 TDI (FFFF) TDO (FFFF);
SDR 16 TDI (FFFF) TDO (FFFE);
SDR 16 TDI (FFFF) TDO (BFFF);
SDR 16 TDI (FFFF) TDO (FFFF);
SDR 16 TDI (FFFF) TDO (FFFF);
SDR 16 TDI (FFFF) TDO (FFFF);
SDR 16 TDI (FFFF) TDO (7FFF);
SDR 16 TDI (FFFF) TDO (FFFF);
SDR 16 TDI (FFFF) TDO (FFFF);
SDR 16 TDI (FFFF) TDO (FFFF);
SDR 16 TDI (FFFF) TDO (BAEF);
SDR 16 TDI (FFFF) TDO (FFFF);
SDR 16 TDI (FFFF) TDO (FFFF);
SDR 16 TDI (FFFF) TDO (FFFF);
SDR 16 TDI (FFFF) TDO (7FFF);
SDR 16 TDI (FFFF) TDO (FFFF);
SDR 16 TDI (FFFF) TDO (FFFF);
SDR 16 TDI (FFFF) TDO (FEFF);
SDR 16 TDI (FFFF) TDO (BFFF);
SDR 16 TDI (FFFF) TDO (FFFF);
SDR 16 TDI (FFFF) TDO (FFBB);
SDR 16 TDI (FFFF) TDO (E7FF);
SDR 16 TDI (FFFF) TDO (7FFF);
SDR 16 TDI (FFFF) TDO (FFBF);
SDR 16 TDI (FFFF) TDO (FFFF);
SDR 16 TDI (FFFF) TDO (FFFC);
SDR 16 TDI (FFFF) TDO (BC7F);
SDR 16 TDI (FFFF) TDO (0FFD);
SDR 16 TDI (FFFF) TDO (FE57);
SDR 16 TDI (FFFF) TDO (FFFF);
SDR 16 TDI (FFFF) TDO (7FFB);
SDR 16 TDI (FFFF) TDO (FFFF);
SDR 16 TDI (FFFF) TDO (FFFF);
SDR 16 TDI (FFFF) TDO (FDFF);
SDR 16 TDI (FFFF) TDO (BFFF);
SDR 16 TDI (FFFF) TDO (FFFF);
SDR 16 TDI (FFFF) TDO (FFFF);
SDR 16 TDI (FFFF) TDO (FFFF);
SDR 16 TDI (FFFF) TDO (5FFF);
SDR 16 TDI (FFFF) TDO (FFFF);
SDR 16 TDI (FFFF) TDO (FFFF);
SDR 16 TDI (FFFF) TDO (FD7F);
SDR 16 TDI (FFFF) TDO (BFFF);
SDR 16 TDI (FFFF) TDO (FFFF);
SDR 16 TDI (FFFF) TDO (FFFF);
SDR 16 TDI (FFFF) TDO (FFFF);
SDR 16 TDI (FFFF) TDO (7FFF);
SDR 16 TDI (FFFF) TDO (FFFF);
SDR 16 TDI (FFFF) TDO (FFFF);
SDR 16 TDI (FFFF) TDO (FFFF);
SDR 16 TDI (FFFF) TDO (BDFF);
SDR 16 TDI (FFFF) TDO (FFFF);
SDR 16 TDI (FFFF) TDO (FFFF);
SDR 16 TDI (FFFF) TDO (FFFF);
SDR 16 TDI (FFFF) TDO (7FFF);
SDR 16 TDI (FFFF) TDO (FFFF);
SDR 16 TDI (FFFF) TDO (FBFF);
SDR 16 TDI (FFFF) TDO (FFFF);
SDR 16 TDI (FFFF) TDO (BFDC);
SDR 16 TDI (FFFF) TDO (F6EF);
SDR 16 TDI (FFFF) TDO (71BD);
SDR 16 TDI (FFFF) TDO (FFBF);
SDR 16 TDI (FFFF) TDO (7FFF);
SDR 16 TDI (FFFF) TDO (FFFF);
SDR 16 TDI (FFFF) TDO (FFFF);
SDR 16 TDI (FFFF) TDO (FFFF);
SDR 16 TDI (FFFF) TDO (BFFF);
SDR 16 TDI (FFFF) TDO (FFFF);
SDR 16 TDI (FFFF) TDO (FFFF);
SDR 16 TDI (FFFF) TDO (FFFF);
SDR 16 TDI (FFFF) TDO (7FFF);
SDR 16 TDI (FFFF) TDO (FFFF);
SDR 16 TDI (FFFF) TDO (FFFF);
SDR 16 TDI (FFFF) TDO (FFFF);
SDR 16 TDI (FFFF) TDO (A55F);
SDR 16 TDI (FFFF) TDO (FFFF);
SDR 16 TDI (FFFF) TDO (FEFF);
SDR 16 TDI (FFFF) TDO (FFFF);
SDR 16 TDI (FFFF) TDO (7FFF);
SDR 16 TDI (FFFF) TDO (FF7F);
SDR 16 TDI (FFFF) TDO (FFFF);
SDR 16 TDI (FFFF) TDO (F87F);
SDR 16 TDI (FFFF) TDO (BFBF);
SDR 16 TDI (FFFF) TDO (FFFF);
SDR 16 TDI (FFFF) TDO (FF37);
SDR 16 TDI (FFFF) TDO (FEFF);
SDR 16 TDI (FFFF) TDO (7FFF);
SDR 16 TDI (FFFF) TDO (FE1F);
SDR 16 TDI (FFFF) TDO (FF7F);
SDR 16 TDI (FFFF) TDO (FFFF);
SDR 16 TDI (FFFF) TDO (BE46);
SDR 16 TDI (FFFF) TDO (47C2);
SDR 16 TDI (FFFF) TDO (0FF9);
SDR 16 TDI (FFFF) TDO (FE1F);
SDR 16 TDI (FFFF) TDO (5FE0);
SDR 16 TDI (FFFF) TDO (FFFF);
SDR 16 TDI (FFFF) TDO (FFFF);
SDR 16 TDI (FFFF) TDO (FFBC);
SDR 16 TDI (FFFF) TDO (A7FF);
SDR 16 TDI (FFFF) TDO (FFFF);
SDR 16 TDI (FFFF) TDO (FFDF);
SDR 16 TDI (FFFF) TDO (FFFF);
SDR 16 TDI (FFFF) TDO (7FFF);
SDR 16 TDI (FFFF) TDO (FFEF);
SDR 16 TDI (FFFF) TDO (FFFF);
SDR 16 TDI (FFFF) TDO (EA9F);
SDR 16 TDI (FFFF) TDO (AFFF);
SDR 16 TDI (FFFF) TDO (FFFF);
SDR 16 TDI (FFFF) TDO (FDFF);
SDR 16 TDI (FFFF) TDO (FFFF);
SDR 16 TDI (FFFF) TDO (7FFF);
SDR 16 TDI (FFFF) TDO (FEFF);
SDR 16 TDI (FFFF) TDO (FFFF);
SDR 16 TDI (FFFF) TDO (F87F);
SDR 16 TDI (FFFF) TDO (BFFF);
SDR 16 TDI (FFFF) TDO (FFFF);
SDR 16 TDI (FFFF) TDO (FF2B);
SDR 16 TDI (FFFF) TDO (FFFF);
SDR 16 TDI (FFFF) TDO (7FFF);
SDR 16 TDI (FFFF) TDO (FE1F);
SDR 16 TDI (FFFF) TDO (FFFF);
SDR 16 TDI (FFFF) TDO (FFFC);
SDR 16 TDI (FFFF) TDO (A554);
SDR 16 TDI (FFFF) TDO (57E6);
SDR 16 TDI (FFFF) TDO (0C0B);
SDR 16 TDI (FFFF) TDO (FE1F);
SDR 16 TDI (FFFF) TDO (7F70);
SDR 16 TDI (FFFF) TDO (FFFF);
SDR 16 TDI (FFFF) TDO (FFFF);
SDR 16 TDI (FFFF) TDO (FFFC);
SDR 16 TDI (FFFF) TDO (A7FF);
SDR 16 TDI (FFFF) TDO (FFFF);
SDR 16 TDI (FFFF) TDO (FFBF);
SDR 16 TDI (FFFF) TDO (FFFF);
SDR 16 TDI (FFFF) TDO (7FFF);
SDR 16 TDI (FFFF) TDO (FFDF);
SDR 16 TDI (FFFF) TDO (FFFF);
SDR 16 TDI (FFFF) TDO (FFDF);
SDR 16 TDI (FFFF) TDO (B55F);
SDR 16 TDI (FFFF) TDO (FFFF);
SDR 16 TDI (FFFF) TDO (FFFF);
SDR 16 TDI (FFFF) TDO (FFFF);
SDR 16 TDI (FFFF) TDO (7FFF);
SDR 16 TDI (FFFF) TDO (FFFF);
SDR 16 TDI (FFFF) TDO (FFFF);
SDR 16 TDI (FFFF) TDO (F87F);
SDR 16 TDI (FFFF) TDO (BFFF);
SDR 16 TDI (FFFF) TDO (FFFF);
SDR 16 TDI (FFFF) TDO (FF23);
SDR 16 TDI (FFFF) TDO (FFFF);
SDR 16 TDI (FFFF) TDO (5FFF);
SDR 16 TDI (FFFF) TDO (FE1F);
SDR 16 TDI (FFFF) TDO (FFFF);
SDR 16 TDI (FFFF) TDO (FFFE);
SDR 16 TDI (FFFF) TDO (AFF7);
SDR 16 TDI (FFFF) TDO (73FA);
SDR 16 TDI (FFFF) TDO (133F);
SDR 16 TDI (FFFF) TDO (FE1F);
SDR 16 TDI (FFFF) TDO (7FF0);
SDR 16 TDI (FFFF) TDO (FFFF);
SDR 16 TDI (FFFF) TDO (FFFF);
SDR 16 TDI (FFFF) TDO (FFFC);
SDR 16 TDI (FFFF) TDO (A7FF);
SDR 16 TDI (FFFF) TDO (FFFF);
SDR 16 TDI (FFFF) TDO (FFFF);
SDR 16 TDI (FFFF) TDO (FFFF);
SDR 16 TDI (FFFF) TDO (7FFF);
SDR 16 TDI (FFFF) TDO (FFFF);
SDR 16 TDI (FFFF) TDO (FFFF);
SDR 16 TDI (FFFF) TDO (EABF);
SDR 16 TDI (FFFF) TDO (BFFF);
SDR 16 TDI (FFFF) TDO (FFFF);
SDR 16 TDI (FFFF) TDO (FFFF);
SDR 16 TDI (FFFF) TDO (FFFF);
SDR 16 TDI (FFFF) TDO (7FFF);
SDR 16 TDI (FFFF) TDO (FFFF);
SDR 16 TDI (FFFF) TDO (FFFF);
SDR 16 TDI (FFFF) TDO (F87F);
SDR 16 TDI (FFFF) TDO (BFFF);
SDR 16 TDI (FFFF) TDO (FFFF);
SDR 16 TDI (FFFF) TDO (FF27);
SDR 16 TDI (FFFF) TDO (FFFF);
SDR 16 TDI (FFFF) TDO (7FFF);
SDR 16 TDI (FFFF) TDO (FE1F);
SDR 16 TDI (FFFF) TDO (FFFF);
SDR 16 TDI (FFFF) TDO (FFFF);
SDR 16 TDI (FFFF) TDO (A04D);
SDR 16 TDI (FFFF) TDO (4FE6);
SDR 16 TDI (FFFF) TDO (1061);
SDR 16 TDI (FFFF) TDO (FE1F);
SDR 16 TDI (FFFF) TDO (7FF0);
SDR 16 TDI (FFFF) TDO (FFFF);
SDR 16 TDI (FFFF) TDO (FFFF);
SDR 16 TDI (FFFF) TDO (FFFC);
SDR 16 TDI (FFFF) TDO (A7FF);
SDR 16 TDI (FFFF) TDO (FFFF);
SDR 16 TDI (FFFF) TDO (FFFF);
SDR 16 TDI (FFFF) TDO (FFFF);
SDR 16 TDI (FFFF) TDO (7FFF);
SDR 16 TDI (FFFF) TDO (FFFF);
SDR 16 TDI (FFFF) TDO (FFFF);
SDR 16 TDI (FFFF) TDO (FFFF);
SDR 16 TDI (FFFF) TDO (BFFF);
SDR 16 TDI (FFFF) TDO (3333);
SDR 16 TDI (FFFF) TDO (1F33);
SDR 16 TDI (FFFF) TDO (333C);
SDR 16 TDI (FFFF) TDO (5999);
SDR 16 TDI (FFFF) TDO (8F99);
SDR 16 TDI (FFFF) TDO (999E);
SDR 16 TDI (FFFF) TDO (6766);
SDR 16 TDI (FFFF) TDO (A7CC);
SDR 16 TDI (FFFF) TDO (CCCF);
SDR 16 TDI (FFFF) TDO (3393);
SDR 16 TDI (FFFF) TDO (3F33);
SDR 16 TDI (FFFF) TDO (6667);
SDR 16 TDI (FFFF) TDO (99D9);
SDR 16 TDI (FFFF) TDO (8F99);
SDR 16 TDI (FFFF) TDO (999F);
SDR 16 TDI (FFFF) TDO (A666);
SDR 16 TDI (FFFF) TDO (67E6);
SDR 16 TDI (FFFF) TDO (E437);
SDR 16 TDI (FFFF) TDO (99D9);
SDR 16 TDI (FFFF) TDO (71F7);
SDR 16 TDI (FFFF) TDO (3333);
SDR 16 TDI (FFFF) TDO (CCCC);
SDR 16 TDI (FFFF) TDO (C7CD);
SDR 16 TDI (FFFF) TDO (B999);
SDR 16 TDI (FFFF) TDO (E666);
SDR 16 TDI (FFFF) TDO (63E6);
SDR 16 TDI (FFFF) TDO (6667);
SDR 16 TDI (FFFF) TDO (7333);
SDR 16 TDI (FFFF) TDO (31F3);
SDR 16 TDI (FFFF) TDO (3333);
SDR 16 TDI (FFFF) TDO (FFFF);
SDR 16 TDI (FFFF) TDO (9FFF);
SDR 16 TDI (FFFF) TDO (7777);
SDR 16 TDI (FFFF) TDO (4ABB);
SDR 16 TDI (FFFF) TDO (BBBD);
SDR 16 TDI (FFFF) TDO (7BBB);
SDR 16 TDI (FFFF) TDO (A55D);
SDR 16 TDI (FFFF) TDO (DDDE);
SDR 16 TDI (FFFF) TDO (EE6E);
SDR 16 TDI (FFFF) TDO (BAAE);
SDR 16 TDI (FFFF) TDO (EEEF);
SDR 16 TDI (FFFF) TDO (7723);
SDR 16 TDI (FFFF) TDO (6ABB);
SDR 16 TDI (FFFF) TDO (7777);
SDR 16 TDI (FFFF) TDO (BB9B);
SDR 16 TDI (FFFF) TDO (B55D);
SDR 16 TDI (FFFF) TDO (DDDE);
SDR 16 TDI (FFFF) TDO (AEEE);
SDR 16 TDI (FFFF) TDO (ED56);
SDR 16 TDI (FFFF) TDO (6777);
SDR 16 TDI (FFFF) TDO (BB9B);
SDR 16 TDI (FFFF) TDO (76A3);
SDR 16 TDI (FFFF) TDO (BBBB);
SDR 16 TDI (FFFF) TDO (DDDD);
SDR 16 TDI (FFFF) TDO (DAAC);
SDR 16 TDI (FFFF) TDO (BDDD);
SDR 16 TDI (FFFF) TDO (EEEE);
SDR 16 TDI (FFFF) TDO (E957);
SDR 16 TDI (FFFF) TDO (7777);
SDR 16 TDI (FFFF) TDO (7777);
SDR 16 TDI (FFFF) TDO (74AB);
SDR 16 TDI (FFFF) TDO (BBBB);
SDR 16 TDI (FFFF) TDO (FFFF);
SDR 16 TDI (FFFF) TDO (BFFF);
SDR 16 TDI (FFFF) TDO (FFFF);
SDR 16 TDI (FFFF) TDO (FEFF);
SDR 16 TDI (FFFF) TDO (FFFF);
SDR 16 TDI (FFFF) TDO (7FFF);
SDR 16 TDI (FFFF) TDO (FF7F);
SDR 16 TDI (FFFF) TDO (FFFF);
SDR 16 TDI (FFFF) TDO (FBFF);
SDR 16 TDI (FFFF) TDO (BFBF);
SDR 16 TDI (FFFF) TDO (FFFF);
SDR 16 TDI (FFFF) TDO (FFDF);
SDR 16 TDI (FFFF) TDO (FEFF);
SDR 16 TDI (FFFF) TDO (7FFF);
SDR 16 TDI (FFFF) TDO (FEFF);
SDR 16 TDI (FFFF) TDO (FF7F);
SDR 16 TDI (FFFF) TDO (FFFF);
SDR 16 TDI (FFFF) TDO (BF77);
SDR 16 TDI (FFFF) TDO (7FCF);
SDR 16 TDI (FFFF) TDO (CDEF);
SDR 16 TDI (FFFF) TDO (FEFF);
SDR 16 TDI (FFFF) TDO (7FEE);
SDR 16 TDI (FFFF) TDO (FFFF);
SDR 16 TDI (FFFF) TDO (FFFF);
SDR 16 TDI (FFFF) TDO (FFBF);
SDR 16 TDI (FFFF) TDO (B7FF);
SDR 16 TDI (FFFF) TDO (FFFF);
SDR 16 TDI (FFFF) TDO (FFDF);
SDR 16 TDI (FFFF) TDO (FFFF);
SDR 16 TDI (FFFF) TDO (7FFF);
SDR 16 TDI (FFFF) TDO (FFEF);
SDR 16 TDI (FFFF) TDO (FFFF);
SDR 16 TDI (FFFF) TDO (FFFF);
SDR 16 TDI (FFFF) TDO (BFFF);
SDR 16 TDI (FFFF) TDO (FFFF);
SDR 16 TDI (FFFF) TDO (FFFF);
SDR 16 TDI (FFFF) TDO (FFFF);
SDR 16 TDI (FFFF) TDO (7FFF);
SDR 16 TDI (FFFF) TDO (FFFF);
SDR 16 TDI (FFFF) TDO (FFFF);
SDR 16 TDI (FFFF) TDO (FFEF);
SDR 16 TDI (FFFF) TDO (BFFF);
SDR 16 TDI (FFFF) TDO (FFFF);
SDR 16 TDI (FFFF) TDO (EFFF);
SDR 16 TDI (FFFF) TDO (FFFF);
SDR 16 TDI (FFFF) TDO (7FFF);
SDR 16 TDI (FFFF) TDO (FFFF);
SDR 16 TDI (FFFF) TDO (FFF7);
SDR 16 TDI (FFFF) TDO (FFFF);
SDR 16 TDI (FFFF) TDO (BEBD);
SDR 16 TDI (FFFF) TDO (7FFF);
SDR 16 TDI (FFFF) TDO (FD6F);
SDR 16 TDI (FFFF) TDO (7FF7);
SDR 16 TDI (FFFF) TDO (7FFE);
SDR 16 TDI (FFFF) TDO (BFFF);
SDR 16 TDI (FFFF) TDO (FFFF);
SDR 16 TDI (FFFF) TDO (FFFF);
SDR 16 TDI (FFFF) TDO (BFFF);
SDR 16 TDI (FFFF) TDO (FFFF);
SDR 16 TDI (FFFF) TDO (FFFF);
SDR 16 TDI (FFFF) TDO (FFFF);
SDR 16 TDI (FFFF) TDO (7FFF);
SDR 16 TDI (FFFF) TDO (FFFF);
SDR 16 TDI (FFFF) TDO (FFFF);
SDR 16 TDI (FFFF) TDO (FFFF);
SDR 16 TDI (FFFF) TDO (BFFF);
SDR 16 TDI (FFFF) TDO (FFFF);
SDR 16 TDI (FFFF) TDO (FFFF);
SDR 16 TDI (FFFF) TDO (FFFF);
SDR 16 TDI (FFFF) TDO (7FFF);
SDR 16 TDI (FFFF) TDO (FFFF);
SDR 16 TDI (FFFF) TDO (FFFF);
SDR 16 TDI (FFFF) TDO (FFFF);
SDR 16 TDI (FFFF) TDO (BFEF);
SDR 16 TDI (FFFF) TDO (FFFF);
SDR 16 TDI (FFFF) TDO (FFFD);
SDR 16 TDI (FFFF) TDO (FFFF);
SDR 16 TDI (FFFF) TDO (7FFF);
SDR 16 TDI (FFFF) TDO (FFFF);
SDR 16 TDI (FFFF) TDO (7FFF);
SDR 16 TDI (FFFF) TDO (FFFF);
SDR 16 TDI (FFFF) TDO (8FEF);
SDR 16 TDI (FFFF) TDO (EFFF);
SDR 16 TDI (FFFF) TDO (7FFF);
SDR 16 TDI (FFFF) TDO (FFFF);
SDR 16 TDI (FFFF) TDO (7FFF);
SDR 16 TDI (FFFF) TDO (FFEF);
SDR 16 TDI (FFFF) TDO (FFDF);
SDR 16 TDI (FFFF) TDO (FFFF);
SDR 16 TDI (FFFF) TDO (BFFF);
SDR 16 TDI (FFFF) TDO (FFFF);
SDR 16 TDI (FFFF) TDO (FFFF);
SDR 16 TDI (FFFF) TDO (FFFF);
SDR 16 TDI (FFFF) TDO (7FFF);
SDR 16 TDI (FFFF) TDO (FFFF);
SDR 16 TDI (FFFF) TDO (FFFF);
SDR 16 TDI (FFFF) TDO (FFFF);
SDR 16 TDI (FFFF) TDO (AFFF);
SDR 16 TDI (FFFF) TDO (FFFF);
SDR 16 TDI (FFFF) TDO (FFFF);
SDR 16 TDI (FFFF) TDO (FFFF);
SDR 16 TDI (FFFF) TDO (7FFF);
SDR 16 TDI (FFFF) TDO (FFFF);
SDR 16 TDI (FFFF) TDO (FFFF);
SDR 16 TDI (FFFF) TDO (FFEF);
SDR 16 TDI (FFFF) TDO (BFDF);
SDR 16 TDI (FFFF) TDO (FFFF);
SDR 16 TDI (FFFF) TDO (FFFD);
SDR 16 TDI (FFFF) TDO (FFFF);
SDR 16 TDI (FFFF) TDO (5FFF);
SDR 16 TDI (FFFF) TDO (FFFF);
SDR 16 TDI (FFFF) TDO (FFF7);
SDR 16 TDI (FFFF) TDO (FFFF);
SDR 16 TDI (FFFF) TDO (BFBA);
SDR 16 TDI (FFFF) TDO (EFFF);
SDR 16 TDI (FFFF) TDO (FDF7);
SDR 16 TDI (FFFF) TDO (FFF7);
SDR 16 TDI (FFFF) TDO (7FFF);
SDR 16 TDI (FFFF) TDO (7FFF);
SDR 16 TDI (FFFF) TDO (FFFF);
SDR 16 TDI (FFFF) TDO (FFFF);
SDR 16 TDI (FFFF) TDO (BFFF);
SDR 16 TDI (FFFF) TDO (FFFF);
SDR 16 TDI (FFFF) TDO (FFFF);
SDR 16 TDI (FFFF) TDO (FFFF);
SDR 16 TDI (FFFF) TDO (7FFF);
SDR 16 TDI (FFFF) TDO (FFFF);
SDR 16 TDI (FFFF) TDO (FFFF);
SDR 16 TDI (FFFF) TDO (FFDF);
SDR 16 TDI (FFFF) TDO (AFFF);
SDR 16 TDI (FFFF) TDO (FFFF);
SDR 16 TDI (FFFF) TDO (FFFF);
SDR 16 TDI (FFFF) TDO (FFFF);
SDR 16 TDI (FFFF) TDO (7FFF);
SDR 16 TDI (FFFF) TDO (FFFF);
SDR 16 TDI (FFFF) TDO (FFFF);
SDR 16 TDI (FFFF) TDO (FFFF);
SDR 16 TDI (FFFF) TDO (BFFF);
SDR 16 TDI (FFFF) TDO (FFFF);
SDR 16 TDI (FFFF) TDO (DFFF);
SDR 16 TDI (FFFF) TDO (FFFF);
SDR 16 TDI (FFFF) TDO (7FFF);
SDR 16 TDI (FFFF) TDO (FFFF);
SDR 16 TDI (FFFF) TDO (FFFF);
SDR 16 TDI (FFFF) TDO (FFFF);
SDR 16 TDI (FFFF) TDO (B777);
SDR 16 TDI (FFFF) TDO (FFFF);
SDR 16 TDI (FFFF) TDO (7F7E);
SDR 16 TDI (FFFF) TDO (FFFF);
SDR 16 TDI (FFFF) TDO (7FFE);
SDR 16 TDI (FFFF) TDO (FFEF);
SDR 16 TDI (FFFF) TDO (FFEF);
SDR 16 TDI (FFFF) TDO (FFFF);
SDR 16 TDI (FFFF) TDO (BFFF);
SDR 16 TDI (FFFF) TDO (FFFF);
SDR 16 TDI (FFFF) TDO (FFFF);
SDR 16 TDI (FFFF) TDO (FFFF);
SDR 16 TDI (FFFF) TDO (7FFF);
SDR 16 TDI (FFFF) TDO (FFFF);
SDR 16 TDI (FFFF) TDO (FFFF);
SDR 16 TDI (FFFF) TDO (FFDF);
SDR 16 TDI (FFFF) TDO (BFFF);
SDR 16 TDI (FFFF) TDO (FFFF);
SDR 16 TDI (FFFF) TDO (FFFF);
SDR 16 TDI (FFFF) TDO (FFFF);
SDR 16 TDI (FFFF) TDO (7FFF);
SDR 16 TDI (FFFF) TDO (FFFF);
SDR 16 TDI (FFFF) TDO (FFFF);
SDR 16 TDI (FFFF) TDO (FFFF);
SDR 16 TDI (FFFF) TDO (BFEF);
SDR 16 TDI (FFFF) TDO (FFFF);
SDR 16 TDI (FFFF) TDO (FFFF);
SDR 16 TDI (FFFF) TDO (FFFF);
SDR 16 TDI (FFFF) TDO (7FFF);
SDR 16 TDI (FFFF) TDO (FFFF);
SDR 16 TDI (FFFF) TDO (FFEF);
SDR 16 TDI (FFFF) TDO (FF7F);
SDR 16 TDI (FFFF) TDO (BFFF);
SDR 16 TDI (FFFF) TDO (FFFF);
SDR 16 TDI (FFFF) TDO (FFFF);
SDR 16 TDI (FFFF) TDO (FFFF);
SDR 16 TDI (FFFF) TDO (7FFF);
SDR 16 TDI (FFFF) TDO (DFFF);
SDR 16 TDI (FFFF) TDO (FFFF);
SDR 16 TDI (FFFF) TDO (FFFF);
SDR 16 TDI (FFFF) TDO (BFFF);
SDR 16 TDI (FFFF) TDO (FFFF);
SDR 16 TDI (FFFF) TDO (FFFF);
SDR 16 TDI (FFFF) TDO (FFFF);
SDR 16 TDI (FFFF) TDO (7FFF);
SDR 16 TDI (FFFF) TDO (FFFF);
SDR 16 TDI (FFFF) TDO (FFFF);
SDR 16 TDI (FFFF) TDO (FFFF);
SDR 16 TDI (FFFF) TDO (BFFF);
SDR 16 TDI (FFFF) TDO (FFFF);
SDR 16 TDI (FFFF) TDO (FFFF);
SDR 16 TDI (FFFF) TDO (FFFF);
SDR 16 TDI (FFFF) TDO (7FFF);
SDR 16 TDI (FFFF) TDO (FFFF);
SDR 16 TDI (FFFF) TDO (FFFF);
SDR 16 TDI (FFFF) TDO (7FBF);
SDR 16 TDI (FFFF) TDO (BFFF);
SDR 16 TDI (FFFF) TDO (FFFF);
SDR 16 TDI (FFFF) TDO (DFFF);
SDR 16 TDI (FFFF) TDO (FFFF);
SDR 16 TDI (FFFF) TDO (7FFF);
SDR 16 TDI (FFFF) TDO (FFF7);
SDR 16 TDI (FFFF) TDO (7FFF);
SDR 16 TDI (FFFF) TDO (FFFB);
SDR 16 TDI (FFFF) TDO (BFFF);
SDR 16 TDI (FFFF) TDO (FFFF);
SDR 16 TDI (FFFF) TDO (FFFF);
SDR 16 TDI (FFFF) TDO (FFFF);
SDR 16 TDI (FFFF) TDO (7FFF);
SDR 16 TDI (FFFF) TDO (FFFF);
SDR 16 TDI (FFFF) TDO (FFFF);
SDR 16 TDI (FFFF) TDO (FFFF);
SDR 16 TDI (FFFF) TDO (BFFF);
SDR 16 TDI (FFFF) TDO (FFFF);
SDR 16 TDI (FFFF) TDO (FFFF);
SDR 16 TDI (FFFF) TDO (FFFF);
SDR 16 TDI (FFFF) TDO (5FFF);
SDR 16 TDI (FFFF) TDO (FFFF);
SDR 16 TDI (FFFF) TDO (FFFF);
SDR 16 TDI (FFFF) TDO (FFFF);
SDR 16 TDI (FFFF) TDO (BFFF);
SDR 16 TDI (FFFF) TDO (FFFF);
SDR 16 TDI (FFFF) TDO (FFFF);
SDR 16 TDI (FFFF) TDO (FFFF);
SDR 16 TDI (FFFF) TDO (7FFF);
SDR 16 TDI (FFFF) TDO (FFFF);
SDR 16 TDI (FFFF) TDO (FFFF);
SDR 16 TDI (FFFF) TDO (FFBF);
SDR 16 TDI (FFFF) TDO (BFFF);
SDR 16 TDI (FFFF) TDO (FFFF);
SDR 16 TDI (FFFF) TDO (DFFF);
SDR 16 TDI (FFFF) TDO (FFFF);
SDR 16 TDI (FFFF) TDO (7FFF);
SDR 16 TDI (FFFF) TDO (FFEF);
SDR 16 TDI (FFFF) TDO (FFFF);
SDR 16 TDI (FFFF) TDO (FF7B);
SDR 16 TDI (FFFF) TDO (BFFF);
SDR 16 TDI (FFFF) TDO (FFFF);
SDR 16 TDI (FFFF) TDO (FFFF);
SDR 16 TDI (FFFF) TDO (FFDF);
SDR 16 TDI (FFFF) TDO (7FFF);
SDR 16 TDI (FFFF) TDO (EFFF);
SDR 16 TDI (FFFF) TDO (FFFF);
SDR 16 TDI (FFFF) TDO (FFFF);
SDR 16 TDI (FFFF) TDO (9FFF);
SDR 16 TDI (FFFF) TDO (FFFF);
SDR 16 TDI (FFFF) TDO (FFFF);
SDR 16 TDI (FFFF) TDO (FFFF);
SDR 16 TDI (FFFF) TDO (7FFF);
SDR 16 TDI (FFFF) TDO (FFFF);
SDR 16 TDI (FFFF) TDO (FFFF);
SDR 16 TDI (FFFF) TDO (FFFF);
SDR 16 TDI (FFFF) TDO (BFFF);
SDR 16 TDI (FFFF) TDO (FFFF);
SDR 16 TDI (FFFF) TDO (FFFF);
SDR 16 TDI (FFFF) TDO (FFFF);
SDR 16 TDI (FFFF) TDO (7FFF);
SDR 16 TDI (FFFF) TDO (FFFF);
SDR 16 TDI (FFFF) TDO (FFFF);
SDR 16 TDI (FFFF) TDO (7FFF);
SDR 16 TDI (FFFF) TDO (BFDF);
SDR 16 TDI (FFFF) TDO (FFFF);
SDR 16 TDI (FFFF) TDO (FFFF);
SDR 16 TDI (FFFF) TDO (FFFF);
SDR 16 TDI (FFFF) TDO (7FFF);
SDR 16 TDI (FFFF) TDO (FFFF);
SDR 16 TDI (FFFF) TDO (7FEF);
SDR 16 TDI (FFFF) TDO (FFFF);
SDR 16 TDI (FFFF) TDO (BFFF);
SDR 16 TDI (FFFF) TDO (FFFF);
SDR 16 TDI (FFFF) TDO (FFFF);
SDR 16 TDI (FFFF) TDO (FFFF);
SDR 16 TDI (FFFF) TDO (5FFF);
SDR 16 TDI (FFFF) TDO (FFFF);
SDR 16 TDI (FFFF) TDO (FFFF);
SDR 16 TDI (FFFF) TDO (FFFF);
SDR 16 TDI (FFFF) TDO (BFFF);
SDR 16 TDI (FFFF) TDO (FFFF);
SDR 16 TDI (FFFF) TDO (FFFF);
SDR 16 TDI (FFFF) TDO (FFFF);
SDR 16 TDI (FFFF) TDO (7FFF);
SDR 16 TDI (FFFF) TDO (FFFF);
SDR 16 TDI (FFFF) TDO (FFFF);
SDR 16 TDI (FFFF) TDO (FFFF);
SDR 16 TDI (FFFF) TDO (BFFF);
SDR 16 TDI (FFFF) TDO (FFFF);
SDR 16 TDI (FFFF) TDO (FFFF);
SDR 16 TDI (FFFF) TDO (FFFF);
SDR 16 TDI (FFFF) TDO (7FFF);
SDR 16 TDI (FFFF) TDO (FFFF);
SDR 16 TDI (FFFF) TDO (FFFF);
SDR 16 TDI (FFFF) TDO (FFFF);
SDR 16 TDI (FFFF) TDO (BFFF);
SDR 16 TDI (FFFF) TDO (FFFF);
SDR 16 TDI (FFFF) TDO (FFFF);
SDR 16 TDI (FFFF) TDO (FFFF);
SDR 16 TDI (FFFF) TDO (7FFF);
SDR 16 TDI (FFFF) TDO (EFFF);
SDR 16 TDI (FFFF) TDO (FFFB);
SDR 16 TDI (FFFF) TDO (FFFB);
SDR 16 TDI (FFFF) TDO (9FFF);
SDR 16 TDI (FFFF) TDO (FFFF);
SDR 16 TDI (FFFF) TDO (FFFF);
SDR 16 TDI (FFFF) TDO (FFFF);
SDR 16 TDI (FFFF) TDO (7FFF);
SDR 16 TDI (FFFF) TDO (FFFF);
SDR 16 TDI (FFFF) TDO (FFFF);
SDR 16 TDI (FFFF) TDO (FFFF);
SDR 16 TDI (FFFF) TDO (BFFF);
SDR 16 TDI (FFFF) TDO (FFFF);
SDR 16 TDI (FFFF) TDO (FFFF);
SDR 16 TDI (FFFF) TDO (FFFF);
SDR 16 TDI (FFFF) TDO (7FFF);
SDR 16 TDI (FFFF) TDO (FFFF);
SDR 16 TDI (FFFF) TDO (FFFF);
SDR 16 TDI (FFFF) TDO (FFFF);
SDR 16 TDI (FFFF) TDO (B7FF);
SDR 16 TDI (FFFF) TDO (FFFF);
SDR 16 TDI (FFFF) TDO (FFFF);
SDR 16 TDI (FFFF) TDO (FFFF);
SDR 16 TDI (FFFF) TDO (7FFF);
SDR 16 TDI (FFFF) TDO (FFFF);
SDR 16 TDI (FFFF) TDO (FFFF);
SDR 16 TDI (FFFF) TDO (FFFF);
SDR 16 TDI (FFFF) TDO (BFFF);
SDR 16 TDI (FFFF) TDO (FFFF);
SDR 16 TDI (FFFF) TDO (FFFF);
SDR 16 TDI (FFFF) TDO (FFFF);
SDR 16 TDI (FFFF) TDO (5FFF);
SDR 16 TDI (FFFF) TDO (FFFF);
SDR 16 TDI (FFFF) TDO (FFBF);
SDR 16 TDI (FFFF) TDO (FFFF);
SDR 16 TDI (FFFF) TDO (BFFF);
SDR 16 TDI (FFFF) TDO (FFFF);
SDR 16 TDI (FFFF) TDO (FFFF);
SDR 16 TDI (FFFF) TDO (FFFF);
SDR 16 TDI (FFFF) TDO (7FFF);
SDR 16 TDI (FFFF) TDO (FFFF);
SDR 16 TDI (FFFF) TDO (FFFF);
SDR 16 TDI (FFFF) TDO (FFFF);
SDR 16 TDI (FFFF) TDO (BFFF);
SDR 16 TDI (FFFF) TDO (FFFF);
SDR 16 TDI (FFFF) TDO (FFFF);
SDR 16 TDI (FFFF) TDO (FFFF);
SDR 16 TDI (FFFF) TDO (7FFF);
SDR 16 TDI (FFFF) TDO (FFFF);
SDR 16 TDI (FFFF) TDO (FFFF);
SDR 16 TDI (FFFF) TDO (FFFF);
SDR 16 TDI (FFFF) TDO (BFFF);
SDR 16 TDI (FFFF) TDO (FFFF);
SDR 16 TDI (FFFF) TDO (FFFF);
SDR 16 TDI (FFFF) TDO (FFFF);
SDR 16 TDI (FFFF) TDO (7FFF);
SDR 16 TDI (FFFF) TDO (FFFF);
SDR 16 TDI (FFFF) TDO (FFFF);
SDR 16 TDI (FFFF) TDO (FFFF);
SDR 16 TDI (FFFF) TDO (9FFF);
SDR 16 TDI (FFFF) TDO (FFFF);
SDR 16 TDI (FFFF) TDO (FFFF);
SDR 16 TDI (FFFF) TDO (FFFF);
SDR 16 TDI (FFFF) TDO (7FFF);
SDR 16 TDI (FFFF) TDO (FFFF);
SDR 16 TDI (FFFF) TDO (FFFF);
SDR 16 TDI (FFFF) TDO (FFFF);
SDR 16 TDI (FFFF) TDO (BFFF);
SDR 16 TDI (FFFF) TDO (FFFF);
SDR 16 TDI (FFFF) TDO (FFFF);
SDR 16 TDI (FFFF) TDO (FFFF);
SDR 16 TDI (FFFF) TDO (7FFF);
SDR 16 TDI (FFFF) TDO (FFFF);
SDR 16 TDI (FFFF) TDO (FFFF);
SDR 16 TDI (FFFF) TDO (FFFF);
SDR 16 TDI (FFFF) TDO (BFFF);
SDR 16 TDI (FFFF) TDO (FFFF);
SDR 16 TDI (FFFF) TDO (FFFF);
SDR 16 TDI (FFFF) TDO (FFFF);
SDR 16 TDI (FFFF) TDO (7FFF);
SDR 16 TDI (FFFF) TDO (FFFF);
SDR 16 TDI (FFFF) TDO (FFFF);
SDR 16 TDI (FFFF) TDO (FFFF);
SDR 16 TDI (FFFF) TDO (B7FF);
SDR 16 TDI (FFFF) TDO (FFFF);
SDR 16 TDI (FFFF) TDO (FFFF);
SDR 16 TDI (FFFF) TDO (FFFF);
SDR 16 TDI (FFFF) TDO (5FFF);
SDR 16 TDI (FFFF) TDO (FFFF);
SDR 16 TDI (FFFF) TDO (FFFF);
SDR 16 TDI (FFFF) TDO (FFFF);
SDR 16 TDI (FFFF) TDO (BFFF);
SDR 16 TDI (FFFF) TDO (FFFF);
SDR 16 TDI (FFFF) TDO (FFFF);
SDR 16 TDI (FFFF) TDO (FFFF);
SDR 16 TDI (FFFF) TDO (7FFF);
SDR 16 TDI (FFFF) TDO (F7FF);
SDR 16 TDI (FFFF) TDO (FFFB);
SDR 16 TDI (FFFF) TDO (FFFF);
SDR 16 TDI (FFFF) TDO (BFFF);
SDR 16 TDI (FFFF) TDO (FFFF);
SDR 16 TDI (FFFF) TDO (FFFF);
SDR 16 TDI (FFFF) TDO (FFFF);
SDR 16 TDI (FFFF) TDO (7FFF);
SDR 16 TDI (FFFF) TDO (FFFF);
SDR 16 TDI (FFFF) TDO (FFFF);
SDR 16 TDI (FFFF) TDO (FFFF);
SDR 16 TDI (FFFF) TDO (BFFF);
SDR 16 TDI (FFFF) TDO (FFFF);
SDR 16 TDI (FFFF) TDO (FFFF);
SDR 16 TDI (FFFF) TDO (FFFF);
SDR 16 TDI (FFFF) TDO (7FFF);
SDR 16 TDI (FFFF) TDO (FFFF);
SDR 16 TDI (FFFF) TDO (FFFF);
SDR 16 TDI (FFFF) TDO (FFFF);
SDR 16 TDI (FFFF) TDO (855F);
SDR 16 TDI (FFFF) TDO (FFFF);
SDR 16 TDI (FFFF) TDO (FFFF);
SDR 16 TDI (FFFF) TDO (FFFF);
SDR 16 TDI (FFFF) TDO (7FFF);
SDR 16 TDI (FFFF) TDO (FFFF);
SDR 16 TDI (FFFF) TDO (FFFF);
SDR 16 TDI (FFFF) TDO (FFFF);
SDR 16 TDI (FFFF) TDO (BFFF);
SDR 16 TDI (FFFF) TDO (FFFF);
SDR 16 TDI (FFFF) TDO (FFFF);
SDR 16 TDI (FFFF) TDO (FFFF);
SDR 16 TDI (FFFF) TDO (7FFF);
SDR 16 TDI (FFFF) TDO (FFFF);
SDR 16 TDI (FFFF) TDO (FFFF);
SDR 16 TDI (FFFF) TDO (FFFF);
SDR 16 TDI (FFFF) TDO (BFFF);
SDR 16 TDI (FFFF) TDO (FFFF);
SDR 16 TDI (FFFF) TDO (FFFF);
SDR 16 TDI (FFFF) TDO (FFFF);
SDR 16 TDI (FFFF) TDO (7FFF);
SDR 16 TDI (FFFF) TDO (FFFF);
SDR 16 TDI (FFFF) TDO (FFFF);
SDR 16 TDI (FFFF) TDO (FFFF);
SDR 16 TDI (FFFF) TDO (BFFF);
SDR 16 TDI (FFFF) TDO (FFFF);
SDR 16 TDI (FFFF) TDO (FFFF);
SDR 16 TDI (FFFF) TDO (FFFF);
SDR 16 TDI (FFFF) TDO (5FFF);
SDR 16 TDI (FFFF) TDO (FFFF);
SDR 16 TDI (FFFF) TDO (FFFF);
SDR 16 TDI (FFFF) TDO (FBBF);
SDR 16 TDI (FFFF) TDO (AFFF);
SDR 16 TDI (FFFF) TDO (FFFF);
SDR 16 TDI (FFFF) TDO (FFFF);
SDR 16 TDI (FFFF) TDO (FFFF);
SDR 16 TDI (FFFF) TDO (7FFF);
SDR 16 TDI (FFFF) TDO (FFFF);
SDR 16 TDI (FFFF) TDO (FFFF);
SDR 16 TDI (FFFF) TDO (FFFF);
SDR 16 TDI (FFFF) TDO (BFFF);
SDR 16 TDI (FFFF) TDO (FFFF);
SDR 16 TDI (FFFF) TDO (FFFF);
SDR 16 TDI (FFFF) TDO (FFFF);
SDR 16 TDI (FFFF) TDO (7FFF);
SDR 16 TDI (FFFF) TDO (FFFF);
SDR 16 TDI (FFFF) TDO (BFFF);
SDR 16 TDI (FFFF) TDO (FFFF);
SDR 16 TDI (FFFF) TDO (BFFF);
SDR 16 TDI (FFFF) TDO (FFFF);
SDR 16 TDI (FFFF) TDO (FFFF);
SDR 16 TDI (FFFF) TDO (FFFF);
SDR 16 TDI (FFFF) TDO (7FFF);
SDR 16 TDI (FFFF) TDO (FFFF);
SDR 16 TDI (FFFF) TDO (FFFF);
SDR 16 TDI (FFFF) TDO (FFFF);
SDR 16 TDI (FFFF) TDO (BFFF);
SDR 16 TDI (FFFF) TDO (FFFF);
SDR 16 TDI (FFFF) TDO (FFFF);
SDR 16 TDI (FFFF) TDO (FFFF);
SDR 16 TDI (FFFF) TDO (5FFF);
SDR 16 TDI (FFFF) TDO (FFFF);
SDR 16 TDI (FFFF) TDO (FFFF);
SDR 16 TDI (FFFF) TDO (FFFF);
SDR 16 TDI (FFFF) TDO (A55F);
SDR 16 TDI (FFFF) TDO (FFFF);
SDR 16 TDI (FFFF) TDO (FFFF);
SDR 16 TDI (FFFF) TDO (FFFF);
SDR 16 TDI (FFFF) TDO (7FFF);
SDR 16 TDI (FFFF) TDO (FFFF);
SDR 16 TDI (FFFF) TDO (FFFF);
SDR 16 TDI (FFFF) TDO (FFFF);
SDR 16 TDI (FFFF) TDO (BFFF);
SDR 16 TDI (FFFF) TDO (FFFF);
SDR 16 TDI (FFFF) TDO (FFFF);
SDR 16 TDI (FFFF) TDO (FFFF);
SDR 16 TDI (FFFF) TDO (7FFF);
SDR 16 TDI (FFFF) TDO (FFBF);
SDR 16 TDI (FFFF) TDO (FFFF);
SDR 16 TDI (FFFF) TDO (FFFF);
SDR 16 TDI (FFFF) TDO (BFFF);
SDR 16 TDI (FFFF) TDO (FFFF);
SDR 16 TDI (FFFF) TDO (FFFF);
SDR 16 TDI (FFFF) TDO (FFFF);
SDR 16 TDI (FFFF) TDO (7FFF);
SDR 16 TDI (FFFF) TDO (FFFF);
SDR 16 TDI (FFFF) TDO (FFFF);
SDR 16 TDI (FFFF) TDO (FFFF);
SDR 16 TDI (FFFF) TDO (9FFF);
SDR 16 TDI (FFFF) TDO (FFFF);
SDR 16 TDI (FFFF) TDO (FFFF);
SDR 16 TDI (FFFF) TDO (FFFF);
SDR 16 TDI (FFFF) TDO (7FFF);
SDR 16 TDI (FFFF) TDO (FFFF);
SDR 16 TDI (FFFF) TDO (FFFF);
SDR 16 TDI (FFFF) TDO (FBBF);
SDR 16 TDI (FFFF) TDO (AAFF);
SDR 16 TDI (FFFF) TDO (FFFF);
SDR 16 TDI (FFFF) TDO (FFFF);
SDR 16 TDI (FFFF) TDO (FFFF);
SDR 16 TDI (FFFF) TDO (7FFF);
SDR 16 TDI (FFFF) TDO (FFFF);
SDR 16 TDI (FFFF) TDO (FFFF);
SDR 16 TDI (FFFF) TDO (FFFF);
SDR 16 TDI (FFFF) TDO (BFFF);
SDR 16 TDI (FFFF) TDO (FFFF);
SDR 16 TDI (FFFF) TDO (FFFF);
SDR 16 TDI (FFFF) TDO (FFFF);
SDR 16 TDI (FFFF) TDO (7FFF);
SDR 16 TDI (FFFF) TDO (FFFF);
SDR 16 TDI (FFFF) TDO (FDFF);
SDR 16 TDI (FFFF) TDO (FFFF);
SDR 16 TDI (FFFF) TDO (BFFF);
SDR 16 TDI (FFFF) TDO (FFFF);
SDR 16 TDI (FFFF) TDO (FFFF);
SDR 16 TDI (FFFF) TDO (FFFF);
SDR 16 TDI (FFFF) TDO (5FFF);
SDR 16 TDI (FFFF) TDO (FFFF);
SDR 16 TDI (FFFF) TDO (FFFF);
SDR 16 TDI (FFFF) TDO (FFFF);
SDR 16 TDI (FFFF) TDO (BFFF);
SDR 16 TDI (FFFF) TDO (FFFF);
SDR 16 TDI (FFFF) TDO (FFFF);
SDR 16 TDI (FFFF) TDO (FFFF);
SDR 16 TDI (FFFF) TDO (7FFF);
SDR 16 TDI (FFFF) TDO (FFFF);
SDR 16 TDI (FFFF) TDO (FFFF);
SDR 16 TDI (FFFF) TDO (F77F);
SDR 16 TDI (FFFF) TDO (BFFF);
SDR 16 TDI (FFFF) TDO (FFFF);
SDR 16 TDI (FFFF) TDO (FFFF);
SDR 16 TDI (FFFF) TDO (FFFF);
SDR 16 TDI (FFFF) TDO (7FFF);
SDR 16 TDI (FFFF) TDO (FFFF);
SDR 16 TDI (FFFF) TDO (FFFF);
SDR 16 TDI (FFFF) TDO (FFFF);
SDR 16 TDI (FFFF) TDO (BFFF);
SDR 16 TDI (FFFF) TDO (FFFF);
SDR 16 TDI (FFFF) TDO (FFFF);
SDR 16 TDI (FFFF) TDO (FFFF);
SDR 16 TDI (FFFF) TDO (7FFF);
SDR 16 TDI (FFFF) TDO (FFFF);
SDR 16 TDI (FFFF) TDO (FFFF);
SDR 16 TDI (FFFF) TDO (FFFF);
SDR 16 TDI (FFFF) TDO (9FFF);
SDR 16 TDI (FFFF) TDO (FFFF);
SDR 16 TDI (FFFF) TDO (FFFF);
SDR 16 TDI (FFFF) TDO (FFFF);
SDR 16 TDI (FFFF) TDO (7FFF);
SDR 16 TDI (FFFF) TDO (FFFF);
SDR 16 TDI (FFFF) TDO (FFFF);
SDR 16 TDI (FFFF) TDO (FFFF);
SDR 16 TDI (FFFF) TDO (BFFF);
SDR 16 TDI (FFFF) TDO (FFFF);
SDR 16 TDI (FFFF) TDO (FFFF);
SDR 16 TDI (FFFF) TDO (FFFF);
SDR 16 TDI (FFFF) TDO (7FFF);
SDR 16 TDI (FFFF) TDO (FFFF);
SDR 16 TDI (FFFF) TDO (FFFF);
SDR 16 TDI (FFFF) TDO (FFFF);
SDR 16 TDI (FFFF) TDO (BFFF);
SDR 16 TDI (FFFF) TDO (FFFF);
SDR 16 TDI (FFFF) TDO (FFFF);
SDR 16 TDI (FFFF) TDO (FFFF);
SDR 16 TDI (FFFF) TDO (7FFF);
SDR 16 TDI (FFFF) TDO (FFFF);
SDR 16 TDI (FFFF) TDO (FFFF);
SDR 16 TDI (FFFF) TDO (FFFF);
SDR 16 TDI (FFFF) TDO (9FFF);
SDR 16 TDI (FFFF) TDO (FFFF);
SDR 16 TDI (FFFF) TDO (FFFF);
SDR 16 TDI (FFFF) TDO (FFFF);
SDR 16 TDI (FFFF) TDO (7FFF);
SDR 16 TDI (FFFF) TDO (FFFF);
SDR 16 TDI (FFFF) TDO (FFFF);
SDR 16 TDI (FFFF) TDO (FFFF);
SDR 16 TDI (FFFF) TDO (BFFF);
SDR 16 TDI (FFFF) TDO (FFFF);
SDR 16 TDI (FFFF) TDO (FFFF);
SDR 16 TDI (FFFF) TDO (FFFF);
SDR 16 TDI (FFFF) TDO (7FFF);
SDR 16 TDI (FFFF) TDO (FFFF);
SDR 16 TDI (FFFF) TDO (FFFF);
SDR 16 TDI (FFFF) TDO (FFFF);
SDR 16 TDI (FFFF) TDO (BFFF);
SDR 16 TDI (FFFF) TDO (FFFF);
SDR 16 TDI (FFFF) TDO (FFFF);
SDR 16 TDI (FFFF) TDO (FFFF);
SDR 16 TDI (FFFF) TDO (7FFF);
SDR 16 TDI (FFFF) TDO (FFFF);
SDR 16 TDI (FFFF) TDO (FFFF);
SDR 16 TDI (FFFF) TDO (FFFF);
SDR 16 TDI (FFFF) TDO (BFFF);
SDR 16 TDI (FFFF) TDO (FFFF);
SDR 16 TDI (FFFF) TDO (FFFF);
SDR 16 TDI (FFFF) TDO (FFFF);
SDR 16 TDI (FFFF) TDO (7FFF);
SDR 16 TDI (FFFF) TDO (FFFF);
SDR 16 TDI (FFFF) TDO (FFFF);
SDR 16 TDI (FFFF) TDO (FFFF);
SDR 16 TDI (FFFF) TDO (BFFF);
SDR 16 TDI (FFFF) TDO (FFFF);
SDR 16 TDI (FFFF) TDO (FFFF);
SDR 16 TDI (FFFF) TDO (FFFF);
SDR 16 TDI (FFFF) TDO (7FFF);
SDR 16 TDI (FFFF) TDO (FFFF);
SDR 16 TDI (FFFF) TDO (FFFF);
SDR 16 TDI (FFFF) TDO (FFFF);
SDR 16 TDI (FFFF) TDO (BFFF);
SDR 16 TDI (FFFF) TDO (FFFF);
SDR 16 TDI (FFFF) TDO (FFFF);
SDR 16 TDI (FFFF) TDO (FFFF);
SDR 16 TDI (FFFF) TDO (7FFF);
SDR 16 TDI (FFFF) TDO (FFFF);
SDR 16 TDI (FFFF) TDO (FFFF);
SDR 16 TDI (FFFF) TDO (FFFF);
SDR 16 TDI (FFFF) TDO (BFFF);
SDR 16 TDI (FFFF) TDO (FFFF);
SDR 16 TDI (FFFF) TDO (FFFF);
SDR 16 TDI (FFFF) TDO (FFFF);
SDR 16 TDI (FFFF) TDO (7FFF);
SDR 16 TDI (FFFF) TDO (FFFF);
SDR 16 TDI (FFFF) TDO (FFFF);
SDR 16 TDI (FFFF) TDO (FFFF);
SDR 16 TDI (FFFF) TDO (B6FF);
SDR 16 TDI (FFFF) TDO (FFFF);
SDR 16 TDI (FFFF) TDO (FFFF);
SDR 16 TDI (FFFF) TDO (FFFF);
SDR 16 TDI (FFFF) TDO (5FFF);
SDR 16 TDI (FFFF) TDO (FFFF);
SDR 16 TDI (FFFF) TDO (FFFF);
SDR 16 TDI (FFFF) TDO (FFFF);
SDR 16 TDI (FFFF) TDO (BFFF);
SDR 16 TDI (FFFF) TDO (FFFF);
SDR 16 TDI (FFFF) TDO (FFFF);
SDR 16 TDI (FFFF) TDO (FFFF);
SDR 16 TDI (FFFF) TDO (7FFF);
SDR 16 TDI (FFFF) TDO (FFBF);
SDR 16 TDI (FFFF) TDO (FDFF);
SDR 16 TDI (FFFF) TDO (FFFF);
SDR 16 TDI (FFFF) TDO (BFFF);
SDR 16 TDI (FFFF) TDO (FFFF);
SDR 16 TDI (FFFF) TDO (FFFF);
SDR 16 TDI (FFFF) TDO (FFFF);
SDR 16 TDI (FFFF) TDO (7FFF);
SDR 16 TDI (FFFF) TDO (FFFF);
SDR 16 TDI (FFFF) TDO (FFFF);
SDR 16 TDI (FFFF) TDO (FFFF);
SDR 16 TDI (FFFF) TDO (BFFF);
SDR 16 TDI (FFFF) TDO (FFFF);
SDR 16 TDI (FFFF) TDO (FFFF);
SDR 16 TDI (FFFF) TDO (FFFF);
SDR 16 TDI (FFFF) TDO (7FFF);
SDR 16 TDI (FFFF) TDO (FFFF);
SDR 16 TDI (FFFF) TDO (FFFF);
SDR 16 TDI (FFFF) TDO (FD7F);
SDR 16 TDI (FFFF) TDO (BFFF);
SDR 16 TDI (FFFF) TDO (FFFF);
SDR 16 TDI (FFFF) TDO (FFFF);
SDR 16 TDI (FFFF) TDO (FFFF);
SDR 16 TDI (FFFF) TDO (7FFF);
SDR 16 TDI (FFFF) TDO (FFFF);
SDR 16 TDI (FFFF) TDO (FFFF);
SDR 16 TDI (FFFF) TDO (FFFF);
SDR 16 TDI (FFFF) TDO (BFFF);
SDR 16 TDI (FFFF) TDO (FFFF);
SDR 16 TDI (FFFF) TDO (FFFF);
SDR 16 TDI (FFFF) TDO (FFFF);
SDR 16 TDI (FFFF) TDO (7FFF);
SDR 16 TDI (FFFF) TDO (FFFF);
SDR 16 TDI (FFFF) TDO (BFFF);
SDR 16 TDI (FFFF) TDO (FFFF);
SDR 16 TDI (FFFF) TDO (BFFF);
SDR 16 TDI (FFFF) TDO (FFFF);
SDR 16 TDI (FFFF) TDO (FFFF);
SDR 16 TDI (FFFF) TDO (FFFF);
SDR 16 TDI (FFFF) TDO (7FFF);
SDR 16 TDI (FFFF) TDO (FFFF);
SDR 16 TDI (FFFF) TDO (FFFF);
SDR 16 TDI (FFFF) TDO (FFFF);
SDR 16 TDI (FFFF) TDO (BFFF);
SDR 16 TDI (FFFF) TDO (FFFF);
SDR 16 TDI (FFFF) TDO (FFFF);
SDR 16 TDI (FFFF) TDO (FFFF);
SDR 16 TDI (FFFF) TDO (7FFF);
SDR 16 TDI (FFFF) TDO (FFFF);
SDR 16 TDI (FFFF) TDO (FFFF);
SDR 16 TDI (FFFF) TDO (FFFF);
SDR 16 TDI (FFFF) TDO (AD5F);
SDR 16 TDI (FFFF) TDO (FFFF);
SDR 16 TDI (FFFF) TDO (FEFF);
SDR 16 TDI (FFFF) TDO (FFFF);
SDR 16 TDI (FFFF) TDO (7FFF);
SDR 16 TDI (FFFF) TDO (FF7F);
SDR 16 TDI (FFFF) TDO (FFFF);
SDR 16 TDI (FFFF) TDO (FFFF);
SDR 16 TDI (FFFF) TDO (BFBF);
SDR 16 TDI (FFFF) TDO (FFFF);
SDR 16 TDI (FFFF) TDO (FFFF);
SDR 16 TDI (FFFF) TDO (FEFF);
SDR 16 TDI (FFFF) TDO (7FFF);
SDR 16 TDI (FFFF) TDO (FE1E);
SDR 16 TDI (FFFF) TDO (1F7F);
SDR 16 TDI (FFFF) TDO (FFFF);
SDR 16 TDI (FFFF) TDO (BFFF);
SDR 16 TDI (FFFF) TDO (FFDF);
SDR 16 TDI (FFFF) TDO (FFFF);
SDR 16 TDI (FFFF) TDO (FFFF);
SDR 16 TDI (FFFF) TDO (7FEF);
SDR 16 TDI (FFFF) TDO (FFFF);
SDR 16 TDI (FFFF) TDO (FFFF);
SDR 16 TDI (FFFF) TDO (FFBF);
SDR 16 TDI (FFFF) TDO (9FFF);
SDR 16 TDI (FFFF) TDO (FFFF);
SDR 16 TDI (FFFF) TDO (FFDF);
SDR 16 TDI (FFFF) TDO (FFFF);
SDR 16 TDI (FFFF) TDO (7FFF);
SDR 16 TDI (FFFF) TDO (FFEF);
SDR 16 TDI (FFFF) TDO (FFFF);
SDR 16 TDI (FFFF) TDO (EA9F);
SDR 16 TDI (FFFF) TDO (AFFF);
SDR 16 TDI (FFFF) TDO (FFFF);
SDR 16 TDI (FFFF) TDO (FDFF);
SDR 16 TDI (FFFF) TDO (FFFF);
SDR 16 TDI (FFFF) TDO (7FFF);
SDR 16 TDI (FFFF) TDO (FEFF);
SDR 16 TDI (FFFF) TDO (FFFF);
SDR 16 TDI (FFFF) TDO (FFFF);
SDR 16 TDI (FFFF) TDO (BF7F);
SDR 16 TDI (FFFF) TDO (FFFF);
SDR 16 TDI (FFFF) TDO (FFFF);
SDR 16 TDI (FFFF) TDO (FDFF);
SDR 16 TDI (FFFF) TDO (7FFF);
SDR 16 TDI (FFFF) TDO (FE1E);
SDR 16 TDI (FFFF) TDO (1BFF);
SDR 16 TDI (FFFF) TDO (FFFF);
SDR 16 TDI (FFFF) TDO (BFFF);
SDR 16 TDI (FFFF) TDO (FFBF);
SDR 16 TDI (FFFF) TDO (FFFF);
SDR 16 TDI (FFFF) TDO (FFFF);
SDR 16 TDI (FFFF) TDO (5FDF);
SDR 16 TDI (FFFF) TDO (FFFF);
SDR 16 TDI (FFFF) TDO (FFFF);
SDR 16 TDI (FFFF) TDO (FF7F);
SDR 16 TDI (FFFF) TDO (BFFF);
SDR 16 TDI (FFFF) TDO (FFFF);
SDR 16 TDI (FFFF) TDO (FFBF);
SDR 16 TDI (FFFF) TDO (FFFF);
SDR 16 TDI (FFFF) TDO (7FFF);
SDR 16 TDI (FFFF) TDO (FFDF);
SDR 16 TDI (FFFF) TDO (FFFF);
SDR 16 TDI (FFFF) TDO (FFDF);
SDR 16 TDI (FFFF) TDO (B55F);
SDR 16 TDI (FFFF) TDO (FFFF);
SDR 16 TDI (FFFF) TDO (FFFF);
SDR 16 TDI (FFFF) TDO (FFFF);
SDR 16 TDI (FFFF) TDO (7FFF);
SDR 16 TDI (FFFF) TDO (FFFF);
SDR 16 TDI (FFFF) TDO (FFFF);
SDR 16 TDI (FFFF) TDO (FFFF);
SDR 16 TDI (FFFF) TDO (BFFF);
SDR 16 TDI (FFFF) TDO (FFFF);
SDR 16 TDI (FFFF) TDO (FFFF);
SDR 16 TDI (FFFF) TDO (FFFF);
SDR 16 TDI (FFFF) TDO (7FFF);
SDR 16 TDI (FFFF) TDO (FE1E);
SDR 16 TDI (FFFF) TDO (1FFF);
SDR 16 TDI (FFFF) TDO (FFFF);
SDR 16 TDI (FFFF) TDO (BFFF);
SDR 16 TDI (FFFF) TDO (FFFF);
SDR 16 TDI (FFFF) TDO (FFFF);
SDR 16 TDI (FFFF) TDO (FFFF);
SDR 16 TDI (FFFF) TDO (7FFF);
SDR 16 TDI (FFFF) TDO (FFFF);
SDR 16 TDI (FFFF) TDO (FFFF);
SDR 16 TDI (FFFF) TDO (FFFF);
SDR 16 TDI (FFFF) TDO (BFFF);
SDR 16 TDI (FFFF) TDO (FFFF);
SDR 16 TDI (FFFF) TDO (FFFF);
SDR 16 TDI (FFFF) TDO (FFFF);
SDR 16 TDI (FFFF) TDO (7FFF);
SDR 16 TDI (FFFF) TDO (FFFF);
SDR 16 TDI (FFFF) TDO (FFFF);
SDR 16 TDI (FFFF) TDO (EABF);
SDR 16 TDI (FFFF) TDO (BFFF);
SDR 16 TDI (FFFF) TDO (FFFF);
SDR 16 TDI (FFFF) TDO (FFFF);
SDR 16 TDI (FFFF) TDO (FFFF);
SDR 16 TDI (FFFF) TDO (7FFF);
SDR 16 TDI (FFFF) TDO (FFFF);
SDR 16 TDI (FFFF) TDO (FFFF);
SDR 16 TDI (FFFF) TDO (FFFF);
SDR 16 TDI (FFFF) TDO (BFFF);
SDR 16 TDI (FFFF) TDO (FFFF);
SDR 16 TDI (FFFF) TDO (FFFF);
SDR 16 TDI (FFFF) TDO (FFFF);
SDR 16 TDI (FFFF) TDO (7FFF);
SDR 16 TDI (FFFF) TDO (FE1E);
SDR 16 TDI (FFFF) TDO (1FFF);
SDR 16 TDI (FFFF) TDO (FFFF);
SDR 16 TDI (FFFF) TDO (BFFF);
SDR 16 TDI (FFFF) TDO (FFFF);
SDR 16 TDI (FFFF) TDO (FFFF);
SDR 16 TDI (FFFF) TDO (FFFF);
SDR 16 TDI (FFFF) TDO (7FFF);
SDR 16 TDI (FFFF) TDO (FFFF);
SDR 16 TDI (FFFF) TDO (FFFF);
SDR 16 TDI (FFFF) TDO (FFFF);
SDR 16 TDI (FFFF) TDO (BFFF);
SDR 16 TDI (FFFF) TDO (FFFF);
SDR 16 TDI (FFFF) TDO (FFFF);
SDR 16 TDI (FFFF) TDO (FFFF);
SDR 16 TDI (FFFF) TDO (7FFF);
SDR 16 TDI (FFFF) TDO (FFFF);
SDR 16 TDI (FFFF) TDO (FFFF);
SDR 16 TDI (FFFF) TDO (FFFF);
SDR 16 TDI (FFFF) TDO (BFFF);
SDR 16 TDI (FFFF) TDO (3333);
SDR 16 TDI (FFFF) TDO (1F33);
SDR 16 TDI (FFFF) TDO (333C);
SDR 16 TDI (FFFF) TDO (7999);
SDR 16 TDI (FFFF) TDO (8F99);
SDR 16 TDI (FFFF) TDO (999E);
SDR 16 TDI (FFFF) TDO (6666);
SDR 16 TDI (FFFF) TDO (A7CC);
SDR 16 TDI (FFFF) TDO (CCCF);
SDR 16 TDI (FFFF) TDO (3333);
SDR 16 TDI (FFFF) TDO (1F33);
SDR 16 TDI (FFFF) TDO (6667);
SDR 16 TDI (FFFF) TDO (99D9);
SDR 16 TDI (FFFF) TDO (CF99);
SDR 16 TDI (FFFF) TDO (999F);
SDR 16 TDI (FFFF) TDO (A666);
SDR 16 TDI (FFFF) TDO (63E6);
SDR 16 TDI (FFFF) TDO (6667);
SDR 16 TDI (FFFF) TDO (9999);
SDR 16 TDI (FFFF) TDO (71F3);
SDR 16 TDI (FFFF) TDO (3333);
SDR 16 TDI (FFFF) TDO (CCCC);
SDR 16 TDI (FFFF) TDO (C7CC);
SDR 16 TDI (FFFF) TDO (B999);
SDR 16 TDI (FFFF) TDO (E666);
SDR 16 TDI (FFFF) TDO (63E6);
SDR 16 TDI (FFFF) TDO (6667);
SDR 16 TDI (FFFF) TDO (7333);
SDR 16 TDI (FFFF) TDO (31F3);
SDR 16 TDI (FFFF) TDO (3333);
SDR 16 TDI (FFFF) TDO (F7FF);
SDR 16 TDI (FFFF) TDO (BFFF);
SDR 16 TDI (FFFF) TDO (7777);
SDR 16 TDI (FFFF) TDO (4ABB);
SDR 16 TDI (FFFF) TDO (BBBD);
SDR 16 TDI (FFFF) TDO (7BBB);
SDR 16 TDI (FFFF) TDO (A55D);
SDR 16 TDI (FFFF) TDO (DDDE);
SDR 16 TDI (FFFF) TDO (EEEE);
SDR 16 TDI (FFFF) TDO (B2AE);
SDR 16 TDI (FFFF) TDO (EEEF);
SDR 16 TDI (FFFF) TDO (7777);
SDR 16 TDI (FFFF) TDO (4ABB);
SDR 16 TDI (FFFF) TDO (7777);
SDR 16 TDI (FFFF) TDO (BB9B);
SDR 16 TDI (FFFF) TDO (955D);
SDR 16 TDI (FFFF) TDO (DDDF);
SDR 16 TDI (FFFF) TDO (AEEE);
SDR 16 TDI (FFFF) TDO (E957);
SDR 16 TDI (FFFF) TDO (7777);
SDR 16 TDI (FFFF) TDO (BBBB);
SDR 16 TDI (FFFF) TDO (74AB);
SDR 16 TDI (FFFF) TDO (BBBB);
SDR 16 TDI (FFFF) TDO (DDDD);
SDR 16 TDI (FFFF) TDO (D2AE);
SDR 16 TDI (FFFF) TDO (BDDD);
SDR 16 TDI (FFFF) TDO (EEEE);
SDR 16 TDI (FFFF) TDO (E957);
SDR 16 TDI (FFFF) TDO (7777);
SDR 16 TDI (FFFF) TDO (5777);
SDR 16 TDI (FFFF) TDO (74AB);
SDR 16 TDI (FFFF) TDO (BBBB);
SDR 16 TDI (FFFF) TDO (FFFF);
SDR 16 TDI (FFFF) TDO (BFFF);
SDR 16 TDI (FFFF) TDO (FFFF);
SDR 16 TDI (FFFF) TDO (FEFF);
SDR 16 TDI (FFFF) TDO (FFFF);
SDR 16 TDI (FFFF) TDO (7FFF);
SDR 16 TDI (FFFF) TDO (FF7F);
SDR 16 TDI (FFFF) TDO (FFFF);
SDR 16 TDI (FFFF) TDO (FFFF);
SDR 16 TDI (FFFF) TDO (BFBF);
SDR 16 TDI (FFFF) TDO (FFFF);
SDR 16 TDI (FFFF) TDO (FFFF);
SDR 16 TDI (FFFF) TDO (FEFF);
SDR 16 TDI (FFFF) TDO (7FFF);
SDR 16 TDI (FFFF) TDO (FEFE);
SDR 16 TDI (FFFF) TDO (FF7F);
SDR 16 TDI (FFFF) TDO (FFFF);
SDR 16 TDI (FFFF) TDO (BFFF);
SDR 16 TDI (FFFF) TDO (FFDF);
SDR 16 TDI (FFFF) TDO (FFFF);
SDR 16 TDI (FFFF) TDO (FFFF);
SDR 16 TDI (FFFF) TDO (7FEF);
SDR 16 TDI (FFFF) TDO (FFFF);
SDR 16 TDI (FFFF) TDO (FFFF);
SDR 16 TDI (FFFF) TDO (FFBF);
SDR 16 TDI (FFFF) TDO (BFFF);
SDR 16 TDI (FFFF) TDO (FFFF);
SDR 16 TDI (FFFF) TDO (FFDF);
SDR 16 TDI (FFFF) TDO (FFFF);
SDR 16 TDI (FFFF) TDO (7FFF);
SDR 16 TDI (FFFF) TDO (FFEF);
SDR 16 TDI (FFFF) TDO (FFFF);
SDR 16 TDI (FFFF) TDO (FFFF);
SDR 16 TDI (FFFF) TDO (BFFF);
SDR 16 TDI (FFFF) TDO (FFFF);
SDR 16 TDI (FFFF) TDO (FFFF);
SDR 16 TDI (FFFF) TDO (FFFF);
SDR 16 TDI (FFFF) TDO (7FFF);
SDR 16 TDI (FFFF) TDO (FFFF);
SDR 16 TDI (FFFF) TDO (FFFF);
SDR 16 TDI (FFFF) TDO (FFFF);
SDR 16 TDI (FFFF) TDO (BFFF);
SDR 16 TDI (FFFF) TDO (FFFF);
SDR 16 TDI (FFFF) TDO (FFFF);
SDR 16 TDI (FFFF) TDO (FFFF);
SDR 16 TDI (FFFF) TDO (7FFF);
SDR 16 TDI (FFFF) TDO (FFEF);
SDR 16 TDI (FFFF) TDO (FFFF);
SDR 16 TDI (FFFF) TDO (FFFF);
SDR 16 TDI (FFFF) TDO (BFDF);
SDR 16 TDI (FFFF) TDO (FFFF);
SDR 16 TDI (FFFF) TDO (FFFF);
SDR 16 TDI (FFFF) TDO (FFFF);
SDR 16 TDI (FFFF) TDO (7FFF);
SDR 16 TDI (FFFF) TDO (FFFF);
SDR 16 TDI (FFFF) TDO (FFFF);
SDR 16 TDI (FFFF) TDO (FFFF);
SDR 16 TDI (FFFF) TDO (BFFF);
SDR 16 TDI (FFFF) TDO (FFFF);
SDR 16 TDI (FFFF) TDO (FFFF);
SDR 16 TDI (FFFF) TDO (FFFF);
SDR 16 TDI (FFFF) TDO (7FFF);
SDR 16 TDI (FFFF) TDO (FFFF);
SDR 16 TDI (FFFF) TDO (FFFF);
SDR 16 TDI (FFFF) TDO (FFFF);
SDR 16 TDI (FFFF) TDO (BFFF);
SDR 16 TDI (FFFF) TDO (FFFF);
SDR 16 TDI (FFFF) TDO (FFFF);
SDR 16 TDI (FFFF) TDO (FFFF);
SDR 16 TDI (FFFF) TDO (7FFE);
SDR 16 TDI (FFFF) TDO (FFFF);
SDR 16 TDI (FFFF) TDO (FFFF);
SDR 16 TDI (FFFF) TDO (FFFF);
SDR 16 TDI (FFFF) TDO (BFFF);
SDR 16 TDI (FFFF) TDO (FFFF);
SDR 16 TDI (FFFF) TDO (FFFF);
SDR 16 TDI (FFFF) TDO (FFFF);
SDR 16 TDI (FFFF) TDO (7FFF);
SDR 16 TDI (FFFF) TDO (FFFF);
SDR 16 TDI (FFFF) TDO (FFF7);
SDR 16 TDI (FFFF) TDO (FFDF);
SDR 16 TDI (FFFF) TDO (9FFF);
SDR 16 TDI (FFFF) TDO (FFFF);
SDR 16 TDI (FFFF) TDO (FFFF);
SDR 16 TDI (FFFF) TDO (FFFF);
SDR 16 TDI (FFFF) TDO (7FFF);
SDR 16 TDI (FFFF) TDO (FFFF);
SDR 16 TDI (FFFF) TDO (F7FF);
SDR 16 TDI (FFFF) TDO (FFFF);
SDR 16 TDI (FFFF) TDO (BFFF);
SDR 16 TDI (FFFF) TDO (FFFF);
SDR 16 TDI (FFFF) TDO (FFFF);
SDR 16 TDI (FFFF) TDO (FFFF);
SDR 16 TDI (FFFF) TDO (7FFF);
SDR 16 TDI (FFFF) TDO (FFFF);
SDR 16 TDI (FFFF) TDO (FFFF);
SDR 16 TDI (FFFF) TDO (FEFF);
SDR 16 TDI (FFFF) TDO (AFFF);
SDR 16 TDI (FFFF) TDO (FFFF);
SDR 16 TDI (FFFF) TDO (FFFF);
SDR 16 TDI (FFFF) TDO (FFFF);
SDR 16 TDI (FFFF) TDO (7FFF);
SDR 16 TDI (FFFF) TDO (FFFF);
SDR 16 TDI (FFFF) TDO (FFFF);
SDR 16 TDI (FFFF) TDO (FFFF);
SDR 16 TDI (FFFF) TDO (BFFF);
SDR 16 TDI (FFFF) TDO (FFFF);
SDR 16 TDI (FFFF) TDO (FFFF);
SDR 16 TDI (FFFF) TDO (FFFF);
SDR 16 TDI (FFFF) TDO (7FFF);
SDR 16 TDI (FFFF) TDO (FFFF);
SDR 16 TDI (FFFF) TDO (FFF7);
SDR 16 TDI (FFFF) TDO (FFFF);
SDR 16 TDI (FFFF) TDO (BFFF);
SDR 16 TDI (FFFF) TDO (FFFF);
SDR 16 TDI (FFFF) TDO (FFFF);
SDR 16 TDI (FFFF) TDO (FFFF);
SDR 16 TDI (FFFF) TDO (7FFF);
SDR 16 TDI (FFFF) TDO (FFFF);
SDR 16 TDI (FFFF) TDO (FFFF);
SDR 16 TDI (FFFF) TDO (FFFF);
SDR 16 TDI (FFFF) TDO (BFFF);
SDR 16 TDI (FFFF) TDO (FFFF);
SDR 16 TDI (FFFF) TDO (FFFF);
SDR 16 TDI (FFFF) TDO (FFFF);
SDR 16 TDI (FFFF) TDO (7FFF);
SDR 16 TDI (FFFF) TDO (FFFF);
SDR 16 TDI (FFFF) TDO (FFFF);
SDR 16 TDI (FFFF) TDO (FFDF);
SDR 16 TDI (FFFF) TDO (AFFF);
SDR 16 TDI (FFFF) TDO (FFFF);
SDR 16 TDI (FFFF) TDO (FFFF);
SDR 16 TDI (FFFF) TDO (FFFF);
SDR 16 TDI (FFFF) TDO (7FFE);
SDR 16 TDI (FFFF) TDO (FFFF);
SDR 16 TDI (FFFF) TDO (FFFF);
SDR 16 TDI (FFFF) TDO (FFFF);
SDR 16 TDI (FFFF) TDO (9FFF);
SDR 16 TDI (FFFF) TDO (FFFF);
SDR 16 TDI (FFFF) TDO (FFFF);
SDR 16 TDI (FFFF) TDO (FFFF);
SDR 16 TDI (FFFF) TDO (7FFF);
SDR 16 TDI (FFFF) TDO (FFEF);
SDR 16 TDI (FFFF) TDO (FFFF);
SDR 16 TDI (FFFF) TDO (FFDF);
SDR 16 TDI (FFFF) TDO (BFDF);
SDR 16 TDI (FFFF) TDO (FFFF);
SDR 16 TDI (FFFF) TDO (FFFF);
SDR 16 TDI (FFFF) TDO (FFFF);
SDR 16 TDI (FFFF) TDO (7FFF);
SDR 16 TDI (FFFF) TDO (FFFF);
SDR 16 TDI (FFFF) TDO (FBFF);
SDR 16 TDI (FFFF) TDO (FFFF);
SDR 16 TDI (FFFF) TDO (BFFF);
SDR 16 TDI (FFFF) TDO (FFFF);
SDR 16 TDI (FFFF) TDO (FFFF);
SDR 16 TDI (FFFF) TDO (FFFF);
SDR 16 TDI (FFFF) TDO (7FFF);
SDR 16 TDI (FFFF) TDO (FFFF);
SDR 16 TDI (FFFF) TDO (FFFF);
SDR 16 TDI (FFFF) TDO (FFDF);
SDR 16 TDI (FFFF) TDO (BFFF);
SDR 16 TDI (FFFF) TDO (FFFF);
SDR 16 TDI (FFFF) TDO (FFFF);
SDR 16 TDI (FFFF) TDO (FFFF);
SDR 16 TDI (FFFF) TDO (5FFF);
SDR 16 TDI (FFFF) TDO (FFFF);
SDR 16 TDI (FFFF) TDO (FFFF);
SDR 16 TDI (FFFF) TDO (FFFF);
SDR 16 TDI (FFFF) TDO (BFFF);
SDR 16 TDI (FFFF) TDO (FFFF);
SDR 16 TDI (FFFF) TDO (FFFF);
SDR 16 TDI (FFFF) TDO (FFFF);
SDR 16 TDI (FFFF) TDO (7FFF);
SDR 16 TDI (FFFF) TDO (FFFF);
SDR 16 TDI (FFFF) TDO (FFFF);
SDR 16 TDI (FFFF) TDO (FFFF);
SDR 16 TDI (FFFF) TDO (BFFF);
SDR 16 TDI (FFFF) TDO (FFFF);
SDR 16 TDI (FFFF) TDO (FFFF);
SDR 16 TDI (FFFF) TDO (FFFF);
SDR 16 TDI (FFFF) TDO (7FFF);
SDR 16 TDI (FFFF) TDO (FFFF);
SDR 16 TDI (FFFF) TDO (FFFF);
SDR 16 TDI (FFFF) TDO (FFFF);
SDR 16 TDI (FFFF) TDO (BFFF);
SDR 16 TDI (FFFF) TDO (FFFF);
SDR 16 TDI (FFFF) TDO (FFFF);
SDR 16 TDI (FFFF) TDO (FFFF);
SDR 16 TDI (FFFF) TDO (7FFF);
SDR 16 TDI (FFFF) TDO (FFFF);
SDR 16 TDI (FFFF) TDO (FFFF);
SDR 16 TDI (FFFF) TDO (FFFF);
SDR 16 TDI (FFFF) TDO (9FFF);
SDR 16 TDI (FFFF) TDO (FFFF);
SDR 16 TDI (FFFF) TDO (FFFF);
SDR 16 TDI (FFFF) TDO (FFFF);
SDR 16 TDI (FFFF) TDO (7FFF);
SDR 16 TDI (FFFF) TDO (FFFF);
SDR 16 TDI (FFFF) TDO (FFFF);
SDR 16 TDI (FFFF) TDO (FFFF);
SDR 16 TDI (FFFF) TDO (BFFF);
SDR 16 TDI (FFFF) TDO (FFBF);
SDR 16 TDI (FFFF) TDO (FFFF);
SDR 16 TDI (FFFF) TDO (FFFF);
SDR 16 TDI (FFFF) TDO (7FFF);
SDR 16 TDI (FFFF) TDO (FFFF);
SDR 16 TDI (FFFF) TDO (FFFF);
SDR 16 TDI (FFFF) TDO (FFFB);
SDR 16 TDI (FFFF) TDO (BFFF);
SDR 16 TDI (FFFF) TDO (FFFF);
SDR 16 TDI (FFFF) TDO (FFFF);
SDR 16 TDI (FFFF) TDO (FFFF);
SDR 16 TDI (FFFF) TDO (7FFF);
SDR 16 TDI (FFFF) TDO (FFFF);
SDR 16 TDI (FFFF) TDO (FFFF);
SDR 16 TDI (FFFF) TDO (FFFF);
SDR 16 TDI (FFFF) TDO (BFFF);
SDR 16 TDI (FFFF) TDO (FFFF);
SDR 16 TDI (FFFF) TDO (FFFF);
SDR 16 TDI (FFFF) TDO (FFFF);
SDR 16 TDI (FFFF) TDO (7FFF);
SDR 16 TDI (FFFF) TDO (FFFF);
SDR 16 TDI (FFFF) TDO (FFFF);
SDR 16 TDI (FFFF) TDO (FFFF);
SDR 16 TDI (FFFF) TDO (BFFF);
SDR 16 TDI (FFFF) TDO (FFFF);
SDR 16 TDI (FFFF) TDO (FFFF);
SDR 16 TDI (FFFF) TDO (FFFF);
SDR 16 TDI (FFFF) TDO (7FFF);
SDR 16 TDI (FFFF) TDO (FFFF);
SDR 16 TDI (FFFF) TDO (FFFF);
SDR 16 TDI (FFFF) TDO (FFFF);
SDR 16 TDI (FFFF) TDO (BFFF);
SDR 16 TDI (FFFF) TDO (FFBF);
SDR 16 TDI (FFFF) TDO (FFFF);
SDR 16 TDI (FFFF) TDO (FFFF);
SDR 16 TDI (FFFF) TDO (7FFF);
SDR 16 TDI (FFFF) TDO (FFFF);
SDR 16 TDI (FFFF) TDO (FFFF);
SDR 16 TDI (FFFF) TDO (FFFB);
SDR 16 TDI (FFFF) TDO (BFFF);
SDR 16 TDI (FFFF) TDO (FFFF);
SDR 16 TDI (FFFF) TDO (FFFF);
SDR 16 TDI (FFFF) TDO (FFFF);
SDR 16 TDI (FFFF) TDO (7FFF);
SDR 16 TDI (FFFF) TDO (FFFF);
SDR 16 TDI (FFFF) TDO (FFFF);
SDR 16 TDI (FFFF) TDO (FFFF);
SDR 16 TDI (FFFF) TDO (BFFF);
SDR 16 TDI (FFFF) TDO (FFFF);
SDR 16 TDI (FFFF) TDO (FFFF);
SDR 16 TDI (FFFF) TDO (FFFF);
SDR 16 TDI (FFFF) TDO (7FFF);
SDR 16 TDI (FFFF) TDO (FFFF);
SDR 16 TDI (FFFF) TDO (FFFF);
SDR 16 TDI (FFFF) TDO (FFFF);
SDR 16 TDI (FFFF) TDO (BFFF);
SDR 16 TDI (FFFF) TDO (FFFF);
SDR 16 TDI (FFFF) TDO (FFFF);
SDR 16 TDI (FFFF) TDO (FFFF);
SDR 16 TDI (FFFF) TDO (7FFF);
SDR 16 TDI (FFFF) TDO (FFFF);
SDR 16 TDI (FFFF) TDO (FFFF);
SDR 16 TDI (FFFF) TDO (FFFF);
SDR 16 TDI (FFFF) TDO (BFFF);
SDR 16 TDI (FFFF) TDO (FFFF);
SDR 16 TDI (FFFF) TDO (FFFF);
SDR 16 TDI (FFFF) TDO (FFFF);
SDR 16 TDI (FFFF) TDO (7FFF);
SDR 16 TDI (FFFF) TDO (FFFF);
SDR 16 TDI (FFFF) TDO (FFFF);
SDR 16 TDI (FFFF) TDO (FFFF);
SDR 16 TDI (FFFF) TDO (BFFF);
SDR 16 TDI (FFFF) TDO (FFFF);
SDR 16 TDI (FFFF) TDO (FFFF);
SDR 16 TDI (FFFF) TDO (FFFF);
SDR 16 TDI (FFFF) TDO (7FFF);
SDR 16 TDI (FFFF) TDO (FFFF);
SDR 16 TDI (FFFF) TDO (FFFF);
SDR 16 TDI (FFFF) TDO (FFFF);
SDR 16 TDI (FFFF) TDO (BFFF);
SDR 16 TDI (FFFF) TDO (FFFF);
SDR 16 TDI (FFFF) TDO (FFFF);
SDR 16 TDI (FFFF) TDO (FFFF);
SDR 16 TDI (FFFF) TDO (7FFF);
SDR 16 TDI (FFFF) TDO (FFFF);
SDR 16 TDI (FFFF) TDO (FFFF);
SDR 16 TDI (FFFF) TDO (FFFF);
SDR 16 TDI (FFFF) TDO (BFFF);
SDR 16 TDI (FFFF) TDO (FFFF);
SDR 16 TDI (FFFF) TDO (FFFF);
SDR 16 TDI (FFFF) TDO (FFFF);
SDR 16 TDI (FFFF) TDO (7FFF);
SDR 16 TDI (FFFF) TDO (FFFF);
SDR 16 TDI (FFFF) TDO (FFFF);
SDR 16 TDI (FFFF) TDO (FFFF);
SDR 16 TDI (FFFF) TDO (BFFF);
SDR 16 TDI (FFFF) TDO (FFFF);
SDR 16 TDI (FFFF) TDO (FFFF);
SDR 16 TDI (FFFF) TDO (FFFF);
SDR 16 TDI (FFFF) TDO (7FFF);
SDR 16 TDI (FFFF) TDO (FFFF);
SDR 16 TDI (FFFF) TDO (FFFF);
SDR 16 TDI (FFFF) TDO (FFFB);
SDR 16 TDI (FFFF) TDO (9FFF);
SDR 16 TDI (FFFF) TDO (FFFF);
SDR 16 TDI (FFFF) TDO (FFFF);
SDR 16 TDI (FFFF) TDO (FFFF);
SDR 16 TDI (FFFF) TDO (7FFF);
SDR 16 TDI (FFFF) TDO (FFFF);
SDR 16 TDI (FFFF) TDO (FFFF);
SDR 16 TDI (FFFF) TDO (FFFF);
SDR 16 TDI (FFFF) TDO (BFFF);
SDR 16 TDI (FFFF) TDO (FFFF);
SDR 16 TDI (FFFF) TDO (FFFF);
SDR 16 TDI (FFFF) TDO (FFFF);
SDR 16 TDI (FFFF) TDO (7FFF);
SDR 16 TDI (FFFF) TDO (FFFF);
SDR 16 TDI (FFFF) TDO (FFFF);
SDR 16 TDI (FFFF) TDO (FFFF);
SDR 16 TDI (FFFF) TDO (BFFF);
SDR 16 TDI (FFFF) TDO (FFFF);
SDR 16 TDI (FFFF) TDO (FFFF);
SDR 16 TDI (FFFF) TDO (FFFF);
SDR 16 TDI (FFFF) TDO (7FFF);
SDR 16 TDI (FFFF) TDO (FFFF);
SDR 16 TDI (FFFF) TDO (FFFF);
SDR 16 TDI (FFFF) TDO (FFFF);
SDR 16 TDI (FFFF) TDO (BFFF);
SDR 16 TDI (FFFF) TDO (FFFF);
SDR 16 TDI (FFFF) TDO (FFFF);
SDR 16 TDI (FFFF) TDO (FFFF);
SDR 16 TDI (FFFF) TDO (7FFF);
SDR 16 TDI (FFFF) TDO (FFFF);
SDR 16 TDI (FFFF) TDO (FFFF);
SDR 16 TDI (FFFF) TDO (FFFB);
SDR 16 TDI (FFFF) TDO (BFFF);
SDR 16 TDI (FFFF) TDO (FFFF);
SDR 16 TDI (FFFF) TDO (FFFF);
SDR 16 TDI (FFFF) TDO (FFFF);
SDR 16 TDI (FFFF) TDO (7FFF);
SDR 16 TDI (FFFF) TDO (FFFF);
SDR 16 TDI (FFFF) TDO (FFFF);
SDR 16 TDI (FFFF) TDO (FFFF);
SDR 16 TDI (FFFF) TDO (BFFF);
SDR 16 TDI (FFFF) TDO (FFFF);
SDR 16 TDI (FFFF) TDO (FFFF);
SDR 16 TDI (FFFF) TDO (FFFF);
SDR 16 TDI (FFFF) TDO (7FFF);
SDR 16 TDI (FFFF) TDO (FFFF);
SDR 16 TDI (FFFF) TDO (FFFF);
SDR 16 TDI (FFFF) TDO (FFFF);
SDR 16 TDI (FFFF) TDO (BFFF);
SDR 16 TDI (FFFF) TDO (FFFF);
SDR 16 TDI (FFFF) TDO (FFFF);
SDR 16 TDI (FFFF) TDO (FFFF);
SDR 16 TDI (FFFF) TDO (7FFF);
SDR 16 TDI (FFFF) TDO (FFFF);
SDR 16 TDI (FFFF) TDO (FFFF);
SDR 16 TDI (FFFF) TDO (FFFF);
SDR 16 TDI (FFFF) TDO (BFFF);
SDR 16 TDI (FFFF) TDO (FFFF);
SDR 16 TDI (FFFF) TDO (FFFF);
SDR 16 TDI (FFFF) TDO (FFFF);
SDR 16 TDI (FFFF) TDO (7FFF);
SDR 16 TDI (FFFF) TDO (FFFF);
SDR 16 TDI (FFFF) TDO (FFFF);
SDR 16 TDI (FFFF) TDO (FFFF);
SDR 16 TDI (FFFF) TDO (BFFF);
SDR 16 TDI (FFFF) TDO (FFFF);
SDR 16 TDI (FFFF) TDO (FFFF);
SDR 16 TDI (FFFF) TDO (FFFF);
SDR 16 TDI (FFFF) TDO (7FFF);
SDR 16 TDI (FFFF) TDO (FFFF);
SDR 16 TDI (FFFF) TDO (FFFF);
SDR 16 TDI (FFFF) TDO (FFFF);
SDR 16 TDI (FFFF) TDO (9FFF);
SDR 16 TDI (FFFF) TDO (FFFF);
SDR 16 TDI (FFFF) TDO (FFFF);
SDR 16 TDI (FFFF) TDO (FFFF);
SDR 16 TDI (FFFF) TDO (7FFF);
SDR 16 TDI (FFFF) TDO (FFFF);
SDR 16 TDI (FFFF) TDO (FFFF);
SDR 16 TDI (FFFF) TDO (FFFF);
SDR 16 TDI (FFFF) TDO (BFFF);
SDR 16 TDI (FFFF) TDO (FFFF);
SDR 16 TDI (FFFF) TDO (FFFF);
SDR 16 TDI (FFFF) TDO (FFFF);
SDR 16 TDI (FFFF) TDO (7FFF);
SDR 16 TDI (FFFF) TDO (FFFF);
SDR 16 TDI (FFFF) TDO (FFFF);
SDR 16 TDI (FFFF) TDO (FFFF);
SDR 16 TDI (FFFF) TDO (BFFF);
SDR 16 TDI (FFFF) TDO (FFFF);
SDR 16 TDI (FFFF) TDO (FFFF);
SDR 16 TDI (FFFF) TDO (FFFF);
SDR 16 TDI (FFFF) TDO (7FFF);
SDR 16 TDI (FFFF) TDO (FFFF);
SDR 16 TDI (FFFF) TDO (FFFF);
SDR 16 TDI (FFFF) TDO (FFFF);
SDR 16 TDI (FFFF) TDO (BFFF);
SDR 16 TDI (FFFF) TDO (FFFF);
SDR 16 TDI (FFFF) TDO (FFFF);
SDR 16 TDI (FFFF) TDO (FFFF);
SDR 16 TDI (FFFF) TDO (7FFF);
SDR 16 TDI (FFFF) TDO (FFFF);
SDR 16 TDI (FFFF) TDO (FFFF);
SDR 16 TDI (FFFF) TDO (FFFF);
SDR 16 TDI (FFFF) TDO (BFFF);
SDR 16 TDI (FFFF) TDO (FFFF);
SDR 16 TDI (FFFF) TDO (FFFF);
SDR 16 TDI (FFFF) TDO (FFFF);
SDR 16 TDI (FFFF) TDO (7FFF);
SDR 16 TDI (FFFF) TDO (FFFF);
SDR 16 TDI (FFFF) TDO (FFFF);
SDR 16 TDI (FFFF) TDO (FFFF);
SDR 16 TDI (FFFF) TDO (BF7F);
SDR 16 TDI (FFFF) TDO (FFFF);
SDR 16 TDI (FFFF) TDO (FFFF);
SDR 16 TDI (FFFF) TDO (FFFF);
SDR 16 TDI (FFFF) TDO (7FFF);
SDR 16 TDI (FFFF) TDO (FFFF);
SDR 16 TDI (FFFF) TDO (FFFF);
SDR 16 TDI (FFFF) TDO (FFFF);
SDR 16 TDI (FFFF) TDO (BFFF);
SDR 16 TDI (FFFF) TDO (FFFF);
SDR 16 TDI (FFFF) TDO (FFFF);
SDR 16 TDI (FFFF) TDO (FFFF);
SDR 16 TDI (FFFF) TDO (7FFF);
SDR 16 TDI (FFFF) TDO (FFFF);
SDR 16 TDI (FFFF) TDO (FFFF);
SDR 16 TDI (FFFF) TDO (FFFF);
SDR 16 TDI (FFFF) TDO (BFFF);
SDR 16 TDI (FFFF) TDO (FFFF);
SDR 16 TDI (FFFF) TDO (FFFF);
SDR 16 TDI (FFFF) TDO (FFFF);
SDR 16 TDI (FFFF) TDO (7FFF);
SDR 16 TDI (FFFF) TDO (FFFF);
SDR 16 TDI (FFFF) TDO (FFFF);
SDR 16 TDI (FFFF) TDO (FFFF);
SDR 16 TDI (FFFF) TDO (BFFF);
SDR 16 TDI (FFFF) TDO (FFFF);
SDR 16 TDI (FFFF) TDO (FFFF);
SDR 16 TDI (FFFF) TDO (FFFF);
SDR 16 TDI (FFFF) TDO (7FFF);
SDR 16 TDI (FFFF) TDO (FFFF);
SDR 16 TDI (FFFF) TDO (FFFF);
SDR 16 TDI (FFFF) TDO (EA9F);
SDR 16 TDI (FFFF) TDO (BBFF);
SDR 16 TDI (FFFF) TDO (FFFF);
SDR 16 TDI (FFFF) TDO (FFFF);
SDR 16 TDI (FFFF) TDO (FFFF);
SDR 16 TDI (FFFF) TDO (5FFF);
SDR 16 TDI (FFFF) TDO (FFFF);
SDR 16 TDI (FFFF) TDO (FFFF);
SDR 16 TDI (FFFF) TDO (FFFF);
SDR 16 TDI (FFFF) TDO (BFFF);
SDR 16 TDI (FFFF) TDO (FFFF);
SDR 16 TDI (FFFF) TDO (FFFF);
SDR 16 TDI (FFFF) TDO (FFFF);
SDR 16 TDI (FFFF) TDO (7FFF);
SDR 16 TDI (FFFF) TDO (FFFF);
SDR 16 TDI (FFFF) TDO (FFFF);
SDR 16 TDI (FFFF) TDO (FFFF);
SDR 16 TDI (FFFF) TDO (BFFF);
SDR 16 TDI (FFFF) TDO (FFFF);
SDR 16 TDI (FFFF) TDO (FFFF);
SDR 16 TDI (FFFF) TDO (FFFF);
SDR 16 TDI (FFFF) TDO (7FFF);
SDR 16 TDI (FFFF) TDO (FFFF);
SDR 16 TDI (FFFF) TDO (FFFF);
SDR 16 TDI (FFFF) TDO (FFFF);
SDR 16 TDI (FFFF) TDO (BFFF);
SDR 16 TDI (FFFF) TDO (FFFF);
SDR 16 TDI (FFFF) TDO (FFFF);
SDR 16 TDI (FFFF) TDO (FFFF);
SDR 16 TDI (FFFF) TDO (7FFF);
SDR 16 TDI (FFFF) TDO (FFFF);
SDR 16 TDI (FFFF) TDO (FFFF);
SDR 16 TDI (FFFF) TDO (FFDF);
SDR 16 TDI (FFFF) TDO (AF7F);
SDR 16 TDI (FFFF) TDO (FFFF);
SDR 16 TDI (FFFF) TDO (FFFF);
SDR 16 TDI (FFFF) TDO (FFFF);
SDR 16 TDI (FFFF) TDO (7FFF);
SDR 16 TDI (FFFF) TDO (FFFF);
SDR 16 TDI (FFFF) TDO (FFFF);
SDR 16 TDI (FFFF) TDO (FFFF);
SDR 16 TDI (FFFF) TDO (BFFF);
SDR 16 TDI (FFFF) TDO (FFFF);
SDR 16 TDI (FFFF) TDO (FFFF);
SDR 16 TDI (FFFF) TDO (FFFF);
SDR 16 TDI (FFFF) TDO (7FFF);
SDR 16 TDI (FFFF) TDO (FFFF);
SDR 16 TDI (FFFF) TDO (FFFF);
SDR 16 TDI (FFFF) TDO (FFFF);
SDR 16 TDI (FFFF) TDO (BFFF);
SDR 16 TDI (FFFF) TDO (FFFF);
SDR 16 TDI (FFFF) TDO (FFFF);
SDR 16 TDI (FFFF) TDO (FFFF);
SDR 16 TDI (FFFF) TDO (7FFF);
SDR 16 TDI (FFFF) TDO (FFFF);
SDR 16 TDI (FFFF) TDO (FFFF);
SDR 16 TDI (FFFF) TDO (FFFF);
SDR 16 TDI (FFFF) TDO (BFFF);
SDR 16 TDI (FFFF) TDO (FFFF);
SDR 16 TDI (FFFF) TDO (FFFF);
SDR 16 TDI (FFFF) TDO (FFFF);
SDR 16 TDI (FFFF) TDO (7FFF);
SDR 16 TDI (FFFF) TDO (FFFF);
SDR 16 TDI (FFFF) TDO (FFFF);
SDR 16 TDI (FFFF) TDO (EA9F);
SDR 16 TDI (FFFF) TDO (A7FF);
SDR 16 TDI (FFFF) TDO (FFFF);
SDR 16 TDI (FFFF) TDO (FFFF);
SDR 16 TDI (FFFF) TDO (FFFF);
SDR 16 TDI (FFFF) TDO (7FFF);
SDR 16 TDI (FFFF) TDO (FFFF);
SDR 16 TDI (FFFF) TDO (FFFF);
SDR 16 TDI (FFFF) TDO (FFFF);
SDR 16 TDI (FFFF) TDO (9FFF);
SDR 16 TDI (FFFF) TDO (FFFF);
SDR 16 TDI (FFFF) TDO (FFFF);
SDR 16 TDI (FFFF) TDO (FFFF);
SDR 16 TDI (FFFF) TDO (7FFF);
SDR 16 TDI (FFFF) TDO (FFFF);
SDR 16 TDI (FFFF) TDO (FFFF);
SDR 16 TDI (FFFF) TDO (FFFF);
SDR 16 TDI (FFFF) TDO (BFFF);
SDR 16 TDI (FFFF) TDO (FFFF);
SDR 16 TDI (FFFF) TDO (FFFF);
SDR 16 TDI (FFFF) TDO (FFFF);
SDR 16 TDI (FFFF) TDO (7FFF);
SDR 16 TDI (FFFF) TDO (FFFF);
SDR 16 TDI (FFFF) TDO (FFFF);
SDR 16 TDI (FFFF) TDO (FFFF);
SDR 16 TDI (FFFF) TDO (BFFF);
SDR 16 TDI (FFFF) TDO (FFFF);
SDR 16 TDI (FFFF) TDO (FFFF);
SDR 16 TDI (FFFF) TDO (FFFF);
SDR 16 TDI (FFFF) TDO (7FFF);
SDR 16 TDI (FFFF) TDO (FFFF);
SDR 16 TDI (FFFF) TDO (FFFF);
SDR 16 TDI (FFFF) TDO (DD5F);
SDR 16 TDI (FFFF) TDO (BFFF);
SDR 16 TDI (FFFF) TDO (FFFF);
SDR 16 TDI (FFFF) TDO (FFFF);
SDR 16 TDI (FFFF) TDO (FFFF);
SDR 16 TDI (FFFF) TDO (7FFF);
SDR 16 TDI (FFFF) TDO (FFFF);
SDR 16 TDI (FFFF) TDO (FFFF);
SDR 16 TDI (FFFF) TDO (FFFF);
SDR 16 TDI (FFFF) TDO (BFFF);
SDR 16 TDI (FFFF) TDO (FFFF);
SDR 16 TDI (FFFF) TDO (FFFF);
SDR 16 TDI (FFFF) TDO (FFFF);
SDR 16 TDI (FFFF) TDO (7FFF);
SDR 16 TDI (FFFF) TDO (FFFF);
SDR 16 TDI (FFFF) TDO (FFFF);
SDR 16 TDI (FFFF) TDO (FFFF);
SDR 16 TDI (FFFF) TDO (BFFF);
SDR 16 TDI (FFFF) TDO (FFFF);
SDR 16 TDI (FFFF) TDO (FFFF);
SDR 16 TDI (FFFF) TDO (FFFF);
SDR 16 TDI (FFFF) TDO (7FFF);
SDR 16 TDI (FFFF) TDO (FFFF);
SDR 16 TDI (FFFF) TDO (FFFF);
SDR 16 TDI (FFFF) TDO (FFFF);
SDR 16 TDI (FFFF) TDO (BFFF);
SDR 16 TDI (FFFF) TDO (FFFF);
SDR 16 TDI (FFFF) TDO (FFFF);
SDR 16 TDI (FFFF) TDO (FFFF);
SDR 16 TDI (FFFF) TDO (7FFF);
SDR 16 TDI (FFFF) TDO (FFFF);
SDR 16 TDI (FFFF) TDO (FFFF);
SDR 16 TDI (FFFF) TDO (FFFF);
SDR 16 TDI (FFFF) TDO (BFFF);
SDR 16 TDI (FFFF) TDO (FFFF);
SDR 16 TDI (FFFF) TDO (FFFF);
SDR 16 TDI (FFFF) TDO (FFFF);
SDR 16 TDI (FFFF) TDO (7FFF);
SDR 16 TDI (FFFF) TDO (FFFF);
SDR 16 TDI (FFFF) TDO (FFFF);
SDR 16 TDI (FFFF) TDO (FFFF);
SDR 16 TDI (FFFF) TDO (BFFF);
SDR 16 TDI (FFFF) TDO (FFFF);
SDR 16 TDI (FFFF) TDO (FFFF);
SDR 16 TDI (FFFF) TDO (FFFF);
SDR 16 TDI (FFFF) TDO (7FFF);
SDR 16 TDI (FFFF) TDO (FFFF);
SDR 16 TDI (FFFF) TDO (FFFF);
SDR 16 TDI (FFFF) TDO (FFFF);
SDR 16 TDI (FFFF) TDO (9FFF);
SDR 16 TDI (FFFF) TDO (FFFF);
SDR 16 TDI (FFFF) TDO (FFFF);
SDR 16 TDI (FFFF) TDO (FFFF);
SDR 16 TDI (FFFF) TDO (7FFF);
SDR 16 TDI (FFFF) TDO (FFFF);
SDR 16 TDI (FFFF) TDO (FFFF);
SDR 16 TDI (FFFF) TDO (FFFF);
SDR 16 TDI (FFFF) TDO (BFFF);
SDR 16 TDI (FFFF) TDO (FFFF);
SDR 16 TDI (FFFF) TDO (FFFF);
SDR 16 TDI (FFFF) TDO (FFFF);
SDR 16 TDI (FFFF) TDO (7FFF);
SDR 16 TDI (FFFF) TDO (FFFF);
SDR 16 TDI (FFFF) TDO (FFFF);
SDR 16 TDI (FFFF) TDO (FFFF);
SDR 16 TDI (FFFF) TDO (BFFF);
SDR 16 TDI (FFFF) TDO (FFFF);
SDR 16 TDI (FFFF) TDO (FFFF);
SDR 16 TDI (FFFF) TDO (FFFF);
SDR 16 TDI (FFFF) TDO (7FFF);
SDR 16 TDI (FFFF) TDO (FFFF);
SDR 16 TDI (FFFF) TDO (FFFF);
SDR 16 TDI (FFFF) TDO (FFFF);
SDR 16 TDI (FFFF) TDO (BFFF);
SDR 16 TDI (FFFF) TDO (FFFF);
SDR 16 TDI (FFFF) TDO (FFFF);
SDR 16 TDI (FFFF) TDO (FFFF);
SDR 16 TDI (FFFF) TDO (7FFF);
SDR 16 TDI (FFFF) TDO (FFFF);
SDR 16 TDI (FFFF) TDO (FFFF);
SDR 16 TDI (FFFF) TDO (FFFF);
SDR 16 TDI (FFFF) TDO (BFFF);
SDR 16 TDI (FFFF) TDO (FFFF);
SDR 16 TDI (FFFF) TDO (FFFF);
SDR 16 TDI (FFFF) TDO (FFFF);
SDR 16 TDI (FFFF) TDO (7FFF);
SDR 16 TDI (FFFF) TDO (FFFF);
SDR 16 TDI (FFFF) TDO (FFFF);
SDR 16 TDI (FFFF) TDO (FFFF);
SDR 16 TDI (FFFF) TDO (BFFF);
SDR 16 TDI (FFFF) TDO (FFFF);
SDR 16 TDI (FFFF) TDO (FFFF);
SDR 16 TDI (FFFF) TDO (FFFF);
SDR 16 TDI (FFFF) TDO (7FFF);
SDR 16 TDI (FFFF) TDO (FFFF);
SDR 16 TDI (FFFF) TDO (FFFF);
SDR 16 TDI (FFFF) TDO (FFFF);
SDR 16 TDI (FFFF) TDO (BAEF);
SDR 16 TDI (FFFF) TDO (FFFF);
SDR 16 TDI (FFFF) TDO (FFFF);
SDR 16 TDI (FFFF) TDO (FFFF);
SDR 16 TDI (FFFF) TDO (7FFF);
SDR 16 TDI (FFFF) TDO (FFFF);
SDR 16 TDI (FFFF) TDO (FFFF);
SDR 16 TDI (FFFF) TDO (FFFF);
SDR 16 TDI (FFFF) TDO (BFFF);
SDR 16 TDI (FFFF) TDO (FFFF);
SDR 16 TDI (FFFF) TDO (FFFF);
SDR 16 TDI (FFFF) TDO (FFFF);
SDR 16 TDI (FFFF) TDO (7FFF);
SDR 16 TDI (FFFF) TDO (FFFF);
SDR 16 TDI (FFFF) TDO (FFFF);
SDR 16 TDI (FFFF) TDO (FFFF);
SDR 16 TDI (FFFF) TDO (BFFF);
SDR 16 TDI (FFFF) TDO (FFFF);
SDR 16 TDI (FFFF) TDO (FFFF);
SDR 16 TDI (FFFF) TDO (FFFF);
SDR 16 TDI (FFFF) TDO (7FFF);
SDR 16 TDI (FFFF) TDO (FFFF);
SDR 16 TDI (FFFF) TDO (FFFF);
SDR 16 TDI (FFFF) TDO (FFFF);
SDR 16 TDI (FFFF) TDO (9FFF);
SDR 16 TDI (FFFF) TDO (FFFF);
SDR 16 TDI (FFFF) TDO (FFFF);
SDR 16 TDI (FFFF) TDO (FFFF);
SDR 16 TDI (FFFF) TDO (7FFF);
SDR 16 TDI (FFFF) TDO (FFFF);
SDR 16 TDI (FFFF) TDO (FFFF);
SDR 16 TDI (FFFF) TDO (F57F);
SDR 16 TDI (FFFF) TDO (BFFF);
SDR 16 TDI (FFFF) TDO (FFFF);
SDR 16 TDI (FFFF) TDO (FFFF);
SDR 16 TDI (FFFF) TDO (FFFF);
SDR 16 TDI (FFFF) TDO (7FFF);
SDR 16 TDI (FFFF) TDO (FFFF);
SDR 16 TDI (FFFF) TDO (FFFF);
SDR 16 TDI (FFFF) TDO (FFFF);
SDR 16 TDI (FFFF) TDO (BFFF);
SDR 16 TDI (FFFF) TDO (FFFF);
SDR 16 TDI (FFFF) TDO (FFFF);
SDR 16 TDI (FFFF) TDO (FFFF);
SDR 16 TDI (FFFF) TDO (7FFF);
SDR 16 TDI (FFFF) TDO (FFFF);
SDR 16 TDI (FFFF) TDO (FFFF);
SDR 16 TDI (FFFF) TDO (FFFF);
SDR 16 TDI (FFFF) TDO (9FFF);
SDR 16 TDI (FFFF) TDO (FFFF);
SDR 16 TDI (FFFF) TDO (FFFF);
SDR 16 TDI (FFFF) TDO (FFFF);
SDR 16 TDI (FFFF) TDO (7FFF);
SDR 16 TDI (FFFF) TDO (FFFF);
SDR 16 TDI (FFFF) TDO (FFFF);
SDR 16 TDI (FFFF) TDO (FFFF);
SDR 16 TDI (FFFF) TDO (BFFF);
SDR 16 TDI (FFFF) TDO (FFFF);
SDR 16 TDI (FFFF) TDO (FFFF);
SDR 16 TDI (FFFF) TDO (FFFF);
SDR 16 TDI (FFFF) TDO (7FFF);
SDR 16 TDI (FFFF) TDO (FFFF);
SDR 16 TDI (FFFF) TDO (FFFF);
SDR 16 TDI (FFFF) TDO (FFFF);
SDR 16 TDI (FFFF) TDO (B55F);
SDR 16 TDI (FFFF) TDO (FFFF);
SDR 16 TDI (FFFF) TDO (FEFF);
SDR 16 TDI (FFFF) TDO (FFFF);
SDR 16 TDI (FFFF) TDO (7FFF);
SDR 16 TDI (FFFF) TDO (FF7F);
SDR 16 TDI (FFFF) TDO (FFFF);
SDR 16 TDI (FFFF) TDO (FFFF);
SDR 16 TDI (FFFF) TDO (BFBF);
SDR 16 TDI (FFFF) TDO (FFFF);
SDR 16 TDI (FFFF) TDO (FFFF);
SDR 16 TDI (FFFF) TDO (FEFF);
SDR 16 TDI (FFFF) TDO (7FFF);
SDR 16 TDI (FFFF) TDO (FFFF);
SDR 16 TDI (FFFF) TDO (FF7F);
SDR 16 TDI (FFFF) TDO (FFFF);
SDR 16 TDI (FFFF) TDO (BFFF);
SDR 16 TDI (FFFF) TDO (FFDF);
SDR 16 TDI (FFFF) TDO (FFFF);
SDR 16 TDI (FFFF) TDO (FFFF);
SDR 16 TDI (FFFF) TDO (7FEF);
SDR 16 TDI (FFFF) TDO (FFFF);
SDR 16 TDI (FFFF) TDO (FFFF);
SDR 16 TDI (FFFF) TDO (FFBF);
SDR 16 TDI (FFFF) TDO (BFFF);
SDR 16 TDI (FFFF) TDO (FFFF);
SDR 16 TDI (FFFF) TDO (FFDF);
SDR 16 TDI (FFFF) TDO (FFFF);
SDR 16 TDI (FFFF) TDO (7FFF);
SDR 16 TDI (FFFF) TDO (FFEF);
SDR 16 TDI (FFFF) TDO (FFFF);
SDR 16 TDI (FFFF) TDO (EA9F);
SDR 16 TDI (FFFF) TDO (BFFF);
SDR 16 TDI (FFFF) TDO (FFFF);
SDR 16 TDI (FFFF) TDO (FDFF);
SDR 16 TDI (FFFF) TDO (FFFF);
SDR 16 TDI (FFFF) TDO (7FFF);
SDR 16 TDI (FFFF) TDO (FEFF);
SDR 16 TDI (FFFF) TDO (FFFF);
SDR 16 TDI (FFFF) TDO (FFFF);
SDR 16 TDI (FFFF) TDO (BF7F);
SDR 16 TDI (FFFF) TDO (FFFF);
SDR 16 TDI (FFFF) TDO (FFFF);
SDR 16 TDI (FFFF) TDO (FDFF);
SDR 16 TDI (FFFF) TDO (7FFF);
SDR 16 TDI (FFFF) TDO (FFFF);
SDR 16 TDI (FFFF) TDO (FEFF);
SDR 16 TDI (FFFF) TDO (FFFF);
SDR 16 TDI (FFFF) TDO (BFFF);
SDR 16 TDI (FFFF) TDO (FFBF);
SDR 16 TDI (FFFF) TDO (FFFF);
SDR 16 TDI (FFFF) TDO (FFFF);
SDR 16 TDI (FFFF) TDO (7FDF);
SDR 16 TDI (FFFF) TDO (FFFF);
SDR 16 TDI (FFFF) TDO (FFFF);
SDR 16 TDI (FFFF) TDO (FF7F);
SDR 16 TDI (FFFF) TDO (BFFF);
SDR 16 TDI (FFFF) TDO (FFFF);
SDR 16 TDI (FFFF) TDO (FFBF);
SDR 16 TDI (FFFF) TDO (FFFF);
SDR 16 TDI (FFFF) TDO (5FFF);
SDR 16 TDI (FFFF) TDO (FFDF);
SDR 16 TDI (FFFF) TDO (FFFF);
SDR 16 TDI (FFFF) TDO (FFDF);
SDR 16 TDI (FFFF) TDO (B55F);
SDR 16 TDI (FFFF) TDO (FFFF);
SDR 16 TDI (FFFF) TDO (FFFF);
SDR 16 TDI (FFFF) TDO (FFFF);
SDR 16 TDI (FFFF) TDO (7FFF);
SDR 16 TDI (FFFF) TDO (FFFF);
SDR 16 TDI (FFFF) TDO (FFFF);
SDR 16 TDI (FFFF) TDO (FFFF);
SDR 16 TDI (FFFF) TDO (BFFF);
SDR 16 TDI (FFFF) TDO (FFFF);
SDR 16 TDI (FFFF) TDO (FFFF);
SDR 16 TDI (FFFF) TDO (FFFF);
SDR 16 TDI (FFFF) TDO (7FFF);
SDR 16 TDI (FFFF) TDO (FFFF);
SDR 16 TDI (FFFF) TDO (FFFF);
SDR 16 TDI (FFFF) TDO (FFFF);
SDR 16 TDI (FFFF) TDO (9FFF);
SDR 16 TDI (FFFF) TDO (FFFF);
SDR 16 TDI (FFFF) TDO (FFFF);
SDR 16 TDI (FFFF) TDO (FFFF);
SDR 16 TDI (FFFF) TDO (7FFF);
SDR 16 TDI (FFFF) TDO (FFFF);
SDR 16 TDI (FFFF) TDO (FFFF);
SDR 16 TDI (FFFF) TDO (FFFF);
SDR 16 TDI (FFFF) TDO (BFFF);
SDR 16 TDI (FFFF) TDO (FFFF);
SDR 16 TDI (FFFF) TDO (FFFF);
SDR 16 TDI (FFFF) TDO (FFFF);
SDR 16 TDI (FFFF) TDO (7FFF);
SDR 16 TDI (FFFF) TDO (FFFF);
SDR 16 TDI (FFFF) TDO (FFFF);
SDR 16 TDI (FFFF) TDO (EABF);
SDR 16 TDI (FFFF) TDO (BFFF);
SDR 16 TDI (FFFF) TDO (FFFF);
SDR 16 TDI (FFFF) TDO (FFFF);
SDR 16 TDI (FFFF) TDO (FFFF);
SDR 16 TDI (FFFF) TDO (7FFF);
SDR 16 TDI (FFFF) TDO (FFFF);
SDR 16 TDI (FFFF) TDO (FFFF);
SDR 16 TDI (FFFF) TDO (FFFF);
SDR 16 TDI (FFFF) TDO (9FFF);
SDR 16 TDI (FFFF) TDO (FFFF);
SDR 16 TDI (FFFF) TDO (FFFF);
SDR 16 TDI (FFFF) TDO (FFFF);
SDR 16 TDI (FFFF) TDO (7FFF);
SDR 16 TDI (FFFF) TDO (FFFF);
SDR 16 TDI (FFFF) TDO (FFFF);
SDR 16 TDI (FFFF) TDO (FFFF);
SDR 16 TDI (FFFF) TDO (BFFF);
SDR 16 TDI (FFFF) TDO (FFFF);
SDR 16 TDI (FFFF) TDO (FFFF);
SDR 16 TDI (FFFF) TDO (FFFF);
SDR 16 TDI (FFFF) TDO (7FFF);
SDR 16 TDI (FFFF) TDO (FFFF);
SDR 16 TDI (FFFF) TDO (FFFF);
SDR 16 TDI (FFFF) TDO (FFFF);
SDR 16 TDI (FFFF) TDO (BFFF);
SDR 16 TDI (FFFF) TDO (FFFF);
SDR 16 TDI (FFFF) TDO (FFFF);
SDR 16 TDI (FFFF) TDO (FFFF);
SDR 16 TDI (FFFF) TDO (7FFF);
SDR 16 TDI (FFFF) TDO (FFFF);
SDR 16 TDI (FFFF) TDO (FFFF);
SDR 16 TDI (FFFF) TDO (FFFF);
SDR 16 TDI (FFFF) TDO (9FDF);
SDR 16 TDI (FFFF) TDO (3333);
SDR 16 TDI (FFFF) TDO (1F33);
SDR 16 TDI (FFFF) TDO (333C);
SDR 16 TDI (FFFF) TDO (7999);
SDR 16 TDI (FFFF) TDO (8F99);
SDR 16 TDI (FFFF) TDO (999E);
SDR 16 TDI (FFFF) TDO (6666);
SDR 16 TDI (FFFF) TDO (A7CC);
SDR 16 TDI (FFFF) TDO (CCCF);
SDR 16 TDI (FFFF) TDO (3333);
SDR 16 TDI (FFFF) TDO (1F33);
SDR 16 TDI (FFFF) TDO (6667);
SDR 16 TDI (FFFF) TDO (9999);
SDR 16 TDI (FFFF) TDO (8F99);
SDR 16 TDI (FFFF) TDO (999F);
SDR 16 TDI (FFFF) TDO (A666);
SDR 16 TDI (FFFF) TDO (63E6);
SDR 16 TDI (FFFF) TDO (6667);
SDR 16 TDI (FFFF) TDO (9999);
SDR 16 TDI (FFFF) TDO (71F3);
SDR 16 TDI (FFFF) TDO (3333);
SDR 16 TDI (FFFF) TDO (CCCC);
SDR 16 TDI (FFFF) TDO (C7CC);
SDR 16 TDI (FFFF) TDO (B999);
SDR 16 TDI (FFFF) TDO (E666);
SDR 16 TDI (FFFF) TDO (63E6);
SDR 16 TDI (FFFF) TDO (6667);
SDR 16 TDI (FFFF) TDO (5333);
SDR 16 TDI (FFFF) TDO (31F3);
SDR 16 TDI (FFFF) TDO (3333);
SDR 16 TDI (FFFF) TDO (FFFF);
SDR 16 TDI (FFFF) TDO (BFFF);
SDR 16 TDI (FFFF) TDO (7777);
SDR 16 TDI (FFFF) TDO (4ABB);
SDR 16 TDI (FFFF) TDO (BBBD);
SDR 16 TDI (FFFF) TDO (7BBB);
SDR 16 TDI (FFFF) TDO (A55D);
SDR 16 TDI (FFFF) TDO (DDDE);
SDR 16 TDI (FFFF) TDO (EEEE);
SDR 16 TDI (FFFF) TDO (B2AE);
SDR 16 TDI (FFFF) TDO (EEEF);
SDR 16 TDI (FFFF) TDO (7777);
SDR 16 TDI (FFFF) TDO (4ABB);
SDR 16 TDI (FFFF) TDO (7777);
SDR 16 TDI (FFFF) TDO (BBBB);
SDR 16 TDI (FFFF) TDO (A55D);
SDR 16 TDI (FFFF) TDO (DDDF);
SDR 16 TDI (FFFF) TDO (8EEE);
SDR 16 TDI (FFFF) TDO (E957);
SDR 16 TDI (FFFF) TDO (7777);
SDR 16 TDI (FFFF) TDO (BBBB);
SDR 16 TDI (FFFF) TDO (74AB);
SDR 16 TDI (FFFF) TDO (BBBB);
SDR 16 TDI (FFFF) TDO (DDDD);
SDR 16 TDI (FFFF) TDO (D2AE);
SDR 16 TDI (FFFF) TDO (BDDD);
SDR 16 TDI (FFFF) TDO (EEEE);
SDR 16 TDI (FFFF) TDO (E957);
SDR 16 TDI (FFFF) TDO (7777);
SDR 16 TDI (FFFF) TDO (7777);
SDR 16 TDI (FFFF) TDO (74AB);
SDR 16 TDI (FFFF) TDO (BBBB);
SDR 16 TDI (FFFF) TDO (FFFF);
SDR 16 TDI (FFFF) TDO (BFDF);
SDR 16 TDI (FFFF) TDO (FFFF);
SDR 16 TDI (FFFF) TDO (FEFF);
SDR 16 TDI (FFFF) TDO (FFFF);
SDR 16 TDI (FFFF) TDO (7FFF);
SDR 16 TDI (FFFF) TDO (FF7F);
SDR 16 TDI (FFFF) TDO (FFFF);
SDR 16 TDI (FFFF) TDO (FFFF);
SDR 16 TDI (FFFF) TDO (BFBF);
SDR 16 TDI (FFFF) TDO (FFFF);
SDR 16 TDI (FFFF) TDO (FFFF);
SDR 16 TDI (FFFF) TDO (FEFF);
SDR 16 TDI (FFFF) TDO (5FFF);
SDR 16 TDI (FFFF) TDO (FFFF);
SDR 16 TDI (FFFF) TDO (FF7F);
SDR 16 TDI (FFFF) TDO (FFFF);
SDR 16 TDI (FFFF) TDO (BFFF);
SDR 16 TDI (FFFF) TDO (FFDF);
SDR 16 TDI (FFFF) TDO (FFFF);
SDR 16 TDI (FFFF) TDO (FFFF);
SDR 16 TDI (FFFF) TDO (7FEF);
SDR 16 TDI (FFFF) TDO (FFFF);
SDR 16 TDI (FFFF) TDO (FFFF);
SDR 16 TDI (FFFF) TDO (FFBF);
SDR 16 TDI (FFFF) TDO (BFFF);
SDR 16 TDI (FFFF) TDO (FFFF);
SDR 16 TDI (FFFF) TDO (FFDF);
SDR 16 TDI (FFFF) TDO (FFFF);
SDR 16 TDI (FFFF) TDO (7FFF);
SDR 16 TDI (FFFF) TDO (FFEF);
SDR 16 TDI (FFFF) TDO (FFFF);
SDR 16 TDI (FFFF) TDO (FFFF);
SDR 16 TDI (FFFF) TDO (BFFF);
SDR 16 TDI (FFFF) TDO (FFFF);
SDR 16 TDI (FFFF) TDO (FFFF);
SDR 16 TDI (FFFF) TDO (FFFF);
SDR 16 TDI (FFFF) TDO (5FFF);
SDR 16 TDI (FFFF) TDO (FFFF);
SDR 16 TDI (FFFF) TDO (FFFF);
SDR 16 TDI (FFFF) TDO (FFFF);
SDR 16 TDI (FFFF) TDO (BFFF);
SDR 16 TDI (FFFF) TDO (FFFF);
SDR 16 TDI (FFFF) TDO (FFFF);
SDR 16 TDI (FFFF) TDO (FFFF);
SDR 16 TDI (FFFF) TDO (7FFF);
SDR 16 TDI (FFFF) TDO (FFFF);
SDR 16 TDI (FFFF) TDO (FFFF);
SDR 16 TDI (FFFF) TDO (FFFF);
SDR 16 TDI (FFFF) TDO (BFFF);
SDR 16 TDI (FFFF) TDO (FFFF);
SDR 16 TDI (FFFF) TDO (FFFF);
SDR 16 TDI (FFFF) TDO (FFFF);
SDR 16 TDI (FFFF) TDO (7FFF);
SDR 16 TDI (FFFF) TDO (FFFF);
SDR 16 TDI (FFFF) TDO (FFFF);
SDR 16 TDI (FFFF) TDO (FFFF);
SDR 16 TDI (FFFF) TDO (BFFF);
SDR 16 TDI (FFFF) TDO (FFFF);
SDR 16 TDI (FFFF) TDO (FFFF);
SDR 16 TDI (FFFF) TDO (FFFF);
SDR 16 TDI (FFFF) TDO (5FFF);
SDR 16 TDI (FFFF) TDO (FFFF);
SDR 16 TDI (FFFF) TDO (FFFF);
SDR 16 TDI (FFFF) TDO (FFFF);
SDR 16 TDI (FFFF) TDO (BFFF);
SDR 16 TDI (FFFF) TDO (FFFF);
SDR 16 TDI (FFFF) TDO (FFFF);
SDR 16 TDI (FFFF) TDO (FFFF);
SDR 16 TDI (FFFF) TDO (7FFF);
SDR 16 TDI (FFFF) TDO (FFFF);
SDR 16 TDI (FFFF) TDO (FFFF);
SDR 16 TDI (FFFF) TDO (FFFF);
SDR 16 TDI (FFFF) TDO (BFFF);
SDR 16 TDI (FFFF) TDO (FFFF);
SDR 16 TDI (FFFF) TDO (FFFF);
SDR 16 TDI (FFFF) TDO (FFFF);
SDR 16 TDI (FFFF) TDO (7FFF);
SDR 16 TDI (FFFF) TDO (FFFF);
SDR 16 TDI (FFFF) TDO (FFFF);
SDR 16 TDI (FFFF) TDO (FFFF);
SDR 16 TDI (FFFF) TDO (BFFF);
SDR 16 TDI (FFFF) TDO (DFFF);
SDR 16 TDI (FFFF) TDO (FFFF);
SDR 16 TDI (FFFF) TDO (FFFF);
SDR 16 TDI (FFFF) TDO (5FFF);
SDR 16 TDI (FFFF) TDO (FFFF);
SDR 16 TDI (FFFF) TDO (FFFF);
SDR 16 TDI (FFFF) TDO (FFFF);
SDR 16 TDI (FFFF) TDO (BFFF);
SDR 16 TDI (FFFF) TDO (FFFF);
SDR 16 TDI (FFFF) TDO (FFFF);
SDR 16 TDI (FFFF) TDO (FFFF);
SDR 16 TDI (FFFF) TDO (7FFF);
SDR 16 TDI (FFFF) TDO (FFFF);
SDR 16 TDI (FFFF) TDO (FFFF);
SDR 16 TDI (FFFF) TDO (FFFF);
SDR 16 TDI (FFFF) TDO (AFFF);
SDR 16 TDI (FFFF) TDO (FFFF);
SDR 16 TDI (FFFF) TDO (FFFF);
SDR 16 TDI (FFFF) TDO (FFFF);
SDR 16 TDI (FFFF) TDO (7FFF);
SDR 16 TDI (FFFF) TDO (FFFF);
SDR 16 TDI (FFFF) TDO (FFFF);
SDR 16 TDI (FFFF) TDO (FFFF);
SDR 16 TDI (FFFF) TDO (BFFF);
SDR 16 TDI (FFFF) TDO (FFFF);
SDR 16 TDI (FFFF) TDO (FFFF);
SDR 16 TDI (FFFF) TDO (FFFF);
SDR 16 TDI (FFFF) TDO (5FFF);
SDR 16 TDI (FFFF) TDO (FFFF);
SDR 16 TDI (FFFF) TDO (FFFF);
SDR 16 TDI (FFFF) TDO (FFFF);
SDR 16 TDI (FFFF) TDO (BFFF);
SDR 16 TDI (FFFF) TDO (FFFF);
SDR 16 TDI (FFFF) TDO (FFFF);
SDR 16 TDI (FFFF) TDO (FFFF);
SDR 16 TDI (FFFF) TDO (7FFF);
SDR 16 TDI (FFFF) TDO (FFFF);
SDR 16 TDI (FFFF) TDO (FFFF);
SDR 16 TDI (FFFF) TDO (FFFF);
SDR 16 TDI (FFFF) TDO (BFFF);
SDR 16 TDI (FFFF) TDO (FFFF);
SDR 16 TDI (FFFF) TDO (FFFF);
SDR 16 TDI (FFFF) TDO (FFFF);
SDR 16 TDI (FFFF) TDO (7FFF);
SDR 16 TDI (FFFF) TDO (FFFF);
SDR 16 TDI (FFFF) TDO (FFFF);
SDR 16 TDI (FFFF) TDO (FFDF);
SDR 16 TDI (FFFF) TDO (AFFF);
SDR 16 TDI (FFFF) TDO (FFFF);
SDR 16 TDI (FFFF) TDO (FFFF);
SDR 16 TDI (FFFF) TDO (FFFF);
SDR 16 TDI (FFFF) TDO (5FFF);
SDR 16 TDI (FFFF) TDO (FFFF);
SDR 16 TDI (FFFF) TDO (FFFF);
SDR 16 TDI (FFFF) TDO (FFFF);
SDR 16 TDI (FFFF) TDO (BFFF);
SDR 16 TDI (FFFF) TDO (FFFF);
SDR 16 TDI (FFFF) TDO (FFFF);
SDR 16 TDI (FFFF) TDO (FFFF);
SDR 16 TDI (FFFF) TDO (7FFF);
SDR 16 TDI (FFFF) TDO (FFFF);
SDR 16 TDI (FFFF) TDO (FFFF);
SDR 16 TDI (FFFF) TDO (FFFF);
SDR 16 TDI (FFFF) TDO (BFFF);
SDR 16 TDI (FFFF) TDO (FFFF);
SDR 16 TDI (FFFF) TDO (FFFF);
SDR 16 TDI (FFFF) TDO (FFFF);
SDR 16 TDI (FFFF) TDO (7FFF);
SDR 16 TDI (FFFF) TDO (FFFF);
SDR 16 TDI (FFFF) TDO (FFFF);
SDR 16 TDI (FFFF) TDO (FFFF);
SDR 16 TDI (FFFF) TDO (BFFF);
SDR 16 TDI (FFFF) TDO (FFFF);
SDR 16 TDI (FFFF) TDO (FFFF);
SDR 16 TDI (FFFF) TDO (FFFF);
SDR 16 TDI (FFFF) TDO (5FFF);
SDR 16 TDI (FFFF) TDO (FFFF);
SDR 16 TDI (FFFF) TDO (FFFF);
SDR 16 TDI (FFFF) TDO (FFDF);
SDR 16 TDI (FFFF) TDO (BFFF);
SDR 16 TDI (FFFF) TDO (FFFF);
SDR 16 TDI (FFFF) TDO (FFFF);
SDR 16 TDI (FFFF) TDO (FFFF);
SDR 16 TDI (FFFF) TDO (7FFF);
SDR 16 TDI (FFFF) TDO (FFFF);
SDR 16 TDI (FFFF) TDO (FFFF);
SDR 16 TDI (FFFF) TDO (FFFF);
SDR 16 TDI (FFFF) TDO (BFFF);
SDR 16 TDI (FFFF) TDO (FFFF);
SDR 16 TDI (FFFF) TDO (FFFE);
SDR 16 TDI (FFFF) TDO (FFFF);
SDR 16 TDI (FFFF) TDO (7FFF);
SDR 16 TDI (FFFF) TDO (FFFF);
SDR 16 TDI (FFFF) TDO (FFFF);
SDR 16 TDI (FFFF) TDO (FFFF);
SDR 16 TDI (FFFF) TDO (BFBF);
SDR 16 TDI (FFFF) TDO (FFFB);
SDR 16 TDI (FFFF) TDO (FFFF);
SDR 16 TDI (FFFF) TDO (FFFF);
SDR 16 TDI (FFFF) TDO (5FFF);
SDR 16 TDI (FFFF) TDO (FFFF);
SDR 16 TDI (FFFF) TDO (FFFF);
SDR 16 TDI (FFFF) TDO (FFFF);
SDR 16 TDI (FFFF) TDO (BFFF);
SDR 16 TDI (FFFF) TDO (FFFF);
SDR 16 TDI (FFFF) TDO (FFFF);
SDR 16 TDI (FFFF) TDO (FFFF);
SDR 16 TDI (FFFF) TDO (7FFF);
SDR 16 TDI (FFFF) TDO (FFFF);
SDR 16 TDI (FFFF) TDO (FFFF);
SDR 16 TDI (FFFF) TDO (FFFF);
SDR 16 TDI (FFFF) TDO (BFFF);
SDR 16 TDI (FFFF) TDO (FFFF);
SDR 16 TDI (FFFF) TDO (FFFF);
SDR 16 TDI (FFFF) TDO (FFFF);
SDR 16 TDI (FFFF) TDO (7FFF);
SDR 16 TDI (FFFF) TDO (FFFF);
SDR 16 TDI (FFFF) TDO (FFFF);
SDR 16 TDI (FFFF) TDO (FFFF);
SDR 16 TDI (FFFF) TDO (BFFF);
SDR 16 TDI (FFFF) TDO (FFFF);
SDR 16 TDI (FFFF) TDO (FFFF);
SDR 16 TDI (FFFF) TDO (FFFF);
SDR 16 TDI (FFFF) TDO (5FFF);
SDR 16 TDI (FFFF) TDO (FFFF);
SDR 16 TDI (FFFF) TDO (FFFF);
SDR 16 TDI (FFFF) TDO (FFFB);
SDR 16 TDI (FFFF) TDO (BEFF);
SDR 16 TDI (FFFF) TDO (FFFF);
SDR 16 TDI (FFFF) TDO (FFFF);
SDR 16 TDI (FFFF) TDO (FFFF);
SDR 16 TDI (FFFF) TDO (7FFF);
SDR 16 TDI (FFFF) TDO (FFFF);
SDR 16 TDI (FFFF) TDO (FFFF);
SDR 16 TDI (FFFF) TDO (7FFF);
SDR 16 TDI (FFFF) TDO (BFFF);
SDR 16 TDI (FFFF) TDO (FFFF);
SDR 16 TDI (FFFF) TDO (FFFF);
SDR 16 TDI (FFFF) TDO (FFFF);
SDR 16 TDI (FFFF) TDO (7FFF);
SDR 16 TDI (FFFF) TDO (FFFF);
SDR 16 TDI (FFFF) TDO (FFFF);
SDR 16 TDI (FFFF) TDO (FFFF);
SDR 16 TDI (FFFF) TDO (BFFF);
SDR 16 TDI (FFFF) TDO (FFFF);
SDR 16 TDI (FFFF) TDO (FFFF);
SDR 16 TDI (FFFF) TDO (FFFF);
SDR 16 TDI (FFFF) TDO (7FFF);
SDR 16 TDI (FFFF) TDO (FFFF);
SDR 16 TDI (FFFF) TDO (FFFF);
SDR 16 TDI (FFFF) TDO (FFFF);
SDR 16 TDI (FFFF) TDO (BFFF);
SDR 16 TDI (FFFF) TDO (FFFF);
SDR 16 TDI (FFFF) TDO (FFFD);
SDR 16 TDI (FFFF) TDO (FFFF);
SDR 16 TDI (FFFF) TDO (7FFF);
SDR 16 TDI (FFFF) TDO (FFFF);
SDR 16 TDI (FFFF) TDO (FFFF);
SDR 16 TDI (FFFF) TDO (FFFB);
SDR 16 TDI (FFFF) TDO (BFBF);
SDR 16 TDI (FFFF) TDO (FFFB);
SDR 16 TDI (FFFF) TDO (FFFF);
SDR 16 TDI (FFFF) TDO (FFFF);
SDR 16 TDI (FFFF) TDO (7FFF);
SDR 16 TDI (FFFF) TDO (FFFF);
SDR 16 TDI (FFFF) TDO (FFFF);
SDR 16 TDI (FFFF) TDO (FFFF);
SDR 16 TDI (FFFF) TDO (BFFF);
SDR 16 TDI (FFFF) TDO (FFFF);
SDR 16 TDI (FFFF) TDO (FFFF);
SDR 16 TDI (FFFF) TDO (FFFF);
SDR 16 TDI (FFFF) TDO (7FFF);
SDR 16 TDI (FFFF) TDO (FFFF);
SDR 16 TDI (FFFF) TDO (FFFF);
SDR 16 TDI (FFFF) TDO (FFFF);
SDR 16 TDI (FFFF) TDO (BFFF);
SDR 16 TDI (FFFF) TDO (FFFF);
SDR 16 TDI (FFFF) TDO (FFFF);
SDR 16 TDI (FFFF) TDO (FFFF);
SDR 16 TDI (FFFF) TDO (7FFF);
SDR 16 TDI (FFFF) TDO (FFFF);
SDR 16 TDI (FFFF) TDO (FFFF);
SDR 16 TDI (FFFF) TDO (FFFF);
SDR 16 TDI (FFFF) TDO (BFFF);
SDR 16 TDI (FFFF) TDO (FFFF);
SDR 16 TDI (FFFF) TDO (FFFF);
SDR 16 TDI (FFFF) TDO (FFFF);
SDR 16 TDI (FFFF) TDO (7FFF);
SDR 16 TDI (FFFF) TDO (FFFF);
SDR 16 TDI (FFFF) TDO (FFFF);
SDR 16 TDI (FFFF) TDO (FFFF);
SDR 16 TDI (FFFF) TDO (BEFF);
SDR 16 TDI (FFFF) TDO (FFFF);
SDR 16 TDI (FFFF) TDO (FFFF);
SDR 16 TDI (FFFF) TDO (FFFF);
SDR 16 TDI (FFFF) TDO (7FFF);
SDR 16 TDI (FFFF) TDO (FFFF);
SDR 16 TDI (FFFF) TDO (FFFF);
SDR 16 TDI (FFFF) TDO (BFFF);
SDR 16 TDI (FFFF) TDO (BFFF);
SDR 16 TDI (FFFF) TDO (FFFF);
SDR 16 TDI (FFFF) TDO (FFFF);
SDR 16 TDI (FFFF) TDO (FFFF);
SDR 16 TDI (FFFF) TDO (7FFF);
SDR 16 TDI (FFFF) TDO (FFFF);
SDR 16 TDI (FFFF) TDO (FFFF);
SDR 16 TDI (FFFF) TDO (FFFF);
SDR 16 TDI (FFFF) TDO (BFFF);
SDR 16 TDI (FFFF) TDO (FFFF);
SDR 16 TDI (FFFF) TDO (FFFF);
SDR 16 TDI (FFFF) TDO (FFFF);
SDR 16 TDI (FFFF) TDO (7FFF);
SDR 16 TDI (FFFF) TDO (FFFF);
SDR 16 TDI (FFFF) TDO (FFFF);
SDR 16 TDI (FFFF) TDO (FFFF);
SDR 16 TDI (FFFF) TDO (BFFF);
SDR 16 TDI (FFFF) TDO (FFFF);
SDR 16 TDI (FFFF) TDO (FFFF);
SDR 16 TDI (FFFF) TDO (FFFF);
SDR 16 TDI (FFFF) TDO (7FFF);
SDR 16 TDI (FFFF) TDO (FFFF);
SDR 16 TDI (FFFF) TDO (FFFF);
SDR 16 TDI (FFFF) TDO (FFFB);
SDR 16 TDI (FFFF) TDO (BFFF);
SDR 16 TDI (FFFF) TDO (FFFF);
SDR 16 TDI (FFFF) TDO (FFFF);
SDR 16 TDI (FFFF) TDO (FFFF);
SDR 16 TDI (FFFF) TDO (7FFF);
SDR 16 TDI (FFFF) TDO (FFFF);
SDR 16 TDI (FFFF) TDO (FF7F);
SDR 16 TDI (FFFF) TDO (FFFF);
SDR 16 TDI (FFFF) TDO (BFFF);
SDR 16 TDI (FFFF) TDO (FFFF);
SDR 16 TDI (FFFF) TDO (FFFF);
SDR 16 TDI (FFFF) TDO (FFFF);
SDR 16 TDI (FFFF) TDO (7FFF);
SDR 16 TDI (FFFF) TDO (FFFF);
SDR 16 TDI (FFFF) TDO (FFFF);
SDR 16 TDI (FFFF) TDO (FFFF);
SDR 16 TDI (FFFF) TDO (BFFF);
SDR 16 TDI (FFFF) TDO (FFFF);
SDR 16 TDI (FFFF) TDO (FFFF);
SDR 16 TDI (FFFF) TDO (FFFF);
SDR 16 TDI (FFFF) TDO (5FFF);
SDR 16 TDI (FFFF) TDO (FFFF);
SDR 16 TDI (FFFF) TDO (FFFF);
SDR 16 TDI (FFFF) TDO (FFFF);
SDR 16 TDI (FFFF) TDO (BFFF);
SDR 16 TDI (FFFF) TDO (FFFF);
SDR 16 TDI (FFFF) TDO (FFFF);
SDR 16 TDI (FFFF) TDO (FFFF);
SDR 16 TDI (FFFF) TDO (7FFF);
SDR 16 TDI (FFFF) TDO (FFFF);
SDR 16 TDI (FFFF) TDO (FFFF);
SDR 16 TDI (FFFF) TDO (FFFB);
SDR 16 TDI (FFFF) TDO (BFFF);
SDR 16 TDI (FFFF) TDO (FFFF);
SDR 16 TDI (FFFF) TDO (FFFF);
SDR 16 TDI (FFFF) TDO (FFFF);
SDR 16 TDI (FFFF) TDO (7FFF);
SDR 16 TDI (FFFF) TDO (FFFF);
SDR 16 TDI (FFFF) TDO (FFFF);
SDR 16 TDI (FFFF) TDO (FFEF);
SDR 16 TDI (FFFF) TDO (BFFF);
SDR 16 TDI (FFFF) TDO (FFFF);
SDR 16 TDI (FFFF) TDO (FFFF);
SDR 16 TDI (FFFF) TDO (FFFF);
SDR 16 TDI (FFFF) TDO (5FFF);
SDR 16 TDI (FFFF) TDO (FFFF);
SDR 16 TDI (FFFF) TDO (FFFF);
SDR 16 TDI (FFFF) TDO (FFFF);
SDR 16 TDI (FFFF) TDO (BFFF);
SDR 16 TDI (FFFF) TDO (FFFF);
SDR 16 TDI (FFFF) TDO (FFFF);
SDR 16 TDI (FFFF) TDO (FFFF);
SDR 16 TDI (FFFF) TDO (7FFF);
SDR 16 TDI (FFFF) TDO (FFFF);
SDR 16 TDI (FFFF) TDO (FFFF);
SDR 16 TDI (FFFF) TDO (FFFF);
SDR 16 TDI (FFFF) TDO (BFFF);
SDR 16 TDI (FFFF) TDO (FFFF);
SDR 16 TDI (FFFF) TDO (FFFF);
SDR 16 TDI (FFFF) TDO (FFFF);
SDR 16 TDI (FFFF) TDO (7FFF);
SDR 16 TDI (FFFF) TDO (FFFF);
SDR 16 TDI (FFFF) TDO (FFFF);
SDR 16 TDI (FFFF) TDO (FFFF);
SDR 16 TDI (FFFF) TDO (BFFF);
SDR 16 TDI (FFFF) TDO (FFFF);
SDR 16 TDI (FFFF) TDO (FFFF);
SDR 16 TDI (FFFF) TDO (FFFF);
SDR 16 TDI (FFFF) TDO (5FFF);
SDR 16 TDI (FFFF) TDO (FFFF);
SDR 16 TDI (FFFF) TDO (FFFF);
SDR 16 TDI (FFFF) TDO (FFFF);
SDR 16 TDI (FFFF) TDO (BFFF);
SDR 16 TDI (FFFF) TDO (FFFF);
SDR 16 TDI (FFFF) TDO (FFFF);
SDR 16 TDI (FFFF) TDO (FFFF);
SDR 16 TDI (FFFF) TDO (7FFF);
SDR 16 TDI (FFFF) TDO (FFFF);
SDR 16 TDI (FFFF) TDO (FFFF);
SDR 16 TDI (FFFF) TDO (FFFF);
SDR 16 TDI (FFFF) TDO (BFFF);
SDR 16 TDI (FFFF) TDO (FFFF);
SDR 16 TDI (FFFF) TDO (FFFF);
SDR 16 TDI (FFFF) TDO (FFFF);
SDR 16 TDI (FFFF) TDO (7FFF);
SDR 16 TDI (FFFF) TDO (FFFF);
SDR 16 TDI (FFFF) TDO (FFFF);
SDR 16 TDI (FFFF) TDO (FFFF);
SDR 16 TDI (FFFF) TDO (BFFF);
SDR 16 TDI (FFFF) TDO (FFFF);
SDR 16 TDI (FFFF) TDO (FFFF);
SDR 16 TDI (FFFF) TDO (FFFF);
SDR 16 TDI (FFFF) TDO (7FFF);
SDR 16 TDI (FFFF) TDO (FFFF);
SDR 16 TDI (FFFF) TDO (FFFF);
SDR 16 TDI (FFFF) TDO (FFFF);
SDR 16 TDI (FFFF) TDO (BFFF);
SDR 16 TDI (FFFF) TDO (FFFF);
SDR 16 TDI (FFFF) TDO (FFFF);
SDR 16 TDI (FFFF) TDO (FFFF);
SDR 16 TDI (FFFF) TDO (7FFF);
SDR 16 TDI (FFFF) TDO (FFFF);
SDR 16 TDI (FFFF) TDO (FFBF);
SDR 16 TDI (FFFF) TDO (FFEF);
SDR 16 TDI (FFFF) TDO (BFFF);
SDR 16 TDI (FFFF) TDO (FFFF);
SDR 16 TDI (FFFF) TDO (FFFF);
SDR 16 TDI (FFFF) TDO (FFFF);
SDR 16 TDI (FFFF) TDO (7FFF);
SDR 16 TDI (FFFF) TDO (FFFF);
SDR 16 TDI (FFFF) TDO (FFFF);
SDR 16 TDI (FFFF) TDO (FFFF);
SDR 16 TDI (FFFF) TDO (BFFF);
SDR 16 TDI (FFFF) TDO (FFFF);
SDR 16 TDI (FFFF) TDO (FFFF);
SDR 16 TDI (FFFF) TDO (FFFF);
SDR 16 TDI (FFFF) TDO (7FFF);
SDR 16 TDI (FFFF) TDO (FFFF);
SDR 16 TDI (FFFF) TDO (FFFF);
SDR 16 TDI (FFFF) TDO (FFFF);
SDR 16 TDI (FFFF) TDO (BFFF);
SDR 16 TDI (FFFF) TDO (FFFF);
SDR 16 TDI (FFFF) TDO (FFFF);
SDR 16 TDI (FFFF) TDO (FFFF);
SDR 16 TDI (FFFF) TDO (7FFF);
SDR 16 TDI (FFFF) TDO (FFFF);
SDR 16 TDI (FFFF) TDO (FFFF);
SDR 16 TDI (FFFF) TDO (FFFF);
SDR 16 TDI (FFFF) TDO (BFFF);
SDR 16 TDI (FFFF) TDO (FFFF);
SDR 16 TDI (FFFF) TDO (FFFF);
SDR 16 TDI (FFFF) TDO (FFFF);
SDR 16 TDI (FFFF) TDO (7FFF);
SDR 16 TDI (FFFF) TDO (FFFF);
SDR 16 TDI (FFFF) TDO (FFFB);
SDR 16 TDI (FFFF) TDO (FFFF);
SDR 16 TDI (FFFF) TDO (BFFF);
SDR 16 TDI (FFFF) TDO (FFFF);
SDR 16 TDI (FFFF) TDO (FFFF);
SDR 16 TDI (FFFF) TDO (FFFF);
SDR 16 TDI (FFFF) TDO (7FFF);
SDR 16 TDI (FFFF) TDO (FFFF);
SDR 16 TDI (FFFF) TDO (FFFF);
SDR 16 TDI (FFFF) TDO (FFFF);
SDR 16 TDI (FFFF) TDO (BFFF);
SDR 16 TDI (FFFF) TDO (FFFF);
SDR 16 TDI (FFFF) TDO (FFFF);
SDR 16 TDI (FFFF) TDO (FFFF);
SDR 16 TDI (FFFF) TDO (7FFF);
SDR 16 TDI (FFFF) TDO (FFFF);
SDR 16 TDI (FFFF) TDO (FFFF);
SDR 16 TDI (FFFF) TDO (FFFF);
SDR 16 TDI (FFFF) TDO (BFFF);
SDR 16 TDI (FFFF) TDO (FFFF);
SDR 16 TDI (FFFF) TDO (FFFF);
SDR 16 TDI (FFFF) TDO (FFFF);
SDR 16 TDI (FFFF) TDO (7FFF);
SDR 16 TDI (FFFF) TDO (FFFF);
SDR 16 TDI (FFFF) TDO (FFFF);
SDR 16 TDI (FFFF) TDO (FFFF);
SDR 16 TDI (FFFF) TDO (BFFF);
SDR 16 TDI (FFFF) TDO (FFFF);
SDR 16 TDI (FFFF) TDO (FFFF);
SDR 16 TDI (FFFF) TDO (FFFF);
SDR 16 TDI (FFFF) TDO (5FFF);
SDR 16 TDI (FFFF) TDO (FFFF);
SDR 16 TDI (FFFF) TDO (FFFF);
SDR 16 TDI (FFFF) TDO (FFFF);
SDR 16 TDI (FFFF) TDO (BFFF);
SDR 16 TDI (FFFF) TDO (FFFF);
SDR 16 TDI (FFFF) TDO (FFFF);
SDR 16 TDI (FFFF) TDO (FFFF);
SDR 16 TDI (FFFF) TDO (7FFF);
SDR 16 TDI (FFFF) TDO (FFFF);
SDR 16 TDI (FFFF) TDO (FFFF);
SDR 16 TDI (FFFF) TDO (FFFF);
SDR 16 TDI (FFFF) TDO (BFFF);
SDR 16 TDI (FFFF) TDO (FFFF);
SDR 16 TDI (FFFF) TDO (FFFF);
SDR 16 TDI (FFFF) TDO (FFFF);
SDR 16 TDI (FFFF) TDO (7FFF);
SDR 16 TDI (FFFF) TDO (FFFF);
SDR 16 TDI (FFFF) TDO (FFFF);
SDR 16 TDI (FFFF) TDO (FFFF);
SDR 16 TDI (FFFF) TDO (BFFF);
SDR 16 TDI (FFFF) TDO (FFFF);
SDR 16 TDI (FFFF) TDO (FFFF);
SDR 16 TDI (FFFF) TDO (FFFF);
SDR 16 TDI (FFFF) TDO (5FFF);
SDR 16 TDI (FFFF) TDO (FFFF);
SDR 16 TDI (FFFF) TDO (FFFF);
SDR 16 TDI (FFFF) TDO (FFFF);
SDR 16 TDI (FFFF) TDO (BFFF);
SDR 16 TDI (FFFF) TDO (FFFF);
SDR 16 TDI (FFFF) TDO (FFFF);
SDR 16 TDI (FFFF) TDO (FFFF);
SDR 16 TDI (FFFF) TDO (7FFF);
SDR 16 TDI (FFFF) TDO (FFFF);
SDR 16 TDI (FFFF) TDO (FFBF);
SDR 16 TDI (FFFF) TDO (FFFF);
SDR 16 TDI (FFFF) TDO (BFFF);
SDR 16 TDI (FFFF) TDO (FFFF);
SDR 16 TDI (FFFF) TDO (FFFF);
SDR 16 TDI (FFFF) TDO (FFFF);
SDR 16 TDI (FFFF) TDO (7FFF);
SDR 16 TDI (FFFF) TDO (FFFF);
SDR 16 TDI (FFFF) TDO (FFFF);
SDR 16 TDI (FFFF) TDO (FFFF);
SDR 16 TDI (FFFF) TDO (BFFF);
SDR 16 TDI (FFFF) TDO (FFFF);
SDR 16 TDI (FFFF) TDO (FFFF);
SDR 16 TDI (FFFF) TDO (FFFF);
SDR 16 TDI (FFFF) TDO (7FFF);
SDR 16 TDI (FFFF) TDO (FFFF);
SDR 16 TDI (FFFF) TDO (FFFF);
SDR 16 TDI (FFFF) TDO (FFFF);
SDR 16 TDI (FFFF) TDO (BFFF);
SDR 16 TDI (FFFF) TDO (FFFF);
SDR 16 TDI (FFFF) TDO (FFFF);
SDR 16 TDI (FFFF) TDO (FFFF);
SDR 16 TDI (FFFF) TDO (7FFF);
SDR 16 TDI (FFFF) TDO (FFFF);
SDR 16 TDI (FFFF) TDO (FFFF);
SDR 16 TDI (FFFF) TDO (FFFF);
SDR 16 TDI (FFFF) TDO (BFFF);
SDR 16 TDI (FFFF) TDO (FFFF);
SDR 16 TDI (FFFF) TDO (FFFF);
SDR 16 TDI (FFFF) TDO (FFFF);
SDR 16 TDI (FFFF) TDO (7FFF);
SDR 16 TDI (FFFF) TDO (FFFF);
SDR 16 TDI (FFFF) TDO (FF7B);
SDR 16 TDI (FFFF) TDO (FFFF);
SDR 16 TDI (FFFF) TDO (BFFF);
SDR 16 TDI (FFFF) TDO (FFFF);
SDR 16 TDI (FFFF) TDO (FFFF);
SDR 16 TDI (FFFF) TDO (FFFF);
SDR 16 TDI (FFFF) TDO (5FFF);
SDR 16 TDI (FFFF) TDO (FFFF);
SDR 16 TDI (FFFF) TDO (FFFF);
SDR 16 TDI (FFFF) TDO (FFFF);
SDR 16 TDI (FFFF) TDO (BFFF);
SDR 16 TDI (FFFF) TDO (FEEE);
SDR 16 TDI (FFFF) TDO (FFD9);
SDR 16 TDI (FFFF) TDO (FFFF);
SDR 16 TDI (FFFF) TDO (7F73);
SDR 16 TDI (FFFF) TDO (7FCE);
SDR 16 TDI (FFFF) TDO (FFFF);
SDR 16 TDI (FFFF) TDO (FCCD);
SDR 16 TDI (FFFF) TDO (BFF7);
SDR 16 TDI (FFFF) TDO (67FF);
SDR 16 TDI (FFFF) TDO (FE6E);
SDR 16 TDI (FFFF) TDO (FFD9);
SDR 16 TDI (FFFF) TDO (7FFF);
SDR 16 TDI (FFFF) TDO (FF33);
SDR 16 TDI (FFFF) TDO (3FCC);
SDR 16 TDI (FFFF) TDO (CFFF);
SDR 16 TDI (FFFF) TDO (BFCC);
SDR 16 TDI (FFFF) TDO (CDF3);
SDR 16 TDI (FFFF) TDO (33FF);
SDR 16 TDI (FFFF) TDO (FF37);
SDR 16 TDI (FFFF) TDO (67FD);
SDR 16 TDI (FFFF) TDO (DFFF);
SDR 16 TDI (FFFF) TDO (FFFF);
SDR 16 TDI (FFFF) TDO (BFF7);
SDR 16 TDI (FFFF) TDO (AEFF);
SDR 16 TDI (FFFF) TDO (FFCD);
SDR 16 TDI (FFFF) TDO (DFF3);
SDR 16 TDI (FFFF) TDO (BFFF);
SDR 16 TDI (FFFF) TDO (7FE6);
SDR 16 TDI (FFFF) TDO (67FD);
SDR 16 TDI (FFFF) TDO (DDFF);
SDR 16 TDI (FFFF) TDO (FFFF);
SDR 16 TDI (FFFF) TDO (BFFF);
SDR 16 TDI (FFFF) TDO (FFFF);
SDR 16 TDI (FFFF) TDO (FFFF);
SDR 16 TDI (FFFF) TDO (FFFF);
SDR 16 TDI (FFFF) TDO (7FFF);
SDR 16 TDI (FFFF) TDO (FFFF);
SDR 16 TDI (FFFF) TDO (FFFF);
SDR 16 TDI (FFFF) TDO (FFFF);
SDR 16 TDI (FFFF) TDO (BFFF);
SDR 16 TDI (FFFF) TDO (FFFF);
SDR 16 TDI (FFFF) TDO (FFFF);
SDR 16 TDI (FFFF) TDO (FFFF);
SDR 16 TDI (FFFF) TDO (7FFF);
SDR 16 TDI (FFFF) TDO (FFFF);
SDR 16 TDI (FFFF) TDO (FFFF);
SDR 16 TDI (FFFF) TDO (FFFF);
SDR 16 TDI (FFFF) TDO (BFFF);
SDR 16 TDI (FFFF) TDO (FFFF);
SDR 16 TDI (FFFF) TDO (FFFF);
SDR 16 TDI (FFFF) TDO (FFFF);
SDR 16 TDI (FFFF) TDO (7FFF);
SDR 16 TDI (FFFF) TDO (FFFF);
SDR 16 TDI (FFFF) TDO (FFFF);
SDR 16 TDI (FFFF) TDO (FFFF);
SDR 16 TDI (FFFF) TDO (BFFF);
SDR 16 TDI (FFFF) TDO (FFFF);
SDR 16 TDI (FFFF) TDO (FFFF);
SDR 16 TDI (FFFF) TDO (FFFF);
SDR 16 TDI (FFFF) TDO (7FFF);
SDR 16 TDI (FFFF) TDO (FFFF);
SDR 16 TDI (FFFF) TDO (FFFF);
SDR 16 TDI (FFFF) TDO (FFFF);
SDR 16 TDI (FFFF) TDO (BFFC);
SDR 16 TDI (FFFF) TDO (F9E7);
SDR 16 TDI (FFFF) TDO (CF9F);
SDR 16 TDI (FFFF) TDO (FFF3);
SDR 16 TDI (FFFF) TDO (5CF3);
SDR 16 TDI (FFFF) TDO (E7CF);
SDR 16 TDI (FFFF) TDO (FFF9);
SDR 16 TDI (FFFF) TDO (F3CF);
SDR 16 TDI (FFFF) TDO (B3E7);
SDR 16 TDI (FFFF) TDO (9FFC);
SDR 16 TDI (FFFF) TDO (F9E7);
SDR 16 TDI (FFFF) TDO (CF9F);
SDR 16 TDI (FFFF) TDO (7FFE);
SDR 16 TDI (FFFF) TDO (7CF3);
SDR 16 TDI (FFFF) TDO (E7CF);
SDR 16 TDI (FFFF) TDO (3FFC);
SDR 16 TDI (FFFF) TDO (BF3F);
SDR 16 TDI (FFFF) TDO (FFFF);
SDR 16 TDI (FFFF) TDO (FFFE);
SDR 16 TDI (FFFF) TDO (7CFF);
SDR 16 TDI (FFFF) TDO (7CF9);
SDR 16 TDI (FFFF) TDO (FFFF);
SDR 16 TDI (FFFF) TDO (3E79);
SDR 16 TDI (FFFF) TDO (F3E7);
SDR 16 TDI (FFFF) TDO (B3FF);
SDR 16 TDI (FFFF) TDO (9F3C);
SDR 16 TDI (FFFF) TDO (F9F3);
SDR 16 TDI (FFFF) TDO (FFFE);
SDR 16 TDI (FFFF) TDO (4F9E);
SDR 16 TDI (FFFF) TDO (7CF9);
SDR 16 TDI (FFFF) TDO (E7FF);
SDR 16 TDI (FFFF) TDO (FFFF);
SDR 16 TDI (FFFF) TDO (BFFF);
SDR 16 TDI (FFFF) TDO (FFFF);
SDR 16 TDI (FFFF) TDO (FFFF);
SDR 16 TDI (FFFF) TDO (FFFF);
SDR 16 TDI (FFFF) TDO (7FFF);
SDR 16 TDI (FFFF) TDO (FFFF);
SDR 16 TDI (FFFF) TDO (FFFF);
SDR 16 TDI (FFFF) TDO (FFFF);
SDR 16 TDI (FFFF) TDO (BFFF);
SDR 16 TDI (FFFF) TDO (FFFF);
SDR 16 TDI (FFFF) TDO (FFFF);
SDR 16 TDI (FFFF) TDO (FFFF);
SDR 16 TDI (FFFF) TDO (7FFF);
SDR 16 TDI (FFFF) TDO (FFFF);
SDR 16 TDI (FFFF) TDO (FFFF);
SDR 16 TDI (FFFF) TDO (FFFF);
SDR 16 TDI (FFFF) TDO (BFFF);
SDR 16 TDI (FFFF) TDO (FFFF);
SDR 16 TDI (FFFF) TDO (FFFF);
SDR 16 TDI (FFFF) TDO (FFFF);
SDR 16 TDI (FFFF) TDO (7FFF);
SDR 16 TDI (FFFF) TDO (FFFF);
SDR 16 TDI (FFFF) TDO (FFFF);
SDR 16 TDI (FFFF) TDO (FFFF);
SDR 16 TDI (FFFF) TDO (BFFF);
SDR 16 TDI (FFFF) TDO (FFFF);
SDR 16 TDI (FFFF) TDO (FFFF);
SDR 16 TDI (FFFF) TDO (FFFF);
SDR 16 TDI (FFFF) TDO (7FFF);
SDR 16 TDI (FFFF) TDO (FFFF);
SDR 16 TDI (FFFF) TDO (FFFF);
SDR 16 TDI (FFFF) TDO (FFFF);
SDR 16 TDI (FFFF) TDO (BFFF);
SDR 16 TDI (FFFF) TDO (FFFF);
SDR 16 TDI (FFFF) TDO (FFFF);
SDR 16 TDI (FFFF) TDO (FFFF);
SDR 16 TDI (FFFF) TDO (7FFF);
SDR 16 TDI (FFFF) TDO (FFFF);
SDR 16 TDI (FFFF) TDO (FFFF);
SDR 16 TDI (FFFF) TDO (FFFF);
SDR 16 TDI (FFFF) TDO (BFFF);
SDR 16 TDI (FFFF) TDO (FFFF);
SDR 16 TDI (FFFF) TDO (FFFF);
SDR 16 TDI (FFFF) TDO (FFFF);
SDR 16 TDI (FFFF) TDO (7FFF);
SDR 16 TDI (FFFF) TDO (FFFF);
SDR 16 TDI (FFFF) TDO (FFFF);
SDR 16 TDI (FFFF) TDO (FFFF);
SDR 16 TDI (FFFF) TDO (BFFF);
SDR 16 TDI (FFFF) TDO (FFFF);
SDR 16 TDI (FFFF) TDO (FFFF);
SDR 16 TDI (FFFF) TDO (FFFF);
SDR 16 TDI (FFFF) TDO (7FFF);
SDR 16 TDI (FFFF) TDO (FFFF);
SDR 16 TDI (FFFF) TDO (FFFF);
SDR 16 TDI (FFFF) TDO (FFFF);
SDR 16 TDI (FFFF) TDO (BFFF);
SDR 16 TDI (FFFF) TDO (FFFF);
SDR 16 TDI (FFFF) TDO (FFFF);
SDR 16 TDI (FFFF) TDO (FFFF);
SDR 16 TDI (FFFF) TDO (7FFF);
SDR 16 TDI (FFFF) TDO (FFFF);
SDR 16 TDI (FFFF) TDO (FFFF);
SDR 16 TDI (FFFF) TDO (FFFF);
SDR 16 TDI (FFFF) TDO (BFFF);
SDR 16 TDI (FFFF) TDO (FFFF);
SDR 16 TDI (FFFF) TDO (FFFF);
SDR 16 TDI (FFFF) TDO (FFFF);
SDR 16 TDI (FFFF) TDO (7FFF);
SDR 16 TDI (FFFF) TDO (FFFF);
SDR 16 TDI (FFFF) TDO (FFFF);
SDR 16 TDI (FFFF) TDO (FFFF);
SDR 16 TDI (FFFF) TDO (BFFF);
SDR 16 TDI (FFFF) TDO (FFFF);
SDR 16 TDI (FFFF) TDO (FFFF);
SDR 16 TDI (FFFF) TDO (FFFF);
SDR 16 TDI (FFFF) TDO (7FFF);
SDR 16 TDI (FFFF) TDO (FFFF);
SDR 16 TDI (FFFF) TDO (FFFF);
SDR 16 TDI (FFFF) TDO (FFFF);
SDR 16 TDI (FFFF) TDO (BFFF);
SDR 16 TDI (FFFF) TDO (FFFF);
SDR 16 TDI (FFFF) TDO (FFFF);
SDR 16 TDI (FFFF) TDO (FFFF);
SDR 16 TDI (FFFF) TDO (7FFF);
SDR 16 TDI (FFFF) TDO (FFFF);
SDR 16 TDI (FFFF) TDO (FFFF);
SDR 16 TDI (FFFF) TDO (FFFF);
SDR 16 TDI (FFFF) TDO (BFFF);
SDR 16 TDI (FFFF) TDO (FFFF);
SDR 16 TDI (FFFF) TDO (FFFF);
SDR 16 TDI (FFFF) TDO (FFFF);
SDR 16 TDI (FFFF) TDO (7FFF);
SDR 16 TDI (FFFF) TDO (FFFF);
SDR 16 TDI (FFFF) TDO (FFFF);
SDR 16 TDI (FFFF) TDO (FFFF);
SDR 16 TDI (FFFF) TDO (BFFF);
SDR 16 TDI (FFFF) TDO (FFFF);
SDR 16 TDI (FFFF) TDO (FFFF);
SDR 16 TDI (FFFF) TDO (FFFF);
SDR 16 TDI (FFFF) TDO (7FFF);
SDR 16 TDI (FFFF) TDO (FFFF);
SDR 16 TDI (FFFF) TDO (FFFF);
SDR 16 TDI (FFFF) TDO (FFFF);
SDR 16 TDI (FFFF) TDO (BFFF);
SDR 16 TDI (FFFF) TDO (FFFF);
SDR 16 TDI (FFFF) TDO (FFFF);
SDR 16 TDI (FFFF) TDO (FFFF);
SDR 16 TDI (FFFF) TDO (7FFF);
SDR 16 TDI (FFFF) TDO (FFFF);
SDR 16 TDI (FFFF) TDO (FFFF);
SDR 16 TDI (FFFF) TDO (FFFF);
SDR 16 TDI (FFFF) TDO (BFFF);
SDR 16 TDI (FFFF) TDO (FFFF);
SDR 16 TDI (FFFF) TDO (FFFF);
SDR 16 TDI (FFFF) TDO (FFFF);
SDR 16 TDI (FFFF) TDO (7FFF);
SDR 16 TDI (FFFF) TDO (FFFF);
SDR 16 TDI (FFFF) TDO (FFFF);
SDR 16 TDI (FFFF) TDO (FFFF);
SDR 16 TDI (FFFF) TDO (BFFF);
SDR 16 TDI (FFFF) TDO (FFFF);
SDR 16 TDI (FFFF) TDO (FFFF);
SDR 16 TDI (FFFF) TDO (FFFF);
SDR 16 TDI (FFFF) TDO (7FFF);
SDR 16 TDI (FFFF) TDO (FFFF);
SDR 16 TDI (FFFF) TDO (FFFF);
SDR 16 TDI (FFFF) TDO (FFFF);
SDR 16 TDI (FFFF) TDO (BFFF);
SDR 16 TDI (FFFF) TDO (FFFF);
SDR 16 TDI (FFFF) TDO (FFFF);
SDR 16 TDI (FFFF) TDO (FFFF);
SDR 16 TDI (FFFF) TDO (7FFF);
SDR 16 TDI (FFFF) TDO (FFFF);
SDR 16 TDI (FFFF) TDO (FFFF);
SDR 16 TDI (FFFF) TDO (FFFF);
SDR 16 TDI (FFFF) TDO (BFFF);
SDR 16 TDI (FFFF) TDO (FFFF);
SDR 16 TDI (FFFF) TDO (FFFF);
SDR 16 TDI (FFFF) TDO (FFFF);
SDR 16 TDI (FFFF) TDO (7FFF);
SDR 16 TDI (FFFF) TDO (FFFF);
SDR 16 TDI (FFFF) TDO (FFFF);
SDR 16 TDI (FFFF) TDO (FFFF);
SDR 16 TDI (FFFF) TDO (BFFF);
SDR 16 TDI (FFFF) TDO (FFFF);
SDR 16 TDI (FFFF) TDO (FFFF);
SDR 16 TDI (FFFF) TDO (FFFF);
SDR 16 TDI (FFFF) TDO (7FFF);
SDR 16 TDI (FFFF) TDO (FFFF);
SDR 16 TDI (FFFF) TDO (FFFF);
SDR 16 TDI (FFFF) TDO (FFFF);
SDR 16 TDI (FFFF) TDO (BFFF);
SDR 16 TDI (FFFF) TDO (FFFF);
SDR 16 TDI (FFFF) TDO (FFFF);
SDR 16 TDI (FFFF) TDO (FFFF);
SDR 16 TDI (FFFF) TDO (7FFF);
SDR 16 TDI (FFFF) TDO (FFFF);
SDR 16 TDI (FFFF) TDO (FFFF);
SDR 16 TDI (FFFF) TDO (FFFF);
SDR 16 TDI (FFFF) TDO (BFFF);
SDR 16 TDI (FFFF) TDO (FFFF);
SDR 16 TDI (FFFF) TDO (FFFF);
SDR 16 TDI (FFFF) TDO (FFFF);
SDR 16 TDI (FFFF) TDO (7FFF);
SDR 16 TDI (FFFF) TDO (FFFF);
SDR 16 TDI (FFFF) TDO (FFFF);
SDR 16 TDI (FFFF) TDO (FFFF);
SDR 16 TDI (FFFF) TDO (BFFF);
SDR 16 TDI (FFFF) TDO (FFFF);
SDR 16 TDI (FFFF) TDO (FFFF);
SDR 16 TDI (FFFF) TDO (FFFF);
SDR 16 TDI (FFFF) TDO (7FFF);
SDR 16 TDI (FFFF) TDO (FFFF);
SDR 16 TDI (FFFF) TDO (FFFF);
SDR 16 TDI (FFFF) TDO (FFFF);
SDR 16 TDI (FFFF) TDO (BFFF);
SDR 16 TDI (FFFF) TDO (FFFF);
SDR 16 TDI (FFFF) TDO (FFFF);
SDR 16 TDI (FFFF) TDO (FFFF);
SDR 16 TDI (FFFF) TDO (7FFF);
SDR 16 TDI (FFFF) TDO (FFFF);
SDR 16 TDI (FFFF) TDO (FFFF);
SDR 16 TDI (FFFF) TDO (FFFF);
SDR 16 TDI (FFFF) TDO (BFFF);
SDR 16 TDI (FFFF) TDO (FFFF);
SDR 16 TDI (FFFF) TDO (FFFF);
SDR 16 TDI (FFFF) TDO (FFFF);
SDR 16 TDI (FFFF) TDO (7FFF);
SDR 16 TDI (FFFF) TDO (FFFF);
SDR 16 TDI (FFFF) TDO (FFFF);
SDR 16 TDI (FFFF) TDO (FFFF);
SDR 16 TDI (FFFF) TDO (BFFF);
SDR 16 TDI (FFFF) TDO (FFFF);
SDR 16 TDI (FFFF) TDO (FFFF);
SDR 16 TDI (FFFF) TDO (FFFF);
SDR 16 TDI (FFFF) TDO (7FFF);
SDR 16 TDI (FFFF) TDO (FFFF);
SDR 16 TDI (FFFF) TDO (FFFF);
SDR 16 TDI (FFFF) TDO (FFFF);
SDR 16 TDI (FFFF) TDO (BFFF);
SDR 16 TDI (FFFF) TDO (FFFF);
SDR 16 TDI (FFFF) TDO (FFFF);
SDR 16 TDI (FFFF) TDO (FFFF);
SDR 16 TDI (FFFF) TDO (7FFF);
SDR 16 TDI (FFFF) TDO (FFFF);
SDR 16 TDI (FFFF) TDO (FFFF);
SDR 16 TDI (FFFF) TDO (FFFF);
SDR 16 TDI (FFFF) TDO (BFFF);
SDR 16 TDI (FFFF) TDO (FFFF);
SDR 16 TDI (FFFF) TDO (FFFF);
SDR 16 TDI (FFFF) TDO (FFFF);
SDR 16 TDI (FFFF) TDO (7FFF);
SDR 16 TDI (FFFF) TDO (FFFF);
SDR 16 TDI (FFFF) TDO (FFFF);
SDR 16 TDI (FFFF) TDO (FFFF);
SDR 16 TDI (FFFF) TDO (BFFF);
SDR 16 TDI (FFFF) TDO (FFFF);
SDR 16 TDI (FFFF) TDO (FFFF);
SDR 16 TDI (FFFF) TDO (FFFF);
SDR 16 TDI (FFFF) TDO (7FFF);
SDR 16 TDI (FFFF) TDO (FFFF);
SDR 16 TDI (FFFF) TDO (FFFF);
SDR 16 TDI (FFFF) TDO (FFFF);
SDR 16 TDI (FFFF) TDO (BFFF);
SDR 16 TDI (FFFF) TDO (FFFF);
SDR 16 TDI (FFFF) TDO (FFFF);
SDR 16 TDI (FFFF) TDO (FFFF);
SDR 16 TDI (FFFF) TDO (7FFF);
SDR 16 TDI (FFFF) TDO (FFFF);
SDR 16 TDI (FFFF) TDO (FFFF);
SDR 16 TDI (FFFF) TDO (FFFF);
SDR 16 TDI (FFFF) TDO (BFFF);
SDR 16 TDI (FFFF) TDO (FFFF);
SDR 16 TDI (FFFF) TDO (FFFF);
SDR 16 TDI (FFFF) TDO (FFFF);
SDR 16 TDI (FFFF) TDO (7FFF);
SDR 16 TDI (FFFF) TDO (FFFF);
SDR 16 TDI (FFFF) TDO (FFFF);
SDR 16 TDI (FFFF) TDO (FFFF);
SDR 16 TDI (FFFF) TDO (BFFF);
SDR 16 TDI (FFFF) TDO (FFFF);
SDR 16 TDI (FFFF) TDO (FFFF);
SDR 16 TDI (FFFF) TDO (FFFF);
SDR 16 TDI (FFFF) TDO (7FFF);
SDR 16 TDI (FFFF) TDO (FFFF);
SDR 16 TDI (FFFF) TDO (FFFF);
SDR 16 TDI (FFFF) TDO (FFFF);
SDR 16 TDI (FFFF) TDO (BFFF);
SDR 16 TDI (FFFF) TDO (FFFF);
SDR 16 TDI (FFFF) TDO (FFFF);
SDR 16 TDI (FFFF) TDO (FFFF);
SDR 16 TDI (FFFF) TDO (7FFF);
SDR 16 TDI (FFFF) TDO (FFFF);
SDR 16 TDI (FFFF) TDO (FFFF);
SDR 16 TDI (FFFF) TDO (FFFF);
SDR 16 TDI (FFFF) TDO (BFFF);
SDR 16 TDI (FFFF) TDO (FFFF);
SDR 16 TDI (FFFF) TDO (FFFF);
SDR 16 TDI (FFFF) TDO (FFFF);
SDR 16 TDI (FFFF) TDO (7FFF);
SDR 16 TDI (FFFF) TDO (FFFF);
SDR 16 TDI (FFFF) TDO (FFFF);
SDR 16 TDI (FFFF) TDO (FFFF);
SDR 16 TDI (FFFF) TDO (BFFF);
SDR 16 TDI (FFFF) TDO (FFFF);
SDR 16 TDI (FFFF) TDO (FFFF);
SDR 16 TDI (FFFF) TDO (FFFF);
SDR 16 TDI (FFFF) TDO (7FFF);
SDR 16 TDI (FFFF) TDO (FFFF);
SDR 16 TDI (FFFF) TDO (FFFF);
SDR 16 TDI (FFFF) TDO (FFFF);
SDR 16 TDI (FFFF) TDO (BFFF);
SDR 16 TDI (FFFF) TDO (FFFF);
SDR 16 TDI (FFFF) TDO (FFFF);
SDR 16 TDI (FFFF) TDO (FFFF);
SDR 16 TDI (FFFF) TDO (7FFF);
SDR 16 TDI (FFFF) TDO (FFFF);
SDR 16 TDI (FFFF) TDO (FFFF);
SDR 16 TDI (FFFF) TDO (FFFF);
SDR 16 TDI (FFFF) TDO (BFFF);
SDR 16 TDI (FFFF) TDO (FFFF);
SDR 16 TDI (FFFF) TDO (FFFF);
SDR 16 TDI (FFFF) TDO (FFFF);
SDR 16 TDI (FFFF) TDO (7FFF);
SDR 16 TDI (FFFF) TDO (FFFF);
SDR 16 TDI (FFFF) TDO (FFFF);
SDR 16 TDI (FFFF) TDO (FFFF);
SDR 16 TDI (FFFF) TDO (BFFF);
SDR 16 TDI (FFFF) TDO (FFFF);
SDR 16 TDI (FFFF) TDO (FFFF);
SDR 16 TDI (FFFF) TDO (FFFF);
SDR 16 TDI (FFFF) TDO (7FFF);
SDR 16 TDI (FFFF) TDO (FFFF);
SDR 16 TDI (FFFF) TDO (FFFF);
SDR 16 TDI (FFFF) TDO (FFFF);
SDR 16 TDI (FFFF) TDO (BFFF);
SDR 16 TDI (FFFF) TDO (FFFF);
SDR 16 TDI (FFFF) TDO (FFFF);
SDR 16 TDI (FFFF) TDO (FFFF);
SDR 16 TDI (FFFF) TDO (7FFF);
SDR 16 TDI (FFFF) TDO (FFFF);
SDR 16 TDI (FFFF) TDO (FFFF);
SDR 16 TDI (FFFF) TDO (FFFF);
SDR 16 TDI (FFFF) TDO (BFFF);
SDR 16 TDI (FFFF) TDO (FFFF);
SDR 16 TDI (FFFF) TDO (FFFF);
SDR 16 TDI (FFFF) TDO (FFFF);
SDR 16 TDI (FFFF) TDO (7FFF);
SDR 16 TDI (FFFF) TDO (FFFF);
SDR 16 TDI (FFFF) TDO (FFFF);
SDR 16 TDI (FFFF) TDO (FFFF);
SDR 16 TDI (FFFF) TDO (BFFF);
SDR 16 TDI (FFFF) TDO (FFFF);
SDR 16 TDI (FFFF) TDO (FFFF);
SDR 16 TDI (FFFF) TDO (FFFF);
SDR 16 TDI (FFFF) TDO (7FFF);
SDR 16 TDI (FFFF) TDO (FFFF);
SDR 16 TDI (FFFF) TDO (FFFF);
SDR 16 TDI (FFFF) TDO (FFFF);
SDR 16 TDI (FFFF) TDO (BFFF);
SDR 16 TDI (FFFF) TDO (FFFF);
SDR 16 TDI (FFFF) TDO (FFFF);
SDR 16 TDI (FFFF) TDO (FFFF);
SDR 16 TDI (FFFF) TDO (7FFF);
SDR 16 TDI (FFFF) TDO (FFFF);
SDR 16 TDI (FFFF) TDO (FFFF);
SDR 16 TDI (FFFF) TDO (FFFF);
SDR 16 TDI (FFFF) TDO (BFFF);
SDR 16 TDI (FFFF) TDO (FFFF);
SDR 16 TDI (FFFF) TDO (FFFF);
SDR 16 TDI (FFFF) TDO (FFFF);
SDR 16 TDI (FFFF) TDO (7FFF);
SDR 16 TDI (FFFF) TDO (FFFF);
SDR 16 TDI (FFFF) TDO (FFFF);
SDR 16 TDI (FFFF) TDO (FFFF);
SDR 16 TDI (FFFF) TDO (BFFF);
SDR 16 TDI (FFFF) TDO (FFFF);
SDR 16 TDI (FFFF) TDO (FFFF);
SDR 16 TDI (FFFF) TDO (FFFF);
SDR 16 TDI (FFFF) TDO (7FFF);
SDR 16 TDI (FFFF) TDO (FFFF);
SDR 16 TDI (FFFF) TDO (FFFF);
SDR 16 TDI (FFFF) TDO (FFFF);
SDR 16 TDI (FFFF) TDO (BFFF);
SDR 16 TDI (FFFF) TDO (FFFF);
SDR 16 TDI (FFFF) TDO (FFFF);
SDR 16 TDI (FFFF) TDO (FFFF);
SDR 16 TDI (FFFF) TDO (7FFF);
SDR 16 TDI (FFFF) TDO (FFFF);
SDR 16 TDI (FFFF) TDO (FFFF);
SDR 16 TDI (FFFF) TDO (FFFF);
SDR 16 TDI (FFFF) TDO (BFFF);
SDR 16 TDI (FFFF) TDO (FFFF);
SDR 16 TDI (FFFF) TDO (FFFF);
SDR 16 TDI (FFFF) TDO (FFFF);
SDR 16 TDI (FFFF) TDO (7FFF);
SDR 16 TDI (FFFF) TDO (FFFF);
SDR 16 TDI (FFFF) TDO (FFFF);
SDR 16 TDI (FFFF) TDO (FFFF);
SDR 16 TDI (FFFF) TDO (BFFF);
SDR 16 TDI (FFFF) TDO (FFFF);
SDR 16 TDI (FFFF) TDO (FFFF);
SDR 16 TDI (FFFF) TDO (FFFF);
SDR 16 TDI (FFFF) TDO (7FFF);
SDR 16 TDI (FFFF) TDO (FFFF);
SDR 16 TDI (FFFF) TDO (FFFF);
SDR 16 TDI (FFFF) TDO (FFFF);
SDR 16 TDI (FFFF) TDO (BFFF);
SDR 16 TDI (FFFF) TDO (FFFF);
SDR 16 TDI (FFFF) TDO (FFFF);
SDR 16 TDI (FFFF) TDO (FFFF);
SDR 16 TDI (FFFF) TDO (7FFF);
SDR 16 TDI (FFFF) TDO (FFFF);
SDR 16 TDI (FFFF) TDO (FFFF);
SDR 16 TDI (FFFF) TDO (FFFF);
SDR 16 TDI (FFFF) TDO (BFFF);
SDR 16 TDI (FFFF) TDO (FFFF);
SDR 16 TDI (FFFF) TDO (FFFF);
SDR 16 TDI (FFFF) TDO (FFFF);
SDR 16 TDI (FFFF) TDO (7FFF);
SDR 16 TDI (FFFF) TDO (FFFF);
SDR 16 TDI (FFFF) TDO (FFFF);
SDR 16 TDI (FFFF) TDO (FFFF);
SDR 16 TDI (FFFF) TDO (BFFF);
SDR 16 TDI (FFFF) TDO (FFFF);
SDR 16 TDI (FFFF) TDO (FFFF);
SDR 16 TDI (FFFF) TDO (FFFF);
SIR 10 TDI (203);
RUNTEST 53 TCK;
SDR 15 TDI (0001);
SIR 10 TDI (205);
RUNTEST 53 TCK;
SDR 16 TDI (FFFF) TDO (FFFF) MASK (FFFF);
SDR 16 TDI (FFFF) TDO (FFFF);
SDR 16 TDI (FFFF) TDO (FFFF);
SDR 16 TDI (FFFF) TDO (FFFF);
SDR 16 TDI (FFFF) TDO (FFFF);
SDR 16 TDI (FFFF) TDO (FFFF);
SDR 16 TDI (FFFF) TDO (FFFF);
SDR 16 TDI (FFFF) TDO (FFFF);
SDR 16 TDI (FFFF) TDO (FFFF);
SDR 16 TDI (FFFF) TDO (FFFF);
SDR 16 TDI (FFFF) TDO (FFFF);
SDR 16 TDI (FFFF) TDO (FFFF);
SDR 16 TDI (FFFF) TDO (FFFF);
SDR 16 TDI (FFFF) TDO (FFFF);
SDR 16 TDI (FFFF) TDO (FFFF);
SDR 16 TDI (FFFF) TDO (FFFF);
SDR 16 TDI (FFFF) TDO (FFFF);
SDR 16 TDI (FFFF) TDO (FFFF);
SDR 16 TDI (FFFF) TDO (FFFF);
SDR 16 TDI (FFFF) TDO (FFFF);
SDR 16 TDI (FFFF) TDO (FFFF);
SDR 16 TDI (FFFF) TDO (FFFF);
SDR 16 TDI (FFFF) TDO (FFFF);
SDR 16 TDI (FFFF) TDO (FFFF);
SDR 16 TDI (FFFF) TDO (FFFF);
SDR 16 TDI (FFFF) TDO (FFFF);
SDR 16 TDI (FFFF) TDO (FFFF);
SDR 16 TDI (FFFF) TDO (FFFF);
SDR 16 TDI (FFFF) TDO (FFFF);
SDR 16 TDI (FFFF) TDO (FFFF);
SDR 16 TDI (FFFF) TDO (FFFF);
SDR 16 TDI (FFFF) TDO (FFFF);
SDR 16 TDI (FFFF) TDO (FFFF);
SDR 16 TDI (FFFF) TDO (FFFF);
SDR 16 TDI (FFFF) TDO (FFFF);
SDR 16 TDI (FFFF) TDO (FFFF);
SDR 16 TDI (FFFF) TDO (FFFF);
SDR 16 TDI (FFFF) TDO (FFFF);
SDR 16 TDI (FFFF) TDO (FFFF);
SDR 16 TDI (FFFF) TDO (FFFF);
SDR 16 TDI (FFFF) TDO (FFFF);
SDR 16 TDI (FFFF) TDO (FFFF);
SDR 16 TDI (FFFF) TDO (FFFF);
SDR 16 TDI (FFFF) TDO (FFFF);
SDR 16 TDI (FFFF) TDO (FFFF);
SDR 16 TDI (FFFF) TDO (FFFF);
SDR 16 TDI (FFFF) TDO (FFFF);
SDR 16 TDI (FFFF) TDO (FFFF);
SDR 16 TDI (FFFF) TDO (FFFF);
SDR 16 TDI (FFFF) TDO (FFFF);
SDR 16 TDI (FFFF) TDO (FFFF);
SDR 16 TDI (FFFF) TDO (FFFF);
SDR 16 TDI (FFFF) TDO (FFFF);
SDR 16 TDI (FFFF) TDO (FFFF);
SDR 16 TDI (FFFF) TDO (FFFF);
SDR 16 TDI (FFFF) TDO (FFFF);
SDR 16 TDI (FFFF) TDO (FFFF);
SDR 16 TDI (FFFF) TDO (FFFF);
SDR 16 TDI (FFFF) TDO (FFFF);
SDR 16 TDI (FFFF) TDO (FFFF);
SDR 16 TDI (FFFF) TDO (FFFF);
SDR 16 TDI (FFFF) TDO (FFFF);
SDR 16 TDI (FFFF) TDO (FFFF);
SDR 16 TDI (FFFF) TDO (FFFF);
SDR 16 TDI (FFFF) TDO (FFFF);
SDR 16 TDI (FFFF) TDO (FFFF);
SDR 16 TDI (FFFF) TDO (FFFF);
SDR 16 TDI (FFFF) TDO (FFFF);
SDR 16 TDI (FFFF) TDO (FFFF);
SDR 16 TDI (FFFF) TDO (FFFF);
SDR 16 TDI (FFFF) TDO (FFFF);
SDR 16 TDI (FFFF) TDO (FFFF);
SDR 16 TDI (FFFF) TDO (FFFF);
SDR 16 TDI (FFFF) TDO (FFFF);
SDR 16 TDI (FFFF) TDO (FFFF);
SDR 16 TDI (FFFF) TDO (FFFF);
SDR 16 TDI (FFFF) TDO (FFFF);
SDR 16 TDI (FFFF) TDO (FFFF);
SDR 16 TDI (FFFF) TDO (FFFF);
SDR 16 TDI (FFFF) TDO (FFFF);
SDR 16 TDI (FFFF) TDO (FFFF);
SDR 16 TDI (FFFF) TDO (FFFF);
SDR 16 TDI (FFFF) TDO (FFFF);
SDR 16 TDI (FFFF) TDO (FFFF);
SDR 16 TDI (FFFF) TDO (FFFF);
SDR 16 TDI (FFFF) TDO (FFFF);
SDR 16 TDI (FFFF) TDO (FFFF);
SDR 16 TDI (FFFF) TDO (FFFF);
SDR 16 TDI (FFFF) TDO (FFFF);
SDR 16 TDI (FFFF) TDO (FFFF);
SDR 16 TDI (FFFF) TDO (FFFF);
SDR 16 TDI (FFFF) TDO (FFFF);
SDR 16 TDI (FFFF) TDO (FFFF);
SDR 16 TDI (FFFF) TDO (FFFF);
SDR 16 TDI (FFFF) TDO (FFFF);
SDR 16 TDI (FFFF) TDO (FFFF);
SDR 16 TDI (FFFF) TDO (FFFF);
SDR 16 TDI (FFFF) TDO (FFFF);
SDR 16 TDI (FFFF) TDO (FFFF);
SDR 16 TDI (FFFF) TDO (FFFF);
SDR 16 TDI (FFFF) TDO (FFFF);
SDR 16 TDI (FFFF) TDO (FFFF);
SDR 16 TDI (FFFF) TDO (FFFF);
SDR 16 TDI (FFFF) TDO (FFFF);
SDR 16 TDI (FFFF) TDO (FFFF);
SDR 16 TDI (FFFF) TDO (FFFF);
SDR 16 TDI (FFFF) TDO (FFFF);
SDR 16 TDI (FFFF) TDO (FFFF);
SDR 16 TDI (FFFF) TDO (FFFF);
SDR 16 TDI (FFFF) TDO (FFFF);
SDR 16 TDI (FFFF) TDO (FFFF);
SDR 16 TDI (FFFF) TDO (FFFF);
SDR 16 TDI (FFFF) TDO (FFFF);
SDR 16 TDI (FFFF) TDO (FFFF);
SDR 16 TDI (FFFF) TDO (FFFF);
SDR 16 TDI (FFFF) TDO (FFFF);
SDR 16 TDI (FFFF) TDO (FFFF);
SDR 16 TDI (FFFF) TDO (FFFF);
SDR 16 TDI (FFFF) TDO (FFFF);
SDR 16 TDI (FFFF) TDO (FFFF);
SDR 16 TDI (FFFF) TDO (FFFF);
SDR 16 TDI (FFFF) TDO (FFFF);
SDR 16 TDI (FFFF) TDO (FFFF);
SDR 16 TDI (FFFF) TDO (FFFF);
SDR 16 TDI (FFFF) TDO (FFFF);
SDR 16 TDI (FFFF) TDO (FFFF);
SDR 16 TDI (FFFF) TDO (FFFF);
SDR 16 TDI (FFFF) TDO (FFFF);
SDR 16 TDI (FFFF) TDO (FFFF);
SDR 16 TDI (FFFF) TDO (FFFF);
SDR 16 TDI (FFFF) TDO (FFFF);
SDR 16 TDI (FFFF) TDO (FFFF);
SDR 16 TDI (FFFF) TDO (FFFF);
SDR 16 TDI (FFFF) TDO (FFFF);
SDR 16 TDI (FFFF) TDO (FFFF);
SDR 16 TDI (FFFF) TDO (FFFF);
SDR 16 TDI (FFFF) TDO (FFFF);
SDR 16 TDI (FFFF) TDO (FFFF);
SDR 16 TDI (FFFF) TDO (FFFF);
SDR 16 TDI (FFFF) TDO (FFFF);
SDR 16 TDI (FFFF) TDO (FFFF);
SDR 16 TDI (FFFF) TDO (FFFF);
SDR 16 TDI (FFFF) TDO (FFFF);
SDR 16 TDI (FFFF) TDO (FFFF);
SDR 16 TDI (FFFF) TDO (FFFF);
SDR 16 TDI (FFFF) TDO (FFFF);
SDR 16 TDI (FFFF) TDO (FFFF);
SDR 16 TDI (FFFF) TDO (FFFF);
SDR 16 TDI (FFFF) TDO (FFFF);
SDR 16 TDI (FFFF) TDO (FFFF);
SDR 16 TDI (FFFF) TDO (FFFF);
SDR 16 TDI (FFFF) TDO (FFFF);
SDR 16 TDI (FFFF) TDO (FFFF);
SDR 16 TDI (FFFF) TDO (FFFF);
SDR 16 TDI (FFFF) TDO (FFFF);
SDR 16 TDI (FFFF) TDO (FFFF);
SDR 16 TDI (FFFF) TDO (FFFF);
SDR 16 TDI (FFFF) TDO (FFFF);
SDR 16 TDI (FFFF) TDO (FFFF);
SDR 16 TDI (FFFF) TDO (FFFF);
SDR 16 TDI (FFFF) TDO (FFFF);
SDR 16 TDI (FFFF) TDO (FFFF);
SDR 16 TDI (FFFF) TDO (FFFF);
SDR 16 TDI (FFFF) TDO (FFFF);
SDR 16 TDI (FFFF) TDO (FFFF);
SDR 16 TDI (FFFF) TDO (FFFF);
SDR 16 TDI (FFFF) TDO (FFFF);
SDR 16 TDI (FFFF) TDO (FFFF);
SDR 16 TDI (FFFF) TDO (FFFF);
SDR 16 TDI (FFFF) TDO (FFFF);
SDR 16 TDI (FFFF) TDO (FFFF);
SDR 16 TDI (FFFF) TDO (FFFF);
SDR 16 TDI (FFFF) TDO (FFFF);
SDR 16 TDI (FFFF) TDO (FFFF);
SDR 16 TDI (FFFF) TDO (FFFF);
SDR 16 TDI (FFFF) TDO (FFFF);
SDR 16 TDI (FFFF) TDO (FFFF);
SDR 16 TDI (FFFF) TDO (FFFF);
SDR 16 TDI (FFFF) TDO (FFFF);
SDR 16 TDI (FFFF) TDO (FFFF);
SDR 16 TDI (FFFF) TDO (FFFF);
SDR 16 TDI (FFFF) TDO (FFFF);
SDR 16 TDI (FFFF) TDO (FFFF);
SDR 16 TDI (FFFF) TDO (FFFF);
SDR 16 TDI (FFFF) TDO (FFFF);
SDR 16 TDI (FFFF) TDO (FFFF);
SDR 16 TDI (FFFF) TDO (FFFF);
SDR 16 TDI (FFFF) TDO (FFFF);
SDR 16 TDI (FFFF) TDO (FFFF);
SDR 16 TDI (FFFF) TDO (FFFF);
SDR 16 TDI (FFFF) TDO (FFFF);
SDR 16 TDI (FFFF) TDO (FFFF);
SDR 16 TDI (FFFF) TDO (FFFF);
SDR 16 TDI (FFFF) TDO (FFFF);
SDR 16 TDI (FFFF) TDO (FFFF);
SDR 16 TDI (FFFF) TDO (FFFF);
SDR 16 TDI (FFFF) TDO (FFFF);
SDR 16 TDI (FFFF) TDO (FFFF);
SDR 16 TDI (FFFF) TDO (FFFF);
SDR 16 TDI (FFFF) TDO (FFFF);
SDR 16 TDI (FFFF) TDO (FFFF);
SDR 16 TDI (FFFF) TDO (FFFF);
SDR 16 TDI (FFFF) TDO (FFFF);
SDR 16 TDI (FFFF) TDO (FFFF);
SDR 16 TDI (FFFF) TDO (FFFF);
SDR 16 TDI (FFFF) TDO (FFFF);
SDR 16 TDI (FFFF) TDO (FFFF);
SDR 16 TDI (FFFF) TDO (FFFF);
SDR 16 TDI (FFFF) TDO (FFFF);
SDR 16 TDI (FFFF) TDO (FFFF);
SDR 16 TDI (FFFF) TDO (FFFF);
SDR 16 TDI (FFFF) TDO (FFFF);
SDR 16 TDI (FFFF) TDO (FFFF);
SDR 16 TDI (FFFF) TDO (FFFF);
SDR 16 TDI (FFFF) TDO (FFFF);
SDR 16 TDI (FFFF) TDO (FFFF);
SDR 16 TDI (FFFF) TDO (FFFF);
SDR 16 TDI (FFFF) TDO (FFFF);
SDR 16 TDI (FFFF) TDO (FFFF);
SDR 16 TDI (FFFF) TDO (FFFF);
SDR 16 TDI (FFFF) TDO (FFFF);
SDR 16 TDI (FFFF) TDO (FFFF);
SDR 16 TDI (FFFF) TDO (FFFF);
SDR 16 TDI (FFFF) TDO (FFFF);
SDR 16 TDI (FFFF) TDO (FFFF);
SDR 16 TDI (FFFF) TDO (FFFF);
SDR 16 TDI (FFFF) TDO (FFFF);
SDR 16 TDI (FFFF) TDO (FFFF);
SDR 16 TDI (FFFF) TDO (FFFF);
SDR 16 TDI (FFFF) TDO (FFFF);
SDR 16 TDI (FFFF) TDO (FFFF);
SDR 16 TDI (FFFF) TDO (FFFF);
SDR 16 TDI (FFFF) TDO (FFFF);
SDR 16 TDI (FFFF) TDO (FFFF);
SDR 16 TDI (FFFF) TDO (FFFF);
SDR 16 TDI (FFFF) TDO (FFFF);
SDR 16 TDI (FFFF) TDO (FFFF);
SDR 16 TDI (FFFF) TDO (FFFF);
SDR 16 TDI (FFFF) TDO (FFFF);
SDR 16 TDI (FFFF) TDO (FFFF);
SDR 16 TDI (FFFF) TDO (FFFF);
SDR 16 TDI (FFFF) TDO (FFFF);
SDR 16 TDI (FFFF) TDO (FFFF);
SDR 16 TDI (FFFF) TDO (FFFF);
SDR 16 TDI (FFFF) TDO (FFFF);
SDR 16 TDI (FFFF) TDO (FFFF);
SDR 16 TDI (FFFF) TDO (FFFF);
SDR 16 TDI (FFFF) TDO (FFFF);
SDR 16 TDI (FFFF) TDO (FFFF);
SDR 16 TDI (FFFF) TDO (FFFF);
SDR 16 TDI (FFFF) TDO (FFFF);
SDR 16 TDI (FFFF) TDO (FFFF);
SDR 16 TDI (FFFF) TDO (FFFF);
SDR 16 TDI (FFFF) TDO (FFFF);
SDR 16 TDI (FFFF) TDO (FFFF);
SDR 16 TDI (FFFF) TDO (FFFF);
SDR 16 TDI (FFFF) TDO (FFFF);
SDR 16 TDI (FFFF) TDO (FFFF);
SDR 16 TDI (FFFF) TDO (FFFF);
SDR 16 TDI (FFFF) TDO (FFFF);
SDR 16 TDI (FFFF) TDO (FFFF);
SDR 16 TDI (FFFF) TDO (FFFF);
SDR 16 TDI (FFFF) TDO (FFFF);
SDR 16 TDI (FFFF) TDO (FFFF);
SDR 16 TDI (FFFF) TDO (FFFF);
SDR 16 TDI (FFFF) TDO (FFFF);
SDR 16 TDI (FFFF) TDO (FFFF);
SDR 16 TDI (FFFF) TDO (FFFF);
SDR 16 TDI (FFFF) TDO (FFFF);
SDR 16 TDI (FFFF) TDO (FFFF);
SDR 16 TDI (FFFF) TDO (FFFF);
SDR 16 TDI (FFFF) TDO (FFFF);
SDR 16 TDI (FFFF) TDO (FFFF);
SDR 16 TDI (FFFF) TDO (FFFF);
SDR 16 TDI (FFFF) TDO (FFFF);
SDR 16 TDI (FFFF) TDO (FFFF);
SDR 16 TDI (FFFF) TDO (FFFF);
SDR 16 TDI (FFFF) TDO (FFFF);
SDR 16 TDI (FFFF) TDO (FFFF);
SDR 16 TDI (FFFF) TDO (FFFF);
SDR 16 TDI (FFFF) TDO (FFFF);
SDR 16 TDI (FFFF) TDO (FFFF);
SDR 16 TDI (FFFF) TDO (FFFF);
SDR 16 TDI (FFFF) TDO (FFFF);
SDR 16 TDI (FFFF) TDO (FFFF);
SDR 16 TDI (FFFF) TDO (FFFF);
SDR 16 TDI (FFFF) TDO (FFFF);
SDR 16 TDI (FFFF) TDO (FFFF);
SDR 16 TDI (FFFF) TDO (FFFF);
SDR 16 TDI (FFFF) TDO (FFFF);
SDR 16 TDI (FFFF) TDO (FFFF);
SDR 16 TDI (FFFF) TDO (FFFF);
SDR 16 TDI (FFFF) TDO (FFFF);
SDR 16 TDI (FFFF) TDO (FFFF);
SDR 16 TDI (FFFF) TDO (FFFF);
SDR 16 TDI (FFFF) TDO (FFFF);
SDR 16 TDI (FFFF) TDO (FFFF);
SDR 16 TDI (FFFF) TDO (FFFF);
SDR 16 TDI (FFFF) TDO (FFFF);
SDR 16 TDI (FFFF) TDO (FFFF);
SDR 16 TDI (FFFF) TDO (FFFF);
SDR 16 TDI (FFFF) TDO (FFFF);
SDR 16 TDI (FFFF) TDO (FFFF);
SDR 16 TDI (FFFF) TDO (FFFF);
SDR 16 TDI (FFFF) TDO (FFFF);
SDR 16 TDI (FFFF) TDO (FFFF);
SDR 16 TDI (FFFF) TDO (FFFF);
SDR 16 TDI (FFFF) TDO (FFFF);
SDR 16 TDI (FFFF) TDO (FFFF);
SDR 16 TDI (FFFF) TDO (FFFF);
SDR 16 TDI (FFFF) TDO (FFFF);
SDR 16 TDI (FFFF) TDO (FFFF);
SDR 16 TDI (FFFF) TDO (FFFF);
SDR 16 TDI (FFFF) TDO (FFFF);
SDR 16 TDI (FFFF) TDO (FFFF);
SDR 16 TDI (FFFF) TDO (FFFF);
SDR 16 TDI (FFFF) TDO (FFFF);
SDR 16 TDI (FFFF) TDO (FFFF);
SDR 16 TDI (FFFF) TDO (FFFF);
SDR 16 TDI (FFFF) TDO (FFFF);
SDR 16 TDI (FFFF) TDO (FFFF);
SDR 16 TDI (FFFF) TDO (FFFF);
SDR 16 TDI (FFFF) TDO (FFFF);
SDR 16 TDI (FFFF) TDO (FFFF);
SDR 16 TDI (FFFF) TDO (FFFF);
SDR 16 TDI (FFFF) TDO (FFFF);
SDR 16 TDI (FFFF) TDO (FFFF);
SDR 16 TDI (FFFF) TDO (FFFF);
SDR 16 TDI (FFFF) TDO (FFFF);
SDR 16 TDI (FFFF) TDO (FFFF);
SDR 16 TDI (FFFF) TDO (FFFF);
SDR 16 TDI (FFFF) TDO (FFFF);
SDR 16 TDI (FFFF) TDO (FFFF);
SDR 16 TDI (FFFF) TDO (FFFF);
SDR 16 TDI (FFFF) TDO (FFFF);
SDR 16 TDI (FFFF) TDO (FFFF);
SDR 16 TDI (FFFF) TDO (FFFF);
SDR 16 TDI (FFFF) TDO (FFFF);
SDR 16 TDI (FFFF) TDO (FFFF);
SDR 16 TDI (FFFF) TDO (FFFF);
SDR 16 TDI (FFFF) TDO (FFFF);
SDR 16 TDI (FFFF) TDO (FFFF);
SDR 16 TDI (FFFF) TDO (FFFF);
SDR 16 TDI (FFFF) TDO (FFFF);
SDR 16 TDI (FFFF) TDO (FFFF);
SDR 16 TDI (FFFF) TDO (FFFF);
SDR 16 TDI (FFFF) TDO (FFFF);
SDR 16 TDI (FFFF) TDO (FFFF);
SDR 16 TDI (FFFF) TDO (FFFF);
SDR 16 TDI (FFFF) TDO (FFFF);
SDR 16 TDI (FFFF) TDO (FFFF);
SDR 16 TDI (FFFF) TDO (FFFF);
SDR 16 TDI (FFFF) TDO (FFFF);
SDR 16 TDI (FFFF) TDO (FFFF);
SDR 16 TDI (FFFF) TDO (FFFF);
SDR 16 TDI (FFFF) TDO (FFFF);
SDR 16 TDI (FFFF) TDO (FFFF);
SDR 16 TDI (FFFF) TDO (FFFF);
SDR 16 TDI (FFFF) TDO (FFFF);
SDR 16 TDI (FFFF) TDO (FFFF);
SDR 16 TDI (FFFF) TDO (FFFF);
SDR 16 TDI (FFFF) TDO (FFFF);
SDR 16 TDI (FFFF) TDO (FFFF);
SDR 16 TDI (FFFF) TDO (FFFF);
SDR 16 TDI (FFFF) TDO (FFFF);
SDR 16 TDI (FFFF) TDO (FFFF);
SDR 16 TDI (FFFF) TDO (FFFF);
SDR 16 TDI (FFFF) TDO (FFFF);
SDR 16 TDI (FFFF) TDO (FFFF);
SDR 16 TDI (FFFF) TDO (FFFF);
SDR 16 TDI (FFFF) TDO (FFFF);
SDR 16 TDI (FFFF) TDO (FFFF);
SDR 16 TDI (FFFF) TDO (FFFF);
SDR 16 TDI (FFFF) TDO (FFFF);
SDR 16 TDI (FFFF) TDO (FFFF);
SDR 16 TDI (FFFF) TDO (FFFF);
SDR 16 TDI (FFFF) TDO (FFFF);
SDR 16 TDI (FFFF) TDO (FFFF);
SDR 16 TDI (FFFF) TDO (FFFF);
SDR 16 TDI (FFFF) TDO (FFFF);
SDR 16 TDI (FFFF) TDO (FFFF);
SDR 16 TDI (FFFF) TDO (FFFF);
SDR 16 TDI (FFFF) TDO (FFFF);
SDR 16 TDI (FFFF) TDO (FFFF);
SDR 16 TDI (FFFF) TDO (FFFF);
SDR 16 TDI (FFFF) TDO (FFFF);
SDR 16 TDI (FFFF) TDO (FFFF);
SDR 16 TDI (FFFF) TDO (FFFF);
SDR 16 TDI (FFFF) TDO (FFFF);
SDR 16 TDI (FFFF) TDO (FFFF);
SDR 16 TDI (FFFF) TDO (FFFF);
SDR 16 TDI (FFFF) TDO (FFFF);
SDR 16 TDI (FFFF) TDO (FFFF);
SDR 16 TDI (FFFF) TDO (FFFF);
SDR 16 TDI (FFFF) TDO (FFFF);
SDR 16 TDI (FFFF) TDO (FFFF);
SDR 16 TDI (FFFF) TDO (FFFF);
SDR 16 TDI (FFFF) TDO (FFFF);
SDR 16 TDI (FFFF) TDO (FFFF);
SDR 16 TDI (FFFF) TDO (FFFF);
SDR 16 TDI (FFFF) TDO (FFFF);
SDR 16 TDI (FFFF) TDO (FFFF);
SDR 16 TDI (FFFF) TDO (FFFF);
SDR 16 TDI (FFFF) TDO (FFFF);
SDR 16 TDI (FFFF) TDO (FFFF);
SDR 16 TDI (FFFF) TDO (FFFF);
SDR 16 TDI (FFFF) TDO (FFFF);
SDR 16 TDI (FFFF) TDO (FFFF);
SDR 16 TDI (FFFF) TDO (FFFF);
SDR 16 TDI (FFFF) TDO (FFFF);
SDR 16 TDI (FFFF) TDO (FFFF);
SDR 16 TDI (FFFF) TDO (FFFF);
SDR 16 TDI (FFFF) TDO (FFFF);
SDR 16 TDI (FFFF) TDO (FFFF);
SDR 16 TDI (FFFF) TDO (FFFF);
SDR 16 TDI (FFFF) TDO (FFFF);
SDR 16 TDI (FFFF) TDO (FFFF);
SDR 16 TDI (FFFF) TDO (FFFF);
SDR 16 TDI (FFFF) TDO (FFFF);
SDR 16 TDI (FFFF) TDO (FFFF);
SDR 16 TDI (FFFF) TDO (FFFF);
SDR 16 TDI (FFFF) TDO (FFFF);
SDR 16 TDI (FFFF) TDO (FFFF);
SDR 16 TDI (FFFF) TDO (FFFF);
SDR 16 TDI (FFFF) TDO (FFFF);
SDR 16 TDI (FFFF) TDO (FFFF);
SDR 16 TDI (FFFF) TDO (FFFF);
SDR 16 TDI (FFFF) TDO (FFFF);
SDR 16 TDI (FFFF) TDO (FFFF);
SDR 16 TDI (FFFF) TDO (FFFF);
SDR 16 TDI (FFFF) TDO (FFFF);
SDR 16 TDI (FFFF) TDO (FFFF);
SDR 16 TDI (FFFF) TDO (FFFF);
SDR 16 TDI (FFFF) TDO (FFFF);
SDR 16 TDI (FFFF) TDO (FFFF);
SDR 16 TDI (FFFF) TDO (FFFF);
SDR 16 TDI (FFFF) TDO (FFFF);
SDR 16 TDI (FFFF) TDO (FFFF);
SDR 16 TDI (FFFF) TDO (FFFF);
SDR 16 TDI (FFFF) TDO (FFFF);
SDR 16 TDI (FFFF) TDO (FFFF);
SDR 16 TDI (FFFF) TDO (FFFF);
SDR 16 TDI (FFFF) TDO (FFFF);
SDR 16 TDI (FFFF) TDO (FFFF);
SDR 16 TDI (FFFF) TDO (FFFF);
SDR 16 TDI (FFFF) TDO (FFFF);
SDR 16 TDI (FFFF) TDO (FFFF);
SDR 16 TDI (FFFF) TDO (FFFF);
SDR 16 TDI (FFFF) TDO (FFFF);
SDR 16 TDI (FFFF) TDO (FFFF);
SDR 16 TDI (FFFF) TDO (FFFF);
SDR 16 TDI (FFFF) TDO (FFFF);
SDR 16 TDI (FFFF) TDO (FFFF);
SDR 16 TDI (FFFF) TDO (FFFF);
SDR 16 TDI (FFFF) TDO (FFFF);
SDR 16 TDI (FFFF) TDO (FFFF);
SDR 16 TDI (FFFF) TDO (FFFF);
SDR 16 TDI (FFFF) TDO (FFFF);
SDR 16 TDI (FFFF) TDO (FFFF);
SDR 16 TDI (FFFF) TDO (FFFF);
SDR 16 TDI (FFFF) TDO (FFFF);
SDR 16 TDI (FFFF) TDO (FFFF);
SDR 16 TDI (FFFF) TDO (FFFF);
SDR 16 TDI (FFFF) TDO (FFFF);
SDR 16 TDI (FFFF) TDO (FFFF);
SDR 16 TDI (FFFF) TDO (FFFF);
SDR 16 TDI (FFFF) TDO (FFFF);
SDR 16 TDI (FFFF) TDO (FFFF);
SDR 16 TDI (FFFF) TDO (FFFF);
SDR 16 TDI (FFFF) TDO (FFFF);
SDR 16 TDI (FFFF) TDO (FFFF);
SDR 16 TDI (FFFF) TDO (FFFF);
SDR 16 TDI (FFFF) TDO (FFFF);
SDR 16 TDI (FFFF) TDO (FFFF);
SDR 16 TDI (FFFF) TDO (FFFF);
SDR 16 TDI (FFFF) TDO (FFFF);
SDR 16 TDI (FFFF) TDO (FFFF);
SDR 16 TDI (FFFF) TDO (FFFF);
SDR 16 TDI (FFFF) TDO (FFFF);
SDR 16 TDI (FFFF) TDO (FFFF);
SDR 16 TDI (FFFF) TDO (FFFF);
SDR 16 TDI (FFFF) TDO (FFFF);
SDR 16 TDI (FFFF) TDO (FFFF);
SDR 16 TDI (FFFF) TDO (FFFF);
SDR 16 TDI (FFFF) TDO (FFFF);
SDR 16 TDI (FFFF) TDO (FFFF);
SDR 16 TDI (FFFF) TDO (FFFF);
SDR 16 TDI (FFFF) TDO (FFFF);
SDR 16 TDI (FFFF) TDO (FFFF);
SDR 16 TDI (FFFF) TDO (FFFF);
SDR 16 TDI (FFFF) TDO (FFFF);
SDR 16 TDI (FFFF) TDO (FFFF);
SDR 16 TDI (FFFF) TDO (FFFF);
SDR 16 TDI (FFFF) TDO (FFFF);
SDR 16 TDI (FFFF) TDO (FFFF);
SDR 16 TDI (FFFF) TDO (FFFF);
SDR 16 TDI (FFFF) TDO (FFFF);
SDR 16 TDI (FFFF) TDO (FFFF);
SDR 16 TDI (FFFF) TDO (FFFF);
SDR 16 TDI (FFFF) TDO (FFFF);
SDR 16 TDI (FFFF) TDO (FFFF);
SDR 16 TDI (FFFF) TDO (FFFF);
SDR 16 TDI (FFFF) TDO (FFFF);
SDR 16 TDI (FFFF) TDO (FFFF);
SDR 16 TDI (FFFF) TDO (FFFF);
SDR 16 TDI (FFFF) TDO (FFFF);
SDR 16 TDI (FFFF) TDO (FFFF);
SDR 16 TDI (FFFF) TDO (FFFF);
SDR 16 TDI (FFFF) TDO (FFFF);
SDR 16 TDI (FFFF) TDO (FFFF);
SDR 16 TDI (FFFF) TDO (FFFF);
SDR 16 TDI (FFFF) TDO (FFFF);
SIR 10 TDI (203);
RUNTEST 53 TCK;
SDR 15 TDI (0000);
SIR 10 TDI (2F4);
RUNTEST 53 TCK;
SDR 16 TDI (7FFF);
RUNTEST 1000 TCK;
SDR 16 TDI (FFFF);
RUNTEST 1000 TCK;
SDR 16 TDI (FFBF);
RUNTEST 1000 TCK;
SDR 16 TDI (FFFF);
RUNTEST 1000 TCK;
SIR 10 TDI (201);
RUNTEST 10003 TCK;
SIR 10 TDI (3FF);
RUNTEST 10000 TCK;
STATE IDLE;
