id,chip,type,label,ch_count,inputs,outputs,spi_page,spi_addr,params,ramp_profile
C1_IN_01,1,INPUT_TDM,Ch 1 Input,1,,C1_GAIN_01,-1,-1,sport_id=0;slot_start=0;slot_count=1;sport_slots=8;signal=IN_01,
C1_GAIN_01,1,GAIN,Ch 1 Gain,1,C1_IN_01,C1_FILT_01,1,0,gain_db=0.0;mute=0;polarity=0,GainFast
C1_FILT_01,1,HPF_LPF,Ch 1 HPF+LPF,1,C1_GAIN_01,C1_EQ_01,1,4,hpf_freq=80.0;hpf_slope=18;lpf_freq=20000.0,EqSafe
C1_EQ_01,1,EQ_BIQUAD,Ch 1 EQ,1,C1_FILT_01,C1_GATE_01,1,16,bands=4;coeffs=default,EqSafe
C1_GATE_01,1,GATE,Ch 1 Gate,1,C1_EQ_01,C1_COMP_01,1,40,threshold_db=-40.0;attack_ms=1.0;hold_ms=50.0;release_ms=100.0;range_db=60.0;key=0;det_src=0;filter_on=0;filter_hpf=80.0;filter_lpf=8000.0;filter_q=1.0,DynSafe
C1_COMP_01,1,COMPRESSOR,Ch 1 Comp,1,C1_GATE_01,C1_TUBE_01,1,56,threshold_db=-20.0;ratio=4.0;attack_ms=5.0;release_ms=100.0;knee_db=6.0;makeup_db=0.0;parallel=100;type=VCA;key=0;det_src=0;lim_mode=0;eq_pos=0;filter_on=0;filter_hpf=80.0;filter_lpf=8000.0;filter_q=1.0,DynSafe
C1_TUBE_01,1,TUBE_SAT,Ch 1 Tube,1,C1_COMP_01,C1_DLY_01,1,76,on=0;saturation=0.0,GainFast
C1_DLY_01,1,DELAY,Ch 1 Delay,1,C1_TUBE_01,C1_FDR_01,1,78,delay_ms=0.0;local_ms=20.0;max_ms=250.0;pool_slot=0,InstantCtl
C1_FDR_01,1,FADER_PAN,Ch 1 Fader,1,C1_DLY_01,C1_RTG_01,1,80,"level_db=-inf;pan=0.0;mute=0;host_cells=Dca,DcaOn;lcr_page=1;lcr_addr=4934;syslaw_page=1;syslaw_addr=4966",GainFast
C1_RTG_01,1,ROUTING,Ch 1 Route,1,C1_FDR_01,C1_BUS_MAIN_L;C1_BUS_MAIN_R;C1_BUS_SUB;C1_BUS_GRP_01;C1_BUS_GRP_02;C1_BUS_GRP_03;C1_BUS_GRP_04;C1_BUS_AUX_01;C1_BUS_AUX_02;C1_BUS_AUX_03;C1_BUS_AUX_04;C1_BUS_AUX_05;C1_BUS_AUX_06;C1_BUS_AUX_07;C1_BUS_AUX_08;C1_BUS_AUX_09;C1_BUS_AUX_10;C1_BUS_AUX_11;C1_BUS_AUX_12;C1_BUS_FX_01;C1_BUS_FX_02;C1_BUS_FX_03;C1_BUS_FX_04;C1_BUS_FX_05;C1_BUS_FX_06;C1_BUS_MTX_01;C1_BUS_MTX_02;C1_BUS_MTX_03;C1_BUS_MTX_04,1,84,main_on=1;sub_on=0;grp_on=0000;aux_on=000000000000;fx_on=000000;mtx_sends=2;mtx_on=00;mtx_page=1;mtx_addr=4806,GainFast
C1_IN_02,1,INPUT_TDM,Ch 2 Input,1,,C1_GAIN_02,-1,-1,sport_id=0;slot_start=1;slot_count=1;sport_slots=8;signal=IN_02,
C1_GAIN_02,1,GAIN,Ch 2 Gain,1,C1_IN_02,C1_FILT_02,1,144,gain_db=0.0;mute=0;polarity=0,GainFast
C1_FILT_02,1,HPF_LPF,Ch 2 HPF+LPF,1,C1_GAIN_02,C1_EQ_02,1,148,hpf_freq=80.0;hpf_slope=18;lpf_freq=20000.0,EqSafe
C1_EQ_02,1,EQ_BIQUAD,Ch 2 EQ,1,C1_FILT_02,C1_GATE_02,1,160,bands=4;coeffs=default,EqSafe
C1_GATE_02,1,GATE,Ch 2 Gate,1,C1_EQ_02,C1_COMP_02,1,184,threshold_db=-40.0;attack_ms=1.0;hold_ms=50.0;release_ms=100.0;range_db=60.0;key=0;det_src=0;filter_on=0;filter_hpf=80.0;filter_lpf=8000.0;filter_q=1.0,DynSafe
C1_COMP_02,1,COMPRESSOR,Ch 2 Comp,1,C1_GATE_02,C1_TUBE_02,1,200,threshold_db=-20.0;ratio=4.0;attack_ms=5.0;release_ms=100.0;knee_db=6.0;makeup_db=0.0;parallel=100;type=VCA;key=0;det_src=0;lim_mode=0;eq_pos=0;filter_on=0;filter_hpf=80.0;filter_lpf=8000.0;filter_q=1.0,DynSafe
C1_TUBE_02,1,TUBE_SAT,Ch 2 Tube,1,C1_COMP_02,C1_DLY_02,1,220,on=0;saturation=0.0,GainFast
C1_DLY_02,1,DELAY,Ch 2 Delay,1,C1_TUBE_02,C1_FDR_02,1,222,delay_ms=0.0;local_ms=20.0;max_ms=250.0;pool_slot=1,InstantCtl
C1_FDR_02,1,FADER_PAN,Ch 2 Fader,1,C1_DLY_02,C1_RTG_02,1,224,"level_db=-inf;pan=0.0;mute=0;host_cells=Dca,DcaOn;lcr_page=1;lcr_addr=4935",GainFast
C1_RTG_02,1,ROUTING,Ch 2 Route,1,C1_FDR_02,C1_BUS_MAIN_L;C1_BUS_MAIN_R;C1_BUS_SUB;C1_BUS_GRP_01;C1_BUS_GRP_02;C1_BUS_GRP_03;C1_BUS_GRP_04;C1_BUS_AUX_01;C1_BUS_AUX_02;C1_BUS_AUX_03;C1_BUS_AUX_04;C1_BUS_AUX_05;C1_BUS_AUX_06;C1_BUS_AUX_07;C1_BUS_AUX_08;C1_BUS_AUX_09;C1_BUS_AUX_10;C1_BUS_AUX_11;C1_BUS_AUX_12;C1_BUS_FX_01;C1_BUS_FX_02;C1_BUS_FX_03;C1_BUS_FX_04;C1_BUS_FX_05;C1_BUS_FX_06;C1_BUS_MTX_01;C1_BUS_MTX_02;C1_BUS_MTX_03;C1_BUS_MTX_04,1,228,main_on=1;sub_on=0;grp_on=0000;aux_on=000000000000;fx_on=000000;mtx_sends=2;mtx_on=00;mtx_page=1;mtx_addr=4810,GainFast
C1_IN_03,1,INPUT_TDM,Ch 3 Input,1,,C1_GAIN_03,-1,-1,sport_id=0;slot_start=2;slot_count=1;sport_slots=8;signal=IN_03,
C1_GAIN_03,1,GAIN,Ch 3 Gain,1,C1_IN_03,C1_FILT_03,1,288,gain_db=0.0;mute=0;polarity=0,GainFast
C1_FILT_03,1,HPF_LPF,Ch 3 HPF+LPF,1,C1_GAIN_03,C1_EQ_03,1,292,hpf_freq=80.0;hpf_slope=18;lpf_freq=20000.0,EqSafe
C1_EQ_03,1,EQ_BIQUAD,Ch 3 EQ,1,C1_FILT_03,C1_GATE_03,1,304,bands=4;coeffs=default,EqSafe
C1_GATE_03,1,GATE,Ch 3 Gate,1,C1_EQ_03,C1_COMP_03,1,328,threshold_db=-40.0;attack_ms=1.0;hold_ms=50.0;release_ms=100.0;range_db=60.0;key=0;det_src=0;filter_on=0;filter_hpf=80.0;filter_lpf=8000.0;filter_q=1.0,DynSafe
C1_COMP_03,1,COMPRESSOR,Ch 3 Comp,1,C1_GATE_03,C1_TUBE_03,1,344,threshold_db=-20.0;ratio=4.0;attack_ms=5.0;release_ms=100.0;knee_db=6.0;makeup_db=0.0;parallel=100;type=VCA;key=0;det_src=0;lim_mode=0;eq_pos=0;filter_on=0;filter_hpf=80.0;filter_lpf=8000.0;filter_q=1.0,DynSafe
C1_TUBE_03,1,TUBE_SAT,Ch 3 Tube,1,C1_COMP_03,C1_DLY_03,1,364,on=0;saturation=0.0,GainFast
C1_DLY_03,1,DELAY,Ch 3 Delay,1,C1_TUBE_03,C1_FDR_03,1,366,delay_ms=0.0;local_ms=20.0;max_ms=250.0;pool_slot=2,InstantCtl
C1_FDR_03,1,FADER_PAN,Ch 3 Fader,1,C1_DLY_03,C1_RTG_03,1,368,"level_db=-inf;pan=0.0;mute=0;host_cells=Dca,DcaOn;lcr_page=1;lcr_addr=4936",GainFast
C1_RTG_03,1,ROUTING,Ch 3 Route,1,C1_FDR_03,C1_BUS_MAIN_L;C1_BUS_MAIN_R;C1_BUS_SUB;C1_BUS_GRP_01;C1_BUS_GRP_02;C1_BUS_GRP_03;C1_BUS_GRP_04;C1_BUS_AUX_01;C1_BUS_AUX_02;C1_BUS_AUX_03;C1_BUS_AUX_04;C1_BUS_AUX_05;C1_BUS_AUX_06;C1_BUS_AUX_07;C1_BUS_AUX_08;C1_BUS_AUX_09;C1_BUS_AUX_10;C1_BUS_AUX_11;C1_BUS_AUX_12;C1_BUS_FX_01;C1_BUS_FX_02;C1_BUS_FX_03;C1_BUS_FX_04;C1_BUS_FX_05;C1_BUS_FX_06;C1_BUS_MTX_01;C1_BUS_MTX_02;C1_BUS_MTX_03;C1_BUS_MTX_04,1,372,main_on=1;sub_on=0;grp_on=0000;aux_on=000000000000;fx_on=000000;mtx_sends=2;mtx_on=00;mtx_page=1;mtx_addr=4814,GainFast
C1_IN_04,1,INPUT_TDM,Ch 4 Input,1,,C1_GAIN_04,-1,-1,sport_id=0;slot_start=3;slot_count=1;sport_slots=8;signal=IN_04,
C1_GAIN_04,1,GAIN,Ch 4 Gain,1,C1_IN_04,C1_FILT_04,1,432,gain_db=0.0;mute=0;polarity=0,GainFast
C1_FILT_04,1,HPF_LPF,Ch 4 HPF+LPF,1,C1_GAIN_04,C1_EQ_04,1,436,hpf_freq=80.0;hpf_slope=18;lpf_freq=20000.0,EqSafe
C1_EQ_04,1,EQ_BIQUAD,Ch 4 EQ,1,C1_FILT_04,C1_GATE_04,1,448,bands=4;coeffs=default,EqSafe
C1_GATE_04,1,GATE,Ch 4 Gate,1,C1_EQ_04,C1_COMP_04,1,472,threshold_db=-40.0;attack_ms=1.0;hold_ms=50.0;release_ms=100.0;range_db=60.0;key=0;det_src=0;filter_on=0;filter_hpf=80.0;filter_lpf=8000.0;filter_q=1.0,DynSafe
C1_COMP_04,1,COMPRESSOR,Ch 4 Comp,1,C1_GATE_04,C1_TUBE_04,1,488,threshold_db=-20.0;ratio=4.0;attack_ms=5.0;release_ms=100.0;knee_db=6.0;makeup_db=0.0;parallel=100;type=VCA;key=0;det_src=0;lim_mode=0;eq_pos=0;filter_on=0;filter_hpf=80.0;filter_lpf=8000.0;filter_q=1.0,DynSafe
C1_TUBE_04,1,TUBE_SAT,Ch 4 Tube,1,C1_COMP_04,C1_DLY_04,1,508,on=0;saturation=0.0,GainFast
C1_DLY_04,1,DELAY,Ch 4 Delay,1,C1_TUBE_04,C1_FDR_04,1,510,delay_ms=0.0;local_ms=20.0;max_ms=250.0;pool_slot=3,InstantCtl
C1_FDR_04,1,FADER_PAN,Ch 4 Fader,1,C1_DLY_04,C1_RTG_04,1,512,"level_db=-inf;pan=0.0;mute=0;host_cells=Dca,DcaOn;lcr_page=1;lcr_addr=4937",GainFast
C1_RTG_04,1,ROUTING,Ch 4 Route,1,C1_FDR_04,C1_BUS_MAIN_L;C1_BUS_MAIN_R;C1_BUS_SUB;C1_BUS_GRP_01;C1_BUS_GRP_02;C1_BUS_GRP_03;C1_BUS_GRP_04;C1_BUS_AUX_01;C1_BUS_AUX_02;C1_BUS_AUX_03;C1_BUS_AUX_04;C1_BUS_AUX_05;C1_BUS_AUX_06;C1_BUS_AUX_07;C1_BUS_AUX_08;C1_BUS_AUX_09;C1_BUS_AUX_10;C1_BUS_AUX_11;C1_BUS_AUX_12;C1_BUS_FX_01;C1_BUS_FX_02;C1_BUS_FX_03;C1_BUS_FX_04;C1_BUS_FX_05;C1_BUS_FX_06;C1_BUS_MTX_01;C1_BUS_MTX_02;C1_BUS_MTX_03;C1_BUS_MTX_04,1,516,main_on=1;sub_on=0;grp_on=0000;aux_on=000000000000;fx_on=000000;mtx_sends=2;mtx_on=00;mtx_page=1;mtx_addr=4818,GainFast
C1_IN_05,1,INPUT_TDM,Ch 5 Input,1,,C1_GAIN_05,-1,-1,sport_id=0;slot_start=4;slot_count=1;sport_slots=8;signal=IN_05,
C1_GAIN_05,1,GAIN,Ch 5 Gain,1,C1_IN_05,C1_FILT_05,1,576,gain_db=0.0;mute=0;polarity=0,GainFast
C1_FILT_05,1,HPF_LPF,Ch 5 HPF+LPF,1,C1_GAIN_05,C1_EQ_05,1,580,hpf_freq=80.0;hpf_slope=18;lpf_freq=20000.0,EqSafe
C1_EQ_05,1,EQ_BIQUAD,Ch 5 EQ,1,C1_FILT_05,C1_GATE_05,1,592,bands=4;coeffs=default,EqSafe
C1_GATE_05,1,GATE,Ch 5 Gate,1,C1_EQ_05,C1_COMP_05,1,616,threshold_db=-40.0;attack_ms=1.0;hold_ms=50.0;release_ms=100.0;range_db=60.0;key=0;det_src=0;filter_on=0;filter_hpf=80.0;filter_lpf=8000.0;filter_q=1.0,DynSafe
C1_COMP_05,1,COMPRESSOR,Ch 5 Comp,1,C1_GATE_05,C1_TUBE_05,1,632,threshold_db=-20.0;ratio=4.0;attack_ms=5.0;release_ms=100.0;knee_db=6.0;makeup_db=0.0;parallel=100;type=VCA;key=0;det_src=0;lim_mode=0;eq_pos=0;filter_on=0;filter_hpf=80.0;filter_lpf=8000.0;filter_q=1.0,DynSafe
C1_TUBE_05,1,TUBE_SAT,Ch 5 Tube,1,C1_COMP_05,C1_DLY_05,1,652,on=0;saturation=0.0,GainFast
C1_DLY_05,1,DELAY,Ch 5 Delay,1,C1_TUBE_05,C1_FDR_05,1,654,delay_ms=0.0;local_ms=20.0;max_ms=250.0;pool_slot=4,InstantCtl
C1_FDR_05,1,FADER_PAN,Ch 5 Fader,1,C1_DLY_05,C1_RTG_05,1,656,"level_db=-inf;pan=0.0;mute=0;host_cells=Dca,DcaOn;lcr_page=1;lcr_addr=4938",GainFast
C1_RTG_05,1,ROUTING,Ch 5 Route,1,C1_FDR_05,C1_BUS_MAIN_L;C1_BUS_MAIN_R;C1_BUS_SUB;C1_BUS_GRP_01;C1_BUS_GRP_02;C1_BUS_GRP_03;C1_BUS_GRP_04;C1_BUS_AUX_01;C1_BUS_AUX_02;C1_BUS_AUX_03;C1_BUS_AUX_04;C1_BUS_AUX_05;C1_BUS_AUX_06;C1_BUS_AUX_07;C1_BUS_AUX_08;C1_BUS_AUX_09;C1_BUS_AUX_10;C1_BUS_AUX_11;C1_BUS_AUX_12;C1_BUS_FX_01;C1_BUS_FX_02;C1_BUS_FX_03;C1_BUS_FX_04;C1_BUS_FX_05;C1_BUS_FX_06;C1_BUS_MTX_01;C1_BUS_MTX_02;C1_BUS_MTX_03;C1_BUS_MTX_04,1,660,main_on=1;sub_on=0;grp_on=0000;aux_on=000000000000;fx_on=000000;mtx_sends=2;mtx_on=00;mtx_page=1;mtx_addr=4822,GainFast
C1_IN_06,1,INPUT_TDM,Ch 6 Input,1,,C1_GAIN_06,-1,-1,sport_id=0;slot_start=5;slot_count=1;sport_slots=8;signal=IN_06,
C1_GAIN_06,1,GAIN,Ch 6 Gain,1,C1_IN_06,C1_FILT_06,1,720,gain_db=0.0;mute=0;polarity=0,GainFast
C1_FILT_06,1,HPF_LPF,Ch 6 HPF+LPF,1,C1_GAIN_06,C1_EQ_06,1,724,hpf_freq=80.0;hpf_slope=18;lpf_freq=20000.0,EqSafe
C1_EQ_06,1,EQ_BIQUAD,Ch 6 EQ,1,C1_FILT_06,C1_GATE_06,1,736,bands=4;coeffs=default,EqSafe
C1_GATE_06,1,GATE,Ch 6 Gate,1,C1_EQ_06,C1_COMP_06,1,760,threshold_db=-40.0;attack_ms=1.0;hold_ms=50.0;release_ms=100.0;range_db=60.0;key=0;det_src=0;filter_on=0;filter_hpf=80.0;filter_lpf=8000.0;filter_q=1.0,DynSafe
C1_COMP_06,1,COMPRESSOR,Ch 6 Comp,1,C1_GATE_06,C1_TUBE_06,1,776,threshold_db=-20.0;ratio=4.0;attack_ms=5.0;release_ms=100.0;knee_db=6.0;makeup_db=0.0;parallel=100;type=VCA;key=0;det_src=0;lim_mode=0;eq_pos=0;filter_on=0;filter_hpf=80.0;filter_lpf=8000.0;filter_q=1.0,DynSafe
C1_TUBE_06,1,TUBE_SAT,Ch 6 Tube,1,C1_COMP_06,C1_DLY_06,1,796,on=0;saturation=0.0,GainFast
C1_DLY_06,1,DELAY,Ch 6 Delay,1,C1_TUBE_06,C1_FDR_06,1,798,delay_ms=0.0;local_ms=20.0;max_ms=250.0;pool_slot=5,InstantCtl
C1_FDR_06,1,FADER_PAN,Ch 6 Fader,1,C1_DLY_06,C1_RTG_06,1,800,"level_db=-inf;pan=0.0;mute=0;host_cells=Dca,DcaOn;lcr_page=1;lcr_addr=4939",GainFast
C1_RTG_06,1,ROUTING,Ch 6 Route,1,C1_FDR_06,C1_BUS_MAIN_L;C1_BUS_MAIN_R;C1_BUS_SUB;C1_BUS_GRP_01;C1_BUS_GRP_02;C1_BUS_GRP_03;C1_BUS_GRP_04;C1_BUS_AUX_01;C1_BUS_AUX_02;C1_BUS_AUX_03;C1_BUS_AUX_04;C1_BUS_AUX_05;C1_BUS_AUX_06;C1_BUS_AUX_07;C1_BUS_AUX_08;C1_BUS_AUX_09;C1_BUS_AUX_10;C1_BUS_AUX_11;C1_BUS_AUX_12;C1_BUS_FX_01;C1_BUS_FX_02;C1_BUS_FX_03;C1_BUS_FX_04;C1_BUS_FX_05;C1_BUS_FX_06;C1_BUS_MTX_01;C1_BUS_MTX_02;C1_BUS_MTX_03;C1_BUS_MTX_04,1,804,main_on=1;sub_on=0;grp_on=0000;aux_on=000000000000;fx_on=000000;mtx_sends=2;mtx_on=00;mtx_page=1;mtx_addr=4826,GainFast
C1_IN_07,1,INPUT_TDM,Ch 7 Input,1,,C1_GAIN_07,-1,-1,sport_id=0;slot_start=6;slot_count=1;sport_slots=8;signal=IN_07,
C1_GAIN_07,1,GAIN,Ch 7 Gain,1,C1_IN_07,C1_FILT_07,1,864,gain_db=0.0;mute=0;polarity=0,GainFast
C1_FILT_07,1,HPF_LPF,Ch 7 HPF+LPF,1,C1_GAIN_07,C1_EQ_07,1,868,hpf_freq=80.0;hpf_slope=18;lpf_freq=20000.0,EqSafe
C1_EQ_07,1,EQ_BIQUAD,Ch 7 EQ,1,C1_FILT_07,C1_GATE_07,1,880,bands=4;coeffs=default,EqSafe
C1_GATE_07,1,GATE,Ch 7 Gate,1,C1_EQ_07,C1_COMP_07,1,904,threshold_db=-40.0;attack_ms=1.0;hold_ms=50.0;release_ms=100.0;range_db=60.0;key=0;det_src=0;filter_on=0;filter_hpf=80.0;filter_lpf=8000.0;filter_q=1.0,DynSafe
C1_COMP_07,1,COMPRESSOR,Ch 7 Comp,1,C1_GATE_07,C1_TUBE_07,1,920,threshold_db=-20.0;ratio=4.0;attack_ms=5.0;release_ms=100.0;knee_db=6.0;makeup_db=0.0;parallel=100;type=VCA;key=0;det_src=0;lim_mode=0;eq_pos=0;filter_on=0;filter_hpf=80.0;filter_lpf=8000.0;filter_q=1.0,DynSafe
C1_TUBE_07,1,TUBE_SAT,Ch 7 Tube,1,C1_COMP_07,C1_DLY_07,1,940,on=0;saturation=0.0,GainFast
C1_DLY_07,1,DELAY,Ch 7 Delay,1,C1_TUBE_07,C1_FDR_07,1,942,delay_ms=0.0;local_ms=20.0;max_ms=250.0;pool_slot=6,InstantCtl
C1_FDR_07,1,FADER_PAN,Ch 7 Fader,1,C1_DLY_07,C1_RTG_07,1,944,"level_db=-inf;pan=0.0;mute=0;host_cells=Dca,DcaOn;lcr_page=1;lcr_addr=4940",GainFast
C1_RTG_07,1,ROUTING,Ch 7 Route,1,C1_FDR_07,C1_BUS_MAIN_L;C1_BUS_MAIN_R;C1_BUS_SUB;C1_BUS_GRP_01;C1_BUS_GRP_02;C1_BUS_GRP_03;C1_BUS_GRP_04;C1_BUS_AUX_01;C1_BUS_AUX_02;C1_BUS_AUX_03;C1_BUS_AUX_04;C1_BUS_AUX_05;C1_BUS_AUX_06;C1_BUS_AUX_07;C1_BUS_AUX_08;C1_BUS_AUX_09;C1_BUS_AUX_10;C1_BUS_AUX_11;C1_BUS_AUX_12;C1_BUS_FX_01;C1_BUS_FX_02;C1_BUS_FX_03;C1_BUS_FX_04;C1_BUS_FX_05;C1_BUS_FX_06;C1_BUS_MTX_01;C1_BUS_MTX_02;C1_BUS_MTX_03;C1_BUS_MTX_04,1,948,main_on=1;sub_on=0;grp_on=0000;aux_on=000000000000;fx_on=000000;mtx_sends=2;mtx_on=00;mtx_page=1;mtx_addr=4830,GainFast
C1_IN_08,1,INPUT_TDM,Ch 8 Input,1,,C1_GAIN_08,-1,-1,sport_id=0;slot_start=7;slot_count=1;sport_slots=8;signal=IN_08,
C1_GAIN_08,1,GAIN,Ch 8 Gain,1,C1_IN_08,C1_FILT_08,1,1008,gain_db=0.0;mute=0;polarity=0,GainFast
C1_FILT_08,1,HPF_LPF,Ch 8 HPF+LPF,1,C1_GAIN_08,C1_EQ_08,1,1012,hpf_freq=80.0;hpf_slope=18;lpf_freq=20000.0,EqSafe
C1_EQ_08,1,EQ_BIQUAD,Ch 8 EQ,1,C1_FILT_08,C1_GATE_08,1,1024,bands=4;coeffs=default,EqSafe
C1_GATE_08,1,GATE,Ch 8 Gate,1,C1_EQ_08,C1_COMP_08,1,1048,threshold_db=-40.0;attack_ms=1.0;hold_ms=50.0;release_ms=100.0;range_db=60.0;key=0;det_src=0;filter_on=0;filter_hpf=80.0;filter_lpf=8000.0;filter_q=1.0,DynSafe
C1_COMP_08,1,COMPRESSOR,Ch 8 Comp,1,C1_GATE_08,C1_TUBE_08,1,1064,threshold_db=-20.0;ratio=4.0;attack_ms=5.0;release_ms=100.0;knee_db=6.0;makeup_db=0.0;parallel=100;type=VCA;key=0;det_src=0;lim_mode=0;eq_pos=0;filter_on=0;filter_hpf=80.0;filter_lpf=8000.0;filter_q=1.0,DynSafe
C1_TUBE_08,1,TUBE_SAT,Ch 8 Tube,1,C1_COMP_08,C1_DLY_08,1,1084,on=0;saturation=0.0,GainFast
C1_DLY_08,1,DELAY,Ch 8 Delay,1,C1_TUBE_08,C1_FDR_08,1,1086,delay_ms=0.0;local_ms=20.0;max_ms=250.0;pool_slot=7,InstantCtl
C1_FDR_08,1,FADER_PAN,Ch 8 Fader,1,C1_DLY_08,C1_RTG_08,1,1088,"level_db=-inf;pan=0.0;mute=0;host_cells=Dca,DcaOn;lcr_page=1;lcr_addr=4941",GainFast
C1_RTG_08,1,ROUTING,Ch 8 Route,1,C1_FDR_08,C1_BUS_MAIN_L;C1_BUS_MAIN_R;C1_BUS_SUB;C1_BUS_GRP_01;C1_BUS_GRP_02;C1_BUS_GRP_03;C1_BUS_GRP_04;C1_BUS_AUX_01;C1_BUS_AUX_02;C1_BUS_AUX_03;C1_BUS_AUX_04;C1_BUS_AUX_05;C1_BUS_AUX_06;C1_BUS_AUX_07;C1_BUS_AUX_08;C1_BUS_AUX_09;C1_BUS_AUX_10;C1_BUS_AUX_11;C1_BUS_AUX_12;C1_BUS_FX_01;C1_BUS_FX_02;C1_BUS_FX_03;C1_BUS_FX_04;C1_BUS_FX_05;C1_BUS_FX_06;C1_BUS_MTX_01;C1_BUS_MTX_02;C1_BUS_MTX_03;C1_BUS_MTX_04,1,1092,main_on=1;sub_on=0;grp_on=0000;aux_on=000000000000;fx_on=000000;mtx_sends=2;mtx_on=00;mtx_page=1;mtx_addr=4834,GainFast
C1_IN_09,1,INPUT_TDM,Ch 9 Input,1,,C1_GAIN_09,-1,-1,sport_id=1;slot_start=0;slot_count=1;sport_slots=8;signal=IN_09,
C1_GAIN_09,1,GAIN,Ch 9 Gain,1,C1_IN_09,C1_FILT_09,1,1152,gain_db=0.0;mute=0;polarity=0,GainFast
C1_FILT_09,1,HPF_LPF,Ch 9 HPF+LPF,1,C1_GAIN_09,C1_EQ_09,1,1156,hpf_freq=80.0;hpf_slope=18;lpf_freq=20000.0,EqSafe
C1_EQ_09,1,EQ_BIQUAD,Ch 9 EQ,1,C1_FILT_09,C1_GATE_09,1,1168,bands=4;coeffs=default,EqSafe
C1_GATE_09,1,GATE,Ch 9 Gate,1,C1_EQ_09,C1_COMP_09,1,1192,threshold_db=-40.0;attack_ms=1.0;hold_ms=50.0;release_ms=100.0;range_db=60.0;key=0;det_src=0;filter_on=0;filter_hpf=80.0;filter_lpf=8000.0;filter_q=1.0,DynSafe
C1_COMP_09,1,COMPRESSOR,Ch 9 Comp,1,C1_GATE_09,C1_TUBE_09,1,1208,threshold_db=-20.0;ratio=4.0;attack_ms=5.0;release_ms=100.0;knee_db=6.0;makeup_db=0.0;parallel=100;type=VCA;key=0;det_src=0;lim_mode=0;eq_pos=0;filter_on=0;filter_hpf=80.0;filter_lpf=8000.0;filter_q=1.0,DynSafe
C1_TUBE_09,1,TUBE_SAT,Ch 9 Tube,1,C1_COMP_09,C1_DLY_09,1,1228,on=0;saturation=0.0,GainFast
C1_DLY_09,1,DELAY,Ch 9 Delay,1,C1_TUBE_09,C1_FDR_09,1,1230,delay_ms=0.0;local_ms=20.0;max_ms=250.0;pool_slot=-1,InstantCtl
C1_FDR_09,1,FADER_PAN,Ch 9 Fader,1,C1_DLY_09,C1_RTG_09,1,1232,"level_db=-inf;pan=0.0;mute=0;host_cells=Dca,DcaOn;lcr_page=1;lcr_addr=4942",GainFast
C1_RTG_09,1,ROUTING,Ch 9 Route,1,C1_FDR_09,C1_BUS_MAIN_L;C1_BUS_MAIN_R;C1_BUS_SUB;C1_BUS_GRP_01;C1_BUS_GRP_02;C1_BUS_GRP_03;C1_BUS_GRP_04;C1_BUS_AUX_01;C1_BUS_AUX_02;C1_BUS_AUX_03;C1_BUS_AUX_04;C1_BUS_AUX_05;C1_BUS_AUX_06;C1_BUS_AUX_07;C1_BUS_AUX_08;C1_BUS_AUX_09;C1_BUS_AUX_10;C1_BUS_AUX_11;C1_BUS_AUX_12;C1_BUS_FX_01;C1_BUS_FX_02;C1_BUS_FX_03;C1_BUS_FX_04;C1_BUS_FX_05;C1_BUS_FX_06;C1_BUS_MTX_01;C1_BUS_MTX_02;C1_BUS_MTX_03;C1_BUS_MTX_04,1,1236,main_on=1;sub_on=0;grp_on=0000;aux_on=000000000000;fx_on=000000;mtx_sends=2;mtx_on=00;mtx_page=1;mtx_addr=4838,GainFast
C1_IN_10,1,INPUT_TDM,Ch 10 Input,1,,C1_GAIN_10,-1,-1,sport_id=1;slot_start=1;slot_count=1;sport_slots=8;signal=IN_10,
C1_GAIN_10,1,GAIN,Ch 10 Gain,1,C1_IN_10,C1_FILT_10,1,1296,gain_db=0.0;mute=0;polarity=0,GainFast
C1_FILT_10,1,HPF_LPF,Ch 10 HPF+LPF,1,C1_GAIN_10,C1_EQ_10,1,1300,hpf_freq=80.0;hpf_slope=18;lpf_freq=20000.0,EqSafe
C1_EQ_10,1,EQ_BIQUAD,Ch 10 EQ,1,C1_FILT_10,C1_GATE_10,1,1312,bands=4;coeffs=default,EqSafe
C1_GATE_10,1,GATE,Ch 10 Gate,1,C1_EQ_10,C1_COMP_10,1,1336,threshold_db=-40.0;attack_ms=1.0;hold_ms=50.0;release_ms=100.0;range_db=60.0;key=0;det_src=0;filter_on=0;filter_hpf=80.0;filter_lpf=8000.0;filter_q=1.0,DynSafe
C1_COMP_10,1,COMPRESSOR,Ch 10 Comp,1,C1_GATE_10,C1_TUBE_10,1,1352,threshold_db=-20.0;ratio=4.0;attack_ms=5.0;release_ms=100.0;knee_db=6.0;makeup_db=0.0;parallel=100;type=VCA;key=0;det_src=0;lim_mode=0;eq_pos=0;filter_on=0;filter_hpf=80.0;filter_lpf=8000.0;filter_q=1.0,DynSafe
C1_TUBE_10,1,TUBE_SAT,Ch 10 Tube,1,C1_COMP_10,C1_DLY_10,1,1372,on=0;saturation=0.0,GainFast
C1_DLY_10,1,DELAY,Ch 10 Delay,1,C1_TUBE_10,C1_FDR_10,1,1374,delay_ms=0.0;local_ms=20.0;max_ms=250.0;pool_slot=-1,InstantCtl
C1_FDR_10,1,FADER_PAN,Ch 10 Fader,1,C1_DLY_10,C1_RTG_10,1,1376,"level_db=-inf;pan=0.0;mute=0;host_cells=Dca,DcaOn;lcr_page=1;lcr_addr=4943",GainFast
C1_RTG_10,1,ROUTING,Ch 10 Route,1,C1_FDR_10,C1_BUS_MAIN_L;C1_BUS_MAIN_R;C1_BUS_SUB;C1_BUS_GRP_01;C1_BUS_GRP_02;C1_BUS_GRP_03;C1_BUS_GRP_04;C1_BUS_AUX_01;C1_BUS_AUX_02;C1_BUS_AUX_03;C1_BUS_AUX_04;C1_BUS_AUX_05;C1_BUS_AUX_06;C1_BUS_AUX_07;C1_BUS_AUX_08;C1_BUS_AUX_09;C1_BUS_AUX_10;C1_BUS_AUX_11;C1_BUS_AUX_12;C1_BUS_FX_01;C1_BUS_FX_02;C1_BUS_FX_03;C1_BUS_FX_04;C1_BUS_FX_05;C1_BUS_FX_06;C1_BUS_MTX_01;C1_BUS_MTX_02;C1_BUS_MTX_03;C1_BUS_MTX_04,1,1380,main_on=1;sub_on=0;grp_on=0000;aux_on=000000000000;fx_on=000000;mtx_sends=2;mtx_on=00;mtx_page=1;mtx_addr=4842,GainFast
C1_IN_11,1,INPUT_TDM,Ch 11 Input,1,,C1_GAIN_11,-1,-1,sport_id=1;slot_start=2;slot_count=1;sport_slots=8;signal=IN_11,
C1_GAIN_11,1,GAIN,Ch 11 Gain,1,C1_IN_11,C1_FILT_11,1,1440,gain_db=0.0;mute=0;polarity=0,GainFast
C1_FILT_11,1,HPF_LPF,Ch 11 HPF+LPF,1,C1_GAIN_11,C1_EQ_11,1,1444,hpf_freq=80.0;hpf_slope=18;lpf_freq=20000.0,EqSafe
C1_EQ_11,1,EQ_BIQUAD,Ch 11 EQ,1,C1_FILT_11,C1_GATE_11,1,1456,bands=4;coeffs=default,EqSafe
C1_GATE_11,1,GATE,Ch 11 Gate,1,C1_EQ_11,C1_COMP_11,1,1480,threshold_db=-40.0;attack_ms=1.0;hold_ms=50.0;release_ms=100.0;range_db=60.0;key=0;det_src=0;filter_on=0;filter_hpf=80.0;filter_lpf=8000.0;filter_q=1.0,DynSafe
C1_COMP_11,1,COMPRESSOR,Ch 11 Comp,1,C1_GATE_11,C1_TUBE_11,1,1496,threshold_db=-20.0;ratio=4.0;attack_ms=5.0;release_ms=100.0;knee_db=6.0;makeup_db=0.0;parallel=100;type=VCA;key=0;det_src=0;lim_mode=0;eq_pos=0;filter_on=0;filter_hpf=80.0;filter_lpf=8000.0;filter_q=1.0,DynSafe
C1_TUBE_11,1,TUBE_SAT,Ch 11 Tube,1,C1_COMP_11,C1_DLY_11,1,1516,on=0;saturation=0.0,GainFast
C1_DLY_11,1,DELAY,Ch 11 Delay,1,C1_TUBE_11,C1_FDR_11,1,1518,delay_ms=0.0;local_ms=20.0;max_ms=250.0;pool_slot=-1,InstantCtl
C1_FDR_11,1,FADER_PAN,Ch 11 Fader,1,C1_DLY_11,C1_RTG_11,1,1520,"level_db=-inf;pan=0.0;mute=0;host_cells=Dca,DcaOn;lcr_page=1;lcr_addr=4944",GainFast
C1_RTG_11,1,ROUTING,Ch 11 Route,1,C1_FDR_11,C1_BUS_MAIN_L;C1_BUS_MAIN_R;C1_BUS_SUB;C1_BUS_GRP_01;C1_BUS_GRP_02;C1_BUS_GRP_03;C1_BUS_GRP_04;C1_BUS_AUX_01;C1_BUS_AUX_02;C1_BUS_AUX_03;C1_BUS_AUX_04;C1_BUS_AUX_05;C1_BUS_AUX_06;C1_BUS_AUX_07;C1_BUS_AUX_08;C1_BUS_AUX_09;C1_BUS_AUX_10;C1_BUS_AUX_11;C1_BUS_AUX_12;C1_BUS_FX_01;C1_BUS_FX_02;C1_BUS_FX_03;C1_BUS_FX_04;C1_BUS_FX_05;C1_BUS_FX_06;C1_BUS_MTX_01;C1_BUS_MTX_02;C1_BUS_MTX_03;C1_BUS_MTX_04,1,1524,main_on=1;sub_on=0;grp_on=0000;aux_on=000000000000;fx_on=000000;mtx_sends=2;mtx_on=00;mtx_page=1;mtx_addr=4846,GainFast
C1_IN_12,1,INPUT_TDM,Ch 12 Input,1,,C1_GAIN_12,-1,-1,sport_id=1;slot_start=3;slot_count=1;sport_slots=8;signal=IN_12,
C1_GAIN_12,1,GAIN,Ch 12 Gain,1,C1_IN_12,C1_FILT_12,1,1584,gain_db=0.0;mute=0;polarity=0,GainFast
C1_FILT_12,1,HPF_LPF,Ch 12 HPF+LPF,1,C1_GAIN_12,C1_EQ_12,1,1588,hpf_freq=80.0;hpf_slope=18;lpf_freq=20000.0,EqSafe
C1_EQ_12,1,EQ_BIQUAD,Ch 12 EQ,1,C1_FILT_12,C1_GATE_12,1,1600,bands=4;coeffs=default,EqSafe
C1_GATE_12,1,GATE,Ch 12 Gate,1,C1_EQ_12,C1_COMP_12,1,1624,threshold_db=-40.0;attack_ms=1.0;hold_ms=50.0;release_ms=100.0;range_db=60.0;key=0;det_src=0;filter_on=0;filter_hpf=80.0;filter_lpf=8000.0;filter_q=1.0,DynSafe
C1_COMP_12,1,COMPRESSOR,Ch 12 Comp,1,C1_GATE_12,C1_TUBE_12,1,1640,threshold_db=-20.0;ratio=4.0;attack_ms=5.0;release_ms=100.0;knee_db=6.0;makeup_db=0.0;parallel=100;type=VCA;key=0;det_src=0;lim_mode=0;eq_pos=0;filter_on=0;filter_hpf=80.0;filter_lpf=8000.0;filter_q=1.0,DynSafe
C1_TUBE_12,1,TUBE_SAT,Ch 12 Tube,1,C1_COMP_12,C1_DLY_12,1,1660,on=0;saturation=0.0,GainFast
C1_DLY_12,1,DELAY,Ch 12 Delay,1,C1_TUBE_12,C1_FDR_12,1,1662,delay_ms=0.0;local_ms=20.0;max_ms=250.0;pool_slot=-1,InstantCtl
C1_FDR_12,1,FADER_PAN,Ch 12 Fader,1,C1_DLY_12,C1_RTG_12,1,1664,"level_db=-inf;pan=0.0;mute=0;host_cells=Dca,DcaOn;lcr_page=1;lcr_addr=4945",GainFast
C1_RTG_12,1,ROUTING,Ch 12 Route,1,C1_FDR_12,C1_BUS_MAIN_L;C1_BUS_MAIN_R;C1_BUS_SUB;C1_BUS_GRP_01;C1_BUS_GRP_02;C1_BUS_GRP_03;C1_BUS_GRP_04;C1_BUS_AUX_01;C1_BUS_AUX_02;C1_BUS_AUX_03;C1_BUS_AUX_04;C1_BUS_AUX_05;C1_BUS_AUX_06;C1_BUS_AUX_07;C1_BUS_AUX_08;C1_BUS_AUX_09;C1_BUS_AUX_10;C1_BUS_AUX_11;C1_BUS_AUX_12;C1_BUS_FX_01;C1_BUS_FX_02;C1_BUS_FX_03;C1_BUS_FX_04;C1_BUS_FX_05;C1_BUS_FX_06;C1_BUS_MTX_01;C1_BUS_MTX_02;C1_BUS_MTX_03;C1_BUS_MTX_04,1,1668,main_on=1;sub_on=0;grp_on=0000;aux_on=000000000000;fx_on=000000;mtx_sends=2;mtx_on=00;mtx_page=1;mtx_addr=4850,GainFast
C1_IN_13,1,INPUT_TDM,Ch 13 Input,1,,C1_GAIN_13,-1,-1,sport_id=1;slot_start=4;slot_count=1;sport_slots=8;signal=IN_13,
C1_GAIN_13,1,GAIN,Ch 13 Gain,1,C1_IN_13,C1_FILT_13,1,1728,gain_db=0.0;mute=0;polarity=0,GainFast
C1_FILT_13,1,HPF_LPF,Ch 13 HPF+LPF,1,C1_GAIN_13,C1_EQ_13,1,1732,hpf_freq=80.0;hpf_slope=18;lpf_freq=20000.0,EqSafe
C1_EQ_13,1,EQ_BIQUAD,Ch 13 EQ,1,C1_FILT_13,C1_GATE_13,1,1744,bands=4;coeffs=default,EqSafe
C1_GATE_13,1,GATE,Ch 13 Gate,1,C1_EQ_13,C1_COMP_13,1,1768,threshold_db=-40.0;attack_ms=1.0;hold_ms=50.0;release_ms=100.0;range_db=60.0;key=0;det_src=0;filter_on=0;filter_hpf=80.0;filter_lpf=8000.0;filter_q=1.0,DynSafe
C1_COMP_13,1,COMPRESSOR,Ch 13 Comp,1,C1_GATE_13,C1_TUBE_13,1,1784,threshold_db=-20.0;ratio=4.0;attack_ms=5.0;release_ms=100.0;knee_db=6.0;makeup_db=0.0;parallel=100;type=VCA;key=0;det_src=0;lim_mode=0;eq_pos=0;filter_on=0;filter_hpf=80.0;filter_lpf=8000.0;filter_q=1.0,DynSafe
C1_TUBE_13,1,TUBE_SAT,Ch 13 Tube,1,C1_COMP_13,C1_DLY_13,1,1804,on=0;saturation=0.0,GainFast
C1_DLY_13,1,DELAY,Ch 13 Delay,1,C1_TUBE_13,C1_FDR_13,1,1806,delay_ms=0.0;local_ms=20.0;max_ms=250.0;pool_slot=-1,InstantCtl
C1_FDR_13,1,FADER_PAN,Ch 13 Fader,1,C1_DLY_13,C1_RTG_13,1,1808,"level_db=-inf;pan=0.0;mute=0;host_cells=Dca,DcaOn;lcr_page=1;lcr_addr=4946",GainFast
C1_RTG_13,1,ROUTING,Ch 13 Route,1,C1_FDR_13,C1_BUS_MAIN_L;C1_BUS_MAIN_R;C1_BUS_SUB;C1_BUS_GRP_01;C1_BUS_GRP_02;C1_BUS_GRP_03;C1_BUS_GRP_04;C1_BUS_AUX_01;C1_BUS_AUX_02;C1_BUS_AUX_03;C1_BUS_AUX_04;C1_BUS_AUX_05;C1_BUS_AUX_06;C1_BUS_AUX_07;C1_BUS_AUX_08;C1_BUS_AUX_09;C1_BUS_AUX_10;C1_BUS_AUX_11;C1_BUS_AUX_12;C1_BUS_FX_01;C1_BUS_FX_02;C1_BUS_FX_03;C1_BUS_FX_04;C1_BUS_FX_05;C1_BUS_FX_06;C1_BUS_MTX_01;C1_BUS_MTX_02;C1_BUS_MTX_03;C1_BUS_MTX_04,1,1812,main_on=1;sub_on=0;grp_on=0000;aux_on=000000000000;fx_on=000000;mtx_sends=2;mtx_on=00;mtx_page=1;mtx_addr=4854,GainFast
C1_IN_14,1,INPUT_TDM,Ch 14 Input,1,,C1_GAIN_14,-1,-1,sport_id=1;slot_start=5;slot_count=1;sport_slots=8;signal=IN_14,
C1_GAIN_14,1,GAIN,Ch 14 Gain,1,C1_IN_14,C1_FILT_14,1,1872,gain_db=0.0;mute=0;polarity=0,GainFast
C1_FILT_14,1,HPF_LPF,Ch 14 HPF+LPF,1,C1_GAIN_14,C1_EQ_14,1,1876,hpf_freq=80.0;hpf_slope=18;lpf_freq=20000.0,EqSafe
C1_EQ_14,1,EQ_BIQUAD,Ch 14 EQ,1,C1_FILT_14,C1_GATE_14,1,1888,bands=4;coeffs=default,EqSafe
C1_GATE_14,1,GATE,Ch 14 Gate,1,C1_EQ_14,C1_COMP_14,1,1912,threshold_db=-40.0;attack_ms=1.0;hold_ms=50.0;release_ms=100.0;range_db=60.0;key=0;det_src=0;filter_on=0;filter_hpf=80.0;filter_lpf=8000.0;filter_q=1.0,DynSafe
C1_COMP_14,1,COMPRESSOR,Ch 14 Comp,1,C1_GATE_14,C1_TUBE_14,1,1928,threshold_db=-20.0;ratio=4.0;attack_ms=5.0;release_ms=100.0;knee_db=6.0;makeup_db=0.0;parallel=100;type=VCA;key=0;det_src=0;lim_mode=0;eq_pos=0;filter_on=0;filter_hpf=80.0;filter_lpf=8000.0;filter_q=1.0,DynSafe
C1_TUBE_14,1,TUBE_SAT,Ch 14 Tube,1,C1_COMP_14,C1_DLY_14,1,1948,on=0;saturation=0.0,GainFast
C1_DLY_14,1,DELAY,Ch 14 Delay,1,C1_TUBE_14,C1_FDR_14,1,1950,delay_ms=0.0;local_ms=20.0;max_ms=250.0;pool_slot=-1,InstantCtl
C1_FDR_14,1,FADER_PAN,Ch 14 Fader,1,C1_DLY_14,C1_RTG_14,1,1952,"level_db=-inf;pan=0.0;mute=0;host_cells=Dca,DcaOn;lcr_page=1;lcr_addr=4947",GainFast
C1_RTG_14,1,ROUTING,Ch 14 Route,1,C1_FDR_14,C1_BUS_MAIN_L;C1_BUS_MAIN_R;C1_BUS_SUB;C1_BUS_GRP_01;C1_BUS_GRP_02;C1_BUS_GRP_03;C1_BUS_GRP_04;C1_BUS_AUX_01;C1_BUS_AUX_02;C1_BUS_AUX_03;C1_BUS_AUX_04;C1_BUS_AUX_05;C1_BUS_AUX_06;C1_BUS_AUX_07;C1_BUS_AUX_08;C1_BUS_AUX_09;C1_BUS_AUX_10;C1_BUS_AUX_11;C1_BUS_AUX_12;C1_BUS_FX_01;C1_BUS_FX_02;C1_BUS_FX_03;C1_BUS_FX_04;C1_BUS_FX_05;C1_BUS_FX_06;C1_BUS_MTX_01;C1_BUS_MTX_02;C1_BUS_MTX_03;C1_BUS_MTX_04,1,1956,main_on=1;sub_on=0;grp_on=0000;aux_on=000000000000;fx_on=000000;mtx_sends=2;mtx_on=00;mtx_page=1;mtx_addr=4858,GainFast
C1_IN_15,1,INPUT_TDM,Ch 15 Input,1,,C1_GAIN_15,-1,-1,sport_id=1;slot_start=6;slot_count=1;sport_slots=8;signal=IN_15,
C1_GAIN_15,1,GAIN,Ch 15 Gain,1,C1_IN_15,C1_FILT_15,1,2016,gain_db=0.0;mute=0;polarity=0,GainFast
C1_FILT_15,1,HPF_LPF,Ch 15 HPF+LPF,1,C1_GAIN_15,C1_EQ_15,1,2020,hpf_freq=80.0;hpf_slope=18;lpf_freq=20000.0,EqSafe
C1_EQ_15,1,EQ_BIQUAD,Ch 15 EQ,1,C1_FILT_15,C1_GATE_15,1,2032,bands=4;coeffs=default,EqSafe
C1_GATE_15,1,GATE,Ch 15 Gate,1,C1_EQ_15,C1_COMP_15,1,2056,threshold_db=-40.0;attack_ms=1.0;hold_ms=50.0;release_ms=100.0;range_db=60.0;key=0;det_src=0;filter_on=0;filter_hpf=80.0;filter_lpf=8000.0;filter_q=1.0,DynSafe
C1_COMP_15,1,COMPRESSOR,Ch 15 Comp,1,C1_GATE_15,C1_TUBE_15,1,2072,threshold_db=-20.0;ratio=4.0;attack_ms=5.0;release_ms=100.0;knee_db=6.0;makeup_db=0.0;parallel=100;type=VCA;key=0;det_src=0;lim_mode=0;eq_pos=0;filter_on=0;filter_hpf=80.0;filter_lpf=8000.0;filter_q=1.0,DynSafe
C1_TUBE_15,1,TUBE_SAT,Ch 15 Tube,1,C1_COMP_15,C1_DLY_15,1,2092,on=0;saturation=0.0,GainFast
C1_DLY_15,1,DELAY,Ch 15 Delay,1,C1_TUBE_15,C1_FDR_15,1,2094,delay_ms=0.0;local_ms=20.0;max_ms=250.0;pool_slot=-1,InstantCtl
C1_FDR_15,1,FADER_PAN,Ch 15 Fader,1,C1_DLY_15,C1_RTG_15,1,2096,"level_db=-inf;pan=0.0;mute=0;host_cells=Dca,DcaOn;lcr_page=1;lcr_addr=4948",GainFast
C1_RTG_15,1,ROUTING,Ch 15 Route,1,C1_FDR_15,C1_BUS_MAIN_L;C1_BUS_MAIN_R;C1_BUS_SUB;C1_BUS_GRP_01;C1_BUS_GRP_02;C1_BUS_GRP_03;C1_BUS_GRP_04;C1_BUS_AUX_01;C1_BUS_AUX_02;C1_BUS_AUX_03;C1_BUS_AUX_04;C1_BUS_AUX_05;C1_BUS_AUX_06;C1_BUS_AUX_07;C1_BUS_AUX_08;C1_BUS_AUX_09;C1_BUS_AUX_10;C1_BUS_AUX_11;C1_BUS_AUX_12;C1_BUS_FX_01;C1_BUS_FX_02;C1_BUS_FX_03;C1_BUS_FX_04;C1_BUS_FX_05;C1_BUS_FX_06;C1_BUS_MTX_01;C1_BUS_MTX_02;C1_BUS_MTX_03;C1_BUS_MTX_04,1,2100,main_on=1;sub_on=0;grp_on=0000;aux_on=000000000000;fx_on=000000;mtx_sends=2;mtx_on=00;mtx_page=1;mtx_addr=4862,GainFast
C1_IN_16,1,INPUT_TDM,Ch 16 Input,1,,C1_GAIN_16,-1,-1,sport_id=1;slot_start=7;slot_count=1;sport_slots=8;signal=IN_16,
C1_GAIN_16,1,GAIN,Ch 16 Gain,1,C1_IN_16,C1_FILT_16,1,2160,gain_db=0.0;mute=0;polarity=0,GainFast
C1_FILT_16,1,HPF_LPF,Ch 16 HPF+LPF,1,C1_GAIN_16,C1_EQ_16,1,2164,hpf_freq=80.0;hpf_slope=18;lpf_freq=20000.0,EqSafe
C1_EQ_16,1,EQ_BIQUAD,Ch 16 EQ,1,C1_FILT_16,C1_GATE_16,1,2176,bands=4;coeffs=default,EqSafe
C1_GATE_16,1,GATE,Ch 16 Gate,1,C1_EQ_16,C1_COMP_16,1,2200,threshold_db=-40.0;attack_ms=1.0;hold_ms=50.0;release_ms=100.0;range_db=60.0;key=0;det_src=0;filter_on=0;filter_hpf=80.0;filter_lpf=8000.0;filter_q=1.0,DynSafe
C1_COMP_16,1,COMPRESSOR,Ch 16 Comp,1,C1_GATE_16,C1_TUBE_16,1,2216,threshold_db=-20.0;ratio=4.0;attack_ms=5.0;release_ms=100.0;knee_db=6.0;makeup_db=0.0;parallel=100;type=VCA;key=0;det_src=0;lim_mode=0;eq_pos=0;filter_on=0;filter_hpf=80.0;filter_lpf=8000.0;filter_q=1.0,DynSafe
C1_TUBE_16,1,TUBE_SAT,Ch 16 Tube,1,C1_COMP_16,C1_DLY_16,1,2236,on=0;saturation=0.0,GainFast
C1_DLY_16,1,DELAY,Ch 16 Delay,1,C1_TUBE_16,C1_FDR_16,1,2238,delay_ms=0.0;local_ms=20.0;max_ms=250.0;pool_slot=-1,InstantCtl
C1_FDR_16,1,FADER_PAN,Ch 16 Fader,1,C1_DLY_16,C1_RTG_16,1,2240,"level_db=-inf;pan=0.0;mute=0;host_cells=Dca,DcaOn;lcr_page=1;lcr_addr=4949",GainFast
C1_RTG_16,1,ROUTING,Ch 16 Route,1,C1_FDR_16,C1_BUS_MAIN_L;C1_BUS_MAIN_R;C1_BUS_SUB;C1_BUS_GRP_01;C1_BUS_GRP_02;C1_BUS_GRP_03;C1_BUS_GRP_04;C1_BUS_AUX_01;C1_BUS_AUX_02;C1_BUS_AUX_03;C1_BUS_AUX_04;C1_BUS_AUX_05;C1_BUS_AUX_06;C1_BUS_AUX_07;C1_BUS_AUX_08;C1_BUS_AUX_09;C1_BUS_AUX_10;C1_BUS_AUX_11;C1_BUS_AUX_12;C1_BUS_FX_01;C1_BUS_FX_02;C1_BUS_FX_03;C1_BUS_FX_04;C1_BUS_FX_05;C1_BUS_FX_06;C1_BUS_MTX_01;C1_BUS_MTX_02;C1_BUS_MTX_03;C1_BUS_MTX_04,1,2244,main_on=1;sub_on=0;grp_on=0000;aux_on=000000000000;fx_on=000000;mtx_sends=2;mtx_on=00;mtx_page=1;mtx_addr=4866,GainFast
C1_IN_17,1,INPUT_TDM,Ch 17 Input,1,,C1_GAIN_17,-1,-1,sport_id=2;slot_start=0;slot_count=1;sport_slots=8;signal=IN_17,
C1_GAIN_17,1,GAIN,Ch 17 Gain,1,C1_IN_17,C1_FILT_17,1,2304,gain_db=0.0;mute=0;polarity=0,GainFast
C1_FILT_17,1,HPF_LPF,Ch 17 HPF+LPF,1,C1_GAIN_17,C1_EQ_17,1,2308,hpf_freq=80.0;hpf_slope=18;lpf_freq=20000.0,EqSafe
C1_EQ_17,1,EQ_BIQUAD,Ch 17 EQ,1,C1_FILT_17,C1_GATE_17,1,2320,bands=4;coeffs=default,EqSafe
C1_GATE_17,1,GATE,Ch 17 Gate,1,C1_EQ_17,C1_COMP_17,1,2344,threshold_db=-40.0;attack_ms=1.0;hold_ms=50.0;release_ms=100.0;range_db=60.0;key=0;det_src=0;filter_on=0;filter_hpf=80.0;filter_lpf=8000.0;filter_q=1.0,DynSafe
C1_COMP_17,1,COMPRESSOR,Ch 17 Comp,1,C1_GATE_17,C1_TUBE_17,1,2360,threshold_db=-20.0;ratio=4.0;attack_ms=5.0;release_ms=100.0;knee_db=6.0;makeup_db=0.0;parallel=100;type=VCA;key=0;det_src=0;lim_mode=0;eq_pos=0;filter_on=0;filter_hpf=80.0;filter_lpf=8000.0;filter_q=1.0,DynSafe
C1_TUBE_17,1,TUBE_SAT,Ch 17 Tube,1,C1_COMP_17,C1_DLY_17,1,2380,on=0;saturation=0.0,GainFast
C1_DLY_17,1,DELAY,Ch 17 Delay,1,C1_TUBE_17,C1_FDR_17,1,2382,delay_ms=0.0;local_ms=20.0;max_ms=250.0;pool_slot=-1,InstantCtl
C1_FDR_17,1,FADER_PAN,Ch 17 Fader,1,C1_DLY_17,C1_RTG_17,1,2384,"level_db=-inf;pan=0.0;mute=0;host_cells=Dca,DcaOn;lcr_page=1;lcr_addr=4950",GainFast
C1_RTG_17,1,ROUTING,Ch 17 Route,1,C1_FDR_17,C1_BUS_MAIN_L;C1_BUS_MAIN_R;C1_BUS_SUB;C1_BUS_GRP_01;C1_BUS_GRP_02;C1_BUS_GRP_03;C1_BUS_GRP_04;C1_BUS_AUX_01;C1_BUS_AUX_02;C1_BUS_AUX_03;C1_BUS_AUX_04;C1_BUS_AUX_05;C1_BUS_AUX_06;C1_BUS_AUX_07;C1_BUS_AUX_08;C1_BUS_AUX_09;C1_BUS_AUX_10;C1_BUS_AUX_11;C1_BUS_AUX_12;C1_BUS_FX_01;C1_BUS_FX_02;C1_BUS_FX_03;C1_BUS_FX_04;C1_BUS_FX_05;C1_BUS_FX_06;C1_BUS_MTX_01;C1_BUS_MTX_02;C1_BUS_MTX_03;C1_BUS_MTX_04,1,2388,main_on=1;sub_on=0;grp_on=0000;aux_on=000000000000;fx_on=000000;mtx_sends=2;mtx_on=00;mtx_page=1;mtx_addr=4870,GainFast
C1_IN_18,1,INPUT_TDM,Ch 18 Input,1,,C1_GAIN_18,-1,-1,sport_id=2;slot_start=1;slot_count=1;sport_slots=8;signal=IN_18,
C1_GAIN_18,1,GAIN,Ch 18 Gain,1,C1_IN_18,C1_FILT_18,1,2448,gain_db=0.0;mute=0;polarity=0,GainFast
C1_FILT_18,1,HPF_LPF,Ch 18 HPF+LPF,1,C1_GAIN_18,C1_EQ_18,1,2452,hpf_freq=80.0;hpf_slope=18;lpf_freq=20000.0,EqSafe
C1_EQ_18,1,EQ_BIQUAD,Ch 18 EQ,1,C1_FILT_18,C1_GATE_18,1,2464,bands=4;coeffs=default,EqSafe
C1_GATE_18,1,GATE,Ch 18 Gate,1,C1_EQ_18,C1_COMP_18,1,2488,threshold_db=-40.0;attack_ms=1.0;hold_ms=50.0;release_ms=100.0;range_db=60.0;key=0;det_src=0;filter_on=0;filter_hpf=80.0;filter_lpf=8000.0;filter_q=1.0,DynSafe
C1_COMP_18,1,COMPRESSOR,Ch 18 Comp,1,C1_GATE_18,C1_TUBE_18,1,2504,threshold_db=-20.0;ratio=4.0;attack_ms=5.0;release_ms=100.0;knee_db=6.0;makeup_db=0.0;parallel=100;type=VCA;key=0;det_src=0;lim_mode=0;eq_pos=0;filter_on=0;filter_hpf=80.0;filter_lpf=8000.0;filter_q=1.0,DynSafe
C1_TUBE_18,1,TUBE_SAT,Ch 18 Tube,1,C1_COMP_18,C1_DLY_18,1,2524,on=0;saturation=0.0,GainFast
C1_DLY_18,1,DELAY,Ch 18 Delay,1,C1_TUBE_18,C1_FDR_18,1,2526,delay_ms=0.0;local_ms=20.0;max_ms=250.0;pool_slot=-1,InstantCtl
C1_FDR_18,1,FADER_PAN,Ch 18 Fader,1,C1_DLY_18,C1_RTG_18,1,2528,"level_db=-inf;pan=0.0;mute=0;host_cells=Dca,DcaOn;lcr_page=1;lcr_addr=4951",GainFast
C1_RTG_18,1,ROUTING,Ch 18 Route,1,C1_FDR_18,C1_BUS_MAIN_L;C1_BUS_MAIN_R;C1_BUS_SUB;C1_BUS_GRP_01;C1_BUS_GRP_02;C1_BUS_GRP_03;C1_BUS_GRP_04;C1_BUS_AUX_01;C1_BUS_AUX_02;C1_BUS_AUX_03;C1_BUS_AUX_04;C1_BUS_AUX_05;C1_BUS_AUX_06;C1_BUS_AUX_07;C1_BUS_AUX_08;C1_BUS_AUX_09;C1_BUS_AUX_10;C1_BUS_AUX_11;C1_BUS_AUX_12;C1_BUS_FX_01;C1_BUS_FX_02;C1_BUS_FX_03;C1_BUS_FX_04;C1_BUS_FX_05;C1_BUS_FX_06;C1_BUS_MTX_01;C1_BUS_MTX_02;C1_BUS_MTX_03;C1_BUS_MTX_04,1,2532,main_on=1;sub_on=0;grp_on=0000;aux_on=000000000000;fx_on=000000;mtx_sends=2;mtx_on=00;mtx_page=1;mtx_addr=4874,GainFast
C1_IN_19,1,INPUT_TDM,Ch 19 Input,1,,C1_GAIN_19,-1,-1,sport_id=2;slot_start=2;slot_count=1;sport_slots=8;signal=IN_19,
C1_GAIN_19,1,GAIN,Ch 19 Gain,1,C1_IN_19,C1_FILT_19,1,2592,gain_db=0.0;mute=0;polarity=0,GainFast
C1_FILT_19,1,HPF_LPF,Ch 19 HPF+LPF,1,C1_GAIN_19,C1_EQ_19,1,2596,hpf_freq=80.0;hpf_slope=18;lpf_freq=20000.0,EqSafe
C1_EQ_19,1,EQ_BIQUAD,Ch 19 EQ,1,C1_FILT_19,C1_GATE_19,1,2608,bands=4;coeffs=default,EqSafe
C1_GATE_19,1,GATE,Ch 19 Gate,1,C1_EQ_19,C1_COMP_19,1,2632,threshold_db=-40.0;attack_ms=1.0;hold_ms=50.0;release_ms=100.0;range_db=60.0;key=0;det_src=0;filter_on=0;filter_hpf=80.0;filter_lpf=8000.0;filter_q=1.0,DynSafe
C1_COMP_19,1,COMPRESSOR,Ch 19 Comp,1,C1_GATE_19,C1_TUBE_19,1,2648,threshold_db=-20.0;ratio=4.0;attack_ms=5.0;release_ms=100.0;knee_db=6.0;makeup_db=0.0;parallel=100;type=VCA;key=0;det_src=0;lim_mode=0;eq_pos=0;filter_on=0;filter_hpf=80.0;filter_lpf=8000.0;filter_q=1.0,DynSafe
C1_TUBE_19,1,TUBE_SAT,Ch 19 Tube,1,C1_COMP_19,C1_DLY_19,1,2668,on=0;saturation=0.0,GainFast
C1_DLY_19,1,DELAY,Ch 19 Delay,1,C1_TUBE_19,C1_FDR_19,1,2670,delay_ms=0.0;local_ms=20.0;max_ms=250.0;pool_slot=-1,InstantCtl
C1_FDR_19,1,FADER_PAN,Ch 19 Fader,1,C1_DLY_19,C1_RTG_19,1,2672,"level_db=-inf;pan=0.0;mute=0;host_cells=Dca,DcaOn;lcr_page=1;lcr_addr=4952",GainFast
C1_RTG_19,1,ROUTING,Ch 19 Route,1,C1_FDR_19,C1_BUS_MAIN_L;C1_BUS_MAIN_R;C1_BUS_SUB;C1_BUS_GRP_01;C1_BUS_GRP_02;C1_BUS_GRP_03;C1_BUS_GRP_04;C1_BUS_AUX_01;C1_BUS_AUX_02;C1_BUS_AUX_03;C1_BUS_AUX_04;C1_BUS_AUX_05;C1_BUS_AUX_06;C1_BUS_AUX_07;C1_BUS_AUX_08;C1_BUS_AUX_09;C1_BUS_AUX_10;C1_BUS_AUX_11;C1_BUS_AUX_12;C1_BUS_FX_01;C1_BUS_FX_02;C1_BUS_FX_03;C1_BUS_FX_04;C1_BUS_FX_05;C1_BUS_FX_06;C1_BUS_MTX_01;C1_BUS_MTX_02;C1_BUS_MTX_03;C1_BUS_MTX_04,1,2676,main_on=1;sub_on=0;grp_on=0000;aux_on=000000000000;fx_on=000000;mtx_sends=2;mtx_on=00;mtx_page=1;mtx_addr=4878,GainFast
C1_IN_20,1,INPUT_TDM,Ch 20 Input,1,,C1_GAIN_20,-1,-1,sport_id=2;slot_start=3;slot_count=1;sport_slots=8;signal=IN_20,
C1_GAIN_20,1,GAIN,Ch 20 Gain,1,C1_IN_20,C1_FILT_20,1,2736,gain_db=0.0;mute=0;polarity=0,GainFast
C1_FILT_20,1,HPF_LPF,Ch 20 HPF+LPF,1,C1_GAIN_20,C1_EQ_20,1,2740,hpf_freq=80.0;hpf_slope=18;lpf_freq=20000.0,EqSafe
C1_EQ_20,1,EQ_BIQUAD,Ch 20 EQ,1,C1_FILT_20,C1_GATE_20,1,2752,bands=4;coeffs=default,EqSafe
C1_GATE_20,1,GATE,Ch 20 Gate,1,C1_EQ_20,C1_COMP_20,1,2776,threshold_db=-40.0;attack_ms=1.0;hold_ms=50.0;release_ms=100.0;range_db=60.0;key=0;det_src=0;filter_on=0;filter_hpf=80.0;filter_lpf=8000.0;filter_q=1.0,DynSafe
C1_COMP_20,1,COMPRESSOR,Ch 20 Comp,1,C1_GATE_20,C1_TUBE_20,1,2792,threshold_db=-20.0;ratio=4.0;attack_ms=5.0;release_ms=100.0;knee_db=6.0;makeup_db=0.0;parallel=100;type=VCA;key=0;det_src=0;lim_mode=0;eq_pos=0;filter_on=0;filter_hpf=80.0;filter_lpf=8000.0;filter_q=1.0,DynSafe
C1_TUBE_20,1,TUBE_SAT,Ch 20 Tube,1,C1_COMP_20,C1_DLY_20,1,2812,on=0;saturation=0.0,GainFast
C1_DLY_20,1,DELAY,Ch 20 Delay,1,C1_TUBE_20,C1_FDR_20,1,2814,delay_ms=0.0;local_ms=20.0;max_ms=250.0;pool_slot=-1,InstantCtl
C1_FDR_20,1,FADER_PAN,Ch 20 Fader,1,C1_DLY_20,C1_RTG_20,1,2816,"level_db=-inf;pan=0.0;mute=0;host_cells=Dca,DcaOn;lcr_page=1;lcr_addr=4953",GainFast
C1_RTG_20,1,ROUTING,Ch 20 Route,1,C1_FDR_20,C1_BUS_MAIN_L;C1_BUS_MAIN_R;C1_BUS_SUB;C1_BUS_GRP_01;C1_BUS_GRP_02;C1_BUS_GRP_03;C1_BUS_GRP_04;C1_BUS_AUX_01;C1_BUS_AUX_02;C1_BUS_AUX_03;C1_BUS_AUX_04;C1_BUS_AUX_05;C1_BUS_AUX_06;C1_BUS_AUX_07;C1_BUS_AUX_08;C1_BUS_AUX_09;C1_BUS_AUX_10;C1_BUS_AUX_11;C1_BUS_AUX_12;C1_BUS_FX_01;C1_BUS_FX_02;C1_BUS_FX_03;C1_BUS_FX_04;C1_BUS_FX_05;C1_BUS_FX_06;C1_BUS_MTX_01;C1_BUS_MTX_02;C1_BUS_MTX_03;C1_BUS_MTX_04,1,2820,main_on=1;sub_on=0;grp_on=0000;aux_on=000000000000;fx_on=000000;mtx_sends=2;mtx_on=00;mtx_page=1;mtx_addr=4882,GainFast
C1_IN_21,1,INPUT_TDM,Ch 21 Input,1,,C1_GAIN_21,-1,-1,sport_id=2;slot_start=4;slot_count=1;sport_slots=8;signal=IN_21,
C1_GAIN_21,1,GAIN,Ch 21 Gain,1,C1_IN_21,C1_FILT_21,1,2880,gain_db=0.0;mute=0;polarity=0,GainFast
C1_FILT_21,1,HPF_LPF,Ch 21 HPF+LPF,1,C1_GAIN_21,C1_EQ_21,1,2884,hpf_freq=80.0;hpf_slope=18;lpf_freq=20000.0,EqSafe
C1_EQ_21,1,EQ_BIQUAD,Ch 21 EQ,1,C1_FILT_21,C1_GATE_21,1,2896,bands=4;coeffs=default,EqSafe
C1_GATE_21,1,GATE,Ch 21 Gate,1,C1_EQ_21,C1_COMP_21,1,2920,threshold_db=-40.0;attack_ms=1.0;hold_ms=50.0;release_ms=100.0;range_db=60.0;key=0;det_src=0;filter_on=0;filter_hpf=80.0;filter_lpf=8000.0;filter_q=1.0,DynSafe
C1_COMP_21,1,COMPRESSOR,Ch 21 Comp,1,C1_GATE_21,C1_TUBE_21,1,2936,threshold_db=-20.0;ratio=4.0;attack_ms=5.0;release_ms=100.0;knee_db=6.0;makeup_db=0.0;parallel=100;type=VCA;key=0;det_src=0;lim_mode=0;eq_pos=0;filter_on=0;filter_hpf=80.0;filter_lpf=8000.0;filter_q=1.0,DynSafe
C1_TUBE_21,1,TUBE_SAT,Ch 21 Tube,1,C1_COMP_21,C1_DLY_21,1,2956,on=0;saturation=0.0,GainFast
C1_DLY_21,1,DELAY,Ch 21 Delay,1,C1_TUBE_21,C1_FDR_21,1,2958,delay_ms=0.0;local_ms=20.0;max_ms=250.0;pool_slot=-1,InstantCtl
C1_FDR_21,1,FADER_PAN,Ch 21 Fader,1,C1_DLY_21,C1_RTG_21,1,2960,"level_db=-inf;pan=0.0;mute=0;host_cells=Dca,DcaOn;lcr_page=1;lcr_addr=4954",GainFast
C1_RTG_21,1,ROUTING,Ch 21 Route,1,C1_FDR_21,C1_BUS_MAIN_L;C1_BUS_MAIN_R;C1_BUS_SUB;C1_BUS_GRP_01;C1_BUS_GRP_02;C1_BUS_GRP_03;C1_BUS_GRP_04;C1_BUS_AUX_01;C1_BUS_AUX_02;C1_BUS_AUX_03;C1_BUS_AUX_04;C1_BUS_AUX_05;C1_BUS_AUX_06;C1_BUS_AUX_07;C1_BUS_AUX_08;C1_BUS_AUX_09;C1_BUS_AUX_10;C1_BUS_AUX_11;C1_BUS_AUX_12;C1_BUS_FX_01;C1_BUS_FX_02;C1_BUS_FX_03;C1_BUS_FX_04;C1_BUS_FX_05;C1_BUS_FX_06;C1_BUS_MTX_01;C1_BUS_MTX_02;C1_BUS_MTX_03;C1_BUS_MTX_04,1,2964,main_on=1;sub_on=0;grp_on=0000;aux_on=000000000000;fx_on=000000;mtx_sends=2;mtx_on=00;mtx_page=1;mtx_addr=4886,GainFast
C1_IN_22,1,INPUT_TDM,Ch 22 Input,1,,C1_GAIN_22,-1,-1,sport_id=2;slot_start=5;slot_count=1;sport_slots=8;signal=IN_22,
C1_GAIN_22,1,GAIN,Ch 22 Gain,1,C1_IN_22,C1_FILT_22,1,3024,gain_db=0.0;mute=0;polarity=0,GainFast
C1_FILT_22,1,HPF_LPF,Ch 22 HPF+LPF,1,C1_GAIN_22,C1_EQ_22,1,3028,hpf_freq=80.0;hpf_slope=18;lpf_freq=20000.0,EqSafe
C1_EQ_22,1,EQ_BIQUAD,Ch 22 EQ,1,C1_FILT_22,C1_GATE_22,1,3040,bands=4;coeffs=default,EqSafe
C1_GATE_22,1,GATE,Ch 22 Gate,1,C1_EQ_22,C1_COMP_22,1,3064,threshold_db=-40.0;attack_ms=1.0;hold_ms=50.0;release_ms=100.0;range_db=60.0;key=0;det_src=0;filter_on=0;filter_hpf=80.0;filter_lpf=8000.0;filter_q=1.0,DynSafe
C1_COMP_22,1,COMPRESSOR,Ch 22 Comp,1,C1_GATE_22,C1_TUBE_22,1,3080,threshold_db=-20.0;ratio=4.0;attack_ms=5.0;release_ms=100.0;knee_db=6.0;makeup_db=0.0;parallel=100;type=VCA;key=0;det_src=0;lim_mode=0;eq_pos=0;filter_on=0;filter_hpf=80.0;filter_lpf=8000.0;filter_q=1.0,DynSafe
C1_TUBE_22,1,TUBE_SAT,Ch 22 Tube,1,C1_COMP_22,C1_DLY_22,1,3100,on=0;saturation=0.0,GainFast
C1_DLY_22,1,DELAY,Ch 22 Delay,1,C1_TUBE_22,C1_FDR_22,1,3102,delay_ms=0.0;local_ms=20.0;max_ms=250.0;pool_slot=-1,InstantCtl
C1_FDR_22,1,FADER_PAN,Ch 22 Fader,1,C1_DLY_22,C1_RTG_22,1,3104,"level_db=-inf;pan=0.0;mute=0;host_cells=Dca,DcaOn;lcr_page=1;lcr_addr=4955",GainFast
C1_RTG_22,1,ROUTING,Ch 22 Route,1,C1_FDR_22,C1_BUS_MAIN_L;C1_BUS_MAIN_R;C1_BUS_SUB;C1_BUS_GRP_01;C1_BUS_GRP_02;C1_BUS_GRP_03;C1_BUS_GRP_04;C1_BUS_AUX_01;C1_BUS_AUX_02;C1_BUS_AUX_03;C1_BUS_AUX_04;C1_BUS_AUX_05;C1_BUS_AUX_06;C1_BUS_AUX_07;C1_BUS_AUX_08;C1_BUS_AUX_09;C1_BUS_AUX_10;C1_BUS_AUX_11;C1_BUS_AUX_12;C1_BUS_FX_01;C1_BUS_FX_02;C1_BUS_FX_03;C1_BUS_FX_04;C1_BUS_FX_05;C1_BUS_FX_06;C1_BUS_MTX_01;C1_BUS_MTX_02;C1_BUS_MTX_03;C1_BUS_MTX_04,1,3108,main_on=1;sub_on=0;grp_on=0000;aux_on=000000000000;fx_on=000000;mtx_sends=2;mtx_on=00;mtx_page=1;mtx_addr=4890,GainFast
C1_IN_23,1,INPUT_TDM,Ch 23 Input,1,,C1_GAIN_23,-1,-1,sport_id=2;slot_start=6;slot_count=1;sport_slots=8;signal=IN_23,
C1_GAIN_23,1,GAIN,Ch 23 Gain,1,C1_IN_23,C1_FILT_23,1,3168,gain_db=0.0;mute=0;polarity=0,GainFast
C1_FILT_23,1,HPF_LPF,Ch 23 HPF+LPF,1,C1_GAIN_23,C1_EQ_23,1,3172,hpf_freq=80.0;hpf_slope=18;lpf_freq=20000.0,EqSafe
C1_EQ_23,1,EQ_BIQUAD,Ch 23 EQ,1,C1_FILT_23,C1_GATE_23,1,3184,bands=4;coeffs=default,EqSafe
C1_GATE_23,1,GATE,Ch 23 Gate,1,C1_EQ_23,C1_COMP_23,1,3208,threshold_db=-40.0;attack_ms=1.0;hold_ms=50.0;release_ms=100.0;range_db=60.0;key=0;det_src=0;filter_on=0;filter_hpf=80.0;filter_lpf=8000.0;filter_q=1.0,DynSafe
C1_COMP_23,1,COMPRESSOR,Ch 23 Comp,1,C1_GATE_23,C1_TUBE_23,1,3224,threshold_db=-20.0;ratio=4.0;attack_ms=5.0;release_ms=100.0;knee_db=6.0;makeup_db=0.0;parallel=100;type=VCA;key=0;det_src=0;lim_mode=0;eq_pos=0;filter_on=0;filter_hpf=80.0;filter_lpf=8000.0;filter_q=1.0,DynSafe
C1_TUBE_23,1,TUBE_SAT,Ch 23 Tube,1,C1_COMP_23,C1_DLY_23,1,3244,on=0;saturation=0.0,GainFast
C1_DLY_23,1,DELAY,Ch 23 Delay,1,C1_TUBE_23,C1_FDR_23,1,3246,delay_ms=0.0;local_ms=20.0;max_ms=250.0;pool_slot=-1,InstantCtl
C1_FDR_23,1,FADER_PAN,Ch 23 Fader,1,C1_DLY_23,C1_RTG_23,1,3248,"level_db=-inf;pan=0.0;mute=0;host_cells=Dca,DcaOn;lcr_page=1;lcr_addr=4956",GainFast
C1_RTG_23,1,ROUTING,Ch 23 Route,1,C1_FDR_23,C1_BUS_MAIN_L;C1_BUS_MAIN_R;C1_BUS_SUB;C1_BUS_GRP_01;C1_BUS_GRP_02;C1_BUS_GRP_03;C1_BUS_GRP_04;C1_BUS_AUX_01;C1_BUS_AUX_02;C1_BUS_AUX_03;C1_BUS_AUX_04;C1_BUS_AUX_05;C1_BUS_AUX_06;C1_BUS_AUX_07;C1_BUS_AUX_08;C1_BUS_AUX_09;C1_BUS_AUX_10;C1_BUS_AUX_11;C1_BUS_AUX_12;C1_BUS_FX_01;C1_BUS_FX_02;C1_BUS_FX_03;C1_BUS_FX_04;C1_BUS_FX_05;C1_BUS_FX_06;C1_BUS_MTX_01;C1_BUS_MTX_02;C1_BUS_MTX_03;C1_BUS_MTX_04,1,3252,main_on=1;sub_on=0;grp_on=0000;aux_on=000000000000;fx_on=000000;mtx_sends=2;mtx_on=00;mtx_page=1;mtx_addr=4894,GainFast
C1_IN_24,1,INPUT_TDM,Ch 24 Input,1,,C1_GAIN_24,-1,-1,sport_id=2;slot_start=7;slot_count=1;sport_slots=8;signal=IN_24,
C1_GAIN_24,1,GAIN,Ch 24 Gain,1,C1_IN_24,C1_FILT_24,1,3312,gain_db=0.0;mute=0;polarity=0,GainFast
C1_FILT_24,1,HPF_LPF,Ch 24 HPF+LPF,1,C1_GAIN_24,C1_EQ_24,1,3316,hpf_freq=80.0;hpf_slope=18;lpf_freq=20000.0,EqSafe
C1_EQ_24,1,EQ_BIQUAD,Ch 24 EQ,1,C1_FILT_24,C1_GATE_24,1,3328,bands=4;coeffs=default,EqSafe
C1_GATE_24,1,GATE,Ch 24 Gate,1,C1_EQ_24,C1_COMP_24,1,3352,threshold_db=-40.0;attack_ms=1.0;hold_ms=50.0;release_ms=100.0;range_db=60.0;key=0;det_src=0;filter_on=0;filter_hpf=80.0;filter_lpf=8000.0;filter_q=1.0,DynSafe
C1_COMP_24,1,COMPRESSOR,Ch 24 Comp,1,C1_GATE_24,C1_TUBE_24,1,3368,threshold_db=-20.0;ratio=4.0;attack_ms=5.0;release_ms=100.0;knee_db=6.0;makeup_db=0.0;parallel=100;type=VCA;key=0;det_src=0;lim_mode=0;eq_pos=0;filter_on=0;filter_hpf=80.0;filter_lpf=8000.0;filter_q=1.0,DynSafe
C1_TUBE_24,1,TUBE_SAT,Ch 24 Tube,1,C1_COMP_24,C1_DLY_24,1,3388,on=0;saturation=0.0,GainFast
C1_DLY_24,1,DELAY,Ch 24 Delay,1,C1_TUBE_24,C1_FDR_24,1,3390,delay_ms=0.0;local_ms=20.0;max_ms=250.0;pool_slot=-1,InstantCtl
C1_FDR_24,1,FADER_PAN,Ch 24 Fader,1,C1_DLY_24,C1_RTG_24,1,3392,"level_db=-inf;pan=0.0;mute=0;host_cells=Dca,DcaOn;lcr_page=1;lcr_addr=4957",GainFast
C1_RTG_24,1,ROUTING,Ch 24 Route,1,C1_FDR_24,C1_BUS_MAIN_L;C1_BUS_MAIN_R;C1_BUS_SUB;C1_BUS_GRP_01;C1_BUS_GRP_02;C1_BUS_GRP_03;C1_BUS_GRP_04;C1_BUS_AUX_01;C1_BUS_AUX_02;C1_BUS_AUX_03;C1_BUS_AUX_04;C1_BUS_AUX_05;C1_BUS_AUX_06;C1_BUS_AUX_07;C1_BUS_AUX_08;C1_BUS_AUX_09;C1_BUS_AUX_10;C1_BUS_AUX_11;C1_BUS_AUX_12;C1_BUS_FX_01;C1_BUS_FX_02;C1_BUS_FX_03;C1_BUS_FX_04;C1_BUS_FX_05;C1_BUS_FX_06;C1_BUS_MTX_01;C1_BUS_MTX_02;C1_BUS_MTX_03;C1_BUS_MTX_04,1,3396,main_on=1;sub_on=0;grp_on=0000;aux_on=000000000000;fx_on=000000;mtx_sends=2;mtx_on=00;mtx_page=1;mtx_addr=4898,GainFast
C1_IN_25,1,INPUT_TDM,Ch 25 Input,1,,C1_GAIN_25,-1,-1,sport_id=3;slot_start=0;slot_count=1;sport_slots=8;signal=IN_25,
C1_GAIN_25,1,GAIN,Ch 25 Gain,1,C1_IN_25,C1_FILT_25,1,3456,gain_db=0.0;mute=0;polarity=0,GainFast
C1_FILT_25,1,HPF_LPF,Ch 25 HPF+LPF,1,C1_GAIN_25,C1_EQ_25,1,3460,hpf_freq=80.0;hpf_slope=18;lpf_freq=20000.0,EqSafe
C1_EQ_25,1,EQ_BIQUAD,Ch 25 EQ,1,C1_FILT_25,C1_GATE_25,1,3472,bands=4;coeffs=default,EqSafe
C1_GATE_25,1,GATE,Ch 25 Gate,1,C1_EQ_25,C1_COMP_25,1,3496,threshold_db=-40.0;attack_ms=1.0;hold_ms=50.0;release_ms=100.0;range_db=60.0;key=0;det_src=0;filter_on=0;filter_hpf=80.0;filter_lpf=8000.0;filter_q=1.0,DynSafe
C1_COMP_25,1,COMPRESSOR,Ch 25 Comp,1,C1_GATE_25,C1_TUBE_25,1,3512,threshold_db=-20.0;ratio=4.0;attack_ms=5.0;release_ms=100.0;knee_db=6.0;makeup_db=0.0;parallel=100;type=VCA;key=0;det_src=0;lim_mode=0;eq_pos=0;filter_on=0;filter_hpf=80.0;filter_lpf=8000.0;filter_q=1.0,DynSafe
C1_TUBE_25,1,TUBE_SAT,Ch 25 Tube,1,C1_COMP_25,C1_DLY_25,1,3532,on=0;saturation=0.0,GainFast
C1_DLY_25,1,DELAY,Ch 25 Delay,1,C1_TUBE_25,C1_FDR_25,1,3534,delay_ms=0.0;local_ms=20.0;max_ms=250.0;pool_slot=-1,InstantCtl
C1_FDR_25,1,FADER_PAN,Ch 25 Fader,1,C1_DLY_25,C1_RTG_25,1,3536,"level_db=-inf;pan=0.0;mute=0;host_cells=Dca,DcaOn;lcr_page=1;lcr_addr=4958",GainFast
C1_RTG_25,1,ROUTING,Ch 25 Route,1,C1_FDR_25,C1_BUS_MAIN_L;C1_BUS_MAIN_R;C1_BUS_SUB;C1_BUS_GRP_01;C1_BUS_GRP_02;C1_BUS_GRP_03;C1_BUS_GRP_04;C1_BUS_AUX_01;C1_BUS_AUX_02;C1_BUS_AUX_03;C1_BUS_AUX_04;C1_BUS_AUX_05;C1_BUS_AUX_06;C1_BUS_AUX_07;C1_BUS_AUX_08;C1_BUS_AUX_09;C1_BUS_AUX_10;C1_BUS_AUX_11;C1_BUS_AUX_12;C1_BUS_FX_01;C1_BUS_FX_02;C1_BUS_FX_03;C1_BUS_FX_04;C1_BUS_FX_05;C1_BUS_FX_06;C1_BUS_MTX_01;C1_BUS_MTX_02;C1_BUS_MTX_03;C1_BUS_MTX_04,1,3540,main_on=1;sub_on=0;grp_on=0000;aux_on=000000000000;fx_on=000000;mtx_sends=2;mtx_on=00;mtx_page=1;mtx_addr=4902,GainFast
C1_IN_26,1,INPUT_TDM,Ch 26 Input,1,,C1_GAIN_26,-1,-1,sport_id=3;slot_start=1;slot_count=1;sport_slots=8;signal=IN_26,
C1_GAIN_26,1,GAIN,Ch 26 Gain,1,C1_IN_26,C1_FILT_26,1,3600,gain_db=0.0;mute=0;polarity=0,GainFast
C1_FILT_26,1,HPF_LPF,Ch 26 HPF+LPF,1,C1_GAIN_26,C1_EQ_26,1,3604,hpf_freq=80.0;hpf_slope=18;lpf_freq=20000.0,EqSafe
C1_EQ_26,1,EQ_BIQUAD,Ch 26 EQ,1,C1_FILT_26,C1_GATE_26,1,3616,bands=4;coeffs=default,EqSafe
C1_GATE_26,1,GATE,Ch 26 Gate,1,C1_EQ_26,C1_COMP_26,1,3640,threshold_db=-40.0;attack_ms=1.0;hold_ms=50.0;release_ms=100.0;range_db=60.0;key=0;det_src=0;filter_on=0;filter_hpf=80.0;filter_lpf=8000.0;filter_q=1.0,DynSafe
C1_COMP_26,1,COMPRESSOR,Ch 26 Comp,1,C1_GATE_26,C1_TUBE_26,1,3656,threshold_db=-20.0;ratio=4.0;attack_ms=5.0;release_ms=100.0;knee_db=6.0;makeup_db=0.0;parallel=100;type=VCA;key=0;det_src=0;lim_mode=0;eq_pos=0;filter_on=0;filter_hpf=80.0;filter_lpf=8000.0;filter_q=1.0,DynSafe
C1_TUBE_26,1,TUBE_SAT,Ch 26 Tube,1,C1_COMP_26,C1_DLY_26,1,3676,on=0;saturation=0.0,GainFast
C1_DLY_26,1,DELAY,Ch 26 Delay,1,C1_TUBE_26,C1_FDR_26,1,3678,delay_ms=0.0;local_ms=20.0;max_ms=250.0;pool_slot=-1,InstantCtl
C1_FDR_26,1,FADER_PAN,Ch 26 Fader,1,C1_DLY_26,C1_RTG_26,1,3680,"level_db=-inf;pan=0.0;mute=0;host_cells=Dca,DcaOn;lcr_page=1;lcr_addr=4959",GainFast
C1_RTG_26,1,ROUTING,Ch 26 Route,1,C1_FDR_26,C1_BUS_MAIN_L;C1_BUS_MAIN_R;C1_BUS_SUB;C1_BUS_GRP_01;C1_BUS_GRP_02;C1_BUS_GRP_03;C1_BUS_GRP_04;C1_BUS_AUX_01;C1_BUS_AUX_02;C1_BUS_AUX_03;C1_BUS_AUX_04;C1_BUS_AUX_05;C1_BUS_AUX_06;C1_BUS_AUX_07;C1_BUS_AUX_08;C1_BUS_AUX_09;C1_BUS_AUX_10;C1_BUS_AUX_11;C1_BUS_AUX_12;C1_BUS_FX_01;C1_BUS_FX_02;C1_BUS_FX_03;C1_BUS_FX_04;C1_BUS_FX_05;C1_BUS_FX_06;C1_BUS_MTX_01;C1_BUS_MTX_02;C1_BUS_MTX_03;C1_BUS_MTX_04,1,3684,main_on=1;sub_on=0;grp_on=0000;aux_on=000000000000;fx_on=000000;mtx_sends=2;mtx_on=00;mtx_page=1;mtx_addr=4906,GainFast
C1_IN_27,1,INPUT_TDM,Ch 27 Input,1,,C1_GAIN_27,-1,-1,sport_id=3;slot_start=2;slot_count=1;sport_slots=8;signal=IN_27,
C1_GAIN_27,1,GAIN,Ch 27 Gain,1,C1_IN_27,C1_FILT_27,1,3744,gain_db=0.0;mute=0;polarity=0,GainFast
C1_FILT_27,1,HPF_LPF,Ch 27 HPF+LPF,1,C1_GAIN_27,C1_EQ_27,1,3748,hpf_freq=80.0;hpf_slope=18;lpf_freq=20000.0,EqSafe
C1_EQ_27,1,EQ_BIQUAD,Ch 27 EQ,1,C1_FILT_27,C1_GATE_27,1,3760,bands=4;coeffs=default,EqSafe
C1_GATE_27,1,GATE,Ch 27 Gate,1,C1_EQ_27,C1_COMP_27,1,3784,threshold_db=-40.0;attack_ms=1.0;hold_ms=50.0;release_ms=100.0;range_db=60.0;key=0;det_src=0;filter_on=0;filter_hpf=80.0;filter_lpf=8000.0;filter_q=1.0,DynSafe
C1_COMP_27,1,COMPRESSOR,Ch 27 Comp,1,C1_GATE_27,C1_TUBE_27,1,3800,threshold_db=-20.0;ratio=4.0;attack_ms=5.0;release_ms=100.0;knee_db=6.0;makeup_db=0.0;parallel=100;type=VCA;key=0;det_src=0;lim_mode=0;eq_pos=0;filter_on=0;filter_hpf=80.0;filter_lpf=8000.0;filter_q=1.0,DynSafe
C1_TUBE_27,1,TUBE_SAT,Ch 27 Tube,1,C1_COMP_27,C1_DLY_27,1,3820,on=0;saturation=0.0,GainFast
C1_DLY_27,1,DELAY,Ch 27 Delay,1,C1_TUBE_27,C1_FDR_27,1,3822,delay_ms=0.0;local_ms=20.0;max_ms=250.0;pool_slot=-1,InstantCtl
C1_FDR_27,1,FADER_PAN,Ch 27 Fader,1,C1_DLY_27,C1_RTG_27,1,3824,"level_db=-inf;pan=0.0;mute=0;host_cells=Dca,DcaOn;lcr_page=1;lcr_addr=4960",GainFast
C1_RTG_27,1,ROUTING,Ch 27 Route,1,C1_FDR_27,C1_BUS_MAIN_L;C1_BUS_MAIN_R;C1_BUS_SUB;C1_BUS_GRP_01;C1_BUS_GRP_02;C1_BUS_GRP_03;C1_BUS_GRP_04;C1_BUS_AUX_01;C1_BUS_AUX_02;C1_BUS_AUX_03;C1_BUS_AUX_04;C1_BUS_AUX_05;C1_BUS_AUX_06;C1_BUS_AUX_07;C1_BUS_AUX_08;C1_BUS_AUX_09;C1_BUS_AUX_10;C1_BUS_AUX_11;C1_BUS_AUX_12;C1_BUS_FX_01;C1_BUS_FX_02;C1_BUS_FX_03;C1_BUS_FX_04;C1_BUS_FX_05;C1_BUS_FX_06;C1_BUS_MTX_01;C1_BUS_MTX_02;C1_BUS_MTX_03;C1_BUS_MTX_04,1,3828,main_on=1;sub_on=0;grp_on=0000;aux_on=000000000000;fx_on=000000;mtx_sends=2;mtx_on=00;mtx_page=1;mtx_addr=4910,GainFast
C1_IN_28,1,INPUT_TDM,Ch 28 Input,1,,C1_GAIN_28,-1,-1,sport_id=3;slot_start=3;slot_count=1;sport_slots=8;signal=IN_28,
C1_GAIN_28,1,GAIN,Ch 28 Gain,1,C1_IN_28,C1_FILT_28,1,3888,gain_db=0.0;mute=0;polarity=0,GainFast
C1_FILT_28,1,HPF_LPF,Ch 28 HPF+LPF,1,C1_GAIN_28,C1_EQ_28,1,3892,hpf_freq=80.0;hpf_slope=18;lpf_freq=20000.0,EqSafe
C1_EQ_28,1,EQ_BIQUAD,Ch 28 EQ,1,C1_FILT_28,C1_GATE_28,1,3904,bands=4;coeffs=default,EqSafe
C1_GATE_28,1,GATE,Ch 28 Gate,1,C1_EQ_28,C1_COMP_28,1,3928,threshold_db=-40.0;attack_ms=1.0;hold_ms=50.0;release_ms=100.0;range_db=60.0;key=0;det_src=0;filter_on=0;filter_hpf=80.0;filter_lpf=8000.0;filter_q=1.0,DynSafe
C1_COMP_28,1,COMPRESSOR,Ch 28 Comp,1,C1_GATE_28,C1_TUBE_28,1,3944,threshold_db=-20.0;ratio=4.0;attack_ms=5.0;release_ms=100.0;knee_db=6.0;makeup_db=0.0;parallel=100;type=VCA;key=0;det_src=0;lim_mode=0;eq_pos=0;filter_on=0;filter_hpf=80.0;filter_lpf=8000.0;filter_q=1.0,DynSafe
C1_TUBE_28,1,TUBE_SAT,Ch 28 Tube,1,C1_COMP_28,C1_DLY_28,1,3964,on=0;saturation=0.0,GainFast
C1_DLY_28,1,DELAY,Ch 28 Delay,1,C1_TUBE_28,C1_FDR_28,1,3966,delay_ms=0.0;local_ms=20.0;max_ms=250.0;pool_slot=-1,InstantCtl
C1_FDR_28,1,FADER_PAN,Ch 28 Fader,1,C1_DLY_28,C1_RTG_28,1,3968,"level_db=-inf;pan=0.0;mute=0;host_cells=Dca,DcaOn;lcr_page=1;lcr_addr=4961",GainFast
C1_RTG_28,1,ROUTING,Ch 28 Route,1,C1_FDR_28,C1_BUS_MAIN_L;C1_BUS_MAIN_R;C1_BUS_SUB;C1_BUS_GRP_01;C1_BUS_GRP_02;C1_BUS_GRP_03;C1_BUS_GRP_04;C1_BUS_AUX_01;C1_BUS_AUX_02;C1_BUS_AUX_03;C1_BUS_AUX_04;C1_BUS_AUX_05;C1_BUS_AUX_06;C1_BUS_AUX_07;C1_BUS_AUX_08;C1_BUS_AUX_09;C1_BUS_AUX_10;C1_BUS_AUX_11;C1_BUS_AUX_12;C1_BUS_FX_01;C1_BUS_FX_02;C1_BUS_FX_03;C1_BUS_FX_04;C1_BUS_FX_05;C1_BUS_FX_06;C1_BUS_MTX_01;C1_BUS_MTX_02;C1_BUS_MTX_03;C1_BUS_MTX_04,1,3972,main_on=1;sub_on=0;grp_on=0000;aux_on=000000000000;fx_on=000000;mtx_sends=2;mtx_on=00;mtx_page=1;mtx_addr=4914,GainFast
C1_IN_29,1,INPUT_TDM,Ch 29 Input,1,,C1_GAIN_29,-1,-1,sport_id=3;slot_start=4;slot_count=1;sport_slots=8;signal=IN_29,
C1_GAIN_29,1,GAIN,Ch 29 Gain,1,C1_IN_29,C1_FILT_29,1,4032,gain_db=0.0;mute=0;polarity=0,GainFast
C1_FILT_29,1,HPF_LPF,Ch 29 HPF+LPF,1,C1_GAIN_29,C1_EQ_29,1,4036,hpf_freq=80.0;hpf_slope=18;lpf_freq=20000.0,EqSafe
C1_EQ_29,1,EQ_BIQUAD,Ch 29 EQ,1,C1_FILT_29,C1_GATE_29,1,4048,bands=4;coeffs=default,EqSafe
C1_GATE_29,1,GATE,Ch 29 Gate,1,C1_EQ_29,C1_COMP_29,1,4072,threshold_db=-40.0;attack_ms=1.0;hold_ms=50.0;release_ms=100.0;range_db=60.0;key=0;det_src=0;filter_on=0;filter_hpf=80.0;filter_lpf=8000.0;filter_q=1.0,DynSafe
C1_COMP_29,1,COMPRESSOR,Ch 29 Comp,1,C1_GATE_29,C1_TUBE_29,1,4088,threshold_db=-20.0;ratio=4.0;attack_ms=5.0;release_ms=100.0;knee_db=6.0;makeup_db=0.0;parallel=100;type=VCA;key=0;det_src=0;lim_mode=0;eq_pos=0;filter_on=0;filter_hpf=80.0;filter_lpf=8000.0;filter_q=1.0,DynSafe
C1_TUBE_29,1,TUBE_SAT,Ch 29 Tube,1,C1_COMP_29,C1_DLY_29,1,4108,on=0;saturation=0.0,GainFast
C1_DLY_29,1,DELAY,Ch 29 Delay,1,C1_TUBE_29,C1_FDR_29,1,4110,delay_ms=0.0;local_ms=20.0;max_ms=250.0;pool_slot=-1,InstantCtl
C1_FDR_29,1,FADER_PAN,Ch 29 Fader,1,C1_DLY_29,C1_RTG_29,1,4112,"level_db=-inf;pan=0.0;mute=0;host_cells=Dca,DcaOn;lcr_page=1;lcr_addr=4962",GainFast
C1_RTG_29,1,ROUTING,Ch 29 Route,1,C1_FDR_29,C1_BUS_MAIN_L;C1_BUS_MAIN_R;C1_BUS_SUB;C1_BUS_GRP_01;C1_BUS_GRP_02;C1_BUS_GRP_03;C1_BUS_GRP_04;C1_BUS_AUX_01;C1_BUS_AUX_02;C1_BUS_AUX_03;C1_BUS_AUX_04;C1_BUS_AUX_05;C1_BUS_AUX_06;C1_BUS_AUX_07;C1_BUS_AUX_08;C1_BUS_AUX_09;C1_BUS_AUX_10;C1_BUS_AUX_11;C1_BUS_AUX_12;C1_BUS_FX_01;C1_BUS_FX_02;C1_BUS_FX_03;C1_BUS_FX_04;C1_BUS_FX_05;C1_BUS_FX_06;C1_BUS_MTX_01;C1_BUS_MTX_02;C1_BUS_MTX_03;C1_BUS_MTX_04,1,4116,main_on=1;sub_on=0;grp_on=0000;aux_on=000000000000;fx_on=000000;mtx_sends=2;mtx_on=00;mtx_page=1;mtx_addr=4918,GainFast
C1_IN_30,1,INPUT_TDM,Ch 30 Input,1,,C1_GAIN_30,-1,-1,sport_id=3;slot_start=5;slot_count=1;sport_slots=8;signal=IN_30,
C1_GAIN_30,1,GAIN,Ch 30 Gain,1,C1_IN_30,C1_FILT_30,1,4176,gain_db=0.0;mute=0;polarity=0,GainFast
C1_FILT_30,1,HPF_LPF,Ch 30 HPF+LPF,1,C1_GAIN_30,C1_EQ_30,1,4180,hpf_freq=80.0;hpf_slope=18;lpf_freq=20000.0,EqSafe
C1_EQ_30,1,EQ_BIQUAD,Ch 30 EQ,1,C1_FILT_30,C1_GATE_30,1,4192,bands=4;coeffs=default,EqSafe
C1_GATE_30,1,GATE,Ch 30 Gate,1,C1_EQ_30,C1_COMP_30,1,4216,threshold_db=-40.0;attack_ms=1.0;hold_ms=50.0;release_ms=100.0;range_db=60.0;key=0;det_src=0;filter_on=0;filter_hpf=80.0;filter_lpf=8000.0;filter_q=1.0,DynSafe
C1_COMP_30,1,COMPRESSOR,Ch 30 Comp,1,C1_GATE_30,C1_TUBE_30,1,4232,threshold_db=-20.0;ratio=4.0;attack_ms=5.0;release_ms=100.0;knee_db=6.0;makeup_db=0.0;parallel=100;type=VCA;key=0;det_src=0;lim_mode=0;eq_pos=0;filter_on=0;filter_hpf=80.0;filter_lpf=8000.0;filter_q=1.0,DynSafe
C1_TUBE_30,1,TUBE_SAT,Ch 30 Tube,1,C1_COMP_30,C1_DLY_30,1,4252,on=0;saturation=0.0,GainFast
C1_DLY_30,1,DELAY,Ch 30 Delay,1,C1_TUBE_30,C1_FDR_30,1,4254,delay_ms=0.0;local_ms=20.0;max_ms=250.0;pool_slot=-1,InstantCtl
C1_FDR_30,1,FADER_PAN,Ch 30 Fader,1,C1_DLY_30,C1_RTG_30,1,4256,"level_db=-inf;pan=0.0;mute=0;host_cells=Dca,DcaOn;lcr_page=1;lcr_addr=4963",GainFast
C1_RTG_30,1,ROUTING,Ch 30 Route,1,C1_FDR_30,C1_BUS_MAIN_L;C1_BUS_MAIN_R;C1_BUS_SUB;C1_BUS_GRP_01;C1_BUS_GRP_02;C1_BUS_GRP_03;C1_BUS_GRP_04;C1_BUS_AUX_01;C1_BUS_AUX_02;C1_BUS_AUX_03;C1_BUS_AUX_04;C1_BUS_AUX_05;C1_BUS_AUX_06;C1_BUS_AUX_07;C1_BUS_AUX_08;C1_BUS_AUX_09;C1_BUS_AUX_10;C1_BUS_AUX_11;C1_BUS_AUX_12;C1_BUS_FX_01;C1_BUS_FX_02;C1_BUS_FX_03;C1_BUS_FX_04;C1_BUS_FX_05;C1_BUS_FX_06;C1_BUS_MTX_01;C1_BUS_MTX_02;C1_BUS_MTX_03;C1_BUS_MTX_04,1,4260,main_on=1;sub_on=0;grp_on=0000;aux_on=000000000000;fx_on=000000;mtx_sends=2;mtx_on=00;mtx_page=1;mtx_addr=4922,GainFast
C1_IN_31,1,INPUT_TDM,Ch 31 Input,1,,C1_GAIN_31,-1,-1,sport_id=3;slot_start=6;slot_count=1;sport_slots=8;signal=IN_31,
C1_GAIN_31,1,GAIN,Ch 31 Gain,1,C1_IN_31,C1_FILT_31,1,4320,gain_db=0.0;mute=0;polarity=0,GainFast
C1_FILT_31,1,HPF_LPF,Ch 31 HPF+LPF,1,C1_GAIN_31,C1_EQ_31,1,4324,hpf_freq=80.0;hpf_slope=18;lpf_freq=20000.0,EqSafe
C1_EQ_31,1,EQ_BIQUAD,Ch 31 EQ,1,C1_FILT_31,C1_GATE_31,1,4336,bands=4;coeffs=default,EqSafe
C1_GATE_31,1,GATE,Ch 31 Gate,1,C1_EQ_31,C1_COMP_31,1,4360,threshold_db=-40.0;attack_ms=1.0;hold_ms=50.0;release_ms=100.0;range_db=60.0;key=0;det_src=0;filter_on=0;filter_hpf=80.0;filter_lpf=8000.0;filter_q=1.0,DynSafe
C1_COMP_31,1,COMPRESSOR,Ch 31 Comp,1,C1_GATE_31,C1_TUBE_31,1,4376,threshold_db=-20.0;ratio=4.0;attack_ms=5.0;release_ms=100.0;knee_db=6.0;makeup_db=0.0;parallel=100;type=VCA;key=0;det_src=0;lim_mode=0;eq_pos=0;filter_on=0;filter_hpf=80.0;filter_lpf=8000.0;filter_q=1.0,DynSafe
C1_TUBE_31,1,TUBE_SAT,Ch 31 Tube,1,C1_COMP_31,C1_DLY_31,1,4396,on=0;saturation=0.0,GainFast
C1_DLY_31,1,DELAY,Ch 31 Delay,1,C1_TUBE_31,C1_FDR_31,1,4398,delay_ms=0.0;local_ms=20.0;max_ms=250.0;pool_slot=-1,InstantCtl
C1_FDR_31,1,FADER_PAN,Ch 31 Fader,1,C1_DLY_31,C1_RTG_31,1,4400,"level_db=-inf;pan=0.0;mute=0;host_cells=Dca,DcaOn;lcr_page=1;lcr_addr=4964",GainFast
C1_RTG_31,1,ROUTING,Ch 31 Route,1,C1_FDR_31,C1_BUS_MAIN_L;C1_BUS_MAIN_R;C1_BUS_SUB;C1_BUS_GRP_01;C1_BUS_GRP_02;C1_BUS_GRP_03;C1_BUS_GRP_04;C1_BUS_AUX_01;C1_BUS_AUX_02;C1_BUS_AUX_03;C1_BUS_AUX_04;C1_BUS_AUX_05;C1_BUS_AUX_06;C1_BUS_AUX_07;C1_BUS_AUX_08;C1_BUS_AUX_09;C1_BUS_AUX_10;C1_BUS_AUX_11;C1_BUS_AUX_12;C1_BUS_FX_01;C1_BUS_FX_02;C1_BUS_FX_03;C1_BUS_FX_04;C1_BUS_FX_05;C1_BUS_FX_06;C1_BUS_MTX_01;C1_BUS_MTX_02;C1_BUS_MTX_03;C1_BUS_MTX_04,1,4404,main_on=1;sub_on=0;grp_on=0000;aux_on=000000000000;fx_on=000000;mtx_sends=2;mtx_on=00;mtx_page=1;mtx_addr=4926,GainFast
C1_IN_32,1,INPUT_TDM,Ch 32 Input,1,,C1_GAIN_32,-1,-1,sport_id=3;slot_start=7;slot_count=1;sport_slots=8;signal=IN_32,
C1_GAIN_32,1,GAIN,Ch 32 Gain,1,C1_IN_32,C1_FILT_32,1,4464,gain_db=0.0;mute=0;polarity=0,GainFast
C1_FILT_32,1,HPF_LPF,Ch 32 HPF+LPF,1,C1_GAIN_32,C1_EQ_32,1,4468,hpf_freq=80.0;hpf_slope=18;lpf_freq=20000.0,EqSafe
C1_EQ_32,1,EQ_BIQUAD,Ch 32 EQ,1,C1_FILT_32,C1_GATE_32,1,4480,bands=4;coeffs=default,EqSafe
C1_GATE_32,1,GATE,Ch 32 Gate,1,C1_EQ_32,C1_COMP_32,1,4504,threshold_db=-40.0;attack_ms=1.0;hold_ms=50.0;release_ms=100.0;range_db=60.0;key=0;det_src=0;filter_on=0;filter_hpf=80.0;filter_lpf=8000.0;filter_q=1.0,DynSafe
C1_COMP_32,1,COMPRESSOR,Ch 32 Comp,1,C1_GATE_32,C1_TUBE_32,1,4520,threshold_db=-20.0;ratio=4.0;attack_ms=5.0;release_ms=100.0;knee_db=6.0;makeup_db=0.0;parallel=100;type=VCA;key=0;det_src=0;lim_mode=0;eq_pos=0;filter_on=0;filter_hpf=80.0;filter_lpf=8000.0;filter_q=1.0,DynSafe
C1_TUBE_32,1,TUBE_SAT,Ch 32 Tube,1,C1_COMP_32,C1_DLY_32,1,4540,on=0;saturation=0.0,GainFast
C1_DLY_32,1,DELAY,Ch 32 Delay,1,C1_TUBE_32,C1_FDR_32,1,4542,delay_ms=0.0;local_ms=20.0;max_ms=250.0;pool_slot=-1,InstantCtl
C1_FDR_32,1,FADER_PAN,Ch 32 Fader,1,C1_DLY_32,C1_RTG_32,1,4544,"level_db=-inf;pan=0.0;mute=0;host_cells=Dca,DcaOn;lcr_page=1;lcr_addr=4965",GainFast
C1_RTG_32,1,ROUTING,Ch 32 Route,1,C1_FDR_32,C1_BUS_MAIN_L;C1_BUS_MAIN_R;C1_BUS_SUB;C1_BUS_GRP_01;C1_BUS_GRP_02;C1_BUS_GRP_03;C1_BUS_GRP_04;C1_BUS_AUX_01;C1_BUS_AUX_02;C1_BUS_AUX_03;C1_BUS_AUX_04;C1_BUS_AUX_05;C1_BUS_AUX_06;C1_BUS_AUX_07;C1_BUS_AUX_08;C1_BUS_AUX_09;C1_BUS_AUX_10;C1_BUS_AUX_11;C1_BUS_AUX_12;C1_BUS_FX_01;C1_BUS_FX_02;C1_BUS_FX_03;C1_BUS_FX_04;C1_BUS_FX_05;C1_BUS_FX_06;C1_BUS_MTX_01;C1_BUS_MTX_02;C1_BUS_MTX_03;C1_BUS_MTX_04,1,4548,main_on=1;sub_on=0;grp_on=0000;aux_on=000000000000;fx_on=000000;mtx_sends=2;mtx_on=00;mtx_page=1;mtx_addr=4930,GainFast
C1_MTR_01,1,METER,Ch 1 Meter,1,C1_GAIN_01;C1_FDR_01,,1,4608,taps=post_trim;post_fader;gate_gr;comp_gr;comp_gr_src=C1_COMP_01,
C1_MTR_02,1,METER,Ch 2 Meter,1,C1_GAIN_02;C1_FDR_02,,1,4612,taps=post_trim;post_fader;gate_gr;comp_gr;comp_gr_src=C1_COMP_02,
C1_MTR_03,1,METER,Ch 3 Meter,1,C1_GAIN_03;C1_FDR_03,,1,4616,taps=post_trim;post_fader;gate_gr;comp_gr;comp_gr_src=C1_COMP_03,
C1_MTR_04,1,METER,Ch 4 Meter,1,C1_GAIN_04;C1_FDR_04,,1,4620,taps=post_trim;post_fader;gate_gr;comp_gr;comp_gr_src=C1_COMP_04,
C1_MTR_05,1,METER,Ch 5 Meter,1,C1_GAIN_05;C1_FDR_05,,1,4624,taps=post_trim;post_fader;gate_gr;comp_gr;comp_gr_src=C1_COMP_05,
C1_MTR_06,1,METER,Ch 6 Meter,1,C1_GAIN_06;C1_FDR_06,,1,4628,taps=post_trim;post_fader;gate_gr;comp_gr;comp_gr_src=C1_COMP_06,
C1_MTR_07,1,METER,Ch 7 Meter,1,C1_GAIN_07;C1_FDR_07,,1,4632,taps=post_trim;post_fader;gate_gr;comp_gr;comp_gr_src=C1_COMP_07,
C1_MTR_08,1,METER,Ch 8 Meter,1,C1_GAIN_08;C1_FDR_08,,1,4636,taps=post_trim;post_fader;gate_gr;comp_gr;comp_gr_src=C1_COMP_08,
C1_MTR_09,1,METER,Ch 9 Meter,1,C1_GAIN_09;C1_FDR_09,,1,4640,taps=post_trim;post_fader;gate_gr;comp_gr;comp_gr_src=C1_COMP_09,
C1_MTR_10,1,METER,Ch 10 Meter,1,C1_GAIN_10;C1_FDR_10,,1,4644,taps=post_trim;post_fader;gate_gr;comp_gr;comp_gr_src=C1_COMP_10,
C1_MTR_11,1,METER,Ch 11 Meter,1,C1_GAIN_11;C1_FDR_11,,1,4648,taps=post_trim;post_fader;gate_gr;comp_gr;comp_gr_src=C1_COMP_11,
C1_MTR_12,1,METER,Ch 12 Meter,1,C1_GAIN_12;C1_FDR_12,,1,4652,taps=post_trim;post_fader;gate_gr;comp_gr;comp_gr_src=C1_COMP_12,
C1_MTR_13,1,METER,Ch 13 Meter,1,C1_GAIN_13;C1_FDR_13,,1,4656,taps=post_trim;post_fader;gate_gr;comp_gr;comp_gr_src=C1_COMP_13,
C1_MTR_14,1,METER,Ch 14 Meter,1,C1_GAIN_14;C1_FDR_14,,1,4660,taps=post_trim;post_fader;gate_gr;comp_gr;comp_gr_src=C1_COMP_14,
C1_MTR_15,1,METER,Ch 15 Meter,1,C1_GAIN_15;C1_FDR_15,,1,4664,taps=post_trim;post_fader;gate_gr;comp_gr;comp_gr_src=C1_COMP_15,
C1_MTR_16,1,METER,Ch 16 Meter,1,C1_GAIN_16;C1_FDR_16,,1,4668,taps=post_trim;post_fader;gate_gr;comp_gr;comp_gr_src=C1_COMP_16,
C1_MTR_17,1,METER,Ch 17 Meter,1,C1_GAIN_17;C1_FDR_17,,1,4672,taps=post_trim;post_fader;gate_gr;comp_gr;comp_gr_src=C1_COMP_17,
C1_MTR_18,1,METER,Ch 18 Meter,1,C1_GAIN_18;C1_FDR_18,,1,4676,taps=post_trim;post_fader;gate_gr;comp_gr;comp_gr_src=C1_COMP_18,
C1_MTR_19,1,METER,Ch 19 Meter,1,C1_GAIN_19;C1_FDR_19,,1,4680,taps=post_trim;post_fader;gate_gr;comp_gr;comp_gr_src=C1_COMP_19,
C1_MTR_20,1,METER,Ch 20 Meter,1,C1_GAIN_20;C1_FDR_20,,1,4684,taps=post_trim;post_fader;gate_gr;comp_gr;comp_gr_src=C1_COMP_20,
C1_MTR_21,1,METER,Ch 21 Meter,1,C1_GAIN_21;C1_FDR_21,,1,4688,taps=post_trim;post_fader;gate_gr;comp_gr;comp_gr_src=C1_COMP_21,
C1_MTR_22,1,METER,Ch 22 Meter,1,C1_GAIN_22;C1_FDR_22,,1,4692,taps=post_trim;post_fader;gate_gr;comp_gr;comp_gr_src=C1_COMP_22,
C1_MTR_23,1,METER,Ch 23 Meter,1,C1_GAIN_23;C1_FDR_23,,1,4696,taps=post_trim;post_fader;gate_gr;comp_gr;comp_gr_src=C1_COMP_23,
C1_MTR_24,1,METER,Ch 24 Meter,1,C1_GAIN_24;C1_FDR_24,,1,4700,taps=post_trim;post_fader;gate_gr;comp_gr;comp_gr_src=C1_COMP_24,
C1_MTR_25,1,METER,Ch 25 Meter,1,C1_GAIN_25;C1_FDR_25,,1,4704,taps=post_trim;post_fader;gate_gr;comp_gr;comp_gr_src=C1_COMP_25,
C1_MTR_26,1,METER,Ch 26 Meter,1,C1_GAIN_26;C1_FDR_26,,1,4708,taps=post_trim;post_fader;gate_gr;comp_gr;comp_gr_src=C1_COMP_26,
C1_MTR_27,1,METER,Ch 27 Meter,1,C1_GAIN_27;C1_FDR_27,,1,4712,taps=post_trim;post_fader;gate_gr;comp_gr;comp_gr_src=C1_COMP_27,
C1_MTR_28,1,METER,Ch 28 Meter,1,C1_GAIN_28;C1_FDR_28,,1,4716,taps=post_trim;post_fader;gate_gr;comp_gr;comp_gr_src=C1_COMP_28,
C1_MTR_29,1,METER,Ch 29 Meter,1,C1_GAIN_29;C1_FDR_29,,1,4720,taps=post_trim;post_fader;gate_gr;comp_gr;comp_gr_src=C1_COMP_29,
C1_MTR_30,1,METER,Ch 30 Meter,1,C1_GAIN_30;C1_FDR_30,,1,4724,taps=post_trim;post_fader;gate_gr;comp_gr;comp_gr_src=C1_COMP_30,
C1_MTR_31,1,METER,Ch 31 Meter,1,C1_GAIN_31;C1_FDR_31,,1,4728,taps=post_trim;post_fader;gate_gr;comp_gr;comp_gr_src=C1_COMP_31,
C1_MTR_32,1,METER,Ch 32 Meter,1,C1_GAIN_32;C1_FDR_32,,1,4732,taps=post_trim;post_fader;gate_gr;comp_gr;comp_gr_src=C1_COMP_32,
C1_XIN_CODEC_01,1,INPUT_TDM,Codec ADC 1 (TB XLR),1,,C1_TALK_01,-1,-1,sport_id=4;slot_start=0;slot_count=1;sport_slots=8;signal=CODEC_RET_1,
C1_XIN_CODEC_03,1,INPUT_TDM,Codec ADC 3 (Aux In L),1,,C1_XS_XFER_CODEC_AUX_L,-1,-1,sport_id=4;slot_start=2;slot_count=1;sport_slots=8;signal=CODEC_RET_3,
C1_XIN_CODEC_04,1,INPUT_TDM,Codec ADC 4 (Aux In R),1,,C1_XS_XFER_CODEC_AUX_R,-1,-1,sport_id=4;slot_start=3;slot_count=1;sport_slots=8;signal=CODEC_RET_4,
C1_XIN_PI_L,1,INPUT_TDM,Pi PCM L,1,,C1_XS_XFER_PI_L,-1,-1,sport_id=6;slot_start=0;slot_count=1;sport_slots=8;signal=PI_PCM_L,
C1_XIN_PI_R,1,INPUT_TDM,Pi PCM R,1,,C1_XS_XFER_PI_R,-1,-1,sport_id=6;slot_start=1;slot_count=1;sport_slots=8;signal=PI_PCM_R,
C1_XIN_MEMS,1,INPUT_TDM,MEMS Talkback Mic,1,,C1_TALK_02,-1,-1,sport_id=7;slot_start=5;slot_count=1;sport_slots=8;signal=MEMS_TB,
C1_XIN_SNK_01,1,INPUT_TDM,Snake Return 1,1,,C1_XS_XFER_SNAKE_01,-1,-1,sport_id=5;slot_start=0;slot_count=1;sport_slots=8;signal=SNAKE_RET_01;scope=D32,
C1_XIN_SNK_02,1,INPUT_TDM,Snake Return 2,1,,C1_XS_XFER_SNAKE_02,-1,-1,sport_id=5;slot_start=1;slot_count=1;sport_slots=8;signal=SNAKE_RET_02;scope=D32,
C1_XIN_SNK_03,1,INPUT_TDM,Snake Return 3,1,,C1_XS_XFER_SNAKE_03,-1,-1,sport_id=5;slot_start=2;slot_count=1;sport_slots=8;signal=SNAKE_RET_03;scope=D32,
C1_XIN_SNK_04,1,INPUT_TDM,Snake Return 4,1,,C1_XS_XFER_SNAKE_04,-1,-1,sport_id=5;slot_start=3;slot_count=1;sport_slots=8;signal=SNAKE_RET_04;scope=D32,
C1_XIN_SNK_05,1,INPUT_TDM,Snake Return 5,1,,C1_XS_XFER_SNAKE_05,-1,-1,sport_id=5;slot_start=4;slot_count=1;sport_slots=8;signal=SNAKE_RET_05;scope=D32,
C1_XIN_SNK_06,1,INPUT_TDM,Snake Return 6,1,,C1_XS_XFER_SNAKE_06,-1,-1,sport_id=5;slot_start=5;slot_count=1;sport_slots=8;signal=SNAKE_RET_06;scope=D32,
C1_XIN_SNK_07,1,INPUT_TDM,Snake Return 7,1,,C1_XS_XFER_SNAKE_07,-1,-1,sport_id=5;slot_start=6;slot_count=1;sport_slots=8;signal=SNAKE_RET_07;scope=D32,
C1_XIN_SNK_08,1,INPUT_TDM,Snake Return 8,1,,C1_XS_XFER_SNAKE_08,-1,-1,sport_id=5;slot_start=7;slot_count=1;sport_slots=8;signal=SNAKE_RET_08;scope=D32,
C1_TALK_01,1,TALKBACK,Talkback 1,1,C1_XIN_CODEC_01,,1,4736,gain_db=0.0;hpf_on=1;route=aux1,GainFast
C1_TALK_02,1,TALKBACK,Talkback 2,1,C1_XIN_MEMS,,1,4740,gain_db=0.0;hpf_on=1;route=aux1,GainFast
C1_NOISE,1,NOISE_GEN,Noise Gen,1,,,1,4744,on=0;level_db=-20.0;hpf_on=0,InstantCtl
C1_BUS_MAIN_L,1,MIX_BUS,Main L Bus,1,C1_RTG_01;C1_RTG_02;C1_RTG_03;C1_RTG_04;C1_RTG_05;C1_RTG_06;C1_RTG_07;C1_RTG_08;C1_RTG_09;C1_RTG_10;C1_RTG_11;C1_RTG_12;C1_RTG_13;C1_RTG_14;C1_RTG_15;C1_RTG_16;C1_RTG_17;C1_RTG_18;C1_RTG_19;C1_RTG_20;C1_RTG_21;C1_RTG_22;C1_RTG_23;C1_RTG_24;C1_RTG_25;C1_RTG_26;C1_RTG_27;C1_RTG_28;C1_RTG_29;C1_RTG_30;C1_RTG_31;C1_RTG_32,C1_BUS_MAIN_L_SEND,1,4748,bus_id=0;source_count=32,
C1_BUS_MAIN_L_SEND,1,INTERCHIP_SEND,Main L Bus Send,1,C1_BUS_MAIN_L,,-1,-1,sport_id=0;slot=0;global_slot=0;sport_slots=16;signal=BUS_MAIN_L,
C1_BUS_MAIN_R,1,MIX_BUS,Main R Bus,1,C1_RTG_01;C1_RTG_02;C1_RTG_03;C1_RTG_04;C1_RTG_05;C1_RTG_06;C1_RTG_07;C1_RTG_08;C1_RTG_09;C1_RTG_10;C1_RTG_11;C1_RTG_12;C1_RTG_13;C1_RTG_14;C1_RTG_15;C1_RTG_16;C1_RTG_17;C1_RTG_18;C1_RTG_19;C1_RTG_20;C1_RTG_21;C1_RTG_22;C1_RTG_23;C1_RTG_24;C1_RTG_25;C1_RTG_26;C1_RTG_27;C1_RTG_28;C1_RTG_29;C1_RTG_30;C1_RTG_31;C1_RTG_32,C1_BUS_MAIN_R_SEND,1,4750,bus_id=1;source_count=32,
C1_BUS_MAIN_R_SEND,1,INTERCHIP_SEND,Main R Bus Send,1,C1_BUS_MAIN_R,,-1,-1,sport_id=0;slot=1;global_slot=1;sport_slots=16;signal=BUS_MAIN_R,
C1_BUS_SUB,1,MIX_BUS,Sub Bus,1,C1_RTG_01;C1_RTG_02;C1_RTG_03;C1_RTG_04;C1_RTG_05;C1_RTG_06;C1_RTG_07;C1_RTG_08;C1_RTG_09;C1_RTG_10;C1_RTG_11;C1_RTG_12;C1_RTG_13;C1_RTG_14;C1_RTG_15;C1_RTG_16;C1_RTG_17;C1_RTG_18;C1_RTG_19;C1_RTG_20;C1_RTG_21;C1_RTG_22;C1_RTG_23;C1_RTG_24;C1_RTG_25;C1_RTG_26;C1_RTG_27;C1_RTG_28;C1_RTG_29;C1_RTG_30;C1_RTG_31;C1_RTG_32,C1_BUS_SUB_SEND,1,4752,bus_id=2;source_count=32,
C1_BUS_SUB_SEND,1,INTERCHIP_SEND,Sub Bus Send,1,C1_BUS_SUB,,-1,-1,sport_id=0;slot=2;global_slot=2;sport_slots=16;signal=BUS_SUB,
C1_BUS_GRP_01,1,MIX_BUS,Grp 1 Bus,1,C1_RTG_01;C1_RTG_02;C1_RTG_03;C1_RTG_04;C1_RTG_05;C1_RTG_06;C1_RTG_07;C1_RTG_08;C1_RTG_09;C1_RTG_10;C1_RTG_11;C1_RTG_12;C1_RTG_13;C1_RTG_14;C1_RTG_15;C1_RTG_16;C1_RTG_17;C1_RTG_18;C1_RTG_19;C1_RTG_20;C1_RTG_21;C1_RTG_22;C1_RTG_23;C1_RTG_24;C1_RTG_25;C1_RTG_26;C1_RTG_27;C1_RTG_28;C1_RTG_29;C1_RTG_30;C1_RTG_31;C1_RTG_32,C1_BUS_GRP_01_SEND,1,4754,bus_id=3;source_count=32,
C1_BUS_GRP_01_SEND,1,INTERCHIP_SEND,Grp 1 Bus Send,1,C1_BUS_GRP_01,,-1,-1,sport_id=0;slot=3;global_slot=3;sport_slots=16;signal=BUS_GRP_01,
C1_BUS_GRP_02,1,MIX_BUS,Grp 2 Bus,1,C1_RTG_01;C1_RTG_02;C1_RTG_03;C1_RTG_04;C1_RTG_05;C1_RTG_06;C1_RTG_07;C1_RTG_08;C1_RTG_09;C1_RTG_10;C1_RTG_11;C1_RTG_12;C1_RTG_13;C1_RTG_14;C1_RTG_15;C1_RTG_16;C1_RTG_17;C1_RTG_18;C1_RTG_19;C1_RTG_20;C1_RTG_21;C1_RTG_22;C1_RTG_23;C1_RTG_24;C1_RTG_25;C1_RTG_26;C1_RTG_27;C1_RTG_28;C1_RTG_29;C1_RTG_30;C1_RTG_31;C1_RTG_32,C1_BUS_GRP_02_SEND,1,4756,bus_id=4;source_count=32,
C1_BUS_GRP_02_SEND,1,INTERCHIP_SEND,Grp 2 Bus Send,1,C1_BUS_GRP_02,,-1,-1,sport_id=0;slot=4;global_slot=4;sport_slots=16;signal=BUS_GRP_02,
C1_BUS_GRP_03,1,MIX_BUS,Grp 3 Bus,1,C1_RTG_01;C1_RTG_02;C1_RTG_03;C1_RTG_04;C1_RTG_05;C1_RTG_06;C1_RTG_07;C1_RTG_08;C1_RTG_09;C1_RTG_10;C1_RTG_11;C1_RTG_12;C1_RTG_13;C1_RTG_14;C1_RTG_15;C1_RTG_16;C1_RTG_17;C1_RTG_18;C1_RTG_19;C1_RTG_20;C1_RTG_21;C1_RTG_22;C1_RTG_23;C1_RTG_24;C1_RTG_25;C1_RTG_26;C1_RTG_27;C1_RTG_28;C1_RTG_29;C1_RTG_30;C1_RTG_31;C1_RTG_32,C1_BUS_GRP_03_SEND,1,4758,bus_id=5;source_count=32,
C1_BUS_GRP_03_SEND,1,INTERCHIP_SEND,Grp 3 Bus Send,1,C1_BUS_GRP_03,,-1,-1,sport_id=0;slot=5;global_slot=5;sport_slots=16;signal=BUS_GRP_03,
C1_BUS_GRP_04,1,MIX_BUS,Grp 4 Bus,1,C1_RTG_01;C1_RTG_02;C1_RTG_03;C1_RTG_04;C1_RTG_05;C1_RTG_06;C1_RTG_07;C1_RTG_08;C1_RTG_09;C1_RTG_10;C1_RTG_11;C1_RTG_12;C1_RTG_13;C1_RTG_14;C1_RTG_15;C1_RTG_16;C1_RTG_17;C1_RTG_18;C1_RTG_19;C1_RTG_20;C1_RTG_21;C1_RTG_22;C1_RTG_23;C1_RTG_24;C1_RTG_25;C1_RTG_26;C1_RTG_27;C1_RTG_28;C1_RTG_29;C1_RTG_30;C1_RTG_31;C1_RTG_32,C1_BUS_GRP_04_SEND,1,4760,bus_id=6;source_count=32,
C1_BUS_GRP_04_SEND,1,INTERCHIP_SEND,Grp 4 Bus Send,1,C1_BUS_GRP_04,,-1,-1,sport_id=0;slot=6;global_slot=6;sport_slots=16;signal=BUS_GRP_04,
C1_BUS_AUX_01,1,MIX_BUS,Aux 1 Bus,1,C1_RTG_01;C1_RTG_02;C1_RTG_03;C1_RTG_04;C1_RTG_05;C1_RTG_06;C1_RTG_07;C1_RTG_08;C1_RTG_09;C1_RTG_10;C1_RTG_11;C1_RTG_12;C1_RTG_13;C1_RTG_14;C1_RTG_15;C1_RTG_16;C1_RTG_17;C1_RTG_18;C1_RTG_19;C1_RTG_20;C1_RTG_21;C1_RTG_22;C1_RTG_23;C1_RTG_24;C1_RTG_25;C1_RTG_26;C1_RTG_27;C1_RTG_28;C1_RTG_29;C1_RTG_30;C1_RTG_31;C1_RTG_32,C1_BUS_AUX_01_SEND,1,4762,bus_id=7;source_count=32,
C1_BUS_AUX_01_SEND,1,INTERCHIP_SEND,Aux 1 Bus Send,1,C1_BUS_AUX_01,,-1,-1,sport_id=0;slot=7;global_slot=7;sport_slots=16;signal=BUS_AUX_01,
C1_BUS_AUX_02,1,MIX_BUS,Aux 2 Bus,1,C1_RTG_01;C1_RTG_02;C1_RTG_03;C1_RTG_04;C1_RTG_05;C1_RTG_06;C1_RTG_07;C1_RTG_08;C1_RTG_09;C1_RTG_10;C1_RTG_11;C1_RTG_12;C1_RTG_13;C1_RTG_14;C1_RTG_15;C1_RTG_16;C1_RTG_17;C1_RTG_18;C1_RTG_19;C1_RTG_20;C1_RTG_21;C1_RTG_22;C1_RTG_23;C1_RTG_24;C1_RTG_25;C1_RTG_26;C1_RTG_27;C1_RTG_28;C1_RTG_29;C1_RTG_30;C1_RTG_31;C1_RTG_32,C1_BUS_AUX_02_SEND,1,4764,bus_id=8;source_count=32,
C1_BUS_AUX_02_SEND,1,INTERCHIP_SEND,Aux 2 Bus Send,1,C1_BUS_AUX_02,,-1,-1,sport_id=0;slot=8;global_slot=8;sport_slots=16;signal=BUS_AUX_02,
C1_BUS_AUX_03,1,MIX_BUS,Aux 3 Bus,1,C1_RTG_01;C1_RTG_02;C1_RTG_03;C1_RTG_04;C1_RTG_05;C1_RTG_06;C1_RTG_07;C1_RTG_08;C1_RTG_09;C1_RTG_10;C1_RTG_11;C1_RTG_12;C1_RTG_13;C1_RTG_14;C1_RTG_15;C1_RTG_16;C1_RTG_17;C1_RTG_18;C1_RTG_19;C1_RTG_20;C1_RTG_21;C1_RTG_22;C1_RTG_23;C1_RTG_24;C1_RTG_25;C1_RTG_26;C1_RTG_27;C1_RTG_28;C1_RTG_29;C1_RTG_30;C1_RTG_31;C1_RTG_32,C1_BUS_AUX_03_SEND,1,4766,bus_id=9;source_count=32,
C1_BUS_AUX_03_SEND,1,INTERCHIP_SEND,Aux 3 Bus Send,1,C1_BUS_AUX_03,,-1,-1,sport_id=0;slot=9;global_slot=9;sport_slots=16;signal=BUS_AUX_03,
C1_BUS_AUX_04,1,MIX_BUS,Aux 4 Bus,1,C1_RTG_01;C1_RTG_02;C1_RTG_03;C1_RTG_04;C1_RTG_05;C1_RTG_06;C1_RTG_07;C1_RTG_08;C1_RTG_09;C1_RTG_10;C1_RTG_11;C1_RTG_12;C1_RTG_13;C1_RTG_14;C1_RTG_15;C1_RTG_16;C1_RTG_17;C1_RTG_18;C1_RTG_19;C1_RTG_20;C1_RTG_21;C1_RTG_22;C1_RTG_23;C1_RTG_24;C1_RTG_25;C1_RTG_26;C1_RTG_27;C1_RTG_28;C1_RTG_29;C1_RTG_30;C1_RTG_31;C1_RTG_32,C1_BUS_AUX_04_SEND,1,4768,bus_id=10;source_count=32,
C1_BUS_AUX_04_SEND,1,INTERCHIP_SEND,Aux 4 Bus Send,1,C1_BUS_AUX_04,,-1,-1,sport_id=0;slot=10;global_slot=10;sport_slots=16;signal=BUS_AUX_04,
C1_BUS_AUX_05,1,MIX_BUS,Aux 5 Bus,1,C1_RTG_01;C1_RTG_02;C1_RTG_03;C1_RTG_04;C1_RTG_05;C1_RTG_06;C1_RTG_07;C1_RTG_08;C1_RTG_09;C1_RTG_10;C1_RTG_11;C1_RTG_12;C1_RTG_13;C1_RTG_14;C1_RTG_15;C1_RTG_16;C1_RTG_17;C1_RTG_18;C1_RTG_19;C1_RTG_20;C1_RTG_21;C1_RTG_22;C1_RTG_23;C1_RTG_24;C1_RTG_25;C1_RTG_26;C1_RTG_27;C1_RTG_28;C1_RTG_29;C1_RTG_30;C1_RTG_31;C1_RTG_32,C1_BUS_AUX_05_SEND,1,4770,bus_id=11;source_count=32,
C1_BUS_AUX_05_SEND,1,INTERCHIP_SEND,Aux 5 Bus Send,1,C1_BUS_AUX_05,,-1,-1,sport_id=0;slot=11;global_slot=11;sport_slots=16;signal=BUS_AUX_05,
C1_BUS_AUX_06,1,MIX_BUS,Aux 6 Bus,1,C1_RTG_01;C1_RTG_02;C1_RTG_03;C1_RTG_04;C1_RTG_05;C1_RTG_06;C1_RTG_07;C1_RTG_08;C1_RTG_09;C1_RTG_10;C1_RTG_11;C1_RTG_12;C1_RTG_13;C1_RTG_14;C1_RTG_15;C1_RTG_16;C1_RTG_17;C1_RTG_18;C1_RTG_19;C1_RTG_20;C1_RTG_21;C1_RTG_22;C1_RTG_23;C1_RTG_24;C1_RTG_25;C1_RTG_26;C1_RTG_27;C1_RTG_28;C1_RTG_29;C1_RTG_30;C1_RTG_31;C1_RTG_32,C1_BUS_AUX_06_SEND,1,4772,bus_id=12;source_count=32,
C1_BUS_AUX_06_SEND,1,INTERCHIP_SEND,Aux 6 Bus Send,1,C1_BUS_AUX_06,,-1,-1,sport_id=0;slot=12;global_slot=12;sport_slots=16;signal=BUS_AUX_06,
C1_BUS_AUX_07,1,MIX_BUS,Aux 7 Bus,1,C1_RTG_01;C1_RTG_02;C1_RTG_03;C1_RTG_04;C1_RTG_05;C1_RTG_06;C1_RTG_07;C1_RTG_08;C1_RTG_09;C1_RTG_10;C1_RTG_11;C1_RTG_12;C1_RTG_13;C1_RTG_14;C1_RTG_15;C1_RTG_16;C1_RTG_17;C1_RTG_18;C1_RTG_19;C1_RTG_20;C1_RTG_21;C1_RTG_22;C1_RTG_23;C1_RTG_24;C1_RTG_25;C1_RTG_26;C1_RTG_27;C1_RTG_28;C1_RTG_29;C1_RTG_30;C1_RTG_31;C1_RTG_32,C1_BUS_AUX_07_SEND,1,4774,bus_id=13;source_count=32,
C1_BUS_AUX_07_SEND,1,INTERCHIP_SEND,Aux 7 Bus Send,1,C1_BUS_AUX_07,,-1,-1,sport_id=0;slot=13;global_slot=13;sport_slots=16;signal=BUS_AUX_07,
C1_BUS_AUX_08,1,MIX_BUS,Aux 8 Bus,1,C1_RTG_01;C1_RTG_02;C1_RTG_03;C1_RTG_04;C1_RTG_05;C1_RTG_06;C1_RTG_07;C1_RTG_08;C1_RTG_09;C1_RTG_10;C1_RTG_11;C1_RTG_12;C1_RTG_13;C1_RTG_14;C1_RTG_15;C1_RTG_16;C1_RTG_17;C1_RTG_18;C1_RTG_19;C1_RTG_20;C1_RTG_21;C1_RTG_22;C1_RTG_23;C1_RTG_24;C1_RTG_25;C1_RTG_26;C1_RTG_27;C1_RTG_28;C1_RTG_29;C1_RTG_30;C1_RTG_31;C1_RTG_32,C1_BUS_AUX_08_SEND,1,4776,bus_id=14;source_count=32,
C1_BUS_AUX_08_SEND,1,INTERCHIP_SEND,Aux 8 Bus Send,1,C1_BUS_AUX_08,,-1,-1,sport_id=0;slot=14;global_slot=14;sport_slots=16;signal=BUS_AUX_08,
C1_BUS_AUX_09,1,MIX_BUS,Aux 9 Bus,1,C1_RTG_01;C1_RTG_02;C1_RTG_03;C1_RTG_04;C1_RTG_05;C1_RTG_06;C1_RTG_07;C1_RTG_08;C1_RTG_09;C1_RTG_10;C1_RTG_11;C1_RTG_12;C1_RTG_13;C1_RTG_14;C1_RTG_15;C1_RTG_16;C1_RTG_17;C1_RTG_18;C1_RTG_19;C1_RTG_20;C1_RTG_21;C1_RTG_22;C1_RTG_23;C1_RTG_24;C1_RTG_25;C1_RTG_26;C1_RTG_27;C1_RTG_28;C1_RTG_29;C1_RTG_30;C1_RTG_31;C1_RTG_32,C1_BUS_AUX_09_SEND,1,4778,bus_id=15;source_count=32,
C1_BUS_AUX_09_SEND,1,INTERCHIP_SEND,Aux 9 Bus Send,1,C1_BUS_AUX_09,,-1,-1,sport_id=0;slot=15;global_slot=15;sport_slots=16;signal=BUS_AUX_09,
C1_BUS_AUX_10,1,MIX_BUS,Aux 10 Bus,1,C1_RTG_01;C1_RTG_02;C1_RTG_03;C1_RTG_04;C1_RTG_05;C1_RTG_06;C1_RTG_07;C1_RTG_08;C1_RTG_09;C1_RTG_10;C1_RTG_11;C1_RTG_12;C1_RTG_13;C1_RTG_14;C1_RTG_15;C1_RTG_16;C1_RTG_17;C1_RTG_18;C1_RTG_19;C1_RTG_20;C1_RTG_21;C1_RTG_22;C1_RTG_23;C1_RTG_24;C1_RTG_25;C1_RTG_26;C1_RTG_27;C1_RTG_28;C1_RTG_29;C1_RTG_30;C1_RTG_31;C1_RTG_32,C1_BUS_AUX_10_SEND,1,4780,bus_id=16;source_count=32,
C1_BUS_AUX_10_SEND,1,INTERCHIP_SEND,Aux 10 Bus Send,1,C1_BUS_AUX_10,,-1,-1,sport_id=1;slot=0;global_slot=16;sport_slots=16;signal=BUS_AUX_10,
C1_BUS_AUX_11,1,MIX_BUS,Aux 11 Bus,1,C1_RTG_01;C1_RTG_02;C1_RTG_03;C1_RTG_04;C1_RTG_05;C1_RTG_06;C1_RTG_07;C1_RTG_08;C1_RTG_09;C1_RTG_10;C1_RTG_11;C1_RTG_12;C1_RTG_13;C1_RTG_14;C1_RTG_15;C1_RTG_16;C1_RTG_17;C1_RTG_18;C1_RTG_19;C1_RTG_20;C1_RTG_21;C1_RTG_22;C1_RTG_23;C1_RTG_24;C1_RTG_25;C1_RTG_26;C1_RTG_27;C1_RTG_28;C1_RTG_29;C1_RTG_30;C1_RTG_31;C1_RTG_32,C1_BUS_AUX_11_SEND,1,4782,bus_id=17;source_count=32,
C1_BUS_AUX_11_SEND,1,INTERCHIP_SEND,Aux 11 Bus Send,1,C1_BUS_AUX_11,,-1,-1,sport_id=1;slot=1;global_slot=17;sport_slots=16;signal=BUS_AUX_11,
C1_BUS_AUX_12,1,MIX_BUS,Aux 12 Bus,1,C1_RTG_01;C1_RTG_02;C1_RTG_03;C1_RTG_04;C1_RTG_05;C1_RTG_06;C1_RTG_07;C1_RTG_08;C1_RTG_09;C1_RTG_10;C1_RTG_11;C1_RTG_12;C1_RTG_13;C1_RTG_14;C1_RTG_15;C1_RTG_16;C1_RTG_17;C1_RTG_18;C1_RTG_19;C1_RTG_20;C1_RTG_21;C1_RTG_22;C1_RTG_23;C1_RTG_24;C1_RTG_25;C1_RTG_26;C1_RTG_27;C1_RTG_28;C1_RTG_29;C1_RTG_30;C1_RTG_31;C1_RTG_32,C1_BUS_AUX_12_SEND,1,4784,bus_id=18;source_count=32,
C1_BUS_AUX_12_SEND,1,INTERCHIP_SEND,Aux 12 Bus Send,1,C1_BUS_AUX_12,,-1,-1,sport_id=1;slot=2;global_slot=18;sport_slots=16;signal=BUS_AUX_12,
C1_BUS_FX_01,1,MIX_BUS,FX 1 Bus,1,C1_RTG_01;C1_RTG_02;C1_RTG_03;C1_RTG_04;C1_RTG_05;C1_RTG_06;C1_RTG_07;C1_RTG_08;C1_RTG_09;C1_RTG_10;C1_RTG_11;C1_RTG_12;C1_RTG_13;C1_RTG_14;C1_RTG_15;C1_RTG_16;C1_RTG_17;C1_RTG_18;C1_RTG_19;C1_RTG_20;C1_RTG_21;C1_RTG_22;C1_RTG_23;C1_RTG_24;C1_RTG_25;C1_RTG_26;C1_RTG_27;C1_RTG_28;C1_RTG_29;C1_RTG_30;C1_RTG_31;C1_RTG_32,C1_BUS_FX_01_SEND,1,4786,bus_id=19;source_count=32,
C1_BUS_FX_01_SEND,1,INTERCHIP_SEND,FX 1 Bus Send,1,C1_BUS_FX_01,,-1,-1,sport_id=1;slot=3;global_slot=19;sport_slots=16;signal=BUS_FX_01,
C1_BUS_FX_02,1,MIX_BUS,FX 2 Bus,1,C1_RTG_01;C1_RTG_02;C1_RTG_03;C1_RTG_04;C1_RTG_05;C1_RTG_06;C1_RTG_07;C1_RTG_08;C1_RTG_09;C1_RTG_10;C1_RTG_11;C1_RTG_12;C1_RTG_13;C1_RTG_14;C1_RTG_15;C1_RTG_16;C1_RTG_17;C1_RTG_18;C1_RTG_19;C1_RTG_20;C1_RTG_21;C1_RTG_22;C1_RTG_23;C1_RTG_24;C1_RTG_25;C1_RTG_26;C1_RTG_27;C1_RTG_28;C1_RTG_29;C1_RTG_30;C1_RTG_31;C1_RTG_32,C1_BUS_FX_02_SEND,1,4788,bus_id=20;source_count=32,
C1_BUS_FX_02_SEND,1,INTERCHIP_SEND,FX 2 Bus Send,1,C1_BUS_FX_02,,-1,-1,sport_id=1;slot=4;global_slot=20;sport_slots=16;signal=BUS_FX_02,
C1_BUS_FX_03,1,MIX_BUS,FX 3 Bus,1,C1_RTG_01;C1_RTG_02;C1_RTG_03;C1_RTG_04;C1_RTG_05;C1_RTG_06;C1_RTG_07;C1_RTG_08;C1_RTG_09;C1_RTG_10;C1_RTG_11;C1_RTG_12;C1_RTG_13;C1_RTG_14;C1_RTG_15;C1_RTG_16;C1_RTG_17;C1_RTG_18;C1_RTG_19;C1_RTG_20;C1_RTG_21;C1_RTG_22;C1_RTG_23;C1_RTG_24;C1_RTG_25;C1_RTG_26;C1_RTG_27;C1_RTG_28;C1_RTG_29;C1_RTG_30;C1_RTG_31;C1_RTG_32,C1_BUS_FX_03_SEND,1,4790,bus_id=21;source_count=32,
C1_BUS_FX_03_SEND,1,INTERCHIP_SEND,FX 3 Bus Send,1,C1_BUS_FX_03,,-1,-1,sport_id=1;slot=5;global_slot=21;sport_slots=16;signal=BUS_FX_03,
C1_BUS_FX_04,1,MIX_BUS,FX 4 Bus,1,C1_RTG_01;C1_RTG_02;C1_RTG_03;C1_RTG_04;C1_RTG_05;C1_RTG_06;C1_RTG_07;C1_RTG_08;C1_RTG_09;C1_RTG_10;C1_RTG_11;C1_RTG_12;C1_RTG_13;C1_RTG_14;C1_RTG_15;C1_RTG_16;C1_RTG_17;C1_RTG_18;C1_RTG_19;C1_RTG_20;C1_RTG_21;C1_RTG_22;C1_RTG_23;C1_RTG_24;C1_RTG_25;C1_RTG_26;C1_RTG_27;C1_RTG_28;C1_RTG_29;C1_RTG_30;C1_RTG_31;C1_RTG_32,C1_BUS_FX_04_SEND,1,4792,bus_id=22;source_count=32,
C1_BUS_FX_04_SEND,1,INTERCHIP_SEND,FX 4 Bus Send,1,C1_BUS_FX_04,,-1,-1,sport_id=1;slot=6;global_slot=22;sport_slots=16;signal=BUS_FX_04,
C1_BUS_FX_05,1,MIX_BUS,FX 5 Bus,1,C1_RTG_01;C1_RTG_02;C1_RTG_03;C1_RTG_04;C1_RTG_05;C1_RTG_06;C1_RTG_07;C1_RTG_08;C1_RTG_09;C1_RTG_10;C1_RTG_11;C1_RTG_12;C1_RTG_13;C1_RTG_14;C1_RTG_15;C1_RTG_16;C1_RTG_17;C1_RTG_18;C1_RTG_19;C1_RTG_20;C1_RTG_21;C1_RTG_22;C1_RTG_23;C1_RTG_24;C1_RTG_25;C1_RTG_26;C1_RTG_27;C1_RTG_28;C1_RTG_29;C1_RTG_30;C1_RTG_31;C1_RTG_32,C1_BUS_FX_05_SEND,1,4794,bus_id=23;source_count=32,
C1_BUS_FX_05_SEND,1,INTERCHIP_SEND,FX 5 Bus Send,1,C1_BUS_FX_05,,-1,-1,sport_id=1;slot=7;global_slot=23;sport_slots=16;signal=BUS_FX_05,
C1_BUS_FX_06,1,MIX_BUS,FX 6 Bus,1,C1_RTG_01;C1_RTG_02;C1_RTG_03;C1_RTG_04;C1_RTG_05;C1_RTG_06;C1_RTG_07;C1_RTG_08;C1_RTG_09;C1_RTG_10;C1_RTG_11;C1_RTG_12;C1_RTG_13;C1_RTG_14;C1_RTG_15;C1_RTG_16;C1_RTG_17;C1_RTG_18;C1_RTG_19;C1_RTG_20;C1_RTG_21;C1_RTG_22;C1_RTG_23;C1_RTG_24;C1_RTG_25;C1_RTG_26;C1_RTG_27;C1_RTG_28;C1_RTG_29;C1_RTG_30;C1_RTG_31;C1_RTG_32,C1_BUS_FX_06_SEND,1,4796,bus_id=24;source_count=32,
C1_BUS_FX_06_SEND,1,INTERCHIP_SEND,FX 6 Bus Send,1,C1_BUS_FX_06,,-1,-1,sport_id=1;slot=8;global_slot=24;sport_slots=16;signal=BUS_FX_06,
C1_BUS_MTX_01,1,MIX_BUS,Matrix 1 Bus,1,C1_RTG_01;C1_RTG_02;C1_RTG_03;C1_RTG_04;C1_RTG_05;C1_RTG_06;C1_RTG_07;C1_RTG_08;C1_RTG_09;C1_RTG_10;C1_RTG_11;C1_RTG_12;C1_RTG_13;C1_RTG_14;C1_RTG_15;C1_RTG_16;C1_RTG_17;C1_RTG_18;C1_RTG_19;C1_RTG_20;C1_RTG_21;C1_RTG_22;C1_RTG_23;C1_RTG_24;C1_RTG_25;C1_RTG_26;C1_RTG_27;C1_RTG_28;C1_RTG_29;C1_RTG_30;C1_RTG_31;C1_RTG_32,C1_BUS_MTX_01_SEND,1,4798,bus_id=37;source_count=32,
C1_BUS_MTX_01_SEND,1,INTERCHIP_SEND,Matrix 1 Bus Send,1,C1_BUS_MTX_01,,-1,-1,sport_id=2;slot=5;global_slot=37;sport_slots=16;signal=BUS_MTX_01,
C1_BUS_MTX_02,1,MIX_BUS,Matrix 2 Bus,1,C1_RTG_01;C1_RTG_02;C1_RTG_03;C1_RTG_04;C1_RTG_05;C1_RTG_06;C1_RTG_07;C1_RTG_08;C1_RTG_09;C1_RTG_10;C1_RTG_11;C1_RTG_12;C1_RTG_13;C1_RTG_14;C1_RTG_15;C1_RTG_16;C1_RTG_17;C1_RTG_18;C1_RTG_19;C1_RTG_20;C1_RTG_21;C1_RTG_22;C1_RTG_23;C1_RTG_24;C1_RTG_25;C1_RTG_26;C1_RTG_27;C1_RTG_28;C1_RTG_29;C1_RTG_30;C1_RTG_31;C1_RTG_32,C1_BUS_MTX_02_SEND,1,4800,bus_id=38;source_count=32,
C1_BUS_MTX_02_SEND,1,INTERCHIP_SEND,Matrix 2 Bus Send,1,C1_BUS_MTX_02,,-1,-1,sport_id=2;slot=6;global_slot=38;sport_slots=16;signal=BUS_MTX_02,
C1_BUS_MTX_03,1,MIX_BUS,Matrix 3 Bus,1,C1_RTG_01;C1_RTG_02;C1_RTG_03;C1_RTG_04;C1_RTG_05;C1_RTG_06;C1_RTG_07;C1_RTG_08;C1_RTG_09;C1_RTG_10;C1_RTG_11;C1_RTG_12;C1_RTG_13;C1_RTG_14;C1_RTG_15;C1_RTG_16;C1_RTG_17;C1_RTG_18;C1_RTG_19;C1_RTG_20;C1_RTG_21;C1_RTG_22;C1_RTG_23;C1_RTG_24;C1_RTG_25;C1_RTG_26;C1_RTG_27;C1_RTG_28;C1_RTG_29;C1_RTG_30;C1_RTG_31;C1_RTG_32,C1_BUS_MTX_03_SEND,1,4802,bus_id=39;source_count=32,
C1_BUS_MTX_03_SEND,1,INTERCHIP_SEND,Matrix 3 Bus Send,1,C1_BUS_MTX_03,,-1,-1,sport_id=2;slot=7;global_slot=39;sport_slots=16;signal=BUS_MTX_03,
C1_BUS_MTX_04,1,MIX_BUS,Matrix 4 Bus,1,C1_RTG_01;C1_RTG_02;C1_RTG_03;C1_RTG_04;C1_RTG_05;C1_RTG_06;C1_RTG_07;C1_RTG_08;C1_RTG_09;C1_RTG_10;C1_RTG_11;C1_RTG_12;C1_RTG_13;C1_RTG_14;C1_RTG_15;C1_RTG_16;C1_RTG_17;C1_RTG_18;C1_RTG_19;C1_RTG_20;C1_RTG_21;C1_RTG_22;C1_RTG_23;C1_RTG_24;C1_RTG_25;C1_RTG_26;C1_RTG_27;C1_RTG_28;C1_RTG_29;C1_RTG_30;C1_RTG_31;C1_RTG_32,C1_BUS_MTX_04_SEND,1,4804,bus_id=40;source_count=32,
C1_BUS_MTX_04_SEND,1,INTERCHIP_SEND,Matrix 4 Bus Send,1,C1_BUS_MTX_04,,-1,-1,sport_id=2;slot=8;global_slot=40;sport_slots=16;signal=BUS_MTX_04,
C1_XS_XFER_CODEC_AUX_L,1,INTERCHIP_SEND,XFER_CODEC_AUX_L Send,1,C1_XIN_CODEC_03,,-1,-1,sport_id=1;slot=9;global_slot=25;sport_slots=16;signal=XFER_CODEC_AUX_L,
C1_XS_XFER_CODEC_AUX_R,1,INTERCHIP_SEND,XFER_CODEC_AUX_R Send,1,C1_XIN_CODEC_04,,-1,-1,sport_id=1;slot=10;global_slot=26;sport_slots=16;signal=XFER_CODEC_AUX_R,
C1_XS_XFER_PI_L,1,INTERCHIP_SEND,XFER_PI_L Send,1,C1_XIN_PI_L,,-1,-1,sport_id=1;slot=11;global_slot=27;sport_slots=16;signal=XFER_PI_L,
C1_XS_XFER_PI_R,1,INTERCHIP_SEND,XFER_PI_R Send,1,C1_XIN_PI_R,,-1,-1,sport_id=1;slot=12;global_slot=28;sport_slots=16;signal=XFER_PI_R,
C1_XS_XFER_SNAKE_01,1,INTERCHIP_SEND,XFER_SNAKE_01 Send,1,C1_XIN_SNK_01,,-1,-1,sport_id=1;slot=13;global_slot=29;sport_slots=16;signal=XFER_SNAKE_01;scope=D32,
C1_XS_XFER_SNAKE_02,1,INTERCHIP_SEND,XFER_SNAKE_02 Send,1,C1_XIN_SNK_02,,-1,-1,sport_id=1;slot=14;global_slot=30;sport_slots=16;signal=XFER_SNAKE_02;scope=D32,
C1_XS_XFER_SNAKE_03,1,INTERCHIP_SEND,XFER_SNAKE_03 Send,1,C1_XIN_SNK_03,,-1,-1,sport_id=1;slot=15;global_slot=31;sport_slots=16;signal=XFER_SNAKE_03;scope=D32,
C1_XS_XFER_SNAKE_04,1,INTERCHIP_SEND,XFER_SNAKE_04 Send,1,C1_XIN_SNK_04,,-1,-1,sport_id=2;slot=0;global_slot=32;sport_slots=16;signal=XFER_SNAKE_04;scope=D32,
C1_XS_XFER_SNAKE_05,1,INTERCHIP_SEND,XFER_SNAKE_05 Send,1,C1_XIN_SNK_05,,-1,-1,sport_id=2;slot=1;global_slot=33;sport_slots=16;signal=XFER_SNAKE_05;scope=D32,
C1_XS_XFER_SNAKE_06,1,INTERCHIP_SEND,XFER_SNAKE_06 Send,1,C1_XIN_SNK_06,,-1,-1,sport_id=2;slot=2;global_slot=34;sport_slots=16;signal=XFER_SNAKE_06;scope=D32,
C1_XS_XFER_SNAKE_07,1,INTERCHIP_SEND,XFER_SNAKE_07 Send,1,C1_XIN_SNK_07,,-1,-1,sport_id=2;slot=3;global_slot=35;sport_slots=16;signal=XFER_SNAKE_07;scope=D32,
C1_XS_XFER_SNAKE_08,1,INTERCHIP_SEND,XFER_SNAKE_08 Send,1,C1_XIN_SNK_08,,-1,-1,sport_id=2;slot=4;global_slot=36;sport_slots=16;signal=XFER_SNAKE_08;scope=D32,
C2_RECV_MAIN_L,2,INTERCHIP_RECV,Main L Recv,1,,C2_MIX_MAIN_L,-1,-1,sport_id=0;slot=0;global_slot=0;sport_slots=16;signal=BUS_MAIN_L,
C2_RECV_MAIN_R,2,INTERCHIP_RECV,Main R Recv,1,,C2_MIX_MAIN_R,-1,-1,sport_id=0;slot=1;global_slot=1;sport_slots=16;signal=BUS_MAIN_R,
C2_RECV_SUB,2,INTERCHIP_RECV,Sub Recv,1,,C2_SUB_FDR,-1,-1,sport_id=0;slot=2;global_slot=2;sport_slots=16;signal=BUS_SUB,
C2_RECV_GRP_01,2,INTERCHIP_RECV,Grp 1 Recv,1,,C2_GRP_FDR_01,-1,-1,sport_id=0;slot=3;global_slot=3;sport_slots=16;signal=BUS_GRP_01,
C2_RECV_GRP_02,2,INTERCHIP_RECV,Grp 2 Recv,1,,C2_GRP_FDR_02,-1,-1,sport_id=0;slot=4;global_slot=4;sport_slots=16;signal=BUS_GRP_02,
C2_RECV_GRP_03,2,INTERCHIP_RECV,Grp 3 Recv,1,,C2_GRP_FDR_03,-1,-1,sport_id=0;slot=5;global_slot=5;sport_slots=16;signal=BUS_GRP_03,
C2_RECV_GRP_04,2,INTERCHIP_RECV,Grp 4 Recv,1,,C2_GRP_FDR_04,-1,-1,sport_id=0;slot=6;global_slot=6;sport_slots=16;signal=BUS_GRP_04,
C2_RECV_AUX_01,2,INTERCHIP_RECV,Aux 1 Recv,1,,C2_MIX_AUX_01,-1,-1,sport_id=0;slot=7;global_slot=7;sport_slots=16;signal=BUS_AUX_01,
C2_RECV_AUX_02,2,INTERCHIP_RECV,Aux 2 Recv,1,,C2_MIX_AUX_02,-1,-1,sport_id=0;slot=8;global_slot=8;sport_slots=16;signal=BUS_AUX_02,
C2_RECV_AUX_03,2,INTERCHIP_RECV,Aux 3 Recv,1,,C2_MIX_AUX_03,-1,-1,sport_id=0;slot=9;global_slot=9;sport_slots=16;signal=BUS_AUX_03,
C2_RECV_AUX_04,2,INTERCHIP_RECV,Aux 4 Recv,1,,C2_MIX_AUX_04,-1,-1,sport_id=0;slot=10;global_slot=10;sport_slots=16;signal=BUS_AUX_04,
C2_RECV_AUX_05,2,INTERCHIP_RECV,Aux 5 Recv,1,,C2_MIX_AUX_05,-1,-1,sport_id=0;slot=11;global_slot=11;sport_slots=16;signal=BUS_AUX_05,
C2_RECV_AUX_06,2,INTERCHIP_RECV,Aux 6 Recv,1,,C2_MIX_AUX_06,-1,-1,sport_id=0;slot=12;global_slot=12;sport_slots=16;signal=BUS_AUX_06,
C2_RECV_AUX_07,2,INTERCHIP_RECV,Aux 7 Recv,1,,C2_MIX_AUX_07,-1,-1,sport_id=0;slot=13;global_slot=13;sport_slots=16;signal=BUS_AUX_07,
C2_RECV_AUX_08,2,INTERCHIP_RECV,Aux 8 Recv,1,,C2_MIX_AUX_08,-1,-1,sport_id=0;slot=14;global_slot=14;sport_slots=16;signal=BUS_AUX_08,
C2_RECV_AUX_09,2,INTERCHIP_RECV,Aux 9 Recv,1,,C2_MIX_AUX_09,-1,-1,sport_id=0;slot=15;global_slot=15;sport_slots=16;signal=BUS_AUX_09,
C2_RECV_AUX_10,2,INTERCHIP_RECV,Aux 10 Recv,1,,C2_MIX_AUX_10,-1,-1,sport_id=1;slot=0;global_slot=16;sport_slots=16;signal=BUS_AUX_10,
C2_RECV_AUX_11,2,INTERCHIP_RECV,Aux 11 Recv,1,,C2_MIX_AUX_11,-1,-1,sport_id=1;slot=1;global_slot=17;sport_slots=16;signal=BUS_AUX_11,
C2_RECV_AUX_12,2,INTERCHIP_RECV,Aux 12 Recv,1,,C2_MIX_AUX_12,-1,-1,sport_id=1;slot=2;global_slot=18;sport_slots=16;signal=BUS_AUX_12,
C2_RECV_FX_01,2,INTERCHIP_RECV,FX 1 Recv,1,,C2_FX_ENG_01,-1,-1,sport_id=1;slot=3;global_slot=19;sport_slots=16;signal=BUS_FX_01,
C2_RECV_FX_02,2,INTERCHIP_RECV,FX 2 Recv,1,,C2_FX_ENG_02,-1,-1,sport_id=1;slot=4;global_slot=20;sport_slots=16;signal=BUS_FX_02,
C2_RECV_FX_03,2,INTERCHIP_RECV,FX 3 Recv,1,,C2_FX_ENG_03,-1,-1,sport_id=1;slot=5;global_slot=21;sport_slots=16;signal=BUS_FX_03,
C2_RECV_FX_04,2,INTERCHIP_RECV,FX 4 Recv,1,,C2_FX_ENG_04,-1,-1,sport_id=1;slot=6;global_slot=22;sport_slots=16;signal=BUS_FX_04,
C2_RECV_FX_05,2,INTERCHIP_RECV,FX 5 Recv,1,,C2_FX_ENG_05,-1,-1,sport_id=1;slot=7;global_slot=23;sport_slots=16;signal=BUS_FX_05,
C2_RECV_FX_06,2,INTERCHIP_RECV,FX 6 Recv,1,,C2_FX_ENG_06,-1,-1,sport_id=1;slot=8;global_slot=24;sport_slots=16;signal=BUS_FX_06,
C2_XR_CODEC_AUX_L,2,INTERCHIP_RECV,XFER_CODEC_AUX_L Recv,1,,C2_CODEC_AUX_IN,-1,-1,sport_id=1;slot=9;global_slot=25;sport_slots=16;signal=XFER_CODEC_AUX_L,
C2_XR_CODEC_AUX_R,2,INTERCHIP_RECV,XFER_CODEC_AUX_R Recv,1,,C2_CODEC_AUX_IN,-1,-1,sport_id=1;slot=10;global_slot=26;sport_slots=16;signal=XFER_CODEC_AUX_R,
C2_XR_PI_L,2,INTERCHIP_RECV,XFER_PI_L Recv,1,,C2_PI_IN,-1,-1,sport_id=1;slot=11;global_slot=27;sport_slots=16;signal=XFER_PI_L,
C2_XR_PI_R,2,INTERCHIP_RECV,XFER_PI_R Recv,1,,C2_PI_IN,-1,-1,sport_id=1;slot=12;global_slot=28;sport_slots=16;signal=XFER_PI_R,
C2_XR_SNAKE_01,2,INTERCHIP_RECV,XFER_SNAKE_01 Recv,1,,C2_SNK_IN_01,-1,-1,sport_id=1;slot=13;global_slot=29;sport_slots=16;signal=XFER_SNAKE_01;scope=D32,
C2_XR_SNAKE_02,2,INTERCHIP_RECV,XFER_SNAKE_02 Recv,1,,C2_SNK_IN_02,-1,-1,sport_id=1;slot=14;global_slot=30;sport_slots=16;signal=XFER_SNAKE_02;scope=D32,
C2_XR_SNAKE_03,2,INTERCHIP_RECV,XFER_SNAKE_03 Recv,1,,C2_SNK_IN_03,-1,-1,sport_id=1;slot=15;global_slot=31;sport_slots=16;signal=XFER_SNAKE_03;scope=D32,
C2_XR_SNAKE_04,2,INTERCHIP_RECV,XFER_SNAKE_04 Recv,1,,C2_SNK_IN_04,-1,-1,sport_id=2;slot=0;global_slot=32;sport_slots=16;signal=XFER_SNAKE_04;scope=D32,
C2_XR_SNAKE_05,2,INTERCHIP_RECV,XFER_SNAKE_05 Recv,1,,C2_SNK_IN_05,-1,-1,sport_id=2;slot=1;global_slot=33;sport_slots=16;signal=XFER_SNAKE_05;scope=D32,
C2_XR_SNAKE_06,2,INTERCHIP_RECV,XFER_SNAKE_06 Recv,1,,C2_SNK_IN_06,-1,-1,sport_id=2;slot=2;global_slot=34;sport_slots=16;signal=XFER_SNAKE_06;scope=D32,
C2_XR_SNAKE_07,2,INTERCHIP_RECV,XFER_SNAKE_07 Recv,1,,C2_SNK_IN_07,-1,-1,sport_id=2;slot=3;global_slot=35;sport_slots=16;signal=XFER_SNAKE_07;scope=D32,
C2_XR_SNAKE_08,2,INTERCHIP_RECV,XFER_SNAKE_08 Recv,1,,C2_SNK_IN_08,-1,-1,sport_id=2;slot=4;global_slot=36;sport_slots=16;signal=XFER_SNAKE_08;scope=D32,
C2_CODEC_AUX_IN,2,AUX_INPUT,Codec Aux Input,2,C2_XR_CODEC_AUX_L;C2_XR_CODEC_AUX_R,C2_MIX_MAIN_L;C2_MIX_MAIN_R,1,1857,level_db=-6.0;on=0,GainFast
C2_PI_IN,2,AUX_INPUT,Pi Playback Input,2,C2_XR_PI_L;C2_XR_PI_R,C2_MIX_MAIN_L;C2_MIX_MAIN_R,1,1859,level_db=-6.0;on=0,GainFast
C2_SNK_IN_01,2,AUX_INPUT,Snake Return 1 Input,1,C2_XR_SNAKE_01,C2_MIX_MAIN_L;C2_MIX_MAIN_R,1,1861,level_db=-6.0;on=0;scope=D32,GainFast
C2_SNK_IN_02,2,AUX_INPUT,Snake Return 2 Input,1,C2_XR_SNAKE_02,C2_MIX_MAIN_L;C2_MIX_MAIN_R,1,1863,level_db=-6.0;on=0;scope=D32,GainFast
C2_SNK_IN_03,2,AUX_INPUT,Snake Return 3 Input,1,C2_XR_SNAKE_03,C2_MIX_MAIN_L;C2_MIX_MAIN_R,1,1865,level_db=-6.0;on=0;scope=D32,GainFast
C2_SNK_IN_04,2,AUX_INPUT,Snake Return 4 Input,1,C2_XR_SNAKE_04,C2_MIX_MAIN_L;C2_MIX_MAIN_R,1,1867,level_db=-6.0;on=0;scope=D32,GainFast
C2_SNK_IN_05,2,AUX_INPUT,Snake Return 5 Input,1,C2_XR_SNAKE_05,C2_MIX_MAIN_L;C2_MIX_MAIN_R,1,1869,level_db=-6.0;on=0;scope=D32,GainFast
C2_SNK_IN_06,2,AUX_INPUT,Snake Return 6 Input,1,C2_XR_SNAKE_06,C2_MIX_MAIN_L;C2_MIX_MAIN_R,1,1871,level_db=-6.0;on=0;scope=D32,GainFast
C2_SNK_IN_07,2,AUX_INPUT,Snake Return 7 Input,1,C2_XR_SNAKE_07,C2_MIX_MAIN_L;C2_MIX_MAIN_R,1,1873,level_db=-6.0;on=0;scope=D32,GainFast
C2_SNK_IN_08,2,AUX_INPUT,Snake Return 8 Input,1,C2_XR_SNAKE_08,C2_MIX_MAIN_L;C2_MIX_MAIN_R,1,1875,level_db=-6.0;on=0;scope=D32,GainFast
C2_FX_ENG_01,2,FX_ENGINE,FX 1 Engine,2,C2_RECV_FX_01,C2_FX_FDR_01,1,1620,type=Reverb;room_size=0.7;damping=0.5;decay=2.0;predelay_ms=20.0;delay_ms=300.0;feedback=50;balance=50;eq_lo=0;eq_mid=0;eq_hi=0;hpf=80;mod_rate=1.0;mod_level=50;mix=30;duck_on=0;duck_sens=-10,GainSafe
C2_FX_ENG_02,2,FX_ENGINE,FX 2 Engine,2,C2_RECV_FX_02,C2_FX_FDR_02,1,1648,type=Reverb;room_size=0.7;damping=0.5;decay=2.0;predelay_ms=20.0;delay_ms=300.0;feedback=50;balance=50;eq_lo=0;eq_mid=0;eq_hi=0;hpf=80;mod_rate=1.0;mod_level=50;mix=30;duck_on=0;duck_sens=-10,GainSafe
C2_FX_ENG_03,2,FX_ENGINE,FX 3 Engine,2,C2_RECV_FX_03,C2_FX_FDR_03,1,1676,type=Reverb;room_size=0.7;damping=0.5;decay=2.0;predelay_ms=20.0;delay_ms=300.0;feedback=50;balance=50;eq_lo=0;eq_mid=0;eq_hi=0;hpf=80;mod_rate=1.0;mod_level=50;mix=30;duck_on=0;duck_sens=-10,GainSafe
C2_FX_ENG_04,2,FX_ENGINE,FX 4 Engine,2,C2_RECV_FX_04,C2_FX_FDR_04,1,1704,type=Reverb;room_size=0.7;damping=0.5;decay=2.0;predelay_ms=20.0;delay_ms=300.0;feedback=50;balance=50;eq_lo=0;eq_mid=0;eq_hi=0;hpf=80;mod_rate=1.0;mod_level=50;mix=30;duck_on=0;duck_sens=-10,GainSafe
C2_FX_ENG_05,2,FX_ENGINE,FX 5 Engine,2,C2_RECV_FX_05,C2_FX_FDR_05,1,1732,type=Reverb;room_size=0.7;damping=0.5;decay=2.0;predelay_ms=20.0;delay_ms=300.0;feedback=50;balance=50;eq_lo=0;eq_mid=0;eq_hi=0;hpf=80;mod_rate=1.0;mod_level=50;mix=30;duck_on=0;duck_sens=-10,GainSafe
C2_FX_ENG_06,2,FX_ENGINE,FX 6 Engine,2,C2_RECV_FX_06,C2_FX_FDR_06,1,1760,type=Reverb;room_size=0.7;damping=0.5;decay=2.0;predelay_ms=20.0;delay_ms=300.0;feedback=50;balance=50;eq_lo=0;eq_mid=0;eq_hi=0;hpf=80;mod_rate=1.0;mod_level=50;mix=30;duck_on=0;duck_sens=-10,GainSafe
C2_FX_FDR_01,2,FADER_PAN,FX 1 Return,1,C2_FX_ENG_01,C2_MIX_MAIN_L;C2_MIX_MAIN_R,1,1644,"level_db=-6.0;mute=0;host_cells=Dca,DcaOn",GainFast
C2_FX_FDR_02,2,FADER_PAN,FX 2 Return,1,C2_FX_ENG_02,C2_MIX_MAIN_L;C2_MIX_MAIN_R,1,1672,"level_db=-6.0;mute=0;host_cells=Dca,DcaOn",GainFast
C2_FX_FDR_03,2,FADER_PAN,FX 3 Return,1,C2_FX_ENG_03,C2_MIX_MAIN_L;C2_MIX_MAIN_R,1,1700,"level_db=-6.0;mute=0;host_cells=Dca,DcaOn",GainFast
C2_FX_FDR_04,2,FADER_PAN,FX 4 Return,1,C2_FX_ENG_04,C2_MIX_MAIN_L;C2_MIX_MAIN_R,1,1728,"level_db=-6.0;mute=0;host_cells=Dca,DcaOn",GainFast
C2_FX_FDR_05,2,FADER_PAN,FX 5 Return,1,C2_FX_ENG_05,C2_MIX_MAIN_L;C2_MIX_MAIN_R,1,1756,"level_db=-6.0;mute=0;host_cells=Dca,DcaOn",GainFast
C2_FX_FDR_06,2,FADER_PAN,FX 6 Return,1,C2_FX_ENG_06,C2_MIX_MAIN_L;C2_MIX_MAIN_R,1,1784,"level_db=-6.0;mute=0;host_cells=Dca,DcaOn",GainFast
C2_MIX_AUX_01,2,MIX_BUS,Aux 1 FX Sum,1,C2_RECV_AUX_01;C2_FX_FDR_01;C2_FX_FDR_02;C2_FX_FDR_03;C2_FX_FDR_04;C2_FX_FDR_05;C2_FX_FDR_06,C2_AUX_FDR_01,1,2023,bus_id=aux01;source_count=7;fx_sends=6;aux=1,GainFast
C2_MIX_AUX_02,2,MIX_BUS,Aux 2 FX Sum,1,C2_RECV_AUX_02;C2_FX_FDR_01;C2_FX_FDR_02;C2_FX_FDR_03;C2_FX_FDR_04;C2_FX_FDR_05;C2_FX_FDR_06,C2_AUX_FDR_02,1,2035,bus_id=aux02;source_count=7;fx_sends=6;aux=2,GainFast
C2_MIX_AUX_03,2,MIX_BUS,Aux 3 FX Sum,1,C2_RECV_AUX_03;C2_FX_FDR_01;C2_FX_FDR_02;C2_FX_FDR_03;C2_FX_FDR_04;C2_FX_FDR_05;C2_FX_FDR_06,C2_AUX_FDR_03,1,2047,bus_id=aux03;source_count=7;fx_sends=6;aux=3,GainFast
C2_MIX_AUX_04,2,MIX_BUS,Aux 4 FX Sum,1,C2_RECV_AUX_04;C2_FX_FDR_01;C2_FX_FDR_02;C2_FX_FDR_03;C2_FX_FDR_04;C2_FX_FDR_05;C2_FX_FDR_06,C2_AUX_FDR_04,1,2059,bus_id=aux04;source_count=7;fx_sends=6;aux=4,GainFast
C2_MIX_AUX_05,2,MIX_BUS,Aux 5 FX Sum,1,C2_RECV_AUX_05;C2_FX_FDR_01;C2_FX_FDR_02;C2_FX_FDR_03;C2_FX_FDR_04;C2_FX_FDR_05;C2_FX_FDR_06,C2_AUX_FDR_05,1,2071,bus_id=aux05;source_count=7;fx_sends=6;aux=5,GainFast
C2_MIX_AUX_06,2,MIX_BUS,Aux 6 FX Sum,1,C2_RECV_AUX_06;C2_FX_FDR_01;C2_FX_FDR_02;C2_FX_FDR_03;C2_FX_FDR_04;C2_FX_FDR_05;C2_FX_FDR_06,C2_AUX_FDR_06,1,2083,bus_id=aux06;source_count=7;fx_sends=6;aux=6,GainFast
C2_MIX_AUX_07,2,MIX_BUS,Aux 7 FX Sum,1,C2_RECV_AUX_07;C2_FX_FDR_01;C2_FX_FDR_02;C2_FX_FDR_03;C2_FX_FDR_04;C2_FX_FDR_05;C2_FX_FDR_06,C2_AUX_FDR_07,1,2095,bus_id=aux07;source_count=7;fx_sends=6;aux=7,GainFast
C2_MIX_AUX_08,2,MIX_BUS,Aux 8 FX Sum,1,C2_RECV_AUX_08;C2_FX_FDR_01;C2_FX_FDR_02;C2_FX_FDR_03;C2_FX_FDR_04;C2_FX_FDR_05;C2_FX_FDR_06,C2_AUX_FDR_08,1,2107,bus_id=aux08;source_count=7;fx_sends=6;aux=8,GainFast
C2_MIX_AUX_09,2,MIX_BUS,Aux 9 FX Sum,1,C2_RECV_AUX_09;C2_FX_FDR_01;C2_FX_FDR_02;C2_FX_FDR_03;C2_FX_FDR_04;C2_FX_FDR_05;C2_FX_FDR_06,C2_AUX_FDR_09,1,2119,bus_id=aux09;source_count=7;fx_sends=6;aux=9,GainFast
C2_MIX_AUX_10,2,MIX_BUS,Aux 10 FX Sum,1,C2_RECV_AUX_10;C2_FX_FDR_01;C2_FX_FDR_02;C2_FX_FDR_03;C2_FX_FDR_04;C2_FX_FDR_05;C2_FX_FDR_06,C2_AUX_FDR_10,1,2131,bus_id=aux10;source_count=7;fx_sends=6;aux=10,GainFast
C2_MIX_AUX_11,2,MIX_BUS,Aux 11 FX Sum,1,C2_RECV_AUX_11;C2_FX_FDR_01;C2_FX_FDR_02;C2_FX_FDR_03;C2_FX_FDR_04;C2_FX_FDR_05;C2_FX_FDR_06,C2_AUX_FDR_11,1,2143,bus_id=aux11;source_count=7;fx_sends=6;aux=11,GainFast
C2_MIX_AUX_12,2,MIX_BUS,Aux 12 FX Sum,1,C2_RECV_AUX_12;C2_FX_FDR_01;C2_FX_FDR_02;C2_FX_FDR_03;C2_FX_FDR_04;C2_FX_FDR_05;C2_FX_FDR_06,C2_AUX_FDR_12,1,2155,bus_id=aux12;source_count=7;fx_sends=6;aux=12,GainFast
C2_AUX_FDR_01,2,FADER_PAN,Aux 1 Fader,1,C2_MIX_AUX_01,C2_AUX_EQ_01,1,0,"level_db=0.0;pan=0.0;mute=0;host_cells=Dca,DcaOn",GainFast
C2_AUX_EQ_01,2,EQ_BIQUAD,Aux 1 EQ,1,C2_AUX_FDR_01,C2_AUX_GEQ_01,1,4,bands=4;coeffs=default,EqSafe
C2_AUX_GEQ_01,2,GEQ,Aux 1 GEQ,1,C2_AUX_EQ_01,C2_AUX_AFB_01,1,28,bands=31,EqSafe
C2_AUX_AFB_01,2,ANTI_FB,Aux 1 AntiFB,1,C2_AUX_GEQ_01,C2_AUX_LIM_01,1,59,notch_count=6,EqSafe
C2_AUX_LIM_01,2,LIMITER,Aux 1 Lim,1,C2_AUX_AFB_01,C2_AUX_DLY_01,1,83,threshold_db=-0.5;attack_ms=0.1;release_ms=50.0,DynSafe
C2_AUX_DLY_01,2,DELAY,Aux 1 Delay,1,C2_AUX_LIM_01,C2_AUX_OUT_01,1,87,delay_ms=0.0;max_ms=250.0,InstantCtl
C2_AUX_OUT_01,2,OUTPUT_TDM,Aux 1 Out,1,C2_AUX_DLY_01,,1,89,sport_id=0;slot_start=0;slot_count=1;sport_slots=8;signal=DAC_01,
C2_AUX_FDR_02,2,FADER_PAN,Aux 2 Fader,1,C2_MIX_AUX_02,C2_AUX_EQ_02,1,90,"level_db=0.0;pan=0.0;mute=0;host_cells=Dca,DcaOn",GainFast
C2_AUX_EQ_02,2,EQ_BIQUAD,Aux 2 EQ,1,C2_AUX_FDR_02,C2_AUX_GEQ_02,1,94,bands=4;coeffs=default,EqSafe
C2_AUX_GEQ_02,2,GEQ,Aux 2 GEQ,1,C2_AUX_EQ_02,C2_AUX_AFB_02,1,118,bands=31,EqSafe
C2_AUX_AFB_02,2,ANTI_FB,Aux 2 AntiFB,1,C2_AUX_GEQ_02,C2_AUX_LIM_02,1,149,notch_count=6,EqSafe
C2_AUX_LIM_02,2,LIMITER,Aux 2 Lim,1,C2_AUX_AFB_02,C2_AUX_DLY_02,1,173,threshold_db=-0.5;attack_ms=0.1;release_ms=50.0,DynSafe
C2_AUX_DLY_02,2,DELAY,Aux 2 Delay,1,C2_AUX_LIM_02,C2_AUX_OUT_02,1,177,delay_ms=0.0;max_ms=250.0,InstantCtl
C2_AUX_OUT_02,2,OUTPUT_TDM,Aux 2 Out,1,C2_AUX_DLY_02,,1,179,sport_id=0;slot_start=1;slot_count=1;sport_slots=8;signal=DAC_02,
C2_AUX_FDR_03,2,FADER_PAN,Aux 3 Fader,1,C2_MIX_AUX_03,C2_AUX_EQ_03,1,180,"level_db=0.0;pan=0.0;mute=0;host_cells=Dca,DcaOn",GainFast
C2_AUX_EQ_03,2,EQ_BIQUAD,Aux 3 EQ,1,C2_AUX_FDR_03,C2_AUX_GEQ_03,1,184,bands=4;coeffs=default,EqSafe
C2_AUX_GEQ_03,2,GEQ,Aux 3 GEQ,1,C2_AUX_EQ_03,C2_AUX_AFB_03,1,208,bands=31,EqSafe
C2_AUX_AFB_03,2,ANTI_FB,Aux 3 AntiFB,1,C2_AUX_GEQ_03,C2_AUX_LIM_03,1,239,notch_count=6,EqSafe
C2_AUX_LIM_03,2,LIMITER,Aux 3 Lim,1,C2_AUX_AFB_03,C2_AUX_DLY_03,1,263,threshold_db=-0.5;attack_ms=0.1;release_ms=50.0,DynSafe
C2_AUX_DLY_03,2,DELAY,Aux 3 Delay,1,C2_AUX_LIM_03,C2_AUX_OUT_03,1,267,delay_ms=0.0;max_ms=250.0,InstantCtl
C2_AUX_OUT_03,2,OUTPUT_TDM,Aux 3 Out,1,C2_AUX_DLY_03,,1,269,sport_id=0;slot_start=2;slot_count=1;sport_slots=8;signal=DAC_03,
C2_AUX_FDR_04,2,FADER_PAN,Aux 4 Fader,1,C2_MIX_AUX_04,C2_AUX_EQ_04,1,270,"level_db=0.0;pan=0.0;mute=0;host_cells=Dca,DcaOn",GainFast
C2_AUX_EQ_04,2,EQ_BIQUAD,Aux 4 EQ,1,C2_AUX_FDR_04,C2_AUX_GEQ_04,1,274,bands=4;coeffs=default,EqSafe
C2_AUX_GEQ_04,2,GEQ,Aux 4 GEQ,1,C2_AUX_EQ_04,C2_AUX_AFB_04,1,298,bands=31,EqSafe
C2_AUX_AFB_04,2,ANTI_FB,Aux 4 AntiFB,1,C2_AUX_GEQ_04,C2_AUX_LIM_04,1,329,notch_count=6,EqSafe
C2_AUX_LIM_04,2,LIMITER,Aux 4 Lim,1,C2_AUX_AFB_04,C2_AUX_DLY_04,1,353,threshold_db=-0.5;attack_ms=0.1;release_ms=50.0,DynSafe
C2_AUX_DLY_04,2,DELAY,Aux 4 Delay,1,C2_AUX_LIM_04,C2_AUX_OUT_04,1,357,delay_ms=0.0;max_ms=250.0,InstantCtl
C2_AUX_OUT_04,2,OUTPUT_TDM,Aux 4 Out,1,C2_AUX_DLY_04,,1,359,sport_id=0;slot_start=3;slot_count=1;sport_slots=8;signal=DAC_04,
C2_AUX_FDR_05,2,FADER_PAN,Aux 5 Fader,1,C2_MIX_AUX_05,C2_AUX_EQ_05,1,360,"level_db=0.0;pan=0.0;mute=0;host_cells=Dca,DcaOn",GainFast
C2_AUX_EQ_05,2,EQ_BIQUAD,Aux 5 EQ,1,C2_AUX_FDR_05,C2_AUX_GEQ_05,1,364,bands=4;coeffs=default,EqSafe
C2_AUX_GEQ_05,2,GEQ,Aux 5 GEQ,1,C2_AUX_EQ_05,C2_AUX_AFB_05,1,388,bands=31,EqSafe
C2_AUX_AFB_05,2,ANTI_FB,Aux 5 AntiFB,1,C2_AUX_GEQ_05,C2_AUX_LIM_05,1,419,notch_count=6,EqSafe
C2_AUX_LIM_05,2,LIMITER,Aux 5 Lim,1,C2_AUX_AFB_05,C2_AUX_DLY_05,1,443,threshold_db=-0.5;attack_ms=0.1;release_ms=50.0,DynSafe
C2_AUX_DLY_05,2,DELAY,Aux 5 Delay,1,C2_AUX_LIM_05,C2_AUX_OUT_05,1,447,delay_ms=0.0;max_ms=250.0,InstantCtl
C2_AUX_OUT_05,2,OUTPUT_TDM,Aux 5 Out,1,C2_AUX_DLY_05,,1,449,sport_id=0;slot_start=4;slot_count=1;sport_slots=8;signal=DAC_05,
C2_AUX_FDR_06,2,FADER_PAN,Aux 6 Fader,1,C2_MIX_AUX_06,C2_AUX_EQ_06,1,450,"level_db=0.0;pan=0.0;mute=0;host_cells=Dca,DcaOn",GainFast
C2_AUX_EQ_06,2,EQ_BIQUAD,Aux 6 EQ,1,C2_AUX_FDR_06,C2_AUX_GEQ_06,1,454,bands=4;coeffs=default,EqSafe
C2_AUX_GEQ_06,2,GEQ,Aux 6 GEQ,1,C2_AUX_EQ_06,C2_AUX_AFB_06,1,478,bands=31,EqSafe
C2_AUX_AFB_06,2,ANTI_FB,Aux 6 AntiFB,1,C2_AUX_GEQ_06,C2_AUX_LIM_06,1,509,notch_count=6,EqSafe
C2_AUX_LIM_06,2,LIMITER,Aux 6 Lim,1,C2_AUX_AFB_06,C2_AUX_DLY_06,1,533,threshold_db=-0.5;attack_ms=0.1;release_ms=50.0,DynSafe
C2_AUX_DLY_06,2,DELAY,Aux 6 Delay,1,C2_AUX_LIM_06,C2_AUX_OUT_06,1,537,delay_ms=0.0;max_ms=250.0,InstantCtl
C2_AUX_OUT_06,2,OUTPUT_TDM,Aux 6 Out,1,C2_AUX_DLY_06,,1,539,sport_id=0;slot_start=5;slot_count=1;sport_slots=8;signal=DAC_06,
C2_AUX_FDR_07,2,FADER_PAN,Aux 7 Fader,1,C2_MIX_AUX_07,C2_AUX_EQ_07,1,540,"level_db=0.0;pan=0.0;mute=0;host_cells=Dca,DcaOn",GainFast
C2_AUX_EQ_07,2,EQ_BIQUAD,Aux 7 EQ,1,C2_AUX_FDR_07,C2_AUX_GEQ_07,1,544,bands=4;coeffs=default,EqSafe
C2_AUX_GEQ_07,2,GEQ,Aux 7 GEQ,1,C2_AUX_EQ_07,C2_AUX_AFB_07,1,568,bands=31,EqSafe
C2_AUX_AFB_07,2,ANTI_FB,Aux 7 AntiFB,1,C2_AUX_GEQ_07,C2_AUX_LIM_07,1,599,notch_count=6,EqSafe
C2_AUX_LIM_07,2,LIMITER,Aux 7 Lim,1,C2_AUX_AFB_07,C2_AUX_DLY_07,1,623,threshold_db=-0.5;attack_ms=0.1;release_ms=50.0,DynSafe
C2_AUX_DLY_07,2,DELAY,Aux 7 Delay,1,C2_AUX_LIM_07,C2_AUX_OUT_07,1,627,delay_ms=0.0;max_ms=250.0,InstantCtl
C2_AUX_OUT_07,2,OUTPUT_TDM,Aux 7 Out,1,C2_AUX_DLY_07,,1,629,sport_id=0;slot_start=6;slot_count=1;sport_slots=8;signal=DAC_07,
C2_AUX_FDR_08,2,FADER_PAN,Aux 8 Fader,1,C2_MIX_AUX_08,C2_AUX_EQ_08,1,630,"level_db=0.0;pan=0.0;mute=0;host_cells=Dca,DcaOn",GainFast
C2_AUX_EQ_08,2,EQ_BIQUAD,Aux 8 EQ,1,C2_AUX_FDR_08,C2_AUX_GEQ_08,1,634,bands=4;coeffs=default,EqSafe
C2_AUX_GEQ_08,2,GEQ,Aux 8 GEQ,1,C2_AUX_EQ_08,C2_AUX_AFB_08,1,658,bands=31,EqSafe
C2_AUX_AFB_08,2,ANTI_FB,Aux 8 AntiFB,1,C2_AUX_GEQ_08,C2_AUX_LIM_08,1,689,notch_count=6,EqSafe
C2_AUX_LIM_08,2,LIMITER,Aux 8 Lim,1,C2_AUX_AFB_08,C2_AUX_DLY_08,1,713,threshold_db=-0.5;attack_ms=0.1;release_ms=50.0,DynSafe
C2_AUX_DLY_08,2,DELAY,Aux 8 Delay,1,C2_AUX_LIM_08,C2_AUX_OUT_08,1,717,delay_ms=0.0;max_ms=250.0,InstantCtl
C2_AUX_OUT_08,2,OUTPUT_TDM,Aux 8 Out,1,C2_AUX_DLY_08,,1,719,sport_id=0;slot_start=7;slot_count=1;sport_slots=8;signal=DAC_08,
C2_AUX_FDR_09,2,FADER_PAN,Aux 9 Fader,1,C2_MIX_AUX_09,C2_AUX_EQ_09,1,720,"level_db=0.0;pan=0.0;mute=0;host_cells=Dca,DcaOn",GainFast
C2_AUX_EQ_09,2,EQ_BIQUAD,Aux 9 EQ,1,C2_AUX_FDR_09,C2_AUX_GEQ_09,1,724,bands=4;coeffs=default,EqSafe
C2_AUX_GEQ_09,2,GEQ,Aux 9 GEQ,1,C2_AUX_EQ_09,C2_AUX_AFB_09,1,748,bands=31,EqSafe
C2_AUX_AFB_09,2,ANTI_FB,Aux 9 AntiFB,1,C2_AUX_GEQ_09,C2_AUX_LIM_09,1,779,notch_count=6,EqSafe
C2_AUX_LIM_09,2,LIMITER,Aux 9 Lim,1,C2_AUX_AFB_09,C2_AUX_DLY_09,1,803,threshold_db=-0.5;attack_ms=0.1;release_ms=50.0,DynSafe
C2_AUX_DLY_09,2,DELAY,Aux 9 Delay,1,C2_AUX_LIM_09,C2_AUX_OUT_09,1,807,delay_ms=0.0;max_ms=250.0,InstantCtl
C2_AUX_OUT_09,2,OUTPUT_TDM,Aux 9 Out,1,C2_AUX_DLY_09,,1,809,sport_id=1;slot_start=0;slot_count=1;sport_slots=8;signal=DAC_09,
C2_AUX_FDR_10,2,FADER_PAN,Aux 10 Fader,1,C2_MIX_AUX_10,C2_AUX_EQ_10,1,810,"level_db=0.0;pan=0.0;mute=0;host_cells=Dca,DcaOn",GainFast
C2_AUX_EQ_10,2,EQ_BIQUAD,Aux 10 EQ,1,C2_AUX_FDR_10,C2_AUX_GEQ_10,1,814,bands=4;coeffs=default,EqSafe
C2_AUX_GEQ_10,2,GEQ,Aux 10 GEQ,1,C2_AUX_EQ_10,C2_AUX_AFB_10,1,838,bands=31,EqSafe
C2_AUX_AFB_10,2,ANTI_FB,Aux 10 AntiFB,1,C2_AUX_GEQ_10,C2_AUX_LIM_10,1,869,notch_count=6,EqSafe
C2_AUX_LIM_10,2,LIMITER,Aux 10 Lim,1,C2_AUX_AFB_10,C2_AUX_DLY_10,1,893,threshold_db=-0.5;attack_ms=0.1;release_ms=50.0,DynSafe
C2_AUX_DLY_10,2,DELAY,Aux 10 Delay,1,C2_AUX_LIM_10,C2_AUX_OUT_10,1,897,delay_ms=0.0;max_ms=250.0,InstantCtl
C2_AUX_OUT_10,2,OUTPUT_TDM,Aux 10 Out,1,C2_AUX_DLY_10,,1,899,sport_id=1;slot_start=1;slot_count=1;sport_slots=8;signal=DAC_10,
C2_AUX_FDR_11,2,FADER_PAN,Aux 11 Fader,1,C2_MIX_AUX_11,C2_AUX_EQ_11,1,900,"level_db=0.0;pan=0.0;mute=0;host_cells=Dca,DcaOn",GainFast
C2_AUX_EQ_11,2,EQ_BIQUAD,Aux 11 EQ,1,C2_AUX_FDR_11,C2_AUX_GEQ_11,1,904,bands=4;coeffs=default,EqSafe
C2_AUX_GEQ_11,2,GEQ,Aux 11 GEQ,1,C2_AUX_EQ_11,C2_AUX_AFB_11,1,928,bands=31,EqSafe
C2_AUX_AFB_11,2,ANTI_FB,Aux 11 AntiFB,1,C2_AUX_GEQ_11,C2_AUX_LIM_11,1,959,notch_count=6,EqSafe
C2_AUX_LIM_11,2,LIMITER,Aux 11 Lim,1,C2_AUX_AFB_11,C2_AUX_DLY_11,1,983,threshold_db=-0.5;attack_ms=0.1;release_ms=50.0,DynSafe
C2_AUX_DLY_11,2,DELAY,Aux 11 Delay,1,C2_AUX_LIM_11,C2_AUX_OUT_11,1,987,delay_ms=0.0;max_ms=250.0,InstantCtl
C2_AUX_OUT_11,2,OUTPUT_TDM,Aux 11 Out,1,C2_AUX_DLY_11,,1,989,sport_id=1;slot_start=2;slot_count=1;sport_slots=8;signal=DAC_11,
C2_AUX_FDR_12,2,FADER_PAN,Aux 12 Fader,1,C2_MIX_AUX_12,C2_AUX_EQ_12,1,990,"level_db=0.0;pan=0.0;mute=0;host_cells=Dca,DcaOn",GainFast
C2_AUX_EQ_12,2,EQ_BIQUAD,Aux 12 EQ,1,C2_AUX_FDR_12,C2_AUX_GEQ_12,1,994,bands=4;coeffs=default,EqSafe
C2_AUX_GEQ_12,2,GEQ,Aux 12 GEQ,1,C2_AUX_EQ_12,C2_AUX_AFB_12,1,1018,bands=31,EqSafe
C2_AUX_AFB_12,2,ANTI_FB,Aux 12 AntiFB,1,C2_AUX_GEQ_12,C2_AUX_LIM_12,1,1049,notch_count=6,EqSafe
C2_AUX_LIM_12,2,LIMITER,Aux 12 Lim,1,C2_AUX_AFB_12,C2_AUX_DLY_12,1,1073,threshold_db=-0.5;attack_ms=0.1;release_ms=50.0,DynSafe
C2_AUX_DLY_12,2,DELAY,Aux 12 Delay,1,C2_AUX_LIM_12,C2_AUX_OUT_12,1,1077,delay_ms=0.0;max_ms=250.0,InstantCtl
C2_AUX_OUT_12,2,OUTPUT_TDM,Aux 12 Out,1,C2_AUX_DLY_12,,1,1079,sport_id=1;slot_start=3;slot_count=1;sport_slots=8;signal=DAC_12,
C2_GRP_FDR_01,2,FADER_PAN,Grp 1 Fader,1,C2_RECV_GRP_01,C2_GRP_EQ_01,1,1080,"level_db=0.0;mute=0;host_cells=Dca,DcaOn",GainFast
C2_GRP_EQ_01,2,EQ_BIQUAD,Grp 1 EQ,1,C2_GRP_FDR_01,C2_GRP_GEQ_01,1,1084,bands=4;coeffs=default,EqSafe
C2_GRP_GEQ_01,2,GEQ,Grp 1 GEQ,1,C2_GRP_EQ_01,C2_GRP_GATE_01,1,1879,bands=31,EqSafe
C2_GRP_GATE_01,2,GATE,Grp 1 Gate,1,C2_GRP_GEQ_01,C2_GRP_COMP_01,1,1108,threshold_db=-40.0;attack_ms=1.0;hold_ms=50.0;release_ms=100.0;range_db=60.0;key=0,DynSafe
C2_GRP_COMP_01,2,COMPRESSOR,Grp 1 Comp,1,C2_GRP_GATE_01,C2_MIX_MAIN_L;C2_MIX_MAIN_R,1,1124,threshold_db=-20.0;ratio=4.0;attack_ms=5.0;release_ms=100.0;knee_db=6.0;makeup_db=0.0;type=VCA,DynSafe
C2_GRP_FDR_02,2,FADER_PAN,Grp 2 Fader,1,C2_RECV_GRP_02,C2_GRP_EQ_02,1,1140,"level_db=0.0;mute=0;host_cells=Dca,DcaOn",GainFast
C2_GRP_EQ_02,2,EQ_BIQUAD,Grp 2 EQ,1,C2_GRP_FDR_02,C2_GRP_GEQ_02,1,1144,bands=4;coeffs=default,EqSafe
C2_GRP_GEQ_02,2,GEQ,Grp 2 GEQ,1,C2_GRP_EQ_02,C2_GRP_GATE_02,1,1910,bands=31,EqSafe
C2_GRP_GATE_02,2,GATE,Grp 2 Gate,1,C2_GRP_GEQ_02,C2_GRP_COMP_02,1,1168,threshold_db=-40.0;attack_ms=1.0;hold_ms=50.0;release_ms=100.0;range_db=60.0;key=0,DynSafe
C2_GRP_COMP_02,2,COMPRESSOR,Grp 2 Comp,1,C2_GRP_GATE_02,C2_MIX_MAIN_L;C2_MIX_MAIN_R,1,1184,threshold_db=-20.0;ratio=4.0;attack_ms=5.0;release_ms=100.0;knee_db=6.0;makeup_db=0.0;type=VCA,DynSafe
C2_GRP_FDR_03,2,FADER_PAN,Grp 3 Fader,1,C2_RECV_GRP_03,C2_GRP_EQ_03,1,1200,"level_db=0.0;mute=0;host_cells=Dca,DcaOn",GainFast
C2_GRP_EQ_03,2,EQ_BIQUAD,Grp 3 EQ,1,C2_GRP_FDR_03,C2_GRP_GEQ_03,1,1204,bands=4;coeffs=default,EqSafe
C2_GRP_GEQ_03,2,GEQ,Grp 3 GEQ,1,C2_GRP_EQ_03,C2_GRP_GATE_03,1,1941,bands=31,EqSafe
C2_GRP_GATE_03,2,GATE,Grp 3 Gate,1,C2_GRP_GEQ_03,C2_GRP_COMP_03,1,1228,threshold_db=-40.0;attack_ms=1.0;hold_ms=50.0;release_ms=100.0;range_db=60.0;key=0,DynSafe
C2_GRP_COMP_03,2,COMPRESSOR,Grp 3 Comp,1,C2_GRP_GATE_03,C2_MIX_MAIN_L;C2_MIX_MAIN_R,1,1244,threshold_db=-20.0;ratio=4.0;attack_ms=5.0;release_ms=100.0;knee_db=6.0;makeup_db=0.0;type=VCA,DynSafe
C2_GRP_FDR_04,2,FADER_PAN,Grp 4 Fader,1,C2_RECV_GRP_04,C2_GRP_EQ_04,1,1260,"level_db=0.0;mute=0;host_cells=Dca,DcaOn",GainFast
C2_GRP_EQ_04,2,EQ_BIQUAD,Grp 4 EQ,1,C2_GRP_FDR_04,C2_GRP_GEQ_04,1,1264,bands=4;coeffs=default,EqSafe
C2_GRP_GEQ_04,2,GEQ,Grp 4 GEQ,1,C2_GRP_EQ_04,C2_GRP_GATE_04,1,1972,bands=31,EqSafe
C2_GRP_GATE_04,2,GATE,Grp 4 Gate,1,C2_GRP_GEQ_04,C2_GRP_COMP_04,1,1288,threshold_db=-40.0;attack_ms=1.0;hold_ms=50.0;release_ms=100.0;range_db=60.0;key=0,DynSafe
C2_GRP_COMP_04,2,COMPRESSOR,Grp 4 Comp,1,C2_GRP_GATE_04,C2_MIX_MAIN_L;C2_MIX_MAIN_R,1,1304,threshold_db=-20.0;ratio=4.0;attack_ms=5.0;release_ms=100.0;knee_db=6.0;makeup_db=0.0;type=VCA,DynSafe
C2_SUB_FDR,2,FADER_PAN,Sub Fader,1,C2_RECV_SUB,C2_SUB_EQ,1,1320,"level_db=0.0;mute=0;host_cells=Dca,DcaOn",GainFast
C2_SUB_EQ,2,EQ_BIQUAD,Sub EQ,1,C2_SUB_FDR,C2_SUB_COMP,1,1324,bands=4;coeffs=default,EqSafe
C2_SUB_COMP,2,COMPRESSOR,Sub Comp,1,C2_SUB_EQ,C2_SUB_LIM,1,1348,threshold_db=-20.0;ratio=4.0;attack_ms=5.0;release_ms=100.0;knee_db=6.0;makeup_db=0.0;type=VCA,DynSafe
C2_SUB_LIM,2,LIMITER,Sub Lim,1,C2_SUB_COMP,C2_SUB_DLY,1,1364,threshold_db=-0.5;attack_ms=0.1;release_ms=50.0,DynSafe
C2_SUB_DLY,2,DELAY,Sub Delay,1,C2_SUB_LIM,C2_SUB_OUT,1,1368,delay_ms=0.0;max_ms=250.0,InstantCtl
C2_SUB_OUT,2,OUTPUT_TDM,Sub Out,1,C2_SUB_DLY,,1,1370,sport_id=4;slot_start=0;slot_count=1;sport_slots=8;signal=NET_OUT_01,
C2_MIX_MAIN_L,2,MIX_BUS,Main Mix L,1,C2_RECV_MAIN_L;C2_GRP_COMP_01;C2_GRP_COMP_02;C2_GRP_COMP_03;C2_GRP_COMP_04;C2_USB_IN;C2_BT_IN;C2_CODEC_AUX_IN;C2_PI_IN;C2_SNK_IN_01;C2_SNK_IN_02;C2_SNK_IN_03;C2_SNK_IN_04;C2_SNK_IN_05;C2_SNK_IN_06;C2_SNK_IN_07;C2_SNK_IN_08;C2_FX_FDR_01;C2_FX_FDR_02;C2_FX_FDR_03;C2_FX_FDR_04;C2_FX_FDR_05;C2_FX_FDR_06,C2_MAIN_FDR,1,1371,bus_id=0,
C2_MIX_MAIN_R,2,MIX_BUS,Main Mix R,1,C2_RECV_MAIN_R;C2_GRP_COMP_01;C2_GRP_COMP_02;C2_GRP_COMP_03;C2_GRP_COMP_04;C2_USB_IN;C2_BT_IN;C2_CODEC_AUX_IN;C2_PI_IN;C2_SNK_IN_01;C2_SNK_IN_02;C2_SNK_IN_03;C2_SNK_IN_04;C2_SNK_IN_05;C2_SNK_IN_06;C2_SNK_IN_07;C2_SNK_IN_08;C2_FX_FDR_01;C2_FX_FDR_02;C2_FX_FDR_03;C2_FX_FDR_04;C2_FX_FDR_05;C2_FX_FDR_06,C2_MAIN_FDR,1,1375,bus_id=1,
C2_MAIN_FDR,2,FADER_PAN,Main Fader,2,C2_MIX_MAIN_L;C2_MIX_MAIN_R,C2_MAIN_GEQ,1,1379,"level_db=0.0;mute=0;host_cells=Dca,DcaOn",GainFast
C2_MAIN_GEQ,2,GEQ,Main GEQ,2,C2_MAIN_FDR,C2_MAIN_COMP,1,1383,bands=31,EqSafe
C2_MAIN_COMP,2,COMPRESSOR,Main Comp,2,C2_MAIN_GEQ,C2_MAIN_LIM,1,1414,threshold_db=-20.0;ratio=4.0;attack_ms=5.0;release_ms=100.0;knee_db=6.0;makeup_db=0.0;parallel=100;type=VCA,DynSafe
C2_MAIN_LIM,2,LIMITER,Main Lim,2,C2_MAIN_COMP,C2_MAIN_DLY,1,1430,threshold_db=-0.5;attack_ms=0.1;release_ms=50.0,DynSafe
C2_MAIN_DLY,2,DELAY,Main Delay,2,C2_MAIN_LIM,C2_MAIN_XOVER;C2_MAIN_ST_OUT;C2_CODEC_AUX_OUT,1,1434,delay_ms=0.0;max_ms=250.0,InstantCtl
C2_MAIN_XOVER,2,CROSSOVER,Main Xover,2,C2_MAIN_DLY,C2_MAIN_OUT_01;C2_MAIN_OUT_02;C2_MAIN_OUT_03;C2_MAIN_OUT_04,1,1436,freq=120.0;slope=24,EqSafe
C2_MAIN_OEQ_01,2,EQ_BIQUAD,Main Out 1 EQ,1,C2_MAIN_XOVER,C2_MAIN_OCOMP_01,1,1440,bands=4;coeffs=default,EqSafe
C2_MAIN_OCOMP_01,2,COMPRESSOR,Main Out 1 Comp,1,C2_MAIN_OEQ_01,C2_MAIN_OLIM_01,1,1464,threshold_db=-20.0;ratio=4.0;attack_ms=5.0;release_ms=100.0;knee_db=6.0;makeup_db=0.0;type=VCA,DynSafe
C2_MAIN_OLIM_01,2,LIMITER,Main Out 1 Lim,1,C2_MAIN_OCOMP_01,C2_MAIN_OUT_01,1,1480,threshold_db=-0.5;attack_ms=0.1;release_ms=50.0,DynSafe
C2_MAIN_OUT_01,2,OUTPUT_TDM,Main Out 1,1,C2_MAIN_OLIM_01,,1,1484,sport_id=1;slot_start=4;slot_count=1;sport_slots=8;signal=DAC_13;mo_page=1;mo_addr=2167,
C2_MAIN_OEQ_02,2,EQ_BIQUAD,Main Out 2 EQ,1,C2_MAIN_XOVER,C2_MAIN_OCOMP_02,1,1485,bands=4;coeffs=default,EqSafe
C2_MAIN_OCOMP_02,2,COMPRESSOR,Main Out 2 Comp,1,C2_MAIN_OEQ_02,C2_MAIN_OLIM_02,1,1509,threshold_db=-20.0;ratio=4.0;attack_ms=5.0;release_ms=100.0;knee_db=6.0;makeup_db=0.0;type=VCA,DynSafe
C2_MAIN_OLIM_02,2,LIMITER,Main Out 2 Lim,1,C2_MAIN_OCOMP_02,C2_MAIN_OUT_02,1,1525,threshold_db=-0.5;attack_ms=0.1;release_ms=50.0,DynSafe
C2_MAIN_OUT_02,2,OUTPUT_TDM,Main Out 2,1,C2_MAIN_OLIM_02,,1,1529,sport_id=1;slot_start=5;slot_count=1;sport_slots=8;signal=DAC_14;mo_page=1;mo_addr=2169,
C2_MAIN_OEQ_03,2,EQ_BIQUAD,Main Out 3 EQ,1,C2_MAIN_XOVER,C2_MAIN_OCOMP_03,1,1530,bands=4;coeffs=default,EqSafe
C2_MAIN_OCOMP_03,2,COMPRESSOR,Main Out 3 Comp,1,C2_MAIN_OEQ_03,C2_MAIN_OLIM_03,1,1554,threshold_db=-20.0;ratio=4.0;attack_ms=5.0;release_ms=100.0;knee_db=6.0;makeup_db=0.0;type=VCA,DynSafe
C2_MAIN_OLIM_03,2,LIMITER,Main Out 3 Lim,1,C2_MAIN_OCOMP_03,C2_MAIN_OUT_03,1,1570,threshold_db=-0.5;attack_ms=0.1;release_ms=50.0,DynSafe
C2_MAIN_OUT_03,2,OUTPUT_TDM,Main Out 3,1,C2_MAIN_OLIM_03,,1,1574,sport_id=1;slot_start=6;slot_count=1;sport_slots=8;signal=DAC_15;mo_page=1;mo_addr=2171,
C2_MAIN_OEQ_04,2,EQ_BIQUAD,Main Out 4 EQ,1,C2_MAIN_XOVER,C2_MAIN_OCOMP_04,1,1575,bands=4;coeffs=default,EqSafe
C2_MAIN_OCOMP_04,2,COMPRESSOR,Main Out 4 Comp,1,C2_MAIN_OEQ_04,C2_MAIN_OLIM_04,1,1599,threshold_db=-20.0;ratio=4.0;attack_ms=5.0;release_ms=100.0;knee_db=6.0;makeup_db=0.0;type=VCA,DynSafe
C2_MAIN_OLIM_04,2,LIMITER,Main Out 4 Lim,1,C2_MAIN_OCOMP_04,C2_MAIN_OUT_04,1,1615,threshold_db=-0.5;attack_ms=0.1;release_ms=50.0,DynSafe
C2_MAIN_OUT_04,2,OUTPUT_TDM,Main Out 4,1,C2_MAIN_OLIM_04,,1,1619,sport_id=1;slot_start=7;slot_count=1;sport_slots=8;signal=DAC_16;mo_page=1;mo_addr=2173,
C2_MON,2,MONITOR,Monitor,2,C2_MAIN_FDR,C2_MON_DLY,1,1788,level_l_db=0.0;level_r_db=0.0;source=main,GainFast
C2_MON_DLY,2,DELAY,Monitor Delay,2,C2_MON,C2_MON_OUT,1,1794,delay_ms=0.0;max_ms=250.0,InstantCtl
C2_MON_OUT,2,OUTPUT_TDM,Monitor Out,2,C2_MON_DLY,,1,1796,sport_id=2;slot_start=0;slot_count=2;sport_slots=8;signal=CODEC_OUT_1;scope=D24,
C2_USB_IN,2,AUX_INPUT,USB Input,2,,C2_MIX_MAIN_L;C2_MIX_MAIN_R,1,1797,level_db=-6.0;on=0,GainFast
C2_BT_IN,2,AUX_INPUT,BT Input,2,,C2_MIX_MAIN_L;C2_MIX_MAIN_R,1,1799,level_db=-6.0;on=0,GainFast
C2_DCA_01,2,DCA,DCA 1,1,,,1,1801,level_db=0.0;mute=0,GainFast
C2_DCA_02,2,DCA,DCA 2,1,,,1,1803,level_db=0.0;mute=0,GainFast
C2_DCA_03,2,DCA,DCA 3,1,,,1,1805,level_db=0.0;mute=0,GainFast
C2_DCA_04,2,DCA,DCA 4,1,,,1,1807,level_db=0.0;mute=0,GainFast
C2_DCA_05,2,DCA,DCA 5,1,,,1,1809,level_db=0.0;mute=0,GainFast
C2_DCA_06,2,DCA,DCA 6,1,,,1,1811,level_db=0.0;mute=0,GainFast
C2_DCA_07,2,DCA,DCA 7,1,,,1,1813,level_db=0.0;mute=0,GainFast
C2_DCA_08,2,DCA,DCA 8,1,,,1,1815,level_db=0.0;mute=0,GainFast
C2_MTR_AUX_01,2,METER,Aux 1 Meter,1,C2_AUX_OUT_01,,1,1817,taps=peak,
C2_MTR_AUX_02,2,METER,Aux 2 Meter,1,C2_AUX_OUT_02,,1,1818,taps=peak,
C2_MTR_AUX_03,2,METER,Aux 3 Meter,1,C2_AUX_OUT_03,,1,1819,taps=peak,
C2_MTR_AUX_04,2,METER,Aux 4 Meter,1,C2_AUX_OUT_04,,1,1820,taps=peak,
C2_MTR_AUX_05,2,METER,Aux 5 Meter,1,C2_AUX_OUT_05,,1,1821,taps=peak,
C2_MTR_AUX_06,2,METER,Aux 6 Meter,1,C2_AUX_OUT_06,,1,1822,taps=peak,
C2_MTR_AUX_07,2,METER,Aux 7 Meter,1,C2_AUX_OUT_07,,1,1823,taps=peak,
C2_MTR_AUX_08,2,METER,Aux 8 Meter,1,C2_AUX_OUT_08,,1,1824,taps=peak,
C2_MTR_AUX_09,2,METER,Aux 9 Meter,1,C2_AUX_OUT_09,,1,1825,taps=peak,
C2_MTR_AUX_10,2,METER,Aux 10 Meter,1,C2_AUX_OUT_10,,1,1826,taps=peak,
C2_MTR_AUX_11,2,METER,Aux 11 Meter,1,C2_AUX_OUT_11,,1,1827,taps=peak,
C2_MTR_AUX_12,2,METER,Aux 12 Meter,1,C2_AUX_OUT_12,,1,1828,taps=peak,
C2_MTR_MAIN_01,2,METER,Main 1 Meter,1,C2_MAIN_OUT_01,,1,1829,taps=peak;rms,
C2_MTR_MAIN_02,2,METER,Main 2 Meter,1,C2_MAIN_OUT_02,,1,1831,taps=peak;rms,
C2_MTR_MAIN_03,2,METER,Main 3 Meter,1,C2_MAIN_OUT_03,,1,1833,taps=peak;rms,
C2_MTR_MAIN_04,2,METER,Main 4 Meter,1,C2_MAIN_OUT_04,,1,1835,taps=peak;rms,
C2_MTR_GRP_01,2,METER,Grp 1 Meter,1,C2_GRP_COMP_01,,1,1837,taps=peak,
C2_MTR_GRP_02,2,METER,Grp 2 Meter,1,C2_GRP_COMP_02,,1,1838,taps=peak,
C2_MTR_GRP_03,2,METER,Grp 3 Meter,1,C2_GRP_COMP_03,,1,1839,taps=peak,
C2_MTR_GRP_04,2,METER,Grp 4 Meter,1,C2_GRP_COMP_04,,1,1840,taps=peak,
C2_MTR_SUB,2,METER,Sub Meter,1,C2_SUB_OUT,,1,1841,taps=peak,
C2_MTR_FX_01,2,METER,FX 1 Meter,1,C2_FX_FDR_01,,1,1842,taps=peak,
C2_MTR_FX_02,2,METER,FX 2 Meter,1,C2_FX_FDR_02,,1,1843,taps=peak,
C2_MTR_FX_03,2,METER,FX 3 Meter,1,C2_FX_FDR_03,,1,1844,taps=peak,
C2_MTR_FX_04,2,METER,FX 4 Meter,1,C2_FX_FDR_04,,1,1845,taps=peak,
C2_MTR_FX_05,2,METER,FX 5 Meter,1,C2_FX_FDR_05,,1,1846,taps=peak,
C2_MTR_FX_06,2,METER,FX 6 Meter,1,C2_FX_FDR_06,,1,1847,taps=peak,
C2_MAIN_ST_OUT,2,OUTPUT_TDM,Main Stereo Out (DAC MAIN),2,C2_MAIN_DLY,,1,1877,sport_id=3;slot_start=0;slot_count=2;sport_slots=8;signal=DAC_MAIN_L,
C2_CODEC_AUX_OUT,2,OUTPUT_TDM,Codec Aux Out,2,C2_MAIN_DLY,,1,1878,sport_id=2;slot_start=2;slot_count=2;sport_slots=8;signal=CODEC_OUT_3;scope=D24,
C2_RECV_MTX_01,2,INTERCHIP_RECV,Matrix 1 Recv,1,,C2_MTX_FDR_01,-1,-1,sport_id=2;slot=5;global_slot=37;sport_slots=16;signal=BUS_MTX_01,
C2_MTX_FDR_01,2,FADER_PAN,Matrix 1 Master,1,C2_RECV_MTX_01,C2_MTX_OUT_01,1,2003,level_db=0.0;mute=0,GainFast
C2_MTX_OUT_01,2,OUTPUT_TDM,Matrix 1 Out,1,C2_MTX_FDR_01,,1,2007,sport_id=4;slot_start=1;slot_count=1;sport_slots=8;signal=NET_OUT_02,
C2_RECV_MTX_02,2,INTERCHIP_RECV,Matrix 2 Recv,1,,C2_MTX_FDR_02,-1,-1,sport_id=2;slot=6;global_slot=38;sport_slots=16;signal=BUS_MTX_02,
C2_MTX_FDR_02,2,FADER_PAN,Matrix 2 Master,1,C2_RECV_MTX_02,C2_MTX_OUT_02,1,2008,level_db=0.0;mute=0,GainFast
C2_MTX_OUT_02,2,OUTPUT_TDM,Matrix 2 Out,1,C2_MTX_FDR_02,,1,2012,sport_id=4;slot_start=2;slot_count=1;sport_slots=8;signal=NET_OUT_03,
C2_RECV_MTX_03,2,INTERCHIP_RECV,Matrix 3 Recv,1,,C2_MTX_FDR_03,-1,-1,sport_id=2;slot=7;global_slot=39;sport_slots=16;signal=BUS_MTX_03,
C2_MTX_FDR_03,2,FADER_PAN,Matrix 3 Master,1,C2_RECV_MTX_03,C2_MTX_OUT_03,1,2013,level_db=0.0;mute=0,GainFast
C2_MTX_OUT_03,2,OUTPUT_TDM,Matrix 3 Out,1,C2_MTX_FDR_03,,1,2017,sport_id=4;slot_start=3;slot_count=1;sport_slots=8;signal=NET_OUT_04,
C2_RECV_MTX_04,2,INTERCHIP_RECV,Matrix 4 Recv,1,,C2_MTX_FDR_04,-1,-1,sport_id=2;slot=8;global_slot=40;sport_slots=16;signal=BUS_MTX_04,
C2_MTX_FDR_04,2,FADER_PAN,Matrix 4 Master,1,C2_RECV_MTX_04,C2_MTX_OUT_04,1,2018,level_db=0.0;mute=0,GainFast
C2_MTX_OUT_04,2,OUTPUT_TDM,Matrix 4 Out,1,C2_MTX_FDR_04,,1,2022,sport_id=4;slot_start=4;slot_count=1;sport_slots=8;signal=NET_OUT_05,
