_Cell,Seq,Chan,Fun,Hxf,Save2Mix,Notes,MxAdd,Shex,MxDatS,MxDat,sAdd,sCon,dAdd,dCon,Function,FunX,ShFunction,ShFunX,Table,ShTable,SigmaKey,Sigma,DspI2c,DspSpi,DspPage,DspAdd,DspAddHex,Checked,DefStr,Type
Aux001Mtr001,1,1,1,,false,Aux output level meter,1,i,80,,,,,,,,Chan_Mtr,,,,,,,,,,,,,,,
Aux002Mtr001,1,2,1,,false,Aux output level meter,2,j,80,,,,,,,,Chan_Mtr,,,,,,,,,,,,,,,
Aux003Mtr001,1,3,1,,false,Aux output level meter,3,k,80,,,,,,,,Chan_Mtr,,,,,,,,,,,,,,,
Aux004Mtr001,1,4,1,,false,Aux output level meter,4,l,80,,,,,,,,Chan_Mtr,,,,,,,,,,,,,,,
Chan001Mtr001,1,1,1,,false,Channel input level meter (pre/post),5,m,80,,,,,,,,Chan_Mtr,,,,,,,,,,,,,,,
Chan001Mtr002,1,1,2,,false,Channel input level meter (pre/post),6,n,80,,,,,,,,Chan_Mtr,,,,,,,,,,,,,,,
Chan002Mtr001,1,2,1,,false,Channel input level meter (pre/post),7,o,80,,,,,,,,Chan_Mtr,,,,,,,,,,,,,,,
Chan002Mtr002,1,2,2,,false,Channel input level meter (pre/post),8,p,80,,,,,,,,Chan_Mtr,,,,,,,,,,,,,,,
Chan003Mtr001,1,3,1,,false,Channel input level meter (pre/post),9,q,80,,,,,,,,Chan_Mtr,,,,,,,,,,,,,,,
Chan003Mtr002,1,3,2,,false,Channel input level meter (pre/post),10,r,80,,,,,,,,Chan_Mtr,,,,,,,,,,,,,,,
Chan004Mtr001,1,4,1,,false,Channel input level meter (pre/post),11,s,80,,,,,,,,Chan_Mtr,,,,,,,,,,,,,,,
Chan004Mtr002,1,4,2,,false,Channel input level meter (pre/post),12,t,80,,,,,,,,Chan_Mtr,,,,,,,,,,,,,,,
Chan005Mtr001,1,5,1,,false,Channel input level meter (pre/post),13,u,80,,,,,,,,Chan_Mtr,,,,,,,,,,,,,,,
Chan005Mtr002,1,5,2,,false,Channel input level meter (pre/post),14,v,80,,,,,,,,Chan_Mtr,,,,,,,,,,,,,,,
Chan006Mtr001,1,6,1,,false,Channel input level meter (pre/post),15,w,80,,,,,,,,Chan_Mtr,,,,,,,,,,,,,,,
Chan006Mtr002,1,6,2,,false,Channel input level meter (pre/post),16,ih,80,,,,,,,,Chan_Mtr,,,,,,,,,,,,,,,
Chan007Mtr001,1,7,1,,false,Channel input level meter (pre/post),17,ii,80,,,,,,,,Chan_Mtr,,,,,,,,,,,,,,,
Chan007Mtr002,1,7,2,,false,Channel input level meter (pre/post),18,ij,80,,,,,,,,Chan_Mtr,,,,,,,,,,,,,,,
Chan008Mtr001,1,8,1,,false,Channel input level meter (pre/post),19,ik,80,,,,,,,,Chan_Mtr,,,,,,,,,,,,,,,
Chan008Mtr002,1,8,2,,false,Channel input level meter (pre/post),20,il,80,,,,,,,,Chan_Mtr,,,,,,,,,,,,,,,
Chan009Mtr001,1,9,1,,false,Channel input level meter (pre/post),21,im,80,,,,,,,,Chan_Mtr,,,,,,,,,,,,,,,
Chan009Mtr002,1,9,2,,false,Channel input level meter (pre/post),22,in,80,,,,,,,,Chan_Mtr,,,,,,,,,,,,,,,
Chan010Mtr001,1,10,1,,false,Channel input level meter (pre/post),23,io,80,,,,,,,,Chan_Mtr,,,,,,,,,,,,,,,
Chan010Mtr002,1,10,2,,false,Channel input level meter (pre/post),24,ip,80,,,,,,,,Chan_Mtr,,,,,,,,,,,,,,,
Chan011Mtr001,1,11,1,,false,Channel input level meter (pre/post),25,iq,80,,,,,,,,Chan_Mtr,,,,,,,,,,,,,,,
Chan011Mtr002,1,11,2,,false,Channel input level meter (pre/post),26,ir,80,,,,,,,,Chan_Mtr,,,,,,,,,,,,,,,
Chan012Mtr001,1,12,1,,false,Channel input level meter (pre/post),27,is,80,,,,,,,,Chan_Mtr,,,,,,,,,,,,,,,
Chan012Mtr002,1,12,2,,false,Channel input level meter (pre/post),28,it,80,,,,,,,,Chan_Mtr,,,,,,,,,,,,,,,
Chan001CompMtr001,1,1,1,,false,Channel compressor gain-reduction meter (comp-only),29,iu,80,,,,,,,,Chan_Mtr,,,,,,,,,,,,,,,
Chan002CompMtr001,1,2,1,,false,Channel compressor gain-reduction meter (comp-only),30,iv,80,,,,,,,,Chan_Mtr,,,,,,,,,,,,,,,
Chan003CompMtr001,1,3,1,,false,Channel compressor gain-reduction meter (comp-only),31,iw,80,,,,,,,,Chan_Mtr,,,,,,,,,,,,,,,
Chan004CompMtr001,1,4,1,,false,Channel compressor gain-reduction meter (comp-only),32,jh,80,,,,,,,,Chan_Mtr,,,,,,,,,,,,,,,
Chan005CompMtr001,1,5,1,,false,Channel compressor gain-reduction meter (comp-only),33,ji,80,,,,,,,,Chan_Mtr,,,,,,,,,,,,,,,
Chan006CompMtr001,1,6,1,,false,Channel compressor gain-reduction meter (comp-only),34,jj,80,,,,,,,,Chan_Mtr,,,,,,,,,,,,,,,
Chan007CompMtr001,1,7,1,,false,Channel compressor gain-reduction meter (comp-only),35,jk,80,,,,,,,,Chan_Mtr,,,,,,,,,,,,,,,
Chan008CompMtr001,1,8,1,,false,Channel compressor gain-reduction meter (comp-only),36,jl,80,,,,,,,,Chan_Mtr,,,,,,,,,,,,,,,
Chan009CompMtr001,1,9,1,,false,Channel compressor gain-reduction meter (comp-only),37,jm,80,,,,,,,,Chan_Mtr,,,,,,,,,,,,,,,
Chan010CompMtr001,1,10,1,,false,Channel compressor gain-reduction meter (comp-only),38,jn,80,,,,,,,,Chan_Mtr,,,,,,,,,,,,,,,
Chan011CompMtr001,1,11,1,,false,Channel compressor gain-reduction meter (comp-only),39,jo,80,,,,,,,,Chan_Mtr,,,,,,,,,,,,,,,
Chan012CompMtr001,1,12,1,,false,Channel compressor gain-reduction meter (comp-only),40,jp,80,,,,,,,,Chan_Mtr,,,,,,,,,,,,,,,
Chan001GateMtr001,1,1,1,,false,Channel gate gain-reduction meter (gate-only),41,jq,80,,,,,,,,Chan_Mtr,,,,,,,,,,,,,,,
Chan002GateMtr001,1,2,1,,false,Channel gate gain-reduction meter (gate-only),42,jr,80,,,,,,,,Chan_Mtr,,,,,,,,,,,,,,,
Chan003GateMtr001,1,3,1,,false,Channel gate gain-reduction meter (gate-only),43,js,80,,,,,,,,Chan_Mtr,,,,,,,,,,,,,,,
Chan004GateMtr001,1,4,1,,false,Channel gate gain-reduction meter (gate-only),44,jt,80,,,,,,,,Chan_Mtr,,,,,,,,,,,,,,,
Chan005GateMtr001,1,5,1,,false,Channel gate gain-reduction meter (gate-only),45,ju,80,,,,,,,,Chan_Mtr,,,,,,,,,,,,,,,
Chan006GateMtr001,1,6,1,,false,Channel gate gain-reduction meter (gate-only),46,jv,80,,,,,,,,Chan_Mtr,,,,,,,,,,,,,,,
Chan007GateMtr001,1,7,1,,false,Channel gate gain-reduction meter (gate-only),47,jw,80,,,,,,,,Chan_Mtr,,,,,,,,,,,,,,,
Chan008GateMtr001,1,8,1,,false,Channel gate gain-reduction meter (gate-only),48,kh,80,,,,,,,,Chan_Mtr,,,,,,,,,,,,,,,
Chan009GateMtr001,1,9,1,,false,Channel gate gain-reduction meter (gate-only),49,ki,80,,,,,,,,Chan_Mtr,,,,,,,,,,,,,,,
Chan010GateMtr001,1,10,1,,false,Channel gate gain-reduction meter (gate-only),50,kj,80,,,,,,,,Chan_Mtr,,,,,,,,,,,,,,,
Chan011GateMtr001,1,11,1,,false,Channel gate gain-reduction meter (gate-only),51,kk,80,,,,,,,,Chan_Mtr,,,,,,,,,,,,,,,
Chan012GateMtr001,1,12,1,,false,Channel gate gain-reduction meter (gate-only),52,kl,80,,,,,,,,Chan_Mtr,,,,,,,,,,,,,,,
Fx001Mtr001,1,1,1,,false,FX return level meter,53,km,80,,,,,,,,Chan_Mtr,,,,,,,,,,,,,,,
Fx002Mtr001,1,2,1,,false,FX return level meter,54,kn,80,,,,,,,,Chan_Mtr,,,,,,,,,,,,,,,
Fx003Mtr001,1,3,1,,false,FX return level meter,55,ko,80,,,,,,,,Chan_Mtr,,,,,,,,,,,,,,,
Fx004Mtr001,1,4,1,,false,FX return level meter,56,kp,80,,,,,,,,Chan_Mtr,,,,,,,,,,,,,,,
Grp001Mtr001,1,1,1,,false,Group level meter,57,kq,80,,,,,,,,Chan_Mtr,,,,,,,,,,,,,,,
Grp002Mtr001,1,2,1,,false,Group level meter,58,kr,80,,,,,,,,Chan_Mtr,,,,,,,,,,,,,,,
MainL001CompAtt001,1,1,1,,,Main L output compressor attack,59,ks,255,,,,,,,,MainComp,,0=0/254=250/[Log],,,,,,,,,,
MainL001CompKnee001,1,1,1,,,Main L output compressor soft/hard knee,60,kt,2,,,,,,,,MainComp,,,,,,,,,,,,
MainL001CompMake001,1,1,1,,,Main L output compressor makeup gain,61,ku,33,,,,,,,,MainComp,,,,,,,,,,,,
MainL001CompOn001,1,1,1,,,Main L output compressor on/off,62,kv,2,,,,,,,,MainComp,,,,,,,,,,,,
MainL001CompPar001,1,1,1,,,Main L output parallel compression blend,63,kw,33,,,,,,,,MainComp,,,,,,,,,,,,
MainL001CompRat001,1,1,1,,,Main L output compressor ratio,64,lh,128,,,,,,,,MainComp,,0=1/127=30/[Log],,,,,,,,,,
MainL001CompRel001,1,1,1,,,Main L output compressor release,65,li,255,,,,,,,,MainComp,,0=5/254=5000/[Log],,,,,,,,,,
MainL001CompDetSrc001,1,1,1,,,Main L output compressor self-key tap source (PreEQ/PostEQ),66,lj,2,,,,,,,,MainComp,,,,,,,,,,,,
MainL001CompEqPos001,1,1,1,,,Main L output compressor EQ position (Pre/Post),67,lk,2,,,,,,,,MainComp,,,,,,,,,,,,
MainL001CompFilterHpf001,1,1,1,,,Main L output compressor sidechain HPF frequency,68,ll,65,32,,,,,,,MainComp,,0=20/64=1000/[Log],,,,,,,,,,
MainL001CompFilterLpf001,1,1,1,,,Main L output compressor sidechain LPF frequency,69,lm,255,127,,,,,,,MainComp,,0=500/127=20000/[Log],,,,,,,,,,
MainL001CompFilterOn001,1,1,1,,,Main L output compressor sidechain filter on/off,70,ln,2,,,,,,,,MainComp,,,,,,,,,,,,
MainL001CompFilterQ001,1,1,1,,,Main L output compressor sidechain filter Q,71,lo,15,7,,,,,,,MainComp,,0=0.1/14=10/[Log],,,,,,,,,,
MainL001CompKey001,1,1,1,,,Main L output compressor sidechain key source,72,lp,33,,,,,,,,MainComp,,,,,,,,,,,,
MainL001CompLimMode001,1,1,1,,,Main L output compressor/limiter mode toggle,73,lq,2,,,,,,,,MainComp,,,,,,,,,,,,
MainL001CompThr001,1,1,1,,,Main L output compressor threshold,74,lr,141,,,,,,,,MainComp,,0=-60/140=10/[Lin],,,,,,,,,,
MainL001CompType001,1,1,1,,,Main L output compressor type (Tube/FET/VCA/Optical),75,ls,4,,,,,,,,MainComp,,,,,,,,,,,,
MainL001CrossoverFreq001,1,1,1,,,Electronic crossover frequency,76,lt,255,,,,,,,,MainCrossover,,,,,,,,,,,,
MainL001CrossoverSlope001,1,1,1,,,Crossover slope (HPF 36/48 dB/oct),77,lu,4,,,,,,,,MainCrossover,,,,,,,,,,,,
MainL001EqFreq001,1,1,1,,,Main L output 4-band parametric EQ frequency,78,lv,255,127,,,,,,,MainEq,,0=20/254=200/[Log],,,,,,,,,,
MainL001EqFreq002,1,1,2,,,Main L output 4-band parametric EQ frequency,79,lw,255,127,,,,,,,MainEq,,0=100/254=1000/[Log],,,,,,,,,,
MainL001EqFreq003,1,1,3,,,Main L output 4-band parametric EQ frequency,80,mh,255,127,,,,,,,MainEq,,0=800/254=5000/[Log],,,,,,,,,,
MainL001EqFreq004,1,1,4,,,Main L output 4-band parametric EQ frequency,81,mi,255,127,,,,,,,MainEq,,0=3000/254=20000/[Log],,,,,,,,,,
MainL001EqGain001,1,1,1,,,Main L output 4-band parametric EQ gain ±15dB,82,mj,121,60,,,,,,,MainEq,,0=-15/120=15/[Lin],,,,,,,,,,
MainL001EqGain002,1,1,2,,,Main L output 4-band parametric EQ gain ±15dB,83,mk,121,60,,,,,,,MainEq,,0=-15/120=15/[Lin],,,,,,,,,,
MainL001EqGain003,1,1,3,,,Main L output 4-band parametric EQ gain ±15dB,84,ml,121,60,,,,,,,MainEq,,0=-15/120=15/[Lin],,,,,,,,,,
MainL001EqGain004,1,1,4,,,Main L output 4-band parametric EQ gain ±15dB,85,mm,121,60,,,,,,,MainEq,,0=-15/120=15/[Lin],,,,,,,,,,
MainL001EqHpf001,1,1,1,,,Main L output high-pass filter frequency,86,mn,65,32,,,,,,,MainEq,,0=20/64=1000/[Log],,,,,,,,,,
MainL001EqHpf002,1,1,2,,,Main L output high-pass filter frequency,87,mo,65,32,,,,,,,MainEq,,0=20/64=1000/[Log],,,,,,,,,,
MainL001EqHpf003,1,1,3,,,Main L output high-pass filter frequency,88,mp,65,32,,,,,,,MainEq,,0=20/64=1000/[Log],,,,,,,,,,
MainL001EqHpf004,1,1,4,,,Main L output high-pass filter frequency,89,mq,65,32,,,,,,,MainEq,,0=20/64=1000/[Log],,,,,,,,,,
MainL001EqOn001,1,1,1,,,Main L output EQ on/off,90,mr,2,,,,,,,,MainEq,,,,,,,,,,,,
MainL001EqQ001,1,1,1,,,Main L output 4-band parametric EQ Q/bandwidth,91,ms,121,60,,,,,,,MainEq,,0=0.1/120=10/[Log],,,,,,,,,,
MainL001EqQ002,1,1,2,,,Main L output 4-band parametric EQ Q/bandwidth,92,mt,121,60,,,,,,,MainEq,,0=0.1/120=10/[Log],,,,,,,,,,
MainL001EqQ003,1,1,3,,,Main L output 4-band parametric EQ Q/bandwidth,93,mu,121,60,,,,,,,MainEq,,0=0.1/120=10/[Log],,,,,,,,,,
MainL001EqQ004,1,1,4,,,Main L output 4-band parametric EQ Q/bandwidth,94,mv,121,60,,,,,,,MainEq,,0=0.1/120=10/[Log],,,,,,,,,,
MainL001EqShelf001,1,1,1,,,Main L output EQ bands 1/4 shelf mode on/off,95,mw,2,,,,,,,,MainEq,,,,,,,,,,,,
MainL001EqShelf002,1,1,2,,,Main L output EQ bands 1/4 shelf mode on/off,96,nh,2,,,,,,,,MainEq,,,,,,,,,,,,
MainL001LimiterAtt001,1,1,1,,,Main L output limiter attack,97,ni,33,,,,,,,,MainLimiter,,0=0.1/127=100/[Log],,,,,,,,,,
MainL001LimiterOn001,1,1,1,,,Main L output limiter on/off,98,nj,2,,,,,,,,MainLimiter,,,,,,,,,,,,
MainL001LimiterRel001,1,1,1,,,Main L output limiter release,99,nk,33,,,,,,,,MainLimiter,,0=5/127=2000/[Log],,,,,,,,,,
MainL001LimiterRng001,1,1,1,,,Main L output limiter range/depth,100,nl,33,,,,,,,,MainLimiter,,0=0/127=60/[Lin],,,,,,,,,,
MainL001LimiterThr001,1,1,1,,,Main L output limiter threshold,101,nm,33,,,,,,,,MainLimiter,,0=-30/127=0/[Lin],,,,,,,,,,
MainL001PeqGain001,1,1,1,,,Main L output 28-band graphic EQ gain,102,nn,65,32,,,,,,,,,0=-12/127=12/[Lin],,,,,,,,,,
MainL001PeqGain002,1,1,2,,,Main L output 28-band graphic EQ gain,103,no,65,32,,,,,,,,,0=-12/127=12/[Lin],,,,,,,,,,
MainL001PeqGain003,1,1,3,,,Main L output 28-band graphic EQ gain,104,np,65,32,,,,,,,,,0=-12/127=12/[Lin],,,,,,,,,,
MainL001PeqGain004,1,1,4,,,Main L output 28-band graphic EQ gain,105,nq,65,32,,,,,,,,,0=-12/127=12/[Lin],,,,,,,,,,
MainL001PeqGain005,1,1,5,,,Main L output 28-band graphic EQ gain,106,nr,65,32,,,,,,,,,0=-12/127=12/[Lin],,,,,,,,,,
MainL001PeqGain006,1,1,6,,,Main L output 28-band graphic EQ gain,107,ns,65,32,,,,,,,,,0=-12/127=12/[Lin],,,,,,,,,,
MainL001PeqGain007,1,1,7,,,Main L output 28-band graphic EQ gain,108,nt,65,32,,,,,,,,,0=-12/127=12/[Lin],,,,,,,,,,
MainL001PeqGain008,1,1,8,,,Main L output 28-band graphic EQ gain,109,nu,65,32,,,,,,,,,0=-12/127=12/[Lin],,,,,,,,,,
MainL001PeqGain009,1,1,9,,,Main L output 28-band graphic EQ gain,110,nv,65,32,,,,,,,,,0=-12/127=12/[Lin],,,,,,,,,,
MainL001PeqGain010,1,1,10,,,Main L output 28-band graphic EQ gain,111,nw,65,32,,,,,,,,,0=-12/127=12/[Lin],,,,,,,,,,
MainL001PeqGain011,1,1,11,,,Main L output 28-band graphic EQ gain,112,oh,65,32,,,,,,,,,0=-12/127=12/[Lin],,,,,,,,,,
MainL001PeqGain012,1,1,12,,,Main L output 28-band graphic EQ gain,113,oi,65,32,,,,,,,,,0=-12/127=12/[Lin],,,,,,,,,,
MainL001Dca001,1,1,1,,,Main L output DCA assignment (1-8 or off),114,oj,9,,,,,,,,,,,,,,,,,,,,
MainL001DcaOn001,1,1,1,,,DCA follow on/off (assignment kept while off),115,ok,2,,,,,,,,,,,,,,,,,,,,
MainL001Level001,1,1,1,,,Main L output master level,116,ol,255,,,,,,,,,,dB:Off:-50@31:-30@63:-10@127:10,,,,,,,,,,
MainL001Mute001,1,1,1,,,Main L output mute on/off,117,om,2,,,,,,,,,,,,,,,,,,,,
MainL001Delay001,1,1,1,,,Main L output delay up to 250ms,118,on,255,,,,,,,,,,,,,,,,,,,,
MainL001Mtr001,1,1,1,,false,Main L output level meter,119,oo,80,,,,,,,,,,,,,,,,,,,,,
MainL001Name001,1,1,1,,,Main L output name,120,op,255,,,,,,,,,,,,,,,,,,,,,
MainR001CompAtt001,1,1,1,,,Main R output compressor attack,121,oq,255,,,,,,,,MainComp,,0=0/254=250/[Log],,,,,,,,,,
MainR001CompKnee001,1,1,1,,,Main R output compressor soft/hard knee,122,or,2,,,,,,,,MainComp,,,,,,,,,,,,
MainR001CompMake001,1,1,1,,,Main R output compressor makeup gain,123,os,33,,,,,,,,MainComp,,,,,,,,,,,,
MainR001CompOn001,1,1,1,,,Main R output compressor on/off,124,ot,2,,,,,,,,MainComp,,,,,,,,,,,,
MainR001CompPar001,1,1,1,,,Main R output parallel compression blend,125,ou,33,,,,,,,,MainComp,,,,,,,,,,,,
MainR001CompRat001,1,1,1,,,Main R output compressor ratio,126,ov,128,,,,,,,,MainComp,,0=1/127=30/[Log],,,,,,,,,,
MainR001CompRel001,1,1,1,,,Main R output compressor release,127,ow,255,,,,,,,,MainComp,,0=5/254=5000/[Log],,,,,,,,,,
MainR001CompDetSrc001,1,1,1,,,Main R output compressor self-key tap source (PreEQ/PostEQ),128,ph,2,,,,,,,,MainComp,,,,,,,,,,,,
MainR001CompEqPos001,1,1,1,,,Main R output compressor EQ position (Pre/Post),129,pi,2,,,,,,,,MainComp,,,,,,,,,,,,
MainR001CompFilterHpf001,1,1,1,,,Main R output compressor sidechain HPF frequency,130,pj,65,32,,,,,,,MainComp,,0=20/64=1000/[Log],,,,,,,,,,
MainR001CompFilterLpf001,1,1,1,,,Main R output compressor sidechain LPF frequency,131,pk,255,127,,,,,,,MainComp,,0=500/127=20000/[Log],,,,,,,,,,
MainR001CompFilterOn001,1,1,1,,,Main R output compressor sidechain filter on/off,132,pl,2,,,,,,,,MainComp,,,,,,,,,,,,
MainR001CompFilterQ001,1,1,1,,,Main R output compressor sidechain filter Q,133,pm,15,7,,,,,,,MainComp,,0=0.1/14=10/[Log],,,,,,,,,,
MainR001CompKey001,1,1,1,,,Main R output compressor sidechain key source,134,pn,33,,,,,,,,MainComp,,,,,,,,,,,,
MainR001CompLimMode001,1,1,1,,,Main R output compressor/limiter mode toggle,135,po,2,,,,,,,,MainComp,,,,,,,,,,,,
MainR001CompThr001,1,1,1,,,Main R output compressor threshold,136,pp,141,,,,,,,,MainComp,,0=-60/140=10/[Lin],,,,,,,,,,
MainR001CompType001,1,1,1,,,Main R output compressor type (Tube/FET/VCA/Optical),137,pq,4,,,,,,,,MainComp,,,,,,,,,,,,
MainR001CrossoverFreq001,1,1,1,,,Electronic crossover frequency,138,pr,255,,,,,,,,MainCrossover,,,,,,,,,,,,
MainR001CrossoverSlope001,1,1,1,,,Crossover slope (HPF 36/48 dB/oct),139,ps,4,,,,,,,,MainCrossover,,,,,,,,,,,,
MainR001EqFreq001,1,1,1,,,Main R output 4-band parametric EQ frequency,140,pt,255,127,,,,,,,MainEq,,0=20/254=200/[Log],,,,,,,,,,
MainR001EqFreq002,1,1,2,,,Main R output 4-band parametric EQ frequency,141,pu,255,127,,,,,,,MainEq,,0=100/254=1000/[Log],,,,,,,,,,
MainR001EqFreq003,1,1,3,,,Main R output 4-band parametric EQ frequency,142,pv,255,127,,,,,,,MainEq,,0=800/254=5000/[Log],,,,,,,,,,
MainR001EqFreq004,1,1,4,,,Main R output 4-band parametric EQ frequency,143,pw,255,127,,,,,,,MainEq,,0=3000/254=20000/[Log],,,,,,,,,,
MainR001EqGain001,1,1,1,,,Main R output 4-band parametric EQ gain ±15dB,144,qh,121,60,,,,,,,MainEq,,0=-15/120=15/[Lin],,,,,,,,,,
MainR001EqGain002,1,1,2,,,Main R output 4-band parametric EQ gain ±15dB,145,qi,121,60,,,,,,,MainEq,,0=-15/120=15/[Lin],,,,,,,,,,
MainR001EqGain003,1,1,3,,,Main R output 4-band parametric EQ gain ±15dB,146,qj,121,60,,,,,,,MainEq,,0=-15/120=15/[Lin],,,,,,,,,,
MainR001EqGain004,1,1,4,,,Main R output 4-band parametric EQ gain ±15dB,147,qk,121,60,,,,,,,MainEq,,0=-15/120=15/[Lin],,,,,,,,,,
MainR001EqHpf001,1,1,1,,,Main R output high-pass filter frequency,148,ql,65,32,,,,,,,MainEq,,0=20/64=1000/[Log],,,,,,,,,,
MainR001EqHpf002,1,1,2,,,Main R output high-pass filter frequency,149,qm,65,32,,,,,,,MainEq,,0=20/64=1000/[Log],,,,,,,,,,
MainR001EqHpf003,1,1,3,,,Main R output high-pass filter frequency,150,qn,65,32,,,,,,,MainEq,,0=20/64=1000/[Log],,,,,,,,,,
MainR001EqHpf004,1,1,4,,,Main R output high-pass filter frequency,151,qo,65,32,,,,,,,MainEq,,0=20/64=1000/[Log],,,,,,,,,,
MainR001EqOn001,1,1,1,,,Main R output EQ on/off,152,qp,2,,,,,,,,MainEq,,,,,,,,,,,,
MainR001EqQ001,1,1,1,,,Main R output 4-band parametric EQ Q/bandwidth,153,qq,121,60,,,,,,,MainEq,,0=0.1/120=10/[Log],,,,,,,,,,
MainR001EqQ002,1,1,2,,,Main R output 4-band parametric EQ Q/bandwidth,154,qr,121,60,,,,,,,MainEq,,0=0.1/120=10/[Log],,,,,,,,,,
MainR001EqQ003,1,1,3,,,Main R output 4-band parametric EQ Q/bandwidth,155,qs,121,60,,,,,,,MainEq,,0=0.1/120=10/[Log],,,,,,,,,,
MainR001EqQ004,1,1,4,,,Main R output 4-band parametric EQ Q/bandwidth,156,qt,121,60,,,,,,,MainEq,,0=0.1/120=10/[Log],,,,,,,,,,
MainR001EqShelf001,1,1,1,,,Main R output EQ bands 1/4 shelf mode on/off,157,qu,2,,,,,,,,MainEq,,,,,,,,,,,,
MainR001EqShelf002,1,1,2,,,Main R output EQ bands 1/4 shelf mode on/off,158,qv,2,,,,,,,,MainEq,,,,,,,,,,,,
MainR001LimiterAtt001,1,1,1,,,Main R output limiter attack,159,qw,33,,,,,,,,MainLimiter,,0=0.1/127=100/[Log],,,,,,,,,,
MainR001LimiterOn001,1,1,1,,,Main R output limiter on/off,160,rh,2,,,,,,,,MainLimiter,,,,,,,,,,,,
MainR001LimiterRel001,1,1,1,,,Main R output limiter release,161,ri,33,,,,,,,,MainLimiter,,0=5/127=2000/[Log],,,,,,,,,,
MainR001LimiterRng001,1,1,1,,,Main R output limiter range/depth,162,rj,33,,,,,,,,MainLimiter,,0=0/127=60/[Lin],,,,,,,,,,
MainR001LimiterThr001,1,1,1,,,Main R output limiter threshold,163,rk,33,,,,,,,,MainLimiter,,0=-30/127=0/[Lin],,,,,,,,,,
MainR001PeqGain001,1,1,1,,,Main R output 28-band graphic EQ gain,164,rl,65,32,,,,,,,,,0=-12/127=12/[Lin],,,,,,,,,,
MainR001PeqGain002,1,1,2,,,Main R output 28-band graphic EQ gain,165,rm,65,32,,,,,,,,,0=-12/127=12/[Lin],,,,,,,,,,
MainR001PeqGain003,1,1,3,,,Main R output 28-band graphic EQ gain,166,rn,65,32,,,,,,,,,0=-12/127=12/[Lin],,,,,,,,,,
MainR001PeqGain004,1,1,4,,,Main R output 28-band graphic EQ gain,167,ro,65,32,,,,,,,,,0=-12/127=12/[Lin],,,,,,,,,,
MainR001PeqGain005,1,1,5,,,Main R output 28-band graphic EQ gain,168,rp,65,32,,,,,,,,,0=-12/127=12/[Lin],,,,,,,,,,
MainR001PeqGain006,1,1,6,,,Main R output 28-band graphic EQ gain,169,rq,65,32,,,,,,,,,0=-12/127=12/[Lin],,,,,,,,,,
MainR001PeqGain007,1,1,7,,,Main R output 28-band graphic EQ gain,170,rr,65,32,,,,,,,,,0=-12/127=12/[Lin],,,,,,,,,,
MainR001PeqGain008,1,1,8,,,Main R output 28-band graphic EQ gain,171,rs,65,32,,,,,,,,,0=-12/127=12/[Lin],,,,,,,,,,
MainR001PeqGain009,1,1,9,,,Main R output 28-band graphic EQ gain,172,rt,65,32,,,,,,,,,0=-12/127=12/[Lin],,,,,,,,,,
MainR001PeqGain010,1,1,10,,,Main R output 28-band graphic EQ gain,173,ru,65,32,,,,,,,,,0=-12/127=12/[Lin],,,,,,,,,,
MainR001PeqGain011,1,1,11,,,Main R output 28-band graphic EQ gain,174,rv,65,32,,,,,,,,,0=-12/127=12/[Lin],,,,,,,,,,
MainR001PeqGain012,1,1,12,,,Main R output 28-band graphic EQ gain,175,rw,65,32,,,,,,,,,0=-12/127=12/[Lin],,,,,,,,,,
MainR001Dca001,1,1,1,,,Main R output DCA assignment (1-8 or off),176,sh,9,,,,,,,,,,,,,,,,,,,,
MainR001DcaOn001,1,1,1,,,DCA follow on/off (assignment kept while off),177,si,2,,,,,,,,,,,,,,,,,,,,
MainR001Level001,1,1,1,,,Main R output master level,178,sj,255,,,,,,,,,,dB:Off:-50@31:-30@63:-10@127:10,,,,,,,,,,
MainR001Mute001,1,1,1,,,Main R output mute on/off,179,sk,2,,,,,,,,,,,,,,,,,,,,
MainR001Delay001,1,1,1,,,Main R output delay up to 250ms,180,sl,255,,,,,,,,,,,,,,,,,,,,
MainR001Mtr001,1,1,1,,false,Main R output level meter,181,sm,80,,,,,,,,,,,,,,,,,,,,,
MainR001Name001,1,1,1,,,Main R output name,182,sn,255,,,,,,,,,,,,,,,,,,,,,
MainSub001Mtr001,1,1,1,,false,Subwoofer output level meter,183,so,80,,,,,,,,Chan_Mtr,,,,,,,,,,,,,,,
Aux001Delay001,1,1,1,,,Aux output delay up to 250ms,184,sp,255,,,,,,,,,,0=0/127=250/[Log],,,,,,,,,,
Aux002Delay001,1,2,1,,,Aux output delay up to 250ms,185,sq,255,,,,,,,,,,0=0/127=250/[Log],,,,,,,,,,
Aux003Delay001,1,3,1,,,Aux output delay up to 250ms,186,sr,255,,,,,,,,,,0=0/127=250/[Log],,,,,,,,,,
Aux004Delay001,1,4,1,,,Aux output delay up to 250ms,187,ss,255,,,,,,,,,,0=0/127=250/[Log],,,,,,,,,,
Aux001EqFreq001,1,1,1,,,Aux 4-band parametric EQ frequency,188,st,255,127,,,,,,,AuxEq,,0=20/254=200/[Log][0dp],,,,,,,,,,
Aux002EqFreq001,1,2,1,,,Aux 4-band parametric EQ frequency,189,su,255,127,,,,,,,AuxEq,,0=20/254=200/[Log][0dp],,,,,,,,,,
Aux003EqFreq001,1,3,1,,,Aux 4-band parametric EQ frequency,190,sv,255,127,,,,,,,AuxEq,,0=20/254=200/[Log][0dp],,,,,,,,,,
Aux004EqFreq001,1,4,1,,,Aux 4-band parametric EQ frequency,191,sw,255,127,,,,,,,AuxEq,,0=20/254=200/[Log][0dp],,,,,,,,,,
Aux001EqFreq002,1,1,2,,,Aux 4-band parametric EQ frequency,192,th,255,127,,,,,,,AuxEq,,0=100/254=1000/[Log][0dp],,,,,,,,,,
Aux002EqFreq002,1,2,2,,,Aux 4-band parametric EQ frequency,193,ti,255,127,,,,,,,AuxEq,,0=100/254=1000/[Log][0dp],,,,,,,,,,
Aux003EqFreq002,1,3,2,,,Aux 4-band parametric EQ frequency,194,tj,255,127,,,,,,,AuxEq,,0=100/254=1000/[Log][0dp],,,,,,,,,,
Aux004EqFreq002,1,4,2,,,Aux 4-band parametric EQ frequency,195,tk,255,127,,,,,,,AuxEq,,0=100/254=1000/[Log][0dp],,,,,,,,,,
Aux001EqFreq003,1,1,3,,,Aux 4-band parametric EQ frequency,196,tl,255,127,,,,,,,AuxEq,,0=800/254=5000/[Log][0dp],,,,,,,,,,
Aux002EqFreq003,1,2,3,,,Aux 4-band parametric EQ frequency,197,tm,255,127,,,,,,,AuxEq,,0=800/254=5000/[Log][0dp],,,,,,,,,,
Aux003EqFreq003,1,3,3,,,Aux 4-band parametric EQ frequency,198,tn,255,127,,,,,,,AuxEq,,0=800/254=5000/[Log][0dp],,,,,,,,,,
Aux004EqFreq003,1,4,3,,,Aux 4-band parametric EQ frequency,199,to,255,127,,,,,,,AuxEq,,0=800/254=5000/[Log][0dp],,,,,,,,,,
Aux001EqFreq004,1,1,4,,,Aux 4-band parametric EQ frequency,200,tp,255,127,,,,,,,AuxEq,,0=3000/254=20000/[Log][0dp],,,,,,,,,,
Aux002EqFreq004,1,2,4,,,Aux 4-band parametric EQ frequency,201,tq,255,127,,,,,,,AuxEq,,0=3000/254=20000/[Log][0dp],,,,,,,,,,
Aux003EqFreq004,1,3,4,,,Aux 4-band parametric EQ frequency,202,tr,255,127,,,,,,,AuxEq,,0=3000/254=20000/[Log][0dp],,,,,,,,,,
Aux004EqFreq004,1,4,4,,,Aux 4-band parametric EQ frequency,203,ts,255,127,,,,,,,AuxEq,,0=3000/254=20000/[Log][0dp],,,,,,,,,,
Aux001EqGain001,1,1,1,,,Aux 4-band parametric EQ gain ±15dB,204,tt,121,60,,,,,,,AuxEq,,0=-15/120=15/[Lin][2dp],,,,,,,,,,
Aux001EqGain002,1,1,2,,,Aux 4-band parametric EQ gain ±15dB,205,tu,121,60,,,,,,,AuxEq,,0=-15/120=15/[Lin][2dp],,,,,,,,,,
Aux001EqGain003,1,1,3,,,Aux 4-band parametric EQ gain ±15dB,206,tv,121,60,,,,,,,AuxEq,,0=-15/120=15/[Lin][2dp],,,,,,,,,,
Aux001EqGain004,1,1,4,,,Aux 4-band parametric EQ gain ±15dB,207,tw,121,60,,,,,,,AuxEq,,0=-15/120=15/[Lin][2dp],,,,,,,,,,
Aux002EqGain001,1,2,1,,,Aux 4-band parametric EQ gain ±15dB,208,uh,121,60,,,,,,,AuxEq,,0=-15/120=15/[Lin][2dp],,,,,,,,,,
Aux002EqGain002,1,2,2,,,Aux 4-band parametric EQ gain ±15dB,209,ui,121,60,,,,,,,AuxEq,,0=-15/120=15/[Lin][2dp],,,,,,,,,,
Aux002EqGain003,1,2,3,,,Aux 4-band parametric EQ gain ±15dB,210,uj,121,60,,,,,,,AuxEq,,0=-15/120=15/[Lin][2dp],,,,,,,,,,
Aux002EqGain004,1,2,4,,,Aux 4-band parametric EQ gain ±15dB,211,uk,121,60,,,,,,,AuxEq,,0=-15/120=15/[Lin][2dp],,,,,,,,,,
Aux003EqGain001,1,3,1,,,Aux 4-band parametric EQ gain ±15dB,212,ul,121,60,,,,,,,AuxEq,,0=-15/120=15/[Lin][2dp],,,,,,,,,,
Aux003EqGain002,1,3,2,,,Aux 4-band parametric EQ gain ±15dB,213,um,121,60,,,,,,,AuxEq,,0=-15/120=15/[Lin][2dp],,,,,,,,,,
Aux003EqGain003,1,3,3,,,Aux 4-band parametric EQ gain ±15dB,214,un,121,60,,,,,,,AuxEq,,0=-15/120=15/[Lin][2dp],,,,,,,,,,
Aux003EqGain004,1,3,4,,,Aux 4-band parametric EQ gain ±15dB,215,uo,121,60,,,,,,,AuxEq,,0=-15/120=15/[Lin][2dp],,,,,,,,,,
Aux004EqGain001,1,4,1,,,Aux 4-band parametric EQ gain ±15dB,216,up,121,60,,,,,,,AuxEq,,0=-15/120=15/[Lin][2dp],,,,,,,,,,
Aux004EqGain002,1,4,2,,,Aux 4-band parametric EQ gain ±15dB,217,uq,121,60,,,,,,,AuxEq,,0=-15/120=15/[Lin][2dp],,,,,,,,,,
Aux004EqGain003,1,4,3,,,Aux 4-band parametric EQ gain ±15dB,218,ur,121,60,,,,,,,AuxEq,,0=-15/120=15/[Lin][2dp],,,,,,,,,,
Aux004EqGain004,1,4,4,,,Aux 4-band parametric EQ gain ±15dB,219,us,121,60,,,,,,,AuxEq,,0=-15/120=15/[Lin][2dp],,,,,,,,,,
Aux001EqHpf001,1,1,1,,,Aux high-pass filter frequency,220,ut,65,32,,,,,,,AuxEq,,0=20/64=1000/[Log][0dp],,,,,,,,,,
Aux002EqHpf001,1,2,1,,,Aux high-pass filter frequency,221,uu,65,32,,,,,,,AuxEq,,0=20/64=1000/[Log][0dp],,,,,,,,,,
Aux003EqHpf001,1,3,1,,,Aux high-pass filter frequency,222,uv,65,32,,,,,,,AuxEq,,0=20/64=1000/[Log][0dp],,,,,,,,,,
Aux004EqHpf001,1,4,1,,,Aux high-pass filter frequency,223,uw,65,32,,,,,,,AuxEq,,0=20/64=1000/[Log][0dp],,,,,,,,,,
Aux001EqOn001,1,1,1,,,Aux EQ on/off,224,vh,2,,,,,,,,AuxEq,,,,,,,,,,,,
Aux002EqOn001,1,2,1,,,Aux EQ on/off,225,vi,2,,,,,,,,AuxEq,,,,,,,,,,,,
Aux003EqOn001,1,3,1,,,Aux EQ on/off,226,vj,2,,,,,,,,AuxEq,,,,,,,,,,,,
Aux004EqOn001,1,4,1,,,Aux EQ on/off,227,vk,2,,,,,,,,AuxEq,,,,,,,,,,,,
Aux001EqQ001,1,1,1,,,Aux 4-band parametric EQ Q/bandwidth,228,vl,121,60,,,,,,,AuxEq,,0=0.1/120=10/[Log][2dp],,,,,,,,,,
Aux001EqQ002,1,1,2,,,Aux 4-band parametric EQ Q/bandwidth,229,vm,121,60,,,,,,,AuxEq,,0=0.1/120=10/[Log][2dp],,,,,,,,,,
Aux001EqQ003,1,1,3,,,Aux 4-band parametric EQ Q/bandwidth,230,vn,121,60,,,,,,,AuxEq,,0=0.1/120=10/[Log][2dp],,,,,,,,,,
Aux001EqQ004,1,1,4,,,Aux 4-band parametric EQ Q/bandwidth,231,vo,121,60,,,,,,,AuxEq,,0=0.1/120=10/[Log][2dp],,,,,,,,,,
Aux002EqQ001,1,2,1,,,Aux 4-band parametric EQ Q/bandwidth,232,vp,121,60,,,,,,,AuxEq,,0=0.1/120=10/[Log][2dp],,,,,,,,,,
Aux002EqQ002,1,2,2,,,Aux 4-band parametric EQ Q/bandwidth,233,vq,121,60,,,,,,,AuxEq,,0=0.1/120=10/[Log][2dp],,,,,,,,,,
Aux002EqQ003,1,2,3,,,Aux 4-band parametric EQ Q/bandwidth,234,vr,121,60,,,,,,,AuxEq,,0=0.1/120=10/[Log][2dp],,,,,,,,,,
Aux002EqQ004,1,2,4,,,Aux 4-band parametric EQ Q/bandwidth,235,vs,121,60,,,,,,,AuxEq,,0=0.1/120=10/[Log][2dp],,,,,,,,,,
Aux003EqQ001,1,3,1,,,Aux 4-band parametric EQ Q/bandwidth,236,vt,121,60,,,,,,,AuxEq,,0=0.1/120=10/[Log][2dp],,,,,,,,,,
Aux003EqQ002,1,3,2,,,Aux 4-band parametric EQ Q/bandwidth,237,vu,121,60,,,,,,,AuxEq,,0=0.1/120=10/[Log][2dp],,,,,,,,,,
Aux003EqQ003,1,3,3,,,Aux 4-band parametric EQ Q/bandwidth,238,vv,121,60,,,,,,,AuxEq,,0=0.1/120=10/[Log][2dp],,,,,,,,,,
Aux003EqQ004,1,3,4,,,Aux 4-band parametric EQ Q/bandwidth,239,vw,121,60,,,,,,,AuxEq,,0=0.1/120=10/[Log][2dp],,,,,,,,,,
Aux004EqQ001,1,4,1,,,Aux 4-band parametric EQ Q/bandwidth,240,wh,121,60,,,,,,,AuxEq,,0=0.1/120=10/[Log][2dp],,,,,,,,,,
Aux004EqQ002,1,4,2,,,Aux 4-band parametric EQ Q/bandwidth,241,wi,121,60,,,,,,,AuxEq,,0=0.1/120=10/[Log][2dp],,,,,,,,,,
Aux004EqQ003,1,4,3,,,Aux 4-band parametric EQ Q/bandwidth,242,wj,121,60,,,,,,,AuxEq,,0=0.1/120=10/[Log][2dp],,,,,,,,,,
Aux004EqQ004,1,4,4,,,Aux 4-band parametric EQ Q/bandwidth,243,wk,121,60,,,,,,,AuxEq,,0=0.1/120=10/[Log][2dp],,,,,,,,,,
Aux001EqShelf001,1,1,1,,,Aux EQ bands 1/4 shelf mode on/off,244,wl,2,,,,,,,,AuxEq,,,,,,,,,,,,
Aux001EqShelf002,1,1,2,,,Aux EQ bands 1/4 shelf mode on/off,245,wm,2,,,,,,,,AuxEq,,,,,,,,,,,,
Aux002EqShelf001,1,2,1,,,Aux EQ bands 1/4 shelf mode on/off,246,wn,2,,,,,,,,AuxEq,,,,,,,,,,,,
Aux002EqShelf002,1,2,2,,,Aux EQ bands 1/4 shelf mode on/off,247,wo,2,,,,,,,,AuxEq,,,,,,,,,,,,
Aux003EqShelf001,1,3,1,,,Aux EQ bands 1/4 shelf mode on/off,248,wp,2,,,,,,,,AuxEq,,,,,,,,,,,,
Aux003EqShelf002,1,3,2,,,Aux EQ bands 1/4 shelf mode on/off,249,wq,2,,,,,,,,AuxEq,,,,,,,,,,,,
Aux004EqShelf001,1,4,1,,,Aux EQ bands 1/4 shelf mode on/off,250,wr,2,,,,,,,,AuxEq,,,,,,,,,,,,
Aux004EqShelf002,1,4,2,,,Aux EQ bands 1/4 shelf mode on/off,251,ws,2,,,,,,,,AuxEq,,,,,,,,,,,,
Aux001Geq001,1,1,1,,,Aux 31-band 1/3-octave GEQ gain per band,252,wt,65,32,,,,,,,AuxEq,,0=-12/127=12/[Lin],,,,,,,,,,
Aux001Geq002,1,1,2,,,Aux 31-band 1/3-octave GEQ gain per band,253,wu,65,32,,,,,,,AuxEq,,0=-12/127=12/[Lin],,,,,,,,,,
Aux001Geq003,1,1,3,,,Aux 31-band 1/3-octave GEQ gain per band,254,wv,65,32,,,,,,,AuxEq,,0=-12/127=12/[Lin],,,,,,,,,,
Aux001Geq004,1,1,4,,,Aux 31-band 1/3-octave GEQ gain per band,255,ww,65,32,,,,,,,AuxEq,,0=-12/127=12/[Lin],,,,,,,,,,
Aux001Geq005,1,1,5,,,Aux 31-band 1/3-octave GEQ gain per band,256,ihh,65,32,,,,,,,AuxEq,,0=-12/127=12/[Lin],,,,,,,,,,
Aux001Geq006,1,1,6,,,Aux 31-band 1/3-octave GEQ gain per band,257,ihi,65,32,,,,,,,AuxEq,,0=-12/127=12/[Lin],,,,,,,,,,
Aux001Geq007,1,1,7,,,Aux 31-band 1/3-octave GEQ gain per band,258,ihj,65,32,,,,,,,AuxEq,,0=-12/127=12/[Lin],,,,,,,,,,
Aux001Geq008,1,1,8,,,Aux 31-band 1/3-octave GEQ gain per band,259,ihk,65,32,,,,,,,AuxEq,,0=-12/127=12/[Lin],,,,,,,,,,
Aux001Geq009,1,1,9,,,Aux 31-band 1/3-octave GEQ gain per band,260,ihl,65,32,,,,,,,AuxEq,,0=-12/127=12/[Lin],,,,,,,,,,
Aux001Geq010,1,1,10,,,Aux 31-band 1/3-octave GEQ gain per band,261,ihm,65,32,,,,,,,AuxEq,,0=-12/127=12/[Lin],,,,,,,,,,
Aux001Geq011,1,1,11,,,Aux 31-band 1/3-octave GEQ gain per band,262,ihn,65,32,,,,,,,AuxEq,,0=-12/127=12/[Lin],,,,,,,,,,
Aux001Geq012,1,1,12,,,Aux 31-band 1/3-octave GEQ gain per band,263,iho,65,32,,,,,,,AuxEq,,0=-12/127=12/[Lin],,,,,,,,,,
Aux001Geq013,1,1,13,,,Aux 31-band 1/3-octave GEQ gain per band,264,ihp,65,32,,,,,,,AuxEq,,0=-12/127=12/[Lin],,,,,,,,,,
Aux001Geq014,1,1,14,,,Aux 31-band 1/3-octave GEQ gain per band,265,ihq,65,32,,,,,,,AuxEq,,0=-12/127=12/[Lin],,,,,,,,,,
Aux001Geq015,1,1,15,,,Aux 31-band 1/3-octave GEQ gain per band,266,ihr,65,32,,,,,,,AuxEq,,0=-12/127=12/[Lin],,,,,,,,,,
Aux001Geq016,1,1,16,,,Aux 31-band 1/3-octave GEQ gain per band,267,ihs,65,32,,,,,,,AuxEq,,0=-12/127=12/[Lin],,,,,,,,,,
Aux001Geq017,1,1,17,,,Aux 31-band 1/3-octave GEQ gain per band,268,iht,65,32,,,,,,,AuxEq,,0=-12/127=12/[Lin],,,,,,,,,,
Aux001Geq018,1,1,18,,,Aux 31-band 1/3-octave GEQ gain per band,269,ihu,65,32,,,,,,,AuxEq,,0=-12/127=12/[Lin],,,,,,,,,,
Aux001Geq019,1,1,19,,,Aux 31-band 1/3-octave GEQ gain per band,270,ihv,65,32,,,,,,,AuxEq,,0=-12/127=12/[Lin],,,,,,,,,,
Aux001Geq020,1,1,20,,,Aux 31-band 1/3-octave GEQ gain per band,271,ihw,65,32,,,,,,,AuxEq,,0=-12/127=12/[Lin],,,,,,,,,,
Aux001Geq021,1,1,21,,,Aux 31-band 1/3-octave GEQ gain per band,272,iih,65,32,,,,,,,AuxEq,,0=-12/127=12/[Lin],,,,,,,,,,
Aux001Geq022,1,1,22,,,Aux 31-band 1/3-octave GEQ gain per band,273,iii,65,32,,,,,,,AuxEq,,0=-12/127=12/[Lin],,,,,,,,,,
Aux001Geq023,1,1,23,,,Aux 31-band 1/3-octave GEQ gain per band,274,iij,65,32,,,,,,,AuxEq,,0=-12/127=12/[Lin],,,,,,,,,,
Aux001Geq024,1,1,24,,,Aux 31-band 1/3-octave GEQ gain per band,275,iik,65,32,,,,,,,AuxEq,,0=-12/127=12/[Lin],,,,,,,,,,
Aux001Geq025,1,1,25,,,Aux 31-band 1/3-octave GEQ gain per band,276,iil,65,32,,,,,,,AuxEq,,0=-12/127=12/[Lin],,,,,,,,,,
Aux001Geq026,1,1,26,,,Aux 31-band 1/3-octave GEQ gain per band,277,iim,65,32,,,,,,,AuxEq,,0=-12/127=12/[Lin],,,,,,,,,,
Aux001Geq027,1,1,27,,,Aux 31-band 1/3-octave GEQ gain per band,278,iin,65,32,,,,,,,AuxEq,,0=-12/127=12/[Lin],,,,,,,,,,
Aux001Geq028,1,1,28,,,Aux 31-band 1/3-octave GEQ gain per band,279,iio,65,32,,,,,,,AuxEq,,0=-12/127=12/[Lin],,,,,,,,,,
Aux001Geq029,1,1,29,,,Aux 31-band 1/3-octave GEQ gain per band,280,iip,65,32,,,,,,,AuxEq,,0=-12/127=12/[Lin],,,,,,,,,,
Aux001Geq030,1,1,30,,,Aux 31-band 1/3-octave GEQ gain per band,281,iiq,65,32,,,,,,,AuxEq,,0=-12/127=12/[Lin],,,,,,,,,,
Aux001Geq031,1,1,31,,,Aux 31-band 1/3-octave GEQ gain per band,282,iir,65,32,,,,,,,AuxEq,,0=-12/127=12/[Lin],,,,,,,,,,
Aux002Geq001,1,2,1,,,Aux 31-band 1/3-octave GEQ gain per band,283,iis,65,32,,,,,,,AuxEq,,0=-12/127=12/[Lin],,,,,,,,,,
Aux002Geq002,1,2,2,,,Aux 31-band 1/3-octave GEQ gain per band,284,iit,65,32,,,,,,,AuxEq,,0=-12/127=12/[Lin],,,,,,,,,,
Aux002Geq003,1,2,3,,,Aux 31-band 1/3-octave GEQ gain per band,285,iiu,65,32,,,,,,,AuxEq,,0=-12/127=12/[Lin],,,,,,,,,,
Aux002Geq004,1,2,4,,,Aux 31-band 1/3-octave GEQ gain per band,286,iiv,65,32,,,,,,,AuxEq,,0=-12/127=12/[Lin],,,,,,,,,,
Aux002Geq005,1,2,5,,,Aux 31-band 1/3-octave GEQ gain per band,287,iiw,65,32,,,,,,,AuxEq,,0=-12/127=12/[Lin],,,,,,,,,,
Aux002Geq006,1,2,6,,,Aux 31-band 1/3-octave GEQ gain per band,288,ijh,65,32,,,,,,,AuxEq,,0=-12/127=12/[Lin],,,,,,,,,,
Aux002Geq007,1,2,7,,,Aux 31-band 1/3-octave GEQ gain per band,289,iji,65,32,,,,,,,AuxEq,,0=-12/127=12/[Lin],,,,,,,,,,
Aux002Geq008,1,2,8,,,Aux 31-band 1/3-octave GEQ gain per band,290,ijj,65,32,,,,,,,AuxEq,,0=-12/127=12/[Lin],,,,,,,,,,
Aux002Geq009,1,2,9,,,Aux 31-band 1/3-octave GEQ gain per band,291,ijk,65,32,,,,,,,AuxEq,,0=-12/127=12/[Lin],,,,,,,,,,
Aux002Geq010,1,2,10,,,Aux 31-band 1/3-octave GEQ gain per band,292,ijl,65,32,,,,,,,AuxEq,,0=-12/127=12/[Lin],,,,,,,,,,
Aux002Geq011,1,2,11,,,Aux 31-band 1/3-octave GEQ gain per band,293,ijm,65,32,,,,,,,AuxEq,,0=-12/127=12/[Lin],,,,,,,,,,
Aux002Geq012,1,2,12,,,Aux 31-band 1/3-octave GEQ gain per band,294,ijn,65,32,,,,,,,AuxEq,,0=-12/127=12/[Lin],,,,,,,,,,
Aux002Geq013,1,2,13,,,Aux 31-band 1/3-octave GEQ gain per band,295,ijo,65,32,,,,,,,AuxEq,,0=-12/127=12/[Lin],,,,,,,,,,
Aux002Geq014,1,2,14,,,Aux 31-band 1/3-octave GEQ gain per band,296,ijp,65,32,,,,,,,AuxEq,,0=-12/127=12/[Lin],,,,,,,,,,
Aux002Geq015,1,2,15,,,Aux 31-band 1/3-octave GEQ gain per band,297,ijq,65,32,,,,,,,AuxEq,,0=-12/127=12/[Lin],,,,,,,,,,
Aux002Geq016,1,2,16,,,Aux 31-band 1/3-octave GEQ gain per band,298,ijr,65,32,,,,,,,AuxEq,,0=-12/127=12/[Lin],,,,,,,,,,
Aux002Geq017,1,2,17,,,Aux 31-band 1/3-octave GEQ gain per band,299,ijs,65,32,,,,,,,AuxEq,,0=-12/127=12/[Lin],,,,,,,,,,
Aux002Geq018,1,2,18,,,Aux 31-band 1/3-octave GEQ gain per band,300,ijt,65,32,,,,,,,AuxEq,,0=-12/127=12/[Lin],,,,,,,,,,
Aux002Geq019,1,2,19,,,Aux 31-band 1/3-octave GEQ gain per band,301,iju,65,32,,,,,,,AuxEq,,0=-12/127=12/[Lin],,,,,,,,,,
Aux002Geq020,1,2,20,,,Aux 31-band 1/3-octave GEQ gain per band,302,ijv,65,32,,,,,,,AuxEq,,0=-12/127=12/[Lin],,,,,,,,,,
Aux002Geq021,1,2,21,,,Aux 31-band 1/3-octave GEQ gain per band,303,ijw,65,32,,,,,,,AuxEq,,0=-12/127=12/[Lin],,,,,,,,,,
Aux002Geq022,1,2,22,,,Aux 31-band 1/3-octave GEQ gain per band,304,ikh,65,32,,,,,,,AuxEq,,0=-12/127=12/[Lin],,,,,,,,,,
Aux002Geq023,1,2,23,,,Aux 31-band 1/3-octave GEQ gain per band,305,iki,65,32,,,,,,,AuxEq,,0=-12/127=12/[Lin],,,,,,,,,,
Aux002Geq024,1,2,24,,,Aux 31-band 1/3-octave GEQ gain per band,306,ikj,65,32,,,,,,,AuxEq,,0=-12/127=12/[Lin],,,,,,,,,,
Aux002Geq025,1,2,25,,,Aux 31-band 1/3-octave GEQ gain per band,307,ikk,65,32,,,,,,,AuxEq,,0=-12/127=12/[Lin],,,,,,,,,,
Aux002Geq026,1,2,26,,,Aux 31-band 1/3-octave GEQ gain per band,308,ikl,65,32,,,,,,,AuxEq,,0=-12/127=12/[Lin],,,,,,,,,,
Aux002Geq027,1,2,27,,,Aux 31-band 1/3-octave GEQ gain per band,309,ikm,65,32,,,,,,,AuxEq,,0=-12/127=12/[Lin],,,,,,,,,,
Aux002Geq028,1,2,28,,,Aux 31-band 1/3-octave GEQ gain per band,310,ikn,65,32,,,,,,,AuxEq,,0=-12/127=12/[Lin],,,,,,,,,,
Aux002Geq029,1,2,29,,,Aux 31-band 1/3-octave GEQ gain per band,311,iko,65,32,,,,,,,AuxEq,,0=-12/127=12/[Lin],,,,,,,,,,
Aux002Geq030,1,2,30,,,Aux 31-band 1/3-octave GEQ gain per band,312,ikp,65,32,,,,,,,AuxEq,,0=-12/127=12/[Lin],,,,,,,,,,
Aux002Geq031,1,2,31,,,Aux 31-band 1/3-octave GEQ gain per band,313,ikq,65,32,,,,,,,AuxEq,,0=-12/127=12/[Lin],,,,,,,,,,
Aux003Geq001,1,3,1,,,Aux 31-band 1/3-octave GEQ gain per band,314,ikr,65,32,,,,,,,AuxEq,,0=-12/127=12/[Lin],,,,,,,,,,
Aux003Geq002,1,3,2,,,Aux 31-band 1/3-octave GEQ gain per band,315,iks,65,32,,,,,,,AuxEq,,0=-12/127=12/[Lin],,,,,,,,,,
Aux003Geq003,1,3,3,,,Aux 31-band 1/3-octave GEQ gain per band,316,ikt,65,32,,,,,,,AuxEq,,0=-12/127=12/[Lin],,,,,,,,,,
Aux003Geq004,1,3,4,,,Aux 31-band 1/3-octave GEQ gain per band,317,iku,65,32,,,,,,,AuxEq,,0=-12/127=12/[Lin],,,,,,,,,,
Aux003Geq005,1,3,5,,,Aux 31-band 1/3-octave GEQ gain per band,318,ikv,65,32,,,,,,,AuxEq,,0=-12/127=12/[Lin],,,,,,,,,,
Aux003Geq006,1,3,6,,,Aux 31-band 1/3-octave GEQ gain per band,319,ikw,65,32,,,,,,,AuxEq,,0=-12/127=12/[Lin],,,,,,,,,,
Aux003Geq007,1,3,7,,,Aux 31-band 1/3-octave GEQ gain per band,320,ilh,65,32,,,,,,,AuxEq,,0=-12/127=12/[Lin],,,,,,,,,,
Aux003Geq008,1,3,8,,,Aux 31-band 1/3-octave GEQ gain per band,321,ili,65,32,,,,,,,AuxEq,,0=-12/127=12/[Lin],,,,,,,,,,
Aux003Geq009,1,3,9,,,Aux 31-band 1/3-octave GEQ gain per band,322,ilj,65,32,,,,,,,AuxEq,,0=-12/127=12/[Lin],,,,,,,,,,
Aux003Geq010,1,3,10,,,Aux 31-band 1/3-octave GEQ gain per band,323,ilk,65,32,,,,,,,AuxEq,,0=-12/127=12/[Lin],,,,,,,,,,
Aux003Geq011,1,3,11,,,Aux 31-band 1/3-octave GEQ gain per band,324,ill,65,32,,,,,,,AuxEq,,0=-12/127=12/[Lin],,,,,,,,,,
Aux003Geq012,1,3,12,,,Aux 31-band 1/3-octave GEQ gain per band,325,ilm,65,32,,,,,,,AuxEq,,0=-12/127=12/[Lin],,,,,,,,,,
Aux003Geq013,1,3,13,,,Aux 31-band 1/3-octave GEQ gain per band,326,iln,65,32,,,,,,,AuxEq,,0=-12/127=12/[Lin],,,,,,,,,,
Aux003Geq014,1,3,14,,,Aux 31-band 1/3-octave GEQ gain per band,327,ilo,65,32,,,,,,,AuxEq,,0=-12/127=12/[Lin],,,,,,,,,,
Aux003Geq015,1,3,15,,,Aux 31-band 1/3-octave GEQ gain per band,328,ilp,65,32,,,,,,,AuxEq,,0=-12/127=12/[Lin],,,,,,,,,,
Aux003Geq016,1,3,16,,,Aux 31-band 1/3-octave GEQ gain per band,329,ilq,65,32,,,,,,,AuxEq,,0=-12/127=12/[Lin],,,,,,,,,,
Aux003Geq017,1,3,17,,,Aux 31-band 1/3-octave GEQ gain per band,330,ilr,65,32,,,,,,,AuxEq,,0=-12/127=12/[Lin],,,,,,,,,,
Aux003Geq018,1,3,18,,,Aux 31-band 1/3-octave GEQ gain per band,331,ils,65,32,,,,,,,AuxEq,,0=-12/127=12/[Lin],,,,,,,,,,
Aux003Geq019,1,3,19,,,Aux 31-band 1/3-octave GEQ gain per band,332,ilt,65,32,,,,,,,AuxEq,,0=-12/127=12/[Lin],,,,,,,,,,
Aux003Geq020,1,3,20,,,Aux 31-band 1/3-octave GEQ gain per band,333,ilu,65,32,,,,,,,AuxEq,,0=-12/127=12/[Lin],,,,,,,,,,
Aux003Geq021,1,3,21,,,Aux 31-band 1/3-octave GEQ gain per band,334,ilv,65,32,,,,,,,AuxEq,,0=-12/127=12/[Lin],,,,,,,,,,
Aux003Geq022,1,3,22,,,Aux 31-band 1/3-octave GEQ gain per band,335,ilw,65,32,,,,,,,AuxEq,,0=-12/127=12/[Lin],,,,,,,,,,
Aux003Geq023,1,3,23,,,Aux 31-band 1/3-octave GEQ gain per band,336,imh,65,32,,,,,,,AuxEq,,0=-12/127=12/[Lin],,,,,,,,,,
Aux003Geq024,1,3,24,,,Aux 31-band 1/3-octave GEQ gain per band,337,imi,65,32,,,,,,,AuxEq,,0=-12/127=12/[Lin],,,,,,,,,,
Aux003Geq025,1,3,25,,,Aux 31-band 1/3-octave GEQ gain per band,338,imj,65,32,,,,,,,AuxEq,,0=-12/127=12/[Lin],,,,,,,,,,
Aux003Geq026,1,3,26,,,Aux 31-band 1/3-octave GEQ gain per band,339,imk,65,32,,,,,,,AuxEq,,0=-12/127=12/[Lin],,,,,,,,,,
Aux003Geq027,1,3,27,,,Aux 31-band 1/3-octave GEQ gain per band,340,iml,65,32,,,,,,,AuxEq,,0=-12/127=12/[Lin],,,,,,,,,,
Aux003Geq028,1,3,28,,,Aux 31-band 1/3-octave GEQ gain per band,341,imm,65,32,,,,,,,AuxEq,,0=-12/127=12/[Lin],,,,,,,,,,
Aux003Geq029,1,3,29,,,Aux 31-band 1/3-octave GEQ gain per band,342,imn,65,32,,,,,,,AuxEq,,0=-12/127=12/[Lin],,,,,,,,,,
Aux003Geq030,1,3,30,,,Aux 31-band 1/3-octave GEQ gain per band,343,imo,65,32,,,,,,,AuxEq,,0=-12/127=12/[Lin],,,,,,,,,,
Aux003Geq031,1,3,31,,,Aux 31-band 1/3-octave GEQ gain per band,344,imp,65,32,,,,,,,AuxEq,,0=-12/127=12/[Lin],,,,,,,,,,
Aux004Geq001,1,4,1,,,Aux 31-band 1/3-octave GEQ gain per band,345,imq,65,32,,,,,,,AuxEq,,0=-12/127=12/[Lin],,,,,,,,,,
Aux004Geq002,1,4,2,,,Aux 31-band 1/3-octave GEQ gain per band,346,imr,65,32,,,,,,,AuxEq,,0=-12/127=12/[Lin],,,,,,,,,,
Aux004Geq003,1,4,3,,,Aux 31-band 1/3-octave GEQ gain per band,347,ims,65,32,,,,,,,AuxEq,,0=-12/127=12/[Lin],,,,,,,,,,
Aux004Geq004,1,4,4,,,Aux 31-band 1/3-octave GEQ gain per band,348,imt,65,32,,,,,,,AuxEq,,0=-12/127=12/[Lin],,,,,,,,,,
Aux004Geq005,1,4,5,,,Aux 31-band 1/3-octave GEQ gain per band,349,imu,65,32,,,,,,,AuxEq,,0=-12/127=12/[Lin],,,,,,,,,,
Aux004Geq006,1,4,6,,,Aux 31-band 1/3-octave GEQ gain per band,350,imv,65,32,,,,,,,AuxEq,,0=-12/127=12/[Lin],,,,,,,,,,
Aux004Geq007,1,4,7,,,Aux 31-band 1/3-octave GEQ gain per band,351,imw,65,32,,,,,,,AuxEq,,0=-12/127=12/[Lin],,,,,,,,,,
Aux004Geq008,1,4,8,,,Aux 31-band 1/3-octave GEQ gain per band,352,inh,65,32,,,,,,,AuxEq,,0=-12/127=12/[Lin],,,,,,,,,,
Aux004Geq009,1,4,9,,,Aux 31-band 1/3-octave GEQ gain per band,353,ini,65,32,,,,,,,AuxEq,,0=-12/127=12/[Lin],,,,,,,,,,
Aux004Geq010,1,4,10,,,Aux 31-band 1/3-octave GEQ gain per band,354,inj,65,32,,,,,,,AuxEq,,0=-12/127=12/[Lin],,,,,,,,,,
Aux004Geq011,1,4,11,,,Aux 31-band 1/3-octave GEQ gain per band,355,ink,65,32,,,,,,,AuxEq,,0=-12/127=12/[Lin],,,,,,,,,,
Aux004Geq012,1,4,12,,,Aux 31-band 1/3-octave GEQ gain per band,356,inl,65,32,,,,,,,AuxEq,,0=-12/127=12/[Lin],,,,,,,,,,
Aux004Geq013,1,4,13,,,Aux 31-band 1/3-octave GEQ gain per band,357,inm,65,32,,,,,,,AuxEq,,0=-12/127=12/[Lin],,,,,,,,,,
Aux004Geq014,1,4,14,,,Aux 31-band 1/3-octave GEQ gain per band,358,inn,65,32,,,,,,,AuxEq,,0=-12/127=12/[Lin],,,,,,,,,,
Aux004Geq015,1,4,15,,,Aux 31-band 1/3-octave GEQ gain per band,359,ino,65,32,,,,,,,AuxEq,,0=-12/127=12/[Lin],,,,,,,,,,
Aux004Geq016,1,4,16,,,Aux 31-band 1/3-octave GEQ gain per band,360,inp,65,32,,,,,,,AuxEq,,0=-12/127=12/[Lin],,,,,,,,,,
Aux004Geq017,1,4,17,,,Aux 31-band 1/3-octave GEQ gain per band,361,inq,65,32,,,,,,,AuxEq,,0=-12/127=12/[Lin],,,,,,,,,,
Aux004Geq018,1,4,18,,,Aux 31-band 1/3-octave GEQ gain per band,362,inr,65,32,,,,,,,AuxEq,,0=-12/127=12/[Lin],,,,,,,,,,
Aux004Geq019,1,4,19,,,Aux 31-band 1/3-octave GEQ gain per band,363,ins,65,32,,,,,,,AuxEq,,0=-12/127=12/[Lin],,,,,,,,,,
Aux004Geq020,1,4,20,,,Aux 31-band 1/3-octave GEQ gain per band,364,int,65,32,,,,,,,AuxEq,,0=-12/127=12/[Lin],,,,,,,,,,
Aux004Geq021,1,4,21,,,Aux 31-band 1/3-octave GEQ gain per band,365,inu,65,32,,,,,,,AuxEq,,0=-12/127=12/[Lin],,,,,,,,,,
Aux004Geq022,1,4,22,,,Aux 31-band 1/3-octave GEQ gain per band,366,inv,65,32,,,,,,,AuxEq,,0=-12/127=12/[Lin],,,,,,,,,,
Aux004Geq023,1,4,23,,,Aux 31-band 1/3-octave GEQ gain per band,367,inw,65,32,,,,,,,AuxEq,,0=-12/127=12/[Lin],,,,,,,,,,
Aux004Geq024,1,4,24,,,Aux 31-band 1/3-octave GEQ gain per band,368,ioh,65,32,,,,,,,AuxEq,,0=-12/127=12/[Lin],,,,,,,,,,
Aux004Geq025,1,4,25,,,Aux 31-band 1/3-octave GEQ gain per band,369,ioi,65,32,,,,,,,AuxEq,,0=-12/127=12/[Lin],,,,,,,,,,
Aux004Geq026,1,4,26,,,Aux 31-band 1/3-octave GEQ gain per band,370,ioj,65,32,,,,,,,AuxEq,,0=-12/127=12/[Lin],,,,,,,,,,
Aux004Geq027,1,4,27,,,Aux 31-band 1/3-octave GEQ gain per band,371,iok,65,32,,,,,,,AuxEq,,0=-12/127=12/[Lin],,,,,,,,,,
Aux004Geq028,1,4,28,,,Aux 31-band 1/3-octave GEQ gain per band,372,iol,65,32,,,,,,,AuxEq,,0=-12/127=12/[Lin],,,,,,,,,,
Aux004Geq029,1,4,29,,,Aux 31-band 1/3-octave GEQ gain per band,373,iom,65,32,,,,,,,AuxEq,,0=-12/127=12/[Lin],,,,,,,,,,
Aux004Geq030,1,4,30,,,Aux 31-band 1/3-octave GEQ gain per band,374,ion,65,32,,,,,,,AuxEq,,0=-12/127=12/[Lin],,,,,,,,,,
Aux004Geq031,1,4,31,,,Aux 31-band 1/3-octave GEQ gain per band,375,ioo,65,32,,,,,,,AuxEq,,0=-12/127=12/[Lin],,,,,,,,,,
Aux001LimiterAtt001,1,1,1,,,Aux limiter attack time,376,iop,33,,,,,,,,AuxLimiter,,0=0.1/127=100/[Log],,,,,,,,,,
Aux002LimiterAtt001,1,2,1,,,Aux limiter attack time,377,ioq,33,,,,,,,,AuxLimiter,,0=0.1/127=100/[Log],,,,,,,,,,
Aux003LimiterAtt001,1,3,1,,,Aux limiter attack time,378,ior,33,,,,,,,,AuxLimiter,,0=0.1/127=100/[Log],,,,,,,,,,
Aux004LimiterAtt001,1,4,1,,,Aux limiter attack time,379,ios,33,,,,,,,,AuxLimiter,,0=0.1/127=100/[Log],,,,,,,,,,
Aux001LimiterOn001,1,1,1,,,Aux output limiter on/off,380,iot,2,,,,,,,,,,,,,,,,,,,,
Aux002LimiterOn001,1,2,1,,,Aux output limiter on/off,381,iou,2,,,,,,,,,,,,,,,,,,,,
Aux003LimiterOn001,1,3,1,,,Aux output limiter on/off,382,iov,2,,,,,,,,,,,,,,,,,,,,
Aux004LimiterOn001,1,4,1,,,Aux output limiter on/off,383,iow,2,,,,,,,,,,,,,,,,,,,,
Aux001LimiterRel001,1,1,1,,,Aux limiter release time,384,iph,33,,,,,,,,AuxLimiter,,0=5/127=2000/[Log],,,,,,,,,,
Aux002LimiterRel001,1,2,1,,,Aux limiter release time,385,ipi,33,,,,,,,,AuxLimiter,,0=5/127=2000/[Log],,,,,,,,,,
Aux003LimiterRel001,1,3,1,,,Aux limiter release time,386,ipj,33,,,,,,,,AuxLimiter,,0=5/127=2000/[Log],,,,,,,,,,
Aux004LimiterRel001,1,4,1,,,Aux limiter release time,387,ipk,33,,,,,,,,AuxLimiter,,0=5/127=2000/[Log],,,,,,,,,,
Aux001LimiterThr001,1,1,1,,,Aux limiter threshold,388,ipl,255,,,,,,,,AuxLimiter,,0=-30/127=0/[Lin],,,,,,,,,,
Aux002LimiterThr001,1,2,1,,,Aux limiter threshold,389,ipm,255,,,,,,,,AuxLimiter,,0=-30/127=0/[Lin],,,,,,,,,,
Aux003LimiterThr001,1,3,1,,,Aux limiter threshold,390,ipn,255,,,,,,,,AuxLimiter,,0=-30/127=0/[Lin],,,,,,,,,,
Aux004LimiterThr001,1,4,1,,,Aux limiter threshold,391,ipo,255,,,,,,,,AuxLimiter,,0=-30/127=0/[Lin],,,,,,,,,,
Aux001Pan001,1,1,1,,,Aux stereo pan position,392,ipp,127,,,,,,,,,,Pan:dB:0:Off,,,,,,,,,,
Aux002Pan001,1,2,1,,,Aux stereo pan position,393,ipq,127,,,,,,,,,,Pan:dB:0:Off,,,,,,,,,,
Aux003Pan001,1,3,1,,,Aux stereo pan position,394,ipr,127,,,,,,,,,,Pan:dB:0:Off,,,,,,,,,,
Aux004Pan001,1,4,1,,,Aux stereo pan position,395,ips,127,,,,,,,,,,Pan:dB:0:Off,,,,,,,,,,
Aux001PickOff001,1,1,1,,,Aux global pickoff point (pre/post EQ/fader),396,ipt,4,,,,,,,,,,,,,,,,,,,,
Aux002PickOff001,1,2,1,,,Aux global pickoff point (pre/post EQ/fader),397,ipu,4,,,,,,,,,,,,,,,,,,,,
Aux003PickOff001,1,3,1,,,Aux global pickoff point (pre/post EQ/fader),398,ipv,4,,,,,,,,,,,,,,,,,,,,
Aux004PickOff001,1,4,1,,,Aux global pickoff point (pre/post EQ/fader),399,ipw,4,,,,,,,,,,,,,,,,,,,,
Aux001Dca001,1,1,1,,,Aux master DCA assignment (1-8 or off),400,iqh,9,,,,,,,,,,,,,,,,,,,,
Aux002Dca001,1,2,1,,,Aux master DCA assignment (1-8 or off),401,iqi,9,,,,,,,,,,,,,,,,,,,,
Aux003Dca001,1,3,1,,,Aux master DCA assignment (1-8 or off),402,iqj,9,,,,,,,,,,,,,,,,,,,,
Aux004Dca001,1,4,1,,,Aux master DCA assignment (1-8 or off),403,iqk,9,,,,,,,,,,,,,,,,,,,,
Aux001DcaOn001,1,1,1,,,DCA follow on/off (assignment kept while off),404,iql,2,,,,,,,,,,,,,,,,,,,,
Aux002DcaOn001,1,2,1,,,DCA follow on/off (assignment kept while off),405,iqm,2,,,,,,,,,,,,,,,,,,,,
Aux003DcaOn001,1,3,1,,,DCA follow on/off (assignment kept while off),406,iqn,2,,,,,,,,,,,,,,,,,,,,
Aux004DcaOn001,1,4,1,,,DCA follow on/off (assignment kept while off),407,iqo,2,,,,,,,,,,,,,,,,,,,,
Aux001Level001,1,1,1,,,Aux master output level,408,iqp,255,,,,,,,,,,dB:Off:-50@31:-30@63:-10@127:10,,,,,,,,,,
Aux002Level001,1,2,1,,,Aux master output level,409,iqq,255,,,,,,,,,,dB:Off:-50@31:-30@63:-10@127:10,,,,,,,,,,
Aux003Level001,1,3,1,,,Aux master output level,410,iqr,255,,,,,,,,,,dB:Off:-50@31:-30@63:-10@127:10,,,,,,,,,,
Aux004Level001,1,4,1,,,Aux master output level,411,iqs,255,,,,,,,,,,dB:Off:-50@31:-30@63:-10@127:10,,,,,,,,,,
Aux001Mute001,1,1,1,,,Aux master mute on/off,412,iqt,2,,,,,,,,,,,,,,,,,,,,
Aux002Mute001,1,2,1,,,Aux master mute on/off,413,iqu,2,,,,,,,,,,,,,,,,,,,,
Aux003Mute001,1,3,1,,,Aux master mute on/off,414,iqv,2,,,,,,,,,,,,,,,,,,,,
Aux004Mute001,1,4,1,,,Aux master mute on/off,415,iqw,2,,,,,,,,,,,,,,,,,,,,
Chan001Instr001,1,1,1,,,Instrument input mode (hi-Z),416,irh,33,,,,,,,,,,,,,,,,,,,,
Chan002Instr001,1,2,1,,,Instrument input mode (hi-Z),417,iri,33,,,,,,,,,,,,,,,,,,,,
Chan001AntiClip001,1,1,1,,,Auto gain reduction on/off (M&W exclusive),418,irj,2,,,,,,,,ChanInput,,0=-20/127=0/[Lin],,,,,,,,,,
Chan002AntiClip001,1,2,1,,,Auto gain reduction on/off (M&W exclusive),419,irk,2,,,,,,,,ChanInput,,0=-20/127=0/[Lin],,,,,,,,,,
Chan003AntiClip001,1,3,1,,,Auto gain reduction on/off (M&W exclusive),420,irl,2,,,,,,,,ChanInput,,0=-20/127=0/[Lin],,,,,,,,,,
Chan004AntiClip001,1,4,1,,,Auto gain reduction on/off (M&W exclusive),421,irm,2,,,,,,,,ChanInput,,0=-20/127=0/[Lin],,,,,,,,,,
Chan005AntiClip001,1,5,1,,,Auto gain reduction on/off (M&W exclusive),422,irn,2,,,,,,,,ChanInput,,0=-20/127=0/[Lin],,,,,,,,,,
Chan006AntiClip001,1,6,1,,,Auto gain reduction on/off (M&W exclusive),423,iro,2,,,,,,,,ChanInput,,0=-20/127=0/[Lin],,,,,,,,,,
Chan007AntiClip001,1,7,1,,,Auto gain reduction on/off (M&W exclusive),424,irp,2,,,,,,,,ChanInput,,0=-20/127=0/[Lin],,,,,,,,,,
Chan008AntiClip001,1,8,1,,,Auto gain reduction on/off (M&W exclusive),425,irq,2,,,,,,,,ChanInput,,0=-20/127=0/[Lin],,,,,,,,,,
Chan009AntiClip001,1,9,1,,,Auto gain reduction on/off (M&W exclusive),426,irr,2,,,,,,,,ChanInput,,0=-20/127=0/[Lin],,,,,,,,,,
Chan010AntiClip001,1,10,1,,,Auto gain reduction on/off (M&W exclusive),427,irs,2,,,,,,,,ChanInput,,0=-20/127=0/[Lin],,,,,,,,,,
Chan011AntiClip001,1,11,1,,,Auto gain reduction on/off (M&W exclusive),428,irt,2,,,,,,,,ChanInput,,0=-20/127=0/[Lin],,,,,,,,,,
Chan012AntiClip001,1,12,1,,,Auto gain reduction on/off (M&W exclusive),429,iru,2,,,,,,,,ChanInput,,0=-20/127=0/[Lin],,,,,,,,,,
Chan001Color001,1,1,1,,,Fader cap color code,430,irv,16,,,,,,,,ChanInput,,,,,,,,,,,,
Chan002Color001,1,2,1,,,Fader cap color code,431,irw,16,,,,,,,,ChanInput,,,,,,,,,,,,
Chan003Color001,1,3,1,,,Fader cap color code,432,ish,16,,,,,,,,ChanInput,,,,,,,,,,,,
Chan004Color001,1,4,1,,,Fader cap color code,433,isi,16,,,,,,,,ChanInput,,,,,,,,,,,,
Chan005Color001,1,5,1,,,Fader cap color code,434,isj,16,,,,,,,,ChanInput,,,,,,,,,,,,
Chan006Color001,1,6,1,,,Fader cap color code,435,isk,16,,,,,,,,ChanInput,,,,,,,,,,,,
Chan007Color001,1,7,1,,,Fader cap color code,436,isl,16,,,,,,,,ChanInput,,,,,,,,,,,,
Chan008Color001,1,8,1,,,Fader cap color code,437,ism,16,,,,,,,,ChanInput,,,,,,,,,,,,
Chan009Color001,1,9,1,,,Fader cap color code,438,isn,16,,,,,,,,ChanInput,,,,,,,,,,,,
Chan010Color001,1,10,1,,,Fader cap color code,439,iso,16,,,,,,,,ChanInput,,,,,,,,,,,,
Chan011Color001,1,11,1,,,Fader cap color code,440,isp,16,,,,,,,,ChanInput,,,,,,,,,,,,
Chan012Color001,1,12,1,,,Fader cap color code,441,isq,16,,,,,,,,ChanInput,,,,,,,,,,,,
Chan001CompAtt001,1,1,1,,,Compressor attack time,442,isr,255,,,,,,,,ChanComp,,0=0/254=250/[Log],,,,,,,,,,
Chan002CompAtt001,1,2,1,,,Compressor attack time,443,iss,255,,,,,,,,ChanComp,,0=0/254=250/[Log],,,,,,,,,,
Chan003CompAtt001,1,3,1,,,Compressor attack time,444,ist,255,,,,,,,,ChanComp,,0=0/254=250/[Log],,,,,,,,,,
Chan004CompAtt001,1,4,1,,,Compressor attack time,445,isu,255,,,,,,,,ChanComp,,0=0/254=250/[Log],,,,,,,,,,
Chan005CompAtt001,1,5,1,,,Compressor attack time,446,isv,255,,,,,,,,ChanComp,,0=0/254=250/[Log],,,,,,,,,,
Chan006CompAtt001,1,6,1,,,Compressor attack time,447,isw,255,,,,,,,,ChanComp,,0=0/254=250/[Log],,,,,,,,,,
Chan007CompAtt001,1,7,1,,,Compressor attack time,448,ith,255,,,,,,,,ChanComp,,0=0/254=250/[Log],,,,,,,,,,
Chan008CompAtt001,1,8,1,,,Compressor attack time,449,iti,255,,,,,,,,ChanComp,,0=0/254=250/[Log],,,,,,,,,,
Chan009CompAtt001,1,9,1,,,Compressor attack time,450,itj,255,,,,,,,,ChanComp,,0=0/254=250/[Log],,,,,,,,,,
Chan010CompAtt001,1,10,1,,,Compressor attack time,451,itk,255,,,,,,,,ChanComp,,0=0/254=250/[Log],,,,,,,,,,
Chan011CompAtt001,1,11,1,,,Compressor attack time,452,itl,255,,,,,,,,ChanComp,,0=0/254=250/[Log],,,,,,,,,,
Chan012CompAtt001,1,12,1,,,Compressor attack time,453,itm,255,,,,,,,,ChanComp,,0=0/254=250/[Log],,,,,,,,,,
Chan001CompKnee001,1,1,1,,,Compressor soft/hard knee,454,itn,2,,,,,,,,ChanComp,,,,,,,,,,,,
Chan002CompKnee001,1,2,1,,,Compressor soft/hard knee,455,ito,2,,,,,,,,ChanComp,,,,,,,,,,,,
Chan003CompKnee001,1,3,1,,,Compressor soft/hard knee,456,itp,2,,,,,,,,ChanComp,,,,,,,,,,,,
Chan004CompKnee001,1,4,1,,,Compressor soft/hard knee,457,itq,2,,,,,,,,ChanComp,,,,,,,,,,,,
Chan005CompKnee001,1,5,1,,,Compressor soft/hard knee,458,itr,2,,,,,,,,ChanComp,,,,,,,,,,,,
Chan006CompKnee001,1,6,1,,,Compressor soft/hard knee,459,its,2,,,,,,,,ChanComp,,,,,,,,,,,,
Chan007CompKnee001,1,7,1,,,Compressor soft/hard knee,460,itt,2,,,,,,,,ChanComp,,,,,,,,,,,,
Chan008CompKnee001,1,8,1,,,Compressor soft/hard knee,461,itu,2,,,,,,,,ChanComp,,,,,,,,,,,,
Chan009CompKnee001,1,9,1,,,Compressor soft/hard knee,462,itv,2,,,,,,,,ChanComp,,,,,,,,,,,,
Chan010CompKnee001,1,10,1,,,Compressor soft/hard knee,463,itw,2,,,,,,,,ChanComp,,,,,,,,,,,,
Chan011CompKnee001,1,11,1,,,Compressor soft/hard knee,464,iuh,2,,,,,,,,ChanComp,,,,,,,,,,,,
Chan012CompKnee001,1,12,1,,,Compressor soft/hard knee,465,iui,2,,,,,,,,ChanComp,,,,,,,,,,,,
Chan001CompMake001,1,1,1,,,Compressor makeup gain,466,iuj,33,,,,,,,,ChanComp,,0=0/127=20/[Lin],,,,,,,,,,
Chan002CompMake001,1,2,1,,,Compressor makeup gain,467,iuk,33,,,,,,,,ChanComp,,0=0/127=20/[Lin],,,,,,,,,,
Chan003CompMake001,1,3,1,,,Compressor makeup gain,468,iul,33,,,,,,,,ChanComp,,0=0/127=20/[Lin],,,,,,,,,,
Chan004CompMake001,1,4,1,,,Compressor makeup gain,469,ium,33,,,,,,,,ChanComp,,0=0/127=20/[Lin],,,,,,,,,,
Chan005CompMake001,1,5,1,,,Compressor makeup gain,470,iun,33,,,,,,,,ChanComp,,0=0/127=20/[Lin],,,,,,,,,,
Chan006CompMake001,1,6,1,,,Compressor makeup gain,471,iuo,33,,,,,,,,ChanComp,,0=0/127=20/[Lin],,,,,,,,,,
Chan007CompMake001,1,7,1,,,Compressor makeup gain,472,iup,33,,,,,,,,ChanComp,,0=0/127=20/[Lin],,,,,,,,,,
Chan008CompMake001,1,8,1,,,Compressor makeup gain,473,iuq,33,,,,,,,,ChanComp,,0=0/127=20/[Lin],,,,,,,,,,
Chan009CompMake001,1,9,1,,,Compressor makeup gain,474,iur,33,,,,,,,,ChanComp,,0=0/127=20/[Lin],,,,,,,,,,
Chan010CompMake001,1,10,1,,,Compressor makeup gain,475,ius,33,,,,,,,,ChanComp,,0=0/127=20/[Lin],,,,,,,,,,
Chan011CompMake001,1,11,1,,,Compressor makeup gain,476,iut,33,,,,,,,,ChanComp,,0=0/127=20/[Lin],,,,,,,,,,
Chan012CompMake001,1,12,1,,,Compressor makeup gain,477,iuu,33,,,,,,,,ChanComp,,0=0/127=20/[Lin],,,,,,,,,,
Chan001CompOn001,1,1,1,,,Compressor on/off,478,iuv,2,,,,,,,,ChanComp,,,,,,,,,,,,
Chan002CompOn001,1,2,1,,,Compressor on/off,479,iuw,2,,,,,,,,ChanComp,,,,,,,,,,,,
Chan003CompOn001,1,3,1,,,Compressor on/off,480,ivh,2,,,,,,,,ChanComp,,,,,,,,,,,,
Chan004CompOn001,1,4,1,,,Compressor on/off,481,ivi,2,,,,,,,,ChanComp,,,,,,,,,,,,
Chan005CompOn001,1,5,1,,,Compressor on/off,482,ivj,2,,,,,,,,ChanComp,,,,,,,,,,,,
Chan006CompOn001,1,6,1,,,Compressor on/off,483,ivk,2,,,,,,,,ChanComp,,,,,,,,,,,,
Chan007CompOn001,1,7,1,,,Compressor on/off,484,ivl,2,,,,,,,,ChanComp,,,,,,,,,,,,
Chan008CompOn001,1,8,1,,,Compressor on/off,485,ivm,2,,,,,,,,ChanComp,,,,,,,,,,,,
Chan009CompOn001,1,9,1,,,Compressor on/off,486,ivn,2,,,,,,,,ChanComp,,,,,,,,,,,,
Chan010CompOn001,1,10,1,,,Compressor on/off,487,ivo,2,,,,,,,,ChanComp,,,,,,,,,,,,
Chan011CompOn001,1,11,1,,,Compressor on/off,488,ivp,2,,,,,,,,ChanComp,,,,,,,,,,,,
Chan012CompOn001,1,12,1,,,Compressor on/off,489,ivq,2,,,,,,,,ChanComp,,,,,,,,,,,,
Chan001CompPar001,1,1,1,,,Parallel compression blend (dry/wet),490,ivr,33,,,,,,,,ChanComp,,0=0/127=100/[Lin],,,,,,,,,,
Chan002CompPar001,1,2,1,,,Parallel compression blend (dry/wet),491,ivs,33,,,,,,,,ChanComp,,0=0/127=100/[Lin],,,,,,,,,,
Chan003CompPar001,1,3,1,,,Parallel compression blend (dry/wet),492,ivt,33,,,,,,,,ChanComp,,0=0/127=100/[Lin],,,,,,,,,,
Chan004CompPar001,1,4,1,,,Parallel compression blend (dry/wet),493,ivu,33,,,,,,,,ChanComp,,0=0/127=100/[Lin],,,,,,,,,,
Chan005CompPar001,1,5,1,,,Parallel compression blend (dry/wet),494,ivv,33,,,,,,,,ChanComp,,0=0/127=100/[Lin],,,,,,,,,,
Chan006CompPar001,1,6,1,,,Parallel compression blend (dry/wet),495,ivw,33,,,,,,,,ChanComp,,0=0/127=100/[Lin],,,,,,,,,,
Chan007CompPar001,1,7,1,,,Parallel compression blend (dry/wet),496,iwh,33,,,,,,,,ChanComp,,0=0/127=100/[Lin],,,,,,,,,,
Chan008CompPar001,1,8,1,,,Parallel compression blend (dry/wet),497,iwi,33,,,,,,,,ChanComp,,0=0/127=100/[Lin],,,,,,,,,,
Chan009CompPar001,1,9,1,,,Parallel compression blend (dry/wet),498,iwj,33,,,,,,,,ChanComp,,0=0/127=100/[Lin],,,,,,,,,,
Chan010CompPar001,1,10,1,,,Parallel compression blend (dry/wet),499,iwk,33,,,,,,,,ChanComp,,0=0/127=100/[Lin],,,,,,,,,,
Chan011CompPar001,1,11,1,,,Parallel compression blend (dry/wet),500,iwl,33,,,,,,,,ChanComp,,0=0/127=100/[Lin],,,,,,,,,,
Chan012CompPar001,1,12,1,,,Parallel compression blend (dry/wet),501,iwm,33,,,,,,,,ChanComp,,0=0/127=100/[Lin],,,,,,,,,,
Chan001CompRat001,1,1,1,,,Compressor ratio (1:1 to 30:1),502,iwn,128,,,,,,,,ChanComp,,0=1/127=30/[Log],,,,,,,,,,
Chan002CompRat001,1,2,1,,,Compressor ratio (1:1 to 30:1),503,iwo,128,,,,,,,,ChanComp,,0=1/127=30/[Log],,,,,,,,,,
Chan003CompRat001,1,3,1,,,Compressor ratio (1:1 to 30:1),504,iwp,128,,,,,,,,ChanComp,,0=1/127=30/[Log],,,,,,,,,,
Chan004CompRat001,1,4,1,,,Compressor ratio (1:1 to 30:1),505,iwq,128,,,,,,,,ChanComp,,0=1/127=30/[Log],,,,,,,,,,
Chan005CompRat001,1,5,1,,,Compressor ratio (1:1 to 30:1),506,iwr,128,,,,,,,,ChanComp,,0=1/127=30/[Log],,,,,,,,,,
Chan006CompRat001,1,6,1,,,Compressor ratio (1:1 to 30:1),507,iws,128,,,,,,,,ChanComp,,0=1/127=30/[Log],,,,,,,,,,
Chan007CompRat001,1,7,1,,,Compressor ratio (1:1 to 30:1),508,iwt,128,,,,,,,,ChanComp,,0=1/127=30/[Log],,,,,,,,,,
Chan008CompRat001,1,8,1,,,Compressor ratio (1:1 to 30:1),509,iwu,128,,,,,,,,ChanComp,,0=1/127=30/[Log],,,,,,,,,,
Chan009CompRat001,1,9,1,,,Compressor ratio (1:1 to 30:1),510,iwv,128,,,,,,,,ChanComp,,0=1/127=30/[Log],,,,,,,,,,
Chan010CompRat001,1,10,1,,,Compressor ratio (1:1 to 30:1),511,iww,128,,,,,,,,ChanComp,,0=1/127=30/[Log],,,,,,,,,,
Chan011CompRat001,1,11,1,,,Compressor ratio (1:1 to 30:1),512,jhh,128,,,,,,,,ChanComp,,0=1/127=30/[Log],,,,,,,,,,
Chan012CompRat001,1,12,1,,,Compressor ratio (1:1 to 30:1),513,jhi,128,,,,,,,,ChanComp,,0=1/127=30/[Log],,,,,,,,,,
Chan001CompRel001,1,1,1,,,Compressor release time,514,jhj,255,,,,,,,,ChanComp,,0=5/254=5000/[Log],,,,,,,,,,
Chan002CompRel001,1,2,1,,,Compressor release time,515,jhk,255,,,,,,,,ChanComp,,0=5/254=5000/[Log],,,,,,,,,,
Chan003CompRel001,1,3,1,,,Compressor release time,516,jhl,255,,,,,,,,ChanComp,,0=5/254=5000/[Log],,,,,,,,,,
Chan004CompRel001,1,4,1,,,Compressor release time,517,jhm,255,,,,,,,,ChanComp,,0=5/254=5000/[Log],,,,,,,,,,
Chan005CompRel001,1,5,1,,,Compressor release time,518,jhn,255,,,,,,,,ChanComp,,0=5/254=5000/[Log],,,,,,,,,,
Chan006CompRel001,1,6,1,,,Compressor release time,519,jho,255,,,,,,,,ChanComp,,0=5/254=5000/[Log],,,,,,,,,,
Chan007CompRel001,1,7,1,,,Compressor release time,520,jhp,255,,,,,,,,ChanComp,,0=5/254=5000/[Log],,,,,,,,,,
Chan008CompRel001,1,8,1,,,Compressor release time,521,jhq,255,,,,,,,,ChanComp,,0=5/254=5000/[Log],,,,,,,,,,
Chan009CompRel001,1,9,1,,,Compressor release time,522,jhr,255,,,,,,,,ChanComp,,0=5/254=5000/[Log],,,,,,,,,,
Chan010CompRel001,1,10,1,,,Compressor release time,523,jhs,255,,,,,,,,ChanComp,,0=5/254=5000/[Log],,,,,,,,,,
Chan011CompRel001,1,11,1,,,Compressor release time,524,jht,255,,,,,,,,ChanComp,,0=5/254=5000/[Log],,,,,,,,,,
Chan012CompRel001,1,12,1,,,Compressor release time,525,jhu,255,,,,,,,,ChanComp,,0=5/254=5000/[Log],,,,,,,,,,
Chan001CompKey001,1,1,1,,,Compressor sidechain key source,526,jhv,33,,,,,,,,ChanComp,,,,,,,,,,,,
Chan002CompKey001,1,2,1,,,Compressor sidechain key source,527,jhw,33,,,,,,,,ChanComp,,,,,,,,,,,,
Chan003CompKey001,1,3,1,,,Compressor sidechain key source,528,jih,33,,,,,,,,ChanComp,,,,,,,,,,,,
Chan004CompKey001,1,4,1,,,Compressor sidechain key source,529,jii,33,,,,,,,,ChanComp,,,,,,,,,,,,
Chan005CompKey001,1,5,1,,,Compressor sidechain key source,530,jij,33,,,,,,,,ChanComp,,,,,,,,,,,,
Chan006CompKey001,1,6,1,,,Compressor sidechain key source,531,jik,33,,,,,,,,ChanComp,,,,,,,,,,,,
Chan007CompKey001,1,7,1,,,Compressor sidechain key source,532,jil,33,,,,,,,,ChanComp,,,,,,,,,,,,
Chan008CompKey001,1,8,1,,,Compressor sidechain key source,533,jim,33,,,,,,,,ChanComp,,,,,,,,,,,,
Chan009CompKey001,1,9,1,,,Compressor sidechain key source,534,jin,33,,,,,,,,ChanComp,,,,,,,,,,,,
Chan010CompKey001,1,10,1,,,Compressor sidechain key source,535,jio,33,,,,,,,,ChanComp,,,,,,,,,,,,
Chan011CompKey001,1,11,1,,,Compressor sidechain key source,536,jip,33,,,,,,,,ChanComp,,,,,,,,,,,,
Chan012CompKey001,1,12,1,,,Compressor sidechain key source,537,jiq,33,,,,,,,,ChanComp,,,,,,,,,,,,
Chan001CompDetSrc001,1,1,1,,,Compressor self-key tap source (PreEQ/PostEQ),538,jir,2,,,,,,,,ChanComp,,,,,,,,,,,,
Chan002CompDetSrc001,1,2,1,,,Compressor self-key tap source (PreEQ/PostEQ),539,jis,2,,,,,,,,ChanComp,,,,,,,,,,,,
Chan003CompDetSrc001,1,3,1,,,Compressor self-key tap source (PreEQ/PostEQ),540,jit,2,,,,,,,,ChanComp,,,,,,,,,,,,
Chan004CompDetSrc001,1,4,1,,,Compressor self-key tap source (PreEQ/PostEQ),541,jiu,2,,,,,,,,ChanComp,,,,,,,,,,,,
Chan005CompDetSrc001,1,5,1,,,Compressor self-key tap source (PreEQ/PostEQ),542,jiv,2,,,,,,,,ChanComp,,,,,,,,,,,,
Chan006CompDetSrc001,1,6,1,,,Compressor self-key tap source (PreEQ/PostEQ),543,jiw,2,,,,,,,,ChanComp,,,,,,,,,,,,
Chan007CompDetSrc001,1,7,1,,,Compressor self-key tap source (PreEQ/PostEQ),544,jjh,2,,,,,,,,ChanComp,,,,,,,,,,,,
Chan008CompDetSrc001,1,8,1,,,Compressor self-key tap source (PreEQ/PostEQ),545,jji,2,,,,,,,,ChanComp,,,,,,,,,,,,
Chan009CompDetSrc001,1,9,1,,,Compressor self-key tap source (PreEQ/PostEQ),546,jjj,2,,,,,,,,ChanComp,,,,,,,,,,,,
Chan010CompDetSrc001,1,10,1,,,Compressor self-key tap source (PreEQ/PostEQ),547,jjk,2,,,,,,,,ChanComp,,,,,,,,,,,,
Chan011CompDetSrc001,1,11,1,,,Compressor self-key tap source (PreEQ/PostEQ),548,jjl,2,,,,,,,,ChanComp,,,,,,,,,,,,
Chan012CompDetSrc001,1,12,1,,,Compressor self-key tap source (PreEQ/PostEQ),549,jjm,2,,,,,,,,ChanComp,,,,,,,,,,,,
Chan001CompFilterOn001,1,1,1,,,Compressor sidechain filter on/off,550,jjn,2,,,,,,,,ChanComp,,,,,,,,,,,,
Chan002CompFilterOn001,1,2,1,,,Compressor sidechain filter on/off,551,jjo,2,,,,,,,,ChanComp,,,,,,,,,,,,
Chan003CompFilterOn001,1,3,1,,,Compressor sidechain filter on/off,552,jjp,2,,,,,,,,ChanComp,,,,,,,,,,,,
Chan004CompFilterOn001,1,4,1,,,Compressor sidechain filter on/off,553,jjq,2,,,,,,,,ChanComp,,,,,,,,,,,,
Chan005CompFilterOn001,1,5,1,,,Compressor sidechain filter on/off,554,jjr,2,,,,,,,,ChanComp,,,,,,,,,,,,
Chan006CompFilterOn001,1,6,1,,,Compressor sidechain filter on/off,555,jjs,2,,,,,,,,ChanComp,,,,,,,,,,,,
Chan007CompFilterOn001,1,7,1,,,Compressor sidechain filter on/off,556,jjt,2,,,,,,,,ChanComp,,,,,,,,,,,,
Chan008CompFilterOn001,1,8,1,,,Compressor sidechain filter on/off,557,jju,2,,,,,,,,ChanComp,,,,,,,,,,,,
Chan009CompFilterOn001,1,9,1,,,Compressor sidechain filter on/off,558,jjv,2,,,,,,,,ChanComp,,,,,,,,,,,,
Chan010CompFilterOn001,1,10,1,,,Compressor sidechain filter on/off,559,jjw,2,,,,,,,,ChanComp,,,,,,,,,,,,
Chan011CompFilterOn001,1,11,1,,,Compressor sidechain filter on/off,560,jkh,2,,,,,,,,ChanComp,,,,,,,,,,,,
Chan012CompFilterOn001,1,12,1,,,Compressor sidechain filter on/off,561,jki,2,,,,,,,,ChanComp,,,,,,,,,,,,
Chan001CompFilterHpf001,1,1,1,,,Compressor sidechain HPF frequency,562,jkj,65,32,,,,,,,ChanComp,,0=20/64=1000/[Log],,,,,,,,,,
Chan002CompFilterHpf001,1,2,1,,,Compressor sidechain HPF frequency,563,jkk,65,32,,,,,,,ChanComp,,0=20/64=1000/[Log],,,,,,,,,,
Chan003CompFilterHpf001,1,3,1,,,Compressor sidechain HPF frequency,564,jkl,65,32,,,,,,,ChanComp,,0=20/64=1000/[Log],,,,,,,,,,
Chan004CompFilterHpf001,1,4,1,,,Compressor sidechain HPF frequency,565,jkm,65,32,,,,,,,ChanComp,,0=20/64=1000/[Log],,,,,,,,,,
Chan005CompFilterHpf001,1,5,1,,,Compressor sidechain HPF frequency,566,jkn,65,32,,,,,,,ChanComp,,0=20/64=1000/[Log],,,,,,,,,,
Chan006CompFilterHpf001,1,6,1,,,Compressor sidechain HPF frequency,567,jko,65,32,,,,,,,ChanComp,,0=20/64=1000/[Log],,,,,,,,,,
Chan007CompFilterHpf001,1,7,1,,,Compressor sidechain HPF frequency,568,jkp,65,32,,,,,,,ChanComp,,0=20/64=1000/[Log],,,,,,,,,,
Chan008CompFilterHpf001,1,8,1,,,Compressor sidechain HPF frequency,569,jkq,65,32,,,,,,,ChanComp,,0=20/64=1000/[Log],,,,,,,,,,
Chan009CompFilterHpf001,1,9,1,,,Compressor sidechain HPF frequency,570,jkr,65,32,,,,,,,ChanComp,,0=20/64=1000/[Log],,,,,,,,,,
Chan010CompFilterHpf001,1,10,1,,,Compressor sidechain HPF frequency,571,jks,65,32,,,,,,,ChanComp,,0=20/64=1000/[Log],,,,,,,,,,
Chan011CompFilterHpf001,1,11,1,,,Compressor sidechain HPF frequency,572,jkt,65,32,,,,,,,ChanComp,,0=20/64=1000/[Log],,,,,,,,,,
Chan012CompFilterHpf001,1,12,1,,,Compressor sidechain HPF frequency,573,jku,65,32,,,,,,,ChanComp,,0=20/64=1000/[Log],,,,,,,,,,
Chan001CompFilterLpf001,1,1,1,,,Compressor sidechain LPF frequency,574,jkv,255,127,,,,,,,ChanComp,,0=500/127=20000/[Log],,,,,,,,,,
Chan002CompFilterLpf001,1,2,1,,,Compressor sidechain LPF frequency,575,jkw,255,127,,,,,,,ChanComp,,0=500/127=20000/[Log],,,,,,,,,,
Chan003CompFilterLpf001,1,3,1,,,Compressor sidechain LPF frequency,576,jlh,255,127,,,,,,,ChanComp,,0=500/127=20000/[Log],,,,,,,,,,
Chan004CompFilterLpf001,1,4,1,,,Compressor sidechain LPF frequency,577,jli,255,127,,,,,,,ChanComp,,0=500/127=20000/[Log],,,,,,,,,,
Chan005CompFilterLpf001,1,5,1,,,Compressor sidechain LPF frequency,578,jlj,255,127,,,,,,,ChanComp,,0=500/127=20000/[Log],,,,,,,,,,
Chan006CompFilterLpf001,1,6,1,,,Compressor sidechain LPF frequency,579,jlk,255,127,,,,,,,ChanComp,,0=500/127=20000/[Log],,,,,,,,,,
Chan007CompFilterLpf001,1,7,1,,,Compressor sidechain LPF frequency,580,jll,255,127,,,,,,,ChanComp,,0=500/127=20000/[Log],,,,,,,,,,
Chan008CompFilterLpf001,1,8,1,,,Compressor sidechain LPF frequency,581,jlm,255,127,,,,,,,ChanComp,,0=500/127=20000/[Log],,,,,,,,,,
Chan009CompFilterLpf001,1,9,1,,,Compressor sidechain LPF frequency,582,jln,255,127,,,,,,,ChanComp,,0=500/127=20000/[Log],,,,,,,,,,
Chan010CompFilterLpf001,1,10,1,,,Compressor sidechain LPF frequency,583,jlo,255,127,,,,,,,ChanComp,,0=500/127=20000/[Log],,,,,,,,,,
Chan011CompFilterLpf001,1,11,1,,,Compressor sidechain LPF frequency,584,jlp,255,127,,,,,,,ChanComp,,0=500/127=20000/[Log],,,,,,,,,,
Chan012CompFilterLpf001,1,12,1,,,Compressor sidechain LPF frequency,585,jlq,255,127,,,,,,,ChanComp,,0=500/127=20000/[Log],,,,,,,,,,
Chan001CompFilterQ001,1,1,1,,,Compressor sidechain filter Q,586,jlr,15,7,,,,,,,ChanComp,,0=0.1/14=10/[Log],,,,,,,,,,
Chan002CompFilterQ001,1,2,1,,,Compressor sidechain filter Q,587,jls,15,7,,,,,,,ChanComp,,0=0.1/14=10/[Log],,,,,,,,,,
Chan003CompFilterQ001,1,3,1,,,Compressor sidechain filter Q,588,jlt,15,7,,,,,,,ChanComp,,0=0.1/14=10/[Log],,,,,,,,,,
Chan004CompFilterQ001,1,4,1,,,Compressor sidechain filter Q,589,jlu,15,7,,,,,,,ChanComp,,0=0.1/14=10/[Log],,,,,,,,,,
Chan005CompFilterQ001,1,5,1,,,Compressor sidechain filter Q,590,jlv,15,7,,,,,,,ChanComp,,0=0.1/14=10/[Log],,,,,,,,,,
Chan006CompFilterQ001,1,6,1,,,Compressor sidechain filter Q,591,jlw,15,7,,,,,,,ChanComp,,0=0.1/14=10/[Log],,,,,,,,,,
Chan007CompFilterQ001,1,7,1,,,Compressor sidechain filter Q,592,jmh,15,7,,,,,,,ChanComp,,0=0.1/14=10/[Log],,,,,,,,,,
Chan008CompFilterQ001,1,8,1,,,Compressor sidechain filter Q,593,jmi,15,7,,,,,,,ChanComp,,0=0.1/14=10/[Log],,,,,,,,,,
Chan009CompFilterQ001,1,9,1,,,Compressor sidechain filter Q,594,jmj,15,7,,,,,,,ChanComp,,0=0.1/14=10/[Log],,,,,,,,,,
Chan010CompFilterQ001,1,10,1,,,Compressor sidechain filter Q,595,jmk,15,7,,,,,,,ChanComp,,0=0.1/14=10/[Log],,,,,,,,,,
Chan011CompFilterQ001,1,11,1,,,Compressor sidechain filter Q,596,jml,15,7,,,,,,,ChanComp,,0=0.1/14=10/[Log],,,,,,,,,,
Chan012CompFilterQ001,1,12,1,,,Compressor sidechain filter Q,597,jmm,15,7,,,,,,,ChanComp,,0=0.1/14=10/[Log],,,,,,,,,,
Chan001CompLimMode001,1,1,1,,,Compressor/Limiter mode toggle,598,jmn,2,,,,,,,,ChanComp,,,,,,,,,,,,
Chan002CompLimMode001,1,2,1,,,Compressor/Limiter mode toggle,599,jmo,2,,,,,,,,ChanComp,,,,,,,,,,,,
Chan003CompLimMode001,1,3,1,,,Compressor/Limiter mode toggle,600,jmp,2,,,,,,,,ChanComp,,,,,,,,,,,,
Chan004CompLimMode001,1,4,1,,,Compressor/Limiter mode toggle,601,jmq,2,,,,,,,,ChanComp,,,,,,,,,,,,
Chan005CompLimMode001,1,5,1,,,Compressor/Limiter mode toggle,602,jmr,2,,,,,,,,ChanComp,,,,,,,,,,,,
Chan006CompLimMode001,1,6,1,,,Compressor/Limiter mode toggle,603,jms,2,,,,,,,,ChanComp,,,,,,,,,,,,
Chan007CompLimMode001,1,7,1,,,Compressor/Limiter mode toggle,604,jmt,2,,,,,,,,ChanComp,,,,,,,,,,,,
Chan008CompLimMode001,1,8,1,,,Compressor/Limiter mode toggle,605,jmu,2,,,,,,,,ChanComp,,,,,,,,,,,,
Chan009CompLimMode001,1,9,1,,,Compressor/Limiter mode toggle,606,jmv,2,,,,,,,,ChanComp,,,,,,,,,,,,
Chan010CompLimMode001,1,10,1,,,Compressor/Limiter mode toggle,607,jmw,2,,,,,,,,ChanComp,,,,,,,,,,,,
Chan011CompLimMode001,1,11,1,,,Compressor/Limiter mode toggle,608,jnh,2,,,,,,,,ChanComp,,,,,,,,,,,,
Chan012CompLimMode001,1,12,1,,,Compressor/Limiter mode toggle,609,jni,2,,,,,,,,ChanComp,,,,,,,,,,,,
Chan001CompEqPos001,1,1,1,,,Compressor EQ position (Pre/Post),610,jnj,2,,,,,,,,ChanComp,,,,,,,,,,,,
Chan002CompEqPos001,1,2,1,,,Compressor EQ position (Pre/Post),611,jnk,2,,,,,,,,ChanComp,,,,,,,,,,,,
Chan003CompEqPos001,1,3,1,,,Compressor EQ position (Pre/Post),612,jnl,2,,,,,,,,ChanComp,,,,,,,,,,,,
Chan004CompEqPos001,1,4,1,,,Compressor EQ position (Pre/Post),613,jnm,2,,,,,,,,ChanComp,,,,,,,,,,,,
Chan005CompEqPos001,1,5,1,,,Compressor EQ position (Pre/Post),614,jnn,2,,,,,,,,ChanComp,,,,,,,,,,,,
Chan006CompEqPos001,1,6,1,,,Compressor EQ position (Pre/Post),615,jno,2,,,,,,,,ChanComp,,,,,,,,,,,,
Chan007CompEqPos001,1,7,1,,,Compressor EQ position (Pre/Post),616,jnp,2,,,,,,,,ChanComp,,,,,,,,,,,,
Chan008CompEqPos001,1,8,1,,,Compressor EQ position (Pre/Post),617,jnq,2,,,,,,,,ChanComp,,,,,,,,,,,,
Chan009CompEqPos001,1,9,1,,,Compressor EQ position (Pre/Post),618,jnr,2,,,,,,,,ChanComp,,,,,,,,,,,,
Chan010CompEqPos001,1,10,1,,,Compressor EQ position (Pre/Post),619,jns,2,,,,,,,,ChanComp,,,,,,,,,,,,
Chan011CompEqPos001,1,11,1,,,Compressor EQ position (Pre/Post),620,jnt,2,,,,,,,,ChanComp,,,,,,,,,,,,
Chan012CompEqPos001,1,12,1,,,Compressor EQ position (Pre/Post),621,jnu,2,,,,,,,,ChanComp,,,,,,,,,,,,
Chan001CompThr001,1,1,1,,,Compressor threshold level,622,jnv,141,,,,,,,,ChanComp,,0=-60/140=10/[Lin],,,,,,,,,,
Chan002CompThr001,1,2,1,,,Compressor threshold level,623,jnw,141,,,,,,,,ChanComp,,0=-60/140=10/[Lin],,,,,,,,,,
Chan003CompThr001,1,3,1,,,Compressor threshold level,624,joh,141,,,,,,,,ChanComp,,0=-60/140=10/[Lin],,,,,,,,,,
Chan004CompThr001,1,4,1,,,Compressor threshold level,625,joi,141,,,,,,,,ChanComp,,0=-60/140=10/[Lin],,,,,,,,,,
Chan005CompThr001,1,5,1,,,Compressor threshold level,626,joj,141,,,,,,,,ChanComp,,0=-60/140=10/[Lin],,,,,,,,,,
Chan006CompThr001,1,6,1,,,Compressor threshold level,627,jok,141,,,,,,,,ChanComp,,0=-60/140=10/[Lin],,,,,,,,,,
Chan007CompThr001,1,7,1,,,Compressor threshold level,628,jol,141,,,,,,,,ChanComp,,0=-60/140=10/[Lin],,,,,,,,,,
Chan008CompThr001,1,8,1,,,Compressor threshold level,629,jom,141,,,,,,,,ChanComp,,0=-60/140=10/[Lin],,,,,,,,,,
Chan009CompThr001,1,9,1,,,Compressor threshold level,630,jon,141,,,,,,,,ChanComp,,0=-60/140=10/[Lin],,,,,,,,,,
Chan010CompThr001,1,10,1,,,Compressor threshold level,631,joo,141,,,,,,,,ChanComp,,0=-60/140=10/[Lin],,,,,,,,,,
Chan011CompThr001,1,11,1,,,Compressor threshold level,632,jop,141,,,,,,,,ChanComp,,0=-60/140=10/[Lin],,,,,,,,,,
Chan012CompThr001,1,12,1,,,Compressor threshold level,633,joq,141,,,,,,,,ChanComp,,0=-60/140=10/[Lin],,,,,,,,,,
Chan001CompType001,1,1,1,,,Compressor type (Tube/FET/VCA/Optical),634,jor,4,,,,,,,,ChanComp,,,,,,,,,,,,
Chan002CompType001,1,2,1,,,Compressor type (Tube/FET/VCA/Optical),635,jos,4,,,,,,,,ChanComp,,,,,,,,,,,,
Chan003CompType001,1,3,1,,,Compressor type (Tube/FET/VCA/Optical),636,jot,4,,,,,,,,ChanComp,,,,,,,,,,,,
Chan004CompType001,1,4,1,,,Compressor type (Tube/FET/VCA/Optical),637,jou,4,,,,,,,,ChanComp,,,,,,,,,,,,
Chan005CompType001,1,5,1,,,Compressor type (Tube/FET/VCA/Optical),638,jov,4,,,,,,,,ChanComp,,,,,,,,,,,,
Chan006CompType001,1,6,1,,,Compressor type (Tube/FET/VCA/Optical),639,jow,4,,,,,,,,ChanComp,,,,,,,,,,,,
Chan007CompType001,1,7,1,,,Compressor type (Tube/FET/VCA/Optical),640,jph,4,,,,,,,,ChanComp,,,,,,,,,,,,
Chan008CompType001,1,8,1,,,Compressor type (Tube/FET/VCA/Optical),641,jpi,4,,,,,,,,ChanComp,,,,,,,,,,,,
Chan009CompType001,1,9,1,,,Compressor type (Tube/FET/VCA/Optical),642,jpj,4,,,,,,,,ChanComp,,,,,,,,,,,,
Chan010CompType001,1,10,1,,,Compressor type (Tube/FET/VCA/Optical),643,jpk,4,,,,,,,,ChanComp,,,,,,,,,,,,
Chan011CompType001,1,11,1,,,Compressor type (Tube/FET/VCA/Optical),644,jpl,4,,,,,,,,ChanComp,,,,,,,,,,,,
Chan012CompType001,1,12,1,,,Compressor type (Tube/FET/VCA/Optical),645,jpm,4,,,,,,,,ChanComp,,,,,,,,,,,,
Chan001CueSel001,1,1,1,,false,Channel cue/solo select (PFL/AFL/SIP),646,jpn,2,,,,,,,,Chan_Rtg,,,,,,,,,,,,
Chan002CueSel001,1,2,1,,false,Channel cue/solo select (PFL/AFL/SIP),647,jpo,2,,,,,,,,Chan_Rtg,,,,,,,,,,,,
Chan003CueSel001,1,3,1,,false,Channel cue/solo select (PFL/AFL/SIP),648,jpp,2,,,,,,,,Chan_Rtg,,,,,,,,,,,,
Chan004CueSel001,1,4,1,,false,Channel cue/solo select (PFL/AFL/SIP),649,jpq,2,,,,,,,,Chan_Rtg,,,,,,,,,,,,
Chan005CueSel001,1,5,1,,false,Channel cue/solo select (PFL/AFL/SIP),650,jpr,2,,,,,,,,Chan_Rtg,,,,,,,,,,,,
Chan006CueSel001,1,6,1,,false,Channel cue/solo select (PFL/AFL/SIP),651,jps,2,,,,,,,,Chan_Rtg,,,,,,,,,,,,
Chan007CueSel001,1,7,1,,false,Channel cue/solo select (PFL/AFL/SIP),652,jpt,2,,,,,,,,Chan_Rtg,,,,,,,,,,,,
Chan008CueSel001,1,8,1,,false,Channel cue/solo select (PFL/AFL/SIP),653,jpu,2,,,,,,,,Chan_Rtg,,,,,,,,,,,,
Chan009CueSel001,1,9,1,,false,Channel cue/solo select (PFL/AFL/SIP),654,jpv,2,,,,,,,,Chan_Rtg,,,,,,,,,,,,
Chan010CueSel001,1,10,1,,false,Channel cue/solo select (PFL/AFL/SIP),655,jpw,2,,,,,,,,Chan_Rtg,,,,,,,,,,,,
Chan011CueSel001,1,11,1,,false,Channel cue/solo select (PFL/AFL/SIP),656,jqh,2,,,,,,,,Chan_Rtg,,,,,,,,,,,,
Chan012CueSel001,1,12,1,,false,Channel cue/solo select (PFL/AFL/SIP),657,jqi,2,,,,,,,,Chan_Rtg,,,,,,,,,,,,
Chan001Delay001,1,1,1,,,Channel input delay up to 250ms,658,jqj,255,,,,,,,,,,0=0/127=250/[Log],,,,,,,,,,
Chan002Delay001,1,2,1,,,Channel input delay up to 250ms,659,jqk,255,,,,,,,,,,0=0/127=250/[Log],,,,,,,,,,
Chan003Delay001,1,3,1,,,Channel input delay up to 250ms,660,jql,255,,,,,,,,,,0=0/127=250/[Log],,,,,,,,,,
Chan004Delay001,1,4,1,,,Channel input delay up to 250ms,661,jqm,255,,,,,,,,,,0=0/127=250/[Log],,,,,,,,,,
Chan005Delay001,1,5,1,,,Channel input delay up to 250ms,662,jqn,255,,,,,,,,,,0=0/127=250/[Log],,,,,,,,,,
Chan006Delay001,1,6,1,,,Channel input delay up to 250ms,663,jqo,255,,,,,,,,,,0=0/127=250/[Log],,,,,,,,,,
Chan007Delay001,1,7,1,,,Channel input delay up to 250ms,664,jqp,255,,,,,,,,,,0=0/127=250/[Log],,,,,,,,,,
Chan008Delay001,1,8,1,,,Channel input delay up to 250ms,665,jqq,255,,,,,,,,,,0=0/127=250/[Log],,,,,,,,,,
Chan009Delay001,1,9,1,,,Channel input delay up to 250ms,666,jqr,255,,,,,,,,,,0=0/127=250/[Log],,,,,,,,,,
Chan010Delay001,1,10,1,,,Channel input delay up to 250ms,667,jqs,255,,,,,,,,,,0=0/127=250/[Log],,,,,,,,,,
Chan011Delay001,1,11,1,,,Channel input delay up to 250ms,668,jqt,255,,,,,,,,,,0=0/127=250/[Log],,,,,,,,,,
Chan012Delay001,1,12,1,,,Channel input delay up to 250ms,669,jqu,255,,,,,,,,,,0=0/127=250/[Log],,,,,,,,,,
Chan001EqFreq001,1,1,1,,,4-band parametric EQ frequency,670,jqv,255,127,,,,,,,Chan_Eq,,0=20/254=200/[Log][0dp],,,,,,,,,,
Chan002EqFreq001,1,2,1,,,4-band parametric EQ frequency,671,jqw,255,127,,,,,,,Chan_Eq,,0=20/254=200/[Log][0dp],,,,,,,,,,
Chan003EqFreq001,1,3,1,,,4-band parametric EQ frequency,672,jrh,255,127,,,,,,,Chan_Eq,,0=20/254=200/[Log][0dp],,,,,,,,,,
Chan004EqFreq001,1,4,1,,,4-band parametric EQ frequency,673,jri,255,127,,,,,,,Chan_Eq,,0=20/254=200/[Log][0dp],,,,,,,,,,
Chan005EqFreq001,1,5,1,,,4-band parametric EQ frequency,674,jrj,255,127,,,,,,,Chan_Eq,,0=20/254=200/[Log][0dp],,,,,,,,,,
Chan006EqFreq001,1,6,1,,,4-band parametric EQ frequency,675,jrk,255,127,,,,,,,Chan_Eq,,0=20/254=200/[Log][0dp],,,,,,,,,,
Chan007EqFreq001,1,7,1,,,4-band parametric EQ frequency,676,jrl,255,127,,,,,,,Chan_Eq,,0=20/254=200/[Log][0dp],,,,,,,,,,
Chan008EqFreq001,1,8,1,,,4-band parametric EQ frequency,677,jrm,255,127,,,,,,,Chan_Eq,,0=20/254=200/[Log][0dp],,,,,,,,,,
Chan009EqFreq001,1,9,1,,,4-band parametric EQ frequency,678,jrn,255,127,,,,,,,Chan_Eq,,0=20/254=200/[Log][0dp],,,,,,,,,,
Chan010EqFreq001,1,10,1,,,4-band parametric EQ frequency,679,jro,255,127,,,,,,,Chan_Eq,,0=20/254=200/[Log][0dp],,,,,,,,,,
Chan011EqFreq001,1,11,1,,,4-band parametric EQ frequency,680,jrp,255,127,,,,,,,Chan_Eq,,0=20/254=200/[Log][0dp],,,,,,,,,,
Chan012EqFreq001,1,12,1,,,4-band parametric EQ frequency,681,jrq,255,127,,,,,,,Chan_Eq,,0=20/254=200/[Log][0dp],,,,,,,,,,
Chan001EqFreq002,1,1,2,,,4-band parametric EQ frequency,682,jrr,255,127,,,,,,,Chan_Eq,,0=100/254=1000/[Log][0dp],,,,,,,,,,
Chan002EqFreq002,1,2,2,,,4-band parametric EQ frequency,683,jrs,255,127,,,,,,,Chan_Eq,,0=100/254=1000/[Log][0dp],,,,,,,,,,
Chan003EqFreq002,1,3,2,,,4-band parametric EQ frequency,684,jrt,255,127,,,,,,,Chan_Eq,,0=100/254=1000/[Log][0dp],,,,,,,,,,
Chan004EqFreq002,1,4,2,,,4-band parametric EQ frequency,685,jru,255,127,,,,,,,Chan_Eq,,0=100/254=1000/[Log][0dp],,,,,,,,,,
Chan005EqFreq002,1,5,2,,,4-band parametric EQ frequency,686,jrv,255,127,,,,,,,Chan_Eq,,0=100/254=1000/[Log][0dp],,,,,,,,,,
Chan006EqFreq002,1,6,2,,,4-band parametric EQ frequency,687,jrw,255,127,,,,,,,Chan_Eq,,0=100/254=1000/[Log][0dp],,,,,,,,,,
Chan007EqFreq002,1,7,2,,,4-band parametric EQ frequency,688,jsh,255,127,,,,,,,Chan_Eq,,0=100/254=1000/[Log][0dp],,,,,,,,,,
Chan008EqFreq002,1,8,2,,,4-band parametric EQ frequency,689,jsi,255,127,,,,,,,Chan_Eq,,0=100/254=1000/[Log][0dp],,,,,,,,,,
Chan009EqFreq002,1,9,2,,,4-band parametric EQ frequency,690,jsj,255,127,,,,,,,Chan_Eq,,0=100/254=1000/[Log][0dp],,,,,,,,,,
Chan010EqFreq002,1,10,2,,,4-band parametric EQ frequency,691,jsk,255,127,,,,,,,Chan_Eq,,0=100/254=1000/[Log][0dp],,,,,,,,,,
Chan011EqFreq002,1,11,2,,,4-band parametric EQ frequency,692,jsl,255,127,,,,,,,Chan_Eq,,0=100/254=1000/[Log][0dp],,,,,,,,,,
Chan012EqFreq002,1,12,2,,,4-band parametric EQ frequency,693,jsm,255,127,,,,,,,Chan_Eq,,0=100/254=1000/[Log][0dp],,,,,,,,,,
Chan001EqFreq003,1,1,3,,,4-band parametric EQ frequency,694,jsn,255,127,,,,,,,Chan_Eq,,0=800/254=5000/[Log][0dp],,,,,,,,,,
Chan002EqFreq003,1,2,3,,,4-band parametric EQ frequency,695,jso,255,127,,,,,,,Chan_Eq,,0=800/254=5000/[Log][0dp],,,,,,,,,,
Chan003EqFreq003,1,3,3,,,4-band parametric EQ frequency,696,jsp,255,127,,,,,,,Chan_Eq,,0=800/254=5000/[Log][0dp],,,,,,,,,,
Chan004EqFreq003,1,4,3,,,4-band parametric EQ frequency,697,jsq,255,127,,,,,,,Chan_Eq,,0=800/254=5000/[Log][0dp],,,,,,,,,,
Chan005EqFreq003,1,5,3,,,4-band parametric EQ frequency,698,jsr,255,127,,,,,,,Chan_Eq,,0=800/254=5000/[Log][0dp],,,,,,,,,,
Chan006EqFreq003,1,6,3,,,4-band parametric EQ frequency,699,jss,255,127,,,,,,,Chan_Eq,,0=800/254=5000/[Log][0dp],,,,,,,,,,
Chan007EqFreq003,1,7,3,,,4-band parametric EQ frequency,700,jst,255,127,,,,,,,Chan_Eq,,0=800/254=5000/[Log][0dp],,,,,,,,,,
Chan008EqFreq003,1,8,3,,,4-band parametric EQ frequency,701,jsu,255,127,,,,,,,Chan_Eq,,0=800/254=5000/[Log][0dp],,,,,,,,,,
Chan009EqFreq003,1,9,3,,,4-band parametric EQ frequency,702,jsv,255,127,,,,,,,Chan_Eq,,0=800/254=5000/[Log][0dp],,,,,,,,,,
Chan010EqFreq003,1,10,3,,,4-band parametric EQ frequency,703,jsw,255,127,,,,,,,Chan_Eq,,0=800/254=5000/[Log][0dp],,,,,,,,,,
Chan011EqFreq003,1,11,3,,,4-band parametric EQ frequency,704,jth,255,127,,,,,,,Chan_Eq,,0=800/254=5000/[Log][0dp],,,,,,,,,,
Chan012EqFreq003,1,12,3,,,4-band parametric EQ frequency,705,jti,255,127,,,,,,,Chan_Eq,,0=800/254=5000/[Log][0dp],,,,,,,,,,
Chan001EqFreq004,1,1,4,,,4-band parametric EQ frequency,706,jtj,255,127,,,,,,,Chan_Eq,,0=3000/254=20000/[Log][0dp],,,,,,,,,,
Chan002EqFreq004,1,2,4,,,4-band parametric EQ frequency,707,jtk,255,127,,,,,,,Chan_Eq,,0=3000/254=20000/[Log][0dp],,,,,,,,,,
Chan003EqFreq004,1,3,4,,,4-band parametric EQ frequency,708,jtl,255,127,,,,,,,Chan_Eq,,0=3000/254=20000/[Log][0dp],,,,,,,,,,
Chan004EqFreq004,1,4,4,,,4-band parametric EQ frequency,709,jtm,255,127,,,,,,,Chan_Eq,,0=3000/254=20000/[Log][0dp],,,,,,,,,,
Chan005EqFreq004,1,5,4,,,4-band parametric EQ frequency,710,jtn,255,127,,,,,,,Chan_Eq,,0=3000/254=20000/[Log][0dp],,,,,,,,,,
Chan006EqFreq004,1,6,4,,,4-band parametric EQ frequency,711,jto,255,127,,,,,,,Chan_Eq,,0=3000/254=20000/[Log][0dp],,,,,,,,,,
Chan007EqFreq004,1,7,4,,,4-band parametric EQ frequency,712,jtp,255,127,,,,,,,Chan_Eq,,0=3000/254=20000/[Log][0dp],,,,,,,,,,
Chan008EqFreq004,1,8,4,,,4-band parametric EQ frequency,713,jtq,255,127,,,,,,,Chan_Eq,,0=3000/254=20000/[Log][0dp],,,,,,,,,,
Chan009EqFreq004,1,9,4,,,4-band parametric EQ frequency,714,jtr,255,127,,,,,,,Chan_Eq,,0=3000/254=20000/[Log][0dp],,,,,,,,,,
Chan010EqFreq004,1,10,4,,,4-band parametric EQ frequency,715,jts,255,127,,,,,,,Chan_Eq,,0=3000/254=20000/[Log][0dp],,,,,,,,,,
Chan011EqFreq004,1,11,4,,,4-band parametric EQ frequency,716,jtt,255,127,,,,,,,Chan_Eq,,0=3000/254=20000/[Log][0dp],,,,,,,,,,
Chan012EqFreq004,1,12,4,,,4-band parametric EQ frequency,717,jtu,255,127,,,,,,,Chan_Eq,,0=3000/254=20000/[Log][0dp],,,,,,,,,,
Chan001EqGain001,1,1,1,,,4-band parametric EQ gain ±15dB,718,jtv,121,60,,,,,,,Chan_Eq,,0=-15/120=15/[Lin][2dp],,,,,,,,,,
Chan001EqGain002,1,1,2,,,4-band parametric EQ gain ±15dB,719,jtw,121,60,,,,,,,Chan_Eq,,0=-15/120=15/[Lin][2dp],,,,,,,,,,
Chan001EqGain003,1,1,3,,,4-band parametric EQ gain ±15dB,720,juh,121,60,,,,,,,Chan_Eq,,0=-15/120=15/[Lin][2dp],,,,,,,,,,
Chan001EqGain004,1,1,4,,,4-band parametric EQ gain ±15dB,721,jui,121,60,,,,,,,Chan_Eq,,0=-15/120=15/[Lin][2dp],,,,,,,,,,
Chan002EqGain001,1,2,1,,,4-band parametric EQ gain ±15dB,722,juj,121,60,,,,,,,Chan_Eq,,0=-15/120=15/[Lin][2dp],,,,,,,,,,
Chan002EqGain002,1,2,2,,,4-band parametric EQ gain ±15dB,723,juk,121,60,,,,,,,Chan_Eq,,0=-15/120=15/[Lin][2dp],,,,,,,,,,
Chan002EqGain003,1,2,3,,,4-band parametric EQ gain ±15dB,724,jul,121,60,,,,,,,Chan_Eq,,0=-15/120=15/[Lin][2dp],,,,,,,,,,
Chan002EqGain004,1,2,4,,,4-band parametric EQ gain ±15dB,725,jum,121,60,,,,,,,Chan_Eq,,0=-15/120=15/[Lin][2dp],,,,,,,,,,
Chan003EqGain001,1,3,1,,,4-band parametric EQ gain ±15dB,726,jun,121,60,,,,,,,Chan_Eq,,0=-15/120=15/[Lin][2dp],,,,,,,,,,
Chan003EqGain002,1,3,2,,,4-band parametric EQ gain ±15dB,727,juo,121,60,,,,,,,Chan_Eq,,0=-15/120=15/[Lin][2dp],,,,,,,,,,
Chan003EqGain003,1,3,3,,,4-band parametric EQ gain ±15dB,728,jup,121,60,,,,,,,Chan_Eq,,0=-15/120=15/[Lin][2dp],,,,,,,,,,
Chan003EqGain004,1,3,4,,,4-band parametric EQ gain ±15dB,729,juq,121,60,,,,,,,Chan_Eq,,0=-15/120=15/[Lin][2dp],,,,,,,,,,
Chan004EqGain001,1,4,1,,,4-band parametric EQ gain ±15dB,730,jur,121,60,,,,,,,Chan_Eq,,0=-15/120=15/[Lin][2dp],,,,,,,,,,
Chan004EqGain002,1,4,2,,,4-band parametric EQ gain ±15dB,731,jus,121,60,,,,,,,Chan_Eq,,0=-15/120=15/[Lin][2dp],,,,,,,,,,
Chan004EqGain003,1,4,3,,,4-band parametric EQ gain ±15dB,732,jut,121,60,,,,,,,Chan_Eq,,0=-15/120=15/[Lin][2dp],,,,,,,,,,
Chan004EqGain004,1,4,4,,,4-band parametric EQ gain ±15dB,733,juu,121,60,,,,,,,Chan_Eq,,0=-15/120=15/[Lin][2dp],,,,,,,,,,
Chan005EqGain001,1,5,1,,,4-band parametric EQ gain ±15dB,734,juv,121,60,,,,,,,Chan_Eq,,0=-15/120=15/[Lin][2dp],,,,,,,,,,
Chan005EqGain002,1,5,2,,,4-band parametric EQ gain ±15dB,735,juw,121,60,,,,,,,Chan_Eq,,0=-15/120=15/[Lin][2dp],,,,,,,,,,
Chan005EqGain003,1,5,3,,,4-band parametric EQ gain ±15dB,736,jvh,121,60,,,,,,,Chan_Eq,,0=-15/120=15/[Lin][2dp],,,,,,,,,,
Chan005EqGain004,1,5,4,,,4-band parametric EQ gain ±15dB,737,jvi,121,60,,,,,,,Chan_Eq,,0=-15/120=15/[Lin][2dp],,,,,,,,,,
Chan006EqGain001,1,6,1,,,4-band parametric EQ gain ±15dB,738,jvj,121,60,,,,,,,Chan_Eq,,0=-15/120=15/[Lin][2dp],,,,,,,,,,
Chan006EqGain002,1,6,2,,,4-band parametric EQ gain ±15dB,739,jvk,121,60,,,,,,,Chan_Eq,,0=-15/120=15/[Lin][2dp],,,,,,,,,,
Chan006EqGain003,1,6,3,,,4-band parametric EQ gain ±15dB,740,jvl,121,60,,,,,,,Chan_Eq,,0=-15/120=15/[Lin][2dp],,,,,,,,,,
Chan006EqGain004,1,6,4,,,4-band parametric EQ gain ±15dB,741,jvm,121,60,,,,,,,Chan_Eq,,0=-15/120=15/[Lin][2dp],,,,,,,,,,
Chan007EqGain001,1,7,1,,,4-band parametric EQ gain ±15dB,742,jvn,121,60,,,,,,,Chan_Eq,,0=-15/120=15/[Lin][2dp],,,,,,,,,,
Chan007EqGain002,1,7,2,,,4-band parametric EQ gain ±15dB,743,jvo,121,60,,,,,,,Chan_Eq,,0=-15/120=15/[Lin][2dp],,,,,,,,,,
Chan007EqGain003,1,7,3,,,4-band parametric EQ gain ±15dB,744,jvp,121,60,,,,,,,Chan_Eq,,0=-15/120=15/[Lin][2dp],,,,,,,,,,
Chan007EqGain004,1,7,4,,,4-band parametric EQ gain ±15dB,745,jvq,121,60,,,,,,,Chan_Eq,,0=-15/120=15/[Lin][2dp],,,,,,,,,,
Chan008EqGain001,1,8,1,,,4-band parametric EQ gain ±15dB,746,jvr,121,60,,,,,,,Chan_Eq,,0=-15/120=15/[Lin][2dp],,,,,,,,,,
Chan008EqGain002,1,8,2,,,4-band parametric EQ gain ±15dB,747,jvs,121,60,,,,,,,Chan_Eq,,0=-15/120=15/[Lin][2dp],,,,,,,,,,
Chan008EqGain003,1,8,3,,,4-band parametric EQ gain ±15dB,748,jvt,121,60,,,,,,,Chan_Eq,,0=-15/120=15/[Lin][2dp],,,,,,,,,,
Chan008EqGain004,1,8,4,,,4-band parametric EQ gain ±15dB,749,jvu,121,60,,,,,,,Chan_Eq,,0=-15/120=15/[Lin][2dp],,,,,,,,,,
Chan009EqGain001,1,9,1,,,4-band parametric EQ gain ±15dB,750,jvv,121,60,,,,,,,Chan_Eq,,0=-15/120=15/[Lin][2dp],,,,,,,,,,
Chan009EqGain002,1,9,2,,,4-band parametric EQ gain ±15dB,751,jvw,121,60,,,,,,,Chan_Eq,,0=-15/120=15/[Lin][2dp],,,,,,,,,,
Chan009EqGain003,1,9,3,,,4-band parametric EQ gain ±15dB,752,jwh,121,60,,,,,,,Chan_Eq,,0=-15/120=15/[Lin][2dp],,,,,,,,,,
Chan009EqGain004,1,9,4,,,4-band parametric EQ gain ±15dB,753,jwi,121,60,,,,,,,Chan_Eq,,0=-15/120=15/[Lin][2dp],,,,,,,,,,
Chan010EqGain001,1,10,1,,,4-band parametric EQ gain ±15dB,754,jwj,121,60,,,,,,,Chan_Eq,,0=-15/120=15/[Lin][2dp],,,,,,,,,,
Chan010EqGain002,1,10,2,,,4-band parametric EQ gain ±15dB,755,jwk,121,60,,,,,,,Chan_Eq,,0=-15/120=15/[Lin][2dp],,,,,,,,,,
Chan010EqGain003,1,10,3,,,4-band parametric EQ gain ±15dB,756,jwl,121,60,,,,,,,Chan_Eq,,0=-15/120=15/[Lin][2dp],,,,,,,,,,
Chan010EqGain004,1,10,4,,,4-band parametric EQ gain ±15dB,757,jwm,121,60,,,,,,,Chan_Eq,,0=-15/120=15/[Lin][2dp],,,,,,,,,,
Chan011EqGain001,1,11,1,,,4-band parametric EQ gain ±15dB,758,jwn,121,60,,,,,,,Chan_Eq,,0=-15/120=15/[Lin][2dp],,,,,,,,,,
Chan011EqGain002,1,11,2,,,4-band parametric EQ gain ±15dB,759,jwo,121,60,,,,,,,Chan_Eq,,0=-15/120=15/[Lin][2dp],,,,,,,,,,
Chan011EqGain003,1,11,3,,,4-band parametric EQ gain ±15dB,760,jwp,121,60,,,,,,,Chan_Eq,,0=-15/120=15/[Lin][2dp],,,,,,,,,,
Chan011EqGain004,1,11,4,,,4-band parametric EQ gain ±15dB,761,jwq,121,60,,,,,,,Chan_Eq,,0=-15/120=15/[Lin][2dp],,,,,,,,,,
Chan012EqGain001,1,12,1,,,4-band parametric EQ gain ±15dB,762,jwr,121,60,,,,,,,Chan_Eq,,0=-15/120=15/[Lin][2dp],,,,,,,,,,
Chan012EqGain002,1,12,2,,,4-band parametric EQ gain ±15dB,763,jws,121,60,,,,,,,Chan_Eq,,0=-15/120=15/[Lin][2dp],,,,,,,,,,
Chan012EqGain003,1,12,3,,,4-band parametric EQ gain ±15dB,764,jwt,121,60,,,,,,,Chan_Eq,,0=-15/120=15/[Lin][2dp],,,,,,,,,,
Chan012EqGain004,1,12,4,,,4-band parametric EQ gain ±15dB,765,jwu,121,60,,,,,,,Chan_Eq,,0=-15/120=15/[Lin][2dp],,,,,,,,,,
Chan001EqHpf001,1,1,1,,,High-pass (low cut) filter frequency,766,jwv,65,32,,,,,,,Chan_Eq,,0=20/64=1000/[Log][0dp],,,,,,,,,,
Chan002EqHpf001,1,2,1,,,High-pass (low cut) filter frequency,767,jww,65,32,,,,,,,Chan_Eq,,0=20/64=1000/[Log][0dp],,,,,,,,,,
Chan003EqHpf001,1,3,1,,,High-pass (low cut) filter frequency,768,khh,65,32,,,,,,,Chan_Eq,,0=20/64=1000/[Log][0dp],,,,,,,,,,
Chan004EqHpf001,1,4,1,,,High-pass (low cut) filter frequency,769,khi,65,32,,,,,,,Chan_Eq,,0=20/64=1000/[Log][0dp],,,,,,,,,,
Chan005EqHpf001,1,5,1,,,High-pass (low cut) filter frequency,770,khj,65,32,,,,,,,Chan_Eq,,0=20/64=1000/[Log][0dp],,,,,,,,,,
Chan006EqHpf001,1,6,1,,,High-pass (low cut) filter frequency,771,khk,65,32,,,,,,,Chan_Eq,,0=20/64=1000/[Log][0dp],,,,,,,,,,
Chan007EqHpf001,1,7,1,,,High-pass (low cut) filter frequency,772,khl,65,32,,,,,,,Chan_Eq,,0=20/64=1000/[Log][0dp],,,,,,,,,,
Chan008EqHpf001,1,8,1,,,High-pass (low cut) filter frequency,773,khm,65,32,,,,,,,Chan_Eq,,0=20/64=1000/[Log][0dp],,,,,,,,,,
Chan009EqHpf001,1,9,1,,,High-pass (low cut) filter frequency,774,khn,65,32,,,,,,,Chan_Eq,,0=20/64=1000/[Log][0dp],,,,,,,,,,
Chan010EqHpf001,1,10,1,,,High-pass (low cut) filter frequency,775,kho,65,32,,,,,,,Chan_Eq,,0=20/64=1000/[Log][0dp],,,,,,,,,,
Chan011EqHpf001,1,11,1,,,High-pass (low cut) filter frequency,776,khp,65,32,,,,,,,Chan_Eq,,0=20/64=1000/[Log][0dp],,,,,,,,,,
Chan012EqHpf001,1,12,1,,,High-pass (low cut) filter frequency,777,khq,65,32,,,,,,,Chan_Eq,,0=20/64=1000/[Log][0dp],,,,,,,,,,
Chan001EqHpfSlope001,1,1,1,,,HPF slope (6/12/18/24/36 dB/oct),778,khr,6,,,,,,,,Chan_Eq,,,,,,,,,,,,
Chan002EqHpfSlope001,1,2,1,,,HPF slope (6/12/18/24/36 dB/oct),779,khs,6,,,,,,,,Chan_Eq,,,,,,,,,,,,
Chan003EqHpfSlope001,1,3,1,,,HPF slope (6/12/18/24/36 dB/oct),780,kht,6,,,,,,,,Chan_Eq,,,,,,,,,,,,
Chan004EqHpfSlope001,1,4,1,,,HPF slope (6/12/18/24/36 dB/oct),781,khu,6,,,,,,,,Chan_Eq,,,,,,,,,,,,
Chan005EqHpfSlope001,1,5,1,,,HPF slope (6/12/18/24/36 dB/oct),782,khv,6,,,,,,,,Chan_Eq,,,,,,,,,,,,
Chan006EqHpfSlope001,1,6,1,,,HPF slope (6/12/18/24/36 dB/oct),783,khw,6,,,,,,,,Chan_Eq,,,,,,,,,,,,
Chan007EqHpfSlope001,1,7,1,,,HPF slope (6/12/18/24/36 dB/oct),784,kih,6,,,,,,,,Chan_Eq,,,,,,,,,,,,
Chan008EqHpfSlope001,1,8,1,,,HPF slope (6/12/18/24/36 dB/oct),785,kii,6,,,,,,,,Chan_Eq,,,,,,,,,,,,
Chan009EqHpfSlope001,1,9,1,,,HPF slope (6/12/18/24/36 dB/oct),786,kij,6,,,,,,,,Chan_Eq,,,,,,,,,,,,
Chan010EqHpfSlope001,1,10,1,,,HPF slope (6/12/18/24/36 dB/oct),787,kik,6,,,,,,,,Chan_Eq,,,,,,,,,,,,
Chan011EqHpfSlope001,1,11,1,,,HPF slope (6/12/18/24/36 dB/oct),788,kil,6,,,,,,,,Chan_Eq,,,,,,,,,,,,
Chan012EqHpfSlope001,1,12,1,,,HPF slope (6/12/18/24/36 dB/oct),789,kim,6,,,,,,,,Chan_Eq,,,,,,,,,,,,
Chan001EqOn001,1,1,1,,,Channel EQ on/off,790,kin,2,,,,,,,,Chan_Eq,,,,,,,,,,,,
Chan002EqOn001,1,2,1,,,Channel EQ on/off,791,kio,2,,,,,,,,Chan_Eq,,,,,,,,,,,,
Chan003EqOn001,1,3,1,,,Channel EQ on/off,792,kip,2,,,,,,,,Chan_Eq,,,,,,,,,,,,
Chan004EqOn001,1,4,1,,,Channel EQ on/off,793,kiq,2,,,,,,,,Chan_Eq,,,,,,,,,,,,
Chan005EqOn001,1,5,1,,,Channel EQ on/off,794,kir,2,,,,,,,,Chan_Eq,,,,,,,,,,,,
Chan006EqOn001,1,6,1,,,Channel EQ on/off,795,kis,2,,,,,,,,Chan_Eq,,,,,,,,,,,,
Chan007EqOn001,1,7,1,,,Channel EQ on/off,796,kit,2,,,,,,,,Chan_Eq,,,,,,,,,,,,
Chan008EqOn001,1,8,1,,,Channel EQ on/off,797,kiu,2,,,,,,,,Chan_Eq,,,,,,,,,,,,
Chan009EqOn001,1,9,1,,,Channel EQ on/off,798,kiv,2,,,,,,,,Chan_Eq,,,,,,,,,,,,
Chan010EqOn001,1,10,1,,,Channel EQ on/off,799,kiw,2,,,,,,,,Chan_Eq,,,,,,,,,,,,
Chan011EqOn001,1,11,1,,,Channel EQ on/off,800,kjh,2,,,,,,,,Chan_Eq,,,,,,,,,,,,
Chan012EqOn001,1,12,1,,,Channel EQ on/off,801,kji,2,,,,,,,,Chan_Eq,,,,,,,,,,,,
Chan001EqQ001,1,1,1,,,4-band parametric EQ Q/bandwidth,802,kjj,121,60,,,,,,,Chan_Eq,,0=0.1/120=10/[Log][2dp],,,,,,,,,,
Chan001EqQ002,1,1,2,,,4-band parametric EQ Q/bandwidth,803,kjk,121,60,,,,,,,Chan_Eq,,0=0.1/120=10/[Log][2dp],,,,,,,,,,
Chan001EqQ003,1,1,3,,,4-band parametric EQ Q/bandwidth,804,kjl,121,60,,,,,,,Chan_Eq,,0=0.1/120=10/[Log][2dp],,,,,,,,,,
Chan001EqQ004,1,1,4,,,4-band parametric EQ Q/bandwidth,805,kjm,121,60,,,,,,,Chan_Eq,,0=0.1/120=10/[Log][2dp],,,,,,,,,,
Chan002EqQ001,1,2,1,,,4-band parametric EQ Q/bandwidth,806,kjn,121,60,,,,,,,Chan_Eq,,0=0.1/120=10/[Log][2dp],,,,,,,,,,
Chan002EqQ002,1,2,2,,,4-band parametric EQ Q/bandwidth,807,kjo,121,60,,,,,,,Chan_Eq,,0=0.1/120=10/[Log][2dp],,,,,,,,,,
Chan002EqQ003,1,2,3,,,4-band parametric EQ Q/bandwidth,808,kjp,121,60,,,,,,,Chan_Eq,,0=0.1/120=10/[Log][2dp],,,,,,,,,,
Chan002EqQ004,1,2,4,,,4-band parametric EQ Q/bandwidth,809,kjq,121,60,,,,,,,Chan_Eq,,0=0.1/120=10/[Log][2dp],,,,,,,,,,
Chan003EqQ001,1,3,1,,,4-band parametric EQ Q/bandwidth,810,kjr,121,60,,,,,,,Chan_Eq,,0=0.1/120=10/[Log][2dp],,,,,,,,,,
Chan003EqQ002,1,3,2,,,4-band parametric EQ Q/bandwidth,811,kjs,121,60,,,,,,,Chan_Eq,,0=0.1/120=10/[Log][2dp],,,,,,,,,,
Chan003EqQ003,1,3,3,,,4-band parametric EQ Q/bandwidth,812,kjt,121,60,,,,,,,Chan_Eq,,0=0.1/120=10/[Log][2dp],,,,,,,,,,
Chan003EqQ004,1,3,4,,,4-band parametric EQ Q/bandwidth,813,kju,121,60,,,,,,,Chan_Eq,,0=0.1/120=10/[Log][2dp],,,,,,,,,,
Chan004EqQ001,1,4,1,,,4-band parametric EQ Q/bandwidth,814,kjv,121,60,,,,,,,Chan_Eq,,0=0.1/120=10/[Log][2dp],,,,,,,,,,
Chan004EqQ002,1,4,2,,,4-band parametric EQ Q/bandwidth,815,kjw,121,60,,,,,,,Chan_Eq,,0=0.1/120=10/[Log][2dp],,,,,,,,,,
Chan004EqQ003,1,4,3,,,4-band parametric EQ Q/bandwidth,816,kkh,121,60,,,,,,,Chan_Eq,,0=0.1/120=10/[Log][2dp],,,,,,,,,,
Chan004EqQ004,1,4,4,,,4-band parametric EQ Q/bandwidth,817,kki,121,60,,,,,,,Chan_Eq,,0=0.1/120=10/[Log][2dp],,,,,,,,,,
Chan005EqQ001,1,5,1,,,4-band parametric EQ Q/bandwidth,818,kkj,121,60,,,,,,,Chan_Eq,,0=0.1/120=10/[Log][2dp],,,,,,,,,,
Chan005EqQ002,1,5,2,,,4-band parametric EQ Q/bandwidth,819,kkk,121,60,,,,,,,Chan_Eq,,0=0.1/120=10/[Log][2dp],,,,,,,,,,
Chan005EqQ003,1,5,3,,,4-band parametric EQ Q/bandwidth,820,kkl,121,60,,,,,,,Chan_Eq,,0=0.1/120=10/[Log][2dp],,,,,,,,,,
Chan005EqQ004,1,5,4,,,4-band parametric EQ Q/bandwidth,821,kkm,121,60,,,,,,,Chan_Eq,,0=0.1/120=10/[Log][2dp],,,,,,,,,,
Chan006EqQ001,1,6,1,,,4-band parametric EQ Q/bandwidth,822,kkn,121,60,,,,,,,Chan_Eq,,0=0.1/120=10/[Log][2dp],,,,,,,,,,
Chan006EqQ002,1,6,2,,,4-band parametric EQ Q/bandwidth,823,kko,121,60,,,,,,,Chan_Eq,,0=0.1/120=10/[Log][2dp],,,,,,,,,,
Chan006EqQ003,1,6,3,,,4-band parametric EQ Q/bandwidth,824,kkp,121,60,,,,,,,Chan_Eq,,0=0.1/120=10/[Log][2dp],,,,,,,,,,
Chan006EqQ004,1,6,4,,,4-band parametric EQ Q/bandwidth,825,kkq,121,60,,,,,,,Chan_Eq,,0=0.1/120=10/[Log][2dp],,,,,,,,,,
Chan007EqQ001,1,7,1,,,4-band parametric EQ Q/bandwidth,826,kkr,121,60,,,,,,,Chan_Eq,,0=0.1/120=10/[Log][2dp],,,,,,,,,,
Chan007EqQ002,1,7,2,,,4-band parametric EQ Q/bandwidth,827,kks,121,60,,,,,,,Chan_Eq,,0=0.1/120=10/[Log][2dp],,,,,,,,,,
Chan007EqQ003,1,7,3,,,4-band parametric EQ Q/bandwidth,828,kkt,121,60,,,,,,,Chan_Eq,,0=0.1/120=10/[Log][2dp],,,,,,,,,,
Chan007EqQ004,1,7,4,,,4-band parametric EQ Q/bandwidth,829,kku,121,60,,,,,,,Chan_Eq,,0=0.1/120=10/[Log][2dp],,,,,,,,,,
Chan008EqQ001,1,8,1,,,4-band parametric EQ Q/bandwidth,830,kkv,121,60,,,,,,,Chan_Eq,,0=0.1/120=10/[Log][2dp],,,,,,,,,,
Chan008EqQ002,1,8,2,,,4-band parametric EQ Q/bandwidth,831,kkw,121,60,,,,,,,Chan_Eq,,0=0.1/120=10/[Log][2dp],,,,,,,,,,
Chan008EqQ003,1,8,3,,,4-band parametric EQ Q/bandwidth,832,klh,121,60,,,,,,,Chan_Eq,,0=0.1/120=10/[Log][2dp],,,,,,,,,,
Chan008EqQ004,1,8,4,,,4-band parametric EQ Q/bandwidth,833,kli,121,60,,,,,,,Chan_Eq,,0=0.1/120=10/[Log][2dp],,,,,,,,,,
Chan009EqQ001,1,9,1,,,4-band parametric EQ Q/bandwidth,834,klj,121,60,,,,,,,Chan_Eq,,0=0.1/120=10/[Log][2dp],,,,,,,,,,
Chan009EqQ002,1,9,2,,,4-band parametric EQ Q/bandwidth,835,klk,121,60,,,,,,,Chan_Eq,,0=0.1/120=10/[Log][2dp],,,,,,,,,,
Chan009EqQ003,1,9,3,,,4-band parametric EQ Q/bandwidth,836,kll,121,60,,,,,,,Chan_Eq,,0=0.1/120=10/[Log][2dp],,,,,,,,,,
Chan009EqQ004,1,9,4,,,4-band parametric EQ Q/bandwidth,837,klm,121,60,,,,,,,Chan_Eq,,0=0.1/120=10/[Log][2dp],,,,,,,,,,
Chan010EqQ001,1,10,1,,,4-band parametric EQ Q/bandwidth,838,kln,121,60,,,,,,,Chan_Eq,,0=0.1/120=10/[Log][2dp],,,,,,,,,,
Chan010EqQ002,1,10,2,,,4-band parametric EQ Q/bandwidth,839,klo,121,60,,,,,,,Chan_Eq,,0=0.1/120=10/[Log][2dp],,,,,,,,,,
Chan010EqQ003,1,10,3,,,4-band parametric EQ Q/bandwidth,840,klp,121,60,,,,,,,Chan_Eq,,0=0.1/120=10/[Log][2dp],,,,,,,,,,
Chan010EqQ004,1,10,4,,,4-band parametric EQ Q/bandwidth,841,klq,121,60,,,,,,,Chan_Eq,,0=0.1/120=10/[Log][2dp],,,,,,,,,,
Chan011EqQ001,1,11,1,,,4-band parametric EQ Q/bandwidth,842,klr,121,60,,,,,,,Chan_Eq,,0=0.1/120=10/[Log][2dp],,,,,,,,,,
Chan011EqQ002,1,11,2,,,4-band parametric EQ Q/bandwidth,843,kls,121,60,,,,,,,Chan_Eq,,0=0.1/120=10/[Log][2dp],,,,,,,,,,
Chan011EqQ003,1,11,3,,,4-band parametric EQ Q/bandwidth,844,klt,121,60,,,,,,,Chan_Eq,,0=0.1/120=10/[Log][2dp],,,,,,,,,,
Chan011EqQ004,1,11,4,,,4-band parametric EQ Q/bandwidth,845,klu,121,60,,,,,,,Chan_Eq,,0=0.1/120=10/[Log][2dp],,,,,,,,,,
Chan012EqQ001,1,12,1,,,4-band parametric EQ Q/bandwidth,846,klv,121,60,,,,,,,Chan_Eq,,0=0.1/120=10/[Log][2dp],,,,,,,,,,
Chan012EqQ002,1,12,2,,,4-band parametric EQ Q/bandwidth,847,klw,121,60,,,,,,,Chan_Eq,,0=0.1/120=10/[Log][2dp],,,,,,,,,,
Chan012EqQ003,1,12,3,,,4-band parametric EQ Q/bandwidth,848,kmh,121,60,,,,,,,Chan_Eq,,0=0.1/120=10/[Log][2dp],,,,,,,,,,
Chan012EqQ004,1,12,4,,,4-band parametric EQ Q/bandwidth,849,kmi,121,60,,,,,,,Chan_Eq,,0=0.1/120=10/[Log][2dp],,,,,,,,,,
Chan001EqShelf001,1,1,1,,,Bands 1/4 shelf mode on/off,850,kmj,2,,,,,,,,Chan_Eq,,,,,,,,,,,,
Chan001EqShelf002,1,1,2,,,Bands 1/4 shelf mode on/off,851,kmk,2,,,,,,,,Chan_Eq,,,,,,,,,,,,
Chan002EqShelf001,1,2,1,,,Bands 1/4 shelf mode on/off,852,kml,2,,,,,,,,Chan_Eq,,,,,,,,,,,,
Chan002EqShelf002,1,2,2,,,Bands 1/4 shelf mode on/off,853,kmm,2,,,,,,,,Chan_Eq,,,,,,,,,,,,
Chan003EqShelf001,1,3,1,,,Bands 1/4 shelf mode on/off,854,kmn,2,,,,,,,,Chan_Eq,,,,,,,,,,,,
Chan003EqShelf002,1,3,2,,,Bands 1/4 shelf mode on/off,855,kmo,2,,,,,,,,Chan_Eq,,,,,,,,,,,,
Chan004EqShelf001,1,4,1,,,Bands 1/4 shelf mode on/off,856,kmp,2,,,,,,,,Chan_Eq,,,,,,,,,,,,
Chan004EqShelf002,1,4,2,,,Bands 1/4 shelf mode on/off,857,kmq,2,,,,,,,,Chan_Eq,,,,,,,,,,,,
Chan005EqShelf001,1,5,1,,,Bands 1/4 shelf mode on/off,858,kmr,2,,,,,,,,Chan_Eq,,,,,,,,,,,,
Chan005EqShelf002,1,5,2,,,Bands 1/4 shelf mode on/off,859,kms,2,,,,,,,,Chan_Eq,,,,,,,,,,,,
Chan006EqShelf001,1,6,1,,,Bands 1/4 shelf mode on/off,860,kmt,2,,,,,,,,Chan_Eq,,,,,,,,,,,,
Chan006EqShelf002,1,6,2,,,Bands 1/4 shelf mode on/off,861,kmu,2,,,,,,,,Chan_Eq,,,,,,,,,,,,
Chan007EqShelf001,1,7,1,,,Bands 1/4 shelf mode on/off,862,kmv,2,,,,,,,,Chan_Eq,,,,,,,,,,,,
Chan007EqShelf002,1,7,2,,,Bands 1/4 shelf mode on/off,863,kmw,2,,,,,,,,Chan_Eq,,,,,,,,,,,,
Chan008EqShelf001,1,8,1,,,Bands 1/4 shelf mode on/off,864,knh,2,,,,,,,,Chan_Eq,,,,,,,,,,,,
Chan008EqShelf002,1,8,2,,,Bands 1/4 shelf mode on/off,865,kni,2,,,,,,,,Chan_Eq,,,,,,,,,,,,
Chan009EqShelf001,1,9,1,,,Bands 1/4 shelf mode on/off,866,knj,2,,,,,,,,Chan_Eq,,,,,,,,,,,,
Chan009EqShelf002,1,9,2,,,Bands 1/4 shelf mode on/off,867,knk,2,,,,,,,,Chan_Eq,,,,,,,,,,,,
Chan010EqShelf001,1,10,1,,,Bands 1/4 shelf mode on/off,868,knl,2,,,,,,,,Chan_Eq,,,,,,,,,,,,
Chan010EqShelf002,1,10,2,,,Bands 1/4 shelf mode on/off,869,knm,2,,,,,,,,Chan_Eq,,,,,,,,,,,,
Chan011EqShelf001,1,11,1,,,Bands 1/4 shelf mode on/off,870,knn,2,,,,,,,,Chan_Eq,,,,,,,,,,,,
Chan011EqShelf002,1,11,2,,,Bands 1/4 shelf mode on/off,871,kno,2,,,,,,,,Chan_Eq,,,,,,,,,,,,
Chan012EqShelf001,1,12,1,,,Bands 1/4 shelf mode on/off,872,knp,2,,,,,,,,Chan_Eq,,,,,,,,,,,,
Chan012EqShelf002,1,12,2,,,Bands 1/4 shelf mode on/off,873,knq,2,,,,,,,,Chan_Eq,,,,,,,,,,,,
Chan001Gain001,1,1,1,,,Mic preamp gain 0-60dB,874,knr,61,,,,,,,,,,0=0/60=60/[Lin][0dp],,,,,,,,,,
Chan002Gain001,1,2,1,,,Mic preamp gain 0-60dB,875,kns,61,,,,,,,,,,0=0/60=60/[Lin][0dp],,,,,,,,,,
Chan003Gain001,1,3,1,,,Mic preamp gain 0-60dB,876,knt,61,,,,,,,,,,0=0/60=60/[Lin][0dp],,,,,,,,,,
Chan004Gain001,1,4,1,,,Mic preamp gain 0-60dB,877,knu,61,,,,,,,,,,0=0/60=60/[Lin][0dp],,,,,,,,,,
Chan005Gain001,1,5,1,,,Mic preamp gain 0-60dB,878,knv,61,,,,,,,,,,0=0/60=60/[Lin][0dp],,,,,,,,,,
Chan006Gain001,1,6,1,,,Mic preamp gain 0-60dB,879,knw,61,,,,,,,,,,0=0/60=60/[Lin][0dp],,,,,,,,,,
Chan007Gain001,1,7,1,,,Mic preamp gain 0-60dB,880,koh,61,,,,,,,,,,0=0/60=60/[Lin][0dp],,,,,,,,,,
Chan008Gain001,1,8,1,,,Mic preamp gain 0-60dB,881,koi,61,,,,,,,,,,0=0/60=60/[Lin][0dp],,,,,,,,,,
Chan009Gain001,1,9,1,,,Mic preamp gain 0-60dB,882,koj,61,,,,,,,,,,0=0/60=60/[Lin][0dp],,,,,,,,,,
Chan010Gain001,1,10,1,,,Mic preamp gain 0-60dB,883,kok,61,,,,,,,,,,0=0/60=60/[Lin][0dp],,,,,,,,,,
Chan011Gain001,1,11,1,,,Mic preamp gain 0-60dB,884,kol,61,,,,,,,,,,0=0/60=60/[Lin][0dp],,,,,,,,,,
Chan012Gain001,1,12,1,,,Mic preamp gain 0-60dB,885,kom,61,,,,,,,,,,0=0/60=60/[Lin][0dp],,,,,,,,,,
Chan001GateAtt001,1,1,1,,,Gate attack time,886,kon,255,,,,,,,,ChanGate,,0=0.1/254=250/[Log],,,,,,,,,,
Chan002GateAtt001,1,2,1,,,Gate attack time,887,koo,255,,,,,,,,ChanGate,,0=0.1/254=250/[Log],,,,,,,,,,
Chan003GateAtt001,1,3,1,,,Gate attack time,888,kop,255,,,,,,,,ChanGate,,0=0.1/254=250/[Log],,,,,,,,,,
Chan004GateAtt001,1,4,1,,,Gate attack time,889,koq,255,,,,,,,,ChanGate,,0=0.1/254=250/[Log],,,,,,,,,,
Chan005GateAtt001,1,5,1,,,Gate attack time,890,kor,255,,,,,,,,ChanGate,,0=0.1/254=250/[Log],,,,,,,,,,
Chan006GateAtt001,1,6,1,,,Gate attack time,891,kos,255,,,,,,,,ChanGate,,0=0.1/254=250/[Log],,,,,,,,,,
Chan007GateAtt001,1,7,1,,,Gate attack time,892,kot,255,,,,,,,,ChanGate,,0=0.1/254=250/[Log],,,,,,,,,,
Chan008GateAtt001,1,8,1,,,Gate attack time,893,kou,255,,,,,,,,ChanGate,,0=0.1/254=250/[Log],,,,,,,,,,
Chan009GateAtt001,1,9,1,,,Gate attack time,894,kov,255,,,,,,,,ChanGate,,0=0.1/254=250/[Log],,,,,,,,,,
Chan010GateAtt001,1,10,1,,,Gate attack time,895,kow,255,,,,,,,,ChanGate,,0=0.1/254=250/[Log],,,,,,,,,,
Chan011GateAtt001,1,11,1,,,Gate attack time,896,kph,255,,,,,,,,ChanGate,,0=0.1/254=250/[Log],,,,,,,,,,
Chan012GateAtt001,1,12,1,,,Gate attack time,897,kpi,255,,,,,,,,ChanGate,,0=0.1/254=250/[Log],,,,,,,,,,
Chan001GateHold001,1,1,1,,,Gate hold time before release,898,kpj,255,,,,,,,,ChanGate,,0=0/254=2000/[Log],,,,,,,,,,
Chan002GateHold001,1,2,1,,,Gate hold time before release,899,kpk,255,,,,,,,,ChanGate,,0=0/254=2000/[Log],,,,,,,,,,
Chan003GateHold001,1,3,1,,,Gate hold time before release,900,kpl,255,,,,,,,,ChanGate,,0=0/254=2000/[Log],,,,,,,,,,
Chan004GateHold001,1,4,1,,,Gate hold time before release,901,kpm,255,,,,,,,,ChanGate,,0=0/254=2000/[Log],,,,,,,,,,
Chan005GateHold001,1,5,1,,,Gate hold time before release,902,kpn,255,,,,,,,,ChanGate,,0=0/254=2000/[Log],,,,,,,,,,
Chan006GateHold001,1,6,1,,,Gate hold time before release,903,kpo,255,,,,,,,,ChanGate,,0=0/254=2000/[Log],,,,,,,,,,
Chan007GateHold001,1,7,1,,,Gate hold time before release,904,kpp,255,,,,,,,,ChanGate,,0=0/254=2000/[Log],,,,,,,,,,
Chan008GateHold001,1,8,1,,,Gate hold time before release,905,kpq,255,,,,,,,,ChanGate,,0=0/254=2000/[Log],,,,,,,,,,
Chan009GateHold001,1,9,1,,,Gate hold time before release,906,kpr,255,,,,,,,,ChanGate,,0=0/254=2000/[Log],,,,,,,,,,
Chan010GateHold001,1,10,1,,,Gate hold time before release,907,kps,255,,,,,,,,ChanGate,,0=0/254=2000/[Log],,,,,,,,,,
Chan011GateHold001,1,11,1,,,Gate hold time before release,908,kpt,255,,,,,,,,ChanGate,,0=0/254=2000/[Log],,,,,,,,,,
Chan012GateHold001,1,12,1,,,Gate hold time before release,909,kpu,255,,,,,,,,ChanGate,,0=0/254=2000/[Log],,,,,,,,,,
Chan001GateKey001,1,1,1,,,Gate sidechain key source,910,kpv,255,,,,,,,,ChanGate,,,,,,,,,,,,
Chan002GateKey001,1,2,1,,,Gate sidechain key source,911,kpw,255,,,,,,,,ChanGate,,,,,,,,,,,,
Chan003GateKey001,1,3,1,,,Gate sidechain key source,912,kqh,255,,,,,,,,ChanGate,,,,,,,,,,,,
Chan004GateKey001,1,4,1,,,Gate sidechain key source,913,kqi,255,,,,,,,,ChanGate,,,,,,,,,,,,
Chan005GateKey001,1,5,1,,,Gate sidechain key source,914,kqj,255,,,,,,,,ChanGate,,,,,,,,,,,,
Chan006GateKey001,1,6,1,,,Gate sidechain key source,915,kqk,255,,,,,,,,ChanGate,,,,,,,,,,,,
Chan007GateKey001,1,7,1,,,Gate sidechain key source,916,kql,255,,,,,,,,ChanGate,,,,,,,,,,,,
Chan008GateKey001,1,8,1,,,Gate sidechain key source,917,kqm,255,,,,,,,,ChanGate,,,,,,,,,,,,
Chan009GateKey001,1,9,1,,,Gate sidechain key source,918,kqn,255,,,,,,,,ChanGate,,,,,,,,,,,,
Chan010GateKey001,1,10,1,,,Gate sidechain key source,919,kqo,255,,,,,,,,ChanGate,,,,,,,,,,,,
Chan011GateKey001,1,11,1,,,Gate sidechain key source,920,kqp,255,,,,,,,,ChanGate,,,,,,,,,,,,
Chan012GateKey001,1,12,1,,,Gate sidechain key source,921,kqq,255,,,,,,,,ChanGate,,,,,,,,,,,,
Chan001GateDetSrc001,1,1,1,,,Gate self-key tap source (PreEQ/PostEQ),922,kqr,2,,,,,,,,ChanGate,,,,,,,,,,,,
Chan002GateDetSrc001,1,2,1,,,Gate self-key tap source (PreEQ/PostEQ),923,kqs,2,,,,,,,,ChanGate,,,,,,,,,,,,
Chan003GateDetSrc001,1,3,1,,,Gate self-key tap source (PreEQ/PostEQ),924,kqt,2,,,,,,,,ChanGate,,,,,,,,,,,,
Chan004GateDetSrc001,1,4,1,,,Gate self-key tap source (PreEQ/PostEQ),925,kqu,2,,,,,,,,ChanGate,,,,,,,,,,,,
Chan005GateDetSrc001,1,5,1,,,Gate self-key tap source (PreEQ/PostEQ),926,kqv,2,,,,,,,,ChanGate,,,,,,,,,,,,
Chan006GateDetSrc001,1,6,1,,,Gate self-key tap source (PreEQ/PostEQ),927,kqw,2,,,,,,,,ChanGate,,,,,,,,,,,,
Chan007GateDetSrc001,1,7,1,,,Gate self-key tap source (PreEQ/PostEQ),928,krh,2,,,,,,,,ChanGate,,,,,,,,,,,,
Chan008GateDetSrc001,1,8,1,,,Gate self-key tap source (PreEQ/PostEQ),929,kri,2,,,,,,,,ChanGate,,,,,,,,,,,,
Chan009GateDetSrc001,1,9,1,,,Gate self-key tap source (PreEQ/PostEQ),930,krj,2,,,,,,,,ChanGate,,,,,,,,,,,,
Chan010GateDetSrc001,1,10,1,,,Gate self-key tap source (PreEQ/PostEQ),931,krk,2,,,,,,,,ChanGate,,,,,,,,,,,,
Chan011GateDetSrc001,1,11,1,,,Gate self-key tap source (PreEQ/PostEQ),932,krl,2,,,,,,,,ChanGate,,,,,,,,,,,,
Chan012GateDetSrc001,1,12,1,,,Gate self-key tap source (PreEQ/PostEQ),933,krm,2,,,,,,,,ChanGate,,,,,,,,,,,,
Chan001GateFilterOn001,1,1,1,,,Gate sidechain filter on/off,934,krn,2,,,,,,,,ChanGate,,,,,,,,,,,,
Chan002GateFilterOn001,1,2,1,,,Gate sidechain filter on/off,935,kro,2,,,,,,,,ChanGate,,,,,,,,,,,,
Chan003GateFilterOn001,1,3,1,,,Gate sidechain filter on/off,936,krp,2,,,,,,,,ChanGate,,,,,,,,,,,,
Chan004GateFilterOn001,1,4,1,,,Gate sidechain filter on/off,937,krq,2,,,,,,,,ChanGate,,,,,,,,,,,,
Chan005GateFilterOn001,1,5,1,,,Gate sidechain filter on/off,938,krr,2,,,,,,,,ChanGate,,,,,,,,,,,,
Chan006GateFilterOn001,1,6,1,,,Gate sidechain filter on/off,939,krs,2,,,,,,,,ChanGate,,,,,,,,,,,,
Chan007GateFilterOn001,1,7,1,,,Gate sidechain filter on/off,940,krt,2,,,,,,,,ChanGate,,,,,,,,,,,,
Chan008GateFilterOn001,1,8,1,,,Gate sidechain filter on/off,941,kru,2,,,,,,,,ChanGate,,,,,,,,,,,,
Chan009GateFilterOn001,1,9,1,,,Gate sidechain filter on/off,942,krv,2,,,,,,,,ChanGate,,,,,,,,,,,,
Chan010GateFilterOn001,1,10,1,,,Gate sidechain filter on/off,943,krw,2,,,,,,,,ChanGate,,,,,,,,,,,,
Chan011GateFilterOn001,1,11,1,,,Gate sidechain filter on/off,944,ksh,2,,,,,,,,ChanGate,,,,,,,,,,,,
Chan012GateFilterOn001,1,12,1,,,Gate sidechain filter on/off,945,ksi,2,,,,,,,,ChanGate,,,,,,,,,,,,
Chan001GateFilterHpf001,1,1,1,,,Gate sidechain HPF frequency,946,ksj,65,32,,,,,,,ChanGate,,0=20/64=1000/[Log],,,,,,,,,,
Chan002GateFilterHpf001,1,2,1,,,Gate sidechain HPF frequency,947,ksk,65,32,,,,,,,ChanGate,,0=20/64=1000/[Log],,,,,,,,,,
Chan003GateFilterHpf001,1,3,1,,,Gate sidechain HPF frequency,948,ksl,65,32,,,,,,,ChanGate,,0=20/64=1000/[Log],,,,,,,,,,
Chan004GateFilterHpf001,1,4,1,,,Gate sidechain HPF frequency,949,ksm,65,32,,,,,,,ChanGate,,0=20/64=1000/[Log],,,,,,,,,,
Chan005GateFilterHpf001,1,5,1,,,Gate sidechain HPF frequency,950,ksn,65,32,,,,,,,ChanGate,,0=20/64=1000/[Log],,,,,,,,,,
Chan006GateFilterHpf001,1,6,1,,,Gate sidechain HPF frequency,951,kso,65,32,,,,,,,ChanGate,,0=20/64=1000/[Log],,,,,,,,,,
Chan007GateFilterHpf001,1,7,1,,,Gate sidechain HPF frequency,952,ksp,65,32,,,,,,,ChanGate,,0=20/64=1000/[Log],,,,,,,,,,
Chan008GateFilterHpf001,1,8,1,,,Gate sidechain HPF frequency,953,ksq,65,32,,,,,,,ChanGate,,0=20/64=1000/[Log],,,,,,,,,,
Chan009GateFilterHpf001,1,9,1,,,Gate sidechain HPF frequency,954,ksr,65,32,,,,,,,ChanGate,,0=20/64=1000/[Log],,,,,,,,,,
Chan010GateFilterHpf001,1,10,1,,,Gate sidechain HPF frequency,955,kss,65,32,,,,,,,ChanGate,,0=20/64=1000/[Log],,,,,,,,,,
Chan011GateFilterHpf001,1,11,1,,,Gate sidechain HPF frequency,956,kst,65,32,,,,,,,ChanGate,,0=20/64=1000/[Log],,,,,,,,,,
Chan012GateFilterHpf001,1,12,1,,,Gate sidechain HPF frequency,957,ksu,65,32,,,,,,,ChanGate,,0=20/64=1000/[Log],,,,,,,,,,
Chan001GateFilterLpf001,1,1,1,,,Gate sidechain LPF frequency,958,ksv,255,127,,,,,,,ChanGate,,0=500/127=20000/[Log],,,,,,,,,,
Chan002GateFilterLpf001,1,2,1,,,Gate sidechain LPF frequency,959,ksw,255,127,,,,,,,ChanGate,,0=500/127=20000/[Log],,,,,,,,,,
Chan003GateFilterLpf001,1,3,1,,,Gate sidechain LPF frequency,960,kth,255,127,,,,,,,ChanGate,,0=500/127=20000/[Log],,,,,,,,,,
Chan004GateFilterLpf001,1,4,1,,,Gate sidechain LPF frequency,961,kti,255,127,,,,,,,ChanGate,,0=500/127=20000/[Log],,,,,,,,,,
Chan005GateFilterLpf001,1,5,1,,,Gate sidechain LPF frequency,962,ktj,255,127,,,,,,,ChanGate,,0=500/127=20000/[Log],,,,,,,,,,
Chan006GateFilterLpf001,1,6,1,,,Gate sidechain LPF frequency,963,ktk,255,127,,,,,,,ChanGate,,0=500/127=20000/[Log],,,,,,,,,,
Chan007GateFilterLpf001,1,7,1,,,Gate sidechain LPF frequency,964,ktl,255,127,,,,,,,ChanGate,,0=500/127=20000/[Log],,,,,,,,,,
Chan008GateFilterLpf001,1,8,1,,,Gate sidechain LPF frequency,965,ktm,255,127,,,,,,,ChanGate,,0=500/127=20000/[Log],,,,,,,,,,
Chan009GateFilterLpf001,1,9,1,,,Gate sidechain LPF frequency,966,ktn,255,127,,,,,,,ChanGate,,0=500/127=20000/[Log],,,,,,,,,,
Chan010GateFilterLpf001,1,10,1,,,Gate sidechain LPF frequency,967,kto,255,127,,,,,,,ChanGate,,0=500/127=20000/[Log],,,,,,,,,,
Chan011GateFilterLpf001,1,11,1,,,Gate sidechain LPF frequency,968,ktp,255,127,,,,,,,ChanGate,,0=500/127=20000/[Log],,,,,,,,,,
Chan012GateFilterLpf001,1,12,1,,,Gate sidechain LPF frequency,969,ktq,255,127,,,,,,,ChanGate,,0=500/127=20000/[Log],,,,,,,,,,
Chan001GateFilterQ001,1,1,1,,,Gate sidechain filter Q,970,ktr,15,7,,,,,,,ChanGate,,0=0.1/14=10/[Log],,,,,,,,,,
Chan002GateFilterQ001,1,2,1,,,Gate sidechain filter Q,971,kts,15,7,,,,,,,ChanGate,,0=0.1/14=10/[Log],,,,,,,,,,
Chan003GateFilterQ001,1,3,1,,,Gate sidechain filter Q,972,ktt,15,7,,,,,,,ChanGate,,0=0.1/14=10/[Log],,,,,,,,,,
Chan004GateFilterQ001,1,4,1,,,Gate sidechain filter Q,973,ktu,15,7,,,,,,,ChanGate,,0=0.1/14=10/[Log],,,,,,,,,,
Chan005GateFilterQ001,1,5,1,,,Gate sidechain filter Q,974,ktv,15,7,,,,,,,ChanGate,,0=0.1/14=10/[Log],,,,,,,,,,
Chan006GateFilterQ001,1,6,1,,,Gate sidechain filter Q,975,ktw,15,7,,,,,,,ChanGate,,0=0.1/14=10/[Log],,,,,,,,,,
Chan007GateFilterQ001,1,7,1,,,Gate sidechain filter Q,976,kuh,15,7,,,,,,,ChanGate,,0=0.1/14=10/[Log],,,,,,,,,,
Chan008GateFilterQ001,1,8,1,,,Gate sidechain filter Q,977,kui,15,7,,,,,,,ChanGate,,0=0.1/14=10/[Log],,,,,,,,,,
Chan009GateFilterQ001,1,9,1,,,Gate sidechain filter Q,978,kuj,15,7,,,,,,,ChanGate,,0=0.1/14=10/[Log],,,,,,,,,,
Chan010GateFilterQ001,1,10,1,,,Gate sidechain filter Q,979,kuk,15,7,,,,,,,ChanGate,,0=0.1/14=10/[Log],,,,,,,,,,
Chan011GateFilterQ001,1,11,1,,,Gate sidechain filter Q,980,kul,15,7,,,,,,,ChanGate,,0=0.1/14=10/[Log],,,,,,,,,,
Chan012GateFilterQ001,1,12,1,,,Gate sidechain filter Q,981,kum,15,7,,,,,,,ChanGate,,0=0.1/14=10/[Log],,,,,,,,,,
Chan001GateOn001,1,1,1,,,Gate on/off,982,kun,2,,,,,,,,ChanGate,,,,,,,,,,,,
Chan002GateOn001,1,2,1,,,Gate on/off,983,kuo,2,,,,,,,,ChanGate,,,,,,,,,,,,
Chan003GateOn001,1,3,1,,,Gate on/off,984,kup,2,,,,,,,,ChanGate,,,,,,,,,,,,
Chan004GateOn001,1,4,1,,,Gate on/off,985,kuq,2,,,,,,,,ChanGate,,,,,,,,,,,,
Chan005GateOn001,1,5,1,,,Gate on/off,986,kur,2,,,,,,,,ChanGate,,,,,,,,,,,,
Chan006GateOn001,1,6,1,,,Gate on/off,987,kus,2,,,,,,,,ChanGate,,,,,,,,,,,,
Chan007GateOn001,1,7,1,,,Gate on/off,988,kut,2,,,,,,,,ChanGate,,,,,,,,,,,,
Chan008GateOn001,1,8,1,,,Gate on/off,989,kuu,2,,,,,,,,ChanGate,,,,,,,,,,,,
Chan009GateOn001,1,9,1,,,Gate on/off,990,kuv,2,,,,,,,,ChanGate,,,,,,,,,,,,
Chan010GateOn001,1,10,1,,,Gate on/off,991,kuw,2,,,,,,,,ChanGate,,,,,,,,,,,,
Chan011GateOn001,1,11,1,,,Gate on/off,992,kvh,2,,,,,,,,ChanGate,,,,,,,,,,,,
Chan012GateOn001,1,12,1,,,Gate on/off,993,kvi,2,,,,,,,,ChanGate,,,,,,,,,,,,
Chan001GateRel001,1,1,1,,,Gate release time,994,kvj,255,,,,,,,,ChanGate,,0=50/254=5000/[Log],,,,,,,,,,
Chan002GateRel001,1,2,1,,,Gate release time,995,kvk,255,,,,,,,,ChanGate,,0=50/254=5000/[Log],,,,,,,,,,
Chan003GateRel001,1,3,1,,,Gate release time,996,kvl,255,,,,,,,,ChanGate,,0=50/254=5000/[Log],,,,,,,,,,
Chan004GateRel001,1,4,1,,,Gate release time,997,kvm,255,,,,,,,,ChanGate,,0=50/254=5000/[Log],,,,,,,,,,
Chan005GateRel001,1,5,1,,,Gate release time,998,kvn,255,,,,,,,,ChanGate,,0=50/254=5000/[Log],,,,,,,,,,
Chan006GateRel001,1,6,1,,,Gate release time,999,kvo,255,,,,,,,,ChanGate,,0=50/254=5000/[Log],,,,,,,,,,
Chan007GateRel001,1,7,1,,,Gate release time,1000,kvp,255,,,,,,,,ChanGate,,0=50/254=5000/[Log],,,,,,,,,,
Chan008GateRel001,1,8,1,,,Gate release time,1001,kvq,255,,,,,,,,ChanGate,,0=50/254=5000/[Log],,,,,,,,,,
Chan009GateRel001,1,9,1,,,Gate release time,1002,kvr,255,,,,,,,,ChanGate,,0=50/254=5000/[Log],,,,,,,,,,
Chan010GateRel001,1,10,1,,,Gate release time,1003,kvs,255,,,,,,,,ChanGate,,0=50/254=5000/[Log],,,,,,,,,,
Chan011GateRel001,1,11,1,,,Gate release time,1004,kvt,255,,,,,,,,ChanGate,,0=50/254=5000/[Log],,,,,,,,,,
Chan012GateRel001,1,12,1,,,Gate release time,1005,kvu,255,,,,,,,,ChanGate,,0=50/254=5000/[Log],,,,,,,,,,
Chan001GateRng001,1,1,1,,,Gate depth/range 0-60dB,1006,kvv,255,,,,,,,,ChanGate,,0=0/254=60/[Lin],,,,,,,,,,
Chan002GateRng001,1,2,1,,,Gate depth/range 0-60dB,1007,kvw,255,,,,,,,,ChanGate,,0=0/254=60/[Lin],,,,,,,,,,
Chan003GateRng001,1,3,1,,,Gate depth/range 0-60dB,1008,kwh,255,,,,,,,,ChanGate,,0=0/254=60/[Lin],,,,,,,,,,
Chan004GateRng001,1,4,1,,,Gate depth/range 0-60dB,1009,kwi,255,,,,,,,,ChanGate,,0=0/254=60/[Lin],,,,,,,,,,
Chan005GateRng001,1,5,1,,,Gate depth/range 0-60dB,1010,kwj,255,,,,,,,,ChanGate,,0=0/254=60/[Lin],,,,,,,,,,
Chan006GateRng001,1,6,1,,,Gate depth/range 0-60dB,1011,kwk,255,,,,,,,,ChanGate,,0=0/254=60/[Lin],,,,,,,,,,
Chan007GateRng001,1,7,1,,,Gate depth/range 0-60dB,1012,kwl,255,,,,,,,,ChanGate,,0=0/254=60/[Lin],,,,,,,,,,
Chan008GateRng001,1,8,1,,,Gate depth/range 0-60dB,1013,kwm,255,,,,,,,,ChanGate,,0=0/254=60/[Lin],,,,,,,,,,
Chan009GateRng001,1,9,1,,,Gate depth/range 0-60dB,1014,kwn,255,,,,,,,,ChanGate,,0=0/254=60/[Lin],,,,,,,,,,
Chan010GateRng001,1,10,1,,,Gate depth/range 0-60dB,1015,kwo,255,,,,,,,,ChanGate,,0=0/254=60/[Lin],,,,,,,,,,
Chan011GateRng001,1,11,1,,,Gate depth/range 0-60dB,1016,kwp,255,,,,,,,,ChanGate,,0=0/254=60/[Lin],,,,,,,,,,
Chan012GateRng001,1,12,1,,,Gate depth/range 0-60dB,1017,kwq,255,,,,,,,,ChanGate,,0=0/254=60/[Lin],,,,,,,,,,
Chan001GateThr001,1,1,1,,,Gate threshold level,1018,kwr,255,,,,,,,,ChanGate,,0=-80/254=0/[Lin],,,,,,,,,,
Chan002GateThr001,1,2,1,,,Gate threshold level,1019,kws,255,,,,,,,,ChanGate,,0=-80/254=0/[Lin],,,,,,,,,,
Chan003GateThr001,1,3,1,,,Gate threshold level,1020,kwt,255,,,,,,,,ChanGate,,0=-80/254=0/[Lin],,,,,,,,,,
Chan004GateThr001,1,4,1,,,Gate threshold level,1021,kwu,255,,,,,,,,ChanGate,,0=-80/254=0/[Lin],,,,,,,,,,
Chan005GateThr001,1,5,1,,,Gate threshold level,1022,kwv,255,,,,,,,,ChanGate,,0=-80/254=0/[Lin],,,,,,,,,,
Chan006GateThr001,1,6,1,,,Gate threshold level,1023,kww,255,,,,,,,,ChanGate,,0=-80/254=0/[Lin],,,,,,,,,,
Chan007GateThr001,1,7,1,,,Gate threshold level,1024,lhh,255,,,,,,,,ChanGate,,0=-80/254=0/[Lin],,,,,,,,,,
Chan008GateThr001,1,8,1,,,Gate threshold level,1025,lhi,255,,,,,,,,ChanGate,,0=-80/254=0/[Lin],,,,,,,,,,
Chan009GateThr001,1,9,1,,,Gate threshold level,1026,lhj,255,,,,,,,,ChanGate,,0=-80/254=0/[Lin],,,,,,,,,,
Chan010GateThr001,1,10,1,,,Gate threshold level,1027,lhk,255,,,,,,,,ChanGate,,0=-80/254=0/[Lin],,,,,,,,,,
Chan011GateThr001,1,11,1,,,Gate threshold level,1028,lhl,255,,,,,,,,ChanGate,,0=-80/254=0/[Lin],,,,,,,,,,
Chan012GateThr001,1,12,1,,,Gate threshold level,1029,lhm,255,,,,,,,,ChanGate,,0=-80/254=0/[Lin],,,,,,,,,,
Chan001InputSel001,1,1,1,,,Input source (Mic/Line/Digital/USB),1030,lhn,33,,,,,,,,,,,,,,,,,,,,
Chan002InputSel001,1,2,1,,,Input source (Mic/Line/Digital/USB),1031,lho,33,,,,,,,,,,,,,,,,,,,,
Chan003InputSel001,1,3,1,,,Input source (Mic/Line/Digital/USB),1032,lhp,33,,,,,,,,,,,,,,,,,,,,
Chan004InputSel001,1,4,1,,,Input source (Mic/Line/Digital/USB),1033,lhq,33,,,,,,,,,,,,,,,,,,,,
Chan005InputSel001,1,5,1,,,Input source (Mic/Line/Digital/USB),1034,lhr,33,,,,,,,,,,,,,,,,,,,,
Chan006InputSel001,1,6,1,,,Input source (Mic/Line/Digital/USB),1035,lhs,33,,,,,,,,,,,,,,,,,,,,
Chan007InputSel001,1,7,1,,,Input source (Mic/Line/Digital/USB),1036,lht,33,,,,,,,,,,,,,,,,,,,,
Chan008InputSel001,1,8,1,,,Input source (Mic/Line/Digital/USB),1037,lhu,33,,,,,,,,,,,,,,,,,,,,
Chan009InputSel001,1,9,1,,,Input source (Mic/Line/Digital/USB),1038,lhv,33,,,,,,,,,,,,,,,,,,,,
Chan010InputSel001,1,10,1,,,Input source (Mic/Line/Digital/USB),1039,lhw,33,,,,,,,,,,,,,,,,,,,,
Chan011InputSel001,1,11,1,,,Input source (Mic/Line/Digital/USB),1040,lih,33,,,,,,,,,,,,,,,,,,,,
Chan012InputSel001,1,12,1,,,Input source (Mic/Line/Digital/USB),1041,lii,33,,,,,,,,,,,,,,,,,,,,
Chan001Link001,1,1,1,,,Stereo link with adjacent channel,1042,lij,2,,,,,,,,ChanInput,,,,,,,,,,,,
Chan002Link001,1,2,1,,,Stereo link with adjacent channel,1043,lik,2,,,,,,,,ChanInput,,,,,,,,,,,,
Chan003Link001,1,3,1,,,Stereo link with adjacent channel,1044,lil,2,,,,,,,,ChanInput,,,,,,,,,,,,
Chan004Link001,1,4,1,,,Stereo link with adjacent channel,1045,lim,2,,,,,,,,ChanInput,,,,,,,,,,,,
Chan005Link001,1,5,1,,,Stereo link with adjacent channel,1046,lin,2,,,,,,,,ChanInput,,,,,,,,,,,,
Chan006Link001,1,6,1,,,Stereo link with adjacent channel,1047,lio,2,,,,,,,,ChanInput,,,,,,,,,,,,
Chan007Link001,1,7,1,,,Stereo link with adjacent channel,1048,lip,2,,,,,,,,ChanInput,,,,,,,,,,,,
Chan008Link001,1,8,1,,,Stereo link with adjacent channel,1049,liq,2,,,,,,,,ChanInput,,,,,,,,,,,,
Chan009Link001,1,9,1,,,Stereo link with adjacent channel,1050,lir,2,,,,,,,,ChanInput,,,,,,,,,,,,
Chan010Link001,1,10,1,,,Stereo link with adjacent channel,1051,lis,2,,,,,,,,ChanInput,,,,,,,,,,,,
Chan011Link001,1,11,1,,,Stereo link with adjacent channel,1052,lit,2,,,,,,,,ChanInput,,,,,,,,,,,,
Chan012Link001,1,12,1,,,Stereo link with adjacent channel,1053,liu,2,,,,,,,,ChanInput,,,,,,,,,,,,
Chan001MuteGrp001,1,1,1,,,Mute group 1-8 assignment,1054,liv,1,,,,,,,,Chan_Rtg,,,,,,,,,,,,
Chan001MuteGrp002,1,1,2,,,Mute group 1-8 assignment,1055,liw,1,,,,,,,,Chan_Rtg,,,,,,,,,,,,
Chan001MuteGrp003,1,1,3,,,Mute group 1-8 assignment,1056,ljh,1,,,,,,,,Chan_Rtg,,,,,,,,,,,,
Chan001MuteGrp004,1,1,4,,,Mute group 1-8 assignment,1057,lji,1,,,,,,,,Chan_Rtg,,,,,,,,,,,,
Chan002MuteGrp001,1,2,1,,,Mute group 1-8 assignment,1058,ljj,1,,,,,,,,Chan_Rtg,,,,,,,,,,,,
Chan002MuteGrp002,1,2,2,,,Mute group 1-8 assignment,1059,ljk,1,,,,,,,,Chan_Rtg,,,,,,,,,,,,
Chan002MuteGrp003,1,2,3,,,Mute group 1-8 assignment,1060,ljl,1,,,,,,,,Chan_Rtg,,,,,,,,,,,,
Chan002MuteGrp004,1,2,4,,,Mute group 1-8 assignment,1061,ljm,1,,,,,,,,Chan_Rtg,,,,,,,,,,,,
Chan003MuteGrp001,1,3,1,,,Mute group 1-8 assignment,1062,ljn,1,,,,,,,,Chan_Rtg,,,,,,,,,,,,
Chan003MuteGrp002,1,3,2,,,Mute group 1-8 assignment,1063,ljo,1,,,,,,,,Chan_Rtg,,,,,,,,,,,,
Chan003MuteGrp003,1,3,3,,,Mute group 1-8 assignment,1064,ljp,1,,,,,,,,Chan_Rtg,,,,,,,,,,,,
Chan003MuteGrp004,1,3,4,,,Mute group 1-8 assignment,1065,ljq,1,,,,,,,,Chan_Rtg,,,,,,,,,,,,
Chan004MuteGrp001,1,4,1,,,Mute group 1-8 assignment,1066,ljr,1,,,,,,,,Chan_Rtg,,,,,,,,,,,,
Chan004MuteGrp002,1,4,2,,,Mute group 1-8 assignment,1067,ljs,1,,,,,,,,Chan_Rtg,,,,,,,,,,,,
Chan004MuteGrp003,1,4,3,,,Mute group 1-8 assignment,1068,ljt,1,,,,,,,,Chan_Rtg,,,,,,,,,,,,
Chan004MuteGrp004,1,4,4,,,Mute group 1-8 assignment,1069,lju,1,,,,,,,,Chan_Rtg,,,,,,,,,,,,
Chan005MuteGrp001,1,5,1,,,Mute group 1-8 assignment,1070,ljv,1,,,,,,,,Chan_Rtg,,,,,,,,,,,,
Chan005MuteGrp002,1,5,2,,,Mute group 1-8 assignment,1071,ljw,1,,,,,,,,Chan_Rtg,,,,,,,,,,,,
Chan005MuteGrp003,1,5,3,,,Mute group 1-8 assignment,1072,lkh,1,,,,,,,,Chan_Rtg,,,,,,,,,,,,
Chan005MuteGrp004,1,5,4,,,Mute group 1-8 assignment,1073,lki,1,,,,,,,,Chan_Rtg,,,,,,,,,,,,
Chan006MuteGrp001,1,6,1,,,Mute group 1-8 assignment,1074,lkj,1,,,,,,,,Chan_Rtg,,,,,,,,,,,,
Chan006MuteGrp002,1,6,2,,,Mute group 1-8 assignment,1075,lkk,1,,,,,,,,Chan_Rtg,,,,,,,,,,,,
Chan006MuteGrp003,1,6,3,,,Mute group 1-8 assignment,1076,lkl,1,,,,,,,,Chan_Rtg,,,,,,,,,,,,
Chan006MuteGrp004,1,6,4,,,Mute group 1-8 assignment,1077,lkm,1,,,,,,,,Chan_Rtg,,,,,,,,,,,,
Chan007MuteGrp001,1,7,1,,,Mute group 1-8 assignment,1078,lkn,1,,,,,,,,Chan_Rtg,,,,,,,,,,,,
Chan007MuteGrp002,1,7,2,,,Mute group 1-8 assignment,1079,lko,1,,,,,,,,Chan_Rtg,,,,,,,,,,,,
Chan007MuteGrp003,1,7,3,,,Mute group 1-8 assignment,1080,lkp,1,,,,,,,,Chan_Rtg,,,,,,,,,,,,
Chan007MuteGrp004,1,7,4,,,Mute group 1-8 assignment,1081,lkq,1,,,,,,,,Chan_Rtg,,,,,,,,,,,,
Chan008MuteGrp001,1,8,1,,,Mute group 1-8 assignment,1082,lkr,1,,,,,,,,Chan_Rtg,,,,,,,,,,,,
Chan008MuteGrp002,1,8,2,,,Mute group 1-8 assignment,1083,lks,1,,,,,,,,Chan_Rtg,,,,,,,,,,,,
Chan008MuteGrp003,1,8,3,,,Mute group 1-8 assignment,1084,lkt,1,,,,,,,,Chan_Rtg,,,,,,,,,,,,
Chan008MuteGrp004,1,8,4,,,Mute group 1-8 assignment,1085,lku,1,,,,,,,,Chan_Rtg,,,,,,,,,,,,
Chan009MuteGrp001,1,9,1,,,Mute group 1-8 assignment,1086,lkv,1,,,,,,,,Chan_Rtg,,,,,,,,,,,,
Chan009MuteGrp002,1,9,2,,,Mute group 1-8 assignment,1087,lkw,1,,,,,,,,Chan_Rtg,,,,,,,,,,,,
Chan009MuteGrp003,1,9,3,,,Mute group 1-8 assignment,1088,llh,1,,,,,,,,Chan_Rtg,,,,,,,,,,,,
Chan009MuteGrp004,1,9,4,,,Mute group 1-8 assignment,1089,lli,1,,,,,,,,Chan_Rtg,,,,,,,,,,,,
Chan010MuteGrp001,1,10,1,,,Mute group 1-8 assignment,1090,llj,1,,,,,,,,Chan_Rtg,,,,,,,,,,,,
Chan010MuteGrp002,1,10,2,,,Mute group 1-8 assignment,1091,llk,1,,,,,,,,Chan_Rtg,,,,,,,,,,,,
Chan010MuteGrp003,1,10,3,,,Mute group 1-8 assignment,1092,lll,1,,,,,,,,Chan_Rtg,,,,,,,,,,,,
Chan010MuteGrp004,1,10,4,,,Mute group 1-8 assignment,1093,llm,1,,,,,,,,Chan_Rtg,,,,,,,,,,,,
Chan011MuteGrp001,1,11,1,,,Mute group 1-8 assignment,1094,lln,1,,,,,,,,Chan_Rtg,,,,,,,,,,,,
Chan011MuteGrp002,1,11,2,,,Mute group 1-8 assignment,1095,llo,1,,,,,,,,Chan_Rtg,,,,,,,,,,,,
Chan011MuteGrp003,1,11,3,,,Mute group 1-8 assignment,1096,llp,1,,,,,,,,Chan_Rtg,,,,,,,,,,,,
Chan011MuteGrp004,1,11,4,,,Mute group 1-8 assignment,1097,llq,1,,,,,,,,Chan_Rtg,,,,,,,,,,,,
Chan012MuteGrp001,1,12,1,,,Mute group 1-8 assignment,1098,llr,1,,,,,,,,Chan_Rtg,,,,,,,,,,,,
Chan012MuteGrp002,1,12,2,,,Mute group 1-8 assignment,1099,lls,1,,,,,,,,Chan_Rtg,,,,,,,,,,,,
Chan012MuteGrp003,1,12,3,,,Mute group 1-8 assignment,1100,llt,1,,,,,,,,Chan_Rtg,,,,,,,,,,,,
Chan012MuteGrp004,1,12,4,,,Mute group 1-8 assignment,1101,llu,1,,,,,,,,Chan_Rtg,,,,,,,,,,,,
Chan001Phantom001,1,1,1,,,+48V phantom power on/off,1102,llv,2,,,,,,,,ChanInput,,,,,,,,,,,,
Chan002Phantom001,1,2,1,,,+48V phantom power on/off,1103,llw,2,,,,,,,,ChanInput,,,,,,,,,,,,
Chan003Phantom001,1,3,1,,,+48V phantom power on/off,1104,lmh,2,,,,,,,,ChanInput,,,,,,,,,,,,
Chan004Phantom001,1,4,1,,,+48V phantom power on/off,1105,lmi,2,,,,,,,,ChanInput,,,,,,,,,,,,
Chan005Phantom001,1,5,1,,,+48V phantom power on/off,1106,lmj,2,,,,,,,,ChanInput,,,,,,,,,,,,
Chan006Phantom001,1,6,1,,,+48V phantom power on/off,1107,lmk,2,,,,,,,,ChanInput,,,,,,,,,,,,
Chan007Phantom001,1,7,1,,,+48V phantom power on/off,1108,lml,2,,,,,,,,ChanInput,,,,,,,,,,,,
Chan008Phantom001,1,8,1,,,+48V phantom power on/off,1109,lmm,2,,,,,,,,ChanInput,,,,,,,,,,,,
Chan009Phantom001,1,9,1,,,+48V phantom power on/off,1110,lmn,2,,,,,,,,ChanInput,,,,,,,,,,,,
Chan010Phantom001,1,10,1,,,+48V phantom power on/off,1111,lmo,2,,,,,,,,ChanInput,,,,,,,,,,,,
Chan011Phantom001,1,11,1,,,+48V phantom power on/off,1112,lmp,2,,,,,,,,ChanInput,,,,,,,,,,,,
Chan012Phantom001,1,12,1,,,+48V phantom power on/off,1113,lmq,2,,,,,,,,ChanInput,,,,,,,,,,,,
Chan001Pol001,1,1,1,,,Polarity (phase) reverse,1114,lmr,2,,,,,,,,,,,,,,,,,,,,
Chan002Pol001,1,2,1,,,Polarity (phase) reverse,1115,lms,2,,,,,,,,,,,,,,,,,,,,
Chan003Pol001,1,3,1,,,Polarity (phase) reverse,1116,lmt,2,,,,,,,,,,,,,,,,,,,,
Chan004Pol001,1,4,1,,,Polarity (phase) reverse,1117,lmu,2,,,,,,,,,,,,,,,,,,,,
Chan005Pol001,1,5,1,,,Polarity (phase) reverse,1118,lmv,2,,,,,,,,,,,,,,,,,,,,
Chan006Pol001,1,6,1,,,Polarity (phase) reverse,1119,lmw,2,,,,,,,,,,,,,,,,,,,,
Chan007Pol001,1,7,1,,,Polarity (phase) reverse,1120,lnh,2,,,,,,,,,,,,,,,,,,,,
Chan008Pol001,1,8,1,,,Polarity (phase) reverse,1121,lni,2,,,,,,,,,,,,,,,,,,,,
Chan009Pol001,1,9,1,,,Polarity (phase) reverse,1122,lnj,2,,,,,,,,,,,,,,,,,,,,
Chan010Pol001,1,10,1,,,Polarity (phase) reverse,1123,lnk,2,,,,,,,,,,,,,,,,,,,,
Chan011Pol001,1,11,1,,,Polarity (phase) reverse,1124,lnl,2,,,,,,,,,,,,,,,,,,,,
Chan012Pol001,1,12,1,,,Polarity (phase) reverse,1125,lnm,2,,,,,,,,,,,,,,,,,,,,
Chan001AuxOn001,1,1,1,,,Channel-to-aux send on/off,1126,lnn,1,,,,,,,,Chan_Rtg,,,,,,,,,,,,
Chan001AuxOn002,1,1,2,,,Channel-to-aux send on/off,1127,lno,1,,,,,,,,Chan_Rtg,,,,,,,,,,,,
Chan001AuxOn003,1,1,3,,,Channel-to-aux send on/off,1128,lnp,1,,,,,,,,Chan_Rtg,,,,,,,,,,,,
Chan001AuxOn004,1,1,4,,,Channel-to-aux send on/off,1129,lnq,1,,,,,,,,Chan_Rtg,,,,,,,,,,,,
Chan002AuxOn001,1,2,1,,,Channel-to-aux send on/off,1130,lnr,1,,,,,,,,Chan_Rtg,,,,,,,,,,,,
Chan002AuxOn002,1,2,2,,,Channel-to-aux send on/off,1131,lns,1,,,,,,,,Chan_Rtg,,,,,,,,,,,,
Chan002AuxOn003,1,2,3,,,Channel-to-aux send on/off,1132,lnt,1,,,,,,,,Chan_Rtg,,,,,,,,,,,,
Chan002AuxOn004,1,2,4,,,Channel-to-aux send on/off,1133,lnu,1,,,,,,,,Chan_Rtg,,,,,,,,,,,,
Chan003AuxOn001,1,3,1,,,Channel-to-aux send on/off,1134,lnv,1,,,,,,,,Chan_Rtg,,,,,,,,,,,,
Chan003AuxOn002,1,3,2,,,Channel-to-aux send on/off,1135,lnw,1,,,,,,,,Chan_Rtg,,,,,,,,,,,,
Chan003AuxOn003,1,3,3,,,Channel-to-aux send on/off,1136,loh,1,,,,,,,,Chan_Rtg,,,,,,,,,,,,
Chan003AuxOn004,1,3,4,,,Channel-to-aux send on/off,1137,loi,1,,,,,,,,Chan_Rtg,,,,,,,,,,,,
Chan004AuxOn001,1,4,1,,,Channel-to-aux send on/off,1138,loj,1,,,,,,,,Chan_Rtg,,,,,,,,,,,,
Chan004AuxOn002,1,4,2,,,Channel-to-aux send on/off,1139,lok,1,,,,,,,,Chan_Rtg,,,,,,,,,,,,
Chan004AuxOn003,1,4,3,,,Channel-to-aux send on/off,1140,lol,1,,,,,,,,Chan_Rtg,,,,,,,,,,,,
Chan004AuxOn004,1,4,4,,,Channel-to-aux send on/off,1141,lom,1,,,,,,,,Chan_Rtg,,,,,,,,,,,,
Chan005AuxOn001,1,5,1,,,Channel-to-aux send on/off,1142,lon,1,,,,,,,,Chan_Rtg,,,,,,,,,,,,
Chan005AuxOn002,1,5,2,,,Channel-to-aux send on/off,1143,loo,1,,,,,,,,Chan_Rtg,,,,,,,,,,,,
Chan005AuxOn003,1,5,3,,,Channel-to-aux send on/off,1144,lop,1,,,,,,,,Chan_Rtg,,,,,,,,,,,,
Chan005AuxOn004,1,5,4,,,Channel-to-aux send on/off,1145,loq,1,,,,,,,,Chan_Rtg,,,,,,,,,,,,
Chan006AuxOn001,1,6,1,,,Channel-to-aux send on/off,1146,lor,1,,,,,,,,Chan_Rtg,,,,,,,,,,,,
Chan006AuxOn002,1,6,2,,,Channel-to-aux send on/off,1147,los,1,,,,,,,,Chan_Rtg,,,,,,,,,,,,
Chan006AuxOn003,1,6,3,,,Channel-to-aux send on/off,1148,lot,1,,,,,,,,Chan_Rtg,,,,,,,,,,,,
Chan006AuxOn004,1,6,4,,,Channel-to-aux send on/off,1149,lou,1,,,,,,,,Chan_Rtg,,,,,,,,,,,,
Chan007AuxOn001,1,7,1,,,Channel-to-aux send on/off,1150,lov,1,,,,,,,,Chan_Rtg,,,,,,,,,,,,
Chan007AuxOn002,1,7,2,,,Channel-to-aux send on/off,1151,low,1,,,,,,,,Chan_Rtg,,,,,,,,,,,,
Chan007AuxOn003,1,7,3,,,Channel-to-aux send on/off,1152,lph,1,,,,,,,,Chan_Rtg,,,,,,,,,,,,
Chan007AuxOn004,1,7,4,,,Channel-to-aux send on/off,1153,lpi,1,,,,,,,,Chan_Rtg,,,,,,,,,,,,
Chan008AuxOn001,1,8,1,,,Channel-to-aux send on/off,1154,lpj,1,,,,,,,,Chan_Rtg,,,,,,,,,,,,
Chan008AuxOn002,1,8,2,,,Channel-to-aux send on/off,1155,lpk,1,,,,,,,,Chan_Rtg,,,,,,,,,,,,
Chan008AuxOn003,1,8,3,,,Channel-to-aux send on/off,1156,lpl,1,,,,,,,,Chan_Rtg,,,,,,,,,,,,
Chan008AuxOn004,1,8,4,,,Channel-to-aux send on/off,1157,lpm,1,,,,,,,,Chan_Rtg,,,,,,,,,,,,
Chan009AuxOn001,1,9,1,,,Channel-to-aux send on/off,1158,lpn,1,,,,,,,,Chan_Rtg,,,,,,,,,,,,
Chan009AuxOn002,1,9,2,,,Channel-to-aux send on/off,1159,lpo,1,,,,,,,,Chan_Rtg,,,,,,,,,,,,
Chan009AuxOn003,1,9,3,,,Channel-to-aux send on/off,1160,lpp,1,,,,,,,,Chan_Rtg,,,,,,,,,,,,
Chan009AuxOn004,1,9,4,,,Channel-to-aux send on/off,1161,lpq,1,,,,,,,,Chan_Rtg,,,,,,,,,,,,
Chan010AuxOn001,1,10,1,,,Channel-to-aux send on/off,1162,lpr,1,,,,,,,,Chan_Rtg,,,,,,,,,,,,
Chan010AuxOn002,1,10,2,,,Channel-to-aux send on/off,1163,lps,1,,,,,,,,Chan_Rtg,,,,,,,,,,,,
Chan010AuxOn003,1,10,3,,,Channel-to-aux send on/off,1164,lpt,1,,,,,,,,Chan_Rtg,,,,,,,,,,,,
Chan010AuxOn004,1,10,4,,,Channel-to-aux send on/off,1165,lpu,1,,,,,,,,Chan_Rtg,,,,,,,,,,,,
Chan011AuxOn001,1,11,1,,,Channel-to-aux send on/off,1166,lpv,1,,,,,,,,Chan_Rtg,,,,,,,,,,,,
Chan011AuxOn002,1,11,2,,,Channel-to-aux send on/off,1167,lpw,1,,,,,,,,Chan_Rtg,,,,,,,,,,,,
Chan011AuxOn003,1,11,3,,,Channel-to-aux send on/off,1168,lqh,1,,,,,,,,Chan_Rtg,,,,,,,,,,,,
Chan011AuxOn004,1,11,4,,,Channel-to-aux send on/off,1169,lqi,1,,,,,,,,Chan_Rtg,,,,,,,,,,,,
Chan012AuxOn001,1,12,1,,,Channel-to-aux send on/off,1170,lqj,1,,,,,,,,Chan_Rtg,,,,,,,,,,,,
Chan012AuxOn002,1,12,2,,,Channel-to-aux send on/off,1171,lqk,1,,,,,,,,Chan_Rtg,,,,,,,,,,,,
Chan012AuxOn003,1,12,3,,,Channel-to-aux send on/off,1172,lql,1,,,,,,,,Chan_Rtg,,,,,,,,,,,,
Chan012AuxOn004,1,12,4,,,Channel-to-aux send on/off,1173,lqm,1,,,,,,,,Chan_Rtg,,,,,,,,,,,,
Chan001AuxPick001,1,1,1,,,Per-aux pickoff (PreEQ/PostEQ/PreFdr/PostFdr),1174,lqn,4,,,,,,,,Chan_Rtg,,,,,,,,,,,,
Chan001AuxPick002,1,1,2,,,Per-aux pickoff (PreEQ/PostEQ/PreFdr/PostFdr),1175,lqo,4,,,,,,,,Chan_Rtg,,,,,,,,,,,,
Chan001AuxPick003,1,1,3,,,Per-aux pickoff (PreEQ/PostEQ/PreFdr/PostFdr),1176,lqp,4,,,,,,,,Chan_Rtg,,,,,,,,,,,,
Chan001AuxPick004,1,1,4,,,Per-aux pickoff (PreEQ/PostEQ/PreFdr/PostFdr),1177,lqq,4,,,,,,,,Chan_Rtg,,,,,,,,,,,,
Chan002AuxPick001,1,2,1,,,Per-aux pickoff (PreEQ/PostEQ/PreFdr/PostFdr),1178,lqr,4,,,,,,,,Chan_Rtg,,,,,,,,,,,,
Chan002AuxPick002,1,2,2,,,Per-aux pickoff (PreEQ/PostEQ/PreFdr/PostFdr),1179,lqs,4,,,,,,,,Chan_Rtg,,,,,,,,,,,,
Chan002AuxPick003,1,2,3,,,Per-aux pickoff (PreEQ/PostEQ/PreFdr/PostFdr),1180,lqt,4,,,,,,,,Chan_Rtg,,,,,,,,,,,,
Chan002AuxPick004,1,2,4,,,Per-aux pickoff (PreEQ/PostEQ/PreFdr/PostFdr),1181,lqu,4,,,,,,,,Chan_Rtg,,,,,,,,,,,,
Chan003AuxPick001,1,3,1,,,Per-aux pickoff (PreEQ/PostEQ/PreFdr/PostFdr),1182,lqv,4,,,,,,,,Chan_Rtg,,,,,,,,,,,,
Chan003AuxPick002,1,3,2,,,Per-aux pickoff (PreEQ/PostEQ/PreFdr/PostFdr),1183,lqw,4,,,,,,,,Chan_Rtg,,,,,,,,,,,,
Chan003AuxPick003,1,3,3,,,Per-aux pickoff (PreEQ/PostEQ/PreFdr/PostFdr),1184,lrh,4,,,,,,,,Chan_Rtg,,,,,,,,,,,,
Chan003AuxPick004,1,3,4,,,Per-aux pickoff (PreEQ/PostEQ/PreFdr/PostFdr),1185,lri,4,,,,,,,,Chan_Rtg,,,,,,,,,,,,
Chan004AuxPick001,1,4,1,,,Per-aux pickoff (PreEQ/PostEQ/PreFdr/PostFdr),1186,lrj,4,,,,,,,,Chan_Rtg,,,,,,,,,,,,
Chan004AuxPick002,1,4,2,,,Per-aux pickoff (PreEQ/PostEQ/PreFdr/PostFdr),1187,lrk,4,,,,,,,,Chan_Rtg,,,,,,,,,,,,
Chan004AuxPick003,1,4,3,,,Per-aux pickoff (PreEQ/PostEQ/PreFdr/PostFdr),1188,lrl,4,,,,,,,,Chan_Rtg,,,,,,,,,,,,
Chan004AuxPick004,1,4,4,,,Per-aux pickoff (PreEQ/PostEQ/PreFdr/PostFdr),1189,lrm,4,,,,,,,,Chan_Rtg,,,,,,,,,,,,
Chan005AuxPick001,1,5,1,,,Per-aux pickoff (PreEQ/PostEQ/PreFdr/PostFdr),1190,lrn,4,,,,,,,,Chan_Rtg,,,,,,,,,,,,
Chan005AuxPick002,1,5,2,,,Per-aux pickoff (PreEQ/PostEQ/PreFdr/PostFdr),1191,lro,4,,,,,,,,Chan_Rtg,,,,,,,,,,,,
Chan005AuxPick003,1,5,3,,,Per-aux pickoff (PreEQ/PostEQ/PreFdr/PostFdr),1192,lrp,4,,,,,,,,Chan_Rtg,,,,,,,,,,,,
Chan005AuxPick004,1,5,4,,,Per-aux pickoff (PreEQ/PostEQ/PreFdr/PostFdr),1193,lrq,4,,,,,,,,Chan_Rtg,,,,,,,,,,,,
Chan006AuxPick001,1,6,1,,,Per-aux pickoff (PreEQ/PostEQ/PreFdr/PostFdr),1194,lrr,4,,,,,,,,Chan_Rtg,,,,,,,,,,,,
Chan006AuxPick002,1,6,2,,,Per-aux pickoff (PreEQ/PostEQ/PreFdr/PostFdr),1195,lrs,4,,,,,,,,Chan_Rtg,,,,,,,,,,,,
Chan006AuxPick003,1,6,3,,,Per-aux pickoff (PreEQ/PostEQ/PreFdr/PostFdr),1196,lrt,4,,,,,,,,Chan_Rtg,,,,,,,,,,,,
Chan006AuxPick004,1,6,4,,,Per-aux pickoff (PreEQ/PostEQ/PreFdr/PostFdr),1197,lru,4,,,,,,,,Chan_Rtg,,,,,,,,,,,,
Chan007AuxPick001,1,7,1,,,Per-aux pickoff (PreEQ/PostEQ/PreFdr/PostFdr),1198,lrv,4,,,,,,,,Chan_Rtg,,,,,,,,,,,,
Chan007AuxPick002,1,7,2,,,Per-aux pickoff (PreEQ/PostEQ/PreFdr/PostFdr),1199,lrw,4,,,,,,,,Chan_Rtg,,,,,,,,,,,,
Chan007AuxPick003,1,7,3,,,Per-aux pickoff (PreEQ/PostEQ/PreFdr/PostFdr),1200,lsh,4,,,,,,,,Chan_Rtg,,,,,,,,,,,,
Chan007AuxPick004,1,7,4,,,Per-aux pickoff (PreEQ/PostEQ/PreFdr/PostFdr),1201,lsi,4,,,,,,,,Chan_Rtg,,,,,,,,,,,,
Chan008AuxPick001,1,8,1,,,Per-aux pickoff (PreEQ/PostEQ/PreFdr/PostFdr),1202,lsj,4,,,,,,,,Chan_Rtg,,,,,,,,,,,,
Chan008AuxPick002,1,8,2,,,Per-aux pickoff (PreEQ/PostEQ/PreFdr/PostFdr),1203,lsk,4,,,,,,,,Chan_Rtg,,,,,,,,,,,,
Chan008AuxPick003,1,8,3,,,Per-aux pickoff (PreEQ/PostEQ/PreFdr/PostFdr),1204,lsl,4,,,,,,,,Chan_Rtg,,,,,,,,,,,,
Chan008AuxPick004,1,8,4,,,Per-aux pickoff (PreEQ/PostEQ/PreFdr/PostFdr),1205,lsm,4,,,,,,,,Chan_Rtg,,,,,,,,,,,,
Chan009AuxPick001,1,9,1,,,Per-aux pickoff (PreEQ/PostEQ/PreFdr/PostFdr),1206,lsn,4,,,,,,,,Chan_Rtg,,,,,,,,,,,,
Chan009AuxPick002,1,9,2,,,Per-aux pickoff (PreEQ/PostEQ/PreFdr/PostFdr),1207,lso,4,,,,,,,,Chan_Rtg,,,,,,,,,,,,
Chan009AuxPick003,1,9,3,,,Per-aux pickoff (PreEQ/PostEQ/PreFdr/PostFdr),1208,lsp,4,,,,,,,,Chan_Rtg,,,,,,,,,,,,
Chan009AuxPick004,1,9,4,,,Per-aux pickoff (PreEQ/PostEQ/PreFdr/PostFdr),1209,lsq,4,,,,,,,,Chan_Rtg,,,,,,,,,,,,
Chan010AuxPick001,1,10,1,,,Per-aux pickoff (PreEQ/PostEQ/PreFdr/PostFdr),1210,lsr,4,,,,,,,,Chan_Rtg,,,,,,,,,,,,
Chan010AuxPick002,1,10,2,,,Per-aux pickoff (PreEQ/PostEQ/PreFdr/PostFdr),1211,lss,4,,,,,,,,Chan_Rtg,,,,,,,,,,,,
Chan010AuxPick003,1,10,3,,,Per-aux pickoff (PreEQ/PostEQ/PreFdr/PostFdr),1212,lst,4,,,,,,,,Chan_Rtg,,,,,,,,,,,,
Chan010AuxPick004,1,10,4,,,Per-aux pickoff (PreEQ/PostEQ/PreFdr/PostFdr),1213,lsu,4,,,,,,,,Chan_Rtg,,,,,,,,,,,,
Chan011AuxPick001,1,11,1,,,Per-aux pickoff (PreEQ/PostEQ/PreFdr/PostFdr),1214,lsv,4,,,,,,,,Chan_Rtg,,,,,,,,,,,,
Chan011AuxPick002,1,11,2,,,Per-aux pickoff (PreEQ/PostEQ/PreFdr/PostFdr),1215,lsw,4,,,,,,,,Chan_Rtg,,,,,,,,,,,,
Chan011AuxPick003,1,11,3,,,Per-aux pickoff (PreEQ/PostEQ/PreFdr/PostFdr),1216,lth,4,,,,,,,,Chan_Rtg,,,,,,,,,,,,
Chan011AuxPick004,1,11,4,,,Per-aux pickoff (PreEQ/PostEQ/PreFdr/PostFdr),1217,lti,4,,,,,,,,Chan_Rtg,,,,,,,,,,,,
Chan012AuxPick001,1,12,1,,,Per-aux pickoff (PreEQ/PostEQ/PreFdr/PostFdr),1218,ltj,4,,,,,,,,Chan_Rtg,,,,,,,,,,,,
Chan012AuxPick002,1,12,2,,,Per-aux pickoff (PreEQ/PostEQ/PreFdr/PostFdr),1219,ltk,4,,,,,,,,Chan_Rtg,,,,,,,,,,,,
Chan012AuxPick003,1,12,3,,,Per-aux pickoff (PreEQ/PostEQ/PreFdr/PostFdr),1220,ltl,4,,,,,,,,Chan_Rtg,,,,,,,,,,,,
Chan012AuxPick004,1,12,4,,,Per-aux pickoff (PreEQ/PostEQ/PreFdr/PostFdr),1221,ltm,4,,,,,,,,Chan_Rtg,,,,,,,,,,,,
Chan001AuxSend001,1,1,1,,,Per-channel send level to each aux,1222,ltn,255,,,,,,,,Chan_Rtg,,dB:Off:-50@31:-30@63:-10@127:0,,,,,,,,,,
Chan001AuxSend002,1,1,2,,,Per-channel send level to each aux,1223,lto,255,,,,,,,,Chan_Rtg,,dB:Off:-50@31:-30@63:-10@127:0,,,,,,,,,,
Chan001AuxSend003,1,1,3,,,Per-channel send level to each aux,1224,ltp,255,,,,,,,,Chan_Rtg,,dB:Off:-50@31:-30@63:-10@127:0,,,,,,,,,,
Chan001AuxSend004,1,1,4,,,Per-channel send level to each aux,1225,ltq,255,,,,,,,,Chan_Rtg,,dB:Off:-50@31:-30@63:-10@127:0,,,,,,,,,,
Chan002AuxSend001,1,2,1,,,Per-channel send level to each aux,1226,ltr,255,,,,,,,,Chan_Rtg,,dB:Off:-50@31:-30@63:-10@127:0,,,,,,,,,,
Chan002AuxSend002,1,2,2,,,Per-channel send level to each aux,1227,lts,255,,,,,,,,Chan_Rtg,,dB:Off:-50@31:-30@63:-10@127:0,,,,,,,,,,
Chan002AuxSend003,1,2,3,,,Per-channel send level to each aux,1228,ltt,255,,,,,,,,Chan_Rtg,,dB:Off:-50@31:-30@63:-10@127:0,,,,,,,,,,
Chan002AuxSend004,1,2,4,,,Per-channel send level to each aux,1229,ltu,255,,,,,,,,Chan_Rtg,,dB:Off:-50@31:-30@63:-10@127:0,,,,,,,,,,
Chan003AuxSend001,1,3,1,,,Per-channel send level to each aux,1230,ltv,255,,,,,,,,Chan_Rtg,,dB:Off:-50@31:-30@63:-10@127:0,,,,,,,,,,
Chan003AuxSend002,1,3,2,,,Per-channel send level to each aux,1231,ltw,255,,,,,,,,Chan_Rtg,,dB:Off:-50@31:-30@63:-10@127:0,,,,,,,,,,
Chan003AuxSend003,1,3,3,,,Per-channel send level to each aux,1232,luh,255,,,,,,,,Chan_Rtg,,dB:Off:-50@31:-30@63:-10@127:0,,,,,,,,,,
Chan003AuxSend004,1,3,4,,,Per-channel send level to each aux,1233,lui,255,,,,,,,,Chan_Rtg,,dB:Off:-50@31:-30@63:-10@127:0,,,,,,,,,,
Chan004AuxSend001,1,4,1,,,Per-channel send level to each aux,1234,luj,255,,,,,,,,Chan_Rtg,,dB:Off:-50@31:-30@63:-10@127:0,,,,,,,,,,
Chan004AuxSend002,1,4,2,,,Per-channel send level to each aux,1235,luk,255,,,,,,,,Chan_Rtg,,dB:Off:-50@31:-30@63:-10@127:0,,,,,,,,,,
Chan004AuxSend003,1,4,3,,,Per-channel send level to each aux,1236,lul,255,,,,,,,,Chan_Rtg,,dB:Off:-50@31:-30@63:-10@127:0,,,,,,,,,,
Chan004AuxSend004,1,4,4,,,Per-channel send level to each aux,1237,lum,255,,,,,,,,Chan_Rtg,,dB:Off:-50@31:-30@63:-10@127:0,,,,,,,,,,
Chan005AuxSend001,1,5,1,,,Per-channel send level to each aux,1238,lun,255,,,,,,,,Chan_Rtg,,dB:Off:-50@31:-30@63:-10@127:0,,,,,,,,,,
Chan005AuxSend002,1,5,2,,,Per-channel send level to each aux,1239,luo,255,,,,,,,,Chan_Rtg,,dB:Off:-50@31:-30@63:-10@127:0,,,,,,,,,,
Chan005AuxSend003,1,5,3,,,Per-channel send level to each aux,1240,lup,255,,,,,,,,Chan_Rtg,,dB:Off:-50@31:-30@63:-10@127:0,,,,,,,,,,
Chan005AuxSend004,1,5,4,,,Per-channel send level to each aux,1241,luq,255,,,,,,,,Chan_Rtg,,dB:Off:-50@31:-30@63:-10@127:0,,,,,,,,,,
Chan006AuxSend001,1,6,1,,,Per-channel send level to each aux,1242,lur,255,,,,,,,,Chan_Rtg,,dB:Off:-50@31:-30@63:-10@127:0,,,,,,,,,,
Chan006AuxSend002,1,6,2,,,Per-channel send level to each aux,1243,lus,255,,,,,,,,Chan_Rtg,,dB:Off:-50@31:-30@63:-10@127:0,,,,,,,,,,
Chan006AuxSend003,1,6,3,,,Per-channel send level to each aux,1244,lut,255,,,,,,,,Chan_Rtg,,dB:Off:-50@31:-30@63:-10@127:0,,,,,,,,,,
Chan006AuxSend004,1,6,4,,,Per-channel send level to each aux,1245,luu,255,,,,,,,,Chan_Rtg,,dB:Off:-50@31:-30@63:-10@127:0,,,,,,,,,,
Chan007AuxSend001,1,7,1,,,Per-channel send level to each aux,1246,luv,255,,,,,,,,Chan_Rtg,,dB:Off:-50@31:-30@63:-10@127:0,,,,,,,,,,
Chan007AuxSend002,1,7,2,,,Per-channel send level to each aux,1247,luw,255,,,,,,,,Chan_Rtg,,dB:Off:-50@31:-30@63:-10@127:0,,,,,,,,,,
Chan007AuxSend003,1,7,3,,,Per-channel send level to each aux,1248,lvh,255,,,,,,,,Chan_Rtg,,dB:Off:-50@31:-30@63:-10@127:0,,,,,,,,,,
Chan007AuxSend004,1,7,4,,,Per-channel send level to each aux,1249,lvi,255,,,,,,,,Chan_Rtg,,dB:Off:-50@31:-30@63:-10@127:0,,,,,,,,,,
Chan008AuxSend001,1,8,1,,,Per-channel send level to each aux,1250,lvj,255,,,,,,,,Chan_Rtg,,dB:Off:-50@31:-30@63:-10@127:0,,,,,,,,,,
Chan008AuxSend002,1,8,2,,,Per-channel send level to each aux,1251,lvk,255,,,,,,,,Chan_Rtg,,dB:Off:-50@31:-30@63:-10@127:0,,,,,,,,,,
Chan008AuxSend003,1,8,3,,,Per-channel send level to each aux,1252,lvl,255,,,,,,,,Chan_Rtg,,dB:Off:-50@31:-30@63:-10@127:0,,,,,,,,,,
Chan008AuxSend004,1,8,4,,,Per-channel send level to each aux,1253,lvm,255,,,,,,,,Chan_Rtg,,dB:Off:-50@31:-30@63:-10@127:0,,,,,,,,,,
Chan009AuxSend001,1,9,1,,,Per-channel send level to each aux,1254,lvn,255,,,,,,,,Chan_Rtg,,dB:Off:-50@31:-30@63:-10@127:0,,,,,,,,,,
Chan009AuxSend002,1,9,2,,,Per-channel send level to each aux,1255,lvo,255,,,,,,,,Chan_Rtg,,dB:Off:-50@31:-30@63:-10@127:0,,,,,,,,,,
Chan009AuxSend003,1,9,3,,,Per-channel send level to each aux,1256,lvp,255,,,,,,,,Chan_Rtg,,dB:Off:-50@31:-30@63:-10@127:0,,,,,,,,,,
Chan009AuxSend004,1,9,4,,,Per-channel send level to each aux,1257,lvq,255,,,,,,,,Chan_Rtg,,dB:Off:-50@31:-30@63:-10@127:0,,,,,,,,,,
Chan010AuxSend001,1,10,1,,,Per-channel send level to each aux,1258,lvr,255,,,,,,,,Chan_Rtg,,dB:Off:-50@31:-30@63:-10@127:0,,,,,,,,,,
Chan010AuxSend002,1,10,2,,,Per-channel send level to each aux,1259,lvs,255,,,,,,,,Chan_Rtg,,dB:Off:-50@31:-30@63:-10@127:0,,,,,,,,,,
Chan010AuxSend003,1,10,3,,,Per-channel send level to each aux,1260,lvt,255,,,,,,,,Chan_Rtg,,dB:Off:-50@31:-30@63:-10@127:0,,,,,,,,,,
Chan010AuxSend004,1,10,4,,,Per-channel send level to each aux,1261,lvu,255,,,,,,,,Chan_Rtg,,dB:Off:-50@31:-30@63:-10@127:0,,,,,,,,,,
Chan011AuxSend001,1,11,1,,,Per-channel send level to each aux,1262,lvv,255,,,,,,,,Chan_Rtg,,dB:Off:-50@31:-30@63:-10@127:0,,,,,,,,,,
Chan011AuxSend002,1,11,2,,,Per-channel send level to each aux,1263,lvw,255,,,,,,,,Chan_Rtg,,dB:Off:-50@31:-30@63:-10@127:0,,,,,,,,,,
Chan011AuxSend003,1,11,3,,,Per-channel send level to each aux,1264,lwh,255,,,,,,,,Chan_Rtg,,dB:Off:-50@31:-30@63:-10@127:0,,,,,,,,,,
Chan011AuxSend004,1,11,4,,,Per-channel send level to each aux,1265,lwi,255,,,,,,,,Chan_Rtg,,dB:Off:-50@31:-30@63:-10@127:0,,,,,,,,,,
Chan012AuxSend001,1,12,1,,,Per-channel send level to each aux,1266,lwj,255,,,,,,,,Chan_Rtg,,dB:Off:-50@31:-30@63:-10@127:0,,,,,,,,,,
Chan012AuxSend002,1,12,2,,,Per-channel send level to each aux,1267,lwk,255,,,,,,,,Chan_Rtg,,dB:Off:-50@31:-30@63:-10@127:0,,,,,,,,,,
Chan012AuxSend003,1,12,3,,,Per-channel send level to each aux,1268,lwl,255,,,,,,,,Chan_Rtg,,dB:Off:-50@31:-30@63:-10@127:0,,,,,,,,,,
Chan012AuxSend004,1,12,4,,,Per-channel send level to each aux,1269,lwm,255,,,,,,,,Chan_Rtg,,dB:Off:-50@31:-30@63:-10@127:0,,,,,,,,,,
Chan001CtrOn001,1,1,1,,,Center/sub output assign on/off,1270,lwn,2,,,,,,,,Chan_Rtg,,,,,,,,,,,,
Chan002CtrOn001,1,2,1,,,Center/sub output assign on/off,1271,lwo,2,,,,,,,,Chan_Rtg,,,,,,,,,,,,
Chan003CtrOn001,1,3,1,,,Center/sub output assign on/off,1272,lwp,2,,,,,,,,Chan_Rtg,,,,,,,,,,,,
Chan004CtrOn001,1,4,1,,,Center/sub output assign on/off,1273,lwq,2,,,,,,,,Chan_Rtg,,,,,,,,,,,,
Chan005CtrOn001,1,5,1,,,Center/sub output assign on/off,1274,lwr,2,,,,,,,,Chan_Rtg,,,,,,,,,,,,
Chan006CtrOn001,1,6,1,,,Center/sub output assign on/off,1275,lws,2,,,,,,,,Chan_Rtg,,,,,,,,,,,,
Chan007CtrOn001,1,7,1,,,Center/sub output assign on/off,1276,lwt,2,,,,,,,,Chan_Rtg,,,,,,,,,,,,
Chan008CtrOn001,1,8,1,,,Center/sub output assign on/off,1277,lwu,2,,,,,,,,Chan_Rtg,,,,,,,,,,,,
Chan009CtrOn001,1,9,1,,,Center/sub output assign on/off,1278,lwv,2,,,,,,,,Chan_Rtg,,,,,,,,,,,,
Chan010CtrOn001,1,10,1,,,Center/sub output assign on/off,1279,lww,2,,,,,,,,Chan_Rtg,,,,,,,,,,,,
Chan011CtrOn001,1,11,1,,,Center/sub output assign on/off,1280,mhh,2,,,,,,,,Chan_Rtg,,,,,,,,,,,,
Chan012CtrOn001,1,12,1,,,Center/sub output assign on/off,1281,mhi,2,,,,,,,,Chan_Rtg,,,,,,,,,,,,
Chan001Dca001,1,1,1,,,DCA group assignment (1-8 or off),1282,mhj,9,,,,,,,,Chan_Rtg,,,,,,,,,,,,
Chan002Dca001,1,2,1,,,DCA group assignment (1-8 or off),1283,mhk,9,,,,,,,,Chan_Rtg,,,,,,,,,,,,
Chan003Dca001,1,3,1,,,DCA group assignment (1-8 or off),1284,mhl,9,,,,,,,,Chan_Rtg,,,,,,,,,,,,
Chan004Dca001,1,4,1,,,DCA group assignment (1-8 or off),1285,mhm,9,,,,,,,,Chan_Rtg,,,,,,,,,,,,
Chan005Dca001,1,5,1,,,DCA group assignment (1-8 or off),1286,mhn,9,,,,,,,,Chan_Rtg,,,,,,,,,,,,
Chan006Dca001,1,6,1,,,DCA group assignment (1-8 or off),1287,mho,9,,,,,,,,Chan_Rtg,,,,,,,,,,,,
Chan007Dca001,1,7,1,,,DCA group assignment (1-8 or off),1288,mhp,9,,,,,,,,Chan_Rtg,,,,,,,,,,,,
Chan008Dca001,1,8,1,,,DCA group assignment (1-8 or off),1289,mhq,9,,,,,,,,Chan_Rtg,,,,,,,,,,,,
Chan009Dca001,1,9,1,,,DCA group assignment (1-8 or off),1290,mhr,9,,,,,,,,Chan_Rtg,,,,,,,,,,,,
Chan010Dca001,1,10,1,,,DCA group assignment (1-8 or off),1291,mhs,9,,,,,,,,Chan_Rtg,,,,,,,,,,,,
Chan011Dca001,1,11,1,,,DCA group assignment (1-8 or off),1292,mht,9,,,,,,,,Chan_Rtg,,,,,,,,,,,,
Chan012Dca001,1,12,1,,,DCA group assignment (1-8 or off),1293,mhu,9,,,,,,,,Chan_Rtg,,,,,,,,,,,,
Chan001DcaOn001,1,1,1,,,DCA follow on/off (assignment kept while off),1294,mhv,2,,,,,,,,Chan_Rtg,,,,,,,,,,,,
Chan002DcaOn001,1,2,1,,,DCA follow on/off (assignment kept while off),1295,mhw,2,,,,,,,,Chan_Rtg,,,,,,,,,,,,
Chan003DcaOn001,1,3,1,,,DCA follow on/off (assignment kept while off),1296,mih,2,,,,,,,,Chan_Rtg,,,,,,,,,,,,
Chan004DcaOn001,1,4,1,,,DCA follow on/off (assignment kept while off),1297,mii,2,,,,,,,,Chan_Rtg,,,,,,,,,,,,
Chan005DcaOn001,1,5,1,,,DCA follow on/off (assignment kept while off),1298,mij,2,,,,,,,,Chan_Rtg,,,,,,,,,,,,
Chan006DcaOn001,1,6,1,,,DCA follow on/off (assignment kept while off),1299,mik,2,,,,,,,,Chan_Rtg,,,,,,,,,,,,
Chan007DcaOn001,1,7,1,,,DCA follow on/off (assignment kept while off),1300,mil,2,,,,,,,,Chan_Rtg,,,,,,,,,,,,
Chan008DcaOn001,1,8,1,,,DCA follow on/off (assignment kept while off),1301,mim,2,,,,,,,,Chan_Rtg,,,,,,,,,,,,
Chan009DcaOn001,1,9,1,,,DCA follow on/off (assignment kept while off),1302,min,2,,,,,,,,Chan_Rtg,,,,,,,,,,,,
Chan010DcaOn001,1,10,1,,,DCA follow on/off (assignment kept while off),1303,mio,2,,,,,,,,Chan_Rtg,,,,,,,,,,,,
Chan011DcaOn001,1,11,1,,,DCA follow on/off (assignment kept while off),1304,mip,2,,,,,,,,Chan_Rtg,,,,,,,,,,,,
Chan012DcaOn001,1,12,1,,,DCA follow on/off (assignment kept while off),1305,miq,2,,,,,,,,Chan_Rtg,,,,,,,,,,,,
Chan001FxOn001,1,1,1,,,FX send on/off per FX bus,1306,mir,1,,,,,,,,Chan_Rtg,,,,,,,,,,,,
Chan001FxOn002,1,1,2,,,FX send on/off per FX bus,1307,mis,1,,,,,,,,Chan_Rtg,,,,,,,,,,,,
Chan001FxOn003,1,1,3,,,FX send on/off per FX bus,1308,mit,1,,,,,,,,Chan_Rtg,,,,,,,,,,,,
Chan001FxOn004,1,1,4,,,FX send on/off per FX bus,1309,miu,1,,,,,,,,Chan_Rtg,,,,,,,,,,,,
Chan002FxOn001,1,2,1,,,FX send on/off per FX bus,1310,miv,1,,,,,,,,Chan_Rtg,,,,,,,,,,,,
Chan002FxOn002,1,2,2,,,FX send on/off per FX bus,1311,miw,1,,,,,,,,Chan_Rtg,,,,,,,,,,,,
Chan002FxOn003,1,2,3,,,FX send on/off per FX bus,1312,mjh,1,,,,,,,,Chan_Rtg,,,,,,,,,,,,
Chan002FxOn004,1,2,4,,,FX send on/off per FX bus,1313,mji,1,,,,,,,,Chan_Rtg,,,,,,,,,,,,
Chan003FxOn001,1,3,1,,,FX send on/off per FX bus,1314,mjj,1,,,,,,,,Chan_Rtg,,,,,,,,,,,,
Chan003FxOn002,1,3,2,,,FX send on/off per FX bus,1315,mjk,1,,,,,,,,Chan_Rtg,,,,,,,,,,,,
Chan003FxOn003,1,3,3,,,FX send on/off per FX bus,1316,mjl,1,,,,,,,,Chan_Rtg,,,,,,,,,,,,
Chan003FxOn004,1,3,4,,,FX send on/off per FX bus,1317,mjm,1,,,,,,,,Chan_Rtg,,,,,,,,,,,,
Chan004FxOn001,1,4,1,,,FX send on/off per FX bus,1318,mjn,1,,,,,,,,Chan_Rtg,,,,,,,,,,,,
Chan004FxOn002,1,4,2,,,FX send on/off per FX bus,1319,mjo,1,,,,,,,,Chan_Rtg,,,,,,,,,,,,
Chan004FxOn003,1,4,3,,,FX send on/off per FX bus,1320,mjp,1,,,,,,,,Chan_Rtg,,,,,,,,,,,,
Chan004FxOn004,1,4,4,,,FX send on/off per FX bus,1321,mjq,1,,,,,,,,Chan_Rtg,,,,,,,,,,,,
Chan005FxOn001,1,5,1,,,FX send on/off per FX bus,1322,mjr,1,,,,,,,,Chan_Rtg,,,,,,,,,,,,
Chan005FxOn002,1,5,2,,,FX send on/off per FX bus,1323,mjs,1,,,,,,,,Chan_Rtg,,,,,,,,,,,,
Chan005FxOn003,1,5,3,,,FX send on/off per FX bus,1324,mjt,1,,,,,,,,Chan_Rtg,,,,,,,,,,,,
Chan005FxOn004,1,5,4,,,FX send on/off per FX bus,1325,mju,1,,,,,,,,Chan_Rtg,,,,,,,,,,,,
Chan006FxOn001,1,6,1,,,FX send on/off per FX bus,1326,mjv,1,,,,,,,,Chan_Rtg,,,,,,,,,,,,
Chan006FxOn002,1,6,2,,,FX send on/off per FX bus,1327,mjw,1,,,,,,,,Chan_Rtg,,,,,,,,,,,,
Chan006FxOn003,1,6,3,,,FX send on/off per FX bus,1328,mkh,1,,,,,,,,Chan_Rtg,,,,,,,,,,,,
Chan006FxOn004,1,6,4,,,FX send on/off per FX bus,1329,mki,1,,,,,,,,Chan_Rtg,,,,,,,,,,,,
Chan007FxOn001,1,7,1,,,FX send on/off per FX bus,1330,mkj,1,,,,,,,,Chan_Rtg,,,,,,,,,,,,
Chan007FxOn002,1,7,2,,,FX send on/off per FX bus,1331,mkk,1,,,,,,,,Chan_Rtg,,,,,,,,,,,,
Chan007FxOn003,1,7,3,,,FX send on/off per FX bus,1332,mkl,1,,,,,,,,Chan_Rtg,,,,,,,,,,,,
Chan007FxOn004,1,7,4,,,FX send on/off per FX bus,1333,mkm,1,,,,,,,,Chan_Rtg,,,,,,,,,,,,
Chan008FxOn001,1,8,1,,,FX send on/off per FX bus,1334,mkn,1,,,,,,,,Chan_Rtg,,,,,,,,,,,,
Chan008FxOn002,1,8,2,,,FX send on/off per FX bus,1335,mko,1,,,,,,,,Chan_Rtg,,,,,,,,,,,,
Chan008FxOn003,1,8,3,,,FX send on/off per FX bus,1336,mkp,1,,,,,,,,Chan_Rtg,,,,,,,,,,,,
Chan008FxOn004,1,8,4,,,FX send on/off per FX bus,1337,mkq,1,,,,,,,,Chan_Rtg,,,,,,,,,,,,
Chan009FxOn001,1,9,1,,,FX send on/off per FX bus,1338,mkr,1,,,,,,,,Chan_Rtg,,,,,,,,,,,,
Chan009FxOn002,1,9,2,,,FX send on/off per FX bus,1339,mks,1,,,,,,,,Chan_Rtg,,,,,,,,,,,,
Chan009FxOn003,1,9,3,,,FX send on/off per FX bus,1340,mkt,1,,,,,,,,Chan_Rtg,,,,,,,,,,,,
Chan009FxOn004,1,9,4,,,FX send on/off per FX bus,1341,mku,1,,,,,,,,Chan_Rtg,,,,,,,,,,,,
Chan010FxOn001,1,10,1,,,FX send on/off per FX bus,1342,mkv,1,,,,,,,,Chan_Rtg,,,,,,,,,,,,
Chan010FxOn002,1,10,2,,,FX send on/off per FX bus,1343,mkw,1,,,,,,,,Chan_Rtg,,,,,,,,,,,,
Chan010FxOn003,1,10,3,,,FX send on/off per FX bus,1344,mlh,1,,,,,,,,Chan_Rtg,,,,,,,,,,,,
Chan010FxOn004,1,10,4,,,FX send on/off per FX bus,1345,mli,1,,,,,,,,Chan_Rtg,,,,,,,,,,,,
Chan011FxOn001,1,11,1,,,FX send on/off per FX bus,1346,mlj,1,,,,,,,,Chan_Rtg,,,,,,,,,,,,
Chan011FxOn002,1,11,2,,,FX send on/off per FX bus,1347,mlk,1,,,,,,,,Chan_Rtg,,,,,,,,,,,,
Chan011FxOn003,1,11,3,,,FX send on/off per FX bus,1348,mll,1,,,,,,,,Chan_Rtg,,,,,,,,,,,,
Chan011FxOn004,1,11,4,,,FX send on/off per FX bus,1349,mlm,1,,,,,,,,Chan_Rtg,,,,,,,,,,,,
Chan012FxOn001,1,12,1,,,FX send on/off per FX bus,1350,mln,1,,,,,,,,Chan_Rtg,,,,,,,,,,,,
Chan012FxOn002,1,12,2,,,FX send on/off per FX bus,1351,mlo,1,,,,,,,,Chan_Rtg,,,,,,,,,,,,
Chan012FxOn003,1,12,3,,,FX send on/off per FX bus,1352,mlp,1,,,,,,,,Chan_Rtg,,,,,,,,,,,,
Chan012FxOn004,1,12,4,,,FX send on/off per FX bus,1353,mlq,1,,,,,,,,Chan_Rtg,,,,,,,,,,,,
Chan001FxSend001,1,1,1,,,Per-channel send level to each FX bus,1354,mlr,255,,,,,,,,Chan_Rtg,,dB:Off:-50@31:-30@63:-10@127:0,,,,,,,,,,
Chan001FxSend002,1,1,2,,,Per-channel send level to each FX bus,1355,mls,255,,,,,,,,Chan_Rtg,,dB:Off:-50@31:-30@63:-10@127:0,,,,,,,,,,
Chan001FxSend003,1,1,3,,,Per-channel send level to each FX bus,1356,mlt,255,,,,,,,,Chan_Rtg,,dB:Off:-50@31:-30@63:-10@127:0,,,,,,,,,,
Chan001FxSend004,1,1,4,,,Per-channel send level to each FX bus,1357,mlu,255,,,,,,,,Chan_Rtg,,dB:Off:-50@31:-30@63:-10@127:0,,,,,,,,,,
Chan002FxSend001,1,2,1,,,Per-channel send level to each FX bus,1358,mlv,255,,,,,,,,Chan_Rtg,,dB:Off:-50@31:-30@63:-10@127:0,,,,,,,,,,
Chan002FxSend002,1,2,2,,,Per-channel send level to each FX bus,1359,mlw,255,,,,,,,,Chan_Rtg,,dB:Off:-50@31:-30@63:-10@127:0,,,,,,,,,,
Chan002FxSend003,1,2,3,,,Per-channel send level to each FX bus,1360,mmh,255,,,,,,,,Chan_Rtg,,dB:Off:-50@31:-30@63:-10@127:0,,,,,,,,,,
Chan002FxSend004,1,2,4,,,Per-channel send level to each FX bus,1361,mmi,255,,,,,,,,Chan_Rtg,,dB:Off:-50@31:-30@63:-10@127:0,,,,,,,,,,
Chan003FxSend001,1,3,1,,,Per-channel send level to each FX bus,1362,mmj,255,,,,,,,,Chan_Rtg,,dB:Off:-50@31:-30@63:-10@127:0,,,,,,,,,,
Chan003FxSend002,1,3,2,,,Per-channel send level to each FX bus,1363,mmk,255,,,,,,,,Chan_Rtg,,dB:Off:-50@31:-30@63:-10@127:0,,,,,,,,,,
Chan003FxSend003,1,3,3,,,Per-channel send level to each FX bus,1364,mml,255,,,,,,,,Chan_Rtg,,dB:Off:-50@31:-30@63:-10@127:0,,,,,,,,,,
Chan003FxSend004,1,3,4,,,Per-channel send level to each FX bus,1365,mmm,255,,,,,,,,Chan_Rtg,,dB:Off:-50@31:-30@63:-10@127:0,,,,,,,,,,
Chan004FxSend001,1,4,1,,,Per-channel send level to each FX bus,1366,mmn,255,,,,,,,,Chan_Rtg,,dB:Off:-50@31:-30@63:-10@127:0,,,,,,,,,,
Chan004FxSend002,1,4,2,,,Per-channel send level to each FX bus,1367,mmo,255,,,,,,,,Chan_Rtg,,dB:Off:-50@31:-30@63:-10@127:0,,,,,,,,,,
Chan004FxSend003,1,4,3,,,Per-channel send level to each FX bus,1368,mmp,255,,,,,,,,Chan_Rtg,,dB:Off:-50@31:-30@63:-10@127:0,,,,,,,,,,
Chan004FxSend004,1,4,4,,,Per-channel send level to each FX bus,1369,mmq,255,,,,,,,,Chan_Rtg,,dB:Off:-50@31:-30@63:-10@127:0,,,,,,,,,,
Chan005FxSend001,1,5,1,,,Per-channel send level to each FX bus,1370,mmr,255,,,,,,,,Chan_Rtg,,dB:Off:-50@31:-30@63:-10@127:0,,,,,,,,,,
Chan005FxSend002,1,5,2,,,Per-channel send level to each FX bus,1371,mms,255,,,,,,,,Chan_Rtg,,dB:Off:-50@31:-30@63:-10@127:0,,,,,,,,,,
Chan005FxSend003,1,5,3,,,Per-channel send level to each FX bus,1372,mmt,255,,,,,,,,Chan_Rtg,,dB:Off:-50@31:-30@63:-10@127:0,,,,,,,,,,
Chan005FxSend004,1,5,4,,,Per-channel send level to each FX bus,1373,mmu,255,,,,,,,,Chan_Rtg,,dB:Off:-50@31:-30@63:-10@127:0,,,,,,,,,,
Chan006FxSend001,1,6,1,,,Per-channel send level to each FX bus,1374,mmv,255,,,,,,,,Chan_Rtg,,dB:Off:-50@31:-30@63:-10@127:0,,,,,,,,,,
Chan006FxSend002,1,6,2,,,Per-channel send level to each FX bus,1375,mmw,255,,,,,,,,Chan_Rtg,,dB:Off:-50@31:-30@63:-10@127:0,,,,,,,,,,
Chan006FxSend003,1,6,3,,,Per-channel send level to each FX bus,1376,mnh,255,,,,,,,,Chan_Rtg,,dB:Off:-50@31:-30@63:-10@127:0,,,,,,,,,,
Chan006FxSend004,1,6,4,,,Per-channel send level to each FX bus,1377,mni,255,,,,,,,,Chan_Rtg,,dB:Off:-50@31:-30@63:-10@127:0,,,,,,,,,,
Chan007FxSend001,1,7,1,,,Per-channel send level to each FX bus,1378,mnj,255,,,,,,,,Chan_Rtg,,dB:Off:-50@31:-30@63:-10@127:0,,,,,,,,,,
Chan007FxSend002,1,7,2,,,Per-channel send level to each FX bus,1379,mnk,255,,,,,,,,Chan_Rtg,,dB:Off:-50@31:-30@63:-10@127:0,,,,,,,,,,
Chan007FxSend003,1,7,3,,,Per-channel send level to each FX bus,1380,mnl,255,,,,,,,,Chan_Rtg,,dB:Off:-50@31:-30@63:-10@127:0,,,,,,,,,,
Chan007FxSend004,1,7,4,,,Per-channel send level to each FX bus,1381,mnm,255,,,,,,,,Chan_Rtg,,dB:Off:-50@31:-30@63:-10@127:0,,,,,,,,,,
Chan008FxSend001,1,8,1,,,Per-channel send level to each FX bus,1382,mnn,255,,,,,,,,Chan_Rtg,,dB:Off:-50@31:-30@63:-10@127:0,,,,,,,,,,
Chan008FxSend002,1,8,2,,,Per-channel send level to each FX bus,1383,mno,255,,,,,,,,Chan_Rtg,,dB:Off:-50@31:-30@63:-10@127:0,,,,,,,,,,
Chan008FxSend003,1,8,3,,,Per-channel send level to each FX bus,1384,mnp,255,,,,,,,,Chan_Rtg,,dB:Off:-50@31:-30@63:-10@127:0,,,,,,,,,,
Chan008FxSend004,1,8,4,,,Per-channel send level to each FX bus,1385,mnq,255,,,,,,,,Chan_Rtg,,dB:Off:-50@31:-30@63:-10@127:0,,,,,,,,,,
Chan009FxSend001,1,9,1,,,Per-channel send level to each FX bus,1386,mnr,255,,,,,,,,Chan_Rtg,,dB:Off:-50@31:-30@63:-10@127:0,,,,,,,,,,
Chan009FxSend002,1,9,2,,,Per-channel send level to each FX bus,1387,mns,255,,,,,,,,Chan_Rtg,,dB:Off:-50@31:-30@63:-10@127:0,,,,,,,,,,
Chan009FxSend003,1,9,3,,,Per-channel send level to each FX bus,1388,mnt,255,,,,,,,,Chan_Rtg,,dB:Off:-50@31:-30@63:-10@127:0,,,,,,,,,,
Chan009FxSend004,1,9,4,,,Per-channel send level to each FX bus,1389,mnu,255,,,,,,,,Chan_Rtg,,dB:Off:-50@31:-30@63:-10@127:0,,,,,,,,,,
Chan010FxSend001,1,10,1,,,Per-channel send level to each FX bus,1390,mnv,255,,,,,,,,Chan_Rtg,,dB:Off:-50@31:-30@63:-10@127:0,,,,,,,,,,
Chan010FxSend002,1,10,2,,,Per-channel send level to each FX bus,1391,mnw,255,,,,,,,,Chan_Rtg,,dB:Off:-50@31:-30@63:-10@127:0,,,,,,,,,,
Chan010FxSend003,1,10,3,,,Per-channel send level to each FX bus,1392,moh,255,,,,,,,,Chan_Rtg,,dB:Off:-50@31:-30@63:-10@127:0,,,,,,,,,,
Chan010FxSend004,1,10,4,,,Per-channel send level to each FX bus,1393,moi,255,,,,,,,,Chan_Rtg,,dB:Off:-50@31:-30@63:-10@127:0,,,,,,,,,,
Chan011FxSend001,1,11,1,,,Per-channel send level to each FX bus,1394,moj,255,,,,,,,,Chan_Rtg,,dB:Off:-50@31:-30@63:-10@127:0,,,,,,,,,,
Chan011FxSend002,1,11,2,,,Per-channel send level to each FX bus,1395,mok,255,,,,,,,,Chan_Rtg,,dB:Off:-50@31:-30@63:-10@127:0,,,,,,,,,,
Chan011FxSend003,1,11,3,,,Per-channel send level to each FX bus,1396,mol,255,,,,,,,,Chan_Rtg,,dB:Off:-50@31:-30@63:-10@127:0,,,,,,,,,,
Chan011FxSend004,1,11,4,,,Per-channel send level to each FX bus,1397,mom,255,,,,,,,,Chan_Rtg,,dB:Off:-50@31:-30@63:-10@127:0,,,,,,,,,,
Chan012FxSend001,1,12,1,,,Per-channel send level to each FX bus,1398,mon,255,,,,,,,,Chan_Rtg,,dB:Off:-50@31:-30@63:-10@127:0,,,,,,,,,,
Chan012FxSend002,1,12,2,,,Per-channel send level to each FX bus,1399,moo,255,,,,,,,,Chan_Rtg,,dB:Off:-50@31:-30@63:-10@127:0,,,,,,,,,,
Chan012FxSend003,1,12,3,,,Per-channel send level to each FX bus,1400,mop,255,,,,,,,,Chan_Rtg,,dB:Off:-50@31:-30@63:-10@127:0,,,,,,,,,,
Chan012FxSend004,1,12,4,,,Per-channel send level to each FX bus,1401,moq,255,,,,,,,,Chan_Rtg,,dB:Off:-50@31:-30@63:-10@127:0,,,,,,,,,,
Chan001GrpOn001,1,1,1,,,Channel-to-group routing on/off,1402,mor,1,,,,,,,,Chan_Rtg,,,,,,,,,,,,
Chan001GrpOn002,1,1,2,,,Channel-to-group routing on/off,1403,mos,1,,,,,,,,Chan_Rtg,,,,,,,,,,,,
Chan001GrpOn003,1,1,3,,,Channel-to-group routing on/off,1404,mot,1,,,,,,,,Chan_Rtg,,,,,,,,,,,,
Chan001GrpOn004,1,1,4,,,Channel-to-group routing on/off,1405,mou,1,,,,,,,,Chan_Rtg,,,,,,,,,,,,
Chan002GrpOn001,1,2,1,,,Channel-to-group routing on/off,1406,mov,1,,,,,,,,Chan_Rtg,,,,,,,,,,,,
Chan002GrpOn002,1,2,2,,,Channel-to-group routing on/off,1407,mow,1,,,,,,,,Chan_Rtg,,,,,,,,,,,,
Chan002GrpOn003,1,2,3,,,Channel-to-group routing on/off,1408,mph,1,,,,,,,,Chan_Rtg,,,,,,,,,,,,
Chan002GrpOn004,1,2,4,,,Channel-to-group routing on/off,1409,mpi,1,,,,,,,,Chan_Rtg,,,,,,,,,,,,
Chan003GrpOn001,1,3,1,,,Channel-to-group routing on/off,1410,mpj,1,,,,,,,,Chan_Rtg,,,,,,,,,,,,
Chan003GrpOn002,1,3,2,,,Channel-to-group routing on/off,1411,mpk,1,,,,,,,,Chan_Rtg,,,,,,,,,,,,
Chan003GrpOn003,1,3,3,,,Channel-to-group routing on/off,1412,mpl,1,,,,,,,,Chan_Rtg,,,,,,,,,,,,
Chan003GrpOn004,1,3,4,,,Channel-to-group routing on/off,1413,mpm,1,,,,,,,,Chan_Rtg,,,,,,,,,,,,
Chan004GrpOn001,1,4,1,,,Channel-to-group routing on/off,1414,mpn,1,,,,,,,,Chan_Rtg,,,,,,,,,,,,
Chan004GrpOn002,1,4,2,,,Channel-to-group routing on/off,1415,mpo,1,,,,,,,,Chan_Rtg,,,,,,,,,,,,
Chan004GrpOn003,1,4,3,,,Channel-to-group routing on/off,1416,mpp,1,,,,,,,,Chan_Rtg,,,,,,,,,,,,
Chan004GrpOn004,1,4,4,,,Channel-to-group routing on/off,1417,mpq,1,,,,,,,,Chan_Rtg,,,,,,,,,,,,
Chan005GrpOn001,1,5,1,,,Channel-to-group routing on/off,1418,mpr,1,,,,,,,,Chan_Rtg,,,,,,,,,,,,
Chan005GrpOn002,1,5,2,,,Channel-to-group routing on/off,1419,mps,1,,,,,,,,Chan_Rtg,,,,,,,,,,,,
Chan005GrpOn003,1,5,3,,,Channel-to-group routing on/off,1420,mpt,1,,,,,,,,Chan_Rtg,,,,,,,,,,,,
Chan005GrpOn004,1,5,4,,,Channel-to-group routing on/off,1421,mpu,1,,,,,,,,Chan_Rtg,,,,,,,,,,,,
Chan006GrpOn001,1,6,1,,,Channel-to-group routing on/off,1422,mpv,1,,,,,,,,Chan_Rtg,,,,,,,,,,,,
Chan006GrpOn002,1,6,2,,,Channel-to-group routing on/off,1423,mpw,1,,,,,,,,Chan_Rtg,,,,,,,,,,,,
Chan006GrpOn003,1,6,3,,,Channel-to-group routing on/off,1424,mqh,1,,,,,,,,Chan_Rtg,,,,,,,,,,,,
Chan006GrpOn004,1,6,4,,,Channel-to-group routing on/off,1425,mqi,1,,,,,,,,Chan_Rtg,,,,,,,,,,,,
Chan007GrpOn001,1,7,1,,,Channel-to-group routing on/off,1426,mqj,1,,,,,,,,Chan_Rtg,,,,,,,,,,,,
Chan007GrpOn002,1,7,2,,,Channel-to-group routing on/off,1427,mqk,1,,,,,,,,Chan_Rtg,,,,,,,,,,,,
Chan007GrpOn003,1,7,3,,,Channel-to-group routing on/off,1428,mql,1,,,,,,,,Chan_Rtg,,,,,,,,,,,,
Chan007GrpOn004,1,7,4,,,Channel-to-group routing on/off,1429,mqm,1,,,,,,,,Chan_Rtg,,,,,,,,,,,,
Chan008GrpOn001,1,8,1,,,Channel-to-group routing on/off,1430,mqn,1,,,,,,,,Chan_Rtg,,,,,,,,,,,,
Chan008GrpOn002,1,8,2,,,Channel-to-group routing on/off,1431,mqo,1,,,,,,,,Chan_Rtg,,,,,,,,,,,,
Chan008GrpOn003,1,8,3,,,Channel-to-group routing on/off,1432,mqp,1,,,,,,,,Chan_Rtg,,,,,,,,,,,,
Chan008GrpOn004,1,8,4,,,Channel-to-group routing on/off,1433,mqq,1,,,,,,,,Chan_Rtg,,,,,,,,,,,,
Chan009GrpOn001,1,9,1,,,Channel-to-group routing on/off,1434,mqr,1,,,,,,,,Chan_Rtg,,,,,,,,,,,,
Chan009GrpOn002,1,9,2,,,Channel-to-group routing on/off,1435,mqs,1,,,,,,,,Chan_Rtg,,,,,,,,,,,,
Chan009GrpOn003,1,9,3,,,Channel-to-group routing on/off,1436,mqt,1,,,,,,,,Chan_Rtg,,,,,,,,,,,,
Chan009GrpOn004,1,9,4,,,Channel-to-group routing on/off,1437,mqu,1,,,,,,,,Chan_Rtg,,,,,,,,,,,,
Chan010GrpOn001,1,10,1,,,Channel-to-group routing on/off,1438,mqv,1,,,,,,,,Chan_Rtg,,,,,,,,,,,,
Chan010GrpOn002,1,10,2,,,Channel-to-group routing on/off,1439,mqw,1,,,,,,,,Chan_Rtg,,,,,,,,,,,,
Chan010GrpOn003,1,10,3,,,Channel-to-group routing on/off,1440,mrh,1,,,,,,,,Chan_Rtg,,,,,,,,,,,,
Chan010GrpOn004,1,10,4,,,Channel-to-group routing on/off,1441,mri,1,,,,,,,,Chan_Rtg,,,,,,,,,,,,
Chan011GrpOn001,1,11,1,,,Channel-to-group routing on/off,1442,mrj,1,,,,,,,,Chan_Rtg,,,,,,,,,,,,
Chan011GrpOn002,1,11,2,,,Channel-to-group routing on/off,1443,mrk,1,,,,,,,,Chan_Rtg,,,,,,,,,,,,
Chan011GrpOn003,1,11,3,,,Channel-to-group routing on/off,1444,mrl,1,,,,,,,,Chan_Rtg,,,,,,,,,,,,
Chan011GrpOn004,1,11,4,,,Channel-to-group routing on/off,1445,mrm,1,,,,,,,,Chan_Rtg,,,,,,,,,,,,
Chan012GrpOn001,1,12,1,,,Channel-to-group routing on/off,1446,mrn,1,,,,,,,,Chan_Rtg,,,,,,,,,,,,
Chan012GrpOn002,1,12,2,,,Channel-to-group routing on/off,1447,mro,1,,,,,,,,Chan_Rtg,,,,,,,,,,,,
Chan012GrpOn003,1,12,3,,,Channel-to-group routing on/off,1448,mrp,1,,,,,,,,Chan_Rtg,,,,,,,,,,,,
Chan012GrpOn004,1,12,4,,,Channel-to-group routing on/off,1449,mrq,1,,,,,,,,Chan_Rtg,,,,,,,,,,,,
Chan001Level001,1,1,1,,,Channel fader level,1450,mrr,255,,,,,,,,Chan_Rtg,,dB:Off:-50@31:-30@63:-10@127:10,,,,,,,,,,
Chan002Level001,1,2,1,,,Channel fader level,1451,mrs,255,,,,,,,,Chan_Rtg,,dB:Off:-50@31:-30@63:-10@127:10,,,,,,,,,,
Chan003Level001,1,3,1,,,Channel fader level,1452,mrt,255,,,,,,,,Chan_Rtg,,dB:Off:-50@31:-30@63:-10@127:10,,,,,,,,,,
Chan004Level001,1,4,1,,,Channel fader level,1453,mru,255,,,,,,,,Chan_Rtg,,dB:Off:-50@31:-30@63:-10@127:10,,,,,,,,,,
Chan005Level001,1,5,1,,,Channel fader level,1454,mrv,255,,,,,,,,Chan_Rtg,,dB:Off:-50@31:-30@63:-10@127:10,,,,,,,,,,
Chan006Level001,1,6,1,,,Channel fader level,1455,mrw,255,,,,,,,,Chan_Rtg,,dB:Off:-50@31:-30@63:-10@127:10,,,,,,,,,,
Chan007Level001,1,7,1,,,Channel fader level,1456,msh,255,,,,,,,,Chan_Rtg,,dB:Off:-50@31:-30@63:-10@127:10,,,,,,,,,,
Chan008Level001,1,8,1,,,Channel fader level,1457,msi,255,,,,,,,,Chan_Rtg,,dB:Off:-50@31:-30@63:-10@127:10,,,,,,,,,,
Chan009Level001,1,9,1,,,Channel fader level,1458,msj,255,,,,,,,,Chan_Rtg,,dB:Off:-50@31:-30@63:-10@127:10,,,,,,,,,,
Chan010Level001,1,10,1,,,Channel fader level,1459,msk,255,,,,,,,,Chan_Rtg,,dB:Off:-50@31:-30@63:-10@127:10,,,,,,,,,,
Chan011Level001,1,11,1,,,Channel fader level,1460,msl,255,,,,,,,,Chan_Rtg,,dB:Off:-50@31:-30@63:-10@127:10,,,,,,,,,,
Chan012Level001,1,12,1,,,Channel fader level,1461,msm,255,,,,,,,,Chan_Rtg,,dB:Off:-50@31:-30@63:-10@127:10,,,,,,,,,,
Chan001MainOn001,1,1,1,,,Channel to main L/R assign on/off,1462,msn,2,,,,,,,,Chan_Rtg,,,,,,,,,,,,
Chan002MainOn001,1,2,1,,,Channel to main L/R assign on/off,1463,mso,2,,,,,,,,Chan_Rtg,,,,,,,,,,,,
Chan003MainOn001,1,3,1,,,Channel to main L/R assign on/off,1464,msp,2,,,,,,,,Chan_Rtg,,,,,,,,,,,,
Chan004MainOn001,1,4,1,,,Channel to main L/R assign on/off,1465,msq,2,,,,,,,,Chan_Rtg,,,,,,,,,,,,
Chan005MainOn001,1,5,1,,,Channel to main L/R assign on/off,1466,msr,2,,,,,,,,Chan_Rtg,,,,,,,,,,,,
Chan006MainOn001,1,6,1,,,Channel to main L/R assign on/off,1467,mss,2,,,,,,,,Chan_Rtg,,,,,,,,,,,,
Chan007MainOn001,1,7,1,,,Channel to main L/R assign on/off,1468,mst,2,,,,,,,,Chan_Rtg,,,,,,,,,,,,
Chan008MainOn001,1,8,1,,,Channel to main L/R assign on/off,1469,msu,2,,,,,,,,Chan_Rtg,,,,,,,,,,,,
Chan009MainOn001,1,9,1,,,Channel to main L/R assign on/off,1470,msv,2,,,,,,,,Chan_Rtg,,,,,,,,,,,,
Chan010MainOn001,1,10,1,,,Channel to main L/R assign on/off,1471,msw,2,,,,,,,,Chan_Rtg,,,,,,,,,,,,
Chan011MainOn001,1,11,1,,,Channel to main L/R assign on/off,1472,mth,2,,,,,,,,Chan_Rtg,,,,,,,,,,,,
Chan012MainOn001,1,12,1,,,Channel to main L/R assign on/off,1473,mti,2,,,,,,,,Chan_Rtg,,,,,,,,,,,,
Chan001Mute001,1,1,1,,,Channel mute on/off,1474,mtj,8,,,,,,,,Chan_Rtg,,,,,,,,,,,,
Chan002Mute001,1,2,1,,,Channel mute on/off,1475,mtk,8,,,,,,,,Chan_Rtg,,,,,,,,,,,,
Chan003Mute001,1,3,1,,,Channel mute on/off,1476,mtl,8,,,,,,,,Chan_Rtg,,,,,,,,,,,,
Chan004Mute001,1,4,1,,,Channel mute on/off,1477,mtm,8,,,,,,,,Chan_Rtg,,,,,,,,,,,,
Chan005Mute001,1,5,1,,,Channel mute on/off,1478,mtn,8,,,,,,,,Chan_Rtg,,,,,,,,,,,,
Chan006Mute001,1,6,1,,,Channel mute on/off,1479,mto,8,,,,,,,,Chan_Rtg,,,,,,,,,,,,
Chan007Mute001,1,7,1,,,Channel mute on/off,1480,mtp,8,,,,,,,,Chan_Rtg,,,,,,,,,,,,
Chan008Mute001,1,8,1,,,Channel mute on/off,1481,mtq,8,,,,,,,,Chan_Rtg,,,,,,,,,,,,
Chan009Mute001,1,9,1,,,Channel mute on/off,1482,mtr,8,,,,,,,,Chan_Rtg,,,,,,,,,,,,
Chan010Mute001,1,10,1,,,Channel mute on/off,1483,mts,8,,,,,,,,Chan_Rtg,,,,,,,,,,,,
Chan011Mute001,1,11,1,,,Channel mute on/off,1484,mtt,8,,,,,,,,Chan_Rtg,,,,,,,,,,,,
Chan012Mute001,1,12,1,,,Channel mute on/off,1485,mtu,8,,,,,,,,Chan_Rtg,,,,,,,,,,,,
Chan001Pan001,1,1,1,,,Channel pan L/R position,1486,mtv,127,,,,,,,,Chan_Rtg,,Pan:dB:0:Off,,,,,,,,,,
Chan002Pan001,1,2,1,,,Channel pan L/R position,1487,mtw,127,,,,,,,,Chan_Rtg,,Pan:dB:0:Off,,,,,,,,,,
Chan003Pan001,1,3,1,,,Channel pan L/R position,1488,muh,127,,,,,,,,Chan_Rtg,,Pan:dB:0:Off,,,,,,,,,,
Chan004Pan001,1,4,1,,,Channel pan L/R position,1489,mui,127,,,,,,,,Chan_Rtg,,Pan:dB:0:Off,,,,,,,,,,
Chan005Pan001,1,5,1,,,Channel pan L/R position,1490,muj,127,,,,,,,,Chan_Rtg,,Pan:dB:0:Off,,,,,,,,,,
Chan006Pan001,1,6,1,,,Channel pan L/R position,1491,muk,127,,,,,,,,Chan_Rtg,,Pan:dB:0:Off,,,,,,,,,,
Chan007Pan001,1,7,1,,,Channel pan L/R position,1492,mul,127,,,,,,,,Chan_Rtg,,Pan:dB:0:Off,,,,,,,,,,
Chan008Pan001,1,8,1,,,Channel pan L/R position,1493,mum,127,,,,,,,,Chan_Rtg,,Pan:dB:0:Off,,,,,,,,,,
Chan009Pan001,1,9,1,,,Channel pan L/R position,1494,mun,127,,,,,,,,Chan_Rtg,,Pan:dB:0:Off,,,,,,,,,,
Chan010Pan001,1,10,1,,,Channel pan L/R position,1495,muo,127,,,,,,,,Chan_Rtg,,Pan:dB:0:Off,,,,,,,,,,
Chan011Pan001,1,11,1,,,Channel pan L/R position,1496,mup,127,,,,,,,,Chan_Rtg,,Pan:dB:0:Off,,,,,,,,,,
Chan012Pan001,1,12,1,,,Channel pan L/R position,1497,muq,127,,,,,,,,Chan_Rtg,,Pan:dB:0:Off,,,,,,,,,,
Chan001TubeSat001,1,1,1,,,Tube saturation amount,1498,mur,33,,,,,,,,ChanComp,,0=0/127=100/[Lin],,,,,,,,,,
Chan002TubeSat001,1,2,1,,,Tube saturation amount,1499,mus,33,,,,,,,,ChanComp,,0=0/127=100/[Lin],,,,,,,,,,
Chan003TubeSat001,1,3,1,,,Tube saturation amount,1500,mut,33,,,,,,,,ChanComp,,0=0/127=100/[Lin],,,,,,,,,,
Chan004TubeSat001,1,4,1,,,Tube saturation amount,1501,muu,33,,,,,,,,ChanComp,,0=0/127=100/[Lin],,,,,,,,,,
Chan005TubeSat001,1,5,1,,,Tube saturation amount,1502,muv,33,,,,,,,,ChanComp,,0=0/127=100/[Lin],,,,,,,,,,
Chan006TubeSat001,1,6,1,,,Tube saturation amount,1503,muw,33,,,,,,,,ChanComp,,0=0/127=100/[Lin],,,,,,,,,,
Chan007TubeSat001,1,7,1,,,Tube saturation amount,1504,mvh,33,,,,,,,,ChanComp,,0=0/127=100/[Lin],,,,,,,,,,
Chan008TubeSat001,1,8,1,,,Tube saturation amount,1505,mvi,33,,,,,,,,ChanComp,,0=0/127=100/[Lin],,,,,,,,,,
Chan009TubeSat001,1,9,1,,,Tube saturation amount,1506,mvj,33,,,,,,,,ChanComp,,0=0/127=100/[Lin],,,,,,,,,,
Chan010TubeSat001,1,10,1,,,Tube saturation amount,1507,mvk,33,,,,,,,,ChanComp,,0=0/127=100/[Lin],,,,,,,,,,
Chan011TubeSat001,1,11,1,,,Tube saturation amount,1508,mvl,33,,,,,,,,ChanComp,,0=0/127=100/[Lin],,,,,,,,,,
Chan012TubeSat001,1,12,1,,,Tube saturation amount,1509,mvm,33,,,,,,,,ChanComp,,0=0/127=100/[Lin],,,,,,,,,,
Chan001TubeOn001,1,1,1,,,Tube saturation on/off,1510,mvn,2,,,,,,,,ChanComp,,,,,,,,,,,,
Chan002TubeOn001,1,2,1,,,Tube saturation on/off,1511,mvo,2,,,,,,,,ChanComp,,,,,,,,,,,,
Chan003TubeOn001,1,3,1,,,Tube saturation on/off,1512,mvp,2,,,,,,,,ChanComp,,,,,,,,,,,,
Chan004TubeOn001,1,4,1,,,Tube saturation on/off,1513,mvq,2,,,,,,,,ChanComp,,,,,,,,,,,,
Chan005TubeOn001,1,5,1,,,Tube saturation on/off,1514,mvr,2,,,,,,,,ChanComp,,,,,,,,,,,,
Chan006TubeOn001,1,6,1,,,Tube saturation on/off,1515,mvs,2,,,,,,,,ChanComp,,,,,,,,,,,,
Chan007TubeOn001,1,7,1,,,Tube saturation on/off,1516,mvt,2,,,,,,,,ChanComp,,,,,,,,,,,,
Chan008TubeOn001,1,8,1,,,Tube saturation on/off,1517,mvu,2,,,,,,,,ChanComp,,,,,,,,,,,,
Chan009TubeOn001,1,9,1,,,Tube saturation on/off,1518,mvv,2,,,,,,,,ChanComp,,,,,,,,,,,,
Chan010TubeOn001,1,10,1,,,Tube saturation on/off,1519,mvw,2,,,,,,,,ChanComp,,,,,,,,,,,,
Chan011TubeOn001,1,11,1,,,Tube saturation on/off,1520,mwh,2,,,,,,,,ChanComp,,,,,,,,,,,,
Chan012TubeOn001,1,12,1,,,Tube saturation on/off,1521,mwi,2,,,,,,,,ChanComp,,,,,,,,,,,,
Dca001Level001,1,1,1,,,DCA group master fader level,1522,mwj,255,,,,,,,,DcaCtrl,,dB:Off:-50@31:-30@63:-10@127:10,,,,,,,,,,
Dca002Level001,1,2,1,,,DCA group master fader level,1523,mwk,255,,,,,,,,DcaCtrl,,dB:Off:-50@31:-30@63:-10@127:10,,,,,,,,,,
Dca003Level001,1,3,1,,,DCA group master fader level,1524,mwl,255,,,,,,,,DcaCtrl,,dB:Off:-50@31:-30@63:-10@127:10,,,,,,,,,,
Dca004Level001,1,4,1,,,DCA group master fader level,1525,mwm,255,,,,,,,,DcaCtrl,,dB:Off:-50@31:-30@63:-10@127:10,,,,,,,,,,
Dca001Mute001,1,1,1,,,DCA group mute on/off,1526,mwn,2,,,,,,,,DcaCtrl,,,,,,,,,,,,
Dca002Mute001,1,2,1,,,DCA group mute on/off,1527,mwo,2,,,,,,,,DcaCtrl,,,,,,,,,,,,
Dca003Mute001,1,3,1,,,DCA group mute on/off,1528,mwp,2,,,,,,,,DcaCtrl,,,,,,,,,,,,
Dca004Mute001,1,4,1,,,DCA group mute on/off,1529,mwq,2,,,,,,,,DcaCtrl,,,,,,,,,,,,
Fdr001Grp001,1,1,1,,false,Fader group membership (ch assign),1530,mwr,1,,,,,,,,,,,,,,,,,,,,
Fdr001Grp002,1,1,2,,false,Fader group membership (ch assign),1531,mws,1,,,,,,,,,,,,,,,,,,,,
Fdr001Grp003,1,1,3,,false,Fader group membership (ch assign),1532,mwt,1,,,,,,,,,,,,,,,,,,,,
Fdr001Grp004,1,1,4,,false,Fader group membership (ch assign),1533,mwu,1,,,,,,,,,,,,,,,,,,,,
Fdr001Grp005,1,1,5,,false,Fader group membership (ch assign),1534,mwv,1,,,,,,,,,,,,,,,,,,,,
Fdr001Grp006,1,1,6,,false,Fader group membership (ch assign),1535,mww,1,,,,,,,,,,,,,,,,,,,,
Fdr001Grp007,1,1,7,,false,Fader group membership (ch assign),1536,nhh,1,,,,,,,,,,,,,,,,,,,,
Fdr001Grp008,1,1,8,,false,Fader group membership (ch assign),1537,nhi,1,,,,,,,,,,,,,,,,,,,,
Fdr001Grp009,1,1,9,,false,Fader group membership (ch assign),1538,nhj,1,,,,,,,,,,,,,,,,,,,,
Fdr001Grp010,1,1,10,,false,Fader group membership (ch assign),1539,nhk,1,,,,,,,,,,,,,,,,,,,,
Fdr001Grp011,1,1,11,,false,Fader group membership (ch assign),1540,nhl,1,,,,,,,,,,,,,,,,,,,,
Fdr001Grp012,1,1,12,,false,Fader group membership (ch assign),1541,nhm,1,,,,,,,,,,,,,,,,,,,,
Fdr002Grp001,1,2,1,,false,Fader group membership (ch assign),1542,nhn,1,,,,,,,,,,,,,,,,,,,,
Fdr002Grp002,1,2,2,,false,Fader group membership (ch assign),1543,nho,1,,,,,,,,,,,,,,,,,,,,
Fdr002Grp003,1,2,3,,false,Fader group membership (ch assign),1544,nhp,1,,,,,,,,,,,,,,,,,,,,
Fdr002Grp004,1,2,4,,false,Fader group membership (ch assign),1545,nhq,1,,,,,,,,,,,,,,,,,,,,
Fdr002Grp005,1,2,5,,false,Fader group membership (ch assign),1546,nhr,1,,,,,,,,,,,,,,,,,,,,
Fdr002Grp006,1,2,6,,false,Fader group membership (ch assign),1547,nhs,1,,,,,,,,,,,,,,,,,,,,
Fdr002Grp007,1,2,7,,false,Fader group membership (ch assign),1548,nht,1,,,,,,,,,,,,,,,,,,,,
Fdr002Grp008,1,2,8,,false,Fader group membership (ch assign),1549,nhu,1,,,,,,,,,,,,,,,,,,,,
Fdr002Grp009,1,2,9,,false,Fader group membership (ch assign),1550,nhv,1,,,,,,,,,,,,,,,,,,,,
Fdr002Grp010,1,2,10,,false,Fader group membership (ch assign),1551,nhw,1,,,,,,,,,,,,,,,,,,,,
Fdr002Grp011,1,2,11,,false,Fader group membership (ch assign),1552,nih,1,,,,,,,,,,,,,,,,,,,,
Fdr002Grp012,1,2,12,,false,Fader group membership (ch assign),1553,nii,1,,,,,,,,,,,,,,,,,,,,
Fx001Damp001,1,1,1,,,FX HF damping amount,1554,nij,33,,,,,,,,FxCtrl,,,,,,,,,,,,
Fx002Damp001,1,2,1,,,FX HF damping amount,1555,nik,33,,,,,,,,FxCtrl,,,,,,,,,,,,
Fx003Damp001,1,3,1,,,FX HF damping amount,1556,nil,33,,,,,,,,FxCtrl,,,,,,,,,,,,
Fx004Damp001,1,4,1,,,FX HF damping amount,1557,nim,33,,,,,,,,FxCtrl,,,,,,,,,,,,
Fx001Decay001,1,1,1,,,FX reverb decay time,1558,nin,255,,,,,,,,FxCtrl,,0=0.1/127=10/[Log],,,,,,,,,,
Fx002Decay001,1,2,1,,,FX reverb decay time,1559,nio,255,,,,,,,,FxCtrl,,0=0.1/127=10/[Log],,,,,,,,,,
Fx003Decay001,1,3,1,,,FX reverb decay time,1560,nip,255,,,,,,,,FxCtrl,,0=0.1/127=10/[Log],,,,,,,,,,
Fx004Decay001,1,4,1,,,FX reverb decay time,1561,niq,255,,,,,,,,FxCtrl,,0=0.1/127=10/[Log],,,,,,,,,,
Fx001DelayTime001,1,1,1,,,FX delay/tempo time,1562,nir,255,,,,,,,,FxCtrl,,0=1/127=1000/[Log],,,,,,,,,,
Fx002DelayTime001,1,2,1,,,FX delay/tempo time,1563,nis,255,,,,,,,,FxCtrl,,0=1/127=1000/[Log],,,,,,,,,,
Fx003DelayTime001,1,3,1,,,FX delay/tempo time,1564,nit,255,,,,,,,,FxCtrl,,0=1/127=1000/[Log],,,,,,,,,,
Fx004DelayTime001,1,4,1,,,FX delay/tempo time,1565,niu,255,,,,,,,,FxCtrl,,0=1/127=1000/[Log],,,,,,,,,,
Fx001DuckOn001,1,1,1,,,FX ducker on/off,1566,niv,2,,,,,,,,FxCtrl,,,,,,,,,,,,
Fx002DuckOn001,1,2,1,,,FX ducker on/off,1567,niw,2,,,,,,,,FxCtrl,,,,,,,,,,,,
Fx003DuckOn001,1,3,1,,,FX ducker on/off,1568,njh,2,,,,,,,,FxCtrl,,,,,,,,,,,,
Fx004DuckOn001,1,4,1,,,FX ducker on/off,1569,nji,2,,,,,,,,FxCtrl,,,,,,,,,,,,
Fx001DuckThr001,1,1,1,,,FX ducker threshold (legacy alias of DuckSens),1570,njj,255,,,,,,,,FxCtrl,,0=-30/127=0/[Lin],,,,,,,,,,
Fx002DuckThr001,1,2,1,,,FX ducker threshold (legacy alias of DuckSens),1571,njk,255,,,,,,,,FxCtrl,,0=-30/127=0/[Lin],,,,,,,,,,
Fx003DuckThr001,1,3,1,,,FX ducker threshold (legacy alias of DuckSens),1572,njl,255,,,,,,,,FxCtrl,,0=-30/127=0/[Lin],,,,,,,,,,
Fx004DuckThr001,1,4,1,,,FX ducker threshold (legacy alias of DuckSens),1573,njm,255,,,,,,,,FxCtrl,,0=-30/127=0/[Lin],,,,,,,,,,
Fx001DuckSens001,1,1,1,,,FX ducker sensitivity (alias of threshold),1574,njn,255,,,,,,,,FxCtrl,,0=-30/127=0/[Lin],,,,,,,,,,
Fx002DuckSens001,1,2,1,,,FX ducker sensitivity (alias of threshold),1575,njo,255,,,,,,,,FxCtrl,,0=-30/127=0/[Lin],,,,,,,,,,
Fx003DuckSens001,1,3,1,,,FX ducker sensitivity (alias of threshold),1576,njp,255,,,,,,,,FxCtrl,,0=-30/127=0/[Lin],,,,,,,,,,
Fx004DuckSens001,1,4,1,,,FX ducker sensitivity (alias of threshold),1577,njq,255,,,,,,,,FxCtrl,,0=-30/127=0/[Lin],,,,,,,,,,
Fx001Balance001,1,1,1,,,FX delay/reverb balance,1578,njr,128,,,,,,,,FxCtrl,,0=0/127=100/[Lin],,,,,,,,,,
Fx002Balance001,1,2,1,,,FX delay/reverb balance,1579,njs,128,,,,,,,,FxCtrl,,0=0/127=100/[Lin],,,,,,,,,,
Fx003Balance001,1,3,1,,,FX delay/reverb balance,1580,njt,128,,,,,,,,FxCtrl,,0=0/127=100/[Lin],,,,,,,,,,
Fx004Balance001,1,4,1,,,FX delay/reverb balance,1581,nju,128,,,,,,,,FxCtrl,,0=0/127=100/[Lin],,,,,,,,,,
Fx001EqPresence001,1,1,1,,,FX high-shelf presence EQ (~5kHz +/-6dB),1582,njv,65,32,,,,,,,FxCtrl,,0=-6/127=6/[Lin],,,,,,,,,,
Fx002EqPresence001,1,2,1,,,FX high-shelf presence EQ (~5kHz +/-6dB),1583,njw,65,32,,,,,,,FxCtrl,,0=-6/127=6/[Lin],,,,,,,,,,
Fx003EqPresence001,1,3,1,,,FX high-shelf presence EQ (~5kHz +/-6dB),1584,nkh,65,32,,,,,,,FxCtrl,,0=-6/127=6/[Lin],,,,,,,,,,
Fx004EqPresence001,1,4,1,,,FX high-shelf presence EQ (~5kHz +/-6dB),1585,nki,65,32,,,,,,,FxCtrl,,0=-6/127=6/[Lin],,,,,,,,,,
Fx001EqLo001,1,1,1,,,FX low EQ,1586,nkj,65,32,,,,,,,FxCtrl,,0=-6/127=6/[Lin],,,,,,,,,,
Fx002EqLo001,1,2,1,,,FX low EQ,1587,nkk,65,32,,,,,,,FxCtrl,,0=-6/127=6/[Lin],,,,,,,,,,
Fx003EqLo001,1,3,1,,,FX low EQ,1588,nkl,65,32,,,,,,,FxCtrl,,0=-6/127=6/[Lin],,,,,,,,,,
Fx004EqLo001,1,4,1,,,FX low EQ,1589,nkm,65,32,,,,,,,FxCtrl,,0=-6/127=6/[Lin],,,,,,,,,,
Fx001EqMid001,1,1,1,,,FX mid EQ,1590,nkn,65,32,,,,,,,FxCtrl,,0=-6/127=6/[Lin],,,,,,,,,,
Fx002EqMid001,1,2,1,,,FX mid EQ,1591,nko,65,32,,,,,,,FxCtrl,,0=-6/127=6/[Lin],,,,,,,,,,
Fx003EqMid001,1,3,1,,,FX mid EQ,1592,nkp,65,32,,,,,,,FxCtrl,,0=-6/127=6/[Lin],,,,,,,,,,
Fx004EqMid001,1,4,1,,,FX mid EQ,1593,nkq,65,32,,,,,,,FxCtrl,,0=-6/127=6/[Lin],,,,,,,,,,
Fx001EqHpf001,1,1,1,,,FX low cut / HPF frequency,1594,nkr,255,127,,,,,,,FxCtrl,,0=80/127=300/[Log],,,,,,,,,,
Fx002EqHpf001,1,2,1,,,FX low cut / HPF frequency,1595,nks,255,127,,,,,,,FxCtrl,,0=80/127=300/[Log],,,,,,,,,,
Fx003EqHpf001,1,3,1,,,FX low cut / HPF frequency,1596,nkt,255,127,,,,,,,FxCtrl,,0=80/127=300/[Log],,,,,,,,,,
Fx004EqHpf001,1,4,1,,,FX low cut / HPF frequency,1597,nku,255,127,,,,,,,FxCtrl,,0=80/127=300/[Log],,,,,,,,,,
Fx001Feedback001,1,1,1,,,FX delay repeats/feedback,1598,nkv,255,,,,,,,,FxCtrl,,0=0/127=100/[Lin],,,,,,,,,,
Fx002Feedback001,1,2,1,,,FX delay repeats/feedback,1599,nkw,255,,,,,,,,FxCtrl,,0=0/127=100/[Lin],,,,,,,,,,
Fx003Feedback001,1,3,1,,,FX delay repeats/feedback,1600,nlh,255,,,,,,,,FxCtrl,,0=0/127=100/[Lin],,,,,,,,,,
Fx004Feedback001,1,4,1,,,FX delay repeats/feedback,1601,nli,255,,,,,,,,FxCtrl,,0=0/127=100/[Lin],,,,,,,,,,
Fx001ModRate001,1,1,1,,,FX LFO modulation rate,1602,nlj,255,127,,,,,,,FxCtrl,,0=0.1/127=10/[Log],,,,,,,,,,
Fx002ModRate001,1,2,1,,,FX LFO modulation rate,1603,nlk,255,127,,,,,,,FxCtrl,,0=0.1/127=10/[Log],,,,,,,,,,
Fx003ModRate001,1,3,1,,,FX LFO modulation rate,1604,nll,255,127,,,,,,,FxCtrl,,0=0.1/127=10/[Log],,,,,,,,,,
Fx004ModRate001,1,4,1,,,FX LFO modulation rate,1605,nlm,255,127,,,,,,,FxCtrl,,0=0.1/127=10/[Log],,,,,,,,,,
Fx001ModLevel001,1,1,1,,,FX LFO modulation depth,1606,nln,128,,,,,,,,FxCtrl,,0=0/127=100/[Lin],,,,,,,,,,
Fx002ModLevel001,1,2,1,,,FX LFO modulation depth,1607,nlo,128,,,,,,,,FxCtrl,,0=0/127=100/[Lin],,,,,,,,,,
Fx003ModLevel001,1,3,1,,,FX LFO modulation depth,1608,nlp,128,,,,,,,,FxCtrl,,0=0/127=100/[Lin],,,,,,,,,,
Fx004ModLevel001,1,4,1,,,FX LFO modulation depth,1609,nlq,128,,,,,,,,FxCtrl,,0=0/127=100/[Lin],,,,,,,,,,
Fx001LfoShape001,1,1,1,,,FX LFO shape (sine/triangle),1610,nlr,2,,,,,,,,FxCtrl,,,,,,,,,,,,
Fx002LfoShape001,1,2,1,,,FX LFO shape (sine/triangle),1611,nls,2,,,,,,,,FxCtrl,,,,,,,,,,,,
Fx003LfoShape001,1,3,1,,,FX LFO shape (sine/triangle),1612,nlt,2,,,,,,,,FxCtrl,,,,,,,,,,,,
Fx004LfoShape001,1,4,1,,,FX LFO shape (sine/triangle),1613,nlu,2,,,,,,,,FxCtrl,,,,,,,,,,,,
Fx001StereoWidth001,1,1,1,,,FX stereo width control,1614,nlv,128,,,,,,,,FxCtrl,,0=0/127=100/[Lin],,,,,,,,,,
Fx002StereoWidth001,1,2,1,,,FX stereo width control,1615,nlw,128,,,,,,,,FxCtrl,,0=0/127=100/[Lin],,,,,,,,,,
Fx003StereoWidth001,1,3,1,,,FX stereo width control,1616,nmh,128,,,,,,,,FxCtrl,,0=0/127=100/[Lin],,,,,,,,,,
Fx004StereoWidth001,1,4,1,,,FX stereo width control,1617,nmi,128,,,,,,,,FxCtrl,,0=0/127=100/[Lin],,,,,,,,,,
Fx001PingPongStart001,1,1,1,,,FX ping-pong start side (L/R),1618,nmj,2,,,,,,,,FxCtrl,,,,,,,,,,,,
Fx002PingPongStart001,1,2,1,,,FX ping-pong start side (L/R),1619,nmk,2,,,,,,,,FxCtrl,,,,,,,,,,,,
Fx003PingPongStart001,1,3,1,,,FX ping-pong start side (L/R),1620,nml,2,,,,,,,,FxCtrl,,,,,,,,,,,,
Fx004PingPongStart001,1,4,1,,,FX ping-pong start side (L/R),1621,nmm,2,,,,,,,,FxCtrl,,,,,,,,,,,,
Fx001Mix001,1,1,1,,,FX dry/wet mix,1622,nmn,128,,,,,,,,FxCtrl,,0=0/127=100/[Lin],,,,,,,,,,
Fx002Mix001,1,2,1,,,FX dry/wet mix,1623,nmo,128,,,,,,,,FxCtrl,,0=0/127=100/[Lin],,,,,,,,,,
Fx003Mix001,1,3,1,,,FX dry/wet mix,1624,nmp,128,,,,,,,,FxCtrl,,0=0/127=100/[Lin],,,,,,,,,,
Fx004Mix001,1,4,1,,,FX dry/wet mix,1625,nmq,128,,,,,,,,FxCtrl,,0=0/127=100/[Lin],,,,,,,,,,
Fx001ReturnWetLock001,1,1,1,,,FX return wet lock on/off,1626,nmr,2,,,,,,,,FxCtrl,,,,,,,,,,,,
Fx002ReturnWetLock001,1,2,1,,,FX return wet lock on/off,1627,nms,2,,,,,,,,FxCtrl,,,,,,,,,,,,
Fx003ReturnWetLock001,1,3,1,,,FX return wet lock on/off,1628,nmt,2,,,,,,,,FxCtrl,,,,,,,,,,,,
Fx004ReturnWetLock001,1,4,1,,,FX return wet lock on/off,1629,nmu,2,,,,,,,,FxCtrl,,,,,,,,,,,,
Fx001On001,1,1,1,,,FX system on/off,1630,nmv,2,,,,,,,,FxCtrl,,,,,,,,,,,,
Fx002On001,1,2,1,,,FX system on/off,1631,nmw,2,,,,,,,,FxCtrl,,,,,,,,,,,,
Fx003On001,1,3,1,,,FX system on/off,1632,nnh,2,,,,,,,,FxCtrl,,,,,,,,,,,,
Fx004On001,1,4,1,,,FX system on/off,1633,nni,2,,,,,,,,FxCtrl,,,,,,,,,,,,
Fx001PedAssign001,1,1,1,,,FX footswitch pedal assignment,1634,nnj,5,,,,,,,,FxCtrl,,,,,,,,,,,,
Fx001PedAssign002,1,1,2,,,FX footswitch pedal assignment,1635,nnk,5,,,,,,,,FxCtrl,,,,,,,,,,,,
Fx001PedAssign003,1,1,3,,,FX footswitch pedal assignment,1636,nnl,5,,,,,,,,FxCtrl,,,,,,,,,,,,
Fx001PedAssign004,1,1,4,,,FX footswitch pedal assignment,1637,nnm,5,,,,,,,,FxCtrl,,,,,,,,,,,,
Fx002PedAssign001,1,2,1,,,FX footswitch pedal assignment,1638,nnn,5,,,,,,,,FxCtrl,,,,,,,,,,,,
Fx002PedAssign002,1,2,2,,,FX footswitch pedal assignment,1639,nno,5,,,,,,,,FxCtrl,,,,,,,,,,,,
Fx002PedAssign003,1,2,3,,,FX footswitch pedal assignment,1640,nnp,5,,,,,,,,FxCtrl,,,,,,,,,,,,
Fx002PedAssign004,1,2,4,,,FX footswitch pedal assignment,1641,nnq,5,,,,,,,,FxCtrl,,,,,,,,,,,,
Fx003PedAssign001,1,3,1,,,FX footswitch pedal assignment,1642,nnr,5,,,,,,,,FxCtrl,,,,,,,,,,,,
Fx003PedAssign002,1,3,2,,,FX footswitch pedal assignment,1643,nns,5,,,,,,,,FxCtrl,,,,,,,,,,,,
Fx003PedAssign003,1,3,3,,,FX footswitch pedal assignment,1644,nnt,5,,,,,,,,FxCtrl,,,,,,,,,,,,
Fx003PedAssign004,1,3,4,,,FX footswitch pedal assignment,1645,nnu,5,,,,,,,,FxCtrl,,,,,,,,,,,,
Fx004PedAssign001,1,4,1,,,FX footswitch pedal assignment,1646,nnv,5,,,,,,,,FxCtrl,,,,,,,,,,,,
Fx004PedAssign002,1,4,2,,,FX footswitch pedal assignment,1647,nnw,5,,,,,,,,FxCtrl,,,,,,,,,,,,
Fx004PedAssign003,1,4,3,,,FX footswitch pedal assignment,1648,noh,5,,,,,,,,FxCtrl,,,,,,,,,,,,
Fx004PedAssign004,1,4,4,,,FX footswitch pedal assignment,1649,noi,5,,,,,,,,FxCtrl,,,,,,,,,,,,
Fx001MuteGrp001,1,1,1,,,FX return mute group assignment,1650,noj,9,,,,,,,,FxCtrl,,,,,,,,,,,,
Fx001MuteGrp002,1,1,2,,,FX return mute group assignment,1651,nok,9,,,,,,,,FxCtrl,,,,,,,,,,,,
Fx001MuteGrp003,1,1,3,,,FX return mute group assignment,1652,nol,9,,,,,,,,FxCtrl,,,,,,,,,,,,
Fx001MuteGrp004,1,1,4,,,FX return mute group assignment,1653,nom,9,,,,,,,,FxCtrl,,,,,,,,,,,,
Fx002MuteGrp001,1,2,1,,,FX return mute group assignment,1654,non,9,,,,,,,,FxCtrl,,,,,,,,,,,,
Fx002MuteGrp002,1,2,2,,,FX return mute group assignment,1655,noo,9,,,,,,,,FxCtrl,,,,,,,,,,,,
Fx002MuteGrp003,1,2,3,,,FX return mute group assignment,1656,nop,9,,,,,,,,FxCtrl,,,,,,,,,,,,
Fx002MuteGrp004,1,2,4,,,FX return mute group assignment,1657,noq,9,,,,,,,,FxCtrl,,,,,,,,,,,,
Fx003MuteGrp001,1,3,1,,,FX return mute group assignment,1658,nor,9,,,,,,,,FxCtrl,,,,,,,,,,,,
Fx003MuteGrp002,1,3,2,,,FX return mute group assignment,1659,nos,9,,,,,,,,FxCtrl,,,,,,,,,,,,
Fx003MuteGrp003,1,3,3,,,FX return mute group assignment,1660,not,9,,,,,,,,FxCtrl,,,,,,,,,,,,
Fx003MuteGrp004,1,3,4,,,FX return mute group assignment,1661,nou,9,,,,,,,,FxCtrl,,,,,,,,,,,,
Fx004MuteGrp001,1,4,1,,,FX return mute group assignment,1662,nov,9,,,,,,,,FxCtrl,,,,,,,,,,,,
Fx004MuteGrp002,1,4,2,,,FX return mute group assignment,1663,now,9,,,,,,,,FxCtrl,,,,,,,,,,,,
Fx004MuteGrp003,1,4,3,,,FX return mute group assignment,1664,nph,9,,,,,,,,FxCtrl,,,,,,,,,,,,
Fx004MuteGrp004,1,4,4,,,FX return mute group assignment,1665,npi,9,,,,,,,,FxCtrl,,,,,,,,,,,,
Fx001PreDelay001,1,1,1,,,FX pre-delay time,1666,npj,255,,,,,,,,FxCtrl,,0=0/127=100/[Lin],,,,,,,,,,
Fx002PreDelay001,1,2,1,,,FX pre-delay time,1667,npk,255,,,,,,,,FxCtrl,,0=0/127=100/[Lin],,,,,,,,,,
Fx003PreDelay001,1,3,1,,,FX pre-delay time,1668,npl,255,,,,,,,,FxCtrl,,0=0/127=100/[Lin],,,,,,,,,,
Fx004PreDelay001,1,4,1,,,FX pre-delay time,1669,npm,255,,,,,,,,FxCtrl,,0=0/127=100/[Lin],,,,,,,,,,
Fx001AuxOn001,1,1,1,,,FX return to aux send on/off,1670,npn,1,,,,,,,,FxCtrl,,,,,,,,,,,,
Fx001AuxOn002,1,1,2,,,FX return to aux send on/off,1671,npo,1,,,,,,,,FxCtrl,,,,,,,,,,,,
Fx001AuxOn003,1,1,3,,,FX return to aux send on/off,1672,npp,1,,,,,,,,FxCtrl,,,,,,,,,,,,
Fx001AuxOn004,1,1,4,,,FX return to aux send on/off,1673,npq,1,,,,,,,,FxCtrl,,,,,,,,,,,,
Fx002AuxOn001,1,2,1,,,FX return to aux send on/off,1674,npr,1,,,,,,,,FxCtrl,,,,,,,,,,,,
Fx002AuxOn002,1,2,2,,,FX return to aux send on/off,1675,nps,1,,,,,,,,FxCtrl,,,,,,,,,,,,
Fx002AuxOn003,1,2,3,,,FX return to aux send on/off,1676,npt,1,,,,,,,,FxCtrl,,,,,,,,,,,,
Fx002AuxOn004,1,2,4,,,FX return to aux send on/off,1677,npu,1,,,,,,,,FxCtrl,,,,,,,,,,,,
Fx003AuxOn001,1,3,1,,,FX return to aux send on/off,1678,npv,1,,,,,,,,FxCtrl,,,,,,,,,,,,
Fx003AuxOn002,1,3,2,,,FX return to aux send on/off,1679,npw,1,,,,,,,,FxCtrl,,,,,,,,,,,,
Fx003AuxOn003,1,3,3,,,FX return to aux send on/off,1680,nqh,1,,,,,,,,FxCtrl,,,,,,,,,,,,
Fx003AuxOn004,1,3,4,,,FX return to aux send on/off,1681,nqi,1,,,,,,,,FxCtrl,,,,,,,,,,,,
Fx004AuxOn001,1,4,1,,,FX return to aux send on/off,1682,nqj,1,,,,,,,,FxCtrl,,,,,,,,,,,,
Fx004AuxOn002,1,4,2,,,FX return to aux send on/off,1683,nqk,1,,,,,,,,FxCtrl,,,,,,,,,,,,
Fx004AuxOn003,1,4,3,,,FX return to aux send on/off,1684,nql,1,,,,,,,,FxCtrl,,,,,,,,,,,,
Fx004AuxOn004,1,4,4,,,FX return to aux send on/off,1685,nqm,1,,,,,,,,FxCtrl,,,,,,,,,,,,
Fx001AuxSend001,1,1,1,,,FX return to aux send level,1686,nqn,255,,,,,,,,FxCtrl,,dB:Off:-50@31:-30@63:-10@127:0,,,,,,,,,,
Fx001AuxSend002,1,1,2,,,FX return to aux send level,1687,nqo,255,,,,,,,,FxCtrl,,dB:Off:-50@31:-30@63:-10@127:0,,,,,,,,,,
Fx001AuxSend003,1,1,3,,,FX return to aux send level,1688,nqp,255,,,,,,,,FxCtrl,,dB:Off:-50@31:-30@63:-10@127:0,,,,,,,,,,
Fx001AuxSend004,1,1,4,,,FX return to aux send level,1689,nqq,255,,,,,,,,FxCtrl,,dB:Off:-50@31:-30@63:-10@127:0,,,,,,,,,,
Fx002AuxSend001,1,2,1,,,FX return to aux send level,1690,nqr,255,,,,,,,,FxCtrl,,dB:Off:-50@31:-30@63:-10@127:0,,,,,,,,,,
Fx002AuxSend002,1,2,2,,,FX return to aux send level,1691,nqs,255,,,,,,,,FxCtrl,,dB:Off:-50@31:-30@63:-10@127:0,,,,,,,,,,
Fx002AuxSend003,1,2,3,,,FX return to aux send level,1692,nqt,255,,,,,,,,FxCtrl,,dB:Off:-50@31:-30@63:-10@127:0,,,,,,,,,,
Fx002AuxSend004,1,2,4,,,FX return to aux send level,1693,nqu,255,,,,,,,,FxCtrl,,dB:Off:-50@31:-30@63:-10@127:0,,,,,,,,,,
Fx003AuxSend001,1,3,1,,,FX return to aux send level,1694,nqv,255,,,,,,,,FxCtrl,,dB:Off:-50@31:-30@63:-10@127:0,,,,,,,,,,
Fx003AuxSend002,1,3,2,,,FX return to aux send level,1695,nqw,255,,,,,,,,FxCtrl,,dB:Off:-50@31:-30@63:-10@127:0,,,,,,,,,,
Fx003AuxSend003,1,3,3,,,FX return to aux send level,1696,nrh,255,,,,,,,,FxCtrl,,dB:Off:-50@31:-30@63:-10@127:0,,,,,,,,,,
Fx003AuxSend004,1,3,4,,,FX return to aux send level,1697,nri,255,,,,,,,,FxCtrl,,dB:Off:-50@31:-30@63:-10@127:0,,,,,,,,,,
Fx004AuxSend001,1,4,1,,,FX return to aux send level,1698,nrj,255,,,,,,,,FxCtrl,,dB:Off:-50@31:-30@63:-10@127:0,,,,,,,,,,
Fx004AuxSend002,1,4,2,,,FX return to aux send level,1699,nrk,255,,,,,,,,FxCtrl,,dB:Off:-50@31:-30@63:-10@127:0,,,,,,,,,,
Fx004AuxSend003,1,4,3,,,FX return to aux send level,1700,nrl,255,,,,,,,,FxCtrl,,dB:Off:-50@31:-30@63:-10@127:0,,,,,,,,,,
Fx004AuxSend004,1,4,4,,,FX return to aux send level,1701,nrm,255,,,,,,,,FxCtrl,,dB:Off:-50@31:-30@63:-10@127:0,,,,,,,,,,
Fx001Dca001,1,1,1,,,FX return DCA assignment (1-8 or off),1702,nrn,9,,,,,,,,FxCtrl,,,,,,,,,,,,
Fx002Dca001,1,2,1,,,FX return DCA assignment (1-8 or off),1703,nro,9,,,,,,,,FxCtrl,,,,,,,,,,,,
Fx003Dca001,1,3,1,,,FX return DCA assignment (1-8 or off),1704,nrp,9,,,,,,,,FxCtrl,,,,,,,,,,,,
Fx004Dca001,1,4,1,,,FX return DCA assignment (1-8 or off),1705,nrq,9,,,,,,,,FxCtrl,,,,,,,,,,,,
Fx001DcaOn001,1,1,1,,,DCA follow on/off (assignment kept while off),1706,nrr,2,,,,,,,,FxCtrl,,,,,,,,,,,,
Fx002DcaOn001,1,2,1,,,DCA follow on/off (assignment kept while off),1707,nrs,2,,,,,,,,FxCtrl,,,,,,,,,,,,
Fx003DcaOn001,1,3,1,,,DCA follow on/off (assignment kept while off),1708,nrt,2,,,,,,,,FxCtrl,,,,,,,,,,,,
Fx004DcaOn001,1,4,1,,,DCA follow on/off (assignment kept while off),1709,nru,2,,,,,,,,FxCtrl,,,,,,,,,,,,
Fx001Level001,1,1,1,,,FX return master level,1710,nrv,255,,,,,,,,FxCtrl,,,,,,,,,,,,
Fx002Level001,1,2,1,,,FX return master level,1711,nrw,255,,,,,,,,FxCtrl,,,,,,,,,,,,
Fx003Level001,1,3,1,,,FX return master level,1712,nsh,255,,,,,,,,FxCtrl,,,,,,,,,,,,
Fx004Level001,1,4,1,,,FX return master level,1713,nsi,255,,,,,,,,FxCtrl,,,,,,,,,,,,
Fx001Mute001,1,1,1,,,FX return mute on/off,1714,nsj,2,,,,,,,,FxCtrl,,,,,,,,,,,,
Fx002Mute001,1,2,1,,,FX return mute on/off,1715,nsk,2,,,,,,,,FxCtrl,,,,,,,,,,,,
Fx003Mute001,1,3,1,,,FX return mute on/off,1716,nsl,2,,,,,,,,FxCtrl,,,,,,,,,,,,
Fx004Mute001,1,4,1,,,FX return mute on/off,1717,nsm,2,,,,,,,,FxCtrl,,,,,,,,,,,,
Fx001Tap001,1,1,1,,false,FX tap tempo trigger,1718,nsn,2,,,,,,,,FxCtrl,,,,,,,,,,,,
Fx002Tap001,1,2,1,,false,FX tap tempo trigger,1719,nso,2,,,,,,,,FxCtrl,,,,,,,,,,,,
Fx003Tap001,1,3,1,,false,FX tap tempo trigger,1720,nsp,2,,,,,,,,FxCtrl,,,,,,,,,,,,
Fx004Tap001,1,4,1,,false,FX tap tempo trigger,1721,nsq,2,,,,,,,,FxCtrl,,,,,,,,,,,,
Fx001MuteAll001,1,1,1,,,Global FX mute on/off,1722,nsr,2,,,,,,,,FxCtrl,,,,,,,,,,,,
Fx001Type001,1,1,1,,,FX type (Echo/PingPong/Doubling/Reverb/Chorus/Flanger/Phaser),1723,nss,7,,,,,,,,FxCtrl,,,,,,,,,,,,
Fx002Type001,1,2,1,,,FX type (Echo/PingPong/Doubling/Reverb/Chorus/Flanger/Phaser),1724,nst,7,,,,,,,,FxCtrl,,,,,,,,,,,,
Fx003Type001,1,3,1,,,FX type (Echo/PingPong/Doubling/Reverb/Chorus/Flanger/Phaser),1725,nsu,7,,,,,,,,FxCtrl,,,,,,,,,,,,
Fx004Type001,1,4,1,,,FX type (Echo/PingPong/Doubling/Reverb/Chorus/Flanger/Phaser),1726,nsv,7,,,,,,,,FxCtrl,,,,,,,,,,,,
Main001CueSel001,1,1,1,,false,Main output cue/solo select,1727,nsw,2,,,,,,,,,,,,,,,,,,,,
Main001Delay001,1,1,1,,,Main L/R output delay up to 250ms,1728,nth,255,,,,,,,,,,0=0/127=250/[Log],,,,,,,,,,
Main001Mute001,1,1,1,,,Main L/R control-surface master mute (performer state),1729,nti,2,,,,,,,,,,,,,,,,,,,,
Main001Dca001,1,1,1,,,Main L/R DCA assignment (1-8 or off),1730,ntj,9,,,,,,,,,,,,,,,,,,,,
Main001DcaOn001,1,1,1,,,DCA follow on/off (assignment kept while off),1731,ntk,2,,,,,,,,,,,,,,,,,,,,
Main001Level001,1,1,1,,,Main L/R master fader level,1732,ntl,255,,,,,,,,,,,,,,,,,,,,
Main001Geq001,1,1,1,,,Main 31-band stereo GEQ gain per band,1733,ntm,65,32,,,,,,,MainEq,,0=-12/127=12/[Lin],,,,,,,,,,
Main001Geq002,1,1,2,,,Main 31-band stereo GEQ gain per band,1734,ntn,65,32,,,,,,,MainEq,,0=-12/127=12/[Lin],,,,,,,,,,
Main001Geq003,1,1,3,,,Main 31-band stereo GEQ gain per band,1735,nto,65,32,,,,,,,MainEq,,0=-12/127=12/[Lin],,,,,,,,,,
Main001Geq004,1,1,4,,,Main 31-band stereo GEQ gain per band,1736,ntp,65,32,,,,,,,MainEq,,0=-12/127=12/[Lin],,,,,,,,,,
Main001Geq005,1,1,5,,,Main 31-band stereo GEQ gain per band,1737,ntq,65,32,,,,,,,MainEq,,0=-12/127=12/[Lin],,,,,,,,,,
Main001Geq006,1,1,6,,,Main 31-band stereo GEQ gain per band,1738,ntr,65,32,,,,,,,MainEq,,0=-12/127=12/[Lin],,,,,,,,,,
Main001Geq007,1,1,7,,,Main 31-band stereo GEQ gain per band,1739,nts,65,32,,,,,,,MainEq,,0=-12/127=12/[Lin],,,,,,,,,,
Main001Geq008,1,1,8,,,Main 31-band stereo GEQ gain per band,1740,ntt,65,32,,,,,,,MainEq,,0=-12/127=12/[Lin],,,,,,,,,,
Main001Geq009,1,1,9,,,Main 31-band stereo GEQ gain per band,1741,ntu,65,32,,,,,,,MainEq,,0=-12/127=12/[Lin],,,,,,,,,,
Main001Geq010,1,1,10,,,Main 31-band stereo GEQ gain per band,1742,ntv,65,32,,,,,,,MainEq,,0=-12/127=12/[Lin],,,,,,,,,,
Main001Geq011,1,1,11,,,Main 31-band stereo GEQ gain per band,1743,ntw,65,32,,,,,,,MainEq,,0=-12/127=12/[Lin],,,,,,,,,,
Main001Geq012,1,1,12,,,Main 31-band stereo GEQ gain per band,1744,nuh,65,32,,,,,,,MainEq,,0=-12/127=12/[Lin],,,,,,,,,,
Main001Geq013,1,1,13,,,Main 31-band stereo GEQ gain per band,1745,nui,65,32,,,,,,,MainEq,,0=-12/127=12/[Lin],,,,,,,,,,
Main001Geq014,1,1,14,,,Main 31-band stereo GEQ gain per band,1746,nuj,65,32,,,,,,,MainEq,,0=-12/127=12/[Lin],,,,,,,,,,
Main001Geq015,1,1,15,,,Main 31-band stereo GEQ gain per band,1747,nuk,65,32,,,,,,,MainEq,,0=-12/127=12/[Lin],,,,,,,,,,
Main001Geq016,1,1,16,,,Main 31-band stereo GEQ gain per band,1748,nul,65,32,,,,,,,MainEq,,0=-12/127=12/[Lin],,,,,,,,,,
Main001Geq017,1,1,17,,,Main 31-band stereo GEQ gain per band,1749,num,65,32,,,,,,,MainEq,,0=-12/127=12/[Lin],,,,,,,,,,
Main001Geq018,1,1,18,,,Main 31-band stereo GEQ gain per band,1750,nun,65,32,,,,,,,MainEq,,0=-12/127=12/[Lin],,,,,,,,,,
Main001Geq019,1,1,19,,,Main 31-band stereo GEQ gain per band,1751,nuo,65,32,,,,,,,MainEq,,0=-12/127=12/[Lin],,,,,,,,,,
Main001Geq020,1,1,20,,,Main 31-band stereo GEQ gain per band,1752,nup,65,32,,,,,,,MainEq,,0=-12/127=12/[Lin],,,,,,,,,,
Main001Geq021,1,1,21,,,Main 31-band stereo GEQ gain per band,1753,nuq,65,32,,,,,,,MainEq,,0=-12/127=12/[Lin],,,,,,,,,,
Main001Geq022,1,1,22,,,Main 31-band stereo GEQ gain per band,1754,nur,65,32,,,,,,,MainEq,,0=-12/127=12/[Lin],,,,,,,,,,
Main001Geq023,1,1,23,,,Main 31-band stereo GEQ gain per band,1755,nus,65,32,,,,,,,MainEq,,0=-12/127=12/[Lin],,,,,,,,,,
Main001Geq024,1,1,24,,,Main 31-band stereo GEQ gain per band,1756,nut,65,32,,,,,,,MainEq,,0=-12/127=12/[Lin],,,,,,,,,,
Main001Geq025,1,1,25,,,Main 31-band stereo GEQ gain per band,1757,nuu,65,32,,,,,,,MainEq,,0=-12/127=12/[Lin],,,,,,,,,,
Main001Geq026,1,1,26,,,Main 31-band stereo GEQ gain per band,1758,nuv,65,32,,,,,,,MainEq,,0=-12/127=12/[Lin],,,,,,,,,,
Main001Geq027,1,1,27,,,Main 31-band stereo GEQ gain per band,1759,nuw,65,32,,,,,,,MainEq,,0=-12/127=12/[Lin],,,,,,,,,,
Main001Geq028,1,1,28,,,Main 31-band stereo GEQ gain per band,1760,nvh,65,32,,,,,,,MainEq,,0=-12/127=12/[Lin],,,,,,,,,,
Main001Geq029,1,1,29,,,Main 31-band stereo GEQ gain per band,1761,nvi,65,32,,,,,,,MainEq,,0=-12/127=12/[Lin],,,,,,,,,,
Main001Geq030,1,1,30,,,Main 31-band stereo GEQ gain per band,1762,nvj,65,32,,,,,,,MainEq,,0=-12/127=12/[Lin],,,,,,,,,,
Main001Geq031,1,1,31,,,Main 31-band stereo GEQ gain per band,1763,nvk,65,32,,,,,,,MainEq,,0=-12/127=12/[Lin],,,,,,,,,,
Mon001Delay001,1,1,1,,,Monitor output delay up to 250ms,1764,nvl,255,,,,,,,,,,0=0/127=250/[Log],,,,,,,,,,
Mon001InputSel001,1,1,1,,,Monitor source select (L/R or aux),1765,nvm,2,,,,,,,,,,,,,,,,,,,,
Mon001Level001,1,1,1,,,Monitor output level (L/R),1766,nvn,255,,,,,,,,,,dB:Off:-50@31:-30@63:-10@127:10,,,,,,,,,,
Mon001Level002,1,1,2,,,Monitor output level (L/R),1767,nvo,255,,,,,,,,,,dB:Off:-50@31:-30@63:-10@127:10,,,,,,,,,,
Mute001On001,1,1,1,,false,Mute group 1-8 master on/off,1768,nvp,2,,,,,,,,,,,,,,,,,,,,
Mute002On001,1,2,1,,false,Mute group 1-8 master on/off,1769,nvq,2,,,,,,,,,,,,,,,,,,,,
Mute003On001,1,3,1,,false,Mute group 1-8 master on/off,1770,nvr,2,,,,,,,,,,,,,,,,,,,,
Mute004On001,1,4,1,,false,Mute group 1-8 master on/off,1771,nvs,2,,,,,,,,,,,,,,,,,,,,
Noise001Hpf001,1,1,1,,,Noise gen HPF 80Hz on/off,1772,nvt,2,,,,,,,,,,,,,,,,,,,,
Noise001Level001,1,1,1,,,Noise/tone generator output level,1773,nvu,255,,,,,,,,,,0=-40/127=0/[Lin],,,,,,,,,,
Noise001On001,1,1,1,,,Noise/tone generator on/off,1774,nvv,2,,,,,,,,,,,,,,,,,,,,
Noise001Dest001,1,1,1,,,Noise routing to aux/main outputs,1775,nvw,11,,,,,,,,,,,,,,,,,,,,
Noise001Dest002,1,1,2,,,Noise routing to aux/main outputs,1776,nwh,11,,,,,,,,,,,,,,,,,,,,
Noise001Dest003,1,1,3,,,Noise routing to aux/main outputs,1777,nwi,11,,,,,,,,,,,,,,,,,,,,
Noise001Dest004,1,1,4,,,Noise routing to aux/main outputs,1778,nwj,11,,,,,,,,,,,,,,,,,,,,
Noise001Dest005,1,1,5,,,Noise routing to aux/main outputs,1779,nwk,11,,,,,,,,,,,,,,,,,,,,
Noise001Dest006,1,1,6,,,Noise routing to aux/main outputs,1780,nwl,11,,,,,,,,,,,,,,,,,,,,
Noise001Dest007,1,1,7,,,Noise routing to aux/main outputs,1781,nwm,11,,,,,,,,,,,,,,,,,,,,
Noise001Dest008,1,1,8,,,Noise routing to aux/main outputs,1782,nwn,11,,,,,,,,,,,,,,,,,,,,
Noise001Dest009,1,1,9,,,Noise routing to aux/main outputs,1783,nwo,11,,,,,,,,,,,,,,,,,,,,
Noise001Dest010,1,1,10,,,Noise routing to aux/main outputs,1784,nwp,11,,,,,,,,,,,,,,,,,,,,
Rec001Level001,1,1,1,,false,USB 2-track record level,1785,nwq,255,,,,,,,,,,0=-20/127=6/[Lin],,,,,,,,,,
Rec001Play001,1,1,1,,false,USB 2-track playback toggle,1786,nwr,2,,,,,,,,,,,,,,,,,,,,
Rec001Rec001,1,1,1,,false,USB 2-track record toggle,1787,nws,2,,,,,,,,,,,,,,,,,,,,
Rec001Src001,1,1,1,,false,USB 2-track source (L/R or A1-4),1788,nwt,4,,,,,,,,,,,,,,,,,,,,
Grp001CompAtt001,1,1,1,,,Group compressor attack,1789,nwu,255,,,,,,,,GrpComp,,0=0/254=250/[Log],,,,,,,,,,
Grp002CompAtt001,1,2,1,,,Group compressor attack,1790,nwv,255,,,,,,,,GrpComp,,0=0/254=250/[Log],,,,,,,,,,
Grp001CompKnee001,1,1,1,,,Group compressor soft/hard knee,1791,nww,2,,,,,,,,GrpComp,,,,,,,,,,,,
Grp002CompKnee001,1,2,1,,,Group compressor soft/hard knee,1792,ohh,2,,,,,,,,GrpComp,,,,,,,,,,,,
Grp001CompMake001,1,1,1,,,Group compressor makeup gain,1793,ohi,33,,,,,,,,GrpComp,,0=0/127=20/[Lin],,,,,,,,,,
Grp002CompMake001,1,2,1,,,Group compressor makeup gain,1794,ohj,33,,,,,,,,GrpComp,,0=0/127=20/[Lin],,,,,,,,,,
Grp001CompOn001,1,1,1,,,Group compressor on/off,1795,ohk,2,,,,,,,,GrpComp,,,,,,,,,,,,
Grp002CompOn001,1,2,1,,,Group compressor on/off,1796,ohl,2,,,,,,,,GrpComp,,,,,,,,,,,,
Grp001CompPar001,1,1,1,,,Group parallel compression blend,1797,ohm,33,,,,,,,,GrpComp,,0=0/127=100/[Lin],,,,,,,,,,
Grp002CompPar001,1,2,1,,,Group parallel compression blend,1798,ohn,33,,,,,,,,GrpComp,,0=0/127=100/[Lin],,,,,,,,,,
Grp001CompRat001,1,1,1,,,Group compressor ratio,1799,oho,128,,,,,,,,GrpComp,,0=1/127=30/[Log],,,,,,,,,,
Grp002CompRat001,1,2,1,,,Group compressor ratio,1800,ohp,128,,,,,,,,GrpComp,,0=1/127=30/[Log],,,,,,,,,,
Grp001CompRel001,1,1,1,,,Group compressor release,1801,ohq,255,,,,,,,,GrpComp,,0=5/254=5000/[Log],,,,,,,,,,
Grp002CompRel001,1,2,1,,,Group compressor release,1802,ohr,255,,,,,,,,GrpComp,,0=5/254=5000/[Log],,,,,,,,,,
Grp001CompDetSrc001,1,1,1,,,Group compressor self-key tap source (PreEQ/PostEQ),1803,ohs,2,,,,,,,,GrpComp,,,,,,,,,,,,
Grp002CompDetSrc001,1,2,1,,,Group compressor self-key tap source (PreEQ/PostEQ),1804,oht,2,,,,,,,,GrpComp,,,,,,,,,,,,
Grp001CompEqPos001,1,1,1,,,Group compressor EQ position (Pre/Post),1805,ohu,2,,,,,,,,GrpComp,,,,,,,,,,,,
Grp002CompEqPos001,1,2,1,,,Group compressor EQ position (Pre/Post),1806,ohv,2,,,,,,,,GrpComp,,,,,,,,,,,,
Grp001CompFilterHpf001,1,1,1,,,Group compressor sidechain HPF frequency,1807,ohw,65,32,,,,,,,GrpComp,,0=20/64=1000/[Log],,,,,,,,,,
Grp002CompFilterHpf001,1,2,1,,,Group compressor sidechain HPF frequency,1808,oih,65,32,,,,,,,GrpComp,,0=20/64=1000/[Log],,,,,,,,,,
Grp001CompFilterLpf001,1,1,1,,,Group compressor sidechain LPF frequency,1809,oii,255,127,,,,,,,GrpComp,,0=500/127=20000/[Log],,,,,,,,,,
Grp002CompFilterLpf001,1,2,1,,,Group compressor sidechain LPF frequency,1810,oij,255,127,,,,,,,GrpComp,,0=500/127=20000/[Log],,,,,,,,,,
Grp001CompFilterOn001,1,1,1,,,Group compressor sidechain filter on/off,1811,oik,2,,,,,,,,GrpComp,,,,,,,,,,,,
Grp002CompFilterOn001,1,2,1,,,Group compressor sidechain filter on/off,1812,oil,2,,,,,,,,GrpComp,,,,,,,,,,,,
Grp001CompFilterQ001,1,1,1,,,Group compressor sidechain filter Q,1813,oim,15,7,,,,,,,GrpComp,,0=0.1/14=10/[Log],,,,,,,,,,
Grp002CompFilterQ001,1,2,1,,,Group compressor sidechain filter Q,1814,oin,15,7,,,,,,,GrpComp,,0=0.1/14=10/[Log],,,,,,,,,,
Grp001CompKey001,1,1,1,,,Group compressor sidechain key source,1815,oio,33,,,,,,,,GrpComp,,,,,,,,,,,,
Grp002CompKey001,1,2,1,,,Group compressor sidechain key source,1816,oip,33,,,,,,,,GrpComp,,,,,,,,,,,,
Grp001CompLimMode001,1,1,1,,,Group compressor/limiter mode toggle,1817,oiq,2,,,,,,,,GrpComp,,,,,,,,,,,,
Grp002CompLimMode001,1,2,1,,,Group compressor/limiter mode toggle,1818,oir,2,,,,,,,,GrpComp,,,,,,,,,,,,
Grp001CompThr001,1,1,1,,,Group compressor threshold,1819,ois,141,,,,,,,,GrpComp,,0=-60/140=10/[Lin],,,,,,,,,,
Grp002CompThr001,1,2,1,,,Group compressor threshold,1820,oit,141,,,,,,,,GrpComp,,0=-60/140=10/[Lin],,,,,,,,,,
Grp001CompType001,1,1,1,,,Group compressor type (Tube/FET/VCA/Optical),1821,oiu,4,,,,,,,,GrpComp,,,,,,,,,,,,
Grp002CompType001,1,2,1,,,Group compressor type (Tube/FET/VCA/Optical),1822,oiv,4,,,,,,,,GrpComp,,,,,,,,,,,,
Grp001EqFreq001,1,1,1,,,Group 4-band parametric EQ freq,1823,oiw,255,127,,,,,,,GrpEq,,0=20/254=200/[Log],,,,,,,,,,
Grp002EqFreq001,1,2,1,,,Group 4-band parametric EQ freq,1824,ojh,255,127,,,,,,,GrpEq,,0=20/254=200/[Log],,,,,,,,,,
Grp001EqFreq002,1,1,2,,,Group 4-band parametric EQ freq,1825,oji,255,127,,,,,,,GrpEq,,0=100/254=1000/[Log],,,,,,,,,,
Grp002EqFreq002,1,2,2,,,Group 4-band parametric EQ freq,1826,ojj,255,127,,,,,,,GrpEq,,0=100/254=1000/[Log],,,,,,,,,,
Grp001EqFreq003,1,1,3,,,Group 4-band parametric EQ freq,1827,ojk,255,127,,,,,,,GrpEq,,0=800/254=5000/[Log],,,,,,,,,,
Grp002EqFreq003,1,2,3,,,Group 4-band parametric EQ freq,1828,ojl,255,127,,,,,,,GrpEq,,0=800/254=5000/[Log],,,,,,,,,,
Grp001EqFreq004,1,1,4,,,Group 4-band parametric EQ freq,1829,ojm,255,127,,,,,,,GrpEq,,0=3000/254=20000/[Log],,,,,,,,,,
Grp002EqFreq004,1,2,4,,,Group 4-band parametric EQ freq,1830,ojn,255,127,,,,,,,GrpEq,,0=3000/254=20000/[Log],,,,,,,,,,
Grp001EqGain001,1,1,1,,,Group 4-band parametric EQ gain,1831,ojo,121,60,,,,,,,GrpEq,,0=-15/120=15/[Lin],,,,,,,,,,
Grp001EqGain002,1,1,2,,,Group 4-band parametric EQ gain,1832,ojp,121,60,,,,,,,GrpEq,,0=-15/120=15/[Lin],,,,,,,,,,
Grp001EqGain003,1,1,3,,,Group 4-band parametric EQ gain,1833,ojq,121,60,,,,,,,GrpEq,,0=-15/120=15/[Lin],,,,,,,,,,
Grp001EqGain004,1,1,4,,,Group 4-band parametric EQ gain,1834,ojr,121,60,,,,,,,GrpEq,,0=-15/120=15/[Lin],,,,,,,,,,
Grp002EqGain001,1,2,1,,,Group 4-band parametric EQ gain,1835,ojs,121,60,,,,,,,GrpEq,,0=-15/120=15/[Lin],,,,,,,,,,
Grp002EqGain002,1,2,2,,,Group 4-band parametric EQ gain,1836,ojt,121,60,,,,,,,GrpEq,,0=-15/120=15/[Lin],,,,,,,,,,
Grp002EqGain003,1,2,3,,,Group 4-band parametric EQ gain,1837,oju,121,60,,,,,,,GrpEq,,0=-15/120=15/[Lin],,,,,,,,,,
Grp002EqGain004,1,2,4,,,Group 4-band parametric EQ gain,1838,ojv,121,60,,,,,,,GrpEq,,0=-15/120=15/[Lin],,,,,,,,,,
Grp001EqHpf001,1,1,1,,,Group high-pass filter frequency,1839,ojw,65,32,,,,,,,GrpEq,,0=20/64=1000/[Log],,,,,,,,,,
Grp002EqHpf001,1,2,1,,,Group high-pass filter frequency,1840,okh,65,32,,,,,,,GrpEq,,0=20/64=1000/[Log],,,,,,,,,,
Grp001EqOn001,1,1,1,,,Group EQ on/off,1841,oki,2,,,,,,,,GrpEq,,,,,,,,,,,,
Grp002EqOn001,1,2,1,,,Group EQ on/off,1842,okj,2,,,,,,,,GrpEq,,,,,,,,,,,,
Grp001EqQ001,1,1,1,,,Group 4-band parametric EQ Q,1843,okk,121,60,,,,,,,GrpEq,,0=0.1/120=10/[Log],,,,,,,,,,
Grp001EqQ002,1,1,2,,,Group 4-band parametric EQ Q,1844,okl,121,60,,,,,,,GrpEq,,0=0.1/120=10/[Log],,,,,,,,,,
Grp001EqQ003,1,1,3,,,Group 4-band parametric EQ Q,1845,okm,121,60,,,,,,,GrpEq,,0=0.1/120=10/[Log],,,,,,,,,,
Grp001EqQ004,1,1,4,,,Group 4-band parametric EQ Q,1846,okn,121,60,,,,,,,GrpEq,,0=0.1/120=10/[Log],,,,,,,,,,
Grp002EqQ001,1,2,1,,,Group 4-band parametric EQ Q,1847,oko,121,60,,,,,,,GrpEq,,0=0.1/120=10/[Log],,,,,,,,,,
Grp002EqQ002,1,2,2,,,Group 4-band parametric EQ Q,1848,okp,121,60,,,,,,,GrpEq,,0=0.1/120=10/[Log],,,,,,,,,,
Grp002EqQ003,1,2,3,,,Group 4-band parametric EQ Q,1849,okq,121,60,,,,,,,GrpEq,,0=0.1/120=10/[Log],,,,,,,,,,
Grp002EqQ004,1,2,4,,,Group 4-band parametric EQ Q,1850,okr,121,60,,,,,,,GrpEq,,0=0.1/120=10/[Log],,,,,,,,,,
Grp001EqShelf001,1,1,1,,,Group EQ bands 1/4 shelf mode on/off,1851,oks,2,,,,,,,,GrpEq,,,,,,,,,,,,
Grp001EqShelf002,1,1,2,,,Group EQ bands 1/4 shelf mode on/off,1852,okt,2,,,,,,,,GrpEq,,,,,,,,,,,,
Grp002EqShelf001,1,2,1,,,Group EQ bands 1/4 shelf mode on/off,1853,oku,2,,,,,,,,GrpEq,,,,,,,,,,,,
Grp002EqShelf002,1,2,2,,,Group EQ bands 1/4 shelf mode on/off,1854,okv,2,,,,,,,,GrpEq,,,,,,,,,,,,
Grp001GateAtt001,1,1,1,,,Group gate attack,1855,okw,255,,,,,,,,GrpGate,,0=0.1/254=250/[Log],,,,,,,,,,
Grp002GateAtt001,1,2,1,,,Group gate attack,1856,olh,255,,,,,,,,GrpGate,,0=0.1/254=250/[Log],,,,,,,,,,
Grp001GateDetSrc001,1,1,1,,,Group gate self-key tap source (PreEQ/PostEQ),1857,oli,2,,,,,,,,GrpGate,,,,,,,,,,,,
Grp002GateDetSrc001,1,2,1,,,Group gate self-key tap source (PreEQ/PostEQ),1858,olj,2,,,,,,,,GrpGate,,,,,,,,,,,,
Grp001GateFilterHpf001,1,1,1,,,Group gate sidechain HPF frequency,1859,olk,65,32,,,,,,,GrpGate,,0=20/64=1000/[Log],,,,,,,,,,
Grp002GateFilterHpf001,1,2,1,,,Group gate sidechain HPF frequency,1860,oll,65,32,,,,,,,GrpGate,,0=20/64=1000/[Log],,,,,,,,,,
Grp001GateFilterLpf001,1,1,1,,,Group gate sidechain LPF frequency,1861,olm,255,127,,,,,,,GrpGate,,0=500/127=20000/[Log],,,,,,,,,,
Grp002GateFilterLpf001,1,2,1,,,Group gate sidechain LPF frequency,1862,oln,255,127,,,,,,,GrpGate,,0=500/127=20000/[Log],,,,,,,,,,
Grp001GateFilterOn001,1,1,1,,,Group gate sidechain filter on/off,1863,olo,2,,,,,,,,GrpGate,,,,,,,,,,,,
Grp002GateFilterOn001,1,2,1,,,Group gate sidechain filter on/off,1864,olp,2,,,,,,,,GrpGate,,,,,,,,,,,,
Grp001GateFilterQ001,1,1,1,,,Group gate sidechain filter Q,1865,olq,15,7,,,,,,,GrpGate,,0=0.1/14=10/[Log],,,,,,,,,,
Grp002GateFilterQ001,1,2,1,,,Group gate sidechain filter Q,1866,olr,15,7,,,,,,,GrpGate,,0=0.1/14=10/[Log],,,,,,,,,,
Grp001GateHold001,1,1,1,,,Group gate hold time before release,1867,ols,255,,,,,,,,GrpGate,,0=0/254=2000/[Log],,,,,,,,,,
Grp002GateHold001,1,2,1,,,Group gate hold time before release,1868,olt,255,,,,,,,,GrpGate,,0=0/254=2000/[Log],,,,,,,,,,
Grp001GateKey001,1,1,1,,,Group gate sidechain key source,1869,olu,255,,,,,,,,GrpGate,,,,,,,,,,,,
Grp002GateKey001,1,2,1,,,Group gate sidechain key source,1870,olv,255,,,,,,,,GrpGate,,,,,,,,,,,,
Grp001GateOn001,1,1,1,,,Group gate on/off,1871,olw,2,,,,,,,,GrpGate,,,,,,,,,,,,
Grp002GateOn001,1,2,1,,,Group gate on/off,1872,omh,2,,,,,,,,GrpGate,,,,,,,,,,,,
Grp001GateRel001,1,1,1,,,Group gate release,1873,omi,255,,,,,,,,GrpGate,,0=50/254=5000/[Log],,,,,,,,,,
Grp002GateRel001,1,2,1,,,Group gate release,1874,omj,255,,,,,,,,GrpGate,,0=50/254=5000/[Log],,,,,,,,,,
Grp001GateRng001,1,1,1,,,Group gate range/depth,1875,omk,255,,,,,,,,GrpGate,,0=0/254=60/[Lin],,,,,,,,,,
Grp002GateRng001,1,2,1,,,Group gate range/depth,1876,oml,255,,,,,,,,GrpGate,,0=0/254=60/[Lin],,,,,,,,,,
Grp001GateThr001,1,1,1,,,Group gate threshold,1877,omm,255,,,,,,,,GrpGate,,0=-80/254=0/[Lin],,,,,,,,,,
Grp002GateThr001,1,2,1,,,Group gate threshold,1878,omn,255,,,,,,,,GrpGate,,0=-80/254=0/[Lin],,,,,,,,,,
Grp001Geq001,1,1,1,,,Group 31-band graphic EQ gain,1879,omo,65,32,,,,,,,GrpEq,,0=-12/127=12/[Lin],,,,,,,,,,
Grp001Geq002,1,1,2,,,Group 31-band graphic EQ gain,1880,omp,65,32,,,,,,,GrpEq,,0=-12/127=12/[Lin],,,,,,,,,,
Grp001Geq003,1,1,3,,,Group 31-band graphic EQ gain,1881,omq,65,32,,,,,,,GrpEq,,0=-12/127=12/[Lin],,,,,,,,,,
Grp001Geq004,1,1,4,,,Group 31-band graphic EQ gain,1882,omr,65,32,,,,,,,GrpEq,,0=-12/127=12/[Lin],,,,,,,,,,
Grp001Geq005,1,1,5,,,Group 31-band graphic EQ gain,1883,oms,65,32,,,,,,,GrpEq,,0=-12/127=12/[Lin],,,,,,,,,,
Grp001Geq006,1,1,6,,,Group 31-band graphic EQ gain,1884,omt,65,32,,,,,,,GrpEq,,0=-12/127=12/[Lin],,,,,,,,,,
Grp001Geq007,1,1,7,,,Group 31-band graphic EQ gain,1885,omu,65,32,,,,,,,GrpEq,,0=-12/127=12/[Lin],,,,,,,,,,
Grp001Geq008,1,1,8,,,Group 31-band graphic EQ gain,1886,omv,65,32,,,,,,,GrpEq,,0=-12/127=12/[Lin],,,,,,,,,,
Grp001Geq009,1,1,9,,,Group 31-band graphic EQ gain,1887,omw,65,32,,,,,,,GrpEq,,0=-12/127=12/[Lin],,,,,,,,,,
Grp001Geq010,1,1,10,,,Group 31-band graphic EQ gain,1888,onh,65,32,,,,,,,GrpEq,,0=-12/127=12/[Lin],,,,,,,,,,
Grp001Geq011,1,1,11,,,Group 31-band graphic EQ gain,1889,oni,65,32,,,,,,,GrpEq,,0=-12/127=12/[Lin],,,,,,,,,,
Grp001Geq012,1,1,12,,,Group 31-band graphic EQ gain,1890,onj,65,32,,,,,,,GrpEq,,0=-12/127=12/[Lin],,,,,,,,,,
Grp001Geq013,1,1,13,,,Group 31-band graphic EQ gain,1891,onk,65,32,,,,,,,GrpEq,,0=-12/127=12/[Lin],,,,,,,,,,
Grp001Geq014,1,1,14,,,Group 31-band graphic EQ gain,1892,onl,65,32,,,,,,,GrpEq,,0=-12/127=12/[Lin],,,,,,,,,,
Grp001Geq015,1,1,15,,,Group 31-band graphic EQ gain,1893,onm,65,32,,,,,,,GrpEq,,0=-12/127=12/[Lin],,,,,,,,,,
Grp001Geq016,1,1,16,,,Group 31-band graphic EQ gain,1894,onn,65,32,,,,,,,GrpEq,,0=-12/127=12/[Lin],,,,,,,,,,
Grp001Geq017,1,1,17,,,Group 31-band graphic EQ gain,1895,ono,65,32,,,,,,,GrpEq,,0=-12/127=12/[Lin],,,,,,,,,,
Grp001Geq018,1,1,18,,,Group 31-band graphic EQ gain,1896,onp,65,32,,,,,,,GrpEq,,0=-12/127=12/[Lin],,,,,,,,,,
Grp001Geq019,1,1,19,,,Group 31-band graphic EQ gain,1897,onq,65,32,,,,,,,GrpEq,,0=-12/127=12/[Lin],,,,,,,,,,
Grp001Geq020,1,1,20,,,Group 31-band graphic EQ gain,1898,onr,65,32,,,,,,,GrpEq,,0=-12/127=12/[Lin],,,,,,,,,,
Grp001Geq021,1,1,21,,,Group 31-band graphic EQ gain,1899,ons,65,32,,,,,,,GrpEq,,0=-12/127=12/[Lin],,,,,,,,,,
Grp001Geq022,1,1,22,,,Group 31-band graphic EQ gain,1900,ont,65,32,,,,,,,GrpEq,,0=-12/127=12/[Lin],,,,,,,,,,
Grp001Geq023,1,1,23,,,Group 31-band graphic EQ gain,1901,onu,65,32,,,,,,,GrpEq,,0=-12/127=12/[Lin],,,,,,,,,,
Grp001Geq024,1,1,24,,,Group 31-band graphic EQ gain,1902,onv,65,32,,,,,,,GrpEq,,0=-12/127=12/[Lin],,,,,,,,,,
Grp001Geq025,1,1,25,,,Group 31-band graphic EQ gain,1903,onw,65,32,,,,,,,GrpEq,,0=-12/127=12/[Lin],,,,,,,,,,
Grp001Geq026,1,1,26,,,Group 31-band graphic EQ gain,1904,ooh,65,32,,,,,,,GrpEq,,0=-12/127=12/[Lin],,,,,,,,,,
Grp001Geq027,1,1,27,,,Group 31-band graphic EQ gain,1905,ooi,65,32,,,,,,,GrpEq,,0=-12/127=12/[Lin],,,,,,,,,,
Grp001Geq028,1,1,28,,,Group 31-band graphic EQ gain,1906,ooj,65,32,,,,,,,GrpEq,,0=-12/127=12/[Lin],,,,,,,,,,
Grp001Geq029,1,1,29,,,Group 31-band graphic EQ gain,1907,ook,65,32,,,,,,,GrpEq,,0=-12/127=12/[Lin],,,,,,,,,,
Grp001Geq030,1,1,30,,,Group 31-band graphic EQ gain,1908,ool,65,32,,,,,,,GrpEq,,0=-12/127=12/[Lin],,,,,,,,,,
Grp001Geq031,1,1,31,,,Group 31-band graphic EQ gain,1909,oom,65,32,,,,,,,GrpEq,,0=-12/127=12/[Lin],,,,,,,,,,
Grp002Geq001,1,2,1,,,Group 31-band graphic EQ gain,1910,oon,65,32,,,,,,,GrpEq,,0=-12/127=12/[Lin],,,,,,,,,,
Grp002Geq002,1,2,2,,,Group 31-band graphic EQ gain,1911,ooo,65,32,,,,,,,GrpEq,,0=-12/127=12/[Lin],,,,,,,,,,
Grp002Geq003,1,2,3,,,Group 31-band graphic EQ gain,1912,oop,65,32,,,,,,,GrpEq,,0=-12/127=12/[Lin],,,,,,,,,,
Grp002Geq004,1,2,4,,,Group 31-band graphic EQ gain,1913,ooq,65,32,,,,,,,GrpEq,,0=-12/127=12/[Lin],,,,,,,,,,
Grp002Geq005,1,2,5,,,Group 31-band graphic EQ gain,1914,oor,65,32,,,,,,,GrpEq,,0=-12/127=12/[Lin],,,,,,,,,,
Grp002Geq006,1,2,6,,,Group 31-band graphic EQ gain,1915,oos,65,32,,,,,,,GrpEq,,0=-12/127=12/[Lin],,,,,,,,,,
Grp002Geq007,1,2,7,,,Group 31-band graphic EQ gain,1916,oot,65,32,,,,,,,GrpEq,,0=-12/127=12/[Lin],,,,,,,,,,
Grp002Geq008,1,2,8,,,Group 31-band graphic EQ gain,1917,oou,65,32,,,,,,,GrpEq,,0=-12/127=12/[Lin],,,,,,,,,,
Grp002Geq009,1,2,9,,,Group 31-band graphic EQ gain,1918,oov,65,32,,,,,,,GrpEq,,0=-12/127=12/[Lin],,,,,,,,,,
Grp002Geq010,1,2,10,,,Group 31-band graphic EQ gain,1919,oow,65,32,,,,,,,GrpEq,,0=-12/127=12/[Lin],,,,,,,,,,
Grp002Geq011,1,2,11,,,Group 31-band graphic EQ gain,1920,oph,65,32,,,,,,,GrpEq,,0=-12/127=12/[Lin],,,,,,,,,,
Grp002Geq012,1,2,12,,,Group 31-band graphic EQ gain,1921,opi,65,32,,,,,,,GrpEq,,0=-12/127=12/[Lin],,,,,,,,,,
Grp002Geq013,1,2,13,,,Group 31-band graphic EQ gain,1922,opj,65,32,,,,,,,GrpEq,,0=-12/127=12/[Lin],,,,,,,,,,
Grp002Geq014,1,2,14,,,Group 31-band graphic EQ gain,1923,opk,65,32,,,,,,,GrpEq,,0=-12/127=12/[Lin],,,,,,,,,,
Grp002Geq015,1,2,15,,,Group 31-band graphic EQ gain,1924,opl,65,32,,,,,,,GrpEq,,0=-12/127=12/[Lin],,,,,,,,,,
Grp002Geq016,1,2,16,,,Group 31-band graphic EQ gain,1925,opm,65,32,,,,,,,GrpEq,,0=-12/127=12/[Lin],,,,,,,,,,
Grp002Geq017,1,2,17,,,Group 31-band graphic EQ gain,1926,opn,65,32,,,,,,,GrpEq,,0=-12/127=12/[Lin],,,,,,,,,,
Grp002Geq018,1,2,18,,,Group 31-band graphic EQ gain,1927,opo,65,32,,,,,,,GrpEq,,0=-12/127=12/[Lin],,,,,,,,,,
Grp002Geq019,1,2,19,,,Group 31-band graphic EQ gain,1928,opp,65,32,,,,,,,GrpEq,,0=-12/127=12/[Lin],,,,,,,,,,
Grp002Geq020,1,2,20,,,Group 31-band graphic EQ gain,1929,opq,65,32,,,,,,,GrpEq,,0=-12/127=12/[Lin],,,,,,,,,,
Grp002Geq021,1,2,21,,,Group 31-band graphic EQ gain,1930,opr,65,32,,,,,,,GrpEq,,0=-12/127=12/[Lin],,,,,,,,,,
Grp002Geq022,1,2,22,,,Group 31-band graphic EQ gain,1931,ops,65,32,,,,,,,GrpEq,,0=-12/127=12/[Lin],,,,,,,,,,
Grp002Geq023,1,2,23,,,Group 31-band graphic EQ gain,1932,opt,65,32,,,,,,,GrpEq,,0=-12/127=12/[Lin],,,,,,,,,,
Grp002Geq024,1,2,24,,,Group 31-band graphic EQ gain,1933,opu,65,32,,,,,,,GrpEq,,0=-12/127=12/[Lin],,,,,,,,,,
Grp002Geq025,1,2,25,,,Group 31-band graphic EQ gain,1934,opv,65,32,,,,,,,GrpEq,,0=-12/127=12/[Lin],,,,,,,,,,
Grp002Geq026,1,2,26,,,Group 31-band graphic EQ gain,1935,opw,65,32,,,,,,,GrpEq,,0=-12/127=12/[Lin],,,,,,,,,,
Grp002Geq027,1,2,27,,,Group 31-band graphic EQ gain,1936,oqh,65,32,,,,,,,GrpEq,,0=-12/127=12/[Lin],,,,,,,,,,
Grp002Geq028,1,2,28,,,Group 31-band graphic EQ gain,1937,oqi,65,32,,,,,,,GrpEq,,0=-12/127=12/[Lin],,,,,,,,,,
Grp002Geq029,1,2,29,,,Group 31-band graphic EQ gain,1938,oqj,65,32,,,,,,,GrpEq,,0=-12/127=12/[Lin],,,,,,,,,,
Grp002Geq030,1,2,30,,,Group 31-band graphic EQ gain,1939,oqk,65,32,,,,,,,GrpEq,,0=-12/127=12/[Lin],,,,,,,,,,
Grp002Geq031,1,2,31,,,Group 31-band graphic EQ gain,1940,oql,65,32,,,,,,,GrpEq,,0=-12/127=12/[Lin],,,,,,,,,,
Grp001Dca001,1,1,1,,,Group DCA assignment (1-8 or off),1941,oqm,9,,,,,,,,,,,,,,,,,,,,
Grp002Dca001,1,2,1,,,Group DCA assignment (1-8 or off),1942,oqn,9,,,,,,,,,,,,,,,,,,,,
Grp001DcaOn001,1,1,1,,,DCA follow on/off (assignment kept while off),1943,oqo,2,,,,,,,,,,,,,,,,,,,,
Grp002DcaOn001,1,2,1,,,DCA follow on/off (assignment kept while off),1944,oqp,2,,,,,,,,,,,,,,,,,,,,
Grp001Level001,1,1,1,,,Group master fader level,1945,oqq,255,,,,,,,,,,dB:Off:-50@31:-30@63:-10@127:10,,,,,,,,,,
Grp002Level001,1,2,1,,,Group master fader level,1946,oqr,255,,,,,,,,,,dB:Off:-50@31:-30@63:-10@127:10,,,,,,,,,,
Grp001Mute001,1,1,1,,,Group master mute on/off,1947,oqs,2,,,,,,,,,,,,,,,,,,,,
Grp002Mute001,1,2,1,,,Group master mute on/off,1948,oqt,2,,,,,,,,,,,,,,,,,,,,
MainSub001CompAtt001,1,1,1,,,Subwoofer compressor attack,1949,oqu,255,,,,,,,,SubComp,,0=0/254=250/[Log],,,,,,,,,,
MainSub001CompKnee001,1,1,1,,,Subwoofer compressor soft/hard knee,1950,oqv,2,,,,,,,,SubComp,,,,,,,,,,,,
MainSub001CompMake001,1,1,1,,,Subwoofer compressor makeup gain,1951,oqw,33,,,,,,,,SubComp,,,,,,,,,,,,
MainSub001CompOn001,1,1,1,,,Subwoofer compressor on/off,1952,orh,2,,,,,,,,SubComp,,,,,,,,,,,,
MainSub001CompPar001,1,1,1,,,Subwoofer parallel compression blend,1953,ori,33,,,,,,,,SubComp,,,,,,,,,,,,
MainSub001CompRat001,1,1,1,,,Subwoofer compressor ratio,1954,orj,128,,,,,,,,SubComp,,0=1/127=30/[Log],,,,,,,,,,
MainSub001CompRel001,1,1,1,,,Subwoofer compressor release,1955,ork,255,,,,,,,,SubComp,,0=5/254=5000/[Log],,,,,,,,,,
MainSub001CompDetSrc001,1,1,1,,,Subwoofer compressor self-key tap source (PreEQ/PostEQ),1956,orl,2,,,,,,,,SubComp,,,,,,,,,,,,
MainSub001CompEqPos001,1,1,1,,,Subwoofer compressor EQ position (Pre/Post),1957,orm,2,,,,,,,,SubComp,,,,,,,,,,,,
MainSub001CompFilterHpf001,1,1,1,,,Subwoofer compressor sidechain HPF frequency,1958,orn,65,32,,,,,,,SubComp,,0=20/64=1000/[Log],,,,,,,,,,
MainSub001CompFilterLpf001,1,1,1,,,Subwoofer compressor sidechain LPF frequency,1959,oro,255,127,,,,,,,SubComp,,0=500/127=20000/[Log],,,,,,,,,,
MainSub001CompFilterOn001,1,1,1,,,Subwoofer compressor sidechain filter on/off,1960,orp,2,,,,,,,,SubComp,,,,,,,,,,,,
MainSub001CompFilterQ001,1,1,1,,,Subwoofer compressor sidechain filter Q,1961,orq,15,7,,,,,,,SubComp,,0=0.1/14=10/[Log],,,,,,,,,,
MainSub001CompKey001,1,1,1,,,Subwoofer compressor sidechain key source,1962,orr,33,,,,,,,,SubComp,,,,,,,,,,,,
MainSub001CompLimMode001,1,1,1,,,Subwoofer compressor/limiter mode toggle,1963,ors,2,,,,,,,,SubComp,,,,,,,,,,,,
MainSub001CompThr001,1,1,1,,,Subwoofer compressor threshold,1964,ort,141,,,,,,,,SubComp,,0=-60/140=10/[Lin],,,,,,,,,,
MainSub001CompType001,1,1,1,,,Subwoofer compressor type (Tube/FET/VCA/Optical),1965,oru,4,,,,,,,,SubComp,,,,,,,,,,,,
MainSub001Delay001,1,1,1,,,Subwoofer output delay up to 250ms,1966,orv,255,,,,,,,,,,0=0/127=250/[Log],,,,,,,,,,
MainSub001EqFreq001,1,1,1,,,Subwoofer 4-band parametric EQ frequency,1967,orw,255,127,,,,,,,SubEq,,0=20/254=200/[Log],,,,,,,,,,
MainSub001EqFreq002,1,1,2,,,Subwoofer 4-band parametric EQ frequency,1968,osh,255,127,,,,,,,SubEq,,0=100/254=1000/[Log],,,,,,,,,,
MainSub001EqFreq003,1,1,3,,,Subwoofer 4-band parametric EQ frequency,1969,osi,255,127,,,,,,,SubEq,,0=800/254=5000/[Log],,,,,,,,,,
MainSub001EqFreq004,1,1,4,,,Subwoofer 4-band parametric EQ frequency,1970,osj,255,127,,,,,,,SubEq,,0=3000/254=20000/[Log],,,,,,,,,,
MainSub001EqGain001,1,1,1,,,Subwoofer 4-band parametric EQ gain ±15dB,1971,osk,121,60,,,,,,,SubEq,,0=-15/120=15/[Lin],,,,,,,,,,
MainSub001EqGain002,1,1,2,,,Subwoofer 4-band parametric EQ gain ±15dB,1972,osl,121,60,,,,,,,SubEq,,0=-15/120=15/[Lin],,,,,,,,,,
MainSub001EqGain003,1,1,3,,,Subwoofer 4-band parametric EQ gain ±15dB,1973,osm,121,60,,,,,,,SubEq,,0=-15/120=15/[Lin],,,,,,,,,,
MainSub001EqGain004,1,1,4,,,Subwoofer 4-band parametric EQ gain ±15dB,1974,osn,121,60,,,,,,,SubEq,,0=-15/120=15/[Lin],,,,,,,,,,
MainSub001EqHpf001,1,1,1,,,Subwoofer high-pass filter frequency,1975,oso,65,32,,,,,,,SubEq,,0=20/64=1000/[Log],,,,,,,,,,
MainSub001EqOn001,1,1,1,,,Subwoofer EQ on/off,1976,osp,2,,,,,,,,SubEq,,,,,,,,,,,,
MainSub001EqQ001,1,1,1,,,Subwoofer 4-band parametric EQ Q/bandwidth,1977,osq,121,60,,,,,,,SubEq,,0=0.1/120=10/[Log],,,,,,,,,,
MainSub001EqQ002,1,1,2,,,Subwoofer 4-band parametric EQ Q/bandwidth,1978,osr,121,60,,,,,,,SubEq,,0=0.1/120=10/[Log],,,,,,,,,,
MainSub001EqQ003,1,1,3,,,Subwoofer 4-band parametric EQ Q/bandwidth,1979,oss,121,60,,,,,,,SubEq,,0=0.1/120=10/[Log],,,,,,,,,,
MainSub001EqQ004,1,1,4,,,Subwoofer 4-band parametric EQ Q/bandwidth,1980,ost,121,60,,,,,,,SubEq,,0=0.1/120=10/[Log],,,,,,,,,,
MainSub001EqShelf001,1,1,1,,,Subwoofer EQ shelf mode on/off for bands 1/4,1981,osu,2,,,,,,,,SubEq,,,,,,,,,,,,
MainSub001EqShelf002,1,1,2,,,Subwoofer EQ shelf mode on/off for bands 1/4,1982,osv,2,,,,,,,,SubEq,,,,,,,,,,,,
MainSub001LimiterAtt001,1,1,1,,,Subwoofer limiter attack,1983,osw,33,,,,,,,,SubLimiter,,0=0.1/127=100/[Log],,,,,,,,,,
MainSub001LimiterOn001,1,1,1,,,Subwoofer limiter on/off,1984,oth,2,,,,,,,,SubLimiter,,,,,,,,,,,,
MainSub001LimiterRel001,1,1,1,,,Subwoofer limiter release,1985,oti,33,,,,,,,,SubLimiter,,0=5/127=2000/[Log],,,,,,,,,,
MainSub001LimiterThr001,1,1,1,,,Subwoofer limiter threshold,1986,otj,255,,,,,,,,SubLimiter,,0=-30/127=0/[Lin],,,,,,,,,,
MainSub001Dca001,1,1,1,,,Subwoofer DCA assignment (1-8 or off),1987,otk,9,,,,,,,,,,,,,,,,,,,,
MainSub001DcaOn001,1,1,1,,,DCA follow on/off (assignment kept while off),1988,otl,2,,,,,,,,,,,,,,,,,,,,
MainSub001Level001,1,1,1,,,Subwoofer master output level,1989,otm,255,,,,,,,,,,dB:Off:-50@31:-30@63:-10@127:10,,,,,,,,,,
MainSub001Mute001,1,1,1,,,Subwoofer master mute on/off,1990,otn,2,,,,,,,,,,,,,,,,,,,,
Sys001AuxOnFdr001,1,1,1,,false,Aux-on-faders mode toggle,1991,oto,2,,,,,,,,,,,,,,,,,,,,
Sys001BtnBright001,1,1,1,,false,Physical button LED brightness,1992,otp,32,,,,,,,,,,,,,,,,,,,,
Sys001Cue001,1,1,1,,false,Cue/solo state per channel,1993,otq,2,,,,,,,,,,,,,,,,,,,,
Sys001Cue002,1,1,2,,false,Cue/solo state per channel,1994,otr,2,,,,,,,,,,,,,,,,,,,,
Sys001Cue003,1,1,3,,false,Cue/solo state per channel,1995,ots,2,,,,,,,,,,,,,,,,,,,,
Sys001Cue004,1,1,4,,false,Cue/solo state per channel,1996,ott,2,,,,,,,,,,,,,,,,,,,,
Sys001Cue005,1,1,5,,false,Cue/solo state per channel,1997,otu,2,,,,,,,,,,,,,,,,,,,,
Sys001Cue006,1,1,6,,false,Cue/solo state per channel,1998,otv,2,,,,,,,,,,,,,,,,,,,,
Sys001Cue007,1,1,7,,false,Cue/solo state per channel,1999,otw,2,,,,,,,,,,,,,,,,,,,,
Sys001Cue008,1,1,8,,false,Cue/solo state per channel,2000,ouh,2,,,,,,,,,,,,,,,,,,,,
Sys001Cue009,1,1,9,,false,Cue/solo state per channel,2001,oui,2,,,,,,,,,,,,,,,,,,,,
Sys001Cue010,1,1,10,,false,Cue/solo state per channel,2002,ouj,2,,,,,,,,,,,,,,,,,,,,
Sys001Cue011,1,1,11,,false,Cue/solo state per channel,2003,ouk,2,,,,,,,,,,,,,,,,,,,,
Sys001Cue012,1,1,12,,false,Cue/solo state per channel,2004,oul,2,,,,,,,,,,,,,,,,,,,,
Sys001Cue013,1,1,13,,false,Cue/solo state per channel,2005,oum,2,,,,,,,,,,,,,,,,,,,,
Sys001Cue014,1,1,14,,false,Cue/solo state per channel,2006,oun,2,,,,,,,,,,,,,,,,,,,,
Sys001Cue015,1,1,15,,false,Cue/solo state per channel,2007,ouo,2,,,,,,,,,,,,,,,,,,,,
Sys001Cue016,1,1,16,,false,Cue/solo state per channel,2008,oup,2,,,,,,,,,,,,,,,,,,,,
Sys001Cue017,1,1,17,,false,Cue/solo state per channel,2009,ouq,2,,,,,,,,,,,,,,,,,,,,
Sys001Cue018,1,1,18,,false,Cue/solo state per channel,2010,our,2,,,,,,,,,,,,,,,,,,,,
Sys001Cue019,1,1,19,,false,Cue/solo state per channel,2011,ous,2,,,,,,,,,,,,,,,,,,,,
Sys001Cue020,1,1,20,,false,Cue/solo state per channel,2012,out,2,,,,,,,,,,,,,,,,,,,,
Sys001Cue021,1,1,21,,false,Cue/solo state per channel,2013,ouu,2,,,,,,,,,,,,,,,,,,,,
Sys001Cue022,1,1,22,,false,Cue/solo state per channel,2014,ouv,2,,,,,,,,,,,,,,,,,,,,
Sys001Cue023,1,1,23,,false,Cue/solo state per channel,2015,ouw,2,,,,,,,,,,,,,,,,,,,,
Sys001Cue024,1,1,24,,false,Cue/solo state per channel,2016,ovh,2,,,,,,,,,,,,,,,,,,,,
Sys001Cue025,1,1,25,,false,Cue/solo state per channel,2017,ovi,2,,,,,,,,,,,,,,,,,,,,
Sys001Cue026,1,1,26,,false,Cue/solo state per channel,2018,ovj,2,,,,,,,,,,,,,,,,,,,,
Sys001Cue027,1,1,27,,false,Cue/solo state per channel,2019,ovk,2,,,,,,,,,,,,,,,,,,,,
Sys001Cue028,1,1,28,,false,Cue/solo state per channel,2020,ovl,2,,,,,,,,,,,,,,,,,,,,
Sys001Cue029,1,1,29,,false,Cue/solo state per channel,2021,ovm,2,,,,,,,,,,,,,,,,,,,,
Sys001Cue030,1,1,30,,false,Cue/solo state per channel,2022,ovn,2,,,,,,,,,,,,,,,,,,,,
Sys001Cue031,1,1,31,,false,Cue/solo state per channel,2023,ovo,2,,,,,,,,,,,,,,,,,,,,
Sys001Cue032,1,1,32,,false,Cue/solo state per channel,2024,ovp,2,,,,,,,,,,,,,,,,,,,,
Sys001Cue033,1,1,33,,false,Cue/solo state per channel,2025,ovq,2,,,,,,,,,,,,,,,,,,,,
Sys001Cue034,1,1,34,,false,Cue/solo state per channel,2026,ovr,2,,,,,,,,,,,,,,,,,,,,
Sys001Cue035,1,1,35,,false,Cue/solo state per channel,2027,ovs,2,,,,,,,,,,,,,,,,,,,,
Sys001Cue036,1,1,36,,false,Cue/solo state per channel,2028,ovt,2,,,,,,,,,,,,,,,,,,,,
Sys001Cue037,1,1,37,,false,Cue/solo state per channel,2029,ovu,2,,,,,,,,,,,,,,,,,,,,
Sys001Cue038,1,1,38,,false,Cue/solo state per channel,2030,ovv,2,,,,,,,,,,,,,,,,,,,,
Sys001Cue039,1,1,39,,false,Cue/solo state per channel,2031,ovw,2,,,,,,,,,,,,,,,,,,,,
Sys001Cue040,1,1,40,,false,Cue/solo state per channel,2032,owh,2,,,,,,,,,,,,,,,,,,,,
Sys001Cue041,1,1,41,,false,Cue/solo state per channel,2033,owi,2,,,,,,,,,,,,,,,,,,,,
Sys001Cue042,1,1,42,,false,Cue/solo state per channel,2034,owj,2,,,,,,,,,,,,,,,,,,,,
Sys001Cue043,1,1,43,,false,Cue/solo state per channel,2035,owk,2,,,,,,,,,,,,,,,,,,,,
Sys001Cue044,1,1,44,,false,Cue/solo state per channel,2036,owl,2,,,,,,,,,,,,,,,,,,,,
Sys001Cue045,1,1,45,,false,Cue/solo state per channel,2037,owm,2,,,,,,,,,,,,,,,,,,,,
Sys001Cue046,1,1,46,,false,Cue/solo state per channel,2038,own,2,,,,,,,,,,,,,,,,,,,,
Sys001Cue047,1,1,47,,false,Cue/solo state per channel,2039,owo,2,,,,,,,,,,,,,,,,,,,,
Sys001Cue048,1,1,48,,false,Cue/solo state per channel,2040,owp,2,,,,,,,,,,,,,,,,,,,,
Sys001Cue049,1,1,49,,false,Cue/solo state per channel,2041,owq,2,,,,,,,,,,,,,,,,,,,,
Sys001Cue050,1,1,50,,false,Cue/solo state per channel,2042,owr,2,,,,,,,,,,,,,,,,,,,,
Sys001Cue051,1,1,51,,false,Cue/solo state per channel,2043,ows,2,,,,,,,,,,,,,,,,,,,,
Sys001Cue052,1,1,52,,false,Cue/solo state per channel,2044,owt,2,,,,,,,,,,,,,,,,,,,,
Sys001Cue053,1,1,53,,false,Cue/solo state per channel,2045,owu,2,,,,,,,,,,,,,,,,,,,,
Sys001Cue054,1,1,54,,false,Cue/solo state per channel,2046,owv,2,,,,,,,,,,,,,,,,,,,,
Sys001Cue055,1,1,55,,false,Cue/solo state per channel,2047,oww,2,,,,,,,,,,,,,,,,,,,,
Sys001Cue056,1,1,56,,false,Cue/solo state per channel,2048,phh,2,,,,,,,,,,,,,,,,,,,,
Sys001Cue057,1,1,57,,false,Cue/solo state per channel,2049,phi,2,,,,,,,,,,,,,,,,,,,,
Sys001Cue058,1,1,58,,false,Cue/solo state per channel,2050,phj,2,,,,,,,,,,,,,,,,,,,,
Sys001Cue059,1,1,59,,false,Cue/solo state per channel,2051,phk,2,,,,,,,,,,,,,,,,,,,,
Sys001Cue060,1,1,60,,false,Cue/solo state per channel,2052,phl,2,,,,,,,,,,,,,,,,,,,,
Sys001Cue061,1,1,61,,false,Cue/solo state per channel,2053,phm,2,,,,,,,,,,,,,,,,,,,,
Sys001Cue062,1,1,62,,false,Cue/solo state per channel,2054,phn,2,,,,,,,,,,,,,,,,,,,,
Sys001Cue063,1,1,63,,false,Cue/solo state per channel,2055,pho,2,,,,,,,,,,,,,,,,,,,,
Sys001Cue064,1,1,64,,false,Cue/solo state per channel,2056,php,2,,,,,,,,,,,,,,,,,,,,
Sys001CueMode001,1,1,1,,false,Cue mode (PFL/AFL/SIP),2057,phq,3,,,,,,,,,,,,,,,,,,,,
Sys001Def001,1,1,1,,false,System default recall value,2058,phr,255,,,,,,,,,,,,,,,,,,,,
Sys001Enc001,1,1,1,true,false,Rotary encoder sensitivity,2059,phs,21,,,,,,,,Sys_Enc,,50|3|20|100|1|10,,,,,,,,,,
Aux001AntiFbCtrlOn001,1,1,1,,,Anti-feedback control on/off per aux path,2060,pht,2,,,,,,,,,,,,,,,,,,,,
Aux002AntiFbCtrlOn001,1,2,1,,,Anti-feedback control on/off per aux path,2061,phu,2,,,,,,,,,,,,,,,,,,,,
Aux003AntiFbCtrlOn001,1,3,1,,,Anti-feedback control on/off per aux path,2062,phv,2,,,,,,,,,,,,,,,,,,,,
Aux004AntiFbCtrlOn001,1,4,1,,,Anti-feedback control on/off per aux path,2063,phw,2,,,,,,,,,,,,,,,,,,,,
Sys001FdrDown001,1,1,1,,false,Faders down (all faders to zero),2064,pih,2,,,,,,,,,,,,,,,,,,,,
Sys001FootMode001,1,1,1,,false,P1 foot pedal mode (FX/Scenes/MuteGrp),2065,pii,3,,,,,,,,,,,,,,,,,,,,
Sys001Keys001,1,1,1,true,false,Ascii keys,2066,pij,255,,,,,,,,,,,,,,,,,,,,
Sys001Keys002,1,1,2,true,false,Ascii keys,2067,pik,255,,,,,,,,,,,,,,,,,,,,
Sys001Keys003,1,1,3,true,false,Ascii keys,2068,pil,255,,,,,,,,,,,,,,,,,,,,
Sys001Keys004,1,1,4,true,false,Ascii keys,2069,pim,255,,,,,,,,,,,,,,,,,,,,
Sys001Keys005,1,1,5,true,false,Ascii keys,2070,pin,255,,,,,,,,,,,,,,,,,,,,
Sys001Keys006,1,1,6,true,false,Ascii keys,2071,pio,255,,,,,,,,,,,,,,,,,,,,
Sys001Keys007,1,1,7,true,false,Ascii keys,2072,pip,255,,,,,,,,,,,,,,,,,,,,
Sys001Keys008,1,1,8,true,false,Ascii keys,2073,piq,255,,,,,,,,,,,,,,,,,,,,
Sys001Keys009,1,1,9,true,false,Ascii keys,2074,pir,255,,,,,,,,,,,,,,,,,,,,
Sys001Keys010,1,1,10,true,false,Ascii keys,2075,pis,255,,,,,,,,,,,,,,,,,,,,
Sys001Keys011,1,1,11,true,false,Ascii keys,2076,pit,255,,,,,,,,,,,,,,,,,,,,
Sys001Keys012,1,1,12,true,false,Ascii keys,2077,piu,255,,,,,,,,,,,,,,,,,,,,
Sys001Keys013,1,1,13,true,false,Ascii keys,2078,piv,255,,,,,,,,,,,,,,,,,,,,
Sys001Keys014,1,1,14,true,false,Ascii keys,2079,piw,255,,,,,,,,,,,,,,,,,,,,
Sys001Keys015,1,1,15,true,false,Ascii keys,2080,pjh,255,,,,,,,,,,,,,,,,,,,,
Sys001Keys016,1,1,16,true,false,Ascii keys,2081,pji,255,,,,,,,,,,,,,,,,,,,,
Sys001Keys017,1,1,17,true,false,Ascii keys,2082,pjj,255,,,,,,,,,,,,,,,,,,,,
Sys001Keys018,1,1,18,true,false,Ascii keys,2083,pjk,255,,,,,,,,,,,,,,,,,,,,
Sys001Keys019,1,1,19,true,false,Ascii keys,2084,pjl,255,,,,,,,,,,,,,,,,,,,,
Sys001Keys020,1,1,20,true,false,Ascii keys,2085,pjm,255,,,,,,,,,,,,,,,,,,,,
Sys001Keys021,1,1,21,true,false,Ascii keys,2086,pjn,255,,,,,,,,,,,,,,,,,,,,
Sys001Keys022,1,1,22,true,false,Ascii keys,2087,pjo,255,,,,,,,,,,,,,,,,,,,,
Sys001Keys023,1,1,23,true,false,Ascii keys,2088,pjp,255,,,,,,,,,,,,,,,,,,,,
Sys001Keys024,1,1,24,true,false,Ascii keys,2089,pjq,255,,,,,,,,,,,,,,,,,,,,
Sys001Keys025,1,1,25,true,false,Ascii keys,2090,pjr,255,,,,,,,,,,,,,,,,,,,,
Sys001Keys026,1,1,26,true,false,Ascii keys,2091,pjs,255,,,,,,,,,,,,,,,,,,,,
Sys001Keys027,1,1,27,true,false,Ascii keys,2092,pjt,255,,,,,,,,,,,,,,,,,,,,
Sys001Keys028,1,1,28,true,false,Ascii keys,2093,pju,255,,,,,,,,,,,,,,,,,,,,
Sys001Keys029,1,1,29,true,false,Ascii keys,2094,pjv,255,,,,,,,,,,,,,,,,,,,,
Sys001Keys030,1,1,30,true,false,Ascii keys,2095,pjw,255,,,,,,,,,,,,,,,,,,,,
Sys001Keys031,1,1,31,true,false,Ascii keys,2096,pkh,255,,,,,,,,,,,,,,,,,,,,
Sys001Keys032,1,1,32,true,false,Ascii keys,2097,pki,255,,,,,,,,,,,,,,,,,,,,
Sys001Keys033,1,1,33,true,false,Ascii keys,2098,pkj,255,,,,,,,,,,,,,,,,,,,,
Sys001Keys034,1,1,34,true,false,Ascii keys,2099,pkk,255,,,,,,,,,,,,,,,,,,,,
Sys001Keys035,1,1,35,true,false,Ascii keys,2100,pkl,255,,,,,,,,,,,,,,,,,,,,
Sys001Keys036,1,1,36,true,false,Ascii keys,2101,pkm,255,,,,,,,,,,,,,,,,,,,,
Sys001Keys037,1,1,37,true,false,Ascii keys,2102,pkn,255,,,,,,,,,,,,,,,,,,,,
Sys001Keys038,1,1,38,true,false,Ascii keys,2103,pko,255,,,,,,,,,,,,,,,,,,,,
Sys001Keys039,1,1,39,true,false,Ascii keys,2104,pkp,255,,,,,,,,,,,,,,,,,,,,
Sys001Keys040,1,1,40,true,false,Ascii keys,2105,pkq,255,,,,,,,,,,,,,,,,,,,,
Sys001Keys041,1,1,41,true,false,Ascii keys,2106,pkr,255,,,,,,,,,,,,,,,,,,,,
Sys001Keys042,1,1,42,true,false,Ascii keys,2107,pks,255,,,,,,,,,,,,,,,,,,,,
Sys001Keys043,1,1,43,true,false,Ascii keys,2108,pkt,255,,,,,,,,,,,,,,,,,,,,
Sys001Keys044,1,1,44,true,false,Ascii keys,2109,pku,255,,,,,,,,,,,,,,,,,,,,
Sys001Keys045,1,1,45,true,false,Ascii keys,2110,pkv,255,,,,,,,,,,,,,,,,,,,,
Sys001Keys046,1,1,46,true,false,Ascii keys,2111,pkw,255,,,,,,,,,,,,,,,,,,,,
Sys001Keys047,1,1,47,true,false,Ascii keys,2112,plh,255,,,,,,,,,,,,,,,,,,,,
Sys001Keys048,1,1,48,true,false,Ascii keys,2113,pli,255,,,,,,,,,,,,,,,,,,,,
Sys001Keys049,1,1,49,true,false,Ascii keys,2114,plj,255,,,,,,,,,,,,,,,,,,,,
Sys001Keys050,1,1,50,true,false,Ascii keys,2115,plk,255,,,,,,,,,,,,,,,,,,,,
Sys001Keys051,1,1,51,true,false,Ascii keys,2116,pll,255,,,,,,,,,,,,,,,,,,,,
Sys001Keys052,1,1,52,true,false,Ascii keys,2117,plm,255,,,,,,,,,,,,,,,,,,,,
Sys001Keys053,1,1,53,true,false,Ascii keys,2118,pln,255,,,,,,,,,,,,,,,,,,,,
Sys001Keys054,1,1,54,true,false,Ascii keys,2119,plo,255,,,,,,,,,,,,,,,,,,,,
Sys001Keys055,1,1,55,true,false,Ascii keys,2120,plp,255,,,,,,,,,,,,,,,,,,,,
Sys001Keys056,1,1,56,true,false,Ascii keys,2121,plq,255,,,,,,,,,,,,,,,,,,,,
Sys001Keys057,1,1,57,true,false,Ascii keys,2122,plr,255,,,,,,,,,,,,,,,,,,,,
Sys001Keys058,1,1,58,true,false,Ascii keys,2123,pls,255,,,,,,,,,,,,,,,,,,,,
Sys001Keys059,1,1,59,true,false,Ascii keys,2124,plt,255,,,,,,,,,,,,,,,,,,,,
Sys001Keys060,1,1,60,true,false,Ascii keys,2125,plu,255,,,,,,,,,,,,,,,,,,,,
Sys001Keys061,1,1,61,true,false,Ascii keys,2126,plv,255,,,,,,,,,,,,,,,,,,,,
Sys001Keys062,1,1,62,true,false,Ascii keys,2127,plw,255,,,,,,,,,,,,,,,,,,,,
Sys001Keys063,1,1,63,true,false,Ascii keys,2128,pmh,255,,,,,,,,,,,,,,,,,,,,
Sys001Keys064,1,1,64,true,false,Ascii keys,2129,pmi,255,,,,,,,,,,,,,,,,,,,,
Sys001Keys065,1,1,65,true,false,Ascii keys,2130,pmj,255,,,,,,,,,,,,,,,,,,,,
Sys001Keys066,1,1,66,true,false,Ascii keys,2131,pmk,255,,,,,,,,,,,,,,,,,,,,
Sys001Keys067,1,1,67,true,false,Ascii keys,2132,pml,255,,,,,,,,,,,,,,,,,,,,
Sys001Keys068,1,1,68,true,false,Ascii keys,2133,pmm,255,,,,,,,,,,,,,,,,,,,,
Sys001Keys069,1,1,69,true,false,Ascii keys,2134,pmn,255,,,,,,,,,,,,,,,,,,,,
Sys001Keys070,1,1,70,true,false,Ascii keys,2135,pmo,255,,,,,,,,,,,,,,,,,,,,
Sys001Keys071,1,1,71,true,false,Ascii keys,2136,pmp,255,,,,,,,,,,,,,,,,,,,,
Sys001Keys072,1,1,72,true,false,Ascii keys,2137,pmq,255,,,,,,,,,,,,,,,,,,,,
Sys001Keys073,1,1,73,true,false,Ascii keys,2138,pmr,255,,,,,,,,,,,,,,,,,,,,
Sys001Keys074,1,1,74,true,false,Ascii keys,2139,pms,255,,,,,,,,,,,,,,,,,,,,
Sys001Keys075,1,1,75,true,false,Ascii keys,2140,pmt,255,,,,,,,,,,,,,,,,,,,,
Sys001Keys076,1,1,76,true,false,Ascii keys,2141,pmu,255,,,,,,,,,,,,,,,,,,,,
Sys001Keys077,1,1,77,true,false,Ascii keys,2142,pmv,255,,,,,,,,,,,,,,,,,,,,
Sys001Keys078,1,1,78,true,false,Ascii keys,2143,pmw,255,,,,,,,,,,,,,,,,,,,,
Sys001Keys079,1,1,79,true,false,Ascii keys,2144,pnh,255,,,,,,,,,,,,,,,,,,,,
Sys001Keys080,1,1,80,true,false,Ascii keys,2145,pni,255,,,,,,,,,,,,,,,,,,,,
Sys001Keys081,1,1,81,true,false,Ascii keys,2146,pnj,255,,,,,,,,,,,,,,,,,,,,
Sys001Keys082,1,1,82,true,false,Ascii keys,2147,pnk,255,,,,,,,,,,,,,,,,,,,,
Sys001Keys083,1,1,83,true,false,Ascii keys,2148,pnl,255,,,,,,,,,,,,,,,,,,,,
Sys001Keys084,1,1,84,true,false,Ascii keys,2149,pnm,255,,,,,,,,,,,,,,,,,,,,
Sys001Keys085,1,1,85,true,false,Ascii keys,2150,pnn,255,,,,,,,,,,,,,,,,,,,,
Sys001Keys086,1,1,86,true,false,Ascii keys,2151,pno,255,,,,,,,,,,,,,,,,,,,,
Sys001Keys087,1,1,87,true,false,Ascii keys,2152,pnp,255,,,,,,,,,,,,,,,,,,,,
Sys001Keys088,1,1,88,true,false,Ascii keys,2153,pnq,255,,,,,,,,,,,,,,,,,,,,
Sys001Keys089,1,1,89,true,false,Ascii keys,2154,pnr,255,,,,,,,,,,,,,,,,,,,,
Sys001Keys090,1,1,90,true,false,Ascii keys,2155,pns,255,,,,,,,,,,,,,,,,,,,,
Sys001Keys091,1,1,91,true,false,Ascii keys,2156,pnt,255,,,,,,,,,,,,,,,,,,,,
Sys001Keys092,1,1,92,true,false,Ascii keys,2157,pnu,255,,,,,,,,,,,,,,,,,,,,
Sys001Keys093,1,1,93,true,false,Ascii keys,2158,pnv,255,,,,,,,,,,,,,,,,,,,,
Sys001Keys094,1,1,94,true,false,Ascii keys,2159,pnw,255,,,,,,,,,,,,,,,,,,,,
Sys001Keys095,1,1,95,true,false,Ascii keys,2160,poh,255,,,,,,,,,,,,,,,,,,,,
Sys001Keys096,1,1,96,true,false,Ascii keys,2161,poi,255,,,,,,,,,,,,,,,,,,,,
Sys001Keys097,1,1,97,true,false,Ascii keys,2162,poj,255,,,,,,,,,,,,,,,,,,,,
Sys001Keys098,1,1,98,true,false,Ascii keys,2163,pok,255,,,,,,,,,,,,,,,,,,,,
Sys001Keys099,1,1,99,true,false,Ascii keys,2164,pol,255,,,,,,,,,,,,,,,,,,,,
Sys001Keys100,1,1,100,true,false,Ascii keys,2165,pom,255,,,,,,,,,,,,,,,,,,,,
Sys001Keys101,1,1,101,true,false,Ascii keys,2166,pon,255,,,,,,,,,,,,,,,,,,,,
Sys001Keys102,1,1,102,true,false,Ascii keys,2167,poo,255,,,,,,,,,,,,,,,,,,,,
Sys001Keys103,1,1,103,true,false,Ascii keys,2168,pop,255,,,,,,,,,,,,,,,,,,,,
Sys001Keys104,1,1,104,true,false,Ascii keys,2169,poq,255,,,,,,,,,,,,,,,,,,,,
Sys001Keys105,1,1,105,true,false,Ascii keys,2170,por,255,,,,,,,,,,,,,,,,,,,,
Sys001Keys106,1,1,106,true,false,Ascii keys,2171,pos,255,,,,,,,,,,,,,,,,,,,,
Sys001Keys107,1,1,107,true,false,Ascii keys,2172,pot,255,,,,,,,,,,,,,,,,,,,,
Sys001Keys108,1,1,108,true,false,Ascii keys,2173,pou,255,,,,,,,,,,,,,,,,,,,,
Sys001Keys109,1,1,109,true,false,Ascii keys,2174,pov,255,,,,,,,,,,,,,,,,,,,,
Sys001Keys110,1,1,110,true,false,Ascii keys,2175,pow,255,,,,,,,,,,,,,,,,,,,,
Sys001Keys111,1,1,111,true,false,Ascii keys,2176,pph,255,,,,,,,,,,,,,,,,,,,,
Sys001Keys112,1,1,112,true,false,Ascii keys,2177,ppi,255,,,,,,,,,,,,,,,,,,,,
Sys001Keys113,1,1,113,true,false,Ascii keys,2178,ppj,255,,,,,,,,,,,,,,,,,,,,
Sys001Keys114,1,1,114,true,false,Ascii keys,2179,ppk,255,,,,,,,,,,,,,,,,,,,,
Sys001Keys115,1,1,115,true,false,Ascii keys,2180,ppl,255,,,,,,,,,,,,,,,,,,,,
Sys001Keys116,1,1,116,true,false,Ascii keys,2181,ppm,255,,,,,,,,,,,,,,,,,,,,
Sys001Keys117,1,1,117,true,false,Ascii keys,2182,ppn,255,,,,,,,,,,,,,,,,,,,,
Sys001Keys118,1,1,118,true,false,Ascii keys,2183,ppo,255,,,,,,,,,,,,,,,,,,,,
Sys001Keys119,1,1,119,true,false,Ascii keys,2184,ppp,255,,,,,,,,,,,,,,,,,,,,
Sys001Keys120,1,1,120,true,false,Ascii keys,2185,ppq,255,,,,,,,,,,,,,,,,,,,,
Sys001Keys121,1,1,121,true,false,Ascii keys,2186,ppr,255,,,,,,,,,,,,,,,,,,,,
Sys001Keys122,1,1,122,true,false,Ascii keys,2187,pps,255,,,,,,,,,,,,,,,,,,,,
Sys001Keys123,1,1,123,true,false,Ascii keys,2188,ppt,255,,,,,,,,,,,,,,,,,,,,
Sys001Keys124,1,1,124,true,false,Ascii keys,2189,ppu,255,,,,,,,,,,,,,,,,,,,,
Sys001Keys125,1,1,125,true,false,Ascii keys,2190,ppv,255,,,,,,,,,,,,,,,,,,,,
Sys001Keys126,1,1,126,true,false,Ascii keys,2191,ppw,255,,,,,,,,,,,,,,,,,,,,
Sys001Keys127,1,1,127,true,false,Ascii keys,2192,pqh,255,,,,,,,,,,,,,,,,,,,,
Sys001LCR001,1,1,1,true,false,L/C/R encoder-context buttons,2193,pqi,3,,,,,,,,Sys_LCR,,,,,,,,,,,,
Sys001Lock001,1,1,1,,false,Lock mixer (faders only mode),2194,pqj,2,,,,,,,,,,,,,,,,,,,,
Sys001Man001,1,1,1,,false,User manual open/close SW button,2195,pqk,2,,,,,,,,,,,,,,,,,,,,
Sys001MtrSrc001,1,1,1,,false,Meter source (pre/post fader),2196,pql,2,,,,,,,,,,,,,,,,,,,,
Sys001DynPlotMode001,1,1,1,,false,Dynamics plot overlay mode (0 fill / 1 dot / 2 fill+dot),2197,pqm,3,0,,,,,,,,,,,,,,,,,,,
Sys001MxMode001,1,1,1,,false,Mixer mode (Standard/Simple),2198,pqn,2,,,,,,,,,,,,,,,,,,,,
Sys001OptMix001,1,1,1,,false,Optional mix select (1/2/3),2199,pqo,3,,,,,,,,,,,,,,,,,,,,
Sys001Reg001,1,1,1,true,false,Registration steps,2200,pqp,2,,,,,,,,,,,,,,,,,,,,
Sys001Reg002,1,1,2,true,false,Registration steps,2201,pqq,2,,,,,,,,,,,,,,,,,,,,
Sys001Reg003,1,1,3,true,false,Registration steps,2202,pqr,2,,,,,,,,,,,,,,,,,,,,
Sys001Reg004,1,1,4,true,false,Registration steps,2203,pqs,2,,,,,,,,,,,,,,,,,,,,
Sys001Reg005,1,1,5,true,false,Registration steps,2204,pqt,2,,,,,,,,,,,,,,,,,,,,
Sys001Reg006,1,1,6,true,false,Registration steps,2205,pqu,2,,,,,,,,,,,,,,,,,,,,
Sys001Reg007,1,1,7,true,false,Registration steps,2206,pqv,2,,,,,,,,,,,,,,,,,,,,
Sys001Reg008,1,1,8,true,false,Registration steps,2207,pqw,2,,,,,,,,,,,,,,,,,,,,
Sys001Reg009,1,1,9,true,false,Registration steps,2208,prh,2,,,,,,,,,,,,,,,,,,,,
Sys001Reg010,1,1,10,true,false,Registration steps,2209,pri,2,,,,,,,,,,,,,,,,,,,,
Sys001Reset001,1,1,1,,false,Mixer reset trigger (full/names-keep/audio-only),2210,prj,3,,,,,,,,,,,,,,,,,,,,
Sys001Scene001,2,1,1,,false,Current scene recall index,2211,prk,255,,,,,,,,,,,,,,,,,,,,
Sys001SelectedAux001,1,1,1,,false,Selected aux for rebindable skins,2212,prl,12,,,,,,,,,,,,,,,,,,,,
Sys001SelectedChan001,1,1,1,,false,Selected channel for rebindable skins,2213,prm,32,,,,,,,,,,,,,,,,,,,,
Sys001SceneSafe001,1,1,1,,false,Per-channel scene safe on/off,2214,prn,2,,,,,,,,,,,,,,,,,,,,
Sys001SceneSafe002,1,1,2,,false,Per-channel scene safe on/off,2215,pro,2,,,,,,,,,,,,,,,,,,,,
Sys001SceneSafe003,1,1,3,,false,Per-channel scene safe on/off,2216,prp,2,,,,,,,,,,,,,,,,,,,,
Sys001SceneSafe004,1,1,4,,false,Per-channel scene safe on/off,2217,prq,2,,,,,,,,,,,,,,,,,,,,
Sys001SceneSafe005,1,1,5,,false,Per-channel scene safe on/off,2218,prr,2,,,,,,,,,,,,,,,,,,,,
Sys001SceneSafe006,1,1,6,,false,Per-channel scene safe on/off,2219,prs,2,,,,,,,,,,,,,,,,,,,,
Sys001SceneSafe007,1,1,7,,false,Per-channel scene safe on/off,2220,prt,2,,,,,,,,,,,,,,,,,,,,
Sys001SceneSafe008,1,1,8,,false,Per-channel scene safe on/off,2221,pru,2,,,,,,,,,,,,,,,,,,,,
Sys001SceneSafe009,1,1,9,,false,Per-channel scene safe on/off,2222,prv,2,,,,,,,,,,,,,,,,,,,,
Sys001SceneSafe010,1,1,10,,false,Per-channel scene safe on/off,2223,prw,2,,,,,,,,,,,,,,,,,,,,
Sys001SceneSafe011,1,1,11,,false,Per-channel scene safe on/off,2224,psh,2,,,,,,,,,,,,,,,,,,,,
Sys001SceneSafe012,1,1,12,,false,Per-channel scene safe on/off,2225,psi,2,,,,,,,,,,,,,,,,,,,,
Sys001ScrBright001,1,1,1,,false,Touchscreen brightness,2226,psj,100,75,,,,,,,Sys_ScrBright,,,,,,,,,,,,
Sys001Skin001,1,1,1,,false,Current skin/theme selection,2227,psk,255,,,,,,,,,,,,,,,,,,,,
Sys001Test001,1,1,1,,,System test signal output,2228,psl,255,,,,,,,,,,,,,,,,,,,,
Sys001Test002,1,1,2,,,System test signal output,2229,psm,255,,,,,,,,,,,,,,,,,,,,
Aux001AntiFbNotchFreq001,2,1,1,,,Anti-feedback notch filter centre frequency,2230,psn,255,,,,,,,,,,0=40/127=12000/[Log],,,,,,,,,,
Aux001AntiFbNotchFreq002,2,1,2,,,Anti-feedback notch filter centre frequency,2231,pso,255,,,,,,,,,,0=40/127=12000/[Log],,,,,,,,,,
Aux001AntiFbNotchFreq003,2,1,3,,,Anti-feedback notch filter centre frequency,2232,psp,255,,,,,,,,,,0=40/127=12000/[Log],,,,,,,,,,
Aux001AntiFbNotchFreq004,2,1,4,,,Anti-feedback notch filter centre frequency,2233,psq,255,,,,,,,,,,0=40/127=12000/[Log],,,,,,,,,,
Aux002AntiFbNotchFreq001,2,2,1,,,Anti-feedback notch filter centre frequency,2234,psr,255,,,,,,,,,,0=40/127=12000/[Log],,,,,,,,,,
Aux002AntiFbNotchFreq002,2,2,2,,,Anti-feedback notch filter centre frequency,2235,pss,255,,,,,,,,,,0=40/127=12000/[Log],,,,,,,,,,
Aux002AntiFbNotchFreq003,2,2,3,,,Anti-feedback notch filter centre frequency,2236,pst,255,,,,,,,,,,0=40/127=12000/[Log],,,,,,,,,,
Aux002AntiFbNotchFreq004,2,2,4,,,Anti-feedback notch filter centre frequency,2237,psu,255,,,,,,,,,,0=40/127=12000/[Log],,,,,,,,,,
Aux003AntiFbNotchFreq001,2,3,1,,,Anti-feedback notch filter centre frequency,2238,psv,255,,,,,,,,,,0=40/127=12000/[Log],,,,,,,,,,
Aux003AntiFbNotchFreq002,2,3,2,,,Anti-feedback notch filter centre frequency,2239,psw,255,,,,,,,,,,0=40/127=12000/[Log],,,,,,,,,,
Aux003AntiFbNotchFreq003,2,3,3,,,Anti-feedback notch filter centre frequency,2240,pth,255,,,,,,,,,,0=40/127=12000/[Log],,,,,,,,,,
Aux003AntiFbNotchFreq004,2,3,4,,,Anti-feedback notch filter centre frequency,2241,pti,255,,,,,,,,,,0=40/127=12000/[Log],,,,,,,,,,
Aux004AntiFbNotchFreq001,2,4,1,,,Anti-feedback notch filter centre frequency,2242,ptj,255,,,,,,,,,,0=40/127=12000/[Log],,,,,,,,,,
Aux004AntiFbNotchFreq002,2,4,2,,,Anti-feedback notch filter centre frequency,2243,ptk,255,,,,,,,,,,0=40/127=12000/[Log],,,,,,,,,,
Aux004AntiFbNotchFreq003,2,4,3,,,Anti-feedback notch filter centre frequency,2244,ptl,255,,,,,,,,,,0=40/127=12000/[Log],,,,,,,,,,
Aux004AntiFbNotchFreq004,2,4,4,,,Anti-feedback notch filter centre frequency,2245,ptm,255,,,,,,,,,,0=40/127=12000/[Log],,,,,,,,,,
Aux001AntiFbNotchGain001,1,1,1,,,Anti-feedback notch filter depth (cut amount),2246,ptn,21,,,,,,,,,,0=-18/127=0/[Lin],,,,,,,,,,
Aux001AntiFbNotchGain002,1,1,2,,,Anti-feedback notch filter depth (cut amount),2247,pto,21,,,,,,,,,,0=-18/127=0/[Lin],,,,,,,,,,
Aux001AntiFbNotchGain003,1,1,3,,,Anti-feedback notch filter depth (cut amount),2248,ptp,21,,,,,,,,,,0=-18/127=0/[Lin],,,,,,,,,,
Aux001AntiFbNotchGain004,1,1,4,,,Anti-feedback notch filter depth (cut amount),2249,ptq,21,,,,,,,,,,0=-18/127=0/[Lin],,,,,,,,,,
Aux002AntiFbNotchGain001,1,2,1,,,Anti-feedback notch filter depth (cut amount),2250,ptr,21,,,,,,,,,,0=-18/127=0/[Lin],,,,,,,,,,
Aux002AntiFbNotchGain002,1,2,2,,,Anti-feedback notch filter depth (cut amount),2251,pts,21,,,,,,,,,,0=-18/127=0/[Lin],,,,,,,,,,
Aux002AntiFbNotchGain003,1,2,3,,,Anti-feedback notch filter depth (cut amount),2252,ptt,21,,,,,,,,,,0=-18/127=0/[Lin],,,,,,,,,,
Aux002AntiFbNotchGain004,1,2,4,,,Anti-feedback notch filter depth (cut amount),2253,ptu,21,,,,,,,,,,0=-18/127=0/[Lin],,,,,,,,,,
Aux003AntiFbNotchGain001,1,3,1,,,Anti-feedback notch filter depth (cut amount),2254,ptv,21,,,,,,,,,,0=-18/127=0/[Lin],,,,,,,,,,
Aux003AntiFbNotchGain002,1,3,2,,,Anti-feedback notch filter depth (cut amount),2255,ptw,21,,,,,,,,,,0=-18/127=0/[Lin],,,,,,,,,,
Aux003AntiFbNotchGain003,1,3,3,,,Anti-feedback notch filter depth (cut amount),2256,puh,21,,,,,,,,,,0=-18/127=0/[Lin],,,,,,,,,,
Aux003AntiFbNotchGain004,1,3,4,,,Anti-feedback notch filter depth (cut amount),2257,pui,21,,,,,,,,,,0=-18/127=0/[Lin],,,,,,,,,,
Aux004AntiFbNotchGain001,1,4,1,,,Anti-feedback notch filter depth (cut amount),2258,puj,21,,,,,,,,,,0=-18/127=0/[Lin],,,,,,,,,,
Aux004AntiFbNotchGain002,1,4,2,,,Anti-feedback notch filter depth (cut amount),2259,puk,21,,,,,,,,,,0=-18/127=0/[Lin],,,,,,,,,,
Aux004AntiFbNotchGain003,1,4,3,,,Anti-feedback notch filter depth (cut amount),2260,pul,21,,,,,,,,,,0=-18/127=0/[Lin],,,,,,,,,,
Aux004AntiFbNotchGain004,1,4,4,,,Anti-feedback notch filter depth (cut amount),2261,pum,21,,,,,,,,,,0=-18/127=0/[Lin],,,,,,,,,,
Aux001AntiFbNotchQ001,1,1,1,,,Anti-feedback notch filter Q (bandwidth),2262,pun,33,,,,,,,,,,0=1/127=20/[Log],,,,,,,,,,
Aux001AntiFbNotchQ002,1,1,2,,,Anti-feedback notch filter Q (bandwidth),2263,puo,33,,,,,,,,,,0=1/127=20/[Log],,,,,,,,,,
Aux001AntiFbNotchQ003,1,1,3,,,Anti-feedback notch filter Q (bandwidth),2264,pup,33,,,,,,,,,,0=1/127=20/[Log],,,,,,,,,,
Aux001AntiFbNotchQ004,1,1,4,,,Anti-feedback notch filter Q (bandwidth),2265,puq,33,,,,,,,,,,0=1/127=20/[Log],,,,,,,,,,
Aux002AntiFbNotchQ001,1,2,1,,,Anti-feedback notch filter Q (bandwidth),2266,pur,33,,,,,,,,,,0=1/127=20/[Log],,,,,,,,,,
Aux002AntiFbNotchQ002,1,2,2,,,Anti-feedback notch filter Q (bandwidth),2267,pus,33,,,,,,,,,,0=1/127=20/[Log],,,,,,,,,,
Aux002AntiFbNotchQ003,1,2,3,,,Anti-feedback notch filter Q (bandwidth),2268,put,33,,,,,,,,,,0=1/127=20/[Log],,,,,,,,,,
Aux002AntiFbNotchQ004,1,2,4,,,Anti-feedback notch filter Q (bandwidth),2269,puu,33,,,,,,,,,,0=1/127=20/[Log],,,,,,,,,,
Aux003AntiFbNotchQ001,1,3,1,,,Anti-feedback notch filter Q (bandwidth),2270,puv,33,,,,,,,,,,0=1/127=20/[Log],,,,,,,,,,
Aux003AntiFbNotchQ002,1,3,2,,,Anti-feedback notch filter Q (bandwidth),2271,puw,33,,,,,,,,,,0=1/127=20/[Log],,,,,,,,,,
Aux003AntiFbNotchQ003,1,3,3,,,Anti-feedback notch filter Q (bandwidth),2272,pvh,33,,,,,,,,,,0=1/127=20/[Log],,,,,,,,,,
Aux003AntiFbNotchQ004,1,3,4,,,Anti-feedback notch filter Q (bandwidth),2273,pvi,33,,,,,,,,,,0=1/127=20/[Log],,,,,,,,,,
Aux004AntiFbNotchQ001,1,4,1,,,Anti-feedback notch filter Q (bandwidth),2274,pvj,33,,,,,,,,,,0=1/127=20/[Log],,,,,,,,,,
Aux004AntiFbNotchQ002,1,4,2,,,Anti-feedback notch filter Q (bandwidth),2275,pvk,33,,,,,,,,,,0=1/127=20/[Log],,,,,,,,,,
Aux004AntiFbNotchQ003,1,4,3,,,Anti-feedback notch filter Q (bandwidth),2276,pvl,33,,,,,,,,,,0=1/127=20/[Log],,,,,,,,,,
Aux004AntiFbNotchQ004,1,4,4,,,Anti-feedback notch filter Q (bandwidth),2277,pvm,33,,,,,,,,,,0=1/127=20/[Log],,,,,,,,,,
Aux001AntiFbOn001,1,1,1,,,Anti-feedback system on/off per aux path,2278,pvn,2,,,,,,,,,,,,,,,,,,,,
Aux002AntiFbOn001,1,2,1,,,Anti-feedback system on/off per aux path,2279,pvo,2,,,,,,,,,,,,,,,,,,,,
Aux003AntiFbOn001,1,3,1,,,Anti-feedback system on/off per aux path,2280,pvp,2,,,,,,,,,,,,,,,,,,,,
Aux004AntiFbOn001,1,4,1,,,Anti-feedback system on/off per aux path,2281,pvq,2,,,,,,,,,,,,,,,,,,,,
Talk001Hpf001,1,1,1,,,Talkback mic high-pass filter,2282,pvr,33,,,,,,,,,,,,,,,,,,,,
Talk001On001,1,1,1,,,Talkback mic on/off,2283,pvs,2,,,,,,,,,,,,,,,,,,,,
Talk001Dest001,1,1,1,,,Talkback routing to aux/main,2284,pvt,1,,,,,,,,,,,,,,,,,,,,
Talk001Dest002,1,1,2,,,Talkback routing to aux/main,2285,pvu,1,,,,,,,,,,,,,,,,,,,,
Talk001Dest003,1,1,3,,,Talkback routing to aux/main,2286,pvv,1,,,,,,,,,,,,,,,,,,,,
Talk001Gain001,1,1,1,,,Talkback mic input gain,2287,pvw,65,,,,,,,,,,,,,,,,,,,,
Usb001On001,1,1,1,,false,USB audio input on/off,2288,pwh,2,,,,,,,,,,,,,,,,,,,,
Usb001Level001,1,1,1,,false,USB audio input level,2289,pwi,255,,,,,,,,,,0=-20/127=6/[Lin],,,,,,,,,,
Aux001Name001,16,1,1,,,Aux output channel name,2290,pwj,1,,,,,,,,,,,,,,,,,,,,
Aux002Name001,16,2,1,,,Aux output channel name,2291,pwk,1,,,,,,,,,,,,,,,,,,,,
Aux003Name001,16,3,1,,,Aux output channel name,2292,pwl,1,,,,,,,,,,,,,,,,,,,,
Aux004Name001,16,4,1,,,Aux output channel name,2293,pwm,1,,,,,,,,,,,,,,,,,,,,
Chan001Name001,16,1,1,,,Input channel name/label,2294,pwn,1,,,,,,,,,,,,,,,,,,,,Kick
Chan002Name001,16,2,1,,,Input channel name/label,2295,pwo,1,,,,,,,,,,,,,,,,,,,,Snare Top
Chan003Name001,16,3,1,,,Input channel name/label,2296,pwp,1,,,,,,,,,,,,,,,,,,,,Snare Bot
Chan004Name001,16,4,1,,,Input channel name/label,2297,pwq,1,,,,,,,,,,,,,,,,,,,,Hihat
Chan005Name001,16,5,1,,,Input channel name/label,2298,pwr,1,,,,,,,,,,,,,,,,,,,,Ride
Chan006Name001,16,6,1,,,Input channel name/label,2299,pws,1,,,,,,,,,,,,,,,,,,,,Floor Tom
Chan007Name001,16,7,1,,,Input channel name/label,2300,pwt,1,,,,,,,,,,,,,,,,,,,,Mid Toms
Chan008Name001,16,8,1,,,Input channel name/label,2301,pwu,1,,,,,,,,,,,,,,,,,,,,OH Left
Chan009Name001,16,9,1,,,Input channel name/label,2302,pwv,1,,,,,,,,,,,,,,,,,,,,OH Right
Chan010Name001,16,10,1,,,Input channel name/label,2303,pww,1,,,,,,,,,,,,,,,,,,,,Bass
Chan011Name001,16,11,1,,,Input channel name/label,2304,qhh,1,,,,,,,,,,,,,,,,,,,,E Gtr 1
Chan012Name001,16,12,1,,,Input channel name/label,2305,qhi,1,,,,,,,,,,,,,,,,,,,,E Gtr 2
Dca001Name001,16,1,1,,,DCA group name,2306,qhj,1,,,,,,,,,,,,,,,,,,,,
Dca002Name001,16,2,1,,,DCA group name,2307,qhk,1,,,,,,,,,,,,,,,,,,,,
Dca003Name001,16,3,1,,,DCA group name,2308,qhl,1,,,,,,,,,,,,,,,,,,,,
Dca004Name001,16,4,1,,,DCA group name,2309,qhm,1,,,,,,,,,,,,,,,,,,,,
Fx001Name001,16,1,1,,,FX channel name,2310,qhn,1,,,,,,,,,,,,,,,,,,,,
Fx002Name001,16,2,1,,,FX channel name,2311,qho,1,,,,,,,,,,,,,,,,,,,,
Fx003Name001,16,3,1,,,FX channel name,2312,qhp,1,,,,,,,,,,,,,,,,,,,,
Fx004Name001,16,4,1,,,FX channel name,2313,qhq,1,,,,,,,,,,,,,,,,,,,,
Grp001Name001,16,1,1,,,Group name,2314,qhr,1,,,,,,,,,,,,,,,,,,,,
Grp002Name001,16,2,1,,,Group name,2315,qhs,1,,,,,,,,,,,,,,,,,,,,
MainSub001Name001,16,1,1,,,Subwoofer name,2316,qht,1,,,,,,,,,,,,,,,,,,,,
MainSub001CrossoverFreq001,1,1,1,,,Electronic crossover frequency,2317,qhu,255,,,,,,,,MainCrossover,,,,,,,,,,,,
MainSub001CrossoverSlope001,1,1,1,,,Crossover slope (HPF 36/48 dB/oct),2318,qhv,4,,,,,,,,MainCrossover,,,,,,,,,,,,
MainSub001LimiterRng001,1,1,1,,,Subwoofer output limiter range/depth,2319,qhw,33,,,,,,,,MainLimiter,,0=0/127=60/[Lin],,,,,,,,,,
Main001Name001,16,1,1,,,Main L/R master name,2320,qih,1,,,,,,,,,,,,,,,,,,,,Master
Sys001SwUpd001,1,1,1,,false,Software updater open/close SW button,2321,qii,2,,,,,,,,,,,,,,,,,,,,
