/* 
 * File:	C:\dropbox\_mx\MW\D24\DSP\DSP_Export\DSP_IC_1.h
 * Created:	Thursday, 05 February 2026 15:47 PM
 * Description:	ADAU146xSchematic_0 program data.
 * 
 * This software is distributed in the hope that it will be useful, 
 * but is distributed on an "AS IS" BASIS, WITHOUT WARRANTIES OR 
 * CONDITIONS OF ANY KIND, without even the implied warranty of 
 * MERCHANTABILITY or FITNESS FOR A PARTICULAR PURPOSE. 
 * 
 * This software may only be used to program products purchased from 
 * Analog Devices for incorporation by you into audio products that 
 * are intended for resale to audio product end users.This software 
 * may not be distributed whole or in any part to third parties. 
 * 
 * Copyright © 2026 Analog Devices, Inc. All rights reserved.
 */

#include "SigmaStudioFW.h"

#ifndef __DSP_IC_1_H__
#define __DSP_IC_1_H__

/* DSP Ram Data */
#define DM1_DATA_SIZE_IC_1 6656
#define DM1_DATA_ADDR_IC_1 24576
ADI_REG_TYPE DM1_DATA_IC_1_Data[DM1_DATA_SIZE_IC_1] = {
0x00, 0x00, 0x00, 0x00, 
0x00, 0x00, 0x00, 0x00, 
0x00, 0x00, 0x00, 0x00, 
0x00, 0x00, 0x00, 0x00, 
0x00, 0x00, 0x00, 0x00, 
0x00, 0x00, 0x00, 0x00, 
0x00, 0x00, 0x00, 0x00, 
0x00, 0x00, 0x00, 0x00, 
0x00, 0x00, 0x00, 0x00, 
0x00, 0x00, 0x00, 0x00, 
0x00, 0x00, 0x00, 0x00, 
0xE1, 0x00, 0x00, 0x00, 
0x00, 0x55, 0x55, 0x55, 
0x00, 0x00, 0x00, 0x00, 
0x00, 0x00, 0x00, 0x00, 
0x00, 0x00, 0x00, 0x00, 
0xE1, 0x00, 0x00, 0x00, 
0x00, 0x55, 0x55, 0x55, 
0x00, 0x00, 0x00, 0x00, 
0x00, 0x00, 0x00, 0x00, 
0x00, 0x00, 0x00, 0x00, 
0xE1, 0x00, 0x00, 0x00, 
0x00, 0x55, 0x55, 0x55, 
0x00, 0x00, 0x00, 0x00, 
0x00, 0x00, 0x00, 0x00, 
0x00, 0x00, 0x00, 0x00, 
0xE1, 0x00, 0x00, 0x00, 
0x00, 0x55, 0x55, 0x55, 
0x00, 0x00, 0x00, 0x00, 
0x00, 0x00, 0x00, 0x00, 
0x00, 0x00, 0x00, 0x00, 
0xE1, 0x00, 0x00, 0x00, 
0x00, 0x55, 0x55, 0x55, 
0x00, 0x00, 0x00, 0x00, 
0x00, 0x00, 0x00, 0x00, 
0x00, 0x00, 0x00, 0x00, 
0xE1, 0x00, 0x00, 0x00, 
0x00, 0x55, 0x55, 0x55, 
0x00, 0x00, 0x00, 0x00, 
0x00, 0x00, 0x00, 0x00, 
0x00, 0x00, 0x00, 0x00, 
0xE1, 0x00, 0x00, 0x00, 
0x00, 0x55, 0x55, 0x55, 
0x00, 0x00, 0x00, 0x00, 
0x00, 0x00, 0x00, 0x00, 
0x00, 0x00, 0x00, 0x00, 
0xE1, 0x00, 0x00, 0x00, 
0x00, 0x55, 0x55, 0x55, 
0x00, 0x00, 0x00, 0x00, 
0x00, 0x00, 0x00, 0x00, 
0x00, 0x00, 0x00, 0x00, 
0xE1, 0x00, 0x00, 0x00, 
0x00, 0x55, 0x55, 0x55, 
0x00, 0x00, 0x00, 0x00, 
0x00, 0x00, 0x00, 0x00, 
0x00, 0x00, 0x00, 0x00, 
0xE1, 0x00, 0x00, 0x00, 
0x00, 0x55, 0x55, 0x55, 
0x00, 0x00, 0x00, 0x00, 
0x00, 0x00, 0x00, 0x00, 
0x00, 0x00, 0x00, 0x00, 
0xE1, 0x00, 0x00, 0x00, 
0x00, 0x55, 0x55, 0x55, 
0x00, 0x00, 0x00, 0x00, 
0x00, 0x00, 0x00, 0x00, 
0x00, 0x00, 0x00, 0x00, 
0xE1, 0x00, 0x00, 0x00, 
0x00, 0x55, 0x55, 0x55, 
0x00, 0x00, 0x00, 0x00, 
0x00, 0x00, 0x00, 0x00, 
0x00, 0x00, 0x00, 0x00, 
0xE1, 0x00, 0x00, 0x00, 
0x00, 0x55, 0x55, 0x55, 
0x00, 0x00, 0x00, 0x00, 
0x00, 0x00, 0x00, 0x00, 
0x00, 0x00, 0x00, 0x00, 
0xE1, 0x00, 0x00, 0x00, 
0x00, 0x55, 0x55, 0x55, 
0x00, 0x00, 0x00, 0x00, 
0x00, 0x00, 0x00, 0x00, 
0x00, 0x00, 0x00, 0x00, 
0xE1, 0x00, 0x00, 0x00, 
0x00, 0x55, 0x55, 0x55, 
0x00, 0x00, 0x00, 0x00, 
0x00, 0x00, 0x00, 0x00, 
0x00, 0x00, 0x00, 0x00, 
0xE1, 0x00, 0x00, 0x00, 
0x00, 0x55, 0x55, 0x55, 
0x00, 0x00, 0x00, 0x00, 
0x00, 0x00, 0x00, 0x00, 
0x00, 0x00, 0x00, 0x00, 
0xE1, 0x00, 0x00, 0x00, 
0x00, 0x55, 0x55, 0x55, 
0x00, 0x00, 0x00, 0x00, 
0x00, 0x00, 0x00, 0x00, 
0x00, 0x00, 0x00, 0x00, 
0xE1, 0x00, 0x00, 0x00, 
0x00, 0x55, 0x55, 0x55, 
0x00, 0x00, 0x00, 0x00, 
0x00, 0x00, 0x00, 0x00, 
0x00, 0x00, 0x00, 0x00, 
0xE1, 0x00, 0x00, 0x00, 
0x00, 0x55, 0x55, 0x55, 
0x00, 0x00, 0x00, 0x00, 
0x00, 0x00, 0x00, 0x00, 
0x00, 0x00, 0x00, 0x00, 
0xE1, 0x00, 0x00, 0x00, 
0x00, 0x55, 0x55, 0x55, 
0x00, 0x00, 0x00, 0x00, 
0x00, 0x00, 0x00, 0x00, 
0x00, 0x00, 0x00, 0x00, 
0xE1, 0x00, 0x00, 0x00, 
0x00, 0x55, 0x55, 0x55, 
0x00, 0x00, 0x00, 0x00, 
0x00, 0x00, 0x00, 0x00, 
0x00, 0x00, 0x00, 0x00, 
0xE1, 0x00, 0x00, 0x00, 
0x00, 0x55, 0x55, 0x55, 
0x00, 0x00, 0x00, 0x00, 
0x00, 0x00, 0x00, 0x00, 
0x00, 0x00, 0x00, 0x00, 
0xE1, 0x00, 0x00, 0x00, 
0x00, 0x55, 0x55, 0x55, 
0x00, 0x00, 0x00, 0x00, 
0x00, 0x00, 0x00, 0x00, 
0x00, 0x00, 0x00, 0x00, 
0xE1, 0x00, 0x00, 0x00, 
0x00, 0x55, 0x55, 0x55, 
0x00, 0x00, 0x00, 0x00, 
0x00, 0x00, 0x00, 0x00, 
0x00, 0x00, 0x00, 0x00, 
0xE1, 0x00, 0x00, 0x00, 
0x00, 0x55, 0x55, 0x55, 
0x00, 0x00, 0x00, 0x00, 
0x00, 0x00, 0x00, 0x00, 
0x00, 0x00, 0x00, 0x00, 
0xE1, 0x00, 0x00, 0x00, 
0x00, 0x55, 0x55, 0x55, 
0x00, 0x00, 0x00, 0x00, 
0x00, 0x00, 0x00, 0x00, 
0x00, 0x00, 0x00, 0x00, 
0xE1, 0x00, 0x00, 0x00, 
0x00, 0x55, 0x55, 0x55, 
0x00, 0x00, 0x00, 0x00, 
0x00, 0x00, 0x00, 0x00, 
0x00, 0x00, 0x00, 0x00, 
0xE1, 0x00, 0x00, 0x00, 
0x00, 0x55, 0x55, 0x55, 
0x00, 0x00, 0x00, 0x00, 
0x00, 0x00, 0x00, 0x00, 
0x00, 0x00, 0x00, 0x00, 
0xE1, 0x00, 0x00, 0x00, 
0x00, 0x55, 0x55, 0x55, 
0x00, 0x00, 0x00, 0x00, 
0x00, 0x00, 0x00, 0x00, 
0x00, 0x00, 0x00, 0x00, 
0xE1, 0x00, 0x00, 0x00, 
0x00, 0x55, 0x55, 0x55, 
0x00, 0x00, 0x00, 0x00, 
0x00, 0x00, 0x00, 0x00, 
0x00, 0x00, 0x00, 0x00, 
0xE1, 0x00, 0x00, 0x00, 
0x00, 0x55, 0x55, 0x55, 
0x00, 0x00, 0x00, 0x00, 
0x00, 0x00, 0x00, 0x00, 
0x00, 0x00, 0x00, 0x00, 
0xE1, 0x00, 0x00, 0x00, 
0x00, 0x55, 0x55, 0x55, 
0x00, 0x00, 0x00, 0x00, 
0x00, 0x00, 0x00, 0x00, 
0x00, 0x00, 0x00, 0x00, 
0xE1, 0x00, 0x00, 0x00, 
0x00, 0x55, 0x55, 0x55, 
0x00, 0x00, 0x00, 0x00, 
0x00, 0x00, 0x00, 0x00, 
0x00, 0x00, 0x00, 0x00, 
0xE1, 0x00, 0x00, 0x00, 
0x00, 0x55, 0x55, 0x55, 
0x00, 0x00, 0x00, 0x00, 
0x00, 0x00, 0x00, 0x00, 
0x00, 0x00, 0x00, 0x00, 
0xE1, 0x00, 0x00, 0x00, 
0x00, 0x55, 0x55, 0x55, 
0x00, 0x00, 0x00, 0x00, 
0x00, 0x00, 0x00, 0x00, 
0x00, 0x00, 0x00, 0x00, 
0xE1, 0x00, 0x00, 0x00, 
0x00, 0x55, 0x55, 0x55, 
0x00, 0x00, 0x00, 0x00, 
0x00, 0x00, 0x00, 0x00, 
0x00, 0x00, 0x00, 0x00, 
0xE1, 0x00, 0x00, 0x00, 
0x00, 0x55, 0x55, 0x55, 
0x00, 0x00, 0x00, 0x00, 
0x00, 0x00, 0x00, 0x00, 
0x00, 0x00, 0x00, 0x00, 
0xE1, 0x00, 0x00, 0x00, 
0x00, 0x55, 0x55, 0x55, 
0x00, 0x00, 0x00, 0x00, 
0x00, 0x00, 0x00, 0x00, 
0x00, 0x00, 0x00, 0x00, 
0xE1, 0x00, 0x00, 0x00, 
0x00, 0x55, 0x55, 0x55, 
0x00, 0x00, 0x00, 0x00, 
0x00, 0x00, 0x00, 0x00, 
0x00, 0x00, 0x00, 0x00, 
0xE1, 0x00, 0x00, 0x00, 
0x00, 0x55, 0x55, 0x55, 
0x00, 0x00, 0x00, 0x00, 
0x00, 0x00, 0x00, 0x00, 
0x00, 0x00, 0x00, 0x00, 
0xE1, 0x00, 0x00, 0x00, 
0x00, 0x55, 0x55, 0x55, 
0x00, 0x00, 0x00, 0x00, 
0x00, 0x00, 0x00, 0x00, 
0x00, 0x00, 0x00, 0x00, 
0xE1, 0x00, 0x00, 0x00, 
0x00, 0x55, 0x55, 0x55, 
0x00, 0x00, 0x00, 0x00, 
0x00, 0x00, 0x00, 0x00, 
0x00, 0x00, 0x00, 0x00, 
0xE1, 0x00, 0x00, 0x00, 
0x00, 0x55, 0x55, 0x55, 
0x00, 0x00, 0x00, 0x00, 
0x00, 0x00, 0x00, 0x00, 
0x00, 0x00, 0x00, 0x00, 
0xE1, 0x00, 0x00, 0x00, 
0x00, 0x55, 0x55, 0x55, 
0x00, 0x00, 0x00, 0x00, 
0x00, 0x00, 0x00, 0x00, 
0x00, 0x00, 0x00, 0x00, 
0xE1, 0x00, 0x00, 0x00, 
0x00, 0x55, 0x55, 0x55, 
0x00, 0x00, 0x00, 0x00, 
0x00, 0x00, 0x00, 0x00, 
0x00, 0x00, 0x00, 0x00, 
0xE1, 0x00, 0x00, 0x00, 
0x00, 0x55, 0x55, 0x55, 
0x00, 0x00, 0x00, 0x00, 
0x00, 0x00, 0x00, 0x00, 
0x00, 0x00, 0x00, 0x00, 
0xE1, 0x00, 0x00, 0x00, 
0x00, 0x55, 0x55, 0x55, 
0x00, 0x00, 0x00, 0x00, 
0x00, 0x00, 0x00, 0x00, 
0x00, 0x00, 0x00, 0x00, 
0xE1, 0x00, 0x00, 0x00, 
0x00, 0x55, 0x55, 0x55, 
0x00, 0x00, 0x00, 0x00, 
0x00, 0x00, 0x00, 0x00, 
0x00, 0x00, 0x00, 0x00, 
0xE1, 0x00, 0x00, 0x00, 
0x00, 0x55, 0x55, 0x55, 
0x00, 0x00, 0x00, 0x00, 
0x00, 0x00, 0x00, 0x00, 
0x00, 0x00, 0x00, 0x00, 
0xE1, 0x00, 0x00, 0x00, 
0x00, 0x55, 0x55, 0x55, 
0x00, 0x00, 0x00, 0x00, 
0x00, 0x00, 0x00, 0x00, 
0x00, 0x00, 0x00, 0x00, 
0xE1, 0x00, 0x00, 0x00, 
0x00, 0x55, 0x55, 0x55, 
0x00, 0x00, 0x00, 0x00, 
0x00, 0x00, 0x00, 0x00, 
0x00, 0x00, 0x00, 0x00, 
0xE1, 0x00, 0x00, 0x00, 
0x00, 0x55, 0x55, 0x55, 
0x00, 0x00, 0x00, 0x00, 
0x00, 0x00, 0x00, 0x00, 
0x00, 0x00, 0x00, 0x00, 
0xE1, 0x00, 0x00, 0x00, 
0x00, 0x55, 0x55, 0x55, 
0x00, 0x00, 0x00, 0x00, 
0x00, 0x00, 0x00, 0x00, 
0x00, 0x00, 0x00, 0x00, 
0xE1, 0x00, 0x00, 0x00, 
0x00, 0x55, 0x55, 0x55, 
0x00, 0x00, 0x00, 0x00, 
0x00, 0x00, 0x00, 0x00, 
0x00, 0x00, 0x00, 0x00, 
0xE1, 0x00, 0x00, 0x00, 
0x00, 0x55, 0x55, 0x55, 
0x00, 0x00, 0x00, 0x00, 
0x00, 0x00, 0x00, 0x00, 
0x00, 0x00, 0x00, 0x00, 
0xE1, 0x00, 0x00, 0x00, 
0x00, 0x55, 0x55, 0x55, 
0x00, 0x00, 0x00, 0x00, 
0x00, 0x00, 0x00, 0x00, 
0x00, 0x00, 0x00, 0x00, 
0xE1, 0x00, 0x00, 0x00, 
0x00, 0x55, 0x55, 0x55, 
0x00, 0x00, 0x00, 0x00, 
0x00, 0x00, 0x00, 0x00, 
0x00, 0x00, 0x00, 0x00, 
0xE1, 0x00, 0x00, 0x00, 
0x00, 0x55, 0x55, 0x55, 
0x00, 0x00, 0x00, 0x00, 
0x00, 0x00, 0x00, 0x00, 
0x00, 0x00, 0x00, 0x00, 
0xE1, 0x00, 0x00, 0x00, 
0x00, 0x55, 0x55, 0x55, 
0x00, 0x00, 0x00, 0x00, 
0x00, 0x00, 0x00, 0x00, 
0x00, 0x00, 0x00, 0x00, 
0xE1, 0x00, 0x00, 0x00, 
0x00, 0x55, 0x55, 0x55, 
0x00, 0x00, 0x00, 0x00, 
0x00, 0x00, 0x00, 0x00, 
0x00, 0x00, 0x00, 0x00, 
0xE1, 0x00, 0x00, 0x00, 
0x00, 0x55, 0x55, 0x55, 
0x00, 0x00, 0x00, 0x00, 
0x00, 0x00, 0x00, 0x00, 
0x00, 0x00, 0x00, 0x00, 
0xE1, 0x00, 0x00, 0x00, 
0x00, 0x55, 0x55, 0x55, 
0x00, 0x00, 0x00, 0x00, 
0x00, 0x00, 0x00, 0x00, 
0x00, 0x00, 0x00, 0x00, 
0xE1, 0x00, 0x00, 0x00, 
0x00, 0x55, 0x55, 0x55, 
0x00, 0x00, 0x00, 0x00, 
0x00, 0x00, 0x00, 0x00, 
0x00, 0x00, 0x00, 0x00, 
0xE1, 0x00, 0x00, 0x00, 
0x00, 0x55, 0x55, 0x55, 
0x00, 0x00, 0x00, 0x00, 
0x00, 0x00, 0x00, 0x00, 
0x00, 0x00, 0x00, 0x00, 
0x00, 0x00, 0x00, 0x00, 
0x00, 0x00, 0x00, 0x00, 
0x00, 0x00, 0x00, 0x00, 
0x00, 0x00, 0x00, 0x00, 
0x00, 0x00, 0x00, 0x00, 
0x00, 0x00, 0x00, 0x00, 
0x00, 0x00, 0x00, 0x00, 
0x00, 0x00, 0x00, 0x00, 
0x00, 0x00, 0x00, 0x00, 
0x00, 0x00, 0x00, 0x00, 
0x00, 0x00, 0x00, 0x00, 
0x00, 0x00, 0x00, 0x00, 
0x00, 0x00, 0x00, 0x00, 
0x00, 0x00, 0x00, 0x00, 
0x00, 0x00, 0x00, 0x00, 
0x00, 0x00, 0x00, 0x00, 
0x00, 0x00, 0x00, 0x00, 
0x00, 0x00, 0x00, 0x00, 
0x00, 0x00, 0x00, 0x00, 
0x00, 0x00, 0x00, 0x00, 
0x00, 0x00, 0x00, 0x00, 
0x00, 0x00, 0x00, 0x00, 
0x00, 0x00, 0x00, 0x00, 
0x00, 0x00, 0x00, 0x00, 
0x00, 0x00, 0x00, 0x00, 
0x00, 0x00, 0x00, 0x00, 
0x00, 0x00, 0x00, 0x00, 
0x00, 0x00, 0x00, 0x00, 
0x00, 0x00, 0x00, 0x00, 
0x00, 0x00, 0x00, 0x00, 
0x00, 0x00, 0x00, 0x00, 
0x00, 0x00, 0x00, 0x00, 
0x00, 0x00, 0x00, 0x00, 
0x00, 0x00, 0x00, 0x00, 
0x00, 0x00, 0x00, 0x00, 
0x00, 0x00, 0x00, 0x00, 
0x00, 0x00, 0x00, 0x00, 
0x00, 0x00, 0x00, 0x00, 
0x00, 0x00, 0x00, 0x00, 
0x00, 0x00, 0x00, 0x00, 
0x00, 0x00, 0x00, 0x00, 
0x00, 0x00, 0x00, 0x00, 
0x00, 0x00, 0x00, 0x00, 
0x00, 0x00, 0x00, 0x00, 
0x00, 0x00, 0x00, 0x00, 
0x00, 0x00, 0x00, 0x00, 
0x00, 0x00, 0x00, 0x00, 
0x00, 0x00, 0x00, 0x00, 
0x00, 0x00, 0x00, 0x00, 
0x00, 0x00, 0x00, 0x00, 
0x00, 0x00, 0x00, 0x00, 
0x00, 0x00, 0x00, 0x00, 
0x00, 0x00, 0x00, 0x00, 
0x00, 0x00, 0x00, 0x00, 
0x00, 0x00, 0x00, 0x00, 
0x00, 0x00, 0x00, 0x00, 
0x00, 0x00, 0x00, 0x00, 
0x00, 0x00, 0x00, 0x00, 
0x00, 0x00, 0x00, 0x00, 
0x00, 0x00, 0x00, 0x00, 
0x00, 0x00, 0x00, 0x00, 
0x00, 0x00, 0x00, 0x00, 
0x00, 0x00, 0x00, 0x00, 
0x00, 0x00, 0x00, 0x00, 
0x00, 0x00, 0x00, 0x00, 
0x00, 0x00, 0x00, 0x00, 
0x00, 0x00, 0x00, 0x00, 
0x00, 0x00, 0x00, 0x00, 
0x00, 0x00, 0x00, 0x00, 
0x00, 0x00, 0x00, 0x00, 
0x00, 0x00, 0x00, 0x00, 
0x00, 0x00, 0x00, 0x00, 
0x00, 0x00, 0x00, 0x00, 
0x00, 0x00, 0x00, 0x00, 
0x00, 0x00, 0x00, 0x00, 
0x00, 0x00, 0x00, 0x00, 
0x00, 0x00, 0x00, 0x00, 
0x00, 0x00, 0x00, 0x00, 
0x00, 0x00, 0x00, 0x00, 
0x00, 0x00, 0x00, 0x00, 
0x00, 0x00, 0x00, 0x00, 
0x00, 0x00, 0x00, 0x00, 
0x00, 0x00, 0x00, 0x00, 
0x00, 0x00, 0x00, 0x00, 
0x00, 0x00, 0x00, 0x00, 
0x00, 0x00, 0x00, 0x00, 
0x00, 0x00, 0x00, 0x00, 
0x00, 0x00, 0x00, 0x00, 
0x00, 0x00, 0x00, 0x00, 
0x00, 0x00, 0x00, 0x00, 
0x00, 0x00, 0x00, 0x00, 
0x00, 0x00, 0x00, 0x00, 
0x00, 0x00, 0x00, 0x00, 
0x00, 0x00, 0x00, 0x00, 
0x00, 0x00, 0x00, 0x00, 
0x00, 0x00, 0x00, 0x00, 
0x00, 0x00, 0x00, 0x00, 
0x00, 0x00, 0x00, 0x00, 
0x00, 0x00, 0x00, 0x00, 
0x00, 0x00, 0x00, 0x00, 
0x00, 0x00, 0x00, 0x00, 
0x00, 0x00, 0x00, 0x00, 
0x00, 0x00, 0x00, 0x00, 
0x00, 0x00, 0x00, 0x00, 
0x00, 0x00, 0x00, 0x00, 
0x00, 0x00, 0x00, 0x00, 
0x00, 0x00, 0x00, 0x00, 
0x00, 0x00, 0x00, 0x00, 
0x00, 0x00, 0x00, 0x00, 
0x00, 0x00, 0x00, 0x00, 
0x00, 0x00, 0x00, 0x00, 
0x00, 0x00, 0x00, 0x00, 
0x00, 0x00, 0x00, 0x00, 
0x00, 0x00, 0x00, 0x00, 
0x00, 0x00, 0x00, 0x00, 
0x00, 0x00, 0x00, 0x00, 
0x00, 0x00, 0x00, 0x00, 
0x00, 0x00, 0x00, 0x00, 
0x00, 0x00, 0x00, 0x00, 
0x00, 0x00, 0x00, 0x00, 
0x00, 0x00, 0x00, 0x00, 
0x00, 0x00, 0x00, 0x00, 
0x00, 0x00, 0x00, 0x00, 
0x00, 0x00, 0x00, 0x00, 
0x00, 0x00, 0x00, 0x00, 
0x00, 0x00, 0x00, 0x00, 
0x00, 0x00, 0x00, 0x00, 
0x00, 0x00, 0x00, 0x00, 
0x00, 0x00, 0x00, 0x00, 
0x00, 0x00, 0x00, 0x00, 
0x00, 0x00, 0x00, 0x00, 
0x00, 0x00, 0x00, 0x00, 
0x00, 0x00, 0x00, 0x00, 
0x00, 0x00, 0x00, 0x00, 
0x00, 0x00, 0x00, 0x00, 
0x00, 0x00, 0x00, 0x00, 
0x00, 0x00, 0x00, 0x00, 
0x00, 0x00, 0x00, 0x00, 
0x00, 0x00, 0x00, 0x00, 
0x00, 0x00, 0x00, 0x00, 
0x00, 0x00, 0x00, 0x00, 
0x00, 0x00, 0x00, 0x00, 
0x00, 0x00, 0x00, 0x00, 
0x00, 0x00, 0x00, 0x00, 
0x00, 0x00, 0x00, 0x00, 
0x00, 0x00, 0x00, 0x00, 
0x00, 0x00, 0x00, 0x00, 
0x00, 0x00, 0x00, 0x00, 
0x00, 0x00, 0x00, 0x00, 
0x00, 0x00, 0x00, 0x00, 
0x00, 0x00, 0x00, 0x00, 
0x00, 0x00, 0x00, 0x00, 
0x00, 0x00, 0x00, 0x00, 
0x00, 0x00, 0x00, 0x00, 
0x00, 0x00, 0x00, 0x00, 
0x00, 0x00, 0x00, 0x00, 
0x00, 0x00, 0x00, 0x00, 
0x00, 0x00, 0x00, 0x00, 
0x00, 0x00, 0x00, 0x00, 
0x00, 0x00, 0x00, 0x00, 
0x00, 0x00, 0x00, 0x00, 
0x00, 0x00, 0x00, 0x00, 
0x00, 0x00, 0x00, 0x00, 
0x00, 0x00, 0x00, 0x00, 
0x00, 0x00, 0x00, 0x00, 
0x00, 0x00, 0x00, 0x00, 
0x00, 0x00, 0x00, 0x00, 
0x00, 0x00, 0x00, 0x00, 
0x00, 0x00, 0x00, 0x00, 
0x00, 0x00, 0x00, 0x00, 
0x00, 0x00, 0x00, 0x00, 
0x00, 0x00, 0x00, 0x00, 
0x00, 0x00, 0x00, 0x00, 
0x00, 0x00, 0x00, 0x00, 
0x00, 0x00, 0x00, 0x00, 
0x00, 0x00, 0x00, 0x00, 
0x00, 0x00, 0x00, 0x00, 
0x00, 0x00, 0x00, 0x00, 
0x00, 0x00, 0x00, 0x00, 
0x00, 0x00, 0x00, 0x00, 
0x00, 0x00, 0x00, 0x00, 
0x00, 0x00, 0x00, 0x00, 
0x00, 0x00, 0x00, 0x00, 
0x00, 0x00, 0x00, 0x00, 
0x00, 0x00, 0x00, 0x00, 
0x00, 0x00, 0x00, 0x00, 
0x00, 0x00, 0x00, 0x00, 
0x00, 0x00, 0x00, 0x00, 
0x00, 0x00, 0x00, 0x00, 
0x00, 0x00, 0x00, 0x00, 
0x00, 0x00, 0x00, 0x00, 
0x00, 0x00, 0x00, 0x00, 
0x00, 0x00, 0x00, 0x00, 
0x00, 0x00, 0x00, 0x00, 
0x00, 0x00, 0x00, 0x00, 
0x00, 0x00, 0x00, 0x00, 
0x00, 0x00, 0x00, 0x00, 
0x00, 0x00, 0x00, 0x00, 
0x00, 0x00, 0x00, 0x00, 
0x00, 0x00, 0x00, 0x00, 
0x00, 0x00, 0x00, 0x00, 
0x00, 0x00, 0x00, 0x00, 
0x00, 0x00, 0x00, 0x00, 
0x00, 0x00, 0x00, 0x00, 
0x00, 0x00, 0x00, 0x00, 
0x00, 0x00, 0x00, 0x00, 
0x00, 0x00, 0x00, 0x00, 
0x00, 0x00, 0x00, 0x00, 
0x00, 0x00, 0x00, 0x00, 
0x00, 0x00, 0x00, 0x00, 
0x00, 0x00, 0x00, 0x00, 
0x00, 0x00, 0x00, 0x00, 
0x00, 0x00, 0x00, 0x00, 
0x00, 0x00, 0x00, 0x00, 
0x00, 0x00, 0x00, 0x00, 
0x00, 0x00, 0x00, 0x00, 
0x00, 0x00, 0x00, 0x00, 
0x00, 0x00, 0x00, 0x00, 
0x00, 0x00, 0x00, 0x00, 
0x00, 0x00, 0x00, 0x00, 
0x00, 0x00, 0x00, 0x00, 
0x00, 0x00, 0x00, 0x00, 
0x00, 0x00, 0x00, 0x00, 
0x00, 0x00, 0x00, 0x00, 
0x00, 0x00, 0x00, 0x00, 
0x00, 0x00, 0x00, 0x00, 
0x00, 0x00, 0x00, 0x00, 
0x00, 0x00, 0x00, 0x00, 
0x00, 0x00, 0x00, 0x00, 
0x00, 0x00, 0x00, 0x00, 
0x00, 0x00, 0x00, 0x00, 
0x00, 0x00, 0x00, 0x00, 
0x00, 0x00, 0x00, 0x00, 
0x00, 0x00, 0x00, 0x00, 
0x00, 0x00, 0x00, 0x00, 
0x00, 0x00, 0x00, 0x00, 
0x00, 0x00, 0x00, 0x00, 
0x00, 0x00, 0x00, 0x00, 
0x00, 0x00, 0x00, 0x00, 
0x00, 0x00, 0x00, 0x00, 
0x00, 0x00, 0x00, 0x00, 
0x00, 0x00, 0x00, 0x00, 
0x00, 0x00, 0x00, 0x00, 
0x00, 0x00, 0x00, 0x00, 
0x00, 0x00, 0x00, 0x00, 
0x00, 0x00, 0x00, 0x00, 
0x00, 0x00, 0x00, 0x00, 
0x00, 0x00, 0x00, 0x00, 
0x00, 0x00, 0x00, 0x00, 
0x00, 0x00, 0x00, 0x00, 
0x00, 0x00, 0x00, 0x00, 
0x00, 0x00, 0x00, 0x00, 
0x00, 0x00, 0x00, 0x00, 
0x00, 0x00, 0x00, 0x00, 
0x00, 0x00, 0x00, 0x00, 
0x00, 0x00, 0x00, 0x00, 
0x00, 0x00, 0x00, 0x00, 
0x00, 0x00, 0x00, 0x00, 
0x00, 0x00, 0x00, 0x00, 
0x00, 0x00, 0x00, 0x00, 
0x00, 0x00, 0x00, 0x00, 
0x00, 0x00, 0x00, 0x00, 
0x00, 0x00, 0x00, 0x00, 
0x00, 0x00, 0x00, 0x00, 
0x00, 0x00, 0x00, 0x00, 
0x00, 0x00, 0x00, 0x00, 
0x00, 0x00, 0x00, 0x00, 
0x00, 0x00, 0x00, 0x00, 
0x00, 0x00, 0x00, 0x00, 
0x00, 0x00, 0x00, 0x00, 
0x00, 0x00, 0x00, 0x00, 
0x00, 0x00, 0x00, 0x00, 
0x00, 0x00, 0x00, 0x00, 
0x00, 0x00, 0x00, 0x00, 
0x00, 0x00, 0x00, 0x00, 
0x00, 0x00, 0x00, 0x00, 
0x00, 0x00, 0x00, 0x00, 
0x00, 0x00, 0x00, 0x00, 
0x00, 0x00, 0x00, 0x00, 
0x00, 0x00, 0x00, 0x00, 
0x00, 0x00, 0x00, 0x00, 
0x00, 0x00, 0x00, 0x00, 
0x00, 0x00, 0x00, 0x00, 
0x00, 0x00, 0x00, 0x00, 
0x00, 0x00, 0x00, 0x00, 
0x00, 0x00, 0x00, 0x00, 
0x00, 0x00, 0x00, 0x00, 
0x00, 0x00, 0x00, 0x00, 
0x00, 0x00, 0x00, 0x00, 
0x00, 0x00, 0x00, 0x00, 
0x00, 0x00, 0x00, 0x00, 
0x00, 0x00, 0x00, 0x00, 
0x00, 0x00, 0x00, 0x00, 
0x00, 0x00, 0x00, 0x00, 
0x00, 0x00, 0x00, 0x00, 
0x00, 0x00, 0x00, 0x00, 
0x00, 0x00, 0x00, 0x00, 
0x00, 0x00, 0x00, 0x00, 
0x00, 0x00, 0x00, 0x00, 
0x00, 0x00, 0x00, 0x00, 
0x00, 0x00, 0x00, 0x00, 
0x00, 0x00, 0x00, 0x00, 
0x00, 0x00, 0x00, 0x00, 
0x00, 0x00, 0x00, 0x00, 
0x00, 0x00, 0x00, 0x00, 
0x00, 0x00, 0x00, 0x00, 
0x00, 0x00, 0x00, 0x00, 
0x00, 0x00, 0x00, 0x00, 
0x00, 0x00, 0x00, 0x00, 
0x00, 0x00, 0x00, 0x00, 
0x00, 0x00, 0x00, 0x00, 
0x00, 0x00, 0x00, 0x00, 
0x00, 0x00, 0x00, 0x00, 
0x00, 0x00, 0x00, 0x00, 
0x00, 0x00, 0x00, 0x00, 
0x00, 0x00, 0x00, 0x00, 
0x00, 0x00, 0x00, 0x00, 
0x00, 0x00, 0x00, 0x00, 
0x00, 0x00, 0x00, 0x00, 
0x00, 0x00, 0x00, 0x00, 
0x00, 0x00, 0x00, 0x00, 
0x00, 0x00, 0x00, 0x00, 
0x00, 0x00, 0x00, 0x00, 
0x00, 0x00, 0x00, 0x00, 
0x00, 0x00, 0x00, 0x00, 
0x00, 0x00, 0x00, 0x00, 
0x00, 0x00, 0x00, 0x00, 
0x00, 0x00, 0x00, 0x00, 
0x00, 0x00, 0x00, 0x00, 
0x00, 0x00, 0x00, 0x00, 
0x00, 0x00, 0x00, 0x00, 
0x00, 0x00, 0x00, 0x00, 
0x00, 0x00, 0x00, 0x00, 
0x00, 0x00, 0x00, 0x00, 
0x00, 0x00, 0x00, 0x00, 
0x00, 0x00, 0x00, 0x00, 
0x00, 0x00, 0x00, 0x00, 
0x00, 0x00, 0x00, 0x00, 
0x00, 0x00, 0x00, 0x00, 
0x00, 0x00, 0x00, 0x00, 
0x00, 0x00, 0x00, 0x00, 
0x00, 0x00, 0x00, 0x00, 
0x00, 0x00, 0x00, 0x00, 
0x00, 0x00, 0x00, 0x00, 
0x00, 0x00, 0x00, 0x00, 
0x00, 0x00, 0x00, 0x00, 
0x00, 0x00, 0x00, 0x00, 
0x00, 0x00, 0x00, 0x00, 
0x00, 0x00, 0x00, 0x00, 
0x00, 0x00, 0x00, 0x00, 
0x00, 0x00, 0x00, 0x00, 
0x00, 0x00, 0x00, 0x00, 
0x00, 0x00, 0x00, 0x00, 
0x00, 0x00, 0x00, 0x00, 
0x00, 0x00, 0x00, 0x00, 
0x00, 0x00, 0x00, 0x00, 
0x00, 0x00, 0x00, 0x00, 
0x00, 0x00, 0x00, 0x00, 
0x00, 0x00, 0x00, 0x00, 
0x00, 0x00, 0x00, 0x00, 
0x00, 0x00, 0x00, 0x00, 
0x00, 0x00, 0x00, 0x00, 
0x00, 0x00, 0x00, 0x00, 
0x00, 0x00, 0x00, 0x00, 
0x00, 0x00, 0x00, 0x00, 
0x00, 0x00, 0x00, 0x00, 
0x00, 0x00, 0x00, 0x00, 
0x00, 0x00, 0x00, 0x00, 
0x00, 0x00, 0x00, 0x00, 
0x00, 0x00, 0x00, 0x00, 
0x00, 0x00, 0x00, 0x00, 
0x00, 0x00, 0x00, 0x00, 
0x00, 0x00, 0x00, 0x00, 
0x00, 0x00, 0x00, 0x00, 
0x00, 0x00, 0x00, 0x00, 
0x00, 0x00, 0x00, 0x00, 
0x00, 0x00, 0x00, 0x00, 
0x00, 0x00, 0x00, 0x00, 
0x00, 0x00, 0x00, 0x00, 
0x00, 0x00, 0x00, 0x00, 
0x00, 0x00, 0x00, 0x00, 
0x00, 0x00, 0x00, 0x00, 
0x00, 0x00, 0x00, 0x00, 
0x00, 0x00, 0x00, 0x00, 
0x00, 0x00, 0x00, 0x00, 
0x00, 0x00, 0x00, 0x00, 
0x00, 0x00, 0x00, 0x00, 
0x00, 0x00, 0x00, 0x00, 
0x00, 0x00, 0x00, 0x00, 
0x00, 0x00, 0x00, 0x00, 
0x00, 0x00, 0x00, 0x00, 
0x00, 0x00, 0x00, 0x00, 
0x00, 0x00, 0x00, 0x00, 
0x00, 0x00, 0x00, 0x00, 
0x00, 0x00, 0x00, 0x00, 
0x00, 0x00, 0x00, 0x00, 
0x00, 0x00, 0x00, 0x00, 
0x00, 0x00, 0x00, 0x00, 
0x00, 0x00, 0x00, 0x00, 
0x00, 0x00, 0x00, 0x00, 
0x00, 0x00, 0x00, 0x00, 
0x00, 0x00, 0x00, 0x00, 
0x00, 0x00, 0x00, 0x00, 
0x00, 0x00, 0x00, 0x00, 
0x00, 0x00, 0x00, 0x00, 
0x00, 0x00, 0x00, 0x00, 
0x00, 0x00, 0x00, 0x00, 
0x00, 0x00, 0x00, 0x00, 
0x00, 0x00, 0x00, 0x00, 
0x00, 0x00, 0x00, 0x00, 
0x00, 0x00, 0x00, 0x00, 
0x00, 0x00, 0x00, 0x00, 
0x00, 0x00, 0x00, 0x00, 
0x00, 0x00, 0x00, 0x00, 
0x00, 0x00, 0x00, 0x00, 
0x00, 0x00, 0x00, 0x00, 
0x00, 0x00, 0x00, 0x00, 
0x00, 0x00, 0x00, 0x00, 
0x00, 0x00, 0x00, 0x00, 
0x00, 0x00, 0x00, 0x00, 
0x00, 0x00, 0x00, 0x00, 
0x00, 0x00, 0x00, 0x00, 
0x00, 0x00, 0x00, 0x00, 
0x00, 0x00, 0x00, 0x00, 
0x00, 0x00, 0x00, 0x00, 
0x00, 0x00, 0x00, 0x00, 
0x00, 0x00, 0x00, 0x00, 
0x00, 0x00, 0x00, 0x00, 
0x00, 0x00, 0x00, 0x00, 
0x00, 0x00, 0x00, 0x00, 
0x00, 0x00, 0x00, 0x00, 
0x00, 0x00, 0x00, 0x00, 
0x00, 0x00, 0x00, 0x00, 
0x00, 0x00, 0x00, 0x00, 
0x00, 0x00, 0x00, 0x00, 
0x00, 0x00, 0x00, 0x00, 
0x00, 0x00, 0x00, 0x00, 
0x00, 0x00, 0x00, 0x00, 
0x00, 0x00, 0x00, 0x00, 
0x00, 0x00, 0x00, 0x00, 
0x00, 0x00, 0x00, 0x00, 
0x00, 0x00, 0x00, 0x00, 
0x00, 0x00, 0x00, 0x00, 
0x00, 0x00, 0x00, 0x00, 
0x00, 0x00, 0x00, 0x00, 
0x00, 0x00, 0x00, 0x00, 
0x00, 0x00, 0x00, 0x00, 
0x00, 0x00, 0x00, 0x00, 
0x00, 0x00, 0x00, 0x00, 
0x00, 0x00, 0x00, 0x00, 
0x00, 0x00, 0x00, 0x00, 
0x00, 0x00, 0x00, 0x00, 
0x00, 0x00, 0x00, 0x00, 
0x00, 0x00, 0x00, 0x00, 
0x00, 0x00, 0x00, 0x00, 
0x00, 0x00, 0x00, 0x00, 
0x00, 0x00, 0x00, 0x00, 
0x00, 0x00, 0x00, 0x00, 
0x00, 0x00, 0x00, 0x00, 
0x00, 0x00, 0x00, 0x00, 
0x00, 0x00, 0x00, 0x00, 
0x00, 0x00, 0x00, 0x00, 
0x00, 0x00, 0x00, 0x00, 
0x00, 0x00, 0x00, 0x00, 
0x00, 0x00, 0x00, 0x00, 
0x00, 0x00, 0x00, 0x00, 
0x00, 0x00, 0x00, 0x00, 
0x00, 0x00, 0x00, 0x00, 
0x00, 0x00, 0x00, 0x00, 
0x00, 0x00, 0x00, 0x00, 
0x00, 0x00, 0x00, 0x00, 
0x00, 0x00, 0x00, 0x00, 
0x00, 0x00, 0x00, 0x00, 
0x00, 0x00, 0x00, 0x00, 
0x00, 0x00, 0x00, 0x00, 
0x00, 0x00, 0x00, 0x00, 
0x00, 0x00, 0x00, 0x00, 
0x00, 0x00, 0x00, 0x00, 
0x00, 0x00, 0x00, 0x00, 
0x00, 0x00, 0x00, 0x00, 
0x00, 0x00, 0x00, 0x00, 
0x00, 0x00, 0x00, 0x00, 
0x00, 0x00, 0x00, 0x00, 
0x00, 0x00, 0x00, 0x00, 
0x00, 0x00, 0x00, 0x00, 
0x00, 0x00, 0x00, 0x00, 
0x00, 0x00, 0x00, 0x00, 
0x00, 0x00, 0x00, 0x00, 
0x00, 0x00, 0x00, 0x00, 
0x00, 0x00, 0x00, 0x00, 
0x00, 0x00, 0x00, 0x00, 
0x00, 0x00, 0x00, 0x00, 
0x00, 0x00, 0x00, 0x00, 
0x00, 0x00, 0x00, 0x00, 
0x00, 0x00, 0x00, 0x00, 
0x00, 0x00, 0x00, 0x00, 
0x00, 0x00, 0x00, 0x00, 
0x00, 0x00, 0x00, 0x00, 
0x00, 0x00, 0x00, 0x00, 
0x00, 0x00, 0x00, 0x00, 
0x00, 0x00, 0x00, 0x00, 
0x00, 0x00, 0x00, 0x00, 
0x00, 0x00, 0x00, 0x00, 
0x00, 0x00, 0x00, 0x00, 
0x00, 0x00, 0x00, 0x00, 
0x00, 0x00, 0x00, 0x00, 
0x00, 0x00, 0x00, 0x00, 
0x00, 0x00, 0x00, 0x00, 
0x00, 0x00, 0x00, 0x00, 
0x00, 0x00, 0x00, 0x00, 
0x00, 0x00, 0x00, 0x00, 
0x00, 0x00, 0x00, 0x00, 
0x00, 0x00, 0x00, 0x00, 
0x00, 0x00, 0x00, 0x00, 
0x00, 0x00, 0x00, 0x00, 
0x00, 0x00, 0x00, 0x00, 
0x00, 0x00, 0x00, 0x00, 
0x00, 0x00, 0x00, 0x00, 
0x00, 0x00, 0x00, 0x00, 
0x00, 0x00, 0x00, 0x00, 
0x00, 0x00, 0x00, 0x00, 
0x00, 0x00, 0x00, 0x00, 
0x00, 0x00, 0x00, 0x00, 
0x00, 0x00, 0x00, 0x00, 
0x00, 0x00, 0x00, 0x00, 
0x00, 0x00, 0x00, 0x00, 
0x00, 0x00, 0x00, 0x00, 
0x00, 0x00, 0x00, 0x00, 
0x00, 0x00, 0x00, 0x00, 
0x00, 0x00, 0x00, 0x00, 
0x00, 0x00, 0x00, 0x00, 
0x00, 0x00, 0x00, 0x00, 
0x00, 0x00, 0x00, 0x00, 
0x00, 0x00, 0x00, 0x00, 
0x00, 0x00, 0x00, 0x00, 
0x00, 0x00, 0x00, 0x00, 
0x00, 0x00, 0x00, 0x00, 
0x00, 0x00, 0x00, 0x00, 
0x00, 0x00, 0x00, 0x00, 
0x00, 0x00, 0x00, 0x00, 
0x00, 0x00, 0x00, 0x00, 
0x00, 0x00, 0x00, 0x00, 
0x00, 0x00, 0x00, 0x00, 
0x00, 0x00, 0x00, 0x00, 
0x00, 0x00, 0x00, 0x00, 
0x00, 0x00, 0x00, 0x00, 
0x00, 0x00, 0x00, 0x00, 
0x00, 0x00, 0x00, 0x00, 
0x00, 0x00, 0x00, 0x00, 
0x00, 0x00, 0x00, 0x00, 
0x00, 0x00, 0x00, 0x00, 
0x00, 0x00, 0x00, 0x00, 
0x00, 0x00, 0x00, 0x00, 
0x00, 0x00, 0x00, 0x00, 
0x00, 0x00, 0x00, 0x00, 
0x00, 0x00, 0x00, 0x00, 
0x00, 0x00, 0x00, 0x00, 
0x00, 0x00, 0x00, 0x00, 
0x00, 0x00, 0x00, 0x00, 
0x00, 0x00, 0x00, 0x00, 
0x00, 0x00, 0x00, 0x00, 
0x00, 0x00, 0x00, 0x00, 
0x00, 0x00, 0x00, 0x00, 
0x00, 0x00, 0x00, 0x00, 
0x00, 0x00, 0x00, 0x00, 
0x00, 0x00, 0x00, 0x00, 
0x00, 0x00, 0x00, 0x00, 
0x00, 0x00, 0x00, 0x00, 
0x00, 0x00, 0x00, 0x00, 
0x00, 0x00, 0x00, 0x00, 
0x00, 0x00, 0x00, 0x00, 
0x00, 0x00, 0x00, 0x00, 
0x00, 0x00, 0x00, 0x00, 
0x00, 0x00, 0x00, 0x00, 
0x00, 0x00, 0x00, 0x00, 
0x00, 0x00, 0x00, 0x00, 
0x00, 0x00, 0x00, 0x00, 
0x00, 0x00, 0x00, 0x00, 
0x00, 0x00, 0x00, 0x00, 
0x00, 0x00, 0x00, 0x00, 
0x00, 0x00, 0x00, 0x00, 
0x00, 0x00, 0x00, 0x00, 
0x00, 0x00, 0x00, 0x00, 
0x00, 0x00, 0x00, 0x00, 
0x00, 0x00, 0x00, 0x00, 
0x00, 0x00, 0x00, 0x00, 
0x00, 0x00, 0x00, 0x00, 
0x00, 0x00, 0x00, 0x00, 
0x00, 0x00, 0x00, 0x00, 
0x00, 0x00, 0x00, 0x00, 
0x00, 0x00, 0x00, 0x00, 
0x00, 0x00, 0x00, 0x00, 
0x00, 0x00, 0x00, 0x00, 
0x00, 0x00, 0x00, 0x00, 
0x00, 0x00, 0x00, 0x00, 
0x00, 0x00, 0x00, 0x00, 
0x00, 0x00, 0x00, 0x00, 
0x00, 0x00, 0x00, 0x00, 
0x00, 0x00, 0x00, 0x00, 
0x00, 0x00, 0x00, 0x00, 
0x00, 0x00, 0x00, 0x00, 
0x00, 0x00, 0x00, 0x00, 
0x00, 0x00, 0x00, 0x00, 
0x00, 0x00, 0x00, 0x00, 
0x00, 0x00, 0x00, 0x00, 
0x00, 0x00, 0x00, 0x00, 
0x00, 0x00, 0x00, 0x00, 
0x00, 0x00, 0x00, 0x00, 
0x00, 0x00, 0x00, 0x00, 
0x00, 0x00, 0x00, 0x00, 
0x00, 0x00, 0x00, 0x00, 
0x00, 0x00, 0x00, 0x00, 
0x00, 0x00, 0x00, 0x00, 
0x00, 0x00, 0x00, 0x00, 
0x00, 0x00, 0x00, 0x00, 
0x00, 0x00, 0x00, 0x00, 
0x00, 0x00, 0x00, 0x00, 
0x00, 0x00, 0x00, 0x00, 
0x00, 0x00, 0x00, 0x00, 
0x00, 0x00, 0x00, 0x00, 
0x00, 0x00, 0x00, 0x00, 
0x00, 0x00, 0x00, 0x00, 
0x00, 0x00, 0x00, 0x00, 
0x00, 0x00, 0x00, 0x00, 
0x00, 0x00, 0x00, 0x00, 
0x00, 0x00, 0x00, 0x00, 
0x00, 0x00, 0x00, 0x00, 
0x00, 0x00, 0x00, 0x00, 
0x00, 0x00, 0x00, 0x00, 
0x00, 0x00, 0x00, 0x00, 
0x00, 0x00, 0x00, 0x00, 
0x00, 0x00, 0x00, 0x00, 
0x00, 0x00, 0x00, 0x00, 
0x00, 0x00, 0x00, 0x00, 
0x00, 0x00, 0x00, 0x00, 
0x00, 0x00, 0x00, 0x00, 
0x00, 0x00, 0x00, 0x00, 
0x00, 0x00, 0x00, 0x00, 
0x00, 0x00, 0x00, 0x00, 
0x00, 0x00, 0x00, 0x00, 
0x00, 0x00, 0x00, 0x00, 
0x00, 0x00, 0x00, 0x00, 
0x00, 0x00, 0x00, 0x00, 
0x00, 0x00, 0x00, 0x00, 
0x00, 0x00, 0x00, 0x00, 
0x00, 0x00, 0x00, 0x00, 
0x00, 0x00, 0x00, 0x00, 
0x00, 0x00, 0x00, 0x00, 
0x00, 0x00, 0x00, 0x00, 
0x00, 0x00, 0x00, 0x00, 
0x00, 0x00, 0x00, 0x00, 
0x00, 0x00, 0x00, 0x00, 
0x00, 0x00, 0x00, 0x00, 
0x00, 0x00, 0x00, 0x00, 
0x00, 0x00, 0x00, 0x00, 
0x00, 0x00, 0x00, 0x00, 
0x00, 0x00, 0x00, 0x00, 
0x00, 0x00, 0x00, 0x00, 
0x00, 0x00, 0x00, 0x00, 
0x00, 0x00, 0x00, 0x00, 
0x00, 0x00, 0x00, 0x00, 
0x00, 0x00, 0x00, 0x00, 
0x00, 0x00, 0x00, 0x00, 
0x00, 0x00, 0x00, 0x00, 
0x00, 0x00, 0x00, 0x00, 
0x00, 0x00, 0x00, 0x00, 
0x00, 0x00, 0x00, 0x00, 
0x00, 0x00, 0x00, 0x00, 
0x00, 0x00, 0x00, 0x00, 
0x00, 0x00, 0x00, 0x00, 
0x00, 0x00, 0x00, 0x00, 
0x00, 0x00, 0x00, 0x00, 
0x00, 0x00, 0x00, 0x00, 
0x00, 0x00, 0x00, 0x00, 
0x00, 0x00, 0x00, 0x00, 
0x00, 0x00, 0x00, 0x00, 
0x00, 0x00, 0x00, 0x00, 
0x00, 0x00, 0x00, 0x00, 
0x00, 0x00, 0x00, 0x00, 
0x00, 0x00, 0x00, 0x00, 
0x00, 0x00, 0x00, 0x00, 
0x00, 0x00, 0x00, 0x00, 
0x00, 0x00, 0x00, 0x00, 
0x00, 0x00, 0x00, 0x00, 
0x00, 0x00, 0x00, 0x00, 
0x00, 0x00, 0x00, 0x00, 
0x00, 0x00, 0x00, 0x00, 
0x00, 0x00, 0x00, 0x00, 
0x00, 0x00, 0x00, 0x00, 
0x00, 0x00, 0x00, 0x00, 
0x00, 0x00, 0x00, 0x00, 
0x00, 0x00, 0x00, 0x00, 
0x00, 0x00, 0x00, 0x00, 
0x00, 0x00, 0x00, 0x00, 
0x00, 0x00, 0x00, 0x00, 
0x00, 0x00, 0x00, 0x00, 
0x00, 0x00, 0x00, 0x00, 
0x00, 0x00, 0x00, 0x00, 
0x00, 0x00, 0x00, 0x00, 
0x00, 0x00, 0x00, 0x00, 
0x00, 0x00, 0x00, 0x00, 
0x00, 0x00, 0x00, 0x00, 
0x00, 0x00, 0x00, 0x00, 
0x00, 0x00, 0x00, 0x00, 
0x00, 0x00, 0x00, 0x00, 
0x00, 0x00, 0x00, 0x00, 
0x00, 0x00, 0x00, 0x00, 
0x00, 0x00, 0x00, 0x00, 
0x00, 0x00, 0x00, 0x00, 
0x00, 0x00, 0x00, 0x00, 
0x00, 0x00, 0x00, 0x00, 
0x00, 0x00, 0x00, 0x00, 
0x00, 0x00, 0x00, 0x00, 
0x00, 0x00, 0x00, 0x00, 
0x00, 0x00, 0x00, 0x00, 
0x00, 0x00, 0x00, 0x00, 
0x00, 0x00, 0x00, 0x00, 
0x00, 0x00, 0x00, 0x00, 
0x00, 0x00, 0x00, 0x00, 
0x00, 0x00, 0x00, 0x00, 
0x00, 0x00, 0x00, 0x00, 
0x00, 0x00, 0x00, 0x00, 
0x00, 0x00, 0x00, 0x00, 
0x00, 0x00, 0x00, 0x00, 
0x00, 0x00, 0x00, 0x00, 
0x00, 0x00, 0x00, 0x00, 
0x00, 0x00, 0x00, 0x00, 
0x00, 0x00, 0x00, 0x00, 
0x00, 0x00, 0x00, 0x00, 
0x00, 0x00, 0x00, 0x00, 
0x00, 0x00, 0x00, 0x00, 
0x00, 0x00, 0x00, 0x00, 
0x00, 0x00, 0x00, 0x00, 
0x00, 0x00, 0x00, 0x00, 
0x00, 0x00, 0x00, 0x00, 
0x00, 0x00, 0x00, 0x00, 
0x00, 0x00, 0x00, 0x00, 
0x00, 0x00, 0x00, 0x00, 
0x00, 0x00, 0x00, 0x00, 
0x00, 0x00, 0x00, 0x00, 
0x00, 0x00, 0x00, 0x00, 
0x00, 0x00, 0x00, 0x00, 
0x00, 0x00, 0x00, 0x00, 
0x00, 0x00, 0x00, 0x00, 
0x00, 0x00, 0x00, 0x00, 
0x00, 0x00, 0x00, 0x00, 
0x00, 0x00, 0x00, 0x00, 
0x00, 0x00, 0x00, 0x00, 
0x00, 0x00, 0x00, 0x00, 
0x00, 0x00, 0x00, 0x00, 
0x00, 0x00, 0x00, 0x00, 
0x00, 0x00, 0x00, 0x00, 
0x00, 0x00, 0x00, 0x00, 
0x00, 0x00, 0x00, 0x00, 
0x00, 0x00, 0x00, 0x00, 
0x00, 0x00, 0x00, 0x00, 
0x00, 0x00, 0x00, 0x00, 
0x00, 0x00, 0x00, 0x00, 
0x00, 0x00, 0x00, 0x00, 
0x00, 0x00, 0x00, 0x00, 
0x00, 0x00, 0x00, 0x00, 
0x00, 0x00, 0x00, 0x00, 
0x00, 0x00, 0x00, 0x00, 
0x00, 0x00, 0x00, 0x00, 
0x00, 0x00, 0x00, 0x00, 
0x00, 0x00, 0x00, 0x00, 
0x00, 0x00, 0x00, 0x00, 
0x00, 0x00, 0x00, 0x00, 
0x00, 0x00, 0x00, 0x00, 
0x00, 0x00, 0x00, 0x00, 
0x00, 0x00, 0x00, 0x00, 
0x00, 0x00, 0x00, 0x00, 
0x00, 0x00, 0x00, 0x00, 
0x00, 0x00, 0x00, 0x00, 
0x00, 0x00, 0x00, 0x00, 
0x00, 0x00, 0x00, 0x00, 
0x00, 0x00, 0x00, 0x00, 
0x00, 0x00, 0x00, 0x00, 
0x00, 0x00, 0x00, 0x00, 
0x00, 0x00, 0x00, 0x00, 
0x00, 0x00, 0x00, 0x00, 
0x00, 0x00, 0x00, 0x00, 
0x00, 0x00, 0x00, 0x00, 
0x00, 0x00, 0x00, 0x00, 
0x00, 0x00, 0x00, 0x00, 
0x00, 0x00, 0x00, 0x00, 
0x00, 0x00, 0x00, 0x00, 
0x00, 0x00, 0x00, 0x00, 
0x00, 0x00, 0x00, 0x00, 
0x00, 0x00, 0x00, 0x00, 
0x00, 0x00, 0x00, 0x00, 
0x00, 0x00, 0x00, 0x00, 
0x00, 0x00, 0x00, 0x00, 
0x00, 0x00, 0x00, 0x00, 
0x00, 0x00, 0x00, 0x00, 
0x00, 0x00, 0x00, 0x00, 
0x00, 0x00, 0x00, 0x00, 
0x00, 0x00, 0x00, 0x00, 
0x00, 0x00, 0x00, 0x00, 
0x00, 0x00, 0x00, 0x00, 
0x00, 0x00, 0x00, 0x00, 
0x00, 0x00, 0x00, 0x00, 
0x00, 0x00, 0x00, 0x00, 
0x00, 0x00, 0x00, 0x00, 
0x00, 0x00, 0x00, 0x00, 
0x00, 0x00, 0x00, 0x00, 
0x00, 0x00, 0x00, 0x00, 
0x00, 0x00, 0x00, 0x00, 
0x00, 0x00, 0x00, 0x00, 
0x00, 0x00, 0x00, 0x00, 
0x00, 0x00, 0x00, 0x00, 
0x00, 0x00, 0x00, 0x00, 
0x00, 0x00, 0x00, 0x00, 
0x00, 0x00, 0x00, 0x00, 
0x00, 0x00, 0x00, 0x00, 
0x00, 0x00, 0x00, 0x00, 
0x00, 0x00, 0x00, 0x00, 
0x00, 0x00, 0x00, 0x00, 
0x00, 0x00, 0x00, 0x00, 
0x00, 0x00, 0x00, 0x00, 
0x00, 0x00, 0x00, 0x00, 
0x00, 0x00, 0x00, 0x00, 
0x00, 0x00, 0x00, 0x00, 
0x00, 0x00, 0x00, 0x00, 
0x00, 0x00, 0x00, 0x00, 
0x00, 0x00, 0x00, 0x00, 
0x00, 0x00, 0x00, 0x00, 
0x00, 0x00, 0x00, 0x00, 
0x00, 0x00, 0x00, 0x00, 
0x00, 0x00, 0x00, 0x00, 
0x00, 0x00, 0x00, 0x00, 
0x00, 0x00, 0x00, 0x00, 
0x00, 0x00, 0x00, 0x00, 
0x00, 0x00, 0x00, 0x00, 
0x00, 0x00, 0x00, 0x00, 
0x00, 0x00, 0x00, 0x00, 
0x00, 0x00, 0x00, 0x00, 
0x00, 0x00, 0x00, 0x00, 
0x00, 0x00, 0x00, 0x00, 
0x00, 0x00, 0x00, 0x00, 
0x00, 0x00, 0x00, 0x00, 
0x00, 0x00, 0x00, 0x00, 
0x00, 0x00, 0x00, 0x00, 
0x00, 0x00, 0x00, 0x00, 
0x00, 0x00, 0x00, 0x00, 
0x00, 0x00, 0x00, 0x00, 
0x00, 0x00, 0x00, 0x00, 
0x00, 0x00, 0x00, 0x00, 
0x00, 0x00, 0x00, 0x00, 
0x00, 0x00, 0x00, 0x00, 
0x00, 0x00, 0x00, 0x00, 
0x00, 0x00, 0x00, 0x00, 
0x00, 0x00, 0x00, 0x00, 
0x00, 0x00, 0x00, 0x00, 
0x00, 0x00, 0x00, 0x00, 
0x00, 0x00, 0x00, 0x00, 
0x00, 0x00, 0x00, 0x00, 
0x00, 0x00, 0x00, 0x00, 
0x00, 0x00, 0x00, 0x00, 
0x00, 0x00, 0x00, 0x00, 
0x00, 0x00, 0x00, 0x00, 
0x00, 0x00, 0x00, 0x00, 
0x00, 0x00, 0x00, 0x00, 
0x00, 0x00, 0x00, 0x00, 
0x00, 0x00, 0x00, 0x00, 
0x00, 0x00, 0x00, 0x00, 
0x00, 0x00, 0x00, 0x00, 
0x00, 0x00, 0x00, 0x00, 
0x00, 0x00, 0x00, 0x00, 
0x00, 0x00, 0x00, 0x00, 
0x00, 0x00, 0x00, 0x00, 
0x00, 0x00, 0x00, 0x00, 
0x00, 0x00, 0x00, 0x00, 
0x00, 0x00, 0x00, 0x00, 
0x00, 0x00, 0x00, 0x00, 
0x00, 0x00, 0x00, 0x00, 
0x00, 0x00, 0x00, 0x00, 
0x00, 0x00, 0x00, 0x00, 
0x00, 0x00, 0x00, 0x00, 
0x00, 0x00, 0x00, 0x00, 
0x00, 0x00, 0x00, 0x00, 
0x00, 0x00, 0x00, 0x00, 
0x00, 0x00, 0x00, 0x00, 
0x00, 0x00, 0x00, 0x00, 
0x00, 0x00, 0x00, 0x00, 
0x00, 0x00, 0x00, 0x00, 
0x00, 0x00, 0x00, 0x00, 
0x00, 0x00, 0x00, 0x00, 
0x00, 0x00, 0x00, 0x00, 
0x00, 0x00, 0x00, 0x00, 
0x00, 0x00, 0x00, 0x00, 
0x00, 0x00, 0x00, 0x00, 
0x00, 0x00, 0x00, 0x00, 
0x00, 0x00, 0x00, 0x00, 
0x00, 0x00, 0x00, 0x00, 
0x00, 0x00, 0x00, 0x00, 
0x00, 0x00, 0x00, 0x00, 
0x00, 0x00, 0x00, 0x00, 
0x00, 0x00, 0x00, 0x00, 
0x00, 0x00, 0x00, 0x00, 
0x00, 0x00, 0x00, 0x00, 
0x00, 0x00, 0x00, 0x00, 
0x00, 0x00, 0x00, 0x00, 
0x00, 0x00, 0x00, 0x00, 
0x00, 0x00, 0x00, 0x00, 
0x00, 0x00, 0x00, 0x00, 
0x00, 0x00, 0x00, 0x00, 
0x00, 0x00, 0x00, 0x00, 
0x00, 0x00, 0x00, 0x00, 
0x00, 0x00, 0x00, 0x00, 
0x00, 0x00, 0x00, 0x00, 
0x00, 0x00, 0x00, 0x00, 
0x00, 0x00, 0x00, 0x00, 
0x00, 0x00, 0x00, 0x00, 
0x00, 0x00, 0x00, 0x00, 
0x00, 0x00, 0x00, 0x00, 
0x00, 0x00, 0x00, 0x00, 
0x00, 0x00, 0x00, 0x00, 
0x00, 0x00, 0x00, 0x00, 
0x00, 0x00, 0x00, 0x00, 
0x00, 0x00, 0x00, 0x00, 
0x00, 0x00, 0x00, 0x00, 
0x00, 0x00, 0x00, 0x00, 
0x00, 0x00, 0x00, 0x00, 
0x00, 0x00, 0x00, 0x00, 
0x00, 0x00, 0x00, 0x00, 
0x00, 0x00, 0x00, 0x00, 
0x00, 0x00, 0x00, 0x00, 
0x00, 0x00, 0x00, 0x00, 
0x00, 0x00, 0x00, 0x00, 
0x00, 0x00, 0x00, 0x00, 
0x00, 0x00, 0x00, 0x00, 
0x00, 0x00, 0x00, 0x00, 
0x00, 0x00, 0x00, 0x00, 
0x00, 0x00, 0x00, 0x00, 
0x00, 0x00, 0x00, 0x00, 
0x00, 0x00, 0x00, 0x00, 
0x00, 0x00, 0x00, 0x00, 
0x00, 0x00, 0x00, 0x00, 
0x00, 0x00, 0x00, 0x00, 
0x00, 0x00, 0x00, 0x00, 
0x00, 0x00, 0x00, 0x00, 
0x00, 0x00, 0x00, 0x00, 
0x00, 0x00, 0x00, 0x00, 
0x00, 0x00, 0x00, 0x00, 
0x00, 0x00, 0x00, 0x00, 
0x00, 0x00, 0x00, 0x00, 
0x00, 0x00, 0x00, 0x00, 
0x00, 0x00, 0x00, 0x00, 
0x00, 0x00, 0x00, 0x00, 
0x00, 0x00, 0x00, 0x00, 
0x00, 0x00, 0x00, 0x00, 
0x00, 0x00, 0x00, 0x00, 
0x00, 0x00, 0x00, 0x00, 
0x00, 0x00, 0x00, 0x00, 
0x00, 0x00, 0x00, 0x00, 
0x00, 0x00, 0x00, 0x00, 
0x00, 0x00, 0x00, 0x00, 
0x00, 0x00, 0x00, 0x00, 
0x00, 0x00, 0x00, 0x00, 
0x00, 0x00, 0x00, 0x00, 
0x00, 0x00, 0x00, 0x00, 
0x00, 0x00, 0x00, 0x00, 
0x00, 0x00, 0x00, 0x00, 
0x00, 0x00, 0x00, 0x00, 
0x00, 0x00, 0x00, 0x00, 
0x00, 0x00, 0x00, 0x00, 
0x00, 0x00, 0x00, 0x00, 
0x00, 0x00, 0x00, 0x00, 
0x00, 0x00, 0x00, 0x00, 
0x00, 0x00, 0x00, 0x00, 
0x00, 0x00, 0x00, 0x00, 
0x00, 0x00, 0x00, 0x00, 
0x00, 0x00, 0x00, 0x00, 
0x00, 0x00, 0x00, 0x00, 
0x00, 0x00, 0x00, 0x00, 
0x00, 0x00, 0x00, 0x00, 
0x00, 0x00, 0x00, 0x00, 
0x00, 0x00, 0x00, 0x00, 
0x00, 0x00, 0x00, 0x00, 
0x00, 0x00, 0x00, 0x00, 
0x00, 0x00, 0x00, 0x00, 
0x00, 0x00, 0x00, 0x00, 
0x00, 0x00, 0x00, 0x00, 
0x00, 0x00, 0x00, 0x00, 
0x00, 0x00, 0x00, 0x00, 
0x00, 0x00, 0x00, 0x00, 
0x00, 0x00, 0x00, 0x00, 
0x00, 0x00, 0x00, 0x00, 
0x00, 0x00, 0x00, 0x00, 
0x00, 0x00, 0x00, 0x00, 
0x00, 0x00, 0x00, 0x00, 
0x00, 0x00, 0x00, 0x00, 
0x00, 0x00, 0x00, 0x00, 
0x00, 0x00, 0x00, 0x00, 
0x00, 0x00, 0x00, 0x00, 
0x00, 0x00, 0x00, 0x00, 
0x00, 0x00, 0x00, 0x00, 
0x00, 0x00, 0x00, 0x00, 
0x00, 0x00, 0x00, 0x00, 
0x00, 0x00, 0x00, 0x00, 
0x00, 0x00, 0x00, 0x00, 
0x00, 0x00, 0x00, 0x00, 
0x00, 0x00, 0x00, 0x00, 
0x00, 0x00, 0x00, 0x00, 
0x00, 0x00, 0x00, 0x00, 
0x00, 0x00, 0x00, 0x00, 
0x00, 0x00, 0x00, 0x00, 
0x00, 0x00, 0x00, 0x00, 
0x00, 0x00, 0x00, 0x00, 
0x00, 0x00, 0x00, 0x00, 
0x00, 0x00, 0x00, 0x00, 
0x00, 0x00, 0x00, 0x00, 
0x00, 0x00, 0x00, 0x00, 
0x00, 0x00, 0x00, 0x00, 
0x00, 0x00, 0x00, 0x00, 
0x00, 0x00, 0x00, 0x00, 
0x00, 0x00, 0x00, 0x00, 
0x00, 0x00, 0x00, 0x00, 
0x00, 0x00, 0x00, 0x00, 
0x00, 0x00, 0x00, 0x00, 
0x00, 0x00, 0x00, 0x00, 
0x00, 0x00, 0x00, 0x00, 
0x00, 0x00, 0x00, 0x00, 
0x00, 0x00, 0x00, 0x00, 
0x00, 0x00, 0x00, 0x00, 
0x00, 0x00, 0x00, 0x00, 
0x00, 0x00, 0x00, 0x00, 
0x00, 0x00, 0x00, 0x00, 
0x00, 0x00, 0x00, 0x00, 
0x00, 0x00, 0x00, 0x00, 
0x00, 0x00, 0x00, 0x00, 
0x00, 0x00, 0x00, 0x00, 
0x00, 0x00, 0x00, 0x00, 
0x00, 0x00, 0x00, 0x00, 
0x00, 0x00, 0x00, 0x00, 
0x00, 0x00, 0x00, 0x00, 
0x00, 0x00, 0x00, 0x00, 
0x00, 0x00, 0x00, 0x00, 
0x00, 0x00, 0x00, 0x00, 
0x00, 0x00, 0x00, 0x00, 
0x00, 0x00, 0x00, 0x00, 
0x00, 0x00, 0x00, 0x00, 
0x00, 0x00, 0x00, 0x00, 
0x00, 0x00, 0x00, 0x00, 
0x00, 0x00, 0x00, 0x00, 
0x00, 0x00, 0x00, 0x00, 
0x00, 0x00, 0x00, 0x00, 
0x00, 0x00, 0x00, 0x00, 
0x00, 0x00, 0x00, 0x00, 
0x00, 0x00, 0x00, 0x00, 
0x00, 0x00, 0x00, 0x00, 
0x00, 0x00, 0x00, 0x00, 
0x00, 0x00, 0x00, 0x00, 
0x00, 0x00, 0x00, 0x00, 
0x00, 0x00, 0x00, 0x00, 
0x00, 0x00, 0x00, 0x00, 
0x00, 0x00, 0x00, 0x00, 
0x00, 0x00, 0x00, 0x00, 
0x00, 0x00, 0x00, 0x00, 
0x00, 0x00, 0x00, 0x00, 
0x00, 0x00, 0x00, 0x00, 
0x00, 0x00, 0x00, 0x00, 
0x00, 0x00, 0x00, 0x00, 
0x00, 0x00, 0x00, 0x00, 
0x00, 0x00, 0x00, 0x00, 
0x00, 0x00, 0x00, 0x00, 
0x00, 0x00, 0x00, 0x00, 
0x00, 0x00, 0x00, 0x00, 
0x00, 0x00, 0x00, 0x00, 
0x00, 0x00, 0x00, 0x00, 
0x00, 0x00, 0x00, 0x00, 
0x00, 0x00, 0x00, 0x00, 
0x00, 0x00, 0x00, 0x00, 
0x00, 0x00, 0x00, 0x00, 
0x00, 0x00, 0x00, 0x00, 
0x00, 0x00, 0x00, 0x00, 
0x00, 0x00, 0x00, 0x00, 
0x00, 0x00, 0x00, 0x00, 
0x00, 0x00, 0x00, 0x00, 
0x00, 0x00, 0x00, 0x00, 
0x00, 0x00, 0x00, 0x00, 
0x00, 0x00, 0x00, 0x00, 
0x00, 0x00, 0x00, 0x00, 
0x00, 0x00, 0x00, 0x00, 
0x00, 0x00, 0x00, 0x00, 
0x00, 0x00, 0x00, 0x00, 
0x00, 0x00, 0x00, 0x00, 
0x00, 0x00, 0x00, 0x00, 
0x00, 0x00, 0x00, 0x00, 
0x00, 0x00, 0x00, 0x00, 
0x00, 0x00, 0x00, 0x00, 
0x00, 0x00, 0x00, 0x00, 
0x00, 0x00, 0x00, 0x00, 
0x00, 0x00, 0x00, 0x00, 
0x00, 0x00, 0x00, 0x00, 
0x00, 0x00, 0x00, 0x00, 
0x00, 0x00, 0x00, 0x00, 
0x00, 0x00, 0x00, 0x00, 
0x00, 0x00, 0x00, 0x00, 
0x00, 0x00, 0x00, 0x00, 
0x00, 0x00, 0x00, 0x00, 
0x00, 0x00, 0x00, 0x00, 
0x00, 0x00, 0x00, 0x00, 
0x00, 0x00, 0x00, 0x00, 
0x00, 0x00, 0x00, 0x00, 
0x00, 0x00, 0x00, 0x00, 
0x00, 0x00, 0x00, 0x00, 
0x00, 0x00, 0x00, 0x00, 
0x00, 0x00, 0x00, 0x00, 
0x00, 0x00, 0x00, 0x00, 
0x00, 0x00, 0x00, 0x00, 
0x00, 0x00, 0x00, 0x00, 
0x00, 0x00, 0x00, 0x00, 
0x00, 0x00, 0x00, 0x00, 
0x00, 0x00, 0x00, 0x00, 
0x00, 0x00, 0x00, 0x00, 
0x00, 0x00, 0x00, 0x00, 
0x00, 0x00, 0x00, 0x00, 
0x00, 0x00, 0x00, 0x00, 
0x00, 0x00, 0x00, 0x00, 
0x00, 0x00, 0x00, 0x00, 
0x00, 0x00, 0x00, 0x00, 
0x00, 0x00, 0x00, 0x00, 
0x00, 0x00, 0x00, 0x00, 
0x00, 0x00, 0x00, 0x00, 
0x00, 0x00, 0x00, 0x00, 
0x00, 0x00, 0x00, 0x00, 
0x00, 0x00, 0x00, 0x00, 
0x00, 0x00, 0x00, 0x00, 
0x00, 0x00, 0x00, 0x00, 
0x00, 0x00, 0x00, 0x00, 
0x00, 0x00, 0x00, 0x00, 
0x00, 0x00, 0x00, 0x00, 
0x00, 0x00, 0x00, 0x00, 
0x00, 0x00, 0x00, 0x00, 
0x00, 0x00, 0x00, 0x00, 
0x00, 0x00, 0x00, 0x00, 
0x00, 0x00, 0x00, 0x00, 
0x00, 0x00, 0x00, 0x00, 
0x00, 0x00, 0x00, 0x00, 
0x00, 0x00, 0x00, 0x00, 
0x00, 0x00, 0x00, 0x00, 
0x00, 0x00, 0x00, 0x00, 
0x00, 0x00, 0x00, 0x00, 
0x00, 0x00, 0x00, 0x00, 
0x00, 0x00, 0x00, 0x00, 
0x00, 0x00, 0x00, 0x00, 
0x00, 0x00, 0x00, 0x00, 
0x00, 0x00, 0x00, 0x00, 
0x00, 0x00, 0x00, 0x00, 
0x00, 0x00, 0x00, 0x00, 
0x00, 0x00, 0x00, 0x00, 
0x00, 0x00, 0x00, 0x00, 
0x00, 0x00, 0x00, 0x00, 
0x00, 0x00, 0x00, 0x00, 
0x00, 0x00, 0x00, 0x00, 
0x00, 0x00, 0x00, 0x00, 
0x00, 0x00, 0x00, 0x00, 
0x00, 0x00, 0x00, 0x00, 
0x00, 0x00, 0x00, 0x00, 
0x00, 0x00, 0x00, 0x00, 
0x00, 0x00, 0x00, 0x00, 
0x00, 0x00, 0x00, 0x00, 
0x00, 0x00, 0x00, 0x00, 
0x00, 0x00, 0x00, 0x00, 
0x00, 0x00, 0x00, 0x00, 
0x00, 0x00, 0x00, 0x00, 
0x00, 0x00, 0x00, 0x00, 
0x00, 0x00, 0x00, 0x00, 
0x00, 0x00, 0x00, 0x00, 
0x00, 0x00, 0x00, 0x00, 
0x00, 0x00, 0x00, 0x00, 
0x00, 0x00, 0x00, 0x00, 
0x00, 0x00, 0x00, 0x00, 
0x00, 0x00, 0x00, 0x00, 
0x00, 0x00, 0x00, 0x00, 
0x00, 0x00, 0x00, 0x00, 
0x00, 0x00, 0x00, 0x00, 
0x00, 0x00, 0x00, 0x00, 
0x00, 0x00, 0x00, 0x00, 
0x00, 0x00, 0x00, 0x00, 
0x00, 0x00, 0x00, 0x00, 
0x00, 0x00, 0x00, 0x00, 
0x00, 0x00, 0x00, 0x00, 
0x00, 0x00, 0x00, 0x00, 
0x00, 0x00, 0x00, 0x00, 
0x00, 0x00, 0x00, 0x00, 
0x00, 0x00, 0x00, 0x00, 
0x00, 0x00, 0x00, 0x00, 
0x00, 0x00, 0x00, 0x00, 
0x00, 0x00, 0x00, 0x00, 
0x00, 0x00, 0x00, 0x00, 
0x00, 0x00, 0x00, 0x00, 
0x00, 0x00, 0x00, 0x00, 
0x00, 0x00, 0x00, 0x00, 
0x00, 0x00, 0x00, 0x00, 
0x00, 0x00, 0x00, 0x00, 
0x00, 0x00, 0x00, 0x00, 
0x00, 0x00, 0x00, 0x00, 
0x00, 0x00, 0x00, 0x00, 
0x00, 0x00, 0x00, 0x00, 
0x00, 0x00, 0x00, 0x00, 
0x00, 0x00, 0x00, 0x00, 
0x00, 0x00, 0x00, 0x00, 
0x00, 0x00, 0x00, 0x00, 
0x00, 0x00, 0x00, 0x00, 
0x00, 0x00, 0x00, 0x00, 
0x00, 0x00, 0x00, 0x00, 
0x00, 0x00, 0x00, 0x00, 
0x00, 0x00, 0x00, 0x00, 
0x00, 0x00, 0x00, 0x00, 
0x00, 0x00, 0x00, 0x00, 
0x00, 0x00, 0x00, 0x00, 
0x00, 0x00, 0x00, 0x00, 
0x00, 0x00, 0x00, 0x00, 
0x00, 0x00, 0x00, 0x00, 
0x00, 0x00, 0x00, 0x00, 
0x00, 0x00, 0x00, 0x00, 
0x00, 0x00, 0x00, 0x00, 
0x00, 0x00, 0x00, 0x00, 
0x00, 0x00, 0x00, 0x00, 
0x00, 0x00, 0x00, 0x00, 
0x00, 0x00, 0x00, 0x00, 
0x00, 0x00, 0x00, 0x00, 
0x00, 0x00, 0x00, 0x00, 
0x00, 0x00, 0x00, 0x00, 
0x00, 0x00, 0x00, 0x00, 
0x00, 0x00, 0x00, 0x00, 
0x00, 0x00, 0x00, 0x00, 
0x00, 0x00, 0x00, 0x00, 
0x00, 0x00, 0x00, 0x00, 
0x00, 0x00, 0x00, 0x00, 
0x00, 0x00, 0x00, 0x00, 
0x00, 0x00, 0x00, 0x00, 
0x00, 0x00, 0x00, 0x00, 
0x00, 0x00, 0x00, 0x00, 
0x00, 0x00, 0x00, 0x00, 
0x00, 0x00, 0x00, 0x00, 
0x00, 0x00, 0x00, 0x00, 
0x00, 0x00, 0x00, 0x00, 
0x00, 0x00, 0x00, 0x00, 
0x00, 0x00, 0x00, 0x00, 
0x00, 0x00, 0x00, 0x00, 
0x00, 0x00, 0x00, 0x00, 
0x00, 0x00, 0x00, 0x00, 
0x00, 0x00, 0x00, 0x00, 
0x00, 0x00, 0x00, 0x00, 
0x00, 0x00, 0x00, 0x00, 
0x00, 0x00, 0x00, 0x00, 
0x00, 0x00, 0x00, 0x00, 
0x00, 0x00, 0x00, 0x00, 
0x00, 0x00, 0x00, 0x00, 
0x00, 0x00, 0x00, 0x00, 
0x00, 0x00, 0x00, 0x00, 
0x00, 0x00, 0x00, 0x00, 
0x00, 0x00, 0x00, 0x00, 
0x00, 0x00, 0x00, 0x00, 
0x00, 0x00, 0x00, 0x00, 
0x00, 0x00, 0x00, 0x00, 
0x00, 0x00, 0x00, 0x00, 
0x00, 0x00, 0x00, 0x00, 
0x00, 0x00, 0x00, 0x00, 
0x00, 0x00, 0x00, 0x00, 
0x00, 0x00, 0x00, 0x00, 
0x00, 0x00, 0x00, 0x00, 
0x00, 0x00, 0x00, 0x00, 
0x00, 0x00, 0x00, 0x00, 
0x00, 0x00, 0x00, 0x00, 
0x00, 0x00, 0x00, 0x00, 
0x00, 0x00, 0x00, 0x00, 
0x00, 0x00, 0x00, 0x00, 
0x00, 0x00, 0x00, 0x00, 
0x00, 0x00, 0x00, 0x00, 
0x00, 0x00, 0x00, 0x00, 
0x00, 0x00, 0x00, 0x00, 
0x00, 0x00, 0x00, 0x00, 
0x00, 0x00, 0x00, 0x00, 
0x00, 0x00, 0x00, 0x00, 
0x00, 0x00, 0x00, 0x00, 
0x00, 0x00, 0x00, 0x00, 
0x00, 0x00, 0x00, 0x00, 
0x00, 0x00, 0x00, 0x00, 
0x00, 0x00, 0x00, 0x00, 
0x00, 0x00, 0x00, 0x00, 
0x00, 0x00, 0x00, 0x00, 
0x00, 0x00, 0x00, 0x00, 
0x00, 0x00, 0x00, 0x00, 
0x00, 0x00, 0x00, 0x00, 
0x00, 0x00, 0x00, 0x00, 
0x00, 0x00, 0x00, 0x00, 
0x00, 0x00, 0x00, 0x00, 
0x00, 0x00, 0x00, 0x00, 
0x00, 0x00, 0x00, 0x00, 
0x00, 0x00, 0x00, 0x00, 
0x00, 0x00, 0x00, 0x00, 
0x00, 0x00, 0x00, 0x00, 
0x00, 0x00, 0x00, 0x00, 
0x00, 0x00, 0x00, 0x00, 
0x00, 0x00, 0x00, 0x00, 
0x00, 0x00, 0x00, 0x00, 
0x00, 0x00, 0x00, 0x00, 
0x00, 0x00, 0x00, 0x00, 
0x00, 0x00, 0x00, 0x00, 
0x00, 0x00, 0x00, 0x00, 
0x00, 0x00, 0x00, 0x00, 
0x00, 0x00, 0x00, 0x00, 
0x00, 0x00, 0x00, 0x00, 
0x00, 0x00, 0x00, 0x00, 
0x00, 0x00, 0x00, 0x00, 
0x00, 0x00, 0x00, 0x00, 
0x00, 0x00, 0x00, 0x00, 
0x00, 0x00, 0x00, 0x00, 
0x00, 0x00, 0x00, 0x00, 
0x00, 0x00, 0x00, 0x00, 
0x00, 0x00, 0x00, 0x00, 
0x00, 0x00, 0x00, 0x00, 
0x00, 0x00, 0x00, 0x00, 
0x00, 0x00, 0x00, 0x00, 
0x00, 0x00, 0x00, 0x00, 
0x00, 0x00, 0x00, 0x00, 
0x00, 0x00, 0x00, 0x00, 
0x00, 0x00, 0x00, 0x00, 
0x00, 0x00, 0x00, 0x00, 
0x00, 0x00, 0x00, 0x00, 
0x00, 0x00, 0x00, 0x00, 
0x00, 0x00, 0x00, 0x00, 
0x00, 0x00, 0x00, 0x00, 
0x00, 0x00, 0x00, 0x00, 
0x00, 0x00, 0x00, 0x00, 
0x00, 0x00, 0x00, 0x00, 
0x00, 0x00, 0x00, 0x00, 
0x00, 0x00, 0x00, 0x00, 
};

/* DSP Program Data */
#define PROGRAM_DATA_SIZE_IC_1 41272
#define PROGRAM_DATA_ADDR_IC_1 49152
ADI_REG_TYPE PROGRAM_DATA_IC_1_Data[PROGRAM_DATA_SIZE_IC_1] = {
0x00, 0x00, 0x00, 0x02, 
0x0C, 0x00, 0xDC, 0xDC, 
0x0D, 0x00, 0xFF, 0xD2, 
0x0D, 0x00, 0xFF, 0xD0, 
0x0D, 0x00, 0xF4, 0x50, 
0x0D, 0x00, 0xF4, 0x00, 
0xC0, 0x00, 0x23, 0x80, 
0x80, 0x00, 0x00, 0x00, 
0xC0, 0x00, 0x23, 0x00, 
0x80, 0x00, 0x00, 0x00, 
0xC0, 0x00, 0x23, 0xC0, 
0x80, 0x00, 0x00, 0x10, 
0xC0, 0x00, 0x22, 0x00, 
0x80, 0x00, 0x00, 0x00, 
0x08, 0x80, 0xDC, 0xE0, 
0x0C, 0x00, 0xDC, 0xDC, 
0x0A, 0x21, 0x00, 0x12, 
0x08, 0x00, 0x00, 0x10, 
0x01, 0x00, 0x00, 0x14, 
0x06, 0x40, 0x40, 0x10, 
0x0A, 0x21, 0x00, 0x16, 
0x08, 0x00, 0x00, 0x14, 
0x01, 0x00, 0x00, 0x18, 
0x06, 0x40, 0x50, 0x10, 
0x0A, 0x21, 0x00, 0x1A, 
0x08, 0x00, 0x00, 0x18, 
0x01, 0x00, 0x00, 0x1C, 
0x06, 0x40, 0x50, 0x10, 
0xC0, 0x00, 0x20, 0x00, 
0x80, 0x00, 0x00, 0x2F, 
0x0D, 0x00, 0xFF, 0xC1, 
0xC0, 0x00, 0x20, 0x00, 
0x80, 0x00, 0x00, 0x01, 
0x0D, 0x00, 0xF4, 0x62, 
0xC0, 0x00, 0x20, 0x00, 
0x80, 0x00, 0x00, 0x00, 
0x0D, 0x00, 0xF4, 0x62, 
0xC0, 0x00, 0x20, 0x00, 
0x80, 0x00, 0x00, 0x02, 
0x0D, 0x00, 0xFF, 0xD1, 
0x00, 0x00, 0x00, 0x03, 
0x0D, 0x00, 0xFF, 0xD2, 
0x00, 0x00, 0x00, 0x05, 
0x00, 0x00, 0x00, 0x00, 
0x00, 0x00, 0x00, 0x00, 
0x02, 0x01, 0x00, 0x2A, 
0x00, 0x00, 0x00, 0x00, 
0x00, 0x00, 0x00, 0x00, 
0x08, 0x9E, 0xDC, 0xE0, 
0x08, 0x9C, 0x00, 0x14, 
0x08, 0x9A, 0x00, 0x10, 
0x08, 0x98, 0x00, 0x18, 
0x00, 0x00, 0x00, 0x00, 
0xC0, 0x00, 0x00, 0x00, 
0x82, 0x4F, 0x00, 0x00, 
0x08, 0x8A, 0xDC, 0xE0, 
0x0A, 0x23, 0x00, 0x06, 
0x0A, 0x2B, 0x00, 0x07, 
0x00, 0x88, 0x20, 0x00, 
0x0A, 0xA7, 0x00, 0x05, 
0x00, 0x00, 0x00, 0x22, 
0xC0, 0x00, 0x2D, 0x30, 
0x80, 0x00, 0x50, 0x00, 
0x30, 0x00, 0xB4, 0x6A, 
0x00, 0x88, 0x20, 0x00, 
0xC0, 0x00, 0x28, 0x70, 
0x80, 0x00, 0x60, 0x00, 
0x02, 0x09, 0x00, 0x51, 
0x00, 0x8C, 0x11, 0x91, 
0x00, 0x00, 0x00, 0x24, 
0x00, 0x8C, 0x2A, 0x02, 
0x30, 0x00, 0xBC, 0xE9, 
0x00, 0x84, 0x0D, 0x9C, 
0x00, 0x20, 0x0B, 0x2D, 
0x00, 0x00, 0xC2, 0xF1, 
0x01, 0x00, 0x00, 0x4F, 
0x06, 0x00, 0x50, 0x14, 
0x36, 0x40, 0x50, 0x15, 
0x26, 0x40, 0x40, 0x15, 
0x09, 0x2B, 0x00, 0x06, 
0x09, 0x2B, 0x00, 0x07, 
0x00, 0x00, 0x00, 0x00, 
0x0C, 0x00, 0xFC, 0x6D, 
0xC0, 0x00, 0x00, 0x18, 
0x81, 0x40, 0x15, 0x0E, 
0x0C, 0x00, 0xFC, 0x6E, 
0xC0, 0x00, 0x00, 0x18, 
0x81, 0x40, 0x15, 0x1E, 
0x0C, 0x00, 0xFC, 0x6F, 
0xC0, 0x00, 0x00, 0x18, 
0x81, 0x40, 0x15, 0x2E, 
0x0C, 0x00, 0xFC, 0x50, 
0xC0, 0x00, 0x00, 0x18, 
0x81, 0x40, 0x15, 0x3E, 
0x0C, 0x00, 0xFC, 0x40, 
0xC0, 0x00, 0x00, 0x18, 
0x80, 0xC0, 0x15, 0xBE, 
0x0C, 0x00, 0xFC, 0x41, 
0xC0, 0x00, 0x00, 0x18, 
0x80, 0xC0, 0x14, 0x6E, 
0x0C, 0x00, 0xFC, 0x42, 
0xC0, 0x00, 0x00, 0x18, 
0x80, 0xC0, 0x12, 0x1E, 
0x0C, 0x00, 0xFC, 0x43, 
0xC0, 0x00, 0x00, 0x18, 
0x80, 0xC0, 0x10, 0xCE, 
0x0C, 0x00, 0xFC, 0x44, 
0xC0, 0x00, 0x00, 0x18, 
0x80, 0x40, 0x1F, 0x7E, 
0x0C, 0x00, 0xFC, 0x45, 
0xC0, 0x00, 0x00, 0x18, 
0x80, 0x40, 0x1E, 0x2E, 
0x0C, 0x00, 0xFC, 0x46, 
0xC0, 0x00, 0x00, 0x18, 
0x80, 0x40, 0x1C, 0xDE, 
0x0C, 0x00, 0xFC, 0x47, 
0xC0, 0x00, 0x00, 0x18, 
0x80, 0x40, 0x1B, 0x8E, 
0x0C, 0x00, 0xFC, 0x48, 
0xC0, 0x00, 0x00, 0x18, 
0x80, 0x40, 0x1A, 0x3E, 
0x0C, 0x00, 0xFC, 0x49, 
0xC0, 0x00, 0x00, 0x18, 
0x80, 0x40, 0x18, 0xEE, 
0x0C, 0x00, 0xFC, 0x4A, 
0x06, 0x40, 0x17, 0x9E, 
0x0C, 0x00, 0xFC, 0x4B, 
0x06, 0x40, 0x16, 0x4E, 
0x0C, 0x00, 0xFC, 0x4C, 
0x06, 0x40, 0x14, 0xFE, 
0x0C, 0x00, 0xFC, 0x4D, 
0x06, 0x40, 0x13, 0xAE, 
0x0C, 0x00, 0xFC, 0x4E, 
0x06, 0x40, 0x12, 0x5E, 
0x0C, 0x00, 0xFC, 0x4F, 
0x06, 0x40, 0x11, 0x0E, 
0xC0, 0x00, 0x00, 0x00, 
0x82, 0x0F, 0x00, 0x3C, 
0xC0, 0x00, 0x00, 0x18, 
0x80, 0x80, 0x16, 0x5E, 
0xC0, 0x00, 0x00, 0x18, 
0x80, 0x80, 0x95, 0x3E, 
0xC0, 0x00, 0x00, 0x18, 
0x80, 0x81, 0x12, 0xBE, 
0xC0, 0x00, 0x00, 0x18, 
0x80, 0x81, 0x91, 0x6E, 
0x06, 0x4C, 0x40, 0x40, 
0xC0, 0x00, 0x00, 0x18, 
0x80, 0x80, 0x10, 0x1E, 
0xC0, 0x00, 0x00, 0x18, 
0x80, 0x00, 0x9E, 0xCE, 
0xC0, 0x00, 0x00, 0x18, 
0x80, 0x01, 0x1D, 0x7E, 
0xC0, 0x00, 0x00, 0x18, 
0x80, 0x01, 0x9C, 0x2E, 
0x06, 0x4C, 0x40, 0x40, 
0xC0, 0x00, 0x00, 0x18, 
0x80, 0x00, 0x1A, 0xDE, 
0xC0, 0x00, 0x00, 0x18, 
0x80, 0x00, 0x99, 0x8E, 
0xC0, 0x00, 0x00, 0x18, 
0x80, 0x01, 0x18, 0x3E, 
0x06, 0x01, 0x96, 0xEE, 
0x06, 0x4C, 0x40, 0x40, 
0x06, 0x00, 0x15, 0x9E, 
0x06, 0x00, 0x94, 0x4E, 
0x06, 0x01, 0x12, 0xFE, 
0x06, 0x01, 0x91, 0xAE, 
0x06, 0x4C, 0x40, 0x40, 
0xC0, 0x00, 0x00, 0x00, 
0x82, 0x0F, 0x00, 0x3C, 
0xC0, 0x00, 0x00, 0x00, 
0x82, 0x1F, 0x00, 0x2C, 
0x05, 0x0C, 0x40, 0x11, 
0x00, 0x00, 0xD8, 0x40, 
0x0C, 0x00, 0x00, 0x1C, 
0x05, 0x0C, 0x88, 0x00, 
0x00, 0x04, 0x45, 0x10, 
0x05, 0x0C, 0x40, 0x11, 
0x05, 0x4C, 0x90, 0x0E, 
0x00, 0x00, 0xD8, 0x40, 
0x0C, 0x00, 0x00, 0x1D, 
0x05, 0x0C, 0x88, 0x00, 
0x00, 0x04, 0x45, 0x10, 
0x05, 0x0C, 0x40, 0x11, 
0x05, 0x4C, 0x90, 0x1E, 
0x00, 0x00, 0xD8, 0x40, 
0x0C, 0x00, 0x00, 0x1E, 
0x05, 0x0C, 0x88, 0x00, 
0x00, 0x04, 0x45, 0x10, 
0x05, 0x0C, 0x40, 0x11, 
0x05, 0x4C, 0x90, 0x2E, 
0x00, 0x00, 0xD8, 0x40, 
0x0C, 0x00, 0x00, 0x1F, 
0x05, 0x0C, 0x88, 0x00, 
0x00, 0x04, 0x45, 0x10, 
0x05, 0x0C, 0x40, 0x11, 
0x05, 0x4C, 0x90, 0x3E, 
0x00, 0x00, 0xD8, 0x40, 
0x0C, 0x00, 0x00, 0x20, 
0x05, 0x0C, 0x88, 0x00, 
0x00, 0x04, 0x45, 0x10, 
0x05, 0x0C, 0x40, 0x11, 
0x05, 0x4C, 0x90, 0x4E, 
0x00, 0x00, 0xD8, 0x40, 
0x0C, 0x00, 0x00, 0x21, 
0x05, 0x0C, 0x88, 0x00, 
0x00, 0x04, 0x45, 0x10, 
0x05, 0x0C, 0x40, 0x11, 
0x05, 0x4C, 0x90, 0x5E, 
0x00, 0x00, 0xD8, 0x40, 
0x0C, 0x00, 0x00, 0x22, 
0x05, 0x0C, 0x88, 0x00, 
0x00, 0x04, 0x45, 0x10, 
0x05, 0x0C, 0x40, 0x11, 
0x05, 0x4C, 0x90, 0x6E, 
0x00, 0x00, 0xD8, 0x40, 
0x0C, 0x00, 0x00, 0x23, 
0x05, 0x0C, 0x88, 0x00, 
0x00, 0x04, 0x45, 0x10, 
0x05, 0x0C, 0x40, 0x11, 
0x05, 0x4C, 0x90, 0x7E, 
0x00, 0x00, 0xD8, 0x40, 
0x0C, 0x00, 0x00, 0x24, 
0x05, 0x0C, 0x88, 0x00, 
0x00, 0x04, 0x45, 0x10, 
0x05, 0x0C, 0x40, 0x11, 
0x05, 0x4C, 0x90, 0x8E, 
0x00, 0x00, 0xD8, 0x40, 
0x0C, 0x00, 0x00, 0x25, 
0x05, 0x0C, 0x88, 0x00, 
0x00, 0x04, 0x45, 0x10, 
0x05, 0x0C, 0x40, 0x11, 
0x05, 0x4C, 0x90, 0x9E, 
0x00, 0x00, 0xD8, 0x40, 
0x0C, 0x00, 0x00, 0x26, 
0x05, 0x0C, 0x88, 0x00, 
0x00, 0x04, 0x45, 0x10, 
0x05, 0x0C, 0x40, 0x11, 
0x05, 0x4C, 0x90, 0xAE, 
0x00, 0x00, 0xD8, 0x40, 
0x0C, 0x00, 0x00, 0x27, 
0x05, 0x0C, 0x88, 0x00, 
0x00, 0x04, 0x45, 0x10, 
0x05, 0x0C, 0x40, 0x11, 
0x05, 0x4C, 0x90, 0xBE, 
0x00, 0x00, 0xD8, 0x40, 
0x0C, 0x00, 0x00, 0x28, 
0x05, 0x0C, 0x88, 0x00, 
0x00, 0x04, 0x45, 0x10, 
0x05, 0x0C, 0x40, 0x11, 
0x05, 0x4C, 0x90, 0xCE, 
0x00, 0x00, 0xD8, 0x40, 
0x0C, 0x00, 0x00, 0x29, 
0x05, 0x0C, 0x88, 0x00, 
0x00, 0x04, 0x45, 0x10, 
0x05, 0x0C, 0x40, 0x11, 
0x05, 0x4C, 0x90, 0xDE, 
0x00, 0x00, 0xD8, 0x40, 
0x0C, 0x00, 0x00, 0x2A, 
0x05, 0x0C, 0x88, 0x00, 
0x00, 0x04, 0x45, 0x10, 
0x05, 0x0C, 0x40, 0x11, 
0x05, 0x4C, 0x90, 0xEE, 
0x00, 0x00, 0xD8, 0x40, 
0x0C, 0x00, 0x00, 0x2B, 
0x05, 0x0C, 0x88, 0x00, 
0x00, 0x04, 0x45, 0x10, 
0x00, 0x00, 0x00, 0x00, 
0x05, 0x4C, 0x90, 0xFE, 
0x05, 0x0C, 0x10, 0x0E, 
0xC0, 0x00, 0x00, 0x10, 
0x80, 0x8C, 0x93, 0x6E, 
0x05, 0x2C, 0x10, 0x1E, 
0xC0, 0x00, 0x00, 0x10, 
0x80, 0xAC, 0x93, 0x7E, 
0x00, 0x40, 0x20, 0x08, 
0xC0, 0x00, 0x00, 0x10, 
0x80, 0xCC, 0x1B, 0x0E, 
0xC0, 0x00, 0x00, 0x10, 
0x81, 0x6C, 0x10, 0x5E, 
0x05, 0x0C, 0x10, 0x2E, 
0xC0, 0x00, 0x00, 0x10, 
0x80, 0x8C, 0x93, 0x8E, 
0x05, 0x2C, 0x10, 0x3E, 
0xC0, 0x00, 0x00, 0x10, 
0x80, 0xAC, 0x93, 0x9E, 
0x00, 0x40, 0x20, 0x08, 
0xC0, 0x00, 0x00, 0x10, 
0x81, 0x4C, 0x10, 0xAE, 
0xC0, 0x00, 0x00, 0x10, 
0x81, 0x6C, 0x10, 0xFE, 
0x05, 0x0C, 0x10, 0x4E, 
0xC0, 0x00, 0x00, 0x10, 
0x80, 0x8C, 0x93, 0xAE, 
0x05, 0x2C, 0x10, 0x5E, 
0xC0, 0x00, 0x00, 0x10, 
0x80, 0xAC, 0x93, 0xBE, 
0x00, 0x40, 0x20, 0x08, 
0xC0, 0x00, 0x00, 0x10, 
0x81, 0x4C, 0x11, 0x4E, 
0xC0, 0x00, 0x00, 0x10, 
0x81, 0x6C, 0x11, 0x9E, 
0x05, 0x0C, 0x10, 0x6E, 
0xC0, 0x00, 0x00, 0x10, 
0x80, 0x8C, 0x93, 0xCE, 
0x05, 0x2C, 0x10, 0x7E, 
0xC0, 0x00, 0x00, 0x10, 
0x80, 0xAC, 0x93, 0xDE, 
0x00, 0x40, 0x20, 0x08, 
0xC0, 0x00, 0x00, 0x10, 
0x81, 0x4C, 0x11, 0xEE, 
0xC0, 0x00, 0x00, 0x10, 
0x81, 0x6C, 0x12, 0x3E, 
0x05, 0x0C, 0x10, 0x8E, 
0xC0, 0x00, 0x00, 0x10, 
0x80, 0x8C, 0x93, 0xEE, 
0x05, 0x2C, 0x10, 0x9E, 
0xC0, 0x00, 0x00, 0x10, 
0x80, 0xAC, 0x93, 0xFE, 
0x00, 0x40, 0x20, 0x08, 
0xC0, 0x00, 0x00, 0x10, 
0x81, 0x4C, 0x12, 0x8E, 
0xC0, 0x00, 0x00, 0x10, 
0x81, 0x6C, 0x12, 0xDE, 
0x05, 0x0C, 0x10, 0xAE, 
0xC0, 0x00, 0x00, 0x10, 
0x80, 0x8C, 0x94, 0x0E, 
0x05, 0x2C, 0x10, 0xBE, 
0xC0, 0x00, 0x00, 0x10, 
0x80, 0xAC, 0x94, 0x1E, 
0x00, 0x40, 0x20, 0x08, 
0xC0, 0x00, 0x00, 0x10, 
0x81, 0x4C, 0x13, 0x2E, 
0xC0, 0x00, 0x00, 0x10, 
0x81, 0x6C, 0x13, 0x7E, 
0x05, 0x0C, 0x10, 0xCE, 
0xC0, 0x00, 0x00, 0x10, 
0x80, 0x8C, 0x94, 0x2E, 
0x05, 0x2C, 0x10, 0xDE, 
0xC0, 0x00, 0x00, 0x10, 
0x80, 0xAC, 0x94, 0x3E, 
0x00, 0x40, 0x20, 0x08, 
0xC0, 0x00, 0x00, 0x10, 
0x81, 0x4C, 0x13, 0xCE, 
0xC0, 0x00, 0x00, 0x10, 
0x81, 0x6C, 0x14, 0x1E, 
0x05, 0x0C, 0x10, 0xEE, 
0xC0, 0x00, 0x00, 0x10, 
0x80, 0x8C, 0x94, 0x4E, 
0x05, 0x2C, 0x10, 0xFE, 
0xC0, 0x00, 0x00, 0x10, 
0x80, 0xAC, 0x94, 0x5E, 
0x00, 0x40, 0x20, 0x08, 
0xC0, 0x00, 0x00, 0x10, 
0x81, 0x4C, 0x14, 0x6E, 
0xC0, 0x00, 0x00, 0x10, 
0x81, 0x6C, 0x14, 0xBE, 
0xC0, 0x00, 0x00, 0x00, 
0x82, 0x0F, 0x00, 0x6C, 
0xC0, 0x00, 0x00, 0x18, 
0x80, 0x80, 0x15, 0xFE, 
0xC0, 0x00, 0x00, 0x18, 
0x80, 0x80, 0x94, 0xAE, 
0xC0, 0x00, 0x00, 0x18, 
0x80, 0x81, 0x12, 0x5E, 
0xC0, 0x00, 0x00, 0x18, 
0x80, 0x81, 0x91, 0x0E, 
0x06, 0x4C, 0x40, 0x40, 
0xC0, 0x00, 0x00, 0x18, 
0x80, 0x00, 0x1F, 0xBE, 
0xC0, 0x00, 0x00, 0x18, 
0x80, 0x00, 0x9E, 0x6E, 
0xC0, 0x00, 0x00, 0x18, 
0x80, 0x01, 0x1D, 0x1E, 
0xC0, 0x00, 0x00, 0x18, 
0x80, 0x01, 0x9B, 0xCE, 
0x06, 0x4C, 0x40, 0x40, 
0xC0, 0x00, 0x00, 0x18, 
0x80, 0x00, 0x1A, 0x7E, 
0xC0, 0x00, 0x00, 0x18, 
0x80, 0x00, 0x99, 0x2E, 
0x06, 0x01, 0x17, 0xDE, 
0x06, 0x01, 0x96, 0x8E, 
0x06, 0x4C, 0x40, 0x40, 
0x06, 0x00, 0x15, 0x3E, 
0x06, 0x00, 0x93, 0xEE, 
0x06, 0x01, 0x12, 0x9E, 
0x06, 0x01, 0x91, 0x4E, 
0x06, 0x4C, 0x40, 0x40, 
0xC0, 0x00, 0x00, 0x00, 
0x82, 0x0F, 0x00, 0x6C, 
0xC0, 0x00, 0x00, 0x00, 
0x82, 0x1F, 0x00, 0x5C, 
0x05, 0x0C, 0x40, 0x11, 
0x00, 0x00, 0xD8, 0x40, 
0x0C, 0x00, 0x00, 0x4C, 
0x05, 0x0C, 0x88, 0x00, 
0x00, 0x04, 0x45, 0x10, 
0x05, 0x0C, 0x40, 0x11, 
0xC0, 0x00, 0x00, 0x10, 
0x80, 0xCC, 0x9B, 0x5E, 
0x00, 0x00, 0xD8, 0x40, 
0x0C, 0x00, 0x00, 0x4D, 
0x05, 0x0C, 0x88, 0x00, 
0x00, 0x04, 0x45, 0x10, 
0x05, 0x0C, 0x40, 0x11, 
0xC0, 0x00, 0x00, 0x10, 
0x80, 0xCC, 0x9B, 0xAE, 
0x00, 0x00, 0xD8, 0x40, 
0x0C, 0x00, 0x00, 0x4E, 
0x05, 0x0C, 0x88, 0x00, 
0x00, 0x04, 0x45, 0x10, 
0x05, 0x0C, 0x40, 0x11, 
0xC0, 0x00, 0x00, 0x10, 
0x80, 0xCC, 0x9B, 0xFE, 
0x00, 0x00, 0xD8, 0x40, 
0x0C, 0x00, 0x00, 0x4F, 
0x05, 0x0C, 0x88, 0x00, 
0x00, 0x04, 0x45, 0x10, 
0x05, 0x0C, 0x40, 0x11, 
0xC0, 0x00, 0x00, 0x10, 
0x80, 0xCC, 0x9C, 0x4E, 
0x00, 0x00, 0xD8, 0x40, 
0x0C, 0x00, 0x00, 0x50, 
0x05, 0x0C, 0x88, 0x00, 
0x00, 0x04, 0x45, 0x10, 
0x05, 0x0C, 0x40, 0x11, 
0xC0, 0x00, 0x00, 0x10, 
0x80, 0xCC, 0x9C, 0x9E, 
0x00, 0x00, 0xD8, 0x40, 
0x0C, 0x00, 0x00, 0x51, 
0x05, 0x0C, 0x88, 0x00, 
0x00, 0x04, 0x45, 0x10, 
0x05, 0x0C, 0x40, 0x11, 
0xC0, 0x00, 0x00, 0x10, 
0x80, 0xCC, 0x9C, 0xEE, 
0x00, 0x00, 0xD8, 0x40, 
0x0C, 0x00, 0x00, 0x52, 
0x05, 0x0C, 0x88, 0x00, 
0x00, 0x04, 0x45, 0x10, 
0x05, 0x0C, 0x40, 0x11, 
0xC0, 0x00, 0x00, 0x10, 
0x80, 0xCC, 0x9D, 0x3E, 
0x00, 0x00, 0xD8, 0x40, 
0x0C, 0x00, 0x00, 0x53, 
0x05, 0x0C, 0x88, 0x00, 
0x00, 0x04, 0x45, 0x10, 
0x05, 0x0C, 0x40, 0x11, 
0xC0, 0x00, 0x00, 0x10, 
0x80, 0xCC, 0x9D, 0x8E, 
0x00, 0x00, 0xD8, 0x40, 
0x0C, 0x00, 0x00, 0x54, 
0x05, 0x0C, 0x88, 0x00, 
0x00, 0x04, 0x45, 0x10, 
0x05, 0x0C, 0x40, 0x11, 
0xC0, 0x00, 0x00, 0x10, 
0x80, 0xCC, 0x9D, 0xDE, 
0x00, 0x00, 0xD8, 0x40, 
0x0C, 0x00, 0x00, 0x55, 
0x05, 0x0C, 0x88, 0x00, 
0x00, 0x04, 0x45, 0x10, 
0x05, 0x0C, 0x40, 0x11, 
0xC0, 0x00, 0x00, 0x10, 
0x80, 0xCC, 0x9E, 0x2E, 
0x00, 0x00, 0xD8, 0x40, 
0x0C, 0x00, 0x00, 0x56, 
0x05, 0x0C, 0x88, 0x00, 
0x00, 0x04, 0x45, 0x10, 
0x05, 0x0C, 0x40, 0x11, 
0xC0, 0x00, 0x00, 0x10, 
0x80, 0xCC, 0x9E, 0x7E, 
0x00, 0x00, 0xD8, 0x40, 
0x0C, 0x00, 0x00, 0x57, 
0x05, 0x0C, 0x88, 0x00, 
0x00, 0x04, 0x45, 0x10, 
0x05, 0x0C, 0x40, 0x11, 
0xC0, 0x00, 0x00, 0x10, 
0x80, 0xCC, 0x9E, 0xCE, 
0x00, 0x00, 0xD8, 0x40, 
0x0C, 0x00, 0x00, 0x58, 
0x05, 0x0C, 0x88, 0x00, 
0x00, 0x04, 0x45, 0x10, 
0x05, 0x0C, 0x40, 0x11, 
0xC0, 0x00, 0x00, 0x10, 
0x80, 0xCC, 0x9F, 0x1E, 
0x00, 0x00, 0xD8, 0x40, 
0x0C, 0x00, 0x00, 0x59, 
0x05, 0x0C, 0x88, 0x00, 
0x00, 0x04, 0x45, 0x10, 
0x05, 0x0C, 0x40, 0x11, 
0xC0, 0x00, 0x00, 0x10, 
0x80, 0xCC, 0x9F, 0x6E, 
0x00, 0x00, 0xD8, 0x40, 
0x0C, 0x00, 0x00, 0x5A, 
0x05, 0x0C, 0x88, 0x00, 
0x00, 0x04, 0x45, 0x10, 
0x05, 0x0C, 0x40, 0x11, 
0xC0, 0x00, 0x00, 0x10, 
0x80, 0xCC, 0x9F, 0xBE, 
0x00, 0x00, 0xD8, 0x40, 
0x0C, 0x00, 0x00, 0x5B, 
0x05, 0x0C, 0x88, 0x00, 
0x00, 0x04, 0x45, 0x10, 
0x00, 0x00, 0x00, 0x00, 
0xC0, 0x00, 0x00, 0x10, 
0x81, 0x4C, 0x90, 0x0E, 
0xC0, 0x00, 0x00, 0x00, 
0x82, 0x0E, 0x02, 0x54, 
0xC0, 0x00, 0x00, 0x00, 
0x82, 0x1F, 0x00, 0x7C, 
0xC0, 0x00, 0x00, 0x18, 
0x81, 0x08, 0x14, 0xCE, 
0x06, 0x18, 0x40, 0x31, 
0xF1, 0x6C, 0x80, 0x01, 
0x88, 0x00, 0x01, 0x22, 
0xFC, 0x6C, 0x80, 0x21, 
0x81, 0x82, 0x04, 0x23, 
0x06, 0x04, 0x91, 0xDE, 
0xE0, 0x34, 0xA2, 0x05, 
0x81, 0x80, 0x01, 0x25, 
0xE0, 0x80, 0x00, 0x25, 
0x8C, 0x02, 0x04, 0x00, 
0x00, 0x84, 0x01, 0x19, 
0x05, 0x4C, 0x91, 0xFE, 
0xC0, 0x00, 0x00, 0x00, 
0x82, 0x0E, 0x02, 0x57, 
0xC0, 0x00, 0x00, 0x00, 
0x82, 0x1F, 0x00, 0x86, 
0xC0, 0x00, 0x00, 0x18, 
0x81, 0x08, 0x10, 0x1E, 
0x06, 0x18, 0x40, 0x31, 
0xF1, 0x6C, 0x80, 0x01, 
0x88, 0x00, 0x01, 0x22, 
0xFC, 0x6C, 0x80, 0x21, 
0x81, 0x82, 0x04, 0x23, 
0x06, 0x04, 0x91, 0x5E, 
0xE0, 0x34, 0xA2, 0x05, 
0x81, 0x80, 0x01, 0x25, 
0xE0, 0x80, 0x00, 0x25, 
0x8C, 0x02, 0x04, 0x00, 
0x00, 0x84, 0x01, 0x19, 
0x05, 0x4C, 0x91, 0x7E, 
0x0C, 0x40, 0x1C, 0x5E, 
0x06, 0x00, 0x11, 0x0E, 
0x00, 0x04, 0x00, 0x80, 
0x00, 0x00, 0x00, 0x00, 
0x05, 0x4C, 0x11, 0x1E, 
0x0C, 0x82, 0x1C, 0x5F, 
0x05, 0x0C, 0x11, 0x1E, 
0x30, 0x84, 0x30, 0x00, 
0x05, 0x4C, 0x11, 0x2E, 
0x05, 0x0C, 0x91, 0x2E, 
0x00, 0x00, 0xE0, 0xA9, 
0x00, 0x04, 0x45, 0x11, 
0xC0, 0x00, 0x00, 0x18, 
0x80, 0x10, 0x89, 0x2F, 
0x05, 0x1D, 0x90, 0x8F, 
0x00, 0x84, 0x12, 0x13, 
0x00, 0x04, 0x49, 0x29, 
0x00, 0x84, 0x00, 0x32, 
0x00, 0x88, 0x20, 0x00, 
0x00, 0x00, 0x00, 0x22, 
0x0B, 0x61, 0xFD, 0x20, 
0xC0, 0x00, 0x24, 0x00, 
0x83, 0x02, 0xA3, 0x05, 
0x0C, 0x00, 0xFD, 0x2A, 
0x00, 0x04, 0x20, 0x08, 
0x0E, 0x07, 0x00, 0x0A, 
0xC0, 0x00, 0x00, 0x10, 
0xB0, 0x2C, 0x0B, 0xDF, 
0x00, 0x88, 0x20, 0x01, 
0x0E, 0x09, 0x00, 0x90, 
0x00, 0x00, 0x00, 0x22, 
0x05, 0x5C, 0x10, 0x8F, 
0x30, 0x84, 0x19, 0x9A, 
0x06, 0x02, 0x10, 0xCF, 
0x00, 0x04, 0x61, 0x84, 
0xC0, 0x00, 0x00, 0x10, 
0x80, 0x0E, 0x09, 0x3F, 
0x00, 0x88, 0x18, 0x98, 
0x00, 0x00, 0x00, 0x2A, 
0xC0, 0x00, 0x00, 0x00, 
0x82, 0x0F, 0x00, 0x94, 
0x30, 0x00, 0xBC, 0xF8, 
0x30, 0x00, 0xB4, 0xEA, 
0x00, 0x88, 0x20, 0x01, 
0x00, 0x00, 0x00, 0x23, 
0xC0, 0x00, 0x2C, 0xB0, 
0x80, 0xFF, 0xFF, 0xFF, 
0x30, 0x85, 0x91, 0x10, 
0x00, 0x8C, 0x03, 0x94, 
0x00, 0x00, 0x00, 0x23, 
0x0F, 0x07, 0x00, 0x0A, 
0x30, 0x86, 0x05, 0x40, 
0x30, 0x88, 0x10, 0x35, 
0x30, 0x20, 0x03, 0x65, 
0x2A, 0x2D, 0xDC, 0xDC, 
0x00, 0x94, 0x02, 0x3A, 
0x00, 0xE6, 0x21, 0x03, 
0x00, 0x00, 0xD8, 0x61, 
0x00, 0x00, 0xE1, 0x2A, 
0x07, 0x04, 0x88, 0x00, 
0x00, 0x84, 0x12, 0x91, 
0x00, 0x04, 0x49, 0x22, 
0x00, 0x84, 0x01, 0x12, 
0x05, 0x4C, 0x91, 0x3E, 
0x05, 0x0C, 0x11, 0x3E, 
0x0B, 0x21, 0x00, 0xBE, 
0xC0, 0x00, 0x00, 0x10, 
0x81, 0x4C, 0x15, 0xAE, 
0x05, 0x0F, 0x91, 0x2E, 
0xC0, 0x00, 0x00, 0x10, 
0x81, 0x4F, 0x95, 0xDE, 
0xC0, 0x00, 0x00, 0x00, 
0x82, 0x1E, 0x02, 0x5B, 
0xC0, 0x00, 0x00, 0x00, 
0x82, 0x2C, 0x00, 0x00, 
0xC0, 0x00, 0x00, 0x00, 
0x82, 0x0F, 0x00, 0xBF, 
0xE0, 0xC0, 0x00, 0x00, 
0x80, 0x00, 0x44, 0x00, 
0xF0, 0x74, 0x80, 0x00, 
0x80, 0x02, 0x47, 0x03, 
0xFC, 0x68, 0x80, 0x01, 
0x8C, 0x02, 0x89, 0x02, 
0xE0, 0x00, 0x00, 0x07, 
0x80, 0x00, 0x00, 0x00, 
0xE0, 0x00, 0x20, 0x40, 
0x80, 0x00, 0x00, 0x00, 
0xE8, 0x80, 0x00, 0x00, 
0x80, 0x02, 0x84, 0x00, 
0xC0, 0x00, 0x00, 0x10, 
0x81, 0x4C, 0x16, 0x0E, 
0xF0, 0x74, 0x80, 0x00, 
0x80, 0x02, 0x47, 0x03, 
0xFC, 0x68, 0x80, 0x01, 
0x8C, 0x02, 0x89, 0x02, 
0xE0, 0x00, 0x00, 0x07, 
0x80, 0x00, 0x00, 0x00, 
0xE0, 0x00, 0x20, 0x40, 
0x80, 0x00, 0x00, 0x00, 
0xE8, 0x80, 0x00, 0x00, 
0x80, 0x02, 0x84, 0x00, 
0x05, 0x4C, 0x11, 0x4E, 
0xC0, 0x00, 0x00, 0x00, 
0x82, 0x0F, 0x00, 0xC9, 
0x05, 0x0C, 0x91, 0x7E, 
0x0A, 0xE1, 0x28, 0xC3, 
0x00, 0x00, 0xE0, 0x69, 
0x00, 0x04, 0x41, 0x10, 
0x0C, 0x40, 0x28, 0xC0, 
0x00, 0x1C, 0x80, 0x40, 
0x00, 0x84, 0x08, 0x81, 
0x00, 0x8C, 0x18, 0x89, 
0x0A, 0xBD, 0xDC, 0x02, 
0x00, 0x00, 0x00, 0x2D, 
0xC0, 0x00, 0x29, 0xF3, 
0x88, 0x00, 0x00, 0x00, 
0xC0, 0x00, 0x2D, 0xB0, 
0x8A, 0x00, 0x00, 0x00, 
0xC0, 0x00, 0x25, 0xC0, 
0x81, 0x00, 0x00, 0x00, 
0x30, 0xE6, 0x68, 0x0F, 
0x0B, 0xE1, 0xFD, 0x20, 
0x0B, 0xE1, 0x28, 0xC3, 
0x0A, 0xA1, 0xFD, 0x2A, 
0x00, 0x84, 0x08, 0x87, 
0x00, 0x84, 0x18, 0x8E, 
0x00, 0x04, 0x61, 0x8F, 
0x0C, 0x82, 0x28, 0xC5, 
0x0A, 0x29, 0x28, 0xC6, 
0x0A, 0xA9, 0x28, 0xC2, 
0x20, 0xC5, 0x52, 0x2A, 
0x00, 0x88, 0x10, 0x28, 
0x0A, 0x2D, 0x28, 0xC5, 
0x0A, 0x31, 0x28, 0xC1, 
0x00, 0x20, 0x02, 0x48, 
0x00, 0x20, 0x02, 0x64, 
0x30, 0x85, 0x93, 0x30, 
0x00, 0xEE, 0x20, 0x02, 
0x00, 0x20, 0x01, 0x10, 
0x00, 0x00, 0xD8, 0x60, 
0x0A, 0x21, 0xDC, 0xAE, 
0x00, 0x94, 0x00, 0x20, 
0x00, 0x00, 0xE8, 0x68, 
0x00, 0x00, 0x20, 0x80, 
0x07, 0x04, 0x40, 0x00, 
0x00, 0x84, 0x19, 0x80, 
0x00, 0x04, 0x61, 0x98, 
0x00, 0x84, 0x00, 0x08, 
0x06, 0x00, 0x11, 0x4E, 
0x00, 0x04, 0x45, 0x00, 
0x0B, 0x29, 0x28, 0xC6, 
0x0B, 0x2D, 0x28, 0xC5, 
0x05, 0x4C, 0x91, 0xAE, 
0x05, 0x4C, 0x11, 0xBE, 
0x05, 0x0C, 0x91, 0xBE, 
0x00, 0x00, 0xE0, 0xA9, 
0x00, 0x04, 0x45, 0x11, 
0xC0, 0x00, 0x00, 0x18, 
0x80, 0x90, 0x80, 0x1F, 
0x05, 0x1D, 0x90, 0xDF, 
0x00, 0x84, 0x12, 0x13, 
0x00, 0x04, 0x49, 0x29, 
0x00, 0x84, 0x00, 0x32, 
0x00, 0x88, 0x20, 0x00, 
0x00, 0x00, 0x00, 0x22, 
0x0B, 0x61, 0xFD, 0x20, 
0xC0, 0x00, 0x24, 0x00, 
0x83, 0x02, 0xA3, 0x05, 
0x0C, 0x00, 0xFD, 0x2A, 
0x00, 0x04, 0x20, 0x08, 
0x0E, 0x07, 0x00, 0x0F, 
0xC0, 0x00, 0x00, 0x10, 
0xB0, 0xAC, 0x02, 0xCF, 
0x00, 0x88, 0x20, 0x01, 
0x0E, 0x09, 0x00, 0xFF, 
0x00, 0x00, 0x00, 0x22, 
0x05, 0x5C, 0x10, 0xDF, 
0x30, 0x84, 0x19, 0x9A, 
0x06, 0x02, 0x11, 0x1F, 
0x00, 0x04, 0x61, 0x84, 
0xC0, 0x00, 0x00, 0x10, 
0x80, 0x8E, 0x00, 0x2F, 
0x00, 0x88, 0x18, 0x98, 
0x00, 0x00, 0x00, 0x2A, 
0xC0, 0x00, 0x00, 0x00, 
0x82, 0x0F, 0x01, 0x03, 
0x30, 0x00, 0xBC, 0xF8, 
0x30, 0x00, 0xB4, 0xEA, 
0x00, 0x88, 0x20, 0x01, 
0x00, 0x00, 0x00, 0x23, 
0xC0, 0x00, 0x2C, 0xB0, 
0x80, 0xFF, 0xFF, 0xFF, 
0x30, 0x85, 0x91, 0x10, 
0x00, 0x8C, 0x03, 0x94, 
0x00, 0x00, 0x00, 0x23, 
0x0F, 0x07, 0x00, 0x0F, 
0x30, 0x86, 0x05, 0x40, 
0x30, 0x88, 0x10, 0x35, 
0x30, 0x20, 0x03, 0x65, 
0x2A, 0x2D, 0xDC, 0xDC, 
0x00, 0x94, 0x02, 0x3A, 
0x00, 0xE6, 0x21, 0x03, 
0x00, 0x00, 0xD8, 0x61, 
0x00, 0x00, 0xE1, 0x2A, 
0x07, 0x04, 0x88, 0x00, 
0x00, 0x84, 0x12, 0x91, 
0x00, 0x04, 0x49, 0x22, 
0x00, 0x84, 0x01, 0x12, 
0x05, 0x4C, 0x91, 0xCE, 
0x05, 0x0C, 0x11, 0xCE, 
0x0B, 0x21, 0x01, 0x2D, 
0xC0, 0x00, 0x00, 0x10, 
0x81, 0x4C, 0x16, 0x1E, 
0xC0, 0x00, 0x00, 0x00, 
0x82, 0x0C, 0x00, 0x0C, 
0xC0, 0x00, 0x00, 0x00, 
0x82, 0x1E, 0x00, 0x18, 
0xC0, 0x00, 0x00, 0x00, 
0x82, 0x6F, 0x01, 0x2E, 
0xFD, 0x6A, 0x80, 0x00, 
0x80, 0x00, 0x00, 0xC3, 
0xF8, 0x74, 0x80, 0x03, 
0x81, 0x40, 0x41, 0xC5, 
0xFC, 0x6A, 0x80, 0x21, 
0x88, 0x00, 0x08, 0xC3, 
0xE0, 0x34, 0xA2, 0x07, 
0x80, 0x42, 0x09, 0xC5, 
0xFD, 0x6A, 0x80, 0x27, 
0x8A, 0x80, 0x08, 0xC3, 
0xE8, 0xB4, 0xA6, 0x43, 
0x81, 0x42, 0x09, 0xC5, 
0xFC, 0x6A, 0x80, 0x21, 
0x8F, 0x04, 0x08, 0xC3, 
0xE9, 0xB4, 0xA2, 0x07, 
0x80, 0x42, 0x09, 0xC5, 
0xE8, 0x80, 0x00, 0x27, 
0x8A, 0x82, 0x08, 0x00, 
0x00, 0x84, 0x01, 0x19, 
0x05, 0x5C, 0xD0, 0x00, 
0x05, 0x4C, 0x92, 0x0E, 
0xC0, 0x00, 0x00, 0x00, 
0x82, 0x0F, 0x01, 0x42, 
0x05, 0x0C, 0x91, 0xFE, 
0x0A, 0xE1, 0x28, 0xCA, 
0x00, 0x00, 0xE0, 0x69, 
0x00, 0x04, 0x41, 0x10, 
0x0C, 0x40, 0x28, 0xC7, 
0x00, 0x1C, 0x80, 0x40, 
0x00, 0x84, 0x08, 0x81, 
0x00, 0x8C, 0x18, 0x89, 
0x0A, 0xBD, 0xDC, 0x02, 
0x00, 0x00, 0x00, 0x2D, 
0xC0, 0x00, 0x29, 0xF3, 
0x88, 0x00, 0x00, 0x00, 
0xC0, 0x00, 0x2D, 0xB0, 
0x8A, 0x00, 0x00, 0x00, 
0xC0, 0x00, 0x25, 0xC0, 
0x81, 0x00, 0x00, 0x00, 
0x30, 0xE6, 0x68, 0x0F, 
0x0B, 0xE1, 0xFD, 0x20, 
0x0B, 0xE1, 0x28, 0xCA, 
0x0A, 0xA1, 0xFD, 0x2A, 
0x00, 0x84, 0x08, 0x87, 
0x00, 0x84, 0x18, 0x8E, 
0x00, 0x04, 0x61, 0x8F, 
0x0C, 0x82, 0x28, 0xCC, 
0x0A, 0x29, 0x28, 0xCD, 
0x0A, 0xA9, 0x28, 0xC9, 
0x20, 0xC5, 0x52, 0x2A, 
0x00, 0x88, 0x10, 0x28, 
0x0A, 0x2D, 0x28, 0xCC, 
0x0A, 0x31, 0x28, 0xC8, 
0x00, 0x20, 0x02, 0x48, 
0x00, 0x20, 0x02, 0x64, 
0x30, 0x85, 0x93, 0x30, 
0x00, 0xEE, 0x20, 0x02, 
0x00, 0x20, 0x01, 0x10, 
0x00, 0x00, 0xD8, 0x60, 
0x0A, 0x21, 0xDC, 0xAE, 
0x00, 0x94, 0x00, 0x20, 
0x00, 0x00, 0xE8, 0x68, 
0x00, 0x00, 0x20, 0x80, 
0x07, 0x04, 0x40, 0x00, 
0x00, 0x84, 0x19, 0x80, 
0x00, 0x04, 0x61, 0x98, 
0x00, 0x84, 0x00, 0x08, 
0x06, 0x00, 0x12, 0x0E, 
0x00, 0x04, 0x45, 0x00, 
0x0B, 0x29, 0x28, 0xCD, 
0x0B, 0x2D, 0x28, 0xCC, 
0x05, 0x4C, 0x92, 0x1E, 
0x05, 0x4C, 0x12, 0x3E, 
0x05, 0x0C, 0x92, 0x1E, 
0x00, 0x00, 0xE0, 0xA9, 
0x00, 0x04, 0x45, 0x11, 
0xC0, 0x00, 0x00, 0x18, 
0x80, 0x90, 0x87, 0xAF, 
0x05, 0x1D, 0x91, 0x2F, 
0x00, 0x84, 0x12, 0x13, 
0x00, 0x04, 0x49, 0x29, 
0x00, 0x84, 0x00, 0x32, 
0x00, 0x88, 0x20, 0x00, 
0x00, 0x00, 0x00, 0x22, 
0x0B, 0x61, 0xFD, 0x20, 
0xC0, 0x00, 0x24, 0x00, 
0x83, 0x02, 0xA3, 0x05, 
0x0C, 0x00, 0xFD, 0x2A, 
0x00, 0x04, 0x20, 0x08, 
0x0E, 0x07, 0x00, 0x14, 
0xC0, 0x00, 0x00, 0x10, 
0xB0, 0xAC, 0x0A, 0x5F, 
0x00, 0x88, 0x20, 0x01, 
0x0E, 0x09, 0x01, 0x78, 
0x00, 0x00, 0x00, 0x22, 
0x05, 0x5C, 0x11, 0x2F, 
0x30, 0x84, 0x19, 0x9A, 
0x06, 0x02, 0x11, 0x6F, 
0x00, 0x04, 0x61, 0x84, 
0xC0, 0x00, 0x00, 0x10, 
0x80, 0x8E, 0x07, 0xBF, 
0x00, 0x88, 0x18, 0x98, 
0x00, 0x00, 0x00, 0x2A, 
0xC0, 0x00, 0x00, 0x00, 
0x82, 0x0F, 0x01, 0x7C, 
0x30, 0x00, 0xBC, 0xF8, 
0x30, 0x00, 0xB4, 0xEA, 
0x00, 0x88, 0x20, 0x01, 
0x00, 0x00, 0x00, 0x23, 
0xC0, 0x00, 0x2C, 0xB0, 
0x80, 0xFF, 0xFF, 0xFF, 
0x30, 0x85, 0x91, 0x10, 
0x00, 0x8C, 0x03, 0x94, 
0x00, 0x00, 0x00, 0x23, 
0x0F, 0x07, 0x00, 0x14, 
0x30, 0x86, 0x05, 0x40, 
0x30, 0x88, 0x10, 0x35, 
0x30, 0x20, 0x03, 0x65, 
0x2A, 0x2D, 0xDC, 0xDC, 
0x00, 0x94, 0x02, 0x3A, 
0x00, 0xE6, 0x21, 0x03, 
0x00, 0x00, 0xD8, 0x61, 
0x00, 0x00, 0xE1, 0x2A, 
0x07, 0x04, 0x88, 0x00, 
0x00, 0x84, 0x12, 0x91, 
0x00, 0x04, 0x49, 0x22, 
0x00, 0x84, 0x01, 0x12, 
0x05, 0x4C, 0x92, 0x2E, 
0x05, 0x0C, 0x12, 0x2E, 
0x0B, 0x21, 0x01, 0xA6, 
0xC0, 0x00, 0x00, 0x10, 
0x81, 0x4C, 0x16, 0x2E, 
0x05, 0x0C, 0x92, 0x3E, 
0x00, 0x00, 0xE0, 0xA9, 
0x00, 0x04, 0x45, 0x11, 
0xC0, 0x00, 0x00, 0x18, 
0x80, 0x90, 0x8A, 0x9F, 
0x05, 0x1D, 0x91, 0x7F, 
0x00, 0x84, 0x12, 0x13, 
0x00, 0x04, 0x49, 0x29, 
0x00, 0x84, 0x00, 0x32, 
0x00, 0x88, 0x20, 0x00, 
0x00, 0x00, 0x00, 0x22, 
0x0B, 0x61, 0xFD, 0x20, 
0xC0, 0x00, 0x24, 0x00, 
0x83, 0x02, 0xA3, 0x05, 
0x0C, 0x00, 0xFD, 0x2A, 
0x00, 0x04, 0x20, 0x08, 
0x0E, 0x07, 0x00, 0x19, 
0xC0, 0x00, 0x00, 0x10, 
0xB0, 0xAC, 0x0D, 0x4F, 
0x00, 0x88, 0x20, 0x01, 
0x0E, 0x09, 0x01, 0xA7, 
0x00, 0x00, 0x00, 0x22, 
0x05, 0x5C, 0x11, 0x7F, 
0x30, 0x84, 0x19, 0x9A, 
0x06, 0x02, 0x11, 0xBF, 
0x00, 0x04, 0x61, 0x84, 
0xC0, 0x00, 0x00, 0x10, 
0x80, 0x8E, 0x0A, 0xAF, 
0x00, 0x88, 0x18, 0x98, 
0x00, 0x00, 0x00, 0x2A, 
0xC0, 0x00, 0x00, 0x00, 
0x82, 0x0F, 0x01, 0xAB, 
0x30, 0x00, 0xBC, 0xF8, 
0x30, 0x00, 0xB4, 0xEA, 
0x00, 0x88, 0x20, 0x01, 
0x00, 0x00, 0x00, 0x23, 
0xC0, 0x00, 0x2C, 0xB0, 
0x80, 0xFF, 0xFF, 0xFF, 
0x30, 0x85, 0x91, 0x10, 
0x00, 0x8C, 0x03, 0x94, 
0x00, 0x00, 0x00, 0x23, 
0x0F, 0x07, 0x00, 0x19, 
0x30, 0x86, 0x05, 0x40, 
0x30, 0x88, 0x10, 0x35, 
0x30, 0x20, 0x03, 0x65, 
0x2A, 0x2D, 0xDC, 0xDC, 
0x00, 0x94, 0x02, 0x3A, 
0x00, 0xE6, 0x21, 0x03, 
0x00, 0x00, 0xD8, 0x61, 
0x00, 0x00, 0xE1, 0x2A, 
0x07, 0x04, 0x88, 0x00, 
0x00, 0x84, 0x12, 0x91, 
0x00, 0x04, 0x49, 0x22, 
0x00, 0x84, 0x01, 0x12, 
0x05, 0x4C, 0x92, 0x4E, 
0x05, 0x0C, 0x12, 0x4E, 
0x0B, 0x21, 0x01, 0xD5, 
0xC0, 0x00, 0x00, 0x10, 
0x81, 0x4C, 0x16, 0x3E, 
0x0A, 0x21, 0x01, 0xD6, 
0x00, 0x84, 0x30, 0x00, 
0xC0, 0x00, 0x00, 0x00, 
0x82, 0x0D, 0x09, 0x60, 
0x00, 0x00, 0xD8, 0x40, 
0x06, 0x10, 0x12, 0x1E, 
0x06, 0x50, 0x40, 0x00, 
0x06, 0x00, 0x08, 0x00, 
0xC0, 0x00, 0x00, 0x18, 
0x80, 0xC0, 0x17, 0xFE, 
0xC0, 0x00, 0x00, 0x00, 
0x82, 0x0E, 0x02, 0x64, 
0xC0, 0x00, 0x00, 0x00, 
0x82, 0x1F, 0x01, 0xD7, 
0xC0, 0x00, 0x00, 0x18, 
0x81, 0x08, 0x14, 0x7E, 
0x06, 0x18, 0x40, 0x31, 
0xF1, 0x6C, 0x80, 0x01, 
0x88, 0x00, 0x01, 0x22, 
0xFC, 0x6C, 0x80, 0x21, 
0x81, 0x82, 0x04, 0x23, 
0x06, 0x04, 0x93, 0x2E, 
0xE0, 0x34, 0xA2, 0x05, 
0x81, 0x80, 0x01, 0x25, 
0xE0, 0x80, 0x00, 0x25, 
0x8C, 0x02, 0x04, 0x00, 
0x00, 0x84, 0x01, 0x19, 
0x05, 0x4C, 0x93, 0x4E, 
0xC0, 0x00, 0x00, 0x00, 
0x82, 0x0E, 0x02, 0x67, 
0xC0, 0x00, 0x00, 0x00, 
0x82, 0x1F, 0x01, 0xE1, 
0xC0, 0x00, 0x00, 0x18, 
0x80, 0x88, 0x1F, 0xCE, 
0x06, 0x18, 0x40, 0x31, 
0xF1, 0x6C, 0x80, 0x01, 
0x88, 0x00, 0x01, 0x22, 
0xFC, 0x6C, 0x80, 0x21, 
0x81, 0x82, 0x04, 0x23, 
0x06, 0x04, 0x92, 0xAE, 
0xE0, 0x34, 0xA2, 0x05, 
0x81, 0x80, 0x01, 0x25, 
0xE0, 0x80, 0x00, 0x25, 
0x8C, 0x02, 0x04, 0x00, 
0x00, 0x84, 0x01, 0x19, 
0x05, 0x4C, 0x92, 0xCE, 
0x0C, 0x40, 0x28, 0xCE, 
0x06, 0x00, 0x12, 0x5E, 
0x00, 0x04, 0x00, 0x80, 
0x00, 0x00, 0x00, 0x00, 
0x05, 0x4C, 0x12, 0x6E, 
0x0C, 0x82, 0x28, 0xCF, 
0x05, 0x0C, 0x12, 0x6E, 
0x30, 0x84, 0x30, 0x00, 
0x05, 0x4C, 0x12, 0x7E, 
0x05, 0x0C, 0x92, 0x7E, 
0x00, 0x00, 0xE0, 0xA9, 
0x00, 0x04, 0x45, 0x11, 
0xC0, 0x00, 0x00, 0x18, 
0x80, 0x90, 0x8E, 0xDF, 
0x05, 0x1D, 0x91, 0xCF, 
0x00, 0x84, 0x12, 0x13, 
0x00, 0x04, 0x49, 0x29, 
0x00, 0x84, 0x00, 0x32, 
0x00, 0x88, 0x20, 0x00, 
0x00, 0x00, 0x00, 0x22, 
0x0B, 0x61, 0xFD, 0x20, 
0xC0, 0x00, 0x24, 0x00, 
0x83, 0x02, 0xA3, 0x05, 
0x0C, 0x00, 0xFD, 0x2A, 
0x00, 0x04, 0x20, 0x08, 
0x0E, 0x07, 0x00, 0x1E, 
0xC0, 0x00, 0x00, 0x10, 
0xB1, 0x2C, 0x01, 0x8F, 
0x00, 0x88, 0x20, 0x01, 
0x0E, 0x09, 0x01, 0xEB, 
0x00, 0x00, 0x00, 0x22, 
0x05, 0x5C, 0x11, 0xCF, 
0x30, 0x84, 0x19, 0x9A, 
0x06, 0x02, 0x12, 0x0F, 
0x00, 0x04, 0x61, 0x84, 
0xC0, 0x00, 0x00, 0x10, 
0x80, 0x8E, 0x0E, 0xEF, 
0x00, 0x88, 0x18, 0x98, 
0x00, 0x00, 0x00, 0x2A, 
0xC0, 0x00, 0x00, 0x00, 
0x82, 0x0F, 0x01, 0xEF, 
0x30, 0x00, 0xBC, 0xF8, 
0x30, 0x00, 0xB4, 0xEA, 
0x00, 0x88, 0x20, 0x01, 
0x00, 0x00, 0x00, 0x23, 
0xC0, 0x00, 0x2C, 0xB0, 
0x80, 0xFF, 0xFF, 0xFF, 
0x30, 0x85, 0x91, 0x10, 
0x00, 0x8C, 0x03, 0x94, 
0x00, 0x00, 0x00, 0x23, 
0x0F, 0x07, 0x00, 0x1E, 
0x30, 0x86, 0x05, 0x40, 
0x30, 0x88, 0x10, 0x35, 
0x30, 0x20, 0x03, 0x65, 
0x2A, 0x2D, 0xDC, 0xDC, 
0x00, 0x94, 0x02, 0x3A, 
0x00, 0xE6, 0x21, 0x03, 
0x00, 0x00, 0xD8, 0x61, 
0x00, 0x00, 0xE1, 0x2A, 
0x07, 0x04, 0x88, 0x00, 
0x00, 0x84, 0x12, 0x91, 
0x00, 0x04, 0x49, 0x22, 
0x00, 0x84, 0x01, 0x12, 
0x05, 0x4C, 0x92, 0x8E, 
0x05, 0x0C, 0x12, 0x8E, 
0x0B, 0x21, 0x02, 0x19, 
0xC0, 0x00, 0x00, 0x10, 
0x81, 0x4C, 0x16, 0xAE, 
0x05, 0x0F, 0x92, 0x7E, 
0xC0, 0x00, 0x00, 0x10, 
0x81, 0x4F, 0x96, 0xDE, 
0xC0, 0x00, 0x00, 0x00, 
0x82, 0x1E, 0x02, 0x6B, 
0xC0, 0x00, 0x00, 0x00, 
0x82, 0x2C, 0x00, 0x1E, 
0xC0, 0x00, 0x00, 0x00, 
0x82, 0x0F, 0x02, 0x1A, 
0xE0, 0xC0, 0x00, 0x00, 
0x80, 0x00, 0x44, 0x00, 
0xF0, 0x74, 0x80, 0x00, 
0x80, 0x02, 0x47, 0x03, 
0xFC, 0x68, 0x80, 0x01, 
0x8C, 0x02, 0x89, 0x02, 
0xE0, 0x00, 0x00, 0x07, 
0x80, 0x00, 0x00, 0x00, 
0xE0, 0x00, 0x20, 0x40, 
0x80, 0x00, 0x00, 0x00, 
0xE8, 0x80, 0x00, 0x00, 
0x80, 0x02, 0x84, 0x00, 
0xC0, 0x00, 0x00, 0x10, 
0x81, 0x4C, 0x17, 0x0E, 
0xF0, 0x74, 0x80, 0x00, 
0x80, 0x02, 0x47, 0x03, 
0xFC, 0x68, 0x80, 0x01, 
0x8C, 0x02, 0x89, 0x02, 
0xE0, 0x00, 0x00, 0x07, 
0x80, 0x00, 0x00, 0x00, 
0xE0, 0x00, 0x20, 0x40, 
0x80, 0x00, 0x00, 0x00, 
0xE8, 0x80, 0x00, 0x00, 
0x80, 0x02, 0x84, 0x00, 
0x05, 0x4C, 0x12, 0x9E, 
0xC0, 0x00, 0x00, 0x00, 
0x82, 0x0F, 0x02, 0x24, 
0x05, 0x0C, 0x92, 0xCE, 
0x0A, 0xE1, 0x28, 0xD3, 
0x00, 0x00, 0xE0, 0x69, 
0x00, 0x04, 0x41, 0x10, 
0x0C, 0x40, 0x28, 0xD0, 
0x00, 0x1C, 0x80, 0x40, 
0x00, 0x84, 0x08, 0x81, 
0x00, 0x8C, 0x18, 0x89, 
0x0A, 0xBD, 0xDC, 0x02, 
0x00, 0x00, 0x00, 0x2D, 
0xC0, 0x00, 0x29, 0xF3, 
0x88, 0x00, 0x00, 0x00, 
0xC0, 0x00, 0x2D, 0xB0, 
0x8A, 0x00, 0x00, 0x00, 
0xC0, 0x00, 0x25, 0xC0, 
0x81, 0x00, 0x00, 0x00, 
0x30, 0xE6, 0x68, 0x0F, 
0x0B, 0xE1, 0xFD, 0x20, 
0x0B, 0xE1, 0x28, 0xD3, 
0x0A, 0xA1, 0xFD, 0x2A, 
0x00, 0x84, 0x08, 0x87, 
0x00, 0x84, 0x18, 0x8E, 
0x00, 0x04, 0x61, 0x8F, 
0x0C, 0x82, 0x28, 0xD5, 
0x0A, 0x29, 0x28, 0xD6, 
0x0A, 0xA9, 0x28, 0xD2, 
0x20, 0xC5, 0x52, 0x2A, 
0x00, 0x88, 0x10, 0x28, 
0x0A, 0x2D, 0x28, 0xD5, 
0x0A, 0x31, 0x28, 0xD1, 
0x00, 0x20, 0x02, 0x48, 
0x00, 0x20, 0x02, 0x64, 
0x30, 0x85, 0x93, 0x30, 
0x00, 0xEE, 0x20, 0x02, 
0x00, 0x20, 0x01, 0x10, 
0x00, 0x00, 0xD8, 0x60, 
0x0A, 0x21, 0xDC, 0xAE, 
0x00, 0x94, 0x00, 0x20, 
0x00, 0x00, 0xE8, 0x68, 
0x00, 0x00, 0x20, 0x80, 
0x07, 0x04, 0x40, 0x00, 
0x00, 0x84, 0x19, 0x80, 
0x00, 0x04, 0x61, 0x98, 
0x00, 0x84, 0x00, 0x08, 
0x06, 0x00, 0x12, 0x9E, 
0x00, 0x04, 0x45, 0x00, 
0x0B, 0x29, 0x28, 0xD6, 
0x0B, 0x2D, 0x28, 0xD5, 
0x05, 0x4C, 0x92, 0xFE, 
0x05, 0x4C, 0x13, 0x0E, 
0x05, 0x0C, 0x93, 0x0E, 
0x00, 0x00, 0xE0, 0xA9, 
0x00, 0x04, 0x45, 0x11, 
0xC0, 0x00, 0x00, 0x18, 
0x81, 0x10, 0x85, 0xCF, 
0x05, 0x1D, 0x92, 0x1F, 
0x00, 0x84, 0x12, 0x13, 
0x00, 0x04, 0x49, 0x29, 
0x00, 0x84, 0x00, 0x32, 
0x00, 0x88, 0x20, 0x00, 
0x00, 0x00, 0x00, 0x22, 
0x0B, 0x61, 0xFD, 0x20, 
0xC0, 0x00, 0x24, 0x00, 
0x83, 0x02, 0xA3, 0x05, 
0x0C, 0x00, 0xFD, 0x2A, 
0x00, 0x04, 0x20, 0x08, 
0x0E, 0x07, 0x00, 0x23, 
0xC0, 0x00, 0x00, 0x10, 
0xB1, 0x2C, 0x08, 0x7F, 
0x00, 0x88, 0x20, 0x01, 
0x0E, 0x09, 0x02, 0x5A, 
0x00, 0x00, 0x00, 0x22, 
0x05, 0x5C, 0x12, 0x1F, 
0x30, 0x84, 0x19, 0x9A, 
0x06, 0x02, 0x12, 0x5F, 
0x00, 0x04, 0x61, 0x84, 
0xC0, 0x00, 0x00, 0x10, 
0x81, 0x0E, 0x05, 0xDF, 
0x00, 0x88, 0x18, 0x98, 
0x00, 0x00, 0x00, 0x2A, 
0xC0, 0x00, 0x00, 0x00, 
0x82, 0x0F, 0x02, 0x5E, 
0x30, 0x00, 0xBC, 0xF8, 
0x30, 0x00, 0xB4, 0xEA, 
0x00, 0x88, 0x20, 0x01, 
0x00, 0x00, 0x00, 0x23, 
0xC0, 0x00, 0x2C, 0xB0, 
0x80, 0xFF, 0xFF, 0xFF, 
0x30, 0x85, 0x91, 0x10, 
0x00, 0x8C, 0x03, 0x94, 
0x00, 0x00, 0x00, 0x23, 
0x0F, 0x07, 0x00, 0x23, 
0x30, 0x86, 0x05, 0x40, 
0x30, 0x88, 0x10, 0x35, 
0x30, 0x20, 0x03, 0x65, 
0x2A, 0x2D, 0xDC, 0xDC, 
0x00, 0x94, 0x02, 0x3A, 
0x00, 0xE6, 0x21, 0x03, 
0x00, 0x00, 0xD8, 0x61, 
0x00, 0x00, 0xE1, 0x2A, 
0x07, 0x04, 0x88, 0x00, 
0x00, 0x84, 0x12, 0x91, 
0x00, 0x04, 0x49, 0x22, 
0x00, 0x84, 0x01, 0x12, 
0x05, 0x4C, 0x93, 0x1E, 
0x05, 0x0C, 0x13, 0x1E, 
0x0B, 0x21, 0x02, 0x88, 
0xC0, 0x00, 0x00, 0x10, 
0x81, 0x4C, 0x17, 0x1E, 
0xC0, 0x00, 0x00, 0x00, 
0x82, 0x0C, 0x00, 0x2A, 
0xC0, 0x00, 0x00, 0x00, 
0x82, 0x1E, 0x00, 0x2D, 
0xC0, 0x00, 0x00, 0x00, 
0x82, 0x6F, 0x02, 0x89, 
0xFD, 0x6A, 0x80, 0x00, 
0x80, 0x00, 0x00, 0xC3, 
0xF8, 0x74, 0x80, 0x03, 
0x81, 0x40, 0x41, 0xC5, 
0xFC, 0x6A, 0x80, 0x21, 
0x88, 0x00, 0x08, 0xC3, 
0xE0, 0x34, 0xA2, 0x07, 
0x80, 0x42, 0x09, 0xC5, 
0xFD, 0x6A, 0x80, 0x27, 
0x8A, 0x80, 0x08, 0xC3, 
0xE8, 0xB4, 0xA6, 0x43, 
0x81, 0x42, 0x09, 0xC5, 
0xFC, 0x6A, 0x80, 0x21, 
0x8F, 0x04, 0x08, 0xC3, 
0xE9, 0xB4, 0xA2, 0x07, 
0x80, 0x42, 0x09, 0xC5, 
0xE8, 0x80, 0x00, 0x27, 
0x8A, 0x82, 0x08, 0x00, 
0x00, 0x84, 0x01, 0x19, 
0x05, 0x5C, 0xD0, 0x00, 
0x05, 0x4C, 0x93, 0x5E, 
0xC0, 0x00, 0x00, 0x00, 
0x82, 0x0F, 0x02, 0x9D, 
0x05, 0x0C, 0x93, 0x4E, 
0x0A, 0xE1, 0x28, 0xDA, 
0x00, 0x00, 0xE0, 0x69, 
0x00, 0x04, 0x41, 0x10, 
0x0C, 0x40, 0x28, 0xD7, 
0x00, 0x1C, 0x80, 0x40, 
0x00, 0x84, 0x08, 0x81, 
0x00, 0x8C, 0x18, 0x89, 
0x0A, 0xBD, 0xDC, 0x02, 
0x00, 0x00, 0x00, 0x2D, 
0xC0, 0x00, 0x29, 0xF3, 
0x88, 0x00, 0x00, 0x00, 
0xC0, 0x00, 0x2D, 0xB0, 
0x8A, 0x00, 0x00, 0x00, 
0xC0, 0x00, 0x25, 0xC0, 
0x81, 0x00, 0x00, 0x00, 
0x30, 0xE6, 0x68, 0x0F, 
0x0B, 0xE1, 0xFD, 0x20, 
0x0B, 0xE1, 0x28, 0xDA, 
0x0A, 0xA1, 0xFD, 0x2A, 
0x00, 0x84, 0x08, 0x87, 
0x00, 0x84, 0x18, 0x8E, 
0x00, 0x04, 0x61, 0x8F, 
0x0C, 0x82, 0x28, 0xDC, 
0x0A, 0x29, 0x28, 0xDD, 
0x0A, 0xA9, 0x28, 0xD9, 
0x20, 0xC5, 0x52, 0x2A, 
0x00, 0x88, 0x10, 0x28, 
0x0A, 0x2D, 0x28, 0xDC, 
0x0A, 0x31, 0x28, 0xD8, 
0x00, 0x20, 0x02, 0x48, 
0x00, 0x20, 0x02, 0x64, 
0x30, 0x85, 0x93, 0x30, 
0x00, 0xEE, 0x20, 0x02, 
0x00, 0x20, 0x01, 0x10, 
0x00, 0x00, 0xD8, 0x60, 
0x0A, 0x21, 0xDC, 0xAE, 
0x00, 0x94, 0x00, 0x20, 
0x00, 0x00, 0xE8, 0x68, 
0x00, 0x00, 0x20, 0x80, 
0x07, 0x04, 0x40, 0x00, 
0x00, 0x84, 0x19, 0x80, 
0x00, 0x04, 0x61, 0x98, 
0x00, 0x84, 0x00, 0x08, 
0x06, 0x00, 0x13, 0x5E, 
0x00, 0x04, 0x45, 0x00, 
0x0B, 0x29, 0x28, 0xDD, 
0x0B, 0x2D, 0x28, 0xDC, 
0x05, 0x4C, 0x93, 0x6E, 
0x05, 0x4C, 0x13, 0x8E, 
0x05, 0x0C, 0x93, 0x6E, 
0x00, 0x00, 0xE0, 0xA9, 
0x00, 0x04, 0x45, 0x11, 
0xC0, 0x00, 0x00, 0x18, 
0x81, 0x10, 0x8D, 0x5F, 
0x05, 0x1D, 0x92, 0x6F, 
0x00, 0x84, 0x12, 0x13, 
0x00, 0x04, 0x49, 0x29, 
0x00, 0x84, 0x00, 0x32, 
0x00, 0x88, 0x20, 0x00, 
0x00, 0x00, 0x00, 0x22, 
0x0B, 0x61, 0xFD, 0x20, 
0xC0, 0x00, 0x24, 0x00, 
0x83, 0x02, 0xA3, 0x05, 
0x0C, 0x00, 0xFD, 0x2A, 
0x00, 0x04, 0x20, 0x08, 
0x0E, 0x07, 0x00, 0x28, 
0xC0, 0x00, 0x00, 0x10, 
0xB1, 0xAC, 0x00, 0x0F, 
0x00, 0x88, 0x20, 0x01, 
0x0E, 0x09, 0x02, 0xD3, 
0x00, 0x00, 0x00, 0x22, 
0x05, 0x5C, 0x12, 0x6F, 
0x30, 0x84, 0x19, 0x9A, 
0x06, 0x02, 0x12, 0xAF, 
0x00, 0x04, 0x61, 0x84, 
0xC0, 0x00, 0x00, 0x10, 
0x81, 0x0E, 0x0D, 0x6F, 
0x00, 0x88, 0x18, 0x98, 
0x00, 0x00, 0x00, 0x2A, 
0xC0, 0x00, 0x00, 0x00, 
0x82, 0x0F, 0x02, 0xD7, 
0x30, 0x00, 0xBC, 0xF8, 
0x30, 0x00, 0xB4, 0xEA, 
0x00, 0x88, 0x20, 0x01, 
0x00, 0x00, 0x00, 0x23, 
0xC0, 0x00, 0x2C, 0xB0, 
0x80, 0xFF, 0xFF, 0xFF, 
0x30, 0x85, 0x91, 0x10, 
0x00, 0x8C, 0x03, 0x94, 
0x00, 0x00, 0x00, 0x23, 
0x0F, 0x07, 0x00, 0x28, 
0x30, 0x86, 0x05, 0x40, 
0x30, 0x88, 0x10, 0x35, 
0x30, 0x20, 0x03, 0x65, 
0x2A, 0x2D, 0xDC, 0xDC, 
0x00, 0x94, 0x02, 0x3A, 
0x00, 0xE6, 0x21, 0x03, 
0x00, 0x00, 0xD8, 0x61, 
0x00, 0x00, 0xE1, 0x2A, 
0x07, 0x04, 0x88, 0x00, 
0x00, 0x84, 0x12, 0x91, 
0x00, 0x04, 0x49, 0x22, 
0x00, 0x84, 0x01, 0x12, 
0x05, 0x4C, 0x93, 0x7E, 
0x05, 0x0C, 0x13, 0x7E, 
0x0B, 0x21, 0x03, 0x01, 
0xC0, 0x00, 0x00, 0x10, 
0x81, 0x4C, 0x17, 0x2E, 
0x05, 0x0C, 0x93, 0x8E, 
0x00, 0x00, 0xE0, 0xA9, 
0x00, 0x04, 0x45, 0x11, 
0xC0, 0x00, 0x00, 0x18, 
0x81, 0x90, 0x80, 0x4F, 
0x05, 0x1D, 0x92, 0xBF, 
0x00, 0x84, 0x12, 0x13, 
0x00, 0x04, 0x49, 0x29, 
0x00, 0x84, 0x00, 0x32, 
0x00, 0x88, 0x20, 0x00, 
0x00, 0x00, 0x00, 0x22, 
0x0B, 0x61, 0xFD, 0x20, 
0xC0, 0x00, 0x24, 0x00, 
0x83, 0x02, 0xA3, 0x05, 
0x0C, 0x00, 0xFD, 0x2A, 
0x00, 0x04, 0x20, 0x08, 
0x0E, 0x07, 0x00, 0x2D, 
0xC0, 0x00, 0x00, 0x10, 
0xB1, 0xAC, 0x02, 0xFF, 
0x00, 0x88, 0x20, 0x01, 
0x0E, 0x09, 0x03, 0x02, 
0x00, 0x00, 0x00, 0x22, 
0x05, 0x5C, 0x12, 0xBF, 
0x30, 0x84, 0x19, 0x9A, 
0x06, 0x02, 0x12, 0xFF, 
0x00, 0x04, 0x61, 0x84, 
0xC0, 0x00, 0x00, 0x10, 
0x81, 0x8E, 0x00, 0x5F, 
0x00, 0x88, 0x18, 0x98, 
0x00, 0x00, 0x00, 0x2A, 
0xC0, 0x00, 0x00, 0x00, 
0x82, 0x0F, 0x03, 0x06, 
0x30, 0x00, 0xBC, 0xF8, 
0x30, 0x00, 0xB4, 0xEA, 
0x00, 0x88, 0x20, 0x01, 
0x00, 0x00, 0x00, 0x23, 
0xC0, 0x00, 0x2C, 0xB0, 
0x80, 0xFF, 0xFF, 0xFF, 
0x30, 0x85, 0x91, 0x10, 
0x00, 0x8C, 0x03, 0x94, 
0x00, 0x00, 0x00, 0x23, 
0x0F, 0x07, 0x00, 0x2D, 
0x30, 0x86, 0x05, 0x40, 
0x30, 0x88, 0x10, 0x35, 
0x30, 0x20, 0x03, 0x65, 
0x2A, 0x2D, 0xDC, 0xDC, 
0x00, 0x94, 0x02, 0x3A, 
0x00, 0xE6, 0x21, 0x03, 
0x00, 0x00, 0xD8, 0x61, 
0x00, 0x00, 0xE1, 0x2A, 
0x07, 0x04, 0x88, 0x00, 
0x00, 0x84, 0x12, 0x91, 
0x00, 0x04, 0x49, 0x22, 
0x00, 0x84, 0x01, 0x12, 
0x05, 0x4C, 0x93, 0x9E, 
0x05, 0x0C, 0x13, 0x9E, 
0x0B, 0x21, 0x03, 0x30, 
0xC0, 0x00, 0x00, 0x10, 
0x81, 0x4C, 0x17, 0x3E, 
0x0A, 0x21, 0x03, 0x31, 
0x00, 0x84, 0x30, 0x00, 
0xC0, 0x00, 0x00, 0x00, 
0x82, 0x0D, 0x09, 0x93, 
0x00, 0x00, 0xD8, 0x40, 
0x06, 0x10, 0x13, 0x6E, 
0x06, 0x50, 0x40, 0x00, 
0x06, 0x00, 0x08, 0x00, 
0xC0, 0x00, 0x00, 0x18, 
0x80, 0xC0, 0x17, 0xEE, 
0xC0, 0x00, 0x00, 0x00, 
0x82, 0x0E, 0x02, 0x74, 
0xC0, 0x00, 0x00, 0x00, 
0x82, 0x1F, 0x03, 0x32, 
0xC0, 0x00, 0x00, 0x18, 
0x81, 0x08, 0x14, 0x2E, 
0x06, 0x18, 0x40, 0x31, 
0xF1, 0x6C, 0x80, 0x01, 
0x88, 0x00, 0x01, 0x22, 
0xFC, 0x6C, 0x80, 0x21, 
0x81, 0x82, 0x04, 0x23, 
0x06, 0x04, 0x94, 0x7E, 
0xE0, 0x34, 0xA2, 0x05, 
0x81, 0x80, 0x01, 0x25, 
0xE0, 0x80, 0x00, 0x25, 
0x8C, 0x02, 0x04, 0x00, 
0x00, 0x84, 0x01, 0x19, 
0x05, 0x4C, 0x94, 0x9E, 
0xC0, 0x00, 0x00, 0x00, 
0x82, 0x0E, 0x02, 0x77, 
0xC0, 0x00, 0x00, 0x00, 
0x82, 0x1F, 0x03, 0x3C, 
0xC0, 0x00, 0x00, 0x18, 
0x80, 0x88, 0x1F, 0x7E, 
0x06, 0x18, 0x40, 0x31, 
0xF1, 0x6C, 0x80, 0x01, 
0x88, 0x00, 0x01, 0x22, 
0xFC, 0x6C, 0x80, 0x21, 
0x81, 0x82, 0x04, 0x23, 
0x06, 0x04, 0x93, 0xFE, 
0xE0, 0x34, 0xA2, 0x05, 
0x81, 0x80, 0x01, 0x25, 
0xE0, 0x80, 0x00, 0x25, 
0x8C, 0x02, 0x04, 0x00, 
0x00, 0x84, 0x01, 0x19, 
0x05, 0x4C, 0x94, 0x1E, 
0x0C, 0x40, 0x28, 0xDE, 
0x06, 0x00, 0x13, 0xAE, 
0x00, 0x04, 0x00, 0x80, 
0x00, 0x00, 0x00, 0x00, 
0x05, 0x4C, 0x13, 0xBE, 
0x0C, 0x82, 0x28, 0xDF, 
0x05, 0x0C, 0x13, 0xBE, 
0x30, 0x84, 0x30, 0x00, 
0x05, 0x4C, 0x13, 0xCE, 
0x05, 0x0C, 0x93, 0xCE, 
0x00, 0x00, 0xE0, 0xA9, 
0x00, 0x04, 0x45, 0x11, 
0xC0, 0x00, 0x00, 0x18, 
0x81, 0x90, 0x84, 0x8F, 
0x05, 0x1D, 0x93, 0x0F, 
0x00, 0x84, 0x12, 0x13, 
0x00, 0x04, 0x49, 0x29, 
0x00, 0x84, 0x00, 0x32, 
0x00, 0x88, 0x20, 0x00, 
0x00, 0x00, 0x00, 0x22, 
0x0B, 0x61, 0xFD, 0x20, 
0xC0, 0x00, 0x24, 0x00, 
0x83, 0x02, 0xA3, 0x05, 
0x0C, 0x00, 0xFD, 0x2A, 
0x00, 0x04, 0x20, 0x08, 
0x0E, 0x07, 0x00, 0x32, 
0xC0, 0x00, 0x00, 0x10, 
0xB1, 0xAC, 0x07, 0x3F, 
0x00, 0x88, 0x20, 0x01, 
0x0E, 0x09, 0x03, 0x46, 
0x00, 0x00, 0x00, 0x22, 
0x05, 0x5C, 0x13, 0x0F, 
0x30, 0x84, 0x19, 0x9A, 
0x06, 0x02, 0x13, 0x4F, 
0x00, 0x04, 0x61, 0x84, 
0xC0, 0x00, 0x00, 0x10, 
0x81, 0x8E, 0x04, 0x9F, 
0x00, 0x88, 0x18, 0x98, 
0x00, 0x00, 0x00, 0x2A, 
0xC0, 0x00, 0x00, 0x00, 
0x82, 0x0F, 0x03, 0x4A, 
0x30, 0x00, 0xBC, 0xF8, 
0x30, 0x00, 0xB4, 0xEA, 
0x00, 0x88, 0x20, 0x01, 
0x00, 0x00, 0x00, 0x23, 
0xC0, 0x00, 0x2C, 0xB0, 
0x80, 0xFF, 0xFF, 0xFF, 
0x30, 0x85, 0x91, 0x10, 
0x00, 0x8C, 0x03, 0x94, 
0x00, 0x00, 0x00, 0x23, 
0x0F, 0x07, 0x00, 0x32, 
0x30, 0x86, 0x05, 0x40, 
0x30, 0x88, 0x10, 0x35, 
0x30, 0x20, 0x03, 0x65, 
0x2A, 0x2D, 0xDC, 0xDC, 
0x00, 0x94, 0x02, 0x3A, 
0x00, 0xE6, 0x21, 0x03, 
0x00, 0x00, 0xD8, 0x61, 
0x00, 0x00, 0xE1, 0x2A, 
0x07, 0x04, 0x88, 0x00, 
0x00, 0x84, 0x12, 0x91, 
0x00, 0x04, 0x49, 0x22, 
0x00, 0x84, 0x01, 0x12, 
0x05, 0x4C, 0x93, 0xDE, 
0x05, 0x0C, 0x13, 0xDE, 
0x0B, 0x21, 0x03, 0x74, 
0xC0, 0x00, 0x00, 0x10, 
0x81, 0x4C, 0x17, 0xAE, 
0x05, 0x0F, 0x93, 0xCE, 
0xC0, 0x00, 0x00, 0x10, 
0x81, 0x4F, 0x97, 0xDE, 
0xC0, 0x00, 0x00, 0x00, 
0x82, 0x1E, 0x02, 0x7B, 
0xC0, 0x00, 0x00, 0x00, 
0x82, 0x2C, 0x00, 0x3C, 
0xC0, 0x00, 0x00, 0x00, 
0x82, 0x0F, 0x03, 0x75, 
0xE0, 0xC0, 0x00, 0x00, 
0x80, 0x00, 0x44, 0x00, 
0xF0, 0x74, 0x80, 0x00, 
0x80, 0x02, 0x47, 0x03, 
0xFC, 0x68, 0x80, 0x01, 
0x8C, 0x02, 0x89, 0x02, 
0xE0, 0x00, 0x00, 0x07, 
0x80, 0x00, 0x00, 0x00, 
0xE0, 0x00, 0x20, 0x40, 
0x80, 0x00, 0x00, 0x00, 
0xE8, 0x80, 0x00, 0x00, 
0x80, 0x02, 0x84, 0x00, 
0xC0, 0x00, 0x00, 0x10, 
0x81, 0x4C, 0x18, 0x0E, 
0xF0, 0x74, 0x80, 0x00, 
0x80, 0x02, 0x47, 0x03, 
0xFC, 0x68, 0x80, 0x01, 
0x8C, 0x02, 0x89, 0x02, 
0xE0, 0x00, 0x00, 0x07, 
0x80, 0x00, 0x00, 0x00, 
0xE0, 0x00, 0x20, 0x40, 
0x80, 0x00, 0x00, 0x00, 
0xE8, 0x80, 0x00, 0x00, 
0x80, 0x02, 0x84, 0x00, 
0x05, 0x4C, 0x13, 0xEE, 
0xC0, 0x00, 0x00, 0x00, 
0x82, 0x0F, 0x03, 0x7F, 
0x05, 0x0C, 0x94, 0x1E, 
0x0A, 0xE1, 0x28, 0xE3, 
0x00, 0x00, 0xE0, 0x69, 
0x00, 0x04, 0x41, 0x10, 
0x0C, 0x40, 0x28, 0xE0, 
0x00, 0x1C, 0x80, 0x40, 
0x00, 0x84, 0x08, 0x81, 
0x00, 0x8C, 0x18, 0x89, 
0x0A, 0xBD, 0xDC, 0x02, 
0x00, 0x00, 0x00, 0x2D, 
0xC0, 0x00, 0x29, 0xF3, 
0x88, 0x00, 0x00, 0x00, 
0xC0, 0x00, 0x2D, 0xB0, 
0x8A, 0x00, 0x00, 0x00, 
0xC0, 0x00, 0x25, 0xC0, 
0x81, 0x00, 0x00, 0x00, 
0x30, 0xE6, 0x68, 0x0F, 
0x0B, 0xE1, 0xFD, 0x20, 
0x0B, 0xE1, 0x28, 0xE3, 
0x0A, 0xA1, 0xFD, 0x2A, 
0x00, 0x84, 0x08, 0x87, 
0x00, 0x84, 0x18, 0x8E, 
0x00, 0x04, 0x61, 0x8F, 
0x0C, 0x82, 0x28, 0xE5, 
0x0A, 0x29, 0x28, 0xE6, 
0x0A, 0xA9, 0x28, 0xE2, 
0x20, 0xC5, 0x52, 0x2A, 
0x00, 0x88, 0x10, 0x28, 
0x0A, 0x2D, 0x28, 0xE5, 
0x0A, 0x31, 0x28, 0xE1, 
0x00, 0x20, 0x02, 0x48, 
0x00, 0x20, 0x02, 0x64, 
0x30, 0x85, 0x93, 0x30, 
0x00, 0xEE, 0x20, 0x02, 
0x00, 0x20, 0x01, 0x10, 
0x00, 0x00, 0xD8, 0x60, 
0x0A, 0x21, 0xDC, 0xAE, 
0x00, 0x94, 0x00, 0x20, 
0x00, 0x00, 0xE8, 0x68, 
0x00, 0x00, 0x20, 0x80, 
0x07, 0x04, 0x40, 0x00, 
0x00, 0x84, 0x19, 0x80, 
0x00, 0x04, 0x61, 0x98, 
0x00, 0x84, 0x00, 0x08, 
0x06, 0x00, 0x13, 0xEE, 
0x00, 0x04, 0x45, 0x00, 
0x0B, 0x29, 0x28, 0xE6, 
0x0B, 0x2D, 0x28, 0xE5, 
0x05, 0x4C, 0x94, 0x4E, 
0x05, 0x4C, 0x14, 0x5E, 
0x05, 0x0C, 0x94, 0x5E, 
0x00, 0x00, 0xE0, 0xA9, 
0x00, 0x04, 0x45, 0x11, 
0xC0, 0x00, 0x00, 0x18, 
0x81, 0x90, 0x8B, 0x7F, 
0x05, 0x1D, 0x93, 0x5F, 
0x00, 0x84, 0x12, 0x13, 
0x00, 0x04, 0x49, 0x29, 
0x00, 0x84, 0x00, 0x32, 
0x00, 0x88, 0x20, 0x00, 
0x00, 0x00, 0x00, 0x22, 
0x0B, 0x61, 0xFD, 0x20, 
0xC0, 0x00, 0x24, 0x00, 
0x83, 0x02, 0xA3, 0x05, 
0x0C, 0x00, 0xFD, 0x2A, 
0x00, 0x04, 0x20, 0x08, 
0x0E, 0x07, 0x00, 0x37, 
0xC0, 0x00, 0x00, 0x10, 
0xB1, 0xAC, 0x0E, 0x2F, 
0x00, 0x88, 0x20, 0x01, 
0x0E, 0x09, 0x03, 0xB5, 
0x00, 0x00, 0x00, 0x22, 
0x05, 0x5C, 0x13, 0x5F, 
0x30, 0x84, 0x19, 0x9A, 
0x06, 0x02, 0x13, 0x9F, 
0x00, 0x04, 0x61, 0x84, 
0xC0, 0x00, 0x00, 0x10, 
0x81, 0x8E, 0x0B, 0x8F, 
0x00, 0x88, 0x18, 0x98, 
0x00, 0x00, 0x00, 0x2A, 
0xC0, 0x00, 0x00, 0x00, 
0x82, 0x0F, 0x03, 0xB9, 
0x30, 0x00, 0xBC, 0xF8, 
0x30, 0x00, 0xB4, 0xEA, 
0x00, 0x88, 0x20, 0x01, 
0x00, 0x00, 0x00, 0x23, 
0xC0, 0x00, 0x2C, 0xB0, 
0x80, 0xFF, 0xFF, 0xFF, 
0x30, 0x85, 0x91, 0x10, 
0x00, 0x8C, 0x03, 0x94, 
0x00, 0x00, 0x00, 0x23, 
0x0F, 0x07, 0x00, 0x37, 
0x30, 0x86, 0x05, 0x40, 
0x30, 0x88, 0x10, 0x35, 
0x30, 0x20, 0x03, 0x65, 
0x2A, 0x2D, 0xDC, 0xDC, 
0x00, 0x94, 0x02, 0x3A, 
0x00, 0xE6, 0x21, 0x03, 
0x00, 0x00, 0xD8, 0x61, 
0x00, 0x00, 0xE1, 0x2A, 
0x07, 0x04, 0x88, 0x00, 
0x00, 0x84, 0x12, 0x91, 
0x00, 0x04, 0x49, 0x22, 
0x00, 0x84, 0x01, 0x12, 
0x05, 0x4C, 0x94, 0x6E, 
0x05, 0x0C, 0x14, 0x6E, 
0x0B, 0x21, 0x03, 0xE3, 
0xC0, 0x00, 0x00, 0x10, 
0x81, 0x4C, 0x18, 0x1E, 
0xC0, 0x00, 0x00, 0x00, 
0x82, 0x0C, 0x00, 0x48, 
0xC0, 0x00, 0x00, 0x00, 
0x82, 0x1E, 0x00, 0x42, 
0xC0, 0x00, 0x00, 0x00, 
0x82, 0x6F, 0x03, 0xE4, 
0xFD, 0x6A, 0x80, 0x00, 
0x80, 0x00, 0x00, 0xC3, 
0xF8, 0x74, 0x80, 0x03, 
0x81, 0x40, 0x41, 0xC5, 
0xFC, 0x6A, 0x80, 0x21, 
0x88, 0x00, 0x08, 0xC3, 
0xE0, 0x34, 0xA2, 0x07, 
0x80, 0x42, 0x09, 0xC5, 
0xFD, 0x6A, 0x80, 0x27, 
0x8A, 0x80, 0x08, 0xC3, 
0xE8, 0xB4, 0xA6, 0x43, 
0x81, 0x42, 0x09, 0xC5, 
0xFC, 0x6A, 0x80, 0x21, 
0x8F, 0x04, 0x08, 0xC3, 
0xE9, 0xB4, 0xA2, 0x07, 
0x80, 0x42, 0x09, 0xC5, 
0xE8, 0x80, 0x00, 0x27, 
0x8A, 0x82, 0x08, 0x00, 
0x00, 0x84, 0x01, 0x19, 
0x05, 0x5C, 0xD0, 0x00, 
0x05, 0x4C, 0x94, 0xAE, 
0xC0, 0x00, 0x00, 0x00, 
0x82, 0x0F, 0x03, 0xF8, 
0x05, 0x0C, 0x94, 0x9E, 
0x0A, 0xE1, 0x28, 0xEA, 
0x00, 0x00, 0xE0, 0x69, 
0x00, 0x04, 0x41, 0x10, 
0x0C, 0x40, 0x28, 0xE7, 
0x00, 0x1C, 0x80, 0x40, 
0x00, 0x84, 0x08, 0x81, 
0x00, 0x8C, 0x18, 0x89, 
0x0A, 0xBD, 0xDC, 0x02, 
0x00, 0x00, 0x00, 0x2D, 
0xC0, 0x00, 0x29, 0xF3, 
0x88, 0x00, 0x00, 0x00, 
0xC0, 0x00, 0x2D, 0xB0, 
0x8A, 0x00, 0x00, 0x00, 
0xC0, 0x00, 0x25, 0xC0, 
0x81, 0x00, 0x00, 0x00, 
0x30, 0xE6, 0x68, 0x0F, 
0x0B, 0xE1, 0xFD, 0x20, 
0x0B, 0xE1, 0x28, 0xEA, 
0x0A, 0xA1, 0xFD, 0x2A, 
0x00, 0x84, 0x08, 0x87, 
0x00, 0x84, 0x18, 0x8E, 
0x00, 0x04, 0x61, 0x8F, 
0x0C, 0x82, 0x28, 0xEC, 
0x0A, 0x29, 0x28, 0xED, 
0x0A, 0xA9, 0x28, 0xE9, 
0x20, 0xC5, 0x52, 0x2A, 
0x00, 0x88, 0x10, 0x28, 
0x0A, 0x2D, 0x28, 0xEC, 
0x0A, 0x31, 0x28, 0xE8, 
0x00, 0x20, 0x02, 0x48, 
0x00, 0x20, 0x02, 0x64, 
0x30, 0x85, 0x93, 0x30, 
0x00, 0xEE, 0x20, 0x02, 
0x00, 0x20, 0x01, 0x10, 
0x00, 0x00, 0xD8, 0x60, 
0x0A, 0x21, 0xDC, 0xAE, 
0x00, 0x94, 0x00, 0x20, 
0x00, 0x00, 0xE8, 0x68, 
0x00, 0x00, 0x20, 0x80, 
0x07, 0x04, 0x40, 0x00, 
0x00, 0x84, 0x19, 0x80, 
0x00, 0x04, 0x61, 0x98, 
0x00, 0x84, 0x00, 0x08, 
0x06, 0x00, 0x14, 0xAE, 
0x00, 0x04, 0x45, 0x00, 
0x0B, 0x29, 0x28, 0xED, 
0x0B, 0x2D, 0x28, 0xEC, 
0x05, 0x4C, 0x94, 0xBE, 
0x05, 0x4C, 0x14, 0xDE, 
0x05, 0x0C, 0x94, 0xBE, 
0x00, 0x00, 0xE0, 0xA9, 
0x00, 0x04, 0x45, 0x11, 
0xC0, 0x00, 0x00, 0x18, 
0x82, 0x10, 0x83, 0x0F, 
0x05, 0x1D, 0x93, 0xAF, 
0x00, 0x84, 0x12, 0x13, 
0x00, 0x04, 0x49, 0x29, 
0x00, 0x84, 0x00, 0x32, 
0x00, 0x88, 0x20, 0x00, 
0x00, 0x00, 0x00, 0x22, 
0x0B, 0x61, 0xFD, 0x20, 
0xC0, 0x00, 0x24, 0x00, 
0x83, 0x02, 0xA3, 0x05, 
0x0C, 0x00, 0xFD, 0x2A, 
0x00, 0x04, 0x20, 0x08, 
0x0E, 0x07, 0x00, 0x3C, 
0xC0, 0x00, 0x00, 0x10, 
0xB2, 0x2C, 0x05, 0xBF, 
0x00, 0x88, 0x20, 0x01, 
0x0E, 0x09, 0x04, 0x2E, 
0x00, 0x00, 0x00, 0x22, 
0x05, 0x5C, 0x13, 0xAF, 
0x30, 0x84, 0x19, 0x9A, 
0x06, 0x02, 0x13, 0xEF, 
0x00, 0x04, 0x61, 0x84, 
0xC0, 0x00, 0x00, 0x10, 
0x82, 0x0E, 0x03, 0x1F, 
0x00, 0x88, 0x18, 0x98, 
0x00, 0x00, 0x00, 0x2A, 
0xC0, 0x00, 0x00, 0x00, 
0x82, 0x0F, 0x04, 0x32, 
0x30, 0x00, 0xBC, 0xF8, 
0x30, 0x00, 0xB4, 0xEA, 
0x00, 0x88, 0x20, 0x01, 
0x00, 0x00, 0x00, 0x23, 
0xC0, 0x00, 0x2C, 0xB0, 
0x80, 0xFF, 0xFF, 0xFF, 
0x30, 0x85, 0x91, 0x10, 
0x00, 0x8C, 0x03, 0x94, 
0x00, 0x00, 0x00, 0x23, 
0x0F, 0x07, 0x00, 0x3C, 
0x30, 0x86, 0x05, 0x40, 
0x30, 0x88, 0x10, 0x35, 
0x30, 0x20, 0x03, 0x65, 
0x2A, 0x2D, 0xDC, 0xDC, 
0x00, 0x94, 0x02, 0x3A, 
0x00, 0xE6, 0x21, 0x03, 
0x00, 0x00, 0xD8, 0x61, 
0x00, 0x00, 0xE1, 0x2A, 
0x07, 0x04, 0x88, 0x00, 
0x00, 0x84, 0x12, 0x91, 
0x00, 0x04, 0x49, 0x22, 
0x00, 0x84, 0x01, 0x12, 
0x05, 0x4C, 0x94, 0xCE, 
0x05, 0x0C, 0x14, 0xCE, 
0x0B, 0x21, 0x04, 0x5C, 
0xC0, 0x00, 0x00, 0x10, 
0x81, 0x4C, 0x18, 0x2E, 
0x05, 0x0C, 0x94, 0xDE, 
0x00, 0x00, 0xE0, 0xA9, 
0x00, 0x04, 0x45, 0x11, 
0xC0, 0x00, 0x00, 0x18, 
0x82, 0x10, 0x85, 0xFF, 
0x05, 0x1D, 0x93, 0xFF, 
0x00, 0x84, 0x12, 0x13, 
0x00, 0x04, 0x49, 0x29, 
0x00, 0x84, 0x00, 0x32, 
0x00, 0x88, 0x20, 0x00, 
0x00, 0x00, 0x00, 0x22, 
0x0B, 0x61, 0xFD, 0x20, 
0xC0, 0x00, 0x24, 0x00, 
0x83, 0x02, 0xA3, 0x05, 
0x0C, 0x00, 0xFD, 0x2A, 
0x00, 0x04, 0x20, 0x08, 
0x0E, 0x07, 0x00, 0x41, 
0xC0, 0x00, 0x00, 0x10, 
0xB2, 0x2C, 0x08, 0xAF, 
0x00, 0x88, 0x20, 0x01, 
0x0E, 0x09, 0x04, 0x5D, 
0x00, 0x00, 0x00, 0x22, 
0x05, 0x5C, 0x13, 0xFF, 
0x30, 0x84, 0x19, 0x9A, 
0x06, 0x02, 0x14, 0x3F, 
0x00, 0x04, 0x61, 0x84, 
0xC0, 0x00, 0x00, 0x10, 
0x82, 0x0E, 0x06, 0x0F, 
0x00, 0x88, 0x18, 0x98, 
0x00, 0x00, 0x00, 0x2A, 
0xC0, 0x00, 0x00, 0x00, 
0x82, 0x0F, 0x04, 0x61, 
0x30, 0x00, 0xBC, 0xF8, 
0x30, 0x00, 0xB4, 0xEA, 
0x00, 0x88, 0x20, 0x01, 
0x00, 0x00, 0x00, 0x23, 
0xC0, 0x00, 0x2C, 0xB0, 
0x80, 0xFF, 0xFF, 0xFF, 
0x30, 0x85, 0x91, 0x10, 
0x00, 0x8C, 0x03, 0x94, 
0x00, 0x00, 0x00, 0x23, 
0x0F, 0x07, 0x00, 0x41, 
0x30, 0x86, 0x05, 0x40, 
0x30, 0x88, 0x10, 0x35, 
0x30, 0x20, 0x03, 0x65, 
0x2A, 0x2D, 0xDC, 0xDC, 
0x00, 0x94, 0x02, 0x3A, 
0x00, 0xE6, 0x21, 0x03, 
0x00, 0x00, 0xD8, 0x61, 
0x00, 0x00, 0xE1, 0x2A, 
0x07, 0x04, 0x88, 0x00, 
0x00, 0x84, 0x12, 0x91, 
0x00, 0x04, 0x49, 0x22, 
0x00, 0x84, 0x01, 0x12, 
0x05, 0x4C, 0x94, 0xEE, 
0x05, 0x0C, 0x14, 0xEE, 
0x0B, 0x21, 0x04, 0x8B, 
0xC0, 0x00, 0x00, 0x10, 
0x81, 0x4C, 0x18, 0x3E, 
0x0A, 0x21, 0x04, 0x8C, 
0x00, 0x84, 0x30, 0x00, 
0xC0, 0x00, 0x00, 0x00, 
0x82, 0x0D, 0x09, 0xC6, 
0x00, 0x00, 0xD8, 0x40, 
0x06, 0x10, 0x14, 0xBE, 
0x06, 0x50, 0x40, 0x00, 
0x06, 0x00, 0x08, 0x00, 
0xC0, 0x00, 0x00, 0x18, 
0x80, 0xC0, 0x17, 0xDE, 
0xC0, 0x00, 0x00, 0x00, 
0x82, 0x0E, 0x02, 0x84, 
0xC0, 0x00, 0x00, 0x00, 
0x82, 0x1F, 0x04, 0x8D, 
0xC0, 0x00, 0x00, 0x18, 
0x81, 0x08, 0x13, 0xDE, 
0x06, 0x18, 0x40, 0x31, 
0xF1, 0x6C, 0x80, 0x01, 
0x88, 0x00, 0x01, 0x22, 
0xFC, 0x6C, 0x80, 0x21, 
0x81, 0x82, 0x04, 0x23, 
0x06, 0x04, 0x95, 0xCE, 
0xE0, 0x34, 0xA2, 0x05, 
0x81, 0x80, 0x01, 0x25, 
0xE0, 0x80, 0x00, 0x25, 
0x8C, 0x02, 0x04, 0x00, 
0x00, 0x84, 0x01, 0x19, 
0x05, 0x4C, 0x95, 0xEE, 
0xC0, 0x00, 0x00, 0x00, 
0x82, 0x0E, 0x02, 0x87, 
0xC0, 0x00, 0x00, 0x00, 
0x82, 0x1F, 0x04, 0x97, 
0xC0, 0x00, 0x00, 0x18, 
0x80, 0x88, 0x1F, 0x2E, 
0x06, 0x18, 0x40, 0x31, 
0xF1, 0x6C, 0x80, 0x01, 
0x88, 0x00, 0x01, 0x22, 
0xFC, 0x6C, 0x80, 0x21, 
0x81, 0x82, 0x04, 0x23, 
0x06, 0x04, 0x95, 0x4E, 
0xE0, 0x34, 0xA2, 0x05, 
0x81, 0x80, 0x01, 0x25, 
0xE0, 0x80, 0x00, 0x25, 
0x8C, 0x02, 0x04, 0x00, 
0x00, 0x84, 0x01, 0x19, 
0x05, 0x4C, 0x95, 0x6E, 
0x0C, 0x40, 0x28, 0xEE, 
0x06, 0x00, 0x14, 0xFE, 
0x00, 0x04, 0x00, 0x80, 
0x00, 0x00, 0x00, 0x00, 
0x05, 0x4C, 0x15, 0x0E, 
0x0C, 0x82, 0x28, 0xEF, 
0x05, 0x0C, 0x15, 0x0E, 
0x30, 0x84, 0x30, 0x00, 
0x05, 0x4C, 0x15, 0x1E, 
0x05, 0x0C, 0x95, 0x1E, 
0x00, 0x00, 0xE0, 0xA9, 
0x00, 0x04, 0x45, 0x11, 
0xC0, 0x00, 0x00, 0x18, 
0x82, 0x10, 0x8A, 0x3F, 
0x05, 0x1D, 0x94, 0x4F, 
0x00, 0x84, 0x12, 0x13, 
0x00, 0x04, 0x49, 0x29, 
0x00, 0x84, 0x00, 0x32, 
0x00, 0x88, 0x20, 0x00, 
0x00, 0x00, 0x00, 0x22, 
0x0B, 0x61, 0xFD, 0x20, 
0xC0, 0x00, 0x24, 0x00, 
0x83, 0x02, 0xA3, 0x05, 
0x0C, 0x00, 0xFD, 0x2A, 
0x00, 0x04, 0x20, 0x08, 
0x0E, 0x07, 0x00, 0x46, 
0xC0, 0x00, 0x00, 0x10, 
0xB2, 0x2C, 0x0C, 0xEF, 
0x00, 0x88, 0x20, 0x01, 
0x0E, 0x09, 0x04, 0xA1, 
0x00, 0x00, 0x00, 0x22, 
0x05, 0x5C, 0x14, 0x4F, 
0x30, 0x84, 0x19, 0x9A, 
0x06, 0x02, 0x14, 0x8F, 
0x00, 0x04, 0x61, 0x84, 
0xC0, 0x00, 0x00, 0x10, 
0x82, 0x0E, 0x0A, 0x4F, 
0x00, 0x88, 0x18, 0x98, 
0x00, 0x00, 0x00, 0x2A, 
0xC0, 0x00, 0x00, 0x00, 
0x82, 0x0F, 0x04, 0xA5, 
0x30, 0x00, 0xBC, 0xF8, 
0x30, 0x00, 0xB4, 0xEA, 
0x00, 0x88, 0x20, 0x01, 
0x00, 0x00, 0x00, 0x23, 
0xC0, 0x00, 0x2C, 0xB0, 
0x80, 0xFF, 0xFF, 0xFF, 
0x30, 0x85, 0x91, 0x10, 
0x00, 0x8C, 0x03, 0x94, 
0x00, 0x00, 0x00, 0x23, 
0x0F, 0x07, 0x00, 0x46, 
0x30, 0x86, 0x05, 0x40, 
0x30, 0x88, 0x10, 0x35, 
0x30, 0x20, 0x03, 0x65, 
0x2A, 0x2D, 0xDC, 0xDC, 
0x00, 0x94, 0x02, 0x3A, 
0x00, 0xE6, 0x21, 0x03, 
0x00, 0x00, 0xD8, 0x61, 
0x00, 0x00, 0xE1, 0x2A, 
0x07, 0x04, 0x88, 0x00, 
0x00, 0x84, 0x12, 0x91, 
0x00, 0x04, 0x49, 0x22, 
0x00, 0x84, 0x01, 0x12, 
0x05, 0x4C, 0x95, 0x2E, 
0x05, 0x0C, 0x15, 0x2E, 
0x0B, 0x21, 0x04, 0xCF, 
0xC0, 0x00, 0x00, 0x10, 
0x81, 0x4C, 0x18, 0xAE, 
0x05, 0x0F, 0x95, 0x1E, 
0xC0, 0x00, 0x00, 0x10, 
0x81, 0x4F, 0x98, 0xDE, 
0xC0, 0x00, 0x00, 0x00, 
0x82, 0x1E, 0x02, 0x8B, 
0xC0, 0x00, 0x00, 0x00, 
0x82, 0x2C, 0x00, 0x5A, 
0xC0, 0x00, 0x00, 0x00, 
0x82, 0x0F, 0x04, 0xD0, 
0xE0, 0xC0, 0x00, 0x00, 
0x80, 0x00, 0x44, 0x00, 
0xF0, 0x74, 0x80, 0x00, 
0x80, 0x02, 0x47, 0x03, 
0xFC, 0x68, 0x80, 0x01, 
0x8C, 0x02, 0x89, 0x02, 
0xE0, 0x00, 0x00, 0x07, 
0x80, 0x00, 0x00, 0x00, 
0xE0, 0x00, 0x20, 0x40, 
0x80, 0x00, 0x00, 0x00, 
0xE8, 0x80, 0x00, 0x00, 
0x80, 0x02, 0x84, 0x00, 
0xC0, 0x00, 0x00, 0x10, 
0x81, 0x4C, 0x19, 0x0E, 
0xF0, 0x74, 0x80, 0x00, 
0x80, 0x02, 0x47, 0x03, 
0xFC, 0x68, 0x80, 0x01, 
0x8C, 0x02, 0x89, 0x02, 
0xE0, 0x00, 0x00, 0x07, 
0x80, 0x00, 0x00, 0x00, 
0xE0, 0x00, 0x20, 0x40, 
0x80, 0x00, 0x00, 0x00, 
0xE8, 0x80, 0x00, 0x00, 
0x80, 0x02, 0x84, 0x00, 
0x05, 0x4C, 0x15, 0x3E, 
0xC0, 0x00, 0x00, 0x00, 
0x82, 0x0F, 0x04, 0xDA, 
0x05, 0x0C, 0x95, 0x6E, 
0x0A, 0xE1, 0x28, 0xF3, 
0x00, 0x00, 0xE0, 0x69, 
0x00, 0x04, 0x41, 0x10, 
0x0C, 0x40, 0x28, 0xF0, 
0x00, 0x1C, 0x80, 0x40, 
0x00, 0x84, 0x08, 0x81, 
0x00, 0x8C, 0x18, 0x89, 
0x0A, 0xBD, 0xDC, 0x02, 
0x00, 0x00, 0x00, 0x2D, 
0xC0, 0x00, 0x29, 0xF3, 
0x88, 0x00, 0x00, 0x00, 
0xC0, 0x00, 0x2D, 0xB0, 
0x8A, 0x00, 0x00, 0x00, 
0xC0, 0x00, 0x25, 0xC0, 
0x81, 0x00, 0x00, 0x00, 
0x30, 0xE6, 0x68, 0x0F, 
0x0B, 0xE1, 0xFD, 0x20, 
0x0B, 0xE1, 0x28, 0xF3, 
0x0A, 0xA1, 0xFD, 0x2A, 
0x00, 0x84, 0x08, 0x87, 
0x00, 0x84, 0x18, 0x8E, 
0x00, 0x04, 0x61, 0x8F, 
0x0C, 0x82, 0x28, 0xF5, 
0x0A, 0x29, 0x28, 0xF6, 
0x0A, 0xA9, 0x28, 0xF2, 
0x20, 0xC5, 0x52, 0x2A, 
0x00, 0x88, 0x10, 0x28, 
0x0A, 0x2D, 0x28, 0xF5, 
0x0A, 0x31, 0x28, 0xF1, 
0x00, 0x20, 0x02, 0x48, 
0x00, 0x20, 0x02, 0x64, 
0x30, 0x85, 0x93, 0x30, 
0x00, 0xEE, 0x20, 0x02, 
0x00, 0x20, 0x01, 0x10, 
0x00, 0x00, 0xD8, 0x60, 
0x0A, 0x21, 0xDC, 0xAE, 
0x00, 0x94, 0x00, 0x20, 
0x00, 0x00, 0xE8, 0x68, 
0x00, 0x00, 0x20, 0x80, 
0x07, 0x04, 0x40, 0x00, 
0x00, 0x84, 0x19, 0x80, 
0x00, 0x04, 0x61, 0x98, 
0x00, 0x84, 0x00, 0x08, 
0x06, 0x00, 0x15, 0x3E, 
0x00, 0x04, 0x45, 0x00, 
0x0B, 0x29, 0x28, 0xF6, 
0x0B, 0x2D, 0x28, 0xF5, 
0x05, 0x4C, 0x95, 0x9E, 
0x05, 0x4C, 0x15, 0xAE, 
0x05, 0x0C, 0x95, 0xAE, 
0x00, 0x00, 0xE0, 0xA9, 
0x00, 0x04, 0x45, 0x11, 
0xC0, 0x00, 0x00, 0x18, 
0x82, 0x90, 0x81, 0x2F, 
0x05, 0x1D, 0x94, 0x9F, 
0x00, 0x84, 0x12, 0x13, 
0x00, 0x04, 0x49, 0x29, 
0x00, 0x84, 0x00, 0x32, 
0x00, 0x88, 0x20, 0x00, 
0x00, 0x00, 0x00, 0x22, 
0x0B, 0x61, 0xFD, 0x20, 
0xC0, 0x00, 0x24, 0x00, 
0x83, 0x02, 0xA3, 0x05, 
0x0C, 0x00, 0xFD, 0x2A, 
0x00, 0x04, 0x20, 0x08, 
0x0E, 0x07, 0x00, 0x4B, 
0xC0, 0x00, 0x00, 0x10, 
0xB2, 0xAC, 0x03, 0xDF, 
0x00, 0x88, 0x20, 0x01, 
0x0E, 0x09, 0x05, 0x10, 
0x00, 0x00, 0x00, 0x22, 
0x05, 0x5C, 0x14, 0x9F, 
0x30, 0x84, 0x19, 0x9A, 
0x06, 0x02, 0x14, 0xDF, 
0x00, 0x04, 0x61, 0x84, 
0xC0, 0x00, 0x00, 0x10, 
0x82, 0x8E, 0x01, 0x3F, 
0x00, 0x88, 0x18, 0x98, 
0x00, 0x00, 0x00, 0x2A, 
0xC0, 0x00, 0x00, 0x00, 
0x82, 0x0F, 0x05, 0x14, 
0x30, 0x00, 0xBC, 0xF8, 
0x30, 0x00, 0xB4, 0xEA, 
0x00, 0x88, 0x20, 0x01, 
0x00, 0x00, 0x00, 0x23, 
0xC0, 0x00, 0x2C, 0xB0, 
0x80, 0xFF, 0xFF, 0xFF, 
0x30, 0x85, 0x91, 0x10, 
0x00, 0x8C, 0x03, 0x94, 
0x00, 0x00, 0x00, 0x23, 
0x0F, 0x07, 0x00, 0x4B, 
0x30, 0x86, 0x05, 0x40, 
0x30, 0x88, 0x10, 0x35, 
0x30, 0x20, 0x03, 0x65, 
0x2A, 0x2D, 0xDC, 0xDC, 
0x00, 0x94, 0x02, 0x3A, 
0x00, 0xE6, 0x21, 0x03, 
0x00, 0x00, 0xD8, 0x61, 
0x00, 0x00, 0xE1, 0x2A, 
0x07, 0x04, 0x88, 0x00, 
0x00, 0x84, 0x12, 0x91, 
0x00, 0x04, 0x49, 0x22, 
0x00, 0x84, 0x01, 0x12, 
0x05, 0x4C, 0x95, 0xBE, 
0x05, 0x0C, 0x15, 0xBE, 
0x0B, 0x21, 0x05, 0x3E, 
0xC0, 0x00, 0x00, 0x10, 
0x81, 0x4C, 0x19, 0x1E, 
0xC0, 0x00, 0x00, 0x00, 
0x82, 0x0C, 0x00, 0x66, 
0xC0, 0x00, 0x00, 0x00, 
0x82, 0x1E, 0x00, 0x57, 
0xC0, 0x00, 0x00, 0x00, 
0x82, 0x6F, 0x05, 0x3F, 
0xFD, 0x6A, 0x80, 0x00, 
0x80, 0x00, 0x00, 0xC3, 
0xF8, 0x74, 0x80, 0x03, 
0x81, 0x40, 0x41, 0xC5, 
0xFC, 0x6A, 0x80, 0x21, 
0x88, 0x00, 0x08, 0xC3, 
0xE0, 0x34, 0xA2, 0x07, 
0x80, 0x42, 0x09, 0xC5, 
0xFD, 0x6A, 0x80, 0x27, 
0x8A, 0x80, 0x08, 0xC3, 
0xE8, 0xB4, 0xA6, 0x43, 
0x81, 0x42, 0x09, 0xC5, 
0xFC, 0x6A, 0x80, 0x21, 
0x8F, 0x04, 0x08, 0xC3, 
0xE9, 0xB4, 0xA2, 0x07, 
0x80, 0x42, 0x09, 0xC5, 
0xE8, 0x80, 0x00, 0x27, 
0x8A, 0x82, 0x08, 0x00, 
0x00, 0x84, 0x01, 0x19, 
0x05, 0x5C, 0xD0, 0x00, 
0x05, 0x4C, 0x95, 0xFE, 
0xC0, 0x00, 0x00, 0x00, 
0x82, 0x0F, 0x05, 0x53, 
0x05, 0x0C, 0x95, 0xEE, 
0x0A, 0xE1, 0x28, 0xFA, 
0x00, 0x00, 0xE0, 0x69, 
0x00, 0x04, 0x41, 0x10, 
0x0C, 0x40, 0x28, 0xF7, 
0x00, 0x1C, 0x80, 0x40, 
0x00, 0x84, 0x08, 0x81, 
0x00, 0x8C, 0x18, 0x89, 
0x0A, 0xBD, 0xDC, 0x02, 
0x00, 0x00, 0x00, 0x2D, 
0xC0, 0x00, 0x29, 0xF3, 
0x88, 0x00, 0x00, 0x00, 
0xC0, 0x00, 0x2D, 0xB0, 
0x8A, 0x00, 0x00, 0x00, 
0xC0, 0x00, 0x25, 0xC0, 
0x81, 0x00, 0x00, 0x00, 
0x30, 0xE6, 0x68, 0x0F, 
0x0B, 0xE1, 0xFD, 0x20, 
0x0B, 0xE1, 0x28, 0xFA, 
0x0A, 0xA1, 0xFD, 0x2A, 
0x00, 0x84, 0x08, 0x87, 
0x00, 0x84, 0x18, 0x8E, 
0x00, 0x04, 0x61, 0x8F, 
0x0C, 0x82, 0x28, 0xFC, 
0x0A, 0x29, 0x28, 0xFD, 
0x0A, 0xA9, 0x28, 0xF9, 
0x20, 0xC5, 0x52, 0x2A, 
0x00, 0x88, 0x10, 0x28, 
0x0A, 0x2D, 0x28, 0xFC, 
0x0A, 0x31, 0x28, 0xF8, 
0x00, 0x20, 0x02, 0x48, 
0x00, 0x20, 0x02, 0x64, 
0x30, 0x85, 0x93, 0x30, 
0x00, 0xEE, 0x20, 0x02, 
0x00, 0x20, 0x01, 0x10, 
0x00, 0x00, 0xD8, 0x60, 
0x0A, 0x21, 0xDC, 0xAE, 
0x00, 0x94, 0x00, 0x20, 
0x00, 0x00, 0xE8, 0x68, 
0x00, 0x00, 0x20, 0x80, 
0x07, 0x04, 0x40, 0x00, 
0x00, 0x84, 0x19, 0x80, 
0x00, 0x04, 0x61, 0x98, 
0x00, 0x84, 0x00, 0x08, 
0x06, 0x00, 0x15, 0xFE, 
0x00, 0x04, 0x45, 0x00, 
0x0B, 0x29, 0x28, 0xFD, 
0x0B, 0x2D, 0x28, 0xFC, 
0x05, 0x4C, 0x96, 0x0E, 
0x05, 0x4C, 0x16, 0x2E, 
0x05, 0x0C, 0x96, 0x0E, 
0x00, 0x00, 0xE0, 0xA9, 
0x00, 0x04, 0x45, 0x11, 
0xC0, 0x00, 0x00, 0x18, 
0x82, 0x90, 0x88, 0xBF, 
0x05, 0x1D, 0x94, 0xEF, 
0x00, 0x84, 0x12, 0x13, 
0x00, 0x04, 0x49, 0x29, 
0x00, 0x84, 0x00, 0x32, 
0x00, 0x88, 0x20, 0x00, 
0x00, 0x00, 0x00, 0x22, 
0x0B, 0x61, 0xFD, 0x20, 
0xC0, 0x00, 0x24, 0x00, 
0x83, 0x02, 0xA3, 0x05, 
0x0C, 0x00, 0xFD, 0x2A, 
0x00, 0x04, 0x20, 0x08, 
0x0E, 0x07, 0x00, 0x50, 
0xC0, 0x00, 0x00, 0x10, 
0xB2, 0xAC, 0x0B, 0x6F, 
0x00, 0x88, 0x20, 0x01, 
0x0E, 0x09, 0x05, 0x89, 
0x00, 0x00, 0x00, 0x22, 
0x05, 0x5C, 0x14, 0xEF, 
0x30, 0x84, 0x19, 0x9A, 
0x06, 0x02, 0x15, 0x2F, 
0x00, 0x04, 0x61, 0x84, 
0xC0, 0x00, 0x00, 0x10, 
0x82, 0x8E, 0x08, 0xCF, 
0x00, 0x88, 0x18, 0x98, 
0x00, 0x00, 0x00, 0x2A, 
0xC0, 0x00, 0x00, 0x00, 
0x82, 0x0F, 0x05, 0x8D, 
0x30, 0x00, 0xBC, 0xF8, 
0x30, 0x00, 0xB4, 0xEA, 
0x00, 0x88, 0x20, 0x01, 
0x00, 0x00, 0x00, 0x23, 
0xC0, 0x00, 0x2C, 0xB0, 
0x80, 0xFF, 0xFF, 0xFF, 
0x30, 0x85, 0x91, 0x10, 
0x00, 0x8C, 0x03, 0x94, 
0x00, 0x00, 0x00, 0x23, 
0x0F, 0x07, 0x00, 0x50, 
0x30, 0x86, 0x05, 0x40, 
0x30, 0x88, 0x10, 0x35, 
0x30, 0x20, 0x03, 0x65, 
0x2A, 0x2D, 0xDC, 0xDC, 
0x00, 0x94, 0x02, 0x3A, 
0x00, 0xE6, 0x21, 0x03, 
0x00, 0x00, 0xD8, 0x61, 
0x00, 0x00, 0xE1, 0x2A, 
0x07, 0x04, 0x88, 0x00, 
0x00, 0x84, 0x12, 0x91, 
0x00, 0x04, 0x49, 0x22, 
0x00, 0x84, 0x01, 0x12, 
0x05, 0x4C, 0x96, 0x1E, 
0x05, 0x0C, 0x16, 0x1E, 
0x0B, 0x21, 0x05, 0xB7, 
0xC0, 0x00, 0x00, 0x10, 
0x81, 0x4C, 0x19, 0x2E, 
0x05, 0x0C, 0x96, 0x2E, 
0x00, 0x00, 0xE0, 0xA9, 
0x00, 0x04, 0x45, 0x11, 
0xC0, 0x00, 0x00, 0x18, 
0x82, 0x90, 0x8B, 0xAF, 
0x05, 0x1D, 0x95, 0x3F, 
0x00, 0x84, 0x12, 0x13, 
0x00, 0x04, 0x49, 0x29, 
0x00, 0x84, 0x00, 0x32, 
0x00, 0x88, 0x20, 0x00, 
0x00, 0x00, 0x00, 0x22, 
0x0B, 0x61, 0xFD, 0x20, 
0xC0, 0x00, 0x24, 0x00, 
0x83, 0x02, 0xA3, 0x05, 
0x0C, 0x00, 0xFD, 0x2A, 
0x00, 0x04, 0x20, 0x08, 
0x0E, 0x07, 0x00, 0x55, 
0xC0, 0x00, 0x00, 0x10, 
0xB2, 0xAC, 0x0E, 0x5F, 
0x00, 0x88, 0x20, 0x01, 
0x0E, 0x09, 0x05, 0xB8, 
0x00, 0x00, 0x00, 0x22, 
0x05, 0x5C, 0x15, 0x3F, 
0x30, 0x84, 0x19, 0x9A, 
0x06, 0x02, 0x15, 0x7F, 
0x00, 0x04, 0x61, 0x84, 
0xC0, 0x00, 0x00, 0x10, 
0x82, 0x8E, 0x0B, 0xBF, 
0x00, 0x88, 0x18, 0x98, 
0x00, 0x00, 0x00, 0x2A, 
0xC0, 0x00, 0x00, 0x00, 
0x82, 0x0F, 0x05, 0xBC, 
0x30, 0x00, 0xBC, 0xF8, 
0x30, 0x00, 0xB4, 0xEA, 
0x00, 0x88, 0x20, 0x01, 
0x00, 0x00, 0x00, 0x23, 
0xC0, 0x00, 0x2C, 0xB0, 
0x80, 0xFF, 0xFF, 0xFF, 
0x30, 0x85, 0x91, 0x10, 
0x00, 0x8C, 0x03, 0x94, 
0x00, 0x00, 0x00, 0x23, 
0x0F, 0x07, 0x00, 0x55, 
0x30, 0x86, 0x05, 0x40, 
0x30, 0x88, 0x10, 0x35, 
0x30, 0x20, 0x03, 0x65, 
0x2A, 0x2D, 0xDC, 0xDC, 
0x00, 0x94, 0x02, 0x3A, 
0x00, 0xE6, 0x21, 0x03, 
0x00, 0x00, 0xD8, 0x61, 
0x00, 0x00, 0xE1, 0x2A, 
0x07, 0x04, 0x88, 0x00, 
0x00, 0x84, 0x12, 0x91, 
0x00, 0x04, 0x49, 0x22, 
0x00, 0x84, 0x01, 0x12, 
0x05, 0x4C, 0x96, 0x3E, 
0x05, 0x0C, 0x16, 0x3E, 
0x0B, 0x21, 0x05, 0xE6, 
0xC0, 0x00, 0x00, 0x10, 
0x81, 0x4C, 0x19, 0x3E, 
0x0A, 0x21, 0x05, 0xE7, 
0x00, 0x84, 0x30, 0x00, 
0xC0, 0x00, 0x00, 0x00, 
0x82, 0x0D, 0x09, 0xF9, 
0x00, 0x00, 0xD8, 0x40, 
0x06, 0x10, 0x16, 0x0E, 
0x06, 0x50, 0x40, 0x00, 
0x06, 0x00, 0x08, 0x00, 
0xC0, 0x00, 0x00, 0x18, 
0x80, 0xC0, 0x17, 0xCE, 
0xC0, 0x00, 0x00, 0x00, 
0x82, 0x0E, 0x02, 0x94, 
0xC0, 0x00, 0x00, 0x00, 
0x82, 0x1F, 0x05, 0xE8, 
0xC0, 0x00, 0x00, 0x18, 
0x81, 0x08, 0x13, 0x8E, 
0x06, 0x18, 0x40, 0x31, 
0xF1, 0x6C, 0x80, 0x01, 
0x88, 0x00, 0x01, 0x22, 
0xFC, 0x6C, 0x80, 0x21, 
0x81, 0x82, 0x04, 0x23, 
0x06, 0x04, 0x97, 0x1E, 
0xE0, 0x34, 0xA2, 0x05, 
0x81, 0x80, 0x01, 0x25, 
0xE0, 0x80, 0x00, 0x25, 
0x8C, 0x02, 0x04, 0x00, 
0x00, 0x84, 0x01, 0x19, 
0x05, 0x4C, 0x97, 0x3E, 
0xC0, 0x00, 0x00, 0x00, 
0x82, 0x0E, 0x02, 0x97, 
0xC0, 0x00, 0x00, 0x00, 
0x82, 0x1F, 0x05, 0xF2, 
0xC0, 0x00, 0x00, 0x18, 
0x80, 0x88, 0x1E, 0xDE, 
0x06, 0x18, 0x40, 0x31, 
0xF1, 0x6C, 0x80, 0x01, 
0x88, 0x00, 0x01, 0x22, 
0xFC, 0x6C, 0x80, 0x21, 
0x81, 0x82, 0x04, 0x23, 
0x06, 0x04, 0x96, 0x9E, 
0xE0, 0x34, 0xA2, 0x05, 
0x81, 0x80, 0x01, 0x25, 
0xE0, 0x80, 0x00, 0x25, 
0x8C, 0x02, 0x04, 0x00, 
0x00, 0x84, 0x01, 0x19, 
0x05, 0x4C, 0x96, 0xBE, 
0x0C, 0x40, 0x28, 0xFE, 
0x06, 0x00, 0x16, 0x4E, 
0x00, 0x04, 0x00, 0x80, 
0x00, 0x00, 0x00, 0x00, 
0x05, 0x4C, 0x16, 0x5E, 
0x0C, 0x82, 0x28, 0xFF, 
0x05, 0x0C, 0x16, 0x5E, 
0x30, 0x84, 0x30, 0x00, 
0x05, 0x4C, 0x16, 0x6E, 
0x05, 0x0C, 0x96, 0x6E, 
0x00, 0x00, 0xE0, 0xA9, 
0x00, 0x04, 0x45, 0x11, 
0xC0, 0x00, 0x00, 0x18, 
0x82, 0x90, 0x8F, 0xEF, 
0x05, 0x1D, 0x95, 0x8F, 
0x00, 0x84, 0x12, 0x13, 
0x00, 0x04, 0x49, 0x29, 
0x00, 0x84, 0x00, 0x32, 
0x00, 0x88, 0x20, 0x00, 
0x00, 0x00, 0x00, 0x22, 
0x0B, 0x61, 0xFD, 0x20, 
0xC0, 0x00, 0x24, 0x00, 
0x83, 0x02, 0xA3, 0x05, 
0x0C, 0x00, 0xFD, 0x2A, 
0x00, 0x04, 0x20, 0x08, 
0x0E, 0x07, 0x00, 0x5A, 
0xC0, 0x00, 0x00, 0x10, 
0xB3, 0x2C, 0x02, 0x9F, 
0x00, 0x88, 0x20, 0x01, 
0x0E, 0x09, 0x05, 0xFC, 
0x00, 0x00, 0x00, 0x22, 
0x05, 0x5C, 0x15, 0x8F, 
0x30, 0x84, 0x19, 0x9A, 
0x06, 0x02, 0x15, 0xCF, 
0x00, 0x04, 0x61, 0x84, 
0xC0, 0x00, 0x00, 0x10, 
0x82, 0x8E, 0x0F, 0xFF, 
0x00, 0x88, 0x18, 0x98, 
0x00, 0x00, 0x00, 0x2A, 
0xC0, 0x00, 0x00, 0x00, 
0x82, 0x0F, 0x06, 0x00, 
0x30, 0x00, 0xBC, 0xF8, 
0x30, 0x00, 0xB4, 0xEA, 
0x00, 0x88, 0x20, 0x01, 
0x00, 0x00, 0x00, 0x23, 
0xC0, 0x00, 0x2C, 0xB0, 
0x80, 0xFF, 0xFF, 0xFF, 
0x30, 0x85, 0x91, 0x10, 
0x00, 0x8C, 0x03, 0x94, 
0x00, 0x00, 0x00, 0x23, 
0x0F, 0x07, 0x00, 0x5A, 
0x30, 0x86, 0x05, 0x40, 
0x30, 0x88, 0x10, 0x35, 
0x30, 0x20, 0x03, 0x65, 
0x2A, 0x2D, 0xDC, 0xDC, 
0x00, 0x94, 0x02, 0x3A, 
0x00, 0xE6, 0x21, 0x03, 
0x00, 0x00, 0xD8, 0x61, 
0x00, 0x00, 0xE1, 0x2A, 
0x07, 0x04, 0x88, 0x00, 
0x00, 0x84, 0x12, 0x91, 
0x00, 0x04, 0x49, 0x22, 
0x00, 0x84, 0x01, 0x12, 
0x05, 0x4C, 0x96, 0x7E, 
0x05, 0x0C, 0x16, 0x7E, 
0x0B, 0x21, 0x06, 0x2A, 
0xC0, 0x00, 0x00, 0x10, 
0x81, 0x4C, 0x19, 0xAE, 
0x05, 0x0F, 0x96, 0x6E, 
0xC0, 0x00, 0x00, 0x10, 
0x81, 0x4F, 0x99, 0xDE, 
0xC0, 0x00, 0x00, 0x00, 
0x82, 0x1E, 0x02, 0x9B, 
0xC0, 0x00, 0x00, 0x00, 
0x82, 0x2C, 0x00, 0x78, 
0xC0, 0x00, 0x00, 0x00, 
0x82, 0x0F, 0x06, 0x2B, 
0xE0, 0xC0, 0x00, 0x00, 
0x80, 0x00, 0x44, 0x00, 
0xF0, 0x74, 0x80, 0x00, 
0x80, 0x02, 0x47, 0x03, 
0xFC, 0x68, 0x80, 0x01, 
0x8C, 0x02, 0x89, 0x02, 
0xE0, 0x00, 0x00, 0x07, 
0x80, 0x00, 0x00, 0x00, 
0xE0, 0x00, 0x20, 0x40, 
0x80, 0x00, 0x00, 0x00, 
0xE8, 0x80, 0x00, 0x00, 
0x80, 0x02, 0x84, 0x00, 
0xC0, 0x00, 0x00, 0x10, 
0x81, 0x4C, 0x1A, 0x0E, 
0xF0, 0x74, 0x80, 0x00, 
0x80, 0x02, 0x47, 0x03, 
0xFC, 0x68, 0x80, 0x01, 
0x8C, 0x02, 0x89, 0x02, 
0xE0, 0x00, 0x00, 0x07, 
0x80, 0x00, 0x00, 0x00, 
0xE0, 0x00, 0x20, 0x40, 
0x80, 0x00, 0x00, 0x00, 
0xE8, 0x80, 0x00, 0x00, 
0x80, 0x02, 0x84, 0x00, 
0x05, 0x4C, 0x16, 0x8E, 
0xC0, 0x00, 0x00, 0x00, 
0x82, 0x0F, 0x06, 0x35, 
0x05, 0x0C, 0x96, 0xBE, 
0x0A, 0xE1, 0x29, 0x03, 
0x00, 0x00, 0xE0, 0x69, 
0x00, 0x04, 0x41, 0x10, 
0x0C, 0x40, 0x29, 0x00, 
0x00, 0x1C, 0x80, 0x40, 
0x00, 0x84, 0x08, 0x81, 
0x00, 0x8C, 0x18, 0x89, 
0x0A, 0xBD, 0xDC, 0x02, 
0x00, 0x00, 0x00, 0x2D, 
0xC0, 0x00, 0x29, 0xF3, 
0x88, 0x00, 0x00, 0x00, 
0xC0, 0x00, 0x2D, 0xB0, 
0x8A, 0x00, 0x00, 0x00, 
0xC0, 0x00, 0x25, 0xC0, 
0x81, 0x00, 0x00, 0x00, 
0x30, 0xE6, 0x68, 0x0F, 
0x0B, 0xE1, 0xFD, 0x20, 
0x0B, 0xE1, 0x29, 0x03, 
0x0A, 0xA1, 0xFD, 0x2A, 
0x00, 0x84, 0x08, 0x87, 
0x00, 0x84, 0x18, 0x8E, 
0x00, 0x04, 0x61, 0x8F, 
0x0C, 0x82, 0x29, 0x05, 
0x0A, 0x29, 0x29, 0x06, 
0x0A, 0xA9, 0x29, 0x02, 
0x20, 0xC5, 0x52, 0x2A, 
0x00, 0x88, 0x10, 0x28, 
0x0A, 0x2D, 0x29, 0x05, 
0x0A, 0x31, 0x29, 0x01, 
0x00, 0x20, 0x02, 0x48, 
0x00, 0x20, 0x02, 0x64, 
0x30, 0x85, 0x93, 0x30, 
0x00, 0xEE, 0x20, 0x02, 
0x00, 0x20, 0x01, 0x10, 
0x00, 0x00, 0xD8, 0x60, 
0x0A, 0x21, 0xDC, 0xAE, 
0x00, 0x94, 0x00, 0x20, 
0x00, 0x00, 0xE8, 0x68, 
0x00, 0x00, 0x20, 0x80, 
0x07, 0x04, 0x40, 0x00, 
0x00, 0x84, 0x19, 0x80, 
0x00, 0x04, 0x61, 0x98, 
0x00, 0x84, 0x00, 0x08, 
0x06, 0x00, 0x16, 0x8E, 
0x00, 0x04, 0x45, 0x00, 
0x0B, 0x29, 0x29, 0x06, 
0x0B, 0x2D, 0x29, 0x05, 
0x05, 0x4C, 0x96, 0xEE, 
0x05, 0x4C, 0x16, 0xFE, 
0x05, 0x0C, 0x96, 0xFE, 
0x00, 0x00, 0xE0, 0xA9, 
0x00, 0x04, 0x45, 0x11, 
0xC0, 0x00, 0x00, 0x18, 
0x83, 0x10, 0x86, 0xDF, 
0x05, 0x1D, 0x95, 0xDF, 
0x00, 0x84, 0x12, 0x13, 
0x00, 0x04, 0x49, 0x29, 
0x00, 0x84, 0x00, 0x32, 
0x00, 0x88, 0x20, 0x00, 
0x00, 0x00, 0x00, 0x22, 
0x0B, 0x61, 0xFD, 0x20, 
0xC0, 0x00, 0x24, 0x00, 
0x83, 0x02, 0xA3, 0x05, 
0x0C, 0x00, 0xFD, 0x2A, 
0x00, 0x04, 0x20, 0x08, 
0x0E, 0x07, 0x00, 0x5F, 
0xC0, 0x00, 0x00, 0x10, 
0xB3, 0x2C, 0x09, 0x8F, 
0x00, 0x88, 0x20, 0x01, 
0x0E, 0x09, 0x06, 0x6B, 
0x00, 0x00, 0x00, 0x22, 
0x05, 0x5C, 0x15, 0xDF, 
0x30, 0x84, 0x19, 0x9A, 
0x06, 0x02, 0x16, 0x1F, 
0x00, 0x04, 0x61, 0x84, 
0xC0, 0x00, 0x00, 0x10, 
0x83, 0x0E, 0x06, 0xEF, 
0x00, 0x88, 0x18, 0x98, 
0x00, 0x00, 0x00, 0x2A, 
0xC0, 0x00, 0x00, 0x00, 
0x82, 0x0F, 0x06, 0x6F, 
0x30, 0x00, 0xBC, 0xF8, 
0x30, 0x00, 0xB4, 0xEA, 
0x00, 0x88, 0x20, 0x01, 
0x00, 0x00, 0x00, 0x23, 
0xC0, 0x00, 0x2C, 0xB0, 
0x80, 0xFF, 0xFF, 0xFF, 
0x30, 0x85, 0x91, 0x10, 
0x00, 0x8C, 0x03, 0x94, 
0x00, 0x00, 0x00, 0x23, 
0x0F, 0x07, 0x00, 0x5F, 
0x30, 0x86, 0x05, 0x40, 
0x30, 0x88, 0x10, 0x35, 
0x30, 0x20, 0x03, 0x65, 
0x2A, 0x2D, 0xDC, 0xDC, 
0x00, 0x94, 0x02, 0x3A, 
0x00, 0xE6, 0x21, 0x03, 
0x00, 0x00, 0xD8, 0x61, 
0x00, 0x00, 0xE1, 0x2A, 
0x07, 0x04, 0x88, 0x00, 
0x00, 0x84, 0x12, 0x91, 
0x00, 0x04, 0x49, 0x22, 
0x00, 0x84, 0x01, 0x12, 
0x05, 0x4C, 0x97, 0x0E, 
0x05, 0x0C, 0x17, 0x0E, 
0x0B, 0x21, 0x06, 0x99, 
0xC0, 0x00, 0x00, 0x10, 
0x81, 0x4C, 0x1A, 0x1E, 
0xC0, 0x00, 0x00, 0x00, 
0x82, 0x0C, 0x00, 0x84, 
0xC0, 0x00, 0x00, 0x00, 
0x82, 0x1E, 0x00, 0x6C, 
0xC0, 0x00, 0x00, 0x00, 
0x82, 0x6F, 0x06, 0x9A, 
0xFD, 0x6A, 0x80, 0x00, 
0x80, 0x00, 0x00, 0xC3, 
0xF8, 0x74, 0x80, 0x03, 
0x81, 0x40, 0x41, 0xC5, 
0xFC, 0x6A, 0x80, 0x21, 
0x88, 0x00, 0x08, 0xC3, 
0xE0, 0x34, 0xA2, 0x07, 
0x80, 0x42, 0x09, 0xC5, 
0xFD, 0x6A, 0x80, 0x27, 
0x8A, 0x80, 0x08, 0xC3, 
0xE8, 0xB4, 0xA6, 0x43, 
0x81, 0x42, 0x09, 0xC5, 
0xFC, 0x6A, 0x80, 0x21, 
0x8F, 0x04, 0x08, 0xC3, 
0xE9, 0xB4, 0xA2, 0x07, 
0x80, 0x42, 0x09, 0xC5, 
0xE8, 0x80, 0x00, 0x27, 
0x8A, 0x82, 0x08, 0x00, 
0x00, 0x84, 0x01, 0x19, 
0x05, 0x5C, 0xD0, 0x00, 
0x05, 0x4C, 0x97, 0x4E, 
0xC0, 0x00, 0x00, 0x00, 
0x82, 0x0F, 0x06, 0xAE, 
0x05, 0x0C, 0x97, 0x3E, 
0x0A, 0xE1, 0x29, 0x0A, 
0x00, 0x00, 0xE0, 0x69, 
0x00, 0x04, 0x41, 0x10, 
0x0C, 0x40, 0x29, 0x07, 
0x00, 0x1C, 0x80, 0x40, 
0x00, 0x84, 0x08, 0x81, 
0x00, 0x8C, 0x18, 0x89, 
0x0A, 0xBD, 0xDC, 0x02, 
0x00, 0x00, 0x00, 0x2D, 
0xC0, 0x00, 0x29, 0xF3, 
0x88, 0x00, 0x00, 0x00, 
0xC0, 0x00, 0x2D, 0xB0, 
0x8A, 0x00, 0x00, 0x00, 
0xC0, 0x00, 0x25, 0xC0, 
0x81, 0x00, 0x00, 0x00, 
0x30, 0xE6, 0x68, 0x0F, 
0x0B, 0xE1, 0xFD, 0x20, 
0x0B, 0xE1, 0x29, 0x0A, 
0x0A, 0xA1, 0xFD, 0x2A, 
0x00, 0x84, 0x08, 0x87, 
0x00, 0x84, 0x18, 0x8E, 
0x00, 0x04, 0x61, 0x8F, 
0x0C, 0x82, 0x29, 0x0C, 
0x0A, 0x29, 0x29, 0x0D, 
0x0A, 0xA9, 0x29, 0x09, 
0x20, 0xC5, 0x52, 0x2A, 
0x00, 0x88, 0x10, 0x28, 
0x0A, 0x2D, 0x29, 0x0C, 
0x0A, 0x31, 0x29, 0x08, 
0x00, 0x20, 0x02, 0x48, 
0x00, 0x20, 0x02, 0x64, 
0x30, 0x85, 0x93, 0x30, 
0x00, 0xEE, 0x20, 0x02, 
0x00, 0x20, 0x01, 0x10, 
0x00, 0x00, 0xD8, 0x60, 
0x0A, 0x21, 0xDC, 0xAE, 
0x00, 0x94, 0x00, 0x20, 
0x00, 0x00, 0xE8, 0x68, 
0x00, 0x00, 0x20, 0x80, 
0x07, 0x04, 0x40, 0x00, 
0x00, 0x84, 0x19, 0x80, 
0x00, 0x04, 0x61, 0x98, 
0x00, 0x84, 0x00, 0x08, 
0x06, 0x00, 0x17, 0x4E, 
0x00, 0x04, 0x45, 0x00, 
0x0B, 0x29, 0x29, 0x0D, 
0x0B, 0x2D, 0x29, 0x0C, 
0x05, 0x4C, 0x97, 0x5E, 
0x05, 0x4C, 0x17, 0x7E, 
0x05, 0x0C, 0x97, 0x5E, 
0x00, 0x00, 0xE0, 0xA9, 
0x00, 0x04, 0x45, 0x11, 
0xC0, 0x00, 0x00, 0x18, 
0x83, 0x10, 0x8E, 0x6F, 
0x05, 0x1D, 0x96, 0x2F, 
0x00, 0x84, 0x12, 0x13, 
0x00, 0x04, 0x49, 0x29, 
0x00, 0x84, 0x00, 0x32, 
0x00, 0x88, 0x20, 0x00, 
0x00, 0x00, 0x00, 0x22, 
0x0B, 0x61, 0xFD, 0x20, 
0xC0, 0x00, 0x24, 0x00, 
0x83, 0x02, 0xA3, 0x05, 
0x0C, 0x00, 0xFD, 0x2A, 
0x00, 0x04, 0x20, 0x08, 
0x0E, 0x07, 0x00, 0x64, 
0xC0, 0x00, 0x00, 0x10, 
0xB3, 0xAC, 0x01, 0x1F, 
0x00, 0x88, 0x20, 0x01, 
0x0E, 0x09, 0x06, 0xE4, 
0x00, 0x00, 0x00, 0x22, 
0x05, 0x5C, 0x16, 0x2F, 
0x30, 0x84, 0x19, 0x9A, 
0x06, 0x02, 0x16, 0x6F, 
0x00, 0x04, 0x61, 0x84, 
0xC0, 0x00, 0x00, 0x10, 
0x83, 0x0E, 0x0E, 0x7F, 
0x00, 0x88, 0x18, 0x98, 
0x00, 0x00, 0x00, 0x2A, 
0xC0, 0x00, 0x00, 0x00, 
0x82, 0x0F, 0x06, 0xE8, 
0x30, 0x00, 0xBC, 0xF8, 
0x30, 0x00, 0xB4, 0xEA, 
0x00, 0x88, 0x20, 0x01, 
0x00, 0x00, 0x00, 0x23, 
0xC0, 0x00, 0x2C, 0xB0, 
0x80, 0xFF, 0xFF, 0xFF, 
0x30, 0x85, 0x91, 0x10, 
0x00, 0x8C, 0x03, 0x94, 
0x00, 0x00, 0x00, 0x23, 
0x0F, 0x07, 0x00, 0x64, 
0x30, 0x86, 0x05, 0x40, 
0x30, 0x88, 0x10, 0x35, 
0x30, 0x20, 0x03, 0x65, 
0x2A, 0x2D, 0xDC, 0xDC, 
0x00, 0x94, 0x02, 0x3A, 
0x00, 0xE6, 0x21, 0x03, 
0x00, 0x00, 0xD8, 0x61, 
0x00, 0x00, 0xE1, 0x2A, 
0x07, 0x04, 0x88, 0x00, 
0x00, 0x84, 0x12, 0x91, 
0x00, 0x04, 0x49, 0x22, 
0x00, 0x84, 0x01, 0x12, 
0x05, 0x4C, 0x97, 0x6E, 
0x05, 0x0C, 0x17, 0x6E, 
0x0B, 0x21, 0x07, 0x12, 
0xC0, 0x00, 0x00, 0x10, 
0x81, 0x4C, 0x1A, 0x2E, 
0x05, 0x0C, 0x97, 0x7E, 
0x00, 0x00, 0xE0, 0xA9, 
0x00, 0x04, 0x45, 0x11, 
0xC0, 0x00, 0x00, 0x18, 
0x83, 0x90, 0x81, 0x5F, 
0x05, 0x1D, 0x96, 0x7F, 
0x00, 0x84, 0x12, 0x13, 
0x00, 0x04, 0x49, 0x29, 
0x00, 0x84, 0x00, 0x32, 
0x00, 0x88, 0x20, 0x00, 
0x00, 0x00, 0x00, 0x22, 
0x0B, 0x61, 0xFD, 0x20, 
0xC0, 0x00, 0x24, 0x00, 
0x83, 0x02, 0xA3, 0x05, 
0x0C, 0x00, 0xFD, 0x2A, 
0x00, 0x04, 0x20, 0x08, 
0x0E, 0x07, 0x00, 0x69, 
0xC0, 0x00, 0x00, 0x10, 
0xB3, 0xAC, 0x04, 0x0F, 
0x00, 0x88, 0x20, 0x01, 
0x0E, 0x09, 0x07, 0x13, 
0x00, 0x00, 0x00, 0x22, 
0x05, 0x5C, 0x16, 0x7F, 
0x30, 0x84, 0x19, 0x9A, 
0x06, 0x02, 0x16, 0xBF, 
0x00, 0x04, 0x61, 0x84, 
0xC0, 0x00, 0x00, 0x10, 
0x83, 0x8E, 0x01, 0x6F, 
0x00, 0x88, 0x18, 0x98, 
0x00, 0x00, 0x00, 0x2A, 
0xC0, 0x00, 0x00, 0x00, 
0x82, 0x0F, 0x07, 0x17, 
0x30, 0x00, 0xBC, 0xF8, 
0x30, 0x00, 0xB4, 0xEA, 
0x00, 0x88, 0x20, 0x01, 
0x00, 0x00, 0x00, 0x23, 
0xC0, 0x00, 0x2C, 0xB0, 
0x80, 0xFF, 0xFF, 0xFF, 
0x30, 0x85, 0x91, 0x10, 
0x00, 0x8C, 0x03, 0x94, 
0x00, 0x00, 0x00, 0x23, 
0x0F, 0x07, 0x00, 0x69, 
0x30, 0x86, 0x05, 0x40, 
0x30, 0x88, 0x10, 0x35, 
0x30, 0x20, 0x03, 0x65, 
0x2A, 0x2D, 0xDC, 0xDC, 
0x00, 0x94, 0x02, 0x3A, 
0x00, 0xE6, 0x21, 0x03, 
0x00, 0x00, 0xD8, 0x61, 
0x00, 0x00, 0xE1, 0x2A, 
0x07, 0x04, 0x88, 0x00, 
0x00, 0x84, 0x12, 0x91, 
0x00, 0x04, 0x49, 0x22, 
0x00, 0x84, 0x01, 0x12, 
0x05, 0x4C, 0x97, 0x8E, 
0x05, 0x0C, 0x17, 0x8E, 
0x0B, 0x21, 0x07, 0x41, 
0xC0, 0x00, 0x00, 0x10, 
0x81, 0x4C, 0x1A, 0x3E, 
0x0A, 0x21, 0x07, 0x42, 
0x00, 0x84, 0x30, 0x00, 
0xC0, 0x00, 0x00, 0x00, 
0x82, 0x0D, 0x0A, 0x2C, 
0x00, 0x00, 0xD8, 0x40, 
0x06, 0x10, 0x17, 0x5E, 
0x06, 0x50, 0x40, 0x00, 
0x06, 0x00, 0x08, 0x00, 
0xC0, 0x00, 0x00, 0x18, 
0x80, 0xC0, 0x17, 0xBE, 
0xC0, 0x00, 0x00, 0x00, 
0x82, 0x0E, 0x02, 0xA4, 
0xC0, 0x00, 0x00, 0x00, 
0x82, 0x1F, 0x07, 0x43, 
0xC0, 0x00, 0x00, 0x18, 
0x81, 0x08, 0x13, 0x3E, 
0x06, 0x18, 0x40, 0x31, 
0xF1, 0x6C, 0x80, 0x01, 
0x88, 0x00, 0x01, 0x22, 
0xFC, 0x6C, 0x80, 0x21, 
0x81, 0x82, 0x04, 0x23, 
0xC0, 0x00, 0x00, 0x18, 
0x80, 0x04, 0x98, 0x6E, 
0xE0, 0x34, 0xA2, 0x05, 
0x81, 0x80, 0x01, 0x25, 
0xE0, 0x80, 0x00, 0x25, 
0x8C, 0x02, 0x04, 0x00, 
0x00, 0x84, 0x01, 0x19, 
0xC0, 0x00, 0x00, 0x10, 
0x80, 0x4C, 0x98, 0x8E, 
0xC0, 0x00, 0x00, 0x00, 
0x82, 0x0E, 0x02, 0xA7, 
0xC0, 0x00, 0x00, 0x00, 
0x82, 0x1F, 0x07, 0x4D, 
0xC0, 0x00, 0x00, 0x18, 
0x80, 0x88, 0x1E, 0x8E, 
0x06, 0x18, 0x40, 0x31, 
0xF1, 0x6C, 0x80, 0x01, 
0x88, 0x00, 0x01, 0x22, 
0xFC, 0x6C, 0x80, 0x21, 
0x81, 0x82, 0x04, 0x23, 
0x06, 0x04, 0x97, 0xEE, 
0xE0, 0x34, 0xA2, 0x05, 
0x81, 0x80, 0x01, 0x25, 
0xE0, 0x80, 0x00, 0x25, 
0x8C, 0x02, 0x04, 0x00, 
0x00, 0x84, 0x01, 0x19, 
0xC0, 0x00, 0x00, 0x10, 
0x80, 0x4C, 0x98, 0x0E, 
0x0C, 0x40, 0x29, 0x0E, 
0x06, 0x00, 0x17, 0x9E, 
0x00, 0x04, 0x00, 0x80, 
0x00, 0x00, 0x00, 0x00, 
0x05, 0x4C, 0x17, 0xAE, 
0x0C, 0x82, 0x29, 0x0F, 
0x05, 0x0C, 0x17, 0xAE, 
0x30, 0x84, 0x30, 0x00, 
0x05, 0x4C, 0x17, 0xBE, 
0x05, 0x0C, 0x97, 0xBE, 
0x00, 0x00, 0xE0, 0xA9, 
0x00, 0x04, 0x45, 0x11, 
0xC0, 0x00, 0x00, 0x18, 
0x83, 0x90, 0x85, 0x9F, 
0x05, 0x1D, 0x96, 0xCF, 
0x00, 0x84, 0x12, 0x13, 
0x00, 0x04, 0x49, 0x29, 
0x00, 0x84, 0x00, 0x32, 
0x00, 0x88, 0x20, 0x00, 
0x00, 0x00, 0x00, 0x22, 
0x0B, 0x61, 0xFD, 0x20, 
0xC0, 0x00, 0x24, 0x00, 
0x83, 0x02, 0xA3, 0x05, 
0x0C, 0x00, 0xFD, 0x2A, 
0x00, 0x04, 0x20, 0x08, 
0x0E, 0x07, 0x00, 0x6E, 
0xC0, 0x00, 0x00, 0x10, 
0xB3, 0xAC, 0x08, 0x4F, 
0x00, 0x88, 0x20, 0x01, 
0x0E, 0x09, 0x07, 0x57, 
0x00, 0x00, 0x00, 0x22, 
0x05, 0x5C, 0x16, 0xCF, 
0x30, 0x84, 0x19, 0x9A, 
0x06, 0x02, 0x17, 0x0F, 
0x00, 0x04, 0x61, 0x84, 
0xC0, 0x00, 0x00, 0x10, 
0x83, 0x8E, 0x05, 0xAF, 
0x00, 0x88, 0x18, 0x98, 
0x00, 0x00, 0x00, 0x2A, 
0xC0, 0x00, 0x00, 0x00, 
0x82, 0x0F, 0x07, 0x5B, 
0x30, 0x00, 0xBC, 0xF8, 
0x30, 0x00, 0xB4, 0xEA, 
0x00, 0x88, 0x20, 0x01, 
0x00, 0x00, 0x00, 0x23, 
0xC0, 0x00, 0x2C, 0xB0, 
0x80, 0xFF, 0xFF, 0xFF, 
0x30, 0x85, 0x91, 0x10, 
0x00, 0x8C, 0x03, 0x94, 
0x00, 0x00, 0x00, 0x23, 
0x0F, 0x07, 0x00, 0x6E, 
0x30, 0x86, 0x05, 0x40, 
0x30, 0x88, 0x10, 0x35, 
0x30, 0x20, 0x03, 0x65, 
0x2A, 0x2D, 0xDC, 0xDC, 
0x00, 0x94, 0x02, 0x3A, 
0x00, 0xE6, 0x21, 0x03, 
0x00, 0x00, 0xD8, 0x61, 
0x00, 0x00, 0xE1, 0x2A, 
0x07, 0x04, 0x88, 0x00, 
0x00, 0x84, 0x12, 0x91, 
0x00, 0x04, 0x49, 0x22, 
0x00, 0x84, 0x01, 0x12, 
0x05, 0x4C, 0x97, 0xCE, 
0x05, 0x0C, 0x17, 0xCE, 
0x0B, 0x21, 0x07, 0x85, 
0xC0, 0x00, 0x00, 0x10, 
0x81, 0x4C, 0x1A, 0xAE, 
0x05, 0x0F, 0x97, 0xBE, 
0xC0, 0x00, 0x00, 0x10, 
0x81, 0x4F, 0x9A, 0xDE, 
0xC0, 0x00, 0x00, 0x00, 
0x82, 0x1E, 0x02, 0xAB, 
0xC0, 0x00, 0x00, 0x00, 
0x82, 0x2C, 0x00, 0x96, 
0xC0, 0x00, 0x00, 0x00, 
0x82, 0x0F, 0x07, 0x86, 
0xE0, 0xC0, 0x00, 0x00, 
0x80, 0x00, 0x44, 0x00, 
0xF0, 0x74, 0x80, 0x00, 
0x80, 0x02, 0x47, 0x03, 
0xFC, 0x68, 0x80, 0x01, 
0x8C, 0x02, 0x89, 0x02, 
0xE0, 0x00, 0x00, 0x07, 
0x80, 0x00, 0x00, 0x00, 
0xE0, 0x00, 0x20, 0x40, 
0x80, 0x00, 0x00, 0x00, 
0xE8, 0x80, 0x00, 0x00, 
0x80, 0x02, 0x84, 0x00, 
0xC0, 0x00, 0x00, 0x10, 
0x81, 0x4C, 0x1B, 0x0E, 
0xF0, 0x74, 0x80, 0x00, 
0x80, 0x02, 0x47, 0x03, 
0xFC, 0x68, 0x80, 0x01, 
0x8C, 0x02, 0x89, 0x02, 
0xE0, 0x00, 0x00, 0x07, 
0x80, 0x00, 0x00, 0x00, 
0xE0, 0x00, 0x20, 0x40, 
0x80, 0x00, 0x00, 0x00, 
0xE8, 0x80, 0x00, 0x00, 
0x80, 0x02, 0x84, 0x00, 
0x05, 0x4C, 0x17, 0xDE, 
0xC0, 0x00, 0x00, 0x00, 
0x82, 0x0F, 0x07, 0x90, 
0xC0, 0x00, 0x00, 0x10, 
0x80, 0x0C, 0x98, 0x0E, 
0x0A, 0xE1, 0x29, 0x13, 
0x00, 0x00, 0xE0, 0x69, 
0x00, 0x04, 0x41, 0x10, 
0x0C, 0x40, 0x29, 0x10, 
0x00, 0x1C, 0x80, 0x40, 
0x00, 0x84, 0x08, 0x81, 
0x00, 0x8C, 0x18, 0x89, 
0x0A, 0xBD, 0xDC, 0x02, 
0x00, 0x00, 0x00, 0x2D, 
0xC0, 0x00, 0x29, 0xF3, 
0x88, 0x00, 0x00, 0x00, 
0xC0, 0x00, 0x2D, 0xB0, 
0x8A, 0x00, 0x00, 0x00, 
0xC0, 0x00, 0x25, 0xC0, 
0x81, 0x00, 0x00, 0x00, 
0x30, 0xE6, 0x68, 0x0F, 
0x0B, 0xE1, 0xFD, 0x20, 
0x0B, 0xE1, 0x29, 0x13, 
0x0A, 0xA1, 0xFD, 0x2A, 
0x00, 0x84, 0x08, 0x87, 
0x00, 0x84, 0x18, 0x8E, 
0x00, 0x04, 0x61, 0x8F, 
0x0C, 0x82, 0x29, 0x15, 
0x0A, 0x29, 0x29, 0x16, 
0x0A, 0xA9, 0x29, 0x12, 
0x20, 0xC5, 0x52, 0x2A, 
0x00, 0x88, 0x10, 0x28, 
0x0A, 0x2D, 0x29, 0x15, 
0x0A, 0x31, 0x29, 0x11, 
0x00, 0x20, 0x02, 0x48, 
0x00, 0x20, 0x02, 0x64, 
0x30, 0x85, 0x93, 0x30, 
0x00, 0xEE, 0x20, 0x02, 
0x00, 0x20, 0x01, 0x10, 
0x00, 0x00, 0xD8, 0x60, 
0x0A, 0x21, 0xDC, 0xAE, 
0x00, 0x94, 0x00, 0x20, 
0x00, 0x00, 0xE8, 0x68, 
0x00, 0x00, 0x20, 0x80, 
0x07, 0x04, 0x40, 0x00, 
0x00, 0x84, 0x19, 0x80, 
0x00, 0x04, 0x61, 0x98, 
0x00, 0x84, 0x00, 0x08, 
0x06, 0x00, 0x17, 0xDE, 
0x00, 0x04, 0x45, 0x00, 
0x0B, 0x29, 0x29, 0x16, 
0x0B, 0x2D, 0x29, 0x15, 
0xC0, 0x00, 0x00, 0x10, 
0x80, 0x4C, 0x98, 0x3E, 
0xC0, 0x00, 0x00, 0x10, 
0x80, 0x4C, 0x18, 0x4E, 
0xC0, 0x00, 0x00, 0x10, 
0x80, 0x0C, 0x98, 0x4E, 
0x00, 0x00, 0xE0, 0xA9, 
0x00, 0x04, 0x45, 0x11, 
0xC0, 0x00, 0x00, 0x18, 
0x83, 0x90, 0x8C, 0x8F, 
0x05, 0x1D, 0x97, 0x1F, 
0x00, 0x84, 0x12, 0x13, 
0x00, 0x04, 0x49, 0x29, 
0x00, 0x84, 0x00, 0x32, 
0x00, 0x88, 0x20, 0x00, 
0x00, 0x00, 0x00, 0x22, 
0x0B, 0x61, 0xFD, 0x20, 
0xC0, 0x00, 0x24, 0x00, 
0x83, 0x02, 0xA3, 0x05, 
0x0C, 0x00, 0xFD, 0x2A, 
0x00, 0x04, 0x20, 0x08, 
0x0E, 0x07, 0x00, 0x73, 
0xC0, 0x00, 0x00, 0x10, 
0xB3, 0xAC, 0x0F, 0x3F, 
0x00, 0x88, 0x20, 0x01, 
0x0E, 0x09, 0x07, 0xC6, 
0x00, 0x00, 0x00, 0x22, 
0x05, 0x5C, 0x17, 0x1F, 
0x30, 0x84, 0x19, 0x9A, 
0x06, 0x02, 0x17, 0x5F, 
0x00, 0x04, 0x61, 0x84, 
0xC0, 0x00, 0x00, 0x10, 
0x83, 0x8E, 0x0C, 0x9F, 
0x00, 0x88, 0x18, 0x98, 
0x00, 0x00, 0x00, 0x2A, 
0xC0, 0x00, 0x00, 0x00, 
0x82, 0x0F, 0x07, 0xCA, 
0x30, 0x00, 0xBC, 0xF8, 
0x30, 0x00, 0xB4, 0xEA, 
0x00, 0x88, 0x20, 0x01, 
0x00, 0x00, 0x00, 0x23, 
0xC0, 0x00, 0x2C, 0xB0, 
0x80, 0xFF, 0xFF, 0xFF, 
0x30, 0x85, 0x91, 0x10, 
0x00, 0x8C, 0x03, 0x94, 
0x00, 0x00, 0x00, 0x23, 
0x0F, 0x07, 0x00, 0x73, 
0x30, 0x86, 0x05, 0x40, 
0x30, 0x88, 0x10, 0x35, 
0x30, 0x20, 0x03, 0x65, 
0x2A, 0x2D, 0xDC, 0xDC, 
0x00, 0x94, 0x02, 0x3A, 
0x00, 0xE6, 0x21, 0x03, 
0x00, 0x00, 0xD8, 0x61, 
0x00, 0x00, 0xE1, 0x2A, 
0x07, 0x04, 0x88, 0x00, 
0x00, 0x84, 0x12, 0x91, 
0x00, 0x04, 0x49, 0x22, 
0x00, 0x84, 0x01, 0x12, 
0xC0, 0x00, 0x00, 0x10, 
0x80, 0x4C, 0x98, 0x5E, 
0xC0, 0x00, 0x00, 0x10, 
0x80, 0x0C, 0x18, 0x5E, 
0x0B, 0x21, 0x07, 0xF4, 
0xC0, 0x00, 0x00, 0x10, 
0x81, 0x4C, 0x1B, 0x1E, 
0xC0, 0x00, 0x00, 0x00, 
0x82, 0x0C, 0x00, 0xA2, 
0xC0, 0x00, 0x00, 0x00, 
0x82, 0x1E, 0x00, 0x81, 
0xC0, 0x00, 0x00, 0x00, 
0x82, 0x6F, 0x07, 0xF5, 
0xFD, 0x6A, 0x80, 0x00, 
0x80, 0x00, 0x00, 0xC3, 
0xF8, 0x74, 0x80, 0x03, 
0x81, 0x40, 0x41, 0xC5, 
0xFC, 0x6A, 0x80, 0x21, 
0x88, 0x00, 0x08, 0xC3, 
0xE0, 0x34, 0xA2, 0x07, 
0x80, 0x42, 0x09, 0xC5, 
0xFD, 0x6A, 0x80, 0x27, 
0x8A, 0x80, 0x08, 0xC3, 
0xE8, 0xB4, 0xA6, 0x43, 
0x81, 0x42, 0x09, 0xC5, 
0xFC, 0x6A, 0x80, 0x21, 
0x8F, 0x04, 0x08, 0xC3, 
0xE9, 0xB4, 0xA2, 0x07, 
0x80, 0x42, 0x09, 0xC5, 
0xE8, 0x80, 0x00, 0x27, 
0x8A, 0x82, 0x08, 0x00, 
0x00, 0x84, 0x01, 0x19, 
0x05, 0x5C, 0xD0, 0x00, 
0xC0, 0x00, 0x00, 0x10, 
0x80, 0x4C, 0x98, 0x9E, 
0xC0, 0x00, 0x00, 0x00, 
0x82, 0x0F, 0x08, 0x09, 
0xC0, 0x00, 0x00, 0x10, 
0x80, 0x0C, 0x98, 0x8E, 
0x0A, 0xE1, 0x29, 0x1A, 
0x00, 0x00, 0xE0, 0x69, 
0x00, 0x04, 0x41, 0x10, 
0x0C, 0x40, 0x29, 0x17, 
0x00, 0x1C, 0x80, 0x40, 
0x00, 0x84, 0x08, 0x81, 
0x00, 0x8C, 0x18, 0x89, 
0x0A, 0xBD, 0xDC, 0x02, 
0x00, 0x00, 0x00, 0x2D, 
0xC0, 0x00, 0x29, 0xF3, 
0x88, 0x00, 0x00, 0x00, 
0xC0, 0x00, 0x2D, 0xB0, 
0x8A, 0x00, 0x00, 0x00, 
0xC0, 0x00, 0x25, 0xC0, 
0x81, 0x00, 0x00, 0x00, 
0x30, 0xE6, 0x68, 0x0F, 
0x0B, 0xE1, 0xFD, 0x20, 
0x0B, 0xE1, 0x29, 0x1A, 
0x0A, 0xA1, 0xFD, 0x2A, 
0x00, 0x84, 0x08, 0x87, 
0x00, 0x84, 0x18, 0x8E, 
0x00, 0x04, 0x61, 0x8F, 
0x0C, 0x82, 0x29, 0x1C, 
0x0A, 0x29, 0x29, 0x1D, 
0x0A, 0xA9, 0x29, 0x19, 
0x20, 0xC5, 0x52, 0x2A, 
0x00, 0x88, 0x10, 0x28, 
0x0A, 0x2D, 0x29, 0x1C, 
0x0A, 0x31, 0x29, 0x18, 
0x00, 0x20, 0x02, 0x48, 
0x00, 0x20, 0x02, 0x64, 
0x30, 0x85, 0x93, 0x30, 
0x00, 0xEE, 0x20, 0x02, 
0x00, 0x20, 0x01, 0x10, 
0x00, 0x00, 0xD8, 0x60, 
0x0A, 0x21, 0xDC, 0xAE, 
0x00, 0x94, 0x00, 0x20, 
0x00, 0x00, 0xE8, 0x68, 
0x00, 0x00, 0x20, 0x80, 
0x07, 0x04, 0x40, 0x00, 
0x00, 0x84, 0x19, 0x80, 
0x00, 0x04, 0x61, 0x98, 
0x00, 0x84, 0x00, 0x08, 
0xC0, 0x00, 0x00, 0x18, 
0x80, 0x00, 0x18, 0x9E, 
0x00, 0x04, 0x45, 0x00, 
0x0B, 0x29, 0x29, 0x1D, 
0x0B, 0x2D, 0x29, 0x1C, 
0xC0, 0x00, 0x00, 0x10, 
0x80, 0x4C, 0x98, 0xAE, 
0xC0, 0x00, 0x00, 0x10, 
0x80, 0x4C, 0x18, 0xCE, 
0xC0, 0x00, 0x00, 0x10, 
0x80, 0x0C, 0x98, 0xAE, 
0x00, 0x00, 0xE0, 0xA9, 
0x00, 0x04, 0x45, 0x11, 
0xC0, 0x00, 0x00, 0x18, 
0x84, 0x10, 0x84, 0x1F, 
0x05, 0x1D, 0x97, 0x6F, 
0x00, 0x84, 0x12, 0x13, 
0x00, 0x04, 0x49, 0x29, 
0x00, 0x84, 0x00, 0x32, 
0x00, 0x88, 0x20, 0x00, 
0x00, 0x00, 0x00, 0x22, 
0x0B, 0x61, 0xFD, 0x20, 
0xC0, 0x00, 0x24, 0x00, 
0x83, 0x02, 0xA3, 0x05, 
0x0C, 0x00, 0xFD, 0x2A, 
0x00, 0x04, 0x20, 0x08, 
0x0E, 0x07, 0x00, 0x78, 
0xC0, 0x00, 0x00, 0x10, 
0xB4, 0x2C, 0x06, 0xCF, 
0x00, 0x88, 0x20, 0x01, 
0x0E, 0x09, 0x08, 0x3F, 
0x00, 0x00, 0x00, 0x22, 
0x05, 0x5C, 0x17, 0x6F, 
0x30, 0x84, 0x19, 0x9A, 
0x06, 0x02, 0x17, 0xAF, 
0x00, 0x04, 0x61, 0x84, 
0xC0, 0x00, 0x00, 0x10, 
0x84, 0x0E, 0x04, 0x2F, 
0x00, 0x88, 0x18, 0x98, 
0x00, 0x00, 0x00, 0x2A, 
0xC0, 0x00, 0x00, 0x00, 
0x82, 0x0F, 0x08, 0x43, 
0x30, 0x00, 0xBC, 0xF8, 
0x30, 0x00, 0xB4, 0xEA, 
0x00, 0x88, 0x20, 0x01, 
0x00, 0x00, 0x00, 0x23, 
0xC0, 0x00, 0x2C, 0xB0, 
0x80, 0xFF, 0xFF, 0xFF, 
0x30, 0x85, 0x91, 0x10, 
0x00, 0x8C, 0x03, 0x94, 
0x00, 0x00, 0x00, 0x23, 
0x0F, 0x07, 0x00, 0x78, 
0x30, 0x86, 0x05, 0x40, 
0x30, 0x88, 0x10, 0x35, 
0x30, 0x20, 0x03, 0x65, 
0x2A, 0x2D, 0xDC, 0xDC, 
0x00, 0x94, 0x02, 0x3A, 
0x00, 0xE6, 0x21, 0x03, 
0x00, 0x00, 0xD8, 0x61, 
0x00, 0x00, 0xE1, 0x2A, 
0x07, 0x04, 0x88, 0x00, 
0x00, 0x84, 0x12, 0x91, 
0x00, 0x04, 0x49, 0x22, 
0x00, 0x84, 0x01, 0x12, 
0xC0, 0x00, 0x00, 0x10, 
0x80, 0x4C, 0x98, 0xBE, 
0xC0, 0x00, 0x00, 0x10, 
0x80, 0x0C, 0x18, 0xBE, 
0x0B, 0x21, 0x08, 0x6D, 
0xC0, 0x00, 0x00, 0x10, 
0x81, 0x4C, 0x1B, 0x2E, 
0xC0, 0x00, 0x00, 0x10, 
0x80, 0x0C, 0x98, 0xCE, 
0x00, 0x00, 0xE0, 0xA9, 
0x00, 0x04, 0x45, 0x11, 
0xC0, 0x00, 0x00, 0x18, 
0x84, 0x10, 0x87, 0x0F, 
0x05, 0x1D, 0x97, 0xBF, 
0x00, 0x84, 0x12, 0x13, 
0x00, 0x04, 0x49, 0x29, 
0x00, 0x84, 0x00, 0x32, 
0x00, 0x88, 0x20, 0x00, 
0x00, 0x00, 0x00, 0x22, 
0x0B, 0x61, 0xFD, 0x20, 
0xC0, 0x00, 0x24, 0x00, 
0x83, 0x02, 0xA3, 0x05, 
0x0C, 0x00, 0xFD, 0x2A, 
0x00, 0x04, 0x20, 0x08, 
0x0E, 0x07, 0x00, 0x7D, 
0xC0, 0x00, 0x00, 0x10, 
0xB4, 0x2C, 0x09, 0xBF, 
0x00, 0x88, 0x20, 0x01, 
0x0E, 0x09, 0x08, 0x6E, 
0x00, 0x00, 0x00, 0x22, 
0x05, 0x5C, 0x17, 0xBF, 
0x30, 0x84, 0x19, 0x9A, 
0x06, 0x02, 0x17, 0xFF, 
0x00, 0x04, 0x61, 0x84, 
0xC0, 0x00, 0x00, 0x10, 
0x84, 0x0E, 0x07, 0x1F, 
0x00, 0x88, 0x18, 0x98, 
0x00, 0x00, 0x00, 0x2A, 
0xC0, 0x00, 0x00, 0x00, 
0x82, 0x0F, 0x08, 0x72, 
0x30, 0x00, 0xBC, 0xF8, 
0x30, 0x00, 0xB4, 0xEA, 
0x00, 0x88, 0x20, 0x01, 
0x00, 0x00, 0x00, 0x23, 
0xC0, 0x00, 0x2C, 0xB0, 
0x80, 0xFF, 0xFF, 0xFF, 
0x30, 0x85, 0x91, 0x10, 
0x00, 0x8C, 0x03, 0x94, 
0x00, 0x00, 0x00, 0x23, 
0x0F, 0x07, 0x00, 0x7D, 
0x30, 0x86, 0x05, 0x40, 
0x30, 0x88, 0x10, 0x35, 
0x30, 0x20, 0x03, 0x65, 
0x2A, 0x2D, 0xDC, 0xDC, 
0x00, 0x94, 0x02, 0x3A, 
0x00, 0xE6, 0x21, 0x03, 
0x00, 0x00, 0xD8, 0x61, 
0x00, 0x00, 0xE1, 0x2A, 
0x07, 0x04, 0x88, 0x00, 
0x00, 0x84, 0x12, 0x91, 
0x00, 0x04, 0x49, 0x22, 
0x00, 0x84, 0x01, 0x12, 
0xC0, 0x00, 0x00, 0x10, 
0x80, 0x4C, 0x98, 0xDE, 
0xC0, 0x00, 0x00, 0x10, 
0x80, 0x0C, 0x18, 0xDE, 
0x0B, 0x21, 0x08, 0x9C, 
0xC0, 0x00, 0x00, 0x10, 
0x81, 0x4C, 0x1B, 0x3E, 
0x0A, 0x21, 0x08, 0x9D, 
0x00, 0x84, 0x30, 0x00, 
0xC0, 0x00, 0x00, 0x00, 
0x82, 0x0D, 0x0A, 0x5F, 
0x00, 0x00, 0xD8, 0x40, 
0xC0, 0x00, 0x00, 0x18, 
0x80, 0x10, 0x18, 0xAE, 
0x06, 0x50, 0x40, 0x00, 
0x06, 0x00, 0x08, 0x00, 
0xC0, 0x00, 0x00, 0x18, 
0x80, 0xC0, 0x17, 0xAE, 
0xC0, 0x00, 0x00, 0x00, 
0x82, 0x0E, 0x02, 0xB4, 
0xC0, 0x00, 0x00, 0x00, 
0x82, 0x1F, 0x08, 0x9E, 
0xC0, 0x00, 0x00, 0x18, 
0x81, 0x08, 0x12, 0xEE, 
0x06, 0x18, 0x40, 0x31, 
0xF1, 0x6C, 0x80, 0x01, 
0x88, 0x00, 0x01, 0x22, 
0xFC, 0x6C, 0x80, 0x21, 
0x81, 0x82, 0x04, 0x23, 
0xC0, 0x00, 0x00, 0x18, 
0x80, 0x04, 0x99, 0xBE, 
0xE0, 0x34, 0xA2, 0x05, 
0x81, 0x80, 0x01, 0x25, 
0xE0, 0x80, 0x00, 0x25, 
0x8C, 0x02, 0x04, 0x00, 
0x00, 0x84, 0x01, 0x19, 
0xC0, 0x00, 0x00, 0x10, 
0x80, 0x4C, 0x99, 0xDE, 
0xC0, 0x00, 0x00, 0x00, 
0x82, 0x0E, 0x02, 0xB7, 
0xC0, 0x00, 0x00, 0x00, 
0x82, 0x1F, 0x08, 0xA8, 
0xC0, 0x00, 0x00, 0x18, 
0x80, 0x88, 0x1E, 0x3E, 
0x06, 0x18, 0x40, 0x31, 
0xF1, 0x6C, 0x80, 0x01, 
0x88, 0x00, 0x01, 0x22, 
0xFC, 0x6C, 0x80, 0x21, 
0x81, 0x82, 0x04, 0x23, 
0xC0, 0x00, 0x00, 0x18, 
0x80, 0x04, 0x99, 0x3E, 
0xE0, 0x34, 0xA2, 0x05, 
0x81, 0x80, 0x01, 0x25, 
0xE0, 0x80, 0x00, 0x25, 
0x8C, 0x02, 0x04, 0x00, 
0x00, 0x84, 0x01, 0x19, 
0xC0, 0x00, 0x00, 0x10, 
0x80, 0x4C, 0x99, 0x5E, 
0x0C, 0x40, 0x29, 0x1E, 
0xC0, 0x00, 0x00, 0x18, 
0x80, 0x00, 0x18, 0xEE, 
0x00, 0x04, 0x00, 0x80, 
0x00, 0x00, 0x00, 0x00, 
0xC0, 0x00, 0x00, 0x10, 
0x80, 0x4C, 0x18, 0xFE, 
0x0C, 0x82, 0x29, 0x1F, 
0xC0, 0x00, 0x00, 0x10, 
0x80, 0x0C, 0x18, 0xFE, 
0x30, 0x84, 0x30, 0x00, 
0xC0, 0x00, 0x00, 0x10, 
0x80, 0x4C, 0x19, 0x0E, 
0xC0, 0x00, 0x00, 0x10, 
0x80, 0x0C, 0x99, 0x0E, 
0x00, 0x00, 0xE0, 0xA9, 
0x00, 0x04, 0x45, 0x11, 
0xC0, 0x00, 0x00, 0x18, 
0x84, 0x10, 0x8B, 0x4F, 
0xC0, 0x00, 0x00, 0x10, 
0x80, 0x1D, 0x98, 0x0F, 
0x00, 0x84, 0x12, 0x13, 
0x00, 0x04, 0x49, 0x29, 
0x00, 0x84, 0x00, 0x32, 
0x00, 0x88, 0x20, 0x00, 
0x00, 0x00, 0x00, 0x22, 
0x0B, 0x61, 0xFD, 0x20, 
0xC0, 0x00, 0x24, 0x00, 
0x83, 0x02, 0xA3, 0x05, 
0x0C, 0x00, 0xFD, 0x2A, 
0x00, 0x04, 0x20, 0x08, 
0x0E, 0x07, 0x00, 0x82, 
0xC0, 0x00, 0x00, 0x10, 
0xB4, 0x2C, 0x0D, 0xFF, 
0x00, 0x88, 0x20, 0x01, 
0x0E, 0x09, 0x08, 0xB2, 
0x00, 0x00, 0x00, 0x22, 
0xC0, 0x00, 0x00, 0x10, 
0x80, 0x5C, 0x18, 0x0F, 
0x30, 0x84, 0x19, 0x9A, 
0xC0, 0x00, 0x00, 0x18, 
0x80, 0x02, 0x18, 0x4F, 
0x00, 0x04, 0x61, 0x84, 
0xC0, 0x00, 0x00, 0x10, 
0x84, 0x0E, 0x0B, 0x5F, 
0x00, 0x88, 0x18, 0x98, 
0x00, 0x00, 0x00, 0x2A, 
0xC0, 0x00, 0x00, 0x00, 
0x82, 0x0F, 0x08, 0xB6, 
0x30, 0x00, 0xBC, 0xF8, 
0x30, 0x00, 0xB4, 0xEA, 
0x00, 0x88, 0x20, 0x01, 
0x00, 0x00, 0x00, 0x23, 
0xC0, 0x00, 0x2C, 0xB0, 
0x80, 0xFF, 0xFF, 0xFF, 
0x30, 0x85, 0x91, 0x10, 
0x00, 0x8C, 0x03, 0x94, 
0x00, 0x00, 0x00, 0x23, 
0x0F, 0x07, 0x00, 0x82, 
0x30, 0x86, 0x05, 0x40, 
0x30, 0x88, 0x10, 0x35, 
0x30, 0x20, 0x03, 0x65, 
0x2A, 0x2D, 0xDC, 0xDC, 
0x00, 0x94, 0x02, 0x3A, 
0x00, 0xE6, 0x21, 0x03, 
0x00, 0x00, 0xD8, 0x61, 
0x00, 0x00, 0xE1, 0x2A, 
0x07, 0x04, 0x88, 0x00, 
0x00, 0x84, 0x12, 0x91, 
0x00, 0x04, 0x49, 0x22, 
0x00, 0x84, 0x01, 0x12, 
0xC0, 0x00, 0x00, 0x10, 
0x80, 0x4C, 0x99, 0x1E, 
0xC0, 0x00, 0x00, 0x10, 
0x80, 0x0C, 0x19, 0x1E, 
0x0B, 0x21, 0x08, 0xE0, 
0xC0, 0x00, 0x00, 0x10, 
0x81, 0x4C, 0x1B, 0xAE, 
0xC0, 0x00, 0x00, 0x10, 
0x80, 0x0F, 0x99, 0x0E, 
0xC0, 0x00, 0x00, 0x10, 
0x81, 0x4F, 0x9B, 0xDE, 
0xC0, 0x00, 0x00, 0x00, 
0x82, 0x1E, 0x02, 0xBB, 
0xC0, 0x00, 0x00, 0x00, 
0x82, 0x2C, 0x00, 0xB4, 
0xC0, 0x00, 0x00, 0x00, 
0x82, 0x0F, 0x08, 0xE1, 
0xE0, 0xC0, 0x00, 0x00, 
0x80, 0x00, 0x44, 0x00, 
0xF0, 0x74, 0x80, 0x00, 
0x80, 0x02, 0x47, 0x03, 
0xFC, 0x68, 0x80, 0x01, 
0x8C, 0x02, 0x89, 0x02, 
0xE0, 0x00, 0x00, 0x07, 
0x80, 0x00, 0x00, 0x00, 
0xE0, 0x00, 0x20, 0x40, 
0x80, 0x00, 0x00, 0x00, 
0xE8, 0x80, 0x00, 0x00, 
0x80, 0x02, 0x84, 0x00, 
0xC0, 0x00, 0x00, 0x10, 
0x81, 0x4C, 0x1C, 0x0E, 
0xF0, 0x74, 0x80, 0x00, 
0x80, 0x02, 0x47, 0x03, 
0xFC, 0x68, 0x80, 0x01, 
0x8C, 0x02, 0x89, 0x02, 
0xE0, 0x00, 0x00, 0x07, 
0x80, 0x00, 0x00, 0x00, 
0xE0, 0x00, 0x20, 0x40, 
0x80, 0x00, 0x00, 0x00, 
0xE8, 0x80, 0x00, 0x00, 
0x80, 0x02, 0x84, 0x00, 
0xC0, 0x00, 0x00, 0x10, 
0x80, 0x4C, 0x19, 0x2E, 
0xC0, 0x00, 0x00, 0x00, 
0x82, 0x0F, 0x08, 0xEB, 
0xC0, 0x00, 0x00, 0x10, 
0x80, 0x0C, 0x99, 0x5E, 
0x0A, 0xE1, 0x29, 0x23, 
0x00, 0x00, 0xE0, 0x69, 
0x00, 0x04, 0x41, 0x10, 
0x0C, 0x40, 0x29, 0x20, 
0x00, 0x1C, 0x80, 0x40, 
0x00, 0x84, 0x08, 0x81, 
0x00, 0x8C, 0x18, 0x89, 
0x0A, 0xBD, 0xDC, 0x02, 
0x00, 0x00, 0x00, 0x2D, 
0xC0, 0x00, 0x29, 0xF3, 
0x88, 0x00, 0x00, 0x00, 
0xC0, 0x00, 0x2D, 0xB0, 
0x8A, 0x00, 0x00, 0x00, 
0xC0, 0x00, 0x25, 0xC0, 
0x81, 0x00, 0x00, 0x00, 
0x30, 0xE6, 0x68, 0x0F, 
0x0B, 0xE1, 0xFD, 0x20, 
0x0B, 0xE1, 0x29, 0x23, 
0x0A, 0xA1, 0xFD, 0x2A, 
0x00, 0x84, 0x08, 0x87, 
0x00, 0x84, 0x18, 0x8E, 
0x00, 0x04, 0x61, 0x8F, 
0x0C, 0x82, 0x29, 0x25, 
0x0A, 0x29, 0x29, 0x26, 
0x0A, 0xA9, 0x29, 0x22, 
0x20, 0xC5, 0x52, 0x2A, 
0x00, 0x88, 0x10, 0x28, 
0x0A, 0x2D, 0x29, 0x25, 
0x0A, 0x31, 0x29, 0x21, 
0x00, 0x20, 0x02, 0x48, 
0x00, 0x20, 0x02, 0x64, 
0x30, 0x85, 0x93, 0x30, 
0x00, 0xEE, 0x20, 0x02, 
0x00, 0x20, 0x01, 0x10, 
0x00, 0x00, 0xD8, 0x60, 
0x0A, 0x21, 0xDC, 0xAE, 
0x00, 0x94, 0x00, 0x20, 
0x00, 0x00, 0xE8, 0x68, 
0x00, 0x00, 0x20, 0x80, 
0x07, 0x04, 0x40, 0x00, 
0x00, 0x84, 0x19, 0x80, 
0x00, 0x04, 0x61, 0x98, 
0x00, 0x84, 0x00, 0x08, 
0xC0, 0x00, 0x00, 0x18, 
0x80, 0x00, 0x19, 0x2E, 
0x00, 0x04, 0x45, 0x00, 
0x0B, 0x29, 0x29, 0x26, 
0x0B, 0x2D, 0x29, 0x25, 
0xC0, 0x00, 0x00, 0x10, 
0x80, 0x4C, 0x99, 0x8E, 
0xC0, 0x00, 0x00, 0x10, 
0x80, 0x4C, 0x19, 0x9E, 
0xC0, 0x00, 0x00, 0x10, 
0x80, 0x0C, 0x99, 0x9E, 
0x00, 0x00, 0xE0, 0xA9, 
0x00, 0x04, 0x45, 0x11, 
0xC0, 0x00, 0x00, 0x18, 
0x84, 0x90, 0x82, 0x3F, 
0xC0, 0x00, 0x00, 0x10, 
0x80, 0x1D, 0x98, 0x5F, 
0x00, 0x84, 0x12, 0x13, 
0x00, 0x04, 0x49, 0x29, 
0x00, 0x84, 0x00, 0x32, 
0x00, 0x88, 0x20, 0x00, 
0x00, 0x00, 0x00, 0x22, 
0x0B, 0x61, 0xFD, 0x20, 
0xC0, 0x00, 0x24, 0x00, 
0x83, 0x02, 0xA3, 0x05, 
0x0C, 0x00, 0xFD, 0x2A, 
0x00, 0x04, 0x20, 0x08, 
0x0E, 0x07, 0x00, 0x87, 
0xC0, 0x00, 0x00, 0x10, 
0xB4, 0xAC, 0x04, 0xEF, 
0x00, 0x88, 0x20, 0x01, 
0x0E, 0x09, 0x09, 0x21, 
0x00, 0x00, 0x00, 0x22, 
0xC0, 0x00, 0x00, 0x10, 
0x80, 0x5C, 0x18, 0x5F, 
0x30, 0x84, 0x19, 0x9A, 
0xC0, 0x00, 0x00, 0x18, 
0x80, 0x02, 0x18, 0x9F, 
0x00, 0x04, 0x61, 0x84, 
0xC0, 0x00, 0x00, 0x10, 
0x84, 0x8E, 0x02, 0x4F, 
0x00, 0x88, 0x18, 0x98, 
0x00, 0x00, 0x00, 0x2A, 
0xC0, 0x00, 0x00, 0x00, 
0x82, 0x0F, 0x09, 0x25, 
0x30, 0x00, 0xBC, 0xF8, 
0x30, 0x00, 0xB4, 0xEA, 
0x00, 0x88, 0x20, 0x01, 
0x00, 0x00, 0x00, 0x23, 
0xC0, 0x00, 0x2C, 0xB0, 
0x80, 0xFF, 0xFF, 0xFF, 
0x30, 0x85, 0x91, 0x10, 
0x00, 0x8C, 0x03, 0x94, 
0x00, 0x00, 0x00, 0x23, 
0x0F, 0x07, 0x00, 0x87, 
0x30, 0x86, 0x05, 0x40, 
0x30, 0x88, 0x10, 0x35, 
0x30, 0x20, 0x03, 0x65, 
0x2A, 0x2D, 0xDC, 0xDC, 
0x00, 0x94, 0x02, 0x3A, 
0x00, 0xE6, 0x21, 0x03, 
0x00, 0x00, 0xD8, 0x61, 
0x00, 0x00, 0xE1, 0x2A, 
0x07, 0x04, 0x88, 0x00, 
0x00, 0x84, 0x12, 0x91, 
0x00, 0x04, 0x49, 0x22, 
0x00, 0x84, 0x01, 0x12, 
0xC0, 0x00, 0x00, 0x10, 
0x80, 0x4C, 0x99, 0xAE, 
0xC0, 0x00, 0x00, 0x10, 
0x80, 0x0C, 0x19, 0xAE, 
0x0B, 0x21, 0x09, 0x4F, 
0xC0, 0x00, 0x00, 0x10, 
0x81, 0x4C, 0x1C, 0x1E, 
0xC0, 0x00, 0x00, 0x00, 
0x82, 0x0C, 0x00, 0xC0, 
0xC0, 0x00, 0x00, 0x00, 
0x82, 0x1E, 0x00, 0x96, 
0xC0, 0x00, 0x00, 0x00, 
0x82, 0x6F, 0x09, 0x50, 
0xFD, 0x6A, 0x80, 0x00, 
0x80, 0x00, 0x00, 0xC3, 
0xF8, 0x74, 0x80, 0x03, 
0x81, 0x40, 0x41, 0xC5, 
0xFC, 0x6A, 0x80, 0x21, 
0x88, 0x00, 0x08, 0xC3, 
0xE0, 0x34, 0xA2, 0x07, 
0x80, 0x42, 0x09, 0xC5, 
0xFD, 0x6A, 0x80, 0x27, 
0x8A, 0x80, 0x08, 0xC3, 
0xE8, 0xB4, 0xA6, 0x43, 
0x81, 0x42, 0x09, 0xC5, 
0xFC, 0x6A, 0x80, 0x21, 
0x8F, 0x04, 0x08, 0xC3, 
0xE9, 0xB4, 0xA2, 0x07, 
0x80, 0x42, 0x09, 0xC5, 
0xE8, 0x80, 0x00, 0x27, 
0x8A, 0x82, 0x08, 0x00, 
0x00, 0x84, 0x01, 0x19, 
0x05, 0x5C, 0xD0, 0x00, 
0xC0, 0x00, 0x00, 0x10, 
0x80, 0x4C, 0x99, 0xEE, 
0xC0, 0x00, 0x00, 0x00, 
0x82, 0x0F, 0x09, 0x64, 
0xC0, 0x00, 0x00, 0x10, 
0x80, 0x0C, 0x99, 0xDE, 
0x0A, 0xE1, 0x29, 0x2A, 
0x00, 0x00, 0xE0, 0x69, 
0x00, 0x04, 0x41, 0x10, 
0x0C, 0x40, 0x29, 0x27, 
0x00, 0x1C, 0x80, 0x40, 
0x00, 0x84, 0x08, 0x81, 
0x00, 0x8C, 0x18, 0x89, 
0x0A, 0xBD, 0xDC, 0x02, 
0x00, 0x00, 0x00, 0x2D, 
0xC0, 0x00, 0x29, 0xF3, 
0x88, 0x00, 0x00, 0x00, 
0xC0, 0x00, 0x2D, 0xB0, 
0x8A, 0x00, 0x00, 0x00, 
0xC0, 0x00, 0x25, 0xC0, 
0x81, 0x00, 0x00, 0x00, 
0x30, 0xE6, 0x68, 0x0F, 
0x0B, 0xE1, 0xFD, 0x20, 
0x0B, 0xE1, 0x29, 0x2A, 
0x0A, 0xA1, 0xFD, 0x2A, 
0x00, 0x84, 0x08, 0x87, 
0x00, 0x84, 0x18, 0x8E, 
0x00, 0x04, 0x61, 0x8F, 
0x0C, 0x82, 0x29, 0x2C, 
0x0A, 0x29, 0x29, 0x2D, 
0x0A, 0xA9, 0x29, 0x29, 
0x20, 0xC5, 0x52, 0x2A, 
0x00, 0x88, 0x10, 0x28, 
0x0A, 0x2D, 0x29, 0x2C, 
0x0A, 0x31, 0x29, 0x28, 
0x00, 0x20, 0x02, 0x48, 
0x00, 0x20, 0x02, 0x64, 
0x30, 0x85, 0x93, 0x30, 
0x00, 0xEE, 0x20, 0x02, 
0x00, 0x20, 0x01, 0x10, 
0x00, 0x00, 0xD8, 0x60, 
0x0A, 0x21, 0xDC, 0xAE, 
0x00, 0x94, 0x00, 0x20, 
0x00, 0x00, 0xE8, 0x68, 
0x00, 0x00, 0x20, 0x80, 
0x07, 0x04, 0x40, 0x00, 
0x00, 0x84, 0x19, 0x80, 
0x00, 0x04, 0x61, 0x98, 
0x00, 0x84, 0x00, 0x08, 
0xC0, 0x00, 0x00, 0x18, 
0x80, 0x00, 0x19, 0xEE, 
0x00, 0x04, 0x45, 0x00, 
0x0B, 0x29, 0x29, 0x2D, 
0x0B, 0x2D, 0x29, 0x2C, 
0xC0, 0x00, 0x00, 0x10, 
0x80, 0x4C, 0x99, 0xFE, 
0xC0, 0x00, 0x00, 0x10, 
0x80, 0x4C, 0x1A, 0x1E, 
0xC0, 0x00, 0x00, 0x10, 
0x80, 0x0C, 0x99, 0xFE, 
0x00, 0x00, 0xE0, 0xA9, 
0x00, 0x04, 0x45, 0x11, 
0xC0, 0x00, 0x00, 0x18, 
0x84, 0x90, 0x89, 0xCF, 
0xC0, 0x00, 0x00, 0x10, 
0x80, 0x1D, 0x98, 0xAF, 
0x00, 0x84, 0x12, 0x13, 
0x00, 0x04, 0x49, 0x29, 
0x00, 0x84, 0x00, 0x32, 
0x00, 0x88, 0x20, 0x00, 
0x00, 0x00, 0x00, 0x22, 
0x0B, 0x61, 0xFD, 0x20, 
0xC0, 0x00, 0x24, 0x00, 
0x83, 0x02, 0xA3, 0x05, 
0x0C, 0x00, 0xFD, 0x2A, 
0x00, 0x04, 0x20, 0x08, 
0x0E, 0x07, 0x00, 0x8C, 
0xC0, 0x00, 0x00, 0x10, 
0xB4, 0xAC, 0x0C, 0x7F, 
0x00, 0x88, 0x20, 0x01, 
0x0E, 0x09, 0x09, 0x9A, 
0x00, 0x00, 0x00, 0x22, 
0xC0, 0x00, 0x00, 0x10, 
0x80, 0x5C, 0x18, 0xAF, 
0x30, 0x84, 0x19, 0x9A, 
0xC0, 0x00, 0x00, 0x18, 
0x80, 0x02, 0x18, 0xEF, 
0x00, 0x04, 0x61, 0x84, 
0xC0, 0x00, 0x00, 0x10, 
0x84, 0x8E, 0x09, 0xDF, 
0x00, 0x88, 0x18, 0x98, 
0x00, 0x00, 0x00, 0x2A, 
0xC0, 0x00, 0x00, 0x00, 
0x82, 0x0F, 0x09, 0x9E, 
0x30, 0x00, 0xBC, 0xF8, 
0x30, 0x00, 0xB4, 0xEA, 
0x00, 0x88, 0x20, 0x01, 
0x00, 0x00, 0x00, 0x23, 
0xC0, 0x00, 0x2C, 0xB0, 
0x80, 0xFF, 0xFF, 0xFF, 
0x30, 0x85, 0x91, 0x10, 
0x00, 0x8C, 0x03, 0x94, 
0x00, 0x00, 0x00, 0x23, 
0x0F, 0x07, 0x00, 0x8C, 
0x30, 0x86, 0x05, 0x40, 
0x30, 0x88, 0x10, 0x35, 
0x30, 0x20, 0x03, 0x65, 
0x2A, 0x2D, 0xDC, 0xDC, 
0x00, 0x94, 0x02, 0x3A, 
0x00, 0xE6, 0x21, 0x03, 
0x00, 0x00, 0xD8, 0x61, 
0x00, 0x00, 0xE1, 0x2A, 
0x07, 0x04, 0x88, 0x00, 
0x00, 0x84, 0x12, 0x91, 
0x00, 0x04, 0x49, 0x22, 
0x00, 0x84, 0x01, 0x12, 
0xC0, 0x00, 0x00, 0x10, 
0x80, 0x4C, 0x9A, 0x0E, 
0xC0, 0x00, 0x00, 0x10, 
0x80, 0x0C, 0x1A, 0x0E, 
0x0B, 0x21, 0x09, 0xC8, 
0xC0, 0x00, 0x00, 0x10, 
0x81, 0x4C, 0x1C, 0x2E, 
0xC0, 0x00, 0x00, 0x10, 
0x80, 0x0C, 0x9A, 0x1E, 
0x00, 0x00, 0xE0, 0xA9, 
0x00, 0x04, 0x45, 0x11, 
0xC0, 0x00, 0x00, 0x18, 
0x84, 0x90, 0x8C, 0xBF, 
0xC0, 0x00, 0x00, 0x10, 
0x80, 0x1D, 0x98, 0xFF, 
0x00, 0x84, 0x12, 0x13, 
0x00, 0x04, 0x49, 0x29, 
0x00, 0x84, 0x00, 0x32, 
0x00, 0x88, 0x20, 0x00, 
0x00, 0x00, 0x00, 0x22, 
0x0B, 0x61, 0xFD, 0x20, 
0xC0, 0x00, 0x24, 0x00, 
0x83, 0x02, 0xA3, 0x05, 
0x0C, 0x00, 0xFD, 0x2A, 
0x00, 0x04, 0x20, 0x08, 
0x0E, 0x07, 0x00, 0x91, 
0xC0, 0x00, 0x00, 0x10, 
0xB4, 0xAC, 0x0F, 0x6F, 
0x00, 0x88, 0x20, 0x01, 
0x0E, 0x09, 0x09, 0xC9, 
0x00, 0x00, 0x00, 0x22, 
0xC0, 0x00, 0x00, 0x10, 
0x80, 0x5C, 0x18, 0xFF, 
0x30, 0x84, 0x19, 0x9A, 
0xC0, 0x00, 0x00, 0x18, 
0x80, 0x02, 0x19, 0x3F, 
0x00, 0x04, 0x61, 0x84, 
0xC0, 0x00, 0x00, 0x10, 
0x84, 0x8E, 0x0C, 0xCF, 
0x00, 0x88, 0x18, 0x98, 
0x00, 0x00, 0x00, 0x2A, 
0xC0, 0x00, 0x00, 0x00, 
0x82, 0x0F, 0x09, 0xCD, 
0x30, 0x00, 0xBC, 0xF8, 
0x30, 0x00, 0xB4, 0xEA, 
0x00, 0x88, 0x20, 0x01, 
0x00, 0x00, 0x00, 0x23, 
0xC0, 0x00, 0x2C, 0xB0, 
0x80, 0xFF, 0xFF, 0xFF, 
0x30, 0x85, 0x91, 0x10, 
0x00, 0x8C, 0x03, 0x94, 
0x00, 0x00, 0x00, 0x23, 
0x0F, 0x07, 0x00, 0x91, 
0x30, 0x86, 0x05, 0x40, 
0x30, 0x88, 0x10, 0x35, 
0x30, 0x20, 0x03, 0x65, 
0x2A, 0x2D, 0xDC, 0xDC, 
0x00, 0x94, 0x02, 0x3A, 
0x00, 0xE6, 0x21, 0x03, 
0x00, 0x00, 0xD8, 0x61, 
0x00, 0x00, 0xE1, 0x2A, 
0x07, 0x04, 0x88, 0x00, 
0x00, 0x84, 0x12, 0x91, 
0x00, 0x04, 0x49, 0x22, 
0x00, 0x84, 0x01, 0x12, 
0xC0, 0x00, 0x00, 0x10, 
0x80, 0x4C, 0x9A, 0x2E, 
0xC0, 0x00, 0x00, 0x10, 
0x80, 0x0C, 0x1A, 0x2E, 
0x0B, 0x21, 0x09, 0xF7, 
0xC0, 0x00, 0x00, 0x10, 
0x81, 0x4C, 0x1C, 0x3E, 
0x0A, 0x21, 0x09, 0xF8, 
0x00, 0x84, 0x30, 0x00, 
0xC0, 0x00, 0x00, 0x00, 
0x82, 0x0D, 0x0A, 0x92, 
0x00, 0x00, 0xD8, 0x40, 
0xC0, 0x00, 0x00, 0x18, 
0x80, 0x10, 0x19, 0xFE, 
0x06, 0x50, 0x40, 0x00, 
0x06, 0x00, 0x08, 0x00, 
0xC0, 0x00, 0x00, 0x18, 
0x80, 0xC0, 0x17, 0x9E, 
0xC0, 0x00, 0x00, 0x00, 
0x82, 0x0E, 0x02, 0xC4, 
0xC0, 0x00, 0x00, 0x00, 
0x82, 0x1F, 0x09, 0xF9, 
0xC0, 0x00, 0x00, 0x18, 
0x81, 0x08, 0x12, 0x9E, 
0x06, 0x18, 0x40, 0x31, 
0xF1, 0x6C, 0x80, 0x01, 
0x88, 0x00, 0x01, 0x22, 
0xFC, 0x6C, 0x80, 0x21, 
0x81, 0x82, 0x04, 0x23, 
0xC0, 0x00, 0x00, 0x18, 
0x80, 0x04, 0x9B, 0x0E, 
0xE0, 0x34, 0xA2, 0x05, 
0x81, 0x80, 0x01, 0x25, 
0xE0, 0x80, 0x00, 0x25, 
0x8C, 0x02, 0x04, 0x00, 
0x00, 0x84, 0x01, 0x19, 
0xC0, 0x00, 0x00, 0x10, 
0x80, 0x4C, 0x9B, 0x2E, 
0xC0, 0x00, 0x00, 0x00, 
0x82, 0x0E, 0x02, 0xC7, 
0xC0, 0x00, 0x00, 0x00, 
0x82, 0x1F, 0x0A, 0x03, 
0xC0, 0x00, 0x00, 0x18, 
0x80, 0x88, 0x1D, 0xEE, 
0x06, 0x18, 0x40, 0x31, 
0xF1, 0x6C, 0x80, 0x01, 
0x88, 0x00, 0x01, 0x22, 
0xFC, 0x6C, 0x80, 0x21, 
0x81, 0x82, 0x04, 0x23, 
0xC0, 0x00, 0x00, 0x18, 
0x80, 0x04, 0x9A, 0x8E, 
0xE0, 0x34, 0xA2, 0x05, 
0x81, 0x80, 0x01, 0x25, 
0xE0, 0x80, 0x00, 0x25, 
0x8C, 0x02, 0x04, 0x00, 
0x00, 0x84, 0x01, 0x19, 
0xC0, 0x00, 0x00, 0x10, 
0x80, 0x4C, 0x9A, 0xAE, 
0x0C, 0x40, 0x29, 0x2E, 
0xC0, 0x00, 0x00, 0x18, 
0x80, 0x00, 0x1A, 0x3E, 
0x00, 0x04, 0x00, 0x80, 
0x00, 0x00, 0x00, 0x00, 
0xC0, 0x00, 0x00, 0x10, 
0x80, 0x4C, 0x1A, 0x4E, 
0x0C, 0x82, 0x29, 0x2F, 
0xC0, 0x00, 0x00, 0x10, 
0x80, 0x0C, 0x1A, 0x4E, 
0x30, 0x84, 0x30, 0x00, 
0xC0, 0x00, 0x00, 0x10, 
0x80, 0x4C, 0x1A, 0x5E, 
0xC0, 0x00, 0x00, 0x10, 
0x80, 0x0C, 0x9A, 0x5E, 
0x00, 0x00, 0xE0, 0xA9, 
0x00, 0x04, 0x45, 0x11, 
0xC0, 0x00, 0x00, 0x18, 
0x85, 0x10, 0x80, 0xFF, 
0xC0, 0x00, 0x00, 0x10, 
0x80, 0x1D, 0x99, 0x4F, 
0x00, 0x84, 0x12, 0x13, 
0x00, 0x04, 0x49, 0x29, 
0x00, 0x84, 0x00, 0x32, 
0x00, 0x88, 0x20, 0x00, 
0x00, 0x00, 0x00, 0x22, 
0x0B, 0x61, 0xFD, 0x20, 
0xC0, 0x00, 0x24, 0x00, 
0x83, 0x02, 0xA3, 0x05, 
0x0C, 0x00, 0xFD, 0x2A, 
0x00, 0x04, 0x20, 0x08, 
0x0E, 0x07, 0x00, 0x96, 
0xC0, 0x00, 0x00, 0x10, 
0xB5, 0x2C, 0x03, 0xAF, 
0x00, 0x88, 0x20, 0x01, 
0x0E, 0x09, 0x0A, 0x0D, 
0x00, 0x00, 0x00, 0x22, 
0xC0, 0x00, 0x00, 0x10, 
0x80, 0x5C, 0x19, 0x4F, 
0x30, 0x84, 0x19, 0x9A, 
0xC0, 0x00, 0x00, 0x18, 
0x80, 0x02, 0x19, 0x8F, 
0x00, 0x04, 0x61, 0x84, 
0xC0, 0x00, 0x00, 0x10, 
0x85, 0x0E, 0x01, 0x0F, 
0x00, 0x88, 0x18, 0x98, 
0x00, 0x00, 0x00, 0x2A, 
0xC0, 0x00, 0x00, 0x00, 
0x82, 0x0F, 0x0A, 0x11, 
0x30, 0x00, 0xBC, 0xF8, 
0x30, 0x00, 0xB4, 0xEA, 
0x00, 0x88, 0x20, 0x01, 
0x00, 0x00, 0x00, 0x23, 
0xC0, 0x00, 0x2C, 0xB0, 
0x80, 0xFF, 0xFF, 0xFF, 
0x30, 0x85, 0x91, 0x10, 
0x00, 0x8C, 0x03, 0x94, 
0x00, 0x00, 0x00, 0x23, 
0x0F, 0x07, 0x00, 0x96, 
0x30, 0x86, 0x05, 0x40, 
0x30, 0x88, 0x10, 0x35, 
0x30, 0x20, 0x03, 0x65, 
0x2A, 0x2D, 0xDC, 0xDC, 
0x00, 0x94, 0x02, 0x3A, 
0x00, 0xE6, 0x21, 0x03, 
0x00, 0x00, 0xD8, 0x61, 
0x00, 0x00, 0xE1, 0x2A, 
0x07, 0x04, 0x88, 0x00, 
0x00, 0x84, 0x12, 0x91, 
0x00, 0x04, 0x49, 0x22, 
0x00, 0x84, 0x01, 0x12, 
0xC0, 0x00, 0x00, 0x10, 
0x80, 0x4C, 0x9A, 0x6E, 
0xC0, 0x00, 0x00, 0x10, 
0x80, 0x0C, 0x1A, 0x6E, 
0x0B, 0x21, 0x0A, 0x3B, 
0xC0, 0x00, 0x00, 0x10, 
0x81, 0x4C, 0x1C, 0xAE, 
0xC0, 0x00, 0x00, 0x10, 
0x80, 0x0F, 0x9A, 0x5E, 
0xC0, 0x00, 0x00, 0x10, 
0x81, 0x4F, 0x9C, 0xDE, 
0xC0, 0x00, 0x00, 0x00, 
0x82, 0x1E, 0x02, 0xCB, 
0xC0, 0x00, 0x00, 0x00, 
0x82, 0x2C, 0x00, 0xD2, 
0xC0, 0x00, 0x00, 0x00, 
0x82, 0x0F, 0x0A, 0x3C, 
0xE0, 0xC0, 0x00, 0x00, 
0x80, 0x00, 0x44, 0x00, 
0xF0, 0x74, 0x80, 0x00, 
0x80, 0x02, 0x47, 0x03, 
0xFC, 0x68, 0x80, 0x01, 
0x8C, 0x02, 0x89, 0x02, 
0xE0, 0x00, 0x00, 0x07, 
0x80, 0x00, 0x00, 0x00, 
0xE0, 0x00, 0x20, 0x40, 
0x80, 0x00, 0x00, 0x00, 
0xE8, 0x80, 0x00, 0x00, 
0x80, 0x02, 0x84, 0x00, 
0xC0, 0x00, 0x00, 0x10, 
0x81, 0x4C, 0x1D, 0x0E, 
0xF0, 0x74, 0x80, 0x00, 
0x80, 0x02, 0x47, 0x03, 
0xFC, 0x68, 0x80, 0x01, 
0x8C, 0x02, 0x89, 0x02, 
0xE0, 0x00, 0x00, 0x07, 
0x80, 0x00, 0x00, 0x00, 
0xE0, 0x00, 0x20, 0x40, 
0x80, 0x00, 0x00, 0x00, 
0xE8, 0x80, 0x00, 0x00, 
0x80, 0x02, 0x84, 0x00, 
0xC0, 0x00, 0x00, 0x10, 
0x80, 0x4C, 0x1A, 0x7E, 
0xC0, 0x00, 0x00, 0x00, 
0x82, 0x0F, 0x0A, 0x46, 
0xC0, 0x00, 0x00, 0x10, 
0x80, 0x0C, 0x9A, 0xAE, 
0x0A, 0xE1, 0x29, 0x33, 
0x00, 0x00, 0xE0, 0x69, 
0x00, 0x04, 0x41, 0x10, 
0x0C, 0x40, 0x29, 0x30, 
0x00, 0x1C, 0x80, 0x40, 
0x00, 0x84, 0x08, 0x81, 
0x00, 0x8C, 0x18, 0x89, 
0x0A, 0xBD, 0xDC, 0x02, 
0x00, 0x00, 0x00, 0x2D, 
0xC0, 0x00, 0x29, 0xF3, 
0x88, 0x00, 0x00, 0x00, 
0xC0, 0x00, 0x2D, 0xB0, 
0x8A, 0x00, 0x00, 0x00, 
0xC0, 0x00, 0x25, 0xC0, 
0x81, 0x00, 0x00, 0x00, 
0x30, 0xE6, 0x68, 0x0F, 
0x0B, 0xE1, 0xFD, 0x20, 
0x0B, 0xE1, 0x29, 0x33, 
0x0A, 0xA1, 0xFD, 0x2A, 
0x00, 0x84, 0x08, 0x87, 
0x00, 0x84, 0x18, 0x8E, 
0x00, 0x04, 0x61, 0x8F, 
0x0C, 0x82, 0x29, 0x35, 
0x0A, 0x29, 0x29, 0x36, 
0x0A, 0xA9, 0x29, 0x32, 
0x20, 0xC5, 0x52, 0x2A, 
0x00, 0x88, 0x10, 0x28, 
0x0A, 0x2D, 0x29, 0x35, 
0x0A, 0x31, 0x29, 0x31, 
0x00, 0x20, 0x02, 0x48, 
0x00, 0x20, 0x02, 0x64, 
0x30, 0x85, 0x93, 0x30, 
0x00, 0xEE, 0x20, 0x02, 
0x00, 0x20, 0x01, 0x10, 
0x00, 0x00, 0xD8, 0x60, 
0x0A, 0x21, 0xDC, 0xAE, 
0x00, 0x94, 0x00, 0x20, 
0x00, 0x00, 0xE8, 0x68, 
0x00, 0x00, 0x20, 0x80, 
0x07, 0x04, 0x40, 0x00, 
0x00, 0x84, 0x19, 0x80, 
0x00, 0x04, 0x61, 0x98, 
0x00, 0x84, 0x00, 0x08, 
0xC0, 0x00, 0x00, 0x18, 
0x80, 0x00, 0x1A, 0x7E, 
0x00, 0x04, 0x45, 0x00, 
0x0B, 0x29, 0x29, 0x36, 
0x0B, 0x2D, 0x29, 0x35, 
0xC0, 0x00, 0x00, 0x10, 
0x80, 0x4C, 0x9A, 0xDE, 
0xC0, 0x00, 0x00, 0x10, 
0x80, 0x4C, 0x1A, 0xEE, 
0xC0, 0x00, 0x00, 0x10, 
0x80, 0x0C, 0x9A, 0xEE, 
0x00, 0x00, 0xE0, 0xA9, 
0x00, 0x04, 0x45, 0x11, 
0xC0, 0x00, 0x00, 0x18, 
0x85, 0x10, 0x87, 0xEF, 
0xC0, 0x00, 0x00, 0x10, 
0x80, 0x1D, 0x99, 0x9F, 
0x00, 0x84, 0x12, 0x13, 
0x00, 0x04, 0x49, 0x29, 
0x00, 0x84, 0x00, 0x32, 
0x00, 0x88, 0x20, 0x00, 
0x00, 0x00, 0x00, 0x22, 
0x0B, 0x61, 0xFD, 0x20, 
0xC0, 0x00, 0x24, 0x00, 
0x83, 0x02, 0xA3, 0x05, 
0x0C, 0x00, 0xFD, 0x2A, 
0x00, 0x04, 0x20, 0x08, 
0x0E, 0x07, 0x00, 0x9B, 
0xC0, 0x00, 0x00, 0x10, 
0xB5, 0x2C, 0x0A, 0x9F, 
0x00, 0x88, 0x20, 0x01, 
0x0E, 0x09, 0x0A, 0x7C, 
0x00, 0x00, 0x00, 0x22, 
0xC0, 0x00, 0x00, 0x10, 
0x80, 0x5C, 0x19, 0x9F, 
0x30, 0x84, 0x19, 0x9A, 
0xC0, 0x00, 0x00, 0x18, 
0x80, 0x02, 0x19, 0xDF, 
0x00, 0x04, 0x61, 0x84, 
0xC0, 0x00, 0x00, 0x10, 
0x85, 0x0E, 0x07, 0xFF, 
0x00, 0x88, 0x18, 0x98, 
0x00, 0x00, 0x00, 0x2A, 
0xC0, 0x00, 0x00, 0x00, 
0x82, 0x0F, 0x0A, 0x80, 
0x30, 0x00, 0xBC, 0xF8, 
0x30, 0x00, 0xB4, 0xEA, 
0x00, 0x88, 0x20, 0x01, 
0x00, 0x00, 0x00, 0x23, 
0xC0, 0x00, 0x2C, 0xB0, 
0x80, 0xFF, 0xFF, 0xFF, 
0x30, 0x85, 0x91, 0x10, 
0x00, 0x8C, 0x03, 0x94, 
0x00, 0x00, 0x00, 0x23, 
0x0F, 0x07, 0x00, 0x9B, 
0x30, 0x86, 0x05, 0x40, 
0x30, 0x88, 0x10, 0x35, 
0x30, 0x20, 0x03, 0x65, 
0x2A, 0x2D, 0xDC, 0xDC, 
0x00, 0x94, 0x02, 0x3A, 
0x00, 0xE6, 0x21, 0x03, 
0x00, 0x00, 0xD8, 0x61, 
0x00, 0x00, 0xE1, 0x2A, 
0x07, 0x04, 0x88, 0x00, 
0x00, 0x84, 0x12, 0x91, 
0x00, 0x04, 0x49, 0x22, 
0x00, 0x84, 0x01, 0x12, 
0xC0, 0x00, 0x00, 0x10, 
0x80, 0x4C, 0x9A, 0xFE, 
0xC0, 0x00, 0x00, 0x10, 
0x80, 0x0C, 0x1A, 0xFE, 
0x0B, 0x21, 0x0A, 0xAA, 
0xC0, 0x00, 0x00, 0x10, 
0x81, 0x4C, 0x1D, 0x1E, 
0xC0, 0x00, 0x00, 0x00, 
0x82, 0x0C, 0x00, 0xDE, 
0xC0, 0x00, 0x00, 0x00, 
0x82, 0x1E, 0x00, 0xAB, 
0xC0, 0x00, 0x00, 0x00, 
0x82, 0x6F, 0x0A, 0xAB, 
0xFD, 0x6A, 0x80, 0x00, 
0x80, 0x00, 0x00, 0xC3, 
0xF8, 0x74, 0x80, 0x03, 
0x81, 0x40, 0x41, 0xC5, 
0xFC, 0x6A, 0x80, 0x21, 
0x88, 0x00, 0x08, 0xC3, 
0xE0, 0x34, 0xA2, 0x07, 
0x80, 0x42, 0x09, 0xC5, 
0xFD, 0x6A, 0x80, 0x27, 
0x8A, 0x80, 0x08, 0xC3, 
0xE8, 0xB4, 0xA6, 0x43, 
0x81, 0x42, 0x09, 0xC5, 
0xFC, 0x6A, 0x80, 0x21, 
0x8F, 0x04, 0x08, 0xC3, 
0xE9, 0xB4, 0xA2, 0x07, 
0x80, 0x42, 0x09, 0xC5, 
0xE8, 0x80, 0x00, 0x27, 
0x8A, 0x82, 0x08, 0x00, 
0x00, 0x84, 0x01, 0x19, 
0x05, 0x5C, 0xD0, 0x00, 
0xC0, 0x00, 0x00, 0x10, 
0x80, 0x4C, 0x9B, 0x3E, 
0xC0, 0x00, 0x00, 0x00, 
0x82, 0x0F, 0x0A, 0xBF, 
0xC0, 0x00, 0x00, 0x10, 
0x80, 0x0C, 0x9B, 0x2E, 
0x0A, 0xE1, 0x29, 0x3A, 
0x00, 0x00, 0xE0, 0x69, 
0x00, 0x04, 0x41, 0x10, 
0x0C, 0x40, 0x29, 0x37, 
0x00, 0x1C, 0x80, 0x40, 
0x00, 0x84, 0x08, 0x81, 
0x00, 0x8C, 0x18, 0x89, 
0x0A, 0xBD, 0xDC, 0x02, 
0x00, 0x00, 0x00, 0x2D, 
0xC0, 0x00, 0x29, 0xF3, 
0x88, 0x00, 0x00, 0x00, 
0xC0, 0x00, 0x2D, 0xB0, 
0x8A, 0x00, 0x00, 0x00, 
0xC0, 0x00, 0x25, 0xC0, 
0x81, 0x00, 0x00, 0x00, 
0x30, 0xE6, 0x68, 0x0F, 
0x0B, 0xE1, 0xFD, 0x20, 
0x0B, 0xE1, 0x29, 0x3A, 
0x0A, 0xA1, 0xFD, 0x2A, 
0x00, 0x84, 0x08, 0x87, 
0x00, 0x84, 0x18, 0x8E, 
0x00, 0x04, 0x61, 0x8F, 
0x0C, 0x82, 0x29, 0x3C, 
0x0A, 0x29, 0x29, 0x3D, 
0x0A, 0xA9, 0x29, 0x39, 
0x20, 0xC5, 0x52, 0x2A, 
0x00, 0x88, 0x10, 0x28, 
0x0A, 0x2D, 0x29, 0x3C, 
0x0A, 0x31, 0x29, 0x38, 
0x00, 0x20, 0x02, 0x48, 
0x00, 0x20, 0x02, 0x64, 
0x30, 0x85, 0x93, 0x30, 
0x00, 0xEE, 0x20, 0x02, 
0x00, 0x20, 0x01, 0x10, 
0x00, 0x00, 0xD8, 0x60, 
0x0A, 0x21, 0xDC, 0xAE, 
0x00, 0x94, 0x00, 0x20, 
0x00, 0x00, 0xE8, 0x68, 
0x00, 0x00, 0x20, 0x80, 
0x07, 0x04, 0x40, 0x00, 
0x00, 0x84, 0x19, 0x80, 
0x00, 0x04, 0x61, 0x98, 
0x00, 0x84, 0x00, 0x08, 
0xC0, 0x00, 0x00, 0x18, 
0x80, 0x00, 0x1B, 0x3E, 
0x00, 0x04, 0x45, 0x00, 
0x0B, 0x29, 0x29, 0x3D, 
0x0B, 0x2D, 0x29, 0x3C, 
0xC0, 0x00, 0x00, 0x10, 
0x80, 0x4C, 0x9B, 0x4E, 
0xC0, 0x00, 0x00, 0x10, 
0x80, 0x4C, 0x1B, 0x6E, 
0xC0, 0x00, 0x00, 0x10, 
0x80, 0x0C, 0x9B, 0x4E, 
0x00, 0x00, 0xE0, 0xA9, 
0x00, 0x04, 0x45, 0x11, 
0xC0, 0x00, 0x00, 0x18, 
0x85, 0x10, 0x8F, 0x7F, 
0xC0, 0x00, 0x00, 0x10, 
0x80, 0x1D, 0x99, 0xEF, 
0x00, 0x84, 0x12, 0x13, 
0x00, 0x04, 0x49, 0x29, 
0x00, 0x84, 0x00, 0x32, 
0x00, 0x88, 0x20, 0x00, 
0x00, 0x00, 0x00, 0x22, 
0x0B, 0x61, 0xFD, 0x20, 
0xC0, 0x00, 0x24, 0x00, 
0x83, 0x02, 0xA3, 0x05, 
0x0C, 0x00, 0xFD, 0x2A, 
0x00, 0x04, 0x20, 0x08, 
0x0E, 0x07, 0x00, 0xA0, 
0xC0, 0x00, 0x00, 0x10, 
0xB5, 0xAC, 0x02, 0x2F, 
0x00, 0x88, 0x20, 0x01, 
0x0E, 0x09, 0x0A, 0xF5, 
0x00, 0x00, 0x00, 0x22, 
0xC0, 0x00, 0x00, 0x10, 
0x80, 0x5C, 0x19, 0xEF, 
0x30, 0x84, 0x19, 0x9A, 
0xC0, 0x00, 0x00, 0x18, 
0x80, 0x02, 0x1A, 0x2F, 
0x00, 0x04, 0x61, 0x84, 
0xC0, 0x00, 0x00, 0x10, 
0x85, 0x0E, 0x0F, 0x8F, 
0x00, 0x88, 0x18, 0x98, 
0x00, 0x00, 0x00, 0x2A, 
0xC0, 0x00, 0x00, 0x00, 
0x82, 0x0F, 0x0A, 0xF9, 
0x30, 0x00, 0xBC, 0xF8, 
0x30, 0x00, 0xB4, 0xEA, 
0x00, 0x88, 0x20, 0x01, 
0x00, 0x00, 0x00, 0x23, 
0xC0, 0x00, 0x2C, 0xB0, 
0x80, 0xFF, 0xFF, 0xFF, 
0x30, 0x85, 0x91, 0x10, 
0x00, 0x8C, 0x03, 0x94, 
0x00, 0x00, 0x00, 0x23, 
0x0F, 0x07, 0x00, 0xA0, 
0x30, 0x86, 0x05, 0x40, 
0x30, 0x88, 0x10, 0x35, 
0x30, 0x20, 0x03, 0x65, 
0x2A, 0x2D, 0xDC, 0xDC, 
0x00, 0x94, 0x02, 0x3A, 
0x00, 0xE6, 0x21, 0x03, 
0x00, 0x00, 0xD8, 0x61, 
0x00, 0x00, 0xE1, 0x2A, 
0x07, 0x04, 0x88, 0x00, 
0x00, 0x84, 0x12, 0x91, 
0x00, 0x04, 0x49, 0x22, 
0x00, 0x84, 0x01, 0x12, 
0xC0, 0x00, 0x00, 0x10, 
0x80, 0x4C, 0x9B, 0x5E, 
0xC0, 0x00, 0x00, 0x10, 
0x80, 0x0C, 0x1B, 0x5E, 
0x0B, 0x21, 0x0B, 0x23, 
0xC0, 0x00, 0x00, 0x10, 
0x81, 0x4C, 0x1D, 0x2E, 
0xC0, 0x00, 0x00, 0x10, 
0x80, 0x0C, 0x9B, 0x6E, 
0x00, 0x00, 0xE0, 0xA9, 
0x00, 0x04, 0x45, 0x11, 
0xC0, 0x00, 0x00, 0x18, 
0x85, 0x90, 0x82, 0x6F, 
0xC0, 0x00, 0x00, 0x10, 
0x80, 0x1D, 0x9A, 0x3F, 
0x00, 0x84, 0x12, 0x13, 
0x00, 0x04, 0x49, 0x29, 
0x00, 0x84, 0x00, 0x32, 
0x00, 0x88, 0x20, 0x00, 
0x00, 0x00, 0x00, 0x22, 
0x0B, 0x61, 0xFD, 0x20, 
0xC0, 0x00, 0x24, 0x00, 
0x83, 0x02, 0xA3, 0x05, 
0x0C, 0x00, 0xFD, 0x2A, 
0x00, 0x04, 0x20, 0x08, 
0x0E, 0x07, 0x00, 0xA5, 
0xC0, 0x00, 0x00, 0x10, 
0xB5, 0xAC, 0x05, 0x1F, 
0x00, 0x88, 0x20, 0x01, 
0x0E, 0x09, 0x0B, 0x24, 
0x00, 0x00, 0x00, 0x22, 
0xC0, 0x00, 0x00, 0x10, 
0x80, 0x5C, 0x1A, 0x3F, 
0x30, 0x84, 0x19, 0x9A, 
0xC0, 0x00, 0x00, 0x18, 
0x80, 0x02, 0x1A, 0x7F, 
0x00, 0x04, 0x61, 0x84, 
0xC0, 0x00, 0x00, 0x10, 
0x85, 0x8E, 0x02, 0x7F, 
0x00, 0x88, 0x18, 0x98, 
0x00, 0x00, 0x00, 0x2A, 
0xC0, 0x00, 0x00, 0x00, 
0x82, 0x0F, 0x0B, 0x28, 
0x30, 0x00, 0xBC, 0xF8, 
0x30, 0x00, 0xB4, 0xEA, 
0x00, 0x88, 0x20, 0x01, 
0x00, 0x00, 0x00, 0x23, 
0xC0, 0x00, 0x2C, 0xB0, 
0x80, 0xFF, 0xFF, 0xFF, 
0x30, 0x85, 0x91, 0x10, 
0x00, 0x8C, 0x03, 0x94, 
0x00, 0x00, 0x00, 0x23, 
0x0F, 0x07, 0x00, 0xA5, 
0x30, 0x86, 0x05, 0x40, 
0x30, 0x88, 0x10, 0x35, 
0x30, 0x20, 0x03, 0x65, 
0x2A, 0x2D, 0xDC, 0xDC, 
0x00, 0x94, 0x02, 0x3A, 
0x00, 0xE6, 0x21, 0x03, 
0x00, 0x00, 0xD8, 0x61, 
0x00, 0x00, 0xE1, 0x2A, 
0x07, 0x04, 0x88, 0x00, 
0x00, 0x84, 0x12, 0x91, 
0x00, 0x04, 0x49, 0x22, 
0x00, 0x84, 0x01, 0x12, 
0xC0, 0x00, 0x00, 0x10, 
0x80, 0x4C, 0x9B, 0x7E, 
0xC0, 0x00, 0x00, 0x10, 
0x80, 0x0C, 0x1B, 0x7E, 
0x0B, 0x21, 0x0B, 0x52, 
0xC0, 0x00, 0x00, 0x10, 
0x81, 0x4C, 0x1D, 0x3E, 
0x0A, 0x21, 0x0B, 0x53, 
0x00, 0x84, 0x30, 0x00, 
0xC0, 0x00, 0x00, 0x00, 
0x82, 0x0D, 0x0A, 0xC5, 
0x00, 0x00, 0xD8, 0x40, 
0xC0, 0x00, 0x00, 0x18, 
0x80, 0x10, 0x1B, 0x4E, 
0x06, 0x50, 0x40, 0x00, 
0x06, 0x00, 0x08, 0x00, 
0xC0, 0x00, 0x00, 0x18, 
0x80, 0xC0, 0x17, 0x8E, 
0xC0, 0x00, 0x00, 0x00, 
0x82, 0x0E, 0x02, 0xD4, 
0xC0, 0x00, 0x00, 0x00, 
0x82, 0x1F, 0x0B, 0x54, 
0xC0, 0x00, 0x00, 0x18, 
0x81, 0x08, 0x12, 0x4E, 
0x06, 0x18, 0x40, 0x31, 
0xF1, 0x6C, 0x80, 0x01, 
0x88, 0x00, 0x01, 0x22, 
0xFC, 0x6C, 0x80, 0x21, 
0x81, 0x82, 0x04, 0x23, 
0xC0, 0x00, 0x00, 0x18, 
0x80, 0x04, 0x9C, 0x5E, 
0xE0, 0x34, 0xA2, 0x05, 
0x81, 0x80, 0x01, 0x25, 
0xE0, 0x80, 0x00, 0x25, 
0x8C, 0x02, 0x04, 0x00, 
0x00, 0x84, 0x01, 0x19, 
0xC0, 0x00, 0x00, 0x10, 
0x80, 0x4C, 0x9C, 0x7E, 
0xC0, 0x00, 0x00, 0x00, 
0x82, 0x0E, 0x02, 0xD7, 
0xC0, 0x00, 0x00, 0x00, 
0x82, 0x1F, 0x0B, 0x5E, 
0xC0, 0x00, 0x00, 0x18, 
0x80, 0x88, 0x1D, 0x9E, 
0x06, 0x18, 0x40, 0x31, 
0xF1, 0x6C, 0x80, 0x01, 
0x88, 0x00, 0x01, 0x22, 
0xFC, 0x6C, 0x80, 0x21, 
0x81, 0x82, 0x04, 0x23, 
0xC0, 0x00, 0x00, 0x18, 
0x80, 0x04, 0x9B, 0xDE, 
0xE0, 0x34, 0xA2, 0x05, 
0x81, 0x80, 0x01, 0x25, 
0xE0, 0x80, 0x00, 0x25, 
0x8C, 0x02, 0x04, 0x00, 
0x00, 0x84, 0x01, 0x19, 
0xC0, 0x00, 0x00, 0x10, 
0x80, 0x4C, 0x9B, 0xFE, 
0x0C, 0x40, 0x29, 0x3E, 
0xC0, 0x00, 0x00, 0x18, 
0x80, 0x00, 0x1B, 0x8E, 
0x00, 0x04, 0x00, 0x80, 
0x00, 0x00, 0x00, 0x00, 
0xC0, 0x00, 0x00, 0x10, 
0x80, 0x4C, 0x1B, 0x9E, 
0x0C, 0x82, 0x29, 0x3F, 
0xC0, 0x00, 0x00, 0x10, 
0x80, 0x0C, 0x1B, 0x9E, 
0x30, 0x84, 0x30, 0x00, 
0xC0, 0x00, 0x00, 0x10, 
0x80, 0x4C, 0x1B, 0xAE, 
0xC0, 0x00, 0x00, 0x10, 
0x80, 0x0C, 0x9B, 0xAE, 
0x00, 0x00, 0xE0, 0xA9, 
0x00, 0x04, 0x45, 0x11, 
0xC0, 0x00, 0x00, 0x18, 
0x85, 0x90, 0x86, 0xAF, 
0xC0, 0x00, 0x00, 0x10, 
0x80, 0x1D, 0x9A, 0x8F, 
0x00, 0x84, 0x12, 0x13, 
0x00, 0x04, 0x49, 0x29, 
0x00, 0x84, 0x00, 0x32, 
0x00, 0x88, 0x20, 0x00, 
0x00, 0x00, 0x00, 0x22, 
0x0B, 0x61, 0xFD, 0x20, 
0xC0, 0x00, 0x24, 0x00, 
0x83, 0x02, 0xA3, 0x05, 
0x0C, 0x00, 0xFD, 0x2A, 
0x00, 0x04, 0x20, 0x08, 
0x0E, 0x07, 0x00, 0xAA, 
0xC0, 0x00, 0x00, 0x10, 
0xB5, 0xAC, 0x09, 0x5F, 
0x00, 0x88, 0x20, 0x01, 
0x0E, 0x09, 0x0B, 0x68, 
0x00, 0x00, 0x00, 0x22, 
0xC0, 0x00, 0x00, 0x10, 
0x80, 0x5C, 0x1A, 0x8F, 
0x30, 0x84, 0x19, 0x9A, 
0xC0, 0x00, 0x00, 0x18, 
0x80, 0x02, 0x1A, 0xCF, 
0x00, 0x04, 0x61, 0x84, 
0xC0, 0x00, 0x00, 0x10, 
0x85, 0x8E, 0x06, 0xBF, 
0x00, 0x88, 0x18, 0x98, 
0x00, 0x00, 0x00, 0x2A, 
0xC0, 0x00, 0x00, 0x00, 
0x82, 0x0F, 0x0B, 0x6C, 
0x30, 0x00, 0xBC, 0xF8, 
0x30, 0x00, 0xB4, 0xEA, 
0x00, 0x88, 0x20, 0x01, 
0x00, 0x00, 0x00, 0x23, 
0xC0, 0x00, 0x2C, 0xB0, 
0x80, 0xFF, 0xFF, 0xFF, 
0x30, 0x85, 0x91, 0x10, 
0x00, 0x8C, 0x03, 0x94, 
0x00, 0x00, 0x00, 0x23, 
0x0F, 0x07, 0x00, 0xAA, 
0x30, 0x86, 0x05, 0x40, 
0x30, 0x88, 0x10, 0x35, 
0x30, 0x20, 0x03, 0x65, 
0x2A, 0x2D, 0xDC, 0xDC, 
0x00, 0x94, 0x02, 0x3A, 
0x00, 0xE6, 0x21, 0x03, 
0x00, 0x00, 0xD8, 0x61, 
0x00, 0x00, 0xE1, 0x2A, 
0x07, 0x04, 0x88, 0x00, 
0x00, 0x84, 0x12, 0x91, 
0x00, 0x04, 0x49, 0x22, 
0x00, 0x84, 0x01, 0x12, 
0xC0, 0x00, 0x00, 0x10, 
0x80, 0x4C, 0x9B, 0xBE, 
0xC0, 0x00, 0x00, 0x10, 
0x80, 0x0C, 0x1B, 0xBE, 
0x0B, 0x21, 0x0B, 0x96, 
0xC0, 0x00, 0x00, 0x10, 
0x81, 0x4C, 0x1D, 0xAE, 
0xC0, 0x00, 0x00, 0x10, 
0x80, 0x0F, 0x9B, 0xAE, 
0xC0, 0x00, 0x00, 0x10, 
0x81, 0x4F, 0x9D, 0xDE, 
0xC0, 0x00, 0x00, 0x00, 
0x82, 0x1E, 0x02, 0xDB, 
0xC0, 0x00, 0x00, 0x00, 
0x82, 0x2C, 0x00, 0xF0, 
0xC0, 0x00, 0x00, 0x00, 
0x82, 0x0F, 0x0B, 0x97, 
0xE0, 0xC0, 0x00, 0x00, 
0x80, 0x00, 0x44, 0x00, 
0xF0, 0x74, 0x80, 0x00, 
0x80, 0x02, 0x47, 0x03, 
0xFC, 0x68, 0x80, 0x01, 
0x8C, 0x02, 0x89, 0x02, 
0xE0, 0x00, 0x00, 0x07, 
0x80, 0x00, 0x00, 0x00, 
0xE0, 0x00, 0x20, 0x40, 
0x80, 0x00, 0x00, 0x00, 
0xE8, 0x80, 0x00, 0x00, 
0x80, 0x02, 0x84, 0x00, 
0xC0, 0x00, 0x00, 0x10, 
0x81, 0x4C, 0x1E, 0x0E, 
0xF0, 0x74, 0x80, 0x00, 
0x80, 0x02, 0x47, 0x03, 
0xFC, 0x68, 0x80, 0x01, 
0x8C, 0x02, 0x89, 0x02, 
0xE0, 0x00, 0x00, 0x07, 
0x80, 0x00, 0x00, 0x00, 
0xE0, 0x00, 0x20, 0x40, 
0x80, 0x00, 0x00, 0x00, 
0xE8, 0x80, 0x00, 0x00, 
0x80, 0x02, 0x84, 0x00, 
0xC0, 0x00, 0x00, 0x10, 
0x80, 0x4C, 0x1B, 0xCE, 
0xC0, 0x00, 0x00, 0x00, 
0x82, 0x0F, 0x0B, 0xA1, 
0xC0, 0x00, 0x00, 0x10, 
0x80, 0x0C, 0x9B, 0xFE, 
0x0A, 0xE1, 0x29, 0x43, 
0x00, 0x00, 0xE0, 0x69, 
0x00, 0x04, 0x41, 0x10, 
0x0C, 0x40, 0x29, 0x40, 
0x00, 0x1C, 0x80, 0x40, 
0x00, 0x84, 0x08, 0x81, 
0x00, 0x8C, 0x18, 0x89, 
0x0A, 0xBD, 0xDC, 0x02, 
0x00, 0x00, 0x00, 0x2D, 
0xC0, 0x00, 0x29, 0xF3, 
0x88, 0x00, 0x00, 0x00, 
0xC0, 0x00, 0x2D, 0xB0, 
0x8A, 0x00, 0x00, 0x00, 
0xC0, 0x00, 0x25, 0xC0, 
0x81, 0x00, 0x00, 0x00, 
0x30, 0xE6, 0x68, 0x0F, 
0x0B, 0xE1, 0xFD, 0x20, 
0x0B, 0xE1, 0x29, 0x43, 
0x0A, 0xA1, 0xFD, 0x2A, 
0x00, 0x84, 0x08, 0x87, 
0x00, 0x84, 0x18, 0x8E, 
0x00, 0x04, 0x61, 0x8F, 
0x0C, 0x82, 0x29, 0x45, 
0x0A, 0x29, 0x29, 0x46, 
0x0A, 0xA9, 0x29, 0x42, 
0x20, 0xC5, 0x52, 0x2A, 
0x00, 0x88, 0x10, 0x28, 
0x0A, 0x2D, 0x29, 0x45, 
0x0A, 0x31, 0x29, 0x41, 
0x00, 0x20, 0x02, 0x48, 
0x00, 0x20, 0x02, 0x64, 
0x30, 0x85, 0x93, 0x30, 
0x00, 0xEE, 0x20, 0x02, 
0x00, 0x20, 0x01, 0x10, 
0x00, 0x00, 0xD8, 0x60, 
0x0A, 0x21, 0xDC, 0xAE, 
0x00, 0x94, 0x00, 0x20, 
0x00, 0x00, 0xE8, 0x68, 
0x00, 0x00, 0x20, 0x80, 
0x07, 0x04, 0x40, 0x00, 
0x00, 0x84, 0x19, 0x80, 
0x00, 0x04, 0x61, 0x98, 
0x00, 0x84, 0x00, 0x08, 
0xC0, 0x00, 0x00, 0x18, 
0x80, 0x00, 0x1B, 0xCE, 
0x00, 0x04, 0x45, 0x00, 
0x0B, 0x29, 0x29, 0x46, 
0x0B, 0x2D, 0x29, 0x45, 
0xC0, 0x00, 0x00, 0x10, 
0x80, 0x4C, 0x9C, 0x2E, 
0xC0, 0x00, 0x00, 0x10, 
0x80, 0x4C, 0x1C, 0x3E, 
0xC0, 0x00, 0x00, 0x10, 
0x80, 0x0C, 0x9C, 0x3E, 
0x00, 0x00, 0xE0, 0xA9, 
0x00, 0x04, 0x45, 0x11, 
0xC0, 0x00, 0x00, 0x18, 
0x85, 0x90, 0x8D, 0x9F, 
0xC0, 0x00, 0x00, 0x10, 
0x80, 0x1D, 0x9A, 0xDF, 
0x00, 0x84, 0x12, 0x13, 
0x00, 0x04, 0x49, 0x29, 
0x00, 0x84, 0x00, 0x32, 
0x00, 0x88, 0x20, 0x00, 
0x00, 0x00, 0x00, 0x22, 
0x0B, 0x61, 0xFD, 0x20, 
0xC0, 0x00, 0x24, 0x00, 
0x83, 0x02, 0xA3, 0x05, 
0x0C, 0x00, 0xFD, 0x2A, 
0x00, 0x04, 0x20, 0x08, 
0x0E, 0x07, 0x00, 0xAF, 
0xC0, 0x00, 0x00, 0x10, 
0xB6, 0x2C, 0x00, 0x4F, 
0x00, 0x88, 0x20, 0x01, 
0x0E, 0x09, 0x0B, 0xD7, 
0x00, 0x00, 0x00, 0x22, 
0xC0, 0x00, 0x00, 0x10, 
0x80, 0x5C, 0x1A, 0xDF, 
0x30, 0x84, 0x19, 0x9A, 
0xC0, 0x00, 0x00, 0x18, 
0x80, 0x02, 0x1B, 0x1F, 
0x00, 0x04, 0x61, 0x84, 
0xC0, 0x00, 0x00, 0x10, 
0x85, 0x8E, 0x0D, 0xAF, 
0x00, 0x88, 0x18, 0x98, 
0x00, 0x00, 0x00, 0x2A, 
0xC0, 0x00, 0x00, 0x00, 
0x82, 0x0F, 0x0B, 0xDB, 
0x30, 0x00, 0xBC, 0xF8, 
0x30, 0x00, 0xB4, 0xEA, 
0x00, 0x88, 0x20, 0x01, 
0x00, 0x00, 0x00, 0x23, 
0xC0, 0x00, 0x2C, 0xB0, 
0x80, 0xFF, 0xFF, 0xFF, 
0x30, 0x85, 0x91, 0x10, 
0x00, 0x8C, 0x03, 0x94, 
0x00, 0x00, 0x00, 0x23, 
0x0F, 0x07, 0x00, 0xAF, 
0x30, 0x86, 0x05, 0x40, 
0x30, 0x88, 0x10, 0x35, 
0x30, 0x20, 0x03, 0x65, 
0x2A, 0x2D, 0xDC, 0xDC, 
0x00, 0x94, 0x02, 0x3A, 
0x00, 0xE6, 0x21, 0x03, 
0x00, 0x00, 0xD8, 0x61, 
0x00, 0x00, 0xE1, 0x2A, 
0x07, 0x04, 0x88, 0x00, 
0x00, 0x84, 0x12, 0x91, 
0x00, 0x04, 0x49, 0x22, 
0x00, 0x84, 0x01, 0x12, 
0xC0, 0x00, 0x00, 0x10, 
0x80, 0x4C, 0x9C, 0x4E, 
0xC0, 0x00, 0x00, 0x10, 
0x80, 0x0C, 0x1C, 0x4E, 
0x0B, 0x21, 0x0C, 0x05, 
0xC0, 0x00, 0x00, 0x10, 
0x81, 0x4C, 0x1E, 0x1E, 
0xC0, 0x00, 0x00, 0x00, 
0x82, 0x0C, 0x00, 0xFC, 
0xC0, 0x00, 0x00, 0x00, 
0x82, 0x1E, 0x00, 0xC0, 
0xC0, 0x00, 0x00, 0x00, 
0x82, 0x6F, 0x0C, 0x06, 
0xFD, 0x6A, 0x80, 0x00, 
0x80, 0x00, 0x00, 0xC3, 
0xF8, 0x74, 0x80, 0x03, 
0x81, 0x40, 0x41, 0xC5, 
0xFC, 0x6A, 0x80, 0x21, 
0x88, 0x00, 0x08, 0xC3, 
0xE0, 0x34, 0xA2, 0x07, 
0x80, 0x42, 0x09, 0xC5, 
0xFD, 0x6A, 0x80, 0x27, 
0x8A, 0x80, 0x08, 0xC3, 
0xE8, 0xB4, 0xA6, 0x43, 
0x81, 0x42, 0x09, 0xC5, 
0xFC, 0x6A, 0x80, 0x21, 
0x8F, 0x04, 0x08, 0xC3, 
0xE9, 0xB4, 0xA2, 0x07, 
0x80, 0x42, 0x09, 0xC5, 
0xE8, 0x80, 0x00, 0x27, 
0x8A, 0x82, 0x08, 0x00, 
0x00, 0x84, 0x01, 0x19, 
0x05, 0x5C, 0xD0, 0x00, 
0xC0, 0x00, 0x00, 0x10, 
0x80, 0x4C, 0x9C, 0x8E, 
0xC0, 0x00, 0x00, 0x00, 
0x82, 0x0F, 0x0C, 0x1A, 
0xC0, 0x00, 0x00, 0x10, 
0x80, 0x0C, 0x9C, 0x7E, 
0x0A, 0xE1, 0x29, 0x4A, 
0x00, 0x00, 0xE0, 0x69, 
0x00, 0x04, 0x41, 0x10, 
0x0C, 0x40, 0x29, 0x47, 
0x00, 0x1C, 0x80, 0x40, 
0x00, 0x84, 0x08, 0x81, 
0x00, 0x8C, 0x18, 0x89, 
0x0A, 0xBD, 0xDC, 0x02, 
0x00, 0x00, 0x00, 0x2D, 
0xC0, 0x00, 0x29, 0xF3, 
0x88, 0x00, 0x00, 0x00, 
0xC0, 0x00, 0x2D, 0xB0, 
0x8A, 0x00, 0x00, 0x00, 
0xC0, 0x00, 0x25, 0xC0, 
0x81, 0x00, 0x00, 0x00, 
0x30, 0xE6, 0x68, 0x0F, 
0x0B, 0xE1, 0xFD, 0x20, 
0x0B, 0xE1, 0x29, 0x4A, 
0x0A, 0xA1, 0xFD, 0x2A, 
0x00, 0x84, 0x08, 0x87, 
0x00, 0x84, 0x18, 0x8E, 
0x00, 0x04, 0x61, 0x8F, 
0x0C, 0x82, 0x29, 0x4C, 
0x0A, 0x29, 0x29, 0x4D, 
0x0A, 0xA9, 0x29, 0x49, 
0x20, 0xC5, 0x52, 0x2A, 
0x00, 0x88, 0x10, 0x28, 
0x0A, 0x2D, 0x29, 0x4C, 
0x0A, 0x31, 0x29, 0x48, 
0x00, 0x20, 0x02, 0x48, 
0x00, 0x20, 0x02, 0x64, 
0x30, 0x85, 0x93, 0x30, 
0x00, 0xEE, 0x20, 0x02, 
0x00, 0x20, 0x01, 0x10, 
0x00, 0x00, 0xD8, 0x60, 
0x0A, 0x21, 0xDC, 0xAE, 
0x00, 0x94, 0x00, 0x20, 
0x00, 0x00, 0xE8, 0x68, 
0x00, 0x00, 0x20, 0x80, 
0x07, 0x04, 0x40, 0x00, 
0x00, 0x84, 0x19, 0x80, 
0x00, 0x04, 0x61, 0x98, 
0x00, 0x84, 0x00, 0x08, 
0xC0, 0x00, 0x00, 0x18, 
0x80, 0x00, 0x1C, 0x8E, 
0x00, 0x04, 0x45, 0x00, 
0x0B, 0x29, 0x29, 0x4D, 
0x0B, 0x2D, 0x29, 0x4C, 
0xC0, 0x00, 0x00, 0x10, 
0x80, 0x4C, 0x9C, 0x9E, 
0xC0, 0x00, 0x00, 0x10, 
0x80, 0x4C, 0x1C, 0xBE, 
0xC0, 0x00, 0x00, 0x10, 
0x80, 0x0C, 0x9C, 0x9E, 
0x00, 0x00, 0xE0, 0xA9, 
0x00, 0x04, 0x45, 0x11, 
0xC0, 0x00, 0x00, 0x18, 
0x86, 0x10, 0x85, 0x2F, 
0xC0, 0x00, 0x00, 0x10, 
0x80, 0x1D, 0x9B, 0x2F, 
0x00, 0x84, 0x12, 0x13, 
0x00, 0x04, 0x49, 0x29, 
0x00, 0x84, 0x00, 0x32, 
0x00, 0x88, 0x20, 0x00, 
0x00, 0x00, 0x00, 0x22, 
0x0B, 0x61, 0xFD, 0x20, 
0xC0, 0x00, 0x24, 0x00, 
0x83, 0x02, 0xA3, 0x05, 
0x0C, 0x00, 0xFD, 0x2A, 
0x00, 0x04, 0x20, 0x08, 
0x0E, 0x07, 0x00, 0xB4, 
0xC0, 0x00, 0x00, 0x10, 
0xB6, 0x2C, 0x07, 0xDF, 
0x00, 0x88, 0x20, 0x01, 
0x0E, 0x09, 0x0C, 0x50, 
0x00, 0x00, 0x00, 0x22, 
0xC0, 0x00, 0x00, 0x10, 
0x80, 0x5C, 0x1B, 0x2F, 
0x30, 0x84, 0x19, 0x9A, 
0xC0, 0x00, 0x00, 0x18, 
0x80, 0x02, 0x1B, 0x6F, 
0x00, 0x04, 0x61, 0x84, 
0xC0, 0x00, 0x00, 0x10, 
0x86, 0x0E, 0x05, 0x3F, 
0x00, 0x88, 0x18, 0x98, 
0x00, 0x00, 0x00, 0x2A, 
0xC0, 0x00, 0x00, 0x00, 
0x82, 0x0F, 0x0C, 0x54, 
0x30, 0x00, 0xBC, 0xF8, 
0x30, 0x00, 0xB4, 0xEA, 
0x00, 0x88, 0x20, 0x01, 
0x00, 0x00, 0x00, 0x23, 
0xC0, 0x00, 0x2C, 0xB0, 
0x80, 0xFF, 0xFF, 0xFF, 
0x30, 0x85, 0x91, 0x10, 
0x00, 0x8C, 0x03, 0x94, 
0x00, 0x00, 0x00, 0x23, 
0x0F, 0x07, 0x00, 0xB4, 
0x30, 0x86, 0x05, 0x40, 
0x30, 0x88, 0x10, 0x35, 
0x30, 0x20, 0x03, 0x65, 
0x2A, 0x2D, 0xDC, 0xDC, 
0x00, 0x94, 0x02, 0x3A, 
0x00, 0xE6, 0x21, 0x03, 
0x00, 0x00, 0xD8, 0x61, 
0x00, 0x00, 0xE1, 0x2A, 
0x07, 0x04, 0x88, 0x00, 
0x00, 0x84, 0x12, 0x91, 
0x00, 0x04, 0x49, 0x22, 
0x00, 0x84, 0x01, 0x12, 
0xC0, 0x00, 0x00, 0x10, 
0x80, 0x4C, 0x9C, 0xAE, 
0xC0, 0x00, 0x00, 0x10, 
0x80, 0x0C, 0x1C, 0xAE, 
0x0B, 0x21, 0x0C, 0x7E, 
0xC0, 0x00, 0x00, 0x10, 
0x81, 0x4C, 0x1E, 0x2E, 
0xC0, 0x00, 0x00, 0x10, 
0x80, 0x0C, 0x9C, 0xBE, 
0x00, 0x00, 0xE0, 0xA9, 
0x00, 0x04, 0x45, 0x11, 
0xC0, 0x00, 0x00, 0x18, 
0x86, 0x10, 0x88, 0x1F, 
0xC0, 0x00, 0x00, 0x10, 
0x80, 0x1D, 0x9B, 0x7F, 
0x00, 0x84, 0x12, 0x13, 
0x00, 0x04, 0x49, 0x29, 
0x00, 0x84, 0x00, 0x32, 
0x00, 0x88, 0x20, 0x00, 
0x00, 0x00, 0x00, 0x22, 
0x0B, 0x61, 0xFD, 0x20, 
0xC0, 0x00, 0x24, 0x00, 
0x83, 0x02, 0xA3, 0x05, 
0x0C, 0x00, 0xFD, 0x2A, 
0x00, 0x04, 0x20, 0x08, 
0x0E, 0x07, 0x00, 0xB9, 
0xC0, 0x00, 0x00, 0x10, 
0xB6, 0x2C, 0x0A, 0xCF, 
0x00, 0x88, 0x20, 0x01, 
0x0E, 0x09, 0x0C, 0x7F, 
0x00, 0x00, 0x00, 0x22, 
0xC0, 0x00, 0x00, 0x10, 
0x80, 0x5C, 0x1B, 0x7F, 
0x30, 0x84, 0x19, 0x9A, 
0xC0, 0x00, 0x00, 0x18, 
0x80, 0x02, 0x1B, 0xBF, 
0x00, 0x04, 0x61, 0x84, 
0xC0, 0x00, 0x00, 0x10, 
0x86, 0x0E, 0x08, 0x2F, 
0x00, 0x88, 0x18, 0x98, 
0x00, 0x00, 0x00, 0x2A, 
0xC0, 0x00, 0x00, 0x00, 
0x82, 0x0F, 0x0C, 0x83, 
0x30, 0x00, 0xBC, 0xF8, 
0x30, 0x00, 0xB4, 0xEA, 
0x00, 0x88, 0x20, 0x01, 
0x00, 0x00, 0x00, 0x23, 
0xC0, 0x00, 0x2C, 0xB0, 
0x80, 0xFF, 0xFF, 0xFF, 
0x30, 0x85, 0x91, 0x10, 
0x00, 0x8C, 0x03, 0x94, 
0x00, 0x00, 0x00, 0x23, 
0x0F, 0x07, 0x00, 0xB9, 
0x30, 0x86, 0x05, 0x40, 
0x30, 0x88, 0x10, 0x35, 
0x30, 0x20, 0x03, 0x65, 
0x2A, 0x2D, 0xDC, 0xDC, 
0x00, 0x94, 0x02, 0x3A, 
0x00, 0xE6, 0x21, 0x03, 
0x00, 0x00, 0xD8, 0x61, 
0x00, 0x00, 0xE1, 0x2A, 
0x07, 0x04, 0x88, 0x00, 
0x00, 0x84, 0x12, 0x91, 
0x00, 0x04, 0x49, 0x22, 
0x00, 0x84, 0x01, 0x12, 
0xC0, 0x00, 0x00, 0x10, 
0x80, 0x4C, 0x9C, 0xCE, 
0xC0, 0x00, 0x00, 0x10, 
0x80, 0x0C, 0x1C, 0xCE, 
0x0B, 0x21, 0x0C, 0xAD, 
0xC0, 0x00, 0x00, 0x10, 
0x81, 0x4C, 0x1E, 0x3E, 
0x0A, 0x21, 0x0C, 0xAE, 
0x00, 0x84, 0x30, 0x00, 
0xC0, 0x00, 0x00, 0x00, 
0x82, 0x0D, 0x0A, 0xF8, 
0x00, 0x00, 0xD8, 0x40, 
0xC0, 0x00, 0x00, 0x18, 
0x80, 0x10, 0x1C, 0x9E, 
0x06, 0x50, 0x40, 0x00, 
0x06, 0x00, 0x08, 0x00, 
0xC0, 0x00, 0x00, 0x18, 
0x80, 0xC0, 0x17, 0x7E, 
0xC0, 0x00, 0x00, 0x00, 
0x82, 0x0E, 0x02, 0xE4, 
0xC0, 0x00, 0x00, 0x00, 
0x82, 0x1F, 0x0C, 0xAF, 
0xC0, 0x00, 0x00, 0x18, 
0x81, 0x08, 0x11, 0xFE, 
0x06, 0x18, 0x40, 0x31, 
0xF1, 0x6C, 0x80, 0x01, 
0x88, 0x00, 0x01, 0x22, 
0xFC, 0x6C, 0x80, 0x21, 
0x81, 0x82, 0x04, 0x23, 
0xC0, 0x00, 0x00, 0x18, 
0x80, 0x04, 0x9D, 0xAE, 
0xE0, 0x34, 0xA2, 0x05, 
0x81, 0x80, 0x01, 0x25, 
0xE0, 0x80, 0x00, 0x25, 
0x8C, 0x02, 0x04, 0x00, 
0x00, 0x84, 0x01, 0x19, 
0xC0, 0x00, 0x00, 0x10, 
0x80, 0x4C, 0x9D, 0xCE, 
0xC0, 0x00, 0x00, 0x00, 
0x82, 0x0E, 0x02, 0xE7, 
0xC0, 0x00, 0x00, 0x00, 
0x82, 0x1F, 0x0C, 0xB9, 
0xC0, 0x00, 0x00, 0x18, 
0x80, 0x88, 0x1D, 0x4E, 
0x06, 0x18, 0x40, 0x31, 
0xF1, 0x6C, 0x80, 0x01, 
0x88, 0x00, 0x01, 0x22, 
0xFC, 0x6C, 0x80, 0x21, 
0x81, 0x82, 0x04, 0x23, 
0xC0, 0x00, 0x00, 0x18, 
0x80, 0x04, 0x9D, 0x2E, 
0xE0, 0x34, 0xA2, 0x05, 
0x81, 0x80, 0x01, 0x25, 
0xE0, 0x80, 0x00, 0x25, 
0x8C, 0x02, 0x04, 0x00, 
0x00, 0x84, 0x01, 0x19, 
0xC0, 0x00, 0x00, 0x10, 
0x80, 0x4C, 0x9D, 0x4E, 
0x0C, 0x40, 0x29, 0x4E, 
0xC0, 0x00, 0x00, 0x18, 
0x80, 0x00, 0x1C, 0xDE, 
0x00, 0x04, 0x00, 0x80, 
0x00, 0x00, 0x00, 0x00, 
0xC0, 0x00, 0x00, 0x10, 
0x80, 0x4C, 0x1C, 0xEE, 
0x0C, 0x82, 0x29, 0x4F, 
0xC0, 0x00, 0x00, 0x10, 
0x80, 0x0C, 0x1C, 0xEE, 
0x30, 0x84, 0x30, 0x00, 
0xC0, 0x00, 0x00, 0x10, 
0x80, 0x4C, 0x1C, 0xFE, 
0xC0, 0x00, 0x00, 0x10, 
0x80, 0x0C, 0x9C, 0xFE, 
0x00, 0x00, 0xE0, 0xA9, 
0x00, 0x04, 0x45, 0x11, 
0xC0, 0x00, 0x00, 0x18, 
0x86, 0x10, 0x8C, 0x5F, 
0xC0, 0x00, 0x00, 0x10, 
0x80, 0x1D, 0x9B, 0xCF, 
0x00, 0x84, 0x12, 0x13, 
0x00, 0x04, 0x49, 0x29, 
0x00, 0x84, 0x00, 0x32, 
0x00, 0x88, 0x20, 0x00, 
0x00, 0x00, 0x00, 0x22, 
0x0B, 0x61, 0xFD, 0x20, 
0xC0, 0x00, 0x24, 0x00, 
0x83, 0x02, 0xA3, 0x05, 
0x0C, 0x00, 0xFD, 0x2A, 
0x00, 0x04, 0x20, 0x08, 
0x0E, 0x07, 0x00, 0xBE, 
0xC0, 0x00, 0x00, 0x10, 
0xB6, 0x2C, 0x0F, 0x0F, 
0x00, 0x88, 0x20, 0x01, 
0x0E, 0x09, 0x0C, 0xC3, 
0x00, 0x00, 0x00, 0x22, 
0xC0, 0x00, 0x00, 0x10, 
0x80, 0x5C, 0x1B, 0xCF, 
0x30, 0x84, 0x19, 0x9A, 
0xC0, 0x00, 0x00, 0x18, 
0x80, 0x02, 0x1C, 0x0F, 
0x00, 0x04, 0x61, 0x84, 
0xC0, 0x00, 0x00, 0x10, 
0x86, 0x0E, 0x0C, 0x6F, 
0x00, 0x88, 0x18, 0x98, 
0x00, 0x00, 0x00, 0x2A, 
0xC0, 0x00, 0x00, 0x00, 
0x82, 0x0F, 0x0C, 0xC7, 
0x30, 0x00, 0xBC, 0xF8, 
0x30, 0x00, 0xB4, 0xEA, 
0x00, 0x88, 0x20, 0x01, 
0x00, 0x00, 0x00, 0x23, 
0xC0, 0x00, 0x2C, 0xB0, 
0x80, 0xFF, 0xFF, 0xFF, 
0x30, 0x85, 0x91, 0x10, 
0x00, 0x8C, 0x03, 0x94, 
0x00, 0x00, 0x00, 0x23, 
0x0F, 0x07, 0x00, 0xBE, 
0x30, 0x86, 0x05, 0x40, 
0x30, 0x88, 0x10, 0x35, 
0x30, 0x20, 0x03, 0x65, 
0x2A, 0x2D, 0xDC, 0xDC, 
0x00, 0x94, 0x02, 0x3A, 
0x00, 0xE6, 0x21, 0x03, 
0x00, 0x00, 0xD8, 0x61, 
0x00, 0x00, 0xE1, 0x2A, 
0x07, 0x04, 0x88, 0x00, 
0x00, 0x84, 0x12, 0x91, 
0x00, 0x04, 0x49, 0x22, 
0x00, 0x84, 0x01, 0x12, 
0xC0, 0x00, 0x00, 0x10, 
0x80, 0x4C, 0x9D, 0x0E, 
0xC0, 0x00, 0x00, 0x10, 
0x80, 0x0C, 0x1D, 0x0E, 
0x0B, 0x21, 0x0C, 0xF1, 
0xC0, 0x00, 0x00, 0x10, 
0x81, 0x4C, 0x1E, 0xAE, 
0xC0, 0x00, 0x00, 0x10, 
0x80, 0x0F, 0x9C, 0xFE, 
0xC0, 0x00, 0x00, 0x10, 
0x81, 0x4F, 0x9E, 0xDE, 
0xC0, 0x00, 0x00, 0x00, 
0x82, 0x1E, 0x02, 0xEB, 
0xC0, 0x00, 0x00, 0x00, 
0x82, 0x2C, 0x01, 0x0E, 
0xC0, 0x00, 0x00, 0x00, 
0x82, 0x0F, 0x0C, 0xF2, 
0xE0, 0xC0, 0x00, 0x00, 
0x80, 0x00, 0x44, 0x00, 
0xF0, 0x74, 0x80, 0x00, 
0x80, 0x02, 0x47, 0x03, 
0xFC, 0x68, 0x80, 0x01, 
0x8C, 0x02, 0x89, 0x02, 
0xE0, 0x00, 0x00, 0x07, 
0x80, 0x00, 0x00, 0x00, 
0xE0, 0x00, 0x20, 0x40, 
0x80, 0x00, 0x00, 0x00, 
0xE8, 0x80, 0x00, 0x00, 
0x80, 0x02, 0x84, 0x00, 
0xC0, 0x00, 0x00, 0x10, 
0x81, 0x4C, 0x1F, 0x0E, 
0xF0, 0x74, 0x80, 0x00, 
0x80, 0x02, 0x47, 0x03, 
0xFC, 0x68, 0x80, 0x01, 
0x8C, 0x02, 0x89, 0x02, 
0xE0, 0x00, 0x00, 0x07, 
0x80, 0x00, 0x00, 0x00, 
0xE0, 0x00, 0x20, 0x40, 
0x80, 0x00, 0x00, 0x00, 
0xE8, 0x80, 0x00, 0x00, 
0x80, 0x02, 0x84, 0x00, 
0xC0, 0x00, 0x00, 0x10, 
0x80, 0x4C, 0x1D, 0x1E, 
0xC0, 0x00, 0x00, 0x00, 
0x82, 0x0F, 0x0C, 0xFC, 
0xC0, 0x00, 0x00, 0x10, 
0x80, 0x0C, 0x9D, 0x4E, 
0x0A, 0xE1, 0x29, 0x53, 
0x00, 0x00, 0xE0, 0x69, 
0x00, 0x04, 0x41, 0x10, 
0x0C, 0x40, 0x29, 0x50, 
0x00, 0x1C, 0x80, 0x40, 
0x00, 0x84, 0x08, 0x81, 
0x00, 0x8C, 0x18, 0x89, 
0x0A, 0xBD, 0xDC, 0x02, 
0x00, 0x00, 0x00, 0x2D, 
0xC0, 0x00, 0x29, 0xF3, 
0x88, 0x00, 0x00, 0x00, 
0xC0, 0x00, 0x2D, 0xB0, 
0x8A, 0x00, 0x00, 0x00, 
0xC0, 0x00, 0x25, 0xC0, 
0x81, 0x00, 0x00, 0x00, 
0x30, 0xE6, 0x68, 0x0F, 
0x0B, 0xE1, 0xFD, 0x20, 
0x0B, 0xE1, 0x29, 0x53, 
0x0A, 0xA1, 0xFD, 0x2A, 
0x00, 0x84, 0x08, 0x87, 
0x00, 0x84, 0x18, 0x8E, 
0x00, 0x04, 0x61, 0x8F, 
0x0C, 0x82, 0x29, 0x55, 
0x0A, 0x29, 0x29, 0x56, 
0x0A, 0xA9, 0x29, 0x52, 
0x20, 0xC5, 0x52, 0x2A, 
0x00, 0x88, 0x10, 0x28, 
0x0A, 0x2D, 0x29, 0x55, 
0x0A, 0x31, 0x29, 0x51, 
0x00, 0x20, 0x02, 0x48, 
0x00, 0x20, 0x02, 0x64, 
0x30, 0x85, 0x93, 0x30, 
0x00, 0xEE, 0x20, 0x02, 
0x00, 0x20, 0x01, 0x10, 
0x00, 0x00, 0xD8, 0x60, 
0x0A, 0x21, 0xDC, 0xAE, 
0x00, 0x94, 0x00, 0x20, 
0x00, 0x00, 0xE8, 0x68, 
0x00, 0x00, 0x20, 0x80, 
0x07, 0x04, 0x40, 0x00, 
0x00, 0x84, 0x19, 0x80, 
0x00, 0x04, 0x61, 0x98, 
0x00, 0x84, 0x00, 0x08, 
0xC0, 0x00, 0x00, 0x18, 
0x80, 0x00, 0x1D, 0x1E, 
0x00, 0x04, 0x45, 0x00, 
0x0B, 0x29, 0x29, 0x56, 
0x0B, 0x2D, 0x29, 0x55, 
0xC0, 0x00, 0x00, 0x10, 
0x80, 0x4C, 0x9D, 0x7E, 
0xC0, 0x00, 0x00, 0x10, 
0x80, 0x4C, 0x1D, 0x8E, 
0xC0, 0x00, 0x00, 0x10, 
0x80, 0x0C, 0x9D, 0x8E, 
0x00, 0x00, 0xE0, 0xA9, 
0x00, 0x04, 0x45, 0x11, 
0xC0, 0x00, 0x00, 0x18, 
0x86, 0x90, 0x83, 0x4F, 
0xC0, 0x00, 0x00, 0x10, 
0x80, 0x1D, 0x9C, 0x1F, 
0x00, 0x84, 0x12, 0x13, 
0x00, 0x04, 0x49, 0x29, 
0x00, 0x84, 0x00, 0x32, 
0x00, 0x88, 0x20, 0x00, 
0x00, 0x00, 0x00, 0x22, 
0x0B, 0x61, 0xFD, 0x20, 
0xC0, 0x00, 0x24, 0x00, 
0x83, 0x02, 0xA3, 0x05, 
0x0C, 0x00, 0xFD, 0x2A, 
0x00, 0x04, 0x20, 0x08, 
0x0E, 0x07, 0x00, 0xC3, 
0xC0, 0x00, 0x00, 0x10, 
0xB6, 0xAC, 0x05, 0xFF, 
0x00, 0x88, 0x20, 0x01, 
0x0E, 0x09, 0x0D, 0x32, 
0x00, 0x00, 0x00, 0x22, 
0xC0, 0x00, 0x00, 0x10, 
0x80, 0x5C, 0x1C, 0x1F, 
0x30, 0x84, 0x19, 0x9A, 
0xC0, 0x00, 0x00, 0x18, 
0x80, 0x02, 0x1C, 0x5F, 
0x00, 0x04, 0x61, 0x84, 
0xC0, 0x00, 0x00, 0x10, 
0x86, 0x8E, 0x03, 0x5F, 
0x00, 0x88, 0x18, 0x98, 
0x00, 0x00, 0x00, 0x2A, 
0xC0, 0x00, 0x00, 0x00, 
0x82, 0x0F, 0x0D, 0x36, 
0x30, 0x00, 0xBC, 0xF8, 
0x30, 0x00, 0xB4, 0xEA, 
0x00, 0x88, 0x20, 0x01, 
0x00, 0x00, 0x00, 0x23, 
0xC0, 0x00, 0x2C, 0xB0, 
0x80, 0xFF, 0xFF, 0xFF, 
0x30, 0x85, 0x91, 0x10, 
0x00, 0x8C, 0x03, 0x94, 
0x00, 0x00, 0x00, 0x23, 
0x0F, 0x07, 0x00, 0xC3, 
0x30, 0x86, 0x05, 0x40, 
0x30, 0x88, 0x10, 0x35, 
0x30, 0x20, 0x03, 0x65, 
0x2A, 0x2D, 0xDC, 0xDC, 
0x00, 0x94, 0x02, 0x3A, 
0x00, 0xE6, 0x21, 0x03, 
0x00, 0x00, 0xD8, 0x61, 
0x00, 0x00, 0xE1, 0x2A, 
0x07, 0x04, 0x88, 0x00, 
0x00, 0x84, 0x12, 0x91, 
0x00, 0x04, 0x49, 0x22, 
0x00, 0x84, 0x01, 0x12, 
0xC0, 0x00, 0x00, 0x10, 
0x80, 0x4C, 0x9D, 0x9E, 
0xC0, 0x00, 0x00, 0x10, 
0x80, 0x0C, 0x1D, 0x9E, 
0x0B, 0x21, 0x0D, 0x60, 
0xC0, 0x00, 0x00, 0x10, 
0x81, 0x4C, 0x1F, 0x1E, 
0xC0, 0x00, 0x00, 0x00, 
0x82, 0x0C, 0x01, 0x1A, 
0xC0, 0x00, 0x00, 0x00, 
0x82, 0x1E, 0x00, 0xD5, 
0xC0, 0x00, 0x00, 0x00, 
0x82, 0x6F, 0x0D, 0x61, 
0xFD, 0x6A, 0x80, 0x00, 
0x80, 0x00, 0x00, 0xC3, 
0xF8, 0x74, 0x80, 0x03, 
0x81, 0x40, 0x41, 0xC5, 
0xFC, 0x6A, 0x80, 0x21, 
0x88, 0x00, 0x08, 0xC3, 
0xE0, 0x34, 0xA2, 0x07, 
0x80, 0x42, 0x09, 0xC5, 
0xFD, 0x6A, 0x80, 0x27, 
0x8A, 0x80, 0x08, 0xC3, 
0xE8, 0xB4, 0xA6, 0x43, 
0x81, 0x42, 0x09, 0xC5, 
0xFC, 0x6A, 0x80, 0x21, 
0x8F, 0x04, 0x08, 0xC3, 
0xE9, 0xB4, 0xA2, 0x07, 
0x80, 0x42, 0x09, 0xC5, 
0xE8, 0x80, 0x00, 0x27, 
0x8A, 0x82, 0x08, 0x00, 
0x00, 0x84, 0x01, 0x19, 
0x05, 0x5C, 0xD0, 0x00, 
0xC0, 0x00, 0x00, 0x10, 
0x80, 0x4C, 0x9D, 0xDE, 
0xC0, 0x00, 0x00, 0x00, 
0x82, 0x0F, 0x0D, 0x75, 
0xC0, 0x00, 0x00, 0x10, 
0x80, 0x0C, 0x9D, 0xCE, 
0x0A, 0xE1, 0x29, 0x5A, 
0x00, 0x00, 0xE0, 0x69, 
0x00, 0x04, 0x41, 0x10, 
0x0C, 0x40, 0x29, 0x57, 
0x00, 0x1C, 0x80, 0x40, 
0x00, 0x84, 0x08, 0x81, 
0x00, 0x8C, 0x18, 0x89, 
0x0A, 0xBD, 0xDC, 0x02, 
0x00, 0x00, 0x00, 0x2D, 
0xC0, 0x00, 0x29, 0xF3, 
0x88, 0x00, 0x00, 0x00, 
0xC0, 0x00, 0x2D, 0xB0, 
0x8A, 0x00, 0x00, 0x00, 
0xC0, 0x00, 0x25, 0xC0, 
0x81, 0x00, 0x00, 0x00, 
0x30, 0xE6, 0x68, 0x0F, 
0x0B, 0xE1, 0xFD, 0x20, 
0x0B, 0xE1, 0x29, 0x5A, 
0x0A, 0xA1, 0xFD, 0x2A, 
0x00, 0x84, 0x08, 0x87, 
0x00, 0x84, 0x18, 0x8E, 
0x00, 0x04, 0x61, 0x8F, 
0x0C, 0x82, 0x29, 0x5C, 
0x0A, 0x29, 0x29, 0x5D, 
0x0A, 0xA9, 0x29, 0x59, 
0x20, 0xC5, 0x52, 0x2A, 
0x00, 0x88, 0x10, 0x28, 
0x0A, 0x2D, 0x29, 0x5C, 
0x0A, 0x31, 0x29, 0x58, 
0x00, 0x20, 0x02, 0x48, 
0x00, 0x20, 0x02, 0x64, 
0x30, 0x85, 0x93, 0x30, 
0x00, 0xEE, 0x20, 0x02, 
0x00, 0x20, 0x01, 0x10, 
0x00, 0x00, 0xD8, 0x60, 
0x0A, 0x21, 0xDC, 0xAE, 
0x00, 0x94, 0x00, 0x20, 
0x00, 0x00, 0xE8, 0x68, 
0x00, 0x00, 0x20, 0x80, 
0x07, 0x04, 0x40, 0x00, 
0x00, 0x84, 0x19, 0x80, 
0x00, 0x04, 0x61, 0x98, 
0x00, 0x84, 0x00, 0x08, 
0xC0, 0x00, 0x00, 0x18, 
0x80, 0x00, 0x1D, 0xDE, 
0x00, 0x04, 0x45, 0x00, 
0x0B, 0x29, 0x29, 0x5D, 
0x0B, 0x2D, 0x29, 0x5C, 
0xC0, 0x00, 0x00, 0x10, 
0x80, 0x4C, 0x9D, 0xEE, 
0xC0, 0x00, 0x00, 0x10, 
0x80, 0x4C, 0x1E, 0x0E, 
0xC0, 0x00, 0x00, 0x10, 
0x80, 0x0C, 0x9D, 0xEE, 
0x00, 0x00, 0xE0, 0xA9, 
0x00, 0x04, 0x45, 0x11, 
0xC0, 0x00, 0x00, 0x18, 
0x86, 0x90, 0x8A, 0xDF, 
0xC0, 0x00, 0x00, 0x10, 
0x80, 0x1D, 0x9C, 0x6F, 
0x00, 0x84, 0x12, 0x13, 
0x00, 0x04, 0x49, 0x29, 
0x00, 0x84, 0x00, 0x32, 
0x00, 0x88, 0x20, 0x00, 
0x00, 0x00, 0x00, 0x22, 
0x0B, 0x61, 0xFD, 0x20, 
0xC0, 0x00, 0x24, 0x00, 
0x83, 0x02, 0xA3, 0x05, 
0x0C, 0x00, 0xFD, 0x2A, 
0x00, 0x04, 0x20, 0x08, 
0x0E, 0x07, 0x00, 0xC8, 
0xC0, 0x00, 0x00, 0x10, 
0xB6, 0xAC, 0x0D, 0x8F, 
0x00, 0x88, 0x20, 0x01, 
0x0E, 0x09, 0x0D, 0xAB, 
0x00, 0x00, 0x00, 0x22, 
0xC0, 0x00, 0x00, 0x10, 
0x80, 0x5C, 0x1C, 0x6F, 
0x30, 0x84, 0x19, 0x9A, 
0xC0, 0x00, 0x00, 0x18, 
0x80, 0x02, 0x1C, 0xAF, 
0x00, 0x04, 0x61, 0x84, 
0xC0, 0x00, 0x00, 0x10, 
0x86, 0x8E, 0x0A, 0xEF, 
0x00, 0x88, 0x18, 0x98, 
0x00, 0x00, 0x00, 0x2A, 
0xC0, 0x00, 0x00, 0x00, 
0x82, 0x0F, 0x0D, 0xAF, 
0x30, 0x00, 0xBC, 0xF8, 
0x30, 0x00, 0xB4, 0xEA, 
0x00, 0x88, 0x20, 0x01, 
0x00, 0x00, 0x00, 0x23, 
0xC0, 0x00, 0x2C, 0xB0, 
0x80, 0xFF, 0xFF, 0xFF, 
0x30, 0x85, 0x91, 0x10, 
0x00, 0x8C, 0x03, 0x94, 
0x00, 0x00, 0x00, 0x23, 
0x0F, 0x07, 0x00, 0xC8, 
0x30, 0x86, 0x05, 0x40, 
0x30, 0x88, 0x10, 0x35, 
0x30, 0x20, 0x03, 0x65, 
0x2A, 0x2D, 0xDC, 0xDC, 
0x00, 0x94, 0x02, 0x3A, 
0x00, 0xE6, 0x21, 0x03, 
0x00, 0x00, 0xD8, 0x61, 
0x00, 0x00, 0xE1, 0x2A, 
0x07, 0x04, 0x88, 0x00, 
0x00, 0x84, 0x12, 0x91, 
0x00, 0x04, 0x49, 0x22, 
0x00, 0x84, 0x01, 0x12, 
0xC0, 0x00, 0x00, 0x10, 
0x80, 0x4C, 0x9D, 0xFE, 
0xC0, 0x00, 0x00, 0x10, 
0x80, 0x0C, 0x1D, 0xFE, 
0x0B, 0x21, 0x0D, 0xD9, 
0xC0, 0x00, 0x00, 0x10, 
0x81, 0x4C, 0x1F, 0x2E, 
0xC0, 0x00, 0x00, 0x10, 
0x80, 0x0C, 0x9E, 0x0E, 
0x00, 0x00, 0xE0, 0xA9, 
0x00, 0x04, 0x45, 0x11, 
0xC0, 0x00, 0x00, 0x18, 
0x86, 0x90, 0x8D, 0xCF, 
0xC0, 0x00, 0x00, 0x10, 
0x80, 0x1D, 0x9C, 0xBF, 
0x00, 0x84, 0x12, 0x13, 
0x00, 0x04, 0x49, 0x29, 
0x00, 0x84, 0x00, 0x32, 
0x00, 0x88, 0x20, 0x00, 
0x00, 0x00, 0x00, 0x22, 
0x0B, 0x61, 0xFD, 0x20, 
0xC0, 0x00, 0x24, 0x00, 
0x83, 0x02, 0xA3, 0x05, 
0x0C, 0x00, 0xFD, 0x2A, 
0x00, 0x04, 0x20, 0x08, 
0x0E, 0x07, 0x00, 0xCD, 
0xC0, 0x00, 0x00, 0x10, 
0xB7, 0x2C, 0x00, 0x7F, 
0x00, 0x88, 0x20, 0x01, 
0x0E, 0x09, 0x0D, 0xDA, 
0x00, 0x00, 0x00, 0x22, 
0xC0, 0x00, 0x00, 0x10, 
0x80, 0x5C, 0x1C, 0xBF, 
0x30, 0x84, 0x19, 0x9A, 
0xC0, 0x00, 0x00, 0x18, 
0x80, 0x02, 0x1C, 0xFF, 
0x00, 0x04, 0x61, 0x84, 
0xC0, 0x00, 0x00, 0x10, 
0x86, 0x8E, 0x0D, 0xDF, 
0x00, 0x88, 0x18, 0x98, 
0x00, 0x00, 0x00, 0x2A, 
0xC0, 0x00, 0x00, 0x00, 
0x82, 0x0F, 0x0D, 0xDE, 
0x30, 0x00, 0xBC, 0xF8, 
0x30, 0x00, 0xB4, 0xEA, 
0x00, 0x88, 0x20, 0x01, 
0x00, 0x00, 0x00, 0x23, 
0xC0, 0x00, 0x2C, 0xB0, 
0x80, 0xFF, 0xFF, 0xFF, 
0x30, 0x85, 0x91, 0x10, 
0x00, 0x8C, 0x03, 0x94, 
0x00, 0x00, 0x00, 0x23, 
0x0F, 0x07, 0x00, 0xCD, 
0x30, 0x86, 0x05, 0x40, 
0x30, 0x88, 0x10, 0x35, 
0x30, 0x20, 0x03, 0x65, 
0x2A, 0x2D, 0xDC, 0xDC, 
0x00, 0x94, 0x02, 0x3A, 
0x00, 0xE6, 0x21, 0x03, 
0x00, 0x00, 0xD8, 0x61, 
0x00, 0x00, 0xE1, 0x2A, 
0x07, 0x04, 0x88, 0x00, 
0x00, 0x84, 0x12, 0x91, 
0x00, 0x04, 0x49, 0x22, 
0x00, 0x84, 0x01, 0x12, 
0xC0, 0x00, 0x00, 0x10, 
0x80, 0x4C, 0x9E, 0x1E, 
0xC0, 0x00, 0x00, 0x10, 
0x80, 0x0C, 0x1E, 0x1E, 
0x0B, 0x21, 0x0E, 0x08, 
0xC0, 0x00, 0x00, 0x10, 
0x81, 0x4C, 0x1F, 0x3E, 
0x0A, 0x21, 0x0E, 0x09, 
0x00, 0x84, 0x30, 0x00, 
0xC0, 0x00, 0x00, 0x00, 
0x82, 0x0D, 0x0B, 0x2B, 
0x00, 0x00, 0xD8, 0x40, 
0xC0, 0x00, 0x00, 0x18, 
0x80, 0x10, 0x1D, 0xEE, 
0x06, 0x50, 0x40, 0x00, 
0x06, 0x00, 0x08, 0x00, 
0xC0, 0x00, 0x00, 0x18, 
0x80, 0xC0, 0x17, 0x6E, 
0xC0, 0x00, 0x00, 0x00, 
0x82, 0x0E, 0x02, 0xF4, 
0xC0, 0x00, 0x00, 0x00, 
0x82, 0x1F, 0x0E, 0x0A, 
0xC0, 0x00, 0x00, 0x18, 
0x81, 0x08, 0x11, 0xAE, 
0x06, 0x18, 0x40, 0x31, 
0xF1, 0x6C, 0x80, 0x01, 
0x88, 0x00, 0x01, 0x22, 
0xFC, 0x6C, 0x80, 0x21, 
0x81, 0x82, 0x04, 0x23, 
0xC0, 0x00, 0x00, 0x18, 
0x80, 0x04, 0x9E, 0xFE, 
0xE0, 0x34, 0xA2, 0x05, 
0x81, 0x80, 0x01, 0x25, 
0xE0, 0x80, 0x00, 0x25, 
0x8C, 0x02, 0x04, 0x00, 
0x00, 0x84, 0x01, 0x19, 
0xC0, 0x00, 0x00, 0x10, 
0x80, 0x4C, 0x9F, 0x1E, 
0xC0, 0x00, 0x00, 0x00, 
0x82, 0x0E, 0x02, 0xF7, 
0xC0, 0x00, 0x00, 0x00, 
0x82, 0x1F, 0x0E, 0x14, 
0xC0, 0x00, 0x00, 0x18, 
0x80, 0x88, 0x1C, 0xFE, 
0x06, 0x18, 0x40, 0x31, 
0xF1, 0x6C, 0x80, 0x01, 
0x88, 0x00, 0x01, 0x22, 
0xFC, 0x6C, 0x80, 0x21, 
0x81, 0x82, 0x04, 0x23, 
0xC0, 0x00, 0x00, 0x18, 
0x80, 0x04, 0x9E, 0x7E, 
0xE0, 0x34, 0xA2, 0x05, 
0x81, 0x80, 0x01, 0x25, 
0xE0, 0x80, 0x00, 0x25, 
0x8C, 0x02, 0x04, 0x00, 
0x00, 0x84, 0x01, 0x19, 
0xC0, 0x00, 0x00, 0x10, 
0x80, 0x4C, 0x9E, 0x9E, 
0x0C, 0x40, 0x29, 0x5E, 
0xC0, 0x00, 0x00, 0x18, 
0x80, 0x00, 0x1E, 0x2E, 
0x00, 0x04, 0x00, 0x80, 
0x00, 0x00, 0x00, 0x00, 
0xC0, 0x00, 0x00, 0x10, 
0x80, 0x4C, 0x1E, 0x3E, 
0x0C, 0x82, 0x29, 0x5F, 
0xC0, 0x00, 0x00, 0x10, 
0x80, 0x0C, 0x1E, 0x3E, 
0x30, 0x84, 0x30, 0x00, 
0xC0, 0x00, 0x00, 0x10, 
0x80, 0x4C, 0x1E, 0x4E, 
0xC0, 0x00, 0x00, 0x10, 
0x80, 0x0C, 0x9E, 0x4E, 
0x00, 0x00, 0xE0, 0xA9, 
0x00, 0x04, 0x45, 0x11, 
0xC0, 0x00, 0x00, 0x18, 
0x87, 0x10, 0x82, 0x0F, 
0xC0, 0x00, 0x00, 0x10, 
0x80, 0x1D, 0x9D, 0x0F, 
0x00, 0x84, 0x12, 0x13, 
0x00, 0x04, 0x49, 0x29, 
0x00, 0x84, 0x00, 0x32, 
0x00, 0x88, 0x20, 0x00, 
0x00, 0x00, 0x00, 0x22, 
0x0B, 0x61, 0xFD, 0x20, 
0xC0, 0x00, 0x24, 0x00, 
0x83, 0x02, 0xA3, 0x05, 
0x0C, 0x00, 0xFD, 0x2A, 
0x00, 0x04, 0x20, 0x08, 
0x0E, 0x07, 0x00, 0xD2, 
0xC0, 0x00, 0x00, 0x10, 
0xB7, 0x2C, 0x04, 0xBF, 
0x00, 0x88, 0x20, 0x01, 
0x0E, 0x09, 0x0E, 0x1E, 
0x00, 0x00, 0x00, 0x22, 
0xC0, 0x00, 0x00, 0x10, 
0x80, 0x5C, 0x1D, 0x0F, 
0x30, 0x84, 0x19, 0x9A, 
0xC0, 0x00, 0x00, 0x18, 
0x80, 0x02, 0x1D, 0x4F, 
0x00, 0x04, 0x61, 0x84, 
0xC0, 0x00, 0x00, 0x10, 
0x87, 0x0E, 0x02, 0x1F, 
0x00, 0x88, 0x18, 0x98, 
0x00, 0x00, 0x00, 0x2A, 
0xC0, 0x00, 0x00, 0x00, 
0x82, 0x0F, 0x0E, 0x22, 
0x30, 0x00, 0xBC, 0xF8, 
0x30, 0x00, 0xB4, 0xEA, 
0x00, 0x88, 0x20, 0x01, 
0x00, 0x00, 0x00, 0x23, 
0xC0, 0x00, 0x2C, 0xB0, 
0x80, 0xFF, 0xFF, 0xFF, 
0x30, 0x85, 0x91, 0x10, 
0x00, 0x8C, 0x03, 0x94, 
0x00, 0x00, 0x00, 0x23, 
0x0F, 0x07, 0x00, 0xD2, 
0x30, 0x86, 0x05, 0x40, 
0x30, 0x88, 0x10, 0x35, 
0x30, 0x20, 0x03, 0x65, 
0x2A, 0x2D, 0xDC, 0xDC, 
0x00, 0x94, 0x02, 0x3A, 
0x00, 0xE6, 0x21, 0x03, 
0x00, 0x00, 0xD8, 0x61, 
0x00, 0x00, 0xE1, 0x2A, 
0x07, 0x04, 0x88, 0x00, 
0x00, 0x84, 0x12, 0x91, 
0x00, 0x04, 0x49, 0x22, 
0x00, 0x84, 0x01, 0x12, 
0xC0, 0x00, 0x00, 0x10, 
0x80, 0x4C, 0x9E, 0x5E, 
0xC0, 0x00, 0x00, 0x10, 
0x80, 0x0C, 0x1E, 0x5E, 
0x0B, 0x21, 0x0E, 0x4C, 
0xC0, 0x00, 0x00, 0x10, 
0x81, 0x4C, 0x1F, 0xAE, 
0xC0, 0x00, 0x00, 0x10, 
0x80, 0x0F, 0x9E, 0x4E, 
0xC0, 0x00, 0x00, 0x10, 
0x81, 0x4F, 0x9F, 0xDE, 
0xC0, 0x00, 0x00, 0x00, 
0x82, 0x1E, 0x02, 0xFB, 
0xC0, 0x00, 0x00, 0x00, 
0x82, 0x2C, 0x01, 0x2C, 
0xC0, 0x00, 0x00, 0x00, 
0x82, 0x0F, 0x0E, 0x4D, 
0xE0, 0xC0, 0x00, 0x00, 
0x80, 0x00, 0x44, 0x00, 
0xF0, 0x74, 0x80, 0x00, 
0x80, 0x02, 0x47, 0x03, 
0xFC, 0x68, 0x80, 0x01, 
0x8C, 0x02, 0x89, 0x02, 
0xE0, 0x00, 0x00, 0x07, 
0x80, 0x00, 0x00, 0x00, 
0xE0, 0x00, 0x20, 0x40, 
0x80, 0x00, 0x00, 0x00, 
0xE8, 0x80, 0x00, 0x00, 
0x80, 0x02, 0x84, 0x00, 
0xC0, 0x00, 0x00, 0x10, 
0x81, 0xCC, 0x10, 0x0E, 
0xF0, 0x74, 0x80, 0x00, 
0x80, 0x02, 0x47, 0x03, 
0xFC, 0x68, 0x80, 0x01, 
0x8C, 0x02, 0x89, 0x02, 
0xE0, 0x00, 0x00, 0x07, 
0x80, 0x00, 0x00, 0x00, 
0xE0, 0x00, 0x20, 0x40, 
0x80, 0x00, 0x00, 0x00, 
0xE8, 0x80, 0x00, 0x00, 
0x80, 0x02, 0x84, 0x00, 
0xC0, 0x00, 0x00, 0x10, 
0x80, 0x4C, 0x1E, 0x6E, 
0xC0, 0x00, 0x00, 0x00, 
0x82, 0x0F, 0x0E, 0x57, 
0xC0, 0x00, 0x00, 0x10, 
0x80, 0x0C, 0x9E, 0x9E, 
0x0A, 0xE1, 0x29, 0x63, 
0x00, 0x00, 0xE0, 0x69, 
0x00, 0x04, 0x41, 0x10, 
0x0C, 0x40, 0x29, 0x60, 
0x00, 0x1C, 0x80, 0x40, 
0x00, 0x84, 0x08, 0x81, 
0x00, 0x8C, 0x18, 0x89, 
0x0A, 0xBD, 0xDC, 0x02, 
0x00, 0x00, 0x00, 0x2D, 
0xC0, 0x00, 0x29, 0xF3, 
0x88, 0x00, 0x00, 0x00, 
0xC0, 0x00, 0x2D, 0xB0, 
0x8A, 0x00, 0x00, 0x00, 
0xC0, 0x00, 0x25, 0xC0, 
0x81, 0x00, 0x00, 0x00, 
0x30, 0xE6, 0x68, 0x0F, 
0x0B, 0xE1, 0xFD, 0x20, 
0x0B, 0xE1, 0x29, 0x63, 
0x0A, 0xA1, 0xFD, 0x2A, 
0x00, 0x84, 0x08, 0x87, 
0x00, 0x84, 0x18, 0x8E, 
0x00, 0x04, 0x61, 0x8F, 
0x0C, 0x82, 0x29, 0x65, 
0x0A, 0x29, 0x29, 0x66, 
0x0A, 0xA9, 0x29, 0x62, 
0x20, 0xC5, 0x52, 0x2A, 
0x00, 0x88, 0x10, 0x28, 
0x0A, 0x2D, 0x29, 0x65, 
0x0A, 0x31, 0x29, 0x61, 
0x00, 0x20, 0x02, 0x48, 
0x00, 0x20, 0x02, 0x64, 
0x30, 0x85, 0x93, 0x30, 
0x00, 0xEE, 0x20, 0x02, 
0x00, 0x20, 0x01, 0x10, 
0x00, 0x00, 0xD8, 0x60, 
0x0A, 0x21, 0xDC, 0xAE, 
0x00, 0x94, 0x00, 0x20, 
0x00, 0x00, 0xE8, 0x68, 
0x00, 0x00, 0x20, 0x80, 
0x07, 0x04, 0x40, 0x00, 
0x00, 0x84, 0x19, 0x80, 
0x00, 0x04, 0x61, 0x98, 
0x00, 0x84, 0x00, 0x08, 
0xC0, 0x00, 0x00, 0x18, 
0x80, 0x00, 0x1E, 0x6E, 
0x00, 0x04, 0x45, 0x00, 
0x0B, 0x29, 0x29, 0x66, 
0x0B, 0x2D, 0x29, 0x65, 
0xC0, 0x00, 0x00, 0x10, 
0x80, 0x4C, 0x9E, 0xCE, 
0xC0, 0x00, 0x00, 0x10, 
0x80, 0x4C, 0x1E, 0xDE, 
0xC0, 0x00, 0x00, 0x10, 
0x80, 0x0C, 0x9E, 0xDE, 
0x00, 0x00, 0xE0, 0xA9, 
0x00, 0x04, 0x45, 0x11, 
0xC0, 0x00, 0x00, 0x18, 
0x87, 0x10, 0x88, 0xFF, 
0xC0, 0x00, 0x00, 0x10, 
0x80, 0x1D, 0x9D, 0x5F, 
0x00, 0x84, 0x12, 0x13, 
0x00, 0x04, 0x49, 0x29, 
0x00, 0x84, 0x00, 0x32, 
0x00, 0x88, 0x20, 0x00, 
0x00, 0x00, 0x00, 0x22, 
0x0B, 0x61, 0xFD, 0x20, 
0xC0, 0x00, 0x24, 0x00, 
0x83, 0x02, 0xA3, 0x05, 
0x0C, 0x00, 0xFD, 0x2A, 
0x00, 0x04, 0x20, 0x08, 
0x0E, 0x07, 0x00, 0xD7, 
0xC0, 0x00, 0x00, 0x10, 
0xB7, 0x2C, 0x0B, 0xAF, 
0x00, 0x88, 0x20, 0x01, 
0x0E, 0x09, 0x0E, 0x8D, 
0x00, 0x00, 0x00, 0x22, 
0xC0, 0x00, 0x00, 0x10, 
0x80, 0x5C, 0x1D, 0x5F, 
0x30, 0x84, 0x19, 0x9A, 
0xC0, 0x00, 0x00, 0x18, 
0x80, 0x02, 0x1D, 0x9F, 
0x00, 0x04, 0x61, 0x84, 
0xC0, 0x00, 0x00, 0x10, 
0x87, 0x0E, 0x09, 0x0F, 
0x00, 0x88, 0x18, 0x98, 
0x00, 0x00, 0x00, 0x2A, 
0xC0, 0x00, 0x00, 0x00, 
0x82, 0x0F, 0x0E, 0x91, 
0x30, 0x00, 0xBC, 0xF8, 
0x30, 0x00, 0xB4, 0xEA, 
0x00, 0x88, 0x20, 0x01, 
0x00, 0x00, 0x00, 0x23, 
0xC0, 0x00, 0x2C, 0xB0, 
0x80, 0xFF, 0xFF, 0xFF, 
0x30, 0x85, 0x91, 0x10, 
0x00, 0x8C, 0x03, 0x94, 
0x00, 0x00, 0x00, 0x23, 
0x0F, 0x07, 0x00, 0xD7, 
0x30, 0x86, 0x05, 0x40, 
0x30, 0x88, 0x10, 0x35, 
0x30, 0x20, 0x03, 0x65, 
0x2A, 0x2D, 0xDC, 0xDC, 
0x00, 0x94, 0x02, 0x3A, 
0x00, 0xE6, 0x21, 0x03, 
0x00, 0x00, 0xD8, 0x61, 
0x00, 0x00, 0xE1, 0x2A, 
0x07, 0x04, 0x88, 0x00, 
0x00, 0x84, 0x12, 0x91, 
0x00, 0x04, 0x49, 0x22, 
0x00, 0x84, 0x01, 0x12, 
0xC0, 0x00, 0x00, 0x10, 
0x80, 0x4C, 0x9E, 0xEE, 
0xC0, 0x00, 0x00, 0x10, 
0x80, 0x0C, 0x1E, 0xEE, 
0x0B, 0x21, 0x0E, 0xBB, 
0xC0, 0x00, 0x00, 0x10, 
0x81, 0xCC, 0x10, 0x1E, 
0xC0, 0x00, 0x00, 0x00, 
0x82, 0x0C, 0x01, 0x38, 
0xC0, 0x00, 0x00, 0x00, 
0x82, 0x1E, 0x00, 0xEA, 
0xC0, 0x00, 0x00, 0x00, 
0x82, 0x6F, 0x0E, 0xBC, 
0xFD, 0x6A, 0x80, 0x00, 
0x80, 0x00, 0x00, 0xC3, 
0xF8, 0x74, 0x80, 0x03, 
0x81, 0x40, 0x41, 0xC5, 
0xFC, 0x6A, 0x80, 0x21, 
0x88, 0x00, 0x08, 0xC3, 
0xE0, 0x34, 0xA2, 0x07, 
0x80, 0x42, 0x09, 0xC5, 
0xFD, 0x6A, 0x80, 0x27, 
0x8A, 0x80, 0x08, 0xC3, 
0xE8, 0xB4, 0xA6, 0x43, 
0x81, 0x42, 0x09, 0xC5, 
0xFC, 0x6A, 0x80, 0x21, 
0x8F, 0x04, 0x08, 0xC3, 
0xE9, 0xB4, 0xA2, 0x07, 
0x80, 0x42, 0x09, 0xC5, 
0xE8, 0x80, 0x00, 0x27, 
0x8A, 0x82, 0x08, 0x00, 
0x00, 0x84, 0x01, 0x19, 
0x05, 0x5C, 0xD0, 0x00, 
0xC0, 0x00, 0x00, 0x10, 
0x80, 0x4C, 0x9F, 0x2E, 
0xC0, 0x00, 0x00, 0x00, 
0x82, 0x0F, 0x0E, 0xD0, 
0xC0, 0x00, 0x00, 0x10, 
0x80, 0x0C, 0x9F, 0x1E, 
0x0A, 0xE1, 0x29, 0x6A, 
0x00, 0x00, 0xE0, 0x69, 
0x00, 0x04, 0x41, 0x10, 
0x0C, 0x40, 0x29, 0x67, 
0x00, 0x1C, 0x80, 0x40, 
0x00, 0x84, 0x08, 0x81, 
0x00, 0x8C, 0x18, 0x89, 
0x0A, 0xBD, 0xDC, 0x02, 
0x00, 0x00, 0x00, 0x2D, 
0xC0, 0x00, 0x29, 0xF3, 
0x88, 0x00, 0x00, 0x00, 
0xC0, 0x00, 0x2D, 0xB0, 
0x8A, 0x00, 0x00, 0x00, 
0xC0, 0x00, 0x25, 0xC0, 
0x81, 0x00, 0x00, 0x00, 
0x30, 0xE6, 0x68, 0x0F, 
0x0B, 0xE1, 0xFD, 0x20, 
0x0B, 0xE1, 0x29, 0x6A, 
0x0A, 0xA1, 0xFD, 0x2A, 
0x00, 0x84, 0x08, 0x87, 
0x00, 0x84, 0x18, 0x8E, 
0x00, 0x04, 0x61, 0x8F, 
0x0C, 0x82, 0x29, 0x6C, 
0x0A, 0x29, 0x29, 0x6D, 
0x0A, 0xA9, 0x29, 0x69, 
0x20, 0xC5, 0x52, 0x2A, 
0x00, 0x88, 0x10, 0x28, 
0x0A, 0x2D, 0x29, 0x6C, 
0x0A, 0x31, 0x29, 0x68, 
0x00, 0x20, 0x02, 0x48, 
0x00, 0x20, 0x02, 0x64, 
0x30, 0x85, 0x93, 0x30, 
0x00, 0xEE, 0x20, 0x02, 
0x00, 0x20, 0x01, 0x10, 
0x00, 0x00, 0xD8, 0x60, 
0x0A, 0x21, 0xDC, 0xAE, 
0x00, 0x94, 0x00, 0x20, 
0x00, 0x00, 0xE8, 0x68, 
0x00, 0x00, 0x20, 0x80, 
0x07, 0x04, 0x40, 0x00, 
0x00, 0x84, 0x19, 0x80, 
0x00, 0x04, 0x61, 0x98, 
0x00, 0x84, 0x00, 0x08, 
0xC0, 0x00, 0x00, 0x18, 
0x80, 0x00, 0x1F, 0x2E, 
0x00, 0x04, 0x45, 0x00, 
0x0B, 0x29, 0x29, 0x6D, 
0x0B, 0x2D, 0x29, 0x6C, 
0xC0, 0x00, 0x00, 0x10, 
0x80, 0x4C, 0x9F, 0x3E, 
0xC0, 0x00, 0x00, 0x10, 
0x80, 0x4C, 0x1F, 0x5E, 
0xC0, 0x00, 0x00, 0x10, 
0x80, 0x0C, 0x9F, 0x3E, 
0x00, 0x00, 0xE0, 0xA9, 
0x00, 0x04, 0x45, 0x11, 
0xC0, 0x00, 0x00, 0x18, 
0x87, 0x90, 0x80, 0x8F, 
0xC0, 0x00, 0x00, 0x10, 
0x80, 0x1D, 0x9D, 0xAF, 
0x00, 0x84, 0x12, 0x13, 
0x00, 0x04, 0x49, 0x29, 
0x00, 0x84, 0x00, 0x32, 
0x00, 0x88, 0x20, 0x00, 
0x00, 0x00, 0x00, 0x22, 
0x0B, 0x61, 0xFD, 0x20, 
0xC0, 0x00, 0x24, 0x00, 
0x83, 0x02, 0xA3, 0x05, 
0x0C, 0x00, 0xFD, 0x2A, 
0x00, 0x04, 0x20, 0x08, 
0x0E, 0x07, 0x00, 0xDC, 
0xC0, 0x00, 0x00, 0x10, 
0xB7, 0xAC, 0x03, 0x3F, 
0x00, 0x88, 0x20, 0x01, 
0x0E, 0x09, 0x0F, 0x06, 
0x00, 0x00, 0x00, 0x22, 
0xC0, 0x00, 0x00, 0x10, 
0x80, 0x5C, 0x1D, 0xAF, 
0x30, 0x84, 0x19, 0x9A, 
0xC0, 0x00, 0x00, 0x18, 
0x80, 0x02, 0x1D, 0xEF, 
0x00, 0x04, 0x61, 0x84, 
0xC0, 0x00, 0x00, 0x10, 
0x87, 0x8E, 0x00, 0x9F, 
0x00, 0x88, 0x18, 0x98, 
0x00, 0x00, 0x00, 0x2A, 
0xC0, 0x00, 0x00, 0x00, 
0x82, 0x0F, 0x0F, 0x0A, 
0x30, 0x00, 0xBC, 0xF8, 
0x30, 0x00, 0xB4, 0xEA, 
0x00, 0x88, 0x20, 0x01, 
0x00, 0x00, 0x00, 0x23, 
0xC0, 0x00, 0x2C, 0xB0, 
0x80, 0xFF, 0xFF, 0xFF, 
0x30, 0x85, 0x91, 0x10, 
0x00, 0x8C, 0x03, 0x94, 
0x00, 0x00, 0x00, 0x23, 
0x0F, 0x07, 0x00, 0xDC, 
0x30, 0x86, 0x05, 0x40, 
0x30, 0x88, 0x10, 0x35, 
0x30, 0x20, 0x03, 0x65, 
0x2A, 0x2D, 0xDC, 0xDC, 
0x00, 0x94, 0x02, 0x3A, 
0x00, 0xE6, 0x21, 0x03, 
0x00, 0x00, 0xD8, 0x61, 
0x00, 0x00, 0xE1, 0x2A, 
0x07, 0x04, 0x88, 0x00, 
0x00, 0x84, 0x12, 0x91, 
0x00, 0x04, 0x49, 0x22, 
0x00, 0x84, 0x01, 0x12, 
0xC0, 0x00, 0x00, 0x10, 
0x80, 0x4C, 0x9F, 0x4E, 
0xC0, 0x00, 0x00, 0x10, 
0x80, 0x0C, 0x1F, 0x4E, 
0x0B, 0x21, 0x0F, 0x34, 
0xC0, 0x00, 0x00, 0x10, 
0x81, 0xCC, 0x10, 0x2E, 
0xC0, 0x00, 0x00, 0x10, 
0x80, 0x0C, 0x9F, 0x5E, 
0x00, 0x00, 0xE0, 0xA9, 
0x00, 0x04, 0x45, 0x11, 
0xC0, 0x00, 0x00, 0x18, 
0x87, 0x90, 0x83, 0x7F, 
0xC0, 0x00, 0x00, 0x10, 
0x80, 0x1D, 0x9D, 0xFF, 
0x00, 0x84, 0x12, 0x13, 
0x00, 0x04, 0x49, 0x29, 
0x00, 0x84, 0x00, 0x32, 
0x00, 0x88, 0x20, 0x00, 
0x00, 0x00, 0x00, 0x22, 
0x0B, 0x61, 0xFD, 0x20, 
0xC0, 0x00, 0x24, 0x00, 
0x83, 0x02, 0xA3, 0x05, 
0x0C, 0x00, 0xFD, 0x2A, 
0x00, 0x04, 0x20, 0x08, 
0x0E, 0x07, 0x00, 0xE1, 
0xC0, 0x00, 0x00, 0x10, 
0xB7, 0xAC, 0x06, 0x2F, 
0x00, 0x88, 0x20, 0x01, 
0x0E, 0x09, 0x0F, 0x35, 
0x00, 0x00, 0x00, 0x22, 
0xC0, 0x00, 0x00, 0x10, 
0x80, 0x5C, 0x1D, 0xFF, 
0x30, 0x84, 0x19, 0x9A, 
0xC0, 0x00, 0x00, 0x18, 
0x80, 0x02, 0x1E, 0x3F, 
0x00, 0x04, 0x61, 0x84, 
0xC0, 0x00, 0x00, 0x10, 
0x87, 0x8E, 0x03, 0x8F, 
0x00, 0x88, 0x18, 0x98, 
0x00, 0x00, 0x00, 0x2A, 
0xC0, 0x00, 0x00, 0x00, 
0x82, 0x0F, 0x0F, 0x39, 
0x30, 0x00, 0xBC, 0xF8, 
0x30, 0x00, 0xB4, 0xEA, 
0x00, 0x88, 0x20, 0x01, 
0x00, 0x00, 0x00, 0x23, 
0xC0, 0x00, 0x2C, 0xB0, 
0x80, 0xFF, 0xFF, 0xFF, 
0x30, 0x85, 0x91, 0x10, 
0x00, 0x8C, 0x03, 0x94, 
0x00, 0x00, 0x00, 0x23, 
0x0F, 0x07, 0x00, 0xE1, 
0x30, 0x86, 0x05, 0x40, 
0x30, 0x88, 0x10, 0x35, 
0x30, 0x20, 0x03, 0x65, 
0x2A, 0x2D, 0xDC, 0xDC, 
0x00, 0x94, 0x02, 0x3A, 
0x00, 0xE6, 0x21, 0x03, 
0x00, 0x00, 0xD8, 0x61, 
0x00, 0x00, 0xE1, 0x2A, 
0x07, 0x04, 0x88, 0x00, 
0x00, 0x84, 0x12, 0x91, 
0x00, 0x04, 0x49, 0x22, 
0x00, 0x84, 0x01, 0x12, 
0xC0, 0x00, 0x00, 0x10, 
0x80, 0x4C, 0x9F, 0x6E, 
0xC0, 0x00, 0x00, 0x10, 
0x80, 0x0C, 0x1F, 0x6E, 
0x0B, 0x21, 0x0F, 0x63, 
0xC0, 0x00, 0x00, 0x10, 
0x81, 0xCC, 0x10, 0x3E, 
0x0A, 0x21, 0x0F, 0x64, 
0x00, 0x84, 0x30, 0x00, 
0xC0, 0x00, 0x00, 0x00, 
0x82, 0x0D, 0x0B, 0x5E, 
0x00, 0x00, 0xD8, 0x40, 
0xC0, 0x00, 0x00, 0x18, 
0x80, 0x10, 0x1F, 0x3E, 
0x06, 0x50, 0x40, 0x00, 
0x06, 0x00, 0x08, 0x00, 
0xC0, 0x00, 0x00, 0x18, 
0x80, 0xC0, 0x17, 0x5E, 
0xC0, 0x00, 0x00, 0x00, 
0x82, 0x0E, 0x03, 0x04, 
0xC0, 0x00, 0x00, 0x00, 
0x82, 0x1F, 0x0F, 0x65, 
0xC0, 0x00, 0x00, 0x18, 
0x81, 0x08, 0x11, 0x5E, 
0x06, 0x18, 0x40, 0x31, 
0xF1, 0x6C, 0x80, 0x01, 
0x88, 0x00, 0x01, 0x22, 
0xFC, 0x6C, 0x80, 0x21, 
0x81, 0x82, 0x04, 0x23, 
0xC0, 0x00, 0x00, 0x18, 
0x80, 0x84, 0x90, 0x4E, 
0xE0, 0x34, 0xA2, 0x05, 
0x81, 0x80, 0x01, 0x25, 
0xE0, 0x80, 0x00, 0x25, 
0x8C, 0x02, 0x04, 0x00, 
0x00, 0x84, 0x01, 0x19, 
0xC0, 0x00, 0x00, 0x10, 
0x80, 0xCC, 0x90, 0x6E, 
0xC0, 0x00, 0x00, 0x00, 
0x82, 0x0E, 0x03, 0x07, 
0xC0, 0x00, 0x00, 0x00, 
0x82, 0x1F, 0x0F, 0x6F, 
0xC0, 0x00, 0x00, 0x18, 
0x80, 0x88, 0x1C, 0xAE, 
0x06, 0x18, 0x40, 0x31, 
0xF1, 0x6C, 0x80, 0x01, 
0x88, 0x00, 0x01, 0x22, 
0xFC, 0x6C, 0x80, 0x21, 
0x81, 0x82, 0x04, 0x23, 
0xC0, 0x00, 0x00, 0x18, 
0x80, 0x04, 0x9F, 0xCE, 
0xE0, 0x34, 0xA2, 0x05, 
0x81, 0x80, 0x01, 0x25, 
0xE0, 0x80, 0x00, 0x25, 
0x8C, 0x02, 0x04, 0x00, 
0x00, 0x84, 0x01, 0x19, 
0xC0, 0x00, 0x00, 0x10, 
0x80, 0x4C, 0x9F, 0xEE, 
0x0C, 0x40, 0x29, 0x6E, 
0xC0, 0x00, 0x00, 0x18, 
0x80, 0x00, 0x1F, 0x7E, 
0x00, 0x04, 0x00, 0x80, 
0x00, 0x00, 0x00, 0x00, 
0xC0, 0x00, 0x00, 0x10, 
0x80, 0x4C, 0x1F, 0x8E, 
0x0C, 0x82, 0x29, 0x6F, 
0xC0, 0x00, 0x00, 0x10, 
0x80, 0x0C, 0x1F, 0x8E, 
0x30, 0x84, 0x30, 0x00, 
0xC0, 0x00, 0x00, 0x10, 
0x80, 0x4C, 0x1F, 0x9E, 
0xC0, 0x00, 0x00, 0x10, 
0x80, 0x0C, 0x9F, 0x9E, 
0x00, 0x00, 0xE0, 0xA9, 
0x00, 0x04, 0x45, 0x11, 
0xC0, 0x00, 0x00, 0x18, 
0x87, 0x90, 0x87, 0xBF, 
0xC0, 0x00, 0x00, 0x10, 
0x80, 0x1D, 0x9E, 0x4F, 
0x00, 0x84, 0x12, 0x13, 
0x00, 0x04, 0x49, 0x29, 
0x00, 0x84, 0x00, 0x32, 
0x00, 0x88, 0x20, 0x00, 
0x00, 0x00, 0x00, 0x22, 
0x0B, 0x61, 0xFD, 0x20, 
0xC0, 0x00, 0x24, 0x00, 
0x83, 0x02, 0xA3, 0x05, 
0x0C, 0x00, 0xFD, 0x2A, 
0x00, 0x04, 0x20, 0x08, 
0x0E, 0x07, 0x00, 0xE6, 
0xC0, 0x00, 0x00, 0x10, 
0xB7, 0xAC, 0x0A, 0x6F, 
0x00, 0x88, 0x20, 0x01, 
0x0E, 0x09, 0x0F, 0x79, 
0x00, 0x00, 0x00, 0x22, 
0xC0, 0x00, 0x00, 0x10, 
0x80, 0x5C, 0x1E, 0x4F, 
0x30, 0x84, 0x19, 0x9A, 
0xC0, 0x00, 0x00, 0x18, 
0x80, 0x02, 0x1E, 0x8F, 
0x00, 0x04, 0x61, 0x84, 
0xC0, 0x00, 0x00, 0x10, 
0x87, 0x8E, 0x07, 0xCF, 
0x00, 0x88, 0x18, 0x98, 
0x00, 0x00, 0x00, 0x2A, 
0xC0, 0x00, 0x00, 0x00, 
0x82, 0x0F, 0x0F, 0x7D, 
0x30, 0x00, 0xBC, 0xF8, 
0x30, 0x00, 0xB4, 0xEA, 
0x00, 0x88, 0x20, 0x01, 
0x00, 0x00, 0x00, 0x23, 
0xC0, 0x00, 0x2C, 0xB0, 
0x80, 0xFF, 0xFF, 0xFF, 
0x30, 0x85, 0x91, 0x10, 
0x00, 0x8C, 0x03, 0x94, 
0x00, 0x00, 0x00, 0x23, 
0x0F, 0x07, 0x00, 0xE6, 
0x30, 0x86, 0x05, 0x40, 
0x30, 0x88, 0x10, 0x35, 
0x30, 0x20, 0x03, 0x65, 
0x2A, 0x2D, 0xDC, 0xDC, 
0x00, 0x94, 0x02, 0x3A, 
0x00, 0xE6, 0x21, 0x03, 
0x00, 0x00, 0xD8, 0x61, 
0x00, 0x00, 0xE1, 0x2A, 
0x07, 0x04, 0x88, 0x00, 
0x00, 0x84, 0x12, 0x91, 
0x00, 0x04, 0x49, 0x22, 
0x00, 0x84, 0x01, 0x12, 
0xC0, 0x00, 0x00, 0x10, 
0x80, 0x4C, 0x9F, 0xAE, 
0xC0, 0x00, 0x00, 0x10, 
0x80, 0x0C, 0x1F, 0xAE, 
0x0B, 0x21, 0x0F, 0xA7, 
0xC0, 0x00, 0x00, 0x10, 
0x81, 0xCC, 0x10, 0xAE, 
0xC0, 0x00, 0x00, 0x10, 
0x80, 0x0F, 0x9F, 0x9E, 
0xC0, 0x00, 0x00, 0x10, 
0x81, 0xCF, 0x90, 0xDE, 
0xC0, 0x00, 0x00, 0x00, 
0x82, 0x1E, 0x03, 0x0B, 
0xC0, 0x00, 0x00, 0x00, 
0x82, 0x2C, 0x01, 0x4A, 
0xC0, 0x00, 0x00, 0x00, 
0x82, 0x0F, 0x0F, 0xA8, 
0xE0, 0xC0, 0x00, 0x00, 
0x80, 0x00, 0x44, 0x00, 
0xF0, 0x74, 0x80, 0x00, 
0x80, 0x02, 0x47, 0x03, 
0xFC, 0x68, 0x80, 0x01, 
0x8C, 0x02, 0x89, 0x02, 
0xE0, 0x00, 0x00, 0x07, 
0x80, 0x00, 0x00, 0x00, 
0xE0, 0x00, 0x20, 0x40, 
0x80, 0x00, 0x00, 0x00, 
0xE8, 0x80, 0x00, 0x00, 
0x80, 0x02, 0x84, 0x00, 
0xC0, 0x00, 0x00, 0x10, 
0x81, 0xCC, 0x11, 0x0E, 
0xF0, 0x74, 0x80, 0x00, 
0x80, 0x02, 0x47, 0x03, 
0xFC, 0x68, 0x80, 0x01, 
0x8C, 0x02, 0x89, 0x02, 
0xE0, 0x00, 0x00, 0x07, 
0x80, 0x00, 0x00, 0x00, 
0xE0, 0x00, 0x20, 0x40, 
0x80, 0x00, 0x00, 0x00, 
0xE8, 0x80, 0x00, 0x00, 
0x80, 0x02, 0x84, 0x00, 
0xC0, 0x00, 0x00, 0x10, 
0x80, 0x4C, 0x1F, 0xBE, 
0xC0, 0x00, 0x00, 0x00, 
0x82, 0x0F, 0x0F, 0xB2, 
0xC0, 0x00, 0x00, 0x10, 
0x80, 0x0C, 0x9F, 0xEE, 
0x0A, 0xE1, 0x29, 0x73, 
0x00, 0x00, 0xE0, 0x69, 
0x00, 0x04, 0x41, 0x10, 
0x0C, 0x40, 0x29, 0x70, 
0x00, 0x1C, 0x80, 0x40, 
0x00, 0x84, 0x08, 0x81, 
0x00, 0x8C, 0x18, 0x89, 
0x0A, 0xBD, 0xDC, 0x02, 
0x00, 0x00, 0x00, 0x2D, 
0xC0, 0x00, 0x29, 0xF3, 
0x88, 0x00, 0x00, 0x00, 
0xC0, 0x00, 0x2D, 0xB0, 
0x8A, 0x00, 0x00, 0x00, 
0xC0, 0x00, 0x25, 0xC0, 
0x81, 0x00, 0x00, 0x00, 
0x30, 0xE6, 0x68, 0x0F, 
0x0B, 0xE1, 0xFD, 0x20, 
0x0B, 0xE1, 0x29, 0x73, 
0x0A, 0xA1, 0xFD, 0x2A, 
0x00, 0x84, 0x08, 0x87, 
0x00, 0x84, 0x18, 0x8E, 
0x00, 0x04, 0x61, 0x8F, 
0x0C, 0x82, 0x29, 0x75, 
0x0A, 0x29, 0x29, 0x76, 
0x0A, 0xA9, 0x29, 0x72, 
0x20, 0xC5, 0x52, 0x2A, 
0x00, 0x88, 0x10, 0x28, 
0x0A, 0x2D, 0x29, 0x75, 
0x0A, 0x31, 0x29, 0x71, 
0x00, 0x20, 0x02, 0x48, 
0x00, 0x20, 0x02, 0x64, 
0x30, 0x85, 0x93, 0x30, 
0x00, 0xEE, 0x20, 0x02, 
0x00, 0x20, 0x01, 0x10, 
0x00, 0x00, 0xD8, 0x60, 
0x0A, 0x21, 0xDC, 0xAE, 
0x00, 0x94, 0x00, 0x20, 
0x00, 0x00, 0xE8, 0x68, 
0x00, 0x00, 0x20, 0x80, 
0x07, 0x04, 0x40, 0x00, 
0x00, 0x84, 0x19, 0x80, 
0x00, 0x04, 0x61, 0x98, 
0x00, 0x84, 0x00, 0x08, 
0xC0, 0x00, 0x00, 0x18, 
0x80, 0x00, 0x1F, 0xBE, 
0x00, 0x04, 0x45, 0x00, 
0x0B, 0x29, 0x29, 0x76, 
0x0B, 0x2D, 0x29, 0x75, 
0xC0, 0x00, 0x00, 0x10, 
0x80, 0xCC, 0x90, 0x1E, 
0xC0, 0x00, 0x00, 0x10, 
0x80, 0xCC, 0x10, 0x2E, 
0xC0, 0x00, 0x00, 0x10, 
0x80, 0x8C, 0x90, 0x2E, 
0x00, 0x00, 0xE0, 0xA9, 
0x00, 0x04, 0x45, 0x11, 
0xC0, 0x00, 0x00, 0x18, 
0x87, 0x90, 0x8E, 0xAF, 
0xC0, 0x00, 0x00, 0x10, 
0x80, 0x1D, 0x9E, 0x9F, 
0x00, 0x84, 0x12, 0x13, 
0x00, 0x04, 0x49, 0x29, 
0x00, 0x84, 0x00, 0x32, 
0x00, 0x88, 0x20, 0x00, 
0x00, 0x00, 0x00, 0x22, 
0x0B, 0x61, 0xFD, 0x20, 
0xC0, 0x00, 0x24, 0x00, 
0x83, 0x02, 0xA3, 0x05, 
0x0C, 0x00, 0xFD, 0x2A, 
0x00, 0x04, 0x20, 0x08, 
0x0E, 0x07, 0x00, 0xEB, 
0xC0, 0x00, 0x00, 0x10, 
0xB8, 0x2C, 0x01, 0x5F, 
0x00, 0x88, 0x20, 0x01, 
0x0E, 0x09, 0x0F, 0xE8, 
0x00, 0x00, 0x00, 0x22, 
0xC0, 0x00, 0x00, 0x10, 
0x80, 0x5C, 0x1E, 0x9F, 
0x30, 0x84, 0x19, 0x9A, 
0xC0, 0x00, 0x00, 0x18, 
0x80, 0x02, 0x1E, 0xDF, 
0x00, 0x04, 0x61, 0x84, 
0xC0, 0x00, 0x00, 0x10, 
0x87, 0x8E, 0x0E, 0xBF, 
0x00, 0x88, 0x18, 0x98, 
0x00, 0x00, 0x00, 0x2A, 
0xC0, 0x00, 0x00, 0x00, 
0x82, 0x0F, 0x0F, 0xEC, 
0x30, 0x00, 0xBC, 0xF8, 
0x30, 0x00, 0xB4, 0xEA, 
0x00, 0x88, 0x20, 0x01, 
0x00, 0x00, 0x00, 0x23, 
0xC0, 0x00, 0x2C, 0xB0, 
0x80, 0xFF, 0xFF, 0xFF, 
0x30, 0x85, 0x91, 0x10, 
0x00, 0x8C, 0x03, 0x94, 
0x00, 0x00, 0x00, 0x23, 
0x0F, 0x07, 0x00, 0xEB, 
0x30, 0x86, 0x05, 0x40, 
0x30, 0x88, 0x10, 0x35, 
0x30, 0x20, 0x03, 0x65, 
0x2A, 0x2D, 0xDC, 0xDC, 
0x00, 0x94, 0x02, 0x3A, 
0x00, 0xE6, 0x21, 0x03, 
0x00, 0x00, 0xD8, 0x61, 
0x00, 0x00, 0xE1, 0x2A, 
0x07, 0x04, 0x88, 0x00, 
0x00, 0x84, 0x12, 0x91, 
0x00, 0x04, 0x49, 0x22, 
0x00, 0x84, 0x01, 0x12, 
0xC0, 0x00, 0x00, 0x10, 
0x80, 0xCC, 0x90, 0x3E, 
0xC0, 0x00, 0x00, 0x10, 
0x80, 0x8C, 0x10, 0x3E, 
0x0B, 0x21, 0x10, 0x16, 
0xC0, 0x00, 0x00, 0x10, 
0x81, 0xCC, 0x11, 0x1E, 
0xC0, 0x00, 0x00, 0x00, 
0x82, 0x0C, 0x01, 0x56, 
0xC0, 0x00, 0x00, 0x00, 
0x82, 0x1E, 0x00, 0xFF, 
0xC0, 0x00, 0x00, 0x00, 
0x82, 0x6F, 0x10, 0x17, 
0xFD, 0x6A, 0x80, 0x00, 
0x80, 0x00, 0x00, 0xC3, 
0xF8, 0x74, 0x80, 0x03, 
0x81, 0x40, 0x41, 0xC5, 
0xFC, 0x6A, 0x80, 0x21, 
0x88, 0x00, 0x08, 0xC3, 
0xE0, 0x34, 0xA2, 0x07, 
0x80, 0x42, 0x09, 0xC5, 
0xFD, 0x6A, 0x80, 0x27, 
0x8A, 0x80, 0x08, 0xC3, 
0xE8, 0xB4, 0xA6, 0x43, 
0x81, 0x42, 0x09, 0xC5, 
0xFC, 0x6A, 0x80, 0x21, 
0x8F, 0x04, 0x08, 0xC3, 
0xE9, 0xB4, 0xA2, 0x07, 
0x80, 0x42, 0x09, 0xC5, 
0xE8, 0x80, 0x00, 0x27, 
0x8A, 0x82, 0x08, 0x00, 
0x00, 0x84, 0x01, 0x19, 
0x05, 0x5C, 0xD0, 0x00, 
0xC0, 0x00, 0x00, 0x10, 
0x80, 0xCC, 0x90, 0x7E, 
0xC0, 0x00, 0x00, 0x00, 
0x82, 0x0F, 0x10, 0x2B, 
0xC0, 0x00, 0x00, 0x10, 
0x80, 0x8C, 0x90, 0x6E, 
0x0A, 0xE1, 0x29, 0x7A, 
0x00, 0x00, 0xE0, 0x69, 
0x00, 0x04, 0x41, 0x10, 
0x0C, 0x40, 0x29, 0x77, 
0x00, 0x1C, 0x80, 0x40, 
0x00, 0x84, 0x08, 0x81, 
0x00, 0x8C, 0x18, 0x89, 
0x0A, 0xBD, 0xDC, 0x02, 
0x00, 0x00, 0x00, 0x2D, 
0xC0, 0x00, 0x29, 0xF3, 
0x88, 0x00, 0x00, 0x00, 
0xC0, 0x00, 0x2D, 0xB0, 
0x8A, 0x00, 0x00, 0x00, 
0xC0, 0x00, 0x25, 0xC0, 
0x81, 0x00, 0x00, 0x00, 
0x30, 0xE6, 0x68, 0x0F, 
0x0B, 0xE1, 0xFD, 0x20, 
0x0B, 0xE1, 0x29, 0x7A, 
0x0A, 0xA1, 0xFD, 0x2A, 
0x00, 0x84, 0x08, 0x87, 
0x00, 0x84, 0x18, 0x8E, 
0x00, 0x04, 0x61, 0x8F, 
0x0C, 0x82, 0x29, 0x7C, 
0x0A, 0x29, 0x29, 0x7D, 
0x0A, 0xA9, 0x29, 0x79, 
0x20, 0xC5, 0x52, 0x2A, 
0x00, 0x88, 0x10, 0x28, 
0x0A, 0x2D, 0x29, 0x7C, 
0x0A, 0x31, 0x29, 0x78, 
0x00, 0x20, 0x02, 0x48, 
0x00, 0x20, 0x02, 0x64, 
0x30, 0x85, 0x93, 0x30, 
0x00, 0xEE, 0x20, 0x02, 
0x00, 0x20, 0x01, 0x10, 
0x00, 0x00, 0xD8, 0x60, 
0x0A, 0x21, 0xDC, 0xAE, 
0x00, 0x94, 0x00, 0x20, 
0x00, 0x00, 0xE8, 0x68, 
0x00, 0x00, 0x20, 0x80, 
0x07, 0x04, 0x40, 0x00, 
0x00, 0x84, 0x19, 0x80, 
0x00, 0x04, 0x61, 0x98, 
0x00, 0x84, 0x00, 0x08, 
0xC0, 0x00, 0x00, 0x18, 
0x80, 0x80, 0x10, 0x7E, 
0x00, 0x04, 0x45, 0x00, 
0x0B, 0x29, 0x29, 0x7D, 
0x0B, 0x2D, 0x29, 0x7C, 
0xC0, 0x00, 0x00, 0x10, 
0x80, 0xCC, 0x90, 0x8E, 
0xC0, 0x00, 0x00, 0x10, 
0x80, 0xCC, 0x10, 0xAE, 
0xC0, 0x00, 0x00, 0x10, 
0x80, 0x8C, 0x90, 0x8E, 
0x00, 0x00, 0xE0, 0xA9, 
0x00, 0x04, 0x45, 0x11, 
0xC0, 0x00, 0x00, 0x18, 
0x88, 0x10, 0x86, 0x3F, 
0xC0, 0x00, 0x00, 0x10, 
0x80, 0x1D, 0x9E, 0xEF, 
0x00, 0x84, 0x12, 0x13, 
0x00, 0x04, 0x49, 0x29, 
0x00, 0x84, 0x00, 0x32, 
0x00, 0x88, 0x20, 0x00, 
0x00, 0x00, 0x00, 0x22, 
0x0B, 0x61, 0xFD, 0x20, 
0xC0, 0x00, 0x24, 0x00, 
0x83, 0x02, 0xA3, 0x05, 
0x0C, 0x00, 0xFD, 0x2A, 
0x00, 0x04, 0x20, 0x08, 
0x0E, 0x07, 0x00, 0xF0, 
0xC0, 0x00, 0x00, 0x10, 
0xB8, 0x2C, 0x08, 0xEF, 
0x00, 0x88, 0x20, 0x01, 
0x0E, 0x09, 0x10, 0x61, 
0x00, 0x00, 0x00, 0x22, 
0xC0, 0x00, 0x00, 0x10, 
0x80, 0x5C, 0x1E, 0xEF, 
0x30, 0x84, 0x19, 0x9A, 
0xC0, 0x00, 0x00, 0x18, 
0x80, 0x02, 0x1F, 0x2F, 
0x00, 0x04, 0x61, 0x84, 
0xC0, 0x00, 0x00, 0x10, 
0x88, 0x0E, 0x06, 0x4F, 
0x00, 0x88, 0x18, 0x98, 
0x00, 0x00, 0x00, 0x2A, 
0xC0, 0x00, 0x00, 0x00, 
0x82, 0x0F, 0x10, 0x65, 
0x30, 0x00, 0xBC, 0xF8, 
0x30, 0x00, 0xB4, 0xEA, 
0x00, 0x88, 0x20, 0x01, 
0x00, 0x00, 0x00, 0x23, 
0xC0, 0x00, 0x2C, 0xB0, 
0x80, 0xFF, 0xFF, 0xFF, 
0x30, 0x85, 0x91, 0x10, 
0x00, 0x8C, 0x03, 0x94, 
0x00, 0x00, 0x00, 0x23, 
0x0F, 0x07, 0x00, 0xF0, 
0x30, 0x86, 0x05, 0x40, 
0x30, 0x88, 0x10, 0x35, 
0x30, 0x20, 0x03, 0x65, 
0x2A, 0x2D, 0xDC, 0xDC, 
0x00, 0x94, 0x02, 0x3A, 
0x00, 0xE6, 0x21, 0x03, 
0x00, 0x00, 0xD8, 0x61, 
0x00, 0x00, 0xE1, 0x2A, 
0x07, 0x04, 0x88, 0x00, 
0x00, 0x84, 0x12, 0x91, 
0x00, 0x04, 0x49, 0x22, 
0x00, 0x84, 0x01, 0x12, 
0xC0, 0x00, 0x00, 0x10, 
0x80, 0xCC, 0x90, 0x9E, 
0xC0, 0x00, 0x00, 0x10, 
0x80, 0x8C, 0x10, 0x9E, 
0x0B, 0x21, 0x10, 0x8F, 
0xC0, 0x00, 0x00, 0x10, 
0x81, 0xCC, 0x11, 0x2E, 
0xC0, 0x00, 0x00, 0x10, 
0x80, 0x8C, 0x90, 0xAE, 
0x00, 0x00, 0xE0, 0xA9, 
0x00, 0x04, 0x45, 0x11, 
0xC0, 0x00, 0x00, 0x18, 
0x88, 0x10, 0x89, 0x2F, 
0xC0, 0x00, 0x00, 0x10, 
0x80, 0x1D, 0x9F, 0x3F, 
0x00, 0x84, 0x12, 0x13, 
0x00, 0x04, 0x49, 0x29, 
0x00, 0x84, 0x00, 0x32, 
0x00, 0x88, 0x20, 0x00, 
0x00, 0x00, 0x00, 0x22, 
0x0B, 0x61, 0xFD, 0x20, 
0xC0, 0x00, 0x24, 0x00, 
0x83, 0x02, 0xA3, 0x05, 
0x0C, 0x00, 0xFD, 0x2A, 
0x00, 0x04, 0x20, 0x08, 
0x0E, 0x07, 0x00, 0xF5, 
0xC0, 0x00, 0x00, 0x10, 
0xB8, 0x2C, 0x0B, 0xDF, 
0x00, 0x88, 0x20, 0x01, 
0x0E, 0x09, 0x10, 0x90, 
0x00, 0x00, 0x00, 0x22, 
0xC0, 0x00, 0x00, 0x10, 
0x80, 0x5C, 0x1F, 0x3F, 
0x30, 0x84, 0x19, 0x9A, 
0xC0, 0x00, 0x00, 0x18, 
0x80, 0x02, 0x1F, 0x7F, 
0x00, 0x04, 0x61, 0x84, 
0xC0, 0x00, 0x00, 0x10, 
0x88, 0x0E, 0x09, 0x3F, 
0x00, 0x88, 0x18, 0x98, 
0x00, 0x00, 0x00, 0x2A, 
0xC0, 0x00, 0x00, 0x00, 
0x82, 0x0F, 0x10, 0x94, 
0x30, 0x00, 0xBC, 0xF8, 
0x30, 0x00, 0xB4, 0xEA, 
0x00, 0x88, 0x20, 0x01, 
0x00, 0x00, 0x00, 0x23, 
0xC0, 0x00, 0x2C, 0xB0, 
0x80, 0xFF, 0xFF, 0xFF, 
0x30, 0x85, 0x91, 0x10, 
0x00, 0x8C, 0x03, 0x94, 
0x00, 0x00, 0x00, 0x23, 
0x0F, 0x07, 0x00, 0xF5, 
0x30, 0x86, 0x05, 0x40, 
0x30, 0x88, 0x10, 0x35, 
0x30, 0x20, 0x03, 0x65, 
0x2A, 0x2D, 0xDC, 0xDC, 
0x00, 0x94, 0x02, 0x3A, 
0x00, 0xE6, 0x21, 0x03, 
0x00, 0x00, 0xD8, 0x61, 
0x00, 0x00, 0xE1, 0x2A, 
0x07, 0x04, 0x88, 0x00, 
0x00, 0x84, 0x12, 0x91, 
0x00, 0x04, 0x49, 0x22, 
0x00, 0x84, 0x01, 0x12, 
0xC0, 0x00, 0x00, 0x10, 
0x80, 0xCC, 0x90, 0xBE, 
0xC0, 0x00, 0x00, 0x10, 
0x80, 0x8C, 0x10, 0xBE, 
0x0B, 0x21, 0x10, 0xBE, 
0xC0, 0x00, 0x00, 0x10, 
0x81, 0xCC, 0x11, 0x3E, 
0x0A, 0x21, 0x10, 0xBF, 
0x00, 0x84, 0x30, 0x00, 
0xC0, 0x00, 0x00, 0x00, 
0x82, 0x0D, 0x0B, 0x91, 
0x00, 0x00, 0xD8, 0x40, 
0xC0, 0x00, 0x00, 0x18, 
0x80, 0x90, 0x10, 0x8E, 
0x06, 0x50, 0x40, 0x00, 
0x06, 0x00, 0x08, 0x00, 
0xC0, 0x00, 0x00, 0x18, 
0x80, 0xC0, 0x17, 0x4E, 
0xC0, 0x00, 0x00, 0x00, 
0x82, 0x0E, 0x03, 0x14, 
0xC0, 0x00, 0x00, 0x00, 
0x82, 0x1F, 0x10, 0xC0, 
0xC0, 0x00, 0x00, 0x18, 
0x81, 0x08, 0x11, 0x0E, 
0x06, 0x18, 0x40, 0x31, 
0xF1, 0x6C, 0x80, 0x01, 
0x88, 0x00, 0x01, 0x22, 
0xFC, 0x6C, 0x80, 0x21, 
0x81, 0x82, 0x04, 0x23, 
0xC0, 0x00, 0x00, 0x18, 
0x80, 0x84, 0x91, 0x9E, 
0xE0, 0x34, 0xA2, 0x05, 
0x81, 0x80, 0x01, 0x25, 
0xE0, 0x80, 0x00, 0x25, 
0x8C, 0x02, 0x04, 0x00, 
0x00, 0x84, 0x01, 0x19, 
0xC0, 0x00, 0x00, 0x10, 
0x80, 0xCC, 0x91, 0xBE, 
0xC0, 0x00, 0x00, 0x00, 
0x82, 0x0E, 0x03, 0x17, 
0xC0, 0x00, 0x00, 0x00, 
0x82, 0x1F, 0x10, 0xCA, 
0xC0, 0x00, 0x00, 0x18, 
0x80, 0x88, 0x1C, 0x5E, 
0x06, 0x18, 0x40, 0x31, 
0xF1, 0x6C, 0x80, 0x01, 
0x88, 0x00, 0x01, 0x22, 
0xFC, 0x6C, 0x80, 0x21, 
0x81, 0x82, 0x04, 0x23, 
0xC0, 0x00, 0x00, 0x18, 
0x80, 0x84, 0x91, 0x1E, 
0xE0, 0x34, 0xA2, 0x05, 
0x81, 0x80, 0x01, 0x25, 
0xE0, 0x80, 0x00, 0x25, 
0x8C, 0x02, 0x04, 0x00, 
0x00, 0x84, 0x01, 0x19, 
0xC0, 0x00, 0x00, 0x10, 
0x80, 0xCC, 0x91, 0x3E, 
0x0C, 0x40, 0x29, 0x7E, 
0xC0, 0x00, 0x00, 0x18, 
0x80, 0x80, 0x10, 0xCE, 
0x00, 0x04, 0x00, 0x80, 
0x00, 0x00, 0x00, 0x00, 
0xC0, 0x00, 0x00, 0x10, 
0x80, 0xCC, 0x10, 0xDE, 
0x0C, 0x82, 0x29, 0x7F, 
0xC0, 0x00, 0x00, 0x10, 
0x80, 0x8C, 0x10, 0xDE, 
0x30, 0x84, 0x30, 0x00, 
0xC0, 0x00, 0x00, 0x10, 
0x80, 0xCC, 0x10, 0xEE, 
0xC0, 0x00, 0x00, 0x10, 
0x80, 0x8C, 0x90, 0xEE, 
0x00, 0x00, 0xE0, 0xA9, 
0x00, 0x04, 0x45, 0x11, 
0xC0, 0x00, 0x00, 0x18, 
0x88, 0x10, 0x8D, 0x6F, 
0xC0, 0x00, 0x00, 0x10, 
0x80, 0x1D, 0x9F, 0x8F, 
0x00, 0x84, 0x12, 0x13, 
0x00, 0x04, 0x49, 0x29, 
0x00, 0x84, 0x00, 0x32, 
0x00, 0x88, 0x20, 0x00, 
0x00, 0x00, 0x00, 0x22, 
0x0B, 0x61, 0xFD, 0x20, 
0xC0, 0x00, 0x24, 0x00, 
0x83, 0x02, 0xA3, 0x05, 
0x0C, 0x00, 0xFD, 0x2A, 
0x00, 0x04, 0x20, 0x08, 
0x0E, 0x07, 0x00, 0xFA, 
0xC0, 0x00, 0x00, 0x10, 
0xB8, 0xAC, 0x00, 0x1F, 
0x00, 0x88, 0x20, 0x01, 
0x0E, 0x09, 0x10, 0xD4, 
0x00, 0x00, 0x00, 0x22, 
0xC0, 0x00, 0x00, 0x10, 
0x80, 0x5C, 0x1F, 0x8F, 
0x30, 0x84, 0x19, 0x9A, 
0xC0, 0x00, 0x00, 0x18, 
0x80, 0x02, 0x1F, 0xCF, 
0x00, 0x04, 0x61, 0x84, 
0xC0, 0x00, 0x00, 0x10, 
0x88, 0x0E, 0x0D, 0x7F, 
0x00, 0x88, 0x18, 0x98, 
0x00, 0x00, 0x00, 0x2A, 
0xC0, 0x00, 0x00, 0x00, 
0x82, 0x0F, 0x10, 0xD8, 
0x30, 0x00, 0xBC, 0xF8, 
0x30, 0x00, 0xB4, 0xEA, 
0x00, 0x88, 0x20, 0x01, 
0x00, 0x00, 0x00, 0x23, 
0xC0, 0x00, 0x2C, 0xB0, 
0x80, 0xFF, 0xFF, 0xFF, 
0x30, 0x85, 0x91, 0x10, 
0x00, 0x8C, 0x03, 0x94, 
0x00, 0x00, 0x00, 0x23, 
0x0F, 0x07, 0x00, 0xFA, 
0x30, 0x86, 0x05, 0x40, 
0x30, 0x88, 0x10, 0x35, 
0x30, 0x20, 0x03, 0x65, 
0x2A, 0x2D, 0xDC, 0xDC, 
0x00, 0x94, 0x02, 0x3A, 
0x00, 0xE6, 0x21, 0x03, 
0x00, 0x00, 0xD8, 0x61, 
0x00, 0x00, 0xE1, 0x2A, 
0x07, 0x04, 0x88, 0x00, 
0x00, 0x84, 0x12, 0x91, 
0x00, 0x04, 0x49, 0x22, 
0x00, 0x84, 0x01, 0x12, 
0xC0, 0x00, 0x00, 0x10, 
0x80, 0xCC, 0x90, 0xFE, 
0xC0, 0x00, 0x00, 0x10, 
0x80, 0x8C, 0x10, 0xFE, 
0x0B, 0x21, 0x11, 0x02, 
0xC0, 0x00, 0x00, 0x10, 
0x81, 0xCC, 0x11, 0xAE, 
0xC0, 0x00, 0x00, 0x10, 
0x80, 0x8F, 0x90, 0xEE, 
0xC0, 0x00, 0x00, 0x10, 
0x81, 0xCF, 0x91, 0xDE, 
0xC0, 0x00, 0x00, 0x00, 
0x82, 0x1E, 0x03, 0x1B, 
0xC0, 0x00, 0x00, 0x00, 
0x82, 0x2C, 0x01, 0x68, 
0xC0, 0x00, 0x00, 0x00, 
0x82, 0x0F, 0x11, 0x03, 
0xE0, 0xC0, 0x00, 0x00, 
0x80, 0x00, 0x44, 0x00, 
0xF0, 0x74, 0x80, 0x00, 
0x80, 0x02, 0x47, 0x03, 
0xFC, 0x68, 0x80, 0x01, 
0x8C, 0x02, 0x89, 0x02, 
0xE0, 0x00, 0x00, 0x07, 
0x80, 0x00, 0x00, 0x00, 
0xE0, 0x00, 0x20, 0x40, 
0x80, 0x00, 0x00, 0x00, 
0xE8, 0x80, 0x00, 0x00, 
0x80, 0x02, 0x84, 0x00, 
0xC0, 0x00, 0x00, 0x10, 
0x81, 0xCC, 0x12, 0x0E, 
0xF0, 0x74, 0x80, 0x00, 
0x80, 0x02, 0x47, 0x03, 
0xFC, 0x68, 0x80, 0x01, 
0x8C, 0x02, 0x89, 0x02, 
0xE0, 0x00, 0x00, 0x07, 
0x80, 0x00, 0x00, 0x00, 
0xE0, 0x00, 0x20, 0x40, 
0x80, 0x00, 0x00, 0x00, 
0xE8, 0x80, 0x00, 0x00, 
0x80, 0x02, 0x84, 0x00, 
0xC0, 0x00, 0x00, 0x10, 
0x80, 0xCC, 0x11, 0x0E, 
0xC0, 0x00, 0x00, 0x00, 
0x82, 0x0F, 0x11, 0x0D, 
0xC0, 0x00, 0x00, 0x10, 
0x80, 0x8C, 0x91, 0x3E, 
0x0A, 0xE1, 0x29, 0x83, 
0x00, 0x00, 0xE0, 0x69, 
0x00, 0x04, 0x41, 0x10, 
0x0C, 0x40, 0x29, 0x80, 
0x00, 0x1C, 0x80, 0x40, 
0x00, 0x84, 0x08, 0x81, 
0x00, 0x8C, 0x18, 0x89, 
0x0A, 0xBD, 0xDC, 0x02, 
0x00, 0x00, 0x00, 0x2D, 
0xC0, 0x00, 0x29, 0xF3, 
0x88, 0x00, 0x00, 0x00, 
0xC0, 0x00, 0x2D, 0xB0, 
0x8A, 0x00, 0x00, 0x00, 
0xC0, 0x00, 0x25, 0xC0, 
0x81, 0x00, 0x00, 0x00, 
0x30, 0xE6, 0x68, 0x0F, 
0x0B, 0xE1, 0xFD, 0x20, 
0x0B, 0xE1, 0x29, 0x83, 
0x0A, 0xA1, 0xFD, 0x2A, 
0x00, 0x84, 0x08, 0x87, 
0x00, 0x84, 0x18, 0x8E, 
0x00, 0x04, 0x61, 0x8F, 
0x0C, 0x82, 0x29, 0x85, 
0x0A, 0x29, 0x29, 0x86, 
0x0A, 0xA9, 0x29, 0x82, 
0x20, 0xC5, 0x52, 0x2A, 
0x00, 0x88, 0x10, 0x28, 
0x0A, 0x2D, 0x29, 0x85, 
0x0A, 0x31, 0x29, 0x81, 
0x00, 0x20, 0x02, 0x48, 
0x00, 0x20, 0x02, 0x64, 
0x30, 0x85, 0x93, 0x30, 
0x00, 0xEE, 0x20, 0x02, 
0x00, 0x20, 0x01, 0x10, 
0x00, 0x00, 0xD8, 0x60, 
0x0A, 0x21, 0xDC, 0xAE, 
0x00, 0x94, 0x00, 0x20, 
0x00, 0x00, 0xE8, 0x68, 
0x00, 0x00, 0x20, 0x80, 
0x07, 0x04, 0x40, 0x00, 
0x00, 0x84, 0x19, 0x80, 
0x00, 0x04, 0x61, 0x98, 
0x00, 0x84, 0x00, 0x08, 
0xC0, 0x00, 0x00, 0x18, 
0x80, 0x80, 0x11, 0x0E, 
0x00, 0x04, 0x45, 0x00, 
0x0B, 0x29, 0x29, 0x86, 
0x0B, 0x2D, 0x29, 0x85, 
0xC0, 0x00, 0x00, 0x10, 
0x80, 0xCC, 0x91, 0x6E, 
0xC0, 0x00, 0x00, 0x10, 
0x80, 0xCC, 0x11, 0x7E, 
0xC0, 0x00, 0x00, 0x10, 
0x80, 0x8C, 0x91, 0x7E, 
0x00, 0x00, 0xE0, 0xA9, 
0x00, 0x04, 0x45, 0x11, 
0xC0, 0x00, 0x00, 0x18, 
0x88, 0x90, 0x84, 0x5F, 
0xC0, 0x00, 0x00, 0x10, 
0x80, 0x1D, 0x9F, 0xDF, 
0x00, 0x84, 0x12, 0x13, 
0x00, 0x04, 0x49, 0x29, 
0x00, 0x84, 0x00, 0x32, 
0x00, 0x88, 0x20, 0x00, 
0x00, 0x00, 0x00, 0x22, 
0x0B, 0x61, 0xFD, 0x20, 
0xC0, 0x00, 0x24, 0x00, 
0x83, 0x02, 0xA3, 0x05, 
0x0C, 0x00, 0xFD, 0x2A, 
0x00, 0x04, 0x20, 0x08, 
0x0E, 0x07, 0x00, 0xFF, 
0xC0, 0x00, 0x00, 0x10, 
0xB8, 0xAC, 0x07, 0x0F, 
0x00, 0x88, 0x20, 0x01, 
0x0E, 0x09, 0x11, 0x43, 
0x00, 0x00, 0x00, 0x22, 
0xC0, 0x00, 0x00, 0x10, 
0x80, 0x5C, 0x1F, 0xDF, 
0x30, 0x84, 0x19, 0x9A, 
0xC0, 0x00, 0x00, 0x18, 
0x80, 0x82, 0x10, 0x1F, 
0x00, 0x04, 0x61, 0x84, 
0xC0, 0x00, 0x00, 0x10, 
0x88, 0x8E, 0x04, 0x6F, 
0x00, 0x88, 0x18, 0x98, 
0x00, 0x00, 0x00, 0x2A, 
0xC0, 0x00, 0x00, 0x00, 
0x82, 0x0F, 0x11, 0x47, 
0x30, 0x00, 0xBC, 0xF8, 
0x30, 0x00, 0xB4, 0xEA, 
0x00, 0x88, 0x20, 0x01, 
0x00, 0x00, 0x00, 0x23, 
0xC0, 0x00, 0x2C, 0xB0, 
0x80, 0xFF, 0xFF, 0xFF, 
0x30, 0x85, 0x91, 0x10, 
0x00, 0x8C, 0x03, 0x94, 
0x00, 0x00, 0x00, 0x23, 
0x0F, 0x07, 0x00, 0xFF, 
0x30, 0x86, 0x05, 0x40, 
0x30, 0x88, 0x10, 0x35, 
0x30, 0x20, 0x03, 0x65, 
0x2A, 0x2D, 0xDC, 0xDC, 
0x00, 0x94, 0x02, 0x3A, 
0x00, 0xE6, 0x21, 0x03, 
0x00, 0x00, 0xD8, 0x61, 
0x00, 0x00, 0xE1, 0x2A, 
0x07, 0x04, 0x88, 0x00, 
0x00, 0x84, 0x12, 0x91, 
0x00, 0x04, 0x49, 0x22, 
0x00, 0x84, 0x01, 0x12, 
0xC0, 0x00, 0x00, 0x10, 
0x80, 0xCC, 0x91, 0x8E, 
0xC0, 0x00, 0x00, 0x10, 
0x80, 0x8C, 0x11, 0x8E, 
0x0B, 0x21, 0x11, 0x71, 
0xC0, 0x00, 0x00, 0x10, 
0x81, 0xCC, 0x12, 0x1E, 
0xC0, 0x00, 0x00, 0x00, 
0x82, 0x0C, 0x01, 0x74, 
0xC0, 0x00, 0x00, 0x00, 
0x82, 0x1E, 0x01, 0x14, 
0xC0, 0x00, 0x00, 0x00, 
0x82, 0x6F, 0x11, 0x72, 
0xFD, 0x6A, 0x80, 0x00, 
0x80, 0x00, 0x00, 0xC3, 
0xF8, 0x74, 0x80, 0x03, 
0x81, 0x40, 0x41, 0xC5, 
0xFC, 0x6A, 0x80, 0x21, 
0x88, 0x00, 0x08, 0xC3, 
0xE0, 0x34, 0xA2, 0x07, 
0x80, 0x42, 0x09, 0xC5, 
0xFD, 0x6A, 0x80, 0x27, 
0x8A, 0x80, 0x08, 0xC3, 
0xE8, 0xB4, 0xA6, 0x43, 
0x81, 0x42, 0x09, 0xC5, 
0xFC, 0x6A, 0x80, 0x21, 
0x8F, 0x04, 0x08, 0xC3, 
0xE9, 0xB4, 0xA2, 0x07, 
0x80, 0x42, 0x09, 0xC5, 
0xE8, 0x80, 0x00, 0x27, 
0x8A, 0x82, 0x08, 0x00, 
0x00, 0x84, 0x01, 0x19, 
0x05, 0x5C, 0xD0, 0x00, 
0xC0, 0x00, 0x00, 0x10, 
0x80, 0xCC, 0x91, 0xCE, 
0xC0, 0x00, 0x00, 0x00, 
0x82, 0x0F, 0x11, 0x86, 
0xC0, 0x00, 0x00, 0x10, 
0x80, 0x8C, 0x91, 0xBE, 
0x0A, 0xE1, 0x29, 0x8A, 
0x00, 0x00, 0xE0, 0x69, 
0x00, 0x04, 0x41, 0x10, 
0x0C, 0x40, 0x29, 0x87, 
0x00, 0x1C, 0x80, 0x40, 
0x00, 0x84, 0x08, 0x81, 
0x00, 0x8C, 0x18, 0x89, 
0x0A, 0xBD, 0xDC, 0x02, 
0x00, 0x00, 0x00, 0x2D, 
0xC0, 0x00, 0x29, 0xF3, 
0x88, 0x00, 0x00, 0x00, 
0xC0, 0x00, 0x2D, 0xB0, 
0x8A, 0x00, 0x00, 0x00, 
0xC0, 0x00, 0x25, 0xC0, 
0x81, 0x00, 0x00, 0x00, 
0x30, 0xE6, 0x68, 0x0F, 
0x0B, 0xE1, 0xFD, 0x20, 
0x0B, 0xE1, 0x29, 0x8A, 
0x0A, 0xA1, 0xFD, 0x2A, 
0x00, 0x84, 0x08, 0x87, 
0x00, 0x84, 0x18, 0x8E, 
0x00, 0x04, 0x61, 0x8F, 
0x0C, 0x82, 0x29, 0x8C, 
0x0A, 0x29, 0x29, 0x8D, 
0x0A, 0xA9, 0x29, 0x89, 
0x20, 0xC5, 0x52, 0x2A, 
0x00, 0x88, 0x10, 0x28, 
0x0A, 0x2D, 0x29, 0x8C, 
0x0A, 0x31, 0x29, 0x88, 
0x00, 0x20, 0x02, 0x48, 
0x00, 0x20, 0x02, 0x64, 
0x30, 0x85, 0x93, 0x30, 
0x00, 0xEE, 0x20, 0x02, 
0x00, 0x20, 0x01, 0x10, 
0x00, 0x00, 0xD8, 0x60, 
0x0A, 0x21, 0xDC, 0xAE, 
0x00, 0x94, 0x00, 0x20, 
0x00, 0x00, 0xE8, 0x68, 
0x00, 0x00, 0x20, 0x80, 
0x07, 0x04, 0x40, 0x00, 
0x00, 0x84, 0x19, 0x80, 
0x00, 0x04, 0x61, 0x98, 
0x00, 0x84, 0x00, 0x08, 
0xC0, 0x00, 0x00, 0x18, 
0x80, 0x80, 0x11, 0xCE, 
0x00, 0x04, 0x45, 0x00, 
0x0B, 0x29, 0x29, 0x8D, 
0x0B, 0x2D, 0x29, 0x8C, 
0xC0, 0x00, 0x00, 0x10, 
0x80, 0xCC, 0x91, 0xDE, 
0xC0, 0x00, 0x00, 0x10, 
0x80, 0xCC, 0x11, 0xFE, 
0xC0, 0x00, 0x00, 0x10, 
0x80, 0x8C, 0x91, 0xDE, 
0x00, 0x00, 0xE0, 0xA9, 
0x00, 0x04, 0x45, 0x11, 
0xC0, 0x00, 0x00, 0x18, 
0x88, 0x90, 0x8B, 0xEF, 
0xC0, 0x00, 0x00, 0x10, 
0x80, 0x9D, 0x90, 0x2F, 
0x00, 0x84, 0x12, 0x13, 
0x00, 0x04, 0x49, 0x29, 
0x00, 0x84, 0x00, 0x32, 
0x00, 0x88, 0x20, 0x00, 
0x00, 0x00, 0x00, 0x22, 
0x0B, 0x61, 0xFD, 0x20, 
0xC0, 0x00, 0x24, 0x00, 
0x83, 0x02, 0xA3, 0x05, 
0x0C, 0x00, 0xFD, 0x2A, 
0x00, 0x04, 0x20, 0x08, 
0x0E, 0x07, 0x01, 0x04, 
0xC0, 0x00, 0x00, 0x10, 
0xB8, 0xAC, 0x0E, 0x9F, 
0x00, 0x88, 0x20, 0x01, 
0x0E, 0x09, 0x11, 0xBC, 
0x00, 0x00, 0x00, 0x22, 
0xC0, 0x00, 0x00, 0x10, 
0x80, 0xDC, 0x10, 0x2F, 
0x30, 0x84, 0x19, 0x9A, 
0xC0, 0x00, 0x00, 0x18, 
0x80, 0x82, 0x10, 0x6F, 
0x00, 0x04, 0x61, 0x84, 
0xC0, 0x00, 0x00, 0x10, 
0x88, 0x8E, 0x0B, 0xFF, 
0x00, 0x88, 0x18, 0x98, 
0x00, 0x00, 0x00, 0x2A, 
0xC0, 0x00, 0x00, 0x00, 
0x82, 0x0F, 0x11, 0xC0, 
0x30, 0x00, 0xBC, 0xF8, 
0x30, 0x00, 0xB4, 0xEA, 
0x00, 0x88, 0x20, 0x01, 
0x00, 0x00, 0x00, 0x23, 
0xC0, 0x00, 0x2C, 0xB0, 
0x80, 0xFF, 0xFF, 0xFF, 
0x30, 0x85, 0x91, 0x10, 
0x00, 0x8C, 0x03, 0x94, 
0x00, 0x00, 0x00, 0x23, 
0x0F, 0x07, 0x01, 0x04, 
0x30, 0x86, 0x05, 0x40, 
0x30, 0x88, 0x10, 0x35, 
0x30, 0x20, 0x03, 0x65, 
0x2A, 0x2D, 0xDC, 0xDC, 
0x00, 0x94, 0x02, 0x3A, 
0x00, 0xE6, 0x21, 0x03, 
0x00, 0x00, 0xD8, 0x61, 
0x00, 0x00, 0xE1, 0x2A, 
0x07, 0x04, 0x88, 0x00, 
0x00, 0x84, 0x12, 0x91, 
0x00, 0x04, 0x49, 0x22, 
0x00, 0x84, 0x01, 0x12, 
0xC0, 0x00, 0x00, 0x10, 
0x80, 0xCC, 0x91, 0xEE, 
0xC0, 0x00, 0x00, 0x10, 
0x80, 0x8C, 0x11, 0xEE, 
0x0B, 0x21, 0x11, 0xEA, 
0xC0, 0x00, 0x00, 0x10, 
0x81, 0xCC, 0x12, 0x2E, 
0xC0, 0x00, 0x00, 0x10, 
0x80, 0x8C, 0x91, 0xFE, 
0x00, 0x00, 0xE0, 0xA9, 
0x00, 0x04, 0x45, 0x11, 
0xC0, 0x00, 0x00, 0x18, 
0x88, 0x90, 0x8E, 0xDF, 
0xC0, 0x00, 0x00, 0x10, 
0x80, 0x9D, 0x90, 0x7F, 
0x00, 0x84, 0x12, 0x13, 
0x00, 0x04, 0x49, 0x29, 
0x00, 0x84, 0x00, 0x32, 
0x00, 0x88, 0x20, 0x00, 
0x00, 0x00, 0x00, 0x22, 
0x0B, 0x61, 0xFD, 0x20, 
0xC0, 0x00, 0x24, 0x00, 
0x83, 0x02, 0xA3, 0x05, 
0x0C, 0x00, 0xFD, 0x2A, 
0x00, 0x04, 0x20, 0x08, 
0x0E, 0x07, 0x01, 0x09, 
0xC0, 0x00, 0x00, 0x10, 
0xB9, 0x2C, 0x01, 0x8F, 
0x00, 0x88, 0x20, 0x01, 
0x0E, 0x09, 0x11, 0xEB, 
0x00, 0x00, 0x00, 0x22, 
0xC0, 0x00, 0x00, 0x10, 
0x80, 0xDC, 0x10, 0x7F, 
0x30, 0x84, 0x19, 0x9A, 
0xC0, 0x00, 0x00, 0x18, 
0x80, 0x82, 0x10, 0xBF, 
0x00, 0x04, 0x61, 0x84, 
0xC0, 0x00, 0x00, 0x10, 
0x88, 0x8E, 0x0E, 0xEF, 
0x00, 0x88, 0x18, 0x98, 
0x00, 0x00, 0x00, 0x2A, 
0xC0, 0x00, 0x00, 0x00, 
0x82, 0x0F, 0x11, 0xEF, 
0x30, 0x00, 0xBC, 0xF8, 
0x30, 0x00, 0xB4, 0xEA, 
0x00, 0x88, 0x20, 0x01, 
0x00, 0x00, 0x00, 0x23, 
0xC0, 0x00, 0x2C, 0xB0, 
0x80, 0xFF, 0xFF, 0xFF, 
0x30, 0x85, 0x91, 0x10, 
0x00, 0x8C, 0x03, 0x94, 
0x00, 0x00, 0x00, 0x23, 
0x0F, 0x07, 0x01, 0x09, 
0x30, 0x86, 0x05, 0x40, 
0x30, 0x88, 0x10, 0x35, 
0x30, 0x20, 0x03, 0x65, 
0x2A, 0x2D, 0xDC, 0xDC, 
0x00, 0x94, 0x02, 0x3A, 
0x00, 0xE6, 0x21, 0x03, 
0x00, 0x00, 0xD8, 0x61, 
0x00, 0x00, 0xE1, 0x2A, 
0x07, 0x04, 0x88, 0x00, 
0x00, 0x84, 0x12, 0x91, 
0x00, 0x04, 0x49, 0x22, 
0x00, 0x84, 0x01, 0x12, 
0xC0, 0x00, 0x00, 0x10, 
0x80, 0xCC, 0x92, 0x0E, 
0xC0, 0x00, 0x00, 0x10, 
0x80, 0x8C, 0x12, 0x0E, 
0x0B, 0x21, 0x12, 0x19, 
0xC0, 0x00, 0x00, 0x10, 
0x81, 0xCC, 0x12, 0x3E, 
0x0A, 0x21, 0x12, 0x1A, 
0x00, 0x84, 0x30, 0x00, 
0xC0, 0x00, 0x00, 0x00, 
0x82, 0x0D, 0x0B, 0xC4, 
0x00, 0x00, 0xD8, 0x40, 
0xC0, 0x00, 0x00, 0x18, 
0x80, 0x90, 0x11, 0xDE, 
0x06, 0x50, 0x40, 0x00, 
0x06, 0x00, 0x08, 0x00, 
0xC0, 0x00, 0x00, 0x18, 
0x80, 0xC0, 0x17, 0x3E, 
0xC0, 0x00, 0x00, 0x00, 
0x82, 0x0E, 0x03, 0x24, 
0xC0, 0x00, 0x00, 0x00, 
0x82, 0x1F, 0x12, 0x1B, 
0xC0, 0x00, 0x00, 0x18, 
0x81, 0x08, 0x10, 0xBE, 
0x06, 0x18, 0x40, 0x31, 
0xF1, 0x6C, 0x80, 0x01, 
0x88, 0x00, 0x01, 0x22, 
0xFC, 0x6C, 0x80, 0x21, 
0x81, 0x82, 0x04, 0x23, 
0xC0, 0x00, 0x00, 0x18, 
0x80, 0x84, 0x92, 0xEE, 
0xE0, 0x34, 0xA2, 0x05, 
0x81, 0x80, 0x01, 0x25, 
0xE0, 0x80, 0x00, 0x25, 
0x8C, 0x02, 0x04, 0x00, 
0x00, 0x84, 0x01, 0x19, 
0xC0, 0x00, 0x00, 0x10, 
0x80, 0xCC, 0x93, 0x0E, 
0xC0, 0x00, 0x00, 0x00, 
0x82, 0x0E, 0x03, 0x27, 
0xC0, 0x00, 0x00, 0x00, 
0x82, 0x1F, 0x12, 0x25, 
0xC0, 0x00, 0x00, 0x18, 
0x80, 0x88, 0x1C, 0x0E, 
0x06, 0x18, 0x40, 0x31, 
0xF1, 0x6C, 0x80, 0x01, 
0x88, 0x00, 0x01, 0x22, 
0xFC, 0x6C, 0x80, 0x21, 
0x81, 0x82, 0x04, 0x23, 
0xC0, 0x00, 0x00, 0x18, 
0x80, 0x84, 0x92, 0x6E, 
0xE0, 0x34, 0xA2, 0x05, 
0x81, 0x80, 0x01, 0x25, 
0xE0, 0x80, 0x00, 0x25, 
0x8C, 0x02, 0x04, 0x00, 
0x00, 0x84, 0x01, 0x19, 
0xC0, 0x00, 0x00, 0x10, 
0x80, 0xCC, 0x92, 0x8E, 
0x0C, 0x40, 0x29, 0x8E, 
0xC0, 0x00, 0x00, 0x18, 
0x80, 0x80, 0x12, 0x1E, 
0x00, 0x04, 0x00, 0x80, 
0x00, 0x00, 0x00, 0x00, 
0xC0, 0x00, 0x00, 0x10, 
0x80, 0xCC, 0x12, 0x2E, 
0x0C, 0x82, 0x29, 0x8F, 
0xC0, 0x00, 0x00, 0x10, 
0x80, 0x8C, 0x12, 0x2E, 
0x30, 0x84, 0x30, 0x00, 
0xC0, 0x00, 0x00, 0x10, 
0x80, 0xCC, 0x12, 0x3E, 
0xC0, 0x00, 0x00, 0x10, 
0x80, 0x8C, 0x92, 0x3E, 
0x00, 0x00, 0xE0, 0xA9, 
0x00, 0x04, 0x45, 0x11, 
0xC0, 0x00, 0x00, 0x18, 
0x89, 0x10, 0x83, 0x1F, 
0xC0, 0x00, 0x00, 0x10, 
0x80, 0x9D, 0x90, 0xCF, 
0x00, 0x84, 0x12, 0x13, 
0x00, 0x04, 0x49, 0x29, 
0x00, 0x84, 0x00, 0x32, 
0x00, 0x88, 0x20, 0x00, 
0x00, 0x00, 0x00, 0x22, 
0x0B, 0x61, 0xFD, 0x20, 
0xC0, 0x00, 0x24, 0x00, 
0x83, 0x02, 0xA3, 0x05, 
0x0C, 0x00, 0xFD, 0x2A, 
0x00, 0x04, 0x20, 0x08, 
0x0E, 0x07, 0x01, 0x0E, 
0xC0, 0x00, 0x00, 0x10, 
0xB9, 0x2C, 0x05, 0xCF, 
0x00, 0x88, 0x20, 0x01, 
0x0E, 0x09, 0x12, 0x2F, 
0x00, 0x00, 0x00, 0x22, 
0xC0, 0x00, 0x00, 0x10, 
0x80, 0xDC, 0x10, 0xCF, 
0x30, 0x84, 0x19, 0x9A, 
0xC0, 0x00, 0x00, 0x18, 
0x80, 0x82, 0x11, 0x0F, 
0x00, 0x04, 0x61, 0x84, 
0xC0, 0x00, 0x00, 0x10, 
0x89, 0x0E, 0x03, 0x2F, 
0x00, 0x88, 0x18, 0x98, 
0x00, 0x00, 0x00, 0x2A, 
0xC0, 0x00, 0x00, 0x00, 
0x82, 0x0F, 0x12, 0x33, 
0x30, 0x00, 0xBC, 0xF8, 
0x30, 0x00, 0xB4, 0xEA, 
0x00, 0x88, 0x20, 0x01, 
0x00, 0x00, 0x00, 0x23, 
0xC0, 0x00, 0x2C, 0xB0, 
0x80, 0xFF, 0xFF, 0xFF, 
0x30, 0x85, 0x91, 0x10, 
0x00, 0x8C, 0x03, 0x94, 
0x00, 0x00, 0x00, 0x23, 
0x0F, 0x07, 0x01, 0x0E, 
0x30, 0x86, 0x05, 0x40, 
0x30, 0x88, 0x10, 0x35, 
0x30, 0x20, 0x03, 0x65, 
0x2A, 0x2D, 0xDC, 0xDC, 
0x00, 0x94, 0x02, 0x3A, 
0x00, 0xE6, 0x21, 0x03, 
0x00, 0x00, 0xD8, 0x61, 
0x00, 0x00, 0xE1, 0x2A, 
0x07, 0x04, 0x88, 0x00, 
0x00, 0x84, 0x12, 0x91, 
0x00, 0x04, 0x49, 0x22, 
0x00, 0x84, 0x01, 0x12, 
0xC0, 0x00, 0x00, 0x10, 
0x80, 0xCC, 0x92, 0x4E, 
0xC0, 0x00, 0x00, 0x10, 
0x80, 0x8C, 0x12, 0x4E, 
0x0B, 0x21, 0x12, 0x5D, 
0xC0, 0x00, 0x00, 0x10, 
0x81, 0xCC, 0x12, 0xAE, 
0xC0, 0x00, 0x00, 0x10, 
0x80, 0x8F, 0x92, 0x3E, 
0xC0, 0x00, 0x00, 0x10, 
0x81, 0xCF, 0x92, 0xDE, 
0xC0, 0x00, 0x00, 0x00, 
0x82, 0x1E, 0x03, 0x2B, 
0xC0, 0x00, 0x00, 0x00, 
0x82, 0x2C, 0x01, 0x86, 
0xC0, 0x00, 0x00, 0x00, 
0x82, 0x0F, 0x12, 0x5E, 
0xE0, 0xC0, 0x00, 0x00, 
0x80, 0x00, 0x44, 0x00, 
0xF0, 0x74, 0x80, 0x00, 
0x80, 0x02, 0x47, 0x03, 
0xFC, 0x68, 0x80, 0x01, 
0x8C, 0x02, 0x89, 0x02, 
0xE0, 0x00, 0x00, 0x07, 
0x80, 0x00, 0x00, 0x00, 
0xE0, 0x00, 0x20, 0x40, 
0x80, 0x00, 0x00, 0x00, 
0xE8, 0x80, 0x00, 0x00, 
0x80, 0x02, 0x84, 0x00, 
0xC0, 0x00, 0x00, 0x10, 
0x81, 0xCC, 0x13, 0x0E, 
0xF0, 0x74, 0x80, 0x00, 
0x80, 0x02, 0x47, 0x03, 
0xFC, 0x68, 0x80, 0x01, 
0x8C, 0x02, 0x89, 0x02, 
0xE0, 0x00, 0x00, 0x07, 
0x80, 0x00, 0x00, 0x00, 
0xE0, 0x00, 0x20, 0x40, 
0x80, 0x00, 0x00, 0x00, 
0xE8, 0x80, 0x00, 0x00, 
0x80, 0x02, 0x84, 0x00, 
0xC0, 0x00, 0x00, 0x10, 
0x80, 0xCC, 0x12, 0x5E, 
0xC0, 0x00, 0x00, 0x00, 
0x82, 0x0F, 0x12, 0x68, 
0xC0, 0x00, 0x00, 0x10, 
0x80, 0x8C, 0x92, 0x8E, 
0x0A, 0xE1, 0x29, 0x93, 
0x00, 0x00, 0xE0, 0x69, 
0x00, 0x04, 0x41, 0x10, 
0x0C, 0x40, 0x29, 0x90, 
0x00, 0x1C, 0x80, 0x40, 
0x00, 0x84, 0x08, 0x81, 
0x00, 0x8C, 0x18, 0x89, 
0x0A, 0xBD, 0xDC, 0x02, 
0x00, 0x00, 0x00, 0x2D, 
0xC0, 0x00, 0x29, 0xF3, 
0x88, 0x00, 0x00, 0x00, 
0xC0, 0x00, 0x2D, 0xB0, 
0x8A, 0x00, 0x00, 0x00, 
0xC0, 0x00, 0x25, 0xC0, 
0x81, 0x00, 0x00, 0x00, 
0x30, 0xE6, 0x68, 0x0F, 
0x0B, 0xE1, 0xFD, 0x20, 
0x0B, 0xE1, 0x29, 0x93, 
0x0A, 0xA1, 0xFD, 0x2A, 
0x00, 0x84, 0x08, 0x87, 
0x00, 0x84, 0x18, 0x8E, 
0x00, 0x04, 0x61, 0x8F, 
0x0C, 0x82, 0x29, 0x95, 
0x0A, 0x29, 0x29, 0x96, 
0x0A, 0xA9, 0x29, 0x92, 
0x20, 0xC5, 0x52, 0x2A, 
0x00, 0x88, 0x10, 0x28, 
0x0A, 0x2D, 0x29, 0x95, 
0x0A, 0x31, 0x29, 0x91, 
0x00, 0x20, 0x02, 0x48, 
0x00, 0x20, 0x02, 0x64, 
0x30, 0x85, 0x93, 0x30, 
0x00, 0xEE, 0x20, 0x02, 
0x00, 0x20, 0x01, 0x10, 
0x00, 0x00, 0xD8, 0x60, 
0x0A, 0x21, 0xDC, 0xAE, 
0x00, 0x94, 0x00, 0x20, 
0x00, 0x00, 0xE8, 0x68, 
0x00, 0x00, 0x20, 0x80, 
0x07, 0x04, 0x40, 0x00, 
0x00, 0x84, 0x19, 0x80, 
0x00, 0x04, 0x61, 0x98, 
0x00, 0x84, 0x00, 0x08, 
0xC0, 0x00, 0x00, 0x18, 
0x80, 0x80, 0x12, 0x5E, 
0x00, 0x04, 0x45, 0x00, 
0x0B, 0x29, 0x29, 0x96, 
0x0B, 0x2D, 0x29, 0x95, 
0xC0, 0x00, 0x00, 0x10, 
0x80, 0xCC, 0x92, 0xBE, 
0xC0, 0x00, 0x00, 0x10, 
0x80, 0xCC, 0x12, 0xCE, 
0xC0, 0x00, 0x00, 0x10, 
0x80, 0x8C, 0x92, 0xCE, 
0x00, 0x00, 0xE0, 0xA9, 
0x00, 0x04, 0x45, 0x11, 
0xC0, 0x00, 0x00, 0x18, 
0x89, 0x10, 0x8A, 0x0F, 
0xC0, 0x00, 0x00, 0x10, 
0x80, 0x9D, 0x91, 0x1F, 
0x00, 0x84, 0x12, 0x13, 
0x00, 0x04, 0x49, 0x29, 
0x00, 0x84, 0x00, 0x32, 
0x00, 0x88, 0x20, 0x00, 
0x00, 0x00, 0x00, 0x22, 
0x0B, 0x61, 0xFD, 0x20, 
0xC0, 0x00, 0x24, 0x00, 
0x83, 0x02, 0xA3, 0x05, 
0x0C, 0x00, 0xFD, 0x2A, 
0x00, 0x04, 0x20, 0x08, 
0x0E, 0x07, 0x01, 0x13, 
0xC0, 0x00, 0x00, 0x10, 
0xB9, 0x2C, 0x0C, 0xBF, 
0x00, 0x88, 0x20, 0x01, 
0x0E, 0x09, 0x12, 0x9E, 
0x00, 0x00, 0x00, 0x22, 
0xC0, 0x00, 0x00, 0x10, 
0x80, 0xDC, 0x11, 0x1F, 
0x30, 0x84, 0x19, 0x9A, 
0xC0, 0x00, 0x00, 0x18, 
0x80, 0x82, 0x11, 0x5F, 
0x00, 0x04, 0x61, 0x84, 
0xC0, 0x00, 0x00, 0x10, 
0x89, 0x0E, 0x0A, 0x1F, 
0x00, 0x88, 0x18, 0x98, 
0x00, 0x00, 0x00, 0x2A, 
0xC0, 0x00, 0x00, 0x00, 
0x82, 0x0F, 0x12, 0xA2, 
0x30, 0x00, 0xBC, 0xF8, 
0x30, 0x00, 0xB4, 0xEA, 
0x00, 0x88, 0x20, 0x01, 
0x00, 0x00, 0x00, 0x23, 
0xC0, 0x00, 0x2C, 0xB0, 
0x80, 0xFF, 0xFF, 0xFF, 
0x30, 0x85, 0x91, 0x10, 
0x00, 0x8C, 0x03, 0x94, 
0x00, 0x00, 0x00, 0x23, 
0x0F, 0x07, 0x01, 0x13, 
0x30, 0x86, 0x05, 0x40, 
0x30, 0x88, 0x10, 0x35, 
0x30, 0x20, 0x03, 0x65, 
0x2A, 0x2D, 0xDC, 0xDC, 
0x00, 0x94, 0x02, 0x3A, 
0x00, 0xE6, 0x21, 0x03, 
0x00, 0x00, 0xD8, 0x61, 
0x00, 0x00, 0xE1, 0x2A, 
0x07, 0x04, 0x88, 0x00, 
0x00, 0x84, 0x12, 0x91, 
0x00, 0x04, 0x49, 0x22, 
0x00, 0x84, 0x01, 0x12, 
0xC0, 0x00, 0x00, 0x10, 
0x80, 0xCC, 0x92, 0xDE, 
0xC0, 0x00, 0x00, 0x10, 
0x80, 0x8C, 0x12, 0xDE, 
0x0B, 0x21, 0x12, 0xCC, 
0xC0, 0x00, 0x00, 0x10, 
0x81, 0xCC, 0x13, 0x1E, 
0xC0, 0x00, 0x00, 0x00, 
0x82, 0x0C, 0x01, 0x92, 
0xC0, 0x00, 0x00, 0x00, 
0x82, 0x1E, 0x01, 0x29, 
0xC0, 0x00, 0x00, 0x00, 
0x82, 0x6F, 0x12, 0xCD, 
0xFD, 0x6A, 0x80, 0x00, 
0x80, 0x00, 0x00, 0xC3, 
0xF8, 0x74, 0x80, 0x03, 
0x81, 0x40, 0x41, 0xC5, 
0xFC, 0x6A, 0x80, 0x21, 
0x88, 0x00, 0x08, 0xC3, 
0xE0, 0x34, 0xA2, 0x07, 
0x80, 0x42, 0x09, 0xC5, 
0xFD, 0x6A, 0x80, 0x27, 
0x8A, 0x80, 0x08, 0xC3, 
0xE8, 0xB4, 0xA6, 0x43, 
0x81, 0x42, 0x09, 0xC5, 
0xFC, 0x6A, 0x80, 0x21, 
0x8F, 0x04, 0x08, 0xC3, 
0xE9, 0xB4, 0xA2, 0x07, 
0x80, 0x42, 0x09, 0xC5, 
0xE8, 0x80, 0x00, 0x27, 
0x8A, 0x82, 0x08, 0x00, 
0x00, 0x84, 0x01, 0x19, 
0x05, 0x5C, 0xD0, 0x00, 
0xC0, 0x00, 0x00, 0x10, 
0x80, 0xCC, 0x93, 0x1E, 
0xC0, 0x00, 0x00, 0x00, 
0x82, 0x0F, 0x12, 0xE1, 
0xC0, 0x00, 0x00, 0x10, 
0x80, 0x8C, 0x93, 0x0E, 
0x0A, 0xE1, 0x29, 0x9A, 
0x00, 0x00, 0xE0, 0x69, 
0x00, 0x04, 0x41, 0x10, 
0x0C, 0x40, 0x29, 0x97, 
0x00, 0x1C, 0x80, 0x40, 
0x00, 0x84, 0x08, 0x81, 
0x00, 0x8C, 0x18, 0x89, 
0x0A, 0xBD, 0xDC, 0x02, 
0x00, 0x00, 0x00, 0x2D, 
0xC0, 0x00, 0x29, 0xF3, 
0x88, 0x00, 0x00, 0x00, 
0xC0, 0x00, 0x2D, 0xB0, 
0x8A, 0x00, 0x00, 0x00, 
0xC0, 0x00, 0x25, 0xC0, 
0x81, 0x00, 0x00, 0x00, 
0x30, 0xE6, 0x68, 0x0F, 
0x0B, 0xE1, 0xFD, 0x20, 
0x0B, 0xE1, 0x29, 0x9A, 
0x0A, 0xA1, 0xFD, 0x2A, 
0x00, 0x84, 0x08, 0x87, 
0x00, 0x84, 0x18, 0x8E, 
0x00, 0x04, 0x61, 0x8F, 
0x0C, 0x82, 0x29, 0x9C, 
0x0A, 0x29, 0x29, 0x9D, 
0x0A, 0xA9, 0x29, 0x99, 
0x20, 0xC5, 0x52, 0x2A, 
0x00, 0x88, 0x10, 0x28, 
0x0A, 0x2D, 0x29, 0x9C, 
0x0A, 0x31, 0x29, 0x98, 
0x00, 0x20, 0x02, 0x48, 
0x00, 0x20, 0x02, 0x64, 
0x30, 0x85, 0x93, 0x30, 
0x00, 0xEE, 0x20, 0x02, 
0x00, 0x20, 0x01, 0x10, 
0x00, 0x00, 0xD8, 0x60, 
0x0A, 0x21, 0xDC, 0xAE, 
0x00, 0x94, 0x00, 0x20, 
0x00, 0x00, 0xE8, 0x68, 
0x00, 0x00, 0x20, 0x80, 
0x07, 0x04, 0x40, 0x00, 
0x00, 0x84, 0x19, 0x80, 
0x00, 0x04, 0x61, 0x98, 
0x00, 0x84, 0x00, 0x08, 
0xC0, 0x00, 0x00, 0x18, 
0x80, 0x80, 0x13, 0x1E, 
0x00, 0x04, 0x45, 0x00, 
0x0B, 0x29, 0x29, 0x9D, 
0x0B, 0x2D, 0x29, 0x9C, 
0xC0, 0x00, 0x00, 0x10, 
0x80, 0xCC, 0x93, 0x2E, 
0xC0, 0x00, 0x00, 0x10, 
0x80, 0xCC, 0x13, 0x4E, 
0xC0, 0x00, 0x00, 0x10, 
0x80, 0x8C, 0x93, 0x2E, 
0x00, 0x00, 0xE0, 0xA9, 
0x00, 0x04, 0x45, 0x11, 
0xC0, 0x00, 0x00, 0x18, 
0x89, 0x90, 0x81, 0x9F, 
0xC0, 0x00, 0x00, 0x10, 
0x80, 0x9D, 0x91, 0x6F, 
0x00, 0x84, 0x12, 0x13, 
0x00, 0x04, 0x49, 0x29, 
0x00, 0x84, 0x00, 0x32, 
0x00, 0x88, 0x20, 0x00, 
0x00, 0x00, 0x00, 0x22, 
0x0B, 0x61, 0xFD, 0x20, 
0xC0, 0x00, 0x24, 0x00, 
0x83, 0x02, 0xA3, 0x05, 
0x0C, 0x00, 0xFD, 0x2A, 
0x00, 0x04, 0x20, 0x08, 
0x0E, 0x07, 0x01, 0x18, 
0xC0, 0x00, 0x00, 0x10, 
0xB9, 0xAC, 0x04, 0x4F, 
0x00, 0x88, 0x20, 0x01, 
0x0E, 0x09, 0x13, 0x17, 
0x00, 0x00, 0x00, 0x22, 
0xC0, 0x00, 0x00, 0x10, 
0x80, 0xDC, 0x11, 0x6F, 
0x30, 0x84, 0x19, 0x9A, 
0xC0, 0x00, 0x00, 0x18, 
0x80, 0x82, 0x11, 0xAF, 
0x00, 0x04, 0x61, 0x84, 
0xC0, 0x00, 0x00, 0x10, 
0x89, 0x8E, 0x01, 0xAF, 
0x00, 0x88, 0x18, 0x98, 
0x00, 0x00, 0x00, 0x2A, 
0xC0, 0x00, 0x00, 0x00, 
0x82, 0x0F, 0x13, 0x1B, 
0x30, 0x00, 0xBC, 0xF8, 
0x30, 0x00, 0xB4, 0xEA, 
0x00, 0x88, 0x20, 0x01, 
0x00, 0x00, 0x00, 0x23, 
0xC0, 0x00, 0x2C, 0xB0, 
0x80, 0xFF, 0xFF, 0xFF, 
0x30, 0x85, 0x91, 0x10, 
0x00, 0x8C, 0x03, 0x94, 
0x00, 0x00, 0x00, 0x23, 
0x0F, 0x07, 0x01, 0x18, 
0x30, 0x86, 0x05, 0x40, 
0x30, 0x88, 0x10, 0x35, 
0x30, 0x20, 0x03, 0x65, 
0x2A, 0x2D, 0xDC, 0xDC, 
0x00, 0x94, 0x02, 0x3A, 
0x00, 0xE6, 0x21, 0x03, 
0x00, 0x00, 0xD8, 0x61, 
0x00, 0x00, 0xE1, 0x2A, 
0x07, 0x04, 0x88, 0x00, 
0x00, 0x84, 0x12, 0x91, 
0x00, 0x04, 0x49, 0x22, 
0x00, 0x84, 0x01, 0x12, 
0xC0, 0x00, 0x00, 0x10, 
0x80, 0xCC, 0x93, 0x3E, 
0xC0, 0x00, 0x00, 0x10, 
0x80, 0x8C, 0x13, 0x3E, 
0x0B, 0x21, 0x13, 0x45, 
0xC0, 0x00, 0x00, 0x10, 
0x81, 0xCC, 0x13, 0x2E, 
0xC0, 0x00, 0x00, 0x10, 
0x80, 0x8C, 0x93, 0x4E, 
0x00, 0x00, 0xE0, 0xA9, 
0x00, 0x04, 0x45, 0x11, 
0xC0, 0x00, 0x00, 0x18, 
0x89, 0x90, 0x84, 0x8F, 
0xC0, 0x00, 0x00, 0x10, 
0x80, 0x9D, 0x91, 0xBF, 
0x00, 0x84, 0x12, 0x13, 
0x00, 0x04, 0x49, 0x29, 
0x00, 0x84, 0x00, 0x32, 
0x00, 0x88, 0x20, 0x00, 
0x00, 0x00, 0x00, 0x22, 
0x0B, 0x61, 0xFD, 0x20, 
0xC0, 0x00, 0x24, 0x00, 
0x83, 0x02, 0xA3, 0x05, 
0x0C, 0x00, 0xFD, 0x2A, 
0x00, 0x04, 0x20, 0x08, 
0x0E, 0x07, 0x01, 0x1D, 
0xC0, 0x00, 0x00, 0x10, 
0xB9, 0xAC, 0x07, 0x3F, 
0x00, 0x88, 0x20, 0x01, 
0x0E, 0x09, 0x13, 0x46, 
0x00, 0x00, 0x00, 0x22, 
0xC0, 0x00, 0x00, 0x10, 
0x80, 0xDC, 0x11, 0xBF, 
0x30, 0x84, 0x19, 0x9A, 
0xC0, 0x00, 0x00, 0x18, 
0x80, 0x82, 0x11, 0xFF, 
0x00, 0x04, 0x61, 0x84, 
0xC0, 0x00, 0x00, 0x10, 
0x89, 0x8E, 0x04, 0x9F, 
0x00, 0x88, 0x18, 0x98, 
0x00, 0x00, 0x00, 0x2A, 
0xC0, 0x00, 0x00, 0x00, 
0x82, 0x0F, 0x13, 0x4A, 
0x30, 0x00, 0xBC, 0xF8, 
0x30, 0x00, 0xB4, 0xEA, 
0x00, 0x88, 0x20, 0x01, 
0x00, 0x00, 0x00, 0x23, 
0xC0, 0x00, 0x2C, 0xB0, 
0x80, 0xFF, 0xFF, 0xFF, 
0x30, 0x85, 0x91, 0x10, 
0x00, 0x8C, 0x03, 0x94, 
0x00, 0x00, 0x00, 0x23, 
0x0F, 0x07, 0x01, 0x1D, 
0x30, 0x86, 0x05, 0x40, 
0x30, 0x88, 0x10, 0x35, 
0x30, 0x20, 0x03, 0x65, 
0x2A, 0x2D, 0xDC, 0xDC, 
0x00, 0x94, 0x02, 0x3A, 
0x00, 0xE6, 0x21, 0x03, 
0x00, 0x00, 0xD8, 0x61, 
0x00, 0x00, 0xE1, 0x2A, 
0x07, 0x04, 0x88, 0x00, 
0x00, 0x84, 0x12, 0x91, 
0x00, 0x04, 0x49, 0x22, 
0x00, 0x84, 0x01, 0x12, 
0xC0, 0x00, 0x00, 0x10, 
0x80, 0xCC, 0x93, 0x5E, 
0xC0, 0x00, 0x00, 0x10, 
0x80, 0x8C, 0x13, 0x5E, 
0x0B, 0x21, 0x13, 0x74, 
0xC0, 0x00, 0x00, 0x10, 
0x81, 0xCC, 0x13, 0x3E, 
0x0A, 0x21, 0x13, 0x75, 
0x00, 0x84, 0x30, 0x00, 
0xC0, 0x00, 0x00, 0x00, 
0x82, 0x0D, 0x0B, 0xF7, 
0x00, 0x00, 0xD8, 0x40, 
0xC0, 0x00, 0x00, 0x18, 
0x80, 0x90, 0x13, 0x2E, 
0x06, 0x50, 0x40, 0x00, 
0x06, 0x00, 0x08, 0x00, 
0xC0, 0x00, 0x00, 0x18, 
0x80, 0xC0, 0x17, 0x2E, 
0xC0, 0x00, 0x00, 0x00, 
0x82, 0x0F, 0x13, 0x96, 
0xC0, 0x00, 0x00, 0x18, 
0x80, 0x80, 0x16, 0x8E, 
0xC0, 0x00, 0x00, 0x18, 
0x80, 0x80, 0x95, 0x0E, 
0xC0, 0x00, 0x00, 0x18, 
0x80, 0x81, 0x13, 0x1E, 
0xC0, 0x00, 0x00, 0x18, 
0x80, 0x81, 0x91, 0xCE, 
0x06, 0x4C, 0x40, 0x40, 
0xC0, 0x00, 0x00, 0x18, 
0x80, 0x80, 0x10, 0x7E, 
0xC0, 0x00, 0x00, 0x18, 
0x80, 0x00, 0x9F, 0x2E, 
0xC0, 0x00, 0x00, 0x18, 
0x80, 0x01, 0x1D, 0xDE, 
0xC0, 0x00, 0x00, 0x18, 
0x80, 0x01, 0x9C, 0x8E, 
0x06, 0x4C, 0x40, 0x40, 
0xC0, 0x00, 0x00, 0x18, 
0x80, 0x00, 0x1B, 0x3E, 
0xC0, 0x00, 0x00, 0x18, 
0x80, 0x00, 0x99, 0xEE, 
0xC0, 0x00, 0x00, 0x18, 
0x80, 0x01, 0x18, 0x9E, 
0x06, 0x01, 0x97, 0x4E, 
0x06, 0x4C, 0x40, 0x40, 
0x06, 0x00, 0x15, 0xFE, 
0x06, 0x00, 0x94, 0xAE, 
0x06, 0x01, 0x13, 0x5E, 
0x06, 0x01, 0x92, 0x0E, 
0x06, 0x4C, 0x40, 0x40, 
0xC0, 0x00, 0x00, 0x00, 
0x82, 0x0F, 0x13, 0x96, 
0xC0, 0x00, 0x00, 0x00, 
0x82, 0x1F, 0x13, 0x86, 
0x05, 0x0C, 0x40, 0x11, 
0x00, 0x00, 0xD8, 0x40, 
0x0C, 0x00, 0x13, 0x76, 
0x05, 0x0C, 0x88, 0x00, 
0x00, 0x04, 0x45, 0x10, 
0x05, 0x0C, 0x40, 0x11, 
0xC0, 0x00, 0x00, 0x10, 
0x80, 0xCC, 0x93, 0x6E, 
0x00, 0x00, 0xD8, 0x40, 
0x0C, 0x00, 0x13, 0x77, 
0x05, 0x0C, 0x88, 0x00, 
0x00, 0x04, 0x45, 0x10, 
0x05, 0x0C, 0x40, 0x11, 
0xC0, 0x00, 0x00, 0x10, 
0x80, 0xCC, 0x93, 0x7E, 
0x00, 0x00, 0xD8, 0x40, 
0x0C, 0x00, 0x13, 0x78, 
0x05, 0x0C, 0x88, 0x00, 
0x00, 0x04, 0x45, 0x10, 
0x05, 0x0C, 0x40, 0x11, 
0xC0, 0x00, 0x00, 0x10, 
0x80, 0xCC, 0x93, 0x8E, 
0x00, 0x00, 0xD8, 0x40, 
0x0C, 0x00, 0x13, 0x79, 
0x05, 0x0C, 0x88, 0x00, 
0x00, 0x04, 0x45, 0x10, 
0x05, 0x0C, 0x40, 0x11, 
0xC0, 0x00, 0x00, 0x10, 
0x80, 0xCC, 0x93, 0x9E, 
0x00, 0x00, 0xD8, 0x40, 
0x0C, 0x00, 0x13, 0x7A, 
0x05, 0x0C, 0x88, 0x00, 
0x00, 0x04, 0x45, 0x10, 
0x05, 0x0C, 0x40, 0x11, 
0xC0, 0x00, 0x00, 0x10, 
0x80, 0xCC, 0x93, 0xAE, 
0x00, 0x00, 0xD8, 0x40, 
0x0C, 0x00, 0x13, 0x7B, 
0x05, 0x0C, 0x88, 0x00, 
0x00, 0x04, 0x45, 0x10, 
0x05, 0x0C, 0x40, 0x11, 
0xC0, 0x00, 0x00, 0x10, 
0x80, 0xCC, 0x93, 0xBE, 
0x00, 0x00, 0xD8, 0x40, 
0x0C, 0x00, 0x13, 0x7C, 
0x05, 0x0C, 0x88, 0x00, 
0x00, 0x04, 0x45, 0x10, 
0x05, 0x0C, 0x40, 0x11, 
0xC0, 0x00, 0x00, 0x10, 
0x80, 0xCC, 0x93, 0xCE, 
0x00, 0x00, 0xD8, 0x40, 
0x0C, 0x00, 0x13, 0x7D, 
0x05, 0x0C, 0x88, 0x00, 
0x00, 0x04, 0x45, 0x10, 
0x05, 0x0C, 0x40, 0x11, 
0xC0, 0x00, 0x00, 0x10, 
0x80, 0xCC, 0x93, 0xDE, 
0x00, 0x00, 0xD8, 0x40, 
0x0C, 0x00, 0x13, 0x7E, 
0x05, 0x0C, 0x88, 0x00, 
0x00, 0x04, 0x45, 0x10, 
0x05, 0x0C, 0x40, 0x11, 
0xC0, 0x00, 0x00, 0x10, 
0x80, 0xCC, 0x93, 0xEE, 
0x00, 0x00, 0xD8, 0x40, 
0x0C, 0x00, 0x13, 0x7F, 
0x05, 0x0C, 0x88, 0x00, 
0x00, 0x04, 0x45, 0x10, 
0x05, 0x0C, 0x40, 0x11, 
0xC0, 0x00, 0x00, 0x10, 
0x80, 0xCC, 0x93, 0xFE, 
0x00, 0x00, 0xD8, 0x40, 
0x0C, 0x00, 0x13, 0x80, 
0x05, 0x0C, 0x88, 0x00, 
0x00, 0x04, 0x45, 0x10, 
0x05, 0x0C, 0x40, 0x11, 
0xC0, 0x00, 0x00, 0x10, 
0x80, 0xCC, 0x94, 0x0E, 
0x00, 0x00, 0xD8, 0x40, 
0x0C, 0x00, 0x13, 0x81, 
0x05, 0x0C, 0x88, 0x00, 
0x00, 0x04, 0x45, 0x10, 
0x05, 0x0C, 0x40, 0x11, 
0xC0, 0x00, 0x00, 0x10, 
0x80, 0xCC, 0x94, 0x1E, 
0x00, 0x00, 0xD8, 0x40, 
0x0C, 0x00, 0x13, 0x82, 
0x05, 0x0C, 0x88, 0x00, 
0x00, 0x04, 0x45, 0x10, 
0x05, 0x0C, 0x40, 0x11, 
0xC0, 0x00, 0x00, 0x10, 
0x80, 0xCC, 0x94, 0x2E, 
0x00, 0x00, 0xD8, 0x40, 
0x0C, 0x00, 0x13, 0x83, 
0x05, 0x0C, 0x88, 0x00, 
0x00, 0x04, 0x45, 0x10, 
0x05, 0x0C, 0x40, 0x11, 
0xC0, 0x00, 0x00, 0x10, 
0x80, 0xCC, 0x94, 0x3E, 
0x00, 0x00, 0xD8, 0x40, 
0x0C, 0x00, 0x13, 0x84, 
0x05, 0x0C, 0x88, 0x00, 
0x00, 0x04, 0x45, 0x10, 
0x05, 0x0C, 0x40, 0x11, 
0xC0, 0x00, 0x00, 0x10, 
0x80, 0xCC, 0x94, 0x4E, 
0x00, 0x00, 0xD8, 0x40, 
0x0C, 0x00, 0x13, 0x85, 
0x05, 0x0C, 0x88, 0x00, 
0x00, 0x04, 0x45, 0x10, 
0x00, 0x00, 0x00, 0x00, 
0xC0, 0x00, 0x00, 0x10, 
0x80, 0xCC, 0x94, 0x5E, 
0xC0, 0x00, 0x00, 0x00, 
0x82, 0x0E, 0x03, 0x34, 
0xC0, 0x00, 0x00, 0x00, 
0x82, 0x1F, 0x13, 0xA6, 
0xC0, 0x00, 0x00, 0x18, 
0x81, 0x08, 0x10, 0x6E, 
0x06, 0x18, 0x40, 0x31, 
0xF1, 0x6C, 0x80, 0x01, 
0x88, 0x00, 0x01, 0x22, 
0xFC, 0x6C, 0x80, 0x21, 
0x81, 0x82, 0x04, 0x23, 
0xC0, 0x00, 0x00, 0x18, 
0x80, 0x84, 0x95, 0x4E, 
0xE0, 0x34, 0xA2, 0x05, 
0x81, 0x80, 0x01, 0x25, 
0xE0, 0x80, 0x00, 0x25, 
0x8C, 0x02, 0x04, 0x00, 
0x00, 0x84, 0x01, 0x19, 
0xC0, 0x00, 0x00, 0x10, 
0x80, 0xCC, 0x95, 0x6E, 
0xC0, 0x00, 0x00, 0x00, 
0x82, 0x0E, 0x03, 0x37, 
0xC0, 0x00, 0x00, 0x00, 
0x82, 0x1F, 0x13, 0xB0, 
0xC0, 0x00, 0x00, 0x18, 
0x80, 0x88, 0x1B, 0xBE, 
0x06, 0x18, 0x40, 0x31, 
0xF1, 0x6C, 0x80, 0x01, 
0x88, 0x00, 0x01, 0x22, 
0xFC, 0x6C, 0x80, 0x21, 
0x81, 0x82, 0x04, 0x23, 
0xC0, 0x00, 0x00, 0x18, 
0x80, 0x84, 0x94, 0xBE, 
0xE0, 0x34, 0xA2, 0x05, 
0x81, 0x80, 0x01, 0x25, 
0xE0, 0x80, 0x00, 0x25, 
0x8C, 0x02, 0x04, 0x00, 
0x00, 0x84, 0x01, 0x19, 
0xC0, 0x00, 0x00, 0x10, 
0x80, 0xCC, 0x94, 0xDE, 
0x0C, 0x40, 0x29, 0x9E, 
0xC0, 0x00, 0x00, 0x18, 
0x80, 0x80, 0x14, 0x6E, 
0x00, 0x04, 0x00, 0x80, 
0x00, 0x00, 0x00, 0x00, 
0xC0, 0x00, 0x00, 0x10, 
0x80, 0xCC, 0x14, 0x7E, 
0x0C, 0x82, 0x29, 0x9F, 
0xC0, 0x00, 0x00, 0x10, 
0x80, 0x8C, 0x14, 0x7E, 
0x30, 0x84, 0x30, 0x00, 
0xC0, 0x00, 0x00, 0x10, 
0x80, 0xCC, 0x14, 0x8E, 
0xC0, 0x00, 0x00, 0x10, 
0x80, 0x8C, 0x94, 0x8E, 
0x00, 0x00, 0xE0, 0xA9, 
0x00, 0x04, 0x45, 0x11, 
0xC0, 0x00, 0x00, 0x18, 
0x89, 0x90, 0x8B, 0xCF, 
0xC0, 0x00, 0x00, 0x10, 
0x80, 0x9D, 0x92, 0x0F, 
0x00, 0x84, 0x12, 0x13, 
0x00, 0x04, 0x49, 0x29, 
0x00, 0x84, 0x00, 0x32, 
0x00, 0x88, 0x20, 0x00, 
0x00, 0x00, 0x00, 0x22, 
0x0B, 0x61, 0xFD, 0x20, 
0xC0, 0x00, 0x24, 0x00, 
0x83, 0x02, 0xA3, 0x05, 
0x0C, 0x00, 0xFD, 0x2A, 
0x00, 0x04, 0x20, 0x08, 
0x0E, 0x07, 0x01, 0x22, 
0xC0, 0x00, 0x00, 0x10, 
0xB9, 0xAC, 0x0E, 0x7F, 
0x00, 0x88, 0x20, 0x01, 
0x0E, 0x09, 0x13, 0xBA, 
0x00, 0x00, 0x00, 0x22, 
0xC0, 0x00, 0x00, 0x10, 
0x80, 0xDC, 0x12, 0x0F, 
0x30, 0x84, 0x19, 0x9A, 
0xC0, 0x00, 0x00, 0x18, 
0x80, 0x82, 0x12, 0x4F, 
0x00, 0x04, 0x61, 0x84, 
0xC0, 0x00, 0x00, 0x10, 
0x89, 0x8E, 0x0B, 0xDF, 
0x00, 0x88, 0x18, 0x98, 
0x00, 0x00, 0x00, 0x2A, 
0xC0, 0x00, 0x00, 0x00, 
0x82, 0x0F, 0x13, 0xBE, 
0x30, 0x00, 0xBC, 0xF8, 
0x30, 0x00, 0xB4, 0xEA, 
0x00, 0x88, 0x20, 0x01, 
0x00, 0x00, 0x00, 0x23, 
0xC0, 0x00, 0x2C, 0xB0, 
0x80, 0xFF, 0xFF, 0xFF, 
0x30, 0x85, 0x91, 0x10, 
0x00, 0x8C, 0x03, 0x94, 
0x00, 0x00, 0x00, 0x23, 
0x0F, 0x07, 0x01, 0x22, 
0x30, 0x86, 0x05, 0x40, 
0x30, 0x88, 0x10, 0x35, 
0x30, 0x20, 0x03, 0x65, 
0x2A, 0x2D, 0xDC, 0xDC, 
0x00, 0x94, 0x02, 0x3A, 
0x00, 0xE6, 0x21, 0x03, 
0x00, 0x00, 0xD8, 0x61, 
0x00, 0x00, 0xE1, 0x2A, 
0x07, 0x04, 0x88, 0x00, 
0x00, 0x84, 0x12, 0x91, 
0x00, 0x04, 0x49, 0x22, 
0x00, 0x84, 0x01, 0x12, 
0xC0, 0x00, 0x00, 0x10, 
0x80, 0xCC, 0x94, 0x9E, 
0xC0, 0x00, 0x00, 0x10, 
0x80, 0x8C, 0x14, 0x9E, 
0x0B, 0x21, 0x13, 0xE8, 
0xC0, 0x00, 0x00, 0x10, 
0x81, 0xCC, 0x13, 0xAE, 
0xC0, 0x00, 0x00, 0x10, 
0x80, 0x8F, 0x94, 0x8E, 
0xC0, 0x00, 0x00, 0x10, 
0x81, 0xCF, 0x93, 0xDE, 
0xC0, 0x00, 0x00, 0x00, 
0x82, 0x1E, 0x03, 0x3B, 
0xC0, 0x00, 0x00, 0x00, 
0x82, 0x2C, 0x01, 0xA4, 
0xC0, 0x00, 0x00, 0x00, 
0x82, 0x0F, 0x13, 0xE9, 
0xE0, 0xC0, 0x00, 0x00, 
0x80, 0x00, 0x44, 0x00, 
0xF0, 0x74, 0x80, 0x00, 
0x80, 0x02, 0x47, 0x03, 
0xFC, 0x68, 0x80, 0x01, 
0x8C, 0x02, 0x89, 0x02, 
0xE0, 0x00, 0x00, 0x07, 
0x80, 0x00, 0x00, 0x00, 
0xE0, 0x00, 0x20, 0x40, 
0x80, 0x00, 0x00, 0x00, 
0xE8, 0x80, 0x00, 0x00, 
0x80, 0x02, 0x84, 0x00, 
0xC0, 0x00, 0x00, 0x10, 
0x81, 0xCC, 0x14, 0x0E, 
0xF0, 0x74, 0x80, 0x00, 
0x80, 0x02, 0x47, 0x03, 
0xFC, 0x68, 0x80, 0x01, 
0x8C, 0x02, 0x89, 0x02, 
0xE0, 0x00, 0x00, 0x07, 
0x80, 0x00, 0x00, 0x00, 
0xE0, 0x00, 0x20, 0x40, 
0x80, 0x00, 0x00, 0x00, 
0xE8, 0x80, 0x00, 0x00, 
0x80, 0x02, 0x84, 0x00, 
0xC0, 0x00, 0x00, 0x10, 
0x80, 0xCC, 0x14, 0xAE, 
0xC0, 0x00, 0x00, 0x00, 
0x82, 0x0F, 0x13, 0xF3, 
0xC0, 0x00, 0x00, 0x10, 
0x80, 0x8C, 0x94, 0xDE, 
0x0A, 0xE1, 0x29, 0xA3, 
0x00, 0x00, 0xE0, 0x69, 
0x00, 0x04, 0x41, 0x10, 
0x0C, 0x40, 0x29, 0xA0, 
0x00, 0x1C, 0x80, 0x40, 
0x00, 0x84, 0x08, 0x81, 
0x00, 0x8C, 0x18, 0x89, 
0x0A, 0xBD, 0xDC, 0x02, 
0x00, 0x00, 0x00, 0x2D, 
0xC0, 0x00, 0x29, 0xF3, 
0x88, 0x00, 0x00, 0x00, 
0xC0, 0x00, 0x2D, 0xB0, 
0x8A, 0x00, 0x00, 0x00, 
0xC0, 0x00, 0x25, 0xC0, 
0x81, 0x00, 0x00, 0x00, 
0x30, 0xE6, 0x68, 0x0F, 
0x0B, 0xE1, 0xFD, 0x20, 
0x0B, 0xE1, 0x29, 0xA3, 
0x0A, 0xA1, 0xFD, 0x2A, 
0x00, 0x84, 0x08, 0x87, 
0x00, 0x84, 0x18, 0x8E, 
0x00, 0x04, 0x61, 0x8F, 
0x0C, 0x82, 0x29, 0xA5, 
0x0A, 0x29, 0x29, 0xA6, 
0x0A, 0xA9, 0x29, 0xA2, 
0x20, 0xC5, 0x52, 0x2A, 
0x00, 0x88, 0x10, 0x28, 
0x0A, 0x2D, 0x29, 0xA5, 
0x0A, 0x31, 0x29, 0xA1, 
0x00, 0x20, 0x02, 0x48, 
0x00, 0x20, 0x02, 0x64, 
0x30, 0x85, 0x93, 0x30, 
0x00, 0xEE, 0x20, 0x02, 
0x00, 0x20, 0x01, 0x10, 
0x00, 0x00, 0xD8, 0x60, 
0x0A, 0x21, 0xDC, 0xAE, 
0x00, 0x94, 0x00, 0x20, 
0x00, 0x00, 0xE8, 0x68, 
0x00, 0x00, 0x20, 0x80, 
0x07, 0x04, 0x40, 0x00, 
0x00, 0x84, 0x19, 0x80, 
0x00, 0x04, 0x61, 0x98, 
0x00, 0x84, 0x00, 0x08, 
0xC0, 0x00, 0x00, 0x18, 
0x80, 0x80, 0x14, 0xAE, 
0x00, 0x04, 0x45, 0x00, 
0x0B, 0x29, 0x29, 0xA6, 
0x0B, 0x2D, 0x29, 0xA5, 
0xC0, 0x00, 0x00, 0x10, 
0x80, 0xCC, 0x95, 0x0E, 
0xC0, 0x00, 0x00, 0x10, 
0x80, 0xCC, 0x15, 0x1E, 
0xC0, 0x00, 0x00, 0x10, 
0x80, 0x8C, 0x95, 0x1E, 
0x00, 0x00, 0xE0, 0xA9, 
0x00, 0x04, 0x45, 0x11, 
0xC0, 0x00, 0x00, 0x18, 
0x8A, 0x10, 0x82, 0xBF, 
0xC0, 0x00, 0x00, 0x10, 
0x80, 0x9D, 0x92, 0x5F, 
0x00, 0x84, 0x12, 0x13, 
0x00, 0x04, 0x49, 0x29, 
0x00, 0x84, 0x00, 0x32, 
0x00, 0x88, 0x20, 0x00, 
0x00, 0x00, 0x00, 0x22, 
0x0B, 0x61, 0xFD, 0x20, 
0xC0, 0x00, 0x24, 0x00, 
0x83, 0x02, 0xA3, 0x05, 
0x0C, 0x00, 0xFD, 0x2A, 
0x00, 0x04, 0x20, 0x08, 
0x0E, 0x07, 0x01, 0x27, 
0xC0, 0x00, 0x00, 0x10, 
0xBA, 0x2C, 0x05, 0x6F, 
0x00, 0x88, 0x20, 0x01, 
0x0E, 0x09, 0x14, 0x29, 
0x00, 0x00, 0x00, 0x22, 
0xC0, 0x00, 0x00, 0x10, 
0x80, 0xDC, 0x12, 0x5F, 
0x30, 0x84, 0x19, 0x9A, 
0xC0, 0x00, 0x00, 0x18, 
0x80, 0x82, 0x12, 0x9F, 
0x00, 0x04, 0x61, 0x84, 
0xC0, 0x00, 0x00, 0x10, 
0x8A, 0x0E, 0x02, 0xCF, 
0x00, 0x88, 0x18, 0x98, 
0x00, 0x00, 0x00, 0x2A, 
0xC0, 0x00, 0x00, 0x00, 
0x82, 0x0F, 0x14, 0x2D, 
0x30, 0x00, 0xBC, 0xF8, 
0x30, 0x00, 0xB4, 0xEA, 
0x00, 0x88, 0x20, 0x01, 
0x00, 0x00, 0x00, 0x23, 
0xC0, 0x00, 0x2C, 0xB0, 
0x80, 0xFF, 0xFF, 0xFF, 
0x30, 0x85, 0x91, 0x10, 
0x00, 0x8C, 0x03, 0x94, 
0x00, 0x00, 0x00, 0x23, 
0x0F, 0x07, 0x01, 0x27, 
0x30, 0x86, 0x05, 0x40, 
0x30, 0x88, 0x10, 0x35, 
0x30, 0x20, 0x03, 0x65, 
0x2A, 0x2D, 0xDC, 0xDC, 
0x00, 0x94, 0x02, 0x3A, 
0x00, 0xE6, 0x21, 0x03, 
0x00, 0x00, 0xD8, 0x61, 
0x00, 0x00, 0xE1, 0x2A, 
0x07, 0x04, 0x88, 0x00, 
0x00, 0x84, 0x12, 0x91, 
0x00, 0x04, 0x49, 0x22, 
0x00, 0x84, 0x01, 0x12, 
0xC0, 0x00, 0x00, 0x10, 
0x80, 0xCC, 0x95, 0x2E, 
0xC0, 0x00, 0x00, 0x10, 
0x80, 0x8C, 0x15, 0x2E, 
0x0B, 0x21, 0x14, 0x57, 
0xC0, 0x00, 0x00, 0x10, 
0x81, 0xCC, 0x14, 0x1E, 
0xC0, 0x00, 0x00, 0x00, 
0x82, 0x0C, 0x01, 0xB0, 
0xC0, 0x00, 0x00, 0x00, 
0x82, 0x1E, 0x01, 0x4E, 
0xC0, 0x00, 0x00, 0x00, 
0x82, 0x6F, 0x14, 0x58, 
0xFD, 0x6A, 0x80, 0x00, 
0x80, 0x00, 0x00, 0xC3, 
0xF8, 0x74, 0x80, 0x03, 
0x81, 0x40, 0x41, 0xC5, 
0xFC, 0x6A, 0x80, 0x21, 
0x88, 0x00, 0x08, 0xC3, 
0xE0, 0x34, 0xA2, 0x07, 
0x80, 0x42, 0x09, 0xC5, 
0xFD, 0x6A, 0x80, 0x27, 
0x8A, 0x80, 0x08, 0xC3, 
0xE8, 0xB4, 0xA6, 0x43, 
0x81, 0x42, 0x09, 0xC5, 
0xFC, 0x6A, 0x80, 0x21, 
0x8F, 0x04, 0x08, 0xC3, 
0xE9, 0xB4, 0xA2, 0x07, 
0x80, 0x42, 0x09, 0xC5, 
0xE8, 0x80, 0x00, 0x27, 
0x8A, 0x82, 0x08, 0x00, 
0x00, 0x84, 0x01, 0x19, 
0x05, 0x5C, 0xD0, 0x00, 
0xC0, 0x00, 0x00, 0x10, 
0x80, 0xCC, 0x95, 0x3E, 
0xC0, 0x00, 0x00, 0x00, 
0x82, 0x0F, 0x14, 0x6C, 
0xC0, 0x00, 0x00, 0x10, 
0x80, 0x8C, 0x95, 0x6E, 
0x0A, 0xE1, 0x29, 0xAA, 
0x00, 0x00, 0xE0, 0x69, 
0x00, 0x04, 0x41, 0x10, 
0x0C, 0x40, 0x29, 0xA7, 
0x00, 0x1C, 0x80, 0x40, 
0x00, 0x84, 0x08, 0x81, 
0x00, 0x8C, 0x18, 0x89, 
0x0A, 0xBD, 0xDC, 0x02, 
0x00, 0x00, 0x00, 0x2D, 
0xC0, 0x00, 0x29, 0xF3, 
0x88, 0x00, 0x00, 0x00, 
0xC0, 0x00, 0x2D, 0xB0, 
0x8A, 0x00, 0x00, 0x00, 
0xC0, 0x00, 0x25, 0xC0, 
0x81, 0x00, 0x00, 0x00, 
0x30, 0xE6, 0x68, 0x0F, 
0x0B, 0xE1, 0xFD, 0x20, 
0x0B, 0xE1, 0x29, 0xAA, 
0x0A, 0xA1, 0xFD, 0x2A, 
0x00, 0x84, 0x08, 0x87, 
0x00, 0x84, 0x18, 0x8E, 
0x00, 0x04, 0x61, 0x8F, 
0x0C, 0x82, 0x29, 0xAC, 
0x0A, 0x29, 0x29, 0xAD, 
0x0A, 0xA9, 0x29, 0xA9, 
0x20, 0xC5, 0x52, 0x2A, 
0x00, 0x88, 0x10, 0x28, 
0x0A, 0x2D, 0x29, 0xAC, 
0x0A, 0x31, 0x29, 0xA8, 
0x00, 0x20, 0x02, 0x48, 
0x00, 0x20, 0x02, 0x64, 
0x30, 0x85, 0x93, 0x30, 
0x00, 0xEE, 0x20, 0x02, 
0x00, 0x20, 0x01, 0x10, 
0x00, 0x00, 0xD8, 0x60, 
0x0A, 0x21, 0xDC, 0xAE, 
0x00, 0x94, 0x00, 0x20, 
0x00, 0x00, 0xE8, 0x68, 
0x00, 0x00, 0x20, 0x80, 
0x07, 0x04, 0x40, 0x00, 
0x00, 0x84, 0x19, 0x80, 
0x00, 0x04, 0x61, 0x98, 
0x00, 0x84, 0x00, 0x08, 
0xC0, 0x00, 0x00, 0x18, 
0x80, 0x80, 0x15, 0x3E, 
0x00, 0x04, 0x45, 0x00, 
0x0B, 0x29, 0x29, 0xAD, 
0x0B, 0x2D, 0x29, 0xAC, 
0xC0, 0x00, 0x00, 0x10, 
0x80, 0xCC, 0x95, 0x7E, 
0xC0, 0x00, 0x00, 0x10, 
0x80, 0xCC, 0x15, 0x9E, 
0xC0, 0x00, 0x00, 0x10, 
0x80, 0x8C, 0x95, 0x7E, 
0x00, 0x00, 0xE0, 0xA9, 
0x00, 0x04, 0x45, 0x11, 
0xC0, 0x00, 0x00, 0x18, 
0x8A, 0x10, 0x8A, 0x4F, 
0xC0, 0x00, 0x00, 0x10, 
0x80, 0x9D, 0x92, 0xAF, 
0x00, 0x84, 0x12, 0x13, 
0x00, 0x04, 0x49, 0x29, 
0x00, 0x84, 0x00, 0x32, 
0x00, 0x88, 0x20, 0x00, 
0x00, 0x00, 0x00, 0x22, 
0x0B, 0x61, 0xFD, 0x20, 
0xC0, 0x00, 0x24, 0x00, 
0x83, 0x02, 0xA3, 0x05, 
0x0C, 0x00, 0xFD, 0x2A, 
0x00, 0x04, 0x20, 0x08, 
0x0E, 0x07, 0x01, 0x2C, 
0xC0, 0x00, 0x00, 0x10, 
0xBA, 0x2C, 0x0C, 0xFF, 
0x00, 0x88, 0x20, 0x01, 
0x0E, 0x09, 0x14, 0xA2, 
0x00, 0x00, 0x00, 0x22, 
0xC0, 0x00, 0x00, 0x10, 
0x80, 0xDC, 0x12, 0xAF, 
0x30, 0x84, 0x19, 0x9A, 
0xC0, 0x00, 0x00, 0x18, 
0x80, 0x82, 0x12, 0xEF, 
0x00, 0x04, 0x61, 0x84, 
0xC0, 0x00, 0x00, 0x10, 
0x8A, 0x0E, 0x0A, 0x5F, 
0x00, 0x88, 0x18, 0x98, 
0x00, 0x00, 0x00, 0x2A, 
0xC0, 0x00, 0x00, 0x00, 
0x82, 0x0F, 0x14, 0xA6, 
0x30, 0x00, 0xBC, 0xF8, 
0x30, 0x00, 0xB4, 0xEA, 
0x00, 0x88, 0x20, 0x01, 
0x00, 0x00, 0x00, 0x23, 
0xC0, 0x00, 0x2C, 0xB0, 
0x80, 0xFF, 0xFF, 0xFF, 
0x30, 0x85, 0x91, 0x10, 
0x00, 0x8C, 0x03, 0x94, 
0x00, 0x00, 0x00, 0x23, 
0x0F, 0x07, 0x01, 0x2C, 
0x30, 0x86, 0x05, 0x40, 
0x30, 0x88, 0x10, 0x35, 
0x30, 0x20, 0x03, 0x65, 
0x2A, 0x2D, 0xDC, 0xDC, 
0x00, 0x94, 0x02, 0x3A, 
0x00, 0xE6, 0x21, 0x03, 
0x00, 0x00, 0xD8, 0x61, 
0x00, 0x00, 0xE1, 0x2A, 
0x07, 0x04, 0x88, 0x00, 
0x00, 0x84, 0x12, 0x91, 
0x00, 0x04, 0x49, 0x22, 
0x00, 0x84, 0x01, 0x12, 
0xC0, 0x00, 0x00, 0x10, 
0x80, 0xCC, 0x95, 0x8E, 
0xC0, 0x00, 0x00, 0x10, 
0x80, 0x8C, 0x15, 0x8E, 
0x0B, 0x21, 0x14, 0xD0, 
0xC0, 0x00, 0x00, 0x10, 
0x81, 0xCC, 0x14, 0x2E, 
0xC0, 0x00, 0x00, 0x10, 
0x80, 0x8C, 0x95, 0x9E, 
0x00, 0x00, 0xE0, 0xA9, 
0x00, 0x04, 0x45, 0x11, 
0xC0, 0x00, 0x00, 0x18, 
0x8A, 0x10, 0x8D, 0x3F, 
0xC0, 0x00, 0x00, 0x10, 
0x80, 0x9D, 0x92, 0xFF, 
0x00, 0x84, 0x12, 0x13, 
0x00, 0x04, 0x49, 0x29, 
0x00, 0x84, 0x00, 0x32, 
0x00, 0x88, 0x20, 0x00, 
0x00, 0x00, 0x00, 0x22, 
0x0B, 0x61, 0xFD, 0x20, 
0xC0, 0x00, 0x24, 0x00, 
0x83, 0x02, 0xA3, 0x05, 
0x0C, 0x00, 0xFD, 0x2A, 
0x00, 0x04, 0x20, 0x08, 
0x0E, 0x07, 0x01, 0x31, 
0xC0, 0x00, 0x00, 0x10, 
0xBA, 0x2C, 0x0F, 0xEF, 
0x00, 0x88, 0x20, 0x01, 
0x0E, 0x09, 0x14, 0xD1, 
0x00, 0x00, 0x00, 0x22, 
0xC0, 0x00, 0x00, 0x10, 
0x80, 0xDC, 0x12, 0xFF, 
0x30, 0x84, 0x19, 0x9A, 
0xC0, 0x00, 0x00, 0x18, 
0x80, 0x82, 0x13, 0x3F, 
0x00, 0x04, 0x61, 0x84, 
0xC0, 0x00, 0x00, 0x10, 
0x8A, 0x0E, 0x0D, 0x4F, 
0x00, 0x88, 0x18, 0x98, 
0x00, 0x00, 0x00, 0x2A, 
0xC0, 0x00, 0x00, 0x00, 
0x82, 0x0F, 0x14, 0xD5, 
0x30, 0x00, 0xBC, 0xF8, 
0x30, 0x00, 0xB4, 0xEA, 
0x00, 0x88, 0x20, 0x01, 
0x00, 0x00, 0x00, 0x23, 
0xC0, 0x00, 0x2C, 0xB0, 
0x80, 0xFF, 0xFF, 0xFF, 
0x30, 0x85, 0x91, 0x10, 
0x00, 0x8C, 0x03, 0x94, 
0x00, 0x00, 0x00, 0x23, 
0x0F, 0x07, 0x01, 0x31, 
0x30, 0x86, 0x05, 0x40, 
0x30, 0x88, 0x10, 0x35, 
0x30, 0x20, 0x03, 0x65, 
0x2A, 0x2D, 0xDC, 0xDC, 
0x00, 0x94, 0x02, 0x3A, 
0x00, 0xE6, 0x21, 0x03, 
0x00, 0x00, 0xD8, 0x61, 
0x00, 0x00, 0xE1, 0x2A, 
0x07, 0x04, 0x88, 0x00, 
0x00, 0x84, 0x12, 0x91, 
0x00, 0x04, 0x49, 0x22, 
0x00, 0x84, 0x01, 0x12, 
0xC0, 0x00, 0x00, 0x10, 
0x80, 0xCC, 0x95, 0xAE, 
0xC0, 0x00, 0x00, 0x10, 
0x80, 0x8C, 0x15, 0xAE, 
0x0B, 0x21, 0x14, 0xFF, 
0xC0, 0x00, 0x00, 0x10, 
0x81, 0xCC, 0x14, 0x3E, 
0x0A, 0x21, 0x15, 0x00, 
0x00, 0x84, 0x30, 0x00, 
0xC0, 0x00, 0x00, 0x00, 
0x82, 0x0D, 0x0C, 0x2A, 
0x00, 0x00, 0xD8, 0x40, 
0xC0, 0x00, 0x00, 0x18, 
0x80, 0x90, 0x15, 0x7E, 
0x06, 0x50, 0x40, 0x00, 
0x06, 0x00, 0x08, 0x00, 
0xC0, 0x00, 0x00, 0x18, 
0x80, 0xC0, 0x17, 0x1E, 
0xC0, 0x00, 0x00, 0x00, 
0x82, 0x0E, 0x03, 0x44, 
0xC0, 0x00, 0x00, 0x00, 
0x82, 0x1F, 0x15, 0x01, 
0xC0, 0x00, 0x00, 0x18, 
0x80, 0x88, 0x1B, 0x1E, 
0x06, 0x18, 0x40, 0x31, 
0xF1, 0x6C, 0x80, 0x01, 
0x88, 0x00, 0x01, 0x22, 
0xFC, 0x6C, 0x80, 0x21, 
0x81, 0x82, 0x04, 0x23, 
0xC0, 0x00, 0x00, 0x18, 
0x80, 0x84, 0x96, 0x9E, 
0xE0, 0x34, 0xA2, 0x05, 
0x81, 0x80, 0x01, 0x25, 
0xE0, 0x80, 0x00, 0x25, 
0x8C, 0x02, 0x04, 0x00, 
0x00, 0x84, 0x01, 0x19, 
0xC0, 0x00, 0x00, 0x10, 
0x80, 0xCC, 0x96, 0xBE, 
0xC0, 0x00, 0x00, 0x00, 
0x82, 0x0E, 0x03, 0x47, 
0xC0, 0x00, 0x00, 0x00, 
0x82, 0x1F, 0x15, 0x0B, 
0xC0, 0x00, 0x00, 0x18, 
0x80, 0x88, 0x1B, 0x6E, 
0x06, 0x18, 0x40, 0x31, 
0xF1, 0x6C, 0x80, 0x01, 
0x88, 0x00, 0x01, 0x22, 
0xFC, 0x6C, 0x80, 0x21, 
0x81, 0x82, 0x04, 0x23, 
0xC0, 0x00, 0x00, 0x18, 
0x80, 0x84, 0x96, 0x0E, 
0xE0, 0x34, 0xA2, 0x05, 
0x81, 0x80, 0x01, 0x25, 
0xE0, 0x80, 0x00, 0x25, 
0x8C, 0x02, 0x04, 0x00, 
0x00, 0x84, 0x01, 0x19, 
0xC0, 0x00, 0x00, 0x10, 
0x80, 0xCC, 0x96, 0x2E, 
0x0C, 0x40, 0x29, 0xAE, 
0xC0, 0x00, 0x00, 0x18, 
0x80, 0x80, 0x15, 0xBE, 
0x00, 0x04, 0x00, 0x80, 
0x00, 0x00, 0x00, 0x00, 
0xC0, 0x00, 0x00, 0x10, 
0x80, 0xCC, 0x15, 0xCE, 
0x0C, 0x82, 0x29, 0xAF, 
0xC0, 0x00, 0x00, 0x10, 
0x80, 0x8C, 0x15, 0xCE, 
0x30, 0x84, 0x30, 0x00, 
0xC0, 0x00, 0x00, 0x10, 
0x80, 0xCC, 0x15, 0xDE, 
0xC0, 0x00, 0x00, 0x10, 
0x80, 0x8C, 0x95, 0xDE, 
0x00, 0x00, 0xE0, 0xA9, 
0x00, 0x04, 0x45, 0x11, 
0xC0, 0x00, 0x00, 0x18, 
0x8A, 0x90, 0x81, 0x7F, 
0xC0, 0x00, 0x00, 0x10, 
0x80, 0x9D, 0x93, 0x4F, 
0x00, 0x84, 0x12, 0x13, 
0x00, 0x04, 0x49, 0x29, 
0x00, 0x84, 0x00, 0x32, 
0x00, 0x88, 0x20, 0x00, 
0x00, 0x00, 0x00, 0x22, 
0x0B, 0x61, 0xFD, 0x20, 
0xC0, 0x00, 0x24, 0x00, 
0x83, 0x02, 0xA3, 0x05, 
0x0C, 0x00, 0xFD, 0x2A, 
0x00, 0x04, 0x20, 0x08, 
0x0E, 0x07, 0x01, 0x36, 
0xC0, 0x00, 0x00, 0x10, 
0xBA, 0xAC, 0x04, 0x2F, 
0x00, 0x88, 0x20, 0x01, 
0x0E, 0x09, 0x15, 0x15, 
0x00, 0x00, 0x00, 0x22, 
0xC0, 0x00, 0x00, 0x10, 
0x80, 0xDC, 0x13, 0x4F, 
0x30, 0x84, 0x19, 0x9A, 
0xC0, 0x00, 0x00, 0x18, 
0x80, 0x82, 0x13, 0x8F, 
0x00, 0x04, 0x61, 0x84, 
0xC0, 0x00, 0x00, 0x10, 
0x8A, 0x8E, 0x01, 0x8F, 
0x00, 0x88, 0x18, 0x98, 
0x00, 0x00, 0x00, 0x2A, 
0xC0, 0x00, 0x00, 0x00, 
0x82, 0x0F, 0x15, 0x19, 
0x30, 0x00, 0xBC, 0xF8, 
0x30, 0x00, 0xB4, 0xEA, 
0x00, 0x88, 0x20, 0x01, 
0x00, 0x00, 0x00, 0x23, 
0xC0, 0x00, 0x2C, 0xB0, 
0x80, 0xFF, 0xFF, 0xFF, 
0x30, 0x85, 0x91, 0x10, 
0x00, 0x8C, 0x03, 0x94, 
0x00, 0x00, 0x00, 0x23, 
0x0F, 0x07, 0x01, 0x36, 
0x30, 0x86, 0x05, 0x40, 
0x30, 0x88, 0x10, 0x35, 
0x30, 0x20, 0x03, 0x65, 
0x2A, 0x2D, 0xDC, 0xDC, 
0x00, 0x94, 0x02, 0x3A, 
0x00, 0xE6, 0x21, 0x03, 
0x00, 0x00, 0xD8, 0x61, 
0x00, 0x00, 0xE1, 0x2A, 
0x07, 0x04, 0x88, 0x00, 
0x00, 0x84, 0x12, 0x91, 
0x00, 0x04, 0x49, 0x22, 
0x00, 0x84, 0x01, 0x12, 
0xC0, 0x00, 0x00, 0x10, 
0x80, 0xCC, 0x95, 0xEE, 
0xC0, 0x00, 0x00, 0x10, 
0x80, 0x8C, 0x15, 0xEE, 
0x0B, 0x21, 0x15, 0x43, 
0xC0, 0x00, 0x00, 0x10, 
0x81, 0xCC, 0x14, 0xAE, 
0xC0, 0x00, 0x00, 0x10, 
0x80, 0x8F, 0x95, 0xDE, 
0xC0, 0x00, 0x00, 0x10, 
0x81, 0xCF, 0x94, 0xDE, 
0xC0, 0x00, 0x00, 0x00, 
0x82, 0x1E, 0x03, 0x4B, 
0xC0, 0x00, 0x00, 0x00, 
0x82, 0x2C, 0x01, 0xC2, 
0xC0, 0x00, 0x00, 0x00, 
0x82, 0x0F, 0x15, 0x44, 
0xE0, 0xC0, 0x00, 0x00, 
0x80, 0x00, 0x44, 0x00, 
0xF0, 0x74, 0x80, 0x00, 
0x80, 0x02, 0x47, 0x03, 
0xFC, 0x68, 0x80, 0x01, 
0x8C, 0x02, 0x89, 0x02, 
0xE0, 0x00, 0x00, 0x07, 
0x80, 0x00, 0x00, 0x00, 
0xE0, 0x00, 0x20, 0x40, 
0x80, 0x00, 0x00, 0x00, 
0xE8, 0x80, 0x00, 0x00, 
0x80, 0x02, 0x84, 0x00, 
0xC0, 0x00, 0x00, 0x10, 
0x81, 0xCC, 0x15, 0x0E, 
0xF0, 0x74, 0x80, 0x00, 
0x80, 0x02, 0x47, 0x03, 
0xFC, 0x68, 0x80, 0x01, 
0x8C, 0x02, 0x89, 0x02, 
0xE0, 0x00, 0x00, 0x07, 
0x80, 0x00, 0x00, 0x00, 
0xE0, 0x00, 0x20, 0x40, 
0x80, 0x00, 0x00, 0x00, 
0xE8, 0x80, 0x00, 0x00, 
0x80, 0x02, 0x84, 0x00, 
0xC0, 0x00, 0x00, 0x10, 
0x80, 0xCC, 0x15, 0xFE, 
0xC0, 0x00, 0x00, 0x00, 
0x82, 0x0F, 0x15, 0x4E, 
0xC0, 0x00, 0x00, 0x10, 
0x80, 0x8C, 0x96, 0x2E, 
0x0A, 0xE1, 0x29, 0xB3, 
0x00, 0x00, 0xE0, 0x69, 
0x00, 0x04, 0x41, 0x10, 
0x0C, 0x40, 0x29, 0xB0, 
0x00, 0x1C, 0x80, 0x40, 
0x00, 0x84, 0x08, 0x81, 
0x00, 0x8C, 0x18, 0x89, 
0x0A, 0xBD, 0xDC, 0x02, 
0x00, 0x00, 0x00, 0x2D, 
0xC0, 0x00, 0x29, 0xF3, 
0x88, 0x00, 0x00, 0x00, 
0xC0, 0x00, 0x2D, 0xB0, 
0x8A, 0x00, 0x00, 0x00, 
0xC0, 0x00, 0x25, 0xC0, 
0x81, 0x00, 0x00, 0x00, 
0x30, 0xE6, 0x68, 0x0F, 
0x0B, 0xE1, 0xFD, 0x20, 
0x0B, 0xE1, 0x29, 0xB3, 
0x0A, 0xA1, 0xFD, 0x2A, 
0x00, 0x84, 0x08, 0x87, 
0x00, 0x84, 0x18, 0x8E, 
0x00, 0x04, 0x61, 0x8F, 
0x0C, 0x82, 0x29, 0xB5, 
0x0A, 0x29, 0x29, 0xB6, 
0x0A, 0xA9, 0x29, 0xB2, 
0x20, 0xC5, 0x52, 0x2A, 
0x00, 0x88, 0x10, 0x28, 
0x0A, 0x2D, 0x29, 0xB5, 
0x0A, 0x31, 0x29, 0xB1, 
0x00, 0x20, 0x02, 0x48, 
0x00, 0x20, 0x02, 0x64, 
0x30, 0x85, 0x93, 0x30, 
0x00, 0xEE, 0x20, 0x02, 
0x00, 0x20, 0x01, 0x10, 
0x00, 0x00, 0xD8, 0x60, 
0x0A, 0x21, 0xDC, 0xAE, 
0x00, 0x94, 0x00, 0x20, 
0x00, 0x00, 0xE8, 0x68, 
0x00, 0x00, 0x20, 0x80, 
0x07, 0x04, 0x40, 0x00, 
0x00, 0x84, 0x19, 0x80, 
0x00, 0x04, 0x61, 0x98, 
0x00, 0x84, 0x00, 0x08, 
0xC0, 0x00, 0x00, 0x18, 
0x80, 0x80, 0x15, 0xFE, 
0x00, 0x04, 0x45, 0x00, 
0x0B, 0x29, 0x29, 0xB6, 
0x0B, 0x2D, 0x29, 0xB5, 
0xC0, 0x00, 0x00, 0x10, 
0x80, 0xCC, 0x96, 0x5E, 
0xC0, 0x00, 0x00, 0x10, 
0x80, 0xCC, 0x16, 0x6E, 
0xC0, 0x00, 0x00, 0x10, 
0x80, 0x8C, 0x96, 0x6E, 
0x00, 0x00, 0xE0, 0xA9, 
0x00, 0x04, 0x45, 0x11, 
0xC0, 0x00, 0x00, 0x18, 
0x8A, 0x90, 0x88, 0x6F, 
0xC0, 0x00, 0x00, 0x10, 
0x80, 0x9D, 0x93, 0x9F, 
0x00, 0x84, 0x12, 0x13, 
0x00, 0x04, 0x49, 0x29, 
0x00, 0x84, 0x00, 0x32, 
0x00, 0x88, 0x20, 0x00, 
0x00, 0x00, 0x00, 0x22, 
0x0B, 0x61, 0xFD, 0x20, 
0xC0, 0x00, 0x24, 0x00, 
0x83, 0x02, 0xA3, 0x05, 
0x0C, 0x00, 0xFD, 0x2A, 
0x00, 0x04, 0x20, 0x08, 
0x0E, 0x07, 0x01, 0x3B, 
0xC0, 0x00, 0x00, 0x10, 
0xBA, 0xAC, 0x0B, 0x1F, 
0x00, 0x88, 0x20, 0x01, 
0x0E, 0x09, 0x15, 0x84, 
0x00, 0x00, 0x00, 0x22, 
0xC0, 0x00, 0x00, 0x10, 
0x80, 0xDC, 0x13, 0x9F, 
0x30, 0x84, 0x19, 0x9A, 
0xC0, 0x00, 0x00, 0x18, 
0x80, 0x82, 0x13, 0xDF, 
0x00, 0x04, 0x61, 0x84, 
0xC0, 0x00, 0x00, 0x10, 
0x8A, 0x8E, 0x08, 0x7F, 
0x00, 0x88, 0x18, 0x98, 
0x00, 0x00, 0x00, 0x2A, 
0xC0, 0x00, 0x00, 0x00, 
0x82, 0x0F, 0x15, 0x88, 
0x30, 0x00, 0xBC, 0xF8, 
0x30, 0x00, 0xB4, 0xEA, 
0x00, 0x88, 0x20, 0x01, 
0x00, 0x00, 0x00, 0x23, 
0xC0, 0x00, 0x2C, 0xB0, 
0x80, 0xFF, 0xFF, 0xFF, 
0x30, 0x85, 0x91, 0x10, 
0x00, 0x8C, 0x03, 0x94, 
0x00, 0x00, 0x00, 0x23, 
0x0F, 0x07, 0x01, 0x3B, 
0x30, 0x86, 0x05, 0x40, 
0x30, 0x88, 0x10, 0x35, 
0x30, 0x20, 0x03, 0x65, 
0x2A, 0x2D, 0xDC, 0xDC, 
0x00, 0x94, 0x02, 0x3A, 
0x00, 0xE6, 0x21, 0x03, 
0x00, 0x00, 0xD8, 0x61, 
0x00, 0x00, 0xE1, 0x2A, 
0x07, 0x04, 0x88, 0x00, 
0x00, 0x84, 0x12, 0x91, 
0x00, 0x04, 0x49, 0x22, 
0x00, 0x84, 0x01, 0x12, 
0xC0, 0x00, 0x00, 0x10, 
0x80, 0xCC, 0x96, 0x7E, 
0xC0, 0x00, 0x00, 0x10, 
0x80, 0x8C, 0x16, 0x7E, 
0x0B, 0x21, 0x15, 0xB2, 
0xC0, 0x00, 0x00, 0x10, 
0x81, 0xCC, 0x15, 0x1E, 
0xC0, 0x00, 0x00, 0x00, 
0x82, 0x0C, 0x01, 0xCE, 
0xC0, 0x00, 0x00, 0x00, 
0x82, 0x1E, 0x01, 0x63, 
0xC0, 0x00, 0x00, 0x00, 
0x82, 0x6F, 0x15, 0xB3, 
0xFD, 0x6A, 0x80, 0x00, 
0x80, 0x00, 0x00, 0xC3, 
0xF8, 0x74, 0x80, 0x03, 
0x81, 0x40, 0x41, 0xC5, 
0xFC, 0x6A, 0x80, 0x21, 
0x88, 0x00, 0x08, 0xC3, 
0xE0, 0x34, 0xA2, 0x07, 
0x80, 0x42, 0x09, 0xC5, 
0xFD, 0x6A, 0x80, 0x27, 
0x8A, 0x80, 0x08, 0xC3, 
0xE8, 0xB4, 0xA6, 0x43, 
0x81, 0x42, 0x09, 0xC5, 
0xFC, 0x6A, 0x80, 0x21, 
0x8F, 0x04, 0x08, 0xC3, 
0xE9, 0xB4, 0xA2, 0x07, 
0x80, 0x42, 0x09, 0xC5, 
0xE8, 0x80, 0x00, 0x27, 
0x8A, 0x82, 0x08, 0x00, 
0x00, 0x84, 0x01, 0x19, 
0x05, 0x5C, 0xD0, 0x00, 
0xC0, 0x00, 0x00, 0x10, 
0x80, 0xCC, 0x96, 0x8E, 
0xC0, 0x00, 0x00, 0x00, 
0x82, 0x0F, 0x15, 0xC7, 
0xC0, 0x00, 0x00, 0x10, 
0x80, 0x8C, 0x96, 0xBE, 
0x0A, 0xE1, 0x29, 0xBA, 
0x00, 0x00, 0xE0, 0x69, 
0x00, 0x04, 0x41, 0x10, 
0x0C, 0x40, 0x29, 0xB7, 
0x00, 0x1C, 0x80, 0x40, 
0x00, 0x84, 0x08, 0x81, 
0x00, 0x8C, 0x18, 0x89, 
0x0A, 0xBD, 0xDC, 0x02, 
0x00, 0x00, 0x00, 0x2D, 
0xC0, 0x00, 0x29, 0xF3, 
0x88, 0x00, 0x00, 0x00, 
0xC0, 0x00, 0x2D, 0xB0, 
0x8A, 0x00, 0x00, 0x00, 
0xC0, 0x00, 0x25, 0xC0, 
0x81, 0x00, 0x00, 0x00, 
0x30, 0xE6, 0x68, 0x0F, 
0x0B, 0xE1, 0xFD, 0x20, 
0x0B, 0xE1, 0x29, 0xBA, 
0x0A, 0xA1, 0xFD, 0x2A, 
0x00, 0x84, 0x08, 0x87, 
0x00, 0x84, 0x18, 0x8E, 
0x00, 0x04, 0x61, 0x8F, 
0x0C, 0x82, 0x29, 0xBC, 
0x0A, 0x29, 0x29, 0xBD, 
0x0A, 0xA9, 0x29, 0xB9, 
0x20, 0xC5, 0x52, 0x2A, 
0x00, 0x88, 0x10, 0x28, 
0x0A, 0x2D, 0x29, 0xBC, 
0x0A, 0x31, 0x29, 0xB8, 
0x00, 0x20, 0x02, 0x48, 
0x00, 0x20, 0x02, 0x64, 
0x30, 0x85, 0x93, 0x30, 
0x00, 0xEE, 0x20, 0x02, 
0x00, 0x20, 0x01, 0x10, 
0x00, 0x00, 0xD8, 0x60, 
0x0A, 0x21, 0xDC, 0xAE, 
0x00, 0x94, 0x00, 0x20, 
0x00, 0x00, 0xE8, 0x68, 
0x00, 0x00, 0x20, 0x80, 
0x07, 0x04, 0x40, 0x00, 
0x00, 0x84, 0x19, 0x80, 
0x00, 0x04, 0x61, 0x98, 
0x00, 0x84, 0x00, 0x08, 
0xC0, 0x00, 0x00, 0x18, 
0x80, 0x80, 0x16, 0x8E, 
0x00, 0x04, 0x45, 0x00, 
0x0B, 0x29, 0x29, 0xBD, 
0x0B, 0x2D, 0x29, 0xBC, 
0xC0, 0x00, 0x00, 0x10, 
0x80, 0xCC, 0x96, 0xCE, 
0xC0, 0x00, 0x00, 0x10, 
0x80, 0xCC, 0x16, 0xEE, 
0xC0, 0x00, 0x00, 0x10, 
0x80, 0x8C, 0x96, 0xCE, 
0x00, 0x00, 0xE0, 0xA9, 
0x00, 0x04, 0x45, 0x11, 
0xC0, 0x00, 0x00, 0x18, 
0x8A, 0x90, 0x8F, 0xFF, 
0xC0, 0x00, 0x00, 0x10, 
0x80, 0x9D, 0x93, 0xEF, 
0x00, 0x84, 0x12, 0x13, 
0x00, 0x04, 0x49, 0x29, 
0x00, 0x84, 0x00, 0x32, 
0x00, 0x88, 0x20, 0x00, 
0x00, 0x00, 0x00, 0x22, 
0x0B, 0x61, 0xFD, 0x20, 
0xC0, 0x00, 0x24, 0x00, 
0x83, 0x02, 0xA3, 0x05, 
0x0C, 0x00, 0xFD, 0x2A, 
0x00, 0x04, 0x20, 0x08, 
0x0E, 0x07, 0x01, 0x40, 
0xC0, 0x00, 0x00, 0x10, 
0xBB, 0x2C, 0x02, 0xAF, 
0x00, 0x88, 0x20, 0x01, 
0x0E, 0x09, 0x15, 0xFD, 
0x00, 0x00, 0x00, 0x22, 
0xC0, 0x00, 0x00, 0x10, 
0x80, 0xDC, 0x13, 0xEF, 
0x30, 0x84, 0x19, 0x9A, 
0xC0, 0x00, 0x00, 0x18, 
0x80, 0x82, 0x14, 0x2F, 
0x00, 0x04, 0x61, 0x84, 
0xC0, 0x00, 0x00, 0x10, 
0x8B, 0x0E, 0x00, 0x0F, 
0x00, 0x88, 0x18, 0x98, 
0x00, 0x00, 0x00, 0x2A, 
0xC0, 0x00, 0x00, 0x00, 
0x82, 0x0F, 0x16, 0x01, 
0x30, 0x00, 0xBC, 0xF8, 
0x30, 0x00, 0xB4, 0xEA, 
0x00, 0x88, 0x20, 0x01, 
0x00, 0x00, 0x00, 0x23, 
0xC0, 0x00, 0x2C, 0xB0, 
0x80, 0xFF, 0xFF, 0xFF, 
0x30, 0x85, 0x91, 0x10, 
0x00, 0x8C, 0x03, 0x94, 
0x00, 0x00, 0x00, 0x23, 
0x0F, 0x07, 0x01, 0x40, 
0x30, 0x86, 0x05, 0x40, 
0x30, 0x88, 0x10, 0x35, 
0x30, 0x20, 0x03, 0x65, 
0x2A, 0x2D, 0xDC, 0xDC, 
0x00, 0x94, 0x02, 0x3A, 
0x00, 0xE6, 0x21, 0x03, 
0x00, 0x00, 0xD8, 0x61, 
0x00, 0x00, 0xE1, 0x2A, 
0x07, 0x04, 0x88, 0x00, 
0x00, 0x84, 0x12, 0x91, 
0x00, 0x04, 0x49, 0x22, 
0x00, 0x84, 0x01, 0x12, 
0xC0, 0x00, 0x00, 0x10, 
0x80, 0xCC, 0x96, 0xDE, 
0xC0, 0x00, 0x00, 0x10, 
0x80, 0x8C, 0x16, 0xDE, 
0x0B, 0x21, 0x16, 0x2B, 
0xC0, 0x00, 0x00, 0x10, 
0x81, 0xCC, 0x15, 0x2E, 
0xC0, 0x00, 0x00, 0x10, 
0x80, 0x8C, 0x96, 0xEE, 
0x00, 0x00, 0xE0, 0xA9, 
0x00, 0x04, 0x45, 0x11, 
0xC0, 0x00, 0x00, 0x18, 
0x8B, 0x10, 0x82, 0xEF, 
0xC0, 0x00, 0x00, 0x10, 
0x80, 0x9D, 0x94, 0x3F, 
0x00, 0x84, 0x12, 0x13, 
0x00, 0x04, 0x49, 0x29, 
0x00, 0x84, 0x00, 0x32, 
0x00, 0x88, 0x20, 0x00, 
0x00, 0x00, 0x00, 0x22, 
0x0B, 0x61, 0xFD, 0x20, 
0xC0, 0x00, 0x24, 0x00, 
0x83, 0x02, 0xA3, 0x05, 
0x0C, 0x00, 0xFD, 0x2A, 
0x00, 0x04, 0x20, 0x08, 
0x0E, 0x07, 0x01, 0x45, 
0xC0, 0x00, 0x00, 0x10, 
0xBB, 0x2C, 0x05, 0x9F, 
0x00, 0x88, 0x20, 0x01, 
0x0E, 0x09, 0x16, 0x2C, 
0x00, 0x00, 0x00, 0x22, 
0xC0, 0x00, 0x00, 0x10, 
0x80, 0xDC, 0x14, 0x3F, 
0x30, 0x84, 0x19, 0x9A, 
0xC0, 0x00, 0x00, 0x18, 
0x80, 0x82, 0x14, 0x7F, 
0x00, 0x04, 0x61, 0x84, 
0xC0, 0x00, 0x00, 0x10, 
0x8B, 0x0E, 0x02, 0xFF, 
0x00, 0x88, 0x18, 0x98, 
0x00, 0x00, 0x00, 0x2A, 
0xC0, 0x00, 0x00, 0x00, 
0x82, 0x0F, 0x16, 0x30, 
0x30, 0x00, 0xBC, 0xF8, 
0x30, 0x00, 0xB4, 0xEA, 
0x00, 0x88, 0x20, 0x01, 
0x00, 0x00, 0x00, 0x23, 
0xC0, 0x00, 0x2C, 0xB0, 
0x80, 0xFF, 0xFF, 0xFF, 
0x30, 0x85, 0x91, 0x10, 
0x00, 0x8C, 0x03, 0x94, 
0x00, 0x00, 0x00, 0x23, 
0x0F, 0x07, 0x01, 0x45, 
0x30, 0x86, 0x05, 0x40, 
0x30, 0x88, 0x10, 0x35, 
0x30, 0x20, 0x03, 0x65, 
0x2A, 0x2D, 0xDC, 0xDC, 
0x00, 0x94, 0x02, 0x3A, 
0x00, 0xE6, 0x21, 0x03, 
0x00, 0x00, 0xD8, 0x61, 
0x00, 0x00, 0xE1, 0x2A, 
0x07, 0x04, 0x88, 0x00, 
0x00, 0x84, 0x12, 0x91, 
0x00, 0x04, 0x49, 0x22, 
0x00, 0x84, 0x01, 0x12, 
0xC0, 0x00, 0x00, 0x10, 
0x80, 0xCC, 0x96, 0xFE, 
0xC0, 0x00, 0x00, 0x10, 
0x80, 0x8C, 0x16, 0xFE, 
0x0B, 0x21, 0x16, 0x5A, 
0xC0, 0x00, 0x00, 0x10, 
0x81, 0xCC, 0x15, 0x3E, 
0x0A, 0x21, 0x16, 0x5B, 
0x00, 0x84, 0x30, 0x00, 
0xC0, 0x00, 0x00, 0x00, 
0x82, 0x0D, 0x0C, 0x5D, 
0x00, 0x00, 0xD8, 0x40, 
0xC0, 0x00, 0x00, 0x18, 
0x80, 0x90, 0x16, 0xCE, 
0x06, 0x50, 0x40, 0x00, 
0x06, 0x00, 0x08, 0x00, 
0xC0, 0x00, 0x00, 0x18, 
0x80, 0xC0, 0x17, 0x0E, 
0xC0, 0x00, 0x08, 0x0F, 
0x8D, 0x80, 0x16, 0x5C, 
0xC0, 0x00, 0x00, 0x00, 
0x82, 0x0F, 0x00, 0x00, 
0xC0, 0x00, 0x30, 0x00, 
0x80, 0x00, 0xFD, 0xA0, 
0xC0, 0x00, 0x09, 0x8F, 
0x8D, 0x84, 0x18, 0x5D, 
0xC0, 0x00, 0x09, 0x8F, 
0x8D, 0x94, 0x16, 0x5D, 
0xC0, 0x00, 0x00, 0x18, 
0x80, 0x90, 0x16, 0x5E, 
0xC0, 0x00, 0x00, 0x18, 
0x80, 0x90, 0x96, 0x8E, 
0xC0, 0x00, 0x00, 0x18, 
0x80, 0x91, 0x15, 0x3E, 
0xC0, 0x00, 0x00, 0x18, 
0x80, 0x91, 0x95, 0x0E, 
0x0C, 0x31, 0xFD, 0xA0, 
0xC0, 0x00, 0x09, 0x8F, 
0x8D, 0x84, 0x18, 0x7D, 
0xC0, 0x00, 0x09, 0x8F, 
0x8D, 0x94, 0x16, 0x7D, 
0x0D, 0x30, 0x16, 0x5D, 
0xE0, 0x38, 0x80, 0x06, 
0x80, 0x00, 0x00, 0x00, 
0xC0, 0x00, 0x09, 0x8F, 
0x8D, 0x84, 0x18, 0x9D, 
0xC0, 0x00, 0x09, 0x8F, 
0x8D, 0x94, 0x16, 0x9D, 
0x0D, 0x30, 0x16, 0x7D, 
0xE0, 0x38, 0x80, 0x0A, 
0x80, 0x00, 0x00, 0x00, 
0xC0, 0x00, 0x09, 0x8F, 
0x8D, 0x84, 0x18, 0xBD, 
0xC0, 0x00, 0x09, 0x8F, 
0x8D, 0x94, 0x16, 0xBD, 
0x0D, 0x30, 0x16, 0x9D, 
0xE0, 0x38, 0x80, 0x0E, 
0x80, 0x00, 0x00, 0x00, 
0xC0, 0x00, 0x09, 0x8F, 
0x8D, 0x84, 0x18, 0xDD, 
0xC0, 0x00, 0x09, 0x8F, 
0x8D, 0x94, 0x16, 0xDD, 
0x0D, 0x30, 0x16, 0xBD, 
0xE0, 0x38, 0x80, 0x12, 
0x80, 0x00, 0x00, 0x00, 
0xC0, 0x00, 0x09, 0x8F, 
0x8D, 0x84, 0x18, 0xFD, 
0xC0, 0x00, 0x09, 0x8F, 
0x8D, 0x94, 0x16, 0xFD, 
0x0D, 0x30, 0x16, 0xDD, 
0xE0, 0x38, 0x80, 0x16, 
0x80, 0x00, 0x00, 0x00, 
0xC0, 0x00, 0x09, 0x8F, 
0x8D, 0x84, 0x19, 0x1D, 
0xC0, 0x00, 0x09, 0x8F, 
0x8D, 0x94, 0x17, 0x1D, 
0x0D, 0x30, 0x16, 0xFD, 
0xE0, 0x38, 0x80, 0x1A, 
0x80, 0x00, 0x00, 0x00, 
0xC0, 0x00, 0x09, 0x8F, 
0x8D, 0x84, 0x19, 0x3D, 
0xC0, 0x00, 0x09, 0x8F, 
0x8D, 0x94, 0x17, 0x3D, 
0x0D, 0x30, 0x17, 0x1D, 
0xE0, 0x38, 0x80, 0x1E, 
0x80, 0x00, 0x00, 0x00, 
0xC0, 0x00, 0x09, 0x8F, 
0x8D, 0x84, 0x19, 0x5D, 
0xC0, 0x00, 0x09, 0x8F, 
0x8D, 0x94, 0x17, 0x5D, 
0x0D, 0x30, 0x17, 0x3D, 
0xE0, 0x38, 0x80, 0x22, 
0x80, 0x00, 0x00, 0x00, 
0xC0, 0x00, 0x09, 0x8F, 
0x8D, 0x84, 0x19, 0x7D, 
0xC0, 0x00, 0x09, 0x8F, 
0x8D, 0x94, 0x17, 0x7D, 
0x0D, 0x30, 0x17, 0x5D, 
0xE0, 0x38, 0x80, 0x26, 
0x80, 0x00, 0x00, 0x00, 
0xC0, 0x00, 0x09, 0x8F, 
0x8D, 0x84, 0x19, 0x9D, 
0xC0, 0x00, 0x09, 0x8F, 
0x8D, 0x94, 0x17, 0x9D, 
0x0D, 0x30, 0x17, 0x7D, 
0xE0, 0x38, 0x80, 0x2A, 
0x80, 0x00, 0x00, 0x00, 
0xC0, 0x00, 0x09, 0x8F, 
0x8D, 0x84, 0x19, 0xBD, 
0xC0, 0x00, 0x09, 0x8F, 
0x8D, 0x94, 0x17, 0xBD, 
0x0D, 0x30, 0x17, 0x9D, 
0xE0, 0x38, 0x80, 0x2E, 
0x80, 0x00, 0x00, 0x00, 
0xC0, 0x00, 0x09, 0x8F, 
0x8D, 0x84, 0x19, 0xDD, 
0xC0, 0x00, 0x09, 0x8F, 
0x8D, 0x94, 0x17, 0xDD, 
0x0D, 0x30, 0x17, 0xBD, 
0xE0, 0x38, 0x80, 0x32, 
0x80, 0x00, 0x00, 0x00, 
0xC0, 0x00, 0x09, 0x8F, 
0x8D, 0x84, 0x19, 0xFD, 
0xC0, 0x00, 0x09, 0x8F, 
0x8D, 0x94, 0x17, 0xFD, 
0x0D, 0x30, 0x17, 0xDD, 
0xE0, 0x38, 0x80, 0x36, 
0x80, 0x00, 0x00, 0x00, 
0xC0, 0x00, 0x09, 0x8F, 
0x8D, 0x84, 0x1A, 0x1D, 
0xC0, 0x00, 0x09, 0x8F, 
0x8D, 0x94, 0x18, 0x1D, 
0x0D, 0x30, 0x17, 0xFD, 
0xE0, 0x38, 0x80, 0x3A, 
0x80, 0x00, 0x00, 0x00, 
0xC0, 0x00, 0x09, 0x8F, 
0x8D, 0x84, 0x18, 0x61, 
0xC0, 0x00, 0x09, 0x8F, 
0x8D, 0x94, 0x16, 0x61, 
0x0D, 0x30, 0x18, 0x1D, 
0xE0, 0x38, 0x80, 0x3E, 
0x80, 0x00, 0x00, 0x00, 
0xC0, 0x00, 0x00, 0x18, 
0x80, 0x90, 0x12, 0xBE, 
0xC0, 0x00, 0x00, 0x18, 
0x80, 0x90, 0x93, 0x1E, 
0xC0, 0x00, 0x00, 0x18, 
0x80, 0x91, 0x11, 0x6E, 
0xC0, 0x00, 0x00, 0x18, 
0x80, 0x91, 0x91, 0xCE, 
0xC0, 0x00, 0x09, 0x8F, 
0x8D, 0x84, 0x18, 0x81, 
0xC0, 0x00, 0x09, 0x8F, 
0x8D, 0x94, 0x16, 0x81, 
0x0D, 0x30, 0x16, 0x61, 
0xE0, 0x38, 0x80, 0x02, 
0x80, 0x00, 0x00, 0x00, 
0xC0, 0x00, 0x09, 0x8F, 
0x8D, 0x84, 0x18, 0xA1, 
0xC0, 0x00, 0x09, 0x8F, 
0x8D, 0x94, 0x16, 0xA1, 
0x0D, 0x30, 0x16, 0x81, 
0xE0, 0x38, 0xA4, 0x02, 
0x80, 0x00, 0x00, 0x00, 
0xC0, 0x00, 0x09, 0x8F, 
0x8D, 0x84, 0x18, 0xC1, 
0xC0, 0x00, 0x09, 0x8F, 
0x8D, 0x94, 0x16, 0xC1, 
0x0D, 0x30, 0x16, 0xA1, 
0xE0, 0x38, 0xA8, 0x02, 
0x80, 0x00, 0x00, 0x00, 
0xC0, 0x00, 0x09, 0x8F, 
0x8D, 0x84, 0x18, 0xE1, 
0xC0, 0x00, 0x09, 0x8F, 
0x8D, 0x94, 0x16, 0xE1, 
0x0D, 0x30, 0x16, 0xC1, 
0xE0, 0x38, 0xAC, 0x02, 
0x80, 0x00, 0x00, 0x00, 
0xC0, 0x00, 0x09, 0x8F, 
0x8D, 0x84, 0x19, 0x01, 
0xC0, 0x00, 0x09, 0x8F, 
0x8D, 0x94, 0x17, 0x01, 
0x0D, 0x30, 0x16, 0xE1, 
0xE0, 0x38, 0xB0, 0x02, 
0x80, 0x00, 0x00, 0x00, 
0xC0, 0x00, 0x09, 0x8F, 
0x8D, 0x84, 0x19, 0x21, 
0xC0, 0x00, 0x09, 0x8F, 
0x8D, 0x94, 0x17, 0x21, 
0x0D, 0x30, 0x17, 0x01, 
0xE0, 0x38, 0xB4, 0x02, 
0x80, 0x00, 0x00, 0x00, 
0xC0, 0x00, 0x09, 0x8F, 
0x8D, 0x84, 0x19, 0x41, 
0xC0, 0x00, 0x09, 0x8F, 
0x8D, 0x94, 0x17, 0x41, 
0x0D, 0x30, 0x17, 0x21, 
0xE0, 0x38, 0xB8, 0x02, 
0x80, 0x00, 0x00, 0x00, 
0xC0, 0x00, 0x09, 0x8F, 
0x8D, 0x84, 0x19, 0x61, 
0xC0, 0x00, 0x09, 0x8F, 
0x8D, 0x94, 0x17, 0x61, 
0x0D, 0x30, 0x17, 0x41, 
0xE0, 0x38, 0xBC, 0x02, 
0x80, 0x00, 0x00, 0x00, 
0xC0, 0x00, 0x09, 0x8F, 
0x8D, 0x84, 0x19, 0x81, 
0xC0, 0x00, 0x09, 0x8F, 
0x8D, 0x94, 0x17, 0x81, 
0x0D, 0x30, 0x17, 0x61, 
0xE0, 0x38, 0xC0, 0x02, 
0x80, 0x00, 0x00, 0x00, 
0xC0, 0x00, 0x09, 0x8F, 
0x8D, 0x84, 0x19, 0xA1, 
0xC0, 0x00, 0x09, 0x8F, 
0x8D, 0x94, 0x17, 0xA1, 
0x0D, 0x30, 0x17, 0x81, 
0xE0, 0x38, 0xC4, 0x02, 
0x80, 0x00, 0x00, 0x00, 
0xC0, 0x00, 0x09, 0x8F, 
0x8D, 0x84, 0x19, 0xC1, 
0xC0, 0x00, 0x09, 0x8F, 
0x8D, 0x94, 0x17, 0xC1, 
0x0D, 0x30, 0x17, 0xA1, 
0xE0, 0x38, 0xC8, 0x02, 
0x80, 0x00, 0x00, 0x00, 
0xC0, 0x00, 0x09, 0x8F, 
0x8D, 0x84, 0x19, 0xE1, 
0xC0, 0x00, 0x09, 0x8F, 
0x8D, 0x94, 0x17, 0xE1, 
0x0D, 0x30, 0x17, 0xC1, 
0xE0, 0x38, 0xCC, 0x02, 
0x80, 0x00, 0x00, 0x00, 
0xC0, 0x00, 0x09, 0x8F, 
0x8D, 0x84, 0x1A, 0x01, 
0xC0, 0x00, 0x09, 0x8F, 
0x8D, 0x94, 0x18, 0x01, 
0x0D, 0x30, 0x17, 0xE1, 
0xE0, 0x38, 0xD0, 0x02, 
0x80, 0x00, 0x00, 0x00, 
0xC0, 0x00, 0x09, 0x8F, 
0x8D, 0x84, 0x1A, 0x21, 
0xC0, 0x00, 0x09, 0x8F, 
0x8D, 0x94, 0x18, 0x21, 
0x0D, 0x30, 0x18, 0x01, 
0xE0, 0x38, 0xD4, 0x02, 
0x80, 0x00, 0x00, 0x00, 
0xC0, 0x00, 0x09, 0x8F, 
0x8D, 0x84, 0x18, 0x65, 
0xC0, 0x00, 0x09, 0x8F, 
0x8D, 0x94, 0x16, 0x65, 
0x0D, 0x30, 0x18, 0x21, 
0xE0, 0x38, 0xD8, 0x02, 
0x80, 0x00, 0x00, 0x00, 
0xC0, 0x00, 0x00, 0x18, 
0x80, 0x90, 0x10, 0x1E, 
0xC0, 0x00, 0x00, 0x18, 
0x80, 0x90, 0x90, 0x7E, 
0xC0, 0x00, 0x00, 0x18, 
0x80, 0x11, 0x1E, 0xCE, 
0xC0, 0x00, 0x00, 0x18, 
0x80, 0x11, 0x9F, 0x2E, 
0xC0, 0x00, 0x09, 0x8F, 
0x8D, 0x84, 0x18, 0x85, 
0xC0, 0x00, 0x09, 0x8F, 
0x8D, 0x94, 0x16, 0x85, 
0x0D, 0x30, 0x16, 0x65, 
0xE0, 0x38, 0xDC, 0x02, 
0x80, 0x00, 0x00, 0x00, 
0xC0, 0x00, 0x09, 0x8F, 
0x8D, 0x84, 0x18, 0xA5, 
0xC0, 0x00, 0x09, 0x8F, 
0x8D, 0x94, 0x16, 0xA5, 
0x0D, 0x30, 0x16, 0x85, 
0xE0, 0x38, 0xA4, 0x02, 
0x80, 0x00, 0x00, 0x00, 
0xC0, 0x00, 0x09, 0x8F, 
0x8D, 0x84, 0x18, 0xC5, 
0xC0, 0x00, 0x09, 0x8F, 
0x8D, 0x94, 0x16, 0xC5, 
0x0D, 0x30, 0x16, 0xA5, 
0xE0, 0x38, 0xA8, 0x02, 
0x80, 0x00, 0x00, 0x00, 
0xC0, 0x00, 0x09, 0x8F, 
0x8D, 0x84, 0x18, 0xE5, 
0xC0, 0x00, 0x09, 0x8F, 
0x8D, 0x94, 0x16, 0xE5, 
0x0D, 0x30, 0x16, 0xC5, 
0xE0, 0x38, 0xAC, 0x02, 
0x80, 0x00, 0x00, 0x00, 
0xC0, 0x00, 0x09, 0x8F, 
0x8D, 0x84, 0x19, 0x05, 
0xC0, 0x00, 0x09, 0x8F, 
0x8D, 0x94, 0x17, 0x05, 
0x0D, 0x30, 0x16, 0xE5, 
0xE0, 0x38, 0xB0, 0x02, 
0x80, 0x00, 0x00, 0x00, 
0xC0, 0x00, 0x09, 0x8F, 
0x8D, 0x84, 0x19, 0x25, 
0xC0, 0x00, 0x09, 0x8F, 
0x8D, 0x94, 0x17, 0x25, 
0x0D, 0x30, 0x17, 0x05, 
0xE0, 0x38, 0xB4, 0x02, 
0x80, 0x00, 0x00, 0x00, 
0xC0, 0x00, 0x09, 0x8F, 
0x8D, 0x84, 0x19, 0x45, 
0xC0, 0x00, 0x09, 0x8F, 
0x8D, 0x94, 0x17, 0x45, 
0x0D, 0x30, 0x17, 0x25, 
0xE0, 0x38, 0xB8, 0x02, 
0x80, 0x00, 0x00, 0x00, 
0xC0, 0x00, 0x09, 0x8F, 
0x8D, 0x84, 0x19, 0x65, 
0xC0, 0x00, 0x09, 0x8F, 
0x8D, 0x94, 0x17, 0x65, 
0x0D, 0x30, 0x17, 0x45, 
0xE0, 0x38, 0xBC, 0x02, 
0x80, 0x00, 0x00, 0x00, 
0xC0, 0x00, 0x09, 0x8F, 
0x8D, 0x84, 0x19, 0x85, 
0xC0, 0x00, 0x09, 0x8F, 
0x8D, 0x94, 0x17, 0x85, 
0x0D, 0x30, 0x17, 0x65, 
0xE0, 0x38, 0xC0, 0x02, 
0x80, 0x00, 0x00, 0x00, 
0xC0, 0x00, 0x09, 0x8F, 
0x8D, 0x84, 0x19, 0xA5, 
0xC0, 0x00, 0x09, 0x8F, 
0x8D, 0x94, 0x17, 0xA5, 
0x0D, 0x30, 0x17, 0x85, 
0xE0, 0x38, 0xC4, 0x02, 
0x80, 0x00, 0x00, 0x00, 
0xC0, 0x00, 0x09, 0x8F, 
0x8D, 0x84, 0x19, 0xC5, 
0xC0, 0x00, 0x09, 0x8F, 
0x8D, 0x94, 0x17, 0xC5, 
0x0D, 0x30, 0x17, 0xA5, 
0xE0, 0x38, 0xC8, 0x02, 
0x80, 0x00, 0x00, 0x00, 
0xC0, 0x00, 0x09, 0x8F, 
0x8D, 0x84, 0x19, 0xE5, 
0xC0, 0x00, 0x09, 0x8F, 
0x8D, 0x94, 0x17, 0xE5, 
0x0D, 0x30, 0x17, 0xC5, 
0xE0, 0x38, 0xCC, 0x02, 
0x80, 0x00, 0x00, 0x00, 
0xC0, 0x00, 0x09, 0x8F, 
0x8D, 0x84, 0x1A, 0x05, 
0xC0, 0x00, 0x09, 0x8F, 
0x8D, 0x94, 0x18, 0x05, 
0x0D, 0x30, 0x17, 0xE5, 
0xE0, 0x38, 0xD0, 0x02, 
0x80, 0x00, 0x00, 0x00, 
0xC0, 0x00, 0x09, 0x8F, 
0x8D, 0x84, 0x1A, 0x25, 
0xC0, 0x00, 0x09, 0x8F, 
0x8D, 0x94, 0x18, 0x25, 
0x0D, 0x30, 0x18, 0x05, 
0xE0, 0x38, 0xD4, 0x02, 
0x80, 0x00, 0x00, 0x00, 
0xC0, 0x00, 0x09, 0x8F, 
0x8D, 0x84, 0x18, 0x69, 
0xC0, 0x00, 0x09, 0x8F, 
0x8D, 0x94, 0x16, 0x69, 
0x0D, 0x30, 0x18, 0x25, 
0xE0, 0x38, 0xD8, 0x02, 
0x80, 0x00, 0x00, 0x00, 
0xC0, 0x00, 0x00, 0x18, 
0x80, 0x10, 0x1D, 0x7E, 
0xC0, 0x00, 0x00, 0x18, 
0x80, 0x10, 0x9D, 0xDE, 
0xC0, 0x00, 0x00, 0x18, 
0x80, 0x11, 0x1C, 0x2E, 
0xC0, 0x00, 0x00, 0x18, 
0x80, 0x11, 0x9C, 0x8E, 
0xC0, 0x00, 0x09, 0x8F, 
0x8D, 0x84, 0x18, 0x89, 
0xC0, 0x00, 0x09, 0x8F, 
0x8D, 0x94, 0x16, 0x89, 
0x0D, 0x30, 0x16, 0x69, 
0xE0, 0x38, 0xDC, 0x02, 
0x80, 0x00, 0x00, 0x00, 
0xC0, 0x00, 0x09, 0x8F, 
0x8D, 0x84, 0x18, 0xA9, 
0xC0, 0x00, 0x09, 0x8F, 
0x8D, 0x94, 0x16, 0xA9, 
0x0D, 0x30, 0x16, 0x89, 
0xE0, 0x38, 0xA4, 0x02, 
0x80, 0x00, 0x00, 0x00, 
0xC0, 0x00, 0x09, 0x8F, 
0x8D, 0x84, 0x18, 0xC9, 
0xC0, 0x00, 0x09, 0x8F, 
0x8D, 0x94, 0x16, 0xC9, 
0x0D, 0x30, 0x16, 0xA9, 
0xE0, 0x38, 0xA8, 0x02, 
0x80, 0x00, 0x00, 0x00, 
0xC0, 0x00, 0x09, 0x8F, 
0x8D, 0x84, 0x18, 0xE9, 
0xC0, 0x00, 0x09, 0x8F, 
0x8D, 0x94, 0x16, 0xE9, 
0x0D, 0x30, 0x16, 0xC9, 
0xE0, 0x38, 0xAC, 0x02, 
0x80, 0x00, 0x00, 0x00, 
0xC0, 0x00, 0x09, 0x8F, 
0x8D, 0x84, 0x19, 0x09, 
0xC0, 0x00, 0x09, 0x8F, 
0x8D, 0x94, 0x17, 0x09, 
0x0D, 0x30, 0x16, 0xE9, 
0xE0, 0x38, 0xB0, 0x02, 
0x80, 0x00, 0x00, 0x00, 
0xC0, 0x00, 0x09, 0x8F, 
0x8D, 0x84, 0x19, 0x29, 
0xC0, 0x00, 0x09, 0x8F, 
0x8D, 0x94, 0x17, 0x29, 
0x0D, 0x30, 0x17, 0x09, 
0xE0, 0x38, 0xB4, 0x02, 
0x80, 0x00, 0x00, 0x00, 
0xC0, 0x00, 0x09, 0x8F, 
0x8D, 0x84, 0x19, 0x49, 
0xC0, 0x00, 0x09, 0x8F, 
0x8D, 0x94, 0x17, 0x49, 
0x0D, 0x30, 0x17, 0x29, 
0xE0, 0x38, 0xB8, 0x02, 
0x80, 0x00, 0x00, 0x00, 
0xC0, 0x00, 0x09, 0x8F, 
0x8D, 0x84, 0x19, 0x69, 
0xC0, 0x00, 0x09, 0x8F, 
0x8D, 0x94, 0x17, 0x69, 
0x0D, 0x30, 0x17, 0x49, 
0xE0, 0x38, 0xBC, 0x02, 
0x80, 0x00, 0x00, 0x00, 
0xC0, 0x00, 0x09, 0x8F, 
0x8D, 0x84, 0x19, 0x89, 
0xC0, 0x00, 0x09, 0x8F, 
0x8D, 0x94, 0x17, 0x89, 
0x0D, 0x30, 0x17, 0x69, 
0xE0, 0x38, 0xC0, 0x02, 
0x80, 0x00, 0x00, 0x00, 
0xC0, 0x00, 0x09, 0x8F, 
0x8D, 0x84, 0x19, 0xA9, 
0xC0, 0x00, 0x09, 0x8F, 
0x8D, 0x94, 0x17, 0xA9, 
0x0D, 0x30, 0x17, 0x89, 
0xE0, 0x38, 0xC4, 0x02, 
0x80, 0x00, 0x00, 0x00, 
0xC0, 0x00, 0x09, 0x8F, 
0x8D, 0x84, 0x19, 0xC9, 
0xC0, 0x00, 0x09, 0x8F, 
0x8D, 0x94, 0x17, 0xC9, 
0x0D, 0x30, 0x17, 0xA9, 
0xE0, 0x38, 0xC8, 0x02, 
0x80, 0x00, 0x00, 0x00, 
0xC0, 0x00, 0x09, 0x8F, 
0x8D, 0x84, 0x19, 0xE9, 
0xC0, 0x00, 0x09, 0x8F, 
0x8D, 0x94, 0x17, 0xE9, 
0x0D, 0x30, 0x17, 0xC9, 
0xE0, 0x38, 0xCC, 0x02, 
0x80, 0x00, 0x00, 0x00, 
0xC0, 0x00, 0x09, 0x8F, 
0x8D, 0x84, 0x1A, 0x09, 
0xC0, 0x00, 0x09, 0x8F, 
0x8D, 0x94, 0x18, 0x09, 
0x0D, 0x30, 0x17, 0xE9, 
0xE0, 0x38, 0xD0, 0x02, 
0x80, 0x00, 0x00, 0x00, 
0xC0, 0x00, 0x09, 0x8F, 
0x8D, 0x84, 0x1A, 0x29, 
0xC0, 0x00, 0x09, 0x8F, 
0x8D, 0x94, 0x18, 0x29, 
0x0D, 0x30, 0x18, 0x09, 
0xE0, 0x38, 0xD4, 0x02, 
0x80, 0x00, 0x00, 0x00, 
0xC0, 0x00, 0x09, 0x8F, 
0x8D, 0x84, 0x18, 0x6D, 
0xC0, 0x00, 0x09, 0x8F, 
0x8D, 0x94, 0x16, 0x6D, 
0x0D, 0x30, 0x18, 0x29, 
0xE0, 0x38, 0xD8, 0x02, 
0x80, 0x00, 0x00, 0x00, 
0xC0, 0x00, 0x00, 0x18, 
0x80, 0x10, 0x1A, 0xDE, 
0xC0, 0x00, 0x00, 0x18, 
0x80, 0x10, 0x9B, 0x3E, 
0xC0, 0x00, 0x00, 0x18, 
0x80, 0x11, 0x19, 0x8E, 
0xC0, 0x00, 0x00, 0x18, 
0x80, 0x11, 0x99, 0xEE, 
0xC0, 0x00, 0x09, 0x8F, 
0x8D, 0x84, 0x18, 0x8D, 
0xC0, 0x00, 0x09, 0x8F, 
0x8D, 0x94, 0x16, 0x8D, 
0x0D, 0x30, 0x16, 0x6D, 
0xE0, 0x38, 0xDC, 0x02, 
0x80, 0x00, 0x00, 0x00, 
0xC0, 0x00, 0x09, 0x8F, 
0x8D, 0x84, 0x18, 0xAD, 
0xC0, 0x00, 0x09, 0x8F, 
0x8D, 0x94, 0x16, 0xAD, 
0x0D, 0x30, 0x16, 0x8D, 
0xE0, 0x38, 0xA4, 0x02, 
0x80, 0x00, 0x00, 0x00, 
0xC0, 0x00, 0x09, 0x8F, 
0x8D, 0x84, 0x18, 0xCD, 
0xC0, 0x00, 0x09, 0x8F, 
0x8D, 0x94, 0x16, 0xCD, 
0x0D, 0x30, 0x16, 0xAD, 
0xE0, 0x38, 0xA8, 0x02, 
0x80, 0x00, 0x00, 0x00, 
0xC0, 0x00, 0x09, 0x8F, 
0x8D, 0x84, 0x18, 0xED, 
0xC0, 0x00, 0x09, 0x8F, 
0x8D, 0x94, 0x16, 0xED, 
0x0D, 0x30, 0x16, 0xCD, 
0xE0, 0x38, 0xAC, 0x02, 
0x80, 0x00, 0x00, 0x00, 
0xC0, 0x00, 0x09, 0x8F, 
0x8D, 0x84, 0x19, 0x0D, 
0xC0, 0x00, 0x09, 0x8F, 
0x8D, 0x94, 0x17, 0x0D, 
0x0D, 0x30, 0x16, 0xED, 
0xE0, 0x38, 0xB0, 0x02, 
0x80, 0x00, 0x00, 0x00, 
0xC0, 0x00, 0x09, 0x8F, 
0x8D, 0x84, 0x19, 0x2D, 
0xC0, 0x00, 0x09, 0x8F, 
0x8D, 0x94, 0x17, 0x2D, 
0x0D, 0x30, 0x17, 0x0D, 
0xE0, 0x38, 0xB4, 0x02, 
0x80, 0x00, 0x00, 0x00, 
0xC0, 0x00, 0x09, 0x8F, 
0x8D, 0x84, 0x19, 0x4D, 
0xC0, 0x00, 0x09, 0x8F, 
0x8D, 0x94, 0x17, 0x4D, 
0x0D, 0x30, 0x17, 0x2D, 
0xE0, 0x38, 0xB8, 0x02, 
0x80, 0x00, 0x00, 0x00, 
0xC0, 0x00, 0x09, 0x8F, 
0x8D, 0x84, 0x19, 0x6D, 
0xC0, 0x00, 0x09, 0x8F, 
0x8D, 0x94, 0x17, 0x6D, 
0x0D, 0x30, 0x17, 0x4D, 
0xE0, 0x38, 0xBC, 0x02, 
0x80, 0x00, 0x00, 0x00, 
0xC0, 0x00, 0x09, 0x8F, 
0x8D, 0x84, 0x19, 0x8D, 
0xC0, 0x00, 0x09, 0x8F, 
0x8D, 0x94, 0x17, 0x8D, 
0x0D, 0x30, 0x17, 0x6D, 
0xE0, 0x38, 0xC0, 0x02, 
0x80, 0x00, 0x00, 0x00, 
0xC0, 0x00, 0x09, 0x8F, 
0x8D, 0x84, 0x19, 0xAD, 
0xC0, 0x00, 0x09, 0x8F, 
0x8D, 0x94, 0x17, 0xAD, 
0x0D, 0x30, 0x17, 0x8D, 
0xE0, 0x38, 0xC4, 0x02, 
0x80, 0x00, 0x00, 0x00, 
0xC0, 0x00, 0x09, 0x8F, 
0x8D, 0x84, 0x19, 0xCD, 
0xC0, 0x00, 0x09, 0x8F, 
0x8D, 0x94, 0x17, 0xCD, 
0x0D, 0x30, 0x17, 0xAD, 
0xE0, 0x38, 0xC8, 0x02, 
0x80, 0x00, 0x00, 0x00, 
0xC0, 0x00, 0x09, 0x8F, 
0x8D, 0x84, 0x19, 0xED, 
0xC0, 0x00, 0x09, 0x8F, 
0x8D, 0x94, 0x17, 0xED, 
0x0D, 0x30, 0x17, 0xCD, 
0xE0, 0x38, 0xCC, 0x02, 
0x80, 0x00, 0x00, 0x00, 
0xC0, 0x00, 0x09, 0x8F, 
0x8D, 0x84, 0x1A, 0x0D, 
0xC0, 0x00, 0x09, 0x8F, 
0x8D, 0x94, 0x18, 0x0D, 
0x0D, 0x30, 0x17, 0xED, 
0xE0, 0x38, 0xD0, 0x02, 
0x80, 0x00, 0x00, 0x00, 
0xC0, 0x00, 0x09, 0x8F, 
0x8D, 0x84, 0x1A, 0x2D, 
0xC0, 0x00, 0x09, 0x8F, 
0x8D, 0x94, 0x18, 0x2D, 
0x0D, 0x30, 0x18, 0x0D, 
0xE0, 0x38, 0xD4, 0x02, 
0x80, 0x00, 0x00, 0x00, 
0xC0, 0x00, 0x09, 0x8F, 
0x8D, 0x84, 0x18, 0x71, 
0xC0, 0x00, 0x09, 0x8F, 
0x8D, 0x94, 0x16, 0x71, 
0x0D, 0x30, 0x18, 0x2D, 
0xE0, 0x38, 0xD8, 0x02, 
0x80, 0x00, 0x00, 0x00, 
0xC0, 0x00, 0x00, 0x18, 
0x80, 0x10, 0x18, 0x3E, 
0xC0, 0x00, 0x00, 0x18, 
0x80, 0x10, 0x98, 0x9E, 
0x06, 0x11, 0x16, 0xEE, 
0x06, 0x11, 0x97, 0x4E, 
0xC0, 0x00, 0x09, 0x8F, 
0x8D, 0x84, 0x18, 0x91, 
0xC0, 0x00, 0x09, 0x8F, 
0x8D, 0x94, 0x16, 0x91, 
0x0D, 0x30, 0x16, 0x71, 
0xE0, 0x38, 0xDC, 0x02, 
0x80, 0x00, 0x00, 0x00, 
0xC0, 0x00, 0x09, 0x8F, 
0x8D, 0x84, 0x18, 0xB1, 
0xC0, 0x00, 0x09, 0x8F, 
0x8D, 0x94, 0x16, 0xB1, 
0x0D, 0x30, 0x16, 0x91, 
0xE0, 0x38, 0xA4, 0x02, 
0x80, 0x00, 0x00, 0x00, 
0xC0, 0x00, 0x09, 0x8F, 
0x8D, 0x84, 0x18, 0xD1, 
0xC0, 0x00, 0x09, 0x8F, 
0x8D, 0x94, 0x16, 0xD1, 
0x0D, 0x30, 0x16, 0xB1, 
0xE0, 0x38, 0xA8, 0x02, 
0x80, 0x00, 0x00, 0x00, 
0xC0, 0x00, 0x09, 0x8F, 
0x8D, 0x84, 0x18, 0xF1, 
0xC0, 0x00, 0x09, 0x8F, 
0x8D, 0x94, 0x16, 0xF1, 
0x0D, 0x30, 0x16, 0xD1, 
0xE0, 0x38, 0xAC, 0x02, 
0x80, 0x00, 0x00, 0x00, 
0xC0, 0x00, 0x09, 0x8F, 
0x8D, 0x84, 0x19, 0x11, 
0xC0, 0x00, 0x09, 0x8F, 
0x8D, 0x94, 0x17, 0x11, 
0x0D, 0x30, 0x16, 0xF1, 
0xE0, 0x38, 0xB0, 0x02, 
0x80, 0x00, 0x00, 0x00, 
0xC0, 0x00, 0x09, 0x8F, 
0x8D, 0x84, 0x19, 0x31, 
0xC0, 0x00, 0x09, 0x8F, 
0x8D, 0x94, 0x17, 0x31, 
0x0D, 0x30, 0x17, 0x11, 
0xE0, 0x38, 0xB4, 0x02, 
0x80, 0x00, 0x00, 0x00, 
0xC0, 0x00, 0x09, 0x8F, 
0x8D, 0x84, 0x19, 0x51, 
0xC0, 0x00, 0x09, 0x8F, 
0x8D, 0x94, 0x17, 0x51, 
0x0D, 0x30, 0x17, 0x31, 
0xE0, 0x38, 0xB8, 0x02, 
0x80, 0x00, 0x00, 0x00, 
0xC0, 0x00, 0x09, 0x8F, 
0x8D, 0x84, 0x19, 0x71, 
0xC0, 0x00, 0x09, 0x8F, 
0x8D, 0x94, 0x17, 0x71, 
0x0D, 0x30, 0x17, 0x51, 
0xE0, 0x38, 0xBC, 0x02, 
0x80, 0x00, 0x00, 0x00, 
0xC0, 0x00, 0x09, 0x8F, 
0x8D, 0x84, 0x19, 0x91, 
0xC0, 0x00, 0x09, 0x8F, 
0x8D, 0x94, 0x17, 0x91, 
0x0D, 0x30, 0x17, 0x71, 
0xE0, 0x38, 0xC0, 0x02, 
0x80, 0x00, 0x00, 0x00, 
0xC0, 0x00, 0x09, 0x8F, 
0x8D, 0x84, 0x19, 0xB1, 
0xC0, 0x00, 0x09, 0x8F, 
0x8D, 0x94, 0x17, 0xB1, 
0x0D, 0x30, 0x17, 0x91, 
0xE0, 0x38, 0xC4, 0x02, 
0x80, 0x00, 0x00, 0x00, 
0xC0, 0x00, 0x09, 0x8F, 
0x8D, 0x84, 0x19, 0xD1, 
0xC0, 0x00, 0x09, 0x8F, 
0x8D, 0x94, 0x17, 0xD1, 
0x0D, 0x30, 0x17, 0xB1, 
0xE0, 0x38, 0xC8, 0x02, 
0x80, 0x00, 0x00, 0x00, 
0xC0, 0x00, 0x09, 0x8F, 
0x8D, 0x84, 0x19, 0xF1, 
0xC0, 0x00, 0x09, 0x8F, 
0x8D, 0x94, 0x17, 0xF1, 
0x0D, 0x30, 0x17, 0xD1, 
0xE0, 0x38, 0xCC, 0x02, 
0x80, 0x00, 0x00, 0x00, 
0xC0, 0x00, 0x09, 0x8F, 
0x8D, 0x84, 0x1A, 0x11, 
0xC0, 0x00, 0x09, 0x8F, 
0x8D, 0x94, 0x18, 0x11, 
0x0D, 0x30, 0x17, 0xF1, 
0xE0, 0x38, 0xD0, 0x02, 
0x80, 0x00, 0x00, 0x00, 
0xC0, 0x00, 0x09, 0x8F, 
0x8D, 0x84, 0x1A, 0x31, 
0xC0, 0x00, 0x09, 0x8F, 
0x8D, 0x94, 0x18, 0x31, 
0x0D, 0x30, 0x18, 0x11, 
0xE0, 0x38, 0xD4, 0x02, 
0x80, 0x00, 0x00, 0x00, 
0xC0, 0x00, 0x09, 0x8F, 
0x8D, 0x84, 0x18, 0x75, 
0xC0, 0x00, 0x09, 0x8F, 
0x8D, 0x94, 0x16, 0x75, 
0x0D, 0x30, 0x18, 0x31, 
0xE0, 0x38, 0xD8, 0x02, 
0x80, 0x00, 0x00, 0x00, 
0x06, 0x10, 0x15, 0x9E, 
0x06, 0x10, 0x95, 0xFE, 
0x06, 0x11, 0x14, 0x4E, 
0x06, 0x11, 0x94, 0xAE, 
0xC0, 0x00, 0x09, 0x8F, 
0x8D, 0x84, 0x18, 0x95, 
0xC0, 0x00, 0x09, 0x8F, 
0x8D, 0x94, 0x16, 0x95, 
0x0D, 0x30, 0x16, 0x75, 
0xE0, 0x38, 0xDC, 0x02, 
0x80, 0x00, 0x00, 0x00, 
0xC0, 0x00, 0x09, 0x8F, 
0x8D, 0x84, 0x18, 0xB5, 
0xC0, 0x00, 0x09, 0x8F, 
0x8D, 0x94, 0x16, 0xB5, 
0x0D, 0x30, 0x16, 0x95, 
0xE0, 0x38, 0xA4, 0x02, 
0x80, 0x00, 0x00, 0x00, 
0xC0, 0x00, 0x09, 0x8F, 
0x8D, 0x84, 0x18, 0xD5, 
0xC0, 0x00, 0x09, 0x8F, 
0x8D, 0x94, 0x16, 0xD5, 
0x0D, 0x30, 0x16, 0xB5, 
0xE0, 0x38, 0xA8, 0x02, 
0x80, 0x00, 0x00, 0x00, 
0xC0, 0x00, 0x09, 0x8F, 
0x8D, 0x84, 0x18, 0xF5, 
0xC0, 0x00, 0x09, 0x8F, 
0x8D, 0x94, 0x16, 0xF5, 
0x0D, 0x30, 0x16, 0xD5, 
0xE0, 0x38, 0xAC, 0x02, 
0x80, 0x00, 0x00, 0x00, 
0xC0, 0x00, 0x09, 0x8F, 
0x8D, 0x84, 0x19, 0x15, 
0xC0, 0x00, 0x09, 0x8F, 
0x8D, 0x94, 0x17, 0x15, 
0x0D, 0x30, 0x16, 0xF5, 
0xE0, 0x38, 0xB0, 0x02, 
0x80, 0x00, 0x00, 0x00, 
0xC0, 0x00, 0x09, 0x8F, 
0x8D, 0x84, 0x19, 0x35, 
0xC0, 0x00, 0x09, 0x8F, 
0x8D, 0x94, 0x17, 0x35, 
0x0D, 0x30, 0x17, 0x15, 
0xE0, 0x38, 0xB4, 0x02, 
0x80, 0x00, 0x00, 0x00, 
0xC0, 0x00, 0x09, 0x8F, 
0x8D, 0x84, 0x19, 0x55, 
0xC0, 0x00, 0x09, 0x8F, 
0x8D, 0x94, 0x17, 0x55, 
0x0D, 0x30, 0x17, 0x35, 
0xE0, 0x38, 0xB8, 0x02, 
0x80, 0x00, 0x00, 0x00, 
0xC0, 0x00, 0x09, 0x8F, 
0x8D, 0x84, 0x19, 0x75, 
0xC0, 0x00, 0x09, 0x8F, 
0x8D, 0x94, 0x17, 0x75, 
0x0D, 0x30, 0x17, 0x55, 
0xE0, 0x38, 0xBC, 0x02, 
0x80, 0x00, 0x00, 0x00, 
0xC0, 0x00, 0x09, 0x8F, 
0x8D, 0x84, 0x19, 0x95, 
0xC0, 0x00, 0x09, 0x8F, 
0x8D, 0x94, 0x17, 0x95, 
0x0D, 0x30, 0x17, 0x75, 
0xE0, 0x38, 0xC0, 0x02, 
0x80, 0x00, 0x00, 0x00, 
0xC0, 0x00, 0x09, 0x8F, 
0x8D, 0x84, 0x19, 0xB5, 
0xC0, 0x00, 0x09, 0x8F, 
0x8D, 0x94, 0x17, 0xB5, 
0x0D, 0x30, 0x17, 0x95, 
0xE0, 0x38, 0xC4, 0x02, 
0x80, 0x00, 0x00, 0x00, 
0xC0, 0x00, 0x09, 0x8F, 
0x8D, 0x84, 0x19, 0xD5, 
0xC0, 0x00, 0x09, 0x8F, 
0x8D, 0x94, 0x17, 0xD5, 
0x0D, 0x30, 0x17, 0xB5, 
0xE0, 0x38, 0xC8, 0x02, 
0x80, 0x00, 0x00, 0x00, 
0xC0, 0x00, 0x09, 0x8F, 
0x8D, 0x84, 0x19, 0xF5, 
0xC0, 0x00, 0x09, 0x8F, 
0x8D, 0x94, 0x17, 0xF5, 
0x0D, 0x30, 0x17, 0xD5, 
0xE0, 0x38, 0xCC, 0x02, 
0x80, 0x00, 0x00, 0x00, 
0xC0, 0x00, 0x09, 0x8F, 
0x8D, 0x84, 0x1A, 0x15, 
0xC0, 0x00, 0x09, 0x8F, 
0x8D, 0x94, 0x18, 0x15, 
0x0D, 0x30, 0x17, 0xF5, 
0xE0, 0x38, 0xD0, 0x02, 
0x80, 0x00, 0x00, 0x00, 
0xC0, 0x00, 0x09, 0x8F, 
0x8D, 0x84, 0x1A, 0x35, 
0xC0, 0x00, 0x09, 0x8F, 
0x8D, 0x94, 0x18, 0x35, 
0x0D, 0x30, 0x18, 0x15, 
0xE0, 0x38, 0xD4, 0x02, 
0x80, 0x00, 0x00, 0x00, 
0xC0, 0x00, 0x09, 0x8F, 
0x8D, 0x84, 0x18, 0x79, 
0xC0, 0x00, 0x09, 0x8F, 
0x8D, 0x94, 0x16, 0x79, 
0x0D, 0x30, 0x18, 0x35, 
0xE0, 0x38, 0xD8, 0x02, 
0x80, 0x00, 0x00, 0x00, 
0x06, 0x10, 0x12, 0xFE, 
0x06, 0x10, 0x93, 0x5E, 
0x06, 0x11, 0x11, 0xAE, 
0x06, 0x11, 0x92, 0x0E, 
0xC0, 0x00, 0x09, 0x8F, 
0x8D, 0x84, 0x18, 0x99, 
0xC0, 0x00, 0x09, 0x8F, 
0x8D, 0x94, 0x16, 0x99, 
0x0D, 0x30, 0x16, 0x79, 
0xE0, 0x38, 0xDC, 0x02, 
0x80, 0x00, 0x00, 0x00, 
0xC0, 0x00, 0x09, 0x8F, 
0x8D, 0x84, 0x18, 0xB9, 
0xC0, 0x00, 0x09, 0x8F, 
0x8D, 0x94, 0x16, 0xB9, 
0x0D, 0x30, 0x16, 0x99, 
0xE0, 0x38, 0xA4, 0x02, 
0x80, 0x00, 0x00, 0x00, 
0xC0, 0x00, 0x09, 0x8F, 
0x8D, 0x84, 0x18, 0xD9, 
0xC0, 0x00, 0x09, 0x8F, 
0x8D, 0x94, 0x16, 0xD9, 
0x0D, 0x30, 0x16, 0xB9, 
0xE0, 0x38, 0xA8, 0x02, 
0x80, 0x00, 0x00, 0x00, 
0xC0, 0x00, 0x09, 0x8F, 
0x8D, 0x84, 0x18, 0xF9, 
0xC0, 0x00, 0x09, 0x8F, 
0x8D, 0x94, 0x16, 0xF9, 
0x0D, 0x30, 0x16, 0xD9, 
0xE0, 0x38, 0xAC, 0x02, 
0x80, 0x00, 0x00, 0x00, 
0xC0, 0x00, 0x09, 0x8F, 
0x8D, 0x84, 0x19, 0x19, 
0xC0, 0x00, 0x09, 0x8F, 
0x8D, 0x94, 0x17, 0x19, 
0x0D, 0x30, 0x16, 0xF9, 
0xE0, 0x38, 0xB0, 0x02, 
0x80, 0x00, 0x00, 0x00, 
0xC0, 0x00, 0x09, 0x8F, 
0x8D, 0x84, 0x19, 0x39, 
0xC0, 0x00, 0x09, 0x8F, 
0x8D, 0x94, 0x17, 0x39, 
0x0D, 0x30, 0x17, 0x19, 
0xE0, 0x38, 0xB4, 0x02, 
0x80, 0x00, 0x00, 0x00, 
0xC0, 0x00, 0x09, 0x8F, 
0x8D, 0x84, 0x19, 0x59, 
0xC0, 0x00, 0x09, 0x8F, 
0x8D, 0x94, 0x17, 0x59, 
0x0D, 0x30, 0x17, 0x39, 
0xE0, 0x38, 0xB8, 0x02, 
0x80, 0x00, 0x00, 0x00, 
0xC0, 0x00, 0x09, 0x8F, 
0x8D, 0x84, 0x19, 0x79, 
0xC0, 0x00, 0x09, 0x8F, 
0x8D, 0x94, 0x17, 0x79, 
0x0D, 0x30, 0x17, 0x59, 
0xE0, 0x38, 0xBC, 0x02, 
0x80, 0x00, 0x00, 0x00, 
0xC0, 0x00, 0x09, 0x8F, 
0x8D, 0x84, 0x19, 0x99, 
0xC0, 0x00, 0x09, 0x8F, 
0x8D, 0x94, 0x17, 0x99, 
0x0D, 0x30, 0x17, 0x79, 
0xE0, 0x38, 0xC0, 0x02, 
0x80, 0x00, 0x00, 0x00, 
0xC0, 0x00, 0x09, 0x8F, 
0x8D, 0x84, 0x19, 0xB9, 
0xC0, 0x00, 0x09, 0x8F, 
0x8D, 0x94, 0x17, 0xB9, 
0x0D, 0x30, 0x17, 0x99, 
0xE0, 0x38, 0xC4, 0x02, 
0x80, 0x00, 0x00, 0x00, 
0xC0, 0x00, 0x09, 0x8F, 
0x8D, 0x84, 0x19, 0xD9, 
0xC0, 0x00, 0x09, 0x8F, 
0x8D, 0x94, 0x17, 0xD9, 
0x0D, 0x30, 0x17, 0xB9, 
0xE0, 0x38, 0xC8, 0x02, 
0x80, 0x00, 0x00, 0x00, 
0xC0, 0x00, 0x09, 0x8F, 
0x8D, 0x84, 0x19, 0xF9, 
0xC0, 0x00, 0x09, 0x8F, 
0x8D, 0x94, 0x17, 0xF9, 
0x0D, 0x30, 0x17, 0xD9, 
0xE0, 0x38, 0xCC, 0x02, 
0x80, 0x00, 0x00, 0x00, 
0xC0, 0x00, 0x09, 0x8F, 
0x8D, 0x84, 0x1A, 0x19, 
0xC0, 0x00, 0x09, 0x8F, 
0x8D, 0x94, 0x18, 0x19, 
0x0D, 0x30, 0x17, 0xF9, 
0xE0, 0x38, 0xD0, 0x02, 
0x80, 0x00, 0x00, 0x00, 
0xC0, 0x00, 0x09, 0x8F, 
0x8D, 0x84, 0x1A, 0x39, 
0xC0, 0x00, 0x09, 0x8F, 
0x8D, 0x94, 0x18, 0x39, 
0x0D, 0x30, 0x18, 0x19, 
0xE0, 0x38, 0xD4, 0x02, 
0x80, 0x00, 0x00, 0x00, 
0x0D, 0x30, 0x18, 0x39, 
0xE0, 0x38, 0xD8, 0x02, 
0x80, 0x00, 0x00, 0x00, 
0x00, 0x84, 0x0F, 0xF0, 
0xC0, 0x00, 0x00, 0x10, 
0x80, 0xCC, 0x98, 0x1E, 
0xC0, 0x00, 0x00, 0x10, 
0x80, 0xCD, 0x18, 0x3E, 
0xC0, 0x00, 0x00, 0x10, 
0x80, 0xCD, 0x98, 0x5E, 
0xC0, 0x00, 0x00, 0x10, 
0x80, 0xCE, 0x18, 0x7E, 
0xC0, 0x00, 0x00, 0x10, 
0x80, 0xCE, 0x98, 0x9E, 
0xC0, 0x00, 0x00, 0x10, 
0x80, 0xCF, 0x18, 0xBE, 
0xC0, 0x00, 0x00, 0x10, 
0x80, 0xCF, 0x98, 0xDE, 
0xC0, 0x00, 0x00, 0x10, 
0x80, 0xEC, 0x18, 0xFE, 
0xC0, 0x00, 0x00, 0x10, 
0x80, 0xEC, 0x99, 0x1E, 
0xC0, 0x00, 0x00, 0x10, 
0x80, 0xED, 0x19, 0x3E, 
0xC0, 0x00, 0x00, 0x10, 
0x80, 0xED, 0x99, 0x5E, 
0xC0, 0x00, 0x00, 0x10, 
0x80, 0xEE, 0x19, 0x7E, 
0xC0, 0x00, 0x00, 0x10, 
0x80, 0xEE, 0x99, 0x9E, 
0xC0, 0x00, 0x00, 0x10, 
0x80, 0xEF, 0x19, 0xBE, 
0xC0, 0x00, 0x00, 0x10, 
0x80, 0xEF, 0x99, 0xDE, 
0xC0, 0x00, 0x00, 0x00, 
0x82, 0x0F, 0x00, 0x00, 
0xC0, 0x00, 0x30, 0x00, 
0x80, 0x00, 0xFD, 0xA0, 
0xC0, 0x00, 0x09, 0x8F, 
0x8D, 0x84, 0x1A, 0x3D, 
0xC0, 0x00, 0x09, 0x8F, 
0x8D, 0x94, 0x18, 0x3D, 
0xC0, 0x00, 0x00, 0x18, 
0x80, 0x90, 0x16, 0x5E, 
0xC0, 0x00, 0x00, 0x18, 
0x80, 0x90, 0x96, 0x8E, 
0xC0, 0x00, 0x00, 0x18, 
0x80, 0x91, 0x15, 0x3E, 
0xC0, 0x00, 0x00, 0x18, 
0x80, 0x91, 0x95, 0x0E, 
0x0C, 0x31, 0xFD, 0xA0, 
0xC0, 0x00, 0x09, 0x8F, 
0x8D, 0x84, 0x1A, 0x41, 
0xC0, 0x00, 0x09, 0x8F, 
0x8D, 0x94, 0x18, 0x41, 
0x0D, 0x30, 0x18, 0x3D, 
0xE0, 0x38, 0x80, 0x06, 
0x80, 0x00, 0x00, 0x00, 
0xC0, 0x00, 0x00, 0x18, 
0x80, 0x90, 0x12, 0xBE, 
0xC0, 0x00, 0x00, 0x18, 
0x80, 0x90, 0x93, 0x1E, 
0xC0, 0x00, 0x00, 0x18, 
0x80, 0x91, 0x11, 0x6E, 
0xC0, 0x00, 0x00, 0x18, 
0x80, 0x91, 0x91, 0xCE, 
0xC0, 0x00, 0x09, 0x8F, 
0x8D, 0x84, 0x1A, 0x45, 
0xC0, 0x00, 0x09, 0x8F, 
0x8D, 0x94, 0x18, 0x45, 
0x0D, 0x30, 0x18, 0x41, 
0xE0, 0x38, 0x80, 0x02, 
0x80, 0x00, 0x00, 0x00, 
0xC0, 0x00, 0x00, 0x18, 
0x80, 0x90, 0x10, 0x1E, 
0xC0, 0x00, 0x00, 0x18, 
0x80, 0x90, 0x90, 0x7E, 
0xC0, 0x00, 0x00, 0x18, 
0x80, 0x11, 0x1E, 0xCE, 
0xC0, 0x00, 0x00, 0x18, 
0x80, 0x11, 0x9F, 0x2E, 
0xC0, 0x00, 0x09, 0x8F, 
0x8D, 0x84, 0x1A, 0x49, 
0xC0, 0x00, 0x09, 0x8F, 
0x8D, 0x94, 0x18, 0x49, 
0x0D, 0x30, 0x18, 0x45, 
0xE0, 0x38, 0xA4, 0x02, 
0x80, 0x00, 0x00, 0x00, 
0xC0, 0x00, 0x00, 0x18, 
0x80, 0x10, 0x1D, 0x7E, 
0xC0, 0x00, 0x00, 0x18, 
0x80, 0x10, 0x9D, 0xDE, 
0xC0, 0x00, 0x00, 0x18, 
0x80, 0x11, 0x1C, 0x2E, 
0xC0, 0x00, 0x00, 0x18, 
0x80, 0x11, 0x9C, 0x8E, 
0xC0, 0x00, 0x09, 0x8F, 
0x8D, 0x84, 0x1A, 0x4D, 
0xC0, 0x00, 0x09, 0x8F, 
0x8D, 0x94, 0x18, 0x4D, 
0x0D, 0x30, 0x18, 0x49, 
0xE0, 0x38, 0xA4, 0x02, 
0x80, 0x00, 0x00, 0x00, 
0xC0, 0x00, 0x00, 0x18, 
0x80, 0x10, 0x1A, 0xDE, 
0xC0, 0x00, 0x00, 0x18, 
0x80, 0x10, 0x9B, 0x3E, 
0xC0, 0x00, 0x00, 0x18, 
0x80, 0x11, 0x19, 0x8E, 
0xC0, 0x00, 0x00, 0x18, 
0x80, 0x11, 0x99, 0xEE, 
0xC0, 0x00, 0x09, 0x8F, 
0x8D, 0x84, 0x1A, 0x51, 
0xC0, 0x00, 0x09, 0x8F, 
0x8D, 0x94, 0x18, 0x51, 
0x0D, 0x30, 0x18, 0x4D, 
0xE0, 0x38, 0xA4, 0x02, 
0x80, 0x00, 0x00, 0x00, 
0xC0, 0x00, 0x00, 0x18, 
0x80, 0x10, 0x18, 0x3E, 
0xC0, 0x00, 0x00, 0x18, 
0x80, 0x10, 0x98, 0x9E, 
0x06, 0x11, 0x16, 0xEE, 
0x06, 0x11, 0x97, 0x4E, 
0xC0, 0x00, 0x09, 0x8F, 
0x8D, 0x84, 0x1A, 0x55, 
0xC0, 0x00, 0x09, 0x8F, 
0x8D, 0x94, 0x18, 0x55, 
0x0D, 0x30, 0x18, 0x51, 
0xE0, 0x38, 0xA4, 0x02, 
0x80, 0x00, 0x00, 0x00, 
0x06, 0x10, 0x15, 0x9E, 
0x06, 0x10, 0x95, 0xFE, 
0x06, 0x11, 0x14, 0x4E, 
0x06, 0x11, 0x94, 0xAE, 
0xC0, 0x00, 0x09, 0x8F, 
0x8D, 0x84, 0x1A, 0x59, 
0xC0, 0x00, 0x09, 0x8F, 
0x8D, 0x94, 0x18, 0x59, 
0x0D, 0x30, 0x18, 0x55, 
0xE0, 0x38, 0xA4, 0x02, 
0x80, 0x00, 0x00, 0x00, 
0x06, 0x10, 0x12, 0xFE, 
0x06, 0x10, 0x93, 0x5E, 
0x06, 0x11, 0x11, 0xAE, 
0x06, 0x11, 0x92, 0x0E, 
0x0D, 0x30, 0x18, 0x59, 
0xE0, 0x38, 0xA4, 0x02, 
0x80, 0x00, 0x00, 0x00, 
0x00, 0x84, 0x01, 0x10, 
0xC0, 0x00, 0x00, 0x10, 
0x80, 0xCC, 0x99, 0xFE, 
0xC0, 0x00, 0x08, 0x0F, 
0x8D, 0x80, 0x1A, 0x5D, 
0xC0, 0x00, 0x00, 0x00, 
0x82, 0x0F, 0x00, 0x00, 
0xC0, 0x00, 0x30, 0x00, 
0x80, 0x00, 0xFD, 0xA0, 
0xC0, 0x00, 0x09, 0x8F, 
0x8D, 0x84, 0x1B, 0x5E, 
0xC0, 0x00, 0x09, 0x8F, 
0x8D, 0x94, 0x1A, 0x5E, 
0xC0, 0x00, 0x00, 0x18, 
0x80, 0x90, 0x17, 0x0E, 
0xC0, 0x00, 0x00, 0x18, 
0x80, 0x90, 0x97, 0x1E, 
0xC0, 0x00, 0x00, 0x18, 
0x80, 0x91, 0x17, 0x2E, 
0xC0, 0x00, 0x00, 0x18, 
0x80, 0x91, 0x97, 0x3E, 
0x0C, 0x31, 0xFD, 0xA0, 
0xC0, 0x00, 0x09, 0x8F, 
0x8D, 0x84, 0x1B, 0x6E, 
0xC0, 0x00, 0x09, 0x8F, 
0x8D, 0x94, 0x1A, 0x6E, 
0x0D, 0x30, 0x1A, 0x5E, 
0xE0, 0x38, 0x80, 0x06, 
0x80, 0x00, 0x00, 0x00, 
0xC0, 0x00, 0x09, 0x8F, 
0x8D, 0x84, 0x1B, 0x7E, 
0xC0, 0x00, 0x09, 0x8F, 
0x8D, 0x94, 0x1A, 0x7E, 
0x0D, 0x30, 0x1A, 0x6E, 
0xE0, 0x38, 0x80, 0x0A, 
0x80, 0x00, 0x00, 0x00, 
0xC0, 0x00, 0x09, 0x8F, 
0x8D, 0x84, 0x1B, 0x8E, 
0xC0, 0x00, 0x09, 0x8F, 
0x8D, 0x94, 0x1A, 0x8E, 
0x0D, 0x30, 0x1A, 0x7E, 
0xE0, 0x38, 0x80, 0x0E, 
0x80, 0x00, 0x00, 0x00, 
0xC0, 0x00, 0x09, 0x8F, 
0x8D, 0x84, 0x1B, 0x9E, 
0xC0, 0x00, 0x09, 0x8F, 
0x8D, 0x94, 0x1A, 0x9E, 
0x0D, 0x30, 0x1A, 0x8E, 
0xE0, 0x38, 0x80, 0x12, 
0x80, 0x00, 0x00, 0x00, 
0xC0, 0x00, 0x09, 0x8F, 
0x8D, 0x84, 0x1B, 0xAE, 
0xC0, 0x00, 0x09, 0x8F, 
0x8D, 0x94, 0x1A, 0xAE, 
0x0D, 0x30, 0x1A, 0x9E, 
0xE0, 0x38, 0x80, 0x16, 
0x80, 0x00, 0x00, 0x00, 
0xC0, 0x00, 0x09, 0x8F, 
0x8D, 0x84, 0x1B, 0xBE, 
0xC0, 0x00, 0x09, 0x8F, 
0x8D, 0x94, 0x1A, 0xBE, 
0x0D, 0x30, 0x1A, 0xAE, 
0xE0, 0x38, 0x80, 0x1A, 
0x80, 0x00, 0x00, 0x00, 
0xC0, 0x00, 0x09, 0x8F, 
0x8D, 0x84, 0x1B, 0xCE, 
0xC0, 0x00, 0x09, 0x8F, 
0x8D, 0x94, 0x1A, 0xCE, 
0x0D, 0x30, 0x1A, 0xBE, 
0xE0, 0x38, 0x80, 0x1E, 
0x80, 0x00, 0x00, 0x00, 
0xC0, 0x00, 0x09, 0x8F, 
0x8D, 0x84, 0x1B, 0xDE, 
0xC0, 0x00, 0x09, 0x8F, 
0x8D, 0x94, 0x1A, 0xDE, 
0x0D, 0x30, 0x1A, 0xCE, 
0xE0, 0x38, 0x80, 0x22, 
0x80, 0x00, 0x00, 0x00, 
0xC0, 0x00, 0x09, 0x8F, 
0x8D, 0x84, 0x1B, 0xEE, 
0xC0, 0x00, 0x09, 0x8F, 
0x8D, 0x94, 0x1A, 0xEE, 
0x0D, 0x30, 0x1A, 0xDE, 
0xE0, 0x38, 0x80, 0x26, 
0x80, 0x00, 0x00, 0x00, 
0xC0, 0x00, 0x09, 0x8F, 
0x8D, 0x84, 0x1B, 0xFE, 
0xC0, 0x00, 0x09, 0x8F, 
0x8D, 0x94, 0x1A, 0xFE, 
0x0D, 0x30, 0x1A, 0xEE, 
0xE0, 0x38, 0x80, 0x2A, 
0x80, 0x00, 0x00, 0x00, 
0xC0, 0x00, 0x09, 0x8F, 
0x8D, 0x84, 0x1C, 0x0E, 
0xC0, 0x00, 0x09, 0x8F, 
0x8D, 0x94, 0x1B, 0x0E, 
0x0D, 0x30, 0x1A, 0xFE, 
0xE0, 0x38, 0x80, 0x2E, 
0x80, 0x00, 0x00, 0x00, 
0xC0, 0x00, 0x09, 0x8F, 
0x8D, 0x84, 0x1C, 0x1E, 
0xC0, 0x00, 0x09, 0x8F, 
0x8D, 0x94, 0x1B, 0x1E, 
0x0D, 0x30, 0x1B, 0x0E, 
0xE0, 0x38, 0x80, 0x32, 
0x80, 0x00, 0x00, 0x00, 
0xC0, 0x00, 0x09, 0x8F, 
0x8D, 0x84, 0x1C, 0x2E, 
0xC0, 0x00, 0x09, 0x8F, 
0x8D, 0x94, 0x1B, 0x2E, 
0x0D, 0x30, 0x1B, 0x1E, 
0xE0, 0x38, 0x80, 0x36, 
0x80, 0x00, 0x00, 0x00, 
0xC0, 0x00, 0x09, 0x8F, 
0x8D, 0x84, 0x1C, 0x3E, 
0xC0, 0x00, 0x09, 0x8F, 
0x8D, 0x94, 0x1B, 0x3E, 
0x0D, 0x30, 0x1B, 0x2E, 
0xE0, 0x38, 0x80, 0x3A, 
0x80, 0x00, 0x00, 0x00, 
0xC0, 0x00, 0x09, 0x8F, 
0x8D, 0x84, 0x1B, 0x62, 
0xC0, 0x00, 0x09, 0x8F, 
0x8D, 0x94, 0x1A, 0x62, 
0x0D, 0x30, 0x1B, 0x3E, 
0xE0, 0x38, 0x80, 0x3E, 
0x80, 0x00, 0x00, 0x00, 
0xC0, 0x00, 0x00, 0x18, 
0x80, 0x90, 0x17, 0x4E, 
0xC0, 0x00, 0x00, 0x18, 
0x80, 0x90, 0x97, 0x5E, 
0xC0, 0x00, 0x00, 0x18, 
0x80, 0x91, 0x17, 0x6E, 
0xC0, 0x00, 0x00, 0x18, 
0x80, 0x91, 0x97, 0x7E, 
0xC0, 0x00, 0x09, 0x8F, 
0x8D, 0x84, 0x1B, 0x72, 
0xC0, 0x00, 0x09, 0x8F, 
0x8D, 0x94, 0x1A, 0x72, 
0x0D, 0x30, 0x1A, 0x62, 
0xE0, 0x38, 0x80, 0x02, 
0x80, 0x00, 0x00, 0x00, 
0xC0, 0x00, 0x09, 0x8F, 
0x8D, 0x84, 0x1B, 0x82, 
0xC0, 0x00, 0x09, 0x8F, 
0x8D, 0x94, 0x1A, 0x82, 
0x0D, 0x30, 0x1A, 0x72, 
0xE0, 0x38, 0xA4, 0x02, 
0x80, 0x00, 0x00, 0x00, 
0xC0, 0x00, 0x09, 0x8F, 
0x8D, 0x84, 0x1B, 0x92, 
0xC0, 0x00, 0x09, 0x8F, 
0x8D, 0x94, 0x1A, 0x92, 
0x0D, 0x30, 0x1A, 0x82, 
0xE0, 0x38, 0xA8, 0x02, 
0x80, 0x00, 0x00, 0x00, 
0xC0, 0x00, 0x09, 0x8F, 
0x8D, 0x84, 0x1B, 0xA2, 
0xC0, 0x00, 0x09, 0x8F, 
0x8D, 0x94, 0x1A, 0xA2, 
0x0D, 0x30, 0x1A, 0x92, 
0xE0, 0x38, 0xAC, 0x02, 
0x80, 0x00, 0x00, 0x00, 
0xC0, 0x00, 0x09, 0x8F, 
0x8D, 0x84, 0x1B, 0xB2, 
0xC0, 0x00, 0x09, 0x8F, 
0x8D, 0x94, 0x1A, 0xB2, 
0x0D, 0x30, 0x1A, 0xA2, 
0xE0, 0x38, 0xB0, 0x02, 
0x80, 0x00, 0x00, 0x00, 
0xC0, 0x00, 0x09, 0x8F, 
0x8D, 0x84, 0x1B, 0xC2, 
0xC0, 0x00, 0x09, 0x8F, 
0x8D, 0x94, 0x1A, 0xC2, 
0x0D, 0x30, 0x1A, 0xB2, 
0xE0, 0x38, 0xB4, 0x02, 
0x80, 0x00, 0x00, 0x00, 
0xC0, 0x00, 0x09, 0x8F, 
0x8D, 0x84, 0x1B, 0xD2, 
0xC0, 0x00, 0x09, 0x8F, 
0x8D, 0x94, 0x1A, 0xD2, 
0x0D, 0x30, 0x1A, 0xC2, 
0xE0, 0x38, 0xB8, 0x02, 
0x80, 0x00, 0x00, 0x00, 
0xC0, 0x00, 0x09, 0x8F, 
0x8D, 0x84, 0x1B, 0xE2, 
0xC0, 0x00, 0x09, 0x8F, 
0x8D, 0x94, 0x1A, 0xE2, 
0x0D, 0x30, 0x1A, 0xD2, 
0xE0, 0x38, 0xBC, 0x02, 
0x80, 0x00, 0x00, 0x00, 
0xC0, 0x00, 0x09, 0x8F, 
0x8D, 0x84, 0x1B, 0xF2, 
0xC0, 0x00, 0x09, 0x8F, 
0x8D, 0x94, 0x1A, 0xF2, 
0x0D, 0x30, 0x1A, 0xE2, 
0xE0, 0x38, 0xC0, 0x02, 
0x80, 0x00, 0x00, 0x00, 
0xC0, 0x00, 0x09, 0x8F, 
0x8D, 0x84, 0x1C, 0x02, 
0xC0, 0x00, 0x09, 0x8F, 
0x8D, 0x94, 0x1B, 0x02, 
0x0D, 0x30, 0x1A, 0xF2, 
0xE0, 0x38, 0xC4, 0x02, 
0x80, 0x00, 0x00, 0x00, 
0xC0, 0x00, 0x09, 0x8F, 
0x8D, 0x84, 0x1C, 0x12, 
0xC0, 0x00, 0x09, 0x8F, 
0x8D, 0x94, 0x1B, 0x12, 
0x0D, 0x30, 0x1B, 0x02, 
0xE0, 0x38, 0xC8, 0x02, 
0x80, 0x00, 0x00, 0x00, 
0xC0, 0x00, 0x09, 0x8F, 
0x8D, 0x84, 0x1C, 0x22, 
0xC0, 0x00, 0x09, 0x8F, 
0x8D, 0x94, 0x1B, 0x22, 
0x0D, 0x30, 0x1B, 0x12, 
0xE0, 0x38, 0xCC, 0x02, 
0x80, 0x00, 0x00, 0x00, 
0xC0, 0x00, 0x09, 0x8F, 
0x8D, 0x84, 0x1C, 0x32, 
0xC0, 0x00, 0x09, 0x8F, 
0x8D, 0x94, 0x1B, 0x32, 
0x0D, 0x30, 0x1B, 0x22, 
0xE0, 0x38, 0xD0, 0x02, 
0x80, 0x00, 0x00, 0x00, 
0xC0, 0x00, 0x09, 0x8F, 
0x8D, 0x84, 0x1C, 0x42, 
0xC0, 0x00, 0x09, 0x8F, 
0x8D, 0x94, 0x1B, 0x42, 
0x0D, 0x30, 0x1B, 0x32, 
0xE0, 0x38, 0xD4, 0x02, 
0x80, 0x00, 0x00, 0x00, 
0xC0, 0x00, 0x09, 0x8F, 
0x8D, 0x84, 0x1B, 0x66, 
0xC0, 0x00, 0x09, 0x8F, 
0x8D, 0x94, 0x1A, 0x66, 
0x0D, 0x30, 0x1B, 0x42, 
0xE0, 0x38, 0xD8, 0x02, 
0x80, 0x00, 0x00, 0x00, 
0xC0, 0x00, 0x00, 0x18, 
0x80, 0x90, 0x17, 0x8E, 
0xC0, 0x00, 0x00, 0x18, 
0x80, 0x90, 0x97, 0x9E, 
0xC0, 0x00, 0x00, 0x18, 
0x80, 0x91, 0x17, 0xAE, 
0xC0, 0x00, 0x00, 0x18, 
0x80, 0x91, 0x97, 0xBE, 
0xC0, 0x00, 0x09, 0x8F, 
0x8D, 0x84, 0x1B, 0x76, 
0xC0, 0x00, 0x09, 0x8F, 
0x8D, 0x94, 0x1A, 0x76, 
0x0D, 0x30, 0x1A, 0x66, 
0xE0, 0x38, 0xDC, 0x02, 
0x80, 0x00, 0x00, 0x00, 
0xC0, 0x00, 0x09, 0x8F, 
0x8D, 0x84, 0x1B, 0x86, 
0xC0, 0x00, 0x09, 0x8F, 
0x8D, 0x94, 0x1A, 0x86, 
0x0D, 0x30, 0x1A, 0x76, 
0xE0, 0x38, 0xA4, 0x02, 
0x80, 0x00, 0x00, 0x00, 
0xC0, 0x00, 0x09, 0x8F, 
0x8D, 0x84, 0x1B, 0x96, 
0xC0, 0x00, 0x09, 0x8F, 
0x8D, 0x94, 0x1A, 0x96, 
0x0D, 0x30, 0x1A, 0x86, 
0xE0, 0x38, 0xA8, 0x02, 
0x80, 0x00, 0x00, 0x00, 
0xC0, 0x00, 0x09, 0x8F, 
0x8D, 0x84, 0x1B, 0xA6, 
0xC0, 0x00, 0x09, 0x8F, 
0x8D, 0x94, 0x1A, 0xA6, 
0x0D, 0x30, 0x1A, 0x96, 
0xE0, 0x38, 0xAC, 0x02, 
0x80, 0x00, 0x00, 0x00, 
0xC0, 0x00, 0x09, 0x8F, 
0x8D, 0x84, 0x1B, 0xB6, 
0xC0, 0x00, 0x09, 0x8F, 
0x8D, 0x94, 0x1A, 0xB6, 
0x0D, 0x30, 0x1A, 0xA6, 
0xE0, 0x38, 0xB0, 0x02, 
0x80, 0x00, 0x00, 0x00, 
0xC0, 0x00, 0x09, 0x8F, 
0x8D, 0x84, 0x1B, 0xC6, 
0xC0, 0x00, 0x09, 0x8F, 
0x8D, 0x94, 0x1A, 0xC6, 
0x0D, 0x30, 0x1A, 0xB6, 
0xE0, 0x38, 0xB4, 0x02, 
0x80, 0x00, 0x00, 0x00, 
0xC0, 0x00, 0x09, 0x8F, 
0x8D, 0x84, 0x1B, 0xD6, 
0xC0, 0x00, 0x09, 0x8F, 
0x8D, 0x94, 0x1A, 0xD6, 
0x0D, 0x30, 0x1A, 0xC6, 
0xE0, 0x38, 0xB8, 0x02, 
0x80, 0x00, 0x00, 0x00, 
0xC0, 0x00, 0x09, 0x8F, 
0x8D, 0x84, 0x1B, 0xE6, 
0xC0, 0x00, 0x09, 0x8F, 
0x8D, 0x94, 0x1A, 0xE6, 
0x0D, 0x30, 0x1A, 0xD6, 
0xE0, 0x38, 0xBC, 0x02, 
0x80, 0x00, 0x00, 0x00, 
0xC0, 0x00, 0x09, 0x8F, 
0x8D, 0x84, 0x1B, 0xF6, 
0xC0, 0x00, 0x09, 0x8F, 
0x8D, 0x94, 0x1A, 0xF6, 
0x0D, 0x30, 0x1A, 0xE6, 
0xE0, 0x38, 0xC0, 0x02, 
0x80, 0x00, 0x00, 0x00, 
0xC0, 0x00, 0x09, 0x8F, 
0x8D, 0x84, 0x1C, 0x06, 
0xC0, 0x00, 0x09, 0x8F, 
0x8D, 0x94, 0x1B, 0x06, 
0x0D, 0x30, 0x1A, 0xF6, 
0xE0, 0x38, 0xC4, 0x02, 
0x80, 0x00, 0x00, 0x00, 
0xC0, 0x00, 0x09, 0x8F, 
0x8D, 0x84, 0x1C, 0x16, 
0xC0, 0x00, 0x09, 0x8F, 
0x8D, 0x94, 0x1B, 0x16, 
0x0D, 0x30, 0x1B, 0x06, 
0xE0, 0x38, 0xC8, 0x02, 
0x80, 0x00, 0x00, 0x00, 
0xC0, 0x00, 0x09, 0x8F, 
0x8D, 0x84, 0x1C, 0x26, 
0xC0, 0x00, 0x09, 0x8F, 
0x8D, 0x94, 0x1B, 0x26, 
0x0D, 0x30, 0x1B, 0x16, 
0xE0, 0x38, 0xCC, 0x02, 
0x80, 0x00, 0x00, 0x00, 
0xC0, 0x00, 0x09, 0x8F, 
0x8D, 0x84, 0x1C, 0x36, 
0xC0, 0x00, 0x09, 0x8F, 
0x8D, 0x94, 0x1B, 0x36, 
0x0D, 0x30, 0x1B, 0x26, 
0xE0, 0x38, 0xD0, 0x02, 
0x80, 0x00, 0x00, 0x00, 
0xC0, 0x00, 0x09, 0x8F, 
0x8D, 0x84, 0x1C, 0x46, 
0xC0, 0x00, 0x09, 0x8F, 
0x8D, 0x94, 0x1B, 0x46, 
0x0D, 0x30, 0x1B, 0x36, 
0xE0, 0x38, 0xD4, 0x02, 
0x80, 0x00, 0x00, 0x00, 
0xC0, 0x00, 0x09, 0x8F, 
0x8D, 0x84, 0x1B, 0x6A, 
0xC0, 0x00, 0x09, 0x8F, 
0x8D, 0x94, 0x1A, 0x6A, 
0x0D, 0x30, 0x1B, 0x46, 
0xE0, 0x38, 0xD8, 0x02, 
0x80, 0x00, 0x00, 0x00, 
0xC0, 0x00, 0x00, 0x18, 
0x80, 0x90, 0x17, 0xCE, 
0xC0, 0x00, 0x00, 0x18, 
0x80, 0x90, 0x97, 0xDE, 
0xC0, 0x00, 0x00, 0x18, 
0x80, 0x91, 0x17, 0xEE, 
0xC0, 0x00, 0x00, 0x18, 
0x80, 0x91, 0x97, 0xFE, 
0xC0, 0x00, 0x09, 0x8F, 
0x8D, 0x84, 0x1B, 0x7A, 
0xC0, 0x00, 0x09, 0x8F, 
0x8D, 0x94, 0x1A, 0x7A, 
0x0D, 0x30, 0x1A, 0x6A, 
0xE0, 0x38, 0xDC, 0x02, 
0x80, 0x00, 0x00, 0x00, 
0xC0, 0x00, 0x09, 0x8F, 
0x8D, 0x84, 0x1B, 0x8A, 
0xC0, 0x00, 0x09, 0x8F, 
0x8D, 0x94, 0x1A, 0x8A, 
0x0D, 0x30, 0x1A, 0x7A, 
0xE0, 0x38, 0xA4, 0x02, 
0x80, 0x00, 0x00, 0x00, 
0xC0, 0x00, 0x09, 0x8F, 
0x8D, 0x84, 0x1B, 0x9A, 
0xC0, 0x00, 0x09, 0x8F, 
0x8D, 0x94, 0x1A, 0x9A, 
0x0D, 0x30, 0x1A, 0x8A, 
0xE0, 0x38, 0xA8, 0x02, 
0x80, 0x00, 0x00, 0x00, 
0xC0, 0x00, 0x09, 0x8F, 
0x8D, 0x84, 0x1B, 0xAA, 
0xC0, 0x00, 0x09, 0x8F, 
0x8D, 0x94, 0x1A, 0xAA, 
0x0D, 0x30, 0x1A, 0x9A, 
0xE0, 0x38, 0xAC, 0x02, 
0x80, 0x00, 0x00, 0x00, 
0xC0, 0x00, 0x09, 0x8F, 
0x8D, 0x84, 0x1B, 0xBA, 
0xC0, 0x00, 0x09, 0x8F, 
0x8D, 0x94, 0x1A, 0xBA, 
0x0D, 0x30, 0x1A, 0xAA, 
0xE0, 0x38, 0xB0, 0x02, 
0x80, 0x00, 0x00, 0x00, 
0xC0, 0x00, 0x09, 0x8F, 
0x8D, 0x84, 0x1B, 0xCA, 
0xC0, 0x00, 0x09, 0x8F, 
0x8D, 0x94, 0x1A, 0xCA, 
0x0D, 0x30, 0x1A, 0xBA, 
0xE0, 0x38, 0xB4, 0x02, 
0x80, 0x00, 0x00, 0x00, 
0xC0, 0x00, 0x09, 0x8F, 
0x8D, 0x84, 0x1B, 0xDA, 
0xC0, 0x00, 0x09, 0x8F, 
0x8D, 0x94, 0x1A, 0xDA, 
0x0D, 0x30, 0x1A, 0xCA, 
0xE0, 0x38, 0xB8, 0x02, 
0x80, 0x00, 0x00, 0x00, 
0xC0, 0x00, 0x09, 0x8F, 
0x8D, 0x84, 0x1B, 0xEA, 
0xC0, 0x00, 0x09, 0x8F, 
0x8D, 0x94, 0x1A, 0xEA, 
0x0D, 0x30, 0x1A, 0xDA, 
0xE0, 0x38, 0xBC, 0x02, 
0x80, 0x00, 0x00, 0x00, 
0xC0, 0x00, 0x09, 0x8F, 
0x8D, 0x84, 0x1B, 0xFA, 
0xC0, 0x00, 0x09, 0x8F, 
0x8D, 0x94, 0x1A, 0xFA, 
0x0D, 0x30, 0x1A, 0xEA, 
0xE0, 0x38, 0xC0, 0x02, 
0x80, 0x00, 0x00, 0x00, 
0xC0, 0x00, 0x09, 0x8F, 
0x8D, 0x84, 0x1C, 0x0A, 
0xC0, 0x00, 0x09, 0x8F, 
0x8D, 0x94, 0x1B, 0x0A, 
0x0D, 0x30, 0x1A, 0xFA, 
0xE0, 0x38, 0xC4, 0x02, 
0x80, 0x00, 0x00, 0x00, 
0xC0, 0x00, 0x09, 0x8F, 
0x8D, 0x84, 0x1C, 0x1A, 
0xC0, 0x00, 0x09, 0x8F, 
0x8D, 0x94, 0x1B, 0x1A, 
0x0D, 0x30, 0x1B, 0x0A, 
0xE0, 0x38, 0xC8, 0x02, 
0x80, 0x00, 0x00, 0x00, 
0xC0, 0x00, 0x09, 0x8F, 
0x8D, 0x84, 0x1C, 0x2A, 
0xC0, 0x00, 0x09, 0x8F, 
0x8D, 0x94, 0x1B, 0x2A, 
0x0D, 0x30, 0x1B, 0x1A, 
0xE0, 0x38, 0xCC, 0x02, 
0x80, 0x00, 0x00, 0x00, 
0xC0, 0x00, 0x09, 0x8F, 
0x8D, 0x84, 0x1C, 0x3A, 
0xC0, 0x00, 0x09, 0x8F, 
0x8D, 0x94, 0x1B, 0x3A, 
0x0D, 0x30, 0x1B, 0x2A, 
0xE0, 0x38, 0xD0, 0x02, 
0x80, 0x00, 0x00, 0x00, 
0xC0, 0x00, 0x09, 0x8F, 
0x8D, 0x84, 0x1C, 0x4A, 
0xC0, 0x00, 0x09, 0x8F, 
0x8D, 0x94, 0x1B, 0x4A, 
0x0D, 0x30, 0x1B, 0x3A, 
0xE0, 0x38, 0xD4, 0x02, 
0x80, 0x00, 0x00, 0x00, 
0x0D, 0x30, 0x1B, 0x4A, 
0xE0, 0x38, 0xD8, 0x02, 
0x80, 0x00, 0x00, 0x00, 
0x00, 0x84, 0x0F, 0xF0, 
0xC0, 0x00, 0x00, 0x10, 
0x80, 0xCC, 0x98, 0x0E, 
0xC0, 0x00, 0x00, 0x10, 
0x80, 0xCD, 0x18, 0x2E, 
0xC0, 0x00, 0x00, 0x10, 
0x80, 0xCD, 0x98, 0x4E, 
0xC0, 0x00, 0x00, 0x10, 
0x80, 0xCE, 0x18, 0x6E, 
0xC0, 0x00, 0x00, 0x10, 
0x80, 0xCE, 0x98, 0x8E, 
0xC0, 0x00, 0x00, 0x10, 
0x80, 0xCF, 0x18, 0xAE, 
0xC0, 0x00, 0x00, 0x10, 
0x80, 0xCF, 0x98, 0xCE, 
0xC0, 0x00, 0x00, 0x10, 
0x80, 0xEC, 0x18, 0xEE, 
0xC0, 0x00, 0x00, 0x10, 
0x80, 0xEC, 0x99, 0x0E, 
0xC0, 0x00, 0x00, 0x10, 
0x80, 0xED, 0x19, 0x2E, 
0xC0, 0x00, 0x00, 0x10, 
0x80, 0xED, 0x99, 0x4E, 
0xC0, 0x00, 0x00, 0x10, 
0x80, 0xEE, 0x19, 0x6E, 
0xC0, 0x00, 0x00, 0x10, 
0x80, 0xEE, 0x99, 0x8E, 
0xC0, 0x00, 0x00, 0x10, 
0x80, 0xEF, 0x19, 0xAE, 
0xC0, 0x00, 0x00, 0x10, 
0x80, 0xEF, 0x99, 0xCE, 
0xC0, 0x00, 0x00, 0x00, 
0x82, 0x0F, 0x00, 0x00, 
0xC0, 0x00, 0x30, 0x00, 
0x80, 0x00, 0xFD, 0xA0, 
0xC0, 0x00, 0x09, 0x8F, 
0x8D, 0x84, 0x1C, 0x4E, 
0xC0, 0x00, 0x09, 0x8F, 
0x8D, 0x94, 0x1B, 0x4E, 
0xC0, 0x00, 0x00, 0x18, 
0x80, 0x90, 0x17, 0x0E, 
0xC0, 0x00, 0x00, 0x18, 
0x80, 0x90, 0x97, 0x1E, 
0xC0, 0x00, 0x00, 0x18, 
0x80, 0x91, 0x17, 0x2E, 
0xC0, 0x00, 0x00, 0x18, 
0x80, 0x91, 0x97, 0x3E, 
0x0C, 0x31, 0xFD, 0xA0, 
0xC0, 0x00, 0x09, 0x8F, 
0x8D, 0x84, 0x1C, 0x52, 
0xC0, 0x00, 0x09, 0x8F, 
0x8D, 0x94, 0x1B, 0x52, 
0x0D, 0x30, 0x1B, 0x4E, 
0xE0, 0x38, 0x80, 0x06, 
0x80, 0x00, 0x00, 0x00, 
0xC0, 0x00, 0x00, 0x18, 
0x80, 0x90, 0x17, 0x4E, 
0xC0, 0x00, 0x00, 0x18, 
0x80, 0x90, 0x97, 0x5E, 
0xC0, 0x00, 0x00, 0x18, 
0x80, 0x91, 0x17, 0x6E, 
0xC0, 0x00, 0x00, 0x18, 
0x80, 0x91, 0x97, 0x7E, 
0xC0, 0x00, 0x09, 0x8F, 
0x8D, 0x84, 0x1C, 0x56, 
0xC0, 0x00, 0x09, 0x8F, 
0x8D, 0x94, 0x1B, 0x56, 
0x0D, 0x30, 0x1B, 0x52, 
0xE0, 0x38, 0x80, 0x02, 
0x80, 0x00, 0x00, 0x00, 
0xC0, 0x00, 0x00, 0x18, 
0x80, 0x90, 0x17, 0x8E, 
0xC0, 0x00, 0x00, 0x18, 
0x80, 0x90, 0x97, 0x9E, 
0xC0, 0x00, 0x00, 0x18, 
0x80, 0x91, 0x17, 0xAE, 
0xC0, 0x00, 0x00, 0x18, 
0x80, 0x91, 0x97, 0xBE, 
0xC0, 0x00, 0x09, 0x8F, 
0x8D, 0x84, 0x1C, 0x5A, 
0xC0, 0x00, 0x09, 0x8F, 
0x8D, 0x94, 0x1B, 0x5A, 
0x0D, 0x30, 0x1B, 0x56, 
0xE0, 0x38, 0xA4, 0x02, 
0x80, 0x00, 0x00, 0x00, 
0xC0, 0x00, 0x00, 0x18, 
0x80, 0x90, 0x17, 0xCE, 
0xC0, 0x00, 0x00, 0x18, 
0x80, 0x90, 0x97, 0xDE, 
0xC0, 0x00, 0x00, 0x18, 
0x80, 0x91, 0x17, 0xEE, 
0xC0, 0x00, 0x00, 0x18, 
0x80, 0x91, 0x97, 0xFE, 
0x0D, 0x30, 0x1B, 0x5A, 
0xE0, 0x38, 0xA4, 0x02, 
0x80, 0x00, 0x00, 0x00, 
0x00, 0x84, 0x01, 0x10, 
0xC0, 0x00, 0x00, 0x10, 
0x80, 0xCC, 0x99, 0xEE, 
0xC0, 0x00, 0x00, 0x10, 
0x80, 0x8C, 0x18, 0x0E, 
0xC0, 0x00, 0x00, 0x10, 
0x80, 0x8C, 0x98, 0x1E, 
0xC0, 0x00, 0x00, 0x10, 
0x80, 0xAC, 0x18, 0x2E, 
0xC0, 0x00, 0x00, 0x10, 
0x80, 0xAC, 0x98, 0x3E, 
0x00, 0x40, 0x20, 0x08, 
0xC0, 0x00, 0x00, 0x10, 
0x80, 0xCC, 0x1A, 0xFE, 
0xC0, 0x00, 0x00, 0x10, 
0x80, 0xEC, 0x1A, 0xEE, 
0xC0, 0x00, 0x00, 0x10, 
0x80, 0x8C, 0x18, 0x4E, 
0xC0, 0x00, 0x00, 0x10, 
0x80, 0x8C, 0x98, 0x5E, 
0xC0, 0x00, 0x00, 0x10, 
0x80, 0xAC, 0x18, 0x6E, 
0xC0, 0x00, 0x00, 0x10, 
0x80, 0xAC, 0x98, 0x7E, 
0x00, 0x40, 0x20, 0x08, 
0xC0, 0x00, 0x00, 0x10, 
0x80, 0xCC, 0x1A, 0xDE, 
0xC0, 0x00, 0x00, 0x10, 
0x80, 0xEC, 0x1A, 0xCE, 
0xC0, 0x00, 0x00, 0x10, 
0x80, 0x8C, 0x18, 0x8E, 
0xC0, 0x00, 0x00, 0x10, 
0x80, 0x8C, 0x98, 0x9E, 
0xC0, 0x00, 0x00, 0x10, 
0x80, 0xAC, 0x18, 0xAE, 
0xC0, 0x00, 0x00, 0x10, 
0x80, 0xAC, 0x98, 0xBE, 
0x00, 0x40, 0x20, 0x08, 
0xC0, 0x00, 0x00, 0x10, 
0x80, 0xCC, 0x1A, 0xBE, 
0xC0, 0x00, 0x00, 0x10, 
0x80, 0xEC, 0x1A, 0xAE, 
0xC0, 0x00, 0x00, 0x10, 
0x80, 0x8C, 0x18, 0xCE, 
0xC0, 0x00, 0x00, 0x10, 
0x80, 0x8C, 0x98, 0xDE, 
0xC0, 0x00, 0x00, 0x10, 
0x80, 0xAC, 0x18, 0xEE, 
0xC0, 0x00, 0x00, 0x10, 
0x80, 0xAC, 0x98, 0xFE, 
0x00, 0x40, 0x20, 0x08, 
0xC0, 0x00, 0x00, 0x10, 
0x80, 0xCC, 0x1A, 0x9E, 
0xC0, 0x00, 0x00, 0x10, 
0x80, 0xEC, 0x1A, 0x8E, 
0xC0, 0x00, 0x00, 0x10, 
0x80, 0x8C, 0x19, 0x0E, 
0xC0, 0x00, 0x00, 0x10, 
0x80, 0x8C, 0x99, 0x1E, 
0xC0, 0x00, 0x00, 0x10, 
0x80, 0xAC, 0x19, 0x2E, 
0xC0, 0x00, 0x00, 0x10, 
0x80, 0xAC, 0x99, 0x3E, 
0x00, 0x40, 0x20, 0x08, 
0xC0, 0x00, 0x00, 0x10, 
0x80, 0xCC, 0x1A, 0x7E, 
0xC0, 0x00, 0x00, 0x10, 
0x80, 0xEC, 0x1A, 0x6E, 
0xC0, 0x00, 0x00, 0x10, 
0x80, 0x8C, 0x19, 0x4E, 
0xC0, 0x00, 0x00, 0x10, 
0x80, 0x8C, 0x99, 0x5E, 
0xC0, 0x00, 0x00, 0x10, 
0x80, 0xAC, 0x19, 0x6E, 
0xC0, 0x00, 0x00, 0x10, 
0x80, 0xAC, 0x99, 0x7E, 
0x00, 0x40, 0x20, 0x08, 
0xC0, 0x00, 0x00, 0x10, 
0x80, 0xCC, 0x1A, 0x5E, 
0xC0, 0x00, 0x00, 0x10, 
0x80, 0xEC, 0x1A, 0x4E, 
0xC0, 0x00, 0x00, 0x10, 
0x80, 0x8C, 0x19, 0x8E, 
0xC0, 0x00, 0x00, 0x10, 
0x80, 0x8C, 0x99, 0x9E, 
0xC0, 0x00, 0x00, 0x10, 
0x80, 0xAC, 0x19, 0xAE, 
0xC0, 0x00, 0x00, 0x10, 
0x80, 0xAC, 0x99, 0xBE, 
0x00, 0x40, 0x20, 0x08, 
0xC0, 0x00, 0x00, 0x10, 
0x80, 0xCC, 0x1A, 0x3E, 
0xC0, 0x00, 0x00, 0x10, 
0x80, 0xEC, 0x1A, 0x2E, 
0xC0, 0x00, 0x00, 0x10, 
0x80, 0x8C, 0x19, 0xCE, 
0xC0, 0x00, 0x00, 0x10, 
0x80, 0x8C, 0x99, 0xDE, 
0xC0, 0x00, 0x00, 0x10, 
0x80, 0xAC, 0x19, 0xEE, 
0xC0, 0x00, 0x00, 0x10, 
0x80, 0xAC, 0x99, 0xFE, 
0x00, 0x40, 0x20, 0x08, 
0xC0, 0x00, 0x00, 0x10, 
0x80, 0xCC, 0x1A, 0x1E, 
0xC0, 0x00, 0x00, 0x10, 
0x80, 0xEC, 0x1A, 0x0E, 
0xC0, 0x00, 0x00, 0x18, 
0x80, 0x80, 0x1A, 0x0E, 
0x0D, 0x00, 0xFC, 0xCF, 
0xC0, 0x00, 0x00, 0x18, 
0x80, 0x80, 0x1A, 0x1E, 
0x0D, 0x00, 0xFC, 0xCE, 
0xC0, 0x00, 0x00, 0x18, 
0x80, 0x80, 0x1A, 0x2E, 
0x0D, 0x00, 0xFC, 0xCD, 
0xC0, 0x00, 0x00, 0x18, 
0x80, 0x80, 0x1A, 0x3E, 
0x0D, 0x00, 0xFC, 0xCC, 
0xC0, 0x00, 0x00, 0x18, 
0x80, 0x80, 0x1A, 0x4E, 
0x0D, 0x00, 0xFC, 0xCB, 
0xC0, 0x00, 0x00, 0x18, 
0x80, 0x80, 0x1A, 0x5E, 
0x0D, 0x00, 0xFC, 0xCA, 
0xC0, 0x00, 0x00, 0x18, 
0x80, 0x80, 0x1A, 0x6E, 
0x0D, 0x00, 0xFC, 0xC9, 
0xC0, 0x00, 0x00, 0x18, 
0x80, 0x80, 0x1A, 0x7E, 
0x0D, 0x00, 0xFC, 0xC8, 
0xC0, 0x00, 0x00, 0x18, 
0x80, 0x80, 0x1A, 0x8E, 
0x0D, 0x00, 0xFC, 0xC7, 
0xC0, 0x00, 0x00, 0x18, 
0x80, 0x80, 0x1A, 0x9E, 
0x0D, 0x00, 0xFC, 0xC6, 
0xC0, 0x00, 0x00, 0x18, 
0x80, 0x80, 0x1A, 0xAE, 
0x0D, 0x00, 0xFC, 0xC5, 
0xC0, 0x00, 0x00, 0x18, 
0x80, 0x80, 0x1A, 0xBE, 
0x0D, 0x00, 0xFC, 0xC4, 
0xC0, 0x00, 0x00, 0x18, 
0x80, 0x80, 0x1A, 0xCE, 
0x0D, 0x00, 0xFC, 0xC3, 
0xC0, 0x00, 0x00, 0x18, 
0x80, 0x80, 0x1A, 0xDE, 
0x0D, 0x00, 0xFC, 0xC2, 
0xC0, 0x00, 0x00, 0x18, 
0x80, 0x80, 0x1A, 0xEE, 
0x0D, 0x00, 0xFC, 0xC1, 
0xC0, 0x00, 0x00, 0x18, 
0x80, 0x80, 0x1A, 0xFE, 
0x0D, 0x00, 0xFC, 0xC0, 
0xC0, 0x00, 0x00, 0x10, 
0x80, 0x8C, 0x1B, 0x0E, 
0xC0, 0x00, 0x00, 0x10, 
0x80, 0xCC, 0x1B, 0x4E, 
0xC0, 0x00, 0x00, 0x10, 
0x80, 0x8C, 0x1B, 0x5E, 
0xC0, 0x00, 0x00, 0x10, 
0x80, 0xCC, 0x1B, 0x9E, 
0xC0, 0x00, 0x00, 0x10, 
0x80, 0x8C, 0x1B, 0xAE, 
0xC0, 0x00, 0x00, 0x10, 
0x80, 0xCC, 0x1B, 0xEE, 
0xC0, 0x00, 0x00, 0x10, 
0x80, 0x8C, 0x1B, 0xFE, 
0xC0, 0x00, 0x00, 0x10, 
0x80, 0xCC, 0x1C, 0x3E, 
0xC0, 0x00, 0x00, 0x10, 
0x80, 0x8C, 0x1C, 0x4E, 
0xC0, 0x00, 0x00, 0x10, 
0x80, 0xCC, 0x1C, 0x8E, 
0xC0, 0x00, 0x00, 0x10, 
0x80, 0x8C, 0x1C, 0x9E, 
0xC0, 0x00, 0x00, 0x10, 
0x80, 0xCC, 0x1C, 0xDE, 
0xC0, 0x00, 0x00, 0x10, 
0x80, 0x8C, 0x1C, 0xEE, 
0xC0, 0x00, 0x00, 0x10, 
0x80, 0xCC, 0x1D, 0x2E, 
0xC0, 0x00, 0x00, 0x10, 
0x80, 0x8C, 0x1D, 0x3E, 
0xC0, 0x00, 0x00, 0x10, 
0x80, 0xCC, 0x1D, 0x7E, 
0xC0, 0x00, 0x00, 0x10, 
0x80, 0x8C, 0x1D, 0x8E, 
0xC0, 0x00, 0x00, 0x10, 
0x80, 0xCC, 0x1D, 0xCE, 
0xC0, 0x00, 0x00, 0x10, 
0x80, 0x8C, 0x1D, 0xDE, 
0xC0, 0x00, 0x00, 0x10, 
0x80, 0xCC, 0x1E, 0x1E, 
0xC0, 0x00, 0x00, 0x10, 
0x80, 0x8C, 0x1E, 0x2E, 
0xC0, 0x00, 0x00, 0x10, 
0x80, 0xCC, 0x1E, 0x6E, 
0xC0, 0x00, 0x00, 0x10, 
0x80, 0x8C, 0x1E, 0x7E, 
0xC0, 0x00, 0x00, 0x10, 
0x80, 0xCC, 0x1E, 0xBE, 
0xC0, 0x00, 0x00, 0x10, 
0x80, 0x8C, 0x1E, 0xCE, 
0xC0, 0x00, 0x00, 0x10, 
0x80, 0xCC, 0x1F, 0x0E, 
0xC0, 0x00, 0x00, 0x10, 
0x80, 0x8C, 0x1F, 0x1E, 
0xC0, 0x00, 0x00, 0x10, 
0x80, 0xCC, 0x1F, 0x5E, 
0xC0, 0x00, 0x00, 0x10, 
0x80, 0x8C, 0x1F, 0x6E, 
0xC0, 0x00, 0x00, 0x10, 
0x80, 0xCC, 0x1F, 0xAE, 
0xC0, 0x00, 0x00, 0x10, 
0x80, 0x8C, 0x1F, 0xBE, 
0xC0, 0x00, 0x00, 0x10, 
0x80, 0xCC, 0x1F, 0xFE, 
0xC0, 0x00, 0x00, 0x10, 
0x81, 0x0C, 0x10, 0x0E, 
0xC0, 0x00, 0x00, 0x10, 
0x81, 0x4C, 0x10, 0x4E, 
0xC0, 0x00, 0x00, 0x10, 
0x81, 0x0C, 0x10, 0x5E, 
0xC0, 0x00, 0x00, 0x10, 
0x81, 0x4C, 0x10, 0x9E, 
0xC0, 0x00, 0x00, 0x10, 
0x81, 0x0C, 0x10, 0xAE, 
0xC0, 0x00, 0x00, 0x10, 
0x81, 0x4C, 0x10, 0xEE, 
0xC0, 0x00, 0x00, 0x10, 
0x81, 0x0C, 0x10, 0xFE, 
0xC0, 0x00, 0x00, 0x10, 
0x81, 0x4C, 0x11, 0x3E, 
0xC0, 0x00, 0x00, 0x10, 
0x81, 0x0C, 0x11, 0x4E, 
0xC0, 0x00, 0x00, 0x10, 
0x81, 0x4C, 0x11, 0x8E, 
0xC0, 0x00, 0x00, 0x10, 
0x81, 0x0C, 0x11, 0x9E, 
0xC0, 0x00, 0x00, 0x10, 
0x81, 0x4C, 0x11, 0xDE, 
0xC0, 0x00, 0x00, 0x10, 
0x81, 0x0C, 0x11, 0xEE, 
0xC0, 0x00, 0x00, 0x10, 
0x81, 0x4C, 0x12, 0x2E, 
0xC0, 0x00, 0x00, 0x10, 
0x81, 0x0C, 0x12, 0x3E, 
0xC0, 0x00, 0x00, 0x10, 
0x81, 0x4C, 0x12, 0x7E, 
0xC0, 0x00, 0x00, 0x10, 
0x81, 0x0C, 0x12, 0x8E, 
0xC0, 0x00, 0x00, 0x10, 
0x81, 0x4C, 0x12, 0xCE, 
0xC0, 0x00, 0x00, 0x10, 
0x81, 0x0C, 0x12, 0xDE, 
0xC0, 0x00, 0x00, 0x10, 
0x81, 0x4C, 0x13, 0x1E, 
0xC0, 0x00, 0x00, 0x10, 
0x81, 0x0C, 0x13, 0x2E, 
0xC0, 0x00, 0x00, 0x10, 
0x81, 0x4C, 0x13, 0x6E, 
0xC0, 0x00, 0x00, 0x10, 
0x81, 0x0C, 0x13, 0x7E, 
0xC0, 0x00, 0x00, 0x10, 
0x81, 0x4C, 0x13, 0xBE, 
0xC0, 0x00, 0x00, 0x10, 
0x81, 0x0C, 0x13, 0xCE, 
0xC0, 0x00, 0x00, 0x10, 
0x81, 0x4C, 0x14, 0x0E, 
0xC0, 0x00, 0x00, 0x10, 
0x81, 0x0C, 0x14, 0x1E, 
0xC0, 0x00, 0x00, 0x10, 
0x81, 0x4C, 0x14, 0x5E, 
0xC0, 0x00, 0x00, 0x10, 
0x81, 0x0C, 0x14, 0x6E, 
0xC0, 0x00, 0x00, 0x10, 
0x81, 0x4C, 0x14, 0xAE, 
0xC0, 0x00, 0x00, 0x10, 
0x81, 0x0C, 0x14, 0xBE, 
0xC0, 0x00, 0x00, 0x10, 
0x81, 0x4C, 0x14, 0xFE, 
0x08, 0x80, 0x00, 0x10, 
0x08, 0x82, 0x00, 0x14, 
0x08, 0x84, 0x00, 0x18, 
0x00, 0x00, 0x20, 0x01, 
0x00, 0x00, 0x21, 0x01, 
0x00, 0x00, 0x22, 0x02, 
0x09, 0x80, 0x00, 0x10, 
0x09, 0x82, 0x00, 0x14, 
0x09, 0x84, 0x00, 0x18, 
0x00, 0x00, 0x00, 0x02, 
0x0C, 0x10, 0xF4, 0x60, 
0x02, 0xC2, 0x00, 0x00, 
0x00, 0x00, 0x00, 0x00, 
0x00, 0x00, 0x00, 0x00, 
0x00, 0x00, 0x00, 0x00, 
0x00, 0x00, 0x00, 0x00, 
};

/* DSP Parameter (Coefficient) Data */
#define DM0_DATA_SIZE_IC_1 42760
#define DM0_DATA_ADDR_IC_1 0
ADI_REG_TYPE DM0_DATA_IC_1_Data[DM0_DATA_SIZE_IC_1] = {
0x00, 0x00, 0x00, 0x00, 
0x00, 0x00, 0x00, 0x00, 
0x00, 0x00, 0x00, 0x00, 
0x00, 0x00, 0x00, 0x00, 
0x00, 0x00, 0x00, 0x00, 
0x00, 0x00, 0x00, 0x00, 
0x00, 0x00, 0x00, 0x00, 
0x00, 0x00, 0x00, 0x00, 
0x00, 0x00, 0x00, 0x00, 
0x00, 0x00, 0x00, 0x00, 
0x00, 0x00, 0x00, 0x00, 
0x00, 0x00, 0x00, 0x00, 
0x00, 0x00, 0x00, 0x00, 
0x00, 0x00, 0x00, 0x00, 
0x00, 0x00, 0x00, 0x00, 
0x00, 0x00, 0x00, 0x00, 
0x00, 0x00, 0x1C, 0x60, 
0x00, 0x00, 0x1C, 0x60, 
0x00, 0x00, 0x0C, 0x60, 
0x00, 0x00, 0x00, 0x00, 
0x00, 0x00, 0x01, 0x48, 
0x00, 0x00, 0x01, 0x48, 
0x00, 0x00, 0x03, 0x54, 
0x00, 0x00, 0x00, 0x00, 
0x00, 0x00, 0x04, 0x9C, 
0x00, 0x00, 0x04, 0x9C, 
0x00, 0x00, 0x01, 0xE0, 
0x00, 0x00, 0x00, 0x00, 
0x01, 0x00, 0x00, 0x00, 
0x01, 0x00, 0x00, 0x00, 
0x01, 0x00, 0x00, 0x00, 
0x01, 0x00, 0x00, 0x00, 
0x01, 0x00, 0x00, 0x00, 
0x01, 0x00, 0x00, 0x00, 
0x01, 0x00, 0x00, 0x00, 
0x01, 0x00, 0x00, 0x00, 
0x01, 0x00, 0x00, 0x00, 
0x01, 0x00, 0x00, 0x00, 
0x01, 0x00, 0x00, 0x00, 
0x01, 0x00, 0x00, 0x00, 
0x01, 0x00, 0x00, 0x00, 
0x01, 0x00, 0x00, 0x00, 
0x01, 0x00, 0x00, 0x00, 
0x01, 0x00, 0x00, 0x00, 
0x00, 0x00, 0x00, 0x00, 
0x00, 0x00, 0x00, 0x00, 
0x00, 0x00, 0x00, 0x00, 
0x00, 0x00, 0x00, 0x00, 
0x00, 0x00, 0x00, 0x00, 
0x00, 0x00, 0x00, 0x00, 
0x00, 0x00, 0x00, 0x00, 
0x00, 0x00, 0x00, 0x00, 
0x00, 0x00, 0x00, 0x00, 
0x00, 0x00, 0x00, 0x00, 
0x00, 0x00, 0x00, 0x00, 
0x00, 0x00, 0x00, 0x00, 
0x00, 0x00, 0x00, 0x00, 
0x00, 0x00, 0x00, 0x00, 
0x00, 0x00, 0x00, 0x00, 
0x00, 0x00, 0x00, 0x00, 
0x00, 0x00, 0x00, 0x00, 
0x00, 0x00, 0x00, 0x00, 
0x00, 0x00, 0x00, 0x00, 
0x00, 0x00, 0x00, 0x00, 
0x00, 0x00, 0x00, 0x00, 
0x00, 0x00, 0x00, 0x00, 
0x00, 0x00, 0x00, 0x00, 
0x00, 0x00, 0x00, 0x00, 
0x00, 0x00, 0x00, 0x00, 
0x00, 0x00, 0x00, 0x00, 
0x00, 0x00, 0x00, 0x00, 
0x00, 0x00, 0x00, 0x00, 
0x00, 0x00, 0x00, 0x00, 
0x00, 0x00, 0x00, 0x00, 
0x00, 0x00, 0x00, 0x00, 
0x00, 0x00, 0x00, 0x00, 
0x01, 0x00, 0x00, 0x00, 
0x01, 0x00, 0x00, 0x00, 
0x01, 0x00, 0x00, 0x00, 
0x01, 0x00, 0x00, 0x00, 
0x01, 0x00, 0x00, 0x00, 
0x01, 0x00, 0x00, 0x00, 
0x01, 0x00, 0x00, 0x00, 
0x01, 0x00, 0x00, 0x00, 
0x01, 0x00, 0x00, 0x00, 
0x01, 0x00, 0x00, 0x00, 
0x01, 0x00, 0x00, 0x00, 
0x01, 0x00, 0x00, 0x00, 
0x01, 0x00, 0x00, 0x00, 
0x01, 0x00, 0x00, 0x00, 
0x01, 0x00, 0x00, 0x00, 
0x01, 0x00, 0x00, 0x00, 
0x00, 0x00, 0x00, 0x00, 
0x00, 0x00, 0x00, 0x01, 
0x00, 0x00, 0x00, 0x02, 
0x00, 0x00, 0x00, 0x03, 
0x00, 0x00, 0x00, 0x04, 
0x00, 0x00, 0x00, 0x05, 
0x00, 0x00, 0x00, 0x06, 
0x00, 0x00, 0x00, 0x07, 
0x00, 0x00, 0x00, 0x08, 
0x00, 0x00, 0x00, 0x09, 
0x00, 0x00, 0x00, 0x0A, 
0x00, 0x00, 0x00, 0x0B, 
0x00, 0x00, 0x00, 0x0C, 
0x00, 0x00, 0x00, 0x0D, 
0x00, 0x00, 0x00, 0x0E, 
0x00, 0x00, 0x00, 0x0F, 
0x00, 0x00, 0x00, 0x00, 
0x00, 0x00, 0x00, 0x00, 
0x00, 0x00, 0x00, 0x00, 
0x00, 0x00, 0x00, 0x00, 
0x00, 0x00, 0x00, 0x00, 
0x00, 0x00, 0x00, 0x00, 
0x00, 0x00, 0x00, 0x00, 
0x00, 0x00, 0x00, 0x00, 
0x00, 0x00, 0x00, 0x00, 
0x00, 0x00, 0x00, 0x00, 
0x00, 0x00, 0x00, 0x00, 
0x00, 0x00, 0x00, 0x00, 
0x00, 0x00, 0x00, 0x00, 
0x00, 0x00, 0x00, 0x00, 
0x00, 0x00, 0x00, 0x00, 
0x00, 0x00, 0x00, 0x00, 
0x00, 0x00, 0x00, 0x00, 
0x00, 0x00, 0x00, 0x00, 
0x01, 0x00, 0x00, 0x00, 
0x00, 0x00, 0x00, 0x00, 
0x00, 0x00, 0x00, 0x00, 
0x00, 0x00, 0x00, 0x00, 
0x00, 0x00, 0x00, 0x00, 
0x01, 0x00, 0x00, 0x00, 
0x00, 0x00, 0x00, 0x00, 
0x00, 0x00, 0x00, 0x00, 
0x00, 0x00, 0x00, 0x00, 
0x00, 0x00, 0x00, 0x00, 
0x01, 0x00, 0x00, 0x00, 
0x00, 0x00, 0x00, 0x00, 
0x00, 0x00, 0x00, 0x00, 
0x00, 0x00, 0x00, 0x00, 
0x00, 0x00, 0x00, 0x00, 
0x01, 0x00, 0x00, 0x00, 
0x00, 0x00, 0x00, 0x00, 
0x00, 0x00, 0x00, 0x00, 
0x00, 0x00, 0x00, 0x00, 
0x00, 0x00, 0x01, 0xD2, 
0x00, 0x00, 0x16, 0x03, 
0x1F, 0x00, 0x00, 0x00, 
0x01, 0x00, 0x00, 0x00, 
0x01, 0x00, 0x00, 0x00, 
0x01, 0x00, 0x00, 0x00, 
0x01, 0x00, 0x00, 0x00, 
0x01, 0x00, 0x00, 0x00, 
0x01, 0x00, 0x00, 0x00, 
0x01, 0x00, 0x00, 0x00, 
0x01, 0x00, 0x00, 0x00, 
0x01, 0x00, 0x00, 0x00, 
0x01, 0x00, 0x00, 0x00, 
0x01, 0x00, 0x00, 0x00, 
0x01, 0x00, 0x00, 0x00, 
0x01, 0x00, 0x00, 0x00, 
0x01, 0x00, 0x00, 0x00, 
0x01, 0x00, 0x00, 0x00, 
0x01, 0x00, 0x00, 0x00, 
0x01, 0x00, 0x00, 0x00, 
0x01, 0x00, 0x00, 0x00, 
0x01, 0x00, 0x00, 0x00, 
0x01, 0x00, 0x00, 0x00, 
0x01, 0x00, 0x00, 0x00, 
0x01, 0x00, 0x00, 0x00, 
0x01, 0x00, 0x00, 0x00, 
0x01, 0x00, 0x00, 0x00, 
0x01, 0x00, 0x00, 0x00, 
0x01, 0x00, 0x00, 0x00, 
0x01, 0x00, 0x00, 0x00, 
0x01, 0x00, 0x00, 0x00, 
0x01, 0x00, 0x00, 0x00, 
0x01, 0x00, 0x00, 0x00, 
0x01, 0x00, 0x00, 0x00, 
0x01, 0x00, 0x00, 0x00, 
0x01, 0x00, 0x00, 0x00, 
0x00, 0x00, 0x00, 0x00, 
0x00, 0x00, 0x00, 0x00, 
0x00, 0x00, 0x00, 0x00, 
0x00, 0x00, 0x00, 0x00, 
0x00, 0x00, 0x00, 0x00, 
0x00, 0x00, 0x00, 0x00, 
0x00, 0x00, 0x00, 0x00, 
0x00, 0x00, 0x00, 0x00, 
0xA3, 0x00, 0x00, 0x00, 
0x01, 0x00, 0x00, 0x00, 
0xFF, 0x1C, 0x86, 0xB7, 
0x01, 0xC6, 0xF2, 0x92, 
0xFF, 0x1C, 0x86, 0xB7, 
0xFF, 0x37, 0x19, 0x18, 
0x01, 0xC4, 0xFE, 0x3D, 
0xFF, 0x0D, 0x38, 0xCD, 
0x01, 0xE5, 0x8E, 0x66, 
0xFF, 0x0D, 0x38, 0xCD, 
0xFF, 0x18, 0x5B, 0x9B, 
0x01, 0xE3, 0x78, 0x67, 
0x01, 0x00, 0x00, 0x00, 
0x01, 0x00, 0x00, 0x00, 
0x01, 0x00, 0x00, 0x00, 
0x01, 0x00, 0x00, 0x00, 
0x01, 0x00, 0x00, 0x00, 
0x01, 0x00, 0x00, 0x00, 
0x01, 0x00, 0x00, 0x00, 
0x01, 0x00, 0x00, 0x00, 
0x01, 0x00, 0x00, 0x00, 
0x01, 0x00, 0x00, 0x00, 
0x01, 0x00, 0x00, 0x00, 
0x01, 0x00, 0x00, 0x00, 
0x01, 0x00, 0x00, 0x00, 
0x01, 0x00, 0x00, 0x00, 
0x01, 0x00, 0x00, 0x00, 
0x01, 0x00, 0x00, 0x00, 
0x01, 0x00, 0x00, 0x00, 
0x01, 0x00, 0x00, 0x00, 
0x01, 0x00, 0x00, 0x00, 
0x01, 0x00, 0x00, 0x00, 
0x01, 0x00, 0x00, 0x00, 
0x01, 0x00, 0x00, 0x00, 
0x01, 0x00, 0x00, 0x00, 
0x01, 0x00, 0x00, 0x00, 
0x01, 0x00, 0x00, 0x00, 
0x01, 0x00, 0x00, 0x00, 
0x01, 0x00, 0x00, 0x00, 
0x01, 0x00, 0x00, 0x00, 
0x01, 0x00, 0x00, 0x00, 
0x01, 0x00, 0x00, 0x00, 
0x01, 0x00, 0x00, 0x00, 
0x01, 0x00, 0x00, 0x00, 
0x01, 0x00, 0x00, 0x00, 
0x01, 0x00, 0x00, 0x00, 
0x01, 0x00, 0x00, 0x00, 
0x01, 0x00, 0x00, 0x00, 
0x01, 0x00, 0x00, 0x00, 
0x01, 0x00, 0x00, 0x00, 
0x01, 0x00, 0x00, 0x00, 
0x01, 0x00, 0x00, 0x00, 
0x01, 0x00, 0x00, 0x00, 
0x01, 0x00, 0x00, 0x00, 
0x01, 0x00, 0x00, 0x00, 
0x01, 0x00, 0x00, 0x00, 
0x01, 0x00, 0x00, 0x00, 
0x01, 0x00, 0x00, 0x00, 
0x01, 0x00, 0x00, 0x00, 
0x01, 0x00, 0x00, 0x00, 
0x01, 0x00, 0x00, 0x00, 
0x01, 0x00, 0x00, 0x00, 
0x01, 0x00, 0x00, 0x00, 
0x01, 0x00, 0x00, 0x00, 
0x01, 0x00, 0x00, 0x00, 
0x00, 0xB5, 0x04, 0xF3, 
0x00, 0x00, 0x00, 0x00, 
0x00, 0x00, 0x01, 0xD2, 
0x00, 0x00, 0x16, 0x03, 
0x1F, 0x00, 0x00, 0x00, 
0x01, 0x00, 0x00, 0x00, 
0x01, 0x00, 0x00, 0x00, 
0x01, 0x00, 0x00, 0x00, 
0x01, 0x00, 0x00, 0x00, 
0x01, 0x00, 0x00, 0x00, 
0x01, 0x00, 0x00, 0x00, 
0x01, 0x00, 0x00, 0x00, 
0x01, 0x00, 0x00, 0x00, 
0x01, 0x00, 0x00, 0x00, 
0x01, 0x00, 0x00, 0x00, 
0x01, 0x00, 0x00, 0x00, 
0x01, 0x00, 0x00, 0x00, 
0x01, 0x00, 0x00, 0x00, 
0x01, 0x00, 0x00, 0x00, 
0x01, 0x00, 0x00, 0x00, 
0x01, 0x00, 0x00, 0x00, 
0x01, 0x00, 0x00, 0x00, 
0x01, 0x00, 0x00, 0x00, 
0x01, 0x00, 0x00, 0x00, 
0x01, 0x00, 0x00, 0x00, 
0x01, 0x00, 0x00, 0x00, 
0x01, 0x00, 0x00, 0x00, 
0x01, 0x00, 0x00, 0x00, 
0x01, 0x00, 0x00, 0x00, 
0x01, 0x00, 0x00, 0x00, 
0x01, 0x00, 0x00, 0x00, 
0x01, 0x00, 0x00, 0x00, 
0x01, 0x00, 0x00, 0x00, 
0x01, 0x00, 0x00, 0x00, 
0x01, 0x00, 0x00, 0x00, 
0x01, 0x00, 0x00, 0x00, 
0x01, 0x00, 0x00, 0x00, 
0x01, 0x00, 0x00, 0x00, 
0x00, 0x00, 0x00, 0x00, 
0x00, 0x00, 0x00, 0x00, 
0x00, 0x00, 0x00, 0x00, 
0x00, 0x00, 0x00, 0x00, 
0x00, 0x00, 0x00, 0x00, 
0x00, 0x00, 0x00, 0x00, 
0x00, 0x00, 0x00, 0x00, 
0x00, 0x00, 0x00, 0x00, 
0xA3, 0x00, 0x00, 0x00, 
0x01, 0x00, 0x00, 0x00, 
0x00, 0x00, 0x00, 0x00, 
0x00, 0x00, 0x00, 0x00, 
0x01, 0x00, 0x00, 0x00, 
0x00, 0x00, 0x00, 0x00, 
0x00, 0x00, 0x00, 0x00, 
0x00, 0x00, 0x00, 0x00, 
0x00, 0x00, 0x00, 0x00, 
0x01, 0x00, 0x00, 0x00, 
0x00, 0x00, 0x00, 0x00, 
0x00, 0x00, 0x00, 0x00, 
0x00, 0x00, 0x00, 0x00, 
0x00, 0x00, 0x00, 0x00, 
0x01, 0x00, 0x00, 0x00, 
0x00, 0x00, 0x00, 0x00, 
0x00, 0x00, 0x00, 0x00, 
0x00, 0x00, 0x00, 0x00, 
0x00, 0x00, 0x00, 0x00, 
0x01, 0x00, 0x00, 0x00, 
0x00, 0x00, 0x00, 0x00, 
0x00, 0x00, 0x00, 0x00, 
0x01, 0x00, 0x00, 0x00, 
0x01, 0x00, 0x00, 0x00, 
0x01, 0x00, 0x00, 0x00, 
0x01, 0x00, 0x00, 0x00, 
0x01, 0x00, 0x00, 0x00, 
0x01, 0x00, 0x00, 0x00, 
0x01, 0x00, 0x00, 0x00, 
0x01, 0x00, 0x00, 0x00, 
0x01, 0x00, 0x00, 0x00, 
0x01, 0x00, 0x00, 0x00, 
0x01, 0x00, 0x00, 0x00, 
0x01, 0x00, 0x00, 0x00, 
0x01, 0x00, 0x00, 0x00, 
0x01, 0x00, 0x00, 0x00, 
0x01, 0x00, 0x00, 0x00, 
0x01, 0x00, 0x00, 0x00, 
0x01, 0x00, 0x00, 0x00, 
0x01, 0x00, 0x00, 0x00, 
0x01, 0x00, 0x00, 0x00, 
0x01, 0x00, 0x00, 0x00, 
0x01, 0x00, 0x00, 0x00, 
0x01, 0x00, 0x00, 0x00, 
0x01, 0x00, 0x00, 0x00, 
0x01, 0x00, 0x00, 0x00, 
0x01, 0x00, 0x00, 0x00, 
0x01, 0x00, 0x00, 0x00, 
0x01, 0x00, 0x00, 0x00, 
0x01, 0x00, 0x00, 0x00, 
0x01, 0x00, 0x00, 0x00, 
0x01, 0x00, 0x00, 0x00, 
0x01, 0x00, 0x00, 0x00, 
0x01, 0x00, 0x00, 0x00, 
0x01, 0x00, 0x00, 0x00, 
0x01, 0x00, 0x00, 0x00, 
0x01, 0x00, 0x00, 0x00, 
0x01, 0x00, 0x00, 0x00, 
0x01, 0x00, 0x00, 0x00, 
0x01, 0x00, 0x00, 0x00, 
0x01, 0x00, 0x00, 0x00, 
0x01, 0x00, 0x00, 0x00, 
0x01, 0x00, 0x00, 0x00, 
0x01, 0x00, 0x00, 0x00, 
0x01, 0x00, 0x00, 0x00, 
0x01, 0x00, 0x00, 0x00, 
0x01, 0x00, 0x00, 0x00, 
0x01, 0x00, 0x00, 0x00, 
0x01, 0x00, 0x00, 0x00, 
0x01, 0x00, 0x00, 0x00, 
0x01, 0x00, 0x00, 0x00, 
0x01, 0x00, 0x00, 0x00, 
0x01, 0x00, 0x00, 0x00, 
0x01, 0x00, 0x00, 0x00, 
0x01, 0x00, 0x00, 0x00, 
0x00, 0xB5, 0x04, 0xF3, 
0x00, 0x00, 0x00, 0x00, 
0x00, 0x00, 0x01, 0xD2, 
0x00, 0x00, 0x16, 0x03, 
0x1F, 0x00, 0x00, 0x00, 
0x01, 0x00, 0x00, 0x00, 
0x01, 0x00, 0x00, 0x00, 
0x01, 0x00, 0x00, 0x00, 
0x01, 0x00, 0x00, 0x00, 
0x01, 0x00, 0x00, 0x00, 
0x01, 0x00, 0x00, 0x00, 
0x01, 0x00, 0x00, 0x00, 
0x01, 0x00, 0x00, 0x00, 
0x01, 0x00, 0x00, 0x00, 
0x01, 0x00, 0x00, 0x00, 
0x01, 0x00, 0x00, 0x00, 
0x01, 0x00, 0x00, 0x00, 
0x01, 0x00, 0x00, 0x00, 
0x01, 0x00, 0x00, 0x00, 
0x01, 0x00, 0x00, 0x00, 
0x01, 0x00, 0x00, 0x00, 
0x01, 0x00, 0x00, 0x00, 
0x01, 0x00, 0x00, 0x00, 
0x01, 0x00, 0x00, 0x00, 
0x01, 0x00, 0x00, 0x00, 
0x01, 0x00, 0x00, 0x00, 
0x01, 0x00, 0x00, 0x00, 
0x01, 0x00, 0x00, 0x00, 
0x01, 0x00, 0x00, 0x00, 
0x01, 0x00, 0x00, 0x00, 
0x01, 0x00, 0x00, 0x00, 
0x01, 0x00, 0x00, 0x00, 
0x01, 0x00, 0x00, 0x00, 
0x01, 0x00, 0x00, 0x00, 
0x01, 0x00, 0x00, 0x00, 
0x01, 0x00, 0x00, 0x00, 
0x01, 0x00, 0x00, 0x00, 
0x01, 0x00, 0x00, 0x00, 
0x00, 0x00, 0x00, 0x00, 
0x00, 0x00, 0x00, 0x00, 
0x00, 0x00, 0x00, 0x00, 
0x00, 0x00, 0x00, 0x00, 
0x00, 0x00, 0x00, 0x00, 
0x00, 0x00, 0x00, 0x00, 
0x00, 0x00, 0x00, 0x00, 
0x00, 0x00, 0x00, 0x00, 
0xA3, 0x00, 0x00, 0x00, 
0x01, 0x00, 0x00, 0x00, 
0x00, 0x00, 0x00, 0x00, 
0x00, 0x00, 0x01, 0xD2, 
0x00, 0x00, 0x16, 0x03, 
0x1F, 0x00, 0x00, 0x00, 
0x01, 0x00, 0x00, 0x00, 
0x01, 0x00, 0x00, 0x00, 
0x01, 0x00, 0x00, 0x00, 
0x01, 0x00, 0x00, 0x00, 
0x01, 0x00, 0x00, 0x00, 
0x01, 0x00, 0x00, 0x00, 
0x01, 0x00, 0x00, 0x00, 
0x01, 0x00, 0x00, 0x00, 
0x01, 0x00, 0x00, 0x00, 
0x01, 0x00, 0x00, 0x00, 
0x01, 0x00, 0x00, 0x00, 
0x01, 0x00, 0x00, 0x00, 
0x01, 0x00, 0x00, 0x00, 
0x01, 0x00, 0x00, 0x00, 
0x01, 0x00, 0x00, 0x00, 
0x01, 0x00, 0x00, 0x00, 
0x01, 0x00, 0x00, 0x00, 
0x01, 0x00, 0x00, 0x00, 
0x01, 0x00, 0x00, 0x00, 
0x01, 0x00, 0x00, 0x00, 
0x01, 0x00, 0x00, 0x00, 
0x01, 0x00, 0x00, 0x00, 
0x01, 0x00, 0x00, 0x00, 
0x01, 0x00, 0x00, 0x00, 
0x01, 0x00, 0x00, 0x00, 
0x01, 0x00, 0x00, 0x00, 
0x01, 0x00, 0x00, 0x00, 
0x01, 0x00, 0x00, 0x00, 
0x01, 0x00, 0x00, 0x00, 
0x01, 0x00, 0x00, 0x00, 
0x01, 0x00, 0x00, 0x00, 
0x01, 0x00, 0x00, 0x00, 
0x01, 0x00, 0x00, 0x00, 
0x00, 0x00, 0x00, 0x00, 
0x00, 0x00, 0x00, 0x00, 
0x00, 0x00, 0x00, 0x00, 
0x00, 0x00, 0x00, 0x00, 
0x00, 0x00, 0x00, 0x00, 
0x00, 0x00, 0x00, 0x00, 
0x00, 0x00, 0x00, 0x00, 
0x00, 0x00, 0x00, 0x00, 
0xA3, 0x00, 0x00, 0x00, 
0x01, 0x00, 0x00, 0x00, 
0x00, 0x00, 0x00, 0x00, 
0x00, 0x00, 0x00, 0x00, 
0x00, 0x00, 0x00, 0x00, 
0x01, 0x00, 0x00, 0x00, 
0x00, 0x00, 0x00, 0x00, 
0x00, 0x00, 0x00, 0x00, 
0x00, 0x00, 0x00, 0x00, 
0x00, 0x00, 0x00, 0x00, 
0x01, 0x00, 0x00, 0x00, 
0x00, 0x00, 0x00, 0x00, 
0x00, 0x00, 0x00, 0x00, 
0x00, 0x00, 0x00, 0x00, 
0x00, 0x00, 0x00, 0x00, 
0x01, 0x00, 0x00, 0x00, 
0x00, 0x00, 0x00, 0x00, 
0x00, 0x00, 0x00, 0x00, 
0x00, 0x00, 0x00, 0x00, 
0x00, 0x00, 0x00, 0x00, 
0x01, 0x00, 0x00, 0x00, 
0x00, 0x00, 0x00, 0x00, 
0x00, 0x00, 0x00, 0x00, 
0x00, 0x00, 0x00, 0x00, 
0x00, 0x00, 0x01, 0xD2, 
0x00, 0x00, 0x16, 0x03, 
0x1F, 0x00, 0x00, 0x00, 
0x01, 0x00, 0x00, 0x00, 
0x01, 0x00, 0x00, 0x00, 
0x01, 0x00, 0x00, 0x00, 
0x01, 0x00, 0x00, 0x00, 
0x01, 0x00, 0x00, 0x00, 
0x01, 0x00, 0x00, 0x00, 
0x01, 0x00, 0x00, 0x00, 
0x01, 0x00, 0x00, 0x00, 
0x01, 0x00, 0x00, 0x00, 
0x01, 0x00, 0x00, 0x00, 
0x01, 0x00, 0x00, 0x00, 
0x01, 0x00, 0x00, 0x00, 
0x01, 0x00, 0x00, 0x00, 
0x01, 0x00, 0x00, 0x00, 
0x01, 0x00, 0x00, 0x00, 
0x01, 0x00, 0x00, 0x00, 
0x01, 0x00, 0x00, 0x00, 
0x01, 0x00, 0x00, 0x00, 
0x01, 0x00, 0x00, 0x00, 
0x01, 0x00, 0x00, 0x00, 
0x01, 0x00, 0x00, 0x00, 
0x01, 0x00, 0x00, 0x00, 
0x01, 0x00, 0x00, 0x00, 
0x01, 0x00, 0x00, 0x00, 
0x01, 0x00, 0x00, 0x00, 
0x01, 0x00, 0x00, 0x00, 
0x01, 0x00, 0x00, 0x00, 
0x01, 0x00, 0x00, 0x00, 
0x01, 0x00, 0x00, 0x00, 
0x01, 0x00, 0x00, 0x00, 
0x01, 0x00, 0x00, 0x00, 
0x01, 0x00, 0x00, 0x00, 
0x01, 0x00, 0x00, 0x00, 
0x00, 0x00, 0x00, 0x00, 
0x00, 0x00, 0x00, 0x00, 
0x00, 0x00, 0x00, 0x00, 
0x00, 0x00, 0x00, 0x00, 
0x00, 0x00, 0x00, 0x00, 
0x00, 0x00, 0x00, 0x00, 
0x00, 0x00, 0x00, 0x00, 
0x00, 0x00, 0x00, 0x00, 
0xA3, 0x00, 0x00, 0x00, 
0x01, 0x00, 0x00, 0x00, 
0xFF, 0x1C, 0x86, 0xB7, 
0x01, 0xC6, 0xF2, 0x92, 
0xFF, 0x1C, 0x86, 0xB7, 
0xFF, 0x37, 0x19, 0x18, 
0x01, 0xC4, 0xFE, 0x3D, 
0xFF, 0x0D, 0x38, 0xCD, 
0x01, 0xE5, 0x8E, 0x66, 
0xFF, 0x0D, 0x38, 0xCD, 
0xFF, 0x18, 0x5B, 0x9B, 
0x01, 0xE3, 0x78, 0x67, 
0x01, 0x00, 0x00, 0x00, 
0x01, 0x00, 0x00, 0x00, 
0x01, 0x00, 0x00, 0x00, 
0x01, 0x00, 0x00, 0x00, 
0x01, 0x00, 0x00, 0x00, 
0x01, 0x00, 0x00, 0x00, 
0x01, 0x00, 0x00, 0x00, 
0x01, 0x00, 0x00, 0x00, 
0x01, 0x00, 0x00, 0x00, 
0x01, 0x00, 0x00, 0x00, 
0x01, 0x00, 0x00, 0x00, 
0x01, 0x00, 0x00, 0x00, 
0x01, 0x00, 0x00, 0x00, 
0x01, 0x00, 0x00, 0x00, 
0x01, 0x00, 0x00, 0x00, 
0x01, 0x00, 0x00, 0x00, 
0x01, 0x00, 0x00, 0x00, 
0x01, 0x00, 0x00, 0x00, 
0x01, 0x00, 0x00, 0x00, 
0x01, 0x00, 0x00, 0x00, 
0x01, 0x00, 0x00, 0x00, 
0x01, 0x00, 0x00, 0x00, 
0x01, 0x00, 0x00, 0x00, 
0x01, 0x00, 0x00, 0x00, 
0x01, 0x00, 0x00, 0x00, 
0x01, 0x00, 0x00, 0x00, 
0x01, 0x00, 0x00, 0x00, 
0x01, 0x00, 0x00, 0x00, 
0x01, 0x00, 0x00, 0x00, 
0x01, 0x00, 0x00, 0x00, 
0x01, 0x00, 0x00, 0x00, 
0x01, 0x00, 0x00, 0x00, 
0x01, 0x00, 0x00, 0x00, 
0x01, 0x00, 0x00, 0x00, 
0x01, 0x00, 0x00, 0x00, 
0x01, 0x00, 0x00, 0x00, 
0x01, 0x00, 0x00, 0x00, 
0x01, 0x00, 0x00, 0x00, 
0x01, 0x00, 0x00, 0x00, 
0x01, 0x00, 0x00, 0x00, 
0x01, 0x00, 0x00, 0x00, 
0x01, 0x00, 0x00, 0x00, 
0x01, 0x00, 0x00, 0x00, 
0x01, 0x00, 0x00, 0x00, 
0x01, 0x00, 0x00, 0x00, 
0x01, 0x00, 0x00, 0x00, 
0x01, 0x00, 0x00, 0x00, 
0x01, 0x00, 0x00, 0x00, 
0x01, 0x00, 0x00, 0x00, 
0x01, 0x00, 0x00, 0x00, 
0x01, 0x00, 0x00, 0x00, 
0x01, 0x00, 0x00, 0x00, 
0x01, 0x00, 0x00, 0x00, 
0x00, 0xB5, 0x04, 0xF3, 
0x00, 0x00, 0x00, 0x00, 
0x00, 0x00, 0x01, 0xD2, 
0x00, 0x00, 0x16, 0x03, 
0x1F, 0x00, 0x00, 0x00, 
0x01, 0x00, 0x00, 0x00, 
0x01, 0x00, 0x00, 0x00, 
0x01, 0x00, 0x00, 0x00, 
0x01, 0x00, 0x00, 0x00, 
0x01, 0x00, 0x00, 0x00, 
0x01, 0x00, 0x00, 0x00, 
0x01, 0x00, 0x00, 0x00, 
0x01, 0x00, 0x00, 0x00, 
0x01, 0x00, 0x00, 0x00, 
0x01, 0x00, 0x00, 0x00, 
0x01, 0x00, 0x00, 0x00, 
0x01, 0x00, 0x00, 0x00, 
0x01, 0x00, 0x00, 0x00, 
0x01, 0x00, 0x00, 0x00, 
0x01, 0x00, 0x00, 0x00, 
0x01, 0x00, 0x00, 0x00, 
0x01, 0x00, 0x00, 0x00, 
0x01, 0x00, 0x00, 0x00, 
0x01, 0x00, 0x00, 0x00, 
0x01, 0x00, 0x00, 0x00, 
0x01, 0x00, 0x00, 0x00, 
0x01, 0x00, 0x00, 0x00, 
0x01, 0x00, 0x00, 0x00, 
0x01, 0x00, 0x00, 0x00, 
0x01, 0x00, 0x00, 0x00, 
0x01, 0x00, 0x00, 0x00, 
0x01, 0x00, 0x00, 0x00, 
0x01, 0x00, 0x00, 0x00, 
0x01, 0x00, 0x00, 0x00, 
0x01, 0x00, 0x00, 0x00, 
0x01, 0x00, 0x00, 0x00, 
0x01, 0x00, 0x00, 0x00, 
0x01, 0x00, 0x00, 0x00, 
0x00, 0x00, 0x00, 0x00, 
0x00, 0x00, 0x00, 0x00, 
0x00, 0x00, 0x00, 0x00, 
0x00, 0x00, 0x00, 0x00, 
0x00, 0x00, 0x00, 0x00, 
0x00, 0x00, 0x00, 0x00, 
0x00, 0x00, 0x00, 0x00, 
0x00, 0x00, 0x00, 0x00, 
0xA3, 0x00, 0x00, 0x00, 
0x01, 0x00, 0x00, 0x00, 
0x00, 0x00, 0x00, 0x00, 
0x00, 0x00, 0x00, 0x00, 
0x01, 0x00, 0x00, 0x00, 
0x00, 0x00, 0x00, 0x00, 
0x00, 0x00, 0x00, 0x00, 
0x00, 0x00, 0x00, 0x00, 
0x00, 0x00, 0x00, 0x00, 
0x01, 0x00, 0x00, 0x00, 
0x00, 0x00, 0x00, 0x00, 
0x00, 0x00, 0x00, 0x00, 
0x00, 0x00, 0x00, 0x00, 
0x00, 0x00, 0x00, 0x00, 
0x01, 0x00, 0x00, 0x00, 
0x00, 0x00, 0x00, 0x00, 
0x00, 0x00, 0x00, 0x00, 
0x00, 0x00, 0x00, 0x00, 
0x00, 0x00, 0x00, 0x00, 
0x01, 0x00, 0x00, 0x00, 
0x00, 0x00, 0x00, 0x00, 
0x00, 0x00, 0x00, 0x00, 
0x01, 0x00, 0x00, 0x00, 
0x01, 0x00, 0x00, 0x00, 
0x01, 0x00, 0x00, 0x00, 
0x01, 0x00, 0x00, 0x00, 
0x01, 0x00, 0x00, 0x00, 
0x01, 0x00, 0x00, 0x00, 
0x01, 0x00, 0x00, 0x00, 
0x01, 0x00, 0x00, 0x00, 
0x01, 0x00, 0x00, 0x00, 
0x01, 0x00, 0x00, 0x00, 
0x01, 0x00, 0x00, 0x00, 
0x01, 0x00, 0x00, 0x00, 
0x01, 0x00, 0x00, 0x00, 
0x01, 0x00, 0x00, 0x00, 
0x01, 0x00, 0x00, 0x00, 
0x01, 0x00, 0x00, 0x00, 
0x01, 0x00, 0x00, 0x00, 
0x01, 0x00, 0x00, 0x00, 
0x01, 0x00, 0x00, 0x00, 
0x01, 0x00, 0x00, 0x00, 
0x01, 0x00, 0x00, 0x00, 
0x01, 0x00, 0x00, 0x00, 
0x01, 0x00, 0x00, 0x00, 
0x01, 0x00, 0x00, 0x00, 
0x01, 0x00, 0x00, 0x00, 
0x01, 0x00, 0x00, 0x00, 
0x01, 0x00, 0x00, 0x00, 
0x01, 0x00, 0x00, 0x00, 
0x01, 0x00, 0x00, 0x00, 
0x01, 0x00, 0x00, 0x00, 
0x01, 0x00, 0x00, 0x00, 
0x01, 0x00, 0x00, 0x00, 
0x01, 0x00, 0x00, 0x00, 
0x01, 0x00, 0x00, 0x00, 
0x01, 0x00, 0x00, 0x00, 
0x01, 0x00, 0x00, 0x00, 
0x01, 0x00, 0x00, 0x00, 
0x01, 0x00, 0x00, 0x00, 
0x01, 0x00, 0x00, 0x00, 
0x01, 0x00, 0x00, 0x00, 
0x01, 0x00, 0x00, 0x00, 
0x01, 0x00, 0x00, 0x00, 
0x01, 0x00, 0x00, 0x00, 
0x01, 0x00, 0x00, 0x00, 
0x01, 0x00, 0x00, 0x00, 
0x01, 0x00, 0x00, 0x00, 
0x01, 0x00, 0x00, 0x00, 
0x01, 0x00, 0x00, 0x00, 
0x01, 0x00, 0x00, 0x00, 
0x01, 0x00, 0x00, 0x00, 
0x01, 0x00, 0x00, 0x00, 
0x01, 0x00, 0x00, 0x00, 
0x01, 0x00, 0x00, 0x00, 
0x00, 0xB5, 0x04, 0xF3, 
0x00, 0x00, 0x00, 0x00, 
0x00, 0x00, 0x01, 0xD2, 
0x00, 0x00, 0x16, 0x03, 
0x1F, 0x00, 0x00, 0x00, 
0x01, 0x00, 0x00, 0x00, 
0x01, 0x00, 0x00, 0x00, 
0x01, 0x00, 0x00, 0x00, 
0x01, 0x00, 0x00, 0x00, 
0x01, 0x00, 0x00, 0x00, 
0x01, 0x00, 0x00, 0x00, 
0x01, 0x00, 0x00, 0x00, 
0x01, 0x00, 0x00, 0x00, 
0x01, 0x00, 0x00, 0x00, 
0x01, 0x00, 0x00, 0x00, 
0x01, 0x00, 0x00, 0x00, 
0x01, 0x00, 0x00, 0x00, 
0x01, 0x00, 0x00, 0x00, 
0x01, 0x00, 0x00, 0x00, 
0x01, 0x00, 0x00, 0x00, 
0x01, 0x00, 0x00, 0x00, 
0x01, 0x00, 0x00, 0x00, 
0x01, 0x00, 0x00, 0x00, 
0x01, 0x00, 0x00, 0x00, 
0x01, 0x00, 0x00, 0x00, 
0x01, 0x00, 0x00, 0x00, 
0x01, 0x00, 0x00, 0x00, 
0x01, 0x00, 0x00, 0x00, 
0x01, 0x00, 0x00, 0x00, 
0x01, 0x00, 0x00, 0x00, 
0x01, 0x00, 0x00, 0x00, 
0x01, 0x00, 0x00, 0x00, 
0x01, 0x00, 0x00, 0x00, 
0x01, 0x00, 0x00, 0x00, 
0x01, 0x00, 0x00, 0x00, 
0x01, 0x00, 0x00, 0x00, 
0x01, 0x00, 0x00, 0x00, 
0x01, 0x00, 0x00, 0x00, 
0x00, 0x00, 0x00, 0x00, 
0x00, 0x00, 0x00, 0x00, 
0x00, 0x00, 0x00, 0x00, 
0x00, 0x00, 0x00, 0x00, 
0x00, 0x00, 0x00, 0x00, 
0x00, 0x00, 0x00, 0x00, 
0x00, 0x00, 0x00, 0x00, 
0x00, 0x00, 0x00, 0x00, 
0xA3, 0x00, 0x00, 0x00, 
0x01, 0x00, 0x00, 0x00, 
0x00, 0x00, 0x00, 0x00, 
0x00, 0x00, 0x01, 0xD2, 
0x00, 0x00, 0x16, 0x03, 
0x1F, 0x00, 0x00, 0x00, 
0x01, 0x00, 0x00, 0x00, 
0x01, 0x00, 0x00, 0x00, 
0x01, 0x00, 0x00, 0x00, 
0x01, 0x00, 0x00, 0x00, 
0x01, 0x00, 0x00, 0x00, 
0x01, 0x00, 0x00, 0x00, 
0x01, 0x00, 0x00, 0x00, 
0x01, 0x00, 0x00, 0x00, 
0x01, 0x00, 0x00, 0x00, 
0x01, 0x00, 0x00, 0x00, 
0x01, 0x00, 0x00, 0x00, 
0x01, 0x00, 0x00, 0x00, 
0x01, 0x00, 0x00, 0x00, 
0x01, 0x00, 0x00, 0x00, 
0x01, 0x00, 0x00, 0x00, 
0x01, 0x00, 0x00, 0x00, 
0x01, 0x00, 0x00, 0x00, 
0x01, 0x00, 0x00, 0x00, 
0x01, 0x00, 0x00, 0x00, 
0x01, 0x00, 0x00, 0x00, 
0x01, 0x00, 0x00, 0x00, 
0x01, 0x00, 0x00, 0x00, 
0x01, 0x00, 0x00, 0x00, 
0x01, 0x00, 0x00, 0x00, 
0x01, 0x00, 0x00, 0x00, 
0x01, 0x00, 0x00, 0x00, 
0x01, 0x00, 0x00, 0x00, 
0x01, 0x00, 0x00, 0x00, 
0x01, 0x00, 0x00, 0x00, 
0x01, 0x00, 0x00, 0x00, 
0x01, 0x00, 0x00, 0x00, 
0x01, 0x00, 0x00, 0x00, 
0x01, 0x00, 0x00, 0x00, 
0x00, 0x00, 0x00, 0x00, 
0x00, 0x00, 0x00, 0x00, 
0x00, 0x00, 0x00, 0x00, 
0x00, 0x00, 0x00, 0x00, 
0x00, 0x00, 0x00, 0x00, 
0x00, 0x00, 0x00, 0x00, 
0x00, 0x00, 0x00, 0x00, 
0x00, 0x00, 0x00, 0x00, 
0xA3, 0x00, 0x00, 0x00, 
0x01, 0x00, 0x00, 0x00, 
0x00, 0x00, 0x00, 0x00, 
0x00, 0x00, 0x00, 0x00, 
0x00, 0x00, 0x00, 0x00, 
0x01, 0x00, 0x00, 0x00, 
0x00, 0x00, 0x00, 0x00, 
0x00, 0x00, 0x00, 0x00, 
0x00, 0x00, 0x00, 0x00, 
0x00, 0x00, 0x00, 0x00, 
0x01, 0x00, 0x00, 0x00, 
0x00, 0x00, 0x00, 0x00, 
0x00, 0x00, 0x00, 0x00, 
0x00, 0x00, 0x00, 0x00, 
0x00, 0x00, 0x00, 0x00, 
0x01, 0x00, 0x00, 0x00, 
0x00, 0x00, 0x00, 0x00, 
0x00, 0x00, 0x00, 0x00, 
0x00, 0x00, 0x00, 0x00, 
0x00, 0x00, 0x00, 0x00, 
0x01, 0x00, 0x00, 0x00, 
0x00, 0x00, 0x00, 0x00, 
0x00, 0x00, 0x00, 0x00, 
0x00, 0x00, 0x00, 0x00, 
0x00, 0x00, 0x01, 0xD2, 
0x00, 0x00, 0x16, 0x03, 
0x1F, 0x00, 0x00, 0x00, 
0x01, 0x00, 0x00, 0x00, 
0x01, 0x00, 0x00, 0x00, 
0x01, 0x00, 0x00, 0x00, 
0x01, 0x00, 0x00, 0x00, 
0x01, 0x00, 0x00, 0x00, 
0x01, 0x00, 0x00, 0x00, 
0x01, 0x00, 0x00, 0x00, 
0x01, 0x00, 0x00, 0x00, 
0x01, 0x00, 0x00, 0x00, 
0x01, 0x00, 0x00, 0x00, 
0x01, 0x00, 0x00, 0x00, 
0x01, 0x00, 0x00, 0x00, 
0x01, 0x00, 0x00, 0x00, 
0x01, 0x00, 0x00, 0x00, 
0x01, 0x00, 0x00, 0x00, 
0x01, 0x00, 0x00, 0x00, 
0x01, 0x00, 0x00, 0x00, 
0x01, 0x00, 0x00, 0x00, 
0x01, 0x00, 0x00, 0x00, 
0x01, 0x00, 0x00, 0x00, 
0x01, 0x00, 0x00, 0x00, 
0x01, 0x00, 0x00, 0x00, 
0x01, 0x00, 0x00, 0x00, 
0x01, 0x00, 0x00, 0x00, 
0x01, 0x00, 0x00, 0x00, 
0x01, 0x00, 0x00, 0x00, 
0x01, 0x00, 0x00, 0x00, 
0x01, 0x00, 0x00, 0x00, 
0x01, 0x00, 0x00, 0x00, 
0x01, 0x00, 0x00, 0x00, 
0x01, 0x00, 0x00, 0x00, 
0x01, 0x00, 0x00, 0x00, 
0x01, 0x00, 0x00, 0x00, 
0x00, 0x00, 0x00, 0x00, 
0x00, 0x00, 0x00, 0x00, 
0x00, 0x00, 0x00, 0x00, 
0x00, 0x00, 0x00, 0x00, 
0x00, 0x00, 0x00, 0x00, 
0x00, 0x00, 0x00, 0x00, 
0x00, 0x00, 0x00, 0x00, 
0x00, 0x00, 0x00, 0x00, 
0xA3, 0x00, 0x00, 0x00, 
0x01, 0x00, 0x00, 0x00, 
0xFF, 0x1C, 0x86, 0xB7, 
0x01, 0xC6, 0xF2, 0x92, 
0xFF, 0x1C, 0x86, 0xB7, 
0xFF, 0x37, 0x19, 0x18, 
0x01, 0xC4, 0xFE, 0x3D, 
0xFF, 0x0D, 0x38, 0xCD, 
0x01, 0xE5, 0x8E, 0x66, 
0xFF, 0x0D, 0x38, 0xCD, 
0xFF, 0x18, 0x5B, 0x9B, 
0x01, 0xE3, 0x78, 0x67, 
0x01, 0x00, 0x00, 0x00, 
0x01, 0x00, 0x00, 0x00, 
0x01, 0x00, 0x00, 0x00, 
0x01, 0x00, 0x00, 0x00, 
0x01, 0x00, 0x00, 0x00, 
0x01, 0x00, 0x00, 0x00, 
0x01, 0x00, 0x00, 0x00, 
0x01, 0x00, 0x00, 0x00, 
0x01, 0x00, 0x00, 0x00, 
0x01, 0x00, 0x00, 0x00, 
0x01, 0x00, 0x00, 0x00, 
0x01, 0x00, 0x00, 0x00, 
0x01, 0x00, 0x00, 0x00, 
0x01, 0x00, 0x00, 0x00, 
0x01, 0x00, 0x00, 0x00, 
0x01, 0x00, 0x00, 0x00, 
0x01, 0x00, 0x00, 0x00, 
0x01, 0x00, 0x00, 0x00, 
0x01, 0x00, 0x00, 0x00, 
0x01, 0x00, 0x00, 0x00, 
0x01, 0x00, 0x00, 0x00, 
0x01, 0x00, 0x00, 0x00, 
0x01, 0x00, 0x00, 0x00, 
0x01, 0x00, 0x00, 0x00, 
0x01, 0x00, 0x00, 0x00, 
0x01, 0x00, 0x00, 0x00, 
0x01, 0x00, 0x00, 0x00, 
0x01, 0x00, 0x00, 0x00, 
0x01, 0x00, 0x00, 0x00, 
0x01, 0x00, 0x00, 0x00, 
0x01, 0x00, 0x00, 0x00, 
0x01, 0x00, 0x00, 0x00, 
0x01, 0x00, 0x00, 0x00, 
0x01, 0x00, 0x00, 0x00, 
0x01, 0x00, 0x00, 0x00, 
0x01, 0x00, 0x00, 0x00, 
0x01, 0x00, 0x00, 0x00, 
0x01, 0x00, 0x00, 0x00, 
0x01, 0x00, 0x00, 0x00, 
0x01, 0x00, 0x00, 0x00, 
0x01, 0x00, 0x00, 0x00, 
0x01, 0x00, 0x00, 0x00, 
0x01, 0x00, 0x00, 0x00, 
0x01, 0x00, 0x00, 0x00, 
0x01, 0x00, 0x00, 0x00, 
0x01, 0x00, 0x00, 0x00, 
0x01, 0x00, 0x00, 0x00, 
0x01, 0x00, 0x00, 0x00, 
0x01, 0x00, 0x00, 0x00, 
0x01, 0x00, 0x00, 0x00, 
0x01, 0x00, 0x00, 0x00, 
0x01, 0x00, 0x00, 0x00, 
0x01, 0x00, 0x00, 0x00, 
0x00, 0xB5, 0x04, 0xF3, 
0x00, 0x00, 0x00, 0x00, 
0x00, 0x00, 0x01, 0xD2, 
0x00, 0x00, 0x16, 0x03, 
0x1F, 0x00, 0x00, 0x00, 
0x01, 0x00, 0x00, 0x00, 
0x01, 0x00, 0x00, 0x00, 
0x01, 0x00, 0x00, 0x00, 
0x01, 0x00, 0x00, 0x00, 
0x01, 0x00, 0x00, 0x00, 
0x01, 0x00, 0x00, 0x00, 
0x01, 0x00, 0x00, 0x00, 
0x01, 0x00, 0x00, 0x00, 
0x01, 0x00, 0x00, 0x00, 
0x01, 0x00, 0x00, 0x00, 
0x01, 0x00, 0x00, 0x00, 
0x01, 0x00, 0x00, 0x00, 
0x01, 0x00, 0x00, 0x00, 
0x01, 0x00, 0x00, 0x00, 
0x01, 0x00, 0x00, 0x00, 
0x01, 0x00, 0x00, 0x00, 
0x01, 0x00, 0x00, 0x00, 
0x01, 0x00, 0x00, 0x00, 
0x01, 0x00, 0x00, 0x00, 
0x01, 0x00, 0x00, 0x00, 
0x01, 0x00, 0x00, 0x00, 
0x01, 0x00, 0x00, 0x00, 
0x01, 0x00, 0x00, 0x00, 
0x01, 0x00, 0x00, 0x00, 
0x01, 0x00, 0x00, 0x00, 
0x01, 0x00, 0x00, 0x00, 
0x01, 0x00, 0x00, 0x00, 
0x01, 0x00, 0x00, 0x00, 
0x01, 0x00, 0x00, 0x00, 
0x01, 0x00, 0x00, 0x00, 
0x01, 0x00, 0x00, 0x00, 
0x01, 0x00, 0x00, 0x00, 
0x01, 0x00, 0x00, 0x00, 
0x00, 0x00, 0x00, 0x00, 
0x00, 0x00, 0x00, 0x00, 
0x00, 0x00, 0x00, 0x00, 
0x00, 0x00, 0x00, 0x00, 
0x00, 0x00, 0x00, 0x00, 
0x00, 0x00, 0x00, 0x00, 
0x00, 0x00, 0x00, 0x00, 
0x00, 0x00, 0x00, 0x00, 
0xA3, 0x00, 0x00, 0x00, 
0x01, 0x00, 0x00, 0x00, 
0x00, 0x00, 0x00, 0x00, 
0x00, 0x00, 0x00, 0x00, 
0x01, 0x00, 0x00, 0x00, 
0x00, 0x00, 0x00, 0x00, 
0x00, 0x00, 0x00, 0x00, 
0x00, 0x00, 0x00, 0x00, 
0x00, 0x00, 0x00, 0x00, 
0x01, 0x00, 0x00, 0x00, 
0x00, 0x00, 0x00, 0x00, 
0x00, 0x00, 0x00, 0x00, 
0x00, 0x00, 0x00, 0x00, 
0x00, 0x00, 0x00, 0x00, 
0x01, 0x00, 0x00, 0x00, 
0x00, 0x00, 0x00, 0x00, 
0x00, 0x00, 0x00, 0x00, 
0x00, 0x00, 0x00, 0x00, 
0x00, 0x00, 0x00, 0x00, 
0x01, 0x00, 0x00, 0x00, 
0x00, 0x00, 0x00, 0x00, 
0x00, 0x00, 0x00, 0x00, 
0x01, 0x00, 0x00, 0x00, 
0x01, 0x00, 0x00, 0x00, 
0x01, 0x00, 0x00, 0x00, 
0x01, 0x00, 0x00, 0x00, 
0x01, 0x00, 0x00, 0x00, 
0x01, 0x00, 0x00, 0x00, 
0x01, 0x00, 0x00, 0x00, 
0x01, 0x00, 0x00, 0x00, 
0x01, 0x00, 0x00, 0x00, 
0x01, 0x00, 0x00, 0x00, 
0x01, 0x00, 0x00, 0x00, 
0x01, 0x00, 0x00, 0x00, 
0x01, 0x00, 0x00, 0x00, 
0x01, 0x00, 0x00, 0x00, 
0x01, 0x00, 0x00, 0x00, 
0x01, 0x00, 0x00, 0x00, 
0x01, 0x00, 0x00, 0x00, 
0x01, 0x00, 0x00, 0x00, 
0x01, 0x00, 0x00, 0x00, 
0x01, 0x00, 0x00, 0x00, 
0x01, 0x00, 0x00, 0x00, 
0x01, 0x00, 0x00, 0x00, 
0x01, 0x00, 0x00, 0x00, 
0x01, 0x00, 0x00, 0x00, 
0x01, 0x00, 0x00, 0x00, 
0x01, 0x00, 0x00, 0x00, 
0x01, 0x00, 0x00, 0x00, 
0x01, 0x00, 0x00, 0x00, 
0x01, 0x00, 0x00, 0x00, 
0x01, 0x00, 0x00, 0x00, 
0x01, 0x00, 0x00, 0x00, 
0x01, 0x00, 0x00, 0x00, 
0x01, 0x00, 0x00, 0x00, 
0x01, 0x00, 0x00, 0x00, 
0x01, 0x00, 0x00, 0x00, 
0x01, 0x00, 0x00, 0x00, 
0x01, 0x00, 0x00, 0x00, 
0x01, 0x00, 0x00, 0x00, 
0x01, 0x00, 0x00, 0x00, 
0x01, 0x00, 0x00, 0x00, 
0x01, 0x00, 0x00, 0x00, 
0x01, 0x00, 0x00, 0x00, 
0x01, 0x00, 0x00, 0x00, 
0x01, 0x00, 0x00, 0x00, 
0x01, 0x00, 0x00, 0x00, 
0x01, 0x00, 0x00, 0x00, 
0x01, 0x00, 0x00, 0x00, 
0x01, 0x00, 0x00, 0x00, 
0x01, 0x00, 0x00, 0x00, 
0x01, 0x00, 0x00, 0x00, 
0x01, 0x00, 0x00, 0x00, 
0x01, 0x00, 0x00, 0x00, 
0x01, 0x00, 0x00, 0x00, 
0x00, 0xB5, 0x04, 0xF3, 
0x00, 0x00, 0x00, 0x00, 
0x00, 0x00, 0x01, 0xD2, 
0x00, 0x00, 0x16, 0x03, 
0x1F, 0x00, 0x00, 0x00, 
0x01, 0x00, 0x00, 0x00, 
0x01, 0x00, 0x00, 0x00, 
0x01, 0x00, 0x00, 0x00, 
0x01, 0x00, 0x00, 0x00, 
0x01, 0x00, 0x00, 0x00, 
0x01, 0x00, 0x00, 0x00, 
0x01, 0x00, 0x00, 0x00, 
0x01, 0x00, 0x00, 0x00, 
0x01, 0x00, 0x00, 0x00, 
0x01, 0x00, 0x00, 0x00, 
0x01, 0x00, 0x00, 0x00, 
0x01, 0x00, 0x00, 0x00, 
0x01, 0x00, 0x00, 0x00, 
0x01, 0x00, 0x00, 0x00, 
0x01, 0x00, 0x00, 0x00, 
0x01, 0x00, 0x00, 0x00, 
0x01, 0x00, 0x00, 0x00, 
0x01, 0x00, 0x00, 0x00, 
0x01, 0x00, 0x00, 0x00, 
0x01, 0x00, 0x00, 0x00, 
0x01, 0x00, 0x00, 0x00, 
0x01, 0x00, 0x00, 0x00, 
0x01, 0x00, 0x00, 0x00, 
0x01, 0x00, 0x00, 0x00, 
0x01, 0x00, 0x00, 0x00, 
0x01, 0x00, 0x00, 0x00, 
0x01, 0x00, 0x00, 0x00, 
0x01, 0x00, 0x00, 0x00, 
0x01, 0x00, 0x00, 0x00, 
0x01, 0x00, 0x00, 0x00, 
0x01, 0x00, 0x00, 0x00, 
0x01, 0x00, 0x00, 0x00, 
0x01, 0x00, 0x00, 0x00, 
0x00, 0x00, 0x00, 0x00, 
0x00, 0x00, 0x00, 0x00, 
0x00, 0x00, 0x00, 0x00, 
0x00, 0x00, 0x00, 0x00, 
0x00, 0x00, 0x00, 0x00, 
0x00, 0x00, 0x00, 0x00, 
0x00, 0x00, 0x00, 0x00, 
0x00, 0x00, 0x00, 0x00, 
0xA3, 0x00, 0x00, 0x00, 
0x01, 0x00, 0x00, 0x00, 
0x00, 0x00, 0x00, 0x00, 
0x00, 0x00, 0x01, 0xD2, 
0x00, 0x00, 0x16, 0x03, 
0x1F, 0x00, 0x00, 0x00, 
0x01, 0x00, 0x00, 0x00, 
0x01, 0x00, 0x00, 0x00, 
0x01, 0x00, 0x00, 0x00, 
0x01, 0x00, 0x00, 0x00, 
0x01, 0x00, 0x00, 0x00, 
0x01, 0x00, 0x00, 0x00, 
0x01, 0x00, 0x00, 0x00, 
0x01, 0x00, 0x00, 0x00, 
0x01, 0x00, 0x00, 0x00, 
0x01, 0x00, 0x00, 0x00, 
0x01, 0x00, 0x00, 0x00, 
0x01, 0x00, 0x00, 0x00, 
0x01, 0x00, 0x00, 0x00, 
0x01, 0x00, 0x00, 0x00, 
0x01, 0x00, 0x00, 0x00, 
0x01, 0x00, 0x00, 0x00, 
0x01, 0x00, 0x00, 0x00, 
0x01, 0x00, 0x00, 0x00, 
0x01, 0x00, 0x00, 0x00, 
0x01, 0x00, 0x00, 0x00, 
0x01, 0x00, 0x00, 0x00, 
0x01, 0x00, 0x00, 0x00, 
0x01, 0x00, 0x00, 0x00, 
0x01, 0x00, 0x00, 0x00, 
0x01, 0x00, 0x00, 0x00, 
0x01, 0x00, 0x00, 0x00, 
0x01, 0x00, 0x00, 0x00, 
0x01, 0x00, 0x00, 0x00, 
0x01, 0x00, 0x00, 0x00, 
0x01, 0x00, 0x00, 0x00, 
0x01, 0x00, 0x00, 0x00, 
0x01, 0x00, 0x00, 0x00, 
0x01, 0x00, 0x00, 0x00, 
0x00, 0x00, 0x00, 0x00, 
0x00, 0x00, 0x00, 0x00, 
0x00, 0x00, 0x00, 0x00, 
0x00, 0x00, 0x00, 0x00, 
0x00, 0x00, 0x00, 0x00, 
0x00, 0x00, 0x00, 0x00, 
0x00, 0x00, 0x00, 0x00, 
0x00, 0x00, 0x00, 0x00, 
0xA3, 0x00, 0x00, 0x00, 
0x01, 0x00, 0x00, 0x00, 
0x00, 0x00, 0x00, 0x00, 
0x00, 0x00, 0x00, 0x00, 
0x00, 0x00, 0x00, 0x00, 
0x01, 0x00, 0x00, 0x00, 
0x00, 0x00, 0x00, 0x00, 
0x00, 0x00, 0x00, 0x00, 
0x00, 0x00, 0x00, 0x00, 
0x00, 0x00, 0x00, 0x00, 
0x01, 0x00, 0x00, 0x00, 
0x00, 0x00, 0x00, 0x00, 
0x00, 0x00, 0x00, 0x00, 
0x00, 0x00, 0x00, 0x00, 
0x00, 0x00, 0x00, 0x00, 
0x01, 0x00, 0x00, 0x00, 
0x00, 0x00, 0x00, 0x00, 
0x00, 0x00, 0x00, 0x00, 
0x00, 0x00, 0x00, 0x00, 
0x00, 0x00, 0x00, 0x00, 
0x01, 0x00, 0x00, 0x00, 
0x00, 0x00, 0x00, 0x00, 
0x00, 0x00, 0x00, 0x00, 
0x00, 0x00, 0x00, 0x00, 
0x00, 0x00, 0x01, 0xD2, 
0x00, 0x00, 0x16, 0x03, 
0x1F, 0x00, 0x00, 0x00, 
0x01, 0x00, 0x00, 0x00, 
0x01, 0x00, 0x00, 0x00, 
0x01, 0x00, 0x00, 0x00, 
0x01, 0x00, 0x00, 0x00, 
0x01, 0x00, 0x00, 0x00, 
0x01, 0x00, 0x00, 0x00, 
0x01, 0x00, 0x00, 0x00, 
0x01, 0x00, 0x00, 0x00, 
0x01, 0x00, 0x00, 0x00, 
0x01, 0x00, 0x00, 0x00, 
0x01, 0x00, 0x00, 0x00, 
0x01, 0x00, 0x00, 0x00, 
0x01, 0x00, 0x00, 0x00, 
0x01, 0x00, 0x00, 0x00, 
0x01, 0x00, 0x00, 0x00, 
0x01, 0x00, 0x00, 0x00, 
0x01, 0x00, 0x00, 0x00, 
0x01, 0x00, 0x00, 0x00, 
0x01, 0x00, 0x00, 0x00, 
0x01, 0x00, 0x00, 0x00, 
0x01, 0x00, 0x00, 0x00, 
0x01, 0x00, 0x00, 0x00, 
0x01, 0x00, 0x00, 0x00, 
0x01, 0x00, 0x00, 0x00, 
0x01, 0x00, 0x00, 0x00, 
0x01, 0x00, 0x00, 0x00, 
0x01, 0x00, 0x00, 0x00, 
0x01, 0x00, 0x00, 0x00, 
0x01, 0x00, 0x00, 0x00, 
0x01, 0x00, 0x00, 0x00, 
0x01, 0x00, 0x00, 0x00, 
0x01, 0x00, 0x00, 0x00, 
0x01, 0x00, 0x00, 0x00, 
0x00, 0x00, 0x00, 0x00, 
0x00, 0x00, 0x00, 0x00, 
0x00, 0x00, 0x00, 0x00, 
0x00, 0x00, 0x00, 0x00, 
0x00, 0x00, 0x00, 0x00, 
0x00, 0x00, 0x00, 0x00, 
0x00, 0x00, 0x00, 0x00, 
0x00, 0x00, 0x00, 0x00, 
0xA3, 0x00, 0x00, 0x00, 
0x01, 0x00, 0x00, 0x00, 
0xFF, 0x1C, 0x86, 0xB7, 
0x01, 0xC6, 0xF2, 0x92, 
0xFF, 0x1C, 0x86, 0xB7, 
0xFF, 0x37, 0x19, 0x18, 
0x01, 0xC4, 0xFE, 0x3D, 
0xFF, 0x0D, 0x38, 0xCD, 
0x01, 0xE5, 0x8E, 0x66, 
0xFF, 0x0D, 0x38, 0xCD, 
0xFF, 0x18, 0x5B, 0x9B, 
0x01, 0xE3, 0x78, 0x67, 
0x01, 0x00, 0x00, 0x00, 
0x01, 0x00, 0x00, 0x00, 
0x01, 0x00, 0x00, 0x00, 
0x01, 0x00, 0x00, 0x00, 
0x01, 0x00, 0x00, 0x00, 
0x01, 0x00, 0x00, 0x00, 
0x01, 0x00, 0x00, 0x00, 
0x01, 0x00, 0x00, 0x00, 
0x01, 0x00, 0x00, 0x00, 
0x01, 0x00, 0x00, 0x00, 
0x01, 0x00, 0x00, 0x00, 
0x01, 0x00, 0x00, 0x00, 
0x01, 0x00, 0x00, 0x00, 
0x01, 0x00, 0x00, 0x00, 
0x01, 0x00, 0x00, 0x00, 
0x01, 0x00, 0x00, 0x00, 
0x01, 0x00, 0x00, 0x00, 
0x01, 0x00, 0x00, 0x00, 
0x01, 0x00, 0x00, 0x00, 
0x01, 0x00, 0x00, 0x00, 
0x01, 0x00, 0x00, 0x00, 
0x01, 0x00, 0x00, 0x00, 
0x01, 0x00, 0x00, 0x00, 
0x01, 0x00, 0x00, 0x00, 
0x01, 0x00, 0x00, 0x00, 
0x01, 0x00, 0x00, 0x00, 
0x01, 0x00, 0x00, 0x00, 
0x01, 0x00, 0x00, 0x00, 
0x01, 0x00, 0x00, 0x00, 
0x01, 0x00, 0x00, 0x00, 
0x01, 0x00, 0x00, 0x00, 
0x01, 0x00, 0x00, 0x00, 
0x01, 0x00, 0x00, 0x00, 
0x01, 0x00, 0x00, 0x00, 
0x01, 0x00, 0x00, 0x00, 
0x01, 0x00, 0x00, 0x00, 
0x01, 0x00, 0x00, 0x00, 
0x01, 0x00, 0x00, 0x00, 
0x01, 0x00, 0x00, 0x00, 
0x01, 0x00, 0x00, 0x00, 
0x01, 0x00, 0x00, 0x00, 
0x01, 0x00, 0x00, 0x00, 
0x01, 0x00, 0x00, 0x00, 
0x01, 0x00, 0x00, 0x00, 
0x01, 0x00, 0x00, 0x00, 
0x01, 0x00, 0x00, 0x00, 
0x01, 0x00, 0x00, 0x00, 
0x01, 0x00, 0x00, 0x00, 
0x01, 0x00, 0x00, 0x00, 
0x01, 0x00, 0x00, 0x00, 
0x01, 0x00, 0x00, 0x00, 
0x01, 0x00, 0x00, 0x00, 
0x01, 0x00, 0x00, 0x00, 
0x00, 0xB5, 0x04, 0xF3, 
0x00, 0x00, 0x00, 0x00, 
0x00, 0x00, 0x01, 0xD2, 
0x00, 0x00, 0x16, 0x03, 
0x1F, 0x00, 0x00, 0x00, 
0x01, 0x00, 0x00, 0x00, 
0x01, 0x00, 0x00, 0x00, 
0x01, 0x00, 0x00, 0x00, 
0x01, 0x00, 0x00, 0x00, 
0x01, 0x00, 0x00, 0x00, 
0x01, 0x00, 0x00, 0x00, 
0x01, 0x00, 0x00, 0x00, 
0x01, 0x00, 0x00, 0x00, 
0x01, 0x00, 0x00, 0x00, 
0x01, 0x00, 0x00, 0x00, 
0x01, 0x00, 0x00, 0x00, 
0x01, 0x00, 0x00, 0x00, 
0x01, 0x00, 0x00, 0x00, 
0x01, 0x00, 0x00, 0x00, 
0x01, 0x00, 0x00, 0x00, 
0x01, 0x00, 0x00, 0x00, 
0x01, 0x00, 0x00, 0x00, 
0x01, 0x00, 0x00, 0x00, 
0x01, 0x00, 0x00, 0x00, 
0x01, 0x00, 0x00, 0x00, 
0x01, 0x00, 0x00, 0x00, 
0x01, 0x00, 0x00, 0x00, 
0x01, 0x00, 0x00, 0x00, 
0x01, 0x00, 0x00, 0x00, 
0x01, 0x00, 0x00, 0x00, 
0x01, 0x00, 0x00, 0x00, 
0x01, 0x00, 0x00, 0x00, 
0x01, 0x00, 0x00, 0x00, 
0x01, 0x00, 0x00, 0x00, 
0x01, 0x00, 0x00, 0x00, 
0x01, 0x00, 0x00, 0x00, 
0x01, 0x00, 0x00, 0x00, 
0x01, 0x00, 0x00, 0x00, 
0x00, 0x00, 0x00, 0x00, 
0x00, 0x00, 0x00, 0x00, 
0x00, 0x00, 0x00, 0x00, 
0x00, 0x00, 0x00, 0x00, 
0x00, 0x00, 0x00, 0x00, 
0x00, 0x00, 0x00, 0x00, 
0x00, 0x00, 0x00, 0x00, 
0x00, 0x00, 0x00, 0x00, 
0xA3, 0x00, 0x00, 0x00, 
0x01, 0x00, 0x00, 0x00, 
0x00, 0x00, 0x00, 0x00, 
0x00, 0x00, 0x00, 0x00, 
0x01, 0x00, 0x00, 0x00, 
0x00, 0x00, 0x00, 0x00, 
0x00, 0x00, 0x00, 0x00, 
0x00, 0x00, 0x00, 0x00, 
0x00, 0x00, 0x00, 0x00, 
0x01, 0x00, 0x00, 0x00, 
0x00, 0x00, 0x00, 0x00, 
0x00, 0x00, 0x00, 0x00, 
0x00, 0x00, 0x00, 0x00, 
0x00, 0x00, 0x00, 0x00, 
0x01, 0x00, 0x00, 0x00, 
0x00, 0x00, 0x00, 0x00, 
0x00, 0x00, 0x00, 0x00, 
0x00, 0x00, 0x00, 0x00, 
0x00, 0x00, 0x00, 0x00, 
0x01, 0x00, 0x00, 0x00, 
0x00, 0x00, 0x00, 0x00, 
0x00, 0x00, 0x00, 0x00, 
0x01, 0x00, 0x00, 0x00, 
0x01, 0x00, 0x00, 0x00, 
0x01, 0x00, 0x00, 0x00, 
0x01, 0x00, 0x00, 0x00, 
0x01, 0x00, 0x00, 0x00, 
0x01, 0x00, 0x00, 0x00, 
0x01, 0x00, 0x00, 0x00, 
0x01, 0x00, 0x00, 0x00, 
0x01, 0x00, 0x00, 0x00, 
0x01, 0x00, 0x00, 0x00, 
0x01, 0x00, 0x00, 0x00, 
0x01, 0x00, 0x00, 0x00, 
0x01, 0x00, 0x00, 0x00, 
0x01, 0x00, 0x00, 0x00, 
0x01, 0x00, 0x00, 0x00, 
0x01, 0x00, 0x00, 0x00, 
0x01, 0x00, 0x00, 0x00, 
0x01, 0x00, 0x00, 0x00, 
0x01, 0x00, 0x00, 0x00, 
0x01, 0x00, 0x00, 0x00, 
0x01, 0x00, 0x00, 0x00, 
0x01, 0x00, 0x00, 0x00, 
0x01, 0x00, 0x00, 0x00, 
0x01, 0x00, 0x00, 0x00, 
0x01, 0x00, 0x00, 0x00, 
0x01, 0x00, 0x00, 0x00, 
0x01, 0x00, 0x00, 0x00, 
0x01, 0x00, 0x00, 0x00, 
0x01, 0x00, 0x00, 0x00, 
0x01, 0x00, 0x00, 0x00, 
0x01, 0x00, 0x00, 0x00, 
0x01, 0x00, 0x00, 0x00, 
0x01, 0x00, 0x00, 0x00, 
0x01, 0x00, 0x00, 0x00, 
0x01, 0x00, 0x00, 0x00, 
0x01, 0x00, 0x00, 0x00, 
0x01, 0x00, 0x00, 0x00, 
0x01, 0x00, 0x00, 0x00, 
0x01, 0x00, 0x00, 0x00, 
0x01, 0x00, 0x00, 0x00, 
0x01, 0x00, 0x00, 0x00, 
0x01, 0x00, 0x00, 0x00, 
0x01, 0x00, 0x00, 0x00, 
0x01, 0x00, 0x00, 0x00, 
0x01, 0x00, 0x00, 0x00, 
0x01, 0x00, 0x00, 0x00, 
0x01, 0x00, 0x00, 0x00, 
0x01, 0x00, 0x00, 0x00, 
0x01, 0x00, 0x00, 0x00, 
0x01, 0x00, 0x00, 0x00, 
0x01, 0x00, 0x00, 0x00, 
0x01, 0x00, 0x00, 0x00, 
0x01, 0x00, 0x00, 0x00, 
0x00, 0xB5, 0x04, 0xF3, 
0x00, 0x00, 0x00, 0x00, 
0x00, 0x00, 0x01, 0xD2, 
0x00, 0x00, 0x16, 0x03, 
0x1F, 0x00, 0x00, 0x00, 
0x01, 0x00, 0x00, 0x00, 
0x01, 0x00, 0x00, 0x00, 
0x01, 0x00, 0x00, 0x00, 
0x01, 0x00, 0x00, 0x00, 
0x01, 0x00, 0x00, 0x00, 
0x01, 0x00, 0x00, 0x00, 
0x01, 0x00, 0x00, 0x00, 
0x01, 0x00, 0x00, 0x00, 
0x01, 0x00, 0x00, 0x00, 
0x01, 0x00, 0x00, 0x00, 
0x01, 0x00, 0x00, 0x00, 
0x01, 0x00, 0x00, 0x00, 
0x01, 0x00, 0x00, 0x00, 
0x01, 0x00, 0x00, 0x00, 
0x01, 0x00, 0x00, 0x00, 
0x01, 0x00, 0x00, 0x00, 
0x01, 0x00, 0x00, 0x00, 
0x01, 0x00, 0x00, 0x00, 
0x01, 0x00, 0x00, 0x00, 
0x01, 0x00, 0x00, 0x00, 
0x01, 0x00, 0x00, 0x00, 
0x01, 0x00, 0x00, 0x00, 
0x01, 0x00, 0x00, 0x00, 
0x01, 0x00, 0x00, 0x00, 
0x01, 0x00, 0x00, 0x00, 
0x01, 0x00, 0x00, 0x00, 
0x01, 0x00, 0x00, 0x00, 
0x01, 0x00, 0x00, 0x00, 
0x01, 0x00, 0x00, 0x00, 
0x01, 0x00, 0x00, 0x00, 
0x01, 0x00, 0x00, 0x00, 
0x01, 0x00, 0x00, 0x00, 
0x01, 0x00, 0x00, 0x00, 
0x00, 0x00, 0x00, 0x00, 
0x00, 0x00, 0x00, 0x00, 
0x00, 0x00, 0x00, 0x00, 
0x00, 0x00, 0x00, 0x00, 
0x00, 0x00, 0x00, 0x00, 
0x00, 0x00, 0x00, 0x00, 
0x00, 0x00, 0x00, 0x00, 
0x00, 0x00, 0x00, 0x00, 
0xA3, 0x00, 0x00, 0x00, 
0x01, 0x00, 0x00, 0x00, 
0x00, 0x00, 0x00, 0x00, 
0x00, 0x00, 0x01, 0xD2, 
0x00, 0x00, 0x16, 0x03, 
0x1F, 0x00, 0x00, 0x00, 
0x01, 0x00, 0x00, 0x00, 
0x01, 0x00, 0x00, 0x00, 
0x01, 0x00, 0x00, 0x00, 
0x01, 0x00, 0x00, 0x00, 
0x01, 0x00, 0x00, 0x00, 
0x01, 0x00, 0x00, 0x00, 
0x01, 0x00, 0x00, 0x00, 
0x01, 0x00, 0x00, 0x00, 
0x01, 0x00, 0x00, 0x00, 
0x01, 0x00, 0x00, 0x00, 
0x01, 0x00, 0x00, 0x00, 
0x01, 0x00, 0x00, 0x00, 
0x01, 0x00, 0x00, 0x00, 
0x01, 0x00, 0x00, 0x00, 
0x01, 0x00, 0x00, 0x00, 
0x01, 0x00, 0x00, 0x00, 
0x01, 0x00, 0x00, 0x00, 
0x01, 0x00, 0x00, 0x00, 
0x01, 0x00, 0x00, 0x00, 
0x01, 0x00, 0x00, 0x00, 
0x01, 0x00, 0x00, 0x00, 
0x01, 0x00, 0x00, 0x00, 
0x01, 0x00, 0x00, 0x00, 
0x01, 0x00, 0x00, 0x00, 
0x01, 0x00, 0x00, 0x00, 
0x01, 0x00, 0x00, 0x00, 
0x01, 0x00, 0x00, 0x00, 
0x01, 0x00, 0x00, 0x00, 
0x01, 0x00, 0x00, 0x00, 
0x01, 0x00, 0x00, 0x00, 
0x01, 0x00, 0x00, 0x00, 
0x01, 0x00, 0x00, 0x00, 
0x01, 0x00, 0x00, 0x00, 
0x00, 0x00, 0x00, 0x00, 
0x00, 0x00, 0x00, 0x00, 
0x00, 0x00, 0x00, 0x00, 
0x00, 0x00, 0x00, 0x00, 
0x00, 0x00, 0x00, 0x00, 
0x00, 0x00, 0x00, 0x00, 
0x00, 0x00, 0x00, 0x00, 
0x00, 0x00, 0x00, 0x00, 
0xA3, 0x00, 0x00, 0x00, 
0x01, 0x00, 0x00, 0x00, 
0x00, 0x00, 0x00, 0x00, 
0x00, 0x00, 0x00, 0x00, 
0x00, 0x00, 0x00, 0x00, 
0x01, 0x00, 0x00, 0x00, 
0x00, 0x00, 0x00, 0x00, 
0x00, 0x00, 0x00, 0x00, 
0x00, 0x00, 0x00, 0x00, 
0x00, 0x00, 0x00, 0x00, 
0x01, 0x00, 0x00, 0x00, 
0x00, 0x00, 0x00, 0x00, 
0x00, 0x00, 0x00, 0x00, 
0x00, 0x00, 0x00, 0x00, 
0x00, 0x00, 0x00, 0x00, 
0x01, 0x00, 0x00, 0x00, 
0x00, 0x00, 0x00, 0x00, 
0x00, 0x00, 0x00, 0x00, 
0x00, 0x00, 0x00, 0x00, 
0x00, 0x00, 0x00, 0x00, 
0x01, 0x00, 0x00, 0x00, 
0x00, 0x00, 0x00, 0x00, 
0x00, 0x00, 0x00, 0x00, 
0x00, 0x00, 0x00, 0x00, 
0x00, 0x00, 0x01, 0xD2, 
0x00, 0x00, 0x16, 0x03, 
0x1F, 0x00, 0x00, 0x00, 
0x01, 0x00, 0x00, 0x00, 
0x01, 0x00, 0x00, 0x00, 
0x01, 0x00, 0x00, 0x00, 
0x01, 0x00, 0x00, 0x00, 
0x01, 0x00, 0x00, 0x00, 
0x01, 0x00, 0x00, 0x00, 
0x01, 0x00, 0x00, 0x00, 
0x01, 0x00, 0x00, 0x00, 
0x01, 0x00, 0x00, 0x00, 
0x01, 0x00, 0x00, 0x00, 
0x01, 0x00, 0x00, 0x00, 
0x01, 0x00, 0x00, 0x00, 
0x01, 0x00, 0x00, 0x00, 
0x01, 0x00, 0x00, 0x00, 
0x01, 0x00, 0x00, 0x00, 
0x01, 0x00, 0x00, 0x00, 
0x01, 0x00, 0x00, 0x00, 
0x01, 0x00, 0x00, 0x00, 
0x01, 0x00, 0x00, 0x00, 
0x01, 0x00, 0x00, 0x00, 
0x01, 0x00, 0x00, 0x00, 
0x01, 0x00, 0x00, 0x00, 
0x01, 0x00, 0x00, 0x00, 
0x01, 0x00, 0x00, 0x00, 
0x01, 0x00, 0x00, 0x00, 
0x01, 0x00, 0x00, 0x00, 
0x01, 0x00, 0x00, 0x00, 
0x01, 0x00, 0x00, 0x00, 
0x01, 0x00, 0x00, 0x00, 
0x01, 0x00, 0x00, 0x00, 
0x01, 0x00, 0x00, 0x00, 
0x01, 0x00, 0x00, 0x00, 
0x01, 0x00, 0x00, 0x00, 
0x00, 0x00, 0x00, 0x00, 
0x00, 0x00, 0x00, 0x00, 
0x00, 0x00, 0x00, 0x00, 
0x00, 0x00, 0x00, 0x00, 
0x00, 0x00, 0x00, 0x00, 
0x00, 0x00, 0x00, 0x00, 
0x00, 0x00, 0x00, 0x00, 
0x00, 0x00, 0x00, 0x00, 
0xA3, 0x00, 0x00, 0x00, 
0x01, 0x00, 0x00, 0x00, 
0xFF, 0x1C, 0x86, 0xB7, 
0x01, 0xC6, 0xF2, 0x92, 
0xFF, 0x1C, 0x86, 0xB7, 
0xFF, 0x37, 0x19, 0x18, 
0x01, 0xC4, 0xFE, 0x3D, 
0xFF, 0x0D, 0x38, 0xCD, 
0x01, 0xE5, 0x8E, 0x66, 
0xFF, 0x0D, 0x38, 0xCD, 
0xFF, 0x18, 0x5B, 0x9B, 
0x01, 0xE3, 0x78, 0x67, 
0x01, 0x00, 0x00, 0x00, 
0x01, 0x00, 0x00, 0x00, 
0x01, 0x00, 0x00, 0x00, 
0x01, 0x00, 0x00, 0x00, 
0x01, 0x00, 0x00, 0x00, 
0x01, 0x00, 0x00, 0x00, 
0x01, 0x00, 0x00, 0x00, 
0x01, 0x00, 0x00, 0x00, 
0x01, 0x00, 0x00, 0x00, 
0x01, 0x00, 0x00, 0x00, 
0x01, 0x00, 0x00, 0x00, 
0x01, 0x00, 0x00, 0x00, 
0x01, 0x00, 0x00, 0x00, 
0x01, 0x00, 0x00, 0x00, 
0x01, 0x00, 0x00, 0x00, 
0x01, 0x00, 0x00, 0x00, 
0x01, 0x00, 0x00, 0x00, 
0x01, 0x00, 0x00, 0x00, 
0x01, 0x00, 0x00, 0x00, 
0x01, 0x00, 0x00, 0x00, 
0x01, 0x00, 0x00, 0x00, 
0x01, 0x00, 0x00, 0x00, 
0x01, 0x00, 0x00, 0x00, 
0x01, 0x00, 0x00, 0x00, 
0x01, 0x00, 0x00, 0x00, 
0x01, 0x00, 0x00, 0x00, 
0x01, 0x00, 0x00, 0x00, 
0x01, 0x00, 0x00, 0x00, 
0x01, 0x00, 0x00, 0x00, 
0x01, 0x00, 0x00, 0x00, 
0x01, 0x00, 0x00, 0x00, 
0x01, 0x00, 0x00, 0x00, 
0x01, 0x00, 0x00, 0x00, 
0x01, 0x00, 0x00, 0x00, 
0x01, 0x00, 0x00, 0x00, 
0x01, 0x00, 0x00, 0x00, 
0x01, 0x00, 0x00, 0x00, 
0x01, 0x00, 0x00, 0x00, 
0x01, 0x00, 0x00, 0x00, 
0x01, 0x00, 0x00, 0x00, 
0x01, 0x00, 0x00, 0x00, 
0x01, 0x00, 0x00, 0x00, 
0x01, 0x00, 0x00, 0x00, 
0x01, 0x00, 0x00, 0x00, 
0x01, 0x00, 0x00, 0x00, 
0x01, 0x00, 0x00, 0x00, 
0x01, 0x00, 0x00, 0x00, 
0x01, 0x00, 0x00, 0x00, 
0x01, 0x00, 0x00, 0x00, 
0x01, 0x00, 0x00, 0x00, 
0x01, 0x00, 0x00, 0x00, 
0x01, 0x00, 0x00, 0x00, 
0x01, 0x00, 0x00, 0x00, 
0x00, 0xB5, 0x04, 0xF3, 
0x00, 0x00, 0x00, 0x00, 
0x00, 0x00, 0x01, 0xD2, 
0x00, 0x00, 0x16, 0x03, 
0x1F, 0x00, 0x00, 0x00, 
0x01, 0x00, 0x00, 0x00, 
0x01, 0x00, 0x00, 0x00, 
0x01, 0x00, 0x00, 0x00, 
0x01, 0x00, 0x00, 0x00, 
0x01, 0x00, 0x00, 0x00, 
0x01, 0x00, 0x00, 0x00, 
0x01, 0x00, 0x00, 0x00, 
0x01, 0x00, 0x00, 0x00, 
0x01, 0x00, 0x00, 0x00, 
0x01, 0x00, 0x00, 0x00, 
0x01, 0x00, 0x00, 0x00, 
0x01, 0x00, 0x00, 0x00, 
0x01, 0x00, 0x00, 0x00, 
0x01, 0x00, 0x00, 0x00, 
0x01, 0x00, 0x00, 0x00, 
0x01, 0x00, 0x00, 0x00, 
0x01, 0x00, 0x00, 0x00, 
0x01, 0x00, 0x00, 0x00, 
0x01, 0x00, 0x00, 0x00, 
0x01, 0x00, 0x00, 0x00, 
0x01, 0x00, 0x00, 0x00, 
0x01, 0x00, 0x00, 0x00, 
0x01, 0x00, 0x00, 0x00, 
0x01, 0x00, 0x00, 0x00, 
0x01, 0x00, 0x00, 0x00, 
0x01, 0x00, 0x00, 0x00, 
0x01, 0x00, 0x00, 0x00, 
0x01, 0x00, 0x00, 0x00, 
0x01, 0x00, 0x00, 0x00, 
0x01, 0x00, 0x00, 0x00, 
0x01, 0x00, 0x00, 0x00, 
0x01, 0x00, 0x00, 0x00, 
0x01, 0x00, 0x00, 0x00, 
0x00, 0x00, 0x00, 0x00, 
0x00, 0x00, 0x00, 0x00, 
0x00, 0x00, 0x00, 0x00, 
0x00, 0x00, 0x00, 0x00, 
0x00, 0x00, 0x00, 0x00, 
0x00, 0x00, 0x00, 0x00, 
0x00, 0x00, 0x00, 0x00, 
0x00, 0x00, 0x00, 0x00, 
0xA3, 0x00, 0x00, 0x00, 
0x01, 0x00, 0x00, 0x00, 
0x00, 0x00, 0x00, 0x00, 
0x00, 0x00, 0x00, 0x00, 
0x01, 0x00, 0x00, 0x00, 
0x00, 0x00, 0x00, 0x00, 
0x00, 0x00, 0x00, 0x00, 
0x00, 0x00, 0x00, 0x00, 
0x00, 0x00, 0x00, 0x00, 
0x01, 0x00, 0x00, 0x00, 
0x00, 0x00, 0x00, 0x00, 
0x00, 0x00, 0x00, 0x00, 
0x00, 0x00, 0x00, 0x00, 
0x00, 0x00, 0x00, 0x00, 
0x01, 0x00, 0x00, 0x00, 
0x00, 0x00, 0x00, 0x00, 
0x00, 0x00, 0x00, 0x00, 
0x00, 0x00, 0x00, 0x00, 
0x00, 0x00, 0x00, 0x00, 
0x01, 0x00, 0x00, 0x00, 
0x00, 0x00, 0x00, 0x00, 
0x00, 0x00, 0x00, 0x00, 
0x01, 0x00, 0x00, 0x00, 
0x01, 0x00, 0x00, 0x00, 
0x01, 0x00, 0x00, 0x00, 
0x01, 0x00, 0x00, 0x00, 
0x01, 0x00, 0x00, 0x00, 
0x01, 0x00, 0x00, 0x00, 
0x01, 0x00, 0x00, 0x00, 
0x01, 0x00, 0x00, 0x00, 
0x01, 0x00, 0x00, 0x00, 
0x01, 0x00, 0x00, 0x00, 
0x01, 0x00, 0x00, 0x00, 
0x01, 0x00, 0x00, 0x00, 
0x01, 0x00, 0x00, 0x00, 
0x01, 0x00, 0x00, 0x00, 
0x01, 0x00, 0x00, 0x00, 
0x01, 0x00, 0x00, 0x00, 
0x01, 0x00, 0x00, 0x00, 
0x01, 0x00, 0x00, 0x00, 
0x01, 0x00, 0x00, 0x00, 
0x01, 0x00, 0x00, 0x00, 
0x01, 0x00, 0x00, 0x00, 
0x01, 0x00, 0x00, 0x00, 
0x01, 0x00, 0x00, 0x00, 
0x01, 0x00, 0x00, 0x00, 
0x01, 0x00, 0x00, 0x00, 
0x01, 0x00, 0x00, 0x00, 
0x01, 0x00, 0x00, 0x00, 
0x01, 0x00, 0x00, 0x00, 
0x01, 0x00, 0x00, 0x00, 
0x01, 0x00, 0x00, 0x00, 
0x01, 0x00, 0x00, 0x00, 
0x01, 0x00, 0x00, 0x00, 
0x01, 0x00, 0x00, 0x00, 
0x01, 0x00, 0x00, 0x00, 
0x01, 0x00, 0x00, 0x00, 
0x01, 0x00, 0x00, 0x00, 
0x01, 0x00, 0x00, 0x00, 
0x01, 0x00, 0x00, 0x00, 
0x01, 0x00, 0x00, 0x00, 
0x01, 0x00, 0x00, 0x00, 
0x01, 0x00, 0x00, 0x00, 
0x01, 0x00, 0x00, 0x00, 
0x01, 0x00, 0x00, 0x00, 
0x01, 0x00, 0x00, 0x00, 
0x01, 0x00, 0x00, 0x00, 
0x01, 0x00, 0x00, 0x00, 
0x01, 0x00, 0x00, 0x00, 
0x01, 0x00, 0x00, 0x00, 
0x01, 0x00, 0x00, 0x00, 
0x01, 0x00, 0x00, 0x00, 
0x01, 0x00, 0x00, 0x00, 
0x01, 0x00, 0x00, 0x00, 
0x01, 0x00, 0x00, 0x00, 
0x00, 0xB5, 0x04, 0xF3, 
0x00, 0x00, 0x00, 0x00, 
0x00, 0x00, 0x01, 0xD2, 
0x00, 0x00, 0x16, 0x03, 
0x1F, 0x00, 0x00, 0x00, 
0x01, 0x00, 0x00, 0x00, 
0x01, 0x00, 0x00, 0x00, 
0x01, 0x00, 0x00, 0x00, 
0x01, 0x00, 0x00, 0x00, 
0x01, 0x00, 0x00, 0x00, 
0x01, 0x00, 0x00, 0x00, 
0x01, 0x00, 0x00, 0x00, 
0x01, 0x00, 0x00, 0x00, 
0x01, 0x00, 0x00, 0x00, 
0x01, 0x00, 0x00, 0x00, 
0x01, 0x00, 0x00, 0x00, 
0x01, 0x00, 0x00, 0x00, 
0x01, 0x00, 0x00, 0x00, 
0x01, 0x00, 0x00, 0x00, 
0x01, 0x00, 0x00, 0x00, 
0x01, 0x00, 0x00, 0x00, 
0x01, 0x00, 0x00, 0x00, 
0x01, 0x00, 0x00, 0x00, 
0x01, 0x00, 0x00, 0x00, 
0x01, 0x00, 0x00, 0x00, 
0x01, 0x00, 0x00, 0x00, 
0x01, 0x00, 0x00, 0x00, 
0x01, 0x00, 0x00, 0x00, 
0x01, 0x00, 0x00, 0x00, 
0x01, 0x00, 0x00, 0x00, 
0x01, 0x00, 0x00, 0x00, 
0x01, 0x00, 0x00, 0x00, 
0x01, 0x00, 0x00, 0x00, 
0x01, 0x00, 0x00, 0x00, 
0x01, 0x00, 0x00, 0x00, 
0x01, 0x00, 0x00, 0x00, 
0x01, 0x00, 0x00, 0x00, 
0x01, 0x00, 0x00, 0x00, 
0x00, 0x00, 0x00, 0x00, 
0x00, 0x00, 0x00, 0x00, 
0x00, 0x00, 0x00, 0x00, 
0x00, 0x00, 0x00, 0x00, 
0x00, 0x00, 0x00, 0x00, 
0x00, 0x00, 0x00, 0x00, 
0x00, 0x00, 0x00, 0x00, 
0x00, 0x00, 0x00, 0x00, 
0xA3, 0x00, 0x00, 0x00, 
0x01, 0x00, 0x00, 0x00, 
0x00, 0x00, 0x00, 0x00, 
0x00, 0x00, 0x01, 0xD2, 
0x00, 0x00, 0x16, 0x03, 
0x1F, 0x00, 0x00, 0x00, 
0x01, 0x00, 0x00, 0x00, 
0x01, 0x00, 0x00, 0x00, 
0x01, 0x00, 0x00, 0x00, 
0x01, 0x00, 0x00, 0x00, 
0x01, 0x00, 0x00, 0x00, 
0x01, 0x00, 0x00, 0x00, 
0x01, 0x00, 0x00, 0x00, 
0x01, 0x00, 0x00, 0x00, 
0x01, 0x00, 0x00, 0x00, 
0x01, 0x00, 0x00, 0x00, 
0x01, 0x00, 0x00, 0x00, 
0x01, 0x00, 0x00, 0x00, 
0x01, 0x00, 0x00, 0x00, 
0x01, 0x00, 0x00, 0x00, 
0x01, 0x00, 0x00, 0x00, 
0x01, 0x00, 0x00, 0x00, 
0x01, 0x00, 0x00, 0x00, 
0x01, 0x00, 0x00, 0x00, 
0x01, 0x00, 0x00, 0x00, 
0x01, 0x00, 0x00, 0x00, 
0x01, 0x00, 0x00, 0x00, 
0x01, 0x00, 0x00, 0x00, 
0x01, 0x00, 0x00, 0x00, 
0x01, 0x00, 0x00, 0x00, 
0x01, 0x00, 0x00, 0x00, 
0x01, 0x00, 0x00, 0x00, 
0x01, 0x00, 0x00, 0x00, 
0x01, 0x00, 0x00, 0x00, 
0x01, 0x00, 0x00, 0x00, 
0x01, 0x00, 0x00, 0x00, 
0x01, 0x00, 0x00, 0x00, 
0x01, 0x00, 0x00, 0x00, 
0x01, 0x00, 0x00, 0x00, 
0x00, 0x00, 0x00, 0x00, 
0x00, 0x00, 0x00, 0x00, 
0x00, 0x00, 0x00, 0x00, 
0x00, 0x00, 0x00, 0x00, 
0x00, 0x00, 0x00, 0x00, 
0x00, 0x00, 0x00, 0x00, 
0x00, 0x00, 0x00, 0x00, 
0x00, 0x00, 0x00, 0x00, 
0xA3, 0x00, 0x00, 0x00, 
0x01, 0x00, 0x00, 0x00, 
0x00, 0x00, 0x00, 0x00, 
0x00, 0x00, 0x00, 0x00, 
0x00, 0x00, 0x00, 0x00, 
0x01, 0x00, 0x00, 0x00, 
0x00, 0x00, 0x00, 0x00, 
0x00, 0x00, 0x00, 0x00, 
0x00, 0x00, 0x00, 0x00, 
0x00, 0x00, 0x00, 0x00, 
0x01, 0x00, 0x00, 0x00, 
0x00, 0x00, 0x00, 0x00, 
0x00, 0x00, 0x00, 0x00, 
0x00, 0x00, 0x00, 0x00, 
0x00, 0x00, 0x00, 0x00, 
0x01, 0x00, 0x00, 0x00, 
0x00, 0x00, 0x00, 0x00, 
0x00, 0x00, 0x00, 0x00, 
0x00, 0x00, 0x00, 0x00, 
0x00, 0x00, 0x00, 0x00, 
0x01, 0x00, 0x00, 0x00, 
0x00, 0x00, 0x00, 0x00, 
0x00, 0x00, 0x00, 0x00, 
0x00, 0x00, 0x00, 0x00, 
0x00, 0x00, 0x01, 0xD2, 
0x00, 0x00, 0x16, 0x03, 
0x1F, 0x00, 0x00, 0x00, 
0x01, 0x00, 0x00, 0x00, 
0x01, 0x00, 0x00, 0x00, 
0x01, 0x00, 0x00, 0x00, 
0x01, 0x00, 0x00, 0x00, 
0x01, 0x00, 0x00, 0x00, 
0x01, 0x00, 0x00, 0x00, 
0x01, 0x00, 0x00, 0x00, 
0x01, 0x00, 0x00, 0x00, 
0x01, 0x00, 0x00, 0x00, 
0x01, 0x00, 0x00, 0x00, 
0x01, 0x00, 0x00, 0x00, 
0x01, 0x00, 0x00, 0x00, 
0x01, 0x00, 0x00, 0x00, 
0x01, 0x00, 0x00, 0x00, 
0x01, 0x00, 0x00, 0x00, 
0x01, 0x00, 0x00, 0x00, 
0x01, 0x00, 0x00, 0x00, 
0x01, 0x00, 0x00, 0x00, 
0x01, 0x00, 0x00, 0x00, 
0x01, 0x00, 0x00, 0x00, 
0x01, 0x00, 0x00, 0x00, 
0x01, 0x00, 0x00, 0x00, 
0x01, 0x00, 0x00, 0x00, 
0x01, 0x00, 0x00, 0x00, 
0x01, 0x00, 0x00, 0x00, 
0x01, 0x00, 0x00, 0x00, 
0x01, 0x00, 0x00, 0x00, 
0x01, 0x00, 0x00, 0x00, 
0x01, 0x00, 0x00, 0x00, 
0x01, 0x00, 0x00, 0x00, 
0x01, 0x00, 0x00, 0x00, 
0x01, 0x00, 0x00, 0x00, 
0x01, 0x00, 0x00, 0x00, 
0x00, 0x00, 0x00, 0x00, 
0x00, 0x00, 0x00, 0x00, 
0x00, 0x00, 0x00, 0x00, 
0x00, 0x00, 0x00, 0x00, 
0x00, 0x00, 0x00, 0x00, 
0x00, 0x00, 0x00, 0x00, 
0x00, 0x00, 0x00, 0x00, 
0x00, 0x00, 0x00, 0x00, 
0xA3, 0x00, 0x00, 0x00, 
0x01, 0x00, 0x00, 0x00, 
0xFF, 0x1C, 0x86, 0xB7, 
0x01, 0xC6, 0xF2, 0x92, 
0xFF, 0x1C, 0x86, 0xB7, 
0xFF, 0x37, 0x19, 0x18, 
0x01, 0xC4, 0xFE, 0x3D, 
0xFF, 0x0D, 0x38, 0xCD, 
0x01, 0xE5, 0x8E, 0x66, 
0xFF, 0x0D, 0x38, 0xCD, 
0xFF, 0x18, 0x5B, 0x9B, 
0x01, 0xE3, 0x78, 0x67, 
0x01, 0x00, 0x00, 0x00, 
0x01, 0x00, 0x00, 0x00, 
0x01, 0x00, 0x00, 0x00, 
0x01, 0x00, 0x00, 0x00, 
0x01, 0x00, 0x00, 0x00, 
0x01, 0x00, 0x00, 0x00, 
0x01, 0x00, 0x00, 0x00, 
0x01, 0x00, 0x00, 0x00, 
0x01, 0x00, 0x00, 0x00, 
0x01, 0x00, 0x00, 0x00, 
0x01, 0x00, 0x00, 0x00, 
0x01, 0x00, 0x00, 0x00, 
0x01, 0x00, 0x00, 0x00, 
0x01, 0x00, 0x00, 0x00, 
0x01, 0x00, 0x00, 0x00, 
0x01, 0x00, 0x00, 0x00, 
0x01, 0x00, 0x00, 0x00, 
0x01, 0x00, 0x00, 0x00, 
0x01, 0x00, 0x00, 0x00, 
0x01, 0x00, 0x00, 0x00, 
0x01, 0x00, 0x00, 0x00, 
0x01, 0x00, 0x00, 0x00, 
0x01, 0x00, 0x00, 0x00, 
0x01, 0x00, 0x00, 0x00, 
0x01, 0x00, 0x00, 0x00, 
0x01, 0x00, 0x00, 0x00, 
0x01, 0x00, 0x00, 0x00, 
0x01, 0x00, 0x00, 0x00, 
0x01, 0x00, 0x00, 0x00, 
0x01, 0x00, 0x00, 0x00, 
0x01, 0x00, 0x00, 0x00, 
0x01, 0x00, 0x00, 0x00, 
0x01, 0x00, 0x00, 0x00, 
0x01, 0x00, 0x00, 0x00, 
0x01, 0x00, 0x00, 0x00, 
0x01, 0x00, 0x00, 0x00, 
0x01, 0x00, 0x00, 0x00, 
0x01, 0x00, 0x00, 0x00, 
0x01, 0x00, 0x00, 0x00, 
0x01, 0x00, 0x00, 0x00, 
0x01, 0x00, 0x00, 0x00, 
0x01, 0x00, 0x00, 0x00, 
0x01, 0x00, 0x00, 0x00, 
0x01, 0x00, 0x00, 0x00, 
0x01, 0x00, 0x00, 0x00, 
0x01, 0x00, 0x00, 0x00, 
0x01, 0x00, 0x00, 0x00, 
0x01, 0x00, 0x00, 0x00, 
0x01, 0x00, 0x00, 0x00, 
0x01, 0x00, 0x00, 0x00, 
0x01, 0x00, 0x00, 0x00, 
0x01, 0x00, 0x00, 0x00, 
0x01, 0x00, 0x00, 0x00, 
0x00, 0xB5, 0x04, 0xF3, 
0x00, 0x00, 0x00, 0x00, 
0x00, 0x00, 0x01, 0xD2, 
0x00, 0x00, 0x16, 0x03, 
0x1F, 0x00, 0x00, 0x00, 
0x01, 0x00, 0x00, 0x00, 
0x01, 0x00, 0x00, 0x00, 
0x01, 0x00, 0x00, 0x00, 
0x01, 0x00, 0x00, 0x00, 
0x01, 0x00, 0x00, 0x00, 
0x01, 0x00, 0x00, 0x00, 
0x01, 0x00, 0x00, 0x00, 
0x01, 0x00, 0x00, 0x00, 
0x01, 0x00, 0x00, 0x00, 
0x01, 0x00, 0x00, 0x00, 
0x01, 0x00, 0x00, 0x00, 
0x01, 0x00, 0x00, 0x00, 
0x01, 0x00, 0x00, 0x00, 
0x01, 0x00, 0x00, 0x00, 
0x01, 0x00, 0x00, 0x00, 
0x01, 0x00, 0x00, 0x00, 
0x01, 0x00, 0x00, 0x00, 
0x01, 0x00, 0x00, 0x00, 
0x01, 0x00, 0x00, 0x00, 
0x01, 0x00, 0x00, 0x00, 
0x01, 0x00, 0x00, 0x00, 
0x01, 0x00, 0x00, 0x00, 
0x01, 0x00, 0x00, 0x00, 
0x01, 0x00, 0x00, 0x00, 
0x01, 0x00, 0x00, 0x00, 
0x01, 0x00, 0x00, 0x00, 
0x01, 0x00, 0x00, 0x00, 
0x01, 0x00, 0x00, 0x00, 
0x01, 0x00, 0x00, 0x00, 
0x01, 0x00, 0x00, 0x00, 
0x01, 0x00, 0x00, 0x00, 
0x01, 0x00, 0x00, 0x00, 
0x01, 0x00, 0x00, 0x00, 
0x00, 0x00, 0x00, 0x00, 
0x00, 0x00, 0x00, 0x00, 
0x00, 0x00, 0x00, 0x00, 
0x00, 0x00, 0x00, 0x00, 
0x00, 0x00, 0x00, 0x00, 
0x00, 0x00, 0x00, 0x00, 
0x00, 0x00, 0x00, 0x00, 
0x00, 0x00, 0x00, 0x00, 
0xA3, 0x00, 0x00, 0x00, 
0x01, 0x00, 0x00, 0x00, 
0x00, 0x00, 0x00, 0x00, 
0x00, 0x00, 0x00, 0x00, 
0x01, 0x00, 0x00, 0x00, 
0x00, 0x00, 0x00, 0x00, 
0x00, 0x00, 0x00, 0x00, 
0x00, 0x00, 0x00, 0x00, 
0x00, 0x00, 0x00, 0x00, 
0x01, 0x00, 0x00, 0x00, 
0x00, 0x00, 0x00, 0x00, 
0x00, 0x00, 0x00, 0x00, 
0x00, 0x00, 0x00, 0x00, 
0x00, 0x00, 0x00, 0x00, 
0x01, 0x00, 0x00, 0x00, 
0x00, 0x00, 0x00, 0x00, 
0x00, 0x00, 0x00, 0x00, 
0x00, 0x00, 0x00, 0x00, 
0x00, 0x00, 0x00, 0x00, 
0x01, 0x00, 0x00, 0x00, 
0x00, 0x00, 0x00, 0x00, 
0x00, 0x00, 0x00, 0x00, 
0x01, 0x00, 0x00, 0x00, 
0x01, 0x00, 0x00, 0x00, 
0x01, 0x00, 0x00, 0x00, 
0x01, 0x00, 0x00, 0x00, 
0x01, 0x00, 0x00, 0x00, 
0x01, 0x00, 0x00, 0x00, 
0x01, 0x00, 0x00, 0x00, 
0x01, 0x00, 0x00, 0x00, 
0x01, 0x00, 0x00, 0x00, 
0x01, 0x00, 0x00, 0x00, 
0x01, 0x00, 0x00, 0x00, 
0x01, 0x00, 0x00, 0x00, 
0x01, 0x00, 0x00, 0x00, 
0x01, 0x00, 0x00, 0x00, 
0x01, 0x00, 0x00, 0x00, 
0x01, 0x00, 0x00, 0x00, 
0x01, 0x00, 0x00, 0x00, 
0x01, 0x00, 0x00, 0x00, 
0x01, 0x00, 0x00, 0x00, 
0x01, 0x00, 0x00, 0x00, 
0x01, 0x00, 0x00, 0x00, 
0x01, 0x00, 0x00, 0x00, 
0x01, 0x00, 0x00, 0x00, 
0x01, 0x00, 0x00, 0x00, 
0x01, 0x00, 0x00, 0x00, 
0x01, 0x00, 0x00, 0x00, 
0x01, 0x00, 0x00, 0x00, 
0x01, 0x00, 0x00, 0x00, 
0x01, 0x00, 0x00, 0x00, 
0x01, 0x00, 0x00, 0x00, 
0x01, 0x00, 0x00, 0x00, 
0x01, 0x00, 0x00, 0x00, 
0x01, 0x00, 0x00, 0x00, 
0x01, 0x00, 0x00, 0x00, 
0x01, 0x00, 0x00, 0x00, 
0x01, 0x00, 0x00, 0x00, 
0x01, 0x00, 0x00, 0x00, 
0x01, 0x00, 0x00, 0x00, 
0x01, 0x00, 0x00, 0x00, 
0x01, 0x00, 0x00, 0x00, 
0x01, 0x00, 0x00, 0x00, 
0x01, 0x00, 0x00, 0x00, 
0x01, 0x00, 0x00, 0x00, 
0x01, 0x00, 0x00, 0x00, 
0x01, 0x00, 0x00, 0x00, 
0x01, 0x00, 0x00, 0x00, 
0x01, 0x00, 0x00, 0x00, 
0x01, 0x00, 0x00, 0x00, 
0x01, 0x00, 0x00, 0x00, 
0x01, 0x00, 0x00, 0x00, 
0x01, 0x00, 0x00, 0x00, 
0x01, 0x00, 0x00, 0x00, 
0x01, 0x00, 0x00, 0x00, 
0x00, 0xB5, 0x04, 0xF3, 
0x00, 0x00, 0x00, 0x00, 
0x00, 0x00, 0x01, 0xD2, 
0x00, 0x00, 0x16, 0x03, 
0x1F, 0x00, 0x00, 0x00, 
0x01, 0x00, 0x00, 0x00, 
0x01, 0x00, 0x00, 0x00, 
0x01, 0x00, 0x00, 0x00, 
0x01, 0x00, 0x00, 0x00, 
0x01, 0x00, 0x00, 0x00, 
0x01, 0x00, 0x00, 0x00, 
0x01, 0x00, 0x00, 0x00, 
0x01, 0x00, 0x00, 0x00, 
0x01, 0x00, 0x00, 0x00, 
0x01, 0x00, 0x00, 0x00, 
0x01, 0x00, 0x00, 0x00, 
0x01, 0x00, 0x00, 0x00, 
0x01, 0x00, 0x00, 0x00, 
0x01, 0x00, 0x00, 0x00, 
0x01, 0x00, 0x00, 0x00, 
0x01, 0x00, 0x00, 0x00, 
0x01, 0x00, 0x00, 0x00, 
0x01, 0x00, 0x00, 0x00, 
0x01, 0x00, 0x00, 0x00, 
0x01, 0x00, 0x00, 0x00, 
0x01, 0x00, 0x00, 0x00, 
0x01, 0x00, 0x00, 0x00, 
0x01, 0x00, 0x00, 0x00, 
0x01, 0x00, 0x00, 0x00, 
0x01, 0x00, 0x00, 0x00, 
0x01, 0x00, 0x00, 0x00, 
0x01, 0x00, 0x00, 0x00, 
0x01, 0x00, 0x00, 0x00, 
0x01, 0x00, 0x00, 0x00, 
0x01, 0x00, 0x00, 0x00, 
0x01, 0x00, 0x00, 0x00, 
0x01, 0x00, 0x00, 0x00, 
0x01, 0x00, 0x00, 0x00, 
0x00, 0x00, 0x00, 0x00, 
0x00, 0x00, 0x00, 0x00, 
0x00, 0x00, 0x00, 0x00, 
0x00, 0x00, 0x00, 0x00, 
0x00, 0x00, 0x00, 0x00, 
0x00, 0x00, 0x00, 0x00, 
0x00, 0x00, 0x00, 0x00, 
0x00, 0x00, 0x00, 0x00, 
0xA3, 0x00, 0x00, 0x00, 
0x01, 0x00, 0x00, 0x00, 
0x00, 0x00, 0x00, 0x00, 
0x00, 0x00, 0x01, 0xD2, 
0x00, 0x00, 0x16, 0x03, 
0x1F, 0x00, 0x00, 0x00, 
0x01, 0x00, 0x00, 0x00, 
0x01, 0x00, 0x00, 0x00, 
0x01, 0x00, 0x00, 0x00, 
0x01, 0x00, 0x00, 0x00, 
0x01, 0x00, 0x00, 0x00, 
0x01, 0x00, 0x00, 0x00, 
0x01, 0x00, 0x00, 0x00, 
0x01, 0x00, 0x00, 0x00, 
0x01, 0x00, 0x00, 0x00, 
0x01, 0x00, 0x00, 0x00, 
0x01, 0x00, 0x00, 0x00, 
0x01, 0x00, 0x00, 0x00, 
0x01, 0x00, 0x00, 0x00, 
0x01, 0x00, 0x00, 0x00, 
0x01, 0x00, 0x00, 0x00, 
0x01, 0x00, 0x00, 0x00, 
0x01, 0x00, 0x00, 0x00, 
0x01, 0x00, 0x00, 0x00, 
0x01, 0x00, 0x00, 0x00, 
0x01, 0x00, 0x00, 0x00, 
0x01, 0x00, 0x00, 0x00, 
0x01, 0x00, 0x00, 0x00, 
0x01, 0x00, 0x00, 0x00, 
0x01, 0x00, 0x00, 0x00, 
0x01, 0x00, 0x00, 0x00, 
0x01, 0x00, 0x00, 0x00, 
0x01, 0x00, 0x00, 0x00, 
0x01, 0x00, 0x00, 0x00, 
0x01, 0x00, 0x00, 0x00, 
0x01, 0x00, 0x00, 0x00, 
0x01, 0x00, 0x00, 0x00, 
0x01, 0x00, 0x00, 0x00, 
0x01, 0x00, 0x00, 0x00, 
0x00, 0x00, 0x00, 0x00, 
0x00, 0x00, 0x00, 0x00, 
0x00, 0x00, 0x00, 0x00, 
0x00, 0x00, 0x00, 0x00, 
0x00, 0x00, 0x00, 0x00, 
0x00, 0x00, 0x00, 0x00, 
0x00, 0x00, 0x00, 0x00, 
0x00, 0x00, 0x00, 0x00, 
0xA3, 0x00, 0x00, 0x00, 
0x01, 0x00, 0x00, 0x00, 
0x00, 0x00, 0x00, 0x00, 
0x00, 0x00, 0x00, 0x00, 
0x00, 0x00, 0x00, 0x00, 
0x01, 0x00, 0x00, 0x00, 
0x00, 0x00, 0x00, 0x00, 
0x00, 0x00, 0x00, 0x00, 
0x00, 0x00, 0x00, 0x00, 
0x00, 0x00, 0x00, 0x00, 
0x01, 0x00, 0x00, 0x00, 
0x00, 0x00, 0x00, 0x00, 
0x00, 0x00, 0x00, 0x00, 
0x00, 0x00, 0x00, 0x00, 
0x00, 0x00, 0x00, 0x00, 
0x01, 0x00, 0x00, 0x00, 
0x00, 0x00, 0x00, 0x00, 
0x00, 0x00, 0x00, 0x00, 
0x00, 0x00, 0x00, 0x00, 
0x00, 0x00, 0x00, 0x00, 
0x01, 0x00, 0x00, 0x00, 
0x00, 0x00, 0x00, 0x00, 
0x00, 0x00, 0x00, 0x00, 
0x00, 0x00, 0x00, 0x00, 
0x00, 0x00, 0x01, 0xD2, 
0x00, 0x00, 0x16, 0x03, 
0x1F, 0x00, 0x00, 0x00, 
0x01, 0x00, 0x00, 0x00, 
0x01, 0x00, 0x00, 0x00, 
0x01, 0x00, 0x00, 0x00, 
0x01, 0x00, 0x00, 0x00, 
0x01, 0x00, 0x00, 0x00, 
0x01, 0x00, 0x00, 0x00, 
0x01, 0x00, 0x00, 0x00, 
0x01, 0x00, 0x00, 0x00, 
0x01, 0x00, 0x00, 0x00, 
0x01, 0x00, 0x00, 0x00, 
0x01, 0x00, 0x00, 0x00, 
0x01, 0x00, 0x00, 0x00, 
0x01, 0x00, 0x00, 0x00, 
0x01, 0x00, 0x00, 0x00, 
0x01, 0x00, 0x00, 0x00, 
0x01, 0x00, 0x00, 0x00, 
0x01, 0x00, 0x00, 0x00, 
0x01, 0x00, 0x00, 0x00, 
0x01, 0x00, 0x00, 0x00, 
0x01, 0x00, 0x00, 0x00, 
0x01, 0x00, 0x00, 0x00, 
0x01, 0x00, 0x00, 0x00, 
0x01, 0x00, 0x00, 0x00, 
0x01, 0x00, 0x00, 0x00, 
0x01, 0x00, 0x00, 0x00, 
0x01, 0x00, 0x00, 0x00, 
0x01, 0x00, 0x00, 0x00, 
0x01, 0x00, 0x00, 0x00, 
0x01, 0x00, 0x00, 0x00, 
0x01, 0x00, 0x00, 0x00, 
0x01, 0x00, 0x00, 0x00, 
0x01, 0x00, 0x00, 0x00, 
0x01, 0x00, 0x00, 0x00, 
0x00, 0x00, 0x00, 0x00, 
0x00, 0x00, 0x00, 0x00, 
0x00, 0x00, 0x00, 0x00, 
0x00, 0x00, 0x00, 0x00, 
0x00, 0x00, 0x00, 0x00, 
0x00, 0x00, 0x00, 0x00, 
0x00, 0x00, 0x00, 0x00, 
0x00, 0x00, 0x00, 0x00, 
0xA3, 0x00, 0x00, 0x00, 
0x01, 0x00, 0x00, 0x00, 
0xFF, 0x1C, 0x86, 0xB7, 
0x01, 0xC6, 0xF2, 0x92, 
0xFF, 0x1C, 0x86, 0xB7, 
0xFF, 0x37, 0x19, 0x18, 
0x01, 0xC4, 0xFE, 0x3D, 
0xFF, 0x0D, 0x38, 0xCD, 
0x01, 0xE5, 0x8E, 0x66, 
0xFF, 0x0D, 0x38, 0xCD, 
0xFF, 0x18, 0x5B, 0x9B, 
0x01, 0xE3, 0x78, 0x67, 
0x01, 0x00, 0x00, 0x00, 
0x01, 0x00, 0x00, 0x00, 
0x01, 0x00, 0x00, 0x00, 
0x01, 0x00, 0x00, 0x00, 
0x01, 0x00, 0x00, 0x00, 
0x01, 0x00, 0x00, 0x00, 
0x01, 0x00, 0x00, 0x00, 
0x01, 0x00, 0x00, 0x00, 
0x01, 0x00, 0x00, 0x00, 
0x01, 0x00, 0x00, 0x00, 
0x01, 0x00, 0x00, 0x00, 
0x01, 0x00, 0x00, 0x00, 
0x01, 0x00, 0x00, 0x00, 
0x01, 0x00, 0x00, 0x00, 
0x01, 0x00, 0x00, 0x00, 
0x01, 0x00, 0x00, 0x00, 
0x01, 0x00, 0x00, 0x00, 
0x01, 0x00, 0x00, 0x00, 
0x01, 0x00, 0x00, 0x00, 
0x01, 0x00, 0x00, 0x00, 
0x01, 0x00, 0x00, 0x00, 
0x01, 0x00, 0x00, 0x00, 
0x01, 0x00, 0x00, 0x00, 
0x01, 0x00, 0x00, 0x00, 
0x01, 0x00, 0x00, 0x00, 
0x01, 0x00, 0x00, 0x00, 
0x01, 0x00, 0x00, 0x00, 
0x01, 0x00, 0x00, 0x00, 
0x01, 0x00, 0x00, 0x00, 
0x01, 0x00, 0x00, 0x00, 
0x01, 0x00, 0x00, 0x00, 
0x01, 0x00, 0x00, 0x00, 
0x01, 0x00, 0x00, 0x00, 
0x01, 0x00, 0x00, 0x00, 
0x01, 0x00, 0x00, 0x00, 
0x01, 0x00, 0x00, 0x00, 
0x01, 0x00, 0x00, 0x00, 
0x01, 0x00, 0x00, 0x00, 
0x01, 0x00, 0x00, 0x00, 
0x01, 0x00, 0x00, 0x00, 
0x01, 0x00, 0x00, 0x00, 
0x01, 0x00, 0x00, 0x00, 
0x01, 0x00, 0x00, 0x00, 
0x01, 0x00, 0x00, 0x00, 
0x01, 0x00, 0x00, 0x00, 
0x01, 0x00, 0x00, 0x00, 
0x01, 0x00, 0x00, 0x00, 
0x01, 0x00, 0x00, 0x00, 
0x01, 0x00, 0x00, 0x00, 
0x01, 0x00, 0x00, 0x00, 
0x01, 0x00, 0x00, 0x00, 
0x01, 0x00, 0x00, 0x00, 
0x01, 0x00, 0x00, 0x00, 
0x00, 0xB5, 0x04, 0xF3, 
0x00, 0x00, 0x00, 0x00, 
0x00, 0x00, 0x01, 0xD2, 
0x00, 0x00, 0x16, 0x03, 
0x1F, 0x00, 0x00, 0x00, 
0x01, 0x00, 0x00, 0x00, 
0x01, 0x00, 0x00, 0x00, 
0x01, 0x00, 0x00, 0x00, 
0x01, 0x00, 0x00, 0x00, 
0x01, 0x00, 0x00, 0x00, 
0x01, 0x00, 0x00, 0x00, 
0x01, 0x00, 0x00, 0x00, 
0x01, 0x00, 0x00, 0x00, 
0x01, 0x00, 0x00, 0x00, 
0x01, 0x00, 0x00, 0x00, 
0x01, 0x00, 0x00, 0x00, 
0x01, 0x00, 0x00, 0x00, 
0x01, 0x00, 0x00, 0x00, 
0x01, 0x00, 0x00, 0x00, 
0x01, 0x00, 0x00, 0x00, 
0x01, 0x00, 0x00, 0x00, 
0x01, 0x00, 0x00, 0x00, 
0x01, 0x00, 0x00, 0x00, 
0x01, 0x00, 0x00, 0x00, 
0x01, 0x00, 0x00, 0x00, 
0x01, 0x00, 0x00, 0x00, 
0x01, 0x00, 0x00, 0x00, 
0x01, 0x00, 0x00, 0x00, 
0x01, 0x00, 0x00, 0x00, 
0x01, 0x00, 0x00, 0x00, 
0x01, 0x00, 0x00, 0x00, 
0x01, 0x00, 0x00, 0x00, 
0x01, 0x00, 0x00, 0x00, 
0x01, 0x00, 0x00, 0x00, 
0x01, 0x00, 0x00, 0x00, 
0x01, 0x00, 0x00, 0x00, 
0x01, 0x00, 0x00, 0x00, 
0x01, 0x00, 0x00, 0x00, 
0x00, 0x00, 0x00, 0x00, 
0x00, 0x00, 0x00, 0x00, 
0x00, 0x00, 0x00, 0x00, 
0x00, 0x00, 0x00, 0x00, 
0x00, 0x00, 0x00, 0x00, 
0x00, 0x00, 0x00, 0x00, 
0x00, 0x00, 0x00, 0x00, 
0x00, 0x00, 0x00, 0x00, 
0xA3, 0x00, 0x00, 0x00, 
0x01, 0x00, 0x00, 0x00, 
0x00, 0x00, 0x00, 0x00, 
0x00, 0x00, 0x00, 0x00, 
0x01, 0x00, 0x00, 0x00, 
0x00, 0x00, 0x00, 0x00, 
0x00, 0x00, 0x00, 0x00, 
0x00, 0x00, 0x00, 0x00, 
0x00, 0x00, 0x00, 0x00, 
0x01, 0x00, 0x00, 0x00, 
0x00, 0x00, 0x00, 0x00, 
0x00, 0x00, 0x00, 0x00, 
0x00, 0x00, 0x00, 0x00, 
0x00, 0x00, 0x00, 0x00, 
0x01, 0x00, 0x00, 0x00, 
0x00, 0x00, 0x00, 0x00, 
0x00, 0x00, 0x00, 0x00, 
0x00, 0x00, 0x00, 0x00, 
0x00, 0x00, 0x00, 0x00, 
0x01, 0x00, 0x00, 0x00, 
0x00, 0x00, 0x00, 0x00, 
0x00, 0x00, 0x00, 0x00, 
0x01, 0x00, 0x00, 0x00, 
0x01, 0x00, 0x00, 0x00, 
0x01, 0x00, 0x00, 0x00, 
0x01, 0x00, 0x00, 0x00, 
0x01, 0x00, 0x00, 0x00, 
0x01, 0x00, 0x00, 0x00, 
0x01, 0x00, 0x00, 0x00, 
0x01, 0x00, 0x00, 0x00, 
0x01, 0x00, 0x00, 0x00, 
0x01, 0x00, 0x00, 0x00, 
0x01, 0x00, 0x00, 0x00, 
0x01, 0x00, 0x00, 0x00, 
0x01, 0x00, 0x00, 0x00, 
0x01, 0x00, 0x00, 0x00, 
0x01, 0x00, 0x00, 0x00, 
0x01, 0x00, 0x00, 0x00, 
0x01, 0x00, 0x00, 0x00, 
0x01, 0x00, 0x00, 0x00, 
0x01, 0x00, 0x00, 0x00, 
0x01, 0x00, 0x00, 0x00, 
0x01, 0x00, 0x00, 0x00, 
0x01, 0x00, 0x00, 0x00, 
0x01, 0x00, 0x00, 0x00, 
0x01, 0x00, 0x00, 0x00, 
0x01, 0x00, 0x00, 0x00, 
0x01, 0x00, 0x00, 0x00, 
0x01, 0x00, 0x00, 0x00, 
0x01, 0x00, 0x00, 0x00, 
0x01, 0x00, 0x00, 0x00, 
0x01, 0x00, 0x00, 0x00, 
0x01, 0x00, 0x00, 0x00, 
0x01, 0x00, 0x00, 0x00, 
0x01, 0x00, 0x00, 0x00, 
0x01, 0x00, 0x00, 0x00, 
0x01, 0x00, 0x00, 0x00, 
0x01, 0x00, 0x00, 0x00, 
0x01, 0x00, 0x00, 0x00, 
0x01, 0x00, 0x00, 0x00, 
0x01, 0x00, 0x00, 0x00, 
0x01, 0x00, 0x00, 0x00, 
0x01, 0x00, 0x00, 0x00, 
0x01, 0x00, 0x00, 0x00, 
0x01, 0x00, 0x00, 0x00, 
0x01, 0x00, 0x00, 0x00, 
0x01, 0x00, 0x00, 0x00, 
0x01, 0x00, 0x00, 0x00, 
0x01, 0x00, 0x00, 0x00, 
0x01, 0x00, 0x00, 0x00, 
0x01, 0x00, 0x00, 0x00, 
0x01, 0x00, 0x00, 0x00, 
0x01, 0x00, 0x00, 0x00, 
0x01, 0x00, 0x00, 0x00, 
0x01, 0x00, 0x00, 0x00, 
0x00, 0xB5, 0x04, 0xF3, 
0x00, 0x00, 0x00, 0x00, 
0x00, 0x00, 0x01, 0xD2, 
0x00, 0x00, 0x16, 0x03, 
0x1F, 0x00, 0x00, 0x00, 
0x01, 0x00, 0x00, 0x00, 
0x01, 0x00, 0x00, 0x00, 
0x01, 0x00, 0x00, 0x00, 
0x01, 0x00, 0x00, 0x00, 
0x01, 0x00, 0x00, 0x00, 
0x01, 0x00, 0x00, 0x00, 
0x01, 0x00, 0x00, 0x00, 
0x01, 0x00, 0x00, 0x00, 
0x01, 0x00, 0x00, 0x00, 
0x01, 0x00, 0x00, 0x00, 
0x01, 0x00, 0x00, 0x00, 
0x01, 0x00, 0x00, 0x00, 
0x01, 0x00, 0x00, 0x00, 
0x01, 0x00, 0x00, 0x00, 
0x01, 0x00, 0x00, 0x00, 
0x01, 0x00, 0x00, 0x00, 
0x01, 0x00, 0x00, 0x00, 
0x01, 0x00, 0x00, 0x00, 
0x01, 0x00, 0x00, 0x00, 
0x01, 0x00, 0x00, 0x00, 
0x01, 0x00, 0x00, 0x00, 
0x01, 0x00, 0x00, 0x00, 
0x01, 0x00, 0x00, 0x00, 
0x01, 0x00, 0x00, 0x00, 
0x01, 0x00, 0x00, 0x00, 
0x01, 0x00, 0x00, 0x00, 
0x01, 0x00, 0x00, 0x00, 
0x01, 0x00, 0x00, 0x00, 
0x01, 0x00, 0x00, 0x00, 
0x01, 0x00, 0x00, 0x00, 
0x01, 0x00, 0x00, 0x00, 
0x01, 0x00, 0x00, 0x00, 
0x01, 0x00, 0x00, 0x00, 
0x00, 0x00, 0x00, 0x00, 
0x00, 0x00, 0x00, 0x00, 
0x00, 0x00, 0x00, 0x00, 
0x00, 0x00, 0x00, 0x00, 
0x00, 0x00, 0x00, 0x00, 
0x00, 0x00, 0x00, 0x00, 
0x00, 0x00, 0x00, 0x00, 
0x00, 0x00, 0x00, 0x00, 
0xA3, 0x00, 0x00, 0x00, 
0x01, 0x00, 0x00, 0x00, 
0x00, 0x00, 0x00, 0x00, 
0x00, 0x00, 0x01, 0xD2, 
0x00, 0x00, 0x16, 0x03, 
0x1F, 0x00, 0x00, 0x00, 
0x01, 0x00, 0x00, 0x00, 
0x01, 0x00, 0x00, 0x00, 
0x01, 0x00, 0x00, 0x00, 
0x01, 0x00, 0x00, 0x00, 
0x01, 0x00, 0x00, 0x00, 
0x01, 0x00, 0x00, 0x00, 
0x01, 0x00, 0x00, 0x00, 
0x01, 0x00, 0x00, 0x00, 
0x01, 0x00, 0x00, 0x00, 
0x01, 0x00, 0x00, 0x00, 
0x01, 0x00, 0x00, 0x00, 
0x01, 0x00, 0x00, 0x00, 
0x01, 0x00, 0x00, 0x00, 
0x01, 0x00, 0x00, 0x00, 
0x01, 0x00, 0x00, 0x00, 
0x01, 0x00, 0x00, 0x00, 
0x01, 0x00, 0x00, 0x00, 
0x01, 0x00, 0x00, 0x00, 
0x01, 0x00, 0x00, 0x00, 
0x01, 0x00, 0x00, 0x00, 
0x01, 0x00, 0x00, 0x00, 
0x01, 0x00, 0x00, 0x00, 
0x01, 0x00, 0x00, 0x00, 
0x01, 0x00, 0x00, 0x00, 
0x01, 0x00, 0x00, 0x00, 
0x01, 0x00, 0x00, 0x00, 
0x01, 0x00, 0x00, 0x00, 
0x01, 0x00, 0x00, 0x00, 
0x01, 0x00, 0x00, 0x00, 
0x01, 0x00, 0x00, 0x00, 
0x01, 0x00, 0x00, 0x00, 
0x01, 0x00, 0x00, 0x00, 
0x01, 0x00, 0x00, 0x00, 
0x00, 0x00, 0x00, 0x00, 
0x00, 0x00, 0x00, 0x00, 
0x00, 0x00, 0x00, 0x00, 
0x00, 0x00, 0x00, 0x00, 
0x00, 0x00, 0x00, 0x00, 
0x00, 0x00, 0x00, 0x00, 
0x00, 0x00, 0x00, 0x00, 
0x00, 0x00, 0x00, 0x00, 
0xA3, 0x00, 0x00, 0x00, 
0x01, 0x00, 0x00, 0x00, 
0x00, 0x00, 0x00, 0x00, 
0x00, 0x00, 0x00, 0x00, 
0x00, 0x00, 0x00, 0x00, 
0x01, 0x00, 0x00, 0x00, 
0x00, 0x00, 0x00, 0x00, 
0x00, 0x00, 0x00, 0x00, 
0x00, 0x00, 0x00, 0x00, 
0x00, 0x00, 0x00, 0x00, 
0x01, 0x00, 0x00, 0x00, 
0x00, 0x00, 0x00, 0x00, 
0x00, 0x00, 0x00, 0x00, 
0x00, 0x00, 0x00, 0x00, 
0x00, 0x00, 0x00, 0x00, 
0x01, 0x00, 0x00, 0x00, 
0x00, 0x00, 0x00, 0x00, 
0x00, 0x00, 0x00, 0x00, 
0x00, 0x00, 0x00, 0x00, 
0x00, 0x00, 0x00, 0x00, 
0x01, 0x00, 0x00, 0x00, 
0x00, 0x00, 0x00, 0x00, 
0x00, 0x00, 0x00, 0x00, 
0x00, 0x00, 0x00, 0x00, 
0x00, 0x00, 0x01, 0xD2, 
0x00, 0x00, 0x16, 0x03, 
0x1F, 0x00, 0x00, 0x00, 
0x01, 0x00, 0x00, 0x00, 
0x01, 0x00, 0x00, 0x00, 
0x01, 0x00, 0x00, 0x00, 
0x01, 0x00, 0x00, 0x00, 
0x01, 0x00, 0x00, 0x00, 
0x01, 0x00, 0x00, 0x00, 
0x01, 0x00, 0x00, 0x00, 
0x01, 0x00, 0x00, 0x00, 
0x01, 0x00, 0x00, 0x00, 
0x01, 0x00, 0x00, 0x00, 
0x01, 0x00, 0x00, 0x00, 
0x01, 0x00, 0x00, 0x00, 
0x01, 0x00, 0x00, 0x00, 
0x01, 0x00, 0x00, 0x00, 
0x01, 0x00, 0x00, 0x00, 
0x01, 0x00, 0x00, 0x00, 
0x01, 0x00, 0x00, 0x00, 
0x01, 0x00, 0x00, 0x00, 
0x01, 0x00, 0x00, 0x00, 
0x01, 0x00, 0x00, 0x00, 
0x01, 0x00, 0x00, 0x00, 
0x01, 0x00, 0x00, 0x00, 
0x01, 0x00, 0x00, 0x00, 
0x01, 0x00, 0x00, 0x00, 
0x01, 0x00, 0x00, 0x00, 
0x01, 0x00, 0x00, 0x00, 
0x01, 0x00, 0x00, 0x00, 
0x01, 0x00, 0x00, 0x00, 
0x01, 0x00, 0x00, 0x00, 
0x01, 0x00, 0x00, 0x00, 
0x01, 0x00, 0x00, 0x00, 
0x01, 0x00, 0x00, 0x00, 
0x01, 0x00, 0x00, 0x00, 
0x00, 0x00, 0x00, 0x00, 
0x00, 0x00, 0x00, 0x00, 
0x00, 0x00, 0x00, 0x00, 
0x00, 0x00, 0x00, 0x00, 
0x00, 0x00, 0x00, 0x00, 
0x00, 0x00, 0x00, 0x00, 
0x00, 0x00, 0x00, 0x00, 
0x00, 0x00, 0x00, 0x00, 
0xA3, 0x00, 0x00, 0x00, 
0x01, 0x00, 0x00, 0x00, 
0xFF, 0x1C, 0x86, 0xB7, 
0x01, 0xC6, 0xF2, 0x92, 
0xFF, 0x1C, 0x86, 0xB7, 
0xFF, 0x37, 0x19, 0x18, 
0x01, 0xC4, 0xFE, 0x3D, 
0xFF, 0x0D, 0x38, 0xCD, 
0x01, 0xE5, 0x8E, 0x66, 
0xFF, 0x0D, 0x38, 0xCD, 
0xFF, 0x18, 0x5B, 0x9B, 
0x01, 0xE3, 0x78, 0x67, 
0x01, 0x00, 0x00, 0x00, 
0x01, 0x00, 0x00, 0x00, 
0x01, 0x00, 0x00, 0x00, 
0x01, 0x00, 0x00, 0x00, 
0x01, 0x00, 0x00, 0x00, 
0x01, 0x00, 0x00, 0x00, 
0x01, 0x00, 0x00, 0x00, 
0x01, 0x00, 0x00, 0x00, 
0x01, 0x00, 0x00, 0x00, 
0x01, 0x00, 0x00, 0x00, 
0x01, 0x00, 0x00, 0x00, 
0x01, 0x00, 0x00, 0x00, 
0x01, 0x00, 0x00, 0x00, 
0x01, 0x00, 0x00, 0x00, 
0x01, 0x00, 0x00, 0x00, 
0x01, 0x00, 0x00, 0x00, 
0x01, 0x00, 0x00, 0x00, 
0x01, 0x00, 0x00, 0x00, 
0x01, 0x00, 0x00, 0x00, 
0x01, 0x00, 0x00, 0x00, 
0x01, 0x00, 0x00, 0x00, 
0x01, 0x00, 0x00, 0x00, 
0x01, 0x00, 0x00, 0x00, 
0x01, 0x00, 0x00, 0x00, 
0x01, 0x00, 0x00, 0x00, 
0x01, 0x00, 0x00, 0x00, 
0x01, 0x00, 0x00, 0x00, 
0x01, 0x00, 0x00, 0x00, 
0x01, 0x00, 0x00, 0x00, 
0x01, 0x00, 0x00, 0x00, 
0x01, 0x00, 0x00, 0x00, 
0x01, 0x00, 0x00, 0x00, 
0x01, 0x00, 0x00, 0x00, 
0x01, 0x00, 0x00, 0x00, 
0x01, 0x00, 0x00, 0x00, 
0x01, 0x00, 0x00, 0x00, 
0x01, 0x00, 0x00, 0x00, 
0x01, 0x00, 0x00, 0x00, 
0x01, 0x00, 0x00, 0x00, 
0x01, 0x00, 0x00, 0x00, 
0x01, 0x00, 0x00, 0x00, 
0x01, 0x00, 0x00, 0x00, 
0x01, 0x00, 0x00, 0x00, 
0x01, 0x00, 0x00, 0x00, 
0x01, 0x00, 0x00, 0x00, 
0x01, 0x00, 0x00, 0x00, 
0x01, 0x00, 0x00, 0x00, 
0x01, 0x00, 0x00, 0x00, 
0x01, 0x00, 0x00, 0x00, 
0x01, 0x00, 0x00, 0x00, 
0x01, 0x00, 0x00, 0x00, 
0x01, 0x00, 0x00, 0x00, 
0x01, 0x00, 0x00, 0x00, 
0x00, 0xB5, 0x04, 0xF3, 
0x00, 0x00, 0x00, 0x00, 
0x00, 0x00, 0x01, 0xD2, 
0x00, 0x00, 0x16, 0x03, 
0x1F, 0x00, 0x00, 0x00, 
0x01, 0x00, 0x00, 0x00, 
0x01, 0x00, 0x00, 0x00, 
0x01, 0x00, 0x00, 0x00, 
0x01, 0x00, 0x00, 0x00, 
0x01, 0x00, 0x00, 0x00, 
0x01, 0x00, 0x00, 0x00, 
0x01, 0x00, 0x00, 0x00, 
0x01, 0x00, 0x00, 0x00, 
0x01, 0x00, 0x00, 0x00, 
0x01, 0x00, 0x00, 0x00, 
0x01, 0x00, 0x00, 0x00, 
0x01, 0x00, 0x00, 0x00, 
0x01, 0x00, 0x00, 0x00, 
0x01, 0x00, 0x00, 0x00, 
0x01, 0x00, 0x00, 0x00, 
0x01, 0x00, 0x00, 0x00, 
0x01, 0x00, 0x00, 0x00, 
0x01, 0x00, 0x00, 0x00, 
0x01, 0x00, 0x00, 0x00, 
0x01, 0x00, 0x00, 0x00, 
0x01, 0x00, 0x00, 0x00, 
0x01, 0x00, 0x00, 0x00, 
0x01, 0x00, 0x00, 0x00, 
0x01, 0x00, 0x00, 0x00, 
0x01, 0x00, 0x00, 0x00, 
0x01, 0x00, 0x00, 0x00, 
0x01, 0x00, 0x00, 0x00, 
0x01, 0x00, 0x00, 0x00, 
0x01, 0x00, 0x00, 0x00, 
0x01, 0x00, 0x00, 0x00, 
0x01, 0x00, 0x00, 0x00, 
0x01, 0x00, 0x00, 0x00, 
0x01, 0x00, 0x00, 0x00, 
0x00, 0x00, 0x00, 0x00, 
0x00, 0x00, 0x00, 0x00, 
0x00, 0x00, 0x00, 0x00, 
0x00, 0x00, 0x00, 0x00, 
0x00, 0x00, 0x00, 0x00, 
0x00, 0x00, 0x00, 0x00, 
0x00, 0x00, 0x00, 0x00, 
0x00, 0x00, 0x00, 0x00, 
0xA3, 0x00, 0x00, 0x00, 
0x01, 0x00, 0x00, 0x00, 
0x00, 0x00, 0x00, 0x00, 
0x00, 0x00, 0x00, 0x00, 
0x01, 0x00, 0x00, 0x00, 
0x00, 0x00, 0x00, 0x00, 
0x00, 0x00, 0x00, 0x00, 
0x00, 0x00, 0x00, 0x00, 
0x00, 0x00, 0x00, 0x00, 
0x01, 0x00, 0x00, 0x00, 
0x00, 0x00, 0x00, 0x00, 
0x00, 0x00, 0x00, 0x00, 
0x00, 0x00, 0x00, 0x00, 
0x00, 0x00, 0x00, 0x00, 
0x01, 0x00, 0x00, 0x00, 
0x00, 0x00, 0x00, 0x00, 
0x00, 0x00, 0x00, 0x00, 
0x00, 0x00, 0x00, 0x00, 
0x00, 0x00, 0x00, 0x00, 
0x01, 0x00, 0x00, 0x00, 
0x00, 0x00, 0x00, 0x00, 
0x00, 0x00, 0x00, 0x00, 
0x01, 0x00, 0x00, 0x00, 
0x01, 0x00, 0x00, 0x00, 
0x01, 0x00, 0x00, 0x00, 
0x01, 0x00, 0x00, 0x00, 
0x01, 0x00, 0x00, 0x00, 
0x01, 0x00, 0x00, 0x00, 
0x01, 0x00, 0x00, 0x00, 
0x01, 0x00, 0x00, 0x00, 
0x01, 0x00, 0x00, 0x00, 
0x01, 0x00, 0x00, 0x00, 
0x01, 0x00, 0x00, 0x00, 
0x01, 0x00, 0x00, 0x00, 
0x01, 0x00, 0x00, 0x00, 
0x01, 0x00, 0x00, 0x00, 
0x01, 0x00, 0x00, 0x00, 
0x01, 0x00, 0x00, 0x00, 
0x01, 0x00, 0x00, 0x00, 
0x01, 0x00, 0x00, 0x00, 
0x01, 0x00, 0x00, 0x00, 
0x01, 0x00, 0x00, 0x00, 
0x01, 0x00, 0x00, 0x00, 
0x01, 0x00, 0x00, 0x00, 
0x01, 0x00, 0x00, 0x00, 
0x01, 0x00, 0x00, 0x00, 
0x01, 0x00, 0x00, 0x00, 
0x01, 0x00, 0x00, 0x00, 
0x01, 0x00, 0x00, 0x00, 
0x01, 0x00, 0x00, 0x00, 
0x01, 0x00, 0x00, 0x00, 
0x01, 0x00, 0x00, 0x00, 
0x01, 0x00, 0x00, 0x00, 
0x01, 0x00, 0x00, 0x00, 
0x01, 0x00, 0x00, 0x00, 
0x01, 0x00, 0x00, 0x00, 
0x01, 0x00, 0x00, 0x00, 
0x01, 0x00, 0x00, 0x00, 
0x01, 0x00, 0x00, 0x00, 
0x01, 0x00, 0x00, 0x00, 
0x01, 0x00, 0x00, 0x00, 
0x01, 0x00, 0x00, 0x00, 
0x01, 0x00, 0x00, 0x00, 
0x01, 0x00, 0x00, 0x00, 
0x01, 0x00, 0x00, 0x00, 
0x01, 0x00, 0x00, 0x00, 
0x01, 0x00, 0x00, 0x00, 
0x01, 0x00, 0x00, 0x00, 
0x01, 0x00, 0x00, 0x00, 
0x01, 0x00, 0x00, 0x00, 
0x01, 0x00, 0x00, 0x00, 
0x01, 0x00, 0x00, 0x00, 
0x01, 0x00, 0x00, 0x00, 
0x01, 0x00, 0x00, 0x00, 
0x01, 0x00, 0x00, 0x00, 
0x00, 0xB5, 0x04, 0xF3, 
0x00, 0x00, 0x00, 0x00, 
0x00, 0x00, 0x01, 0xD2, 
0x00, 0x00, 0x16, 0x03, 
0x1F, 0x00, 0x00, 0x00, 
0x01, 0x00, 0x00, 0x00, 
0x01, 0x00, 0x00, 0x00, 
0x01, 0x00, 0x00, 0x00, 
0x01, 0x00, 0x00, 0x00, 
0x01, 0x00, 0x00, 0x00, 
0x01, 0x00, 0x00, 0x00, 
0x01, 0x00, 0x00, 0x00, 
0x01, 0x00, 0x00, 0x00, 
0x01, 0x00, 0x00, 0x00, 
0x01, 0x00, 0x00, 0x00, 
0x01, 0x00, 0x00, 0x00, 
0x01, 0x00, 0x00, 0x00, 
0x01, 0x00, 0x00, 0x00, 
0x01, 0x00, 0x00, 0x00, 
0x01, 0x00, 0x00, 0x00, 
0x01, 0x00, 0x00, 0x00, 
0x01, 0x00, 0x00, 0x00, 
0x01, 0x00, 0x00, 0x00, 
0x01, 0x00, 0x00, 0x00, 
0x01, 0x00, 0x00, 0x00, 
0x01, 0x00, 0x00, 0x00, 
0x01, 0x00, 0x00, 0x00, 
0x01, 0x00, 0x00, 0x00, 
0x01, 0x00, 0x00, 0x00, 
0x01, 0x00, 0x00, 0x00, 
0x01, 0x00, 0x00, 0x00, 
0x01, 0x00, 0x00, 0x00, 
0x01, 0x00, 0x00, 0x00, 
0x01, 0x00, 0x00, 0x00, 
0x01, 0x00, 0x00, 0x00, 
0x01, 0x00, 0x00, 0x00, 
0x01, 0x00, 0x00, 0x00, 
0x01, 0x00, 0x00, 0x00, 
0x00, 0x00, 0x00, 0x00, 
0x00, 0x00, 0x00, 0x00, 
0x00, 0x00, 0x00, 0x00, 
0x00, 0x00, 0x00, 0x00, 
0x00, 0x00, 0x00, 0x00, 
0x00, 0x00, 0x00, 0x00, 
0x00, 0x00, 0x00, 0x00, 
0x00, 0x00, 0x00, 0x00, 
0xA3, 0x00, 0x00, 0x00, 
0x01, 0x00, 0x00, 0x00, 
0x00, 0x00, 0x00, 0x00, 
0x00, 0x00, 0x01, 0xD2, 
0x00, 0x00, 0x16, 0x03, 
0x1F, 0x00, 0x00, 0x00, 
0x01, 0x00, 0x00, 0x00, 
0x01, 0x00, 0x00, 0x00, 
0x01, 0x00, 0x00, 0x00, 
0x01, 0x00, 0x00, 0x00, 
0x01, 0x00, 0x00, 0x00, 
0x01, 0x00, 0x00, 0x00, 
0x01, 0x00, 0x00, 0x00, 
0x01, 0x00, 0x00, 0x00, 
0x01, 0x00, 0x00, 0x00, 
0x01, 0x00, 0x00, 0x00, 
0x01, 0x00, 0x00, 0x00, 
0x01, 0x00, 0x00, 0x00, 
0x01, 0x00, 0x00, 0x00, 
0x01, 0x00, 0x00, 0x00, 
0x01, 0x00, 0x00, 0x00, 
0x01, 0x00, 0x00, 0x00, 
0x01, 0x00, 0x00, 0x00, 
0x01, 0x00, 0x00, 0x00, 
0x01, 0x00, 0x00, 0x00, 
0x01, 0x00, 0x00, 0x00, 
0x01, 0x00, 0x00, 0x00, 
0x01, 0x00, 0x00, 0x00, 
0x01, 0x00, 0x00, 0x00, 
0x01, 0x00, 0x00, 0x00, 
0x01, 0x00, 0x00, 0x00, 
0x01, 0x00, 0x00, 0x00, 
0x01, 0x00, 0x00, 0x00, 
0x01, 0x00, 0x00, 0x00, 
0x01, 0x00, 0x00, 0x00, 
0x01, 0x00, 0x00, 0x00, 
0x01, 0x00, 0x00, 0x00, 
0x01, 0x00, 0x00, 0x00, 
0x01, 0x00, 0x00, 0x00, 
0x00, 0x00, 0x00, 0x00, 
0x00, 0x00, 0x00, 0x00, 
0x00, 0x00, 0x00, 0x00, 
0x00, 0x00, 0x00, 0x00, 
0x00, 0x00, 0x00, 0x00, 
0x00, 0x00, 0x00, 0x00, 
0x00, 0x00, 0x00, 0x00, 
0x00, 0x00, 0x00, 0x00, 
0xA3, 0x00, 0x00, 0x00, 
0x01, 0x00, 0x00, 0x00, 
0x00, 0x00, 0x00, 0x00, 
0x00, 0x00, 0x00, 0x00, 
0x00, 0x00, 0x00, 0x00, 
0x01, 0x00, 0x00, 0x00, 
0x00, 0x00, 0x00, 0x00, 
0x00, 0x00, 0x00, 0x00, 
0x00, 0x00, 0x00, 0x00, 
0x00, 0x00, 0x00, 0x00, 
0x01, 0x00, 0x00, 0x00, 
0x00, 0x00, 0x00, 0x00, 
0x00, 0x00, 0x00, 0x00, 
0x00, 0x00, 0x00, 0x00, 
0x00, 0x00, 0x00, 0x00, 
0x01, 0x00, 0x00, 0x00, 
0x00, 0x00, 0x00, 0x00, 
0x00, 0x00, 0x00, 0x00, 
0x00, 0x00, 0x00, 0x00, 
0x00, 0x00, 0x00, 0x00, 
0x01, 0x00, 0x00, 0x00, 
0x00, 0x00, 0x00, 0x00, 
0x00, 0x00, 0x00, 0x00, 
0x00, 0x00, 0x00, 0x00, 
0x00, 0x00, 0x01, 0xD2, 
0x00, 0x00, 0x16, 0x03, 
0x1F, 0x00, 0x00, 0x00, 
0x01, 0x00, 0x00, 0x00, 
0x01, 0x00, 0x00, 0x00, 
0x01, 0x00, 0x00, 0x00, 
0x01, 0x00, 0x00, 0x00, 
0x01, 0x00, 0x00, 0x00, 
0x01, 0x00, 0x00, 0x00, 
0x01, 0x00, 0x00, 0x00, 
0x01, 0x00, 0x00, 0x00, 
0x01, 0x00, 0x00, 0x00, 
0x01, 0x00, 0x00, 0x00, 
0x01, 0x00, 0x00, 0x00, 
0x01, 0x00, 0x00, 0x00, 
0x01, 0x00, 0x00, 0x00, 
0x01, 0x00, 0x00, 0x00, 
0x01, 0x00, 0x00, 0x00, 
0x01, 0x00, 0x00, 0x00, 
0x01, 0x00, 0x00, 0x00, 
0x01, 0x00, 0x00, 0x00, 
0x01, 0x00, 0x00, 0x00, 
0x01, 0x00, 0x00, 0x00, 
0x01, 0x00, 0x00, 0x00, 
0x01, 0x00, 0x00, 0x00, 
0x01, 0x00, 0x00, 0x00, 
0x01, 0x00, 0x00, 0x00, 
0x01, 0x00, 0x00, 0x00, 
0x01, 0x00, 0x00, 0x00, 
0x01, 0x00, 0x00, 0x00, 
0x01, 0x00, 0x00, 0x00, 
0x01, 0x00, 0x00, 0x00, 
0x01, 0x00, 0x00, 0x00, 
0x01, 0x00, 0x00, 0x00, 
0x01, 0x00, 0x00, 0x00, 
0x01, 0x00, 0x00, 0x00, 
0x00, 0x00, 0x00, 0x00, 
0x00, 0x00, 0x00, 0x00, 
0x00, 0x00, 0x00, 0x00, 
0x00, 0x00, 0x00, 0x00, 
0x00, 0x00, 0x00, 0x00, 
0x00, 0x00, 0x00, 0x00, 
0x00, 0x00, 0x00, 0x00, 
0x00, 0x00, 0x00, 0x00, 
0xA3, 0x00, 0x00, 0x00, 
0x01, 0x00, 0x00, 0x00, 
0xFF, 0x1C, 0x86, 0xB7, 
0x01, 0xC6, 0xF2, 0x92, 
0xFF, 0x1C, 0x86, 0xB7, 
0xFF, 0x37, 0x19, 0x18, 
0x01, 0xC4, 0xFE, 0x3D, 
0xFF, 0x0D, 0x38, 0xCD, 
0x01, 0xE5, 0x8E, 0x66, 
0xFF, 0x0D, 0x38, 0xCD, 
0xFF, 0x18, 0x5B, 0x9B, 
0x01, 0xE3, 0x78, 0x67, 
0x01, 0x00, 0x00, 0x00, 
0x01, 0x00, 0x00, 0x00, 
0x01, 0x00, 0x00, 0x00, 
0x01, 0x00, 0x00, 0x00, 
0x01, 0x00, 0x00, 0x00, 
0x01, 0x00, 0x00, 0x00, 
0x01, 0x00, 0x00, 0x00, 
0x01, 0x00, 0x00, 0x00, 
0x01, 0x00, 0x00, 0x00, 
0x01, 0x00, 0x00, 0x00, 
0x01, 0x00, 0x00, 0x00, 
0x01, 0x00, 0x00, 0x00, 
0x01, 0x00, 0x00, 0x00, 
0x01, 0x00, 0x00, 0x00, 
0x01, 0x00, 0x00, 0x00, 
0x01, 0x00, 0x00, 0x00, 
0x01, 0x00, 0x00, 0x00, 
0x01, 0x00, 0x00, 0x00, 
0x01, 0x00, 0x00, 0x00, 
0x01, 0x00, 0x00, 0x00, 
0x01, 0x00, 0x00, 0x00, 
0x01, 0x00, 0x00, 0x00, 
0x01, 0x00, 0x00, 0x00, 
0x01, 0x00, 0x00, 0x00, 
0x01, 0x00, 0x00, 0x00, 
0x01, 0x00, 0x00, 0x00, 
0x01, 0x00, 0x00, 0x00, 
0x01, 0x00, 0x00, 0x00, 
0x01, 0x00, 0x00, 0x00, 
0x01, 0x00, 0x00, 0x00, 
0x01, 0x00, 0x00, 0x00, 
0x01, 0x00, 0x00, 0x00, 
0x01, 0x00, 0x00, 0x00, 
0x01, 0x00, 0x00, 0x00, 
0x01, 0x00, 0x00, 0x00, 
0x01, 0x00, 0x00, 0x00, 
0x01, 0x00, 0x00, 0x00, 
0x01, 0x00, 0x00, 0x00, 
0x01, 0x00, 0x00, 0x00, 
0x01, 0x00, 0x00, 0x00, 
0x01, 0x00, 0x00, 0x00, 
0x01, 0x00, 0x00, 0x00, 
0x01, 0x00, 0x00, 0x00, 
0x01, 0x00, 0x00, 0x00, 
0x01, 0x00, 0x00, 0x00, 
0x01, 0x00, 0x00, 0x00, 
0x01, 0x00, 0x00, 0x00, 
0x01, 0x00, 0x00, 0x00, 
0x01, 0x00, 0x00, 0x00, 
0x01, 0x00, 0x00, 0x00, 
0x01, 0x00, 0x00, 0x00, 
0x01, 0x00, 0x00, 0x00, 
0x01, 0x00, 0x00, 0x00, 
0x00, 0xB5, 0x04, 0xF3, 
0x00, 0x00, 0x00, 0x00, 
0x00, 0x00, 0x01, 0xD2, 
0x00, 0x00, 0x16, 0x03, 
0x1F, 0x00, 0x00, 0x00, 
0x01, 0x00, 0x00, 0x00, 
0x01, 0x00, 0x00, 0x00, 
0x01, 0x00, 0x00, 0x00, 
0x01, 0x00, 0x00, 0x00, 
0x01, 0x00, 0x00, 0x00, 
0x01, 0x00, 0x00, 0x00, 
0x01, 0x00, 0x00, 0x00, 
0x01, 0x00, 0x00, 0x00, 
0x01, 0x00, 0x00, 0x00, 
0x01, 0x00, 0x00, 0x00, 
0x01, 0x00, 0x00, 0x00, 
0x01, 0x00, 0x00, 0x00, 
0x01, 0x00, 0x00, 0x00, 
0x01, 0x00, 0x00, 0x00, 
0x01, 0x00, 0x00, 0x00, 
0x01, 0x00, 0x00, 0x00, 
0x01, 0x00, 0x00, 0x00, 
0x01, 0x00, 0x00, 0x00, 
0x01, 0x00, 0x00, 0x00, 
0x01, 0x00, 0x00, 0x00, 
0x01, 0x00, 0x00, 0x00, 
0x01, 0x00, 0x00, 0x00, 
0x01, 0x00, 0x00, 0x00, 
0x01, 0x00, 0x00, 0x00, 
0x01, 0x00, 0x00, 0x00, 
0x01, 0x00, 0x00, 0x00, 
0x01, 0x00, 0x00, 0x00, 
0x01, 0x00, 0x00, 0x00, 
0x01, 0x00, 0x00, 0x00, 
0x01, 0x00, 0x00, 0x00, 
0x01, 0x00, 0x00, 0x00, 
0x01, 0x00, 0x00, 0x00, 
0x01, 0x00, 0x00, 0x00, 
0x00, 0x00, 0x00, 0x00, 
0x00, 0x00, 0x00, 0x00, 
0x00, 0x00, 0x00, 0x00, 
0x00, 0x00, 0x00, 0x00, 
0x00, 0x00, 0x00, 0x00, 
0x00, 0x00, 0x00, 0x00, 
0x00, 0x00, 0x00, 0x00, 
0x00, 0x00, 0x00, 0x00, 
0xA3, 0x00, 0x00, 0x00, 
0x01, 0x00, 0x00, 0x00, 
0x00, 0x00, 0x00, 0x00, 
0x00, 0x00, 0x00, 0x00, 
0x01, 0x00, 0x00, 0x00, 
0x00, 0x00, 0x00, 0x00, 
0x00, 0x00, 0x00, 0x00, 
0x00, 0x00, 0x00, 0x00, 
0x00, 0x00, 0x00, 0x00, 
0x01, 0x00, 0x00, 0x00, 
0x00, 0x00, 0x00, 0x00, 
0x00, 0x00, 0x00, 0x00, 
0x00, 0x00, 0x00, 0x00, 
0x00, 0x00, 0x00, 0x00, 
0x01, 0x00, 0x00, 0x00, 
0x00, 0x00, 0x00, 0x00, 
0x00, 0x00, 0x00, 0x00, 
0x00, 0x00, 0x00, 0x00, 
0x00, 0x00, 0x00, 0x00, 
0x01, 0x00, 0x00, 0x00, 
0x00, 0x00, 0x00, 0x00, 
0x00, 0x00, 0x00, 0x00, 
0x01, 0x00, 0x00, 0x00, 
0x01, 0x00, 0x00, 0x00, 
0x01, 0x00, 0x00, 0x00, 
0x01, 0x00, 0x00, 0x00, 
0x01, 0x00, 0x00, 0x00, 
0x01, 0x00, 0x00, 0x00, 
0x01, 0x00, 0x00, 0x00, 
0x01, 0x00, 0x00, 0x00, 
0x01, 0x00, 0x00, 0x00, 
0x01, 0x00, 0x00, 0x00, 
0x01, 0x00, 0x00, 0x00, 
0x01, 0x00, 0x00, 0x00, 
0x01, 0x00, 0x00, 0x00, 
0x01, 0x00, 0x00, 0x00, 
0x01, 0x00, 0x00, 0x00, 
0x01, 0x00, 0x00, 0x00, 
0x01, 0x00, 0x00, 0x00, 
0x01, 0x00, 0x00, 0x00, 
0x01, 0x00, 0x00, 0x00, 
0x01, 0x00, 0x00, 0x00, 
0x01, 0x00, 0x00, 0x00, 
0x01, 0x00, 0x00, 0x00, 
0x01, 0x00, 0x00, 0x00, 
0x01, 0x00, 0x00, 0x00, 
0x01, 0x00, 0x00, 0x00, 
0x01, 0x00, 0x00, 0x00, 
0x01, 0x00, 0x00, 0x00, 
0x01, 0x00, 0x00, 0x00, 
0x01, 0x00, 0x00, 0x00, 
0x01, 0x00, 0x00, 0x00, 
0x01, 0x00, 0x00, 0x00, 
0x01, 0x00, 0x00, 0x00, 
0x01, 0x00, 0x00, 0x00, 
0x01, 0x00, 0x00, 0x00, 
0x01, 0x00, 0x00, 0x00, 
0x01, 0x00, 0x00, 0x00, 
0x01, 0x00, 0x00, 0x00, 
0x01, 0x00, 0x00, 0x00, 
0x01, 0x00, 0x00, 0x00, 
0x01, 0x00, 0x00, 0x00, 
0x01, 0x00, 0x00, 0x00, 
0x01, 0x00, 0x00, 0x00, 
0x01, 0x00, 0x00, 0x00, 
0x01, 0x00, 0x00, 0x00, 
0x01, 0x00, 0x00, 0x00, 
0x01, 0x00, 0x00, 0x00, 
0x01, 0x00, 0x00, 0x00, 
0x01, 0x00, 0x00, 0x00, 
0x01, 0x00, 0x00, 0x00, 
0x01, 0x00, 0x00, 0x00, 
0x01, 0x00, 0x00, 0x00, 
0x01, 0x00, 0x00, 0x00, 
0x01, 0x00, 0x00, 0x00, 
0x00, 0xB5, 0x04, 0xF3, 
0x00, 0x00, 0x00, 0x00, 
0x00, 0x00, 0x01, 0xD2, 
0x00, 0x00, 0x16, 0x03, 
0x1F, 0x00, 0x00, 0x00, 
0x01, 0x00, 0x00, 0x00, 
0x01, 0x00, 0x00, 0x00, 
0x01, 0x00, 0x00, 0x00, 
0x01, 0x00, 0x00, 0x00, 
0x01, 0x00, 0x00, 0x00, 
0x01, 0x00, 0x00, 0x00, 
0x01, 0x00, 0x00, 0x00, 
0x01, 0x00, 0x00, 0x00, 
0x01, 0x00, 0x00, 0x00, 
0x01, 0x00, 0x00, 0x00, 
0x01, 0x00, 0x00, 0x00, 
0x01, 0x00, 0x00, 0x00, 
0x01, 0x00, 0x00, 0x00, 
0x01, 0x00, 0x00, 0x00, 
0x01, 0x00, 0x00, 0x00, 
0x01, 0x00, 0x00, 0x00, 
0x01, 0x00, 0x00, 0x00, 
0x01, 0x00, 0x00, 0x00, 
0x01, 0x00, 0x00, 0x00, 
0x01, 0x00, 0x00, 0x00, 
0x01, 0x00, 0x00, 0x00, 
0x01, 0x00, 0x00, 0x00, 
0x01, 0x00, 0x00, 0x00, 
0x01, 0x00, 0x00, 0x00, 
0x01, 0x00, 0x00, 0x00, 
0x01, 0x00, 0x00, 0x00, 
0x01, 0x00, 0x00, 0x00, 
0x01, 0x00, 0x00, 0x00, 
0x01, 0x00, 0x00, 0x00, 
0x01, 0x00, 0x00, 0x00, 
0x01, 0x00, 0x00, 0x00, 
0x01, 0x00, 0x00, 0x00, 
0x01, 0x00, 0x00, 0x00, 
0x00, 0x00, 0x00, 0x00, 
0x00, 0x00, 0x00, 0x00, 
0x00, 0x00, 0x00, 0x00, 
0x00, 0x00, 0x00, 0x00, 
0x00, 0x00, 0x00, 0x00, 
0x00, 0x00, 0x00, 0x00, 
0x00, 0x00, 0x00, 0x00, 
0x00, 0x00, 0x00, 0x00, 
0xA3, 0x00, 0x00, 0x00, 
0x01, 0x00, 0x00, 0x00, 
0x00, 0x00, 0x00, 0x00, 
0x00, 0x00, 0x01, 0xD2, 
0x00, 0x00, 0x16, 0x03, 
0x1F, 0x00, 0x00, 0x00, 
0x01, 0x00, 0x00, 0x00, 
0x01, 0x00, 0x00, 0x00, 
0x01, 0x00, 0x00, 0x00, 
0x01, 0x00, 0x00, 0x00, 
0x01, 0x00, 0x00, 0x00, 
0x01, 0x00, 0x00, 0x00, 
0x01, 0x00, 0x00, 0x00, 
0x01, 0x00, 0x00, 0x00, 
0x01, 0x00, 0x00, 0x00, 
0x01, 0x00, 0x00, 0x00, 
0x01, 0x00, 0x00, 0x00, 
0x01, 0x00, 0x00, 0x00, 
0x01, 0x00, 0x00, 0x00, 
0x01, 0x00, 0x00, 0x00, 
0x01, 0x00, 0x00, 0x00, 
0x01, 0x00, 0x00, 0x00, 
0x01, 0x00, 0x00, 0x00, 
0x01, 0x00, 0x00, 0x00, 
0x01, 0x00, 0x00, 0x00, 
0x01, 0x00, 0x00, 0x00, 
0x01, 0x00, 0x00, 0x00, 
0x01, 0x00, 0x00, 0x00, 
0x01, 0x00, 0x00, 0x00, 
0x01, 0x00, 0x00, 0x00, 
0x01, 0x00, 0x00, 0x00, 
0x01, 0x00, 0x00, 0x00, 
0x01, 0x00, 0x00, 0x00, 
0x01, 0x00, 0x00, 0x00, 
0x01, 0x00, 0x00, 0x00, 
0x01, 0x00, 0x00, 0x00, 
0x01, 0x00, 0x00, 0x00, 
0x01, 0x00, 0x00, 0x00, 
0x01, 0x00, 0x00, 0x00, 
0x00, 0x00, 0x00, 0x00, 
0x00, 0x00, 0x00, 0x00, 
0x00, 0x00, 0x00, 0x00, 
0x00, 0x00, 0x00, 0x00, 
0x00, 0x00, 0x00, 0x00, 
0x00, 0x00, 0x00, 0x00, 
0x00, 0x00, 0x00, 0x00, 
0x00, 0x00, 0x00, 0x00, 
0xA3, 0x00, 0x00, 0x00, 
0x01, 0x00, 0x00, 0x00, 
0x00, 0x00, 0x00, 0x00, 
0x00, 0x00, 0x00, 0x00, 
0x00, 0x00, 0x00, 0x00, 
0x01, 0x00, 0x00, 0x00, 
0x00, 0x00, 0x00, 0x00, 
0x00, 0x00, 0x00, 0x00, 
0x00, 0x00, 0x00, 0x00, 
0x00, 0x00, 0x00, 0x00, 
0x01, 0x00, 0x00, 0x00, 
0x00, 0x00, 0x00, 0x00, 
0x00, 0x00, 0x00, 0x00, 
0x00, 0x00, 0x00, 0x00, 
0x00, 0x00, 0x00, 0x00, 
0x01, 0x00, 0x00, 0x00, 
0x00, 0x00, 0x00, 0x00, 
0x00, 0x00, 0x00, 0x00, 
0x00, 0x00, 0x00, 0x00, 
0x00, 0x00, 0x00, 0x00, 
0x01, 0x00, 0x00, 0x00, 
0x00, 0x00, 0x00, 0x00, 
0x00, 0x00, 0x00, 0x00, 
0x00, 0x00, 0x00, 0x00, 
0x00, 0x00, 0x01, 0xD2, 
0x00, 0x00, 0x16, 0x03, 
0x1F, 0x00, 0x00, 0x00, 
0x01, 0x00, 0x00, 0x00, 
0x01, 0x00, 0x00, 0x00, 
0x01, 0x00, 0x00, 0x00, 
0x01, 0x00, 0x00, 0x00, 
0x01, 0x00, 0x00, 0x00, 
0x01, 0x00, 0x00, 0x00, 
0x01, 0x00, 0x00, 0x00, 
0x01, 0x00, 0x00, 0x00, 
0x01, 0x00, 0x00, 0x00, 
0x01, 0x00, 0x00, 0x00, 
0x01, 0x00, 0x00, 0x00, 
0x01, 0x00, 0x00, 0x00, 
0x01, 0x00, 0x00, 0x00, 
0x01, 0x00, 0x00, 0x00, 
0x01, 0x00, 0x00, 0x00, 
0x01, 0x00, 0x00, 0x00, 
0x01, 0x00, 0x00, 0x00, 
0x01, 0x00, 0x00, 0x00, 
0x01, 0x00, 0x00, 0x00, 
0x01, 0x00, 0x00, 0x00, 
0x01, 0x00, 0x00, 0x00, 
0x01, 0x00, 0x00, 0x00, 
0x01, 0x00, 0x00, 0x00, 
0x01, 0x00, 0x00, 0x00, 
0x01, 0x00, 0x00, 0x00, 
0x01, 0x00, 0x00, 0x00, 
0x01, 0x00, 0x00, 0x00, 
0x01, 0x00, 0x00, 0x00, 
0x01, 0x00, 0x00, 0x00, 
0x01, 0x00, 0x00, 0x00, 
0x01, 0x00, 0x00, 0x00, 
0x01, 0x00, 0x00, 0x00, 
0x01, 0x00, 0x00, 0x00, 
0x00, 0x00, 0x00, 0x00, 
0x00, 0x00, 0x00, 0x00, 
0x00, 0x00, 0x00, 0x00, 
0x00, 0x00, 0x00, 0x00, 
0x00, 0x00, 0x00, 0x00, 
0x00, 0x00, 0x00, 0x00, 
0x00, 0x00, 0x00, 0x00, 
0x00, 0x00, 0x00, 0x00, 
0xA3, 0x00, 0x00, 0x00, 
0x01, 0x00, 0x00, 0x00, 
0xFF, 0x1C, 0x86, 0xB7, 
0x01, 0xC6, 0xF2, 0x92, 
0xFF, 0x1C, 0x86, 0xB7, 
0xFF, 0x37, 0x19, 0x18, 
0x01, 0xC4, 0xFE, 0x3D, 
0xFF, 0x0D, 0x38, 0xCD, 
0x01, 0xE5, 0x8E, 0x66, 
0xFF, 0x0D, 0x38, 0xCD, 
0xFF, 0x18, 0x5B, 0x9B, 
0x01, 0xE3, 0x78, 0x67, 
0x01, 0x00, 0x00, 0x00, 
0x01, 0x00, 0x00, 0x00, 
0x01, 0x00, 0x00, 0x00, 
0x01, 0x00, 0x00, 0x00, 
0x01, 0x00, 0x00, 0x00, 
0x01, 0x00, 0x00, 0x00, 
0x01, 0x00, 0x00, 0x00, 
0x01, 0x00, 0x00, 0x00, 
0x01, 0x00, 0x00, 0x00, 
0x01, 0x00, 0x00, 0x00, 
0x01, 0x00, 0x00, 0x00, 
0x01, 0x00, 0x00, 0x00, 
0x01, 0x00, 0x00, 0x00, 
0x01, 0x00, 0x00, 0x00, 
0x01, 0x00, 0x00, 0x00, 
0x01, 0x00, 0x00, 0x00, 
0x01, 0x00, 0x00, 0x00, 
0x01, 0x00, 0x00, 0x00, 
0x01, 0x00, 0x00, 0x00, 
0x01, 0x00, 0x00, 0x00, 
0x01, 0x00, 0x00, 0x00, 
0x01, 0x00, 0x00, 0x00, 
0x01, 0x00, 0x00, 0x00, 
0x01, 0x00, 0x00, 0x00, 
0x01, 0x00, 0x00, 0x00, 
0x01, 0x00, 0x00, 0x00, 
0x01, 0x00, 0x00, 0x00, 
0x01, 0x00, 0x00, 0x00, 
0x01, 0x00, 0x00, 0x00, 
0x01, 0x00, 0x00, 0x00, 
0x01, 0x00, 0x00, 0x00, 
0x01, 0x00, 0x00, 0x00, 
0x01, 0x00, 0x00, 0x00, 
0x01, 0x00, 0x00, 0x00, 
0x01, 0x00, 0x00, 0x00, 
0x01, 0x00, 0x00, 0x00, 
0x01, 0x00, 0x00, 0x00, 
0x01, 0x00, 0x00, 0x00, 
0x01, 0x00, 0x00, 0x00, 
0x01, 0x00, 0x00, 0x00, 
0x01, 0x00, 0x00, 0x00, 
0x01, 0x00, 0x00, 0x00, 
0x01, 0x00, 0x00, 0x00, 
0x01, 0x00, 0x00, 0x00, 
0x01, 0x00, 0x00, 0x00, 
0x01, 0x00, 0x00, 0x00, 
0x01, 0x00, 0x00, 0x00, 
0x01, 0x00, 0x00, 0x00, 
0x01, 0x00, 0x00, 0x00, 
0x01, 0x00, 0x00, 0x00, 
0x01, 0x00, 0x00, 0x00, 
0x01, 0x00, 0x00, 0x00, 
0x01, 0x00, 0x00, 0x00, 
0x00, 0xB5, 0x04, 0xF3, 
0x00, 0x00, 0x00, 0x00, 
0x00, 0x00, 0x01, 0xD2, 
0x00, 0x00, 0x16, 0x03, 
0x1F, 0x00, 0x00, 0x00, 
0x01, 0x00, 0x00, 0x00, 
0x01, 0x00, 0x00, 0x00, 
0x01, 0x00, 0x00, 0x00, 
0x01, 0x00, 0x00, 0x00, 
0x01, 0x00, 0x00, 0x00, 
0x01, 0x00, 0x00, 0x00, 
0x01, 0x00, 0x00, 0x00, 
0x01, 0x00, 0x00, 0x00, 
0x01, 0x00, 0x00, 0x00, 
0x01, 0x00, 0x00, 0x00, 
0x01, 0x00, 0x00, 0x00, 
0x01, 0x00, 0x00, 0x00, 
0x01, 0x00, 0x00, 0x00, 
0x01, 0x00, 0x00, 0x00, 
0x01, 0x00, 0x00, 0x00, 
0x01, 0x00, 0x00, 0x00, 
0x01, 0x00, 0x00, 0x00, 
0x01, 0x00, 0x00, 0x00, 
0x01, 0x00, 0x00, 0x00, 
0x01, 0x00, 0x00, 0x00, 
0x01, 0x00, 0x00, 0x00, 
0x01, 0x00, 0x00, 0x00, 
0x01, 0x00, 0x00, 0x00, 
0x01, 0x00, 0x00, 0x00, 
0x01, 0x00, 0x00, 0x00, 
0x01, 0x00, 0x00, 0x00, 
0x01, 0x00, 0x00, 0x00, 
0x01, 0x00, 0x00, 0x00, 
0x01, 0x00, 0x00, 0x00, 
0x01, 0x00, 0x00, 0x00, 
0x01, 0x00, 0x00, 0x00, 
0x01, 0x00, 0x00, 0x00, 
0x01, 0x00, 0x00, 0x00, 
0x00, 0x00, 0x00, 0x00, 
0x00, 0x00, 0x00, 0x00, 
0x00, 0x00, 0x00, 0x00, 
0x00, 0x00, 0x00, 0x00, 
0x00, 0x00, 0x00, 0x00, 
0x00, 0x00, 0x00, 0x00, 
0x00, 0x00, 0x00, 0x00, 
0x00, 0x00, 0x00, 0x00, 
0xA3, 0x00, 0x00, 0x00, 
0x01, 0x00, 0x00, 0x00, 
0x00, 0x00, 0x00, 0x00, 
0x00, 0x00, 0x00, 0x00, 
0x01, 0x00, 0x00, 0x00, 
0x00, 0x00, 0x00, 0x00, 
0x00, 0x00, 0x00, 0x00, 
0x00, 0x00, 0x00, 0x00, 
0x00, 0x00, 0x00, 0x00, 
0x01, 0x00, 0x00, 0x00, 
0x00, 0x00, 0x00, 0x00, 
0x00, 0x00, 0x00, 0x00, 
0x00, 0x00, 0x00, 0x00, 
0x00, 0x00, 0x00, 0x00, 
0x01, 0x00, 0x00, 0x00, 
0x00, 0x00, 0x00, 0x00, 
0x00, 0x00, 0x00, 0x00, 
0x00, 0x00, 0x00, 0x00, 
0x00, 0x00, 0x00, 0x00, 
0x01, 0x00, 0x00, 0x00, 
0x00, 0x00, 0x00, 0x00, 
0x00, 0x00, 0x00, 0x00, 
0x01, 0x00, 0x00, 0x00, 
0x01, 0x00, 0x00, 0x00, 
0x01, 0x00, 0x00, 0x00, 
0x01, 0x00, 0x00, 0x00, 
0x01, 0x00, 0x00, 0x00, 
0x01, 0x00, 0x00, 0x00, 
0x01, 0x00, 0x00, 0x00, 
0x01, 0x00, 0x00, 0x00, 
0x01, 0x00, 0x00, 0x00, 
0x01, 0x00, 0x00, 0x00, 
0x01, 0x00, 0x00, 0x00, 
0x01, 0x00, 0x00, 0x00, 
0x01, 0x00, 0x00, 0x00, 
0x01, 0x00, 0x00, 0x00, 
0x01, 0x00, 0x00, 0x00, 
0x01, 0x00, 0x00, 0x00, 
0x01, 0x00, 0x00, 0x00, 
0x01, 0x00, 0x00, 0x00, 
0x01, 0x00, 0x00, 0x00, 
0x01, 0x00, 0x00, 0x00, 
0x01, 0x00, 0x00, 0x00, 
0x01, 0x00, 0x00, 0x00, 
0x01, 0x00, 0x00, 0x00, 
0x01, 0x00, 0x00, 0x00, 
0x01, 0x00, 0x00, 0x00, 
0x01, 0x00, 0x00, 0x00, 
0x01, 0x00, 0x00, 0x00, 
0x01, 0x00, 0x00, 0x00, 
0x01, 0x00, 0x00, 0x00, 
0x01, 0x00, 0x00, 0x00, 
0x01, 0x00, 0x00, 0x00, 
0x01, 0x00, 0x00, 0x00, 
0x01, 0x00, 0x00, 0x00, 
0x01, 0x00, 0x00, 0x00, 
0x01, 0x00, 0x00, 0x00, 
0x01, 0x00, 0x00, 0x00, 
0x01, 0x00, 0x00, 0x00, 
0x01, 0x00, 0x00, 0x00, 
0x01, 0x00, 0x00, 0x00, 
0x01, 0x00, 0x00, 0x00, 
0x01, 0x00, 0x00, 0x00, 
0x01, 0x00, 0x00, 0x00, 
0x01, 0x00, 0x00, 0x00, 
0x01, 0x00, 0x00, 0x00, 
0x01, 0x00, 0x00, 0x00, 
0x01, 0x00, 0x00, 0x00, 
0x01, 0x00, 0x00, 0x00, 
0x01, 0x00, 0x00, 0x00, 
0x01, 0x00, 0x00, 0x00, 
0x01, 0x00, 0x00, 0x00, 
0x01, 0x00, 0x00, 0x00, 
0x01, 0x00, 0x00, 0x00, 
0x01, 0x00, 0x00, 0x00, 
0x00, 0xB5, 0x04, 0xF3, 
0x00, 0x00, 0x00, 0x00, 
0x00, 0x00, 0x01, 0xD2, 
0x00, 0x00, 0x16, 0x03, 
0x1F, 0x00, 0x00, 0x00, 
0x01, 0x00, 0x00, 0x00, 
0x01, 0x00, 0x00, 0x00, 
0x01, 0x00, 0x00, 0x00, 
0x01, 0x00, 0x00, 0x00, 
0x01, 0x00, 0x00, 0x00, 
0x01, 0x00, 0x00, 0x00, 
0x01, 0x00, 0x00, 0x00, 
0x01, 0x00, 0x00, 0x00, 
0x01, 0x00, 0x00, 0x00, 
0x01, 0x00, 0x00, 0x00, 
0x01, 0x00, 0x00, 0x00, 
0x01, 0x00, 0x00, 0x00, 
0x01, 0x00, 0x00, 0x00, 
0x01, 0x00, 0x00, 0x00, 
0x01, 0x00, 0x00, 0x00, 
0x01, 0x00, 0x00, 0x00, 
0x01, 0x00, 0x00, 0x00, 
0x01, 0x00, 0x00, 0x00, 
0x01, 0x00, 0x00, 0x00, 
0x01, 0x00, 0x00, 0x00, 
0x01, 0x00, 0x00, 0x00, 
0x01, 0x00, 0x00, 0x00, 
0x01, 0x00, 0x00, 0x00, 
0x01, 0x00, 0x00, 0x00, 
0x01, 0x00, 0x00, 0x00, 
0x01, 0x00, 0x00, 0x00, 
0x01, 0x00, 0x00, 0x00, 
0x01, 0x00, 0x00, 0x00, 
0x01, 0x00, 0x00, 0x00, 
0x01, 0x00, 0x00, 0x00, 
0x01, 0x00, 0x00, 0x00, 
0x01, 0x00, 0x00, 0x00, 
0x01, 0x00, 0x00, 0x00, 
0x00, 0x00, 0x00, 0x00, 
0x00, 0x00, 0x00, 0x00, 
0x00, 0x00, 0x00, 0x00, 
0x00, 0x00, 0x00, 0x00, 
0x00, 0x00, 0x00, 0x00, 
0x00, 0x00, 0x00, 0x00, 
0x00, 0x00, 0x00, 0x00, 
0x00, 0x00, 0x00, 0x00, 
0xA3, 0x00, 0x00, 0x00, 
0x01, 0x00, 0x00, 0x00, 
0x00, 0x00, 0x00, 0x00, 
0x00, 0x00, 0x01, 0xD2, 
0x00, 0x00, 0x16, 0x03, 
0x1F, 0x00, 0x00, 0x00, 
0x01, 0x00, 0x00, 0x00, 
0x01, 0x00, 0x00, 0x00, 
0x01, 0x00, 0x00, 0x00, 
0x01, 0x00, 0x00, 0x00, 
0x01, 0x00, 0x00, 0x00, 
0x01, 0x00, 0x00, 0x00, 
0x01, 0x00, 0x00, 0x00, 
0x01, 0x00, 0x00, 0x00, 
0x01, 0x00, 0x00, 0x00, 
0x01, 0x00, 0x00, 0x00, 
0x01, 0x00, 0x00, 0x00, 
0x01, 0x00, 0x00, 0x00, 
0x01, 0x00, 0x00, 0x00, 
0x01, 0x00, 0x00, 0x00, 
0x01, 0x00, 0x00, 0x00, 
0x01, 0x00, 0x00, 0x00, 
0x01, 0x00, 0x00, 0x00, 
0x01, 0x00, 0x00, 0x00, 
0x01, 0x00, 0x00, 0x00, 
0x01, 0x00, 0x00, 0x00, 
0x01, 0x00, 0x00, 0x00, 
0x01, 0x00, 0x00, 0x00, 
0x01, 0x00, 0x00, 0x00, 
0x01, 0x00, 0x00, 0x00, 
0x01, 0x00, 0x00, 0x00, 
0x01, 0x00, 0x00, 0x00, 
0x01, 0x00, 0x00, 0x00, 
0x01, 0x00, 0x00, 0x00, 
0x01, 0x00, 0x00, 0x00, 
0x01, 0x00, 0x00, 0x00, 
0x01, 0x00, 0x00, 0x00, 
0x01, 0x00, 0x00, 0x00, 
0x01, 0x00, 0x00, 0x00, 
0x00, 0x00, 0x00, 0x00, 
0x00, 0x00, 0x00, 0x00, 
0x00, 0x00, 0x00, 0x00, 
0x00, 0x00, 0x00, 0x00, 
0x00, 0x00, 0x00, 0x00, 
0x00, 0x00, 0x00, 0x00, 
0x00, 0x00, 0x00, 0x00, 
0x00, 0x00, 0x00, 0x00, 
0xA3, 0x00, 0x00, 0x00, 
0x01, 0x00, 0x00, 0x00, 
0x00, 0x00, 0x00, 0x00, 
0x00, 0x00, 0x00, 0x00, 
0x00, 0x00, 0x00, 0x00, 
0x01, 0x00, 0x00, 0x00, 
0x00, 0x00, 0x00, 0x00, 
0x00, 0x00, 0x00, 0x00, 
0x00, 0x00, 0x00, 0x00, 
0x00, 0x00, 0x00, 0x00, 
0x01, 0x00, 0x00, 0x00, 
0x00, 0x00, 0x00, 0x00, 
0x00, 0x00, 0x00, 0x00, 
0x00, 0x00, 0x00, 0x00, 
0x00, 0x00, 0x00, 0x00, 
0x01, 0x00, 0x00, 0x00, 
0x00, 0x00, 0x00, 0x00, 
0x00, 0x00, 0x00, 0x00, 
0x00, 0x00, 0x00, 0x00, 
0x00, 0x00, 0x00, 0x00, 
0x01, 0x00, 0x00, 0x00, 
0x00, 0x00, 0x00, 0x00, 
0x00, 0x00, 0x00, 0x00, 
0x00, 0x00, 0x00, 0x00, 
0x00, 0x00, 0x01, 0xD2, 
0x00, 0x00, 0x16, 0x03, 
0x1F, 0x00, 0x00, 0x00, 
0x01, 0x00, 0x00, 0x00, 
0x01, 0x00, 0x00, 0x00, 
0x01, 0x00, 0x00, 0x00, 
0x01, 0x00, 0x00, 0x00, 
0x01, 0x00, 0x00, 0x00, 
0x01, 0x00, 0x00, 0x00, 
0x01, 0x00, 0x00, 0x00, 
0x01, 0x00, 0x00, 0x00, 
0x01, 0x00, 0x00, 0x00, 
0x01, 0x00, 0x00, 0x00, 
0x01, 0x00, 0x00, 0x00, 
0x01, 0x00, 0x00, 0x00, 
0x01, 0x00, 0x00, 0x00, 
0x01, 0x00, 0x00, 0x00, 
0x01, 0x00, 0x00, 0x00, 
0x01, 0x00, 0x00, 0x00, 
0x01, 0x00, 0x00, 0x00, 
0x01, 0x00, 0x00, 0x00, 
0x01, 0x00, 0x00, 0x00, 
0x01, 0x00, 0x00, 0x00, 
0x01, 0x00, 0x00, 0x00, 
0x01, 0x00, 0x00, 0x00, 
0x01, 0x00, 0x00, 0x00, 
0x01, 0x00, 0x00, 0x00, 
0x01, 0x00, 0x00, 0x00, 
0x01, 0x00, 0x00, 0x00, 
0x01, 0x00, 0x00, 0x00, 
0x01, 0x00, 0x00, 0x00, 
0x01, 0x00, 0x00, 0x00, 
0x01, 0x00, 0x00, 0x00, 
0x01, 0x00, 0x00, 0x00, 
0x01, 0x00, 0x00, 0x00, 
0x01, 0x00, 0x00, 0x00, 
0x00, 0x00, 0x00, 0x00, 
0x00, 0x00, 0x00, 0x00, 
0x00, 0x00, 0x00, 0x00, 
0x00, 0x00, 0x00, 0x00, 
0x00, 0x00, 0x00, 0x00, 
0x00, 0x00, 0x00, 0x00, 
0x00, 0x00, 0x00, 0x00, 
0x00, 0x00, 0x00, 0x00, 
0xA3, 0x00, 0x00, 0x00, 
0x01, 0x00, 0x00, 0x00, 
0xFF, 0x1C, 0x86, 0xB7, 
0x01, 0xC6, 0xF2, 0x92, 
0xFF, 0x1C, 0x86, 0xB7, 
0xFF, 0x37, 0x19, 0x18, 
0x01, 0xC4, 0xFE, 0x3D, 
0xFF, 0x0D, 0x38, 0xCD, 
0x01, 0xE5, 0x8E, 0x66, 
0xFF, 0x0D, 0x38, 0xCD, 
0xFF, 0x18, 0x5B, 0x9B, 
0x01, 0xE3, 0x78, 0x67, 
0x01, 0x00, 0x00, 0x00, 
0x01, 0x00, 0x00, 0x00, 
0x01, 0x00, 0x00, 0x00, 
0x01, 0x00, 0x00, 0x00, 
0x01, 0x00, 0x00, 0x00, 
0x01, 0x00, 0x00, 0x00, 
0x01, 0x00, 0x00, 0x00, 
0x01, 0x00, 0x00, 0x00, 
0x01, 0x00, 0x00, 0x00, 
0x01, 0x00, 0x00, 0x00, 
0x01, 0x00, 0x00, 0x00, 
0x01, 0x00, 0x00, 0x00, 
0x01, 0x00, 0x00, 0x00, 
0x01, 0x00, 0x00, 0x00, 
0x01, 0x00, 0x00, 0x00, 
0x01, 0x00, 0x00, 0x00, 
0x01, 0x00, 0x00, 0x00, 
0x01, 0x00, 0x00, 0x00, 
0x01, 0x00, 0x00, 0x00, 
0x01, 0x00, 0x00, 0x00, 
0x01, 0x00, 0x00, 0x00, 
0x01, 0x00, 0x00, 0x00, 
0x01, 0x00, 0x00, 0x00, 
0x01, 0x00, 0x00, 0x00, 
0x01, 0x00, 0x00, 0x00, 
0x01, 0x00, 0x00, 0x00, 
0x01, 0x00, 0x00, 0x00, 
0x01, 0x00, 0x00, 0x00, 
0x01, 0x00, 0x00, 0x00, 
0x01, 0x00, 0x00, 0x00, 
0x01, 0x00, 0x00, 0x00, 
0x01, 0x00, 0x00, 0x00, 
0x01, 0x00, 0x00, 0x00, 
0x01, 0x00, 0x00, 0x00, 
0x01, 0x00, 0x00, 0x00, 
0x01, 0x00, 0x00, 0x00, 
0x01, 0x00, 0x00, 0x00, 
0x01, 0x00, 0x00, 0x00, 
0x01, 0x00, 0x00, 0x00, 
0x01, 0x00, 0x00, 0x00, 
0x01, 0x00, 0x00, 0x00, 
0x01, 0x00, 0x00, 0x00, 
0x01, 0x00, 0x00, 0x00, 
0x01, 0x00, 0x00, 0x00, 
0x01, 0x00, 0x00, 0x00, 
0x01, 0x00, 0x00, 0x00, 
0x01, 0x00, 0x00, 0x00, 
0x01, 0x00, 0x00, 0x00, 
0x01, 0x00, 0x00, 0x00, 
0x01, 0x00, 0x00, 0x00, 
0x01, 0x00, 0x00, 0x00, 
0x01, 0x00, 0x00, 0x00, 
0x01, 0x00, 0x00, 0x00, 
0x00, 0xB5, 0x04, 0xF3, 
0x00, 0x00, 0x00, 0x00, 
0x00, 0x00, 0x01, 0xD2, 
0x00, 0x00, 0x16, 0x03, 
0x1F, 0x00, 0x00, 0x00, 
0x01, 0x00, 0x00, 0x00, 
0x01, 0x00, 0x00, 0x00, 
0x01, 0x00, 0x00, 0x00, 
0x01, 0x00, 0x00, 0x00, 
0x01, 0x00, 0x00, 0x00, 
0x01, 0x00, 0x00, 0x00, 
0x01, 0x00, 0x00, 0x00, 
0x01, 0x00, 0x00, 0x00, 
0x01, 0x00, 0x00, 0x00, 
0x01, 0x00, 0x00, 0x00, 
0x01, 0x00, 0x00, 0x00, 
0x01, 0x00, 0x00, 0x00, 
0x01, 0x00, 0x00, 0x00, 
0x01, 0x00, 0x00, 0x00, 
0x01, 0x00, 0x00, 0x00, 
0x01, 0x00, 0x00, 0x00, 
0x01, 0x00, 0x00, 0x00, 
0x01, 0x00, 0x00, 0x00, 
0x01, 0x00, 0x00, 0x00, 
0x01, 0x00, 0x00, 0x00, 
0x01, 0x00, 0x00, 0x00, 
0x01, 0x00, 0x00, 0x00, 
0x01, 0x00, 0x00, 0x00, 
0x01, 0x00, 0x00, 0x00, 
0x01, 0x00, 0x00, 0x00, 
0x01, 0x00, 0x00, 0x00, 
0x01, 0x00, 0x00, 0x00, 
0x01, 0x00, 0x00, 0x00, 
0x01, 0x00, 0x00, 0x00, 
0x01, 0x00, 0x00, 0x00, 
0x01, 0x00, 0x00, 0x00, 
0x01, 0x00, 0x00, 0x00, 
0x01, 0x00, 0x00, 0x00, 
0x00, 0x00, 0x00, 0x00, 
0x00, 0x00, 0x00, 0x00, 
0x00, 0x00, 0x00, 0x00, 
0x00, 0x00, 0x00, 0x00, 
0x00, 0x00, 0x00, 0x00, 
0x00, 0x00, 0x00, 0x00, 
0x00, 0x00, 0x00, 0x00, 
0x00, 0x00, 0x00, 0x00, 
0xA3, 0x00, 0x00, 0x00, 
0x01, 0x00, 0x00, 0x00, 
0x00, 0x00, 0x00, 0x00, 
0x00, 0x00, 0x00, 0x00, 
0x01, 0x00, 0x00, 0x00, 
0x00, 0x00, 0x00, 0x00, 
0x00, 0x00, 0x00, 0x00, 
0x00, 0x00, 0x00, 0x00, 
0x00, 0x00, 0x00, 0x00, 
0x01, 0x00, 0x00, 0x00, 
0x00, 0x00, 0x00, 0x00, 
0x00, 0x00, 0x00, 0x00, 
0x00, 0x00, 0x00, 0x00, 
0x00, 0x00, 0x00, 0x00, 
0x01, 0x00, 0x00, 0x00, 
0x00, 0x00, 0x00, 0x00, 
0x00, 0x00, 0x00, 0x00, 
0x00, 0x00, 0x00, 0x00, 
0x00, 0x00, 0x00, 0x00, 
0x01, 0x00, 0x00, 0x00, 
0x00, 0x00, 0x00, 0x00, 
0x00, 0x00, 0x00, 0x00, 
0x01, 0x00, 0x00, 0x00, 
0x01, 0x00, 0x00, 0x00, 
0x01, 0x00, 0x00, 0x00, 
0x01, 0x00, 0x00, 0x00, 
0x01, 0x00, 0x00, 0x00, 
0x01, 0x00, 0x00, 0x00, 
0x01, 0x00, 0x00, 0x00, 
0x01, 0x00, 0x00, 0x00, 
0x01, 0x00, 0x00, 0x00, 
0x01, 0x00, 0x00, 0x00, 
0x01, 0x00, 0x00, 0x00, 
0x01, 0x00, 0x00, 0x00, 
0x01, 0x00, 0x00, 0x00, 
0x01, 0x00, 0x00, 0x00, 
0x01, 0x00, 0x00, 0x00, 
0x01, 0x00, 0x00, 0x00, 
0x01, 0x00, 0x00, 0x00, 
0x01, 0x00, 0x00, 0x00, 
0x01, 0x00, 0x00, 0x00, 
0x01, 0x00, 0x00, 0x00, 
0x01, 0x00, 0x00, 0x00, 
0x01, 0x00, 0x00, 0x00, 
0x01, 0x00, 0x00, 0x00, 
0x01, 0x00, 0x00, 0x00, 
0x01, 0x00, 0x00, 0x00, 
0x01, 0x00, 0x00, 0x00, 
0x01, 0x00, 0x00, 0x00, 
0x01, 0x00, 0x00, 0x00, 
0x01, 0x00, 0x00, 0x00, 
0x01, 0x00, 0x00, 0x00, 
0x01, 0x00, 0x00, 0x00, 
0x01, 0x00, 0x00, 0x00, 
0x01, 0x00, 0x00, 0x00, 
0x01, 0x00, 0x00, 0x00, 
0x01, 0x00, 0x00, 0x00, 
0x01, 0x00, 0x00, 0x00, 
0x01, 0x00, 0x00, 0x00, 
0x01, 0x00, 0x00, 0x00, 
0x01, 0x00, 0x00, 0x00, 
0x01, 0x00, 0x00, 0x00, 
0x01, 0x00, 0x00, 0x00, 
0x01, 0x00, 0x00, 0x00, 
0x01, 0x00, 0x00, 0x00, 
0x01, 0x00, 0x00, 0x00, 
0x01, 0x00, 0x00, 0x00, 
0x01, 0x00, 0x00, 0x00, 
0x01, 0x00, 0x00, 0x00, 
0x01, 0x00, 0x00, 0x00, 
0x01, 0x00, 0x00, 0x00, 
0x01, 0x00, 0x00, 0x00, 
0x01, 0x00, 0x00, 0x00, 
0x01, 0x00, 0x00, 0x00, 
0x01, 0x00, 0x00, 0x00, 
0x00, 0xB5, 0x04, 0xF3, 
0x00, 0x00, 0x00, 0x00, 
0x00, 0x00, 0x01, 0xD2, 
0x00, 0x00, 0x16, 0x03, 
0x1F, 0x00, 0x00, 0x00, 
0x01, 0x00, 0x00, 0x00, 
0x01, 0x00, 0x00, 0x00, 
0x01, 0x00, 0x00, 0x00, 
0x01, 0x00, 0x00, 0x00, 
0x01, 0x00, 0x00, 0x00, 
0x01, 0x00, 0x00, 0x00, 
0x01, 0x00, 0x00, 0x00, 
0x01, 0x00, 0x00, 0x00, 
0x01, 0x00, 0x00, 0x00, 
0x01, 0x00, 0x00, 0x00, 
0x01, 0x00, 0x00, 0x00, 
0x01, 0x00, 0x00, 0x00, 
0x01, 0x00, 0x00, 0x00, 
0x01, 0x00, 0x00, 0x00, 
0x01, 0x00, 0x00, 0x00, 
0x01, 0x00, 0x00, 0x00, 
0x01, 0x00, 0x00, 0x00, 
0x01, 0x00, 0x00, 0x00, 
0x01, 0x00, 0x00, 0x00, 
0x01, 0x00, 0x00, 0x00, 
0x01, 0x00, 0x00, 0x00, 
0x01, 0x00, 0x00, 0x00, 
0x01, 0x00, 0x00, 0x00, 
0x01, 0x00, 0x00, 0x00, 
0x01, 0x00, 0x00, 0x00, 
0x01, 0x00, 0x00, 0x00, 
0x01, 0x00, 0x00, 0x00, 
0x01, 0x00, 0x00, 0x00, 
0x01, 0x00, 0x00, 0x00, 
0x01, 0x00, 0x00, 0x00, 
0x01, 0x00, 0x00, 0x00, 
0x01, 0x00, 0x00, 0x00, 
0x01, 0x00, 0x00, 0x00, 
0x00, 0x00, 0x00, 0x00, 
0x00, 0x00, 0x00, 0x00, 
0x00, 0x00, 0x00, 0x00, 
0x00, 0x00, 0x00, 0x00, 
0x00, 0x00, 0x00, 0x00, 
0x00, 0x00, 0x00, 0x00, 
0x00, 0x00, 0x00, 0x00, 
0x00, 0x00, 0x00, 0x00, 
0xA3, 0x00, 0x00, 0x00, 
0x01, 0x00, 0x00, 0x00, 
0x00, 0x00, 0x00, 0x00, 
0x00, 0x00, 0x01, 0xD2, 
0x00, 0x00, 0x16, 0x03, 
0x1F, 0x00, 0x00, 0x00, 
0x01, 0x00, 0x00, 0x00, 
0x01, 0x00, 0x00, 0x00, 
0x01, 0x00, 0x00, 0x00, 
0x01, 0x00, 0x00, 0x00, 
0x01, 0x00, 0x00, 0x00, 
0x01, 0x00, 0x00, 0x00, 
0x01, 0x00, 0x00, 0x00, 
0x01, 0x00, 0x00, 0x00, 
0x01, 0x00, 0x00, 0x00, 
0x01, 0x00, 0x00, 0x00, 
0x01, 0x00, 0x00, 0x00, 
0x01, 0x00, 0x00, 0x00, 
0x01, 0x00, 0x00, 0x00, 
0x01, 0x00, 0x00, 0x00, 
0x01, 0x00, 0x00, 0x00, 
0x01, 0x00, 0x00, 0x00, 
0x01, 0x00, 0x00, 0x00, 
0x01, 0x00, 0x00, 0x00, 
0x01, 0x00, 0x00, 0x00, 
0x01, 0x00, 0x00, 0x00, 
0x01, 0x00, 0x00, 0x00, 
0x01, 0x00, 0x00, 0x00, 
0x01, 0x00, 0x00, 0x00, 
0x01, 0x00, 0x00, 0x00, 
0x01, 0x00, 0x00, 0x00, 
0x01, 0x00, 0x00, 0x00, 
0x01, 0x00, 0x00, 0x00, 
0x01, 0x00, 0x00, 0x00, 
0x01, 0x00, 0x00, 0x00, 
0x01, 0x00, 0x00, 0x00, 
0x01, 0x00, 0x00, 0x00, 
0x01, 0x00, 0x00, 0x00, 
0x01, 0x00, 0x00, 0x00, 
0x00, 0x00, 0x00, 0x00, 
0x00, 0x00, 0x00, 0x00, 
0x00, 0x00, 0x00, 0x00, 
0x00, 0x00, 0x00, 0x00, 
0x00, 0x00, 0x00, 0x00, 
0x00, 0x00, 0x00, 0x00, 
0x00, 0x00, 0x00, 0x00, 
0x00, 0x00, 0x00, 0x00, 
0xA3, 0x00, 0x00, 0x00, 
0x01, 0x00, 0x00, 0x00, 
0x00, 0x00, 0x00, 0x00, 
0x00, 0x00, 0x00, 0x00, 
0x00, 0x00, 0x00, 0x00, 
0x01, 0x00, 0x00, 0x00, 
0x00, 0x00, 0x00, 0x00, 
0x00, 0x00, 0x00, 0x00, 
0x00, 0x00, 0x00, 0x00, 
0x00, 0x00, 0x00, 0x00, 
0x01, 0x00, 0x00, 0x00, 
0x00, 0x00, 0x00, 0x00, 
0x00, 0x00, 0x00, 0x00, 
0x00, 0x00, 0x00, 0x00, 
0x00, 0x00, 0x00, 0x00, 
0x01, 0x00, 0x00, 0x00, 
0x00, 0x00, 0x00, 0x00, 
0x00, 0x00, 0x00, 0x00, 
0x00, 0x00, 0x00, 0x00, 
0x00, 0x00, 0x00, 0x00, 
0x01, 0x00, 0x00, 0x00, 
0x00, 0x00, 0x00, 0x00, 
0x00, 0x00, 0x00, 0x00, 
0x00, 0x00, 0x00, 0x00, 
0x00, 0x00, 0x01, 0xD2, 
0x00, 0x00, 0x16, 0x03, 
0x1F, 0x00, 0x00, 0x00, 
0x01, 0x00, 0x00, 0x00, 
0x01, 0x00, 0x00, 0x00, 
0x01, 0x00, 0x00, 0x00, 
0x01, 0x00, 0x00, 0x00, 
0x01, 0x00, 0x00, 0x00, 
0x01, 0x00, 0x00, 0x00, 
0x01, 0x00, 0x00, 0x00, 
0x01, 0x00, 0x00, 0x00, 
0x01, 0x00, 0x00, 0x00, 
0x01, 0x00, 0x00, 0x00, 
0x01, 0x00, 0x00, 0x00, 
0x01, 0x00, 0x00, 0x00, 
0x01, 0x00, 0x00, 0x00, 
0x01, 0x00, 0x00, 0x00, 
0x01, 0x00, 0x00, 0x00, 
0x01, 0x00, 0x00, 0x00, 
0x01, 0x00, 0x00, 0x00, 
0x01, 0x00, 0x00, 0x00, 
0x01, 0x00, 0x00, 0x00, 
0x01, 0x00, 0x00, 0x00, 
0x01, 0x00, 0x00, 0x00, 
0x01, 0x00, 0x00, 0x00, 
0x01, 0x00, 0x00, 0x00, 
0x01, 0x00, 0x00, 0x00, 
0x01, 0x00, 0x00, 0x00, 
0x01, 0x00, 0x00, 0x00, 
0x01, 0x00, 0x00, 0x00, 
0x01, 0x00, 0x00, 0x00, 
0x01, 0x00, 0x00, 0x00, 
0x01, 0x00, 0x00, 0x00, 
0x01, 0x00, 0x00, 0x00, 
0x01, 0x00, 0x00, 0x00, 
0x01, 0x00, 0x00, 0x00, 
0x00, 0x00, 0x00, 0x00, 
0x00, 0x00, 0x00, 0x00, 
0x00, 0x00, 0x00, 0x00, 
0x00, 0x00, 0x00, 0x00, 
0x00, 0x00, 0x00, 0x00, 
0x00, 0x00, 0x00, 0x00, 
0x00, 0x00, 0x00, 0x00, 
0x00, 0x00, 0x00, 0x00, 
0xA3, 0x00, 0x00, 0x00, 
0x01, 0x00, 0x00, 0x00, 
0xFF, 0x1C, 0x86, 0xB7, 
0x01, 0xC6, 0xF2, 0x92, 
0xFF, 0x1C, 0x86, 0xB7, 
0xFF, 0x37, 0x19, 0x18, 
0x01, 0xC4, 0xFE, 0x3D, 
0xFF, 0x0D, 0x38, 0xCD, 
0x01, 0xE5, 0x8E, 0x66, 
0xFF, 0x0D, 0x38, 0xCD, 
0xFF, 0x18, 0x5B, 0x9B, 
0x01, 0xE3, 0x78, 0x67, 
0x01, 0x00, 0x00, 0x00, 
0x01, 0x00, 0x00, 0x00, 
0x01, 0x00, 0x00, 0x00, 
0x01, 0x00, 0x00, 0x00, 
0x01, 0x00, 0x00, 0x00, 
0x01, 0x00, 0x00, 0x00, 
0x01, 0x00, 0x00, 0x00, 
0x01, 0x00, 0x00, 0x00, 
0x01, 0x00, 0x00, 0x00, 
0x01, 0x00, 0x00, 0x00, 
0x01, 0x00, 0x00, 0x00, 
0x01, 0x00, 0x00, 0x00, 
0x01, 0x00, 0x00, 0x00, 
0x01, 0x00, 0x00, 0x00, 
0x01, 0x00, 0x00, 0x00, 
0x01, 0x00, 0x00, 0x00, 
0x01, 0x00, 0x00, 0x00, 
0x01, 0x00, 0x00, 0x00, 
0x01, 0x00, 0x00, 0x00, 
0x01, 0x00, 0x00, 0x00, 
0x01, 0x00, 0x00, 0x00, 
0x01, 0x00, 0x00, 0x00, 
0x01, 0x00, 0x00, 0x00, 
0x01, 0x00, 0x00, 0x00, 
0x01, 0x00, 0x00, 0x00, 
0x01, 0x00, 0x00, 0x00, 
0x01, 0x00, 0x00, 0x00, 
0x01, 0x00, 0x00, 0x00, 
0x01, 0x00, 0x00, 0x00, 
0x01, 0x00, 0x00, 0x00, 
0x01, 0x00, 0x00, 0x00, 
0x01, 0x00, 0x00, 0x00, 
0x01, 0x00, 0x00, 0x00, 
0x01, 0x00, 0x00, 0x00, 
0x01, 0x00, 0x00, 0x00, 
0x01, 0x00, 0x00, 0x00, 
0x01, 0x00, 0x00, 0x00, 
0x01, 0x00, 0x00, 0x00, 
0x01, 0x00, 0x00, 0x00, 
0x01, 0x00, 0x00, 0x00, 
0x01, 0x00, 0x00, 0x00, 
0x01, 0x00, 0x00, 0x00, 
0x01, 0x00, 0x00, 0x00, 
0x01, 0x00, 0x00, 0x00, 
0x01, 0x00, 0x00, 0x00, 
0x01, 0x00, 0x00, 0x00, 
0x01, 0x00, 0x00, 0x00, 
0x01, 0x00, 0x00, 0x00, 
0x01, 0x00, 0x00, 0x00, 
0x01, 0x00, 0x00, 0x00, 
0x01, 0x00, 0x00, 0x00, 
0x01, 0x00, 0x00, 0x00, 
0x01, 0x00, 0x00, 0x00, 
0x00, 0xB5, 0x04, 0xF3, 
0x00, 0x00, 0x00, 0x00, 
0x00, 0x00, 0x01, 0xD2, 
0x00, 0x00, 0x16, 0x03, 
0x1F, 0x00, 0x00, 0x00, 
0x01, 0x00, 0x00, 0x00, 
0x01, 0x00, 0x00, 0x00, 
0x01, 0x00, 0x00, 0x00, 
0x01, 0x00, 0x00, 0x00, 
0x01, 0x00, 0x00, 0x00, 
0x01, 0x00, 0x00, 0x00, 
0x01, 0x00, 0x00, 0x00, 
0x01, 0x00, 0x00, 0x00, 
0x01, 0x00, 0x00, 0x00, 
0x01, 0x00, 0x00, 0x00, 
0x01, 0x00, 0x00, 0x00, 
0x01, 0x00, 0x00, 0x00, 
0x01, 0x00, 0x00, 0x00, 
0x01, 0x00, 0x00, 0x00, 
0x01, 0x00, 0x00, 0x00, 
0x01, 0x00, 0x00, 0x00, 
0x01, 0x00, 0x00, 0x00, 
0x01, 0x00, 0x00, 0x00, 
0x01, 0x00, 0x00, 0x00, 
0x01, 0x00, 0x00, 0x00, 
0x01, 0x00, 0x00, 0x00, 
0x01, 0x00, 0x00, 0x00, 
0x01, 0x00, 0x00, 0x00, 
0x01, 0x00, 0x00, 0x00, 
0x01, 0x00, 0x00, 0x00, 
0x01, 0x00, 0x00, 0x00, 
0x01, 0x00, 0x00, 0x00, 
0x01, 0x00, 0x00, 0x00, 
0x01, 0x00, 0x00, 0x00, 
0x01, 0x00, 0x00, 0x00, 
0x01, 0x00, 0x00, 0x00, 
0x01, 0x00, 0x00, 0x00, 
0x01, 0x00, 0x00, 0x00, 
0x00, 0x00, 0x00, 0x00, 
0x00, 0x00, 0x00, 0x00, 
0x00, 0x00, 0x00, 0x00, 
0x00, 0x00, 0x00, 0x00, 
0x00, 0x00, 0x00, 0x00, 
0x00, 0x00, 0x00, 0x00, 
0x00, 0x00, 0x00, 0x00, 
0x00, 0x00, 0x00, 0x00, 
0xA3, 0x00, 0x00, 0x00, 
0x01, 0x00, 0x00, 0x00, 
0x00, 0x00, 0x00, 0x00, 
0x00, 0x00, 0x00, 0x00, 
0x01, 0x00, 0x00, 0x00, 
0x00, 0x00, 0x00, 0x00, 
0x00, 0x00, 0x00, 0x00, 
0x00, 0x00, 0x00, 0x00, 
0x00, 0x00, 0x00, 0x00, 
0x01, 0x00, 0x00, 0x00, 
0x00, 0x00, 0x00, 0x00, 
0x00, 0x00, 0x00, 0x00, 
0x00, 0x00, 0x00, 0x00, 
0x00, 0x00, 0x00, 0x00, 
0x01, 0x00, 0x00, 0x00, 
0x00, 0x00, 0x00, 0x00, 
0x00, 0x00, 0x00, 0x00, 
0x00, 0x00, 0x00, 0x00, 
0x00, 0x00, 0x00, 0x00, 
0x01, 0x00, 0x00, 0x00, 
0x00, 0x00, 0x00, 0x00, 
0x00, 0x00, 0x00, 0x00, 
0x01, 0x00, 0x00, 0x00, 
0x01, 0x00, 0x00, 0x00, 
0x01, 0x00, 0x00, 0x00, 
0x01, 0x00, 0x00, 0x00, 
0x01, 0x00, 0x00, 0x00, 
0x01, 0x00, 0x00, 0x00, 
0x01, 0x00, 0x00, 0x00, 
0x01, 0x00, 0x00, 0x00, 
0x01, 0x00, 0x00, 0x00, 
0x01, 0x00, 0x00, 0x00, 
0x01, 0x00, 0x00, 0x00, 
0x01, 0x00, 0x00, 0x00, 
0x01, 0x00, 0x00, 0x00, 
0x01, 0x00, 0x00, 0x00, 
0x01, 0x00, 0x00, 0x00, 
0x01, 0x00, 0x00, 0x00, 
0x01, 0x00, 0x00, 0x00, 
0x01, 0x00, 0x00, 0x00, 
0x01, 0x00, 0x00, 0x00, 
0x01, 0x00, 0x00, 0x00, 
0x01, 0x00, 0x00, 0x00, 
0x01, 0x00, 0x00, 0x00, 
0x01, 0x00, 0x00, 0x00, 
0x01, 0x00, 0x00, 0x00, 
0x01, 0x00, 0x00, 0x00, 
0x01, 0x00, 0x00, 0x00, 
0x01, 0x00, 0x00, 0x00, 
0x01, 0x00, 0x00, 0x00, 
0x01, 0x00, 0x00, 0x00, 
0x01, 0x00, 0x00, 0x00, 
0x01, 0x00, 0x00, 0x00, 
0x01, 0x00, 0x00, 0x00, 
0x01, 0x00, 0x00, 0x00, 
0x01, 0x00, 0x00, 0x00, 
0x01, 0x00, 0x00, 0x00, 
0x01, 0x00, 0x00, 0x00, 
0x01, 0x00, 0x00, 0x00, 
0x01, 0x00, 0x00, 0x00, 
0x01, 0x00, 0x00, 0x00, 
0x01, 0x00, 0x00, 0x00, 
0x01, 0x00, 0x00, 0x00, 
0x01, 0x00, 0x00, 0x00, 
0x01, 0x00, 0x00, 0x00, 
0x01, 0x00, 0x00, 0x00, 
0x01, 0x00, 0x00, 0x00, 
0x01, 0x00, 0x00, 0x00, 
0x01, 0x00, 0x00, 0x00, 
0x01, 0x00, 0x00, 0x00, 
0x01, 0x00, 0x00, 0x00, 
0x01, 0x00, 0x00, 0x00, 
0x01, 0x00, 0x00, 0x00, 
0x01, 0x00, 0x00, 0x00, 
0x01, 0x00, 0x00, 0x00, 
0x00, 0xB5, 0x04, 0xF3, 
0x00, 0x00, 0x00, 0x00, 
0x00, 0x00, 0x01, 0xD2, 
0x00, 0x00, 0x16, 0x03, 
0x1F, 0x00, 0x00, 0x00, 
0x01, 0x00, 0x00, 0x00, 
0x01, 0x00, 0x00, 0x00, 
0x01, 0x00, 0x00, 0x00, 
0x01, 0x00, 0x00, 0x00, 
0x01, 0x00, 0x00, 0x00, 
0x01, 0x00, 0x00, 0x00, 
0x01, 0x00, 0x00, 0x00, 
0x01, 0x00, 0x00, 0x00, 
0x01, 0x00, 0x00, 0x00, 
0x01, 0x00, 0x00, 0x00, 
0x01, 0x00, 0x00, 0x00, 
0x01, 0x00, 0x00, 0x00, 
0x01, 0x00, 0x00, 0x00, 
0x01, 0x00, 0x00, 0x00, 
0x01, 0x00, 0x00, 0x00, 
0x01, 0x00, 0x00, 0x00, 
0x01, 0x00, 0x00, 0x00, 
0x01, 0x00, 0x00, 0x00, 
0x01, 0x00, 0x00, 0x00, 
0x01, 0x00, 0x00, 0x00, 
0x01, 0x00, 0x00, 0x00, 
0x01, 0x00, 0x00, 0x00, 
0x01, 0x00, 0x00, 0x00, 
0x01, 0x00, 0x00, 0x00, 
0x01, 0x00, 0x00, 0x00, 
0x01, 0x00, 0x00, 0x00, 
0x01, 0x00, 0x00, 0x00, 
0x01, 0x00, 0x00, 0x00, 
0x01, 0x00, 0x00, 0x00, 
0x01, 0x00, 0x00, 0x00, 
0x01, 0x00, 0x00, 0x00, 
0x01, 0x00, 0x00, 0x00, 
0x01, 0x00, 0x00, 0x00, 
0x00, 0x00, 0x00, 0x00, 
0x00, 0x00, 0x00, 0x00, 
0x00, 0x00, 0x00, 0x00, 
0x00, 0x00, 0x00, 0x00, 
0x00, 0x00, 0x00, 0x00, 
0x00, 0x00, 0x00, 0x00, 
0x00, 0x00, 0x00, 0x00, 
0x00, 0x00, 0x00, 0x00, 
0xA3, 0x00, 0x00, 0x00, 
0x01, 0x00, 0x00, 0x00, 
0x00, 0x00, 0x00, 0x00, 
0x00, 0x00, 0x01, 0xD2, 
0x00, 0x00, 0x16, 0x03, 
0x1F, 0x00, 0x00, 0x00, 
0x01, 0x00, 0x00, 0x00, 
0x01, 0x00, 0x00, 0x00, 
0x01, 0x00, 0x00, 0x00, 
0x01, 0x00, 0x00, 0x00, 
0x01, 0x00, 0x00, 0x00, 
0x01, 0x00, 0x00, 0x00, 
0x01, 0x00, 0x00, 0x00, 
0x01, 0x00, 0x00, 0x00, 
0x01, 0x00, 0x00, 0x00, 
0x01, 0x00, 0x00, 0x00, 
0x01, 0x00, 0x00, 0x00, 
0x01, 0x00, 0x00, 0x00, 
0x01, 0x00, 0x00, 0x00, 
0x01, 0x00, 0x00, 0x00, 
0x01, 0x00, 0x00, 0x00, 
0x01, 0x00, 0x00, 0x00, 
0x01, 0x00, 0x00, 0x00, 
0x01, 0x00, 0x00, 0x00, 
0x01, 0x00, 0x00, 0x00, 
0x01, 0x00, 0x00, 0x00, 
0x01, 0x00, 0x00, 0x00, 
0x01, 0x00, 0x00, 0x00, 
0x01, 0x00, 0x00, 0x00, 
0x01, 0x00, 0x00, 0x00, 
0x01, 0x00, 0x00, 0x00, 
0x01, 0x00, 0x00, 0x00, 
0x01, 0x00, 0x00, 0x00, 
0x01, 0x00, 0x00, 0x00, 
0x01, 0x00, 0x00, 0x00, 
0x01, 0x00, 0x00, 0x00, 
0x01, 0x00, 0x00, 0x00, 
0x01, 0x00, 0x00, 0x00, 
0x01, 0x00, 0x00, 0x00, 
0x00, 0x00, 0x00, 0x00, 
0x00, 0x00, 0x00, 0x00, 
0x00, 0x00, 0x00, 0x00, 
0x00, 0x00, 0x00, 0x00, 
0x00, 0x00, 0x00, 0x00, 
0x00, 0x00, 0x00, 0x00, 
0x00, 0x00, 0x00, 0x00, 
0x00, 0x00, 0x00, 0x00, 
0xA3, 0x00, 0x00, 0x00, 
0x01, 0x00, 0x00, 0x00, 
0x00, 0x00, 0x00, 0x00, 
0x00, 0x00, 0x00, 0x00, 
0x00, 0x00, 0x00, 0x00, 
0x01, 0x00, 0x00, 0x00, 
0x00, 0x00, 0x00, 0x00, 
0x00, 0x00, 0x00, 0x00, 
0x00, 0x00, 0x00, 0x00, 
0x00, 0x00, 0x00, 0x00, 
0x01, 0x00, 0x00, 0x00, 
0x00, 0x00, 0x00, 0x00, 
0x00, 0x00, 0x00, 0x00, 
0x00, 0x00, 0x00, 0x00, 
0x00, 0x00, 0x00, 0x00, 
0x01, 0x00, 0x00, 0x00, 
0x00, 0x00, 0x00, 0x00, 
0x00, 0x00, 0x00, 0x00, 
0x00, 0x00, 0x00, 0x00, 
0x00, 0x00, 0x00, 0x00, 
0x01, 0x00, 0x00, 0x00, 
0x00, 0x00, 0x00, 0x00, 
0x00, 0x00, 0x00, 0x00, 
0x00, 0x00, 0x00, 0x00, 
0x00, 0x00, 0x01, 0xD2, 
0x00, 0x00, 0x16, 0x03, 
0x1F, 0x00, 0x00, 0x00, 
0x01, 0x00, 0x00, 0x00, 
0x01, 0x00, 0x00, 0x00, 
0x01, 0x00, 0x00, 0x00, 
0x01, 0x00, 0x00, 0x00, 
0x01, 0x00, 0x00, 0x00, 
0x01, 0x00, 0x00, 0x00, 
0x01, 0x00, 0x00, 0x00, 
0x01, 0x00, 0x00, 0x00, 
0x01, 0x00, 0x00, 0x00, 
0x01, 0x00, 0x00, 0x00, 
0x01, 0x00, 0x00, 0x00, 
0x01, 0x00, 0x00, 0x00, 
0x01, 0x00, 0x00, 0x00, 
0x01, 0x00, 0x00, 0x00, 
0x01, 0x00, 0x00, 0x00, 
0x01, 0x00, 0x00, 0x00, 
0x01, 0x00, 0x00, 0x00, 
0x01, 0x00, 0x00, 0x00, 
0x01, 0x00, 0x00, 0x00, 
0x01, 0x00, 0x00, 0x00, 
0x01, 0x00, 0x00, 0x00, 
0x01, 0x00, 0x00, 0x00, 
0x01, 0x00, 0x00, 0x00, 
0x01, 0x00, 0x00, 0x00, 
0x01, 0x00, 0x00, 0x00, 
0x01, 0x00, 0x00, 0x00, 
0x01, 0x00, 0x00, 0x00, 
0x01, 0x00, 0x00, 0x00, 
0x01, 0x00, 0x00, 0x00, 
0x01, 0x00, 0x00, 0x00, 
0x01, 0x00, 0x00, 0x00, 
0x01, 0x00, 0x00, 0x00, 
0x01, 0x00, 0x00, 0x00, 
0x00, 0x00, 0x00, 0x00, 
0x00, 0x00, 0x00, 0x00, 
0x00, 0x00, 0x00, 0x00, 
0x00, 0x00, 0x00, 0x00, 
0x00, 0x00, 0x00, 0x00, 
0x00, 0x00, 0x00, 0x00, 
0x00, 0x00, 0x00, 0x00, 
0x00, 0x00, 0x00, 0x00, 
0xA3, 0x00, 0x00, 0x00, 
0x01, 0x00, 0x00, 0x00, 
0xFF, 0x1C, 0x86, 0xB7, 
0x01, 0xC6, 0xF2, 0x92, 
0xFF, 0x1C, 0x86, 0xB7, 
0xFF, 0x37, 0x19, 0x18, 
0x01, 0xC4, 0xFE, 0x3D, 
0xFF, 0x0D, 0x38, 0xCD, 
0x01, 0xE5, 0x8E, 0x66, 
0xFF, 0x0D, 0x38, 0xCD, 
0xFF, 0x18, 0x5B, 0x9B, 
0x01, 0xE3, 0x78, 0x67, 
0x01, 0x00, 0x00, 0x00, 
0x01, 0x00, 0x00, 0x00, 
0x01, 0x00, 0x00, 0x00, 
0x01, 0x00, 0x00, 0x00, 
0x01, 0x00, 0x00, 0x00, 
0x01, 0x00, 0x00, 0x00, 
0x01, 0x00, 0x00, 0x00, 
0x01, 0x00, 0x00, 0x00, 
0x01, 0x00, 0x00, 0x00, 
0x01, 0x00, 0x00, 0x00, 
0x01, 0x00, 0x00, 0x00, 
0x01, 0x00, 0x00, 0x00, 
0x01, 0x00, 0x00, 0x00, 
0x01, 0x00, 0x00, 0x00, 
0x01, 0x00, 0x00, 0x00, 
0x01, 0x00, 0x00, 0x00, 
0x01, 0x00, 0x00, 0x00, 
0x01, 0x00, 0x00, 0x00, 
0x01, 0x00, 0x00, 0x00, 
0x01, 0x00, 0x00, 0x00, 
0x01, 0x00, 0x00, 0x00, 
0x01, 0x00, 0x00, 0x00, 
0x01, 0x00, 0x00, 0x00, 
0x01, 0x00, 0x00, 0x00, 
0x01, 0x00, 0x00, 0x00, 
0x01, 0x00, 0x00, 0x00, 
0x01, 0x00, 0x00, 0x00, 
0x01, 0x00, 0x00, 0x00, 
0x01, 0x00, 0x00, 0x00, 
0x01, 0x00, 0x00, 0x00, 
0x01, 0x00, 0x00, 0x00, 
0x01, 0x00, 0x00, 0x00, 
0x01, 0x00, 0x00, 0x00, 
0x01, 0x00, 0x00, 0x00, 
0x01, 0x00, 0x00, 0x00, 
0x01, 0x00, 0x00, 0x00, 
0x01, 0x00, 0x00, 0x00, 
0x01, 0x00, 0x00, 0x00, 
0x01, 0x00, 0x00, 0x00, 
0x01, 0x00, 0x00, 0x00, 
0x01, 0x00, 0x00, 0x00, 
0x01, 0x00, 0x00, 0x00, 
0x01, 0x00, 0x00, 0x00, 
0x01, 0x00, 0x00, 0x00, 
0x01, 0x00, 0x00, 0x00, 
0x01, 0x00, 0x00, 0x00, 
0x01, 0x00, 0x00, 0x00, 
0x01, 0x00, 0x00, 0x00, 
0x01, 0x00, 0x00, 0x00, 
0x01, 0x00, 0x00, 0x00, 
0x01, 0x00, 0x00, 0x00, 
0x01, 0x00, 0x00, 0x00, 
0x01, 0x00, 0x00, 0x00, 
0x00, 0xB5, 0x04, 0xF3, 
0x00, 0x00, 0x00, 0x00, 
0x00, 0x00, 0x01, 0xD2, 
0x00, 0x00, 0x16, 0x03, 
0x1F, 0x00, 0x00, 0x00, 
0x01, 0x00, 0x00, 0x00, 
0x01, 0x00, 0x00, 0x00, 
0x01, 0x00, 0x00, 0x00, 
0x01, 0x00, 0x00, 0x00, 
0x01, 0x00, 0x00, 0x00, 
0x01, 0x00, 0x00, 0x00, 
0x01, 0x00, 0x00, 0x00, 
0x01, 0x00, 0x00, 0x00, 
0x01, 0x00, 0x00, 0x00, 
0x01, 0x00, 0x00, 0x00, 
0x01, 0x00, 0x00, 0x00, 
0x01, 0x00, 0x00, 0x00, 
0x01, 0x00, 0x00, 0x00, 
0x01, 0x00, 0x00, 0x00, 
0x01, 0x00, 0x00, 0x00, 
0x01, 0x00, 0x00, 0x00, 
0x01, 0x00, 0x00, 0x00, 
0x01, 0x00, 0x00, 0x00, 
0x01, 0x00, 0x00, 0x00, 
0x01, 0x00, 0x00, 0x00, 
0x01, 0x00, 0x00, 0x00, 
0x01, 0x00, 0x00, 0x00, 
0x01, 0x00, 0x00, 0x00, 
0x01, 0x00, 0x00, 0x00, 
0x01, 0x00, 0x00, 0x00, 
0x01, 0x00, 0x00, 0x00, 
0x01, 0x00, 0x00, 0x00, 
0x01, 0x00, 0x00, 0x00, 
0x01, 0x00, 0x00, 0x00, 
0x01, 0x00, 0x00, 0x00, 
0x01, 0x00, 0x00, 0x00, 
0x01, 0x00, 0x00, 0x00, 
0x01, 0x00, 0x00, 0x00, 
0x00, 0x00, 0x00, 0x00, 
0x00, 0x00, 0x00, 0x00, 
0x00, 0x00, 0x00, 0x00, 
0x00, 0x00, 0x00, 0x00, 
0x00, 0x00, 0x00, 0x00, 
0x00, 0x00, 0x00, 0x00, 
0x00, 0x00, 0x00, 0x00, 
0x00, 0x00, 0x00, 0x00, 
0xA3, 0x00, 0x00, 0x00, 
0x01, 0x00, 0x00, 0x00, 
0x00, 0x00, 0x00, 0x00, 
0x00, 0x00, 0x00, 0x00, 
0x01, 0x00, 0x00, 0x00, 
0x00, 0x00, 0x00, 0x00, 
0x00, 0x00, 0x00, 0x00, 
0x00, 0x00, 0x00, 0x00, 
0x00, 0x00, 0x00, 0x00, 
0x01, 0x00, 0x00, 0x00, 
0x00, 0x00, 0x00, 0x00, 
0x00, 0x00, 0x00, 0x00, 
0x00, 0x00, 0x00, 0x00, 
0x00, 0x00, 0x00, 0x00, 
0x01, 0x00, 0x00, 0x00, 
0x00, 0x00, 0x00, 0x00, 
0x00, 0x00, 0x00, 0x00, 
0x00, 0x00, 0x00, 0x00, 
0x00, 0x00, 0x00, 0x00, 
0x01, 0x00, 0x00, 0x00, 
0x00, 0x00, 0x00, 0x00, 
0x00, 0x00, 0x00, 0x00, 
0x01, 0x00, 0x00, 0x00, 
0x01, 0x00, 0x00, 0x00, 
0x01, 0x00, 0x00, 0x00, 
0x01, 0x00, 0x00, 0x00, 
0x01, 0x00, 0x00, 0x00, 
0x01, 0x00, 0x00, 0x00, 
0x01, 0x00, 0x00, 0x00, 
0x01, 0x00, 0x00, 0x00, 
0x01, 0x00, 0x00, 0x00, 
0x01, 0x00, 0x00, 0x00, 
0x01, 0x00, 0x00, 0x00, 
0x01, 0x00, 0x00, 0x00, 
0x01, 0x00, 0x00, 0x00, 
0x01, 0x00, 0x00, 0x00, 
0x01, 0x00, 0x00, 0x00, 
0x01, 0x00, 0x00, 0x00, 
0x01, 0x00, 0x00, 0x00, 
0x01, 0x00, 0x00, 0x00, 
0x01, 0x00, 0x00, 0x00, 
0x01, 0x00, 0x00, 0x00, 
0x01, 0x00, 0x00, 0x00, 
0x01, 0x00, 0x00, 0x00, 
0x01, 0x00, 0x00, 0x00, 
0x01, 0x00, 0x00, 0x00, 
0x01, 0x00, 0x00, 0x00, 
0x01, 0x00, 0x00, 0x00, 
0x01, 0x00, 0x00, 0x00, 
0x01, 0x00, 0x00, 0x00, 
0x01, 0x00, 0x00, 0x00, 
0x01, 0x00, 0x00, 0x00, 
0x01, 0x00, 0x00, 0x00, 
0x01, 0x00, 0x00, 0x00, 
0x01, 0x00, 0x00, 0x00, 
0x01, 0x00, 0x00, 0x00, 
0x01, 0x00, 0x00, 0x00, 
0x01, 0x00, 0x00, 0x00, 
0x01, 0x00, 0x00, 0x00, 
0x01, 0x00, 0x00, 0x00, 
0x01, 0x00, 0x00, 0x00, 
0x01, 0x00, 0x00, 0x00, 
0x01, 0x00, 0x00, 0x00, 
0x01, 0x00, 0x00, 0x00, 
0x01, 0x00, 0x00, 0x00, 
0x01, 0x00, 0x00, 0x00, 
0x01, 0x00, 0x00, 0x00, 
0x01, 0x00, 0x00, 0x00, 
0x01, 0x00, 0x00, 0x00, 
0x01, 0x00, 0x00, 0x00, 
0x01, 0x00, 0x00, 0x00, 
0x01, 0x00, 0x00, 0x00, 
0x01, 0x00, 0x00, 0x00, 
0x01, 0x00, 0x00, 0x00, 
0x01, 0x00, 0x00, 0x00, 
0x00, 0xB5, 0x04, 0xF3, 
0x00, 0x00, 0x00, 0x00, 
0x00, 0x00, 0x01, 0xD2, 
0x00, 0x00, 0x16, 0x03, 
0x1F, 0x00, 0x00, 0x00, 
0x01, 0x00, 0x00, 0x00, 
0x01, 0x00, 0x00, 0x00, 
0x01, 0x00, 0x00, 0x00, 
0x01, 0x00, 0x00, 0x00, 
0x01, 0x00, 0x00, 0x00, 
0x01, 0x00, 0x00, 0x00, 
0x01, 0x00, 0x00, 0x00, 
0x01, 0x00, 0x00, 0x00, 
0x01, 0x00, 0x00, 0x00, 
0x01, 0x00, 0x00, 0x00, 
0x01, 0x00, 0x00, 0x00, 
0x01, 0x00, 0x00, 0x00, 
0x01, 0x00, 0x00, 0x00, 
0x01, 0x00, 0x00, 0x00, 
0x01, 0x00, 0x00, 0x00, 
0x01, 0x00, 0x00, 0x00, 
0x01, 0x00, 0x00, 0x00, 
0x01, 0x00, 0x00, 0x00, 
0x01, 0x00, 0x00, 0x00, 
0x01, 0x00, 0x00, 0x00, 
0x01, 0x00, 0x00, 0x00, 
0x01, 0x00, 0x00, 0x00, 
0x01, 0x00, 0x00, 0x00, 
0x01, 0x00, 0x00, 0x00, 
0x01, 0x00, 0x00, 0x00, 
0x01, 0x00, 0x00, 0x00, 
0x01, 0x00, 0x00, 0x00, 
0x01, 0x00, 0x00, 0x00, 
0x01, 0x00, 0x00, 0x00, 
0x01, 0x00, 0x00, 0x00, 
0x01, 0x00, 0x00, 0x00, 
0x01, 0x00, 0x00, 0x00, 
0x01, 0x00, 0x00, 0x00, 
0x00, 0x00, 0x00, 0x00, 
0x00, 0x00, 0x00, 0x00, 
0x00, 0x00, 0x00, 0x00, 
0x00, 0x00, 0x00, 0x00, 
0x00, 0x00, 0x00, 0x00, 
0x00, 0x00, 0x00, 0x00, 
0x00, 0x00, 0x00, 0x00, 
0x00, 0x00, 0x00, 0x00, 
0xA3, 0x00, 0x00, 0x00, 
0x01, 0x00, 0x00, 0x00, 
0x00, 0x00, 0x00, 0x00, 
0x00, 0x00, 0x01, 0xD2, 
0x00, 0x00, 0x16, 0x03, 
0x1F, 0x00, 0x00, 0x00, 
0x01, 0x00, 0x00, 0x00, 
0x01, 0x00, 0x00, 0x00, 
0x01, 0x00, 0x00, 0x00, 
0x01, 0x00, 0x00, 0x00, 
0x01, 0x00, 0x00, 0x00, 
0x01, 0x00, 0x00, 0x00, 
0x01, 0x00, 0x00, 0x00, 
0x01, 0x00, 0x00, 0x00, 
0x01, 0x00, 0x00, 0x00, 
0x01, 0x00, 0x00, 0x00, 
0x01, 0x00, 0x00, 0x00, 
0x01, 0x00, 0x00, 0x00, 
0x01, 0x00, 0x00, 0x00, 
0x01, 0x00, 0x00, 0x00, 
0x01, 0x00, 0x00, 0x00, 
0x01, 0x00, 0x00, 0x00, 
0x01, 0x00, 0x00, 0x00, 
0x01, 0x00, 0x00, 0x00, 
0x01, 0x00, 0x00, 0x00, 
0x01, 0x00, 0x00, 0x00, 
0x01, 0x00, 0x00, 0x00, 
0x01, 0x00, 0x00, 0x00, 
0x01, 0x00, 0x00, 0x00, 
0x01, 0x00, 0x00, 0x00, 
0x01, 0x00, 0x00, 0x00, 
0x01, 0x00, 0x00, 0x00, 
0x01, 0x00, 0x00, 0x00, 
0x01, 0x00, 0x00, 0x00, 
0x01, 0x00, 0x00, 0x00, 
0x01, 0x00, 0x00, 0x00, 
0x01, 0x00, 0x00, 0x00, 
0x01, 0x00, 0x00, 0x00, 
0x01, 0x00, 0x00, 0x00, 
0x00, 0x00, 0x00, 0x00, 
0x00, 0x00, 0x00, 0x00, 
0x00, 0x00, 0x00, 0x00, 
0x00, 0x00, 0x00, 0x00, 
0x00, 0x00, 0x00, 0x00, 
0x00, 0x00, 0x00, 0x00, 
0x00, 0x00, 0x00, 0x00, 
0x00, 0x00, 0x00, 0x00, 
0xA3, 0x00, 0x00, 0x00, 
0x01, 0x00, 0x00, 0x00, 
0x00, 0x00, 0x00, 0x00, 
0x00, 0x00, 0x00, 0x00, 
0x00, 0x00, 0x00, 0x00, 
0x01, 0x00, 0x00, 0x00, 
0x00, 0x00, 0x00, 0x00, 
0x00, 0x00, 0x00, 0x00, 
0x00, 0x00, 0x00, 0x00, 
0x00, 0x00, 0x00, 0x00, 
0x01, 0x00, 0x00, 0x00, 
0x00, 0x00, 0x00, 0x00, 
0x00, 0x00, 0x00, 0x00, 
0x00, 0x00, 0x00, 0x00, 
0x00, 0x00, 0x00, 0x00, 
0x01, 0x00, 0x00, 0x00, 
0x00, 0x00, 0x00, 0x00, 
0x00, 0x00, 0x00, 0x00, 
0x00, 0x00, 0x00, 0x00, 
0x00, 0x00, 0x00, 0x00, 
0x01, 0x00, 0x00, 0x00, 
0x00, 0x00, 0x00, 0x00, 
0x00, 0x00, 0x00, 0x00, 
0x00, 0x00, 0x00, 0x00, 
0x00, 0x00, 0x01, 0xD2, 
0x00, 0x00, 0x16, 0x03, 
0x1F, 0x00, 0x00, 0x00, 
0x01, 0x00, 0x00, 0x00, 
0x01, 0x00, 0x00, 0x00, 
0x01, 0x00, 0x00, 0x00, 
0x01, 0x00, 0x00, 0x00, 
0x01, 0x00, 0x00, 0x00, 
0x01, 0x00, 0x00, 0x00, 
0x01, 0x00, 0x00, 0x00, 
0x01, 0x00, 0x00, 0x00, 
0x01, 0x00, 0x00, 0x00, 
0x01, 0x00, 0x00, 0x00, 
0x01, 0x00, 0x00, 0x00, 
0x01, 0x00, 0x00, 0x00, 
0x01, 0x00, 0x00, 0x00, 
0x01, 0x00, 0x00, 0x00, 
0x01, 0x00, 0x00, 0x00, 
0x01, 0x00, 0x00, 0x00, 
0x01, 0x00, 0x00, 0x00, 
0x01, 0x00, 0x00, 0x00, 
0x01, 0x00, 0x00, 0x00, 
0x01, 0x00, 0x00, 0x00, 
0x01, 0x00, 0x00, 0x00, 
0x01, 0x00, 0x00, 0x00, 
0x01, 0x00, 0x00, 0x00, 
0x01, 0x00, 0x00, 0x00, 
0x01, 0x00, 0x00, 0x00, 
0x01, 0x00, 0x00, 0x00, 
0x01, 0x00, 0x00, 0x00, 
0x01, 0x00, 0x00, 0x00, 
0x01, 0x00, 0x00, 0x00, 
0x01, 0x00, 0x00, 0x00, 
0x01, 0x00, 0x00, 0x00, 
0x01, 0x00, 0x00, 0x00, 
0x01, 0x00, 0x00, 0x00, 
0x00, 0x00, 0x00, 0x00, 
0x00, 0x00, 0x00, 0x00, 
0x00, 0x00, 0x00, 0x00, 
0x00, 0x00, 0x00, 0x00, 
0x00, 0x00, 0x00, 0x00, 
0x00, 0x00, 0x00, 0x00, 
0x00, 0x00, 0x00, 0x00, 
0x00, 0x00, 0x00, 0x00, 
0xA3, 0x00, 0x00, 0x00, 
0x01, 0x00, 0x00, 0x00, 
0xFF, 0x1C, 0x86, 0xB7, 
0x01, 0xC6, 0xF2, 0x92, 
0xFF, 0x1C, 0x86, 0xB7, 
0xFF, 0x37, 0x19, 0x18, 
0x01, 0xC4, 0xFE, 0x3D, 
0xFF, 0x0D, 0x38, 0xCD, 
0x01, 0xE5, 0x8E, 0x66, 
0xFF, 0x0D, 0x38, 0xCD, 
0xFF, 0x18, 0x5B, 0x9B, 
0x01, 0xE3, 0x78, 0x67, 
0x01, 0x00, 0x00, 0x00, 
0x01, 0x00, 0x00, 0x00, 
0x01, 0x00, 0x00, 0x00, 
0x01, 0x00, 0x00, 0x00, 
0x01, 0x00, 0x00, 0x00, 
0x01, 0x00, 0x00, 0x00, 
0x01, 0x00, 0x00, 0x00, 
0x01, 0x00, 0x00, 0x00, 
0x01, 0x00, 0x00, 0x00, 
0x01, 0x00, 0x00, 0x00, 
0x01, 0x00, 0x00, 0x00, 
0x01, 0x00, 0x00, 0x00, 
0x01, 0x00, 0x00, 0x00, 
0x01, 0x00, 0x00, 0x00, 
0x01, 0x00, 0x00, 0x00, 
0x01, 0x00, 0x00, 0x00, 
0x01, 0x00, 0x00, 0x00, 
0x01, 0x00, 0x00, 0x00, 
0x01, 0x00, 0x00, 0x00, 
0x01, 0x00, 0x00, 0x00, 
0x01, 0x00, 0x00, 0x00, 
0x01, 0x00, 0x00, 0x00, 
0x01, 0x00, 0x00, 0x00, 
0x01, 0x00, 0x00, 0x00, 
0x01, 0x00, 0x00, 0x00, 
0x01, 0x00, 0x00, 0x00, 
0x01, 0x00, 0x00, 0x00, 
0x01, 0x00, 0x00, 0x00, 
0x01, 0x00, 0x00, 0x00, 
0x01, 0x00, 0x00, 0x00, 
0x01, 0x00, 0x00, 0x00, 
0x01, 0x00, 0x00, 0x00, 
0x01, 0x00, 0x00, 0x00, 
0x01, 0x00, 0x00, 0x00, 
0x01, 0x00, 0x00, 0x00, 
0x01, 0x00, 0x00, 0x00, 
0x01, 0x00, 0x00, 0x00, 
0x01, 0x00, 0x00, 0x00, 
0x01, 0x00, 0x00, 0x00, 
0x01, 0x00, 0x00, 0x00, 
0x01, 0x00, 0x00, 0x00, 
0x01, 0x00, 0x00, 0x00, 
0x01, 0x00, 0x00, 0x00, 
0x01, 0x00, 0x00, 0x00, 
0x01, 0x00, 0x00, 0x00, 
0x01, 0x00, 0x00, 0x00, 
0x01, 0x00, 0x00, 0x00, 
0x01, 0x00, 0x00, 0x00, 
0x01, 0x00, 0x00, 0x00, 
0x01, 0x00, 0x00, 0x00, 
0x01, 0x00, 0x00, 0x00, 
0x01, 0x00, 0x00, 0x00, 
0x01, 0x00, 0x00, 0x00, 
0x00, 0xB5, 0x04, 0xF3, 
0x00, 0x00, 0x00, 0x00, 
0x00, 0x00, 0x01, 0xD2, 
0x00, 0x00, 0x16, 0x03, 
0x1F, 0x00, 0x00, 0x00, 
0x01, 0x00, 0x00, 0x00, 
0x01, 0x00, 0x00, 0x00, 
0x01, 0x00, 0x00, 0x00, 
0x01, 0x00, 0x00, 0x00, 
0x01, 0x00, 0x00, 0x00, 
0x01, 0x00, 0x00, 0x00, 
0x01, 0x00, 0x00, 0x00, 
0x01, 0x00, 0x00, 0x00, 
0x01, 0x00, 0x00, 0x00, 
0x01, 0x00, 0x00, 0x00, 
0x01, 0x00, 0x00, 0x00, 
0x01, 0x00, 0x00, 0x00, 
0x01, 0x00, 0x00, 0x00, 
0x01, 0x00, 0x00, 0x00, 
0x01, 0x00, 0x00, 0x00, 
0x01, 0x00, 0x00, 0x00, 
0x01, 0x00, 0x00, 0x00, 
0x01, 0x00, 0x00, 0x00, 
0x01, 0x00, 0x00, 0x00, 
0x01, 0x00, 0x00, 0x00, 
0x01, 0x00, 0x00, 0x00, 
0x01, 0x00, 0x00, 0x00, 
0x01, 0x00, 0x00, 0x00, 
0x01, 0x00, 0x00, 0x00, 
0x01, 0x00, 0x00, 0x00, 
0x01, 0x00, 0x00, 0x00, 
0x01, 0x00, 0x00, 0x00, 
0x01, 0x00, 0x00, 0x00, 
0x01, 0x00, 0x00, 0x00, 
0x01, 0x00, 0x00, 0x00, 
0x01, 0x00, 0x00, 0x00, 
0x01, 0x00, 0x00, 0x00, 
0x01, 0x00, 0x00, 0x00, 
0x00, 0x00, 0x00, 0x00, 
0x00, 0x00, 0x00, 0x00, 
0x00, 0x00, 0x00, 0x00, 
0x00, 0x00, 0x00, 0x00, 
0x00, 0x00, 0x00, 0x00, 
0x00, 0x00, 0x00, 0x00, 
0x00, 0x00, 0x00, 0x00, 
0x00, 0x00, 0x00, 0x00, 
0xA3, 0x00, 0x00, 0x00, 
0x01, 0x00, 0x00, 0x00, 
0x00, 0x00, 0x00, 0x00, 
0x00, 0x00, 0x00, 0x00, 
0x01, 0x00, 0x00, 0x00, 
0x00, 0x00, 0x00, 0x00, 
0x00, 0x00, 0x00, 0x00, 
0x00, 0x00, 0x00, 0x00, 
0x00, 0x00, 0x00, 0x00, 
0x01, 0x00, 0x00, 0x00, 
0x00, 0x00, 0x00, 0x00, 
0x00, 0x00, 0x00, 0x00, 
0x00, 0x00, 0x00, 0x00, 
0x00, 0x00, 0x00, 0x00, 
0x01, 0x00, 0x00, 0x00, 
0x00, 0x00, 0x00, 0x00, 
0x00, 0x00, 0x00, 0x00, 
0x00, 0x00, 0x00, 0x00, 
0x00, 0x00, 0x00, 0x00, 
0x01, 0x00, 0x00, 0x00, 
0x00, 0x00, 0x00, 0x00, 
0x00, 0x00, 0x00, 0x00, 
0x01, 0x00, 0x00, 0x00, 
0x01, 0x00, 0x00, 0x00, 
0x01, 0x00, 0x00, 0x00, 
0x01, 0x00, 0x00, 0x00, 
0x01, 0x00, 0x00, 0x00, 
0x01, 0x00, 0x00, 0x00, 
0x01, 0x00, 0x00, 0x00, 
0x01, 0x00, 0x00, 0x00, 
0x01, 0x00, 0x00, 0x00, 
0x01, 0x00, 0x00, 0x00, 
0x01, 0x00, 0x00, 0x00, 
0x01, 0x00, 0x00, 0x00, 
0x01, 0x00, 0x00, 0x00, 
0x01, 0x00, 0x00, 0x00, 
0x01, 0x00, 0x00, 0x00, 
0x01, 0x00, 0x00, 0x00, 
0x01, 0x00, 0x00, 0x00, 
0x01, 0x00, 0x00, 0x00, 
0x01, 0x00, 0x00, 0x00, 
0x01, 0x00, 0x00, 0x00, 
0x01, 0x00, 0x00, 0x00, 
0x01, 0x00, 0x00, 0x00, 
0x01, 0x00, 0x00, 0x00, 
0x01, 0x00, 0x00, 0x00, 
0x01, 0x00, 0x00, 0x00, 
0x01, 0x00, 0x00, 0x00, 
0x01, 0x00, 0x00, 0x00, 
0x01, 0x00, 0x00, 0x00, 
0x01, 0x00, 0x00, 0x00, 
0x01, 0x00, 0x00, 0x00, 
0x01, 0x00, 0x00, 0x00, 
0x01, 0x00, 0x00, 0x00, 
0x01, 0x00, 0x00, 0x00, 
0x01, 0x00, 0x00, 0x00, 
0x01, 0x00, 0x00, 0x00, 
0x01, 0x00, 0x00, 0x00, 
0x01, 0x00, 0x00, 0x00, 
0x01, 0x00, 0x00, 0x00, 
0x01, 0x00, 0x00, 0x00, 
0x01, 0x00, 0x00, 0x00, 
0x01, 0x00, 0x00, 0x00, 
0x01, 0x00, 0x00, 0x00, 
0x01, 0x00, 0x00, 0x00, 
0x01, 0x00, 0x00, 0x00, 
0x01, 0x00, 0x00, 0x00, 
0x01, 0x00, 0x00, 0x00, 
0x01, 0x00, 0x00, 0x00, 
0x01, 0x00, 0x00, 0x00, 
0x01, 0x00, 0x00, 0x00, 
0x01, 0x00, 0x00, 0x00, 
0x01, 0x00, 0x00, 0x00, 
0x01, 0x00, 0x00, 0x00, 
0x01, 0x00, 0x00, 0x00, 
0x00, 0xB5, 0x04, 0xF3, 
0x00, 0x00, 0x00, 0x00, 
0x00, 0x00, 0x01, 0xD2, 
0x00, 0x00, 0x16, 0x03, 
0x1F, 0x00, 0x00, 0x00, 
0x01, 0x00, 0x00, 0x00, 
0x01, 0x00, 0x00, 0x00, 
0x01, 0x00, 0x00, 0x00, 
0x01, 0x00, 0x00, 0x00, 
0x01, 0x00, 0x00, 0x00, 
0x01, 0x00, 0x00, 0x00, 
0x01, 0x00, 0x00, 0x00, 
0x01, 0x00, 0x00, 0x00, 
0x01, 0x00, 0x00, 0x00, 
0x01, 0x00, 0x00, 0x00, 
0x01, 0x00, 0x00, 0x00, 
0x01, 0x00, 0x00, 0x00, 
0x01, 0x00, 0x00, 0x00, 
0x01, 0x00, 0x00, 0x00, 
0x01, 0x00, 0x00, 0x00, 
0x01, 0x00, 0x00, 0x00, 
0x01, 0x00, 0x00, 0x00, 
0x01, 0x00, 0x00, 0x00, 
0x01, 0x00, 0x00, 0x00, 
0x01, 0x00, 0x00, 0x00, 
0x01, 0x00, 0x00, 0x00, 
0x01, 0x00, 0x00, 0x00, 
0x01, 0x00, 0x00, 0x00, 
0x01, 0x00, 0x00, 0x00, 
0x01, 0x00, 0x00, 0x00, 
0x01, 0x00, 0x00, 0x00, 
0x01, 0x00, 0x00, 0x00, 
0x01, 0x00, 0x00, 0x00, 
0x01, 0x00, 0x00, 0x00, 
0x01, 0x00, 0x00, 0x00, 
0x01, 0x00, 0x00, 0x00, 
0x01, 0x00, 0x00, 0x00, 
0x01, 0x00, 0x00, 0x00, 
0x00, 0x00, 0x00, 0x00, 
0x00, 0x00, 0x00, 0x00, 
0x00, 0x00, 0x00, 0x00, 
0x00, 0x00, 0x00, 0x00, 
0x00, 0x00, 0x00, 0x00, 
0x00, 0x00, 0x00, 0x00, 
0x00, 0x00, 0x00, 0x00, 
0x00, 0x00, 0x00, 0x00, 
0xA3, 0x00, 0x00, 0x00, 
0x01, 0x00, 0x00, 0x00, 
0x00, 0x00, 0x00, 0x00, 
0x00, 0x00, 0x01, 0xD2, 
0x00, 0x00, 0x16, 0x03, 
0x1F, 0x00, 0x00, 0x00, 
0x01, 0x00, 0x00, 0x00, 
0x01, 0x00, 0x00, 0x00, 
0x01, 0x00, 0x00, 0x00, 
0x01, 0x00, 0x00, 0x00, 
0x01, 0x00, 0x00, 0x00, 
0x01, 0x00, 0x00, 0x00, 
0x01, 0x00, 0x00, 0x00, 
0x01, 0x00, 0x00, 0x00, 
0x01, 0x00, 0x00, 0x00, 
0x01, 0x00, 0x00, 0x00, 
0x01, 0x00, 0x00, 0x00, 
0x01, 0x00, 0x00, 0x00, 
0x01, 0x00, 0x00, 0x00, 
0x01, 0x00, 0x00, 0x00, 
0x01, 0x00, 0x00, 0x00, 
0x01, 0x00, 0x00, 0x00, 
0x01, 0x00, 0x00, 0x00, 
0x01, 0x00, 0x00, 0x00, 
0x01, 0x00, 0x00, 0x00, 
0x01, 0x00, 0x00, 0x00, 
0x01, 0x00, 0x00, 0x00, 
0x01, 0x00, 0x00, 0x00, 
0x01, 0x00, 0x00, 0x00, 
0x01, 0x00, 0x00, 0x00, 
0x01, 0x00, 0x00, 0x00, 
0x01, 0x00, 0x00, 0x00, 
0x01, 0x00, 0x00, 0x00, 
0x01, 0x00, 0x00, 0x00, 
0x01, 0x00, 0x00, 0x00, 
0x01, 0x00, 0x00, 0x00, 
0x01, 0x00, 0x00, 0x00, 
0x01, 0x00, 0x00, 0x00, 
0x01, 0x00, 0x00, 0x00, 
0x00, 0x00, 0x00, 0x00, 
0x00, 0x00, 0x00, 0x00, 
0x00, 0x00, 0x00, 0x00, 
0x00, 0x00, 0x00, 0x00, 
0x00, 0x00, 0x00, 0x00, 
0x00, 0x00, 0x00, 0x00, 
0x00, 0x00, 0x00, 0x00, 
0x00, 0x00, 0x00, 0x00, 
0xA3, 0x00, 0x00, 0x00, 
0x01, 0x00, 0x00, 0x00, 
0x00, 0x00, 0x00, 0x00, 
0x01, 0x00, 0x00, 0x00, 
0x01, 0x00, 0x00, 0x00, 
0x01, 0x00, 0x00, 0x00, 
0x01, 0x00, 0x00, 0x00, 
0x01, 0x00, 0x00, 0x00, 
0x01, 0x00, 0x00, 0x00, 
0x01, 0x00, 0x00, 0x00, 
0x01, 0x00, 0x00, 0x00, 
0x01, 0x00, 0x00, 0x00, 
0x01, 0x00, 0x00, 0x00, 
0x01, 0x00, 0x00, 0x00, 
0x01, 0x00, 0x00, 0x00, 
0x01, 0x00, 0x00, 0x00, 
0x01, 0x00, 0x00, 0x00, 
0x01, 0x00, 0x00, 0x00, 
0x01, 0x00, 0x00, 0x00, 
0x00, 0x00, 0x00, 0x00, 
0x00, 0x00, 0x00, 0x00, 
0x00, 0x00, 0x00, 0x00, 
0x00, 0x00, 0x00, 0x00, 
0x00, 0x00, 0x00, 0x00, 
0x00, 0x00, 0x00, 0x00, 
0x00, 0x00, 0x00, 0x00, 
0x00, 0x00, 0x00, 0x00, 
0x00, 0x00, 0x00, 0x00, 
0x00, 0x00, 0x00, 0x00, 
0x00, 0x00, 0x00, 0x00, 
0x00, 0x00, 0x00, 0x00, 
0x00, 0x00, 0x00, 0x00, 
0x00, 0x00, 0x00, 0x00, 
0x00, 0x00, 0x00, 0x00, 
0x00, 0x00, 0x00, 0x00, 
0x00, 0x00, 0x00, 0x00, 
0x00, 0x00, 0x00, 0x00, 
0x00, 0x00, 0x00, 0x00, 
0x00, 0x00, 0x00, 0x00, 
0x00, 0x00, 0x00, 0x00, 
0x00, 0x00, 0x00, 0x00, 
0x00, 0x00, 0x00, 0x00, 
0x00, 0x00, 0x00, 0x00, 
0x00, 0x00, 0x00, 0x00, 
0x00, 0x00, 0x00, 0x00, 
0x00, 0x00, 0x00, 0x00, 
0x00, 0x00, 0x00, 0x00, 
0x00, 0x00, 0x00, 0x00, 
0x00, 0x00, 0x00, 0x00, 
0x00, 0x00, 0x00, 0x00, 
0x00, 0x00, 0x00, 0x00, 
0x00, 0x00, 0x00, 0x00, 
0x00, 0x00, 0x00, 0x00, 
0x01, 0x00, 0x00, 0x00, 
0x00, 0x00, 0x00, 0x00, 
0x00, 0x00, 0x00, 0x00, 
0x00, 0x00, 0x00, 0x00, 
0x00, 0x00, 0x00, 0x00, 
0x01, 0x00, 0x00, 0x00, 
0x00, 0x00, 0x00, 0x00, 
0x00, 0x00, 0x00, 0x00, 
0x00, 0x00, 0x00, 0x00, 
0x00, 0x00, 0x00, 0x00, 
0x01, 0x00, 0x00, 0x00, 
0x00, 0x00, 0x00, 0x00, 
0x00, 0x00, 0x00, 0x00, 
0x00, 0x00, 0x00, 0x00, 
0x00, 0x00, 0x00, 0x00, 
0x01, 0x00, 0x00, 0x00, 
0x00, 0x00, 0x00, 0x00, 
0x00, 0x00, 0x00, 0x00, 
0x00, 0x00, 0x00, 0x00, 
0x00, 0x00, 0x01, 0xD2, 
0x00, 0x00, 0x16, 0x03, 
0x1F, 0x00, 0x00, 0x00, 
0x01, 0x00, 0x00, 0x00, 
0x01, 0x00, 0x00, 0x00, 
0x01, 0x00, 0x00, 0x00, 
0x01, 0x00, 0x00, 0x00, 
0x01, 0x00, 0x00, 0x00, 
0x01, 0x00, 0x00, 0x00, 
0x01, 0x00, 0x00, 0x00, 
0x01, 0x00, 0x00, 0x00, 
0x01, 0x00, 0x00, 0x00, 
0x01, 0x00, 0x00, 0x00, 
0x01, 0x00, 0x00, 0x00, 
0x01, 0x00, 0x00, 0x00, 
0x01, 0x00, 0x00, 0x00, 
0x01, 0x00, 0x00, 0x00, 
0x01, 0x00, 0x00, 0x00, 
0x01, 0x00, 0x00, 0x00, 
0x01, 0x00, 0x00, 0x00, 
0x01, 0x00, 0x00, 0x00, 
0x01, 0x00, 0x00, 0x00, 
0x01, 0x00, 0x00, 0x00, 
0x01, 0x00, 0x00, 0x00, 
0x01, 0x00, 0x00, 0x00, 
0x01, 0x00, 0x00, 0x00, 
0x01, 0x00, 0x00, 0x00, 
0x01, 0x00, 0x00, 0x00, 
0x01, 0x00, 0x00, 0x00, 
0x01, 0x00, 0x00, 0x00, 
0x01, 0x00, 0x00, 0x00, 
0x01, 0x00, 0x00, 0x00, 
0x01, 0x00, 0x00, 0x00, 
0x01, 0x00, 0x00, 0x00, 
0x01, 0x00, 0x00, 0x00, 
0x01, 0x00, 0x00, 0x00, 
0x00, 0x00, 0x00, 0x00, 
0x00, 0x00, 0x00, 0x00, 
0x00, 0x00, 0x00, 0x00, 
0x00, 0x00, 0x00, 0x00, 
0x00, 0x00, 0x00, 0x00, 
0x00, 0x00, 0x00, 0x00, 
0x00, 0x00, 0x00, 0x00, 
0x00, 0x00, 0x00, 0x00, 
0xA3, 0x00, 0x00, 0x00, 
0x01, 0x00, 0x00, 0x00, 
0xFF, 0x1C, 0x86, 0xB7, 
0x01, 0xC6, 0xF2, 0x92, 
0xFF, 0x1C, 0x86, 0xB7, 
0xFF, 0x37, 0x19, 0x18, 
0x01, 0xC4, 0xFE, 0x3D, 
0xFF, 0x0D, 0x38, 0xCD, 
0x01, 0xE5, 0x8E, 0x66, 
0xFF, 0x0D, 0x38, 0xCD, 
0xFF, 0x18, 0x5B, 0x9B, 
0x01, 0xE3, 0x78, 0x67, 
0x01, 0x00, 0x00, 0x00, 
0x01, 0x00, 0x00, 0x00, 
0x01, 0x00, 0x00, 0x00, 
0x01, 0x00, 0x00, 0x00, 
0x01, 0x00, 0x00, 0x00, 
0x01, 0x00, 0x00, 0x00, 
0x01, 0x00, 0x00, 0x00, 
0x01, 0x00, 0x00, 0x00, 
0x01, 0x00, 0x00, 0x00, 
0x01, 0x00, 0x00, 0x00, 
0x01, 0x00, 0x00, 0x00, 
0x01, 0x00, 0x00, 0x00, 
0x01, 0x00, 0x00, 0x00, 
0x01, 0x00, 0x00, 0x00, 
0x01, 0x00, 0x00, 0x00, 
0x01, 0x00, 0x00, 0x00, 
0x01, 0x00, 0x00, 0x00, 
0x01, 0x00, 0x00, 0x00, 
0x01, 0x00, 0x00, 0x00, 
0x01, 0x00, 0x00, 0x00, 
0x01, 0x00, 0x00, 0x00, 
0x01, 0x00, 0x00, 0x00, 
0x01, 0x00, 0x00, 0x00, 
0x01, 0x00, 0x00, 0x00, 
0x01, 0x00, 0x00, 0x00, 
0x01, 0x00, 0x00, 0x00, 
0x01, 0x00, 0x00, 0x00, 
0x01, 0x00, 0x00, 0x00, 
0x01, 0x00, 0x00, 0x00, 
0x01, 0x00, 0x00, 0x00, 
0x01, 0x00, 0x00, 0x00, 
0x01, 0x00, 0x00, 0x00, 
0x01, 0x00, 0x00, 0x00, 
0x01, 0x00, 0x00, 0x00, 
0x01, 0x00, 0x00, 0x00, 
0x01, 0x00, 0x00, 0x00, 
0x01, 0x00, 0x00, 0x00, 
0x01, 0x00, 0x00, 0x00, 
0x01, 0x00, 0x00, 0x00, 
0x01, 0x00, 0x00, 0x00, 
0x01, 0x00, 0x00, 0x00, 
0x01, 0x00, 0x00, 0x00, 
0x01, 0x00, 0x00, 0x00, 
0x01, 0x00, 0x00, 0x00, 
0x01, 0x00, 0x00, 0x00, 
0x01, 0x00, 0x00, 0x00, 
0x01, 0x00, 0x00, 0x00, 
0x01, 0x00, 0x00, 0x00, 
0x01, 0x00, 0x00, 0x00, 
0x01, 0x00, 0x00, 0x00, 
0x01, 0x00, 0x00, 0x00, 
0x01, 0x00, 0x00, 0x00, 
0x01, 0x00, 0x00, 0x00, 
0x00, 0xB5, 0x04, 0xF3, 
0x00, 0x00, 0x00, 0x00, 
0x00, 0x00, 0x01, 0xD2, 
0x00, 0x00, 0x16, 0x03, 
0x1F, 0x00, 0x00, 0x00, 
0x01, 0x00, 0x00, 0x00, 
0x01, 0x00, 0x00, 0x00, 
0x01, 0x00, 0x00, 0x00, 
0x01, 0x00, 0x00, 0x00, 
0x01, 0x00, 0x00, 0x00, 
0x01, 0x00, 0x00, 0x00, 
0x01, 0x00, 0x00, 0x00, 
0x01, 0x00, 0x00, 0x00, 
0x01, 0x00, 0x00, 0x00, 
0x01, 0x00, 0x00, 0x00, 
0x01, 0x00, 0x00, 0x00, 
0x01, 0x00, 0x00, 0x00, 
0x01, 0x00, 0x00, 0x00, 
0x01, 0x00, 0x00, 0x00, 
0x01, 0x00, 0x00, 0x00, 
0x01, 0x00, 0x00, 0x00, 
0x01, 0x00, 0x00, 0x00, 
0x01, 0x00, 0x00, 0x00, 
0x01, 0x00, 0x00, 0x00, 
0x01, 0x00, 0x00, 0x00, 
0x01, 0x00, 0x00, 0x00, 
0x01, 0x00, 0x00, 0x00, 
0x01, 0x00, 0x00, 0x00, 
0x01, 0x00, 0x00, 0x00, 
0x01, 0x00, 0x00, 0x00, 
0x01, 0x00, 0x00, 0x00, 
0x01, 0x00, 0x00, 0x00, 
0x01, 0x00, 0x00, 0x00, 
0x01, 0x00, 0x00, 0x00, 
0x01, 0x00, 0x00, 0x00, 
0x01, 0x00, 0x00, 0x00, 
0x01, 0x00, 0x00, 0x00, 
0x01, 0x00, 0x00, 0x00, 
0x00, 0x00, 0x00, 0x00, 
0x00, 0x00, 0x00, 0x00, 
0x00, 0x00, 0x00, 0x00, 
0x00, 0x00, 0x00, 0x00, 
0x00, 0x00, 0x00, 0x00, 
0x00, 0x00, 0x00, 0x00, 
0x00, 0x00, 0x00, 0x00, 
0x00, 0x00, 0x00, 0x00, 
0xA3, 0x00, 0x00, 0x00, 
0x01, 0x00, 0x00, 0x00, 
0x00, 0x00, 0x00, 0x00, 
0x00, 0x00, 0x00, 0x00, 
0x01, 0x00, 0x00, 0x00, 
0x00, 0x00, 0x00, 0x00, 
0x00, 0x00, 0x00, 0x00, 
0x00, 0x00, 0x00, 0x00, 
0x00, 0x00, 0x00, 0x00, 
0x01, 0x00, 0x00, 0x00, 
0x00, 0x00, 0x00, 0x00, 
0x00, 0x00, 0x00, 0x00, 
0x00, 0x00, 0x00, 0x00, 
0x00, 0x00, 0x00, 0x00, 
0x01, 0x00, 0x00, 0x00, 
0x00, 0x00, 0x00, 0x00, 
0x00, 0x00, 0x00, 0x00, 
0x00, 0x00, 0x00, 0x00, 
0x00, 0x00, 0x00, 0x00, 
0x01, 0x00, 0x00, 0x00, 
0x00, 0x00, 0x00, 0x00, 
0x00, 0x00, 0x00, 0x00, 
0x01, 0x00, 0x00, 0x00, 
0x01, 0x00, 0x00, 0x00, 
0x01, 0x00, 0x00, 0x00, 
0x01, 0x00, 0x00, 0x00, 
0x01, 0x00, 0x00, 0x00, 
0x01, 0x00, 0x00, 0x00, 
0x01, 0x00, 0x00, 0x00, 
0x01, 0x00, 0x00, 0x00, 
0x01, 0x00, 0x00, 0x00, 
0x01, 0x00, 0x00, 0x00, 
0x01, 0x00, 0x00, 0x00, 
0x01, 0x00, 0x00, 0x00, 
0x01, 0x00, 0x00, 0x00, 
0x01, 0x00, 0x00, 0x00, 
0x01, 0x00, 0x00, 0x00, 
0x01, 0x00, 0x00, 0x00, 
0x01, 0x00, 0x00, 0x00, 
0x01, 0x00, 0x00, 0x00, 
0x01, 0x00, 0x00, 0x00, 
0x01, 0x00, 0x00, 0x00, 
0x01, 0x00, 0x00, 0x00, 
0x01, 0x00, 0x00, 0x00, 
0x01, 0x00, 0x00, 0x00, 
0x01, 0x00, 0x00, 0x00, 
0x01, 0x00, 0x00, 0x00, 
0x01, 0x00, 0x00, 0x00, 
0x01, 0x00, 0x00, 0x00, 
0x01, 0x00, 0x00, 0x00, 
0x01, 0x00, 0x00, 0x00, 
0x01, 0x00, 0x00, 0x00, 
0x01, 0x00, 0x00, 0x00, 
0x01, 0x00, 0x00, 0x00, 
0x01, 0x00, 0x00, 0x00, 
0x01, 0x00, 0x00, 0x00, 
0x01, 0x00, 0x00, 0x00, 
0x01, 0x00, 0x00, 0x00, 
0x01, 0x00, 0x00, 0x00, 
0x01, 0x00, 0x00, 0x00, 
0x01, 0x00, 0x00, 0x00, 
0x01, 0x00, 0x00, 0x00, 
0x01, 0x00, 0x00, 0x00, 
0x01, 0x00, 0x00, 0x00, 
0x01, 0x00, 0x00, 0x00, 
0x01, 0x00, 0x00, 0x00, 
0x01, 0x00, 0x00, 0x00, 
0x01, 0x00, 0x00, 0x00, 
0x01, 0x00, 0x00, 0x00, 
0x01, 0x00, 0x00, 0x00, 
0x01, 0x00, 0x00, 0x00, 
0x01, 0x00, 0x00, 0x00, 
0x01, 0x00, 0x00, 0x00, 
0x01, 0x00, 0x00, 0x00, 
0x01, 0x00, 0x00, 0x00, 
0x00, 0xB5, 0x04, 0xF3, 
0x00, 0x00, 0x00, 0x00, 
0x00, 0x00, 0x01, 0xD2, 
0x00, 0x00, 0x16, 0x03, 
0x1F, 0x00, 0x00, 0x00, 
0x01, 0x00, 0x00, 0x00, 
0x01, 0x00, 0x00, 0x00, 
0x01, 0x00, 0x00, 0x00, 
0x01, 0x00, 0x00, 0x00, 
0x01, 0x00, 0x00, 0x00, 
0x01, 0x00, 0x00, 0x00, 
0x01, 0x00, 0x00, 0x00, 
0x01, 0x00, 0x00, 0x00, 
0x01, 0x00, 0x00, 0x00, 
0x01, 0x00, 0x00, 0x00, 
0x01, 0x00, 0x00, 0x00, 
0x01, 0x00, 0x00, 0x00, 
0x01, 0x00, 0x00, 0x00, 
0x01, 0x00, 0x00, 0x00, 
0x01, 0x00, 0x00, 0x00, 
0x01, 0x00, 0x00, 0x00, 
0x01, 0x00, 0x00, 0x00, 
0x01, 0x00, 0x00, 0x00, 
0x01, 0x00, 0x00, 0x00, 
0x01, 0x00, 0x00, 0x00, 
0x01, 0x00, 0x00, 0x00, 
0x01, 0x00, 0x00, 0x00, 
0x01, 0x00, 0x00, 0x00, 
0x01, 0x00, 0x00, 0x00, 
0x01, 0x00, 0x00, 0x00, 
0x01, 0x00, 0x00, 0x00, 
0x01, 0x00, 0x00, 0x00, 
0x01, 0x00, 0x00, 0x00, 
0x01, 0x00, 0x00, 0x00, 
0x01, 0x00, 0x00, 0x00, 
0x01, 0x00, 0x00, 0x00, 
0x01, 0x00, 0x00, 0x00, 
0x01, 0x00, 0x00, 0x00, 
0x00, 0x00, 0x00, 0x00, 
0x00, 0x00, 0x00, 0x00, 
0x00, 0x00, 0x00, 0x00, 
0x00, 0x00, 0x00, 0x00, 
0x00, 0x00, 0x00, 0x00, 
0x00, 0x00, 0x00, 0x00, 
0x00, 0x00, 0x00, 0x00, 
0x00, 0x00, 0x00, 0x00, 
0xA3, 0x00, 0x00, 0x00, 
0x01, 0x00, 0x00, 0x00, 
0x00, 0x00, 0x00, 0x00, 
0x00, 0x00, 0x01, 0xD2, 
0x00, 0x00, 0x16, 0x03, 
0x1F, 0x00, 0x00, 0x00, 
0x01, 0x00, 0x00, 0x00, 
0x01, 0x00, 0x00, 0x00, 
0x01, 0x00, 0x00, 0x00, 
0x01, 0x00, 0x00, 0x00, 
0x01, 0x00, 0x00, 0x00, 
0x01, 0x00, 0x00, 0x00, 
0x01, 0x00, 0x00, 0x00, 
0x01, 0x00, 0x00, 0x00, 
0x01, 0x00, 0x00, 0x00, 
0x01, 0x00, 0x00, 0x00, 
0x01, 0x00, 0x00, 0x00, 
0x01, 0x00, 0x00, 0x00, 
0x01, 0x00, 0x00, 0x00, 
0x01, 0x00, 0x00, 0x00, 
0x01, 0x00, 0x00, 0x00, 
0x01, 0x00, 0x00, 0x00, 
0x01, 0x00, 0x00, 0x00, 
0x01, 0x00, 0x00, 0x00, 
0x01, 0x00, 0x00, 0x00, 
0x01, 0x00, 0x00, 0x00, 
0x01, 0x00, 0x00, 0x00, 
0x01, 0x00, 0x00, 0x00, 
0x01, 0x00, 0x00, 0x00, 
0x01, 0x00, 0x00, 0x00, 
0x01, 0x00, 0x00, 0x00, 
0x01, 0x00, 0x00, 0x00, 
0x01, 0x00, 0x00, 0x00, 
0x01, 0x00, 0x00, 0x00, 
0x01, 0x00, 0x00, 0x00, 
0x01, 0x00, 0x00, 0x00, 
0x01, 0x00, 0x00, 0x00, 
0x01, 0x00, 0x00, 0x00, 
0x01, 0x00, 0x00, 0x00, 
0x00, 0x00, 0x00, 0x00, 
0x00, 0x00, 0x00, 0x00, 
0x00, 0x00, 0x00, 0x00, 
0x00, 0x00, 0x00, 0x00, 
0x00, 0x00, 0x00, 0x00, 
0x00, 0x00, 0x00, 0x00, 
0x00, 0x00, 0x00, 0x00, 
0x00, 0x00, 0x00, 0x00, 
0xA3, 0x00, 0x00, 0x00, 
0x01, 0x00, 0x00, 0x00, 
0x00, 0x00, 0x00, 0x00, 
0x00, 0x00, 0x00, 0x00, 
0x00, 0x00, 0x00, 0x00, 
0x01, 0x00, 0x00, 0x00, 
0x00, 0x00, 0x00, 0x00, 
0x00, 0x00, 0x00, 0x00, 
0x00, 0x00, 0x00, 0x00, 
0x00, 0x00, 0x00, 0x00, 
0x01, 0x00, 0x00, 0x00, 
0x00, 0x00, 0x00, 0x00, 
0x00, 0x00, 0x00, 0x00, 
0x00, 0x00, 0x00, 0x00, 
0x00, 0x00, 0x00, 0x00, 
0x01, 0x00, 0x00, 0x00, 
0x00, 0x00, 0x00, 0x00, 
0x00, 0x00, 0x00, 0x00, 
0x00, 0x00, 0x00, 0x00, 
0x00, 0x00, 0x00, 0x00, 
0x01, 0x00, 0x00, 0x00, 
0x00, 0x00, 0x00, 0x00, 
0x00, 0x00, 0x00, 0x00, 
0x00, 0x00, 0x00, 0x00, 
0x00, 0x00, 0x01, 0xD2, 
0x00, 0x00, 0x16, 0x03, 
0x1F, 0x00, 0x00, 0x00, 
0x01, 0x00, 0x00, 0x00, 
0x01, 0x00, 0x00, 0x00, 
0x01, 0x00, 0x00, 0x00, 
0x01, 0x00, 0x00, 0x00, 
0x01, 0x00, 0x00, 0x00, 
0x01, 0x00, 0x00, 0x00, 
0x01, 0x00, 0x00, 0x00, 
0x01, 0x00, 0x00, 0x00, 
0x01, 0x00, 0x00, 0x00, 
0x01, 0x00, 0x00, 0x00, 
0x01, 0x00, 0x00, 0x00, 
0x01, 0x00, 0x00, 0x00, 
0x01, 0x00, 0x00, 0x00, 
0x01, 0x00, 0x00, 0x00, 
0x01, 0x00, 0x00, 0x00, 
0x01, 0x00, 0x00, 0x00, 
0x01, 0x00, 0x00, 0x00, 
0x01, 0x00, 0x00, 0x00, 
0x01, 0x00, 0x00, 0x00, 
0x01, 0x00, 0x00, 0x00, 
0x01, 0x00, 0x00, 0x00, 
0x01, 0x00, 0x00, 0x00, 
0x01, 0x00, 0x00, 0x00, 
0x01, 0x00, 0x00, 0x00, 
0x01, 0x00, 0x00, 0x00, 
0x01, 0x00, 0x00, 0x00, 
0x01, 0x00, 0x00, 0x00, 
0x01, 0x00, 0x00, 0x00, 
0x01, 0x00, 0x00, 0x00, 
0x01, 0x00, 0x00, 0x00, 
0x01, 0x00, 0x00, 0x00, 
0x01, 0x00, 0x00, 0x00, 
0x01, 0x00, 0x00, 0x00, 
0x00, 0x00, 0x00, 0x00, 
0x00, 0x00, 0x00, 0x00, 
0x00, 0x00, 0x00, 0x00, 
0x00, 0x00, 0x00, 0x00, 
0x00, 0x00, 0x00, 0x00, 
0x00, 0x00, 0x00, 0x00, 
0x00, 0x00, 0x00, 0x00, 
0x00, 0x00, 0x00, 0x00, 
0xA3, 0x00, 0x00, 0x00, 
0x01, 0x00, 0x00, 0x00, 
0xFF, 0x1C, 0x86, 0xB7, 
0x01, 0xC6, 0xF2, 0x92, 
0xFF, 0x1C, 0x86, 0xB7, 
0xFF, 0x37, 0x19, 0x18, 
0x01, 0xC4, 0xFE, 0x3D, 
0xFF, 0x0D, 0x38, 0xCD, 
0x01, 0xE5, 0x8E, 0x66, 
0xFF, 0x0D, 0x38, 0xCD, 
0xFF, 0x18, 0x5B, 0x9B, 
0x01, 0xE3, 0x78, 0x67, 
0x01, 0x00, 0x00, 0x00, 
0x01, 0x00, 0x00, 0x00, 
0x01, 0x00, 0x00, 0x00, 
0x01, 0x00, 0x00, 0x00, 
0x01, 0x00, 0x00, 0x00, 
0x01, 0x00, 0x00, 0x00, 
0x01, 0x00, 0x00, 0x00, 
0x01, 0x00, 0x00, 0x00, 
0x01, 0x00, 0x00, 0x00, 
0x01, 0x00, 0x00, 0x00, 
0x01, 0x00, 0x00, 0x00, 
0x01, 0x00, 0x00, 0x00, 
0x01, 0x00, 0x00, 0x00, 
0x01, 0x00, 0x00, 0x00, 
0x01, 0x00, 0x00, 0x00, 
0x01, 0x00, 0x00, 0x00, 
0x01, 0x00, 0x00, 0x00, 
0x01, 0x00, 0x00, 0x00, 
0x01, 0x00, 0x00, 0x00, 
0x01, 0x00, 0x00, 0x00, 
0x01, 0x00, 0x00, 0x00, 
0x01, 0x00, 0x00, 0x00, 
0x01, 0x00, 0x00, 0x00, 
0x01, 0x00, 0x00, 0x00, 
0x01, 0x00, 0x00, 0x00, 
0x01, 0x00, 0x00, 0x00, 
0x01, 0x00, 0x00, 0x00, 
0x01, 0x00, 0x00, 0x00, 
0x01, 0x00, 0x00, 0x00, 
0x01, 0x00, 0x00, 0x00, 
0x01, 0x00, 0x00, 0x00, 
0x01, 0x00, 0x00, 0x00, 
0x01, 0x00, 0x00, 0x00, 
0x01, 0x00, 0x00, 0x00, 
0x01, 0x00, 0x00, 0x00, 
0x01, 0x00, 0x00, 0x00, 
0x01, 0x00, 0x00, 0x00, 
0x01, 0x00, 0x00, 0x00, 
0x01, 0x00, 0x00, 0x00, 
0x01, 0x00, 0x00, 0x00, 
0x01, 0x00, 0x00, 0x00, 
0x01, 0x00, 0x00, 0x00, 
0x01, 0x00, 0x00, 0x00, 
0x01, 0x00, 0x00, 0x00, 
0x01, 0x00, 0x00, 0x00, 
0x01, 0x00, 0x00, 0x00, 
0x01, 0x00, 0x00, 0x00, 
0x01, 0x00, 0x00, 0x00, 
0x01, 0x00, 0x00, 0x00, 
0x01, 0x00, 0x00, 0x00, 
0x01, 0x00, 0x00, 0x00, 
0x01, 0x00, 0x00, 0x00, 
0x01, 0x00, 0x00, 0x00, 
0x00, 0xB5, 0x04, 0xF3, 
0x00, 0x00, 0x00, 0x00, 
0x00, 0x00, 0x01, 0xD2, 
0x00, 0x00, 0x16, 0x03, 
0x1F, 0x00, 0x00, 0x00, 
0x01, 0x00, 0x00, 0x00, 
0x01, 0x00, 0x00, 0x00, 
0x01, 0x00, 0x00, 0x00, 
0x01, 0x00, 0x00, 0x00, 
0x01, 0x00, 0x00, 0x00, 
0x01, 0x00, 0x00, 0x00, 
0x01, 0x00, 0x00, 0x00, 
0x01, 0x00, 0x00, 0x00, 
0x01, 0x00, 0x00, 0x00, 
0x01, 0x00, 0x00, 0x00, 
0x01, 0x00, 0x00, 0x00, 
0x01, 0x00, 0x00, 0x00, 
0x01, 0x00, 0x00, 0x00, 
0x01, 0x00, 0x00, 0x00, 
0x01, 0x00, 0x00, 0x00, 
0x01, 0x00, 0x00, 0x00, 
0x01, 0x00, 0x00, 0x00, 
0x01, 0x00, 0x00, 0x00, 
0x01, 0x00, 0x00, 0x00, 
0x01, 0x00, 0x00, 0x00, 
0x01, 0x00, 0x00, 0x00, 
0x01, 0x00, 0x00, 0x00, 
0x01, 0x00, 0x00, 0x00, 
0x01, 0x00, 0x00, 0x00, 
0x01, 0x00, 0x00, 0x00, 
0x01, 0x00, 0x00, 0x00, 
0x01, 0x00, 0x00, 0x00, 
0x01, 0x00, 0x00, 0x00, 
0x01, 0x00, 0x00, 0x00, 
0x01, 0x00, 0x00, 0x00, 
0x01, 0x00, 0x00, 0x00, 
0x01, 0x00, 0x00, 0x00, 
0x01, 0x00, 0x00, 0x00, 
0x00, 0x00, 0x00, 0x00, 
0x00, 0x00, 0x00, 0x00, 
0x00, 0x00, 0x00, 0x00, 
0x00, 0x00, 0x00, 0x00, 
0x00, 0x00, 0x00, 0x00, 
0x00, 0x00, 0x00, 0x00, 
0x00, 0x00, 0x00, 0x00, 
0x00, 0x00, 0x00, 0x00, 
0xA3, 0x00, 0x00, 0x00, 
0x01, 0x00, 0x00, 0x00, 
0x00, 0x00, 0x00, 0x00, 
0x00, 0x00, 0x00, 0x00, 
0x01, 0x00, 0x00, 0x00, 
0x00, 0x00, 0x00, 0x00, 
0x00, 0x00, 0x00, 0x00, 
0x00, 0x00, 0x00, 0x00, 
0x00, 0x00, 0x00, 0x00, 
0x01, 0x00, 0x00, 0x00, 
0x00, 0x00, 0x00, 0x00, 
0x00, 0x00, 0x00, 0x00, 
0x00, 0x00, 0x00, 0x00, 
0x00, 0x00, 0x00, 0x00, 
0x01, 0x00, 0x00, 0x00, 
0x00, 0x00, 0x00, 0x00, 
0x00, 0x00, 0x00, 0x00, 
0x00, 0x00, 0x00, 0x00, 
0x00, 0x00, 0x00, 0x00, 
0x01, 0x00, 0x00, 0x00, 
0x00, 0x00, 0x00, 0x00, 
0x00, 0x00, 0x00, 0x00, 
0x01, 0x00, 0x00, 0x00, 
0x01, 0x00, 0x00, 0x00, 
0x01, 0x00, 0x00, 0x00, 
0x01, 0x00, 0x00, 0x00, 
0x01, 0x00, 0x00, 0x00, 
0x01, 0x00, 0x00, 0x00, 
0x01, 0x00, 0x00, 0x00, 
0x01, 0x00, 0x00, 0x00, 
0x01, 0x00, 0x00, 0x00, 
0x01, 0x00, 0x00, 0x00, 
0x01, 0x00, 0x00, 0x00, 
0x01, 0x00, 0x00, 0x00, 
0x01, 0x00, 0x00, 0x00, 
0x01, 0x00, 0x00, 0x00, 
0x01, 0x00, 0x00, 0x00, 
0x01, 0x00, 0x00, 0x00, 
0x01, 0x00, 0x00, 0x00, 
0x01, 0x00, 0x00, 0x00, 
0x01, 0x00, 0x00, 0x00, 
0x01, 0x00, 0x00, 0x00, 
0x01, 0x00, 0x00, 0x00, 
0x01, 0x00, 0x00, 0x00, 
0x01, 0x00, 0x00, 0x00, 
0x01, 0x00, 0x00, 0x00, 
0x01, 0x00, 0x00, 0x00, 
0x01, 0x00, 0x00, 0x00, 
0x01, 0x00, 0x00, 0x00, 
0x01, 0x00, 0x00, 0x00, 
0x01, 0x00, 0x00, 0x00, 
0x01, 0x00, 0x00, 0x00, 
0x01, 0x00, 0x00, 0x00, 
0x01, 0x00, 0x00, 0x00, 
0x01, 0x00, 0x00, 0x00, 
0x01, 0x00, 0x00, 0x00, 
0x01, 0x00, 0x00, 0x00, 
0x01, 0x00, 0x00, 0x00, 
0x01, 0x00, 0x00, 0x00, 
0x01, 0x00, 0x00, 0x00, 
0x01, 0x00, 0x00, 0x00, 
0x01, 0x00, 0x00, 0x00, 
0x01, 0x00, 0x00, 0x00, 
0x01, 0x00, 0x00, 0x00, 
0x01, 0x00, 0x00, 0x00, 
0x01, 0x00, 0x00, 0x00, 
0x01, 0x00, 0x00, 0x00, 
0x01, 0x00, 0x00, 0x00, 
0x01, 0x00, 0x00, 0x00, 
0x01, 0x00, 0x00, 0x00, 
0x01, 0x00, 0x00, 0x00, 
0x01, 0x00, 0x00, 0x00, 
0x01, 0x00, 0x00, 0x00, 
0x01, 0x00, 0x00, 0x00, 
0x01, 0x00, 0x00, 0x00, 
0x00, 0xB5, 0x04, 0xF3, 
0x00, 0x00, 0x00, 0x00, 
0x00, 0x00, 0x01, 0xD2, 
0x00, 0x00, 0x16, 0x03, 
0x1F, 0x00, 0x00, 0x00, 
0x01, 0x00, 0x00, 0x00, 
0x01, 0x00, 0x00, 0x00, 
0x01, 0x00, 0x00, 0x00, 
0x01, 0x00, 0x00, 0x00, 
0x01, 0x00, 0x00, 0x00, 
0x01, 0x00, 0x00, 0x00, 
0x01, 0x00, 0x00, 0x00, 
0x01, 0x00, 0x00, 0x00, 
0x01, 0x00, 0x00, 0x00, 
0x01, 0x00, 0x00, 0x00, 
0x01, 0x00, 0x00, 0x00, 
0x01, 0x00, 0x00, 0x00, 
0x01, 0x00, 0x00, 0x00, 
0x01, 0x00, 0x00, 0x00, 
0x01, 0x00, 0x00, 0x00, 
0x01, 0x00, 0x00, 0x00, 
0x01, 0x00, 0x00, 0x00, 
0x01, 0x00, 0x00, 0x00, 
0x01, 0x00, 0x00, 0x00, 
0x01, 0x00, 0x00, 0x00, 
0x01, 0x00, 0x00, 0x00, 
0x01, 0x00, 0x00, 0x00, 
0x01, 0x00, 0x00, 0x00, 
0x01, 0x00, 0x00, 0x00, 
0x01, 0x00, 0x00, 0x00, 
0x01, 0x00, 0x00, 0x00, 
0x01, 0x00, 0x00, 0x00, 
0x01, 0x00, 0x00, 0x00, 
0x01, 0x00, 0x00, 0x00, 
0x01, 0x00, 0x00, 0x00, 
0x01, 0x00, 0x00, 0x00, 
0x01, 0x00, 0x00, 0x00, 
0x01, 0x00, 0x00, 0x00, 
0x00, 0x00, 0x00, 0x00, 
0x00, 0x00, 0x00, 0x00, 
0x00, 0x00, 0x00, 0x00, 
0x00, 0x00, 0x00, 0x00, 
0x00, 0x00, 0x00, 0x00, 
0x00, 0x00, 0x00, 0x00, 
0x00, 0x00, 0x00, 0x00, 
0x00, 0x00, 0x00, 0x00, 
0xA3, 0x00, 0x00, 0x00, 
0x01, 0x00, 0x00, 0x00, 
0x00, 0x00, 0x00, 0x00, 
0x00, 0x00, 0x01, 0xD2, 
0x00, 0x00, 0x16, 0x03, 
0x1F, 0x00, 0x00, 0x00, 
0x01, 0x00, 0x00, 0x00, 
0x01, 0x00, 0x00, 0x00, 
0x01, 0x00, 0x00, 0x00, 
0x01, 0x00, 0x00, 0x00, 
0x01, 0x00, 0x00, 0x00, 
0x01, 0x00, 0x00, 0x00, 
0x01, 0x00, 0x00, 0x00, 
0x01, 0x00, 0x00, 0x00, 
0x01, 0x00, 0x00, 0x00, 
0x01, 0x00, 0x00, 0x00, 
0x01, 0x00, 0x00, 0x00, 
0x01, 0x00, 0x00, 0x00, 
0x01, 0x00, 0x00, 0x00, 
0x01, 0x00, 0x00, 0x00, 
0x01, 0x00, 0x00, 0x00, 
0x01, 0x00, 0x00, 0x00, 
0x01, 0x00, 0x00, 0x00, 
0x01, 0x00, 0x00, 0x00, 
0x01, 0x00, 0x00, 0x00, 
0x01, 0x00, 0x00, 0x00, 
0x01, 0x00, 0x00, 0x00, 
0x01, 0x00, 0x00, 0x00, 
0x01, 0x00, 0x00, 0x00, 
0x01, 0x00, 0x00, 0x00, 
0x01, 0x00, 0x00, 0x00, 
0x01, 0x00, 0x00, 0x00, 
0x01, 0x00, 0x00, 0x00, 
0x01, 0x00, 0x00, 0x00, 
0x01, 0x00, 0x00, 0x00, 
0x01, 0x00, 0x00, 0x00, 
0x01, 0x00, 0x00, 0x00, 
0x01, 0x00, 0x00, 0x00, 
0x01, 0x00, 0x00, 0x00, 
0x00, 0x00, 0x00, 0x00, 
0x00, 0x00, 0x00, 0x00, 
0x00, 0x00, 0x00, 0x00, 
0x00, 0x00, 0x00, 0x00, 
0x00, 0x00, 0x00, 0x00, 
0x00, 0x00, 0x00, 0x00, 
0x00, 0x00, 0x00, 0x00, 
0x00, 0x00, 0x00, 0x00, 
0xA3, 0x00, 0x00, 0x00, 
0x01, 0x00, 0x00, 0x00, 
0x00, 0x00, 0x00, 0x00, 
0x00, 0x00, 0x00, 0x00, 
0x00, 0x00, 0x00, 0x00, 
0x00, 0x00, 0x00, 0x00, 
0x00, 0x00, 0x00, 0x00, 
0x00, 0x00, 0x00, 0x00, 
0x00, 0x00, 0x00, 0x00, 
0x00, 0x00, 0x00, 0x00, 
0x00, 0x00, 0x00, 0x00, 
0x00, 0x00, 0x00, 0x00, 
0x00, 0x00, 0x00, 0x00, 
0x00, 0x00, 0x00, 0x00, 
0x00, 0x00, 0x00, 0x00, 
0x00, 0x00, 0x00, 0x00, 
0x00, 0x00, 0x00, 0x00, 
0x00, 0x00, 0x00, 0x00, 
0x00, 0x00, 0x00, 0x00, 
0x00, 0x00, 0x00, 0x00, 
0x00, 0x00, 0x00, 0x00, 
0x00, 0x00, 0x00, 0x00, 
0x00, 0x00, 0x00, 0x00, 
0x00, 0x00, 0x00, 0x00, 
0x00, 0x00, 0x00, 0x00, 
0x00, 0x00, 0x00, 0x00, 
0x00, 0x00, 0x00, 0x00, 
0x00, 0x00, 0x00, 0x00, 
0x00, 0x00, 0x00, 0x00, 
0x00, 0x00, 0x00, 0x00, 
0x00, 0x00, 0x00, 0x00, 
0x00, 0x00, 0x00, 0x00, 
0x00, 0x00, 0x00, 0x00, 
0x00, 0x00, 0x00, 0x00, 
0x00, 0x00, 0x00, 0x00, 
0x00, 0x00, 0x00, 0x00, 
0x00, 0x00, 0x00, 0x00, 
0x00, 0x00, 0x00, 0x00, 
0x00, 0x00, 0x00, 0x00, 
0x00, 0x00, 0x00, 0x00, 
0x00, 0x00, 0x00, 0x00, 
0x00, 0x00, 0x00, 0x00, 
0x00, 0x00, 0x00, 0x00, 
0x00, 0x00, 0x00, 0x00, 
0x00, 0x00, 0x00, 0x00, 
0x00, 0x00, 0x00, 0x00, 
0x00, 0x00, 0x00, 0x00, 
0x00, 0x00, 0x00, 0x00, 
0x00, 0x00, 0x00, 0x00, 
0x00, 0x00, 0x00, 0x00, 
0x00, 0x00, 0x00, 0x00, 
0x00, 0x00, 0x00, 0x00, 
0x00, 0x00, 0x00, 0x00, 
0x00, 0x00, 0x00, 0x00, 
0x00, 0x00, 0x00, 0x00, 
0x00, 0x00, 0x00, 0x00, 
0x00, 0x00, 0x00, 0x00, 
0x00, 0x00, 0x00, 0x00, 
0x00, 0x00, 0x00, 0x00, 
0x00, 0x00, 0x00, 0x00, 
0x00, 0x00, 0x00, 0x00, 
0x00, 0x00, 0x00, 0x00, 
0x00, 0x00, 0x00, 0x00, 
0x00, 0x00, 0x00, 0x00, 
0x00, 0x00, 0x00, 0x00, 
0x00, 0x00, 0x00, 0x00, 
0x00, 0x00, 0x00, 0x00, 
0x00, 0x00, 0x00, 0x00, 
0x00, 0x00, 0x00, 0x00, 
0x00, 0x00, 0x00, 0x00, 
0x00, 0x00, 0x00, 0x00, 
0x00, 0x00, 0x00, 0x00, 
0x00, 0x00, 0x00, 0x00, 
0x00, 0x00, 0x00, 0x00, 
0x00, 0x00, 0x00, 0x00, 
0x00, 0x00, 0x00, 0x00, 
0x00, 0x00, 0x00, 0x00, 
0x00, 0x00, 0x00, 0x00, 
0x00, 0x00, 0x00, 0x00, 
0x00, 0x00, 0x00, 0x00, 
0x00, 0x00, 0x00, 0x00, 
0x00, 0x00, 0x00, 0x00, 
0x00, 0x00, 0x00, 0x00, 
0x00, 0x00, 0x00, 0x00, 
0x00, 0x00, 0x00, 0x00, 
0x00, 0x00, 0x00, 0x00, 
0x00, 0x00, 0x00, 0x00, 
0x00, 0x00, 0x00, 0x00, 
0x00, 0x00, 0x00, 0x00, 
0x00, 0x00, 0x00, 0x00, 
0x00, 0x00, 0x00, 0x00, 
0x00, 0x00, 0x00, 0x00, 
0x00, 0x00, 0x00, 0x00, 
0x00, 0x00, 0x00, 0x00, 
0x00, 0x00, 0x00, 0x00, 
0x00, 0x00, 0x00, 0x00, 
0x00, 0x00, 0x00, 0x00, 
0x00, 0x00, 0x00, 0x00, 
0x00, 0x00, 0x00, 0x00, 
0x00, 0x00, 0x00, 0x00, 
0x00, 0x00, 0x00, 0x00, 
0x00, 0x00, 0x00, 0x00, 
0x00, 0x00, 0x00, 0x00, 
0x00, 0x00, 0x00, 0x00, 
0x00, 0x00, 0x00, 0x00, 
0x00, 0x00, 0x00, 0x00, 
0x00, 0x00, 0x00, 0x00, 
0x00, 0x00, 0x00, 0x00, 
0x00, 0x00, 0x00, 0x00, 
0x00, 0x00, 0x00, 0x00, 
0x00, 0x00, 0x00, 0x00, 
0x00, 0x00, 0x00, 0x00, 
0x00, 0x00, 0x00, 0x00, 
0x00, 0x00, 0x00, 0x00, 
0x00, 0x00, 0x00, 0x00, 
0x00, 0x00, 0x00, 0x00, 
0x00, 0x00, 0x00, 0x00, 
0x00, 0x00, 0x00, 0x00, 
0x00, 0x00, 0x00, 0x00, 
0x00, 0x00, 0x00, 0x00, 
0x00, 0x00, 0x00, 0x00, 
0x00, 0x00, 0x00, 0x00, 
0x00, 0x00, 0x00, 0x00, 
0x00, 0x00, 0x00, 0x00, 
0x00, 0x00, 0x00, 0x00, 
0x00, 0x00, 0x00, 0x00, 
0x00, 0x00, 0x00, 0x00, 
0x00, 0x00, 0x00, 0x00, 
0x00, 0x00, 0x00, 0x00, 
0x00, 0x00, 0x00, 0x00, 
0x00, 0x00, 0x00, 0x00, 
0x00, 0x00, 0x00, 0x00, 
0x00, 0x00, 0x00, 0x00, 
0x00, 0x00, 0x00, 0x00, 
0x00, 0x00, 0x00, 0x00, 
0x00, 0x00, 0x00, 0x00, 
0x00, 0x00, 0x00, 0x00, 
0x00, 0x00, 0x00, 0x00, 
0x00, 0x00, 0x00, 0x00, 
0x00, 0x00, 0x00, 0x00, 
0x00, 0x00, 0x00, 0x00, 
0x00, 0x00, 0x00, 0x00, 
0x00, 0x00, 0x00, 0x00, 
0x00, 0x00, 0x00, 0x00, 
0x00, 0x00, 0x00, 0x00, 
0x00, 0x00, 0x00, 0x00, 
0x00, 0x00, 0x00, 0x00, 
0x00, 0x00, 0x00, 0x00, 
0x00, 0x00, 0x00, 0x00, 
0x00, 0x00, 0x00, 0x00, 
0x00, 0x00, 0x00, 0x00, 
0x00, 0x00, 0x00, 0x00, 
0x00, 0x00, 0x00, 0x00, 
0x00, 0x00, 0x00, 0x00, 
0x00, 0x00, 0x00, 0x00, 
0x00, 0x00, 0x00, 0x00, 
0x00, 0x00, 0x00, 0x00, 
0x00, 0x00, 0x00, 0x00, 
0x00, 0x00, 0x00, 0x00, 
0x00, 0x00, 0x00, 0x00, 
0x00, 0x00, 0x00, 0x00, 
0x00, 0x00, 0x00, 0x00, 
0x00, 0x00, 0x00, 0x00, 
0x00, 0x00, 0x00, 0x00, 
0x00, 0x00, 0x00, 0x00, 
0x00, 0x00, 0x00, 0x00, 
0x00, 0x00, 0x00, 0x00, 
0x00, 0x00, 0x00, 0x00, 
0x00, 0x00, 0x00, 0x00, 
0x00, 0x00, 0x00, 0x00, 
0x00, 0x00, 0x00, 0x00, 
0x00, 0x00, 0x00, 0x00, 
0x00, 0x00, 0x00, 0x00, 
0x00, 0x00, 0x00, 0x00, 
0x00, 0x00, 0x00, 0x00, 
0x00, 0x00, 0x00, 0x00, 
0x00, 0x00, 0x00, 0x00, 
0x00, 0x00, 0x00, 0x00, 
0x00, 0x00, 0x00, 0x00, 
0x00, 0x00, 0x00, 0x00, 
0x00, 0x00, 0x00, 0x00, 
0x00, 0x00, 0x00, 0x00, 
0x00, 0x00, 0x00, 0x00, 
0x00, 0x00, 0x00, 0x00, 
0x00, 0x00, 0x00, 0x00, 
0x00, 0x00, 0x00, 0x00, 
0x00, 0x00, 0x00, 0x00, 
0x00, 0x00, 0x00, 0x00, 
0x00, 0x00, 0x00, 0x00, 
0x00, 0x00, 0x00, 0x00, 
0x00, 0x00, 0x00, 0x00, 
0x00, 0x00, 0x00, 0x00, 
0x00, 0x00, 0x00, 0x00, 
0x00, 0x00, 0x00, 0x00, 
0x00, 0x00, 0x00, 0x00, 
0x00, 0x00, 0x00, 0x00, 
0x00, 0x00, 0x00, 0x00, 
0x00, 0x00, 0x00, 0x00, 
0x00, 0x00, 0x00, 0x00, 
0x00, 0x00, 0x00, 0x00, 
0x00, 0x00, 0x00, 0x00, 
0x00, 0x00, 0x00, 0x00, 
0x00, 0x00, 0x00, 0x00, 
0x00, 0x00, 0x00, 0x00, 
0x00, 0x00, 0x00, 0x00, 
0x00, 0x00, 0x00, 0x00, 
0x00, 0x00, 0x00, 0x00, 
0x00, 0x00, 0x00, 0x00, 
0x00, 0x00, 0x00, 0x00, 
0x00, 0x00, 0x00, 0x00, 
0x00, 0x00, 0x00, 0x00, 
0x00, 0x00, 0x00, 0x00, 
0x00, 0x00, 0x00, 0x00, 
0x00, 0x00, 0x00, 0x00, 
0x00, 0x00, 0x00, 0x00, 
0x00, 0x00, 0x00, 0x00, 
0x00, 0x00, 0x00, 0x00, 
0x00, 0x00, 0x00, 0x00, 
0x00, 0x00, 0x00, 0x00, 
0x00, 0x00, 0x00, 0x00, 
0x00, 0x00, 0x00, 0x00, 
0x00, 0x00, 0x00, 0x00, 
0x00, 0x00, 0x00, 0x00, 
0x00, 0x00, 0x00, 0x00, 
0x00, 0x00, 0x00, 0x00, 
0x00, 0x00, 0x00, 0x00, 
0x00, 0x00, 0x00, 0x00, 
0x00, 0x00, 0x00, 0x00, 
0x00, 0x00, 0x00, 0x00, 
0x00, 0x00, 0x00, 0x00, 
0x00, 0x00, 0x00, 0x00, 
0x00, 0x00, 0x00, 0x00, 
0x00, 0x00, 0x00, 0x00, 
0x00, 0x00, 0x00, 0x00, 
0x00, 0x00, 0x00, 0x00, 
0x00, 0x00, 0x00, 0x00, 
0x00, 0x00, 0x00, 0x00, 
0x00, 0x00, 0x00, 0x00, 
0x00, 0x00, 0x00, 0x00, 
0x00, 0x00, 0x00, 0x00, 
0x00, 0x00, 0x00, 0x00, 
0x00, 0x00, 0x00, 0x00, 
0x00, 0x00, 0x00, 0x00, 
0x00, 0x00, 0x00, 0x00, 
0x00, 0x00, 0x00, 0x00, 
0x00, 0x00, 0x00, 0x00, 
0x00, 0x00, 0x00, 0x00, 
0x00, 0x00, 0x00, 0x00, 
0x00, 0x00, 0x00, 0x00, 
0x00, 0x00, 0x00, 0x00, 
0x00, 0x00, 0x00, 0x00, 
0x00, 0x00, 0x00, 0x00, 
0x00, 0x00, 0x00, 0x00, 
0x00, 0x00, 0x00, 0x00, 
0x00, 0x00, 0x00, 0x00, 
0x00, 0x00, 0x00, 0x00, 
0x00, 0x00, 0x00, 0x00, 
0x00, 0x00, 0x00, 0x00, 
0x00, 0x00, 0x00, 0x00, 
0x00, 0x00, 0x00, 0x00, 
0x00, 0x00, 0x00, 0x00, 
0x00, 0x00, 0x00, 0x00, 
0x00, 0x00, 0x00, 0x00, 
0x00, 0x00, 0x00, 0x00, 
0x00, 0x00, 0x00, 0x00, 
0x00, 0x00, 0x00, 0x00, 
0x00, 0x00, 0x00, 0x00, 
0x00, 0x00, 0x00, 0x00, 
0x00, 0x00, 0x00, 0x00, 
0x00, 0x00, 0x00, 0x00, 
0x00, 0x00, 0x00, 0x00, 
0x00, 0x00, 0x00, 0x00, 
0x00, 0x00, 0x00, 0x00, 
0x00, 0x00, 0x00, 0x00, 
0x00, 0x00, 0x00, 0x00, 
0x00, 0x00, 0x00, 0x00, 
0x00, 0x00, 0x00, 0x00, 
0x00, 0x00, 0x00, 0x00, 
0x00, 0x00, 0x00, 0x00, 
0x00, 0x00, 0x00, 0x00, 
0x00, 0x00, 0x00, 0x00, 
0x00, 0x00, 0x00, 0x00, 
0x00, 0x00, 0x00, 0x00, 
0x00, 0x00, 0x00, 0x00, 
0x00, 0x00, 0x00, 0x00, 
0x00, 0x00, 0x00, 0x00, 
0x00, 0x00, 0x00, 0x00, 
0x00, 0x00, 0x00, 0x00, 
0x00, 0x00, 0x00, 0x00, 
0x00, 0x00, 0x00, 0x00, 
0x00, 0x00, 0x00, 0x00, 
0x00, 0x00, 0x00, 0x00, 
0x00, 0x00, 0x00, 0x00, 
0x00, 0x00, 0x00, 0x00, 
0x00, 0x00, 0x00, 0x00, 
0x00, 0x00, 0x00, 0x00, 
0x00, 0x00, 0x00, 0x00, 
0x00, 0x00, 0x00, 0x00, 
0x00, 0x00, 0x00, 0x00, 
0x00, 0x00, 0x00, 0x00, 
0x00, 0x00, 0x00, 0x00, 
0x00, 0x00, 0x00, 0x00, 
0x00, 0x00, 0x00, 0x00, 
0x00, 0x00, 0x00, 0x00, 
0x00, 0x00, 0x00, 0x00, 
0x00, 0x00, 0x00, 0x00, 
0x00, 0x00, 0x00, 0x00, 
0x00, 0x00, 0x00, 0x00, 
0x00, 0x00, 0x00, 0x00, 
0x00, 0x00, 0x00, 0x00, 
0x00, 0x00, 0x00, 0x00, 
0x00, 0x00, 0x00, 0x00, 
0x00, 0x00, 0x00, 0x00, 
0x00, 0x00, 0x00, 0x00, 
0x00, 0x00, 0x00, 0x00, 
0x00, 0x00, 0x00, 0x00, 
0x00, 0x00, 0x00, 0x00, 
0x00, 0x00, 0x00, 0x00, 
0x00, 0x00, 0x00, 0x00, 
0x00, 0x00, 0x00, 0x00, 
0x00, 0x00, 0x00, 0x00, 
0x00, 0x00, 0x00, 0x00, 
0x00, 0x00, 0x00, 0x00, 
0x00, 0x00, 0x00, 0x00, 
0x00, 0x00, 0x00, 0x00, 
0x00, 0x00, 0x00, 0x00, 
0x00, 0x00, 0x00, 0x00, 
0x00, 0x00, 0x00, 0x00, 
0x00, 0x00, 0x00, 0x00, 
0x00, 0x00, 0x00, 0x00, 
0x00, 0x00, 0x00, 0x00, 
0x00, 0x00, 0x00, 0x00, 
0x00, 0x00, 0x00, 0x00, 
0x00, 0x00, 0x00, 0x00, 
0x00, 0x00, 0x00, 0x00, 
0x00, 0x00, 0x00, 0x00, 
0x00, 0x00, 0x00, 0x00, 
0x00, 0x00, 0x00, 0x00, 
0x00, 0x00, 0x00, 0x00, 
0x00, 0x00, 0x00, 0x00, 
0x00, 0x00, 0x00, 0x00, 
0x00, 0x00, 0x00, 0x00, 
0x00, 0x00, 0x00, 0x00, 
0x00, 0x00, 0x00, 0x00, 
0x00, 0x00, 0x00, 0x00, 
0x00, 0x00, 0x00, 0x00, 
0x00, 0x00, 0x00, 0x00, 
0x00, 0x00, 0x00, 0x00, 
0x00, 0x00, 0x00, 0x00, 
0x00, 0x00, 0x00, 0x00, 
0x00, 0x00, 0x00, 0x00, 
0x00, 0x00, 0x00, 0x00, 
0x00, 0x00, 0x00, 0x00, 
0x00, 0x00, 0x00, 0x00, 
0x00, 0x00, 0x00, 0x00, 
0x00, 0x00, 0x00, 0x00, 
0x00, 0x00, 0x00, 0x00, 
0x00, 0x00, 0x00, 0x00, 
0x00, 0x00, 0x00, 0x00, 
0x00, 0x00, 0x00, 0x00, 
0x00, 0x00, 0x00, 0x00, 
0x00, 0x00, 0x00, 0x00, 
0x00, 0x00, 0x00, 0x00, 
0x00, 0x00, 0x00, 0x00, 
0x00, 0x00, 0x00, 0x00, 
0x00, 0x00, 0x00, 0x00, 
0x00, 0x00, 0x00, 0x00, 
0x00, 0x00, 0x00, 0x00, 
0x00, 0x00, 0x00, 0x00, 
0x00, 0x00, 0x00, 0x00, 
0x00, 0x00, 0x00, 0x00, 
0x00, 0x00, 0x00, 0x00, 
0x00, 0x00, 0x00, 0x00, 
0x00, 0x00, 0x00, 0x00, 
0x00, 0x00, 0x00, 0x00, 
0x00, 0x00, 0x00, 0x00, 
0x00, 0x00, 0x00, 0x00, 
0x00, 0x00, 0x00, 0x00, 
0x00, 0x00, 0x00, 0x00, 
0x00, 0x00, 0x00, 0x00, 
0x00, 0x00, 0x00, 0x00, 
0x00, 0x00, 0x00, 0x00, 
0x00, 0x00, 0x00, 0x00, 
0x00, 0x00, 0x00, 0x00, 
0x00, 0x00, 0x00, 0x00, 
0x00, 0x00, 0x00, 0x00, 
0x00, 0x00, 0x00, 0x00, 
0x00, 0x00, 0x00, 0x00, 
0x00, 0x00, 0x00, 0x00, 
0x00, 0x00, 0x00, 0x00, 
0x00, 0x00, 0x00, 0x00, 
0x00, 0x00, 0x00, 0x00, 
0x00, 0x00, 0x00, 0x00, 
0x00, 0x00, 0x00, 0x00, 
0x00, 0x00, 0x00, 0x00, 
0x00, 0x00, 0x00, 0x00, 
0x00, 0x00, 0x00, 0x00, 
0x00, 0x00, 0x00, 0x00, 
0x00, 0x00, 0x00, 0x00, 
0x00, 0x00, 0x00, 0x00, 
0x00, 0x00, 0x00, 0x00, 
0x00, 0x00, 0x00, 0x00, 
0x00, 0x00, 0x00, 0x00, 
0x00, 0x00, 0x00, 0x00, 
0x00, 0x00, 0x00, 0x00, 
0x00, 0x00, 0x00, 0x00, 
0x00, 0x00, 0x00, 0x00, 
0x00, 0x00, 0x00, 0x00, 
0x00, 0x00, 0x00, 0x00, 
0x00, 0x00, 0x00, 0x00, 
0x00, 0x00, 0x00, 0x00, 
0x00, 0x00, 0x00, 0x00, 
0x00, 0x00, 0x00, 0x00, 
0x00, 0x00, 0x00, 0x00, 
0x00, 0x00, 0x00, 0x00, 
0x00, 0x00, 0x00, 0x00, 
0x00, 0x00, 0x00, 0x00, 
0x00, 0x00, 0x00, 0x00, 
0x00, 0x00, 0x00, 0x00, 
0x00, 0x00, 0x00, 0x00, 
0x00, 0x00, 0x00, 0x00, 
0x00, 0x00, 0x00, 0x00, 
0x00, 0x00, 0x00, 0x00, 
0x00, 0x00, 0x00, 0x00, 
0x00, 0x00, 0x00, 0x00, 
0x00, 0x00, 0x00, 0x00, 
0x00, 0x00, 0x00, 0x00, 
0x00, 0x00, 0x00, 0x00, 
0x00, 0x00, 0x00, 0x00, 
0x00, 0x00, 0x00, 0x00, 
0x00, 0x00, 0x00, 0x00, 
0x00, 0x00, 0x00, 0x00, 
0x00, 0x00, 0x00, 0x00, 
0x00, 0x00, 0x00, 0x00, 
0x00, 0x00, 0x00, 0x00, 
0x00, 0x00, 0x00, 0x00, 
0x00, 0x00, 0x00, 0x00, 
0x00, 0x00, 0x00, 0x00, 
0x00, 0x00, 0x00, 0x00, 
0x00, 0x00, 0x00, 0x00, 
0x00, 0x00, 0x00, 0x00, 
0x00, 0x00, 0x00, 0x00, 
0x00, 0x00, 0x00, 0x00, 
0x00, 0x00, 0x00, 0x00, 
0x00, 0x00, 0x00, 0x00, 
0x00, 0x00, 0x00, 0x00, 
0x00, 0x00, 0x00, 0x00, 
0x00, 0x00, 0x00, 0x00, 
0x00, 0x00, 0x00, 0x00, 
0x00, 0x00, 0x00, 0x00, 
0x00, 0x00, 0x00, 0x00, 
0x00, 0x00, 0x00, 0x00, 
0x00, 0x00, 0x00, 0x00, 
0x00, 0x00, 0x00, 0x00, 
0x00, 0x00, 0x00, 0x00, 
0x00, 0x00, 0x00, 0x00, 
0x00, 0x00, 0x00, 0x00, 
0x00, 0x00, 0x00, 0x00, 
0x00, 0x00, 0x00, 0x00, 
0x00, 0x00, 0x00, 0x00, 
0x00, 0x00, 0x00, 0x00, 
0x00, 0x00, 0x00, 0x00, 
0x00, 0x00, 0x00, 0x00, 
0x00, 0x00, 0x00, 0x00, 
0x00, 0x00, 0x00, 0x00, 
0x00, 0x00, 0x00, 0x00, 
0x00, 0x00, 0x00, 0x00, 
0x00, 0x00, 0x00, 0x00, 
0x00, 0x00, 0x00, 0x00, 
0x00, 0x00, 0x00, 0x00, 
0x00, 0x00, 0x00, 0x00, 
0x00, 0x00, 0x00, 0x00, 
0x00, 0x00, 0x00, 0x00, 
0x00, 0x00, 0x00, 0x00, 
0x00, 0x00, 0x00, 0x00, 
0x00, 0x00, 0x00, 0x00, 
0x00, 0x00, 0x00, 0x00, 
0x00, 0x00, 0x00, 0x00, 
0x00, 0x00, 0x00, 0x00, 
0x00, 0x00, 0x00, 0x00, 
0x00, 0x00, 0x00, 0x00, 
0x00, 0x00, 0x00, 0x00, 
0x00, 0x00, 0x00, 0x00, 
0x00, 0x00, 0x00, 0x00, 
0x00, 0x00, 0x00, 0x00, 
0x00, 0x00, 0x00, 0x00, 
0x00, 0x00, 0x00, 0x00, 
0x00, 0x00, 0x00, 0x00, 
0x00, 0x00, 0x00, 0x00, 
0x00, 0x00, 0x00, 0x00, 
0x00, 0x00, 0x00, 0x00, 
0x00, 0x00, 0x00, 0x00, 
0x00, 0x00, 0x00, 0x00, 
0x00, 0x00, 0x00, 0x00, 
0x00, 0x00, 0x00, 0x00, 
0x00, 0x00, 0x00, 0x00, 
0x00, 0x00, 0x00, 0x00, 
0x00, 0x00, 0x00, 0x00, 
0x00, 0x00, 0x00, 0x00, 
0x00, 0x00, 0x00, 0x00, 
0x00, 0x00, 0x00, 0x00, 
0x00, 0x00, 0x00, 0x00, 
0x00, 0x00, 0x00, 0x00, 
0x00, 0x00, 0x00, 0x00, 
0x00, 0x00, 0x00, 0x00, 
0x00, 0x00, 0x00, 0x00, 
0x00, 0x00, 0x00, 0x00, 
0x00, 0x00, 0x00, 0x00, 
0x00, 0x00, 0x00, 0x00, 
0x00, 0x00, 0x00, 0x00, 
0x00, 0x00, 0x00, 0x00, 
0x00, 0x00, 0x00, 0x00, 
0x00, 0x00, 0x00, 0x00, 
0x00, 0x00, 0x00, 0x00, 
0x00, 0x00, 0x00, 0x00, 
0x00, 0x00, 0x00, 0x00, 
0x01, 0x00, 0x00, 0x00, 
0x01, 0x00, 0x00, 0x00, 
0x01, 0x00, 0x00, 0x00, 
0x01, 0x00, 0x00, 0x00, 
0x01, 0x00, 0x00, 0x00, 
0x01, 0x00, 0x00, 0x00, 
0x01, 0x00, 0x00, 0x00, 
0x01, 0x00, 0x00, 0x00, 
0x01, 0x00, 0x00, 0x00, 
0x01, 0x00, 0x00, 0x00, 
0x01, 0x00, 0x00, 0x00, 
0x01, 0x00, 0x00, 0x00, 
0x01, 0x00, 0x00, 0x00, 
0x01, 0x00, 0x00, 0x00, 
0x01, 0x00, 0x00, 0x00, 
0x01, 0x00, 0x00, 0x00, 
0x01, 0x00, 0x00, 0x00, 
0x01, 0x00, 0x00, 0x00, 
0x01, 0x00, 0x00, 0x00, 
0x01, 0x00, 0x00, 0x00, 
0x01, 0x00, 0x00, 0x00, 
0x01, 0x00, 0x00, 0x00, 
0x01, 0x00, 0x00, 0x00, 
0x01, 0x00, 0x00, 0x00, 
0x01, 0x00, 0x00, 0x00, 
0x01, 0x00, 0x00, 0x00, 
0x01, 0x00, 0x00, 0x00, 
0x01, 0x00, 0x00, 0x00, 
0x01, 0x00, 0x00, 0x00, 
0x01, 0x00, 0x00, 0x00, 
0x01, 0x00, 0x00, 0x00, 
0x01, 0x00, 0x00, 0x00, 
0x01, 0x00, 0x00, 0x00, 
0x01, 0x00, 0x00, 0x00, 
0x01, 0x00, 0x00, 0x00, 
0x01, 0x00, 0x00, 0x00, 
0x01, 0x00, 0x00, 0x00, 
0x01, 0x00, 0x00, 0x00, 
0x01, 0x00, 0x00, 0x00, 
0x01, 0x00, 0x00, 0x00, 
0x01, 0x00, 0x00, 0x00, 
0x01, 0x00, 0x00, 0x00, 
0x01, 0x00, 0x00, 0x00, 
0x01, 0x00, 0x00, 0x00, 
0x01, 0x00, 0x00, 0x00, 
0x01, 0x00, 0x00, 0x00, 
0x01, 0x00, 0x00, 0x00, 
0x01, 0x00, 0x00, 0x00, 
0x01, 0x00, 0x00, 0x00, 
0x01, 0x00, 0x00, 0x00, 
0x01, 0x00, 0x00, 0x00, 
0x01, 0x00, 0x00, 0x00, 
0x01, 0x00, 0x00, 0x00, 
0x01, 0x00, 0x00, 0x00, 
0x01, 0x00, 0x00, 0x00, 
0x01, 0x00, 0x00, 0x00, 
0x01, 0x00, 0x00, 0x00, 
0x01, 0x00, 0x00, 0x00, 
0x01, 0x00, 0x00, 0x00, 
0x01, 0x00, 0x00, 0x00, 
0x01, 0x00, 0x00, 0x00, 
0x01, 0x00, 0x00, 0x00, 
0x01, 0x00, 0x00, 0x00, 
0x01, 0x00, 0x00, 0x00, 
0x01, 0x00, 0x00, 0x00, 
0x01, 0x00, 0x00, 0x00, 
0x01, 0x00, 0x00, 0x00, 
0x01, 0x00, 0x00, 0x00, 
0x01, 0x00, 0x00, 0x00, 
0x01, 0x00, 0x00, 0x00, 
0x01, 0x00, 0x00, 0x00, 
0x01, 0x00, 0x00, 0x00, 
0x01, 0x00, 0x00, 0x00, 
0x01, 0x00, 0x00, 0x00, 
0x01, 0x00, 0x00, 0x00, 
0x01, 0x00, 0x00, 0x00, 
0x01, 0x00, 0x00, 0x00, 
0x01, 0x00, 0x00, 0x00, 
0x01, 0x00, 0x00, 0x00, 
0x01, 0x00, 0x00, 0x00, 
0x01, 0x00, 0x00, 0x00, 
0x01, 0x00, 0x00, 0x00, 
0x01, 0x00, 0x00, 0x00, 
0x01, 0x00, 0x00, 0x00, 
0x01, 0x00, 0x00, 0x00, 
0x01, 0x00, 0x00, 0x00, 
0x01, 0x00, 0x00, 0x00, 
0x01, 0x00, 0x00, 0x00, 
0x01, 0x00, 0x00, 0x00, 
0x01, 0x00, 0x00, 0x00, 
0x01, 0x00, 0x00, 0x00, 
0x01, 0x00, 0x00, 0x00, 
0x01, 0x00, 0x00, 0x00, 
0x01, 0x00, 0x00, 0x00, 
0x01, 0x00, 0x00, 0x00, 
0x01, 0x00, 0x00, 0x00, 
0x01, 0x00, 0x00, 0x00, 
0x01, 0x00, 0x00, 0x00, 
0x01, 0x00, 0x00, 0x00, 
0x01, 0x00, 0x00, 0x00, 
0x01, 0x00, 0x00, 0x00, 
0x01, 0x00, 0x00, 0x00, 
0x01, 0x00, 0x00, 0x00, 
0x01, 0x00, 0x00, 0x00, 
0x01, 0x00, 0x00, 0x00, 
0x01, 0x00, 0x00, 0x00, 
0x01, 0x00, 0x00, 0x00, 
0x01, 0x00, 0x00, 0x00, 
0x01, 0x00, 0x00, 0x00, 
0x01, 0x00, 0x00, 0x00, 
0x01, 0x00, 0x00, 0x00, 
0x01, 0x00, 0x00, 0x00, 
0x01, 0x00, 0x00, 0x00, 
0x01, 0x00, 0x00, 0x00, 
0x01, 0x00, 0x00, 0x00, 
0x01, 0x00, 0x00, 0x00, 
0x01, 0x00, 0x00, 0x00, 
0x01, 0x00, 0x00, 0x00, 
0x01, 0x00, 0x00, 0x00, 
0x01, 0x00, 0x00, 0x00, 
0x01, 0x00, 0x00, 0x00, 
0x01, 0x00, 0x00, 0x00, 
0x01, 0x00, 0x00, 0x00, 
0x01, 0x00, 0x00, 0x00, 
0x01, 0x00, 0x00, 0x00, 
0x01, 0x00, 0x00, 0x00, 
0x01, 0x00, 0x00, 0x00, 
0x01, 0x00, 0x00, 0x00, 
0x01, 0x00, 0x00, 0x00, 
0x01, 0x00, 0x00, 0x00, 
0x01, 0x00, 0x00, 0x00, 
0x01, 0x00, 0x00, 0x00, 
0x01, 0x00, 0x00, 0x00, 
0x01, 0x00, 0x00, 0x00, 
0x01, 0x00, 0x00, 0x00, 
0x01, 0x00, 0x00, 0x00, 
0x01, 0x00, 0x00, 0x00, 
0x01, 0x00, 0x00, 0x00, 
0x01, 0x00, 0x00, 0x00, 
0x01, 0x00, 0x00, 0x00, 
0x01, 0x00, 0x00, 0x00, 
0x01, 0x00, 0x00, 0x00, 
0x01, 0x00, 0x00, 0x00, 
0x01, 0x00, 0x00, 0x00, 
0x01, 0x00, 0x00, 0x00, 
0x01, 0x00, 0x00, 0x00, 
0x01, 0x00, 0x00, 0x00, 
0x01, 0x00, 0x00, 0x00, 
0x01, 0x00, 0x00, 0x00, 
0x01, 0x00, 0x00, 0x00, 
0x01, 0x00, 0x00, 0x00, 
0x01, 0x00, 0x00, 0x00, 
0x01, 0x00, 0x00, 0x00, 
0x01, 0x00, 0x00, 0x00, 
0x01, 0x00, 0x00, 0x00, 
0x01, 0x00, 0x00, 0x00, 
0x01, 0x00, 0x00, 0x00, 
0x01, 0x00, 0x00, 0x00, 
0x01, 0x00, 0x00, 0x00, 
0x01, 0x00, 0x00, 0x00, 
0x01, 0x00, 0x00, 0x00, 
0x01, 0x00, 0x00, 0x00, 
0x01, 0x00, 0x00, 0x00, 
0x01, 0x00, 0x00, 0x00, 
0x01, 0x00, 0x00, 0x00, 
0x01, 0x00, 0x00, 0x00, 
0x01, 0x00, 0x00, 0x00, 
0x01, 0x00, 0x00, 0x00, 
0x01, 0x00, 0x00, 0x00, 
0x01, 0x00, 0x00, 0x00, 
0x01, 0x00, 0x00, 0x00, 
0x01, 0x00, 0x00, 0x00, 
0x01, 0x00, 0x00, 0x00, 
0x01, 0x00, 0x00, 0x00, 
0x01, 0x00, 0x00, 0x00, 
0x01, 0x00, 0x00, 0x00, 
0x01, 0x00, 0x00, 0x00, 
0x01, 0x00, 0x00, 0x00, 
0x01, 0x00, 0x00, 0x00, 
0x01, 0x00, 0x00, 0x00, 
0x01, 0x00, 0x00, 0x00, 
0x01, 0x00, 0x00, 0x00, 
0x01, 0x00, 0x00, 0x00, 
0x01, 0x00, 0x00, 0x00, 
0x01, 0x00, 0x00, 0x00, 
0x01, 0x00, 0x00, 0x00, 
0x01, 0x00, 0x00, 0x00, 
0x01, 0x00, 0x00, 0x00, 
0x01, 0x00, 0x00, 0x00, 
0x01, 0x00, 0x00, 0x00, 
0x01, 0x00, 0x00, 0x00, 
0x01, 0x00, 0x00, 0x00, 
0x01, 0x00, 0x00, 0x00, 
0x01, 0x00, 0x00, 0x00, 
0x01, 0x00, 0x00, 0x00, 
0x01, 0x00, 0x00, 0x00, 
0x01, 0x00, 0x00, 0x00, 
0x01, 0x00, 0x00, 0x00, 
0x01, 0x00, 0x00, 0x00, 
0x01, 0x00, 0x00, 0x00, 
0x01, 0x00, 0x00, 0x00, 
0x01, 0x00, 0x00, 0x00, 
0x01, 0x00, 0x00, 0x00, 
0x01, 0x00, 0x00, 0x00, 
0x01, 0x00, 0x00, 0x00, 
0x01, 0x00, 0x00, 0x00, 
0x01, 0x00, 0x00, 0x00, 
0x01, 0x00, 0x00, 0x00, 
0x01, 0x00, 0x00, 0x00, 
0x01, 0x00, 0x00, 0x00, 
0x01, 0x00, 0x00, 0x00, 
0x01, 0x00, 0x00, 0x00, 
0x01, 0x00, 0x00, 0x00, 
0x01, 0x00, 0x00, 0x00, 
0x01, 0x00, 0x00, 0x00, 
0x01, 0x00, 0x00, 0x00, 
0x01, 0x00, 0x00, 0x00, 
0x01, 0x00, 0x00, 0x00, 
0x01, 0x00, 0x00, 0x00, 
0x01, 0x00, 0x00, 0x00, 
0x01, 0x00, 0x00, 0x00, 
0x01, 0x00, 0x00, 0x00, 
0x01, 0x00, 0x00, 0x00, 
0x01, 0x00, 0x00, 0x00, 
0x01, 0x00, 0x00, 0x00, 
0x01, 0x00, 0x00, 0x00, 
0x01, 0x00, 0x00, 0x00, 
0x01, 0x00, 0x00, 0x00, 
0x01, 0x00, 0x00, 0x00, 
0x01, 0x00, 0x00, 0x00, 
0x01, 0x00, 0x00, 0x00, 
0x01, 0x00, 0x00, 0x00, 
0x01, 0x00, 0x00, 0x00, 
0x01, 0x00, 0x00, 0x00, 
0x01, 0x00, 0x00, 0x00, 
0x01, 0x00, 0x00, 0x00, 
0x01, 0x00, 0x00, 0x00, 
0x01, 0x00, 0x00, 0x00, 
0x01, 0x00, 0x00, 0x00, 
0x01, 0x00, 0x00, 0x00, 
0x01, 0x00, 0x00, 0x00, 
0x01, 0x00, 0x00, 0x00, 
0x01, 0x00, 0x00, 0x00, 
0x01, 0x00, 0x00, 0x00, 
0x01, 0x00, 0x00, 0x00, 
0x01, 0x00, 0x00, 0x00, 
0x01, 0x00, 0x00, 0x00, 
0x01, 0x00, 0x00, 0x00, 
0x01, 0x00, 0x00, 0x00, 
0x01, 0x00, 0x00, 0x00, 
0x01, 0x00, 0x00, 0x00, 
0x01, 0x00, 0x00, 0x00, 
0x01, 0x00, 0x00, 0x00, 
0x01, 0x00, 0x00, 0x00, 
0x01, 0x00, 0x00, 0x00, 
0x01, 0x00, 0x00, 0x00, 
0x01, 0x00, 0x00, 0x00, 
0x01, 0x00, 0x00, 0x00, 
0x01, 0x00, 0x00, 0x00, 
0x01, 0x00, 0x00, 0x00, 
0x01, 0x00, 0x00, 0x00, 
0x01, 0x00, 0x00, 0x00, 
0x01, 0x00, 0x00, 0x00, 
0x01, 0x00, 0x00, 0x00, 
0x01, 0x00, 0x00, 0x00, 
0x01, 0x00, 0x00, 0x00, 
0x01, 0x00, 0x00, 0x00, 
0x01, 0x00, 0x00, 0x00, 
0x01, 0x00, 0x00, 0x00, 
0x01, 0x00, 0x00, 0x00, 
0x01, 0x00, 0x00, 0x00, 
0x01, 0x00, 0x00, 0x00, 
0x01, 0x00, 0x00, 0x00, 
0x01, 0x00, 0x00, 0x00, 
0x01, 0x00, 0x00, 0x00, 
0x01, 0x00, 0x00, 0x00, 
0x01, 0x00, 0x00, 0x00, 
0x01, 0x00, 0x00, 0x00, 
0x01, 0x00, 0x00, 0x00, 
0x01, 0x00, 0x00, 0x00, 
0x01, 0x00, 0x00, 0x00, 
0x01, 0x00, 0x00, 0x00, 
0x01, 0x00, 0x00, 0x00, 
0x01, 0x00, 0x00, 0x00, 
0x01, 0x00, 0x00, 0x00, 
0x01, 0x00, 0x00, 0x00, 
0x01, 0x00, 0x00, 0x00, 
0x01, 0x00, 0x00, 0x00, 
0x01, 0x00, 0x00, 0x00, 
0x01, 0x00, 0x00, 0x00, 
0x01, 0x00, 0x00, 0x00, 
0x01, 0x00, 0x00, 0x00, 
0x01, 0x00, 0x00, 0x00, 
0x01, 0x00, 0x00, 0x00, 
0x01, 0x00, 0x00, 0x00, 
0x01, 0x00, 0x00, 0x00, 
0x01, 0x00, 0x00, 0x00, 
0x01, 0x00, 0x00, 0x00, 
0x01, 0x00, 0x00, 0x00, 
0x01, 0x00, 0x00, 0x00, 
0x01, 0x00, 0x00, 0x00, 
0x01, 0x00, 0x00, 0x00, 
0x01, 0x00, 0x00, 0x00, 
0x01, 0x00, 0x00, 0x00, 
0x01, 0x00, 0x00, 0x00, 
0x01, 0x00, 0x00, 0x00, 
0x01, 0x00, 0x00, 0x00, 
0x01, 0x00, 0x00, 0x00, 
0x01, 0x00, 0x00, 0x00, 
0x01, 0x00, 0x00, 0x00, 
0x01, 0x00, 0x00, 0x00, 
0x01, 0x00, 0x00, 0x00, 
0x01, 0x00, 0x00, 0x00, 
0x01, 0x00, 0x00, 0x00, 
0x01, 0x00, 0x00, 0x00, 
0x01, 0x00, 0x00, 0x00, 
0x01, 0x00, 0x00, 0x00, 
0x01, 0x00, 0x00, 0x00, 
0x01, 0x00, 0x00, 0x00, 
0x01, 0x00, 0x00, 0x00, 
0x01, 0x00, 0x00, 0x00, 
0x01, 0x00, 0x00, 0x00, 
0x01, 0x00, 0x00, 0x00, 
0x01, 0x00, 0x00, 0x00, 
0x01, 0x00, 0x00, 0x00, 
0x01, 0x00, 0x00, 0x00, 
0x01, 0x00, 0x00, 0x00, 
0x01, 0x00, 0x00, 0x00, 
0x01, 0x00, 0x00, 0x00, 
0x01, 0x00, 0x00, 0x00, 
0x01, 0x00, 0x00, 0x00, 
0x01, 0x00, 0x00, 0x00, 
0x01, 0x00, 0x00, 0x00, 
0x01, 0x00, 0x00, 0x00, 
0x01, 0x00, 0x00, 0x00, 
0x01, 0x00, 0x00, 0x00, 
0x01, 0x00, 0x00, 0x00, 
0x01, 0x00, 0x00, 0x00, 
0x01, 0x00, 0x00, 0x00, 
0x01, 0x00, 0x00, 0x00, 
0x01, 0x00, 0x00, 0x00, 
0x01, 0x00, 0x00, 0x00, 
0x01, 0x00, 0x00, 0x00, 
0x01, 0x00, 0x00, 0x00, 
0x01, 0x00, 0x00, 0x00, 
0x01, 0x00, 0x00, 0x00, 
0x01, 0x00, 0x00, 0x00, 
0x01, 0x00, 0x00, 0x00, 
0x01, 0x00, 0x00, 0x00, 
0x01, 0x00, 0x00, 0x00, 
0x01, 0x00, 0x00, 0x00, 
0x01, 0x00, 0x00, 0x00, 
0x01, 0x00, 0x00, 0x00, 
0x01, 0x00, 0x00, 0x00, 
0x01, 0x00, 0x00, 0x00, 
0x01, 0x00, 0x00, 0x00, 
0x01, 0x00, 0x00, 0x00, 
0x01, 0x00, 0x00, 0x00, 
0x01, 0x00, 0x00, 0x00, 
0x01, 0x00, 0x00, 0x00, 
0x01, 0x00, 0x00, 0x00, 
0x01, 0x00, 0x00, 0x00, 
0x01, 0x00, 0x00, 0x00, 
0x01, 0x00, 0x00, 0x00, 
0x01, 0x00, 0x00, 0x00, 
0x01, 0x00, 0x00, 0x00, 
0x01, 0x00, 0x00, 0x00, 
0x01, 0x00, 0x00, 0x00, 
0x01, 0x00, 0x00, 0x00, 
0x01, 0x00, 0x00, 0x00, 
0x01, 0x00, 0x00, 0x00, 
0x01, 0x00, 0x00, 0x00, 
0x01, 0x00, 0x00, 0x00, 
0x01, 0x00, 0x00, 0x00, 
0x01, 0x00, 0x00, 0x00, 
0x01, 0x00, 0x00, 0x00, 
0x01, 0x00, 0x00, 0x00, 
0x01, 0x00, 0x00, 0x00, 
0x01, 0x00, 0x00, 0x00, 
0x01, 0x00, 0x00, 0x00, 
0x01, 0x00, 0x00, 0x00, 
0x01, 0x00, 0x00, 0x00, 
0x01, 0x00, 0x00, 0x00, 
0x01, 0x00, 0x00, 0x00, 
0x01, 0x00, 0x00, 0x00, 
0x01, 0x00, 0x00, 0x00, 
0x01, 0x00, 0x00, 0x00, 
0x01, 0x00, 0x00, 0x00, 
0x01, 0x00, 0x00, 0x00, 
0x01, 0x00, 0x00, 0x00, 
0x01, 0x00, 0x00, 0x00, 
0x01, 0x00, 0x00, 0x00, 
0x01, 0x00, 0x00, 0x00, 
0x01, 0x00, 0x00, 0x00, 
0x01, 0x00, 0x00, 0x00, 
0x01, 0x00, 0x00, 0x00, 
0x01, 0x00, 0x00, 0x00, 
0x01, 0x00, 0x00, 0x00, 
0x01, 0x00, 0x00, 0x00, 
0x01, 0x00, 0x00, 0x00, 
0x01, 0x00, 0x00, 0x00, 
0x01, 0x00, 0x00, 0x00, 
0x01, 0x00, 0x00, 0x00, 
0x01, 0x00, 0x00, 0x00, 
0x01, 0x00, 0x00, 0x00, 
0x01, 0x00, 0x00, 0x00, 
0x01, 0x00, 0x00, 0x00, 
0x01, 0x00, 0x00, 0x00, 
0x01, 0x00, 0x00, 0x00, 
0x01, 0x00, 0x00, 0x00, 
0x01, 0x00, 0x00, 0x00, 
0x01, 0x00, 0x00, 0x00, 
0x01, 0x00, 0x00, 0x00, 
0x01, 0x00, 0x00, 0x00, 
0x01, 0x00, 0x00, 0x00, 
0x01, 0x00, 0x00, 0x00, 
0x01, 0x00, 0x00, 0x00, 
0x01, 0x00, 0x00, 0x00, 
0x01, 0x00, 0x00, 0x00, 
0x01, 0x00, 0x00, 0x00, 
0x01, 0x00, 0x00, 0x00, 
0x01, 0x00, 0x00, 0x00, 
0x01, 0x00, 0x00, 0x00, 
0x01, 0x00, 0x00, 0x00, 
0x01, 0x00, 0x00, 0x00, 
0x01, 0x00, 0x00, 0x00, 
0x01, 0x00, 0x00, 0x00, 
0x01, 0x00, 0x00, 0x00, 
0x01, 0x00, 0x00, 0x00, 
0x01, 0x00, 0x00, 0x00, 
0x01, 0x00, 0x00, 0x00, 
0x01, 0x00, 0x00, 0x00, 
0x01, 0x00, 0x00, 0x00, 
0x01, 0x00, 0x00, 0x00, 
0x01, 0x00, 0x00, 0x00, 
0x01, 0x00, 0x00, 0x00, 
0x01, 0x00, 0x00, 0x00, 
0x01, 0x00, 0x00, 0x00, 
0x01, 0x00, 0x00, 0x00, 
0x01, 0x00, 0x00, 0x00, 
0x01, 0x00, 0x00, 0x00, 
0x01, 0x00, 0x00, 0x00, 
0x01, 0x00, 0x00, 0x00, 
0x01, 0x00, 0x00, 0x00, 
0x01, 0x00, 0x00, 0x00, 
0x01, 0x00, 0x00, 0x00, 
0x01, 0x00, 0x00, 0x00, 
0x01, 0x00, 0x00, 0x00, 
0x01, 0x00, 0x00, 0x00, 
0x01, 0x00, 0x00, 0x00, 
0x01, 0x00, 0x00, 0x00, 
0x01, 0x00, 0x00, 0x00, 
0x01, 0x00, 0x00, 0x00, 
0x01, 0x00, 0x00, 0x00, 
0x01, 0x00, 0x00, 0x00, 
0x01, 0x00, 0x00, 0x00, 
0x01, 0x00, 0x00, 0x00, 
0x01, 0x00, 0x00, 0x00, 
0x01, 0x00, 0x00, 0x00, 
0x01, 0x00, 0x00, 0x00, 
0x01, 0x00, 0x00, 0x00, 
0x01, 0x00, 0x00, 0x00, 
0x01, 0x00, 0x00, 0x00, 
0x01, 0x00, 0x00, 0x00, 
0x01, 0x00, 0x00, 0x00, 
0x01, 0x00, 0x00, 0x00, 
0x01, 0x00, 0x00, 0x00, 
0x01, 0x00, 0x00, 0x00, 
0x01, 0x00, 0x00, 0x00, 
0x01, 0x00, 0x00, 0x00, 
0x01, 0x00, 0x00, 0x00, 
0x01, 0x00, 0x00, 0x00, 
0x01, 0x00, 0x00, 0x00, 
0x01, 0x00, 0x00, 0x00, 
0x01, 0x00, 0x00, 0x00, 
0x01, 0x00, 0x00, 0x00, 
0x01, 0x00, 0x00, 0x00, 
0x01, 0x00, 0x00, 0x00, 
0x01, 0x00, 0x00, 0x00, 
0x01, 0x00, 0x00, 0x00, 
0x01, 0x00, 0x00, 0x00, 
0x01, 0x00, 0x00, 0x00, 
0x01, 0x00, 0x00, 0x00, 
0x01, 0x00, 0x00, 0x00, 
0x01, 0x00, 0x00, 0x00, 
0x01, 0x00, 0x00, 0x00, 
0x01, 0x00, 0x00, 0x00, 
0x01, 0x00, 0x00, 0x00, 
0x01, 0x00, 0x00, 0x00, 
0x01, 0x00, 0x00, 0x00, 
0x01, 0x00, 0x00, 0x00, 
0x01, 0x00, 0x00, 0x00, 
0x01, 0x00, 0x00, 0x00, 
0x01, 0x00, 0x00, 0x00, 
0x01, 0x00, 0x00, 0x00, 
0x01, 0x00, 0x00, 0x00, 
0x01, 0x00, 0x00, 0x00, 
0x01, 0x00, 0x00, 0x00, 
0x01, 0x00, 0x00, 0x00, 
0x01, 0x00, 0x00, 0x00, 
0x01, 0x00, 0x00, 0x00, 
0x01, 0x00, 0x00, 0x00, 
0x01, 0x00, 0x00, 0x00, 
0x01, 0x00, 0x00, 0x00, 
0x01, 0x00, 0x00, 0x00, 
0x01, 0x00, 0x00, 0x00, 
0x01, 0x00, 0x00, 0x00, 
0x01, 0x00, 0x00, 0x00, 
0x01, 0x00, 0x00, 0x00, 
0x01, 0x00, 0x00, 0x00, 
0x01, 0x00, 0x00, 0x00, 
0x01, 0x00, 0x00, 0x00, 
0x00, 0x00, 0x00, 0x00, 
0x00, 0x00, 0x00, 0x00, 
0x00, 0x00, 0x00, 0x00, 
0x00, 0x00, 0x00, 0x00, 
0x00, 0x00, 0x00, 0x00, 
0x00, 0x00, 0x00, 0x00, 
0x00, 0x00, 0x00, 0x00, 
0x00, 0x00, 0x00, 0x00, 
0x00, 0x00, 0x00, 0x00, 
0x00, 0x00, 0x00, 0x00, 
0x00, 0x00, 0x00, 0x00, 
0x00, 0x00, 0x00, 0x00, 
0x00, 0x00, 0x00, 0x00, 
0x00, 0x00, 0x00, 0x00, 
0x00, 0x00, 0x00, 0x00, 
0x00, 0x00, 0x00, 0x00, 
0x00, 0x00, 0x00, 0x00, 
0x00, 0x00, 0x00, 0x00, 
0x00, 0x00, 0x00, 0x00, 
0x00, 0x00, 0x00, 0x00, 
0x00, 0x00, 0x00, 0x00, 
0x00, 0x00, 0x00, 0x00, 
0x00, 0x00, 0x00, 0x00, 
0x00, 0x00, 0x00, 0x00, 
0x00, 0x00, 0x00, 0x00, 
0x00, 0x00, 0x00, 0x00, 
0x00, 0x00, 0x00, 0x00, 
0x00, 0x00, 0x00, 0x00, 
0x00, 0x00, 0x00, 0x00, 
0x00, 0x00, 0x00, 0x00, 
0x00, 0x00, 0x00, 0x00, 
0x00, 0x00, 0x00, 0x00, 
0x00, 0x00, 0x00, 0x00, 
0x00, 0x00, 0x00, 0x00, 
0x00, 0x00, 0x00, 0x00, 
0x00, 0x00, 0x00, 0x00, 
0x00, 0x00, 0x00, 0x00, 
0x00, 0x00, 0x00, 0x00, 
0x00, 0x00, 0x00, 0x00, 
0x00, 0x00, 0x00, 0x00, 
0x00, 0x00, 0x00, 0x00, 
0x00, 0x00, 0x00, 0x00, 
0x00, 0x00, 0x00, 0x00, 
0x00, 0x00, 0x00, 0x00, 
0x00, 0x00, 0x00, 0x00, 
0x00, 0x00, 0x00, 0x00, 
0x00, 0x00, 0x00, 0x00, 
0x00, 0x00, 0x00, 0x00, 
0x00, 0x00, 0x00, 0x00, 
0x00, 0x00, 0x00, 0x00, 
0x00, 0x00, 0x00, 0x00, 
0x00, 0x00, 0x00, 0x00, 
0x00, 0x00, 0x00, 0x00, 
0x00, 0x00, 0x00, 0x00, 
0x00, 0x00, 0x00, 0x00, 
0x00, 0x00, 0x00, 0x00, 
0x00, 0x00, 0x00, 0x00, 
0x00, 0x00, 0x00, 0x00, 
0x00, 0x00, 0x00, 0x00, 
0x00, 0x00, 0x00, 0x00, 
0x00, 0x00, 0x00, 0x00, 
0x00, 0x00, 0x00, 0x00, 
0x00, 0x00, 0x00, 0x00, 
0x00, 0x00, 0x00, 0x00, 
0x00, 0x00, 0x00, 0x00, 
0x00, 0x00, 0x00, 0x00, 
0x00, 0x00, 0x00, 0x00, 
0x00, 0x00, 0x00, 0x00, 
0x00, 0x00, 0x00, 0x00, 
0x00, 0x00, 0x00, 0x00, 
0x00, 0x00, 0x00, 0x00, 
0x00, 0x00, 0x00, 0x00, 
0x00, 0x00, 0x00, 0x00, 
0x00, 0x00, 0x00, 0x00, 
0x00, 0x00, 0x00, 0x00, 
0x00, 0x00, 0x00, 0x00, 
0x00, 0x00, 0x00, 0x00, 
0x00, 0x00, 0x00, 0x00, 
0x00, 0x00, 0x00, 0x00, 
0x00, 0x00, 0x00, 0x00, 
0x00, 0x00, 0x00, 0x00, 
0x00, 0x00, 0x00, 0x00, 
0x00, 0x00, 0x00, 0x00, 
0x00, 0x00, 0x00, 0x00, 
0x00, 0x00, 0x00, 0x00, 
0x00, 0x00, 0x00, 0x00, 
0x00, 0x00, 0x00, 0x00, 
0x00, 0x00, 0x00, 0x00, 
0x00, 0x00, 0x00, 0x00, 
0x00, 0x00, 0x00, 0x00, 
0x00, 0x00, 0x00, 0x00, 
0x00, 0x00, 0x00, 0x00, 
0x00, 0x00, 0x00, 0x00, 
0x00, 0x00, 0x00, 0x00, 
0x00, 0x00, 0x00, 0x00, 
0x00, 0x00, 0x00, 0x00, 
0x00, 0x00, 0x00, 0x00, 
0x00, 0x00, 0x00, 0x00, 
0x00, 0x00, 0x00, 0x00, 
0x00, 0x00, 0x00, 0x00, 
0x00, 0x00, 0x00, 0x00, 
0x00, 0x00, 0x00, 0x00, 
0x00, 0x00, 0x00, 0x00, 
0x00, 0x00, 0x00, 0x00, 
0x00, 0x00, 0x00, 0x00, 
0x00, 0x00, 0x00, 0x00, 
0x00, 0x00, 0x00, 0x00, 
0x00, 0x00, 0x00, 0x00, 
0x00, 0x00, 0x00, 0x00, 
0x00, 0x00, 0x00, 0x00, 
0x00, 0x00, 0x00, 0x00, 
0x00, 0x00, 0x00, 0x00, 
0x00, 0x00, 0x00, 0x00, 
0x00, 0x00, 0x00, 0x00, 
0x00, 0x00, 0x00, 0x00, 
0x00, 0x00, 0x00, 0x00, 
0x00, 0x00, 0x00, 0x00, 
0x00, 0x00, 0x00, 0x00, 
0x00, 0x00, 0x00, 0x00, 
0x00, 0x00, 0x00, 0x00, 
0x00, 0x00, 0x00, 0x00, 
0x00, 0x00, 0x00, 0x00, 
0x00, 0x00, 0x00, 0x00, 
0x00, 0x00, 0x00, 0x00, 
0x00, 0x00, 0x00, 0x00, 
0x00, 0x00, 0x00, 0x00, 
0x00, 0x00, 0x00, 0x00, 
0x00, 0x00, 0x00, 0x00, 
0x00, 0x00, 0x00, 0x00, 
0x00, 0x00, 0x00, 0x00, 
0x00, 0x00, 0x00, 0x00, 
0x00, 0x00, 0x00, 0x00, 
0x00, 0x00, 0x00, 0x00, 
0x00, 0x00, 0x00, 0x00, 
0x00, 0x00, 0x00, 0x00, 
0x00, 0x00, 0x00, 0x00, 
0x00, 0x00, 0x00, 0x00, 
0x00, 0x00, 0x00, 0x00, 
0x00, 0x00, 0x00, 0x00, 
0x00, 0x00, 0x00, 0x00, 
0x00, 0x00, 0x00, 0x00, 
0x00, 0x00, 0x00, 0x00, 
0x00, 0x00, 0x00, 0x00, 
0x00, 0x00, 0x00, 0x00, 
0x00, 0x00, 0x00, 0x00, 
0x00, 0x00, 0x00, 0x00, 
0x00, 0x00, 0x00, 0x00, 
0x00, 0x00, 0x00, 0x00, 
0x00, 0x00, 0x00, 0x00, 
0x00, 0x00, 0x00, 0x00, 
0x00, 0x00, 0x00, 0x00, 
0x00, 0x00, 0x00, 0x00, 
0x00, 0x00, 0x00, 0x00, 
0x00, 0x00, 0x00, 0x00, 
0x00, 0x00, 0x00, 0x00, 
0x00, 0x00, 0x00, 0x00, 
0x00, 0x00, 0x00, 0x00, 
0x00, 0x00, 0x00, 0x00, 
0x00, 0x00, 0x00, 0x00, 
0x00, 0x00, 0x00, 0x00, 
0x00, 0x00, 0x00, 0x00, 
0x00, 0x00, 0x00, 0x00, 
0x00, 0x00, 0x00, 0x00, 
0x00, 0x00, 0x00, 0x00, 
0x00, 0x00, 0x00, 0x00, 
0x00, 0x00, 0x00, 0x00, 
0x00, 0x00, 0x00, 0x00, 
0x00, 0x00, 0x00, 0x00, 
0x00, 0x00, 0x00, 0x00, 
0x00, 0x00, 0x00, 0x00, 
0x00, 0x00, 0x00, 0x00, 
0x00, 0x00, 0x00, 0x00, 
0x00, 0x00, 0x00, 0x00, 
0x00, 0x00, 0x00, 0x00, 
0x00, 0x00, 0x00, 0x00, 
0x00, 0x00, 0x00, 0x00, 
0x00, 0x00, 0x00, 0x00, 
0x00, 0x00, 0x00, 0x00, 
0x00, 0x00, 0x00, 0x00, 
0x00, 0x00, 0x00, 0x00, 
0x00, 0x00, 0x00, 0x00, 
0x00, 0x00, 0x00, 0x00, 
0x00, 0x00, 0x00, 0x00, 
0x00, 0x00, 0x00, 0x00, 
0x00, 0x00, 0x00, 0x00, 
0x00, 0x00, 0x00, 0x00, 
0x00, 0x00, 0x00, 0x00, 
0x00, 0x00, 0x00, 0x00, 
0x00, 0x00, 0x00, 0x00, 
0x00, 0x00, 0x00, 0x00, 
0x00, 0x00, 0x00, 0x00, 
0x00, 0x00, 0x00, 0x00, 
0x00, 0x00, 0x00, 0x00, 
0x00, 0x00, 0x00, 0x00, 
0x00, 0x00, 0x00, 0x00, 
0x00, 0x00, 0x00, 0x00, 
0x00, 0x00, 0x00, 0x00, 
0x00, 0x00, 0x00, 0x00, 
0x00, 0x00, 0x00, 0x00, 
0x00, 0x00, 0x00, 0x00, 
0x00, 0x00, 0x00, 0x00, 
0x00, 0x00, 0x00, 0x00, 
0x00, 0x00, 0x00, 0x00, 
0x00, 0x00, 0x00, 0x00, 
0x00, 0x00, 0x00, 0x00, 
0x00, 0x00, 0x00, 0x00, 
0x00, 0x00, 0x00, 0x00, 
0x00, 0x00, 0x00, 0x00, 
0x00, 0x00, 0x00, 0x00, 
0x00, 0x00, 0x00, 0x00, 
0x00, 0x00, 0x00, 0x00, 
0x00, 0x00, 0x00, 0x00, 
0x00, 0x00, 0x00, 0x00, 
0x00, 0x00, 0x00, 0x00, 
0x00, 0x00, 0x00, 0x00, 
0x00, 0x00, 0x00, 0x00, 
0x00, 0x00, 0x00, 0x00, 
0x00, 0x00, 0x00, 0x00, 
0x00, 0x00, 0x00, 0x00, 
0x00, 0x00, 0x00, 0x00, 
0x00, 0x00, 0x00, 0x00, 
0x00, 0x00, 0x00, 0x00, 
0x00, 0x00, 0x00, 0x00, 
0x00, 0x00, 0x00, 0x00, 
0x00, 0x00, 0x00, 0x00, 
0x00, 0x00, 0x00, 0x00, 
0x00, 0x00, 0x00, 0x00, 
0x00, 0x00, 0x00, 0x00, 
0x00, 0x00, 0x00, 0x00, 
0x00, 0x00, 0x00, 0x00, 
0x00, 0x00, 0x00, 0x00, 
0x00, 0x00, 0x00, 0x00, 
0x00, 0x00, 0x00, 0x00, 
0x00, 0x00, 0x00, 0x00, 
0x00, 0x00, 0x00, 0x00, 
0x00, 0x00, 0x00, 0x00, 
0x00, 0x00, 0x00, 0x00, 
0x00, 0x00, 0x00, 0x00, 
0x00, 0x00, 0x00, 0x00, 
0x00, 0x00, 0x00, 0x00, 
0x00, 0x00, 0x00, 0x00, 
0x00, 0x00, 0x00, 0x00, 
0x00, 0x00, 0x00, 0x00, 
0x00, 0x00, 0x00, 0x00, 
0x00, 0x00, 0x00, 0x00, 
0x00, 0x00, 0x00, 0x00, 
0x00, 0x00, 0x00, 0x00, 
0x00, 0x00, 0x00, 0x00, 
0x00, 0x00, 0x00, 0x00, 
0x00, 0x00, 0x00, 0x00, 
0x00, 0x00, 0x00, 0x00, 
0x00, 0x00, 0x00, 0x00, 
0x00, 0x00, 0x00, 0x00, 
0x00, 0x00, 0x00, 0x00, 
0x00, 0x00, 0x00, 0x00, 
0x00, 0x00, 0x00, 0x00, 
0x00, 0x00, 0x00, 0x00, 
0x01, 0x00, 0x00, 0x00, 
0x01, 0x00, 0x00, 0x00, 
0x01, 0x00, 0x00, 0x00, 
0x01, 0x00, 0x00, 0x00, 
0x01, 0x00, 0x00, 0x00, 
0x01, 0x00, 0x00, 0x00, 
0x01, 0x00, 0x00, 0x00, 
0x01, 0x00, 0x00, 0x00, 
0x01, 0x00, 0x00, 0x00, 
0x01, 0x00, 0x00, 0x00, 
0x01, 0x00, 0x00, 0x00, 
0x01, 0x00, 0x00, 0x00, 
0x01, 0x00, 0x00, 0x00, 
0x01, 0x00, 0x00, 0x00, 
0x01, 0x00, 0x00, 0x00, 
0x01, 0x00, 0x00, 0x00, 
0x01, 0x00, 0x00, 0x00, 
0x01, 0x00, 0x00, 0x00, 
0x01, 0x00, 0x00, 0x00, 
0x01, 0x00, 0x00, 0x00, 
0x01, 0x00, 0x00, 0x00, 
0x01, 0x00, 0x00, 0x00, 
0x01, 0x00, 0x00, 0x00, 
0x01, 0x00, 0x00, 0x00, 
0x01, 0x00, 0x00, 0x00, 
0x01, 0x00, 0x00, 0x00, 
0x01, 0x00, 0x00, 0x00, 
0x01, 0x00, 0x00, 0x00, 
0x01, 0x00, 0x00, 0x00, 
0x01, 0x00, 0x00, 0x00, 
0x01, 0x00, 0x00, 0x00, 
0x01, 0x00, 0x00, 0x00, 
0x01, 0x00, 0x00, 0x00, 
0x01, 0x00, 0x00, 0x00, 
0x01, 0x00, 0x00, 0x00, 
0x01, 0x00, 0x00, 0x00, 
0x01, 0x00, 0x00, 0x00, 
0x01, 0x00, 0x00, 0x00, 
0x01, 0x00, 0x00, 0x00, 
0x01, 0x00, 0x00, 0x00, 
0x01, 0x00, 0x00, 0x00, 
0x01, 0x00, 0x00, 0x00, 
0x01, 0x00, 0x00, 0x00, 
0x01, 0x00, 0x00, 0x00, 
0x01, 0x00, 0x00, 0x00, 
0x01, 0x00, 0x00, 0x00, 
0x01, 0x00, 0x00, 0x00, 
0x01, 0x00, 0x00, 0x00, 
0x01, 0x00, 0x00, 0x00, 
0x01, 0x00, 0x00, 0x00, 
0x01, 0x00, 0x00, 0x00, 
0x01, 0x00, 0x00, 0x00, 
0x01, 0x00, 0x00, 0x00, 
0x01, 0x00, 0x00, 0x00, 
0x01, 0x00, 0x00, 0x00, 
0x01, 0x00, 0x00, 0x00, 
0x01, 0x00, 0x00, 0x00, 
0x01, 0x00, 0x00, 0x00, 
0x01, 0x00, 0x00, 0x00, 
0x01, 0x00, 0x00, 0x00, 
0x01, 0x00, 0x00, 0x00, 
0x01, 0x00, 0x00, 0x00, 
0x01, 0x00, 0x00, 0x00, 
0x01, 0x00, 0x00, 0x00, 
0x01, 0x00, 0x00, 0x00, 
0x01, 0x00, 0x00, 0x00, 
0x01, 0x00, 0x00, 0x00, 
0x01, 0x00, 0x00, 0x00, 
0x01, 0x00, 0x00, 0x00, 
0x01, 0x00, 0x00, 0x00, 
0x01, 0x00, 0x00, 0x00, 
0x01, 0x00, 0x00, 0x00, 
0x01, 0x00, 0x00, 0x00, 
0x01, 0x00, 0x00, 0x00, 
0x01, 0x00, 0x00, 0x00, 
0x01, 0x00, 0x00, 0x00, 
0x01, 0x00, 0x00, 0x00, 
0x01, 0x00, 0x00, 0x00, 
0x01, 0x00, 0x00, 0x00, 
0x01, 0x00, 0x00, 0x00, 
0x01, 0x00, 0x00, 0x00, 
0x01, 0x00, 0x00, 0x00, 
0x01, 0x00, 0x00, 0x00, 
0x01, 0x00, 0x00, 0x00, 
0x01, 0x00, 0x00, 0x00, 
0x01, 0x00, 0x00, 0x00, 
0x01, 0x00, 0x00, 0x00, 
0x01, 0x00, 0x00, 0x00, 
0x01, 0x00, 0x00, 0x00, 
0x01, 0x00, 0x00, 0x00, 
0x01, 0x00, 0x00, 0x00, 
0x01, 0x00, 0x00, 0x00, 
0x01, 0x00, 0x00, 0x00, 
0x01, 0x00, 0x00, 0x00, 
0x01, 0x00, 0x00, 0x00, 
0x01, 0x00, 0x00, 0x00, 
0x01, 0x00, 0x00, 0x00, 
0x01, 0x00, 0x00, 0x00, 
0x01, 0x00, 0x00, 0x00, 
0x01, 0x00, 0x00, 0x00, 
0x01, 0x00, 0x00, 0x00, 
0x01, 0x00, 0x00, 0x00, 
0x01, 0x00, 0x00, 0x00, 
0x01, 0x00, 0x00, 0x00, 
0x01, 0x00, 0x00, 0x00, 
0x01, 0x00, 0x00, 0x00, 
0x01, 0x00, 0x00, 0x00, 
0x01, 0x00, 0x00, 0x00, 
0x01, 0x00, 0x00, 0x00, 
0x01, 0x00, 0x00, 0x00, 
0x01, 0x00, 0x00, 0x00, 
0x01, 0x00, 0x00, 0x00, 
0x01, 0x00, 0x00, 0x00, 
0x01, 0x00, 0x00, 0x00, 
0x01, 0x00, 0x00, 0x00, 
0x01, 0x00, 0x00, 0x00, 
0x01, 0x00, 0x00, 0x00, 
0x01, 0x00, 0x00, 0x00, 
0x01, 0x00, 0x00, 0x00, 
0x01, 0x00, 0x00, 0x00, 
0x01, 0x00, 0x00, 0x00, 
0x01, 0x00, 0x00, 0x00, 
0x01, 0x00, 0x00, 0x00, 
0x01, 0x00, 0x00, 0x00, 
0x01, 0x00, 0x00, 0x00, 
0x01, 0x00, 0x00, 0x00, 
0x01, 0x00, 0x00, 0x00, 
0x01, 0x00, 0x00, 0x00, 
0x01, 0x00, 0x00, 0x00, 
0x01, 0x00, 0x00, 0x00, 
0x01, 0x00, 0x00, 0x00, 
0x01, 0x00, 0x00, 0x00, 
0x01, 0x00, 0x00, 0x00, 
0x01, 0x00, 0x00, 0x00, 
0x01, 0x00, 0x00, 0x00, 
0x01, 0x00, 0x00, 0x00, 
0x01, 0x00, 0x00, 0x00, 
0x01, 0x00, 0x00, 0x00, 
0x01, 0x00, 0x00, 0x00, 
0x01, 0x00, 0x00, 0x00, 
0x01, 0x00, 0x00, 0x00, 
0x01, 0x00, 0x00, 0x00, 
0x01, 0x00, 0x00, 0x00, 
0x01, 0x00, 0x00, 0x00, 
0x01, 0x00, 0x00, 0x00, 
0x01, 0x00, 0x00, 0x00, 
0x01, 0x00, 0x00, 0x00, 
0x01, 0x00, 0x00, 0x00, 
0x01, 0x00, 0x00, 0x00, 
0x01, 0x00, 0x00, 0x00, 
0x01, 0x00, 0x00, 0x00, 
0x01, 0x00, 0x00, 0x00, 
0x01, 0x00, 0x00, 0x00, 
0x01, 0x00, 0x00, 0x00, 
0x01, 0x00, 0x00, 0x00, 
0x01, 0x00, 0x00, 0x00, 
0x01, 0x00, 0x00, 0x00, 
0x01, 0x00, 0x00, 0x00, 
0x01, 0x00, 0x00, 0x00, 
0x01, 0x00, 0x00, 0x00, 
0x01, 0x00, 0x00, 0x00, 
0x01, 0x00, 0x00, 0x00, 
0x01, 0x00, 0x00, 0x00, 
0x01, 0x00, 0x00, 0x00, 
0x01, 0x00, 0x00, 0x00, 
0x01, 0x00, 0x00, 0x00, 
0x01, 0x00, 0x00, 0x00, 
0x01, 0x00, 0x00, 0x00, 
0x01, 0x00, 0x00, 0x00, 
0x01, 0x00, 0x00, 0x00, 
0x01, 0x00, 0x00, 0x00, 
0x01, 0x00, 0x00, 0x00, 
0x01, 0x00, 0x00, 0x00, 
0x01, 0x00, 0x00, 0x00, 
0x01, 0x00, 0x00, 0x00, 
0x01, 0x00, 0x00, 0x00, 
0x01, 0x00, 0x00, 0x00, 
0x01, 0x00, 0x00, 0x00, 
0x01, 0x00, 0x00, 0x00, 
0x01, 0x00, 0x00, 0x00, 
0x01, 0x00, 0x00, 0x00, 
0x01, 0x00, 0x00, 0x00, 
0x01, 0x00, 0x00, 0x00, 
0x01, 0x00, 0x00, 0x00, 
0x01, 0x00, 0x00, 0x00, 
0x01, 0x00, 0x00, 0x00, 
0x01, 0x00, 0x00, 0x00, 
0x01, 0x00, 0x00, 0x00, 
0x01, 0x00, 0x00, 0x00, 
0x01, 0x00, 0x00, 0x00, 
0x01, 0x00, 0x00, 0x00, 
0x01, 0x00, 0x00, 0x00, 
0x01, 0x00, 0x00, 0x00, 
0x01, 0x00, 0x00, 0x00, 
0x01, 0x00, 0x00, 0x00, 
0x01, 0x00, 0x00, 0x00, 
0x01, 0x00, 0x00, 0x00, 
0x01, 0x00, 0x00, 0x00, 
0x01, 0x00, 0x00, 0x00, 
0x01, 0x00, 0x00, 0x00, 
0x01, 0x00, 0x00, 0x00, 
0x01, 0x00, 0x00, 0x00, 
0x01, 0x00, 0x00, 0x00, 
0x01, 0x00, 0x00, 0x00, 
0x01, 0x00, 0x00, 0x00, 
0x01, 0x00, 0x00, 0x00, 
0x01, 0x00, 0x00, 0x00, 
0x01, 0x00, 0x00, 0x00, 
0x01, 0x00, 0x00, 0x00, 
0x01, 0x00, 0x00, 0x00, 
0x01, 0x00, 0x00, 0x00, 
0x01, 0x00, 0x00, 0x00, 
0x01, 0x00, 0x00, 0x00, 
0x01, 0x00, 0x00, 0x00, 
0x01, 0x00, 0x00, 0x00, 
0x01, 0x00, 0x00, 0x00, 
0x01, 0x00, 0x00, 0x00, 
0x01, 0x00, 0x00, 0x00, 
0x01, 0x00, 0x00, 0x00, 
0x01, 0x00, 0x00, 0x00, 
0x01, 0x00, 0x00, 0x00, 
0x01, 0x00, 0x00, 0x00, 
0x01, 0x00, 0x00, 0x00, 
0x01, 0x00, 0x00, 0x00, 
0x01, 0x00, 0x00, 0x00, 
0x01, 0x00, 0x00, 0x00, 
0x01, 0x00, 0x00, 0x00, 
0x01, 0x00, 0x00, 0x00, 
0x01, 0x00, 0x00, 0x00, 
0x01, 0x00, 0x00, 0x00, 
0x01, 0x00, 0x00, 0x00, 
0x01, 0x00, 0x00, 0x00, 
0x01, 0x00, 0x00, 0x00, 
0x01, 0x00, 0x00, 0x00, 
0x01, 0x00, 0x00, 0x00, 
0x01, 0x00, 0x00, 0x00, 
0x01, 0x00, 0x00, 0x00, 
0x01, 0x00, 0x00, 0x00, 
0x01, 0x00, 0x00, 0x00, 
0x01, 0x00, 0x00, 0x00, 
0x01, 0x00, 0x00, 0x00, 
0x01, 0x00, 0x00, 0x00, 
0x01, 0x00, 0x00, 0x00, 
0x01, 0x00, 0x00, 0x00, 
0x01, 0x00, 0x00, 0x00, 
0x01, 0x00, 0x00, 0x00, 
0x01, 0x00, 0x00, 0x00, 
0x01, 0x00, 0x00, 0x00, 
0x01, 0x00, 0x00, 0x00, 
0x01, 0x00, 0x00, 0x00, 
0x01, 0x00, 0x00, 0x00, 
0x01, 0x00, 0x00, 0x00, 
0x01, 0x00, 0x00, 0x00, 
0x01, 0x00, 0x00, 0x00, 
0x01, 0x00, 0x00, 0x00, 
0x01, 0x00, 0x00, 0x00, 
0x01, 0x00, 0x00, 0x00, 
0x00, 0x00, 0x00, 0x00, 
0x00, 0x00, 0x00, 0x00, 
0x00, 0x00, 0x00, 0x00, 
0x00, 0x00, 0x00, 0x00, 
0x00, 0x00, 0x00, 0x00, 
0x00, 0x00, 0x00, 0x00, 
0x00, 0x00, 0x00, 0x00, 
0x00, 0x00, 0x00, 0x00, 
0x00, 0x00, 0x00, 0x00, 
0x00, 0x00, 0x00, 0x00, 
0x00, 0x00, 0x00, 0x00, 
0x00, 0x00, 0x00, 0x00, 
0x00, 0x00, 0x00, 0x00, 
0x00, 0x00, 0x00, 0x00, 
0x00, 0x00, 0x00, 0x00, 
0x00, 0x00, 0x00, 0x00, 
0x00, 0x00, 0x00, 0x00, 
0x00, 0x00, 0x00, 0x00, 
0x00, 0x00, 0x00, 0x00, 
0x00, 0x00, 0x00, 0x00, 
0x00, 0x00, 0x00, 0x00, 
0x00, 0x00, 0x00, 0x00, 
0x00, 0x00, 0x00, 0x00, 
0x00, 0x00, 0x00, 0x00, 
0x00, 0x00, 0x00, 0x00, 
0x00, 0x00, 0x00, 0x00, 
0x00, 0x00, 0x00, 0x00, 
0x00, 0x00, 0x00, 0x00, 
0x00, 0x00, 0x00, 0x00, 
0x00, 0x00, 0x00, 0x00, 
0x00, 0x00, 0x00, 0x00, 
0x00, 0x00, 0x00, 0x00, 
0x00, 0x00, 0x00, 0x00, 
0x00, 0x00, 0x00, 0x00, 
0x00, 0x00, 0x00, 0x00, 
0x00, 0x00, 0x00, 0x00, 
0x00, 0x00, 0x00, 0x00, 
0x00, 0x00, 0x00, 0x00, 
0x00, 0x00, 0x00, 0x00, 
0x00, 0x00, 0x00, 0x00, 
0x00, 0x00, 0x00, 0x00, 
0x00, 0x00, 0x00, 0x00, 
0x00, 0x00, 0x00, 0x00, 
0x00, 0x00, 0x00, 0x00, 
0x00, 0x00, 0x00, 0x00, 
0x00, 0x00, 0x00, 0x00, 
0x00, 0x00, 0x00, 0x00, 
0x00, 0x00, 0x00, 0x00, 
0x00, 0x00, 0x00, 0x00, 
0x00, 0x00, 0x00, 0x00, 
0x00, 0x00, 0x00, 0x00, 
0x00, 0x00, 0x00, 0x00, 
0x00, 0x00, 0x00, 0x00, 
0x00, 0x00, 0x00, 0x00, 
0x00, 0x00, 0x00, 0x00, 
0x00, 0x00, 0x00, 0x00, 
0x00, 0x00, 0x00, 0x00, 
0x00, 0x00, 0x00, 0x00, 
0x00, 0x00, 0x00, 0x00, 
0x00, 0x00, 0x00, 0x00, 
0x00, 0x00, 0x00, 0x00, 
0x00, 0x00, 0x00, 0x00, 
0x00, 0x00, 0x00, 0x00, 
0x00, 0x00, 0x00, 0x00, 
0x00, 0x00, 0x00, 0x00, 
0x00, 0x00, 0x00, 0x00, 
0x00, 0x00, 0x00, 0x00, 
0x00, 0x00, 0x00, 0x00, 
0x00, 0x00, 0x00, 0x00, 
0x00, 0x00, 0x00, 0x00, 
0x00, 0x00, 0x00, 0x00, 
0x00, 0x00, 0x00, 0x00, 
0x00, 0x00, 0x00, 0x00, 
0x00, 0x00, 0x00, 0x00, 
0x00, 0x00, 0x00, 0x00, 
0x00, 0x00, 0x00, 0x00, 
0x00, 0x00, 0x00, 0x00, 
0x00, 0x00, 0x00, 0x00, 
0x00, 0x00, 0x00, 0x00, 
0x00, 0x00, 0x00, 0x00, 
0x00, 0x00, 0x00, 0x00, 
0x00, 0x00, 0x00, 0x00, 
0x00, 0x00, 0x00, 0x00, 
0x00, 0x00, 0x00, 0x00, 
0x00, 0x00, 0x00, 0x00, 
0x00, 0x00, 0x00, 0x00, 
0x00, 0x00, 0x00, 0x00, 
0x00, 0x00, 0x00, 0x00, 
0x00, 0x00, 0x00, 0x00, 
0x00, 0x00, 0x00, 0x00, 
0x00, 0x00, 0x00, 0x00, 
0x00, 0x00, 0x00, 0x00, 
0x00, 0x00, 0x00, 0x00, 
0x00, 0x00, 0x00, 0x00, 
0x00, 0x00, 0x00, 0x00, 
0x00, 0x00, 0x00, 0x00, 
0x00, 0x00, 0x00, 0x00, 
0x00, 0x00, 0x00, 0x00, 
0x00, 0x00, 0x00, 0x00, 
0x00, 0x00, 0x00, 0x00, 
0x00, 0x00, 0x00, 0x00, 
0x00, 0x00, 0x00, 0x00, 
0x00, 0x00, 0x00, 0x00, 
0x00, 0x00, 0x00, 0x00, 
0x00, 0x00, 0x00, 0x00, 
0x00, 0x00, 0x00, 0x00, 
0x00, 0x00, 0x00, 0x00, 
0x00, 0x00, 0x00, 0x00, 
0x00, 0x00, 0x00, 0x00, 
0x00, 0x00, 0x00, 0x00, 
0x00, 0x00, 0x00, 0x00, 
0x00, 0x00, 0x00, 0x00, 
0x00, 0x00, 0x00, 0x00, 
0x00, 0x00, 0x00, 0x00, 
0x00, 0x00, 0x00, 0x00, 
0x00, 0x00, 0x00, 0x00, 
0x00, 0x00, 0x00, 0x00, 
0x00, 0x00, 0x00, 0x00, 
0x00, 0x00, 0x00, 0x00, 
0x00, 0x00, 0x00, 0x00, 
0x00, 0x00, 0x00, 0x00, 
0x00, 0x00, 0x00, 0x00, 
0x00, 0x00, 0x00, 0x00, 
0x00, 0x00, 0x00, 0x00, 
0x00, 0x00, 0x00, 0x00, 
0x00, 0x00, 0x00, 0x00, 
0x00, 0x00, 0x00, 0x00, 
0x00, 0x00, 0x00, 0x00, 
0x00, 0x00, 0x00, 0x00, 
0x00, 0x00, 0x00, 0x00, 
0x00, 0x00, 0x00, 0x00, 
0x00, 0x00, 0x00, 0x00, 
0x00, 0x00, 0x00, 0x00, 
0x00, 0x00, 0x00, 0x00, 
0x00, 0x00, 0x00, 0x00, 
0x00, 0x00, 0x00, 0x00, 
0x00, 0x00, 0x00, 0x00, 
0x00, 0x00, 0x00, 0x00, 
0x00, 0x00, 0x00, 0x00, 
0x00, 0x00, 0x00, 0x00, 
0x00, 0x00, 0x00, 0x00, 
0x00, 0x00, 0x00, 0x00, 
0x00, 0x00, 0x00, 0x00, 
0x00, 0x00, 0x00, 0x00, 
0x00, 0x00, 0x00, 0x00, 
0x00, 0x00, 0x00, 0x00, 
0x00, 0x00, 0x00, 0x00, 
0x00, 0x00, 0x00, 0x00, 
0x00, 0x00, 0x00, 0x00, 
0x00, 0x00, 0x00, 0x00, 
0x00, 0x00, 0x00, 0x00, 
0x00, 0x00, 0x00, 0x00, 
0x00, 0x00, 0x00, 0x00, 
0x00, 0x00, 0x00, 0x00, 
0x00, 0x00, 0x00, 0x00, 
0x00, 0x00, 0x00, 0x00, 
0x00, 0x00, 0x00, 0x00, 
0x00, 0x00, 0x00, 0x00, 
0x00, 0x00, 0x00, 0x00, 
0x00, 0x00, 0x00, 0x00, 
0x00, 0x00, 0x00, 0x00, 
0x00, 0x00, 0x00, 0x00, 
0x00, 0x00, 0x00, 0x00, 
0x00, 0x00, 0x00, 0x00, 
0x00, 0x00, 0x00, 0x00, 
0x00, 0x00, 0x00, 0x00, 
0x00, 0x00, 0x00, 0x00, 
0x00, 0x00, 0x00, 0x00, 
0x00, 0x00, 0x00, 0x00, 
0x00, 0x00, 0x00, 0x00, 
0x00, 0x00, 0x00, 0x00, 
0x00, 0x00, 0x00, 0x00, 
0x00, 0x00, 0x00, 0x00, 
0x00, 0x00, 0x00, 0x00, 
0x00, 0x00, 0x00, 0x00, 
0x00, 0x00, 0x00, 0x00, 
0x00, 0x00, 0x00, 0x00, 
0x00, 0x00, 0x00, 0x00, 
0x00, 0x00, 0x00, 0x00, 
0x00, 0x00, 0x00, 0x00, 
0x00, 0x00, 0x00, 0x00, 
0x00, 0x00, 0x00, 0x00, 
0x00, 0x00, 0x00, 0x00, 
0x00, 0x00, 0x00, 0x00, 
0x00, 0x00, 0x00, 0x00, 
0x00, 0x00, 0x00, 0x00, 
0x00, 0x00, 0x00, 0x00, 
0x00, 0x00, 0x00, 0x00, 
0x00, 0x00, 0x00, 0x00, 
0x00, 0x00, 0x00, 0x00, 
0x00, 0x00, 0x00, 0x00, 
0x00, 0x00, 0x00, 0x00, 
0x00, 0x00, 0x00, 0x00, 
0x00, 0x00, 0x00, 0x00, 
0x00, 0x00, 0x00, 0x00, 
0x00, 0x00, 0x00, 0x00, 
0x00, 0x00, 0x00, 0x00, 
0x00, 0x00, 0x00, 0x00, 
0x00, 0x00, 0x00, 0x00, 
0x00, 0x00, 0x00, 0x00, 
0x00, 0x00, 0x00, 0x00, 
0x00, 0x00, 0x00, 0x00, 
0x00, 0x00, 0x00, 0x00, 
0x00, 0x00, 0x00, 0x00, 
0x00, 0x00, 0x00, 0x00, 
0x00, 0x00, 0x00, 0x00, 
0x00, 0x00, 0x00, 0x00, 
0x00, 0x00, 0x00, 0x00, 
0x00, 0x00, 0x00, 0x00, 
0x00, 0x00, 0x00, 0x00, 
0x00, 0x00, 0x00, 0x00, 
0x00, 0x00, 0x00, 0x00, 
0x00, 0x00, 0x00, 0x00, 
0x00, 0x00, 0x00, 0x00, 
0x00, 0x00, 0x00, 0x00, 
0x00, 0x00, 0x00, 0x00, 
0x00, 0x00, 0x00, 0x00, 
0x00, 0x00, 0x00, 0x00, 
0x00, 0x00, 0x00, 0x00, 
0x00, 0x00, 0x00, 0x00, 
0x00, 0x00, 0x00, 0x00, 
0x00, 0x00, 0x00, 0x00, 
0x00, 0x00, 0x00, 0x00, 
0x00, 0x00, 0x00, 0x00, 
0x00, 0x00, 0x00, 0x00, 
0x00, 0x00, 0x00, 0x00, 
0x00, 0x00, 0x00, 0x00, 
0x00, 0x00, 0x00, 0x00, 
0x00, 0x00, 0x00, 0x00, 
0x00, 0x00, 0x00, 0x00, 
0x00, 0x00, 0x00, 0x00, 
0x00, 0x00, 0x00, 0x00, 
0x00, 0x00, 0x00, 0x00, 
0x00, 0x00, 0x00, 0x00, 
0x00, 0x00, 0x00, 0x00, 
0x00, 0x00, 0x00, 0x00, 
0x00, 0x00, 0x00, 0x00, 
0x00, 0x00, 0x00, 0x00, 
0x00, 0x00, 0x00, 0x00, 
0x00, 0x00, 0x00, 0x00, 
0x00, 0x00, 0x00, 0x00, 
0x00, 0x00, 0x00, 0x00, 
0x00, 0x00, 0x00, 0x00, 
0x00, 0x00, 0x00, 0x00, 
0x00, 0x00, 0x00, 0x00, 
0x00, 0x00, 0x00, 0x00, 
0x00, 0x00, 0x00, 0x00, 
0x00, 0x00, 0x00, 0x00, 
0x00, 0x00, 0x00, 0x00, 
0x00, 0x00, 0x00, 0x00, 
0x00, 0x00, 0x00, 0x00, 
0x00, 0x00, 0x00, 0x00, 
0x00, 0x00, 0x00, 0x00, 
0x00, 0x00, 0x00, 0x00, 
0x00, 0x00, 0x00, 0x00, 
0x00, 0x00, 0x00, 0x00, 
0x00, 0x00, 0x00, 0x00, 
0x00, 0x00, 0x00, 0x00, 
0x00, 0x00, 0x00, 0x00, 
0x00, 0x00, 0x00, 0x00, 
0x00, 0x00, 0x00, 0x00, 
0x00, 0x00, 0x00, 0x00, 
0x00, 0x00, 0x00, 0x00, 
0x00, 0x00, 0x00, 0x00, 
0x00, 0x00, 0x00, 0x00, 
0x00, 0x00, 0x00, 0x00, 
0x00, 0x00, 0x00, 0x00, 
0x00, 0x00, 0x00, 0x00, 
0x00, 0x00, 0x00, 0x00, 
0x00, 0x00, 0x00, 0x00, 
0x00, 0x00, 0x00, 0x00, 
0x00, 0x00, 0x00, 0x00, 
0x00, 0x00, 0x00, 0x00, 
0x00, 0x00, 0x00, 0x00, 
0x00, 0x00, 0x00, 0x00, 
0x00, 0x00, 0x00, 0x00, 
0x00, 0x00, 0x00, 0x00, 
0x00, 0x00, 0x00, 0x00, 
0x00, 0x00, 0x00, 0x00, 
0x00, 0x00, 0x00, 0x00, 
0x00, 0x00, 0x00, 0x00, 
0x00, 0x00, 0x00, 0x00, 
0x00, 0x00, 0x00, 0x00, 
0x00, 0x00, 0x00, 0x00, 
0x00, 0x00, 0x00, 0x00, 
0x00, 0x00, 0x00, 0x00, 
0x00, 0x00, 0x00, 0x00, 
0x00, 0x00, 0x00, 0x00, 
0x00, 0x00, 0x00, 0x00, 
0x00, 0x00, 0x00, 0x00, 
0x00, 0x00, 0x00, 0x00, 
0x00, 0x00, 0x00, 0x00, 
0x00, 0x00, 0x00, 0x00, 
0x00, 0x00, 0x00, 0x00, 
0x00, 0x00, 0x00, 0x00, 
0x00, 0x00, 0x00, 0x00, 
0x00, 0x00, 0x00, 0x00, 
0x00, 0x00, 0x00, 0x00, 
0x00, 0x00, 0x00, 0x00, 
0x00, 0x00, 0x00, 0x00, 
0x00, 0x00, 0x00, 0x00, 
0x00, 0x00, 0x00, 0x00, 
0x00, 0x00, 0x00, 0x00, 
0x00, 0x00, 0x00, 0x00, 
0x00, 0x00, 0x00, 0x00, 
0x00, 0x00, 0x00, 0x00, 
0x00, 0x00, 0x00, 0x00, 
0x00, 0x00, 0x00, 0x00, 
0x00, 0x00, 0x00, 0x00, 
0x00, 0x00, 0x00, 0x00, 
0x00, 0x00, 0x00, 0x00, 
0x00, 0x00, 0x00, 0x00, 
0x00, 0x00, 0x00, 0x00, 
0x00, 0x00, 0x00, 0x00, 
0x00, 0x00, 0x00, 0x00, 
0x00, 0x00, 0x00, 0x00, 
0x00, 0x00, 0x00, 0x00, 
0x00, 0x00, 0x00, 0x00, 
0x00, 0x00, 0x00, 0x00, 
0x00, 0x00, 0x00, 0x00, 
0x00, 0x00, 0x00, 0x00, 
0x00, 0x00, 0x00, 0x00, 
0x00, 0x00, 0x00, 0x00, 
0x00, 0x00, 0x00, 0x00, 
0x00, 0x00, 0x00, 0x00, 
0x00, 0x00, 0x00, 0x00, 
0x00, 0x00, 0x00, 0x00, 
0x00, 0x00, 0x00, 0x00, 
0x00, 0x00, 0x00, 0x00, 
0x00, 0x00, 0x00, 0x00, 
0x00, 0x00, 0x00, 0x00, 
0x00, 0x00, 0x00, 0x00, 
0x00, 0x00, 0x00, 0x00, 
0x00, 0x00, 0x00, 0x00, 
0x00, 0x00, 0x00, 0x00, 
0x00, 0x00, 0x00, 0x00, 
0x00, 0x00, 0x00, 0x00, 
0x00, 0x00, 0x00, 0x00, 
0x00, 0x00, 0x00, 0x00, 
0x00, 0x00, 0x00, 0x00, 
0x00, 0x00, 0x00, 0x00, 
0x00, 0x00, 0x00, 0x00, 
0x00, 0x00, 0x00, 0x00, 
0x00, 0x00, 0x00, 0x00, 
0x00, 0x00, 0x00, 0x00, 
0x00, 0x00, 0x00, 0x00, 
0x00, 0x00, 0x00, 0x00, 
0x00, 0x00, 0x00, 0x00, 
0x00, 0x00, 0x00, 0x00, 
0x00, 0x00, 0x00, 0x00, 
0x00, 0x00, 0x00, 0x00, 
0x00, 0x00, 0x00, 0x00, 
0x00, 0x00, 0x00, 0x00, 
0x00, 0x00, 0x00, 0x00, 
0x00, 0x00, 0x00, 0x00, 
0x00, 0x00, 0x00, 0x00, 
0x00, 0x00, 0x00, 0x00, 
0x00, 0x00, 0x00, 0x00, 
0x00, 0x00, 0x00, 0x00, 
0x00, 0x00, 0x00, 0x00, 
0x00, 0x00, 0x00, 0x00, 
0x00, 0x00, 0x00, 0x00, 
0x00, 0x00, 0x00, 0x00, 
0x00, 0x00, 0x00, 0x00, 
0x00, 0x00, 0x00, 0x00, 
0x00, 0x00, 0x00, 0x00, 
0x00, 0x00, 0x00, 0x00, 
0x00, 0x00, 0x00, 0x00, 
0x00, 0x00, 0x00, 0x00, 
0x00, 0x00, 0x00, 0x00, 
0x00, 0x00, 0x00, 0x00, 
0x00, 0x00, 0x00, 0x00, 
0x00, 0x00, 0x00, 0x00, 
0x00, 0x00, 0x00, 0x00, 
0x00, 0x00, 0x00, 0x00, 
0x00, 0x00, 0x00, 0x00, 
0x00, 0x00, 0x00, 0x00, 
0x00, 0x00, 0x00, 0x00, 
0x00, 0x00, 0x00, 0x00, 
0x00, 0x00, 0x00, 0x00, 
0x00, 0x00, 0x00, 0x00, 
0x00, 0x00, 0x00, 0x00, 
0x00, 0x00, 0x00, 0x00, 
0x00, 0x00, 0x00, 0x00, 
0x00, 0x00, 0x00, 0x00, 
0x00, 0x00, 0x00, 0x00, 
0x00, 0x00, 0x00, 0x00, 
0x00, 0x00, 0x00, 0x00, 
0x00, 0x00, 0x00, 0x00, 
0x00, 0x00, 0x00, 0x00, 
0x00, 0x00, 0x00, 0x00, 
0x00, 0x00, 0x00, 0x00, 
0x00, 0x00, 0x00, 0x00, 
0x00, 0x00, 0x00, 0x00, 
0x00, 0x00, 0x00, 0x00, 
0x00, 0x00, 0x00, 0x00, 
0x00, 0x00, 0x00, 0x00, 
0x00, 0x00, 0x00, 0x00, 
0x00, 0x00, 0x00, 0x00, 
0x00, 0x00, 0x00, 0x00, 
0x00, 0x00, 0x00, 0x00, 
0x00, 0x00, 0x00, 0x00, 
0x00, 0x00, 0x00, 0x00, 
0x00, 0x00, 0x00, 0x00, 
0x00, 0x00, 0x00, 0x00, 
0x00, 0x00, 0x00, 0x00, 
0x00, 0x00, 0x00, 0x00, 
0x00, 0x00, 0x00, 0x00, 
0x00, 0x00, 0x00, 0x00, 
0x00, 0x00, 0x00, 0x00, 
0x00, 0x00, 0x00, 0x00, 
0x00, 0x00, 0x00, 0x00, 
0x00, 0x00, 0x00, 0x00, 
0x00, 0x00, 0x00, 0x00, 
0x00, 0x00, 0x00, 0x00, 
0x00, 0x00, 0x00, 0x00, 
0x00, 0x00, 0x00, 0x00, 
0x00, 0x00, 0x00, 0x00, 
0x00, 0x00, 0x00, 0x00, 
0x00, 0x00, 0x00, 0x00, 
0x00, 0x00, 0x00, 0x00, 
0x00, 0x00, 0x00, 0x00, 
0x00, 0x00, 0x00, 0x00, 
0x00, 0x00, 0x00, 0x00, 
0x00, 0x00, 0x00, 0x00, 
0x00, 0x00, 0x00, 0x00, 
0x00, 0x00, 0x00, 0x00, 
0x00, 0x00, 0x00, 0x00, 
0x00, 0x00, 0x00, 0x00, 
0x00, 0x00, 0x00, 0x00, 
0x00, 0x00, 0x00, 0x00, 
0x00, 0x00, 0x00, 0x00, 
0x00, 0x00, 0x00, 0x00, 
0x00, 0x00, 0x00, 0x00, 
0x00, 0x00, 0x00, 0x00, 
0x00, 0x00, 0x00, 0x00, 
0x00, 0x00, 0x00, 0x00, 
0x00, 0x00, 0x00, 0x00, 
0x00, 0x00, 0x00, 0x00, 
0x00, 0x00, 0x00, 0x00, 
0x00, 0x00, 0x00, 0x00, 
0x00, 0x00, 0x00, 0x00, 
0x00, 0x00, 0x00, 0x00, 
0x00, 0x00, 0x00, 0x00, 
0x00, 0x00, 0x00, 0x00, 
0x00, 0x00, 0x00, 0x00, 
0x00, 0x00, 0x00, 0x00, 
0x00, 0x00, 0x00, 0x00, 
0x00, 0x00, 0x00, 0x00, 
0x00, 0x00, 0x00, 0x00, 
0x00, 0x00, 0x00, 0x00, 
0x00, 0x00, 0x00, 0x00, 
0x00, 0x00, 0x00, 0x00, 
0x00, 0x00, 0x00, 0x00, 
0x00, 0x00, 0x00, 0x00, 
0x00, 0x00, 0x00, 0x00, 
0x00, 0x00, 0x00, 0x00, 
0x00, 0x00, 0x00, 0x00, 
0x00, 0x00, 0x00, 0x00, 
0x00, 0x00, 0x00, 0x00, 
0x00, 0x00, 0x00, 0x00, 
0x00, 0x00, 0x00, 0x00, 
0x00, 0x00, 0x00, 0x00, 
0x00, 0x00, 0x00, 0x00, 
0x00, 0x00, 0x00, 0x00, 
0x00, 0x00, 0x00, 0x00, 
0x00, 0x00, 0x00, 0x00, 
0x00, 0x00, 0x00, 0x00, 
0x00, 0x00, 0x00, 0x00, 
0x00, 0x00, 0x00, 0x00, 
0x00, 0x00, 0x00, 0x00, 
0x00, 0x00, 0x00, 0x00, 
0x00, 0x00, 0x00, 0x00, 
0x00, 0x00, 0x00, 0x00, 
0x00, 0x00, 0x00, 0x00, 
0x00, 0x00, 0x00, 0x00, 
0x00, 0x00, 0x00, 0x00, 
0x00, 0x00, 0x00, 0x00, 
0x00, 0x00, 0x00, 0x00, 
0x00, 0x00, 0x00, 0x00, 
0x00, 0x00, 0x00, 0x00, 
0x00, 0x00, 0x00, 0x00, 
0x00, 0x00, 0x00, 0x00, 
0x00, 0x00, 0x00, 0x00, 
0x00, 0x00, 0x00, 0x00, 
0x00, 0x00, 0x00, 0x00, 
0x00, 0x00, 0x00, 0x00, 
0x00, 0x00, 0x00, 0x00, 
0x00, 0x00, 0x00, 0x00, 
0x00, 0x00, 0x00, 0x00, 
0x00, 0x00, 0x00, 0x00, 
0x00, 0x00, 0x00, 0x00, 
0x00, 0x00, 0x00, 0x00, 
0x00, 0x00, 0x00, 0x00, 
0x00, 0x00, 0x00, 0x00, 
0x00, 0x00, 0x00, 0x00, 
0x00, 0x00, 0x00, 0x00, 
0x00, 0x00, 0x00, 0x00, 
0x00, 0x00, 0x00, 0x00, 
0x00, 0x00, 0x00, 0x00, 
0x00, 0x00, 0x00, 0x00, 
0x00, 0x00, 0x00, 0x00, 
0x00, 0x00, 0x00, 0x00, 
0x00, 0x00, 0x00, 0x00, 
0x00, 0x00, 0x00, 0x00, 
0x00, 0x00, 0x00, 0x00, 
0x00, 0x00, 0x00, 0x00, 
0x00, 0x00, 0x00, 0x00, 
0x00, 0x00, 0x00, 0x00, 
0x00, 0x00, 0x00, 0x00, 
0x00, 0x00, 0x00, 0x00, 
0x00, 0x00, 0x00, 0x00, 
0x00, 0x00, 0x00, 0x00, 
0x00, 0x00, 0x00, 0x00, 
0x00, 0x00, 0x00, 0x00, 
0x00, 0x00, 0x00, 0x00, 
0x00, 0x00, 0x00, 0x00, 
0x00, 0x00, 0x00, 0x00, 
0x00, 0x00, 0x00, 0x00, 
0x00, 0x00, 0x00, 0x00, 
0x00, 0x00, 0x00, 0x00, 
0x00, 0x00, 0x00, 0x00, 
0x00, 0x00, 0x00, 0x00, 
0x00, 0x00, 0x00, 0x00, 
0x00, 0x00, 0x00, 0x00, 
0x00, 0x00, 0x00, 0x00, 
0x00, 0x00, 0x00, 0x00, 
0x00, 0x00, 0x00, 0x00, 
0x00, 0x00, 0x00, 0x00, 
0x00, 0x00, 0x00, 0x00, 
0x00, 0x00, 0x00, 0x00, 
0x00, 0x00, 0x00, 0x00, 
0x00, 0x00, 0x00, 0x00, 
0x00, 0x00, 0x00, 0x00, 
0x00, 0x00, 0x00, 0x00, 
0x00, 0x00, 0x00, 0x00, 
0x00, 0x00, 0x00, 0x00, 
0x00, 0x00, 0x00, 0x00, 
0x00, 0x00, 0x00, 0x00, 
0x00, 0x00, 0x00, 0x00, 
0x00, 0x00, 0x00, 0x00, 
0x00, 0x00, 0x00, 0x00, 
0x00, 0x00, 0x00, 0x00, 
0x00, 0x00, 0x00, 0x00, 
0x00, 0x00, 0x00, 0x00, 
0x00, 0x00, 0x00, 0x00, 
0x00, 0x00, 0x00, 0x00, 
0x00, 0x00, 0x00, 0x00, 
0x00, 0x00, 0x00, 0x00, 
0x00, 0x00, 0x00, 0x00, 
0x00, 0x00, 0x00, 0x00, 
0x00, 0x00, 0x00, 0x00, 
0x00, 0x00, 0x00, 0x00, 
0x00, 0x00, 0x00, 0x00, 
0x00, 0x00, 0x00, 0x00, 
0x00, 0x00, 0x00, 0x00, 
0x00, 0x00, 0x00, 0x00, 
0x00, 0x00, 0x00, 0x00, 
0x00, 0x00, 0x00, 0x00, 
0x00, 0x00, 0x00, 0x00, 
0x00, 0x00, 0x00, 0x00, 
0x00, 0x00, 0x00, 0x00, 
0x00, 0x00, 0x00, 0x00, 
0x00, 0x00, 0x00, 0x00, 
0x00, 0x00, 0x00, 0x00, 
0x00, 0x00, 0x00, 0x00, 
0x00, 0x00, 0x00, 0x00, 
0x00, 0x00, 0x00, 0x00, 
0x00, 0x00, 0x00, 0x00, 
0x00, 0x00, 0x00, 0x00, 
0x00, 0x00, 0x00, 0x00, 
0x00, 0x00, 0x00, 0x00, 
0x00, 0x00, 0x00, 0x00, 
0x00, 0x00, 0x00, 0x00, 
0x00, 0x00, 0x00, 0x00, 
0x00, 0x00, 0x00, 0x00, 
0x00, 0x00, 0x00, 0x00, 
0x00, 0x00, 0x00, 0x00, 
0x00, 0x00, 0x00, 0x00, 
0x00, 0x00, 0x00, 0x00, 
0x00, 0x00, 0x00, 0x00, 
0x00, 0x00, 0x00, 0x00, 
0x00, 0x00, 0x00, 0x00, 
0x00, 0x00, 0x00, 0x00, 
0x00, 0x00, 0x00, 0x00, 
0x00, 0x00, 0x00, 0x00, 
0x00, 0x00, 0x00, 0x00, 
0x00, 0x00, 0x00, 0x00, 
0x00, 0x00, 0x00, 0x00, 
0x00, 0x00, 0x00, 0x00, 
0x00, 0x00, 0x00, 0x00, 
0x00, 0x00, 0x00, 0x00, 
0x00, 0x00, 0x00, 0x00, 
0x00, 0x00, 0x00, 0x00, 
0x00, 0x00, 0x00, 0x00, 
0x00, 0x00, 0x00, 0x00, 
0x00, 0x00, 0x00, 0x00, 
0x00, 0x00, 0x00, 0x00, 
0x00, 0x00, 0x00, 0x00, 
0x00, 0x00, 0x00, 0x00, 
0x00, 0x00, 0x00, 0x00, 
0x00, 0x00, 0x00, 0x00, 
0x00, 0x00, 0x00, 0x00, 
0x00, 0x00, 0x00, 0x00, 
0x00, 0x00, 0x00, 0x00, 
0x00, 0x00, 0x00, 0x00, 
0x00, 0x00, 0x00, 0x00, 
0x00, 0x00, 0x00, 0x00, 
0x00, 0x00, 0x00, 0x00, 
0x00, 0x00, 0x00, 0x00, 
0x00, 0x00, 0x00, 0x00, 
0x00, 0x00, 0x00, 0x00, 
0x00, 0x00, 0x00, 0x00, 
0x00, 0x00, 0x00, 0x00, 
0x00, 0x00, 0x00, 0x00, 
0x00, 0x00, 0x00, 0x00, 
0x00, 0x00, 0x00, 0x00, 
0x00, 0x00, 0x00, 0x00, 
0x00, 0x00, 0x00, 0x00, 
0x00, 0x00, 0x00, 0x00, 
0x00, 0x00, 0x00, 0x00, 
0x00, 0x00, 0x00, 0x00, 
0x00, 0x00, 0x00, 0x00, 
0x00, 0x00, 0x00, 0x00, 
0x00, 0x00, 0x00, 0x00, 
0x00, 0x00, 0x00, 0x00, 
0x00, 0x00, 0x00, 0x00, 
0x00, 0x00, 0x00, 0x00, 
0x00, 0x00, 0x00, 0x00, 
0x00, 0x00, 0x00, 0x00, 
0x00, 0x00, 0x00, 0x00, 
0x00, 0x00, 0x00, 0x00, 
0x00, 0x00, 0x00, 0x00, 
0x00, 0x00, 0x00, 0x00, 
0x00, 0x00, 0x00, 0x00, 
0x00, 0x00, 0x00, 0x00, 
0x00, 0x00, 0x00, 0x00, 
0x00, 0x00, 0x00, 0x00, 
0x00, 0x00, 0x00, 0x00, 
0x00, 0x00, 0x00, 0x00, 
0x00, 0x00, 0x00, 0x00, 
0x00, 0x00, 0x00, 0x00, 
0x00, 0x00, 0x00, 0x00, 
0x00, 0x00, 0x00, 0x00, 
0x00, 0x00, 0x00, 0x00, 
0x00, 0x00, 0x00, 0x00, 
0x00, 0x00, 0x00, 0x00, 
0x00, 0x00, 0x00, 0x00, 
0x00, 0x00, 0x00, 0x00, 
0x00, 0x00, 0x00, 0x00, 
0x00, 0x00, 0x00, 0x00, 
0x00, 0x00, 0x00, 0x00, 
0x00, 0x00, 0x00, 0x00, 
0x00, 0x00, 0x00, 0x00, 
0x00, 0x00, 0x00, 0x00, 
0x00, 0x00, 0x00, 0x00, 
0x00, 0x00, 0x00, 0x00, 
0x00, 0x00, 0x00, 0x00, 
0x00, 0x00, 0x00, 0x00, 
0x00, 0x00, 0x00, 0x00, 
0x00, 0x00, 0x00, 0x00, 
0x00, 0x00, 0x00, 0x00, 
0x00, 0x00, 0x00, 0x00, 
0x00, 0x00, 0x00, 0x00, 
0x00, 0x00, 0x00, 0x00, 
0x00, 0x00, 0x00, 0x00, 
0x00, 0x00, 0x00, 0x00, 
0x00, 0x00, 0x00, 0x00, 
0x00, 0x00, 0x00, 0x00, 
0x00, 0x00, 0x00, 0x00, 
0x00, 0x00, 0x00, 0x00, 
0x00, 0x00, 0x00, 0x00, 
0x00, 0x00, 0x00, 0x00, 
0x00, 0x00, 0x00, 0x00, 
0x00, 0x00, 0x00, 0x00, 
0x00, 0x00, 0x00, 0x00, 
0x00, 0x00, 0x00, 0x00, 
0x00, 0x00, 0x00, 0x00, 
0x00, 0x00, 0x00, 0x00, 
0x00, 0x00, 0x00, 0x00, 
0x00, 0x00, 0x00, 0x00, 
0x00, 0x00, 0x00, 0x00, 
0x00, 0x00, 0x00, 0x00, 
0x00, 0x00, 0x00, 0x00, 
0x00, 0x00, 0x00, 0x00, 
0x00, 0x00, 0x00, 0x00, 
0x00, 0x00, 0x00, 0x00, 
0x00, 0x00, 0x00, 0x00, 
0x00, 0x00, 0x00, 0x00, 
0x00, 0x00, 0x00, 0x00, 
0x00, 0x00, 0x00, 0x00, 
0x00, 0x00, 0x00, 0x00, 
0x00, 0x00, 0x00, 0x00, 
0x00, 0x00, 0x00, 0x00, 
0x00, 0x00, 0x00, 0x00, 
0x00, 0x00, 0x00, 0x00, 
0x00, 0x00, 0x00, 0x00, 
0x00, 0x00, 0x00, 0x00, 
0x00, 0x00, 0x00, 0x00, 
0x00, 0x00, 0x00, 0x00, 
0x00, 0x00, 0x00, 0x00, 
0x00, 0x00, 0x00, 0x00, 
0x00, 0x00, 0x00, 0x00, 
0x00, 0x00, 0x00, 0x00, 
0x00, 0x00, 0x00, 0x00, 
0x00, 0x00, 0x00, 0x00, 
0x00, 0x00, 0x00, 0x00, 
0x00, 0x00, 0x00, 0x00, 
0x00, 0x00, 0x00, 0x00, 
0x00, 0x00, 0x00, 0x00, 
0x00, 0x00, 0x00, 0x00, 
0x00, 0x00, 0x00, 0x00, 
0x00, 0x00, 0x00, 0x00, 
0x00, 0x00, 0x00, 0x00, 
0x00, 0x00, 0x00, 0x00, 
0x00, 0x00, 0x00, 0x00, 
0x00, 0x00, 0x00, 0x00, 
0x00, 0x00, 0x00, 0x00, 
0x00, 0x00, 0x00, 0x00, 
0x00, 0x00, 0x00, 0x00, 
0x00, 0x00, 0x00, 0x00, 
0x00, 0x00, 0x00, 0x00, 
0x00, 0x00, 0x00, 0x00, 
0x00, 0x00, 0x00, 0x00, 
0x00, 0x00, 0x00, 0x00, 
0x00, 0x00, 0x00, 0x00, 
0x00, 0x00, 0x00, 0x00, 
0x00, 0x00, 0x00, 0x00, 
0x00, 0x00, 0x00, 0x00, 
0x00, 0x00, 0x00, 0x00, 
0x00, 0x00, 0x00, 0x00, 
0x00, 0x00, 0x00, 0x00, 
0x00, 0x00, 0x00, 0x00, 
0x00, 0x00, 0x00, 0x00, 
0x00, 0x00, 0x00, 0x00, 
0x00, 0x00, 0x00, 0x00, 
0x00, 0x00, 0x00, 0x00, 
0x00, 0x00, 0x00, 0x00, 
0x00, 0x00, 0x00, 0x00, 
0x00, 0x00, 0x00, 0x00, 
0x00, 0x00, 0x00, 0x00, 
0x00, 0x00, 0x00, 0x00, 
0x00, 0x00, 0x00, 0x00, 
0x00, 0x00, 0x00, 0x00, 
0x00, 0x00, 0x00, 0x00, 
0x00, 0x00, 0x00, 0x00, 
0x00, 0x00, 0x00, 0x00, 
0x00, 0x00, 0x00, 0x00, 
0x00, 0x00, 0x00, 0x00, 
0x00, 0x00, 0x00, 0x00, 
0x00, 0x00, 0x00, 0x00, 
0x00, 0x00, 0x00, 0x00, 
0x00, 0x00, 0x00, 0x00, 
0x00, 0x00, 0x00, 0x00, 
0x00, 0x00, 0x00, 0x00, 
0x00, 0x00, 0x00, 0x00, 
0x00, 0x00, 0x00, 0x00, 
0x00, 0x00, 0x00, 0x00, 
0x00, 0x00, 0x00, 0x00, 
0x00, 0x00, 0x00, 0x00, 
0x00, 0x00, 0x00, 0x00, 
0x00, 0x00, 0x00, 0x00, 
0x00, 0x00, 0x00, 0x00, 
0x00, 0x00, 0x00, 0x00, 
0x00, 0x00, 0x00, 0x00, 
0x00, 0x00, 0x00, 0x00, 
0x00, 0x00, 0x00, 0x00, 
0x00, 0x00, 0x00, 0x00, 
0x00, 0x00, 0x00, 0x00, 
0x00, 0x00, 0x00, 0x00, 
0x00, 0x00, 0x00, 0x00, 
0x00, 0x00, 0x00, 0x00, 
0x00, 0x00, 0x00, 0x00, 
0x00, 0x00, 0x00, 0x00, 
0x00, 0x00, 0x00, 0x00, 
0x00, 0x00, 0x00, 0x00, 
0x00, 0x00, 0x00, 0x00, 
0x00, 0x00, 0x00, 0x00, 
0x00, 0x00, 0x00, 0x00, 
0x00, 0x00, 0x00, 0x00, 
0x00, 0x00, 0x00, 0x00, 
0x00, 0x00, 0x00, 0x00, 
0x00, 0x00, 0x00, 0x00, 
0x00, 0x00, 0x00, 0x00, 
0x00, 0x00, 0x00, 0x00, 
0x00, 0x00, 0x00, 0x00, 
0x00, 0x00, 0x00, 0x00, 
0x00, 0x00, 0x00, 0x00, 
0x00, 0x00, 0x00, 0x00, 
0x00, 0x00, 0x00, 0x00, 
0x00, 0x00, 0x00, 0x00, 
0x00, 0x00, 0x00, 0x00, 
0x00, 0x00, 0x00, 0x00, 
0x00, 0x00, 0x00, 0x00, 
0x00, 0x00, 0x00, 0x00, 
0x00, 0x00, 0x00, 0x00, 
0x00, 0x00, 0x00, 0x00, 
0x00, 0x00, 0x00, 0x00, 
0x00, 0x00, 0x00, 0x00, 
0x00, 0x00, 0x00, 0x00, 
0x00, 0x00, 0x00, 0x00, 
0x00, 0x00, 0x00, 0x00, 
0x00, 0x00, 0x00, 0x00, 
0x00, 0x00, 0x00, 0x00, 
0x00, 0x00, 0x00, 0x00, 
0x00, 0x00, 0x00, 0x00, 
0x00, 0x00, 0x00, 0x00, 
0x00, 0x00, 0x00, 0x00, 
0x00, 0x00, 0x00, 0x00, 
0x00, 0x00, 0x00, 0x00, 
0x00, 0x00, 0x00, 0x00, 
0x00, 0x00, 0x00, 0x00, 
0x00, 0x00, 0x00, 0x00, 
0x00, 0x00, 0x00, 0x00, 
0x00, 0x00, 0x00, 0x00, 
0x00, 0x00, 0x00, 0x00, 
0x00, 0x00, 0x00, 0x00, 
0x00, 0x00, 0x00, 0x00, 
0x00, 0x00, 0x00, 0x00, 
0x00, 0x00, 0x00, 0x00, 
0x00, 0x00, 0x00, 0x00, 
0x00, 0x00, 0x00, 0x00, 
0x00, 0x00, 0x00, 0x00, 
0x00, 0x00, 0x00, 0x00, 
0x00, 0x00, 0x00, 0x00, 
0x00, 0x00, 0x00, 0x00, 
0x00, 0x00, 0x00, 0x00, 
0x00, 0x00, 0x00, 0x00, 
0x00, 0x00, 0x00, 0x00, 
0x00, 0x00, 0x00, 0x00, 
0x00, 0x00, 0x00, 0x00, 
0x00, 0x00, 0x00, 0x00, 
0x00, 0x00, 0x00, 0x00, 
0x00, 0x00, 0x00, 0x00, 
0x00, 0x00, 0x00, 0x00, 
0x00, 0x00, 0x00, 0x00, 
0x00, 0x00, 0x00, 0x00, 
0x00, 0x00, 0x00, 0x00, 
0x00, 0x00, 0x00, 0x00, 
0x00, 0x00, 0x00, 0x00, 
0x00, 0x00, 0x00, 0x00, 
0x00, 0x00, 0x00, 0x00, 
0x00, 0x00, 0x00, 0x00, 
0x00, 0x00, 0x00, 0x00, 
0x00, 0x00, 0x00, 0x00, 
0x00, 0x00, 0x00, 0x00, 
0x00, 0x00, 0x00, 0x00, 
0x00, 0x00, 0x00, 0x00, 
0x00, 0x00, 0x00, 0x00, 
0x00, 0x00, 0x00, 0x00, 
0x00, 0x00, 0x00, 0x00, 
0x00, 0x00, 0x00, 0x00, 
0x00, 0x00, 0x00, 0x00, 
0x00, 0x00, 0x00, 0x00, 
0x00, 0x00, 0x00, 0x00, 
0x00, 0x00, 0x00, 0x00, 
0x00, 0x00, 0x00, 0x00, 
0x00, 0x00, 0x00, 0x00, 
0x00, 0x00, 0x00, 0x00, 
0x00, 0x00, 0x00, 0x00, 
0x00, 0x00, 0x00, 0x00, 
0x00, 0x00, 0x00, 0x00, 
0x00, 0x00, 0x00, 0x00, 
0x00, 0x00, 0x00, 0x00, 
0x00, 0x00, 0x00, 0x00, 
0x00, 0x00, 0x00, 0x00, 
0x00, 0x00, 0x00, 0x00, 
0x00, 0x00, 0x00, 0x00, 
0x00, 0x00, 0x00, 0x00, 
0x00, 0x00, 0x00, 0x00, 
0x00, 0x00, 0x00, 0x00, 
0x00, 0x00, 0x00, 0x00, 
0x00, 0x00, 0x00, 0x00, 
0x00, 0x00, 0x00, 0x00, 
0x00, 0x00, 0x00, 0x00, 
0x00, 0x00, 0x00, 0x00, 
0x00, 0x00, 0x00, 0x00, 
0x00, 0x00, 0x00, 0x00, 
0x00, 0x00, 0x00, 0x00, 
0x00, 0x00, 0x00, 0x00, 
0x00, 0x00, 0x00, 0x00, 
0x00, 0x00, 0x00, 0x00, 
0x00, 0x00, 0x00, 0x00, 
0x00, 0x00, 0x00, 0x00, 
0x00, 0x00, 0x00, 0x00, 
0x00, 0x00, 0x00, 0x00, 
0x00, 0x00, 0x00, 0x00, 
0x00, 0x00, 0x00, 0x00, 
0x00, 0x00, 0x00, 0x00, 
0x00, 0x00, 0x00, 0x00, 
0x00, 0x00, 0x00, 0x00, 
0x00, 0x00, 0x00, 0x00, 
0x00, 0x00, 0x00, 0x00, 
0x00, 0x00, 0x00, 0x00, 
0x00, 0x00, 0x00, 0x00, 
0x00, 0x00, 0x00, 0x00, 
0x00, 0x00, 0x00, 0x00, 
0x00, 0x00, 0x00, 0x00, 
0x00, 0x00, 0x00, 0x00, 
0x00, 0x00, 0x00, 0x00, 
0x00, 0x00, 0x00, 0x00, 
0x00, 0x00, 0x00, 0x00, 
0x00, 0x00, 0x00, 0x00, 
0x00, 0x00, 0x00, 0x00, 
0x00, 0x00, 0x00, 0x00, 
0x00, 0x00, 0x00, 0x00, 
0x00, 0x00, 0x00, 0x00, 
0x00, 0x00, 0x00, 0x00, 
0x00, 0x00, 0x00, 0x00, 
0x00, 0x00, 0x00, 0x00, 
0x00, 0x00, 0x00, 0x00, 
0x00, 0x00, 0x00, 0x00, 
0x00, 0x00, 0x00, 0x00, 
0x00, 0x00, 0x00, 0x00, 
0x00, 0x00, 0x00, 0x00, 
0x00, 0x00, 0x00, 0x00, 
0x00, 0x00, 0x00, 0x00, 
0x00, 0x00, 0x00, 0x00, 
0x00, 0x00, 0x00, 0x00, 
0x00, 0x00, 0x00, 0x00, 
0x00, 0x00, 0x00, 0x00, 
0x00, 0x00, 0x00, 0x00, 
0x00, 0x00, 0x00, 0x00, 
0x00, 0x00, 0x00, 0x00, 
0x00, 0x00, 0x00, 0x00, 
0x00, 0x00, 0x00, 0x00, 
0x00, 0x00, 0x00, 0x00, 
0x00, 0x00, 0x00, 0x00, 
0x00, 0x00, 0x00, 0x00, 
0x00, 0x00, 0x00, 0x00, 
0x00, 0x00, 0x00, 0x00, 
0x00, 0x00, 0x00, 0x00, 
0x00, 0x00, 0x00, 0x00, 
0x00, 0x00, 0x00, 0x00, 
0x00, 0x00, 0x00, 0x00, 
0x00, 0x00, 0x00, 0x00, 
0x00, 0x00, 0x00, 0x00, 
0x00, 0x00, 0x00, 0x00, 
0x00, 0x00, 0x00, 0x00, 
0x00, 0x00, 0x00, 0x00, 
0x00, 0x00, 0x00, 0x00, 
0x00, 0x00, 0x00, 0x00, 
0x00, 0x00, 0x00, 0x00, 
0x00, 0x00, 0x00, 0x00, 
0x00, 0x00, 0x00, 0x00, 
0x00, 0x00, 0x00, 0x00, 
0x00, 0x00, 0x00, 0x00, 
0x00, 0x00, 0x00, 0x00, 
0x00, 0x00, 0x00, 0x00, 
0x00, 0x00, 0x00, 0x00, 
0x00, 0x00, 0x00, 0x00, 
0x00, 0x00, 0x00, 0x00, 
0x00, 0x00, 0x00, 0x00, 
0x00, 0x00, 0x00, 0x00, 
0x00, 0x00, 0x00, 0x00, 
0x00, 0x00, 0x00, 0x00, 
0x00, 0x00, 0x00, 0x00, 
0x00, 0x00, 0x00, 0x00, 
0x00, 0x00, 0x00, 0x00, 
0x00, 0x00, 0x00, 0x00, 
0x00, 0x00, 0x00, 0x00, 
0x00, 0x00, 0x00, 0x00, 
0x00, 0x00, 0x00, 0x00, 
0x00, 0x00, 0x00, 0x00, 
0x00, 0x00, 0x00, 0x00, 
0x00, 0x00, 0x00, 0x00, 
0x00, 0x00, 0x00, 0x00, 
0x00, 0x00, 0x00, 0x00, 
0x00, 0x00, 0x00, 0x00, 
0x00, 0x00, 0x00, 0x00, 
0x00, 0x00, 0x00, 0x00, 
0x00, 0x00, 0x00, 0x00, 
0x00, 0x00, 0x00, 0x00, 
0x00, 0x00, 0x00, 0x00, 
0x00, 0x00, 0x00, 0x00, 
0x00, 0x00, 0x00, 0x00, 
0x00, 0x00, 0x00, 0x00, 
0x00, 0x00, 0x00, 0x00, 
0x00, 0x00, 0x00, 0x00, 
0x00, 0x00, 0x00, 0x00, 
0x00, 0x00, 0x00, 0x00, 
0x00, 0x00, 0x00, 0x00, 
0x00, 0x00, 0x00, 0x00, 
0x00, 0x00, 0x00, 0x00, 
0x00, 0x00, 0x00, 0x00, 
0x00, 0x00, 0x00, 0x00, 
0x00, 0x00, 0x00, 0x00, 
0x00, 0x00, 0x00, 0x00, 
0x00, 0x00, 0x00, 0x00, 
0x00, 0x00, 0x00, 0x00, 
0x00, 0x00, 0x00, 0x00, 
0x00, 0x00, 0x00, 0x00, 
0x00, 0x00, 0x00, 0x00, 
0x00, 0x00, 0x00, 0x00, 
0x00, 0x00, 0x00, 0x00, 
0x00, 0x00, 0x00, 0x00, 
0x00, 0x00, 0x00, 0x00, 
0x00, 0x00, 0x00, 0x00, 
0x00, 0x00, 0x00, 0x00, 
0x00, 0x00, 0x00, 0x00, 
0x00, 0x00, 0x00, 0x00, 
0x00, 0x00, 0x00, 0x00, 
0x00, 0x00, 0x00, 0x00, 
0x00, 0x00, 0x00, 0x00, 
0x00, 0x00, 0x00, 0x00, 
0x00, 0x00, 0x00, 0x00, 
0x00, 0x00, 0x00, 0x00, 
0x00, 0x00, 0x00, 0x00, 
0x00, 0x00, 0x00, 0x00, 
0x00, 0x00, 0x00, 0x00, 
0x00, 0x00, 0x00, 0x00, 
0x00, 0x00, 0x00, 0x00, 
0x00, 0x00, 0x00, 0x00, 
0x00, 0x00, 0x00, 0x00, 
0x00, 0x00, 0x00, 0x00, 
0x00, 0x00, 0x00, 0x00, 
0x00, 0x00, 0x00, 0x00, 
0x00, 0x00, 0x00, 0x00, 
0x00, 0x00, 0x00, 0x00, 
0x00, 0x00, 0x00, 0x00, 
0x00, 0x00, 0x00, 0x00, 
0x00, 0x00, 0x00, 0x00, 
0x00, 0x00, 0x00, 0x00, 
0x00, 0x00, 0x00, 0x00, 
0x00, 0x00, 0x00, 0x00, 
0x00, 0x00, 0x00, 0x00, 
0x00, 0x00, 0x00, 0x00, 
0x00, 0x00, 0x00, 0x00, 
0x00, 0x00, 0x00, 0x00, 
0x00, 0x00, 0x00, 0x00, 
0x00, 0x00, 0x00, 0x00, 
0x00, 0x00, 0x00, 0x00, 
0x00, 0x00, 0x00, 0x00, 
0x00, 0x00, 0x00, 0x00, 
0x00, 0x00, 0x00, 0x00, 
0x00, 0x00, 0x00, 0x00, 
0x00, 0x00, 0x00, 0x00, 
0x00, 0x00, 0x00, 0x00, 
0x00, 0x00, 0x00, 0x00, 
0x00, 0x00, 0x00, 0x00, 
0x00, 0x00, 0x00, 0x00, 
0x00, 0x00, 0x00, 0x00, 
0x00, 0x00, 0x00, 0x00, 
0x00, 0x00, 0x00, 0x00, 
0x00, 0x00, 0x00, 0x00, 
0x00, 0x00, 0x00, 0x00, 
0x00, 0x00, 0x00, 0x00, 
0x00, 0x00, 0x00, 0x00, 
0x00, 0x00, 0x00, 0x00, 
0x00, 0x00, 0x00, 0x00, 
0x00, 0x00, 0x00, 0x00, 
0x00, 0x00, 0x00, 0x00, 
0x00, 0x00, 0x00, 0x00, 
0x00, 0x00, 0x00, 0x00, 
0x00, 0x00, 0x00, 0x00, 
0x00, 0x00, 0x00, 0x00, 
0x00, 0x00, 0x00, 0x00, 
0x00, 0x00, 0x00, 0x00, 
0x00, 0x00, 0x00, 0x00, 
0x00, 0x00, 0x00, 0x00, 
0x00, 0x00, 0x00, 0x00, 
0x00, 0x00, 0x00, 0x00, 
0x00, 0x00, 0x00, 0x00, 
0x00, 0x00, 0x00, 0x00, 
0x00, 0x00, 0x00, 0x00, 
0x00, 0x00, 0x00, 0x00, 
0x00, 0x00, 0x00, 0x00, 
0x00, 0x00, 0x00, 0x00, 
0x00, 0x00, 0x00, 0x00, 
0x00, 0x00, 0x00, 0x00, 
0x00, 0x00, 0x00, 0x00, 
0x00, 0x00, 0x00, 0x00, 
0x00, 0x00, 0x00, 0x00, 
0x00, 0x00, 0x00, 0x00, 
0x00, 0x00, 0x00, 0x00, 
0x00, 0x00, 0x00, 0x00, 
0x00, 0x00, 0x00, 0x00, 
0x00, 0x00, 0x00, 0x00, 
0x00, 0x00, 0x00, 0x00, 
0x00, 0x00, 0x00, 0x00, 
0x00, 0x00, 0x00, 0x00, 
0x00, 0x00, 0x00, 0x00, 
0x00, 0x00, 0x00, 0x00, 
0x00, 0x00, 0x00, 0x00, 
0x00, 0x00, 0x00, 0x00, 
0x00, 0x00, 0x00, 0x00, 
0x00, 0x00, 0x00, 0x00, 
0x00, 0x00, 0x00, 0x00, 
0x00, 0x00, 0x00, 0x00, 
0x00, 0x00, 0x00, 0x00, 
0x00, 0x00, 0x00, 0x00, 
0x00, 0x00, 0x00, 0x00, 
0x00, 0x00, 0x00, 0x00, 
0x00, 0x00, 0x00, 0x00, 
0x00, 0x00, 0x00, 0x00, 
0x00, 0x00, 0x00, 0x00, 
0x00, 0x00, 0x00, 0x00, 
0x00, 0x00, 0x00, 0x00, 
0x00, 0x00, 0x00, 0x00, 
0x00, 0x00, 0x00, 0x00, 
0x00, 0x00, 0x00, 0x00, 
0x00, 0x00, 0x00, 0x00, 
0x00, 0x00, 0x00, 0x00, 
0x00, 0x00, 0x00, 0x00, 
0x00, 0x00, 0x00, 0x00, 
0x00, 0x00, 0x00, 0x00, 
0x00, 0x00, 0x00, 0x00, 
0x00, 0x00, 0x00, 0x00, 
0x00, 0x00, 0x00, 0x00, 
0x00, 0x00, 0x00, 0x00, 
0x00, 0x00, 0x00, 0x00, 
0x00, 0x00, 0x00, 0x00, 
0x00, 0x00, 0x00, 0x00, 
0x00, 0x00, 0x00, 0x00, 
0x00, 0x00, 0x00, 0x00, 
0x00, 0x00, 0x00, 0x00, 
0x00, 0x00, 0x00, 0x00, 
0x00, 0x00, 0x00, 0x00, 
0x00, 0x00, 0x00, 0x00, 
0x00, 0x00, 0x00, 0x00, 
0x00, 0x00, 0x00, 0x00, 
0x00, 0x00, 0x00, 0x00, 
0x00, 0x00, 0x00, 0x00, 
0x00, 0x00, 0x00, 0x00, 
0x00, 0x00, 0x00, 0x00, 
0x00, 0x00, 0x00, 0x00, 
0x00, 0x00, 0x00, 0x00, 
0x00, 0x00, 0x00, 0x00, 
0x00, 0x00, 0x00, 0x00, 
0x00, 0x00, 0x00, 0x00, 
0x00, 0x00, 0x00, 0x00, 
0x00, 0x00, 0x00, 0x00, 
0x00, 0x00, 0x00, 0x00, 
0x00, 0x00, 0x00, 0x00, 
0x00, 0x00, 0x00, 0x00, 
0x00, 0x00, 0x00, 0x00, 
0x00, 0x00, 0x00, 0x00, 
0x00, 0x00, 0x00, 0x00, 
0x00, 0x00, 0x00, 0x00, 
0x00, 0x00, 0x00, 0x00, 
0x00, 0x00, 0x00, 0x00, 
0x00, 0x00, 0x00, 0x00, 
0x00, 0x00, 0x00, 0x00, 
0x00, 0x00, 0x00, 0x00, 
0x00, 0x00, 0x00, 0x00, 
0x00, 0x00, 0x00, 0x00, 
0x00, 0x00, 0x00, 0x00, 
0x00, 0x00, 0x00, 0x00, 
0x00, 0x00, 0x00, 0x00, 
0x00, 0x00, 0x00, 0x00, 
0x00, 0x00, 0x00, 0x00, 
0x00, 0x00, 0x00, 0x00, 
0x00, 0x00, 0x00, 0x00, 
0x00, 0x00, 0x00, 0x00, 
0x00, 0x00, 0x00, 0x00, 
0x00, 0x00, 0x00, 0x00, 
0x00, 0x00, 0x00, 0x00, 
0x00, 0x00, 0x00, 0x00, 
0x00, 0x00, 0x00, 0x00, 
0x00, 0x00, 0x00, 0x00, 
0x00, 0x00, 0x00, 0x00, 
0x00, 0x00, 0x00, 0x00, 
0x00, 0x00, 0x00, 0x00, 
0x00, 0x00, 0x00, 0x00, 
0x00, 0x00, 0x00, 0x00, 
0x00, 0x00, 0x00, 0x00, 
0x00, 0x00, 0x00, 0x00, 
0x00, 0x00, 0x00, 0x00, 
0x00, 0x00, 0x00, 0x00, 
0x00, 0x00, 0x00, 0x00, 
0x00, 0x00, 0x00, 0x00, 
0x00, 0x00, 0x00, 0x00, 
0x00, 0x00, 0x00, 0x00, 
0x00, 0x00, 0x00, 0x00, 
0x00, 0x00, 0x00, 0x00, 
0x00, 0x00, 0x00, 0x00, 
0x00, 0x00, 0x00, 0x00, 
0x00, 0x00, 0x00, 0x00, 
0x00, 0x00, 0x00, 0x00, 
0x00, 0x00, 0x00, 0x00, 
0x00, 0x00, 0x00, 0x00, 
0x00, 0x00, 0x00, 0x00, 
0x00, 0x00, 0x00, 0x00, 
0x00, 0x00, 0x00, 0x00, 
0x00, 0x00, 0x00, 0x00, 
0x00, 0x00, 0x00, 0x00, 
0x00, 0x00, 0x00, 0x00, 
0x00, 0x00, 0x00, 0x00, 
0x00, 0x00, 0x00, 0x00, 
0x00, 0x00, 0x00, 0x00, 
0x00, 0x00, 0x00, 0x00, 
0x00, 0x00, 0x00, 0x00, 
0x00, 0x00, 0x00, 0x00, 
0x00, 0x00, 0x00, 0x00, 
0x00, 0x00, 0x00, 0x00, 
0x00, 0x00, 0x00, 0x00, 
0x00, 0x00, 0x00, 0x00, 
0x00, 0x00, 0x00, 0x00, 
0x00, 0x00, 0x00, 0x00, 
0x00, 0x00, 0x00, 0x00, 
0x00, 0x00, 0x00, 0x00, 
0x00, 0x00, 0x00, 0x00, 
0x00, 0x00, 0x00, 0x00, 
0x00, 0x00, 0x00, 0x00, 
0x00, 0x00, 0x00, 0x00, 
0x00, 0x00, 0x00, 0x00, 
0x00, 0x00, 0x00, 0x00, 
0x00, 0x00, 0x00, 0x00, 
0x00, 0x00, 0x00, 0x00, 
0x00, 0x00, 0x00, 0x00, 
0x00, 0x00, 0x00, 0x00, 
0x00, 0x00, 0x00, 0x00, 
0x00, 0x00, 0x00, 0x00, 
0x00, 0x00, 0x00, 0x00, 
0x00, 0x00, 0x00, 0x00, 
0x00, 0x00, 0x00, 0x00, 
0x00, 0x00, 0x00, 0x00, 
0x00, 0x00, 0x00, 0x00, 
0x00, 0x00, 0x00, 0x00, 
0x00, 0x00, 0x00, 0x00, 
0x00, 0x00, 0x00, 0x00, 
0x00, 0x00, 0x00, 0x00, 
0x00, 0x00, 0x00, 0x00, 
0x00, 0x00, 0x00, 0x00, 
0x00, 0x00, 0x00, 0x00, 
0x00, 0x00, 0x00, 0x00, 
0x00, 0x00, 0x00, 0x00, 
0x00, 0x00, 0x00, 0x00, 
0x00, 0x00, 0x00, 0x00, 
0x00, 0x00, 0x00, 0x00, 
0x00, 0x00, 0x00, 0x00, 
0x00, 0x00, 0x00, 0x00, 
0x00, 0x00, 0x00, 0x00, 
0x00, 0x00, 0x00, 0x00, 
0x00, 0x00, 0x00, 0x00, 
0x00, 0x00, 0x00, 0x00, 
0x00, 0x00, 0x00, 0x00, 
0x00, 0x00, 0x00, 0x00, 
0x00, 0x00, 0x00, 0x00, 
0x00, 0x00, 0x00, 0x00, 
0x00, 0x00, 0x00, 0x00, 
0x00, 0x00, 0x00, 0x00, 
0x00, 0x00, 0x00, 0x00, 
0x00, 0x00, 0x00, 0x00, 
0x00, 0x00, 0x00, 0x00, 
0x00, 0x00, 0x00, 0x00, 
0x00, 0x00, 0x00, 0x00, 
0x00, 0x00, 0x00, 0x00, 
0x00, 0x00, 0x00, 0x00, 
0x00, 0x00, 0x00, 0x00, 
0x00, 0x00, 0x00, 0x00, 
0x00, 0x00, 0x00, 0x00, 
0x00, 0x00, 0x00, 0x00, 
0x00, 0x00, 0x00, 0x00, 
0x00, 0x00, 0x00, 0x00, 
0x00, 0x00, 0x00, 0x00, 
0x00, 0x00, 0x00, 0x00, 
0x00, 0x00, 0x00, 0x00, 
0x00, 0x00, 0x00, 0x00, 
0x00, 0x00, 0x00, 0x00, 
0x00, 0x00, 0x00, 0x00, 
0x00, 0x00, 0x00, 0x00, 
0x00, 0x00, 0x00, 0x00, 
0x00, 0x00, 0x00, 0x00, 
0x00, 0x00, 0x00, 0x00, 
0x00, 0x00, 0x00, 0x00, 
0x00, 0x00, 0x00, 0x00, 
0x00, 0x00, 0x00, 0x00, 
0x00, 0x00, 0x00, 0x00, 
0x00, 0x00, 0x00, 0x00, 
0x00, 0x00, 0x00, 0x00, 
0x00, 0x00, 0x00, 0x00, 
0x00, 0x00, 0x00, 0x00, 
0x00, 0x00, 0x00, 0x00, 
0x00, 0x00, 0x00, 0x00, 
0x00, 0x00, 0x00, 0x00, 
0x00, 0x00, 0x00, 0x00, 
0x00, 0x00, 0x00, 0x00, 
0x00, 0x00, 0x00, 0x00, 
0x00, 0x00, 0x00, 0x00, 
0x00, 0x00, 0x00, 0x00, 
0x00, 0x00, 0x00, 0x00, 
0x00, 0x00, 0x00, 0x00, 
0x00, 0x00, 0x00, 0x00, 
0x00, 0x00, 0x00, 0x00, 
0x00, 0x00, 0x00, 0x00, 
0x00, 0x00, 0x00, 0x00, 
0x00, 0x00, 0x00, 0x00, 
0x00, 0x00, 0x00, 0x00, 
0x00, 0x00, 0x00, 0x00, 
0x00, 0x00, 0x00, 0x00, 
0x00, 0x00, 0x00, 0x00, 
0x00, 0x00, 0x00, 0x00, 
0x00, 0x00, 0x00, 0x00, 
0x00, 0x00, 0x00, 0x00, 
0x00, 0x00, 0x00, 0x00, 
0x00, 0x00, 0x00, 0x00, 
0x00, 0x00, 0x00, 0x00, 
0x00, 0x00, 0x00, 0x00, 
0x00, 0x00, 0x00, 0x00, 
0x00, 0x00, 0x00, 0x00, 
0x00, 0x00, 0x00, 0x00, 
0x00, 0x00, 0x00, 0x00, 
0x00, 0x00, 0x00, 0x00, 
0x00, 0x00, 0x00, 0x00, 
0x00, 0x00, 0x00, 0x00, 
0x00, 0x00, 0x00, 0x00, 
0x00, 0x00, 0x00, 0x00, 
0x00, 0x00, 0x00, 0x00, 
0x00, 0x00, 0x00, 0x00, 
0x00, 0x00, 0x00, 0x00, 
0x00, 0x00, 0x00, 0x00, 
0x00, 0x00, 0x00, 0x00, 
0x00, 0x00, 0x00, 0x00, 
0x00, 0x00, 0x00, 0x00, 
0x00, 0x00, 0x00, 0x00, 
0x00, 0x00, 0x00, 0x00, 
0x00, 0x00, 0x00, 0x00, 
0x00, 0x00, 0x00, 0x00, 
0x00, 0x00, 0x00, 0x00, 
0x00, 0x00, 0x00, 0x00, 
0x00, 0x00, 0x00, 0x00, 
0x00, 0x00, 0x00, 0x00, 
0x00, 0x00, 0x00, 0x00, 
0x00, 0x00, 0x00, 0x00, 
0x00, 0x00, 0x00, 0x00, 
0x00, 0x00, 0x00, 0x00, 
0x00, 0x00, 0x00, 0x00, 
0x00, 0x00, 0x00, 0x00, 
0x00, 0x00, 0x00, 0x00, 
0x00, 0x00, 0x00, 0x00, 
0x00, 0x00, 0x00, 0x00, 
0x00, 0x00, 0x00, 0x00, 
0x00, 0x00, 0x00, 0x00, 
0x00, 0x00, 0x00, 0x00, 
0x00, 0x00, 0x00, 0x00, 
0x00, 0x00, 0x00, 0x00, 
0x00, 0x00, 0x00, 0x00, 
0x00, 0x00, 0x00, 0x00, 
0x00, 0x00, 0x00, 0x00, 
0x00, 0x00, 0x00, 0x00, 
0x00, 0x00, 0x00, 0x00, 
0x00, 0x00, 0x00, 0x00, 
0x00, 0x00, 0x00, 0x00, 
0x00, 0x00, 0x00, 0x00, 
0x00, 0x00, 0x00, 0x00, 
0x00, 0x00, 0x00, 0x00, 
0x00, 0x00, 0x00, 0x00, 
0x00, 0x00, 0x00, 0x00, 
0x00, 0x00, 0x00, 0x00, 
0x00, 0x00, 0x00, 0x00, 
0x00, 0x00, 0x00, 0x00, 
0x00, 0x00, 0x00, 0x00, 
0x00, 0x00, 0x00, 0x00, 
0x00, 0x00, 0x00, 0x00, 
0x00, 0x00, 0x00, 0x00, 
0x00, 0x00, 0x00, 0x00, 
0x00, 0x00, 0x00, 0x00, 
0x00, 0x00, 0x00, 0x00, 
0x00, 0x00, 0x00, 0x00, 
0x00, 0x00, 0x00, 0x00, 
0x00, 0x00, 0x00, 0x00, 
0x00, 0x00, 0x00, 0x00, 
0x00, 0x00, 0x00, 0x00, 
0x00, 0x00, 0x00, 0x00, 
0x00, 0x00, 0x00, 0x00, 
0x00, 0x00, 0x00, 0x00, 
0x00, 0x00, 0x00, 0x00, 
0x00, 0x00, 0x00, 0x00, 
0x00, 0x00, 0x00, 0x00, 
0x00, 0x00, 0x00, 0x00, 
0x00, 0x00, 0x00, 0x00, 
0x00, 0x00, 0x00, 0x00, 
0x00, 0x00, 0x00, 0x00, 
0x00, 0x00, 0x00, 0x00, 
0x00, 0x00, 0x00, 0x00, 
0x00, 0x00, 0x00, 0x00, 
0x00, 0x00, 0x00, 0x00, 
0x00, 0x00, 0x00, 0x00, 
0x00, 0x00, 0x00, 0x00, 
0x00, 0x00, 0x00, 0x00, 
0x00, 0x00, 0x00, 0x00, 
0x00, 0x00, 0x00, 0x00, 
0x00, 0x00, 0x00, 0x00, 
0x00, 0x00, 0x00, 0x00, 
0x00, 0x00, 0x00, 0x00, 
0x00, 0x00, 0x00, 0x00, 
0x00, 0x00, 0x00, 0x00, 
0x00, 0x00, 0x00, 0x00, 
0x00, 0x00, 0x00, 0x00, 
0x00, 0x00, 0x00, 0x00, 
0x00, 0x00, 0x00, 0x00, 
0x00, 0x00, 0x00, 0x00, 
0x00, 0x00, 0x00, 0x00, 
0x00, 0x00, 0x00, 0x00, 
0x00, 0x00, 0x00, 0x00, 
0x00, 0x00, 0x00, 0x00, 
0x00, 0x00, 0x00, 0x00, 
0x00, 0x00, 0x00, 0x00, 
0x00, 0x00, 0x00, 0x00, 
0x00, 0x00, 0x00, 0x00, 
0x00, 0x00, 0x00, 0x00, 
0x00, 0x00, 0x00, 0x00, 
0x00, 0x00, 0x00, 0x00, 
0x00, 0x00, 0x00, 0x00, 
0x00, 0x00, 0x00, 0x00, 
0x00, 0x00, 0x00, 0x00, 
0x00, 0x00, 0x00, 0x00, 
0x00, 0x00, 0x00, 0x00, 
0x00, 0x00, 0x00, 0x00, 
0x00, 0x00, 0x00, 0x00, 
0x00, 0x00, 0x00, 0x00, 
0x00, 0x00, 0x00, 0x00, 
0x00, 0x00, 0x00, 0x00, 
0x00, 0x00, 0x00, 0x00, 
0x00, 0x00, 0x00, 0x00, 
0x00, 0x00, 0x00, 0x00, 
0x00, 0x00, 0x00, 0x00, 
0x00, 0x00, 0x00, 0x00, 
0x00, 0x00, 0x00, 0x00, 
0x00, 0x00, 0x00, 0x00, 
0x00, 0x00, 0x00, 0x00, 
0x00, 0x00, 0x00, 0x00, 
0x00, 0x00, 0x00, 0x00, 
0x00, 0x00, 0x00, 0x00, 
0x00, 0x00, 0x00, 0x00, 
0x00, 0x00, 0x00, 0x00, 
0x00, 0x00, 0x00, 0x00, 
0x00, 0x00, 0x00, 0x00, 
0x00, 0x00, 0x00, 0x00, 
0x00, 0x00, 0x00, 0x00, 
0x00, 0x00, 0x00, 0x00, 
0x00, 0x00, 0x00, 0x00, 
0x00, 0x00, 0x00, 0x00, 
0x00, 0x00, 0x00, 0x00, 
0x00, 0x00, 0x00, 0x00, 
0x00, 0x00, 0x00, 0x00, 
0x00, 0x00, 0x00, 0x00, 
0x00, 0x00, 0x00, 0x00, 
0x00, 0x00, 0x00, 0x00, 
0x00, 0x00, 0x00, 0x00, 
0x00, 0x00, 0x00, 0x00, 
0x00, 0x00, 0x00, 0x00, 
0x00, 0x00, 0x00, 0x00, 
0x00, 0x00, 0x00, 0x00, 
0x00, 0x00, 0x00, 0x00, 
0x00, 0x00, 0x00, 0x00, 
0x00, 0x00, 0x00, 0x00, 
0x00, 0x00, 0x00, 0x00, 
0x00, 0x00, 0x00, 0x00, 
0x00, 0x00, 0x00, 0x00, 
0x00, 0x00, 0x00, 0x00, 
0x00, 0x00, 0x00, 0x00, 
0x00, 0x00, 0x00, 0x00, 
0x00, 0x00, 0x00, 0x00, 
0x00, 0x00, 0x00, 0x00, 
0x00, 0x00, 0x00, 0x00, 
0x00, 0x00, 0x00, 0x00, 
0x00, 0x00, 0x00, 0x00, 
0x00, 0x00, 0x00, 0x00, 
0x00, 0x00, 0x00, 0x00, 
0x00, 0x00, 0x00, 0x00, 
0x00, 0x00, 0x00, 0x00, 
0x00, 0x00, 0x00, 0x00, 
0x00, 0x00, 0x00, 0x00, 
0x00, 0x00, 0x00, 0x00, 
0x00, 0x00, 0x00, 0x00, 
0x00, 0x00, 0x00, 0x00, 
0x00, 0x00, 0x00, 0x00, 
0x00, 0x00, 0x00, 0x00, 
0x00, 0x00, 0x00, 0x00, 
0x00, 0x00, 0x00, 0x00, 
0x00, 0x00, 0x00, 0x00, 
0x00, 0x00, 0x00, 0x00, 
0x00, 0x00, 0x00, 0x00, 
0x00, 0x00, 0x00, 0x00, 
0x00, 0x00, 0x00, 0x00, 
0x00, 0x00, 0x00, 0x00, 
0x00, 0x00, 0x00, 0x00, 
0x00, 0x00, 0x00, 0x00, 
0x00, 0x00, 0x00, 0x00, 
0x00, 0x00, 0x00, 0x00, 
0x00, 0x00, 0x00, 0x00, 
0x00, 0x00, 0x00, 0x00, 
0x00, 0x00, 0x00, 0x00, 
0x00, 0x00, 0x00, 0x00, 
0x00, 0x00, 0x00, 0x00, 
0x00, 0x00, 0x00, 0x00, 
0x00, 0x00, 0x00, 0x00, 
0x00, 0x00, 0x00, 0x00, 
0x00, 0x00, 0x00, 0x00, 
0x00, 0x00, 0x00, 0x00, 
0x00, 0x00, 0x00, 0x00, 
0x00, 0x00, 0x00, 0x00, 
0x00, 0x00, 0x00, 0x00, 
0x00, 0x00, 0x00, 0x00, 
0x00, 0x00, 0x00, 0x00, 
0x00, 0x00, 0x00, 0x00, 
0x00, 0x00, 0x00, 0x00, 
0x00, 0x00, 0x00, 0x00, 
0x00, 0x00, 0x00, 0x00, 
0x00, 0x00, 0x00, 0x00, 
0x00, 0x00, 0x00, 0x00, 
0x00, 0x00, 0x00, 0x00, 
0x00, 0x00, 0x00, 0x00, 
0x00, 0x00, 0x00, 0x00, 
0x00, 0x00, 0x00, 0x00, 
0x00, 0x00, 0x00, 0x00, 
0x00, 0x00, 0x00, 0x00, 
0x00, 0x00, 0x00, 0x00, 
0x00, 0x00, 0x00, 0x00, 
0x00, 0x00, 0x00, 0x00, 
0x00, 0x00, 0x00, 0x00, 
0x00, 0x00, 0x00, 0x00, 
0x00, 0x00, 0x00, 0x00, 
0x00, 0x00, 0x00, 0x00, 
0x00, 0x00, 0x00, 0x00, 
0x00, 0x00, 0x00, 0x00, 
0x00, 0x00, 0x00, 0x00, 
0x00, 0x00, 0x00, 0x00, 
0x00, 0x00, 0x00, 0x00, 
0x00, 0x00, 0x00, 0x00, 
0x00, 0x00, 0x00, 0x00, 
0x00, 0x00, 0x00, 0x00, 
0x00, 0x00, 0x00, 0x00, 
0x00, 0x00, 0x00, 0x00, 
0x00, 0x00, 0x00, 0x00, 
0x00, 0x00, 0x00, 0x00, 
0x00, 0x00, 0x00, 0x00, 
0x00, 0x00, 0x00, 0x00, 
0x00, 0x00, 0x00, 0x00, 
0x00, 0x00, 0x00, 0x00, 
0x00, 0x00, 0x00, 0x00, 
0x00, 0x00, 0x00, 0x00, 
0x00, 0x00, 0x00, 0x00, 
0x00, 0x00, 0x00, 0x00, 
0x00, 0x00, 0x00, 0x00, 
0x00, 0x00, 0x00, 0x00, 
0x00, 0x00, 0x00, 0x00, 
0x00, 0x00, 0x00, 0x00, 
0x00, 0x00, 0x00, 0x00, 
0x00, 0x00, 0x00, 0x00, 
0x00, 0x00, 0x00, 0x00, 
0x00, 0x00, 0x00, 0x00, 
0x00, 0x00, 0x00, 0x00, 
0x00, 0x00, 0x00, 0x00, 
0x00, 0x00, 0x00, 0x00, 
0x00, 0x00, 0x00, 0x00, 
0x00, 0x00, 0x00, 0x00, 
0x00, 0x00, 0x00, 0x00, 
0x00, 0x00, 0x00, 0x00, 
0x00, 0x00, 0x00, 0x00, 
0x00, 0x00, 0x00, 0x00, 
0x00, 0x00, 0x00, 0x00, 
0x00, 0x00, 0x00, 0x00, 
0x00, 0x00, 0x00, 0x00, 
0x00, 0x00, 0x00, 0x00, 
0x00, 0x00, 0x00, 0x00, 
0x00, 0x00, 0x00, 0x00, 
0x00, 0x00, 0x00, 0x00, 
0x00, 0x00, 0x00, 0x00, 
0x00, 0x00, 0x00, 0x00, 
0x00, 0x00, 0x00, 0x00, 
0x00, 0x00, 0x00, 0x00, 
0x00, 0x00, 0x00, 0x00, 
0x00, 0x00, 0x00, 0x00, 
0x00, 0x00, 0x00, 0x00, 
0x00, 0x00, 0x00, 0x00, 
0x00, 0x00, 0x00, 0x00, 
0x00, 0x00, 0x00, 0x00, 
0x00, 0x00, 0x00, 0x00, 
0x00, 0x00, 0x00, 0x00, 
0x00, 0x00, 0x00, 0x00, 
0x00, 0x00, 0x00, 0x00, 
0x00, 0x00, 0x00, 0x00, 
0x00, 0x00, 0x00, 0x00, 
0x00, 0x00, 0x00, 0x00, 
0x00, 0x00, 0x00, 0x00, 
0x00, 0x00, 0x00, 0x00, 
0x00, 0x00, 0x00, 0x00, 
0x00, 0x00, 0x00, 0x00, 
0x00, 0x00, 0x00, 0x00, 
0x00, 0x00, 0x00, 0x00, 
0x00, 0x00, 0x00, 0x00, 
0x00, 0x00, 0x00, 0x00, 
0x00, 0x00, 0x00, 0x00, 
0x00, 0x00, 0x00, 0x00, 
0x00, 0x00, 0x00, 0x00, 
0x00, 0x00, 0x00, 0x00, 
0x00, 0x00, 0x00, 0x00, 
0x00, 0x00, 0x00, 0x00, 
0x00, 0x00, 0x00, 0x00, 
0x00, 0x00, 0x00, 0x00, 
0x00, 0x00, 0x00, 0x00, 
0x00, 0x00, 0x00, 0x00, 
0x00, 0x00, 0x00, 0x00, 
0x00, 0x00, 0x00, 0x00, 
0x00, 0x00, 0x00, 0x00, 
0x00, 0x00, 0x00, 0x00, 
0x00, 0x00, 0x00, 0x00, 
0x00, 0x00, 0x00, 0x00, 
0x00, 0x00, 0x00, 0x00, 
0x00, 0x00, 0x00, 0x00, 
0x00, 0x00, 0x00, 0x00, 
0x00, 0x00, 0x00, 0x00, 
0x00, 0x00, 0x00, 0x00, 
0x00, 0x00, 0x00, 0x00, 
0x00, 0x00, 0x00, 0x00, 
0x00, 0x00, 0x00, 0x00, 
0x00, 0x00, 0x00, 0x00, 
0x00, 0x00, 0x00, 0x00, 
0x00, 0x00, 0x00, 0x00, 
0x00, 0x00, 0x00, 0x00, 
0x00, 0x00, 0x00, 0x00, 
0x00, 0x00, 0x00, 0x00, 
0x00, 0x00, 0x00, 0x00, 
0x00, 0x00, 0x00, 0x00, 
0x00, 0x00, 0x00, 0x00, 
0x00, 0x00, 0x00, 0x00, 
0x00, 0x00, 0x00, 0x00, 
0x00, 0x00, 0x00, 0x00, 
0x00, 0x00, 0x00, 0x00, 
0x00, 0x00, 0x00, 0x00, 
0x00, 0x00, 0x00, 0x00, 
0x00, 0x00, 0x00, 0x00, 
0x00, 0x00, 0x00, 0x00, 
0x00, 0x00, 0x00, 0x00, 
0x00, 0x00, 0x00, 0x00, 
0x00, 0x00, 0x00, 0x00, 
0x00, 0x00, 0x00, 0x00, 
0x00, 0x00, 0x00, 0x00, 
0x00, 0x00, 0x00, 0x00, 
0x00, 0x00, 0x00, 0x00, 
0x00, 0x00, 0x00, 0x00, 
0x00, 0x00, 0x00, 0x00, 
0x00, 0x00, 0x00, 0x00, 
0x00, 0x00, 0x00, 0x00, 
0x00, 0x00, 0x00, 0x00, 
0x00, 0x00, 0x00, 0x00, 
0x00, 0x00, 0x00, 0x00, 
0x00, 0x00, 0x00, 0x00, 
0x00, 0x00, 0x00, 0x00, 
0x00, 0x00, 0x00, 0x00, 
0x00, 0x00, 0x00, 0x00, 
0x00, 0x00, 0x00, 0x00, 
0x00, 0x00, 0x00, 0x00, 
0x00, 0x00, 0x00, 0x00, 
0x00, 0x00, 0x00, 0x00, 
0x00, 0x00, 0x00, 0x00, 
0x00, 0x00, 0x00, 0x00, 
0x00, 0x00, 0x00, 0x00, 
0x00, 0x00, 0x00, 0x00, 
0x00, 0x00, 0x00, 0x00, 
0x00, 0x00, 0x00, 0x00, 
0x00, 0x00, 0x00, 0x00, 
0x00, 0x00, 0x00, 0x00, 
0x00, 0x00, 0x00, 0x00, 
0x00, 0x00, 0x00, 0x00, 
0x00, 0x00, 0x00, 0x00, 
0x00, 0x00, 0x00, 0x00, 
0x00, 0x00, 0x00, 0x00, 
0x00, 0x00, 0x00, 0x00, 
0x00, 0x00, 0x00, 0x00, 
0x00, 0x00, 0x00, 0x00, 
0x00, 0x00, 0x00, 0x00, 
0x00, 0x00, 0x00, 0x00, 
0x00, 0x00, 0x00, 0x00, 
0x00, 0x00, 0x00, 0x00, 
0x00, 0x00, 0x00, 0x00, 
0x00, 0x00, 0x00, 0x00, 
0x00, 0x00, 0x00, 0x00, 
0x00, 0x00, 0x00, 0x00, 
0x00, 0x00, 0x00, 0x00, 
0x00, 0x00, 0x00, 0x00, 
0x00, 0x00, 0x00, 0x00, 
0x00, 0x00, 0x00, 0x00, 
0x00, 0x00, 0x00, 0x00, 
0x00, 0x00, 0x00, 0x00, 
0x00, 0x00, 0x00, 0x00, 
0x00, 0x00, 0x00, 0x00, 
0x00, 0x00, 0x00, 0x00, 
0x00, 0x00, 0x00, 0x00, 
0x00, 0x00, 0x00, 0x00, 
0x00, 0x00, 0x00, 0x00, 
0x00, 0x00, 0x00, 0x00, 
0x00, 0x00, 0x00, 0x00, 
0x00, 0x00, 0x00, 0x00, 
0x00, 0x00, 0x00, 0x00, 
0x00, 0x00, 0x00, 0x00, 
0x00, 0x00, 0x00, 0x00, 
0x00, 0x00, 0x00, 0x00, 
0x00, 0x00, 0x00, 0x00, 
0x00, 0x00, 0x00, 0x00, 
0x00, 0x00, 0x00, 0x00, 
0x00, 0x00, 0x00, 0x00, 
0x00, 0x00, 0x00, 0x00, 
0x00, 0x00, 0x00, 0x00, 
0x00, 0x00, 0x00, 0x00, 
0x00, 0x00, 0x00, 0x00, 
0x00, 0x00, 0x00, 0x00, 
0x00, 0x00, 0x00, 0x00, 
0x00, 0x00, 0x00, 0x00, 
0x00, 0x00, 0x00, 0x00, 
0x00, 0x00, 0x00, 0x00, 
0x00, 0x00, 0x00, 0x00, 
0x00, 0x00, 0x00, 0x00, 
0x00, 0x00, 0x00, 0x00, 
0x00, 0x00, 0x00, 0x00, 
0x00, 0x00, 0x00, 0x00, 
0x00, 0x00, 0x00, 0x00, 
0x00, 0x00, 0x00, 0x00, 
0x00, 0x00, 0x00, 0x00, 
0x00, 0x00, 0x00, 0x00, 
0x00, 0x00, 0x00, 0x00, 
0x00, 0x00, 0x00, 0x00, 
0x00, 0x00, 0x00, 0x00, 
0x00, 0x00, 0x00, 0x00, 
0x00, 0x00, 0x00, 0x00, 
0x00, 0x00, 0x00, 0x00, 
0x00, 0x00, 0x00, 0x00, 
0x00, 0x00, 0x00, 0x00, 
0x00, 0x00, 0x00, 0x00, 
0x00, 0x00, 0x00, 0x00, 
0x00, 0x00, 0x00, 0x00, 
0x00, 0x00, 0x00, 0x00, 
0x00, 0x00, 0x00, 0x00, 
0x00, 0x00, 0x00, 0x00, 
0x00, 0x00, 0x00, 0x00, 
0x00, 0x00, 0x00, 0x00, 
0x00, 0x00, 0x00, 0x00, 
0x00, 0x00, 0x00, 0x00, 
0x00, 0x00, 0x00, 0x00, 
0x00, 0x00, 0x00, 0x00, 
0x00, 0x00, 0x00, 0x00, 
0x00, 0x00, 0x00, 0x00, 
0x00, 0x00, 0x00, 0x00, 
0x00, 0x00, 0x00, 0x00, 
0x00, 0x00, 0x00, 0x00, 
0x00, 0x00, 0x00, 0x00, 
0x00, 0x00, 0x00, 0x00, 
0x00, 0x00, 0x00, 0x00, 
0x00, 0x00, 0x00, 0x00, 
0x00, 0x00, 0x00, 0x00, 
0x00, 0x00, 0x00, 0x00, 
0x00, 0x00, 0x00, 0x00, 
0x00, 0x00, 0x00, 0x00, 
0x00, 0x00, 0x00, 0x00, 
0x00, 0x00, 0x00, 0x00, 
0x00, 0x00, 0x00, 0x00, 
0x00, 0x00, 0x00, 0x00, 
0x00, 0x00, 0x00, 0x00, 
0x00, 0x00, 0x00, 0x00, 
0x00, 0x00, 0x00, 0x00, 
0x00, 0x00, 0x00, 0x00, 
0x00, 0x00, 0x00, 0x00, 
0x00, 0x00, 0x00, 0x00, 
0x00, 0x00, 0x00, 0x00, 
0x00, 0x00, 0x00, 0x00, 
0x00, 0x00, 0x00, 0x00, 
0x00, 0x00, 0x00, 0x00, 
0x00, 0x00, 0x00, 0x00, 
0x00, 0x00, 0x00, 0x00, 
0x00, 0x00, 0x00, 0x00, 
0x00, 0x00, 0x00, 0x00, 
0x00, 0x00, 0x00, 0x00, 
0x00, 0x00, 0x00, 0x00, 
0x00, 0x00, 0x00, 0x00, 
0x00, 0x00, 0x00, 0x00, 
0x00, 0x00, 0x00, 0x00, 
0x00, 0x00, 0x00, 0x00, 
0x00, 0x00, 0x00, 0x00, 
0x00, 0x00, 0x00, 0x00, 
0x00, 0x00, 0x00, 0x00, 
0x00, 0x00, 0x00, 0x00, 
0x00, 0x00, 0x00, 0x00, 
0x00, 0x00, 0x00, 0x00, 
0x00, 0x00, 0x00, 0x00, 
0x00, 0x00, 0x00, 0x00, 
0x00, 0x00, 0x00, 0x00, 
0x00, 0x00, 0x00, 0x00, 
0x00, 0x00, 0x00, 0x00, 
0x00, 0x00, 0x00, 0x00, 
0x00, 0x00, 0x00, 0x00, 
0x00, 0x00, 0x00, 0x00, 
0x00, 0x00, 0x00, 0x00, 
0x00, 0x00, 0x00, 0x00, 
0x00, 0x00, 0x00, 0x00, 
0x00, 0x00, 0x00, 0x00, 
0x00, 0x00, 0x00, 0x00, 
0x00, 0x00, 0x00, 0x00, 
0x00, 0x00, 0x00, 0x00, 
0x00, 0x00, 0x00, 0x00, 
0x00, 0x00, 0x00, 0x00, 
0x00, 0x00, 0x00, 0x00, 
0x00, 0x00, 0x00, 0x00, 
0x00, 0x00, 0x00, 0x00, 
0x00, 0x00, 0x00, 0x00, 
0x00, 0x00, 0x00, 0x00, 
0x00, 0x00, 0x00, 0x00, 
0x00, 0x00, 0x00, 0x00, 
0x00, 0x00, 0x00, 0x00, 
0x00, 0x00, 0x00, 0x00, 
0x00, 0x00, 0x00, 0x00, 
0x00, 0x00, 0x00, 0x00, 
0x00, 0x00, 0x00, 0x00, 
0x00, 0x00, 0x00, 0x00, 
0x00, 0x00, 0x00, 0x00, 
0x00, 0x00, 0x00, 0x00, 
0x00, 0x00, 0x00, 0x00, 
0x00, 0x00, 0x00, 0x00, 
0x00, 0x00, 0x00, 0x00, 
0x00, 0x00, 0x00, 0x00, 
0x00, 0x00, 0x00, 0x00, 
0x00, 0x00, 0x00, 0x00, 
0x00, 0x00, 0x00, 0x00, 
0x00, 0x00, 0x00, 0x00, 
0x00, 0x00, 0x00, 0x00, 
0x00, 0x00, 0x00, 0x00, 
0x00, 0x00, 0x00, 0x00, 
0x00, 0x00, 0x00, 0x00, 
0x00, 0x00, 0x00, 0x00, 
0x00, 0x00, 0x00, 0x00, 
0x00, 0x00, 0x00, 0x00, 
0x00, 0x00, 0x00, 0x00, 
0x00, 0x00, 0x00, 0x00, 
0x00, 0x00, 0x00, 0x00, 
0x00, 0x00, 0x00, 0x00, 
0x00, 0x00, 0x00, 0x00, 
0x00, 0x00, 0x00, 0x00, 
0x00, 0x00, 0x00, 0x00, 
0x00, 0x00, 0x00, 0x00, 
0x00, 0x00, 0x00, 0x00, 
0x00, 0x00, 0x00, 0x00, 
0x00, 0x00, 0x00, 0x00, 
0x00, 0x00, 0x00, 0x00, 
0x00, 0x00, 0x00, 0x00, 
0x00, 0x00, 0x00, 0x00, 
0x00, 0x00, 0x00, 0x00, 
0x00, 0x00, 0x00, 0x00, 
0x00, 0x00, 0x00, 0x00, 
0x00, 0x00, 0x00, 0x00, 
0x00, 0x00, 0x00, 0x00, 
0x00, 0x00, 0x00, 0x00, 
0x00, 0x00, 0x00, 0x00, 
0x00, 0x00, 0x00, 0x00, 
0x00, 0x00, 0x00, 0x00, 
0x00, 0x00, 0x00, 0x00, 
0x00, 0x00, 0x00, 0x00, 
0x00, 0x00, 0x00, 0x00, 
0x00, 0x00, 0x00, 0x00, 
0x00, 0x00, 0x00, 0x00, 
0x00, 0x00, 0x00, 0x00, 
0x00, 0x00, 0x00, 0x00, 
0x00, 0x00, 0x00, 0x00, 
0x00, 0x00, 0x00, 0x00, 
0x00, 0x00, 0x00, 0x00, 
0x00, 0x00, 0x00, 0x00, 
0x00, 0x00, 0x00, 0x00, 
0x00, 0x00, 0x00, 0x00, 
0x00, 0x00, 0x00, 0x00, 
0x00, 0x00, 0x00, 0x00, 
0x00, 0x00, 0x00, 0x00, 
0x00, 0x00, 0x00, 0x00, 
0x00, 0x00, 0x00, 0x00, 
0x00, 0x00, 0x00, 0x00, 
0x00, 0x00, 0x00, 0x00, 
0x00, 0x00, 0x00, 0x00, 
0x00, 0x00, 0x00, 0x00, 
0x00, 0x00, 0x00, 0x00, 
0x00, 0x00, 0x00, 0x00, 
0x00, 0x00, 0x00, 0x00, 
0x00, 0x00, 0x00, 0x00, 
0x00, 0x00, 0x00, 0x00, 
0x00, 0x00, 0x00, 0x00, 
0x00, 0x00, 0x00, 0x00, 
0x00, 0x00, 0x00, 0x00, 
0x00, 0x00, 0x00, 0x00, 
0x00, 0x00, 0x00, 0x00, 
0x00, 0x00, 0x00, 0x00, 
0x00, 0x00, 0x00, 0x00, 
0x00, 0x00, 0x00, 0x00, 
0x00, 0x00, 0x00, 0x00, 
0x00, 0x00, 0x00, 0x00, 
0x00, 0x00, 0x00, 0x00, 
0x00, 0x00, 0x00, 0x00, 
0x00, 0x00, 0x00, 0x00, 
0x00, 0x00, 0x00, 0x00, 
0x00, 0x00, 0x00, 0x00, 
0x00, 0x00, 0x00, 0x00, 
0x00, 0x00, 0x00, 0x00, 
0x00, 0x00, 0x00, 0x00, 
0x00, 0x00, 0x00, 0x00, 
0x00, 0x00, 0x00, 0x00, 
0x00, 0x00, 0x00, 0x00, 
0x00, 0x00, 0x00, 0x00, 
0x00, 0x00, 0x00, 0x00, 
0x00, 0x00, 0x00, 0x00, 
0x00, 0x00, 0x00, 0x00, 
0x00, 0x00, 0x00, 0x00, 
0x00, 0x00, 0x00, 0x00, 
0x00, 0x00, 0x00, 0x00, 
0x00, 0x00, 0x00, 0x00, 
0x00, 0x00, 0x00, 0x00, 
0x00, 0x00, 0x00, 0x00, 
0x00, 0x00, 0x00, 0x00, 
0x00, 0x00, 0x00, 0x00, 
0x00, 0x00, 0x00, 0x00, 
0x00, 0x00, 0x00, 0x00, 
0x00, 0x00, 0x00, 0x00, 
0x00, 0x00, 0x00, 0x00, 
0x00, 0x00, 0x00, 0x00, 
0x00, 0x00, 0x00, 0x00, 
0x00, 0x00, 0x00, 0x00, 
0x00, 0x00, 0x00, 0x00, 
0x00, 0x00, 0x00, 0x00, 
0x00, 0x00, 0x00, 0x00, 
0x00, 0x00, 0x00, 0x00, 
0x00, 0x00, 0x00, 0x00, 
0x00, 0x00, 0x00, 0x00, 
0x00, 0x00, 0x00, 0x00, 
0x00, 0x00, 0x00, 0x00, 
0x00, 0x00, 0x00, 0x00, 
0x00, 0x00, 0x00, 0x00, 
0x00, 0x00, 0x00, 0x00, 
0x00, 0x00, 0x00, 0x00, 
0x00, 0x00, 0x00, 0x00, 
0x00, 0x00, 0x00, 0x00, 
0x00, 0x00, 0x00, 0x00, 
0x00, 0x00, 0x00, 0x00, 
0x00, 0x00, 0x00, 0x00, 
0x00, 0x00, 0x00, 0x00, 
0x00, 0x00, 0x00, 0x00, 
0x00, 0x00, 0x00, 0x00, 
0x00, 0x00, 0x00, 0x00, 
0x00, 0x00, 0x00, 0x00, 
0x00, 0x00, 0x00, 0x00, 
0x00, 0x00, 0x00, 0x00, 
0x00, 0x00, 0x00, 0x00, 
0x00, 0x00, 0x00, 0x00, 
0x00, 0x00, 0x00, 0x00, 
0x00, 0x00, 0x00, 0x00, 
0x00, 0x00, 0x00, 0x00, 
0x00, 0x00, 0x00, 0x00, 
0x00, 0x00, 0x00, 0x00, 
0x00, 0x00, 0x00, 0x00, 
0x00, 0x00, 0x00, 0x00, 
0x00, 0x00, 0x00, 0x00, 
0x00, 0x00, 0x00, 0x00, 
0x00, 0x00, 0x00, 0x00, 
0x00, 0x00, 0x00, 0x00, 
0x00, 0x00, 0x00, 0x00, 
0x00, 0x00, 0x00, 0x00, 
0x00, 0x00, 0x00, 0x00, 
0x00, 0x00, 0x00, 0x00, 
0x00, 0x00, 0x00, 0x00, 
0x00, 0x00, 0x00, 0x00, 
0x00, 0x00, 0x00, 0x00, 
0x00, 0x00, 0x00, 0x00, 
0x00, 0x00, 0x00, 0x00, 
0x00, 0x00, 0x00, 0x00, 
0x00, 0x00, 0x00, 0x00, 
0x00, 0x00, 0x00, 0x00, 
0x00, 0x00, 0x00, 0x00, 
0x00, 0x00, 0x00, 0x00, 
0x00, 0x00, 0x00, 0x00, 
0x00, 0x00, 0x00, 0x00, 
0x00, 0x00, 0x00, 0x00, 
0x00, 0x00, 0x00, 0x00, 
0x00, 0x00, 0x00, 0x00, 
0x00, 0x00, 0x00, 0x00, 
0x00, 0x00, 0x00, 0x00, 
0x00, 0x00, 0x00, 0x00, 
0x00, 0x00, 0x00, 0x00, 
0x00, 0x00, 0x00, 0x00, 
0x00, 0x00, 0x00, 0x00, 
0x00, 0x00, 0x00, 0x00, 
0x00, 0x00, 0x00, 0x00, 
0x00, 0x00, 0x00, 0x00, 
0x00, 0x00, 0x00, 0x00, 
0x00, 0x00, 0x00, 0x00, 
0x00, 0x00, 0x00, 0x00, 
0x00, 0x00, 0x00, 0x00, 
0x00, 0x00, 0x00, 0x00, 
0x00, 0x00, 0x00, 0x00, 
0x00, 0x00, 0x00, 0x00, 
0x00, 0x00, 0x00, 0x00, 
0x00, 0x00, 0x00, 0x00, 
0x00, 0x00, 0x00, 0x00, 
0x00, 0x00, 0x00, 0x00, 
0x00, 0x00, 0x00, 0x00, 
0x00, 0x00, 0x00, 0x00, 
0x00, 0x00, 0x00, 0x00, 
0x00, 0x00, 0x00, 0x00, 
0x00, 0x00, 0x00, 0x00, 
0x00, 0x00, 0x00, 0x00, 
0x00, 0x00, 0x00, 0x00, 
0x00, 0x00, 0x00, 0x00, 
0x00, 0x00, 0x00, 0x00, 
0x00, 0x00, 0x00, 0x00, 
0x00, 0x00, 0x00, 0x00, 
0x00, 0x00, 0x00, 0x00, 
0x00, 0x00, 0x00, 0x00, 
0x00, 0x00, 0x00, 0x00, 
0x00, 0x00, 0x00, 0x00, 
0x00, 0x00, 0x00, 0x00, 
0x00, 0x00, 0x00, 0x00, 
0x00, 0x00, 0x00, 0x00, 
0x00, 0x00, 0x00, 0x00, 
0x00, 0x00, 0x00, 0x00, 
0x00, 0x00, 0x00, 0x00, 
0x00, 0x00, 0x00, 0x00, 
0x00, 0x00, 0x00, 0x00, 
0x00, 0x00, 0x00, 0x00, 
0x00, 0x00, 0x00, 0x00, 
0x00, 0x00, 0x00, 0x00, 
0x00, 0x00, 0x00, 0x00, 
0x00, 0x00, 0x00, 0x00, 
0x00, 0x00, 0x00, 0x00, 
0x00, 0x00, 0x00, 0x00, 
0x00, 0x00, 0x00, 0x00, 
0x00, 0x00, 0x00, 0x00, 
0x00, 0x00, 0x00, 0x00, 
0x00, 0x00, 0x00, 0x00, 
0x00, 0x00, 0x00, 0x00, 
0x00, 0x00, 0x00, 0x00, 
0x00, 0x00, 0x00, 0x00, 
0x00, 0x00, 0x00, 0x00, 
0x00, 0x00, 0x00, 0x00, 
0x00, 0x00, 0x00, 0x00, 
0x00, 0x00, 0x00, 0x00, 
0x00, 0x00, 0x00, 0x00, 
0x00, 0x00, 0x00, 0x00, 
0x00, 0x00, 0x00, 0x00, 
0x00, 0x00, 0x00, 0x00, 
0x00, 0x00, 0x00, 0x00, 
0x00, 0x00, 0x00, 0x00, 
0x00, 0x00, 0x00, 0x00, 
0x00, 0x00, 0x00, 0x00, 
0x00, 0x00, 0x00, 0x00, 
0x00, 0x00, 0x00, 0x00, 
0x00, 0x00, 0x00, 0x00, 
0x00, 0x00, 0x00, 0x00, 
0x00, 0x00, 0x00, 0x00, 
0x00, 0x00, 0x00, 0x00, 
0x00, 0x00, 0x00, 0x00, 
0x00, 0x00, 0x00, 0x00, 
0x00, 0x00, 0x00, 0x00, 
0x00, 0x00, 0x00, 0x00, 
0x00, 0x00, 0x00, 0x00, 
0x00, 0x00, 0x00, 0x00, 
0x00, 0x00, 0x00, 0x00, 
0x00, 0x00, 0x00, 0x00, 
0x00, 0x00, 0x00, 0x00, 
0x00, 0x00, 0x00, 0x00, 
0x00, 0x00, 0x00, 0x00, 
0x00, 0x00, 0x00, 0x00, 
0x00, 0x00, 0x00, 0x00, 
0x00, 0x00, 0x00, 0x00, 
0x00, 0x00, 0x00, 0x00, 
0x00, 0x00, 0x00, 0x00, 
0x00, 0x00, 0x00, 0x00, 
0x00, 0x00, 0x00, 0x00, 
0x00, 0x00, 0x00, 0x00, 
0x00, 0x00, 0x00, 0x00, 
0x00, 0x00, 0x00, 0x00, 
0x00, 0x00, 0x00, 0x00, 
0x00, 0x00, 0x00, 0x00, 
0x00, 0x00, 0x00, 0x00, 
0x00, 0x00, 0x00, 0x00, 
0x00, 0x00, 0x00, 0x00, 
0x00, 0x00, 0x00, 0x00, 
0x00, 0x00, 0x00, 0x00, 
0x00, 0x00, 0x00, 0x00, 
0x00, 0x00, 0x00, 0x00, 
0x00, 0x00, 0x00, 0x00, 
0x00, 0x00, 0x00, 0x00, 
0x00, 0x00, 0x00, 0x00, 
0x00, 0x00, 0x00, 0x00, 
0x00, 0x00, 0x00, 0x00, 
0x00, 0x00, 0x00, 0x00, 
0x00, 0x00, 0x00, 0x00, 
0x00, 0x00, 0x00, 0x00, 
0x00, 0x00, 0x00, 0x00, 
0x00, 0x00, 0x00, 0x00, 
0x00, 0x00, 0x00, 0x00, 
0x00, 0x00, 0x00, 0x00, 
0x00, 0x00, 0x00, 0x00, 
0x00, 0x00, 0x00, 0x00, 
0x00, 0x00, 0x00, 0x00, 
0x00, 0x00, 0x00, 0x00, 
0x00, 0x00, 0x00, 0x00, 
0x00, 0x00, 0x00, 0x00, 
0x00, 0x00, 0x00, 0x00, 
0x00, 0x00, 0x00, 0x00, 
0x00, 0x00, 0x00, 0x00, 
0x00, 0x00, 0x00, 0x00, 
0x00, 0x00, 0x00, 0x00, 
0x00, 0x00, 0x00, 0x00, 
0x00, 0x00, 0x00, 0x00, 
0x00, 0x00, 0x00, 0x00, 
0x00, 0x00, 0x00, 0x00, 
0x00, 0x00, 0x00, 0x00, 
0x00, 0x00, 0x00, 0x00, 
0x00, 0x00, 0x00, 0x00, 
0x00, 0x00, 0x00, 0x00, 
0x00, 0x00, 0x00, 0x00, 
0x00, 0x00, 0x00, 0x00, 
0x00, 0x00, 0x00, 0x00, 
0x00, 0x00, 0x00, 0x00, 
0x00, 0x00, 0x00, 0x00, 
0x00, 0x00, 0x00, 0x00, 
0x00, 0x00, 0x00, 0x00, 
0x00, 0x00, 0x00, 0x00, 
0x00, 0x00, 0x00, 0x00, 
0x00, 0x00, 0x00, 0x00, 
0x00, 0x00, 0x00, 0x00, 
0x00, 0x00, 0x00, 0x00, 
0x00, 0x00, 0x00, 0x00, 
0x00, 0x00, 0x00, 0x00, 
0x00, 0x00, 0x00, 0x00, 
0x00, 0x00, 0x00, 0x00, 
0x00, 0x00, 0x00, 0x00, 
0x00, 0x00, 0x00, 0x00, 
0x00, 0x00, 0x00, 0x00, 
0x00, 0x00, 0x00, 0x00, 
0x00, 0x00, 0x00, 0x00, 
0x00, 0x00, 0x00, 0x00, 
0x00, 0x00, 0x00, 0x00, 
0x00, 0x00, 0x00, 0x00, 
0x00, 0x00, 0x00, 0x00, 
0x00, 0x00, 0x00, 0x00, 
0x00, 0x00, 0x00, 0x00, 
0x00, 0x00, 0x00, 0x00, 
0x00, 0x00, 0x00, 0x00, 
0x00, 0x00, 0x00, 0x00, 
0x00, 0x00, 0x00, 0x00, 
0x00, 0x00, 0x00, 0x00, 
0x00, 0x00, 0x00, 0x00, 
0x00, 0x00, 0x00, 0x00, 
0x00, 0x00, 0x00, 0x00, 
0x00, 0x00, 0x00, 0x00, 
0x00, 0x00, 0x00, 0x00, 
0x00, 0x00, 0x00, 0x00, 
0x00, 0x00, 0x00, 0x00, 
0x00, 0x00, 0x00, 0x00, 
0x00, 0x00, 0x00, 0x00, 
0x00, 0x00, 0x00, 0x00, 
0x00, 0x00, 0x00, 0x00, 
0x00, 0x00, 0x00, 0x00, 
0x00, 0x00, 0x00, 0x00, 
0x00, 0x00, 0x00, 0x00, 
0x00, 0x00, 0x00, 0x00, 
0x00, 0x00, 0x00, 0x00, 
0x00, 0x00, 0x00, 0x00, 
0x00, 0x00, 0x00, 0x00, 
0x00, 0x00, 0x00, 0x00, 
0x00, 0x00, 0x00, 0x00, 
0x00, 0x00, 0x00, 0x00, 
0x00, 0x00, 0x00, 0x00, 
0x00, 0x00, 0x00, 0x00, 
0x00, 0x00, 0x00, 0x00, 
0x00, 0x00, 0x00, 0x00, 
0x00, 0x00, 0x00, 0x00, 
0x00, 0x00, 0x00, 0x00, 
0x00, 0x00, 0x00, 0x00, 
0x00, 0x00, 0x00, 0x00, 
0x00, 0x00, 0x00, 0x00, 
0x00, 0x00, 0x00, 0x00, 
0x00, 0x00, 0x00, 0x00, 
0x00, 0x00, 0x00, 0x00, 
0x00, 0x00, 0x00, 0x00, 
0x00, 0x00, 0x00, 0x00, 
0x00, 0x00, 0x00, 0x00, 
0x00, 0x00, 0x00, 0x00, 
0x00, 0x00, 0x00, 0x00, 
0x00, 0x00, 0x00, 0x00, 
0x00, 0x00, 0x00, 0x00, 
0x00, 0x00, 0x00, 0x00, 
0x00, 0x00, 0x00, 0x00, 
0x00, 0x00, 0x00, 0x00, 
0x00, 0x00, 0x00, 0x00, 
0x00, 0x00, 0x00, 0x00, 
0x00, 0x00, 0x00, 0x00, 
0x00, 0x00, 0x00, 0x00, 
0x00, 0x00, 0x00, 0x00, 
0x00, 0x00, 0x00, 0x00, 
0x00, 0x00, 0x00, 0x00, 
0x00, 0x00, 0x00, 0x00, 
0x00, 0x00, 0x00, 0x00, 
0x00, 0x00, 0x00, 0x00, 
0x00, 0x00, 0x00, 0x00, 
0x00, 0x00, 0x00, 0x00, 
0x00, 0x00, 0x00, 0x00, 
0x00, 0x00, 0x00, 0x00, 
0x00, 0x00, 0x00, 0x00, 
0x00, 0x00, 0x00, 0x00, 
0x00, 0x00, 0x00, 0x00, 
0x00, 0x00, 0x00, 0x00, 
0x00, 0x00, 0x00, 0x00, 
0x00, 0x00, 0x00, 0x00, 
0x00, 0x00, 0x00, 0x00, 
0x00, 0x00, 0x00, 0x00, 
0x00, 0x00, 0x00, 0x00, 
0x00, 0x00, 0x00, 0x00, 
0x00, 0x00, 0x00, 0x00, 
0x00, 0x00, 0x00, 0x00, 
0x00, 0x00, 0x00, 0x00, 
0x00, 0x00, 0x00, 0x00, 
0x00, 0x00, 0x00, 0x00, 
0x00, 0x00, 0x00, 0x00, 
0x00, 0x00, 0x00, 0x00, 
0x00, 0x00, 0x00, 0x00, 
0x00, 0x00, 0x00, 0x00, 
0x00, 0x00, 0x00, 0x00, 
0x00, 0x00, 0x00, 0x00, 
0x00, 0x00, 0x00, 0x00, 
0x00, 0x00, 0x00, 0x00, 
0x00, 0x00, 0x00, 0x00, 
0x00, 0x00, 0x00, 0x00, 
0x00, 0x00, 0x00, 0x00, 
0x00, 0x00, 0x00, 0x00, 
0x00, 0x00, 0x00, 0x00, 
0x00, 0x00, 0x00, 0x00, 
0x00, 0x00, 0x00, 0x00, 
0x00, 0x00, 0x00, 0x00, 
0x00, 0x00, 0x00, 0x00, 
0x00, 0x00, 0x00, 0x00, 
0x00, 0x00, 0x00, 0x00, 
0x00, 0x00, 0x00, 0x00, 
0x00, 0x00, 0x00, 0x00, 
0x00, 0x00, 0x00, 0x00, 
0x00, 0x00, 0x00, 0x00, 
0x00, 0x00, 0x00, 0x00, 
0x00, 0x00, 0x00, 0x00, 
0x00, 0x00, 0x00, 0x00, 
0x00, 0x00, 0x00, 0x00, 
0x00, 0x00, 0x00, 0x00, 
0x00, 0x00, 0x00, 0x00, 
0x00, 0x00, 0x00, 0x00, 
0x00, 0x00, 0x00, 0x00, 
0x00, 0x00, 0x00, 0x00, 
0x00, 0x00, 0x00, 0x00, 
0x00, 0x00, 0x00, 0x00, 
0x00, 0x00, 0x00, 0x00, 
0x00, 0x00, 0x00, 0x00, 
0x00, 0x00, 0x00, 0x00, 
0x00, 0x00, 0x00, 0x00, 
0x00, 0x00, 0x00, 0x00, 
0x00, 0x00, 0x00, 0x00, 
0x00, 0x00, 0x00, 0x00, 
0x00, 0x00, 0x00, 0x00, 
0x00, 0x00, 0x00, 0x00, 
0x00, 0x00, 0x00, 0x00, 
0x00, 0x00, 0x00, 0x00, 
0x00, 0x00, 0x00, 0x00, 
0x00, 0x00, 0x00, 0x00, 
0x00, 0x00, 0x00, 0x00, 
0x00, 0x00, 0x00, 0x00, 
0x00, 0x00, 0x00, 0x00, 
0x00, 0x00, 0x00, 0x00, 
0x00, 0x00, 0x00, 0x00, 
0x00, 0x00, 0x00, 0x00, 
0x00, 0x00, 0x00, 0x00, 
0x00, 0x00, 0x00, 0x00, 
0x00, 0x00, 0x00, 0x00, 
0x00, 0x00, 0x00, 0x00, 
0x00, 0x00, 0x00, 0x00, 
0x00, 0x00, 0x00, 0x00, 
0x00, 0x00, 0x00, 0x00, 
0x00, 0x00, 0x00, 0x00, 
0x00, 0x00, 0x00, 0x00, 
0x00, 0x00, 0x00, 0x00, 
0x00, 0x00, 0x00, 0x00, 
0x00, 0x00, 0x00, 0x00, 
0x00, 0x00, 0x00, 0x00, 
0x00, 0x00, 0x00, 0x00, 
0x00, 0x00, 0x00, 0x00, 
0x00, 0x00, 0x00, 0x00, 
0x00, 0x00, 0x00, 0x00, 
0x00, 0x00, 0x00, 0x00, 
0x00, 0x00, 0x00, 0x00, 
0x00, 0x00, 0x00, 0x00, 
0x00, 0x00, 0x00, 0x00, 
0x00, 0x00, 0x00, 0x00, 
0x00, 0x00, 0x00, 0x00, 
0x00, 0x00, 0x00, 0x00, 
0x00, 0x00, 0x00, 0x00, 
0x00, 0x00, 0x00, 0x00, 
0x00, 0x00, 0x00, 0x00, 
0x00, 0x00, 0x00, 0x00, 
0x00, 0x00, 0x00, 0x00, 
0x00, 0x00, 0x00, 0x00, 
0x00, 0x00, 0x00, 0x00, 
0x00, 0x00, 0x00, 0x00, 
0x00, 0x00, 0x00, 0x00, 
0x00, 0x00, 0x00, 0x00, 
0x00, 0x00, 0x00, 0x00, 
0x00, 0x00, 0x00, 0x00, 
0x00, 0x00, 0x00, 0x00, 
0x00, 0x00, 0x00, 0x00, 
0x00, 0x00, 0x00, 0x00, 
0x00, 0x00, 0x00, 0x00, 
0x00, 0x00, 0x00, 0x00, 
0x00, 0x00, 0x00, 0x00, 
0x00, 0x00, 0x00, 0x00, 
0x00, 0x00, 0x00, 0x00, 
0x00, 0x00, 0x00, 0x00, 
0x00, 0x00, 0x00, 0x00, 
0x00, 0x00, 0x00, 0x00, 
0x00, 0x00, 0x00, 0x00, 
0x00, 0x00, 0x00, 0x00, 
0x00, 0x00, 0x00, 0x00, 
0x00, 0x00, 0x00, 0x00, 
0x00, 0x00, 0x00, 0x00, 
0x00, 0x00, 0x00, 0x00, 
0x00, 0x00, 0x00, 0x00, 
0x00, 0x00, 0x00, 0x00, 
0x00, 0x00, 0x00, 0x00, 
0x00, 0x00, 0x00, 0x00, 
0x00, 0x00, 0x00, 0x00, 
0x00, 0x00, 0x00, 0x00, 
0x00, 0x00, 0x00, 0x00, 
0x00, 0x00, 0x00, 0x00, 
0x00, 0x00, 0x00, 0x00, 
0x00, 0x00, 0x00, 0x00, 
0x00, 0x00, 0x00, 0x00, 
0x00, 0x00, 0x00, 0x00, 
0x00, 0x00, 0x00, 0x00, 
0x00, 0x00, 0x00, 0x00, 
0x00, 0x00, 0x00, 0x00, 
0x00, 0x00, 0x00, 0x00, 
0x00, 0x00, 0x00, 0x00, 
0x00, 0x00, 0x00, 0x00, 
0x00, 0x00, 0x00, 0x00, 
0x00, 0x00, 0x00, 0x00, 
0x00, 0x00, 0x00, 0x00, 
0x00, 0x00, 0x00, 0x00, 
0x00, 0x00, 0x00, 0x00, 
0x00, 0x00, 0x00, 0x00, 
0x00, 0x00, 0x00, 0x00, 
0x00, 0x00, 0x00, 0x00, 
0x00, 0x00, 0x00, 0x00, 
0x00, 0x00, 0x00, 0x00, 
0x00, 0x00, 0x00, 0x00, 
0x00, 0x00, 0x00, 0x00, 
0x00, 0x00, 0x00, 0x00, 
0x00, 0x00, 0x00, 0x00, 
0x00, 0x00, 0x00, 0x00, 
0x00, 0x00, 0x00, 0x00, 
0x00, 0x00, 0x00, 0x00, 
0x00, 0x00, 0x00, 0x00, 
0x00, 0x00, 0x00, 0x00, 
0x00, 0x00, 0x00, 0x00, 
0x00, 0x00, 0x00, 0x00, 
0x00, 0x00, 0x00, 0x00, 
0x00, 0x00, 0x00, 0x00, 
0x00, 0x00, 0x00, 0x00, 
0x00, 0x00, 0x00, 0x00, 
0x00, 0x00, 0x00, 0x00, 
0x00, 0x00, 0x00, 0x00, 
0x00, 0x00, 0x00, 0x00, 
0x00, 0x00, 0x00, 0x00, 
0x00, 0x00, 0x00, 0x00, 
0x00, 0x00, 0x00, 0x00, 
0x00, 0x00, 0x00, 0x00, 
0x00, 0x00, 0x00, 0x00, 
0x00, 0x00, 0x00, 0x00, 
0x00, 0x00, 0x00, 0x00, 
0x00, 0x00, 0x00, 0x00, 
0x00, 0x00, 0x00, 0x00, 
0x00, 0x00, 0x00, 0x00, 
0x00, 0x00, 0x00, 0x00, 
0x00, 0x00, 0x00, 0x00, 
0x00, 0x00, 0x00, 0x00, 
0x00, 0x00, 0x00, 0x00, 
0x00, 0x00, 0x00, 0x00, 
0x00, 0x00, 0x00, 0x00, 
0x00, 0x00, 0x00, 0x00, 
0x00, 0x00, 0x00, 0x00, 
0x00, 0x00, 0x00, 0x00, 
0x00, 0x00, 0x00, 0x00, 
0x00, 0x00, 0x00, 0x00, 
0x00, 0x00, 0x00, 0x00, 
0x00, 0x00, 0x00, 0x00, 
0x00, 0x00, 0x00, 0x00, 
0x00, 0x00, 0x00, 0x00, 
0x00, 0x00, 0x00, 0x00, 
0x00, 0x00, 0x00, 0x00, 
0x00, 0x00, 0x00, 0x00, 
0x00, 0x00, 0x00, 0x00, 
0x00, 0x00, 0x00, 0x00, 
0x00, 0x00, 0x00, 0x00, 
0x00, 0x00, 0x00, 0x00, 
0x00, 0x00, 0x00, 0x00, 
0x00, 0x00, 0x00, 0x00, 
0x00, 0x00, 0x00, 0x00, 
0x00, 0x00, 0x00, 0x00, 
0x00, 0x00, 0x00, 0x00, 
0x00, 0x00, 0x00, 0x00, 
0x00, 0x00, 0x00, 0x00, 
0x00, 0x00, 0x00, 0x00, 
0x00, 0x00, 0x00, 0x00, 
0x00, 0x00, 0x00, 0x00, 
0x00, 0x00, 0x00, 0x00, 
0x00, 0x00, 0x00, 0x00, 
0x00, 0x00, 0x00, 0x00, 
0x00, 0x00, 0x00, 0x00, 
0x00, 0x00, 0x00, 0x00, 
0x00, 0x00, 0x00, 0x00, 
0x00, 0x00, 0x00, 0x00, 
0x00, 0x00, 0x00, 0x00, 
0x00, 0x00, 0x00, 0x00, 
0x00, 0x00, 0x00, 0x00, 
0x00, 0x00, 0x00, 0x00, 
0x00, 0x00, 0x00, 0x00, 
0x00, 0x00, 0x00, 0x00, 
0x00, 0x00, 0x00, 0x00, 
0x00, 0x00, 0x00, 0x00, 
0x00, 0x00, 0x00, 0x00, 
0x00, 0x00, 0x00, 0x00, 
0x00, 0x00, 0x00, 0x00, 
0x00, 0x00, 0x00, 0x00, 
0x00, 0x00, 0x00, 0x00, 
0x00, 0x00, 0x00, 0x00, 
0x00, 0x00, 0x00, 0x00, 
0x00, 0x00, 0x00, 0x00, 
0x00, 0x00, 0x00, 0x00, 
0x00, 0x00, 0x00, 0x00, 
0x00, 0x00, 0x00, 0x00, 
0x00, 0x00, 0x00, 0x00, 
0x00, 0x00, 0x00, 0x00, 
0x00, 0x00, 0x00, 0x00, 
0x00, 0x00, 0x00, 0x00, 
0x00, 0x00, 0x00, 0x00, 
0x00, 0x00, 0x00, 0x00, 
0x00, 0x00, 0x00, 0x00, 
0x00, 0x00, 0x00, 0x00, 
0x00, 0x00, 0x00, 0x00, 
0x00, 0x00, 0x00, 0x00, 
0x00, 0x00, 0x00, 0x00, 
0x00, 0x00, 0x00, 0x00, 
0x00, 0x00, 0x00, 0x00, 
0x00, 0x00, 0x00, 0x00, 
0x00, 0x00, 0x00, 0x00, 
0x00, 0x00, 0x00, 0x00, 
0x00, 0x00, 0x00, 0x00, 
0x00, 0x00, 0x00, 0x00, 
0x00, 0x00, 0x00, 0x00, 
0x00, 0x00, 0x00, 0x00, 
0x00, 0x00, 0x00, 0x00, 
0x00, 0x00, 0x00, 0x00, 
0x00, 0x00, 0x00, 0x00, 
0x00, 0x00, 0x00, 0x00, 
0x00, 0x00, 0x00, 0x00, 
0x00, 0x00, 0x00, 0x00, 
0x00, 0x00, 0x00, 0x00, 
0x00, 0x00, 0x00, 0x00, 
0x00, 0x00, 0x00, 0x00, 
0x00, 0x00, 0x00, 0x00, 
0x00, 0x00, 0x00, 0x00, 
0x00, 0x00, 0x00, 0x00, 
0x00, 0x00, 0x00, 0x00, 
0x00, 0x00, 0x00, 0x00, 
0x00, 0x00, 0x00, 0x00, 
0x00, 0x00, 0x00, 0x00, 
0x00, 0x00, 0x00, 0x00, 
0x00, 0x00, 0x00, 0x00, 
0x00, 0x00, 0x00, 0x00, 
0x00, 0x00, 0x00, 0x00, 
0x00, 0x00, 0x00, 0x00, 
0x00, 0x00, 0x00, 0x00, 
0x00, 0x00, 0x00, 0x00, 
0x00, 0x00, 0x00, 0x00, 
0x00, 0x00, 0x00, 0x00, 
0x00, 0x00, 0x00, 0x00, 
0x00, 0x00, 0x00, 0x00, 
0x00, 0x00, 0x00, 0x00, 
0x00, 0x00, 0x00, 0x00, 
0x00, 0x00, 0x00, 0x00, 
0x00, 0x00, 0x00, 0x00, 
0x00, 0x00, 0x00, 0x00, 
0x00, 0x00, 0x00, 0x00, 
0x00, 0x00, 0x00, 0x00, 
0x00, 0x00, 0x00, 0x00, 
0x00, 0x00, 0x00, 0x00, 
0x00, 0x00, 0x00, 0x00, 
0x00, 0x00, 0x00, 0x00, 
0x00, 0x00, 0x00, 0x00, 
0x00, 0x00, 0x00, 0x00, 
0x00, 0x00, 0x00, 0x00, 
0x00, 0x00, 0x00, 0x00, 
0x00, 0x00, 0x00, 0x00, 
0x00, 0x00, 0x00, 0x00, 
0x00, 0x00, 0x00, 0x00, 
0x00, 0x00, 0x00, 0x00, 
0x00, 0x00, 0x00, 0x00, 
0x00, 0x00, 0x00, 0x00, 
0x00, 0x00, 0x00, 0x00, 
0x00, 0x00, 0x00, 0x00, 
0x00, 0x00, 0x00, 0x00, 
0x00, 0x00, 0x00, 0x00, 
0x00, 0x00, 0x00, 0x00, 
0x00, 0x00, 0x00, 0x00, 
0x00, 0x00, 0x00, 0x00, 
0x00, 0x00, 0x00, 0x00, 
0x00, 0x00, 0x00, 0x00, 
0x00, 0x00, 0x00, 0x00, 
0x00, 0x00, 0x00, 0x00, 
0x00, 0x00, 0x00, 0x00, 
0x00, 0x00, 0x00, 0x00, 
0x00, 0x00, 0x00, 0x00, 
0x00, 0x00, 0x00, 0x00, 
0x00, 0x00, 0x00, 0x00, 
0x00, 0x00, 0x00, 0x00, 
0x00, 0x00, 0x00, 0x00, 
0x00, 0x00, 0x00, 0x00, 
0x00, 0x00, 0x00, 0x00, 
0x00, 0x00, 0x00, 0x00, 
0x00, 0x00, 0x00, 0x00, 
0x00, 0x00, 0x00, 0x00, 
0x00, 0x00, 0x00, 0x00, 
0x00, 0x00, 0x00, 0x00, 
0x00, 0x00, 0x00, 0x00, 
0x00, 0x00, 0x00, 0x00, 
0x00, 0x00, 0x00, 0x00, 
0x00, 0x00, 0x00, 0x00, 
0x00, 0x00, 0x00, 0x00, 
0x00, 0x00, 0x00, 0x00, 
0x00, 0x00, 0x00, 0x00, 
0x00, 0x00, 0x00, 0x00, 
0x00, 0x00, 0x00, 0x00, 
0x00, 0x00, 0x00, 0x00, 
0x00, 0x00, 0x00, 0x00, 
0x00, 0x00, 0x00, 0x00, 
0x00, 0x00, 0x00, 0x00, 
0x00, 0x00, 0x00, 0x00, 
0x00, 0x00, 0x00, 0x00, 
0x00, 0x00, 0x00, 0x00, 
0x00, 0x00, 0x00, 0x00, 
0x00, 0x00, 0x00, 0x00, 
0x00, 0x00, 0x00, 0x00, 
0x00, 0x00, 0x00, 0x00, 
0x00, 0x00, 0x00, 0x00, 
0x00, 0x00, 0x00, 0x00, 
0x00, 0x00, 0x00, 0x00, 
0x00, 0x00, 0x00, 0x00, 
0x00, 0x00, 0x00, 0x00, 
0x00, 0x00, 0x00, 0x00, 
0x00, 0x00, 0x00, 0x00, 
0x00, 0x00, 0x00, 0x00, 
0x00, 0x00, 0x00, 0x00, 
0x00, 0x00, 0x00, 0x00, 
0x00, 0x00, 0x00, 0x00, 
0x00, 0x00, 0x00, 0x00, 
0x00, 0x00, 0x00, 0x00, 
0x00, 0x00, 0x00, 0x00, 
0x00, 0x00, 0x00, 0x00, 
0x00, 0x00, 0x00, 0x00, 
0x00, 0x00, 0x00, 0x00, 
0x00, 0x00, 0x00, 0x00, 
0x00, 0x00, 0x00, 0x00, 
0x00, 0x00, 0x00, 0x00, 
0x00, 0x00, 0x00, 0x00, 
0x00, 0x00, 0x00, 0x00, 
0x00, 0x00, 0x00, 0x00, 
0x00, 0x00, 0x00, 0x00, 
0x00, 0x00, 0x00, 0x00, 
0x00, 0x00, 0x00, 0x00, 
0x00, 0x00, 0x00, 0x00, 
0x00, 0x00, 0x00, 0x00, 
0x00, 0x00, 0x00, 0x00, 
0x00, 0x00, 0x00, 0x00, 
0x00, 0x00, 0x00, 0x00, 
0x00, 0x00, 0x00, 0x00, 
0x00, 0x00, 0x00, 0x00, 
0x00, 0x00, 0x00, 0x00, 
0x00, 0x00, 0x00, 0x00, 
0x00, 0x00, 0x00, 0x00, 
0x00, 0x00, 0x00, 0x00, 
0x00, 0x00, 0x00, 0x00, 
0x00, 0x00, 0x00, 0x00, 
0x00, 0x00, 0x00, 0x00, 
0x00, 0x00, 0x00, 0x00, 
0x00, 0x00, 0x00, 0x00, 
0x00, 0x00, 0x00, 0x00, 
0x00, 0x00, 0x00, 0x00, 
0x00, 0x00, 0x00, 0x00, 
0x00, 0x00, 0x00, 0x00, 
0x00, 0x00, 0x00, 0x00, 
0x00, 0x00, 0x00, 0x00, 
0x00, 0x00, 0x00, 0x00, 
0x00, 0x00, 0x00, 0x00, 
0x00, 0x00, 0x00, 0x00, 
0x00, 0x00, 0x00, 0x00, 
0x00, 0x00, 0x00, 0x00, 
0x00, 0x00, 0x00, 0x00, 
0x00, 0x00, 0x00, 0x00, 
0x00, 0x00, 0x00, 0x00, 
0x00, 0x00, 0x00, 0x00, 
0x00, 0x00, 0x00, 0x00, 
0x00, 0x00, 0x00, 0x00, 
0x00, 0x00, 0x00, 0x00, 
0x00, 0x00, 0x00, 0x00, 
0x00, 0x00, 0x00, 0x00, 
0x00, 0x00, 0x00, 0x00, 
0x00, 0x00, 0x00, 0x00, 
0x00, 0x00, 0x00, 0x00, 
0x00, 0x00, 0x00, 0x00, 
0x00, 0x00, 0x00, 0x00, 
0x00, 0x00, 0x00, 0x00, 
0x00, 0x00, 0x00, 0x00, 
0x00, 0x00, 0x00, 0x00, 
0x00, 0x00, 0x00, 0x00, 
0x00, 0x00, 0x00, 0x00, 
0x00, 0x00, 0x00, 0x00, 
0x00, 0x00, 0x00, 0x00, 
0x00, 0x00, 0x00, 0x00, 
0x00, 0x00, 0x00, 0x00, 
0x00, 0x00, 0x00, 0x00, 
0x00, 0x00, 0x00, 0x00, 
0x00, 0x00, 0x00, 0x00, 
0x00, 0x00, 0x00, 0x00, 
0x00, 0x00, 0x00, 0x00, 
0x00, 0x00, 0x00, 0x00, 
0x00, 0x00, 0x00, 0x00, 
0x00, 0x00, 0x00, 0x00, 
0x00, 0x00, 0x00, 0x00, 
0x00, 0x00, 0x00, 0x00, 
0x00, 0x00, 0x00, 0x00, 
0x00, 0x00, 0x00, 0x00, 
0x00, 0x00, 0x00, 0x00, 
0x00, 0x00, 0x00, 0x00, 
0x00, 0x00, 0x00, 0x00, 
0x00, 0x00, 0x00, 0x00, 
0x00, 0x00, 0x00, 0x00, 
0x00, 0x00, 0x00, 0x00, 
0x00, 0x00, 0x00, 0x00, 
0x00, 0x00, 0x00, 0x00, 
0x00, 0x00, 0x00, 0x00, 
0x00, 0x00, 0x00, 0x00, 
0x00, 0x00, 0x00, 0x00, 
0x00, 0x00, 0x00, 0x00, 
0x00, 0x00, 0x00, 0x00, 
0x00, 0x00, 0x00, 0x00, 
0x00, 0x00, 0x00, 0x00, 
0x00, 0x00, 0x00, 0x00, 
0x00, 0x00, 0x00, 0x00, 
0x00, 0x00, 0x00, 0x00, 
0x00, 0x00, 0x00, 0x00, 
0x00, 0x00, 0x00, 0x00, 
0x00, 0x00, 0x00, 0x00, 
0x00, 0x00, 0x00, 0x00, 
0x00, 0x00, 0x00, 0x00, 
0x00, 0x00, 0x00, 0x00, 
0x00, 0x00, 0x00, 0x00, 
0x00, 0x00, 0x00, 0x00, 
0x00, 0x00, 0x00, 0x00, 
0x00, 0x00, 0x00, 0x00, 
0x00, 0x00, 0x00, 0x00, 
0x00, 0x00, 0x00, 0x00, 
0x00, 0x00, 0x00, 0x00, 
0x00, 0x00, 0x00, 0x00, 
0x00, 0x00, 0x00, 0x00, 
0x00, 0x00, 0x00, 0x00, 
0x00, 0x00, 0x00, 0x00, 
0x00, 0x00, 0x00, 0x00, 
0x00, 0x00, 0x00, 0x00, 
0x00, 0x00, 0x00, 0x00, 
0x00, 0x00, 0x00, 0x00, 
0x00, 0x00, 0x00, 0x00, 
0x00, 0x00, 0x00, 0x00, 
0x00, 0x00, 0x00, 0x00, 
0x00, 0x00, 0x00, 0x00, 
0x00, 0x00, 0x00, 0x00, 
0x00, 0x00, 0x00, 0x00, 
0x00, 0x00, 0x00, 0x00, 
0x00, 0x00, 0x00, 0x00, 
0x00, 0x00, 0x00, 0x00, 
0x00, 0x00, 0x00, 0x00, 
0x00, 0x00, 0x00, 0x00, 
0x00, 0x00, 0x00, 0x00, 
0x00, 0x00, 0x00, 0x00, 
0x00, 0x00, 0x00, 0x00, 
0x00, 0x00, 0x00, 0x00, 
0x00, 0x00, 0x00, 0x00, 
0x00, 0x00, 0x00, 0x00, 
0x00, 0x00, 0x00, 0x00, 
0x00, 0x00, 0x00, 0x00, 
0x00, 0x00, 0x00, 0x00, 
0x00, 0x00, 0x00, 0x00, 
0x00, 0x00, 0x00, 0x00, 
0x00, 0x00, 0x00, 0x00, 
0x00, 0x00, 0x00, 0x00, 
0x00, 0x00, 0x00, 0x00, 
0x00, 0x00, 0x00, 0x00, 
0x00, 0x00, 0x00, 0x00, 
0x00, 0x00, 0x00, 0x00, 
0x00, 0x00, 0x00, 0x00, 
0x00, 0x00, 0x00, 0x00, 
0x00, 0x00, 0x00, 0x00, 
0x00, 0x00, 0x00, 0x00, 
0x00, 0x00, 0x00, 0x00, 
0x00, 0x00, 0x00, 0x00, 
0x00, 0x00, 0x00, 0x00, 
0x00, 0x00, 0x00, 0x00, 
0x00, 0x00, 0x00, 0x00, 
0x00, 0x00, 0x00, 0x00, 
0x00, 0x00, 0x00, 0x00, 
0x00, 0x00, 0x00, 0x00, 
0x00, 0x00, 0x00, 0x00, 
0x00, 0x00, 0x00, 0x00, 
0x00, 0x00, 0x00, 0x00, 
0x00, 0x00, 0x00, 0x00, 
0x00, 0x00, 0x00, 0x00, 
0x00, 0x00, 0x00, 0x00, 
0x00, 0x00, 0x00, 0x00, 
0x00, 0x00, 0x00, 0x00, 
0x00, 0x00, 0x00, 0x00, 
0x00, 0x00, 0x00, 0x00, 
0x00, 0x00, 0x00, 0x00, 
0x00, 0x00, 0x00, 0x00, 
0x00, 0x00, 0x00, 0x00, 
0x00, 0x00, 0x00, 0x00, 
0x00, 0x00, 0x00, 0x00, 
0x00, 0x00, 0x00, 0x00, 
0x00, 0x00, 0x00, 0x00, 
0x00, 0x00, 0x00, 0x00, 
0x00, 0x00, 0x00, 0x00, 
0x00, 0x00, 0x00, 0x00, 
0x00, 0x00, 0x00, 0x00, 
0x00, 0x00, 0x00, 0x00, 
0x00, 0x00, 0x00, 0x00, 
0x00, 0x00, 0x00, 0x00, 
0x00, 0x00, 0x00, 0x00, 
0x00, 0x00, 0x00, 0x00, 
0x00, 0x00, 0x00, 0x00, 
0x00, 0x00, 0x00, 0x00, 
0x00, 0x00, 0x00, 0x00, 
0x00, 0x00, 0x00, 0x00, 
0x00, 0x00, 0x00, 0x00, 
0x00, 0x00, 0x00, 0x00, 
0x00, 0x00, 0x00, 0x00, 
0x00, 0x00, 0x00, 0x00, 
0x00, 0x00, 0x00, 0x00, 
0x00, 0x00, 0x00, 0x00, 
0x00, 0x00, 0x00, 0x00, 
0x00, 0x00, 0x00, 0x00, 
0x00, 0x00, 0x00, 0x00, 
0x00, 0x00, 0x00, 0x00, 
0x00, 0x00, 0x00, 0x00, 
0x00, 0x00, 0x00, 0x00, 
0x00, 0x00, 0x00, 0x00, 
0x00, 0x00, 0x00, 0x00, 
0x00, 0x00, 0x00, 0x00, 
0x00, 0x00, 0x00, 0x00, 
0x00, 0x00, 0x00, 0x00, 
0x00, 0x00, 0x00, 0x00, 
0x00, 0x00, 0x00, 0x00, 
0x00, 0x00, 0x00, 0x00, 
0x00, 0x00, 0x00, 0x00, 
0x00, 0x00, 0x00, 0x00, 
0x00, 0x00, 0x00, 0x00, 
0x00, 0x00, 0x00, 0x00, 
0x00, 0x00, 0x00, 0x00, 
0x00, 0x00, 0x00, 0x00, 
0x00, 0x00, 0x00, 0x00, 
0x00, 0x00, 0x00, 0x00, 
0x00, 0x00, 0x00, 0x00, 
0x00, 0x00, 0x00, 0x00, 
0x00, 0x00, 0x00, 0x00, 
0x00, 0x00, 0x00, 0x00, 
0x00, 0x00, 0x00, 0x00, 
0x00, 0x00, 0x00, 0x00, 
0x00, 0x00, 0x00, 0x00, 
0x00, 0x00, 0x00, 0x00, 
0x00, 0x00, 0x00, 0x00, 
0x00, 0x00, 0x00, 0x00, 
0x00, 0x00, 0x00, 0x00, 
0x00, 0x00, 0x00, 0x00, 
0x00, 0x00, 0x00, 0x00, 
0x00, 0x00, 0x00, 0x00, 
0x00, 0x00, 0x00, 0x00, 
0x00, 0x00, 0x00, 0x00, 
0x00, 0x00, 0x00, 0x00, 
0x00, 0x00, 0x00, 0x00, 
0x00, 0x00, 0x00, 0x00, 
0x00, 0x00, 0x00, 0x00, 
0x00, 0x00, 0x00, 0x00, 
0x00, 0x00, 0x00, 0x00, 
0x00, 0x00, 0x00, 0x00, 
0x00, 0x00, 0x00, 0x00, 
0x00, 0x00, 0x00, 0x00, 
0x00, 0x00, 0x00, 0x00, 
0x00, 0x00, 0x00, 0x00, 
0x00, 0x00, 0x00, 0x00, 
0x00, 0x00, 0x00, 0x00, 
0x00, 0x00, 0x00, 0x00, 
0x00, 0x00, 0x00, 0x00, 
0x00, 0x00, 0x00, 0x00, 
0x00, 0x00, 0x00, 0x00, 
0x00, 0x00, 0x00, 0x00, 
0x00, 0x00, 0x00, 0x00, 
0x00, 0x00, 0x00, 0x00, 
0x00, 0x00, 0x00, 0x00, 
0x00, 0x00, 0x00, 0x00, 
0x00, 0x00, 0x00, 0x00, 
0x00, 0x00, 0x00, 0x00, 
0x00, 0x00, 0x00, 0x00, 
0x00, 0x00, 0x00, 0x00, 
0x00, 0x00, 0x00, 0x00, 
0x00, 0x00, 0x00, 0x00, 
0x00, 0x00, 0x00, 0x00, 
0x00, 0x00, 0x00, 0x00, 
0x00, 0x00, 0x00, 0x00, 
0x00, 0x00, 0x00, 0x00, 
0x00, 0x00, 0x00, 0x00, 
0x00, 0x00, 0x00, 0x00, 
0x00, 0x00, 0x00, 0x00, 
0x00, 0x00, 0x00, 0x00, 
0x00, 0x00, 0x00, 0x00, 
0x00, 0x00, 0x00, 0x00, 
0x00, 0x00, 0x00, 0x00, 
0x00, 0x00, 0x00, 0x00, 
0x00, 0x00, 0x00, 0x00, 
0x00, 0x00, 0x00, 0x00, 
0x00, 0x00, 0x00, 0x00, 
0x00, 0x00, 0x00, 0x00, 
0x00, 0x00, 0x00, 0x00, 
0x00, 0x00, 0x00, 0x00, 
0x00, 0x00, 0x00, 0x00, 
0x00, 0x00, 0x00, 0x00, 
0x00, 0x00, 0x00, 0x00, 
0x00, 0x00, 0x00, 0x00, 
0x00, 0x00, 0x00, 0x00, 
0x00, 0x00, 0x00, 0x00, 
0x00, 0x00, 0x00, 0x00, 
0x00, 0x00, 0x00, 0x00, 
0x00, 0x00, 0x00, 0x00, 
0x00, 0x00, 0x00, 0x00, 
0x00, 0x00, 0x00, 0x00, 
0x00, 0x00, 0x00, 0x00, 
0x00, 0x00, 0x00, 0x00, 
0x00, 0x00, 0x00, 0x00, 
0x00, 0x00, 0x00, 0x00, 
0x00, 0x00, 0x00, 0x00, 
0x00, 0x00, 0x00, 0x00, 
0x00, 0x00, 0x00, 0x00, 
0x00, 0x00, 0x00, 0x00, 
0x00, 0x00, 0x00, 0x00, 
0x00, 0x00, 0x00, 0x00, 
0x00, 0x00, 0x00, 0x00, 
0x00, 0x00, 0x00, 0x00, 
0x00, 0x00, 0x00, 0x00, 
0x00, 0x00, 0x00, 0x00, 
0x00, 0x00, 0x00, 0x00, 
0x00, 0x00, 0x00, 0x00, 
0x00, 0x00, 0x00, 0x00, 
0x00, 0x00, 0x00, 0x00, 
0x00, 0x00, 0x00, 0x00, 
0x00, 0x00, 0x00, 0x00, 
0x00, 0x00, 0x00, 0x00, 
0x00, 0x00, 0x00, 0x00, 
0x00, 0x00, 0x00, 0x00, 
0x00, 0x00, 0x00, 0x00, 
0x00, 0x00, 0x00, 0x00, 
0x00, 0x00, 0x00, 0x00, 
0x00, 0x00, 0x00, 0x00, 
0x00, 0x00, 0x00, 0x00, 
0x00, 0x00, 0x00, 0x00, 
0x00, 0x00, 0x00, 0x00, 
0x00, 0x00, 0x00, 0x00, 
0x00, 0x00, 0x00, 0x00, 
0x00, 0x00, 0x00, 0x00, 
0x00, 0x00, 0x00, 0x00, 
0x00, 0x00, 0x00, 0x00, 
0x00, 0x00, 0x00, 0x00, 
0x00, 0x00, 0x00, 0x00, 
0x00, 0x00, 0x00, 0x00, 
0x00, 0x00, 0x00, 0x00, 
0x00, 0x00, 0x00, 0x00, 
0x00, 0x00, 0x00, 0x00, 
0x00, 0x00, 0x00, 0x00, 
0x00, 0x00, 0x00, 0x00, 
0x00, 0x00, 0x00, 0x00, 
0x00, 0x00, 0x00, 0x00, 
0x00, 0x00, 0x00, 0x00, 
0x00, 0x00, 0x00, 0x00, 
0x00, 0x00, 0x00, 0x00, 
0x00, 0x00, 0x00, 0x00, 
0x00, 0x00, 0x00, 0x00, 
0x00, 0x00, 0x00, 0x00, 
0x00, 0x00, 0x00, 0x00, 
0x00, 0x00, 0x00, 0x00, 
0x00, 0x00, 0x00, 0x00, 
0x00, 0x00, 0x00, 0x00, 
0x00, 0x00, 0x00, 0x00, 
0x00, 0x00, 0x00, 0x00, 
0x00, 0x00, 0x00, 0x00, 
0x00, 0x00, 0x00, 0x00, 
0x00, 0x00, 0x00, 0x00, 
0x00, 0x00, 0x00, 0x00, 
0x00, 0x00, 0x00, 0x00, 
0x00, 0x00, 0x00, 0x00, 
0x00, 0x00, 0x00, 0x00, 
0x00, 0x00, 0x00, 0x00, 
0x00, 0x00, 0x00, 0x00, 
0x00, 0x00, 0x00, 0x00, 
0x00, 0x00, 0x00, 0x00, 
0x00, 0x00, 0x00, 0x00, 
0x00, 0x00, 0x00, 0x00, 
0x00, 0x00, 0x00, 0x00, 
0x00, 0x00, 0x00, 0x00, 
0x00, 0x00, 0x00, 0x00, 
0x00, 0x00, 0x00, 0x00, 
0x00, 0x00, 0x00, 0x00, 
0x00, 0x00, 0x00, 0x00, 
0x00, 0x00, 0x00, 0x00, 
0x00, 0x00, 0x00, 0x00, 
0x00, 0x00, 0x00, 0x00, 
0x00, 0x00, 0x00, 0x00, 
0x00, 0x00, 0x00, 0x00, 
0x00, 0x00, 0x00, 0x00, 
0x00, 0x00, 0x00, 0x00, 
0x00, 0x00, 0x00, 0x00, 
0x00, 0x00, 0x00, 0x00, 
0x00, 0x00, 0x00, 0x00, 
0x00, 0x00, 0x00, 0x00, 
0x00, 0x00, 0x00, 0x00, 
0x00, 0x00, 0x00, 0x00, 
0x00, 0x00, 0x00, 0x00, 
0x00, 0x00, 0x00, 0x00, 
0x00, 0x00, 0x00, 0x00, 
0x00, 0x00, 0x00, 0x00, 
0x00, 0x00, 0x00, 0x00, 
0x00, 0x00, 0x00, 0x00, 
0x00, 0x00, 0x00, 0x00, 
0x00, 0x00, 0x00, 0x00, 
0x00, 0x00, 0x00, 0x00, 
0x00, 0x00, 0x00, 0x00, 
0x00, 0x00, 0x00, 0x00, 
0x00, 0x00, 0x00, 0x00, 
0x00, 0x00, 0x00, 0x00, 
0x00, 0x00, 0x00, 0x00, 
0x00, 0x00, 0x00, 0x00, 
0x00, 0x00, 0x00, 0x00, 
0x00, 0x00, 0x00, 0x00, 
0x00, 0x00, 0x00, 0x00, 
0x00, 0x00, 0x00, 0x00, 
0x00, 0x00, 0x00, 0x00, 
0x00, 0x00, 0x00, 0x00, 
0x00, 0x00, 0x00, 0x00, 
0x00, 0x00, 0x00, 0x00, 
0x00, 0x00, 0x00, 0x00, 
0x00, 0x00, 0x00, 0x00, 
0x00, 0x00, 0x00, 0x00, 
0x00, 0x00, 0x00, 0x00, 
0x00, 0x00, 0x00, 0x00, 
0x00, 0x00, 0x00, 0x00, 
0x00, 0x00, 0x00, 0x00, 
0x00, 0x00, 0x00, 0x00, 
0x00, 0x00, 0x00, 0x00, 
0x00, 0x00, 0x00, 0x00, 
0x00, 0x00, 0x00, 0x00, 
0x00, 0x00, 0x00, 0x00, 
0x00, 0x00, 0x00, 0x00, 
0x00, 0x00, 0x00, 0x00, 
0x00, 0x00, 0x00, 0x00, 
0x00, 0x00, 0x00, 0x00, 
0x00, 0x00, 0x00, 0x00, 
0x00, 0x00, 0x00, 0x00, 
0x00, 0x00, 0x00, 0x00, 
0x00, 0x00, 0x00, 0x00, 
0x00, 0x00, 0x00, 0x00, 
0x00, 0x00, 0x00, 0x00, 
0x00, 0x00, 0x00, 0x00, 
0x00, 0x00, 0x00, 0x00, 
0x00, 0x00, 0x00, 0x00, 
0x00, 0x00, 0x00, 0x00, 
0x00, 0x00, 0x00, 0x00, 
0x00, 0x00, 0x00, 0x00, 
0x00, 0x00, 0x00, 0x00, 
0x00, 0x00, 0x00, 0x00, 
0x00, 0x00, 0x00, 0x00, 
0x00, 0x00, 0x00, 0x00, 
0x00, 0x00, 0x00, 0x00, 
0x00, 0x00, 0x00, 0x00, 
0x00, 0x00, 0x00, 0x00, 
0x00, 0x00, 0x00, 0x00, 
0x00, 0x00, 0x00, 0x00, 
0x00, 0x00, 0x00, 0x00, 
0x00, 0x00, 0x00, 0x00, 
0x00, 0x00, 0x00, 0x00, 
0x00, 0x00, 0x00, 0x00, 
0x00, 0x00, 0x00, 0x00, 
0x00, 0x00, 0x00, 0x00, 
0x00, 0x00, 0x00, 0x00, 
0x00, 0x00, 0x00, 0x00, 
0x00, 0x00, 0x00, 0x00, 
0x00, 0x00, 0x00, 0x00, 
0x00, 0x00, 0x00, 0x00, 
0x00, 0x00, 0x00, 0x00, 
0x00, 0x00, 0x00, 0x00, 
0x00, 0x00, 0x00, 0x00, 
0x00, 0x00, 0x00, 0x00, 
0x00, 0x00, 0x00, 0x00, 
0x00, 0x00, 0x00, 0x00, 
0x00, 0x00, 0x00, 0x00, 
0x00, 0x00, 0x00, 0x00, 
0x00, 0x00, 0x00, 0x00, 
0x00, 0x00, 0x00, 0x00, 
0x00, 0x00, 0x00, 0x00, 
0x00, 0x00, 0x00, 0x00, 
0x00, 0x00, 0x00, 0x00, 
0x00, 0x00, 0x00, 0x00, 
0x00, 0x00, 0x00, 0x00, 
0x00, 0x00, 0x00, 0x00, 
0x00, 0x00, 0x00, 0x00, 
0x00, 0x00, 0x00, 0x00, 
0x00, 0x00, 0x00, 0x00, 
0x00, 0x00, 0x00, 0x00, 
0x00, 0x00, 0x00, 0x00, 
0x00, 0x00, 0x00, 0x00, 
0x00, 0x00, 0x00, 0x00, 
0x00, 0x00, 0x00, 0x00, 
0x00, 0x00, 0x00, 0x00, 
0x00, 0x00, 0x00, 0x00, 
0x00, 0x00, 0x00, 0x00, 
0x00, 0x00, 0x00, 0x00, 
0x00, 0x00, 0x00, 0x00, 
0x00, 0x00, 0x00, 0x00, 
0x00, 0x00, 0x00, 0x00, 
0x00, 0x00, 0x00, 0x00, 
0x00, 0x00, 0x00, 0x00, 
0x00, 0x00, 0x00, 0x00, 
0x00, 0x00, 0x00, 0x00, 
0x00, 0x00, 0x00, 0x00, 
0x00, 0x00, 0x00, 0x00, 
0x00, 0x00, 0x00, 0x00, 
0x00, 0x00, 0x00, 0x00, 
0x00, 0x00, 0x00, 0x00, 
0x00, 0x00, 0x00, 0x00, 
0x00, 0x00, 0x00, 0x00, 
0x00, 0x00, 0x00, 0x00, 
0x00, 0x00, 0x00, 0x00, 
0x00, 0x00, 0x00, 0x00, 
0x00, 0x00, 0x00, 0x00, 
0x00, 0x00, 0x00, 0x00, 
0x00, 0x00, 0x00, 0x00, 
0x00, 0x00, 0x00, 0x00, 
0x00, 0x00, 0x00, 0x00, 
0x00, 0x00, 0x00, 0x00, 
0x00, 0x00, 0x00, 0x00, 
0x00, 0x00, 0x00, 0x00, 
0x00, 0x00, 0x00, 0x00, 
0x00, 0x00, 0x00, 0x00, 
0x00, 0x00, 0x00, 0x00, 
0x00, 0x00, 0x00, 0x00, 
0x00, 0x00, 0x00, 0x00, 
0x00, 0x00, 0x00, 0x00, 
0x00, 0x00, 0x00, 0x00, 
0x00, 0x00, 0x00, 0x00, 
0x00, 0x00, 0x00, 0x00, 
0x00, 0x00, 0x00, 0x00, 
0x00, 0x00, 0x00, 0x00, 
0x00, 0x00, 0x00, 0x00, 
0x00, 0x00, 0x00, 0x00, 
0x00, 0x00, 0x00, 0x00, 
0x00, 0x00, 0x00, 0x00, 
0x00, 0x00, 0x00, 0x00, 
0x00, 0x00, 0x00, 0x00, 
0x00, 0x00, 0x00, 0x00, 
0x00, 0x00, 0x00, 0x00, 
0x00, 0x00, 0x00, 0x00, 
0x00, 0x00, 0x00, 0x00, 
0x00, 0x00, 0x00, 0x00, 
0x00, 0x00, 0x00, 0x00, 
0x00, 0x00, 0x00, 0x00, 
0x00, 0x00, 0x00, 0x00, 
0x00, 0x00, 0x00, 0x00, 
0x00, 0x00, 0x00, 0x00, 
0x00, 0x00, 0x00, 0x00, 
0x00, 0x00, 0x00, 0x00, 
0x00, 0x00, 0x00, 0x00, 
0x00, 0x00, 0x00, 0x00, 
0x00, 0x00, 0x00, 0x00, 
0x00, 0x00, 0x00, 0x00, 
0x00, 0x00, 0x00, 0x00, 
0x00, 0x00, 0x00, 0x00, 
0x00, 0x00, 0x00, 0x00, 
0x00, 0x00, 0x00, 0x00, 
0x00, 0x00, 0x00, 0x00, 
0x00, 0x00, 0x00, 0x00, 
0x00, 0x00, 0x00, 0x00, 
0x00, 0x00, 0x00, 0x00, 
0x00, 0x00, 0x00, 0x00, 
0x00, 0x00, 0x00, 0x00, 
0x00, 0x00, 0x00, 0x00, 
0x00, 0x00, 0x00, 0x00, 
0x00, 0x00, 0x00, 0x00, 
0x00, 0x00, 0x00, 0x00, 
0x00, 0x00, 0x00, 0x00, 
0x00, 0x00, 0x00, 0x00, 
0x00, 0x00, 0x00, 0x00, 
0x00, 0x00, 0x00, 0x00, 
0x00, 0x00, 0x00, 0x00, 
0x00, 0x00, 0x00, 0x00, 
0x00, 0x00, 0x00, 0x00, 
0x00, 0x00, 0x00, 0x00, 
0x00, 0x00, 0x00, 0x00, 
0x00, 0x00, 0x00, 0x00, 
0x00, 0x00, 0x00, 0x00, 
0x00, 0x00, 0x00, 0x00, 
0x00, 0x00, 0x00, 0x00, 
0x00, 0x00, 0x00, 0x00, 
0x00, 0x00, 0x00, 0x00, 
0x00, 0x00, 0x00, 0x00, 
0x00, 0x00, 0x00, 0x00, 
0x00, 0x00, 0x00, 0x00, 
0x00, 0x00, 0x00, 0x00, 
0x00, 0x00, 0x00, 0x00, 
0x00, 0x00, 0x00, 0x00, 
0x00, 0x00, 0x00, 0x00, 
0x00, 0x00, 0x00, 0x00, 
0x00, 0x00, 0x00, 0x00, 
0x00, 0x00, 0x00, 0x00, 
0x00, 0x00, 0x00, 0x00, 
0x00, 0x00, 0x00, 0x00, 
0x00, 0x00, 0x00, 0x00, 
0x00, 0x00, 0x00, 0x00, 
0x00, 0x00, 0x00, 0x00, 
0x00, 0x00, 0x00, 0x00, 
0x00, 0x00, 0x00, 0x00, 
0x00, 0x00, 0x00, 0x00, 
0x00, 0x00, 0x00, 0x00, 
0x00, 0x00, 0x00, 0x00, 
0x00, 0x00, 0x00, 0x00, 
0x00, 0x00, 0x00, 0x00, 
0x00, 0x00, 0x00, 0x00, 
0x00, 0x00, 0x00, 0x00, 
0x00, 0x00, 0x00, 0x00, 
0x00, 0x00, 0x00, 0x00, 
0x00, 0x00, 0x00, 0x00, 
0x00, 0x00, 0x00, 0x00, 
0x00, 0x00, 0x00, 0x00, 
0x00, 0x00, 0x00, 0x00, 
0x00, 0x00, 0x00, 0x00, 
0x00, 0x00, 0x00, 0x00, 
0x00, 0x00, 0x00, 0x00, 
0x00, 0x00, 0x00, 0x00, 
0x00, 0x00, 0x00, 0x00, 
0x00, 0x00, 0x00, 0x00, 
0x00, 0x00, 0x00, 0x00, 
0x00, 0x00, 0x00, 0x00, 
0x00, 0x00, 0x00, 0x00, 
0x00, 0x00, 0x00, 0x00, 
0x00, 0x00, 0x00, 0x00, 
0x00, 0x00, 0x00, 0x00, 
0x00, 0x00, 0x00, 0x00, 
0x00, 0x00, 0x00, 0x00, 
0x00, 0x00, 0x00, 0x00, 
0x00, 0x00, 0x00, 0x00, 
0x00, 0x00, 0x00, 0x00, 
0x00, 0x00, 0x00, 0x00, 
0x00, 0x00, 0x00, 0x00, 
0x00, 0x00, 0x00, 0x00, 
0x00, 0x00, 0x00, 0x00, 
0x00, 0x00, 0x00, 0x00, 
0x00, 0x00, 0x00, 0x00, 
0x00, 0x00, 0x00, 0x00, 
0x00, 0x00, 0x26, 0x0D, 
0x00, 0x00, 0x00, 0x00, 
0x00, 0x00, 0x00, 0x24, 
0x00, 0x00, 0x00, 0x00, 
0x00, 0x00, 0x00, 0x00, 
0x00, 0x00, 0x00, 0x00, 
0x00, 0x00, 0x00, 0x00, 
0x00, 0x00, 0x26, 0x0D, 
0x00, 0x00, 0x00, 0x00, 
0x00, 0x00, 0x00, 0x24, 
0x00, 0x00, 0x00, 0x00, 
0x00, 0x00, 0x00, 0x00, 
0x00, 0x00, 0x00, 0x00, 
0x00, 0x00, 0x00, 0x00, 
0x01, 0x00, 0x00, 0x00, 
0x00, 0x00, 0x00, 0x00, 
0x00, 0x00, 0x26, 0x0D, 
0x00, 0x00, 0x00, 0x00, 
0x00, 0x00, 0x00, 0x24, 
0x00, 0x00, 0x00, 0x00, 
0x00, 0x00, 0x00, 0x00, 
0x00, 0x00, 0x00, 0x00, 
0x00, 0x00, 0x00, 0x00, 
0x00, 0x00, 0x26, 0x0D, 
0x00, 0x00, 0x00, 0x00, 
0x00, 0x00, 0x00, 0x24, 
0x00, 0x00, 0x00, 0x00, 
0x00, 0x00, 0x00, 0x00, 
0x00, 0x00, 0x00, 0x00, 
0x00, 0x00, 0x00, 0x00, 
0x01, 0x00, 0x00, 0x00, 
0x00, 0x00, 0x00, 0x00, 
0x00, 0x00, 0x26, 0x0D, 
0x00, 0x00, 0x00, 0x00, 
0x00, 0x00, 0x00, 0x24, 
0x00, 0x00, 0x00, 0x00, 
0x00, 0x00, 0x00, 0x00, 
0x00, 0x00, 0x00, 0x00, 
0x00, 0x00, 0x00, 0x00, 
0x00, 0x00, 0x26, 0x0D, 
0x00, 0x00, 0x00, 0x00, 
0x00, 0x00, 0x00, 0x24, 
0x00, 0x00, 0x00, 0x00, 
0x00, 0x00, 0x00, 0x00, 
0x00, 0x00, 0x00, 0x00, 
0x00, 0x00, 0x00, 0x00, 
0x01, 0x00, 0x00, 0x00, 
0x00, 0x00, 0x00, 0x00, 
0x00, 0x00, 0x26, 0x0D, 
0x00, 0x00, 0x00, 0x00, 
0x00, 0x00, 0x00, 0x24, 
0x00, 0x00, 0x00, 0x00, 
0x00, 0x00, 0x00, 0x00, 
0x00, 0x00, 0x00, 0x00, 
0x00, 0x00, 0x00, 0x00, 
0x00, 0x00, 0x26, 0x0D, 
0x00, 0x00, 0x00, 0x00, 
0x00, 0x00, 0x00, 0x24, 
0x00, 0x00, 0x00, 0x00, 
0x00, 0x00, 0x00, 0x00, 
0x00, 0x00, 0x00, 0x00, 
0x00, 0x00, 0x00, 0x00, 
0x01, 0x00, 0x00, 0x00, 
0x00, 0x00, 0x00, 0x00, 
0x00, 0x00, 0x26, 0x0D, 
0x00, 0x00, 0x00, 0x00, 
0x00, 0x00, 0x00, 0x24, 
0x00, 0x00, 0x00, 0x00, 
0x00, 0x00, 0x00, 0x00, 
0x00, 0x00, 0x00, 0x00, 
0x00, 0x00, 0x00, 0x00, 
0x00, 0x00, 0x26, 0x0D, 
0x00, 0x00, 0x00, 0x00, 
0x00, 0x00, 0x00, 0x24, 
0x00, 0x00, 0x00, 0x00, 
0x00, 0x00, 0x00, 0x00, 
0x00, 0x00, 0x00, 0x00, 
0x00, 0x00, 0x00, 0x00, 
0x01, 0x00, 0x00, 0x00, 
0x00, 0x00, 0x00, 0x00, 
0x00, 0x00, 0x26, 0x0D, 
0x00, 0x00, 0x00, 0x00, 
0x00, 0x00, 0x00, 0x24, 
0x00, 0x00, 0x00, 0x00, 
0x00, 0x00, 0x00, 0x00, 
0x00, 0x00, 0x00, 0x00, 
0x00, 0x00, 0x00, 0x00, 
0x00, 0x00, 0x26, 0x0D, 
0x00, 0x00, 0x00, 0x00, 
0x00, 0x00, 0x00, 0x24, 
0x00, 0x00, 0x00, 0x00, 
0x00, 0x00, 0x00, 0x00, 
0x00, 0x00, 0x00, 0x00, 
0x00, 0x00, 0x00, 0x00, 
0x01, 0x00, 0x00, 0x00, 
0x00, 0x00, 0x00, 0x00, 
0x00, 0x00, 0x26, 0x0D, 
0x00, 0x00, 0x00, 0x00, 
0x00, 0x00, 0x00, 0x24, 
0x00, 0x00, 0x00, 0x00, 
0x00, 0x00, 0x00, 0x00, 
0x00, 0x00, 0x00, 0x00, 
0x00, 0x00, 0x00, 0x00, 
0x00, 0x00, 0x26, 0x0D, 
0x00, 0x00, 0x00, 0x00, 
0x00, 0x00, 0x00, 0x24, 
0x00, 0x00, 0x00, 0x00, 
0x00, 0x00, 0x00, 0x00, 
0x00, 0x00, 0x00, 0x00, 
0x00, 0x00, 0x00, 0x00, 
0x01, 0x00, 0x00, 0x00, 
0x00, 0x00, 0x00, 0x00, 
0x00, 0x00, 0x26, 0x0D, 
0x00, 0x00, 0x00, 0x00, 
0x00, 0x00, 0x00, 0x24, 
0x00, 0x00, 0x00, 0x00, 
0x00, 0x00, 0x00, 0x00, 
0x00, 0x00, 0x00, 0x00, 
0x00, 0x00, 0x00, 0x00, 
0x00, 0x00, 0x26, 0x0D, 
0x00, 0x00, 0x00, 0x00, 
0x00, 0x00, 0x00, 0x24, 
0x00, 0x00, 0x00, 0x00, 
0x00, 0x00, 0x00, 0x00, 
0x00, 0x00, 0x00, 0x00, 
0x00, 0x00, 0x00, 0x00, 
0x01, 0x00, 0x00, 0x00, 
0x00, 0x00, 0x00, 0x00, 
0x00, 0x00, 0x26, 0x0D, 
0x00, 0x00, 0x00, 0x00, 
0x00, 0x00, 0x00, 0x24, 
0x00, 0x00, 0x00, 0x00, 
0x00, 0x00, 0x00, 0x00, 
0x00, 0x00, 0x00, 0x00, 
0x00, 0x00, 0x00, 0x00, 
0x00, 0x00, 0x26, 0x0D, 
0x00, 0x00, 0x00, 0x00, 
0x00, 0x00, 0x00, 0x24, 
0x00, 0x00, 0x00, 0x00, 
0x00, 0x00, 0x00, 0x00, 
0x00, 0x00, 0x00, 0x00, 
0x00, 0x00, 0x00, 0x00, 
0x01, 0x00, 0x00, 0x00, 
0x00, 0x00, 0x00, 0x00, 
0x00, 0x00, 0x26, 0x0D, 
0x00, 0x00, 0x00, 0x00, 
0x00, 0x00, 0x00, 0x24, 
0x00, 0x00, 0x00, 0x00, 
0x00, 0x00, 0x00, 0x00, 
0x00, 0x00, 0x00, 0x00, 
0x00, 0x00, 0x00, 0x00, 
0x00, 0x00, 0x26, 0x0D, 
0x00, 0x00, 0x00, 0x00, 
0x00, 0x00, 0x00, 0x24, 
0x00, 0x00, 0x00, 0x00, 
0x00, 0x00, 0x00, 0x00, 
0x00, 0x00, 0x00, 0x00, 
0x00, 0x00, 0x00, 0x00, 
0x01, 0x00, 0x00, 0x00, 
0x00, 0x00, 0x00, 0x00, 
0x00, 0x00, 0x26, 0x0D, 
0x00, 0x00, 0x00, 0x00, 
0x00, 0x00, 0x00, 0x24, 
0x00, 0x00, 0x00, 0x00, 
0x00, 0x00, 0x00, 0x00, 
0x00, 0x00, 0x00, 0x00, 
0x00, 0x00, 0x00, 0x00, 
0x00, 0x00, 0x26, 0x0D, 
0x00, 0x00, 0x00, 0x00, 
0x00, 0x00, 0x00, 0x24, 
0x00, 0x00, 0x00, 0x00, 
0x00, 0x00, 0x00, 0x00, 
0x00, 0x00, 0x00, 0x00, 
0x00, 0x00, 0x00, 0x00, 
0x01, 0x00, 0x00, 0x00, 
0x00, 0x00, 0x00, 0x00, 
0x00, 0x00, 0x26, 0x0D, 
0x00, 0x00, 0x00, 0x00, 
0x00, 0x00, 0x00, 0x24, 
0x00, 0x00, 0x00, 0x00, 
0x00, 0x00, 0x00, 0x00, 
0x00, 0x00, 0x00, 0x00, 
0x00, 0x00, 0x00, 0x00, 
0x00, 0x00, 0x26, 0x0D, 
0x00, 0x00, 0x00, 0x00, 
0x00, 0x00, 0x00, 0x24, 
0x00, 0x00, 0x00, 0x00, 
0x00, 0x00, 0x00, 0x00, 
0x00, 0x00, 0x00, 0x00, 
0x00, 0x00, 0x00, 0x00, 
0x01, 0x00, 0x00, 0x00, 
0x00, 0x00, 0x00, 0x00, 
0x00, 0x00, 0x26, 0x0D, 
0x00, 0x00, 0x00, 0x00, 
0x00, 0x00, 0x00, 0x24, 
0x00, 0x00, 0x00, 0x00, 
0x00, 0x00, 0x00, 0x00, 
0x00, 0x00, 0x00, 0x00, 
0x00, 0x00, 0x00, 0x00, 
0x00, 0x00, 0x26, 0x0D, 
0x00, 0x00, 0x00, 0x00, 
0x00, 0x00, 0x00, 0x24, 
0x00, 0x00, 0x00, 0x00, 
0x00, 0x00, 0x00, 0x00, 
0x00, 0x00, 0x00, 0x00, 
0x00, 0x00, 0x00, 0x00, 
0x01, 0x00, 0x00, 0x00, 
0x00, 0x00, 0x00, 0x00, 
0x00, 0x00, 0x26, 0x0D, 
0x00, 0x00, 0x00, 0x00, 
0x00, 0x00, 0x00, 0x24, 
0x00, 0x00, 0x00, 0x00, 
0x00, 0x00, 0x00, 0x00, 
0x00, 0x00, 0x00, 0x00, 
0x00, 0x00, 0x00, 0x00, 
0x00, 0x00, 0x26, 0x0D, 
0x00, 0x00, 0x00, 0x00, 
0x00, 0x00, 0x00, 0x24, 
0x00, 0x00, 0x00, 0x00, 
0x00, 0x00, 0x00, 0x00, 
0x00, 0x00, 0x00, 0x00, 
0x00, 0x00, 0x00, 0x00, 
0x01, 0x00, 0x00, 0x00, 
0x00, 0x00, 0x00, 0x00, 
0x00, 0x00, 0x26, 0x0D, 
0x00, 0x00, 0x00, 0x00, 
0x00, 0x00, 0x00, 0x24, 
0x00, 0x00, 0x00, 0x00, 
0x00, 0x00, 0x00, 0x00, 
0x00, 0x00, 0x00, 0x00, 
0x00, 0x00, 0x00, 0x00, 
0x00, 0x00, 0x26, 0x0D, 
0x00, 0x00, 0x00, 0x00, 
0x00, 0x00, 0x00, 0x24, 
0x00, 0x00, 0x00, 0x00, 
0x00, 0x00, 0x00, 0x00, 
0x00, 0x00, 0x00, 0x00, 
0x00, 0x00, 0x00, 0x00, 
0x01, 0x00, 0x00, 0x00, 
0x00, 0x00, 0x00, 0x00, 
0x00, 0x00, 0x26, 0x0D, 
0x00, 0x00, 0x00, 0x00, 
0x00, 0x00, 0x00, 0x24, 
0x00, 0x00, 0x00, 0x00, 
0x00, 0x00, 0x00, 0x00, 
0x00, 0x00, 0x00, 0x00, 
0x00, 0x00, 0x00, 0x00, 
0x00, 0x00, 0x26, 0x0D, 
0x00, 0x00, 0x00, 0x00, 
0x00, 0x00, 0x00, 0x24, 
0x00, 0x00, 0x00, 0x00, 
0x00, 0x00, 0x00, 0x00, 
0x00, 0x00, 0x00, 0x00, 
0x00, 0x00, 0x00, 0x00, 
0x00, 0x00, 0x00, 0x00, 
0x00, 0x00, 0x00, 0x00, 
0x00, 0x00, 0x00, 0x00, 
0x00, 0x00, 0x00, 0x00, 
};

/* Register Default - SOFT_RESET */
#define R0_SOFT_RESET_SIZE_IC_1 2
#define R0_SOFT_RESET_ADDR_IC_1 63632
ADI_REG_TYPE R0_SOFT_RESET_IC_1_Data[R0_SOFT_RESET_SIZE_IC_1] = {
0x00, 0x00, 
};

/* Register Default - SOFT_RESET */
#define R1_SOFT_RESET_SIZE_IC_1 2
#define R1_SOFT_RESET_ADDR_IC_1 63632
ADI_REG_TYPE R1_SOFT_RESET_IC_1_Data[R1_SOFT_RESET_SIZE_IC_1] = {
0x00, 0x01, 
};

/* Register Default - Reset Delay */
#define R2_RESET_DELAY_SIZE_IC_1 2
#define R2_RESET_DELAY_ADDR_IC_1 0
ADI_REG_TYPE R2_RESET_DELAY_IC_1_Data[R2_RESET_DELAY_SIZE_IC_1] = {
0x00, 0xFF, 
};

/* Register Default - HIBERNATE */
#define R3_HIBERNATE_SIZE_IC_1 2
#define R3_HIBERNATE_ADDR_IC_1 62464
ADI_REG_TYPE R3_HIBERNATE_IC_1_Data[R3_HIBERNATE_SIZE_IC_1] = {
0x00, 0x00, 
};

/* Register Default - HIBERNATE */
#define R4_HIBERNATE_SIZE_IC_1 2
#define R4_HIBERNATE_ADDR_IC_1 62464
ADI_REG_TYPE R4_HIBERNATE_IC_1_Data[R4_HIBERNATE_SIZE_IC_1] = {
0x00, 0x01, 
};

/* Register Default - Hibernate Delay */
#define R5_HIBERNATE_DELAY_SIZE_IC_1 2
#define R5_HIBERNATE_DELAY_ADDR_IC_1 0
ADI_REG_TYPE R5_HIBERNATE_DELAY_IC_1_Data[R5_HIBERNATE_DELAY_SIZE_IC_1] = {
0x00, 0xFF, 
};

/* Register Default - KILL_CORE */
#define R6_KILL_CORE_SIZE_IC_1 2
#define R6_KILL_CORE_ADDR_IC_1 62467
ADI_REG_TYPE R6_KILL_CORE_IC_1_Data[R6_KILL_CORE_SIZE_IC_1] = {
0x00, 0x00, 
};

/* Register Default - KILL_CORE */
#define R7_KILL_CORE_SIZE_IC_1 2
#define R7_KILL_CORE_ADDR_IC_1 62467
ADI_REG_TYPE R7_KILL_CORE_IC_1_Data[R7_KILL_CORE_SIZE_IC_1] = {
0x00, 0x01, 
};

/* Register Default - PLL_ENABLE */
#define R8_PLL_ENABLE_SIZE_IC_1 2
#define R8_PLL_ENABLE_ADDR_IC_1 61443
ADI_REG_TYPE R8_PLL_ENABLE_IC_1_Data[R8_PLL_ENABLE_SIZE_IC_1] = {
0x00, 0x00, 
};

/* Register Default - PLL_CTRL1 Register */
#define R9_PLL_CTRL1_REGISTER_SIZE_IC_1 2
#define R9_PLL_CTRL1_REGISTER_ADDR_IC_1 61441
ADI_REG_TYPE R9_PLL_CTRL1_REGISTER_IC_1_Data[R9_PLL_CTRL1_REGISTER_SIZE_IC_1] = {
0x00, 0x02, 
};

/* Register Default - PLL_CLK_SRC Register */
#define R10_PLL_CLK_SRC_REGISTER_SIZE_IC_1 2
#define R10_PLL_CLK_SRC_REGISTER_ADDR_IC_1 61442
ADI_REG_TYPE R10_PLL_CLK_SRC_REGISTER_IC_1_Data[R10_PLL_CLK_SRC_REGISTER_SIZE_IC_1] = {
0x00, 0x01, 
};

/* Register Default - MCLK_OUT Register */
#define R11_MCLK_OUT_REGISTER_SIZE_IC_1 2
#define R11_MCLK_OUT_REGISTER_ADDR_IC_1 61445
ADI_REG_TYPE R11_MCLK_OUT_REGISTER_IC_1_Data[R11_MCLK_OUT_REGISTER_SIZE_IC_1] = {
0x00, 0x04, 
};

/* Register Default - PLL_ENABLE Register */
#define R12_PLL_ENABLE_REGISTER_SIZE_IC_1 2
#define R12_PLL_ENABLE_REGISTER_ADDR_IC_1 61443
ADI_REG_TYPE R12_PLL_ENABLE_REGISTER_IC_1_Data[R12_PLL_ENABLE_REGISTER_SIZE_IC_1] = {
0x00, 0x01, 
};

/* Register Default - PLL Lock Delay */
#define R13_PLL_LOCK_DELAY_SIZE_IC_1 2
#define R13_PLL_LOCK_DELAY_ADDR_IC_1 0
ADI_REG_TYPE R13_PLL_LOCK_DELAY_IC_1_Data[R13_PLL_LOCK_DELAY_SIZE_IC_1] = {
0x00, 0xFF, 
};

/* Register Default - POWER_ENABLE0 Register */
#define R14_POWER_ENABLE0_REGISTER_SIZE_IC_1 2
#define R14_POWER_ENABLE0_REGISTER_ADDR_IC_1 61520
ADI_REG_TYPE R14_POWER_ENABLE0_REGISTER_IC_1_Data[R14_POWER_ENABLE0_REGISTER_SIZE_IC_1] = {
0x1F, 0xFF, 
};

/* Register Default - POWER_ENABLE1 Register */
#define R15_POWER_ENABLE1_REGISTER_SIZE_IC_1 2
#define R15_POWER_ENABLE1_REGISTER_ADDR_IC_1 61521
ADI_REG_TYPE R15_POWER_ENABLE1_REGISTER_IC_1_Data[R15_POWER_ENABLE1_REGISTER_SIZE_IC_1] = {
0x00, 0x1F, 
};

/* Register Default - PLL_WATCHDOG */
#define R16_PLL_WATCHDOG_SIZE_IC_1 2
#define R16_PLL_WATCHDOG_ADDR_IC_1 61446
ADI_REG_TYPE R16_PLL_WATCHDOG_IC_1_Data[R16_PLL_WATCHDOG_SIZE_IC_1] = {
0x00, 0x00, 
};

/* Register Default - MP0_MODE */
#define R17_MP0_MODE_SIZE_IC_1 2
#define R17_MP0_MODE_ADDR_IC_1 62736
ADI_REG_TYPE R17_MP0_MODE_IC_1_Data[R17_MP0_MODE_SIZE_IC_1] = {
0x00, 0x07, 
};

/* Register Default - MP0_WRITE */
#define R18_MP0_WRITE_SIZE_IC_1 2
#define R18_MP0_WRITE_ADDR_IC_1 62752
ADI_REG_TYPE R18_MP0_WRITE_IC_1_Data[R18_MP0_WRITE_SIZE_IC_1] = {
0x00, 0x01, 
};

/* Register Default - SOUT_SOURCE0 */
#define R19_SOUT_SOURCE0_SIZE_IC_1 2
#define R19_SOUT_SOURCE0_ADDR_IC_1 61824
ADI_REG_TYPE R19_SOUT_SOURCE0_IC_1_Data[R19_SOUT_SOURCE0_SIZE_IC_1] = {
0x00, 0x02, 
};

/* Register Default - SOUT_SOURCE1 */
#define R20_SOUT_SOURCE1_SIZE_IC_1 2
#define R20_SOUT_SOURCE1_ADDR_IC_1 61825
ADI_REG_TYPE R20_SOUT_SOURCE1_IC_1_Data[R20_SOUT_SOURCE1_SIZE_IC_1] = {
0x00, 0x02, 
};

/* Register Default - SOUT_SOURCE2 */
#define R21_SOUT_SOURCE2_SIZE_IC_1 2
#define R21_SOUT_SOURCE2_ADDR_IC_1 61826
ADI_REG_TYPE R21_SOUT_SOURCE2_IC_1_Data[R21_SOUT_SOURCE2_SIZE_IC_1] = {
0x00, 0x02, 
};

/* Register Default - SOUT_SOURCE3 */
#define R22_SOUT_SOURCE3_SIZE_IC_1 2
#define R22_SOUT_SOURCE3_ADDR_IC_1 61827
ADI_REG_TYPE R22_SOUT_SOURCE3_IC_1_Data[R22_SOUT_SOURCE3_SIZE_IC_1] = {
0x00, 0x02, 
};

/* Register Default - SOUT_SOURCE4 */
#define R23_SOUT_SOURCE4_SIZE_IC_1 2
#define R23_SOUT_SOURCE4_ADDR_IC_1 61828
ADI_REG_TYPE R23_SOUT_SOURCE4_IC_1_Data[R23_SOUT_SOURCE4_SIZE_IC_1] = {
0x00, 0x02, 
};

/* Register Default - SOUT_SOURCE5 */
#define R24_SOUT_SOURCE5_SIZE_IC_1 2
#define R24_SOUT_SOURCE5_ADDR_IC_1 61829
ADI_REG_TYPE R24_SOUT_SOURCE5_IC_1_Data[R24_SOUT_SOURCE5_SIZE_IC_1] = {
0x00, 0x02, 
};

/* Register Default - SOUT_SOURCE6 */
#define R25_SOUT_SOURCE6_SIZE_IC_1 2
#define R25_SOUT_SOURCE6_ADDR_IC_1 61830
ADI_REG_TYPE R25_SOUT_SOURCE6_IC_1_Data[R25_SOUT_SOURCE6_SIZE_IC_1] = {
0x00, 0x02, 
};

/* Register Default - SOUT_SOURCE7 */
#define R26_SOUT_SOURCE7_SIZE_IC_1 2
#define R26_SOUT_SOURCE7_ADDR_IC_1 61831
ADI_REG_TYPE R26_SOUT_SOURCE7_IC_1_Data[R26_SOUT_SOURCE7_SIZE_IC_1] = {
0x00, 0x02, 
};

/* Register Default - SOUT_SOURCE8 */
#define R27_SOUT_SOURCE8_SIZE_IC_1 2
#define R27_SOUT_SOURCE8_ADDR_IC_1 61832
ADI_REG_TYPE R27_SOUT_SOURCE8_IC_1_Data[R27_SOUT_SOURCE8_SIZE_IC_1] = {
0x00, 0x02, 
};

/* Register Default - SOUT_SOURCE9 */
#define R28_SOUT_SOURCE9_SIZE_IC_1 2
#define R28_SOUT_SOURCE9_ADDR_IC_1 61833
ADI_REG_TYPE R28_SOUT_SOURCE9_IC_1_Data[R28_SOUT_SOURCE9_SIZE_IC_1] = {
0x00, 0x02, 
};

/* Register Default - SOUT_SOURCE10 */
#define R29_SOUT_SOURCE10_SIZE_IC_1 2
#define R29_SOUT_SOURCE10_ADDR_IC_1 61834
ADI_REG_TYPE R29_SOUT_SOURCE10_IC_1_Data[R29_SOUT_SOURCE10_SIZE_IC_1] = {
0x00, 0x02, 
};

/* Register Default - SOUT_SOURCE11 */
#define R30_SOUT_SOURCE11_SIZE_IC_1 2
#define R30_SOUT_SOURCE11_ADDR_IC_1 61835
ADI_REG_TYPE R30_SOUT_SOURCE11_IC_1_Data[R30_SOUT_SOURCE11_SIZE_IC_1] = {
0x00, 0x02, 
};

/* Register Default - SOUT_SOURCE12 */
#define R31_SOUT_SOURCE12_SIZE_IC_1 2
#define R31_SOUT_SOURCE12_ADDR_IC_1 61836
ADI_REG_TYPE R31_SOUT_SOURCE12_IC_1_Data[R31_SOUT_SOURCE12_SIZE_IC_1] = {
0x00, 0x02, 
};

/* Register Default - SOUT_SOURCE13 */
#define R32_SOUT_SOURCE13_SIZE_IC_1 2
#define R32_SOUT_SOURCE13_ADDR_IC_1 61837
ADI_REG_TYPE R32_SOUT_SOURCE13_IC_1_Data[R32_SOUT_SOURCE13_SIZE_IC_1] = {
0x00, 0x02, 
};

/* Register Default - SOUT_SOURCE14 */
#define R33_SOUT_SOURCE14_SIZE_IC_1 2
#define R33_SOUT_SOURCE14_ADDR_IC_1 61838
ADI_REG_TYPE R33_SOUT_SOURCE14_IC_1_Data[R33_SOUT_SOURCE14_SIZE_IC_1] = {
0x00, 0x02, 
};

/* Register Default - SOUT_SOURCE15 */
#define R34_SOUT_SOURCE15_SIZE_IC_1 2
#define R34_SOUT_SOURCE15_ADDR_IC_1 61839
ADI_REG_TYPE R34_SOUT_SOURCE15_IC_1_Data[R34_SOUT_SOURCE15_SIZE_IC_1] = {
0x00, 0x02, 
};

/* Register Default - SOUT_SOURCE16 */
#define R35_SOUT_SOURCE16_SIZE_IC_1 2
#define R35_SOUT_SOURCE16_ADDR_IC_1 61840
ADI_REG_TYPE R35_SOUT_SOURCE16_IC_1_Data[R35_SOUT_SOURCE16_SIZE_IC_1] = {
0x00, 0x02, 
};

/* Register Default - SOUT_SOURCE17 */
#define R36_SOUT_SOURCE17_SIZE_IC_1 2
#define R36_SOUT_SOURCE17_ADDR_IC_1 61841
ADI_REG_TYPE R36_SOUT_SOURCE17_IC_1_Data[R36_SOUT_SOURCE17_SIZE_IC_1] = {
0x00, 0x02, 
};

/* Register Default - SOUT_SOURCE18 */
#define R37_SOUT_SOURCE18_SIZE_IC_1 2
#define R37_SOUT_SOURCE18_ADDR_IC_1 61842
ADI_REG_TYPE R37_SOUT_SOURCE18_IC_1_Data[R37_SOUT_SOURCE18_SIZE_IC_1] = {
0x00, 0x02, 
};

/* Register Default - SOUT_SOURCE19 */
#define R38_SOUT_SOURCE19_SIZE_IC_1 2
#define R38_SOUT_SOURCE19_ADDR_IC_1 61843
ADI_REG_TYPE R38_SOUT_SOURCE19_IC_1_Data[R38_SOUT_SOURCE19_SIZE_IC_1] = {
0x00, 0x02, 
};

/* Register Default - SOUT_SOURCE20 */
#define R39_SOUT_SOURCE20_SIZE_IC_1 2
#define R39_SOUT_SOURCE20_ADDR_IC_1 61844
ADI_REG_TYPE R39_SOUT_SOURCE20_IC_1_Data[R39_SOUT_SOURCE20_SIZE_IC_1] = {
0x00, 0x02, 
};

/* Register Default - SOUT_SOURCE21 */
#define R40_SOUT_SOURCE21_SIZE_IC_1 2
#define R40_SOUT_SOURCE21_ADDR_IC_1 61845
ADI_REG_TYPE R40_SOUT_SOURCE21_IC_1_Data[R40_SOUT_SOURCE21_SIZE_IC_1] = {
0x00, 0x02, 
};

/* Register Default - SOUT_SOURCE22 */
#define R41_SOUT_SOURCE22_SIZE_IC_1 2
#define R41_SOUT_SOURCE22_ADDR_IC_1 61846
ADI_REG_TYPE R41_SOUT_SOURCE22_IC_1_Data[R41_SOUT_SOURCE22_SIZE_IC_1] = {
0x00, 0x02, 
};

/* Register Default - SOUT_SOURCE23 */
#define R42_SOUT_SOURCE23_SIZE_IC_1 2
#define R42_SOUT_SOURCE23_ADDR_IC_1 61847
ADI_REG_TYPE R42_SOUT_SOURCE23_IC_1_Data[R42_SOUT_SOURCE23_SIZE_IC_1] = {
0x00, 0x02, 
};

/* Register Default - SERIAL_BYTE_0_0 */
#define R43_SERIAL_BYTE_0_0_SIZE_IC_1 2
#define R43_SERIAL_BYTE_0_0_ADDR_IC_1 61952
ADI_REG_TYPE R43_SERIAL_BYTE_0_0_IC_1_Data[R43_SERIAL_BYTE_0_0_SIZE_IC_1] = {
0x00, 0x03, 
};

/* Register Default - SERIAL_BYTE_0_1 */
#define R44_SERIAL_BYTE_0_1_SIZE_IC_1 2
#define R44_SERIAL_BYTE_0_1_ADDR_IC_1 61953
ADI_REG_TYPE R44_SERIAL_BYTE_0_1_IC_1_Data[R44_SERIAL_BYTE_0_1_SIZE_IC_1] = {
0x00, 0x22, 
};

/* Register Default - SERIAL_BYTE_1_0 */
#define R45_SERIAL_BYTE_1_0_SIZE_IC_1 2
#define R45_SERIAL_BYTE_1_0_ADDR_IC_1 61956
ADI_REG_TYPE R45_SERIAL_BYTE_1_0_IC_1_Data[R45_SERIAL_BYTE_1_0_SIZE_IC_1] = {
0x00, 0x03, 
};

/* Register Default - SERIAL_BYTE_1_1 */
#define R46_SERIAL_BYTE_1_1_SIZE_IC_1 2
#define R46_SERIAL_BYTE_1_1_ADDR_IC_1 61957
ADI_REG_TYPE R46_SERIAL_BYTE_1_1_IC_1_Data[R46_SERIAL_BYTE_1_1_SIZE_IC_1] = {
0x00, 0x22, 
};

/* Register Default - SERIAL_BYTE_2_0 */
#define R47_SERIAL_BYTE_2_0_SIZE_IC_1 2
#define R47_SERIAL_BYTE_2_0_ADDR_IC_1 61960
ADI_REG_TYPE R47_SERIAL_BYTE_2_0_IC_1_Data[R47_SERIAL_BYTE_2_0_SIZE_IC_1] = {
0x04, 0x02, 
};

/* Register Default - SERIAL_BYTE_2_1 */
#define R48_SERIAL_BYTE_2_1_SIZE_IC_1 2
#define R48_SERIAL_BYTE_2_1_ADDR_IC_1 61961
ADI_REG_TYPE R48_SERIAL_BYTE_2_1_IC_1_Data[R48_SERIAL_BYTE_2_1_SIZE_IC_1] = {
0x00, 0x22, 
};

/* Register Default - SERIAL_BYTE_3_0 */
#define R49_SERIAL_BYTE_3_0_SIZE_IC_1 2
#define R49_SERIAL_BYTE_3_0_ADDR_IC_1 61964
ADI_REG_TYPE R49_SERIAL_BYTE_3_0_IC_1_Data[R49_SERIAL_BYTE_3_0_SIZE_IC_1] = {
0x04, 0x02, 
};

/* Register Default - SERIAL_BYTE_3_1 */
#define R50_SERIAL_BYTE_3_1_SIZE_IC_1 2
#define R50_SERIAL_BYTE_3_1_ADDR_IC_1 61965
ADI_REG_TYPE R50_SERIAL_BYTE_3_1_IC_1_Data[R50_SERIAL_BYTE_3_1_SIZE_IC_1] = {
0x00, 0x22, 
};

/* Register Default - SERIAL_BYTE_4_0 */
#define R51_SERIAL_BYTE_4_0_SIZE_IC_1 2
#define R51_SERIAL_BYTE_4_0_ADDR_IC_1 61968
ADI_REG_TYPE R51_SERIAL_BYTE_4_0_IC_1_Data[R51_SERIAL_BYTE_4_0_SIZE_IC_1] = {
0x00, 0x03, 
};

/* Register Default - SERIAL_BYTE_4_1 */
#define R52_SERIAL_BYTE_4_1_SIZE_IC_1 2
#define R52_SERIAL_BYTE_4_1_ADDR_IC_1 61969
ADI_REG_TYPE R52_SERIAL_BYTE_4_1_IC_1_Data[R52_SERIAL_BYTE_4_1_SIZE_IC_1] = {
0x00, 0x22, 
};

/* Register Default - SERIAL_BYTE_5_0 */
#define R53_SERIAL_BYTE_5_0_SIZE_IC_1 2
#define R53_SERIAL_BYTE_5_0_ADDR_IC_1 61972
ADI_REG_TYPE R53_SERIAL_BYTE_5_0_IC_1_Data[R53_SERIAL_BYTE_5_0_SIZE_IC_1] = {
0x00, 0x03, 
};

/* Register Default - SERIAL_BYTE_5_1 */
#define R54_SERIAL_BYTE_5_1_SIZE_IC_1 2
#define R54_SERIAL_BYTE_5_1_ADDR_IC_1 61973
ADI_REG_TYPE R54_SERIAL_BYTE_5_1_IC_1_Data[R54_SERIAL_BYTE_5_1_SIZE_IC_1] = {
0x00, 0x22, 
};

/* Register Default - SERIAL_BYTE_6_0 */
#define R55_SERIAL_BYTE_6_0_SIZE_IC_1 2
#define R55_SERIAL_BYTE_6_0_ADDR_IC_1 61976
ADI_REG_TYPE R55_SERIAL_BYTE_6_0_IC_1_Data[R55_SERIAL_BYTE_6_0_SIZE_IC_1] = {
0x04, 0x02, 
};

/* Register Default - SERIAL_BYTE_6_1 */
#define R56_SERIAL_BYTE_6_1_SIZE_IC_1 2
#define R56_SERIAL_BYTE_6_1_ADDR_IC_1 61977
ADI_REG_TYPE R56_SERIAL_BYTE_6_1_IC_1_Data[R56_SERIAL_BYTE_6_1_SIZE_IC_1] = {
0x00, 0x22, 
};

/* Register Default - SERIAL_BYTE_7_0 */
#define R57_SERIAL_BYTE_7_0_SIZE_IC_1 2
#define R57_SERIAL_BYTE_7_0_ADDR_IC_1 61980
ADI_REG_TYPE R57_SERIAL_BYTE_7_0_IC_1_Data[R57_SERIAL_BYTE_7_0_SIZE_IC_1] = {
0x04, 0x02, 
};

/* Register Default - SERIAL_BYTE_7_1 */
#define R58_SERIAL_BYTE_7_1_SIZE_IC_1 2
#define R58_SERIAL_BYTE_7_1_ADDR_IC_1 61981
ADI_REG_TYPE R58_SERIAL_BYTE_7_1_IC_1_Data[R58_SERIAL_BYTE_7_1_SIZE_IC_1] = {
0x00, 0x22, 
};

/* Register Default - KILL_CORE */
#define R62_KILL_CORE_SIZE_IC_1 2
#define R62_KILL_CORE_ADDR_IC_1 62467
ADI_REG_TYPE R62_KILL_CORE_IC_1_Data[R62_KILL_CORE_SIZE_IC_1] = {
0x00, 0x00, 
};

/* Register Default - START_ADDRESS */
#define R63_START_ADDRESS_SIZE_IC_1 2
#define R63_START_ADDRESS_ADDR_IC_1 62468
ADI_REG_TYPE R63_START_ADDRESS_IC_1_Data[R63_START_ADDRESS_SIZE_IC_1] = {
0x00, 0x00, 
};

/* Register Default - START_PULSE */
#define R64_START_PULSE_SIZE_IC_1 2
#define R64_START_PULSE_ADDR_IC_1 62465
ADI_REG_TYPE R64_START_PULSE_IC_1_Data[R64_START_PULSE_SIZE_IC_1] = {
0x00, 0x02, 
};

/* Register Default - START_CORE */
#define R65_START_CORE_SIZE_IC_1 2
#define R65_START_CORE_ADDR_IC_1 62466
ADI_REG_TYPE R65_START_CORE_IC_1_Data[R65_START_CORE_SIZE_IC_1] = {
0x00, 0x00, 
};

/* Register Default - START_CORE */
#define R66_START_CORE_SIZE_IC_1 2
#define R66_START_CORE_ADDR_IC_1 62466
ADI_REG_TYPE R66_START_CORE_IC_1_Data[R66_START_CORE_SIZE_IC_1] = {
0x00, 0x01, 
};

/* Register Default - Start Delay */
#define R67_START_DELAY_SIZE_IC_1 2
#define R67_START_DELAY_ADDR_IC_1 0
ADI_REG_TYPE R67_START_DELAY_IC_1_Data[R67_START_DELAY_SIZE_IC_1] = {
0x00, 0x01, 
};

/* Register Default - HIBERNATE */
#define R68_HIBERNATE_SIZE_IC_1 2
#define R68_HIBERNATE_ADDR_IC_1 62464
ADI_REG_TYPE R68_HIBERNATE_IC_1_Data[R68_HIBERNATE_SIZE_IC_1] = {
0x00, 0x00, 
};

/* Default Download */
#define DEFAULT_DOWNLOAD_SIZE_IC_1 69

void default_download_IC_1()
{
	SIGMA_WRITE_REGISTER_BLOCK(DEVICE_ADDR_IC_1, R0_SOFT_RESET_ADDR_IC_1 , R0_SOFT_RESET_SIZE_IC_1 , R0_SOFT_RESET_IC_1_Data);
	SIGMA_WRITE_REGISTER_BLOCK(DEVICE_ADDR_IC_1, R1_SOFT_RESET_ADDR_IC_1 , R1_SOFT_RESET_SIZE_IC_1 , R1_SOFT_RESET_IC_1_Data);
	SIGMA_WRITE_DELAY(DEVICE_ADDR_IC_1, R2_RESET_DELAY_ADDR_IC_1 , R2_RESET_DELAY_SIZE_IC_1 , R2_RESET_DELAY_IC_1_Data);
	SIGMA_WRITE_REGISTER_BLOCK(DEVICE_ADDR_IC_1, R3_HIBERNATE_ADDR_IC_1 , R3_HIBERNATE_SIZE_IC_1 , R3_HIBERNATE_IC_1_Data);
	SIGMA_WRITE_REGISTER_BLOCK(DEVICE_ADDR_IC_1, R4_HIBERNATE_ADDR_IC_1 , R4_HIBERNATE_SIZE_IC_1 , R4_HIBERNATE_IC_1_Data);
	SIGMA_WRITE_DELAY(DEVICE_ADDR_IC_1, R5_HIBERNATE_DELAY_ADDR_IC_1 , R5_HIBERNATE_DELAY_SIZE_IC_1 , R5_HIBERNATE_DELAY_IC_1_Data);
	SIGMA_WRITE_REGISTER_BLOCK(DEVICE_ADDR_IC_1, R6_KILL_CORE_ADDR_IC_1 , R6_KILL_CORE_SIZE_IC_1 , R6_KILL_CORE_IC_1_Data);
	SIGMA_WRITE_REGISTER_BLOCK(DEVICE_ADDR_IC_1, R7_KILL_CORE_ADDR_IC_1 , R7_KILL_CORE_SIZE_IC_1 , R7_KILL_CORE_IC_1_Data);
	SIGMA_WRITE_REGISTER_BLOCK(DEVICE_ADDR_IC_1, R8_PLL_ENABLE_ADDR_IC_1 , R8_PLL_ENABLE_SIZE_IC_1 , R8_PLL_ENABLE_IC_1_Data);
	SIGMA_WRITE_REGISTER_BLOCK(DEVICE_ADDR_IC_1, R9_PLL_CTRL1_REGISTER_ADDR_IC_1 , R9_PLL_CTRL1_REGISTER_SIZE_IC_1 , R9_PLL_CTRL1_REGISTER_IC_1_Data);
	SIGMA_WRITE_REGISTER_BLOCK(DEVICE_ADDR_IC_1, R10_PLL_CLK_SRC_REGISTER_ADDR_IC_1 , R10_PLL_CLK_SRC_REGISTER_SIZE_IC_1 , R10_PLL_CLK_SRC_REGISTER_IC_1_Data);
	SIGMA_WRITE_REGISTER_BLOCK(DEVICE_ADDR_IC_1, R11_MCLK_OUT_REGISTER_ADDR_IC_1 , R11_MCLK_OUT_REGISTER_SIZE_IC_1 , R11_MCLK_OUT_REGISTER_IC_1_Data);
	SIGMA_WRITE_REGISTER_BLOCK(DEVICE_ADDR_IC_1, R12_PLL_ENABLE_REGISTER_ADDR_IC_1 , R12_PLL_ENABLE_REGISTER_SIZE_IC_1 , R12_PLL_ENABLE_REGISTER_IC_1_Data);
	SIGMA_WRITE_DELAY(DEVICE_ADDR_IC_1, R13_PLL_LOCK_DELAY_ADDR_IC_1 , R13_PLL_LOCK_DELAY_SIZE_IC_1 , R13_PLL_LOCK_DELAY_IC_1_Data);
	SIGMA_WRITE_REGISTER_BLOCK(DEVICE_ADDR_IC_1, R14_POWER_ENABLE0_REGISTER_ADDR_IC_1 , R14_POWER_ENABLE0_REGISTER_SIZE_IC_1 , R14_POWER_ENABLE0_REGISTER_IC_1_Data);
	SIGMA_WRITE_REGISTER_BLOCK(DEVICE_ADDR_IC_1, R15_POWER_ENABLE1_REGISTER_ADDR_IC_1 , R15_POWER_ENABLE1_REGISTER_SIZE_IC_1 , R15_POWER_ENABLE1_REGISTER_IC_1_Data);
	SIGMA_WRITE_REGISTER_BLOCK(DEVICE_ADDR_IC_1, R16_PLL_WATCHDOG_ADDR_IC_1 , R16_PLL_WATCHDOG_SIZE_IC_1 , R16_PLL_WATCHDOG_IC_1_Data);
	SIGMA_WRITE_REGISTER_BLOCK(DEVICE_ADDR_IC_1, R17_MP0_MODE_ADDR_IC_1 , R17_MP0_MODE_SIZE_IC_1 , R17_MP0_MODE_IC_1_Data);
	SIGMA_WRITE_REGISTER_BLOCK(DEVICE_ADDR_IC_1, R18_MP0_WRITE_ADDR_IC_1 , R18_MP0_WRITE_SIZE_IC_1 , R18_MP0_WRITE_IC_1_Data);
	SIGMA_WRITE_REGISTER_BLOCK(DEVICE_ADDR_IC_1, R19_SOUT_SOURCE0_ADDR_IC_1 , R19_SOUT_SOURCE0_SIZE_IC_1 , R19_SOUT_SOURCE0_IC_1_Data);
	SIGMA_WRITE_REGISTER_BLOCK(DEVICE_ADDR_IC_1, R20_SOUT_SOURCE1_ADDR_IC_1 , R20_SOUT_SOURCE1_SIZE_IC_1 , R20_SOUT_SOURCE1_IC_1_Data);
	SIGMA_WRITE_REGISTER_BLOCK(DEVICE_ADDR_IC_1, R21_SOUT_SOURCE2_ADDR_IC_1 , R21_SOUT_SOURCE2_SIZE_IC_1 , R21_SOUT_SOURCE2_IC_1_Data);
	SIGMA_WRITE_REGISTER_BLOCK(DEVICE_ADDR_IC_1, R22_SOUT_SOURCE3_ADDR_IC_1 , R22_SOUT_SOURCE3_SIZE_IC_1 , R22_SOUT_SOURCE3_IC_1_Data);
	SIGMA_WRITE_REGISTER_BLOCK(DEVICE_ADDR_IC_1, R23_SOUT_SOURCE4_ADDR_IC_1 , R23_SOUT_SOURCE4_SIZE_IC_1 , R23_SOUT_SOURCE4_IC_1_Data);
	SIGMA_WRITE_REGISTER_BLOCK(DEVICE_ADDR_IC_1, R24_SOUT_SOURCE5_ADDR_IC_1 , R24_SOUT_SOURCE5_SIZE_IC_1 , R24_SOUT_SOURCE5_IC_1_Data);
	SIGMA_WRITE_REGISTER_BLOCK(DEVICE_ADDR_IC_1, R25_SOUT_SOURCE6_ADDR_IC_1 , R25_SOUT_SOURCE6_SIZE_IC_1 , R25_SOUT_SOURCE6_IC_1_Data);
	SIGMA_WRITE_REGISTER_BLOCK(DEVICE_ADDR_IC_1, R26_SOUT_SOURCE7_ADDR_IC_1 , R26_SOUT_SOURCE7_SIZE_IC_1 , R26_SOUT_SOURCE7_IC_1_Data);
	SIGMA_WRITE_REGISTER_BLOCK(DEVICE_ADDR_IC_1, R27_SOUT_SOURCE8_ADDR_IC_1 , R27_SOUT_SOURCE8_SIZE_IC_1 , R27_SOUT_SOURCE8_IC_1_Data);
	SIGMA_WRITE_REGISTER_BLOCK(DEVICE_ADDR_IC_1, R28_SOUT_SOURCE9_ADDR_IC_1 , R28_SOUT_SOURCE9_SIZE_IC_1 , R28_SOUT_SOURCE9_IC_1_Data);
	SIGMA_WRITE_REGISTER_BLOCK(DEVICE_ADDR_IC_1, R29_SOUT_SOURCE10_ADDR_IC_1 , R29_SOUT_SOURCE10_SIZE_IC_1 , R29_SOUT_SOURCE10_IC_1_Data);
	SIGMA_WRITE_REGISTER_BLOCK(DEVICE_ADDR_IC_1, R30_SOUT_SOURCE11_ADDR_IC_1 , R30_SOUT_SOURCE11_SIZE_IC_1 , R30_SOUT_SOURCE11_IC_1_Data);
	SIGMA_WRITE_REGISTER_BLOCK(DEVICE_ADDR_IC_1, R31_SOUT_SOURCE12_ADDR_IC_1 , R31_SOUT_SOURCE12_SIZE_IC_1 , R31_SOUT_SOURCE12_IC_1_Data);
	SIGMA_WRITE_REGISTER_BLOCK(DEVICE_ADDR_IC_1, R32_SOUT_SOURCE13_ADDR_IC_1 , R32_SOUT_SOURCE13_SIZE_IC_1 , R32_SOUT_SOURCE13_IC_1_Data);
	SIGMA_WRITE_REGISTER_BLOCK(DEVICE_ADDR_IC_1, R33_SOUT_SOURCE14_ADDR_IC_1 , R33_SOUT_SOURCE14_SIZE_IC_1 , R33_SOUT_SOURCE14_IC_1_Data);
	SIGMA_WRITE_REGISTER_BLOCK(DEVICE_ADDR_IC_1, R34_SOUT_SOURCE15_ADDR_IC_1 , R34_SOUT_SOURCE15_SIZE_IC_1 , R34_SOUT_SOURCE15_IC_1_Data);
	SIGMA_WRITE_REGISTER_BLOCK(DEVICE_ADDR_IC_1, R35_SOUT_SOURCE16_ADDR_IC_1 , R35_SOUT_SOURCE16_SIZE_IC_1 , R35_SOUT_SOURCE16_IC_1_Data);
	SIGMA_WRITE_REGISTER_BLOCK(DEVICE_ADDR_IC_1, R36_SOUT_SOURCE17_ADDR_IC_1 , R36_SOUT_SOURCE17_SIZE_IC_1 , R36_SOUT_SOURCE17_IC_1_Data);
	SIGMA_WRITE_REGISTER_BLOCK(DEVICE_ADDR_IC_1, R37_SOUT_SOURCE18_ADDR_IC_1 , R37_SOUT_SOURCE18_SIZE_IC_1 , R37_SOUT_SOURCE18_IC_1_Data);
	SIGMA_WRITE_REGISTER_BLOCK(DEVICE_ADDR_IC_1, R38_SOUT_SOURCE19_ADDR_IC_1 , R38_SOUT_SOURCE19_SIZE_IC_1 , R38_SOUT_SOURCE19_IC_1_Data);
	SIGMA_WRITE_REGISTER_BLOCK(DEVICE_ADDR_IC_1, R39_SOUT_SOURCE20_ADDR_IC_1 , R39_SOUT_SOURCE20_SIZE_IC_1 , R39_SOUT_SOURCE20_IC_1_Data);
	SIGMA_WRITE_REGISTER_BLOCK(DEVICE_ADDR_IC_1, R40_SOUT_SOURCE21_ADDR_IC_1 , R40_SOUT_SOURCE21_SIZE_IC_1 , R40_SOUT_SOURCE21_IC_1_Data);
	SIGMA_WRITE_REGISTER_BLOCK(DEVICE_ADDR_IC_1, R41_SOUT_SOURCE22_ADDR_IC_1 , R41_SOUT_SOURCE22_SIZE_IC_1 , R41_SOUT_SOURCE22_IC_1_Data);
	SIGMA_WRITE_REGISTER_BLOCK(DEVICE_ADDR_IC_1, R42_SOUT_SOURCE23_ADDR_IC_1 , R42_SOUT_SOURCE23_SIZE_IC_1 , R42_SOUT_SOURCE23_IC_1_Data);
	SIGMA_WRITE_REGISTER_BLOCK(DEVICE_ADDR_IC_1, R43_SERIAL_BYTE_0_0_ADDR_IC_1 , R43_SERIAL_BYTE_0_0_SIZE_IC_1 , R43_SERIAL_BYTE_0_0_IC_1_Data);
	SIGMA_WRITE_REGISTER_BLOCK(DEVICE_ADDR_IC_1, R44_SERIAL_BYTE_0_1_ADDR_IC_1 , R44_SERIAL_BYTE_0_1_SIZE_IC_1 , R44_SERIAL_BYTE_0_1_IC_1_Data);
	SIGMA_WRITE_REGISTER_BLOCK(DEVICE_ADDR_IC_1, R45_SERIAL_BYTE_1_0_ADDR_IC_1 , R45_SERIAL_BYTE_1_0_SIZE_IC_1 , R45_SERIAL_BYTE_1_0_IC_1_Data);
	SIGMA_WRITE_REGISTER_BLOCK(DEVICE_ADDR_IC_1, R46_SERIAL_BYTE_1_1_ADDR_IC_1 , R46_SERIAL_BYTE_1_1_SIZE_IC_1 , R46_SERIAL_BYTE_1_1_IC_1_Data);
	SIGMA_WRITE_REGISTER_BLOCK(DEVICE_ADDR_IC_1, R47_SERIAL_BYTE_2_0_ADDR_IC_1 , R47_SERIAL_BYTE_2_0_SIZE_IC_1 , R47_SERIAL_BYTE_2_0_IC_1_Data);
	SIGMA_WRITE_REGISTER_BLOCK(DEVICE_ADDR_IC_1, R48_SERIAL_BYTE_2_1_ADDR_IC_1 , R48_SERIAL_BYTE_2_1_SIZE_IC_1 , R48_SERIAL_BYTE_2_1_IC_1_Data);
	SIGMA_WRITE_REGISTER_BLOCK(DEVICE_ADDR_IC_1, R49_SERIAL_BYTE_3_0_ADDR_IC_1 , R49_SERIAL_BYTE_3_0_SIZE_IC_1 , R49_SERIAL_BYTE_3_0_IC_1_Data);
	SIGMA_WRITE_REGISTER_BLOCK(DEVICE_ADDR_IC_1, R50_SERIAL_BYTE_3_1_ADDR_IC_1 , R50_SERIAL_BYTE_3_1_SIZE_IC_1 , R50_SERIAL_BYTE_3_1_IC_1_Data);
	SIGMA_WRITE_REGISTER_BLOCK(DEVICE_ADDR_IC_1, R51_SERIAL_BYTE_4_0_ADDR_IC_1 , R51_SERIAL_BYTE_4_0_SIZE_IC_1 , R51_SERIAL_BYTE_4_0_IC_1_Data);
	SIGMA_WRITE_REGISTER_BLOCK(DEVICE_ADDR_IC_1, R52_SERIAL_BYTE_4_1_ADDR_IC_1 , R52_SERIAL_BYTE_4_1_SIZE_IC_1 , R52_SERIAL_BYTE_4_1_IC_1_Data);
	SIGMA_WRITE_REGISTER_BLOCK(DEVICE_ADDR_IC_1, R53_SERIAL_BYTE_5_0_ADDR_IC_1 , R53_SERIAL_BYTE_5_0_SIZE_IC_1 , R53_SERIAL_BYTE_5_0_IC_1_Data);
	SIGMA_WRITE_REGISTER_BLOCK(DEVICE_ADDR_IC_1, R54_SERIAL_BYTE_5_1_ADDR_IC_1 , R54_SERIAL_BYTE_5_1_SIZE_IC_1 , R54_SERIAL_BYTE_5_1_IC_1_Data);
	SIGMA_WRITE_REGISTER_BLOCK(DEVICE_ADDR_IC_1, R55_SERIAL_BYTE_6_0_ADDR_IC_1 , R55_SERIAL_BYTE_6_0_SIZE_IC_1 , R55_SERIAL_BYTE_6_0_IC_1_Data);
	SIGMA_WRITE_REGISTER_BLOCK(DEVICE_ADDR_IC_1, R56_SERIAL_BYTE_6_1_ADDR_IC_1 , R56_SERIAL_BYTE_6_1_SIZE_IC_1 , R56_SERIAL_BYTE_6_1_IC_1_Data);
	SIGMA_WRITE_REGISTER_BLOCK(DEVICE_ADDR_IC_1, R57_SERIAL_BYTE_7_0_ADDR_IC_1 , R57_SERIAL_BYTE_7_0_SIZE_IC_1 , R57_SERIAL_BYTE_7_0_IC_1_Data);
	SIGMA_WRITE_REGISTER_BLOCK(DEVICE_ADDR_IC_1, R58_SERIAL_BYTE_7_1_ADDR_IC_1 , R58_SERIAL_BYTE_7_1_SIZE_IC_1 , R58_SERIAL_BYTE_7_1_IC_1_Data);
	SIGMA_WRITE_REGISTER_BLOCK(DEVICE_ADDR_IC_1, PROGRAM_DATA_ADDR_IC_1 , PROGRAM_DATA_SIZE_IC_1 , PROGRAM_DATA_IC_1_Data);
	SIGMA_WRITE_REGISTER_BLOCK(DEVICE_ADDR_IC_1, DM0_DATA_ADDR_IC_1 , DM0_DATA_SIZE_IC_1 , DM0_DATA_IC_1_Data);
	SIGMA_WRITE_REGISTER_BLOCK(DEVICE_ADDR_IC_1, DM1_DATA_ADDR_IC_1 , DM1_DATA_SIZE_IC_1 , DM1_DATA_IC_1_Data);
	SIGMA_WRITE_REGISTER_BLOCK(DEVICE_ADDR_IC_1, R62_KILL_CORE_ADDR_IC_1 , R62_KILL_CORE_SIZE_IC_1 , R62_KILL_CORE_IC_1_Data);
	SIGMA_WRITE_REGISTER_BLOCK(DEVICE_ADDR_IC_1, R63_START_ADDRESS_ADDR_IC_1 , R63_START_ADDRESS_SIZE_IC_1 , R63_START_ADDRESS_IC_1_Data);
	SIGMA_WRITE_REGISTER_BLOCK(DEVICE_ADDR_IC_1, R64_START_PULSE_ADDR_IC_1 , R64_START_PULSE_SIZE_IC_1 , R64_START_PULSE_IC_1_Data);
	SIGMA_WRITE_REGISTER_BLOCK(DEVICE_ADDR_IC_1, R65_START_CORE_ADDR_IC_1 , R65_START_CORE_SIZE_IC_1 , R65_START_CORE_IC_1_Data);
	SIGMA_WRITE_REGISTER_BLOCK(DEVICE_ADDR_IC_1, R66_START_CORE_ADDR_IC_1 , R66_START_CORE_SIZE_IC_1 , R66_START_CORE_IC_1_Data);
	SIGMA_WRITE_DELAY(DEVICE_ADDR_IC_1, R67_START_DELAY_ADDR_IC_1 , R67_START_DELAY_SIZE_IC_1 , R67_START_DELAY_IC_1_Data);
	SIGMA_WRITE_REGISTER_BLOCK(DEVICE_ADDR_IC_1, R68_HIBERNATE_ADDR_IC_1 , R68_HIBERNATE_SIZE_IC_1 , R68_HIBERNATE_IC_1_Data);
}
#endif
