chip,addr,hex,verdict,role,predicted_mapped,live_mapped,err_delta,unit,cells
1,0,0x0000,ECHO,CONSUMED,True,True,0,UNDECLARED,Chan001Gain001
1,1,0x0001,ECHO,CONSUMED,True,True,0,bool 0/1,Chan001Pol001
1,2,0x0002,UNMAPPED,UNMAPPED,False,False,3,UNDECLARED,Chan001Phantom001
1,3,0x0003,UNMAPPED,UNMAPPED,False,False,3,UNDECLARED,Chan001InputSel001
1,4,0x0004,ECHO,CONSUMED,True,True,0,UNDECLARED,Chan001EqHpf001 Chan001EqHpfSlope001
1,5,0x0005,ECHO,CONSUMED,True,True,0,UNDECLARED,
1,6,0x0006,ECHO,CONSUMED,True,True,0,UNDECLARED,
1,7,0x0007,ECHO,CONSUMED,True,True,0,UNDECLARED,
1,8,0x0008,ECHO,CONSUMED,True,True,0,UNDECLARED,
1,9,0x0009,CLEARED,CONSUMED,True,True,0,UNDECLARED,
1,10,0x000A,ECHO,CONSUMED,True,True,0,UNDECLARED,Chan001EqLpf001
1,11,0x000B,ECHO,CONSUMED,True,True,0,UNDECLARED,
1,12,0x000C,ECHO,CONSUMED,True,True,0,UNDECLARED,
1,13,0x000D,ECHO,CONSUMED,True,True,0,UNDECLARED,
1,14,0x000E,ECHO,CONSUMED,True,True,0,UNDECLARED,
1,15,0x000F,CLEARED,CONSUMED,True,True,0,UNDECLARED,
1,16,0x0010,ECHO,CONSUMED,True,True,0,UNDECLARED,Chan001EqFreq001 Chan001EqGain001 Chan001EqQ001 Chan001EqShelf001
1,17,0x0011,ECHO,CONSUMED,True,True,0,UNDECLARED,
1,18,0x0012,ECHO,CONSUMED,True,True,0,UNDECLARED,
1,19,0x0013,ECHO,CONSUMED,True,True,0,UNDECLARED,
1,20,0x0014,ECHO,CONSUMED,True,True,0,UNDECLARED,
1,21,0x0015,ECHO,CONSUMED,True,True,0,UNDECLARED,Chan001EqFreq002 Chan001EqGain002 Chan001EqQ002
1,22,0x0016,ECHO,CONSUMED,True,True,0,UNDECLARED,
1,23,0x0017,ECHO,CONSUMED,True,True,0,UNDECLARED,
1,24,0x0018,ECHO,CONSUMED,True,True,0,UNDECLARED,
1,25,0x0019,ECHO,CONSUMED,True,True,0,UNDECLARED,
1,26,0x001A,ECHO,CONSUMED,True,True,0,UNDECLARED,Chan001EqFreq003 Chan001EqGain003 Chan001EqQ003
1,27,0x001B,ECHO,CONSUMED,True,True,0,UNDECLARED,
1,28,0x001C,ECHO,CONSUMED,True,True,0,UNDECLARED,
1,29,0x001D,ECHO,CONSUMED,True,True,0,UNDECLARED,
1,30,0x001E,ECHO,CONSUMED,True,True,0,UNDECLARED,
1,31,0x001F,ECHO,CONSUMED,True,True,0,UNDECLARED,Chan001EqFreq004 Chan001EqGain004 Chan001EqQ004 Chan001EqShelf002
1,32,0x0020,ECHO,CONSUMED,True,True,0,UNDECLARED,
1,33,0x0021,ECHO,CONSUMED,True,True,0,UNDECLARED,
1,34,0x0022,ECHO,CONSUMED,True,True,0,UNDECLARED,
1,35,0x0023,ECHO,CONSUMED,True,True,0,UNDECLARED,
1,36,0x0024,CLEARED,CONSUMED,True,True,0,UNDECLARED,
1,37,0x0025,UNMAPPED,UNMAPPED,False,False,4,UNDECLARED,Chan001EqOn001
1,38,0x0026,UNMAPPED,UNMAPPED,False,False,4,UNDECLARED,
1,39,0x0027,UNMAPPED,UNMAPPED,False,False,4,UNDECLARED,
1,40,0x0028,ECHO,CONSUMED,True,True,0,UNDECLARED,Chan001GateOn001
1,41,0x0029,ECHO,CONSUMED,True,True,0,UNDECLARED,Chan001GateThr001
1,42,0x002A,ECHO,CONSUMED,True,True,0,ms (log table),Chan001GateAtt001
1,43,0x002B,ECHO,CONSUMED,True,True,0,ms,Chan001GateHold001
1,44,0x002C,ECHO,CONSUMED,True,True,0,ms (log table),Chan001GateRel001
1,45,0x002D,ECHO,CONSUMED,True,True,0,dB,Chan001GateRng001
1,46,0x002E,ECHO,INERT,True,True,0,UNDECLARED,Chan001GateKey001
1,47,0x002F,ECHO,INERT,True,True,0,UNDECLARED,Chan001GateDetSrc001
1,48,0x0030,ECHO,CONSUMED,True,True,0,UNDECLARED,Chan001GateFilterOn001
1,49,0x0031,ECHO,CONSUMED,True,True,0,UNDECLARED,Chan001GateFilterHpf001 Chan001GateFilterQ001
1,50,0x0032,ECHO,CONSUMED,True,True,0,UNDECLARED,
1,51,0x0033,ECHO,CONSUMED,True,True,0,UNDECLARED,
1,52,0x0034,ECHO,CONSUMED,True,True,0,UNDECLARED,
1,53,0x0035,ECHO,CONSUMED,True,True,0,UNDECLARED,
1,54,0x0036,ECHO,CONSUMED,True,True,0,UNDECLARED,Chan001GateFilterLpf001
1,55,0x0037,ECHO,CONSUMED,True,True,0,UNDECLARED,
1,56,0x0038,ECHO,CONSUMED,True,True,0,UNDECLARED,Chan001CompOn001
1,57,0x0039,ECHO,CONSUMED,True,True,0,UNDECLARED,Chan001CompThr001
1,58,0x003A,ECHO,CONSUMED,True,True,0,UNDECLARED,Chan001CompRat001
1,59,0x003B,ECHO,CONSUMED,True,True,0,ms (log table),Chan001CompAtt001
1,60,0x003C,ECHO,CONSUMED,True,True,0,ms (log table),Chan001CompRel001
1,61,0x003D,ECHO,CONSUMED,True,True,0,UNDECLARED,Chan001CompMake001
1,62,0x003E,ECHO,CONSUMED,True,True,0,UNDECLARED,Chan001CompKnee001
1,63,0x003F,ECHO,CONSUMED,True,True,0,percent 0-100,Chan001CompPar001
1,64,0x0040,ECHO,INERT,True,True,0,UNDECLARED,Chan001CompType001
1,65,0x0041,ECHO,INERT,True,True,0,UNDECLARED,Chan001CompKey001
1,66,0x0042,ECHO,INERT,True,True,0,UNDECLARED,Chan001CompDetSrc001
1,67,0x0043,ECHO,INERT,True,True,0,UNDECLARED,Chan001CompLimMode001
1,68,0x0044,ECHO,INERT,True,True,0,UNDECLARED,Chan001CompEqPos001
1,69,0x0045,ECHO,INERT,True,True,0,UNDECLARED,Chan001CompFilterOn001
1,70,0x0046,ECHO,INERT,True,True,0,UNDECLARED,Chan001CompFilterHpf001 Chan001CompFilterLpf001 Chan001CompFilterQ001
1,71,0x0047,ECHO,INERT,True,True,0,UNDECLARED,
1,72,0x0048,ECHO,INERT,True,True,0,UNDECLARED,
1,73,0x0049,ECHO,INERT,True,True,0,UNDECLARED,
1,74,0x004A,ECHO,INERT,True,True,0,UNDECLARED,
1,75,0x004B,ECHO,INERT,True,True,0,UNDECLARED,
1,76,0x004C,ECHO,CONSUMED,True,True,0,UNDECLARED,Chan001TubeOn001
1,77,0x004D,ECHO,CONSUMED,True,True,0,UNDECLARED,Chan001TubeSat001
1,78,0x004E,ECHO,CONSUMED,True,True,0,ms,Chan001Delay001
1,79,0x004F,ECHO,CONSUMED,True,True,0,UNDECLARED,
1,80,0x0050,ECHO,CONSUMED,True,True,0,UNDECLARED,Chan001RtgLevel001
1,81,0x0051,ECHO,CONSUMED,True,True,0,UNDECLARED,Chan001RtgPan001
1,82,0x0052,ECHO,CONSUMED,True,True,0,bool 0/1,Chan001RtgMute001
1,83,0x0053,ECHO,CONSUMED,True,True,0,UNDECLARED,Chan001RtgDca001
1,84,0x0054,ECHO,CONSUMED,True,True,0,UNDECLARED,Chan001RtgMainOn001
1,85,0x0055,ECHO,CONSUMED,True,True,0,UNDECLARED,Chan001RtgCtrOn001
1,86,0x0056,ECHO,CONSUMED,True,True,0,UNDECLARED,Chan001RtgGrpOn001
1,87,0x0057,ECHO,CONSUMED,True,True,0,UNDECLARED,Chan001RtgGrpOn002
1,88,0x0058,ECHO,CONSUMED,True,True,0,UNDECLARED,Chan001RtgGrpOn003
1,89,0x0059,ECHO,CONSUMED,True,True,0,UNDECLARED,Chan001RtgGrpOn004
1,90,0x005A,ECHO,CONSUMED,True,True,0,UNDECLARED,Chan001RtgAuxOn001
1,91,0x005B,ECHO,CONSUMED,True,True,0,UNDECLARED,Chan001RtgAuxOn002
1,92,0x005C,ECHO,CONSUMED,True,True,0,UNDECLARED,Chan001RtgAuxOn003
1,93,0x005D,ECHO,CONSUMED,True,True,0,UNDECLARED,Chan001RtgAuxOn004
1,94,0x005E,ECHO,CONSUMED,True,True,0,UNDECLARED,Chan001RtgAuxOn005
1,95,0x005F,ECHO,CONSUMED,True,True,0,UNDECLARED,Chan001RtgAuxOn006
1,96,0x0060,ECHO,CONSUMED,True,True,0,UNDECLARED,Chan001RtgAuxOn007
1,97,0x0061,ECHO,CONSUMED,True,True,0,UNDECLARED,Chan001RtgAuxOn008
1,98,0x0062,ECHO,CONSUMED,True,True,0,UNDECLARED,Chan001RtgAuxOn009
1,99,0x0063,ECHO,CONSUMED,True,True,0,UNDECLARED,Chan001RtgAuxOn010
1,100,0x0064,ECHO,CONSUMED,True,True,0,UNDECLARED,Chan001RtgAuxOn011
1,101,0x0065,ECHO,CONSUMED,True,True,0,UNDECLARED,Chan001RtgAuxOn012
1,102,0x0066,ECHO,CONSUMED,True,True,0,UNDECLARED,Chan001RtgAuxSend001
1,103,0x0067,ECHO,CONSUMED,True,True,0,UNDECLARED,Chan001RtgAuxSend002
1,104,0x0068,ECHO,CONSUMED,True,True,0,UNDECLARED,Chan001RtgAuxSend003
1,105,0x0069,ECHO,CONSUMED,True,True,0,UNDECLARED,Chan001RtgAuxSend004
1,106,0x006A,ECHO,CONSUMED,True,True,0,UNDECLARED,Chan001RtgAuxSend005
1,107,0x006B,ECHO,CONSUMED,True,True,0,UNDECLARED,Chan001RtgAuxSend006
1,108,0x006C,ECHO,CONSUMED,True,True,0,UNDECLARED,Chan001RtgAuxSend007
1,109,0x006D,ECHO,CONSUMED,True,True,0,UNDECLARED,Chan001RtgAuxSend008
1,110,0x006E,ECHO,CONSUMED,True,True,0,UNDECLARED,Chan001RtgAuxSend009
1,111,0x006F,ECHO,CONSUMED,True,True,0,UNDECLARED,Chan001RtgAuxSend010
1,112,0x0070,ECHO,CONSUMED,True,True,0,UNDECLARED,Chan001RtgAuxSend011
1,113,0x0071,ECHO,CONSUMED,True,True,0,UNDECLARED,Chan001RtgAuxSend012
1,114,0x0072,ECHO,CONSUMED,True,True,0,UNDECLARED,Chan001RtgAuxPick001
1,115,0x0073,ECHO,CONSUMED,True,True,0,UNDECLARED,Chan001RtgAuxPick002
1,116,0x0074,ECHO,CONSUMED,True,True,0,UNDECLARED,Chan001RtgAuxPick003
1,117,0x0075,ECHO,CONSUMED,True,True,0,UNDECLARED,Chan001RtgAuxPick004
1,118,0x0076,ECHO,CONSUMED,True,True,0,UNDECLARED,Chan001RtgAuxPick005
1,119,0x0077,ECHO,CONSUMED,True,True,0,UNDECLARED,Chan001RtgAuxPick006
1,120,0x0078,ECHO,CONSUMED,True,True,0,UNDECLARED,Chan001RtgAuxPick007
1,121,0x0079,ECHO,CONSUMED,True,True,0,UNDECLARED,Chan001RtgAuxPick008
1,122,0x007A,ECHO,CONSUMED,True,True,0,UNDECLARED,Chan001RtgAuxPick009
1,123,0x007B,ECHO,CONSUMED,True,True,0,UNDECLARED,Chan001RtgAuxPick010
1,124,0x007C,ECHO,CONSUMED,True,True,0,UNDECLARED,Chan001RtgAuxPick011
1,125,0x007D,ECHO,CONSUMED,True,True,0,UNDECLARED,Chan001RtgAuxPick012
1,126,0x007E,ECHO,CONSUMED,True,True,0,UNDECLARED,Chan001RtgFx001
1,127,0x007F,ECHO,CONSUMED,True,True,0,UNDECLARED,Chan001RtgFx002
1,128,0x0080,ECHO,CONSUMED,True,True,0,UNDECLARED,Chan001RtgFx003
1,129,0x0081,ECHO,CONSUMED,True,True,0,UNDECLARED,Chan001RtgFx004
1,130,0x0082,ECHO,CONSUMED,True,True,0,UNDECLARED,Chan001RtgFx005
1,131,0x0083,ECHO,CONSUMED,True,True,0,UNDECLARED,Chan001RtgFx006
1,132,0x0084,ECHO,CONSUMED,True,True,0,UNDECLARED,Chan001RtgFxSend001
1,133,0x0085,ECHO,CONSUMED,True,True,0,UNDECLARED,Chan001RtgFxSend002
1,134,0x0086,ECHO,CONSUMED,True,True,0,UNDECLARED,Chan001RtgFxSend003
1,135,0x0087,ECHO,CONSUMED,True,True,0,UNDECLARED,Chan001RtgFxSend004
1,136,0x0088,ECHO,CONSUMED,True,True,0,UNDECLARED,Chan001RtgFxSend005
1,137,0x0089,ECHO,CONSUMED,True,True,0,UNDECLARED,Chan001RtgFxSend006
1,138,0x008A,ECHO,CONSUMED,True,True,0,UNDECLARED,Chan001RtgFxPick001
1,139,0x008B,ECHO,CONSUMED,True,True,0,UNDECLARED,Chan001RtgFxPick002
1,140,0x008C,ECHO,CONSUMED,True,True,0,UNDECLARED,Chan001RtgFxPick003
1,141,0x008D,ECHO,CONSUMED,True,True,0,UNDECLARED,Chan001RtgFxPick004
1,142,0x008E,ECHO,CONSUMED,True,True,0,UNDECLARED,Chan001RtgFxPick005
1,143,0x008F,ECHO,CONSUMED,True,True,0,UNDECLARED,Chan001RtgFxPick006
1,144,0x0090,ECHO,CONSUMED,True,True,0,UNDECLARED,Chan002Gain001
1,145,0x0091,ECHO,CONSUMED,True,True,0,bool 0/1,Chan002Pol001
1,146,0x0092,UNMAPPED,UNMAPPED,False,False,3,UNDECLARED,Chan002Phantom001
1,147,0x0093,UNMAPPED,UNMAPPED,False,False,3,UNDECLARED,Chan002InputSel001
1,148,0x0094,ECHO,CONSUMED,True,True,0,UNDECLARED,Chan002EqHpf001 Chan002EqHpfSlope001
1,149,0x0095,ECHO,CONSUMED,True,True,0,UNDECLARED,
1,150,0x0096,ECHO,CONSUMED,True,True,0,UNDECLARED,
1,151,0x0097,ECHO,CONSUMED,True,True,0,UNDECLARED,
1,152,0x0098,ECHO,CONSUMED,True,True,0,UNDECLARED,
1,153,0x0099,CLEARED,CONSUMED,True,True,0,UNDECLARED,
1,154,0x009A,ECHO,CONSUMED,True,True,0,UNDECLARED,Chan002EqLpf001
1,155,0x009B,ECHO,CONSUMED,True,True,0,UNDECLARED,
1,156,0x009C,ECHO,CONSUMED,True,True,0,UNDECLARED,
1,157,0x009D,ECHO,CONSUMED,True,True,0,UNDECLARED,
1,158,0x009E,ECHO,CONSUMED,True,True,0,UNDECLARED,
1,159,0x009F,CLEARED,CONSUMED,True,True,0,UNDECLARED,
1,160,0x00A0,ECHO,CONSUMED,True,True,0,UNDECLARED,Chan002EqFreq001 Chan002EqGain001 Chan002EqQ001 Chan002EqShelf001
1,161,0x00A1,ECHO,CONSUMED,True,True,0,UNDECLARED,
1,162,0x00A2,ECHO,CONSUMED,True,True,0,UNDECLARED,
1,163,0x00A3,ECHO,CONSUMED,True,True,0,UNDECLARED,
1,164,0x00A4,ECHO,CONSUMED,True,True,0,UNDECLARED,
1,165,0x00A5,ECHO,CONSUMED,True,True,0,UNDECLARED,Chan002EqFreq002 Chan002EqGain002 Chan002EqQ002
1,166,0x00A6,ECHO,CONSUMED,True,True,0,UNDECLARED,
1,167,0x00A7,ECHO,CONSUMED,True,True,0,UNDECLARED,
1,168,0x00A8,ECHO,CONSUMED,True,True,0,UNDECLARED,
1,169,0x00A9,ECHO,CONSUMED,True,True,0,UNDECLARED,
1,170,0x00AA,ECHO,CONSUMED,True,True,0,UNDECLARED,Chan002EqFreq003 Chan002EqGain003 Chan002EqQ003
1,171,0x00AB,ECHO,CONSUMED,True,True,0,UNDECLARED,
1,172,0x00AC,ECHO,CONSUMED,True,True,0,UNDECLARED,
1,173,0x00AD,ECHO,CONSUMED,True,True,0,UNDECLARED,
1,174,0x00AE,ECHO,CONSUMED,True,True,0,UNDECLARED,
1,175,0x00AF,ECHO,CONSUMED,True,True,0,UNDECLARED,Chan002EqFreq004 Chan002EqGain004 Chan002EqQ004 Chan002EqShelf002
1,176,0x00B0,ECHO,CONSUMED,True,True,0,UNDECLARED,
1,177,0x00B1,ECHO,CONSUMED,True,True,0,UNDECLARED,
1,178,0x00B2,ECHO,CONSUMED,True,True,0,UNDECLARED,
1,179,0x00B3,ECHO,CONSUMED,True,True,0,UNDECLARED,
1,180,0x00B4,CLEARED,CONSUMED,True,True,0,UNDECLARED,
1,181,0x00B5,UNMAPPED,UNMAPPED,False,False,4,UNDECLARED,Chan002EqOn001
1,182,0x00B6,UNMAPPED,UNMAPPED,False,False,4,UNDECLARED,
1,183,0x00B7,UNMAPPED,UNMAPPED,False,False,4,UNDECLARED,
1,184,0x00B8,ECHO,CONSUMED,True,True,0,UNDECLARED,Chan002GateOn001
1,185,0x00B9,ECHO,CONSUMED,True,True,0,UNDECLARED,Chan002GateThr001
1,186,0x00BA,ECHO,CONSUMED,True,True,0,ms (log table),Chan002GateAtt001
1,187,0x00BB,ECHO,CONSUMED,True,True,0,ms,Chan002GateHold001
1,188,0x00BC,ECHO,CONSUMED,True,True,0,ms (log table),Chan002GateRel001
1,189,0x00BD,ECHO,CONSUMED,True,True,0,dB,Chan002GateRng001
1,190,0x00BE,ECHO,INERT,True,True,0,UNDECLARED,Chan002GateKey001
1,191,0x00BF,ECHO,INERT,True,True,0,UNDECLARED,Chan002GateDetSrc001
1,192,0x00C0,ECHO,CONSUMED,True,True,0,UNDECLARED,Chan002GateFilterOn001
1,193,0x00C1,ECHO,CONSUMED,True,True,0,UNDECLARED,Chan002GateFilterHpf001 Chan002GateFilterQ001
1,194,0x00C2,ECHO,CONSUMED,True,True,0,UNDECLARED,
1,195,0x00C3,ECHO,CONSUMED,True,True,0,UNDECLARED,
1,196,0x00C4,ECHO,CONSUMED,True,True,0,UNDECLARED,
1,197,0x00C5,ECHO,CONSUMED,True,True,0,UNDECLARED,
1,198,0x00C6,ECHO,CONSUMED,True,True,0,UNDECLARED,Chan002GateFilterLpf001
1,199,0x00C7,ECHO,CONSUMED,True,True,0,UNDECLARED,
1,200,0x00C8,ECHO,CONSUMED,True,True,0,UNDECLARED,Chan002CompOn001
1,201,0x00C9,ECHO,CONSUMED,True,True,0,UNDECLARED,Chan002CompThr001
1,202,0x00CA,ECHO,CONSUMED,True,True,0,UNDECLARED,Chan002CompRat001
1,203,0x00CB,ECHO,CONSUMED,True,True,0,ms (log table),Chan002CompAtt001
1,204,0x00CC,ECHO,CONSUMED,True,True,0,ms (log table),Chan002CompRel001
1,205,0x00CD,ECHO,CONSUMED,True,True,0,UNDECLARED,Chan002CompMake001
1,206,0x00CE,ECHO,CONSUMED,True,True,0,UNDECLARED,Chan002CompKnee001
1,207,0x00CF,ECHO,CONSUMED,True,True,0,percent 0-100,Chan002CompPar001
1,208,0x00D0,ECHO,INERT,True,True,0,UNDECLARED,Chan002CompType001
1,209,0x00D1,ECHO,INERT,True,True,0,UNDECLARED,Chan002CompKey001
1,210,0x00D2,ECHO,INERT,True,True,0,UNDECLARED,Chan002CompDetSrc001
1,211,0x00D3,ECHO,INERT,True,True,0,UNDECLARED,Chan002CompLimMode001
1,212,0x00D4,ECHO,INERT,True,True,0,UNDECLARED,Chan002CompEqPos001
1,213,0x00D5,ECHO,INERT,True,True,0,UNDECLARED,Chan002CompFilterOn001
1,214,0x00D6,ECHO,INERT,True,True,0,UNDECLARED,Chan002CompFilterHpf001 Chan002CompFilterLpf001 Chan002CompFilterQ001
1,215,0x00D7,ECHO,INERT,True,True,0,UNDECLARED,
1,216,0x00D8,ECHO,INERT,True,True,0,UNDECLARED,
1,217,0x00D9,ECHO,INERT,True,True,0,UNDECLARED,
1,218,0x00DA,ECHO,INERT,True,True,0,UNDECLARED,
1,219,0x00DB,ECHO,INERT,True,True,0,UNDECLARED,
1,220,0x00DC,ECHO,CONSUMED,True,True,0,UNDECLARED,Chan002TubeOn001
1,221,0x00DD,ECHO,CONSUMED,True,True,0,UNDECLARED,Chan002TubeSat001
1,222,0x00DE,ECHO,CONSUMED,True,True,0,ms,Chan002Delay001
1,223,0x00DF,ECHO,CONSUMED,True,True,0,UNDECLARED,
1,224,0x00E0,ECHO,CONSUMED,True,True,0,UNDECLARED,Chan002RtgLevel001
1,225,0x00E1,ECHO,CONSUMED,True,True,0,UNDECLARED,Chan002RtgPan001
1,226,0x00E2,ECHO,CONSUMED,True,True,0,bool 0/1,Chan002RtgMute001
1,227,0x00E3,ECHO,CONSUMED,True,True,0,UNDECLARED,Chan002RtgDca001
1,228,0x00E4,ECHO,CONSUMED,True,True,0,UNDECLARED,Chan002RtgMainOn001
1,229,0x00E5,ECHO,CONSUMED,True,True,0,UNDECLARED,Chan002RtgCtrOn001
1,230,0x00E6,ECHO,CONSUMED,True,True,0,UNDECLARED,Chan002RtgGrpOn001
1,231,0x00E7,ECHO,CONSUMED,True,True,0,UNDECLARED,Chan002RtgGrpOn002
1,232,0x00E8,ECHO,CONSUMED,True,True,0,UNDECLARED,Chan002RtgGrpOn003
1,233,0x00E9,ECHO,CONSUMED,True,True,0,UNDECLARED,Chan002RtgGrpOn004
1,234,0x00EA,ECHO,CONSUMED,True,True,0,UNDECLARED,Chan002RtgAuxOn001
1,235,0x00EB,ECHO,CONSUMED,True,True,0,UNDECLARED,Chan002RtgAuxOn002
1,236,0x00EC,ECHO,CONSUMED,True,True,0,UNDECLARED,Chan002RtgAuxOn003
1,237,0x00ED,ECHO,CONSUMED,True,True,0,UNDECLARED,Chan002RtgAuxOn004
1,238,0x00EE,ECHO,CONSUMED,True,True,0,UNDECLARED,Chan002RtgAuxOn005
1,239,0x00EF,ECHO,CONSUMED,True,True,0,UNDECLARED,Chan002RtgAuxOn006
1,240,0x00F0,ECHO,CONSUMED,True,True,0,UNDECLARED,Chan002RtgAuxOn007
1,241,0x00F1,ECHO,CONSUMED,True,True,0,UNDECLARED,Chan002RtgAuxOn008
1,242,0x00F2,ECHO,CONSUMED,True,True,0,UNDECLARED,Chan002RtgAuxOn009
1,243,0x00F3,ECHO,CONSUMED,True,True,0,UNDECLARED,Chan002RtgAuxOn010
1,244,0x00F4,ECHO,CONSUMED,True,True,0,UNDECLARED,Chan002RtgAuxOn011
1,245,0x00F5,ECHO,CONSUMED,True,True,0,UNDECLARED,Chan002RtgAuxOn012
1,246,0x00F6,ECHO,CONSUMED,True,True,0,UNDECLARED,Chan002RtgAuxSend001
1,247,0x00F7,ECHO,CONSUMED,True,True,0,UNDECLARED,Chan002RtgAuxSend002
1,248,0x00F8,ECHO,CONSUMED,True,True,0,UNDECLARED,Chan002RtgAuxSend003
1,249,0x00F9,ECHO,CONSUMED,True,True,0,UNDECLARED,Chan002RtgAuxSend004
1,250,0x00FA,ECHO,CONSUMED,True,True,0,UNDECLARED,Chan002RtgAuxSend005
1,251,0x00FB,ECHO,CONSUMED,True,True,0,UNDECLARED,Chan002RtgAuxSend006
1,252,0x00FC,ECHO,CONSUMED,True,True,0,UNDECLARED,Chan002RtgAuxSend007
1,253,0x00FD,ECHO,CONSUMED,True,True,0,UNDECLARED,Chan002RtgAuxSend008
1,254,0x00FE,ECHO,CONSUMED,True,True,0,UNDECLARED,Chan002RtgAuxSend009
1,255,0x00FF,ECHO,CONSUMED,True,True,0,UNDECLARED,Chan002RtgAuxSend010
1,256,0x0100,ECHO,CONSUMED,True,True,0,UNDECLARED,Chan002RtgAuxSend011
1,257,0x0101,ECHO,CONSUMED,True,True,0,UNDECLARED,Chan002RtgAuxSend012
1,258,0x0102,ECHO,CONSUMED,True,True,0,UNDECLARED,Chan002RtgAuxPick001
1,259,0x0103,ECHO,CONSUMED,True,True,0,UNDECLARED,Chan002RtgAuxPick002
1,260,0x0104,ECHO,CONSUMED,True,True,0,UNDECLARED,Chan002RtgAuxPick003
1,261,0x0105,ECHO,CONSUMED,True,True,0,UNDECLARED,Chan002RtgAuxPick004
1,262,0x0106,ECHO,CONSUMED,True,True,0,UNDECLARED,Chan002RtgAuxPick005
1,263,0x0107,ECHO,CONSUMED,True,True,0,UNDECLARED,Chan002RtgAuxPick006
1,264,0x0108,ECHO,CONSUMED,True,True,0,UNDECLARED,Chan002RtgAuxPick007
1,265,0x0109,ECHO,CONSUMED,True,True,0,UNDECLARED,Chan002RtgAuxPick008
1,266,0x010A,ECHO,CONSUMED,True,True,0,UNDECLARED,Chan002RtgAuxPick009
1,267,0x010B,ECHO,CONSUMED,True,True,0,UNDECLARED,Chan002RtgAuxPick010
1,268,0x010C,ECHO,CONSUMED,True,True,0,UNDECLARED,Chan002RtgAuxPick011
1,269,0x010D,ECHO,CONSUMED,True,True,0,UNDECLARED,Chan002RtgAuxPick012
1,270,0x010E,ECHO,CONSUMED,True,True,0,UNDECLARED,Chan002RtgFx001
1,271,0x010F,ECHO,CONSUMED,True,True,0,UNDECLARED,Chan002RtgFx002
1,272,0x0110,ECHO,CONSUMED,True,True,0,UNDECLARED,Chan002RtgFx003
1,273,0x0111,ECHO,CONSUMED,True,True,0,UNDECLARED,Chan002RtgFx004
1,274,0x0112,ECHO,CONSUMED,True,True,0,UNDECLARED,Chan002RtgFx005
1,275,0x0113,ECHO,CONSUMED,True,True,0,UNDECLARED,Chan002RtgFx006
1,276,0x0114,ECHO,CONSUMED,True,True,0,UNDECLARED,Chan002RtgFxSend001
1,277,0x0115,ECHO,CONSUMED,True,True,0,UNDECLARED,Chan002RtgFxSend002
1,278,0x0116,ECHO,CONSUMED,True,True,0,UNDECLARED,Chan002RtgFxSend003
1,279,0x0117,ECHO,CONSUMED,True,True,0,UNDECLARED,Chan002RtgFxSend004
1,280,0x0118,ECHO,CONSUMED,True,True,0,UNDECLARED,Chan002RtgFxSend005
1,281,0x0119,ECHO,CONSUMED,True,True,0,UNDECLARED,Chan002RtgFxSend006
1,282,0x011A,ECHO,CONSUMED,True,True,0,UNDECLARED,Chan002RtgFxPick001
1,283,0x011B,ECHO,CONSUMED,True,True,0,UNDECLARED,Chan002RtgFxPick002
1,284,0x011C,ECHO,CONSUMED,True,True,0,UNDECLARED,Chan002RtgFxPick003
1,285,0x011D,ECHO,CONSUMED,True,True,0,UNDECLARED,Chan002RtgFxPick004
1,286,0x011E,ECHO,CONSUMED,True,True,0,UNDECLARED,Chan002RtgFxPick005
1,287,0x011F,ECHO,CONSUMED,True,True,0,UNDECLARED,Chan002RtgFxPick006
1,288,0x0120,ECHO,CONSUMED,True,True,0,UNDECLARED,Chan003Gain001
1,289,0x0121,ECHO,CONSUMED,True,True,0,bool 0/1,Chan003Pol001
1,290,0x0122,UNMAPPED,UNMAPPED,False,False,3,UNDECLARED,Chan003Phantom001
1,291,0x0123,UNMAPPED,UNMAPPED,False,False,3,UNDECLARED,Chan003InputSel001
1,292,0x0124,ECHO,CONSUMED,True,True,0,UNDECLARED,Chan003EqHpf001 Chan003EqHpfSlope001
1,293,0x0125,ECHO,CONSUMED,True,True,0,UNDECLARED,
1,294,0x0126,ECHO,CONSUMED,True,True,0,UNDECLARED,
1,295,0x0127,ECHO,CONSUMED,True,True,0,UNDECLARED,
1,296,0x0128,ECHO,CONSUMED,True,True,0,UNDECLARED,
1,297,0x0129,CLEARED,CONSUMED,True,True,0,UNDECLARED,
1,298,0x012A,ECHO,CONSUMED,True,True,0,UNDECLARED,Chan003EqLpf001
1,299,0x012B,ECHO,CONSUMED,True,True,0,UNDECLARED,
1,300,0x012C,ECHO,CONSUMED,True,True,0,UNDECLARED,
1,301,0x012D,ECHO,CONSUMED,True,True,0,UNDECLARED,
1,302,0x012E,ECHO,CONSUMED,True,True,0,UNDECLARED,
1,303,0x012F,CLEARED,CONSUMED,True,True,0,UNDECLARED,
1,304,0x0130,ECHO,CONSUMED,True,True,0,UNDECLARED,Chan003EqFreq001 Chan003EqGain001 Chan003EqQ001 Chan003EqShelf001
1,305,0x0131,ECHO,CONSUMED,True,True,0,UNDECLARED,
1,306,0x0132,ECHO,CONSUMED,True,True,0,UNDECLARED,
1,307,0x0133,ECHO,CONSUMED,True,True,0,UNDECLARED,
1,308,0x0134,ECHO,CONSUMED,True,True,0,UNDECLARED,
1,309,0x0135,ECHO,CONSUMED,True,True,0,UNDECLARED,Chan003EqFreq002 Chan003EqGain002 Chan003EqQ002
1,310,0x0136,ECHO,CONSUMED,True,True,0,UNDECLARED,
1,311,0x0137,ECHO,CONSUMED,True,True,0,UNDECLARED,
1,312,0x0138,ECHO,CONSUMED,True,True,0,UNDECLARED,
1,313,0x0139,ECHO,CONSUMED,True,True,0,UNDECLARED,
1,314,0x013A,ECHO,CONSUMED,True,True,0,UNDECLARED,Chan003EqFreq003 Chan003EqGain003 Chan003EqQ003
1,315,0x013B,ECHO,CONSUMED,True,True,0,UNDECLARED,
1,316,0x013C,ECHO,CONSUMED,True,True,0,UNDECLARED,
1,317,0x013D,ECHO,CONSUMED,True,True,0,UNDECLARED,
1,318,0x013E,ECHO,CONSUMED,True,True,0,UNDECLARED,
1,319,0x013F,ECHO,CONSUMED,True,True,0,UNDECLARED,Chan003EqFreq004 Chan003EqGain004 Chan003EqQ004 Chan003EqShelf002
1,320,0x0140,ECHO,CONSUMED,True,True,0,UNDECLARED,
1,321,0x0141,ECHO,CONSUMED,True,True,0,UNDECLARED,
1,322,0x0142,ECHO,CONSUMED,True,True,0,UNDECLARED,
1,323,0x0143,ECHO,CONSUMED,True,True,0,UNDECLARED,
1,324,0x0144,CLEARED,CONSUMED,True,True,0,UNDECLARED,
1,325,0x0145,UNMAPPED,UNMAPPED,False,False,4,UNDECLARED,Chan003EqOn001
1,326,0x0146,UNMAPPED,UNMAPPED,False,False,4,UNDECLARED,
1,327,0x0147,UNMAPPED,UNMAPPED,False,False,4,UNDECLARED,
1,328,0x0148,ECHO,CONSUMED,True,True,0,UNDECLARED,Chan003GateOn001
1,329,0x0149,ECHO,CONSUMED,True,True,0,UNDECLARED,Chan003GateThr001
1,330,0x014A,ECHO,CONSUMED,True,True,0,ms (log table),Chan003GateAtt001
1,331,0x014B,ECHO,CONSUMED,True,True,0,ms,Chan003GateHold001
1,332,0x014C,ECHO,CONSUMED,True,True,0,ms (log table),Chan003GateRel001
1,333,0x014D,ECHO,CONSUMED,True,True,0,dB,Chan003GateRng001
1,334,0x014E,ECHO,INERT,True,True,0,UNDECLARED,Chan003GateKey001
1,335,0x014F,ECHO,INERT,True,True,0,UNDECLARED,Chan003GateDetSrc001
1,336,0x0150,ECHO,CONSUMED,True,True,0,UNDECLARED,Chan003GateFilterOn001
1,337,0x0151,ECHO,CONSUMED,True,True,0,UNDECLARED,Chan003GateFilterHpf001 Chan003GateFilterQ001
1,338,0x0152,ECHO,CONSUMED,True,True,0,UNDECLARED,
1,339,0x0153,ECHO,CONSUMED,True,True,0,UNDECLARED,
1,340,0x0154,ECHO,CONSUMED,True,True,0,UNDECLARED,
1,341,0x0155,ECHO,CONSUMED,True,True,0,UNDECLARED,
1,342,0x0156,ECHO,CONSUMED,True,True,0,UNDECLARED,Chan003GateFilterLpf001
1,343,0x0157,ECHO,CONSUMED,True,True,0,UNDECLARED,
1,344,0x0158,ECHO,CONSUMED,True,True,0,UNDECLARED,Chan003CompOn001
1,345,0x0159,ECHO,CONSUMED,True,True,0,UNDECLARED,Chan003CompThr001
1,346,0x015A,ECHO,CONSUMED,True,True,0,UNDECLARED,Chan003CompRat001
1,347,0x015B,ECHO,CONSUMED,True,True,0,ms (log table),Chan003CompAtt001
1,348,0x015C,ECHO,CONSUMED,True,True,0,ms (log table),Chan003CompRel001
1,349,0x015D,ECHO,CONSUMED,True,True,0,UNDECLARED,Chan003CompMake001
1,350,0x015E,ECHO,CONSUMED,True,True,0,UNDECLARED,Chan003CompKnee001
1,351,0x015F,ECHO,CONSUMED,True,True,0,percent 0-100,Chan003CompPar001
1,352,0x0160,ECHO,INERT,True,True,0,UNDECLARED,Chan003CompType001
1,353,0x0161,ECHO,INERT,True,True,0,UNDECLARED,Chan003CompKey001
1,354,0x0162,ECHO,INERT,True,True,0,UNDECLARED,Chan003CompDetSrc001
1,355,0x0163,ECHO,INERT,True,True,0,UNDECLARED,Chan003CompLimMode001
1,356,0x0164,ECHO,INERT,True,True,0,UNDECLARED,Chan003CompEqPos001
1,357,0x0165,ECHO,INERT,True,True,0,UNDECLARED,Chan003CompFilterOn001
1,358,0x0166,ECHO,INERT,True,True,0,UNDECLARED,Chan003CompFilterHpf001 Chan003CompFilterLpf001 Chan003CompFilterQ001
1,359,0x0167,ECHO,INERT,True,True,0,UNDECLARED,
1,360,0x0168,ECHO,INERT,True,True,0,UNDECLARED,
1,361,0x0169,ECHO,INERT,True,True,0,UNDECLARED,
1,362,0x016A,ECHO,INERT,True,True,0,UNDECLARED,
1,363,0x016B,ECHO,INERT,True,True,0,UNDECLARED,
1,364,0x016C,ECHO,CONSUMED,True,True,0,UNDECLARED,Chan003TubeOn001
1,365,0x016D,ECHO,CONSUMED,True,True,0,UNDECLARED,Chan003TubeSat001
1,366,0x016E,ECHO,CONSUMED,True,True,0,ms,Chan003Delay001
1,367,0x016F,ECHO,CONSUMED,True,True,0,UNDECLARED,
1,368,0x0170,ECHO,CONSUMED,True,True,0,UNDECLARED,Chan003RtgLevel001
1,369,0x0171,ECHO,CONSUMED,True,True,0,UNDECLARED,Chan003RtgPan001
1,370,0x0172,ECHO,CONSUMED,True,True,0,bool 0/1,Chan003RtgMute001
1,371,0x0173,ECHO,CONSUMED,True,True,0,UNDECLARED,Chan003RtgDca001
1,372,0x0174,ECHO,CONSUMED,True,True,0,UNDECLARED,Chan003RtgMainOn001
1,373,0x0175,ECHO,CONSUMED,True,True,0,UNDECLARED,Chan003RtgCtrOn001
1,374,0x0176,ECHO,CONSUMED,True,True,0,UNDECLARED,Chan003RtgGrpOn001
1,375,0x0177,ECHO,CONSUMED,True,True,0,UNDECLARED,Chan003RtgGrpOn002
1,376,0x0178,ECHO,CONSUMED,True,True,0,UNDECLARED,Chan003RtgGrpOn003
1,377,0x0179,ECHO,CONSUMED,True,True,0,UNDECLARED,Chan003RtgGrpOn004
1,378,0x017A,ECHO,CONSUMED,True,True,0,UNDECLARED,Chan003RtgAuxOn001
1,379,0x017B,ECHO,CONSUMED,True,True,0,UNDECLARED,Chan003RtgAuxOn002
1,380,0x017C,ECHO,CONSUMED,True,True,0,UNDECLARED,Chan003RtgAuxOn003
1,381,0x017D,ECHO,CONSUMED,True,True,0,UNDECLARED,Chan003RtgAuxOn004
1,382,0x017E,ECHO,CONSUMED,True,True,0,UNDECLARED,Chan003RtgAuxOn005
1,383,0x017F,ECHO,CONSUMED,True,True,0,UNDECLARED,Chan003RtgAuxOn006
1,384,0x0180,ECHO,CONSUMED,True,True,0,UNDECLARED,Chan003RtgAuxOn007
1,385,0x0181,ECHO,CONSUMED,True,True,0,UNDECLARED,Chan003RtgAuxOn008
1,386,0x0182,ECHO,CONSUMED,True,True,0,UNDECLARED,Chan003RtgAuxOn009
1,387,0x0183,ECHO,CONSUMED,True,True,0,UNDECLARED,Chan003RtgAuxOn010
1,388,0x0184,ECHO,CONSUMED,True,True,0,UNDECLARED,Chan003RtgAuxOn011
1,389,0x0185,ECHO,CONSUMED,True,True,0,UNDECLARED,Chan003RtgAuxOn012
1,390,0x0186,ECHO,CONSUMED,True,True,0,UNDECLARED,Chan003RtgAuxSend001
1,391,0x0187,ECHO,CONSUMED,True,True,0,UNDECLARED,Chan003RtgAuxSend002
1,392,0x0188,ECHO,CONSUMED,True,True,0,UNDECLARED,Chan003RtgAuxSend003
1,393,0x0189,ECHO,CONSUMED,True,True,0,UNDECLARED,Chan003RtgAuxSend004
1,394,0x018A,ECHO,CONSUMED,True,True,0,UNDECLARED,Chan003RtgAuxSend005
1,395,0x018B,ECHO,CONSUMED,True,True,0,UNDECLARED,Chan003RtgAuxSend006
1,396,0x018C,ECHO,CONSUMED,True,True,0,UNDECLARED,Chan003RtgAuxSend007
1,397,0x018D,ECHO,CONSUMED,True,True,0,UNDECLARED,Chan003RtgAuxSend008
1,398,0x018E,ECHO,CONSUMED,True,True,0,UNDECLARED,Chan003RtgAuxSend009
1,399,0x018F,ECHO,CONSUMED,True,True,0,UNDECLARED,Chan003RtgAuxSend010
1,400,0x0190,ECHO,CONSUMED,True,True,0,UNDECLARED,Chan003RtgAuxSend011
1,401,0x0191,ECHO,CONSUMED,True,True,0,UNDECLARED,Chan003RtgAuxSend012
1,402,0x0192,ECHO,CONSUMED,True,True,0,UNDECLARED,Chan003RtgAuxPick001
1,403,0x0193,ECHO,CONSUMED,True,True,0,UNDECLARED,Chan003RtgAuxPick002
1,404,0x0194,ECHO,CONSUMED,True,True,0,UNDECLARED,Chan003RtgAuxPick003
1,405,0x0195,ECHO,CONSUMED,True,True,0,UNDECLARED,Chan003RtgAuxPick004
1,406,0x0196,ECHO,CONSUMED,True,True,0,UNDECLARED,Chan003RtgAuxPick005
1,407,0x0197,ECHO,CONSUMED,True,True,0,UNDECLARED,Chan003RtgAuxPick006
1,408,0x0198,ECHO,CONSUMED,True,True,0,UNDECLARED,Chan003RtgAuxPick007
1,409,0x0199,ECHO,CONSUMED,True,True,0,UNDECLARED,Chan003RtgAuxPick008
1,410,0x019A,ECHO,CONSUMED,True,True,0,UNDECLARED,Chan003RtgAuxPick009
1,411,0x019B,ECHO,CONSUMED,True,True,0,UNDECLARED,Chan003RtgAuxPick010
1,412,0x019C,ECHO,CONSUMED,True,True,0,UNDECLARED,Chan003RtgAuxPick011
1,413,0x019D,ECHO,CONSUMED,True,True,0,UNDECLARED,Chan003RtgAuxPick012
1,414,0x019E,ECHO,CONSUMED,True,True,0,UNDECLARED,Chan003RtgFx001
1,415,0x019F,ECHO,CONSUMED,True,True,0,UNDECLARED,Chan003RtgFx002
1,416,0x01A0,ECHO,CONSUMED,True,True,0,UNDECLARED,Chan003RtgFx003
1,417,0x01A1,ECHO,CONSUMED,True,True,0,UNDECLARED,Chan003RtgFx004
1,418,0x01A2,ECHO,CONSUMED,True,True,0,UNDECLARED,Chan003RtgFx005
1,419,0x01A3,ECHO,CONSUMED,True,True,0,UNDECLARED,Chan003RtgFx006
1,420,0x01A4,ECHO,CONSUMED,True,True,0,UNDECLARED,Chan003RtgFxSend001
1,421,0x01A5,ECHO,CONSUMED,True,True,0,UNDECLARED,Chan003RtgFxSend002
1,422,0x01A6,ECHO,CONSUMED,True,True,0,UNDECLARED,Chan003RtgFxSend003
1,423,0x01A7,ECHO,CONSUMED,True,True,0,UNDECLARED,Chan003RtgFxSend004
1,424,0x01A8,ECHO,CONSUMED,True,True,0,UNDECLARED,Chan003RtgFxSend005
1,425,0x01A9,ECHO,CONSUMED,True,True,0,UNDECLARED,Chan003RtgFxSend006
1,426,0x01AA,ECHO,CONSUMED,True,True,0,UNDECLARED,Chan003RtgFxPick001
1,427,0x01AB,ECHO,CONSUMED,True,True,0,UNDECLARED,Chan003RtgFxPick002
1,428,0x01AC,ECHO,CONSUMED,True,True,0,UNDECLARED,Chan003RtgFxPick003
1,429,0x01AD,ECHO,CONSUMED,True,True,0,UNDECLARED,Chan003RtgFxPick004
1,430,0x01AE,ECHO,CONSUMED,True,True,0,UNDECLARED,Chan003RtgFxPick005
1,431,0x01AF,ECHO,CONSUMED,True,True,0,UNDECLARED,Chan003RtgFxPick006
1,432,0x01B0,ECHO,CONSUMED,True,True,0,UNDECLARED,Chan004Gain001
1,433,0x01B1,ECHO,CONSUMED,True,True,0,bool 0/1,Chan004Pol001
1,434,0x01B2,UNMAPPED,UNMAPPED,False,False,3,UNDECLARED,Chan004Phantom001
1,435,0x01B3,UNMAPPED,UNMAPPED,False,False,3,UNDECLARED,Chan004InputSel001
1,436,0x01B4,ECHO,CONSUMED,True,True,0,UNDECLARED,Chan004EqHpf001 Chan004EqHpfSlope001
1,437,0x01B5,ECHO,CONSUMED,True,True,0,UNDECLARED,
1,438,0x01B6,ECHO,CONSUMED,True,True,0,UNDECLARED,
1,439,0x01B7,ECHO,CONSUMED,True,True,0,UNDECLARED,
1,440,0x01B8,ECHO,CONSUMED,True,True,0,UNDECLARED,
1,441,0x01B9,CLEARED,CONSUMED,True,True,0,UNDECLARED,
1,442,0x01BA,ECHO,CONSUMED,True,True,0,UNDECLARED,Chan004EqLpf001
1,443,0x01BB,ECHO,CONSUMED,True,True,0,UNDECLARED,
1,444,0x01BC,ECHO,CONSUMED,True,True,0,UNDECLARED,
1,445,0x01BD,ECHO,CONSUMED,True,True,0,UNDECLARED,
1,446,0x01BE,ECHO,CONSUMED,True,True,0,UNDECLARED,
1,447,0x01BF,CLEARED,CONSUMED,True,True,0,UNDECLARED,
1,448,0x01C0,ECHO,CONSUMED,True,True,0,UNDECLARED,Chan004EqFreq001 Chan004EqGain001 Chan004EqQ001 Chan004EqShelf001
1,449,0x01C1,ECHO,CONSUMED,True,True,0,UNDECLARED,
1,450,0x01C2,ECHO,CONSUMED,True,True,0,UNDECLARED,
1,451,0x01C3,ECHO,CONSUMED,True,True,0,UNDECLARED,
1,452,0x01C4,ECHO,CONSUMED,True,True,0,UNDECLARED,
1,453,0x01C5,ECHO,CONSUMED,True,True,0,UNDECLARED,Chan004EqFreq002 Chan004EqGain002 Chan004EqQ002
1,454,0x01C6,ECHO,CONSUMED,True,True,0,UNDECLARED,
1,455,0x01C7,ECHO,CONSUMED,True,True,0,UNDECLARED,
1,456,0x01C8,ECHO,CONSUMED,True,True,0,UNDECLARED,
1,457,0x01C9,ECHO,CONSUMED,True,True,0,UNDECLARED,
1,458,0x01CA,ECHO,CONSUMED,True,True,0,UNDECLARED,Chan004EqFreq003 Chan004EqGain003 Chan004EqQ003
1,459,0x01CB,ECHO,CONSUMED,True,True,0,UNDECLARED,
1,460,0x01CC,ECHO,CONSUMED,True,True,0,UNDECLARED,
1,461,0x01CD,ECHO,CONSUMED,True,True,0,UNDECLARED,
1,462,0x01CE,ECHO,CONSUMED,True,True,0,UNDECLARED,
1,463,0x01CF,ECHO,CONSUMED,True,True,0,UNDECLARED,Chan004EqFreq004 Chan004EqGain004 Chan004EqQ004 Chan004EqShelf002
1,464,0x01D0,ECHO,CONSUMED,True,True,0,UNDECLARED,
1,465,0x01D1,ECHO,CONSUMED,True,True,0,UNDECLARED,
1,466,0x01D2,ECHO,CONSUMED,True,True,0,UNDECLARED,
1,467,0x01D3,ECHO,CONSUMED,True,True,0,UNDECLARED,
1,468,0x01D4,CLEARED,CONSUMED,True,True,0,UNDECLARED,
1,469,0x01D5,UNMAPPED,UNMAPPED,False,False,4,UNDECLARED,Chan004EqOn001
1,470,0x01D6,UNMAPPED,UNMAPPED,False,False,4,UNDECLARED,
1,471,0x01D7,UNMAPPED,UNMAPPED,False,False,4,UNDECLARED,
1,472,0x01D8,ECHO,CONSUMED,True,True,0,UNDECLARED,Chan004GateOn001
1,473,0x01D9,ECHO,CONSUMED,True,True,0,UNDECLARED,Chan004GateThr001
1,474,0x01DA,ECHO,CONSUMED,True,True,0,ms (log table),Chan004GateAtt001
1,475,0x01DB,ECHO,CONSUMED,True,True,0,ms,Chan004GateHold001
1,476,0x01DC,ECHO,CONSUMED,True,True,0,ms (log table),Chan004GateRel001
1,477,0x01DD,ECHO,CONSUMED,True,True,0,dB,Chan004GateRng001
1,478,0x01DE,ECHO,INERT,True,True,0,UNDECLARED,Chan004GateKey001
1,479,0x01DF,ECHO,INERT,True,True,0,UNDECLARED,Chan004GateDetSrc001
1,480,0x01E0,ECHO,CONSUMED,True,True,0,UNDECLARED,Chan004GateFilterOn001
1,481,0x01E1,ECHO,CONSUMED,True,True,0,UNDECLARED,Chan004GateFilterHpf001 Chan004GateFilterQ001
1,482,0x01E2,ECHO,CONSUMED,True,True,0,UNDECLARED,
1,483,0x01E3,ECHO,CONSUMED,True,True,0,UNDECLARED,
1,484,0x01E4,ECHO,CONSUMED,True,True,0,UNDECLARED,
1,485,0x01E5,ECHO,CONSUMED,True,True,0,UNDECLARED,
1,486,0x01E6,ECHO,CONSUMED,True,True,0,UNDECLARED,Chan004GateFilterLpf001
1,487,0x01E7,ECHO,CONSUMED,True,True,0,UNDECLARED,
1,488,0x01E8,ECHO,CONSUMED,True,True,0,UNDECLARED,Chan004CompOn001
1,489,0x01E9,ECHO,CONSUMED,True,True,0,UNDECLARED,Chan004CompThr001
1,490,0x01EA,ECHO,CONSUMED,True,True,0,UNDECLARED,Chan004CompRat001
1,491,0x01EB,ECHO,CONSUMED,True,True,0,ms (log table),Chan004CompAtt001
1,492,0x01EC,ECHO,CONSUMED,True,True,0,ms (log table),Chan004CompRel001
1,493,0x01ED,ECHO,CONSUMED,True,True,0,UNDECLARED,Chan004CompMake001
1,494,0x01EE,ECHO,CONSUMED,True,True,0,UNDECLARED,Chan004CompKnee001
1,495,0x01EF,ECHO,CONSUMED,True,True,0,percent 0-100,Chan004CompPar001
1,496,0x01F0,ECHO,INERT,True,True,0,UNDECLARED,Chan004CompType001
1,497,0x01F1,ECHO,INERT,True,True,0,UNDECLARED,Chan004CompKey001
1,498,0x01F2,ECHO,INERT,True,True,0,UNDECLARED,Chan004CompDetSrc001
1,499,0x01F3,ECHO,INERT,True,True,0,UNDECLARED,Chan004CompLimMode001
1,500,0x01F4,ECHO,INERT,True,True,0,UNDECLARED,Chan004CompEqPos001
1,501,0x01F5,ECHO,INERT,True,True,0,UNDECLARED,Chan004CompFilterOn001
1,502,0x01F6,ECHO,INERT,True,True,0,UNDECLARED,Chan004CompFilterHpf001 Chan004CompFilterLpf001 Chan004CompFilterQ001
1,503,0x01F7,ECHO,INERT,True,True,0,UNDECLARED,
1,504,0x01F8,ECHO,INERT,True,True,0,UNDECLARED,
1,505,0x01F9,ECHO,INERT,True,True,0,UNDECLARED,
1,506,0x01FA,ECHO,INERT,True,True,0,UNDECLARED,
1,507,0x01FB,ECHO,INERT,True,True,0,UNDECLARED,
1,508,0x01FC,ECHO,CONSUMED,True,True,0,UNDECLARED,Chan004TubeOn001
1,509,0x01FD,ECHO,CONSUMED,True,True,0,UNDECLARED,Chan004TubeSat001
1,510,0x01FE,ECHO,CONSUMED,True,True,0,ms,Chan004Delay001
1,511,0x01FF,ECHO,CONSUMED,True,True,0,UNDECLARED,
1,512,0x0200,ECHO,CONSUMED,True,True,0,UNDECLARED,Chan004RtgLevel001
1,513,0x0201,ECHO,CONSUMED,True,True,0,UNDECLARED,Chan004RtgPan001
1,514,0x0202,ECHO,CONSUMED,True,True,0,bool 0/1,Chan004RtgMute001
1,515,0x0203,ECHO,CONSUMED,True,True,0,UNDECLARED,Chan004RtgDca001
1,516,0x0204,ECHO,CONSUMED,True,True,0,UNDECLARED,Chan004RtgMainOn001
1,517,0x0205,ECHO,CONSUMED,True,True,0,UNDECLARED,Chan004RtgCtrOn001
1,518,0x0206,ECHO,CONSUMED,True,True,0,UNDECLARED,Chan004RtgGrpOn001
1,519,0x0207,ECHO,CONSUMED,True,True,0,UNDECLARED,Chan004RtgGrpOn002
1,520,0x0208,ECHO,CONSUMED,True,True,0,UNDECLARED,Chan004RtgGrpOn003
1,521,0x0209,ECHO,CONSUMED,True,True,0,UNDECLARED,Chan004RtgGrpOn004
1,522,0x020A,ECHO,CONSUMED,True,True,0,UNDECLARED,Chan004RtgAuxOn001
1,523,0x020B,ECHO,CONSUMED,True,True,0,UNDECLARED,Chan004RtgAuxOn002
1,524,0x020C,ECHO,CONSUMED,True,True,0,UNDECLARED,Chan004RtgAuxOn003
1,525,0x020D,ECHO,CONSUMED,True,True,0,UNDECLARED,Chan004RtgAuxOn004
1,526,0x020E,ECHO,CONSUMED,True,True,0,UNDECLARED,Chan004RtgAuxOn005
1,527,0x020F,ECHO,CONSUMED,True,True,0,UNDECLARED,Chan004RtgAuxOn006
1,528,0x0210,ECHO,CONSUMED,True,True,0,UNDECLARED,Chan004RtgAuxOn007
1,529,0x0211,ECHO,CONSUMED,True,True,0,UNDECLARED,Chan004RtgAuxOn008
1,530,0x0212,ECHO,CONSUMED,True,True,0,UNDECLARED,Chan004RtgAuxOn009
1,531,0x0213,ECHO,CONSUMED,True,True,0,UNDECLARED,Chan004RtgAuxOn010
1,532,0x0214,ECHO,CONSUMED,True,True,0,UNDECLARED,Chan004RtgAuxOn011
1,533,0x0215,ECHO,CONSUMED,True,True,0,UNDECLARED,Chan004RtgAuxOn012
1,534,0x0216,ECHO,CONSUMED,True,True,0,UNDECLARED,Chan004RtgAuxSend001
1,535,0x0217,ECHO,CONSUMED,True,True,0,UNDECLARED,Chan004RtgAuxSend002
1,536,0x0218,ECHO,CONSUMED,True,True,0,UNDECLARED,Chan004RtgAuxSend003
1,537,0x0219,ECHO,CONSUMED,True,True,0,UNDECLARED,Chan004RtgAuxSend004
1,538,0x021A,ECHO,CONSUMED,True,True,0,UNDECLARED,Chan004RtgAuxSend005
1,539,0x021B,ECHO,CONSUMED,True,True,0,UNDECLARED,Chan004RtgAuxSend006
1,540,0x021C,ECHO,CONSUMED,True,True,0,UNDECLARED,Chan004RtgAuxSend007
1,541,0x021D,ECHO,CONSUMED,True,True,0,UNDECLARED,Chan004RtgAuxSend008
1,542,0x021E,ECHO,CONSUMED,True,True,0,UNDECLARED,Chan004RtgAuxSend009
1,543,0x021F,ECHO,CONSUMED,True,True,0,UNDECLARED,Chan004RtgAuxSend010
1,544,0x0220,ECHO,CONSUMED,True,True,0,UNDECLARED,Chan004RtgAuxSend011
1,545,0x0221,ECHO,CONSUMED,True,True,0,UNDECLARED,Chan004RtgAuxSend012
1,546,0x0222,ECHO,CONSUMED,True,True,0,UNDECLARED,Chan004RtgAuxPick001
1,547,0x0223,ECHO,CONSUMED,True,True,0,UNDECLARED,Chan004RtgAuxPick002
1,548,0x0224,ECHO,CONSUMED,True,True,0,UNDECLARED,Chan004RtgAuxPick003
1,549,0x0225,ECHO,CONSUMED,True,True,0,UNDECLARED,Chan004RtgAuxPick004
1,550,0x0226,ECHO,CONSUMED,True,True,0,UNDECLARED,Chan004RtgAuxPick005
1,551,0x0227,ECHO,CONSUMED,True,True,0,UNDECLARED,Chan004RtgAuxPick006
1,552,0x0228,ECHO,CONSUMED,True,True,0,UNDECLARED,Chan004RtgAuxPick007
1,553,0x0229,ECHO,CONSUMED,True,True,0,UNDECLARED,Chan004RtgAuxPick008
1,554,0x022A,ECHO,CONSUMED,True,True,0,UNDECLARED,Chan004RtgAuxPick009
1,555,0x022B,ECHO,CONSUMED,True,True,0,UNDECLARED,Chan004RtgAuxPick010
1,556,0x022C,ECHO,CONSUMED,True,True,0,UNDECLARED,Chan004RtgAuxPick011
1,557,0x022D,ECHO,CONSUMED,True,True,0,UNDECLARED,Chan004RtgAuxPick012
1,558,0x022E,ECHO,CONSUMED,True,True,0,UNDECLARED,Chan004RtgFx001
1,559,0x022F,ECHO,CONSUMED,True,True,0,UNDECLARED,Chan004RtgFx002
1,560,0x0230,ECHO,CONSUMED,True,True,0,UNDECLARED,Chan004RtgFx003
1,561,0x0231,ECHO,CONSUMED,True,True,0,UNDECLARED,Chan004RtgFx004
1,562,0x0232,ECHO,CONSUMED,True,True,0,UNDECLARED,Chan004RtgFx005
1,563,0x0233,ECHO,CONSUMED,True,True,0,UNDECLARED,Chan004RtgFx006
1,564,0x0234,ECHO,CONSUMED,True,True,0,UNDECLARED,Chan004RtgFxSend001
1,565,0x0235,ECHO,CONSUMED,True,True,0,UNDECLARED,Chan004RtgFxSend002
1,566,0x0236,ECHO,CONSUMED,True,True,0,UNDECLARED,Chan004RtgFxSend003
1,567,0x0237,ECHO,CONSUMED,True,True,0,UNDECLARED,Chan004RtgFxSend004
1,568,0x0238,ECHO,CONSUMED,True,True,0,UNDECLARED,Chan004RtgFxSend005
1,569,0x0239,ECHO,CONSUMED,True,True,0,UNDECLARED,Chan004RtgFxSend006
1,570,0x023A,ECHO,CONSUMED,True,True,0,UNDECLARED,Chan004RtgFxPick001
1,571,0x023B,ECHO,CONSUMED,True,True,0,UNDECLARED,Chan004RtgFxPick002
1,572,0x023C,ECHO,CONSUMED,True,True,0,UNDECLARED,Chan004RtgFxPick003
1,573,0x023D,ECHO,CONSUMED,True,True,0,UNDECLARED,Chan004RtgFxPick004
1,574,0x023E,ECHO,CONSUMED,True,True,0,UNDECLARED,Chan004RtgFxPick005
1,575,0x023F,ECHO,CONSUMED,True,True,0,UNDECLARED,Chan004RtgFxPick006
1,576,0x0240,ECHO,CONSUMED,True,True,0,UNDECLARED,Chan005Gain001
1,577,0x0241,ECHO,CONSUMED,True,True,0,bool 0/1,Chan005Pol001
1,578,0x0242,UNMAPPED,UNMAPPED,False,False,3,UNDECLARED,Chan005Phantom001
1,579,0x0243,UNMAPPED,UNMAPPED,False,False,3,UNDECLARED,Chan005InputSel001
1,580,0x0244,ECHO,CONSUMED,True,True,0,UNDECLARED,Chan005EqHpf001 Chan005EqHpfSlope001
1,581,0x0245,ECHO,CONSUMED,True,True,0,UNDECLARED,
1,582,0x0246,ECHO,CONSUMED,True,True,0,UNDECLARED,
1,583,0x0247,ECHO,CONSUMED,True,True,0,UNDECLARED,
1,584,0x0248,ECHO,CONSUMED,True,True,0,UNDECLARED,
1,585,0x0249,CLEARED,CONSUMED,True,True,0,UNDECLARED,
1,586,0x024A,ECHO,CONSUMED,True,True,0,UNDECLARED,Chan005EqLpf001
1,587,0x024B,ECHO,CONSUMED,True,True,0,UNDECLARED,
1,588,0x024C,ECHO,CONSUMED,True,True,0,UNDECLARED,
1,589,0x024D,ECHO,CONSUMED,True,True,0,UNDECLARED,
1,590,0x024E,ECHO,CONSUMED,True,True,0,UNDECLARED,
1,591,0x024F,CLEARED,CONSUMED,True,True,0,UNDECLARED,
1,592,0x0250,ECHO,CONSUMED,True,True,0,UNDECLARED,Chan005EqFreq001 Chan005EqGain001 Chan005EqQ001 Chan005EqShelf001
1,593,0x0251,ECHO,CONSUMED,True,True,0,UNDECLARED,
1,594,0x0252,ECHO,CONSUMED,True,True,0,UNDECLARED,
1,595,0x0253,ECHO,CONSUMED,True,True,0,UNDECLARED,
1,596,0x0254,ECHO,CONSUMED,True,True,0,UNDECLARED,
1,597,0x0255,ECHO,CONSUMED,True,True,0,UNDECLARED,Chan005EqFreq002 Chan005EqGain002 Chan005EqQ002
1,598,0x0256,ECHO,CONSUMED,True,True,0,UNDECLARED,
1,599,0x0257,ECHO,CONSUMED,True,True,0,UNDECLARED,
1,600,0x0258,ECHO,CONSUMED,True,True,0,UNDECLARED,
1,601,0x0259,ECHO,CONSUMED,True,True,0,UNDECLARED,
1,602,0x025A,ECHO,CONSUMED,True,True,0,UNDECLARED,Chan005EqFreq003 Chan005EqGain003 Chan005EqQ003
1,603,0x025B,ECHO,CONSUMED,True,True,0,UNDECLARED,
1,604,0x025C,ECHO,CONSUMED,True,True,0,UNDECLARED,
1,605,0x025D,ECHO,CONSUMED,True,True,0,UNDECLARED,
1,606,0x025E,ECHO,CONSUMED,True,True,0,UNDECLARED,
1,607,0x025F,ECHO,CONSUMED,True,True,0,UNDECLARED,Chan005EqFreq004 Chan005EqGain004 Chan005EqQ004 Chan005EqShelf002
1,608,0x0260,ECHO,CONSUMED,True,True,0,UNDECLARED,
1,609,0x0261,ECHO,CONSUMED,True,True,0,UNDECLARED,
1,610,0x0262,ECHO,CONSUMED,True,True,0,UNDECLARED,
1,611,0x0263,ECHO,CONSUMED,True,True,0,UNDECLARED,
1,612,0x0264,CLEARED,CONSUMED,True,True,0,UNDECLARED,
1,613,0x0265,UNMAPPED,UNMAPPED,False,False,4,UNDECLARED,Chan005EqOn001
1,614,0x0266,UNMAPPED,UNMAPPED,False,False,4,UNDECLARED,
1,615,0x0267,UNMAPPED,UNMAPPED,False,False,4,UNDECLARED,
1,616,0x0268,ECHO,CONSUMED,True,True,0,UNDECLARED,Chan005GateOn001
1,617,0x0269,ECHO,CONSUMED,True,True,0,UNDECLARED,Chan005GateThr001
1,618,0x026A,ECHO,CONSUMED,True,True,0,ms (log table),Chan005GateAtt001
1,619,0x026B,ECHO,CONSUMED,True,True,0,ms,Chan005GateHold001
1,620,0x026C,ECHO,CONSUMED,True,True,0,ms (log table),Chan005GateRel001
1,621,0x026D,ECHO,CONSUMED,True,True,0,dB,Chan005GateRng001
1,622,0x026E,ECHO,INERT,True,True,0,UNDECLARED,Chan005GateKey001
1,623,0x026F,ECHO,INERT,True,True,0,UNDECLARED,Chan005GateDetSrc001
1,624,0x0270,ECHO,CONSUMED,True,True,0,UNDECLARED,Chan005GateFilterOn001
1,625,0x0271,ECHO,CONSUMED,True,True,0,UNDECLARED,Chan005GateFilterHpf001 Chan005GateFilterQ001
1,626,0x0272,ECHO,CONSUMED,True,True,0,UNDECLARED,
1,627,0x0273,ECHO,CONSUMED,True,True,0,UNDECLARED,
1,628,0x0274,ECHO,CONSUMED,True,True,0,UNDECLARED,
1,629,0x0275,ECHO,CONSUMED,True,True,0,UNDECLARED,
1,630,0x0276,ECHO,CONSUMED,True,True,0,UNDECLARED,Chan005GateFilterLpf001
1,631,0x0277,ECHO,CONSUMED,True,True,0,UNDECLARED,
1,632,0x0278,ECHO,CONSUMED,True,True,0,UNDECLARED,Chan005CompOn001
1,633,0x0279,ECHO,CONSUMED,True,True,0,UNDECLARED,Chan005CompThr001
1,634,0x027A,ECHO,CONSUMED,True,True,0,UNDECLARED,Chan005CompRat001
1,635,0x027B,ECHO,CONSUMED,True,True,0,ms (log table),Chan005CompAtt001
1,636,0x027C,ECHO,CONSUMED,True,True,0,ms (log table),Chan005CompRel001
1,637,0x027D,ECHO,CONSUMED,True,True,0,UNDECLARED,Chan005CompMake001
1,638,0x027E,ECHO,CONSUMED,True,True,0,UNDECLARED,Chan005CompKnee001
1,639,0x027F,ECHO,CONSUMED,True,True,0,percent 0-100,Chan005CompPar001
1,640,0x0280,ECHO,INERT,True,True,0,UNDECLARED,Chan005CompType001
1,641,0x0281,ECHO,INERT,True,True,0,UNDECLARED,Chan005CompKey001
1,642,0x0282,ECHO,INERT,True,True,0,UNDECLARED,Chan005CompDetSrc001
1,643,0x0283,ECHO,INERT,True,True,0,UNDECLARED,Chan005CompLimMode001
1,644,0x0284,ECHO,INERT,True,True,0,UNDECLARED,Chan005CompEqPos001
1,645,0x0285,ECHO,INERT,True,True,0,UNDECLARED,Chan005CompFilterOn001
1,646,0x0286,ECHO,INERT,True,True,0,UNDECLARED,Chan005CompFilterHpf001 Chan005CompFilterLpf001 Chan005CompFilterQ001
1,647,0x0287,ECHO,INERT,True,True,0,UNDECLARED,
1,648,0x0288,ECHO,INERT,True,True,0,UNDECLARED,
1,649,0x0289,ECHO,INERT,True,True,0,UNDECLARED,
1,650,0x028A,ECHO,INERT,True,True,0,UNDECLARED,
1,651,0x028B,ECHO,INERT,True,True,0,UNDECLARED,
1,652,0x028C,ECHO,CONSUMED,True,True,0,UNDECLARED,Chan005TubeOn001
1,653,0x028D,ECHO,CONSUMED,True,True,0,UNDECLARED,Chan005TubeSat001
1,654,0x028E,ECHO,CONSUMED,True,True,0,ms,Chan005Delay001
1,655,0x028F,ECHO,CONSUMED,True,True,0,UNDECLARED,
1,656,0x0290,ECHO,CONSUMED,True,True,0,UNDECLARED,Chan005RtgLevel001
1,657,0x0291,ECHO,CONSUMED,True,True,0,UNDECLARED,Chan005RtgPan001
1,658,0x0292,ECHO,CONSUMED,True,True,0,bool 0/1,Chan005RtgMute001
1,659,0x0293,ECHO,CONSUMED,True,True,0,UNDECLARED,Chan005RtgDca001
1,660,0x0294,ECHO,CONSUMED,True,True,0,UNDECLARED,Chan005RtgMainOn001
1,661,0x0295,ECHO,CONSUMED,True,True,0,UNDECLARED,Chan005RtgCtrOn001
1,662,0x0296,ECHO,CONSUMED,True,True,0,UNDECLARED,Chan005RtgGrpOn001
1,663,0x0297,ECHO,CONSUMED,True,True,0,UNDECLARED,Chan005RtgGrpOn002
1,664,0x0298,ECHO,CONSUMED,True,True,0,UNDECLARED,Chan005RtgGrpOn003
1,665,0x0299,ECHO,CONSUMED,True,True,0,UNDECLARED,Chan005RtgGrpOn004
1,666,0x029A,ECHO,CONSUMED,True,True,0,UNDECLARED,Chan005RtgAuxOn001
1,667,0x029B,ECHO,CONSUMED,True,True,0,UNDECLARED,Chan005RtgAuxOn002
1,668,0x029C,ECHO,CONSUMED,True,True,0,UNDECLARED,Chan005RtgAuxOn003
1,669,0x029D,ECHO,CONSUMED,True,True,0,UNDECLARED,Chan005RtgAuxOn004
1,670,0x029E,ECHO,CONSUMED,True,True,0,UNDECLARED,Chan005RtgAuxOn005
1,671,0x029F,ECHO,CONSUMED,True,True,0,UNDECLARED,Chan005RtgAuxOn006
1,672,0x02A0,ECHO,CONSUMED,True,True,0,UNDECLARED,Chan005RtgAuxOn007
1,673,0x02A1,ECHO,CONSUMED,True,True,0,UNDECLARED,Chan005RtgAuxOn008
1,674,0x02A2,ECHO,CONSUMED,True,True,0,UNDECLARED,Chan005RtgAuxOn009
1,675,0x02A3,ECHO,CONSUMED,True,True,0,UNDECLARED,Chan005RtgAuxOn010
1,676,0x02A4,ECHO,CONSUMED,True,True,0,UNDECLARED,Chan005RtgAuxOn011
1,677,0x02A5,ECHO,CONSUMED,True,True,0,UNDECLARED,Chan005RtgAuxOn012
1,678,0x02A6,ECHO,CONSUMED,True,True,0,UNDECLARED,Chan005RtgAuxSend001
1,679,0x02A7,ECHO,CONSUMED,True,True,0,UNDECLARED,Chan005RtgAuxSend002
1,680,0x02A8,ECHO,CONSUMED,True,True,0,UNDECLARED,Chan005RtgAuxSend003
1,681,0x02A9,ECHO,CONSUMED,True,True,0,UNDECLARED,Chan005RtgAuxSend004
1,682,0x02AA,ECHO,CONSUMED,True,True,0,UNDECLARED,Chan005RtgAuxSend005
1,683,0x02AB,ECHO,CONSUMED,True,True,0,UNDECLARED,Chan005RtgAuxSend006
1,684,0x02AC,ECHO,CONSUMED,True,True,0,UNDECLARED,Chan005RtgAuxSend007
1,685,0x02AD,ECHO,CONSUMED,True,True,0,UNDECLARED,Chan005RtgAuxSend008
1,686,0x02AE,ECHO,CONSUMED,True,True,0,UNDECLARED,Chan005RtgAuxSend009
1,687,0x02AF,ECHO,CONSUMED,True,True,0,UNDECLARED,Chan005RtgAuxSend010
1,688,0x02B0,ECHO,CONSUMED,True,True,0,UNDECLARED,Chan005RtgAuxSend011
1,689,0x02B1,ECHO,CONSUMED,True,True,0,UNDECLARED,Chan005RtgAuxSend012
1,690,0x02B2,ECHO,CONSUMED,True,True,0,UNDECLARED,Chan005RtgAuxPick001
1,691,0x02B3,ECHO,CONSUMED,True,True,0,UNDECLARED,Chan005RtgAuxPick002
1,692,0x02B4,ECHO,CONSUMED,True,True,0,UNDECLARED,Chan005RtgAuxPick003
1,693,0x02B5,ECHO,CONSUMED,True,True,0,UNDECLARED,Chan005RtgAuxPick004
1,694,0x02B6,ECHO,CONSUMED,True,True,0,UNDECLARED,Chan005RtgAuxPick005
1,695,0x02B7,ECHO,CONSUMED,True,True,0,UNDECLARED,Chan005RtgAuxPick006
1,696,0x02B8,ECHO,CONSUMED,True,True,0,UNDECLARED,Chan005RtgAuxPick007
1,697,0x02B9,ECHO,CONSUMED,True,True,0,UNDECLARED,Chan005RtgAuxPick008
1,698,0x02BA,ECHO,CONSUMED,True,True,0,UNDECLARED,Chan005RtgAuxPick009
1,699,0x02BB,ECHO,CONSUMED,True,True,0,UNDECLARED,Chan005RtgAuxPick010
1,700,0x02BC,ECHO,CONSUMED,True,True,0,UNDECLARED,Chan005RtgAuxPick011
1,701,0x02BD,ECHO,CONSUMED,True,True,0,UNDECLARED,Chan005RtgAuxPick012
1,702,0x02BE,ECHO,CONSUMED,True,True,0,UNDECLARED,Chan005RtgFx001
1,703,0x02BF,ECHO,CONSUMED,True,True,0,UNDECLARED,Chan005RtgFx002
1,704,0x02C0,ECHO,CONSUMED,True,True,0,UNDECLARED,Chan005RtgFx003
1,705,0x02C1,ECHO,CONSUMED,True,True,0,UNDECLARED,Chan005RtgFx004
1,706,0x02C2,ECHO,CONSUMED,True,True,0,UNDECLARED,Chan005RtgFx005
1,707,0x02C3,ECHO,CONSUMED,True,True,0,UNDECLARED,Chan005RtgFx006
1,708,0x02C4,ECHO,CONSUMED,True,True,0,UNDECLARED,Chan005RtgFxSend001
1,709,0x02C5,ECHO,CONSUMED,True,True,0,UNDECLARED,Chan005RtgFxSend002
1,710,0x02C6,ECHO,CONSUMED,True,True,0,UNDECLARED,Chan005RtgFxSend003
1,711,0x02C7,ECHO,CONSUMED,True,True,0,UNDECLARED,Chan005RtgFxSend004
1,712,0x02C8,ECHO,CONSUMED,True,True,0,UNDECLARED,Chan005RtgFxSend005
1,713,0x02C9,ECHO,CONSUMED,True,True,0,UNDECLARED,Chan005RtgFxSend006
1,714,0x02CA,ECHO,CONSUMED,True,True,0,UNDECLARED,Chan005RtgFxPick001
1,715,0x02CB,ECHO,CONSUMED,True,True,0,UNDECLARED,Chan005RtgFxPick002
1,716,0x02CC,ECHO,CONSUMED,True,True,0,UNDECLARED,Chan005RtgFxPick003
1,717,0x02CD,ECHO,CONSUMED,True,True,0,UNDECLARED,Chan005RtgFxPick004
1,718,0x02CE,ECHO,CONSUMED,True,True,0,UNDECLARED,Chan005RtgFxPick005
1,719,0x02CF,ECHO,CONSUMED,True,True,0,UNDECLARED,Chan005RtgFxPick006
1,720,0x02D0,ECHO,CONSUMED,True,True,0,UNDECLARED,Chan006Gain001
1,721,0x02D1,ECHO,CONSUMED,True,True,0,bool 0/1,Chan006Pol001
1,722,0x02D2,UNMAPPED,UNMAPPED,False,False,3,UNDECLARED,Chan006Phantom001
1,723,0x02D3,UNMAPPED,UNMAPPED,False,False,3,UNDECLARED,Chan006InputSel001
1,724,0x02D4,ECHO,CONSUMED,True,True,0,UNDECLARED,Chan006EqHpf001 Chan006EqHpfSlope001
1,725,0x02D5,ECHO,CONSUMED,True,True,0,UNDECLARED,
1,726,0x02D6,ECHO,CONSUMED,True,True,0,UNDECLARED,
1,727,0x02D7,ECHO,CONSUMED,True,True,0,UNDECLARED,
1,728,0x02D8,ECHO,CONSUMED,True,True,0,UNDECLARED,
1,729,0x02D9,CLEARED,CONSUMED,True,True,0,UNDECLARED,
1,730,0x02DA,ECHO,CONSUMED,True,True,0,UNDECLARED,Chan006EqLpf001
1,731,0x02DB,ECHO,CONSUMED,True,True,0,UNDECLARED,
1,732,0x02DC,ECHO,CONSUMED,True,True,0,UNDECLARED,
1,733,0x02DD,ECHO,CONSUMED,True,True,0,UNDECLARED,
1,734,0x02DE,ECHO,CONSUMED,True,True,0,UNDECLARED,
1,735,0x02DF,CLEARED,CONSUMED,True,True,0,UNDECLARED,
1,736,0x02E0,ECHO,CONSUMED,True,True,0,UNDECLARED,Chan006EqFreq001 Chan006EqGain001 Chan006EqQ001 Chan006EqShelf001
1,737,0x02E1,ECHO,CONSUMED,True,True,0,UNDECLARED,
1,738,0x02E2,ECHO,CONSUMED,True,True,0,UNDECLARED,
1,739,0x02E3,ECHO,CONSUMED,True,True,0,UNDECLARED,
1,740,0x02E4,ECHO,CONSUMED,True,True,0,UNDECLARED,
1,741,0x02E5,ECHO,CONSUMED,True,True,0,UNDECLARED,Chan006EqFreq002 Chan006EqGain002 Chan006EqQ002
1,742,0x02E6,ECHO,CONSUMED,True,True,0,UNDECLARED,
1,743,0x02E7,ECHO,CONSUMED,True,True,0,UNDECLARED,
1,744,0x02E8,ECHO,CONSUMED,True,True,0,UNDECLARED,
1,745,0x02E9,ECHO,CONSUMED,True,True,0,UNDECLARED,
1,746,0x02EA,ECHO,CONSUMED,True,True,0,UNDECLARED,Chan006EqFreq003 Chan006EqGain003 Chan006EqQ003
1,747,0x02EB,ECHO,CONSUMED,True,True,0,UNDECLARED,
1,748,0x02EC,ECHO,CONSUMED,True,True,0,UNDECLARED,
1,749,0x02ED,ECHO,CONSUMED,True,True,0,UNDECLARED,
1,750,0x02EE,ECHO,CONSUMED,True,True,0,UNDECLARED,
1,751,0x02EF,ECHO,CONSUMED,True,True,0,UNDECLARED,Chan006EqFreq004 Chan006EqGain004 Chan006EqQ004 Chan006EqShelf002
1,752,0x02F0,ECHO,CONSUMED,True,True,0,UNDECLARED,
1,753,0x02F1,ECHO,CONSUMED,True,True,0,UNDECLARED,
1,754,0x02F2,ECHO,CONSUMED,True,True,0,UNDECLARED,
1,755,0x02F3,ECHO,CONSUMED,True,True,0,UNDECLARED,
1,756,0x02F4,CLEARED,CONSUMED,True,True,0,UNDECLARED,
1,757,0x02F5,UNMAPPED,UNMAPPED,False,False,4,UNDECLARED,Chan006EqOn001
1,758,0x02F6,UNMAPPED,UNMAPPED,False,False,4,UNDECLARED,
1,759,0x02F7,UNMAPPED,UNMAPPED,False,False,4,UNDECLARED,
1,760,0x02F8,ECHO,CONSUMED,True,True,0,UNDECLARED,Chan006GateOn001
1,761,0x02F9,ECHO,CONSUMED,True,True,0,UNDECLARED,Chan006GateThr001
1,762,0x02FA,ECHO,CONSUMED,True,True,0,ms (log table),Chan006GateAtt001
1,763,0x02FB,ECHO,CONSUMED,True,True,0,ms,Chan006GateHold001
1,764,0x02FC,ECHO,CONSUMED,True,True,0,ms (log table),Chan006GateRel001
1,765,0x02FD,ECHO,CONSUMED,True,True,0,dB,Chan006GateRng001
1,766,0x02FE,ECHO,INERT,True,True,0,UNDECLARED,Chan006GateKey001
1,767,0x02FF,ECHO,INERT,True,True,0,UNDECLARED,Chan006GateDetSrc001
1,768,0x0300,ECHO,CONSUMED,True,True,0,UNDECLARED,Chan006GateFilterOn001
1,769,0x0301,ECHO,CONSUMED,True,True,0,UNDECLARED,Chan006GateFilterHpf001 Chan006GateFilterQ001
1,770,0x0302,ECHO,CONSUMED,True,True,0,UNDECLARED,
1,771,0x0303,ECHO,CONSUMED,True,True,0,UNDECLARED,
1,772,0x0304,ECHO,CONSUMED,True,True,0,UNDECLARED,
1,773,0x0305,ECHO,CONSUMED,True,True,0,UNDECLARED,
1,774,0x0306,ECHO,CONSUMED,True,True,0,UNDECLARED,Chan006GateFilterLpf001
1,775,0x0307,ECHO,CONSUMED,True,True,0,UNDECLARED,
1,776,0x0308,ECHO,CONSUMED,True,True,0,UNDECLARED,Chan006CompOn001
1,777,0x0309,ECHO,CONSUMED,True,True,0,UNDECLARED,Chan006CompThr001
1,778,0x030A,ECHO,CONSUMED,True,True,0,UNDECLARED,Chan006CompRat001
1,779,0x030B,ECHO,CONSUMED,True,True,0,ms (log table),Chan006CompAtt001
1,780,0x030C,ECHO,CONSUMED,True,True,0,ms (log table),Chan006CompRel001
1,781,0x030D,ECHO,CONSUMED,True,True,0,UNDECLARED,Chan006CompMake001
1,782,0x030E,ECHO,CONSUMED,True,True,0,UNDECLARED,Chan006CompKnee001
1,783,0x030F,ECHO,CONSUMED,True,True,0,percent 0-100,Chan006CompPar001
1,784,0x0310,ECHO,INERT,True,True,0,UNDECLARED,Chan006CompType001
1,785,0x0311,ECHO,INERT,True,True,0,UNDECLARED,Chan006CompKey001
1,786,0x0312,ECHO,INERT,True,True,0,UNDECLARED,Chan006CompDetSrc001
1,787,0x0313,ECHO,INERT,True,True,0,UNDECLARED,Chan006CompLimMode001
1,788,0x0314,ECHO,INERT,True,True,0,UNDECLARED,Chan006CompEqPos001
1,789,0x0315,ECHO,INERT,True,True,0,UNDECLARED,Chan006CompFilterOn001
1,790,0x0316,ECHO,INERT,True,True,0,UNDECLARED,Chan006CompFilterHpf001 Chan006CompFilterLpf001 Chan006CompFilterQ001
1,791,0x0317,ECHO,INERT,True,True,0,UNDECLARED,
1,792,0x0318,ECHO,INERT,True,True,0,UNDECLARED,
1,793,0x0319,ECHO,INERT,True,True,0,UNDECLARED,
1,794,0x031A,ECHO,INERT,True,True,0,UNDECLARED,
1,795,0x031B,ECHO,INERT,True,True,0,UNDECLARED,
1,796,0x031C,ECHO,CONSUMED,True,True,0,UNDECLARED,Chan006TubeOn001
1,797,0x031D,ECHO,CONSUMED,True,True,0,UNDECLARED,Chan006TubeSat001
1,798,0x031E,ECHO,CONSUMED,True,True,0,ms,Chan006Delay001
1,799,0x031F,ECHO,CONSUMED,True,True,0,UNDECLARED,
1,800,0x0320,ECHO,CONSUMED,True,True,0,UNDECLARED,Chan006RtgLevel001
1,801,0x0321,ECHO,CONSUMED,True,True,0,UNDECLARED,Chan006RtgPan001
1,802,0x0322,ECHO,CONSUMED,True,True,0,bool 0/1,Chan006RtgMute001
1,803,0x0323,ECHO,CONSUMED,True,True,0,UNDECLARED,Chan006RtgDca001
1,804,0x0324,ECHO,CONSUMED,True,True,0,UNDECLARED,Chan006RtgMainOn001
1,805,0x0325,ECHO,CONSUMED,True,True,0,UNDECLARED,Chan006RtgCtrOn001
1,806,0x0326,ECHO,CONSUMED,True,True,0,UNDECLARED,Chan006RtgGrpOn001
1,807,0x0327,ECHO,CONSUMED,True,True,0,UNDECLARED,Chan006RtgGrpOn002
1,808,0x0328,ECHO,CONSUMED,True,True,0,UNDECLARED,Chan006RtgGrpOn003
1,809,0x0329,ECHO,CONSUMED,True,True,0,UNDECLARED,Chan006RtgGrpOn004
1,810,0x032A,ECHO,CONSUMED,True,True,0,UNDECLARED,Chan006RtgAuxOn001
1,811,0x032B,ECHO,CONSUMED,True,True,0,UNDECLARED,Chan006RtgAuxOn002
1,812,0x032C,ECHO,CONSUMED,True,True,0,UNDECLARED,Chan006RtgAuxOn003
1,813,0x032D,ECHO,CONSUMED,True,True,0,UNDECLARED,Chan006RtgAuxOn004
1,814,0x032E,ECHO,CONSUMED,True,True,0,UNDECLARED,Chan006RtgAuxOn005
1,815,0x032F,ECHO,CONSUMED,True,True,0,UNDECLARED,Chan006RtgAuxOn006
1,816,0x0330,ECHO,CONSUMED,True,True,0,UNDECLARED,Chan006RtgAuxOn007
1,817,0x0331,ECHO,CONSUMED,True,True,0,UNDECLARED,Chan006RtgAuxOn008
1,818,0x0332,ECHO,CONSUMED,True,True,0,UNDECLARED,Chan006RtgAuxOn009
1,819,0x0333,ECHO,CONSUMED,True,True,0,UNDECLARED,Chan006RtgAuxOn010
1,820,0x0334,ECHO,CONSUMED,True,True,0,UNDECLARED,Chan006RtgAuxOn011
1,821,0x0335,ECHO,CONSUMED,True,True,0,UNDECLARED,Chan006RtgAuxOn012
1,822,0x0336,ECHO,CONSUMED,True,True,0,UNDECLARED,Chan006RtgAuxSend001
1,823,0x0337,ECHO,CONSUMED,True,True,0,UNDECLARED,Chan006RtgAuxSend002
1,824,0x0338,ECHO,CONSUMED,True,True,0,UNDECLARED,Chan006RtgAuxSend003
1,825,0x0339,ECHO,CONSUMED,True,True,0,UNDECLARED,Chan006RtgAuxSend004
1,826,0x033A,ECHO,CONSUMED,True,True,0,UNDECLARED,Chan006RtgAuxSend005
1,827,0x033B,ECHO,CONSUMED,True,True,0,UNDECLARED,Chan006RtgAuxSend006
1,828,0x033C,ECHO,CONSUMED,True,True,0,UNDECLARED,Chan006RtgAuxSend007
1,829,0x033D,ECHO,CONSUMED,True,True,0,UNDECLARED,Chan006RtgAuxSend008
1,830,0x033E,ECHO,CONSUMED,True,True,0,UNDECLARED,Chan006RtgAuxSend009
1,831,0x033F,ECHO,CONSUMED,True,True,0,UNDECLARED,Chan006RtgAuxSend010
1,832,0x0340,ECHO,CONSUMED,True,True,0,UNDECLARED,Chan006RtgAuxSend011
1,833,0x0341,ECHO,CONSUMED,True,True,0,UNDECLARED,Chan006RtgAuxSend012
1,834,0x0342,ECHO,CONSUMED,True,True,0,UNDECLARED,Chan006RtgAuxPick001
1,835,0x0343,ECHO,CONSUMED,True,True,0,UNDECLARED,Chan006RtgAuxPick002
1,836,0x0344,ECHO,CONSUMED,True,True,0,UNDECLARED,Chan006RtgAuxPick003
1,837,0x0345,ECHO,CONSUMED,True,True,0,UNDECLARED,Chan006RtgAuxPick004
1,838,0x0346,ECHO,CONSUMED,True,True,0,UNDECLARED,Chan006RtgAuxPick005
1,839,0x0347,ECHO,CONSUMED,True,True,0,UNDECLARED,Chan006RtgAuxPick006
1,840,0x0348,ECHO,CONSUMED,True,True,0,UNDECLARED,Chan006RtgAuxPick007
1,841,0x0349,ECHO,CONSUMED,True,True,0,UNDECLARED,Chan006RtgAuxPick008
1,842,0x034A,ECHO,CONSUMED,True,True,0,UNDECLARED,Chan006RtgAuxPick009
1,843,0x034B,ECHO,CONSUMED,True,True,0,UNDECLARED,Chan006RtgAuxPick010
1,844,0x034C,ECHO,CONSUMED,True,True,0,UNDECLARED,Chan006RtgAuxPick011
1,845,0x034D,ECHO,CONSUMED,True,True,0,UNDECLARED,Chan006RtgAuxPick012
1,846,0x034E,ECHO,CONSUMED,True,True,0,UNDECLARED,Chan006RtgFx001
1,847,0x034F,ECHO,CONSUMED,True,True,0,UNDECLARED,Chan006RtgFx002
1,848,0x0350,ECHO,CONSUMED,True,True,0,UNDECLARED,Chan006RtgFx003
1,849,0x0351,ECHO,CONSUMED,True,True,0,UNDECLARED,Chan006RtgFx004
1,850,0x0352,ECHO,CONSUMED,True,True,0,UNDECLARED,Chan006RtgFx005
1,851,0x0353,ECHO,CONSUMED,True,True,0,UNDECLARED,Chan006RtgFx006
1,852,0x0354,ECHO,CONSUMED,True,True,0,UNDECLARED,Chan006RtgFxSend001
1,853,0x0355,ECHO,CONSUMED,True,True,0,UNDECLARED,Chan006RtgFxSend002
1,854,0x0356,ECHO,CONSUMED,True,True,0,UNDECLARED,Chan006RtgFxSend003
1,855,0x0357,ECHO,CONSUMED,True,True,0,UNDECLARED,Chan006RtgFxSend004
1,856,0x0358,ECHO,CONSUMED,True,True,0,UNDECLARED,Chan006RtgFxSend005
1,857,0x0359,ECHO,CONSUMED,True,True,0,UNDECLARED,Chan006RtgFxSend006
1,858,0x035A,ECHO,CONSUMED,True,True,0,UNDECLARED,Chan006RtgFxPick001
1,859,0x035B,ECHO,CONSUMED,True,True,0,UNDECLARED,Chan006RtgFxPick002
1,860,0x035C,ECHO,CONSUMED,True,True,0,UNDECLARED,Chan006RtgFxPick003
1,861,0x035D,ECHO,CONSUMED,True,True,0,UNDECLARED,Chan006RtgFxPick004
1,862,0x035E,ECHO,CONSUMED,True,True,0,UNDECLARED,Chan006RtgFxPick005
1,863,0x035F,ECHO,CONSUMED,True,True,0,UNDECLARED,Chan006RtgFxPick006
1,864,0x0360,ECHO,CONSUMED,True,True,0,UNDECLARED,Chan007Gain001
1,865,0x0361,ECHO,CONSUMED,True,True,0,bool 0/1,Chan007Pol001
1,866,0x0362,UNMAPPED,UNMAPPED,False,False,3,UNDECLARED,Chan007Phantom001
1,867,0x0363,UNMAPPED,UNMAPPED,False,False,3,UNDECLARED,Chan007InputSel001
1,868,0x0364,ECHO,CONSUMED,True,True,0,UNDECLARED,Chan007EqHpf001 Chan007EqHpfSlope001
1,869,0x0365,ECHO,CONSUMED,True,True,0,UNDECLARED,
1,870,0x0366,ECHO,CONSUMED,True,True,0,UNDECLARED,
1,871,0x0367,ECHO,CONSUMED,True,True,0,UNDECLARED,
1,872,0x0368,ECHO,CONSUMED,True,True,0,UNDECLARED,
1,873,0x0369,CLEARED,CONSUMED,True,True,0,UNDECLARED,
1,874,0x036A,ECHO,CONSUMED,True,True,0,UNDECLARED,Chan007EqLpf001
1,875,0x036B,ECHO,CONSUMED,True,True,0,UNDECLARED,
1,876,0x036C,ECHO,CONSUMED,True,True,0,UNDECLARED,
1,877,0x036D,ECHO,CONSUMED,True,True,0,UNDECLARED,
1,878,0x036E,ECHO,CONSUMED,True,True,0,UNDECLARED,
1,879,0x036F,CLEARED,CONSUMED,True,True,0,UNDECLARED,
1,880,0x0370,ECHO,CONSUMED,True,True,0,UNDECLARED,Chan007EqFreq001 Chan007EqGain001 Chan007EqQ001 Chan007EqShelf001
1,881,0x0371,ECHO,CONSUMED,True,True,0,UNDECLARED,
1,882,0x0372,ECHO,CONSUMED,True,True,0,UNDECLARED,
1,883,0x0373,ECHO,CONSUMED,True,True,0,UNDECLARED,
1,884,0x0374,ECHO,CONSUMED,True,True,0,UNDECLARED,
1,885,0x0375,ECHO,CONSUMED,True,True,0,UNDECLARED,Chan007EqFreq002 Chan007EqGain002 Chan007EqQ002
1,886,0x0376,ECHO,CONSUMED,True,True,0,UNDECLARED,
1,887,0x0377,ECHO,CONSUMED,True,True,0,UNDECLARED,
1,888,0x0378,ECHO,CONSUMED,True,True,0,UNDECLARED,
1,889,0x0379,ECHO,CONSUMED,True,True,0,UNDECLARED,
1,890,0x037A,ECHO,CONSUMED,True,True,0,UNDECLARED,Chan007EqFreq003 Chan007EqGain003 Chan007EqQ003
1,891,0x037B,ECHO,CONSUMED,True,True,0,UNDECLARED,
1,892,0x037C,ECHO,CONSUMED,True,True,0,UNDECLARED,
1,893,0x037D,ECHO,CONSUMED,True,True,0,UNDECLARED,
1,894,0x037E,ECHO,CONSUMED,True,True,0,UNDECLARED,
1,895,0x037F,ECHO,CONSUMED,True,True,0,UNDECLARED,Chan007EqFreq004 Chan007EqGain004 Chan007EqQ004 Chan007EqShelf002
1,896,0x0380,ECHO,CONSUMED,True,True,0,UNDECLARED,
1,897,0x0381,ECHO,CONSUMED,True,True,0,UNDECLARED,
1,898,0x0382,ECHO,CONSUMED,True,True,0,UNDECLARED,
1,899,0x0383,ECHO,CONSUMED,True,True,0,UNDECLARED,
1,900,0x0384,CLEARED,CONSUMED,True,True,0,UNDECLARED,
1,901,0x0385,UNMAPPED,UNMAPPED,False,False,4,UNDECLARED,Chan007EqOn001
1,902,0x0386,UNMAPPED,UNMAPPED,False,False,4,UNDECLARED,
1,903,0x0387,UNMAPPED,UNMAPPED,False,False,4,UNDECLARED,
1,904,0x0388,ECHO,CONSUMED,True,True,0,UNDECLARED,Chan007GateOn001
1,905,0x0389,ECHO,CONSUMED,True,True,0,UNDECLARED,Chan007GateThr001
1,906,0x038A,ECHO,CONSUMED,True,True,0,ms (log table),Chan007GateAtt001
1,907,0x038B,ECHO,CONSUMED,True,True,0,ms,Chan007GateHold001
1,908,0x038C,ECHO,CONSUMED,True,True,0,ms (log table),Chan007GateRel001
1,909,0x038D,ECHO,CONSUMED,True,True,0,dB,Chan007GateRng001
1,910,0x038E,ECHO,INERT,True,True,0,UNDECLARED,Chan007GateKey001
1,911,0x038F,ECHO,INERT,True,True,0,UNDECLARED,Chan007GateDetSrc001
1,912,0x0390,ECHO,CONSUMED,True,True,0,UNDECLARED,Chan007GateFilterOn001
1,913,0x0391,ECHO,CONSUMED,True,True,0,UNDECLARED,Chan007GateFilterHpf001 Chan007GateFilterQ001
1,914,0x0392,ECHO,CONSUMED,True,True,0,UNDECLARED,
1,915,0x0393,ECHO,CONSUMED,True,True,0,UNDECLARED,
1,916,0x0394,ECHO,CONSUMED,True,True,0,UNDECLARED,
1,917,0x0395,ECHO,CONSUMED,True,True,0,UNDECLARED,
1,918,0x0396,ECHO,CONSUMED,True,True,0,UNDECLARED,Chan007GateFilterLpf001
1,919,0x0397,ECHO,CONSUMED,True,True,0,UNDECLARED,
1,920,0x0398,ECHO,CONSUMED,True,True,0,UNDECLARED,Chan007CompOn001
1,921,0x0399,ECHO,CONSUMED,True,True,0,UNDECLARED,Chan007CompThr001
1,922,0x039A,ECHO,CONSUMED,True,True,0,UNDECLARED,Chan007CompRat001
1,923,0x039B,ECHO,CONSUMED,True,True,0,ms (log table),Chan007CompAtt001
1,924,0x039C,ECHO,CONSUMED,True,True,0,ms (log table),Chan007CompRel001
1,925,0x039D,ECHO,CONSUMED,True,True,0,UNDECLARED,Chan007CompMake001
1,926,0x039E,ECHO,CONSUMED,True,True,0,UNDECLARED,Chan007CompKnee001
1,927,0x039F,ECHO,CONSUMED,True,True,0,percent 0-100,Chan007CompPar001
1,928,0x03A0,ECHO,INERT,True,True,0,UNDECLARED,Chan007CompType001
1,929,0x03A1,ECHO,INERT,True,True,0,UNDECLARED,Chan007CompKey001
1,930,0x03A2,ECHO,INERT,True,True,0,UNDECLARED,Chan007CompDetSrc001
1,931,0x03A3,ECHO,INERT,True,True,0,UNDECLARED,Chan007CompLimMode001
1,932,0x03A4,ECHO,INERT,True,True,0,UNDECLARED,Chan007CompEqPos001
1,933,0x03A5,ECHO,INERT,True,True,0,UNDECLARED,Chan007CompFilterOn001
1,934,0x03A6,ECHO,INERT,True,True,0,UNDECLARED,Chan007CompFilterHpf001 Chan007CompFilterLpf001 Chan007CompFilterQ001
1,935,0x03A7,ECHO,INERT,True,True,0,UNDECLARED,
1,936,0x03A8,ECHO,INERT,True,True,0,UNDECLARED,
1,937,0x03A9,ECHO,INERT,True,True,0,UNDECLARED,
1,938,0x03AA,ECHO,INERT,True,True,0,UNDECLARED,
1,939,0x03AB,ECHO,INERT,True,True,0,UNDECLARED,
1,940,0x03AC,ECHO,CONSUMED,True,True,0,UNDECLARED,Chan007TubeOn001
1,941,0x03AD,ECHO,CONSUMED,True,True,0,UNDECLARED,Chan007TubeSat001
1,942,0x03AE,ECHO,CONSUMED,True,True,0,ms,Chan007Delay001
1,943,0x03AF,ECHO,CONSUMED,True,True,0,UNDECLARED,
1,944,0x03B0,ECHO,CONSUMED,True,True,0,UNDECLARED,Chan007RtgLevel001
1,945,0x03B1,ECHO,CONSUMED,True,True,0,UNDECLARED,Chan007RtgPan001
1,946,0x03B2,ECHO,CONSUMED,True,True,0,bool 0/1,Chan007RtgMute001
1,947,0x03B3,ECHO,CONSUMED,True,True,0,UNDECLARED,Chan007RtgDca001
1,948,0x03B4,ECHO,CONSUMED,True,True,0,UNDECLARED,Chan007RtgMainOn001
1,949,0x03B5,ECHO,CONSUMED,True,True,0,UNDECLARED,Chan007RtgCtrOn001
1,950,0x03B6,ECHO,CONSUMED,True,True,0,UNDECLARED,Chan007RtgGrpOn001
1,951,0x03B7,ECHO,CONSUMED,True,True,0,UNDECLARED,Chan007RtgGrpOn002
1,952,0x03B8,ECHO,CONSUMED,True,True,0,UNDECLARED,Chan007RtgGrpOn003
1,953,0x03B9,ECHO,CONSUMED,True,True,0,UNDECLARED,Chan007RtgGrpOn004
1,954,0x03BA,ECHO,CONSUMED,True,True,0,UNDECLARED,Chan007RtgAuxOn001
1,955,0x03BB,ECHO,CONSUMED,True,True,0,UNDECLARED,Chan007RtgAuxOn002
1,956,0x03BC,ECHO,CONSUMED,True,True,0,UNDECLARED,Chan007RtgAuxOn003
1,957,0x03BD,ECHO,CONSUMED,True,True,0,UNDECLARED,Chan007RtgAuxOn004
1,958,0x03BE,ECHO,CONSUMED,True,True,0,UNDECLARED,Chan007RtgAuxOn005
1,959,0x03BF,ECHO,CONSUMED,True,True,0,UNDECLARED,Chan007RtgAuxOn006
1,960,0x03C0,ECHO,CONSUMED,True,True,0,UNDECLARED,Chan007RtgAuxOn007
1,961,0x03C1,ECHO,CONSUMED,True,True,0,UNDECLARED,Chan007RtgAuxOn008
1,962,0x03C2,ECHO,CONSUMED,True,True,0,UNDECLARED,Chan007RtgAuxOn009
1,963,0x03C3,ECHO,CONSUMED,True,True,0,UNDECLARED,Chan007RtgAuxOn010
1,964,0x03C4,ECHO,CONSUMED,True,True,0,UNDECLARED,Chan007RtgAuxOn011
1,965,0x03C5,ECHO,CONSUMED,True,True,0,UNDECLARED,Chan007RtgAuxOn012
1,966,0x03C6,ECHO,CONSUMED,True,True,0,UNDECLARED,Chan007RtgAuxSend001
1,967,0x03C7,ECHO,CONSUMED,True,True,0,UNDECLARED,Chan007RtgAuxSend002
1,968,0x03C8,ECHO,CONSUMED,True,True,0,UNDECLARED,Chan007RtgAuxSend003
1,969,0x03C9,ECHO,CONSUMED,True,True,0,UNDECLARED,Chan007RtgAuxSend004
1,970,0x03CA,ECHO,CONSUMED,True,True,0,UNDECLARED,Chan007RtgAuxSend005
1,971,0x03CB,ECHO,CONSUMED,True,True,0,UNDECLARED,Chan007RtgAuxSend006
1,972,0x03CC,ECHO,CONSUMED,True,True,0,UNDECLARED,Chan007RtgAuxSend007
1,973,0x03CD,ECHO,CONSUMED,True,True,0,UNDECLARED,Chan007RtgAuxSend008
1,974,0x03CE,ECHO,CONSUMED,True,True,0,UNDECLARED,Chan007RtgAuxSend009
1,975,0x03CF,ECHO,CONSUMED,True,True,0,UNDECLARED,Chan007RtgAuxSend010
1,976,0x03D0,ECHO,CONSUMED,True,True,0,UNDECLARED,Chan007RtgAuxSend011
1,977,0x03D1,ECHO,CONSUMED,True,True,0,UNDECLARED,Chan007RtgAuxSend012
1,978,0x03D2,ECHO,CONSUMED,True,True,0,UNDECLARED,Chan007RtgAuxPick001
1,979,0x03D3,ECHO,CONSUMED,True,True,0,UNDECLARED,Chan007RtgAuxPick002
1,980,0x03D4,ECHO,CONSUMED,True,True,0,UNDECLARED,Chan007RtgAuxPick003
1,981,0x03D5,ECHO,CONSUMED,True,True,0,UNDECLARED,Chan007RtgAuxPick004
1,982,0x03D6,ECHO,CONSUMED,True,True,0,UNDECLARED,Chan007RtgAuxPick005
1,983,0x03D7,ECHO,CONSUMED,True,True,0,UNDECLARED,Chan007RtgAuxPick006
1,984,0x03D8,ECHO,CONSUMED,True,True,0,UNDECLARED,Chan007RtgAuxPick007
1,985,0x03D9,ECHO,CONSUMED,True,True,0,UNDECLARED,Chan007RtgAuxPick008
1,986,0x03DA,ECHO,CONSUMED,True,True,0,UNDECLARED,Chan007RtgAuxPick009
1,987,0x03DB,ECHO,CONSUMED,True,True,0,UNDECLARED,Chan007RtgAuxPick010
1,988,0x03DC,ECHO,CONSUMED,True,True,0,UNDECLARED,Chan007RtgAuxPick011
1,989,0x03DD,ECHO,CONSUMED,True,True,0,UNDECLARED,Chan007RtgAuxPick012
1,990,0x03DE,ECHO,CONSUMED,True,True,0,UNDECLARED,Chan007RtgFx001
1,991,0x03DF,ECHO,CONSUMED,True,True,0,UNDECLARED,Chan007RtgFx002
1,992,0x03E0,ECHO,CONSUMED,True,True,0,UNDECLARED,Chan007RtgFx003
1,993,0x03E1,ECHO,CONSUMED,True,True,0,UNDECLARED,Chan007RtgFx004
1,994,0x03E2,ECHO,CONSUMED,True,True,0,UNDECLARED,Chan007RtgFx005
1,995,0x03E3,ECHO,CONSUMED,True,True,0,UNDECLARED,Chan007RtgFx006
1,996,0x03E4,ECHO,CONSUMED,True,True,0,UNDECLARED,Chan007RtgFxSend001
1,997,0x03E5,ECHO,CONSUMED,True,True,0,UNDECLARED,Chan007RtgFxSend002
1,998,0x03E6,ECHO,CONSUMED,True,True,0,UNDECLARED,Chan007RtgFxSend003
1,999,0x03E7,ECHO,CONSUMED,True,True,0,UNDECLARED,Chan007RtgFxSend004
1,1000,0x03E8,ECHO,CONSUMED,True,True,0,UNDECLARED,Chan007RtgFxSend005
1,1001,0x03E9,ECHO,CONSUMED,True,True,0,UNDECLARED,Chan007RtgFxSend006
1,1002,0x03EA,ECHO,CONSUMED,True,True,0,UNDECLARED,Chan007RtgFxPick001
1,1003,0x03EB,ECHO,CONSUMED,True,True,0,UNDECLARED,Chan007RtgFxPick002
1,1004,0x03EC,ECHO,CONSUMED,True,True,0,UNDECLARED,Chan007RtgFxPick003
1,1005,0x03ED,ECHO,CONSUMED,True,True,0,UNDECLARED,Chan007RtgFxPick004
1,1006,0x03EE,ECHO,CONSUMED,True,True,0,UNDECLARED,Chan007RtgFxPick005
1,1007,0x03EF,ECHO,CONSUMED,True,True,0,UNDECLARED,Chan007RtgFxPick006
1,1008,0x03F0,ECHO,CONSUMED,True,True,0,UNDECLARED,Chan008Gain001
1,1009,0x03F1,ECHO,CONSUMED,True,True,0,bool 0/1,Chan008Pol001
1,1010,0x03F2,UNMAPPED,UNMAPPED,False,False,3,UNDECLARED,Chan008Phantom001
1,1011,0x03F3,UNMAPPED,UNMAPPED,False,False,3,UNDECLARED,Chan008InputSel001
1,1012,0x03F4,ECHO,CONSUMED,True,True,0,UNDECLARED,Chan008EqHpf001 Chan008EqHpfSlope001
1,1013,0x03F5,ECHO,CONSUMED,True,True,0,UNDECLARED,
1,1014,0x03F6,ECHO,CONSUMED,True,True,0,UNDECLARED,
1,1015,0x03F7,ECHO,CONSUMED,True,True,0,UNDECLARED,
1,1016,0x03F8,ECHO,CONSUMED,True,True,0,UNDECLARED,
1,1017,0x03F9,CLEARED,CONSUMED,True,True,0,UNDECLARED,
1,1018,0x03FA,ECHO,CONSUMED,True,True,0,UNDECLARED,Chan008EqLpf001
1,1019,0x03FB,ECHO,CONSUMED,True,True,0,UNDECLARED,
1,1020,0x03FC,ECHO,CONSUMED,True,True,0,UNDECLARED,
1,1021,0x03FD,ECHO,CONSUMED,True,True,0,UNDECLARED,
1,1022,0x03FE,ECHO,CONSUMED,True,True,0,UNDECLARED,
1,1023,0x03FF,CLEARED,CONSUMED,True,True,0,UNDECLARED,
1,1024,0x0400,ECHO,CONSUMED,True,True,0,UNDECLARED,Chan008EqFreq001 Chan008EqGain001 Chan008EqQ001 Chan008EqShelf001
1,1025,0x0401,ECHO,CONSUMED,True,True,0,UNDECLARED,
1,1026,0x0402,ECHO,CONSUMED,True,True,0,UNDECLARED,
1,1027,0x0403,ECHO,CONSUMED,True,True,0,UNDECLARED,
1,1028,0x0404,ECHO,CONSUMED,True,True,0,UNDECLARED,
1,1029,0x0405,ECHO,CONSUMED,True,True,0,UNDECLARED,Chan008EqFreq002 Chan008EqGain002 Chan008EqQ002
1,1030,0x0406,ECHO,CONSUMED,True,True,0,UNDECLARED,
1,1031,0x0407,ECHO,CONSUMED,True,True,0,UNDECLARED,
1,1032,0x0408,ECHO,CONSUMED,True,True,0,UNDECLARED,
1,1033,0x0409,ECHO,CONSUMED,True,True,0,UNDECLARED,
1,1034,0x040A,ECHO,CONSUMED,True,True,0,UNDECLARED,Chan008EqFreq003 Chan008EqGain003 Chan008EqQ003
1,1035,0x040B,ECHO,CONSUMED,True,True,0,UNDECLARED,
1,1036,0x040C,ECHO,CONSUMED,True,True,0,UNDECLARED,
1,1037,0x040D,ECHO,CONSUMED,True,True,0,UNDECLARED,
1,1038,0x040E,ECHO,CONSUMED,True,True,0,UNDECLARED,
1,1039,0x040F,ECHO,CONSUMED,True,True,0,UNDECLARED,Chan008EqFreq004 Chan008EqGain004 Chan008EqQ004 Chan008EqShelf002
1,1040,0x0410,ECHO,CONSUMED,True,True,0,UNDECLARED,
1,1041,0x0411,ECHO,CONSUMED,True,True,0,UNDECLARED,
1,1042,0x0412,ECHO,CONSUMED,True,True,0,UNDECLARED,
1,1043,0x0413,ECHO,CONSUMED,True,True,0,UNDECLARED,
1,1044,0x0414,CLEARED,CONSUMED,True,True,0,UNDECLARED,
1,1045,0x0415,UNMAPPED,UNMAPPED,False,False,4,UNDECLARED,Chan008EqOn001
1,1046,0x0416,UNMAPPED,UNMAPPED,False,False,4,UNDECLARED,
1,1047,0x0417,UNMAPPED,UNMAPPED,False,False,4,UNDECLARED,
1,1048,0x0418,ECHO,CONSUMED,True,True,0,UNDECLARED,Chan008GateOn001
1,1049,0x0419,ECHO,CONSUMED,True,True,0,UNDECLARED,Chan008GateThr001
1,1050,0x041A,ECHO,CONSUMED,True,True,0,ms (log table),Chan008GateAtt001
1,1051,0x041B,ECHO,CONSUMED,True,True,0,ms,Chan008GateHold001
1,1052,0x041C,ECHO,CONSUMED,True,True,0,ms (log table),Chan008GateRel001
1,1053,0x041D,ECHO,CONSUMED,True,True,0,dB,Chan008GateRng001
1,1054,0x041E,ECHO,INERT,True,True,0,UNDECLARED,Chan008GateKey001
1,1055,0x041F,ECHO,INERT,True,True,0,UNDECLARED,Chan008GateDetSrc001
1,1056,0x0420,ECHO,CONSUMED,True,True,0,UNDECLARED,Chan008GateFilterOn001
1,1057,0x0421,ECHO,CONSUMED,True,True,0,UNDECLARED,Chan008GateFilterHpf001 Chan008GateFilterQ001
1,1058,0x0422,ECHO,CONSUMED,True,True,0,UNDECLARED,
1,1059,0x0423,ECHO,CONSUMED,True,True,0,UNDECLARED,
1,1060,0x0424,ECHO,CONSUMED,True,True,0,UNDECLARED,
1,1061,0x0425,ECHO,CONSUMED,True,True,0,UNDECLARED,
1,1062,0x0426,ECHO,CONSUMED,True,True,0,UNDECLARED,Chan008GateFilterLpf001
1,1063,0x0427,ECHO,CONSUMED,True,True,0,UNDECLARED,
1,1064,0x0428,ECHO,CONSUMED,True,True,0,UNDECLARED,Chan008CompOn001
1,1065,0x0429,ECHO,CONSUMED,True,True,0,UNDECLARED,Chan008CompThr001
1,1066,0x042A,ECHO,CONSUMED,True,True,0,UNDECLARED,Chan008CompRat001
1,1067,0x042B,ECHO,CONSUMED,True,True,0,ms (log table),Chan008CompAtt001
1,1068,0x042C,ECHO,CONSUMED,True,True,0,ms (log table),Chan008CompRel001
1,1069,0x042D,ECHO,CONSUMED,True,True,0,UNDECLARED,Chan008CompMake001
1,1070,0x042E,ECHO,CONSUMED,True,True,0,UNDECLARED,Chan008CompKnee001
1,1071,0x042F,ECHO,CONSUMED,True,True,0,percent 0-100,Chan008CompPar001
1,1072,0x0430,ECHO,INERT,True,True,0,UNDECLARED,Chan008CompType001
1,1073,0x0431,ECHO,INERT,True,True,0,UNDECLARED,Chan008CompKey001
1,1074,0x0432,ECHO,INERT,True,True,0,UNDECLARED,Chan008CompDetSrc001
1,1075,0x0433,ECHO,INERT,True,True,0,UNDECLARED,Chan008CompLimMode001
1,1076,0x0434,ECHO,INERT,True,True,0,UNDECLARED,Chan008CompEqPos001
1,1077,0x0435,ECHO,INERT,True,True,0,UNDECLARED,Chan008CompFilterOn001
1,1078,0x0436,ECHO,INERT,True,True,0,UNDECLARED,Chan008CompFilterHpf001 Chan008CompFilterLpf001 Chan008CompFilterQ001
1,1079,0x0437,ECHO,INERT,True,True,0,UNDECLARED,
1,1080,0x0438,ECHO,INERT,True,True,0,UNDECLARED,
1,1081,0x0439,ECHO,INERT,True,True,0,UNDECLARED,
1,1082,0x043A,ECHO,INERT,True,True,0,UNDECLARED,
1,1083,0x043B,ECHO,INERT,True,True,0,UNDECLARED,
1,1084,0x043C,ECHO,CONSUMED,True,True,0,UNDECLARED,Chan008TubeOn001
1,1085,0x043D,ECHO,CONSUMED,True,True,0,UNDECLARED,Chan008TubeSat001
1,1086,0x043E,ECHO,CONSUMED,True,True,0,ms,Chan008Delay001
1,1087,0x043F,ECHO,CONSUMED,True,True,0,UNDECLARED,
1,1088,0x0440,ECHO,CONSUMED,True,True,0,UNDECLARED,Chan008RtgLevel001
1,1089,0x0441,ECHO,CONSUMED,True,True,0,UNDECLARED,Chan008RtgPan001
1,1090,0x0442,ECHO,CONSUMED,True,True,0,bool 0/1,Chan008RtgMute001
1,1091,0x0443,ECHO,CONSUMED,True,True,0,UNDECLARED,Chan008RtgDca001
1,1092,0x0444,ECHO,CONSUMED,True,True,0,UNDECLARED,Chan008RtgMainOn001
1,1093,0x0445,ECHO,CONSUMED,True,True,0,UNDECLARED,Chan008RtgCtrOn001
1,1094,0x0446,ECHO,CONSUMED,True,True,0,UNDECLARED,Chan008RtgGrpOn001
1,1095,0x0447,ECHO,CONSUMED,True,True,0,UNDECLARED,Chan008RtgGrpOn002
1,1096,0x0448,ECHO,CONSUMED,True,True,0,UNDECLARED,Chan008RtgGrpOn003
1,1097,0x0449,ECHO,CONSUMED,True,True,0,UNDECLARED,Chan008RtgGrpOn004
1,1098,0x044A,ECHO,CONSUMED,True,True,0,UNDECLARED,Chan008RtgAuxOn001
1,1099,0x044B,ECHO,CONSUMED,True,True,0,UNDECLARED,Chan008RtgAuxOn002
1,1100,0x044C,ECHO,CONSUMED,True,True,0,UNDECLARED,Chan008RtgAuxOn003
1,1101,0x044D,ECHO,CONSUMED,True,True,0,UNDECLARED,Chan008RtgAuxOn004
1,1102,0x044E,ECHO,CONSUMED,True,True,0,UNDECLARED,Chan008RtgAuxOn005
1,1103,0x044F,ECHO,CONSUMED,True,True,0,UNDECLARED,Chan008RtgAuxOn006
1,1104,0x0450,ECHO,CONSUMED,True,True,0,UNDECLARED,Chan008RtgAuxOn007
1,1105,0x0451,ECHO,CONSUMED,True,True,0,UNDECLARED,Chan008RtgAuxOn008
1,1106,0x0452,ECHO,CONSUMED,True,True,0,UNDECLARED,Chan008RtgAuxOn009
1,1107,0x0453,ECHO,CONSUMED,True,True,0,UNDECLARED,Chan008RtgAuxOn010
1,1108,0x0454,ECHO,CONSUMED,True,True,0,UNDECLARED,Chan008RtgAuxOn011
1,1109,0x0455,ECHO,CONSUMED,True,True,0,UNDECLARED,Chan008RtgAuxOn012
1,1110,0x0456,ECHO,CONSUMED,True,True,0,UNDECLARED,Chan008RtgAuxSend001
1,1111,0x0457,ECHO,CONSUMED,True,True,0,UNDECLARED,Chan008RtgAuxSend002
1,1112,0x0458,ECHO,CONSUMED,True,True,0,UNDECLARED,Chan008RtgAuxSend003
1,1113,0x0459,ECHO,CONSUMED,True,True,0,UNDECLARED,Chan008RtgAuxSend004
1,1114,0x045A,ECHO,CONSUMED,True,True,0,UNDECLARED,Chan008RtgAuxSend005
1,1115,0x045B,ECHO,CONSUMED,True,True,0,UNDECLARED,Chan008RtgAuxSend006
1,1116,0x045C,ECHO,CONSUMED,True,True,0,UNDECLARED,Chan008RtgAuxSend007
1,1117,0x045D,ECHO,CONSUMED,True,True,0,UNDECLARED,Chan008RtgAuxSend008
1,1118,0x045E,ECHO,CONSUMED,True,True,0,UNDECLARED,Chan008RtgAuxSend009
1,1119,0x045F,ECHO,CONSUMED,True,True,0,UNDECLARED,Chan008RtgAuxSend010
1,1120,0x0460,ECHO,CONSUMED,True,True,0,UNDECLARED,Chan008RtgAuxSend011
1,1121,0x0461,ECHO,CONSUMED,True,True,0,UNDECLARED,Chan008RtgAuxSend012
1,1122,0x0462,ECHO,CONSUMED,True,True,0,UNDECLARED,Chan008RtgAuxPick001
1,1123,0x0463,ECHO,CONSUMED,True,True,0,UNDECLARED,Chan008RtgAuxPick002
1,1124,0x0464,ECHO,CONSUMED,True,True,0,UNDECLARED,Chan008RtgAuxPick003
1,1125,0x0465,ECHO,CONSUMED,True,True,0,UNDECLARED,Chan008RtgAuxPick004
1,1126,0x0466,ECHO,CONSUMED,True,True,0,UNDECLARED,Chan008RtgAuxPick005
1,1127,0x0467,ECHO,CONSUMED,True,True,0,UNDECLARED,Chan008RtgAuxPick006
1,1128,0x0468,ECHO,CONSUMED,True,True,0,UNDECLARED,Chan008RtgAuxPick007
1,1129,0x0469,ECHO,CONSUMED,True,True,0,UNDECLARED,Chan008RtgAuxPick008
1,1130,0x046A,ECHO,CONSUMED,True,True,0,UNDECLARED,Chan008RtgAuxPick009
1,1131,0x046B,ECHO,CONSUMED,True,True,0,UNDECLARED,Chan008RtgAuxPick010
1,1132,0x046C,ECHO,CONSUMED,True,True,0,UNDECLARED,Chan008RtgAuxPick011
1,1133,0x046D,ECHO,CONSUMED,True,True,0,UNDECLARED,Chan008RtgAuxPick012
1,1134,0x046E,ECHO,CONSUMED,True,True,0,UNDECLARED,Chan008RtgFx001
1,1135,0x046F,ECHO,CONSUMED,True,True,0,UNDECLARED,Chan008RtgFx002
1,1136,0x0470,ECHO,CONSUMED,True,True,0,UNDECLARED,Chan008RtgFx003
1,1137,0x0471,ECHO,CONSUMED,True,True,0,UNDECLARED,Chan008RtgFx004
1,1138,0x0472,ECHO,CONSUMED,True,True,0,UNDECLARED,Chan008RtgFx005
1,1139,0x0473,ECHO,CONSUMED,True,True,0,UNDECLARED,Chan008RtgFx006
1,1140,0x0474,ECHO,CONSUMED,True,True,0,UNDECLARED,Chan008RtgFxSend001
1,1141,0x0475,ECHO,CONSUMED,True,True,0,UNDECLARED,Chan008RtgFxSend002
1,1142,0x0476,ECHO,CONSUMED,True,True,0,UNDECLARED,Chan008RtgFxSend003
1,1143,0x0477,ECHO,CONSUMED,True,True,0,UNDECLARED,Chan008RtgFxSend004
1,1144,0x0478,ECHO,CONSUMED,True,True,0,UNDECLARED,Chan008RtgFxSend005
1,1145,0x0479,ECHO,CONSUMED,True,True,0,UNDECLARED,Chan008RtgFxSend006
1,1146,0x047A,ECHO,CONSUMED,True,True,0,UNDECLARED,Chan008RtgFxPick001
1,1147,0x047B,ECHO,CONSUMED,True,True,0,UNDECLARED,Chan008RtgFxPick002
1,1148,0x047C,ECHO,CONSUMED,True,True,0,UNDECLARED,Chan008RtgFxPick003
1,1149,0x047D,ECHO,CONSUMED,True,True,0,UNDECLARED,Chan008RtgFxPick004
1,1150,0x047E,ECHO,CONSUMED,True,True,0,UNDECLARED,Chan008RtgFxPick005
1,1151,0x047F,ECHO,CONSUMED,True,True,0,UNDECLARED,Chan008RtgFxPick006
1,1152,0x0480,ECHO,CONSUMED,True,True,0,UNDECLARED,Chan009Gain001
1,1153,0x0481,ECHO,CONSUMED,True,True,0,bool 0/1,Chan009Pol001
1,1154,0x0482,UNMAPPED,UNMAPPED,False,False,3,UNDECLARED,Chan009Phantom001
1,1155,0x0483,UNMAPPED,UNMAPPED,False,False,3,UNDECLARED,Chan009InputSel001
1,1156,0x0484,ECHO,CONSUMED,True,True,0,UNDECLARED,Chan009EqHpf001 Chan009EqHpfSlope001
1,1157,0x0485,ECHO,CONSUMED,True,True,0,UNDECLARED,
1,1158,0x0486,ECHO,CONSUMED,True,True,0,UNDECLARED,
1,1159,0x0487,ECHO,CONSUMED,True,True,0,UNDECLARED,
1,1160,0x0488,ECHO,CONSUMED,True,True,0,UNDECLARED,
1,1161,0x0489,CLEARED,CONSUMED,True,True,0,UNDECLARED,
1,1162,0x048A,ECHO,CONSUMED,True,True,0,UNDECLARED,Chan009EqLpf001
1,1163,0x048B,ECHO,CONSUMED,True,True,0,UNDECLARED,
1,1164,0x048C,ECHO,CONSUMED,True,True,0,UNDECLARED,
1,1165,0x048D,ECHO,CONSUMED,True,True,0,UNDECLARED,
1,1166,0x048E,ECHO,CONSUMED,True,True,0,UNDECLARED,
1,1167,0x048F,CLEARED,CONSUMED,True,True,0,UNDECLARED,
1,1168,0x0490,ECHO,CONSUMED,True,True,0,UNDECLARED,Chan009EqFreq001 Chan009EqGain001 Chan009EqQ001 Chan009EqShelf001
1,1169,0x0491,ECHO,CONSUMED,True,True,0,UNDECLARED,
1,1170,0x0492,ECHO,CONSUMED,True,True,0,UNDECLARED,
1,1171,0x0493,ECHO,CONSUMED,True,True,0,UNDECLARED,
1,1172,0x0494,ECHO,CONSUMED,True,True,0,UNDECLARED,
1,1173,0x0495,ECHO,CONSUMED,True,True,0,UNDECLARED,Chan009EqFreq002 Chan009EqGain002 Chan009EqQ002
1,1174,0x0496,ECHO,CONSUMED,True,True,0,UNDECLARED,
1,1175,0x0497,ECHO,CONSUMED,True,True,0,UNDECLARED,
1,1176,0x0498,ECHO,CONSUMED,True,True,0,UNDECLARED,
1,1177,0x0499,ECHO,CONSUMED,True,True,0,UNDECLARED,
1,1178,0x049A,ECHO,CONSUMED,True,True,0,UNDECLARED,Chan009EqFreq003 Chan009EqGain003 Chan009EqQ003
1,1179,0x049B,ECHO,CONSUMED,True,True,0,UNDECLARED,
1,1180,0x049C,ECHO,CONSUMED,True,True,0,UNDECLARED,
1,1181,0x049D,ECHO,CONSUMED,True,True,0,UNDECLARED,
1,1182,0x049E,ECHO,CONSUMED,True,True,0,UNDECLARED,
1,1183,0x049F,ECHO,CONSUMED,True,True,0,UNDECLARED,Chan009EqFreq004 Chan009EqGain004 Chan009EqQ004 Chan009EqShelf002
1,1184,0x04A0,ECHO,CONSUMED,True,True,0,UNDECLARED,
1,1185,0x04A1,ECHO,CONSUMED,True,True,0,UNDECLARED,
1,1186,0x04A2,ECHO,CONSUMED,True,True,0,UNDECLARED,
1,1187,0x04A3,ECHO,CONSUMED,True,True,0,UNDECLARED,
1,1188,0x04A4,CLEARED,CONSUMED,True,True,0,UNDECLARED,
1,1189,0x04A5,UNMAPPED,UNMAPPED,False,False,4,UNDECLARED,Chan009EqOn001
1,1190,0x04A6,UNMAPPED,UNMAPPED,False,False,4,UNDECLARED,
1,1191,0x04A7,UNMAPPED,UNMAPPED,False,False,4,UNDECLARED,
1,1192,0x04A8,ECHO,CONSUMED,True,True,0,UNDECLARED,Chan009GateOn001
1,1193,0x04A9,ECHO,CONSUMED,True,True,0,UNDECLARED,Chan009GateThr001
1,1194,0x04AA,ECHO,CONSUMED,True,True,0,ms (log table),Chan009GateAtt001
1,1195,0x04AB,ECHO,CONSUMED,True,True,0,ms,Chan009GateHold001
1,1196,0x04AC,ECHO,CONSUMED,True,True,0,ms (log table),Chan009GateRel001
1,1197,0x04AD,ECHO,CONSUMED,True,True,0,dB,Chan009GateRng001
1,1198,0x04AE,ECHO,INERT,True,True,0,UNDECLARED,Chan009GateKey001
1,1199,0x04AF,ECHO,INERT,True,True,0,UNDECLARED,Chan009GateDetSrc001
1,1200,0x04B0,ECHO,CONSUMED,True,True,0,UNDECLARED,Chan009GateFilterOn001
1,1201,0x04B1,ECHO,CONSUMED,True,True,0,UNDECLARED,Chan009GateFilterHpf001 Chan009GateFilterQ001
1,1202,0x04B2,ECHO,CONSUMED,True,True,0,UNDECLARED,
1,1203,0x04B3,ECHO,CONSUMED,True,True,0,UNDECLARED,
1,1204,0x04B4,ECHO,CONSUMED,True,True,0,UNDECLARED,
1,1205,0x04B5,ECHO,CONSUMED,True,True,0,UNDECLARED,
1,1206,0x04B6,ECHO,CONSUMED,True,True,0,UNDECLARED,Chan009GateFilterLpf001
1,1207,0x04B7,ECHO,CONSUMED,True,True,0,UNDECLARED,
1,1208,0x04B8,ECHO,CONSUMED,True,True,0,UNDECLARED,Chan009CompOn001
1,1209,0x04B9,ECHO,CONSUMED,True,True,0,UNDECLARED,Chan009CompThr001
1,1210,0x04BA,ECHO,CONSUMED,True,True,0,UNDECLARED,Chan009CompRat001
1,1211,0x04BB,ECHO,CONSUMED,True,True,0,ms (log table),Chan009CompAtt001
1,1212,0x04BC,ECHO,CONSUMED,True,True,0,ms (log table),Chan009CompRel001
1,1213,0x04BD,ECHO,CONSUMED,True,True,0,UNDECLARED,Chan009CompMake001
1,1214,0x04BE,ECHO,CONSUMED,True,True,0,UNDECLARED,Chan009CompKnee001
1,1215,0x04BF,ECHO,CONSUMED,True,True,0,percent 0-100,Chan009CompPar001
1,1216,0x04C0,ECHO,INERT,True,True,0,UNDECLARED,Chan009CompType001
1,1217,0x04C1,ECHO,INERT,True,True,0,UNDECLARED,Chan009CompKey001
1,1218,0x04C2,ECHO,INERT,True,True,0,UNDECLARED,Chan009CompDetSrc001
1,1219,0x04C3,ECHO,INERT,True,True,0,UNDECLARED,Chan009CompLimMode001
1,1220,0x04C4,ECHO,INERT,True,True,0,UNDECLARED,Chan009CompEqPos001
1,1221,0x04C5,ECHO,INERT,True,True,0,UNDECLARED,Chan009CompFilterOn001
1,1222,0x04C6,ECHO,INERT,True,True,0,UNDECLARED,Chan009CompFilterHpf001 Chan009CompFilterLpf001 Chan009CompFilterQ001
1,1223,0x04C7,ECHO,INERT,True,True,0,UNDECLARED,
1,1224,0x04C8,ECHO,INERT,True,True,0,UNDECLARED,
1,1225,0x04C9,ECHO,INERT,True,True,0,UNDECLARED,
1,1226,0x04CA,ECHO,INERT,True,True,0,UNDECLARED,
1,1227,0x04CB,ECHO,INERT,True,True,0,UNDECLARED,
1,1228,0x04CC,ECHO,CONSUMED,True,True,0,UNDECLARED,Chan009TubeOn001
1,1229,0x04CD,ECHO,CONSUMED,True,True,0,UNDECLARED,Chan009TubeSat001
1,1230,0x04CE,ECHO,CONSUMED,True,True,0,ms,Chan009Delay001
1,1231,0x04CF,ECHO,CONSUMED,True,True,0,UNDECLARED,
1,1232,0x04D0,ECHO,CONSUMED,True,True,0,UNDECLARED,Chan009RtgLevel001
1,1233,0x04D1,ECHO,CONSUMED,True,True,0,UNDECLARED,Chan009RtgPan001
1,1234,0x04D2,ECHO,CONSUMED,True,True,0,bool 0/1,Chan009RtgMute001
1,1235,0x04D3,ECHO,CONSUMED,True,True,0,UNDECLARED,Chan009RtgDca001
1,1236,0x04D4,ECHO,CONSUMED,True,True,0,UNDECLARED,Chan009RtgMainOn001
1,1237,0x04D5,ECHO,CONSUMED,True,True,0,UNDECLARED,Chan009RtgCtrOn001
1,1238,0x04D6,ECHO,CONSUMED,True,True,0,UNDECLARED,Chan009RtgGrpOn001
1,1239,0x04D7,ECHO,CONSUMED,True,True,0,UNDECLARED,Chan009RtgGrpOn002
1,1240,0x04D8,ECHO,CONSUMED,True,True,0,UNDECLARED,Chan009RtgGrpOn003
1,1241,0x04D9,ECHO,CONSUMED,True,True,0,UNDECLARED,Chan009RtgGrpOn004
1,1242,0x04DA,ECHO,CONSUMED,True,True,0,UNDECLARED,Chan009RtgAuxOn001
1,1243,0x04DB,ECHO,CONSUMED,True,True,0,UNDECLARED,Chan009RtgAuxOn002
1,1244,0x04DC,ECHO,CONSUMED,True,True,0,UNDECLARED,Chan009RtgAuxOn003
1,1245,0x04DD,ECHO,CONSUMED,True,True,0,UNDECLARED,Chan009RtgAuxOn004
1,1246,0x04DE,ECHO,CONSUMED,True,True,0,UNDECLARED,Chan009RtgAuxOn005
1,1247,0x04DF,ECHO,CONSUMED,True,True,0,UNDECLARED,Chan009RtgAuxOn006
1,1248,0x04E0,ECHO,CONSUMED,True,True,0,UNDECLARED,Chan009RtgAuxOn007
1,1249,0x04E1,ECHO,CONSUMED,True,True,0,UNDECLARED,Chan009RtgAuxOn008
1,1250,0x04E2,ECHO,CONSUMED,True,True,0,UNDECLARED,Chan009RtgAuxOn009
1,1251,0x04E3,ECHO,CONSUMED,True,True,0,UNDECLARED,Chan009RtgAuxOn010
1,1252,0x04E4,ECHO,CONSUMED,True,True,0,UNDECLARED,Chan009RtgAuxOn011
1,1253,0x04E5,ECHO,CONSUMED,True,True,0,UNDECLARED,Chan009RtgAuxOn012
1,1254,0x04E6,ECHO,CONSUMED,True,True,0,UNDECLARED,Chan009RtgAuxSend001
1,1255,0x04E7,ECHO,CONSUMED,True,True,0,UNDECLARED,Chan009RtgAuxSend002
1,1256,0x04E8,ECHO,CONSUMED,True,True,0,UNDECLARED,Chan009RtgAuxSend003
1,1257,0x04E9,ECHO,CONSUMED,True,True,0,UNDECLARED,Chan009RtgAuxSend004
1,1258,0x04EA,ECHO,CONSUMED,True,True,0,UNDECLARED,Chan009RtgAuxSend005
1,1259,0x04EB,ECHO,CONSUMED,True,True,0,UNDECLARED,Chan009RtgAuxSend006
1,1260,0x04EC,ECHO,CONSUMED,True,True,0,UNDECLARED,Chan009RtgAuxSend007
1,1261,0x04ED,ECHO,CONSUMED,True,True,0,UNDECLARED,Chan009RtgAuxSend008
1,1262,0x04EE,ECHO,CONSUMED,True,True,0,UNDECLARED,Chan009RtgAuxSend009
1,1263,0x04EF,ECHO,CONSUMED,True,True,0,UNDECLARED,Chan009RtgAuxSend010
1,1264,0x04F0,ECHO,CONSUMED,True,True,0,UNDECLARED,Chan009RtgAuxSend011
1,1265,0x04F1,ECHO,CONSUMED,True,True,0,UNDECLARED,Chan009RtgAuxSend012
1,1266,0x04F2,ECHO,CONSUMED,True,True,0,UNDECLARED,Chan009RtgAuxPick001
1,1267,0x04F3,ECHO,CONSUMED,True,True,0,UNDECLARED,Chan009RtgAuxPick002
1,1268,0x04F4,ECHO,CONSUMED,True,True,0,UNDECLARED,Chan009RtgAuxPick003
1,1269,0x04F5,ECHO,CONSUMED,True,True,0,UNDECLARED,Chan009RtgAuxPick004
1,1270,0x04F6,ECHO,CONSUMED,True,True,0,UNDECLARED,Chan009RtgAuxPick005
1,1271,0x04F7,ECHO,CONSUMED,True,True,0,UNDECLARED,Chan009RtgAuxPick006
1,1272,0x04F8,ECHO,CONSUMED,True,True,0,UNDECLARED,Chan009RtgAuxPick007
1,1273,0x04F9,ECHO,CONSUMED,True,True,0,UNDECLARED,Chan009RtgAuxPick008
1,1274,0x04FA,ECHO,CONSUMED,True,True,0,UNDECLARED,Chan009RtgAuxPick009
1,1275,0x04FB,ECHO,CONSUMED,True,True,0,UNDECLARED,Chan009RtgAuxPick010
1,1276,0x04FC,ECHO,CONSUMED,True,True,0,UNDECLARED,Chan009RtgAuxPick011
1,1277,0x04FD,ECHO,CONSUMED,True,True,0,UNDECLARED,Chan009RtgAuxPick012
1,1278,0x04FE,ECHO,CONSUMED,True,True,0,UNDECLARED,Chan009RtgFx001
1,1279,0x04FF,ECHO,CONSUMED,True,True,0,UNDECLARED,Chan009RtgFx002
1,1280,0x0500,ECHO,CONSUMED,True,True,0,UNDECLARED,Chan009RtgFx003
1,1281,0x0501,ECHO,CONSUMED,True,True,0,UNDECLARED,Chan009RtgFx004
1,1282,0x0502,ECHO,CONSUMED,True,True,0,UNDECLARED,Chan009RtgFx005
1,1283,0x0503,ECHO,CONSUMED,True,True,0,UNDECLARED,Chan009RtgFx006
1,1284,0x0504,ECHO,CONSUMED,True,True,0,UNDECLARED,Chan009RtgFxSend001
1,1285,0x0505,ECHO,CONSUMED,True,True,0,UNDECLARED,Chan009RtgFxSend002
1,1286,0x0506,ECHO,CONSUMED,True,True,0,UNDECLARED,Chan009RtgFxSend003
1,1287,0x0507,ECHO,CONSUMED,True,True,0,UNDECLARED,Chan009RtgFxSend004
1,1288,0x0508,ECHO,CONSUMED,True,True,0,UNDECLARED,Chan009RtgFxSend005
1,1289,0x0509,ECHO,CONSUMED,True,True,0,UNDECLARED,Chan009RtgFxSend006
1,1290,0x050A,ECHO,CONSUMED,True,True,0,UNDECLARED,Chan009RtgFxPick001
1,1291,0x050B,ECHO,CONSUMED,True,True,0,UNDECLARED,Chan009RtgFxPick002
1,1292,0x050C,ECHO,CONSUMED,True,True,0,UNDECLARED,Chan009RtgFxPick003
1,1293,0x050D,ECHO,CONSUMED,True,True,0,UNDECLARED,Chan009RtgFxPick004
1,1294,0x050E,ECHO,CONSUMED,True,True,0,UNDECLARED,Chan009RtgFxPick005
1,1295,0x050F,ECHO,CONSUMED,True,True,0,UNDECLARED,Chan009RtgFxPick006
1,1296,0x0510,ECHO,CONSUMED,True,True,0,UNDECLARED,Chan010Gain001
1,1297,0x0511,ECHO,CONSUMED,True,True,0,bool 0/1,Chan010Pol001
1,1298,0x0512,UNMAPPED,UNMAPPED,False,False,3,UNDECLARED,Chan010Phantom001
1,1299,0x0513,UNMAPPED,UNMAPPED,False,False,3,UNDECLARED,Chan010InputSel001
1,1300,0x0514,ECHO,CONSUMED,True,True,0,UNDECLARED,Chan010EqHpf001 Chan010EqHpfSlope001
1,1301,0x0515,ECHO,CONSUMED,True,True,0,UNDECLARED,
1,1302,0x0516,ECHO,CONSUMED,True,True,0,UNDECLARED,
1,1303,0x0517,ECHO,CONSUMED,True,True,0,UNDECLARED,
1,1304,0x0518,ECHO,CONSUMED,True,True,0,UNDECLARED,
1,1305,0x0519,CLEARED,CONSUMED,True,True,0,UNDECLARED,
1,1306,0x051A,ECHO,CONSUMED,True,True,0,UNDECLARED,Chan010EqLpf001
1,1307,0x051B,ECHO,CONSUMED,True,True,0,UNDECLARED,
1,1308,0x051C,ECHO,CONSUMED,True,True,0,UNDECLARED,
1,1309,0x051D,ECHO,CONSUMED,True,True,0,UNDECLARED,
1,1310,0x051E,ECHO,CONSUMED,True,True,0,UNDECLARED,
1,1311,0x051F,CLEARED,CONSUMED,True,True,0,UNDECLARED,
1,1312,0x0520,ECHO,CONSUMED,True,True,0,UNDECLARED,Chan010EqFreq001 Chan010EqGain001 Chan010EqQ001 Chan010EqShelf001
1,1313,0x0521,ECHO,CONSUMED,True,True,0,UNDECLARED,
1,1314,0x0522,ECHO,CONSUMED,True,True,0,UNDECLARED,
1,1315,0x0523,ECHO,CONSUMED,True,True,0,UNDECLARED,
1,1316,0x0524,ECHO,CONSUMED,True,True,0,UNDECLARED,
1,1317,0x0525,ECHO,CONSUMED,True,True,0,UNDECLARED,Chan010EqFreq002 Chan010EqGain002 Chan010EqQ002
1,1318,0x0526,ECHO,CONSUMED,True,True,0,UNDECLARED,
1,1319,0x0527,ECHO,CONSUMED,True,True,0,UNDECLARED,
1,1320,0x0528,ECHO,CONSUMED,True,True,0,UNDECLARED,
1,1321,0x0529,ECHO,CONSUMED,True,True,0,UNDECLARED,
1,1322,0x052A,ECHO,CONSUMED,True,True,0,UNDECLARED,Chan010EqFreq003 Chan010EqGain003 Chan010EqQ003
1,1323,0x052B,ECHO,CONSUMED,True,True,0,UNDECLARED,
1,1324,0x052C,ECHO,CONSUMED,True,True,0,UNDECLARED,
1,1325,0x052D,ECHO,CONSUMED,True,True,0,UNDECLARED,
1,1326,0x052E,ECHO,CONSUMED,True,True,0,UNDECLARED,
1,1327,0x052F,ECHO,CONSUMED,True,True,0,UNDECLARED,Chan010EqFreq004 Chan010EqGain004 Chan010EqQ004 Chan010EqShelf002
1,1328,0x0530,ECHO,CONSUMED,True,True,0,UNDECLARED,
1,1329,0x0531,ECHO,CONSUMED,True,True,0,UNDECLARED,
1,1330,0x0532,ECHO,CONSUMED,True,True,0,UNDECLARED,
1,1331,0x0533,ECHO,CONSUMED,True,True,0,UNDECLARED,
1,1332,0x0534,CLEARED,CONSUMED,True,True,0,UNDECLARED,
1,1333,0x0535,UNMAPPED,UNMAPPED,False,False,4,UNDECLARED,Chan010EqOn001
1,1334,0x0536,UNMAPPED,UNMAPPED,False,False,4,UNDECLARED,
1,1335,0x0537,UNMAPPED,UNMAPPED,False,False,4,UNDECLARED,
1,1336,0x0538,ECHO,CONSUMED,True,True,0,UNDECLARED,Chan010GateOn001
1,1337,0x0539,ECHO,CONSUMED,True,True,0,UNDECLARED,Chan010GateThr001
1,1338,0x053A,ECHO,CONSUMED,True,True,0,ms (log table),Chan010GateAtt001
1,1339,0x053B,ECHO,CONSUMED,True,True,0,ms,Chan010GateHold001
1,1340,0x053C,ECHO,CONSUMED,True,True,0,ms (log table),Chan010GateRel001
1,1341,0x053D,ECHO,CONSUMED,True,True,0,dB,Chan010GateRng001
1,1342,0x053E,ECHO,INERT,True,True,0,UNDECLARED,Chan010GateKey001
1,1343,0x053F,ECHO,INERT,True,True,0,UNDECLARED,Chan010GateDetSrc001
1,1344,0x0540,ECHO,CONSUMED,True,True,0,UNDECLARED,Chan010GateFilterOn001
1,1345,0x0541,ECHO,CONSUMED,True,True,0,UNDECLARED,Chan010GateFilterHpf001 Chan010GateFilterQ001
1,1346,0x0542,ECHO,CONSUMED,True,True,0,UNDECLARED,
1,1347,0x0543,ECHO,CONSUMED,True,True,0,UNDECLARED,
1,1348,0x0544,ECHO,CONSUMED,True,True,0,UNDECLARED,
1,1349,0x0545,ECHO,CONSUMED,True,True,0,UNDECLARED,
1,1350,0x0546,ECHO,CONSUMED,True,True,0,UNDECLARED,Chan010GateFilterLpf001
1,1351,0x0547,ECHO,CONSUMED,True,True,0,UNDECLARED,
1,1352,0x0548,ECHO,CONSUMED,True,True,0,UNDECLARED,Chan010CompOn001
1,1353,0x0549,ECHO,CONSUMED,True,True,0,UNDECLARED,Chan010CompThr001
1,1354,0x054A,ECHO,CONSUMED,True,True,0,UNDECLARED,Chan010CompRat001
1,1355,0x054B,ECHO,CONSUMED,True,True,0,ms (log table),Chan010CompAtt001
1,1356,0x054C,ECHO,CONSUMED,True,True,0,ms (log table),Chan010CompRel001
1,1357,0x054D,ECHO,CONSUMED,True,True,0,UNDECLARED,Chan010CompMake001
1,1358,0x054E,ECHO,CONSUMED,True,True,0,UNDECLARED,Chan010CompKnee001
1,1359,0x054F,ECHO,CONSUMED,True,True,0,percent 0-100,Chan010CompPar001
1,1360,0x0550,ECHO,INERT,True,True,0,UNDECLARED,Chan010CompType001
1,1361,0x0551,ECHO,INERT,True,True,0,UNDECLARED,Chan010CompKey001
1,1362,0x0552,ECHO,INERT,True,True,0,UNDECLARED,Chan010CompDetSrc001
1,1363,0x0553,ECHO,INERT,True,True,0,UNDECLARED,Chan010CompLimMode001
1,1364,0x0554,ECHO,INERT,True,True,0,UNDECLARED,Chan010CompEqPos001
1,1365,0x0555,ECHO,INERT,True,True,0,UNDECLARED,Chan010CompFilterOn001
1,1366,0x0556,ECHO,INERT,True,True,0,UNDECLARED,Chan010CompFilterHpf001 Chan010CompFilterLpf001 Chan010CompFilterQ001
1,1367,0x0557,ECHO,INERT,True,True,0,UNDECLARED,
1,1368,0x0558,ECHO,INERT,True,True,0,UNDECLARED,
1,1369,0x0559,ECHO,INERT,True,True,0,UNDECLARED,
1,1370,0x055A,ECHO,INERT,True,True,0,UNDECLARED,
1,1371,0x055B,ECHO,INERT,True,True,0,UNDECLARED,
1,1372,0x055C,ECHO,CONSUMED,True,True,0,UNDECLARED,Chan010TubeOn001
1,1373,0x055D,ECHO,CONSUMED,True,True,0,UNDECLARED,Chan010TubeSat001
1,1374,0x055E,ECHO,CONSUMED,True,True,0,ms,Chan010Delay001
1,1375,0x055F,ECHO,CONSUMED,True,True,0,UNDECLARED,
1,1376,0x0560,ECHO,CONSUMED,True,True,0,UNDECLARED,Chan010RtgLevel001
1,1377,0x0561,ECHO,CONSUMED,True,True,0,UNDECLARED,Chan010RtgPan001
1,1378,0x0562,ECHO,CONSUMED,True,True,0,bool 0/1,Chan010RtgMute001
1,1379,0x0563,ECHO,CONSUMED,True,True,0,UNDECLARED,Chan010RtgDca001
1,1380,0x0564,ECHO,CONSUMED,True,True,0,UNDECLARED,Chan010RtgMainOn001
1,1381,0x0565,ECHO,CONSUMED,True,True,0,UNDECLARED,Chan010RtgCtrOn001
1,1382,0x0566,ECHO,CONSUMED,True,True,0,UNDECLARED,Chan010RtgGrpOn001
1,1383,0x0567,ECHO,CONSUMED,True,True,0,UNDECLARED,Chan010RtgGrpOn002
1,1384,0x0568,ECHO,CONSUMED,True,True,0,UNDECLARED,Chan010RtgGrpOn003
1,1385,0x0569,ECHO,CONSUMED,True,True,0,UNDECLARED,Chan010RtgGrpOn004
1,1386,0x056A,ECHO,CONSUMED,True,True,0,UNDECLARED,Chan010RtgAuxOn001
1,1387,0x056B,ECHO,CONSUMED,True,True,0,UNDECLARED,Chan010RtgAuxOn002
1,1388,0x056C,ECHO,CONSUMED,True,True,0,UNDECLARED,Chan010RtgAuxOn003
1,1389,0x056D,ECHO,CONSUMED,True,True,0,UNDECLARED,Chan010RtgAuxOn004
1,1390,0x056E,ECHO,CONSUMED,True,True,0,UNDECLARED,Chan010RtgAuxOn005
1,1391,0x056F,ECHO,CONSUMED,True,True,0,UNDECLARED,Chan010RtgAuxOn006
1,1392,0x0570,ECHO,CONSUMED,True,True,0,UNDECLARED,Chan010RtgAuxOn007
1,1393,0x0571,ECHO,CONSUMED,True,True,0,UNDECLARED,Chan010RtgAuxOn008
1,1394,0x0572,ECHO,CONSUMED,True,True,0,UNDECLARED,Chan010RtgAuxOn009
1,1395,0x0573,ECHO,CONSUMED,True,True,0,UNDECLARED,Chan010RtgAuxOn010
1,1396,0x0574,ECHO,CONSUMED,True,True,0,UNDECLARED,Chan010RtgAuxOn011
1,1397,0x0575,ECHO,CONSUMED,True,True,0,UNDECLARED,Chan010RtgAuxOn012
1,1398,0x0576,ECHO,CONSUMED,True,True,0,UNDECLARED,Chan010RtgAuxSend001
1,1399,0x0577,ECHO,CONSUMED,True,True,0,UNDECLARED,Chan010RtgAuxSend002
1,1400,0x0578,ECHO,CONSUMED,True,True,0,UNDECLARED,Chan010RtgAuxSend003
1,1401,0x0579,ECHO,CONSUMED,True,True,0,UNDECLARED,Chan010RtgAuxSend004
1,1402,0x057A,ECHO,CONSUMED,True,True,0,UNDECLARED,Chan010RtgAuxSend005
1,1403,0x057B,ECHO,CONSUMED,True,True,0,UNDECLARED,Chan010RtgAuxSend006
1,1404,0x057C,ECHO,CONSUMED,True,True,0,UNDECLARED,Chan010RtgAuxSend007
1,1405,0x057D,ECHO,CONSUMED,True,True,0,UNDECLARED,Chan010RtgAuxSend008
1,1406,0x057E,ECHO,CONSUMED,True,True,0,UNDECLARED,Chan010RtgAuxSend009
1,1407,0x057F,ECHO,CONSUMED,True,True,0,UNDECLARED,Chan010RtgAuxSend010
1,1408,0x0580,ECHO,CONSUMED,True,True,0,UNDECLARED,Chan010RtgAuxSend011
1,1409,0x0581,ECHO,CONSUMED,True,True,0,UNDECLARED,Chan010RtgAuxSend012
1,1410,0x0582,ECHO,CONSUMED,True,True,0,UNDECLARED,Chan010RtgAuxPick001
1,1411,0x0583,ECHO,CONSUMED,True,True,0,UNDECLARED,Chan010RtgAuxPick002
1,1412,0x0584,ECHO,CONSUMED,True,True,0,UNDECLARED,Chan010RtgAuxPick003
1,1413,0x0585,ECHO,CONSUMED,True,True,0,UNDECLARED,Chan010RtgAuxPick004
1,1414,0x0586,ECHO,CONSUMED,True,True,0,UNDECLARED,Chan010RtgAuxPick005
1,1415,0x0587,ECHO,CONSUMED,True,True,0,UNDECLARED,Chan010RtgAuxPick006
1,1416,0x0588,ECHO,CONSUMED,True,True,0,UNDECLARED,Chan010RtgAuxPick007
1,1417,0x0589,ECHO,CONSUMED,True,True,0,UNDECLARED,Chan010RtgAuxPick008
1,1418,0x058A,ECHO,CONSUMED,True,True,0,UNDECLARED,Chan010RtgAuxPick009
1,1419,0x058B,ECHO,CONSUMED,True,True,0,UNDECLARED,Chan010RtgAuxPick010
1,1420,0x058C,ECHO,CONSUMED,True,True,0,UNDECLARED,Chan010RtgAuxPick011
1,1421,0x058D,ECHO,CONSUMED,True,True,0,UNDECLARED,Chan010RtgAuxPick012
1,1422,0x058E,ECHO,CONSUMED,True,True,0,UNDECLARED,Chan010RtgFx001
1,1423,0x058F,ECHO,CONSUMED,True,True,0,UNDECLARED,Chan010RtgFx002
1,1424,0x0590,ECHO,CONSUMED,True,True,0,UNDECLARED,Chan010RtgFx003
1,1425,0x0591,ECHO,CONSUMED,True,True,0,UNDECLARED,Chan010RtgFx004
1,1426,0x0592,ECHO,CONSUMED,True,True,0,UNDECLARED,Chan010RtgFx005
1,1427,0x0593,ECHO,CONSUMED,True,True,0,UNDECLARED,Chan010RtgFx006
1,1428,0x0594,ECHO,CONSUMED,True,True,0,UNDECLARED,Chan010RtgFxSend001
1,1429,0x0595,ECHO,CONSUMED,True,True,0,UNDECLARED,Chan010RtgFxSend002
1,1430,0x0596,ECHO,CONSUMED,True,True,0,UNDECLARED,Chan010RtgFxSend003
1,1431,0x0597,ECHO,CONSUMED,True,True,0,UNDECLARED,Chan010RtgFxSend004
1,1432,0x0598,ECHO,CONSUMED,True,True,0,UNDECLARED,Chan010RtgFxSend005
1,1433,0x0599,ECHO,CONSUMED,True,True,0,UNDECLARED,Chan010RtgFxSend006
1,1434,0x059A,ECHO,CONSUMED,True,True,0,UNDECLARED,Chan010RtgFxPick001
1,1435,0x059B,ECHO,CONSUMED,True,True,0,UNDECLARED,Chan010RtgFxPick002
1,1436,0x059C,ECHO,CONSUMED,True,True,0,UNDECLARED,Chan010RtgFxPick003
1,1437,0x059D,ECHO,CONSUMED,True,True,0,UNDECLARED,Chan010RtgFxPick004
1,1438,0x059E,ECHO,CONSUMED,True,True,0,UNDECLARED,Chan010RtgFxPick005
1,1439,0x059F,ECHO,CONSUMED,True,True,0,UNDECLARED,Chan010RtgFxPick006
1,1440,0x05A0,ECHO,CONSUMED,True,True,0,UNDECLARED,Chan011Gain001
1,1441,0x05A1,ECHO,CONSUMED,True,True,0,bool 0/1,Chan011Pol001
1,1442,0x05A2,UNMAPPED,UNMAPPED,False,False,3,UNDECLARED,Chan011Phantom001
1,1443,0x05A3,UNMAPPED,UNMAPPED,False,False,3,UNDECLARED,Chan011InputSel001
1,1444,0x05A4,ECHO,CONSUMED,True,True,0,UNDECLARED,Chan011EqHpf001 Chan011EqHpfSlope001
1,1445,0x05A5,ECHO,CONSUMED,True,True,0,UNDECLARED,
1,1446,0x05A6,ECHO,CONSUMED,True,True,0,UNDECLARED,
1,1447,0x05A7,ECHO,CONSUMED,True,True,0,UNDECLARED,
1,1448,0x05A8,ECHO,CONSUMED,True,True,0,UNDECLARED,
1,1449,0x05A9,CLEARED,CONSUMED,True,True,0,UNDECLARED,
1,1450,0x05AA,ECHO,CONSUMED,True,True,0,UNDECLARED,Chan011EqLpf001
1,1451,0x05AB,ECHO,CONSUMED,True,True,0,UNDECLARED,
1,1452,0x05AC,ECHO,CONSUMED,True,True,0,UNDECLARED,
1,1453,0x05AD,ECHO,CONSUMED,True,True,0,UNDECLARED,
1,1454,0x05AE,ECHO,CONSUMED,True,True,0,UNDECLARED,
1,1455,0x05AF,CLEARED,CONSUMED,True,True,0,UNDECLARED,
1,1456,0x05B0,ECHO,CONSUMED,True,True,0,UNDECLARED,Chan011EqFreq001 Chan011EqGain001 Chan011EqQ001 Chan011EqShelf001
1,1457,0x05B1,ECHO,CONSUMED,True,True,0,UNDECLARED,
1,1458,0x05B2,ECHO,CONSUMED,True,True,0,UNDECLARED,
1,1459,0x05B3,ECHO,CONSUMED,True,True,0,UNDECLARED,
1,1460,0x05B4,ECHO,CONSUMED,True,True,0,UNDECLARED,
1,1461,0x05B5,ECHO,CONSUMED,True,True,0,UNDECLARED,Chan011EqFreq002 Chan011EqGain002 Chan011EqQ002
1,1462,0x05B6,ECHO,CONSUMED,True,True,0,UNDECLARED,
1,1463,0x05B7,ECHO,CONSUMED,True,True,0,UNDECLARED,
1,1464,0x05B8,ECHO,CONSUMED,True,True,0,UNDECLARED,
1,1465,0x05B9,ECHO,CONSUMED,True,True,0,UNDECLARED,
1,1466,0x05BA,ECHO,CONSUMED,True,True,0,UNDECLARED,Chan011EqFreq003 Chan011EqGain003 Chan011EqQ003
1,1467,0x05BB,ECHO,CONSUMED,True,True,0,UNDECLARED,
1,1468,0x05BC,ECHO,CONSUMED,True,True,0,UNDECLARED,
1,1469,0x05BD,ECHO,CONSUMED,True,True,0,UNDECLARED,
1,1470,0x05BE,ECHO,CONSUMED,True,True,0,UNDECLARED,
1,1471,0x05BF,ECHO,CONSUMED,True,True,0,UNDECLARED,Chan011EqFreq004 Chan011EqGain004 Chan011EqQ004 Chan011EqShelf002
1,1472,0x05C0,ECHO,CONSUMED,True,True,0,UNDECLARED,
1,1473,0x05C1,ECHO,CONSUMED,True,True,0,UNDECLARED,
1,1474,0x05C2,ECHO,CONSUMED,True,True,0,UNDECLARED,
1,1475,0x05C3,ECHO,CONSUMED,True,True,0,UNDECLARED,
1,1476,0x05C4,CLEARED,CONSUMED,True,True,0,UNDECLARED,
1,1477,0x05C5,UNMAPPED,UNMAPPED,False,False,4,UNDECLARED,Chan011EqOn001
1,1478,0x05C6,UNMAPPED,UNMAPPED,False,False,4,UNDECLARED,
1,1479,0x05C7,UNMAPPED,UNMAPPED,False,False,4,UNDECLARED,
1,1480,0x05C8,ECHO,CONSUMED,True,True,0,UNDECLARED,Chan011GateOn001
1,1481,0x05C9,ECHO,CONSUMED,True,True,0,UNDECLARED,Chan011GateThr001
1,1482,0x05CA,ECHO,CONSUMED,True,True,0,ms (log table),Chan011GateAtt001
1,1483,0x05CB,ECHO,CONSUMED,True,True,0,ms,Chan011GateHold001
1,1484,0x05CC,ECHO,CONSUMED,True,True,0,ms (log table),Chan011GateRel001
1,1485,0x05CD,ECHO,CONSUMED,True,True,0,dB,Chan011GateRng001
1,1486,0x05CE,ECHO,INERT,True,True,0,UNDECLARED,Chan011GateKey001
1,1487,0x05CF,ECHO,INERT,True,True,0,UNDECLARED,Chan011GateDetSrc001
1,1488,0x05D0,ECHO,CONSUMED,True,True,0,UNDECLARED,Chan011GateFilterOn001
1,1489,0x05D1,ECHO,CONSUMED,True,True,0,UNDECLARED,Chan011GateFilterHpf001 Chan011GateFilterQ001
1,1490,0x05D2,ECHO,CONSUMED,True,True,0,UNDECLARED,
1,1491,0x05D3,ECHO,CONSUMED,True,True,0,UNDECLARED,
1,1492,0x05D4,ECHO,CONSUMED,True,True,0,UNDECLARED,
1,1493,0x05D5,ECHO,CONSUMED,True,True,0,UNDECLARED,
1,1494,0x05D6,ECHO,CONSUMED,True,True,0,UNDECLARED,Chan011GateFilterLpf001
1,1495,0x05D7,ECHO,CONSUMED,True,True,0,UNDECLARED,
1,1496,0x05D8,ECHO,CONSUMED,True,True,0,UNDECLARED,Chan011CompOn001
1,1497,0x05D9,ECHO,CONSUMED,True,True,0,UNDECLARED,Chan011CompThr001
1,1498,0x05DA,ECHO,CONSUMED,True,True,0,UNDECLARED,Chan011CompRat001
1,1499,0x05DB,ECHO,CONSUMED,True,True,0,ms (log table),Chan011CompAtt001
1,1500,0x05DC,ECHO,CONSUMED,True,True,0,ms (log table),Chan011CompRel001
1,1501,0x05DD,ECHO,CONSUMED,True,True,0,UNDECLARED,Chan011CompMake001
1,1502,0x05DE,ECHO,CONSUMED,True,True,0,UNDECLARED,Chan011CompKnee001
1,1503,0x05DF,ECHO,CONSUMED,True,True,0,percent 0-100,Chan011CompPar001
1,1504,0x05E0,ECHO,INERT,True,True,0,UNDECLARED,Chan011CompType001
1,1505,0x05E1,ECHO,INERT,True,True,0,UNDECLARED,Chan011CompKey001
1,1506,0x05E2,ECHO,INERT,True,True,0,UNDECLARED,Chan011CompDetSrc001
1,1507,0x05E3,ECHO,INERT,True,True,0,UNDECLARED,Chan011CompLimMode001
1,1508,0x05E4,ECHO,INERT,True,True,0,UNDECLARED,Chan011CompEqPos001
1,1509,0x05E5,ECHO,INERT,True,True,0,UNDECLARED,Chan011CompFilterOn001
1,1510,0x05E6,ECHO,INERT,True,True,0,UNDECLARED,Chan011CompFilterHpf001 Chan011CompFilterLpf001 Chan011CompFilterQ001
1,1511,0x05E7,ECHO,INERT,True,True,0,UNDECLARED,
1,1512,0x05E8,ECHO,INERT,True,True,0,UNDECLARED,
1,1513,0x05E9,ECHO,INERT,True,True,0,UNDECLARED,
1,1514,0x05EA,ECHO,INERT,True,True,0,UNDECLARED,
1,1515,0x05EB,ECHO,INERT,True,True,0,UNDECLARED,
1,1516,0x05EC,ECHO,CONSUMED,True,True,0,UNDECLARED,Chan011TubeOn001
1,1517,0x05ED,ECHO,CONSUMED,True,True,0,UNDECLARED,Chan011TubeSat001
1,1518,0x05EE,ECHO,CONSUMED,True,True,0,ms,Chan011Delay001
1,1519,0x05EF,ECHO,CONSUMED,True,True,0,UNDECLARED,
1,1520,0x05F0,ECHO,CONSUMED,True,True,0,UNDECLARED,Chan011RtgLevel001
1,1521,0x05F1,ECHO,CONSUMED,True,True,0,UNDECLARED,Chan011RtgPan001
1,1522,0x05F2,ECHO,CONSUMED,True,True,0,bool 0/1,Chan011RtgMute001
1,1523,0x05F3,ECHO,CONSUMED,True,True,0,UNDECLARED,Chan011RtgDca001
1,1524,0x05F4,ECHO,CONSUMED,True,True,0,UNDECLARED,Chan011RtgMainOn001
1,1525,0x05F5,ECHO,CONSUMED,True,True,0,UNDECLARED,Chan011RtgCtrOn001
1,1526,0x05F6,ECHO,CONSUMED,True,True,0,UNDECLARED,Chan011RtgGrpOn001
1,1527,0x05F7,ECHO,CONSUMED,True,True,0,UNDECLARED,Chan011RtgGrpOn002
1,1528,0x05F8,ECHO,CONSUMED,True,True,0,UNDECLARED,Chan011RtgGrpOn003
1,1529,0x05F9,ECHO,CONSUMED,True,True,0,UNDECLARED,Chan011RtgGrpOn004
1,1530,0x05FA,ECHO,CONSUMED,True,True,0,UNDECLARED,Chan011RtgAuxOn001
1,1531,0x05FB,ECHO,CONSUMED,True,True,0,UNDECLARED,Chan011RtgAuxOn002
1,1532,0x05FC,ECHO,CONSUMED,True,True,0,UNDECLARED,Chan011RtgAuxOn003
1,1533,0x05FD,ECHO,CONSUMED,True,True,0,UNDECLARED,Chan011RtgAuxOn004
1,1534,0x05FE,ECHO,CONSUMED,True,True,0,UNDECLARED,Chan011RtgAuxOn005
1,1535,0x05FF,ECHO,CONSUMED,True,True,0,UNDECLARED,Chan011RtgAuxOn006
1,1536,0x0600,ECHO,CONSUMED,True,True,0,UNDECLARED,Chan011RtgAuxOn007
1,1537,0x0601,ECHO,CONSUMED,True,True,0,UNDECLARED,Chan011RtgAuxOn008
1,1538,0x0602,ECHO,CONSUMED,True,True,0,UNDECLARED,Chan011RtgAuxOn009
1,1539,0x0603,ECHO,CONSUMED,True,True,0,UNDECLARED,Chan011RtgAuxOn010
1,1540,0x0604,ECHO,CONSUMED,True,True,0,UNDECLARED,Chan011RtgAuxOn011
1,1541,0x0605,ECHO,CONSUMED,True,True,0,UNDECLARED,Chan011RtgAuxOn012
1,1542,0x0606,ECHO,CONSUMED,True,True,0,UNDECLARED,Chan011RtgAuxSend001
1,1543,0x0607,ECHO,CONSUMED,True,True,0,UNDECLARED,Chan011RtgAuxSend002
1,1544,0x0608,ECHO,CONSUMED,True,True,0,UNDECLARED,Chan011RtgAuxSend003
1,1545,0x0609,ECHO,CONSUMED,True,True,0,UNDECLARED,Chan011RtgAuxSend004
1,1546,0x060A,ECHO,CONSUMED,True,True,0,UNDECLARED,Chan011RtgAuxSend005
1,1547,0x060B,ECHO,CONSUMED,True,True,0,UNDECLARED,Chan011RtgAuxSend006
1,1548,0x060C,ECHO,CONSUMED,True,True,0,UNDECLARED,Chan011RtgAuxSend007
1,1549,0x060D,ECHO,CONSUMED,True,True,0,UNDECLARED,Chan011RtgAuxSend008
1,1550,0x060E,ECHO,CONSUMED,True,True,0,UNDECLARED,Chan011RtgAuxSend009
1,1551,0x060F,ECHO,CONSUMED,True,True,0,UNDECLARED,Chan011RtgAuxSend010
1,1552,0x0610,ECHO,CONSUMED,True,True,0,UNDECLARED,Chan011RtgAuxSend011
1,1553,0x0611,ECHO,CONSUMED,True,True,0,UNDECLARED,Chan011RtgAuxSend012
1,1554,0x0612,ECHO,CONSUMED,True,True,0,UNDECLARED,Chan011RtgAuxPick001
1,1555,0x0613,ECHO,CONSUMED,True,True,0,UNDECLARED,Chan011RtgAuxPick002
1,1556,0x0614,ECHO,CONSUMED,True,True,0,UNDECLARED,Chan011RtgAuxPick003
1,1557,0x0615,ECHO,CONSUMED,True,True,0,UNDECLARED,Chan011RtgAuxPick004
1,1558,0x0616,ECHO,CONSUMED,True,True,0,UNDECLARED,Chan011RtgAuxPick005
1,1559,0x0617,ECHO,CONSUMED,True,True,0,UNDECLARED,Chan011RtgAuxPick006
1,1560,0x0618,ECHO,CONSUMED,True,True,0,UNDECLARED,Chan011RtgAuxPick007
1,1561,0x0619,ECHO,CONSUMED,True,True,0,UNDECLARED,Chan011RtgAuxPick008
1,1562,0x061A,ECHO,CONSUMED,True,True,0,UNDECLARED,Chan011RtgAuxPick009
1,1563,0x061B,ECHO,CONSUMED,True,True,0,UNDECLARED,Chan011RtgAuxPick010
1,1564,0x061C,ECHO,CONSUMED,True,True,0,UNDECLARED,Chan011RtgAuxPick011
1,1565,0x061D,ECHO,CONSUMED,True,True,0,UNDECLARED,Chan011RtgAuxPick012
1,1566,0x061E,ECHO,CONSUMED,True,True,0,UNDECLARED,Chan011RtgFx001
1,1567,0x061F,ECHO,CONSUMED,True,True,0,UNDECLARED,Chan011RtgFx002
1,1568,0x0620,ECHO,CONSUMED,True,True,0,UNDECLARED,Chan011RtgFx003
1,1569,0x0621,ECHO,CONSUMED,True,True,0,UNDECLARED,Chan011RtgFx004
1,1570,0x0622,ECHO,CONSUMED,True,True,0,UNDECLARED,Chan011RtgFx005
1,1571,0x0623,ECHO,CONSUMED,True,True,0,UNDECLARED,Chan011RtgFx006
1,1572,0x0624,ECHO,CONSUMED,True,True,0,UNDECLARED,Chan011RtgFxSend001
1,1573,0x0625,ECHO,CONSUMED,True,True,0,UNDECLARED,Chan011RtgFxSend002
1,1574,0x0626,ECHO,CONSUMED,True,True,0,UNDECLARED,Chan011RtgFxSend003
1,1575,0x0627,ECHO,CONSUMED,True,True,0,UNDECLARED,Chan011RtgFxSend004
1,1576,0x0628,ECHO,CONSUMED,True,True,0,UNDECLARED,Chan011RtgFxSend005
1,1577,0x0629,ECHO,CONSUMED,True,True,0,UNDECLARED,Chan011RtgFxSend006
1,1578,0x062A,ECHO,CONSUMED,True,True,0,UNDECLARED,Chan011RtgFxPick001
1,1579,0x062B,ECHO,CONSUMED,True,True,0,UNDECLARED,Chan011RtgFxPick002
1,1580,0x062C,ECHO,CONSUMED,True,True,0,UNDECLARED,Chan011RtgFxPick003
1,1581,0x062D,ECHO,CONSUMED,True,True,0,UNDECLARED,Chan011RtgFxPick004
1,1582,0x062E,ECHO,CONSUMED,True,True,0,UNDECLARED,Chan011RtgFxPick005
1,1583,0x062F,ECHO,CONSUMED,True,True,0,UNDECLARED,Chan011RtgFxPick006
1,1584,0x0630,ECHO,CONSUMED,True,True,0,UNDECLARED,Chan012Gain001
1,1585,0x0631,ECHO,CONSUMED,True,True,0,bool 0/1,Chan012Pol001
1,1586,0x0632,UNMAPPED,UNMAPPED,False,False,3,UNDECLARED,Chan012Phantom001
1,1587,0x0633,UNMAPPED,UNMAPPED,False,False,3,UNDECLARED,Chan012InputSel001
1,1588,0x0634,ECHO,CONSUMED,True,True,0,UNDECLARED,Chan012EqHpf001 Chan012EqHpfSlope001
1,1589,0x0635,ECHO,CONSUMED,True,True,0,UNDECLARED,
1,1590,0x0636,ECHO,CONSUMED,True,True,0,UNDECLARED,
1,1591,0x0637,ECHO,CONSUMED,True,True,0,UNDECLARED,
1,1592,0x0638,ECHO,CONSUMED,True,True,0,UNDECLARED,
1,1593,0x0639,CLEARED,CONSUMED,True,True,0,UNDECLARED,
1,1594,0x063A,ECHO,CONSUMED,True,True,0,UNDECLARED,Chan012EqLpf001
1,1595,0x063B,ECHO,CONSUMED,True,True,0,UNDECLARED,
1,1596,0x063C,ECHO,CONSUMED,True,True,0,UNDECLARED,
1,1597,0x063D,ECHO,CONSUMED,True,True,0,UNDECLARED,
1,1598,0x063E,ECHO,CONSUMED,True,True,0,UNDECLARED,
1,1599,0x063F,CLEARED,CONSUMED,True,True,0,UNDECLARED,
1,1600,0x0640,ECHO,CONSUMED,True,True,0,UNDECLARED,Chan012EqFreq001 Chan012EqGain001 Chan012EqQ001 Chan012EqShelf001
1,1601,0x0641,ECHO,CONSUMED,True,True,0,UNDECLARED,
1,1602,0x0642,ECHO,CONSUMED,True,True,0,UNDECLARED,
1,1603,0x0643,ECHO,CONSUMED,True,True,0,UNDECLARED,
1,1604,0x0644,ECHO,CONSUMED,True,True,0,UNDECLARED,
1,1605,0x0645,ECHO,CONSUMED,True,True,0,UNDECLARED,Chan012EqFreq002 Chan012EqGain002 Chan012EqQ002
1,1606,0x0646,ECHO,CONSUMED,True,True,0,UNDECLARED,
1,1607,0x0647,ECHO,CONSUMED,True,True,0,UNDECLARED,
1,1608,0x0648,ECHO,CONSUMED,True,True,0,UNDECLARED,
1,1609,0x0649,ECHO,CONSUMED,True,True,0,UNDECLARED,
1,1610,0x064A,ECHO,CONSUMED,True,True,0,UNDECLARED,Chan012EqFreq003 Chan012EqGain003 Chan012EqQ003
1,1611,0x064B,ECHO,CONSUMED,True,True,0,UNDECLARED,
1,1612,0x064C,ECHO,CONSUMED,True,True,0,UNDECLARED,
1,1613,0x064D,ECHO,CONSUMED,True,True,0,UNDECLARED,
1,1614,0x064E,ECHO,CONSUMED,True,True,0,UNDECLARED,
1,1615,0x064F,ECHO,CONSUMED,True,True,0,UNDECLARED,Chan012EqFreq004 Chan012EqGain004 Chan012EqQ004 Chan012EqShelf002
1,1616,0x0650,ECHO,CONSUMED,True,True,0,UNDECLARED,
1,1617,0x0651,ECHO,CONSUMED,True,True,0,UNDECLARED,
1,1618,0x0652,ECHO,CONSUMED,True,True,0,UNDECLARED,
1,1619,0x0653,ECHO,CONSUMED,True,True,0,UNDECLARED,
1,1620,0x0654,CLEARED,CONSUMED,True,True,0,UNDECLARED,
1,1621,0x0655,UNMAPPED,UNMAPPED,False,False,4,UNDECLARED,Chan012EqOn001
1,1622,0x0656,UNMAPPED,UNMAPPED,False,False,4,UNDECLARED,
1,1623,0x0657,UNMAPPED,UNMAPPED,False,False,4,UNDECLARED,
1,1624,0x0658,ECHO,CONSUMED,True,True,0,UNDECLARED,Chan012GateOn001
1,1625,0x0659,ECHO,CONSUMED,True,True,0,UNDECLARED,Chan012GateThr001
1,1626,0x065A,ECHO,CONSUMED,True,True,0,ms (log table),Chan012GateAtt001
1,1627,0x065B,ECHO,CONSUMED,True,True,0,ms,Chan012GateHold001
1,1628,0x065C,ECHO,CONSUMED,True,True,0,ms (log table),Chan012GateRel001
1,1629,0x065D,ECHO,CONSUMED,True,True,0,dB,Chan012GateRng001
1,1630,0x065E,ECHO,INERT,True,True,0,UNDECLARED,Chan012GateKey001
1,1631,0x065F,ECHO,INERT,True,True,0,UNDECLARED,Chan012GateDetSrc001
1,1632,0x0660,ECHO,CONSUMED,True,True,0,UNDECLARED,Chan012GateFilterOn001
1,1633,0x0661,ECHO,CONSUMED,True,True,0,UNDECLARED,Chan012GateFilterHpf001 Chan012GateFilterQ001
1,1634,0x0662,ECHO,CONSUMED,True,True,0,UNDECLARED,
1,1635,0x0663,ECHO,CONSUMED,True,True,0,UNDECLARED,
1,1636,0x0664,ECHO,CONSUMED,True,True,0,UNDECLARED,
1,1637,0x0665,ECHO,CONSUMED,True,True,0,UNDECLARED,
1,1638,0x0666,ECHO,CONSUMED,True,True,0,UNDECLARED,Chan012GateFilterLpf001
1,1639,0x0667,ECHO,CONSUMED,True,True,0,UNDECLARED,
1,1640,0x0668,ECHO,CONSUMED,True,True,0,UNDECLARED,Chan012CompOn001
1,1641,0x0669,ECHO,CONSUMED,True,True,0,UNDECLARED,Chan012CompThr001
1,1642,0x066A,ECHO,CONSUMED,True,True,0,UNDECLARED,Chan012CompRat001
1,1643,0x066B,ECHO,CONSUMED,True,True,0,ms (log table),Chan012CompAtt001
1,1644,0x066C,ECHO,CONSUMED,True,True,0,ms (log table),Chan012CompRel001
1,1645,0x066D,ECHO,CONSUMED,True,True,0,UNDECLARED,Chan012CompMake001
1,1646,0x066E,ECHO,CONSUMED,True,True,0,UNDECLARED,Chan012CompKnee001
1,1647,0x066F,ECHO,CONSUMED,True,True,0,percent 0-100,Chan012CompPar001
1,1648,0x0670,ECHO,INERT,True,True,0,UNDECLARED,Chan012CompType001
1,1649,0x0671,ECHO,INERT,True,True,0,UNDECLARED,Chan012CompKey001
1,1650,0x0672,ECHO,INERT,True,True,0,UNDECLARED,Chan012CompDetSrc001
1,1651,0x0673,ECHO,INERT,True,True,0,UNDECLARED,Chan012CompLimMode001
1,1652,0x0674,ECHO,INERT,True,True,0,UNDECLARED,Chan012CompEqPos001
1,1653,0x0675,ECHO,INERT,True,True,0,UNDECLARED,Chan012CompFilterOn001
1,1654,0x0676,ECHO,INERT,True,True,0,UNDECLARED,Chan012CompFilterHpf001 Chan012CompFilterLpf001 Chan012CompFilterQ001
1,1655,0x0677,ECHO,INERT,True,True,0,UNDECLARED,
1,1656,0x0678,ECHO,INERT,True,True,0,UNDECLARED,
1,1657,0x0679,ECHO,INERT,True,True,0,UNDECLARED,
1,1658,0x067A,ECHO,INERT,True,True,0,UNDECLARED,
1,1659,0x067B,ECHO,INERT,True,True,0,UNDECLARED,
1,1660,0x067C,ECHO,CONSUMED,True,True,0,UNDECLARED,Chan012TubeOn001
1,1661,0x067D,ECHO,CONSUMED,True,True,0,UNDECLARED,Chan012TubeSat001
1,1662,0x067E,ECHO,CONSUMED,True,True,0,ms,Chan012Delay001
1,1663,0x067F,ECHO,CONSUMED,True,True,0,UNDECLARED,
1,1664,0x0680,ECHO,CONSUMED,True,True,0,UNDECLARED,Chan012RtgLevel001
1,1665,0x0681,ECHO,CONSUMED,True,True,0,UNDECLARED,Chan012RtgPan001
1,1666,0x0682,ECHO,CONSUMED,True,True,0,bool 0/1,Chan012RtgMute001
1,1667,0x0683,ECHO,CONSUMED,True,True,0,UNDECLARED,Chan012RtgDca001
1,1668,0x0684,ECHO,CONSUMED,True,True,0,UNDECLARED,Chan012RtgMainOn001
1,1669,0x0685,ECHO,CONSUMED,True,True,0,UNDECLARED,Chan012RtgCtrOn001
1,1670,0x0686,ECHO,CONSUMED,True,True,0,UNDECLARED,Chan012RtgGrpOn001
1,1671,0x0687,ECHO,CONSUMED,True,True,0,UNDECLARED,Chan012RtgGrpOn002
1,1672,0x0688,ECHO,CONSUMED,True,True,0,UNDECLARED,Chan012RtgGrpOn003
1,1673,0x0689,ECHO,CONSUMED,True,True,0,UNDECLARED,Chan012RtgGrpOn004
1,1674,0x068A,ECHO,CONSUMED,True,True,0,UNDECLARED,Chan012RtgAuxOn001
1,1675,0x068B,ECHO,CONSUMED,True,True,0,UNDECLARED,Chan012RtgAuxOn002
1,1676,0x068C,ECHO,CONSUMED,True,True,0,UNDECLARED,Chan012RtgAuxOn003
1,1677,0x068D,ECHO,CONSUMED,True,True,0,UNDECLARED,Chan012RtgAuxOn004
1,1678,0x068E,ECHO,CONSUMED,True,True,0,UNDECLARED,Chan012RtgAuxOn005
1,1679,0x068F,ECHO,CONSUMED,True,True,0,UNDECLARED,Chan012RtgAuxOn006
1,1680,0x0690,ECHO,CONSUMED,True,True,0,UNDECLARED,Chan012RtgAuxOn007
1,1681,0x0691,ECHO,CONSUMED,True,True,0,UNDECLARED,Chan012RtgAuxOn008
1,1682,0x0692,ECHO,CONSUMED,True,True,0,UNDECLARED,Chan012RtgAuxOn009
1,1683,0x0693,ECHO,CONSUMED,True,True,0,UNDECLARED,Chan012RtgAuxOn010
1,1684,0x0694,ECHO,CONSUMED,True,True,0,UNDECLARED,Chan012RtgAuxOn011
1,1685,0x0695,ECHO,CONSUMED,True,True,0,UNDECLARED,Chan012RtgAuxOn012
1,1686,0x0696,ECHO,CONSUMED,True,True,0,UNDECLARED,Chan012RtgAuxSend001
1,1687,0x0697,ECHO,CONSUMED,True,True,0,UNDECLARED,Chan012RtgAuxSend002
1,1688,0x0698,ECHO,CONSUMED,True,True,0,UNDECLARED,Chan012RtgAuxSend003
1,1689,0x0699,ECHO,CONSUMED,True,True,0,UNDECLARED,Chan012RtgAuxSend004
1,1690,0x069A,ECHO,CONSUMED,True,True,0,UNDECLARED,Chan012RtgAuxSend005
1,1691,0x069B,ECHO,CONSUMED,True,True,0,UNDECLARED,Chan012RtgAuxSend006
1,1692,0x069C,ECHO,CONSUMED,True,True,0,UNDECLARED,Chan012RtgAuxSend007
1,1693,0x069D,ECHO,CONSUMED,True,True,0,UNDECLARED,Chan012RtgAuxSend008
1,1694,0x069E,ECHO,CONSUMED,True,True,0,UNDECLARED,Chan012RtgAuxSend009
1,1695,0x069F,ECHO,CONSUMED,True,True,0,UNDECLARED,Chan012RtgAuxSend010
1,1696,0x06A0,ECHO,CONSUMED,True,True,0,UNDECLARED,Chan012RtgAuxSend011
1,1697,0x06A1,ECHO,CONSUMED,True,True,0,UNDECLARED,Chan012RtgAuxSend012
1,1698,0x06A2,ECHO,CONSUMED,True,True,0,UNDECLARED,Chan012RtgAuxPick001
1,1699,0x06A3,ECHO,CONSUMED,True,True,0,UNDECLARED,Chan012RtgAuxPick002
1,1700,0x06A4,ECHO,CONSUMED,True,True,0,UNDECLARED,Chan012RtgAuxPick003
1,1701,0x06A5,ECHO,CONSUMED,True,True,0,UNDECLARED,Chan012RtgAuxPick004
1,1702,0x06A6,ECHO,CONSUMED,True,True,0,UNDECLARED,Chan012RtgAuxPick005
1,1703,0x06A7,ECHO,CONSUMED,True,True,0,UNDECLARED,Chan012RtgAuxPick006
1,1704,0x06A8,ECHO,CONSUMED,True,True,0,UNDECLARED,Chan012RtgAuxPick007
1,1705,0x06A9,ECHO,CONSUMED,True,True,0,UNDECLARED,Chan012RtgAuxPick008
1,1706,0x06AA,ECHO,CONSUMED,True,True,0,UNDECLARED,Chan012RtgAuxPick009
1,1707,0x06AB,ECHO,CONSUMED,True,True,0,UNDECLARED,Chan012RtgAuxPick010
1,1708,0x06AC,ECHO,CONSUMED,True,True,0,UNDECLARED,Chan012RtgAuxPick011
1,1709,0x06AD,ECHO,CONSUMED,True,True,0,UNDECLARED,Chan012RtgAuxPick012
1,1710,0x06AE,ECHO,CONSUMED,True,True,0,UNDECLARED,Chan012RtgFx001
1,1711,0x06AF,ECHO,CONSUMED,True,True,0,UNDECLARED,Chan012RtgFx002
1,1712,0x06B0,ECHO,CONSUMED,True,True,0,UNDECLARED,Chan012RtgFx003
1,1713,0x06B1,ECHO,CONSUMED,True,True,0,UNDECLARED,Chan012RtgFx004
1,1714,0x06B2,ECHO,CONSUMED,True,True,0,UNDECLARED,Chan012RtgFx005
1,1715,0x06B3,ECHO,CONSUMED,True,True,0,UNDECLARED,Chan012RtgFx006
1,1716,0x06B4,ECHO,CONSUMED,True,True,0,UNDECLARED,Chan012RtgFxSend001
1,1717,0x06B5,ECHO,CONSUMED,True,True,0,UNDECLARED,Chan012RtgFxSend002
1,1718,0x06B6,ECHO,CONSUMED,True,True,0,UNDECLARED,Chan012RtgFxSend003
1,1719,0x06B7,ECHO,CONSUMED,True,True,0,UNDECLARED,Chan012RtgFxSend004
1,1720,0x06B8,ECHO,CONSUMED,True,True,0,UNDECLARED,Chan012RtgFxSend005
1,1721,0x06B9,ECHO,CONSUMED,True,True,0,UNDECLARED,Chan012RtgFxSend006
1,1722,0x06BA,ECHO,CONSUMED,True,True,0,UNDECLARED,Chan012RtgFxPick001
1,1723,0x06BB,ECHO,CONSUMED,True,True,0,UNDECLARED,Chan012RtgFxPick002
1,1724,0x06BC,ECHO,CONSUMED,True,True,0,UNDECLARED,Chan012RtgFxPick003
1,1725,0x06BD,ECHO,CONSUMED,True,True,0,UNDECLARED,Chan012RtgFxPick004
1,1726,0x06BE,ECHO,CONSUMED,True,True,0,UNDECLARED,Chan012RtgFxPick005
1,1727,0x06BF,ECHO,CONSUMED,True,True,0,UNDECLARED,Chan012RtgFxPick006
1,1728,0x06C0,ECHO,CONSUMED,True,True,0,UNDECLARED,Chan013Gain001
1,1729,0x06C1,ECHO,CONSUMED,True,True,0,bool 0/1,Chan013Pol001
1,1730,0x06C2,UNMAPPED,UNMAPPED,False,False,3,UNDECLARED,Chan013Phantom001
1,1731,0x06C3,UNMAPPED,UNMAPPED,False,False,3,UNDECLARED,Chan013InputSel001
1,1732,0x06C4,ECHO,CONSUMED,True,True,0,UNDECLARED,Chan013EqHpf001 Chan013EqHpfSlope001
1,1733,0x06C5,ECHO,CONSUMED,True,True,0,UNDECLARED,
1,1734,0x06C6,ECHO,CONSUMED,True,True,0,UNDECLARED,
1,1735,0x06C7,ECHO,CONSUMED,True,True,0,UNDECLARED,
1,1736,0x06C8,ECHO,CONSUMED,True,True,0,UNDECLARED,
1,1737,0x06C9,CLEARED,CONSUMED,True,True,0,UNDECLARED,
1,1738,0x06CA,ECHO,CONSUMED,True,True,0,UNDECLARED,Chan013EqLpf001
1,1739,0x06CB,ECHO,CONSUMED,True,True,0,UNDECLARED,
1,1740,0x06CC,ECHO,CONSUMED,True,True,0,UNDECLARED,
1,1741,0x06CD,ECHO,CONSUMED,True,True,0,UNDECLARED,
1,1742,0x06CE,ECHO,CONSUMED,True,True,0,UNDECLARED,
1,1743,0x06CF,CLEARED,CONSUMED,True,True,0,UNDECLARED,
1,1744,0x06D0,ECHO,CONSUMED,True,True,0,UNDECLARED,Chan013EqFreq001 Chan013EqGain001 Chan013EqQ001 Chan013EqShelf001
1,1745,0x06D1,ECHO,CONSUMED,True,True,0,UNDECLARED,
1,1746,0x06D2,ECHO,CONSUMED,True,True,0,UNDECLARED,
1,1747,0x06D3,ECHO,CONSUMED,True,True,0,UNDECLARED,
1,1748,0x06D4,ECHO,CONSUMED,True,True,0,UNDECLARED,
1,1749,0x06D5,ECHO,CONSUMED,True,True,0,UNDECLARED,Chan013EqFreq002 Chan013EqGain002 Chan013EqQ002
1,1750,0x06D6,ECHO,CONSUMED,True,True,0,UNDECLARED,
1,1751,0x06D7,ECHO,CONSUMED,True,True,0,UNDECLARED,
1,1752,0x06D8,ECHO,CONSUMED,True,True,0,UNDECLARED,
1,1753,0x06D9,ECHO,CONSUMED,True,True,0,UNDECLARED,
1,1754,0x06DA,ECHO,CONSUMED,True,True,0,UNDECLARED,Chan013EqFreq003 Chan013EqGain003 Chan013EqQ003
1,1755,0x06DB,ECHO,CONSUMED,True,True,0,UNDECLARED,
1,1756,0x06DC,ECHO,CONSUMED,True,True,0,UNDECLARED,
1,1757,0x06DD,ECHO,CONSUMED,True,True,0,UNDECLARED,
1,1758,0x06DE,ECHO,CONSUMED,True,True,0,UNDECLARED,
1,1759,0x06DF,ECHO,CONSUMED,True,True,0,UNDECLARED,Chan013EqFreq004 Chan013EqGain004 Chan013EqQ004 Chan013EqShelf002
1,1760,0x06E0,ECHO,CONSUMED,True,True,0,UNDECLARED,
1,1761,0x06E1,ECHO,CONSUMED,True,True,0,UNDECLARED,
1,1762,0x06E2,ECHO,CONSUMED,True,True,0,UNDECLARED,
1,1763,0x06E3,ECHO,CONSUMED,True,True,0,UNDECLARED,
1,1764,0x06E4,CLEARED,CONSUMED,True,True,0,UNDECLARED,
1,1765,0x06E5,UNMAPPED,UNMAPPED,False,False,4,UNDECLARED,Chan013EqOn001
1,1766,0x06E6,UNMAPPED,UNMAPPED,False,False,4,UNDECLARED,
1,1767,0x06E7,UNMAPPED,UNMAPPED,False,False,4,UNDECLARED,
1,1768,0x06E8,ECHO,CONSUMED,True,True,0,UNDECLARED,Chan013GateOn001
1,1769,0x06E9,ECHO,CONSUMED,True,True,0,UNDECLARED,Chan013GateThr001
1,1770,0x06EA,ECHO,CONSUMED,True,True,0,ms (log table),Chan013GateAtt001
1,1771,0x06EB,ECHO,CONSUMED,True,True,0,ms,Chan013GateHold001
1,1772,0x06EC,ECHO,CONSUMED,True,True,0,ms (log table),Chan013GateRel001
1,1773,0x06ED,ECHO,CONSUMED,True,True,0,dB,Chan013GateRng001
1,1774,0x06EE,ECHO,INERT,True,True,0,UNDECLARED,Chan013GateKey001
1,1775,0x06EF,ECHO,INERT,True,True,0,UNDECLARED,Chan013GateDetSrc001
1,1776,0x06F0,ECHO,CONSUMED,True,True,0,UNDECLARED,Chan013GateFilterOn001
1,1777,0x06F1,ECHO,CONSUMED,True,True,0,UNDECLARED,Chan013GateFilterHpf001 Chan013GateFilterQ001
1,1778,0x06F2,ECHO,CONSUMED,True,True,0,UNDECLARED,
1,1779,0x06F3,ECHO,CONSUMED,True,True,0,UNDECLARED,
1,1780,0x06F4,ECHO,CONSUMED,True,True,0,UNDECLARED,
1,1781,0x06F5,ECHO,CONSUMED,True,True,0,UNDECLARED,
1,1782,0x06F6,ECHO,CONSUMED,True,True,0,UNDECLARED,Chan013GateFilterLpf001
1,1783,0x06F7,ECHO,CONSUMED,True,True,0,UNDECLARED,
1,1784,0x06F8,ECHO,CONSUMED,True,True,0,UNDECLARED,Chan013CompOn001
1,1785,0x06F9,ECHO,CONSUMED,True,True,0,UNDECLARED,Chan013CompThr001
1,1786,0x06FA,ECHO,CONSUMED,True,True,0,UNDECLARED,Chan013CompRat001
1,1787,0x06FB,ECHO,CONSUMED,True,True,0,ms (log table),Chan013CompAtt001
1,1788,0x06FC,ECHO,CONSUMED,True,True,0,ms (log table),Chan013CompRel001
1,1789,0x06FD,ECHO,CONSUMED,True,True,0,UNDECLARED,Chan013CompMake001
1,1790,0x06FE,ECHO,CONSUMED,True,True,0,UNDECLARED,Chan013CompKnee001
1,1791,0x06FF,ECHO,CONSUMED,True,True,0,percent 0-100,Chan013CompPar001
1,1792,0x0700,ECHO,INERT,True,True,0,UNDECLARED,Chan013CompType001
1,1793,0x0701,ECHO,INERT,True,True,0,UNDECLARED,Chan013CompKey001
1,1794,0x0702,ECHO,INERT,True,True,0,UNDECLARED,Chan013CompDetSrc001
1,1795,0x0703,ECHO,INERT,True,True,0,UNDECLARED,Chan013CompLimMode001
1,1796,0x0704,ECHO,INERT,True,True,0,UNDECLARED,Chan013CompEqPos001
1,1797,0x0705,ECHO,INERT,True,True,0,UNDECLARED,Chan013CompFilterOn001
1,1798,0x0706,ECHO,INERT,True,True,0,UNDECLARED,Chan013CompFilterHpf001 Chan013CompFilterLpf001 Chan013CompFilterQ001
1,1799,0x0707,ECHO,INERT,True,True,0,UNDECLARED,
1,1800,0x0708,ECHO,INERT,True,True,0,UNDECLARED,
1,1801,0x0709,ECHO,INERT,True,True,0,UNDECLARED,
1,1802,0x070A,ECHO,INERT,True,True,0,UNDECLARED,
1,1803,0x070B,ECHO,INERT,True,True,0,UNDECLARED,
1,1804,0x070C,ECHO,CONSUMED,True,True,0,UNDECLARED,Chan013TubeOn001
1,1805,0x070D,ECHO,CONSUMED,True,True,0,UNDECLARED,Chan013TubeSat001
1,1806,0x070E,ECHO,CONSUMED,True,True,0,ms,Chan013Delay001
1,1807,0x070F,ECHO,CONSUMED,True,True,0,UNDECLARED,
1,1808,0x0710,ECHO,CONSUMED,True,True,0,UNDECLARED,Chan013RtgLevel001
1,1809,0x0711,ECHO,CONSUMED,True,True,0,UNDECLARED,Chan013RtgPan001
1,1810,0x0712,ECHO,CONSUMED,True,True,0,bool 0/1,Chan013RtgMute001
1,1811,0x0713,ECHO,CONSUMED,True,True,0,UNDECLARED,Chan013RtgDca001
1,1812,0x0714,ECHO,CONSUMED,True,True,0,UNDECLARED,Chan013RtgMainOn001
1,1813,0x0715,ECHO,CONSUMED,True,True,0,UNDECLARED,Chan013RtgCtrOn001
1,1814,0x0716,ECHO,CONSUMED,True,True,0,UNDECLARED,Chan013RtgGrpOn001
1,1815,0x0717,ECHO,CONSUMED,True,True,0,UNDECLARED,Chan013RtgGrpOn002
1,1816,0x0718,ECHO,CONSUMED,True,True,0,UNDECLARED,Chan013RtgGrpOn003
1,1817,0x0719,ECHO,CONSUMED,True,True,0,UNDECLARED,Chan013RtgGrpOn004
1,1818,0x071A,ECHO,CONSUMED,True,True,0,UNDECLARED,Chan013RtgAuxOn001
1,1819,0x071B,ECHO,CONSUMED,True,True,0,UNDECLARED,Chan013RtgAuxOn002
1,1820,0x071C,ECHO,CONSUMED,True,True,0,UNDECLARED,Chan013RtgAuxOn003
1,1821,0x071D,ECHO,CONSUMED,True,True,0,UNDECLARED,Chan013RtgAuxOn004
1,1822,0x071E,ECHO,CONSUMED,True,True,0,UNDECLARED,Chan013RtgAuxOn005
1,1823,0x071F,ECHO,CONSUMED,True,True,0,UNDECLARED,Chan013RtgAuxOn006
1,1824,0x0720,ECHO,CONSUMED,True,True,0,UNDECLARED,Chan013RtgAuxOn007
1,1825,0x0721,ECHO,CONSUMED,True,True,0,UNDECLARED,Chan013RtgAuxOn008
1,1826,0x0722,ECHO,CONSUMED,True,True,0,UNDECLARED,Chan013RtgAuxOn009
1,1827,0x0723,ECHO,CONSUMED,True,True,0,UNDECLARED,Chan013RtgAuxOn010
1,1828,0x0724,ECHO,CONSUMED,True,True,0,UNDECLARED,Chan013RtgAuxOn011
1,1829,0x0725,ECHO,CONSUMED,True,True,0,UNDECLARED,Chan013RtgAuxOn012
1,1830,0x0726,ECHO,CONSUMED,True,True,0,UNDECLARED,Chan013RtgAuxSend001
1,1831,0x0727,ECHO,CONSUMED,True,True,0,UNDECLARED,Chan013RtgAuxSend002
1,1832,0x0728,ECHO,CONSUMED,True,True,0,UNDECLARED,Chan013RtgAuxSend003
1,1833,0x0729,ECHO,CONSUMED,True,True,0,UNDECLARED,Chan013RtgAuxSend004
1,1834,0x072A,ECHO,CONSUMED,True,True,0,UNDECLARED,Chan013RtgAuxSend005
1,1835,0x072B,ECHO,CONSUMED,True,True,0,UNDECLARED,Chan013RtgAuxSend006
1,1836,0x072C,ECHO,CONSUMED,True,True,0,UNDECLARED,Chan013RtgAuxSend007
1,1837,0x072D,ECHO,CONSUMED,True,True,0,UNDECLARED,Chan013RtgAuxSend008
1,1838,0x072E,ECHO,CONSUMED,True,True,0,UNDECLARED,Chan013RtgAuxSend009
1,1839,0x072F,ECHO,CONSUMED,True,True,0,UNDECLARED,Chan013RtgAuxSend010
1,1840,0x0730,ECHO,CONSUMED,True,True,0,UNDECLARED,Chan013RtgAuxSend011
1,1841,0x0731,ECHO,CONSUMED,True,True,0,UNDECLARED,Chan013RtgAuxSend012
1,1842,0x0732,ECHO,CONSUMED,True,True,0,UNDECLARED,Chan013RtgAuxPick001
1,1843,0x0733,ECHO,CONSUMED,True,True,0,UNDECLARED,Chan013RtgAuxPick002
1,1844,0x0734,ECHO,CONSUMED,True,True,0,UNDECLARED,Chan013RtgAuxPick003
1,1845,0x0735,ECHO,CONSUMED,True,True,0,UNDECLARED,Chan013RtgAuxPick004
1,1846,0x0736,ECHO,CONSUMED,True,True,0,UNDECLARED,Chan013RtgAuxPick005
1,1847,0x0737,ECHO,CONSUMED,True,True,0,UNDECLARED,Chan013RtgAuxPick006
1,1848,0x0738,ECHO,CONSUMED,True,True,0,UNDECLARED,Chan013RtgAuxPick007
1,1849,0x0739,ECHO,CONSUMED,True,True,0,UNDECLARED,Chan013RtgAuxPick008
1,1850,0x073A,ECHO,CONSUMED,True,True,0,UNDECLARED,Chan013RtgAuxPick009
1,1851,0x073B,ECHO,CONSUMED,True,True,0,UNDECLARED,Chan013RtgAuxPick010
1,1852,0x073C,ECHO,CONSUMED,True,True,0,UNDECLARED,Chan013RtgAuxPick011
1,1853,0x073D,ECHO,CONSUMED,True,True,0,UNDECLARED,Chan013RtgAuxPick012
1,1854,0x073E,ECHO,CONSUMED,True,True,0,UNDECLARED,Chan013RtgFx001
1,1855,0x073F,ECHO,CONSUMED,True,True,0,UNDECLARED,Chan013RtgFx002
1,1856,0x0740,ECHO,CONSUMED,True,True,0,UNDECLARED,Chan013RtgFx003
1,1857,0x0741,ECHO,CONSUMED,True,True,0,UNDECLARED,Chan013RtgFx004
1,1858,0x0742,ECHO,CONSUMED,True,True,0,UNDECLARED,Chan013RtgFx005
1,1859,0x0743,ECHO,CONSUMED,True,True,0,UNDECLARED,Chan013RtgFx006
1,1860,0x0744,ECHO,CONSUMED,True,True,0,UNDECLARED,Chan013RtgFxSend001
1,1861,0x0745,ECHO,CONSUMED,True,True,0,UNDECLARED,Chan013RtgFxSend002
1,1862,0x0746,ECHO,CONSUMED,True,True,0,UNDECLARED,Chan013RtgFxSend003
1,1863,0x0747,ECHO,CONSUMED,True,True,0,UNDECLARED,Chan013RtgFxSend004
1,1864,0x0748,ECHO,CONSUMED,True,True,0,UNDECLARED,Chan013RtgFxSend005
1,1865,0x0749,ECHO,CONSUMED,True,True,0,UNDECLARED,Chan013RtgFxSend006
1,1866,0x074A,ECHO,CONSUMED,True,True,0,UNDECLARED,Chan013RtgFxPick001
1,1867,0x074B,ECHO,CONSUMED,True,True,0,UNDECLARED,Chan013RtgFxPick002
1,1868,0x074C,ECHO,CONSUMED,True,True,0,UNDECLARED,Chan013RtgFxPick003
1,1869,0x074D,ECHO,CONSUMED,True,True,0,UNDECLARED,Chan013RtgFxPick004
1,1870,0x074E,ECHO,CONSUMED,True,True,0,UNDECLARED,Chan013RtgFxPick005
1,1871,0x074F,ECHO,CONSUMED,True,True,0,UNDECLARED,Chan013RtgFxPick006
1,1872,0x0750,ECHO,CONSUMED,True,True,0,UNDECLARED,Chan014Gain001
1,1873,0x0751,ECHO,CONSUMED,True,True,0,bool 0/1,Chan014Pol001
1,1874,0x0752,UNMAPPED,UNMAPPED,False,False,3,UNDECLARED,Chan014Phantom001
1,1875,0x0753,UNMAPPED,UNMAPPED,False,False,3,UNDECLARED,Chan014InputSel001
1,1876,0x0754,ECHO,CONSUMED,True,True,0,UNDECLARED,Chan014EqHpf001 Chan014EqHpfSlope001
1,1877,0x0755,ECHO,CONSUMED,True,True,0,UNDECLARED,
1,1878,0x0756,ECHO,CONSUMED,True,True,0,UNDECLARED,
1,1879,0x0757,ECHO,CONSUMED,True,True,0,UNDECLARED,
1,1880,0x0758,ECHO,CONSUMED,True,True,0,UNDECLARED,
1,1881,0x0759,CLEARED,CONSUMED,True,True,0,UNDECLARED,
1,1882,0x075A,ECHO,CONSUMED,True,True,0,UNDECLARED,Chan014EqLpf001
1,1883,0x075B,ECHO,CONSUMED,True,True,0,UNDECLARED,
1,1884,0x075C,ECHO,CONSUMED,True,True,0,UNDECLARED,
1,1885,0x075D,ECHO,CONSUMED,True,True,0,UNDECLARED,
1,1886,0x075E,ECHO,CONSUMED,True,True,0,UNDECLARED,
1,1887,0x075F,CLEARED,CONSUMED,True,True,0,UNDECLARED,
1,1888,0x0760,ECHO,CONSUMED,True,True,0,UNDECLARED,Chan014EqFreq001 Chan014EqGain001 Chan014EqQ001 Chan014EqShelf001
1,1889,0x0761,ECHO,CONSUMED,True,True,0,UNDECLARED,
1,1890,0x0762,ECHO,CONSUMED,True,True,0,UNDECLARED,
1,1891,0x0763,ECHO,CONSUMED,True,True,0,UNDECLARED,
1,1892,0x0764,ECHO,CONSUMED,True,True,0,UNDECLARED,
1,1893,0x0765,ECHO,CONSUMED,True,True,0,UNDECLARED,Chan014EqFreq002 Chan014EqGain002 Chan014EqQ002
1,1894,0x0766,ECHO,CONSUMED,True,True,0,UNDECLARED,
1,1895,0x0767,ECHO,CONSUMED,True,True,0,UNDECLARED,
1,1896,0x0768,ECHO,CONSUMED,True,True,0,UNDECLARED,
1,1897,0x0769,ECHO,CONSUMED,True,True,0,UNDECLARED,
1,1898,0x076A,ECHO,CONSUMED,True,True,0,UNDECLARED,Chan014EqFreq003 Chan014EqGain003 Chan014EqQ003
1,1899,0x076B,ECHO,CONSUMED,True,True,0,UNDECLARED,
1,1900,0x076C,ECHO,CONSUMED,True,True,0,UNDECLARED,
1,1901,0x076D,ECHO,CONSUMED,True,True,0,UNDECLARED,
1,1902,0x076E,ECHO,CONSUMED,True,True,0,UNDECLARED,
1,1903,0x076F,ECHO,CONSUMED,True,True,0,UNDECLARED,Chan014EqFreq004 Chan014EqGain004 Chan014EqQ004 Chan014EqShelf002
1,1904,0x0770,ECHO,CONSUMED,True,True,0,UNDECLARED,
1,1905,0x0771,ECHO,CONSUMED,True,True,0,UNDECLARED,
1,1906,0x0772,ECHO,CONSUMED,True,True,0,UNDECLARED,
1,1907,0x0773,ECHO,CONSUMED,True,True,0,UNDECLARED,
1,1908,0x0774,CLEARED,CONSUMED,True,True,0,UNDECLARED,
1,1909,0x0775,UNMAPPED,UNMAPPED,False,False,4,UNDECLARED,Chan014EqOn001
1,1910,0x0776,UNMAPPED,UNMAPPED,False,False,4,UNDECLARED,
1,1911,0x0777,UNMAPPED,UNMAPPED,False,False,4,UNDECLARED,
1,1912,0x0778,ECHO,CONSUMED,True,True,0,UNDECLARED,Chan014GateOn001
1,1913,0x0779,ECHO,CONSUMED,True,True,0,UNDECLARED,Chan014GateThr001
1,1914,0x077A,ECHO,CONSUMED,True,True,0,ms (log table),Chan014GateAtt001
1,1915,0x077B,ECHO,CONSUMED,True,True,0,ms,Chan014GateHold001
1,1916,0x077C,ECHO,CONSUMED,True,True,0,ms (log table),Chan014GateRel001
1,1917,0x077D,ECHO,CONSUMED,True,True,0,dB,Chan014GateRng001
1,1918,0x077E,ECHO,INERT,True,True,0,UNDECLARED,Chan014GateKey001
1,1919,0x077F,ECHO,INERT,True,True,0,UNDECLARED,Chan014GateDetSrc001
1,1920,0x0780,ECHO,CONSUMED,True,True,0,UNDECLARED,Chan014GateFilterOn001
1,1921,0x0781,ECHO,CONSUMED,True,True,0,UNDECLARED,Chan014GateFilterHpf001 Chan014GateFilterQ001
1,1922,0x0782,ECHO,CONSUMED,True,True,0,UNDECLARED,
1,1923,0x0783,ECHO,CONSUMED,True,True,0,UNDECLARED,
1,1924,0x0784,ECHO,CONSUMED,True,True,0,UNDECLARED,
1,1925,0x0785,ECHO,CONSUMED,True,True,0,UNDECLARED,
1,1926,0x0786,ECHO,CONSUMED,True,True,0,UNDECLARED,Chan014GateFilterLpf001
1,1927,0x0787,ECHO,CONSUMED,True,True,0,UNDECLARED,
1,1928,0x0788,ECHO,CONSUMED,True,True,0,UNDECLARED,Chan014CompOn001
1,1929,0x0789,ECHO,CONSUMED,True,True,0,UNDECLARED,Chan014CompThr001
1,1930,0x078A,ECHO,CONSUMED,True,True,0,UNDECLARED,Chan014CompRat001
1,1931,0x078B,ECHO,CONSUMED,True,True,0,ms (log table),Chan014CompAtt001
1,1932,0x078C,ECHO,CONSUMED,True,True,0,ms (log table),Chan014CompRel001
1,1933,0x078D,ECHO,CONSUMED,True,True,0,UNDECLARED,Chan014CompMake001
1,1934,0x078E,ECHO,CONSUMED,True,True,0,UNDECLARED,Chan014CompKnee001
1,1935,0x078F,ECHO,CONSUMED,True,True,0,percent 0-100,Chan014CompPar001
1,1936,0x0790,ECHO,INERT,True,True,0,UNDECLARED,Chan014CompType001
1,1937,0x0791,ECHO,INERT,True,True,0,UNDECLARED,Chan014CompKey001
1,1938,0x0792,ECHO,INERT,True,True,0,UNDECLARED,Chan014CompDetSrc001
1,1939,0x0793,ECHO,INERT,True,True,0,UNDECLARED,Chan014CompLimMode001
1,1940,0x0794,ECHO,INERT,True,True,0,UNDECLARED,Chan014CompEqPos001
1,1941,0x0795,ECHO,INERT,True,True,0,UNDECLARED,Chan014CompFilterOn001
1,1942,0x0796,ECHO,INERT,True,True,0,UNDECLARED,Chan014CompFilterHpf001 Chan014CompFilterLpf001 Chan014CompFilterQ001
1,1943,0x0797,ECHO,INERT,True,True,0,UNDECLARED,
1,1944,0x0798,ECHO,INERT,True,True,0,UNDECLARED,
1,1945,0x0799,ECHO,INERT,True,True,0,UNDECLARED,
1,1946,0x079A,ECHO,INERT,True,True,0,UNDECLARED,
1,1947,0x079B,ECHO,INERT,True,True,0,UNDECLARED,
1,1948,0x079C,ECHO,CONSUMED,True,True,0,UNDECLARED,Chan014TubeOn001
1,1949,0x079D,ECHO,CONSUMED,True,True,0,UNDECLARED,Chan014TubeSat001
1,1950,0x079E,ECHO,CONSUMED,True,True,0,ms,Chan014Delay001
1,1951,0x079F,ECHO,CONSUMED,True,True,0,UNDECLARED,
1,1952,0x07A0,ECHO,CONSUMED,True,True,0,UNDECLARED,Chan014RtgLevel001
1,1953,0x07A1,ECHO,CONSUMED,True,True,0,UNDECLARED,Chan014RtgPan001
1,1954,0x07A2,ECHO,CONSUMED,True,True,0,bool 0/1,Chan014RtgMute001
1,1955,0x07A3,ECHO,CONSUMED,True,True,0,UNDECLARED,Chan014RtgDca001
1,1956,0x07A4,ECHO,CONSUMED,True,True,0,UNDECLARED,Chan014RtgMainOn001
1,1957,0x07A5,ECHO,CONSUMED,True,True,0,UNDECLARED,Chan014RtgCtrOn001
1,1958,0x07A6,ECHO,CONSUMED,True,True,0,UNDECLARED,Chan014RtgGrpOn001
1,1959,0x07A7,ECHO,CONSUMED,True,True,0,UNDECLARED,Chan014RtgGrpOn002
1,1960,0x07A8,ECHO,CONSUMED,True,True,0,UNDECLARED,Chan014RtgGrpOn003
1,1961,0x07A9,ECHO,CONSUMED,True,True,0,UNDECLARED,Chan014RtgGrpOn004
1,1962,0x07AA,ECHO,CONSUMED,True,True,0,UNDECLARED,Chan014RtgAuxOn001
1,1963,0x07AB,ECHO,CONSUMED,True,True,0,UNDECLARED,Chan014RtgAuxOn002
1,1964,0x07AC,ECHO,CONSUMED,True,True,0,UNDECLARED,Chan014RtgAuxOn003
1,1965,0x07AD,ECHO,CONSUMED,True,True,0,UNDECLARED,Chan014RtgAuxOn004
1,1966,0x07AE,ECHO,CONSUMED,True,True,0,UNDECLARED,Chan014RtgAuxOn005
1,1967,0x07AF,ECHO,CONSUMED,True,True,0,UNDECLARED,Chan014RtgAuxOn006
1,1968,0x07B0,ECHO,CONSUMED,True,True,0,UNDECLARED,Chan014RtgAuxOn007
1,1969,0x07B1,ECHO,CONSUMED,True,True,0,UNDECLARED,Chan014RtgAuxOn008
1,1970,0x07B2,ECHO,CONSUMED,True,True,0,UNDECLARED,Chan014RtgAuxOn009
1,1971,0x07B3,ECHO,CONSUMED,True,True,0,UNDECLARED,Chan014RtgAuxOn010
1,1972,0x07B4,ECHO,CONSUMED,True,True,0,UNDECLARED,Chan014RtgAuxOn011
1,1973,0x07B5,ECHO,CONSUMED,True,True,0,UNDECLARED,Chan014RtgAuxOn012
1,1974,0x07B6,ECHO,CONSUMED,True,True,0,UNDECLARED,Chan014RtgAuxSend001
1,1975,0x07B7,ECHO,CONSUMED,True,True,0,UNDECLARED,Chan014RtgAuxSend002
1,1976,0x07B8,ECHO,CONSUMED,True,True,0,UNDECLARED,Chan014RtgAuxSend003
1,1977,0x07B9,ECHO,CONSUMED,True,True,0,UNDECLARED,Chan014RtgAuxSend004
1,1978,0x07BA,ECHO,CONSUMED,True,True,0,UNDECLARED,Chan014RtgAuxSend005
1,1979,0x07BB,ECHO,CONSUMED,True,True,0,UNDECLARED,Chan014RtgAuxSend006
1,1980,0x07BC,ECHO,CONSUMED,True,True,0,UNDECLARED,Chan014RtgAuxSend007
1,1981,0x07BD,ECHO,CONSUMED,True,True,0,UNDECLARED,Chan014RtgAuxSend008
1,1982,0x07BE,ECHO,CONSUMED,True,True,0,UNDECLARED,Chan014RtgAuxSend009
1,1983,0x07BF,ECHO,CONSUMED,True,True,0,UNDECLARED,Chan014RtgAuxSend010
1,1984,0x07C0,ECHO,CONSUMED,True,True,0,UNDECLARED,Chan014RtgAuxSend011
1,1985,0x07C1,ECHO,CONSUMED,True,True,0,UNDECLARED,Chan014RtgAuxSend012
1,1986,0x07C2,ECHO,CONSUMED,True,True,0,UNDECLARED,Chan014RtgAuxPick001
1,1987,0x07C3,ECHO,CONSUMED,True,True,0,UNDECLARED,Chan014RtgAuxPick002
1,1988,0x07C4,ECHO,CONSUMED,True,True,0,UNDECLARED,Chan014RtgAuxPick003
1,1989,0x07C5,ECHO,CONSUMED,True,True,0,UNDECLARED,Chan014RtgAuxPick004
1,1990,0x07C6,ECHO,CONSUMED,True,True,0,UNDECLARED,Chan014RtgAuxPick005
1,1991,0x07C7,ECHO,CONSUMED,True,True,0,UNDECLARED,Chan014RtgAuxPick006
1,1992,0x07C8,ECHO,CONSUMED,True,True,0,UNDECLARED,Chan014RtgAuxPick007
1,1993,0x07C9,ECHO,CONSUMED,True,True,0,UNDECLARED,Chan014RtgAuxPick008
1,1994,0x07CA,ECHO,CONSUMED,True,True,0,UNDECLARED,Chan014RtgAuxPick009
1,1995,0x07CB,ECHO,CONSUMED,True,True,0,UNDECLARED,Chan014RtgAuxPick010
1,1996,0x07CC,ECHO,CONSUMED,True,True,0,UNDECLARED,Chan014RtgAuxPick011
1,1997,0x07CD,ECHO,CONSUMED,True,True,0,UNDECLARED,Chan014RtgAuxPick012
1,1998,0x07CE,ECHO,CONSUMED,True,True,0,UNDECLARED,Chan014RtgFx001
1,1999,0x07CF,ECHO,CONSUMED,True,True,0,UNDECLARED,Chan014RtgFx002
1,2000,0x07D0,ECHO,CONSUMED,True,True,0,UNDECLARED,Chan014RtgFx003
1,2001,0x07D1,ECHO,CONSUMED,True,True,0,UNDECLARED,Chan014RtgFx004
1,2002,0x07D2,ECHO,CONSUMED,True,True,0,UNDECLARED,Chan014RtgFx005
1,2003,0x07D3,ECHO,CONSUMED,True,True,0,UNDECLARED,Chan014RtgFx006
1,2004,0x07D4,ECHO,CONSUMED,True,True,0,UNDECLARED,Chan014RtgFxSend001
1,2005,0x07D5,ECHO,CONSUMED,True,True,0,UNDECLARED,Chan014RtgFxSend002
1,2006,0x07D6,ECHO,CONSUMED,True,True,0,UNDECLARED,Chan014RtgFxSend003
1,2007,0x07D7,ECHO,CONSUMED,True,True,0,UNDECLARED,Chan014RtgFxSend004
1,2008,0x07D8,ECHO,CONSUMED,True,True,0,UNDECLARED,Chan014RtgFxSend005
1,2009,0x07D9,ECHO,CONSUMED,True,True,0,UNDECLARED,Chan014RtgFxSend006
1,2010,0x07DA,ECHO,CONSUMED,True,True,0,UNDECLARED,Chan014RtgFxPick001
1,2011,0x07DB,ECHO,CONSUMED,True,True,0,UNDECLARED,Chan014RtgFxPick002
1,2012,0x07DC,ECHO,CONSUMED,True,True,0,UNDECLARED,Chan014RtgFxPick003
1,2013,0x07DD,ECHO,CONSUMED,True,True,0,UNDECLARED,Chan014RtgFxPick004
1,2014,0x07DE,ECHO,CONSUMED,True,True,0,UNDECLARED,Chan014RtgFxPick005
1,2015,0x07DF,ECHO,CONSUMED,True,True,0,UNDECLARED,Chan014RtgFxPick006
1,2016,0x07E0,ECHO,CONSUMED,True,True,0,UNDECLARED,Chan015Gain001
1,2017,0x07E1,ECHO,CONSUMED,True,True,0,bool 0/1,Chan015Pol001
1,2018,0x07E2,UNMAPPED,UNMAPPED,False,False,3,UNDECLARED,Chan015Phantom001
1,2019,0x07E3,UNMAPPED,UNMAPPED,False,False,3,UNDECLARED,Chan015InputSel001
1,2020,0x07E4,ECHO,CONSUMED,True,True,0,UNDECLARED,Chan015EqHpf001 Chan015EqHpfSlope001
1,2021,0x07E5,ECHO,CONSUMED,True,True,0,UNDECLARED,
1,2022,0x07E6,ECHO,CONSUMED,True,True,0,UNDECLARED,
1,2023,0x07E7,ECHO,CONSUMED,True,True,0,UNDECLARED,
1,2024,0x07E8,ECHO,CONSUMED,True,True,0,UNDECLARED,
1,2025,0x07E9,CLEARED,CONSUMED,True,True,0,UNDECLARED,
1,2026,0x07EA,ECHO,CONSUMED,True,True,0,UNDECLARED,Chan015EqLpf001
1,2027,0x07EB,ECHO,CONSUMED,True,True,0,UNDECLARED,
1,2028,0x07EC,ECHO,CONSUMED,True,True,0,UNDECLARED,
1,2029,0x07ED,ECHO,CONSUMED,True,True,0,UNDECLARED,
1,2030,0x07EE,ECHO,CONSUMED,True,True,0,UNDECLARED,
1,2031,0x07EF,CLEARED,CONSUMED,True,True,0,UNDECLARED,
1,2032,0x07F0,ECHO,CONSUMED,True,True,0,UNDECLARED,Chan015EqFreq001 Chan015EqGain001 Chan015EqQ001 Chan015EqShelf001
1,2033,0x07F1,ECHO,CONSUMED,True,True,0,UNDECLARED,
1,2034,0x07F2,ECHO,CONSUMED,True,True,0,UNDECLARED,
1,2035,0x07F3,ECHO,CONSUMED,True,True,0,UNDECLARED,
1,2036,0x07F4,ECHO,CONSUMED,True,True,0,UNDECLARED,
1,2037,0x07F5,ECHO,CONSUMED,True,True,0,UNDECLARED,Chan015EqFreq002 Chan015EqGain002 Chan015EqQ002
1,2038,0x07F6,ECHO,CONSUMED,True,True,0,UNDECLARED,
1,2039,0x07F7,ECHO,CONSUMED,True,True,0,UNDECLARED,
1,2040,0x07F8,ECHO,CONSUMED,True,True,0,UNDECLARED,
1,2041,0x07F9,ECHO,CONSUMED,True,True,0,UNDECLARED,
1,2042,0x07FA,ECHO,CONSUMED,True,True,0,UNDECLARED,Chan015EqFreq003 Chan015EqGain003 Chan015EqQ003
1,2043,0x07FB,ECHO,CONSUMED,True,True,0,UNDECLARED,
1,2044,0x07FC,ECHO,CONSUMED,True,True,0,UNDECLARED,
1,2045,0x07FD,ECHO,CONSUMED,True,True,0,UNDECLARED,
1,2046,0x07FE,ECHO,CONSUMED,True,True,0,UNDECLARED,
1,2047,0x07FF,ECHO,CONSUMED,True,True,0,UNDECLARED,Chan015EqFreq004 Chan015EqGain004 Chan015EqQ004 Chan015EqShelf002
1,2048,0x0800,ECHO,CONSUMED,True,True,0,UNDECLARED,
1,2049,0x0801,ECHO,CONSUMED,True,True,0,UNDECLARED,
1,2050,0x0802,ECHO,CONSUMED,True,True,0,UNDECLARED,
1,2051,0x0803,ECHO,CONSUMED,True,True,0,UNDECLARED,
1,2052,0x0804,CLEARED,CONSUMED,True,True,0,UNDECLARED,
1,2053,0x0805,UNMAPPED,UNMAPPED,False,False,4,UNDECLARED,Chan015EqOn001
1,2054,0x0806,UNMAPPED,UNMAPPED,False,False,4,UNDECLARED,
1,2055,0x0807,UNMAPPED,UNMAPPED,False,False,4,UNDECLARED,
1,2056,0x0808,ECHO,CONSUMED,True,True,0,UNDECLARED,Chan015GateOn001
1,2057,0x0809,ECHO,CONSUMED,True,True,0,UNDECLARED,Chan015GateThr001
1,2058,0x080A,ECHO,CONSUMED,True,True,0,ms (log table),Chan015GateAtt001
1,2059,0x080B,ECHO,CONSUMED,True,True,0,ms,Chan015GateHold001
1,2060,0x080C,ECHO,CONSUMED,True,True,0,ms (log table),Chan015GateRel001
1,2061,0x080D,ECHO,CONSUMED,True,True,0,dB,Chan015GateRng001
1,2062,0x080E,ECHO,INERT,True,True,0,UNDECLARED,Chan015GateKey001
1,2063,0x080F,ECHO,INERT,True,True,0,UNDECLARED,Chan015GateDetSrc001
1,2064,0x0810,ECHO,CONSUMED,True,True,0,UNDECLARED,Chan015GateFilterOn001
1,2065,0x0811,ECHO,CONSUMED,True,True,0,UNDECLARED,Chan015GateFilterHpf001 Chan015GateFilterQ001
1,2066,0x0812,ECHO,CONSUMED,True,True,0,UNDECLARED,
1,2067,0x0813,ECHO,CONSUMED,True,True,0,UNDECLARED,
1,2068,0x0814,ECHO,CONSUMED,True,True,0,UNDECLARED,
1,2069,0x0815,ECHO,CONSUMED,True,True,0,UNDECLARED,
1,2070,0x0816,ECHO,CONSUMED,True,True,0,UNDECLARED,Chan015GateFilterLpf001
1,2071,0x0817,ECHO,CONSUMED,True,True,0,UNDECLARED,
1,2072,0x0818,ECHO,CONSUMED,True,True,0,UNDECLARED,Chan015CompOn001
1,2073,0x0819,ECHO,CONSUMED,True,True,0,UNDECLARED,Chan015CompThr001
1,2074,0x081A,ECHO,CONSUMED,True,True,0,UNDECLARED,Chan015CompRat001
1,2075,0x081B,ECHO,CONSUMED,True,True,0,ms (log table),Chan015CompAtt001
1,2076,0x081C,ECHO,CONSUMED,True,True,0,ms (log table),Chan015CompRel001
1,2077,0x081D,ECHO,CONSUMED,True,True,0,UNDECLARED,Chan015CompMake001
1,2078,0x081E,ECHO,CONSUMED,True,True,0,UNDECLARED,Chan015CompKnee001
1,2079,0x081F,ECHO,CONSUMED,True,True,0,percent 0-100,Chan015CompPar001
1,2080,0x0820,ECHO,INERT,True,True,0,UNDECLARED,Chan015CompType001
1,2081,0x0821,ECHO,INERT,True,True,0,UNDECLARED,Chan015CompKey001
1,2082,0x0822,ECHO,INERT,True,True,0,UNDECLARED,Chan015CompDetSrc001
1,2083,0x0823,ECHO,INERT,True,True,0,UNDECLARED,Chan015CompLimMode001
1,2084,0x0824,ECHO,INERT,True,True,0,UNDECLARED,Chan015CompEqPos001
1,2085,0x0825,ECHO,INERT,True,True,0,UNDECLARED,Chan015CompFilterOn001
1,2086,0x0826,ECHO,INERT,True,True,0,UNDECLARED,Chan015CompFilterHpf001 Chan015CompFilterLpf001 Chan015CompFilterQ001
1,2087,0x0827,ECHO,INERT,True,True,0,UNDECLARED,
1,2088,0x0828,ECHO,INERT,True,True,0,UNDECLARED,
1,2089,0x0829,ECHO,INERT,True,True,0,UNDECLARED,
1,2090,0x082A,ECHO,INERT,True,True,0,UNDECLARED,
1,2091,0x082B,ECHO,INERT,True,True,0,UNDECLARED,
1,2092,0x082C,ECHO,CONSUMED,True,True,0,UNDECLARED,Chan015TubeOn001
1,2093,0x082D,ECHO,CONSUMED,True,True,0,UNDECLARED,Chan015TubeSat001
1,2094,0x082E,ECHO,CONSUMED,True,True,0,ms,Chan015Delay001
1,2095,0x082F,ECHO,CONSUMED,True,True,0,UNDECLARED,
1,2096,0x0830,ECHO,CONSUMED,True,True,0,UNDECLARED,Chan015RtgLevel001
1,2097,0x0831,ECHO,CONSUMED,True,True,0,UNDECLARED,Chan015RtgPan001
1,2098,0x0832,ECHO,CONSUMED,True,True,0,bool 0/1,Chan015RtgMute001
1,2099,0x0833,ECHO,CONSUMED,True,True,0,UNDECLARED,Chan015RtgDca001
1,2100,0x0834,ECHO,CONSUMED,True,True,0,UNDECLARED,Chan015RtgMainOn001
1,2101,0x0835,ECHO,CONSUMED,True,True,0,UNDECLARED,Chan015RtgCtrOn001
1,2102,0x0836,ECHO,CONSUMED,True,True,0,UNDECLARED,Chan015RtgGrpOn001
1,2103,0x0837,ECHO,CONSUMED,True,True,0,UNDECLARED,Chan015RtgGrpOn002
1,2104,0x0838,ECHO,CONSUMED,True,True,0,UNDECLARED,Chan015RtgGrpOn003
1,2105,0x0839,ECHO,CONSUMED,True,True,0,UNDECLARED,Chan015RtgGrpOn004
1,2106,0x083A,ECHO,CONSUMED,True,True,0,UNDECLARED,Chan015RtgAuxOn001
1,2107,0x083B,ECHO,CONSUMED,True,True,0,UNDECLARED,Chan015RtgAuxOn002
1,2108,0x083C,ECHO,CONSUMED,True,True,0,UNDECLARED,Chan015RtgAuxOn003
1,2109,0x083D,ECHO,CONSUMED,True,True,0,UNDECLARED,Chan015RtgAuxOn004
1,2110,0x083E,ECHO,CONSUMED,True,True,0,UNDECLARED,Chan015RtgAuxOn005
1,2111,0x083F,ECHO,CONSUMED,True,True,0,UNDECLARED,Chan015RtgAuxOn006
1,2112,0x0840,ECHO,CONSUMED,True,True,0,UNDECLARED,Chan015RtgAuxOn007
1,2113,0x0841,ECHO,CONSUMED,True,True,0,UNDECLARED,Chan015RtgAuxOn008
1,2114,0x0842,ECHO,CONSUMED,True,True,0,UNDECLARED,Chan015RtgAuxOn009
1,2115,0x0843,ECHO,CONSUMED,True,True,0,UNDECLARED,Chan015RtgAuxOn010
1,2116,0x0844,ECHO,CONSUMED,True,True,0,UNDECLARED,Chan015RtgAuxOn011
1,2117,0x0845,ECHO,CONSUMED,True,True,0,UNDECLARED,Chan015RtgAuxOn012
1,2118,0x0846,ECHO,CONSUMED,True,True,0,UNDECLARED,Chan015RtgAuxSend001
1,2119,0x0847,ECHO,CONSUMED,True,True,0,UNDECLARED,Chan015RtgAuxSend002
1,2120,0x0848,ECHO,CONSUMED,True,True,0,UNDECLARED,Chan015RtgAuxSend003
1,2121,0x0849,ECHO,CONSUMED,True,True,0,UNDECLARED,Chan015RtgAuxSend004
1,2122,0x084A,ECHO,CONSUMED,True,True,0,UNDECLARED,Chan015RtgAuxSend005
1,2123,0x084B,ECHO,CONSUMED,True,True,0,UNDECLARED,Chan015RtgAuxSend006
1,2124,0x084C,ECHO,CONSUMED,True,True,0,UNDECLARED,Chan015RtgAuxSend007
1,2125,0x084D,ECHO,CONSUMED,True,True,0,UNDECLARED,Chan015RtgAuxSend008
1,2126,0x084E,ECHO,CONSUMED,True,True,0,UNDECLARED,Chan015RtgAuxSend009
1,2127,0x084F,ECHO,CONSUMED,True,True,0,UNDECLARED,Chan015RtgAuxSend010
1,2128,0x0850,ECHO,CONSUMED,True,True,0,UNDECLARED,Chan015RtgAuxSend011
1,2129,0x0851,ECHO,CONSUMED,True,True,0,UNDECLARED,Chan015RtgAuxSend012
1,2130,0x0852,ECHO,CONSUMED,True,True,0,UNDECLARED,Chan015RtgAuxPick001
1,2131,0x0853,ECHO,CONSUMED,True,True,0,UNDECLARED,Chan015RtgAuxPick002
1,2132,0x0854,ECHO,CONSUMED,True,True,0,UNDECLARED,Chan015RtgAuxPick003
1,2133,0x0855,ECHO,CONSUMED,True,True,0,UNDECLARED,Chan015RtgAuxPick004
1,2134,0x0856,ECHO,CONSUMED,True,True,0,UNDECLARED,Chan015RtgAuxPick005
1,2135,0x0857,ECHO,CONSUMED,True,True,0,UNDECLARED,Chan015RtgAuxPick006
1,2136,0x0858,ECHO,CONSUMED,True,True,0,UNDECLARED,Chan015RtgAuxPick007
1,2137,0x0859,ECHO,CONSUMED,True,True,0,UNDECLARED,Chan015RtgAuxPick008
1,2138,0x085A,ECHO,CONSUMED,True,True,0,UNDECLARED,Chan015RtgAuxPick009
1,2139,0x085B,ECHO,CONSUMED,True,True,0,UNDECLARED,Chan015RtgAuxPick010
1,2140,0x085C,ECHO,CONSUMED,True,True,0,UNDECLARED,Chan015RtgAuxPick011
1,2141,0x085D,ECHO,CONSUMED,True,True,0,UNDECLARED,Chan015RtgAuxPick012
1,2142,0x085E,ECHO,CONSUMED,True,True,0,UNDECLARED,Chan015RtgFx001
1,2143,0x085F,ECHO,CONSUMED,True,True,0,UNDECLARED,Chan015RtgFx002
1,2144,0x0860,ECHO,CONSUMED,True,True,0,UNDECLARED,Chan015RtgFx003
1,2145,0x0861,ECHO,CONSUMED,True,True,0,UNDECLARED,Chan015RtgFx004
1,2146,0x0862,ECHO,CONSUMED,True,True,0,UNDECLARED,Chan015RtgFx005
1,2147,0x0863,ECHO,CONSUMED,True,True,0,UNDECLARED,Chan015RtgFx006
1,2148,0x0864,ECHO,CONSUMED,True,True,0,UNDECLARED,Chan015RtgFxSend001
1,2149,0x0865,ECHO,CONSUMED,True,True,0,UNDECLARED,Chan015RtgFxSend002
1,2150,0x0866,ECHO,CONSUMED,True,True,0,UNDECLARED,Chan015RtgFxSend003
1,2151,0x0867,ECHO,CONSUMED,True,True,0,UNDECLARED,Chan015RtgFxSend004
1,2152,0x0868,ECHO,CONSUMED,True,True,0,UNDECLARED,Chan015RtgFxSend005
1,2153,0x0869,ECHO,CONSUMED,True,True,0,UNDECLARED,Chan015RtgFxSend006
1,2154,0x086A,ECHO,CONSUMED,True,True,0,UNDECLARED,Chan015RtgFxPick001
1,2155,0x086B,ECHO,CONSUMED,True,True,0,UNDECLARED,Chan015RtgFxPick002
1,2156,0x086C,ECHO,CONSUMED,True,True,0,UNDECLARED,Chan015RtgFxPick003
1,2157,0x086D,ECHO,CONSUMED,True,True,0,UNDECLARED,Chan015RtgFxPick004
1,2158,0x086E,ECHO,CONSUMED,True,True,0,UNDECLARED,Chan015RtgFxPick005
1,2159,0x086F,ECHO,CONSUMED,True,True,0,UNDECLARED,Chan015RtgFxPick006
1,2160,0x0870,ECHO,CONSUMED,True,True,0,UNDECLARED,Chan016Gain001
1,2161,0x0871,ECHO,CONSUMED,True,True,0,bool 0/1,Chan016Pol001
1,2162,0x0872,UNMAPPED,UNMAPPED,False,False,3,UNDECLARED,Chan016Phantom001
1,2163,0x0873,UNMAPPED,UNMAPPED,False,False,3,UNDECLARED,Chan016InputSel001
1,2164,0x0874,ECHO,CONSUMED,True,True,0,UNDECLARED,Chan016EqHpf001 Chan016EqHpfSlope001
1,2165,0x0875,ECHO,CONSUMED,True,True,0,UNDECLARED,
1,2166,0x0876,ECHO,CONSUMED,True,True,0,UNDECLARED,
1,2167,0x0877,ECHO,CONSUMED,True,True,0,UNDECLARED,
1,2168,0x0878,ECHO,CONSUMED,True,True,0,UNDECLARED,
1,2169,0x0879,CLEARED,CONSUMED,True,True,0,UNDECLARED,
1,2170,0x087A,ECHO,CONSUMED,True,True,0,UNDECLARED,Chan016EqLpf001
1,2171,0x087B,ECHO,CONSUMED,True,True,0,UNDECLARED,
1,2172,0x087C,ECHO,CONSUMED,True,True,0,UNDECLARED,
1,2173,0x087D,ECHO,CONSUMED,True,True,0,UNDECLARED,
1,2174,0x087E,ECHO,CONSUMED,True,True,0,UNDECLARED,
1,2175,0x087F,CLEARED,CONSUMED,True,True,0,UNDECLARED,
1,2176,0x0880,ECHO,CONSUMED,True,True,0,UNDECLARED,Chan016EqFreq001 Chan016EqGain001 Chan016EqQ001 Chan016EqShelf001
1,2177,0x0881,ECHO,CONSUMED,True,True,0,UNDECLARED,
1,2178,0x0882,ECHO,CONSUMED,True,True,0,UNDECLARED,
1,2179,0x0883,ECHO,CONSUMED,True,True,0,UNDECLARED,
1,2180,0x0884,ECHO,CONSUMED,True,True,0,UNDECLARED,
1,2181,0x0885,ECHO,CONSUMED,True,True,0,UNDECLARED,Chan016EqFreq002 Chan016EqGain002 Chan016EqQ002
1,2182,0x0886,ECHO,CONSUMED,True,True,0,UNDECLARED,
1,2183,0x0887,ECHO,CONSUMED,True,True,0,UNDECLARED,
1,2184,0x0888,ECHO,CONSUMED,True,True,0,UNDECLARED,
1,2185,0x0889,ECHO,CONSUMED,True,True,0,UNDECLARED,
1,2186,0x088A,ECHO,CONSUMED,True,True,0,UNDECLARED,Chan016EqFreq003 Chan016EqGain003 Chan016EqQ003
1,2187,0x088B,ECHO,CONSUMED,True,True,0,UNDECLARED,
1,2188,0x088C,ECHO,CONSUMED,True,True,0,UNDECLARED,
1,2189,0x088D,ECHO,CONSUMED,True,True,0,UNDECLARED,
1,2190,0x088E,ECHO,CONSUMED,True,True,0,UNDECLARED,
1,2191,0x088F,ECHO,CONSUMED,True,True,0,UNDECLARED,Chan016EqFreq004 Chan016EqGain004 Chan016EqQ004 Chan016EqShelf002
1,2192,0x0890,ECHO,CONSUMED,True,True,0,UNDECLARED,
1,2193,0x0891,ECHO,CONSUMED,True,True,0,UNDECLARED,
1,2194,0x0892,ECHO,CONSUMED,True,True,0,UNDECLARED,
1,2195,0x0893,ECHO,CONSUMED,True,True,0,UNDECLARED,
1,2196,0x0894,CLEARED,CONSUMED,True,True,0,UNDECLARED,
1,2197,0x0895,UNMAPPED,UNMAPPED,False,False,4,UNDECLARED,Chan016EqOn001
1,2198,0x0896,UNMAPPED,UNMAPPED,False,False,4,UNDECLARED,
1,2199,0x0897,UNMAPPED,UNMAPPED,False,False,4,UNDECLARED,
1,2200,0x0898,ECHO,CONSUMED,True,True,0,UNDECLARED,Chan016GateOn001
1,2201,0x0899,ECHO,CONSUMED,True,True,0,UNDECLARED,Chan016GateThr001
1,2202,0x089A,ECHO,CONSUMED,True,True,0,ms (log table),Chan016GateAtt001
1,2203,0x089B,ECHO,CONSUMED,True,True,0,ms,Chan016GateHold001
1,2204,0x089C,ECHO,CONSUMED,True,True,0,ms (log table),Chan016GateRel001
1,2205,0x089D,ECHO,CONSUMED,True,True,0,dB,Chan016GateRng001
1,2206,0x089E,ECHO,INERT,True,True,0,UNDECLARED,Chan016GateKey001
1,2207,0x089F,ECHO,INERT,True,True,0,UNDECLARED,Chan016GateDetSrc001
1,2208,0x08A0,ECHO,CONSUMED,True,True,0,UNDECLARED,Chan016GateFilterOn001
1,2209,0x08A1,ECHO,CONSUMED,True,True,0,UNDECLARED,Chan016GateFilterHpf001 Chan016GateFilterQ001
1,2210,0x08A2,ECHO,CONSUMED,True,True,0,UNDECLARED,
1,2211,0x08A3,ECHO,CONSUMED,True,True,0,UNDECLARED,
1,2212,0x08A4,ECHO,CONSUMED,True,True,0,UNDECLARED,
1,2213,0x08A5,ECHO,CONSUMED,True,True,0,UNDECLARED,
1,2214,0x08A6,ECHO,CONSUMED,True,True,0,UNDECLARED,Chan016GateFilterLpf001
1,2215,0x08A7,ECHO,CONSUMED,True,True,0,UNDECLARED,
1,2216,0x08A8,ECHO,CONSUMED,True,True,0,UNDECLARED,Chan016CompOn001
1,2217,0x08A9,ECHO,CONSUMED,True,True,0,UNDECLARED,Chan016CompThr001
1,2218,0x08AA,ECHO,CONSUMED,True,True,0,UNDECLARED,Chan016CompRat001
1,2219,0x08AB,ECHO,CONSUMED,True,True,0,ms (log table),Chan016CompAtt001
1,2220,0x08AC,ECHO,CONSUMED,True,True,0,ms (log table),Chan016CompRel001
1,2221,0x08AD,ECHO,CONSUMED,True,True,0,UNDECLARED,Chan016CompMake001
1,2222,0x08AE,ECHO,CONSUMED,True,True,0,UNDECLARED,Chan016CompKnee001
1,2223,0x08AF,ECHO,CONSUMED,True,True,0,percent 0-100,Chan016CompPar001
1,2224,0x08B0,ECHO,INERT,True,True,0,UNDECLARED,Chan016CompType001
1,2225,0x08B1,ECHO,INERT,True,True,0,UNDECLARED,Chan016CompKey001
1,2226,0x08B2,ECHO,INERT,True,True,0,UNDECLARED,Chan016CompDetSrc001
1,2227,0x08B3,ECHO,INERT,True,True,0,UNDECLARED,Chan016CompLimMode001
1,2228,0x08B4,ECHO,INERT,True,True,0,UNDECLARED,Chan016CompEqPos001
1,2229,0x08B5,ECHO,INERT,True,True,0,UNDECLARED,Chan016CompFilterOn001
1,2230,0x08B6,ECHO,INERT,True,True,0,UNDECLARED,Chan016CompFilterHpf001 Chan016CompFilterLpf001 Chan016CompFilterQ001
1,2231,0x08B7,ECHO,INERT,True,True,0,UNDECLARED,
1,2232,0x08B8,ECHO,INERT,True,True,0,UNDECLARED,
1,2233,0x08B9,ECHO,INERT,True,True,0,UNDECLARED,
1,2234,0x08BA,ECHO,INERT,True,True,0,UNDECLARED,
1,2235,0x08BB,ECHO,INERT,True,True,0,UNDECLARED,
1,2236,0x08BC,ECHO,CONSUMED,True,True,0,UNDECLARED,Chan016TubeOn001
1,2237,0x08BD,ECHO,CONSUMED,True,True,0,UNDECLARED,Chan016TubeSat001
1,2238,0x08BE,ECHO,CONSUMED,True,True,0,ms,Chan016Delay001
1,2239,0x08BF,ECHO,CONSUMED,True,True,0,UNDECLARED,
1,2240,0x08C0,ECHO,CONSUMED,True,True,0,UNDECLARED,Chan016RtgLevel001
1,2241,0x08C1,ECHO,CONSUMED,True,True,0,UNDECLARED,Chan016RtgPan001
1,2242,0x08C2,ECHO,CONSUMED,True,True,0,bool 0/1,Chan016RtgMute001
1,2243,0x08C3,ECHO,CONSUMED,True,True,0,UNDECLARED,Chan016RtgDca001
1,2244,0x08C4,ECHO,CONSUMED,True,True,0,UNDECLARED,Chan016RtgMainOn001
1,2245,0x08C5,ECHO,CONSUMED,True,True,0,UNDECLARED,Chan016RtgCtrOn001
1,2246,0x08C6,ECHO,CONSUMED,True,True,0,UNDECLARED,Chan016RtgGrpOn001
1,2247,0x08C7,ECHO,CONSUMED,True,True,0,UNDECLARED,Chan016RtgGrpOn002
1,2248,0x08C8,ECHO,CONSUMED,True,True,0,UNDECLARED,Chan016RtgGrpOn003
1,2249,0x08C9,ECHO,CONSUMED,True,True,0,UNDECLARED,Chan016RtgGrpOn004
1,2250,0x08CA,ECHO,CONSUMED,True,True,0,UNDECLARED,Chan016RtgAuxOn001
1,2251,0x08CB,ECHO,CONSUMED,True,True,0,UNDECLARED,Chan016RtgAuxOn002
1,2252,0x08CC,ECHO,CONSUMED,True,True,0,UNDECLARED,Chan016RtgAuxOn003
1,2253,0x08CD,ECHO,CONSUMED,True,True,0,UNDECLARED,Chan016RtgAuxOn004
1,2254,0x08CE,ECHO,CONSUMED,True,True,0,UNDECLARED,Chan016RtgAuxOn005
1,2255,0x08CF,ECHO,CONSUMED,True,True,0,UNDECLARED,Chan016RtgAuxOn006
1,2256,0x08D0,ECHO,CONSUMED,True,True,0,UNDECLARED,Chan016RtgAuxOn007
1,2257,0x08D1,ECHO,CONSUMED,True,True,0,UNDECLARED,Chan016RtgAuxOn008
1,2258,0x08D2,ECHO,CONSUMED,True,True,0,UNDECLARED,Chan016RtgAuxOn009
1,2259,0x08D3,ECHO,CONSUMED,True,True,0,UNDECLARED,Chan016RtgAuxOn010
1,2260,0x08D4,ECHO,CONSUMED,True,True,0,UNDECLARED,Chan016RtgAuxOn011
1,2261,0x08D5,ECHO,CONSUMED,True,True,0,UNDECLARED,Chan016RtgAuxOn012
1,2262,0x08D6,ECHO,CONSUMED,True,True,0,UNDECLARED,Chan016RtgAuxSend001
1,2263,0x08D7,ECHO,CONSUMED,True,True,0,UNDECLARED,Chan016RtgAuxSend002
1,2264,0x08D8,ECHO,CONSUMED,True,True,0,UNDECLARED,Chan016RtgAuxSend003
1,2265,0x08D9,ECHO,CONSUMED,True,True,0,UNDECLARED,Chan016RtgAuxSend004
1,2266,0x08DA,ECHO,CONSUMED,True,True,0,UNDECLARED,Chan016RtgAuxSend005
1,2267,0x08DB,ECHO,CONSUMED,True,True,0,UNDECLARED,Chan016RtgAuxSend006
1,2268,0x08DC,ECHO,CONSUMED,True,True,0,UNDECLARED,Chan016RtgAuxSend007
1,2269,0x08DD,ECHO,CONSUMED,True,True,0,UNDECLARED,Chan016RtgAuxSend008
1,2270,0x08DE,ECHO,CONSUMED,True,True,0,UNDECLARED,Chan016RtgAuxSend009
1,2271,0x08DF,ECHO,CONSUMED,True,True,0,UNDECLARED,Chan016RtgAuxSend010
1,2272,0x08E0,ECHO,CONSUMED,True,True,0,UNDECLARED,Chan016RtgAuxSend011
1,2273,0x08E1,ECHO,CONSUMED,True,True,0,UNDECLARED,Chan016RtgAuxSend012
1,2274,0x08E2,ECHO,CONSUMED,True,True,0,UNDECLARED,Chan016RtgAuxPick001
1,2275,0x08E3,ECHO,CONSUMED,True,True,0,UNDECLARED,Chan016RtgAuxPick002
1,2276,0x08E4,ECHO,CONSUMED,True,True,0,UNDECLARED,Chan016RtgAuxPick003
1,2277,0x08E5,ECHO,CONSUMED,True,True,0,UNDECLARED,Chan016RtgAuxPick004
1,2278,0x08E6,ECHO,CONSUMED,True,True,0,UNDECLARED,Chan016RtgAuxPick005
1,2279,0x08E7,ECHO,CONSUMED,True,True,0,UNDECLARED,Chan016RtgAuxPick006
1,2280,0x08E8,ECHO,CONSUMED,True,True,0,UNDECLARED,Chan016RtgAuxPick007
1,2281,0x08E9,ECHO,CONSUMED,True,True,0,UNDECLARED,Chan016RtgAuxPick008
1,2282,0x08EA,ECHO,CONSUMED,True,True,0,UNDECLARED,Chan016RtgAuxPick009
1,2283,0x08EB,ECHO,CONSUMED,True,True,0,UNDECLARED,Chan016RtgAuxPick010
1,2284,0x08EC,ECHO,CONSUMED,True,True,0,UNDECLARED,Chan016RtgAuxPick011
1,2285,0x08ED,ECHO,CONSUMED,True,True,0,UNDECLARED,Chan016RtgAuxPick012
1,2286,0x08EE,ECHO,CONSUMED,True,True,0,UNDECLARED,Chan016RtgFx001
1,2287,0x08EF,ECHO,CONSUMED,True,True,0,UNDECLARED,Chan016RtgFx002
1,2288,0x08F0,ECHO,CONSUMED,True,True,0,UNDECLARED,Chan016RtgFx003
1,2289,0x08F1,ECHO,CONSUMED,True,True,0,UNDECLARED,Chan016RtgFx004
1,2290,0x08F2,ECHO,CONSUMED,True,True,0,UNDECLARED,Chan016RtgFx005
1,2291,0x08F3,ECHO,CONSUMED,True,True,0,UNDECLARED,Chan016RtgFx006
1,2292,0x08F4,ECHO,CONSUMED,True,True,0,UNDECLARED,Chan016RtgFxSend001
1,2293,0x08F5,ECHO,CONSUMED,True,True,0,UNDECLARED,Chan016RtgFxSend002
1,2294,0x08F6,ECHO,CONSUMED,True,True,0,UNDECLARED,Chan016RtgFxSend003
1,2295,0x08F7,ECHO,CONSUMED,True,True,0,UNDECLARED,Chan016RtgFxSend004
1,2296,0x08F8,ECHO,CONSUMED,True,True,0,UNDECLARED,Chan016RtgFxSend005
1,2297,0x08F9,ECHO,CONSUMED,True,True,0,UNDECLARED,Chan016RtgFxSend006
1,2298,0x08FA,ECHO,CONSUMED,True,True,0,UNDECLARED,Chan016RtgFxPick001
1,2299,0x08FB,ECHO,CONSUMED,True,True,0,UNDECLARED,Chan016RtgFxPick002
1,2300,0x08FC,ECHO,CONSUMED,True,True,0,UNDECLARED,Chan016RtgFxPick003
1,2301,0x08FD,ECHO,CONSUMED,True,True,0,UNDECLARED,Chan016RtgFxPick004
1,2302,0x08FE,ECHO,CONSUMED,True,True,0,UNDECLARED,Chan016RtgFxPick005
1,2303,0x08FF,ECHO,CONSUMED,True,True,0,UNDECLARED,Chan016RtgFxPick006
1,2304,0x0900,ECHO,CONSUMED,True,True,0,UNDECLARED,Chan017Gain001
1,2305,0x0901,ECHO,CONSUMED,True,True,0,bool 0/1,Chan017Pol001
1,2306,0x0902,UNMAPPED,UNMAPPED,False,False,3,UNDECLARED,Chan017Phantom001
1,2307,0x0903,UNMAPPED,UNMAPPED,False,False,3,UNDECLARED,Chan017InputSel001
1,2308,0x0904,ECHO,CONSUMED,True,True,0,UNDECLARED,Chan017EqHpf001 Chan017EqHpfSlope001
1,2309,0x0905,ECHO,CONSUMED,True,True,0,UNDECLARED,
1,2310,0x0906,ECHO,CONSUMED,True,True,0,UNDECLARED,
1,2311,0x0907,ECHO,CONSUMED,True,True,0,UNDECLARED,
1,2312,0x0908,ECHO,CONSUMED,True,True,0,UNDECLARED,
1,2313,0x0909,CLEARED,CONSUMED,True,True,0,UNDECLARED,
1,2314,0x090A,ECHO,CONSUMED,True,True,0,UNDECLARED,Chan017EqLpf001
1,2315,0x090B,ECHO,CONSUMED,True,True,0,UNDECLARED,
1,2316,0x090C,ECHO,CONSUMED,True,True,0,UNDECLARED,
1,2317,0x090D,ECHO,CONSUMED,True,True,0,UNDECLARED,
1,2318,0x090E,ECHO,CONSUMED,True,True,0,UNDECLARED,
1,2319,0x090F,CLEARED,CONSUMED,True,True,0,UNDECLARED,
1,2320,0x0910,ECHO,CONSUMED,True,True,0,UNDECLARED,Chan017EqFreq001 Chan017EqGain001 Chan017EqQ001 Chan017EqShelf001
1,2321,0x0911,ECHO,CONSUMED,True,True,0,UNDECLARED,
1,2322,0x0912,ECHO,CONSUMED,True,True,0,UNDECLARED,
1,2323,0x0913,ECHO,CONSUMED,True,True,0,UNDECLARED,
1,2324,0x0914,ECHO,CONSUMED,True,True,0,UNDECLARED,
1,2325,0x0915,ECHO,CONSUMED,True,True,0,UNDECLARED,Chan017EqFreq002 Chan017EqGain002 Chan017EqQ002
1,2326,0x0916,ECHO,CONSUMED,True,True,0,UNDECLARED,
1,2327,0x0917,ECHO,CONSUMED,True,True,0,UNDECLARED,
1,2328,0x0918,ECHO,CONSUMED,True,True,0,UNDECLARED,
1,2329,0x0919,ECHO,CONSUMED,True,True,0,UNDECLARED,
1,2330,0x091A,ECHO,CONSUMED,True,True,0,UNDECLARED,Chan017EqFreq003 Chan017EqGain003 Chan017EqQ003
1,2331,0x091B,ECHO,CONSUMED,True,True,0,UNDECLARED,
1,2332,0x091C,ECHO,CONSUMED,True,True,0,UNDECLARED,
1,2333,0x091D,ECHO,CONSUMED,True,True,0,UNDECLARED,
1,2334,0x091E,ECHO,CONSUMED,True,True,0,UNDECLARED,
1,2335,0x091F,ECHO,CONSUMED,True,True,0,UNDECLARED,Chan017EqFreq004 Chan017EqGain004 Chan017EqQ004 Chan017EqShelf002
1,2336,0x0920,ECHO,CONSUMED,True,True,0,UNDECLARED,
1,2337,0x0921,ECHO,CONSUMED,True,True,0,UNDECLARED,
1,2338,0x0922,ECHO,CONSUMED,True,True,0,UNDECLARED,
1,2339,0x0923,ECHO,CONSUMED,True,True,0,UNDECLARED,
1,2340,0x0924,CLEARED,CONSUMED,True,True,0,UNDECLARED,
1,2341,0x0925,UNMAPPED,UNMAPPED,False,False,4,UNDECLARED,Chan017EqOn001
1,2342,0x0926,UNMAPPED,UNMAPPED,False,False,4,UNDECLARED,
1,2343,0x0927,UNMAPPED,UNMAPPED,False,False,4,UNDECLARED,
1,2344,0x0928,ECHO,CONSUMED,True,True,0,UNDECLARED,Chan017GateOn001
1,2345,0x0929,ECHO,CONSUMED,True,True,0,UNDECLARED,Chan017GateThr001
1,2346,0x092A,ECHO,CONSUMED,True,True,0,ms (log table),Chan017GateAtt001
1,2347,0x092B,ECHO,CONSUMED,True,True,0,ms,Chan017GateHold001
1,2348,0x092C,ECHO,CONSUMED,True,True,0,ms (log table),Chan017GateRel001
1,2349,0x092D,ECHO,CONSUMED,True,True,0,dB,Chan017GateRng001
1,2350,0x092E,ECHO,INERT,True,True,0,UNDECLARED,Chan017GateKey001
1,2351,0x092F,ECHO,INERT,True,True,0,UNDECLARED,Chan017GateDetSrc001
1,2352,0x0930,ECHO,CONSUMED,True,True,0,UNDECLARED,Chan017GateFilterOn001
1,2353,0x0931,ECHO,CONSUMED,True,True,0,UNDECLARED,Chan017GateFilterHpf001 Chan017GateFilterQ001
1,2354,0x0932,ECHO,CONSUMED,True,True,0,UNDECLARED,
1,2355,0x0933,ECHO,CONSUMED,True,True,0,UNDECLARED,
1,2356,0x0934,ECHO,CONSUMED,True,True,0,UNDECLARED,
1,2357,0x0935,ECHO,CONSUMED,True,True,0,UNDECLARED,
1,2358,0x0936,ECHO,CONSUMED,True,True,0,UNDECLARED,Chan017GateFilterLpf001
1,2359,0x0937,ECHO,CONSUMED,True,True,0,UNDECLARED,
1,2360,0x0938,ECHO,CONSUMED,True,True,0,UNDECLARED,Chan017CompOn001
1,2361,0x0939,ECHO,CONSUMED,True,True,0,UNDECLARED,Chan017CompThr001
1,2362,0x093A,ECHO,CONSUMED,True,True,0,UNDECLARED,Chan017CompRat001
1,2363,0x093B,ECHO,CONSUMED,True,True,0,ms (log table),Chan017CompAtt001
1,2364,0x093C,ECHO,CONSUMED,True,True,0,ms (log table),Chan017CompRel001
1,2365,0x093D,ECHO,CONSUMED,True,True,0,UNDECLARED,Chan017CompMake001
1,2366,0x093E,ECHO,CONSUMED,True,True,0,UNDECLARED,Chan017CompKnee001
1,2367,0x093F,ECHO,CONSUMED,True,True,0,percent 0-100,Chan017CompPar001
1,2368,0x0940,ECHO,INERT,True,True,0,UNDECLARED,Chan017CompType001
1,2369,0x0941,ECHO,INERT,True,True,0,UNDECLARED,Chan017CompKey001
1,2370,0x0942,ECHO,INERT,True,True,0,UNDECLARED,Chan017CompDetSrc001
1,2371,0x0943,ECHO,INERT,True,True,0,UNDECLARED,Chan017CompLimMode001
1,2372,0x0944,ECHO,INERT,True,True,0,UNDECLARED,Chan017CompEqPos001
1,2373,0x0945,ECHO,INERT,True,True,0,UNDECLARED,Chan017CompFilterOn001
1,2374,0x0946,ECHO,INERT,True,True,0,UNDECLARED,Chan017CompFilterHpf001 Chan017CompFilterLpf001 Chan017CompFilterQ001
1,2375,0x0947,ECHO,INERT,True,True,0,UNDECLARED,
1,2376,0x0948,ECHO,INERT,True,True,0,UNDECLARED,
1,2377,0x0949,ECHO,INERT,True,True,0,UNDECLARED,
1,2378,0x094A,ECHO,INERT,True,True,0,UNDECLARED,
1,2379,0x094B,ECHO,INERT,True,True,0,UNDECLARED,
1,2380,0x094C,ECHO,CONSUMED,True,True,0,UNDECLARED,Chan017TubeOn001
1,2381,0x094D,ECHO,CONSUMED,True,True,0,UNDECLARED,Chan017TubeSat001
1,2382,0x094E,ECHO,CONSUMED,True,True,0,ms,Chan017Delay001
1,2383,0x094F,ECHO,CONSUMED,True,True,0,UNDECLARED,
1,2384,0x0950,ECHO,CONSUMED,True,True,0,UNDECLARED,Chan017RtgLevel001
1,2385,0x0951,ECHO,CONSUMED,True,True,0,UNDECLARED,Chan017RtgPan001
1,2386,0x0952,ECHO,CONSUMED,True,True,0,bool 0/1,Chan017RtgMute001
1,2387,0x0953,ECHO,CONSUMED,True,True,0,UNDECLARED,Chan017RtgDca001
1,2388,0x0954,ECHO,CONSUMED,True,True,0,UNDECLARED,Chan017RtgMainOn001
1,2389,0x0955,ECHO,CONSUMED,True,True,0,UNDECLARED,Chan017RtgCtrOn001
1,2390,0x0956,ECHO,CONSUMED,True,True,0,UNDECLARED,Chan017RtgGrpOn001
1,2391,0x0957,ECHO,CONSUMED,True,True,0,UNDECLARED,Chan017RtgGrpOn002
1,2392,0x0958,ECHO,CONSUMED,True,True,0,UNDECLARED,Chan017RtgGrpOn003
1,2393,0x0959,ECHO,CONSUMED,True,True,0,UNDECLARED,Chan017RtgGrpOn004
1,2394,0x095A,ECHO,CONSUMED,True,True,0,UNDECLARED,Chan017RtgAuxOn001
1,2395,0x095B,ECHO,CONSUMED,True,True,0,UNDECLARED,Chan017RtgAuxOn002
1,2396,0x095C,ECHO,CONSUMED,True,True,0,UNDECLARED,Chan017RtgAuxOn003
1,2397,0x095D,ECHO,CONSUMED,True,True,0,UNDECLARED,Chan017RtgAuxOn004
1,2398,0x095E,ECHO,CONSUMED,True,True,0,UNDECLARED,Chan017RtgAuxOn005
1,2399,0x095F,ECHO,CONSUMED,True,True,0,UNDECLARED,Chan017RtgAuxOn006
1,2400,0x0960,ECHO,CONSUMED,True,True,0,UNDECLARED,Chan017RtgAuxOn007
1,2401,0x0961,ECHO,CONSUMED,True,True,0,UNDECLARED,Chan017RtgAuxOn008
1,2402,0x0962,ECHO,CONSUMED,True,True,0,UNDECLARED,Chan017RtgAuxOn009
1,2403,0x0963,ECHO,CONSUMED,True,True,0,UNDECLARED,Chan017RtgAuxOn010
1,2404,0x0964,ECHO,CONSUMED,True,True,0,UNDECLARED,Chan017RtgAuxOn011
1,2405,0x0965,ECHO,CONSUMED,True,True,0,UNDECLARED,Chan017RtgAuxOn012
1,2406,0x0966,ECHO,CONSUMED,True,True,0,UNDECLARED,Chan017RtgAuxSend001
1,2407,0x0967,ECHO,CONSUMED,True,True,0,UNDECLARED,Chan017RtgAuxSend002
1,2408,0x0968,ECHO,CONSUMED,True,True,0,UNDECLARED,Chan017RtgAuxSend003
1,2409,0x0969,ECHO,CONSUMED,True,True,0,UNDECLARED,Chan017RtgAuxSend004
1,2410,0x096A,ECHO,CONSUMED,True,True,0,UNDECLARED,Chan017RtgAuxSend005
1,2411,0x096B,ECHO,CONSUMED,True,True,0,UNDECLARED,Chan017RtgAuxSend006
1,2412,0x096C,ECHO,CONSUMED,True,True,0,UNDECLARED,Chan017RtgAuxSend007
1,2413,0x096D,ECHO,CONSUMED,True,True,0,UNDECLARED,Chan017RtgAuxSend008
1,2414,0x096E,ECHO,CONSUMED,True,True,0,UNDECLARED,Chan017RtgAuxSend009
1,2415,0x096F,ECHO,CONSUMED,True,True,0,UNDECLARED,Chan017RtgAuxSend010
1,2416,0x0970,ECHO,CONSUMED,True,True,0,UNDECLARED,Chan017RtgAuxSend011
1,2417,0x0971,ECHO,CONSUMED,True,True,0,UNDECLARED,Chan017RtgAuxSend012
1,2418,0x0972,ECHO,CONSUMED,True,True,0,UNDECLARED,Chan017RtgAuxPick001
1,2419,0x0973,ECHO,CONSUMED,True,True,0,UNDECLARED,Chan017RtgAuxPick002
1,2420,0x0974,ECHO,CONSUMED,True,True,0,UNDECLARED,Chan017RtgAuxPick003
1,2421,0x0975,ECHO,CONSUMED,True,True,0,UNDECLARED,Chan017RtgAuxPick004
1,2422,0x0976,ECHO,CONSUMED,True,True,0,UNDECLARED,Chan017RtgAuxPick005
1,2423,0x0977,ECHO,CONSUMED,True,True,0,UNDECLARED,Chan017RtgAuxPick006
1,2424,0x0978,ECHO,CONSUMED,True,True,0,UNDECLARED,Chan017RtgAuxPick007
1,2425,0x0979,ECHO,CONSUMED,True,True,0,UNDECLARED,Chan017RtgAuxPick008
1,2426,0x097A,ECHO,CONSUMED,True,True,0,UNDECLARED,Chan017RtgAuxPick009
1,2427,0x097B,ECHO,CONSUMED,True,True,0,UNDECLARED,Chan017RtgAuxPick010
1,2428,0x097C,ECHO,CONSUMED,True,True,0,UNDECLARED,Chan017RtgAuxPick011
1,2429,0x097D,ECHO,CONSUMED,True,True,0,UNDECLARED,Chan017RtgAuxPick012
1,2430,0x097E,ECHO,CONSUMED,True,True,0,UNDECLARED,Chan017RtgFx001
1,2431,0x097F,ECHO,CONSUMED,True,True,0,UNDECLARED,Chan017RtgFx002
1,2432,0x0980,ECHO,CONSUMED,True,True,0,UNDECLARED,Chan017RtgFx003
1,2433,0x0981,ECHO,CONSUMED,True,True,0,UNDECLARED,Chan017RtgFx004
1,2434,0x0982,ECHO,CONSUMED,True,True,0,UNDECLARED,Chan017RtgFx005
1,2435,0x0983,ECHO,CONSUMED,True,True,0,UNDECLARED,Chan017RtgFx006
1,2436,0x0984,ECHO,CONSUMED,True,True,0,UNDECLARED,Chan017RtgFxSend001
1,2437,0x0985,ECHO,CONSUMED,True,True,0,UNDECLARED,Chan017RtgFxSend002
1,2438,0x0986,ECHO,CONSUMED,True,True,0,UNDECLARED,Chan017RtgFxSend003
1,2439,0x0987,ECHO,CONSUMED,True,True,0,UNDECLARED,Chan017RtgFxSend004
1,2440,0x0988,ECHO,CONSUMED,True,True,0,UNDECLARED,Chan017RtgFxSend005
1,2441,0x0989,ECHO,CONSUMED,True,True,0,UNDECLARED,Chan017RtgFxSend006
1,2442,0x098A,ECHO,CONSUMED,True,True,0,UNDECLARED,Chan017RtgFxPick001
1,2443,0x098B,ECHO,CONSUMED,True,True,0,UNDECLARED,Chan017RtgFxPick002
1,2444,0x098C,ECHO,CONSUMED,True,True,0,UNDECLARED,Chan017RtgFxPick003
1,2445,0x098D,ECHO,CONSUMED,True,True,0,UNDECLARED,Chan017RtgFxPick004
1,2446,0x098E,ECHO,CONSUMED,True,True,0,UNDECLARED,Chan017RtgFxPick005
1,2447,0x098F,ECHO,CONSUMED,True,True,0,UNDECLARED,Chan017RtgFxPick006
1,2448,0x0990,ECHO,CONSUMED,True,True,0,UNDECLARED,Chan018Gain001
1,2449,0x0991,ECHO,CONSUMED,True,True,0,bool 0/1,Chan018Pol001
1,2450,0x0992,UNMAPPED,UNMAPPED,False,False,3,UNDECLARED,Chan018Phantom001
1,2451,0x0993,UNMAPPED,UNMAPPED,False,False,3,UNDECLARED,Chan018InputSel001
1,2452,0x0994,ECHO,CONSUMED,True,True,0,UNDECLARED,Chan018EqHpf001 Chan018EqHpfSlope001
1,2453,0x0995,ECHO,CONSUMED,True,True,0,UNDECLARED,
1,2454,0x0996,ECHO,CONSUMED,True,True,0,UNDECLARED,
1,2455,0x0997,ECHO,CONSUMED,True,True,0,UNDECLARED,
1,2456,0x0998,ECHO,CONSUMED,True,True,0,UNDECLARED,
1,2457,0x0999,CLEARED,CONSUMED,True,True,0,UNDECLARED,
1,2458,0x099A,ECHO,CONSUMED,True,True,0,UNDECLARED,Chan018EqLpf001
1,2459,0x099B,ECHO,CONSUMED,True,True,0,UNDECLARED,
1,2460,0x099C,ECHO,CONSUMED,True,True,0,UNDECLARED,
1,2461,0x099D,ECHO,CONSUMED,True,True,0,UNDECLARED,
1,2462,0x099E,ECHO,CONSUMED,True,True,0,UNDECLARED,
1,2463,0x099F,CLEARED,CONSUMED,True,True,0,UNDECLARED,
1,2464,0x09A0,ECHO,CONSUMED,True,True,0,UNDECLARED,Chan018EqFreq001 Chan018EqGain001 Chan018EqQ001 Chan018EqShelf001
1,2465,0x09A1,ECHO,CONSUMED,True,True,0,UNDECLARED,
1,2466,0x09A2,ECHO,CONSUMED,True,True,0,UNDECLARED,
1,2467,0x09A3,ECHO,CONSUMED,True,True,0,UNDECLARED,
1,2468,0x09A4,ECHO,CONSUMED,True,True,0,UNDECLARED,
1,2469,0x09A5,ECHO,CONSUMED,True,True,0,UNDECLARED,Chan018EqFreq002 Chan018EqGain002 Chan018EqQ002
1,2470,0x09A6,ECHO,CONSUMED,True,True,0,UNDECLARED,
1,2471,0x09A7,ECHO,CONSUMED,True,True,0,UNDECLARED,
1,2472,0x09A8,ECHO,CONSUMED,True,True,0,UNDECLARED,
1,2473,0x09A9,ECHO,CONSUMED,True,True,0,UNDECLARED,
1,2474,0x09AA,ECHO,CONSUMED,True,True,0,UNDECLARED,Chan018EqFreq003 Chan018EqGain003 Chan018EqQ003
1,2475,0x09AB,ECHO,CONSUMED,True,True,0,UNDECLARED,
1,2476,0x09AC,ECHO,CONSUMED,True,True,0,UNDECLARED,
1,2477,0x09AD,ECHO,CONSUMED,True,True,0,UNDECLARED,
1,2478,0x09AE,ECHO,CONSUMED,True,True,0,UNDECLARED,
1,2479,0x09AF,ECHO,CONSUMED,True,True,0,UNDECLARED,Chan018EqFreq004 Chan018EqGain004 Chan018EqQ004 Chan018EqShelf002
1,2480,0x09B0,ECHO,CONSUMED,True,True,0,UNDECLARED,
1,2481,0x09B1,ECHO,CONSUMED,True,True,0,UNDECLARED,
1,2482,0x09B2,ECHO,CONSUMED,True,True,0,UNDECLARED,
1,2483,0x09B3,ECHO,CONSUMED,True,True,0,UNDECLARED,
1,2484,0x09B4,CLEARED,CONSUMED,True,True,0,UNDECLARED,
1,2485,0x09B5,UNMAPPED,UNMAPPED,False,False,4,UNDECLARED,Chan018EqOn001
1,2486,0x09B6,UNMAPPED,UNMAPPED,False,False,4,UNDECLARED,
1,2487,0x09B7,UNMAPPED,UNMAPPED,False,False,4,UNDECLARED,
1,2488,0x09B8,ECHO,CONSUMED,True,True,0,UNDECLARED,Chan018GateOn001
1,2489,0x09B9,ECHO,CONSUMED,True,True,0,UNDECLARED,Chan018GateThr001
1,2490,0x09BA,ECHO,CONSUMED,True,True,0,ms (log table),Chan018GateAtt001
1,2491,0x09BB,ECHO,CONSUMED,True,True,0,ms,Chan018GateHold001
1,2492,0x09BC,ECHO,CONSUMED,True,True,0,ms (log table),Chan018GateRel001
1,2493,0x09BD,ECHO,CONSUMED,True,True,0,dB,Chan018GateRng001
1,2494,0x09BE,ECHO,INERT,True,True,0,UNDECLARED,Chan018GateKey001
1,2495,0x09BF,ECHO,INERT,True,True,0,UNDECLARED,Chan018GateDetSrc001
1,2496,0x09C0,ECHO,CONSUMED,True,True,0,UNDECLARED,Chan018GateFilterOn001
1,2497,0x09C1,ECHO,CONSUMED,True,True,0,UNDECLARED,Chan018GateFilterHpf001 Chan018GateFilterQ001
1,2498,0x09C2,ECHO,CONSUMED,True,True,0,UNDECLARED,
1,2499,0x09C3,ECHO,CONSUMED,True,True,0,UNDECLARED,
1,2500,0x09C4,ECHO,CONSUMED,True,True,0,UNDECLARED,
1,2501,0x09C5,ECHO,CONSUMED,True,True,0,UNDECLARED,
1,2502,0x09C6,ECHO,CONSUMED,True,True,0,UNDECLARED,Chan018GateFilterLpf001
1,2503,0x09C7,ECHO,CONSUMED,True,True,0,UNDECLARED,
1,2504,0x09C8,ECHO,CONSUMED,True,True,0,UNDECLARED,Chan018CompOn001
1,2505,0x09C9,ECHO,CONSUMED,True,True,0,UNDECLARED,Chan018CompThr001
1,2506,0x09CA,ECHO,CONSUMED,True,True,0,UNDECLARED,Chan018CompRat001
1,2507,0x09CB,ECHO,CONSUMED,True,True,0,ms (log table),Chan018CompAtt001
1,2508,0x09CC,ECHO,CONSUMED,True,True,0,ms (log table),Chan018CompRel001
1,2509,0x09CD,ECHO,CONSUMED,True,True,0,UNDECLARED,Chan018CompMake001
1,2510,0x09CE,ECHO,CONSUMED,True,True,0,UNDECLARED,Chan018CompKnee001
1,2511,0x09CF,ECHO,CONSUMED,True,True,0,percent 0-100,Chan018CompPar001
1,2512,0x09D0,ECHO,INERT,True,True,0,UNDECLARED,Chan018CompType001
1,2513,0x09D1,ECHO,INERT,True,True,0,UNDECLARED,Chan018CompKey001
1,2514,0x09D2,ECHO,INERT,True,True,0,UNDECLARED,Chan018CompDetSrc001
1,2515,0x09D3,ECHO,INERT,True,True,0,UNDECLARED,Chan018CompLimMode001
1,2516,0x09D4,ECHO,INERT,True,True,0,UNDECLARED,Chan018CompEqPos001
1,2517,0x09D5,ECHO,INERT,True,True,0,UNDECLARED,Chan018CompFilterOn001
1,2518,0x09D6,ECHO,INERT,True,True,0,UNDECLARED,Chan018CompFilterHpf001 Chan018CompFilterLpf001 Chan018CompFilterQ001
1,2519,0x09D7,ECHO,INERT,True,True,0,UNDECLARED,
1,2520,0x09D8,ECHO,INERT,True,True,0,UNDECLARED,
1,2521,0x09D9,ECHO,INERT,True,True,0,UNDECLARED,
1,2522,0x09DA,ECHO,INERT,True,True,0,UNDECLARED,
1,2523,0x09DB,ECHO,INERT,True,True,0,UNDECLARED,
1,2524,0x09DC,ECHO,CONSUMED,True,True,0,UNDECLARED,Chan018TubeOn001
1,2525,0x09DD,ECHO,CONSUMED,True,True,0,UNDECLARED,Chan018TubeSat001
1,2526,0x09DE,ECHO,CONSUMED,True,True,0,ms,Chan018Delay001
1,2527,0x09DF,ECHO,CONSUMED,True,True,0,UNDECLARED,
1,2528,0x09E0,ECHO,CONSUMED,True,True,0,UNDECLARED,Chan018RtgLevel001
1,2529,0x09E1,ECHO,CONSUMED,True,True,0,UNDECLARED,Chan018RtgPan001
1,2530,0x09E2,ECHO,CONSUMED,True,True,0,bool 0/1,Chan018RtgMute001
1,2531,0x09E3,ECHO,CONSUMED,True,True,0,UNDECLARED,Chan018RtgDca001
1,2532,0x09E4,ECHO,CONSUMED,True,True,0,UNDECLARED,Chan018RtgMainOn001
1,2533,0x09E5,ECHO,CONSUMED,True,True,0,UNDECLARED,Chan018RtgCtrOn001
1,2534,0x09E6,ECHO,CONSUMED,True,True,0,UNDECLARED,Chan018RtgGrpOn001
1,2535,0x09E7,ECHO,CONSUMED,True,True,0,UNDECLARED,Chan018RtgGrpOn002
1,2536,0x09E8,ECHO,CONSUMED,True,True,0,UNDECLARED,Chan018RtgGrpOn003
1,2537,0x09E9,ECHO,CONSUMED,True,True,0,UNDECLARED,Chan018RtgGrpOn004
1,2538,0x09EA,ECHO,CONSUMED,True,True,0,UNDECLARED,Chan018RtgAuxOn001
1,2539,0x09EB,ECHO,CONSUMED,True,True,0,UNDECLARED,Chan018RtgAuxOn002
1,2540,0x09EC,ECHO,CONSUMED,True,True,0,UNDECLARED,Chan018RtgAuxOn003
1,2541,0x09ED,ECHO,CONSUMED,True,True,0,UNDECLARED,Chan018RtgAuxOn004
1,2542,0x09EE,ECHO,CONSUMED,True,True,0,UNDECLARED,Chan018RtgAuxOn005
1,2543,0x09EF,ECHO,CONSUMED,True,True,0,UNDECLARED,Chan018RtgAuxOn006
1,2544,0x09F0,ECHO,CONSUMED,True,True,0,UNDECLARED,Chan018RtgAuxOn007
1,2545,0x09F1,ECHO,CONSUMED,True,True,0,UNDECLARED,Chan018RtgAuxOn008
1,2546,0x09F2,ECHO,CONSUMED,True,True,0,UNDECLARED,Chan018RtgAuxOn009
1,2547,0x09F3,ECHO,CONSUMED,True,True,0,UNDECLARED,Chan018RtgAuxOn010
1,2548,0x09F4,ECHO,CONSUMED,True,True,0,UNDECLARED,Chan018RtgAuxOn011
1,2549,0x09F5,ECHO,CONSUMED,True,True,0,UNDECLARED,Chan018RtgAuxOn012
1,2550,0x09F6,ECHO,CONSUMED,True,True,0,UNDECLARED,Chan018RtgAuxSend001
1,2551,0x09F7,ECHO,CONSUMED,True,True,0,UNDECLARED,Chan018RtgAuxSend002
1,2552,0x09F8,ECHO,CONSUMED,True,True,0,UNDECLARED,Chan018RtgAuxSend003
1,2553,0x09F9,ECHO,CONSUMED,True,True,0,UNDECLARED,Chan018RtgAuxSend004
1,2554,0x09FA,ECHO,CONSUMED,True,True,0,UNDECLARED,Chan018RtgAuxSend005
1,2555,0x09FB,ECHO,CONSUMED,True,True,0,UNDECLARED,Chan018RtgAuxSend006
1,2556,0x09FC,ECHO,CONSUMED,True,True,0,UNDECLARED,Chan018RtgAuxSend007
1,2557,0x09FD,ECHO,CONSUMED,True,True,0,UNDECLARED,Chan018RtgAuxSend008
1,2558,0x09FE,ECHO,CONSUMED,True,True,0,UNDECLARED,Chan018RtgAuxSend009
1,2559,0x09FF,ECHO,CONSUMED,True,True,0,UNDECLARED,Chan018RtgAuxSend010
1,2560,0x0A00,ECHO,CONSUMED,True,True,0,UNDECLARED,Chan018RtgAuxSend011
1,2561,0x0A01,ECHO,CONSUMED,True,True,0,UNDECLARED,Chan018RtgAuxSend012
1,2562,0x0A02,ECHO,CONSUMED,True,True,0,UNDECLARED,Chan018RtgAuxPick001
1,2563,0x0A03,ECHO,CONSUMED,True,True,0,UNDECLARED,Chan018RtgAuxPick002
1,2564,0x0A04,ECHO,CONSUMED,True,True,0,UNDECLARED,Chan018RtgAuxPick003
1,2565,0x0A05,ECHO,CONSUMED,True,True,0,UNDECLARED,Chan018RtgAuxPick004
1,2566,0x0A06,ECHO,CONSUMED,True,True,0,UNDECLARED,Chan018RtgAuxPick005
1,2567,0x0A07,ECHO,CONSUMED,True,True,0,UNDECLARED,Chan018RtgAuxPick006
1,2568,0x0A08,ECHO,CONSUMED,True,True,0,UNDECLARED,Chan018RtgAuxPick007
1,2569,0x0A09,ECHO,CONSUMED,True,True,0,UNDECLARED,Chan018RtgAuxPick008
1,2570,0x0A0A,ECHO,CONSUMED,True,True,0,UNDECLARED,Chan018RtgAuxPick009
1,2571,0x0A0B,ECHO,CONSUMED,True,True,0,UNDECLARED,Chan018RtgAuxPick010
1,2572,0x0A0C,ECHO,CONSUMED,True,True,0,UNDECLARED,Chan018RtgAuxPick011
1,2573,0x0A0D,ECHO,CONSUMED,True,True,0,UNDECLARED,Chan018RtgAuxPick012
1,2574,0x0A0E,ECHO,CONSUMED,True,True,0,UNDECLARED,Chan018RtgFx001
1,2575,0x0A0F,ECHO,CONSUMED,True,True,0,UNDECLARED,Chan018RtgFx002
1,2576,0x0A10,ECHO,CONSUMED,True,True,0,UNDECLARED,Chan018RtgFx003
1,2577,0x0A11,ECHO,CONSUMED,True,True,0,UNDECLARED,Chan018RtgFx004
1,2578,0x0A12,ECHO,CONSUMED,True,True,0,UNDECLARED,Chan018RtgFx005
1,2579,0x0A13,ECHO,CONSUMED,True,True,0,UNDECLARED,Chan018RtgFx006
1,2580,0x0A14,ECHO,CONSUMED,True,True,0,UNDECLARED,Chan018RtgFxSend001
1,2581,0x0A15,ECHO,CONSUMED,True,True,0,UNDECLARED,Chan018RtgFxSend002
1,2582,0x0A16,ECHO,CONSUMED,True,True,0,UNDECLARED,Chan018RtgFxSend003
1,2583,0x0A17,ECHO,CONSUMED,True,True,0,UNDECLARED,Chan018RtgFxSend004
1,2584,0x0A18,ECHO,CONSUMED,True,True,0,UNDECLARED,Chan018RtgFxSend005
1,2585,0x0A19,ECHO,CONSUMED,True,True,0,UNDECLARED,Chan018RtgFxSend006
1,2586,0x0A1A,ECHO,CONSUMED,True,True,0,UNDECLARED,Chan018RtgFxPick001
1,2587,0x0A1B,ECHO,CONSUMED,True,True,0,UNDECLARED,Chan018RtgFxPick002
1,2588,0x0A1C,ECHO,CONSUMED,True,True,0,UNDECLARED,Chan018RtgFxPick003
1,2589,0x0A1D,ECHO,CONSUMED,True,True,0,UNDECLARED,Chan018RtgFxPick004
1,2590,0x0A1E,ECHO,CONSUMED,True,True,0,UNDECLARED,Chan018RtgFxPick005
1,2591,0x0A1F,ECHO,CONSUMED,True,True,0,UNDECLARED,Chan018RtgFxPick006
1,2592,0x0A20,ECHO,CONSUMED,True,True,0,UNDECLARED,Chan019Gain001
1,2593,0x0A21,ECHO,CONSUMED,True,True,0,bool 0/1,Chan019Pol001
1,2594,0x0A22,UNMAPPED,UNMAPPED,False,False,3,UNDECLARED,Chan019Phantom001
1,2595,0x0A23,UNMAPPED,UNMAPPED,False,False,3,UNDECLARED,Chan019InputSel001
1,2596,0x0A24,ECHO,CONSUMED,True,True,0,UNDECLARED,Chan019EqHpf001 Chan019EqHpfSlope001
1,2597,0x0A25,ECHO,CONSUMED,True,True,0,UNDECLARED,
1,2598,0x0A26,ECHO,CONSUMED,True,True,0,UNDECLARED,
1,2599,0x0A27,ECHO,CONSUMED,True,True,0,UNDECLARED,
1,2600,0x0A28,ECHO,CONSUMED,True,True,0,UNDECLARED,
1,2601,0x0A29,CLEARED,CONSUMED,True,True,0,UNDECLARED,
1,2602,0x0A2A,ECHO,CONSUMED,True,True,0,UNDECLARED,Chan019EqLpf001
1,2603,0x0A2B,ECHO,CONSUMED,True,True,0,UNDECLARED,
1,2604,0x0A2C,ECHO,CONSUMED,True,True,0,UNDECLARED,
1,2605,0x0A2D,ECHO,CONSUMED,True,True,0,UNDECLARED,
1,2606,0x0A2E,ECHO,CONSUMED,True,True,0,UNDECLARED,
1,2607,0x0A2F,CLEARED,CONSUMED,True,True,0,UNDECLARED,
1,2608,0x0A30,ECHO,CONSUMED,True,True,0,UNDECLARED,Chan019EqFreq001 Chan019EqGain001 Chan019EqQ001 Chan019EqShelf001
1,2609,0x0A31,ECHO,CONSUMED,True,True,0,UNDECLARED,
1,2610,0x0A32,ECHO,CONSUMED,True,True,0,UNDECLARED,
1,2611,0x0A33,ECHO,CONSUMED,True,True,0,UNDECLARED,
1,2612,0x0A34,ECHO,CONSUMED,True,True,0,UNDECLARED,
1,2613,0x0A35,ECHO,CONSUMED,True,True,0,UNDECLARED,Chan019EqFreq002 Chan019EqGain002 Chan019EqQ002
1,2614,0x0A36,ECHO,CONSUMED,True,True,0,UNDECLARED,
1,2615,0x0A37,ECHO,CONSUMED,True,True,0,UNDECLARED,
1,2616,0x0A38,ECHO,CONSUMED,True,True,0,UNDECLARED,
1,2617,0x0A39,ECHO,CONSUMED,True,True,0,UNDECLARED,
1,2618,0x0A3A,ECHO,CONSUMED,True,True,0,UNDECLARED,Chan019EqFreq003 Chan019EqGain003 Chan019EqQ003
1,2619,0x0A3B,ECHO,CONSUMED,True,True,0,UNDECLARED,
1,2620,0x0A3C,ECHO,CONSUMED,True,True,0,UNDECLARED,
1,2621,0x0A3D,ECHO,CONSUMED,True,True,0,UNDECLARED,
1,2622,0x0A3E,ECHO,CONSUMED,True,True,0,UNDECLARED,
1,2623,0x0A3F,ECHO,CONSUMED,True,True,0,UNDECLARED,Chan019EqFreq004 Chan019EqGain004 Chan019EqQ004 Chan019EqShelf002
1,2624,0x0A40,ECHO,CONSUMED,True,True,0,UNDECLARED,
1,2625,0x0A41,ECHO,CONSUMED,True,True,0,UNDECLARED,
1,2626,0x0A42,ECHO,CONSUMED,True,True,0,UNDECLARED,
1,2627,0x0A43,ECHO,CONSUMED,True,True,0,UNDECLARED,
1,2628,0x0A44,CLEARED,CONSUMED,True,True,0,UNDECLARED,
1,2629,0x0A45,UNMAPPED,UNMAPPED,False,False,4,UNDECLARED,Chan019EqOn001
1,2630,0x0A46,UNMAPPED,UNMAPPED,False,False,4,UNDECLARED,
1,2631,0x0A47,UNMAPPED,UNMAPPED,False,False,4,UNDECLARED,
1,2632,0x0A48,ECHO,CONSUMED,True,True,0,UNDECLARED,Chan019GateOn001
1,2633,0x0A49,ECHO,CONSUMED,True,True,0,UNDECLARED,Chan019GateThr001
1,2634,0x0A4A,ECHO,CONSUMED,True,True,0,ms (log table),Chan019GateAtt001
1,2635,0x0A4B,ECHO,CONSUMED,True,True,0,ms,Chan019GateHold001
1,2636,0x0A4C,ECHO,CONSUMED,True,True,0,ms (log table),Chan019GateRel001
1,2637,0x0A4D,ECHO,CONSUMED,True,True,0,dB,Chan019GateRng001
1,2638,0x0A4E,ECHO,INERT,True,True,0,UNDECLARED,Chan019GateKey001
1,2639,0x0A4F,ECHO,INERT,True,True,0,UNDECLARED,Chan019GateDetSrc001
1,2640,0x0A50,ECHO,CONSUMED,True,True,0,UNDECLARED,Chan019GateFilterOn001
1,2641,0x0A51,ECHO,CONSUMED,True,True,0,UNDECLARED,Chan019GateFilterHpf001 Chan019GateFilterQ001
1,2642,0x0A52,ECHO,CONSUMED,True,True,0,UNDECLARED,
1,2643,0x0A53,ECHO,CONSUMED,True,True,0,UNDECLARED,
1,2644,0x0A54,ECHO,CONSUMED,True,True,0,UNDECLARED,
1,2645,0x0A55,ECHO,CONSUMED,True,True,0,UNDECLARED,
1,2646,0x0A56,ECHO,CONSUMED,True,True,0,UNDECLARED,Chan019GateFilterLpf001
1,2647,0x0A57,ECHO,CONSUMED,True,True,0,UNDECLARED,
1,2648,0x0A58,ECHO,CONSUMED,True,True,0,UNDECLARED,Chan019CompOn001
1,2649,0x0A59,ECHO,CONSUMED,True,True,0,UNDECLARED,Chan019CompThr001
1,2650,0x0A5A,ECHO,CONSUMED,True,True,0,UNDECLARED,Chan019CompRat001
1,2651,0x0A5B,ECHO,CONSUMED,True,True,0,ms (log table),Chan019CompAtt001
1,2652,0x0A5C,ECHO,CONSUMED,True,True,0,ms (log table),Chan019CompRel001
1,2653,0x0A5D,ECHO,CONSUMED,True,True,0,UNDECLARED,Chan019CompMake001
1,2654,0x0A5E,ECHO,CONSUMED,True,True,0,UNDECLARED,Chan019CompKnee001
1,2655,0x0A5F,ECHO,CONSUMED,True,True,0,percent 0-100,Chan019CompPar001
1,2656,0x0A60,ECHO,INERT,True,True,0,UNDECLARED,Chan019CompType001
1,2657,0x0A61,ECHO,INERT,True,True,0,UNDECLARED,Chan019CompKey001
1,2658,0x0A62,ECHO,INERT,True,True,0,UNDECLARED,Chan019CompDetSrc001
1,2659,0x0A63,ECHO,INERT,True,True,0,UNDECLARED,Chan019CompLimMode001
1,2660,0x0A64,ECHO,INERT,True,True,0,UNDECLARED,Chan019CompEqPos001
1,2661,0x0A65,ECHO,INERT,True,True,0,UNDECLARED,Chan019CompFilterOn001
1,2662,0x0A66,ECHO,INERT,True,True,0,UNDECLARED,Chan019CompFilterHpf001 Chan019CompFilterLpf001 Chan019CompFilterQ001
1,2663,0x0A67,ECHO,INERT,True,True,0,UNDECLARED,
1,2664,0x0A68,ECHO,INERT,True,True,0,UNDECLARED,
1,2665,0x0A69,ECHO,INERT,True,True,0,UNDECLARED,
1,2666,0x0A6A,ECHO,INERT,True,True,0,UNDECLARED,
1,2667,0x0A6B,ECHO,INERT,True,True,0,UNDECLARED,
1,2668,0x0A6C,ECHO,CONSUMED,True,True,0,UNDECLARED,Chan019TubeOn001
1,2669,0x0A6D,ECHO,CONSUMED,True,True,0,UNDECLARED,Chan019TubeSat001
1,2670,0x0A6E,ECHO,CONSUMED,True,True,0,ms,Chan019Delay001
1,2671,0x0A6F,ECHO,CONSUMED,True,True,0,UNDECLARED,
1,2672,0x0A70,ECHO,CONSUMED,True,True,0,UNDECLARED,Chan019RtgLevel001
1,2673,0x0A71,ECHO,CONSUMED,True,True,0,UNDECLARED,Chan019RtgPan001
1,2674,0x0A72,ECHO,CONSUMED,True,True,0,bool 0/1,Chan019RtgMute001
1,2675,0x0A73,ECHO,CONSUMED,True,True,0,UNDECLARED,Chan019RtgDca001
1,2676,0x0A74,ECHO,CONSUMED,True,True,0,UNDECLARED,Chan019RtgMainOn001
1,2677,0x0A75,ECHO,CONSUMED,True,True,0,UNDECLARED,Chan019RtgCtrOn001
1,2678,0x0A76,ECHO,CONSUMED,True,True,0,UNDECLARED,Chan019RtgGrpOn001
1,2679,0x0A77,ECHO,CONSUMED,True,True,0,UNDECLARED,Chan019RtgGrpOn002
1,2680,0x0A78,ECHO,CONSUMED,True,True,0,UNDECLARED,Chan019RtgGrpOn003
1,2681,0x0A79,ECHO,CONSUMED,True,True,0,UNDECLARED,Chan019RtgGrpOn004
1,2682,0x0A7A,ECHO,CONSUMED,True,True,0,UNDECLARED,Chan019RtgAuxOn001
1,2683,0x0A7B,ECHO,CONSUMED,True,True,0,UNDECLARED,Chan019RtgAuxOn002
1,2684,0x0A7C,ECHO,CONSUMED,True,True,0,UNDECLARED,Chan019RtgAuxOn003
1,2685,0x0A7D,ECHO,CONSUMED,True,True,0,UNDECLARED,Chan019RtgAuxOn004
1,2686,0x0A7E,ECHO,CONSUMED,True,True,0,UNDECLARED,Chan019RtgAuxOn005
1,2687,0x0A7F,ECHO,CONSUMED,True,True,0,UNDECLARED,Chan019RtgAuxOn006
1,2688,0x0A80,ECHO,CONSUMED,True,True,0,UNDECLARED,Chan019RtgAuxOn007
1,2689,0x0A81,ECHO,CONSUMED,True,True,0,UNDECLARED,Chan019RtgAuxOn008
1,2690,0x0A82,ECHO,CONSUMED,True,True,0,UNDECLARED,Chan019RtgAuxOn009
1,2691,0x0A83,ECHO,CONSUMED,True,True,0,UNDECLARED,Chan019RtgAuxOn010
1,2692,0x0A84,ECHO,CONSUMED,True,True,0,UNDECLARED,Chan019RtgAuxOn011
1,2693,0x0A85,ECHO,CONSUMED,True,True,0,UNDECLARED,Chan019RtgAuxOn012
1,2694,0x0A86,ECHO,CONSUMED,True,True,0,UNDECLARED,Chan019RtgAuxSend001
1,2695,0x0A87,ECHO,CONSUMED,True,True,0,UNDECLARED,Chan019RtgAuxSend002
1,2696,0x0A88,ECHO,CONSUMED,True,True,0,UNDECLARED,Chan019RtgAuxSend003
1,2697,0x0A89,ECHO,CONSUMED,True,True,0,UNDECLARED,Chan019RtgAuxSend004
1,2698,0x0A8A,ECHO,CONSUMED,True,True,0,UNDECLARED,Chan019RtgAuxSend005
1,2699,0x0A8B,ECHO,CONSUMED,True,True,0,UNDECLARED,Chan019RtgAuxSend006
1,2700,0x0A8C,ECHO,CONSUMED,True,True,0,UNDECLARED,Chan019RtgAuxSend007
1,2701,0x0A8D,ECHO,CONSUMED,True,True,0,UNDECLARED,Chan019RtgAuxSend008
1,2702,0x0A8E,ECHO,CONSUMED,True,True,0,UNDECLARED,Chan019RtgAuxSend009
1,2703,0x0A8F,ECHO,CONSUMED,True,True,0,UNDECLARED,Chan019RtgAuxSend010
1,2704,0x0A90,ECHO,CONSUMED,True,True,0,UNDECLARED,Chan019RtgAuxSend011
1,2705,0x0A91,ECHO,CONSUMED,True,True,0,UNDECLARED,Chan019RtgAuxSend012
1,2706,0x0A92,ECHO,CONSUMED,True,True,0,UNDECLARED,Chan019RtgAuxPick001
1,2707,0x0A93,ECHO,CONSUMED,True,True,0,UNDECLARED,Chan019RtgAuxPick002
1,2708,0x0A94,ECHO,CONSUMED,True,True,0,UNDECLARED,Chan019RtgAuxPick003
1,2709,0x0A95,ECHO,CONSUMED,True,True,0,UNDECLARED,Chan019RtgAuxPick004
1,2710,0x0A96,ECHO,CONSUMED,True,True,0,UNDECLARED,Chan019RtgAuxPick005
1,2711,0x0A97,ECHO,CONSUMED,True,True,0,UNDECLARED,Chan019RtgAuxPick006
1,2712,0x0A98,ECHO,CONSUMED,True,True,0,UNDECLARED,Chan019RtgAuxPick007
1,2713,0x0A99,ECHO,CONSUMED,True,True,0,UNDECLARED,Chan019RtgAuxPick008
1,2714,0x0A9A,ECHO,CONSUMED,True,True,0,UNDECLARED,Chan019RtgAuxPick009
1,2715,0x0A9B,ECHO,CONSUMED,True,True,0,UNDECLARED,Chan019RtgAuxPick010
1,2716,0x0A9C,ECHO,CONSUMED,True,True,0,UNDECLARED,Chan019RtgAuxPick011
1,2717,0x0A9D,ECHO,CONSUMED,True,True,0,UNDECLARED,Chan019RtgAuxPick012
1,2718,0x0A9E,ECHO,CONSUMED,True,True,0,UNDECLARED,Chan019RtgFx001
1,2719,0x0A9F,ECHO,CONSUMED,True,True,0,UNDECLARED,Chan019RtgFx002
1,2720,0x0AA0,ECHO,CONSUMED,True,True,0,UNDECLARED,Chan019RtgFx003
1,2721,0x0AA1,ECHO,CONSUMED,True,True,0,UNDECLARED,Chan019RtgFx004
1,2722,0x0AA2,ECHO,CONSUMED,True,True,0,UNDECLARED,Chan019RtgFx005
1,2723,0x0AA3,ECHO,CONSUMED,True,True,0,UNDECLARED,Chan019RtgFx006
1,2724,0x0AA4,ECHO,CONSUMED,True,True,0,UNDECLARED,Chan019RtgFxSend001
1,2725,0x0AA5,ECHO,CONSUMED,True,True,0,UNDECLARED,Chan019RtgFxSend002
1,2726,0x0AA6,ECHO,CONSUMED,True,True,0,UNDECLARED,Chan019RtgFxSend003
1,2727,0x0AA7,ECHO,CONSUMED,True,True,0,UNDECLARED,Chan019RtgFxSend004
1,2728,0x0AA8,ECHO,CONSUMED,True,True,0,UNDECLARED,Chan019RtgFxSend005
1,2729,0x0AA9,ECHO,CONSUMED,True,True,0,UNDECLARED,Chan019RtgFxSend006
1,2730,0x0AAA,ECHO,CONSUMED,True,True,0,UNDECLARED,Chan019RtgFxPick001
1,2731,0x0AAB,ECHO,CONSUMED,True,True,0,UNDECLARED,Chan019RtgFxPick002
1,2732,0x0AAC,ECHO,CONSUMED,True,True,0,UNDECLARED,Chan019RtgFxPick003
1,2733,0x0AAD,ECHO,CONSUMED,True,True,0,UNDECLARED,Chan019RtgFxPick004
1,2734,0x0AAE,ECHO,CONSUMED,True,True,0,UNDECLARED,Chan019RtgFxPick005
1,2735,0x0AAF,ECHO,CONSUMED,True,True,0,UNDECLARED,Chan019RtgFxPick006
1,2736,0x0AB0,ECHO,CONSUMED,True,True,0,UNDECLARED,Chan020Gain001
1,2737,0x0AB1,ECHO,CONSUMED,True,True,0,bool 0/1,Chan020Pol001
1,2738,0x0AB2,UNMAPPED,UNMAPPED,False,False,3,UNDECLARED,Chan020Phantom001
1,2739,0x0AB3,UNMAPPED,UNMAPPED,False,False,3,UNDECLARED,Chan020InputSel001
1,2740,0x0AB4,ECHO,CONSUMED,True,True,0,UNDECLARED,Chan020EqHpf001 Chan020EqHpfSlope001
1,2741,0x0AB5,ECHO,CONSUMED,True,True,0,UNDECLARED,
1,2742,0x0AB6,ECHO,CONSUMED,True,True,0,UNDECLARED,
1,2743,0x0AB7,ECHO,CONSUMED,True,True,0,UNDECLARED,
1,2744,0x0AB8,ECHO,CONSUMED,True,True,0,UNDECLARED,
1,2745,0x0AB9,CLEARED,CONSUMED,True,True,0,UNDECLARED,
1,2746,0x0ABA,ECHO,CONSUMED,True,True,0,UNDECLARED,Chan020EqLpf001
1,2747,0x0ABB,ECHO,CONSUMED,True,True,0,UNDECLARED,
1,2748,0x0ABC,ECHO,CONSUMED,True,True,0,UNDECLARED,
1,2749,0x0ABD,ECHO,CONSUMED,True,True,0,UNDECLARED,
1,2750,0x0ABE,ECHO,CONSUMED,True,True,0,UNDECLARED,
1,2751,0x0ABF,CLEARED,CONSUMED,True,True,0,UNDECLARED,
1,2752,0x0AC0,ECHO,CONSUMED,True,True,0,UNDECLARED,Chan020EqFreq001 Chan020EqGain001 Chan020EqQ001 Chan020EqShelf001
1,2753,0x0AC1,ECHO,CONSUMED,True,True,0,UNDECLARED,
1,2754,0x0AC2,ECHO,CONSUMED,True,True,0,UNDECLARED,
1,2755,0x0AC3,ECHO,CONSUMED,True,True,0,UNDECLARED,
1,2756,0x0AC4,ECHO,CONSUMED,True,True,0,UNDECLARED,
1,2757,0x0AC5,ECHO,CONSUMED,True,True,0,UNDECLARED,Chan020EqFreq002 Chan020EqGain002 Chan020EqQ002
1,2758,0x0AC6,ECHO,CONSUMED,True,True,0,UNDECLARED,
1,2759,0x0AC7,ECHO,CONSUMED,True,True,0,UNDECLARED,
1,2760,0x0AC8,ECHO,CONSUMED,True,True,0,UNDECLARED,
1,2761,0x0AC9,ECHO,CONSUMED,True,True,0,UNDECLARED,
1,2762,0x0ACA,ECHO,CONSUMED,True,True,0,UNDECLARED,Chan020EqFreq003 Chan020EqGain003 Chan020EqQ003
1,2763,0x0ACB,ECHO,CONSUMED,True,True,0,UNDECLARED,
1,2764,0x0ACC,ECHO,CONSUMED,True,True,0,UNDECLARED,
1,2765,0x0ACD,ECHO,CONSUMED,True,True,0,UNDECLARED,
1,2766,0x0ACE,ECHO,CONSUMED,True,True,0,UNDECLARED,
1,2767,0x0ACF,ECHO,CONSUMED,True,True,0,UNDECLARED,Chan020EqFreq004 Chan020EqGain004 Chan020EqQ004 Chan020EqShelf002
1,2768,0x0AD0,ECHO,CONSUMED,True,True,0,UNDECLARED,
1,2769,0x0AD1,ECHO,CONSUMED,True,True,0,UNDECLARED,
1,2770,0x0AD2,ECHO,CONSUMED,True,True,0,UNDECLARED,
1,2771,0x0AD3,ECHO,CONSUMED,True,True,0,UNDECLARED,
1,2772,0x0AD4,CLEARED,CONSUMED,True,True,0,UNDECLARED,
1,2773,0x0AD5,UNMAPPED,UNMAPPED,False,False,4,UNDECLARED,Chan020EqOn001
1,2774,0x0AD6,UNMAPPED,UNMAPPED,False,False,4,UNDECLARED,
1,2775,0x0AD7,UNMAPPED,UNMAPPED,False,False,4,UNDECLARED,
1,2776,0x0AD8,ECHO,CONSUMED,True,True,0,UNDECLARED,Chan020GateOn001
1,2777,0x0AD9,ECHO,CONSUMED,True,True,0,UNDECLARED,Chan020GateThr001
1,2778,0x0ADA,ECHO,CONSUMED,True,True,0,ms (log table),Chan020GateAtt001
1,2779,0x0ADB,ECHO,CONSUMED,True,True,0,ms,Chan020GateHold001
1,2780,0x0ADC,ECHO,CONSUMED,True,True,0,ms (log table),Chan020GateRel001
1,2781,0x0ADD,ECHO,CONSUMED,True,True,0,dB,Chan020GateRng001
1,2782,0x0ADE,ECHO,INERT,True,True,0,UNDECLARED,Chan020GateKey001
1,2783,0x0ADF,ECHO,INERT,True,True,0,UNDECLARED,Chan020GateDetSrc001
1,2784,0x0AE0,ECHO,CONSUMED,True,True,0,UNDECLARED,Chan020GateFilterOn001
1,2785,0x0AE1,ECHO,CONSUMED,True,True,0,UNDECLARED,Chan020GateFilterHpf001 Chan020GateFilterQ001
1,2786,0x0AE2,ECHO,CONSUMED,True,True,0,UNDECLARED,
1,2787,0x0AE3,ECHO,CONSUMED,True,True,0,UNDECLARED,
1,2788,0x0AE4,ECHO,CONSUMED,True,True,0,UNDECLARED,
1,2789,0x0AE5,ECHO,CONSUMED,True,True,0,UNDECLARED,
1,2790,0x0AE6,ECHO,CONSUMED,True,True,0,UNDECLARED,Chan020GateFilterLpf001
1,2791,0x0AE7,ECHO,CONSUMED,True,True,0,UNDECLARED,
1,2792,0x0AE8,ECHO,CONSUMED,True,True,0,UNDECLARED,Chan020CompOn001
1,2793,0x0AE9,ECHO,CONSUMED,True,True,0,UNDECLARED,Chan020CompThr001
1,2794,0x0AEA,ECHO,CONSUMED,True,True,0,UNDECLARED,Chan020CompRat001
1,2795,0x0AEB,ECHO,CONSUMED,True,True,0,ms (log table),Chan020CompAtt001
1,2796,0x0AEC,ECHO,CONSUMED,True,True,0,ms (log table),Chan020CompRel001
1,2797,0x0AED,ECHO,CONSUMED,True,True,0,UNDECLARED,Chan020CompMake001
1,2798,0x0AEE,ECHO,CONSUMED,True,True,0,UNDECLARED,Chan020CompKnee001
1,2799,0x0AEF,ECHO,CONSUMED,True,True,0,percent 0-100,Chan020CompPar001
1,2800,0x0AF0,ECHO,INERT,True,True,0,UNDECLARED,Chan020CompType001
1,2801,0x0AF1,ECHO,INERT,True,True,0,UNDECLARED,Chan020CompKey001
1,2802,0x0AF2,ECHO,INERT,True,True,0,UNDECLARED,Chan020CompDetSrc001
1,2803,0x0AF3,ECHO,INERT,True,True,0,UNDECLARED,Chan020CompLimMode001
1,2804,0x0AF4,ECHO,INERT,True,True,0,UNDECLARED,Chan020CompEqPos001
1,2805,0x0AF5,ECHO,INERT,True,True,0,UNDECLARED,Chan020CompFilterOn001
1,2806,0x0AF6,ECHO,INERT,True,True,0,UNDECLARED,Chan020CompFilterHpf001 Chan020CompFilterLpf001 Chan020CompFilterQ001
1,2807,0x0AF7,ECHO,INERT,True,True,0,UNDECLARED,
1,2808,0x0AF8,ECHO,INERT,True,True,0,UNDECLARED,
1,2809,0x0AF9,ECHO,INERT,True,True,0,UNDECLARED,
1,2810,0x0AFA,ECHO,INERT,True,True,0,UNDECLARED,
1,2811,0x0AFB,ECHO,INERT,True,True,0,UNDECLARED,
1,2812,0x0AFC,ECHO,CONSUMED,True,True,0,UNDECLARED,Chan020TubeOn001
1,2813,0x0AFD,ECHO,CONSUMED,True,True,0,UNDECLARED,Chan020TubeSat001
1,2814,0x0AFE,ECHO,CONSUMED,True,True,0,ms,Chan020Delay001
1,2815,0x0AFF,ECHO,CONSUMED,True,True,0,UNDECLARED,
1,2816,0x0B00,ECHO,CONSUMED,True,True,0,UNDECLARED,Chan020RtgLevel001
1,2817,0x0B01,ECHO,CONSUMED,True,True,0,UNDECLARED,Chan020RtgPan001
1,2818,0x0B02,ECHO,CONSUMED,True,True,0,bool 0/1,Chan020RtgMute001
1,2819,0x0B03,ECHO,CONSUMED,True,True,0,UNDECLARED,Chan020RtgDca001
1,2820,0x0B04,ECHO,CONSUMED,True,True,0,UNDECLARED,Chan020RtgMainOn001
1,2821,0x0B05,ECHO,CONSUMED,True,True,0,UNDECLARED,Chan020RtgCtrOn001
1,2822,0x0B06,ECHO,CONSUMED,True,True,0,UNDECLARED,Chan020RtgGrpOn001
1,2823,0x0B07,ECHO,CONSUMED,True,True,0,UNDECLARED,Chan020RtgGrpOn002
1,2824,0x0B08,ECHO,CONSUMED,True,True,0,UNDECLARED,Chan020RtgGrpOn003
1,2825,0x0B09,ECHO,CONSUMED,True,True,0,UNDECLARED,Chan020RtgGrpOn004
1,2826,0x0B0A,ECHO,CONSUMED,True,True,0,UNDECLARED,Chan020RtgAuxOn001
1,2827,0x0B0B,ECHO,CONSUMED,True,True,0,UNDECLARED,Chan020RtgAuxOn002
1,2828,0x0B0C,ECHO,CONSUMED,True,True,0,UNDECLARED,Chan020RtgAuxOn003
1,2829,0x0B0D,ECHO,CONSUMED,True,True,0,UNDECLARED,Chan020RtgAuxOn004
1,2830,0x0B0E,ECHO,CONSUMED,True,True,0,UNDECLARED,Chan020RtgAuxOn005
1,2831,0x0B0F,ECHO,CONSUMED,True,True,0,UNDECLARED,Chan020RtgAuxOn006
1,2832,0x0B10,ECHO,CONSUMED,True,True,0,UNDECLARED,Chan020RtgAuxOn007
1,2833,0x0B11,ECHO,CONSUMED,True,True,0,UNDECLARED,Chan020RtgAuxOn008
1,2834,0x0B12,ECHO,CONSUMED,True,True,0,UNDECLARED,Chan020RtgAuxOn009
1,2835,0x0B13,ECHO,CONSUMED,True,True,0,UNDECLARED,Chan020RtgAuxOn010
1,2836,0x0B14,ECHO,CONSUMED,True,True,0,UNDECLARED,Chan020RtgAuxOn011
1,2837,0x0B15,ECHO,CONSUMED,True,True,0,UNDECLARED,Chan020RtgAuxOn012
1,2838,0x0B16,ECHO,CONSUMED,True,True,0,UNDECLARED,Chan020RtgAuxSend001
1,2839,0x0B17,ECHO,CONSUMED,True,True,0,UNDECLARED,Chan020RtgAuxSend002
1,2840,0x0B18,ECHO,CONSUMED,True,True,0,UNDECLARED,Chan020RtgAuxSend003
1,2841,0x0B19,ECHO,CONSUMED,True,True,0,UNDECLARED,Chan020RtgAuxSend004
1,2842,0x0B1A,ECHO,CONSUMED,True,True,0,UNDECLARED,Chan020RtgAuxSend005
1,2843,0x0B1B,ECHO,CONSUMED,True,True,0,UNDECLARED,Chan020RtgAuxSend006
1,2844,0x0B1C,ECHO,CONSUMED,True,True,0,UNDECLARED,Chan020RtgAuxSend007
1,2845,0x0B1D,ECHO,CONSUMED,True,True,0,UNDECLARED,Chan020RtgAuxSend008
1,2846,0x0B1E,ECHO,CONSUMED,True,True,0,UNDECLARED,Chan020RtgAuxSend009
1,2847,0x0B1F,ECHO,CONSUMED,True,True,0,UNDECLARED,Chan020RtgAuxSend010
1,2848,0x0B20,ECHO,CONSUMED,True,True,0,UNDECLARED,Chan020RtgAuxSend011
1,2849,0x0B21,ECHO,CONSUMED,True,True,0,UNDECLARED,Chan020RtgAuxSend012
1,2850,0x0B22,ECHO,CONSUMED,True,True,0,UNDECLARED,Chan020RtgAuxPick001
1,2851,0x0B23,ECHO,CONSUMED,True,True,0,UNDECLARED,Chan020RtgAuxPick002
1,2852,0x0B24,ECHO,CONSUMED,True,True,0,UNDECLARED,Chan020RtgAuxPick003
1,2853,0x0B25,ECHO,CONSUMED,True,True,0,UNDECLARED,Chan020RtgAuxPick004
1,2854,0x0B26,ECHO,CONSUMED,True,True,0,UNDECLARED,Chan020RtgAuxPick005
1,2855,0x0B27,ECHO,CONSUMED,True,True,0,UNDECLARED,Chan020RtgAuxPick006
1,2856,0x0B28,ECHO,CONSUMED,True,True,0,UNDECLARED,Chan020RtgAuxPick007
1,2857,0x0B29,ECHO,CONSUMED,True,True,0,UNDECLARED,Chan020RtgAuxPick008
1,2858,0x0B2A,ECHO,CONSUMED,True,True,0,UNDECLARED,Chan020RtgAuxPick009
1,2859,0x0B2B,ECHO,CONSUMED,True,True,0,UNDECLARED,Chan020RtgAuxPick010
1,2860,0x0B2C,ECHO,CONSUMED,True,True,0,UNDECLARED,Chan020RtgAuxPick011
1,2861,0x0B2D,ECHO,CONSUMED,True,True,0,UNDECLARED,Chan020RtgAuxPick012
1,2862,0x0B2E,ECHO,CONSUMED,True,True,0,UNDECLARED,Chan020RtgFx001
1,2863,0x0B2F,ECHO,CONSUMED,True,True,0,UNDECLARED,Chan020RtgFx002
1,2864,0x0B30,ECHO,CONSUMED,True,True,0,UNDECLARED,Chan020RtgFx003
1,2865,0x0B31,ECHO,CONSUMED,True,True,0,UNDECLARED,Chan020RtgFx004
1,2866,0x0B32,ECHO,CONSUMED,True,True,0,UNDECLARED,Chan020RtgFx005
1,2867,0x0B33,ECHO,CONSUMED,True,True,0,UNDECLARED,Chan020RtgFx006
1,2868,0x0B34,ECHO,CONSUMED,True,True,0,UNDECLARED,Chan020RtgFxSend001
1,2869,0x0B35,ECHO,CONSUMED,True,True,0,UNDECLARED,Chan020RtgFxSend002
1,2870,0x0B36,ECHO,CONSUMED,True,True,0,UNDECLARED,Chan020RtgFxSend003
1,2871,0x0B37,ECHO,CONSUMED,True,True,0,UNDECLARED,Chan020RtgFxSend004
1,2872,0x0B38,ECHO,CONSUMED,True,True,0,UNDECLARED,Chan020RtgFxSend005
1,2873,0x0B39,ECHO,CONSUMED,True,True,0,UNDECLARED,Chan020RtgFxSend006
1,2874,0x0B3A,ECHO,CONSUMED,True,True,0,UNDECLARED,Chan020RtgFxPick001
1,2875,0x0B3B,ECHO,CONSUMED,True,True,0,UNDECLARED,Chan020RtgFxPick002
1,2876,0x0B3C,ECHO,CONSUMED,True,True,0,UNDECLARED,Chan020RtgFxPick003
1,2877,0x0B3D,ECHO,CONSUMED,True,True,0,UNDECLARED,Chan020RtgFxPick004
1,2878,0x0B3E,ECHO,CONSUMED,True,True,0,UNDECLARED,Chan020RtgFxPick005
1,2879,0x0B3F,ECHO,CONSUMED,True,True,0,UNDECLARED,Chan020RtgFxPick006
1,2880,0x0B40,ECHO,CONSUMED,True,True,0,UNDECLARED,Chan021Gain001
1,2881,0x0B41,ECHO,CONSUMED,True,True,0,bool 0/1,Chan021Pol001
1,2882,0x0B42,UNMAPPED,UNMAPPED,False,False,3,UNDECLARED,Chan021Phantom001
1,2883,0x0B43,UNMAPPED,UNMAPPED,False,False,3,UNDECLARED,Chan021InputSel001
1,2884,0x0B44,ECHO,CONSUMED,True,True,0,UNDECLARED,Chan021EqHpf001 Chan021EqHpfSlope001
1,2885,0x0B45,ECHO,CONSUMED,True,True,0,UNDECLARED,
1,2886,0x0B46,ECHO,CONSUMED,True,True,0,UNDECLARED,
1,2887,0x0B47,ECHO,CONSUMED,True,True,0,UNDECLARED,
1,2888,0x0B48,ECHO,CONSUMED,True,True,0,UNDECLARED,
1,2889,0x0B49,CLEARED,CONSUMED,True,True,0,UNDECLARED,
1,2890,0x0B4A,ECHO,CONSUMED,True,True,0,UNDECLARED,Chan021EqLpf001
1,2891,0x0B4B,ECHO,CONSUMED,True,True,0,UNDECLARED,
1,2892,0x0B4C,ECHO,CONSUMED,True,True,0,UNDECLARED,
1,2893,0x0B4D,ECHO,CONSUMED,True,True,0,UNDECLARED,
1,2894,0x0B4E,ECHO,CONSUMED,True,True,0,UNDECLARED,
1,2895,0x0B4F,CLEARED,CONSUMED,True,True,0,UNDECLARED,
1,2896,0x0B50,ECHO,CONSUMED,True,True,0,UNDECLARED,Chan021EqFreq001 Chan021EqGain001 Chan021EqQ001 Chan021EqShelf001
1,2897,0x0B51,ECHO,CONSUMED,True,True,0,UNDECLARED,
1,2898,0x0B52,ECHO,CONSUMED,True,True,0,UNDECLARED,
1,2899,0x0B53,ECHO,CONSUMED,True,True,0,UNDECLARED,
1,2900,0x0B54,ECHO,CONSUMED,True,True,0,UNDECLARED,
1,2901,0x0B55,ECHO,CONSUMED,True,True,0,UNDECLARED,Chan021EqFreq002 Chan021EqGain002 Chan021EqQ002
1,2902,0x0B56,ECHO,CONSUMED,True,True,0,UNDECLARED,
1,2903,0x0B57,ECHO,CONSUMED,True,True,0,UNDECLARED,
1,2904,0x0B58,ECHO,CONSUMED,True,True,0,UNDECLARED,
1,2905,0x0B59,ECHO,CONSUMED,True,True,0,UNDECLARED,
1,2906,0x0B5A,ECHO,CONSUMED,True,True,0,UNDECLARED,Chan021EqFreq003 Chan021EqGain003 Chan021EqQ003
1,2907,0x0B5B,ECHO,CONSUMED,True,True,0,UNDECLARED,
1,2908,0x0B5C,ECHO,CONSUMED,True,True,0,UNDECLARED,
1,2909,0x0B5D,ECHO,CONSUMED,True,True,0,UNDECLARED,
1,2910,0x0B5E,ECHO,CONSUMED,True,True,0,UNDECLARED,
1,2911,0x0B5F,ECHO,CONSUMED,True,True,0,UNDECLARED,Chan021EqFreq004 Chan021EqGain004 Chan021EqQ004 Chan021EqShelf002
1,2912,0x0B60,ECHO,CONSUMED,True,True,0,UNDECLARED,
1,2913,0x0B61,ECHO,CONSUMED,True,True,0,UNDECLARED,
1,2914,0x0B62,ECHO,CONSUMED,True,True,0,UNDECLARED,
1,2915,0x0B63,ECHO,CONSUMED,True,True,0,UNDECLARED,
1,2916,0x0B64,CLEARED,CONSUMED,True,True,0,UNDECLARED,
1,2917,0x0B65,UNMAPPED,UNMAPPED,False,False,4,UNDECLARED,Chan021EqOn001
1,2918,0x0B66,UNMAPPED,UNMAPPED,False,False,4,UNDECLARED,
1,2919,0x0B67,UNMAPPED,UNMAPPED,False,False,4,UNDECLARED,
1,2920,0x0B68,ECHO,CONSUMED,True,True,0,UNDECLARED,Chan021GateOn001
1,2921,0x0B69,ECHO,CONSUMED,True,True,0,UNDECLARED,Chan021GateThr001
1,2922,0x0B6A,ECHO,CONSUMED,True,True,0,ms (log table),Chan021GateAtt001
1,2923,0x0B6B,ECHO,CONSUMED,True,True,0,ms,Chan021GateHold001
1,2924,0x0B6C,ECHO,CONSUMED,True,True,0,ms (log table),Chan021GateRel001
1,2925,0x0B6D,ECHO,CONSUMED,True,True,0,dB,Chan021GateRng001
1,2926,0x0B6E,ECHO,INERT,True,True,0,UNDECLARED,Chan021GateKey001
1,2927,0x0B6F,ECHO,INERT,True,True,0,UNDECLARED,Chan021GateDetSrc001
1,2928,0x0B70,ECHO,CONSUMED,True,True,0,UNDECLARED,Chan021GateFilterOn001
1,2929,0x0B71,ECHO,CONSUMED,True,True,0,UNDECLARED,Chan021GateFilterHpf001 Chan021GateFilterQ001
1,2930,0x0B72,ECHO,CONSUMED,True,True,0,UNDECLARED,
1,2931,0x0B73,ECHO,CONSUMED,True,True,0,UNDECLARED,
1,2932,0x0B74,ECHO,CONSUMED,True,True,0,UNDECLARED,
1,2933,0x0B75,ECHO,CONSUMED,True,True,0,UNDECLARED,
1,2934,0x0B76,ECHO,CONSUMED,True,True,0,UNDECLARED,Chan021GateFilterLpf001
1,2935,0x0B77,ECHO,CONSUMED,True,True,0,UNDECLARED,
1,2936,0x0B78,ECHO,CONSUMED,True,True,0,UNDECLARED,Chan021CompOn001
1,2937,0x0B79,ECHO,CONSUMED,True,True,0,UNDECLARED,Chan021CompThr001
1,2938,0x0B7A,ECHO,CONSUMED,True,True,0,UNDECLARED,Chan021CompRat001
1,2939,0x0B7B,ECHO,CONSUMED,True,True,0,ms (log table),Chan021CompAtt001
1,2940,0x0B7C,ECHO,CONSUMED,True,True,0,ms (log table),Chan021CompRel001
1,2941,0x0B7D,ECHO,CONSUMED,True,True,0,UNDECLARED,Chan021CompMake001
1,2942,0x0B7E,ECHO,CONSUMED,True,True,0,UNDECLARED,Chan021CompKnee001
1,2943,0x0B7F,ECHO,CONSUMED,True,True,0,percent 0-100,Chan021CompPar001
1,2944,0x0B80,ECHO,INERT,True,True,0,UNDECLARED,Chan021CompType001
1,2945,0x0B81,ECHO,INERT,True,True,0,UNDECLARED,Chan021CompKey001
1,2946,0x0B82,ECHO,INERT,True,True,0,UNDECLARED,Chan021CompDetSrc001
1,2947,0x0B83,ECHO,INERT,True,True,0,UNDECLARED,Chan021CompLimMode001
1,2948,0x0B84,ECHO,INERT,True,True,0,UNDECLARED,Chan021CompEqPos001
1,2949,0x0B85,ECHO,INERT,True,True,0,UNDECLARED,Chan021CompFilterOn001
1,2950,0x0B86,ECHO,INERT,True,True,0,UNDECLARED,Chan021CompFilterHpf001 Chan021CompFilterLpf001 Chan021CompFilterQ001
1,2951,0x0B87,ECHO,INERT,True,True,0,UNDECLARED,
1,2952,0x0B88,ECHO,INERT,True,True,0,UNDECLARED,
1,2953,0x0B89,ECHO,INERT,True,True,0,UNDECLARED,
1,2954,0x0B8A,ECHO,INERT,True,True,0,UNDECLARED,
1,2955,0x0B8B,ECHO,INERT,True,True,0,UNDECLARED,
1,2956,0x0B8C,ECHO,CONSUMED,True,True,0,UNDECLARED,Chan021TubeOn001
1,2957,0x0B8D,ECHO,CONSUMED,True,True,0,UNDECLARED,Chan021TubeSat001
1,2958,0x0B8E,ECHO,CONSUMED,True,True,0,ms,Chan021Delay001
1,2959,0x0B8F,ECHO,CONSUMED,True,True,0,UNDECLARED,
1,2960,0x0B90,ECHO,CONSUMED,True,True,0,UNDECLARED,Chan021RtgLevel001
1,2961,0x0B91,ECHO,CONSUMED,True,True,0,UNDECLARED,Chan021RtgPan001
1,2962,0x0B92,ECHO,CONSUMED,True,True,0,bool 0/1,Chan021RtgMute001
1,2963,0x0B93,ECHO,CONSUMED,True,True,0,UNDECLARED,Chan021RtgDca001
1,2964,0x0B94,ECHO,CONSUMED,True,True,0,UNDECLARED,Chan021RtgMainOn001
1,2965,0x0B95,ECHO,CONSUMED,True,True,0,UNDECLARED,Chan021RtgCtrOn001
1,2966,0x0B96,ECHO,CONSUMED,True,True,0,UNDECLARED,Chan021RtgGrpOn001
1,2967,0x0B97,ECHO,CONSUMED,True,True,0,UNDECLARED,Chan021RtgGrpOn002
1,2968,0x0B98,ECHO,CONSUMED,True,True,0,UNDECLARED,Chan021RtgGrpOn003
1,2969,0x0B99,ECHO,CONSUMED,True,True,0,UNDECLARED,Chan021RtgGrpOn004
1,2970,0x0B9A,ECHO,CONSUMED,True,True,0,UNDECLARED,Chan021RtgAuxOn001
1,2971,0x0B9B,ECHO,CONSUMED,True,True,0,UNDECLARED,Chan021RtgAuxOn002
1,2972,0x0B9C,ECHO,CONSUMED,True,True,0,UNDECLARED,Chan021RtgAuxOn003
1,2973,0x0B9D,ECHO,CONSUMED,True,True,0,UNDECLARED,Chan021RtgAuxOn004
1,2974,0x0B9E,ECHO,CONSUMED,True,True,0,UNDECLARED,Chan021RtgAuxOn005
1,2975,0x0B9F,ECHO,CONSUMED,True,True,0,UNDECLARED,Chan021RtgAuxOn006
1,2976,0x0BA0,ECHO,CONSUMED,True,True,0,UNDECLARED,Chan021RtgAuxOn007
1,2977,0x0BA1,ECHO,CONSUMED,True,True,0,UNDECLARED,Chan021RtgAuxOn008
1,2978,0x0BA2,ECHO,CONSUMED,True,True,0,UNDECLARED,Chan021RtgAuxOn009
1,2979,0x0BA3,ECHO,CONSUMED,True,True,0,UNDECLARED,Chan021RtgAuxOn010
1,2980,0x0BA4,ECHO,CONSUMED,True,True,0,UNDECLARED,Chan021RtgAuxOn011
1,2981,0x0BA5,ECHO,CONSUMED,True,True,0,UNDECLARED,Chan021RtgAuxOn012
1,2982,0x0BA6,ECHO,CONSUMED,True,True,0,UNDECLARED,Chan021RtgAuxSend001
1,2983,0x0BA7,ECHO,CONSUMED,True,True,0,UNDECLARED,Chan021RtgAuxSend002
1,2984,0x0BA8,ECHO,CONSUMED,True,True,0,UNDECLARED,Chan021RtgAuxSend003
1,2985,0x0BA9,ECHO,CONSUMED,True,True,0,UNDECLARED,Chan021RtgAuxSend004
1,2986,0x0BAA,ECHO,CONSUMED,True,True,0,UNDECLARED,Chan021RtgAuxSend005
1,2987,0x0BAB,ECHO,CONSUMED,True,True,0,UNDECLARED,Chan021RtgAuxSend006
1,2988,0x0BAC,ECHO,CONSUMED,True,True,0,UNDECLARED,Chan021RtgAuxSend007
1,2989,0x0BAD,ECHO,CONSUMED,True,True,0,UNDECLARED,Chan021RtgAuxSend008
1,2990,0x0BAE,ECHO,CONSUMED,True,True,0,UNDECLARED,Chan021RtgAuxSend009
1,2991,0x0BAF,ECHO,CONSUMED,True,True,0,UNDECLARED,Chan021RtgAuxSend010
1,2992,0x0BB0,ECHO,CONSUMED,True,True,0,UNDECLARED,Chan021RtgAuxSend011
1,2993,0x0BB1,ECHO,CONSUMED,True,True,0,UNDECLARED,Chan021RtgAuxSend012
1,2994,0x0BB2,ECHO,CONSUMED,True,True,0,UNDECLARED,Chan021RtgAuxPick001
1,2995,0x0BB3,ECHO,CONSUMED,True,True,0,UNDECLARED,Chan021RtgAuxPick002
1,2996,0x0BB4,ECHO,CONSUMED,True,True,0,UNDECLARED,Chan021RtgAuxPick003
1,2997,0x0BB5,ECHO,CONSUMED,True,True,0,UNDECLARED,Chan021RtgAuxPick004
1,2998,0x0BB6,ECHO,CONSUMED,True,True,0,UNDECLARED,Chan021RtgAuxPick005
1,2999,0x0BB7,ECHO,CONSUMED,True,True,0,UNDECLARED,Chan021RtgAuxPick006
1,3000,0x0BB8,ECHO,CONSUMED,True,True,0,UNDECLARED,Chan021RtgAuxPick007
1,3001,0x0BB9,ECHO,CONSUMED,True,True,0,UNDECLARED,Chan021RtgAuxPick008
1,3002,0x0BBA,ECHO,CONSUMED,True,True,0,UNDECLARED,Chan021RtgAuxPick009
1,3003,0x0BBB,ECHO,CONSUMED,True,True,0,UNDECLARED,Chan021RtgAuxPick010
1,3004,0x0BBC,ECHO,CONSUMED,True,True,0,UNDECLARED,Chan021RtgAuxPick011
1,3005,0x0BBD,ECHO,CONSUMED,True,True,0,UNDECLARED,Chan021RtgAuxPick012
1,3006,0x0BBE,ECHO,CONSUMED,True,True,0,UNDECLARED,Chan021RtgFx001
1,3007,0x0BBF,ECHO,CONSUMED,True,True,0,UNDECLARED,Chan021RtgFx002
1,3008,0x0BC0,ECHO,CONSUMED,True,True,0,UNDECLARED,Chan021RtgFx003
1,3009,0x0BC1,ECHO,CONSUMED,True,True,0,UNDECLARED,Chan021RtgFx004
1,3010,0x0BC2,ECHO,CONSUMED,True,True,0,UNDECLARED,Chan021RtgFx005
1,3011,0x0BC3,ECHO,CONSUMED,True,True,0,UNDECLARED,Chan021RtgFx006
1,3012,0x0BC4,ECHO,CONSUMED,True,True,0,UNDECLARED,Chan021RtgFxSend001
1,3013,0x0BC5,ECHO,CONSUMED,True,True,0,UNDECLARED,Chan021RtgFxSend002
1,3014,0x0BC6,ECHO,CONSUMED,True,True,0,UNDECLARED,Chan021RtgFxSend003
1,3015,0x0BC7,ECHO,CONSUMED,True,True,0,UNDECLARED,Chan021RtgFxSend004
1,3016,0x0BC8,ECHO,CONSUMED,True,True,0,UNDECLARED,Chan021RtgFxSend005
1,3017,0x0BC9,ECHO,CONSUMED,True,True,0,UNDECLARED,Chan021RtgFxSend006
1,3018,0x0BCA,ECHO,CONSUMED,True,True,0,UNDECLARED,Chan021RtgFxPick001
1,3019,0x0BCB,ECHO,CONSUMED,True,True,0,UNDECLARED,Chan021RtgFxPick002
1,3020,0x0BCC,ECHO,CONSUMED,True,True,0,UNDECLARED,Chan021RtgFxPick003
1,3021,0x0BCD,ECHO,CONSUMED,True,True,0,UNDECLARED,Chan021RtgFxPick004
1,3022,0x0BCE,ECHO,CONSUMED,True,True,0,UNDECLARED,Chan021RtgFxPick005
1,3023,0x0BCF,ECHO,CONSUMED,True,True,0,UNDECLARED,Chan021RtgFxPick006
1,3024,0x0BD0,ECHO,CONSUMED,True,True,0,UNDECLARED,Chan022Gain001
1,3025,0x0BD1,ECHO,CONSUMED,True,True,0,bool 0/1,Chan022Pol001
1,3026,0x0BD2,UNMAPPED,UNMAPPED,False,False,3,UNDECLARED,Chan022Phantom001
1,3027,0x0BD3,UNMAPPED,UNMAPPED,False,False,3,UNDECLARED,Chan022InputSel001
1,3028,0x0BD4,ECHO,CONSUMED,True,True,0,UNDECLARED,Chan022EqHpf001 Chan022EqHpfSlope001
1,3029,0x0BD5,ECHO,CONSUMED,True,True,0,UNDECLARED,
1,3030,0x0BD6,ECHO,CONSUMED,True,True,0,UNDECLARED,
1,3031,0x0BD7,ECHO,CONSUMED,True,True,0,UNDECLARED,
1,3032,0x0BD8,ECHO,CONSUMED,True,True,0,UNDECLARED,
1,3033,0x0BD9,CLEARED,CONSUMED,True,True,0,UNDECLARED,
1,3034,0x0BDA,ECHO,CONSUMED,True,True,0,UNDECLARED,Chan022EqLpf001
1,3035,0x0BDB,ECHO,CONSUMED,True,True,0,UNDECLARED,
1,3036,0x0BDC,ECHO,CONSUMED,True,True,0,UNDECLARED,
1,3037,0x0BDD,ECHO,CONSUMED,True,True,0,UNDECLARED,
1,3038,0x0BDE,ECHO,CONSUMED,True,True,0,UNDECLARED,
1,3039,0x0BDF,CLEARED,CONSUMED,True,True,0,UNDECLARED,
1,3040,0x0BE0,ECHO,CONSUMED,True,True,0,UNDECLARED,Chan022EqFreq001 Chan022EqGain001 Chan022EqQ001 Chan022EqShelf001
1,3041,0x0BE1,ECHO,CONSUMED,True,True,0,UNDECLARED,
1,3042,0x0BE2,ECHO,CONSUMED,True,True,0,UNDECLARED,
1,3043,0x0BE3,ECHO,CONSUMED,True,True,0,UNDECLARED,
1,3044,0x0BE4,ECHO,CONSUMED,True,True,0,UNDECLARED,
1,3045,0x0BE5,ECHO,CONSUMED,True,True,0,UNDECLARED,Chan022EqFreq002 Chan022EqGain002 Chan022EqQ002
1,3046,0x0BE6,ECHO,CONSUMED,True,True,0,UNDECLARED,
1,3047,0x0BE7,ECHO,CONSUMED,True,True,0,UNDECLARED,
1,3048,0x0BE8,ECHO,CONSUMED,True,True,0,UNDECLARED,
1,3049,0x0BE9,ECHO,CONSUMED,True,True,0,UNDECLARED,
1,3050,0x0BEA,ECHO,CONSUMED,True,True,0,UNDECLARED,Chan022EqFreq003 Chan022EqGain003 Chan022EqQ003
1,3051,0x0BEB,ECHO,CONSUMED,True,True,0,UNDECLARED,
1,3052,0x0BEC,ECHO,CONSUMED,True,True,0,UNDECLARED,
1,3053,0x0BED,ECHO,CONSUMED,True,True,0,UNDECLARED,
1,3054,0x0BEE,ECHO,CONSUMED,True,True,0,UNDECLARED,
1,3055,0x0BEF,ECHO,CONSUMED,True,True,0,UNDECLARED,Chan022EqFreq004 Chan022EqGain004 Chan022EqQ004 Chan022EqShelf002
1,3056,0x0BF0,ECHO,CONSUMED,True,True,0,UNDECLARED,
1,3057,0x0BF1,ECHO,CONSUMED,True,True,0,UNDECLARED,
1,3058,0x0BF2,ECHO,CONSUMED,True,True,0,UNDECLARED,
1,3059,0x0BF3,ECHO,CONSUMED,True,True,0,UNDECLARED,
1,3060,0x0BF4,CLEARED,CONSUMED,True,True,0,UNDECLARED,
1,3061,0x0BF5,UNMAPPED,UNMAPPED,False,False,4,UNDECLARED,Chan022EqOn001
1,3062,0x0BF6,UNMAPPED,UNMAPPED,False,False,4,UNDECLARED,
1,3063,0x0BF7,UNMAPPED,UNMAPPED,False,False,4,UNDECLARED,
1,3064,0x0BF8,ECHO,CONSUMED,True,True,0,UNDECLARED,Chan022GateOn001
1,3065,0x0BF9,ECHO,CONSUMED,True,True,0,UNDECLARED,Chan022GateThr001
1,3066,0x0BFA,ECHO,CONSUMED,True,True,0,ms (log table),Chan022GateAtt001
1,3067,0x0BFB,ECHO,CONSUMED,True,True,0,ms,Chan022GateHold001
1,3068,0x0BFC,ECHO,CONSUMED,True,True,0,ms (log table),Chan022GateRel001
1,3069,0x0BFD,ECHO,CONSUMED,True,True,0,dB,Chan022GateRng001
1,3070,0x0BFE,ECHO,INERT,True,True,0,UNDECLARED,Chan022GateKey001
1,3071,0x0BFF,ECHO,INERT,True,True,0,UNDECLARED,Chan022GateDetSrc001
1,3072,0x0C00,ECHO,CONSUMED,True,True,0,UNDECLARED,Chan022GateFilterOn001
1,3073,0x0C01,ECHO,CONSUMED,True,True,0,UNDECLARED,Chan022GateFilterHpf001 Chan022GateFilterQ001
1,3074,0x0C02,ECHO,CONSUMED,True,True,0,UNDECLARED,
1,3075,0x0C03,ECHO,CONSUMED,True,True,0,UNDECLARED,
1,3076,0x0C04,ECHO,CONSUMED,True,True,0,UNDECLARED,
1,3077,0x0C05,ECHO,CONSUMED,True,True,0,UNDECLARED,
1,3078,0x0C06,ECHO,CONSUMED,True,True,0,UNDECLARED,Chan022GateFilterLpf001
1,3079,0x0C07,ECHO,CONSUMED,True,True,0,UNDECLARED,
1,3080,0x0C08,ECHO,CONSUMED,True,True,0,UNDECLARED,Chan022CompOn001
1,3081,0x0C09,ECHO,CONSUMED,True,True,0,UNDECLARED,Chan022CompThr001
1,3082,0x0C0A,ECHO,CONSUMED,True,True,0,UNDECLARED,Chan022CompRat001
1,3083,0x0C0B,ECHO,CONSUMED,True,True,0,ms (log table),Chan022CompAtt001
1,3084,0x0C0C,ECHO,CONSUMED,True,True,0,ms (log table),Chan022CompRel001
1,3085,0x0C0D,ECHO,CONSUMED,True,True,0,UNDECLARED,Chan022CompMake001
1,3086,0x0C0E,ECHO,CONSUMED,True,True,0,UNDECLARED,Chan022CompKnee001
1,3087,0x0C0F,ECHO,CONSUMED,True,True,0,percent 0-100,Chan022CompPar001
1,3088,0x0C10,ECHO,INERT,True,True,0,UNDECLARED,Chan022CompType001
1,3089,0x0C11,ECHO,INERT,True,True,0,UNDECLARED,Chan022CompKey001
1,3090,0x0C12,ECHO,INERT,True,True,0,UNDECLARED,Chan022CompDetSrc001
1,3091,0x0C13,ECHO,INERT,True,True,0,UNDECLARED,Chan022CompLimMode001
1,3092,0x0C14,ECHO,INERT,True,True,0,UNDECLARED,Chan022CompEqPos001
1,3093,0x0C15,ECHO,INERT,True,True,0,UNDECLARED,Chan022CompFilterOn001
1,3094,0x0C16,ECHO,INERT,True,True,0,UNDECLARED,Chan022CompFilterHpf001 Chan022CompFilterLpf001 Chan022CompFilterQ001
1,3095,0x0C17,ECHO,INERT,True,True,0,UNDECLARED,
1,3096,0x0C18,ECHO,INERT,True,True,0,UNDECLARED,
1,3097,0x0C19,ECHO,INERT,True,True,0,UNDECLARED,
1,3098,0x0C1A,ECHO,INERT,True,True,0,UNDECLARED,
1,3099,0x0C1B,ECHO,INERT,True,True,0,UNDECLARED,
1,3100,0x0C1C,ECHO,CONSUMED,True,True,0,UNDECLARED,Chan022TubeOn001
1,3101,0x0C1D,ECHO,CONSUMED,True,True,0,UNDECLARED,Chan022TubeSat001
1,3102,0x0C1E,ECHO,CONSUMED,True,True,0,ms,Chan022Delay001
1,3103,0x0C1F,ECHO,CONSUMED,True,True,0,UNDECLARED,
1,3104,0x0C20,ECHO,CONSUMED,True,True,0,UNDECLARED,Chan022RtgLevel001
1,3105,0x0C21,ECHO,CONSUMED,True,True,0,UNDECLARED,Chan022RtgPan001
1,3106,0x0C22,ECHO,CONSUMED,True,True,0,bool 0/1,Chan022RtgMute001
1,3107,0x0C23,ECHO,CONSUMED,True,True,0,UNDECLARED,Chan022RtgDca001
1,3108,0x0C24,ECHO,CONSUMED,True,True,0,UNDECLARED,Chan022RtgMainOn001
1,3109,0x0C25,ECHO,CONSUMED,True,True,0,UNDECLARED,Chan022RtgCtrOn001
1,3110,0x0C26,ECHO,CONSUMED,True,True,0,UNDECLARED,Chan022RtgGrpOn001
1,3111,0x0C27,ECHO,CONSUMED,True,True,0,UNDECLARED,Chan022RtgGrpOn002
1,3112,0x0C28,ECHO,CONSUMED,True,True,0,UNDECLARED,Chan022RtgGrpOn003
1,3113,0x0C29,ECHO,CONSUMED,True,True,0,UNDECLARED,Chan022RtgGrpOn004
1,3114,0x0C2A,ECHO,CONSUMED,True,True,0,UNDECLARED,Chan022RtgAuxOn001
1,3115,0x0C2B,ECHO,CONSUMED,True,True,0,UNDECLARED,Chan022RtgAuxOn002
1,3116,0x0C2C,ECHO,CONSUMED,True,True,0,UNDECLARED,Chan022RtgAuxOn003
1,3117,0x0C2D,ECHO,CONSUMED,True,True,0,UNDECLARED,Chan022RtgAuxOn004
1,3118,0x0C2E,ECHO,CONSUMED,True,True,0,UNDECLARED,Chan022RtgAuxOn005
1,3119,0x0C2F,ECHO,CONSUMED,True,True,0,UNDECLARED,Chan022RtgAuxOn006
1,3120,0x0C30,ECHO,CONSUMED,True,True,0,UNDECLARED,Chan022RtgAuxOn007
1,3121,0x0C31,ECHO,CONSUMED,True,True,0,UNDECLARED,Chan022RtgAuxOn008
1,3122,0x0C32,ECHO,CONSUMED,True,True,0,UNDECLARED,Chan022RtgAuxOn009
1,3123,0x0C33,ECHO,CONSUMED,True,True,0,UNDECLARED,Chan022RtgAuxOn010
1,3124,0x0C34,ECHO,CONSUMED,True,True,0,UNDECLARED,Chan022RtgAuxOn011
1,3125,0x0C35,ECHO,CONSUMED,True,True,0,UNDECLARED,Chan022RtgAuxOn012
1,3126,0x0C36,ECHO,CONSUMED,True,True,0,UNDECLARED,Chan022RtgAuxSend001
1,3127,0x0C37,ECHO,CONSUMED,True,True,0,UNDECLARED,Chan022RtgAuxSend002
1,3128,0x0C38,ECHO,CONSUMED,True,True,0,UNDECLARED,Chan022RtgAuxSend003
1,3129,0x0C39,ECHO,CONSUMED,True,True,0,UNDECLARED,Chan022RtgAuxSend004
1,3130,0x0C3A,ECHO,CONSUMED,True,True,0,UNDECLARED,Chan022RtgAuxSend005
1,3131,0x0C3B,ECHO,CONSUMED,True,True,0,UNDECLARED,Chan022RtgAuxSend006
1,3132,0x0C3C,ECHO,CONSUMED,True,True,0,UNDECLARED,Chan022RtgAuxSend007
1,3133,0x0C3D,ECHO,CONSUMED,True,True,0,UNDECLARED,Chan022RtgAuxSend008
1,3134,0x0C3E,ECHO,CONSUMED,True,True,0,UNDECLARED,Chan022RtgAuxSend009
1,3135,0x0C3F,ECHO,CONSUMED,True,True,0,UNDECLARED,Chan022RtgAuxSend010
1,3136,0x0C40,ECHO,CONSUMED,True,True,0,UNDECLARED,Chan022RtgAuxSend011
1,3137,0x0C41,ECHO,CONSUMED,True,True,0,UNDECLARED,Chan022RtgAuxSend012
1,3138,0x0C42,ECHO,CONSUMED,True,True,0,UNDECLARED,Chan022RtgAuxPick001
1,3139,0x0C43,ECHO,CONSUMED,True,True,0,UNDECLARED,Chan022RtgAuxPick002
1,3140,0x0C44,ECHO,CONSUMED,True,True,0,UNDECLARED,Chan022RtgAuxPick003
1,3141,0x0C45,ECHO,CONSUMED,True,True,0,UNDECLARED,Chan022RtgAuxPick004
1,3142,0x0C46,ECHO,CONSUMED,True,True,0,UNDECLARED,Chan022RtgAuxPick005
1,3143,0x0C47,ECHO,CONSUMED,True,True,0,UNDECLARED,Chan022RtgAuxPick006
1,3144,0x0C48,ECHO,CONSUMED,True,True,0,UNDECLARED,Chan022RtgAuxPick007
1,3145,0x0C49,ECHO,CONSUMED,True,True,0,UNDECLARED,Chan022RtgAuxPick008
1,3146,0x0C4A,ECHO,CONSUMED,True,True,0,UNDECLARED,Chan022RtgAuxPick009
1,3147,0x0C4B,ECHO,CONSUMED,True,True,0,UNDECLARED,Chan022RtgAuxPick010
1,3148,0x0C4C,ECHO,CONSUMED,True,True,0,UNDECLARED,Chan022RtgAuxPick011
1,3149,0x0C4D,ECHO,CONSUMED,True,True,0,UNDECLARED,Chan022RtgAuxPick012
1,3150,0x0C4E,ECHO,CONSUMED,True,True,0,UNDECLARED,Chan022RtgFx001
1,3151,0x0C4F,ECHO,CONSUMED,True,True,0,UNDECLARED,Chan022RtgFx002
1,3152,0x0C50,ECHO,CONSUMED,True,True,0,UNDECLARED,Chan022RtgFx003
1,3153,0x0C51,ECHO,CONSUMED,True,True,0,UNDECLARED,Chan022RtgFx004
1,3154,0x0C52,ECHO,CONSUMED,True,True,0,UNDECLARED,Chan022RtgFx005
1,3155,0x0C53,ECHO,CONSUMED,True,True,0,UNDECLARED,Chan022RtgFx006
1,3156,0x0C54,ECHO,CONSUMED,True,True,0,UNDECLARED,Chan022RtgFxSend001
1,3157,0x0C55,ECHO,CONSUMED,True,True,0,UNDECLARED,Chan022RtgFxSend002
1,3158,0x0C56,ECHO,CONSUMED,True,True,0,UNDECLARED,Chan022RtgFxSend003
1,3159,0x0C57,ECHO,CONSUMED,True,True,0,UNDECLARED,Chan022RtgFxSend004
1,3160,0x0C58,ECHO,CONSUMED,True,True,0,UNDECLARED,Chan022RtgFxSend005
1,3161,0x0C59,ECHO,CONSUMED,True,True,0,UNDECLARED,Chan022RtgFxSend006
1,3162,0x0C5A,ECHO,CONSUMED,True,True,0,UNDECLARED,Chan022RtgFxPick001
1,3163,0x0C5B,ECHO,CONSUMED,True,True,0,UNDECLARED,Chan022RtgFxPick002
1,3164,0x0C5C,ECHO,CONSUMED,True,True,0,UNDECLARED,Chan022RtgFxPick003
1,3165,0x0C5D,ECHO,CONSUMED,True,True,0,UNDECLARED,Chan022RtgFxPick004
1,3166,0x0C5E,ECHO,CONSUMED,True,True,0,UNDECLARED,Chan022RtgFxPick005
1,3167,0x0C5F,ECHO,CONSUMED,True,True,0,UNDECLARED,Chan022RtgFxPick006
1,3168,0x0C60,ECHO,CONSUMED,True,True,0,UNDECLARED,Chan023Gain001
1,3169,0x0C61,ECHO,CONSUMED,True,True,0,bool 0/1,Chan023Pol001
1,3170,0x0C62,UNMAPPED,UNMAPPED,False,False,3,UNDECLARED,Chan023Phantom001
1,3171,0x0C63,UNMAPPED,UNMAPPED,False,False,3,UNDECLARED,Chan023InputSel001
1,3172,0x0C64,ECHO,CONSUMED,True,True,0,UNDECLARED,Chan023EqHpf001 Chan023EqHpfSlope001
1,3173,0x0C65,ECHO,CONSUMED,True,True,0,UNDECLARED,
1,3174,0x0C66,ECHO,CONSUMED,True,True,0,UNDECLARED,
1,3175,0x0C67,ECHO,CONSUMED,True,True,0,UNDECLARED,
1,3176,0x0C68,ECHO,CONSUMED,True,True,0,UNDECLARED,
1,3177,0x0C69,CLEARED,CONSUMED,True,True,0,UNDECLARED,
1,3178,0x0C6A,ECHO,CONSUMED,True,True,0,UNDECLARED,Chan023EqLpf001
1,3179,0x0C6B,ECHO,CONSUMED,True,True,0,UNDECLARED,
1,3180,0x0C6C,ECHO,CONSUMED,True,True,0,UNDECLARED,
1,3181,0x0C6D,ECHO,CONSUMED,True,True,0,UNDECLARED,
1,3182,0x0C6E,ECHO,CONSUMED,True,True,0,UNDECLARED,
1,3183,0x0C6F,CLEARED,CONSUMED,True,True,0,UNDECLARED,
1,3184,0x0C70,ECHO,CONSUMED,True,True,0,UNDECLARED,Chan023EqFreq001 Chan023EqGain001 Chan023EqQ001 Chan023EqShelf001
1,3185,0x0C71,ECHO,CONSUMED,True,True,0,UNDECLARED,
1,3186,0x0C72,ECHO,CONSUMED,True,True,0,UNDECLARED,
1,3187,0x0C73,ECHO,CONSUMED,True,True,0,UNDECLARED,
1,3188,0x0C74,ECHO,CONSUMED,True,True,0,UNDECLARED,
1,3189,0x0C75,ECHO,CONSUMED,True,True,0,UNDECLARED,Chan023EqFreq002 Chan023EqGain002 Chan023EqQ002
1,3190,0x0C76,ECHO,CONSUMED,True,True,0,UNDECLARED,
1,3191,0x0C77,ECHO,CONSUMED,True,True,0,UNDECLARED,
1,3192,0x0C78,ECHO,CONSUMED,True,True,0,UNDECLARED,
1,3193,0x0C79,ECHO,CONSUMED,True,True,0,UNDECLARED,
1,3194,0x0C7A,ECHO,CONSUMED,True,True,0,UNDECLARED,Chan023EqFreq003 Chan023EqGain003 Chan023EqQ003
1,3195,0x0C7B,ECHO,CONSUMED,True,True,0,UNDECLARED,
1,3196,0x0C7C,ECHO,CONSUMED,True,True,0,UNDECLARED,
1,3197,0x0C7D,ECHO,CONSUMED,True,True,0,UNDECLARED,
1,3198,0x0C7E,ECHO,CONSUMED,True,True,0,UNDECLARED,
1,3199,0x0C7F,ECHO,CONSUMED,True,True,0,UNDECLARED,Chan023EqFreq004 Chan023EqGain004 Chan023EqQ004 Chan023EqShelf002
1,3200,0x0C80,ECHO,CONSUMED,True,True,0,UNDECLARED,
1,3201,0x0C81,ECHO,CONSUMED,True,True,0,UNDECLARED,
1,3202,0x0C82,ECHO,CONSUMED,True,True,0,UNDECLARED,
1,3203,0x0C83,ECHO,CONSUMED,True,True,0,UNDECLARED,
1,3204,0x0C84,CLEARED,CONSUMED,True,True,0,UNDECLARED,
1,3205,0x0C85,UNMAPPED,UNMAPPED,False,False,4,UNDECLARED,Chan023EqOn001
1,3206,0x0C86,UNMAPPED,UNMAPPED,False,False,4,UNDECLARED,
1,3207,0x0C87,UNMAPPED,UNMAPPED,False,False,4,UNDECLARED,
1,3208,0x0C88,ECHO,CONSUMED,True,True,0,UNDECLARED,Chan023GateOn001
1,3209,0x0C89,ECHO,CONSUMED,True,True,0,UNDECLARED,Chan023GateThr001
1,3210,0x0C8A,ECHO,CONSUMED,True,True,0,ms (log table),Chan023GateAtt001
1,3211,0x0C8B,ECHO,CONSUMED,True,True,0,ms,Chan023GateHold001
1,3212,0x0C8C,ECHO,CONSUMED,True,True,0,ms (log table),Chan023GateRel001
1,3213,0x0C8D,ECHO,CONSUMED,True,True,0,dB,Chan023GateRng001
1,3214,0x0C8E,ECHO,INERT,True,True,0,UNDECLARED,Chan023GateKey001
1,3215,0x0C8F,ECHO,INERT,True,True,0,UNDECLARED,Chan023GateDetSrc001
1,3216,0x0C90,ECHO,CONSUMED,True,True,0,UNDECLARED,Chan023GateFilterOn001
1,3217,0x0C91,ECHO,CONSUMED,True,True,0,UNDECLARED,Chan023GateFilterHpf001 Chan023GateFilterQ001
1,3218,0x0C92,ECHO,CONSUMED,True,True,0,UNDECLARED,
1,3219,0x0C93,ECHO,CONSUMED,True,True,0,UNDECLARED,
1,3220,0x0C94,ECHO,CONSUMED,True,True,0,UNDECLARED,
1,3221,0x0C95,ECHO,CONSUMED,True,True,0,UNDECLARED,
1,3222,0x0C96,ECHO,CONSUMED,True,True,0,UNDECLARED,Chan023GateFilterLpf001
1,3223,0x0C97,ECHO,CONSUMED,True,True,0,UNDECLARED,
1,3224,0x0C98,ECHO,CONSUMED,True,True,0,UNDECLARED,Chan023CompOn001
1,3225,0x0C99,ECHO,CONSUMED,True,True,0,UNDECLARED,Chan023CompThr001
1,3226,0x0C9A,ECHO,CONSUMED,True,True,0,UNDECLARED,Chan023CompRat001
1,3227,0x0C9B,ECHO,CONSUMED,True,True,0,ms (log table),Chan023CompAtt001
1,3228,0x0C9C,ECHO,CONSUMED,True,True,0,ms (log table),Chan023CompRel001
1,3229,0x0C9D,ECHO,CONSUMED,True,True,0,UNDECLARED,Chan023CompMake001
1,3230,0x0C9E,ECHO,CONSUMED,True,True,0,UNDECLARED,Chan023CompKnee001
1,3231,0x0C9F,ECHO,CONSUMED,True,True,0,percent 0-100,Chan023CompPar001
1,3232,0x0CA0,ECHO,INERT,True,True,0,UNDECLARED,Chan023CompType001
1,3233,0x0CA1,ECHO,INERT,True,True,0,UNDECLARED,Chan023CompKey001
1,3234,0x0CA2,ECHO,INERT,True,True,0,UNDECLARED,Chan023CompDetSrc001
1,3235,0x0CA3,ECHO,INERT,True,True,0,UNDECLARED,Chan023CompLimMode001
1,3236,0x0CA4,ECHO,INERT,True,True,0,UNDECLARED,Chan023CompEqPos001
1,3237,0x0CA5,ECHO,INERT,True,True,0,UNDECLARED,Chan023CompFilterOn001
1,3238,0x0CA6,ECHO,INERT,True,True,0,UNDECLARED,Chan023CompFilterHpf001 Chan023CompFilterLpf001 Chan023CompFilterQ001
1,3239,0x0CA7,ECHO,INERT,True,True,0,UNDECLARED,
1,3240,0x0CA8,ECHO,INERT,True,True,0,UNDECLARED,
1,3241,0x0CA9,ECHO,INERT,True,True,0,UNDECLARED,
1,3242,0x0CAA,ECHO,INERT,True,True,0,UNDECLARED,
1,3243,0x0CAB,ECHO,INERT,True,True,0,UNDECLARED,
1,3244,0x0CAC,ECHO,CONSUMED,True,True,0,UNDECLARED,Chan023TubeOn001
1,3245,0x0CAD,ECHO,CONSUMED,True,True,0,UNDECLARED,Chan023TubeSat001
1,3246,0x0CAE,ECHO,CONSUMED,True,True,0,ms,Chan023Delay001
1,3247,0x0CAF,ECHO,CONSUMED,True,True,0,UNDECLARED,
1,3248,0x0CB0,ECHO,CONSUMED,True,True,0,UNDECLARED,Chan023RtgLevel001
1,3249,0x0CB1,ECHO,CONSUMED,True,True,0,UNDECLARED,Chan023RtgPan001
1,3250,0x0CB2,ECHO,CONSUMED,True,True,0,bool 0/1,Chan023RtgMute001
1,3251,0x0CB3,ECHO,CONSUMED,True,True,0,UNDECLARED,Chan023RtgDca001
1,3252,0x0CB4,ECHO,CONSUMED,True,True,0,UNDECLARED,Chan023RtgMainOn001
1,3253,0x0CB5,ECHO,CONSUMED,True,True,0,UNDECLARED,Chan023RtgCtrOn001
1,3254,0x0CB6,ECHO,CONSUMED,True,True,0,UNDECLARED,Chan023RtgGrpOn001
1,3255,0x0CB7,ECHO,CONSUMED,True,True,0,UNDECLARED,Chan023RtgGrpOn002
1,3256,0x0CB8,ECHO,CONSUMED,True,True,0,UNDECLARED,Chan023RtgGrpOn003
1,3257,0x0CB9,ECHO,CONSUMED,True,True,0,UNDECLARED,Chan023RtgGrpOn004
1,3258,0x0CBA,ECHO,CONSUMED,True,True,0,UNDECLARED,Chan023RtgAuxOn001
1,3259,0x0CBB,ECHO,CONSUMED,True,True,0,UNDECLARED,Chan023RtgAuxOn002
1,3260,0x0CBC,ECHO,CONSUMED,True,True,0,UNDECLARED,Chan023RtgAuxOn003
1,3261,0x0CBD,ECHO,CONSUMED,True,True,0,UNDECLARED,Chan023RtgAuxOn004
1,3262,0x0CBE,ECHO,CONSUMED,True,True,0,UNDECLARED,Chan023RtgAuxOn005
1,3263,0x0CBF,ECHO,CONSUMED,True,True,0,UNDECLARED,Chan023RtgAuxOn006
1,3264,0x0CC0,ECHO,CONSUMED,True,True,0,UNDECLARED,Chan023RtgAuxOn007
1,3265,0x0CC1,ECHO,CONSUMED,True,True,0,UNDECLARED,Chan023RtgAuxOn008
1,3266,0x0CC2,ECHO,CONSUMED,True,True,0,UNDECLARED,Chan023RtgAuxOn009
1,3267,0x0CC3,ECHO,CONSUMED,True,True,0,UNDECLARED,Chan023RtgAuxOn010
1,3268,0x0CC4,ECHO,CONSUMED,True,True,0,UNDECLARED,Chan023RtgAuxOn011
1,3269,0x0CC5,ECHO,CONSUMED,True,True,0,UNDECLARED,Chan023RtgAuxOn012
1,3270,0x0CC6,ECHO,CONSUMED,True,True,0,UNDECLARED,Chan023RtgAuxSend001
1,3271,0x0CC7,ECHO,CONSUMED,True,True,0,UNDECLARED,Chan023RtgAuxSend002
1,3272,0x0CC8,ECHO,CONSUMED,True,True,0,UNDECLARED,Chan023RtgAuxSend003
1,3273,0x0CC9,ECHO,CONSUMED,True,True,0,UNDECLARED,Chan023RtgAuxSend004
1,3274,0x0CCA,ECHO,CONSUMED,True,True,0,UNDECLARED,Chan023RtgAuxSend005
1,3275,0x0CCB,ECHO,CONSUMED,True,True,0,UNDECLARED,Chan023RtgAuxSend006
1,3276,0x0CCC,ECHO,CONSUMED,True,True,0,UNDECLARED,Chan023RtgAuxSend007
1,3277,0x0CCD,ECHO,CONSUMED,True,True,0,UNDECLARED,Chan023RtgAuxSend008
1,3278,0x0CCE,ECHO,CONSUMED,True,True,0,UNDECLARED,Chan023RtgAuxSend009
1,3279,0x0CCF,ECHO,CONSUMED,True,True,0,UNDECLARED,Chan023RtgAuxSend010
1,3280,0x0CD0,ECHO,CONSUMED,True,True,0,UNDECLARED,Chan023RtgAuxSend011
1,3281,0x0CD1,ECHO,CONSUMED,True,True,0,UNDECLARED,Chan023RtgAuxSend012
1,3282,0x0CD2,ECHO,CONSUMED,True,True,0,UNDECLARED,Chan023RtgAuxPick001
1,3283,0x0CD3,ECHO,CONSUMED,True,True,0,UNDECLARED,Chan023RtgAuxPick002
1,3284,0x0CD4,ECHO,CONSUMED,True,True,0,UNDECLARED,Chan023RtgAuxPick003
1,3285,0x0CD5,ECHO,CONSUMED,True,True,0,UNDECLARED,Chan023RtgAuxPick004
1,3286,0x0CD6,ECHO,CONSUMED,True,True,0,UNDECLARED,Chan023RtgAuxPick005
1,3287,0x0CD7,ECHO,CONSUMED,True,True,0,UNDECLARED,Chan023RtgAuxPick006
1,3288,0x0CD8,ECHO,CONSUMED,True,True,0,UNDECLARED,Chan023RtgAuxPick007
1,3289,0x0CD9,ECHO,CONSUMED,True,True,0,UNDECLARED,Chan023RtgAuxPick008
1,3290,0x0CDA,ECHO,CONSUMED,True,True,0,UNDECLARED,Chan023RtgAuxPick009
1,3291,0x0CDB,ECHO,CONSUMED,True,True,0,UNDECLARED,Chan023RtgAuxPick010
1,3292,0x0CDC,ECHO,CONSUMED,True,True,0,UNDECLARED,Chan023RtgAuxPick011
1,3293,0x0CDD,ECHO,CONSUMED,True,True,0,UNDECLARED,Chan023RtgAuxPick012
1,3294,0x0CDE,ECHO,CONSUMED,True,True,0,UNDECLARED,Chan023RtgFx001
1,3295,0x0CDF,ECHO,CONSUMED,True,True,0,UNDECLARED,Chan023RtgFx002
1,3296,0x0CE0,ECHO,CONSUMED,True,True,0,UNDECLARED,Chan023RtgFx003
1,3297,0x0CE1,ECHO,CONSUMED,True,True,0,UNDECLARED,Chan023RtgFx004
1,3298,0x0CE2,ECHO,CONSUMED,True,True,0,UNDECLARED,Chan023RtgFx005
1,3299,0x0CE3,ECHO,CONSUMED,True,True,0,UNDECLARED,Chan023RtgFx006
1,3300,0x0CE4,ECHO,CONSUMED,True,True,0,UNDECLARED,Chan023RtgFxSend001
1,3301,0x0CE5,ECHO,CONSUMED,True,True,0,UNDECLARED,Chan023RtgFxSend002
1,3302,0x0CE6,ECHO,CONSUMED,True,True,0,UNDECLARED,Chan023RtgFxSend003
1,3303,0x0CE7,ECHO,CONSUMED,True,True,0,UNDECLARED,Chan023RtgFxSend004
1,3304,0x0CE8,ECHO,CONSUMED,True,True,0,UNDECLARED,Chan023RtgFxSend005
1,3305,0x0CE9,ECHO,CONSUMED,True,True,0,UNDECLARED,Chan023RtgFxSend006
1,3306,0x0CEA,ECHO,CONSUMED,True,True,0,UNDECLARED,Chan023RtgFxPick001
1,3307,0x0CEB,ECHO,CONSUMED,True,True,0,UNDECLARED,Chan023RtgFxPick002
1,3308,0x0CEC,ECHO,CONSUMED,True,True,0,UNDECLARED,Chan023RtgFxPick003
1,3309,0x0CED,ECHO,CONSUMED,True,True,0,UNDECLARED,Chan023RtgFxPick004
1,3310,0x0CEE,ECHO,CONSUMED,True,True,0,UNDECLARED,Chan023RtgFxPick005
1,3311,0x0CEF,ECHO,CONSUMED,True,True,0,UNDECLARED,Chan023RtgFxPick006
1,3312,0x0CF0,ECHO,CONSUMED,True,True,0,UNDECLARED,Chan024Gain001
1,3313,0x0CF1,ECHO,CONSUMED,True,True,0,bool 0/1,Chan024Pol001
1,3314,0x0CF2,UNMAPPED,UNMAPPED,False,False,3,UNDECLARED,Chan024Phantom001
1,3315,0x0CF3,UNMAPPED,UNMAPPED,False,False,3,UNDECLARED,Chan024InputSel001
1,3316,0x0CF4,ECHO,CONSUMED,True,True,0,UNDECLARED,Chan024EqHpf001 Chan024EqHpfSlope001
1,3317,0x0CF5,ECHO,CONSUMED,True,True,0,UNDECLARED,
1,3318,0x0CF6,ECHO,CONSUMED,True,True,0,UNDECLARED,
1,3319,0x0CF7,ECHO,CONSUMED,True,True,0,UNDECLARED,
1,3320,0x0CF8,ECHO,CONSUMED,True,True,0,UNDECLARED,
1,3321,0x0CF9,CLEARED,CONSUMED,True,True,0,UNDECLARED,
1,3322,0x0CFA,ECHO,CONSUMED,True,True,0,UNDECLARED,Chan024EqLpf001
1,3323,0x0CFB,ECHO,CONSUMED,True,True,0,UNDECLARED,
1,3324,0x0CFC,ECHO,CONSUMED,True,True,0,UNDECLARED,
1,3325,0x0CFD,ECHO,CONSUMED,True,True,0,UNDECLARED,
1,3326,0x0CFE,ECHO,CONSUMED,True,True,0,UNDECLARED,
1,3327,0x0CFF,CLEARED,CONSUMED,True,True,0,UNDECLARED,
1,3328,0x0D00,ECHO,CONSUMED,True,True,0,UNDECLARED,Chan024EqFreq001 Chan024EqGain001 Chan024EqQ001 Chan024EqShelf001
1,3329,0x0D01,ECHO,CONSUMED,True,True,0,UNDECLARED,
1,3330,0x0D02,ECHO,CONSUMED,True,True,0,UNDECLARED,
1,3331,0x0D03,ECHO,CONSUMED,True,True,0,UNDECLARED,
1,3332,0x0D04,ECHO,CONSUMED,True,True,0,UNDECLARED,
1,3333,0x0D05,ECHO,CONSUMED,True,True,0,UNDECLARED,Chan024EqFreq002 Chan024EqGain002 Chan024EqQ002
1,3334,0x0D06,ECHO,CONSUMED,True,True,0,UNDECLARED,
1,3335,0x0D07,ECHO,CONSUMED,True,True,0,UNDECLARED,
1,3336,0x0D08,ECHO,CONSUMED,True,True,0,UNDECLARED,
1,3337,0x0D09,ECHO,CONSUMED,True,True,0,UNDECLARED,
1,3338,0x0D0A,ECHO,CONSUMED,True,True,0,UNDECLARED,Chan024EqFreq003 Chan024EqGain003 Chan024EqQ003
1,3339,0x0D0B,ECHO,CONSUMED,True,True,0,UNDECLARED,
1,3340,0x0D0C,ECHO,CONSUMED,True,True,0,UNDECLARED,
1,3341,0x0D0D,ECHO,CONSUMED,True,True,0,UNDECLARED,
1,3342,0x0D0E,ECHO,CONSUMED,True,True,0,UNDECLARED,
1,3343,0x0D0F,ECHO,CONSUMED,True,True,0,UNDECLARED,Chan024EqFreq004 Chan024EqGain004 Chan024EqQ004 Chan024EqShelf002
1,3344,0x0D10,ECHO,CONSUMED,True,True,0,UNDECLARED,
1,3345,0x0D11,ECHO,CONSUMED,True,True,0,UNDECLARED,
1,3346,0x0D12,ECHO,CONSUMED,True,True,0,UNDECLARED,
1,3347,0x0D13,ECHO,CONSUMED,True,True,0,UNDECLARED,
1,3348,0x0D14,CLEARED,CONSUMED,True,True,0,UNDECLARED,
1,3349,0x0D15,UNMAPPED,UNMAPPED,False,False,4,UNDECLARED,Chan024EqOn001
1,3350,0x0D16,UNMAPPED,UNMAPPED,False,False,4,UNDECLARED,
1,3351,0x0D17,UNMAPPED,UNMAPPED,False,False,4,UNDECLARED,
1,3352,0x0D18,ECHO,CONSUMED,True,True,0,UNDECLARED,Chan024GateOn001
1,3353,0x0D19,ECHO,CONSUMED,True,True,0,UNDECLARED,Chan024GateThr001
1,3354,0x0D1A,ECHO,CONSUMED,True,True,0,ms (log table),Chan024GateAtt001
1,3355,0x0D1B,ECHO,CONSUMED,True,True,0,ms,Chan024GateHold001
1,3356,0x0D1C,ECHO,CONSUMED,True,True,0,ms (log table),Chan024GateRel001
1,3357,0x0D1D,ECHO,CONSUMED,True,True,0,dB,Chan024GateRng001
1,3358,0x0D1E,ECHO,INERT,True,True,0,UNDECLARED,Chan024GateKey001
1,3359,0x0D1F,ECHO,INERT,True,True,0,UNDECLARED,Chan024GateDetSrc001
1,3360,0x0D20,ECHO,CONSUMED,True,True,0,UNDECLARED,Chan024GateFilterOn001
1,3361,0x0D21,ECHO,CONSUMED,True,True,0,UNDECLARED,Chan024GateFilterHpf001 Chan024GateFilterQ001
1,3362,0x0D22,ECHO,CONSUMED,True,True,0,UNDECLARED,
1,3363,0x0D23,ECHO,CONSUMED,True,True,0,UNDECLARED,
1,3364,0x0D24,ECHO,CONSUMED,True,True,0,UNDECLARED,
1,3365,0x0D25,ECHO,CONSUMED,True,True,0,UNDECLARED,
1,3366,0x0D26,ECHO,CONSUMED,True,True,0,UNDECLARED,Chan024GateFilterLpf001
1,3367,0x0D27,ECHO,CONSUMED,True,True,0,UNDECLARED,
1,3368,0x0D28,ECHO,CONSUMED,True,True,0,UNDECLARED,Chan024CompOn001
1,3369,0x0D29,ECHO,CONSUMED,True,True,0,UNDECLARED,Chan024CompThr001
1,3370,0x0D2A,ECHO,CONSUMED,True,True,0,UNDECLARED,Chan024CompRat001
1,3371,0x0D2B,ECHO,CONSUMED,True,True,0,ms (log table),Chan024CompAtt001
1,3372,0x0D2C,ECHO,CONSUMED,True,True,0,ms (log table),Chan024CompRel001
1,3373,0x0D2D,ECHO,CONSUMED,True,True,0,UNDECLARED,Chan024CompMake001
1,3374,0x0D2E,ECHO,CONSUMED,True,True,0,UNDECLARED,Chan024CompKnee001
1,3375,0x0D2F,ECHO,CONSUMED,True,True,0,percent 0-100,Chan024CompPar001
1,3376,0x0D30,ECHO,INERT,True,True,0,UNDECLARED,Chan024CompType001
1,3377,0x0D31,ECHO,INERT,True,True,0,UNDECLARED,Chan024CompKey001
1,3378,0x0D32,ECHO,INERT,True,True,0,UNDECLARED,Chan024CompDetSrc001
1,3379,0x0D33,ECHO,INERT,True,True,0,UNDECLARED,Chan024CompLimMode001
1,3380,0x0D34,ECHO,INERT,True,True,0,UNDECLARED,Chan024CompEqPos001
1,3381,0x0D35,ECHO,INERT,True,True,0,UNDECLARED,Chan024CompFilterOn001
1,3382,0x0D36,ECHO,INERT,True,True,0,UNDECLARED,Chan024CompFilterHpf001 Chan024CompFilterLpf001 Chan024CompFilterQ001
1,3383,0x0D37,ECHO,INERT,True,True,0,UNDECLARED,
1,3384,0x0D38,ECHO,INERT,True,True,0,UNDECLARED,
1,3385,0x0D39,ECHO,INERT,True,True,0,UNDECLARED,
1,3386,0x0D3A,ECHO,INERT,True,True,0,UNDECLARED,
1,3387,0x0D3B,ECHO,INERT,True,True,0,UNDECLARED,
1,3388,0x0D3C,ECHO,CONSUMED,True,True,0,UNDECLARED,Chan024TubeOn001
1,3389,0x0D3D,ECHO,CONSUMED,True,True,0,UNDECLARED,Chan024TubeSat001
1,3390,0x0D3E,ECHO,CONSUMED,True,True,0,ms,Chan024Delay001
1,3391,0x0D3F,ECHO,CONSUMED,True,True,0,UNDECLARED,
1,3392,0x0D40,ECHO,CONSUMED,True,True,0,UNDECLARED,Chan024RtgLevel001
1,3393,0x0D41,ECHO,CONSUMED,True,True,0,UNDECLARED,Chan024RtgPan001
1,3394,0x0D42,ECHO,CONSUMED,True,True,0,bool 0/1,Chan024RtgMute001
1,3395,0x0D43,ECHO,CONSUMED,True,True,0,UNDECLARED,Chan024RtgDca001
1,3396,0x0D44,ECHO,CONSUMED,True,True,0,UNDECLARED,Chan024RtgMainOn001
1,3397,0x0D45,ECHO,CONSUMED,True,True,0,UNDECLARED,Chan024RtgCtrOn001
1,3398,0x0D46,ECHO,CONSUMED,True,True,0,UNDECLARED,Chan024RtgGrpOn001
1,3399,0x0D47,ECHO,CONSUMED,True,True,0,UNDECLARED,Chan024RtgGrpOn002
1,3400,0x0D48,ECHO,CONSUMED,True,True,0,UNDECLARED,Chan024RtgGrpOn003
1,3401,0x0D49,ECHO,CONSUMED,True,True,0,UNDECLARED,Chan024RtgGrpOn004
1,3402,0x0D4A,ECHO,CONSUMED,True,True,0,UNDECLARED,Chan024RtgAuxOn001
1,3403,0x0D4B,ECHO,CONSUMED,True,True,0,UNDECLARED,Chan024RtgAuxOn002
1,3404,0x0D4C,ECHO,CONSUMED,True,True,0,UNDECLARED,Chan024RtgAuxOn003
1,3405,0x0D4D,ECHO,CONSUMED,True,True,0,UNDECLARED,Chan024RtgAuxOn004
1,3406,0x0D4E,ECHO,CONSUMED,True,True,0,UNDECLARED,Chan024RtgAuxOn005
1,3407,0x0D4F,ECHO,CONSUMED,True,True,0,UNDECLARED,Chan024RtgAuxOn006
1,3408,0x0D50,ECHO,CONSUMED,True,True,0,UNDECLARED,Chan024RtgAuxOn007
1,3409,0x0D51,ECHO,CONSUMED,True,True,0,UNDECLARED,Chan024RtgAuxOn008
1,3410,0x0D52,ECHO,CONSUMED,True,True,0,UNDECLARED,Chan024RtgAuxOn009
1,3411,0x0D53,ECHO,CONSUMED,True,True,0,UNDECLARED,Chan024RtgAuxOn010
1,3412,0x0D54,ECHO,CONSUMED,True,True,0,UNDECLARED,Chan024RtgAuxOn011
1,3413,0x0D55,ECHO,CONSUMED,True,True,0,UNDECLARED,Chan024RtgAuxOn012
1,3414,0x0D56,ECHO,CONSUMED,True,True,0,UNDECLARED,Chan024RtgAuxSend001
1,3415,0x0D57,ECHO,CONSUMED,True,True,0,UNDECLARED,Chan024RtgAuxSend002
1,3416,0x0D58,ECHO,CONSUMED,True,True,0,UNDECLARED,Chan024RtgAuxSend003
1,3417,0x0D59,ECHO,CONSUMED,True,True,0,UNDECLARED,Chan024RtgAuxSend004
1,3418,0x0D5A,ECHO,CONSUMED,True,True,0,UNDECLARED,Chan024RtgAuxSend005
1,3419,0x0D5B,ECHO,CONSUMED,True,True,0,UNDECLARED,Chan024RtgAuxSend006
1,3420,0x0D5C,ECHO,CONSUMED,True,True,0,UNDECLARED,Chan024RtgAuxSend007
1,3421,0x0D5D,ECHO,CONSUMED,True,True,0,UNDECLARED,Chan024RtgAuxSend008
1,3422,0x0D5E,ECHO,CONSUMED,True,True,0,UNDECLARED,Chan024RtgAuxSend009
1,3423,0x0D5F,ECHO,CONSUMED,True,True,0,UNDECLARED,Chan024RtgAuxSend010
1,3424,0x0D60,ECHO,CONSUMED,True,True,0,UNDECLARED,Chan024RtgAuxSend011
1,3425,0x0D61,ECHO,CONSUMED,True,True,0,UNDECLARED,Chan024RtgAuxSend012
1,3426,0x0D62,ECHO,CONSUMED,True,True,0,UNDECLARED,Chan024RtgAuxPick001
1,3427,0x0D63,ECHO,CONSUMED,True,True,0,UNDECLARED,Chan024RtgAuxPick002
1,3428,0x0D64,ECHO,CONSUMED,True,True,0,UNDECLARED,Chan024RtgAuxPick003
1,3429,0x0D65,ECHO,CONSUMED,True,True,0,UNDECLARED,Chan024RtgAuxPick004
1,3430,0x0D66,ECHO,CONSUMED,True,True,0,UNDECLARED,Chan024RtgAuxPick005
1,3431,0x0D67,ECHO,CONSUMED,True,True,0,UNDECLARED,Chan024RtgAuxPick006
1,3432,0x0D68,ECHO,CONSUMED,True,True,0,UNDECLARED,Chan024RtgAuxPick007
1,3433,0x0D69,ECHO,CONSUMED,True,True,0,UNDECLARED,Chan024RtgAuxPick008
1,3434,0x0D6A,ECHO,CONSUMED,True,True,0,UNDECLARED,Chan024RtgAuxPick009
1,3435,0x0D6B,ECHO,CONSUMED,True,True,0,UNDECLARED,Chan024RtgAuxPick010
1,3436,0x0D6C,ECHO,CONSUMED,True,True,0,UNDECLARED,Chan024RtgAuxPick011
1,3437,0x0D6D,ECHO,CONSUMED,True,True,0,UNDECLARED,Chan024RtgAuxPick012
1,3438,0x0D6E,ECHO,CONSUMED,True,True,0,UNDECLARED,Chan024RtgFx001
1,3439,0x0D6F,ECHO,CONSUMED,True,True,0,UNDECLARED,Chan024RtgFx002
1,3440,0x0D70,ECHO,CONSUMED,True,True,0,UNDECLARED,Chan024RtgFx003
1,3441,0x0D71,ECHO,CONSUMED,True,True,0,UNDECLARED,Chan024RtgFx004
1,3442,0x0D72,ECHO,CONSUMED,True,True,0,UNDECLARED,Chan024RtgFx005
1,3443,0x0D73,ECHO,CONSUMED,True,True,0,UNDECLARED,Chan024RtgFx006
1,3444,0x0D74,ECHO,CONSUMED,True,True,0,UNDECLARED,Chan024RtgFxSend001
1,3445,0x0D75,ECHO,CONSUMED,True,True,0,UNDECLARED,Chan024RtgFxSend002
1,3446,0x0D76,ECHO,CONSUMED,True,True,0,UNDECLARED,Chan024RtgFxSend003
1,3447,0x0D77,ECHO,CONSUMED,True,True,0,UNDECLARED,Chan024RtgFxSend004
1,3448,0x0D78,ECHO,CONSUMED,True,True,0,UNDECLARED,Chan024RtgFxSend005
1,3449,0x0D79,ECHO,CONSUMED,True,True,0,UNDECLARED,Chan024RtgFxSend006
1,3450,0x0D7A,ECHO,CONSUMED,True,True,0,UNDECLARED,Chan024RtgFxPick001
1,3451,0x0D7B,ECHO,CONSUMED,True,True,0,UNDECLARED,Chan024RtgFxPick002
1,3452,0x0D7C,ECHO,CONSUMED,True,True,0,UNDECLARED,Chan024RtgFxPick003
1,3453,0x0D7D,ECHO,CONSUMED,True,True,0,UNDECLARED,Chan024RtgFxPick004
1,3454,0x0D7E,ECHO,CONSUMED,True,True,0,UNDECLARED,Chan024RtgFxPick005
1,3455,0x0D7F,ECHO,CONSUMED,True,True,0,UNDECLARED,Chan024RtgFxPick006
1,3456,0x0D80,ECHO,CONSUMED,True,True,0,UNDECLARED,Chan025Gain001
1,3457,0x0D81,ECHO,CONSUMED,True,True,0,bool 0/1,Chan025Pol001
1,3458,0x0D82,UNMAPPED,UNMAPPED,False,False,3,UNDECLARED,Chan025Phantom001
1,3459,0x0D83,UNMAPPED,UNMAPPED,False,False,3,UNDECLARED,Chan025InputSel001
1,3460,0x0D84,ECHO,CONSUMED,True,True,0,UNDECLARED,Chan025EqHpf001 Chan025EqHpfSlope001
1,3461,0x0D85,ECHO,CONSUMED,True,True,0,UNDECLARED,
1,3462,0x0D86,ECHO,CONSUMED,True,True,0,UNDECLARED,
1,3463,0x0D87,ECHO,CONSUMED,True,True,0,UNDECLARED,
1,3464,0x0D88,ECHO,CONSUMED,True,True,0,UNDECLARED,
1,3465,0x0D89,CLEARED,CONSUMED,True,True,0,UNDECLARED,
1,3466,0x0D8A,ECHO,CONSUMED,True,True,0,UNDECLARED,Chan025EqLpf001
1,3467,0x0D8B,ECHO,CONSUMED,True,True,0,UNDECLARED,
1,3468,0x0D8C,ECHO,CONSUMED,True,True,0,UNDECLARED,
1,3469,0x0D8D,ECHO,CONSUMED,True,True,0,UNDECLARED,
1,3470,0x0D8E,ECHO,CONSUMED,True,True,0,UNDECLARED,
1,3471,0x0D8F,CLEARED,CONSUMED,True,True,0,UNDECLARED,
1,3472,0x0D90,ECHO,CONSUMED,True,True,0,UNDECLARED,Chan025EqFreq001 Chan025EqGain001 Chan025EqQ001 Chan025EqShelf001
1,3473,0x0D91,ECHO,CONSUMED,True,True,0,UNDECLARED,
1,3474,0x0D92,ECHO,CONSUMED,True,True,0,UNDECLARED,
1,3475,0x0D93,ECHO,CONSUMED,True,True,0,UNDECLARED,
1,3476,0x0D94,ECHO,CONSUMED,True,True,0,UNDECLARED,
1,3477,0x0D95,ECHO,CONSUMED,True,True,0,UNDECLARED,Chan025EqFreq002 Chan025EqGain002 Chan025EqQ002
1,3478,0x0D96,ECHO,CONSUMED,True,True,0,UNDECLARED,
1,3479,0x0D97,ECHO,CONSUMED,True,True,0,UNDECLARED,
1,3480,0x0D98,ECHO,CONSUMED,True,True,0,UNDECLARED,
1,3481,0x0D99,ECHO,CONSUMED,True,True,0,UNDECLARED,
1,3482,0x0D9A,ECHO,CONSUMED,True,True,0,UNDECLARED,Chan025EqFreq003 Chan025EqGain003 Chan025EqQ003
1,3483,0x0D9B,ECHO,CONSUMED,True,True,0,UNDECLARED,
1,3484,0x0D9C,ECHO,CONSUMED,True,True,0,UNDECLARED,
1,3485,0x0D9D,ECHO,CONSUMED,True,True,0,UNDECLARED,
1,3486,0x0D9E,ECHO,CONSUMED,True,True,0,UNDECLARED,
1,3487,0x0D9F,ECHO,CONSUMED,True,True,0,UNDECLARED,Chan025EqFreq004 Chan025EqGain004 Chan025EqQ004 Chan025EqShelf002
1,3488,0x0DA0,ECHO,CONSUMED,True,True,0,UNDECLARED,
1,3489,0x0DA1,ECHO,CONSUMED,True,True,0,UNDECLARED,
1,3490,0x0DA2,ECHO,CONSUMED,True,True,0,UNDECLARED,
1,3491,0x0DA3,ECHO,CONSUMED,True,True,0,UNDECLARED,
1,3492,0x0DA4,CLEARED,CONSUMED,True,True,0,UNDECLARED,
1,3493,0x0DA5,UNMAPPED,UNMAPPED,False,False,4,UNDECLARED,Chan025EqOn001
1,3494,0x0DA6,UNMAPPED,UNMAPPED,False,False,4,UNDECLARED,
1,3495,0x0DA7,UNMAPPED,UNMAPPED,False,False,4,UNDECLARED,
1,3496,0x0DA8,ECHO,CONSUMED,True,True,0,UNDECLARED,Chan025GateOn001
1,3497,0x0DA9,ECHO,CONSUMED,True,True,0,UNDECLARED,Chan025GateThr001
1,3498,0x0DAA,ECHO,CONSUMED,True,True,0,ms (log table),Chan025GateAtt001
1,3499,0x0DAB,ECHO,CONSUMED,True,True,0,ms,Chan025GateHold001
1,3500,0x0DAC,ECHO,CONSUMED,True,True,0,ms (log table),Chan025GateRel001
1,3501,0x0DAD,ECHO,CONSUMED,True,True,0,dB,Chan025GateRng001
1,3502,0x0DAE,ECHO,INERT,True,True,0,UNDECLARED,Chan025GateKey001
1,3503,0x0DAF,ECHO,INERT,True,True,0,UNDECLARED,Chan025GateDetSrc001
1,3504,0x0DB0,ECHO,CONSUMED,True,True,0,UNDECLARED,Chan025GateFilterOn001
1,3505,0x0DB1,ECHO,CONSUMED,True,True,0,UNDECLARED,Chan025GateFilterHpf001 Chan025GateFilterQ001
1,3506,0x0DB2,ECHO,CONSUMED,True,True,0,UNDECLARED,
1,3507,0x0DB3,ECHO,CONSUMED,True,True,0,UNDECLARED,
1,3508,0x0DB4,ECHO,CONSUMED,True,True,0,UNDECLARED,
1,3509,0x0DB5,ECHO,CONSUMED,True,True,0,UNDECLARED,
1,3510,0x0DB6,ECHO,CONSUMED,True,True,0,UNDECLARED,Chan025GateFilterLpf001
1,3511,0x0DB7,ECHO,CONSUMED,True,True,0,UNDECLARED,
1,3512,0x0DB8,ECHO,CONSUMED,True,True,0,UNDECLARED,Chan025CompOn001
1,3513,0x0DB9,ECHO,CONSUMED,True,True,0,UNDECLARED,Chan025CompThr001
1,3514,0x0DBA,ECHO,CONSUMED,True,True,0,UNDECLARED,Chan025CompRat001
1,3515,0x0DBB,ECHO,CONSUMED,True,True,0,ms (log table),Chan025CompAtt001
1,3516,0x0DBC,ECHO,CONSUMED,True,True,0,ms (log table),Chan025CompRel001
1,3517,0x0DBD,ECHO,CONSUMED,True,True,0,UNDECLARED,Chan025CompMake001
1,3518,0x0DBE,ECHO,CONSUMED,True,True,0,UNDECLARED,Chan025CompKnee001
1,3519,0x0DBF,ECHO,CONSUMED,True,True,0,percent 0-100,Chan025CompPar001
1,3520,0x0DC0,ECHO,INERT,True,True,0,UNDECLARED,Chan025CompType001
1,3521,0x0DC1,ECHO,INERT,True,True,0,UNDECLARED,Chan025CompKey001
1,3522,0x0DC2,ECHO,INERT,True,True,0,UNDECLARED,Chan025CompDetSrc001
1,3523,0x0DC3,ECHO,INERT,True,True,0,UNDECLARED,Chan025CompLimMode001
1,3524,0x0DC4,ECHO,INERT,True,True,0,UNDECLARED,Chan025CompEqPos001
1,3525,0x0DC5,ECHO,INERT,True,True,0,UNDECLARED,Chan025CompFilterOn001
1,3526,0x0DC6,ECHO,INERT,True,True,0,UNDECLARED,Chan025CompFilterHpf001 Chan025CompFilterLpf001 Chan025CompFilterQ001
1,3527,0x0DC7,ECHO,INERT,True,True,0,UNDECLARED,
1,3528,0x0DC8,ECHO,INERT,True,True,0,UNDECLARED,
1,3529,0x0DC9,ECHO,INERT,True,True,0,UNDECLARED,
1,3530,0x0DCA,ECHO,INERT,True,True,0,UNDECLARED,
1,3531,0x0DCB,ECHO,INERT,True,True,0,UNDECLARED,
1,3532,0x0DCC,ECHO,CONSUMED,True,True,0,UNDECLARED,Chan025TubeOn001
1,3533,0x0DCD,ECHO,CONSUMED,True,True,0,UNDECLARED,Chan025TubeSat001
1,3534,0x0DCE,ECHO,CONSUMED,True,True,0,ms,Chan025Delay001
1,3535,0x0DCF,ECHO,CONSUMED,True,True,0,UNDECLARED,
1,3536,0x0DD0,ECHO,CONSUMED,True,True,0,UNDECLARED,Chan025RtgLevel001
1,3537,0x0DD1,ECHO,CONSUMED,True,True,0,UNDECLARED,Chan025RtgPan001
1,3538,0x0DD2,ECHO,CONSUMED,True,True,0,bool 0/1,Chan025RtgMute001
1,3539,0x0DD3,ECHO,CONSUMED,True,True,0,UNDECLARED,Chan025RtgDca001
1,3540,0x0DD4,ECHO,CONSUMED,True,True,0,UNDECLARED,Chan025RtgMainOn001
1,3541,0x0DD5,ECHO,CONSUMED,True,True,0,UNDECLARED,Chan025RtgCtrOn001
1,3542,0x0DD6,ECHO,CONSUMED,True,True,0,UNDECLARED,Chan025RtgGrpOn001
1,3543,0x0DD7,ECHO,CONSUMED,True,True,0,UNDECLARED,Chan025RtgGrpOn002
1,3544,0x0DD8,ECHO,CONSUMED,True,True,0,UNDECLARED,Chan025RtgGrpOn003
1,3545,0x0DD9,ECHO,CONSUMED,True,True,0,UNDECLARED,Chan025RtgGrpOn004
1,3546,0x0DDA,ECHO,CONSUMED,True,True,0,UNDECLARED,Chan025RtgAuxOn001
1,3547,0x0DDB,ECHO,CONSUMED,True,True,0,UNDECLARED,Chan025RtgAuxOn002
1,3548,0x0DDC,ECHO,CONSUMED,True,True,0,UNDECLARED,Chan025RtgAuxOn003
1,3549,0x0DDD,ECHO,CONSUMED,True,True,0,UNDECLARED,Chan025RtgAuxOn004
1,3550,0x0DDE,ECHO,CONSUMED,True,True,0,UNDECLARED,Chan025RtgAuxOn005
1,3551,0x0DDF,ECHO,CONSUMED,True,True,0,UNDECLARED,Chan025RtgAuxOn006
1,3552,0x0DE0,ECHO,CONSUMED,True,True,0,UNDECLARED,Chan025RtgAuxOn007
1,3553,0x0DE1,ECHO,CONSUMED,True,True,0,UNDECLARED,Chan025RtgAuxOn008
1,3554,0x0DE2,ECHO,CONSUMED,True,True,0,UNDECLARED,Chan025RtgAuxOn009
1,3555,0x0DE3,ECHO,CONSUMED,True,True,0,UNDECLARED,Chan025RtgAuxOn010
1,3556,0x0DE4,ECHO,CONSUMED,True,True,0,UNDECLARED,Chan025RtgAuxOn011
1,3557,0x0DE5,ECHO,CONSUMED,True,True,0,UNDECLARED,Chan025RtgAuxOn012
1,3558,0x0DE6,ECHO,CONSUMED,True,True,0,UNDECLARED,Chan025RtgAuxSend001
1,3559,0x0DE7,ECHO,CONSUMED,True,True,0,UNDECLARED,Chan025RtgAuxSend002
1,3560,0x0DE8,ECHO,CONSUMED,True,True,0,UNDECLARED,Chan025RtgAuxSend003
1,3561,0x0DE9,ECHO,CONSUMED,True,True,0,UNDECLARED,Chan025RtgAuxSend004
1,3562,0x0DEA,ECHO,CONSUMED,True,True,0,UNDECLARED,Chan025RtgAuxSend005
1,3563,0x0DEB,ECHO,CONSUMED,True,True,0,UNDECLARED,Chan025RtgAuxSend006
1,3564,0x0DEC,ECHO,CONSUMED,True,True,0,UNDECLARED,Chan025RtgAuxSend007
1,3565,0x0DED,ECHO,CONSUMED,True,True,0,UNDECLARED,Chan025RtgAuxSend008
1,3566,0x0DEE,ECHO,CONSUMED,True,True,0,UNDECLARED,Chan025RtgAuxSend009
1,3567,0x0DEF,ECHO,CONSUMED,True,True,0,UNDECLARED,Chan025RtgAuxSend010
1,3568,0x0DF0,ECHO,CONSUMED,True,True,0,UNDECLARED,Chan025RtgAuxSend011
1,3569,0x0DF1,ECHO,CONSUMED,True,True,0,UNDECLARED,Chan025RtgAuxSend012
1,3570,0x0DF2,ECHO,CONSUMED,True,True,0,UNDECLARED,Chan025RtgAuxPick001
1,3571,0x0DF3,ECHO,CONSUMED,True,True,0,UNDECLARED,Chan025RtgAuxPick002
1,3572,0x0DF4,ECHO,CONSUMED,True,True,0,UNDECLARED,Chan025RtgAuxPick003
1,3573,0x0DF5,ECHO,CONSUMED,True,True,0,UNDECLARED,Chan025RtgAuxPick004
1,3574,0x0DF6,ECHO,CONSUMED,True,True,0,UNDECLARED,Chan025RtgAuxPick005
1,3575,0x0DF7,ECHO,CONSUMED,True,True,0,UNDECLARED,Chan025RtgAuxPick006
1,3576,0x0DF8,ECHO,CONSUMED,True,True,0,UNDECLARED,Chan025RtgAuxPick007
1,3577,0x0DF9,ECHO,CONSUMED,True,True,0,UNDECLARED,Chan025RtgAuxPick008
1,3578,0x0DFA,ECHO,CONSUMED,True,True,0,UNDECLARED,Chan025RtgAuxPick009
1,3579,0x0DFB,ECHO,CONSUMED,True,True,0,UNDECLARED,Chan025RtgAuxPick010
1,3580,0x0DFC,ECHO,CONSUMED,True,True,0,UNDECLARED,Chan025RtgAuxPick011
1,3581,0x0DFD,ECHO,CONSUMED,True,True,0,UNDECLARED,Chan025RtgAuxPick012
1,3582,0x0DFE,ECHO,CONSUMED,True,True,0,UNDECLARED,Chan025RtgFx001
1,3583,0x0DFF,ECHO,CONSUMED,True,True,0,UNDECLARED,Chan025RtgFx002
1,3584,0x0E00,ECHO,CONSUMED,True,True,0,UNDECLARED,Chan025RtgFx003
1,3585,0x0E01,ECHO,CONSUMED,True,True,0,UNDECLARED,Chan025RtgFx004
1,3586,0x0E02,ECHO,CONSUMED,True,True,0,UNDECLARED,Chan025RtgFx005
1,3587,0x0E03,ECHO,CONSUMED,True,True,0,UNDECLARED,Chan025RtgFx006
1,3588,0x0E04,ECHO,CONSUMED,True,True,0,UNDECLARED,Chan025RtgFxSend001
1,3589,0x0E05,ECHO,CONSUMED,True,True,0,UNDECLARED,Chan025RtgFxSend002
1,3590,0x0E06,ECHO,CONSUMED,True,True,0,UNDECLARED,Chan025RtgFxSend003
1,3591,0x0E07,ECHO,CONSUMED,True,True,0,UNDECLARED,Chan025RtgFxSend004
1,3592,0x0E08,ECHO,CONSUMED,True,True,0,UNDECLARED,Chan025RtgFxSend005
1,3593,0x0E09,ECHO,CONSUMED,True,True,0,UNDECLARED,Chan025RtgFxSend006
1,3594,0x0E0A,ECHO,CONSUMED,True,True,0,UNDECLARED,Chan025RtgFxPick001
1,3595,0x0E0B,ECHO,CONSUMED,True,True,0,UNDECLARED,Chan025RtgFxPick002
1,3596,0x0E0C,ECHO,CONSUMED,True,True,0,UNDECLARED,Chan025RtgFxPick003
1,3597,0x0E0D,ECHO,CONSUMED,True,True,0,UNDECLARED,Chan025RtgFxPick004
1,3598,0x0E0E,ECHO,CONSUMED,True,True,0,UNDECLARED,Chan025RtgFxPick005
1,3599,0x0E0F,ECHO,CONSUMED,True,True,0,UNDECLARED,Chan025RtgFxPick006
1,3600,0x0E10,ECHO,CONSUMED,True,True,0,UNDECLARED,Chan026Gain001
1,3601,0x0E11,ECHO,CONSUMED,True,True,0,bool 0/1,Chan026Pol001
1,3602,0x0E12,UNMAPPED,UNMAPPED,False,False,3,UNDECLARED,Chan026Phantom001
1,3603,0x0E13,UNMAPPED,UNMAPPED,False,False,3,UNDECLARED,Chan026InputSel001
1,3604,0x0E14,ECHO,CONSUMED,True,True,0,UNDECLARED,Chan026EqHpf001 Chan026EqHpfSlope001
1,3605,0x0E15,ECHO,CONSUMED,True,True,0,UNDECLARED,
1,3606,0x0E16,ECHO,CONSUMED,True,True,0,UNDECLARED,
1,3607,0x0E17,ECHO,CONSUMED,True,True,0,UNDECLARED,
1,3608,0x0E18,ECHO,CONSUMED,True,True,0,UNDECLARED,
1,3609,0x0E19,CLEARED,CONSUMED,True,True,0,UNDECLARED,
1,3610,0x0E1A,ECHO,CONSUMED,True,True,0,UNDECLARED,Chan026EqLpf001
1,3611,0x0E1B,ECHO,CONSUMED,True,True,0,UNDECLARED,
1,3612,0x0E1C,ECHO,CONSUMED,True,True,0,UNDECLARED,
1,3613,0x0E1D,ECHO,CONSUMED,True,True,0,UNDECLARED,
1,3614,0x0E1E,ECHO,CONSUMED,True,True,0,UNDECLARED,
1,3615,0x0E1F,CLEARED,CONSUMED,True,True,0,UNDECLARED,
1,3616,0x0E20,ECHO,CONSUMED,True,True,0,UNDECLARED,Chan026EqFreq001 Chan026EqGain001 Chan026EqQ001 Chan026EqShelf001
1,3617,0x0E21,ECHO,CONSUMED,True,True,0,UNDECLARED,
1,3618,0x0E22,ECHO,CONSUMED,True,True,0,UNDECLARED,
1,3619,0x0E23,ECHO,CONSUMED,True,True,0,UNDECLARED,
1,3620,0x0E24,ECHO,CONSUMED,True,True,0,UNDECLARED,
1,3621,0x0E25,ECHO,CONSUMED,True,True,0,UNDECLARED,Chan026EqFreq002 Chan026EqGain002 Chan026EqQ002
1,3622,0x0E26,ECHO,CONSUMED,True,True,0,UNDECLARED,
1,3623,0x0E27,ECHO,CONSUMED,True,True,0,UNDECLARED,
1,3624,0x0E28,ECHO,CONSUMED,True,True,0,UNDECLARED,
1,3625,0x0E29,ECHO,CONSUMED,True,True,0,UNDECLARED,
1,3626,0x0E2A,ECHO,CONSUMED,True,True,0,UNDECLARED,Chan026EqFreq003 Chan026EqGain003 Chan026EqQ003
1,3627,0x0E2B,ECHO,CONSUMED,True,True,0,UNDECLARED,
1,3628,0x0E2C,ECHO,CONSUMED,True,True,0,UNDECLARED,
1,3629,0x0E2D,ECHO,CONSUMED,True,True,0,UNDECLARED,
1,3630,0x0E2E,ECHO,CONSUMED,True,True,0,UNDECLARED,
1,3631,0x0E2F,ECHO,CONSUMED,True,True,0,UNDECLARED,Chan026EqFreq004 Chan026EqGain004 Chan026EqQ004 Chan026EqShelf002
1,3632,0x0E30,ECHO,CONSUMED,True,True,0,UNDECLARED,
1,3633,0x0E31,ECHO,CONSUMED,True,True,0,UNDECLARED,
1,3634,0x0E32,ECHO,CONSUMED,True,True,0,UNDECLARED,
1,3635,0x0E33,ECHO,CONSUMED,True,True,0,UNDECLARED,
1,3636,0x0E34,CLEARED,CONSUMED,True,True,0,UNDECLARED,
1,3637,0x0E35,UNMAPPED,UNMAPPED,False,False,4,UNDECLARED,Chan026EqOn001
1,3638,0x0E36,UNMAPPED,UNMAPPED,False,False,4,UNDECLARED,
1,3639,0x0E37,UNMAPPED,UNMAPPED,False,False,4,UNDECLARED,
1,3640,0x0E38,ECHO,CONSUMED,True,True,0,UNDECLARED,Chan026GateOn001
1,3641,0x0E39,ECHO,CONSUMED,True,True,0,UNDECLARED,Chan026GateThr001
1,3642,0x0E3A,ECHO,CONSUMED,True,True,0,ms (log table),Chan026GateAtt001
1,3643,0x0E3B,ECHO,CONSUMED,True,True,0,ms,Chan026GateHold001
1,3644,0x0E3C,ECHO,CONSUMED,True,True,0,ms (log table),Chan026GateRel001
1,3645,0x0E3D,ECHO,CONSUMED,True,True,0,dB,Chan026GateRng001
1,3646,0x0E3E,ECHO,INERT,True,True,0,UNDECLARED,Chan026GateKey001
1,3647,0x0E3F,ECHO,INERT,True,True,0,UNDECLARED,Chan026GateDetSrc001
1,3648,0x0E40,ECHO,CONSUMED,True,True,0,UNDECLARED,Chan026GateFilterOn001
1,3649,0x0E41,ECHO,CONSUMED,True,True,0,UNDECLARED,Chan026GateFilterHpf001 Chan026GateFilterQ001
1,3650,0x0E42,ECHO,CONSUMED,True,True,0,UNDECLARED,
1,3651,0x0E43,ECHO,CONSUMED,True,True,0,UNDECLARED,
1,3652,0x0E44,ECHO,CONSUMED,True,True,0,UNDECLARED,
1,3653,0x0E45,ECHO,CONSUMED,True,True,0,UNDECLARED,
1,3654,0x0E46,ECHO,CONSUMED,True,True,0,UNDECLARED,Chan026GateFilterLpf001
1,3655,0x0E47,ECHO,CONSUMED,True,True,0,UNDECLARED,
1,3656,0x0E48,ECHO,CONSUMED,True,True,0,UNDECLARED,Chan026CompOn001
1,3657,0x0E49,ECHO,CONSUMED,True,True,0,UNDECLARED,Chan026CompThr001
1,3658,0x0E4A,ECHO,CONSUMED,True,True,0,UNDECLARED,Chan026CompRat001
1,3659,0x0E4B,ECHO,CONSUMED,True,True,0,ms (log table),Chan026CompAtt001
1,3660,0x0E4C,ECHO,CONSUMED,True,True,0,ms (log table),Chan026CompRel001
1,3661,0x0E4D,ECHO,CONSUMED,True,True,0,UNDECLARED,Chan026CompMake001
1,3662,0x0E4E,ECHO,CONSUMED,True,True,0,UNDECLARED,Chan026CompKnee001
1,3663,0x0E4F,ECHO,CONSUMED,True,True,0,percent 0-100,Chan026CompPar001
1,3664,0x0E50,ECHO,INERT,True,True,0,UNDECLARED,Chan026CompType001
1,3665,0x0E51,ECHO,INERT,True,True,0,UNDECLARED,Chan026CompKey001
1,3666,0x0E52,ECHO,INERT,True,True,0,UNDECLARED,Chan026CompDetSrc001
1,3667,0x0E53,ECHO,INERT,True,True,0,UNDECLARED,Chan026CompLimMode001
1,3668,0x0E54,ECHO,INERT,True,True,0,UNDECLARED,Chan026CompEqPos001
1,3669,0x0E55,ECHO,INERT,True,True,0,UNDECLARED,Chan026CompFilterOn001
1,3670,0x0E56,ECHO,INERT,True,True,0,UNDECLARED,Chan026CompFilterHpf001 Chan026CompFilterLpf001 Chan026CompFilterQ001
1,3671,0x0E57,ECHO,INERT,True,True,0,UNDECLARED,
1,3672,0x0E58,ECHO,INERT,True,True,0,UNDECLARED,
1,3673,0x0E59,ECHO,INERT,True,True,0,UNDECLARED,
1,3674,0x0E5A,ECHO,INERT,True,True,0,UNDECLARED,
1,3675,0x0E5B,ECHO,INERT,True,True,0,UNDECLARED,
1,3676,0x0E5C,ECHO,CONSUMED,True,True,0,UNDECLARED,Chan026TubeOn001
1,3677,0x0E5D,ECHO,CONSUMED,True,True,0,UNDECLARED,Chan026TubeSat001
1,3678,0x0E5E,ECHO,CONSUMED,True,True,0,ms,Chan026Delay001
1,3679,0x0E5F,ECHO,CONSUMED,True,True,0,UNDECLARED,
1,3680,0x0E60,ECHO,CONSUMED,True,True,0,UNDECLARED,Chan026RtgLevel001
1,3681,0x0E61,ECHO,CONSUMED,True,True,0,UNDECLARED,Chan026RtgPan001
1,3682,0x0E62,ECHO,CONSUMED,True,True,0,bool 0/1,Chan026RtgMute001
1,3683,0x0E63,ECHO,CONSUMED,True,True,0,UNDECLARED,Chan026RtgDca001
1,3684,0x0E64,ECHO,CONSUMED,True,True,0,UNDECLARED,Chan026RtgMainOn001
1,3685,0x0E65,ECHO,CONSUMED,True,True,0,UNDECLARED,Chan026RtgCtrOn001
1,3686,0x0E66,ECHO,CONSUMED,True,True,0,UNDECLARED,Chan026RtgGrpOn001
1,3687,0x0E67,ECHO,CONSUMED,True,True,0,UNDECLARED,Chan026RtgGrpOn002
1,3688,0x0E68,ECHO,CONSUMED,True,True,0,UNDECLARED,Chan026RtgGrpOn003
1,3689,0x0E69,ECHO,CONSUMED,True,True,0,UNDECLARED,Chan026RtgGrpOn004
1,3690,0x0E6A,ECHO,CONSUMED,True,True,0,UNDECLARED,Chan026RtgAuxOn001
1,3691,0x0E6B,ECHO,CONSUMED,True,True,0,UNDECLARED,Chan026RtgAuxOn002
1,3692,0x0E6C,ECHO,CONSUMED,True,True,0,UNDECLARED,Chan026RtgAuxOn003
1,3693,0x0E6D,ECHO,CONSUMED,True,True,0,UNDECLARED,Chan026RtgAuxOn004
1,3694,0x0E6E,ECHO,CONSUMED,True,True,0,UNDECLARED,Chan026RtgAuxOn005
1,3695,0x0E6F,ECHO,CONSUMED,True,True,0,UNDECLARED,Chan026RtgAuxOn006
1,3696,0x0E70,ECHO,CONSUMED,True,True,0,UNDECLARED,Chan026RtgAuxOn007
1,3697,0x0E71,ECHO,CONSUMED,True,True,0,UNDECLARED,Chan026RtgAuxOn008
1,3698,0x0E72,ECHO,CONSUMED,True,True,0,UNDECLARED,Chan026RtgAuxOn009
1,3699,0x0E73,ECHO,CONSUMED,True,True,0,UNDECLARED,Chan026RtgAuxOn010
1,3700,0x0E74,ECHO,CONSUMED,True,True,0,UNDECLARED,Chan026RtgAuxOn011
1,3701,0x0E75,ECHO,CONSUMED,True,True,0,UNDECLARED,Chan026RtgAuxOn012
1,3702,0x0E76,ECHO,CONSUMED,True,True,0,UNDECLARED,Chan026RtgAuxSend001
1,3703,0x0E77,ECHO,CONSUMED,True,True,0,UNDECLARED,Chan026RtgAuxSend002
1,3704,0x0E78,ECHO,CONSUMED,True,True,0,UNDECLARED,Chan026RtgAuxSend003
1,3705,0x0E79,ECHO,CONSUMED,True,True,0,UNDECLARED,Chan026RtgAuxSend004
1,3706,0x0E7A,ECHO,CONSUMED,True,True,0,UNDECLARED,Chan026RtgAuxSend005
1,3707,0x0E7B,ECHO,CONSUMED,True,True,0,UNDECLARED,Chan026RtgAuxSend006
1,3708,0x0E7C,ECHO,CONSUMED,True,True,0,UNDECLARED,Chan026RtgAuxSend007
1,3709,0x0E7D,ECHO,CONSUMED,True,True,0,UNDECLARED,Chan026RtgAuxSend008
1,3710,0x0E7E,ECHO,CONSUMED,True,True,0,UNDECLARED,Chan026RtgAuxSend009
1,3711,0x0E7F,ECHO,CONSUMED,True,True,0,UNDECLARED,Chan026RtgAuxSend010
1,3712,0x0E80,ECHO,CONSUMED,True,True,0,UNDECLARED,Chan026RtgAuxSend011
1,3713,0x0E81,ECHO,CONSUMED,True,True,0,UNDECLARED,Chan026RtgAuxSend012
1,3714,0x0E82,ECHO,CONSUMED,True,True,0,UNDECLARED,Chan026RtgAuxPick001
1,3715,0x0E83,ECHO,CONSUMED,True,True,0,UNDECLARED,Chan026RtgAuxPick002
1,3716,0x0E84,ECHO,CONSUMED,True,True,0,UNDECLARED,Chan026RtgAuxPick003
1,3717,0x0E85,ECHO,CONSUMED,True,True,0,UNDECLARED,Chan026RtgAuxPick004
1,3718,0x0E86,ECHO,CONSUMED,True,True,0,UNDECLARED,Chan026RtgAuxPick005
1,3719,0x0E87,ECHO,CONSUMED,True,True,0,UNDECLARED,Chan026RtgAuxPick006
1,3720,0x0E88,ECHO,CONSUMED,True,True,0,UNDECLARED,Chan026RtgAuxPick007
1,3721,0x0E89,ECHO,CONSUMED,True,True,0,UNDECLARED,Chan026RtgAuxPick008
1,3722,0x0E8A,ECHO,CONSUMED,True,True,0,UNDECLARED,Chan026RtgAuxPick009
1,3723,0x0E8B,ECHO,CONSUMED,True,True,0,UNDECLARED,Chan026RtgAuxPick010
1,3724,0x0E8C,ECHO,CONSUMED,True,True,0,UNDECLARED,Chan026RtgAuxPick011
1,3725,0x0E8D,ECHO,CONSUMED,True,True,0,UNDECLARED,Chan026RtgAuxPick012
1,3726,0x0E8E,ECHO,CONSUMED,True,True,0,UNDECLARED,Chan026RtgFx001
1,3727,0x0E8F,ECHO,CONSUMED,True,True,0,UNDECLARED,Chan026RtgFx002
1,3728,0x0E90,ECHO,CONSUMED,True,True,0,UNDECLARED,Chan026RtgFx003
1,3729,0x0E91,ECHO,CONSUMED,True,True,0,UNDECLARED,Chan026RtgFx004
1,3730,0x0E92,ECHO,CONSUMED,True,True,0,UNDECLARED,Chan026RtgFx005
1,3731,0x0E93,ECHO,CONSUMED,True,True,0,UNDECLARED,Chan026RtgFx006
1,3732,0x0E94,ECHO,CONSUMED,True,True,0,UNDECLARED,Chan026RtgFxSend001
1,3733,0x0E95,ECHO,CONSUMED,True,True,0,UNDECLARED,Chan026RtgFxSend002
1,3734,0x0E96,ECHO,CONSUMED,True,True,0,UNDECLARED,Chan026RtgFxSend003
1,3735,0x0E97,ECHO,CONSUMED,True,True,0,UNDECLARED,Chan026RtgFxSend004
1,3736,0x0E98,ECHO,CONSUMED,True,True,0,UNDECLARED,Chan026RtgFxSend005
1,3737,0x0E99,ECHO,CONSUMED,True,True,0,UNDECLARED,Chan026RtgFxSend006
1,3738,0x0E9A,ECHO,CONSUMED,True,True,0,UNDECLARED,Chan026RtgFxPick001
1,3739,0x0E9B,ECHO,CONSUMED,True,True,0,UNDECLARED,Chan026RtgFxPick002
1,3740,0x0E9C,ECHO,CONSUMED,True,True,0,UNDECLARED,Chan026RtgFxPick003
1,3741,0x0E9D,ECHO,CONSUMED,True,True,0,UNDECLARED,Chan026RtgFxPick004
1,3742,0x0E9E,ECHO,CONSUMED,True,True,0,UNDECLARED,Chan026RtgFxPick005
1,3743,0x0E9F,ECHO,CONSUMED,True,True,0,UNDECLARED,Chan026RtgFxPick006
1,3744,0x0EA0,ECHO,CONSUMED,True,True,0,UNDECLARED,Chan027Gain001
1,3745,0x0EA1,ECHO,CONSUMED,True,True,0,bool 0/1,Chan027Pol001
1,3746,0x0EA2,UNMAPPED,UNMAPPED,False,False,3,UNDECLARED,Chan027Phantom001
1,3747,0x0EA3,UNMAPPED,UNMAPPED,False,False,3,UNDECLARED,Chan027InputSel001
1,3748,0x0EA4,ECHO,CONSUMED,True,True,0,UNDECLARED,Chan027EqHpf001 Chan027EqHpfSlope001
1,3749,0x0EA5,ECHO,CONSUMED,True,True,0,UNDECLARED,
1,3750,0x0EA6,ECHO,CONSUMED,True,True,0,UNDECLARED,
1,3751,0x0EA7,ECHO,CONSUMED,True,True,0,UNDECLARED,
1,3752,0x0EA8,ECHO,CONSUMED,True,True,0,UNDECLARED,
1,3753,0x0EA9,CLEARED,CONSUMED,True,True,0,UNDECLARED,
1,3754,0x0EAA,ECHO,CONSUMED,True,True,0,UNDECLARED,Chan027EqLpf001
1,3755,0x0EAB,ECHO,CONSUMED,True,True,0,UNDECLARED,
1,3756,0x0EAC,ECHO,CONSUMED,True,True,0,UNDECLARED,
1,3757,0x0EAD,ECHO,CONSUMED,True,True,0,UNDECLARED,
1,3758,0x0EAE,ECHO,CONSUMED,True,True,0,UNDECLARED,
1,3759,0x0EAF,CLEARED,CONSUMED,True,True,0,UNDECLARED,
1,3760,0x0EB0,ECHO,CONSUMED,True,True,0,UNDECLARED,Chan027EqFreq001 Chan027EqGain001 Chan027EqQ001 Chan027EqShelf001
1,3761,0x0EB1,ECHO,CONSUMED,True,True,0,UNDECLARED,
1,3762,0x0EB2,ECHO,CONSUMED,True,True,0,UNDECLARED,
1,3763,0x0EB3,ECHO,CONSUMED,True,True,0,UNDECLARED,
1,3764,0x0EB4,ECHO,CONSUMED,True,True,0,UNDECLARED,
1,3765,0x0EB5,ECHO,CONSUMED,True,True,0,UNDECLARED,Chan027EqFreq002 Chan027EqGain002 Chan027EqQ002
1,3766,0x0EB6,ECHO,CONSUMED,True,True,0,UNDECLARED,
1,3767,0x0EB7,ECHO,CONSUMED,True,True,0,UNDECLARED,
1,3768,0x0EB8,ECHO,CONSUMED,True,True,0,UNDECLARED,
1,3769,0x0EB9,ECHO,CONSUMED,True,True,0,UNDECLARED,
1,3770,0x0EBA,ECHO,CONSUMED,True,True,0,UNDECLARED,Chan027EqFreq003 Chan027EqGain003 Chan027EqQ003
1,3771,0x0EBB,ECHO,CONSUMED,True,True,0,UNDECLARED,
1,3772,0x0EBC,ECHO,CONSUMED,True,True,0,UNDECLARED,
1,3773,0x0EBD,ECHO,CONSUMED,True,True,0,UNDECLARED,
1,3774,0x0EBE,ECHO,CONSUMED,True,True,0,UNDECLARED,
1,3775,0x0EBF,ECHO,CONSUMED,True,True,0,UNDECLARED,Chan027EqFreq004 Chan027EqGain004 Chan027EqQ004 Chan027EqShelf002
1,3776,0x0EC0,ECHO,CONSUMED,True,True,0,UNDECLARED,
1,3777,0x0EC1,ECHO,CONSUMED,True,True,0,UNDECLARED,
1,3778,0x0EC2,ECHO,CONSUMED,True,True,0,UNDECLARED,
1,3779,0x0EC3,ECHO,CONSUMED,True,True,0,UNDECLARED,
1,3780,0x0EC4,CLEARED,CONSUMED,True,True,0,UNDECLARED,
1,3781,0x0EC5,UNMAPPED,UNMAPPED,False,False,4,UNDECLARED,Chan027EqOn001
1,3782,0x0EC6,UNMAPPED,UNMAPPED,False,False,4,UNDECLARED,
1,3783,0x0EC7,UNMAPPED,UNMAPPED,False,False,4,UNDECLARED,
1,3784,0x0EC8,ECHO,CONSUMED,True,True,0,UNDECLARED,Chan027GateOn001
1,3785,0x0EC9,ECHO,CONSUMED,True,True,0,UNDECLARED,Chan027GateThr001
1,3786,0x0ECA,ECHO,CONSUMED,True,True,0,ms (log table),Chan027GateAtt001
1,3787,0x0ECB,ECHO,CONSUMED,True,True,0,ms,Chan027GateHold001
1,3788,0x0ECC,ECHO,CONSUMED,True,True,0,ms (log table),Chan027GateRel001
1,3789,0x0ECD,ECHO,CONSUMED,True,True,0,dB,Chan027GateRng001
1,3790,0x0ECE,ECHO,INERT,True,True,0,UNDECLARED,Chan027GateKey001
1,3791,0x0ECF,ECHO,INERT,True,True,0,UNDECLARED,Chan027GateDetSrc001
1,3792,0x0ED0,ECHO,CONSUMED,True,True,0,UNDECLARED,Chan027GateFilterOn001
1,3793,0x0ED1,ECHO,CONSUMED,True,True,0,UNDECLARED,Chan027GateFilterHpf001 Chan027GateFilterQ001
1,3794,0x0ED2,ECHO,CONSUMED,True,True,0,UNDECLARED,
1,3795,0x0ED3,ECHO,CONSUMED,True,True,0,UNDECLARED,
1,3796,0x0ED4,ECHO,CONSUMED,True,True,0,UNDECLARED,
1,3797,0x0ED5,ECHO,CONSUMED,True,True,0,UNDECLARED,
1,3798,0x0ED6,ECHO,CONSUMED,True,True,0,UNDECLARED,Chan027GateFilterLpf001
1,3799,0x0ED7,ECHO,CONSUMED,True,True,0,UNDECLARED,
1,3800,0x0ED8,ECHO,CONSUMED,True,True,0,UNDECLARED,Chan027CompOn001
1,3801,0x0ED9,ECHO,CONSUMED,True,True,0,UNDECLARED,Chan027CompThr001
1,3802,0x0EDA,ECHO,CONSUMED,True,True,0,UNDECLARED,Chan027CompRat001
1,3803,0x0EDB,ECHO,CONSUMED,True,True,0,ms (log table),Chan027CompAtt001
1,3804,0x0EDC,ECHO,CONSUMED,True,True,0,ms (log table),Chan027CompRel001
1,3805,0x0EDD,ECHO,CONSUMED,True,True,0,UNDECLARED,Chan027CompMake001
1,3806,0x0EDE,ECHO,CONSUMED,True,True,0,UNDECLARED,Chan027CompKnee001
1,3807,0x0EDF,ECHO,CONSUMED,True,True,0,percent 0-100,Chan027CompPar001
1,3808,0x0EE0,ECHO,INERT,True,True,0,UNDECLARED,Chan027CompType001
1,3809,0x0EE1,ECHO,INERT,True,True,0,UNDECLARED,Chan027CompKey001
1,3810,0x0EE2,ECHO,INERT,True,True,0,UNDECLARED,Chan027CompDetSrc001
1,3811,0x0EE3,ECHO,INERT,True,True,0,UNDECLARED,Chan027CompLimMode001
1,3812,0x0EE4,ECHO,INERT,True,True,0,UNDECLARED,Chan027CompEqPos001
1,3813,0x0EE5,ECHO,INERT,True,True,0,UNDECLARED,Chan027CompFilterOn001
1,3814,0x0EE6,ECHO,INERT,True,True,0,UNDECLARED,Chan027CompFilterHpf001 Chan027CompFilterLpf001 Chan027CompFilterQ001
1,3815,0x0EE7,ECHO,INERT,True,True,0,UNDECLARED,
1,3816,0x0EE8,ECHO,INERT,True,True,0,UNDECLARED,
1,3817,0x0EE9,ECHO,INERT,True,True,0,UNDECLARED,
1,3818,0x0EEA,ECHO,INERT,True,True,0,UNDECLARED,
1,3819,0x0EEB,ECHO,INERT,True,True,0,UNDECLARED,
1,3820,0x0EEC,ECHO,CONSUMED,True,True,0,UNDECLARED,Chan027TubeOn001
1,3821,0x0EED,ECHO,CONSUMED,True,True,0,UNDECLARED,Chan027TubeSat001
1,3822,0x0EEE,ECHO,CONSUMED,True,True,0,ms,Chan027Delay001
1,3823,0x0EEF,ECHO,CONSUMED,True,True,0,UNDECLARED,
1,3824,0x0EF0,ECHO,CONSUMED,True,True,0,UNDECLARED,Chan027RtgLevel001
1,3825,0x0EF1,ECHO,CONSUMED,True,True,0,UNDECLARED,Chan027RtgPan001
1,3826,0x0EF2,ECHO,CONSUMED,True,True,0,bool 0/1,Chan027RtgMute001
1,3827,0x0EF3,ECHO,CONSUMED,True,True,0,UNDECLARED,Chan027RtgDca001
1,3828,0x0EF4,ECHO,CONSUMED,True,True,0,UNDECLARED,Chan027RtgMainOn001
1,3829,0x0EF5,ECHO,CONSUMED,True,True,0,UNDECLARED,Chan027RtgCtrOn001
1,3830,0x0EF6,ECHO,CONSUMED,True,True,0,UNDECLARED,Chan027RtgGrpOn001
1,3831,0x0EF7,ECHO,CONSUMED,True,True,0,UNDECLARED,Chan027RtgGrpOn002
1,3832,0x0EF8,ECHO,CONSUMED,True,True,0,UNDECLARED,Chan027RtgGrpOn003
1,3833,0x0EF9,ECHO,CONSUMED,True,True,0,UNDECLARED,Chan027RtgGrpOn004
1,3834,0x0EFA,ECHO,CONSUMED,True,True,0,UNDECLARED,Chan027RtgAuxOn001
1,3835,0x0EFB,ECHO,CONSUMED,True,True,0,UNDECLARED,Chan027RtgAuxOn002
1,3836,0x0EFC,ECHO,CONSUMED,True,True,0,UNDECLARED,Chan027RtgAuxOn003
1,3837,0x0EFD,ECHO,CONSUMED,True,True,0,UNDECLARED,Chan027RtgAuxOn004
1,3838,0x0EFE,ECHO,CONSUMED,True,True,0,UNDECLARED,Chan027RtgAuxOn005
1,3839,0x0EFF,ECHO,CONSUMED,True,True,0,UNDECLARED,Chan027RtgAuxOn006
1,3840,0x0F00,ECHO,CONSUMED,True,True,0,UNDECLARED,Chan027RtgAuxOn007
1,3841,0x0F01,ECHO,CONSUMED,True,True,0,UNDECLARED,Chan027RtgAuxOn008
1,3842,0x0F02,ECHO,CONSUMED,True,True,0,UNDECLARED,Chan027RtgAuxOn009
1,3843,0x0F03,ECHO,CONSUMED,True,True,0,UNDECLARED,Chan027RtgAuxOn010
1,3844,0x0F04,ECHO,CONSUMED,True,True,0,UNDECLARED,Chan027RtgAuxOn011
1,3845,0x0F05,ECHO,CONSUMED,True,True,0,UNDECLARED,Chan027RtgAuxOn012
1,3846,0x0F06,ECHO,CONSUMED,True,True,0,UNDECLARED,Chan027RtgAuxSend001
1,3847,0x0F07,ECHO,CONSUMED,True,True,0,UNDECLARED,Chan027RtgAuxSend002
1,3848,0x0F08,ECHO,CONSUMED,True,True,0,UNDECLARED,Chan027RtgAuxSend003
1,3849,0x0F09,ECHO,CONSUMED,True,True,0,UNDECLARED,Chan027RtgAuxSend004
1,3850,0x0F0A,ECHO,CONSUMED,True,True,0,UNDECLARED,Chan027RtgAuxSend005
1,3851,0x0F0B,ECHO,CONSUMED,True,True,0,UNDECLARED,Chan027RtgAuxSend006
1,3852,0x0F0C,ECHO,CONSUMED,True,True,0,UNDECLARED,Chan027RtgAuxSend007
1,3853,0x0F0D,ECHO,CONSUMED,True,True,0,UNDECLARED,Chan027RtgAuxSend008
1,3854,0x0F0E,ECHO,CONSUMED,True,True,0,UNDECLARED,Chan027RtgAuxSend009
1,3855,0x0F0F,ECHO,CONSUMED,True,True,0,UNDECLARED,Chan027RtgAuxSend010
1,3856,0x0F10,ECHO,CONSUMED,True,True,0,UNDECLARED,Chan027RtgAuxSend011
1,3857,0x0F11,ECHO,CONSUMED,True,True,0,UNDECLARED,Chan027RtgAuxSend012
1,3858,0x0F12,ECHO,CONSUMED,True,True,0,UNDECLARED,Chan027RtgAuxPick001
1,3859,0x0F13,ECHO,CONSUMED,True,True,0,UNDECLARED,Chan027RtgAuxPick002
1,3860,0x0F14,ECHO,CONSUMED,True,True,0,UNDECLARED,Chan027RtgAuxPick003
1,3861,0x0F15,ECHO,CONSUMED,True,True,0,UNDECLARED,Chan027RtgAuxPick004
1,3862,0x0F16,ECHO,CONSUMED,True,True,0,UNDECLARED,Chan027RtgAuxPick005
1,3863,0x0F17,ECHO,CONSUMED,True,True,0,UNDECLARED,Chan027RtgAuxPick006
1,3864,0x0F18,ECHO,CONSUMED,True,True,0,UNDECLARED,Chan027RtgAuxPick007
1,3865,0x0F19,ECHO,CONSUMED,True,True,0,UNDECLARED,Chan027RtgAuxPick008
1,3866,0x0F1A,ECHO,CONSUMED,True,True,0,UNDECLARED,Chan027RtgAuxPick009
1,3867,0x0F1B,ECHO,CONSUMED,True,True,0,UNDECLARED,Chan027RtgAuxPick010
1,3868,0x0F1C,ECHO,CONSUMED,True,True,0,UNDECLARED,Chan027RtgAuxPick011
1,3869,0x0F1D,ECHO,CONSUMED,True,True,0,UNDECLARED,Chan027RtgAuxPick012
1,3870,0x0F1E,ECHO,CONSUMED,True,True,0,UNDECLARED,Chan027RtgFx001
1,3871,0x0F1F,ECHO,CONSUMED,True,True,0,UNDECLARED,Chan027RtgFx002
1,3872,0x0F20,ECHO,CONSUMED,True,True,0,UNDECLARED,Chan027RtgFx003
1,3873,0x0F21,ECHO,CONSUMED,True,True,0,UNDECLARED,Chan027RtgFx004
1,3874,0x0F22,ECHO,CONSUMED,True,True,0,UNDECLARED,Chan027RtgFx005
1,3875,0x0F23,ECHO,CONSUMED,True,True,0,UNDECLARED,Chan027RtgFx006
1,3876,0x0F24,ECHO,CONSUMED,True,True,0,UNDECLARED,Chan027RtgFxSend001
1,3877,0x0F25,ECHO,CONSUMED,True,True,0,UNDECLARED,Chan027RtgFxSend002
1,3878,0x0F26,ECHO,CONSUMED,True,True,0,UNDECLARED,Chan027RtgFxSend003
1,3879,0x0F27,ECHO,CONSUMED,True,True,0,UNDECLARED,Chan027RtgFxSend004
1,3880,0x0F28,ECHO,CONSUMED,True,True,0,UNDECLARED,Chan027RtgFxSend005
1,3881,0x0F29,ECHO,CONSUMED,True,True,0,UNDECLARED,Chan027RtgFxSend006
1,3882,0x0F2A,ECHO,CONSUMED,True,True,0,UNDECLARED,Chan027RtgFxPick001
1,3883,0x0F2B,ECHO,CONSUMED,True,True,0,UNDECLARED,Chan027RtgFxPick002
1,3884,0x0F2C,ECHO,CONSUMED,True,True,0,UNDECLARED,Chan027RtgFxPick003
1,3885,0x0F2D,ECHO,CONSUMED,True,True,0,UNDECLARED,Chan027RtgFxPick004
1,3886,0x0F2E,ECHO,CONSUMED,True,True,0,UNDECLARED,Chan027RtgFxPick005
1,3887,0x0F2F,ECHO,CONSUMED,True,True,0,UNDECLARED,Chan027RtgFxPick006
1,3888,0x0F30,ECHO,CONSUMED,True,True,0,UNDECLARED,Chan028Gain001
1,3889,0x0F31,ECHO,CONSUMED,True,True,0,bool 0/1,Chan028Pol001
1,3890,0x0F32,UNMAPPED,UNMAPPED,False,False,3,UNDECLARED,Chan028Phantom001
1,3891,0x0F33,UNMAPPED,UNMAPPED,False,False,3,UNDECLARED,Chan028InputSel001
1,3892,0x0F34,ECHO,CONSUMED,True,True,0,UNDECLARED,Chan028EqHpf001 Chan028EqHpfSlope001
1,3893,0x0F35,ECHO,CONSUMED,True,True,0,UNDECLARED,
1,3894,0x0F36,ECHO,CONSUMED,True,True,0,UNDECLARED,
1,3895,0x0F37,ECHO,CONSUMED,True,True,0,UNDECLARED,
1,3896,0x0F38,ECHO,CONSUMED,True,True,0,UNDECLARED,
1,3897,0x0F39,CLEARED,CONSUMED,True,True,0,UNDECLARED,
1,3898,0x0F3A,ECHO,CONSUMED,True,True,0,UNDECLARED,Chan028EqLpf001
1,3899,0x0F3B,ECHO,CONSUMED,True,True,0,UNDECLARED,
1,3900,0x0F3C,ECHO,CONSUMED,True,True,0,UNDECLARED,
1,3901,0x0F3D,ECHO,CONSUMED,True,True,0,UNDECLARED,
1,3902,0x0F3E,ECHO,CONSUMED,True,True,0,UNDECLARED,
1,3903,0x0F3F,CLEARED,CONSUMED,True,True,0,UNDECLARED,
1,3904,0x0F40,ECHO,CONSUMED,True,True,0,UNDECLARED,Chan028EqFreq001 Chan028EqGain001 Chan028EqQ001 Chan028EqShelf001
1,3905,0x0F41,ECHO,CONSUMED,True,True,0,UNDECLARED,
1,3906,0x0F42,ECHO,CONSUMED,True,True,0,UNDECLARED,
1,3907,0x0F43,ECHO,CONSUMED,True,True,0,UNDECLARED,
1,3908,0x0F44,ECHO,CONSUMED,True,True,0,UNDECLARED,
1,3909,0x0F45,ECHO,CONSUMED,True,True,0,UNDECLARED,Chan028EqFreq002 Chan028EqGain002 Chan028EqQ002
1,3910,0x0F46,ECHO,CONSUMED,True,True,0,UNDECLARED,
1,3911,0x0F47,ECHO,CONSUMED,True,True,0,UNDECLARED,
1,3912,0x0F48,ECHO,CONSUMED,True,True,0,UNDECLARED,
1,3913,0x0F49,ECHO,CONSUMED,True,True,0,UNDECLARED,
1,3914,0x0F4A,ECHO,CONSUMED,True,True,0,UNDECLARED,Chan028EqFreq003 Chan028EqGain003 Chan028EqQ003
1,3915,0x0F4B,ECHO,CONSUMED,True,True,0,UNDECLARED,
1,3916,0x0F4C,ECHO,CONSUMED,True,True,0,UNDECLARED,
1,3917,0x0F4D,ECHO,CONSUMED,True,True,0,UNDECLARED,
1,3918,0x0F4E,ECHO,CONSUMED,True,True,0,UNDECLARED,
1,3919,0x0F4F,ECHO,CONSUMED,True,True,0,UNDECLARED,Chan028EqFreq004 Chan028EqGain004 Chan028EqQ004 Chan028EqShelf002
1,3920,0x0F50,ECHO,CONSUMED,True,True,0,UNDECLARED,
1,3921,0x0F51,ECHO,CONSUMED,True,True,0,UNDECLARED,
1,3922,0x0F52,ECHO,CONSUMED,True,True,0,UNDECLARED,
1,3923,0x0F53,ECHO,CONSUMED,True,True,0,UNDECLARED,
1,3924,0x0F54,CLEARED,CONSUMED,True,True,0,UNDECLARED,
1,3925,0x0F55,UNMAPPED,UNMAPPED,False,False,4,UNDECLARED,Chan028EqOn001
1,3926,0x0F56,UNMAPPED,UNMAPPED,False,False,4,UNDECLARED,
1,3927,0x0F57,UNMAPPED,UNMAPPED,False,False,4,UNDECLARED,
1,3928,0x0F58,ECHO,CONSUMED,True,True,0,UNDECLARED,Chan028GateOn001
1,3929,0x0F59,ECHO,CONSUMED,True,True,0,UNDECLARED,Chan028GateThr001
1,3930,0x0F5A,ECHO,CONSUMED,True,True,0,ms (log table),Chan028GateAtt001
1,3931,0x0F5B,ECHO,CONSUMED,True,True,0,ms,Chan028GateHold001
1,3932,0x0F5C,ECHO,CONSUMED,True,True,0,ms (log table),Chan028GateRel001
1,3933,0x0F5D,ECHO,CONSUMED,True,True,0,dB,Chan028GateRng001
1,3934,0x0F5E,ECHO,INERT,True,True,0,UNDECLARED,Chan028GateKey001
1,3935,0x0F5F,ECHO,INERT,True,True,0,UNDECLARED,Chan028GateDetSrc001
1,3936,0x0F60,ECHO,CONSUMED,True,True,0,UNDECLARED,Chan028GateFilterOn001
1,3937,0x0F61,ECHO,CONSUMED,True,True,0,UNDECLARED,Chan028GateFilterHpf001 Chan028GateFilterQ001
1,3938,0x0F62,ECHO,CONSUMED,True,True,0,UNDECLARED,
1,3939,0x0F63,ECHO,CONSUMED,True,True,0,UNDECLARED,
1,3940,0x0F64,ECHO,CONSUMED,True,True,0,UNDECLARED,
1,3941,0x0F65,ECHO,CONSUMED,True,True,0,UNDECLARED,
1,3942,0x0F66,ECHO,CONSUMED,True,True,0,UNDECLARED,Chan028GateFilterLpf001
1,3943,0x0F67,ECHO,CONSUMED,True,True,0,UNDECLARED,
1,3944,0x0F68,ECHO,CONSUMED,True,True,0,UNDECLARED,Chan028CompOn001
1,3945,0x0F69,ECHO,CONSUMED,True,True,0,UNDECLARED,Chan028CompThr001
1,3946,0x0F6A,ECHO,CONSUMED,True,True,0,UNDECLARED,Chan028CompRat001
1,3947,0x0F6B,ECHO,CONSUMED,True,True,0,ms (log table),Chan028CompAtt001
1,3948,0x0F6C,ECHO,CONSUMED,True,True,0,ms (log table),Chan028CompRel001
1,3949,0x0F6D,ECHO,CONSUMED,True,True,0,UNDECLARED,Chan028CompMake001
1,3950,0x0F6E,ECHO,CONSUMED,True,True,0,UNDECLARED,Chan028CompKnee001
1,3951,0x0F6F,ECHO,CONSUMED,True,True,0,percent 0-100,Chan028CompPar001
1,3952,0x0F70,ECHO,INERT,True,True,0,UNDECLARED,Chan028CompType001
1,3953,0x0F71,ECHO,INERT,True,True,0,UNDECLARED,Chan028CompKey001
1,3954,0x0F72,ECHO,INERT,True,True,0,UNDECLARED,Chan028CompDetSrc001
1,3955,0x0F73,ECHO,INERT,True,True,0,UNDECLARED,Chan028CompLimMode001
1,3956,0x0F74,ECHO,INERT,True,True,0,UNDECLARED,Chan028CompEqPos001
1,3957,0x0F75,ECHO,INERT,True,True,0,UNDECLARED,Chan028CompFilterOn001
1,3958,0x0F76,ECHO,INERT,True,True,0,UNDECLARED,Chan028CompFilterHpf001 Chan028CompFilterLpf001 Chan028CompFilterQ001
1,3959,0x0F77,ECHO,INERT,True,True,0,UNDECLARED,
1,3960,0x0F78,ECHO,INERT,True,True,0,UNDECLARED,
1,3961,0x0F79,ECHO,INERT,True,True,0,UNDECLARED,
1,3962,0x0F7A,ECHO,INERT,True,True,0,UNDECLARED,
1,3963,0x0F7B,ECHO,INERT,True,True,0,UNDECLARED,
1,3964,0x0F7C,ECHO,CONSUMED,True,True,0,UNDECLARED,Chan028TubeOn001
1,3965,0x0F7D,ECHO,CONSUMED,True,True,0,UNDECLARED,Chan028TubeSat001
1,3966,0x0F7E,ECHO,CONSUMED,True,True,0,ms,Chan028Delay001
1,3967,0x0F7F,ECHO,CONSUMED,True,True,0,UNDECLARED,
1,3968,0x0F80,ECHO,CONSUMED,True,True,0,UNDECLARED,Chan028RtgLevel001
1,3969,0x0F81,ECHO,CONSUMED,True,True,0,UNDECLARED,Chan028RtgPan001
1,3970,0x0F82,ECHO,CONSUMED,True,True,0,bool 0/1,Chan028RtgMute001
1,3971,0x0F83,ECHO,CONSUMED,True,True,0,UNDECLARED,Chan028RtgDca001
1,3972,0x0F84,ECHO,CONSUMED,True,True,0,UNDECLARED,Chan028RtgMainOn001
1,3973,0x0F85,ECHO,CONSUMED,True,True,0,UNDECLARED,Chan028RtgCtrOn001
1,3974,0x0F86,ECHO,CONSUMED,True,True,0,UNDECLARED,Chan028RtgGrpOn001
1,3975,0x0F87,ECHO,CONSUMED,True,True,0,UNDECLARED,Chan028RtgGrpOn002
1,3976,0x0F88,ECHO,CONSUMED,True,True,0,UNDECLARED,Chan028RtgGrpOn003
1,3977,0x0F89,ECHO,CONSUMED,True,True,0,UNDECLARED,Chan028RtgGrpOn004
1,3978,0x0F8A,ECHO,CONSUMED,True,True,0,UNDECLARED,Chan028RtgAuxOn001
1,3979,0x0F8B,ECHO,CONSUMED,True,True,0,UNDECLARED,Chan028RtgAuxOn002
1,3980,0x0F8C,ECHO,CONSUMED,True,True,0,UNDECLARED,Chan028RtgAuxOn003
1,3981,0x0F8D,ECHO,CONSUMED,True,True,0,UNDECLARED,Chan028RtgAuxOn004
1,3982,0x0F8E,ECHO,CONSUMED,True,True,0,UNDECLARED,Chan028RtgAuxOn005
1,3983,0x0F8F,ECHO,CONSUMED,True,True,0,UNDECLARED,Chan028RtgAuxOn006
1,3984,0x0F90,ECHO,CONSUMED,True,True,0,UNDECLARED,Chan028RtgAuxOn007
1,3985,0x0F91,ECHO,CONSUMED,True,True,0,UNDECLARED,Chan028RtgAuxOn008
1,3986,0x0F92,ECHO,CONSUMED,True,True,0,UNDECLARED,Chan028RtgAuxOn009
1,3987,0x0F93,ECHO,CONSUMED,True,True,0,UNDECLARED,Chan028RtgAuxOn010
1,3988,0x0F94,ECHO,CONSUMED,True,True,0,UNDECLARED,Chan028RtgAuxOn011
1,3989,0x0F95,ECHO,CONSUMED,True,True,0,UNDECLARED,Chan028RtgAuxOn012
1,3990,0x0F96,ECHO,CONSUMED,True,True,0,UNDECLARED,Chan028RtgAuxSend001
1,3991,0x0F97,ECHO,CONSUMED,True,True,0,UNDECLARED,Chan028RtgAuxSend002
1,3992,0x0F98,ECHO,CONSUMED,True,True,0,UNDECLARED,Chan028RtgAuxSend003
1,3993,0x0F99,ECHO,CONSUMED,True,True,0,UNDECLARED,Chan028RtgAuxSend004
1,3994,0x0F9A,ECHO,CONSUMED,True,True,0,UNDECLARED,Chan028RtgAuxSend005
1,3995,0x0F9B,ECHO,CONSUMED,True,True,0,UNDECLARED,Chan028RtgAuxSend006
1,3996,0x0F9C,ECHO,CONSUMED,True,True,0,UNDECLARED,Chan028RtgAuxSend007
1,3997,0x0F9D,ECHO,CONSUMED,True,True,0,UNDECLARED,Chan028RtgAuxSend008
1,3998,0x0F9E,ECHO,CONSUMED,True,True,0,UNDECLARED,Chan028RtgAuxSend009
1,3999,0x0F9F,ECHO,CONSUMED,True,True,0,UNDECLARED,Chan028RtgAuxSend010
1,4000,0x0FA0,ECHO,CONSUMED,True,True,0,UNDECLARED,Chan028RtgAuxSend011
1,4001,0x0FA1,ECHO,CONSUMED,True,True,0,UNDECLARED,Chan028RtgAuxSend012
1,4002,0x0FA2,ECHO,CONSUMED,True,True,0,UNDECLARED,Chan028RtgAuxPick001
1,4003,0x0FA3,ECHO,CONSUMED,True,True,0,UNDECLARED,Chan028RtgAuxPick002
1,4004,0x0FA4,ECHO,CONSUMED,True,True,0,UNDECLARED,Chan028RtgAuxPick003
1,4005,0x0FA5,ECHO,CONSUMED,True,True,0,UNDECLARED,Chan028RtgAuxPick004
1,4006,0x0FA6,ECHO,CONSUMED,True,True,0,UNDECLARED,Chan028RtgAuxPick005
1,4007,0x0FA7,ECHO,CONSUMED,True,True,0,UNDECLARED,Chan028RtgAuxPick006
1,4008,0x0FA8,ECHO,CONSUMED,True,True,0,UNDECLARED,Chan028RtgAuxPick007
1,4009,0x0FA9,ECHO,CONSUMED,True,True,0,UNDECLARED,Chan028RtgAuxPick008
1,4010,0x0FAA,ECHO,CONSUMED,True,True,0,UNDECLARED,Chan028RtgAuxPick009
1,4011,0x0FAB,ECHO,CONSUMED,True,True,0,UNDECLARED,Chan028RtgAuxPick010
1,4012,0x0FAC,ECHO,CONSUMED,True,True,0,UNDECLARED,Chan028RtgAuxPick011
1,4013,0x0FAD,ECHO,CONSUMED,True,True,0,UNDECLARED,Chan028RtgAuxPick012
1,4014,0x0FAE,ECHO,CONSUMED,True,True,0,UNDECLARED,Chan028RtgFx001
1,4015,0x0FAF,ECHO,CONSUMED,True,True,0,UNDECLARED,Chan028RtgFx002
1,4016,0x0FB0,ECHO,CONSUMED,True,True,0,UNDECLARED,Chan028RtgFx003
1,4017,0x0FB1,ECHO,CONSUMED,True,True,0,UNDECLARED,Chan028RtgFx004
1,4018,0x0FB2,ECHO,CONSUMED,True,True,0,UNDECLARED,Chan028RtgFx005
1,4019,0x0FB3,ECHO,CONSUMED,True,True,0,UNDECLARED,Chan028RtgFx006
1,4020,0x0FB4,ECHO,CONSUMED,True,True,0,UNDECLARED,Chan028RtgFxSend001
1,4021,0x0FB5,ECHO,CONSUMED,True,True,0,UNDECLARED,Chan028RtgFxSend002
1,4022,0x0FB6,ECHO,CONSUMED,True,True,0,UNDECLARED,Chan028RtgFxSend003
1,4023,0x0FB7,ECHO,CONSUMED,True,True,0,UNDECLARED,Chan028RtgFxSend004
1,4024,0x0FB8,ECHO,CONSUMED,True,True,0,UNDECLARED,Chan028RtgFxSend005
1,4025,0x0FB9,ECHO,CONSUMED,True,True,0,UNDECLARED,Chan028RtgFxSend006
1,4026,0x0FBA,ECHO,CONSUMED,True,True,0,UNDECLARED,Chan028RtgFxPick001
1,4027,0x0FBB,ECHO,CONSUMED,True,True,0,UNDECLARED,Chan028RtgFxPick002
1,4028,0x0FBC,ECHO,CONSUMED,True,True,0,UNDECLARED,Chan028RtgFxPick003
1,4029,0x0FBD,ECHO,CONSUMED,True,True,0,UNDECLARED,Chan028RtgFxPick004
1,4030,0x0FBE,ECHO,CONSUMED,True,True,0,UNDECLARED,Chan028RtgFxPick005
1,4031,0x0FBF,ECHO,CONSUMED,True,True,0,UNDECLARED,Chan028RtgFxPick006
1,4032,0x0FC0,ECHO,CONSUMED,True,True,0,UNDECLARED,Chan029Gain001
1,4033,0x0FC1,ECHO,CONSUMED,True,True,0,bool 0/1,Chan029Pol001
1,4034,0x0FC2,UNMAPPED,UNMAPPED,False,False,3,UNDECLARED,Chan029Phantom001
1,4035,0x0FC3,UNMAPPED,UNMAPPED,False,False,3,UNDECLARED,Chan029InputSel001
1,4036,0x0FC4,ECHO,CONSUMED,True,True,0,UNDECLARED,Chan029EqHpf001 Chan029EqHpfSlope001
1,4037,0x0FC5,ECHO,CONSUMED,True,True,0,UNDECLARED,
1,4038,0x0FC6,ECHO,CONSUMED,True,True,0,UNDECLARED,
1,4039,0x0FC7,ECHO,CONSUMED,True,True,0,UNDECLARED,
1,4040,0x0FC8,ECHO,CONSUMED,True,True,0,UNDECLARED,
1,4041,0x0FC9,CLEARED,CONSUMED,True,True,0,UNDECLARED,
1,4042,0x0FCA,ECHO,CONSUMED,True,True,0,UNDECLARED,Chan029EqLpf001
1,4043,0x0FCB,ECHO,CONSUMED,True,True,0,UNDECLARED,
1,4044,0x0FCC,ECHO,CONSUMED,True,True,0,UNDECLARED,
1,4045,0x0FCD,ECHO,CONSUMED,True,True,0,UNDECLARED,
1,4046,0x0FCE,ECHO,CONSUMED,True,True,0,UNDECLARED,
1,4047,0x0FCF,CLEARED,CONSUMED,True,True,0,UNDECLARED,
1,4048,0x0FD0,ECHO,CONSUMED,True,True,0,UNDECLARED,Chan029EqFreq001 Chan029EqGain001 Chan029EqQ001 Chan029EqShelf001
1,4049,0x0FD1,ECHO,CONSUMED,True,True,0,UNDECLARED,
1,4050,0x0FD2,ECHO,CONSUMED,True,True,0,UNDECLARED,
1,4051,0x0FD3,ECHO,CONSUMED,True,True,0,UNDECLARED,
1,4052,0x0FD4,ECHO,CONSUMED,True,True,0,UNDECLARED,
1,4053,0x0FD5,ECHO,CONSUMED,True,True,0,UNDECLARED,Chan029EqFreq002 Chan029EqGain002 Chan029EqQ002
1,4054,0x0FD6,ECHO,CONSUMED,True,True,0,UNDECLARED,
1,4055,0x0FD7,ECHO,CONSUMED,True,True,0,UNDECLARED,
1,4056,0x0FD8,ECHO,CONSUMED,True,True,0,UNDECLARED,
1,4057,0x0FD9,ECHO,CONSUMED,True,True,0,UNDECLARED,
1,4058,0x0FDA,ECHO,CONSUMED,True,True,0,UNDECLARED,Chan029EqFreq003 Chan029EqGain003 Chan029EqQ003
1,4059,0x0FDB,ECHO,CONSUMED,True,True,0,UNDECLARED,
1,4060,0x0FDC,ECHO,CONSUMED,True,True,0,UNDECLARED,
1,4061,0x0FDD,ECHO,CONSUMED,True,True,0,UNDECLARED,
1,4062,0x0FDE,ECHO,CONSUMED,True,True,0,UNDECLARED,
1,4063,0x0FDF,ECHO,CONSUMED,True,True,0,UNDECLARED,Chan029EqFreq004 Chan029EqGain004 Chan029EqQ004 Chan029EqShelf002
1,4064,0x0FE0,ECHO,CONSUMED,True,True,0,UNDECLARED,
1,4065,0x0FE1,ECHO,CONSUMED,True,True,0,UNDECLARED,
1,4066,0x0FE2,ECHO,CONSUMED,True,True,0,UNDECLARED,
1,4067,0x0FE3,ECHO,CONSUMED,True,True,0,UNDECLARED,
1,4068,0x0FE4,CLEARED,CONSUMED,True,True,0,UNDECLARED,
1,4069,0x0FE5,UNMAPPED,UNMAPPED,False,False,4,UNDECLARED,Chan029EqOn001
1,4070,0x0FE6,UNMAPPED,UNMAPPED,False,False,4,UNDECLARED,
1,4071,0x0FE7,UNMAPPED,UNMAPPED,False,False,4,UNDECLARED,
1,4072,0x0FE8,ECHO,CONSUMED,True,True,0,UNDECLARED,Chan029GateOn001
1,4073,0x0FE9,ECHO,CONSUMED,True,True,0,UNDECLARED,Chan029GateThr001
1,4074,0x0FEA,ECHO,CONSUMED,True,True,0,ms (log table),Chan029GateAtt001
1,4075,0x0FEB,ECHO,CONSUMED,True,True,0,ms,Chan029GateHold001
1,4076,0x0FEC,ECHO,CONSUMED,True,True,0,ms (log table),Chan029GateRel001
1,4077,0x0FED,ECHO,CONSUMED,True,True,0,dB,Chan029GateRng001
1,4078,0x0FEE,ECHO,INERT,True,True,0,UNDECLARED,Chan029GateKey001
1,4079,0x0FEF,ECHO,INERT,True,True,0,UNDECLARED,Chan029GateDetSrc001
1,4080,0x0FF0,ECHO,CONSUMED,True,True,0,UNDECLARED,Chan029GateFilterOn001
1,4081,0x0FF1,ECHO,CONSUMED,True,True,0,UNDECLARED,Chan029GateFilterHpf001 Chan029GateFilterQ001
1,4082,0x0FF2,ECHO,CONSUMED,True,True,0,UNDECLARED,
1,4083,0x0FF3,ECHO,CONSUMED,True,True,0,UNDECLARED,
1,4084,0x0FF4,ECHO,CONSUMED,True,True,0,UNDECLARED,
1,4085,0x0FF5,ECHO,CONSUMED,True,True,0,UNDECLARED,
1,4086,0x0FF6,ECHO,CONSUMED,True,True,0,UNDECLARED,Chan029GateFilterLpf001
1,4087,0x0FF7,ECHO,CONSUMED,True,True,0,UNDECLARED,
1,4088,0x0FF8,ECHO,CONSUMED,True,True,0,UNDECLARED,Chan029CompOn001
1,4089,0x0FF9,ECHO,CONSUMED,True,True,0,UNDECLARED,Chan029CompThr001
1,4090,0x0FFA,ECHO,CONSUMED,True,True,0,UNDECLARED,Chan029CompRat001
1,4091,0x0FFB,ECHO,CONSUMED,True,True,0,ms (log table),Chan029CompAtt001
1,4092,0x0FFC,ECHO,CONSUMED,True,True,0,ms (log table),Chan029CompRel001
1,4093,0x0FFD,ECHO,CONSUMED,True,True,0,UNDECLARED,Chan029CompMake001
1,4094,0x0FFE,ECHO,CONSUMED,True,True,0,UNDECLARED,Chan029CompKnee001
1,4095,0x0FFF,ECHO,CONSUMED,True,True,0,percent 0-100,Chan029CompPar001
1,4096,0x1000,ECHO,INERT,True,True,0,UNDECLARED,Chan029CompType001
1,4097,0x1001,ECHO,INERT,True,True,0,UNDECLARED,Chan029CompKey001
1,4098,0x1002,ECHO,INERT,True,True,0,UNDECLARED,Chan029CompDetSrc001
1,4099,0x1003,ECHO,INERT,True,True,0,UNDECLARED,Chan029CompLimMode001
1,4100,0x1004,ECHO,INERT,True,True,0,UNDECLARED,Chan029CompEqPos001
1,4101,0x1005,ECHO,INERT,True,True,0,UNDECLARED,Chan029CompFilterOn001
1,4102,0x1006,ECHO,INERT,True,True,0,UNDECLARED,Chan029CompFilterHpf001 Chan029CompFilterLpf001 Chan029CompFilterQ001
1,4103,0x1007,ECHO,INERT,True,True,0,UNDECLARED,
1,4104,0x1008,ECHO,INERT,True,True,0,UNDECLARED,
1,4105,0x1009,ECHO,INERT,True,True,0,UNDECLARED,
1,4106,0x100A,ECHO,INERT,True,True,0,UNDECLARED,
1,4107,0x100B,ECHO,INERT,True,True,0,UNDECLARED,
1,4108,0x100C,ECHO,CONSUMED,True,True,0,UNDECLARED,Chan029TubeOn001
1,4109,0x100D,ECHO,CONSUMED,True,True,0,UNDECLARED,Chan029TubeSat001
1,4110,0x100E,ECHO,CONSUMED,True,True,0,ms,Chan029Delay001
1,4111,0x100F,ECHO,CONSUMED,True,True,0,UNDECLARED,
1,4112,0x1010,ECHO,CONSUMED,True,True,0,UNDECLARED,Chan029RtgLevel001
1,4113,0x1011,ECHO,CONSUMED,True,True,0,UNDECLARED,Chan029RtgPan001
1,4114,0x1012,ECHO,CONSUMED,True,True,0,bool 0/1,Chan029RtgMute001
1,4115,0x1013,ECHO,CONSUMED,True,True,0,UNDECLARED,Chan029RtgDca001
1,4116,0x1014,ECHO,CONSUMED,True,True,0,UNDECLARED,Chan029RtgMainOn001
1,4117,0x1015,ECHO,CONSUMED,True,True,0,UNDECLARED,Chan029RtgCtrOn001
1,4118,0x1016,ECHO,CONSUMED,True,True,0,UNDECLARED,Chan029RtgGrpOn001
1,4119,0x1017,ECHO,CONSUMED,True,True,0,UNDECLARED,Chan029RtgGrpOn002
1,4120,0x1018,ECHO,CONSUMED,True,True,0,UNDECLARED,Chan029RtgGrpOn003
1,4121,0x1019,ECHO,CONSUMED,True,True,0,UNDECLARED,Chan029RtgGrpOn004
1,4122,0x101A,ECHO,CONSUMED,True,True,0,UNDECLARED,Chan029RtgAuxOn001
1,4123,0x101B,ECHO,CONSUMED,True,True,0,UNDECLARED,Chan029RtgAuxOn002
1,4124,0x101C,ECHO,CONSUMED,True,True,0,UNDECLARED,Chan029RtgAuxOn003
1,4125,0x101D,ECHO,CONSUMED,True,True,0,UNDECLARED,Chan029RtgAuxOn004
1,4126,0x101E,ECHO,CONSUMED,True,True,0,UNDECLARED,Chan029RtgAuxOn005
1,4127,0x101F,ECHO,CONSUMED,True,True,0,UNDECLARED,Chan029RtgAuxOn006
1,4128,0x1020,ECHO,CONSUMED,True,True,0,UNDECLARED,Chan029RtgAuxOn007
1,4129,0x1021,ECHO,CONSUMED,True,True,0,UNDECLARED,Chan029RtgAuxOn008
1,4130,0x1022,ECHO,CONSUMED,True,True,0,UNDECLARED,Chan029RtgAuxOn009
1,4131,0x1023,ECHO,CONSUMED,True,True,0,UNDECLARED,Chan029RtgAuxOn010
1,4132,0x1024,ECHO,CONSUMED,True,True,0,UNDECLARED,Chan029RtgAuxOn011
1,4133,0x1025,ECHO,CONSUMED,True,True,0,UNDECLARED,Chan029RtgAuxOn012
1,4134,0x1026,ECHO,CONSUMED,True,True,0,UNDECLARED,Chan029RtgAuxSend001
1,4135,0x1027,ECHO,CONSUMED,True,True,0,UNDECLARED,Chan029RtgAuxSend002
1,4136,0x1028,ECHO,CONSUMED,True,True,0,UNDECLARED,Chan029RtgAuxSend003
1,4137,0x1029,ECHO,CONSUMED,True,True,0,UNDECLARED,Chan029RtgAuxSend004
1,4138,0x102A,ECHO,CONSUMED,True,True,0,UNDECLARED,Chan029RtgAuxSend005
1,4139,0x102B,ECHO,CONSUMED,True,True,0,UNDECLARED,Chan029RtgAuxSend006
1,4140,0x102C,ECHO,CONSUMED,True,True,0,UNDECLARED,Chan029RtgAuxSend007
1,4141,0x102D,ECHO,CONSUMED,True,True,0,UNDECLARED,Chan029RtgAuxSend008
1,4142,0x102E,ECHO,CONSUMED,True,True,0,UNDECLARED,Chan029RtgAuxSend009
1,4143,0x102F,ECHO,CONSUMED,True,True,0,UNDECLARED,Chan029RtgAuxSend010
1,4144,0x1030,ECHO,CONSUMED,True,True,0,UNDECLARED,Chan029RtgAuxSend011
1,4145,0x1031,ECHO,CONSUMED,True,True,0,UNDECLARED,Chan029RtgAuxSend012
1,4146,0x1032,ECHO,CONSUMED,True,True,0,UNDECLARED,Chan029RtgAuxPick001
1,4147,0x1033,ECHO,CONSUMED,True,True,0,UNDECLARED,Chan029RtgAuxPick002
1,4148,0x1034,ECHO,CONSUMED,True,True,0,UNDECLARED,Chan029RtgAuxPick003
1,4149,0x1035,ECHO,CONSUMED,True,True,0,UNDECLARED,Chan029RtgAuxPick004
1,4150,0x1036,ECHO,CONSUMED,True,True,0,UNDECLARED,Chan029RtgAuxPick005
1,4151,0x1037,ECHO,CONSUMED,True,True,0,UNDECLARED,Chan029RtgAuxPick006
1,4152,0x1038,ECHO,CONSUMED,True,True,0,UNDECLARED,Chan029RtgAuxPick007
1,4153,0x1039,ECHO,CONSUMED,True,True,0,UNDECLARED,Chan029RtgAuxPick008
1,4154,0x103A,ECHO,CONSUMED,True,True,0,UNDECLARED,Chan029RtgAuxPick009
1,4155,0x103B,ECHO,CONSUMED,True,True,0,UNDECLARED,Chan029RtgAuxPick010
1,4156,0x103C,ECHO,CONSUMED,True,True,0,UNDECLARED,Chan029RtgAuxPick011
1,4157,0x103D,ECHO,CONSUMED,True,True,0,UNDECLARED,Chan029RtgAuxPick012
1,4158,0x103E,ECHO,CONSUMED,True,True,0,UNDECLARED,Chan029RtgFx001
1,4159,0x103F,ECHO,CONSUMED,True,True,0,UNDECLARED,Chan029RtgFx002
1,4160,0x1040,ECHO,CONSUMED,True,True,0,UNDECLARED,Chan029RtgFx003
1,4161,0x1041,ECHO,CONSUMED,True,True,0,UNDECLARED,Chan029RtgFx004
1,4162,0x1042,ECHO,CONSUMED,True,True,0,UNDECLARED,Chan029RtgFx005
1,4163,0x1043,ECHO,CONSUMED,True,True,0,UNDECLARED,Chan029RtgFx006
1,4164,0x1044,ECHO,CONSUMED,True,True,0,UNDECLARED,Chan029RtgFxSend001
1,4165,0x1045,ECHO,CONSUMED,True,True,0,UNDECLARED,Chan029RtgFxSend002
1,4166,0x1046,ECHO,CONSUMED,True,True,0,UNDECLARED,Chan029RtgFxSend003
1,4167,0x1047,ECHO,CONSUMED,True,True,0,UNDECLARED,Chan029RtgFxSend004
1,4168,0x1048,ECHO,CONSUMED,True,True,0,UNDECLARED,Chan029RtgFxSend005
1,4169,0x1049,ECHO,CONSUMED,True,True,0,UNDECLARED,Chan029RtgFxSend006
1,4170,0x104A,ECHO,CONSUMED,True,True,0,UNDECLARED,Chan029RtgFxPick001
1,4171,0x104B,ECHO,CONSUMED,True,True,0,UNDECLARED,Chan029RtgFxPick002
1,4172,0x104C,ECHO,CONSUMED,True,True,0,UNDECLARED,Chan029RtgFxPick003
1,4173,0x104D,ECHO,CONSUMED,True,True,0,UNDECLARED,Chan029RtgFxPick004
1,4174,0x104E,ECHO,CONSUMED,True,True,0,UNDECLARED,Chan029RtgFxPick005
1,4175,0x104F,ECHO,CONSUMED,True,True,0,UNDECLARED,Chan029RtgFxPick006
1,4176,0x1050,ECHO,CONSUMED,True,True,0,UNDECLARED,Chan030Gain001
1,4177,0x1051,ECHO,CONSUMED,True,True,0,bool 0/1,Chan030Pol001
1,4178,0x1052,UNMAPPED,UNMAPPED,False,False,3,UNDECLARED,Chan030Phantom001
1,4179,0x1053,UNMAPPED,UNMAPPED,False,False,3,UNDECLARED,Chan030InputSel001
1,4180,0x1054,ECHO,CONSUMED,True,True,0,UNDECLARED,Chan030EqHpf001 Chan030EqHpfSlope001
1,4181,0x1055,ECHO,CONSUMED,True,True,0,UNDECLARED,
1,4182,0x1056,ECHO,CONSUMED,True,True,0,UNDECLARED,
1,4183,0x1057,ECHO,CONSUMED,True,True,0,UNDECLARED,
1,4184,0x1058,ECHO,CONSUMED,True,True,0,UNDECLARED,
1,4185,0x1059,CLEARED,CONSUMED,True,True,0,UNDECLARED,
1,4186,0x105A,ECHO,CONSUMED,True,True,0,UNDECLARED,Chan030EqLpf001
1,4187,0x105B,ECHO,CONSUMED,True,True,0,UNDECLARED,
1,4188,0x105C,ECHO,CONSUMED,True,True,0,UNDECLARED,
1,4189,0x105D,ECHO,CONSUMED,True,True,0,UNDECLARED,
1,4190,0x105E,ECHO,CONSUMED,True,True,0,UNDECLARED,
1,4191,0x105F,CLEARED,CONSUMED,True,True,0,UNDECLARED,
1,4192,0x1060,ECHO,CONSUMED,True,True,0,UNDECLARED,Chan030EqFreq001 Chan030EqGain001 Chan030EqQ001 Chan030EqShelf001
1,4193,0x1061,ECHO,CONSUMED,True,True,0,UNDECLARED,
1,4194,0x1062,ECHO,CONSUMED,True,True,0,UNDECLARED,
1,4195,0x1063,ECHO,CONSUMED,True,True,0,UNDECLARED,
1,4196,0x1064,ECHO,CONSUMED,True,True,0,UNDECLARED,
1,4197,0x1065,ECHO,CONSUMED,True,True,0,UNDECLARED,Chan030EqFreq002 Chan030EqGain002 Chan030EqQ002
1,4198,0x1066,ECHO,CONSUMED,True,True,0,UNDECLARED,
1,4199,0x1067,ECHO,CONSUMED,True,True,0,UNDECLARED,
1,4200,0x1068,ECHO,CONSUMED,True,True,0,UNDECLARED,
1,4201,0x1069,ECHO,CONSUMED,True,True,0,UNDECLARED,
1,4202,0x106A,ECHO,CONSUMED,True,True,0,UNDECLARED,Chan030EqFreq003 Chan030EqGain003 Chan030EqQ003
1,4203,0x106B,ECHO,CONSUMED,True,True,0,UNDECLARED,
1,4204,0x106C,ECHO,CONSUMED,True,True,0,UNDECLARED,
1,4205,0x106D,ECHO,CONSUMED,True,True,0,UNDECLARED,
1,4206,0x106E,ECHO,CONSUMED,True,True,0,UNDECLARED,
1,4207,0x106F,ECHO,CONSUMED,True,True,0,UNDECLARED,Chan030EqFreq004 Chan030EqGain004 Chan030EqQ004 Chan030EqShelf002
1,4208,0x1070,ECHO,CONSUMED,True,True,0,UNDECLARED,
1,4209,0x1071,ECHO,CONSUMED,True,True,0,UNDECLARED,
1,4210,0x1072,ECHO,CONSUMED,True,True,0,UNDECLARED,
1,4211,0x1073,ECHO,CONSUMED,True,True,0,UNDECLARED,
1,4212,0x1074,CLEARED,CONSUMED,True,True,0,UNDECLARED,
1,4213,0x1075,UNMAPPED,UNMAPPED,False,False,4,UNDECLARED,Chan030EqOn001
1,4214,0x1076,UNMAPPED,UNMAPPED,False,False,4,UNDECLARED,
1,4215,0x1077,UNMAPPED,UNMAPPED,False,False,4,UNDECLARED,
1,4216,0x1078,ECHO,CONSUMED,True,True,0,UNDECLARED,Chan030GateOn001
1,4217,0x1079,ECHO,CONSUMED,True,True,0,UNDECLARED,Chan030GateThr001
1,4218,0x107A,ECHO,CONSUMED,True,True,0,ms (log table),Chan030GateAtt001
1,4219,0x107B,ECHO,CONSUMED,True,True,0,ms,Chan030GateHold001
1,4220,0x107C,ECHO,CONSUMED,True,True,0,ms (log table),Chan030GateRel001
1,4221,0x107D,ECHO,CONSUMED,True,True,0,dB,Chan030GateRng001
1,4222,0x107E,ECHO,INERT,True,True,0,UNDECLARED,Chan030GateKey001
1,4223,0x107F,ECHO,INERT,True,True,0,UNDECLARED,Chan030GateDetSrc001
1,4224,0x1080,ECHO,CONSUMED,True,True,0,UNDECLARED,Chan030GateFilterOn001
1,4225,0x1081,ECHO,CONSUMED,True,True,0,UNDECLARED,Chan030GateFilterHpf001 Chan030GateFilterQ001
1,4226,0x1082,ECHO,CONSUMED,True,True,0,UNDECLARED,
1,4227,0x1083,ECHO,CONSUMED,True,True,0,UNDECLARED,
1,4228,0x1084,ECHO,CONSUMED,True,True,0,UNDECLARED,
1,4229,0x1085,ECHO,CONSUMED,True,True,0,UNDECLARED,
1,4230,0x1086,ECHO,CONSUMED,True,True,0,UNDECLARED,Chan030GateFilterLpf001
1,4231,0x1087,ECHO,CONSUMED,True,True,0,UNDECLARED,
1,4232,0x1088,ECHO,CONSUMED,True,True,0,UNDECLARED,Chan030CompOn001
1,4233,0x1089,ECHO,CONSUMED,True,True,0,UNDECLARED,Chan030CompThr001
1,4234,0x108A,ECHO,CONSUMED,True,True,0,UNDECLARED,Chan030CompRat001
1,4235,0x108B,ECHO,CONSUMED,True,True,0,ms (log table),Chan030CompAtt001
1,4236,0x108C,ECHO,CONSUMED,True,True,0,ms (log table),Chan030CompRel001
1,4237,0x108D,ECHO,CONSUMED,True,True,0,UNDECLARED,Chan030CompMake001
1,4238,0x108E,ECHO,CONSUMED,True,True,0,UNDECLARED,Chan030CompKnee001
1,4239,0x108F,ECHO,CONSUMED,True,True,0,percent 0-100,Chan030CompPar001
1,4240,0x1090,ECHO,INERT,True,True,0,UNDECLARED,Chan030CompType001
1,4241,0x1091,ECHO,INERT,True,True,0,UNDECLARED,Chan030CompKey001
1,4242,0x1092,ECHO,INERT,True,True,0,UNDECLARED,Chan030CompDetSrc001
1,4243,0x1093,ECHO,INERT,True,True,0,UNDECLARED,Chan030CompLimMode001
1,4244,0x1094,ECHO,INERT,True,True,0,UNDECLARED,Chan030CompEqPos001
1,4245,0x1095,ECHO,INERT,True,True,0,UNDECLARED,Chan030CompFilterOn001
1,4246,0x1096,ECHO,INERT,True,True,0,UNDECLARED,Chan030CompFilterHpf001 Chan030CompFilterLpf001 Chan030CompFilterQ001
1,4247,0x1097,ECHO,INERT,True,True,0,UNDECLARED,
1,4248,0x1098,ECHO,INERT,True,True,0,UNDECLARED,
1,4249,0x1099,ECHO,INERT,True,True,0,UNDECLARED,
1,4250,0x109A,ECHO,INERT,True,True,0,UNDECLARED,
1,4251,0x109B,ECHO,INERT,True,True,0,UNDECLARED,
1,4252,0x109C,ECHO,CONSUMED,True,True,0,UNDECLARED,Chan030TubeOn001
1,4253,0x109D,ECHO,CONSUMED,True,True,0,UNDECLARED,Chan030TubeSat001
1,4254,0x109E,ECHO,CONSUMED,True,True,0,ms,Chan030Delay001
1,4255,0x109F,ECHO,CONSUMED,True,True,0,UNDECLARED,
1,4256,0x10A0,ECHO,CONSUMED,True,True,0,UNDECLARED,Chan030RtgLevel001
1,4257,0x10A1,ECHO,CONSUMED,True,True,0,UNDECLARED,Chan030RtgPan001
1,4258,0x10A2,ECHO,CONSUMED,True,True,0,bool 0/1,Chan030RtgMute001
1,4259,0x10A3,ECHO,CONSUMED,True,True,0,UNDECLARED,Chan030RtgDca001
1,4260,0x10A4,ECHO,CONSUMED,True,True,0,UNDECLARED,Chan030RtgMainOn001
1,4261,0x10A5,ECHO,CONSUMED,True,True,0,UNDECLARED,Chan030RtgCtrOn001
1,4262,0x10A6,ECHO,CONSUMED,True,True,0,UNDECLARED,Chan030RtgGrpOn001
1,4263,0x10A7,ECHO,CONSUMED,True,True,0,UNDECLARED,Chan030RtgGrpOn002
1,4264,0x10A8,ECHO,CONSUMED,True,True,0,UNDECLARED,Chan030RtgGrpOn003
1,4265,0x10A9,ECHO,CONSUMED,True,True,0,UNDECLARED,Chan030RtgGrpOn004
1,4266,0x10AA,ECHO,CONSUMED,True,True,0,UNDECLARED,Chan030RtgAuxOn001
1,4267,0x10AB,ECHO,CONSUMED,True,True,0,UNDECLARED,Chan030RtgAuxOn002
1,4268,0x10AC,ECHO,CONSUMED,True,True,0,UNDECLARED,Chan030RtgAuxOn003
1,4269,0x10AD,ECHO,CONSUMED,True,True,0,UNDECLARED,Chan030RtgAuxOn004
1,4270,0x10AE,ECHO,CONSUMED,True,True,0,UNDECLARED,Chan030RtgAuxOn005
1,4271,0x10AF,ECHO,CONSUMED,True,True,0,UNDECLARED,Chan030RtgAuxOn006
1,4272,0x10B0,ECHO,CONSUMED,True,True,0,UNDECLARED,Chan030RtgAuxOn007
1,4273,0x10B1,ECHO,CONSUMED,True,True,0,UNDECLARED,Chan030RtgAuxOn008
1,4274,0x10B2,ECHO,CONSUMED,True,True,0,UNDECLARED,Chan030RtgAuxOn009
1,4275,0x10B3,ECHO,CONSUMED,True,True,0,UNDECLARED,Chan030RtgAuxOn010
1,4276,0x10B4,ECHO,CONSUMED,True,True,0,UNDECLARED,Chan030RtgAuxOn011
1,4277,0x10B5,ECHO,CONSUMED,True,True,0,UNDECLARED,Chan030RtgAuxOn012
1,4278,0x10B6,ECHO,CONSUMED,True,True,0,UNDECLARED,Chan030RtgAuxSend001
1,4279,0x10B7,ECHO,CONSUMED,True,True,0,UNDECLARED,Chan030RtgAuxSend002
1,4280,0x10B8,ECHO,CONSUMED,True,True,0,UNDECLARED,Chan030RtgAuxSend003
1,4281,0x10B9,ECHO,CONSUMED,True,True,0,UNDECLARED,Chan030RtgAuxSend004
1,4282,0x10BA,ECHO,CONSUMED,True,True,0,UNDECLARED,Chan030RtgAuxSend005
1,4283,0x10BB,ECHO,CONSUMED,True,True,0,UNDECLARED,Chan030RtgAuxSend006
1,4284,0x10BC,ECHO,CONSUMED,True,True,0,UNDECLARED,Chan030RtgAuxSend007
1,4285,0x10BD,ECHO,CONSUMED,True,True,0,UNDECLARED,Chan030RtgAuxSend008
1,4286,0x10BE,ECHO,CONSUMED,True,True,0,UNDECLARED,Chan030RtgAuxSend009
1,4287,0x10BF,ECHO,CONSUMED,True,True,0,UNDECLARED,Chan030RtgAuxSend010
1,4288,0x10C0,ECHO,CONSUMED,True,True,0,UNDECLARED,Chan030RtgAuxSend011
1,4289,0x10C1,ECHO,CONSUMED,True,True,0,UNDECLARED,Chan030RtgAuxSend012
1,4290,0x10C2,ECHO,CONSUMED,True,True,0,UNDECLARED,Chan030RtgAuxPick001
1,4291,0x10C3,ECHO,CONSUMED,True,True,0,UNDECLARED,Chan030RtgAuxPick002
1,4292,0x10C4,ECHO,CONSUMED,True,True,0,UNDECLARED,Chan030RtgAuxPick003
1,4293,0x10C5,ECHO,CONSUMED,True,True,0,UNDECLARED,Chan030RtgAuxPick004
1,4294,0x10C6,ECHO,CONSUMED,True,True,0,UNDECLARED,Chan030RtgAuxPick005
1,4295,0x10C7,ECHO,CONSUMED,True,True,0,UNDECLARED,Chan030RtgAuxPick006
1,4296,0x10C8,ECHO,CONSUMED,True,True,0,UNDECLARED,Chan030RtgAuxPick007
1,4297,0x10C9,ECHO,CONSUMED,True,True,0,UNDECLARED,Chan030RtgAuxPick008
1,4298,0x10CA,ECHO,CONSUMED,True,True,0,UNDECLARED,Chan030RtgAuxPick009
1,4299,0x10CB,ECHO,CONSUMED,True,True,0,UNDECLARED,Chan030RtgAuxPick010
1,4300,0x10CC,ECHO,CONSUMED,True,True,0,UNDECLARED,Chan030RtgAuxPick011
1,4301,0x10CD,ECHO,CONSUMED,True,True,0,UNDECLARED,Chan030RtgAuxPick012
1,4302,0x10CE,ECHO,CONSUMED,True,True,0,UNDECLARED,Chan030RtgFx001
1,4303,0x10CF,ECHO,CONSUMED,True,True,0,UNDECLARED,Chan030RtgFx002
1,4304,0x10D0,ECHO,CONSUMED,True,True,0,UNDECLARED,Chan030RtgFx003
1,4305,0x10D1,ECHO,CONSUMED,True,True,0,UNDECLARED,Chan030RtgFx004
1,4306,0x10D2,ECHO,CONSUMED,True,True,0,UNDECLARED,Chan030RtgFx005
1,4307,0x10D3,ECHO,CONSUMED,True,True,0,UNDECLARED,Chan030RtgFx006
1,4308,0x10D4,ECHO,CONSUMED,True,True,0,UNDECLARED,Chan030RtgFxSend001
1,4309,0x10D5,ECHO,CONSUMED,True,True,0,UNDECLARED,Chan030RtgFxSend002
1,4310,0x10D6,ECHO,CONSUMED,True,True,0,UNDECLARED,Chan030RtgFxSend003
1,4311,0x10D7,ECHO,CONSUMED,True,True,0,UNDECLARED,Chan030RtgFxSend004
1,4312,0x10D8,ECHO,CONSUMED,True,True,0,UNDECLARED,Chan030RtgFxSend005
1,4313,0x10D9,ECHO,CONSUMED,True,True,0,UNDECLARED,Chan030RtgFxSend006
1,4314,0x10DA,ECHO,CONSUMED,True,True,0,UNDECLARED,Chan030RtgFxPick001
1,4315,0x10DB,ECHO,CONSUMED,True,True,0,UNDECLARED,Chan030RtgFxPick002
1,4316,0x10DC,ECHO,CONSUMED,True,True,0,UNDECLARED,Chan030RtgFxPick003
1,4317,0x10DD,ECHO,CONSUMED,True,True,0,UNDECLARED,Chan030RtgFxPick004
1,4318,0x10DE,ECHO,CONSUMED,True,True,0,UNDECLARED,Chan030RtgFxPick005
1,4319,0x10DF,ECHO,CONSUMED,True,True,0,UNDECLARED,Chan030RtgFxPick006
1,4320,0x10E0,ECHO,CONSUMED,True,True,0,UNDECLARED,Chan031Gain001
1,4321,0x10E1,ECHO,CONSUMED,True,True,0,bool 0/1,Chan031Pol001
1,4322,0x10E2,UNMAPPED,UNMAPPED,False,False,3,UNDECLARED,Chan031Phantom001
1,4323,0x10E3,UNMAPPED,UNMAPPED,False,False,3,UNDECLARED,Chan031InputSel001
1,4324,0x10E4,ECHO,CONSUMED,True,True,0,UNDECLARED,Chan031EqHpf001 Chan031EqHpfSlope001
1,4325,0x10E5,ECHO,CONSUMED,True,True,0,UNDECLARED,
1,4326,0x10E6,ECHO,CONSUMED,True,True,0,UNDECLARED,
1,4327,0x10E7,ECHO,CONSUMED,True,True,0,UNDECLARED,
1,4328,0x10E8,ECHO,CONSUMED,True,True,0,UNDECLARED,
1,4329,0x10E9,CLEARED,CONSUMED,True,True,0,UNDECLARED,
1,4330,0x10EA,ECHO,CONSUMED,True,True,0,UNDECLARED,Chan031EqLpf001
1,4331,0x10EB,ECHO,CONSUMED,True,True,0,UNDECLARED,
1,4332,0x10EC,ECHO,CONSUMED,True,True,0,UNDECLARED,
1,4333,0x10ED,ECHO,CONSUMED,True,True,0,UNDECLARED,
1,4334,0x10EE,ECHO,CONSUMED,True,True,0,UNDECLARED,
1,4335,0x10EF,CLEARED,CONSUMED,True,True,0,UNDECLARED,
1,4336,0x10F0,ECHO,CONSUMED,True,True,0,UNDECLARED,Chan031EqFreq001 Chan031EqGain001 Chan031EqQ001 Chan031EqShelf001
1,4337,0x10F1,ECHO,CONSUMED,True,True,0,UNDECLARED,
1,4338,0x10F2,ECHO,CONSUMED,True,True,0,UNDECLARED,
1,4339,0x10F3,ECHO,CONSUMED,True,True,0,UNDECLARED,
1,4340,0x10F4,ECHO,CONSUMED,True,True,0,UNDECLARED,
1,4341,0x10F5,ECHO,CONSUMED,True,True,0,UNDECLARED,Chan031EqFreq002 Chan031EqGain002 Chan031EqQ002
1,4342,0x10F6,ECHO,CONSUMED,True,True,0,UNDECLARED,
1,4343,0x10F7,ECHO,CONSUMED,True,True,0,UNDECLARED,
1,4344,0x10F8,ECHO,CONSUMED,True,True,0,UNDECLARED,
1,4345,0x10F9,ECHO,CONSUMED,True,True,0,UNDECLARED,
1,4346,0x10FA,ECHO,CONSUMED,True,True,0,UNDECLARED,Chan031EqFreq003 Chan031EqGain003 Chan031EqQ003
1,4347,0x10FB,ECHO,CONSUMED,True,True,0,UNDECLARED,
1,4348,0x10FC,ECHO,CONSUMED,True,True,0,UNDECLARED,
1,4349,0x10FD,ECHO,CONSUMED,True,True,0,UNDECLARED,
1,4350,0x10FE,ECHO,CONSUMED,True,True,0,UNDECLARED,
1,4351,0x10FF,ECHO,CONSUMED,True,True,0,UNDECLARED,Chan031EqFreq004 Chan031EqGain004 Chan031EqQ004 Chan031EqShelf002
1,4352,0x1100,ECHO,CONSUMED,True,True,0,UNDECLARED,
1,4353,0x1101,ECHO,CONSUMED,True,True,0,UNDECLARED,
1,4354,0x1102,ECHO,CONSUMED,True,True,0,UNDECLARED,
1,4355,0x1103,ECHO,CONSUMED,True,True,0,UNDECLARED,
1,4356,0x1104,CLEARED,CONSUMED,True,True,0,UNDECLARED,
1,4357,0x1105,UNMAPPED,UNMAPPED,False,False,4,UNDECLARED,Chan031EqOn001
1,4358,0x1106,UNMAPPED,UNMAPPED,False,False,4,UNDECLARED,
1,4359,0x1107,UNMAPPED,UNMAPPED,False,False,4,UNDECLARED,
1,4360,0x1108,ECHO,CONSUMED,True,True,0,UNDECLARED,Chan031GateOn001
1,4361,0x1109,ECHO,CONSUMED,True,True,0,UNDECLARED,Chan031GateThr001
1,4362,0x110A,ECHO,CONSUMED,True,True,0,ms (log table),Chan031GateAtt001
1,4363,0x110B,ECHO,CONSUMED,True,True,0,ms,Chan031GateHold001
1,4364,0x110C,ECHO,CONSUMED,True,True,0,ms (log table),Chan031GateRel001
1,4365,0x110D,ECHO,CONSUMED,True,True,0,dB,Chan031GateRng001
1,4366,0x110E,ECHO,INERT,True,True,0,UNDECLARED,Chan031GateKey001
1,4367,0x110F,ECHO,INERT,True,True,0,UNDECLARED,Chan031GateDetSrc001
1,4368,0x1110,ECHO,CONSUMED,True,True,0,UNDECLARED,Chan031GateFilterOn001
1,4369,0x1111,ECHO,CONSUMED,True,True,0,UNDECLARED,Chan031GateFilterHpf001 Chan031GateFilterQ001
1,4370,0x1112,ECHO,CONSUMED,True,True,0,UNDECLARED,
1,4371,0x1113,ECHO,CONSUMED,True,True,0,UNDECLARED,
1,4372,0x1114,ECHO,CONSUMED,True,True,0,UNDECLARED,
1,4373,0x1115,ECHO,CONSUMED,True,True,0,UNDECLARED,
1,4374,0x1116,ECHO,CONSUMED,True,True,0,UNDECLARED,Chan031GateFilterLpf001
1,4375,0x1117,ECHO,CONSUMED,True,True,0,UNDECLARED,
1,4376,0x1118,ECHO,CONSUMED,True,True,0,UNDECLARED,Chan031CompOn001
1,4377,0x1119,ECHO,CONSUMED,True,True,0,UNDECLARED,Chan031CompThr001
1,4378,0x111A,ECHO,CONSUMED,True,True,0,UNDECLARED,Chan031CompRat001
1,4379,0x111B,ECHO,CONSUMED,True,True,0,ms (log table),Chan031CompAtt001
1,4380,0x111C,ECHO,CONSUMED,True,True,0,ms (log table),Chan031CompRel001
1,4381,0x111D,ECHO,CONSUMED,True,True,0,UNDECLARED,Chan031CompMake001
1,4382,0x111E,ECHO,CONSUMED,True,True,0,UNDECLARED,Chan031CompKnee001
1,4383,0x111F,ECHO,CONSUMED,True,True,0,percent 0-100,Chan031CompPar001
1,4384,0x1120,ECHO,INERT,True,True,0,UNDECLARED,Chan031CompType001
1,4385,0x1121,ECHO,INERT,True,True,0,UNDECLARED,Chan031CompKey001
1,4386,0x1122,ECHO,INERT,True,True,0,UNDECLARED,Chan031CompDetSrc001
1,4387,0x1123,ECHO,INERT,True,True,0,UNDECLARED,Chan031CompLimMode001
1,4388,0x1124,ECHO,INERT,True,True,0,UNDECLARED,Chan031CompEqPos001
1,4389,0x1125,ECHO,INERT,True,True,0,UNDECLARED,Chan031CompFilterOn001
1,4390,0x1126,ECHO,INERT,True,True,0,UNDECLARED,Chan031CompFilterHpf001 Chan031CompFilterLpf001 Chan031CompFilterQ001
1,4391,0x1127,ECHO,INERT,True,True,0,UNDECLARED,
1,4392,0x1128,ECHO,INERT,True,True,0,UNDECLARED,
1,4393,0x1129,ECHO,INERT,True,True,0,UNDECLARED,
1,4394,0x112A,ECHO,INERT,True,True,0,UNDECLARED,
1,4395,0x112B,ECHO,INERT,True,True,0,UNDECLARED,
1,4396,0x112C,ECHO,CONSUMED,True,True,0,UNDECLARED,Chan031TubeOn001
1,4397,0x112D,ECHO,CONSUMED,True,True,0,UNDECLARED,Chan031TubeSat001
1,4398,0x112E,ECHO,CONSUMED,True,True,0,ms,Chan031Delay001
1,4399,0x112F,ECHO,CONSUMED,True,True,0,UNDECLARED,
1,4400,0x1130,ECHO,CONSUMED,True,True,0,UNDECLARED,Chan031RtgLevel001
1,4401,0x1131,ECHO,CONSUMED,True,True,0,UNDECLARED,Chan031RtgPan001
1,4402,0x1132,ECHO,CONSUMED,True,True,0,bool 0/1,Chan031RtgMute001
1,4403,0x1133,ECHO,CONSUMED,True,True,0,UNDECLARED,Chan031RtgDca001
1,4404,0x1134,ECHO,CONSUMED,True,True,0,UNDECLARED,Chan031RtgMainOn001
1,4405,0x1135,ECHO,CONSUMED,True,True,0,UNDECLARED,Chan031RtgCtrOn001
1,4406,0x1136,ECHO,CONSUMED,True,True,0,UNDECLARED,Chan031RtgGrpOn001
1,4407,0x1137,ECHO,CONSUMED,True,True,0,UNDECLARED,Chan031RtgGrpOn002
1,4408,0x1138,ECHO,CONSUMED,True,True,0,UNDECLARED,Chan031RtgGrpOn003
1,4409,0x1139,ECHO,CONSUMED,True,True,0,UNDECLARED,Chan031RtgGrpOn004
1,4410,0x113A,ECHO,CONSUMED,True,True,0,UNDECLARED,Chan031RtgAuxOn001
1,4411,0x113B,ECHO,CONSUMED,True,True,0,UNDECLARED,Chan031RtgAuxOn002
1,4412,0x113C,ECHO,CONSUMED,True,True,0,UNDECLARED,Chan031RtgAuxOn003
1,4413,0x113D,ECHO,CONSUMED,True,True,0,UNDECLARED,Chan031RtgAuxOn004
1,4414,0x113E,ECHO,CONSUMED,True,True,0,UNDECLARED,Chan031RtgAuxOn005
1,4415,0x113F,ECHO,CONSUMED,True,True,0,UNDECLARED,Chan031RtgAuxOn006
1,4416,0x1140,ECHO,CONSUMED,True,True,0,UNDECLARED,Chan031RtgAuxOn007
1,4417,0x1141,ECHO,CONSUMED,True,True,0,UNDECLARED,Chan031RtgAuxOn008
1,4418,0x1142,ECHO,CONSUMED,True,True,0,UNDECLARED,Chan031RtgAuxOn009
1,4419,0x1143,ECHO,CONSUMED,True,True,0,UNDECLARED,Chan031RtgAuxOn010
1,4420,0x1144,ECHO,CONSUMED,True,True,0,UNDECLARED,Chan031RtgAuxOn011
1,4421,0x1145,ECHO,CONSUMED,True,True,0,UNDECLARED,Chan031RtgAuxOn012
1,4422,0x1146,ECHO,CONSUMED,True,True,0,UNDECLARED,Chan031RtgAuxSend001
1,4423,0x1147,ECHO,CONSUMED,True,True,0,UNDECLARED,Chan031RtgAuxSend002
1,4424,0x1148,ECHO,CONSUMED,True,True,0,UNDECLARED,Chan031RtgAuxSend003
1,4425,0x1149,ECHO,CONSUMED,True,True,0,UNDECLARED,Chan031RtgAuxSend004
1,4426,0x114A,ECHO,CONSUMED,True,True,0,UNDECLARED,Chan031RtgAuxSend005
1,4427,0x114B,ECHO,CONSUMED,True,True,0,UNDECLARED,Chan031RtgAuxSend006
1,4428,0x114C,ECHO,CONSUMED,True,True,0,UNDECLARED,Chan031RtgAuxSend007
1,4429,0x114D,ECHO,CONSUMED,True,True,0,UNDECLARED,Chan031RtgAuxSend008
1,4430,0x114E,ECHO,CONSUMED,True,True,0,UNDECLARED,Chan031RtgAuxSend009
1,4431,0x114F,ECHO,CONSUMED,True,True,0,UNDECLARED,Chan031RtgAuxSend010
1,4432,0x1150,ECHO,CONSUMED,True,True,0,UNDECLARED,Chan031RtgAuxSend011
1,4433,0x1151,ECHO,CONSUMED,True,True,0,UNDECLARED,Chan031RtgAuxSend012
1,4434,0x1152,ECHO,CONSUMED,True,True,0,UNDECLARED,Chan031RtgAuxPick001
1,4435,0x1153,ECHO,CONSUMED,True,True,0,UNDECLARED,Chan031RtgAuxPick002
1,4436,0x1154,ECHO,CONSUMED,True,True,0,UNDECLARED,Chan031RtgAuxPick003
1,4437,0x1155,ECHO,CONSUMED,True,True,0,UNDECLARED,Chan031RtgAuxPick004
1,4438,0x1156,ECHO,CONSUMED,True,True,0,UNDECLARED,Chan031RtgAuxPick005
1,4439,0x1157,ECHO,CONSUMED,True,True,0,UNDECLARED,Chan031RtgAuxPick006
1,4440,0x1158,ECHO,CONSUMED,True,True,0,UNDECLARED,Chan031RtgAuxPick007
1,4441,0x1159,ECHO,CONSUMED,True,True,0,UNDECLARED,Chan031RtgAuxPick008
1,4442,0x115A,ECHO,CONSUMED,True,True,0,UNDECLARED,Chan031RtgAuxPick009
1,4443,0x115B,ECHO,CONSUMED,True,True,0,UNDECLARED,Chan031RtgAuxPick010
1,4444,0x115C,ECHO,CONSUMED,True,True,0,UNDECLARED,Chan031RtgAuxPick011
1,4445,0x115D,ECHO,CONSUMED,True,True,0,UNDECLARED,Chan031RtgAuxPick012
1,4446,0x115E,ECHO,CONSUMED,True,True,0,UNDECLARED,Chan031RtgFx001
1,4447,0x115F,ECHO,CONSUMED,True,True,0,UNDECLARED,Chan031RtgFx002
1,4448,0x1160,ECHO,CONSUMED,True,True,0,UNDECLARED,Chan031RtgFx003
1,4449,0x1161,ECHO,CONSUMED,True,True,0,UNDECLARED,Chan031RtgFx004
1,4450,0x1162,ECHO,CONSUMED,True,True,0,UNDECLARED,Chan031RtgFx005
1,4451,0x1163,ECHO,CONSUMED,True,True,0,UNDECLARED,Chan031RtgFx006
1,4452,0x1164,ECHO,CONSUMED,True,True,0,UNDECLARED,Chan031RtgFxSend001
1,4453,0x1165,ECHO,CONSUMED,True,True,0,UNDECLARED,Chan031RtgFxSend002
1,4454,0x1166,ECHO,CONSUMED,True,True,0,UNDECLARED,Chan031RtgFxSend003
1,4455,0x1167,ECHO,CONSUMED,True,True,0,UNDECLARED,Chan031RtgFxSend004
1,4456,0x1168,ECHO,CONSUMED,True,True,0,UNDECLARED,Chan031RtgFxSend005
1,4457,0x1169,ECHO,CONSUMED,True,True,0,UNDECLARED,Chan031RtgFxSend006
1,4458,0x116A,ECHO,CONSUMED,True,True,0,UNDECLARED,Chan031RtgFxPick001
1,4459,0x116B,ECHO,CONSUMED,True,True,0,UNDECLARED,Chan031RtgFxPick002
1,4460,0x116C,ECHO,CONSUMED,True,True,0,UNDECLARED,Chan031RtgFxPick003
1,4461,0x116D,ECHO,CONSUMED,True,True,0,UNDECLARED,Chan031RtgFxPick004
1,4462,0x116E,ECHO,CONSUMED,True,True,0,UNDECLARED,Chan031RtgFxPick005
1,4463,0x116F,ECHO,CONSUMED,True,True,0,UNDECLARED,Chan031RtgFxPick006
1,4464,0x1170,ECHO,CONSUMED,True,True,0,UNDECLARED,Chan032Gain001
1,4465,0x1171,ECHO,CONSUMED,True,True,0,bool 0/1,Chan032Pol001
1,4466,0x1172,UNMAPPED,UNMAPPED,False,False,3,UNDECLARED,Chan032Phantom001
1,4467,0x1173,UNMAPPED,UNMAPPED,False,False,3,UNDECLARED,Chan032InputSel001
1,4468,0x1174,ECHO,CONSUMED,True,True,0,UNDECLARED,Chan032EqHpf001 Chan032EqHpfSlope001
1,4469,0x1175,ECHO,CONSUMED,True,True,0,UNDECLARED,
1,4470,0x1176,ECHO,CONSUMED,True,True,0,UNDECLARED,
1,4471,0x1177,ECHO,CONSUMED,True,True,0,UNDECLARED,
1,4472,0x1178,ECHO,CONSUMED,True,True,0,UNDECLARED,
1,4473,0x1179,CLEARED,CONSUMED,True,True,0,UNDECLARED,
1,4474,0x117A,ECHO,CONSUMED,True,True,0,UNDECLARED,Chan032EqLpf001
1,4475,0x117B,ECHO,CONSUMED,True,True,0,UNDECLARED,
1,4476,0x117C,ECHO,CONSUMED,True,True,0,UNDECLARED,
1,4477,0x117D,ECHO,CONSUMED,True,True,0,UNDECLARED,
1,4478,0x117E,ECHO,CONSUMED,True,True,0,UNDECLARED,
1,4479,0x117F,CLEARED,CONSUMED,True,True,0,UNDECLARED,
1,4480,0x1180,ECHO,CONSUMED,True,True,0,UNDECLARED,Chan032EqFreq001 Chan032EqGain001 Chan032EqQ001 Chan032EqShelf001
1,4481,0x1181,ECHO,CONSUMED,True,True,0,UNDECLARED,
1,4482,0x1182,ECHO,CONSUMED,True,True,0,UNDECLARED,
1,4483,0x1183,ECHO,CONSUMED,True,True,0,UNDECLARED,
1,4484,0x1184,ECHO,CONSUMED,True,True,0,UNDECLARED,
1,4485,0x1185,ECHO,CONSUMED,True,True,0,UNDECLARED,Chan032EqFreq002 Chan032EqGain002 Chan032EqQ002
1,4486,0x1186,ECHO,CONSUMED,True,True,0,UNDECLARED,
1,4487,0x1187,ECHO,CONSUMED,True,True,0,UNDECLARED,
1,4488,0x1188,ECHO,CONSUMED,True,True,0,UNDECLARED,
1,4489,0x1189,ECHO,CONSUMED,True,True,0,UNDECLARED,
1,4490,0x118A,ECHO,CONSUMED,True,True,0,UNDECLARED,Chan032EqFreq003 Chan032EqGain003 Chan032EqQ003
1,4491,0x118B,ECHO,CONSUMED,True,True,0,UNDECLARED,
1,4492,0x118C,ECHO,CONSUMED,True,True,0,UNDECLARED,
1,4493,0x118D,ECHO,CONSUMED,True,True,0,UNDECLARED,
1,4494,0x118E,ECHO,CONSUMED,True,True,0,UNDECLARED,
1,4495,0x118F,ECHO,CONSUMED,True,True,0,UNDECLARED,Chan032EqFreq004 Chan032EqGain004 Chan032EqQ004 Chan032EqShelf002
1,4496,0x1190,ECHO,CONSUMED,True,True,0,UNDECLARED,
1,4497,0x1191,ECHO,CONSUMED,True,True,0,UNDECLARED,
1,4498,0x1192,ECHO,CONSUMED,True,True,0,UNDECLARED,
1,4499,0x1193,ECHO,CONSUMED,True,True,0,UNDECLARED,
1,4500,0x1194,CLEARED,CONSUMED,True,True,0,UNDECLARED,
1,4501,0x1195,UNMAPPED,UNMAPPED,False,False,4,UNDECLARED,Chan032EqOn001
1,4502,0x1196,UNMAPPED,UNMAPPED,False,False,4,UNDECLARED,
1,4503,0x1197,UNMAPPED,UNMAPPED,False,False,4,UNDECLARED,
1,4504,0x1198,ECHO,CONSUMED,True,True,0,UNDECLARED,Chan032GateOn001
1,4505,0x1199,ECHO,CONSUMED,True,True,0,UNDECLARED,Chan032GateThr001
1,4506,0x119A,ECHO,CONSUMED,True,True,0,ms (log table),Chan032GateAtt001
1,4507,0x119B,ECHO,CONSUMED,True,True,0,ms,Chan032GateHold001
1,4508,0x119C,ECHO,CONSUMED,True,True,0,ms (log table),Chan032GateRel001
1,4509,0x119D,ECHO,CONSUMED,True,True,0,dB,Chan032GateRng001
1,4510,0x119E,ECHO,INERT,True,True,0,UNDECLARED,Chan032GateKey001
1,4511,0x119F,ECHO,INERT,True,True,0,UNDECLARED,Chan032GateDetSrc001
1,4512,0x11A0,ECHO,CONSUMED,True,True,0,UNDECLARED,Chan032GateFilterOn001
1,4513,0x11A1,ECHO,CONSUMED,True,True,0,UNDECLARED,Chan032GateFilterHpf001 Chan032GateFilterQ001
1,4514,0x11A2,ECHO,CONSUMED,True,True,0,UNDECLARED,
1,4515,0x11A3,ECHO,CONSUMED,True,True,0,UNDECLARED,
1,4516,0x11A4,ECHO,CONSUMED,True,True,0,UNDECLARED,
1,4517,0x11A5,ECHO,CONSUMED,True,True,0,UNDECLARED,
1,4518,0x11A6,ECHO,CONSUMED,True,True,0,UNDECLARED,Chan032GateFilterLpf001
1,4519,0x11A7,ECHO,CONSUMED,True,True,0,UNDECLARED,
1,4520,0x11A8,ECHO,CONSUMED,True,True,0,UNDECLARED,Chan032CompOn001
1,4521,0x11A9,ECHO,CONSUMED,True,True,0,UNDECLARED,Chan032CompThr001
1,4522,0x11AA,ECHO,CONSUMED,True,True,0,UNDECLARED,Chan032CompRat001
1,4523,0x11AB,ECHO,CONSUMED,True,True,0,ms (log table),Chan032CompAtt001
1,4524,0x11AC,ECHO,CONSUMED,True,True,0,ms (log table),Chan032CompRel001
1,4525,0x11AD,ECHO,CONSUMED,True,True,0,UNDECLARED,Chan032CompMake001
1,4526,0x11AE,ECHO,CONSUMED,True,True,0,UNDECLARED,Chan032CompKnee001
1,4527,0x11AF,ECHO,CONSUMED,True,True,0,percent 0-100,Chan032CompPar001
1,4528,0x11B0,ECHO,INERT,True,True,0,UNDECLARED,Chan032CompType001
1,4529,0x11B1,ECHO,INERT,True,True,0,UNDECLARED,Chan032CompKey001
1,4530,0x11B2,ECHO,INERT,True,True,0,UNDECLARED,Chan032CompDetSrc001
1,4531,0x11B3,ECHO,INERT,True,True,0,UNDECLARED,Chan032CompLimMode001
1,4532,0x11B4,ECHO,INERT,True,True,0,UNDECLARED,Chan032CompEqPos001
1,4533,0x11B5,ECHO,INERT,True,True,0,UNDECLARED,Chan032CompFilterOn001
1,4534,0x11B6,ECHO,INERT,True,True,0,UNDECLARED,Chan032CompFilterHpf001 Chan032CompFilterLpf001 Chan032CompFilterQ001
1,4535,0x11B7,ECHO,INERT,True,True,0,UNDECLARED,
1,4536,0x11B8,ECHO,INERT,True,True,0,UNDECLARED,
1,4537,0x11B9,ECHO,INERT,True,True,0,UNDECLARED,
1,4538,0x11BA,ECHO,INERT,True,True,0,UNDECLARED,
1,4539,0x11BB,ECHO,INERT,True,True,0,UNDECLARED,
1,4540,0x11BC,ECHO,CONSUMED,True,True,0,UNDECLARED,Chan032TubeOn001
1,4541,0x11BD,ECHO,CONSUMED,True,True,0,UNDECLARED,Chan032TubeSat001
1,4542,0x11BE,ECHO,CONSUMED,True,True,0,ms,Chan032Delay001
1,4543,0x11BF,ECHO,CONSUMED,True,True,0,UNDECLARED,
1,4544,0x11C0,ECHO,CONSUMED,True,True,0,UNDECLARED,Chan032RtgLevel001
1,4545,0x11C1,ECHO,CONSUMED,True,True,0,UNDECLARED,Chan032RtgPan001
1,4546,0x11C2,ECHO,CONSUMED,True,True,0,bool 0/1,Chan032RtgMute001
1,4547,0x11C3,ECHO,CONSUMED,True,True,0,UNDECLARED,Chan032RtgDca001
1,4548,0x11C4,ECHO,CONSUMED,True,True,0,UNDECLARED,Chan032RtgMainOn001
1,4549,0x11C5,ECHO,CONSUMED,True,True,0,UNDECLARED,Chan032RtgCtrOn001
1,4550,0x11C6,ECHO,CONSUMED,True,True,0,UNDECLARED,Chan032RtgGrpOn001
1,4551,0x11C7,ECHO,CONSUMED,True,True,0,UNDECLARED,Chan032RtgGrpOn002
1,4552,0x11C8,ECHO,CONSUMED,True,True,0,UNDECLARED,Chan032RtgGrpOn003
1,4553,0x11C9,ECHO,CONSUMED,True,True,0,UNDECLARED,Chan032RtgGrpOn004
1,4554,0x11CA,ECHO,CONSUMED,True,True,0,UNDECLARED,Chan032RtgAuxOn001
1,4555,0x11CB,ECHO,CONSUMED,True,True,0,UNDECLARED,Chan032RtgAuxOn002
1,4556,0x11CC,ECHO,CONSUMED,True,True,0,UNDECLARED,Chan032RtgAuxOn003
1,4557,0x11CD,ECHO,CONSUMED,True,True,0,UNDECLARED,Chan032RtgAuxOn004
1,4558,0x11CE,ECHO,CONSUMED,True,True,0,UNDECLARED,Chan032RtgAuxOn005
1,4559,0x11CF,ECHO,CONSUMED,True,True,0,UNDECLARED,Chan032RtgAuxOn006
1,4560,0x11D0,ECHO,CONSUMED,True,True,0,UNDECLARED,Chan032RtgAuxOn007
1,4561,0x11D1,ECHO,CONSUMED,True,True,0,UNDECLARED,Chan032RtgAuxOn008
1,4562,0x11D2,ECHO,CONSUMED,True,True,0,UNDECLARED,Chan032RtgAuxOn009
1,4563,0x11D3,ECHO,CONSUMED,True,True,0,UNDECLARED,Chan032RtgAuxOn010
1,4564,0x11D4,ECHO,CONSUMED,True,True,0,UNDECLARED,Chan032RtgAuxOn011
1,4565,0x11D5,ECHO,CONSUMED,True,True,0,UNDECLARED,Chan032RtgAuxOn012
1,4566,0x11D6,ECHO,CONSUMED,True,True,0,UNDECLARED,Chan032RtgAuxSend001
1,4567,0x11D7,ECHO,CONSUMED,True,True,0,UNDECLARED,Chan032RtgAuxSend002
1,4568,0x11D8,ECHO,CONSUMED,True,True,0,UNDECLARED,Chan032RtgAuxSend003
1,4569,0x11D9,ECHO,CONSUMED,True,True,0,UNDECLARED,Chan032RtgAuxSend004
1,4570,0x11DA,ECHO,CONSUMED,True,True,0,UNDECLARED,Chan032RtgAuxSend005
1,4571,0x11DB,ECHO,CONSUMED,True,True,0,UNDECLARED,Chan032RtgAuxSend006
1,4572,0x11DC,ECHO,CONSUMED,True,True,0,UNDECLARED,Chan032RtgAuxSend007
1,4573,0x11DD,ECHO,CONSUMED,True,True,0,UNDECLARED,Chan032RtgAuxSend008
1,4574,0x11DE,ECHO,CONSUMED,True,True,0,UNDECLARED,Chan032RtgAuxSend009
1,4575,0x11DF,ECHO,CONSUMED,True,True,0,UNDECLARED,Chan032RtgAuxSend010
1,4576,0x11E0,ECHO,CONSUMED,True,True,0,UNDECLARED,Chan032RtgAuxSend011
1,4577,0x11E1,ECHO,CONSUMED,True,True,0,UNDECLARED,Chan032RtgAuxSend012
1,4578,0x11E2,ECHO,CONSUMED,True,True,0,UNDECLARED,Chan032RtgAuxPick001
1,4579,0x11E3,ECHO,CONSUMED,True,True,0,UNDECLARED,Chan032RtgAuxPick002
1,4580,0x11E4,ECHO,CONSUMED,True,True,0,UNDECLARED,Chan032RtgAuxPick003
1,4581,0x11E5,ECHO,CONSUMED,True,True,0,UNDECLARED,Chan032RtgAuxPick004
1,4582,0x11E6,ECHO,CONSUMED,True,True,0,UNDECLARED,Chan032RtgAuxPick005
1,4583,0x11E7,ECHO,CONSUMED,True,True,0,UNDECLARED,Chan032RtgAuxPick006
1,4584,0x11E8,ECHO,CONSUMED,True,True,0,UNDECLARED,Chan032RtgAuxPick007
1,4585,0x11E9,ECHO,CONSUMED,True,True,0,UNDECLARED,Chan032RtgAuxPick008
1,4586,0x11EA,ECHO,CONSUMED,True,True,0,UNDECLARED,Chan032RtgAuxPick009
1,4587,0x11EB,ECHO,CONSUMED,True,True,0,UNDECLARED,Chan032RtgAuxPick010
1,4588,0x11EC,ECHO,CONSUMED,True,True,0,UNDECLARED,Chan032RtgAuxPick011
1,4589,0x11ED,ECHO,CONSUMED,True,True,0,UNDECLARED,Chan032RtgAuxPick012
1,4590,0x11EE,ECHO,CONSUMED,True,True,0,UNDECLARED,Chan032RtgFx001
1,4591,0x11EF,ECHO,CONSUMED,True,True,0,UNDECLARED,Chan032RtgFx002
1,4592,0x11F0,ECHO,CONSUMED,True,True,0,UNDECLARED,Chan032RtgFx003
1,4593,0x11F1,ECHO,CONSUMED,True,True,0,UNDECLARED,Chan032RtgFx004
1,4594,0x11F2,ECHO,CONSUMED,True,True,0,UNDECLARED,Chan032RtgFx005
1,4595,0x11F3,ECHO,CONSUMED,True,True,0,UNDECLARED,Chan032RtgFx006
1,4596,0x11F4,ECHO,CONSUMED,True,True,0,UNDECLARED,Chan032RtgFxSend001
1,4597,0x11F5,ECHO,CONSUMED,True,True,0,UNDECLARED,Chan032RtgFxSend002
1,4598,0x11F6,ECHO,CONSUMED,True,True,0,UNDECLARED,Chan032RtgFxSend003
1,4599,0x11F7,ECHO,CONSUMED,True,True,0,UNDECLARED,Chan032RtgFxSend004
1,4600,0x11F8,ECHO,CONSUMED,True,True,0,UNDECLARED,Chan032RtgFxSend005
1,4601,0x11F9,ECHO,CONSUMED,True,True,0,UNDECLARED,Chan032RtgFxSend006
1,4602,0x11FA,ECHO,CONSUMED,True,True,0,UNDECLARED,Chan032RtgFxPick001
1,4603,0x11FB,ECHO,CONSUMED,True,True,0,UNDECLARED,Chan032RtgFxPick002
1,4604,0x11FC,ECHO,CONSUMED,True,True,0,UNDECLARED,Chan032RtgFxPick003
1,4605,0x11FD,ECHO,CONSUMED,True,True,0,UNDECLARED,Chan032RtgFxPick004
1,4606,0x11FE,ECHO,CONSUMED,True,True,0,UNDECLARED,Chan032RtgFxPick005
1,4607,0x11FF,ECHO,CONSUMED,True,True,0,UNDECLARED,Chan032RtgFxPick006
1,4608,0x1200,SKIPPED_METER,CONSUMED,True,True,0,dBFS readback,AaChan001Mtr001
1,4609,0x1201,SKIPPED_METER,OFFSET_REACH,True,True,0,dBFS readback,AaChan001Mtr002
1,4610,0x1202,SKIPPED_METER,OFFSET_REACH,True,True,0,dBFS readback,AaChan001GateMtr001
1,4611,0x1203,SKIPPED_METER,UNMAPPED,False,False,1,dBFS readback,AaChan001CompMtr001
1,4612,0x1204,SKIPPED_METER,CONSUMED,True,True,0,dBFS readback,AaChan002Mtr001
1,4613,0x1205,SKIPPED_METER,OFFSET_REACH,True,True,0,dBFS readback,AaChan002Mtr002
1,4614,0x1206,SKIPPED_METER,OFFSET_REACH,True,True,0,dBFS readback,AaChan002GateMtr001
1,4615,0x1207,SKIPPED_METER,UNMAPPED,False,False,1,dBFS readback,AaChan002CompMtr001
1,4616,0x1208,SKIPPED_METER,CONSUMED,True,True,0,dBFS readback,AaChan003Mtr001
1,4617,0x1209,SKIPPED_METER,OFFSET_REACH,True,True,0,dBFS readback,AaChan003Mtr002
1,4618,0x120A,SKIPPED_METER,OFFSET_REACH,True,True,0,dBFS readback,AaChan003GateMtr001
1,4619,0x120B,SKIPPED_METER,UNMAPPED,False,False,1,dBFS readback,AaChan003CompMtr001
1,4620,0x120C,SKIPPED_METER,CONSUMED,True,True,0,dBFS readback,AaChan004Mtr001
1,4621,0x120D,SKIPPED_METER,OFFSET_REACH,True,True,0,dBFS readback,AaChan004Mtr002
1,4622,0x120E,SKIPPED_METER,OFFSET_REACH,True,True,0,dBFS readback,AaChan004GateMtr001
1,4623,0x120F,SKIPPED_METER,UNMAPPED,False,False,1,dBFS readback,AaChan004CompMtr001
1,4624,0x1210,SKIPPED_METER,CONSUMED,True,True,0,dBFS readback,AaChan005Mtr001
1,4625,0x1211,SKIPPED_METER,OFFSET_REACH,True,True,0,dBFS readback,AaChan005Mtr002
1,4626,0x1212,SKIPPED_METER,OFFSET_REACH,True,True,0,dBFS readback,AaChan005GateMtr001
1,4627,0x1213,SKIPPED_METER,UNMAPPED,False,False,1,dBFS readback,AaChan005CompMtr001
1,4628,0x1214,SKIPPED_METER,CONSUMED,True,True,0,dBFS readback,AaChan006Mtr001
1,4629,0x1215,SKIPPED_METER,OFFSET_REACH,True,True,0,dBFS readback,AaChan006Mtr002
1,4630,0x1216,SKIPPED_METER,OFFSET_REACH,True,True,0,dBFS readback,AaChan006GateMtr001
1,4631,0x1217,SKIPPED_METER,UNMAPPED,False,False,1,dBFS readback,AaChan006CompMtr001
1,4632,0x1218,SKIPPED_METER,CONSUMED,True,True,0,dBFS readback,AaChan007Mtr001
1,4633,0x1219,SKIPPED_METER,OFFSET_REACH,True,True,0,dBFS readback,AaChan007Mtr002
1,4634,0x121A,SKIPPED_METER,OFFSET_REACH,True,True,0,dBFS readback,AaChan007GateMtr001
1,4635,0x121B,SKIPPED_METER,UNMAPPED,False,False,1,dBFS readback,AaChan007CompMtr001
1,4636,0x121C,SKIPPED_METER,CONSUMED,True,True,0,dBFS readback,AaChan008Mtr001
1,4637,0x121D,SKIPPED_METER,OFFSET_REACH,True,True,0,dBFS readback,AaChan008Mtr002
1,4638,0x121E,SKIPPED_METER,OFFSET_REACH,True,True,0,dBFS readback,AaChan008GateMtr001
1,4639,0x121F,SKIPPED_METER,UNMAPPED,False,False,1,dBFS readback,AaChan008CompMtr001
1,4640,0x1220,SKIPPED_METER,CONSUMED,True,True,0,dBFS readback,AaChan009Mtr001
1,4641,0x1221,SKIPPED_METER,OFFSET_REACH,True,True,0,dBFS readback,AaChan009Mtr002
1,4642,0x1222,SKIPPED_METER,OFFSET_REACH,True,True,0,dBFS readback,AaChan009GateMtr001
1,4643,0x1223,SKIPPED_METER,UNMAPPED,False,False,1,dBFS readback,AaChan009CompMtr001
1,4644,0x1224,SKIPPED_METER,CONSUMED,True,True,0,dBFS readback,AaChan010Mtr001
1,4645,0x1225,SKIPPED_METER,OFFSET_REACH,True,True,0,dBFS readback,AaChan010Mtr002
1,4646,0x1226,SKIPPED_METER,OFFSET_REACH,True,True,0,dBFS readback,AaChan010GateMtr001
1,4647,0x1227,SKIPPED_METER,UNMAPPED,False,False,1,dBFS readback,AaChan010CompMtr001
1,4648,0x1228,SKIPPED_METER,CONSUMED,True,True,0,dBFS readback,AaChan011Mtr001
1,4649,0x1229,SKIPPED_METER,OFFSET_REACH,True,True,0,dBFS readback,AaChan011Mtr002
1,4650,0x122A,SKIPPED_METER,OFFSET_REACH,True,True,0,dBFS readback,AaChan011GateMtr001
1,4651,0x122B,SKIPPED_METER,UNMAPPED,False,False,1,dBFS readback,AaChan011CompMtr001
1,4652,0x122C,SKIPPED_METER,CONSUMED,True,True,0,dBFS readback,AaChan012Mtr001
1,4653,0x122D,SKIPPED_METER,OFFSET_REACH,True,True,0,dBFS readback,AaChan012Mtr002
1,4654,0x122E,SKIPPED_METER,OFFSET_REACH,True,True,0,dBFS readback,AaChan012GateMtr001
1,4655,0x122F,SKIPPED_METER,UNMAPPED,False,False,1,dBFS readback,AaChan012CompMtr001
1,4656,0x1230,SKIPPED_METER,CONSUMED,True,True,0,dBFS readback,AaChan013Mtr001
1,4657,0x1231,SKIPPED_METER,OFFSET_REACH,True,True,0,dBFS readback,AaChan013Mtr002
1,4658,0x1232,SKIPPED_METER,OFFSET_REACH,True,True,0,dBFS readback,AaChan013GateMtr001
1,4659,0x1233,SKIPPED_METER,UNMAPPED,False,False,1,dBFS readback,AaChan013CompMtr001
1,4660,0x1234,SKIPPED_METER,CONSUMED,True,True,0,dBFS readback,AaChan014Mtr001
1,4661,0x1235,SKIPPED_METER,OFFSET_REACH,True,True,0,dBFS readback,AaChan014Mtr002
1,4662,0x1236,SKIPPED_METER,OFFSET_REACH,True,True,0,dBFS readback,AaChan014GateMtr001
1,4663,0x1237,SKIPPED_METER,UNMAPPED,False,False,1,dBFS readback,AaChan014CompMtr001
1,4664,0x1238,SKIPPED_METER,CONSUMED,True,True,0,dBFS readback,AaChan015Mtr001
1,4665,0x1239,SKIPPED_METER,OFFSET_REACH,True,True,0,dBFS readback,AaChan015Mtr002
1,4666,0x123A,SKIPPED_METER,OFFSET_REACH,True,True,0,dBFS readback,AaChan015GateMtr001
1,4667,0x123B,SKIPPED_METER,UNMAPPED,False,False,1,dBFS readback,AaChan015CompMtr001
1,4668,0x123C,SKIPPED_METER,CONSUMED,True,True,0,dBFS readback,AaChan016Mtr001
1,4669,0x123D,SKIPPED_METER,OFFSET_REACH,True,True,0,dBFS readback,AaChan016Mtr002
1,4670,0x123E,SKIPPED_METER,OFFSET_REACH,True,True,0,dBFS readback,AaChan016GateMtr001
1,4671,0x123F,SKIPPED_METER,UNMAPPED,False,False,1,dBFS readback,AaChan016CompMtr001
1,4672,0x1240,SKIPPED_METER,CONSUMED,True,True,0,dBFS readback,AaChan017Mtr001
1,4673,0x1241,SKIPPED_METER,OFFSET_REACH,True,True,0,dBFS readback,AaChan017Mtr002
1,4674,0x1242,SKIPPED_METER,OFFSET_REACH,True,True,0,dBFS readback,AaChan017GateMtr001
1,4675,0x1243,SKIPPED_METER,UNMAPPED,False,False,1,dBFS readback,AaChan017CompMtr001
1,4676,0x1244,SKIPPED_METER,CONSUMED,True,True,0,dBFS readback,AaChan018Mtr001
1,4677,0x1245,SKIPPED_METER,OFFSET_REACH,True,True,0,dBFS readback,AaChan018Mtr002
1,4678,0x1246,SKIPPED_METER,OFFSET_REACH,True,True,0,dBFS readback,AaChan018GateMtr001
1,4679,0x1247,SKIPPED_METER,UNMAPPED,False,False,1,dBFS readback,AaChan018CompMtr001
1,4680,0x1248,SKIPPED_METER,CONSUMED,True,True,0,dBFS readback,AaChan019Mtr001
1,4681,0x1249,SKIPPED_METER,OFFSET_REACH,True,True,0,dBFS readback,AaChan019Mtr002
1,4682,0x124A,SKIPPED_METER,OFFSET_REACH,True,True,0,dBFS readback,AaChan019GateMtr001
1,4683,0x124B,SKIPPED_METER,UNMAPPED,False,False,1,dBFS readback,AaChan019CompMtr001
1,4684,0x124C,SKIPPED_METER,CONSUMED,True,True,0,dBFS readback,AaChan020Mtr001
1,4685,0x124D,SKIPPED_METER,OFFSET_REACH,True,True,0,dBFS readback,AaChan020Mtr002
1,4686,0x124E,SKIPPED_METER,OFFSET_REACH,True,True,0,dBFS readback,AaChan020GateMtr001
1,4687,0x124F,SKIPPED_METER,UNMAPPED,False,False,1,dBFS readback,AaChan020CompMtr001
1,4688,0x1250,SKIPPED_METER,CONSUMED,True,True,0,dBFS readback,AaChan021Mtr001
1,4689,0x1251,SKIPPED_METER,OFFSET_REACH,True,True,0,dBFS readback,AaChan021Mtr002
1,4690,0x1252,SKIPPED_METER,OFFSET_REACH,True,True,0,dBFS readback,AaChan021GateMtr001
1,4691,0x1253,SKIPPED_METER,UNMAPPED,False,False,1,dBFS readback,AaChan021CompMtr001
1,4692,0x1254,SKIPPED_METER,CONSUMED,True,True,0,dBFS readback,AaChan022Mtr001
1,4693,0x1255,SKIPPED_METER,OFFSET_REACH,True,True,0,dBFS readback,AaChan022Mtr002
1,4694,0x1256,SKIPPED_METER,OFFSET_REACH,True,True,0,dBFS readback,AaChan022GateMtr001
1,4695,0x1257,SKIPPED_METER,UNMAPPED,False,False,1,dBFS readback,AaChan022CompMtr001
1,4696,0x1258,SKIPPED_METER,CONSUMED,True,True,0,dBFS readback,AaChan023Mtr001
1,4697,0x1259,SKIPPED_METER,OFFSET_REACH,True,True,0,dBFS readback,AaChan023Mtr002
1,4698,0x125A,SKIPPED_METER,OFFSET_REACH,True,True,0,dBFS readback,AaChan023GateMtr001
1,4699,0x125B,SKIPPED_METER,UNMAPPED,False,False,1,dBFS readback,AaChan023CompMtr001
1,4700,0x125C,SKIPPED_METER,CONSUMED,True,True,0,dBFS readback,AaChan024Mtr001
1,4701,0x125D,SKIPPED_METER,OFFSET_REACH,True,True,0,dBFS readback,AaChan024Mtr002
1,4702,0x125E,SKIPPED_METER,OFFSET_REACH,True,True,0,dBFS readback,AaChan024GateMtr001
1,4703,0x125F,SKIPPED_METER,UNMAPPED,False,False,1,dBFS readback,AaChan024CompMtr001
1,4704,0x1260,SKIPPED_METER,CONSUMED,True,True,0,dBFS readback,AaChan025Mtr001
1,4705,0x1261,SKIPPED_METER,OFFSET_REACH,True,True,0,dBFS readback,AaChan025Mtr002
1,4706,0x1262,SKIPPED_METER,OFFSET_REACH,True,True,0,dBFS readback,AaChan025GateMtr001
1,4707,0x1263,SKIPPED_METER,UNMAPPED,False,False,1,dBFS readback,AaChan025CompMtr001
1,4708,0x1264,SKIPPED_METER,CONSUMED,True,True,0,dBFS readback,AaChan026Mtr001
1,4709,0x1265,SKIPPED_METER,OFFSET_REACH,True,True,0,dBFS readback,AaChan026Mtr002
1,4710,0x1266,SKIPPED_METER,OFFSET_REACH,True,True,0,dBFS readback,AaChan026GateMtr001
1,4711,0x1267,SKIPPED_METER,UNMAPPED,False,False,1,dBFS readback,AaChan026CompMtr001
1,4712,0x1268,SKIPPED_METER,CONSUMED,True,True,0,dBFS readback,AaChan027Mtr001
1,4713,0x1269,SKIPPED_METER,OFFSET_REACH,True,True,0,dBFS readback,AaChan027Mtr002
1,4714,0x126A,SKIPPED_METER,OFFSET_REACH,True,True,0,dBFS readback,AaChan027GateMtr001
1,4715,0x126B,SKIPPED_METER,UNMAPPED,False,False,1,dBFS readback,AaChan027CompMtr001
1,4716,0x126C,SKIPPED_METER,CONSUMED,True,True,0,dBFS readback,AaChan028Mtr001
1,4717,0x126D,SKIPPED_METER,OFFSET_REACH,True,True,0,dBFS readback,AaChan028Mtr002
1,4718,0x126E,SKIPPED_METER,OFFSET_REACH,True,True,0,dBFS readback,AaChan028GateMtr001
1,4719,0x126F,SKIPPED_METER,UNMAPPED,False,False,1,dBFS readback,AaChan028CompMtr001
1,4720,0x1270,SKIPPED_METER,CONSUMED,True,True,0,dBFS readback,AaChan029Mtr001
1,4721,0x1271,SKIPPED_METER,OFFSET_REACH,True,True,0,dBFS readback,AaChan029Mtr002
1,4722,0x1272,SKIPPED_METER,OFFSET_REACH,True,True,0,dBFS readback,AaChan029GateMtr001
1,4723,0x1273,SKIPPED_METER,UNMAPPED,False,False,1,dBFS readback,AaChan029CompMtr001
1,4724,0x1274,SKIPPED_METER,CONSUMED,True,True,0,dBFS readback,AaChan030Mtr001
1,4725,0x1275,SKIPPED_METER,OFFSET_REACH,True,True,0,dBFS readback,AaChan030Mtr002
1,4726,0x1276,SKIPPED_METER,OFFSET_REACH,True,True,0,dBFS readback,AaChan030GateMtr001
1,4727,0x1277,SKIPPED_METER,UNMAPPED,False,False,1,dBFS readback,AaChan030CompMtr001
1,4728,0x1278,SKIPPED_METER,CONSUMED,True,True,0,dBFS readback,AaChan031Mtr001
1,4729,0x1279,SKIPPED_METER,OFFSET_REACH,True,True,0,dBFS readback,AaChan031Mtr002
1,4730,0x127A,SKIPPED_METER,OFFSET_REACH,True,True,0,dBFS readback,AaChan031GateMtr001
1,4731,0x127B,SKIPPED_METER,UNMAPPED,False,False,1,dBFS readback,AaChan031CompMtr001
1,4732,0x127C,SKIPPED_METER,CONSUMED,True,True,0,dBFS readback,AaChan032Mtr001
1,4733,0x127D,SKIPPED_METER,OFFSET_REACH,True,True,0,dBFS readback,AaChan032Mtr002
1,4734,0x127E,SKIPPED_METER,OFFSET_REACH,True,True,0,dBFS readback,AaChan032GateMtr001
1,4735,0x127F,SKIPPED_METER,UNMAPPED,False,False,1,dBFS readback,AaChan032CompMtr001
1,4736,0x1280,ECHO,CONSUMED,True,True,0,UNDECLARED,Talk001On001
1,4737,0x1281,ECHO,CONSUMED,True,True,0,UNDECLARED,Talk001Gain001
1,4738,0x1282,ECHO,CONSUMED,True,True,0,UNDECLARED,Talk001Hpf001
1,4739,0x1283,ECHO,OFFSET_REACH,True,True,0,UNDECLARED,Talk001Rtg001
1,4740,0x1284,ECHO,CONSUMED,True,True,0,UNDECLARED,Talk002On001
1,4741,0x1285,ECHO,CONSUMED,True,True,0,UNDECLARED,Talk002Gain001
1,4742,0x1286,ECHO,CONSUMED,True,True,0,UNDECLARED,Talk002Hpf001
1,4743,0x1287,ECHO,OFFSET_REACH,True,True,0,UNDECLARED,Talk002Rtg001
1,4744,0x1288,ECHO,CONSUMED,True,True,0,UNDECLARED,Noise001On001
1,4745,0x1289,ECHO,CONSUMED,True,True,0,UNDECLARED,Noise001Level001
1,4746,0x128A,ECHO,CONSUMED,True,True,0,UNDECLARED,Noise001Hpf001
1,4747,0x128B,UNMAPPED,UNMAPPED,False,False,4,UNDECLARED,
1,4748,0x128C,UNMAPPED,UNMAPPED,False,False,3,UNDECLARED,
1,4749,0x128D,UNMAPPED,UNMAPPED,False,False,3,UNDECLARED,
1,4750,0x128E,UNMAPPED,UNMAPPED,False,False,3,UNDECLARED,
1,4751,0x128F,UNMAPPED,UNMAPPED,False,False,3,UNDECLARED,
1,4752,0x1290,UNMAPPED,UNMAPPED,False,False,3,UNDECLARED,
1,4753,0x1291,UNMAPPED,UNMAPPED,False,False,3,UNDECLARED,
1,4754,0x1292,UNMAPPED,UNMAPPED,False,False,3,UNDECLARED,
1,4755,0x1293,UNMAPPED,UNMAPPED,False,False,3,UNDECLARED,
1,4756,0x1294,UNMAPPED,UNMAPPED,False,False,3,UNDECLARED,
1,4757,0x1295,UNMAPPED,UNMAPPED,False,False,3,UNDECLARED,
1,4758,0x1296,UNMAPPED,UNMAPPED,False,False,3,UNDECLARED,
1,4759,0x1297,UNMAPPED,UNMAPPED,False,False,3,UNDECLARED,
1,4760,0x1298,UNMAPPED,UNMAPPED,False,False,3,UNDECLARED,
1,4761,0x1299,UNMAPPED,UNMAPPED,False,False,3,UNDECLARED,
1,4762,0x129A,UNMAPPED,UNMAPPED,False,False,3,UNDECLARED,
1,4763,0x129B,UNMAPPED,UNMAPPED,False,False,3,UNDECLARED,
1,4764,0x129C,UNMAPPED,UNMAPPED,False,False,3,UNDECLARED,
1,4765,0x129D,UNMAPPED,UNMAPPED,False,False,3,UNDECLARED,
1,4766,0x129E,UNMAPPED,UNMAPPED,False,False,3,UNDECLARED,
1,4767,0x129F,UNMAPPED,UNMAPPED,False,False,3,UNDECLARED,
1,4768,0x12A0,UNMAPPED,UNMAPPED,False,False,3,UNDECLARED,
1,4769,0x12A1,UNMAPPED,UNMAPPED,False,False,3,UNDECLARED,
1,4770,0x12A2,UNMAPPED,UNMAPPED,False,False,3,UNDECLARED,
1,4771,0x12A3,UNMAPPED,UNMAPPED,False,False,3,UNDECLARED,
1,4772,0x12A4,UNMAPPED,UNMAPPED,False,False,3,UNDECLARED,
1,4773,0x12A5,UNMAPPED,UNMAPPED,False,False,3,UNDECLARED,
1,4774,0x12A6,UNMAPPED,UNMAPPED,False,False,3,UNDECLARED,
1,4775,0x12A7,UNMAPPED,UNMAPPED,False,False,3,UNDECLARED,
1,4776,0x12A8,UNMAPPED,UNMAPPED,False,False,3,UNDECLARED,
1,4777,0x12A9,UNMAPPED,UNMAPPED,False,False,3,UNDECLARED,
1,4778,0x12AA,UNMAPPED,UNMAPPED,False,False,3,UNDECLARED,
1,4779,0x12AB,UNMAPPED,UNMAPPED,False,False,3,UNDECLARED,
1,4780,0x12AC,UNMAPPED,UNMAPPED,False,False,3,UNDECLARED,
1,4781,0x12AD,UNMAPPED,UNMAPPED,False,False,3,UNDECLARED,
1,4782,0x12AE,UNMAPPED,UNMAPPED,False,False,3,UNDECLARED,
1,4783,0x12AF,UNMAPPED,UNMAPPED,False,False,3,UNDECLARED,
1,4784,0x12B0,UNMAPPED,UNMAPPED,False,False,3,UNDECLARED,
1,4785,0x12B1,UNMAPPED,UNMAPPED,False,False,3,UNDECLARED,
1,4786,0x12B2,UNMAPPED,UNMAPPED,False,False,3,UNDECLARED,
1,4787,0x12B3,UNMAPPED,UNMAPPED,False,False,3,UNDECLARED,
1,4788,0x12B4,UNMAPPED,UNMAPPED,False,False,3,UNDECLARED,
1,4789,0x12B5,UNMAPPED,UNMAPPED,False,False,3,UNDECLARED,
1,4790,0x12B6,UNMAPPED,UNMAPPED,False,False,3,UNDECLARED,
1,4791,0x12B7,UNMAPPED,UNMAPPED,False,False,3,UNDECLARED,
1,4792,0x12B8,UNMAPPED,UNMAPPED,False,False,3,UNDECLARED,
1,4793,0x12B9,UNMAPPED,UNMAPPED,False,False,3,UNDECLARED,
1,4794,0x12BA,UNMAPPED,UNMAPPED,False,False,3,UNDECLARED,
1,4795,0x12BB,UNMAPPED,UNMAPPED,False,False,3,UNDECLARED,
1,4796,0x12BC,UNMAPPED,UNMAPPED,False,False,3,UNDECLARED,
1,4797,0x12BD,UNMAPPED,UNMAPPED,False,False,3,UNDECLARED,
1,4798,0x12BE,UNMAPPED,UNMAPPED,False,False,4,UNDECLARED,
1,4799,0x12BF,UNMAPPED,UNMAPPED,False,False,4,UNDECLARED,
2,0,0x0000,ECHO,CONSUMED,True,True,0,UNDECLARED,Aux001RtgLevel001
2,1,0x0001,ECHO,CONSUMED,True,True,0,UNDECLARED,Aux001Pan001
2,2,0x0002,ECHO,CONSUMED,True,True,0,UNDECLARED,Aux001RtgMute001
2,3,0x0003,ECHO,CONSUMED,True,True,0,UNDECLARED,Aux001RtgDca001
2,4,0x0004,ECHO,CONSUMED,True,True,0,UNDECLARED,Aux001EqFreq001 Aux001EqGain001 Aux001EqHpf001 Aux001EqQ001 Aux001EqShelf001
2,5,0x0005,ECHO,CONSUMED,True,True,0,UNDECLARED,
2,6,0x0006,ECHO,CONSUMED,True,True,0,UNDECLARED,
2,7,0x0007,ECHO,CONSUMED,True,True,0,UNDECLARED,
2,8,0x0008,ECHO,CONSUMED,True,True,0,UNDECLARED,
2,9,0x0009,ECHO,CONSUMED,True,True,0,UNDECLARED,Aux001EqFreq002 Aux001EqGain002 Aux001EqQ002
2,10,0x000A,ECHO,CONSUMED,True,True,0,UNDECLARED,
2,11,0x000B,ECHO,CONSUMED,True,True,0,UNDECLARED,
2,12,0x000C,ECHO,CONSUMED,True,True,0,UNDECLARED,
2,13,0x000D,ECHO,CONSUMED,True,True,0,UNDECLARED,
2,14,0x000E,ECHO,CONSUMED,True,True,0,UNDECLARED,Aux001EqFreq003 Aux001EqGain003 Aux001EqQ003
2,15,0x000F,ECHO,CONSUMED,True,True,0,UNDECLARED,
2,16,0x0010,ECHO,CONSUMED,True,True,0,UNDECLARED,
2,17,0x0011,ECHO,CONSUMED,True,True,0,UNDECLARED,
2,18,0x0012,ECHO,CONSUMED,True,True,0,UNDECLARED,
2,19,0x0013,ECHO,CONSUMED,True,True,0,UNDECLARED,Aux001EqFreq004 Aux001EqGain004 Aux001EqQ004 Aux001EqShelf002
2,20,0x0014,ECHO,CONSUMED,True,True,0,UNDECLARED,
2,21,0x0015,ECHO,CONSUMED,True,True,0,UNDECLARED,
2,22,0x0016,ECHO,CONSUMED,True,True,0,UNDECLARED,
2,23,0x0017,ECHO,CONSUMED,True,True,0,UNDECLARED,
2,24,0x0018,CLEARED,CONSUMED,True,True,0,UNDECLARED,
2,25,0x0019,UNMAPPED,UNMAPPED,False,False,4,UNDECLARED,Aux001EqOn001
2,26,0x001A,UNMAPPED,UNMAPPED,False,False,4,UNDECLARED,
2,27,0x001B,UNMAPPED,UNMAPPED,False,False,4,UNDECLARED,
2,28,0x001C,ECHO,CONSUMED,True,True,0,UNDECLARED,Aux001Geq001
2,29,0x001D,ECHO,CONSUMED,True,True,0,UNDECLARED,Aux001Geq002
2,30,0x001E,ECHO,CONSUMED,True,True,0,UNDECLARED,Aux001Geq003
2,31,0x001F,ECHO,CONSUMED,True,True,0,UNDECLARED,Aux001Geq004
2,32,0x0020,ECHO,CONSUMED,True,True,0,UNDECLARED,Aux001Geq005
2,33,0x0021,ECHO,CONSUMED,True,True,0,UNDECLARED,Aux001Geq006
2,34,0x0022,ECHO,CONSUMED,True,True,0,UNDECLARED,Aux001Geq007
2,35,0x0023,ECHO,CONSUMED,True,True,0,UNDECLARED,Aux001Geq008
2,36,0x0024,ECHO,CONSUMED,True,True,0,UNDECLARED,Aux001Geq009
2,37,0x0025,ECHO,CONSUMED,True,True,0,UNDECLARED,Aux001Geq010
2,38,0x0026,ECHO,CONSUMED,True,True,0,UNDECLARED,Aux001Geq011
2,39,0x0027,ECHO,CONSUMED,True,True,0,UNDECLARED,Aux001Geq012
2,40,0x0028,ECHO,CONSUMED,True,True,0,UNDECLARED,Aux001Geq013
2,41,0x0029,ECHO,CONSUMED,True,True,0,UNDECLARED,Aux001Geq014
2,42,0x002A,ECHO,CONSUMED,True,True,0,UNDECLARED,Aux001Geq015
2,43,0x002B,ECHO,CONSUMED,True,True,0,UNDECLARED,Aux001Geq016
2,44,0x002C,ECHO,CONSUMED,True,True,0,UNDECLARED,Aux001Geq017
2,45,0x002D,ECHO,CONSUMED,True,True,0,UNDECLARED,Aux001Geq018
2,46,0x002E,ECHO,CONSUMED,True,True,0,UNDECLARED,Aux001Geq019
2,47,0x002F,ECHO,CONSUMED,True,True,0,UNDECLARED,Aux001Geq020
2,48,0x0030,ECHO,CONSUMED,True,True,0,UNDECLARED,Aux001Geq021
2,49,0x0031,ECHO,CONSUMED,True,True,0,UNDECLARED,Aux001Geq022
2,50,0x0032,ECHO,CONSUMED,True,True,0,UNDECLARED,Aux001Geq023
2,51,0x0033,ECHO,CONSUMED,True,True,0,UNDECLARED,Aux001Geq024
2,52,0x0034,ECHO,CONSUMED,True,True,0,UNDECLARED,Aux001Geq025
2,53,0x0035,ECHO,CONSUMED,True,True,0,UNDECLARED,Aux001Geq026
2,54,0x0036,ECHO,CONSUMED,True,True,0,UNDECLARED,Aux001Geq027
2,55,0x0037,ECHO,CONSUMED,True,True,0,UNDECLARED,Aux001Geq028
2,56,0x0038,ECHO,INERT,True,True,0,UNDECLARED,Aux001AntiFbOn001
2,57,0x0039,ECHO,INERT,True,True,0,UNDECLARED,Aux001AntiFbCtrlOn001
2,58,0x003A,ECHO,INERT,True,True,0,UNDECLARED,Aux001AntiFbNotchFreq001
2,59,0x003B,ECHO,INERT,True,True,0,UNDECLARED,Aux001AntiFbNotchFreq002
2,60,0x003C,ECHO,INERT,True,True,0,UNDECLARED,Aux001AntiFbNotchFreq003
2,61,0x003D,ECHO,INERT,True,True,0,UNDECLARED,Aux001AntiFbNotchFreq004
2,62,0x003E,ECHO,INERT,True,True,0,UNDECLARED,Aux001AntiFbNotchFreq005
2,63,0x003F,ECHO,INERT,True,True,0,UNDECLARED,Aux001AntiFbNotchFreq006
2,64,0x0040,ECHO,INERT,True,True,0,UNDECLARED,Aux001AntiFbNotchGain001
2,65,0x0041,ECHO,INERT,True,True,0,UNDECLARED,Aux001AntiFbNotchGain002
2,66,0x0042,ECHO,INERT,True,True,0,UNDECLARED,Aux001AntiFbNotchGain003
2,67,0x0043,ECHO,INERT,True,True,0,UNDECLARED,Aux001AntiFbNotchGain004
2,68,0x0044,ECHO,INERT,True,True,0,UNDECLARED,Aux001AntiFbNotchGain005
2,69,0x0045,ECHO,INERT,True,True,0,UNDECLARED,Aux001AntiFbNotchGain006
2,70,0x0046,ECHO,INERT,True,True,0,UNDECLARED,Aux001AntiFbNotchQ001
2,71,0x0047,ECHO,INERT,True,True,0,UNDECLARED,Aux001AntiFbNotchQ002
2,72,0x0048,ECHO,INERT,True,True,0,UNDECLARED,Aux001AntiFbNotchQ003
2,73,0x0049,ECHO,INERT,True,True,0,UNDECLARED,Aux001AntiFbNotchQ004
2,74,0x004A,ECHO,INERT,True,True,0,UNDECLARED,Aux001AntiFbNotchQ005
2,75,0x004B,ECHO,INERT,True,True,0,UNDECLARED,Aux001AntiFbNotchQ006
2,76,0x004C,UNMAPPED,UNMAPPED,False,False,4,UNDECLARED,
2,77,0x004D,UNMAPPED,UNMAPPED,False,False,4,UNDECLARED,
2,78,0x004E,UNMAPPED,UNMAPPED,False,False,4,UNDECLARED,
2,79,0x004F,UNMAPPED,UNMAPPED,False,False,4,UNDECLARED,
2,80,0x0050,ECHO,CONSUMED,True,True,0,UNDECLARED,Aux001LimiterOn001
2,81,0x0051,ECHO,CONSUMED,True,True,0,UNDECLARED,Aux001LimiterThr001
2,82,0x0052,ECHO,CONSUMED,True,True,0,UNDECLARED,Aux001LimiterAtt001
2,83,0x0053,ECHO,CONSUMED,True,True,0,UNDECLARED,Aux001LimiterRel001
2,84,0x0054,ECHO,CONSUMED,True,True,0,UNDECLARED,Aux001Delay001
2,85,0x0055,ECHO,INERT,True,True,0,UNDECLARED,
2,86,0x0056,UNMAPPED,UNMAPPED,False,False,4,UNDECLARED,
2,87,0x0057,ECHO,CONSUMED,True,True,0,UNDECLARED,Aux002RtgLevel001
2,88,0x0058,ECHO,CONSUMED,True,True,0,UNDECLARED,Aux002Pan001
2,89,0x0059,ECHO,CONSUMED,True,True,0,UNDECLARED,Aux002RtgMute001
2,90,0x005A,ECHO,CONSUMED,True,True,0,UNDECLARED,Aux002RtgDca001
2,91,0x005B,ECHO,CONSUMED,True,True,0,UNDECLARED,Aux002EqFreq001 Aux002EqGain001 Aux002EqHpf001 Aux002EqQ001 Aux002EqShelf001
2,92,0x005C,ECHO,CONSUMED,True,True,0,UNDECLARED,
2,93,0x005D,ECHO,CONSUMED,True,True,0,UNDECLARED,
2,94,0x005E,ECHO,CONSUMED,True,True,0,UNDECLARED,
2,95,0x005F,ECHO,CONSUMED,True,True,0,UNDECLARED,
2,96,0x0060,ECHO,CONSUMED,True,True,0,UNDECLARED,Aux002EqFreq002 Aux002EqGain002 Aux002EqQ002
2,97,0x0061,ECHO,CONSUMED,True,True,0,UNDECLARED,
2,98,0x0062,ECHO,CONSUMED,True,True,0,UNDECLARED,
2,99,0x0063,ECHO,CONSUMED,True,True,0,UNDECLARED,
2,100,0x0064,ECHO,CONSUMED,True,True,0,UNDECLARED,
2,101,0x0065,ECHO,CONSUMED,True,True,0,UNDECLARED,Aux002EqFreq003 Aux002EqGain003 Aux002EqQ003
2,102,0x0066,ECHO,CONSUMED,True,True,0,UNDECLARED,
2,103,0x0067,ECHO,CONSUMED,True,True,0,UNDECLARED,
2,104,0x0068,ECHO,CONSUMED,True,True,0,UNDECLARED,
2,105,0x0069,ECHO,CONSUMED,True,True,0,UNDECLARED,
2,106,0x006A,ECHO,CONSUMED,True,True,0,UNDECLARED,Aux002EqFreq004 Aux002EqGain004 Aux002EqQ004 Aux002EqShelf002
2,107,0x006B,ECHO,CONSUMED,True,True,0,UNDECLARED,
2,108,0x006C,ECHO,CONSUMED,True,True,0,UNDECLARED,
2,109,0x006D,ECHO,CONSUMED,True,True,0,UNDECLARED,
2,110,0x006E,ECHO,CONSUMED,True,True,0,UNDECLARED,
2,111,0x006F,CLEARED,CONSUMED,True,True,0,UNDECLARED,
2,112,0x0070,UNMAPPED,UNMAPPED,False,False,4,UNDECLARED,Aux002EqOn001
2,113,0x0071,UNMAPPED,UNMAPPED,False,False,4,UNDECLARED,
2,114,0x0072,UNMAPPED,UNMAPPED,False,False,4,UNDECLARED,
2,115,0x0073,ECHO,CONSUMED,True,True,0,UNDECLARED,Aux002Geq001
2,116,0x0074,ECHO,CONSUMED,True,True,0,UNDECLARED,Aux002Geq002
2,117,0x0075,ECHO,CONSUMED,True,True,0,UNDECLARED,Aux002Geq003
2,118,0x0076,ECHO,CONSUMED,True,True,0,UNDECLARED,Aux002Geq004
2,119,0x0077,ECHO,CONSUMED,True,True,0,UNDECLARED,Aux002Geq005
2,120,0x0078,ECHO,CONSUMED,True,True,0,UNDECLARED,Aux002Geq006
2,121,0x0079,ECHO,CONSUMED,True,True,0,UNDECLARED,Aux002Geq007
2,122,0x007A,ECHO,CONSUMED,True,True,0,UNDECLARED,Aux002Geq008
2,123,0x007B,ECHO,CONSUMED,True,True,0,UNDECLARED,Aux002Geq009
2,124,0x007C,ECHO,CONSUMED,True,True,0,UNDECLARED,Aux002Geq010
2,125,0x007D,ECHO,CONSUMED,True,True,0,UNDECLARED,Aux002Geq011
2,126,0x007E,ECHO,CONSUMED,True,True,0,UNDECLARED,Aux002Geq012
2,127,0x007F,ECHO,CONSUMED,True,True,0,UNDECLARED,Aux002Geq013
2,128,0x0080,ECHO,CONSUMED,True,True,0,UNDECLARED,Aux002Geq014
2,129,0x0081,ECHO,CONSUMED,True,True,0,UNDECLARED,Aux002Geq015
2,130,0x0082,ECHO,CONSUMED,True,True,0,UNDECLARED,Aux002Geq016
2,131,0x0083,ECHO,CONSUMED,True,True,0,UNDECLARED,Aux002Geq017
2,132,0x0084,ECHO,CONSUMED,True,True,0,UNDECLARED,Aux002Geq018
2,133,0x0085,ECHO,CONSUMED,True,True,0,UNDECLARED,Aux002Geq019
2,134,0x0086,ECHO,CONSUMED,True,True,0,UNDECLARED,Aux002Geq020
2,135,0x0087,ECHO,CONSUMED,True,True,0,UNDECLARED,Aux002Geq021
2,136,0x0088,ECHO,CONSUMED,True,True,0,UNDECLARED,Aux002Geq022
2,137,0x0089,ECHO,CONSUMED,True,True,0,UNDECLARED,Aux002Geq023
2,138,0x008A,ECHO,CONSUMED,True,True,0,UNDECLARED,Aux002Geq024
2,139,0x008B,ECHO,CONSUMED,True,True,0,UNDECLARED,Aux002Geq025
2,140,0x008C,ECHO,CONSUMED,True,True,0,UNDECLARED,Aux002Geq026
2,141,0x008D,ECHO,CONSUMED,True,True,0,UNDECLARED,Aux002Geq027
2,142,0x008E,ECHO,CONSUMED,True,True,0,UNDECLARED,Aux002Geq028
2,143,0x008F,ECHO,INERT,True,True,0,UNDECLARED,Aux002AntiFbOn001
2,144,0x0090,ECHO,INERT,True,True,0,UNDECLARED,Aux002AntiFbCtrlOn001
2,145,0x0091,ECHO,INERT,True,True,0,UNDECLARED,Aux002AntiFbNotchFreq001
2,146,0x0092,ECHO,INERT,True,True,0,UNDECLARED,Aux002AntiFbNotchFreq002
2,147,0x0093,ECHO,INERT,True,True,0,UNDECLARED,Aux002AntiFbNotchFreq003
2,148,0x0094,ECHO,INERT,True,True,0,UNDECLARED,Aux002AntiFbNotchFreq004
2,149,0x0095,ECHO,INERT,True,True,0,UNDECLARED,Aux002AntiFbNotchFreq005
2,150,0x0096,ECHO,INERT,True,True,0,UNDECLARED,Aux002AntiFbNotchFreq006
2,151,0x0097,ECHO,INERT,True,True,0,UNDECLARED,Aux002AntiFbNotchGain001
2,152,0x0098,ECHO,INERT,True,True,0,UNDECLARED,Aux002AntiFbNotchGain002
2,153,0x0099,ECHO,INERT,True,True,0,UNDECLARED,Aux002AntiFbNotchGain003
2,154,0x009A,ECHO,INERT,True,True,0,UNDECLARED,Aux002AntiFbNotchGain004
2,155,0x009B,ECHO,INERT,True,True,0,UNDECLARED,Aux002AntiFbNotchGain005
2,156,0x009C,ECHO,INERT,True,True,0,UNDECLARED,Aux002AntiFbNotchGain006
2,157,0x009D,ECHO,INERT,True,True,0,UNDECLARED,Aux002AntiFbNotchQ001
2,158,0x009E,ECHO,INERT,True,True,0,UNDECLARED,Aux002AntiFbNotchQ002
2,159,0x009F,ECHO,INERT,True,True,0,UNDECLARED,Aux002AntiFbNotchQ003
2,160,0x00A0,ECHO,INERT,True,True,0,UNDECLARED,Aux002AntiFbNotchQ004
2,161,0x00A1,ECHO,INERT,True,True,0,UNDECLARED,Aux002AntiFbNotchQ005
2,162,0x00A2,ECHO,INERT,True,True,0,UNDECLARED,Aux002AntiFbNotchQ006
2,163,0x00A3,UNMAPPED,UNMAPPED,False,False,4,UNDECLARED,
2,164,0x00A4,UNMAPPED,UNMAPPED,False,False,4,UNDECLARED,
2,165,0x00A5,UNMAPPED,UNMAPPED,False,False,4,UNDECLARED,
2,166,0x00A6,UNMAPPED,UNMAPPED,False,False,4,UNDECLARED,
2,167,0x00A7,ECHO,CONSUMED,True,True,0,UNDECLARED,Aux002LimiterOn001
2,168,0x00A8,ECHO,CONSUMED,True,True,0,UNDECLARED,Aux002LimiterThr001
2,169,0x00A9,ECHO,CONSUMED,True,True,0,UNDECLARED,Aux002LimiterAtt001
2,170,0x00AA,ECHO,CONSUMED,True,True,0,UNDECLARED,Aux002LimiterRel001
2,171,0x00AB,ECHO,CONSUMED,True,True,0,UNDECLARED,Aux002Delay001
2,172,0x00AC,ECHO,INERT,True,True,0,UNDECLARED,
2,173,0x00AD,UNMAPPED,UNMAPPED,False,False,4,UNDECLARED,
2,174,0x00AE,ECHO,CONSUMED,True,True,0,UNDECLARED,Aux003RtgLevel001
2,175,0x00AF,ECHO,CONSUMED,True,True,0,UNDECLARED,Aux003Pan001
2,176,0x00B0,ECHO,CONSUMED,True,True,0,UNDECLARED,Aux003RtgMute001
2,177,0x00B1,ECHO,CONSUMED,True,True,0,UNDECLARED,Aux003RtgDca001
2,178,0x00B2,ECHO,CONSUMED,True,True,0,UNDECLARED,Aux003EqFreq001 Aux003EqGain001 Aux003EqHpf001 Aux003EqQ001 Aux003EqShelf001
2,179,0x00B3,ECHO,CONSUMED,True,True,0,UNDECLARED,
2,180,0x00B4,ECHO,CONSUMED,True,True,0,UNDECLARED,
2,181,0x00B5,ECHO,CONSUMED,True,True,0,UNDECLARED,
2,182,0x00B6,ECHO,CONSUMED,True,True,0,UNDECLARED,
2,183,0x00B7,ECHO,CONSUMED,True,True,0,UNDECLARED,Aux003EqFreq002 Aux003EqGain002 Aux003EqQ002
2,184,0x00B8,ECHO,CONSUMED,True,True,0,UNDECLARED,
2,185,0x00B9,ECHO,CONSUMED,True,True,0,UNDECLARED,
2,186,0x00BA,ECHO,CONSUMED,True,True,0,UNDECLARED,
2,187,0x00BB,ECHO,CONSUMED,True,True,0,UNDECLARED,
2,188,0x00BC,ECHO,CONSUMED,True,True,0,UNDECLARED,Aux003EqFreq003 Aux003EqGain003 Aux003EqQ003
2,189,0x00BD,ECHO,CONSUMED,True,True,0,UNDECLARED,
2,190,0x00BE,ECHO,CONSUMED,True,True,0,UNDECLARED,
2,191,0x00BF,ECHO,CONSUMED,True,True,0,UNDECLARED,
2,192,0x00C0,ECHO,CONSUMED,True,True,0,UNDECLARED,
2,193,0x00C1,ECHO,CONSUMED,True,True,0,UNDECLARED,Aux003EqFreq004 Aux003EqGain004 Aux003EqQ004 Aux003EqShelf002
2,194,0x00C2,ECHO,CONSUMED,True,True,0,UNDECLARED,
2,195,0x00C3,ECHO,CONSUMED,True,True,0,UNDECLARED,
2,196,0x00C4,ECHO,CONSUMED,True,True,0,UNDECLARED,
2,197,0x00C5,ECHO,CONSUMED,True,True,0,UNDECLARED,
2,198,0x00C6,CLEARED,CONSUMED,True,True,0,UNDECLARED,
2,199,0x00C7,UNMAPPED,UNMAPPED,False,False,4,UNDECLARED,Aux003EqOn001
2,200,0x00C8,UNMAPPED,UNMAPPED,False,False,4,UNDECLARED,
2,201,0x00C9,UNMAPPED,UNMAPPED,False,False,4,UNDECLARED,
2,202,0x00CA,ECHO,CONSUMED,True,True,0,UNDECLARED,Aux003Geq001
2,203,0x00CB,ECHO,CONSUMED,True,True,0,UNDECLARED,Aux003Geq002
2,204,0x00CC,ECHO,CONSUMED,True,True,0,UNDECLARED,Aux003Geq003
2,205,0x00CD,ECHO,CONSUMED,True,True,0,UNDECLARED,Aux003Geq004
2,206,0x00CE,ECHO,CONSUMED,True,True,0,UNDECLARED,Aux003Geq005
2,207,0x00CF,ECHO,CONSUMED,True,True,0,UNDECLARED,Aux003Geq006
2,208,0x00D0,ECHO,CONSUMED,True,True,0,UNDECLARED,Aux003Geq007
2,209,0x00D1,ECHO,CONSUMED,True,True,0,UNDECLARED,Aux003Geq008
2,210,0x00D2,ECHO,CONSUMED,True,True,0,UNDECLARED,Aux003Geq009
2,211,0x00D3,ECHO,CONSUMED,True,True,0,UNDECLARED,Aux003Geq010
2,212,0x00D4,ECHO,CONSUMED,True,True,0,UNDECLARED,Aux003Geq011
2,213,0x00D5,ECHO,CONSUMED,True,True,0,UNDECLARED,Aux003Geq012
2,214,0x00D6,ECHO,CONSUMED,True,True,0,UNDECLARED,Aux003Geq013
2,215,0x00D7,ECHO,CONSUMED,True,True,0,UNDECLARED,Aux003Geq014
2,216,0x00D8,ECHO,CONSUMED,True,True,0,UNDECLARED,Aux003Geq015
2,217,0x00D9,ECHO,CONSUMED,True,True,0,UNDECLARED,Aux003Geq016
2,218,0x00DA,ECHO,CONSUMED,True,True,0,UNDECLARED,Aux003Geq017
2,219,0x00DB,ECHO,CONSUMED,True,True,0,UNDECLARED,Aux003Geq018
2,220,0x00DC,ECHO,CONSUMED,True,True,0,UNDECLARED,Aux003Geq019
2,221,0x00DD,ECHO,CONSUMED,True,True,0,UNDECLARED,Aux003Geq020
2,222,0x00DE,ECHO,CONSUMED,True,True,0,UNDECLARED,Aux003Geq021
2,223,0x00DF,ECHO,CONSUMED,True,True,0,UNDECLARED,Aux003Geq022
2,224,0x00E0,ECHO,CONSUMED,True,True,0,UNDECLARED,Aux003Geq023
2,225,0x00E1,ECHO,CONSUMED,True,True,0,UNDECLARED,Aux003Geq024
2,226,0x00E2,ECHO,CONSUMED,True,True,0,UNDECLARED,Aux003Geq025
2,227,0x00E3,ECHO,CONSUMED,True,True,0,UNDECLARED,Aux003Geq026
2,228,0x00E4,ECHO,CONSUMED,True,True,0,UNDECLARED,Aux003Geq027
2,229,0x00E5,ECHO,CONSUMED,True,True,0,UNDECLARED,Aux003Geq028
2,230,0x00E6,ECHO,INERT,True,True,0,UNDECLARED,Aux003AntiFbOn001
2,231,0x00E7,ECHO,INERT,True,True,0,UNDECLARED,Aux003AntiFbCtrlOn001
2,232,0x00E8,ECHO,INERT,True,True,0,UNDECLARED,Aux003AntiFbNotchFreq001
2,233,0x00E9,ECHO,INERT,True,True,0,UNDECLARED,Aux003AntiFbNotchFreq002
2,234,0x00EA,ECHO,INERT,True,True,0,UNDECLARED,Aux003AntiFbNotchFreq003
2,235,0x00EB,ECHO,INERT,True,True,0,UNDECLARED,Aux003AntiFbNotchFreq004
2,236,0x00EC,ECHO,INERT,True,True,0,UNDECLARED,Aux003AntiFbNotchFreq005
2,237,0x00ED,ECHO,INERT,True,True,0,UNDECLARED,Aux003AntiFbNotchFreq006
2,238,0x00EE,ECHO,INERT,True,True,0,UNDECLARED,Aux003AntiFbNotchGain001
2,239,0x00EF,ECHO,INERT,True,True,0,UNDECLARED,Aux003AntiFbNotchGain002
2,240,0x00F0,ECHO,INERT,True,True,0,UNDECLARED,Aux003AntiFbNotchGain003
2,241,0x00F1,ECHO,INERT,True,True,0,UNDECLARED,Aux003AntiFbNotchGain004
2,242,0x00F2,ECHO,INERT,True,True,0,UNDECLARED,Aux003AntiFbNotchGain005
2,243,0x00F3,ECHO,INERT,True,True,0,UNDECLARED,Aux003AntiFbNotchGain006
2,244,0x00F4,ECHO,INERT,True,True,0,UNDECLARED,Aux003AntiFbNotchQ001
2,245,0x00F5,ECHO,INERT,True,True,0,UNDECLARED,Aux003AntiFbNotchQ002
2,246,0x00F6,ECHO,INERT,True,True,0,UNDECLARED,Aux003AntiFbNotchQ003
2,247,0x00F7,ECHO,INERT,True,True,0,UNDECLARED,Aux003AntiFbNotchQ004
2,248,0x00F8,ECHO,INERT,True,True,0,UNDECLARED,Aux003AntiFbNotchQ005
2,249,0x00F9,ECHO,INERT,True,True,0,UNDECLARED,Aux003AntiFbNotchQ006
2,250,0x00FA,UNMAPPED,UNMAPPED,False,False,4,UNDECLARED,
2,251,0x00FB,UNMAPPED,UNMAPPED,False,False,4,UNDECLARED,
2,252,0x00FC,UNMAPPED,UNMAPPED,False,False,4,UNDECLARED,
2,253,0x00FD,UNMAPPED,UNMAPPED,False,False,4,UNDECLARED,
2,254,0x00FE,ECHO,CONSUMED,True,True,0,UNDECLARED,Aux003LimiterOn001
2,255,0x00FF,ECHO,CONSUMED,True,True,0,UNDECLARED,Aux003LimiterThr001
2,256,0x0100,ECHO,CONSUMED,True,True,0,UNDECLARED,Aux003LimiterAtt001
2,257,0x0101,ECHO,CONSUMED,True,True,0,UNDECLARED,Aux003LimiterRel001
2,258,0x0102,ECHO,CONSUMED,True,True,0,UNDECLARED,Aux003Delay001
2,259,0x0103,ECHO,INERT,True,True,0,UNDECLARED,
2,260,0x0104,UNMAPPED,UNMAPPED,False,False,4,UNDECLARED,
2,261,0x0105,ECHO,CONSUMED,True,True,0,UNDECLARED,Aux004RtgLevel001
2,262,0x0106,ECHO,CONSUMED,True,True,0,UNDECLARED,Aux004Pan001
2,263,0x0107,ECHO,CONSUMED,True,True,0,UNDECLARED,Aux004RtgMute001
2,264,0x0108,ECHO,CONSUMED,True,True,0,UNDECLARED,Aux004RtgDca001
2,265,0x0109,ECHO,CONSUMED,True,True,0,UNDECLARED,Aux004EqFreq001 Aux004EqGain001 Aux004EqHpf001 Aux004EqQ001 Aux004EqShelf001
2,266,0x010A,ECHO,CONSUMED,True,True,0,UNDECLARED,
2,267,0x010B,ECHO,CONSUMED,True,True,0,UNDECLARED,
2,268,0x010C,ECHO,CONSUMED,True,True,0,UNDECLARED,
2,269,0x010D,ECHO,CONSUMED,True,True,0,UNDECLARED,
2,270,0x010E,ECHO,CONSUMED,True,True,0,UNDECLARED,Aux004EqFreq002 Aux004EqGain002 Aux004EqQ002
2,271,0x010F,ECHO,CONSUMED,True,True,0,UNDECLARED,
2,272,0x0110,ECHO,CONSUMED,True,True,0,UNDECLARED,
2,273,0x0111,ECHO,CONSUMED,True,True,0,UNDECLARED,
2,274,0x0112,ECHO,CONSUMED,True,True,0,UNDECLARED,
2,275,0x0113,ECHO,CONSUMED,True,True,0,UNDECLARED,Aux004EqFreq003 Aux004EqGain003 Aux004EqQ003
2,276,0x0114,ECHO,CONSUMED,True,True,0,UNDECLARED,
2,277,0x0115,ECHO,CONSUMED,True,True,0,UNDECLARED,
2,278,0x0116,ECHO,CONSUMED,True,True,0,UNDECLARED,
2,279,0x0117,ECHO,CONSUMED,True,True,0,UNDECLARED,
2,280,0x0118,ECHO,CONSUMED,True,True,0,UNDECLARED,Aux004EqFreq004 Aux004EqGain004 Aux004EqQ004 Aux004EqShelf002
2,281,0x0119,ECHO,CONSUMED,True,True,0,UNDECLARED,
2,282,0x011A,ECHO,CONSUMED,True,True,0,UNDECLARED,
2,283,0x011B,ECHO,CONSUMED,True,True,0,UNDECLARED,
2,284,0x011C,ECHO,CONSUMED,True,True,0,UNDECLARED,
2,285,0x011D,CLEARED,CONSUMED,True,True,0,UNDECLARED,
2,286,0x011E,UNMAPPED,UNMAPPED,False,False,4,UNDECLARED,Aux004EqOn001
2,287,0x011F,UNMAPPED,UNMAPPED,False,False,4,UNDECLARED,
2,288,0x0120,UNMAPPED,UNMAPPED,False,False,4,UNDECLARED,
2,289,0x0121,ECHO,CONSUMED,True,True,0,UNDECLARED,Aux004Geq001
2,290,0x0122,ECHO,CONSUMED,True,True,0,UNDECLARED,Aux004Geq002
2,291,0x0123,ECHO,CONSUMED,True,True,0,UNDECLARED,Aux004Geq003
2,292,0x0124,ECHO,CONSUMED,True,True,0,UNDECLARED,Aux004Geq004
2,293,0x0125,ECHO,CONSUMED,True,True,0,UNDECLARED,Aux004Geq005
2,294,0x0126,ECHO,CONSUMED,True,True,0,UNDECLARED,Aux004Geq006
2,295,0x0127,ECHO,CONSUMED,True,True,0,UNDECLARED,Aux004Geq007
2,296,0x0128,ECHO,CONSUMED,True,True,0,UNDECLARED,Aux004Geq008
2,297,0x0129,ECHO,CONSUMED,True,True,0,UNDECLARED,Aux004Geq009
2,298,0x012A,ECHO,CONSUMED,True,True,0,UNDECLARED,Aux004Geq010
2,299,0x012B,ECHO,CONSUMED,True,True,0,UNDECLARED,Aux004Geq011
2,300,0x012C,ECHO,CONSUMED,True,True,0,UNDECLARED,Aux004Geq012
2,301,0x012D,ECHO,CONSUMED,True,True,0,UNDECLARED,Aux004Geq013
2,302,0x012E,ECHO,CONSUMED,True,True,0,UNDECLARED,Aux004Geq014
2,303,0x012F,ECHO,CONSUMED,True,True,0,UNDECLARED,Aux004Geq015
2,304,0x0130,ECHO,CONSUMED,True,True,0,UNDECLARED,Aux004Geq016
2,305,0x0131,ECHO,CONSUMED,True,True,0,UNDECLARED,Aux004Geq017
2,306,0x0132,ECHO,CONSUMED,True,True,0,UNDECLARED,Aux004Geq018
2,307,0x0133,ECHO,CONSUMED,True,True,0,UNDECLARED,Aux004Geq019
2,308,0x0134,ECHO,CONSUMED,True,True,0,UNDECLARED,Aux004Geq020
2,309,0x0135,ECHO,CONSUMED,True,True,0,UNDECLARED,Aux004Geq021
2,310,0x0136,ECHO,CONSUMED,True,True,0,UNDECLARED,Aux004Geq022
2,311,0x0137,ECHO,CONSUMED,True,True,0,UNDECLARED,Aux004Geq023
2,312,0x0138,ECHO,CONSUMED,True,True,0,UNDECLARED,Aux004Geq024
2,313,0x0139,ECHO,CONSUMED,True,True,0,UNDECLARED,Aux004Geq025
2,314,0x013A,ECHO,CONSUMED,True,True,0,UNDECLARED,Aux004Geq026
2,315,0x013B,ECHO,CONSUMED,True,True,0,UNDECLARED,Aux004Geq027
2,316,0x013C,ECHO,CONSUMED,True,True,0,UNDECLARED,Aux004Geq028
2,317,0x013D,ECHO,INERT,True,True,0,UNDECLARED,Aux004AntiFbOn001
2,318,0x013E,ECHO,INERT,True,True,0,UNDECLARED,Aux004AntiFbCtrlOn001
2,319,0x013F,ECHO,INERT,True,True,0,UNDECLARED,Aux004AntiFbNotchFreq001
2,320,0x0140,ECHO,INERT,True,True,0,UNDECLARED,Aux004AntiFbNotchFreq002
2,321,0x0141,ECHO,INERT,True,True,0,UNDECLARED,Aux004AntiFbNotchFreq003
2,322,0x0142,ECHO,INERT,True,True,0,UNDECLARED,Aux004AntiFbNotchFreq004
2,323,0x0143,ECHO,INERT,True,True,0,UNDECLARED,Aux004AntiFbNotchFreq005
2,324,0x0144,ECHO,INERT,True,True,0,UNDECLARED,Aux004AntiFbNotchFreq006
2,325,0x0145,ECHO,INERT,True,True,0,UNDECLARED,Aux004AntiFbNotchGain001
2,326,0x0146,ECHO,INERT,True,True,0,UNDECLARED,Aux004AntiFbNotchGain002
2,327,0x0147,ECHO,INERT,True,True,0,UNDECLARED,Aux004AntiFbNotchGain003
2,328,0x0148,ECHO,INERT,True,True,0,UNDECLARED,Aux004AntiFbNotchGain004
2,329,0x0149,ECHO,INERT,True,True,0,UNDECLARED,Aux004AntiFbNotchGain005
2,330,0x014A,ECHO,INERT,True,True,0,UNDECLARED,Aux004AntiFbNotchGain006
2,331,0x014B,ECHO,INERT,True,True,0,UNDECLARED,Aux004AntiFbNotchQ001
2,332,0x014C,ECHO,INERT,True,True,0,UNDECLARED,Aux004AntiFbNotchQ002
2,333,0x014D,ECHO,INERT,True,True,0,UNDECLARED,Aux004AntiFbNotchQ003
2,334,0x014E,ECHO,INERT,True,True,0,UNDECLARED,Aux004AntiFbNotchQ004
2,335,0x014F,ECHO,INERT,True,True,0,UNDECLARED,Aux004AntiFbNotchQ005
2,336,0x0150,ECHO,INERT,True,True,0,UNDECLARED,Aux004AntiFbNotchQ006
2,337,0x0151,UNMAPPED,UNMAPPED,False,False,4,UNDECLARED,
2,338,0x0152,UNMAPPED,UNMAPPED,False,False,4,UNDECLARED,
2,339,0x0153,UNMAPPED,UNMAPPED,False,False,4,UNDECLARED,
2,340,0x0154,UNMAPPED,UNMAPPED,False,False,4,UNDECLARED,
2,341,0x0155,ECHO,CONSUMED,True,True,0,UNDECLARED,Aux004LimiterOn001
2,342,0x0156,ECHO,CONSUMED,True,True,0,UNDECLARED,Aux004LimiterThr001
2,343,0x0157,ECHO,CONSUMED,True,True,0,UNDECLARED,Aux004LimiterAtt001
2,344,0x0158,ECHO,CONSUMED,True,True,0,UNDECLARED,Aux004LimiterRel001
2,345,0x0159,ECHO,CONSUMED,True,True,0,UNDECLARED,Aux004Delay001
2,346,0x015A,ECHO,INERT,True,True,0,UNDECLARED,
2,347,0x015B,UNMAPPED,UNMAPPED,False,False,4,UNDECLARED,
2,348,0x015C,ECHO,CONSUMED,True,True,0,UNDECLARED,Aux005RtgLevel001
2,349,0x015D,ECHO,CONSUMED,True,True,0,UNDECLARED,Aux005Pan001
2,350,0x015E,ECHO,CONSUMED,True,True,0,UNDECLARED,Aux005RtgMute001
2,351,0x015F,ECHO,CONSUMED,True,True,0,UNDECLARED,Aux005RtgDca001
2,352,0x0160,ECHO,CONSUMED,True,True,0,UNDECLARED,Aux005EqFreq001 Aux005EqGain001 Aux005EqHpf001 Aux005EqQ001 Aux005EqShelf001
2,353,0x0161,ECHO,CONSUMED,True,True,0,UNDECLARED,
2,354,0x0162,ECHO,CONSUMED,True,True,0,UNDECLARED,
2,355,0x0163,ECHO,CONSUMED,True,True,0,UNDECLARED,
2,356,0x0164,ECHO,CONSUMED,True,True,0,UNDECLARED,
2,357,0x0165,ECHO,CONSUMED,True,True,0,UNDECLARED,Aux005EqFreq002 Aux005EqGain002 Aux005EqQ002
2,358,0x0166,ECHO,CONSUMED,True,True,0,UNDECLARED,
2,359,0x0167,ECHO,CONSUMED,True,True,0,UNDECLARED,
2,360,0x0168,ECHO,CONSUMED,True,True,0,UNDECLARED,
2,361,0x0169,ECHO,CONSUMED,True,True,0,UNDECLARED,
2,362,0x016A,ECHO,CONSUMED,True,True,0,UNDECLARED,Aux005EqFreq003 Aux005EqGain003 Aux005EqQ003
2,363,0x016B,ECHO,CONSUMED,True,True,0,UNDECLARED,
2,364,0x016C,ECHO,CONSUMED,True,True,0,UNDECLARED,
2,365,0x016D,ECHO,CONSUMED,True,True,0,UNDECLARED,
2,366,0x016E,ECHO,CONSUMED,True,True,0,UNDECLARED,
2,367,0x016F,ECHO,CONSUMED,True,True,0,UNDECLARED,Aux005EqFreq004 Aux005EqGain004 Aux005EqQ004 Aux005EqShelf002
2,368,0x0170,ECHO,CONSUMED,True,True,0,UNDECLARED,
2,369,0x0171,ECHO,CONSUMED,True,True,0,UNDECLARED,
2,370,0x0172,ECHO,CONSUMED,True,True,0,UNDECLARED,
2,371,0x0173,ECHO,CONSUMED,True,True,0,UNDECLARED,
2,372,0x0174,CLEARED,CONSUMED,True,True,0,UNDECLARED,
2,373,0x0175,UNMAPPED,UNMAPPED,False,False,4,UNDECLARED,Aux005EqOn001
2,374,0x0176,UNMAPPED,UNMAPPED,False,False,4,UNDECLARED,
2,375,0x0177,UNMAPPED,UNMAPPED,False,False,4,UNDECLARED,
2,376,0x0178,ECHO,CONSUMED,True,True,0,UNDECLARED,Aux005Geq001
2,377,0x0179,ECHO,CONSUMED,True,True,0,UNDECLARED,Aux005Geq002
2,378,0x017A,ECHO,CONSUMED,True,True,0,UNDECLARED,Aux005Geq003
2,379,0x017B,ECHO,CONSUMED,True,True,0,UNDECLARED,Aux005Geq004
2,380,0x017C,ECHO,CONSUMED,True,True,0,UNDECLARED,Aux005Geq005
2,381,0x017D,ECHO,CONSUMED,True,True,0,UNDECLARED,Aux005Geq006
2,382,0x017E,ECHO,CONSUMED,True,True,0,UNDECLARED,Aux005Geq007
2,383,0x017F,ECHO,CONSUMED,True,True,0,UNDECLARED,Aux005Geq008
2,384,0x0180,ECHO,CONSUMED,True,True,0,UNDECLARED,Aux005Geq009
2,385,0x0181,ECHO,CONSUMED,True,True,0,UNDECLARED,Aux005Geq010
2,386,0x0182,ECHO,CONSUMED,True,True,0,UNDECLARED,Aux005Geq011
2,387,0x0183,ECHO,CONSUMED,True,True,0,UNDECLARED,Aux005Geq012
2,388,0x0184,ECHO,CONSUMED,True,True,0,UNDECLARED,Aux005Geq013
2,389,0x0185,ECHO,CONSUMED,True,True,0,UNDECLARED,Aux005Geq014
2,390,0x0186,ECHO,CONSUMED,True,True,0,UNDECLARED,Aux005Geq015
2,391,0x0187,ECHO,CONSUMED,True,True,0,UNDECLARED,Aux005Geq016
2,392,0x0188,ECHO,CONSUMED,True,True,0,UNDECLARED,Aux005Geq017
2,393,0x0189,ECHO,CONSUMED,True,True,0,UNDECLARED,Aux005Geq018
2,394,0x018A,ECHO,CONSUMED,True,True,0,UNDECLARED,Aux005Geq019
2,395,0x018B,ECHO,CONSUMED,True,True,0,UNDECLARED,Aux005Geq020
2,396,0x018C,ECHO,CONSUMED,True,True,0,UNDECLARED,Aux005Geq021
2,397,0x018D,ECHO,CONSUMED,True,True,0,UNDECLARED,Aux005Geq022
2,398,0x018E,ECHO,CONSUMED,True,True,0,UNDECLARED,Aux005Geq023
2,399,0x018F,ECHO,CONSUMED,True,True,0,UNDECLARED,Aux005Geq024
2,400,0x0190,ECHO,CONSUMED,True,True,0,UNDECLARED,Aux005Geq025
2,401,0x0191,ECHO,CONSUMED,True,True,0,UNDECLARED,Aux005Geq026
2,402,0x0192,ECHO,CONSUMED,True,True,0,UNDECLARED,Aux005Geq027
2,403,0x0193,ECHO,CONSUMED,True,True,0,UNDECLARED,Aux005Geq028
2,404,0x0194,ECHO,INERT,True,True,0,UNDECLARED,Aux005AntiFbOn001
2,405,0x0195,ECHO,INERT,True,True,0,UNDECLARED,Aux005AntiFbCtrlOn001
2,406,0x0196,ECHO,INERT,True,True,0,UNDECLARED,Aux005AntiFbNotchFreq001
2,407,0x0197,ECHO,INERT,True,True,0,UNDECLARED,Aux005AntiFbNotchFreq002
2,408,0x0198,ECHO,INERT,True,True,0,UNDECLARED,Aux005AntiFbNotchFreq003
2,409,0x0199,ECHO,INERT,True,True,0,UNDECLARED,Aux005AntiFbNotchFreq004
2,410,0x019A,ECHO,INERT,True,True,0,UNDECLARED,Aux005AntiFbNotchFreq005
2,411,0x019B,ECHO,INERT,True,True,0,UNDECLARED,Aux005AntiFbNotchFreq006
2,412,0x019C,ECHO,INERT,True,True,0,UNDECLARED,Aux005AntiFbNotchGain001
2,413,0x019D,ECHO,INERT,True,True,0,UNDECLARED,Aux005AntiFbNotchGain002
2,414,0x019E,ECHO,INERT,True,True,0,UNDECLARED,Aux005AntiFbNotchGain003
2,415,0x019F,ECHO,INERT,True,True,0,UNDECLARED,Aux005AntiFbNotchGain004
2,416,0x01A0,ECHO,INERT,True,True,0,UNDECLARED,Aux005AntiFbNotchGain005
2,417,0x01A1,ECHO,INERT,True,True,0,UNDECLARED,Aux005AntiFbNotchGain006
2,418,0x01A2,ECHO,INERT,True,True,0,UNDECLARED,Aux005AntiFbNotchQ001
2,419,0x01A3,ECHO,INERT,True,True,0,UNDECLARED,Aux005AntiFbNotchQ002
2,420,0x01A4,ECHO,INERT,True,True,0,UNDECLARED,Aux005AntiFbNotchQ003
2,421,0x01A5,ECHO,INERT,True,True,0,UNDECLARED,Aux005AntiFbNotchQ004
2,422,0x01A6,ECHO,INERT,True,True,0,UNDECLARED,Aux005AntiFbNotchQ005
2,423,0x01A7,ECHO,INERT,True,True,0,UNDECLARED,Aux005AntiFbNotchQ006
2,424,0x01A8,UNMAPPED,UNMAPPED,False,False,4,UNDECLARED,
2,425,0x01A9,UNMAPPED,UNMAPPED,False,False,4,UNDECLARED,
2,426,0x01AA,UNMAPPED,UNMAPPED,False,False,4,UNDECLARED,
2,427,0x01AB,UNMAPPED,UNMAPPED,False,False,4,UNDECLARED,
2,428,0x01AC,ECHO,CONSUMED,True,True,0,UNDECLARED,Aux005LimiterOn001
2,429,0x01AD,ECHO,CONSUMED,True,True,0,UNDECLARED,Aux005LimiterThr001
2,430,0x01AE,ECHO,CONSUMED,True,True,0,UNDECLARED,Aux005LimiterAtt001
2,431,0x01AF,ECHO,CONSUMED,True,True,0,UNDECLARED,Aux005LimiterRel001
2,432,0x01B0,ECHO,CONSUMED,True,True,0,UNDECLARED,Aux005Delay001
2,433,0x01B1,ECHO,INERT,True,True,0,UNDECLARED,
2,434,0x01B2,UNMAPPED,UNMAPPED,False,False,4,UNDECLARED,
2,435,0x01B3,ECHO,CONSUMED,True,True,0,UNDECLARED,Aux006RtgLevel001
2,436,0x01B4,ECHO,CONSUMED,True,True,0,UNDECLARED,Aux006Pan001
2,437,0x01B5,ECHO,CONSUMED,True,True,0,UNDECLARED,Aux006RtgMute001
2,438,0x01B6,ECHO,CONSUMED,True,True,0,UNDECLARED,Aux006RtgDca001
2,439,0x01B7,ECHO,CONSUMED,True,True,0,UNDECLARED,Aux006EqFreq001 Aux006EqGain001 Aux006EqHpf001 Aux006EqQ001 Aux006EqShelf001
2,440,0x01B8,ECHO,CONSUMED,True,True,0,UNDECLARED,
2,441,0x01B9,ECHO,CONSUMED,True,True,0,UNDECLARED,
2,442,0x01BA,ECHO,CONSUMED,True,True,0,UNDECLARED,
2,443,0x01BB,ECHO,CONSUMED,True,True,0,UNDECLARED,
2,444,0x01BC,ECHO,CONSUMED,True,True,0,UNDECLARED,Aux006EqFreq002 Aux006EqGain002 Aux006EqQ002
2,445,0x01BD,ECHO,CONSUMED,True,True,0,UNDECLARED,
2,446,0x01BE,ECHO,CONSUMED,True,True,0,UNDECLARED,
2,447,0x01BF,ECHO,CONSUMED,True,True,0,UNDECLARED,
2,448,0x01C0,ECHO,CONSUMED,True,True,0,UNDECLARED,
2,449,0x01C1,ECHO,CONSUMED,True,True,0,UNDECLARED,Aux006EqFreq003 Aux006EqGain003 Aux006EqQ003
2,450,0x01C2,ECHO,CONSUMED,True,True,0,UNDECLARED,
2,451,0x01C3,ECHO,CONSUMED,True,True,0,UNDECLARED,
2,452,0x01C4,ECHO,CONSUMED,True,True,0,UNDECLARED,
2,453,0x01C5,ECHO,CONSUMED,True,True,0,UNDECLARED,
2,454,0x01C6,ECHO,CONSUMED,True,True,0,UNDECLARED,Aux006EqFreq004 Aux006EqGain004 Aux006EqQ004 Aux006EqShelf002
2,455,0x01C7,ECHO,CONSUMED,True,True,0,UNDECLARED,
2,456,0x01C8,ECHO,CONSUMED,True,True,0,UNDECLARED,
2,457,0x01C9,ECHO,CONSUMED,True,True,0,UNDECLARED,
2,458,0x01CA,ECHO,CONSUMED,True,True,0,UNDECLARED,
2,459,0x01CB,CLEARED,CONSUMED,True,True,0,UNDECLARED,
2,460,0x01CC,UNMAPPED,UNMAPPED,False,False,4,UNDECLARED,Aux006EqOn001
2,461,0x01CD,UNMAPPED,UNMAPPED,False,False,4,UNDECLARED,
2,462,0x01CE,UNMAPPED,UNMAPPED,False,False,4,UNDECLARED,
2,463,0x01CF,ECHO,CONSUMED,True,True,0,UNDECLARED,Aux006Geq001
2,464,0x01D0,ECHO,CONSUMED,True,True,0,UNDECLARED,Aux006Geq002
2,465,0x01D1,ECHO,CONSUMED,True,True,0,UNDECLARED,Aux006Geq003
2,466,0x01D2,ECHO,CONSUMED,True,True,0,UNDECLARED,Aux006Geq004
2,467,0x01D3,ECHO,CONSUMED,True,True,0,UNDECLARED,Aux006Geq005
2,468,0x01D4,ECHO,CONSUMED,True,True,0,UNDECLARED,Aux006Geq006
2,469,0x01D5,ECHO,CONSUMED,True,True,0,UNDECLARED,Aux006Geq007
2,470,0x01D6,ECHO,CONSUMED,True,True,0,UNDECLARED,Aux006Geq008
2,471,0x01D7,ECHO,CONSUMED,True,True,0,UNDECLARED,Aux006Geq009
2,472,0x01D8,ECHO,CONSUMED,True,True,0,UNDECLARED,Aux006Geq010
2,473,0x01D9,ECHO,CONSUMED,True,True,0,UNDECLARED,Aux006Geq011
2,474,0x01DA,ECHO,CONSUMED,True,True,0,UNDECLARED,Aux006Geq012
2,475,0x01DB,ECHO,CONSUMED,True,True,0,UNDECLARED,Aux006Geq013
2,476,0x01DC,ECHO,CONSUMED,True,True,0,UNDECLARED,Aux006Geq014
2,477,0x01DD,ECHO,CONSUMED,True,True,0,UNDECLARED,Aux006Geq015
2,478,0x01DE,ECHO,CONSUMED,True,True,0,UNDECLARED,Aux006Geq016
2,479,0x01DF,ECHO,CONSUMED,True,True,0,UNDECLARED,Aux006Geq017
2,480,0x01E0,ECHO,CONSUMED,True,True,0,UNDECLARED,Aux006Geq018
2,481,0x01E1,ECHO,CONSUMED,True,True,0,UNDECLARED,Aux006Geq019
2,482,0x01E2,ECHO,CONSUMED,True,True,0,UNDECLARED,Aux006Geq020
2,483,0x01E3,ECHO,CONSUMED,True,True,0,UNDECLARED,Aux006Geq021
2,484,0x01E4,ECHO,CONSUMED,True,True,0,UNDECLARED,Aux006Geq022
2,485,0x01E5,ECHO,CONSUMED,True,True,0,UNDECLARED,Aux006Geq023
2,486,0x01E6,ECHO,CONSUMED,True,True,0,UNDECLARED,Aux006Geq024
2,487,0x01E7,ECHO,CONSUMED,True,True,0,UNDECLARED,Aux006Geq025
2,488,0x01E8,ECHO,CONSUMED,True,True,0,UNDECLARED,Aux006Geq026
2,489,0x01E9,ECHO,CONSUMED,True,True,0,UNDECLARED,Aux006Geq027
2,490,0x01EA,ECHO,CONSUMED,True,True,0,UNDECLARED,Aux006Geq028
2,491,0x01EB,ECHO,INERT,True,True,0,UNDECLARED,Aux006AntiFbOn001
2,492,0x01EC,ECHO,INERT,True,True,0,UNDECLARED,Aux006AntiFbCtrlOn001
2,493,0x01ED,ECHO,INERT,True,True,0,UNDECLARED,Aux006AntiFbNotchFreq001
2,494,0x01EE,ECHO,INERT,True,True,0,UNDECLARED,Aux006AntiFbNotchFreq002
2,495,0x01EF,ECHO,INERT,True,True,0,UNDECLARED,Aux006AntiFbNotchFreq003
2,496,0x01F0,ECHO,INERT,True,True,0,UNDECLARED,Aux006AntiFbNotchFreq004
2,497,0x01F1,ECHO,INERT,True,True,0,UNDECLARED,Aux006AntiFbNotchFreq005
2,498,0x01F2,ECHO,INERT,True,True,0,UNDECLARED,Aux006AntiFbNotchFreq006
2,499,0x01F3,ECHO,INERT,True,True,0,UNDECLARED,Aux006AntiFbNotchGain001
2,500,0x01F4,ECHO,INERT,True,True,0,UNDECLARED,Aux006AntiFbNotchGain002
2,501,0x01F5,ECHO,INERT,True,True,0,UNDECLARED,Aux006AntiFbNotchGain003
2,502,0x01F6,ECHO,INERT,True,True,0,UNDECLARED,Aux006AntiFbNotchGain004
2,503,0x01F7,ECHO,INERT,True,True,0,UNDECLARED,Aux006AntiFbNotchGain005
2,504,0x01F8,ECHO,INERT,True,True,0,UNDECLARED,Aux006AntiFbNotchGain006
2,505,0x01F9,ECHO,INERT,True,True,0,UNDECLARED,Aux006AntiFbNotchQ001
2,506,0x01FA,ECHO,INERT,True,True,0,UNDECLARED,Aux006AntiFbNotchQ002
2,507,0x01FB,ECHO,INERT,True,True,0,UNDECLARED,Aux006AntiFbNotchQ003
2,508,0x01FC,ECHO,INERT,True,True,0,UNDECLARED,Aux006AntiFbNotchQ004
2,509,0x01FD,ECHO,INERT,True,True,0,UNDECLARED,Aux006AntiFbNotchQ005
2,510,0x01FE,ECHO,INERT,True,True,0,UNDECLARED,Aux006AntiFbNotchQ006
2,511,0x01FF,UNMAPPED,UNMAPPED,False,False,4,UNDECLARED,
2,512,0x0200,UNMAPPED,UNMAPPED,False,False,4,UNDECLARED,
2,513,0x0201,UNMAPPED,UNMAPPED,False,False,4,UNDECLARED,
2,514,0x0202,UNMAPPED,UNMAPPED,False,False,4,UNDECLARED,
2,515,0x0203,ECHO,CONSUMED,True,True,0,UNDECLARED,Aux006LimiterOn001
2,516,0x0204,ECHO,CONSUMED,True,True,0,UNDECLARED,Aux006LimiterThr001
2,517,0x0205,ECHO,CONSUMED,True,True,0,UNDECLARED,Aux006LimiterAtt001
2,518,0x0206,ECHO,CONSUMED,True,True,0,UNDECLARED,Aux006LimiterRel001
2,519,0x0207,ECHO,CONSUMED,True,True,0,UNDECLARED,Aux006Delay001
2,520,0x0208,ECHO,INERT,True,True,0,UNDECLARED,
2,521,0x0209,UNMAPPED,UNMAPPED,False,False,4,UNDECLARED,
2,522,0x020A,ECHO,CONSUMED,True,True,0,UNDECLARED,Aux007RtgLevel001
2,523,0x020B,ECHO,CONSUMED,True,True,0,UNDECLARED,Aux007Pan001
2,524,0x020C,ECHO,CONSUMED,True,True,0,UNDECLARED,Aux007RtgMute001
2,525,0x020D,ECHO,CONSUMED,True,True,0,UNDECLARED,Aux007RtgDca001
2,526,0x020E,ECHO,CONSUMED,True,True,0,UNDECLARED,Aux007EqFreq001 Aux007EqGain001 Aux007EqHpf001 Aux007EqQ001 Aux007EqShelf001
2,527,0x020F,ECHO,CONSUMED,True,True,0,UNDECLARED,
2,528,0x0210,ECHO,CONSUMED,True,True,0,UNDECLARED,
2,529,0x0211,ECHO,CONSUMED,True,True,0,UNDECLARED,
2,530,0x0212,ECHO,CONSUMED,True,True,0,UNDECLARED,
2,531,0x0213,ECHO,CONSUMED,True,True,0,UNDECLARED,Aux007EqFreq002 Aux007EqGain002 Aux007EqQ002
2,532,0x0214,ECHO,CONSUMED,True,True,0,UNDECLARED,
2,533,0x0215,ECHO,CONSUMED,True,True,0,UNDECLARED,
2,534,0x0216,ECHO,CONSUMED,True,True,0,UNDECLARED,
2,535,0x0217,ECHO,CONSUMED,True,True,0,UNDECLARED,
2,536,0x0218,ECHO,CONSUMED,True,True,0,UNDECLARED,Aux007EqFreq003 Aux007EqGain003 Aux007EqQ003
2,537,0x0219,ECHO,CONSUMED,True,True,0,UNDECLARED,
2,538,0x021A,ECHO,CONSUMED,True,True,0,UNDECLARED,
2,539,0x021B,ECHO,CONSUMED,True,True,0,UNDECLARED,
2,540,0x021C,ECHO,CONSUMED,True,True,0,UNDECLARED,
2,541,0x021D,ECHO,CONSUMED,True,True,0,UNDECLARED,Aux007EqFreq004 Aux007EqGain004 Aux007EqQ004 Aux007EqShelf002
2,542,0x021E,ECHO,CONSUMED,True,True,0,UNDECLARED,
2,543,0x021F,ECHO,CONSUMED,True,True,0,UNDECLARED,
2,544,0x0220,ECHO,CONSUMED,True,True,0,UNDECLARED,
2,545,0x0221,ECHO,CONSUMED,True,True,0,UNDECLARED,
2,546,0x0222,CLEARED,CONSUMED,True,True,0,UNDECLARED,
2,547,0x0223,UNMAPPED,UNMAPPED,False,False,4,UNDECLARED,Aux007EqOn001
2,548,0x0224,UNMAPPED,UNMAPPED,False,False,4,UNDECLARED,
2,549,0x0225,UNMAPPED,UNMAPPED,False,False,4,UNDECLARED,
2,550,0x0226,ECHO,CONSUMED,True,True,0,UNDECLARED,Aux007Geq001
2,551,0x0227,ECHO,CONSUMED,True,True,0,UNDECLARED,Aux007Geq002
2,552,0x0228,ECHO,CONSUMED,True,True,0,UNDECLARED,Aux007Geq003
2,553,0x0229,ECHO,CONSUMED,True,True,0,UNDECLARED,Aux007Geq004
2,554,0x022A,ECHO,CONSUMED,True,True,0,UNDECLARED,Aux007Geq005
2,555,0x022B,ECHO,CONSUMED,True,True,0,UNDECLARED,Aux007Geq006
2,556,0x022C,ECHO,CONSUMED,True,True,0,UNDECLARED,Aux007Geq007
2,557,0x022D,ECHO,CONSUMED,True,True,0,UNDECLARED,Aux007Geq008
2,558,0x022E,ECHO,CONSUMED,True,True,0,UNDECLARED,Aux007Geq009
2,559,0x022F,ECHO,CONSUMED,True,True,0,UNDECLARED,Aux007Geq010
2,560,0x0230,ECHO,CONSUMED,True,True,0,UNDECLARED,Aux007Geq011
2,561,0x0231,ECHO,CONSUMED,True,True,0,UNDECLARED,Aux007Geq012
2,562,0x0232,ECHO,CONSUMED,True,True,0,UNDECLARED,Aux007Geq013
2,563,0x0233,ECHO,CONSUMED,True,True,0,UNDECLARED,Aux007Geq014
2,564,0x0234,ECHO,CONSUMED,True,True,0,UNDECLARED,Aux007Geq015
2,565,0x0235,ECHO,CONSUMED,True,True,0,UNDECLARED,Aux007Geq016
2,566,0x0236,ECHO,CONSUMED,True,True,0,UNDECLARED,Aux007Geq017
2,567,0x0237,ECHO,CONSUMED,True,True,0,UNDECLARED,Aux007Geq018
2,568,0x0238,ECHO,CONSUMED,True,True,0,UNDECLARED,Aux007Geq019
2,569,0x0239,ECHO,CONSUMED,True,True,0,UNDECLARED,Aux007Geq020
2,570,0x023A,ECHO,CONSUMED,True,True,0,UNDECLARED,Aux007Geq021
2,571,0x023B,ECHO,CONSUMED,True,True,0,UNDECLARED,Aux007Geq022
2,572,0x023C,ECHO,CONSUMED,True,True,0,UNDECLARED,Aux007Geq023
2,573,0x023D,ECHO,CONSUMED,True,True,0,UNDECLARED,Aux007Geq024
2,574,0x023E,ECHO,CONSUMED,True,True,0,UNDECLARED,Aux007Geq025
2,575,0x023F,ECHO,CONSUMED,True,True,0,UNDECLARED,Aux007Geq026
2,576,0x0240,ECHO,CONSUMED,True,True,0,UNDECLARED,Aux007Geq027
2,577,0x0241,ECHO,CONSUMED,True,True,0,UNDECLARED,Aux007Geq028
2,578,0x0242,ECHO,INERT,True,True,0,UNDECLARED,Aux007AntiFbOn001
2,579,0x0243,ECHO,INERT,True,True,0,UNDECLARED,Aux007AntiFbCtrlOn001
2,580,0x0244,ECHO,INERT,True,True,0,UNDECLARED,Aux007AntiFbNotchFreq001
2,581,0x0245,ECHO,INERT,True,True,0,UNDECLARED,Aux007AntiFbNotchFreq002
2,582,0x0246,ECHO,INERT,True,True,0,UNDECLARED,Aux007AntiFbNotchFreq003
2,583,0x0247,ECHO,INERT,True,True,0,UNDECLARED,Aux007AntiFbNotchFreq004
2,584,0x0248,ECHO,INERT,True,True,0,UNDECLARED,Aux007AntiFbNotchFreq005
2,585,0x0249,ECHO,INERT,True,True,0,UNDECLARED,Aux007AntiFbNotchFreq006
2,586,0x024A,ECHO,INERT,True,True,0,UNDECLARED,Aux007AntiFbNotchGain001
2,587,0x024B,ECHO,INERT,True,True,0,UNDECLARED,Aux007AntiFbNotchGain002
2,588,0x024C,ECHO,INERT,True,True,0,UNDECLARED,Aux007AntiFbNotchGain003
2,589,0x024D,ECHO,INERT,True,True,0,UNDECLARED,Aux007AntiFbNotchGain004
2,590,0x024E,ECHO,INERT,True,True,0,UNDECLARED,Aux007AntiFbNotchGain005
2,591,0x024F,ECHO,INERT,True,True,0,UNDECLARED,Aux007AntiFbNotchGain006
2,592,0x0250,ECHO,INERT,True,True,0,UNDECLARED,Aux007AntiFbNotchQ001
2,593,0x0251,ECHO,INERT,True,True,0,UNDECLARED,Aux007AntiFbNotchQ002
2,594,0x0252,ECHO,INERT,True,True,0,UNDECLARED,Aux007AntiFbNotchQ003
2,595,0x0253,ECHO,INERT,True,True,0,UNDECLARED,Aux007AntiFbNotchQ004
2,596,0x0254,ECHO,INERT,True,True,0,UNDECLARED,Aux007AntiFbNotchQ005
2,597,0x0255,ECHO,INERT,True,True,0,UNDECLARED,Aux007AntiFbNotchQ006
2,598,0x0256,UNMAPPED,UNMAPPED,False,False,4,UNDECLARED,
2,599,0x0257,UNMAPPED,UNMAPPED,False,False,4,UNDECLARED,
2,600,0x0258,UNMAPPED,UNMAPPED,False,False,4,UNDECLARED,
2,601,0x0259,UNMAPPED,UNMAPPED,False,False,4,UNDECLARED,
2,602,0x025A,ECHO,CONSUMED,True,True,0,UNDECLARED,Aux007LimiterOn001
2,603,0x025B,ECHO,CONSUMED,True,True,0,UNDECLARED,Aux007LimiterThr001
2,604,0x025C,ECHO,CONSUMED,True,True,0,UNDECLARED,Aux007LimiterAtt001
2,605,0x025D,ECHO,CONSUMED,True,True,0,UNDECLARED,Aux007LimiterRel001
2,606,0x025E,ECHO,CONSUMED,True,True,0,UNDECLARED,Aux007Delay001
2,607,0x025F,ECHO,INERT,True,True,0,UNDECLARED,
2,608,0x0260,UNMAPPED,UNMAPPED,False,False,4,UNDECLARED,
2,609,0x0261,ECHO,CONSUMED,True,True,0,UNDECLARED,Aux008RtgLevel001
2,610,0x0262,ECHO,CONSUMED,True,True,0,UNDECLARED,Aux008Pan001
2,611,0x0263,ECHO,CONSUMED,True,True,0,UNDECLARED,Aux008RtgMute001
2,612,0x0264,ECHO,CONSUMED,True,True,0,UNDECLARED,Aux008RtgDca001
2,613,0x0265,ECHO,CONSUMED,True,True,0,UNDECLARED,Aux008EqFreq001 Aux008EqGain001 Aux008EqHpf001 Aux008EqQ001 Aux008EqShelf001
2,614,0x0266,ECHO,CONSUMED,True,True,0,UNDECLARED,
2,615,0x0267,ECHO,CONSUMED,True,True,0,UNDECLARED,
2,616,0x0268,ECHO,CONSUMED,True,True,0,UNDECLARED,
2,617,0x0269,ECHO,CONSUMED,True,True,0,UNDECLARED,
2,618,0x026A,ECHO,CONSUMED,True,True,0,UNDECLARED,Aux008EqFreq002 Aux008EqGain002 Aux008EqQ002
2,619,0x026B,ECHO,CONSUMED,True,True,0,UNDECLARED,
2,620,0x026C,ECHO,CONSUMED,True,True,0,UNDECLARED,
2,621,0x026D,ECHO,CONSUMED,True,True,0,UNDECLARED,
2,622,0x026E,ECHO,CONSUMED,True,True,0,UNDECLARED,
2,623,0x026F,ECHO,CONSUMED,True,True,0,UNDECLARED,Aux008EqFreq003 Aux008EqGain003 Aux008EqQ003
2,624,0x0270,ECHO,CONSUMED,True,True,0,UNDECLARED,
2,625,0x0271,ECHO,CONSUMED,True,True,0,UNDECLARED,
2,626,0x0272,ECHO,CONSUMED,True,True,0,UNDECLARED,
2,627,0x0273,ECHO,CONSUMED,True,True,0,UNDECLARED,
2,628,0x0274,ECHO,CONSUMED,True,True,0,UNDECLARED,Aux008EqFreq004 Aux008EqGain004 Aux008EqQ004 Aux008EqShelf002
2,629,0x0275,ECHO,CONSUMED,True,True,0,UNDECLARED,
2,630,0x0276,ECHO,CONSUMED,True,True,0,UNDECLARED,
2,631,0x0277,ECHO,CONSUMED,True,True,0,UNDECLARED,
2,632,0x0278,ECHO,CONSUMED,True,True,0,UNDECLARED,
2,633,0x0279,CLEARED,CONSUMED,True,True,0,UNDECLARED,
2,634,0x027A,UNMAPPED,UNMAPPED,False,False,4,UNDECLARED,Aux008EqOn001
2,635,0x027B,UNMAPPED,UNMAPPED,False,False,4,UNDECLARED,
2,636,0x027C,UNMAPPED,UNMAPPED,False,False,4,UNDECLARED,
2,637,0x027D,ECHO,CONSUMED,True,True,0,UNDECLARED,Aux008Geq001
2,638,0x027E,ECHO,CONSUMED,True,True,0,UNDECLARED,Aux008Geq002
2,639,0x027F,ECHO,CONSUMED,True,True,0,UNDECLARED,Aux008Geq003
2,640,0x0280,ECHO,CONSUMED,True,True,0,UNDECLARED,Aux008Geq004
2,641,0x0281,ECHO,CONSUMED,True,True,0,UNDECLARED,Aux008Geq005
2,642,0x0282,ECHO,CONSUMED,True,True,0,UNDECLARED,Aux008Geq006
2,643,0x0283,ECHO,CONSUMED,True,True,0,UNDECLARED,Aux008Geq007
2,644,0x0284,ECHO,CONSUMED,True,True,0,UNDECLARED,Aux008Geq008
2,645,0x0285,ECHO,CONSUMED,True,True,0,UNDECLARED,Aux008Geq009
2,646,0x0286,ECHO,CONSUMED,True,True,0,UNDECLARED,Aux008Geq010
2,647,0x0287,ECHO,CONSUMED,True,True,0,UNDECLARED,Aux008Geq011
2,648,0x0288,ECHO,CONSUMED,True,True,0,UNDECLARED,Aux008Geq012
2,649,0x0289,ECHO,CONSUMED,True,True,0,UNDECLARED,Aux008Geq013
2,650,0x028A,ECHO,CONSUMED,True,True,0,UNDECLARED,Aux008Geq014
2,651,0x028B,ECHO,CONSUMED,True,True,0,UNDECLARED,Aux008Geq015
2,652,0x028C,ECHO,CONSUMED,True,True,0,UNDECLARED,Aux008Geq016
2,653,0x028D,ECHO,CONSUMED,True,True,0,UNDECLARED,Aux008Geq017
2,654,0x028E,ECHO,CONSUMED,True,True,0,UNDECLARED,Aux008Geq018
2,655,0x028F,ECHO,CONSUMED,True,True,0,UNDECLARED,Aux008Geq019
2,656,0x0290,ECHO,CONSUMED,True,True,0,UNDECLARED,Aux008Geq020
2,657,0x0291,ECHO,CONSUMED,True,True,0,UNDECLARED,Aux008Geq021
2,658,0x0292,ECHO,CONSUMED,True,True,0,UNDECLARED,Aux008Geq022
2,659,0x0293,ECHO,CONSUMED,True,True,0,UNDECLARED,Aux008Geq023
2,660,0x0294,ECHO,CONSUMED,True,True,0,UNDECLARED,Aux008Geq024
2,661,0x0295,ECHO,CONSUMED,True,True,0,UNDECLARED,Aux008Geq025
2,662,0x0296,ECHO,CONSUMED,True,True,0,UNDECLARED,Aux008Geq026
2,663,0x0297,ECHO,CONSUMED,True,True,0,UNDECLARED,Aux008Geq027
2,664,0x0298,ECHO,CONSUMED,True,True,0,UNDECLARED,Aux008Geq028
2,665,0x0299,ECHO,INERT,True,True,0,UNDECLARED,Aux008AntiFbOn001
2,666,0x029A,ECHO,INERT,True,True,0,UNDECLARED,Aux008AntiFbCtrlOn001
2,667,0x029B,ECHO,INERT,True,True,0,UNDECLARED,Aux008AntiFbNotchFreq001
2,668,0x029C,ECHO,INERT,True,True,0,UNDECLARED,Aux008AntiFbNotchFreq002
2,669,0x029D,ECHO,INERT,True,True,0,UNDECLARED,Aux008AntiFbNotchFreq003
2,670,0x029E,ECHO,INERT,True,True,0,UNDECLARED,Aux008AntiFbNotchFreq004
2,671,0x029F,ECHO,INERT,True,True,0,UNDECLARED,Aux008AntiFbNotchFreq005
2,672,0x02A0,ECHO,INERT,True,True,0,UNDECLARED,Aux008AntiFbNotchFreq006
2,673,0x02A1,ECHO,INERT,True,True,0,UNDECLARED,Aux008AntiFbNotchGain001
2,674,0x02A2,ECHO,INERT,True,True,0,UNDECLARED,Aux008AntiFbNotchGain002
2,675,0x02A3,ECHO,INERT,True,True,0,UNDECLARED,Aux008AntiFbNotchGain003
2,676,0x02A4,ECHO,INERT,True,True,0,UNDECLARED,Aux008AntiFbNotchGain004
2,677,0x02A5,ECHO,INERT,True,True,0,UNDECLARED,Aux008AntiFbNotchGain005
2,678,0x02A6,ECHO,INERT,True,True,0,UNDECLARED,Aux008AntiFbNotchGain006
2,679,0x02A7,ECHO,INERT,True,True,0,UNDECLARED,Aux008AntiFbNotchQ001
2,680,0x02A8,ECHO,INERT,True,True,0,UNDECLARED,Aux008AntiFbNotchQ002
2,681,0x02A9,ECHO,INERT,True,True,0,UNDECLARED,Aux008AntiFbNotchQ003
2,682,0x02AA,ECHO,INERT,True,True,0,UNDECLARED,Aux008AntiFbNotchQ004
2,683,0x02AB,ECHO,INERT,True,True,0,UNDECLARED,Aux008AntiFbNotchQ005
2,684,0x02AC,ECHO,INERT,True,True,0,UNDECLARED,Aux008AntiFbNotchQ006
2,685,0x02AD,UNMAPPED,UNMAPPED,False,False,4,UNDECLARED,
2,686,0x02AE,UNMAPPED,UNMAPPED,False,False,4,UNDECLARED,
2,687,0x02AF,UNMAPPED,UNMAPPED,False,False,4,UNDECLARED,
2,688,0x02B0,UNMAPPED,UNMAPPED,False,False,4,UNDECLARED,
2,689,0x02B1,ECHO,CONSUMED,True,True,0,UNDECLARED,Aux008LimiterOn001
2,690,0x02B2,ECHO,CONSUMED,True,True,0,UNDECLARED,Aux008LimiterThr001
2,691,0x02B3,ECHO,CONSUMED,True,True,0,UNDECLARED,Aux008LimiterAtt001
2,692,0x02B4,ECHO,CONSUMED,True,True,0,UNDECLARED,Aux008LimiterRel001
2,693,0x02B5,ECHO,CONSUMED,True,True,0,UNDECLARED,Aux008Delay001
2,694,0x02B6,ECHO,INERT,True,True,0,UNDECLARED,
2,695,0x02B7,UNMAPPED,UNMAPPED,False,False,4,UNDECLARED,
2,696,0x02B8,ECHO,CONSUMED,True,True,0,UNDECLARED,Aux009RtgLevel001
2,697,0x02B9,ECHO,CONSUMED,True,True,0,UNDECLARED,Aux009Pan001
2,698,0x02BA,ECHO,CONSUMED,True,True,0,UNDECLARED,Aux009RtgMute001
2,699,0x02BB,ECHO,CONSUMED,True,True,0,UNDECLARED,Aux009RtgDca001
2,700,0x02BC,ECHO,CONSUMED,True,True,0,UNDECLARED,Aux009EqFreq001 Aux009EqGain001 Aux009EqHpf001 Aux009EqQ001 Aux009EqShelf001
2,701,0x02BD,ECHO,CONSUMED,True,True,0,UNDECLARED,
2,702,0x02BE,ECHO,CONSUMED,True,True,0,UNDECLARED,
2,703,0x02BF,ECHO,CONSUMED,True,True,0,UNDECLARED,
2,704,0x02C0,ECHO,CONSUMED,True,True,0,UNDECLARED,
2,705,0x02C1,ECHO,CONSUMED,True,True,0,UNDECLARED,Aux009EqFreq002 Aux009EqGain002 Aux009EqQ002
2,706,0x02C2,ECHO,CONSUMED,True,True,0,UNDECLARED,
2,707,0x02C3,ECHO,CONSUMED,True,True,0,UNDECLARED,
2,708,0x02C4,ECHO,CONSUMED,True,True,0,UNDECLARED,
2,709,0x02C5,ECHO,CONSUMED,True,True,0,UNDECLARED,
2,710,0x02C6,ECHO,CONSUMED,True,True,0,UNDECLARED,Aux009EqFreq003 Aux009EqGain003 Aux009EqQ003
2,711,0x02C7,ECHO,CONSUMED,True,True,0,UNDECLARED,
2,712,0x02C8,ECHO,CONSUMED,True,True,0,UNDECLARED,
2,713,0x02C9,ECHO,CONSUMED,True,True,0,UNDECLARED,
2,714,0x02CA,ECHO,CONSUMED,True,True,0,UNDECLARED,
2,715,0x02CB,ECHO,CONSUMED,True,True,0,UNDECLARED,Aux009EqFreq004 Aux009EqGain004 Aux009EqQ004 Aux009EqShelf002
2,716,0x02CC,ECHO,CONSUMED,True,True,0,UNDECLARED,
2,717,0x02CD,ECHO,CONSUMED,True,True,0,UNDECLARED,
2,718,0x02CE,ECHO,CONSUMED,True,True,0,UNDECLARED,
2,719,0x02CF,ECHO,CONSUMED,True,True,0,UNDECLARED,
2,720,0x02D0,CLEARED,CONSUMED,True,True,0,UNDECLARED,
2,721,0x02D1,UNMAPPED,UNMAPPED,False,False,4,UNDECLARED,Aux009EqOn001
2,722,0x02D2,UNMAPPED,UNMAPPED,False,False,4,UNDECLARED,
2,723,0x02D3,UNMAPPED,UNMAPPED,False,False,4,UNDECLARED,
2,724,0x02D4,ECHO,CONSUMED,True,True,0,UNDECLARED,Aux009Geq001
2,725,0x02D5,ECHO,CONSUMED,True,True,0,UNDECLARED,Aux009Geq002
2,726,0x02D6,ECHO,CONSUMED,True,True,0,UNDECLARED,Aux009Geq003
2,727,0x02D7,ECHO,CONSUMED,True,True,0,UNDECLARED,Aux009Geq004
2,728,0x02D8,ECHO,CONSUMED,True,True,0,UNDECLARED,Aux009Geq005
2,729,0x02D9,ECHO,CONSUMED,True,True,0,UNDECLARED,Aux009Geq006
2,730,0x02DA,ECHO,CONSUMED,True,True,0,UNDECLARED,Aux009Geq007
2,731,0x02DB,ECHO,CONSUMED,True,True,0,UNDECLARED,Aux009Geq008
2,732,0x02DC,ECHO,CONSUMED,True,True,0,UNDECLARED,Aux009Geq009
2,733,0x02DD,ECHO,CONSUMED,True,True,0,UNDECLARED,Aux009Geq010
2,734,0x02DE,ECHO,CONSUMED,True,True,0,UNDECLARED,Aux009Geq011
2,735,0x02DF,ECHO,CONSUMED,True,True,0,UNDECLARED,Aux009Geq012
2,736,0x02E0,ECHO,CONSUMED,True,True,0,UNDECLARED,Aux009Geq013
2,737,0x02E1,ECHO,CONSUMED,True,True,0,UNDECLARED,Aux009Geq014
2,738,0x02E2,ECHO,CONSUMED,True,True,0,UNDECLARED,Aux009Geq015
2,739,0x02E3,ECHO,CONSUMED,True,True,0,UNDECLARED,Aux009Geq016
2,740,0x02E4,ECHO,CONSUMED,True,True,0,UNDECLARED,Aux009Geq017
2,741,0x02E5,ECHO,CONSUMED,True,True,0,UNDECLARED,Aux009Geq018
2,742,0x02E6,ECHO,CONSUMED,True,True,0,UNDECLARED,Aux009Geq019
2,743,0x02E7,ECHO,CONSUMED,True,True,0,UNDECLARED,Aux009Geq020
2,744,0x02E8,ECHO,CONSUMED,True,True,0,UNDECLARED,Aux009Geq021
2,745,0x02E9,ECHO,CONSUMED,True,True,0,UNDECLARED,Aux009Geq022
2,746,0x02EA,ECHO,CONSUMED,True,True,0,UNDECLARED,Aux009Geq023
2,747,0x02EB,ECHO,CONSUMED,True,True,0,UNDECLARED,Aux009Geq024
2,748,0x02EC,ECHO,CONSUMED,True,True,0,UNDECLARED,Aux009Geq025
2,749,0x02ED,ECHO,CONSUMED,True,True,0,UNDECLARED,Aux009Geq026
2,750,0x02EE,ECHO,CONSUMED,True,True,0,UNDECLARED,Aux009Geq027
2,751,0x02EF,ECHO,CONSUMED,True,True,0,UNDECLARED,Aux009Geq028
2,752,0x02F0,ECHO,INERT,True,True,0,UNDECLARED,Aux009AntiFbOn001
2,753,0x02F1,ECHO,INERT,True,True,0,UNDECLARED,Aux009AntiFbCtrlOn001
2,754,0x02F2,ECHO,INERT,True,True,0,UNDECLARED,Aux009AntiFbNotchFreq001
2,755,0x02F3,ECHO,INERT,True,True,0,UNDECLARED,Aux009AntiFbNotchFreq002
2,756,0x02F4,ECHO,INERT,True,True,0,UNDECLARED,Aux009AntiFbNotchFreq003
2,757,0x02F5,ECHO,INERT,True,True,0,UNDECLARED,Aux009AntiFbNotchFreq004
2,758,0x02F6,ECHO,INERT,True,True,0,UNDECLARED,Aux009AntiFbNotchFreq005
2,759,0x02F7,ECHO,INERT,True,True,0,UNDECLARED,Aux009AntiFbNotchFreq006
2,760,0x02F8,ECHO,INERT,True,True,0,UNDECLARED,Aux009AntiFbNotchGain001
2,761,0x02F9,ECHO,INERT,True,True,0,UNDECLARED,Aux009AntiFbNotchGain002
2,762,0x02FA,ECHO,INERT,True,True,0,UNDECLARED,Aux009AntiFbNotchGain003
2,763,0x02FB,ECHO,INERT,True,True,0,UNDECLARED,Aux009AntiFbNotchGain004
2,764,0x02FC,ECHO,INERT,True,True,0,UNDECLARED,Aux009AntiFbNotchGain005
2,765,0x02FD,ECHO,INERT,True,True,0,UNDECLARED,Aux009AntiFbNotchGain006
2,766,0x02FE,ECHO,INERT,True,True,0,UNDECLARED,Aux009AntiFbNotchQ001
2,767,0x02FF,ECHO,INERT,True,True,0,UNDECLARED,Aux009AntiFbNotchQ002
2,768,0x0300,ECHO,INERT,True,True,0,UNDECLARED,Aux009AntiFbNotchQ003
2,769,0x0301,ECHO,INERT,True,True,0,UNDECLARED,Aux009AntiFbNotchQ004
2,770,0x0302,ECHO,INERT,True,True,0,UNDECLARED,Aux009AntiFbNotchQ005
2,771,0x0303,ECHO,INERT,True,True,0,UNDECLARED,Aux009AntiFbNotchQ006
2,772,0x0304,UNMAPPED,UNMAPPED,False,False,4,UNDECLARED,
2,773,0x0305,UNMAPPED,UNMAPPED,False,False,4,UNDECLARED,
2,774,0x0306,UNMAPPED,UNMAPPED,False,False,4,UNDECLARED,
2,775,0x0307,UNMAPPED,UNMAPPED,False,False,4,UNDECLARED,
2,776,0x0308,ECHO,CONSUMED,True,True,0,UNDECLARED,Aux009LimiterOn001
2,777,0x0309,ECHO,CONSUMED,True,True,0,UNDECLARED,Aux009LimiterThr001
2,778,0x030A,ECHO,CONSUMED,True,True,0,UNDECLARED,Aux009LimiterAtt001
2,779,0x030B,ECHO,CONSUMED,True,True,0,UNDECLARED,Aux009LimiterRel001
2,780,0x030C,ECHO,CONSUMED,True,True,0,UNDECLARED,Aux009Delay001
2,781,0x030D,ECHO,INERT,True,True,0,UNDECLARED,
2,782,0x030E,UNMAPPED,UNMAPPED,False,False,4,UNDECLARED,
2,783,0x030F,ECHO,CONSUMED,True,True,0,UNDECLARED,Aux010RtgLevel001
2,784,0x0310,ECHO,CONSUMED,True,True,0,UNDECLARED,Aux010Pan001
2,785,0x0311,ECHO,CONSUMED,True,True,0,UNDECLARED,Aux010RtgMute001
2,786,0x0312,ECHO,CONSUMED,True,True,0,UNDECLARED,Aux010RtgDca001
2,787,0x0313,ECHO,CONSUMED,True,True,0,UNDECLARED,Aux010EqFreq001 Aux010EqGain001 Aux010EqHpf001 Aux010EqQ001 Aux010EqShelf001
2,788,0x0314,ECHO,CONSUMED,True,True,0,UNDECLARED,
2,789,0x0315,ECHO,CONSUMED,True,True,0,UNDECLARED,
2,790,0x0316,ECHO,CONSUMED,True,True,0,UNDECLARED,
2,791,0x0317,ECHO,CONSUMED,True,True,0,UNDECLARED,
2,792,0x0318,ECHO,CONSUMED,True,True,0,UNDECLARED,Aux010EqFreq002 Aux010EqGain002 Aux010EqQ002
2,793,0x0319,ECHO,CONSUMED,True,True,0,UNDECLARED,
2,794,0x031A,ECHO,CONSUMED,True,True,0,UNDECLARED,
2,795,0x031B,ECHO,CONSUMED,True,True,0,UNDECLARED,
2,796,0x031C,ECHO,CONSUMED,True,True,0,UNDECLARED,
2,797,0x031D,ECHO,CONSUMED,True,True,0,UNDECLARED,Aux010EqFreq003 Aux010EqGain003 Aux010EqQ003
2,798,0x031E,ECHO,CONSUMED,True,True,0,UNDECLARED,
2,799,0x031F,ECHO,CONSUMED,True,True,0,UNDECLARED,
2,800,0x0320,ECHO,CONSUMED,True,True,0,UNDECLARED,
2,801,0x0321,ECHO,CONSUMED,True,True,0,UNDECLARED,
2,802,0x0322,ECHO,CONSUMED,True,True,0,UNDECLARED,Aux010EqFreq004 Aux010EqGain004 Aux010EqQ004 Aux010EqShelf002
2,803,0x0323,ECHO,CONSUMED,True,True,0,UNDECLARED,
2,804,0x0324,ECHO,CONSUMED,True,True,0,UNDECLARED,
2,805,0x0325,ECHO,CONSUMED,True,True,0,UNDECLARED,
2,806,0x0326,ECHO,CONSUMED,True,True,0,UNDECLARED,
2,807,0x0327,CLEARED,CONSUMED,True,True,0,UNDECLARED,
2,808,0x0328,UNMAPPED,UNMAPPED,False,False,4,UNDECLARED,Aux010EqOn001
2,809,0x0329,UNMAPPED,UNMAPPED,False,False,4,UNDECLARED,
2,810,0x032A,UNMAPPED,UNMAPPED,False,False,4,UNDECLARED,
2,811,0x032B,ECHO,CONSUMED,True,True,0,UNDECLARED,Aux010Geq001
2,812,0x032C,ECHO,CONSUMED,True,True,0,UNDECLARED,Aux010Geq002
2,813,0x032D,ECHO,CONSUMED,True,True,0,UNDECLARED,Aux010Geq003
2,814,0x032E,ECHO,CONSUMED,True,True,0,UNDECLARED,Aux010Geq004
2,815,0x032F,ECHO,CONSUMED,True,True,0,UNDECLARED,Aux010Geq005
2,816,0x0330,ECHO,CONSUMED,True,True,0,UNDECLARED,Aux010Geq006
2,817,0x0331,ECHO,CONSUMED,True,True,0,UNDECLARED,Aux010Geq007
2,818,0x0332,ECHO,CONSUMED,True,True,0,UNDECLARED,Aux010Geq008
2,819,0x0333,ECHO,CONSUMED,True,True,0,UNDECLARED,Aux010Geq009
2,820,0x0334,ECHO,CONSUMED,True,True,0,UNDECLARED,Aux010Geq010
2,821,0x0335,ECHO,CONSUMED,True,True,0,UNDECLARED,Aux010Geq011
2,822,0x0336,ECHO,CONSUMED,True,True,0,UNDECLARED,Aux010Geq012
2,823,0x0337,ECHO,CONSUMED,True,True,0,UNDECLARED,Aux010Geq013
2,824,0x0338,ECHO,CONSUMED,True,True,0,UNDECLARED,Aux010Geq014
2,825,0x0339,ECHO,CONSUMED,True,True,0,UNDECLARED,Aux010Geq015
2,826,0x033A,ECHO,CONSUMED,True,True,0,UNDECLARED,Aux010Geq016
2,827,0x033B,ECHO,CONSUMED,True,True,0,UNDECLARED,Aux010Geq017
2,828,0x033C,ECHO,CONSUMED,True,True,0,UNDECLARED,Aux010Geq018
2,829,0x033D,ECHO,CONSUMED,True,True,0,UNDECLARED,Aux010Geq019
2,830,0x033E,ECHO,CONSUMED,True,True,0,UNDECLARED,Aux010Geq020
2,831,0x033F,ECHO,CONSUMED,True,True,0,UNDECLARED,Aux010Geq021
2,832,0x0340,ECHO,CONSUMED,True,True,0,UNDECLARED,Aux010Geq022
2,833,0x0341,ECHO,CONSUMED,True,True,0,UNDECLARED,Aux010Geq023
2,834,0x0342,ECHO,CONSUMED,True,True,0,UNDECLARED,Aux010Geq024
2,835,0x0343,ECHO,CONSUMED,True,True,0,UNDECLARED,Aux010Geq025
2,836,0x0344,ECHO,CONSUMED,True,True,0,UNDECLARED,Aux010Geq026
2,837,0x0345,ECHO,CONSUMED,True,True,0,UNDECLARED,Aux010Geq027
2,838,0x0346,ECHO,CONSUMED,True,True,0,UNDECLARED,Aux010Geq028
2,839,0x0347,ECHO,INERT,True,True,0,UNDECLARED,Aux010AntiFbOn001
2,840,0x0348,ECHO,INERT,True,True,0,UNDECLARED,Aux010AntiFbCtrlOn001
2,841,0x0349,ECHO,INERT,True,True,0,UNDECLARED,Aux010AntiFbNotchFreq001
2,842,0x034A,ECHO,INERT,True,True,0,UNDECLARED,Aux010AntiFbNotchFreq002
2,843,0x034B,ECHO,INERT,True,True,0,UNDECLARED,Aux010AntiFbNotchFreq003
2,844,0x034C,ECHO,INERT,True,True,0,UNDECLARED,Aux010AntiFbNotchFreq004
2,845,0x034D,ECHO,INERT,True,True,0,UNDECLARED,Aux010AntiFbNotchFreq005
2,846,0x034E,ECHO,INERT,True,True,0,UNDECLARED,Aux010AntiFbNotchFreq006
2,847,0x034F,ECHO,INERT,True,True,0,UNDECLARED,Aux010AntiFbNotchGain001
2,848,0x0350,ECHO,INERT,True,True,0,UNDECLARED,Aux010AntiFbNotchGain002
2,849,0x0351,ECHO,INERT,True,True,0,UNDECLARED,Aux010AntiFbNotchGain003
2,850,0x0352,ECHO,INERT,True,True,0,UNDECLARED,Aux010AntiFbNotchGain004
2,851,0x0353,ECHO,INERT,True,True,0,UNDECLARED,Aux010AntiFbNotchGain005
2,852,0x0354,ECHO,INERT,True,True,0,UNDECLARED,Aux010AntiFbNotchGain006
2,853,0x0355,ECHO,INERT,True,True,0,UNDECLARED,Aux010AntiFbNotchQ001
2,854,0x0356,ECHO,INERT,True,True,0,UNDECLARED,Aux010AntiFbNotchQ002
2,855,0x0357,ECHO,INERT,True,True,0,UNDECLARED,Aux010AntiFbNotchQ003
2,856,0x0358,ECHO,INERT,True,True,0,UNDECLARED,Aux010AntiFbNotchQ004
2,857,0x0359,ECHO,INERT,True,True,0,UNDECLARED,Aux010AntiFbNotchQ005
2,858,0x035A,ECHO,INERT,True,True,0,UNDECLARED,Aux010AntiFbNotchQ006
2,859,0x035B,UNMAPPED,UNMAPPED,False,False,4,UNDECLARED,
2,860,0x035C,UNMAPPED,UNMAPPED,False,False,4,UNDECLARED,
2,861,0x035D,UNMAPPED,UNMAPPED,False,False,4,UNDECLARED,
2,862,0x035E,UNMAPPED,UNMAPPED,False,False,4,UNDECLARED,
2,863,0x035F,ECHO,CONSUMED,True,True,0,UNDECLARED,Aux010LimiterOn001
2,864,0x0360,ECHO,CONSUMED,True,True,0,UNDECLARED,Aux010LimiterThr001
2,865,0x0361,ECHO,CONSUMED,True,True,0,UNDECLARED,Aux010LimiterAtt001
2,866,0x0362,ECHO,CONSUMED,True,True,0,UNDECLARED,Aux010LimiterRel001
2,867,0x0363,ECHO,CONSUMED,True,True,0,UNDECLARED,Aux010Delay001
2,868,0x0364,ECHO,INERT,True,True,0,UNDECLARED,
2,869,0x0365,UNMAPPED,UNMAPPED,False,False,4,UNDECLARED,
2,870,0x0366,ECHO,CONSUMED,True,True,0,UNDECLARED,Aux011RtgLevel001
2,871,0x0367,ECHO,CONSUMED,True,True,0,UNDECLARED,Aux011Pan001
2,872,0x0368,ECHO,CONSUMED,True,True,0,UNDECLARED,Aux011RtgMute001
2,873,0x0369,ECHO,CONSUMED,True,True,0,UNDECLARED,Aux011RtgDca001
2,874,0x036A,ECHO,CONSUMED,True,True,0,UNDECLARED,Aux011EqFreq001 Aux011EqGain001 Aux011EqHpf001 Aux011EqQ001 Aux011EqShelf001
2,875,0x036B,ECHO,CONSUMED,True,True,0,UNDECLARED,
2,876,0x036C,ECHO,CONSUMED,True,True,0,UNDECLARED,
2,877,0x036D,ECHO,CONSUMED,True,True,0,UNDECLARED,
2,878,0x036E,ECHO,CONSUMED,True,True,0,UNDECLARED,
2,879,0x036F,ECHO,CONSUMED,True,True,0,UNDECLARED,Aux011EqFreq002 Aux011EqGain002 Aux011EqQ002
2,880,0x0370,ECHO,CONSUMED,True,True,0,UNDECLARED,
2,881,0x0371,ECHO,CONSUMED,True,True,0,UNDECLARED,
2,882,0x0372,ECHO,CONSUMED,True,True,0,UNDECLARED,
2,883,0x0373,ECHO,CONSUMED,True,True,0,UNDECLARED,
2,884,0x0374,ECHO,CONSUMED,True,True,0,UNDECLARED,Aux011EqFreq003 Aux011EqGain003 Aux011EqQ003
2,885,0x0375,ECHO,CONSUMED,True,True,0,UNDECLARED,
2,886,0x0376,ECHO,CONSUMED,True,True,0,UNDECLARED,
2,887,0x0377,ECHO,CONSUMED,True,True,0,UNDECLARED,
2,888,0x0378,ECHO,CONSUMED,True,True,0,UNDECLARED,
2,889,0x0379,ECHO,CONSUMED,True,True,0,UNDECLARED,Aux011EqFreq004 Aux011EqGain004 Aux011EqQ004 Aux011EqShelf002
2,890,0x037A,ECHO,CONSUMED,True,True,0,UNDECLARED,
2,891,0x037B,ECHO,CONSUMED,True,True,0,UNDECLARED,
2,892,0x037C,ECHO,CONSUMED,True,True,0,UNDECLARED,
2,893,0x037D,ECHO,CONSUMED,True,True,0,UNDECLARED,
2,894,0x037E,CLEARED,CONSUMED,True,True,0,UNDECLARED,
2,895,0x037F,UNMAPPED,UNMAPPED,False,False,4,UNDECLARED,Aux011EqOn001
2,896,0x0380,UNMAPPED,UNMAPPED,False,False,4,UNDECLARED,
2,897,0x0381,UNMAPPED,UNMAPPED,False,False,4,UNDECLARED,
2,898,0x0382,ECHO,CONSUMED,True,True,0,UNDECLARED,Aux011Geq001
2,899,0x0383,ECHO,CONSUMED,True,True,0,UNDECLARED,Aux011Geq002
2,900,0x0384,ECHO,CONSUMED,True,True,0,UNDECLARED,Aux011Geq003
2,901,0x0385,ECHO,CONSUMED,True,True,0,UNDECLARED,Aux011Geq004
2,902,0x0386,ECHO,CONSUMED,True,True,0,UNDECLARED,Aux011Geq005
2,903,0x0387,ECHO,CONSUMED,True,True,0,UNDECLARED,Aux011Geq006
2,904,0x0388,ECHO,CONSUMED,True,True,0,UNDECLARED,Aux011Geq007
2,905,0x0389,ECHO,CONSUMED,True,True,0,UNDECLARED,Aux011Geq008
2,906,0x038A,ECHO,CONSUMED,True,True,0,UNDECLARED,Aux011Geq009
2,907,0x038B,ECHO,CONSUMED,True,True,0,UNDECLARED,Aux011Geq010
2,908,0x038C,ECHO,CONSUMED,True,True,0,UNDECLARED,Aux011Geq011
2,909,0x038D,ECHO,CONSUMED,True,True,0,UNDECLARED,Aux011Geq012
2,910,0x038E,ECHO,CONSUMED,True,True,0,UNDECLARED,Aux011Geq013
2,911,0x038F,ECHO,CONSUMED,True,True,0,UNDECLARED,Aux011Geq014
2,912,0x0390,ECHO,CONSUMED,True,True,0,UNDECLARED,Aux011Geq015
2,913,0x0391,ECHO,CONSUMED,True,True,0,UNDECLARED,Aux011Geq016
2,914,0x0392,ECHO,CONSUMED,True,True,0,UNDECLARED,Aux011Geq017
2,915,0x0393,ECHO,CONSUMED,True,True,0,UNDECLARED,Aux011Geq018
2,916,0x0394,ECHO,CONSUMED,True,True,0,UNDECLARED,Aux011Geq019
2,917,0x0395,ECHO,CONSUMED,True,True,0,UNDECLARED,Aux011Geq020
2,918,0x0396,ECHO,CONSUMED,True,True,0,UNDECLARED,Aux011Geq021
2,919,0x0397,ECHO,CONSUMED,True,True,0,UNDECLARED,Aux011Geq022
2,920,0x0398,ECHO,CONSUMED,True,True,0,UNDECLARED,Aux011Geq023
2,921,0x0399,ECHO,CONSUMED,True,True,0,UNDECLARED,Aux011Geq024
2,922,0x039A,ECHO,CONSUMED,True,True,0,UNDECLARED,Aux011Geq025
2,923,0x039B,ECHO,CONSUMED,True,True,0,UNDECLARED,Aux011Geq026
2,924,0x039C,ECHO,CONSUMED,True,True,0,UNDECLARED,Aux011Geq027
2,925,0x039D,ECHO,CONSUMED,True,True,0,UNDECLARED,Aux011Geq028
2,926,0x039E,ECHO,INERT,True,True,0,UNDECLARED,Aux011AntiFbOn001
2,927,0x039F,ECHO,INERT,True,True,0,UNDECLARED,Aux011AntiFbCtrlOn001
2,928,0x03A0,ECHO,INERT,True,True,0,UNDECLARED,Aux011AntiFbNotchFreq001
2,929,0x03A1,ECHO,INERT,True,True,0,UNDECLARED,Aux011AntiFbNotchFreq002
2,930,0x03A2,ECHO,INERT,True,True,0,UNDECLARED,Aux011AntiFbNotchFreq003
2,931,0x03A3,ECHO,INERT,True,True,0,UNDECLARED,Aux011AntiFbNotchFreq004
2,932,0x03A4,ECHO,INERT,True,True,0,UNDECLARED,Aux011AntiFbNotchFreq005
2,933,0x03A5,ECHO,INERT,True,True,0,UNDECLARED,Aux011AntiFbNotchFreq006
2,934,0x03A6,ECHO,INERT,True,True,0,UNDECLARED,Aux011AntiFbNotchGain001
2,935,0x03A7,ECHO,INERT,True,True,0,UNDECLARED,Aux011AntiFbNotchGain002
2,936,0x03A8,ECHO,INERT,True,True,0,UNDECLARED,Aux011AntiFbNotchGain003
2,937,0x03A9,ECHO,INERT,True,True,0,UNDECLARED,Aux011AntiFbNotchGain004
2,938,0x03AA,ECHO,INERT,True,True,0,UNDECLARED,Aux011AntiFbNotchGain005
2,939,0x03AB,ECHO,INERT,True,True,0,UNDECLARED,Aux011AntiFbNotchGain006
2,940,0x03AC,ECHO,INERT,True,True,0,UNDECLARED,Aux011AntiFbNotchQ001
2,941,0x03AD,ECHO,INERT,True,True,0,UNDECLARED,Aux011AntiFbNotchQ002
2,942,0x03AE,ECHO,INERT,True,True,0,UNDECLARED,Aux011AntiFbNotchQ003
2,943,0x03AF,ECHO,INERT,True,True,0,UNDECLARED,Aux011AntiFbNotchQ004
2,944,0x03B0,ECHO,INERT,True,True,0,UNDECLARED,Aux011AntiFbNotchQ005
2,945,0x03B1,ECHO,INERT,True,True,0,UNDECLARED,Aux011AntiFbNotchQ006
2,946,0x03B2,UNMAPPED,UNMAPPED,False,False,4,UNDECLARED,
2,947,0x03B3,UNMAPPED,UNMAPPED,False,False,4,UNDECLARED,
2,948,0x03B4,UNMAPPED,UNMAPPED,False,False,4,UNDECLARED,
2,949,0x03B5,UNMAPPED,UNMAPPED,False,False,4,UNDECLARED,
2,950,0x03B6,ECHO,CONSUMED,True,True,0,UNDECLARED,Aux011LimiterOn001
2,951,0x03B7,ECHO,CONSUMED,True,True,0,UNDECLARED,Aux011LimiterThr001
2,952,0x03B8,ECHO,CONSUMED,True,True,0,UNDECLARED,Aux011LimiterAtt001
2,953,0x03B9,ECHO,CONSUMED,True,True,0,UNDECLARED,Aux011LimiterRel001
2,954,0x03BA,ECHO,CONSUMED,True,True,0,UNDECLARED,Aux011Delay001
2,955,0x03BB,ECHO,INERT,True,True,0,UNDECLARED,
2,956,0x03BC,UNMAPPED,UNMAPPED,False,False,4,UNDECLARED,
2,957,0x03BD,ECHO,CONSUMED,True,True,0,UNDECLARED,Aux012RtgLevel001
2,958,0x03BE,ECHO,CONSUMED,True,True,0,UNDECLARED,Aux012Pan001
2,959,0x03BF,ECHO,CONSUMED,True,True,0,UNDECLARED,Aux012RtgMute001
2,960,0x03C0,ECHO,CONSUMED,True,True,0,UNDECLARED,Aux012RtgDca001
2,961,0x03C1,ECHO,CONSUMED,True,True,0,UNDECLARED,Aux012EqFreq001 Aux012EqGain001 Aux012EqHpf001 Aux012EqQ001 Aux012EqShelf001
2,962,0x03C2,ECHO,CONSUMED,True,True,0,UNDECLARED,
2,963,0x03C3,ECHO,CONSUMED,True,True,0,UNDECLARED,
2,964,0x03C4,ECHO,CONSUMED,True,True,0,UNDECLARED,
2,965,0x03C5,ECHO,CONSUMED,True,True,0,UNDECLARED,
2,966,0x03C6,ECHO,CONSUMED,True,True,0,UNDECLARED,Aux012EqFreq002 Aux012EqGain002 Aux012EqQ002
2,967,0x03C7,ECHO,CONSUMED,True,True,0,UNDECLARED,
2,968,0x03C8,ECHO,CONSUMED,True,True,0,UNDECLARED,
2,969,0x03C9,ECHO,CONSUMED,True,True,0,UNDECLARED,
2,970,0x03CA,ECHO,CONSUMED,True,True,0,UNDECLARED,
2,971,0x03CB,ECHO,CONSUMED,True,True,0,UNDECLARED,Aux012EqFreq003 Aux012EqGain003 Aux012EqQ003
2,972,0x03CC,ECHO,CONSUMED,True,True,0,UNDECLARED,
2,973,0x03CD,ECHO,CONSUMED,True,True,0,UNDECLARED,
2,974,0x03CE,ECHO,CONSUMED,True,True,0,UNDECLARED,
2,975,0x03CF,ECHO,CONSUMED,True,True,0,UNDECLARED,
2,976,0x03D0,ECHO,CONSUMED,True,True,0,UNDECLARED,Aux012EqFreq004 Aux012EqGain004 Aux012EqQ004 Aux012EqShelf002
2,977,0x03D1,ECHO,CONSUMED,True,True,0,UNDECLARED,
2,978,0x03D2,ECHO,CONSUMED,True,True,0,UNDECLARED,
2,979,0x03D3,ECHO,CONSUMED,True,True,0,UNDECLARED,
2,980,0x03D4,ECHO,CONSUMED,True,True,0,UNDECLARED,
2,981,0x03D5,CLEARED,CONSUMED,True,True,0,UNDECLARED,
2,982,0x03D6,UNMAPPED,UNMAPPED,False,False,4,UNDECLARED,Aux012EqOn001
2,983,0x03D7,UNMAPPED,UNMAPPED,False,False,4,UNDECLARED,
2,984,0x03D8,UNMAPPED,UNMAPPED,False,False,4,UNDECLARED,
2,985,0x03D9,ECHO,CONSUMED,True,True,0,UNDECLARED,Aux012Geq001
2,986,0x03DA,ECHO,CONSUMED,True,True,0,UNDECLARED,Aux012Geq002
2,987,0x03DB,ECHO,CONSUMED,True,True,0,UNDECLARED,Aux012Geq003
2,988,0x03DC,ECHO,CONSUMED,True,True,0,UNDECLARED,Aux012Geq004
2,989,0x03DD,ECHO,CONSUMED,True,True,0,UNDECLARED,Aux012Geq005
2,990,0x03DE,ECHO,CONSUMED,True,True,0,UNDECLARED,Aux012Geq006
2,991,0x03DF,ECHO,CONSUMED,True,True,0,UNDECLARED,Aux012Geq007
2,992,0x03E0,ECHO,CONSUMED,True,True,0,UNDECLARED,Aux012Geq008
2,993,0x03E1,ECHO,CONSUMED,True,True,0,UNDECLARED,Aux012Geq009
2,994,0x03E2,ECHO,CONSUMED,True,True,0,UNDECLARED,Aux012Geq010
2,995,0x03E3,ECHO,CONSUMED,True,True,0,UNDECLARED,Aux012Geq011
2,996,0x03E4,ECHO,CONSUMED,True,True,0,UNDECLARED,Aux012Geq012
2,997,0x03E5,ECHO,CONSUMED,True,True,0,UNDECLARED,Aux012Geq013
2,998,0x03E6,ECHO,CONSUMED,True,True,0,UNDECLARED,Aux012Geq014
2,999,0x03E7,ECHO,CONSUMED,True,True,0,UNDECLARED,Aux012Geq015
2,1000,0x03E8,ECHO,CONSUMED,True,True,0,UNDECLARED,Aux012Geq016
2,1001,0x03E9,ECHO,CONSUMED,True,True,0,UNDECLARED,Aux012Geq017
2,1002,0x03EA,ECHO,CONSUMED,True,True,0,UNDECLARED,Aux012Geq018
2,1003,0x03EB,ECHO,CONSUMED,True,True,0,UNDECLARED,Aux012Geq019
2,1004,0x03EC,ECHO,CONSUMED,True,True,0,UNDECLARED,Aux012Geq020
2,1005,0x03ED,ECHO,CONSUMED,True,True,0,UNDECLARED,Aux012Geq021
2,1006,0x03EE,ECHO,CONSUMED,True,True,0,UNDECLARED,Aux012Geq022
2,1007,0x03EF,ECHO,CONSUMED,True,True,0,UNDECLARED,Aux012Geq023
2,1008,0x03F0,ECHO,CONSUMED,True,True,0,UNDECLARED,Aux012Geq024
2,1009,0x03F1,ECHO,CONSUMED,True,True,0,UNDECLARED,Aux012Geq025
2,1010,0x03F2,ECHO,CONSUMED,True,True,0,UNDECLARED,Aux012Geq026
2,1011,0x03F3,ECHO,CONSUMED,True,True,0,UNDECLARED,Aux012Geq027
2,1012,0x03F4,ECHO,CONSUMED,True,True,0,UNDECLARED,Aux012Geq028
2,1013,0x03F5,ECHO,INERT,True,True,0,UNDECLARED,Aux012AntiFbOn001
2,1014,0x03F6,ECHO,INERT,True,True,0,UNDECLARED,Aux012AntiFbCtrlOn001
2,1015,0x03F7,ECHO,INERT,True,True,0,UNDECLARED,Aux012AntiFbNotchFreq001
2,1016,0x03F8,ECHO,INERT,True,True,0,UNDECLARED,Aux012AntiFbNotchFreq002
2,1017,0x03F9,ECHO,INERT,True,True,0,UNDECLARED,Aux012AntiFbNotchFreq003
2,1018,0x03FA,ECHO,INERT,True,True,0,UNDECLARED,Aux012AntiFbNotchFreq004
2,1019,0x03FB,ECHO,INERT,True,True,0,UNDECLARED,Aux012AntiFbNotchFreq005
2,1020,0x03FC,ECHO,INERT,True,True,0,UNDECLARED,Aux012AntiFbNotchFreq006
2,1021,0x03FD,ECHO,INERT,True,True,0,UNDECLARED,Aux012AntiFbNotchGain001
2,1022,0x03FE,ECHO,INERT,True,True,0,UNDECLARED,Aux012AntiFbNotchGain002
2,1023,0x03FF,ECHO,INERT,True,True,0,UNDECLARED,Aux012AntiFbNotchGain003
2,1024,0x0400,ECHO,INERT,True,True,0,UNDECLARED,Aux012AntiFbNotchGain004
2,1025,0x0401,ECHO,INERT,True,True,0,UNDECLARED,Aux012AntiFbNotchGain005
2,1026,0x0402,ECHO,INERT,True,True,0,UNDECLARED,Aux012AntiFbNotchGain006
2,1027,0x0403,ECHO,INERT,True,True,0,UNDECLARED,Aux012AntiFbNotchQ001
2,1028,0x0404,ECHO,INERT,True,True,0,UNDECLARED,Aux012AntiFbNotchQ002
2,1029,0x0405,ECHO,INERT,True,True,0,UNDECLARED,Aux012AntiFbNotchQ003
2,1030,0x0406,ECHO,INERT,True,True,0,UNDECLARED,Aux012AntiFbNotchQ004
2,1031,0x0407,ECHO,INERT,True,True,0,UNDECLARED,Aux012AntiFbNotchQ005
2,1032,0x0408,ECHO,INERT,True,True,0,UNDECLARED,Aux012AntiFbNotchQ006
2,1033,0x0409,UNMAPPED,UNMAPPED,False,False,4,UNDECLARED,
2,1034,0x040A,UNMAPPED,UNMAPPED,False,False,4,UNDECLARED,
2,1035,0x040B,UNMAPPED,UNMAPPED,False,False,4,UNDECLARED,
2,1036,0x040C,UNMAPPED,UNMAPPED,False,False,4,UNDECLARED,
2,1037,0x040D,ECHO,CONSUMED,True,True,0,UNDECLARED,Aux012LimiterOn001
2,1038,0x040E,ECHO,CONSUMED,True,True,0,UNDECLARED,Aux012LimiterThr001
2,1039,0x040F,ECHO,CONSUMED,True,True,0,UNDECLARED,Aux012LimiterAtt001
2,1040,0x0410,ECHO,CONSUMED,True,True,0,UNDECLARED,Aux012LimiterRel001
2,1041,0x0411,ECHO,CONSUMED,True,True,0,UNDECLARED,Aux012Delay001
2,1042,0x0412,ECHO,INERT,True,True,0,UNDECLARED,
2,1043,0x0413,UNMAPPED,UNMAPPED,False,False,4,UNDECLARED,
2,1044,0x0414,ECHO,CONSUMED,True,True,0,UNDECLARED,Grp001RtgLevel001
2,1045,0x0415,ECHO,CONSUMED,True,True,0,UNDECLARED,
2,1046,0x0416,ECHO,CONSUMED,True,True,0,UNDECLARED,Grp001RtgMute001
2,1047,0x0417,ECHO,CONSUMED,True,True,0,UNDECLARED,Grp001RtgDca001
2,1048,0x0418,ECHO,CONSUMED,True,True,0,UNDECLARED,Grp001EqFreq001 Grp001EqGain001 Grp001EqHpf001 Grp001EqQ001 Grp001EqShelf001
2,1049,0x0419,ECHO,CONSUMED,True,True,0,UNDECLARED,
2,1050,0x041A,ECHO,CONSUMED,True,True,0,UNDECLARED,
2,1051,0x041B,ECHO,CONSUMED,True,True,0,UNDECLARED,
2,1052,0x041C,ECHO,CONSUMED,True,True,0,UNDECLARED,
2,1053,0x041D,ECHO,CONSUMED,True,True,0,UNDECLARED,Grp001EqFreq002 Grp001EqGain002 Grp001EqQ002
2,1054,0x041E,ECHO,CONSUMED,True,True,0,UNDECLARED,
2,1055,0x041F,ECHO,CONSUMED,True,True,0,UNDECLARED,
2,1056,0x0420,ECHO,CONSUMED,True,True,0,UNDECLARED,
2,1057,0x0421,ECHO,CONSUMED,True,True,0,UNDECLARED,
2,1058,0x0422,ECHO,CONSUMED,True,True,0,UNDECLARED,Grp001EqFreq003 Grp001EqGain003 Grp001EqQ003
2,1059,0x0423,ECHO,CONSUMED,True,True,0,UNDECLARED,
2,1060,0x0424,ECHO,CONSUMED,True,True,0,UNDECLARED,
2,1061,0x0425,ECHO,CONSUMED,True,True,0,UNDECLARED,
2,1062,0x0426,ECHO,CONSUMED,True,True,0,UNDECLARED,
2,1063,0x0427,ECHO,CONSUMED,True,True,0,UNDECLARED,Grp001EqFreq004 Grp001EqGain004 Grp001EqQ004 Grp001EqShelf002
2,1064,0x0428,ECHO,CONSUMED,True,True,0,UNDECLARED,
2,1065,0x0429,ECHO,CONSUMED,True,True,0,UNDECLARED,
2,1066,0x042A,ECHO,CONSUMED,True,True,0,UNDECLARED,
2,1067,0x042B,ECHO,CONSUMED,True,True,0,UNDECLARED,
2,1068,0x042C,CLEARED,CONSUMED,True,True,0,UNDECLARED,
2,1069,0x042D,UNMAPPED,UNMAPPED,False,False,4,UNDECLARED,Grp001EqOn001
2,1070,0x042E,UNMAPPED,UNMAPPED,False,False,4,UNDECLARED,
2,1071,0x042F,UNMAPPED,UNMAPPED,False,False,4,UNDECLARED,
2,1072,0x0430,ECHO,CONSUMED,True,True,0,UNDECLARED,Grp001GateOn001
2,1073,0x0431,ECHO,CONSUMED,True,True,0,UNDECLARED,Grp001GateThr001
2,1074,0x0432,ECHO,CONSUMED,True,True,0,UNDECLARED,Grp001GateAtt001
2,1075,0x0433,ECHO,CONSUMED,True,True,0,UNDECLARED,Grp001GateHold001
2,1076,0x0434,ECHO,CONSUMED,True,True,0,UNDECLARED,Grp001GateRel001
2,1077,0x0435,ECHO,CONSUMED,True,True,0,UNDECLARED,Grp001GateRng001
2,1078,0x0436,ECHO,INERT,True,True,0,UNDECLARED,Grp001GateKey001
2,1079,0x0437,ECHO,INERT,True,True,0,UNDECLARED,Grp001GateDetSrc001
2,1080,0x0438,ECHO,CONSUMED,True,True,0,UNDECLARED,Grp001GateFilterOn001
2,1081,0x0439,ECHO,CONSUMED,True,True,0,UNDECLARED,Grp001GateFilterHpf001 Grp001GateFilterQ001
2,1082,0x043A,ECHO,CONSUMED,True,True,0,UNDECLARED,
2,1083,0x043B,ECHO,CONSUMED,True,True,0,UNDECLARED,
2,1084,0x043C,ECHO,CONSUMED,True,True,0,UNDECLARED,
2,1085,0x043D,ECHO,CONSUMED,True,True,0,UNDECLARED,
2,1086,0x043E,ECHO,CONSUMED,True,True,0,UNDECLARED,Grp001GateFilterLpf001
2,1087,0x043F,ECHO,CONSUMED,True,True,0,UNDECLARED,
2,1088,0x0440,ECHO,CONSUMED,True,True,0,UNDECLARED,Grp001CompOn001
2,1089,0x0441,ECHO,CONSUMED,True,True,0,UNDECLARED,Grp001CompThr001
2,1090,0x0442,ECHO,CONSUMED,True,True,0,UNDECLARED,Grp001CompRat001
2,1091,0x0443,ECHO,CONSUMED,True,True,0,UNDECLARED,Grp001CompAtt001
2,1092,0x0444,ECHO,CONSUMED,True,True,0,UNDECLARED,Grp001CompRel001
2,1093,0x0445,ECHO,CONSUMED,True,True,0,UNDECLARED,Grp001CompMake001
2,1094,0x0446,ECHO,CONSUMED,True,True,0,UNDECLARED,Grp001CompKnee001
2,1095,0x0447,ECHO,CONSUMED,True,True,0,UNDECLARED,Grp001CompPar001
2,1096,0x0448,ECHO,INERT,True,True,0,UNDECLARED,Grp001CompType001
2,1097,0x0449,ECHO,INERT,True,True,0,UNDECLARED,Grp001CompKey001
2,1098,0x044A,ECHO,INERT,True,True,0,UNDECLARED,Grp001CompDetSrc001
2,1099,0x044B,ECHO,INERT,True,True,0,UNDECLARED,Grp001CompLimMode001
2,1100,0x044C,ECHO,INERT,True,True,0,UNDECLARED,Grp001CompEqPos001
2,1101,0x044D,ECHO,INERT,True,True,0,UNDECLARED,Grp001CompFilterOn001
2,1102,0x044E,ECHO,INERT,True,True,0,UNDECLARED,Grp001CompFilterHpf001 Grp001CompFilterLpf001 Grp001CompFilterQ001
2,1103,0x044F,ECHO,INERT,True,True,0,UNDECLARED,
2,1104,0x0450,ECHO,CONSUMED,True,True,0,UNDECLARED,Grp002RtgLevel001
2,1105,0x0451,ECHO,CONSUMED,True,True,0,UNDECLARED,
2,1106,0x0452,ECHO,CONSUMED,True,True,0,UNDECLARED,Grp002RtgMute001
2,1107,0x0453,ECHO,CONSUMED,True,True,0,UNDECLARED,Grp002RtgDca001
2,1108,0x0454,ECHO,CONSUMED,True,True,0,UNDECLARED,Grp002EqFreq001 Grp002EqGain001 Grp002EqHpf001 Grp002EqQ001 Grp002EqShelf001
2,1109,0x0455,ECHO,CONSUMED,True,True,0,UNDECLARED,
2,1110,0x0456,ECHO,CONSUMED,True,True,0,UNDECLARED,
2,1111,0x0457,ECHO,CONSUMED,True,True,0,UNDECLARED,
2,1112,0x0458,ECHO,CONSUMED,True,True,0,UNDECLARED,
2,1113,0x0459,ECHO,CONSUMED,True,True,0,UNDECLARED,Grp002EqFreq002 Grp002EqGain002 Grp002EqQ002
2,1114,0x045A,ECHO,CONSUMED,True,True,0,UNDECLARED,
2,1115,0x045B,ECHO,CONSUMED,True,True,0,UNDECLARED,
2,1116,0x045C,ECHO,CONSUMED,True,True,0,UNDECLARED,
2,1117,0x045D,ECHO,CONSUMED,True,True,0,UNDECLARED,
2,1118,0x045E,ECHO,CONSUMED,True,True,0,UNDECLARED,Grp002EqFreq003 Grp002EqGain003 Grp002EqQ003
2,1119,0x045F,ECHO,CONSUMED,True,True,0,UNDECLARED,
2,1120,0x0460,ECHO,CONSUMED,True,True,0,UNDECLARED,
2,1121,0x0461,ECHO,CONSUMED,True,True,0,UNDECLARED,
2,1122,0x0462,ECHO,CONSUMED,True,True,0,UNDECLARED,
2,1123,0x0463,ECHO,CONSUMED,True,True,0,UNDECLARED,Grp002EqFreq004 Grp002EqGain004 Grp002EqQ004 Grp002EqShelf002
2,1124,0x0464,ECHO,CONSUMED,True,True,0,UNDECLARED,
2,1125,0x0465,ECHO,CONSUMED,True,True,0,UNDECLARED,
2,1126,0x0466,ECHO,CONSUMED,True,True,0,UNDECLARED,
2,1127,0x0467,ECHO,CONSUMED,True,True,0,UNDECLARED,
2,1128,0x0468,CLEARED,CONSUMED,True,True,0,UNDECLARED,
2,1129,0x0469,UNMAPPED,UNMAPPED,False,False,4,UNDECLARED,Grp002EqOn001
2,1130,0x046A,UNMAPPED,UNMAPPED,False,False,4,UNDECLARED,
2,1131,0x046B,UNMAPPED,UNMAPPED,False,False,4,UNDECLARED,
2,1132,0x046C,ECHO,CONSUMED,True,True,0,UNDECLARED,Grp002GateOn001
2,1133,0x046D,ECHO,CONSUMED,True,True,0,UNDECLARED,Grp002GateThr001
2,1134,0x046E,ECHO,CONSUMED,True,True,0,UNDECLARED,Grp002GateAtt001
2,1135,0x046F,ECHO,CONSUMED,True,True,0,UNDECLARED,Grp002GateHold001
2,1136,0x0470,ECHO,CONSUMED,True,True,0,UNDECLARED,Grp002GateRel001
2,1137,0x0471,ECHO,CONSUMED,True,True,0,UNDECLARED,Grp002GateRng001
2,1138,0x0472,ECHO,INERT,True,True,0,UNDECLARED,Grp002GateKey001
2,1139,0x0473,ECHO,INERT,True,True,0,UNDECLARED,Grp002GateDetSrc001
2,1140,0x0474,ECHO,CONSUMED,True,True,0,UNDECLARED,Grp002GateFilterOn001
2,1141,0x0475,ECHO,CONSUMED,True,True,0,UNDECLARED,Grp002GateFilterHpf001 Grp002GateFilterQ001
2,1142,0x0476,ECHO,CONSUMED,True,True,0,UNDECLARED,
2,1143,0x0477,ECHO,CONSUMED,True,True,0,UNDECLARED,
2,1144,0x0478,ECHO,CONSUMED,True,True,0,UNDECLARED,
2,1145,0x0479,ECHO,CONSUMED,True,True,0,UNDECLARED,
2,1146,0x047A,ECHO,CONSUMED,True,True,0,UNDECLARED,Grp002GateFilterLpf001
2,1147,0x047B,ECHO,CONSUMED,True,True,0,UNDECLARED,
2,1148,0x047C,ECHO,CONSUMED,True,True,0,UNDECLARED,Grp002CompOn001
2,1149,0x047D,ECHO,CONSUMED,True,True,0,UNDECLARED,Grp002CompThr001
2,1150,0x047E,ECHO,CONSUMED,True,True,0,UNDECLARED,Grp002CompRat001
2,1151,0x047F,ECHO,CONSUMED,True,True,0,UNDECLARED,Grp002CompAtt001
2,1152,0x0480,ECHO,CONSUMED,True,True,0,UNDECLARED,Grp002CompRel001
2,1153,0x0481,ECHO,CONSUMED,True,True,0,UNDECLARED,Grp002CompMake001
2,1154,0x0482,ECHO,CONSUMED,True,True,0,UNDECLARED,Grp002CompKnee001
2,1155,0x0483,ECHO,CONSUMED,True,True,0,UNDECLARED,Grp002CompPar001
2,1156,0x0484,ECHO,INERT,True,True,0,UNDECLARED,Grp002CompType001
2,1157,0x0485,ECHO,INERT,True,True,0,UNDECLARED,Grp002CompKey001
2,1158,0x0486,ECHO,INERT,True,True,0,UNDECLARED,Grp002CompDetSrc001
2,1159,0x0487,ECHO,INERT,True,True,0,UNDECLARED,Grp002CompLimMode001
2,1160,0x0488,ECHO,INERT,True,True,0,UNDECLARED,Grp002CompEqPos001
2,1161,0x0489,ECHO,INERT,True,True,0,UNDECLARED,Grp002CompFilterOn001
2,1162,0x048A,ECHO,INERT,True,True,0,UNDECLARED,Grp002CompFilterHpf001 Grp002CompFilterLpf001 Grp002CompFilterQ001
2,1163,0x048B,ECHO,INERT,True,True,0,UNDECLARED,
2,1164,0x048C,ECHO,CONSUMED,True,True,0,UNDECLARED,Grp003RtgLevel001
2,1165,0x048D,ECHO,CONSUMED,True,True,0,UNDECLARED,
2,1166,0x048E,ECHO,CONSUMED,True,True,0,UNDECLARED,Grp003RtgMute001
2,1167,0x048F,ECHO,CONSUMED,True,True,0,UNDECLARED,Grp003RtgDca001
2,1168,0x0490,ECHO,CONSUMED,True,True,0,UNDECLARED,Grp003EqFreq001 Grp003EqGain001 Grp003EqHpf001 Grp003EqQ001 Grp003EqShelf001
2,1169,0x0491,ECHO,CONSUMED,True,True,0,UNDECLARED,
2,1170,0x0492,ECHO,CONSUMED,True,True,0,UNDECLARED,
2,1171,0x0493,ECHO,CONSUMED,True,True,0,UNDECLARED,
2,1172,0x0494,ECHO,CONSUMED,True,True,0,UNDECLARED,
2,1173,0x0495,ECHO,CONSUMED,True,True,0,UNDECLARED,Grp003EqFreq002 Grp003EqGain002 Grp003EqQ002
2,1174,0x0496,ECHO,CONSUMED,True,True,0,UNDECLARED,
2,1175,0x0497,ECHO,CONSUMED,True,True,0,UNDECLARED,
2,1176,0x0498,ECHO,CONSUMED,True,True,0,UNDECLARED,
2,1177,0x0499,ECHO,CONSUMED,True,True,0,UNDECLARED,
2,1178,0x049A,ECHO,CONSUMED,True,True,0,UNDECLARED,Grp003EqFreq003 Grp003EqGain003 Grp003EqQ003
2,1179,0x049B,ECHO,CONSUMED,True,True,0,UNDECLARED,
2,1180,0x049C,ECHO,CONSUMED,True,True,0,UNDECLARED,
2,1181,0x049D,ECHO,CONSUMED,True,True,0,UNDECLARED,
2,1182,0x049E,ECHO,CONSUMED,True,True,0,UNDECLARED,
2,1183,0x049F,ECHO,CONSUMED,True,True,0,UNDECLARED,Grp003EqFreq004 Grp003EqGain004 Grp003EqQ004 Grp003EqShelf002
2,1184,0x04A0,ECHO,CONSUMED,True,True,0,UNDECLARED,
2,1185,0x04A1,ECHO,CONSUMED,True,True,0,UNDECLARED,
2,1186,0x04A2,ECHO,CONSUMED,True,True,0,UNDECLARED,
2,1187,0x04A3,ECHO,CONSUMED,True,True,0,UNDECLARED,
2,1188,0x04A4,CLEARED,CONSUMED,True,True,0,UNDECLARED,
2,1189,0x04A5,UNMAPPED,UNMAPPED,False,False,4,UNDECLARED,Grp003EqOn001
2,1190,0x04A6,UNMAPPED,UNMAPPED,False,False,4,UNDECLARED,
2,1191,0x04A7,UNMAPPED,UNMAPPED,False,False,4,UNDECLARED,
2,1192,0x04A8,ECHO,CONSUMED,True,True,0,UNDECLARED,Grp003GateOn001
2,1193,0x04A9,ECHO,CONSUMED,True,True,0,UNDECLARED,Grp003GateThr001
2,1194,0x04AA,ECHO,CONSUMED,True,True,0,UNDECLARED,Grp003GateAtt001
2,1195,0x04AB,ECHO,CONSUMED,True,True,0,UNDECLARED,Grp003GateHold001
2,1196,0x04AC,ECHO,CONSUMED,True,True,0,UNDECLARED,Grp003GateRel001
2,1197,0x04AD,ECHO,CONSUMED,True,True,0,UNDECLARED,Grp003GateRng001
2,1198,0x04AE,ECHO,INERT,True,True,0,UNDECLARED,Grp003GateKey001
2,1199,0x04AF,ECHO,INERT,True,True,0,UNDECLARED,Grp003GateDetSrc001
2,1200,0x04B0,ECHO,CONSUMED,True,True,0,UNDECLARED,Grp003GateFilterOn001
2,1201,0x04B1,ECHO,CONSUMED,True,True,0,UNDECLARED,Grp003GateFilterHpf001 Grp003GateFilterQ001
2,1202,0x04B2,ECHO,CONSUMED,True,True,0,UNDECLARED,
2,1203,0x04B3,ECHO,CONSUMED,True,True,0,UNDECLARED,
2,1204,0x04B4,ECHO,CONSUMED,True,True,0,UNDECLARED,
2,1205,0x04B5,ECHO,CONSUMED,True,True,0,UNDECLARED,
2,1206,0x04B6,ECHO,CONSUMED,True,True,0,UNDECLARED,Grp003GateFilterLpf001
2,1207,0x04B7,ECHO,CONSUMED,True,True,0,UNDECLARED,
2,1208,0x04B8,ECHO,CONSUMED,True,True,0,UNDECLARED,Grp003CompOn001
2,1209,0x04B9,ECHO,CONSUMED,True,True,0,UNDECLARED,Grp003CompThr001
2,1210,0x04BA,ECHO,CONSUMED,True,True,0,UNDECLARED,Grp003CompRat001
2,1211,0x04BB,ECHO,CONSUMED,True,True,0,UNDECLARED,Grp003CompAtt001
2,1212,0x04BC,ECHO,CONSUMED,True,True,0,UNDECLARED,Grp003CompRel001
2,1213,0x04BD,ECHO,CONSUMED,True,True,0,UNDECLARED,Grp003CompMake001
2,1214,0x04BE,ECHO,CONSUMED,True,True,0,UNDECLARED,Grp003CompKnee001
2,1215,0x04BF,ECHO,CONSUMED,True,True,0,UNDECLARED,Grp003CompPar001
2,1216,0x04C0,ECHO,INERT,True,True,0,UNDECLARED,Grp003CompType001
2,1217,0x04C1,ECHO,INERT,True,True,0,UNDECLARED,Grp003CompKey001
2,1218,0x04C2,ECHO,INERT,True,True,0,UNDECLARED,Grp003CompDetSrc001
2,1219,0x04C3,ECHO,INERT,True,True,0,UNDECLARED,Grp003CompLimMode001
2,1220,0x04C4,ECHO,INERT,True,True,0,UNDECLARED,Grp003CompEqPos001
2,1221,0x04C5,ECHO,INERT,True,True,0,UNDECLARED,Grp003CompFilterOn001
2,1222,0x04C6,ECHO,INERT,True,True,0,UNDECLARED,Grp003CompFilterHpf001 Grp003CompFilterLpf001 Grp003CompFilterQ001
2,1223,0x04C7,ECHO,INERT,True,True,0,UNDECLARED,
2,1224,0x04C8,ECHO,CONSUMED,True,True,0,UNDECLARED,Grp004RtgLevel001
2,1225,0x04C9,ECHO,CONSUMED,True,True,0,UNDECLARED,
2,1226,0x04CA,ECHO,CONSUMED,True,True,0,UNDECLARED,Grp004RtgMute001
2,1227,0x04CB,ECHO,CONSUMED,True,True,0,UNDECLARED,Grp004RtgDca001
2,1228,0x04CC,ECHO,CONSUMED,True,True,0,UNDECLARED,Grp004EqFreq001 Grp004EqGain001 Grp004EqHpf001 Grp004EqQ001 Grp004EqShelf001
2,1229,0x04CD,ECHO,CONSUMED,True,True,0,UNDECLARED,
2,1230,0x04CE,ECHO,CONSUMED,True,True,0,UNDECLARED,
2,1231,0x04CF,ECHO,CONSUMED,True,True,0,UNDECLARED,
2,1232,0x04D0,ECHO,CONSUMED,True,True,0,UNDECLARED,
2,1233,0x04D1,ECHO,CONSUMED,True,True,0,UNDECLARED,Grp004EqFreq002 Grp004EqGain002 Grp004EqQ002
2,1234,0x04D2,ECHO,CONSUMED,True,True,0,UNDECLARED,
2,1235,0x04D3,ECHO,CONSUMED,True,True,0,UNDECLARED,
2,1236,0x04D4,ECHO,CONSUMED,True,True,0,UNDECLARED,
2,1237,0x04D5,ECHO,CONSUMED,True,True,0,UNDECLARED,
2,1238,0x04D6,ECHO,CONSUMED,True,True,0,UNDECLARED,Grp004EqFreq003 Grp004EqGain003 Grp004EqQ003
2,1239,0x04D7,ECHO,CONSUMED,True,True,0,UNDECLARED,
2,1240,0x04D8,ECHO,CONSUMED,True,True,0,UNDECLARED,
2,1241,0x04D9,ECHO,CONSUMED,True,True,0,UNDECLARED,
2,1242,0x04DA,ECHO,CONSUMED,True,True,0,UNDECLARED,
2,1243,0x04DB,ECHO,CONSUMED,True,True,0,UNDECLARED,Grp004EqFreq004 Grp004EqGain004 Grp004EqQ004 Grp004EqShelf002
2,1244,0x04DC,ECHO,CONSUMED,True,True,0,UNDECLARED,
2,1245,0x04DD,ECHO,CONSUMED,True,True,0,UNDECLARED,
2,1246,0x04DE,ECHO,CONSUMED,True,True,0,UNDECLARED,
2,1247,0x04DF,ECHO,CONSUMED,True,True,0,UNDECLARED,
2,1248,0x04E0,CLEARED,CONSUMED,True,True,0,UNDECLARED,
2,1249,0x04E1,UNMAPPED,UNMAPPED,False,False,4,UNDECLARED,Grp004EqOn001
2,1250,0x04E2,UNMAPPED,UNMAPPED,False,False,4,UNDECLARED,
2,1251,0x04E3,UNMAPPED,UNMAPPED,False,False,4,UNDECLARED,
2,1252,0x04E4,ECHO,CONSUMED,True,True,0,UNDECLARED,Grp004GateOn001
2,1253,0x04E5,ECHO,CONSUMED,True,True,0,UNDECLARED,Grp004GateThr001
2,1254,0x04E6,ECHO,CONSUMED,True,True,0,UNDECLARED,Grp004GateAtt001
2,1255,0x04E7,ECHO,CONSUMED,True,True,0,UNDECLARED,Grp004GateHold001
2,1256,0x04E8,ECHO,CONSUMED,True,True,0,UNDECLARED,Grp004GateRel001
2,1257,0x04E9,ECHO,CONSUMED,True,True,0,UNDECLARED,Grp004GateRng001
2,1258,0x04EA,ECHO,INERT,True,True,0,UNDECLARED,Grp004GateKey001
2,1259,0x04EB,ECHO,INERT,True,True,0,UNDECLARED,Grp004GateDetSrc001
2,1260,0x04EC,ECHO,CONSUMED,True,True,0,UNDECLARED,Grp004GateFilterOn001
2,1261,0x04ED,ECHO,CONSUMED,True,True,0,UNDECLARED,Grp004GateFilterHpf001 Grp004GateFilterQ001
2,1262,0x04EE,ECHO,CONSUMED,True,True,0,UNDECLARED,
2,1263,0x04EF,ECHO,CONSUMED,True,True,0,UNDECLARED,
2,1264,0x04F0,ECHO,CONSUMED,True,True,0,UNDECLARED,
2,1265,0x04F1,ECHO,CONSUMED,True,True,0,UNDECLARED,
2,1266,0x04F2,ECHO,CONSUMED,True,True,0,UNDECLARED,Grp004GateFilterLpf001
2,1267,0x04F3,ECHO,CONSUMED,True,True,0,UNDECLARED,
2,1268,0x04F4,ECHO,CONSUMED,True,True,0,UNDECLARED,Grp004CompOn001
2,1269,0x04F5,ECHO,CONSUMED,True,True,0,UNDECLARED,Grp004CompThr001
2,1270,0x04F6,ECHO,CONSUMED,True,True,0,UNDECLARED,Grp004CompRat001
2,1271,0x04F7,ECHO,CONSUMED,True,True,0,UNDECLARED,Grp004CompAtt001
2,1272,0x04F8,ECHO,CONSUMED,True,True,0,UNDECLARED,Grp004CompRel001
2,1273,0x04F9,ECHO,CONSUMED,True,True,0,UNDECLARED,Grp004CompMake001
2,1274,0x04FA,ECHO,CONSUMED,True,True,0,UNDECLARED,Grp004CompKnee001
2,1275,0x04FB,ECHO,CONSUMED,True,True,0,UNDECLARED,Grp004CompPar001
2,1276,0x04FC,ECHO,INERT,True,True,0,UNDECLARED,Grp004CompType001
2,1277,0x04FD,ECHO,INERT,True,True,0,UNDECLARED,Grp004CompKey001
2,1278,0x04FE,ECHO,INERT,True,True,0,UNDECLARED,Grp004CompDetSrc001
2,1279,0x04FF,ECHO,INERT,True,True,0,UNDECLARED,Grp004CompLimMode001
2,1280,0x0500,ECHO,INERT,True,True,0,UNDECLARED,Grp004CompEqPos001
2,1281,0x0501,ECHO,INERT,True,True,0,UNDECLARED,Grp004CompFilterOn001
2,1282,0x0502,ECHO,INERT,True,True,0,UNDECLARED,Grp004CompFilterHpf001 Grp004CompFilterLpf001 Grp004CompFilterQ001
2,1283,0x0503,ECHO,INERT,True,True,0,UNDECLARED,
2,1284,0x0504,ECHO,CONSUMED,True,True,0,UNDECLARED,Sub001RtgLevel001
2,1285,0x0505,ECHO,CONSUMED,True,True,0,UNDECLARED,
2,1286,0x0506,ECHO,CONSUMED,True,True,0,UNDECLARED,Sub001RtgMute001
2,1287,0x0507,ECHO,CONSUMED,True,True,0,UNDECLARED,Sub001RtgDca001
2,1288,0x0508,ECHO,CONSUMED,True,True,0,UNDECLARED,Sub001EqFreq001 Sub001EqGain001 Sub001EqHpf001 Sub001EqQ001 Sub001EqShelf001
2,1289,0x0509,ECHO,CONSUMED,True,True,0,UNDECLARED,
2,1290,0x050A,ECHO,CONSUMED,True,True,0,UNDECLARED,
2,1291,0x050B,ECHO,CONSUMED,True,True,0,UNDECLARED,
2,1292,0x050C,ECHO,CONSUMED,True,True,0,UNDECLARED,
2,1293,0x050D,ECHO,CONSUMED,True,True,0,UNDECLARED,Sub001EqFreq002 Sub001EqGain002 Sub001EqQ002
2,1294,0x050E,ECHO,CONSUMED,True,True,0,UNDECLARED,
2,1295,0x050F,ECHO,CONSUMED,True,True,0,UNDECLARED,
2,1296,0x0510,ECHO,CONSUMED,True,True,0,UNDECLARED,
2,1297,0x0511,ECHO,CONSUMED,True,True,0,UNDECLARED,
2,1298,0x0512,ECHO,CONSUMED,True,True,0,UNDECLARED,Sub001EqFreq003 Sub001EqGain003 Sub001EqQ003
2,1299,0x0513,ECHO,CONSUMED,True,True,0,UNDECLARED,
2,1300,0x0514,ECHO,CONSUMED,True,True,0,UNDECLARED,
2,1301,0x0515,ECHO,CONSUMED,True,True,0,UNDECLARED,
2,1302,0x0516,ECHO,CONSUMED,True,True,0,UNDECLARED,
2,1303,0x0517,ECHO,CONSUMED,True,True,0,UNDECLARED,Sub001EqFreq004 Sub001EqGain004 Sub001EqQ004 Sub001EqShelf002
2,1304,0x0518,ECHO,CONSUMED,True,True,0,UNDECLARED,
2,1305,0x0519,ECHO,CONSUMED,True,True,0,UNDECLARED,
2,1306,0x051A,ECHO,CONSUMED,True,True,0,UNDECLARED,
2,1307,0x051B,ECHO,CONSUMED,True,True,0,UNDECLARED,
2,1308,0x051C,CLEARED,CONSUMED,True,True,0,UNDECLARED,
2,1309,0x051D,UNMAPPED,UNMAPPED,False,False,4,UNDECLARED,Sub001EqOn001
2,1310,0x051E,UNMAPPED,UNMAPPED,False,False,4,UNDECLARED,
2,1311,0x051F,UNMAPPED,UNMAPPED,False,False,4,UNDECLARED,
2,1312,0x0520,ECHO,CONSUMED,True,True,0,UNDECLARED,Sub001CompOn001
2,1313,0x0521,ECHO,CONSUMED,True,True,0,UNDECLARED,Sub001CompThr001
2,1314,0x0522,ECHO,CONSUMED,True,True,0,UNDECLARED,Sub001CompRat001
2,1315,0x0523,ECHO,CONSUMED,True,True,0,UNDECLARED,Sub001CompAtt001
2,1316,0x0524,ECHO,CONSUMED,True,True,0,UNDECLARED,Sub001CompRel001
2,1317,0x0525,ECHO,CONSUMED,True,True,0,UNDECLARED,Sub001CompMake001
2,1318,0x0526,ECHO,CONSUMED,True,True,0,UNDECLARED,Sub001CompKnee001
2,1319,0x0527,ECHO,CONSUMED,True,True,0,UNDECLARED,Sub001CompPar001
2,1320,0x0528,ECHO,INERT,True,True,0,UNDECLARED,Sub001CompType001
2,1321,0x0529,ECHO,INERT,True,True,0,UNDECLARED,Sub001CompKey001
2,1322,0x052A,ECHO,INERT,True,True,0,UNDECLARED,Sub001CompDetSrc001
2,1323,0x052B,ECHO,INERT,True,True,0,UNDECLARED,Sub001CompLimMode001
2,1324,0x052C,ECHO,INERT,True,True,0,UNDECLARED,Sub001CompEqPos001
2,1325,0x052D,ECHO,INERT,True,True,0,UNDECLARED,Sub001CompFilterOn001
2,1326,0x052E,ECHO,INERT,True,True,0,UNDECLARED,Sub001CompFilterHpf001 Sub001CompFilterLpf001 Sub001CompFilterQ001
2,1327,0x052F,ECHO,INERT,True,True,0,UNDECLARED,
2,1328,0x0530,ECHO,CONSUMED,True,True,0,UNDECLARED,Sub001LimiterOn001
2,1329,0x0531,ECHO,CONSUMED,True,True,0,UNDECLARED,Sub001LimiterThr001
2,1330,0x0532,ECHO,CONSUMED,True,True,0,UNDECLARED,Sub001LimiterAtt001
2,1331,0x0533,ECHO,CONSUMED,True,True,0,UNDECLARED,Sub001LimiterRel001
2,1332,0x0534,ECHO,CONSUMED,True,True,0,UNDECLARED,Sub001Delay001
2,1333,0x0535,ECHO,INERT,True,True,0,UNDECLARED,
2,1334,0x0536,UNMAPPED,UNMAPPED,False,False,4,UNDECLARED,
2,1335,0x0537,UNMAPPED,UNMAPPED,False,False,3,UNDECLARED,
2,1336,0x0538,UNMAPPED,UNMAPPED,False,False,3,UNDECLARED,
2,1337,0x0539,UNMAPPED,UNMAPPED,False,False,4,UNDECLARED,
2,1338,0x053A,UNMAPPED,UNMAPPED,False,False,4,UNDECLARED,
2,1339,0x053B,UNMAPPED,UNMAPPED,False,False,3,UNDECLARED,
2,1340,0x053C,UNMAPPED,UNMAPPED,False,False,3,UNDECLARED,
2,1341,0x053D,UNMAPPED,UNMAPPED,False,False,4,UNDECLARED,
2,1342,0x053E,UNMAPPED,UNMAPPED,False,False,4,UNDECLARED,
2,1343,0x053F,ECHO,CONSUMED,True,True,0,UNDECLARED,Main001RtgLevel001
2,1344,0x0540,ECHO,CONSUMED,True,True,0,UNDECLARED,
2,1345,0x0541,ECHO,CONSUMED,True,True,0,UNDECLARED,Main001RtgMute001
2,1346,0x0542,ECHO,CONSUMED,True,True,0,UNDECLARED,Main001RtgDca001
2,1347,0x0543,ECHO,CONSUMED,True,True,0,UNDECLARED,Main001Geq001
2,1348,0x0544,ECHO,CONSUMED,True,True,0,UNDECLARED,Main001Geq002
2,1349,0x0545,ECHO,CONSUMED,True,True,0,UNDECLARED,Main001Geq003
2,1350,0x0546,ECHO,CONSUMED,True,True,0,UNDECLARED,Main001Geq004
2,1351,0x0547,ECHO,CONSUMED,True,True,0,UNDECLARED,Main001Geq005
2,1352,0x0548,ECHO,CONSUMED,True,True,0,UNDECLARED,Main001Geq006
2,1353,0x0549,ECHO,CONSUMED,True,True,0,UNDECLARED,Main001Geq007
2,1354,0x054A,ECHO,CONSUMED,True,True,0,UNDECLARED,Main001Geq008
2,1355,0x054B,ECHO,CONSUMED,True,True,0,UNDECLARED,Main001Geq009
2,1356,0x054C,ECHO,CONSUMED,True,True,0,UNDECLARED,Main001Geq010
2,1357,0x054D,ECHO,CONSUMED,True,True,0,UNDECLARED,Main001Geq011
2,1358,0x054E,ECHO,CONSUMED,True,True,0,UNDECLARED,Main001Geq012
2,1359,0x054F,ECHO,CONSUMED,True,True,0,UNDECLARED,Main001Geq013
2,1360,0x0550,ECHO,CONSUMED,True,True,0,UNDECLARED,Main001Geq014
2,1361,0x0551,ECHO,CONSUMED,True,True,0,UNDECLARED,Main001Geq015
2,1362,0x0552,ECHO,CONSUMED,True,True,0,UNDECLARED,Main001Geq016
2,1363,0x0553,ECHO,CONSUMED,True,True,0,UNDECLARED,Main001Geq017
2,1364,0x0554,ECHO,CONSUMED,True,True,0,UNDECLARED,Main001Geq018
2,1365,0x0555,ECHO,CONSUMED,True,True,0,UNDECLARED,Main001Geq019
2,1366,0x0556,ECHO,CONSUMED,True,True,0,UNDECLARED,Main001Geq020
2,1367,0x0557,ECHO,CONSUMED,True,True,0,UNDECLARED,Main001Geq021
2,1368,0x0558,ECHO,CONSUMED,True,True,0,UNDECLARED,Main001Geq022
2,1369,0x0559,ECHO,CONSUMED,True,True,0,UNDECLARED,Main001Geq023
2,1370,0x055A,ECHO,CONSUMED,True,True,0,UNDECLARED,Main001Geq024
2,1371,0x055B,ECHO,CONSUMED,True,True,0,UNDECLARED,Main001Geq025
2,1372,0x055C,ECHO,CONSUMED,True,True,0,UNDECLARED,Main001Geq026
2,1373,0x055D,ECHO,CONSUMED,True,True,0,UNDECLARED,Main001Geq027
2,1374,0x055E,ECHO,CONSUMED,True,True,0,UNDECLARED,Main001Geq028
2,1375,0x055F,ECHO,CONSUMED,True,True,0,UNDECLARED,
2,1376,0x0560,ECHO,CONSUMED,True,True,0,UNDECLARED,
2,1377,0x0561,ECHO,CONSUMED,True,True,0,UNDECLARED,
2,1378,0x0562,ECHO,CONSUMED,True,True,0,UNDECLARED,
2,1379,0x0563,ECHO,CONSUMED,True,True,0,UNDECLARED,
2,1380,0x0564,ECHO,CONSUMED,True,True,0,UNDECLARED,
2,1381,0x0565,ECHO,CONSUMED,True,True,0,UNDECLARED,
2,1382,0x0566,ECHO,CONSUMED,True,True,0,UNDECLARED,
2,1383,0x0567,ECHO,INERT,True,True,0,UNDECLARED,
2,1384,0x0568,ECHO,INERT,True,True,0,UNDECLARED,
2,1385,0x0569,ECHO,INERT,True,True,0,UNDECLARED,
2,1386,0x056A,ECHO,INERT,True,True,0,UNDECLARED,
2,1387,0x056B,ECHO,INERT,True,True,0,UNDECLARED,
2,1388,0x056C,ECHO,INERT,True,True,0,UNDECLARED,
2,1389,0x056D,ECHO,INERT,True,True,0,UNDECLARED,
2,1390,0x056E,ECHO,INERT,True,True,0,UNDECLARED,
2,1391,0x056F,ECHO,CONSUMED,True,True,0,UNDECLARED,
2,1392,0x0570,ECHO,CONSUMED,True,True,0,UNDECLARED,
2,1393,0x0571,ECHO,CONSUMED,True,True,0,UNDECLARED,
2,1394,0x0572,ECHO,CONSUMED,True,True,0,UNDECLARED,
2,1395,0x0573,ECHO,CONSUMED,True,True,0,UNDECLARED,Main001Delay001
2,1396,0x0574,ECHO,INERT,True,True,0,UNDECLARED,
2,1397,0x0575,ECHO,CONSUMED,True,True,0,UNDECLARED,Main001CrossoverFreq001 Main001CrossoverSlope001
2,1398,0x0576,ECHO,CONSUMED,True,True,0,UNDECLARED,
2,1399,0x0577,ECHO,CONSUMED,True,True,0,UNDECLARED,
2,1400,0x0578,ECHO,CONSUMED,True,True,0,UNDECLARED,
2,1401,0x0579,ECHO,CONSUMED,True,True,0,UNDECLARED,Main001EqFreq001 Main001EqGain001 Main001EqHpf001 Main001EqQ001 Main001EqShelf001
2,1402,0x057A,ECHO,CONSUMED,True,True,0,UNDECLARED,
2,1403,0x057B,ECHO,CONSUMED,True,True,0,UNDECLARED,
2,1404,0x057C,ECHO,CONSUMED,True,True,0,UNDECLARED,
2,1405,0x057D,ECHO,CONSUMED,True,True,0,UNDECLARED,
2,1406,0x057E,ECHO,CONSUMED,True,True,0,UNDECLARED,Main001EqFreq002 Main001EqGain002 Main001EqHpf002 Main001EqQ002
2,1407,0x057F,ECHO,CONSUMED,True,True,0,UNDECLARED,
2,1408,0x0580,ECHO,CONSUMED,True,True,0,UNDECLARED,
2,1409,0x0581,ECHO,CONSUMED,True,True,0,UNDECLARED,
2,1410,0x0582,ECHO,CONSUMED,True,True,0,UNDECLARED,
2,1411,0x0583,ECHO,CONSUMED,True,True,0,UNDECLARED,Main001EqFreq003 Main001EqGain003 Main001EqHpf003 Main001EqQ003
2,1412,0x0584,ECHO,CONSUMED,True,True,0,UNDECLARED,
2,1413,0x0585,ECHO,CONSUMED,True,True,0,UNDECLARED,
2,1414,0x0586,ECHO,CONSUMED,True,True,0,UNDECLARED,
2,1415,0x0587,ECHO,CONSUMED,True,True,0,UNDECLARED,
2,1416,0x0588,ECHO,CONSUMED,True,True,0,UNDECLARED,Main001EqFreq004 Main001EqGain004 Main001EqHpf004 Main001EqQ004 Main001EqShelf002
2,1417,0x0589,ECHO,CONSUMED,True,True,0,UNDECLARED,
2,1418,0x058A,ECHO,CONSUMED,True,True,0,UNDECLARED,
2,1419,0x058B,ECHO,CONSUMED,True,True,0,UNDECLARED,
2,1420,0x058C,ECHO,CONSUMED,True,True,0,UNDECLARED,
2,1421,0x058D,CLEARED,CONSUMED,True,True,0,UNDECLARED,
2,1422,0x058E,UNMAPPED,UNMAPPED,False,False,4,UNDECLARED,Main001EqOn001
2,1423,0x058F,UNMAPPED,UNMAPPED,False,False,4,UNDECLARED,
2,1424,0x0590,UNMAPPED,UNMAPPED,False,False,4,UNDECLARED,
2,1425,0x0591,ECHO,CONSUMED,True,True,0,mixed — see per-cell rows,Main001CompOn001
2,1426,0x0592,ECHO,CONSUMED,True,True,0,mixed — see per-cell rows,Main001CompThr001
2,1427,0x0593,ECHO,CONSUMED,True,True,0,mixed — see per-cell rows,Main001CompRat001
2,1428,0x0594,ECHO,CONSUMED,True,True,0,mixed — see per-cell rows,Main001CompAtt001
2,1429,0x0595,ECHO,CONSUMED,True,True,0,mixed — see per-cell rows,Main001CompRel001
2,1430,0x0596,ECHO,CONSUMED,True,True,0,mixed — see per-cell rows,Main001CompMake001
2,1431,0x0597,ECHO,CONSUMED,True,True,0,mixed — see per-cell rows,Main001CompKnee001
2,1432,0x0598,ECHO,CONSUMED,True,True,0,mixed — see per-cell rows,Main001CompPar001
2,1433,0x0599,ECHO,INERT,True,True,0,mixed — see per-cell rows,Main001CompType001
2,1434,0x059A,ECHO,INERT,True,True,0,mixed — see per-cell rows,Main001CompKey001
2,1435,0x059B,ECHO,INERT,True,True,0,mixed — see per-cell rows,Main001CompDetSrc001
2,1436,0x059C,ECHO,INERT,True,True,0,mixed — see per-cell rows,Main001CompLimMode001
2,1437,0x059D,ECHO,INERT,True,True,0,mixed — see per-cell rows,Main001CompEqPos001
2,1438,0x059E,ECHO,INERT,True,True,0,mixed — see per-cell rows,Main001CompFilterOn001
2,1439,0x059F,ECHO,INERT,True,True,0,mixed — see per-cell rows,Main001CompFilterHpf001 Main001CompFilterLpf001 Main001CompFilterQ001
2,1440,0x05A0,ECHO,INERT,True,True,0,UNDECLARED,
2,1441,0x05A1,ECHO,CONSUMED,True,True,0,UNDECLARED,Main001LimiterOn001
2,1442,0x05A2,ECHO,CONSUMED,True,True,0,UNDECLARED,Main001LimiterThr001
2,1443,0x05A3,ECHO,CONSUMED,True,True,0,UNDECLARED,Main001LimiterAtt001
2,1444,0x05A4,ECHO,CONSUMED,True,True,0,UNDECLARED,Main001LimiterRel001
2,1445,0x05A5,UNMAPPED,UNMAPPED,False,False,4,UNDECLARED,
2,1446,0x05A6,ECHO,CONSUMED,True,True,0,UNDECLARED,Main002EqFreq001 Main002EqGain001 Main002EqHpf001 Main002EqQ001 Main002EqShelf001
2,1447,0x05A7,ECHO,CONSUMED,True,True,0,UNDECLARED,
2,1448,0x05A8,ECHO,CONSUMED,True,True,0,UNDECLARED,
2,1449,0x05A9,ECHO,CONSUMED,True,True,0,UNDECLARED,
2,1450,0x05AA,ECHO,CONSUMED,True,True,0,UNDECLARED,
2,1451,0x05AB,ECHO,CONSUMED,True,True,0,UNDECLARED,Main002EqFreq002 Main002EqGain002 Main002EqHpf002 Main002EqQ002
2,1452,0x05AC,ECHO,CONSUMED,True,True,0,UNDECLARED,
2,1453,0x05AD,ECHO,CONSUMED,True,True,0,UNDECLARED,
2,1454,0x05AE,ECHO,CONSUMED,True,True,0,UNDECLARED,
2,1455,0x05AF,ECHO,CONSUMED,True,True,0,UNDECLARED,
2,1456,0x05B0,ECHO,CONSUMED,True,True,0,UNDECLARED,Main002EqFreq003 Main002EqGain003 Main002EqHpf003 Main002EqQ003
2,1457,0x05B1,ECHO,CONSUMED,True,True,0,UNDECLARED,
2,1458,0x05B2,ECHO,CONSUMED,True,True,0,UNDECLARED,
2,1459,0x05B3,ECHO,CONSUMED,True,True,0,UNDECLARED,
2,1460,0x05B4,ECHO,CONSUMED,True,True,0,UNDECLARED,
2,1461,0x05B5,ECHO,CONSUMED,True,True,0,UNDECLARED,Main002EqFreq004 Main002EqGain004 Main002EqHpf004 Main002EqQ004 Main002EqShelf002
2,1462,0x05B6,ECHO,CONSUMED,True,True,0,UNDECLARED,
2,1463,0x05B7,ECHO,CONSUMED,True,True,0,UNDECLARED,
2,1464,0x05B8,ECHO,CONSUMED,True,True,0,UNDECLARED,
2,1465,0x05B9,ECHO,CONSUMED,True,True,0,UNDECLARED,
2,1466,0x05BA,CLEARED,CONSUMED,True,True,0,UNDECLARED,
2,1467,0x05BB,UNMAPPED,UNMAPPED,False,False,4,UNDECLARED,Main002EqOn001
2,1468,0x05BC,UNMAPPED,UNMAPPED,False,False,4,UNDECLARED,
2,1469,0x05BD,UNMAPPED,UNMAPPED,False,False,4,UNDECLARED,
2,1470,0x05BE,ECHO,CONSUMED,True,True,0,mixed — see per-cell rows,Main002CompOn001
2,1471,0x05BF,ECHO,CONSUMED,True,True,0,mixed — see per-cell rows,Main002CompThr001
2,1472,0x05C0,ECHO,CONSUMED,True,True,0,mixed — see per-cell rows,Main002CompRat001
2,1473,0x05C1,ECHO,CONSUMED,True,True,0,mixed — see per-cell rows,Main002CompAtt001
2,1474,0x05C2,ECHO,CONSUMED,True,True,0,mixed — see per-cell rows,Main002CompRel001
2,1475,0x05C3,ECHO,CONSUMED,True,True,0,mixed — see per-cell rows,Main002CompMake001
2,1476,0x05C4,ECHO,CONSUMED,True,True,0,mixed — see per-cell rows,Main002CompKnee001
2,1477,0x05C5,ECHO,CONSUMED,True,True,0,mixed — see per-cell rows,Main002CompPar001
2,1478,0x05C6,ECHO,INERT,True,True,0,mixed — see per-cell rows,Main002CompType001
2,1479,0x05C7,ECHO,INERT,True,True,0,mixed — see per-cell rows,Main002CompKey001
2,1480,0x05C8,ECHO,INERT,True,True,0,mixed — see per-cell rows,Main002CompDetSrc001
2,1481,0x05C9,ECHO,INERT,True,True,0,mixed — see per-cell rows,Main002CompLimMode001
2,1482,0x05CA,ECHO,INERT,True,True,0,mixed — see per-cell rows,Main002CompEqPos001
2,1483,0x05CB,ECHO,INERT,True,True,0,mixed — see per-cell rows,Main002CompFilterOn001
2,1484,0x05CC,ECHO,INERT,True,True,0,mixed — see per-cell rows,Main002CompFilterHpf001 Main002CompFilterLpf001 Main002CompFilterQ001
2,1485,0x05CD,ECHO,INERT,True,True,0,UNDECLARED,
2,1486,0x05CE,ECHO,CONSUMED,True,True,0,UNDECLARED,Main002LimiterOn001
2,1487,0x05CF,ECHO,CONSUMED,True,True,0,UNDECLARED,Main002LimiterThr001
2,1488,0x05D0,ECHO,CONSUMED,True,True,0,UNDECLARED,Main002LimiterAtt001
2,1489,0x05D1,ECHO,CONSUMED,True,True,0,UNDECLARED,Main002LimiterRel001
2,1490,0x05D2,UNMAPPED,UNMAPPED,False,False,4,UNDECLARED,
2,1491,0x05D3,ECHO,CONSUMED,True,True,0,UNDECLARED,Main003EqFreq001 Main003EqGain001 Main003EqHpf001 Main003EqQ001 Main003EqShelf001
2,1492,0x05D4,ECHO,CONSUMED,True,True,0,UNDECLARED,
2,1493,0x05D5,ECHO,CONSUMED,True,True,0,UNDECLARED,
2,1494,0x05D6,ECHO,CONSUMED,True,True,0,UNDECLARED,
2,1495,0x05D7,ECHO,CONSUMED,True,True,0,UNDECLARED,
2,1496,0x05D8,ECHO,CONSUMED,True,True,0,UNDECLARED,Main003EqFreq002 Main003EqGain002 Main003EqHpf002 Main003EqQ002
2,1497,0x05D9,ECHO,CONSUMED,True,True,0,UNDECLARED,
2,1498,0x05DA,ECHO,CONSUMED,True,True,0,UNDECLARED,
2,1499,0x05DB,ECHO,CONSUMED,True,True,0,UNDECLARED,
2,1500,0x05DC,ECHO,CONSUMED,True,True,0,UNDECLARED,
2,1501,0x05DD,ECHO,CONSUMED,True,True,0,UNDECLARED,Main003EqFreq003 Main003EqGain003 Main003EqHpf003 Main003EqQ003
2,1502,0x05DE,ECHO,CONSUMED,True,True,0,UNDECLARED,
2,1503,0x05DF,ECHO,CONSUMED,True,True,0,UNDECLARED,
2,1504,0x05E0,ECHO,CONSUMED,True,True,0,UNDECLARED,
2,1505,0x05E1,ECHO,CONSUMED,True,True,0,UNDECLARED,
2,1506,0x05E2,ECHO,CONSUMED,True,True,0,UNDECLARED,Main003EqFreq004 Main003EqGain004 Main003EqHpf004 Main003EqQ004 Main003EqShelf002
2,1507,0x05E3,ECHO,CONSUMED,True,True,0,UNDECLARED,
2,1508,0x05E4,ECHO,CONSUMED,True,True,0,UNDECLARED,
2,1509,0x05E5,ECHO,CONSUMED,True,True,0,UNDECLARED,
2,1510,0x05E6,ECHO,CONSUMED,True,True,0,UNDECLARED,
2,1511,0x05E7,CLEARED,CONSUMED,True,True,0,UNDECLARED,
2,1512,0x05E8,UNMAPPED,UNMAPPED,False,False,4,UNDECLARED,Main003EqOn001
2,1513,0x05E9,UNMAPPED,UNMAPPED,False,False,4,UNDECLARED,
2,1514,0x05EA,UNMAPPED,UNMAPPED,False,False,4,UNDECLARED,
2,1515,0x05EB,ECHO,CONSUMED,True,True,0,mixed — see per-cell rows,Main003CompOn001
2,1516,0x05EC,ECHO,CONSUMED,True,True,0,mixed — see per-cell rows,Main003CompThr001
2,1517,0x05ED,ECHO,CONSUMED,True,True,0,mixed — see per-cell rows,Main003CompRat001
2,1518,0x05EE,ECHO,CONSUMED,True,True,0,mixed — see per-cell rows,Main003CompAtt001
2,1519,0x05EF,ECHO,CONSUMED,True,True,0,mixed — see per-cell rows,Main003CompRel001
2,1520,0x05F0,ECHO,CONSUMED,True,True,0,mixed — see per-cell rows,Main003CompMake001
2,1521,0x05F1,ECHO,CONSUMED,True,True,0,mixed — see per-cell rows,Main003CompKnee001
2,1522,0x05F2,ECHO,CONSUMED,True,True,0,mixed — see per-cell rows,Main003CompPar001
2,1523,0x05F3,ECHO,INERT,True,True,0,mixed — see per-cell rows,Main003CompType001
2,1524,0x05F4,ECHO,INERT,True,True,0,mixed — see per-cell rows,Main003CompKey001
2,1525,0x05F5,ECHO,INERT,True,True,0,mixed — see per-cell rows,Main003CompDetSrc001
2,1526,0x05F6,ECHO,INERT,True,True,0,mixed — see per-cell rows,Main003CompLimMode001
2,1527,0x05F7,ECHO,INERT,True,True,0,mixed — see per-cell rows,Main003CompEqPos001
2,1528,0x05F8,ECHO,INERT,True,True,0,mixed — see per-cell rows,Main003CompFilterOn001
2,1529,0x05F9,ECHO,INERT,True,True,0,mixed — see per-cell rows,Main003CompFilterHpf001 Main003CompFilterLpf001 Main003CompFilterQ001
2,1530,0x05FA,ECHO,INERT,True,True,0,UNDECLARED,
2,1531,0x05FB,ECHO,CONSUMED,True,True,0,UNDECLARED,Main003LimiterOn001
2,1532,0x05FC,ECHO,CONSUMED,True,True,0,UNDECLARED,Main003LimiterThr001
2,1533,0x05FD,ECHO,CONSUMED,True,True,0,UNDECLARED,Main003LimiterAtt001
2,1534,0x05FE,ECHO,CONSUMED,True,True,0,UNDECLARED,Main003LimiterRel001
2,1535,0x05FF,UNMAPPED,UNMAPPED,False,False,4,UNDECLARED,
2,1536,0x0600,ECHO,CONSUMED,True,True,0,UNDECLARED,Main004EqFreq001 Main004EqGain001 Main004EqHpf001 Main004EqQ001 Main004EqShelf001
2,1537,0x0601,ECHO,CONSUMED,True,True,0,UNDECLARED,
2,1538,0x0602,ECHO,CONSUMED,True,True,0,UNDECLARED,
2,1539,0x0603,ECHO,CONSUMED,True,True,0,UNDECLARED,
2,1540,0x0604,ECHO,CONSUMED,True,True,0,UNDECLARED,
2,1541,0x0605,ECHO,CONSUMED,True,True,0,UNDECLARED,Main004EqFreq002 Main004EqGain002 Main004EqHpf002 Main004EqQ002
2,1542,0x0606,ECHO,CONSUMED,True,True,0,UNDECLARED,
2,1543,0x0607,ECHO,CONSUMED,True,True,0,UNDECLARED,
2,1544,0x0608,ECHO,CONSUMED,True,True,0,UNDECLARED,
2,1545,0x0609,ECHO,CONSUMED,True,True,0,UNDECLARED,
2,1546,0x060A,ECHO,CONSUMED,True,True,0,UNDECLARED,Main004EqFreq003 Main004EqGain003 Main004EqHpf003 Main004EqQ003
2,1547,0x060B,ECHO,CONSUMED,True,True,0,UNDECLARED,
2,1548,0x060C,ECHO,CONSUMED,True,True,0,UNDECLARED,
2,1549,0x060D,ECHO,CONSUMED,True,True,0,UNDECLARED,
2,1550,0x060E,ECHO,CONSUMED,True,True,0,UNDECLARED,
2,1551,0x060F,ECHO,CONSUMED,True,True,0,UNDECLARED,Main004EqFreq004 Main004EqGain004 Main004EqHpf004 Main004EqQ004 Main004EqShelf002
2,1552,0x0610,ECHO,CONSUMED,True,True,0,UNDECLARED,
2,1553,0x0611,ECHO,CONSUMED,True,True,0,UNDECLARED,
2,1554,0x0612,ECHO,CONSUMED,True,True,0,UNDECLARED,
2,1555,0x0613,ECHO,CONSUMED,True,True,0,UNDECLARED,
2,1556,0x0614,CLEARED,CONSUMED,True,True,0,UNDECLARED,
2,1557,0x0615,UNMAPPED,UNMAPPED,False,False,4,UNDECLARED,Main004EqOn001
2,1558,0x0616,UNMAPPED,UNMAPPED,False,False,4,UNDECLARED,
2,1559,0x0617,UNMAPPED,UNMAPPED,False,False,4,UNDECLARED,
2,1560,0x0618,ECHO,CONSUMED,True,True,0,mixed — see per-cell rows,Main004CompOn001
2,1561,0x0619,ECHO,CONSUMED,True,True,0,mixed — see per-cell rows,Main004CompThr001
2,1562,0x061A,ECHO,CONSUMED,True,True,0,mixed — see per-cell rows,Main004CompRat001
2,1563,0x061B,ECHO,CONSUMED,True,True,0,mixed — see per-cell rows,Main004CompAtt001
2,1564,0x061C,ECHO,CONSUMED,True,True,0,mixed — see per-cell rows,Main004CompRel001
2,1565,0x061D,ECHO,CONSUMED,True,True,0,mixed — see per-cell rows,Main004CompMake001
2,1566,0x061E,ECHO,CONSUMED,True,True,0,mixed — see per-cell rows,Main004CompKnee001
2,1567,0x061F,ECHO,CONSUMED,True,True,0,mixed — see per-cell rows,Main004CompPar001
2,1568,0x0620,ECHO,INERT,True,True,0,mixed — see per-cell rows,Main004CompType001
2,1569,0x0621,ECHO,INERT,True,True,0,mixed — see per-cell rows,Main004CompKey001
2,1570,0x0622,ECHO,INERT,True,True,0,mixed — see per-cell rows,Main004CompDetSrc001
2,1571,0x0623,ECHO,INERT,True,True,0,mixed — see per-cell rows,Main004CompLimMode001
2,1572,0x0624,ECHO,INERT,True,True,0,mixed — see per-cell rows,Main004CompEqPos001
2,1573,0x0625,ECHO,INERT,True,True,0,mixed — see per-cell rows,Main004CompFilterOn001
2,1574,0x0626,ECHO,INERT,True,True,0,mixed — see per-cell rows,Main004CompFilterHpf001 Main004CompFilterLpf001 Main004CompFilterQ001
2,1575,0x0627,ECHO,INERT,True,True,0,UNDECLARED,
2,1576,0x0628,ECHO,CONSUMED,True,True,0,UNDECLARED,Main004LimiterOn001
2,1577,0x0629,ECHO,CONSUMED,True,True,0,UNDECLARED,Main004LimiterThr001
2,1578,0x062A,ECHO,CONSUMED,True,True,0,UNDECLARED,Main004LimiterAtt001
2,1579,0x062B,ECHO,CONSUMED,True,True,0,UNDECLARED,Main004LimiterRel001
2,1580,0x062C,UNMAPPED,UNMAPPED,False,False,4,UNDECLARED,
2,1581,0x062D,ECHO,INERT,True,True,0,UNDECLARED,Fx001On001
2,1582,0x062E,ECHO,CONSUMED,True,True,0,UNDECLARED,Fx001Type001
2,1583,0x062F,ECHO,INERT,True,True,0,UNDECLARED,Fx001Decay001
2,1584,0x0630,ECHO,INERT,True,True,0,UNDECLARED,Fx001PreDelay001
2,1585,0x0631,ECHO,INERT,True,True,0,UNDECLARED,Fx001DelayTime001
2,1586,0x0632,ECHO,CONSUMED,True,True,0,UNDECLARED,Fx001Feedback001
2,1587,0x0633,UNMAPPED,UNMAPPED,False,False,4,UNDECLARED,Fx001Balance001
2,1588,0x0634,ECHO,CONSUMED,True,True,0,UNDECLARED,Fx001Damp001
2,1589,0x0635,ECHO,INERT,True,True,0,UNDECLARED,Fx001EqLo001
2,1590,0x0636,ECHO,INERT,True,True,0,UNDECLARED,Fx001EqMid001
2,1591,0x0637,ECHO,INERT,True,True,0,UNDECLARED,Fx001EqPresence001
2,1592,0x0638,ECHO,INERT,True,True,0,UNDECLARED,Fx001EqHpf001
2,1593,0x0639,ECHO,INERT,True,True,0,UNDECLARED,
2,1594,0x063A,ECHO,INERT,True,True,0,UNDECLARED,
2,1595,0x063B,ECHO,INERT,True,True,0,UNDECLARED,
2,1596,0x063C,ECHO,INERT,True,True,0,UNDECLARED,
2,1597,0x063D,ECHO,INERT,True,True,0,UNDECLARED,Fx001ModRate001
2,1598,0x063E,ECHO,INERT,True,True,0,UNDECLARED,Fx001ModLevel001
2,1599,0x063F,ECHO,INERT,True,True,0,UNDECLARED,Fx001LfoShape001
2,1600,0x0640,ECHO,INERT,True,True,0,UNDECLARED,Fx001StereoWidth001
2,1601,0x0641,ECHO,CONSUMED,True,True,0,UNDECLARED,Fx001Mix001
2,1602,0x0642,UNMAPPED,UNMAPPED,False,False,4,UNDECLARED,Fx001DuckOn001
2,1603,0x0643,UNMAPPED,UNMAPPED,False,False,4,UNDECLARED,Fx001DuckSens001
2,1604,0x0644,UNMAPPED,UNMAPPED,False,False,4,UNDECLARED,
2,1605,0x0645,ECHO,CONSUMED,True,True,0,UNDECLARED,Fx001RtgLevel001
2,1606,0x0646,ECHO,CONSUMED,True,True,0,UNDECLARED,
2,1607,0x0647,ECHO,CONSUMED,True,True,0,UNDECLARED,Fx001RtgMute001
2,1608,0x0648,ECHO,CONSUMED,True,True,0,UNDECLARED,Fx001RtgDca001
2,1609,0x0649,ECHO,INERT,True,True,0,UNDECLARED,Fx002On001
2,1610,0x064A,ECHO,CONSUMED,True,True,0,UNDECLARED,Fx002Type001
2,1611,0x064B,ECHO,INERT,True,True,0,UNDECLARED,Fx002Decay001
2,1612,0x064C,ECHO,INERT,True,True,0,UNDECLARED,Fx002PreDelay001
2,1613,0x064D,ECHO,INERT,True,True,0,UNDECLARED,Fx002DelayTime001
2,1614,0x064E,ECHO,CONSUMED,True,True,0,UNDECLARED,Fx002Feedback001
2,1615,0x064F,UNMAPPED,UNMAPPED,False,False,4,UNDECLARED,Fx002Balance001
2,1616,0x0650,ECHO,CONSUMED,True,True,0,UNDECLARED,Fx002Damp001
2,1617,0x0651,ECHO,INERT,True,True,0,UNDECLARED,Fx002EqLo001
2,1618,0x0652,ECHO,INERT,True,True,0,UNDECLARED,Fx002EqMid001
2,1619,0x0653,ECHO,INERT,True,True,0,UNDECLARED,Fx002EqPresence001
2,1620,0x0654,ECHO,INERT,True,True,0,UNDECLARED,Fx002EqHpf001
2,1621,0x0655,ECHO,INERT,True,True,0,UNDECLARED,
2,1622,0x0656,ECHO,INERT,True,True,0,UNDECLARED,
2,1623,0x0657,ECHO,INERT,True,True,0,UNDECLARED,
2,1624,0x0658,ECHO,INERT,True,True,0,UNDECLARED,
2,1625,0x0659,ECHO,INERT,True,True,0,UNDECLARED,Fx002ModRate001
2,1626,0x065A,ECHO,INERT,True,True,0,UNDECLARED,Fx002ModLevel001
2,1627,0x065B,ECHO,INERT,True,True,0,UNDECLARED,Fx002LfoShape001
2,1628,0x065C,ECHO,INERT,True,True,0,UNDECLARED,Fx002StereoWidth001
2,1629,0x065D,ECHO,CONSUMED,True,True,0,UNDECLARED,Fx002Mix001
2,1630,0x065E,UNMAPPED,UNMAPPED,False,False,4,UNDECLARED,Fx002DuckOn001
2,1631,0x065F,UNMAPPED,UNMAPPED,False,False,4,UNDECLARED,Fx002DuckSens001
2,1632,0x0660,UNMAPPED,UNMAPPED,False,False,4,UNDECLARED,
2,1633,0x0661,ECHO,CONSUMED,True,True,0,UNDECLARED,Fx002RtgLevel001
2,1634,0x0662,ECHO,CONSUMED,True,True,0,UNDECLARED,
2,1635,0x0663,ECHO,CONSUMED,True,True,0,UNDECLARED,Fx002RtgMute001
2,1636,0x0664,ECHO,CONSUMED,True,True,0,UNDECLARED,Fx002RtgDca001
2,1637,0x0665,ECHO,INERT,True,True,0,UNDECLARED,Fx003On001
2,1638,0x0666,ECHO,CONSUMED,True,True,0,UNDECLARED,Fx003Type001
2,1639,0x0667,ECHO,INERT,True,True,0,UNDECLARED,Fx003Decay001
2,1640,0x0668,ECHO,INERT,True,True,0,UNDECLARED,Fx003PreDelay001
2,1641,0x0669,ECHO,INERT,True,True,0,UNDECLARED,Fx003DelayTime001
2,1642,0x066A,ECHO,CONSUMED,True,True,0,UNDECLARED,Fx003Feedback001
2,1643,0x066B,UNMAPPED,UNMAPPED,False,False,4,UNDECLARED,Fx003Balance001
2,1644,0x066C,ECHO,CONSUMED,True,True,0,UNDECLARED,Fx003Damp001
2,1645,0x066D,ECHO,INERT,True,True,0,UNDECLARED,Fx003EqLo001
2,1646,0x066E,ECHO,INERT,True,True,0,UNDECLARED,Fx003EqMid001
2,1647,0x066F,ECHO,INERT,True,True,0,UNDECLARED,Fx003EqPresence001
2,1648,0x0670,ECHO,INERT,True,True,0,UNDECLARED,Fx003EqHpf001
2,1649,0x0671,ECHO,INERT,True,True,0,UNDECLARED,
2,1650,0x0672,ECHO,INERT,True,True,0,UNDECLARED,
2,1651,0x0673,ECHO,INERT,True,True,0,UNDECLARED,
2,1652,0x0674,ECHO,INERT,True,True,0,UNDECLARED,
2,1653,0x0675,ECHO,INERT,True,True,0,UNDECLARED,Fx003ModRate001
2,1654,0x0676,ECHO,INERT,True,True,0,UNDECLARED,Fx003ModLevel001
2,1655,0x0677,ECHO,INERT,True,True,0,UNDECLARED,Fx003LfoShape001
2,1656,0x0678,ECHO,INERT,True,True,0,UNDECLARED,Fx003StereoWidth001
2,1657,0x0679,ECHO,CONSUMED,True,True,0,UNDECLARED,Fx003Mix001
2,1658,0x067A,UNMAPPED,UNMAPPED,False,False,4,UNDECLARED,Fx003DuckOn001
2,1659,0x067B,UNMAPPED,UNMAPPED,False,False,4,UNDECLARED,Fx003DuckSens001
2,1660,0x067C,UNMAPPED,UNMAPPED,False,False,4,UNDECLARED,
2,1661,0x067D,ECHO,CONSUMED,True,True,0,UNDECLARED,Fx003RtgLevel001
2,1662,0x067E,ECHO,CONSUMED,True,True,0,UNDECLARED,
2,1663,0x067F,ECHO,CONSUMED,True,True,0,UNDECLARED,Fx003RtgMute001
2,1664,0x0680,ECHO,CONSUMED,True,True,0,UNDECLARED,Fx003RtgDca001
2,1665,0x0681,ECHO,INERT,True,True,0,UNDECLARED,Fx004On001
2,1666,0x0682,ECHO,CONSUMED,True,True,0,UNDECLARED,Fx004Type001
2,1667,0x0683,ECHO,INERT,True,True,0,UNDECLARED,Fx004Decay001
2,1668,0x0684,ECHO,INERT,True,True,0,UNDECLARED,Fx004PreDelay001
2,1669,0x0685,ECHO,INERT,True,True,0,UNDECLARED,Fx004DelayTime001
2,1670,0x0686,ECHO,CONSUMED,True,True,0,UNDECLARED,Fx004Feedback001
2,1671,0x0687,UNMAPPED,UNMAPPED,False,False,4,UNDECLARED,Fx004Balance001
2,1672,0x0688,ECHO,CONSUMED,True,True,0,UNDECLARED,Fx004Damp001
2,1673,0x0689,ECHO,INERT,True,True,0,UNDECLARED,Fx004EqLo001
2,1674,0x068A,ECHO,INERT,True,True,0,UNDECLARED,Fx004EqMid001
2,1675,0x068B,ECHO,INERT,True,True,0,UNDECLARED,Fx004EqPresence001
2,1676,0x068C,ECHO,INERT,True,True,0,UNDECLARED,Fx004EqHpf001
2,1677,0x068D,ECHO,INERT,True,True,0,UNDECLARED,
2,1678,0x068E,ECHO,INERT,True,True,0,UNDECLARED,
2,1679,0x068F,ECHO,INERT,True,True,0,UNDECLARED,
2,1680,0x0690,ECHO,INERT,True,True,0,UNDECLARED,
2,1681,0x0691,ECHO,INERT,True,True,0,UNDECLARED,Fx004ModRate001
2,1682,0x0692,ECHO,INERT,True,True,0,UNDECLARED,Fx004ModLevel001
2,1683,0x0693,ECHO,INERT,True,True,0,UNDECLARED,Fx004LfoShape001
2,1684,0x0694,ECHO,INERT,True,True,0,UNDECLARED,Fx004StereoWidth001
2,1685,0x0695,ECHO,CONSUMED,True,True,0,UNDECLARED,Fx004Mix001
2,1686,0x0696,UNMAPPED,UNMAPPED,False,False,4,UNDECLARED,Fx004DuckOn001
2,1687,0x0697,UNMAPPED,UNMAPPED,False,False,4,UNDECLARED,Fx004DuckSens001
2,1688,0x0698,UNMAPPED,UNMAPPED,False,False,4,UNDECLARED,
2,1689,0x0699,ECHO,CONSUMED,True,True,0,UNDECLARED,Fx004RtgLevel001
2,1690,0x069A,ECHO,CONSUMED,True,True,0,UNDECLARED,
2,1691,0x069B,ECHO,CONSUMED,True,True,0,UNDECLARED,Fx004RtgMute001
2,1692,0x069C,ECHO,CONSUMED,True,True,0,UNDECLARED,Fx004RtgDca001
2,1693,0x069D,ECHO,INERT,True,True,0,UNDECLARED,Fx005On001
2,1694,0x069E,ECHO,CONSUMED,True,True,0,UNDECLARED,Fx005Type001
2,1695,0x069F,ECHO,INERT,True,True,0,UNDECLARED,Fx005Decay001
2,1696,0x06A0,ECHO,INERT,True,True,0,UNDECLARED,Fx005PreDelay001
2,1697,0x06A1,ECHO,INERT,True,True,0,UNDECLARED,Fx005DelayTime001
2,1698,0x06A2,ECHO,CONSUMED,True,True,0,UNDECLARED,Fx005Feedback001
2,1699,0x06A3,UNMAPPED,UNMAPPED,False,False,4,UNDECLARED,Fx005Balance001
2,1700,0x06A4,ECHO,CONSUMED,True,True,0,UNDECLARED,Fx005Damp001
2,1701,0x06A5,ECHO,INERT,True,True,0,UNDECLARED,Fx005EqLo001
2,1702,0x06A6,ECHO,INERT,True,True,0,UNDECLARED,Fx005EqMid001
2,1703,0x06A7,ECHO,INERT,True,True,0,UNDECLARED,Fx005EqPresence001
2,1704,0x06A8,ECHO,INERT,True,True,0,UNDECLARED,Fx005EqHpf001
2,1705,0x06A9,ECHO,INERT,True,True,0,UNDECLARED,
2,1706,0x06AA,ECHO,INERT,True,True,0,UNDECLARED,
2,1707,0x06AB,ECHO,INERT,True,True,0,UNDECLARED,
2,1708,0x06AC,ECHO,INERT,True,True,0,UNDECLARED,
2,1709,0x06AD,ECHO,INERT,True,True,0,UNDECLARED,Fx005ModRate001
2,1710,0x06AE,ECHO,INERT,True,True,0,UNDECLARED,Fx005ModLevel001
2,1711,0x06AF,ECHO,INERT,True,True,0,UNDECLARED,Fx005LfoShape001
2,1712,0x06B0,ECHO,INERT,True,True,0,UNDECLARED,Fx005StereoWidth001
2,1713,0x06B1,ECHO,CONSUMED,True,True,0,UNDECLARED,Fx005Mix001
2,1714,0x06B2,UNMAPPED,UNMAPPED,False,False,4,UNDECLARED,Fx005DuckOn001
2,1715,0x06B3,UNMAPPED,UNMAPPED,False,False,4,UNDECLARED,Fx005DuckSens001
2,1716,0x06B4,UNMAPPED,UNMAPPED,False,False,4,UNDECLARED,
2,1717,0x06B5,ECHO,CONSUMED,True,True,0,UNDECLARED,Fx005RtgLevel001
2,1718,0x06B6,ECHO,CONSUMED,True,True,0,UNDECLARED,
2,1719,0x06B7,ECHO,CONSUMED,True,True,0,UNDECLARED,Fx005RtgMute001
2,1720,0x06B8,ECHO,CONSUMED,True,True,0,UNDECLARED,Fx005RtgDca001
2,1721,0x06B9,ECHO,INERT,True,True,0,UNDECLARED,Fx006On001
2,1722,0x06BA,ECHO,CONSUMED,True,True,0,UNDECLARED,Fx006Type001
2,1723,0x06BB,ECHO,INERT,True,True,0,UNDECLARED,Fx006Decay001
2,1724,0x06BC,ECHO,INERT,True,True,0,UNDECLARED,Fx006PreDelay001
2,1725,0x06BD,ECHO,INERT,True,True,0,UNDECLARED,Fx006DelayTime001
2,1726,0x06BE,ECHO,CONSUMED,True,True,0,UNDECLARED,Fx006Feedback001
2,1727,0x06BF,UNMAPPED,UNMAPPED,False,False,4,UNDECLARED,Fx006Balance001
2,1728,0x06C0,ECHO,CONSUMED,True,True,0,UNDECLARED,Fx006Damp001
2,1729,0x06C1,ECHO,INERT,True,True,0,UNDECLARED,Fx006EqLo001
2,1730,0x06C2,ECHO,INERT,True,True,0,UNDECLARED,Fx006EqMid001
2,1731,0x06C3,ECHO,INERT,True,True,0,UNDECLARED,Fx006EqPresence001
2,1732,0x06C4,ECHO,INERT,True,True,0,UNDECLARED,Fx006EqHpf001
2,1733,0x06C5,ECHO,INERT,True,True,0,UNDECLARED,
2,1734,0x06C6,ECHO,INERT,True,True,0,UNDECLARED,
2,1735,0x06C7,ECHO,INERT,True,True,0,UNDECLARED,
2,1736,0x06C8,ECHO,INERT,True,True,0,UNDECLARED,
2,1737,0x06C9,ECHO,INERT,True,True,0,UNDECLARED,Fx006ModRate001
2,1738,0x06CA,ECHO,INERT,True,True,0,UNDECLARED,Fx006ModLevel001
2,1739,0x06CB,ECHO,INERT,True,True,0,UNDECLARED,Fx006LfoShape001
2,1740,0x06CC,ECHO,INERT,True,True,0,UNDECLARED,Fx006StereoWidth001
2,1741,0x06CD,ECHO,CONSUMED,True,True,0,UNDECLARED,Fx006Mix001
2,1742,0x06CE,UNMAPPED,UNMAPPED,False,False,4,UNDECLARED,Fx006DuckOn001
2,1743,0x06CF,UNMAPPED,UNMAPPED,False,False,4,UNDECLARED,Fx006DuckSens001
2,1744,0x06D0,UNMAPPED,UNMAPPED,False,False,4,UNDECLARED,
2,1745,0x06D1,ECHO,CONSUMED,True,True,0,UNDECLARED,Fx006RtgLevel001
2,1746,0x06D2,ECHO,CONSUMED,True,True,0,UNDECLARED,
2,1747,0x06D3,ECHO,CONSUMED,True,True,0,UNDECLARED,Fx006RtgMute001
2,1748,0x06D4,ECHO,CONSUMED,True,True,0,UNDECLARED,Fx006RtgDca001
2,1749,0x06D5,ECHO,INERT,True,True,0,UNDECLARED,Mon001InputSel001
2,1750,0x06D6,ECHO,CONSUMED,True,True,0,UNDECLARED,Mon001Level001
2,1751,0x06D7,ECHO,CONSUMED,True,True,0,UNDECLARED,Mon001Level002
2,1752,0x06D8,UNMAPPED,UNMAPPED,False,False,4,UNDECLARED,
2,1753,0x06D9,UNMAPPED,UNMAPPED,False,False,4,UNDECLARED,
2,1754,0x06DA,UNMAPPED,UNMAPPED,False,False,4,UNDECLARED,
2,1755,0x06DB,ECHO,CONSUMED,True,True,0,UNDECLARED,Mon001Delay001
2,1756,0x06DC,ECHO,INERT,True,True,0,UNDECLARED,
2,1757,0x06DD,UNMAPPED,UNMAPPED,False,False,4,UNDECLARED,
2,1758,0x06DE,ECHO,CONSUMED,True,True,0,UNDECLARED,Usb001Level001
2,1759,0x06DF,ECHO,CONSUMED,True,True,0,UNDECLARED,Usb001On001
2,1760,0x06E0,ECHO,CONSUMED,True,True,0,UNDECLARED,Bt001Level001
2,1761,0x06E1,ECHO,CONSUMED,True,True,0,UNDECLARED,Bt001On001
2,1762,0x06E2,ECHO,CONSUMED,True,True,0,UNDECLARED,Dca001Level001
2,1763,0x06E3,ECHO,INERT,True,True,0,UNDECLARED,Dca001Mute001
2,1764,0x06E4,ECHO,CONSUMED,True,True,0,UNDECLARED,Dca002Level001
2,1765,0x06E5,ECHO,INERT,True,True,0,UNDECLARED,Dca002Mute001
2,1766,0x06E6,ECHO,CONSUMED,True,True,0,UNDECLARED,Dca003Level001
2,1767,0x06E7,ECHO,INERT,True,True,0,UNDECLARED,Dca003Mute001
2,1768,0x06E8,ECHO,CONSUMED,True,True,0,UNDECLARED,Dca004Level001
2,1769,0x06E9,ECHO,INERT,True,True,0,UNDECLARED,Dca004Mute001
2,1770,0x06EA,ECHO,CONSUMED,True,True,0,UNDECLARED,Dca005Level001
2,1771,0x06EB,ECHO,INERT,True,True,0,UNDECLARED,Dca005Mute001
2,1772,0x06EC,ECHO,CONSUMED,True,True,0,UNDECLARED,Dca006Level001
2,1773,0x06ED,ECHO,INERT,True,True,0,UNDECLARED,Dca006Mute001
2,1774,0x06EE,ECHO,CONSUMED,True,True,0,UNDECLARED,Dca007Level001
2,1775,0x06EF,ECHO,INERT,True,True,0,UNDECLARED,Dca007Mute001
2,1776,0x06F0,ECHO,CONSUMED,True,True,0,UNDECLARED,Dca008Level001
2,1777,0x06F1,ECHO,INERT,True,True,0,UNDECLARED,Dca008Mute001
2,1778,0x06F2,SKIPPED_METER,CONSUMED,True,,0,dBFS readback,AaAux001Mtr001
2,1779,0x06F3,SKIPPED_METER,CONSUMED,True,,0,dBFS readback,AaAux002Mtr001
2,1780,0x06F4,SKIPPED_METER,CONSUMED,True,,0,dBFS readback,AaAux003Mtr001
2,1781,0x06F5,SKIPPED_METER,CONSUMED,True,,0,dBFS readback,AaAux004Mtr001
2,1782,0x06F6,SKIPPED_METER,CONSUMED,True,,0,dBFS readback,AaAux005Mtr001
2,1783,0x06F7,SKIPPED_METER,CONSUMED,True,,0,dBFS readback,AaAux006Mtr001
2,1784,0x06F8,SKIPPED_METER,CONSUMED,True,,0,dBFS readback,AaAux007Mtr001
2,1785,0x06F9,SKIPPED_METER,CONSUMED,True,,0,dBFS readback,AaAux008Mtr001
2,1786,0x06FA,SKIPPED_METER,CONSUMED,True,,0,dBFS readback,AaAux009Mtr001
2,1787,0x06FB,SKIPPED_METER,CONSUMED,True,,0,dBFS readback,AaAux010Mtr001
2,1788,0x06FC,SKIPPED_METER,CONSUMED,True,,0,dBFS readback,AaAux011Mtr001
2,1789,0x06FD,SKIPPED_METER,CONSUMED,True,,0,dBFS readback,AaAux012Mtr001
2,1790,0x06FE,SKIPPED_METER,CONSUMED,True,,0,dBFS readback,AaMain001Mtr001
2,1791,0x06FF,SKIPPED_METER,OFFSET_REACH,True,,0,dBFS readback,AaMain001Mtr002
2,1792,0x0700,SKIPPED_METER,CONSUMED,True,,0,dBFS readback,AaMain002Mtr001
2,1793,0x0701,SKIPPED_METER,OFFSET_REACH,True,,0,dBFS readback,AaMain002Mtr002
2,1794,0x0702,SKIPPED_METER,CONSUMED,True,,0,dBFS readback,AaMain003Mtr001
2,1795,0x0703,SKIPPED_METER,OFFSET_REACH,True,,0,dBFS readback,AaMain003Mtr002
2,1796,0x0704,SKIPPED_METER,CONSUMED,True,,0,dBFS readback,AaMain004Mtr001
2,1797,0x0705,SKIPPED_METER,OFFSET_REACH,True,,0,dBFS readback,AaMain004Mtr002
2,1798,0x0706,SKIPPED_METER,CONSUMED,True,,0,dBFS readback,AaGrp001Mtr001
2,1799,0x0707,SKIPPED_METER,CONSUMED,True,,0,dBFS readback,AaGrp002Mtr001
2,1800,0x0708,SKIPPED_METER,CONSUMED,True,,0,dBFS readback,AaGrp003Mtr001
2,1801,0x0709,SKIPPED_METER,CONSUMED,True,,0,dBFS readback,AaGrp004Mtr001
2,1802,0x070A,SKIPPED_METER,CONSUMED,True,,0,dBFS readback,AaSub001Mtr001
2,1803,0x070B,SKIPPED_METER,CONSUMED,True,,0,dBFS readback,AaFx001Mtr001
2,1804,0x070C,SKIPPED_METER,CONSUMED,True,,0,dBFS readback,AaFx002Mtr001
2,1805,0x070D,SKIPPED_METER,CONSUMED,True,,0,dBFS readback,AaFx003Mtr001
2,1806,0x070E,SKIPPED_METER,CONSUMED,True,,0,dBFS readback,AaFx004Mtr001
2,1807,0x070F,SKIPPED_METER,CONSUMED,True,,0,dBFS readback,AaFx005Mtr001
2,1808,0x0710,SKIPPED_METER,CONSUMED,True,,0,dBFS readback,AaFx006Mtr001
2,1809,0x0711,UNMAPPED,UNMAPPED,False,False,4,UNDECLARED,
2,1810,0x0712,UNMAPPED,UNMAPPED,False,False,4,UNDECLARED,
2,1811,0x0713,UNMAPPED,UNMAPPED,False,False,4,UNDECLARED,
2,1812,0x0714,UNMAPPED,UNMAPPED,False,False,4,UNDECLARED,
2,1813,0x0715,UNMAPPED,UNMAPPED,False,False,4,UNDECLARED,
2,1814,0x0716,UNMAPPED,UNMAPPED,False,False,4,UNDECLARED,
2,1815,0x0717,UNMAPPED,UNMAPPED,False,False,4,UNDECLARED,
2,1816,0x0718,UNMAPPED,UNMAPPED,False,False,4,UNDECLARED,
2,1817,0x0719,UNMAPPED,UNMAPPED,False,False,4,UNDECLARED,
2,1818,0x071A,ECHO,CONSUMED,True,True,0,UNDECLARED,CodecAux001Level001
2,1819,0x071B,ECHO,CONSUMED,True,True,0,UNDECLARED,CodecAux001On001
2,1820,0x071C,ECHO,CONSUMED,True,True,0,UNDECLARED,Pi001Level001
2,1821,0x071D,ECHO,CONSUMED,True,True,0,UNDECLARED,Pi001On001
2,1822,0x071E,ECHO,CONSUMED,True,True,0,UNDECLARED,Snk001Level001
2,1823,0x071F,ECHO,CONSUMED,True,True,0,UNDECLARED,Snk001On001
2,1824,0x0720,ECHO,CONSUMED,True,True,0,UNDECLARED,Snk002Level001
2,1825,0x0721,ECHO,CONSUMED,True,True,0,UNDECLARED,Snk002On001
2,1826,0x0722,ECHO,CONSUMED,True,True,0,UNDECLARED,Snk003Level001
2,1827,0x0723,ECHO,CONSUMED,True,True,0,UNDECLARED,Snk003On001
2,1828,0x0724,ECHO,CONSUMED,True,True,0,UNDECLARED,Snk004Level001
2,1829,0x0725,ECHO,CONSUMED,True,True,0,UNDECLARED,Snk004On001
2,1830,0x0726,ECHO,CONSUMED,True,True,0,UNDECLARED,Snk005Level001
2,1831,0x0727,ECHO,CONSUMED,True,True,0,UNDECLARED,Snk005On001
2,1832,0x0728,ECHO,CONSUMED,True,True,0,UNDECLARED,Snk006Level001
2,1833,0x0729,ECHO,CONSUMED,True,True,0,UNDECLARED,Snk006On001
2,1834,0x072A,ECHO,CONSUMED,True,True,0,UNDECLARED,Snk007Level001
2,1835,0x072B,ECHO,CONSUMED,True,True,0,UNDECLARED,Snk007On001
2,1836,0x072C,ECHO,CONSUMED,True,True,0,UNDECLARED,Snk008Level001
2,1837,0x072D,ECHO,CONSUMED,True,True,0,UNDECLARED,Snk008On001
2,1838,0x072E,UNMAPPED,UNMAPPED,False,False,4,UNDECLARED,
2,1839,0x072F,UNMAPPED,UNMAPPED,False,False,4,UNDECLARED,
2,1840,0x0730,ECHO,CONSUMED,True,True,0,UNDECLARED,Grp001Geq001
2,1841,0x0731,ECHO,CONSUMED,True,True,0,UNDECLARED,Grp001Geq002
2,1842,0x0732,ECHO,CONSUMED,True,True,0,UNDECLARED,Grp001Geq003
2,1843,0x0733,ECHO,CONSUMED,True,True,0,UNDECLARED,Grp001Geq004
2,1844,0x0734,ECHO,CONSUMED,True,True,0,UNDECLARED,Grp001Geq005
2,1845,0x0735,ECHO,CONSUMED,True,True,0,UNDECLARED,Grp001Geq006
2,1846,0x0736,ECHO,CONSUMED,True,True,0,UNDECLARED,Grp001Geq007
2,1847,0x0737,ECHO,CONSUMED,True,True,0,UNDECLARED,Grp001Geq008
2,1848,0x0738,ECHO,CONSUMED,True,True,0,UNDECLARED,Grp001Geq009
2,1849,0x0739,ECHO,CONSUMED,True,True,0,UNDECLARED,Grp001Geq010
2,1850,0x073A,ECHO,CONSUMED,True,True,0,UNDECLARED,Grp001Geq011
2,1851,0x073B,ECHO,CONSUMED,True,True,0,UNDECLARED,Grp001Geq012
2,1852,0x073C,ECHO,CONSUMED,True,True,0,UNDECLARED,Grp001Geq013
2,1853,0x073D,ECHO,CONSUMED,True,True,0,UNDECLARED,Grp001Geq014
2,1854,0x073E,ECHO,CONSUMED,True,True,0,UNDECLARED,Grp001Geq015
2,1855,0x073F,ECHO,CONSUMED,True,True,0,UNDECLARED,Grp001Geq016
2,1856,0x0740,ECHO,CONSUMED,True,True,0,UNDECLARED,Grp001Geq017
2,1857,0x0741,ECHO,CONSUMED,True,True,0,UNDECLARED,Grp001Geq018
2,1858,0x0742,ECHO,CONSUMED,True,True,0,UNDECLARED,Grp001Geq019
2,1859,0x0743,ECHO,CONSUMED,True,True,0,UNDECLARED,Grp001Geq020
2,1860,0x0744,ECHO,CONSUMED,True,True,0,UNDECLARED,Grp001Geq021
2,1861,0x0745,ECHO,CONSUMED,True,True,0,UNDECLARED,Grp001Geq022
2,1862,0x0746,ECHO,CONSUMED,True,True,0,UNDECLARED,Grp001Geq023
2,1863,0x0747,ECHO,CONSUMED,True,True,0,UNDECLARED,Grp001Geq024
2,1864,0x0748,ECHO,CONSUMED,True,True,0,UNDECLARED,Grp001Geq025
2,1865,0x0749,ECHO,CONSUMED,True,True,0,UNDECLARED,Grp001Geq026
2,1866,0x074A,ECHO,CONSUMED,True,True,0,UNDECLARED,Grp001Geq027
2,1867,0x074B,ECHO,CONSUMED,True,True,0,UNDECLARED,Grp001Geq028
2,1868,0x074C,ECHO,CONSUMED,True,True,0,UNDECLARED,Grp002Geq001
2,1869,0x074D,ECHO,CONSUMED,True,True,0,UNDECLARED,Grp002Geq002
2,1870,0x074E,ECHO,CONSUMED,True,True,0,UNDECLARED,Grp002Geq003
2,1871,0x074F,ECHO,CONSUMED,True,True,0,UNDECLARED,Grp002Geq004
2,1872,0x0750,ECHO,CONSUMED,True,True,0,UNDECLARED,Grp002Geq005
2,1873,0x0751,ECHO,CONSUMED,True,True,0,UNDECLARED,Grp002Geq006
2,1874,0x0752,ECHO,CONSUMED,True,True,0,UNDECLARED,Grp002Geq007
2,1875,0x0753,ECHO,CONSUMED,True,True,0,UNDECLARED,Grp002Geq008
2,1876,0x0754,ECHO,CONSUMED,True,True,0,UNDECLARED,Grp002Geq009
2,1877,0x0755,ECHO,CONSUMED,True,True,0,UNDECLARED,Grp002Geq010
2,1878,0x0756,ECHO,CONSUMED,True,True,0,UNDECLARED,Grp002Geq011
2,1879,0x0757,ECHO,CONSUMED,True,True,0,UNDECLARED,Grp002Geq012
2,1880,0x0758,ECHO,CONSUMED,True,True,0,UNDECLARED,Grp002Geq013
2,1881,0x0759,ECHO,CONSUMED,True,True,0,UNDECLARED,Grp002Geq014
2,1882,0x075A,ECHO,CONSUMED,True,True,0,UNDECLARED,Grp002Geq015
2,1883,0x075B,ECHO,CONSUMED,True,True,0,UNDECLARED,Grp002Geq016
2,1884,0x075C,ECHO,CONSUMED,True,True,0,UNDECLARED,Grp002Geq017
2,1885,0x075D,ECHO,CONSUMED,True,True,0,UNDECLARED,Grp002Geq018
2,1886,0x075E,ECHO,CONSUMED,True,True,0,UNDECLARED,Grp002Geq019
2,1887,0x075F,ECHO,CONSUMED,True,True,0,UNDECLARED,Grp002Geq020
2,1888,0x0760,ECHO,CONSUMED,True,True,0,UNDECLARED,Grp002Geq021
2,1889,0x0761,ECHO,CONSUMED,True,True,0,UNDECLARED,Grp002Geq022
2,1890,0x0762,ECHO,CONSUMED,True,True,0,UNDECLARED,Grp002Geq023
2,1891,0x0763,ECHO,CONSUMED,True,True,0,UNDECLARED,Grp002Geq024
2,1892,0x0764,ECHO,CONSUMED,True,True,0,UNDECLARED,Grp002Geq025
2,1893,0x0765,ECHO,CONSUMED,True,True,0,UNDECLARED,Grp002Geq026
2,1894,0x0766,ECHO,CONSUMED,True,True,0,UNDECLARED,Grp002Geq027
2,1895,0x0767,ECHO,CONSUMED,True,True,0,UNDECLARED,Grp002Geq028
2,1896,0x0768,ECHO,CONSUMED,True,True,0,UNDECLARED,Grp003Geq001
2,1897,0x0769,ECHO,CONSUMED,True,True,0,UNDECLARED,Grp003Geq002
2,1898,0x076A,ECHO,CONSUMED,True,True,0,UNDECLARED,Grp003Geq003
2,1899,0x076B,ECHO,CONSUMED,True,True,0,UNDECLARED,Grp003Geq004
2,1900,0x076C,ECHO,CONSUMED,True,True,0,UNDECLARED,Grp003Geq005
2,1901,0x076D,ECHO,CONSUMED,True,True,0,UNDECLARED,Grp003Geq006
2,1902,0x076E,ECHO,CONSUMED,True,True,0,UNDECLARED,Grp003Geq007
2,1903,0x076F,ECHO,CONSUMED,True,True,0,UNDECLARED,Grp003Geq008
2,1904,0x0770,ECHO,CONSUMED,True,True,0,UNDECLARED,Grp003Geq009
2,1905,0x0771,ECHO,CONSUMED,True,True,0,UNDECLARED,Grp003Geq010
2,1906,0x0772,ECHO,CONSUMED,True,True,0,UNDECLARED,Grp003Geq011
2,1907,0x0773,ECHO,CONSUMED,True,True,0,UNDECLARED,Grp003Geq012
2,1908,0x0774,ECHO,CONSUMED,True,True,0,UNDECLARED,Grp003Geq013
2,1909,0x0775,ECHO,CONSUMED,True,True,0,UNDECLARED,Grp003Geq014
2,1910,0x0776,ECHO,CONSUMED,True,True,0,UNDECLARED,Grp003Geq015
2,1911,0x0777,ECHO,CONSUMED,True,True,0,UNDECLARED,Grp003Geq016
2,1912,0x0778,ECHO,CONSUMED,True,True,0,UNDECLARED,Grp003Geq017
2,1913,0x0779,ECHO,CONSUMED,True,True,0,UNDECLARED,Grp003Geq018
2,1914,0x077A,ECHO,CONSUMED,True,True,0,UNDECLARED,Grp003Geq019
2,1915,0x077B,ECHO,CONSUMED,True,True,0,UNDECLARED,Grp003Geq020
2,1916,0x077C,ECHO,CONSUMED,True,True,0,UNDECLARED,Grp003Geq021
2,1917,0x077D,ECHO,CONSUMED,True,True,0,UNDECLARED,Grp003Geq022
2,1918,0x077E,ECHO,CONSUMED,True,True,0,UNDECLARED,Grp003Geq023
2,1919,0x077F,ECHO,CONSUMED,True,True,0,UNDECLARED,Grp003Geq024
2,1920,0x0780,ECHO,CONSUMED,True,True,0,UNDECLARED,Grp003Geq025
2,1921,0x0781,ECHO,CONSUMED,True,True,0,UNDECLARED,Grp003Geq026
2,1922,0x0782,ECHO,CONSUMED,True,True,0,UNDECLARED,Grp003Geq027
2,1923,0x0783,ECHO,CONSUMED,True,True,0,UNDECLARED,Grp003Geq028
2,1924,0x0784,ECHO,CONSUMED,True,True,0,UNDECLARED,Grp004Geq001
2,1925,0x0785,ECHO,CONSUMED,True,True,0,UNDECLARED,Grp004Geq002
2,1926,0x0786,ECHO,CONSUMED,True,True,0,UNDECLARED,Grp004Geq003
2,1927,0x0787,ECHO,CONSUMED,True,True,0,UNDECLARED,Grp004Geq004
2,1928,0x0788,ECHO,CONSUMED,True,True,0,UNDECLARED,Grp004Geq005
2,1929,0x0789,ECHO,CONSUMED,True,True,0,UNDECLARED,Grp004Geq006
2,1930,0x078A,ECHO,CONSUMED,True,True,0,UNDECLARED,Grp004Geq007
2,1931,0x078B,ECHO,CONSUMED,True,True,0,UNDECLARED,Grp004Geq008
2,1932,0x078C,ECHO,CONSUMED,True,True,0,UNDECLARED,Grp004Geq009
2,1933,0x078D,ECHO,CONSUMED,True,True,0,UNDECLARED,Grp004Geq010
2,1934,0x078E,ECHO,CONSUMED,True,True,0,UNDECLARED,Grp004Geq011
2,1935,0x078F,ECHO,CONSUMED,True,True,0,UNDECLARED,Grp004Geq012
2,1936,0x0790,ECHO,CONSUMED,True,True,0,UNDECLARED,Grp004Geq013
2,1937,0x0791,ECHO,CONSUMED,True,True,0,UNDECLARED,Grp004Geq014
2,1938,0x0792,ECHO,CONSUMED,True,True,0,UNDECLARED,Grp004Geq015
2,1939,0x0793,ECHO,CONSUMED,True,True,0,UNDECLARED,Grp004Geq016
2,1940,0x0794,ECHO,CONSUMED,True,True,0,UNDECLARED,Grp004Geq017
2,1941,0x0795,ECHO,CONSUMED,True,True,0,UNDECLARED,Grp004Geq018
2,1942,0x0796,ECHO,CONSUMED,True,True,0,UNDECLARED,Grp004Geq019
2,1943,0x0797,ECHO,CONSUMED,True,True,0,UNDECLARED,Grp004Geq020
2,1944,0x0798,ECHO,CONSUMED,True,True,0,UNDECLARED,Grp004Geq021
2,1945,0x0799,ECHO,CONSUMED,True,True,0,UNDECLARED,Grp004Geq022
2,1946,0x079A,ECHO,CONSUMED,True,True,0,UNDECLARED,Grp004Geq023
2,1947,0x079B,ECHO,CONSUMED,True,True,0,UNDECLARED,Grp004Geq024
2,1948,0x079C,ECHO,CONSUMED,True,True,0,UNDECLARED,Grp004Geq025
2,1949,0x079D,ECHO,CONSUMED,True,True,0,UNDECLARED,Grp004Geq026
2,1950,0x079E,ECHO,CONSUMED,True,True,0,UNDECLARED,Grp004Geq027
2,1951,0x079F,ECHO,CONSUMED,True,True,0,UNDECLARED,Grp004Geq028
