_Cell,Family,Bucket,Reason,Class,DspAddrHex,InertSymbol,Notes
Aux001AntiFbCtrlOn001,AuxAntiFbCtrlOn,dsp-missing,"addressed (chip 2, 0x003C) and NOT SERVED: symbol inert — a host write lands in DM and no instruction of the running kernel looks at _afb_ctrl_on_C2_AUX_AFB_01",,0x003C,_afb_ctrl_on_C2_AUX_AFB_01,Anti-feedback control on/off per aux path
Aux002AntiFbCtrlOn001,AuxAntiFbCtrlOn,dsp-missing,"addressed (chip 2, 0x0096) and NOT SERVED: symbol inert — a host write lands in DM and no instruction of the running kernel looks at _afb_ctrl_on_C2_AUX_AFB_02",,0x0096,_afb_ctrl_on_C2_AUX_AFB_02,Anti-feedback control on/off per aux path
Aux003AntiFbCtrlOn001,AuxAntiFbCtrlOn,dsp-missing,"addressed (chip 2, 0x00F0) and NOT SERVED: symbol inert — a host write lands in DM and no instruction of the running kernel looks at _afb_ctrl_on_C2_AUX_AFB_03",,0x00F0,_afb_ctrl_on_C2_AUX_AFB_03,Anti-feedback control on/off per aux path
Aux004AntiFbCtrlOn001,AuxAntiFbCtrlOn,dsp-missing,"addressed (chip 2, 0x014A) and NOT SERVED: symbol inert — a host write lands in DM and no instruction of the running kernel looks at _afb_ctrl_on_C2_AUX_AFB_04",,0x014A,_afb_ctrl_on_C2_AUX_AFB_04,Anti-feedback control on/off per aux path
Aux005AntiFbCtrlOn001,AuxAntiFbCtrlOn,dsp-missing,"addressed (chip 2, 0x01A4) and NOT SERVED: symbol inert — a host write lands in DM and no instruction of the running kernel looks at _afb_ctrl_on_C2_AUX_AFB_05",,0x01A4,_afb_ctrl_on_C2_AUX_AFB_05,Anti-feedback control on/off per aux path
Aux006AntiFbCtrlOn001,AuxAntiFbCtrlOn,dsp-missing,"addressed (chip 2, 0x01FE) and NOT SERVED: symbol inert — a host write lands in DM and no instruction of the running kernel looks at _afb_ctrl_on_C2_AUX_AFB_06",,0x01FE,_afb_ctrl_on_C2_AUX_AFB_06,Anti-feedback control on/off per aux path
Aux007AntiFbCtrlOn001,AuxAntiFbCtrlOn,dsp-missing,"addressed (chip 2, 0x0258) and NOT SERVED: symbol inert — a host write lands in DM and no instruction of the running kernel looks at _afb_ctrl_on_C2_AUX_AFB_07",,0x0258,_afb_ctrl_on_C2_AUX_AFB_07,Anti-feedback control on/off per aux path
Aux008AntiFbCtrlOn001,AuxAntiFbCtrlOn,dsp-missing,"addressed (chip 2, 0x02B2) and NOT SERVED: symbol inert — a host write lands in DM and no instruction of the running kernel looks at _afb_ctrl_on_C2_AUX_AFB_08",,0x02B2,_afb_ctrl_on_C2_AUX_AFB_08,Anti-feedback control on/off per aux path
Chan001CompDetSrc001,ChanCompDetSrc,dsp-missing,"addressed (chip 1, 0x0042) and NOT SERVED: shared-kernel field comp_det_src, never named by an instruction — a host write lands in DM and no instruction of the running kernel looks at _comp_det_src_C1_COMP_01",,0x0042,_comp_det_src_C1_COMP_01,Compressor self-key tap source (PreEQ/PostEQ)
Chan002CompDetSrc001,ChanCompDetSrc,dsp-missing,"addressed (chip 1, 0x00D2) and NOT SERVED: shared-kernel field comp_det_src, never named by an instruction — a host write lands in DM and no instruction of the running kernel looks at _comp_det_src_C1_COMP_02",,0x00D2,_comp_det_src_C1_COMP_02,Compressor self-key tap source (PreEQ/PostEQ)
Chan003CompDetSrc001,ChanCompDetSrc,dsp-missing,"addressed (chip 1, 0x0162) and NOT SERVED: shared-kernel field comp_det_src, never named by an instruction — a host write lands in DM and no instruction of the running kernel looks at _comp_det_src_C1_COMP_03",,0x0162,_comp_det_src_C1_COMP_03,Compressor self-key tap source (PreEQ/PostEQ)
Chan004CompDetSrc001,ChanCompDetSrc,dsp-missing,"addressed (chip 1, 0x01F2) and NOT SERVED: shared-kernel field comp_det_src, never named by an instruction — a host write lands in DM and no instruction of the running kernel looks at _comp_det_src_C1_COMP_04",,0x01F2,_comp_det_src_C1_COMP_04,Compressor self-key tap source (PreEQ/PostEQ)
Chan005CompDetSrc001,ChanCompDetSrc,dsp-missing,"addressed (chip 1, 0x0282) and NOT SERVED: shared-kernel field comp_det_src, never named by an instruction — a host write lands in DM and no instruction of the running kernel looks at _comp_det_src_C1_COMP_05",,0x0282,_comp_det_src_C1_COMP_05,Compressor self-key tap source (PreEQ/PostEQ)
Chan006CompDetSrc001,ChanCompDetSrc,dsp-missing,"addressed (chip 1, 0x0312) and NOT SERVED: shared-kernel field comp_det_src, never named by an instruction — a host write lands in DM and no instruction of the running kernel looks at _comp_det_src_C1_COMP_06",,0x0312,_comp_det_src_C1_COMP_06,Compressor self-key tap source (PreEQ/PostEQ)
Chan007CompDetSrc001,ChanCompDetSrc,dsp-missing,"addressed (chip 1, 0x03A2) and NOT SERVED: shared-kernel field comp_det_src, never named by an instruction — a host write lands in DM and no instruction of the running kernel looks at _comp_det_src_C1_COMP_07",,0x03A2,_comp_det_src_C1_COMP_07,Compressor self-key tap source (PreEQ/PostEQ)
Chan008CompDetSrc001,ChanCompDetSrc,dsp-missing,"addressed (chip 1, 0x0432) and NOT SERVED: shared-kernel field comp_det_src, never named by an instruction — a host write lands in DM and no instruction of the running kernel looks at _comp_det_src_C1_COMP_08",,0x0432,_comp_det_src_C1_COMP_08,Compressor self-key tap source (PreEQ/PostEQ)
Chan009CompDetSrc001,ChanCompDetSrc,dsp-missing,"addressed (chip 1, 0x04C2) and NOT SERVED: shared-kernel field comp_det_src, never named by an instruction — a host write lands in DM and no instruction of the running kernel looks at _comp_det_src_C1_COMP_09",,0x04C2,_comp_det_src_C1_COMP_09,Compressor self-key tap source (PreEQ/PostEQ)
Chan010CompDetSrc001,ChanCompDetSrc,dsp-missing,"addressed (chip 1, 0x0552) and NOT SERVED: shared-kernel field comp_det_src, never named by an instruction — a host write lands in DM and no instruction of the running kernel looks at _comp_det_src_C1_COMP_10",,0x0552,_comp_det_src_C1_COMP_10,Compressor self-key tap source (PreEQ/PostEQ)
Chan011CompDetSrc001,ChanCompDetSrc,dsp-missing,"addressed (chip 1, 0x05E2) and NOT SERVED: shared-kernel field comp_det_src, never named by an instruction — a host write lands in DM and no instruction of the running kernel looks at _comp_det_src_C1_COMP_11",,0x05E2,_comp_det_src_C1_COMP_11,Compressor self-key tap source (PreEQ/PostEQ)
Chan012CompDetSrc001,ChanCompDetSrc,dsp-missing,"addressed (chip 1, 0x0672) and NOT SERVED: shared-kernel field comp_det_src, never named by an instruction — a host write lands in DM and no instruction of the running kernel looks at _comp_det_src_C1_COMP_12",,0x0672,_comp_det_src_C1_COMP_12,Compressor self-key tap source (PreEQ/PostEQ)
Chan013CompDetSrc001,ChanCompDetSrc,dsp-missing,"addressed (chip 1, 0x0702) and NOT SERVED: shared-kernel field comp_det_src, never named by an instruction — a host write lands in DM and no instruction of the running kernel looks at _comp_det_src_C1_COMP_13",,0x0702,_comp_det_src_C1_COMP_13,Compressor self-key tap source (PreEQ/PostEQ)
Chan014CompDetSrc001,ChanCompDetSrc,dsp-missing,"addressed (chip 1, 0x0792) and NOT SERVED: shared-kernel field comp_det_src, never named by an instruction — a host write lands in DM and no instruction of the running kernel looks at _comp_det_src_C1_COMP_14",,0x0792,_comp_det_src_C1_COMP_14,Compressor self-key tap source (PreEQ/PostEQ)
Chan015CompDetSrc001,ChanCompDetSrc,dsp-missing,"addressed (chip 1, 0x0822) and NOT SERVED: shared-kernel field comp_det_src, never named by an instruction — a host write lands in DM and no instruction of the running kernel looks at _comp_det_src_C1_COMP_15",,0x0822,_comp_det_src_C1_COMP_15,Compressor self-key tap source (PreEQ/PostEQ)
Chan016CompDetSrc001,ChanCompDetSrc,dsp-missing,"addressed (chip 1, 0x08B2) and NOT SERVED: shared-kernel field comp_det_src, never named by an instruction — a host write lands in DM and no instruction of the running kernel looks at _comp_det_src_C1_COMP_16",,0x08B2,_comp_det_src_C1_COMP_16,Compressor self-key tap source (PreEQ/PostEQ)
Chan017CompDetSrc001,ChanCompDetSrc,dsp-missing,"addressed (chip 1, 0x0942) and NOT SERVED: shared-kernel field comp_det_src, never named by an instruction — a host write lands in DM and no instruction of the running kernel looks at _comp_det_src_C1_COMP_17",,0x0942,_comp_det_src_C1_COMP_17,Compressor self-key tap source (PreEQ/PostEQ)
Chan018CompDetSrc001,ChanCompDetSrc,dsp-missing,"addressed (chip 1, 0x09D2) and NOT SERVED: shared-kernel field comp_det_src, never named by an instruction — a host write lands in DM and no instruction of the running kernel looks at _comp_det_src_C1_COMP_18",,0x09D2,_comp_det_src_C1_COMP_18,Compressor self-key tap source (PreEQ/PostEQ)
Chan019CompDetSrc001,ChanCompDetSrc,dsp-missing,"addressed (chip 1, 0x0A62) and NOT SERVED: shared-kernel field comp_det_src, never named by an instruction — a host write lands in DM and no instruction of the running kernel looks at _comp_det_src_C1_COMP_19",,0x0A62,_comp_det_src_C1_COMP_19,Compressor self-key tap source (PreEQ/PostEQ)
Chan020CompDetSrc001,ChanCompDetSrc,dsp-missing,"addressed (chip 1, 0x0AF2) and NOT SERVED: shared-kernel field comp_det_src, never named by an instruction — a host write lands in DM and no instruction of the running kernel looks at _comp_det_src_C1_COMP_20",,0x0AF2,_comp_det_src_C1_COMP_20,Compressor self-key tap source (PreEQ/PostEQ)
Chan021CompDetSrc001,ChanCompDetSrc,dsp-missing,"addressed (chip 1, 0x0B82) and NOT SERVED: shared-kernel field comp_det_src, never named by an instruction — a host write lands in DM and no instruction of the running kernel looks at _comp_det_src_C1_COMP_21",,0x0B82,_comp_det_src_C1_COMP_21,Compressor self-key tap source (PreEQ/PostEQ)
Chan022CompDetSrc001,ChanCompDetSrc,dsp-missing,"addressed (chip 1, 0x0C12) and NOT SERVED: shared-kernel field comp_det_src, never named by an instruction — a host write lands in DM and no instruction of the running kernel looks at _comp_det_src_C1_COMP_22",,0x0C12,_comp_det_src_C1_COMP_22,Compressor self-key tap source (PreEQ/PostEQ)
Chan023CompDetSrc001,ChanCompDetSrc,dsp-missing,"addressed (chip 1, 0x0CA2) and NOT SERVED: shared-kernel field comp_det_src, never named by an instruction — a host write lands in DM and no instruction of the running kernel looks at _comp_det_src_C1_COMP_23",,0x0CA2,_comp_det_src_C1_COMP_23,Compressor self-key tap source (PreEQ/PostEQ)
Chan024CompDetSrc001,ChanCompDetSrc,dsp-missing,"addressed (chip 1, 0x0D32) and NOT SERVED: shared-kernel field comp_det_src, never named by an instruction — a host write lands in DM and no instruction of the running kernel looks at _comp_det_src_C1_COMP_24",,0x0D32,_comp_det_src_C1_COMP_24,Compressor self-key tap source (PreEQ/PostEQ)
Chan001CompEqPos001,ChanCompEqPos,dsp-missing,"addressed (chip 1, 0x0044) and NOT SERVED: shared-kernel field comp_eq_pos, never named by an instruction — a host write lands in DM and no instruction of the running kernel looks at _comp_eq_pos_C1_COMP_01",,0x0044,_comp_eq_pos_C1_COMP_01,Compressor EQ position (Pre/Post)
Chan002CompEqPos001,ChanCompEqPos,dsp-missing,"addressed (chip 1, 0x00D4) and NOT SERVED: shared-kernel field comp_eq_pos, never named by an instruction — a host write lands in DM and no instruction of the running kernel looks at _comp_eq_pos_C1_COMP_02",,0x00D4,_comp_eq_pos_C1_COMP_02,Compressor EQ position (Pre/Post)
Chan003CompEqPos001,ChanCompEqPos,dsp-missing,"addressed (chip 1, 0x0164) and NOT SERVED: shared-kernel field comp_eq_pos, never named by an instruction — a host write lands in DM and no instruction of the running kernel looks at _comp_eq_pos_C1_COMP_03",,0x0164,_comp_eq_pos_C1_COMP_03,Compressor EQ position (Pre/Post)
Chan004CompEqPos001,ChanCompEqPos,dsp-missing,"addressed (chip 1, 0x01F4) and NOT SERVED: shared-kernel field comp_eq_pos, never named by an instruction — a host write lands in DM and no instruction of the running kernel looks at _comp_eq_pos_C1_COMP_04",,0x01F4,_comp_eq_pos_C1_COMP_04,Compressor EQ position (Pre/Post)
Chan005CompEqPos001,ChanCompEqPos,dsp-missing,"addressed (chip 1, 0x0284) and NOT SERVED: shared-kernel field comp_eq_pos, never named by an instruction — a host write lands in DM and no instruction of the running kernel looks at _comp_eq_pos_C1_COMP_05",,0x0284,_comp_eq_pos_C1_COMP_05,Compressor EQ position (Pre/Post)
Chan006CompEqPos001,ChanCompEqPos,dsp-missing,"addressed (chip 1, 0x0314) and NOT SERVED: shared-kernel field comp_eq_pos, never named by an instruction — a host write lands in DM and no instruction of the running kernel looks at _comp_eq_pos_C1_COMP_06",,0x0314,_comp_eq_pos_C1_COMP_06,Compressor EQ position (Pre/Post)
Chan007CompEqPos001,ChanCompEqPos,dsp-missing,"addressed (chip 1, 0x03A4) and NOT SERVED: shared-kernel field comp_eq_pos, never named by an instruction — a host write lands in DM and no instruction of the running kernel looks at _comp_eq_pos_C1_COMP_07",,0x03A4,_comp_eq_pos_C1_COMP_07,Compressor EQ position (Pre/Post)
Chan008CompEqPos001,ChanCompEqPos,dsp-missing,"addressed (chip 1, 0x0434) and NOT SERVED: shared-kernel field comp_eq_pos, never named by an instruction — a host write lands in DM and no instruction of the running kernel looks at _comp_eq_pos_C1_COMP_08",,0x0434,_comp_eq_pos_C1_COMP_08,Compressor EQ position (Pre/Post)
Chan009CompEqPos001,ChanCompEqPos,dsp-missing,"addressed (chip 1, 0x04C4) and NOT SERVED: shared-kernel field comp_eq_pos, never named by an instruction — a host write lands in DM and no instruction of the running kernel looks at _comp_eq_pos_C1_COMP_09",,0x04C4,_comp_eq_pos_C1_COMP_09,Compressor EQ position (Pre/Post)
Chan010CompEqPos001,ChanCompEqPos,dsp-missing,"addressed (chip 1, 0x0554) and NOT SERVED: shared-kernel field comp_eq_pos, never named by an instruction — a host write lands in DM and no instruction of the running kernel looks at _comp_eq_pos_C1_COMP_10",,0x0554,_comp_eq_pos_C1_COMP_10,Compressor EQ position (Pre/Post)
Chan011CompEqPos001,ChanCompEqPos,dsp-missing,"addressed (chip 1, 0x05E4) and NOT SERVED: shared-kernel field comp_eq_pos, never named by an instruction — a host write lands in DM and no instruction of the running kernel looks at _comp_eq_pos_C1_COMP_11",,0x05E4,_comp_eq_pos_C1_COMP_11,Compressor EQ position (Pre/Post)
Chan012CompEqPos001,ChanCompEqPos,dsp-missing,"addressed (chip 1, 0x0674) and NOT SERVED: shared-kernel field comp_eq_pos, never named by an instruction — a host write lands in DM and no instruction of the running kernel looks at _comp_eq_pos_C1_COMP_12",,0x0674,_comp_eq_pos_C1_COMP_12,Compressor EQ position (Pre/Post)
Chan013CompEqPos001,ChanCompEqPos,dsp-missing,"addressed (chip 1, 0x0704) and NOT SERVED: shared-kernel field comp_eq_pos, never named by an instruction — a host write lands in DM and no instruction of the running kernel looks at _comp_eq_pos_C1_COMP_13",,0x0704,_comp_eq_pos_C1_COMP_13,Compressor EQ position (Pre/Post)
Chan014CompEqPos001,ChanCompEqPos,dsp-missing,"addressed (chip 1, 0x0794) and NOT SERVED: shared-kernel field comp_eq_pos, never named by an instruction — a host write lands in DM and no instruction of the running kernel looks at _comp_eq_pos_C1_COMP_14",,0x0794,_comp_eq_pos_C1_COMP_14,Compressor EQ position (Pre/Post)
Chan015CompEqPos001,ChanCompEqPos,dsp-missing,"addressed (chip 1, 0x0824) and NOT SERVED: shared-kernel field comp_eq_pos, never named by an instruction — a host write lands in DM and no instruction of the running kernel looks at _comp_eq_pos_C1_COMP_15",,0x0824,_comp_eq_pos_C1_COMP_15,Compressor EQ position (Pre/Post)
Chan016CompEqPos001,ChanCompEqPos,dsp-missing,"addressed (chip 1, 0x08B4) and NOT SERVED: shared-kernel field comp_eq_pos, never named by an instruction — a host write lands in DM and no instruction of the running kernel looks at _comp_eq_pos_C1_COMP_16",,0x08B4,_comp_eq_pos_C1_COMP_16,Compressor EQ position (Pre/Post)
Chan017CompEqPos001,ChanCompEqPos,dsp-missing,"addressed (chip 1, 0x0944) and NOT SERVED: shared-kernel field comp_eq_pos, never named by an instruction — a host write lands in DM and no instruction of the running kernel looks at _comp_eq_pos_C1_COMP_17",,0x0944,_comp_eq_pos_C1_COMP_17,Compressor EQ position (Pre/Post)
Chan018CompEqPos001,ChanCompEqPos,dsp-missing,"addressed (chip 1, 0x09D4) and NOT SERVED: shared-kernel field comp_eq_pos, never named by an instruction — a host write lands in DM and no instruction of the running kernel looks at _comp_eq_pos_C1_COMP_18",,0x09D4,_comp_eq_pos_C1_COMP_18,Compressor EQ position (Pre/Post)
Chan019CompEqPos001,ChanCompEqPos,dsp-missing,"addressed (chip 1, 0x0A64) and NOT SERVED: shared-kernel field comp_eq_pos, never named by an instruction — a host write lands in DM and no instruction of the running kernel looks at _comp_eq_pos_C1_COMP_19",,0x0A64,_comp_eq_pos_C1_COMP_19,Compressor EQ position (Pre/Post)
Chan020CompEqPos001,ChanCompEqPos,dsp-missing,"addressed (chip 1, 0x0AF4) and NOT SERVED: shared-kernel field comp_eq_pos, never named by an instruction — a host write lands in DM and no instruction of the running kernel looks at _comp_eq_pos_C1_COMP_20",,0x0AF4,_comp_eq_pos_C1_COMP_20,Compressor EQ position (Pre/Post)
Chan021CompEqPos001,ChanCompEqPos,dsp-missing,"addressed (chip 1, 0x0B84) and NOT SERVED: shared-kernel field comp_eq_pos, never named by an instruction — a host write lands in DM and no instruction of the running kernel looks at _comp_eq_pos_C1_COMP_21",,0x0B84,_comp_eq_pos_C1_COMP_21,Compressor EQ position (Pre/Post)
Chan022CompEqPos001,ChanCompEqPos,dsp-missing,"addressed (chip 1, 0x0C14) and NOT SERVED: shared-kernel field comp_eq_pos, never named by an instruction — a host write lands in DM and no instruction of the running kernel looks at _comp_eq_pos_C1_COMP_22",,0x0C14,_comp_eq_pos_C1_COMP_22,Compressor EQ position (Pre/Post)
Chan023CompEqPos001,ChanCompEqPos,dsp-missing,"addressed (chip 1, 0x0CA4) and NOT SERVED: shared-kernel field comp_eq_pos, never named by an instruction — a host write lands in DM and no instruction of the running kernel looks at _comp_eq_pos_C1_COMP_23",,0x0CA4,_comp_eq_pos_C1_COMP_23,Compressor EQ position (Pre/Post)
Chan024CompEqPos001,ChanCompEqPos,dsp-missing,"addressed (chip 1, 0x0D34) and NOT SERVED: shared-kernel field comp_eq_pos, never named by an instruction — a host write lands in DM and no instruction of the running kernel looks at _comp_eq_pos_C1_COMP_24",,0x0D34,_comp_eq_pos_C1_COMP_24,Compressor EQ position (Pre/Post)
Chan001CompFilterHpf001,ChanCompFilterHpf,dsp-missing,"addressed (chip 1, 0x0046) and NOT SERVED: shared-kernel field comp_filter_coeffs, never named by an instruction — a host write lands in DM and no instruction of the running kernel looks at _comp_filter_coeffs_C1_COMP_01",,0x0046,_comp_filter_coeffs_C1_COMP_01,Compressor sidechain HPF frequency
Chan002CompFilterHpf001,ChanCompFilterHpf,dsp-missing,"addressed (chip 1, 0x00D6) and NOT SERVED: shared-kernel field comp_filter_coeffs, never named by an instruction — a host write lands in DM and no instruction of the running kernel looks at _comp_filter_coeffs_C1_COMP_02",,0x00D6,_comp_filter_coeffs_C1_COMP_02,Compressor sidechain HPF frequency
Chan003CompFilterHpf001,ChanCompFilterHpf,dsp-missing,"addressed (chip 1, 0x0166) and NOT SERVED: shared-kernel field comp_filter_coeffs, never named by an instruction — a host write lands in DM and no instruction of the running kernel looks at _comp_filter_coeffs_C1_COMP_03",,0x0166,_comp_filter_coeffs_C1_COMP_03,Compressor sidechain HPF frequency
Chan004CompFilterHpf001,ChanCompFilterHpf,dsp-missing,"addressed (chip 1, 0x01F6) and NOT SERVED: shared-kernel field comp_filter_coeffs, never named by an instruction — a host write lands in DM and no instruction of the running kernel looks at _comp_filter_coeffs_C1_COMP_04",,0x01F6,_comp_filter_coeffs_C1_COMP_04,Compressor sidechain HPF frequency
Chan005CompFilterHpf001,ChanCompFilterHpf,dsp-missing,"addressed (chip 1, 0x0286) and NOT SERVED: shared-kernel field comp_filter_coeffs, never named by an instruction — a host write lands in DM and no instruction of the running kernel looks at _comp_filter_coeffs_C1_COMP_05",,0x0286,_comp_filter_coeffs_C1_COMP_05,Compressor sidechain HPF frequency
Chan006CompFilterHpf001,ChanCompFilterHpf,dsp-missing,"addressed (chip 1, 0x0316) and NOT SERVED: shared-kernel field comp_filter_coeffs, never named by an instruction — a host write lands in DM and no instruction of the running kernel looks at _comp_filter_coeffs_C1_COMP_06",,0x0316,_comp_filter_coeffs_C1_COMP_06,Compressor sidechain HPF frequency
Chan007CompFilterHpf001,ChanCompFilterHpf,dsp-missing,"addressed (chip 1, 0x03A6) and NOT SERVED: shared-kernel field comp_filter_coeffs, never named by an instruction — a host write lands in DM and no instruction of the running kernel looks at _comp_filter_coeffs_C1_COMP_07",,0x03A6,_comp_filter_coeffs_C1_COMP_07,Compressor sidechain HPF frequency
Chan008CompFilterHpf001,ChanCompFilterHpf,dsp-missing,"addressed (chip 1, 0x0436) and NOT SERVED: shared-kernel field comp_filter_coeffs, never named by an instruction — a host write lands in DM and no instruction of the running kernel looks at _comp_filter_coeffs_C1_COMP_08",,0x0436,_comp_filter_coeffs_C1_COMP_08,Compressor sidechain HPF frequency
Chan009CompFilterHpf001,ChanCompFilterHpf,dsp-missing,"addressed (chip 1, 0x04C6) and NOT SERVED: shared-kernel field comp_filter_coeffs, never named by an instruction — a host write lands in DM and no instruction of the running kernel looks at _comp_filter_coeffs_C1_COMP_09",,0x04C6,_comp_filter_coeffs_C1_COMP_09,Compressor sidechain HPF frequency
Chan010CompFilterHpf001,ChanCompFilterHpf,dsp-missing,"addressed (chip 1, 0x0556) and NOT SERVED: shared-kernel field comp_filter_coeffs, never named by an instruction — a host write lands in DM and no instruction of the running kernel looks at _comp_filter_coeffs_C1_COMP_10",,0x0556,_comp_filter_coeffs_C1_COMP_10,Compressor sidechain HPF frequency
Chan011CompFilterHpf001,ChanCompFilterHpf,dsp-missing,"addressed (chip 1, 0x05E6) and NOT SERVED: shared-kernel field comp_filter_coeffs, never named by an instruction — a host write lands in DM and no instruction of the running kernel looks at _comp_filter_coeffs_C1_COMP_11",,0x05E6,_comp_filter_coeffs_C1_COMP_11,Compressor sidechain HPF frequency
Chan012CompFilterHpf001,ChanCompFilterHpf,dsp-missing,"addressed (chip 1, 0x0676) and NOT SERVED: shared-kernel field comp_filter_coeffs, never named by an instruction — a host write lands in DM and no instruction of the running kernel looks at _comp_filter_coeffs_C1_COMP_12",,0x0676,_comp_filter_coeffs_C1_COMP_12,Compressor sidechain HPF frequency
Chan013CompFilterHpf001,ChanCompFilterHpf,dsp-missing,"addressed (chip 1, 0x0706) and NOT SERVED: shared-kernel field comp_filter_coeffs, never named by an instruction — a host write lands in DM and no instruction of the running kernel looks at _comp_filter_coeffs_C1_COMP_13",,0x0706,_comp_filter_coeffs_C1_COMP_13,Compressor sidechain HPF frequency
Chan014CompFilterHpf001,ChanCompFilterHpf,dsp-missing,"addressed (chip 1, 0x0796) and NOT SERVED: shared-kernel field comp_filter_coeffs, never named by an instruction — a host write lands in DM and no instruction of the running kernel looks at _comp_filter_coeffs_C1_COMP_14",,0x0796,_comp_filter_coeffs_C1_COMP_14,Compressor sidechain HPF frequency
Chan015CompFilterHpf001,ChanCompFilterHpf,dsp-missing,"addressed (chip 1, 0x0826) and NOT SERVED: shared-kernel field comp_filter_coeffs, never named by an instruction — a host write lands in DM and no instruction of the running kernel looks at _comp_filter_coeffs_C1_COMP_15",,0x0826,_comp_filter_coeffs_C1_COMP_15,Compressor sidechain HPF frequency
Chan016CompFilterHpf001,ChanCompFilterHpf,dsp-missing,"addressed (chip 1, 0x08B6) and NOT SERVED: shared-kernel field comp_filter_coeffs, never named by an instruction — a host write lands in DM and no instruction of the running kernel looks at _comp_filter_coeffs_C1_COMP_16",,0x08B6,_comp_filter_coeffs_C1_COMP_16,Compressor sidechain HPF frequency
Chan017CompFilterHpf001,ChanCompFilterHpf,dsp-missing,"addressed (chip 1, 0x0946) and NOT SERVED: shared-kernel field comp_filter_coeffs, never named by an instruction — a host write lands in DM and no instruction of the running kernel looks at _comp_filter_coeffs_C1_COMP_17",,0x0946,_comp_filter_coeffs_C1_COMP_17,Compressor sidechain HPF frequency
Chan018CompFilterHpf001,ChanCompFilterHpf,dsp-missing,"addressed (chip 1, 0x09D6) and NOT SERVED: shared-kernel field comp_filter_coeffs, never named by an instruction — a host write lands in DM and no instruction of the running kernel looks at _comp_filter_coeffs_C1_COMP_18",,0x09D6,_comp_filter_coeffs_C1_COMP_18,Compressor sidechain HPF frequency
Chan019CompFilterHpf001,ChanCompFilterHpf,dsp-missing,"addressed (chip 1, 0x0A66) and NOT SERVED: shared-kernel field comp_filter_coeffs, never named by an instruction — a host write lands in DM and no instruction of the running kernel looks at _comp_filter_coeffs_C1_COMP_19",,0x0A66,_comp_filter_coeffs_C1_COMP_19,Compressor sidechain HPF frequency
Chan020CompFilterHpf001,ChanCompFilterHpf,dsp-missing,"addressed (chip 1, 0x0AF6) and NOT SERVED: shared-kernel field comp_filter_coeffs, never named by an instruction — a host write lands in DM and no instruction of the running kernel looks at _comp_filter_coeffs_C1_COMP_20",,0x0AF6,_comp_filter_coeffs_C1_COMP_20,Compressor sidechain HPF frequency
Chan021CompFilterHpf001,ChanCompFilterHpf,dsp-missing,"addressed (chip 1, 0x0B86) and NOT SERVED: shared-kernel field comp_filter_coeffs, never named by an instruction — a host write lands in DM and no instruction of the running kernel looks at _comp_filter_coeffs_C1_COMP_21",,0x0B86,_comp_filter_coeffs_C1_COMP_21,Compressor sidechain HPF frequency
Chan022CompFilterHpf001,ChanCompFilterHpf,dsp-missing,"addressed (chip 1, 0x0C16) and NOT SERVED: shared-kernel field comp_filter_coeffs, never named by an instruction — a host write lands in DM and no instruction of the running kernel looks at _comp_filter_coeffs_C1_COMP_22",,0x0C16,_comp_filter_coeffs_C1_COMP_22,Compressor sidechain HPF frequency
Chan023CompFilterHpf001,ChanCompFilterHpf,dsp-missing,"addressed (chip 1, 0x0CA6) and NOT SERVED: shared-kernel field comp_filter_coeffs, never named by an instruction — a host write lands in DM and no instruction of the running kernel looks at _comp_filter_coeffs_C1_COMP_23",,0x0CA6,_comp_filter_coeffs_C1_COMP_23,Compressor sidechain HPF frequency
Chan024CompFilterHpf001,ChanCompFilterHpf,dsp-missing,"addressed (chip 1, 0x0D36) and NOT SERVED: shared-kernel field comp_filter_coeffs, never named by an instruction — a host write lands in DM and no instruction of the running kernel looks at _comp_filter_coeffs_C1_COMP_24",,0x0D36,_comp_filter_coeffs_C1_COMP_24,Compressor sidechain HPF frequency
Chan001CompFilterLpf001,ChanCompFilterLpf,dsp-missing,"addressed (chip 1, 0x0046) and NOT SERVED: shared-kernel field comp_filter_coeffs, never named by an instruction — a host write lands in DM and no instruction of the running kernel looks at _comp_filter_coeffs_C1_COMP_01",,0x0046,_comp_filter_coeffs_C1_COMP_01,Compressor sidechain LPF frequency
Chan002CompFilterLpf001,ChanCompFilterLpf,dsp-missing,"addressed (chip 1, 0x00D6) and NOT SERVED: shared-kernel field comp_filter_coeffs, never named by an instruction — a host write lands in DM and no instruction of the running kernel looks at _comp_filter_coeffs_C1_COMP_02",,0x00D6,_comp_filter_coeffs_C1_COMP_02,Compressor sidechain LPF frequency
Chan003CompFilterLpf001,ChanCompFilterLpf,dsp-missing,"addressed (chip 1, 0x0166) and NOT SERVED: shared-kernel field comp_filter_coeffs, never named by an instruction — a host write lands in DM and no instruction of the running kernel looks at _comp_filter_coeffs_C1_COMP_03",,0x0166,_comp_filter_coeffs_C1_COMP_03,Compressor sidechain LPF frequency
Chan004CompFilterLpf001,ChanCompFilterLpf,dsp-missing,"addressed (chip 1, 0x01F6) and NOT SERVED: shared-kernel field comp_filter_coeffs, never named by an instruction — a host write lands in DM and no instruction of the running kernel looks at _comp_filter_coeffs_C1_COMP_04",,0x01F6,_comp_filter_coeffs_C1_COMP_04,Compressor sidechain LPF frequency
Chan005CompFilterLpf001,ChanCompFilterLpf,dsp-missing,"addressed (chip 1, 0x0286) and NOT SERVED: shared-kernel field comp_filter_coeffs, never named by an instruction — a host write lands in DM and no instruction of the running kernel looks at _comp_filter_coeffs_C1_COMP_05",,0x0286,_comp_filter_coeffs_C1_COMP_05,Compressor sidechain LPF frequency
Chan006CompFilterLpf001,ChanCompFilterLpf,dsp-missing,"addressed (chip 1, 0x0316) and NOT SERVED: shared-kernel field comp_filter_coeffs, never named by an instruction — a host write lands in DM and no instruction of the running kernel looks at _comp_filter_coeffs_C1_COMP_06",,0x0316,_comp_filter_coeffs_C1_COMP_06,Compressor sidechain LPF frequency
Chan007CompFilterLpf001,ChanCompFilterLpf,dsp-missing,"addressed (chip 1, 0x03A6) and NOT SERVED: shared-kernel field comp_filter_coeffs, never named by an instruction — a host write lands in DM and no instruction of the running kernel looks at _comp_filter_coeffs_C1_COMP_07",,0x03A6,_comp_filter_coeffs_C1_COMP_07,Compressor sidechain LPF frequency
Chan008CompFilterLpf001,ChanCompFilterLpf,dsp-missing,"addressed (chip 1, 0x0436) and NOT SERVED: shared-kernel field comp_filter_coeffs, never named by an instruction — a host write lands in DM and no instruction of the running kernel looks at _comp_filter_coeffs_C1_COMP_08",,0x0436,_comp_filter_coeffs_C1_COMP_08,Compressor sidechain LPF frequency
Chan009CompFilterLpf001,ChanCompFilterLpf,dsp-missing,"addressed (chip 1, 0x04C6) and NOT SERVED: shared-kernel field comp_filter_coeffs, never named by an instruction — a host write lands in DM and no instruction of the running kernel looks at _comp_filter_coeffs_C1_COMP_09",,0x04C6,_comp_filter_coeffs_C1_COMP_09,Compressor sidechain LPF frequency
Chan010CompFilterLpf001,ChanCompFilterLpf,dsp-missing,"addressed (chip 1, 0x0556) and NOT SERVED: shared-kernel field comp_filter_coeffs, never named by an instruction — a host write lands in DM and no instruction of the running kernel looks at _comp_filter_coeffs_C1_COMP_10",,0x0556,_comp_filter_coeffs_C1_COMP_10,Compressor sidechain LPF frequency
Chan011CompFilterLpf001,ChanCompFilterLpf,dsp-missing,"addressed (chip 1, 0x05E6) and NOT SERVED: shared-kernel field comp_filter_coeffs, never named by an instruction — a host write lands in DM and no instruction of the running kernel looks at _comp_filter_coeffs_C1_COMP_11",,0x05E6,_comp_filter_coeffs_C1_COMP_11,Compressor sidechain LPF frequency
Chan012CompFilterLpf001,ChanCompFilterLpf,dsp-missing,"addressed (chip 1, 0x0676) and NOT SERVED: shared-kernel field comp_filter_coeffs, never named by an instruction — a host write lands in DM and no instruction of the running kernel looks at _comp_filter_coeffs_C1_COMP_12",,0x0676,_comp_filter_coeffs_C1_COMP_12,Compressor sidechain LPF frequency
Chan013CompFilterLpf001,ChanCompFilterLpf,dsp-missing,"addressed (chip 1, 0x0706) and NOT SERVED: shared-kernel field comp_filter_coeffs, never named by an instruction — a host write lands in DM and no instruction of the running kernel looks at _comp_filter_coeffs_C1_COMP_13",,0x0706,_comp_filter_coeffs_C1_COMP_13,Compressor sidechain LPF frequency
Chan014CompFilterLpf001,ChanCompFilterLpf,dsp-missing,"addressed (chip 1, 0x0796) and NOT SERVED: shared-kernel field comp_filter_coeffs, never named by an instruction — a host write lands in DM and no instruction of the running kernel looks at _comp_filter_coeffs_C1_COMP_14",,0x0796,_comp_filter_coeffs_C1_COMP_14,Compressor sidechain LPF frequency
Chan015CompFilterLpf001,ChanCompFilterLpf,dsp-missing,"addressed (chip 1, 0x0826) and NOT SERVED: shared-kernel field comp_filter_coeffs, never named by an instruction — a host write lands in DM and no instruction of the running kernel looks at _comp_filter_coeffs_C1_COMP_15",,0x0826,_comp_filter_coeffs_C1_COMP_15,Compressor sidechain LPF frequency
Chan016CompFilterLpf001,ChanCompFilterLpf,dsp-missing,"addressed (chip 1, 0x08B6) and NOT SERVED: shared-kernel field comp_filter_coeffs, never named by an instruction — a host write lands in DM and no instruction of the running kernel looks at _comp_filter_coeffs_C1_COMP_16",,0x08B6,_comp_filter_coeffs_C1_COMP_16,Compressor sidechain LPF frequency
Chan017CompFilterLpf001,ChanCompFilterLpf,dsp-missing,"addressed (chip 1, 0x0946) and NOT SERVED: shared-kernel field comp_filter_coeffs, never named by an instruction — a host write lands in DM and no instruction of the running kernel looks at _comp_filter_coeffs_C1_COMP_17",,0x0946,_comp_filter_coeffs_C1_COMP_17,Compressor sidechain LPF frequency
Chan018CompFilterLpf001,ChanCompFilterLpf,dsp-missing,"addressed (chip 1, 0x09D6) and NOT SERVED: shared-kernel field comp_filter_coeffs, never named by an instruction — a host write lands in DM and no instruction of the running kernel looks at _comp_filter_coeffs_C1_COMP_18",,0x09D6,_comp_filter_coeffs_C1_COMP_18,Compressor sidechain LPF frequency
Chan019CompFilterLpf001,ChanCompFilterLpf,dsp-missing,"addressed (chip 1, 0x0A66) and NOT SERVED: shared-kernel field comp_filter_coeffs, never named by an instruction — a host write lands in DM and no instruction of the running kernel looks at _comp_filter_coeffs_C1_COMP_19",,0x0A66,_comp_filter_coeffs_C1_COMP_19,Compressor sidechain LPF frequency
Chan020CompFilterLpf001,ChanCompFilterLpf,dsp-missing,"addressed (chip 1, 0x0AF6) and NOT SERVED: shared-kernel field comp_filter_coeffs, never named by an instruction — a host write lands in DM and no instruction of the running kernel looks at _comp_filter_coeffs_C1_COMP_20",,0x0AF6,_comp_filter_coeffs_C1_COMP_20,Compressor sidechain LPF frequency
Chan021CompFilterLpf001,ChanCompFilterLpf,dsp-missing,"addressed (chip 1, 0x0B86) and NOT SERVED: shared-kernel field comp_filter_coeffs, never named by an instruction — a host write lands in DM and no instruction of the running kernel looks at _comp_filter_coeffs_C1_COMP_21",,0x0B86,_comp_filter_coeffs_C1_COMP_21,Compressor sidechain LPF frequency
Chan022CompFilterLpf001,ChanCompFilterLpf,dsp-missing,"addressed (chip 1, 0x0C16) and NOT SERVED: shared-kernel field comp_filter_coeffs, never named by an instruction — a host write lands in DM and no instruction of the running kernel looks at _comp_filter_coeffs_C1_COMP_22",,0x0C16,_comp_filter_coeffs_C1_COMP_22,Compressor sidechain LPF frequency
Chan023CompFilterLpf001,ChanCompFilterLpf,dsp-missing,"addressed (chip 1, 0x0CA6) and NOT SERVED: shared-kernel field comp_filter_coeffs, never named by an instruction — a host write lands in DM and no instruction of the running kernel looks at _comp_filter_coeffs_C1_COMP_23",,0x0CA6,_comp_filter_coeffs_C1_COMP_23,Compressor sidechain LPF frequency
Chan024CompFilterLpf001,ChanCompFilterLpf,dsp-missing,"addressed (chip 1, 0x0D36) and NOT SERVED: shared-kernel field comp_filter_coeffs, never named by an instruction — a host write lands in DM and no instruction of the running kernel looks at _comp_filter_coeffs_C1_COMP_24",,0x0D36,_comp_filter_coeffs_C1_COMP_24,Compressor sidechain LPF frequency
Chan001CompFilterOn001,ChanCompFilterOn,dsp-missing,"addressed (chip 1, 0x0045) and NOT SERVED: shared-kernel field comp_filter_on, never named by an instruction — a host write lands in DM and no instruction of the running kernel looks at _comp_filter_on_C1_COMP_01",,0x0045,_comp_filter_on_C1_COMP_01,Compressor sidechain filter on/off
Chan002CompFilterOn001,ChanCompFilterOn,dsp-missing,"addressed (chip 1, 0x00D5) and NOT SERVED: shared-kernel field comp_filter_on, never named by an instruction — a host write lands in DM and no instruction of the running kernel looks at _comp_filter_on_C1_COMP_02",,0x00D5,_comp_filter_on_C1_COMP_02,Compressor sidechain filter on/off
Chan003CompFilterOn001,ChanCompFilterOn,dsp-missing,"addressed (chip 1, 0x0165) and NOT SERVED: shared-kernel field comp_filter_on, never named by an instruction — a host write lands in DM and no instruction of the running kernel looks at _comp_filter_on_C1_COMP_03",,0x0165,_comp_filter_on_C1_COMP_03,Compressor sidechain filter on/off
Chan004CompFilterOn001,ChanCompFilterOn,dsp-missing,"addressed (chip 1, 0x01F5) and NOT SERVED: shared-kernel field comp_filter_on, never named by an instruction — a host write lands in DM and no instruction of the running kernel looks at _comp_filter_on_C1_COMP_04",,0x01F5,_comp_filter_on_C1_COMP_04,Compressor sidechain filter on/off
Chan005CompFilterOn001,ChanCompFilterOn,dsp-missing,"addressed (chip 1, 0x0285) and NOT SERVED: shared-kernel field comp_filter_on, never named by an instruction — a host write lands in DM and no instruction of the running kernel looks at _comp_filter_on_C1_COMP_05",,0x0285,_comp_filter_on_C1_COMP_05,Compressor sidechain filter on/off
Chan006CompFilterOn001,ChanCompFilterOn,dsp-missing,"addressed (chip 1, 0x0315) and NOT SERVED: shared-kernel field comp_filter_on, never named by an instruction — a host write lands in DM and no instruction of the running kernel looks at _comp_filter_on_C1_COMP_06",,0x0315,_comp_filter_on_C1_COMP_06,Compressor sidechain filter on/off
Chan007CompFilterOn001,ChanCompFilterOn,dsp-missing,"addressed (chip 1, 0x03A5) and NOT SERVED: shared-kernel field comp_filter_on, never named by an instruction — a host write lands in DM and no instruction of the running kernel looks at _comp_filter_on_C1_COMP_07",,0x03A5,_comp_filter_on_C1_COMP_07,Compressor sidechain filter on/off
Chan008CompFilterOn001,ChanCompFilterOn,dsp-missing,"addressed (chip 1, 0x0435) and NOT SERVED: shared-kernel field comp_filter_on, never named by an instruction — a host write lands in DM and no instruction of the running kernel looks at _comp_filter_on_C1_COMP_08",,0x0435,_comp_filter_on_C1_COMP_08,Compressor sidechain filter on/off
Chan009CompFilterOn001,ChanCompFilterOn,dsp-missing,"addressed (chip 1, 0x04C5) and NOT SERVED: shared-kernel field comp_filter_on, never named by an instruction — a host write lands in DM and no instruction of the running kernel looks at _comp_filter_on_C1_COMP_09",,0x04C5,_comp_filter_on_C1_COMP_09,Compressor sidechain filter on/off
Chan010CompFilterOn001,ChanCompFilterOn,dsp-missing,"addressed (chip 1, 0x0555) and NOT SERVED: shared-kernel field comp_filter_on, never named by an instruction — a host write lands in DM and no instruction of the running kernel looks at _comp_filter_on_C1_COMP_10",,0x0555,_comp_filter_on_C1_COMP_10,Compressor sidechain filter on/off
Chan011CompFilterOn001,ChanCompFilterOn,dsp-missing,"addressed (chip 1, 0x05E5) and NOT SERVED: shared-kernel field comp_filter_on, never named by an instruction — a host write lands in DM and no instruction of the running kernel looks at _comp_filter_on_C1_COMP_11",,0x05E5,_comp_filter_on_C1_COMP_11,Compressor sidechain filter on/off
Chan012CompFilterOn001,ChanCompFilterOn,dsp-missing,"addressed (chip 1, 0x0675) and NOT SERVED: shared-kernel field comp_filter_on, never named by an instruction — a host write lands in DM and no instruction of the running kernel looks at _comp_filter_on_C1_COMP_12",,0x0675,_comp_filter_on_C1_COMP_12,Compressor sidechain filter on/off
Chan013CompFilterOn001,ChanCompFilterOn,dsp-missing,"addressed (chip 1, 0x0705) and NOT SERVED: shared-kernel field comp_filter_on, never named by an instruction — a host write lands in DM and no instruction of the running kernel looks at _comp_filter_on_C1_COMP_13",,0x0705,_comp_filter_on_C1_COMP_13,Compressor sidechain filter on/off
Chan014CompFilterOn001,ChanCompFilterOn,dsp-missing,"addressed (chip 1, 0x0795) and NOT SERVED: shared-kernel field comp_filter_on, never named by an instruction — a host write lands in DM and no instruction of the running kernel looks at _comp_filter_on_C1_COMP_14",,0x0795,_comp_filter_on_C1_COMP_14,Compressor sidechain filter on/off
Chan015CompFilterOn001,ChanCompFilterOn,dsp-missing,"addressed (chip 1, 0x0825) and NOT SERVED: shared-kernel field comp_filter_on, never named by an instruction — a host write lands in DM and no instruction of the running kernel looks at _comp_filter_on_C1_COMP_15",,0x0825,_comp_filter_on_C1_COMP_15,Compressor sidechain filter on/off
Chan016CompFilterOn001,ChanCompFilterOn,dsp-missing,"addressed (chip 1, 0x08B5) and NOT SERVED: shared-kernel field comp_filter_on, never named by an instruction — a host write lands in DM and no instruction of the running kernel looks at _comp_filter_on_C1_COMP_16",,0x08B5,_comp_filter_on_C1_COMP_16,Compressor sidechain filter on/off
Chan017CompFilterOn001,ChanCompFilterOn,dsp-missing,"addressed (chip 1, 0x0945) and NOT SERVED: shared-kernel field comp_filter_on, never named by an instruction — a host write lands in DM and no instruction of the running kernel looks at _comp_filter_on_C1_COMP_17",,0x0945,_comp_filter_on_C1_COMP_17,Compressor sidechain filter on/off
Chan018CompFilterOn001,ChanCompFilterOn,dsp-missing,"addressed (chip 1, 0x09D5) and NOT SERVED: shared-kernel field comp_filter_on, never named by an instruction — a host write lands in DM and no instruction of the running kernel looks at _comp_filter_on_C1_COMP_18",,0x09D5,_comp_filter_on_C1_COMP_18,Compressor sidechain filter on/off
Chan019CompFilterOn001,ChanCompFilterOn,dsp-missing,"addressed (chip 1, 0x0A65) and NOT SERVED: shared-kernel field comp_filter_on, never named by an instruction — a host write lands in DM and no instruction of the running kernel looks at _comp_filter_on_C1_COMP_19",,0x0A65,_comp_filter_on_C1_COMP_19,Compressor sidechain filter on/off
Chan020CompFilterOn001,ChanCompFilterOn,dsp-missing,"addressed (chip 1, 0x0AF5) and NOT SERVED: shared-kernel field comp_filter_on, never named by an instruction — a host write lands in DM and no instruction of the running kernel looks at _comp_filter_on_C1_COMP_20",,0x0AF5,_comp_filter_on_C1_COMP_20,Compressor sidechain filter on/off
Chan021CompFilterOn001,ChanCompFilterOn,dsp-missing,"addressed (chip 1, 0x0B85) and NOT SERVED: shared-kernel field comp_filter_on, never named by an instruction — a host write lands in DM and no instruction of the running kernel looks at _comp_filter_on_C1_COMP_21",,0x0B85,_comp_filter_on_C1_COMP_21,Compressor sidechain filter on/off
Chan022CompFilterOn001,ChanCompFilterOn,dsp-missing,"addressed (chip 1, 0x0C15) and NOT SERVED: shared-kernel field comp_filter_on, never named by an instruction — a host write lands in DM and no instruction of the running kernel looks at _comp_filter_on_C1_COMP_22",,0x0C15,_comp_filter_on_C1_COMP_22,Compressor sidechain filter on/off
Chan023CompFilterOn001,ChanCompFilterOn,dsp-missing,"addressed (chip 1, 0x0CA5) and NOT SERVED: shared-kernel field comp_filter_on, never named by an instruction — a host write lands in DM and no instruction of the running kernel looks at _comp_filter_on_C1_COMP_23",,0x0CA5,_comp_filter_on_C1_COMP_23,Compressor sidechain filter on/off
Chan024CompFilterOn001,ChanCompFilterOn,dsp-missing,"addressed (chip 1, 0x0D35) and NOT SERVED: shared-kernel field comp_filter_on, never named by an instruction — a host write lands in DM and no instruction of the running kernel looks at _comp_filter_on_C1_COMP_24",,0x0D35,_comp_filter_on_C1_COMP_24,Compressor sidechain filter on/off
Chan001CompFilterQ001,ChanCompFilterQ,dsp-missing,"addressed (chip 1, 0x0046) and NOT SERVED: shared-kernel field comp_filter_coeffs, never named by an instruction — a host write lands in DM and no instruction of the running kernel looks at _comp_filter_coeffs_C1_COMP_01",,0x0046,_comp_filter_coeffs_C1_COMP_01,Compressor sidechain filter Q
Chan002CompFilterQ001,ChanCompFilterQ,dsp-missing,"addressed (chip 1, 0x00D6) and NOT SERVED: shared-kernel field comp_filter_coeffs, never named by an instruction — a host write lands in DM and no instruction of the running kernel looks at _comp_filter_coeffs_C1_COMP_02",,0x00D6,_comp_filter_coeffs_C1_COMP_02,Compressor sidechain filter Q
Chan003CompFilterQ001,ChanCompFilterQ,dsp-missing,"addressed (chip 1, 0x0166) and NOT SERVED: shared-kernel field comp_filter_coeffs, never named by an instruction — a host write lands in DM and no instruction of the running kernel looks at _comp_filter_coeffs_C1_COMP_03",,0x0166,_comp_filter_coeffs_C1_COMP_03,Compressor sidechain filter Q
Chan004CompFilterQ001,ChanCompFilterQ,dsp-missing,"addressed (chip 1, 0x01F6) and NOT SERVED: shared-kernel field comp_filter_coeffs, never named by an instruction — a host write lands in DM and no instruction of the running kernel looks at _comp_filter_coeffs_C1_COMP_04",,0x01F6,_comp_filter_coeffs_C1_COMP_04,Compressor sidechain filter Q
Chan005CompFilterQ001,ChanCompFilterQ,dsp-missing,"addressed (chip 1, 0x0286) and NOT SERVED: shared-kernel field comp_filter_coeffs, never named by an instruction — a host write lands in DM and no instruction of the running kernel looks at _comp_filter_coeffs_C1_COMP_05",,0x0286,_comp_filter_coeffs_C1_COMP_05,Compressor sidechain filter Q
Chan006CompFilterQ001,ChanCompFilterQ,dsp-missing,"addressed (chip 1, 0x0316) and NOT SERVED: shared-kernel field comp_filter_coeffs, never named by an instruction — a host write lands in DM and no instruction of the running kernel looks at _comp_filter_coeffs_C1_COMP_06",,0x0316,_comp_filter_coeffs_C1_COMP_06,Compressor sidechain filter Q
Chan007CompFilterQ001,ChanCompFilterQ,dsp-missing,"addressed (chip 1, 0x03A6) and NOT SERVED: shared-kernel field comp_filter_coeffs, never named by an instruction — a host write lands in DM and no instruction of the running kernel looks at _comp_filter_coeffs_C1_COMP_07",,0x03A6,_comp_filter_coeffs_C1_COMP_07,Compressor sidechain filter Q
Chan008CompFilterQ001,ChanCompFilterQ,dsp-missing,"addressed (chip 1, 0x0436) and NOT SERVED: shared-kernel field comp_filter_coeffs, never named by an instruction — a host write lands in DM and no instruction of the running kernel looks at _comp_filter_coeffs_C1_COMP_08",,0x0436,_comp_filter_coeffs_C1_COMP_08,Compressor sidechain filter Q
Chan009CompFilterQ001,ChanCompFilterQ,dsp-missing,"addressed (chip 1, 0x04C6) and NOT SERVED: shared-kernel field comp_filter_coeffs, never named by an instruction — a host write lands in DM and no instruction of the running kernel looks at _comp_filter_coeffs_C1_COMP_09",,0x04C6,_comp_filter_coeffs_C1_COMP_09,Compressor sidechain filter Q
Chan010CompFilterQ001,ChanCompFilterQ,dsp-missing,"addressed (chip 1, 0x0556) and NOT SERVED: shared-kernel field comp_filter_coeffs, never named by an instruction — a host write lands in DM and no instruction of the running kernel looks at _comp_filter_coeffs_C1_COMP_10",,0x0556,_comp_filter_coeffs_C1_COMP_10,Compressor sidechain filter Q
Chan011CompFilterQ001,ChanCompFilterQ,dsp-missing,"addressed (chip 1, 0x05E6) and NOT SERVED: shared-kernel field comp_filter_coeffs, never named by an instruction — a host write lands in DM and no instruction of the running kernel looks at _comp_filter_coeffs_C1_COMP_11",,0x05E6,_comp_filter_coeffs_C1_COMP_11,Compressor sidechain filter Q
Chan012CompFilterQ001,ChanCompFilterQ,dsp-missing,"addressed (chip 1, 0x0676) and NOT SERVED: shared-kernel field comp_filter_coeffs, never named by an instruction — a host write lands in DM and no instruction of the running kernel looks at _comp_filter_coeffs_C1_COMP_12",,0x0676,_comp_filter_coeffs_C1_COMP_12,Compressor sidechain filter Q
Chan013CompFilterQ001,ChanCompFilterQ,dsp-missing,"addressed (chip 1, 0x0706) and NOT SERVED: shared-kernel field comp_filter_coeffs, never named by an instruction — a host write lands in DM and no instruction of the running kernel looks at _comp_filter_coeffs_C1_COMP_13",,0x0706,_comp_filter_coeffs_C1_COMP_13,Compressor sidechain filter Q
Chan014CompFilterQ001,ChanCompFilterQ,dsp-missing,"addressed (chip 1, 0x0796) and NOT SERVED: shared-kernel field comp_filter_coeffs, never named by an instruction — a host write lands in DM and no instruction of the running kernel looks at _comp_filter_coeffs_C1_COMP_14",,0x0796,_comp_filter_coeffs_C1_COMP_14,Compressor sidechain filter Q
Chan015CompFilterQ001,ChanCompFilterQ,dsp-missing,"addressed (chip 1, 0x0826) and NOT SERVED: shared-kernel field comp_filter_coeffs, never named by an instruction — a host write lands in DM and no instruction of the running kernel looks at _comp_filter_coeffs_C1_COMP_15",,0x0826,_comp_filter_coeffs_C1_COMP_15,Compressor sidechain filter Q
Chan016CompFilterQ001,ChanCompFilterQ,dsp-missing,"addressed (chip 1, 0x08B6) and NOT SERVED: shared-kernel field comp_filter_coeffs, never named by an instruction — a host write lands in DM and no instruction of the running kernel looks at _comp_filter_coeffs_C1_COMP_16",,0x08B6,_comp_filter_coeffs_C1_COMP_16,Compressor sidechain filter Q
Chan017CompFilterQ001,ChanCompFilterQ,dsp-missing,"addressed (chip 1, 0x0946) and NOT SERVED: shared-kernel field comp_filter_coeffs, never named by an instruction — a host write lands in DM and no instruction of the running kernel looks at _comp_filter_coeffs_C1_COMP_17",,0x0946,_comp_filter_coeffs_C1_COMP_17,Compressor sidechain filter Q
Chan018CompFilterQ001,ChanCompFilterQ,dsp-missing,"addressed (chip 1, 0x09D6) and NOT SERVED: shared-kernel field comp_filter_coeffs, never named by an instruction — a host write lands in DM and no instruction of the running kernel looks at _comp_filter_coeffs_C1_COMP_18",,0x09D6,_comp_filter_coeffs_C1_COMP_18,Compressor sidechain filter Q
Chan019CompFilterQ001,ChanCompFilterQ,dsp-missing,"addressed (chip 1, 0x0A66) and NOT SERVED: shared-kernel field comp_filter_coeffs, never named by an instruction — a host write lands in DM and no instruction of the running kernel looks at _comp_filter_coeffs_C1_COMP_19",,0x0A66,_comp_filter_coeffs_C1_COMP_19,Compressor sidechain filter Q
Chan020CompFilterQ001,ChanCompFilterQ,dsp-missing,"addressed (chip 1, 0x0AF6) and NOT SERVED: shared-kernel field comp_filter_coeffs, never named by an instruction — a host write lands in DM and no instruction of the running kernel looks at _comp_filter_coeffs_C1_COMP_20",,0x0AF6,_comp_filter_coeffs_C1_COMP_20,Compressor sidechain filter Q
Chan021CompFilterQ001,ChanCompFilterQ,dsp-missing,"addressed (chip 1, 0x0B86) and NOT SERVED: shared-kernel field comp_filter_coeffs, never named by an instruction — a host write lands in DM and no instruction of the running kernel looks at _comp_filter_coeffs_C1_COMP_21",,0x0B86,_comp_filter_coeffs_C1_COMP_21,Compressor sidechain filter Q
Chan022CompFilterQ001,ChanCompFilterQ,dsp-missing,"addressed (chip 1, 0x0C16) and NOT SERVED: shared-kernel field comp_filter_coeffs, never named by an instruction — a host write lands in DM and no instruction of the running kernel looks at _comp_filter_coeffs_C1_COMP_22",,0x0C16,_comp_filter_coeffs_C1_COMP_22,Compressor sidechain filter Q
Chan023CompFilterQ001,ChanCompFilterQ,dsp-missing,"addressed (chip 1, 0x0CA6) and NOT SERVED: shared-kernel field comp_filter_coeffs, never named by an instruction — a host write lands in DM and no instruction of the running kernel looks at _comp_filter_coeffs_C1_COMP_23",,0x0CA6,_comp_filter_coeffs_C1_COMP_23,Compressor sidechain filter Q
Chan024CompFilterQ001,ChanCompFilterQ,dsp-missing,"addressed (chip 1, 0x0D36) and NOT SERVED: shared-kernel field comp_filter_coeffs, never named by an instruction — a host write lands in DM and no instruction of the running kernel looks at _comp_filter_coeffs_C1_COMP_24",,0x0D36,_comp_filter_coeffs_C1_COMP_24,Compressor sidechain filter Q
Chan001CompKey001,ChanCompKey,dsp-missing,"addressed (chip 1, 0x0041) and NOT SERVED: shared-kernel field comp_key_src, never named by an instruction — a host write lands in DM and no instruction of the running kernel looks at _comp_key_src_C1_COMP_01",,0x0041,_comp_key_src_C1_COMP_01,Compressor sidechain key source
Chan002CompKey001,ChanCompKey,dsp-missing,"addressed (chip 1, 0x00D1) and NOT SERVED: shared-kernel field comp_key_src, never named by an instruction — a host write lands in DM and no instruction of the running kernel looks at _comp_key_src_C1_COMP_02",,0x00D1,_comp_key_src_C1_COMP_02,Compressor sidechain key source
Chan003CompKey001,ChanCompKey,dsp-missing,"addressed (chip 1, 0x0161) and NOT SERVED: shared-kernel field comp_key_src, never named by an instruction — a host write lands in DM and no instruction of the running kernel looks at _comp_key_src_C1_COMP_03",,0x0161,_comp_key_src_C1_COMP_03,Compressor sidechain key source
Chan004CompKey001,ChanCompKey,dsp-missing,"addressed (chip 1, 0x01F1) and NOT SERVED: shared-kernel field comp_key_src, never named by an instruction — a host write lands in DM and no instruction of the running kernel looks at _comp_key_src_C1_COMP_04",,0x01F1,_comp_key_src_C1_COMP_04,Compressor sidechain key source
Chan005CompKey001,ChanCompKey,dsp-missing,"addressed (chip 1, 0x0281) and NOT SERVED: shared-kernel field comp_key_src, never named by an instruction — a host write lands in DM and no instruction of the running kernel looks at _comp_key_src_C1_COMP_05",,0x0281,_comp_key_src_C1_COMP_05,Compressor sidechain key source
Chan006CompKey001,ChanCompKey,dsp-missing,"addressed (chip 1, 0x0311) and NOT SERVED: shared-kernel field comp_key_src, never named by an instruction — a host write lands in DM and no instruction of the running kernel looks at _comp_key_src_C1_COMP_06",,0x0311,_comp_key_src_C1_COMP_06,Compressor sidechain key source
Chan007CompKey001,ChanCompKey,dsp-missing,"addressed (chip 1, 0x03A1) and NOT SERVED: shared-kernel field comp_key_src, never named by an instruction — a host write lands in DM and no instruction of the running kernel looks at _comp_key_src_C1_COMP_07",,0x03A1,_comp_key_src_C1_COMP_07,Compressor sidechain key source
Chan008CompKey001,ChanCompKey,dsp-missing,"addressed (chip 1, 0x0431) and NOT SERVED: shared-kernel field comp_key_src, never named by an instruction — a host write lands in DM and no instruction of the running kernel looks at _comp_key_src_C1_COMP_08",,0x0431,_comp_key_src_C1_COMP_08,Compressor sidechain key source
Chan009CompKey001,ChanCompKey,dsp-missing,"addressed (chip 1, 0x04C1) and NOT SERVED: shared-kernel field comp_key_src, never named by an instruction — a host write lands in DM and no instruction of the running kernel looks at _comp_key_src_C1_COMP_09",,0x04C1,_comp_key_src_C1_COMP_09,Compressor sidechain key source
Chan010CompKey001,ChanCompKey,dsp-missing,"addressed (chip 1, 0x0551) and NOT SERVED: shared-kernel field comp_key_src, never named by an instruction — a host write lands in DM and no instruction of the running kernel looks at _comp_key_src_C1_COMP_10",,0x0551,_comp_key_src_C1_COMP_10,Compressor sidechain key source
Chan011CompKey001,ChanCompKey,dsp-missing,"addressed (chip 1, 0x05E1) and NOT SERVED: shared-kernel field comp_key_src, never named by an instruction — a host write lands in DM and no instruction of the running kernel looks at _comp_key_src_C1_COMP_11",,0x05E1,_comp_key_src_C1_COMP_11,Compressor sidechain key source
Chan012CompKey001,ChanCompKey,dsp-missing,"addressed (chip 1, 0x0671) and NOT SERVED: shared-kernel field comp_key_src, never named by an instruction — a host write lands in DM and no instruction of the running kernel looks at _comp_key_src_C1_COMP_12",,0x0671,_comp_key_src_C1_COMP_12,Compressor sidechain key source
Chan013CompKey001,ChanCompKey,dsp-missing,"addressed (chip 1, 0x0701) and NOT SERVED: shared-kernel field comp_key_src, never named by an instruction — a host write lands in DM and no instruction of the running kernel looks at _comp_key_src_C1_COMP_13",,0x0701,_comp_key_src_C1_COMP_13,Compressor sidechain key source
Chan014CompKey001,ChanCompKey,dsp-missing,"addressed (chip 1, 0x0791) and NOT SERVED: shared-kernel field comp_key_src, never named by an instruction — a host write lands in DM and no instruction of the running kernel looks at _comp_key_src_C1_COMP_14",,0x0791,_comp_key_src_C1_COMP_14,Compressor sidechain key source
Chan015CompKey001,ChanCompKey,dsp-missing,"addressed (chip 1, 0x0821) and NOT SERVED: shared-kernel field comp_key_src, never named by an instruction — a host write lands in DM and no instruction of the running kernel looks at _comp_key_src_C1_COMP_15",,0x0821,_comp_key_src_C1_COMP_15,Compressor sidechain key source
Chan016CompKey001,ChanCompKey,dsp-missing,"addressed (chip 1, 0x08B1) and NOT SERVED: shared-kernel field comp_key_src, never named by an instruction — a host write lands in DM and no instruction of the running kernel looks at _comp_key_src_C1_COMP_16",,0x08B1,_comp_key_src_C1_COMP_16,Compressor sidechain key source
Chan017CompKey001,ChanCompKey,dsp-missing,"addressed (chip 1, 0x0941) and NOT SERVED: shared-kernel field comp_key_src, never named by an instruction — a host write lands in DM and no instruction of the running kernel looks at _comp_key_src_C1_COMP_17",,0x0941,_comp_key_src_C1_COMP_17,Compressor sidechain key source
Chan018CompKey001,ChanCompKey,dsp-missing,"addressed (chip 1, 0x09D1) and NOT SERVED: shared-kernel field comp_key_src, never named by an instruction — a host write lands in DM and no instruction of the running kernel looks at _comp_key_src_C1_COMP_18",,0x09D1,_comp_key_src_C1_COMP_18,Compressor sidechain key source
Chan019CompKey001,ChanCompKey,dsp-missing,"addressed (chip 1, 0x0A61) and NOT SERVED: shared-kernel field comp_key_src, never named by an instruction — a host write lands in DM and no instruction of the running kernel looks at _comp_key_src_C1_COMP_19",,0x0A61,_comp_key_src_C1_COMP_19,Compressor sidechain key source
Chan020CompKey001,ChanCompKey,dsp-missing,"addressed (chip 1, 0x0AF1) and NOT SERVED: shared-kernel field comp_key_src, never named by an instruction — a host write lands in DM and no instruction of the running kernel looks at _comp_key_src_C1_COMP_20",,0x0AF1,_comp_key_src_C1_COMP_20,Compressor sidechain key source
Chan021CompKey001,ChanCompKey,dsp-missing,"addressed (chip 1, 0x0B81) and NOT SERVED: shared-kernel field comp_key_src, never named by an instruction — a host write lands in DM and no instruction of the running kernel looks at _comp_key_src_C1_COMP_21",,0x0B81,_comp_key_src_C1_COMP_21,Compressor sidechain key source
Chan022CompKey001,ChanCompKey,dsp-missing,"addressed (chip 1, 0x0C11) and NOT SERVED: shared-kernel field comp_key_src, never named by an instruction — a host write lands in DM and no instruction of the running kernel looks at _comp_key_src_C1_COMP_22",,0x0C11,_comp_key_src_C1_COMP_22,Compressor sidechain key source
Chan023CompKey001,ChanCompKey,dsp-missing,"addressed (chip 1, 0x0CA1) and NOT SERVED: shared-kernel field comp_key_src, never named by an instruction — a host write lands in DM and no instruction of the running kernel looks at _comp_key_src_C1_COMP_23",,0x0CA1,_comp_key_src_C1_COMP_23,Compressor sidechain key source
Chan024CompKey001,ChanCompKey,dsp-missing,"addressed (chip 1, 0x0D31) and NOT SERVED: shared-kernel field comp_key_src, never named by an instruction — a host write lands in DM and no instruction of the running kernel looks at _comp_key_src_C1_COMP_24",,0x0D31,_comp_key_src_C1_COMP_24,Compressor sidechain key source
Chan001CompLimMode001,ChanCompLimMode,dsp-missing,"addressed (chip 1, 0x0043) and NOT SERVED: shared-kernel field comp_lim_mode, never named by an instruction — a host write lands in DM and no instruction of the running kernel looks at _comp_lim_mode_C1_COMP_01",,0x0043,_comp_lim_mode_C1_COMP_01,Compressor/Limiter mode toggle
Chan002CompLimMode001,ChanCompLimMode,dsp-missing,"addressed (chip 1, 0x00D3) and NOT SERVED: shared-kernel field comp_lim_mode, never named by an instruction — a host write lands in DM and no instruction of the running kernel looks at _comp_lim_mode_C1_COMP_02",,0x00D3,_comp_lim_mode_C1_COMP_02,Compressor/Limiter mode toggle
Chan003CompLimMode001,ChanCompLimMode,dsp-missing,"addressed (chip 1, 0x0163) and NOT SERVED: shared-kernel field comp_lim_mode, never named by an instruction — a host write lands in DM and no instruction of the running kernel looks at _comp_lim_mode_C1_COMP_03",,0x0163,_comp_lim_mode_C1_COMP_03,Compressor/Limiter mode toggle
Chan004CompLimMode001,ChanCompLimMode,dsp-missing,"addressed (chip 1, 0x01F3) and NOT SERVED: shared-kernel field comp_lim_mode, never named by an instruction — a host write lands in DM and no instruction of the running kernel looks at _comp_lim_mode_C1_COMP_04",,0x01F3,_comp_lim_mode_C1_COMP_04,Compressor/Limiter mode toggle
Chan005CompLimMode001,ChanCompLimMode,dsp-missing,"addressed (chip 1, 0x0283) and NOT SERVED: shared-kernel field comp_lim_mode, never named by an instruction — a host write lands in DM and no instruction of the running kernel looks at _comp_lim_mode_C1_COMP_05",,0x0283,_comp_lim_mode_C1_COMP_05,Compressor/Limiter mode toggle
Chan006CompLimMode001,ChanCompLimMode,dsp-missing,"addressed (chip 1, 0x0313) and NOT SERVED: shared-kernel field comp_lim_mode, never named by an instruction — a host write lands in DM and no instruction of the running kernel looks at _comp_lim_mode_C1_COMP_06",,0x0313,_comp_lim_mode_C1_COMP_06,Compressor/Limiter mode toggle
Chan007CompLimMode001,ChanCompLimMode,dsp-missing,"addressed (chip 1, 0x03A3) and NOT SERVED: shared-kernel field comp_lim_mode, never named by an instruction — a host write lands in DM and no instruction of the running kernel looks at _comp_lim_mode_C1_COMP_07",,0x03A3,_comp_lim_mode_C1_COMP_07,Compressor/Limiter mode toggle
Chan008CompLimMode001,ChanCompLimMode,dsp-missing,"addressed (chip 1, 0x0433) and NOT SERVED: shared-kernel field comp_lim_mode, never named by an instruction — a host write lands in DM and no instruction of the running kernel looks at _comp_lim_mode_C1_COMP_08",,0x0433,_comp_lim_mode_C1_COMP_08,Compressor/Limiter mode toggle
Chan009CompLimMode001,ChanCompLimMode,dsp-missing,"addressed (chip 1, 0x04C3) and NOT SERVED: shared-kernel field comp_lim_mode, never named by an instruction — a host write lands in DM and no instruction of the running kernel looks at _comp_lim_mode_C1_COMP_09",,0x04C3,_comp_lim_mode_C1_COMP_09,Compressor/Limiter mode toggle
Chan010CompLimMode001,ChanCompLimMode,dsp-missing,"addressed (chip 1, 0x0553) and NOT SERVED: shared-kernel field comp_lim_mode, never named by an instruction — a host write lands in DM and no instruction of the running kernel looks at _comp_lim_mode_C1_COMP_10",,0x0553,_comp_lim_mode_C1_COMP_10,Compressor/Limiter mode toggle
Chan011CompLimMode001,ChanCompLimMode,dsp-missing,"addressed (chip 1, 0x05E3) and NOT SERVED: shared-kernel field comp_lim_mode, never named by an instruction — a host write lands in DM and no instruction of the running kernel looks at _comp_lim_mode_C1_COMP_11",,0x05E3,_comp_lim_mode_C1_COMP_11,Compressor/Limiter mode toggle
Chan012CompLimMode001,ChanCompLimMode,dsp-missing,"addressed (chip 1, 0x0673) and NOT SERVED: shared-kernel field comp_lim_mode, never named by an instruction — a host write lands in DM and no instruction of the running kernel looks at _comp_lim_mode_C1_COMP_12",,0x0673,_comp_lim_mode_C1_COMP_12,Compressor/Limiter mode toggle
Chan013CompLimMode001,ChanCompLimMode,dsp-missing,"addressed (chip 1, 0x0703) and NOT SERVED: shared-kernel field comp_lim_mode, never named by an instruction — a host write lands in DM and no instruction of the running kernel looks at _comp_lim_mode_C1_COMP_13",,0x0703,_comp_lim_mode_C1_COMP_13,Compressor/Limiter mode toggle
Chan014CompLimMode001,ChanCompLimMode,dsp-missing,"addressed (chip 1, 0x0793) and NOT SERVED: shared-kernel field comp_lim_mode, never named by an instruction — a host write lands in DM and no instruction of the running kernel looks at _comp_lim_mode_C1_COMP_14",,0x0793,_comp_lim_mode_C1_COMP_14,Compressor/Limiter mode toggle
Chan015CompLimMode001,ChanCompLimMode,dsp-missing,"addressed (chip 1, 0x0823) and NOT SERVED: shared-kernel field comp_lim_mode, never named by an instruction — a host write lands in DM and no instruction of the running kernel looks at _comp_lim_mode_C1_COMP_15",,0x0823,_comp_lim_mode_C1_COMP_15,Compressor/Limiter mode toggle
Chan016CompLimMode001,ChanCompLimMode,dsp-missing,"addressed (chip 1, 0x08B3) and NOT SERVED: shared-kernel field comp_lim_mode, never named by an instruction — a host write lands in DM and no instruction of the running kernel looks at _comp_lim_mode_C1_COMP_16",,0x08B3,_comp_lim_mode_C1_COMP_16,Compressor/Limiter mode toggle
Chan017CompLimMode001,ChanCompLimMode,dsp-missing,"addressed (chip 1, 0x0943) and NOT SERVED: shared-kernel field comp_lim_mode, never named by an instruction — a host write lands in DM and no instruction of the running kernel looks at _comp_lim_mode_C1_COMP_17",,0x0943,_comp_lim_mode_C1_COMP_17,Compressor/Limiter mode toggle
Chan018CompLimMode001,ChanCompLimMode,dsp-missing,"addressed (chip 1, 0x09D3) and NOT SERVED: shared-kernel field comp_lim_mode, never named by an instruction — a host write lands in DM and no instruction of the running kernel looks at _comp_lim_mode_C1_COMP_18",,0x09D3,_comp_lim_mode_C1_COMP_18,Compressor/Limiter mode toggle
Chan019CompLimMode001,ChanCompLimMode,dsp-missing,"addressed (chip 1, 0x0A63) and NOT SERVED: shared-kernel field comp_lim_mode, never named by an instruction — a host write lands in DM and no instruction of the running kernel looks at _comp_lim_mode_C1_COMP_19",,0x0A63,_comp_lim_mode_C1_COMP_19,Compressor/Limiter mode toggle
Chan020CompLimMode001,ChanCompLimMode,dsp-missing,"addressed (chip 1, 0x0AF3) and NOT SERVED: shared-kernel field comp_lim_mode, never named by an instruction — a host write lands in DM and no instruction of the running kernel looks at _comp_lim_mode_C1_COMP_20",,0x0AF3,_comp_lim_mode_C1_COMP_20,Compressor/Limiter mode toggle
Chan021CompLimMode001,ChanCompLimMode,dsp-missing,"addressed (chip 1, 0x0B83) and NOT SERVED: shared-kernel field comp_lim_mode, never named by an instruction — a host write lands in DM and no instruction of the running kernel looks at _comp_lim_mode_C1_COMP_21",,0x0B83,_comp_lim_mode_C1_COMP_21,Compressor/Limiter mode toggle
Chan022CompLimMode001,ChanCompLimMode,dsp-missing,"addressed (chip 1, 0x0C13) and NOT SERVED: shared-kernel field comp_lim_mode, never named by an instruction — a host write lands in DM and no instruction of the running kernel looks at _comp_lim_mode_C1_COMP_22",,0x0C13,_comp_lim_mode_C1_COMP_22,Compressor/Limiter mode toggle
Chan023CompLimMode001,ChanCompLimMode,dsp-missing,"addressed (chip 1, 0x0CA3) and NOT SERVED: shared-kernel field comp_lim_mode, never named by an instruction — a host write lands in DM and no instruction of the running kernel looks at _comp_lim_mode_C1_COMP_23",,0x0CA3,_comp_lim_mode_C1_COMP_23,Compressor/Limiter mode toggle
Chan024CompLimMode001,ChanCompLimMode,dsp-missing,"addressed (chip 1, 0x0D33) and NOT SERVED: shared-kernel field comp_lim_mode, never named by an instruction — a host write lands in DM and no instruction of the running kernel looks at _comp_lim_mode_C1_COMP_24",,0x0D33,_comp_lim_mode_C1_COMP_24,Compressor/Limiter mode toggle
Chan001CompType001,ChanCompType,dsp-missing,"addressed (chip 1, 0x0040) and NOT SERVED: shared-kernel field comp_type, never named by an instruction — a host write lands in DM and no instruction of the running kernel looks at _comp_type_C1_COMP_01",,0x0040,_comp_type_C1_COMP_01,Compressor type (Tube/FET/VCA/Optical)
Chan002CompType001,ChanCompType,dsp-missing,"addressed (chip 1, 0x00D0) and NOT SERVED: shared-kernel field comp_type, never named by an instruction — a host write lands in DM and no instruction of the running kernel looks at _comp_type_C1_COMP_02",,0x00D0,_comp_type_C1_COMP_02,Compressor type (Tube/FET/VCA/Optical)
Chan003CompType001,ChanCompType,dsp-missing,"addressed (chip 1, 0x0160) and NOT SERVED: shared-kernel field comp_type, never named by an instruction — a host write lands in DM and no instruction of the running kernel looks at _comp_type_C1_COMP_03",,0x0160,_comp_type_C1_COMP_03,Compressor type (Tube/FET/VCA/Optical)
Chan004CompType001,ChanCompType,dsp-missing,"addressed (chip 1, 0x01F0) and NOT SERVED: shared-kernel field comp_type, never named by an instruction — a host write lands in DM and no instruction of the running kernel looks at _comp_type_C1_COMP_04",,0x01F0,_comp_type_C1_COMP_04,Compressor type (Tube/FET/VCA/Optical)
Chan005CompType001,ChanCompType,dsp-missing,"addressed (chip 1, 0x0280) and NOT SERVED: shared-kernel field comp_type, never named by an instruction — a host write lands in DM and no instruction of the running kernel looks at _comp_type_C1_COMP_05",,0x0280,_comp_type_C1_COMP_05,Compressor type (Tube/FET/VCA/Optical)
Chan006CompType001,ChanCompType,dsp-missing,"addressed (chip 1, 0x0310) and NOT SERVED: shared-kernel field comp_type, never named by an instruction — a host write lands in DM and no instruction of the running kernel looks at _comp_type_C1_COMP_06",,0x0310,_comp_type_C1_COMP_06,Compressor type (Tube/FET/VCA/Optical)
Chan007CompType001,ChanCompType,dsp-missing,"addressed (chip 1, 0x03A0) and NOT SERVED: shared-kernel field comp_type, never named by an instruction — a host write lands in DM and no instruction of the running kernel looks at _comp_type_C1_COMP_07",,0x03A0,_comp_type_C1_COMP_07,Compressor type (Tube/FET/VCA/Optical)
Chan008CompType001,ChanCompType,dsp-missing,"addressed (chip 1, 0x0430) and NOT SERVED: shared-kernel field comp_type, never named by an instruction — a host write lands in DM and no instruction of the running kernel looks at _comp_type_C1_COMP_08",,0x0430,_comp_type_C1_COMP_08,Compressor type (Tube/FET/VCA/Optical)
Chan009CompType001,ChanCompType,dsp-missing,"addressed (chip 1, 0x04C0) and NOT SERVED: shared-kernel field comp_type, never named by an instruction — a host write lands in DM and no instruction of the running kernel looks at _comp_type_C1_COMP_09",,0x04C0,_comp_type_C1_COMP_09,Compressor type (Tube/FET/VCA/Optical)
Chan010CompType001,ChanCompType,dsp-missing,"addressed (chip 1, 0x0550) and NOT SERVED: shared-kernel field comp_type, never named by an instruction — a host write lands in DM and no instruction of the running kernel looks at _comp_type_C1_COMP_10",,0x0550,_comp_type_C1_COMP_10,Compressor type (Tube/FET/VCA/Optical)
Chan011CompType001,ChanCompType,dsp-missing,"addressed (chip 1, 0x05E0) and NOT SERVED: shared-kernel field comp_type, never named by an instruction — a host write lands in DM and no instruction of the running kernel looks at _comp_type_C1_COMP_11",,0x05E0,_comp_type_C1_COMP_11,Compressor type (Tube/FET/VCA/Optical)
Chan012CompType001,ChanCompType,dsp-missing,"addressed (chip 1, 0x0670) and NOT SERVED: shared-kernel field comp_type, never named by an instruction — a host write lands in DM and no instruction of the running kernel looks at _comp_type_C1_COMP_12",,0x0670,_comp_type_C1_COMP_12,Compressor type (Tube/FET/VCA/Optical)
Chan013CompType001,ChanCompType,dsp-missing,"addressed (chip 1, 0x0700) and NOT SERVED: shared-kernel field comp_type, never named by an instruction — a host write lands in DM and no instruction of the running kernel looks at _comp_type_C1_COMP_13",,0x0700,_comp_type_C1_COMP_13,Compressor type (Tube/FET/VCA/Optical)
Chan014CompType001,ChanCompType,dsp-missing,"addressed (chip 1, 0x0790) and NOT SERVED: shared-kernel field comp_type, never named by an instruction — a host write lands in DM and no instruction of the running kernel looks at _comp_type_C1_COMP_14",,0x0790,_comp_type_C1_COMP_14,Compressor type (Tube/FET/VCA/Optical)
Chan015CompType001,ChanCompType,dsp-missing,"addressed (chip 1, 0x0820) and NOT SERVED: shared-kernel field comp_type, never named by an instruction — a host write lands in DM and no instruction of the running kernel looks at _comp_type_C1_COMP_15",,0x0820,_comp_type_C1_COMP_15,Compressor type (Tube/FET/VCA/Optical)
Chan016CompType001,ChanCompType,dsp-missing,"addressed (chip 1, 0x08B0) and NOT SERVED: shared-kernel field comp_type, never named by an instruction — a host write lands in DM and no instruction of the running kernel looks at _comp_type_C1_COMP_16",,0x08B0,_comp_type_C1_COMP_16,Compressor type (Tube/FET/VCA/Optical)
Chan017CompType001,ChanCompType,dsp-missing,"addressed (chip 1, 0x0940) and NOT SERVED: shared-kernel field comp_type, never named by an instruction — a host write lands in DM and no instruction of the running kernel looks at _comp_type_C1_COMP_17",,0x0940,_comp_type_C1_COMP_17,Compressor type (Tube/FET/VCA/Optical)
Chan018CompType001,ChanCompType,dsp-missing,"addressed (chip 1, 0x09D0) and NOT SERVED: shared-kernel field comp_type, never named by an instruction — a host write lands in DM and no instruction of the running kernel looks at _comp_type_C1_COMP_18",,0x09D0,_comp_type_C1_COMP_18,Compressor type (Tube/FET/VCA/Optical)
Chan019CompType001,ChanCompType,dsp-missing,"addressed (chip 1, 0x0A60) and NOT SERVED: shared-kernel field comp_type, never named by an instruction — a host write lands in DM and no instruction of the running kernel looks at _comp_type_C1_COMP_19",,0x0A60,_comp_type_C1_COMP_19,Compressor type (Tube/FET/VCA/Optical)
Chan020CompType001,ChanCompType,dsp-missing,"addressed (chip 1, 0x0AF0) and NOT SERVED: shared-kernel field comp_type, never named by an instruction — a host write lands in DM and no instruction of the running kernel looks at _comp_type_C1_COMP_20",,0x0AF0,_comp_type_C1_COMP_20,Compressor type (Tube/FET/VCA/Optical)
Chan021CompType001,ChanCompType,dsp-missing,"addressed (chip 1, 0x0B80) and NOT SERVED: shared-kernel field comp_type, never named by an instruction — a host write lands in DM and no instruction of the running kernel looks at _comp_type_C1_COMP_21",,0x0B80,_comp_type_C1_COMP_21,Compressor type (Tube/FET/VCA/Optical)
Chan022CompType001,ChanCompType,dsp-missing,"addressed (chip 1, 0x0C10) and NOT SERVED: shared-kernel field comp_type, never named by an instruction — a host write lands in DM and no instruction of the running kernel looks at _comp_type_C1_COMP_22",,0x0C10,_comp_type_C1_COMP_22,Compressor type (Tube/FET/VCA/Optical)
Chan023CompType001,ChanCompType,dsp-missing,"addressed (chip 1, 0x0CA0) and NOT SERVED: shared-kernel field comp_type, never named by an instruction — a host write lands in DM and no instruction of the running kernel looks at _comp_type_C1_COMP_23",,0x0CA0,_comp_type_C1_COMP_23,Compressor type (Tube/FET/VCA/Optical)
Chan024CompType001,ChanCompType,dsp-missing,"addressed (chip 1, 0x0D30) and NOT SERVED: shared-kernel field comp_type, never named by an instruction — a host write lands in DM and no instruction of the running kernel looks at _comp_type_C1_COMP_24",,0x0D30,_comp_type_C1_COMP_24,Compressor type (Tube/FET/VCA/Optical)
Chan001GateDetSrc001,ChanGateDetSrc,dsp-missing,"addressed (chip 1, 0x002F) and NOT SERVED: shared-kernel field gate_det_src, never named by an instruction — a host write lands in DM and no instruction of the running kernel looks at _gate_det_src_C1_GATE_01",,0x002F,_gate_det_src_C1_GATE_01,Gate self-key tap source (PreEQ/PostEQ)
Chan002GateDetSrc001,ChanGateDetSrc,dsp-missing,"addressed (chip 1, 0x00BF) and NOT SERVED: shared-kernel field gate_det_src, never named by an instruction — a host write lands in DM and no instruction of the running kernel looks at _gate_det_src_C1_GATE_02",,0x00BF,_gate_det_src_C1_GATE_02,Gate self-key tap source (PreEQ/PostEQ)
Chan003GateDetSrc001,ChanGateDetSrc,dsp-missing,"addressed (chip 1, 0x014F) and NOT SERVED: shared-kernel field gate_det_src, never named by an instruction — a host write lands in DM and no instruction of the running kernel looks at _gate_det_src_C1_GATE_03",,0x014F,_gate_det_src_C1_GATE_03,Gate self-key tap source (PreEQ/PostEQ)
Chan004GateDetSrc001,ChanGateDetSrc,dsp-missing,"addressed (chip 1, 0x01DF) and NOT SERVED: shared-kernel field gate_det_src, never named by an instruction — a host write lands in DM and no instruction of the running kernel looks at _gate_det_src_C1_GATE_04",,0x01DF,_gate_det_src_C1_GATE_04,Gate self-key tap source (PreEQ/PostEQ)
Chan005GateDetSrc001,ChanGateDetSrc,dsp-missing,"addressed (chip 1, 0x026F) and NOT SERVED: shared-kernel field gate_det_src, never named by an instruction — a host write lands in DM and no instruction of the running kernel looks at _gate_det_src_C1_GATE_05",,0x026F,_gate_det_src_C1_GATE_05,Gate self-key tap source (PreEQ/PostEQ)
Chan006GateDetSrc001,ChanGateDetSrc,dsp-missing,"addressed (chip 1, 0x02FF) and NOT SERVED: shared-kernel field gate_det_src, never named by an instruction — a host write lands in DM and no instruction of the running kernel looks at _gate_det_src_C1_GATE_06",,0x02FF,_gate_det_src_C1_GATE_06,Gate self-key tap source (PreEQ/PostEQ)
Chan007GateDetSrc001,ChanGateDetSrc,dsp-missing,"addressed (chip 1, 0x038F) and NOT SERVED: shared-kernel field gate_det_src, never named by an instruction — a host write lands in DM and no instruction of the running kernel looks at _gate_det_src_C1_GATE_07",,0x038F,_gate_det_src_C1_GATE_07,Gate self-key tap source (PreEQ/PostEQ)
Chan008GateDetSrc001,ChanGateDetSrc,dsp-missing,"addressed (chip 1, 0x041F) and NOT SERVED: shared-kernel field gate_det_src, never named by an instruction — a host write lands in DM and no instruction of the running kernel looks at _gate_det_src_C1_GATE_08",,0x041F,_gate_det_src_C1_GATE_08,Gate self-key tap source (PreEQ/PostEQ)
Chan009GateDetSrc001,ChanGateDetSrc,dsp-missing,"addressed (chip 1, 0x04AF) and NOT SERVED: shared-kernel field gate_det_src, never named by an instruction — a host write lands in DM and no instruction of the running kernel looks at _gate_det_src_C1_GATE_09",,0x04AF,_gate_det_src_C1_GATE_09,Gate self-key tap source (PreEQ/PostEQ)
Chan010GateDetSrc001,ChanGateDetSrc,dsp-missing,"addressed (chip 1, 0x053F) and NOT SERVED: shared-kernel field gate_det_src, never named by an instruction — a host write lands in DM and no instruction of the running kernel looks at _gate_det_src_C1_GATE_10",,0x053F,_gate_det_src_C1_GATE_10,Gate self-key tap source (PreEQ/PostEQ)
Chan011GateDetSrc001,ChanGateDetSrc,dsp-missing,"addressed (chip 1, 0x05CF) and NOT SERVED: shared-kernel field gate_det_src, never named by an instruction — a host write lands in DM and no instruction of the running kernel looks at _gate_det_src_C1_GATE_11",,0x05CF,_gate_det_src_C1_GATE_11,Gate self-key tap source (PreEQ/PostEQ)
Chan012GateDetSrc001,ChanGateDetSrc,dsp-missing,"addressed (chip 1, 0x065F) and NOT SERVED: shared-kernel field gate_det_src, never named by an instruction — a host write lands in DM and no instruction of the running kernel looks at _gate_det_src_C1_GATE_12",,0x065F,_gate_det_src_C1_GATE_12,Gate self-key tap source (PreEQ/PostEQ)
Chan013GateDetSrc001,ChanGateDetSrc,dsp-missing,"addressed (chip 1, 0x06EF) and NOT SERVED: shared-kernel field gate_det_src, never named by an instruction — a host write lands in DM and no instruction of the running kernel looks at _gate_det_src_C1_GATE_13",,0x06EF,_gate_det_src_C1_GATE_13,Gate self-key tap source (PreEQ/PostEQ)
Chan014GateDetSrc001,ChanGateDetSrc,dsp-missing,"addressed (chip 1, 0x077F) and NOT SERVED: shared-kernel field gate_det_src, never named by an instruction — a host write lands in DM and no instruction of the running kernel looks at _gate_det_src_C1_GATE_14",,0x077F,_gate_det_src_C1_GATE_14,Gate self-key tap source (PreEQ/PostEQ)
Chan015GateDetSrc001,ChanGateDetSrc,dsp-missing,"addressed (chip 1, 0x080F) and NOT SERVED: shared-kernel field gate_det_src, never named by an instruction — a host write lands in DM and no instruction of the running kernel looks at _gate_det_src_C1_GATE_15",,0x080F,_gate_det_src_C1_GATE_15,Gate self-key tap source (PreEQ/PostEQ)
Chan016GateDetSrc001,ChanGateDetSrc,dsp-missing,"addressed (chip 1, 0x089F) and NOT SERVED: shared-kernel field gate_det_src, never named by an instruction — a host write lands in DM and no instruction of the running kernel looks at _gate_det_src_C1_GATE_16",,0x089F,_gate_det_src_C1_GATE_16,Gate self-key tap source (PreEQ/PostEQ)
Chan017GateDetSrc001,ChanGateDetSrc,dsp-missing,"addressed (chip 1, 0x092F) and NOT SERVED: shared-kernel field gate_det_src, never named by an instruction — a host write lands in DM and no instruction of the running kernel looks at _gate_det_src_C1_GATE_17",,0x092F,_gate_det_src_C1_GATE_17,Gate self-key tap source (PreEQ/PostEQ)
Chan018GateDetSrc001,ChanGateDetSrc,dsp-missing,"addressed (chip 1, 0x09BF) and NOT SERVED: shared-kernel field gate_det_src, never named by an instruction — a host write lands in DM and no instruction of the running kernel looks at _gate_det_src_C1_GATE_18",,0x09BF,_gate_det_src_C1_GATE_18,Gate self-key tap source (PreEQ/PostEQ)
Chan019GateDetSrc001,ChanGateDetSrc,dsp-missing,"addressed (chip 1, 0x0A4F) and NOT SERVED: shared-kernel field gate_det_src, never named by an instruction — a host write lands in DM and no instruction of the running kernel looks at _gate_det_src_C1_GATE_19",,0x0A4F,_gate_det_src_C1_GATE_19,Gate self-key tap source (PreEQ/PostEQ)
Chan020GateDetSrc001,ChanGateDetSrc,dsp-missing,"addressed (chip 1, 0x0ADF) and NOT SERVED: shared-kernel field gate_det_src, never named by an instruction — a host write lands in DM and no instruction of the running kernel looks at _gate_det_src_C1_GATE_20",,0x0ADF,_gate_det_src_C1_GATE_20,Gate self-key tap source (PreEQ/PostEQ)
Chan021GateDetSrc001,ChanGateDetSrc,dsp-missing,"addressed (chip 1, 0x0B6F) and NOT SERVED: shared-kernel field gate_det_src, never named by an instruction — a host write lands in DM and no instruction of the running kernel looks at _gate_det_src_C1_GATE_21",,0x0B6F,_gate_det_src_C1_GATE_21,Gate self-key tap source (PreEQ/PostEQ)
Chan022GateDetSrc001,ChanGateDetSrc,dsp-missing,"addressed (chip 1, 0x0BFF) and NOT SERVED: shared-kernel field gate_det_src, never named by an instruction — a host write lands in DM and no instruction of the running kernel looks at _gate_det_src_C1_GATE_22",,0x0BFF,_gate_det_src_C1_GATE_22,Gate self-key tap source (PreEQ/PostEQ)
Chan023GateDetSrc001,ChanGateDetSrc,dsp-missing,"addressed (chip 1, 0x0C8F) and NOT SERVED: shared-kernel field gate_det_src, never named by an instruction — a host write lands in DM and no instruction of the running kernel looks at _gate_det_src_C1_GATE_23",,0x0C8F,_gate_det_src_C1_GATE_23,Gate self-key tap source (PreEQ/PostEQ)
Chan024GateDetSrc001,ChanGateDetSrc,dsp-missing,"addressed (chip 1, 0x0D1F) and NOT SERVED: shared-kernel field gate_det_src, never named by an instruction — a host write lands in DM and no instruction of the running kernel looks at _gate_det_src_C1_GATE_24",,0x0D1F,_gate_det_src_C1_GATE_24,Gate self-key tap source (PreEQ/PostEQ)
Chan001GateKey001,ChanGateKey,dsp-missing,"addressed (chip 1, 0x002E) and NOT SERVED: shared-kernel field gate_key_src, never named by an instruction — a host write lands in DM and no instruction of the running kernel looks at _gate_key_src_C1_GATE_01",,0x002E,_gate_key_src_C1_GATE_01,Gate sidechain key source
Chan002GateKey001,ChanGateKey,dsp-missing,"addressed (chip 1, 0x00BE) and NOT SERVED: shared-kernel field gate_key_src, never named by an instruction — a host write lands in DM and no instruction of the running kernel looks at _gate_key_src_C1_GATE_02",,0x00BE,_gate_key_src_C1_GATE_02,Gate sidechain key source
Chan003GateKey001,ChanGateKey,dsp-missing,"addressed (chip 1, 0x014E) and NOT SERVED: shared-kernel field gate_key_src, never named by an instruction — a host write lands in DM and no instruction of the running kernel looks at _gate_key_src_C1_GATE_03",,0x014E,_gate_key_src_C1_GATE_03,Gate sidechain key source
Chan004GateKey001,ChanGateKey,dsp-missing,"addressed (chip 1, 0x01DE) and NOT SERVED: shared-kernel field gate_key_src, never named by an instruction — a host write lands in DM and no instruction of the running kernel looks at _gate_key_src_C1_GATE_04",,0x01DE,_gate_key_src_C1_GATE_04,Gate sidechain key source
Chan005GateKey001,ChanGateKey,dsp-missing,"addressed (chip 1, 0x026E) and NOT SERVED: shared-kernel field gate_key_src, never named by an instruction — a host write lands in DM and no instruction of the running kernel looks at _gate_key_src_C1_GATE_05",,0x026E,_gate_key_src_C1_GATE_05,Gate sidechain key source
Chan006GateKey001,ChanGateKey,dsp-missing,"addressed (chip 1, 0x02FE) and NOT SERVED: shared-kernel field gate_key_src, never named by an instruction — a host write lands in DM and no instruction of the running kernel looks at _gate_key_src_C1_GATE_06",,0x02FE,_gate_key_src_C1_GATE_06,Gate sidechain key source
Chan007GateKey001,ChanGateKey,dsp-missing,"addressed (chip 1, 0x038E) and NOT SERVED: shared-kernel field gate_key_src, never named by an instruction — a host write lands in DM and no instruction of the running kernel looks at _gate_key_src_C1_GATE_07",,0x038E,_gate_key_src_C1_GATE_07,Gate sidechain key source
Chan008GateKey001,ChanGateKey,dsp-missing,"addressed (chip 1, 0x041E) and NOT SERVED: shared-kernel field gate_key_src, never named by an instruction — a host write lands in DM and no instruction of the running kernel looks at _gate_key_src_C1_GATE_08",,0x041E,_gate_key_src_C1_GATE_08,Gate sidechain key source
Chan009GateKey001,ChanGateKey,dsp-missing,"addressed (chip 1, 0x04AE) and NOT SERVED: shared-kernel field gate_key_src, never named by an instruction — a host write lands in DM and no instruction of the running kernel looks at _gate_key_src_C1_GATE_09",,0x04AE,_gate_key_src_C1_GATE_09,Gate sidechain key source
Chan010GateKey001,ChanGateKey,dsp-missing,"addressed (chip 1, 0x053E) and NOT SERVED: shared-kernel field gate_key_src, never named by an instruction — a host write lands in DM and no instruction of the running kernel looks at _gate_key_src_C1_GATE_10",,0x053E,_gate_key_src_C1_GATE_10,Gate sidechain key source
Chan011GateKey001,ChanGateKey,dsp-missing,"addressed (chip 1, 0x05CE) and NOT SERVED: shared-kernel field gate_key_src, never named by an instruction — a host write lands in DM and no instruction of the running kernel looks at _gate_key_src_C1_GATE_11",,0x05CE,_gate_key_src_C1_GATE_11,Gate sidechain key source
Chan012GateKey001,ChanGateKey,dsp-missing,"addressed (chip 1, 0x065E) and NOT SERVED: shared-kernel field gate_key_src, never named by an instruction — a host write lands in DM and no instruction of the running kernel looks at _gate_key_src_C1_GATE_12",,0x065E,_gate_key_src_C1_GATE_12,Gate sidechain key source
Chan013GateKey001,ChanGateKey,dsp-missing,"addressed (chip 1, 0x06EE) and NOT SERVED: shared-kernel field gate_key_src, never named by an instruction — a host write lands in DM and no instruction of the running kernel looks at _gate_key_src_C1_GATE_13",,0x06EE,_gate_key_src_C1_GATE_13,Gate sidechain key source
Chan014GateKey001,ChanGateKey,dsp-missing,"addressed (chip 1, 0x077E) and NOT SERVED: shared-kernel field gate_key_src, never named by an instruction — a host write lands in DM and no instruction of the running kernel looks at _gate_key_src_C1_GATE_14",,0x077E,_gate_key_src_C1_GATE_14,Gate sidechain key source
Chan015GateKey001,ChanGateKey,dsp-missing,"addressed (chip 1, 0x080E) and NOT SERVED: shared-kernel field gate_key_src, never named by an instruction — a host write lands in DM and no instruction of the running kernel looks at _gate_key_src_C1_GATE_15",,0x080E,_gate_key_src_C1_GATE_15,Gate sidechain key source
Chan016GateKey001,ChanGateKey,dsp-missing,"addressed (chip 1, 0x089E) and NOT SERVED: shared-kernel field gate_key_src, never named by an instruction — a host write lands in DM and no instruction of the running kernel looks at _gate_key_src_C1_GATE_16",,0x089E,_gate_key_src_C1_GATE_16,Gate sidechain key source
Chan017GateKey001,ChanGateKey,dsp-missing,"addressed (chip 1, 0x092E) and NOT SERVED: shared-kernel field gate_key_src, never named by an instruction — a host write lands in DM and no instruction of the running kernel looks at _gate_key_src_C1_GATE_17",,0x092E,_gate_key_src_C1_GATE_17,Gate sidechain key source
Chan018GateKey001,ChanGateKey,dsp-missing,"addressed (chip 1, 0x09BE) and NOT SERVED: shared-kernel field gate_key_src, never named by an instruction — a host write lands in DM and no instruction of the running kernel looks at _gate_key_src_C1_GATE_18",,0x09BE,_gate_key_src_C1_GATE_18,Gate sidechain key source
Chan019GateKey001,ChanGateKey,dsp-missing,"addressed (chip 1, 0x0A4E) and NOT SERVED: shared-kernel field gate_key_src, never named by an instruction — a host write lands in DM and no instruction of the running kernel looks at _gate_key_src_C1_GATE_19",,0x0A4E,_gate_key_src_C1_GATE_19,Gate sidechain key source
Chan020GateKey001,ChanGateKey,dsp-missing,"addressed (chip 1, 0x0ADE) and NOT SERVED: shared-kernel field gate_key_src, never named by an instruction — a host write lands in DM and no instruction of the running kernel looks at _gate_key_src_C1_GATE_20",,0x0ADE,_gate_key_src_C1_GATE_20,Gate sidechain key source
Chan021GateKey001,ChanGateKey,dsp-missing,"addressed (chip 1, 0x0B6E) and NOT SERVED: shared-kernel field gate_key_src, never named by an instruction — a host write lands in DM and no instruction of the running kernel looks at _gate_key_src_C1_GATE_21",,0x0B6E,_gate_key_src_C1_GATE_21,Gate sidechain key source
Chan022GateKey001,ChanGateKey,dsp-missing,"addressed (chip 1, 0x0BFE) and NOT SERVED: shared-kernel field gate_key_src, never named by an instruction — a host write lands in DM and no instruction of the running kernel looks at _gate_key_src_C1_GATE_22",,0x0BFE,_gate_key_src_C1_GATE_22,Gate sidechain key source
Chan023GateKey001,ChanGateKey,dsp-missing,"addressed (chip 1, 0x0C8E) and NOT SERVED: shared-kernel field gate_key_src, never named by an instruction — a host write lands in DM and no instruction of the running kernel looks at _gate_key_src_C1_GATE_23",,0x0C8E,_gate_key_src_C1_GATE_23,Gate sidechain key source
Chan024GateKey001,ChanGateKey,dsp-missing,"addressed (chip 1, 0x0D1E) and NOT SERVED: shared-kernel field gate_key_src, never named by an instruction — a host write lands in DM and no instruction of the running kernel looks at _gate_key_src_C1_GATE_24",,0x0D1E,_gate_key_src_C1_GATE_24,Gate sidechain key source
Dca001Mute001,DcaMute,dsp-missing,"addressed (chip 2, 0x070A) and NOT SERVED: symbol inert — a host write lands in DM and no instruction of the running kernel looks at _dca_mute_C2_DCA_01",,0x070A,_dca_mute_C2_DCA_01,DCA group mute on/off
Dca002Mute001,DcaMute,dsp-missing,"addressed (chip 2, 0x070C) and NOT SERVED: symbol inert — a host write lands in DM and no instruction of the running kernel looks at _dca_mute_C2_DCA_02",,0x070C,_dca_mute_C2_DCA_02,DCA group mute on/off
Dca003Mute001,DcaMute,dsp-missing,"addressed (chip 2, 0x070E) and NOT SERVED: symbol inert — a host write lands in DM and no instruction of the running kernel looks at _dca_mute_C2_DCA_03",,0x070E,_dca_mute_C2_DCA_03,DCA group mute on/off
Dca004Mute001,DcaMute,dsp-missing,"addressed (chip 2, 0x0710) and NOT SERVED: symbol inert — a host write lands in DM and no instruction of the running kernel looks at _dca_mute_C2_DCA_04",,0x0710,_dca_mute_C2_DCA_04,DCA group mute on/off
Dca005Mute001,DcaMute,dsp-missing,"addressed (chip 2, 0x0712) and NOT SERVED: symbol inert — a host write lands in DM and no instruction of the running kernel looks at _dca_mute_C2_DCA_05",,0x0712,_dca_mute_C2_DCA_05,DCA group mute on/off
Dca006Mute001,DcaMute,dsp-missing,"addressed (chip 2, 0x0714) and NOT SERVED: symbol inert — a host write lands in DM and no instruction of the running kernel looks at _dca_mute_C2_DCA_06",,0x0714,_dca_mute_C2_DCA_06,DCA group mute on/off
Dca007Mute001,DcaMute,dsp-missing,"addressed (chip 2, 0x0716) and NOT SERVED: symbol inert — a host write lands in DM and no instruction of the running kernel looks at _dca_mute_C2_DCA_07",,0x0716,_dca_mute_C2_DCA_07,DCA group mute on/off
Dca008Mute001,DcaMute,dsp-missing,"addressed (chip 2, 0x0718) and NOT SERVED: symbol inert — a host write lands in DM and no instruction of the running kernel looks at _dca_mute_C2_DCA_08",,0x0718,_dca_mute_C2_DCA_08,DCA group mute on/off
Fx001Decay001,FxDecay,dsp-missing,"addressed (chip 2, 0x0656) and NOT SERVED: symbol inert — a host write lands in DM and no instruction of the running kernel looks at _fx_decay_C2_FX_ENG_01",,0x0656,_fx_decay_C2_FX_ENG_01,FX reverb decay time
Fx002Decay001,FxDecay,dsp-missing,"addressed (chip 2, 0x0672) and NOT SERVED: symbol inert — a host write lands in DM and no instruction of the running kernel looks at _fx_decay_C2_FX_ENG_02",,0x0672,_fx_decay_C2_FX_ENG_02,FX reverb decay time
Fx003Decay001,FxDecay,dsp-missing,"addressed (chip 2, 0x068E) and NOT SERVED: symbol inert — a host write lands in DM and no instruction of the running kernel looks at _fx_decay_C2_FX_ENG_03",,0x068E,_fx_decay_C2_FX_ENG_03,FX reverb decay time
Fx004Decay001,FxDecay,dsp-missing,"addressed (chip 2, 0x06AA) and NOT SERVED: symbol inert — a host write lands in DM and no instruction of the running kernel looks at _fx_decay_C2_FX_ENG_04",,0x06AA,_fx_decay_C2_FX_ENG_04,FX reverb decay time
Fx005Decay001,FxDecay,dsp-missing,"addressed (chip 2, 0x06C6) and NOT SERVED: symbol inert — a host write lands in DM and no instruction of the running kernel looks at _fx_decay_C2_FX_ENG_05",,0x06C6,_fx_decay_C2_FX_ENG_05,FX reverb decay time
Fx006Decay001,FxDecay,dsp-missing,"addressed (chip 2, 0x06E2) and NOT SERVED: symbol inert — a host write lands in DM and no instruction of the running kernel looks at _fx_decay_C2_FX_ENG_06",,0x06E2,_fx_decay_C2_FX_ENG_06,FX reverb decay time
Fx001DuckThr001,FxDuckThr,dsp-missing,"FX ducker threshold — the dry level in dB above which the return is pulled down, -60..0 (PW ruling R1, 2026-09-10; was Q7). The FX engine has DuckOn and DuckSens and no threshold word, and the ducking sidechain itself is unbuilt (S24)",no-graph-node,,,FX ducker threshold (legacy alias of DuckSens)
Fx002DuckThr001,FxDuckThr,dsp-missing,"FX ducker threshold — the dry level in dB above which the return is pulled down, -60..0 (PW ruling R1, 2026-09-10; was Q7). The FX engine has DuckOn and DuckSens and no threshold word, and the ducking sidechain itself is unbuilt (S24)",no-graph-node,,,FX ducker threshold (legacy alias of DuckSens)
Fx003DuckThr001,FxDuckThr,dsp-missing,"FX ducker threshold — the dry level in dB above which the return is pulled down, -60..0 (PW ruling R1, 2026-09-10; was Q7). The FX engine has DuckOn and DuckSens and no threshold word, and the ducking sidechain itself is unbuilt (S24)",no-graph-node,,,FX ducker threshold (legacy alias of DuckSens)
Fx004DuckThr001,FxDuckThr,dsp-missing,"FX ducker threshold — the dry level in dB above which the return is pulled down, -60..0 (PW ruling R1, 2026-09-10; was Q7). The FX engine has DuckOn and DuckSens and no threshold word, and the ducking sidechain itself is unbuilt (S24)",no-graph-node,,,FX ducker threshold (legacy alias of DuckSens)
Fx005DuckThr001,FxDuckThr,dsp-missing,"FX ducker threshold — the dry level in dB above which the return is pulled down, -60..0 (PW ruling R1, 2026-09-10; was Q7). The FX engine has DuckOn and DuckSens and no threshold word, and the ducking sidechain itself is unbuilt (S24)",no-graph-node,,,FX ducker threshold (legacy alias of DuckSens)
Fx006DuckThr001,FxDuckThr,dsp-missing,"FX ducker threshold — the dry level in dB above which the return is pulled down, -60..0 (PW ruling R1, 2026-09-10; was Q7). The FX engine has DuckOn and DuckSens and no threshold word, and the ducking sidechain itself is unbuilt (S24)",no-graph-node,,,FX ducker threshold (legacy alias of DuckSens)
Fx001EqHpf001,FxEqHpf,dsp-missing,"addressed (chip 2, 0x065F) and NOT SERVED: symbol inert — a host write lands in DM and no instruction of the running kernel looks at _fx_hpf_coeffs_C2_FX_ENG_01",,0x065F,_fx_hpf_coeffs_C2_FX_ENG_01,FX low cut / HPF frequency
Fx002EqHpf001,FxEqHpf,dsp-missing,"addressed (chip 2, 0x067B) and NOT SERVED: symbol inert — a host write lands in DM and no instruction of the running kernel looks at _fx_hpf_coeffs_C2_FX_ENG_02",,0x067B,_fx_hpf_coeffs_C2_FX_ENG_02,FX low cut / HPF frequency
Fx003EqHpf001,FxEqHpf,dsp-missing,"addressed (chip 2, 0x0697) and NOT SERVED: symbol inert — a host write lands in DM and no instruction of the running kernel looks at _fx_hpf_coeffs_C2_FX_ENG_03",,0x0697,_fx_hpf_coeffs_C2_FX_ENG_03,FX low cut / HPF frequency
Fx004EqHpf001,FxEqHpf,dsp-missing,"addressed (chip 2, 0x06B3) and NOT SERVED: symbol inert — a host write lands in DM and no instruction of the running kernel looks at _fx_hpf_coeffs_C2_FX_ENG_04",,0x06B3,_fx_hpf_coeffs_C2_FX_ENG_04,FX low cut / HPF frequency
Fx005EqHpf001,FxEqHpf,dsp-missing,"addressed (chip 2, 0x06CF) and NOT SERVED: symbol inert — a host write lands in DM and no instruction of the running kernel looks at _fx_hpf_coeffs_C2_FX_ENG_05",,0x06CF,_fx_hpf_coeffs_C2_FX_ENG_05,FX low cut / HPF frequency
Fx006EqHpf001,FxEqHpf,dsp-missing,"addressed (chip 2, 0x06EB) and NOT SERVED: symbol inert — a host write lands in DM and no instruction of the running kernel looks at _fx_hpf_coeffs_C2_FX_ENG_06",,0x06EB,_fx_hpf_coeffs_C2_FX_ENG_06,FX low cut / HPF frequency
Fx001EqLo001,FxEqLo,dsp-missing,"addressed (chip 2, 0x065C) and NOT SERVED: symbol inert — a host write lands in DM and no instruction of the running kernel looks at _fx_eq_lo_C2_FX_ENG_01",,0x065C,_fx_eq_lo_C2_FX_ENG_01,FX low EQ
Fx002EqLo001,FxEqLo,dsp-missing,"addressed (chip 2, 0x0678) and NOT SERVED: symbol inert — a host write lands in DM and no instruction of the running kernel looks at _fx_eq_lo_C2_FX_ENG_02",,0x0678,_fx_eq_lo_C2_FX_ENG_02,FX low EQ
Fx003EqLo001,FxEqLo,dsp-missing,"addressed (chip 2, 0x0694) and NOT SERVED: symbol inert — a host write lands in DM and no instruction of the running kernel looks at _fx_eq_lo_C2_FX_ENG_03",,0x0694,_fx_eq_lo_C2_FX_ENG_03,FX low EQ
Fx004EqLo001,FxEqLo,dsp-missing,"addressed (chip 2, 0x06B0) and NOT SERVED: symbol inert — a host write lands in DM and no instruction of the running kernel looks at _fx_eq_lo_C2_FX_ENG_04",,0x06B0,_fx_eq_lo_C2_FX_ENG_04,FX low EQ
Fx005EqLo001,FxEqLo,dsp-missing,"addressed (chip 2, 0x06CC) and NOT SERVED: symbol inert — a host write lands in DM and no instruction of the running kernel looks at _fx_eq_lo_C2_FX_ENG_05",,0x06CC,_fx_eq_lo_C2_FX_ENG_05,FX low EQ
Fx006EqLo001,FxEqLo,dsp-missing,"addressed (chip 2, 0x06E8) and NOT SERVED: symbol inert — a host write lands in DM and no instruction of the running kernel looks at _fx_eq_lo_C2_FX_ENG_06",,0x06E8,_fx_eq_lo_C2_FX_ENG_06,FX low EQ
Fx001EqMid001,FxEqMid,dsp-missing,"addressed (chip 2, 0x065D) and NOT SERVED: symbol inert — a host write lands in DM and no instruction of the running kernel looks at _fx_eq_mid_C2_FX_ENG_01",,0x065D,_fx_eq_mid_C2_FX_ENG_01,FX mid EQ
Fx002EqMid001,FxEqMid,dsp-missing,"addressed (chip 2, 0x0679) and NOT SERVED: symbol inert — a host write lands in DM and no instruction of the running kernel looks at _fx_eq_mid_C2_FX_ENG_02",,0x0679,_fx_eq_mid_C2_FX_ENG_02,FX mid EQ
Fx003EqMid001,FxEqMid,dsp-missing,"addressed (chip 2, 0x0695) and NOT SERVED: symbol inert — a host write lands in DM and no instruction of the running kernel looks at _fx_eq_mid_C2_FX_ENG_03",,0x0695,_fx_eq_mid_C2_FX_ENG_03,FX mid EQ
Fx004EqMid001,FxEqMid,dsp-missing,"addressed (chip 2, 0x06B1) and NOT SERVED: symbol inert — a host write lands in DM and no instruction of the running kernel looks at _fx_eq_mid_C2_FX_ENG_04",,0x06B1,_fx_eq_mid_C2_FX_ENG_04,FX mid EQ
Fx005EqMid001,FxEqMid,dsp-missing,"addressed (chip 2, 0x06CD) and NOT SERVED: symbol inert — a host write lands in DM and no instruction of the running kernel looks at _fx_eq_mid_C2_FX_ENG_05",,0x06CD,_fx_eq_mid_C2_FX_ENG_05,FX mid EQ
Fx006EqMid001,FxEqMid,dsp-missing,"addressed (chip 2, 0x06E9) and NOT SERVED: symbol inert — a host write lands in DM and no instruction of the running kernel looks at _fx_eq_mid_C2_FX_ENG_06",,0x06E9,_fx_eq_mid_C2_FX_ENG_06,FX mid EQ
Fx001EqPresence001,FxEqPresence,dsp-missing,"addressed (chip 2, 0x065E) and NOT SERVED: symbol inert — a host write lands in DM and no instruction of the running kernel looks at _fx_eq_hi_C2_FX_ENG_01",,0x065E,_fx_eq_hi_C2_FX_ENG_01,FX high-shelf presence EQ (~5kHz +/-6dB)
Fx002EqPresence001,FxEqPresence,dsp-missing,"addressed (chip 2, 0x067A) and NOT SERVED: symbol inert — a host write lands in DM and no instruction of the running kernel looks at _fx_eq_hi_C2_FX_ENG_02",,0x067A,_fx_eq_hi_C2_FX_ENG_02,FX high-shelf presence EQ (~5kHz +/-6dB)
Fx003EqPresence001,FxEqPresence,dsp-missing,"addressed (chip 2, 0x0696) and NOT SERVED: symbol inert — a host write lands in DM and no instruction of the running kernel looks at _fx_eq_hi_C2_FX_ENG_03",,0x0696,_fx_eq_hi_C2_FX_ENG_03,FX high-shelf presence EQ (~5kHz +/-6dB)
Fx004EqPresence001,FxEqPresence,dsp-missing,"addressed (chip 2, 0x06B2) and NOT SERVED: symbol inert — a host write lands in DM and no instruction of the running kernel looks at _fx_eq_hi_C2_FX_ENG_04",,0x06B2,_fx_eq_hi_C2_FX_ENG_04,FX high-shelf presence EQ (~5kHz +/-6dB)
Fx005EqPresence001,FxEqPresence,dsp-missing,"addressed (chip 2, 0x06CE) and NOT SERVED: symbol inert — a host write lands in DM and no instruction of the running kernel looks at _fx_eq_hi_C2_FX_ENG_05",,0x06CE,_fx_eq_hi_C2_FX_ENG_05,FX high-shelf presence EQ (~5kHz +/-6dB)
Fx006EqPresence001,FxEqPresence,dsp-missing,"addressed (chip 2, 0x06EA) and NOT SERVED: symbol inert — a host write lands in DM and no instruction of the running kernel looks at _fx_eq_hi_C2_FX_ENG_06",,0x06EA,_fx_eq_hi_C2_FX_ENG_06,FX high-shelf presence EQ (~5kHz +/-6dB)
Fx001LfoShape001,FxLfoShape,dsp-missing,"addressed (chip 2, 0x0666) and NOT SERVED: symbol inert — a host write lands in DM and no instruction of the running kernel looks at _fx_lfo_shape_C2_FX_ENG_01",,0x0666,_fx_lfo_shape_C2_FX_ENG_01,FX LFO shape (sine/triangle)
Fx002LfoShape001,FxLfoShape,dsp-missing,"addressed (chip 2, 0x0682) and NOT SERVED: symbol inert — a host write lands in DM and no instruction of the running kernel looks at _fx_lfo_shape_C2_FX_ENG_02",,0x0682,_fx_lfo_shape_C2_FX_ENG_02,FX LFO shape (sine/triangle)
Fx003LfoShape001,FxLfoShape,dsp-missing,"addressed (chip 2, 0x069E) and NOT SERVED: symbol inert — a host write lands in DM and no instruction of the running kernel looks at _fx_lfo_shape_C2_FX_ENG_03",,0x069E,_fx_lfo_shape_C2_FX_ENG_03,FX LFO shape (sine/triangle)
Fx004LfoShape001,FxLfoShape,dsp-missing,"addressed (chip 2, 0x06BA) and NOT SERVED: symbol inert — a host write lands in DM and no instruction of the running kernel looks at _fx_lfo_shape_C2_FX_ENG_04",,0x06BA,_fx_lfo_shape_C2_FX_ENG_04,FX LFO shape (sine/triangle)
Fx005LfoShape001,FxLfoShape,dsp-missing,"addressed (chip 2, 0x06D6) and NOT SERVED: symbol inert — a host write lands in DM and no instruction of the running kernel looks at _fx_lfo_shape_C2_FX_ENG_05",,0x06D6,_fx_lfo_shape_C2_FX_ENG_05,FX LFO shape (sine/triangle)
Fx006LfoShape001,FxLfoShape,dsp-missing,"addressed (chip 2, 0x06F2) and NOT SERVED: symbol inert — a host write lands in DM and no instruction of the running kernel looks at _fx_lfo_shape_C2_FX_ENG_06",,0x06F2,_fx_lfo_shape_C2_FX_ENG_06,FX LFO shape (sine/triangle)
Fx001ModLevel001,FxModLevel,dsp-missing,"addressed (chip 2, 0x0665) and NOT SERVED: symbol inert — a host write lands in DM and no instruction of the running kernel looks at _fx_mod_level_C2_FX_ENG_01",,0x0665,_fx_mod_level_C2_FX_ENG_01,FX LFO modulation depth
Fx002ModLevel001,FxModLevel,dsp-missing,"addressed (chip 2, 0x0681) and NOT SERVED: symbol inert — a host write lands in DM and no instruction of the running kernel looks at _fx_mod_level_C2_FX_ENG_02",,0x0681,_fx_mod_level_C2_FX_ENG_02,FX LFO modulation depth
Fx003ModLevel001,FxModLevel,dsp-missing,"addressed (chip 2, 0x069D) and NOT SERVED: symbol inert — a host write lands in DM and no instruction of the running kernel looks at _fx_mod_level_C2_FX_ENG_03",,0x069D,_fx_mod_level_C2_FX_ENG_03,FX LFO modulation depth
Fx004ModLevel001,FxModLevel,dsp-missing,"addressed (chip 2, 0x06B9) and NOT SERVED: symbol inert — a host write lands in DM and no instruction of the running kernel looks at _fx_mod_level_C2_FX_ENG_04",,0x06B9,_fx_mod_level_C2_FX_ENG_04,FX LFO modulation depth
Fx005ModLevel001,FxModLevel,dsp-missing,"addressed (chip 2, 0x06D5) and NOT SERVED: symbol inert — a host write lands in DM and no instruction of the running kernel looks at _fx_mod_level_C2_FX_ENG_05",,0x06D5,_fx_mod_level_C2_FX_ENG_05,FX LFO modulation depth
Fx006ModLevel001,FxModLevel,dsp-missing,"addressed (chip 2, 0x06F1) and NOT SERVED: symbol inert — a host write lands in DM and no instruction of the running kernel looks at _fx_mod_level_C2_FX_ENG_06",,0x06F1,_fx_mod_level_C2_FX_ENG_06,FX LFO modulation depth
Fx001ModRate001,FxModRate,dsp-missing,"addressed (chip 2, 0x0664) and NOT SERVED: symbol inert — a host write lands in DM and no instruction of the running kernel looks at _fx_mod_rate_C2_FX_ENG_01",,0x0664,_fx_mod_rate_C2_FX_ENG_01,FX LFO modulation rate
Fx002ModRate001,FxModRate,dsp-missing,"addressed (chip 2, 0x0680) and NOT SERVED: symbol inert — a host write lands in DM and no instruction of the running kernel looks at _fx_mod_rate_C2_FX_ENG_02",,0x0680,_fx_mod_rate_C2_FX_ENG_02,FX LFO modulation rate
Fx003ModRate001,FxModRate,dsp-missing,"addressed (chip 2, 0x069C) and NOT SERVED: symbol inert — a host write lands in DM and no instruction of the running kernel looks at _fx_mod_rate_C2_FX_ENG_03",,0x069C,_fx_mod_rate_C2_FX_ENG_03,FX LFO modulation rate
Fx004ModRate001,FxModRate,dsp-missing,"addressed (chip 2, 0x06B8) and NOT SERVED: symbol inert — a host write lands in DM and no instruction of the running kernel looks at _fx_mod_rate_C2_FX_ENG_04",,0x06B8,_fx_mod_rate_C2_FX_ENG_04,FX LFO modulation rate
Fx005ModRate001,FxModRate,dsp-missing,"addressed (chip 2, 0x06D4) and NOT SERVED: symbol inert — a host write lands in DM and no instruction of the running kernel looks at _fx_mod_rate_C2_FX_ENG_05",,0x06D4,_fx_mod_rate_C2_FX_ENG_05,FX LFO modulation rate
Fx006ModRate001,FxModRate,dsp-missing,"addressed (chip 2, 0x06F0) and NOT SERVED: symbol inert — a host write lands in DM and no instruction of the running kernel looks at _fx_mod_rate_C2_FX_ENG_06",,0x06F0,_fx_mod_rate_C2_FX_ENG_06,FX LFO modulation rate
Fx001PingPongStart001,FxPingPongStart,dsp-missing,ping-pong start side; the FX engine has no such word,no-graph-node,,,FX ping-pong start side (L/R)
Fx002PingPongStart001,FxPingPongStart,dsp-missing,ping-pong start side; the FX engine has no such word,no-graph-node,,,FX ping-pong start side (L/R)
Fx003PingPongStart001,FxPingPongStart,dsp-missing,ping-pong start side; the FX engine has no such word,no-graph-node,,,FX ping-pong start side (L/R)
Fx004PingPongStart001,FxPingPongStart,dsp-missing,ping-pong start side; the FX engine has no such word,no-graph-node,,,FX ping-pong start side (L/R)
Fx005PingPongStart001,FxPingPongStart,dsp-missing,ping-pong start side; the FX engine has no such word,no-graph-node,,,FX ping-pong start side (L/R)
Fx006PingPongStart001,FxPingPongStart,dsp-missing,ping-pong start side; the FX engine has no such word,no-graph-node,,,FX ping-pong start side (L/R)
Fx001PreDelay001,FxPreDelay,dsp-missing,"addressed (chip 2, 0x0657) and NOT SERVED: symbol inert — a host write lands in DM and no instruction of the running kernel looks at _fx_predelay_C2_FX_ENG_01",,0x0657,_fx_predelay_C2_FX_ENG_01,FX pre-delay time
Fx002PreDelay001,FxPreDelay,dsp-missing,"addressed (chip 2, 0x0673) and NOT SERVED: symbol inert — a host write lands in DM and no instruction of the running kernel looks at _fx_predelay_C2_FX_ENG_02",,0x0673,_fx_predelay_C2_FX_ENG_02,FX pre-delay time
Fx003PreDelay001,FxPreDelay,dsp-missing,"addressed (chip 2, 0x068F) and NOT SERVED: symbol inert — a host write lands in DM and no instruction of the running kernel looks at _fx_predelay_C2_FX_ENG_03",,0x068F,_fx_predelay_C2_FX_ENG_03,FX pre-delay time
Fx004PreDelay001,FxPreDelay,dsp-missing,"addressed (chip 2, 0x06AB) and NOT SERVED: symbol inert — a host write lands in DM and no instruction of the running kernel looks at _fx_predelay_C2_FX_ENG_04",,0x06AB,_fx_predelay_C2_FX_ENG_04,FX pre-delay time
Fx005PreDelay001,FxPreDelay,dsp-missing,"addressed (chip 2, 0x06C7) and NOT SERVED: symbol inert — a host write lands in DM and no instruction of the running kernel looks at _fx_predelay_C2_FX_ENG_05",,0x06C7,_fx_predelay_C2_FX_ENG_05,FX pre-delay time
Fx006PreDelay001,FxPreDelay,dsp-missing,"addressed (chip 2, 0x06E3) and NOT SERVED: symbol inert — a host write lands in DM and no instruction of the running kernel looks at _fx_predelay_C2_FX_ENG_06",,0x06E3,_fx_predelay_C2_FX_ENG_06,FX pre-delay time
Fx001StereoWidth001,FxStereoWidth,dsp-missing,"addressed (chip 2, 0x0667) and NOT SERVED: symbol inert — a host write lands in DM and no instruction of the running kernel looks at _fx_width_C2_FX_ENG_01",,0x0667,_fx_width_C2_FX_ENG_01,FX stereo width control
Fx002StereoWidth001,FxStereoWidth,dsp-missing,"addressed (chip 2, 0x0683) and NOT SERVED: symbol inert — a host write lands in DM and no instruction of the running kernel looks at _fx_width_C2_FX_ENG_02",,0x0683,_fx_width_C2_FX_ENG_02,FX stereo width control
Fx003StereoWidth001,FxStereoWidth,dsp-missing,"addressed (chip 2, 0x069F) and NOT SERVED: symbol inert — a host write lands in DM and no instruction of the running kernel looks at _fx_width_C2_FX_ENG_03",,0x069F,_fx_width_C2_FX_ENG_03,FX stereo width control
Fx004StereoWidth001,FxStereoWidth,dsp-missing,"addressed (chip 2, 0x06BB) and NOT SERVED: symbol inert — a host write lands in DM and no instruction of the running kernel looks at _fx_width_C2_FX_ENG_04",,0x06BB,_fx_width_C2_FX_ENG_04,FX stereo width control
Fx005StereoWidth001,FxStereoWidth,dsp-missing,"addressed (chip 2, 0x06D7) and NOT SERVED: symbol inert — a host write lands in DM and no instruction of the running kernel looks at _fx_width_C2_FX_ENG_05",,0x06D7,_fx_width_C2_FX_ENG_05,FX stereo width control
Fx006StereoWidth001,FxStereoWidth,dsp-missing,"addressed (chip 2, 0x06F3) and NOT SERVED: symbol inert — a host write lands in DM and no instruction of the running kernel looks at _fx_width_C2_FX_ENG_06",,0x06F3,_fx_width_C2_FX_ENG_06,FX stereo width control
Grp001CompDetSrc001,GrpCompDetSrc,dsp-missing,"addressed (chip 2, 0x046E) and NOT SERVED: symbol inert — a host write lands in DM and no instruction of the running kernel looks at _comp_det_src_C2_GRP_COMP_01",,0x046E,_comp_det_src_C2_GRP_COMP_01,Group compressor self-key tap source (PreEQ/PostEQ)
Grp002CompDetSrc001,GrpCompDetSrc,dsp-missing,"addressed (chip 2, 0x04AA) and NOT SERVED: symbol inert — a host write lands in DM and no instruction of the running kernel looks at _comp_det_src_C2_GRP_COMP_02",,0x04AA,_comp_det_src_C2_GRP_COMP_02,Group compressor self-key tap source (PreEQ/PostEQ)
Grp003CompDetSrc001,GrpCompDetSrc,dsp-missing,"addressed (chip 2, 0x04E6) and NOT SERVED: symbol inert — a host write lands in DM and no instruction of the running kernel looks at _comp_det_src_C2_GRP_COMP_03",,0x04E6,_comp_det_src_C2_GRP_COMP_03,Group compressor self-key tap source (PreEQ/PostEQ)
Grp004CompDetSrc001,GrpCompDetSrc,dsp-missing,"addressed (chip 2, 0x0522) and NOT SERVED: symbol inert — a host write lands in DM and no instruction of the running kernel looks at _comp_det_src_C2_GRP_COMP_04",,0x0522,_comp_det_src_C2_GRP_COMP_04,Group compressor self-key tap source (PreEQ/PostEQ)
Grp001CompEqPos001,GrpCompEqPos,dsp-missing,"addressed (chip 2, 0x0470) and NOT SERVED: symbol inert — a host write lands in DM and no instruction of the running kernel looks at _comp_eq_pos_C2_GRP_COMP_01",,0x0470,_comp_eq_pos_C2_GRP_COMP_01,Group compressor EQ position (Pre/Post)
Grp002CompEqPos001,GrpCompEqPos,dsp-missing,"addressed (chip 2, 0x04AC) and NOT SERVED: symbol inert — a host write lands in DM and no instruction of the running kernel looks at _comp_eq_pos_C2_GRP_COMP_02",,0x04AC,_comp_eq_pos_C2_GRP_COMP_02,Group compressor EQ position (Pre/Post)
Grp003CompEqPos001,GrpCompEqPos,dsp-missing,"addressed (chip 2, 0x04E8) and NOT SERVED: symbol inert — a host write lands in DM and no instruction of the running kernel looks at _comp_eq_pos_C2_GRP_COMP_03",,0x04E8,_comp_eq_pos_C2_GRP_COMP_03,Group compressor EQ position (Pre/Post)
Grp004CompEqPos001,GrpCompEqPos,dsp-missing,"addressed (chip 2, 0x0524) and NOT SERVED: symbol inert — a host write lands in DM and no instruction of the running kernel looks at _comp_eq_pos_C2_GRP_COMP_04",,0x0524,_comp_eq_pos_C2_GRP_COMP_04,Group compressor EQ position (Pre/Post)
Grp001CompFilterHpf001,GrpCompFilterHpf,dsp-missing,"addressed (chip 2, 0x0472) and NOT SERVED: symbol inert — a host write lands in DM and no instruction of the running kernel looks at _comp_filter_coeffs_C2_GRP_COMP_01",,0x0472,_comp_filter_coeffs_C2_GRP_COMP_01,Group compressor sidechain HPF frequency
Grp002CompFilterHpf001,GrpCompFilterHpf,dsp-missing,"addressed (chip 2, 0x04AE) and NOT SERVED: symbol inert — a host write lands in DM and no instruction of the running kernel looks at _comp_filter_coeffs_C2_GRP_COMP_02",,0x04AE,_comp_filter_coeffs_C2_GRP_COMP_02,Group compressor sidechain HPF frequency
Grp003CompFilterHpf001,GrpCompFilterHpf,dsp-missing,"addressed (chip 2, 0x04EA) and NOT SERVED: symbol inert — a host write lands in DM and no instruction of the running kernel looks at _comp_filter_coeffs_C2_GRP_COMP_03",,0x04EA,_comp_filter_coeffs_C2_GRP_COMP_03,Group compressor sidechain HPF frequency
Grp004CompFilterHpf001,GrpCompFilterHpf,dsp-missing,"addressed (chip 2, 0x0526) and NOT SERVED: symbol inert — a host write lands in DM and no instruction of the running kernel looks at _comp_filter_coeffs_C2_GRP_COMP_04",,0x0526,_comp_filter_coeffs_C2_GRP_COMP_04,Group compressor sidechain HPF frequency
Grp001CompFilterLpf001,GrpCompFilterLpf,dsp-missing,"addressed (chip 2, 0x0472) and NOT SERVED: symbol inert — a host write lands in DM and no instruction of the running kernel looks at _comp_filter_coeffs_C2_GRP_COMP_01",,0x0472,_comp_filter_coeffs_C2_GRP_COMP_01,Group compressor sidechain LPF frequency
Grp002CompFilterLpf001,GrpCompFilterLpf,dsp-missing,"addressed (chip 2, 0x04AE) and NOT SERVED: symbol inert — a host write lands in DM and no instruction of the running kernel looks at _comp_filter_coeffs_C2_GRP_COMP_02",,0x04AE,_comp_filter_coeffs_C2_GRP_COMP_02,Group compressor sidechain LPF frequency
Grp003CompFilterLpf001,GrpCompFilterLpf,dsp-missing,"addressed (chip 2, 0x04EA) and NOT SERVED: symbol inert — a host write lands in DM and no instruction of the running kernel looks at _comp_filter_coeffs_C2_GRP_COMP_03",,0x04EA,_comp_filter_coeffs_C2_GRP_COMP_03,Group compressor sidechain LPF frequency
Grp004CompFilterLpf001,GrpCompFilterLpf,dsp-missing,"addressed (chip 2, 0x0526) and NOT SERVED: symbol inert — a host write lands in DM and no instruction of the running kernel looks at _comp_filter_coeffs_C2_GRP_COMP_04",,0x0526,_comp_filter_coeffs_C2_GRP_COMP_04,Group compressor sidechain LPF frequency
Grp001CompFilterOn001,GrpCompFilterOn,dsp-missing,"addressed (chip 2, 0x0471) and NOT SERVED: symbol inert — a host write lands in DM and no instruction of the running kernel looks at _comp_filter_on_C2_GRP_COMP_01",,0x0471,_comp_filter_on_C2_GRP_COMP_01,Group compressor sidechain filter on/off
Grp002CompFilterOn001,GrpCompFilterOn,dsp-missing,"addressed (chip 2, 0x04AD) and NOT SERVED: symbol inert — a host write lands in DM and no instruction of the running kernel looks at _comp_filter_on_C2_GRP_COMP_02",,0x04AD,_comp_filter_on_C2_GRP_COMP_02,Group compressor sidechain filter on/off
Grp003CompFilterOn001,GrpCompFilterOn,dsp-missing,"addressed (chip 2, 0x04E9) and NOT SERVED: symbol inert — a host write lands in DM and no instruction of the running kernel looks at _comp_filter_on_C2_GRP_COMP_03",,0x04E9,_comp_filter_on_C2_GRP_COMP_03,Group compressor sidechain filter on/off
Grp004CompFilterOn001,GrpCompFilterOn,dsp-missing,"addressed (chip 2, 0x0525) and NOT SERVED: symbol inert — a host write lands in DM and no instruction of the running kernel looks at _comp_filter_on_C2_GRP_COMP_04",,0x0525,_comp_filter_on_C2_GRP_COMP_04,Group compressor sidechain filter on/off
Grp001CompFilterQ001,GrpCompFilterQ,dsp-missing,"addressed (chip 2, 0x0472) and NOT SERVED: symbol inert — a host write lands in DM and no instruction of the running kernel looks at _comp_filter_coeffs_C2_GRP_COMP_01",,0x0472,_comp_filter_coeffs_C2_GRP_COMP_01,Group compressor sidechain filter Q
Grp002CompFilterQ001,GrpCompFilterQ,dsp-missing,"addressed (chip 2, 0x04AE) and NOT SERVED: symbol inert — a host write lands in DM and no instruction of the running kernel looks at _comp_filter_coeffs_C2_GRP_COMP_02",,0x04AE,_comp_filter_coeffs_C2_GRP_COMP_02,Group compressor sidechain filter Q
Grp003CompFilterQ001,GrpCompFilterQ,dsp-missing,"addressed (chip 2, 0x04EA) and NOT SERVED: symbol inert — a host write lands in DM and no instruction of the running kernel looks at _comp_filter_coeffs_C2_GRP_COMP_03",,0x04EA,_comp_filter_coeffs_C2_GRP_COMP_03,Group compressor sidechain filter Q
Grp004CompFilterQ001,GrpCompFilterQ,dsp-missing,"addressed (chip 2, 0x0526) and NOT SERVED: symbol inert — a host write lands in DM and no instruction of the running kernel looks at _comp_filter_coeffs_C2_GRP_COMP_04",,0x0526,_comp_filter_coeffs_C2_GRP_COMP_04,Group compressor sidechain filter Q
Grp001CompKey001,GrpCompKey,dsp-missing,"addressed (chip 2, 0x046D) and NOT SERVED: symbol inert — a host write lands in DM and no instruction of the running kernel looks at _comp_key_src_C2_GRP_COMP_01",,0x046D,_comp_key_src_C2_GRP_COMP_01,Group compressor sidechain key source
Grp002CompKey001,GrpCompKey,dsp-missing,"addressed (chip 2, 0x04A9) and NOT SERVED: symbol inert — a host write lands in DM and no instruction of the running kernel looks at _comp_key_src_C2_GRP_COMP_02",,0x04A9,_comp_key_src_C2_GRP_COMP_02,Group compressor sidechain key source
Grp003CompKey001,GrpCompKey,dsp-missing,"addressed (chip 2, 0x04E5) and NOT SERVED: symbol inert — a host write lands in DM and no instruction of the running kernel looks at _comp_key_src_C2_GRP_COMP_03",,0x04E5,_comp_key_src_C2_GRP_COMP_03,Group compressor sidechain key source
Grp004CompKey001,GrpCompKey,dsp-missing,"addressed (chip 2, 0x0521) and NOT SERVED: symbol inert — a host write lands in DM and no instruction of the running kernel looks at _comp_key_src_C2_GRP_COMP_04",,0x0521,_comp_key_src_C2_GRP_COMP_04,Group compressor sidechain key source
Grp001CompLimMode001,GrpCompLimMode,dsp-missing,"addressed (chip 2, 0x046F) and NOT SERVED: symbol inert — a host write lands in DM and no instruction of the running kernel looks at _comp_lim_mode_C2_GRP_COMP_01",,0x046F,_comp_lim_mode_C2_GRP_COMP_01,Group compressor/limiter mode toggle
Grp002CompLimMode001,GrpCompLimMode,dsp-missing,"addressed (chip 2, 0x04AB) and NOT SERVED: symbol inert — a host write lands in DM and no instruction of the running kernel looks at _comp_lim_mode_C2_GRP_COMP_02",,0x04AB,_comp_lim_mode_C2_GRP_COMP_02,Group compressor/limiter mode toggle
Grp003CompLimMode001,GrpCompLimMode,dsp-missing,"addressed (chip 2, 0x04E7) and NOT SERVED: symbol inert — a host write lands in DM and no instruction of the running kernel looks at _comp_lim_mode_C2_GRP_COMP_03",,0x04E7,_comp_lim_mode_C2_GRP_COMP_03,Group compressor/limiter mode toggle
Grp004CompLimMode001,GrpCompLimMode,dsp-missing,"addressed (chip 2, 0x0523) and NOT SERVED: symbol inert — a host write lands in DM and no instruction of the running kernel looks at _comp_lim_mode_C2_GRP_COMP_04",,0x0523,_comp_lim_mode_C2_GRP_COMP_04,Group compressor/limiter mode toggle
Grp001CompType001,GrpCompType,dsp-missing,"addressed (chip 2, 0x046C) and NOT SERVED: symbol inert — a host write lands in DM and no instruction of the running kernel looks at _comp_type_C2_GRP_COMP_01",,0x046C,_comp_type_C2_GRP_COMP_01,Group compressor type (Tube/FET/VCA/Optical)
Grp002CompType001,GrpCompType,dsp-missing,"addressed (chip 2, 0x04A8) and NOT SERVED: symbol inert — a host write lands in DM and no instruction of the running kernel looks at _comp_type_C2_GRP_COMP_02",,0x04A8,_comp_type_C2_GRP_COMP_02,Group compressor type (Tube/FET/VCA/Optical)
Grp003CompType001,GrpCompType,dsp-missing,"addressed (chip 2, 0x04E4) and NOT SERVED: symbol inert — a host write lands in DM and no instruction of the running kernel looks at _comp_type_C2_GRP_COMP_03",,0x04E4,_comp_type_C2_GRP_COMP_03,Group compressor type (Tube/FET/VCA/Optical)
Grp004CompType001,GrpCompType,dsp-missing,"addressed (chip 2, 0x0520) and NOT SERVED: symbol inert — a host write lands in DM and no instruction of the running kernel looks at _comp_type_C2_GRP_COMP_04",,0x0520,_comp_type_C2_GRP_COMP_04,Group compressor type (Tube/FET/VCA/Optical)
Grp001GateDetSrc001,GrpGateDetSrc,dsp-missing,"addressed (chip 2, 0x045B) and NOT SERVED: symbol inert — a host write lands in DM and no instruction of the running kernel looks at _gate_det_src_C2_GRP_GATE_01",,0x045B,_gate_det_src_C2_GRP_GATE_01,Group gate self-key tap source (PreEQ/PostEQ)
Grp002GateDetSrc001,GrpGateDetSrc,dsp-missing,"addressed (chip 2, 0x0497) and NOT SERVED: symbol inert — a host write lands in DM and no instruction of the running kernel looks at _gate_det_src_C2_GRP_GATE_02",,0x0497,_gate_det_src_C2_GRP_GATE_02,Group gate self-key tap source (PreEQ/PostEQ)
Grp003GateDetSrc001,GrpGateDetSrc,dsp-missing,"addressed (chip 2, 0x04D3) and NOT SERVED: symbol inert — a host write lands in DM and no instruction of the running kernel looks at _gate_det_src_C2_GRP_GATE_03",,0x04D3,_gate_det_src_C2_GRP_GATE_03,Group gate self-key tap source (PreEQ/PostEQ)
Grp004GateDetSrc001,GrpGateDetSrc,dsp-missing,"addressed (chip 2, 0x050F) and NOT SERVED: symbol inert — a host write lands in DM and no instruction of the running kernel looks at _gate_det_src_C2_GRP_GATE_04",,0x050F,_gate_det_src_C2_GRP_GATE_04,Group gate self-key tap source (PreEQ/PostEQ)
Grp001GateKey001,GrpGateKey,dsp-missing,"addressed (chip 2, 0x045A) and NOT SERVED: symbol inert — a host write lands in DM and no instruction of the running kernel looks at _gate_key_src_C2_GRP_GATE_01",,0x045A,_gate_key_src_C2_GRP_GATE_01,Group gate sidechain key source
Grp002GateKey001,GrpGateKey,dsp-missing,"addressed (chip 2, 0x0496) and NOT SERVED: symbol inert — a host write lands in DM and no instruction of the running kernel looks at _gate_key_src_C2_GRP_GATE_02",,0x0496,_gate_key_src_C2_GRP_GATE_02,Group gate sidechain key source
Grp003GateKey001,GrpGateKey,dsp-missing,"addressed (chip 2, 0x04D2) and NOT SERVED: symbol inert — a host write lands in DM and no instruction of the running kernel looks at _gate_key_src_C2_GRP_GATE_03",,0x04D2,_gate_key_src_C2_GRP_GATE_03,Group gate sidechain key source
Grp004GateKey001,GrpGateKey,dsp-missing,"addressed (chip 2, 0x050E) and NOT SERVED: symbol inert — a host write lands in DM and no instruction of the running kernel looks at _gate_key_src_C2_GRP_GATE_04",,0x050E,_gate_key_src_C2_GRP_GATE_04,Group gate sidechain key source
MainCtr001CompDetSrc001,MainCtrCompDetSrc,dsp-missing,"addressed (chip 2, 0x061C) and NOT SERVED: symbol inert — a host write lands in DM and no instruction of the running kernel looks at _comp_det_src_C2_MAIN_OCOMP_03",,0x061C,_comp_det_src_C2_MAIN_OCOMP_03,Center output compressor self-key tap source (PreEQ/PostEQ)
MainCtr001CompEqPos001,MainCtrCompEqPos,dsp-missing,"addressed (chip 2, 0x061E) and NOT SERVED: symbol inert — a host write lands in DM and no instruction of the running kernel looks at _comp_eq_pos_C2_MAIN_OCOMP_03",,0x061E,_comp_eq_pos_C2_MAIN_OCOMP_03,Center output compressor EQ position (Pre/Post)
MainCtr001CompFilterHpf001,MainCtrCompFilterHpf,dsp-missing,"addressed (chip 2, 0x0620) and NOT SERVED: symbol inert — a host write lands in DM and no instruction of the running kernel looks at _comp_filter_coeffs_C2_MAIN_OCOMP_03",,0x0620,_comp_filter_coeffs_C2_MAIN_OCOMP_03,Center output compressor sidechain HPF frequency
MainCtr001CompFilterLpf001,MainCtrCompFilterLpf,dsp-missing,"addressed (chip 2, 0x0620) and NOT SERVED: symbol inert — a host write lands in DM and no instruction of the running kernel looks at _comp_filter_coeffs_C2_MAIN_OCOMP_03",,0x0620,_comp_filter_coeffs_C2_MAIN_OCOMP_03,Center output compressor sidechain LPF frequency
MainCtr001CompFilterOn001,MainCtrCompFilterOn,dsp-missing,"addressed (chip 2, 0x061F) and NOT SERVED: symbol inert — a host write lands in DM and no instruction of the running kernel looks at _comp_filter_on_C2_MAIN_OCOMP_03",,0x061F,_comp_filter_on_C2_MAIN_OCOMP_03,Center output compressor sidechain filter on/off
MainCtr001CompFilterQ001,MainCtrCompFilterQ,dsp-missing,"addressed (chip 2, 0x0620) and NOT SERVED: symbol inert — a host write lands in DM and no instruction of the running kernel looks at _comp_filter_coeffs_C2_MAIN_OCOMP_03",,0x0620,_comp_filter_coeffs_C2_MAIN_OCOMP_03,Center output compressor sidechain filter Q
MainCtr001CompKey001,MainCtrCompKey,dsp-missing,"addressed (chip 2, 0x061B) and NOT SERVED: symbol inert — a host write lands in DM and no instruction of the running kernel looks at _comp_key_src_C2_MAIN_OCOMP_03",,0x061B,_comp_key_src_C2_MAIN_OCOMP_03,Center output compressor sidechain key source
MainCtr001CompLimMode001,MainCtrCompLimMode,dsp-missing,"addressed (chip 2, 0x061D) and NOT SERVED: symbol inert — a host write lands in DM and no instruction of the running kernel looks at _comp_lim_mode_C2_MAIN_OCOMP_03",,0x061D,_comp_lim_mode_C2_MAIN_OCOMP_03,Center output compressor/limiter mode toggle
MainCtr001CompType001,MainCtrCompType,dsp-missing,"addressed (chip 2, 0x061A) and NOT SERVED: symbol inert — a host write lands in DM and no instruction of the running kernel looks at _comp_type_C2_MAIN_OCOMP_03",,0x061A,_comp_type_C2_MAIN_OCOMP_03,Center output compressor type (Tube/FET/VCA/Optical)
MainCtr001LimiterRng001,MainCtrLimiterRng,dsp-missing,"limiter range; the LIMITER node carries On, Thr, Att and Rel and no range word",no-graph-node,,,Center output limiter range/depth
MainL001CompDetSrc001,MainLCompDetSrc,dsp-missing,"addressed (chip 2, 0x05C2) and NOT SERVED: symbol inert — a host write lands in DM and no instruction of the running kernel looks at _comp_det_src_C2_MAIN_OCOMP_01",,0x05C2,_comp_det_src_C2_MAIN_OCOMP_01,Main L output compressor self-key tap source (PreEQ/PostEQ)
MainL001CompEqPos001,MainLCompEqPos,dsp-missing,"addressed (chip 2, 0x05C4) and NOT SERVED: symbol inert — a host write lands in DM and no instruction of the running kernel looks at _comp_eq_pos_C2_MAIN_OCOMP_01",,0x05C4,_comp_eq_pos_C2_MAIN_OCOMP_01,Main L output compressor EQ position (Pre/Post)
MainL001CompFilterHpf001,MainLCompFilterHpf,dsp-missing,"addressed (chip 2, 0x05C6) and NOT SERVED: symbol inert — a host write lands in DM and no instruction of the running kernel looks at _comp_filter_coeffs_C2_MAIN_OCOMP_01",,0x05C6,_comp_filter_coeffs_C2_MAIN_OCOMP_01,Main L output compressor sidechain HPF frequency
MainL001CompFilterLpf001,MainLCompFilterLpf,dsp-missing,"addressed (chip 2, 0x05C6) and NOT SERVED: symbol inert — a host write lands in DM and no instruction of the running kernel looks at _comp_filter_coeffs_C2_MAIN_OCOMP_01",,0x05C6,_comp_filter_coeffs_C2_MAIN_OCOMP_01,Main L output compressor sidechain LPF frequency
MainL001CompFilterOn001,MainLCompFilterOn,dsp-missing,"addressed (chip 2, 0x05C5) and NOT SERVED: symbol inert — a host write lands in DM and no instruction of the running kernel looks at _comp_filter_on_C2_MAIN_OCOMP_01",,0x05C5,_comp_filter_on_C2_MAIN_OCOMP_01,Main L output compressor sidechain filter on/off
MainL001CompFilterQ001,MainLCompFilterQ,dsp-missing,"addressed (chip 2, 0x05C6) and NOT SERVED: symbol inert — a host write lands in DM and no instruction of the running kernel looks at _comp_filter_coeffs_C2_MAIN_OCOMP_01",,0x05C6,_comp_filter_coeffs_C2_MAIN_OCOMP_01,Main L output compressor sidechain filter Q
MainL001CompKey001,MainLCompKey,dsp-missing,"addressed (chip 2, 0x05C1) and NOT SERVED: symbol inert — a host write lands in DM and no instruction of the running kernel looks at _comp_key_src_C2_MAIN_OCOMP_01",,0x05C1,_comp_key_src_C2_MAIN_OCOMP_01,Main L output compressor sidechain key source
MainL001CompLimMode001,MainLCompLimMode,dsp-missing,"addressed (chip 2, 0x05C3) and NOT SERVED: symbol inert — a host write lands in DM and no instruction of the running kernel looks at _comp_lim_mode_C2_MAIN_OCOMP_01",,0x05C3,_comp_lim_mode_C2_MAIN_OCOMP_01,Main L output compressor/limiter mode toggle
MainL001CompType001,MainLCompType,dsp-missing,"addressed (chip 2, 0x05C0) and NOT SERVED: symbol inert — a host write lands in DM and no instruction of the running kernel looks at _comp_type_C2_MAIN_OCOMP_01",,0x05C0,_comp_type_C2_MAIN_OCOMP_01,Main L output compressor type (Tube/FET/VCA/Optical)
MainL001LimiterRng001,MainLLimiterRng,dsp-missing,"limiter range; the LIMITER node carries On, Thr, Att and Rel and no range word",no-graph-node,,,Main L output limiter range/depth
MainR001CompDetSrc001,MainRCompDetSrc,dsp-missing,"addressed (chip 2, 0x05EF) and NOT SERVED: symbol inert — a host write lands in DM and no instruction of the running kernel looks at _comp_det_src_C2_MAIN_OCOMP_02",,0x05EF,_comp_det_src_C2_MAIN_OCOMP_02,Main R output compressor self-key tap source (PreEQ/PostEQ)
MainR001CompEqPos001,MainRCompEqPos,dsp-missing,"addressed (chip 2, 0x05F1) and NOT SERVED: symbol inert — a host write lands in DM and no instruction of the running kernel looks at _comp_eq_pos_C2_MAIN_OCOMP_02",,0x05F1,_comp_eq_pos_C2_MAIN_OCOMP_02,Main R output compressor EQ position (Pre/Post)
MainR001CompFilterHpf001,MainRCompFilterHpf,dsp-missing,"addressed (chip 2, 0x05F3) and NOT SERVED: symbol inert — a host write lands in DM and no instruction of the running kernel looks at _comp_filter_coeffs_C2_MAIN_OCOMP_02",,0x05F3,_comp_filter_coeffs_C2_MAIN_OCOMP_02,Main R output compressor sidechain HPF frequency
MainR001CompFilterLpf001,MainRCompFilterLpf,dsp-missing,"addressed (chip 2, 0x05F3) and NOT SERVED: symbol inert — a host write lands in DM and no instruction of the running kernel looks at _comp_filter_coeffs_C2_MAIN_OCOMP_02",,0x05F3,_comp_filter_coeffs_C2_MAIN_OCOMP_02,Main R output compressor sidechain LPF frequency
MainR001CompFilterOn001,MainRCompFilterOn,dsp-missing,"addressed (chip 2, 0x05F2) and NOT SERVED: symbol inert — a host write lands in DM and no instruction of the running kernel looks at _comp_filter_on_C2_MAIN_OCOMP_02",,0x05F2,_comp_filter_on_C2_MAIN_OCOMP_02,Main R output compressor sidechain filter on/off
MainR001CompFilterQ001,MainRCompFilterQ,dsp-missing,"addressed (chip 2, 0x05F3) and NOT SERVED: symbol inert — a host write lands in DM and no instruction of the running kernel looks at _comp_filter_coeffs_C2_MAIN_OCOMP_02",,0x05F3,_comp_filter_coeffs_C2_MAIN_OCOMP_02,Main R output compressor sidechain filter Q
MainR001CompKey001,MainRCompKey,dsp-missing,"addressed (chip 2, 0x05EE) and NOT SERVED: symbol inert — a host write lands in DM and no instruction of the running kernel looks at _comp_key_src_C2_MAIN_OCOMP_02",,0x05EE,_comp_key_src_C2_MAIN_OCOMP_02,Main R output compressor sidechain key source
MainR001CompLimMode001,MainRCompLimMode,dsp-missing,"addressed (chip 2, 0x05F0) and NOT SERVED: symbol inert — a host write lands in DM and no instruction of the running kernel looks at _comp_lim_mode_C2_MAIN_OCOMP_02",,0x05F0,_comp_lim_mode_C2_MAIN_OCOMP_02,Main R output compressor/limiter mode toggle
MainR001CompType001,MainRCompType,dsp-missing,"addressed (chip 2, 0x05ED) and NOT SERVED: symbol inert — a host write lands in DM and no instruction of the running kernel looks at _comp_type_C2_MAIN_OCOMP_02",,0x05ED,_comp_type_C2_MAIN_OCOMP_02,Main R output compressor type (Tube/FET/VCA/Optical)
MainR001LimiterRng001,MainRLimiterRng,dsp-missing,"limiter range; the LIMITER node carries On, Thr, Att and Rel and no range word",no-graph-node,,,Main R output limiter range/depth
MainSub001CompDetSrc001,MainSubCompDetSrc,dsp-missing,"addressed (chip 2, 0x0649) and NOT SERVED: symbol inert — a host write lands in DM and no instruction of the running kernel looks at _comp_det_src_C2_MAIN_OCOMP_04",,0x0649,_comp_det_src_C2_MAIN_OCOMP_04,Subwoofer compressor self-key tap source (PreEQ/PostEQ)
MainSub001CompEqPos001,MainSubCompEqPos,dsp-missing,"addressed (chip 2, 0x064B) and NOT SERVED: symbol inert — a host write lands in DM and no instruction of the running kernel looks at _comp_eq_pos_C2_MAIN_OCOMP_04",,0x064B,_comp_eq_pos_C2_MAIN_OCOMP_04,Subwoofer compressor EQ position (Pre/Post)
MainSub001CompFilterHpf001,MainSubCompFilterHpf,dsp-missing,"addressed (chip 2, 0x064D) and NOT SERVED: symbol inert — a host write lands in DM and no instruction of the running kernel looks at _comp_filter_coeffs_C2_MAIN_OCOMP_04",,0x064D,_comp_filter_coeffs_C2_MAIN_OCOMP_04,Subwoofer compressor sidechain HPF frequency
MainSub001CompFilterLpf001,MainSubCompFilterLpf,dsp-missing,"addressed (chip 2, 0x064D) and NOT SERVED: symbol inert — a host write lands in DM and no instruction of the running kernel looks at _comp_filter_coeffs_C2_MAIN_OCOMP_04",,0x064D,_comp_filter_coeffs_C2_MAIN_OCOMP_04,Subwoofer compressor sidechain LPF frequency
MainSub001CompFilterOn001,MainSubCompFilterOn,dsp-missing,"addressed (chip 2, 0x064C) and NOT SERVED: symbol inert — a host write lands in DM and no instruction of the running kernel looks at _comp_filter_on_C2_MAIN_OCOMP_04",,0x064C,_comp_filter_on_C2_MAIN_OCOMP_04,Subwoofer compressor sidechain filter on/off
MainSub001CompFilterQ001,MainSubCompFilterQ,dsp-missing,"addressed (chip 2, 0x064D) and NOT SERVED: symbol inert — a host write lands in DM and no instruction of the running kernel looks at _comp_filter_coeffs_C2_MAIN_OCOMP_04",,0x064D,_comp_filter_coeffs_C2_MAIN_OCOMP_04,Subwoofer compressor sidechain filter Q
MainSub001CompKey001,MainSubCompKey,dsp-missing,"addressed (chip 2, 0x0648) and NOT SERVED: symbol inert — a host write lands in DM and no instruction of the running kernel looks at _comp_key_src_C2_MAIN_OCOMP_04",,0x0648,_comp_key_src_C2_MAIN_OCOMP_04,Subwoofer compressor sidechain key source
MainSub001CompLimMode001,MainSubCompLimMode,dsp-missing,"addressed (chip 2, 0x064A) and NOT SERVED: symbol inert — a host write lands in DM and no instruction of the running kernel looks at _comp_lim_mode_C2_MAIN_OCOMP_04",,0x064A,_comp_lim_mode_C2_MAIN_OCOMP_04,Subwoofer compressor/limiter mode toggle
MainSub001CompType001,MainSubCompType,dsp-missing,"addressed (chip 2, 0x0647) and NOT SERVED: symbol inert — a host write lands in DM and no instruction of the running kernel looks at _comp_type_C2_MAIN_OCOMP_04",,0x0647,_comp_type_C2_MAIN_OCOMP_04,Subwoofer compressor type (Tube/FET/VCA/Optical)
MainSub001LimiterRng001,MainSubLimiterRng,dsp-missing,"limiter range; the LIMITER node carries On, Thr, Att and Rel and no range word",no-graph-node,,,Subwoofer output limiter range/depth
Chan001AntiClip001,ChanAntiClip,needs-definition,"HELD ON: PW, not ruled — defs: ""Where it sits in the strip (post-fader, before the bus?) and whether it is a limiter or a gain-ride are both PW's, and neither is ruled"" (S25 gate 4). The arithmetic is already in the graph twice over; the DECISION is what is missing.  || per-channel anti-clip — the master calls it ""Auto gain reduction on/off (M&W exclusive)"". No node implements it, and S25 gate 4 says what it would take rather than leaving it at that. The ARITHMETIC is already here twice over: the COMPRESSOR node carries a `lim_mode` parameter and the whole level->gain LUT path (DSP4_DYN_LUT), so a brickwall at a fixed near-full-scale threshold is a table and a multiply this graph already runs 32 times. What is NOT here is the DECISION, and it is the kind that must not be guessed: an anti-clip that reuses the channel compressor fights the desk's own settings, and one that does not is a second dynamics node per strip on the chip whose worst-use row S24 measured at 100.72 %. Where it sits in the strip (post-fader, before the bus?) and whether it is a limiter or a gain-ride are both PW's, and neither is ruled",no-graph-node,,,Auto gain reduction on/off (M&W exclusive)
Chan002AntiClip001,ChanAntiClip,needs-definition,"HELD ON: PW, not ruled — defs: ""Where it sits in the strip (post-fader, before the bus?) and whether it is a limiter or a gain-ride are both PW's, and neither is ruled"" (S25 gate 4). The arithmetic is already in the graph twice over; the DECISION is what is missing.  || per-channel anti-clip — the master calls it ""Auto gain reduction on/off (M&W exclusive)"". No node implements it, and S25 gate 4 says what it would take rather than leaving it at that. The ARITHMETIC is already here twice over: the COMPRESSOR node carries a `lim_mode` parameter and the whole level->gain LUT path (DSP4_DYN_LUT), so a brickwall at a fixed near-full-scale threshold is a table and a multiply this graph already runs 32 times. What is NOT here is the DECISION, and it is the kind that must not be guessed: an anti-clip that reuses the channel compressor fights the desk's own settings, and one that does not is a second dynamics node per strip on the chip whose worst-use row S24 measured at 100.72 %. Where it sits in the strip (post-fader, before the bus?) and whether it is a limiter or a gain-ride are both PW's, and neither is ruled",no-graph-node,,,Auto gain reduction on/off (M&W exclusive)
Chan003AntiClip001,ChanAntiClip,needs-definition,"HELD ON: PW, not ruled — defs: ""Where it sits in the strip (post-fader, before the bus?) and whether it is a limiter or a gain-ride are both PW's, and neither is ruled"" (S25 gate 4). The arithmetic is already in the graph twice over; the DECISION is what is missing.  || per-channel anti-clip — the master calls it ""Auto gain reduction on/off (M&W exclusive)"". No node implements it, and S25 gate 4 says what it would take rather than leaving it at that. The ARITHMETIC is already here twice over: the COMPRESSOR node carries a `lim_mode` parameter and the whole level->gain LUT path (DSP4_DYN_LUT), so a brickwall at a fixed near-full-scale threshold is a table and a multiply this graph already runs 32 times. What is NOT here is the DECISION, and it is the kind that must not be guessed: an anti-clip that reuses the channel compressor fights the desk's own settings, and one that does not is a second dynamics node per strip on the chip whose worst-use row S24 measured at 100.72 %. Where it sits in the strip (post-fader, before the bus?) and whether it is a limiter or a gain-ride are both PW's, and neither is ruled",no-graph-node,,,Auto gain reduction on/off (M&W exclusive)
Chan004AntiClip001,ChanAntiClip,needs-definition,"HELD ON: PW, not ruled — defs: ""Where it sits in the strip (post-fader, before the bus?) and whether it is a limiter or a gain-ride are both PW's, and neither is ruled"" (S25 gate 4). The arithmetic is already in the graph twice over; the DECISION is what is missing.  || per-channel anti-clip — the master calls it ""Auto gain reduction on/off (M&W exclusive)"". No node implements it, and S25 gate 4 says what it would take rather than leaving it at that. The ARITHMETIC is already here twice over: the COMPRESSOR node carries a `lim_mode` parameter and the whole level->gain LUT path (DSP4_DYN_LUT), so a brickwall at a fixed near-full-scale threshold is a table and a multiply this graph already runs 32 times. What is NOT here is the DECISION, and it is the kind that must not be guessed: an anti-clip that reuses the channel compressor fights the desk's own settings, and one that does not is a second dynamics node per strip on the chip whose worst-use row S24 measured at 100.72 %. Where it sits in the strip (post-fader, before the bus?) and whether it is a limiter or a gain-ride are both PW's, and neither is ruled",no-graph-node,,,Auto gain reduction on/off (M&W exclusive)
Chan005AntiClip001,ChanAntiClip,needs-definition,"HELD ON: PW, not ruled — defs: ""Where it sits in the strip (post-fader, before the bus?) and whether it is a limiter or a gain-ride are both PW's, and neither is ruled"" (S25 gate 4). The arithmetic is already in the graph twice over; the DECISION is what is missing.  || per-channel anti-clip — the master calls it ""Auto gain reduction on/off (M&W exclusive)"". No node implements it, and S25 gate 4 says what it would take rather than leaving it at that. The ARITHMETIC is already here twice over: the COMPRESSOR node carries a `lim_mode` parameter and the whole level->gain LUT path (DSP4_DYN_LUT), so a brickwall at a fixed near-full-scale threshold is a table and a multiply this graph already runs 32 times. What is NOT here is the DECISION, and it is the kind that must not be guessed: an anti-clip that reuses the channel compressor fights the desk's own settings, and one that does not is a second dynamics node per strip on the chip whose worst-use row S24 measured at 100.72 %. Where it sits in the strip (post-fader, before the bus?) and whether it is a limiter or a gain-ride are both PW's, and neither is ruled",no-graph-node,,,Auto gain reduction on/off (M&W exclusive)
Chan006AntiClip001,ChanAntiClip,needs-definition,"HELD ON: PW, not ruled — defs: ""Where it sits in the strip (post-fader, before the bus?) and whether it is a limiter or a gain-ride are both PW's, and neither is ruled"" (S25 gate 4). The arithmetic is already in the graph twice over; the DECISION is what is missing.  || per-channel anti-clip — the master calls it ""Auto gain reduction on/off (M&W exclusive)"". No node implements it, and S25 gate 4 says what it would take rather than leaving it at that. The ARITHMETIC is already here twice over: the COMPRESSOR node carries a `lim_mode` parameter and the whole level->gain LUT path (DSP4_DYN_LUT), so a brickwall at a fixed near-full-scale threshold is a table and a multiply this graph already runs 32 times. What is NOT here is the DECISION, and it is the kind that must not be guessed: an anti-clip that reuses the channel compressor fights the desk's own settings, and one that does not is a second dynamics node per strip on the chip whose worst-use row S24 measured at 100.72 %. Where it sits in the strip (post-fader, before the bus?) and whether it is a limiter or a gain-ride are both PW's, and neither is ruled",no-graph-node,,,Auto gain reduction on/off (M&W exclusive)
Chan007AntiClip001,ChanAntiClip,needs-definition,"HELD ON: PW, not ruled — defs: ""Where it sits in the strip (post-fader, before the bus?) and whether it is a limiter or a gain-ride are both PW's, and neither is ruled"" (S25 gate 4). The arithmetic is already in the graph twice over; the DECISION is what is missing.  || per-channel anti-clip — the master calls it ""Auto gain reduction on/off (M&W exclusive)"". No node implements it, and S25 gate 4 says what it would take rather than leaving it at that. The ARITHMETIC is already here twice over: the COMPRESSOR node carries a `lim_mode` parameter and the whole level->gain LUT path (DSP4_DYN_LUT), so a brickwall at a fixed near-full-scale threshold is a table and a multiply this graph already runs 32 times. What is NOT here is the DECISION, and it is the kind that must not be guessed: an anti-clip that reuses the channel compressor fights the desk's own settings, and one that does not is a second dynamics node per strip on the chip whose worst-use row S24 measured at 100.72 %. Where it sits in the strip (post-fader, before the bus?) and whether it is a limiter or a gain-ride are both PW's, and neither is ruled",no-graph-node,,,Auto gain reduction on/off (M&W exclusive)
Chan008AntiClip001,ChanAntiClip,needs-definition,"HELD ON: PW, not ruled — defs: ""Where it sits in the strip (post-fader, before the bus?) and whether it is a limiter or a gain-ride are both PW's, and neither is ruled"" (S25 gate 4). The arithmetic is already in the graph twice over; the DECISION is what is missing.  || per-channel anti-clip — the master calls it ""Auto gain reduction on/off (M&W exclusive)"". No node implements it, and S25 gate 4 says what it would take rather than leaving it at that. The ARITHMETIC is already here twice over: the COMPRESSOR node carries a `lim_mode` parameter and the whole level->gain LUT path (DSP4_DYN_LUT), so a brickwall at a fixed near-full-scale threshold is a table and a multiply this graph already runs 32 times. What is NOT here is the DECISION, and it is the kind that must not be guessed: an anti-clip that reuses the channel compressor fights the desk's own settings, and one that does not is a second dynamics node per strip on the chip whose worst-use row S24 measured at 100.72 %. Where it sits in the strip (post-fader, before the bus?) and whether it is a limiter or a gain-ride are both PW's, and neither is ruled",no-graph-node,,,Auto gain reduction on/off (M&W exclusive)
Chan009AntiClip001,ChanAntiClip,needs-definition,"HELD ON: PW, not ruled — defs: ""Where it sits in the strip (post-fader, before the bus?) and whether it is a limiter or a gain-ride are both PW's, and neither is ruled"" (S25 gate 4). The arithmetic is already in the graph twice over; the DECISION is what is missing.  || per-channel anti-clip — the master calls it ""Auto gain reduction on/off (M&W exclusive)"". No node implements it, and S25 gate 4 says what it would take rather than leaving it at that. The ARITHMETIC is already here twice over: the COMPRESSOR node carries a `lim_mode` parameter and the whole level->gain LUT path (DSP4_DYN_LUT), so a brickwall at a fixed near-full-scale threshold is a table and a multiply this graph already runs 32 times. What is NOT here is the DECISION, and it is the kind that must not be guessed: an anti-clip that reuses the channel compressor fights the desk's own settings, and one that does not is a second dynamics node per strip on the chip whose worst-use row S24 measured at 100.72 %. Where it sits in the strip (post-fader, before the bus?) and whether it is a limiter or a gain-ride are both PW's, and neither is ruled",no-graph-node,,,Auto gain reduction on/off (M&W exclusive)
Chan010AntiClip001,ChanAntiClip,needs-definition,"HELD ON: PW, not ruled — defs: ""Where it sits in the strip (post-fader, before the bus?) and whether it is a limiter or a gain-ride are both PW's, and neither is ruled"" (S25 gate 4). The arithmetic is already in the graph twice over; the DECISION is what is missing.  || per-channel anti-clip — the master calls it ""Auto gain reduction on/off (M&W exclusive)"". No node implements it, and S25 gate 4 says what it would take rather than leaving it at that. The ARITHMETIC is already here twice over: the COMPRESSOR node carries a `lim_mode` parameter and the whole level->gain LUT path (DSP4_DYN_LUT), so a brickwall at a fixed near-full-scale threshold is a table and a multiply this graph already runs 32 times. What is NOT here is the DECISION, and it is the kind that must not be guessed: an anti-clip that reuses the channel compressor fights the desk's own settings, and one that does not is a second dynamics node per strip on the chip whose worst-use row S24 measured at 100.72 %. Where it sits in the strip (post-fader, before the bus?) and whether it is a limiter or a gain-ride are both PW's, and neither is ruled",no-graph-node,,,Auto gain reduction on/off (M&W exclusive)
Chan011AntiClip001,ChanAntiClip,needs-definition,"HELD ON: PW, not ruled — defs: ""Where it sits in the strip (post-fader, before the bus?) and whether it is a limiter or a gain-ride are both PW's, and neither is ruled"" (S25 gate 4). The arithmetic is already in the graph twice over; the DECISION is what is missing.  || per-channel anti-clip — the master calls it ""Auto gain reduction on/off (M&W exclusive)"". No node implements it, and S25 gate 4 says what it would take rather than leaving it at that. The ARITHMETIC is already here twice over: the COMPRESSOR node carries a `lim_mode` parameter and the whole level->gain LUT path (DSP4_DYN_LUT), so a brickwall at a fixed near-full-scale threshold is a table and a multiply this graph already runs 32 times. What is NOT here is the DECISION, and it is the kind that must not be guessed: an anti-clip that reuses the channel compressor fights the desk's own settings, and one that does not is a second dynamics node per strip on the chip whose worst-use row S24 measured at 100.72 %. Where it sits in the strip (post-fader, before the bus?) and whether it is a limiter or a gain-ride are both PW's, and neither is ruled",no-graph-node,,,Auto gain reduction on/off (M&W exclusive)
Chan012AntiClip001,ChanAntiClip,needs-definition,"HELD ON: PW, not ruled — defs: ""Where it sits in the strip (post-fader, before the bus?) and whether it is a limiter or a gain-ride are both PW's, and neither is ruled"" (S25 gate 4). The arithmetic is already in the graph twice over; the DECISION is what is missing.  || per-channel anti-clip — the master calls it ""Auto gain reduction on/off (M&W exclusive)"". No node implements it, and S25 gate 4 says what it would take rather than leaving it at that. The ARITHMETIC is already here twice over: the COMPRESSOR node carries a `lim_mode` parameter and the whole level->gain LUT path (DSP4_DYN_LUT), so a brickwall at a fixed near-full-scale threshold is a table and a multiply this graph already runs 32 times. What is NOT here is the DECISION, and it is the kind that must not be guessed: an anti-clip that reuses the channel compressor fights the desk's own settings, and one that does not is a second dynamics node per strip on the chip whose worst-use row S24 measured at 100.72 %. Where it sits in the strip (post-fader, before the bus?) and whether it is a limiter or a gain-ride are both PW's, and neither is ruled",no-graph-node,,,Auto gain reduction on/off (M&W exclusive)
Chan013AntiClip001,ChanAntiClip,needs-definition,"HELD ON: PW, not ruled — defs: ""Where it sits in the strip (post-fader, before the bus?) and whether it is a limiter or a gain-ride are both PW's, and neither is ruled"" (S25 gate 4). The arithmetic is already in the graph twice over; the DECISION is what is missing.  || per-channel anti-clip — the master calls it ""Auto gain reduction on/off (M&W exclusive)"". No node implements it, and S25 gate 4 says what it would take rather than leaving it at that. The ARITHMETIC is already here twice over: the COMPRESSOR node carries a `lim_mode` parameter and the whole level->gain LUT path (DSP4_DYN_LUT), so a brickwall at a fixed near-full-scale threshold is a table and a multiply this graph already runs 32 times. What is NOT here is the DECISION, and it is the kind that must not be guessed: an anti-clip that reuses the channel compressor fights the desk's own settings, and one that does not is a second dynamics node per strip on the chip whose worst-use row S24 measured at 100.72 %. Where it sits in the strip (post-fader, before the bus?) and whether it is a limiter or a gain-ride are both PW's, and neither is ruled",no-graph-node,,,Auto gain reduction on/off (M&W exclusive)
Chan014AntiClip001,ChanAntiClip,needs-definition,"HELD ON: PW, not ruled — defs: ""Where it sits in the strip (post-fader, before the bus?) and whether it is a limiter or a gain-ride are both PW's, and neither is ruled"" (S25 gate 4). The arithmetic is already in the graph twice over; the DECISION is what is missing.  || per-channel anti-clip — the master calls it ""Auto gain reduction on/off (M&W exclusive)"". No node implements it, and S25 gate 4 says what it would take rather than leaving it at that. The ARITHMETIC is already here twice over: the COMPRESSOR node carries a `lim_mode` parameter and the whole level->gain LUT path (DSP4_DYN_LUT), so a brickwall at a fixed near-full-scale threshold is a table and a multiply this graph already runs 32 times. What is NOT here is the DECISION, and it is the kind that must not be guessed: an anti-clip that reuses the channel compressor fights the desk's own settings, and one that does not is a second dynamics node per strip on the chip whose worst-use row S24 measured at 100.72 %. Where it sits in the strip (post-fader, before the bus?) and whether it is a limiter or a gain-ride are both PW's, and neither is ruled",no-graph-node,,,Auto gain reduction on/off (M&W exclusive)
Chan015AntiClip001,ChanAntiClip,needs-definition,"HELD ON: PW, not ruled — defs: ""Where it sits in the strip (post-fader, before the bus?) and whether it is a limiter or a gain-ride are both PW's, and neither is ruled"" (S25 gate 4). The arithmetic is already in the graph twice over; the DECISION is what is missing.  || per-channel anti-clip — the master calls it ""Auto gain reduction on/off (M&W exclusive)"". No node implements it, and S25 gate 4 says what it would take rather than leaving it at that. The ARITHMETIC is already here twice over: the COMPRESSOR node carries a `lim_mode` parameter and the whole level->gain LUT path (DSP4_DYN_LUT), so a brickwall at a fixed near-full-scale threshold is a table and a multiply this graph already runs 32 times. What is NOT here is the DECISION, and it is the kind that must not be guessed: an anti-clip that reuses the channel compressor fights the desk's own settings, and one that does not is a second dynamics node per strip on the chip whose worst-use row S24 measured at 100.72 %. Where it sits in the strip (post-fader, before the bus?) and whether it is a limiter or a gain-ride are both PW's, and neither is ruled",no-graph-node,,,Auto gain reduction on/off (M&W exclusive)
Chan016AntiClip001,ChanAntiClip,needs-definition,"HELD ON: PW, not ruled — defs: ""Where it sits in the strip (post-fader, before the bus?) and whether it is a limiter or a gain-ride are both PW's, and neither is ruled"" (S25 gate 4). The arithmetic is already in the graph twice over; the DECISION is what is missing.  || per-channel anti-clip — the master calls it ""Auto gain reduction on/off (M&W exclusive)"". No node implements it, and S25 gate 4 says what it would take rather than leaving it at that. The ARITHMETIC is already here twice over: the COMPRESSOR node carries a `lim_mode` parameter and the whole level->gain LUT path (DSP4_DYN_LUT), so a brickwall at a fixed near-full-scale threshold is a table and a multiply this graph already runs 32 times. What is NOT here is the DECISION, and it is the kind that must not be guessed: an anti-clip that reuses the channel compressor fights the desk's own settings, and one that does not is a second dynamics node per strip on the chip whose worst-use row S24 measured at 100.72 %. Where it sits in the strip (post-fader, before the bus?) and whether it is a limiter or a gain-ride are both PW's, and neither is ruled",no-graph-node,,,Auto gain reduction on/off (M&W exclusive)
Chan017AntiClip001,ChanAntiClip,needs-definition,"HELD ON: PW, not ruled — defs: ""Where it sits in the strip (post-fader, before the bus?) and whether it is a limiter or a gain-ride are both PW's, and neither is ruled"" (S25 gate 4). The arithmetic is already in the graph twice over; the DECISION is what is missing.  || per-channel anti-clip — the master calls it ""Auto gain reduction on/off (M&W exclusive)"". No node implements it, and S25 gate 4 says what it would take rather than leaving it at that. The ARITHMETIC is already here twice over: the COMPRESSOR node carries a `lim_mode` parameter and the whole level->gain LUT path (DSP4_DYN_LUT), so a brickwall at a fixed near-full-scale threshold is a table and a multiply this graph already runs 32 times. What is NOT here is the DECISION, and it is the kind that must not be guessed: an anti-clip that reuses the channel compressor fights the desk's own settings, and one that does not is a second dynamics node per strip on the chip whose worst-use row S24 measured at 100.72 %. Where it sits in the strip (post-fader, before the bus?) and whether it is a limiter or a gain-ride are both PW's, and neither is ruled",no-graph-node,,,Auto gain reduction on/off (M&W exclusive)
Chan018AntiClip001,ChanAntiClip,needs-definition,"HELD ON: PW, not ruled — defs: ""Where it sits in the strip (post-fader, before the bus?) and whether it is a limiter or a gain-ride are both PW's, and neither is ruled"" (S25 gate 4). The arithmetic is already in the graph twice over; the DECISION is what is missing.  || per-channel anti-clip — the master calls it ""Auto gain reduction on/off (M&W exclusive)"". No node implements it, and S25 gate 4 says what it would take rather than leaving it at that. The ARITHMETIC is already here twice over: the COMPRESSOR node carries a `lim_mode` parameter and the whole level->gain LUT path (DSP4_DYN_LUT), so a brickwall at a fixed near-full-scale threshold is a table and a multiply this graph already runs 32 times. What is NOT here is the DECISION, and it is the kind that must not be guessed: an anti-clip that reuses the channel compressor fights the desk's own settings, and one that does not is a second dynamics node per strip on the chip whose worst-use row S24 measured at 100.72 %. Where it sits in the strip (post-fader, before the bus?) and whether it is a limiter or a gain-ride are both PW's, and neither is ruled",no-graph-node,,,Auto gain reduction on/off (M&W exclusive)
Chan019AntiClip001,ChanAntiClip,needs-definition,"HELD ON: PW, not ruled — defs: ""Where it sits in the strip (post-fader, before the bus?) and whether it is a limiter or a gain-ride are both PW's, and neither is ruled"" (S25 gate 4). The arithmetic is already in the graph twice over; the DECISION is what is missing.  || per-channel anti-clip — the master calls it ""Auto gain reduction on/off (M&W exclusive)"". No node implements it, and S25 gate 4 says what it would take rather than leaving it at that. The ARITHMETIC is already here twice over: the COMPRESSOR node carries a `lim_mode` parameter and the whole level->gain LUT path (DSP4_DYN_LUT), so a brickwall at a fixed near-full-scale threshold is a table and a multiply this graph already runs 32 times. What is NOT here is the DECISION, and it is the kind that must not be guessed: an anti-clip that reuses the channel compressor fights the desk's own settings, and one that does not is a second dynamics node per strip on the chip whose worst-use row S24 measured at 100.72 %. Where it sits in the strip (post-fader, before the bus?) and whether it is a limiter or a gain-ride are both PW's, and neither is ruled",no-graph-node,,,Auto gain reduction on/off (M&W exclusive)
Chan020AntiClip001,ChanAntiClip,needs-definition,"HELD ON: PW, not ruled — defs: ""Where it sits in the strip (post-fader, before the bus?) and whether it is a limiter or a gain-ride are both PW's, and neither is ruled"" (S25 gate 4). The arithmetic is already in the graph twice over; the DECISION is what is missing.  || per-channel anti-clip — the master calls it ""Auto gain reduction on/off (M&W exclusive)"". No node implements it, and S25 gate 4 says what it would take rather than leaving it at that. The ARITHMETIC is already here twice over: the COMPRESSOR node carries a `lim_mode` parameter and the whole level->gain LUT path (DSP4_DYN_LUT), so a brickwall at a fixed near-full-scale threshold is a table and a multiply this graph already runs 32 times. What is NOT here is the DECISION, and it is the kind that must not be guessed: an anti-clip that reuses the channel compressor fights the desk's own settings, and one that does not is a second dynamics node per strip on the chip whose worst-use row S24 measured at 100.72 %. Where it sits in the strip (post-fader, before the bus?) and whether it is a limiter or a gain-ride are both PW's, and neither is ruled",no-graph-node,,,Auto gain reduction on/off (M&W exclusive)
Chan021AntiClip001,ChanAntiClip,needs-definition,"HELD ON: PW, not ruled — defs: ""Where it sits in the strip (post-fader, before the bus?) and whether it is a limiter or a gain-ride are both PW's, and neither is ruled"" (S25 gate 4). The arithmetic is already in the graph twice over; the DECISION is what is missing.  || per-channel anti-clip — the master calls it ""Auto gain reduction on/off (M&W exclusive)"". No node implements it, and S25 gate 4 says what it would take rather than leaving it at that. The ARITHMETIC is already here twice over: the COMPRESSOR node carries a `lim_mode` parameter and the whole level->gain LUT path (DSP4_DYN_LUT), so a brickwall at a fixed near-full-scale threshold is a table and a multiply this graph already runs 32 times. What is NOT here is the DECISION, and it is the kind that must not be guessed: an anti-clip that reuses the channel compressor fights the desk's own settings, and one that does not is a second dynamics node per strip on the chip whose worst-use row S24 measured at 100.72 %. Where it sits in the strip (post-fader, before the bus?) and whether it is a limiter or a gain-ride are both PW's, and neither is ruled",no-graph-node,,,Auto gain reduction on/off (M&W exclusive)
Chan022AntiClip001,ChanAntiClip,needs-definition,"HELD ON: PW, not ruled — defs: ""Where it sits in the strip (post-fader, before the bus?) and whether it is a limiter or a gain-ride are both PW's, and neither is ruled"" (S25 gate 4). The arithmetic is already in the graph twice over; the DECISION is what is missing.  || per-channel anti-clip — the master calls it ""Auto gain reduction on/off (M&W exclusive)"". No node implements it, and S25 gate 4 says what it would take rather than leaving it at that. The ARITHMETIC is already here twice over: the COMPRESSOR node carries a `lim_mode` parameter and the whole level->gain LUT path (DSP4_DYN_LUT), so a brickwall at a fixed near-full-scale threshold is a table and a multiply this graph already runs 32 times. What is NOT here is the DECISION, and it is the kind that must not be guessed: an anti-clip that reuses the channel compressor fights the desk's own settings, and one that does not is a second dynamics node per strip on the chip whose worst-use row S24 measured at 100.72 %. Where it sits in the strip (post-fader, before the bus?) and whether it is a limiter or a gain-ride are both PW's, and neither is ruled",no-graph-node,,,Auto gain reduction on/off (M&W exclusive)
Chan023AntiClip001,ChanAntiClip,needs-definition,"HELD ON: PW, not ruled — defs: ""Where it sits in the strip (post-fader, before the bus?) and whether it is a limiter or a gain-ride are both PW's, and neither is ruled"" (S25 gate 4). The arithmetic is already in the graph twice over; the DECISION is what is missing.  || per-channel anti-clip — the master calls it ""Auto gain reduction on/off (M&W exclusive)"". No node implements it, and S25 gate 4 says what it would take rather than leaving it at that. The ARITHMETIC is already here twice over: the COMPRESSOR node carries a `lim_mode` parameter and the whole level->gain LUT path (DSP4_DYN_LUT), so a brickwall at a fixed near-full-scale threshold is a table and a multiply this graph already runs 32 times. What is NOT here is the DECISION, and it is the kind that must not be guessed: an anti-clip that reuses the channel compressor fights the desk's own settings, and one that does not is a second dynamics node per strip on the chip whose worst-use row S24 measured at 100.72 %. Where it sits in the strip (post-fader, before the bus?) and whether it is a limiter or a gain-ride are both PW's, and neither is ruled",no-graph-node,,,Auto gain reduction on/off (M&W exclusive)
Chan024AntiClip001,ChanAntiClip,needs-definition,"HELD ON: PW, not ruled — defs: ""Where it sits in the strip (post-fader, before the bus?) and whether it is a limiter or a gain-ride are both PW's, and neither is ruled"" (S25 gate 4). The arithmetic is already in the graph twice over; the DECISION is what is missing.  || per-channel anti-clip — the master calls it ""Auto gain reduction on/off (M&W exclusive)"". No node implements it, and S25 gate 4 says what it would take rather than leaving it at that. The ARITHMETIC is already here twice over: the COMPRESSOR node carries a `lim_mode` parameter and the whole level->gain LUT path (DSP4_DYN_LUT), so a brickwall at a fixed near-full-scale threshold is a table and a multiply this graph already runs 32 times. What is NOT here is the DECISION, and it is the kind that must not be guessed: an anti-clip that reuses the channel compressor fights the desk's own settings, and one that does not is a second dynamics node per strip on the chip whose worst-use row S24 measured at 100.72 %. Where it sits in the strip (post-fader, before the bus?) and whether it is a limiter or a gain-ride are both PW's, and neither is ruled",no-graph-node,,,Auto gain reduction on/off (M&W exclusive)
MainCtr001Delay001,MainCtrDelay,needs-definition,"HELD ON: PW — defs: the 250 ms the master asks for is 48,000 bytes of chip-2 L2 per output, 192,000 for all four, ""It FITS and it is still PW's call"" (S24).  || post-crossover output chain MainCtr has EQ + COMP + LIM + OUTPUT_TDM and no delay line. Level and Mute are built (S24); Delay is not, and the reason is memory rather than cells: the master asks for 250 ms, which is 12,000 words = 48,000 bytes of chip-2 L2 per output, 192,000 for all four against 378,464 free on the S24 candidate (51%). It FITS and it is still PW's call, because it is half the delay headroom left on a chip whose worst-use row already overruns — measured, S24",no-graph-node,,,Center output delay up to 250ms
MainCtr001PeqGain001,MainCtrPeqGain,needs-definition,S1-2: PeqGain is a definition again at defs-v2026.09.08 (def key main.geq); no node carries a parametric gain bank — Q7,s1-2-no-behaviour,,,Center output 28-band graphic EQ gain
MainCtr001PeqGain002,MainCtrPeqGain,needs-definition,S1-2: PeqGain is a definition again at defs-v2026.09.08 (def key main.geq); no node carries a parametric gain bank — Q7,s1-2-no-behaviour,,,Center output 28-band graphic EQ gain
MainCtr001PeqGain003,MainCtrPeqGain,needs-definition,S1-2: PeqGain is a definition again at defs-v2026.09.08 (def key main.geq); no node carries a parametric gain bank — Q7,s1-2-no-behaviour,,,Center output 28-band graphic EQ gain
MainCtr001PeqGain004,MainCtrPeqGain,needs-definition,S1-2: PeqGain is a definition again at defs-v2026.09.08 (def key main.geq); no node carries a parametric gain bank — Q7,s1-2-no-behaviour,,,Center output 28-band graphic EQ gain
MainCtr001PeqGain005,MainCtrPeqGain,needs-definition,S1-2: PeqGain is a definition again at defs-v2026.09.08 (def key main.geq); no node carries a parametric gain bank — Q7,s1-2-no-behaviour,,,Center output 28-band graphic EQ gain
MainCtr001PeqGain006,MainCtrPeqGain,needs-definition,S1-2: PeqGain is a definition again at defs-v2026.09.08 (def key main.geq); no node carries a parametric gain bank — Q7,s1-2-no-behaviour,,,Center output 28-band graphic EQ gain
MainCtr001PeqGain007,MainCtrPeqGain,needs-definition,S1-2: PeqGain is a definition again at defs-v2026.09.08 (def key main.geq); no node carries a parametric gain bank — Q7,s1-2-no-behaviour,,,Center output 28-band graphic EQ gain
MainCtr001PeqGain008,MainCtrPeqGain,needs-definition,S1-2: PeqGain is a definition again at defs-v2026.09.08 (def key main.geq); no node carries a parametric gain bank — Q7,s1-2-no-behaviour,,,Center output 28-band graphic EQ gain
MainCtr001PeqGain009,MainCtrPeqGain,needs-definition,S1-2: PeqGain is a definition again at defs-v2026.09.08 (def key main.geq); no node carries a parametric gain bank — Q7,s1-2-no-behaviour,,,Center output 28-band graphic EQ gain
MainCtr001PeqGain010,MainCtrPeqGain,needs-definition,S1-2: PeqGain is a definition again at defs-v2026.09.08 (def key main.geq); no node carries a parametric gain bank — Q7,s1-2-no-behaviour,,,Center output 28-band graphic EQ gain
MainCtr001PeqGain011,MainCtrPeqGain,needs-definition,S1-2: PeqGain is a definition again at defs-v2026.09.08 (def key main.geq); no node carries a parametric gain bank — Q7,s1-2-no-behaviour,,,Center output 28-band graphic EQ gain
MainCtr001PeqGain012,MainCtrPeqGain,needs-definition,S1-2: PeqGain is a definition again at defs-v2026.09.08 (def key main.geq); no node carries a parametric gain bank — Q7,s1-2-no-behaviour,,,Center output 28-band graphic EQ gain
MainL001Delay001,MainLDelay,needs-definition,"HELD ON: PW — see MainCtrDelay: one of the four post-crossover output delays held on the same memory ruling (S24).  || post-crossover output chain MainL has EQ + COMP + LIM + OUTPUT_TDM and no delay line. Level and Mute are built (S24); Delay is not, and the reason is memory rather than cells: the master asks for 250 ms, which is 12,000 words = 48,000 bytes of chip-2 L2 per output, 192,000 for all four against 378,464 free on the S24 candidate (51%). It FITS and it is still PW's call, because it is half the delay headroom left on a chip whose worst-use row already overruns — measured, S24",no-graph-node,,,Main L output delay up to 250ms
MainL001PeqGain001,MainLPeqGain,needs-definition,S1-2: PeqGain is a definition again at defs-v2026.09.08 (def key main.geq); no node carries a parametric gain bank — Q7,s1-2-no-behaviour,,,Main L output 28-band graphic EQ gain
MainL001PeqGain002,MainLPeqGain,needs-definition,S1-2: PeqGain is a definition again at defs-v2026.09.08 (def key main.geq); no node carries a parametric gain bank — Q7,s1-2-no-behaviour,,,Main L output 28-band graphic EQ gain
MainL001PeqGain003,MainLPeqGain,needs-definition,S1-2: PeqGain is a definition again at defs-v2026.09.08 (def key main.geq); no node carries a parametric gain bank — Q7,s1-2-no-behaviour,,,Main L output 28-band graphic EQ gain
MainL001PeqGain004,MainLPeqGain,needs-definition,S1-2: PeqGain is a definition again at defs-v2026.09.08 (def key main.geq); no node carries a parametric gain bank — Q7,s1-2-no-behaviour,,,Main L output 28-band graphic EQ gain
MainL001PeqGain005,MainLPeqGain,needs-definition,S1-2: PeqGain is a definition again at defs-v2026.09.08 (def key main.geq); no node carries a parametric gain bank — Q7,s1-2-no-behaviour,,,Main L output 28-band graphic EQ gain
MainL001PeqGain006,MainLPeqGain,needs-definition,S1-2: PeqGain is a definition again at defs-v2026.09.08 (def key main.geq); no node carries a parametric gain bank — Q7,s1-2-no-behaviour,,,Main L output 28-band graphic EQ gain
MainL001PeqGain007,MainLPeqGain,needs-definition,S1-2: PeqGain is a definition again at defs-v2026.09.08 (def key main.geq); no node carries a parametric gain bank — Q7,s1-2-no-behaviour,,,Main L output 28-band graphic EQ gain
MainL001PeqGain008,MainLPeqGain,needs-definition,S1-2: PeqGain is a definition again at defs-v2026.09.08 (def key main.geq); no node carries a parametric gain bank — Q7,s1-2-no-behaviour,,,Main L output 28-band graphic EQ gain
MainL001PeqGain009,MainLPeqGain,needs-definition,S1-2: PeqGain is a definition again at defs-v2026.09.08 (def key main.geq); no node carries a parametric gain bank — Q7,s1-2-no-behaviour,,,Main L output 28-band graphic EQ gain
MainL001PeqGain010,MainLPeqGain,needs-definition,S1-2: PeqGain is a definition again at defs-v2026.09.08 (def key main.geq); no node carries a parametric gain bank — Q7,s1-2-no-behaviour,,,Main L output 28-band graphic EQ gain
MainL001PeqGain011,MainLPeqGain,needs-definition,S1-2: PeqGain is a definition again at defs-v2026.09.08 (def key main.geq); no node carries a parametric gain bank — Q7,s1-2-no-behaviour,,,Main L output 28-band graphic EQ gain
MainL001PeqGain012,MainLPeqGain,needs-definition,S1-2: PeqGain is a definition again at defs-v2026.09.08 (def key main.geq); no node carries a parametric gain bank — Q7,s1-2-no-behaviour,,,Main L output 28-band graphic EQ gain
Main001Out3Mode001,MainOutMode,needs-definition,"HELD ON: open question Q2 — defs: ""C2_MAIN_XOVER feeds all four outputs unconditionally and no word selects output 3's source"". Which source output 3 carries is the LCR product question itself.  || D24 centre-output mode (def key main.ctr); C2_MAIN_XOVER feeds all four outputs unconditionally and no word selects output 3's source — open question Q2",no-graph-node,,,Physical main output 3 carries MainCtr or MainSub (0=center 1=subwoofer)
MainR001Delay001,MainRDelay,needs-definition,"HELD ON: PW — see MainCtrDelay: one of the four post-crossover output delays held on the same memory ruling (S24).  || post-crossover output chain MainR has EQ + COMP + LIM + OUTPUT_TDM and no delay line. Level and Mute are built (S24); Delay is not, and the reason is memory rather than cells: the master asks for 250 ms, which is 12,000 words = 48,000 bytes of chip-2 L2 per output, 192,000 for all four against 378,464 free on the S24 candidate (51%). It FITS and it is still PW's call, because it is half the delay headroom left on a chip whose worst-use row already overruns — measured, S24",no-graph-node,,,Main R output delay up to 250ms
MainR001PeqGain001,MainRPeqGain,needs-definition,S1-2: PeqGain is a definition again at defs-v2026.09.08 (def key main.geq); no node carries a parametric gain bank — Q7,s1-2-no-behaviour,,,Main R output 28-band graphic EQ gain
MainR001PeqGain002,MainRPeqGain,needs-definition,S1-2: PeqGain is a definition again at defs-v2026.09.08 (def key main.geq); no node carries a parametric gain bank — Q7,s1-2-no-behaviour,,,Main R output 28-band graphic EQ gain
MainR001PeqGain003,MainRPeqGain,needs-definition,S1-2: PeqGain is a definition again at defs-v2026.09.08 (def key main.geq); no node carries a parametric gain bank — Q7,s1-2-no-behaviour,,,Main R output 28-band graphic EQ gain
MainR001PeqGain004,MainRPeqGain,needs-definition,S1-2: PeqGain is a definition again at defs-v2026.09.08 (def key main.geq); no node carries a parametric gain bank — Q7,s1-2-no-behaviour,,,Main R output 28-band graphic EQ gain
MainR001PeqGain005,MainRPeqGain,needs-definition,S1-2: PeqGain is a definition again at defs-v2026.09.08 (def key main.geq); no node carries a parametric gain bank — Q7,s1-2-no-behaviour,,,Main R output 28-band graphic EQ gain
MainR001PeqGain006,MainRPeqGain,needs-definition,S1-2: PeqGain is a definition again at defs-v2026.09.08 (def key main.geq); no node carries a parametric gain bank — Q7,s1-2-no-behaviour,,,Main R output 28-band graphic EQ gain
MainR001PeqGain007,MainRPeqGain,needs-definition,S1-2: PeqGain is a definition again at defs-v2026.09.08 (def key main.geq); no node carries a parametric gain bank — Q7,s1-2-no-behaviour,,,Main R output 28-band graphic EQ gain
MainR001PeqGain008,MainRPeqGain,needs-definition,S1-2: PeqGain is a definition again at defs-v2026.09.08 (def key main.geq); no node carries a parametric gain bank — Q7,s1-2-no-behaviour,,,Main R output 28-band graphic EQ gain
MainR001PeqGain009,MainRPeqGain,needs-definition,S1-2: PeqGain is a definition again at defs-v2026.09.08 (def key main.geq); no node carries a parametric gain bank — Q7,s1-2-no-behaviour,,,Main R output 28-band graphic EQ gain
MainR001PeqGain010,MainRPeqGain,needs-definition,S1-2: PeqGain is a definition again at defs-v2026.09.08 (def key main.geq); no node carries a parametric gain bank — Q7,s1-2-no-behaviour,,,Main R output 28-band graphic EQ gain
MainR001PeqGain011,MainRPeqGain,needs-definition,S1-2: PeqGain is a definition again at defs-v2026.09.08 (def key main.geq); no node carries a parametric gain bank — Q7,s1-2-no-behaviour,,,Main R output 28-band graphic EQ gain
MainR001PeqGain012,MainRPeqGain,needs-definition,S1-2: PeqGain is a definition again at defs-v2026.09.08 (def key main.geq); no node carries a parametric gain bank — Q7,s1-2-no-behaviour,,,Main R output 28-band graphic EQ gain
MainSub001Delay001,MainSubDelay,needs-definition,"HELD ON: PW — see MainCtrDelay: one of the four post-crossover output delays held on the same memory ruling (S24).  || post-crossover output chain MainSub has EQ + COMP + LIM + OUTPUT_TDM and no delay line. Level and Mute are built (S24); Delay is not, and the reason is memory rather than cells: the master asks for 250 ms, which is 12,000 words = 48,000 bytes of chip-2 L2 per output, 192,000 for all four against 378,464 free on the S24 candidate (51%). It FITS and it is still PW's call, because it is half the delay headroom left on a chip whose worst-use row already overruns — measured, S24",no-graph-node,,,Subwoofer output delay up to 250ms
Noise001Dest001,NoiseDest,needs-definition,"HELD ON: PW 2026-09-06 — defs, via d24-skin-cell-map.csv menu5/6 and menu5/8: ""Rtg retired from all cells — Noise assign needs a NEW function definition in the master; never reuse Rtg"". The Dest cells are not the vehicle the product is waiting for.  || generator destination, and the deficiency is a FAN-OUT and not an address (S25 gate 4). `C1_NOISE` has an EMPTY outputs column: the generator runs, and its signal reaches no bus, no crosspoint and no output. Giving these ten cells addresses would give the host ten words nothing reads, which is worse than leaving them named here. What they need is ten crosspoints out of the node into named buses, and WHICH ten is a product question the master does not answer — it says only ""aux/main outputs"". Priced by construction against the measured fabric: a live crosspoint on a bus that already carries signal is below this instrument's resolution (S24: five more on a bus cost < 0.1 points), so the cost is the ten SPI words, the fan-out code and nothing measurable in cycles. S26 WENT TO BUILD THEM AND DID NOT, and for this family the blocker is a ruling rather than a gap: d24-skin-cell-map.csv rows menu5/6 and menu5/8 record PW 2026-09-06 — ""Rtg retired from all cells — Noise assign needs a NEW function definition in the master; never reuse Rtg"" — and carry no cell at all for the noise assign. So these ten Dest cells are not the vehicle the product is waiting for, and giving them a fan-out would build against a definition PW has already said must be replaced",no-graph-node,,,Noise routing to aux/main outputs
Noise001Dest002,NoiseDest,needs-definition,"HELD ON: PW 2026-09-06 — defs, via d24-skin-cell-map.csv menu5/6 and menu5/8: ""Rtg retired from all cells — Noise assign needs a NEW function definition in the master; never reuse Rtg"". The Dest cells are not the vehicle the product is waiting for.  || generator destination, and the deficiency is a FAN-OUT and not an address (S25 gate 4). `C1_NOISE` has an EMPTY outputs column: the generator runs, and its signal reaches no bus, no crosspoint and no output. Giving these ten cells addresses would give the host ten words nothing reads, which is worse than leaving them named here. What they need is ten crosspoints out of the node into named buses, and WHICH ten is a product question the master does not answer — it says only ""aux/main outputs"". Priced by construction against the measured fabric: a live crosspoint on a bus that already carries signal is below this instrument's resolution (S24: five more on a bus cost < 0.1 points), so the cost is the ten SPI words, the fan-out code and nothing measurable in cycles. S26 WENT TO BUILD THEM AND DID NOT, and for this family the blocker is a ruling rather than a gap: d24-skin-cell-map.csv rows menu5/6 and menu5/8 record PW 2026-09-06 — ""Rtg retired from all cells — Noise assign needs a NEW function definition in the master; never reuse Rtg"" — and carry no cell at all for the noise assign. So these ten Dest cells are not the vehicle the product is waiting for, and giving them a fan-out would build against a definition PW has already said must be replaced",no-graph-node,,,Noise routing to aux/main outputs
Noise001Dest003,NoiseDest,needs-definition,"HELD ON: PW 2026-09-06 — defs, via d24-skin-cell-map.csv menu5/6 and menu5/8: ""Rtg retired from all cells — Noise assign needs a NEW function definition in the master; never reuse Rtg"". The Dest cells are not the vehicle the product is waiting for.  || generator destination, and the deficiency is a FAN-OUT and not an address (S25 gate 4). `C1_NOISE` has an EMPTY outputs column: the generator runs, and its signal reaches no bus, no crosspoint and no output. Giving these ten cells addresses would give the host ten words nothing reads, which is worse than leaving them named here. What they need is ten crosspoints out of the node into named buses, and WHICH ten is a product question the master does not answer — it says only ""aux/main outputs"". Priced by construction against the measured fabric: a live crosspoint on a bus that already carries signal is below this instrument's resolution (S24: five more on a bus cost < 0.1 points), so the cost is the ten SPI words, the fan-out code and nothing measurable in cycles. S26 WENT TO BUILD THEM AND DID NOT, and for this family the blocker is a ruling rather than a gap: d24-skin-cell-map.csv rows menu5/6 and menu5/8 record PW 2026-09-06 — ""Rtg retired from all cells — Noise assign needs a NEW function definition in the master; never reuse Rtg"" — and carry no cell at all for the noise assign. So these ten Dest cells are not the vehicle the product is waiting for, and giving them a fan-out would build against a definition PW has already said must be replaced",no-graph-node,,,Noise routing to aux/main outputs
Noise001Dest004,NoiseDest,needs-definition,"HELD ON: PW 2026-09-06 — defs, via d24-skin-cell-map.csv menu5/6 and menu5/8: ""Rtg retired from all cells — Noise assign needs a NEW function definition in the master; never reuse Rtg"". The Dest cells are not the vehicle the product is waiting for.  || generator destination, and the deficiency is a FAN-OUT and not an address (S25 gate 4). `C1_NOISE` has an EMPTY outputs column: the generator runs, and its signal reaches no bus, no crosspoint and no output. Giving these ten cells addresses would give the host ten words nothing reads, which is worse than leaving them named here. What they need is ten crosspoints out of the node into named buses, and WHICH ten is a product question the master does not answer — it says only ""aux/main outputs"". Priced by construction against the measured fabric: a live crosspoint on a bus that already carries signal is below this instrument's resolution (S24: five more on a bus cost < 0.1 points), so the cost is the ten SPI words, the fan-out code and nothing measurable in cycles. S26 WENT TO BUILD THEM AND DID NOT, and for this family the blocker is a ruling rather than a gap: d24-skin-cell-map.csv rows menu5/6 and menu5/8 record PW 2026-09-06 — ""Rtg retired from all cells — Noise assign needs a NEW function definition in the master; never reuse Rtg"" — and carry no cell at all for the noise assign. So these ten Dest cells are not the vehicle the product is waiting for, and giving them a fan-out would build against a definition PW has already said must be replaced",no-graph-node,,,Noise routing to aux/main outputs
Noise001Dest005,NoiseDest,needs-definition,"HELD ON: PW 2026-09-06 — defs, via d24-skin-cell-map.csv menu5/6 and menu5/8: ""Rtg retired from all cells — Noise assign needs a NEW function definition in the master; never reuse Rtg"". The Dest cells are not the vehicle the product is waiting for.  || generator destination, and the deficiency is a FAN-OUT and not an address (S25 gate 4). `C1_NOISE` has an EMPTY outputs column: the generator runs, and its signal reaches no bus, no crosspoint and no output. Giving these ten cells addresses would give the host ten words nothing reads, which is worse than leaving them named here. What they need is ten crosspoints out of the node into named buses, and WHICH ten is a product question the master does not answer — it says only ""aux/main outputs"". Priced by construction against the measured fabric: a live crosspoint on a bus that already carries signal is below this instrument's resolution (S24: five more on a bus cost < 0.1 points), so the cost is the ten SPI words, the fan-out code and nothing measurable in cycles. S26 WENT TO BUILD THEM AND DID NOT, and for this family the blocker is a ruling rather than a gap: d24-skin-cell-map.csv rows menu5/6 and menu5/8 record PW 2026-09-06 — ""Rtg retired from all cells — Noise assign needs a NEW function definition in the master; never reuse Rtg"" — and carry no cell at all for the noise assign. So these ten Dest cells are not the vehicle the product is waiting for, and giving them a fan-out would build against a definition PW has already said must be replaced",no-graph-node,,,Noise routing to aux/main outputs
Noise001Dest006,NoiseDest,needs-definition,"HELD ON: PW 2026-09-06 — defs, via d24-skin-cell-map.csv menu5/6 and menu5/8: ""Rtg retired from all cells — Noise assign needs a NEW function definition in the master; never reuse Rtg"". The Dest cells are not the vehicle the product is waiting for.  || generator destination, and the deficiency is a FAN-OUT and not an address (S25 gate 4). `C1_NOISE` has an EMPTY outputs column: the generator runs, and its signal reaches no bus, no crosspoint and no output. Giving these ten cells addresses would give the host ten words nothing reads, which is worse than leaving them named here. What they need is ten crosspoints out of the node into named buses, and WHICH ten is a product question the master does not answer — it says only ""aux/main outputs"". Priced by construction against the measured fabric: a live crosspoint on a bus that already carries signal is below this instrument's resolution (S24: five more on a bus cost < 0.1 points), so the cost is the ten SPI words, the fan-out code and nothing measurable in cycles. S26 WENT TO BUILD THEM AND DID NOT, and for this family the blocker is a ruling rather than a gap: d24-skin-cell-map.csv rows menu5/6 and menu5/8 record PW 2026-09-06 — ""Rtg retired from all cells — Noise assign needs a NEW function definition in the master; never reuse Rtg"" — and carry no cell at all for the noise assign. So these ten Dest cells are not the vehicle the product is waiting for, and giving them a fan-out would build against a definition PW has already said must be replaced",no-graph-node,,,Noise routing to aux/main outputs
Noise001Dest007,NoiseDest,needs-definition,"HELD ON: PW 2026-09-06 — defs, via d24-skin-cell-map.csv menu5/6 and menu5/8: ""Rtg retired from all cells — Noise assign needs a NEW function definition in the master; never reuse Rtg"". The Dest cells are not the vehicle the product is waiting for.  || generator destination, and the deficiency is a FAN-OUT and not an address (S25 gate 4). `C1_NOISE` has an EMPTY outputs column: the generator runs, and its signal reaches no bus, no crosspoint and no output. Giving these ten cells addresses would give the host ten words nothing reads, which is worse than leaving them named here. What they need is ten crosspoints out of the node into named buses, and WHICH ten is a product question the master does not answer — it says only ""aux/main outputs"". Priced by construction against the measured fabric: a live crosspoint on a bus that already carries signal is below this instrument's resolution (S24: five more on a bus cost < 0.1 points), so the cost is the ten SPI words, the fan-out code and nothing measurable in cycles. S26 WENT TO BUILD THEM AND DID NOT, and for this family the blocker is a ruling rather than a gap: d24-skin-cell-map.csv rows menu5/6 and menu5/8 record PW 2026-09-06 — ""Rtg retired from all cells — Noise assign needs a NEW function definition in the master; never reuse Rtg"" — and carry no cell at all for the noise assign. So these ten Dest cells are not the vehicle the product is waiting for, and giving them a fan-out would build against a definition PW has already said must be replaced",no-graph-node,,,Noise routing to aux/main outputs
Noise001Dest008,NoiseDest,needs-definition,"HELD ON: PW 2026-09-06 — defs, via d24-skin-cell-map.csv menu5/6 and menu5/8: ""Rtg retired from all cells — Noise assign needs a NEW function definition in the master; never reuse Rtg"". The Dest cells are not the vehicle the product is waiting for.  || generator destination, and the deficiency is a FAN-OUT and not an address (S25 gate 4). `C1_NOISE` has an EMPTY outputs column: the generator runs, and its signal reaches no bus, no crosspoint and no output. Giving these ten cells addresses would give the host ten words nothing reads, which is worse than leaving them named here. What they need is ten crosspoints out of the node into named buses, and WHICH ten is a product question the master does not answer — it says only ""aux/main outputs"". Priced by construction against the measured fabric: a live crosspoint on a bus that already carries signal is below this instrument's resolution (S24: five more on a bus cost < 0.1 points), so the cost is the ten SPI words, the fan-out code and nothing measurable in cycles. S26 WENT TO BUILD THEM AND DID NOT, and for this family the blocker is a ruling rather than a gap: d24-skin-cell-map.csv rows menu5/6 and menu5/8 record PW 2026-09-06 — ""Rtg retired from all cells — Noise assign needs a NEW function definition in the master; never reuse Rtg"" — and carry no cell at all for the noise assign. So these ten Dest cells are not the vehicle the product is waiting for, and giving them a fan-out would build against a definition PW has already said must be replaced",no-graph-node,,,Noise routing to aux/main outputs
Noise001Dest009,NoiseDest,needs-definition,"HELD ON: PW 2026-09-06 — defs, via d24-skin-cell-map.csv menu5/6 and menu5/8: ""Rtg retired from all cells — Noise assign needs a NEW function definition in the master; never reuse Rtg"". The Dest cells are not the vehicle the product is waiting for.  || generator destination, and the deficiency is a FAN-OUT and not an address (S25 gate 4). `C1_NOISE` has an EMPTY outputs column: the generator runs, and its signal reaches no bus, no crosspoint and no output. Giving these ten cells addresses would give the host ten words nothing reads, which is worse than leaving them named here. What they need is ten crosspoints out of the node into named buses, and WHICH ten is a product question the master does not answer — it says only ""aux/main outputs"". Priced by construction against the measured fabric: a live crosspoint on a bus that already carries signal is below this instrument's resolution (S24: five more on a bus cost < 0.1 points), so the cost is the ten SPI words, the fan-out code and nothing measurable in cycles. S26 WENT TO BUILD THEM AND DID NOT, and for this family the blocker is a ruling rather than a gap: d24-skin-cell-map.csv rows menu5/6 and menu5/8 record PW 2026-09-06 — ""Rtg retired from all cells — Noise assign needs a NEW function definition in the master; never reuse Rtg"" — and carry no cell at all for the noise assign. So these ten Dest cells are not the vehicle the product is waiting for, and giving them a fan-out would build against a definition PW has already said must be replaced",no-graph-node,,,Noise routing to aux/main outputs
Noise001Dest010,NoiseDest,needs-definition,"HELD ON: PW 2026-09-06 — defs, via d24-skin-cell-map.csv menu5/6 and menu5/8: ""Rtg retired from all cells — Noise assign needs a NEW function definition in the master; never reuse Rtg"". The Dest cells are not the vehicle the product is waiting for.  || generator destination, and the deficiency is a FAN-OUT and not an address (S25 gate 4). `C1_NOISE` has an EMPTY outputs column: the generator runs, and its signal reaches no bus, no crosspoint and no output. Giving these ten cells addresses would give the host ten words nothing reads, which is worse than leaving them named here. What they need is ten crosspoints out of the node into named buses, and WHICH ten is a product question the master does not answer — it says only ""aux/main outputs"". Priced by construction against the measured fabric: a live crosspoint on a bus that already carries signal is below this instrument's resolution (S24: five more on a bus cost < 0.1 points), so the cost is the ten SPI words, the fan-out code and nothing measurable in cycles. S26 WENT TO BUILD THEM AND DID NOT, and for this family the blocker is a ruling rather than a gap: d24-skin-cell-map.csv rows menu5/6 and menu5/8 record PW 2026-09-06 — ""Rtg retired from all cells — Noise assign needs a NEW function definition in the master; never reuse Rtg"" — and carry no cell at all for the noise assign. So these ten Dest cells are not the vehicle the product is waiting for, and giving them a fan-out would build against a definition PW has already said must be replaced",no-graph-node,,,Noise routing to aux/main outputs
Rta001On001,RtaOn,needs-definition,"HELD ON: PW — defs: the analyser is priced by construction and ""is not built: the source select below has no ruling behind it, and a meter family that reads the wrong point is worse than none"". The chip-1 filterbank code EXISTS behind DSP4_RTA; what is unruled is where it listens.  || RTA analyser; no node in the graph. It is a read-only meter family and a NEW NODE CLASS — 31 band-passes plus 31 detectors on one selected source — so it is priced before it is built rather than after. BY CONSTRUCTION against the measured GEQ (the same 31-band cascade, already in this graph): one RTA instance is one GEQ cascade plus a per-band detector, on ONE source instead of per aux. It is not built: the source select below has no ruling behind it, and a meter family that reads the wrong point is worse than none",no-graph-node,,,1/3-octave real-time analyser on/off
Rta001Src001,RtaSrc,needs-definition,"HELD ON: PW — defs: ""The master names three source kinds and not which instances, so the pick list is a product question and is carried, not guessed.""  || RTA input source select (main/aux/cue). No node in the graph, and the cell cannot be bound before the analyser exists. The master names three source kinds and not which instances, so the pick list is a product question and is carried, not guessed",no-graph-node,,,RTA input source select (main/aux/cue)
Talk001Dest002,TalkDest,needs-definition,"HELD ON: the master, not invented — defs names a COUNT and no destination, and d24-skin-cell-map.csv menu5/2 records a ""RANGE CONFLICT: vocab Talk Rtg[1-3] vs 9 targets — extend to [1-9]"", so the number of crosspoints is contradicted by the product as well as their targets.  || talkback destinations 2 and 3 — and the reason this file gave until S25 named the wrong deficiency. It said the TALKBACK node has four SPI words (On, Gain, Hpf, Dest1) and the graph gives it no more, which is true and is not the problem: the node ALREADY declares `_talk_route_<nid>[3]`, so the words are there. What is missing is the FAN-OUT. `C1_TALK_01` and `C1_TALK_02` have EMPTY outputs columns, nothing in the tree reads `_talk_route` beyond the SPI dispatch of Dest1, and the talkback mics reach no bus at all. Dest1 is therefore a cell that reaches a WORD and not the arithmetic — S24-7's shape one family along. Two more addresses would add two more of those; crosspoints out of each node is what the family actually needs. S26 WENT TO BUILD THEM AND DID NOT, because the enumeration names a COUNT and no destination: the master gives Dest[1-3] and the note ""aux/main"", carries no Table column (every genuinely named selector in the master has one — Aux Pan reads Pan:dB:0:Off), and the two halves of this family do not even agree with each other on their own encoding (Talk Dest has MxDatS 1, a per-slot flag like Chan MuteGrp; Noise Dest has 11, which is a selector). WORSE, THE COUNT IS CONTRADICTED BY THE PRODUCT: d24-skin-cell-map.csv row menu5/2 records ""RANGE CONFLICT: vocab Talk Rtg[1-3] vs 9 targets — extend to [1-9]"" for Talkback Assign A1-A8 + L-R. Building three crosspoints would therefore build the wrong NUMBER of them as well as guessing which buses. Held for the master, not invented",no-graph-node,,,Talkback mic 2 routing to aux/main; Talkback routing to aux/main
Talk001Dest003,TalkDest,needs-definition,"HELD ON: the master, not invented — defs names a COUNT and no destination, and d24-skin-cell-map.csv menu5/2 records a ""RANGE CONFLICT: vocab Talk Rtg[1-3] vs 9 targets — extend to [1-9]"", so the number of crosspoints is contradicted by the product as well as their targets.  || talkback destinations 2 and 3 — and the reason this file gave until S25 named the wrong deficiency. It said the TALKBACK node has four SPI words (On, Gain, Hpf, Dest1) and the graph gives it no more, which is true and is not the problem: the node ALREADY declares `_talk_route_<nid>[3]`, so the words are there. What is missing is the FAN-OUT. `C1_TALK_01` and `C1_TALK_02` have EMPTY outputs columns, nothing in the tree reads `_talk_route` beyond the SPI dispatch of Dest1, and the talkback mics reach no bus at all. Dest1 is therefore a cell that reaches a WORD and not the arithmetic — S24-7's shape one family along. Two more addresses would add two more of those; crosspoints out of each node is what the family actually needs. S26 WENT TO BUILD THEM AND DID NOT, because the enumeration names a COUNT and no destination: the master gives Dest[1-3] and the note ""aux/main"", carries no Table column (every genuinely named selector in the master has one — Aux Pan reads Pan:dB:0:Off), and the two halves of this family do not even agree with each other on their own encoding (Talk Dest has MxDatS 1, a per-slot flag like Chan MuteGrp; Noise Dest has 11, which is a selector). WORSE, THE COUNT IS CONTRADICTED BY THE PRODUCT: d24-skin-cell-map.csv row menu5/2 records ""RANGE CONFLICT: vocab Talk Rtg[1-3] vs 9 targets — extend to [1-9]"" for Talkback Assign A1-A8 + L-R. Building three crosspoints would therefore build the wrong NUMBER of them as well as guessing which buses. Held for the master, not invented",no-graph-node,,,Talkback mic 2 routing to aux/main; Talkback routing to aux/main
Talk002Dest002,TalkDest,needs-definition,"HELD ON: the master, not invented — defs names a COUNT and no destination, and d24-skin-cell-map.csv menu5/2 records a ""RANGE CONFLICT: vocab Talk Rtg[1-3] vs 9 targets — extend to [1-9]"", so the number of crosspoints is contradicted by the product as well as their targets.  || talkback destinations 2 and 3 — and the reason this file gave until S25 named the wrong deficiency. It said the TALKBACK node has four SPI words (On, Gain, Hpf, Dest1) and the graph gives it no more, which is true and is not the problem: the node ALREADY declares `_talk_route_<nid>[3]`, so the words are there. What is missing is the FAN-OUT. `C1_TALK_01` and `C1_TALK_02` have EMPTY outputs columns, nothing in the tree reads `_talk_route` beyond the SPI dispatch of Dest1, and the talkback mics reach no bus at all. Dest1 is therefore a cell that reaches a WORD and not the arithmetic — S24-7's shape one family along. Two more addresses would add two more of those; crosspoints out of each node is what the family actually needs. S26 WENT TO BUILD THEM AND DID NOT, because the enumeration names a COUNT and no destination: the master gives Dest[1-3] and the note ""aux/main"", carries no Table column (every genuinely named selector in the master has one — Aux Pan reads Pan:dB:0:Off), and the two halves of this family do not even agree with each other on their own encoding (Talk Dest has MxDatS 1, a per-slot flag like Chan MuteGrp; Noise Dest has 11, which is a selector). WORSE, THE COUNT IS CONTRADICTED BY THE PRODUCT: d24-skin-cell-map.csv row menu5/2 records ""RANGE CONFLICT: vocab Talk Rtg[1-3] vs 9 targets — extend to [1-9]"" for Talkback Assign A1-A8 + L-R. Building three crosspoints would therefore build the wrong NUMBER of them as well as guessing which buses. Held for the master, not invented",no-graph-node,,,Talkback mic 2 routing to aux/main; Talkback routing to aux/main
Talk002Dest003,TalkDest,needs-definition,"HELD ON: the master, not invented — defs names a COUNT and no destination, and d24-skin-cell-map.csv menu5/2 records a ""RANGE CONFLICT: vocab Talk Rtg[1-3] vs 9 targets — extend to [1-9]"", so the number of crosspoints is contradicted by the product as well as their targets.  || talkback destinations 2 and 3 — and the reason this file gave until S25 named the wrong deficiency. It said the TALKBACK node has four SPI words (On, Gain, Hpf, Dest1) and the graph gives it no more, which is true and is not the problem: the node ALREADY declares `_talk_route_<nid>[3]`, so the words are there. What is missing is the FAN-OUT. `C1_TALK_01` and `C1_TALK_02` have EMPTY outputs columns, nothing in the tree reads `_talk_route` beyond the SPI dispatch of Dest1, and the talkback mics reach no bus at all. Dest1 is therefore a cell that reaches a WORD and not the arithmetic — S24-7's shape one family along. Two more addresses would add two more of those; crosspoints out of each node is what the family actually needs. S26 WENT TO BUILD THEM AND DID NOT, because the enumeration names a COUNT and no destination: the master gives Dest[1-3] and the note ""aux/main"", carries no Table column (every genuinely named selector in the master has one — Aux Pan reads Pan:dB:0:Off), and the two halves of this family do not even agree with each other on their own encoding (Talk Dest has MxDatS 1, a per-slot flag like Chan MuteGrp; Noise Dest has 11, which is a selector). WORSE, THE COUNT IS CONTRADICTED BY THE PRODUCT: d24-skin-cell-map.csv row menu5/2 records ""RANGE CONFLICT: vocab Talk Rtg[1-3] vs 9 targets — extend to [1-9]"" for Talkback Assign A1-A8 + L-R. Building three crosspoints would therefore build the wrong NUMBER of them as well as guessing which buses. Held for the master, not invented",no-graph-node,,,Talkback mic 2 routing to aux/main; Talkback routing to aux/main
Aux001Dca001,AuxDca,not-dsp,"the host owns the value outright — no DSP address, no kernel read (PW ruling 2026-08-30)",host-managed,,,Aux master DCA assignment (1-8 or off)
Aux002Dca001,AuxDca,not-dsp,"the host owns the value outright — no DSP address, no kernel read (PW ruling 2026-08-30)",host-managed,,,Aux master DCA assignment (1-8 or off)
Aux003Dca001,AuxDca,not-dsp,"the host owns the value outright — no DSP address, no kernel read (PW ruling 2026-08-30)",host-managed,,,Aux master DCA assignment (1-8 or off)
Aux004Dca001,AuxDca,not-dsp,"the host owns the value outright — no DSP address, no kernel read (PW ruling 2026-08-30)",host-managed,,,Aux master DCA assignment (1-8 or off)
Aux005Dca001,AuxDca,not-dsp,"the host owns the value outright — no DSP address, no kernel read (PW ruling 2026-08-30)",host-managed,,,Aux master DCA assignment (1-8 or off)
Aux006Dca001,AuxDca,not-dsp,"the host owns the value outright — no DSP address, no kernel read (PW ruling 2026-08-30)",host-managed,,,Aux master DCA assignment (1-8 or off)
Aux007Dca001,AuxDca,not-dsp,"the host owns the value outright — no DSP address, no kernel read (PW ruling 2026-08-30)",host-managed,,,Aux master DCA assignment (1-8 or off)
Aux008Dca001,AuxDca,not-dsp,"the host owns the value outright — no DSP address, no kernel read (PW ruling 2026-08-30)",host-managed,,,Aux master DCA assignment (1-8 or off)
Aux001DcaOn001,AuxDcaOn,not-dsp,"the host owns the value outright — no DSP address, no kernel read (PW ruling 2026-08-30)",host-managed,,,DCA follow on/off (assignment kept while off)
Aux002DcaOn001,AuxDcaOn,not-dsp,"the host owns the value outright — no DSP address, no kernel read (PW ruling 2026-08-30)",host-managed,,,DCA follow on/off (assignment kept while off)
Aux003DcaOn001,AuxDcaOn,not-dsp,"the host owns the value outright — no DSP address, no kernel read (PW ruling 2026-08-30)",host-managed,,,DCA follow on/off (assignment kept while off)
Aux004DcaOn001,AuxDcaOn,not-dsp,"the host owns the value outright — no DSP address, no kernel read (PW ruling 2026-08-30)",host-managed,,,DCA follow on/off (assignment kept while off)
Aux005DcaOn001,AuxDcaOn,not-dsp,"the host owns the value outright — no DSP address, no kernel read (PW ruling 2026-08-30)",host-managed,,,DCA follow on/off (assignment kept while off)
Aux006DcaOn001,AuxDcaOn,not-dsp,"the host owns the value outright — no DSP address, no kernel read (PW ruling 2026-08-30)",host-managed,,,DCA follow on/off (assignment kept while off)
Aux007DcaOn001,AuxDcaOn,not-dsp,"the host owns the value outright — no DSP address, no kernel read (PW ruling 2026-08-30)",host-managed,,,DCA follow on/off (assignment kept while off)
Aux008DcaOn001,AuxDcaOn,not-dsp,"the host owns the value outright — no DSP address, no kernel read (PW ruling 2026-08-30)",host-managed,,,DCA follow on/off (assignment kept while off)
Aux001Name001,AuxName,not-dsp,"text label; the host stores it, the DSP has no word for it",label,,,Aux output channel name
Aux002Name001,AuxName,not-dsp,"text label; the host stores it, the DSP has no word for it",label,,,Aux output channel name
Aux003Name001,AuxName,not-dsp,"text label; the host stores it, the DSP has no word for it",label,,,Aux output channel name
Aux004Name001,AuxName,not-dsp,"text label; the host stores it, the DSP has no word for it",label,,,Aux output channel name
Aux005Name001,AuxName,not-dsp,"text label; the host stores it, the DSP has no word for it",label,,,Aux output channel name
Aux006Name001,AuxName,not-dsp,"text label; the host stores it, the DSP has no word for it",label,,,Aux output channel name
Aux007Name001,AuxName,not-dsp,"text label; the host stores it, the DSP has no word for it",label,,,Aux output channel name
Aux008Name001,AuxName,not-dsp,"text label; the host stores it, the DSP has no word for it",label,,,Aux output channel name
Aux001PickOff001,AuxPickOff,not-dsp,"app batch control, not a DSP word: it writes every channel's Chan*AuxPick* for that aux, which is the only DSP truth (PW ruling R4, 2026-09-10 — was open question Q4)",host-managed,,,Aux global pickoff point (pre/post EQ/fader)
Aux002PickOff001,AuxPickOff,not-dsp,"app batch control, not a DSP word: it writes every channel's Chan*AuxPick* for that aux, which is the only DSP truth (PW ruling R4, 2026-09-10 — was open question Q4)",host-managed,,,Aux global pickoff point (pre/post EQ/fader)
Aux003PickOff001,AuxPickOff,not-dsp,"app batch control, not a DSP word: it writes every channel's Chan*AuxPick* for that aux, which is the only DSP truth (PW ruling R4, 2026-09-10 — was open question Q4)",host-managed,,,Aux global pickoff point (pre/post EQ/fader)
Aux004PickOff001,AuxPickOff,not-dsp,"app batch control, not a DSP word: it writes every channel's Chan*AuxPick* for that aux, which is the only DSP truth (PW ruling R4, 2026-09-10 — was open question Q4)",host-managed,,,Aux global pickoff point (pre/post EQ/fader)
Aux005PickOff001,AuxPickOff,not-dsp,"app batch control, not a DSP word: it writes every channel's Chan*AuxPick* for that aux, which is the only DSP truth (PW ruling R4, 2026-09-10 — was open question Q4)",host-managed,,,Aux global pickoff point (pre/post EQ/fader)
Aux006PickOff001,AuxPickOff,not-dsp,"app batch control, not a DSP word: it writes every channel's Chan*AuxPick* for that aux, which is the only DSP truth (PW ruling R4, 2026-09-10 — was open question Q4)",host-managed,,,Aux global pickoff point (pre/post EQ/fader)
Aux007PickOff001,AuxPickOff,not-dsp,"app batch control, not a DSP word: it writes every channel's Chan*AuxPick* for that aux, which is the only DSP truth (PW ruling R4, 2026-09-10 — was open question Q4)",host-managed,,,Aux global pickoff point (pre/post EQ/fader)
Aux008PickOff001,AuxPickOff,not-dsp,"app batch control, not a DSP word: it writes every channel's Chan*AuxPick* for that aux, which is the only DSP truth (PW ruling R4, 2026-09-10 — was open question Q4)",host-managed,,,Aux global pickoff point (pre/post EQ/fader)
Bt001Src001,BtSrc,not-dsp,Bluetooth receiver source select — MCU hardware control,hardware-control,,,Bluetooth source select
Chan001Color001,ChanColor,not-dsp,strip colour on the surface,surface-state,,,Fader cap color code
Chan002Color001,ChanColor,not-dsp,strip colour on the surface,surface-state,,,Fader cap color code
Chan003Color001,ChanColor,not-dsp,strip colour on the surface,surface-state,,,Fader cap color code
Chan004Color001,ChanColor,not-dsp,strip colour on the surface,surface-state,,,Fader cap color code
Chan005Color001,ChanColor,not-dsp,strip colour on the surface,surface-state,,,Fader cap color code
Chan006Color001,ChanColor,not-dsp,strip colour on the surface,surface-state,,,Fader cap color code
Chan007Color001,ChanColor,not-dsp,strip colour on the surface,surface-state,,,Fader cap color code
Chan008Color001,ChanColor,not-dsp,strip colour on the surface,surface-state,,,Fader cap color code
Chan009Color001,ChanColor,not-dsp,strip colour on the surface,surface-state,,,Fader cap color code
Chan010Color001,ChanColor,not-dsp,strip colour on the surface,surface-state,,,Fader cap color code
Chan011Color001,ChanColor,not-dsp,strip colour on the surface,surface-state,,,Fader cap color code
Chan012Color001,ChanColor,not-dsp,strip colour on the surface,surface-state,,,Fader cap color code
Chan013Color001,ChanColor,not-dsp,strip colour on the surface,surface-state,,,Fader cap color code
Chan014Color001,ChanColor,not-dsp,strip colour on the surface,surface-state,,,Fader cap color code
Chan015Color001,ChanColor,not-dsp,strip colour on the surface,surface-state,,,Fader cap color code
Chan016Color001,ChanColor,not-dsp,strip colour on the surface,surface-state,,,Fader cap color code
Chan017Color001,ChanColor,not-dsp,strip colour on the surface,surface-state,,,Fader cap color code
Chan018Color001,ChanColor,not-dsp,strip colour on the surface,surface-state,,,Fader cap color code
Chan019Color001,ChanColor,not-dsp,strip colour on the surface,surface-state,,,Fader cap color code
Chan020Color001,ChanColor,not-dsp,strip colour on the surface,surface-state,,,Fader cap color code
Chan021Color001,ChanColor,not-dsp,strip colour on the surface,surface-state,,,Fader cap color code
Chan022Color001,ChanColor,not-dsp,strip colour on the surface,surface-state,,,Fader cap color code
Chan023Color001,ChanColor,not-dsp,strip colour on the surface,surface-state,,,Fader cap color code
Chan024Color001,ChanColor,not-dsp,strip colour on the surface,surface-state,,,Fader cap color code
Chan001CueSel001,ChanCueSel,not-dsp,PFL/cue select; the DSP has one monitor source word (Mon001InputSel001) that the host writes — open question Q5,control-plane,,,Channel cue/solo select (PFL/AFL/SIP)
Chan002CueSel001,ChanCueSel,not-dsp,PFL/cue select; the DSP has one monitor source word (Mon001InputSel001) that the host writes — open question Q5,control-plane,,,Channel cue/solo select (PFL/AFL/SIP)
Chan003CueSel001,ChanCueSel,not-dsp,PFL/cue select; the DSP has one monitor source word (Mon001InputSel001) that the host writes — open question Q5,control-plane,,,Channel cue/solo select (PFL/AFL/SIP)
Chan004CueSel001,ChanCueSel,not-dsp,PFL/cue select; the DSP has one monitor source word (Mon001InputSel001) that the host writes — open question Q5,control-plane,,,Channel cue/solo select (PFL/AFL/SIP)
Chan005CueSel001,ChanCueSel,not-dsp,PFL/cue select; the DSP has one monitor source word (Mon001InputSel001) that the host writes — open question Q5,control-plane,,,Channel cue/solo select (PFL/AFL/SIP)
Chan006CueSel001,ChanCueSel,not-dsp,PFL/cue select; the DSP has one monitor source word (Mon001InputSel001) that the host writes — open question Q5,control-plane,,,Channel cue/solo select (PFL/AFL/SIP)
Chan007CueSel001,ChanCueSel,not-dsp,PFL/cue select; the DSP has one monitor source word (Mon001InputSel001) that the host writes — open question Q5,control-plane,,,Channel cue/solo select (PFL/AFL/SIP)
Chan008CueSel001,ChanCueSel,not-dsp,PFL/cue select; the DSP has one monitor source word (Mon001InputSel001) that the host writes — open question Q5,control-plane,,,Channel cue/solo select (PFL/AFL/SIP)
Chan009CueSel001,ChanCueSel,not-dsp,PFL/cue select; the DSP has one monitor source word (Mon001InputSel001) that the host writes — open question Q5,control-plane,,,Channel cue/solo select (PFL/AFL/SIP)
Chan010CueSel001,ChanCueSel,not-dsp,PFL/cue select; the DSP has one monitor source word (Mon001InputSel001) that the host writes — open question Q5,control-plane,,,Channel cue/solo select (PFL/AFL/SIP)
Chan011CueSel001,ChanCueSel,not-dsp,PFL/cue select; the DSP has one monitor source word (Mon001InputSel001) that the host writes — open question Q5,control-plane,,,Channel cue/solo select (PFL/AFL/SIP)
Chan012CueSel001,ChanCueSel,not-dsp,PFL/cue select; the DSP has one monitor source word (Mon001InputSel001) that the host writes — open question Q5,control-plane,,,Channel cue/solo select (PFL/AFL/SIP)
Chan013CueSel001,ChanCueSel,not-dsp,PFL/cue select; the DSP has one monitor source word (Mon001InputSel001) that the host writes — open question Q5,control-plane,,,Channel cue/solo select (PFL/AFL/SIP)
Chan014CueSel001,ChanCueSel,not-dsp,PFL/cue select; the DSP has one monitor source word (Mon001InputSel001) that the host writes — open question Q5,control-plane,,,Channel cue/solo select (PFL/AFL/SIP)
Chan015CueSel001,ChanCueSel,not-dsp,PFL/cue select; the DSP has one monitor source word (Mon001InputSel001) that the host writes — open question Q5,control-plane,,,Channel cue/solo select (PFL/AFL/SIP)
Chan016CueSel001,ChanCueSel,not-dsp,PFL/cue select; the DSP has one monitor source word (Mon001InputSel001) that the host writes — open question Q5,control-plane,,,Channel cue/solo select (PFL/AFL/SIP)
Chan017CueSel001,ChanCueSel,not-dsp,PFL/cue select; the DSP has one monitor source word (Mon001InputSel001) that the host writes — open question Q5,control-plane,,,Channel cue/solo select (PFL/AFL/SIP)
Chan018CueSel001,ChanCueSel,not-dsp,PFL/cue select; the DSP has one monitor source word (Mon001InputSel001) that the host writes — open question Q5,control-plane,,,Channel cue/solo select (PFL/AFL/SIP)
Chan019CueSel001,ChanCueSel,not-dsp,PFL/cue select; the DSP has one monitor source word (Mon001InputSel001) that the host writes — open question Q5,control-plane,,,Channel cue/solo select (PFL/AFL/SIP)
Chan020CueSel001,ChanCueSel,not-dsp,PFL/cue select; the DSP has one monitor source word (Mon001InputSel001) that the host writes — open question Q5,control-plane,,,Channel cue/solo select (PFL/AFL/SIP)
Chan021CueSel001,ChanCueSel,not-dsp,PFL/cue select; the DSP has one monitor source word (Mon001InputSel001) that the host writes — open question Q5,control-plane,,,Channel cue/solo select (PFL/AFL/SIP)
Chan022CueSel001,ChanCueSel,not-dsp,PFL/cue select; the DSP has one monitor source word (Mon001InputSel001) that the host writes — open question Q5,control-plane,,,Channel cue/solo select (PFL/AFL/SIP)
Chan023CueSel001,ChanCueSel,not-dsp,PFL/cue select; the DSP has one monitor source word (Mon001InputSel001) that the host writes — open question Q5,control-plane,,,Channel cue/solo select (PFL/AFL/SIP)
Chan024CueSel001,ChanCueSel,not-dsp,PFL/cue select; the DSP has one monitor source word (Mon001InputSel001) that the host writes — open question Q5,control-plane,,,Channel cue/solo select (PFL/AFL/SIP)
Chan001Dca001,ChanDca,not-dsp,"the host owns the value outright — no DSP address, no kernel read (PW ruling 2026-08-30)",host-managed,,,DCA group assignment (1-8 or off)
Chan002Dca001,ChanDca,not-dsp,"the host owns the value outright — no DSP address, no kernel read (PW ruling 2026-08-30)",host-managed,,,DCA group assignment (1-8 or off)
Chan003Dca001,ChanDca,not-dsp,"the host owns the value outright — no DSP address, no kernel read (PW ruling 2026-08-30)",host-managed,,,DCA group assignment (1-8 or off)
Chan004Dca001,ChanDca,not-dsp,"the host owns the value outright — no DSP address, no kernel read (PW ruling 2026-08-30)",host-managed,,,DCA group assignment (1-8 or off)
Chan005Dca001,ChanDca,not-dsp,"the host owns the value outright — no DSP address, no kernel read (PW ruling 2026-08-30)",host-managed,,,DCA group assignment (1-8 or off)
Chan006Dca001,ChanDca,not-dsp,"the host owns the value outright — no DSP address, no kernel read (PW ruling 2026-08-30)",host-managed,,,DCA group assignment (1-8 or off)
Chan007Dca001,ChanDca,not-dsp,"the host owns the value outright — no DSP address, no kernel read (PW ruling 2026-08-30)",host-managed,,,DCA group assignment (1-8 or off)
Chan008Dca001,ChanDca,not-dsp,"the host owns the value outright — no DSP address, no kernel read (PW ruling 2026-08-30)",host-managed,,,DCA group assignment (1-8 or off)
Chan009Dca001,ChanDca,not-dsp,"the host owns the value outright — no DSP address, no kernel read (PW ruling 2026-08-30)",host-managed,,,DCA group assignment (1-8 or off)
Chan010Dca001,ChanDca,not-dsp,"the host owns the value outright — no DSP address, no kernel read (PW ruling 2026-08-30)",host-managed,,,DCA group assignment (1-8 or off)
Chan011Dca001,ChanDca,not-dsp,"the host owns the value outright — no DSP address, no kernel read (PW ruling 2026-08-30)",host-managed,,,DCA group assignment (1-8 or off)
Chan012Dca001,ChanDca,not-dsp,"the host owns the value outright — no DSP address, no kernel read (PW ruling 2026-08-30)",host-managed,,,DCA group assignment (1-8 or off)
Chan013Dca001,ChanDca,not-dsp,"the host owns the value outright — no DSP address, no kernel read (PW ruling 2026-08-30)",host-managed,,,DCA group assignment (1-8 or off)
Chan014Dca001,ChanDca,not-dsp,"the host owns the value outright — no DSP address, no kernel read (PW ruling 2026-08-30)",host-managed,,,DCA group assignment (1-8 or off)
Chan015Dca001,ChanDca,not-dsp,"the host owns the value outright — no DSP address, no kernel read (PW ruling 2026-08-30)",host-managed,,,DCA group assignment (1-8 or off)
Chan016Dca001,ChanDca,not-dsp,"the host owns the value outright — no DSP address, no kernel read (PW ruling 2026-08-30)",host-managed,,,DCA group assignment (1-8 or off)
Chan017Dca001,ChanDca,not-dsp,"the host owns the value outright — no DSP address, no kernel read (PW ruling 2026-08-30)",host-managed,,,DCA group assignment (1-8 or off)
Chan018Dca001,ChanDca,not-dsp,"the host owns the value outright — no DSP address, no kernel read (PW ruling 2026-08-30)",host-managed,,,DCA group assignment (1-8 or off)
Chan019Dca001,ChanDca,not-dsp,"the host owns the value outright — no DSP address, no kernel read (PW ruling 2026-08-30)",host-managed,,,DCA group assignment (1-8 or off)
Chan020Dca001,ChanDca,not-dsp,"the host owns the value outright — no DSP address, no kernel read (PW ruling 2026-08-30)",host-managed,,,DCA group assignment (1-8 or off)
Chan021Dca001,ChanDca,not-dsp,"the host owns the value outright — no DSP address, no kernel read (PW ruling 2026-08-30)",host-managed,,,DCA group assignment (1-8 or off)
Chan022Dca001,ChanDca,not-dsp,"the host owns the value outright — no DSP address, no kernel read (PW ruling 2026-08-30)",host-managed,,,DCA group assignment (1-8 or off)
Chan023Dca001,ChanDca,not-dsp,"the host owns the value outright — no DSP address, no kernel read (PW ruling 2026-08-30)",host-managed,,,DCA group assignment (1-8 or off)
Chan024Dca001,ChanDca,not-dsp,"the host owns the value outright — no DSP address, no kernel read (PW ruling 2026-08-30)",host-managed,,,DCA group assignment (1-8 or off)
Chan001DcaOn001,ChanDcaOn,not-dsp,"the host owns the value outright — no DSP address, no kernel read (PW ruling 2026-08-30)",host-managed,,,DCA follow on/off (assignment kept while off)
Chan002DcaOn001,ChanDcaOn,not-dsp,"the host owns the value outright — no DSP address, no kernel read (PW ruling 2026-08-30)",host-managed,,,DCA follow on/off (assignment kept while off)
Chan003DcaOn001,ChanDcaOn,not-dsp,"the host owns the value outright — no DSP address, no kernel read (PW ruling 2026-08-30)",host-managed,,,DCA follow on/off (assignment kept while off)
Chan004DcaOn001,ChanDcaOn,not-dsp,"the host owns the value outright — no DSP address, no kernel read (PW ruling 2026-08-30)",host-managed,,,DCA follow on/off (assignment kept while off)
Chan005DcaOn001,ChanDcaOn,not-dsp,"the host owns the value outright — no DSP address, no kernel read (PW ruling 2026-08-30)",host-managed,,,DCA follow on/off (assignment kept while off)
Chan006DcaOn001,ChanDcaOn,not-dsp,"the host owns the value outright — no DSP address, no kernel read (PW ruling 2026-08-30)",host-managed,,,DCA follow on/off (assignment kept while off)
Chan007DcaOn001,ChanDcaOn,not-dsp,"the host owns the value outright — no DSP address, no kernel read (PW ruling 2026-08-30)",host-managed,,,DCA follow on/off (assignment kept while off)
Chan008DcaOn001,ChanDcaOn,not-dsp,"the host owns the value outright — no DSP address, no kernel read (PW ruling 2026-08-30)",host-managed,,,DCA follow on/off (assignment kept while off)
Chan009DcaOn001,ChanDcaOn,not-dsp,"the host owns the value outright — no DSP address, no kernel read (PW ruling 2026-08-30)",host-managed,,,DCA follow on/off (assignment kept while off)
Chan010DcaOn001,ChanDcaOn,not-dsp,"the host owns the value outright — no DSP address, no kernel read (PW ruling 2026-08-30)",host-managed,,,DCA follow on/off (assignment kept while off)
Chan011DcaOn001,ChanDcaOn,not-dsp,"the host owns the value outright — no DSP address, no kernel read (PW ruling 2026-08-30)",host-managed,,,DCA follow on/off (assignment kept while off)
Chan012DcaOn001,ChanDcaOn,not-dsp,"the host owns the value outright — no DSP address, no kernel read (PW ruling 2026-08-30)",host-managed,,,DCA follow on/off (assignment kept while off)
Chan013DcaOn001,ChanDcaOn,not-dsp,"the host owns the value outright — no DSP address, no kernel read (PW ruling 2026-08-30)",host-managed,,,DCA follow on/off (assignment kept while off)
Chan014DcaOn001,ChanDcaOn,not-dsp,"the host owns the value outright — no DSP address, no kernel read (PW ruling 2026-08-30)",host-managed,,,DCA follow on/off (assignment kept while off)
Chan015DcaOn001,ChanDcaOn,not-dsp,"the host owns the value outright — no DSP address, no kernel read (PW ruling 2026-08-30)",host-managed,,,DCA follow on/off (assignment kept while off)
Chan016DcaOn001,ChanDcaOn,not-dsp,"the host owns the value outright — no DSP address, no kernel read (PW ruling 2026-08-30)",host-managed,,,DCA follow on/off (assignment kept while off)
Chan017DcaOn001,ChanDcaOn,not-dsp,"the host owns the value outright — no DSP address, no kernel read (PW ruling 2026-08-30)",host-managed,,,DCA follow on/off (assignment kept while off)
Chan018DcaOn001,ChanDcaOn,not-dsp,"the host owns the value outright — no DSP address, no kernel read (PW ruling 2026-08-30)",host-managed,,,DCA follow on/off (assignment kept while off)
Chan019DcaOn001,ChanDcaOn,not-dsp,"the host owns the value outright — no DSP address, no kernel read (PW ruling 2026-08-30)",host-managed,,,DCA follow on/off (assignment kept while off)
Chan020DcaOn001,ChanDcaOn,not-dsp,"the host owns the value outright — no DSP address, no kernel read (PW ruling 2026-08-30)",host-managed,,,DCA follow on/off (assignment kept while off)
Chan021DcaOn001,ChanDcaOn,not-dsp,"the host owns the value outright — no DSP address, no kernel read (PW ruling 2026-08-30)",host-managed,,,DCA follow on/off (assignment kept while off)
Chan022DcaOn001,ChanDcaOn,not-dsp,"the host owns the value outright — no DSP address, no kernel read (PW ruling 2026-08-30)",host-managed,,,DCA follow on/off (assignment kept while off)
Chan023DcaOn001,ChanDcaOn,not-dsp,"the host owns the value outright — no DSP address, no kernel read (PW ruling 2026-08-30)",host-managed,,,DCA follow on/off (assignment kept while off)
Chan024DcaOn001,ChanDcaOn,not-dsp,"the host owns the value outright — no DSP address, no kernel read (PW ruling 2026-08-30)",host-managed,,,DCA follow on/off (assignment kept while off)
Chan001InsertOn001,ChanInsertOn,not-dsp,analogue insert relay,hardware-control,,,External insert send/return on/off
Chan002InsertOn001,ChanInsertOn,not-dsp,analogue insert relay,hardware-control,,,External insert send/return on/off
Chan003InsertOn001,ChanInsertOn,not-dsp,analogue insert relay,hardware-control,,,External insert send/return on/off
Chan004InsertOn001,ChanInsertOn,not-dsp,analogue insert relay,hardware-control,,,External insert send/return on/off
Chan005InsertOn001,ChanInsertOn,not-dsp,analogue insert relay,hardware-control,,,External insert send/return on/off
Chan006InsertOn001,ChanInsertOn,not-dsp,analogue insert relay,hardware-control,,,External insert send/return on/off
Chan007InsertOn001,ChanInsertOn,not-dsp,analogue insert relay,hardware-control,,,External insert send/return on/off
Chan008InsertOn001,ChanInsertOn,not-dsp,analogue insert relay,hardware-control,,,External insert send/return on/off
Chan009InsertOn001,ChanInsertOn,not-dsp,analogue insert relay,hardware-control,,,External insert send/return on/off
Chan010InsertOn001,ChanInsertOn,not-dsp,analogue insert relay,hardware-control,,,External insert send/return on/off
Chan011InsertOn001,ChanInsertOn,not-dsp,analogue insert relay,hardware-control,,,External insert send/return on/off
Chan012InsertOn001,ChanInsertOn,not-dsp,analogue insert relay,hardware-control,,,External insert send/return on/off
Chan013InsertOn001,ChanInsertOn,not-dsp,analogue insert relay,hardware-control,,,External insert send/return on/off
Chan014InsertOn001,ChanInsertOn,not-dsp,analogue insert relay,hardware-control,,,External insert send/return on/off
Chan015InsertOn001,ChanInsertOn,not-dsp,analogue insert relay,hardware-control,,,External insert send/return on/off
Chan016InsertOn001,ChanInsertOn,not-dsp,analogue insert relay,hardware-control,,,External insert send/return on/off
Chan017InsertOn001,ChanInsertOn,not-dsp,analogue insert relay,hardware-control,,,External insert send/return on/off
Chan018InsertOn001,ChanInsertOn,not-dsp,analogue insert relay,hardware-control,,,External insert send/return on/off
Chan019InsertOn001,ChanInsertOn,not-dsp,analogue insert relay,hardware-control,,,External insert send/return on/off
Chan020InsertOn001,ChanInsertOn,not-dsp,analogue insert relay,hardware-control,,,External insert send/return on/off
Chan021InsertOn001,ChanInsertOn,not-dsp,analogue insert relay,hardware-control,,,External insert send/return on/off
Chan022InsertOn001,ChanInsertOn,not-dsp,analogue insert relay,hardware-control,,,External insert send/return on/off
Chan023InsertOn001,ChanInsertOn,not-dsp,analogue insert relay,hardware-control,,,External insert send/return on/off
Chan024InsertOn001,ChanInsertOn,not-dsp,analogue insert relay,hardware-control,,,External insert send/return on/off
Chan001Instr001,ChanInstr,not-dsp,instrument / Hi-Z input mode,hardware-control,,,Instrument input mode (hi-Z)
Chan002Instr001,ChanInstr,not-dsp,instrument / Hi-Z input mode,hardware-control,,,Instrument input mode (hi-Z)
Chan001Link001,ChanLink,not-dsp,stereo link of adjacent strips; the host writes both strips,surface-state,,,Stereo link with adjacent channel
Chan002Link001,ChanLink,not-dsp,stereo link of adjacent strips; the host writes both strips,surface-state,,,Stereo link with adjacent channel
Chan003Link001,ChanLink,not-dsp,stereo link of adjacent strips; the host writes both strips,surface-state,,,Stereo link with adjacent channel
Chan004Link001,ChanLink,not-dsp,stereo link of adjacent strips; the host writes both strips,surface-state,,,Stereo link with adjacent channel
Chan005Link001,ChanLink,not-dsp,stereo link of adjacent strips; the host writes both strips,surface-state,,,Stereo link with adjacent channel
Chan006Link001,ChanLink,not-dsp,stereo link of adjacent strips; the host writes both strips,surface-state,,,Stereo link with adjacent channel
Chan007Link001,ChanLink,not-dsp,stereo link of adjacent strips; the host writes both strips,surface-state,,,Stereo link with adjacent channel
Chan008Link001,ChanLink,not-dsp,stereo link of adjacent strips; the host writes both strips,surface-state,,,Stereo link with adjacent channel
Chan009Link001,ChanLink,not-dsp,stereo link of adjacent strips; the host writes both strips,surface-state,,,Stereo link with adjacent channel
Chan010Link001,ChanLink,not-dsp,stereo link of adjacent strips; the host writes both strips,surface-state,,,Stereo link with adjacent channel
Chan011Link001,ChanLink,not-dsp,stereo link of adjacent strips; the host writes both strips,surface-state,,,Stereo link with adjacent channel
Chan012Link001,ChanLink,not-dsp,stereo link of adjacent strips; the host writes both strips,surface-state,,,Stereo link with adjacent channel
Chan013Link001,ChanLink,not-dsp,stereo link of adjacent strips; the host writes both strips,surface-state,,,Stereo link with adjacent channel
Chan014Link001,ChanLink,not-dsp,stereo link of adjacent strips; the host writes both strips,surface-state,,,Stereo link with adjacent channel
Chan015Link001,ChanLink,not-dsp,stereo link of adjacent strips; the host writes both strips,surface-state,,,Stereo link with adjacent channel
Chan016Link001,ChanLink,not-dsp,stereo link of adjacent strips; the host writes both strips,surface-state,,,Stereo link with adjacent channel
Chan017Link001,ChanLink,not-dsp,stereo link of adjacent strips; the host writes both strips,surface-state,,,Stereo link with adjacent channel
Chan018Link001,ChanLink,not-dsp,stereo link of adjacent strips; the host writes both strips,surface-state,,,Stereo link with adjacent channel
Chan019Link001,ChanLink,not-dsp,stereo link of adjacent strips; the host writes both strips,surface-state,,,Stereo link with adjacent channel
Chan020Link001,ChanLink,not-dsp,stereo link of adjacent strips; the host writes both strips,surface-state,,,Stereo link with adjacent channel
Chan021Link001,ChanLink,not-dsp,stereo link of adjacent strips; the host writes both strips,surface-state,,,Stereo link with adjacent channel
Chan022Link001,ChanLink,not-dsp,stereo link of adjacent strips; the host writes both strips,surface-state,,,Stereo link with adjacent channel
Chan023Link001,ChanLink,not-dsp,stereo link of adjacent strips; the host writes both strips,surface-state,,,Stereo link with adjacent channel
Chan024Link001,ChanLink,not-dsp,stereo link of adjacent strips; the host writes both strips,surface-state,,,Stereo link with adjacent channel
Chan001MuteGrp001,ChanMuteGrp,not-dsp,"mute-group membership; folded by the host onto the strip mute, the same shape as Dca (PW ruling 2026-08-30)",control-plane,,,Mute group 1-8 assignment
Chan001MuteGrp002,ChanMuteGrp,not-dsp,"mute-group membership; folded by the host onto the strip mute, the same shape as Dca (PW ruling 2026-08-30)",control-plane,,,Mute group 1-8 assignment
Chan001MuteGrp003,ChanMuteGrp,not-dsp,"mute-group membership; folded by the host onto the strip mute, the same shape as Dca (PW ruling 2026-08-30)",control-plane,,,Mute group 1-8 assignment
Chan001MuteGrp004,ChanMuteGrp,not-dsp,"mute-group membership; folded by the host onto the strip mute, the same shape as Dca (PW ruling 2026-08-30)",control-plane,,,Mute group 1-8 assignment
Chan001MuteGrp005,ChanMuteGrp,not-dsp,"mute-group membership; folded by the host onto the strip mute, the same shape as Dca (PW ruling 2026-08-30)",control-plane,,,Mute group 1-8 assignment
Chan001MuteGrp006,ChanMuteGrp,not-dsp,"mute-group membership; folded by the host onto the strip mute, the same shape as Dca (PW ruling 2026-08-30)",control-plane,,,Mute group 1-8 assignment
Chan001MuteGrp007,ChanMuteGrp,not-dsp,"mute-group membership; folded by the host onto the strip mute, the same shape as Dca (PW ruling 2026-08-30)",control-plane,,,Mute group 1-8 assignment
Chan001MuteGrp008,ChanMuteGrp,not-dsp,"mute-group membership; folded by the host onto the strip mute, the same shape as Dca (PW ruling 2026-08-30)",control-plane,,,Mute group 1-8 assignment
Chan002MuteGrp001,ChanMuteGrp,not-dsp,"mute-group membership; folded by the host onto the strip mute, the same shape as Dca (PW ruling 2026-08-30)",control-plane,,,Mute group 1-8 assignment
Chan002MuteGrp002,ChanMuteGrp,not-dsp,"mute-group membership; folded by the host onto the strip mute, the same shape as Dca (PW ruling 2026-08-30)",control-plane,,,Mute group 1-8 assignment
Chan002MuteGrp003,ChanMuteGrp,not-dsp,"mute-group membership; folded by the host onto the strip mute, the same shape as Dca (PW ruling 2026-08-30)",control-plane,,,Mute group 1-8 assignment
Chan002MuteGrp004,ChanMuteGrp,not-dsp,"mute-group membership; folded by the host onto the strip mute, the same shape as Dca (PW ruling 2026-08-30)",control-plane,,,Mute group 1-8 assignment
Chan002MuteGrp005,ChanMuteGrp,not-dsp,"mute-group membership; folded by the host onto the strip mute, the same shape as Dca (PW ruling 2026-08-30)",control-plane,,,Mute group 1-8 assignment
Chan002MuteGrp006,ChanMuteGrp,not-dsp,"mute-group membership; folded by the host onto the strip mute, the same shape as Dca (PW ruling 2026-08-30)",control-plane,,,Mute group 1-8 assignment
Chan002MuteGrp007,ChanMuteGrp,not-dsp,"mute-group membership; folded by the host onto the strip mute, the same shape as Dca (PW ruling 2026-08-30)",control-plane,,,Mute group 1-8 assignment
Chan002MuteGrp008,ChanMuteGrp,not-dsp,"mute-group membership; folded by the host onto the strip mute, the same shape as Dca (PW ruling 2026-08-30)",control-plane,,,Mute group 1-8 assignment
Chan003MuteGrp001,ChanMuteGrp,not-dsp,"mute-group membership; folded by the host onto the strip mute, the same shape as Dca (PW ruling 2026-08-30)",control-plane,,,Mute group 1-8 assignment
Chan003MuteGrp002,ChanMuteGrp,not-dsp,"mute-group membership; folded by the host onto the strip mute, the same shape as Dca (PW ruling 2026-08-30)",control-plane,,,Mute group 1-8 assignment
Chan003MuteGrp003,ChanMuteGrp,not-dsp,"mute-group membership; folded by the host onto the strip mute, the same shape as Dca (PW ruling 2026-08-30)",control-plane,,,Mute group 1-8 assignment
Chan003MuteGrp004,ChanMuteGrp,not-dsp,"mute-group membership; folded by the host onto the strip mute, the same shape as Dca (PW ruling 2026-08-30)",control-plane,,,Mute group 1-8 assignment
Chan003MuteGrp005,ChanMuteGrp,not-dsp,"mute-group membership; folded by the host onto the strip mute, the same shape as Dca (PW ruling 2026-08-30)",control-plane,,,Mute group 1-8 assignment
Chan003MuteGrp006,ChanMuteGrp,not-dsp,"mute-group membership; folded by the host onto the strip mute, the same shape as Dca (PW ruling 2026-08-30)",control-plane,,,Mute group 1-8 assignment
Chan003MuteGrp007,ChanMuteGrp,not-dsp,"mute-group membership; folded by the host onto the strip mute, the same shape as Dca (PW ruling 2026-08-30)",control-plane,,,Mute group 1-8 assignment
Chan003MuteGrp008,ChanMuteGrp,not-dsp,"mute-group membership; folded by the host onto the strip mute, the same shape as Dca (PW ruling 2026-08-30)",control-plane,,,Mute group 1-8 assignment
Chan004MuteGrp001,ChanMuteGrp,not-dsp,"mute-group membership; folded by the host onto the strip mute, the same shape as Dca (PW ruling 2026-08-30)",control-plane,,,Mute group 1-8 assignment
Chan004MuteGrp002,ChanMuteGrp,not-dsp,"mute-group membership; folded by the host onto the strip mute, the same shape as Dca (PW ruling 2026-08-30)",control-plane,,,Mute group 1-8 assignment
Chan004MuteGrp003,ChanMuteGrp,not-dsp,"mute-group membership; folded by the host onto the strip mute, the same shape as Dca (PW ruling 2026-08-30)",control-plane,,,Mute group 1-8 assignment
Chan004MuteGrp004,ChanMuteGrp,not-dsp,"mute-group membership; folded by the host onto the strip mute, the same shape as Dca (PW ruling 2026-08-30)",control-plane,,,Mute group 1-8 assignment
Chan004MuteGrp005,ChanMuteGrp,not-dsp,"mute-group membership; folded by the host onto the strip mute, the same shape as Dca (PW ruling 2026-08-30)",control-plane,,,Mute group 1-8 assignment
Chan004MuteGrp006,ChanMuteGrp,not-dsp,"mute-group membership; folded by the host onto the strip mute, the same shape as Dca (PW ruling 2026-08-30)",control-plane,,,Mute group 1-8 assignment
Chan004MuteGrp007,ChanMuteGrp,not-dsp,"mute-group membership; folded by the host onto the strip mute, the same shape as Dca (PW ruling 2026-08-30)",control-plane,,,Mute group 1-8 assignment
Chan004MuteGrp008,ChanMuteGrp,not-dsp,"mute-group membership; folded by the host onto the strip mute, the same shape as Dca (PW ruling 2026-08-30)",control-plane,,,Mute group 1-8 assignment
Chan005MuteGrp001,ChanMuteGrp,not-dsp,"mute-group membership; folded by the host onto the strip mute, the same shape as Dca (PW ruling 2026-08-30)",control-plane,,,Mute group 1-8 assignment
Chan005MuteGrp002,ChanMuteGrp,not-dsp,"mute-group membership; folded by the host onto the strip mute, the same shape as Dca (PW ruling 2026-08-30)",control-plane,,,Mute group 1-8 assignment
Chan005MuteGrp003,ChanMuteGrp,not-dsp,"mute-group membership; folded by the host onto the strip mute, the same shape as Dca (PW ruling 2026-08-30)",control-plane,,,Mute group 1-8 assignment
Chan005MuteGrp004,ChanMuteGrp,not-dsp,"mute-group membership; folded by the host onto the strip mute, the same shape as Dca (PW ruling 2026-08-30)",control-plane,,,Mute group 1-8 assignment
Chan005MuteGrp005,ChanMuteGrp,not-dsp,"mute-group membership; folded by the host onto the strip mute, the same shape as Dca (PW ruling 2026-08-30)",control-plane,,,Mute group 1-8 assignment
Chan005MuteGrp006,ChanMuteGrp,not-dsp,"mute-group membership; folded by the host onto the strip mute, the same shape as Dca (PW ruling 2026-08-30)",control-plane,,,Mute group 1-8 assignment
Chan005MuteGrp007,ChanMuteGrp,not-dsp,"mute-group membership; folded by the host onto the strip mute, the same shape as Dca (PW ruling 2026-08-30)",control-plane,,,Mute group 1-8 assignment
Chan005MuteGrp008,ChanMuteGrp,not-dsp,"mute-group membership; folded by the host onto the strip mute, the same shape as Dca (PW ruling 2026-08-30)",control-plane,,,Mute group 1-8 assignment
Chan006MuteGrp001,ChanMuteGrp,not-dsp,"mute-group membership; folded by the host onto the strip mute, the same shape as Dca (PW ruling 2026-08-30)",control-plane,,,Mute group 1-8 assignment
Chan006MuteGrp002,ChanMuteGrp,not-dsp,"mute-group membership; folded by the host onto the strip mute, the same shape as Dca (PW ruling 2026-08-30)",control-plane,,,Mute group 1-8 assignment
Chan006MuteGrp003,ChanMuteGrp,not-dsp,"mute-group membership; folded by the host onto the strip mute, the same shape as Dca (PW ruling 2026-08-30)",control-plane,,,Mute group 1-8 assignment
Chan006MuteGrp004,ChanMuteGrp,not-dsp,"mute-group membership; folded by the host onto the strip mute, the same shape as Dca (PW ruling 2026-08-30)",control-plane,,,Mute group 1-8 assignment
Chan006MuteGrp005,ChanMuteGrp,not-dsp,"mute-group membership; folded by the host onto the strip mute, the same shape as Dca (PW ruling 2026-08-30)",control-plane,,,Mute group 1-8 assignment
Chan006MuteGrp006,ChanMuteGrp,not-dsp,"mute-group membership; folded by the host onto the strip mute, the same shape as Dca (PW ruling 2026-08-30)",control-plane,,,Mute group 1-8 assignment
Chan006MuteGrp007,ChanMuteGrp,not-dsp,"mute-group membership; folded by the host onto the strip mute, the same shape as Dca (PW ruling 2026-08-30)",control-plane,,,Mute group 1-8 assignment
Chan006MuteGrp008,ChanMuteGrp,not-dsp,"mute-group membership; folded by the host onto the strip mute, the same shape as Dca (PW ruling 2026-08-30)",control-plane,,,Mute group 1-8 assignment
Chan007MuteGrp001,ChanMuteGrp,not-dsp,"mute-group membership; folded by the host onto the strip mute, the same shape as Dca (PW ruling 2026-08-30)",control-plane,,,Mute group 1-8 assignment
Chan007MuteGrp002,ChanMuteGrp,not-dsp,"mute-group membership; folded by the host onto the strip mute, the same shape as Dca (PW ruling 2026-08-30)",control-plane,,,Mute group 1-8 assignment
Chan007MuteGrp003,ChanMuteGrp,not-dsp,"mute-group membership; folded by the host onto the strip mute, the same shape as Dca (PW ruling 2026-08-30)",control-plane,,,Mute group 1-8 assignment
Chan007MuteGrp004,ChanMuteGrp,not-dsp,"mute-group membership; folded by the host onto the strip mute, the same shape as Dca (PW ruling 2026-08-30)",control-plane,,,Mute group 1-8 assignment
Chan007MuteGrp005,ChanMuteGrp,not-dsp,"mute-group membership; folded by the host onto the strip mute, the same shape as Dca (PW ruling 2026-08-30)",control-plane,,,Mute group 1-8 assignment
Chan007MuteGrp006,ChanMuteGrp,not-dsp,"mute-group membership; folded by the host onto the strip mute, the same shape as Dca (PW ruling 2026-08-30)",control-plane,,,Mute group 1-8 assignment
Chan007MuteGrp007,ChanMuteGrp,not-dsp,"mute-group membership; folded by the host onto the strip mute, the same shape as Dca (PW ruling 2026-08-30)",control-plane,,,Mute group 1-8 assignment
Chan007MuteGrp008,ChanMuteGrp,not-dsp,"mute-group membership; folded by the host onto the strip mute, the same shape as Dca (PW ruling 2026-08-30)",control-plane,,,Mute group 1-8 assignment
Chan008MuteGrp001,ChanMuteGrp,not-dsp,"mute-group membership; folded by the host onto the strip mute, the same shape as Dca (PW ruling 2026-08-30)",control-plane,,,Mute group 1-8 assignment
Chan008MuteGrp002,ChanMuteGrp,not-dsp,"mute-group membership; folded by the host onto the strip mute, the same shape as Dca (PW ruling 2026-08-30)",control-plane,,,Mute group 1-8 assignment
Chan008MuteGrp003,ChanMuteGrp,not-dsp,"mute-group membership; folded by the host onto the strip mute, the same shape as Dca (PW ruling 2026-08-30)",control-plane,,,Mute group 1-8 assignment
Chan008MuteGrp004,ChanMuteGrp,not-dsp,"mute-group membership; folded by the host onto the strip mute, the same shape as Dca (PW ruling 2026-08-30)",control-plane,,,Mute group 1-8 assignment
Chan008MuteGrp005,ChanMuteGrp,not-dsp,"mute-group membership; folded by the host onto the strip mute, the same shape as Dca (PW ruling 2026-08-30)",control-plane,,,Mute group 1-8 assignment
Chan008MuteGrp006,ChanMuteGrp,not-dsp,"mute-group membership; folded by the host onto the strip mute, the same shape as Dca (PW ruling 2026-08-30)",control-plane,,,Mute group 1-8 assignment
Chan008MuteGrp007,ChanMuteGrp,not-dsp,"mute-group membership; folded by the host onto the strip mute, the same shape as Dca (PW ruling 2026-08-30)",control-plane,,,Mute group 1-8 assignment
Chan008MuteGrp008,ChanMuteGrp,not-dsp,"mute-group membership; folded by the host onto the strip mute, the same shape as Dca (PW ruling 2026-08-30)",control-plane,,,Mute group 1-8 assignment
Chan009MuteGrp001,ChanMuteGrp,not-dsp,"mute-group membership; folded by the host onto the strip mute, the same shape as Dca (PW ruling 2026-08-30)",control-plane,,,Mute group 1-8 assignment
Chan009MuteGrp002,ChanMuteGrp,not-dsp,"mute-group membership; folded by the host onto the strip mute, the same shape as Dca (PW ruling 2026-08-30)",control-plane,,,Mute group 1-8 assignment
Chan009MuteGrp003,ChanMuteGrp,not-dsp,"mute-group membership; folded by the host onto the strip mute, the same shape as Dca (PW ruling 2026-08-30)",control-plane,,,Mute group 1-8 assignment
Chan009MuteGrp004,ChanMuteGrp,not-dsp,"mute-group membership; folded by the host onto the strip mute, the same shape as Dca (PW ruling 2026-08-30)",control-plane,,,Mute group 1-8 assignment
Chan009MuteGrp005,ChanMuteGrp,not-dsp,"mute-group membership; folded by the host onto the strip mute, the same shape as Dca (PW ruling 2026-08-30)",control-plane,,,Mute group 1-8 assignment
Chan009MuteGrp006,ChanMuteGrp,not-dsp,"mute-group membership; folded by the host onto the strip mute, the same shape as Dca (PW ruling 2026-08-30)",control-plane,,,Mute group 1-8 assignment
Chan009MuteGrp007,ChanMuteGrp,not-dsp,"mute-group membership; folded by the host onto the strip mute, the same shape as Dca (PW ruling 2026-08-30)",control-plane,,,Mute group 1-8 assignment
Chan009MuteGrp008,ChanMuteGrp,not-dsp,"mute-group membership; folded by the host onto the strip mute, the same shape as Dca (PW ruling 2026-08-30)",control-plane,,,Mute group 1-8 assignment
Chan010MuteGrp001,ChanMuteGrp,not-dsp,"mute-group membership; folded by the host onto the strip mute, the same shape as Dca (PW ruling 2026-08-30)",control-plane,,,Mute group 1-8 assignment
Chan010MuteGrp002,ChanMuteGrp,not-dsp,"mute-group membership; folded by the host onto the strip mute, the same shape as Dca (PW ruling 2026-08-30)",control-plane,,,Mute group 1-8 assignment
Chan010MuteGrp003,ChanMuteGrp,not-dsp,"mute-group membership; folded by the host onto the strip mute, the same shape as Dca (PW ruling 2026-08-30)",control-plane,,,Mute group 1-8 assignment
Chan010MuteGrp004,ChanMuteGrp,not-dsp,"mute-group membership; folded by the host onto the strip mute, the same shape as Dca (PW ruling 2026-08-30)",control-plane,,,Mute group 1-8 assignment
Chan010MuteGrp005,ChanMuteGrp,not-dsp,"mute-group membership; folded by the host onto the strip mute, the same shape as Dca (PW ruling 2026-08-30)",control-plane,,,Mute group 1-8 assignment
Chan010MuteGrp006,ChanMuteGrp,not-dsp,"mute-group membership; folded by the host onto the strip mute, the same shape as Dca (PW ruling 2026-08-30)",control-plane,,,Mute group 1-8 assignment
Chan010MuteGrp007,ChanMuteGrp,not-dsp,"mute-group membership; folded by the host onto the strip mute, the same shape as Dca (PW ruling 2026-08-30)",control-plane,,,Mute group 1-8 assignment
Chan010MuteGrp008,ChanMuteGrp,not-dsp,"mute-group membership; folded by the host onto the strip mute, the same shape as Dca (PW ruling 2026-08-30)",control-plane,,,Mute group 1-8 assignment
Chan011MuteGrp001,ChanMuteGrp,not-dsp,"mute-group membership; folded by the host onto the strip mute, the same shape as Dca (PW ruling 2026-08-30)",control-plane,,,Mute group 1-8 assignment
Chan011MuteGrp002,ChanMuteGrp,not-dsp,"mute-group membership; folded by the host onto the strip mute, the same shape as Dca (PW ruling 2026-08-30)",control-plane,,,Mute group 1-8 assignment
Chan011MuteGrp003,ChanMuteGrp,not-dsp,"mute-group membership; folded by the host onto the strip mute, the same shape as Dca (PW ruling 2026-08-30)",control-plane,,,Mute group 1-8 assignment
Chan011MuteGrp004,ChanMuteGrp,not-dsp,"mute-group membership; folded by the host onto the strip mute, the same shape as Dca (PW ruling 2026-08-30)",control-plane,,,Mute group 1-8 assignment
Chan011MuteGrp005,ChanMuteGrp,not-dsp,"mute-group membership; folded by the host onto the strip mute, the same shape as Dca (PW ruling 2026-08-30)",control-plane,,,Mute group 1-8 assignment
Chan011MuteGrp006,ChanMuteGrp,not-dsp,"mute-group membership; folded by the host onto the strip mute, the same shape as Dca (PW ruling 2026-08-30)",control-plane,,,Mute group 1-8 assignment
Chan011MuteGrp007,ChanMuteGrp,not-dsp,"mute-group membership; folded by the host onto the strip mute, the same shape as Dca (PW ruling 2026-08-30)",control-plane,,,Mute group 1-8 assignment
Chan011MuteGrp008,ChanMuteGrp,not-dsp,"mute-group membership; folded by the host onto the strip mute, the same shape as Dca (PW ruling 2026-08-30)",control-plane,,,Mute group 1-8 assignment
Chan012MuteGrp001,ChanMuteGrp,not-dsp,"mute-group membership; folded by the host onto the strip mute, the same shape as Dca (PW ruling 2026-08-30)",control-plane,,,Mute group 1-8 assignment
Chan012MuteGrp002,ChanMuteGrp,not-dsp,"mute-group membership; folded by the host onto the strip mute, the same shape as Dca (PW ruling 2026-08-30)",control-plane,,,Mute group 1-8 assignment
Chan012MuteGrp003,ChanMuteGrp,not-dsp,"mute-group membership; folded by the host onto the strip mute, the same shape as Dca (PW ruling 2026-08-30)",control-plane,,,Mute group 1-8 assignment
Chan012MuteGrp004,ChanMuteGrp,not-dsp,"mute-group membership; folded by the host onto the strip mute, the same shape as Dca (PW ruling 2026-08-30)",control-plane,,,Mute group 1-8 assignment
Chan012MuteGrp005,ChanMuteGrp,not-dsp,"mute-group membership; folded by the host onto the strip mute, the same shape as Dca (PW ruling 2026-08-30)",control-plane,,,Mute group 1-8 assignment
Chan012MuteGrp006,ChanMuteGrp,not-dsp,"mute-group membership; folded by the host onto the strip mute, the same shape as Dca (PW ruling 2026-08-30)",control-plane,,,Mute group 1-8 assignment
Chan012MuteGrp007,ChanMuteGrp,not-dsp,"mute-group membership; folded by the host onto the strip mute, the same shape as Dca (PW ruling 2026-08-30)",control-plane,,,Mute group 1-8 assignment
Chan012MuteGrp008,ChanMuteGrp,not-dsp,"mute-group membership; folded by the host onto the strip mute, the same shape as Dca (PW ruling 2026-08-30)",control-plane,,,Mute group 1-8 assignment
Chan013MuteGrp001,ChanMuteGrp,not-dsp,"mute-group membership; folded by the host onto the strip mute, the same shape as Dca (PW ruling 2026-08-30)",control-plane,,,Mute group 1-8 assignment
Chan013MuteGrp002,ChanMuteGrp,not-dsp,"mute-group membership; folded by the host onto the strip mute, the same shape as Dca (PW ruling 2026-08-30)",control-plane,,,Mute group 1-8 assignment
Chan013MuteGrp003,ChanMuteGrp,not-dsp,"mute-group membership; folded by the host onto the strip mute, the same shape as Dca (PW ruling 2026-08-30)",control-plane,,,Mute group 1-8 assignment
Chan013MuteGrp004,ChanMuteGrp,not-dsp,"mute-group membership; folded by the host onto the strip mute, the same shape as Dca (PW ruling 2026-08-30)",control-plane,,,Mute group 1-8 assignment
Chan013MuteGrp005,ChanMuteGrp,not-dsp,"mute-group membership; folded by the host onto the strip mute, the same shape as Dca (PW ruling 2026-08-30)",control-plane,,,Mute group 1-8 assignment
Chan013MuteGrp006,ChanMuteGrp,not-dsp,"mute-group membership; folded by the host onto the strip mute, the same shape as Dca (PW ruling 2026-08-30)",control-plane,,,Mute group 1-8 assignment
Chan013MuteGrp007,ChanMuteGrp,not-dsp,"mute-group membership; folded by the host onto the strip mute, the same shape as Dca (PW ruling 2026-08-30)",control-plane,,,Mute group 1-8 assignment
Chan013MuteGrp008,ChanMuteGrp,not-dsp,"mute-group membership; folded by the host onto the strip mute, the same shape as Dca (PW ruling 2026-08-30)",control-plane,,,Mute group 1-8 assignment
Chan014MuteGrp001,ChanMuteGrp,not-dsp,"mute-group membership; folded by the host onto the strip mute, the same shape as Dca (PW ruling 2026-08-30)",control-plane,,,Mute group 1-8 assignment
Chan014MuteGrp002,ChanMuteGrp,not-dsp,"mute-group membership; folded by the host onto the strip mute, the same shape as Dca (PW ruling 2026-08-30)",control-plane,,,Mute group 1-8 assignment
Chan014MuteGrp003,ChanMuteGrp,not-dsp,"mute-group membership; folded by the host onto the strip mute, the same shape as Dca (PW ruling 2026-08-30)",control-plane,,,Mute group 1-8 assignment
Chan014MuteGrp004,ChanMuteGrp,not-dsp,"mute-group membership; folded by the host onto the strip mute, the same shape as Dca (PW ruling 2026-08-30)",control-plane,,,Mute group 1-8 assignment
Chan014MuteGrp005,ChanMuteGrp,not-dsp,"mute-group membership; folded by the host onto the strip mute, the same shape as Dca (PW ruling 2026-08-30)",control-plane,,,Mute group 1-8 assignment
Chan014MuteGrp006,ChanMuteGrp,not-dsp,"mute-group membership; folded by the host onto the strip mute, the same shape as Dca (PW ruling 2026-08-30)",control-plane,,,Mute group 1-8 assignment
Chan014MuteGrp007,ChanMuteGrp,not-dsp,"mute-group membership; folded by the host onto the strip mute, the same shape as Dca (PW ruling 2026-08-30)",control-plane,,,Mute group 1-8 assignment
Chan014MuteGrp008,ChanMuteGrp,not-dsp,"mute-group membership; folded by the host onto the strip mute, the same shape as Dca (PW ruling 2026-08-30)",control-plane,,,Mute group 1-8 assignment
Chan015MuteGrp001,ChanMuteGrp,not-dsp,"mute-group membership; folded by the host onto the strip mute, the same shape as Dca (PW ruling 2026-08-30)",control-plane,,,Mute group 1-8 assignment
Chan015MuteGrp002,ChanMuteGrp,not-dsp,"mute-group membership; folded by the host onto the strip mute, the same shape as Dca (PW ruling 2026-08-30)",control-plane,,,Mute group 1-8 assignment
Chan015MuteGrp003,ChanMuteGrp,not-dsp,"mute-group membership; folded by the host onto the strip mute, the same shape as Dca (PW ruling 2026-08-30)",control-plane,,,Mute group 1-8 assignment
Chan015MuteGrp004,ChanMuteGrp,not-dsp,"mute-group membership; folded by the host onto the strip mute, the same shape as Dca (PW ruling 2026-08-30)",control-plane,,,Mute group 1-8 assignment
Chan015MuteGrp005,ChanMuteGrp,not-dsp,"mute-group membership; folded by the host onto the strip mute, the same shape as Dca (PW ruling 2026-08-30)",control-plane,,,Mute group 1-8 assignment
Chan015MuteGrp006,ChanMuteGrp,not-dsp,"mute-group membership; folded by the host onto the strip mute, the same shape as Dca (PW ruling 2026-08-30)",control-plane,,,Mute group 1-8 assignment
Chan015MuteGrp007,ChanMuteGrp,not-dsp,"mute-group membership; folded by the host onto the strip mute, the same shape as Dca (PW ruling 2026-08-30)",control-plane,,,Mute group 1-8 assignment
Chan015MuteGrp008,ChanMuteGrp,not-dsp,"mute-group membership; folded by the host onto the strip mute, the same shape as Dca (PW ruling 2026-08-30)",control-plane,,,Mute group 1-8 assignment
Chan016MuteGrp001,ChanMuteGrp,not-dsp,"mute-group membership; folded by the host onto the strip mute, the same shape as Dca (PW ruling 2026-08-30)",control-plane,,,Mute group 1-8 assignment
Chan016MuteGrp002,ChanMuteGrp,not-dsp,"mute-group membership; folded by the host onto the strip mute, the same shape as Dca (PW ruling 2026-08-30)",control-plane,,,Mute group 1-8 assignment
Chan016MuteGrp003,ChanMuteGrp,not-dsp,"mute-group membership; folded by the host onto the strip mute, the same shape as Dca (PW ruling 2026-08-30)",control-plane,,,Mute group 1-8 assignment
Chan016MuteGrp004,ChanMuteGrp,not-dsp,"mute-group membership; folded by the host onto the strip mute, the same shape as Dca (PW ruling 2026-08-30)",control-plane,,,Mute group 1-8 assignment
Chan016MuteGrp005,ChanMuteGrp,not-dsp,"mute-group membership; folded by the host onto the strip mute, the same shape as Dca (PW ruling 2026-08-30)",control-plane,,,Mute group 1-8 assignment
Chan016MuteGrp006,ChanMuteGrp,not-dsp,"mute-group membership; folded by the host onto the strip mute, the same shape as Dca (PW ruling 2026-08-30)",control-plane,,,Mute group 1-8 assignment
Chan016MuteGrp007,ChanMuteGrp,not-dsp,"mute-group membership; folded by the host onto the strip mute, the same shape as Dca (PW ruling 2026-08-30)",control-plane,,,Mute group 1-8 assignment
Chan016MuteGrp008,ChanMuteGrp,not-dsp,"mute-group membership; folded by the host onto the strip mute, the same shape as Dca (PW ruling 2026-08-30)",control-plane,,,Mute group 1-8 assignment
Chan017MuteGrp001,ChanMuteGrp,not-dsp,"mute-group membership; folded by the host onto the strip mute, the same shape as Dca (PW ruling 2026-08-30)",control-plane,,,Mute group 1-8 assignment
Chan017MuteGrp002,ChanMuteGrp,not-dsp,"mute-group membership; folded by the host onto the strip mute, the same shape as Dca (PW ruling 2026-08-30)",control-plane,,,Mute group 1-8 assignment
Chan017MuteGrp003,ChanMuteGrp,not-dsp,"mute-group membership; folded by the host onto the strip mute, the same shape as Dca (PW ruling 2026-08-30)",control-plane,,,Mute group 1-8 assignment
Chan017MuteGrp004,ChanMuteGrp,not-dsp,"mute-group membership; folded by the host onto the strip mute, the same shape as Dca (PW ruling 2026-08-30)",control-plane,,,Mute group 1-8 assignment
Chan017MuteGrp005,ChanMuteGrp,not-dsp,"mute-group membership; folded by the host onto the strip mute, the same shape as Dca (PW ruling 2026-08-30)",control-plane,,,Mute group 1-8 assignment
Chan017MuteGrp006,ChanMuteGrp,not-dsp,"mute-group membership; folded by the host onto the strip mute, the same shape as Dca (PW ruling 2026-08-30)",control-plane,,,Mute group 1-8 assignment
Chan017MuteGrp007,ChanMuteGrp,not-dsp,"mute-group membership; folded by the host onto the strip mute, the same shape as Dca (PW ruling 2026-08-30)",control-plane,,,Mute group 1-8 assignment
Chan017MuteGrp008,ChanMuteGrp,not-dsp,"mute-group membership; folded by the host onto the strip mute, the same shape as Dca (PW ruling 2026-08-30)",control-plane,,,Mute group 1-8 assignment
Chan018MuteGrp001,ChanMuteGrp,not-dsp,"mute-group membership; folded by the host onto the strip mute, the same shape as Dca (PW ruling 2026-08-30)",control-plane,,,Mute group 1-8 assignment
Chan018MuteGrp002,ChanMuteGrp,not-dsp,"mute-group membership; folded by the host onto the strip mute, the same shape as Dca (PW ruling 2026-08-30)",control-plane,,,Mute group 1-8 assignment
Chan018MuteGrp003,ChanMuteGrp,not-dsp,"mute-group membership; folded by the host onto the strip mute, the same shape as Dca (PW ruling 2026-08-30)",control-plane,,,Mute group 1-8 assignment
Chan018MuteGrp004,ChanMuteGrp,not-dsp,"mute-group membership; folded by the host onto the strip mute, the same shape as Dca (PW ruling 2026-08-30)",control-plane,,,Mute group 1-8 assignment
Chan018MuteGrp005,ChanMuteGrp,not-dsp,"mute-group membership; folded by the host onto the strip mute, the same shape as Dca (PW ruling 2026-08-30)",control-plane,,,Mute group 1-8 assignment
Chan018MuteGrp006,ChanMuteGrp,not-dsp,"mute-group membership; folded by the host onto the strip mute, the same shape as Dca (PW ruling 2026-08-30)",control-plane,,,Mute group 1-8 assignment
Chan018MuteGrp007,ChanMuteGrp,not-dsp,"mute-group membership; folded by the host onto the strip mute, the same shape as Dca (PW ruling 2026-08-30)",control-plane,,,Mute group 1-8 assignment
Chan018MuteGrp008,ChanMuteGrp,not-dsp,"mute-group membership; folded by the host onto the strip mute, the same shape as Dca (PW ruling 2026-08-30)",control-plane,,,Mute group 1-8 assignment
Chan019MuteGrp001,ChanMuteGrp,not-dsp,"mute-group membership; folded by the host onto the strip mute, the same shape as Dca (PW ruling 2026-08-30)",control-plane,,,Mute group 1-8 assignment
Chan019MuteGrp002,ChanMuteGrp,not-dsp,"mute-group membership; folded by the host onto the strip mute, the same shape as Dca (PW ruling 2026-08-30)",control-plane,,,Mute group 1-8 assignment
Chan019MuteGrp003,ChanMuteGrp,not-dsp,"mute-group membership; folded by the host onto the strip mute, the same shape as Dca (PW ruling 2026-08-30)",control-plane,,,Mute group 1-8 assignment
Chan019MuteGrp004,ChanMuteGrp,not-dsp,"mute-group membership; folded by the host onto the strip mute, the same shape as Dca (PW ruling 2026-08-30)",control-plane,,,Mute group 1-8 assignment
Chan019MuteGrp005,ChanMuteGrp,not-dsp,"mute-group membership; folded by the host onto the strip mute, the same shape as Dca (PW ruling 2026-08-30)",control-plane,,,Mute group 1-8 assignment
Chan019MuteGrp006,ChanMuteGrp,not-dsp,"mute-group membership; folded by the host onto the strip mute, the same shape as Dca (PW ruling 2026-08-30)",control-plane,,,Mute group 1-8 assignment
Chan019MuteGrp007,ChanMuteGrp,not-dsp,"mute-group membership; folded by the host onto the strip mute, the same shape as Dca (PW ruling 2026-08-30)",control-plane,,,Mute group 1-8 assignment
Chan019MuteGrp008,ChanMuteGrp,not-dsp,"mute-group membership; folded by the host onto the strip mute, the same shape as Dca (PW ruling 2026-08-30)",control-plane,,,Mute group 1-8 assignment
Chan020MuteGrp001,ChanMuteGrp,not-dsp,"mute-group membership; folded by the host onto the strip mute, the same shape as Dca (PW ruling 2026-08-30)",control-plane,,,Mute group 1-8 assignment
Chan020MuteGrp002,ChanMuteGrp,not-dsp,"mute-group membership; folded by the host onto the strip mute, the same shape as Dca (PW ruling 2026-08-30)",control-plane,,,Mute group 1-8 assignment
Chan020MuteGrp003,ChanMuteGrp,not-dsp,"mute-group membership; folded by the host onto the strip mute, the same shape as Dca (PW ruling 2026-08-30)",control-plane,,,Mute group 1-8 assignment
Chan020MuteGrp004,ChanMuteGrp,not-dsp,"mute-group membership; folded by the host onto the strip mute, the same shape as Dca (PW ruling 2026-08-30)",control-plane,,,Mute group 1-8 assignment
Chan020MuteGrp005,ChanMuteGrp,not-dsp,"mute-group membership; folded by the host onto the strip mute, the same shape as Dca (PW ruling 2026-08-30)",control-plane,,,Mute group 1-8 assignment
Chan020MuteGrp006,ChanMuteGrp,not-dsp,"mute-group membership; folded by the host onto the strip mute, the same shape as Dca (PW ruling 2026-08-30)",control-plane,,,Mute group 1-8 assignment
Chan020MuteGrp007,ChanMuteGrp,not-dsp,"mute-group membership; folded by the host onto the strip mute, the same shape as Dca (PW ruling 2026-08-30)",control-plane,,,Mute group 1-8 assignment
Chan020MuteGrp008,ChanMuteGrp,not-dsp,"mute-group membership; folded by the host onto the strip mute, the same shape as Dca (PW ruling 2026-08-30)",control-plane,,,Mute group 1-8 assignment
Chan021MuteGrp001,ChanMuteGrp,not-dsp,"mute-group membership; folded by the host onto the strip mute, the same shape as Dca (PW ruling 2026-08-30)",control-plane,,,Mute group 1-8 assignment
Chan021MuteGrp002,ChanMuteGrp,not-dsp,"mute-group membership; folded by the host onto the strip mute, the same shape as Dca (PW ruling 2026-08-30)",control-plane,,,Mute group 1-8 assignment
Chan021MuteGrp003,ChanMuteGrp,not-dsp,"mute-group membership; folded by the host onto the strip mute, the same shape as Dca (PW ruling 2026-08-30)",control-plane,,,Mute group 1-8 assignment
Chan021MuteGrp004,ChanMuteGrp,not-dsp,"mute-group membership; folded by the host onto the strip mute, the same shape as Dca (PW ruling 2026-08-30)",control-plane,,,Mute group 1-8 assignment
Chan021MuteGrp005,ChanMuteGrp,not-dsp,"mute-group membership; folded by the host onto the strip mute, the same shape as Dca (PW ruling 2026-08-30)",control-plane,,,Mute group 1-8 assignment
Chan021MuteGrp006,ChanMuteGrp,not-dsp,"mute-group membership; folded by the host onto the strip mute, the same shape as Dca (PW ruling 2026-08-30)",control-plane,,,Mute group 1-8 assignment
Chan021MuteGrp007,ChanMuteGrp,not-dsp,"mute-group membership; folded by the host onto the strip mute, the same shape as Dca (PW ruling 2026-08-30)",control-plane,,,Mute group 1-8 assignment
Chan021MuteGrp008,ChanMuteGrp,not-dsp,"mute-group membership; folded by the host onto the strip mute, the same shape as Dca (PW ruling 2026-08-30)",control-plane,,,Mute group 1-8 assignment
Chan022MuteGrp001,ChanMuteGrp,not-dsp,"mute-group membership; folded by the host onto the strip mute, the same shape as Dca (PW ruling 2026-08-30)",control-plane,,,Mute group 1-8 assignment
Chan022MuteGrp002,ChanMuteGrp,not-dsp,"mute-group membership; folded by the host onto the strip mute, the same shape as Dca (PW ruling 2026-08-30)",control-plane,,,Mute group 1-8 assignment
Chan022MuteGrp003,ChanMuteGrp,not-dsp,"mute-group membership; folded by the host onto the strip mute, the same shape as Dca (PW ruling 2026-08-30)",control-plane,,,Mute group 1-8 assignment
Chan022MuteGrp004,ChanMuteGrp,not-dsp,"mute-group membership; folded by the host onto the strip mute, the same shape as Dca (PW ruling 2026-08-30)",control-plane,,,Mute group 1-8 assignment
Chan022MuteGrp005,ChanMuteGrp,not-dsp,"mute-group membership; folded by the host onto the strip mute, the same shape as Dca (PW ruling 2026-08-30)",control-plane,,,Mute group 1-8 assignment
Chan022MuteGrp006,ChanMuteGrp,not-dsp,"mute-group membership; folded by the host onto the strip mute, the same shape as Dca (PW ruling 2026-08-30)",control-plane,,,Mute group 1-8 assignment
Chan022MuteGrp007,ChanMuteGrp,not-dsp,"mute-group membership; folded by the host onto the strip mute, the same shape as Dca (PW ruling 2026-08-30)",control-plane,,,Mute group 1-8 assignment
Chan022MuteGrp008,ChanMuteGrp,not-dsp,"mute-group membership; folded by the host onto the strip mute, the same shape as Dca (PW ruling 2026-08-30)",control-plane,,,Mute group 1-8 assignment
Chan023MuteGrp001,ChanMuteGrp,not-dsp,"mute-group membership; folded by the host onto the strip mute, the same shape as Dca (PW ruling 2026-08-30)",control-plane,,,Mute group 1-8 assignment
Chan023MuteGrp002,ChanMuteGrp,not-dsp,"mute-group membership; folded by the host onto the strip mute, the same shape as Dca (PW ruling 2026-08-30)",control-plane,,,Mute group 1-8 assignment
Chan023MuteGrp003,ChanMuteGrp,not-dsp,"mute-group membership; folded by the host onto the strip mute, the same shape as Dca (PW ruling 2026-08-30)",control-plane,,,Mute group 1-8 assignment
Chan023MuteGrp004,ChanMuteGrp,not-dsp,"mute-group membership; folded by the host onto the strip mute, the same shape as Dca (PW ruling 2026-08-30)",control-plane,,,Mute group 1-8 assignment
Chan023MuteGrp005,ChanMuteGrp,not-dsp,"mute-group membership; folded by the host onto the strip mute, the same shape as Dca (PW ruling 2026-08-30)",control-plane,,,Mute group 1-8 assignment
Chan023MuteGrp006,ChanMuteGrp,not-dsp,"mute-group membership; folded by the host onto the strip mute, the same shape as Dca (PW ruling 2026-08-30)",control-plane,,,Mute group 1-8 assignment
Chan023MuteGrp007,ChanMuteGrp,not-dsp,"mute-group membership; folded by the host onto the strip mute, the same shape as Dca (PW ruling 2026-08-30)",control-plane,,,Mute group 1-8 assignment
Chan023MuteGrp008,ChanMuteGrp,not-dsp,"mute-group membership; folded by the host onto the strip mute, the same shape as Dca (PW ruling 2026-08-30)",control-plane,,,Mute group 1-8 assignment
Chan024MuteGrp001,ChanMuteGrp,not-dsp,"mute-group membership; folded by the host onto the strip mute, the same shape as Dca (PW ruling 2026-08-30)",control-plane,,,Mute group 1-8 assignment
Chan024MuteGrp002,ChanMuteGrp,not-dsp,"mute-group membership; folded by the host onto the strip mute, the same shape as Dca (PW ruling 2026-08-30)",control-plane,,,Mute group 1-8 assignment
Chan024MuteGrp003,ChanMuteGrp,not-dsp,"mute-group membership; folded by the host onto the strip mute, the same shape as Dca (PW ruling 2026-08-30)",control-plane,,,Mute group 1-8 assignment
Chan024MuteGrp004,ChanMuteGrp,not-dsp,"mute-group membership; folded by the host onto the strip mute, the same shape as Dca (PW ruling 2026-08-30)",control-plane,,,Mute group 1-8 assignment
Chan024MuteGrp005,ChanMuteGrp,not-dsp,"mute-group membership; folded by the host onto the strip mute, the same shape as Dca (PW ruling 2026-08-30)",control-plane,,,Mute group 1-8 assignment
Chan024MuteGrp006,ChanMuteGrp,not-dsp,"mute-group membership; folded by the host onto the strip mute, the same shape as Dca (PW ruling 2026-08-30)",control-plane,,,Mute group 1-8 assignment
Chan024MuteGrp007,ChanMuteGrp,not-dsp,"mute-group membership; folded by the host onto the strip mute, the same shape as Dca (PW ruling 2026-08-30)",control-plane,,,Mute group 1-8 assignment
Chan024MuteGrp008,ChanMuteGrp,not-dsp,"mute-group membership; folded by the host onto the strip mute, the same shape as Dca (PW ruling 2026-08-30)",control-plane,,,Mute group 1-8 assignment
Chan001Name001,ChanName,not-dsp,"text label; the host stores it, the DSP has no word for it",label,,,Input channel name/label
Chan002Name001,ChanName,not-dsp,"text label; the host stores it, the DSP has no word for it",label,,,Input channel name/label
Chan003Name001,ChanName,not-dsp,"text label; the host stores it, the DSP has no word for it",label,,,Input channel name/label
Chan004Name001,ChanName,not-dsp,"text label; the host stores it, the DSP has no word for it",label,,,Input channel name/label
Chan005Name001,ChanName,not-dsp,"text label; the host stores it, the DSP has no word for it",label,,,Input channel name/label
Chan006Name001,ChanName,not-dsp,"text label; the host stores it, the DSP has no word for it",label,,,Input channel name/label
Chan007Name001,ChanName,not-dsp,"text label; the host stores it, the DSP has no word for it",label,,,Input channel name/label
Chan008Name001,ChanName,not-dsp,"text label; the host stores it, the DSP has no word for it",label,,,Input channel name/label
Chan009Name001,ChanName,not-dsp,"text label; the host stores it, the DSP has no word for it",label,,,Input channel name/label
Chan010Name001,ChanName,not-dsp,"text label; the host stores it, the DSP has no word for it",label,,,Input channel name/label
Chan011Name001,ChanName,not-dsp,"text label; the host stores it, the DSP has no word for it",label,,,Input channel name/label
Chan012Name001,ChanName,not-dsp,"text label; the host stores it, the DSP has no word for it",label,,,Input channel name/label
Chan013Name001,ChanName,not-dsp,"text label; the host stores it, the DSP has no word for it",label,,,Input channel name/label
Chan014Name001,ChanName,not-dsp,"text label; the host stores it, the DSP has no word for it",label,,,Input channel name/label
Chan015Name001,ChanName,not-dsp,"text label; the host stores it, the DSP has no word for it",label,,,Input channel name/label
Chan016Name001,ChanName,not-dsp,"text label; the host stores it, the DSP has no word for it",label,,,Input channel name/label
Chan017Name001,ChanName,not-dsp,"text label; the host stores it, the DSP has no word for it",label,,,Input channel name/label
Chan018Name001,ChanName,not-dsp,"text label; the host stores it, the DSP has no word for it",label,,,Input channel name/label
Chan019Name001,ChanName,not-dsp,"text label; the host stores it, the DSP has no word for it",label,,,Input channel name/label
Chan020Name001,ChanName,not-dsp,"text label; the host stores it, the DSP has no word for it",label,,,Input channel name/label
Chan021Name001,ChanName,not-dsp,"text label; the host stores it, the DSP has no word for it",label,,,Input channel name/label
Chan022Name001,ChanName,not-dsp,"text label; the host stores it, the DSP has no word for it",label,,,Input channel name/label
Chan023Name001,ChanName,not-dsp,"text label; the host stores it, the DSP has no word for it",label,,,Input channel name/label
Chan024Name001,ChanName,not-dsp,"text label; the host stores it, the DSP has no word for it",label,,,Input channel name/label
Dca001Name001,DcaName,not-dsp,"text label; the host stores it, the DSP has no word for it",label,,,DCA group name
Dca002Name001,DcaName,not-dsp,"text label; the host stores it, the DSP has no word for it",label,,,DCA group name
Dca003Name001,DcaName,not-dsp,"text label; the host stores it, the DSP has no word for it",label,,,DCA group name
Dca004Name001,DcaName,not-dsp,"text label; the host stores it, the DSP has no word for it",label,,,DCA group name
Dca005Name001,DcaName,not-dsp,"text label; the host stores it, the DSP has no word for it",label,,,DCA group name
Dca006Name001,DcaName,not-dsp,"text label; the host stores it, the DSP has no word for it",label,,,DCA group name
Dca007Name001,DcaName,not-dsp,"text label; the host stores it, the DSP has no word for it",label,,,DCA group name
Dca008Name001,DcaName,not-dsp,"text label; the host stores it, the DSP has no word for it",label,,,DCA group name
Fdr001Grp001,FdrGrp,not-dsp,MCU-only cell family (mcu-only-prefixes.txt); no DSP address expected,mcu-only,,,Fader group membership (ch assign)
Fdr001Grp002,FdrGrp,not-dsp,MCU-only cell family (mcu-only-prefixes.txt); no DSP address expected,mcu-only,,,Fader group membership (ch assign)
Fdr001Grp003,FdrGrp,not-dsp,MCU-only cell family (mcu-only-prefixes.txt); no DSP address expected,mcu-only,,,Fader group membership (ch assign)
Fdr001Grp004,FdrGrp,not-dsp,MCU-only cell family (mcu-only-prefixes.txt); no DSP address expected,mcu-only,,,Fader group membership (ch assign)
Fdr001Grp005,FdrGrp,not-dsp,MCU-only cell family (mcu-only-prefixes.txt); no DSP address expected,mcu-only,,,Fader group membership (ch assign)
Fdr001Grp006,FdrGrp,not-dsp,MCU-only cell family (mcu-only-prefixes.txt); no DSP address expected,mcu-only,,,Fader group membership (ch assign)
Fdr001Grp007,FdrGrp,not-dsp,MCU-only cell family (mcu-only-prefixes.txt); no DSP address expected,mcu-only,,,Fader group membership (ch assign)
Fdr001Grp008,FdrGrp,not-dsp,MCU-only cell family (mcu-only-prefixes.txt); no DSP address expected,mcu-only,,,Fader group membership (ch assign)
Fdr001Grp009,FdrGrp,not-dsp,MCU-only cell family (mcu-only-prefixes.txt); no DSP address expected,mcu-only,,,Fader group membership (ch assign)
Fdr001Grp010,FdrGrp,not-dsp,MCU-only cell family (mcu-only-prefixes.txt); no DSP address expected,mcu-only,,,Fader group membership (ch assign)
Fdr001Grp011,FdrGrp,not-dsp,MCU-only cell family (mcu-only-prefixes.txt); no DSP address expected,mcu-only,,,Fader group membership (ch assign)
Fdr001Grp012,FdrGrp,not-dsp,MCU-only cell family (mcu-only-prefixes.txt); no DSP address expected,mcu-only,,,Fader group membership (ch assign)
Fdr001Grp013,FdrGrp,not-dsp,MCU-only cell family (mcu-only-prefixes.txt); no DSP address expected,mcu-only,,,Fader group membership (ch assign)
Fdr001Grp014,FdrGrp,not-dsp,MCU-only cell family (mcu-only-prefixes.txt); no DSP address expected,mcu-only,,,Fader group membership (ch assign)
Fdr001Grp015,FdrGrp,not-dsp,MCU-only cell family (mcu-only-prefixes.txt); no DSP address expected,mcu-only,,,Fader group membership (ch assign)
Fdr001Grp016,FdrGrp,not-dsp,MCU-only cell family (mcu-only-prefixes.txt); no DSP address expected,mcu-only,,,Fader group membership (ch assign)
Fdr001Grp017,FdrGrp,not-dsp,MCU-only cell family (mcu-only-prefixes.txt); no DSP address expected,mcu-only,,,Fader group membership (ch assign)
Fdr001Grp018,FdrGrp,not-dsp,MCU-only cell family (mcu-only-prefixes.txt); no DSP address expected,mcu-only,,,Fader group membership (ch assign)
Fdr001Grp019,FdrGrp,not-dsp,MCU-only cell family (mcu-only-prefixes.txt); no DSP address expected,mcu-only,,,Fader group membership (ch assign)
Fdr001Grp020,FdrGrp,not-dsp,MCU-only cell family (mcu-only-prefixes.txt); no DSP address expected,mcu-only,,,Fader group membership (ch assign)
Fdr001Grp021,FdrGrp,not-dsp,MCU-only cell family (mcu-only-prefixes.txt); no DSP address expected,mcu-only,,,Fader group membership (ch assign)
Fdr001Grp022,FdrGrp,not-dsp,MCU-only cell family (mcu-only-prefixes.txt); no DSP address expected,mcu-only,,,Fader group membership (ch assign)
Fdr001Grp023,FdrGrp,not-dsp,MCU-only cell family (mcu-only-prefixes.txt); no DSP address expected,mcu-only,,,Fader group membership (ch assign)
Fdr001Grp024,FdrGrp,not-dsp,MCU-only cell family (mcu-only-prefixes.txt); no DSP address expected,mcu-only,,,Fader group membership (ch assign)
Fdr002Grp001,FdrGrp,not-dsp,MCU-only cell family (mcu-only-prefixes.txt); no DSP address expected,mcu-only,,,Fader group membership (ch assign)
Fdr002Grp002,FdrGrp,not-dsp,MCU-only cell family (mcu-only-prefixes.txt); no DSP address expected,mcu-only,,,Fader group membership (ch assign)
Fdr002Grp003,FdrGrp,not-dsp,MCU-only cell family (mcu-only-prefixes.txt); no DSP address expected,mcu-only,,,Fader group membership (ch assign)
Fdr002Grp004,FdrGrp,not-dsp,MCU-only cell family (mcu-only-prefixes.txt); no DSP address expected,mcu-only,,,Fader group membership (ch assign)
Fdr002Grp005,FdrGrp,not-dsp,MCU-only cell family (mcu-only-prefixes.txt); no DSP address expected,mcu-only,,,Fader group membership (ch assign)
Fdr002Grp006,FdrGrp,not-dsp,MCU-only cell family (mcu-only-prefixes.txt); no DSP address expected,mcu-only,,,Fader group membership (ch assign)
Fdr002Grp007,FdrGrp,not-dsp,MCU-only cell family (mcu-only-prefixes.txt); no DSP address expected,mcu-only,,,Fader group membership (ch assign)
Fdr002Grp008,FdrGrp,not-dsp,MCU-only cell family (mcu-only-prefixes.txt); no DSP address expected,mcu-only,,,Fader group membership (ch assign)
Fdr002Grp009,FdrGrp,not-dsp,MCU-only cell family (mcu-only-prefixes.txt); no DSP address expected,mcu-only,,,Fader group membership (ch assign)
Fdr002Grp010,FdrGrp,not-dsp,MCU-only cell family (mcu-only-prefixes.txt); no DSP address expected,mcu-only,,,Fader group membership (ch assign)
Fdr002Grp011,FdrGrp,not-dsp,MCU-only cell family (mcu-only-prefixes.txt); no DSP address expected,mcu-only,,,Fader group membership (ch assign)
Fdr002Grp012,FdrGrp,not-dsp,MCU-only cell family (mcu-only-prefixes.txt); no DSP address expected,mcu-only,,,Fader group membership (ch assign)
Fdr002Grp013,FdrGrp,not-dsp,MCU-only cell family (mcu-only-prefixes.txt); no DSP address expected,mcu-only,,,Fader group membership (ch assign)
Fdr002Grp014,FdrGrp,not-dsp,MCU-only cell family (mcu-only-prefixes.txt); no DSP address expected,mcu-only,,,Fader group membership (ch assign)
Fdr002Grp015,FdrGrp,not-dsp,MCU-only cell family (mcu-only-prefixes.txt); no DSP address expected,mcu-only,,,Fader group membership (ch assign)
Fdr002Grp016,FdrGrp,not-dsp,MCU-only cell family (mcu-only-prefixes.txt); no DSP address expected,mcu-only,,,Fader group membership (ch assign)
Fdr002Grp017,FdrGrp,not-dsp,MCU-only cell family (mcu-only-prefixes.txt); no DSP address expected,mcu-only,,,Fader group membership (ch assign)
Fdr002Grp018,FdrGrp,not-dsp,MCU-only cell family (mcu-only-prefixes.txt); no DSP address expected,mcu-only,,,Fader group membership (ch assign)
Fdr002Grp019,FdrGrp,not-dsp,MCU-only cell family (mcu-only-prefixes.txt); no DSP address expected,mcu-only,,,Fader group membership (ch assign)
Fdr002Grp020,FdrGrp,not-dsp,MCU-only cell family (mcu-only-prefixes.txt); no DSP address expected,mcu-only,,,Fader group membership (ch assign)
Fdr002Grp021,FdrGrp,not-dsp,MCU-only cell family (mcu-only-prefixes.txt); no DSP address expected,mcu-only,,,Fader group membership (ch assign)
Fdr002Grp022,FdrGrp,not-dsp,MCU-only cell family (mcu-only-prefixes.txt); no DSP address expected,mcu-only,,,Fader group membership (ch assign)
Fdr002Grp023,FdrGrp,not-dsp,MCU-only cell family (mcu-only-prefixes.txt); no DSP address expected,mcu-only,,,Fader group membership (ch assign)
Fdr002Grp024,FdrGrp,not-dsp,MCU-only cell family (mcu-only-prefixes.txt); no DSP address expected,mcu-only,,,Fader group membership (ch assign)
Fdr003Grp001,FdrGrp,not-dsp,MCU-only cell family (mcu-only-prefixes.txt); no DSP address expected,mcu-only,,,Fader group membership (ch assign)
Fdr003Grp002,FdrGrp,not-dsp,MCU-only cell family (mcu-only-prefixes.txt); no DSP address expected,mcu-only,,,Fader group membership (ch assign)
Fdr003Grp003,FdrGrp,not-dsp,MCU-only cell family (mcu-only-prefixes.txt); no DSP address expected,mcu-only,,,Fader group membership (ch assign)
Fdr003Grp004,FdrGrp,not-dsp,MCU-only cell family (mcu-only-prefixes.txt); no DSP address expected,mcu-only,,,Fader group membership (ch assign)
Fdr003Grp005,FdrGrp,not-dsp,MCU-only cell family (mcu-only-prefixes.txt); no DSP address expected,mcu-only,,,Fader group membership (ch assign)
Fdr003Grp006,FdrGrp,not-dsp,MCU-only cell family (mcu-only-prefixes.txt); no DSP address expected,mcu-only,,,Fader group membership (ch assign)
Fdr003Grp007,FdrGrp,not-dsp,MCU-only cell family (mcu-only-prefixes.txt); no DSP address expected,mcu-only,,,Fader group membership (ch assign)
Fdr003Grp008,FdrGrp,not-dsp,MCU-only cell family (mcu-only-prefixes.txt); no DSP address expected,mcu-only,,,Fader group membership (ch assign)
Fdr003Grp009,FdrGrp,not-dsp,MCU-only cell family (mcu-only-prefixes.txt); no DSP address expected,mcu-only,,,Fader group membership (ch assign)
Fdr003Grp010,FdrGrp,not-dsp,MCU-only cell family (mcu-only-prefixes.txt); no DSP address expected,mcu-only,,,Fader group membership (ch assign)
Fdr003Grp011,FdrGrp,not-dsp,MCU-only cell family (mcu-only-prefixes.txt); no DSP address expected,mcu-only,,,Fader group membership (ch assign)
Fdr003Grp012,FdrGrp,not-dsp,MCU-only cell family (mcu-only-prefixes.txt); no DSP address expected,mcu-only,,,Fader group membership (ch assign)
Fdr003Grp013,FdrGrp,not-dsp,MCU-only cell family (mcu-only-prefixes.txt); no DSP address expected,mcu-only,,,Fader group membership (ch assign)
Fdr003Grp014,FdrGrp,not-dsp,MCU-only cell family (mcu-only-prefixes.txt); no DSP address expected,mcu-only,,,Fader group membership (ch assign)
Fdr003Grp015,FdrGrp,not-dsp,MCU-only cell family (mcu-only-prefixes.txt); no DSP address expected,mcu-only,,,Fader group membership (ch assign)
Fdr003Grp016,FdrGrp,not-dsp,MCU-only cell family (mcu-only-prefixes.txt); no DSP address expected,mcu-only,,,Fader group membership (ch assign)
Fdr003Grp017,FdrGrp,not-dsp,MCU-only cell family (mcu-only-prefixes.txt); no DSP address expected,mcu-only,,,Fader group membership (ch assign)
Fdr003Grp018,FdrGrp,not-dsp,MCU-only cell family (mcu-only-prefixes.txt); no DSP address expected,mcu-only,,,Fader group membership (ch assign)
Fdr003Grp019,FdrGrp,not-dsp,MCU-only cell family (mcu-only-prefixes.txt); no DSP address expected,mcu-only,,,Fader group membership (ch assign)
Fdr003Grp020,FdrGrp,not-dsp,MCU-only cell family (mcu-only-prefixes.txt); no DSP address expected,mcu-only,,,Fader group membership (ch assign)
Fdr003Grp021,FdrGrp,not-dsp,MCU-only cell family (mcu-only-prefixes.txt); no DSP address expected,mcu-only,,,Fader group membership (ch assign)
Fdr003Grp022,FdrGrp,not-dsp,MCU-only cell family (mcu-only-prefixes.txt); no DSP address expected,mcu-only,,,Fader group membership (ch assign)
Fdr003Grp023,FdrGrp,not-dsp,MCU-only cell family (mcu-only-prefixes.txt); no DSP address expected,mcu-only,,,Fader group membership (ch assign)
Fdr003Grp024,FdrGrp,not-dsp,MCU-only cell family (mcu-only-prefixes.txt); no DSP address expected,mcu-only,,,Fader group membership (ch assign)
Fdr004Grp001,FdrGrp,not-dsp,MCU-only cell family (mcu-only-prefixes.txt); no DSP address expected,mcu-only,,,Fader group membership (ch assign)
Fdr004Grp002,FdrGrp,not-dsp,MCU-only cell family (mcu-only-prefixes.txt); no DSP address expected,mcu-only,,,Fader group membership (ch assign)
Fdr004Grp003,FdrGrp,not-dsp,MCU-only cell family (mcu-only-prefixes.txt); no DSP address expected,mcu-only,,,Fader group membership (ch assign)
Fdr004Grp004,FdrGrp,not-dsp,MCU-only cell family (mcu-only-prefixes.txt); no DSP address expected,mcu-only,,,Fader group membership (ch assign)
Fdr004Grp005,FdrGrp,not-dsp,MCU-only cell family (mcu-only-prefixes.txt); no DSP address expected,mcu-only,,,Fader group membership (ch assign)
Fdr004Grp006,FdrGrp,not-dsp,MCU-only cell family (mcu-only-prefixes.txt); no DSP address expected,mcu-only,,,Fader group membership (ch assign)
Fdr004Grp007,FdrGrp,not-dsp,MCU-only cell family (mcu-only-prefixes.txt); no DSP address expected,mcu-only,,,Fader group membership (ch assign)
Fdr004Grp008,FdrGrp,not-dsp,MCU-only cell family (mcu-only-prefixes.txt); no DSP address expected,mcu-only,,,Fader group membership (ch assign)
Fdr004Grp009,FdrGrp,not-dsp,MCU-only cell family (mcu-only-prefixes.txt); no DSP address expected,mcu-only,,,Fader group membership (ch assign)
Fdr004Grp010,FdrGrp,not-dsp,MCU-only cell family (mcu-only-prefixes.txt); no DSP address expected,mcu-only,,,Fader group membership (ch assign)
Fdr004Grp011,FdrGrp,not-dsp,MCU-only cell family (mcu-only-prefixes.txt); no DSP address expected,mcu-only,,,Fader group membership (ch assign)
Fdr004Grp012,FdrGrp,not-dsp,MCU-only cell family (mcu-only-prefixes.txt); no DSP address expected,mcu-only,,,Fader group membership (ch assign)
Fdr004Grp013,FdrGrp,not-dsp,MCU-only cell family (mcu-only-prefixes.txt); no DSP address expected,mcu-only,,,Fader group membership (ch assign)
Fdr004Grp014,FdrGrp,not-dsp,MCU-only cell family (mcu-only-prefixes.txt); no DSP address expected,mcu-only,,,Fader group membership (ch assign)
Fdr004Grp015,FdrGrp,not-dsp,MCU-only cell family (mcu-only-prefixes.txt); no DSP address expected,mcu-only,,,Fader group membership (ch assign)
Fdr004Grp016,FdrGrp,not-dsp,MCU-only cell family (mcu-only-prefixes.txt); no DSP address expected,mcu-only,,,Fader group membership (ch assign)
Fdr004Grp017,FdrGrp,not-dsp,MCU-only cell family (mcu-only-prefixes.txt); no DSP address expected,mcu-only,,,Fader group membership (ch assign)
Fdr004Grp018,FdrGrp,not-dsp,MCU-only cell family (mcu-only-prefixes.txt); no DSP address expected,mcu-only,,,Fader group membership (ch assign)
Fdr004Grp019,FdrGrp,not-dsp,MCU-only cell family (mcu-only-prefixes.txt); no DSP address expected,mcu-only,,,Fader group membership (ch assign)
Fdr004Grp020,FdrGrp,not-dsp,MCU-only cell family (mcu-only-prefixes.txt); no DSP address expected,mcu-only,,,Fader group membership (ch assign)
Fdr004Grp021,FdrGrp,not-dsp,MCU-only cell family (mcu-only-prefixes.txt); no DSP address expected,mcu-only,,,Fader group membership (ch assign)
Fdr004Grp022,FdrGrp,not-dsp,MCU-only cell family (mcu-only-prefixes.txt); no DSP address expected,mcu-only,,,Fader group membership (ch assign)
Fdr004Grp023,FdrGrp,not-dsp,MCU-only cell family (mcu-only-prefixes.txt); no DSP address expected,mcu-only,,,Fader group membership (ch assign)
Fdr004Grp024,FdrGrp,not-dsp,MCU-only cell family (mcu-only-prefixes.txt); no DSP address expected,mcu-only,,,Fader group membership (ch assign)
Fdr005Grp001,FdrGrp,not-dsp,MCU-only cell family (mcu-only-prefixes.txt); no DSP address expected,mcu-only,,,Fader group membership (ch assign)
Fdr005Grp002,FdrGrp,not-dsp,MCU-only cell family (mcu-only-prefixes.txt); no DSP address expected,mcu-only,,,Fader group membership (ch assign)
Fdr005Grp003,FdrGrp,not-dsp,MCU-only cell family (mcu-only-prefixes.txt); no DSP address expected,mcu-only,,,Fader group membership (ch assign)
Fdr005Grp004,FdrGrp,not-dsp,MCU-only cell family (mcu-only-prefixes.txt); no DSP address expected,mcu-only,,,Fader group membership (ch assign)
Fdr005Grp005,FdrGrp,not-dsp,MCU-only cell family (mcu-only-prefixes.txt); no DSP address expected,mcu-only,,,Fader group membership (ch assign)
Fdr005Grp006,FdrGrp,not-dsp,MCU-only cell family (mcu-only-prefixes.txt); no DSP address expected,mcu-only,,,Fader group membership (ch assign)
Fdr005Grp007,FdrGrp,not-dsp,MCU-only cell family (mcu-only-prefixes.txt); no DSP address expected,mcu-only,,,Fader group membership (ch assign)
Fdr005Grp008,FdrGrp,not-dsp,MCU-only cell family (mcu-only-prefixes.txt); no DSP address expected,mcu-only,,,Fader group membership (ch assign)
Fdr005Grp009,FdrGrp,not-dsp,MCU-only cell family (mcu-only-prefixes.txt); no DSP address expected,mcu-only,,,Fader group membership (ch assign)
Fdr005Grp010,FdrGrp,not-dsp,MCU-only cell family (mcu-only-prefixes.txt); no DSP address expected,mcu-only,,,Fader group membership (ch assign)
Fdr005Grp011,FdrGrp,not-dsp,MCU-only cell family (mcu-only-prefixes.txt); no DSP address expected,mcu-only,,,Fader group membership (ch assign)
Fdr005Grp012,FdrGrp,not-dsp,MCU-only cell family (mcu-only-prefixes.txt); no DSP address expected,mcu-only,,,Fader group membership (ch assign)
Fdr005Grp013,FdrGrp,not-dsp,MCU-only cell family (mcu-only-prefixes.txt); no DSP address expected,mcu-only,,,Fader group membership (ch assign)
Fdr005Grp014,FdrGrp,not-dsp,MCU-only cell family (mcu-only-prefixes.txt); no DSP address expected,mcu-only,,,Fader group membership (ch assign)
Fdr005Grp015,FdrGrp,not-dsp,MCU-only cell family (mcu-only-prefixes.txt); no DSP address expected,mcu-only,,,Fader group membership (ch assign)
Fdr005Grp016,FdrGrp,not-dsp,MCU-only cell family (mcu-only-prefixes.txt); no DSP address expected,mcu-only,,,Fader group membership (ch assign)
Fdr005Grp017,FdrGrp,not-dsp,MCU-only cell family (mcu-only-prefixes.txt); no DSP address expected,mcu-only,,,Fader group membership (ch assign)
Fdr005Grp018,FdrGrp,not-dsp,MCU-only cell family (mcu-only-prefixes.txt); no DSP address expected,mcu-only,,,Fader group membership (ch assign)
Fdr005Grp019,FdrGrp,not-dsp,MCU-only cell family (mcu-only-prefixes.txt); no DSP address expected,mcu-only,,,Fader group membership (ch assign)
Fdr005Grp020,FdrGrp,not-dsp,MCU-only cell family (mcu-only-prefixes.txt); no DSP address expected,mcu-only,,,Fader group membership (ch assign)
Fdr005Grp021,FdrGrp,not-dsp,MCU-only cell family (mcu-only-prefixes.txt); no DSP address expected,mcu-only,,,Fader group membership (ch assign)
Fdr005Grp022,FdrGrp,not-dsp,MCU-only cell family (mcu-only-prefixes.txt); no DSP address expected,mcu-only,,,Fader group membership (ch assign)
Fdr005Grp023,FdrGrp,not-dsp,MCU-only cell family (mcu-only-prefixes.txt); no DSP address expected,mcu-only,,,Fader group membership (ch assign)
Fdr005Grp024,FdrGrp,not-dsp,MCU-only cell family (mcu-only-prefixes.txt); no DSP address expected,mcu-only,,,Fader group membership (ch assign)
Fx001Dca001,FxDca,not-dsp,"the host owns the value outright — no DSP address, no kernel read (PW ruling 2026-08-30)",host-managed,,,FX return DCA assignment (1-8 or off)
Fx002Dca001,FxDca,not-dsp,"the host owns the value outright — no DSP address, no kernel read (PW ruling 2026-08-30)",host-managed,,,FX return DCA assignment (1-8 or off)
Fx003Dca001,FxDca,not-dsp,"the host owns the value outright — no DSP address, no kernel read (PW ruling 2026-08-30)",host-managed,,,FX return DCA assignment (1-8 or off)
Fx004Dca001,FxDca,not-dsp,"the host owns the value outright — no DSP address, no kernel read (PW ruling 2026-08-30)",host-managed,,,FX return DCA assignment (1-8 or off)
Fx005Dca001,FxDca,not-dsp,"the host owns the value outright — no DSP address, no kernel read (PW ruling 2026-08-30)",host-managed,,,FX return DCA assignment (1-8 or off)
Fx006Dca001,FxDca,not-dsp,"the host owns the value outright — no DSP address, no kernel read (PW ruling 2026-08-30)",host-managed,,,FX return DCA assignment (1-8 or off)
Fx001DcaOn001,FxDcaOn,not-dsp,"the host owns the value outright — no DSP address, no kernel read (PW ruling 2026-08-30)",host-managed,,,DCA follow on/off (assignment kept while off)
Fx002DcaOn001,FxDcaOn,not-dsp,"the host owns the value outright — no DSP address, no kernel read (PW ruling 2026-08-30)",host-managed,,,DCA follow on/off (assignment kept while off)
Fx003DcaOn001,FxDcaOn,not-dsp,"the host owns the value outright — no DSP address, no kernel read (PW ruling 2026-08-30)",host-managed,,,DCA follow on/off (assignment kept while off)
Fx004DcaOn001,FxDcaOn,not-dsp,"the host owns the value outright — no DSP address, no kernel read (PW ruling 2026-08-30)",host-managed,,,DCA follow on/off (assignment kept while off)
Fx005DcaOn001,FxDcaOn,not-dsp,"the host owns the value outright — no DSP address, no kernel read (PW ruling 2026-08-30)",host-managed,,,DCA follow on/off (assignment kept while off)
Fx006DcaOn001,FxDcaOn,not-dsp,"the host owns the value outright — no DSP address, no kernel read (PW ruling 2026-08-30)",host-managed,,,DCA follow on/off (assignment kept while off)
Fx001MuteAll001,FxMuteAll,not-dsp,mute all FX returns; host fold onto the six return mutes,control-plane,,,Global FX mute on/off
Fx001MuteGrp001,FxMuteGrp,not-dsp,mute-group membership; host fold onto the return mute,control-plane,,,FX return mute group assignment
Fx001MuteGrp002,FxMuteGrp,not-dsp,mute-group membership; host fold onto the return mute,control-plane,,,FX return mute group assignment
Fx001MuteGrp003,FxMuteGrp,not-dsp,mute-group membership; host fold onto the return mute,control-plane,,,FX return mute group assignment
Fx001MuteGrp004,FxMuteGrp,not-dsp,mute-group membership; host fold onto the return mute,control-plane,,,FX return mute group assignment
Fx001MuteGrp005,FxMuteGrp,not-dsp,mute-group membership; host fold onto the return mute,control-plane,,,FX return mute group assignment
Fx001MuteGrp006,FxMuteGrp,not-dsp,mute-group membership; host fold onto the return mute,control-plane,,,FX return mute group assignment
Fx001MuteGrp007,FxMuteGrp,not-dsp,mute-group membership; host fold onto the return mute,control-plane,,,FX return mute group assignment
Fx001MuteGrp008,FxMuteGrp,not-dsp,mute-group membership; host fold onto the return mute,control-plane,,,FX return mute group assignment
Fx002MuteGrp001,FxMuteGrp,not-dsp,mute-group membership; host fold onto the return mute,control-plane,,,FX return mute group assignment
Fx002MuteGrp002,FxMuteGrp,not-dsp,mute-group membership; host fold onto the return mute,control-plane,,,FX return mute group assignment
Fx002MuteGrp003,FxMuteGrp,not-dsp,mute-group membership; host fold onto the return mute,control-plane,,,FX return mute group assignment
Fx002MuteGrp004,FxMuteGrp,not-dsp,mute-group membership; host fold onto the return mute,control-plane,,,FX return mute group assignment
Fx002MuteGrp005,FxMuteGrp,not-dsp,mute-group membership; host fold onto the return mute,control-plane,,,FX return mute group assignment
Fx002MuteGrp006,FxMuteGrp,not-dsp,mute-group membership; host fold onto the return mute,control-plane,,,FX return mute group assignment
Fx002MuteGrp007,FxMuteGrp,not-dsp,mute-group membership; host fold onto the return mute,control-plane,,,FX return mute group assignment
Fx002MuteGrp008,FxMuteGrp,not-dsp,mute-group membership; host fold onto the return mute,control-plane,,,FX return mute group assignment
Fx003MuteGrp001,FxMuteGrp,not-dsp,mute-group membership; host fold onto the return mute,control-plane,,,FX return mute group assignment
Fx003MuteGrp002,FxMuteGrp,not-dsp,mute-group membership; host fold onto the return mute,control-plane,,,FX return mute group assignment
Fx003MuteGrp003,FxMuteGrp,not-dsp,mute-group membership; host fold onto the return mute,control-plane,,,FX return mute group assignment
Fx003MuteGrp004,FxMuteGrp,not-dsp,mute-group membership; host fold onto the return mute,control-plane,,,FX return mute group assignment
Fx003MuteGrp005,FxMuteGrp,not-dsp,mute-group membership; host fold onto the return mute,control-plane,,,FX return mute group assignment
Fx003MuteGrp006,FxMuteGrp,not-dsp,mute-group membership; host fold onto the return mute,control-plane,,,FX return mute group assignment
Fx003MuteGrp007,FxMuteGrp,not-dsp,mute-group membership; host fold onto the return mute,control-plane,,,FX return mute group assignment
Fx003MuteGrp008,FxMuteGrp,not-dsp,mute-group membership; host fold onto the return mute,control-plane,,,FX return mute group assignment
Fx004MuteGrp001,FxMuteGrp,not-dsp,mute-group membership; host fold onto the return mute,control-plane,,,FX return mute group assignment
Fx004MuteGrp002,FxMuteGrp,not-dsp,mute-group membership; host fold onto the return mute,control-plane,,,FX return mute group assignment
Fx004MuteGrp003,FxMuteGrp,not-dsp,mute-group membership; host fold onto the return mute,control-plane,,,FX return mute group assignment
Fx004MuteGrp004,FxMuteGrp,not-dsp,mute-group membership; host fold onto the return mute,control-plane,,,FX return mute group assignment
Fx004MuteGrp005,FxMuteGrp,not-dsp,mute-group membership; host fold onto the return mute,control-plane,,,FX return mute group assignment
Fx004MuteGrp006,FxMuteGrp,not-dsp,mute-group membership; host fold onto the return mute,control-plane,,,FX return mute group assignment
Fx004MuteGrp007,FxMuteGrp,not-dsp,mute-group membership; host fold onto the return mute,control-plane,,,FX return mute group assignment
Fx004MuteGrp008,FxMuteGrp,not-dsp,mute-group membership; host fold onto the return mute,control-plane,,,FX return mute group assignment
Fx005MuteGrp001,FxMuteGrp,not-dsp,mute-group membership; host fold onto the return mute,control-plane,,,FX return mute group assignment
Fx005MuteGrp002,FxMuteGrp,not-dsp,mute-group membership; host fold onto the return mute,control-plane,,,FX return mute group assignment
Fx005MuteGrp003,FxMuteGrp,not-dsp,mute-group membership; host fold onto the return mute,control-plane,,,FX return mute group assignment
Fx005MuteGrp004,FxMuteGrp,not-dsp,mute-group membership; host fold onto the return mute,control-plane,,,FX return mute group assignment
Fx005MuteGrp005,FxMuteGrp,not-dsp,mute-group membership; host fold onto the return mute,control-plane,,,FX return mute group assignment
Fx005MuteGrp006,FxMuteGrp,not-dsp,mute-group membership; host fold onto the return mute,control-plane,,,FX return mute group assignment
Fx005MuteGrp007,FxMuteGrp,not-dsp,mute-group membership; host fold onto the return mute,control-plane,,,FX return mute group assignment
Fx005MuteGrp008,FxMuteGrp,not-dsp,mute-group membership; host fold onto the return mute,control-plane,,,FX return mute group assignment
Fx006MuteGrp001,FxMuteGrp,not-dsp,mute-group membership; host fold onto the return mute,control-plane,,,FX return mute group assignment
Fx006MuteGrp002,FxMuteGrp,not-dsp,mute-group membership; host fold onto the return mute,control-plane,,,FX return mute group assignment
Fx006MuteGrp003,FxMuteGrp,not-dsp,mute-group membership; host fold onto the return mute,control-plane,,,FX return mute group assignment
Fx006MuteGrp004,FxMuteGrp,not-dsp,mute-group membership; host fold onto the return mute,control-plane,,,FX return mute group assignment
Fx006MuteGrp005,FxMuteGrp,not-dsp,mute-group membership; host fold onto the return mute,control-plane,,,FX return mute group assignment
Fx006MuteGrp006,FxMuteGrp,not-dsp,mute-group membership; host fold onto the return mute,control-plane,,,FX return mute group assignment
Fx006MuteGrp007,FxMuteGrp,not-dsp,mute-group membership; host fold onto the return mute,control-plane,,,FX return mute group assignment
Fx006MuteGrp008,FxMuteGrp,not-dsp,mute-group membership; host fold onto the return mute,control-plane,,,FX return mute group assignment
Fx001Name001,FxName,not-dsp,"text label; the host stores it, the DSP has no word for it",label,,,FX channel name
Fx002Name001,FxName,not-dsp,"text label; the host stores it, the DSP has no word for it",label,,,FX channel name
Fx003Name001,FxName,not-dsp,"text label; the host stores it, the DSP has no word for it",label,,,FX channel name
Fx004Name001,FxName,not-dsp,"text label; the host stores it, the DSP has no word for it",label,,,FX channel name
Fx005Name001,FxName,not-dsp,"text label; the host stores it, the DSP has no word for it",label,,,FX channel name
Fx006Name001,FxName,not-dsp,"text label; the host stores it, the DSP has no word for it",label,,,FX channel name
Fx001PedAssign001,FxPedAssign,not-dsp,footswitch assignment,surface-state,,,FX footswitch pedal assignment
Fx001PedAssign002,FxPedAssign,not-dsp,footswitch assignment,surface-state,,,FX footswitch pedal assignment
Fx001PedAssign003,FxPedAssign,not-dsp,footswitch assignment,surface-state,,,FX footswitch pedal assignment
Fx001PedAssign004,FxPedAssign,not-dsp,footswitch assignment,surface-state,,,FX footswitch pedal assignment
Fx002PedAssign001,FxPedAssign,not-dsp,footswitch assignment,surface-state,,,FX footswitch pedal assignment
Fx002PedAssign002,FxPedAssign,not-dsp,footswitch assignment,surface-state,,,FX footswitch pedal assignment
Fx002PedAssign003,FxPedAssign,not-dsp,footswitch assignment,surface-state,,,FX footswitch pedal assignment
Fx002PedAssign004,FxPedAssign,not-dsp,footswitch assignment,surface-state,,,FX footswitch pedal assignment
Fx003PedAssign001,FxPedAssign,not-dsp,footswitch assignment,surface-state,,,FX footswitch pedal assignment
Fx003PedAssign002,FxPedAssign,not-dsp,footswitch assignment,surface-state,,,FX footswitch pedal assignment
Fx003PedAssign003,FxPedAssign,not-dsp,footswitch assignment,surface-state,,,FX footswitch pedal assignment
Fx003PedAssign004,FxPedAssign,not-dsp,footswitch assignment,surface-state,,,FX footswitch pedal assignment
Fx004PedAssign001,FxPedAssign,not-dsp,footswitch assignment,surface-state,,,FX footswitch pedal assignment
Fx004PedAssign002,FxPedAssign,not-dsp,footswitch assignment,surface-state,,,FX footswitch pedal assignment
Fx004PedAssign003,FxPedAssign,not-dsp,footswitch assignment,surface-state,,,FX footswitch pedal assignment
Fx004PedAssign004,FxPedAssign,not-dsp,footswitch assignment,surface-state,,,FX footswitch pedal assignment
Fx005PedAssign001,FxPedAssign,not-dsp,footswitch assignment,surface-state,,,FX footswitch pedal assignment
Fx005PedAssign002,FxPedAssign,not-dsp,footswitch assignment,surface-state,,,FX footswitch pedal assignment
Fx005PedAssign003,FxPedAssign,not-dsp,footswitch assignment,surface-state,,,FX footswitch pedal assignment
Fx005PedAssign004,FxPedAssign,not-dsp,footswitch assignment,surface-state,,,FX footswitch pedal assignment
Fx006PedAssign001,FxPedAssign,not-dsp,footswitch assignment,surface-state,,,FX footswitch pedal assignment
Fx006PedAssign002,FxPedAssign,not-dsp,footswitch assignment,surface-state,,,FX footswitch pedal assignment
Fx006PedAssign003,FxPedAssign,not-dsp,footswitch assignment,surface-state,,,FX footswitch pedal assignment
Fx006PedAssign004,FxPedAssign,not-dsp,footswitch assignment,surface-state,,,FX footswitch pedal assignment
Fx001ReturnWetLock001,FxReturnWetLock,not-dsp,UI lock on the return wet control,surface-state,,,FX return wet lock on/off
Fx002ReturnWetLock001,FxReturnWetLock,not-dsp,UI lock on the return wet control,surface-state,,,FX return wet lock on/off
Fx003ReturnWetLock001,FxReturnWetLock,not-dsp,UI lock on the return wet control,surface-state,,,FX return wet lock on/off
Fx004ReturnWetLock001,FxReturnWetLock,not-dsp,UI lock on the return wet control,surface-state,,,FX return wet lock on/off
Fx005ReturnWetLock001,FxReturnWetLock,not-dsp,UI lock on the return wet control,surface-state,,,FX return wet lock on/off
Fx006ReturnWetLock001,FxReturnWetLock,not-dsp,UI lock on the return wet control,surface-state,,,FX return wet lock on/off
Fx001Tap001,FxTap,not-dsp,tap tempo; the host computes and writes Fx*DelayTime*,control-plane,,,FX tap tempo trigger
Fx002Tap001,FxTap,not-dsp,tap tempo; the host computes and writes Fx*DelayTime*,control-plane,,,FX tap tempo trigger
Fx003Tap001,FxTap,not-dsp,tap tempo; the host computes and writes Fx*DelayTime*,control-plane,,,FX tap tempo trigger
Fx004Tap001,FxTap,not-dsp,tap tempo; the host computes and writes Fx*DelayTime*,control-plane,,,FX tap tempo trigger
Fx005Tap001,FxTap,not-dsp,tap tempo; the host computes and writes Fx*DelayTime*,control-plane,,,FX tap tempo trigger
Fx006Tap001,FxTap,not-dsp,tap tempo; the host computes and writes Fx*DelayTime*,control-plane,,,FX tap tempo trigger
Grp001Dca001,GrpDca,not-dsp,"the host owns the value outright — no DSP address, no kernel read (PW ruling 2026-08-30)",host-managed,,,Group DCA assignment (1-8 or off)
Grp002Dca001,GrpDca,not-dsp,"the host owns the value outright — no DSP address, no kernel read (PW ruling 2026-08-30)",host-managed,,,Group DCA assignment (1-8 or off)
Grp003Dca001,GrpDca,not-dsp,"the host owns the value outright — no DSP address, no kernel read (PW ruling 2026-08-30)",host-managed,,,Group DCA assignment (1-8 or off)
Grp004Dca001,GrpDca,not-dsp,"the host owns the value outright — no DSP address, no kernel read (PW ruling 2026-08-30)",host-managed,,,Group DCA assignment (1-8 or off)
Grp001DcaOn001,GrpDcaOn,not-dsp,"the host owns the value outright — no DSP address, no kernel read (PW ruling 2026-08-30)",host-managed,,,DCA follow on/off (assignment kept while off)
Grp002DcaOn001,GrpDcaOn,not-dsp,"the host owns the value outright — no DSP address, no kernel read (PW ruling 2026-08-30)",host-managed,,,DCA follow on/off (assignment kept while off)
Grp003DcaOn001,GrpDcaOn,not-dsp,"the host owns the value outright — no DSP address, no kernel read (PW ruling 2026-08-30)",host-managed,,,DCA follow on/off (assignment kept while off)
Grp004DcaOn001,GrpDcaOn,not-dsp,"the host owns the value outright — no DSP address, no kernel read (PW ruling 2026-08-30)",host-managed,,,DCA follow on/off (assignment kept while off)
Grp001Name001,GrpName,not-dsp,"text label; the host stores it, the DSP has no word for it",label,,,Group name
Grp002Name001,GrpName,not-dsp,"text label; the host stores it, the DSP has no word for it",label,,,Group name
Grp003Name001,GrpName,not-dsp,"text label; the host stores it, the DSP has no word for it",label,,,Group name
Grp004Name001,GrpName,not-dsp,"text label; the host stores it, the DSP has no word for it",label,,,Group name
MainCtr001Dca001,MainCtrDca,not-dsp,"the host owns the value outright — no DSP address, no kernel read (PW ruling 2026-08-30)",host-managed,,,Center output DCA assignment (1-8 or off)
MainCtr001DcaOn001,MainCtrDcaOn,not-dsp,"the host owns the value outright — no DSP address, no kernel read (PW ruling 2026-08-30)",host-managed,,,DCA follow on/off (assignment kept while off)
MainCtr001Name001,MainCtrName,not-dsp,"text label; the host stores it, the DSP has no word for it",label,,,Center output name
Main001CueSel001,MainCueSel,not-dsp,cue select; see Q5,control-plane,,,Main output cue/solo select
Main001Dca001,MainDca,not-dsp,"the host owns the value outright — no DSP address, no kernel read (PW ruling 2026-08-30)",host-managed,,,Main L/R DCA assignment (1-8 or off)
Main001DcaOn001,MainDcaOn,not-dsp,"the host owns the value outright — no DSP address, no kernel read (PW ruling 2026-08-30)",host-managed,,,DCA follow on/off (assignment kept while off)
MainL001Dca001,MainLDca,not-dsp,"the host owns the value outright — no DSP address, no kernel read (PW ruling 2026-08-30)",host-managed,,,Main L output DCA assignment (1-8 or off)
MainL001DcaOn001,MainLDcaOn,not-dsp,"the host owns the value outright — no DSP address, no kernel read (PW ruling 2026-08-30)",host-managed,,,DCA follow on/off (assignment kept while off)
MainL001Name001,MainLName,not-dsp,"text label; the host stores it, the DSP has no word for it",label,,,Main L output name
Main001Name001,MainName,not-dsp,"text label; the host stores it, the DSP has no word for it",label,,,Main L/R master name
MainR001Dca001,MainRDca,not-dsp,"the host owns the value outright — no DSP address, no kernel read (PW ruling 2026-08-30)",host-managed,,,Main R output DCA assignment (1-8 or off)
MainR001DcaOn001,MainRDcaOn,not-dsp,"the host owns the value outright — no DSP address, no kernel read (PW ruling 2026-08-30)",host-managed,,,DCA follow on/off (assignment kept while off)
MainR001Name001,MainRName,not-dsp,"text label; the host stores it, the DSP has no word for it",label,,,Main R output name
MainSub001Dca001,MainSubDca,not-dsp,"the host owns the value outright — no DSP address, no kernel read (PW ruling 2026-08-30)",host-managed,,,Subwoofer DCA assignment (1-8 or off)
MainSub001DcaOn001,MainSubDcaOn,not-dsp,"the host owns the value outright — no DSP address, no kernel read (PW ruling 2026-08-30)",host-managed,,,DCA follow on/off (assignment kept while off)
MainSub001Name001,MainSubName,not-dsp,"text label; the host stores it, the DSP has no word for it",label,,,Subwoofer name
Mute001On001,MuteOn,not-dsp,MCU-only cell family (mcu-only-prefixes.txt); no DSP address expected,mcu-only,,,Mute group 1-8 master on/off
Mute002On001,MuteOn,not-dsp,MCU-only cell family (mcu-only-prefixes.txt); no DSP address expected,mcu-only,,,Mute group 1-8 master on/off
Mute003On001,MuteOn,not-dsp,MCU-only cell family (mcu-only-prefixes.txt); no DSP address expected,mcu-only,,,Mute group 1-8 master on/off
Mute004On001,MuteOn,not-dsp,MCU-only cell family (mcu-only-prefixes.txt); no DSP address expected,mcu-only,,,Mute group 1-8 master on/off
Mute005On001,MuteOn,not-dsp,MCU-only cell family (mcu-only-prefixes.txt); no DSP address expected,mcu-only,,,Mute group 1-8 master on/off
Mute006On001,MuteOn,not-dsp,MCU-only cell family (mcu-only-prefixes.txt); no DSP address expected,mcu-only,,,Mute group 1-8 master on/off
Mute007On001,MuteOn,not-dsp,MCU-only cell family (mcu-only-prefixes.txt); no DSP address expected,mcu-only,,,Mute group 1-8 master on/off
Mute008On001,MuteOn,not-dsp,MCU-only cell family (mcu-only-prefixes.txt); no DSP address expected,mcu-only,,,Mute group 1-8 master on/off
Rec001Level001,RecLevel,not-dsp,MCU-only cell family (mcu-only-prefixes.txt); no DSP address expected,mcu-only,,,USB 2-track record level
Rec001Play001,RecPlay,not-dsp,MCU-only cell family (mcu-only-prefixes.txt); no DSP address expected,mcu-only,,,USB 2-track playback toggle
Rec001Rec001,RecRec,not-dsp,MCU-only cell family (mcu-only-prefixes.txt); no DSP address expected,mcu-only,,,USB 2-track record toggle
Rec001Src001,RecSrc,not-dsp,MCU-only cell family (mcu-only-prefixes.txt); no DSP address expected,mcu-only,,,USB 2-track source (L/R or A1-4)
Sys001AuxOnFdr001,SysAuxOnFdr,not-dsp,MCU-only cell family (mcu-only-prefixes.txt); no DSP address expected,mcu-only,,,Aux-on-faders mode toggle
Sys001BtnBright001,SysBtnBright,not-dsp,MCU-only cell family (mcu-only-prefixes.txt); no DSP address expected,mcu-only,,,Physical button LED brightness
Sys001Cue001,SysCue,not-dsp,MCU-only cell family (mcu-only-prefixes.txt); no DSP address expected,mcu-only,,,Cue/solo state per channel
Sys001Cue002,SysCue,not-dsp,MCU-only cell family (mcu-only-prefixes.txt); no DSP address expected,mcu-only,,,Cue/solo state per channel
Sys001Cue003,SysCue,not-dsp,MCU-only cell family (mcu-only-prefixes.txt); no DSP address expected,mcu-only,,,Cue/solo state per channel
Sys001Cue004,SysCue,not-dsp,MCU-only cell family (mcu-only-prefixes.txt); no DSP address expected,mcu-only,,,Cue/solo state per channel
Sys001Cue005,SysCue,not-dsp,MCU-only cell family (mcu-only-prefixes.txt); no DSP address expected,mcu-only,,,Cue/solo state per channel
Sys001Cue006,SysCue,not-dsp,MCU-only cell family (mcu-only-prefixes.txt); no DSP address expected,mcu-only,,,Cue/solo state per channel
Sys001Cue007,SysCue,not-dsp,MCU-only cell family (mcu-only-prefixes.txt); no DSP address expected,mcu-only,,,Cue/solo state per channel
Sys001Cue008,SysCue,not-dsp,MCU-only cell family (mcu-only-prefixes.txt); no DSP address expected,mcu-only,,,Cue/solo state per channel
Sys001Cue009,SysCue,not-dsp,MCU-only cell family (mcu-only-prefixes.txt); no DSP address expected,mcu-only,,,Cue/solo state per channel
Sys001Cue010,SysCue,not-dsp,MCU-only cell family (mcu-only-prefixes.txt); no DSP address expected,mcu-only,,,Cue/solo state per channel
Sys001Cue011,SysCue,not-dsp,MCU-only cell family (mcu-only-prefixes.txt); no DSP address expected,mcu-only,,,Cue/solo state per channel
Sys001Cue012,SysCue,not-dsp,MCU-only cell family (mcu-only-prefixes.txt); no DSP address expected,mcu-only,,,Cue/solo state per channel
Sys001Cue013,SysCue,not-dsp,MCU-only cell family (mcu-only-prefixes.txt); no DSP address expected,mcu-only,,,Cue/solo state per channel
Sys001Cue014,SysCue,not-dsp,MCU-only cell family (mcu-only-prefixes.txt); no DSP address expected,mcu-only,,,Cue/solo state per channel
Sys001Cue015,SysCue,not-dsp,MCU-only cell family (mcu-only-prefixes.txt); no DSP address expected,mcu-only,,,Cue/solo state per channel
Sys001Cue016,SysCue,not-dsp,MCU-only cell family (mcu-only-prefixes.txt); no DSP address expected,mcu-only,,,Cue/solo state per channel
Sys001Cue017,SysCue,not-dsp,MCU-only cell family (mcu-only-prefixes.txt); no DSP address expected,mcu-only,,,Cue/solo state per channel
Sys001Cue018,SysCue,not-dsp,MCU-only cell family (mcu-only-prefixes.txt); no DSP address expected,mcu-only,,,Cue/solo state per channel
Sys001Cue019,SysCue,not-dsp,MCU-only cell family (mcu-only-prefixes.txt); no DSP address expected,mcu-only,,,Cue/solo state per channel
Sys001Cue020,SysCue,not-dsp,MCU-only cell family (mcu-only-prefixes.txt); no DSP address expected,mcu-only,,,Cue/solo state per channel
Sys001Cue021,SysCue,not-dsp,MCU-only cell family (mcu-only-prefixes.txt); no DSP address expected,mcu-only,,,Cue/solo state per channel
Sys001Cue022,SysCue,not-dsp,MCU-only cell family (mcu-only-prefixes.txt); no DSP address expected,mcu-only,,,Cue/solo state per channel
Sys001Cue023,SysCue,not-dsp,MCU-only cell family (mcu-only-prefixes.txt); no DSP address expected,mcu-only,,,Cue/solo state per channel
Sys001Cue024,SysCue,not-dsp,MCU-only cell family (mcu-only-prefixes.txt); no DSP address expected,mcu-only,,,Cue/solo state per channel
Sys001Cue025,SysCue,not-dsp,MCU-only cell family (mcu-only-prefixes.txt); no DSP address expected,mcu-only,,,Cue/solo state per channel
Sys001Cue026,SysCue,not-dsp,MCU-only cell family (mcu-only-prefixes.txt); no DSP address expected,mcu-only,,,Cue/solo state per channel
Sys001Cue027,SysCue,not-dsp,MCU-only cell family (mcu-only-prefixes.txt); no DSP address expected,mcu-only,,,Cue/solo state per channel
Sys001Cue028,SysCue,not-dsp,MCU-only cell family (mcu-only-prefixes.txt); no DSP address expected,mcu-only,,,Cue/solo state per channel
Sys001Cue029,SysCue,not-dsp,MCU-only cell family (mcu-only-prefixes.txt); no DSP address expected,mcu-only,,,Cue/solo state per channel
Sys001Cue030,SysCue,not-dsp,MCU-only cell family (mcu-only-prefixes.txt); no DSP address expected,mcu-only,,,Cue/solo state per channel
Sys001Cue031,SysCue,not-dsp,MCU-only cell family (mcu-only-prefixes.txt); no DSP address expected,mcu-only,,,Cue/solo state per channel
Sys001Cue032,SysCue,not-dsp,MCU-only cell family (mcu-only-prefixes.txt); no DSP address expected,mcu-only,,,Cue/solo state per channel
Sys001Cue033,SysCue,not-dsp,MCU-only cell family (mcu-only-prefixes.txt); no DSP address expected,mcu-only,,,Cue/solo state per channel
Sys001Cue034,SysCue,not-dsp,MCU-only cell family (mcu-only-prefixes.txt); no DSP address expected,mcu-only,,,Cue/solo state per channel
Sys001Cue035,SysCue,not-dsp,MCU-only cell family (mcu-only-prefixes.txt); no DSP address expected,mcu-only,,,Cue/solo state per channel
Sys001Cue036,SysCue,not-dsp,MCU-only cell family (mcu-only-prefixes.txt); no DSP address expected,mcu-only,,,Cue/solo state per channel
Sys001Cue037,SysCue,not-dsp,MCU-only cell family (mcu-only-prefixes.txt); no DSP address expected,mcu-only,,,Cue/solo state per channel
Sys001Cue038,SysCue,not-dsp,MCU-only cell family (mcu-only-prefixes.txt); no DSP address expected,mcu-only,,,Cue/solo state per channel
Sys001Cue039,SysCue,not-dsp,MCU-only cell family (mcu-only-prefixes.txt); no DSP address expected,mcu-only,,,Cue/solo state per channel
Sys001Cue040,SysCue,not-dsp,MCU-only cell family (mcu-only-prefixes.txt); no DSP address expected,mcu-only,,,Cue/solo state per channel
Sys001Cue041,SysCue,not-dsp,MCU-only cell family (mcu-only-prefixes.txt); no DSP address expected,mcu-only,,,Cue/solo state per channel
Sys001Cue042,SysCue,not-dsp,MCU-only cell family (mcu-only-prefixes.txt); no DSP address expected,mcu-only,,,Cue/solo state per channel
Sys001Cue043,SysCue,not-dsp,MCU-only cell family (mcu-only-prefixes.txt); no DSP address expected,mcu-only,,,Cue/solo state per channel
Sys001Cue044,SysCue,not-dsp,MCU-only cell family (mcu-only-prefixes.txt); no DSP address expected,mcu-only,,,Cue/solo state per channel
Sys001Cue045,SysCue,not-dsp,MCU-only cell family (mcu-only-prefixes.txt); no DSP address expected,mcu-only,,,Cue/solo state per channel
Sys001Cue046,SysCue,not-dsp,MCU-only cell family (mcu-only-prefixes.txt); no DSP address expected,mcu-only,,,Cue/solo state per channel
Sys001Cue047,SysCue,not-dsp,MCU-only cell family (mcu-only-prefixes.txt); no DSP address expected,mcu-only,,,Cue/solo state per channel
Sys001Cue048,SysCue,not-dsp,MCU-only cell family (mcu-only-prefixes.txt); no DSP address expected,mcu-only,,,Cue/solo state per channel
Sys001Cue049,SysCue,not-dsp,MCU-only cell family (mcu-only-prefixes.txt); no DSP address expected,mcu-only,,,Cue/solo state per channel
Sys001Cue050,SysCue,not-dsp,MCU-only cell family (mcu-only-prefixes.txt); no DSP address expected,mcu-only,,,Cue/solo state per channel
Sys001Cue051,SysCue,not-dsp,MCU-only cell family (mcu-only-prefixes.txt); no DSP address expected,mcu-only,,,Cue/solo state per channel
Sys001Cue052,SysCue,not-dsp,MCU-only cell family (mcu-only-prefixes.txt); no DSP address expected,mcu-only,,,Cue/solo state per channel
Sys001Cue053,SysCue,not-dsp,MCU-only cell family (mcu-only-prefixes.txt); no DSP address expected,mcu-only,,,Cue/solo state per channel
Sys001Cue054,SysCue,not-dsp,MCU-only cell family (mcu-only-prefixes.txt); no DSP address expected,mcu-only,,,Cue/solo state per channel
Sys001Cue055,SysCue,not-dsp,MCU-only cell family (mcu-only-prefixes.txt); no DSP address expected,mcu-only,,,Cue/solo state per channel
Sys001Cue056,SysCue,not-dsp,MCU-only cell family (mcu-only-prefixes.txt); no DSP address expected,mcu-only,,,Cue/solo state per channel
Sys001Cue057,SysCue,not-dsp,MCU-only cell family (mcu-only-prefixes.txt); no DSP address expected,mcu-only,,,Cue/solo state per channel
Sys001Cue058,SysCue,not-dsp,MCU-only cell family (mcu-only-prefixes.txt); no DSP address expected,mcu-only,,,Cue/solo state per channel
Sys001Cue059,SysCue,not-dsp,MCU-only cell family (mcu-only-prefixes.txt); no DSP address expected,mcu-only,,,Cue/solo state per channel
Sys001Cue060,SysCue,not-dsp,MCU-only cell family (mcu-only-prefixes.txt); no DSP address expected,mcu-only,,,Cue/solo state per channel
Sys001Cue061,SysCue,not-dsp,MCU-only cell family (mcu-only-prefixes.txt); no DSP address expected,mcu-only,,,Cue/solo state per channel
Sys001Cue062,SysCue,not-dsp,MCU-only cell family (mcu-only-prefixes.txt); no DSP address expected,mcu-only,,,Cue/solo state per channel
Sys001Cue063,SysCue,not-dsp,MCU-only cell family (mcu-only-prefixes.txt); no DSP address expected,mcu-only,,,Cue/solo state per channel
Sys001Cue064,SysCue,not-dsp,MCU-only cell family (mcu-only-prefixes.txt); no DSP address expected,mcu-only,,,Cue/solo state per channel
Sys001CueMode001,SysCueMode,not-dsp,MCU-only cell family (mcu-only-prefixes.txt); no DSP address expected,mcu-only,,,Cue mode (PFL/AFL/SIP)
Sys001Def001,SysDef,not-dsp,MCU-only cell family (mcu-only-prefixes.txt); no DSP address expected,mcu-only,,,System default recall value
Sys001DynPlotMode001,SysDynPlotMode,not-dsp,MCU-only cell family (mcu-only-prefixes.txt); no DSP address expected,mcu-only,,,Dynamics plot overlay mode (0 fill / 1 dot / 2 fill+dot)
Sys001Enc001,SysEnc,not-dsp,MCU-only cell family (mcu-only-prefixes.txt); no DSP address expected,mcu-only,,,Rotary encoder sensitivity
Sys001FdrDown001,SysFdrDown,not-dsp,MCU-only cell family (mcu-only-prefixes.txt); no DSP address expected,mcu-only,,,Faders down (all faders to zero)
Sys001FootMode001,SysFootMode,not-dsp,MCU-only cell family (mcu-only-prefixes.txt); no DSP address expected,mcu-only,,,P1 foot pedal mode (FX/Scenes/MuteGrp)
Sys001Keys001,SysKeys,not-dsp,MCU-only cell family (mcu-only-prefixes.txt); no DSP address expected,mcu-only,,,Ascii keys
Sys001Keys002,SysKeys,not-dsp,MCU-only cell family (mcu-only-prefixes.txt); no DSP address expected,mcu-only,,,Ascii keys
Sys001Keys003,SysKeys,not-dsp,MCU-only cell family (mcu-only-prefixes.txt); no DSP address expected,mcu-only,,,Ascii keys
Sys001Keys004,SysKeys,not-dsp,MCU-only cell family (mcu-only-prefixes.txt); no DSP address expected,mcu-only,,,Ascii keys
Sys001Keys005,SysKeys,not-dsp,MCU-only cell family (mcu-only-prefixes.txt); no DSP address expected,mcu-only,,,Ascii keys
Sys001Keys006,SysKeys,not-dsp,MCU-only cell family (mcu-only-prefixes.txt); no DSP address expected,mcu-only,,,Ascii keys
Sys001Keys007,SysKeys,not-dsp,MCU-only cell family (mcu-only-prefixes.txt); no DSP address expected,mcu-only,,,Ascii keys
Sys001Keys008,SysKeys,not-dsp,MCU-only cell family (mcu-only-prefixes.txt); no DSP address expected,mcu-only,,,Ascii keys
Sys001Keys009,SysKeys,not-dsp,MCU-only cell family (mcu-only-prefixes.txt); no DSP address expected,mcu-only,,,Ascii keys
Sys001Keys010,SysKeys,not-dsp,MCU-only cell family (mcu-only-prefixes.txt); no DSP address expected,mcu-only,,,Ascii keys
Sys001Keys011,SysKeys,not-dsp,MCU-only cell family (mcu-only-prefixes.txt); no DSP address expected,mcu-only,,,Ascii keys
Sys001Keys012,SysKeys,not-dsp,MCU-only cell family (mcu-only-prefixes.txt); no DSP address expected,mcu-only,,,Ascii keys
Sys001Keys013,SysKeys,not-dsp,MCU-only cell family (mcu-only-prefixes.txt); no DSP address expected,mcu-only,,,Ascii keys
Sys001Keys014,SysKeys,not-dsp,MCU-only cell family (mcu-only-prefixes.txt); no DSP address expected,mcu-only,,,Ascii keys
Sys001Keys015,SysKeys,not-dsp,MCU-only cell family (mcu-only-prefixes.txt); no DSP address expected,mcu-only,,,Ascii keys
Sys001Keys016,SysKeys,not-dsp,MCU-only cell family (mcu-only-prefixes.txt); no DSP address expected,mcu-only,,,Ascii keys
Sys001Keys017,SysKeys,not-dsp,MCU-only cell family (mcu-only-prefixes.txt); no DSP address expected,mcu-only,,,Ascii keys
Sys001Keys018,SysKeys,not-dsp,MCU-only cell family (mcu-only-prefixes.txt); no DSP address expected,mcu-only,,,Ascii keys
Sys001Keys019,SysKeys,not-dsp,MCU-only cell family (mcu-only-prefixes.txt); no DSP address expected,mcu-only,,,Ascii keys
Sys001Keys020,SysKeys,not-dsp,MCU-only cell family (mcu-only-prefixes.txt); no DSP address expected,mcu-only,,,Ascii keys
Sys001Keys021,SysKeys,not-dsp,MCU-only cell family (mcu-only-prefixes.txt); no DSP address expected,mcu-only,,,Ascii keys
Sys001Keys022,SysKeys,not-dsp,MCU-only cell family (mcu-only-prefixes.txt); no DSP address expected,mcu-only,,,Ascii keys
Sys001Keys023,SysKeys,not-dsp,MCU-only cell family (mcu-only-prefixes.txt); no DSP address expected,mcu-only,,,Ascii keys
Sys001Keys024,SysKeys,not-dsp,MCU-only cell family (mcu-only-prefixes.txt); no DSP address expected,mcu-only,,,Ascii keys
Sys001Keys025,SysKeys,not-dsp,MCU-only cell family (mcu-only-prefixes.txt); no DSP address expected,mcu-only,,,Ascii keys
Sys001Keys026,SysKeys,not-dsp,MCU-only cell family (mcu-only-prefixes.txt); no DSP address expected,mcu-only,,,Ascii keys
Sys001Keys027,SysKeys,not-dsp,MCU-only cell family (mcu-only-prefixes.txt); no DSP address expected,mcu-only,,,Ascii keys
Sys001Keys028,SysKeys,not-dsp,MCU-only cell family (mcu-only-prefixes.txt); no DSP address expected,mcu-only,,,Ascii keys
Sys001Keys029,SysKeys,not-dsp,MCU-only cell family (mcu-only-prefixes.txt); no DSP address expected,mcu-only,,,Ascii keys
Sys001Keys030,SysKeys,not-dsp,MCU-only cell family (mcu-only-prefixes.txt); no DSP address expected,mcu-only,,,Ascii keys
Sys001Keys031,SysKeys,not-dsp,MCU-only cell family (mcu-only-prefixes.txt); no DSP address expected,mcu-only,,,Ascii keys
Sys001Keys032,SysKeys,not-dsp,MCU-only cell family (mcu-only-prefixes.txt); no DSP address expected,mcu-only,,,Ascii keys
Sys001Keys033,SysKeys,not-dsp,MCU-only cell family (mcu-only-prefixes.txt); no DSP address expected,mcu-only,,,Ascii keys
Sys001Keys034,SysKeys,not-dsp,MCU-only cell family (mcu-only-prefixes.txt); no DSP address expected,mcu-only,,,Ascii keys
Sys001Keys035,SysKeys,not-dsp,MCU-only cell family (mcu-only-prefixes.txt); no DSP address expected,mcu-only,,,Ascii keys
Sys001Keys036,SysKeys,not-dsp,MCU-only cell family (mcu-only-prefixes.txt); no DSP address expected,mcu-only,,,Ascii keys
Sys001Keys037,SysKeys,not-dsp,MCU-only cell family (mcu-only-prefixes.txt); no DSP address expected,mcu-only,,,Ascii keys
Sys001Keys038,SysKeys,not-dsp,MCU-only cell family (mcu-only-prefixes.txt); no DSP address expected,mcu-only,,,Ascii keys
Sys001Keys039,SysKeys,not-dsp,MCU-only cell family (mcu-only-prefixes.txt); no DSP address expected,mcu-only,,,Ascii keys
Sys001Keys040,SysKeys,not-dsp,MCU-only cell family (mcu-only-prefixes.txt); no DSP address expected,mcu-only,,,Ascii keys
Sys001Keys041,SysKeys,not-dsp,MCU-only cell family (mcu-only-prefixes.txt); no DSP address expected,mcu-only,,,Ascii keys
Sys001Keys042,SysKeys,not-dsp,MCU-only cell family (mcu-only-prefixes.txt); no DSP address expected,mcu-only,,,Ascii keys
Sys001Keys043,SysKeys,not-dsp,MCU-only cell family (mcu-only-prefixes.txt); no DSP address expected,mcu-only,,,Ascii keys
Sys001Keys044,SysKeys,not-dsp,MCU-only cell family (mcu-only-prefixes.txt); no DSP address expected,mcu-only,,,Ascii keys
Sys001Keys045,SysKeys,not-dsp,MCU-only cell family (mcu-only-prefixes.txt); no DSP address expected,mcu-only,,,Ascii keys
Sys001Keys046,SysKeys,not-dsp,MCU-only cell family (mcu-only-prefixes.txt); no DSP address expected,mcu-only,,,Ascii keys
Sys001Keys047,SysKeys,not-dsp,MCU-only cell family (mcu-only-prefixes.txt); no DSP address expected,mcu-only,,,Ascii keys
Sys001Keys048,SysKeys,not-dsp,MCU-only cell family (mcu-only-prefixes.txt); no DSP address expected,mcu-only,,,Ascii keys
Sys001Keys049,SysKeys,not-dsp,MCU-only cell family (mcu-only-prefixes.txt); no DSP address expected,mcu-only,,,Ascii keys
Sys001Keys050,SysKeys,not-dsp,MCU-only cell family (mcu-only-prefixes.txt); no DSP address expected,mcu-only,,,Ascii keys
Sys001Keys051,SysKeys,not-dsp,MCU-only cell family (mcu-only-prefixes.txt); no DSP address expected,mcu-only,,,Ascii keys
Sys001Keys052,SysKeys,not-dsp,MCU-only cell family (mcu-only-prefixes.txt); no DSP address expected,mcu-only,,,Ascii keys
Sys001Keys053,SysKeys,not-dsp,MCU-only cell family (mcu-only-prefixes.txt); no DSP address expected,mcu-only,,,Ascii keys
Sys001Keys054,SysKeys,not-dsp,MCU-only cell family (mcu-only-prefixes.txt); no DSP address expected,mcu-only,,,Ascii keys
Sys001Keys055,SysKeys,not-dsp,MCU-only cell family (mcu-only-prefixes.txt); no DSP address expected,mcu-only,,,Ascii keys
Sys001Keys056,SysKeys,not-dsp,MCU-only cell family (mcu-only-prefixes.txt); no DSP address expected,mcu-only,,,Ascii keys
Sys001Keys057,SysKeys,not-dsp,MCU-only cell family (mcu-only-prefixes.txt); no DSP address expected,mcu-only,,,Ascii keys
Sys001Keys058,SysKeys,not-dsp,MCU-only cell family (mcu-only-prefixes.txt); no DSP address expected,mcu-only,,,Ascii keys
Sys001Keys059,SysKeys,not-dsp,MCU-only cell family (mcu-only-prefixes.txt); no DSP address expected,mcu-only,,,Ascii keys
Sys001Keys060,SysKeys,not-dsp,MCU-only cell family (mcu-only-prefixes.txt); no DSP address expected,mcu-only,,,Ascii keys
Sys001Keys061,SysKeys,not-dsp,MCU-only cell family (mcu-only-prefixes.txt); no DSP address expected,mcu-only,,,Ascii keys
Sys001Keys062,SysKeys,not-dsp,MCU-only cell family (mcu-only-prefixes.txt); no DSP address expected,mcu-only,,,Ascii keys
Sys001Keys063,SysKeys,not-dsp,MCU-only cell family (mcu-only-prefixes.txt); no DSP address expected,mcu-only,,,Ascii keys
Sys001Keys064,SysKeys,not-dsp,MCU-only cell family (mcu-only-prefixes.txt); no DSP address expected,mcu-only,,,Ascii keys
Sys001Keys065,SysKeys,not-dsp,MCU-only cell family (mcu-only-prefixes.txt); no DSP address expected,mcu-only,,,Ascii keys
Sys001Keys066,SysKeys,not-dsp,MCU-only cell family (mcu-only-prefixes.txt); no DSP address expected,mcu-only,,,Ascii keys
Sys001Keys067,SysKeys,not-dsp,MCU-only cell family (mcu-only-prefixes.txt); no DSP address expected,mcu-only,,,Ascii keys
Sys001Keys068,SysKeys,not-dsp,MCU-only cell family (mcu-only-prefixes.txt); no DSP address expected,mcu-only,,,Ascii keys
Sys001Keys069,SysKeys,not-dsp,MCU-only cell family (mcu-only-prefixes.txt); no DSP address expected,mcu-only,,,Ascii keys
Sys001Keys070,SysKeys,not-dsp,MCU-only cell family (mcu-only-prefixes.txt); no DSP address expected,mcu-only,,,Ascii keys
Sys001Keys071,SysKeys,not-dsp,MCU-only cell family (mcu-only-prefixes.txt); no DSP address expected,mcu-only,,,Ascii keys
Sys001Keys072,SysKeys,not-dsp,MCU-only cell family (mcu-only-prefixes.txt); no DSP address expected,mcu-only,,,Ascii keys
Sys001Keys073,SysKeys,not-dsp,MCU-only cell family (mcu-only-prefixes.txt); no DSP address expected,mcu-only,,,Ascii keys
Sys001Keys074,SysKeys,not-dsp,MCU-only cell family (mcu-only-prefixes.txt); no DSP address expected,mcu-only,,,Ascii keys
Sys001Keys075,SysKeys,not-dsp,MCU-only cell family (mcu-only-prefixes.txt); no DSP address expected,mcu-only,,,Ascii keys
Sys001Keys076,SysKeys,not-dsp,MCU-only cell family (mcu-only-prefixes.txt); no DSP address expected,mcu-only,,,Ascii keys
Sys001Keys077,SysKeys,not-dsp,MCU-only cell family (mcu-only-prefixes.txt); no DSP address expected,mcu-only,,,Ascii keys
Sys001Keys078,SysKeys,not-dsp,MCU-only cell family (mcu-only-prefixes.txt); no DSP address expected,mcu-only,,,Ascii keys
Sys001Keys079,SysKeys,not-dsp,MCU-only cell family (mcu-only-prefixes.txt); no DSP address expected,mcu-only,,,Ascii keys
Sys001Keys080,SysKeys,not-dsp,MCU-only cell family (mcu-only-prefixes.txt); no DSP address expected,mcu-only,,,Ascii keys
Sys001Keys081,SysKeys,not-dsp,MCU-only cell family (mcu-only-prefixes.txt); no DSP address expected,mcu-only,,,Ascii keys
Sys001Keys082,SysKeys,not-dsp,MCU-only cell family (mcu-only-prefixes.txt); no DSP address expected,mcu-only,,,Ascii keys
Sys001Keys083,SysKeys,not-dsp,MCU-only cell family (mcu-only-prefixes.txt); no DSP address expected,mcu-only,,,Ascii keys
Sys001Keys084,SysKeys,not-dsp,MCU-only cell family (mcu-only-prefixes.txt); no DSP address expected,mcu-only,,,Ascii keys
Sys001Keys085,SysKeys,not-dsp,MCU-only cell family (mcu-only-prefixes.txt); no DSP address expected,mcu-only,,,Ascii keys
Sys001Keys086,SysKeys,not-dsp,MCU-only cell family (mcu-only-prefixes.txt); no DSP address expected,mcu-only,,,Ascii keys
Sys001Keys087,SysKeys,not-dsp,MCU-only cell family (mcu-only-prefixes.txt); no DSP address expected,mcu-only,,,Ascii keys
Sys001Keys088,SysKeys,not-dsp,MCU-only cell family (mcu-only-prefixes.txt); no DSP address expected,mcu-only,,,Ascii keys
Sys001Keys089,SysKeys,not-dsp,MCU-only cell family (mcu-only-prefixes.txt); no DSP address expected,mcu-only,,,Ascii keys
Sys001Keys090,SysKeys,not-dsp,MCU-only cell family (mcu-only-prefixes.txt); no DSP address expected,mcu-only,,,Ascii keys
Sys001Keys091,SysKeys,not-dsp,MCU-only cell family (mcu-only-prefixes.txt); no DSP address expected,mcu-only,,,Ascii keys
Sys001Keys092,SysKeys,not-dsp,MCU-only cell family (mcu-only-prefixes.txt); no DSP address expected,mcu-only,,,Ascii keys
Sys001Keys093,SysKeys,not-dsp,MCU-only cell family (mcu-only-prefixes.txt); no DSP address expected,mcu-only,,,Ascii keys
Sys001Keys094,SysKeys,not-dsp,MCU-only cell family (mcu-only-prefixes.txt); no DSP address expected,mcu-only,,,Ascii keys
Sys001Keys095,SysKeys,not-dsp,MCU-only cell family (mcu-only-prefixes.txt); no DSP address expected,mcu-only,,,Ascii keys
Sys001Keys096,SysKeys,not-dsp,MCU-only cell family (mcu-only-prefixes.txt); no DSP address expected,mcu-only,,,Ascii keys
Sys001Keys097,SysKeys,not-dsp,MCU-only cell family (mcu-only-prefixes.txt); no DSP address expected,mcu-only,,,Ascii keys
Sys001Keys098,SysKeys,not-dsp,MCU-only cell family (mcu-only-prefixes.txt); no DSP address expected,mcu-only,,,Ascii keys
Sys001Keys099,SysKeys,not-dsp,MCU-only cell family (mcu-only-prefixes.txt); no DSP address expected,mcu-only,,,Ascii keys
Sys001Keys100,SysKeys,not-dsp,MCU-only cell family (mcu-only-prefixes.txt); no DSP address expected,mcu-only,,,Ascii keys
Sys001Keys101,SysKeys,not-dsp,MCU-only cell family (mcu-only-prefixes.txt); no DSP address expected,mcu-only,,,Ascii keys
Sys001Keys102,SysKeys,not-dsp,MCU-only cell family (mcu-only-prefixes.txt); no DSP address expected,mcu-only,,,Ascii keys
Sys001Keys103,SysKeys,not-dsp,MCU-only cell family (mcu-only-prefixes.txt); no DSP address expected,mcu-only,,,Ascii keys
Sys001Keys104,SysKeys,not-dsp,MCU-only cell family (mcu-only-prefixes.txt); no DSP address expected,mcu-only,,,Ascii keys
Sys001Keys105,SysKeys,not-dsp,MCU-only cell family (mcu-only-prefixes.txt); no DSP address expected,mcu-only,,,Ascii keys
Sys001Keys106,SysKeys,not-dsp,MCU-only cell family (mcu-only-prefixes.txt); no DSP address expected,mcu-only,,,Ascii keys
Sys001Keys107,SysKeys,not-dsp,MCU-only cell family (mcu-only-prefixes.txt); no DSP address expected,mcu-only,,,Ascii keys
Sys001Keys108,SysKeys,not-dsp,MCU-only cell family (mcu-only-prefixes.txt); no DSP address expected,mcu-only,,,Ascii keys
Sys001Keys109,SysKeys,not-dsp,MCU-only cell family (mcu-only-prefixes.txt); no DSP address expected,mcu-only,,,Ascii keys
Sys001Keys110,SysKeys,not-dsp,MCU-only cell family (mcu-only-prefixes.txt); no DSP address expected,mcu-only,,,Ascii keys
Sys001Keys111,SysKeys,not-dsp,MCU-only cell family (mcu-only-prefixes.txt); no DSP address expected,mcu-only,,,Ascii keys
Sys001Keys112,SysKeys,not-dsp,MCU-only cell family (mcu-only-prefixes.txt); no DSP address expected,mcu-only,,,Ascii keys
Sys001Keys113,SysKeys,not-dsp,MCU-only cell family (mcu-only-prefixes.txt); no DSP address expected,mcu-only,,,Ascii keys
Sys001Keys114,SysKeys,not-dsp,MCU-only cell family (mcu-only-prefixes.txt); no DSP address expected,mcu-only,,,Ascii keys
Sys001Keys115,SysKeys,not-dsp,MCU-only cell family (mcu-only-prefixes.txt); no DSP address expected,mcu-only,,,Ascii keys
Sys001Keys116,SysKeys,not-dsp,MCU-only cell family (mcu-only-prefixes.txt); no DSP address expected,mcu-only,,,Ascii keys
Sys001Keys117,SysKeys,not-dsp,MCU-only cell family (mcu-only-prefixes.txt); no DSP address expected,mcu-only,,,Ascii keys
Sys001Keys118,SysKeys,not-dsp,MCU-only cell family (mcu-only-prefixes.txt); no DSP address expected,mcu-only,,,Ascii keys
Sys001Keys119,SysKeys,not-dsp,MCU-only cell family (mcu-only-prefixes.txt); no DSP address expected,mcu-only,,,Ascii keys
Sys001Keys120,SysKeys,not-dsp,MCU-only cell family (mcu-only-prefixes.txt); no DSP address expected,mcu-only,,,Ascii keys
Sys001Keys121,SysKeys,not-dsp,MCU-only cell family (mcu-only-prefixes.txt); no DSP address expected,mcu-only,,,Ascii keys
Sys001Keys122,SysKeys,not-dsp,MCU-only cell family (mcu-only-prefixes.txt); no DSP address expected,mcu-only,,,Ascii keys
Sys001Keys123,SysKeys,not-dsp,MCU-only cell family (mcu-only-prefixes.txt); no DSP address expected,mcu-only,,,Ascii keys
Sys001Keys124,SysKeys,not-dsp,MCU-only cell family (mcu-only-prefixes.txt); no DSP address expected,mcu-only,,,Ascii keys
Sys001Keys125,SysKeys,not-dsp,MCU-only cell family (mcu-only-prefixes.txt); no DSP address expected,mcu-only,,,Ascii keys
Sys001Keys126,SysKeys,not-dsp,MCU-only cell family (mcu-only-prefixes.txt); no DSP address expected,mcu-only,,,Ascii keys
Sys001Keys127,SysKeys,not-dsp,MCU-only cell family (mcu-only-prefixes.txt); no DSP address expected,mcu-only,,,Ascii keys
Sys001LCR001,SysLCR,not-dsp,MCU-only cell family (mcu-only-prefixes.txt); no DSP address expected,mcu-only,,,L/C/R encoder-context buttons
Sys001Lock001,SysLock,not-dsp,MCU-only cell family (mcu-only-prefixes.txt); no DSP address expected,mcu-only,,,Lock mixer (faders only mode)
Sys001Man001,SysMan,not-dsp,MCU-only cell family (mcu-only-prefixes.txt); no DSP address expected,mcu-only,,,User manual open/close SW button
Sys001MtrSrc001,SysMtrSrc,not-dsp,MCU-only cell family (mcu-only-prefixes.txt); no DSP address expected,mcu-only,,,Meter source (pre/post fader)
Sys001MxMode001,SysMxMode,not-dsp,MCU-only cell family (mcu-only-prefixes.txt); no DSP address expected,mcu-only,,,Mixer mode (Standard/Simple)
Sys001OptMix001,SysOptMix,not-dsp,MCU-only cell family (mcu-only-prefixes.txt); no DSP address expected,mcu-only,,,Optional mix select (1/2/3)
Sys001Reg001,SysReg,not-dsp,MCU-only cell family (mcu-only-prefixes.txt); no DSP address expected,mcu-only,,,Registration steps
Sys001Reg002,SysReg,not-dsp,MCU-only cell family (mcu-only-prefixes.txt); no DSP address expected,mcu-only,,,Registration steps
Sys001Reg003,SysReg,not-dsp,MCU-only cell family (mcu-only-prefixes.txt); no DSP address expected,mcu-only,,,Registration steps
Sys001Reg004,SysReg,not-dsp,MCU-only cell family (mcu-only-prefixes.txt); no DSP address expected,mcu-only,,,Registration steps
Sys001Reg005,SysReg,not-dsp,MCU-only cell family (mcu-only-prefixes.txt); no DSP address expected,mcu-only,,,Registration steps
Sys001Reg006,SysReg,not-dsp,MCU-only cell family (mcu-only-prefixes.txt); no DSP address expected,mcu-only,,,Registration steps
Sys001Reg007,SysReg,not-dsp,MCU-only cell family (mcu-only-prefixes.txt); no DSP address expected,mcu-only,,,Registration steps
Sys001Reg008,SysReg,not-dsp,MCU-only cell family (mcu-only-prefixes.txt); no DSP address expected,mcu-only,,,Registration steps
Sys001Reg009,SysReg,not-dsp,MCU-only cell family (mcu-only-prefixes.txt); no DSP address expected,mcu-only,,,Registration steps
Sys001Reg010,SysReg,not-dsp,MCU-only cell family (mcu-only-prefixes.txt); no DSP address expected,mcu-only,,,Registration steps
Sys001Reset001,SysReset,not-dsp,MCU-only cell family (mcu-only-prefixes.txt); no DSP address expected,mcu-only,,,Mixer reset trigger (full/names-keep/audio-only)
Sys001Scene001,SysScene,not-dsp,MCU-only cell family (mcu-only-prefixes.txt); no DSP address expected,mcu-only,,,Current scene recall index
Sys001SceneSafe001,SysSceneSafe,not-dsp,MCU-only cell family (mcu-only-prefixes.txt); no DSP address expected,mcu-only,,,Per-channel scene safe on/off
Sys001SceneSafe002,SysSceneSafe,not-dsp,MCU-only cell family (mcu-only-prefixes.txt); no DSP address expected,mcu-only,,,Per-channel scene safe on/off
Sys001SceneSafe003,SysSceneSafe,not-dsp,MCU-only cell family (mcu-only-prefixes.txt); no DSP address expected,mcu-only,,,Per-channel scene safe on/off
Sys001SceneSafe004,SysSceneSafe,not-dsp,MCU-only cell family (mcu-only-prefixes.txt); no DSP address expected,mcu-only,,,Per-channel scene safe on/off
Sys001SceneSafe005,SysSceneSafe,not-dsp,MCU-only cell family (mcu-only-prefixes.txt); no DSP address expected,mcu-only,,,Per-channel scene safe on/off
Sys001SceneSafe006,SysSceneSafe,not-dsp,MCU-only cell family (mcu-only-prefixes.txt); no DSP address expected,mcu-only,,,Per-channel scene safe on/off
Sys001SceneSafe007,SysSceneSafe,not-dsp,MCU-only cell family (mcu-only-prefixes.txt); no DSP address expected,mcu-only,,,Per-channel scene safe on/off
Sys001SceneSafe008,SysSceneSafe,not-dsp,MCU-only cell family (mcu-only-prefixes.txt); no DSP address expected,mcu-only,,,Per-channel scene safe on/off
Sys001SceneSafe009,SysSceneSafe,not-dsp,MCU-only cell family (mcu-only-prefixes.txt); no DSP address expected,mcu-only,,,Per-channel scene safe on/off
Sys001SceneSafe010,SysSceneSafe,not-dsp,MCU-only cell family (mcu-only-prefixes.txt); no DSP address expected,mcu-only,,,Per-channel scene safe on/off
Sys001SceneSafe011,SysSceneSafe,not-dsp,MCU-only cell family (mcu-only-prefixes.txt); no DSP address expected,mcu-only,,,Per-channel scene safe on/off
Sys001SceneSafe012,SysSceneSafe,not-dsp,MCU-only cell family (mcu-only-prefixes.txt); no DSP address expected,mcu-only,,,Per-channel scene safe on/off
Sys001SceneSafe013,SysSceneSafe,not-dsp,MCU-only cell family (mcu-only-prefixes.txt); no DSP address expected,mcu-only,,,Per-channel scene safe on/off
Sys001SceneSafe014,SysSceneSafe,not-dsp,MCU-only cell family (mcu-only-prefixes.txt); no DSP address expected,mcu-only,,,Per-channel scene safe on/off
Sys001SceneSafe015,SysSceneSafe,not-dsp,MCU-only cell family (mcu-only-prefixes.txt); no DSP address expected,mcu-only,,,Per-channel scene safe on/off
Sys001SceneSafe016,SysSceneSafe,not-dsp,MCU-only cell family (mcu-only-prefixes.txt); no DSP address expected,mcu-only,,,Per-channel scene safe on/off
Sys001SceneSafe017,SysSceneSafe,not-dsp,MCU-only cell family (mcu-only-prefixes.txt); no DSP address expected,mcu-only,,,Per-channel scene safe on/off
Sys001SceneSafe018,SysSceneSafe,not-dsp,MCU-only cell family (mcu-only-prefixes.txt); no DSP address expected,mcu-only,,,Per-channel scene safe on/off
Sys001SceneSafe019,SysSceneSafe,not-dsp,MCU-only cell family (mcu-only-prefixes.txt); no DSP address expected,mcu-only,,,Per-channel scene safe on/off
Sys001SceneSafe020,SysSceneSafe,not-dsp,MCU-only cell family (mcu-only-prefixes.txt); no DSP address expected,mcu-only,,,Per-channel scene safe on/off
Sys001SceneSafe021,SysSceneSafe,not-dsp,MCU-only cell family (mcu-only-prefixes.txt); no DSP address expected,mcu-only,,,Per-channel scene safe on/off
Sys001SceneSafe022,SysSceneSafe,not-dsp,MCU-only cell family (mcu-only-prefixes.txt); no DSP address expected,mcu-only,,,Per-channel scene safe on/off
Sys001SceneSafe023,SysSceneSafe,not-dsp,MCU-only cell family (mcu-only-prefixes.txt); no DSP address expected,mcu-only,,,Per-channel scene safe on/off
Sys001SceneSafe024,SysSceneSafe,not-dsp,MCU-only cell family (mcu-only-prefixes.txt); no DSP address expected,mcu-only,,,Per-channel scene safe on/off
Sys001ScrBright001,SysScrBright,not-dsp,MCU-only cell family (mcu-only-prefixes.txt); no DSP address expected,mcu-only,,,Touchscreen brightness
Sys001SelectedAux001,SysSelectedAux,not-dsp,MCU-only cell family (mcu-only-prefixes.txt); no DSP address expected,mcu-only,,,Selected aux for rebindable skins
Sys001SelectedChan001,SysSelectedChan,not-dsp,MCU-only cell family (mcu-only-prefixes.txt); no DSP address expected,mcu-only,,,Selected channel for rebindable skins
Sys001Skin001,SysSkin,not-dsp,MCU-only cell family (mcu-only-prefixes.txt); no DSP address expected,mcu-only,,,Current skin/theme selection
Sys001SwUpd001,SysSwUpd,not-dsp,MCU-only cell family (mcu-only-prefixes.txt); no DSP address expected,mcu-only,,,Software updater open/close SW button
Sys001Test001,SysTest,not-dsp,MCU-only cell family (mcu-only-prefixes.txt); no DSP address expected,mcu-only,,,System test signal output
Sys001Test002,SysTest,not-dsp,MCU-only cell family (mcu-only-prefixes.txt); no DSP address expected,mcu-only,,,System test signal output
Matrix001Name001,MatrixName,shelved-matrix,"text label; the host stores it, the DSP has no word for it",label,,,Matrix output name
Matrix002Name001,MatrixName,shelved-matrix,"text label; the host stores it, the DSP has no word for it",label,,,Matrix output name
